time,queue_N,queue_S,queue_E,queue_W,queue_total,phase,phase_switches
1.0,0,0,0,0,0,0,0
2.0,0,0,0,0,0,0,0
3.0,0,0,0,0,0,0,0
4.0,0,0,0,0,0,0,0
5.0,0,0,0,0,0,0,0
6.0,0,0,0,0,0,0,0
7.0,0,0,0,0,0,0,0
8.0,0,0,0,0,0,0,0
9.0,0,0,0,1,1,0,0
10.0,0,0,1,0,1,0,0
11.0,0,0,0,0,0,0,0
12.0,0,0,0,1,1,0,0
13.0,0,0,0,0,0,0,1
14.0,0,0,1,0,1,0,1
15.0,0,0,0,0,0,0,1
16.0,0,0,0,0,0,0,1
17.0,0,0,0,0,0,0,1
18.0,0,0,0,0,0,0,1
19.0,0,0,0,1,1,0,1
20.0,0,0,0,0,0,0,1
21.0,0,0,0,0,0,0,1
22.0,0,0,0,0,0,0,1
23.0,0,0,0,0,0,0,1
24.0,0,0,0,0,0,0,1
25.0,0,0,0,0,0,0,1
26.0,0,0,0,0,0,0,1
27.0,0,0,0,0,0,0,1
28.0,0,0,0,0,0,0,1
29.0,0,0,0,0,0,0,1
30.0,0,0,0,0,0,0,1
31.0,0,0,0,1,1,0,1
32.0,0,0,0,0,0,0,1
33.0,0,0,0,0,0,0,1
34.0,0,0,0,0,0,0,1
35.0,0,0,0,0,0,0,1
36.0,0,1,0,0,1,0,1
37.0,1,0,0,0,1,0,1
38.0,0,0,0,0,0,0,1
39.0,0,0,0,0,0,0,1
40.0,0,0,0,0,0,0,1
41.0,0,0,0,0,0,0,1
42.0,0,0,0,0,0,0,1
43.0,0,0,0,0,0,0,1
44.0,0,0,0,0,0,0,1
45.0,0,0,0,0,0,0,1
46.0,0,0,0,0,0,0,1
47.0,0,0,0,0,0,0,1
48.0,0,1,0,0,1,0,1
49.0,0,1,0,0,1,0,1
50.0,0,1,0,0,1,0,1
51.0,0,1,0,0,1,0,1
52.0,0,1,0,0,1,0,1
53.0,0,1,0,0,1,0,2
54.0,0,0,0,0,0,0,2
55.0,0,0,0,0,0,0,2
56.0,0,0,0,0,0,0,2
57.0,0,0,0,0,0,0,2
58.0,0,0,0,0,0,0,2
59.0,0,0,0,0,0,0,2
60.0,0,0,0,0,0,0,2
61.0,0,0,1,0,1,0,2
62.0,0,0,1,0,1,0,2
63.0,1,0,1,0,2,0,3
64.0,1,0,0,0,1,0,3
65.0,1,0,0,0,1,0,3
66.0,1,0,0,0,1,0,3
67.0,1,0,0,0,1,0,3
68.0,1,0,0,0,1,0,3
69.0,2,0,0,0,2,0,3
70.0,1,0,0,0,1,0,3
71.0,1,0,0,0,1,0,3
72.0,1,0,0,0,1,0,3
73.0,1,0,0,0,1,0,4
74.0,0,0,0,0,0,0,4
75.0,0,1,0,0,1,0,4
76.0,0,1,0,0,1,0,4
77.0,0,1,0,0,1,0,4
78.0,0,1,0,0,1,0,4
79.0,0,1,0,0,1,0,4
80.0,0,1,1,0,2,0,4
81.0,0,1,0,0,1,0,4
82.0,0,1,0,0,1,0,4
83.0,0,1,0,0,1,0,5
84.0,0,1,0,0,1,0,5
85.0,0,1,0,0,1,0,5
86.0,0,1,0,0,1,0,5
87.0,0,1,0,0,1,0,5
88.0,0,1,0,0,1,0,5
89.0,0,1,0,0,1,0,5
90.0,0,1,0,0,1,0,5
91.0,1,1,0,0,2,0,5
92.0,1,1,0,0,2,0,5
93.0,1,1,0,0,2,0,6
94.0,1,0,0,0,1,0,6
95.0,1,0,0,0,1,0,6
96.0,1,0,0,0,1,0,6
97.0,1,0,0,0,1,0,6
98.0,1,0,0,0,1,0,6
99.0,1,0,0,0,1,0,6
100.0,1,0,0,0,1,0,6
101.0,1,0,0,0,1,0,6
102.0,1,0,0,0,1,0,6
103.0,1,0,1,0,2,0,7
104.0,1,0,0,0,1,0,7
105.0,1,0,0,0,1,0,7
106.0,1,0,0,0,1,0,7
107.0,1,0,0,0,1,0,7
108.0,1,0,0,0,1,0,7
109.0,1,0,0,0,1,0,7
110.0,1,0,0,0,1,0,7
111.0,1,0,0,0,1,0,7
112.0,1,0,0,0,1,0,7
113.0,1,0,0,0,1,0,7
114.0,1,0,0,0,1,0,7
115.0,1,0,0,0,1,0,7
116.0,1,0,0,0,1,0,7
117.0,1,1,0,0,2,0,7
118.0,1,0,0,0,1,0,8
119.0,0,0,0,0,0,0,8
120.0,0,0,1,0,1,0,8
121.0,0,0,1,0,1,0,8
122.0,0,0,1,0,1,0,8
123.0,0,0,1,0,1,0,8
124.0,0,0,1,0,1,0,8
125.0,0,0,2,0,2,0,8
126.0,0,0,1,0,1,0,8
127.0,0,0,1,0,1,0,8
128.0,1,1,1,0,3,0,9
129.0,0,1,0,0,1,0,9
130.0,0,1,0,0,1,0,9
131.0,0,1,0,0,1,0,9
132.0,0,1,1,0,2,0,9
133.0,0,1,0,0,1,0,9
134.0,0,1,0,0,1,0,9
135.0,0,1,0,0,1,0,9
136.0,0,1,0,0,1,0,9
137.0,0,1,0,0,1,0,9
138.0,0,1,0,0,1,0,10
139.0,0,0,0,0,0,0,10
140.0,0,0,0,0,0,0,10
141.0,0,0,0,0,0,0,10
142.0,0,0,0,0,0,0,10
143.0,0,0,0,0,0,0,10
144.0,0,0,0,0,0,0,10
145.0,0,0,0,0,0,0,10
146.0,0,0,0,0,0,0,10
147.0,0,0,0,0,0,0,10
148.0,0,0,0,0,0,0,11
149.0,1,0,0,0,1,0,11
150.0,1,0,0,1,2,0,11
151.0,1,0,0,0,1,0,11
152.0,1,0,0,0,1,0,11
153.0,1,0,0,0,1,0,11
154.0,1,0,0,0,1,0,11
155.0,1,0,0,0,1,0,11
156.0,1,0,0,0,1,0,11
157.0,1,0,0,0,1,0,11
158.0,1,0,0,0,1,0,11
159.0,1,1,0,0,2,0,11
160.0,1,0,0,0,1,0,11
161.0,1,0,0,0,1,0,11
162.0,2,1,0,0,3,0,11
163.0,1,0,0,0,1,0,12
164.0,0,0,0,0,0,0,12
165.0,0,0,0,0,0,0,12
166.0,0,0,0,0,0,0,12
167.0,0,0,0,0,0,0,12
168.0,0,0,0,0,0,0,12
169.0,0,0,0,0,0,0,12
170.0,0,0,0,0,0,0,12
171.0,0,0,0,0,0,0,12
172.0,0,1,0,0,1,0,12
173.0,0,1,0,0,1,0,13
174.0,0,0,0,0,0,0,13
175.0,0,0,0,0,0,0,13
176.0,0,0,0,0,0,0,13
177.0,0,0,0,0,0,0,13
178.0,0,0,0,0,0,0,13
179.0,0,0,0,0,0,0,13
180.0,0,0,0,0,0,0,13
181.0,0,0,0,0,0,0,13
182.0,0,0,0,1,1,0,13
183.0,0,0,0,0,0,0,14
184.0,0,0,0,0,0,0,14
185.0,0,0,0,0,0,0,14
186.0,0,0,0,0,0,0,14
187.0,0,0,0,0,0,0,14
188.0,0,0,0,0,0,0,14
189.0,0,0,0,0,0,0,14
190.0,0,0,0,0,0,0,14
191.0,0,0,0,1,1,0,14
192.0,0,0,0,0,0,0,14
193.0,0,0,0,0,0,0,14
194.0,0,0,0,0,0,0,14
195.0,0,0,0,0,0,0,14
196.0,0,0,0,0,0,0,14
197.0,0,1,0,0,1,0,14
198.0,0,0,0,0,0,0,14
199.0,0,0,0,0,0,0,14
200.0,0,0,0,0,0,0,14
201.0,0,0,0,0,0,0,14
202.0,0,0,0,0,0,0,14
203.0,0,0,0,0,0,0,15
204.0,0,0,0,0,0,0,15
205.0,0,0,0,0,0,0,15
206.0,0,0,0,0,0,0,15
207.0,0,0,0,0,0,0,15
208.0,0,0,0,0,0,0,15
209.0,0,0,0,0,0,0,15
210.0,0,0,0,0,0,0,15
211.0,0,0,0,0,0,0,15
212.0,0,0,0,0,0,0,15
213.0,0,0,0,0,0,0,16
214.0,0,0,0,0,0,0,16
215.0,0,0,0,0,0,0,16
216.0,0,0,0,0,0,0,16
217.0,0,0,0,0,0,0,16
218.0,0,0,0,0,0,0,16
219.0,0,0,0,0,0,0,16
220.0,0,0,0,1,1,0,16
221.0,0,0,0,0,0,0,16
222.0,0,0,0,0,0,0,16
223.0,0,0,0,0,0,0,16
224.0,0,0,0,0,0,0,16
225.0,0,0,0,0,0,0,16
226.0,0,0,0,0,0,0,16
227.0,0,0,0,0,0,0,16
228.0,0,0,0,0,0,0,16
229.0,0,0,0,0,0,0,16
230.0,0,0,0,0,0,0,16
231.0,0,0,0,0,0,0,16
232.0,0,0,0,0,0,0,16
233.0,0,0,0,0,0,0,16
234.0,0,0,0,0,0,0,16
235.0,0,0,0,0,0,0,16
236.0,0,0,0,0,0,0,16
237.0,0,0,0,0,0,0,16
238.0,0,0,0,0,0,0,16
239.0,0,1,0,0,1,0,16
240.0,0,1,0,1,2,0,16
241.0,0,1,0,0,1,0,16
242.0,0,1,0,0,1,0,16
243.0,0,1,0,0,1,0,16
244.0,0,1,0,0,1,0,16
245.0,0,1,0,0,1,0,16
246.0,0,1,0,0,1,0,16
247.0,0,2,0,0,2,0,16
248.0,0,1,0,0,1,0,16
249.0,0,1,0,0,1,0,16
250.0,0,1,0,0,1,0,16
251.0,0,2,0,0,2,0,16
252.0,0,2,0,0,2,0,16
253.0,0,2,0,0,2,0,17
254.0,1,0,0,0,1,0,17
255.0,0,0,0,0,0,0,17
256.0,0,0,0,0,0,0,17
257.0,0,0,0,0,0,0,17
258.0,0,1,0,0,1,0,17
259.0,0,1,0,0,1,0,17
260.0,0,2,0,0,2,0,17
261.0,0,1,0,0,1,0,17
262.0,0,1,0,0,1,0,17
263.0,0,1,0,1,2,0,18
264.0,0,0,0,1,1,0,18
265.0,0,0,0,1,1,0,18
266.0,0,0,0,1,1,0,18
267.0,0,0,0,1,1,0,18
268.0,0,0,0,1,1,0,18
269.0,0,0,0,1,1,0,18
270.0,0,0,0,1,1,0,18
271.0,0,0,0,1,1,0,18
272.0,0,0,1,1,2,0,18
273.0,0,0,1,1,2,0,19
274.0,0,0,0,0,0,0,19
275.0,0,0,0,1,1,0,19
276.0,1,0,0,0,1,0,19
277.0,1,1,0,0,2,0,19
278.0,1,1,0,0,2,0,19
279.0,1,1,0,0,2,0,19
280.0,1,1,1,0,3,0,19
281.0,1,1,0,0,2,0,19
282.0,1,2,0,0,3,0,19
283.0,1,1,0,0,2,0,19
284.0,1,1,0,0,2,0,19
285.0,1,1,0,0,2,0,19
286.0,1,1,0,0,2,0,19
287.0,1,1,0,0,2,0,19
288.0,1,1,0,0,2,0,20
289.0,0,0,0,0,0,0,20
290.0,0,0,0,0,0,0,20
291.0,0,0,0,0,0,0,20
292.0,0,1,1,0,2,0,20
293.0,0,1,1,0,2,0,20
294.0,0,1,1,0,2,0,20
295.0,0,2,2,0,4,0,20
296.0,0,2,2,0,4,0,20
297.0,0,2,2,0,4,0,20
298.0,0,2,2,0,4,0,21
299.0,0,2,1,0,3,0,21
300.0,0,2,0,0,2,0,21
301.0,0,2,0,0,2,0,21
302.0,0,2,0,0,2,0,21
303.0,0,2,0,0,2,0,21
304.0,0,2,0,0,2,0,21
305.0,0,2,0,0,2,0,21
306.0,0,2,0,0,2,0,21
307.0,0,2,0,0,2,0,21
308.0,0,2,0,0,2,0,22
309.0,0,1,0,0,1,0,22
310.0,0,0,0,0,0,0,22
311.0,0,0,0,1,1,0,22
312.0,0,0,0,1,1,0,22
313.0,0,0,0,1,1,0,22
314.0,0,0,0,1,1,0,22
315.0,0,0,0,1,1,0,22
316.0,0,0,0,1,1,0,22
317.0,0,0,1,1,2,0,22
318.0,0,0,1,2,3,0,23
319.0,0,0,0,0,0,0,23
320.0,0,0,0,0,0,0,23
321.0,0,0,0,0,0,0,23
322.0,0,0,0,0,0,0,23
323.0,0,0,0,0,0,0,23
324.0,0,0,0,0,0,0,23
325.0,0,0,0,0,0,0,23
326.0,0,0,0,1,1,0,23
327.0,0,0,0,0,0,0,23
328.0,0,0,0,0,0,0,23
329.0,0,0,0,0,0,0,23
330.0,0,1,0,0,1,0,23
331.0,0,0,0,0,0,0,23
332.0,0,0,0,0,0,0,23
333.0,0,0,0,0,0,0,23
334.0,0,0,0,0,0,0,23
335.0,0,1,0,0,1,0,23
336.0,0,0,0,1,1,0,23
337.0,0,0,0,0,0,0,23
338.0,0,0,0,0,0,0,24
339.0,0,0,0,0,0,0,24
340.0,0,0,0,0,0,0,24
341.0,0,0,0,0,0,0,24
342.0,0,0,0,0,0,0,24
343.0,0,0,0,0,0,0,24
344.0,0,0,0,0,0,0,24
345.0,0,0,0,0,0,0,24
346.0,0,0,0,0,0,0,24
347.0,0,0,0,0,0,0,24
348.0,0,0,0,2,2,0,25
349.0,0,0,0,1,1,0,25
350.0,0,0,0,0,0,0,25
351.0,0,0,0,0,0,0,25
352.0,0,0,0,0,0,0,25
353.0,0,0,0,0,0,0,25
354.0,0,0,0,0,0,0,25
355.0,0,0,0,0,0,0,25
356.0,1,0,0,0,1,0,25
357.0,0,0,0,0,0,0,25
358.0,0,0,0,0,0,0,25
359.0,1,0,0,0,1,0,25
360.0,0,0,0,0,0,0,25
361.0,0,0,0,0,0,0,25
362.0,0,0,0,0,0,0,25
363.0,1,0,0,0,1,0,25
364.0,0,0,0,0,0,0,25
365.0,1,1,0,0,2,0,25
366.0,0,0,0,0,0,0,25
367.0,0,1,0,0,1,0,25
368.0,0,1,0,0,1,0,26
369.0,0,1,0,0,1,0,26
370.0,0,1,0,0,1,0,26
371.0,0,1,0,0,1,0,26
372.0,0,1,0,0,1,0,26
373.0,0,1,0,0,1,0,26
374.0,0,1,0,0,1,0,26
375.0,0,2,0,0,2,0,26
376.0,0,2,0,0,2,0,26
377.0,0,2,0,1,3,0,26
378.0,0,2,0,0,2,0,27
379.0,0,1,0,0,1,0,27
380.0,0,0,0,0,0,0,27
381.0,0,0,0,0,0,0,27
382.0,0,0,0,0,0,0,27
383.0,0,0,0,0,0,0,27
384.0,1,0,0,0,1,0,27
385.0,1,0,0,0,1,0,27
386.0,2,0,0,0,2,0,27
387.0,2,0,0,0,2,0,27
388.0,2,0,0,1,3,0,28
389.0,2,0,0,1,3,0,28
390.0,1,0,0,1,2,0,28
391.0,0,0,0,1,1,0,28
392.0,0,0,1,1,2,0,28
393.0,0,0,1,2,3,0,28
394.0,0,0,1,2,3,0,28
395.0,0,0,1,2,3,0,28
396.0,0,0,1,2,3,0,28
397.0,0,0,1,2,3,0,28
398.0,0,0,1,2,3,0,29
399.0,1,0,0,0,1,0,29
400.0,0,0,0,0,0,0,29
401.0,0,0,0,0,0,0,29
402.0,0,0,0,0,0,0,29
403.0,0,0,0,0,0,0,29
404.0,0,1,0,0,1,0,29
405.0,0,0,0,0,0,0,29
406.0,0,0,0,0,0,0,29
407.0,0,0,0,0,0,0,29
408.0,0,0,0,0,0,0,29
409.0,0,1,0,0,1,0,29
410.0,0,0,0,0,0,0,29
411.0,0,0,0,0,0,0,29
412.0,0,0,0,0,0,0,29
413.0,0,1,0,0,1,0,30
414.0,1,0,0,0,1,0,30
415.0,0,0,0,0,0,0,30
416.0,0,0,0,0,0,0,30
417.0,0,0,0,0,0,0,30
418.0,0,0,0,0,0,0,30
419.0,0,0,0,0,0,0,30
420.0,0,0,0,0,0,0,30
421.0,1,0,0,0,1,0,30
422.0,1,0,0,0,1,0,30
423.0,1,0,1,0,2,0,30
424.0,1,0,1,0,2,0,30
425.0,1,0,2,0,3,0,30
426.0,1,0,2,0,3,0,30
427.0,1,0,2,0,3,0,30
428.0,1,0,2,0,3,0,31
429.0,1,0,1,0,2,0,31
430.0,1,0,0,1,2,0,31
431.0,1,0,0,0,1,0,31
432.0,1,0,0,0,1,0,31
433.0,1,0,0,0,1,0,31
434.0,1,1,0,0,2,0,31
435.0,1,1,0,0,2,0,31
436.0,1,0,0,0,1,0,31
437.0,1,0,0,0,1,0,31
438.0,2,0,0,0,2,0,32
439.0,1,0,1,0,2,0,32
440.0,1,0,1,0,2,0,32
441.0,1,1,2,0,4,0,32
442.0,1,0,2,1,4,0,32
443.0,1,0,2,1,4,0,32
444.0,1,0,2,1,4,0,32
445.0,1,1,3,1,6,0,32
446.0,1,1,3,1,6,0,32
447.0,1,1,3,1,6,0,32
448.0,1,2,3,1,7,0,33
449.0,0,1,3,1,5,0,33
450.0,0,0,3,1,4,0,33
451.0,0,0,3,1,4,0,33
452.0,0,0,3,1,4,0,33
453.0,0,0,3,1,4,0,33
454.0,0,0,3,1,4,0,33
455.0,0,0,3,1,4,0,33
456.0,0,0,3,1,4,0,33
457.0,0,0,4,1,5,0,33
458.0,0,0,4,2,6,0,34
459.0,0,0,2,0,2,0,34
460.0,0,0,0,0,0,0,34
461.0,0,0,0,0,0,0,34
462.0,0,0,0,0,0,0,34
463.0,0,0,0,0,0,0,34
464.0,0,0,0,0,0,0,34
465.0,0,0,0,0,0,0,34
466.0,0,1,0,0,1,0,34
467.0,0,0,0,0,0,0,34
468.0,0,0,0,0,0,0,35
469.0,0,0,0,0,0,0,35
470.0,0,0,0,0,0,0,35
471.0,0,0,0,0,0,0,35
472.0,0,0,0,0,0,0,35
473.0,0,0,0,0,0,0,35
474.0,0,0,0,0,0,0,35
475.0,0,0,0,0,0,0,35
476.0,0,0,1,0,1,0,35
477.0,0,1,0,0,1,0,35
478.0,0,1,0,0,1,0,35
479.0,0,1,0,0,1,0,35
480.0,0,1,0,0,1,0,35
481.0,0,1,0,0,1,0,35
482.0,0,1,0,0,1,0,35
483.0,0,1,0,0,1,0,36
484.0,0,0,0,0,0,0,36
485.0,0,0,0,0,0,0,36
486.0,0,0,0,0,0,0,36
487.0,0,0,0,0,0,0,36
488.0,0,0,1,0,1,0,36
489.0,0,0,1,0,1,0,36
490.0,0,0,1,0,1,0,36
491.0,0,0,1,0,1,0,36
492.0,0,0,1,0,1,0,36
493.0,0,0,1,0,1,0,37
494.0,0,0,0,0,0,0,37
495.0,0,0,0,0,0,0,37
496.0,0,0,0,0,0,0,37
497.0,0,1,0,0,1,0,37
498.0,0,1,0,0,1,0,37
499.0,0,1,0,0,1,0,37
500.0,0,1,0,0,1,0,37
501.0,0,1,0,0,1,0,37
502.0,1,1,0,0,2,0,37
503.0,0,2,0,0,2,0,38
504.0,0,0,0,0,0,0,38
505.0,0,1,0,0,1,0,38
506.0,0,0,0,0,0,0,38
507.0,0,0,0,1,1,0,38
508.0,0,0,0,1,1,0,38
509.0,0,0,0,1,1,0,38
510.0,0,0,0,2,2,0,38
511.0,0,0,0,1,1,0,38
512.0,0,0,0,1,1,0,38
513.0,0,0,0,1,1,0,38
514.0,0,0,0,1,1,0,38
515.0,0,0,0,1,1,0,38
516.0,0,0,1,1,2,0,38
517.0,0,0,1,1,2,0,38
518.0,0,0,1,1,2,0,39
519.0,0,0,0,0,0,0,39
520.0,0,0,0,0,0,0,39
521.0,0,0,1,0,1,0,39
522.0,0,0,0,0,0,0,39
523.0,1,1,0,0,2,0,39
524.0,1,1,0,0,2,0,39
525.0,1,1,0,0,2,0,39
526.0,2,1,0,0,3,0,39
527.0,1,1,0,0,2,0,39
528.0,1,1,0,0,2,0,40
529.0,1,0,0,0,1,0,40
530.0,1,0,0,0,1,0,40
531.0,2,0,1,0,3,0,40
532.0,1,0,1,0,2,0,40
533.0,1,1,1,0,3,0,40
534.0,1,0,1,0,2,0,40
535.0,1,0,1,0,2,0,40
536.0,1,0,1,0,2,0,40
537.0,1,0,1,0,2,0,40
538.0,1,0,1,0,2,0,41
539.0,0,0,1,0,1,0,41
540.0,0,0,1,0,1,0,41
541.0,0,0,1,0,1,0,41
542.0,0,0,1,0,1,0,41
543.0,0,0,1,0,1,0,41
544.0,0,1,1,0,2,0,41
545.0,0,1,1,0,2,0,41
546.0,0,1,1,0,2,0,41
547.0,0,1,1,0,2,0,41
548.0,0,1,1,0,2,0,42
549.0,1,1,0,0,2,0,42
550.0,1,1,0,0,2,0,42
551.0,1,1,0,0,2,0,42
552.0,1,1,0,0,2,0,42
553.0,1,1,0,0,2,0,42
554.0,1,1,0,0,2,0,42
555.0,2,1,0,0,3,0,42
556.0,3,2,0,0,5,0,42
557.0,2,1,0,0,3,0,42
558.0,2,1,0,0,3,0,43
559.0,1,0,0,0,1,0,43
560.0,0,0,0,0,0,0,43
561.0,0,0,0,0,0,0,43
562.0,0,0,0,0,0,0,43
563.0,0,0,0,0,0,0,43
564.0,0,0,1,1,2,0,43
565.0,0,0,1,1,2,0,43
566.0,0,0,1,1,2,0,43
567.0,0,1,1,1,3,0,43
568.0,0,1,1,1,3,0,44
569.0,0,1,0,0,1,0,44
570.0,0,1,0,0,1,0,44
571.0,0,1,0,0,1,0,44
572.0,0,1,0,0,1,0,44
573.0,0,1,0,0,1,0,44
574.0,0,1,0,0,1,0,44
575.0,0,1,0,0,1,0,44
576.0,0,1,0,1,2,0,44
577.0,0,1,0,0,1,0,44
578.0,0,1,0,0,1,0,45
579.0,1,1,0,0,2,0,45
580.0,1,0,0,0,1,0,45
581.0,1,0,0,0,1,0,45
582.0,1,0,0,0,1,0,45
583.0,1,0,0,0,1,0,45
584.0,1,0,0,0,1,0,45
585.0,1,0,0,0,1,0,45
586.0,1,0,0,0,1,0,45
587.0,1,1,0,1,3,0,45
588.0,1,0,0,1,2,0,46
589.0,1,0,0,0,1,0,46
590.0,1,0,0,1,2,0,46
591.0,1,0,0,0,1,0,46
592.0,1,0,0,0,1,0,46
593.0,1,0,0,0,1,0,46
594.0,1,1,0,0,2,0,46
595.0,1,0,0,0,1,0,46
596.0,1,0,0,0,1,0,46
597.0,1,0,0,0,1,0,46
598.0,1,0,0,0,1,0,46
599.0,1,2,1,0,4,0,46
600.0,1,1,0,0,2,0,46
601.0,1,1,0,0,2,0,46
602.0,1,1,0,0,2,0,46
603.0,1,2,1,0,4,0,47
604.0,1,0,1,0,2,0,47
605.0,1,0,2,0,3,0,47
606.0,1,0,1,0,2,0,47
607.0,1,0,1,0,2,0,47
608.0,1,0,2,0,3,0,47
609.0,1,0,2,0,3,0,47
610.0,1,0,2,1,4,0,47
611.0,1,0,2,0,3,0,47
612.0,1,0,2,0,3,0,47
613.0,1,0,2,0,3,0,48
614.0,1,0,1,0,2,0,48
615.0,1,1,0,0,2,0,48
616.0,1,1,0,0,2,0,48
617.0,1,1,0,0,2,0,48
618.0,1,1,0,0,2,0,48
619.0,1,1,0,0,2,0,48
620.0,1,1,0,0,2,0,48
621.0,1,1,0,0,2,0,48
622.0,1,1,0,0,2,0,48
623.0,1,1,0,0,2,0,49
624.0,1,0,0,0,1,0,49
625.0,1,0,0,0,1,0,49
626.0,1,0,0,0,1,0,49
627.0,1,0,0,0,1,0,49
628.0,2,0,0,0,2,0,49
629.0,1,0,0,0,1,0,49
630.0,1,0,0,0,1,0,49
631.0,1,0,0,0,1,0,49
632.0,1,0,0,0,1,0,49
633.0,1,0,0,0,1,0,50
634.0,1,0,0,0,1,0,50
635.0,1,0,0,0,1,0,50
636.0,1,0,0,0,1,0,50
637.0,1,0,0,0,1,0,50
638.0,1,0,0,0,1,0,50
639.0,2,0,0,0,2,0,50
640.0,1,0,0,0,1,0,50
641.0,1,0,0,0,1,0,50
642.0,1,0,0,0,1,0,50
643.0,1,0,0,0,1,0,50
644.0,1,0,0,0,1,0,50
645.0,1,0,0,0,1,0,50
646.0,1,0,0,0,1,0,50
647.0,1,1,0,0,2,0,50
648.0,1,0,0,0,1,0,51
649.0,0,0,0,0,0,0,51
650.0,0,0,0,0,0,0,51
651.0,1,0,0,0,1,0,51
652.0,1,0,0,0,1,0,51
653.0,1,0,0,0,1,0,51
654.0,2,1,0,1,4,0,51
655.0,1,0,0,0,1,0,51
656.0,1,0,0,0,1,0,51
657.0,2,1,0,0,3,0,51
658.0,1,1,0,0,2,0,52
659.0,0,0,0,0,0,0,52
660.0,0,1,0,1,2,0,52
661.0,0,1,0,0,1,0,52
662.0,0,1,0,0,1,0,52
663.0,0,1,0,0,1,0,52
664.0,0,1,0,0,1,0,52
665.0,0,1,0,0,1,0,52
666.0,0,1,0,1,2,0,52
667.0,0,1,0,1,2,0,52
668.0,0,1,0,1,2,0,53
669.0,0,0,0,1,1,0,53
670.0,0,0,1,2,3,0,53
671.0,0,0,0,3,3,0,53
672.0,0,0,0,3,3,0,53
673.0,0,0,0,3,3,0,53
674.0,0,0,0,3,3,0,53
675.0,0,0,1,3,4,0,53
676.0,0,0,1,3,4,0,53
677.0,0,1,1,3,5,0,53
678.0,0,1,1,3,5,0,54
679.0,0,1,0,1,2,0,54
680.0,1,1,0,0,2,0,54
681.0,1,2,0,0,3,0,54
682.0,1,2,0,0,3,0,54
683.0,1,2,0,0,3,0,54
684.0,1,2,0,0,3,0,54
685.0,1,2,0,0,3,0,54
686.0,1,2,0,1,4,0,54
687.0,1,2,0,0,3,0,54
688.0,1,3,0,0,4,0,55
689.0,0,2,0,0,2,0,55
690.0,0,1,0,0,1,0,55
691.0,0,1,0,0,1,0,55
692.0,0,1,0,0,1,0,55
693.0,0,1,0,0,1,0,55
694.0,0,1,0,0,1,0,55
695.0,0,1,0,0,1,0,55
696.0,0,1,0,0,1,0,55
697.0,0,1,0,1,2,0,55
698.0,0,1,0,1,2,0,56
699.0,0,0,0,1,1,0,56
700.0,0,0,0,1,1,0,56
701.0,0,0,0,1,1,0,56
702.0,0,0,0,1,1,0,56
703.0,0,1,0,1,2,0,56
704.0,0,1,1,1,3,0,56
705.0,0,1,1,1,3,0,56
706.0,0,1,1,1,3,0,56
707.0,0,1,1,1,3,0,56
708.0,0,1,1,1,3,0,57
709.0,0,1,0,0,1,0,57
710.0,0,1,0,1,2,0,57
711.0,0,1,0,0,1,0,57
712.0,0,1,0,0,1,0,57
713.0,0,1,0,0,1,0,57
714.0,0,1,0,0,1,0,57
715.0,0,1,0,0,1,0,57
716.0,0,1,0,1,2,0,57
717.0,0,1,0,0,1,0,57
718.0,0,1,0,0,1,0,58
719.0,0,0,0,0,0,0,58
720.0,0,0,0,0,0,0,58
721.0,0,0,0,1,1,0,58
722.0,0,0,1,1,2,0,58
723.0,0,0,1,1,2,0,58
724.0,0,0,1,2,3,0,58
725.0,0,0,1,2,3,0,58
726.0,1,0,1,3,5,0,58
727.0,0,0,1,3,4,0,58
728.0,0,0,2,4,6,0,59
729.0,0,0,1,2,3,0,59
730.0,0,0,0,1,1,0,59
731.0,0,0,0,0,0,0,59
732.0,0,0,0,0,0,0,59
733.0,0,0,0,0,0,0,59
734.0,0,0,0,0,0,0,59
735.0,0,0,0,0,0,0,59
736.0,0,0,0,1,1,0,59
737.0,0,0,0,0,0,0,59
738.0,0,0,0,0,0,0,59
739.0,0,0,0,0,0,0,59
740.0,0,0,0,0,0,0,59
741.0,0,0,0,0,0,0,59
742.0,0,0,0,0,0,0,59
743.0,0,0,0,0,0,0,59
744.0,0,0,0,0,0,0,59
745.0,0,0,0,0,0,0,59
746.0,0,0,0,0,0,0,59
747.0,1,0,0,0,1,0,59
748.0,1,0,0,0,1,0,60
749.0,0,1,0,0,1,0,60
750.0,0,0,0,0,0,0,60
751.0,0,0,0,0,0,0,60
752.0,0,0,1,1,2,0,60
753.0,0,0,1,0,1,0,60
754.0,0,0,1,0,1,0,60
755.0,0,0,1,0,1,0,60
756.0,0,0,1,0,1,0,60
757.0,0,0,1,0,1,0,60
758.0,0,0,1,0,1,0,61
759.0,0,0,0,0,0,0,61
760.0,0,0,0,0,0,0,61
761.0,0,1,0,0,1,0,61
762.0,0,1,0,0,1,0,61
763.0,0,1,0,0,1,0,61
764.0,0,1,0,0,1,0,61
765.0,0,1,0,0,1,0,61
766.0,0,1,0,0,1,0,61
767.0,0,1,0,1,2,0,61
768.0,0,1,0,0,1,0,62
769.0,0,0,0,0,0,0,62
770.0,0,0,0,0,0,0,62
771.0,0,0,1,0,1,0,62
772.0,0,0,1,0,1,0,62
773.0,0,0,1,1,2,0,62
774.0,0,0,1,0,1,0,62
775.0,0,0,2,0,2,0,62
776.0,0,0,2,0,2,0,62
777.0,0,0,2,0,2,0,62
778.0,0,0,2,1,3,0,63
779.0,0,0,0,0,0,0,63
780.0,0,0,0,0,0,0,63
781.0,0,0,0,0,0,0,63
782.0,0,0,0,0,0,0,63
783.0,0,0,0,0,0,0,63
784.0,0,1,0,0,1,0,63
785.0,0,0,0,0,0,0,63
786.0,0,0,0,0,0,0,63
787.0,0,0,0,0,0,0,63
788.0,0,0,0,0,0,0,64
789.0,0,1,0,0,1,0,64
790.0,0,0,0,0,0,0,64
791.0,0,0,0,1,1,0,64
792.0,0,0,0,1,1,0,64
793.0,0,0,1,1,2,0,64
794.0,0,0,0,1,1,0,64
795.0,0,0,0,1,1,0,64
796.0,0,0,0,2,2,0,64
797.0,0,0,0,2,2,0,64
798.0,0,0,0,2,2,0,65
799.0,0,0,0,0,0,0,65
800.0,0,0,0,0,0,0,65
801.0,0,2,0,0,2,0,65
802.0,0,2,0,0,2,0,65
803.0,0,2,0,0,2,0,65
804.0,0,2,0,0,2,0,65
805.0,0,2,0,0,2,0,65
806.0,0,2,0,0,2,0,65
807.0,0,2,0,0,2,0,65
808.0,0,2,0,0,2,0,66
809.0,0,1,0,0,1,0,66
810.0,0,1,0,0,1,0,66
811.0,0,1,0,0,1,0,66
812.0,0,1,0,0,1,0,66
813.0,0,1,0,0,1,0,66
814.0,0,1,0,0,1,0,66
815.0,0,1,0,0,1,0,66
816.0,0,1,0,0,1,0,66
817.0,0,1,0,0,1,0,66
818.0,0,1,0,0,1,0,67
819.0,0,0,0,0,0,0,67
820.0,0,0,0,0,0,0,67
821.0,0,0,0,0,0,0,67
822.0,0,0,0,0,0,0,67
823.0,0,0,0,0,0,0,67
824.0,0,0,0,0,0,0,67
825.0,0,0,0,0,0,0,67
826.0,0,0,0,0,0,0,67
827.0,0,0,1,0,1,0,67
828.0,0,0,1,0,1,0,67
829.0,0,0,1,0,1,0,67
830.0,0,0,1,0,1,0,67
831.0,0,0,1,0,1,0,67
832.0,0,0,1,0,1,0,67
833.0,0,0,1,0,1,0,68
834.0,0,0,1,0,1,0,68
835.0,0,0,0,0,0,0,68
836.0,0,0,0,0,0,0,68
837.0,0,0,0,0,0,0,68
838.0,0,0,0,0,0,0,68
839.0,0,0,0,0,0,0,68
840.0,0,0,0,0,0,0,68
841.0,0,0,0,0,0,0,68
842.0,0,0,0,0,0,0,68
843.0,0,0,0,0,0,0,68
844.0,0,0,0,0,0,0,68
845.0,0,0,0,0,0,0,68
846.0,0,0,0,0,0,0,68
847.0,0,0,0,0,0,0,68
848.0,0,0,0,0,0,0,68
849.0,0,0,0,0,0,0,68
850.0,0,0,0,0,0,0,68
851.0,0,0,0,0,0,0,68
852.0,0,0,0,0,0,0,68
853.0,0,0,0,0,0,0,68
854.0,0,0,0,0,0,0,68
855.0,0,0,0,0,0,0,68
856.0,0,0,0,0,0,0,68
857.0,0,0,0,0,0,0,68
858.0,0,0,0,0,0,0,68
859.0,0,0,0,0,0,0,68
860.0,0,0,0,0,0,0,68
861.0,0,0,0,0,0,0,68
862.0,0,0,0,0,0,0,68
863.0,0,0,0,0,0,0,68
864.0,0,0,0,0,0,0,68
865.0,1,0,0,0,1,0,68
866.0,0,0,0,0,0,0,68
867.0,0,0,0,0,0,0,68
868.0,0,1,0,0,1,0,69
869.0,0,0,0,0,0,0,69
870.0,0,0,0,0,0,0,69
871.0,0,0,0,0,0,0,69
872.0,0,0,1,0,1,0,69
873.0,0,0,1,0,1,0,69
874.0,0,0,1,0,1,0,69
875.0,0,0,1,0,1,0,69
876.0,0,0,1,1,2,0,69
877.0,0,0,1,0,1,0,69
878.0,0,0,1,0,1,0,70
879.0,0,0,0,0,0,0,70
880.0,0,0,0,0,0,0,70
881.0,0,0,0,1,1,0,70
882.0,0,0,0,0,0,0,70
883.0,0,0,1,0,1,0,70
884.0,0,0,0,0,0,0,70
885.0,0,0,0,0,0,0,70
886.0,1,0,0,0,1,0,70
887.0,1,0,0,0,1,0,70
888.0,1,0,0,0,1,0,70
889.0,1,0,0,0,1,0,70
890.0,1,0,0,0,1,0,70
891.0,1,0,0,0,1,0,70
892.0,1,0,0,0,1,0,70
893.0,1,0,0,0,1,0,71
894.0,0,0,0,0,0,0,71
895.0,0,0,0,0,0,0,71
896.0,0,0,0,0,0,0,71
897.0,0,0,0,0,0,0,71
898.0,0,0,0,0,0,0,71
899.0,0,0,0,0,0,0,71
900.0,0,0,0,0,0,0,71
901.0,0,0,0,0,0,0,71
902.0,0,0,0,0,0,0,71
903.0,0,0,0,0,0,0,72
904.0,0,0,0,0,0,0,72
905.0,0,0,0,0,0,0,72
906.0,0,0,1,0,1,0,72
907.0,0,0,0,0,0,0,72
908.0,0,0,0,0,0,0,72
909.0,0,0,0,0,0,0,72
910.0,0,0,0,0,0,0,72
911.0,0,0,0,0,0,0,72
912.0,0,0,0,0,0,0,72
913.0,0,1,0,0,1,0,73
914.0,0,1,0,0,1,0,73
915.0,0,2,0,0,2,0,73
916.0,0,2,0,0,2,0,73
917.0,0,2,0,0,2,0,73
918.0,0,2,0,0,2,0,73
919.0,1,2,0,0,3,0,73
920.0,0,2,0,0,2,0,73
921.0,0,2,0,0,2,0,73
922.0,0,2,0,0,2,0,73
923.0,0,2,0,0,2,0,74
924.0,0,1,0,0,1,0,74
925.0,0,0,0,0,0,0,74
926.0,1,0,0,0,1,0,74
927.0,0,0,0,0,0,0,74
928.0,0,0,0,0,0,0,74
929.0,0,0,0,0,0,0,74
930.0,0,0,0,1,1,0,74
931.0,0,0,0,1,1,0,74
932.0,0,1,0,1,2,0,74
933.0,0,0,0,1,1,0,75
934.0,0,0,0,0,0,0,75
935.0,0,0,0,0,0,0,75
936.0,0,0,0,0,0,0,75
937.0,0,0,0,0,0,0,75
938.0,0,0,1,0,1,0,75
939.0,1,0,0,0,1,0,75
940.0,0,0,0,0,0,0,75
941.0,0,1,0,0,1,0,75
942.0,1,1,0,0,2,0,75
943.0,1,1,0,0,2,0,75
944.0,1,1,0,0,2,0,75
945.0,1,1,0,0,2,0,75
946.0,1,1,0,0,2,0,75
947.0,1,1,0,1,3,0,75
948.0,1,1,0,0,2,0,76
949.0,0,0,0,0,0,0,76
950.0,0,0,0,0,0,0,76
951.0,0,0,0,0,0,0,76
952.0,0,0,0,0,0,0,76
953.0,0,1,0,0,1,0,76
954.0,0,1,1,0,2,0,76
955.0,0,1,2,1,4,0,76
956.0,0,1,1,0,2,0,76
957.0,0,1,1,1,3,0,76
958.0,0,1,1,1,3,0,77
959.0,0,1,0,0,1,0,77
960.0,0,1,0,0,1,0,77
961.0,1,1,0,0,2,0,77
962.0,1,1,0,0,2,0,77
963.0,2,1,0,0,3,0,77
964.0,2,1,0,0,3,0,77
965.0,2,1,0,0,3,0,77
966.0,2,1,0,0,3,0,77
967.0,2,1,0,0,3,0,77
968.0,2,1,0,0,3,0,78
969.0,1,0,0,0,1,0,78
970.0,1,0,0,1,2,0,78
971.0,1,0,0,0,1,0,78
972.0,1,0,1,0,2,0,78
973.0,1,0,0,0,1,0,78
974.0,2,0,0,0,2,0,78
975.0,1,0,0,0,1,0,78
976.0,1,0,0,0,1,0,78
977.0,1,0,0,0,1,0,78
978.0,1,0,0,0,1,0,79
979.0,1,1,0,0,2,0,79
980.0,1,0,0,0,1,0,79
981.0,1,0,0,0,1,0,79
982.0,2,1,0,0,3,0,79
983.0,1,0,0,0,1,0,79
984.0,1,0,0,0,1,0,79
985.0,1,0,0,0,1,0,79
986.0,1,1,0,0,2,0,79
987.0,1,1,0,0,2,0,79
988.0,1,1,0,0,2,0,80
989.0,0,1,0,0,1,0,80
990.0,0,1,0,0,1,0,80
991.0,0,1,0,0,1,0,80
992.0,0,1,0,0,1,0,80
993.0,0,1,1,0,2,0,80
994.0,0,1,0,0,1,0,80
995.0,0,1,0,0,1,0,80
996.0,0,1,0,0,1,0,80
997.0,1,1,0,0,2,0,80
998.0,1,1,0,0,2,0,81
999.0,0,0,0,1,1,0,81
1000.0,0,0,0,0,0,0,81
1001.0,0,0,0,0,0,0,81
1002.0,1,1,0,0,2,0,81
1003.0,0,1,0,0,1,0,81
1004.0,0,0,0,0,0,0,81
1005.0,1,0,0,0,1,0,81
1006.0,1,0,0,0,1,0,81
1007.0,1,0,0,0,1,0,81
1008.0,1,0,0,0,1,0,82
1009.0,0,0,1,0,1,0,82
1010.0,0,0,1,0,1,0,82
1011.0,0,0,1,1,2,0,82
1012.0,0,1,1,1,3,0,82
1013.0,0,1,1,1,3,0,82
1014.0,0,1,1,1,3,0,82
1015.0,0,1,1,1,3,0,82
1016.0,0,2,1,1,4,0,82
1017.0,0,2,1,1,4,0,82
1018.0,0,2,1,1,4,0,83
1019.0,0,2,0,0,2,0,83
1020.0,0,2,0,0,2,0,83
1021.0,0,2,0,0,2,0,83
1022.0,0,2,0,0,2,0,83
1023.0,0,2,0,0,2,0,83
1024.0,1,2,0,0,3,0,83
1025.0,1,2,0,0,3,0,83
1026.0,1,2,0,0,3,0,83
1027.0,1,2,0,0,3,0,83
1028.0,1,2,0,1,4,0,84
1029.0,1,1,0,0,2,0,84
1030.0,1,1,0,0,2,0,84
1031.0,1,0,0,0,1,0,84
1032.0,1,0,0,0,1,0,84
1033.0,1,0,0,0,1,0,84
1034.0,1,0,1,0,2,0,84
1035.0,1,0,1,0,2,0,84
1036.0,1,0,1,0,2,0,84
1037.0,1,0,1,0,2,0,84
1038.0,1,0,1,0,2,0,85
1039.0,1,0,0,0,1,0,85
1040.0,1,1,0,0,2,0,85
1041.0,1,1,0,0,2,0,85
1042.0,1,1,0,0,2,0,85
1043.0,2,1,0,0,3,0,85
1044.0,1,1,0,0,2,0,85
1045.0,1,1,0,0,2,0,85
1046.0,1,1,0,0,2,0,85
1047.0,1,1,0,0,2,0,85
1048.0,1,1,0,0,2,0,86
1049.0,0,0,0,0,0,0,86
1050.0,0,0,0,0,0,0,86
1051.0,0,1,0,0,1,0,86
1052.0,0,1,0,0,1,0,86
1053.0,0,1,0,0,1,0,86
1054.0,0,1,0,1,2,0,86
1055.0,0,1,0,0,1,0,86
1056.0,0,1,0,0,1,0,86
1057.0,0,1,0,0,1,0,86
1058.0,0,1,0,0,1,0,87
1059.0,0,0,0,0,0,0,87
1060.0,0,0,0,0,0,0,87
1061.0,0,1,0,0,1,0,87
1062.0,0,1,0,0,1,0,87
1063.0,0,1,0,0,1,0,87
1064.0,0,1,0,0,1,0,87
1065.0,0,1,0,1,2,0,87
1066.0,0,1,0,1,2,0,87
1067.0,1,1,0,1,3,0,87
1068.0,1,1,0,1,3,0,88
1069.0,1,1,0,0,2,0,88
1070.0,1,1,0,0,2,0,88
1071.0,1,1,0,0,2,0,88
1072.0,1,1,0,0,2,0,88
1073.0,1,1,0,0,2,0,88
1074.0,1,1,0,0,2,0,88
1075.0,1,1,0,0,2,0,88
1076.0,1,1,0,0,2,0,88
1077.0,1,1,0,0,2,0,88
1078.0,1,1,0,0,2,0,89
1079.0,0,0,0,0,0,0,89
1080.0,0,0,0,0,0,0,89
1081.0,0,0,0,0,0,0,89
1082.0,0,0,0,0,0,0,89
1083.0,0,0,0,0,0,0,89
1084.0,0,0,0,0,0,0,89
1085.0,1,0,0,0,1,0,89
1086.0,0,1,0,0,1,0,89
1087.0,0,0,0,0,0,0,89
1088.0,0,0,0,0,0,0,90
1089.0,0,0,0,0,0,0,90
1090.0,0,0,0,0,0,0,90
1091.0,0,1,0,0,1,0,90
1092.0,0,1,0,0,1,0,90
1093.0,0,1,0,0,1,0,90
1094.0,0,1,0,0,1,0,90
1095.0,0,1,0,0,1,0,90
1096.0,0,2,0,0,2,0,90
1097.0,0,2,0,0,2,0,90
1098.0,0,2,0,0,2,0,91
1099.0,0,1,0,0,1,0,91
1100.0,0,0,0,0,0,0,91
1101.0,0,0,0,0,0,0,91
1102.0,0,0,0,0,0,0,91
1103.0,0,0,0,0,0,0,91
1104.0,0,0,0,0,0,0,91
1105.0,0,1,0,0,1,0,91
1106.0,1,1,0,0,2,0,91
1107.0,1,1,0,0,2,0,91
1108.0,1,2,0,0,3,0,92
1109.0,0,0,0,0,0,0,92
1110.0,0,0,0,0,0,0,92
1111.0,0,0,0,0,0,0,92
1112.0,0,0,0,0,0,0,92
1113.0,0,0,0,0,0,0,92
1114.0,0,0,0,0,0,0,92
1115.0,0,0,0,0,0,0,92
1116.0,0,0,1,0,1,0,92
1117.0,0,0,1,0,1,0,92
1118.0,0,0,1,0,1,0,93
1119.0,0,0,0,0,0,0,93
1120.0,0,0,0,0,0,0,93
1121.0,0,1,0,0,1,0,93
1122.0,0,1,0,0,1,0,93
1123.0,0,1,0,0,1,0,93
1124.0,0,2,0,0,2,0,93
1125.0,0,2,0,0,2,0,93
1126.0,0,2,0,0,2,0,93
1127.0,0,2,0,0,2,0,93
1128.0,0,2,0,0,2,0,94
1129.0,0,1,0,0,1,0,94
1130.0,0,1,0,0,1,0,94
1131.0,0,1,0,0,1,0,94
1132.0,0,1,0,0,1,0,94
1133.0,0,1,0,0,1,0,94
1134.0,0,2,0,0,2,0,94
1135.0,0,2,0,0,2,0,94
1136.0,0,2,0,0,2,0,94
1137.0,0,2,0,0,2,0,94
1138.0,0,2,0,0,2,0,95
1139.0,0,1,0,0,1,0,95
1140.0,0,0,0,0,0,0,95
1141.0,0,0,0,0,0,0,95
1142.0,0,0,0,1,1,0,95
1143.0,0,0,0,0,0,0,95
1144.0,0,0,0,0,0,0,95
1145.0,1,0,0,0,1,0,95
1146.0,0,0,0,0,0,0,95
1147.0,0,0,0,0,0,0,95
1148.0,0,0,0,0,0,0,96
1149.0,0,0,0,0,0,0,96
1150.0,0,0,0,1,1,0,96
1151.0,0,0,0,0,0,0,96
1152.0,0,0,0,0,0,0,96
1153.0,0,0,0,0,0,0,96
1154.0,0,1,0,0,1,0,96
1155.0,0,0,0,0,0,0,96
1156.0,0,0,0,0,0,0,96
1157.0,0,2,0,0,2,0,96
1158.0,0,1,0,0,1,0,96
1159.0,0,1,0,0,1,0,96
1160.0,1,1,0,0,2,0,96
1161.0,0,1,0,0,1,0,96
1162.0,0,1,0,0,1,0,96
1163.0,0,1,0,0,1,0,96
1164.0,0,1,0,0,1,0,96
1165.0,0,2,0,0,2,0,96
1166.0,0,2,0,0,2,0,96
1167.0,0,2,0,0,2,0,96
1168.0,0,2,0,0,2,0,96
1169.0,0,3,0,0,3,0,96
1170.0,1,4,0,0,5,0,96
1171.0,1,4,0,0,5,0,96
1172.0,1,4,0,0,5,0,96
1173.0,1,4,0,1,6,0,97
1174.0,0,3,0,0,3,0,97
1175.0,0,2,0,0,2,0,97
1176.0,0,2,0,0,2,0,97
1177.0,0,2,1,0,3,0,97
1178.0,0,2,1,0,3,0,97
1179.0,0,3,1,0,4,0,97
1180.0,0,3,1,0,4,0,97
1181.0,0,3,1,0,4,0,97
1182.0,0,3,1,0,4,0,97
1183.0,0,3,1,0,4,0,98
1184.0,0,2,1,2,5,0,98
1185.0,0,1,1,1,3,0,98
1186.0,0,0,1,1,2,0,98
1187.0,0,0,1,2,3,0,98
1188.0,0,0,1,1,2,0,98
1189.0,0,0,1,1,2,0,98
1190.0,0,1,2,1,4,0,98
1191.0,0,0,2,1,3,0,98
1192.0,0,0,2,1,3,0,98
1193.0,0,0,2,1,3,0,99
1194.0,0,0,0,0,0,0,99
1195.0,1,0,0,0,1,0,99
1196.0,0,0,0,0,0,0,99
1197.0,1,0,0,0,1,0,99
1198.0,0,0,0,0,0,0,99
1199.0,0,1,0,0,1,0,99
1200.0,0,0,0,0,0,0,99
1201.0,0,0,0,1,1,0,99
1202.0,0,1,0,0,1,0,99
1203.0,0,1,1,0,2,0,99
1204.0,0,1,0,0,1,0,99
1205.0,0,1,0,0,1,0,99
1206.0,0,1,0,0,1,0,99
1207.0,0,2,0,0,2,0,99
1208.0,0,1,0,0,1,0,100
1209.0,0,1,1,0,2,0,100
1210.0,0,0,0,0,0,0,100
1211.0,0,0,0,1,1,0,100
1212.0,0,0,1,1,2,0,100
1213.0,0,0,0,1,1,0,100
1214.0,0,0,0,1,1,0,100
1215.0,0,0,1,1,2,0,100
1216.0,0,0,0,1,1,0,100
1217.0,0,0,0,1,1,0,100
1218.0,1,1,0,1,3,0,101
1219.0,1,1,0,0,2,0,101
1220.0,1,1,1,0,3,0,101
1221.0,1,1,0,0,2,0,101
1222.0,1,1,0,0,2,0,101
1223.0,1,1,0,0,2,0,101
1224.0,1,1,0,0,2,0,101
1225.0,1,1,0,0,2,0,101
1226.0,1,1,0,0,2,0,101
1227.0,1,1,0,0,2,0,101
1228.0,1,1,0,0,2,0,102
1229.0,2,0,0,0,2,0,102
1230.0,1,0,0,0,1,0,102
1231.0,1,0,1,0,2,0,102
1232.0,1,0,1,0,2,0,102
1233.0,1,0,1,0,2,0,102
1234.0,1,1,1,0,3,0,102
1235.0,1,0,1,0,2,0,102
1236.0,1,0,1,0,2,0,102
1237.0,1,0,1,0,2,0,102
1238.0,1,0,1,0,2,0,103
1239.0,1,0,1,0,2,0,103
1240.0,1,0,0,0,1,0,103
1241.0,1,0,0,0,1,0,103
1242.0,1,0,0,0,1,0,103
1243.0,1,0,0,0,1,0,103
1244.0,1,0,0,0,1,0,103
1245.0,1,0,0,0,1,0,103
1246.0,1,1,0,0,2,0,103
1247.0,1,1,0,0,2,0,103
1248.0,1,1,0,0,2,0,103
1249.0,1,2,0,0,3,0,103
1250.0,2,2,0,0,4,0,103
1251.0,2,2,0,0,4,0,103
1252.0,2,2,0,0,4,0,103
1253.0,2,2,0,1,5,0,104
1254.0,1,2,0,0,3,0,104
1255.0,0,2,0,0,2,0,104
1256.0,0,2,1,0,3,0,104
1257.0,0,2,1,1,4,0,104
1258.0,0,2,1,1,4,0,104
1259.0,0,2,1,1,4,0,104
1260.0,0,2,1,1,4,0,104
1261.0,0,2,1,2,5,0,104
1262.0,0,2,1,3,6,0,104
1263.0,0,3,1,3,7,0,105
1264.0,0,3,0,1,4,0,105
1265.0,0,3,0,1,4,0,105
1266.0,0,3,0,0,3,0,105
1267.0,0,3,0,0,3,0,105
1268.0,0,3,0,0,3,0,105
1269.0,0,3,0,0,3,0,105
1270.0,0,3,0,0,3,0,105
1271.0,0,3,0,0,3,0,105
1272.0,0,3,0,1,4,0,105
1273.0,0,3,0,0,3,0,106
1274.0,0,2,0,1,3,0,106
1275.0,0,1,0,1,2,0,106
1276.0,0,0,0,1,1,0,106
1277.0,0,0,0,1,1,0,106
1278.0,0,0,0,1,1,0,106
1279.0,0,0,0,1,1,0,106
1280.0,0,0,0,1,1,0,106
1281.0,0,1,0,1,2,0,106
1282.0,0,1,0,2,3,0,106
1283.0,0,1,0,2,3,0,107
1284.0,0,1,0,0,1,0,107
1285.0,0,1,0,0,1,0,107
1286.0,0,1,0,0,1,0,107
1287.0,0,3,0,0,3,0,107
1288.0,0,2,0,0,2,0,107
1289.0,0,3,0,0,3,0,107
1290.0,0,4,0,0,4,0,107
1291.0,0,3,0,0,3,0,107
1292.0,0,3,0,0,3,0,107
1293.0,0,3,1,0,4,0,108
1294.0,0,1,0,0,1,0,108
1295.0,0,0,0,0,0,0,108
1296.0,0,0,1,0,1,0,108
1297.0,0,0,1,1,2,0,108
1298.0,0,0,1,1,2,0,108
1299.0,0,0,1,1,2,0,108
1300.0,0,1,1,1,3,0,108
1301.0,0,2,1,1,4,0,108
1302.0,0,1,2,1,4,0,108
1303.0,0,1,2,1,4,0,109
1304.0,0,2,0,0,2,0,109
1305.0,0,2,0,0,2,0,109
1306.0,0,2,0,0,2,0,109
1307.0,0,3,0,0,3,0,109
1308.0,1,3,0,0,4,0,109
1309.0,0,3,0,0,3,0,109
1310.0,0,3,0,0,3,0,109
1311.0,0,3,0,0,3,0,109
1312.0,0,4,0,0,4,0,109
1313.0,1,5,0,0,6,0,110
1314.0,0,3,0,0,3,0,110
1315.0,0,3,0,0,3,0,110
1316.0,0,2,0,0,2,0,110
1317.0,0,3,0,0,3,0,110
1318.0,0,2,0,0,2,0,110
1319.0,0,2,0,0,2,0,110
1320.0,0,2,0,0,2,0,110
1321.0,0,2,0,0,2,0,110
1322.0,0,2,0,1,3,0,110
1323.0,0,3,0,0,3,0,111
1324.0,0,2,0,0,2,0,111
1325.0,0,1,0,0,1,0,111
1326.0,0,2,0,0,2,0,111
1327.0,0,2,0,0,2,0,111
1328.0,0,2,0,0,2,0,111
1329.0,0,2,0,0,2,0,111
1330.0,0,2,0,0,2,0,111
1331.0,0,2,0,0,2,0,111
1332.0,0,2,0,0,2,0,111
1333.0,0,2,0,1,3,0,112
1334.0,0,1,0,1,2,0,112
1335.0,1,0,0,1,2,0,112
1336.0,0,1,0,1,2,0,112
1337.0,1,1,0,1,3,0,112
1338.0,1,1,0,1,3,0,112
1339.0,1,1,0,1,3,0,112
1340.0,1,1,0,1,3,0,112
1341.0,1,1,0,1,3,0,112
1342.0,1,1,0,1,3,0,112
1343.0,1,1,0,1,3,0,113
1344.0,0,0,0,1,1,0,113
1345.0,0,0,0,1,1,0,113
1346.0,0,0,0,1,1,0,113
1347.0,0,0,0,1,1,0,113
1348.0,0,0,0,1,1,0,113
1349.0,0,0,1,1,2,0,113
1350.0,0,0,1,1,2,0,113
1351.0,0,0,1,1,2,0,113
1352.0,0,0,1,1,2,0,113
1353.0,0,0,1,2,3,0,114
1354.0,0,0,0,0,0,0,114
1355.0,0,0,0,0,0,0,114
1356.0,0,0,0,0,0,0,114
1357.0,1,0,0,0,1,0,114
1358.0,1,1,0,0,2,0,114
1359.0,1,1,0,0,2,0,114
1360.0,1,1,0,0,2,0,114
1361.0,1,1,0,0,2,0,114
1362.0,1,1,0,0,2,0,114
1363.0,1,1,0,0,2,0,115
1364.0,1,0,0,0,1,0,115
1365.0,1,0,0,0,1,0,115
1366.0,1,1,0,0,2,0,115
1367.0,1,0,0,0,1,0,115
1368.0,1,0,0,0,1,0,115
1369.0,1,0,0,0,1,0,115
1370.0,1,0,0,0,1,0,115
1371.0,1,0,0,0,1,0,115
1372.0,1,0,0,1,2,0,115
1373.0,1,0,1,0,2,0,116
1374.0,0,0,2,0,2,0,116
1375.0,0,0,2,0,2,0,116
1376.0,0,0,2,0,2,0,116
1377.0,0,0,2,0,2,0,116
1378.0,0,0,2,0,2,0,116
1379.0,0,0,2,0,2,0,116
1380.0,0,0,2,1,3,0,116
1381.0,0,0,2,1,3,0,116
1382.0,0,0,2,1,3,0,116
1383.0,0,0,3,2,5,0,117
1384.0,0,0,0,0,0,0,117
1385.0,0,0,0,0,0,0,117
1386.0,0,0,0,0,0,0,117
1387.0,0,0,0,0,0,0,117
1388.0,0,0,0,0,0,0,117
1389.0,0,0,0,0,0,0,117
1390.0,0,0,0,0,0,0,117
1391.0,0,1,0,0,1,0,117
1392.0,0,1,0,0,1,0,117
1393.0,0,1,0,0,1,0,118
1394.0,0,0,0,0,0,0,118
1395.0,0,0,0,0,0,0,118
1396.0,0,1,0,0,1,0,118
1397.0,0,0,0,0,0,0,118
1398.0,0,0,0,1,1,0,118
1399.0,0,0,0,0,0,0,118
1400.0,0,0,1,1,2,0,118
1401.0,0,0,1,1,2,0,118
1402.0,0,0,1,1,2,0,118
1403.0,0,0,1,1,2,0,119
1404.0,0,0,0,0,0,0,119
1405.0,0,0,0,0,0,0,119
1406.0,0,1,0,0,1,0,119
1407.0,0,1,0,0,1,0,119
1408.0,0,2,0,0,2,0,119
1409.0,0,1,0,0,1,0,119
1410.0,0,1,0,0,1,0,119
1411.0,0,1,0,0,1,0,119
1412.0,0,1,0,1,2,0,119
1413.0,0,2,0,0,2,0,120
1414.0,0,1,0,0,1,0,120
1415.0,0,1,0,1,2,0,120
1416.0,0,1,1,0,2,0,120
1417.0,0,1,1,0,2,0,120
1418.0,0,1,1,1,3,0,120
1419.0,0,1,1,0,2,0,120
1420.0,1,1,1,0,3,0,120
1421.0,0,1,1,0,2,0,120
1422.0,0,1,1,1,3,0,120
1423.0,0,1,2,1,4,0,121
1424.0,1,1,1,0,3,0,121
1425.0,0,1,0,0,1,0,121
1426.0,0,1,0,0,1,0,121
1427.0,1,1,0,0,2,0,121
1428.0,0,1,0,0,1,0,121
1429.0,0,2,0,0,2,0,121
1430.0,0,1,0,0,1,0,121
1431.0,0,1,0,0,1,0,121
1432.0,0,1,0,0,1,0,121
1433.0,0,1,0,0,1,0,121
1434.0,0,1,0,0,1,0,121
1435.0,0,1,0,0,1,0,121
1436.0,0,1,0,0,1,0,121
1437.0,1,1,0,0,2,0,121
1438.0,0,1,0,0,1,0,121
1439.0,0,2,0,0,2,0,121
1440.0,0,2,0,0,2,0,121
1441.0,1,2,0,0,3,0,121
1442.0,0,2,0,0,2,0,121
1443.0,0,2,0,0,2,0,121
1444.0,1,2,0,0,3,0,121
1445.0,1,2,0,0,3,0,121
1446.0,1,2,0,0,3,0,121
1447.0,2,2,0,0,4,0,121
1448.0,2,2,0,0,4,0,122
1449.0,2,1,0,0,3,0,122
1450.0,1,2,0,0,3,0,122
1451.0,0,2,0,1,3,0,122
1452.0,0,3,0,1,4,0,122
1453.0,0,3,0,1,4,0,122
1454.0,0,3,0,2,5,0,122
1455.0,0,4,0,2,6,0,122
1456.0,0,3,0,2,5,0,122
1457.0,0,3,0,2,5,0,122
1458.0,0,3,0,2,5,0,123
1459.0,0,2,0,3,5,0,123
1460.0,1,1,0,3,5,0,123
1461.0,1,1,0,4,6,0,123
1462.0,2,0,1,4,7,0,123
1463.0,2,0,1,4,7,0,123
1464.0,2,0,1,4,7,0,123
1465.0,2,0,3,5,10,0,123
1466.0,3,0,3,5,11,0,123
1467.0,2,0,3,5,10,0,123
1468.0,2,1,3,5,11,0,124
1469.0,2,1,1,2,6,0,124
1470.0,3,1,1,0,5,0,124
1471.0,2,2,0,1,5,0,124
1472.0,2,2,0,0,4,0,124
1473.0,2,2,0,0,4,0,124
1474.0,2,3,0,0,5,0,124
1475.0,2,3,0,0,5,0,124
1476.0,2,3,0,1,6,0,124
1477.0,2,3,0,0,5,0,124
1478.0,2,3,0,0,5,0,125
1479.0,0,3,0,1,4,0,125
1480.0,0,3,1,0,4,0,125
1481.0,0,3,1,0,4,0,125
1482.0,0,3,1,0,4,0,125
1483.0,0,3,1,1,5,0,125
1484.0,1,3,1,1,6,0,125
1485.0,0,3,1,1,5,0,125
1486.0,0,3,1,2,6,0,125
1487.0,0,3,1,2,6,0,125
1488.0,0,3,1,3,7,0,126
1489.0,0,2,1,2,5,0,126
1490.0,0,1,2,1,4,0,126
1491.0,0,0,3,1,4,0,126
1492.0,0,0,2,1,3,0,126
1493.0,0,0,2,1,3,0,126
1494.0,1,0,2,2,5,0,126
1495.0,1,0,2,2,5,0,126
1496.0,1,0,2,4,7,0,126
1497.0,1,0,2,3,6,0,126
1498.0,1,0,3,3,7,0,127
1499.0,1,1,1,1,4,0,127
1500.0,2,1,0,0,3,0,127
1501.0,1,1,0,0,2,0,127
1502.0,1,1,0,0,2,0,127
1503.0,1,1,0,1,3,0,127
1504.0,1,1,0,0,2,0,127
1505.0,1,1,0,0,2,0,127
1506.0,2,2,0,1,5,0,127
1507.0,2,1,0,0,3,0,127
1508.0,2,1,0,0,3,0,128
1509.0,1,1,0,0,2,0,128
1510.0,0,1,0,0,1,0,128
1511.0,0,1,0,0,1,0,128
1512.0,0,1,2,0,3,0,128
1513.0,0,1,1,0,2,0,128
1514.0,0,2,1,0,3,0,128
1515.0,0,1,1,0,2,0,128
1516.0,0,1,1,0,2,0,128
1517.0,0,2,1,0,3,0,128
1518.0,0,2,1,1,4,0,129
1519.0,0,1,1,1,3,0,129
1520.0,0,0,1,1,2,0,129
1521.0,0,0,1,1,2,0,129
1522.0,0,0,2,1,3,0,129
1523.0,0,0,2,1,3,0,129
1524.0,1,0,3,1,5,0,129
1525.0,1,0,3,1,5,0,129
1526.0,1,0,3,1,5,0,129
1527.0,1,0,3,1,5,0,129
1528.0,1,0,3,1,5,0,130
1529.0,1,0,1,0,2,0,130
1530.0,1,0,0,0,1,0,130
1531.0,1,0,0,0,1,0,130
1532.0,1,0,0,0,1,0,130
1533.0,1,0,0,0,1,0,130
1534.0,1,0,0,1,2,0,130
1535.0,1,0,1,0,2,0,130
1536.0,1,0,0,0,1,0,130
1537.0,1,0,0,0,1,0,130
1538.0,1,0,0,0,1,0,130
1539.0,1,0,0,0,1,0,130
1540.0,1,0,0,0,1,0,130
1541.0,2,0,1,0,3,0,130
1542.0,1,0,0,0,1,0,130
1543.0,2,1,0,0,3,0,131
1544.0,0,0,0,0,0,0,131
1545.0,0,0,0,1,1,0,131
1546.0,1,0,0,1,2,0,131
1547.0,0,0,0,1,1,0,131
1548.0,0,0,1,2,3,0,131
1549.0,0,0,1,1,2,0,131
1550.0,0,0,1,1,2,0,131
1551.0,0,0,3,1,4,0,131
1552.0,0,0,3,1,4,0,131
1553.0,0,0,3,1,4,0,132
1554.0,0,0,1,0,1,0,132
1555.0,1,0,0,0,1,0,132
1556.0,0,0,0,0,0,0,132
1557.0,0,0,0,0,0,0,132
1558.0,0,0,0,0,0,0,132
1559.0,0,0,0,0,0,0,132
1560.0,0,0,0,0,0,0,132
1561.0,0,0,0,0,0,0,132
1562.0,0,0,0,0,0,0,132
1563.0,0,0,1,1,2,0,132
1564.0,0,0,0,0,0,0,132
1565.0,0,0,0,0,0,0,132
1566.0,0,0,0,0,0,0,132
1567.0,1,1,0,0,2,0,132
1568.0,2,0,0,0,2,0,132
1569.0,2,0,0,1,3,0,132
1570.0,2,0,0,0,2,0,132
1571.0,3,0,0,0,3,0,132
1572.0,3,0,0,0,3,0,132
1573.0,3,0,0,0,3,0,133
1574.0,2,0,0,0,2,0,133
1575.0,2,0,0,0,2,0,133
1576.0,2,0,0,1,3,0,133
1577.0,2,0,0,0,2,0,133
1578.0,2,0,0,0,2,0,133
1579.0,3,0,1,0,4,0,133
1580.0,3,0,0,0,3,0,133
1581.0,4,0,1,0,5,0,133
1582.0,3,0,1,0,4,0,133
1583.0,3,0,1,0,4,0,134
1584.0,2,0,1,0,3,0,134
1585.0,1,1,1,0,3,0,134
1586.0,0,0,1,0,1,0,134
1587.0,0,0,2,1,3,0,134
1588.0,0,0,1,1,2,0,134
1589.0,0,0,1,1,2,0,134
1590.0,0,0,2,1,3,0,134
1591.0,0,0,2,1,3,0,134
1592.0,0,0,2,1,3,0,134
1593.0,0,1,2,1,4,0,135
1594.0,0,0,0,1,1,0,135
1595.0,0,0,0,0,0,0,135
1596.0,0,0,0,0,0,0,135
1597.0,0,1,0,0,1,0,135
1598.0,0,1,0,0,1,0,135
1599.0,0,1,0,0,1,0,135
1600.0,0,1,0,0,1,0,135
1601.0,0,1,0,0,1,0,135
1602.0,0,1,0,0,1,0,135
1603.0,0,2,0,0,2,0,136
1604.0,0,1,0,0,1,0,136
1605.0,0,0,0,1,1,0,136
1606.0,0,0,0,0,0,0,136
1607.0,0,0,0,1,1,0,136
1608.0,1,0,0,1,2,0,136
1609.0,1,0,0,2,3,0,136
1610.0,1,0,1,1,3,0,136
1611.0,1,0,0,2,3,0,136
1612.0,1,0,0,3,4,0,136
1613.0,1,0,0,2,3,0,137
1614.0,1,1,0,0,2,0,137
1615.0,1,1,0,0,2,0,137
1616.0,1,2,0,0,3,0,137
1617.0,1,2,0,0,3,0,137
1618.0,1,3,0,0,4,0,137
1619.0,1,3,0,0,4,0,137
1620.0,1,3,0,0,4,0,137
1621.0,1,3,0,0,4,0,137
1622.0,1,4,0,0,5,0,137
1623.0,1,3,0,0,4,0,138
1624.0,1,2,0,0,3,0,138
1625.0,1,1,0,0,2,0,138
1626.0,1,0,1,0,2,0,138
1627.0,1,0,1,0,2,0,138
1628.0,1,0,1,0,2,0,138
1629.0,1,0,2,0,3,0,138
1630.0,1,0,2,1,4,0,138
1631.0,1,0,2,0,3,0,138
1632.0,1,0,2,0,3,0,138
1633.0,1,1,2,0,4,0,139
1634.0,1,1,0,0,2,0,139
1635.0,1,1,0,0,2,0,139
1636.0,1,1,0,0,2,0,139
1637.0,1,1,0,0,2,0,139
1638.0,1,1,0,1,3,0,139
1639.0,1,1,0,1,3,0,139
1640.0,1,1,0,0,2,0,139
1641.0,1,1,0,0,2,0,139
1642.0,1,1,0,0,2,0,139
1643.0,1,1,0,0,2,0,140
1644.0,1,0,0,1,2,0,140
1645.0,2,0,1,0,3,0,140
1646.0,1,0,0,1,2,0,140
1647.0,1,0,1,1,3,0,140
1648.0,1,0,1,1,3,0,140
1649.0,1,0,1,2,4,0,140
1650.0,1,0,1,3,5,0,140
1651.0,1,0,3,3,7,0,140
1652.0,1,0,3,3,7,0,140
1653.0,1,0,3,3,7,0,141
1654.0,0,0,3,4,7,0,141
1655.0,0,0,4,4,8,0,141
1656.0,0,0,3,4,7,0,141
1657.0,1,0,3,4,8,0,141
1658.0,0,0,5,4,9,0,141
1659.0,0,0,6,4,10,0,141
1660.0,1,0,7,4,12,0,141
1661.0,0,0,7,4,11,0,141
1662.0,0,0,7,5,12,0,141
1663.0,0,0,8,4,12,0,142
1664.0,0,0,6,2,8,0,142
1665.0,0,0,4,1,5,0,142
1666.0,0,0,2,0,2,0,142
1667.0,1,0,1,0,2,0,142
1668.0,1,1,1,0,3,0,142
1669.0,1,0,1,0,2,0,142
1670.0,1,0,0,0,1,0,142
1671.0,1,0,0,0,1,0,142
1672.0,1,1,0,0,2,0,142
1673.0,1,1,0,0,2,0,143
1674.0,0,1,0,0,1,0,143
1675.0,0,1,0,0,1,0,143
1676.0,0,1,0,0,1,0,143
1677.0,0,1,0,0,1,0,143
1678.0,0,1,1,0,2,0,143
1679.0,0,1,2,0,3,0,143
1680.0,0,1,3,0,4,0,143
1681.0,0,1,3,0,4,0,143
1682.0,0,1,4,1,6,0,143
1683.0,0,1,4,0,5,0,144
1684.0,0,1,2,0,3,0,144
1685.0,0,1,1,0,2,0,144
1686.0,0,1,0,0,1,0,144
1687.0,0,1,0,0,1,0,144
1688.0,0,1,0,0,1,0,144
1689.0,0,1,0,0,1,0,144
1690.0,0,1,0,0,1,0,144
1691.0,0,1,0,0,1,0,144
1692.0,0,1,0,0,1,0,144
1693.0,0,1,0,0,1,0,145
1694.0,0,0,0,0,0,0,145
1695.0,0,0,1,0,1,0,145
1696.0,0,1,0,0,1,0,145
1697.0,0,0,0,0,0,0,145
1698.0,0,0,0,0,0,0,145
1699.0,0,0,0,0,0,0,145
1700.0,0,0,0,0,0,0,145
1701.0,0,0,1,0,1,0,145
1702.0,0,0,1,0,1,0,145
1703.0,0,0,1,0,1,0,146
1704.0,0,0,0,0,0,0,146
1705.0,0,0,0,0,0,0,146
1706.0,1,0,0,0,1,0,146
1707.0,0,0,0,0,0,0,146
1708.0,0,2,0,0,2,0,146
1709.0,0,1,0,0,1,0,146
1710.0,0,1,0,0,1,0,146
1711.0,0,1,0,0,1,0,146
1712.0,0,1,0,0,1,0,146
1713.0,0,1,0,0,1,0,147
1714.0,0,1,0,0,1,0,147
1715.0,0,0,0,0,0,0,147
1716.0,0,0,0,0,0,0,147
1717.0,0,0,0,0,0,0,147
1718.0,0,0,0,0,0,0,147
1719.0,0,1,0,0,1,0,147
1720.0,0,1,0,1,2,0,147
1721.0,0,1,0,0,1,0,147
1722.0,0,1,0,0,1,0,147
1723.0,1,1,0,0,2,0,148
1724.0,0,1,0,0,1,0,148
1725.0,0,1,0,0,1,0,148
1726.0,0,1,0,0,1,0,148
1727.0,0,2,0,0,2,0,148
1728.0,0,2,0,0,2,0,148
1729.0,0,3,1,0,4,0,148
1730.0,1,2,0,0,3,0,148
1731.0,1,3,0,0,4,0,148
1732.0,1,2,0,0,3,0,148
1733.0,1,2,0,0,3,0,148
1734.0,1,2,0,0,3,0,148
1735.0,1,2,0,0,3,0,148
1736.0,1,2,0,0,3,0,148
1737.0,1,2,0,0,3,0,148
1738.0,1,3,0,0,4,0,149
1739.0,1,2,0,0,3,0,149
1740.0,1,1,1,0,3,0,149
1741.0,1,1,1,1,4,0,149
1742.0,1,0,1,1,3,0,149
1743.0,2,0,1,1,4,0,149
1744.0,1,0,1,1,3,0,149
1745.0,2,0,1,1,4,0,149
1746.0,2,0,1,1,4,0,149
1747.0,2,0,1,1,4,0,149
1748.0,2,0,1,1,4,0,150
1749.0,0,1,1,1,3,0,150
1750.0,0,1,1,1,3,0,150
1751.0,0,1,1,1,3,0,150
1752.0,0,1,1,2,4,0,150
1753.0,0,1,1,1,3,0,150
1754.0,0,1,1,1,3,0,150
1755.0,0,1,1,1,3,0,150
1756.0,0,1,1,1,3,0,150
1757.0,0,1,1,1,3,0,150
1758.0,0,2,1,1,4,0,151
1759.0,0,1,0,0,1,0,151
1760.0,0,2,0,0,2,0,151
1761.0,0,1,0,0,1,0,151
1762.0,0,1,0,1,2,0,151
1763.0,0,1,0,0,1,0,151
1764.0,1,1,1,0,3,0,151
1765.0,1,1,0,0,2,0,151
1766.0,1,1,0,0,2,0,151
1767.0,1,1,0,0,2,0,151
1768.0,1,3,0,0,4,0,152
1769.0,0,1,0,0,1,0,152
1770.0,0,0,1,0,1,0,152
1771.0,0,0,1,0,1,0,152
1772.0,0,1,2,0,3,0,152
1773.0,0,1,3,1,5,0,152
1774.0,0,1,3,2,6,0,152
1775.0,0,1,4,1,6,0,152
1776.0,0,1,4,1,6,0,152
1777.0,0,1,4,1,6,0,152
1778.0,0,1,4,1,6,0,153
1779.0,0,1,2,0,3,0,153
1780.0,0,1,0,0,1,0,153
1781.0,1,1,0,0,2,0,153
1782.0,0,1,0,0,1,0,153
1783.0,0,1,0,0,1,0,153
1784.0,0,1,0,0,1,0,153
1785.0,0,1,0,0,1,0,153
1786.0,0,1,0,0,1,0,153
1787.0,0,1,0,1,2,0,153
1788.0,0,1,0,0,1,0,154
1789.0,0,0,0,0,0,0,154
1790.0,0,0,0,0,0,0,154
1791.0,0,0,1,0,1,0,154
1792.0,0,0,1,0,1,0,154
1793.0,1,0,1,1,3,0,154
1794.0,0,0,1,1,2,0,154
1795.0,0,0,1,1,2,0,154
1796.0,0,1,1,1,3,0,154
1797.0,0,1,1,2,4,0,154
1798.0,0,2,1,2,5,0,155
1799.0,0,1,0,2,3,0,155
1800.0,0,1,0,1,2,0,155
1801.0,0,2,0,0,2,0,155
1802.0,0,2,0,0,2,0,155
1803.0,1,2,0,0,3,0,155
1804.0,2,2,0,0,4,0,155
1805.0,1,2,0,0,3,0,155
1806.0,1,2,0,0,3,0,155
1807.0,1,4,0,1,6,0,155
1808.0,1,3,0,1,5,0,156
1809.0,1,3,0,1,5,0,156
1810.0,1,2,0,1,4,0,156
1811.0,1,1,0,1,3,0,156
1812.0,1,0,0,1,2,0,156
1813.0,2,0,1,1,4,0,156
1814.0,1,0,1,1,3,0,156
1815.0,1,0,1,1,3,0,156
1816.0,1,0,1,1,3,0,156
1817.0,1,0,1,1,3,0,156
1818.0,1,1,1,1,4,0,157
1819.0,1,2,0,0,3,0,157
1820.0,1,2,0,0,3,0,157
1821.0,1,2,0,0,3,0,157
1822.0,1,3,0,0,4,0,157
1823.0,1,4,0,0,5,0,157
1824.0,1,4,0,0,5,0,157
1825.0,1,4,0,0,5,0,157
1826.0,2,5,0,0,7,0,157
1827.0,2,6,0,0,8,0,157
1828.0,2,6,0,0,8,0,158
1829.0,2,5,0,0,7,0,158
1830.0,2,4,0,0,6,0,158
1831.0,2,3,1,0,6,0,158
1832.0,2,2,0,0,4,0,158
1833.0,2,1,0,0,3,0,158
1834.0,2,1,1,0,4,0,158
1835.0,2,1,0,0,3,0,158
1836.0,3,1,0,1,5,0,158
1837.0,3,1,0,0,4,0,158
1838.0,3,2,0,0,5,0,159
1839.0,1,1,0,0,2,0,159
1840.0,0,2,0,0,2,0,159
1841.0,0,2,1,0,3,0,159
1842.0,0,2,1,0,3,0,159
1843.0,0,3,1,1,5,0,159
1844.0,0,3,2,0,5,0,159
1845.0,0,3,2,0,5,0,159
1846.0,0,3,2,1,6,0,159
1847.0,0,3,2,0,5,0,159
1848.0,0,3,2,1,6,0,160
1849.0,0,2,2,1,5,0,160
1850.0,0,1,2,1,4,0,160
1851.0,0,0,2,1,3,0,160
1852.0,0,0,2,1,3,0,160
1853.0,0,0,3,1,4,0,160
1854.0,0,0,3,1,4,0,160
1855.0,0,0,3,1,4,0,160
1856.0,0,0,4,1,5,0,160
1857.0,0,0,3,1,4,0,160
1858.0,0,0,3,2,5,0,161
1859.0,0,0,2,0,2,0,161
1860.0,0,1,1,0,2,0,161
1861.0,0,1,0,0,1,0,161
1862.0,0,1,0,0,1,0,161
1863.0,0,1,0,0,1,0,161
1864.0,0,1,1,0,2,0,161
1865.0,0,1,0,0,1,0,161
1866.0,0,1,0,0,1,0,161
1867.0,0,2,0,0,2,0,161
1868.0,0,2,0,0,2,0,162
1869.0,0,1,1,0,2,0,162
1870.0,0,1,2,1,4,0,162
1871.0,0,1,2,0,3,0,162
1872.0,0,1,2,0,3,0,162
1873.0,0,1,2,1,4,0,162
1874.0,0,1,2,0,3,0,162
1875.0,0,1,3,0,4,0,162
1876.0,0,1,3,1,5,0,162
1877.0,0,1,3,0,4,0,162
1878.0,0,1,3,0,4,0,163
1879.0,0,1,2,0,3,0,163
1880.0,0,1,1,0,2,0,163
1881.0,0,1,0,0,1,0,163
1882.0,0,2,0,0,2,0,163
1883.0,0,1,0,0,1,0,163
1884.0,0,1,0,0,1,0,163
1885.0,0,1,0,0,1,0,163
1886.0,0,1,0,0,1,0,163
1887.0,0,1,0,0,1,0,163
1888.0,0,1,0,0,1,0,164
1889.0,0,0,1,0,1,0,164
1890.0,0,1,1,0,2,0,164
1891.0,0,1,1,1,3,0,164
1892.0,0,1,1,0,2,0,164
1893.0,0,1,1,0,2,0,164
1894.0,0,1,1,0,2,0,164
1895.0,0,1,1,0,2,0,164
1896.0,1,1,1,1,4,0,164
1897.0,0,1,3,1,5,0,164
1898.0,0,1,2,1,4,0,165
1899.0,0,1,1,0,2,0,165
1900.0,0,1,0,0,1,0,165
1901.0,0,1,0,0,1,0,165
1902.0,0,1,1,0,2,0,165
1903.0,0,1,0,0,1,0,165
1904.0,0,1,0,0,1,0,165
1905.0,0,1,1,0,2,0,165
1906.0,0,1,0,0,1,0,165
1907.0,0,1,0,0,1,0,165
1908.0,0,1,0,0,1,0,166
1909.0,0,0,1,0,1,0,166
1910.0,0,0,1,0,1,0,166
1911.0,0,0,1,0,1,0,166
1912.0,0,0,2,0,2,0,166
1913.0,0,0,2,0,2,0,166
1914.0,0,0,2,0,2,0,166
1915.0,0,0,2,1,3,0,166
1916.0,0,1,2,0,3,0,166
1917.0,0,0,3,0,3,0,166
1918.0,0,0,3,0,3,0,167
1919.0,0,1,1,0,2,0,167
1920.0,0,1,0,0,1,0,167
1921.0,0,2,0,0,2,0,167
1922.0,0,3,0,0,3,0,167
1923.0,0,3,0,0,3,0,167
1924.0,0,2,0,0,2,0,167
1925.0,0,2,0,0,2,0,167
1926.0,0,3,0,0,3,0,167
1927.0,0,3,0,0,3,0,167
1928.0,0,4,0,0,4,0,167
1929.0,0,4,0,0,4,0,167
1930.0,0,5,0,0,5,0,167
1931.0,0,6,0,0,6,0,167
1932.0,0,5,0,0,5,0,167
1933.0,0,7,0,0,7,0,168
1934.0,0,6,0,0,6,0,168
1935.0,0,5,0,0,5,0,168
1936.0,0,4,0,0,4,0,168
1937.0,0,3,0,0,3,0,168
1938.0,0,3,0,0,3,0,168
1939.0,0,3,0,0,3,0,168
1940.0,0,3,0,0,3,0,168
1941.0,0,4,0,0,4,0,168
1942.0,0,4,0,0,4,0,168
1943.0,0,4,0,0,4,0,168
1944.0,0,4,0,0,4,0,168
1945.0,0,4,0,0,4,0,168
1946.0,0,4,0,0,4,0,168
1947.0,0,4,0,0,4,0,168
1948.0,0,5,0,0,5,0,168
1949.0,0,4,0,0,4,0,168
1950.0,0,4,0,0,4,0,168
1951.0,0,5,0,1,6,0,168
1952.0,0,4,0,0,4,0,168
1953.0,0,4,0,0,4,0,168
1954.0,0,4,0,1,5,0,168
1955.0,0,4,0,0,4,0,168
1956.0,0,4,0,0,4,0,168
1957.0,0,4,0,0,4,0,168
1958.0,0,4,0,0,4,0,169
1959.0,0,2,0,0,2,0,169
1960.0,0,0,0,0,0,0,169
1961.0,0,0,0,1,1,0,169
1962.0,0,0,0,0,0,0,169
1963.0,0,0,1,2,3,0,169
1964.0,0,0,1,1,2,0,169
1965.0,0,0,1,1,2,0,169
1966.0,0,0,1,2,3,0,169
1967.0,0,0,2,3,5,0,169
1968.0,0,0,2,3,5,0,170
1969.0,0,0,0,1,1,0,170
1970.0,0,0,0,0,0,0,170
1971.0,0,1,1,0,2,0,170
1972.0,0,1,0,0,1,0,170
1973.0,0,1,0,0,1,0,170
1974.0,0,2,0,0,2,0,170
1975.0,0,2,0,1,3,0,170
1976.0,0,3,0,0,3,0,170
1977.0,0,3,0,0,3,0,170
1978.0,0,3,0,0,3,0,170
1979.0,0,3,0,0,3,0,170
1980.0,0,3,0,0,3,0,170
1981.0,0,3,0,1,4,0,170
1982.0,0,3,0,0,3,0,170
1983.0,0,3,0,0,3,0,171
1984.0,0,2,0,1,3,0,171
1985.0,0,1,0,0,1,0,171
1986.0,0,0,0,2,2,0,171
1987.0,0,0,0,2,2,0,171
1988.0,0,0,0,2,2,0,171
1989.0,0,0,0,2,2,0,171
1990.0,0,0,0,2,2,0,171
1991.0,0,1,0,2,3,0,171
1992.0,0,0,0,3,3,0,171
1993.0,0,0,0,3,3,0,172
1994.0,0,0,0,2,2,0,172
1995.0,0,0,0,1,1,0,172
1996.0,0,1,0,1,2,0,172
1997.0,0,1,0,0,1,0,172
1998.0,0,2,0,0,2,0,172
1999.0,0,2,0,0,2,0,172
2000.0,0,3,0,1,4,0,172
2001.0,0,3,0,0,3,0,172
2002.0,1,4,0,0,5,0,172
2003.0,0,3,0,0,3,0,172
2004.0,0,3,0,0,3,0,172
2005.0,0,3,0,0,3,0,172
2006.0,0,3,0,0,3,0,172
2007.0,0,3,0,0,3,0,172
2008.0,0,4,0,0,4,0,173
2009.0,0,2,0,0,2,0,173
2010.0,0,1,0,1,2,0,173
2011.0,0,1,0,1,2,0,173
2012.0,0,1,1,1,3,0,173
2013.0,0,1,2,2,5,0,173
2014.0,0,1,1,1,3,0,173
2015.0,0,1,1,1,3,0,173
2016.0,0,1,1,1,3,0,173
2017.0,0,1,1,1,3,0,173
2018.0,0,1,1,1,3,0,174
2019.0,0,1,0,1,2,0,174
2020.0,0,2,1,0,3,0,174
2021.0,0,2,0,0,2,0,174
2022.0,0,2,0,0,2,0,174
2023.0,0,2,0,0,2,0,174
2024.0,0,2,0,0,2,0,174
2025.0,0,3,0,1,4,0,174
2026.0,0,3,0,1,4,0,174
2027.0,1,3,0,0,4,0,174
2028.0,1,3,0,0,4,0,174
2029.0,1,3,0,1,5,0,174
2030.0,1,3,0,0,4,0,174
2031.0,1,3,0,1,5,0,174
2032.0,1,4,0,0,5,0,174
2033.0,1,4,0,0,5,0,175
2034.0,0,3,0,0,3,0,175
2035.0,0,3,0,0,3,0,175
2036.0,0,3,0,0,3,0,175
2037.0,0,3,0,1,4,0,175
2038.0,0,3,0,1,4,0,175
2039.0,0,3,0,2,5,0,175
2040.0,0,3,0,3,6,0,175
2041.0,0,3,0,4,7,0,175
2042.0,0,3,0,4,7,0,175
2043.0,0,3,0,5,8,0,176
2044.0,0,2,0,5,7,0,176
2045.0,0,0,0,5,5,0,176
2046.0,0,0,1,5,6,0,176
2047.0,0,1,1,5,7,0,176
2048.0,0,0,2,5,7,0,176
2049.0,0,0,2,5,7,0,176
2050.0,0,1,2,5,8,0,176
2051.0,0,1,3,5,9,0,176
2052.0,0,0,2,6,8,0,176
2053.0,0,0,2,6,8,0,177
2054.0,0,1,2,3,6,0,177
2055.0,1,0,1,1,3,0,177
2056.0,0,1,0,0,1,0,177
2057.0,0,1,0,0,1,0,177
2058.0,0,1,0,0,1,0,177
2059.0,0,3,0,0,3,0,177
2060.0,0,3,0,0,3,0,177
2061.0,0,4,0,0,4,0,177
2062.0,0,4,0,0,4,0,177
2063.0,0,4,0,0,4,0,178
2064.0,0,2,1,0,3,0,178
2065.0,0,3,1,1,5,0,178
2066.0,0,2,1,0,3,0,178
2067.0,0,2,2,0,4,0,178
2068.0,0,2,1,1,4,0,178
2069.0,0,2,2,0,4,0,178
2070.0,0,2,1,0,3,0,178
2071.0,1,2,1,0,4,0,178
2072.0,0,2,1,0,3,0,178
2073.0,0,2,1,0,3,0,179
2074.0,0,2,1,1,4,0,179
2075.0,0,0,1,0,1,0,179
2076.0,0,1,1,0,2,0,179
2077.0,1,1,1,1,4,0,179
2078.0,1,1,2,1,5,0,179
2079.0,1,1,2,2,6,0,179
2080.0,1,2,2,3,8,0,179
2081.0,1,1,2,3,7,0,179
2082.0,1,1,2,3,7,0,179
2083.0,2,1,2,4,9,0,180
2084.0,1,1,0,2,4,0,180
2085.0,2,1,0,1,4,0,180
2086.0,1,2,0,0,3,0,180
2087.0,1,2,0,0,3,0,180
2088.0,1,2,0,0,3,0,180
2089.0,1,2,0,0,3,0,180
2090.0,1,3,0,0,4,0,180
2091.0,2,3,0,0,5,0,180
2092.0,2,3,0,0,5,0,180
2093.0,2,3,0,0,5,0,181
2094.0,1,1,0,0,2,0,181
2095.0,0,1,0,0,1,0,181
2096.0,0,1,0,0,1,0,181
2097.0,0,1,0,0,1,0,181
2098.0,0,1,0,0,1,0,181
2099.0,0,1,1,0,2,0,181
2100.0,0,1,1,0,2,0,181
2101.0,0,1,1,0,2,0,181
2102.0,0,1,1,0,2,0,181
2103.0,0,1,1,0,2,0,182
2104.0,0,0,1,0,1,0,182
2105.0,0,0,1,0,1,0,182
2106.0,0,0,1,1,2,0,182
2107.0,0,0,1,1,2,0,182
2108.0,0,0,1,1,2,0,182
2109.0,0,0,1,1,2,0,182
2110.0,1,0,1,1,3,0,182
2111.0,0,0,2,1,3,0,182
2112.0,0,0,2,1,3,0,182
2113.0,0,0,2,1,3,0,183
2114.0,0,0,1,0,1,0,183
2115.0,0,0,1,0,1,0,183
2116.0,0,0,0,0,0,0,183
2117.0,0,0,0,0,0,0,183
2118.0,0,0,0,0,0,0,183
2119.0,0,0,0,0,0,0,183
2120.0,0,0,0,0,0,0,183
2121.0,0,0,0,0,0,0,183
2122.0,0,0,0,0,0,0,183
2123.0,0,0,0,0,0,0,183
2124.0,0,0,0,0,0,0,183
2125.0,0,0,0,0,0,0,183
2126.0,0,0,0,0,0,0,183
2127.0,0,0,0,0,0,0,183
2128.0,0,0,0,0,0,0,183
2129.0,0,0,0,0,0,0,183
2130.0,0,0,0,0,0,0,183
2131.0,0,0,0,0,0,0,183
2132.0,0,0,0,0,0,0,183
2133.0,1,0,0,0,1,0,183
2134.0,1,0,0,0,1,0,183
2135.0,1,0,0,0,1,0,183
2136.0,1,0,0,0,1,0,183
2137.0,1,0,0,0,1,0,183
2138.0,1,0,0,0,1,0,184
2139.0,1,0,0,0,1,0,184
2140.0,1,0,0,0,1,0,184
2141.0,1,0,0,0,1,0,184
2142.0,1,0,0,0,1,0,184
2143.0,1,0,0,0,1,0,184
2144.0,1,0,0,0,1,0,184
2145.0,1,0,0,0,1,0,184
2146.0,1,0,0,0,1,0,184
2147.0,1,0,0,0,1,0,184
2148.0,1,0,0,0,1,0,185
2149.0,0,0,0,0,0,0,185
2150.0,0,0,0,0,0,0,185
2151.0,0,0,0,0,0,0,185
2152.0,0,0,0,0,0,0,185
2153.0,0,0,0,0,0,0,185
2154.0,0,0,0,0,0,0,185
2155.0,0,0,0,0,0,0,185
2156.0,0,0,0,0,0,0,185
2157.0,0,0,0,0,0,0,185
2158.0,0,0,0,0,0,0,186
2159.0,0,1,0,0,1,0,186
2160.0,0,0,0,0,0,0,186
2161.0,0,0,0,0,0,0,186
2162.0,0,0,1,0,1,0,186
2163.0,0,0,0,1,1,0,186
2164.0,0,0,0,0,0,0,186
2165.0,0,0,1,1,2,0,186
2166.0,0,0,0,0,0,0,186
2167.0,0,0,0,0,0,0,186
2168.0,0,1,0,0,1,0,186
2169.0,0,1,0,0,1,0,186
2170.0,0,2,0,0,2,0,186
2171.0,0,2,0,0,2,0,186
2172.0,0,2,0,0,2,0,186
2173.0,1,2,0,0,3,0,187
2174.0,0,1,0,0,1,0,187
2175.0,0,0,0,0,0,0,187
2176.0,0,1,0,0,1,0,187
2177.0,0,1,0,1,2,0,187
2178.0,0,0,1,2,3,0,187
2179.0,0,0,1,1,2,0,187
2180.0,0,0,1,1,2,0,187
2181.0,0,1,1,1,3,0,187
2182.0,0,1,2,2,5,0,187
2183.0,0,1,1,2,4,0,188
2184.0,0,1,0,0,1,0,188
2185.0,0,2,0,0,2,0,188
2186.0,0,2,0,0,2,0,188
2187.0,0,3,0,0,3,0,188
2188.0,0,2,1,0,3,0,188
2189.0,0,2,1,0,3,0,188
2190.0,0,2,0,1,3,0,188
2191.0,0,2,0,0,2,0,188
2192.0,0,3,0,0,3,0,188
2193.0,0,3,0,0,3,0,188
2194.0,0,4,0,0,4,0,188
2195.0,0,4,0,0,4,0,188
2196.0,0,4,0,0,4,0,188
2197.0,0,4,0,1,5,0,188
2198.0,2,5,0,0,7,0,189
2199.0,0,4,0,0,4,0,189
2200.0,0,3,1,0,4,0,189
2201.0,0,2,1,1,4,0,189
2202.0,0,2,1,1,4,0,189
2203.0,0,2,1,1,4,0,189
2204.0,0,2,1,2,5,0,189
2205.0,0,3,1,2,6,0,189
2206.0,0,3,1,2,6,0,189
2207.0,0,3,1,2,6,0,189
2208.0,0,3,1,3,7,0,190
2209.0,0,1,1,2,4,0,190
2210.0,0,0,1,2,3,0,190
2211.0,0,0,1,2,3,0,190
2212.0,0,0,1,2,3,0,190
2213.0,0,1,1,2,4,0,190
2214.0,0,0,1,3,4,0,190
2215.0,0,0,1,4,5,0,190
2216.0,0,0,1,4,5,0,190
2217.0,0,1,1,4,6,0,190
2218.0,1,0,1,4,6,0,191
2219.0,0,0,0,1,1,0,191
2220.0,0,0,0,0,0,0,191
2221.0,0,0,0,0,0,0,191
2222.0,0,0,0,0,0,0,191
2223.0,0,0,0,0,0,0,191
2224.0,0,1,0,0,1,0,191
2225.0,0,1,0,0,1,0,191
2226.0,0,1,0,0,1,0,191
2227.0,1,1,0,0,2,0,191
2228.0,0,2,0,0,2,0,192
2229.0,0,1,0,0,1,0,192
2230.0,0,0,0,0,0,0,192
2231.0,0,0,0,0,0,0,192
2232.0,0,0,0,0,0,0,192
2233.0,1,1,0,0,2,0,192
2234.0,0,2,0,0,2,0,192
2235.0,0,1,0,0,1,0,192
2236.0,0,1,0,0,1,0,192
2237.0,0,1,0,0,1,0,192
2238.0,0,1,0,0,1,0,193
2239.0,0,0,0,0,0,0,193
2240.0,0,0,0,0,0,0,193
2241.0,0,0,0,1,1,0,193
2242.0,0,0,0,1,1,0,193
2243.0,0,0,0,1,1,0,193
2244.0,0,1,1,1,3,0,193
2245.0,0,2,1,1,4,0,193
2246.0,0,1,2,1,4,0,193
2247.0,0,1,3,1,5,0,193
2248.0,0,2,3,1,6,0,194
2249.0,0,1,3,0,4,0,194
2250.0,0,1,1,0,2,0,194
2251.0,1,1,0,0,2,0,194
2252.0,0,1,0,1,2,0,194
2253.0,0,1,0,0,1,0,194
2254.0,0,1,0,0,1,0,194
2255.0,0,2,0,0,2,0,194
2256.0,1,2,0,0,3,0,194
2257.0,0,2,0,0,2,0,194
2258.0,0,3,0,0,3,0,195
2259.0,1,2,0,0,3,0,195
2260.0,1,2,1,0,4,0,195
2261.0,1,1,1,0,3,0,195
2262.0,1,0,1,0,2,0,195
2263.0,1,0,1,1,3,0,195
2264.0,1,0,1,1,3,0,195
2265.0,1,0,1,1,3,0,195
2266.0,1,0,1,1,3,0,195
2267.0,1,0,1,1,3,0,195
2268.0,1,0,1,1,3,0,196
2269.0,1,1,0,0,2,0,196
2270.0,1,1,1,0,3,0,196
2271.0,1,1,0,0,2,0,196
2272.0,1,1,0,0,2,0,196
2273.0,1,1,0,1,3,0,196
2274.0,1,1,0,0,2,0,196
2275.0,2,1,0,0,3,0,196
2276.0,2,1,0,0,3,0,196
2277.0,2,1,0,0,3,0,196
2278.0,3,1,0,0,4,0,197
2279.0,2,0,0,0,2,0,197
2280.0,2,1,0,0,3,0,197
2281.0,2,0,1,0,3,0,197
2282.0,2,0,2,0,4,0,197
2283.0,2,0,1,0,3,0,197
2284.0,2,0,1,1,4,0,197
2285.0,2,0,2,2,6,0,197
2286.0,2,0,1,1,4,0,197
2287.0,2,0,1,1,4,0,197
2288.0,2,0,2,1,5,0,198
2289.0,2,0,0,0,2,0,198
2290.0,2,0,0,0,2,0,198
2291.0,2,1,0,0,3,0,198
2292.0,2,1,0,0,3,0,198
2293.0,2,1,0,0,3,0,198
2294.0,2,1,0,0,3,0,198
2295.0,2,1,0,0,3,0,198
2296.0,2,1,0,0,3,0,198
2297.0,2,1,0,0,3,0,198
2298.0,2,1,0,0,3,0,199
2299.0,1,1,0,0,2,0,199
2300.0,0,1,1,0,2,0,199
2301.0,0,1,1,0,2,0,199
2302.0,1,1,1,0,3,0,199
2303.0,0,1,1,0,2,0,199
2304.0,0,1,1,0,2,0,199
2305.0,0,1,1,1,3,0,199
2306.0,0,1,1,0,2,0,199
2307.0,0,2,2,0,4,0,199
2308.0,1,2,2,1,6,0,200
2309.0,0,2,1,0,3,0,200
2310.0,0,2,0,0,2,0,200
2311.0,0,2,0,0,2,0,200
2312.0,0,2,0,0,2,0,200
2313.0,0,2,0,0,2,0,200
2314.0,0,2,1,0,3,0,200
2315.0,1,2,0,0,3,0,200
2316.0,0,2,0,0,2,0,200
2317.0,0,2,1,0,3,0,200
2318.0,0,2,0,0,2,0,201
2319.0,0,1,1,0,2,0,201
2320.0,0,0,0,1,1,0,201
2321.0,0,0,0,0,0,0,201
2322.0,0,1,0,0,1,0,201
2323.0,0,0,1,0,1,0,201
2324.0,0,0,1,0,1,0,201
2325.0,0,0,1,0,1,0,201
2326.0,0,0,1,0,1,0,201
2327.0,0,0,1,0,1,0,201
2328.0,1,0,2,0,3,0,202
2329.0,1,0,0,0,1,0,202
2330.0,1,1,0,0,2,0,202
2331.0,1,0,0,1,2,0,202
2332.0,2,0,0,0,2,0,202
2333.0,2,0,0,0,2,0,202
2334.0,2,0,0,1,3,0,202
2335.0,2,1,0,0,3,0,202
2336.0,3,2,0,0,5,0,202
2337.0,3,1,0,0,4,0,202
2338.0,3,1,0,0,4,0,202
2339.0,3,2,0,0,5,0,202
2340.0,3,1,0,0,4,0,202
2341.0,3,2,0,0,5,0,202
2342.0,3,2,0,0,5,0,202
2343.0,3,2,1,0,6,0,203
2344.0,1,2,1,0,4,0,203
2345.0,0,2,1,1,4,0,203
2346.0,0,3,1,1,5,0,203
2347.0,0,3,1,1,5,0,203
2348.0,0,3,1,1,5,0,203
2349.0,0,4,2,1,7,0,203
2350.0,0,4,2,1,7,0,203
2351.0,0,4,2,1,7,0,203
2352.0,0,4,2,1,7,0,203
2353.0,0,4,2,1,7,0,204
2354.0,0,3,2,1,6,0,204
2355.0,0,3,2,1,6,0,204
2356.0,0,3,3,1,7,0,204
2357.0,0,2,3,1,6,0,204
2358.0,0,1,3,1,5,0,204
2359.0,0,2,3,1,6,0,204
2360.0,0,1,3,1,5,0,204
2361.0,0,1,3,1,5,0,204
2362.0,0,2,4,1,7,0,204
2363.0,0,1,4,1,6,0,205
2364.0,0,2,1,0,3,0,205
2365.0,0,2,0,0,2,0,205
2366.0,0,3,0,0,3,0,205
2367.0,0,3,0,0,3,0,205
2368.0,0,3,0,0,3,0,205
2369.0,0,4,0,0,4,0,205
2370.0,0,4,0,0,4,0,205
2371.0,0,4,0,0,4,0,205
2372.0,1,4,0,1,6,0,205
2373.0,0,4,0,0,4,0,205
2374.0,0,5,0,0,5,0,205
2375.0,0,5,0,0,5,0,205
2376.0,0,4,0,0,4,0,205
2377.0,0,6,0,0,6,0,205
2378.0,0,7,0,0,7,0,206
2379.0,0,6,0,0,6,0,206
2380.0,0,5,0,0,5,0,206
2381.0,0,5,0,0,5,0,206
2382.0,0,5,0,0,5,0,206
2383.0,1,3,0,1,5,0,206
2384.0,0,3,0,1,4,0,206
2385.0,0,3,0,2,5,0,206
2386.0,0,3,1,2,6,0,206
2387.0,0,3,0,2,5,0,206
2388.0,0,3,0,2,5,0,207
2389.0,0,1,1,2,4,0,207
2390.0,0,1,1,3,5,0,207
2391.0,0,1,1,2,4,0,207
2392.0,0,2,1,3,6,0,207
2393.0,0,3,1,3,7,0,207
2394.0,0,3,1,3,7,0,207
2395.0,0,3,1,3,7,0,207
2396.0,0,3,1,3,7,0,207
2397.0,0,3,2,3,8,0,207
2398.0,0,3,2,3,8,0,208
2399.0,0,3,0,2,5,0,208
2400.0,0,4,0,1,5,0,208
2401.0,0,4,1,0,5,0,208
2402.0,0,4,0,0,4,0,208
2403.0,0,5,0,0,5,0,208
2404.0,0,5,0,0,5,0,208
2405.0,1,5,0,0,6,0,208
2406.0,1,4,0,0,5,0,208
2407.0,1,4,0,0,5,0,208
2408.0,1,5,0,0,6,0,209
2409.0,0,4,1,0,5,0,209
2410.0,0,3,0,0,3,0,209
2411.0,0,3,0,0,3,0,209
2412.0,0,4,0,0,4,0,209
2413.0,0,3,0,0,3,0,209
2414.0,0,4,1,1,6,0,209
2415.0,0,5,1,0,6,0,209
2416.0,0,5,1,0,6,0,209
2417.0,1,5,1,0,7,0,209
2418.0,0,5,1,0,6,0,210
2419.0,0,4,1,1,6,0,210
2420.0,0,3,2,0,5,0,210
2421.0,0,2,2,0,4,0,210
2422.0,0,2,2,0,4,0,210
2423.0,0,1,2,1,4,0,210
2424.0,0,1,2,1,4,0,210
2425.0,0,2,2,2,6,0,210
2426.0,0,2,2,2,6,0,210
2427.0,1,2,2,2,7,0,210
2428.0,1,2,2,2,7,0,211
2429.0,1,2,0,1,4,0,211
2430.0,1,2,0,0,3,0,211
2431.0,2,4,0,0,6,0,211
2432.0,1,5,0,1,7,0,211
2433.0,1,5,0,0,6,0,211
2434.0,1,5,0,0,6,0,211
2435.0,1,6,1,0,8,0,211
2436.0,2,6,0,1,9,0,211
2437.0,2,7,0,0,9,0,211
2438.0,2,6,1,0,9,0,212
2439.0,1,5,0,0,6,0,212
2440.0,1,4,1,0,6,0,212
2441.0,1,4,1,0,6,0,212
2442.0,1,4,1,1,7,0,212
2443.0,1,5,1,0,7,0,212
2444.0,1,5,1,1,8,0,212
2445.0,1,5,3,2,11,0,212
2446.0,2,5,3,1,11,0,212
2447.0,1,5,3,2,11,0,212
2448.0,1,5,4,2,12,0,213
2449.0,1,4,4,3,12,0,213
2450.0,0,3,4,3,10,0,213
2451.0,0,2,4,3,9,0,213
2452.0,1,2,4,4,11,0,213
2453.0,0,2,4,4,10,0,213
2454.0,0,2,4,4,10,0,213
2455.0,0,2,4,5,11,0,213
2456.0,0,2,4,5,11,0,213
2457.0,0,2,4,6,12,0,213
2458.0,1,2,4,6,13,0,214
2459.0,0,2,2,4,8,0,214
2460.0,0,2,0,3,5,0,214
2461.0,0,3,0,1,4,0,214
2462.0,0,3,1,0,4,0,214
2463.0,0,4,0,0,4,0,214
2464.0,0,5,0,0,5,0,214
2465.0,0,5,0,0,5,0,214
2466.0,0,6,0,0,6,0,214
2467.0,0,5,0,0,5,0,214
2468.0,0,5,1,1,7,0,215
2469.0,1,4,1,0,6,0,215
2470.0,1,3,1,1,6,0,215
2471.0,2,2,2,1,7,0,215
2472.0,2,1,3,1,7,0,215
2473.0,2,1,3,1,7,0,215
2474.0,2,2,3,2,9,0,215
2475.0,2,1,3,2,8,0,215
2476.0,2,1,3,3,9,0,215
2477.0,2,1,3,4,10,0,215
2478.0,2,2,3,4,11,0,216
2479.0,2,2,1,2,7,0,216
2480.0,2,2,0,0,4,0,216
2481.0,3,3,0,0,6,0,216
2482.0,3,4,0,0,7,0,216
2483.0,3,4,0,0,7,0,216
2484.0,3,5,0,0,8,0,216
2485.0,4,5,0,0,9,0,216
2486.0,3,5,0,1,9,0,216
2487.0,3,7,0,0,10,0,216
2488.0,3,6,0,0,9,0,217
2489.0,1,5,0,0,6,0,217
2490.0,1,4,0,0,5,0,217
2491.0,0,4,0,1,5,0,217
2492.0,0,4,0,0,4,0,217
2493.0,0,5,0,0,5,0,217
2494.0,0,4,0,0,4,0,217
2495.0,0,4,0,1,5,0,217
2496.0,0,4,0,0,4,0,217
2497.0,0,4,0,2,6,0,217
2498.0,0,4,0,2,6,0,218
2499.0,1,3,1,3,8,0,218
2500.0,0,2,1,3,6,0,218
2501.0,0,1,2,4,7,0,218
2502.0,0,0,2,4,6,0,218
2503.0,0,0,3,4,7,0,218
2504.0,0,0,3,6,9,0,218
2505.0,0,1,3,6,10,0,218
2506.0,0,1,3,7,11,0,218
2507.0,0,1,3,7,11,0,218
2508.0,0,1,3,8,12,0,219
2509.0,1,1,1,5,8,0,219
2510.0,1,2,0,3,6,0,219
2511.0,1,4,0,1,6,0,219
2512.0,1,4,0,0,5,0,219
2513.0,2,3,0,0,5,0,219
2514.0,2,4,0,0,6,0,219
2515.0,2,5,0,0,7,0,219
2516.0,2,5,0,0,7,0,219
2517.0,3,5,0,0,8,0,219
2518.0,2,5,1,0,8,0,220
2519.0,2,5,2,1,10,0,220
2520.0,3,5,2,1,11,0,220
2521.0,3,5,2,2,12,0,220
2522.0,3,5,2,1,11,0,220
2523.0,4,4,2,1,11,0,220
2524.0,3,4,5,1,13,0,220
2525.0,3,3,6,1,13,0,220
2526.0,3,2,7,1,13,0,220
2527.0,3,3,7,1,14,0,220
2528.0,3,2,8,1,14,0,220
2529.0,3,2,8,1,14,0,220
2530.0,3,2,8,1,14,0,220
2531.0,3,2,8,1,14,0,220
2532.0,4,2,8,2,16,0,220
2533.0,3,2,8,2,15,0,220
2534.0,3,2,8,2,15,0,220
2535.0,3,2,9,2,16,0,220
2536.0,4,3,9,2,18,0,220
2537.0,3,2,10,2,17,0,220
2538.0,3,4,9,2,18,0,221
2539.0,4,4,7,0,15,0,221
2540.0,4,3,5,0,12,0,221
2541.0,4,3,4,0,11,0,221
2542.0,4,4,3,1,12,0,221
2543.0,4,3,2,0,9,0,221
2544.0,4,3,1,0,8,0,221
2545.0,4,3,0,0,7,0,221
2546.0,4,3,0,0,7,0,221
2547.0,4,3,0,0,7,0,221
2548.0,5,5,0,0,10,0,222
2549.0,2,5,2,0,9,0,222
2550.0,1,6,3,1,11,0,222
2551.0,0,5,2,0,7,0,222
2552.0,1,4,4,1,10,0,222
2553.0,0,4,5,2,11,0,222
2554.0,1,4,5,1,11,0,222
2555.0,0,4,6,1,11,0,222
2556.0,0,4,6,2,12,0,222
2557.0,0,5,7,1,13,0,222
2558.0,0,5,6,1,12,0,223
2559.0,1,4,6,1,12,0,223
2560.0,1,4,6,1,12,0,223
2561.0,1,3,6,2,12,0,223
2562.0,2,3,7,2,14,0,223
2563.0,1,3,8,3,15,0,223
2564.0,1,3,8,3,15,0,223
2565.0,1,3,8,3,15,0,223
2566.0,1,3,8,4,16,0,223
2567.0,1,3,9,5,18,0,223
2568.0,1,3,12,6,22,0,223
2569.0,1,4,11,6,22,0,223
2570.0,1,4,11,7,23,0,223
2571.0,2,4,11,7,24,0,223
2572.0,1,5,13,7,26,0,223
2573.0,1,5,12,8,26,0,224
2574.0,1,2,13,8,24,0,224
2575.0,1,0,13,8,22,0,224
2576.0,1,1,14,9,25,0,224
2577.0,1,0,14,9,24,0,224
2578.0,1,0,14,9,24,0,224
2579.0,1,1,14,10,26,0,224
2580.0,1,0,14,10,25,0,224
2581.0,1,0,14,11,26,0,224
2582.0,1,1,15,11,28,0,224
2583.0,2,2,17,11,32,0,225
2584.0,2,2,14,9,27,0,225
2585.0,2,3,11,5,21,0,225
2586.0,2,3,8,4,17,0,225
2587.0,2,3,6,1,12,0,225
2588.0,2,3,3,0,8,0,225
2589.0,2,3,2,0,7,0,225
2590.0,2,3,1,0,6,0,225
2591.0,3,4,0,0,7,0,225
2592.0,2,4,0,1,7,0,225
2593.0,2,5,0,0,7,0,226
2594.0,1,4,1,0,6,0,226
2595.0,2,3,2,3,10,0,226
2596.0,3,3,3,3,12,0,226
2597.0,3,4,5,3,15,0,226
2598.0,2,2,6,4,14,0,226
2599.0,2,2,8,4,16,0,226
2600.0,2,2,8,4,16,0,226
2601.0,2,2,11,4,19,0,226
2602.0,2,2,13,5,22,0,226
2603.0,2,2,13,5,22,0,226
2604.0,2,2,12,5,21,0,226
2605.0,2,2,12,5,21,0,226
2606.0,2,2,12,5,21,0,226
2607.0,2,2,14,7,25,0,226
2608.0,2,2,15,7,26,0,227
2609.0,1,1,17,8,27,0,227
2610.0,0,0,17,9,26,0,227
2611.0,0,0,18,9,27,0,227
2612.0,1,0,19,9,29,0,227
2613.0,0,0,19,9,28,0,227
2614.0,0,0,19,9,28,0,227
2615.0,1,1,20,9,31,0,227
2616.0,1,1,21,9,32,0,227
2617.0,1,2,22,10,35,0,227
2618.0,2,2,22,9,35,0,228
2619.0,1,2,19,6,28,0,228
2620.0,1,2,16,3,22,0,228
2621.0,1,3,13,1,18,0,228
2622.0,2,3,11,0,16,0,228
2623.0,1,3,8,0,12,0,228
2624.0,1,3,6,0,10,0,228
2625.0,2,4,3,0,9,0,228
2626.0,1,4,2,0,7,0,228
2627.0,1,4,1,0,6,0,228
2628.0,1,4,0,0,5,0,229
2629.0,0,3,1,1,5,0,229
2630.0,0,3,1,1,5,0,229
2631.0,1,4,1,2,8,0,229
2632.0,0,3,2,3,8,0,229
2633.0,0,3,3,2,8,0,229
2634.0,0,4,5,2,11,0,229
2635.0,0,5,7,2,14,0,229
2636.0,0,4,8,2,14,0,229
2637.0,0,4,8,2,14,0,229
2638.0,0,4,10,2,16,0,230
2639.0,0,3,12,2,17,0,230
2640.0,0,2,14,2,18,0,230
2641.0,1,3,15,2,21,0,230
2642.0,1,1,15,2,19,0,230
2643.0,3,0,16,3,22,0,230
2644.0,2,1,17,3,23,0,230
2645.0,3,0,17,3,23,0,230
2646.0,3,0,17,3,23,0,230
2647.0,4,1,17,3,25,0,230
2648.0,4,0,19,4,27,0,230
2649.0,5,0,19,4,28,0,230
2650.0,4,0,20,4,28,0,230
2651.0,5,0,22,4,31,0,230
2652.0,5,0,21,4,30,0,230
2653.0,6,1,21,4,32,0,230
2654.0,5,1,21,4,31,0,230
2655.0,5,2,22,4,33,0,230
2656.0,6,2,23,5,36,0,230
2657.0,5,2,23,5,35,0,230
2658.0,5,2,23,5,35,0,231
2659.0,5,2,20,3,30,0,231
2660.0,5,2,17,0,24,0,231
2661.0,5,2,14,0,21,0,231
2662.0,5,2,12,0,19,0,231
2663.0,5,2,10,0,17,0,231
2664.0,6,2,7,0,15,0,231
2665.0,6,2,5,0,13,0,231
2666.0,7,3,2,0,12,0,231
2667.0,6,3,0,1,10,0,231
2668.0,6,3,0,0,9,0,232
2669.0,4,1,2,0,7,0,232
2670.0,1,2,4,2,9,0,232
2671.0,3,2,8,1,14,0,232
2672.0,1,1,7,1,10,0,232
2673.0,0,1,9,1,11,0,232
2674.0,0,1,10,2,13,0,232
2675.0,0,1,12,2,15,0,232
2676.0,0,1,13,2,16,0,232
2677.0,0,1,14,3,18,0,232
2678.0,1,2,17,3,23,0,232
2679.0,1,1,19,4,25,0,232
2680.0,1,1,20,4,26,0,232
2681.0,1,2,21,4,28,0,232
2682.0,1,1,21,5,28,0,232
2683.0,1,1,21,5,28,0,233
2684.0,1,1,19,3,24,0,233
2685.0,1,1,16,1,19,0,233
2686.0,2,1,14,1,18,0,233
2687.0,1,2,11,1,15,0,233
2688.0,1,2,9,0,12,0,233
2689.0,2,2,6,1,11,0,233
2690.0,2,2,3,0,7,0,233
2691.0,3,2,1,0,6,0,233
2692.0,3,2,0,0,5,0,233
2693.0,3,2,0,0,5,0,234
2694.0,2,2,1,1,6,0,234
2695.0,1,1,3,3,8,0,234
2696.0,1,1,5,4,11,0,234
2697.0,2,1,7,6,16,0,234
2698.0,1,1,9,5,16,0,234
2699.0,1,2,11,5,19,0,234
2700.0,1,2,13,6,22,0,234
2701.0,1,2,14,5,22,0,234
2702.0,1,2,17,6,26,0,234
2703.0,2,2,18,6,28,0,235
2704.0,1,2,17,6,26,0,235
2705.0,1,3,14,3,21,0,235
2706.0,1,2,11,2,16,0,235
2707.0,1,2,9,1,13,0,235
2708.0,2,2,7,0,11,0,235
2709.0,2,3,5,0,10,0,235
2710.0,2,2,2,0,6,0,235
2711.0,2,3,0,0,5,0,235
2712.0,2,3,0,0,5,0,235
2713.0,2,3,0,0,5,0,236
2714.0,2,3,1,0,6,0,236
2715.0,1,3,0,1,5,0,236
2716.0,1,3,1,3,8,0,236
2717.0,1,3,2,3,9,0,236
2718.0,1,3,3,4,11,0,236
2719.0,1,4,3,6,14,0,236
2720.0,1,4,5,7,17,0,236
2721.0,1,4,5,6,16,0,236
2722.0,1,4,6,7,18,0,236
2723.0,2,5,8,7,22,0,237
2724.0,0,5,9,8,22,0,237
2725.0,1,4,11,8,24,0,237
2726.0,2,3,11,8,24,0,237
2727.0,1,2,13,8,24,0,237
2728.0,1,1,12,8,22,0,237
2729.0,2,1,14,8,25,0,237
2730.0,1,1,17,8,27,0,237
2731.0,1,1,17,8,27,0,237
2732.0,1,1,18,9,29,0,237
2733.0,1,1,19,10,31,0,237
2734.0,1,1,19,11,32,0,237
2735.0,1,1,20,11,33,0,237
2736.0,1,1,20,11,33,0,237
2737.0,1,1,22,13,37,0,237
2738.0,1,2,24,13,40,0,238
2739.0,2,1,21,11,35,0,238
2740.0,1,1,18,8,28,0,238
2741.0,1,1,15,5,22,0,238
2742.0,1,1,12,3,17,0,238
2743.0,2,2,9,1,14,0,238
2744.0,2,2,6,0,10,0,238
2745.0,2,4,4,0,10,0,238
2746.0,3,3,1,1,8,0,238
2747.0,2,4,0,0,6,0,238
2748.0,3,4,0,0,7,0,239
2749.0,3,4,2,0,9,0,239
2750.0,2,3,2,2,9,0,239
2751.0,1,3,4,3,11,0,239
2752.0,0,3,5,3,11,0,239
2753.0,0,3,6,4,13,0,239
2754.0,0,3,8,5,16,0,239
2755.0,0,3,9,6,18,0,239
2756.0,1,3,9,6,19,0,239
2757.0,0,4,12,8,24,0,239
2758.0,0,3,13,7,23,0,239
2759.0,0,3,14,7,24,0,239
2760.0,0,3,16,8,27,0,239
2761.0,0,4,17,8,29,0,239
2762.0,0,3,19,8,30,0,239
2763.0,0,3,20,8,31,0,240
2764.0,1,4,16,5,26,0,240
2765.0,0,3,13,3,19,0,240
2766.0,0,3,10,1,14,0,240
2767.0,0,5,8,0,13,0,240
2768.0,0,4,6,0,10,0,240
2769.0,0,5,4,0,9,0,240
2770.0,0,6,2,0,8,0,240
2771.0,1,6,0,0,7,0,240
2772.0,1,6,0,0,7,0,240
2773.0,2,6,0,0,8,0,241
2774.0,2,5,1,1,9,0,241
2775.0,2,5,1,1,9,0,241
2776.0,2,4,1,1,8,0,241
2777.0,2,4,4,1,11,0,241
2778.0,3,4,3,1,11,0,241
2779.0,3,7,4,1,15,0,241
2780.0,3,6,7,1,17,0,241
2781.0,3,7,8,1,19,0,241
2782.0,3,6,12,2,23,0,241
2783.0,3,4,12,2,21,0,241
2784.0,3,6,12,2,23,0,241
2785.0,4,4,12,2,22,0,241
2786.0,3,4,15,2,24,0,241
2787.0,3,6,14,2,25,0,241
2788.0,4,4,16,2,26,0,241
2789.0,3,5,19,2,29,0,241
2790.0,3,5,20,2,30,0,241
2791.0,3,4,19,2,28,0,241
2792.0,3,5,20,2,30,0,241
2793.0,3,5,22,2,32,0,241
2794.0,3,5,23,3,34,0,241
2795.0,3,6,23,2,34,0,241
2796.0,3,6,22,2,33,0,241
2797.0,3,7,21,2,33,0,241
2798.0,4,7,21,4,36,0,242
2799.0,3,8,18,1,30,0,242
2800.0,3,9,16,0,28,0,242
2801.0,3,9,13,1,26,0,242
2802.0,4,10,11,0,25,0,242
2803.0,3,10,9,0,22,0,242
2804.0,3,11,7,0,21,0,242
2805.0,4,12,6,0,22,0,242
2806.0,3,13,6,0,22,0,242
2807.0,3,13,4,0,20,0,242
2808.0,4,13,2,0,19,0,243
2809.0,2,12,2,0,16,0,243
2810.0,1,10,4,0,15,0,243
2811.0,0,8,4,1,13,0,243
2812.0,1,8,8,1,18,0,243
2813.0,1,6,9,1,17,0,243
2814.0,1,5,10,1,17,0,243
2815.0,1,4,12,1,18,0,243
2816.0,1,5,13,1,20,0,243
2817.0,1,5,17,1,24,0,243
2818.0,2,5,17,2,26,0,243
2819.0,1,5,18,2,26,0,243
2820.0,1,6,19,2,28,0,243
2821.0,1,5,19,3,28,0,243
2822.0,1,5,20,3,29,0,243
2823.0,1,5,21,3,30,0,244
2824.0,1,7,19,1,28,0,244
2825.0,1,7,16,0,24,0,244
2826.0,2,7,13,0,22,0,244
2827.0,3,7,10,0,20,0,244
2828.0,3,8,7,0,18,0,244
2829.0,3,9,4,0,16,0,244
2830.0,3,9,2,0,14,0,244
2831.0,3,9,1,0,13,0,244
2832.0,3,10,0,0,13,0,244
2833.0,3,12,0,0,15,0,245
2834.0,2,11,0,1,14,0,245
2835.0,3,10,1,1,15,0,245
2836.0,2,10,1,1,14,0,245
2837.0,4,10,1,1,16,0,245
2838.0,3,10,2,1,16,0,245
2839.0,2,9,4,2,17,0,245
2840.0,2,8,3,1,14,0,245
2841.0,2,7,4,2,15,0,245
2842.0,2,6,3,2,13,0,245
2843.0,3,6,6,2,17,0,245
2844.0,4,4,6,2,16,0,245
2845.0,3,4,8,2,17,0,245
2846.0,3,5,10,2,20,0,245
2847.0,3,4,10,2,19,0,245
2848.0,3,4,13,2,22,0,245
2849.0,3,4,13,2,22,0,245
2850.0,3,4,15,3,25,0,245
2851.0,3,4,14,4,25,0,245
2852.0,3,6,16,3,28,0,245
2853.0,3,5,18,3,29,0,245
2854.0,3,5,17,4,29,0,245
2855.0,3,6,18,3,30,0,245
2856.0,3,5,18,3,29,0,245
2857.0,3,6,18,3,30,0,245
2858.0,4,5,18,3,30,0,245
2859.0,4,6,20,3,33,0,245
2860.0,5,4,21,4,34,0,245
2861.0,4,4,21,4,33,0,245
2862.0,4,4,22,4,34,0,245
2863.0,5,4,23,5,37,0,245
2864.0,5,5,23,5,38,0,245
2865.0,5,6,23,6,40,0,245
2866.0,5,5,24,5,39,0,245
2867.0,5,5,24,5,39,0,245
2868.0,5,5,25,5,40,0,245
2869.0,5,5,25,5,40,0,245
2870.0,5,5,25,5,40,0,245
2871.0,5,5,25,5,40,0,245
2872.0,5,5,25,6,41,0,245
2873.0,5,5,25,7,42,0,246
2874.0,5,5,22,4,36,0,246
2875.0,5,6,19,2,32,0,246
2876.0,5,5,16,1,27,0,246
2877.0,5,5,13,0,23,0,246
2878.0,5,6,10,0,21,0,246
2879.0,5,6,7,0,18,0,246
2880.0,5,6,4,0,15,0,246
2881.0,6,6,2,1,15,0,246
2882.0,6,7,0,1,14,0,246
2883.0,7,8,1,2,18,0,247
2884.0,3,6,2,2,13,0,247
2885.0,2,4,3,3,12,0,247
2886.0,3,4,5,2,14,0,247
2887.0,2,2,5,2,11,0,247
2888.0,1,1,8,3,13,0,247
2889.0,1,0,8,2,11,0,247
2890.0,1,0,11,2,14,0,247
2891.0,1,0,12,3,16,0,247
2892.0,1,1,13,2,17,0,247
2893.0,1,0,14,2,17,0,247
2894.0,1,1,15,3,20,0,247
2895.0,1,1,16,2,20,0,247
2896.0,1,1,17,3,22,0,247
2897.0,2,1,18,4,25,0,247
2898.0,1,1,18,4,24,0,248
2899.0,1,3,16,2,22,0,248
2900.0,2,3,13,2,20,0,248
2901.0,1,3,11,1,16,0,248
2902.0,1,5,8,1,15,0,248
2903.0,2,4,5,0,11,0,248
2904.0,2,4,3,0,9,0,248
2905.0,2,4,2,0,8,0,248
2906.0,2,4,1,0,7,0,248
2907.0,3,4,0,0,7,0,248
2908.0,3,4,0,1,8,0,249
2909.0,3,4,1,1,9,0,249
2910.0,2,4,2,1,9,0,249
2911.0,3,3,2,2,10,0,249
2912.0,4,4,1,2,11,0,249
2913.0,3,6,1,4,14,0,249
2914.0,3,6,1,3,13,0,249
2915.0,2,5,3,3,13,0,249
2916.0,2,4,5,4,15,0,249
2917.0,2,3,6,4,15,0,249
2918.0,2,3,7,4,16,0,249
2919.0,2,3,8,4,17,0,249
2920.0,4,3,10,4,21,0,249
2921.0,3,3,11,5,22,0,249
2922.0,4,3,10,4,21,0,249
2923.0,5,3,12,4,24,0,249
2924.0,5,3,13,5,26,0,249
2925.0,5,3,14,5,27,0,249
2926.0,5,3,15,5,28,0,249
2927.0,5,3,15,6,29,0,249
2928.0,5,3,16,6,30,0,250
2929.0,7,3,14,3,27,0,250
2930.0,6,3,12,1,22,0,250
2931.0,6,3,9,0,18,0,250
2932.0,6,3,6,0,15,0,250
2933.0,6,4,5,0,15,0,250
2934.0,7,6,3,0,16,0,250
2935.0,7,5,2,1,15,0,250
2936.0,7,5,1,0,13,0,250
2937.0,7,5,0,0,12,0,250
2938.0,7,6,0,1,14,0,251
2939.0,5,5,2,1,13,0,251
2940.0,5,3,4,2,14,0,251
2941.0,5,3,6,1,15,0,251
2942.0,4,4,7,1,16,0,251
2943.0,3,3,8,2,16,0,251
2944.0,2,3,10,1,16,0,251
2945.0,2,3,13,1,19,0,251
2946.0,0,3,12,2,17,0,251
2947.0,0,3,14,2,19,0,251
2948.0,1,3,15,2,21,0,251
2949.0,0,3,16,2,21,0,251
2950.0,0,3,17,3,23,0,251
2951.0,0,4,17,3,24,0,251
2952.0,1,4,18,3,26,0,251
2953.0,0,4,19,3,26,0,252
2954.0,0,4,17,3,24,0,252
2955.0,0,4,14,1,19,0,252
2956.0,1,5,12,0,18,0,252
2957.0,1,5,9,1,16,0,252
2958.0,2,5,7,0,14,0,252
2959.0,3,7,4,0,14,0,252
2960.0,3,7,2,0,12,0,252
2961.0,4,7,0,1,12,0,252
2962.0,6,7,0,0,13,0,252
2963.0,5,7,0,0,12,0,253
2964.0,4,6,1,0,11,0,253
2965.0,4,5,1,0,10,0,253
2966.0,3,5,1,1,10,0,253
2967.0,2,5,4,1,12,0,253
2968.0,2,5,4,2,13,0,253
2969.0,1,5,5,2,13,0,253
2970.0,1,6,6,2,15,0,253
2971.0,2,6,7,3,18,0,253
2972.0,1,6,8,3,18,0,253
2973.0,1,6,10,3,20,0,254
2974.0,1,5,9,4,19,0,254
2975.0,1,3,7,5,16,0,254
2976.0,2,2,10,5,19,0,254
2977.0,2,1,9,5,17,0,254
2978.0,3,1,9,5,18,0,254
2979.0,4,0,8,5,17,0,254
2980.0,4,1,13,5,23,0,254
2981.0,4,0,15,6,25,0,254
2982.0,4,0,14,6,24,0,254
2983.0,5,0,15,6,26,0,254
2984.0,5,0,17,7,29,0,254
2985.0,5,0,18,7,30,0,254
2986.0,5,0,19,8,32,0,254
2987.0,5,0,20,8,33,0,254
2988.0,5,0,21,8,34,0,255
2989.0,5,1,18,5,29,0,255
2990.0,5,1,16,3,25,0,255
2991.0,6,1,13,2,22,0,255
2992.0,6,1,10,0,17,0,255
2993.0,6,1,6,0,13,0,255
2994.0,6,1,3,0,10,0,255
2995.0,6,2,2,0,10,0,255
2996.0,6,2,1,0,9,0,255
2997.0,6,2,2,0,10,0,255
2998.0,6,2,2,0,10,0,256
2999.0,5,3,1,2,11,0,256
3000.0,4,3,2,1,10,0,256
3001.0,3,3,2,2,10,0,256
3002.0,2,4,3,2,11,0,256
3003.0,1,4,4,2,11,0,256
3004.0,1,4,5,2,12,0,256
3005.0,0,5,6,3,14,0,256
3006.0,0,6,8,3,17,0,256
3007.0,0,5,9,3,17,0,256
3008.0,0,5,12,3,20,0,257
3009.0,0,4,13,5,22,0,257
3010.0,1,3,14,5,23,0,257
3011.0,1,2,18,5,26,0,257
3012.0,2,1,18,5,26,0,257
3013.0,3,0,20,7,30,0,257
3014.0,3,0,20,6,29,0,257
3015.0,3,0,20,6,29,0,257
3016.0,3,0,21,6,30,0,257
3017.0,3,0,22,6,31,0,257
3018.0,4,0,22,6,32,0,258
3019.0,3,0,19,3,25,0,258
3020.0,3,2,16,0,21,0,258
3021.0,4,2,13,0,19,0,258
3022.0,3,2,10,0,15,0,258
3023.0,3,2,8,0,13,0,258
3024.0,5,2,5,0,12,0,258
3025.0,4,2,2,0,8,0,258
3026.0,4,2,1,0,7,0,258
3027.0,5,2,0,0,7,0,258
3028.0,4,2,0,0,6,0,259
3029.0,3,2,0,1,6,0,259
3030.0,3,3,1,0,7,0,259
3031.0,1,3,1,1,6,0,259
3032.0,0,3,1,1,5,0,259
3033.0,1,4,3,1,9,0,259
3034.0,0,5,4,1,10,0,259
3035.0,0,6,6,2,14,0,259
3036.0,1,6,7,3,17,0,259
3037.0,0,6,10,3,19,0,259
3038.0,0,6,10,4,20,0,259
3039.0,1,6,12,4,23,0,259
3040.0,0,6,13,5,24,0,259
3041.0,0,6,17,4,27,0,259
3042.0,1,7,17,4,29,0,259
3043.0,0,6,19,5,30,0,260
3044.0,0,5,19,5,29,0,260
3045.0,1,4,21,5,31,0,260
3046.0,0,3,22,6,31,0,260
3047.0,1,3,22,6,32,0,260
3048.0,1,2,23,7,33,0,260
3049.0,1,1,24,8,34,0,260
3050.0,1,0,25,9,35,0,260
3051.0,1,0,26,9,36,0,260
3052.0,3,0,26,11,40,0,260
3053.0,3,0,26,10,39,0,260
3054.0,3,2,26,10,41,0,260
3055.0,3,1,26,10,40,0,260
3056.0,3,1,26,10,40,0,260
3057.0,3,1,26,10,40,0,260
3058.0,4,1,26,10,41,0,261
3059.0,5,2,23,8,38,0,261
3060.0,6,1,20,6,33,0,261
3061.0,6,2,17,4,29,0,261
3062.0,7,3,14,2,26,0,261
3063.0,7,3,11,1,22,0,261
3064.0,7,3,8,0,18,0,261
3065.0,7,4,5,0,16,0,261
3066.0,8,3,3,0,14,0,261
3067.0,8,4,1,0,13,0,261
3068.0,8,5,1,0,14,0,262
3069.0,5,5,1,0,11,0,262
3070.0,3,5,3,1,12,0,262
3071.0,3,5,4,2,14,0,262
3072.0,3,5,4,3,15,0,262
3073.0,5,5,3,3,16,0,262
3074.0,4,6,3,4,17,0,262
3075.0,3,5,5,4,17,0,262
3076.0,0,5,6,5,16,0,262
3077.0,0,5,7,6,18,0,262
3078.0,0,5,7,7,19,0,262
3079.0,0,6,7,5,18,0,262
3080.0,0,6,10,6,22,0,262
3081.0,0,7,9,5,21,0,262
3082.0,0,7,11,7,25,0,262
3083.0,0,8,13,8,29,0,263
3084.0,0,7,12,6,25,0,263
3085.0,0,8,10,4,22,0,263
3086.0,0,9,7,2,18,0,263
3087.0,0,7,6,2,15,0,263
3088.0,0,7,4,0,11,0,263
3089.0,1,7,4,0,12,0,263
3090.0,0,8,2,1,11,0,263
3091.0,0,8,1,0,9,0,263
3092.0,1,8,0,0,9,0,263
3093.0,1,10,0,0,11,0,263
3094.0,1,11,0,0,12,0,263
3095.0,1,12,0,0,13,0,263
3096.0,1,12,1,0,14,0,263
3097.0,2,12,2,0,16,0,263
3098.0,2,12,2,1,17,0,264
3099.0,2,11,4,1,18,0,264
3100.0,1,10,5,1,17,0,264
3101.0,2,10,6,1,19,0,264
3102.0,1,9,5,2,17,0,264
3103.0,1,10,4,3,18,0,264
3104.0,1,10,5,3,19,0,264
3105.0,1,10,4,4,19,0,264
3106.0,1,10,5,4,20,0,264
3107.0,1,10,7,4,22,0,264
3108.0,1,11,8,4,24,0,265
3109.0,0,8,10,4,22,0,265
3110.0,0,7,13,4,24,0,265
3111.0,0,6,14,4,24,0,265
3112.0,0,6,13,4,23,0,265
3113.0,1,5,14,4,24,0,265
3114.0,1,3,17,4,25,0,265
3115.0,2,2,18,4,26,0,265
3116.0,2,2,17,6,27,0,265
3117.0,2,2,19,5,28,0,265
3118.0,3,4,18,5,30,0,265
3119.0,2,3,19,5,29,0,265
3120.0,2,3,21,6,32,0,265
3121.0,4,3,22,7,36,0,265
3122.0,3,4,20,7,34,0,265
3123.0,3,7,22,7,39,0,266
3124.0,4,6,22,5,37,0,266
3125.0,3,6,17,4,30,0,266
3126.0,3,7,15,2,27,0,266
3127.0,3,7,12,1,23,0,266
3128.0,3,7,10,0,20,0,266
3129.0,3,7,7,0,17,0,266
3130.0,3,8,4,0,15,0,266
3131.0,3,10,1,0,14,0,266
3132.0,3,11,0,0,14,0,266
3133.0,3,12,1,1,17,0,267
3134.0,2,10,3,1,16,0,267
3135.0,1,10,3,2,16,0,267
3136.0,0,9,4,4,17,0,267
3137.0,0,9,6,3,18,0,267
3138.0,0,9,8,3,20,0,267
3139.0,0,10,9,3,22,0,267
3140.0,0,9,10,4,23,0,267
3141.0,0,8,10,5,23,0,267
3142.0,0,8,13,5,26,0,267
3143.0,1,8,15,6,30,0,268
3144.0,0,8,17,6,31,0,268
3145.0,1,7,19,6,33,0,268
3146.0,1,7,20,6,34,0,268
3147.0,1,7,21,6,35,0,268
3148.0,1,6,22,7,36,0,268
3149.0,1,5,22,7,35,0,268
3150.0,2,5,23,7,37,0,268
3151.0,2,4,23,8,37,0,268
3152.0,2,4,23,8,37,0,268
3153.0,2,4,24,8,38,0,269
3154.0,2,5,21,6,34,0,269
3155.0,2,6,18,4,30,0,269
3156.0,2,6,15,2,25,0,269
3157.0,2,6,12,1,21,0,269
3158.0,2,6,9,0,17,0,269
3159.0,2,7,6,0,15,0,269
3160.0,2,8,4,0,14,0,269
3161.0,2,8,1,0,11,0,269
3162.0,2,9,1,1,13,0,269
3163.0,2,11,0,1,14,0,269
3164.0,3,11,0,0,14,0,269
3165.0,3,11,1,0,15,0,269
3166.0,3,12,2,0,17,0,269
3167.0,3,12,3,1,19,0,269
3168.0,3,12,2,0,17,0,270
3169.0,2,10,2,0,14,0,270
3170.0,1,9,3,1,14,0,270
3171.0,0,10,4,1,15,0,270
3172.0,1,10,4,1,16,0,270
3173.0,0,10,5,3,18,0,270
3174.0,0,8,5,3,16,0,270
3175.0,0,8,5,3,16,0,270
3176.0,0,8,7,3,18,0,270
3177.0,0,9,9,3,21,0,270
3178.0,0,8,11,3,22,0,271
3179.0,0,8,13,3,24,0,271
3180.0,0,8,13,5,26,0,271
3181.0,0,8,15,4,27,0,271
3182.0,0,8,17,4,29,0,271
3183.0,0,8,17,4,29,0,271
3184.0,0,6,17,5,28,0,271
3185.0,0,5,19,5,29,0,271
3186.0,0,4,18,5,27,0,271
3187.0,0,4,19,6,29,0,271
3188.0,1,4,20,6,31,0,272
3189.0,0,4,17,4,25,0,272
3190.0,0,4,15,2,21,0,272
3191.0,1,6,12,1,20,0,272
3192.0,0,8,10,0,18,0,272
3193.0,0,9,7,0,16,0,272
3194.0,1,10,4,0,15,0,272
3195.0,1,10,1,0,12,0,272
3196.0,1,11,0,0,12,0,272
3197.0,1,11,0,0,12,0,272
3198.0,2,12,0,1,15,0,273
3199.0,1,12,0,2,15,0,273
3200.0,1,13,0,2,16,0,273
3201.0,1,14,1,3,19,0,273
3202.0,1,12,3,3,19,0,273
3203.0,1,11,3,3,18,0,273
3204.0,2,11,5,3,21,0,273
3205.0,1,9,8,3,21,0,273
3206.0,1,7,9,3,20,0,273
3207.0,2,9,11,3,25,0,273
3208.0,1,7,12,3,23,0,273
3209.0,1,7,13,3,24,0,273
3210.0,1,9,13,4,27,0,273
3211.0,1,9,15,4,29,0,273
3212.0,1,7,16,4,28,0,273
3213.0,2,7,18,5,32,0,273
3214.0,2,7,18,4,31,0,273
3215.0,2,9,18,4,33,0,273
3216.0,2,9,18,4,33,0,273
3217.0,2,9,19,4,34,0,273
3218.0,2,9,21,4,36,0,273
3219.0,2,9,21,4,36,0,273
3220.0,2,9,22,5,38,0,273
3221.0,2,10,22,5,39,0,273
3222.0,2,10,22,5,39,0,273
3223.0,3,9,22,6,40,0,274
3224.0,4,9,19,4,36,0,274
3225.0,4,11,16,2,33,0,274
3226.0,4,10,13,0,27,0,274
3227.0,4,12,11,0,27,0,274
3228.0,5,12,8,0,25,0,274
3229.0,6,14,5,0,25,0,274
3230.0,5,14,3,0,22,0,274
3231.0,5,15,1,0,21,0,274
3232.0,6,15,0,1,22,0,274
3233.0,5,15,0,0,20,0,274
3234.0,5,15,0,0,20,0,274
3235.0,5,15,0,0,20,0,274
3236.0,5,16,0,0,21,0,274
3237.0,5,16,0,0,21,0,274
3238.0,5,16,0,0,21,0,275
3239.0,4,15,1,1,21,0,275
3240.0,3,14,1,0,18,0,275
3241.0,2,11,4,0,17,0,275
3242.0,1,10,5,2,18,0,275
3243.0,0,8,6,1,15,0,275
3244.0,0,7,8,2,17,0,275
3245.0,0,7,8,3,18,0,275
3246.0,0,7,10,2,19,0,275
3247.0,1,7,10,2,20,0,275
3248.0,0,8,12,2,22,0,276
3249.0,1,8,12,3,24,0,276
3250.0,1,8,13,3,25,0,276
3251.0,3,7,14,3,27,0,276
3252.0,2,7,15,5,29,0,276
3253.0,2,8,15,4,29,0,276
3254.0,3,4,17,4,28,0,276
3255.0,3,5,17,6,31,0,276
3256.0,4,2,19,5,30,0,276
3257.0,4,2,19,7,32,0,276
3258.0,4,4,19,6,33,0,277
3259.0,4,2,16,3,25,0,277
3260.0,4,3,13,2,22,0,277
3261.0,4,3,10,1,18,0,277
3262.0,4,6,7,0,17,0,277
3263.0,5,6,4,0,15,0,277
3264.0,4,8,3,0,15,0,277
3265.0,4,9,2,1,16,0,277
3266.0,5,10,1,0,16,0,277
3267.0,4,10,0,0,14,0,277
3268.0,4,9,0,0,13,0,277
3269.0,5,8,0,0,13,0,277
3270.0,5,8,0,0,13,0,277
3271.0,5,10,0,2,17,0,277
3272.0,5,12,0,1,18,0,277
3273.0,5,12,0,1,18,0,278
3274.0,4,11,0,1,16,0,278
3275.0,3,14,1,2,20,0,278
3276.0,2,12,3,1,18,0,278
3277.0,1,13,4,1,19,0,278
3278.0,0,11,6,2,19,0,278
3279.0,0,14,6,3,23,0,278
3280.0,1,14,7,3,25,0,278
3281.0,0,14,9,4,27,0,278
3282.0,0,14,9,5,28,0,278
3283.0,0,14,10,4,28,0,279
3284.0,0,13,11,4,28,0,279
3285.0,1,12,12,5,30,0,279
3286.0,2,12,13,5,32,0,279
3287.0,2,11,13,6,32,0,279
3288.0,2,10,13,6,31,0,279
3289.0,3,8,15,6,32,0,279
3290.0,4,8,15,6,33,0,279
3291.0,4,9,15,7,35,0,279
3292.0,4,8,15,9,36,0,279
3293.0,4,9,15,8,36,0,280
3294.0,4,9,13,5,31,0,280
3295.0,5,9,11,3,28,0,280
3296.0,4,10,8,1,23,0,280
3297.0,4,11,6,0,21,0,280
3298.0,5,12,4,0,21,0,280
3299.0,4,14,3,0,21,0,280
3300.0,4,15,2,1,22,0,280
3301.0,4,17,1,0,22,0,280
3302.0,5,19,0,0,24,0,280
3303.0,5,19,1,0,25,0,281
3304.0,3,17,1,0,21,0,281
3305.0,2,16,3,0,21,0,281
3306.0,1,17,5,2,25,0,281
3307.0,0,13,6,3,22,0,281
3308.0,0,12,7,3,22,0,281
3309.0,0,13,8,3,24,0,281
3310.0,0,11,9,3,23,0,281
3311.0,0,14,9,4,27,0,281
3312.0,0,13,9,5,27,0,281
3313.0,0,13,10,4,27,0,282
3314.0,0,10,10,4,24,0,282
3315.0,1,7,10,4,22,0,282
3316.0,2,7,12,4,25,0,282
3317.0,2,7,13,4,26,0,282
3318.0,2,6,13,4,25,0,282
3319.0,2,5,14,4,25,0,282
3320.0,2,5,14,4,25,0,282
3321.0,2,6,15,5,28,0,282
3322.0,2,10,15,6,33,0,282
3323.0,2,9,16,7,34,0,283
3324.0,2,9,13,4,28,0,283
3325.0,3,12,10,2,27,0,283
3326.0,4,12,7,0,23,0,283
3327.0,3,13,5,0,21,0,283
3328.0,3,14,4,0,21,0,283
3329.0,4,13,3,0,20,0,283
3330.0,3,14,3,1,21,0,283
3331.0,3,11,2,0,16,0,283
3332.0,4,14,1,0,19,0,283
3333.0,3,13,0,1,17,0,284
3334.0,2,12,3,0,17,0,284
3335.0,2,13,4,2,21,0,284
3336.0,0,12,5,2,19,0,284
3337.0,0,11,5,4,20,0,284
3338.0,0,13,5,4,22,0,284
3339.0,0,12,6,4,22,0,284
3340.0,0,13,6,5,24,0,284
3341.0,0,13,7,6,26,0,284
3342.0,0,14,7,6,27,0,284
3343.0,0,14,8,6,28,0,285
3344.0,1,12,11,6,30,0,285
3345.0,0,12,11,6,29,0,285
3346.0,0,11,13,6,30,0,285
3347.0,2,8,13,6,29,0,285
3348.0,1,8,13,6,28,0,285
3349.0,1,6,13,6,26,0,285
3350.0,2,5,13,5,25,0,285
3351.0,1,4,14,5,24,0,285
3352.0,1,5,14,5,25,0,285
3353.0,2,6,14,5,27,0,286
3354.0,3,8,12,3,26,0,286
3355.0,2,9,10,1,22,0,286
3356.0,3,9,7,0,19,0,286
3357.0,3,7,5,1,16,0,286
3358.0,3,8,4,0,15,0,286
3359.0,4,9,3,0,16,0,286
3360.0,4,11,2,0,17,0,286
3361.0,4,12,2,1,19,0,286
3362.0,4,15,2,1,22,0,286
3363.0,4,15,1,2,22,0,287
3364.0,2,13,3,2,20,0,287
3365.0,2,13,3,2,20,0,287
3366.0,2,12,4,2,20,0,287
3367.0,0,10,4,3,17,0,287
3368.0,0,8,5,4,17,0,287
3369.0,0,8,5,4,17,0,287
3370.0,0,6,7,4,17,0,287
3371.0,0,7,7,4,18,0,287
3372.0,0,9,8,5,22,0,287
3373.0,1,8,8,4,21,0,288
3374.0,0,8,9,4,21,0,288
3375.0,1,8,9,6,24,0,288
3376.0,2,7,10,6,25,0,288
3377.0,2,7,10,5,24,0,288
3378.0,3,6,10,5,24,0,288
3379.0,3,4,10,5,22,0,288
3380.0,3,3,10,5,21,0,288
3381.0,3,5,11,5,24,0,288
3382.0,3,5,12,5,25,0,288
3383.0,3,5,12,5,25,0,288
3384.0,3,5,12,7,27,0,288
3385.0,3,4,12,7,26,0,288
3386.0,3,4,12,9,28,0,288
3387.0,4,3,13,10,30,0,288
3388.0,3,4,12,12,31,0,288
3389.0,3,3,12,11,29,0,288
3390.0,3,4,12,11,30,0,288
3391.0,3,4,12,11,30,0,288
3392.0,3,3,12,11,29,0,288
3393.0,3,4,12,12,31,0,288
3394.0,3,3,12,12,30,0,288
3395.0,3,5,14,12,34,0,288
3396.0,3,6,15,11,35,0,288
3397.0,4,6,15,12,37,0,288
3398.0,4,4,15,14,37,0,289
3399.0,5,5,13,11,34,0,289
3400.0,6,6,11,8,31,0,289
3401.0,5,6,8,5,24,0,289
3402.0,5,6,5,5,21,0,289
3403.0,5,7,4,2,18,0,289
3404.0,5,7,3,0,15,0,289
3405.0,5,8,2,0,15,0,289
3406.0,7,8,1,0,16,0,289
3407.0,6,9,0,2,17,0,289
3408.0,6,10,0,0,16,0,290
3409.0,6,9,2,1,18,0,290
3410.0,4,8,3,3,18,0,290
3411.0,3,9,3,4,19,0,290
3412.0,3,10,3,3,19,0,290
3413.0,1,12,4,3,20,0,290
3414.0,0,13,5,3,21,0,290
3415.0,1,11,6,4,22,0,290
3416.0,0,9,8,4,21,0,290
3417.0,0,9,10,5,24,0,290
3418.0,0,9,10,7,26,0,291
3419.0,0,10,10,6,26,0,291
3420.0,1,10,6,5,22,0,291
3421.0,1,10,5,2,18,0,291
3422.0,2,11,4,2,19,0,291
3423.0,3,11,4,2,20,0,291
3424.0,3,13,3,1,20,0,291
3425.0,5,14,2,0,21,0,291
3426.0,4,13,1,0,18,0,291
3427.0,4,13,0,0,17,0,291
3428.0,5,15,0,0,20,0,292
3429.0,3,12,0,0,15,0,292
3430.0,2,10,1,1,14,0,292
3431.0,2,11,1,2,16,0,292
3432.0,1,10,1,4,16,0,292
3433.0,2,12,2,3,19,0,292
3434.0,0,10,3,4,17,0,292
3435.0,0,10,4,5,19,0,292
3436.0,2,10,5,5,22,0,292
3437.0,2,10,5,5,22,0,292
3438.0,2,11,6,6,25,0,293
3439.0,2,11,7,5,25,0,293
3440.0,2,10,8,5,25,0,293
3441.0,4,8,9,5,26,0,293
3442.0,3,8,9,5,25,0,293
3443.0,3,9,9,6,27,0,293
3444.0,4,8,9,6,27,0,293
3445.0,3,7,9,7,26,0,293
3446.0,4,6,9,8,27,0,293
3447.0,4,6,9,8,27,0,293
3448.0,5,4,9,8,26,0,294
3449.0,4,5,7,5,21,0,294
3450.0,5,5,6,3,19,0,294
3451.0,6,6,5,2,19,0,294
3452.0,5,6,5,2,18,0,294
3453.0,5,7,3,0,15,0,294
3454.0,5,7,2,0,14,0,294
3455.0,5,8,1,1,15,0,294
3456.0,5,9,0,0,14,0,294
3457.0,5,9,0,0,14,0,294
3458.0,5,11,0,1,17,0,295
3459.0,5,10,1,1,17,0,295
3460.0,3,10,1,1,15,0,295
3461.0,2,9,3,3,17,0,295
3462.0,3,8,2,3,16,0,295
3463.0,2,8,4,3,17,0,295
3464.0,1,9,5,3,18,0,295
3465.0,0,9,5,3,17,0,295
3466.0,0,9,6,4,19,0,295
3467.0,0,10,7,4,21,0,295
3468.0,0,9,7,5,21,0,296
3469.0,1,8,7,5,21,0,296
3470.0,3,8,9,6,26,0,296
3471.0,2,7,9,6,24,0,296
3472.0,3,6,10,6,25,0,296
3473.0,4,5,9,7,25,0,296
3474.0,5,6,9,7,27,0,296
3475.0,5,5,9,8,27,0,296
3476.0,5,3,10,8,26,0,296
3477.0,6,2,10,9,27,0,296
3478.0,6,2,10,9,27,0,297
3479.0,7,3,8,6,24,0,297
3480.0,7,5,8,4,24,0,297
3481.0,7,5,6,1,19,0,297
3482.0,8,6,5,0,19,0,297
3483.0,8,7,3,1,19,0,297
3484.0,8,8,2,0,18,0,297
3485.0,8,8,1,0,17,0,297
3486.0,8,9,0,2,19,0,297
3487.0,8,9,0,1,18,0,297
3488.0,8,10,0,1,19,0,298
3489.0,7,10,2,2,21,0,298
3490.0,5,8,2,1,16,0,298
3491.0,4,10,3,1,18,0,298
3492.0,4,9,4,1,18,0,298
3493.0,3,9,5,1,18,0,298
3494.0,3,9,5,1,18,0,298
3495.0,2,10,6,2,20,0,298
3496.0,1,10,6,2,19,0,298
3497.0,1,10,7,1,19,0,298
3498.0,1,9,8,1,19,0,299
3499.0,1,8,8,2,19,0,299
3500.0,2,7,8,2,19,0,299
3501.0,2,6,8,3,19,0,299
3502.0,4,4,8,3,19,0,299
3503.0,4,4,9,3,20,0,299
3504.0,5,2,9,4,20,0,299
3505.0,6,3,10,3,22,0,299
3506.0,6,1,11,5,23,0,299
3507.0,6,1,11,7,25,0,299
3508.0,6,1,11,6,24,0,299
3509.0,6,1,11,6,24,0,299
3510.0,6,2,12,8,28,0,299
3511.0,6,1,12,8,27,0,299
3512.0,6,2,13,7,28,0,299
3513.0,7,2,14,8,31,0,299
3514.0,8,2,15,8,33,0,299
3515.0,7,3,14,8,32,0,299
3516.0,7,2,15,8,32,0,299
3517.0,7,3,14,10,34,0,299
3518.0,7,3,16,9,35,0,300
3519.0,7,3,13,7,30,0,300
3520.0,8,3,10,4,25,0,300
3521.0,8,4,7,2,21,0,300
3522.0,8,5,5,0,18,0,300
3523.0,9,5,3,1,18,0,300
3524.0,8,5,1,0,14,0,300
3525.0,8,6,1,0,15,0,300
3526.0,9,7,0,1,17,0,300
3527.0,8,8,0,0,16,0,300
3528.0,8,7,1,0,16,0,301
3529.0,7,5,2,1,15,0,301
3530.0,5,4,3,1,13,0,301
3531.0,5,3,5,1,14,0,301
3532.0,4,4,5,1,14,0,301
3533.0,3,5,7,1,16,0,301
3534.0,2,6,9,1,18,0,301
3535.0,1,6,11,1,19,0,301
3536.0,0,4,12,3,19,0,301
3537.0,0,3,13,2,18,0,301
3538.0,0,3,14,2,19,0,301
3539.0,1,2,16,4,23,0,301
3540.0,0,2,16,3,21,0,301
3541.0,0,3,17,3,23,0,301
3542.0,0,2,18,3,23,0,301
3543.0,0,2,16,3,21,0,302
3544.0,0,2,13,2,17,0,302
3545.0,2,3,10,0,15,0,302
3546.0,3,2,8,0,13,0,302
3547.0,3,2,7,0,12,0,302
3548.0,4,3,5,0,12,0,302
3549.0,4,5,3,0,12,0,302
3550.0,4,4,1,0,9,0,302
3551.0,5,5,0,0,10,0,302
3552.0,5,5,0,0,10,0,302
3553.0,5,6,0,0,11,0,303
3554.0,3,3,1,1,8,0,303
3555.0,1,2,1,1,5,0,303
3556.0,0,3,2,3,8,0,303
3557.0,3,4,3,2,12,0,303
3558.0,2,5,3,2,12,0,303
3559.0,3,5,5,3,16,0,303
3560.0,1,4,5,2,12,0,303
3561.0,0,4,7,1,12,0,303
3562.0,0,4,7,2,13,0,303
3563.0,0,6,7,1,14,0,304
3564.0,1,5,7,2,15,0,304
3565.0,2,4,7,2,15,0,304
3566.0,2,4,8,2,16,0,304
3567.0,3,4,10,3,20,0,304
3568.0,2,2,9,3,16,0,304
3569.0,2,2,12,3,19,0,304
3570.0,2,2,12,4,20,0,304
3571.0,2,2,13,4,21,0,304
3572.0,2,1,16,6,25,0,304
3573.0,2,2,15,6,25,0,304
3574.0,3,1,16,6,26,0,304
3575.0,2,1,15,6,24,0,304
3576.0,2,2,16,7,27,0,304
3577.0,2,1,16,7,26,0,304
3578.0,2,1,17,6,26,0,304
3579.0,2,1,17,6,26,0,304
3580.0,2,1,18,6,27,0,304
3581.0,3,1,19,6,29,0,304
3582.0,3,1,20,6,30,0,304
3583.0,3,1,20,6,30,0,304
3584.0,3,1,21,6,31,0,304
3585.0,3,1,21,7,32,0,304
3586.0,3,1,22,7,33,0,304
3587.0,3,1,22,9,35,0,304
3588.0,3,1,22,8,34,0,305
3589.0,3,1,19,5,28,0,305
3590.0,4,1,16,4,25,0,305
3591.0,4,1,15,1,21,0,305
3592.0,4,1,12,0,17,0,305
3593.0,5,1,9,0,15,0,305
3594.0,4,2,6,0,12,0,305
3595.0,4,1,4,0,9,0,305
3596.0,5,1,3,0,9,0,305
3597.0,5,1,1,0,7,0,305
3598.0,5,1,0,0,6,0,306
3599.0,2,0,2,1,5,0,306
3600.0,2,1,2,2,7,0,306
3601.0,2,1,2,2,7,0,306
3602.0,3,0,4,4,11,0,306
3603.0,1,0,6,4,11,0,306
3604.0,0,1,7,5,13,0,306
3605.0,0,1,10,5,16,0,306
3606.0,0,1,12,6,19,0,306
3607.0,0,1,12,6,19,0,306
3608.0,0,1,13,6,20,0,306
3609.0,0,1,14,7,22,0,306
3610.0,0,1,16,7,24,0,306
3611.0,0,1,16,7,24,0,306
3612.0,0,1,18,7,26,0,306
3613.0,0,1,19,7,27,0,307
3614.0,0,2,16,5,23,0,307
3615.0,0,2,13,4,19,0,307
3616.0,1,3,11,3,18,0,307
3617.0,1,3,9,1,14,0,307
3618.0,2,3,7,0,12,0,307
3619.0,2,3,4,0,9,0,307
3620.0,2,3,3,0,8,0,307
3621.0,2,3,2,0,7,0,307
3622.0,2,3,1,0,6,0,307
3623.0,2,3,0,0,5,0,308
3624.0,1,3,1,1,6,0,308
3625.0,1,2,3,2,8,0,308
3626.0,1,1,4,3,9,0,308
3627.0,1,1,5,3,10,0,308
3628.0,1,1,5,4,11,0,308
3629.0,1,1,8,4,14,0,308
3630.0,1,1,9,6,17,0,308
3631.0,1,1,10,6,18,0,308
3632.0,1,1,11,6,19,0,308
3633.0,1,1,14,7,23,0,308
3634.0,1,1,15,7,24,0,308
3635.0,1,1,16,7,25,0,308
3636.0,1,1,16,7,25,0,308
3637.0,1,1,17,8,27,0,308
3638.0,1,1,17,8,27,0,309
3639.0,1,1,15,6,23,0,309
3640.0,1,1,12,4,18,0,309
3641.0,1,1,9,2,13,0,309
3642.0,1,1,6,1,9,0,309
3643.0,1,1,4,0,6,0,309
3644.0,1,1,2,0,4,0,309
3645.0,1,1,1,0,3,0,309
3646.0,1,1,1,0,3,0,309
3647.0,1,1,0,0,2,0,309
3648.0,1,1,2,0,4,0,310
3649.0,1,1,2,1,5,0,310
3650.0,1,1,2,1,5,0,310
3651.0,1,1,2,1,5,0,310
3652.0,1,1,4,1,7,0,310
3653.0,1,1,3,1,6,0,310
3654.0,1,1,3,1,6,0,310
3655.0,1,1,5,2,9,0,310
3656.0,1,1,6,2,10,0,310
3657.0,1,1,6,2,10,0,310
3658.0,1,1,9,2,13,0,310
3659.0,1,1,8,2,12,0,310
3660.0,1,1,8,2,12,0,310
3661.0,1,1,9,2,13,0,310
3662.0,1,1,10,2,14,0,310
3663.0,1,1,10,2,14,0,310
3664.0,1,1,10,2,14,0,310
3665.0,1,1,10,2,14,0,310
3666.0,1,1,8,2,12,0,310
3667.0,1,1,7,2,11,0,310
3668.0,1,1,8,2,12,0,310
3669.0,1,1,8,2,12,0,310
3670.0,1,1,8,2,12,0,310
3671.0,1,1,9,2,13,0,310
3672.0,1,1,10,2,14,0,310
3673.0,1,1,10,2,14,0,310
3674.0,1,1,10,2,14,0,310
3675.0,1,1,9,2,13,0,310
3676.0,1,1,10,2,14,0,310
3677.0,1,1,9,2,13,0,310
3678.0,1,1,9,2,13,0,310
3679.0,1,1,9,2,13,0,310
3680.0,1,1,12,2,16,0,310
3681.0,1,1,13,2,17,0,310
3682.0,1,1,14,2,18,0,310
3683.0,1,1,15,2,19,0,311
3684.0,1,1,10,0,12,0,311
3685.0,1,1,8,0,10,0,311
3686.0,1,1,6,0,8,0,311
3687.0,1,1,5,0,7,0,311
3688.0,1,1,3,0,5,0,311
3689.0,1,1,2,0,4,0,311
3690.0,1,1,1,0,3,0,311
3691.0,1,1,1,0,3,0,311
3692.0,1,1,0,0,2,0,311
3693.0,1,1,0,0,2,0,312
3694.0,1,1,2,0,4,0,312
3695.0,1,1,1,0,3,0,312
3696.0,1,1,3,0,5,0,312
3697.0,1,1,3,0,5,0,312
3698.0,1,1,3,0,5,0,312
3699.0,1,1,6,0,8,0,312
3700.0,1,1,6,0,8,0,312
3701.0,1,1,7,0,9,0,312
3702.0,1,1,8,0,10,0,312
3703.0,1,1,10,0,12,0,312
3704.0,1,1,10,0,12,0,312
3705.0,1,1,10,0,12,0,312
3706.0,1,1,11,0,13,0,312
3707.0,1,1,10,0,12,0,312
3708.0,1,1,10,0,12,0,312
3709.0,1,1,11,0,13,0,312
3710.0,1,1,12,0,14,0,312
3711.0,1,1,12,0,14,0,312
3712.0,1,1,12,0,14,0,312
3713.0,1,1,12,0,14,0,313
3714.0,1,1,10,0,12,0,313
3715.0,1,1,8,0,10,0,313
3716.0,1,1,6,0,8,0,313
3717.0,1,1,4,0,6,0,313
3718.0,1,1,3,0,5,0,313
3719.0,1,1,2,0,4,0,313
3720.0,1,1,1,0,3,0,313
3721.0,1,1,0,0,2,0,313
3722.0,1,1,0,0,2,0,313
3723.0,1,1,1,0,3,0,314
3724.0,1,1,2,0,4,0,314
3725.0,1,1,2,0,4,0,314
3726.0,1,1,3,0,5,0,314
3727.0,1,1,5,0,7,0,314
3728.0,1,1,4,0,6,0,314
3729.0,1,1,5,0,7,0,314
3730.0,1,1,6,0,8,0,314
3731.0,1,1,6,0,8,0,314
3732.0,1,1,7,0,9,0,314
3733.0,1,1,7,0,9,0,314
3734.0,1,1,8,0,10,0,314
3735.0,1,1,8,0,10,0,314
3736.0,1,1,8,0,10,0,314
3737.0,1,1,9,0,11,0,314
3738.0,1,1,10,0,12,0,314
3739.0,1,1,10,0,12,0,314
3740.0,1,1,10,0,12,0,314
3741.0,1,1,10,0,12,0,314
3742.0,1,1,10,0,12,0,314
3743.0,1,1,10,0,12,0,314
3744.0,1,1,10,0,12,0,314
3745.0,1,1,10,0,12,0,314
3746.0,1,1,10,0,12,0,314
3747.0,1,1,10,0,12,0,314
3748.0,1,1,10,0,12,0,314
3749.0,1,1,10,0,12,0,314
3750.0,1,1,10,0,12,0,314
3751.0,1,1,10,0,12,0,314
3752.0,1,1,10,0,12,0,314
3753.0,1,1,10,0,12,0,314
3754.0,1,1,10,0,12,0,314
3755.0,1,1,10,0,12,0,314
3756.0,1,1,10,0,12,0,314
3757.0,1,1,10,0,12,0,314
3758.0,1,1,10,0,12,0,314
3759.0,1,1,10,0,12,0,314
3760.0,1,1,10,0,12,0,314
3761.0,1,1,10,0,12,0,314
3762.0,1,1,10,0,12,0,314
3763.0,1,1,10,0,12,0,314
3764.0,1,1,10,0,12,0,314
3765.0,1,1,10,0,12,0,314
3766.0,1,1,10,0,12,0,314
3767.0,1,1,10,0,12,0,314
3768.0,1,1,10,0,12,0,314
3769.0,1,1,10,0,12,0,314
3770.0,1,1,10,0,12,0,314
3771.0,1,1,10,0,12,0,314
3772.0,1,1,10,0,12,0,314
3773.0,1,1,10,0,12,0,314
3774.0,1,1,10,0,12,0,314
3775.0,1,1,10,0,12,0,314
3776.0,1,1,10,0,12,0,314
3777.0,1,1,10,0,12,0,314
3778.0,1,1,10,0,12,0,314
3779.0,1,1,10,0,12,0,314
3780.0,1,1,10,0,12,0,314
3781.0,1,1,10,0,12,0,314
3782.0,1,1,10,0,12,0,314
3783.0,1,1,10,0,12,0,314
3784.0,1,1,10,0,12,0,314
3785.0,1,1,10,0,12,0,314
3786.0,1,1,10,0,12,0,314
3787.0,1,1,10,0,12,0,314
3788.0,1,1,10,0,12,0,314
3789.0,1,1,10,0,12,0,314
3790.0,1,1,10,0,12,0,314
3791.0,1,1,10,0,12,0,314
3792.0,1,1,10,0,12,0,314
3793.0,1,1,10,0,12,0,314
3794.0,1,1,10,0,12,0,314
3795.0,1,1,10,0,12,0,314
3796.0,1,1,10,0,12,0,314
3797.0,1,1,10,0,12,0,314
3798.0,1,1,10,0,12,0,314
3799.0,1,1,10,0,12,0,314
3800.0,1,1,10,0,12,0,314
3801.0,1,1,10,0,12,0,314
3802.0,1,1,10,0,12,0,314
3803.0,1,1,10,0,12,0,314
3804.0,1,1,10,0,12,0,314
3805.0,1,1,10,0,12,0,314
3806.0,1,1,10,0,12,0,314
3807.0,1,1,10,0,12,0,314
3808.0,1,1,10,0,12,0,314
3809.0,1,1,10,0,12,0,314
3810.0,1,1,10,0,12,0,314
3811.0,1,1,10,0,12,0,314
3812.0,1,1,10,0,12,0,314
3813.0,1,1,10,0,12,0,314
3814.0,1,1,10,0,12,0,314
3815.0,1,1,10,0,12,0,314
3816.0,1,1,10,0,12,0,314
3817.0,1,1,10,0,12,0,314
3818.0,1,1,10,0,12,0,314
3819.0,1,1,10,0,12,0,314
3820.0,1,1,10,0,12,0,314
3821.0,1,1,10,0,12,0,314
3822.0,1,1,10,0,12,0,314
3823.0,1,1,10,0,12,0,314
3824.0,1,1,10,0,12,0,314
3825.0,1,1,10,0,12,0,314
3826.0,1,1,10,0,12,0,314
3827.0,1,1,10,0,12,0,314
3828.0,1,1,10,0,12,0,314
3829.0,1,1,10,0,12,0,314
3830.0,1,1,10,0,12,0,314
3831.0,1,1,10,0,12,0,314
3832.0,1,1,10,0,12,0,314
3833.0,1,1,10,0,12,0,314
3834.0,1,1,10,0,12,0,314
3835.0,1,1,10,0,12,0,314
3836.0,1,1,10,0,12,0,314
3837.0,1,1,10,0,12,0,314
3838.0,1,1,10,0,12,0,314
3839.0,1,1,10,0,12,0,314
3840.0,1,1,10,0,12,0,314
3841.0,1,1,10,0,12,0,314
3842.0,1,1,10,0,12,0,314
3843.0,1,1,10,0,12,0,314
3844.0,1,1,10,0,12,0,314
3845.0,1,1,10,0,12,0,314
3846.0,1,1,10,0,12,0,314
3847.0,1,1,10,0,12,0,314
3848.0,1,1,10,0,12,0,314
3849.0,1,1,10,0,12,0,314
3850.0,1,1,10,0,12,0,314
3851.0,1,1,10,0,12,0,314
3852.0,1,1,10,0,12,0,314
3853.0,1,1,10,0,12,0,314
3854.0,1,1,10,0,12,0,314
3855.0,1,1,10,0,12,0,314
3856.0,1,1,10,0,12,0,314
3857.0,1,1,10,0,12,0,314
3858.0,1,1,10,0,12,0,314
3859.0,1,1,10,0,12,0,314
3860.0,1,1,10,0,12,0,314
3861.0,1,1,10,0,12,0,314
3862.0,1,1,10,0,12,0,314
3863.0,1,1,10,0,12,0,314
3864.0,1,1,10,0,12,0,314
3865.0,1,1,10,0,12,0,314
3866.0,1,1,10,0,12,0,314
3867.0,1,1,10,0,12,0,314
3868.0,1,1,10,0,12,0,314
3869.0,1,1,10,0,12,0,314
3870.0,1,1,10,0,12,0,314
3871.0,1,1,10,0,12,0,314
3872.0,1,1,10,0,12,0,314
3873.0,1,1,10,0,12,0,314
3874.0,1,1,10,0,12,0,314
3875.0,1,1,10,0,12,0,314
3876.0,1,1,10,0,12,0,314
3877.0,1,1,10,0,12,0,314
3878.0,1,1,10,0,12,0,314
3879.0,1,1,10,0,12,0,314
3880.0,1,1,10,0,12,0,314
3881.0,1,1,10,0,12,0,314
3882.0,1,1,10,0,12,0,314
3883.0,1,1,10,0,12,0,314
3884.0,1,1,10,0,12,0,314
3885.0,1,1,10,0,12,0,314
3886.0,1,1,10,0,12,0,314
3887.0,1,1,10,0,12,0,314
3888.0,1,1,10,0,12,0,314
3889.0,1,1,10,0,12,0,314
3890.0,1,1,10,0,12,0,314
3891.0,1,1,10,0,12,0,314
3892.0,1,1,10,0,12,0,314
3893.0,1,1,10,0,12,0,314
3894.0,1,1,10,0,12,0,314
3895.0,1,1,10,0,12,0,314
3896.0,1,1,10,0,12,0,314
3897.0,1,1,10,0,12,0,314
3898.0,1,1,10,0,12,0,314
3899.0,1,1,10,0,12,0,314
3900.0,1,1,10,0,12,0,314
3901.0,1,1,10,0,12,0,314
3902.0,1,1,10,0,12,0,314
3903.0,1,1,10,0,12,0,314
3904.0,1,1,10,0,12,0,314
3905.0,1,1,10,0,12,0,314
3906.0,1,1,10,0,12,0,314
3907.0,1,1,10,0,12,0,314
3908.0,1,1,10,0,12,0,314
3909.0,1,1,10,0,12,0,314
3910.0,1,1,10,0,12,0,314
3911.0,1,1,10,0,12,0,314
3912.0,1,1,10,0,12,0,314
3913.0,1,1,10,0,12,0,314
3914.0,1,1,10,0,12,0,314
3915.0,1,1,10,0,12,0,314
3916.0,1,1,10,0,12,0,314
3917.0,1,1,10,0,12,0,314
3918.0,1,1,10,0,12,0,314
3919.0,1,1,10,0,12,0,314
3920.0,1,1,10,0,12,0,314
3921.0,1,1,10,0,12,0,314
3922.0,1,1,10,0,12,0,314
3923.0,1,1,10,0,12,0,314
3924.0,1,1,10,0,12,0,314
3925.0,1,1,10,0,12,0,314
3926.0,1,1,10,0,12,0,314
3927.0,1,1,10,0,12,0,314
3928.0,1,1,10,0,12,0,314
3929.0,1,1,10,0,12,0,314
3930.0,1,1,10,0,12,0,314
3931.0,1,1,10,0,12,0,314
3932.0,1,1,10,0,12,0,314
3933.0,1,1,10,0,12,0,314
3934.0,1,1,10,0,12,0,314
3935.0,1,1,10,0,12,0,314
3936.0,1,1,10,0,12,0,314
3937.0,1,1,10,0,12,0,314
3938.0,1,1,10,0,12,0,314
3939.0,1,1,10,0,12,0,314
3940.0,1,1,10,0,12,0,314
3941.0,1,1,10,0,12,0,314
3942.0,1,1,10,0,12,0,314
3943.0,1,1,10,0,12,0,314
3944.0,1,1,10,0,12,0,314
3945.0,1,1,10,0,12,0,314
3946.0,1,1,10,0,12,0,314
3947.0,1,1,10,0,12,0,314
3948.0,1,1,10,0,12,0,314
3949.0,1,1,10,0,12,0,314
3950.0,1,1,10,0,12,0,314
3951.0,1,1,10,0,12,0,314
3952.0,1,1,10,0,12,0,314
3953.0,1,1,10,0,12,0,314
3954.0,1,1,10,0,12,0,314
3955.0,1,1,10,0,12,0,314
3956.0,1,1,10,0,12,0,314
3957.0,1,1,10,0,12,0,314
3958.0,1,1,10,0,12,0,314
3959.0,1,1,10,0,12,0,314
3960.0,1,1,10,0,12,0,314
3961.0,1,1,10,0,12,0,314
3962.0,1,1,10,0,12,0,314
3963.0,1,1,10,0,12,0,314
3964.0,1,1,10,0,12,0,314
3965.0,1,1,10,0,12,0,314
3966.0,1,1,10,0,12,0,314
3967.0,1,1,10,0,12,0,314
3968.0,1,1,10,0,12,0,314
3969.0,1,1,10,0,12,0,314
3970.0,1,1,10,0,12,0,314
3971.0,1,1,10,0,12,0,314
3972.0,1,1,10,0,12,0,314
3973.0,1,1,10,0,12,0,314
3974.0,1,1,10,0,12,0,314
3975.0,1,1,10,0,12,0,314
3976.0,1,1,10,0,12,0,314
3977.0,1,1,10,0,12,0,314
3978.0,1,1,10,0,12,0,314
3979.0,1,1,10,0,12,0,314
3980.0,1,1,10,0,12,0,314
3981.0,1,1,10,0,12,0,314
3982.0,1,1,10,0,12,0,314
3983.0,1,1,10,0,12,0,314
3984.0,1,1,10,0,12,0,314
3985.0,1,1,10,0,12,0,314
3986.0,1,1,10,0,12,0,314
3987.0,1,1,10,0,12,0,314
3988.0,1,1,10,0,12,0,314
3989.0,1,1,10,0,12,0,314
3990.0,1,1,10,0,12,0,314
3991.0,1,1,10,0,12,0,314
3992.0,1,1,10,0,12,0,314
3993.0,1,1,10,0,12,0,314
3994.0,1,1,10,0,12,0,314
3995.0,1,1,10,0,12,0,314
3996.0,1,1,10,0,12,0,314
3997.0,1,1,10,0,12,0,314
3998.0,1,1,10,0,12,0,314
3999.0,1,1,10,0,12,0,314
4000.0,1,1,10,0,12,0,314
4001.0,1,1,10,0,12,0,314
4002.0,1,1,10,0,12,0,314
4003.0,1,1,10,0,12,0,314
4004.0,1,1,10,0,12,0,314
4005.0,1,1,10,0,12,0,314
4006.0,1,1,10,0,12,0,314
4007.0,1,1,10,0,12,0,314
4008.0,1,1,10,0,12,0,314
4009.0,1,1,10,0,12,0,314
4010.0,1,1,10,0,12,0,314
4011.0,1,1,10,0,12,0,314
4012.0,1,1,10,0,12,0,314
4013.0,1,1,10,0,12,0,314
4014.0,1,1,10,0,12,0,314
4015.0,1,1,10,0,12,0,314
4016.0,1,1,10,0,12,0,314
4017.0,1,1,10,0,12,0,314
4018.0,1,1,10,0,12,0,314
4019.0,1,1,10,0,12,0,314
4020.0,1,1,10,0,12,0,314
4021.0,1,1,10,0,12,0,314
4022.0,1,1,10,0,12,0,314
4023.0,1,1,10,0,12,0,314
4024.0,1,1,10,0,12,0,314
4025.0,1,1,10,0,12,0,314
4026.0,1,1,10,0,12,0,314
4027.0,1,1,10,0,12,0,314
4028.0,1,1,10,0,12,0,314
4029.0,1,1,10,0,12,0,314
4030.0,1,1,10,0,12,0,314
4031.0,1,1,10,0,12,0,314
4032.0,1,1,10,0,12,0,314
4033.0,1,1,10,0,12,0,314
4034.0,1,1,10,0,12,0,314
4035.0,1,1,10,0,12,0,314
4036.0,1,1,10,0,12,0,314
4037.0,1,1,10,0,12,0,314
4038.0,1,1,10,0,12,0,314
4039.0,1,1,10,0,12,0,314
4040.0,1,1,10,0,12,0,314
4041.0,1,1,10,0,12,0,314
4042.0,1,1,10,0,12,0,314
4043.0,1,1,10,0,12,0,314
4044.0,1,1,10,0,12,0,314
4045.0,1,1,10,0,12,0,314
4046.0,1,1,10,0,12,0,314
4047.0,1,1,10,0,12,0,314
4048.0,1,1,10,0,12,0,314
4049.0,1,1,10,0,12,0,314
4050.0,1,1,10,0,12,0,314
4051.0,1,1,10,0,12,0,314
4052.0,1,1,10,0,12,0,314
4053.0,1,1,10,0,12,0,314
4054.0,1,1,10,0,12,0,314
4055.0,1,1,10,0,12,0,314
4056.0,1,1,10,0,12,0,314
4057.0,1,1,10,0,12,0,314
4058.0,1,1,10,0,12,0,314
4059.0,1,1,10,0,12,0,314
4060.0,1,1,10,0,12,0,314
4061.0,1,1,10,0,12,0,314
4062.0,1,1,10,0,12,0,314
4063.0,1,1,10,0,12,0,314
4064.0,1,1,10,0,12,0,314
4065.0,1,1,10,0,12,0,314
4066.0,1,1,10,0,12,0,314
4067.0,1,1,10,0,12,0,314
4068.0,1,1,10,0,12,0,314
4069.0,1,1,10,0,12,0,314
4070.0,1,1,10,0,12,0,314
4071.0,1,1,10,0,12,0,314
4072.0,1,1,10,0,12,0,314
4073.0,1,1,10,0,12,0,314
4074.0,1,1,10,0,12,0,314
4075.0,1,1,10,0,12,0,314
4076.0,1,1,10,0,12,0,314
4077.0,1,1,10,0,12,0,314
4078.0,1,1,10,0,12,0,314
4079.0,1,1,10,0,12,0,314
4080.0,1,1,10,0,12,0,314
4081.0,1,1,10,0,12,0,314
4082.0,1,1,10,0,12,0,314
4083.0,1,1,10,0,12,0,314
4084.0,1,1,10,0,12,0,314
4085.0,1,1,10,0,12,0,314
4086.0,1,1,10,0,12,0,314
4087.0,1,1,10,0,12,0,314
4088.0,1,1,10,0,12,0,314
4089.0,1,1,10,0,12,0,314
4090.0,1,1,10,0,12,0,314
4091.0,1,1,10,0,12,0,314
4092.0,1,1,10,0,12,0,314
4093.0,1,1,10,0,12,0,314
4094.0,1,1,10,0,12,0,314
4095.0,1,1,10,0,12,0,314
4096.0,1,1,10,0,12,0,314
4097.0,1,1,10,0,12,0,314
4098.0,1,1,10,0,12,0,314
4099.0,1,1,10,0,12,0,314
4100.0,1,1,10,0,12,0,314
4101.0,1,1,10,0,12,0,314
4102.0,1,1,10,0,12,0,314
4103.0,1,1,10,0,12,0,314
4104.0,1,1,10,0,12,0,314
4105.0,1,1,10,0,12,0,314
4106.0,1,1,10,0,12,0,314
4107.0,1,1,10,0,12,0,314
4108.0,1,1,10,0,12,0,314
4109.0,1,1,10,0,12,0,314
4110.0,1,1,10,0,12,0,314
4111.0,1,1,10,0,12,0,314
4112.0,1,1,10,0,12,0,314
4113.0,1,1,10,0,12,0,314
4114.0,1,1,10,0,12,0,314
4115.0,1,1,10,0,12,0,314
4116.0,1,1,10,0,12,0,314
4117.0,1,1,10,0,12,0,314
4118.0,1,1,10,0,12,0,314
4119.0,1,1,10,0,12,0,314
4120.0,1,1,10,0,12,0,314
4121.0,1,1,10,0,12,0,314
4122.0,1,1,10,0,12,0,314
4123.0,1,1,10,0,12,0,314
4124.0,1,1,10,0,12,0,314
4125.0,1,1,10,0,12,0,314
4126.0,1,1,10,0,12,0,314
4127.0,1,1,10,0,12,0,314
4128.0,1,1,10,0,12,0,314
4129.0,1,1,10,0,12,0,314
4130.0,1,1,10,0,12,0,314
4131.0,1,1,10,0,12,0,314
4132.0,1,1,10,0,12,0,314
4133.0,1,1,10,0,12,0,314
4134.0,1,1,10,0,12,0,314
4135.0,1,1,10,0,12,0,314
4136.0,1,1,10,0,12,0,314
4137.0,1,1,10,0,12,0,314
4138.0,1,1,10,0,12,0,314
4139.0,1,1,10,0,12,0,314
4140.0,1,1,10,0,12,0,314
4141.0,1,1,10,0,12,0,314
4142.0,1,1,10,0,12,0,314
4143.0,1,1,10,0,12,0,314
4144.0,1,1,10,0,12,0,314
4145.0,1,1,10,0,12,0,314
4146.0,1,1,10,0,12,0,314
4147.0,1,1,10,0,12,0,314
4148.0,1,1,10,0,12,0,314
4149.0,1,1,10,0,12,0,314
4150.0,1,1,10,0,12,0,314
4151.0,1,1,10,0,12,0,314
4152.0,1,1,10,0,12,0,314
4153.0,1,1,10,0,12,0,314
4154.0,1,1,10,0,12,0,314
4155.0,1,1,10,0,12,0,314
4156.0,1,1,10,0,12,0,314
4157.0,1,1,10,0,12,0,314
4158.0,1,1,10,0,12,0,314
4159.0,1,1,10,0,12,0,314
4160.0,1,1,10,0,12,0,314
4161.0,1,1,10,0,12,0,314
4162.0,1,1,10,0,12,0,314
4163.0,1,1,10,0,12,0,314
4164.0,1,1,10,0,12,0,314
4165.0,1,1,10,0,12,0,314
4166.0,1,1,10,0,12,0,314
4167.0,1,1,10,0,12,0,314
4168.0,1,1,10,0,12,0,314
4169.0,1,1,10,0,12,0,314
4170.0,1,1,10,0,12,0,314
4171.0,1,1,10,0,12,0,314
4172.0,1,1,10,0,12,0,314
4173.0,1,1,10,0,12,0,314
4174.0,1,1,10,0,12,0,314
4175.0,1,1,10,0,12,0,314
4176.0,1,1,10,0,12,0,314
4177.0,1,1,10,0,12,0,314
4178.0,1,1,10,0,12,0,314
4179.0,1,1,10,0,12,0,314
4180.0,1,1,10,0,12,0,314
4181.0,1,1,10,0,12,0,314
4182.0,1,1,10,0,12,0,314
4183.0,1,1,10,0,12,0,314
4184.0,1,1,10,0,12,0,314
4185.0,1,1,10,0,12,0,314
4186.0,1,1,10,0,12,0,314
4187.0,1,1,10,0,12,0,314
4188.0,1,1,10,0,12,0,314
4189.0,1,1,10,0,12,0,314
4190.0,1,1,10,0,12,0,314
4191.0,1,1,10,0,12,0,314
4192.0,1,1,10,0,12,0,314
4193.0,1,1,10,0,12,0,314
4194.0,1,1,10,0,12,0,314
4195.0,1,1,10,0,12,0,314
4196.0,1,1,10,0,12,0,314
4197.0,1,1,10,0,12,0,314
4198.0,1,1,10,0,12,0,314
4199.0,1,1,10,0,12,0,314
4200.0,1,1,10,0,12,0,314
4201.0,1,1,10,0,12,0,314
4202.0,1,1,10,0,12,0,314
4203.0,1,1,10,0,12,0,314
4204.0,1,1,10,0,12,0,314
4205.0,1,1,10,0,12,0,314
4206.0,1,1,10,0,12,0,314
4207.0,1,1,10,0,12,0,314
4208.0,1,1,10,0,12,0,314
4209.0,1,1,10,0,12,0,314
4210.0,1,1,10,0,12,0,314
4211.0,1,1,10,0,12,0,314
4212.0,1,1,10,0,12,0,314
4213.0,1,1,10,0,12,0,314
4214.0,1,1,10,0,12,0,314
4215.0,1,1,10,0,12,0,314
4216.0,1,1,10,0,12,0,314
4217.0,1,1,10,0,12,0,314
4218.0,1,1,10,0,12,0,314
4219.0,1,1,10,0,12,0,314
4220.0,1,1,10,0,12,0,314
4221.0,1,1,10,0,12,0,314
4222.0,1,1,10,0,12,0,314
4223.0,1,1,10,0,12,0,314
4224.0,1,1,10,0,12,0,314
4225.0,1,1,10,0,12,0,314
4226.0,1,1,10,0,12,0,314
4227.0,1,1,10,0,12,0,314
4228.0,1,1,10,0,12,0,314
4229.0,1,1,10,0,12,0,314
4230.0,1,1,10,0,12,0,314
4231.0,1,1,10,0,12,0,314
4232.0,1,1,10,0,12,0,314
4233.0,1,1,10,0,12,0,314
4234.0,1,1,10,0,12,0,314
4235.0,1,1,10,0,12,0,314
4236.0,1,1,10,0,12,0,314
4237.0,1,1,10,0,12,0,314
4238.0,1,1,10,0,12,0,314
4239.0,1,1,10,0,12,0,314
4240.0,1,1,10,0,12,0,314
4241.0,1,1,10,0,12,0,314
4242.0,1,1,10,0,12,0,314
4243.0,1,1,10,0,12,0,314
4244.0,1,1,10,0,12,0,314
4245.0,1,1,10,0,12,0,314
4246.0,1,1,10,0,12,0,314
4247.0,1,1,10,0,12,0,314
4248.0,1,1,10,0,12,0,314
4249.0,1,1,10,0,12,0,314
4250.0,1,1,10,0,12,0,314
4251.0,1,1,10,0,12,0,314
4252.0,1,1,10,0,12,0,314
4253.0,1,1,10,0,12,0,314
4254.0,1,1,10,0,12,0,314
4255.0,1,1,10,0,12,0,314
4256.0,1,1,10,0,12,0,314
4257.0,1,1,10,0,12,0,314
4258.0,1,1,10,0,12,0,314
4259.0,1,1,10,0,12,0,314
4260.0,1,1,10,0,12,0,314
4261.0,1,1,10,0,12,0,314
4262.0,1,1,10,0,12,0,314
4263.0,1,1,10,0,12,0,314
4264.0,1,1,10,0,12,0,314
4265.0,1,1,10,0,12,0,314
4266.0,1,1,10,0,12,0,314
4267.0,1,1,10,0,12,0,314
4268.0,1,1,10,0,12,0,314
4269.0,1,1,10,0,12,0,314
4270.0,1,1,10,0,12,0,314
4271.0,1,1,10,0,12,0,314
4272.0,1,1,10,0,12,0,314
4273.0,1,1,10,0,12,0,314
4274.0,1,1,10,0,12,0,314
4275.0,1,1,10,0,12,0,314
4276.0,1,1,10,0,12,0,314
4277.0,1,1,10,0,12,0,314
4278.0,1,1,10,0,12,0,314
4279.0,1,1,10,0,12,0,314
4280.0,1,1,10,0,12,0,314
4281.0,1,1,10,0,12,0,314
4282.0,1,1,10,0,12,0,314
4283.0,1,1,10,0,12,0,314
4284.0,1,1,10,0,12,0,314
4285.0,1,1,10,0,12,0,314
4286.0,1,1,10,0,12,0,314
4287.0,1,1,10,0,12,0,314
4288.0,1,1,10,0,12,0,314
4289.0,1,1,10,0,12,0,314
4290.0,1,1,10,0,12,0,314
4291.0,1,1,10,0,12,0,314
4292.0,1,1,10,0,12,0,314
4293.0,1,1,10,0,12,0,314
4294.0,1,1,10,0,12,0,314
4295.0,1,1,10,0,12,0,314
4296.0,1,1,10,0,12,0,314
4297.0,1,1,10,0,12,0,314
4298.0,1,1,10,0,12,0,314
4299.0,1,1,10,0,12,0,314
4300.0,1,1,10,0,12,0,314
4301.0,1,1,10,0,12,0,314
4302.0,1,1,10,0,12,0,314
4303.0,1,1,10,0,12,0,314
4304.0,1,1,10,0,12,0,314
4305.0,1,1,10,0,12,0,314
4306.0,1,1,10,0,12,0,314
4307.0,1,1,10,0,12,0,314
4308.0,1,1,10,0,12,0,314
4309.0,1,1,10,0,12,0,314
4310.0,1,1,10,0,12,0,314
4311.0,1,1,10,0,12,0,314
4312.0,1,1,10,0,12,0,314
4313.0,1,1,10,0,12,0,314
4314.0,1,1,10,0,12,0,314
4315.0,1,1,10,0,12,0,314
4316.0,1,1,10,0,12,0,314
4317.0,1,1,10,0,12,0,314
4318.0,1,1,10,0,12,0,314
4319.0,1,1,10,0,12,0,314
4320.0,1,1,10,0,12,0,314
4321.0,1,1,10,0,12,0,314
4322.0,1,1,10,0,12,0,314
4323.0,1,1,10,0,12,0,314
4324.0,1,1,10,0,12,0,314
4325.0,1,1,10,0,12,0,314
4326.0,1,1,10,0,12,0,314
4327.0,1,1,10,0,12,0,314
4328.0,1,1,10,0,12,0,314
4329.0,1,1,10,0,12,0,314
4330.0,1,1,10,0,12,0,314
4331.0,1,1,10,0,12,0,314
4332.0,1,1,10,0,12,0,314
4333.0,1,1,10,0,12,0,314
4334.0,1,1,10,0,12,0,314
4335.0,1,1,10,0,12,0,314
4336.0,1,1,10,0,12,0,314
4337.0,1,1,10,0,12,0,314
4338.0,1,1,10,0,12,0,314
4339.0,1,1,10,0,12,0,314
4340.0,1,1,10,0,12,0,314
4341.0,1,1,10,0,12,0,314
4342.0,1,1,10,0,12,0,314
4343.0,1,1,10,0,12,0,314
4344.0,1,1,10,0,12,0,314
4345.0,1,1,10,0,12,0,314
4346.0,1,1,10,0,12,0,314
4347.0,1,1,10,0,12,0,314
4348.0,1,1,10,0,12,0,314
4349.0,1,1,10,0,12,0,314
4350.0,1,1,10,0,12,0,314
4351.0,1,1,10,0,12,0,314
4352.0,1,1,10,0,12,0,314
4353.0,1,1,10,0,12,0,314
4354.0,1,1,10,0,12,0,314
4355.0,1,1,10,0,12,0,314
4356.0,1,1,10,0,12,0,314
4357.0,1,1,10,0,12,0,314
4358.0,1,1,10,0,12,0,314
4359.0,1,1,10,0,12,0,314
4360.0,1,1,10,0,12,0,314
4361.0,1,1,10,0,12,0,314
4362.0,1,1,10,0,12,0,314
4363.0,1,1,10,0,12,0,314
4364.0,1,1,10,0,12,0,314
4365.0,1,1,10,0,12,0,314
4366.0,1,1,10,0,12,0,314
4367.0,1,1,10,0,12,0,314
4368.0,1,1,10,0,12,0,314
4369.0,1,1,10,0,12,0,314
4370.0,1,1,10,0,12,0,314
4371.0,1,1,10,0,12,0,314
4372.0,1,1,10,0,12,0,314
4373.0,1,1,10,0,12,0,314
4374.0,1,1,10,0,12,0,314
4375.0,1,1,10,0,12,0,314
4376.0,1,1,10,0,12,0,314
4377.0,1,1,10,0,12,0,314
4378.0,1,1,10,0,12,0,314
4379.0,1,1,10,0,12,0,314
4380.0,1,1,10,0,12,0,314
4381.0,1,1,10,0,12,0,314
4382.0,1,1,10,0,12,0,314
4383.0,1,1,10,0,12,0,314
4384.0,1,1,10,0,12,0,314
4385.0,1,1,10,0,12,0,314
4386.0,1,1,10,0,12,0,314
4387.0,1,1,10,0,12,0,314
4388.0,1,1,10,0,12,0,314
4389.0,1,1,10,0,12,0,314
4390.0,1,1,10,0,12,0,314
4391.0,1,1,10,0,12,0,314
4392.0,1,1,10,0,12,0,314
4393.0,1,1,10,0,12,0,314
4394.0,1,1,10,0,12,0,314
4395.0,1,1,10,0,12,0,314
4396.0,1,1,10,0,12,0,314
4397.0,1,1,10,0,12,0,314
4398.0,1,1,10,0,12,0,314
4399.0,1,1,10,0,12,0,314
4400.0,1,1,10,0,12,0,314
4401.0,1,1,10,0,12,0,314
4402.0,1,1,10,0,12,0,314
4403.0,1,1,10,0,12,0,314
4404.0,1,1,10,0,12,0,314
4405.0,1,1,10,0,12,0,314
4406.0,1,1,10,0,12,0,314
4407.0,1,1,10,0,12,0,314
4408.0,1,1,10,0,12,0,314
4409.0,1,1,10,0,12,0,314
4410.0,1,1,10,0,12,0,314
4411.0,1,1,10,0,12,0,314
4412.0,1,1,10,0,12,0,314
4413.0,1,1,10,0,12,0,314
4414.0,1,1,10,0,12,0,314
4415.0,1,1,10,0,12,0,314
4416.0,1,1,10,0,12,0,314
4417.0,1,1,10,0,12,0,314
4418.0,1,1,10,0,12,0,314
4419.0,1,1,10,0,12,0,314
4420.0,1,1,10,0,12,0,314
4421.0,1,1,10,0,12,0,314
4422.0,1,1,10,0,12,0,314
4423.0,1,1,10,0,12,0,314
4424.0,1,1,10,0,12,0,314
4425.0,1,1,10,0,12,0,314
4426.0,1,1,10,0,12,0,314
4427.0,1,1,10,0,12,0,314
4428.0,1,1,10,0,12,0,314
4429.0,1,1,10,0,12,0,314
4430.0,1,1,10,0,12,0,314
4431.0,1,1,10,0,12,0,314
4432.0,1,1,10,0,12,0,314
4433.0,1,1,10,0,12,0,314
4434.0,1,1,10,0,12,0,314
4435.0,1,1,10,0,12,0,314
4436.0,1,1,10,0,12,0,314
4437.0,1,1,10,0,12,0,314
4438.0,1,1,10,0,12,0,314
4439.0,1,1,10,0,12,0,314
4440.0,1,1,10,0,12,0,314
4441.0,1,1,10,0,12,0,314
4442.0,1,1,10,0,12,0,314
4443.0,1,1,10,0,12,0,314
4444.0,1,1,10,0,12,0,314
4445.0,1,1,10,0,12,0,314
4446.0,1,1,10,0,12,0,314
4447.0,1,1,10,0,12,0,314
4448.0,1,1,10,0,12,0,314
4449.0,1,1,10,0,12,0,314
4450.0,1,1,10,0,12,0,314
4451.0,1,1,10,0,12,0,314
4452.0,1,1,10,0,12,0,314
4453.0,1,1,10,0,12,0,314
4454.0,1,1,10,0,12,0,314
4455.0,1,1,10,0,12,0,314
4456.0,1,1,10,0,12,0,314
4457.0,1,1,10,0,12,0,314
4458.0,1,1,10,0,12,0,314
4459.0,1,1,10,0,12,0,314
4460.0,1,1,10,0,12,0,314
4461.0,1,1,10,0,12,0,314
4462.0,1,1,10,0,12,0,314
4463.0,1,1,10,0,12,0,314
4464.0,1,1,10,0,12,0,314
4465.0,1,1,10,0,12,0,314
4466.0,1,1,10,0,12,0,314
4467.0,1,1,10,0,12,0,314
4468.0,1,1,10,0,12,0,314
4469.0,1,1,10,0,12,0,314
4470.0,1,1,10,0,12,0,314
4471.0,1,1,10,0,12,0,314
4472.0,1,1,10,0,12,0,314
4473.0,1,1,10,0,12,0,314
4474.0,1,1,10,0,12,0,314
4475.0,1,1,10,0,12,0,314
4476.0,1,1,10,0,12,0,314
4477.0,1,1,10,0,12,0,314
4478.0,1,1,10,0,12,0,314
4479.0,1,1,10,0,12,0,314
4480.0,1,1,10,0,12,0,314
4481.0,1,1,10,0,12,0,314
4482.0,1,1,10,0,12,0,314
4483.0,1,1,10,0,12,0,314
4484.0,1,1,10,0,12,0,314
4485.0,1,1,10,0,12,0,314
4486.0,1,1,10,0,12,0,314
4487.0,1,1,10,0,12,0,314
4488.0,1,1,10,0,12,0,314
4489.0,1,1,10,0,12,0,314
4490.0,1,1,10,0,12,0,314
4491.0,1,1,10,0,12,0,314
4492.0,1,1,10,0,12,0,314
4493.0,1,1,10,0,12,0,314
4494.0,1,1,10,0,12,0,314
4495.0,1,1,10,0,12,0,314
4496.0,1,1,10,0,12,0,314
4497.0,1,1,10,0,12,0,314
4498.0,1,1,10,0,12,0,314
4499.0,1,1,10,0,12,0,314
4500.0,1,1,10,0,12,0,314
4501.0,1,1,10,0,12,0,314
4502.0,1,1,10,0,12,0,314
4503.0,1,1,10,0,12,0,314
4504.0,1,1,10,0,12,0,314
4505.0,1,1,10,0,12,0,314
4506.0,1,1,10,0,12,0,314
4507.0,1,1,10,0,12,0,314
4508.0,1,1,10,0,12,0,314
4509.0,1,1,10,0,12,0,314
4510.0,1,1,10,0,12,0,314
4511.0,1,1,10,0,12,0,314
4512.0,1,1,10,0,12,0,314
4513.0,1,1,10,0,12,0,314
4514.0,1,1,10,0,12,0,314
4515.0,1,1,10,0,12,0,314
4516.0,1,1,10,0,12,0,314
4517.0,1,1,10,0,12,0,314
4518.0,1,1,10,0,12,0,314
4519.0,1,1,10,0,12,0,314
4520.0,1,1,10,0,12,0,314
4521.0,1,1,10,0,12,0,314
4522.0,1,1,10,0,12,0,314
4523.0,1,1,10,0,12,0,314
4524.0,1,1,10,0,12,0,314
4525.0,1,1,10,0,12,0,314
4526.0,1,1,10,0,12,0,314
4527.0,1,1,10,0,12,0,314
4528.0,1,1,10,0,12,0,314
4529.0,1,1,10,0,12,0,314
4530.0,1,1,10,0,12,0,314
4531.0,1,1,10,0,12,0,314
4532.0,1,1,10,0,12,0,314
4533.0,1,1,10,0,12,0,314
4534.0,1,1,10,0,12,0,314
4535.0,1,1,10,0,12,0,314
4536.0,1,1,10,0,12,0,314
4537.0,1,1,10,0,12,0,314
4538.0,1,1,10,0,12,0,314
4539.0,1,1,10,0,12,0,314
4540.0,1,1,10,0,12,0,314
4541.0,1,1,10,0,12,0,314
4542.0,1,1,10,0,12,0,314
4543.0,1,1,10,0,12,0,314
4544.0,1,1,10,0,12,0,314
4545.0,1,1,10,0,12,0,314
4546.0,1,1,10,0,12,0,314
4547.0,1,1,10,0,12,0,314
4548.0,1,1,10,0,12,0,314
4549.0,1,1,10,0,12,0,314
4550.0,1,1,10,0,12,0,314
4551.0,1,1,10,0,12,0,314
4552.0,1,1,10,0,12,0,314
4553.0,1,1,10,0,12,0,314
4554.0,1,1,10,0,12,0,314
4555.0,1,1,10,0,12,0,314
4556.0,1,1,10,0,12,0,314
4557.0,1,1,10,0,12,0,314
4558.0,1,1,10,0,12,0,314
4559.0,1,1,10,0,12,0,314
4560.0,1,1,10,0,12,0,314
4561.0,1,1,10,0,12,0,314
4562.0,1,1,10,0,12,0,314
4563.0,1,1,10,0,12,0,314
4564.0,1,1,10,0,12,0,314
4565.0,1,1,10,0,12,0,314
4566.0,1,1,10,0,12,0,314
4567.0,1,1,10,0,12,0,314
4568.0,1,1,10,0,12,0,314
4569.0,1,1,10,0,12,0,314
4570.0,1,1,10,0,12,0,314
4571.0,1,1,10,0,12,0,314
4572.0,1,1,10,0,12,0,314
4573.0,1,1,10,0,12,0,314
4574.0,1,1,10,0,12,0,314
4575.0,1,1,10,0,12,0,314
4576.0,1,1,10,0,12,0,314
4577.0,1,1,10,0,12,0,314
4578.0,1,1,10,0,12,0,314
4579.0,1,1,10,0,12,0,314
4580.0,1,1,10,0,12,0,314
4581.0,1,1,10,0,12,0,314
4582.0,1,1,10,0,12,0,314
4583.0,1,1,10,0,12,0,314
4584.0,1,1,10,0,12,0,314
4585.0,1,1,10,0,12,0,314
4586.0,1,1,10,0,12,0,314
4587.0,1,1,10,0,12,0,314
4588.0,1,1,10,0,12,0,314
4589.0,1,1,10,0,12,0,314
4590.0,1,1,10,0,12,0,314
4591.0,1,1,10,0,12,0,314
4592.0,1,1,10,0,12,0,314
4593.0,1,1,10,0,12,0,314
4594.0,1,1,10,0,12,0,314
4595.0,1,1,10,0,12,0,314
4596.0,1,1,10,0,12,0,314
4597.0,1,1,10,0,12,0,314
4598.0,1,1,10,0,12,0,314
4599.0,1,1,10,0,12,0,314
4600.0,1,1,10,0,12,0,314
4601.0,1,1,10,0,12,0,314
4602.0,1,1,10,0,12,0,314
4603.0,1,1,10,0,12,0,314
4604.0,1,1,10,0,12,0,314
4605.0,1,1,10,0,12,0,314
4606.0,1,1,10,0,12,0,314
4607.0,1,1,10,0,12,0,314
4608.0,1,1,10,0,12,0,314
4609.0,1,1,10,0,12,0,314
4610.0,1,1,10,0,12,0,314
4611.0,1,1,10,0,12,0,314
4612.0,1,1,10,0,12,0,314
4613.0,1,1,10,0,12,0,314
4614.0,1,1,10,0,12,0,314
4615.0,1,1,10,0,12,0,314
4616.0,1,1,10,0,12,0,314
4617.0,1,1,10,0,12,0,314
4618.0,1,1,10,0,12,0,314
4619.0,1,1,10,0,12,0,314
4620.0,1,1,10,0,12,0,314
4621.0,1,1,10,0,12,0,314
4622.0,1,1,10,0,12,0,314
4623.0,1,1,10,0,12,0,314
4624.0,1,1,10,0,12,0,314
4625.0,1,1,10,0,12,0,314
4626.0,1,1,10,0,12,0,314
4627.0,1,1,10,0,12,0,314
4628.0,1,1,10,0,12,0,314
4629.0,1,1,10,0,12,0,314
4630.0,1,1,10,0,12,0,314
4631.0,1,1,10,0,12,0,314
4632.0,1,1,10,0,12,0,314
4633.0,1,1,10,0,12,0,314
4634.0,1,1,10,0,12,0,314
4635.0,1,1,10,0,12,0,314
4636.0,1,1,10,0,12,0,314
4637.0,1,1,10,0,12,0,314
4638.0,1,1,10,0,12,0,314
4639.0,1,1,10,0,12,0,314
4640.0,1,1,10,0,12,0,314
4641.0,1,1,10,0,12,0,314
4642.0,1,1,10,0,12,0,314
4643.0,1,1,10,0,12,0,314
4644.0,1,1,10,0,12,0,314
4645.0,1,1,10,0,12,0,314
4646.0,1,1,10,0,12,0,314
4647.0,1,1,10,0,12,0,314
4648.0,1,1,10,0,12,0,314
4649.0,1,1,10,0,12,0,314
4650.0,1,1,10,0,12,0,314
4651.0,1,1,10,0,12,0,314
4652.0,1,1,10,0,12,0,314
4653.0,1,1,10,0,12,0,314
4654.0,1,1,10,0,12,0,314
4655.0,1,1,10,0,12,0,314
4656.0,1,1,10,0,12,0,314
4657.0,1,1,10,0,12,0,314
4658.0,1,1,10,0,12,0,314
4659.0,1,1,10,0,12,0,314
4660.0,1,1,10,0,12,0,314
4661.0,1,1,10,0,12,0,314
4662.0,1,1,10,0,12,0,314
4663.0,1,1,10,0,12,0,314
4664.0,1,1,10,0,12,0,314
4665.0,1,1,10,0,12,0,314
4666.0,1,1,10,0,12,0,314
4667.0,1,1,10,0,12,0,314
4668.0,1,1,10,0,12,0,314
4669.0,1,1,10,0,12,0,314
4670.0,1,1,10,0,12,0,314
4671.0,1,1,10,0,12,0,314
4672.0,1,1,10,0,12,0,314
4673.0,1,1,10,0,12,0,314
4674.0,1,1,10,0,12,0,314
4675.0,1,1,10,0,12,0,314
4676.0,1,1,10,0,12,0,314
4677.0,1,1,10,0,12,0,314
4678.0,1,1,10,0,12,0,314
4679.0,1,1,10,0,12,0,314
4680.0,1,1,10,0,12,0,314
4681.0,1,1,10,0,12,0,314
4682.0,1,1,10,0,12,0,314
4683.0,1,1,10,0,12,0,314
4684.0,1,1,10,0,12,0,314
4685.0,1,1,10,0,12,0,314
4686.0,1,1,10,0,12,0,314
4687.0,1,1,10,0,12,0,314
4688.0,1,1,10,0,12,0,314
4689.0,1,1,10,0,12,0,314
4690.0,1,1,10,0,12,0,314
4691.0,1,1,10,0,12,0,314
4692.0,1,1,10,0,12,0,314
4693.0,1,1,10,0,12,0,314
4694.0,1,1,10,0,12,0,314
4695.0,1,1,10,0,12,0,314
4696.0,1,1,10,0,12,0,314
4697.0,1,1,10,0,12,0,314
4698.0,1,1,10,0,12,0,314
4699.0,1,1,10,0,12,0,314
4700.0,1,1,10,0,12,0,314
4701.0,1,1,10,0,12,0,314
4702.0,1,1,10,0,12,0,314
4703.0,1,1,10,0,12,0,314
4704.0,1,1,10,0,12,0,314
4705.0,1,1,10,0,12,0,314
4706.0,1,1,10,0,12,0,314
4707.0,1,1,10,0,12,0,314
4708.0,1,1,10,0,12,0,314
4709.0,1,1,10,0,12,0,314
4710.0,1,1,10,0,12,0,314
4711.0,1,1,10,0,12,0,314
4712.0,1,1,10,0,12,0,314
4713.0,1,1,10,0,12,0,314
4714.0,1,1,10,0,12,0,314
4715.0,1,1,10,0,12,0,314
4716.0,1,1,10,0,12,0,314
4717.0,1,1,10,0,12,0,314
4718.0,1,1,10,0,12,0,314
4719.0,1,1,10,0,12,0,314
4720.0,1,1,10,0,12,0,314
4721.0,1,1,10,0,12,0,314
4722.0,1,1,10,0,12,0,314
4723.0,1,1,10,0,12,0,314
4724.0,1,1,10,0,12,0,314
4725.0,1,1,10,0,12,0,314
4726.0,1,1,10,0,12,0,314
4727.0,1,1,10,0,12,0,314
4728.0,1,1,10,0,12,0,314
4729.0,1,1,10,0,12,0,314
4730.0,1,1,10,0,12,0,314
4731.0,1,1,10,0,12,0,314
4732.0,1,1,10,0,12,0,314
4733.0,1,1,10,0,12,0,314
4734.0,1,1,10,0,12,0,314
4735.0,1,1,10,0,12,0,314
4736.0,1,1,10,0,12,0,314
4737.0,1,1,10,0,12,0,314
4738.0,1,1,10,0,12,0,314
4739.0,1,1,10,0,12,0,314
4740.0,1,1,10,0,12,0,314
4741.0,1,1,10,0,12,0,314
4742.0,1,1,10,0,12,0,314
4743.0,1,1,10,0,12,0,314
4744.0,1,1,10,0,12,0,314
4745.0,1,1,10,0,12,0,314
4746.0,1,1,10,0,12,0,314
4747.0,1,1,10,0,12,0,314
4748.0,1,1,10,0,12,0,314
4749.0,1,1,10,0,12,0,314
4750.0,1,1,10,0,12,0,314
4751.0,1,1,10,0,12,0,314
4752.0,1,1,10,0,12,0,314
4753.0,1,1,10,0,12,0,314
4754.0,1,1,10,0,12,0,314
4755.0,1,1,10,0,12,0,314
4756.0,1,1,10,0,12,0,314
4757.0,1,1,10,0,12,0,314
4758.0,1,1,10,0,12,0,314
4759.0,1,1,10,0,12,0,314
4760.0,1,1,10,0,12,0,314
4761.0,1,1,10,0,12,0,314
4762.0,1,1,10,0,12,0,314
4763.0,1,1,10,0,12,0,314
4764.0,1,1,10,0,12,0,314
4765.0,1,1,10,0,12,0,314
4766.0,1,1,10,0,12,0,314
4767.0,1,1,10,0,12,0,314
4768.0,1,1,10,0,12,0,314
4769.0,1,1,10,0,12,0,314
4770.0,1,1,10,0,12,0,314
4771.0,1,1,10,0,12,0,314
4772.0,1,1,10,0,12,0,314
4773.0,1,1,10,0,12,0,314
4774.0,1,1,10,0,12,0,314
4775.0,1,1,10,0,12,0,314
4776.0,1,1,10,0,12,0,314
4777.0,1,1,10,0,12,0,314
4778.0,1,1,10,0,12,0,314
4779.0,1,1,10,0,12,0,314
4780.0,1,1,10,0,12,0,314
4781.0,1,1,10,0,12,0,314
4782.0,1,1,10,0,12,0,314
4783.0,1,1,10,0,12,0,314
4784.0,1,1,10,0,12,0,314
4785.0,1,1,10,0,12,0,314
4786.0,1,1,10,0,12,0,314
4787.0,1,1,10,0,12,0,314
4788.0,1,1,10,0,12,0,314
4789.0,1,1,10,0,12,0,314
4790.0,1,1,10,0,12,0,314
4791.0,1,1,10,0,12,0,314
4792.0,1,1,10,0,12,0,314
4793.0,1,1,10,0,12,0,314
4794.0,1,1,10,0,12,0,314
4795.0,1,1,10,0,12,0,314
4796.0,1,1,10,0,12,0,314
4797.0,1,1,10,0,12,0,314
4798.0,1,1,10,0,12,0,314
4799.0,1,1,10,0,12,0,314
4800.0,1,1,10,0,12,0,314
4801.0,1,1,10,0,12,0,314
4802.0,1,1,10,0,12,0,314
4803.0,1,1,10,0,12,0,314
4804.0,1,1,10,0,12,0,314
4805.0,1,1,10,0,12,0,314
4806.0,1,1,10,0,12,0,314
4807.0,1,1,10,0,12,0,314
4808.0,1,1,10,0,12,0,314
4809.0,1,1,10,0,12,0,314
4810.0,1,1,10,0,12,0,314
4811.0,1,1,10,0,12,0,314
4812.0,1,1,10,0,12,0,314
4813.0,1,1,10,0,12,0,314
4814.0,1,1,10,0,12,0,314
4815.0,1,1,10,0,12,0,314
4816.0,1,1,10,0,12,0,314
4817.0,1,1,10,0,12,0,314
4818.0,1,1,10,0,12,0,314
4819.0,1,1,10,0,12,0,314
4820.0,1,1,10,0,12,0,314
4821.0,1,1,10,0,12,0,314
4822.0,1,1,10,0,12,0,314
4823.0,1,1,10,0,12,0,314
4824.0,1,1,10,0,12,0,314
4825.0,1,1,10,0,12,0,314
4826.0,1,1,10,0,12,0,314
4827.0,1,1,10,0,12,0,314
4828.0,1,1,10,0,12,0,314
4829.0,1,1,10,0,12,0,314
4830.0,1,1,10,0,12,0,314
4831.0,1,1,10,0,12,0,314
4832.0,1,1,10,0,12,0,314
4833.0,1,1,10,0,12,0,314
4834.0,1,1,10,0,12,0,314
4835.0,1,1,10,0,12,0,314
4836.0,1,1,10,0,12,0,314
4837.0,1,1,10,0,12,0,314
4838.0,1,1,10,0,12,0,314
4839.0,1,1,10,0,12,0,314
4840.0,1,1,10,0,12,0,314
4841.0,1,1,10,0,12,0,314
4842.0,1,1,10,0,12,0,314
4843.0,1,1,10,0,12,0,314
4844.0,1,1,10,0,12,0,314
4845.0,1,1,10,0,12,0,314
4846.0,1,1,10,0,12,0,314
4847.0,1,1,10,0,12,0,314
4848.0,1,1,10,0,12,0,314
4849.0,1,1,10,0,12,0,314
4850.0,1,1,10,0,12,0,314
4851.0,1,1,10,0,12,0,314
4852.0,1,1,10,0,12,0,314
4853.0,1,1,10,0,12,0,314
4854.0,1,1,10,0,12,0,314
4855.0,1,1,10,0,12,0,314
4856.0,1,1,10,0,12,0,314
4857.0,1,1,10,0,12,0,314
4858.0,1,1,10,0,12,0,314
4859.0,1,1,10,0,12,0,314
4860.0,1,1,10,0,12,0,314
4861.0,1,1,10,0,12,0,314
4862.0,1,1,10,0,12,0,314
4863.0,1,1,10,0,12,0,314
4864.0,1,1,10,0,12,0,314
4865.0,1,1,10,0,12,0,314
4866.0,1,1,10,0,12,0,314
4867.0,1,1,10,0,12,0,314
4868.0,1,1,10,0,12,0,314
4869.0,1,1,10,0,12,0,314
4870.0,1,1,10,0,12,0,314
4871.0,1,1,10,0,12,0,314
4872.0,1,1,10,0,12,0,314
4873.0,1,1,10,0,12,0,314
4874.0,1,1,10,0,12,0,314
4875.0,1,1,10,0,12,0,314
4876.0,1,1,10,0,12,0,314
4877.0,1,1,10,0,12,0,314
4878.0,1,1,10,0,12,0,314
4879.0,1,1,10,0,12,0,314
4880.0,1,1,10,0,12,0,314
4881.0,1,1,10,0,12,0,314
4882.0,1,1,10,0,12,0,314
4883.0,1,1,10,0,12,0,314
4884.0,1,1,10,0,12,0,314
4885.0,1,1,10,0,12,0,314
4886.0,1,1,10,0,12,0,314
4887.0,1,1,10,0,12,0,314
4888.0,1,1,10,0,12,0,314
4889.0,1,1,10,0,12,0,314
4890.0,1,1,10,0,12,0,314
4891.0,1,1,10,0,12,0,314
4892.0,1,1,10,0,12,0,314
4893.0,1,1,10,0,12,0,314
4894.0,1,1,10,0,12,0,314
4895.0,1,1,10,0,12,0,314
4896.0,1,1,10,0,12,0,314
4897.0,1,1,10,0,12,0,314
4898.0,1,1,10,0,12,0,314
4899.0,1,1,10,0,12,0,314
4900.0,1,1,10,0,12,0,314
4901.0,1,1,10,0,12,0,314
4902.0,1,1,10,0,12,0,314
4903.0,1,1,10,0,12,0,314
4904.0,1,1,10,0,12,0,314
4905.0,1,1,10,0,12,0,314
4906.0,1,1,10,0,12,0,314
4907.0,1,1,10,0,12,0,314
4908.0,1,1,10,0,12,0,314
4909.0,1,1,10,0,12,0,314
4910.0,1,1,10,0,12,0,314
4911.0,1,1,10,0,12,0,314
4912.0,1,1,10,0,12,0,314
4913.0,1,1,10,0,12,0,314
4914.0,1,1,10,0,12,0,314
4915.0,1,1,10,0,12,0,314
4916.0,1,1,10,0,12,0,314
4917.0,1,1,10,0,12,0,314
4918.0,1,1,10,0,12,0,314
4919.0,1,1,10,0,12,0,314
4920.0,1,1,10,0,12,0,314
4921.0,1,1,10,0,12,0,314
4922.0,1,1,10,0,12,0,314
4923.0,1,1,10,0,12,0,314
4924.0,1,1,10,0,12,0,314
4925.0,1,1,10,0,12,0,314
4926.0,1,1,10,0,12,0,314
4927.0,1,1,10,0,12,0,314
4928.0,1,1,10,0,12,0,314
4929.0,1,1,10,0,12,0,314
4930.0,1,1,10,0,12,0,314
4931.0,1,1,10,0,12,0,314
4932.0,1,1,10,0,12,0,314
4933.0,1,1,10,0,12,0,314
4934.0,1,1,10,0,12,0,314
4935.0,1,1,10,0,12,0,314
4936.0,1,1,10,0,12,0,314
4937.0,1,1,10,0,12,0,314
4938.0,1,1,10,0,12,0,314
4939.0,1,1,10,0,12,0,314
4940.0,1,1,10,0,12,0,314
4941.0,1,1,10,0,12,0,314
4942.0,1,1,10,0,12,0,314
4943.0,1,1,10,0,12,0,314
4944.0,1,1,10,0,12,0,314
4945.0,1,1,10,0,12,0,314
4946.0,1,1,10,0,12,0,314
4947.0,1,1,10,0,12,0,314
4948.0,1,1,10,0,12,0,314
4949.0,1,1,10,0,12,0,314
4950.0,1,1,10,0,12,0,314
4951.0,1,1,10,0,12,0,314
4952.0,1,1,10,0,12,0,314
4953.0,1,1,10,0,12,0,314
4954.0,1,1,10,0,12,0,314
4955.0,1,1,10,0,12,0,314
4956.0,1,1,10,0,12,0,314
4957.0,1,1,10,0,12,0,314
4958.0,1,1,10,0,12,0,314
4959.0,1,1,10,0,12,0,314
4960.0,1,1,10,0,12,0,314
4961.0,1,1,10,0,12,0,314
4962.0,1,1,10,0,12,0,314
4963.0,1,1,10,0,12,0,314
4964.0,1,1,10,0,12,0,314
4965.0,1,1,10,0,12,0,314
4966.0,1,1,10,0,12,0,314
4967.0,1,1,10,0,12,0,314
4968.0,1,1,10,0,12,0,314
4969.0,1,1,10,0,12,0,314
4970.0,1,1,10,0,12,0,314
4971.0,1,1,10,0,12,0,314
4972.0,1,1,10,0,12,0,314
4973.0,1,1,10,0,12,0,314
4974.0,1,1,10,0,12,0,314
4975.0,1,1,10,0,12,0,314
4976.0,1,1,10,0,12,0,314
4977.0,1,1,10,0,12,0,314
4978.0,1,1,10,0,12,0,314
4979.0,1,1,10,0,12,0,314
4980.0,1,1,10,0,12,0,314
4981.0,1,1,10,0,12,0,314
4982.0,1,1,10,0,12,0,314
4983.0,1,1,10,0,12,0,314
4984.0,1,1,10,0,12,0,314
4985.0,1,1,10,0,12,0,314
4986.0,1,1,10,0,12,0,314
4987.0,1,1,10,0,12,0,314
4988.0,1,1,10,0,12,0,314
4989.0,1,1,10,0,12,0,314
4990.0,1,1,10,0,12,0,314
4991.0,1,1,10,0,12,0,314
4992.0,1,1,10,0,12,0,314
4993.0,1,1,10,0,12,0,314
4994.0,1,1,10,0,12,0,314
4995.0,1,1,10,0,12,0,314
4996.0,1,1,10,0,12,0,314
4997.0,1,1,10,0,12,0,314
4998.0,1,1,10,0,12,0,314
4999.0,1,1,10,0,12,0,314
5000.0,1,1,10,0,12,0,314
5001.0,1,1,10,0,12,0,314
5002.0,1,1,10,0,12,0,314
5003.0,1,1,10,0,12,0,314
5004.0,1,1,10,0,12,0,314
5005.0,1,1,10,0,12,0,314
5006.0,1,1,10,0,12,0,314
5007.0,1,1,10,0,12,0,314
5008.0,1,1,10,0,12,0,314
5009.0,1,1,10,0,12,0,314
5010.0,1,1,10,0,12,0,314
5011.0,1,1,10,0,12,0,314
5012.0,1,1,10,0,12,0,314
5013.0,1,1,10,0,12,0,314
5014.0,1,1,10,0,12,0,314
5015.0,1,1,10,0,12,0,314
5016.0,1,1,10,0,12,0,314
5017.0,1,1,10,0,12,0,314
5018.0,1,1,10,0,12,0,314
5019.0,1,1,10,0,12,0,314
5020.0,1,1,10,0,12,0,314
5021.0,1,1,10,0,12,0,314
5022.0,1,1,10,0,12,0,314
5023.0,1,1,10,0,12,0,314
5024.0,1,1,10,0,12,0,314
5025.0,1,1,10,0,12,0,314
5026.0,1,1,10,0,12,0,314
5027.0,1,1,10,0,12,0,314
5028.0,1,1,10,0,12,0,314
5029.0,1,1,10,0,12,0,314
5030.0,1,1,10,0,12,0,314
5031.0,1,1,10,0,12,0,314
5032.0,1,1,10,0,12,0,314
5033.0,1,1,10,0,12,0,314
5034.0,1,1,10,0,12,0,314
5035.0,1,1,10,0,12,0,314
5036.0,1,1,10,0,12,0,314
5037.0,1,1,10,0,12,0,314
5038.0,1,1,10,0,12,0,314
5039.0,1,1,10,0,12,0,314
5040.0,1,1,10,0,12,0,314
5041.0,1,1,10,0,12,0,314
5042.0,1,1,10,0,12,0,314
5043.0,1,1,10,0,12,0,314
5044.0,1,1,10,0,12,0,314
5045.0,1,1,10,0,12,0,314
5046.0,1,1,10,0,12,0,314
5047.0,1,1,10,0,12,0,314
5048.0,1,1,10,0,12,0,314
5049.0,1,1,10,0,12,0,314
5050.0,1,1,10,0,12,0,314
5051.0,1,1,10,0,12,0,314
5052.0,1,1,10,0,12,0,314
5053.0,1,1,10,0,12,0,314
5054.0,1,1,10,0,12,0,314
5055.0,1,1,10,0,12,0,314
5056.0,1,1,10,0,12,0,314
5057.0,1,1,10,0,12,0,314
5058.0,1,1,10,0,12,0,314
5059.0,1,1,10,0,12,0,314
5060.0,1,1,10,0,12,0,314
5061.0,1,1,10,0,12,0,314
5062.0,1,1,10,0,12,0,314
5063.0,1,1,10,0,12,0,314
5064.0,1,1,10,0,12,0,314
5065.0,1,1,10,0,12,0,314
5066.0,1,1,10,0,12,0,314
5067.0,1,1,10,0,12,0,314
5068.0,1,1,10,0,12,0,314
5069.0,1,1,10,0,12,0,314
5070.0,1,1,10,0,12,0,314
5071.0,1,1,10,0,12,0,314
5072.0,1,1,10,0,12,0,314
5073.0,1,1,10,0,12,0,314
5074.0,1,1,10,0,12,0,314
5075.0,1,1,10,0,12,0,314
5076.0,1,1,10,0,12,0,314
5077.0,1,1,10,0,12,0,314
5078.0,1,1,10,0,12,0,314
5079.0,1,1,10,0,12,0,314
5080.0,1,1,10,0,12,0,314
5081.0,1,1,10,0,12,0,314
5082.0,1,1,10,0,12,0,314
5083.0,1,1,10,0,12,0,314
5084.0,1,1,10,0,12,0,314
5085.0,1,1,10,0,12,0,314
5086.0,1,1,10,0,12,0,314
5087.0,1,1,10,0,12,0,314
5088.0,1,1,10,0,12,0,314
5089.0,1,1,10,0,12,0,314
5090.0,1,1,10,0,12,0,314
5091.0,1,1,10,0,12,0,314
5092.0,1,1,10,0,12,0,314
5093.0,1,1,10,0,12,0,314
5094.0,1,1,10,0,12,0,314
5095.0,1,1,10,0,12,0,314
5096.0,1,1,10,0,12,0,314
5097.0,1,1,10,0,12,0,314
5098.0,1,1,10,0,12,0,314
5099.0,1,1,10,0,12,0,314
5100.0,1,1,10,0,12,0,314
5101.0,1,1,10,0,12,0,314
5102.0,1,1,10,0,12,0,314
5103.0,1,1,10,0,12,0,314
5104.0,1,1,10,0,12,0,314
5105.0,1,1,10,0,12,0,314
5106.0,1,1,10,0,12,0,314
5107.0,1,1,10,0,12,0,314
5108.0,1,1,10,0,12,0,314
5109.0,1,1,10,0,12,0,314
5110.0,1,1,10,0,12,0,314
5111.0,1,1,10,0,12,0,314
5112.0,1,1,10,0,12,0,314
5113.0,1,1,10,0,12,0,314
5114.0,1,1,10,0,12,0,314
5115.0,1,1,10,0,12,0,314
5116.0,1,1,10,0,12,0,314
5117.0,1,1,10,0,12,0,314
5118.0,1,1,10,0,12,0,314
5119.0,1,1,10,0,12,0,314
5120.0,1,1,10,0,12,0,314
5121.0,1,1,10,0,12,0,314
5122.0,1,1,10,0,12,0,314
5123.0,1,1,10,0,12,0,314
5124.0,1,1,10,0,12,0,314
5125.0,1,1,10,0,12,0,314
5126.0,1,1,10,0,12,0,314
5127.0,1,1,10,0,12,0,314
5128.0,1,1,10,0,12,0,314
5129.0,1,1,10,0,12,0,314
5130.0,1,1,10,0,12,0,314
5131.0,1,1,10,0,12,0,314
5132.0,1,1,10,0,12,0,314
5133.0,1,1,10,0,12,0,314
5134.0,1,1,10,0,12,0,314
5135.0,1,1,10,0,12,0,314
5136.0,1,1,10,0,12,0,314
5137.0,1,1,10,0,12,0,314
5138.0,1,1,10,0,12,0,314
5139.0,1,1,10,0,12,0,314
5140.0,1,1,10,0,12,0,314
5141.0,1,1,10,0,12,0,314
5142.0,1,1,10,0,12,0,314
5143.0,1,1,10,0,12,0,314
5144.0,1,1,10,0,12,0,314
5145.0,1,1,10,0,12,0,314
5146.0,1,1,10,0,12,0,314
5147.0,1,1,10,0,12,0,314
5148.0,1,1,10,0,12,0,314
5149.0,1,1,10,0,12,0,314
5150.0,1,1,10,0,12,0,314
5151.0,1,1,10,0,12,0,314
5152.0,1,1,10,0,12,0,314
5153.0,1,1,10,0,12,0,314
5154.0,1,1,10,0,12,0,314
5155.0,1,1,10,0,12,0,314
5156.0,1,1,10,0,12,0,314
5157.0,1,1,10,0,12,0,314
5158.0,1,1,10,0,12,0,314
5159.0,1,1,10,0,12,0,314
5160.0,1,1,10,0,12,0,314
5161.0,1,1,10,0,12,0,314
5162.0,1,1,10,0,12,0,314
5163.0,1,1,10,0,12,0,314
5164.0,1,1,10,0,12,0,314
5165.0,1,1,10,0,12,0,314
5166.0,1,1,10,0,12,0,314
5167.0,1,1,10,0,12,0,314
5168.0,1,1,10,0,12,0,314
5169.0,1,1,10,0,12,0,314
5170.0,1,1,10,0,12,0,314
5171.0,1,1,10,0,12,0,314
5172.0,1,1,10,0,12,0,314
5173.0,1,1,10,0,12,0,314
5174.0,1,1,10,0,12,0,314
5175.0,1,1,10,0,12,0,314
5176.0,1,1,10,0,12,0,314
5177.0,1,1,10,0,12,0,314
5178.0,1,1,10,0,12,0,314
5179.0,1,1,10,0,12,0,314
5180.0,1,1,10,0,12,0,314
5181.0,1,1,10,0,12,0,314
5182.0,1,1,10,0,12,0,314
5183.0,1,1,10,0,12,0,314
5184.0,1,1,10,0,12,0,314
5185.0,1,1,10,0,12,0,314
5186.0,1,1,10,0,12,0,314
5187.0,1,1,10,0,12,0,314
5188.0,1,1,10,0,12,0,314
5189.0,1,1,10,0,12,0,314
5190.0,1,1,10,0,12,0,314
5191.0,1,1,10,0,12,0,314
5192.0,1,1,10,0,12,0,314
5193.0,1,1,10,0,12,0,314
5194.0,1,1,10,0,12,0,314
5195.0,1,1,10,0,12,0,314
5196.0,1,1,10,0,12,0,314
5197.0,1,1,10,0,12,0,314
5198.0,1,1,10,0,12,0,314
5199.0,1,1,10,0,12,0,314
5200.0,1,1,10,0,12,0,314
5201.0,1,1,10,0,12,0,314
5202.0,1,1,10,0,12,0,314
5203.0,1,1,10,0,12,0,314
5204.0,1,1,10,0,12,0,314
5205.0,1,1,10,0,12,0,314
5206.0,1,1,10,0,12,0,314
5207.0,1,1,10,0,12,0,314
5208.0,1,1,10,0,12,0,314
5209.0,1,1,10,0,12,0,314
5210.0,1,1,10,0,12,0,314
5211.0,1,1,10,0,12,0,314
5212.0,1,1,10,0,12,0,314
5213.0,1,1,10,0,12,0,314
5214.0,1,1,10,0,12,0,314
5215.0,1,1,10,0,12,0,314
5216.0,1,1,10,0,12,0,314
5217.0,1,1,10,0,12,0,314
5218.0,1,1,10,0,12,0,314
5219.0,1,1,10,0,12,0,314
5220.0,1,1,10,0,12,0,314
5221.0,1,1,10,0,12,0,314
5222.0,1,1,10,0,12,0,314
5223.0,1,1,10,0,12,0,314
5224.0,1,1,10,0,12,0,314
5225.0,1,1,10,0,12,0,314
5226.0,1,1,10,0,12,0,314
5227.0,1,1,10,0,12,0,314
5228.0,1,1,10,0,12,0,314
5229.0,1,1,10,0,12,0,314
5230.0,1,1,10,0,12,0,314
5231.0,1,1,10,0,12,0,314
5232.0,1,1,10,0,12,0,314
5233.0,1,1,10,0,12,0,314
5234.0,1,1,10,0,12,0,314
5235.0,1,1,10,0,12,0,314
5236.0,1,1,10,0,12,0,314
5237.0,1,1,10,0,12,0,314
5238.0,1,1,10,0,12,0,314
5239.0,1,1,10,0,12,0,314
5240.0,1,1,10,0,12,0,314
5241.0,1,1,10,0,12,0,314
5242.0,1,1,10,0,12,0,314
5243.0,1,1,10,0,12,0,314
5244.0,1,1,10,0,12,0,314
5245.0,1,1,10,0,12,0,314
5246.0,1,1,10,0,12,0,314
5247.0,1,1,10,0,12,0,314
5248.0,1,1,10,0,12,0,314
5249.0,1,1,10,0,12,0,314
5250.0,1,1,10,0,12,0,314
5251.0,1,1,10,0,12,0,314
5252.0,1,1,10,0,12,0,314
5253.0,1,1,10,0,12,0,314
5254.0,1,1,10,0,12,0,314
5255.0,1,1,10,0,12,0,314
5256.0,1,1,10,0,12,0,314
5257.0,1,1,10,0,12,0,314
5258.0,1,1,10,0,12,0,314
5259.0,1,1,10,0,12,0,314
5260.0,1,1,10,0,12,0,314
5261.0,1,1,10,0,12,0,314
5262.0,1,1,10,0,12,0,314
5263.0,1,1,10,0,12,0,314
5264.0,1,1,10,0,12,0,314
5265.0,1,1,10,0,12,0,314
5266.0,1,1,10,0,12,0,314
5267.0,1,1,10,0,12,0,314
5268.0,1,1,10,0,12,0,314
5269.0,1,1,10,0,12,0,314
5270.0,1,1,10,0,12,0,314
5271.0,1,1,10,0,12,0,314
5272.0,1,1,10,0,12,0,314
5273.0,1,1,10,0,12,0,314
5274.0,1,1,10,0,12,0,314
5275.0,1,1,10,0,12,0,314
5276.0,1,1,10,0,12,0,314
5277.0,1,1,10,0,12,0,314
5278.0,1,1,10,0,12,0,314
5279.0,1,1,10,0,12,0,314
5280.0,1,1,10,0,12,0,314
5281.0,1,1,10,0,12,0,314
5282.0,1,1,10,0,12,0,314
5283.0,1,1,10,0,12,0,314
5284.0,1,1,10,0,12,0,314
5285.0,1,1,10,0,12,0,314
5286.0,1,1,10,0,12,0,314
5287.0,1,1,10,0,12,0,314
5288.0,1,1,10,0,12,0,314
5289.0,1,1,10,0,12,0,314
5290.0,1,1,10,0,12,0,314
5291.0,1,1,10,0,12,0,314
5292.0,1,1,10,0,12,0,314
5293.0,1,1,10,0,12,0,314
5294.0,1,1,10,0,12,0,314
5295.0,1,1,10,0,12,0,314
5296.0,1,1,10,0,12,0,314
5297.0,1,1,10,0,12,0,314
5298.0,1,1,10,0,12,0,314
5299.0,1,1,10,0,12,0,314
5300.0,1,1,10,0,12,0,314
5301.0,1,1,10,0,12,0,314
5302.0,1,1,10,0,12,0,314
5303.0,1,1,10,0,12,0,314
5304.0,1,1,10,0,12,0,314
5305.0,1,1,10,0,12,0,314
5306.0,1,1,10,0,12,0,314
5307.0,1,1,10,0,12,0,314
5308.0,1,1,10,0,12,0,314
5309.0,1,1,10,0,12,0,314
5310.0,1,1,10,0,12,0,314
5311.0,1,1,10,0,12,0,314
5312.0,1,1,10,0,12,0,314
5313.0,1,1,10,0,12,0,314
5314.0,1,1,10,0,12,0,314
5315.0,1,1,10,0,12,0,314
5316.0,1,1,10,0,12,0,314
5317.0,1,1,10,0,12,0,314
5318.0,1,1,10,0,12,0,314
5319.0,1,1,10,0,12,0,314
5320.0,1,1,10,0,12,0,314
5321.0,1,1,10,0,12,0,314
5322.0,1,1,10,0,12,0,314
5323.0,1,1,10,0,12,0,314
5324.0,1,1,10,0,12,0,314
5325.0,1,1,10,0,12,0,314
5326.0,1,1,10,0,12,0,314
5327.0,1,1,10,0,12,0,314
5328.0,1,1,10,0,12,0,314
5329.0,1,1,10,0,12,0,314
5330.0,1,1,10,0,12,0,314
5331.0,1,1,10,0,12,0,314
5332.0,1,1,10,0,12,0,314
5333.0,1,1,10,0,12,0,314
5334.0,1,1,10,0,12,0,314
5335.0,1,1,10,0,12,0,314
5336.0,1,1,10,0,12,0,314
5337.0,1,1,10,0,12,0,314
5338.0,1,1,10,0,12,0,314
5339.0,1,1,10,0,12,0,314
5340.0,1,1,10,0,12,0,314
5341.0,1,1,10,0,12,0,314
5342.0,1,1,10,0,12,0,314
5343.0,1,1,10,0,12,0,314
5344.0,1,1,10,0,12,0,314
5345.0,1,1,10,0,12,0,314
5346.0,1,1,10,0,12,0,314
5347.0,1,1,10,0,12,0,314
5348.0,1,1,10,0,12,0,314
5349.0,1,1,10,0,12,0,314
5350.0,1,1,10,0,12,0,314
5351.0,1,1,10,0,12,0,314
5352.0,1,1,10,0,12,0,314
5353.0,1,1,10,0,12,0,314
5354.0,1,1,10,0,12,0,314
5355.0,1,1,10,0,12,0,314
5356.0,1,1,10,0,12,0,314
5357.0,1,1,10,0,12,0,314
5358.0,1,1,10,0,12,0,314
5359.0,1,1,10,0,12,0,314
5360.0,1,1,10,0,12,0,314
5361.0,1,1,10,0,12,0,314
5362.0,1,1,10,0,12,0,314
5363.0,1,1,10,0,12,0,314
5364.0,1,1,10,0,12,0,314
5365.0,1,1,10,0,12,0,314
5366.0,1,1,10,0,12,0,314
5367.0,1,1,10,0,12,0,314
5368.0,1,1,10,0,12,0,314
5369.0,1,1,10,0,12,0,314
5370.0,1,1,10,0,12,0,314
5371.0,1,1,10,0,12,0,314
5372.0,1,1,10,0,12,0,314
5373.0,1,1,10,0,12,0,314
5374.0,1,1,10,0,12,0,314
5375.0,1,1,10,0,12,0,314
5376.0,1,1,10,0,12,0,314
5377.0,1,1,10,0,12,0,314
5378.0,1,1,10,0,12,0,314
5379.0,1,1,10,0,12,0,314
5380.0,1,1,10,0,12,0,314
5381.0,1,1,10,0,12,0,314
5382.0,1,1,10,0,12,0,314
5383.0,1,1,10,0,12,0,314
5384.0,1,1,10,0,12,0,314
5385.0,1,1,10,0,12,0,314
5386.0,1,1,10,0,12,0,314
5387.0,1,1,10,0,12,0,314
5388.0,1,1,10,0,12,0,314
5389.0,1,1,10,0,12,0,314
5390.0,1,1,10,0,12,0,314
5391.0,1,1,10,0,12,0,314
5392.0,1,1,10,0,12,0,314
5393.0,1,1,10,0,12,0,314
5394.0,1,1,10,0,12,0,314
5395.0,1,1,10,0,12,0,314
5396.0,1,1,10,0,12,0,314
5397.0,1,1,10,0,12,0,314
5398.0,1,1,10,0,12,0,314
5399.0,1,1,10,0,12,0,314
5400.0,1,1,10,0,12,0,314
5401.0,1,1,10,0,12,0,314
5402.0,1,1,10,0,12,0,314
5403.0,1,1,10,0,12,0,314
5404.0,1,1,10,0,12,0,314
5405.0,1,1,10,0,12,0,314
5406.0,1,1,10,0,12,0,314
5407.0,1,1,10,0,12,0,314
5408.0,1,1,10,0,12,0,314
5409.0,1,1,10,0,12,0,314
5410.0,1,1,10,0,12,0,314
5411.0,1,1,10,0,12,0,314
5412.0,1,1,10,0,12,0,314
5413.0,1,1,10,0,12,0,314
5414.0,1,1,10,0,12,0,314
5415.0,1,1,10,0,12,0,314
5416.0,1,1,10,0,12,0,314
5417.0,1,1,10,0,12,0,314
5418.0,1,1,10,0,12,0,314
5419.0,1,1,10,0,12,0,314
5420.0,1,1,10,0,12,0,314
5421.0,1,1,10,0,12,0,314
5422.0,1,1,10,0,12,0,314
5423.0,1,1,10,0,12,0,314
5424.0,1,1,10,0,12,0,314
5425.0,1,1,10,0,12,0,314
5426.0,1,1,10,0,12,0,314
5427.0,1,1,10,0,12,0,314
5428.0,1,1,10,0,12,0,314
5429.0,1,1,10,0,12,0,314
5430.0,1,1,10,0,12,0,314
5431.0,1,1,10,0,12,0,314
5432.0,1,1,10,0,12,0,314
5433.0,1,1,10,0,12,0,314
5434.0,1,1,10,0,12,0,314
5435.0,1,1,10,0,12,0,314
5436.0,1,1,10,0,12,0,314
5437.0,1,1,10,0,12,0,314
5438.0,1,1,10,0,12,0,314
5439.0,1,1,10,0,12,0,314
5440.0,1,1,10,0,12,0,314
5441.0,1,1,10,0,12,0,314
5442.0,1,1,10,0,12,0,314
5443.0,1,1,10,0,12,0,314
5444.0,1,1,10,0,12,0,314
5445.0,1,1,10,0,12,0,314
5446.0,1,1,10,0,12,0,314
5447.0,1,1,10,0,12,0,314
5448.0,1,1,10,0,12,0,314
5449.0,1,1,10,0,12,0,314
5450.0,1,1,10,0,12,0,314
5451.0,1,1,10,0,12,0,314
5452.0,1,1,10,0,12,0,314
5453.0,1,1,10,0,12,0,314
5454.0,1,1,10,0,12,0,314
5455.0,1,1,10,0,12,0,314
5456.0,1,1,10,0,12,0,314
5457.0,1,1,10,0,12,0,314
5458.0,1,1,10,0,12,0,314
5459.0,1,1,10,0,12,0,314
5460.0,1,1,10,0,12,0,314
5461.0,1,1,10,0,12,0,314
5462.0,1,1,10,0,12,0,314
5463.0,1,1,10,0,12,0,314
5464.0,1,1,10,0,12,0,314
5465.0,1,1,10,0,12,0,314
5466.0,1,1,10,0,12,0,314
5467.0,1,1,10,0,12,0,314
5468.0,1,1,10,0,12,0,314
5469.0,1,1,10,0,12,0,314
5470.0,1,1,10,0,12,0,314
5471.0,1,1,10,0,12,0,314
5472.0,1,1,10,0,12,0,314
5473.0,1,1,10,0,12,0,314
5474.0,1,1,10,0,12,0,314
5475.0,1,1,10,0,12,0,314
5476.0,1,1,10,0,12,0,314
5477.0,1,1,10,0,12,0,314
5478.0,1,1,10,0,12,0,314
5479.0,1,1,10,0,12,0,314
5480.0,1,1,10,0,12,0,314
5481.0,1,1,10,0,12,0,314
5482.0,1,1,10,0,12,0,314
5483.0,1,1,10,0,12,0,314
5484.0,1,1,10,0,12,0,314
5485.0,1,1,10,0,12,0,314
5486.0,1,1,10,0,12,0,314
5487.0,1,1,10,0,12,0,314
5488.0,1,1,10,0,12,0,314
5489.0,1,1,10,0,12,0,314
5490.0,1,1,10,0,12,0,314
5491.0,1,1,10,0,12,0,314
5492.0,1,1,10,0,12,0,314
5493.0,1,1,10,0,12,0,314
5494.0,1,1,10,0,12,0,314
5495.0,1,1,10,0,12,0,314
5496.0,1,1,10,0,12,0,314
5497.0,1,1,10,0,12,0,314
5498.0,1,1,10,0,12,0,314
5499.0,1,1,10,0,12,0,314
5500.0,1,1,10,0,12,0,314
5501.0,1,1,10,0,12,0,314
5502.0,1,1,10,0,12,0,314
5503.0,1,1,10,0,12,0,314
5504.0,1,1,10,0,12,0,314
5505.0,1,1,10,0,12,0,314
5506.0,1,1,10,0,12,0,314
5507.0,1,1,10,0,12,0,314
5508.0,1,1,10,0,12,0,314
5509.0,1,1,10,0,12,0,314
5510.0,1,1,10,0,12,0,314
5511.0,1,1,10,0,12,0,314
5512.0,1,1,10,0,12,0,314
5513.0,1,1,10,0,12,0,314
5514.0,1,1,10,0,12,0,314
5515.0,1,1,10,0,12,0,314
5516.0,1,1,10,0,12,0,314
5517.0,1,1,10,0,12,0,314
5518.0,1,1,10,0,12,0,314
5519.0,1,1,10,0,12,0,314
5520.0,1,1,10,0,12,0,314
5521.0,1,1,10,0,12,0,314
5522.0,1,1,10,0,12,0,314
5523.0,1,1,10,0,12,0,314
5524.0,1,1,10,0,12,0,314
5525.0,1,1,10,0,12,0,314
5526.0,1,1,10,0,12,0,314
5527.0,1,1,10,0,12,0,314
5528.0,1,1,10,0,12,0,314
5529.0,1,1,10,0,12,0,314
5530.0,1,1,10,0,12,0,314
5531.0,1,1,10,0,12,0,314
5532.0,1,1,10,0,12,0,314
5533.0,1,1,10,0,12,0,314
5534.0,1,1,10,0,12,0,314
5535.0,1,1,10,0,12,0,314
5536.0,1,1,10,0,12,0,314
5537.0,1,1,10,0,12,0,314
5538.0,1,1,10,0,12,0,314
5539.0,1,1,10,0,12,0,314
5540.0,1,1,10,0,12,0,314
5541.0,1,1,10,0,12,0,314
5542.0,1,1,10,0,12,0,314
5543.0,1,1,10,0,12,0,314
5544.0,1,1,10,0,12,0,314
5545.0,1,1,10,0,12,0,314
5546.0,1,1,10,0,12,0,314
5547.0,1,1,10,0,12,0,314
5548.0,1,1,10,0,12,0,314
5549.0,1,1,10,0,12,0,314
5550.0,1,1,10,0,12,0,314
5551.0,1,1,10,0,12,0,314
5552.0,1,1,10,0,12,0,314
5553.0,1,1,10,0,12,0,314
5554.0,1,1,10,0,12,0,314
5555.0,1,1,10,0,12,0,314
5556.0,1,1,10,0,12,0,314
5557.0,1,1,10,0,12,0,314
5558.0,1,1,10,0,12,0,314
5559.0,1,1,10,0,12,0,314
5560.0,1,1,10,0,12,0,314
5561.0,1,1,10,0,12,0,314
5562.0,1,1,10,0,12,0,314
5563.0,1,1,10,0,12,0,314
5564.0,1,1,10,0,12,0,314
5565.0,1,1,10,0,12,0,314
5566.0,1,1,10,0,12,0,314
5567.0,1,1,10,0,12,0,314
5568.0,1,1,10,0,12,0,314
5569.0,1,1,10,0,12,0,314
5570.0,1,1,10,0,12,0,314
5571.0,1,1,10,0,12,0,314
5572.0,1,1,10,0,12,0,314
5573.0,1,1,10,0,12,0,314
5574.0,1,1,10,0,12,0,314
5575.0,1,1,10,0,12,0,314
5576.0,1,1,10,0,12,0,314
5577.0,1,1,10,0,12,0,314
5578.0,1,1,10,0,12,0,314
5579.0,1,1,10,0,12,0,314
5580.0,1,1,10,0,12,0,314
5581.0,1,1,10,0,12,0,314
5582.0,1,1,10,0,12,0,314
5583.0,1,1,10,0,12,0,314
5584.0,1,1,10,0,12,0,314
5585.0,1,1,10,0,12,0,314
5586.0,1,1,10,0,12,0,314
5587.0,1,1,10,0,12,0,314
5588.0,1,1,10,0,12,0,314
5589.0,1,1,10,0,12,0,314
5590.0,1,1,10,0,12,0,314
5591.0,1,1,10,0,12,0,314
5592.0,1,1,10,0,12,0,314
5593.0,1,1,10,0,12,0,314
5594.0,1,1,10,0,12,0,314
5595.0,1,1,10,0,12,0,314
5596.0,1,1,10,0,12,0,314
5597.0,1,1,10,0,12,0,314
5598.0,1,1,10,0,12,0,314
5599.0,1,1,10,0,12,0,314
5600.0,1,1,10,0,12,0,314
5601.0,1,1,10,0,12,0,314
5602.0,1,1,10,0,12,0,314
5603.0,1,1,10,0,12,0,314
5604.0,1,1,10,0,12,0,314
5605.0,1,1,10,0,12,0,314
5606.0,1,1,10,0,12,0,314
5607.0,1,1,10,0,12,0,314
5608.0,1,1,10,0,12,0,314
5609.0,1,1,10,0,12,0,314
5610.0,1,1,10,0,12,0,314
5611.0,1,1,10,0,12,0,314
5612.0,1,1,10,0,12,0,314
5613.0,1,1,10,0,12,0,314
5614.0,1,1,10,0,12,0,314
5615.0,1,1,10,0,12,0,314
5616.0,1,1,10,0,12,0,314
5617.0,1,1,10,0,12,0,314
5618.0,1,1,10,0,12,0,314
5619.0,1,1,10,0,12,0,314
5620.0,1,1,10,0,12,0,314
5621.0,1,1,10,0,12,0,314
5622.0,1,1,10,0,12,0,314
5623.0,1,1,10,0,12,0,314
5624.0,1,1,10,0,12,0,314
5625.0,1,1,10,0,12,0,314
5626.0,1,1,10,0,12,0,314
5627.0,1,1,10,0,12,0,314
5628.0,1,1,10,0,12,0,314
5629.0,1,1,10,0,12,0,314
5630.0,1,1,10,0,12,0,314
5631.0,1,1,10,0,12,0,314
5632.0,1,1,10,0,12,0,314
5633.0,1,1,10,0,12,0,314
5634.0,1,1,10,0,12,0,314
5635.0,1,1,10,0,12,0,314
5636.0,1,1,10,0,12,0,314
5637.0,1,1,10,0,12,0,314
5638.0,1,1,10,0,12,0,314
5639.0,1,1,10,0,12,0,314
5640.0,1,1,10,0,12,0,314
5641.0,1,1,10,0,12,0,314
5642.0,1,1,10,0,12,0,314
5643.0,1,1,10,0,12,0,314
5644.0,1,1,10,0,12,0,314
5645.0,1,1,10,0,12,0,314
5646.0,1,1,10,0,12,0,314
5647.0,1,1,10,0,12,0,314
5648.0,1,1,10,0,12,0,314
5649.0,1,1,10,0,12,0,314
5650.0,1,1,10,0,12,0,314
5651.0,1,1,10,0,12,0,314
5652.0,1,1,10,0,12,0,314
5653.0,1,1,10,0,12,0,314
5654.0,1,1,10,0,12,0,314
5655.0,1,1,10,0,12,0,314
5656.0,1,1,10,0,12,0,314
5657.0,1,1,10,0,12,0,314
5658.0,1,1,10,0,12,0,314
5659.0,1,1,10,0,12,0,314
5660.0,1,1,10,0,12,0,314
5661.0,1,1,10,0,12,0,314
5662.0,1,1,10,0,12,0,314
5663.0,1,1,10,0,12,0,314
5664.0,1,1,10,0,12,0,314
5665.0,1,1,10,0,12,0,314
5666.0,1,1,10,0,12,0,314
5667.0,1,1,10,0,12,0,314
5668.0,1,1,10,0,12,0,314
5669.0,1,1,10,0,12,0,314
5670.0,1,1,10,0,12,0,314
5671.0,1,1,10,0,12,0,314
5672.0,1,1,10,0,12,0,314
5673.0,1,1,10,0,12,0,314
5674.0,1,1,10,0,12,0,314
5675.0,1,1,10,0,12,0,314
5676.0,1,1,10,0,12,0,314
5677.0,1,1,10,0,12,0,314
5678.0,1,1,10,0,12,0,314
5679.0,1,1,10,0,12,0,314
5680.0,1,1,10,0,12,0,314
5681.0,1,1,10,0,12,0,314
5682.0,1,1,10,0,12,0,314
5683.0,1,1,10,0,12,0,314
5684.0,1,1,10,0,12,0,314
5685.0,1,1,10,0,12,0,314
5686.0,1,1,10,0,12,0,314
5687.0,1,1,10,0,12,0,314
5688.0,1,1,10,0,12,0,314
5689.0,1,1,10,0,12,0,314
5690.0,1,1,10,0,12,0,314
5691.0,1,1,10,0,12,0,314
5692.0,1,1,10,0,12,0,314
5693.0,1,1,10,0,12,0,314
5694.0,1,1,10,0,12,0,314
5695.0,1,1,10,0,12,0,314
5696.0,1,1,10,0,12,0,314
5697.0,1,1,10,0,12,0,314
5698.0,1,1,10,0,12,0,314
5699.0,1,1,10,0,12,0,314
5700.0,1,1,10,0,12,0,314
5701.0,1,1,10,0,12,0,314
5702.0,1,1,10,0,12,0,314
5703.0,1,1,10,0,12,0,314
5704.0,1,1,10,0,12,0,314
5705.0,1,1,10,0,12,0,314
5706.0,1,1,10,0,12,0,314
5707.0,1,1,10,0,12,0,314
5708.0,1,1,10,0,12,0,314
5709.0,1,1,10,0,12,0,314
5710.0,1,1,10,0,12,0,314
5711.0,1,1,10,0,12,0,314
5712.0,1,1,10,0,12,0,314
5713.0,1,1,10,0,12,0,314
5714.0,1,1,10,0,12,0,314
5715.0,1,1,10,0,12,0,314
5716.0,1,1,10,0,12,0,314
5717.0,1,1,10,0,12,0,314
5718.0,1,1,10,0,12,0,314
5719.0,1,1,10,0,12,0,314
5720.0,1,1,10,0,12,0,314
5721.0,1,1,10,0,12,0,314
5722.0,1,1,10,0,12,0,314
5723.0,1,1,10,0,12,0,314
5724.0,1,1,10,0,12,0,314
5725.0,1,1,10,0,12,0,314
5726.0,1,1,10,0,12,0,314
5727.0,1,1,10,0,12,0,314
5728.0,1,1,10,0,12,0,314
5729.0,1,1,10,0,12,0,314
5730.0,1,1,10,0,12,0,314
5731.0,1,1,10,0,12,0,314
5732.0,1,1,10,0,12,0,314
5733.0,1,1,10,0,12,0,314
5734.0,1,1,10,0,12,0,314
5735.0,1,1,10,0,12,0,314
5736.0,1,1,10,0,12,0,314
5737.0,1,1,10,0,12,0,314
5738.0,1,1,10,0,12,0,314
5739.0,1,1,10,0,12,0,314
5740.0,1,1,10,0,12,0,314
5741.0,1,1,10,0,12,0,314
5742.0,1,1,10,0,12,0,314
5743.0,1,1,10,0,12,0,314
5744.0,1,1,10,0,12,0,314
5745.0,1,1,10,0,12,0,314
5746.0,1,1,10,0,12,0,314
5747.0,1,1,10,0,12,0,314
5748.0,1,1,10,0,12,0,314
5749.0,1,1,10,0,12,0,314
5750.0,1,1,10,0,12,0,314
5751.0,1,1,10,0,12,0,314
5752.0,1,1,10,0,12,0,314
5753.0,1,1,10,0,12,0,314
5754.0,1,1,10,0,12,0,314
5755.0,1,1,10,0,12,0,314
5756.0,1,1,10,0,12,0,314
5757.0,1,1,10,0,12,0,314
5758.0,1,1,10,0,12,0,314
5759.0,1,1,10,0,12,0,314
5760.0,1,1,10,0,12,0,314
5761.0,1,1,10,0,12,0,314
5762.0,1,1,10,0,12,0,314
5763.0,1,1,10,0,12,0,314
5764.0,1,1,10,0,12,0,314
5765.0,1,1,10,0,12,0,314
5766.0,1,1,10,0,12,0,314
5767.0,1,1,10,0,12,0,314
5768.0,1,1,10,0,12,0,314
5769.0,1,1,10,0,12,0,314
5770.0,1,1,10,0,12,0,314
5771.0,1,1,10,0,12,0,314
5772.0,1,1,10,0,12,0,314
5773.0,1,1,10,0,12,0,314
5774.0,1,1,10,0,12,0,314
5775.0,1,1,10,0,12,0,314
5776.0,1,1,10,0,12,0,314
5777.0,1,1,10,0,12,0,314
5778.0,1,1,10,0,12,0,314
5779.0,1,1,10,0,12,0,314
5780.0,1,1,10,0,12,0,314
5781.0,1,1,10,0,12,0,314
5782.0,1,1,10,0,12,0,314
5783.0,1,1,10,0,12,0,314
5784.0,1,1,10,0,12,0,314
5785.0,1,1,10,0,12,0,314
5786.0,1,1,10,0,12,0,314
5787.0,1,1,10,0,12,0,314
5788.0,1,1,10,0,12,0,314
5789.0,1,1,10,0,12,0,314
5790.0,1,1,10,0,12,0,314
5791.0,1,1,10,0,12,0,314
5792.0,1,1,10,0,12,0,314
5793.0,1,1,10,0,12,0,314
5794.0,1,1,10,0,12,0,314
5795.0,1,1,10,0,12,0,314
5796.0,1,1,10,0,12,0,314
5797.0,1,1,10,0,12,0,314
5798.0,1,1,10,0,12,0,314
5799.0,1,1,10,0,12,0,314
5800.0,1,1,10,0,12,0,314
5801.0,1,1,10,0,12,0,314
5802.0,1,1,10,0,12,0,314
5803.0,1,1,10,0,12,0,314
5804.0,1,1,10,0,12,0,314
5805.0,1,1,10,0,12,0,314
5806.0,1,1,10,0,12,0,314
5807.0,1,1,10,0,12,0,314
5808.0,1,1,10,0,12,0,314
5809.0,1,1,10,0,12,0,314
5810.0,1,1,10,0,12,0,314
5811.0,1,1,10,0,12,0,314
5812.0,1,1,10,0,12,0,314
5813.0,1,1,10,0,12,0,314
5814.0,1,1,10,0,12,0,314
5815.0,1,1,10,0,12,0,314
5816.0,1,1,10,0,12,0,314
5817.0,1,1,10,0,12,0,314
5818.0,1,1,10,0,12,0,314
5819.0,1,1,10,0,12,0,314
5820.0,1,1,10,0,12,0,314
5821.0,1,1,10,0,12,0,314
5822.0,1,1,10,0,12,0,314
5823.0,1,1,10,0,12,0,314
5824.0,1,1,10,0,12,0,314
5825.0,1,1,10,0,12,0,314
5826.0,1,1,10,0,12,0,314
5827.0,1,1,10,0,12,0,314
5828.0,1,1,10,0,12,0,314
5829.0,1,1,10,0,12,0,314
5830.0,1,1,10,0,12,0,314
5831.0,1,1,10,0,12,0,314
5832.0,1,1,10,0,12,0,314
5833.0,1,1,10,0,12,0,314
5834.0,1,1,10,0,12,0,314
5835.0,1,1,10,0,12,0,314
5836.0,1,1,10,0,12,0,314
5837.0,1,1,10,0,12,0,314
5838.0,1,1,10,0,12,0,314
5839.0,1,1,10,0,12,0,314
5840.0,1,1,10,0,12,0,314
5841.0,1,1,10,0,12,0,314
5842.0,1,1,10,0,12,0,314
5843.0,1,1,10,0,12,0,314
5844.0,1,1,10,0,12,0,314
5845.0,1,1,10,0,12,0,314
5846.0,1,1,10,0,12,0,314
5847.0,1,1,10,0,12,0,314
5848.0,1,1,10,0,12,0,314
5849.0,1,1,10,0,12,0,314
5850.0,1,1,10,0,12,0,314
5851.0,1,1,10,0,12,0,314
5852.0,1,1,10,0,12,0,314
5853.0,1,1,10,0,12,0,314
5854.0,1,1,10,0,12,0,314
5855.0,1,1,10,0,12,0,314
5856.0,1,1,10,0,12,0,314
5857.0,1,1,10,0,12,0,314
5858.0,1,1,10,0,12,0,314
5859.0,1,1,10,0,12,0,314
5860.0,1,1,10,0,12,0,314
5861.0,1,1,10,0,12,0,314
5862.0,1,1,10,0,12,0,314
5863.0,1,1,10,0,12,0,314
5864.0,1,1,10,0,12,0,314
5865.0,1,1,10,0,12,0,314
5866.0,1,1,10,0,12,0,314
5867.0,1,1,10,0,12,0,314
5868.0,1,1,10,0,12,0,314
5869.0,1,1,10,0,12,0,314
5870.0,1,1,10,0,12,0,314
5871.0,1,1,10,0,12,0,314
5872.0,1,1,10,0,12,0,314
5873.0,1,1,10,0,12,0,314
5874.0,1,1,10,0,12,0,314
5875.0,1,1,10,0,12,0,314
5876.0,1,1,10,0,12,0,314
5877.0,1,1,10,0,12,0,314
5878.0,1,1,10,0,12,0,314
5879.0,1,1,10,0,12,0,314
5880.0,1,1,10,0,12,0,314
5881.0,1,1,10,0,12,0,314
5882.0,1,1,10,0,12,0,314
5883.0,1,1,10,0,12,0,314
5884.0,1,1,10,0,12,0,314
5885.0,1,1,10,0,12,0,314
5886.0,1,1,10,0,12,0,314
5887.0,1,1,10,0,12,0,314
5888.0,1,1,10,0,12,0,314
5889.0,1,1,10,0,12,0,314
5890.0,1,1,10,0,12,0,314
5891.0,1,1,10,0,12,0,314
5892.0,1,1,10,0,12,0,314
5893.0,1,1,10,0,12,0,314
5894.0,1,1,10,0,12,0,314
5895.0,1,1,10,0,12,0,314
5896.0,1,1,10,0,12,0,314
5897.0,1,1,10,0,12,0,314
5898.0,1,1,10,0,12,0,314
5899.0,1,1,10,0,12,0,314
5900.0,1,1,10,0,12,0,314
5901.0,1,1,10,0,12,0,314
5902.0,1,1,10,0,12,0,314
5903.0,1,1,10,0,12,0,314
5904.0,1,1,10,0,12,0,314
5905.0,1,1,10,0,12,0,314
5906.0,1,1,10,0,12,0,314
5907.0,1,1,10,0,12,0,314
5908.0,1,1,10,0,12,0,314
5909.0,1,1,10,0,12,0,314
5910.0,1,1,10,0,12,0,314
5911.0,1,1,10,0,12,0,314
5912.0,1,1,10,0,12,0,314
5913.0,1,1,10,0,12,0,314
5914.0,1,1,10,0,12,0,314
5915.0,1,1,10,0,12,0,314
5916.0,1,1,10,0,12,0,314
5917.0,1,1,10,0,12,0,314
5918.0,1,1,10,0,12,0,314
5919.0,1,1,10,0,12,0,314
5920.0,1,1,10,0,12,0,314
5921.0,1,1,10,0,12,0,314
5922.0,1,1,10,0,12,0,314
5923.0,1,1,10,0,12,0,314
5924.0,1,1,10,0,12,0,314
5925.0,1,1,10,0,12,0,314
5926.0,1,1,10,0,12,0,314
5927.0,1,1,10,0,12,0,314
5928.0,1,1,10,0,12,0,314
5929.0,1,1,10,0,12,0,314
5930.0,1,1,10,0,12,0,314
5931.0,1,1,10,0,12,0,314
5932.0,1,1,10,0,12,0,314
5933.0,1,1,10,0,12,0,314
5934.0,1,1,10,0,12,0,314
5935.0,1,1,10,0,12,0,314
5936.0,1,1,10,0,12,0,314
5937.0,1,1,10,0,12,0,314
5938.0,1,1,10,0,12,0,314
5939.0,1,1,10,0,12,0,314
5940.0,1,1,10,0,12,0,314
5941.0,1,1,10,0,12,0,314
5942.0,1,1,10,0,12,0,314
5943.0,1,1,10,0,12,0,314
5944.0,1,1,10,0,12,0,314
5945.0,1,1,10,0,12,0,314
5946.0,1,1,10,0,12,0,314
5947.0,1,1,10,0,12,0,314
5948.0,1,1,10,0,12,0,314
5949.0,1,1,10,0,12,0,314
5950.0,1,1,10,0,12,0,314
5951.0,1,1,10,0,12,0,314
5952.0,1,1,10,0,12,0,314
5953.0,1,1,10,0,12,0,314
5954.0,1,1,10,0,12,0,314
5955.0,1,1,10,0,12,0,314
5956.0,1,1,10,0,12,0,314
5957.0,1,1,10,0,12,0,314
5958.0,1,1,10,0,12,0,314
5959.0,1,1,10,0,12,0,314
5960.0,1,1,10,0,12,0,314
5961.0,1,1,10,0,12,0,314
5962.0,1,1,10,0,12,0,314
5963.0,1,1,10,0,12,0,314
5964.0,1,1,10,0,12,0,314
5965.0,1,1,10,0,12,0,314
5966.0,1,1,10,0,12,0,314
5967.0,1,1,10,0,12,0,314
5968.0,1,1,10,0,12,0,314
5969.0,1,1,10,0,12,0,314
5970.0,1,1,10,0,12,0,314
5971.0,1,1,10,0,12,0,314
5972.0,1,1,10,0,12,0,314
5973.0,1,1,10,0,12,0,314
5974.0,1,1,10,0,12,0,314
5975.0,1,1,10,0,12,0,314
5976.0,1,1,10,0,12,0,314
5977.0,1,1,10,0,12,0,314
5978.0,1,1,10,0,12,0,314
5979.0,1,1,10,0,12,0,314
5980.0,1,1,10,0,12,0,314
5981.0,1,1,10,0,12,0,314
5982.0,1,1,10,0,12,0,314
5983.0,1,1,10,0,12,0,314
5984.0,1,1,10,0,12,0,314
5985.0,1,1,10,0,12,0,314
5986.0,1,1,10,0,12,0,314
5987.0,1,1,10,0,12,0,314
5988.0,1,1,10,0,12,0,314
5989.0,1,1,10,0,12,0,314
5990.0,1,1,10,0,12,0,314
5991.0,1,1,10,0,12,0,314
5992.0,1,1,10,0,12,0,314
5993.0,1,1,10,0,12,0,314
5994.0,1,1,10,0,12,0,314
5995.0,1,1,10,0,12,0,314
5996.0,1,1,10,0,12,0,314
5997.0,1,1,10,0,12,0,314
5998.0,1,1,10,0,12,0,314
5999.0,1,1,10,0,12,0,314
6000.0,1,1,10,0,12,0,314
6001.0,1,1,10,0,12,0,314
6002.0,1,1,10,0,12,0,314
6003.0,1,1,10,0,12,0,314
6004.0,1,1,10,0,12,0,314
6005.0,1,1,10,0,12,0,314
6006.0,1,1,10,0,12,0,314
6007.0,1,1,10,0,12,0,314
6008.0,1,1,10,0,12,0,314
6009.0,1,1,10,0,12,0,314
6010.0,1,1,10,0,12,0,314
6011.0,1,1,10,0,12,0,314
6012.0,1,1,10,0,12,0,314
6013.0,1,1,10,0,12,0,314
6014.0,1,1,10,0,12,0,314
6015.0,1,1,10,0,12,0,314
6016.0,1,1,10,0,12,0,314
6017.0,1,1,10,0,12,0,314
6018.0,1,1,10,0,12,0,314
6019.0,1,1,10,0,12,0,314
6020.0,1,1,10,0,12,0,314
6021.0,1,1,10,0,12,0,314
6022.0,1,1,10,0,12,0,314
6023.0,1,1,10,0,12,0,314
6024.0,1,1,10,0,12,0,314
6025.0,1,1,10,0,12,0,314
6026.0,1,1,10,0,12,0,314
6027.0,1,1,10,0,12,0,314
6028.0,1,1,10,0,12,0,314
6029.0,1,1,10,0,12,0,314
6030.0,1,1,10,0,12,0,314
6031.0,1,1,10,0,12,0,314
6032.0,1,1,10,0,12,0,314
6033.0,1,1,10,0,12,0,314
6034.0,1,1,10,0,12,0,314
6035.0,1,1,10,0,12,0,314
6036.0,1,1,10,0,12,0,314
6037.0,1,1,10,0,12,0,314
6038.0,1,1,10,0,12,0,314
6039.0,1,1,10,0,12,0,314
6040.0,1,1,10,0,12,0,314
6041.0,1,1,10,0,12,0,314
6042.0,1,1,10,0,12,0,314
6043.0,1,1,10,0,12,0,314
6044.0,1,1,10,0,12,0,314
6045.0,1,1,10,0,12,0,314
6046.0,1,1,10,0,12,0,314
6047.0,1,1,10,0,12,0,314
6048.0,1,1,10,0,12,0,314
6049.0,1,1,10,0,12,0,314
6050.0,1,1,10,0,12,0,314
6051.0,1,1,10,0,12,0,314
6052.0,1,1,10,0,12,0,314
6053.0,1,1,10,0,12,0,314
6054.0,1,1,10,0,12,0,314
6055.0,1,1,10,0,12,0,314
6056.0,1,1,10,0,12,0,314
6057.0,1,1,10,0,12,0,314
6058.0,1,1,10,0,12,0,314
6059.0,1,1,10,0,12,0,314
6060.0,1,1,10,0,12,0,314
6061.0,1,1,10,0,12,0,314
6062.0,1,1,10,0,12,0,314
6063.0,1,1,10,0,12,0,314
6064.0,1,1,10,0,12,0,314
6065.0,1,1,10,0,12,0,314
6066.0,1,1,10,0,12,0,314
6067.0,1,1,10,0,12,0,314
6068.0,1,1,10,0,12,0,314
6069.0,1,1,10,0,12,0,314
6070.0,1,1,10,0,12,0,314
6071.0,1,1,10,0,12,0,314
6072.0,1,1,10,0,12,0,314
6073.0,1,1,10,0,12,0,314
6074.0,1,1,10,0,12,0,314
6075.0,1,1,10,0,12,0,314
6076.0,1,1,10,0,12,0,314
6077.0,1,1,10,0,12,0,314
6078.0,1,1,10,0,12,0,314
6079.0,1,1,10,0,12,0,314
6080.0,1,1,10,0,12,0,314
6081.0,1,1,10,0,12,0,314
6082.0,1,1,10,0,12,0,314
6083.0,1,1,10,0,12,0,314
6084.0,1,1,10,0,12,0,314
6085.0,1,1,10,0,12,0,314
6086.0,1,1,10,0,12,0,314
6087.0,1,1,10,0,12,0,314
6088.0,1,1,10,0,12,0,314
6089.0,1,1,10,0,12,0,314
6090.0,1,1,10,0,12,0,314
6091.0,1,1,10,0,12,0,314
6092.0,1,1,10,0,12,0,314
6093.0,1,1,10,0,12,0,314
6094.0,1,1,10,0,12,0,314
6095.0,1,1,10,0,12,0,314
6096.0,1,1,10,0,12,0,314
6097.0,1,1,10,0,12,0,314
6098.0,1,1,10,0,12,0,314
6099.0,1,1,10,0,12,0,314
6100.0,1,1,10,0,12,0,314
6101.0,1,1,10,0,12,0,314
6102.0,1,1,10,0,12,0,314
6103.0,1,1,10,0,12,0,314
6104.0,1,1,10,0,12,0,314
6105.0,1,1,10,0,12,0,314
6106.0,1,1,10,0,12,0,314
6107.0,1,1,10,0,12,0,314
6108.0,1,1,10,0,12,0,314
6109.0,1,1,10,0,12,0,314
6110.0,1,1,10,0,12,0,314
6111.0,1,1,10,0,12,0,314
6112.0,1,1,10,0,12,0,314
6113.0,1,1,10,0,12,0,314
6114.0,1,1,10,0,12,0,314
6115.0,1,1,10,0,12,0,314
6116.0,1,1,10,0,12,0,314
6117.0,1,1,10,0,12,0,314
6118.0,1,1,10,0,12,0,314
6119.0,1,1,10,0,12,0,314
6120.0,1,1,10,0,12,0,314
6121.0,1,1,10,0,12,0,314
6122.0,1,1,10,0,12,0,314
6123.0,1,1,10,0,12,0,314
6124.0,1,1,10,0,12,0,314
6125.0,1,1,10,0,12,0,314
6126.0,1,1,10,0,12,0,314
6127.0,1,1,10,0,12,0,314
6128.0,1,1,10,0,12,0,314
6129.0,1,1,10,0,12,0,314
6130.0,1,1,10,0,12,0,314
6131.0,1,1,10,0,12,0,314
6132.0,1,1,10,0,12,0,314
6133.0,1,1,10,0,12,0,314
6134.0,1,1,10,0,12,0,314
6135.0,1,1,10,0,12,0,314
6136.0,1,1,10,0,12,0,314
6137.0,1,1,10,0,12,0,314
6138.0,1,1,10,0,12,0,314
6139.0,1,1,10,0,12,0,314
6140.0,1,1,10,0,12,0,314
6141.0,1,1,10,0,12,0,314
6142.0,1,1,10,0,12,0,314
6143.0,1,1,10,0,12,0,314
6144.0,1,1,10,0,12,0,314
6145.0,1,1,10,0,12,0,314
6146.0,1,1,10,0,12,0,314
6147.0,1,1,10,0,12,0,314
6148.0,1,1,10,0,12,0,314
6149.0,1,1,10,0,12,0,314
6150.0,1,1,10,0,12,0,314
6151.0,1,1,10,0,12,0,314
6152.0,1,1,10,0,12,0,314
6153.0,1,1,10,0,12,0,314
6154.0,1,1,10,0,12,0,314
6155.0,1,1,10,0,12,0,314
6156.0,1,1,10,0,12,0,314
6157.0,1,1,10,0,12,0,314
6158.0,1,1,10,0,12,0,314
6159.0,1,1,10,0,12,0,314
6160.0,1,1,10,0,12,0,314
6161.0,1,1,10,0,12,0,314
6162.0,1,1,10,0,12,0,314
6163.0,1,1,10,0,12,0,314
6164.0,1,1,10,0,12,0,314
6165.0,1,1,10,0,12,0,314
6166.0,1,1,10,0,12,0,314
6167.0,1,1,10,0,12,0,314
6168.0,1,1,10,0,12,0,314
6169.0,1,1,10,0,12,0,314
6170.0,1,1,10,0,12,0,314
6171.0,1,1,10,0,12,0,314
6172.0,1,1,10,0,12,0,314
6173.0,1,1,10,0,12,0,314
6174.0,1,1,10,0,12,0,314
6175.0,1,1,10,0,12,0,314
6176.0,1,1,10,0,12,0,314
6177.0,1,1,10,0,12,0,314
6178.0,1,1,10,0,12,0,314
6179.0,1,1,10,0,12,0,314
6180.0,1,1,10,0,12,0,314
6181.0,1,1,10,0,12,0,314
6182.0,1,1,10,0,12,0,314
6183.0,1,1,10,0,12,0,314
6184.0,1,1,10,0,12,0,314
6185.0,1,1,10,0,12,0,314
6186.0,1,1,10,0,12,0,314
6187.0,1,1,10,0,12,0,314
6188.0,1,1,10,0,12,0,314
6189.0,1,1,10,0,12,0,314
6190.0,1,1,10,0,12,0,314
6191.0,1,1,10,0,12,0,314
6192.0,1,1,10,0,12,0,314
6193.0,1,1,10,0,12,0,314
6194.0,1,1,10,0,12,0,314
6195.0,1,1,10,0,12,0,314
6196.0,1,1,10,0,12,0,314
6197.0,1,1,10,0,12,0,314
6198.0,1,1,10,0,12,0,314
6199.0,1,1,10,0,12,0,314
6200.0,1,1,10,0,12,0,314
6201.0,1,1,10,0,12,0,314
6202.0,1,1,10,0,12,0,314
6203.0,1,1,10,0,12,0,314
6204.0,1,1,10,0,12,0,314
6205.0,1,1,10,0,12,0,314
6206.0,1,1,10,0,12,0,314
6207.0,1,1,10,0,12,0,314
6208.0,1,1,10,0,12,0,314
6209.0,1,1,10,0,12,0,314
6210.0,1,1,10,0,12,0,314
6211.0,1,1,10,0,12,0,314
6212.0,1,1,10,0,12,0,314
6213.0,1,1,10,0,12,0,314
6214.0,1,1,10,0,12,0,314
6215.0,1,1,10,0,12,0,314
6216.0,1,1,10,0,12,0,314
6217.0,1,1,10,0,12,0,314
6218.0,1,1,10,0,12,0,314
6219.0,1,1,10,0,12,0,314
6220.0,1,1,10,0,12,0,314
6221.0,1,1,10,0,12,0,314
6222.0,1,1,10,0,12,0,314
6223.0,1,1,10,0,12,0,314
6224.0,1,1,10,0,12,0,314
6225.0,1,1,10,0,12,0,314
6226.0,1,1,10,0,12,0,314
6227.0,1,1,10,0,12,0,314
6228.0,1,1,10,0,12,0,314
6229.0,1,1,10,0,12,0,314
6230.0,1,1,10,0,12,0,314
6231.0,1,1,10,0,12,0,314
6232.0,1,1,10,0,12,0,314
6233.0,1,1,10,0,12,0,314
6234.0,1,1,10,0,12,0,314
6235.0,1,1,10,0,12,0,314
6236.0,1,1,10,0,12,0,314
6237.0,1,1,10,0,12,0,314
6238.0,1,1,10,0,12,0,314
6239.0,1,1,10,0,12,0,314
6240.0,1,1,10,0,12,0,314
6241.0,1,1,10,0,12,0,314
6242.0,1,1,10,0,12,0,314
6243.0,1,1,10,0,12,0,314
6244.0,1,1,10,0,12,0,314
6245.0,1,1,10,0,12,0,314
6246.0,1,1,10,0,12,0,314
6247.0,1,1,10,0,12,0,314
6248.0,1,1,10,0,12,0,314
6249.0,1,1,10,0,12,0,314
6250.0,1,1,10,0,12,0,314
6251.0,1,1,10,0,12,0,314
6252.0,1,1,10,0,12,0,314
6253.0,1,1,10,0,12,0,314
6254.0,1,1,10,0,12,0,314
6255.0,1,1,10,0,12,0,314
6256.0,1,1,10,0,12,0,314
6257.0,1,1,10,0,12,0,314
6258.0,1,1,10,0,12,0,314
6259.0,1,1,10,0,12,0,314
6260.0,1,1,10,0,12,0,314
6261.0,1,1,10,0,12,0,314
6262.0,1,1,10,0,12,0,314
6263.0,1,1,10,0,12,0,314
6264.0,1,1,10,0,12,0,314
6265.0,1,1,10,0,12,0,314
6266.0,1,1,10,0,12,0,314
6267.0,1,1,10,0,12,0,314
6268.0,1,1,10,0,12,0,314
6269.0,1,1,10,0,12,0,314
6270.0,1,1,10,0,12,0,314
6271.0,1,1,10,0,12,0,314
6272.0,1,1,10,0,12,0,314
6273.0,1,1,10,0,12,0,314
6274.0,1,1,10,0,12,0,314
6275.0,1,1,10,0,12,0,314
6276.0,1,1,10,0,12,0,314
6277.0,1,1,10,0,12,0,314
6278.0,1,1,10,0,12,0,314
6279.0,1,1,10,0,12,0,314
6280.0,1,1,10,0,12,0,314
6281.0,1,1,10,0,12,0,314
6282.0,1,1,10,0,12,0,314
6283.0,1,1,10,0,12,0,314
6284.0,1,1,10,0,12,0,314
6285.0,1,1,10,0,12,0,314
6286.0,1,1,10,0,12,0,314
6287.0,1,1,10,0,12,0,314
6288.0,1,1,10,0,12,0,314
6289.0,1,1,10,0,12,0,314
6290.0,1,1,10,0,12,0,314
6291.0,1,1,10,0,12,0,314
6292.0,1,1,10,0,12,0,314
6293.0,1,1,10,0,12,0,314
6294.0,1,1,10,0,12,0,314
6295.0,1,1,10,0,12,0,314
6296.0,1,1,10,0,12,0,314
6297.0,1,1,10,0,12,0,314
6298.0,1,1,10,0,12,0,314
6299.0,1,1,10,0,12,0,314
6300.0,1,1,10,0,12,0,314
6301.0,1,1,10,0,12,0,314
6302.0,1,1,10,0,12,0,314
6303.0,1,1,10,0,12,0,314
6304.0,1,1,10,0,12,0,314
6305.0,1,1,10,0,12,0,314
6306.0,1,1,10,0,12,0,314
6307.0,1,1,10,0,12,0,314
6308.0,1,1,10,0,12,0,314
6309.0,1,1,10,0,12,0,314
6310.0,1,1,10,0,12,0,314
6311.0,1,1,10,0,12,0,314
6312.0,1,1,10,0,12,0,314
6313.0,1,1,10,0,12,0,314
6314.0,1,1,10,0,12,0,314
6315.0,1,1,10,0,12,0,314
6316.0,1,1,10,0,12,0,314
6317.0,1,1,10,0,12,0,314
6318.0,1,1,10,0,12,0,314
6319.0,1,1,10,0,12,0,314
6320.0,1,1,10,0,12,0,314
6321.0,1,1,10,0,12,0,314
6322.0,1,1,10,0,12,0,314
6323.0,1,1,10,0,12,0,314
6324.0,1,1,10,0,12,0,314
6325.0,1,1,10,0,12,0,314
6326.0,1,1,10,0,12,0,314
6327.0,1,1,10,0,12,0,314
6328.0,1,1,10,0,12,0,314
6329.0,1,1,10,0,12,0,314
6330.0,1,1,10,0,12,0,314
6331.0,1,1,10,0,12,0,314
6332.0,1,1,10,0,12,0,314
6333.0,1,1,10,0,12,0,314
6334.0,1,1,10,0,12,0,314
6335.0,1,1,10,0,12,0,314
6336.0,1,1,10,0,12,0,314
6337.0,1,1,10,0,12,0,314
6338.0,1,1,10,0,12,0,314
6339.0,1,1,10,0,12,0,314
6340.0,1,1,10,0,12,0,314
6341.0,1,1,10,0,12,0,314
6342.0,1,1,10,0,12,0,314
6343.0,1,1,10,0,12,0,314
6344.0,1,1,10,0,12,0,314
6345.0,1,1,10,0,12,0,314
6346.0,1,1,10,0,12,0,314
6347.0,1,1,10,0,12,0,314
6348.0,1,1,10,0,12,0,314
6349.0,1,1,10,0,12,0,314
6350.0,1,1,10,0,12,0,314
6351.0,1,1,10,0,12,0,314
6352.0,1,1,10,0,12,0,314
6353.0,1,1,10,0,12,0,314
6354.0,1,1,10,0,12,0,314
6355.0,1,1,10,0,12,0,314
6356.0,1,1,10,0,12,0,314
6357.0,1,1,10,0,12,0,314
6358.0,1,1,10,0,12,0,314
6359.0,1,1,10,0,12,0,314
6360.0,1,1,10,0,12,0,314
6361.0,1,1,10,0,12,0,314
6362.0,1,1,10,0,12,0,314
6363.0,1,1,10,0,12,0,314
6364.0,1,1,10,0,12,0,314
6365.0,1,1,10,0,12,0,314
6366.0,1,1,10,0,12,0,314
6367.0,1,1,10,0,12,0,314
6368.0,1,1,10,0,12,0,314
6369.0,1,1,10,0,12,0,314
6370.0,1,1,10,0,12,0,314
6371.0,1,1,10,0,12,0,314
6372.0,1,1,10,0,12,0,314
6373.0,1,1,10,0,12,0,314
6374.0,1,1,10,0,12,0,314
6375.0,1,1,10,0,12,0,314
6376.0,1,1,10,0,12,0,314
6377.0,1,1,10,0,12,0,314
6378.0,1,1,10,0,12,0,314
6379.0,1,1,10,0,12,0,314
6380.0,1,1,10,0,12,0,314
6381.0,1,1,10,0,12,0,314
6382.0,1,1,10,0,12,0,314
6383.0,1,1,10,0,12,0,314
6384.0,1,1,10,0,12,0,314
6385.0,1,1,10,0,12,0,314
6386.0,1,1,10,0,12,0,314
6387.0,1,1,10,0,12,0,314
6388.0,1,1,10,0,12,0,314
6389.0,1,1,10,0,12,0,314
6390.0,1,1,10,0,12,0,314
6391.0,1,1,10,0,12,0,314
6392.0,1,1,10,0,12,0,314
6393.0,1,1,10,0,12,0,314
6394.0,1,1,10,0,12,0,314
6395.0,1,1,10,0,12,0,314
6396.0,1,1,10,0,12,0,314
6397.0,1,1,10,0,12,0,314
6398.0,1,1,10,0,12,0,314
6399.0,1,1,10,0,12,0,314
6400.0,1,1,10,0,12,0,314
6401.0,1,1,10,0,12,0,314
6402.0,1,1,10,0,12,0,314
6403.0,1,1,10,0,12,0,314
6404.0,1,1,10,0,12,0,314
6405.0,1,1,10,0,12,0,314
6406.0,1,1,10,0,12,0,314
6407.0,1,1,10,0,12,0,314
6408.0,1,1,10,0,12,0,314
6409.0,1,1,10,0,12,0,314
6410.0,1,1,10,0,12,0,314
6411.0,1,1,10,0,12,0,314
6412.0,1,1,10,0,12,0,314
6413.0,1,1,10,0,12,0,314
6414.0,1,1,10,0,12,0,314
6415.0,1,1,10,0,12,0,314
6416.0,1,1,10,0,12,0,314
6417.0,1,1,10,0,12,0,314
6418.0,1,1,10,0,12,0,314
6419.0,1,1,10,0,12,0,314
6420.0,1,1,10,0,12,0,314
6421.0,1,1,10,0,12,0,314
6422.0,1,1,10,0,12,0,314
6423.0,1,1,10,0,12,0,314
6424.0,1,1,10,0,12,0,314
6425.0,1,1,10,0,12,0,314
6426.0,1,1,10,0,12,0,314
6427.0,1,1,10,0,12,0,314
6428.0,1,1,10,0,12,0,314
6429.0,1,1,10,0,12,0,314
6430.0,1,1,10,0,12,0,314
6431.0,1,1,10,0,12,0,314
6432.0,1,1,10,0,12,0,314
6433.0,1,1,10,0,12,0,314
6434.0,1,1,10,0,12,0,314
6435.0,1,1,10,0,12,0,314
6436.0,1,1,10,0,12,0,314
6437.0,1,1,10,0,12,0,314
6438.0,1,1,10,0,12,0,314
6439.0,1,1,10,0,12,0,314
6440.0,1,1,10,0,12,0,314
6441.0,1,1,10,0,12,0,314
6442.0,1,1,10,0,12,0,314
6443.0,1,1,10,0,12,0,314
6444.0,1,1,10,0,12,0,314
6445.0,1,1,10,0,12,0,314
6446.0,1,1,10,0,12,0,314
6447.0,1,1,10,0,12,0,314
6448.0,1,1,10,0,12,0,314
6449.0,1,1,10,0,12,0,314
6450.0,1,1,10,0,12,0,314
6451.0,1,1,10,0,12,0,314
6452.0,1,1,10,0,12,0,314
6453.0,1,1,10,0,12,0,314
6454.0,1,1,10,0,12,0,314
6455.0,1,1,10,0,12,0,314
6456.0,1,1,10,0,12,0,314
6457.0,1,1,10,0,12,0,314
6458.0,1,1,10,0,12,0,314
6459.0,1,1,10,0,12,0,314
6460.0,1,1,10,0,12,0,314
6461.0,1,1,10,0,12,0,314
6462.0,1,1,10,0,12,0,314
6463.0,1,1,10,0,12,0,314
6464.0,1,1,10,0,12,0,314
6465.0,1,1,10,0,12,0,314
6466.0,1,1,10,0,12,0,314
6467.0,1,1,10,0,12,0,314
6468.0,1,1,10,0,12,0,314
6469.0,1,1,10,0,12,0,314
6470.0,1,1,10,0,12,0,314
6471.0,1,1,10,0,12,0,314
6472.0,1,1,10,0,12,0,314
6473.0,1,1,10,0,12,0,314
6474.0,1,1,10,0,12,0,314
6475.0,1,1,10,0,12,0,314
6476.0,1,1,10,0,12,0,314
6477.0,1,1,10,0,12,0,314
6478.0,1,1,10,0,12,0,314
6479.0,1,1,10,0,12,0,314
6480.0,1,1,10,0,12,0,314
6481.0,1,1,10,0,12,0,314
6482.0,1,1,10,0,12,0,314
6483.0,1,1,10,0,12,0,314
6484.0,1,1,10,0,12,0,314
6485.0,1,1,10,0,12,0,314
6486.0,1,1,10,0,12,0,314
6487.0,1,1,10,0,12,0,314
6488.0,1,1,10,0,12,0,314
6489.0,1,1,10,0,12,0,314
6490.0,1,1,10,0,12,0,314
6491.0,1,1,10,0,12,0,314
6492.0,1,1,10,0,12,0,314
6493.0,1,1,10,0,12,0,314
6494.0,1,1,10,0,12,0,314
6495.0,1,1,10,0,12,0,314
6496.0,1,1,10,0,12,0,314
6497.0,1,1,10,0,12,0,314
6498.0,1,1,10,0,12,0,314
6499.0,1,1,10,0,12,0,314
6500.0,1,1,10,0,12,0,314
6501.0,1,1,10,0,12,0,314
6502.0,1,1,10,0,12,0,314
6503.0,1,1,10,0,12,0,314
6504.0,1,1,10,0,12,0,314
6505.0,1,1,10,0,12,0,314
6506.0,1,1,10,0,12,0,314
6507.0,1,1,10,0,12,0,314
6508.0,1,1,10,0,12,0,314
6509.0,1,1,10,0,12,0,314
6510.0,1,1,10,0,12,0,314
6511.0,1,1,10,0,12,0,314
6512.0,1,1,10,0,12,0,314
6513.0,1,1,10,0,12,0,314
6514.0,1,1,10,0,12,0,314
6515.0,1,1,10,0,12,0,314
6516.0,1,1,10,0,12,0,314
6517.0,1,1,10,0,12,0,314
6518.0,1,1,10,0,12,0,314
6519.0,1,1,10,0,12,0,314
6520.0,1,1,10,0,12,0,314
6521.0,1,1,10,0,12,0,314
6522.0,1,1,10,0,12,0,314
6523.0,1,1,10,0,12,0,314
6524.0,1,1,10,0,12,0,314
6525.0,1,1,10,0,12,0,314
6526.0,1,1,10,0,12,0,314
6527.0,1,1,10,0,12,0,314
6528.0,1,1,10,0,12,0,314
6529.0,1,1,10,0,12,0,314
6530.0,1,1,10,0,12,0,314
6531.0,1,1,10,0,12,0,314
6532.0,1,1,10,0,12,0,314
6533.0,1,1,10,0,12,0,314
6534.0,1,1,10,0,12,0,314
6535.0,1,1,10,0,12,0,314
6536.0,1,1,10,0,12,0,314
6537.0,1,1,10,0,12,0,314
6538.0,1,1,10,0,12,0,314
6539.0,1,1,10,0,12,0,314
6540.0,1,1,10,0,12,0,314
6541.0,1,1,10,0,12,0,314
6542.0,1,1,10,0,12,0,314
6543.0,1,1,10,0,12,0,314
6544.0,1,1,10,0,12,0,314
6545.0,1,1,10,0,12,0,314
6546.0,1,1,10,0,12,0,314
6547.0,1,1,10,0,12,0,314
6548.0,1,1,10,0,12,0,314
6549.0,1,1,10,0,12,0,314
6550.0,1,1,10,0,12,0,314
6551.0,1,1,10,0,12,0,314
6552.0,1,1,10,0,12,0,314
6553.0,1,1,10,0,12,0,314
6554.0,1,1,10,0,12,0,314
6555.0,1,1,10,0,12,0,314
6556.0,1,1,10,0,12,0,314
6557.0,1,1,10,0,12,0,314
6558.0,1,1,10,0,12,0,314
6559.0,1,1,10,0,12,0,314
6560.0,1,1,10,0,12,0,314
6561.0,1,1,10,0,12,0,314
6562.0,1,1,10,0,12,0,314
6563.0,1,1,10,0,12,0,314
6564.0,1,1,10,0,12,0,314
6565.0,1,1,10,0,12,0,314
6566.0,1,1,10,0,12,0,314
6567.0,1,1,10,0,12,0,314
6568.0,1,1,10,0,12,0,314
6569.0,1,1,10,0,12,0,314
6570.0,1,1,10,0,12,0,314
6571.0,1,1,10,0,12,0,314
6572.0,1,1,10,0,12,0,314
6573.0,1,1,10,0,12,0,314
6574.0,1,1,10,0,12,0,314
6575.0,1,1,10,0,12,0,314
6576.0,1,1,10,0,12,0,314
6577.0,1,1,10,0,12,0,314
6578.0,1,1,10,0,12,0,314
6579.0,1,1,10,0,12,0,314
6580.0,1,1,10,0,12,0,314
6581.0,1,1,10,0,12,0,314
6582.0,1,1,10,0,12,0,314
6583.0,1,1,10,0,12,0,314
6584.0,1,1,10,0,12,0,314
6585.0,1,1,10,0,12,0,314
6586.0,1,1,10,0,12,0,314
6587.0,1,1,10,0,12,0,314
6588.0,1,1,10,0,12,0,314
6589.0,1,1,10,0,12,0,314
6590.0,1,1,10,0,12,0,314
6591.0,1,1,10,0,12,0,314
6592.0,1,1,10,0,12,0,314
6593.0,1,1,10,0,12,0,314
6594.0,1,1,10,0,12,0,314
6595.0,1,1,10,0,12,0,314
6596.0,1,1,10,0,12,0,314
6597.0,1,1,10,0,12,0,314
6598.0,1,1,10,0,12,0,314
6599.0,1,1,10,0,12,0,314
6600.0,1,1,10,0,12,0,314
6601.0,1,1,10,0,12,0,314
6602.0,1,1,10,0,12,0,314
6603.0,1,1,10,0,12,0,314
6604.0,1,1,10,0,12,0,314
6605.0,1,1,10,0,12,0,314
6606.0,1,1,10,0,12,0,314
6607.0,1,1,10,0,12,0,314
6608.0,1,1,10,0,12,0,314
6609.0,1,1,10,0,12,0,314
6610.0,1,1,10,0,12,0,314
6611.0,1,1,10,0,12,0,314
6612.0,1,1,10,0,12,0,314
6613.0,1,1,10,0,12,0,314
6614.0,1,1,10,0,12,0,314
6615.0,1,1,10,0,12,0,314
6616.0,1,1,10,0,12,0,314
6617.0,1,1,10,0,12,0,314
6618.0,1,1,10,0,12,0,314
6619.0,1,1,10,0,12,0,314
6620.0,1,1,10,0,12,0,314
6621.0,1,1,10,0,12,0,314
6622.0,1,1,10,0,12,0,314
6623.0,1,1,10,0,12,0,314
6624.0,1,1,10,0,12,0,314
6625.0,1,1,10,0,12,0,314
6626.0,1,1,10,0,12,0,314
6627.0,1,1,10,0,12,0,314
6628.0,1,1,10,0,12,0,314
6629.0,1,1,10,0,12,0,314
6630.0,1,1,10,0,12,0,314
6631.0,1,1,10,0,12,0,314
6632.0,1,1,10,0,12,0,314
6633.0,1,1,10,0,12,0,314
6634.0,1,1,10,0,12,0,314
6635.0,1,1,10,0,12,0,314
6636.0,1,1,10,0,12,0,314
6637.0,1,1,10,0,12,0,314
6638.0,1,1,10,0,12,0,314
6639.0,1,1,10,0,12,0,314
6640.0,1,1,10,0,12,0,314
6641.0,1,1,10,0,12,0,314
6642.0,1,1,10,0,12,0,314
6643.0,1,1,10,0,12,0,314
6644.0,1,1,10,0,12,0,314
6645.0,1,1,10,0,12,0,314
6646.0,1,1,10,0,12,0,314
6647.0,1,1,10,0,12,0,314
6648.0,1,1,10,0,12,0,314
6649.0,1,1,10,0,12,0,314
6650.0,1,1,10,0,12,0,314
6651.0,1,1,10,0,12,0,314
6652.0,1,1,10,0,12,0,314
6653.0,1,1,10,0,12,0,314
6654.0,1,1,10,0,12,0,314
6655.0,1,1,10,0,12,0,314
6656.0,1,1,10,0,12,0,314
6657.0,1,1,10,0,12,0,314
6658.0,1,1,10,0,12,0,314
6659.0,1,1,10,0,12,0,314
6660.0,1,1,10,0,12,0,314
6661.0,1,1,10,0,12,0,314
6662.0,1,1,10,0,12,0,314
6663.0,1,1,10,0,12,0,314
6664.0,1,1,10,0,12,0,314
6665.0,1,1,10,0,12,0,314
6666.0,1,1,10,0,12,0,314
6667.0,1,1,10,0,12,0,314
6668.0,1,1,10,0,12,0,314
6669.0,1,1,10,0,12,0,314
6670.0,1,1,10,0,12,0,314
6671.0,1,1,10,0,12,0,314
6672.0,1,1,10,0,12,0,314
6673.0,1,1,10,0,12,0,314
6674.0,1,1,10,0,12,0,314
6675.0,1,1,10,0,12,0,314
6676.0,1,1,10,0,12,0,314
6677.0,1,1,10,0,12,0,314
6678.0,1,1,10,0,12,0,314
6679.0,1,1,10,0,12,0,314
6680.0,1,1,10,0,12,0,314
6681.0,1,1,10,0,12,0,314
6682.0,1,1,10,0,12,0,314
6683.0,1,1,10,0,12,0,314
6684.0,1,1,10,0,12,0,314
6685.0,1,1,10,0,12,0,314
6686.0,1,1,10,0,12,0,314
6687.0,1,1,10,0,12,0,314
6688.0,1,1,10,0,12,0,314
6689.0,1,1,10,0,12,0,314
6690.0,1,1,10,0,12,0,314
6691.0,1,1,10,0,12,0,314
6692.0,1,1,10,0,12,0,314
6693.0,1,1,10,0,12,0,314
6694.0,1,1,10,0,12,0,314
6695.0,1,1,10,0,12,0,314
6696.0,1,1,10,0,12,0,314
6697.0,1,1,10,0,12,0,314
6698.0,1,1,10,0,12,0,314
6699.0,1,1,10,0,12,0,314
6700.0,1,1,10,0,12,0,314
6701.0,1,1,10,0,12,0,314
6702.0,1,1,10,0,12,0,314
6703.0,1,1,10,0,12,0,314
6704.0,1,1,10,0,12,0,314
6705.0,1,1,10,0,12,0,314
6706.0,1,1,10,0,12,0,314
6707.0,1,1,10,0,12,0,314
6708.0,1,1,10,0,12,0,314
6709.0,1,1,10,0,12,0,314
6710.0,1,1,10,0,12,0,314
6711.0,1,1,10,0,12,0,314
6712.0,1,1,10,0,12,0,314
6713.0,1,1,10,0,12,0,314
6714.0,1,1,10,0,12,0,314
6715.0,1,1,10,0,12,0,314
6716.0,1,1,10,0,12,0,314
6717.0,1,1,10,0,12,0,314
6718.0,1,1,10,0,12,0,314
6719.0,1,1,10,0,12,0,314
6720.0,1,1,10,0,12,0,314
6721.0,1,1,10,0,12,0,314
6722.0,1,1,10,0,12,0,314
6723.0,1,1,10,0,12,0,314
6724.0,1,1,10,0,12,0,314
6725.0,1,1,10,0,12,0,314
6726.0,1,1,10,0,12,0,314
6727.0,1,1,10,0,12,0,314
6728.0,1,1,10,0,12,0,314
6729.0,1,1,10,0,12,0,314
6730.0,1,1,10,0,12,0,314
6731.0,1,1,10,0,12,0,314
6732.0,1,1,10,0,12,0,314
6733.0,1,1,10,0,12,0,314
6734.0,1,1,10,0,12,0,314
6735.0,1,1,10,0,12,0,314
6736.0,1,1,10,0,12,0,314
6737.0,1,1,10,0,12,0,314
6738.0,1,1,10,0,12,0,314
6739.0,1,1,10,0,12,0,314
6740.0,1,1,10,0,12,0,314
6741.0,1,1,10,0,12,0,314
6742.0,1,1,10,0,12,0,314
6743.0,1,1,10,0,12,0,314
6744.0,1,1,10,0,12,0,314
6745.0,1,1,10,0,12,0,314
6746.0,1,1,10,0,12,0,314
6747.0,1,1,10,0,12,0,314
6748.0,1,1,10,0,12,0,314
6749.0,1,1,10,0,12,0,314
6750.0,1,1,10,0,12,0,314
6751.0,1,1,10,0,12,0,314
6752.0,1,1,10,0,12,0,314
6753.0,1,1,10,0,12,0,314
6754.0,1,1,10,0,12,0,314
6755.0,1,1,10,0,12,0,314
6756.0,1,1,10,0,12,0,314
6757.0,1,1,10,0,12,0,314
6758.0,1,1,10,0,12,0,314
6759.0,1,1,10,0,12,0,314
6760.0,1,1,10,0,12,0,314
6761.0,1,1,10,0,12,0,314
6762.0,1,1,10,0,12,0,314
6763.0,1,1,10,0,12,0,314
6764.0,1,1,10,0,12,0,314
6765.0,1,1,10,0,12,0,314
6766.0,1,1,10,0,12,0,314
6767.0,1,1,10,0,12,0,314
6768.0,1,1,10,0,12,0,314
6769.0,1,1,10,0,12,0,314
6770.0,1,1,10,0,12,0,314
6771.0,1,1,10,0,12,0,314
6772.0,1,1,10,0,12,0,314
6773.0,1,1,10,0,12,0,314
6774.0,1,1,10,0,12,0,314
6775.0,1,1,10,0,12,0,314
6776.0,1,1,10,0,12,0,314
6777.0,1,1,10,0,12,0,314
6778.0,1,1,10,0,12,0,314
6779.0,1,1,10,0,12,0,314
6780.0,1,1,10,0,12,0,314
6781.0,1,1,10,0,12,0,314
6782.0,1,1,10,0,12,0,314
6783.0,1,1,10,0,12,0,314
6784.0,1,1,10,0,12,0,314
6785.0,1,1,10,0,12,0,314
6786.0,1,1,10,0,12,0,314
6787.0,1,1,10,0,12,0,314
6788.0,1,1,10,0,12,0,314
6789.0,1,1,10,0,12,0,314
6790.0,1,1,10,0,12,0,314
6791.0,1,1,10,0,12,0,314
6792.0,1,1,10,0,12,0,314
6793.0,1,1,10,0,12,0,314
6794.0,1,1,10,0,12,0,314
6795.0,1,1,10,0,12,0,314
6796.0,1,1,10,0,12,0,314
6797.0,1,1,10,0,12,0,314
6798.0,1,1,10,0,12,0,314
6799.0,1,1,10,0,12,0,314
6800.0,1,1,10,0,12,0,314
6801.0,1,1,10,0,12,0,314
6802.0,1,1,10,0,12,0,314
6803.0,1,1,10,0,12,0,314
6804.0,1,1,10,0,12,0,314
6805.0,1,1,10,0,12,0,314
6806.0,1,1,10,0,12,0,314
6807.0,1,1,10,0,12,0,314
6808.0,1,1,10,0,12,0,314
6809.0,1,1,10,0,12,0,314
6810.0,1,1,10,0,12,0,314
6811.0,1,1,10,0,12,0,314
6812.0,1,1,10,0,12,0,314
6813.0,1,1,10,0,12,0,314
6814.0,1,1,10,0,12,0,314
6815.0,1,1,10,0,12,0,314
6816.0,1,1,10,0,12,0,314
6817.0,1,1,10,0,12,0,314
6818.0,1,1,10,0,12,0,314
6819.0,1,1,10,0,12,0,314
6820.0,1,1,10,0,12,0,314
6821.0,1,1,10,0,12,0,314
6822.0,1,1,10,0,12,0,314
6823.0,1,1,10,0,12,0,314
6824.0,1,1,10,0,12,0,314
6825.0,1,1,10,0,12,0,314
6826.0,1,1,10,0,12,0,314
6827.0,1,1,10,0,12,0,314
6828.0,1,1,10,0,12,0,314
6829.0,1,1,10,0,12,0,314
6830.0,1,1,10,0,12,0,314
6831.0,1,1,10,0,12,0,314
6832.0,1,1,10,0,12,0,314
6833.0,1,1,10,0,12,0,314
6834.0,1,1,10,0,12,0,314
6835.0,1,1,10,0,12,0,314
6836.0,1,1,10,0,12,0,314
6837.0,1,1,10,0,12,0,314
6838.0,1,1,10,0,12,0,314
6839.0,1,1,10,0,12,0,314
6840.0,1,1,10,0,12,0,314
6841.0,1,1,10,0,12,0,314
6842.0,1,1,10,0,12,0,314
6843.0,1,1,10,0,12,0,314
6844.0,1,1,10,0,12,0,314
6845.0,1,1,10,0,12,0,314
6846.0,1,1,10,0,12,0,314
6847.0,1,1,10,0,12,0,314
6848.0,1,1,10,0,12,0,314
6849.0,1,1,10,0,12,0,314
6850.0,1,1,10,0,12,0,314
6851.0,1,1,10,0,12,0,314
6852.0,1,1,10,0,12,0,314
6853.0,1,1,10,0,12,0,314
6854.0,1,1,10,0,12,0,314
6855.0,1,1,10,0,12,0,314
6856.0,1,1,10,0,12,0,314
6857.0,1,1,10,0,12,0,314
6858.0,1,1,10,0,12,0,314
6859.0,1,1,10,0,12,0,314
6860.0,1,1,10,0,12,0,314
6861.0,1,1,10,0,12,0,314
6862.0,1,1,10,0,12,0,314
6863.0,1,1,10,0,12,0,314
6864.0,1,1,10,0,12,0,314
6865.0,1,1,10,0,12,0,314
6866.0,1,1,10,0,12,0,314
6867.0,1,1,10,0,12,0,314
6868.0,1,1,10,0,12,0,314
6869.0,1,1,10,0,12,0,314
6870.0,1,1,10,0,12,0,314
6871.0,1,1,10,0,12,0,314
6872.0,1,1,10,0,12,0,314
6873.0,1,1,10,0,12,0,314
6874.0,1,1,10,0,12,0,314
6875.0,1,1,10,0,12,0,314
6876.0,1,1,10,0,12,0,314
6877.0,1,1,10,0,12,0,314
6878.0,1,1,10,0,12,0,314
6879.0,1,1,10,0,12,0,314
6880.0,1,1,10,0,12,0,314
6881.0,1,1,10,0,12,0,314
6882.0,1,1,10,0,12,0,314
6883.0,1,1,10,0,12,0,314
6884.0,1,1,10,0,12,0,314
6885.0,1,1,10,0,12,0,314
6886.0,1,1,10,0,12,0,314
6887.0,1,1,10,0,12,0,314
6888.0,1,1,10,0,12,0,314
6889.0,1,1,10,0,12,0,314
6890.0,1,1,10,0,12,0,314
6891.0,1,1,10,0,12,0,314
6892.0,1,1,10,0,12,0,314
6893.0,1,1,10,0,12,0,314
6894.0,1,1,10,0,12,0,314
6895.0,1,1,10,0,12,0,314
6896.0,1,1,10,0,12,0,314
6897.0,1,1,10,0,12,0,314
6898.0,1,1,10,0,12,0,314
6899.0,1,1,10,0,12,0,314
6900.0,1,1,10,0,12,0,314
6901.0,1,1,10,0,12,0,314
6902.0,1,1,10,0,12,0,314
6903.0,1,1,10,0,12,0,314
6904.0,1,1,10,0,12,0,314
6905.0,1,1,10,0,12,0,314
6906.0,1,1,10,0,12,0,314
6907.0,1,1,10,0,12,0,314
6908.0,1,1,10,0,12,0,314
6909.0,1,1,10,0,12,0,314
6910.0,1,1,10,0,12,0,314
6911.0,1,1,10,0,12,0,314
6912.0,1,1,10,0,12,0,314
6913.0,1,1,10,0,12,0,314
6914.0,1,1,10,0,12,0,314
6915.0,1,1,10,0,12,0,314
6916.0,1,1,10,0,12,0,314
6917.0,1,1,10,0,12,0,314
6918.0,1,1,10,0,12,0,314
6919.0,1,1,10,0,12,0,314
6920.0,1,1,10,0,12,0,314
6921.0,1,1,10,0,12,0,314
6922.0,1,1,10,0,12,0,314
6923.0,1,1,10,0,12,0,314
6924.0,1,1,10,0,12,0,314
6925.0,1,1,10,0,12,0,314
6926.0,1,1,10,0,12,0,314
6927.0,1,1,10,0,12,0,314
6928.0,1,1,10,0,12,0,314
6929.0,1,1,10,0,12,0,314
6930.0,1,1,10,0,12,0,314
6931.0,1,1,10,0,12,0,314
6932.0,1,1,10,0,12,0,314
6933.0,1,1,10,0,12,0,314
6934.0,1,1,10,0,12,0,314
6935.0,1,1,10,0,12,0,314
6936.0,1,1,10,0,12,0,314
6937.0,1,1,10,0,12,0,314
6938.0,1,1,10,0,12,0,314
6939.0,1,1,10,0,12,0,314
6940.0,1,1,10,0,12,0,314
6941.0,1,1,10,0,12,0,314
6942.0,1,1,10,0,12,0,314
6943.0,1,1,10,0,12,0,314
6944.0,1,1,10,0,12,0,314
6945.0,1,1,10,0,12,0,314
6946.0,1,1,10,0,12,0,314
6947.0,1,1,10,0,12,0,314
6948.0,1,1,10,0,12,0,314
6949.0,1,1,10,0,12,0,314
6950.0,1,1,10,0,12,0,314
6951.0,1,1,10,0,12,0,314
6952.0,1,1,10,0,12,0,314
6953.0,1,1,10,0,12,0,314
6954.0,1,1,10,0,12,0,314
6955.0,1,1,10,0,12,0,314
6956.0,1,1,10,0,12,0,314
6957.0,1,1,10,0,12,0,314
6958.0,1,1,10,0,12,0,314
6959.0,1,1,10,0,12,0,314
6960.0,1,1,10,0,12,0,314
6961.0,1,1,10,0,12,0,314
6962.0,1,1,10,0,12,0,314
6963.0,1,1,10,0,12,0,314
6964.0,1,1,10,0,12,0,314
6965.0,1,1,10,0,12,0,314
6966.0,1,1,10,0,12,0,314
6967.0,1,1,10,0,12,0,314
6968.0,1,1,10,0,12,0,314
6969.0,1,1,10,0,12,0,314
6970.0,1,1,10,0,12,0,314
6971.0,1,1,10,0,12,0,314
6972.0,1,1,10,0,12,0,314
6973.0,1,1,10,0,12,0,314
6974.0,1,1,10,0,12,0,314
6975.0,1,1,10,0,12,0,314
6976.0,1,1,10,0,12,0,314
6977.0,1,1,10,0,12,0,314
6978.0,1,1,10,0,12,0,314
6979.0,1,1,10,0,12,0,314
6980.0,1,1,10,0,12,0,314
6981.0,1,1,10,0,12,0,314
6982.0,1,1,10,0,12,0,314
6983.0,1,1,10,0,12,0,314
6984.0,1,1,10,0,12,0,314
6985.0,1,1,10,0,12,0,314
6986.0,1,1,10,0,12,0,314
6987.0,1,1,10,0,12,0,314
6988.0,1,1,10,0,12,0,314
6989.0,1,1,10,0,12,0,314
6990.0,1,1,10,0,12,0,314
6991.0,1,1,10,0,12,0,314
6992.0,1,1,10,0,12,0,314
6993.0,1,1,10,0,12,0,314
6994.0,1,1,10,0,12,0,314
6995.0,1,1,10,0,12,0,314
6996.0,1,1,10,0,12,0,314
6997.0,1,1,10,0,12,0,314
6998.0,1,1,10,0,12,0,314
6999.0,1,1,10,0,12,0,314
7000.0,1,1,10,0,12,0,314
7001.0,1,1,10,0,12,0,314
7002.0,1,1,10,0,12,0,314
7003.0,1,1,10,0,12,0,314
7004.0,1,1,10,0,12,0,314
7005.0,1,1,10,0,12,0,314
7006.0,1,1,10,0,12,0,314
7007.0,1,1,10,0,12,0,314
7008.0,1,1,10,0,12,0,314
7009.0,1,1,10,0,12,0,314
7010.0,1,1,10,0,12,0,314
7011.0,1,1,10,0,12,0,314
7012.0,1,1,10,0,12,0,314
7013.0,1,1,10,0,12,0,314
7014.0,1,1,10,0,12,0,314
7015.0,1,1,10,0,12,0,314
7016.0,1,1,10,0,12,0,314
7017.0,1,1,10,0,12,0,314
7018.0,1,1,10,0,12,0,314
7019.0,1,1,10,0,12,0,314
7020.0,1,1,10,0,12,0,314
7021.0,1,1,10,0,12,0,314
7022.0,1,1,10,0,12,0,314
7023.0,1,1,10,0,12,0,314
7024.0,1,1,10,0,12,0,314
7025.0,1,1,10,0,12,0,314
7026.0,1,1,10,0,12,0,314
7027.0,1,1,10,0,12,0,314
7028.0,1,1,10,0,12,0,314
7029.0,1,1,10,0,12,0,314
7030.0,1,1,10,0,12,0,314
7031.0,1,1,10,0,12,0,314
7032.0,1,1,10,0,12,0,314
7033.0,1,1,10,0,12,0,314
7034.0,1,1,10,0,12,0,314
7035.0,1,1,10,0,12,0,314
7036.0,1,1,10,0,12,0,314
7037.0,1,1,10,0,12,0,314
7038.0,1,1,10,0,12,0,314
7039.0,1,1,10,0,12,0,314
7040.0,1,1,10,0,12,0,314
7041.0,1,1,10,0,12,0,314
7042.0,1,1,10,0,12,0,314
7043.0,1,1,10,0,12,0,314
7044.0,1,1,10,0,12,0,314
7045.0,1,1,10,0,12,0,314
7046.0,1,1,10,0,12,0,314
7047.0,1,1,10,0,12,0,314
7048.0,1,1,10,0,12,0,314
7049.0,1,1,10,0,12,0,314
7050.0,1,1,10,0,12,0,314
7051.0,1,1,10,0,12,0,314
7052.0,1,1,10,0,12,0,314
7053.0,1,1,10,0,12,0,314
7054.0,1,1,10,0,12,0,314
7055.0,1,1,10,0,12,0,314
7056.0,1,1,10,0,12,0,314
7057.0,1,1,10,0,12,0,314
7058.0,1,1,10,0,12,0,314
7059.0,1,1,10,0,12,0,314
7060.0,1,1,10,0,12,0,314
7061.0,1,1,10,0,12,0,314
7062.0,1,1,10,0,12,0,314
7063.0,1,1,10,0,12,0,314
7064.0,1,1,10,0,12,0,314
7065.0,1,1,10,0,12,0,314
7066.0,1,1,10,0,12,0,314
7067.0,1,1,10,0,12,0,314
7068.0,1,1,10,0,12,0,314
7069.0,1,1,10,0,12,0,314
7070.0,1,1,10,0,12,0,314
7071.0,1,1,10,0,12,0,314
7072.0,1,1,10,0,12,0,314
7073.0,1,1,10,0,12,0,314
7074.0,1,1,10,0,12,0,314
7075.0,1,1,10,0,12,0,314
7076.0,1,1,10,0,12,0,314
7077.0,1,1,10,0,12,0,314
7078.0,1,1,10,0,12,0,314
7079.0,1,1,10,0,12,0,314
7080.0,1,1,10,0,12,0,314
7081.0,1,1,10,0,12,0,314
7082.0,1,1,10,0,12,0,314
7083.0,1,1,10,0,12,0,314
7084.0,1,1,10,0,12,0,314
7085.0,1,1,10,0,12,0,314
7086.0,1,1,10,0,12,0,314
7087.0,1,1,10,0,12,0,314
7088.0,1,1,10,0,12,0,314
7089.0,1,1,10,0,12,0,314
7090.0,1,1,10,0,12,0,314
7091.0,1,1,10,0,12,0,314
7092.0,1,1,10,0,12,0,314
7093.0,1,1,10,0,12,0,314
7094.0,1,1,10,0,12,0,314
7095.0,1,1,10,0,12,0,314
7096.0,1,1,10,0,12,0,314
7097.0,1,1,10,0,12,0,314
7098.0,1,1,10,0,12,0,314
7099.0,1,1,10,0,12,0,314
7100.0,1,1,10,0,12,0,314
7101.0,1,1,10,0,12,0,314
7102.0,1,1,10,0,12,0,314
7103.0,1,1,10,0,12,0,314
7104.0,1,1,10,0,12,0,314
7105.0,1,1,10,0,12,0,314
7106.0,1,1,10,0,12,0,314
7107.0,1,1,10,0,12,0,314
7108.0,1,1,10,0,12,0,314
7109.0,1,1,10,0,12,0,314
7110.0,1,1,10,0,12,0,314
7111.0,1,1,10,0,12,0,314
7112.0,1,1,10,0,12,0,314
7113.0,1,1,10,0,12,0,314
7114.0,1,1,10,0,12,0,314
7115.0,1,1,10,0,12,0,314
7116.0,1,1,10,0,12,0,314
7117.0,1,1,10,0,12,0,314
7118.0,1,1,10,0,12,0,314
7119.0,1,1,10,0,12,0,314
7120.0,1,1,10,0,12,0,314
7121.0,1,1,10,0,12,0,314
7122.0,1,1,10,0,12,0,314
7123.0,1,1,10,0,12,0,314
7124.0,1,1,10,0,12,0,314
7125.0,1,1,10,0,12,0,314
7126.0,1,1,10,0,12,0,314
7127.0,1,1,10,0,12,0,314
7128.0,1,1,10,0,12,0,314
7129.0,1,1,10,0,12,0,314
7130.0,1,1,10,0,12,0,314
7131.0,1,1,10,0,12,0,314
7132.0,1,1,10,0,12,0,314
7133.0,1,1,10,0,12,0,314
7134.0,1,1,10,0,12,0,314
7135.0,1,1,10,0,12,0,314
7136.0,1,1,10,0,12,0,314
7137.0,1,1,10,0,12,0,314
7138.0,1,1,10,0,12,0,314
7139.0,1,1,10,0,12,0,314
7140.0,1,1,10,0,12,0,314
7141.0,1,1,10,0,12,0,314
7142.0,1,1,10,0,12,0,314
7143.0,1,1,10,0,12,0,314
7144.0,1,1,10,0,12,0,314
7145.0,1,1,10,0,12,0,314
7146.0,1,1,10,0,12,0,314
7147.0,1,1,10,0,12,0,314
7148.0,1,1,10,0,12,0,314
7149.0,1,1,10,0,12,0,314
7150.0,1,1,10,0,12,0,314
7151.0,1,1,10,0,12,0,314
7152.0,1,1,10,0,12,0,314
7153.0,1,1,10,0,12,0,314
7154.0,1,1,10,0,12,0,314
7155.0,1,1,10,0,12,0,314
7156.0,1,1,10,0,12,0,314
7157.0,1,1,10,0,12,0,314
7158.0,1,1,10,0,12,0,314
7159.0,1,1,10,0,12,0,314
7160.0,1,1,10,0,12,0,314
7161.0,1,1,10,0,12,0,314
7162.0,1,1,10,0,12,0,314
7163.0,1,1,10,0,12,0,314
7164.0,1,1,10,0,12,0,314
7165.0,1,1,10,0,12,0,314
7166.0,1,1,10,0,12,0,314
7167.0,1,1,10,0,12,0,314
7168.0,1,1,10,0,12,0,314
7169.0,1,1,10,0,12,0,314
7170.0,1,1,10,0,12,0,314
7171.0,1,1,10,0,12,0,314
7172.0,1,1,10,0,12,0,314
7173.0,1,1,10,0,12,0,314
7174.0,1,1,10,0,12,0,314
7175.0,1,1,10,0,12,0,314
7176.0,1,1,10,0,12,0,314
7177.0,1,1,10,0,12,0,314
7178.0,1,1,10,0,12,0,314
7179.0,1,1,10,0,12,0,314
7180.0,1,1,10,0,12,0,314
7181.0,1,1,10,0,12,0,314
7182.0,1,1,10,0,12,0,314
7183.0,1,1,10,0,12,0,314
7184.0,1,1,10,0,12,0,314
7185.0,1,1,10,0,12,0,314
7186.0,1,1,10,0,12,0,314
7187.0,1,1,10,0,12,0,314
7188.0,1,1,10,0,12,0,314
7189.0,1,1,10,0,12,0,314
7190.0,1,1,10,0,12,0,314
7191.0,1,1,10,0,12,0,314
7192.0,1,1,10,0,12,0,314
7193.0,1,1,10,0,12,0,314
7194.0,1,1,10,0,12,0,314
7195.0,1,1,10,0,12,0,314
7196.0,1,1,10,0,12,0,314
7197.0,1,1,10,0,12,0,314
7198.0,1,1,10,0,12,0,314
7199.0,1,1,10,0,12,0,314
7200.0,1,1,10,0,12,0,314
7201.0,1,1,10,0,12,0,314
7202.0,1,1,10,0,12,0,314
7203.0,1,1,10,0,12,0,314
7204.0,1,1,10,0,12,0,314
7205.0,1,1,10,0,12,0,314
7206.0,1,1,10,0,12,0,314
7207.0,1,1,10,0,12,0,314
7208.0,1,1,10,0,12,0,314
7209.0,1,1,10,0,12,0,314
7210.0,1,1,10,0,12,0,314
7211.0,1,1,10,0,12,0,314
7212.0,1,1,10,0,12,0,314
7213.0,1,1,10,0,12,0,314
7214.0,1,1,10,0,12,0,314
7215.0,1,1,10,0,12,0,314
7216.0,1,1,10,0,12,0,314
7217.0,1,1,10,0,12,0,314
7218.0,1,1,10,0,12,0,314
7219.0,1,1,10,0,12,0,314
7220.0,1,1,10,0,12,0,314
7221.0,1,1,10,0,12,0,314
7222.0,1,1,10,0,12,0,314
7223.0,1,1,10,0,12,0,314
7224.0,1,1,10,0,12,0,314
7225.0,1,1,10,0,12,0,314
7226.0,1,1,10,0,12,0,314
7227.0,1,1,10,0,12,0,314
7228.0,1,1,10,0,12,0,314
7229.0,1,1,10,0,12,0,314
7230.0,1,1,10,0,12,0,314
7231.0,1,1,10,0,12,0,314
7232.0,1,1,10,0,12,0,314
7233.0,1,1,10,0,12,0,314
7234.0,1,1,10,0,12,0,314
7235.0,1,1,10,0,12,0,314
7236.0,1,1,10,0,12,0,314
7237.0,1,1,10,0,12,0,314
7238.0,1,1,10,0,12,0,314
7239.0,1,1,10,0,12,0,314
7240.0,1,1,10,0,12,0,314
7241.0,1,1,10,0,12,0,314
7242.0,1,1,10,0,12,0,314
7243.0,1,1,10,0,12,0,314
7244.0,1,1,10,0,12,0,314
7245.0,1,1,10,0,12,0,314
7246.0,1,1,10,0,12,0,314
7247.0,1,1,10,0,12,0,314
7248.0,1,1,10,0,12,0,314
7249.0,1,1,10,0,12,0,314
7250.0,1,1,10,0,12,0,314
7251.0,1,1,10,0,12,0,314
7252.0,1,1,10,0,12,0,314
7253.0,1,1,10,0,12,0,314
7254.0,1,1,10,0,12,0,314
7255.0,1,1,10,0,12,0,314
7256.0,1,1,10,0,12,0,314
7257.0,1,1,10,0,12,0,314
7258.0,1,1,10,0,12,0,314
7259.0,1,1,10,0,12,0,314
7260.0,1,1,10,0,12,0,314
7261.0,1,1,10,0,12,0,314
7262.0,1,1,10,0,12,0,314
7263.0,1,1,10,0,12,0,314
7264.0,1,1,10,0,12,0,314
7265.0,1,1,10,0,12,0,314
7266.0,1,1,10,0,12,0,314
7267.0,1,1,10,0,12,0,314
7268.0,1,1,10,0,12,0,314
7269.0,1,1,10,0,12,0,314
7270.0,1,1,10,0,12,0,314
7271.0,1,1,10,0,12,0,314
7272.0,1,1,10,0,12,0,314
7273.0,1,1,10,0,12,0,314
7274.0,1,1,10,0,12,0,314
7275.0,1,1,10,0,12,0,314
7276.0,1,1,10,0,12,0,314
7277.0,1,1,10,0,12,0,314
7278.0,1,1,10,0,12,0,314
7279.0,1,1,10,0,12,0,314
7280.0,1,1,10,0,12,0,314
7281.0,1,1,10,0,12,0,314
7282.0,1,1,10,0,12,0,314
7283.0,1,1,10,0,12,0,314
7284.0,1,1,10,0,12,0,314
7285.0,1,1,10,0,12,0,314
7286.0,1,1,10,0,12,0,314
7287.0,1,1,10,0,12,0,314
7288.0,1,1,10,0,12,0,314
7289.0,1,1,10,0,12,0,314
7290.0,1,1,10,0,12,0,314
7291.0,1,1,10,0,12,0,314
7292.0,1,1,10,0,12,0,314
7293.0,1,1,10,0,12,0,314
7294.0,1,1,10,0,12,0,314
7295.0,1,1,10,0,12,0,314
7296.0,1,1,10,0,12,0,314
7297.0,1,1,10,0,12,0,314
7298.0,1,1,10,0,12,0,314
7299.0,1,1,10,0,12,0,314
7300.0,1,1,10,0,12,0,314
7301.0,1,1,10,0,12,0,314
7302.0,1,1,10,0,12,0,314
7303.0,1,1,10,0,12,0,314
7304.0,1,1,10,0,12,0,314
7305.0,1,1,10,0,12,0,314
7306.0,1,1,10,0,12,0,314
7307.0,1,1,10,0,12,0,314
7308.0,1,1,10,0,12,0,314
7309.0,1,1,10,0,12,0,314
7310.0,1,1,10,0,12,0,314
7311.0,1,1,10,0,12,0,314
7312.0,1,1,10,0,12,0,314
7313.0,1,1,10,0,12,0,314
7314.0,1,1,10,0,12,0,314
7315.0,1,1,10,0,12,0,314
7316.0,1,1,10,0,12,0,314
7317.0,1,1,10,0,12,0,314
7318.0,1,1,10,0,12,0,314
7319.0,1,1,10,0,12,0,314
7320.0,1,1,10,0,12,0,314
7321.0,1,1,10,0,12,0,314
7322.0,1,1,10,0,12,0,314
7323.0,1,1,10,0,12,0,314
7324.0,1,1,10,0,12,0,314
7325.0,1,1,10,0,12,0,314
7326.0,1,1,10,0,12,0,314
7327.0,1,1,10,0,12,0,314
7328.0,1,1,10,0,12,0,314
7329.0,1,1,10,0,12,0,314
7330.0,1,1,10,0,12,0,314
7331.0,1,1,10,0,12,0,314
7332.0,1,1,10,0,12,0,314
7333.0,1,1,10,0,12,0,314
7334.0,1,1,10,0,12,0,314
7335.0,1,1,10,0,12,0,314
7336.0,1,1,10,0,12,0,314
7337.0,1,1,10,0,12,0,314
7338.0,1,1,10,0,12,0,314
7339.0,1,1,10,0,12,0,314
7340.0,1,1,10,0,12,0,314
7341.0,1,1,10,0,12,0,314
7342.0,1,1,10,0,12,0,314
7343.0,1,1,10,0,12,0,314
7344.0,1,1,10,0,12,0,314
7345.0,1,1,10,0,12,0,314
7346.0,1,1,10,0,12,0,314
7347.0,1,1,10,0,12,0,314
7348.0,1,1,10,0,12,0,314
7349.0,1,1,10,0,12,0,314
7350.0,1,1,10,0,12,0,314
7351.0,1,1,10,0,12,0,314
7352.0,1,1,10,0,12,0,314
7353.0,1,1,10,0,12,0,314
7354.0,1,1,10,0,12,0,314
7355.0,1,1,10,0,12,0,314
7356.0,1,1,10,0,12,0,314
7357.0,1,1,10,0,12,0,314
7358.0,1,1,10,0,12,0,314
7359.0,1,1,10,0,12,0,314
7360.0,1,1,10,0,12,0,314
7361.0,1,1,10,0,12,0,314
7362.0,1,1,10,0,12,0,314
7363.0,1,1,10,0,12,0,314
7364.0,1,1,10,0,12,0,314
7365.0,1,1,10,0,12,0,314
7366.0,1,1,10,0,12,0,314
7367.0,1,1,10,0,12,0,314
7368.0,1,1,10,0,12,0,314
7369.0,1,1,10,0,12,0,314
7370.0,1,1,10,0,12,0,314
7371.0,1,1,10,0,12,0,314
7372.0,1,1,10,0,12,0,314
7373.0,1,1,10,0,12,0,314
7374.0,1,1,10,0,12,0,314
7375.0,1,1,10,0,12,0,314
7376.0,1,1,10,0,12,0,314
7377.0,1,1,10,0,12,0,314
7378.0,1,1,10,0,12,0,314
7379.0,1,1,10,0,12,0,314
7380.0,1,1,10,0,12,0,314
7381.0,1,1,10,0,12,0,314
7382.0,1,1,10,0,12,0,314
7383.0,1,1,10,0,12,0,314
7384.0,1,1,10,0,12,0,314
7385.0,1,1,10,0,12,0,314
7386.0,1,1,10,0,12,0,314
7387.0,1,1,10,0,12,0,314
7388.0,1,1,10,0,12,0,314
7389.0,1,1,10,0,12,0,314
7390.0,1,1,10,0,12,0,314
7391.0,1,1,10,0,12,0,314
7392.0,1,1,10,0,12,0,314
7393.0,1,1,10,0,12,0,314
7394.0,1,1,10,0,12,0,314
7395.0,1,1,10,0,12,0,314
7396.0,1,1,10,0,12,0,314
7397.0,1,1,10,0,12,0,314
7398.0,1,1,10,0,12,0,314
7399.0,1,1,10,0,12,0,314
7400.0,1,1,10,0,12,0,314
7401.0,1,1,10,0,12,0,314
7402.0,1,1,10,0,12,0,314
7403.0,1,1,10,0,12,0,314
7404.0,1,1,10,0,12,0,314
7405.0,1,1,10,0,12,0,314
7406.0,1,1,10,0,12,0,314
7407.0,1,1,10,0,12,0,314
7408.0,1,1,10,0,12,0,314
7409.0,1,1,10,0,12,0,314
7410.0,1,1,10,0,12,0,314
7411.0,1,1,10,0,12,0,314
7412.0,1,1,10,0,12,0,314
7413.0,1,1,10,0,12,0,314
7414.0,1,1,10,0,12,0,314
7415.0,1,1,10,0,12,0,314
7416.0,1,1,10,0,12,0,314
7417.0,1,1,10,0,12,0,314
7418.0,1,1,10,0,12,0,314
7419.0,1,1,10,0,12,0,314
7420.0,1,1,10,0,12,0,314
7421.0,1,1,10,0,12,0,314
7422.0,1,1,10,0,12,0,314
7423.0,1,1,10,0,12,0,314
7424.0,1,1,10,0,12,0,314
7425.0,1,1,10,0,12,0,314
7426.0,1,1,10,0,12,0,314
7427.0,1,1,10,0,12,0,314
7428.0,1,1,10,0,12,0,314
7429.0,1,1,10,0,12,0,314
7430.0,1,1,10,0,12,0,314
7431.0,1,1,10,0,12,0,314
7432.0,1,1,10,0,12,0,314
7433.0,1,1,10,0,12,0,314
7434.0,1,1,10,0,12,0,314
7435.0,1,1,10,0,12,0,314
7436.0,1,1,10,0,12,0,314
7437.0,1,1,10,0,12,0,314
7438.0,1,1,10,0,12,0,314
7439.0,1,1,10,0,12,0,314
7440.0,1,1,10,0,12,0,314
7441.0,1,1,10,0,12,0,314
7442.0,1,1,10,0,12,0,314
7443.0,1,1,10,0,12,0,314
7444.0,1,1,10,0,12,0,314
7445.0,1,1,10,0,12,0,314
7446.0,1,1,10,0,12,0,314
7447.0,1,1,10,0,12,0,314
7448.0,1,1,10,0,12,0,314
7449.0,1,1,10,0,12,0,314
7450.0,1,1,10,0,12,0,314
7451.0,1,1,10,0,12,0,314
7452.0,1,1,10,0,12,0,314
7453.0,1,1,10,0,12,0,314
7454.0,1,1,10,0,12,0,314
7455.0,1,1,10,0,12,0,314
7456.0,1,1,10,0,12,0,314
7457.0,1,1,10,0,12,0,314
7458.0,1,1,10,0,12,0,314
7459.0,1,1,10,0,12,0,314
7460.0,1,1,10,0,12,0,314
7461.0,1,1,10,0,12,0,314
7462.0,1,1,10,0,12,0,314
7463.0,1,1,10,0,12,0,314
7464.0,1,1,10,0,12,0,314
7465.0,1,1,10,0,12,0,314
7466.0,1,1,10,0,12,0,314
7467.0,1,1,10,0,12,0,314
7468.0,1,1,10,0,12,0,314
7469.0,1,1,10,0,12,0,314
7470.0,1,1,10,0,12,0,314
7471.0,1,1,10,0,12,0,314
7472.0,1,1,10,0,12,0,314
7473.0,1,1,10,0,12,0,314
7474.0,1,1,10,0,12,0,314
7475.0,1,1,10,0,12,0,314
7476.0,1,1,10,0,12,0,314
7477.0,1,1,10,0,12,0,314
7478.0,1,1,10,0,12,0,314
7479.0,1,1,10,0,12,0,314
7480.0,1,1,10,0,12,0,314
7481.0,1,1,10,0,12,0,314
7482.0,1,1,10,0,12,0,314
7483.0,1,1,10,0,12,0,314
7484.0,1,1,10,0,12,0,314
7485.0,1,1,10,0,12,0,314
7486.0,1,1,10,0,12,0,314
7487.0,1,1,10,0,12,0,314
7488.0,1,1,10,0,12,0,314
7489.0,1,1,10,0,12,0,314
7490.0,1,1,10,0,12,0,314
7491.0,1,1,10,0,12,0,314
7492.0,1,1,10,0,12,0,314
7493.0,1,1,10,0,12,0,314
7494.0,1,1,10,0,12,0,314
7495.0,1,1,10,0,12,0,314
7496.0,1,1,10,0,12,0,314
7497.0,1,1,10,0,12,0,314
7498.0,1,1,10,0,12,0,314
7499.0,1,1,10,0,12,0,314
7500.0,1,1,10,0,12,0,314
7501.0,1,1,10,0,12,0,314
7502.0,1,1,10,0,12,0,314
7503.0,1,1,10,0,12,0,314
7504.0,1,1,10,0,12,0,314
7505.0,1,1,10,0,12,0,314
7506.0,1,1,10,0,12,0,314
7507.0,1,1,10,0,12,0,314
7508.0,1,1,10,0,12,0,314
7509.0,1,1,10,0,12,0,314
7510.0,1,1,10,0,12,0,314
7511.0,1,1,10,0,12,0,314
7512.0,1,1,10,0,12,0,314
7513.0,1,1,10,0,12,0,314
7514.0,1,1,10,0,12,0,314
7515.0,1,1,10,0,12,0,314
7516.0,1,1,10,0,12,0,314
7517.0,1,1,10,0,12,0,314
7518.0,1,1,10,0,12,0,314
7519.0,1,1,10,0,12,0,314
7520.0,1,1,10,0,12,0,314
7521.0,1,1,10,0,12,0,314
7522.0,1,1,10,0,12,0,314
7523.0,1,1,10,0,12,0,314
7524.0,1,1,10,0,12,0,314
7525.0,1,1,10,0,12,0,314
7526.0,1,1,10,0,12,0,314
7527.0,1,1,10,0,12,0,314
7528.0,1,1,10,0,12,0,314
7529.0,1,1,10,0,12,0,314
7530.0,1,1,10,0,12,0,314
7531.0,1,1,10,0,12,0,314
7532.0,1,1,10,0,12,0,314
7533.0,1,1,10,0,12,0,314
7534.0,1,1,10,0,12,0,314
7535.0,1,1,10,0,12,0,314
7536.0,1,1,10,0,12,0,314
7537.0,1,1,10,0,12,0,314
7538.0,1,1,10,0,12,0,314
7539.0,1,1,10,0,12,0,314
7540.0,1,1,10,0,12,0,314
7541.0,1,1,10,0,12,0,314
7542.0,1,1,10,0,12,0,314
7543.0,1,1,10,0,12,0,314
7544.0,1,1,10,0,12,0,314
7545.0,1,1,10,0,12,0,314
7546.0,1,1,10,0,12,0,314
7547.0,1,1,10,0,12,0,314
7548.0,1,1,10,0,12,0,314
7549.0,1,1,10,0,12,0,314
7550.0,1,1,10,0,12,0,314
7551.0,1,1,10,0,12,0,314
7552.0,1,1,10,0,12,0,314
7553.0,1,1,10,0,12,0,314
7554.0,1,1,10,0,12,0,314
7555.0,1,1,10,0,12,0,314
7556.0,1,1,10,0,12,0,314
7557.0,1,1,10,0,12,0,314
7558.0,1,1,10,0,12,0,314
7559.0,1,1,10,0,12,0,314
7560.0,1,1,10,0,12,0,314
7561.0,1,1,10,0,12,0,314
7562.0,1,1,10,0,12,0,314
7563.0,1,1,10,0,12,0,314
7564.0,1,1,10,0,12,0,314
7565.0,1,1,10,0,12,0,314
7566.0,1,1,10,0,12,0,314
7567.0,1,1,10,0,12,0,314
7568.0,1,1,10,0,12,0,314
7569.0,1,1,10,0,12,0,314
7570.0,1,1,10,0,12,0,314
7571.0,1,1,10,0,12,0,314
7572.0,1,1,10,0,12,0,314
7573.0,1,1,10,0,12,0,314
7574.0,1,1,10,0,12,0,314
7575.0,1,1,10,0,12,0,314
7576.0,1,1,10,0,12,0,314
7577.0,1,1,10,0,12,0,314
7578.0,1,1,10,0,12,0,314
7579.0,1,1,10,0,12,0,314
7580.0,1,1,10,0,12,0,314
7581.0,1,1,10,0,12,0,314
7582.0,1,1,10,0,12,0,314
7583.0,1,1,10,0,12,0,314
7584.0,1,1,10,0,12,0,314
7585.0,1,1,10,0,12,0,314
7586.0,1,1,10,0,12,0,314
7587.0,1,1,10,0,12,0,314
7588.0,1,1,10,0,12,0,314
7589.0,1,1,10,0,12,0,314
7590.0,1,1,10,0,12,0,314
7591.0,1,1,10,0,12,0,314
7592.0,1,1,10,0,12,0,314
7593.0,1,1,10,0,12,0,314
7594.0,1,1,10,0,12,0,314
7595.0,1,1,10,0,12,0,314
7596.0,1,1,10,0,12,0,314
7597.0,1,1,10,0,12,0,314
7598.0,1,1,10,0,12,0,314
7599.0,1,1,10,0,12,0,314
7600.0,1,1,10,0,12,0,314
7601.0,1,1,10,0,12,0,314
7602.0,1,1,10,0,12,0,314
7603.0,1,1,10,0,12,0,314
7604.0,1,1,10,0,12,0,314
7605.0,1,1,10,0,12,0,314
7606.0,1,1,10,0,12,0,314
7607.0,1,1,10,0,12,0,314
7608.0,1,1,10,0,12,0,314
7609.0,1,1,10,0,12,0,314
7610.0,1,1,10,0,12,0,314
7611.0,1,1,10,0,12,0,314
7612.0,1,1,10,0,12,0,314
7613.0,1,1,10,0,12,0,314
7614.0,1,1,10,0,12,0,314
7615.0,1,1,10,0,12,0,314
7616.0,1,1,10,0,12,0,314
7617.0,1,1,10,0,12,0,314
7618.0,1,1,10,0,12,0,314
7619.0,1,1,10,0,12,0,314
7620.0,1,1,10,0,12,0,314
7621.0,1,1,10,0,12,0,314
7622.0,1,1,10,0,12,0,314
7623.0,1,1,10,0,12,0,314
7624.0,1,1,10,0,12,0,314
7625.0,1,1,10,0,12,0,314
7626.0,1,1,10,0,12,0,314
7627.0,1,1,10,0,12,0,314
7628.0,1,1,10,0,12,0,314
7629.0,1,1,10,0,12,0,314
7630.0,1,1,10,0,12,0,314
7631.0,1,1,10,0,12,0,314
7632.0,1,1,10,0,12,0,314
7633.0,1,1,10,0,12,0,314
7634.0,1,1,10,0,12,0,314
7635.0,1,1,10,0,12,0,314
7636.0,1,1,10,0,12,0,314
7637.0,1,1,10,0,12,0,314
7638.0,1,1,10,0,12,0,314
7639.0,1,1,10,0,12,0,314
7640.0,1,1,10,0,12,0,314
7641.0,1,1,10,0,12,0,314
7642.0,1,1,10,0,12,0,314
7643.0,1,1,10,0,12,0,314
7644.0,1,1,10,0,12,0,314
7645.0,1,1,10,0,12,0,314
7646.0,1,1,10,0,12,0,314
7647.0,1,1,10,0,12,0,314
7648.0,1,1,10,0,12,0,314
7649.0,1,1,10,0,12,0,314
7650.0,1,1,10,0,12,0,314
7651.0,1,1,10,0,12,0,314
7652.0,1,1,10,0,12,0,314
7653.0,1,1,10,0,12,0,314
7654.0,1,1,10,0,12,0,314
7655.0,1,1,10,0,12,0,314
7656.0,1,1,10,0,12,0,314
7657.0,1,1,10,0,12,0,314
7658.0,1,1,10,0,12,0,314
7659.0,1,1,10,0,12,0,314
7660.0,1,1,10,0,12,0,314
7661.0,1,1,10,0,12,0,314
7662.0,1,1,10,0,12,0,314
7663.0,1,1,10,0,12,0,314
7664.0,1,1,10,0,12,0,314
7665.0,1,1,10,0,12,0,314
7666.0,1,1,10,0,12,0,314
7667.0,1,1,10,0,12,0,314
7668.0,1,1,10,0,12,0,314
7669.0,1,1,10,0,12,0,314
7670.0,1,1,10,0,12,0,314
7671.0,1,1,10,0,12,0,314
7672.0,1,1,10,0,12,0,314
7673.0,1,1,10,0,12,0,314
7674.0,1,1,10,0,12,0,314
7675.0,1,1,10,0,12,0,314
7676.0,1,1,10,0,12,0,314
7677.0,1,1,10,0,12,0,314
7678.0,1,1,10,0,12,0,314
7679.0,1,1,10,0,12,0,314
7680.0,1,1,10,0,12,0,314
7681.0,1,1,10,0,12,0,314
7682.0,1,1,10,0,12,0,314
7683.0,1,1,10,0,12,0,314
7684.0,1,1,10,0,12,0,314
7685.0,1,1,10,0,12,0,314
7686.0,1,1,10,0,12,0,314
7687.0,1,1,10,0,12,0,314
7688.0,1,1,10,0,12,0,314
7689.0,1,1,10,0,12,0,314
7690.0,1,1,10,0,12,0,314
7691.0,1,1,10,0,12,0,314
7692.0,1,1,10,0,12,0,314
7693.0,1,1,10,0,12,0,314
7694.0,1,1,10,0,12,0,314
7695.0,1,1,10,0,12,0,314
7696.0,1,1,10,0,12,0,314
7697.0,1,1,10,0,12,0,314
7698.0,1,1,10,0,12,0,314
7699.0,1,1,10,0,12,0,314
7700.0,1,1,10,0,12,0,314
7701.0,1,1,10,0,12,0,314
7702.0,1,1,10,0,12,0,314
7703.0,1,1,10,0,12,0,314
7704.0,1,1,10,0,12,0,314
7705.0,1,1,10,0,12,0,314
7706.0,1,1,10,0,12,0,314
7707.0,1,1,10,0,12,0,314
7708.0,1,1,10,0,12,0,314
7709.0,1,1,10,0,12,0,314
7710.0,1,1,10,0,12,0,314
7711.0,1,1,10,0,12,0,314
7712.0,1,1,10,0,12,0,314
7713.0,1,1,10,0,12,0,314
7714.0,1,1,10,0,12,0,314
7715.0,1,1,10,0,12,0,314
7716.0,1,1,10,0,12,0,314
7717.0,1,1,10,0,12,0,314
7718.0,1,1,10,0,12,0,314
7719.0,1,1,10,0,12,0,314
7720.0,1,1,10,0,12,0,314
7721.0,1,1,10,0,12,0,314
7722.0,1,1,10,0,12,0,314
7723.0,1,1,10,0,12,0,314
7724.0,1,1,10,0,12,0,314
7725.0,1,1,10,0,12,0,314
7726.0,1,1,10,0,12,0,314
7727.0,1,1,10,0,12,0,314
7728.0,1,1,10,0,12,0,314
7729.0,1,1,10,0,12,0,314
7730.0,1,1,10,0,12,0,314
7731.0,1,1,10,0,12,0,314
7732.0,1,1,10,0,12,0,314
7733.0,1,1,10,0,12,0,314
7734.0,1,1,10,0,12,0,314
7735.0,1,1,10,0,12,0,314
7736.0,1,1,10,0,12,0,314
7737.0,1,1,10,0,12,0,314
7738.0,1,1,10,0,12,0,314
7739.0,1,1,10,0,12,0,314
7740.0,1,1,10,0,12,0,314
7741.0,1,1,10,0,12,0,314
7742.0,1,1,10,0,12,0,314
7743.0,1,1,10,0,12,0,314
7744.0,1,1,10,0,12,0,314
7745.0,1,1,10,0,12,0,314
7746.0,1,1,10,0,12,0,314
7747.0,1,1,10,0,12,0,314
7748.0,1,1,10,0,12,0,314
7749.0,1,1,10,0,12,0,314
7750.0,1,1,10,0,12,0,314
7751.0,1,1,10,0,12,0,314
7752.0,1,1,10,0,12,0,314
7753.0,1,1,10,0,12,0,314
7754.0,1,1,10,0,12,0,314
7755.0,1,1,10,0,12,0,314
7756.0,1,1,10,0,12,0,314
7757.0,1,1,10,0,12,0,314
7758.0,1,1,10,0,12,0,314
7759.0,1,1,10,0,12,0,314
7760.0,1,1,10,0,12,0,314
7761.0,1,1,10,0,12,0,314
7762.0,1,1,10,0,12,0,314
7763.0,1,1,10,0,12,0,314
7764.0,1,1,10,0,12,0,314
7765.0,1,1,10,0,12,0,314
7766.0,1,1,10,0,12,0,314
7767.0,1,1,10,0,12,0,314
7768.0,1,1,10,0,12,0,314
7769.0,1,1,10,0,12,0,314
7770.0,1,1,10,0,12,0,314
7771.0,1,1,10,0,12,0,314
7772.0,1,1,10,0,12,0,314
7773.0,1,1,10,0,12,0,314
7774.0,1,1,10,0,12,0,314
7775.0,1,1,10,0,12,0,314
7776.0,1,1,10,0,12,0,314
7777.0,1,1,10,0,12,0,314
7778.0,1,1,10,0,12,0,314
7779.0,1,1,10,0,12,0,314
7780.0,1,1,10,0,12,0,314
7781.0,1,1,10,0,12,0,314
7782.0,1,1,10,0,12,0,314
7783.0,1,1,10,0,12,0,314
7784.0,1,1,10,0,12,0,314
7785.0,1,1,10,0,12,0,314
7786.0,1,1,10,0,12,0,314
7787.0,1,1,10,0,12,0,314
7788.0,1,1,10,0,12,0,314
7789.0,1,1,10,0,12,0,314
7790.0,1,1,10,0,12,0,314
7791.0,1,1,10,0,12,0,314
7792.0,1,1,10,0,12,0,314
7793.0,1,1,10,0,12,0,314
7794.0,1,1,10,0,12,0,314
7795.0,1,1,10,0,12,0,314
7796.0,1,1,10,0,12,0,314
7797.0,1,1,10,0,12,0,314
7798.0,1,1,10,0,12,0,314
7799.0,1,1,10,0,12,0,314
7800.0,1,1,10,0,12,0,314
7801.0,1,1,10,0,12,0,314
7802.0,1,1,10,0,12,0,314
7803.0,1,1,10,0,12,0,314
7804.0,1,1,10,0,12,0,314
7805.0,1,1,10,0,12,0,314
7806.0,1,1,10,0,12,0,314
7807.0,1,1,10,0,12,0,314
7808.0,1,1,10,0,12,0,314
7809.0,1,1,10,0,12,0,314
7810.0,1,1,10,0,12,0,314
7811.0,1,1,10,0,12,0,314
7812.0,1,1,10,0,12,0,314
7813.0,1,1,10,0,12,0,314
7814.0,1,1,10,0,12,0,314
7815.0,1,1,10,0,12,0,314
7816.0,1,1,10,0,12,0,314
7817.0,1,1,10,0,12,0,314
7818.0,1,1,10,0,12,0,314
7819.0,1,1,10,0,12,0,314
7820.0,1,1,10,0,12,0,314
7821.0,1,1,10,0,12,0,314
7822.0,1,1,10,0,12,0,314
7823.0,1,1,10,0,12,0,314
7824.0,1,1,10,0,12,0,314
7825.0,1,1,10,0,12,0,314
7826.0,1,1,10,0,12,0,314
7827.0,1,1,10,0,12,0,314
7828.0,1,1,10,0,12,0,314
7829.0,1,1,10,0,12,0,314
7830.0,1,1,10,0,12,0,314
7831.0,1,1,10,0,12,0,314
7832.0,1,1,10,0,12,0,314
7833.0,1,1,10,0,12,0,314
7834.0,1,1,10,0,12,0,314
7835.0,1,1,10,0,12,0,314
7836.0,1,1,10,0,12,0,314
7837.0,1,1,10,0,12,0,314
7838.0,1,1,10,0,12,0,314
7839.0,1,1,10,0,12,0,314
7840.0,1,1,10,0,12,0,314
7841.0,1,1,10,0,12,0,314
7842.0,1,1,10,0,12,0,314
7843.0,1,1,10,0,12,0,314
7844.0,1,1,10,0,12,0,314
7845.0,1,1,10,0,12,0,314
7846.0,1,1,10,0,12,0,314
7847.0,1,1,10,0,12,0,314
7848.0,1,1,10,0,12,0,314
7849.0,1,1,10,0,12,0,314
7850.0,1,1,10,0,12,0,314
7851.0,1,1,10,0,12,0,314
7852.0,1,1,10,0,12,0,314
7853.0,1,1,10,0,12,0,314
7854.0,1,1,10,0,12,0,314
7855.0,1,1,10,0,12,0,314
7856.0,1,1,10,0,12,0,314
7857.0,1,1,10,0,12,0,314
7858.0,1,1,10,0,12,0,314
7859.0,1,1,10,0,12,0,314
7860.0,1,1,10,0,12,0,314
7861.0,1,1,10,0,12,0,314
7862.0,1,1,10,0,12,0,314
7863.0,1,1,10,0,12,0,314
7864.0,1,1,10,0,12,0,314
7865.0,1,1,10,0,12,0,314
7866.0,1,1,10,0,12,0,314
7867.0,1,1,10,0,12,0,314
7868.0,1,1,10,0,12,0,314
7869.0,1,1,10,0,12,0,314
7870.0,1,1,10,0,12,0,314
7871.0,1,1,10,0,12,0,314
7872.0,1,1,10,0,12,0,314
7873.0,1,1,10,0,12,0,314
7874.0,1,1,10,0,12,0,314
7875.0,1,1,10,0,12,0,314
7876.0,1,1,10,0,12,0,314
7877.0,1,1,10,0,12,0,314
7878.0,1,1,10,0,12,0,314
7879.0,1,1,10,0,12,0,314
7880.0,1,1,10,0,12,0,314
7881.0,1,1,10,0,12,0,314
7882.0,1,1,10,0,12,0,314
7883.0,1,1,10,0,12,0,314
7884.0,1,1,10,0,12,0,314
7885.0,1,1,10,0,12,0,314
7886.0,1,1,10,0,12,0,314
7887.0,1,1,10,0,12,0,314
7888.0,1,1,10,0,12,0,314
7889.0,1,1,10,0,12,0,314
7890.0,1,1,10,0,12,0,314
7891.0,1,1,10,0,12,0,314
7892.0,1,1,10,0,12,0,314
7893.0,1,1,10,0,12,0,314
7894.0,1,1,10,0,12,0,314
7895.0,1,1,10,0,12,0,314
7896.0,1,1,10,0,12,0,314
7897.0,1,1,10,0,12,0,314
7898.0,1,1,10,0,12,0,314
7899.0,1,1,10,0,12,0,314
7900.0,1,1,10,0,12,0,314
7901.0,1,1,10,0,12,0,314
7902.0,1,1,10,0,12,0,314
7903.0,1,1,10,0,12,0,314
7904.0,1,1,10,0,12,0,314
7905.0,1,1,10,0,12,0,314
7906.0,1,1,10,0,12,0,314
7907.0,1,1,10,0,12,0,314
7908.0,1,1,10,0,12,0,314
7909.0,1,1,10,0,12,0,314
7910.0,1,1,10,0,12,0,314
7911.0,1,1,10,0,12,0,314
7912.0,1,1,10,0,12,0,314
7913.0,1,1,10,0,12,0,314
7914.0,1,1,10,0,12,0,314
7915.0,1,1,10,0,12,0,314
7916.0,1,1,10,0,12,0,314
7917.0,1,1,10,0,12,0,314
7918.0,1,1,10,0,12,0,314
7919.0,1,1,10,0,12,0,314
7920.0,1,1,10,0,12,0,314
7921.0,1,1,10,0,12,0,314
7922.0,1,1,10,0,12,0,314
7923.0,1,1,10,0,12,0,314
7924.0,1,1,10,0,12,0,314
7925.0,1,1,10,0,12,0,314
7926.0,1,1,10,0,12,0,314
7927.0,1,1,10,0,12,0,314
7928.0,1,1,10,0,12,0,314
7929.0,1,1,10,0,12,0,314
7930.0,1,1,10,0,12,0,314
7931.0,1,1,10,0,12,0,314
7932.0,1,1,10,0,12,0,314
7933.0,1,1,10,0,12,0,314
7934.0,1,1,10,0,12,0,314
7935.0,1,1,10,0,12,0,314
7936.0,1,1,10,0,12,0,314
7937.0,1,1,10,0,12,0,314
7938.0,1,1,10,0,12,0,314
7939.0,1,1,10,0,12,0,314
7940.0,1,1,10,0,12,0,314
7941.0,1,1,10,0,12,0,314
7942.0,1,1,10,0,12,0,314
7943.0,1,1,10,0,12,0,314
7944.0,1,1,10,0,12,0,314
7945.0,1,1,10,0,12,0,314
7946.0,1,1,10,0,12,0,314
7947.0,1,1,10,0,12,0,314
7948.0,1,1,10,0,12,0,314
7949.0,1,1,10,0,12,0,314
7950.0,1,1,10,0,12,0,314
7951.0,1,1,10,0,12,0,314
7952.0,1,1,10,0,12,0,314
7953.0,1,1,10,0,12,0,314
7954.0,1,1,10,0,12,0,314
7955.0,1,1,10,0,12,0,314
7956.0,1,1,10,0,12,0,314
7957.0,1,1,10,0,12,0,314
7958.0,1,1,10,0,12,0,314
7959.0,1,1,10,0,12,0,314
7960.0,1,1,10,0,12,0,314
7961.0,1,1,10,0,12,0,314
7962.0,1,1,10,0,12,0,314
7963.0,1,1,10,0,12,0,314
7964.0,1,1,10,0,12,0,314
7965.0,1,1,10,0,12,0,314
7966.0,1,1,10,0,12,0,314
7967.0,1,1,10,0,12,0,314
7968.0,1,1,10,0,12,0,314
7969.0,1,1,10,0,12,0,314
7970.0,1,1,10,0,12,0,314
7971.0,1,1,10,0,12,0,314
7972.0,1,1,10,0,12,0,314
7973.0,1,1,10,0,12,0,314
7974.0,1,1,10,0,12,0,314
7975.0,1,1,10,0,12,0,314
7976.0,1,1,10,0,12,0,314
7977.0,1,1,10,0,12,0,314
7978.0,1,1,10,0,12,0,314
7979.0,1,1,10,0,12,0,314
7980.0,1,1,10,0,12,0,314
7981.0,1,1,10,0,12,0,314
7982.0,1,1,10,0,12,0,314
7983.0,1,1,10,0,12,0,314
7984.0,1,1,10,0,12,0,314
7985.0,1,1,10,0,12,0,314
7986.0,1,1,10,0,12,0,314
7987.0,1,1,10,0,12,0,314
7988.0,1,1,10,0,12,0,314
7989.0,1,1,10,0,12,0,314
7990.0,1,1,10,0,12,0,314
7991.0,1,1,10,0,12,0,314
7992.0,1,1,10,0,12,0,314
7993.0,1,1,10,0,12,0,314
7994.0,1,1,10,0,12,0,314
7995.0,1,1,10,0,12,0,314
7996.0,1,1,10,0,12,0,314
7997.0,1,1,10,0,12,0,314
7998.0,1,1,10,0,12,0,314
7999.0,1,1,10,0,12,0,314
8000.0,1,1,10,0,12,0,314
8001.0,1,1,10,0,12,0,314
8002.0,1,1,10,0,12,0,314
8003.0,1,1,10,0,12,0,314
8004.0,1,1,10,0,12,0,314
8005.0,1,1,10,0,12,0,314
8006.0,1,1,10,0,12,0,314
8007.0,1,1,10,0,12,0,314
8008.0,1,1,10,0,12,0,314
8009.0,1,1,10,0,12,0,314
8010.0,1,1,10,0,12,0,314
8011.0,1,1,10,0,12,0,314
8012.0,1,1,10,0,12,0,314
8013.0,1,1,10,0,12,0,314
8014.0,1,1,10,0,12,0,314
8015.0,1,1,10,0,12,0,314
8016.0,1,1,10,0,12,0,314
8017.0,1,1,10,0,12,0,314
8018.0,1,1,10,0,12,0,314
8019.0,1,1,10,0,12,0,314
8020.0,1,1,10,0,12,0,314
8021.0,1,1,10,0,12,0,314
8022.0,1,1,10,0,12,0,314
8023.0,1,1,10,0,12,0,314
8024.0,1,1,10,0,12,0,314
8025.0,1,1,10,0,12,0,314
8026.0,1,1,10,0,12,0,314
8027.0,1,1,10,0,12,0,314
8028.0,1,1,10,0,12,0,314
8029.0,1,1,10,0,12,0,314
8030.0,1,1,10,0,12,0,314
8031.0,1,1,10,0,12,0,314
8032.0,1,1,10,0,12,0,314
8033.0,1,1,10,0,12,0,314
8034.0,1,1,10,0,12,0,314
8035.0,1,1,10,0,12,0,314
8036.0,1,1,10,0,12,0,314
8037.0,1,1,10,0,12,0,314
8038.0,1,1,10,0,12,0,314
8039.0,1,1,10,0,12,0,314
8040.0,1,1,10,0,12,0,314
8041.0,1,1,10,0,12,0,314
8042.0,1,1,10,0,12,0,314
8043.0,1,1,10,0,12,0,314
8044.0,1,1,10,0,12,0,314
8045.0,1,1,10,0,12,0,314
8046.0,1,1,10,0,12,0,314
8047.0,1,1,10,0,12,0,314
8048.0,1,1,10,0,12,0,314
8049.0,1,1,10,0,12,0,314
8050.0,1,1,10,0,12,0,314
8051.0,1,1,10,0,12,0,314
8052.0,1,1,10,0,12,0,314
8053.0,1,1,10,0,12,0,314
8054.0,1,1,10,0,12,0,314
8055.0,1,1,10,0,12,0,314
8056.0,1,1,10,0,12,0,314
8057.0,1,1,10,0,12,0,314
8058.0,1,1,10,0,12,0,314
8059.0,1,1,10,0,12,0,314
8060.0,1,1,10,0,12,0,314
8061.0,1,1,10,0,12,0,314
8062.0,1,1,10,0,12,0,314
8063.0,1,1,10,0,12,0,314
8064.0,1,1,10,0,12,0,314
8065.0,1,1,10,0,12,0,314
8066.0,1,1,10,0,12,0,314
8067.0,1,1,10,0,12,0,314
8068.0,1,1,10,0,12,0,314
8069.0,1,1,10,0,12,0,314
8070.0,1,1,10,0,12,0,314
8071.0,1,1,10,0,12,0,314
8072.0,1,1,10,0,12,0,314
8073.0,1,1,10,0,12,0,314
8074.0,1,1,10,0,12,0,314
8075.0,1,1,10,0,12,0,314
8076.0,1,1,10,0,12,0,314
8077.0,1,1,10,0,12,0,314
8078.0,1,1,10,0,12,0,314
8079.0,1,1,10,0,12,0,314
8080.0,1,1,10,0,12,0,314
8081.0,1,1,10,0,12,0,314
8082.0,1,1,10,0,12,0,314
8083.0,1,1,10,0,12,0,314
8084.0,1,1,10,0,12,0,314
8085.0,1,1,10,0,12,0,314
8086.0,1,1,10,0,12,0,314
8087.0,1,1,10,0,12,0,314
8088.0,1,1,10,0,12,0,314
8089.0,1,1,10,0,12,0,314
8090.0,1,1,10,0,12,0,314
8091.0,1,1,10,0,12,0,314
8092.0,1,1,10,0,12,0,314
8093.0,1,1,10,0,12,0,314
8094.0,1,1,10,0,12,0,314
8095.0,1,1,10,0,12,0,314
8096.0,1,1,10,0,12,0,314
8097.0,1,1,10,0,12,0,314
8098.0,1,1,10,0,12,0,314
8099.0,1,1,10,0,12,0,314
8100.0,1,1,10,0,12,0,314
8101.0,1,1,10,0,12,0,314
8102.0,1,1,10,0,12,0,314
8103.0,1,1,10,0,12,0,314
8104.0,1,1,10,0,12,0,314
8105.0,1,1,10,0,12,0,314
8106.0,1,1,10,0,12,0,314
8107.0,1,1,10,0,12,0,314
8108.0,1,1,10,0,12,0,314
8109.0,1,1,10,0,12,0,314
8110.0,1,1,10,0,12,0,314
8111.0,1,1,10,0,12,0,314
8112.0,1,1,10,0,12,0,314
8113.0,1,1,10,0,12,0,314
8114.0,1,1,10,0,12,0,314
8115.0,1,1,10,0,12,0,314
8116.0,1,1,10,0,12,0,314
8117.0,1,1,10,0,12,0,314
8118.0,1,1,10,0,12,0,314
8119.0,1,1,10,0,12,0,314
8120.0,1,1,10,0,12,0,314
8121.0,1,1,10,0,12,0,314
8122.0,1,1,10,0,12,0,314
8123.0,1,1,10,0,12,0,314
8124.0,1,1,10,0,12,0,314
8125.0,1,1,10,0,12,0,314
8126.0,1,1,10,0,12,0,314
8127.0,1,1,10,0,12,0,314
8128.0,1,1,10,0,12,0,314
8129.0,1,1,10,0,12,0,314
8130.0,1,1,10,0,12,0,314
8131.0,1,1,10,0,12,0,314
8132.0,1,1,10,0,12,0,314
8133.0,1,1,10,0,12,0,314
8134.0,1,1,10,0,12,0,314
8135.0,1,1,10,0,12,0,314
8136.0,1,1,10,0,12,0,314
8137.0,1,1,10,0,12,0,314
8138.0,1,1,10,0,12,0,314
8139.0,1,1,10,0,12,0,314
8140.0,1,1,10,0,12,0,314
8141.0,1,1,10,0,12,0,314
8142.0,1,1,10,0,12,0,314
8143.0,1,1,10,0,12,0,314
8144.0,1,1,10,0,12,0,314
8145.0,1,1,10,0,12,0,314
8146.0,1,1,10,0,12,0,314
8147.0,1,1,10,0,12,0,314
8148.0,1,1,10,0,12,0,314
8149.0,1,1,10,0,12,0,314
8150.0,1,1,10,0,12,0,314
8151.0,1,1,10,0,12,0,314
8152.0,1,1,10,0,12,0,314
8153.0,1,1,10,0,12,0,314
8154.0,1,1,10,0,12,0,314
8155.0,1,1,10,0,12,0,314
8156.0,1,1,10,0,12,0,314
8157.0,1,1,10,0,12,0,314
8158.0,1,1,10,0,12,0,314
8159.0,1,1,10,0,12,0,314
8160.0,1,1,10,0,12,0,314
8161.0,1,1,10,0,12,0,314
8162.0,1,1,10,0,12,0,314
8163.0,1,1,10,0,12,0,314
8164.0,1,1,10,0,12,0,314
8165.0,1,1,10,0,12,0,314
8166.0,1,1,10,0,12,0,314
8167.0,1,1,10,0,12,0,314
8168.0,1,1,10,0,12,0,314
8169.0,1,1,10,0,12,0,314
8170.0,1,1,10,0,12,0,314
8171.0,1,1,10,0,12,0,314
8172.0,1,1,10,0,12,0,314
8173.0,1,1,10,0,12,0,314
8174.0,1,1,10,0,12,0,314
8175.0,1,1,10,0,12,0,314
8176.0,1,1,10,0,12,0,314
8177.0,1,1,10,0,12,0,314
8178.0,1,1,10,0,12,0,314
8179.0,1,1,10,0,12,0,314
8180.0,1,1,10,0,12,0,314
8181.0,1,1,10,0,12,0,314
8182.0,1,1,10,0,12,0,314
8183.0,1,1,10,0,12,0,314
8184.0,1,1,10,0,12,0,314
8185.0,1,1,10,0,12,0,314
8186.0,1,1,10,0,12,0,314
8187.0,1,1,10,0,12,0,314
8188.0,1,1,10,0,12,0,314
8189.0,1,1,10,0,12,0,314
8190.0,1,1,10,0,12,0,314
8191.0,1,1,10,0,12,0,314
8192.0,1,1,10,0,12,0,314
8193.0,1,1,10,0,12,0,314
8194.0,1,1,10,0,12,0,314
8195.0,1,1,10,0,12,0,314
8196.0,1,1,10,0,12,0,314
8197.0,1,1,10,0,12,0,314
8198.0,1,1,10,0,12,0,314
8199.0,1,1,10,0,12,0,314
8200.0,1,1,10,0,12,0,314
8201.0,1,1,10,0,12,0,314
8202.0,1,1,10,0,12,0,314
8203.0,1,1,10,0,12,0,314
8204.0,1,1,10,0,12,0,314
8205.0,1,1,10,0,12,0,314
8206.0,1,1,10,0,12,0,314
8207.0,1,1,10,0,12,0,314
8208.0,1,1,10,0,12,0,314
8209.0,1,1,10,0,12,0,314
8210.0,1,1,10,0,12,0,314
8211.0,1,1,10,0,12,0,314
8212.0,1,1,10,0,12,0,314
8213.0,1,1,10,0,12,0,314
8214.0,1,1,10,0,12,0,314
8215.0,1,1,10,0,12,0,314
8216.0,1,1,10,0,12,0,314
8217.0,1,1,10,0,12,0,314
8218.0,1,1,10,0,12,0,314
8219.0,1,1,10,0,12,0,314
8220.0,1,1,10,0,12,0,314
8221.0,1,1,10,0,12,0,314
8222.0,1,1,10,0,12,0,314
8223.0,1,1,10,0,12,0,314
8224.0,1,1,10,0,12,0,314
8225.0,1,1,10,0,12,0,314
8226.0,1,1,10,0,12,0,314
8227.0,1,1,10,0,12,0,314
8228.0,1,1,10,0,12,0,314
8229.0,1,1,10,0,12,0,314
8230.0,1,1,10,0,12,0,314
8231.0,1,1,10,0,12,0,314
8232.0,1,1,10,0,12,0,314
8233.0,1,1,10,0,12,0,314
8234.0,1,1,10,0,12,0,314
8235.0,1,1,10,0,12,0,314
8236.0,1,1,10,0,12,0,314
8237.0,1,1,10,0,12,0,314
8238.0,1,1,10,0,12,0,314
8239.0,1,1,10,0,12,0,314
8240.0,1,1,10,0,12,0,314
8241.0,1,1,10,0,12,0,314
8242.0,1,1,10,0,12,0,314
8243.0,1,1,10,0,12,0,314
8244.0,1,1,10,0,12,0,314
8245.0,1,1,10,0,12,0,314
8246.0,1,1,10,0,12,0,314
8247.0,1,1,10,0,12,0,314
8248.0,1,1,10,0,12,0,314
8249.0,1,1,10,0,12,0,314
8250.0,1,1,10,0,12,0,314
8251.0,1,1,10,0,12,0,314
8252.0,1,1,10,0,12,0,314
8253.0,1,1,10,0,12,0,314
8254.0,1,1,10,0,12,0,314
8255.0,1,1,10,0,12,0,314
8256.0,1,1,10,0,12,0,314
8257.0,1,1,10,0,12,0,314
8258.0,1,1,10,0,12,0,314
8259.0,1,1,10,0,12,0,314
8260.0,1,1,10,0,12,0,314
8261.0,1,1,10,0,12,0,314
8262.0,1,1,10,0,12,0,314
8263.0,1,1,10,0,12,0,314
8264.0,1,1,10,0,12,0,314
8265.0,1,1,10,0,12,0,314
8266.0,1,1,10,0,12,0,314
8267.0,1,1,10,0,12,0,314
8268.0,1,1,10,0,12,0,314
8269.0,1,1,10,0,12,0,314
8270.0,1,1,10,0,12,0,314
8271.0,1,1,10,0,12,0,314
8272.0,1,1,10,0,12,0,314
8273.0,1,1,10,0,12,0,314
8274.0,1,1,10,0,12,0,314
8275.0,1,1,10,0,12,0,314
8276.0,1,1,10,0,12,0,314
8277.0,1,1,10,0,12,0,314
8278.0,1,1,10,0,12,0,314
8279.0,1,1,10,0,12,0,314
8280.0,1,1,10,0,12,0,314
8281.0,1,1,10,0,12,0,314
8282.0,1,1,10,0,12,0,314
8283.0,1,1,10,0,12,0,314
8284.0,1,1,10,0,12,0,314
8285.0,1,1,10,0,12,0,314
8286.0,1,1,10,0,12,0,314
8287.0,1,1,10,0,12,0,314
8288.0,1,1,10,0,12,0,314
8289.0,1,1,10,0,12,0,314
8290.0,1,1,10,0,12,0,314
8291.0,1,1,10,0,12,0,314
8292.0,1,1,10,0,12,0,314
8293.0,1,1,10,0,12,0,314
8294.0,1,1,10,0,12,0,314
8295.0,1,1,10,0,12,0,314
8296.0,1,1,10,0,12,0,314
8297.0,1,1,10,0,12,0,314
8298.0,1,1,10,0,12,0,314
8299.0,1,1,10,0,12,0,314
8300.0,1,1,10,0,12,0,314
8301.0,1,1,10,0,12,0,314
8302.0,1,1,10,0,12,0,314
8303.0,1,1,10,0,12,0,314
8304.0,1,1,10,0,12,0,314
8305.0,1,1,10,0,12,0,314
8306.0,1,1,10,0,12,0,314
8307.0,1,1,10,0,12,0,314
8308.0,1,1,10,0,12,0,314
8309.0,1,1,10,0,12,0,314
8310.0,1,1,10,0,12,0,314
8311.0,1,1,10,0,12,0,314
8312.0,1,1,10,0,12,0,314
8313.0,1,1,10,0,12,0,314
8314.0,1,1,10,0,12,0,314
8315.0,1,1,10,0,12,0,314
8316.0,1,1,10,0,12,0,314
8317.0,1,1,10,0,12,0,314
8318.0,1,1,10,0,12,0,314
8319.0,1,1,10,0,12,0,314
8320.0,1,1,10,0,12,0,314
8321.0,1,1,10,0,12,0,314
8322.0,1,1,10,0,12,0,314
8323.0,1,1,10,0,12,0,314
8324.0,1,1,10,0,12,0,314
8325.0,1,1,10,0,12,0,314
8326.0,1,1,10,0,12,0,314
8327.0,1,1,10,0,12,0,314
8328.0,1,1,10,0,12,0,314
8329.0,1,1,10,0,12,0,314
8330.0,1,1,10,0,12,0,314
8331.0,1,1,10,0,12,0,314
8332.0,1,1,10,0,12,0,314
8333.0,1,1,10,0,12,0,314
8334.0,1,1,10,0,12,0,314
8335.0,1,1,10,0,12,0,314
8336.0,1,1,10,0,12,0,314
8337.0,1,1,10,0,12,0,314
8338.0,1,1,10,0,12,0,314
8339.0,1,1,10,0,12,0,314
8340.0,1,1,10,0,12,0,314
8341.0,1,1,10,0,12,0,314
8342.0,1,1,10,0,12,0,314
8343.0,1,1,10,0,12,0,314
8344.0,1,1,10,0,12,0,314
8345.0,1,1,10,0,12,0,314
8346.0,1,1,10,0,12,0,314
8347.0,1,1,10,0,12,0,314
8348.0,1,1,10,0,12,0,314
8349.0,1,1,10,0,12,0,314
8350.0,1,1,10,0,12,0,314
8351.0,1,1,10,0,12,0,314
8352.0,1,1,10,0,12,0,314
8353.0,1,1,10,0,12,0,314
8354.0,1,1,10,0,12,0,314
8355.0,1,1,10,0,12,0,314
8356.0,1,1,10,0,12,0,314
8357.0,1,1,10,0,12,0,314
8358.0,1,1,10,0,12,0,314
8359.0,1,1,10,0,12,0,314
8360.0,1,1,10,0,12,0,314
8361.0,1,1,10,0,12,0,314
8362.0,1,1,10,0,12,0,314
8363.0,1,1,10,0,12,0,314
8364.0,1,1,10,0,12,0,314
8365.0,1,1,10,0,12,0,314
8366.0,1,1,10,0,12,0,314
8367.0,1,1,10,0,12,0,314
8368.0,1,1,10,0,12,0,314
8369.0,1,1,10,0,12,0,314
8370.0,1,1,10,0,12,0,314
8371.0,1,1,10,0,12,0,314
8372.0,1,1,10,0,12,0,314
8373.0,1,1,10,0,12,0,314
8374.0,1,1,10,0,12,0,314
8375.0,1,1,10,0,12,0,314
8376.0,1,1,10,0,12,0,314
8377.0,1,1,10,0,12,0,314
8378.0,1,1,10,0,12,0,314
8379.0,1,1,10,0,12,0,314
8380.0,1,1,10,0,12,0,314
8381.0,1,1,10,0,12,0,314
8382.0,1,1,10,0,12,0,314
8383.0,1,1,10,0,12,0,314
8384.0,1,1,10,0,12,0,314
8385.0,1,1,10,0,12,0,314
8386.0,1,1,10,0,12,0,314
8387.0,1,1,10,0,12,0,314
8388.0,1,1,10,0,12,0,314
8389.0,1,1,10,0,12,0,314
8390.0,1,1,10,0,12,0,314
8391.0,1,1,10,0,12,0,314
8392.0,1,1,10,0,12,0,314
8393.0,1,1,10,0,12,0,314
8394.0,1,1,10,0,12,0,314
8395.0,1,1,10,0,12,0,314
8396.0,1,1,10,0,12,0,314
8397.0,1,1,10,0,12,0,314
8398.0,1,1,10,0,12,0,314
8399.0,1,1,10,0,12,0,314
8400.0,1,1,10,0,12,0,314
8401.0,1,1,10,0,12,0,314
8402.0,1,1,10,0,12,0,314
8403.0,1,1,10,0,12,0,314
8404.0,1,1,10,0,12,0,314
8405.0,1,1,10,0,12,0,314
8406.0,1,1,10,0,12,0,314
8407.0,1,1,10,0,12,0,314
8408.0,1,1,10,0,12,0,314
8409.0,1,1,10,0,12,0,314
8410.0,1,1,10,0,12,0,314
8411.0,1,1,10,0,12,0,314
8412.0,1,1,10,0,12,0,314
8413.0,1,1,10,0,12,0,314
8414.0,1,1,10,0,12,0,314
8415.0,1,1,10,0,12,0,314
8416.0,1,1,10,0,12,0,314
8417.0,1,1,10,0,12,0,314
8418.0,1,1,10,0,12,0,314
8419.0,1,1,10,0,12,0,314
8420.0,1,1,10,0,12,0,314
8421.0,1,1,10,0,12,0,314
8422.0,1,1,10,0,12,0,314
8423.0,1,1,10,0,12,0,314
8424.0,1,1,10,0,12,0,314
8425.0,1,1,10,0,12,0,314
8426.0,1,1,10,0,12,0,314
8427.0,1,1,10,0,12,0,314
8428.0,1,1,10,0,12,0,314
8429.0,1,1,10,0,12,0,314
8430.0,1,1,10,0,12,0,314
8431.0,1,1,10,0,12,0,314
8432.0,1,1,10,0,12,0,314
8433.0,1,1,10,0,12,0,314
8434.0,1,1,10,0,12,0,314
8435.0,1,1,10,0,12,0,314
8436.0,1,1,10,0,12,0,314
8437.0,1,1,10,0,12,0,314
8438.0,1,1,10,0,12,0,314
8439.0,1,1,10,0,12,0,314
8440.0,1,1,10,0,12,0,314
8441.0,1,1,10,0,12,0,314
8442.0,1,1,10,0,12,0,314
8443.0,1,1,10,0,12,0,314
8444.0,1,1,10,0,12,0,314
8445.0,1,1,10,0,12,0,314
8446.0,1,1,10,0,12,0,314
8447.0,1,1,10,0,12,0,314
8448.0,1,1,10,0,12,0,314
8449.0,1,1,10,0,12,0,314
8450.0,1,1,10,0,12,0,314
8451.0,1,1,10,0,12,0,314
8452.0,1,1,10,0,12,0,314
8453.0,1,1,10,0,12,0,314
8454.0,1,1,10,0,12,0,314
8455.0,1,1,10,0,12,0,314
8456.0,1,1,10,0,12,0,314
8457.0,1,1,10,0,12,0,314
8458.0,1,1,10,0,12,0,314
8459.0,1,1,10,0,12,0,314
8460.0,1,1,10,0,12,0,314
8461.0,1,1,10,0,12,0,314
8462.0,1,1,10,0,12,0,314
8463.0,1,1,10,0,12,0,314
8464.0,1,1,10,0,12,0,314
8465.0,1,1,10,0,12,0,314
8466.0,1,1,10,0,12,0,314
8467.0,1,1,10,0,12,0,314
8468.0,1,1,10,0,12,0,314
8469.0,1,1,10,0,12,0,314
8470.0,1,1,10,0,12,0,314
8471.0,1,1,10,0,12,0,314
8472.0,1,1,10,0,12,0,314
8473.0,1,1,10,0,12,0,314
8474.0,1,1,10,0,12,0,314
8475.0,1,1,10,0,12,0,314
8476.0,1,1,10,0,12,0,314
8477.0,1,1,10,0,12,0,314
8478.0,1,1,10,0,12,0,314
8479.0,1,1,10,0,12,0,314
8480.0,1,1,10,0,12,0,314
8481.0,1,1,10,0,12,0,314
8482.0,1,1,10,0,12,0,314
8483.0,1,1,10,0,12,0,314
8484.0,1,1,10,0,12,0,314
8485.0,1,1,10,0,12,0,314
8486.0,1,1,10,0,12,0,314
8487.0,1,1,10,0,12,0,314
8488.0,1,1,10,0,12,0,314
8489.0,1,1,10,0,12,0,314
8490.0,1,1,10,0,12,0,314
8491.0,1,1,10,0,12,0,314
8492.0,1,1,10,0,12,0,314
8493.0,1,1,10,0,12,0,314
8494.0,1,1,10,0,12,0,314
8495.0,1,1,10,0,12,0,314
8496.0,1,1,10,0,12,0,314
8497.0,1,1,10,0,12,0,314
8498.0,1,1,10,0,12,0,314
8499.0,1,1,10,0,12,0,314
8500.0,1,1,10,0,12,0,314
8501.0,1,1,10,0,12,0,314
8502.0,1,1,10,0,12,0,314
8503.0,1,1,10,0,12,0,314
8504.0,1,1,10,0,12,0,314
8505.0,1,1,10,0,12,0,314
8506.0,1,1,10,0,12,0,314
8507.0,1,1,10,0,12,0,314
8508.0,1,1,10,0,12,0,314
8509.0,1,1,10,0,12,0,314
8510.0,1,1,10,0,12,0,314
8511.0,1,1,10,0,12,0,314
8512.0,1,1,10,0,12,0,314
8513.0,1,1,10,0,12,0,314
8514.0,1,1,10,0,12,0,314
8515.0,1,1,10,0,12,0,314
8516.0,1,1,10,0,12,0,314
8517.0,1,1,10,0,12,0,314
8518.0,1,1,10,0,12,0,314
8519.0,1,1,10,0,12,0,314
8520.0,1,1,10,0,12,0,314
8521.0,1,1,10,0,12,0,314
8522.0,1,1,10,0,12,0,314
8523.0,1,1,10,0,12,0,314
8524.0,1,1,10,0,12,0,314
8525.0,1,1,10,0,12,0,314
8526.0,1,1,10,0,12,0,314
8527.0,1,1,10,0,12,0,314
8528.0,1,1,10,0,12,0,314
8529.0,1,1,10,0,12,0,314
8530.0,1,1,10,0,12,0,314
8531.0,1,1,10,0,12,0,314
8532.0,1,1,10,0,12,0,314
8533.0,1,1,10,0,12,0,314
8534.0,1,1,10,0,12,0,314
8535.0,1,1,10,0,12,0,314
8536.0,1,1,10,0,12,0,314
8537.0,1,1,10,0,12,0,314
8538.0,1,1,10,0,12,0,314
8539.0,1,1,10,0,12,0,314
8540.0,1,1,10,0,12,0,314
8541.0,1,1,10,0,12,0,314
8542.0,1,1,10,0,12,0,314
8543.0,1,1,10,0,12,0,314
8544.0,1,1,10,0,12,0,314
8545.0,1,1,10,0,12,0,314
8546.0,1,1,10,0,12,0,314
8547.0,1,1,10,0,12,0,314
8548.0,1,1,10,0,12,0,314
8549.0,1,1,10,0,12,0,314
8550.0,1,1,10,0,12,0,314
8551.0,1,1,10,0,12,0,314
8552.0,1,1,10,0,12,0,314
8553.0,1,1,10,0,12,0,314
8554.0,1,1,10,0,12,0,314
8555.0,1,1,10,0,12,0,314
8556.0,1,1,10,0,12,0,314
8557.0,1,1,10,0,12,0,314
8558.0,1,1,10,0,12,0,314
8559.0,1,1,10,0,12,0,314
8560.0,1,1,10,0,12,0,314
8561.0,1,1,10,0,12,0,314
8562.0,1,1,10,0,12,0,314
8563.0,1,1,10,0,12,0,314
8564.0,1,1,10,0,12,0,314
8565.0,1,1,10,0,12,0,314
8566.0,1,1,10,0,12,0,314
8567.0,1,1,10,0,12,0,314
8568.0,1,1,10,0,12,0,314
8569.0,1,1,10,0,12,0,314
8570.0,1,1,10,0,12,0,314
8571.0,1,1,10,0,12,0,314
8572.0,1,1,10,0,12,0,314
8573.0,1,1,10,0,12,0,314
8574.0,1,1,10,0,12,0,314
8575.0,1,1,10,0,12,0,314
8576.0,1,1,10,0,12,0,314
8577.0,1,1,10,0,12,0,314
8578.0,1,1,10,0,12,0,314
8579.0,1,1,10,0,12,0,314
8580.0,1,1,10,0,12,0,314
8581.0,1,1,10,0,12,0,314
8582.0,1,1,10,0,12,0,314
8583.0,1,1,10,0,12,0,314
8584.0,1,1,10,0,12,0,314
8585.0,1,1,10,0,12,0,314
8586.0,1,1,10,0,12,0,314
8587.0,1,1,10,0,12,0,314
8588.0,1,1,10,0,12,0,314
8589.0,1,1,10,0,12,0,314
8590.0,1,1,10,0,12,0,314
8591.0,1,1,10,0,12,0,314
8592.0,1,1,10,0,12,0,314
8593.0,1,1,10,0,12,0,314
8594.0,1,1,10,0,12,0,314
8595.0,1,1,10,0,12,0,314
8596.0,1,1,10,0,12,0,314
8597.0,1,1,10,0,12,0,314
8598.0,1,1,10,0,12,0,314
8599.0,1,1,10,0,12,0,314
8600.0,1,1,10,0,12,0,314
8601.0,1,1,10,0,12,0,314
8602.0,1,1,10,0,12,0,314
8603.0,1,1,10,0,12,0,314
8604.0,1,1,10,0,12,0,314
8605.0,1,1,10,0,12,0,314
8606.0,1,1,10,0,12,0,314
8607.0,1,1,10,0,12,0,314
8608.0,1,1,10,0,12,0,314
8609.0,1,1,10,0,12,0,314
8610.0,1,1,10,0,12,0,314
8611.0,1,1,10,0,12,0,314
8612.0,1,1,10,0,12,0,314
8613.0,1,1,10,0,12,0,314
8614.0,1,1,10,0,12,0,314
8615.0,1,1,10,0,12,0,314
8616.0,1,1,10,0,12,0,314
8617.0,1,1,10,0,12,0,314
8618.0,1,1,10,0,12,0,314
8619.0,1,1,10,0,12,0,314
8620.0,1,1,10,0,12,0,314
8621.0,1,1,10,0,12,0,314
8622.0,1,1,10,0,12,0,314
8623.0,1,1,10,0,12,0,314
8624.0,1,1,10,0,12,0,314
8625.0,1,1,10,0,12,0,314
8626.0,1,1,10,0,12,0,314
8627.0,1,1,10,0,12,0,314
8628.0,1,1,10,0,12,0,314
8629.0,1,1,10,0,12,0,314
8630.0,1,1,10,0,12,0,314
8631.0,1,1,10,0,12,0,314
8632.0,1,1,10,0,12,0,314
8633.0,1,1,10,0,12,0,314
8634.0,1,1,10,0,12,0,314
8635.0,1,1,10,0,12,0,314
8636.0,1,1,10,0,12,0,314
8637.0,1,1,10,0,12,0,314
8638.0,1,1,10,0,12,0,314
8639.0,1,1,10,0,12,0,314
8640.0,1,1,10,0,12,0,314
8641.0,1,1,10,0,12,0,314
8642.0,1,1,10,0,12,0,314
8643.0,1,1,10,0,12,0,314
8644.0,1,1,10,0,12,0,314
8645.0,1,1,10,0,12,0,314
8646.0,1,1,10,0,12,0,314
8647.0,1,1,10,0,12,0,314
8648.0,1,1,10,0,12,0,314
8649.0,1,1,10,0,12,0,314
8650.0,1,1,10,0,12,0,314
8651.0,1,1,10,0,12,0,314
8652.0,1,1,10,0,12,0,314
8653.0,1,1,10,0,12,0,314
8654.0,1,1,10,0,12,0,314
8655.0,1,1,10,0,12,0,314
8656.0,1,1,10,0,12,0,314
8657.0,1,1,10,0,12,0,314
8658.0,1,1,10,0,12,0,314
8659.0,1,1,10,0,12,0,314
8660.0,1,1,10,0,12,0,314
8661.0,1,1,10,0,12,0,314
8662.0,1,1,10,0,12,0,314
8663.0,1,1,10,0,12,0,314
8664.0,1,1,10,0,12,0,314
8665.0,1,1,10,0,12,0,314
8666.0,1,1,10,0,12,0,314
8667.0,1,1,10,0,12,0,314
8668.0,1,1,10,0,12,0,314
8669.0,1,1,10,0,12,0,314
8670.0,1,1,10,0,12,0,314
8671.0,1,1,10,0,12,0,314
8672.0,1,1,10,0,12,0,314
8673.0,1,1,10,0,12,0,314
8674.0,1,1,10,0,12,0,314
8675.0,1,1,10,0,12,0,314
8676.0,1,1,10,0,12,0,314
8677.0,1,1,10,0,12,0,314
8678.0,1,1,10,0,12,0,314
8679.0,1,1,10,0,12,0,314
8680.0,1,1,10,0,12,0,314
8681.0,1,1,10,0,12,0,314
8682.0,1,1,10,0,12,0,314
8683.0,1,1,10,0,12,0,314
8684.0,1,1,10,0,12,0,314
8685.0,1,1,10,0,12,0,314
8686.0,1,1,10,0,12,0,314
8687.0,1,1,10,0,12,0,314
8688.0,1,1,10,0,12,0,314
8689.0,1,1,10,0,12,0,314
8690.0,1,1,10,0,12,0,314
8691.0,1,1,10,0,12,0,314
8692.0,1,1,10,0,12,0,314
8693.0,1,1,10,0,12,0,314
8694.0,1,1,10,0,12,0,314
8695.0,1,1,10,0,12,0,314
8696.0,1,1,10,0,12,0,314
8697.0,1,1,10,0,12,0,314
8698.0,1,1,10,0,12,0,314
8699.0,1,1,10,0,12,0,314
8700.0,1,1,10,0,12,0,314
8701.0,1,1,10,0,12,0,314
8702.0,1,1,10,0,12,0,314
8703.0,1,1,10,0,12,0,314
8704.0,1,1,10,0,12,0,314
8705.0,1,1,10,0,12,0,314
8706.0,1,1,10,0,12,0,314
8707.0,1,1,10,0,12,0,314
8708.0,1,1,10,0,12,0,314
8709.0,1,1,10,0,12,0,314
8710.0,1,1,10,0,12,0,314
8711.0,1,1,10,0,12,0,314
8712.0,1,1,10,0,12,0,314
8713.0,1,1,10,0,12,0,314
8714.0,1,1,10,0,12,0,314
8715.0,1,1,10,0,12,0,314
8716.0,1,1,10,0,12,0,314
8717.0,1,1,10,0,12,0,314
8718.0,1,1,10,0,12,0,314
8719.0,1,1,10,0,12,0,314
8720.0,1,1,10,0,12,0,314
8721.0,1,1,10,0,12,0,314
8722.0,1,1,10,0,12,0,314
8723.0,1,1,10,0,12,0,314
8724.0,1,1,10,0,12,0,314
8725.0,1,1,10,0,12,0,314
8726.0,1,1,10,0,12,0,314
8727.0,1,1,10,0,12,0,314
8728.0,1,1,10,0,12,0,314
8729.0,1,1,10,0,12,0,314
8730.0,1,1,10,0,12,0,314
8731.0,1,1,10,0,12,0,314
8732.0,1,1,10,0,12,0,314
8733.0,1,1,10,0,12,0,314
8734.0,1,1,10,0,12,0,314
8735.0,1,1,10,0,12,0,314
8736.0,1,1,10,0,12,0,314
8737.0,1,1,10,0,12,0,314
8738.0,1,1,10,0,12,0,314
8739.0,1,1,10,0,12,0,314
8740.0,1,1,10,0,12,0,314
8741.0,1,1,10,0,12,0,314
8742.0,1,1,10,0,12,0,314
8743.0,1,1,10,0,12,0,314
8744.0,1,1,10,0,12,0,314
8745.0,1,1,10,0,12,0,314
8746.0,1,1,10,0,12,0,314
8747.0,1,1,10,0,12,0,314
8748.0,1,1,10,0,12,0,314
8749.0,1,1,10,0,12,0,314
8750.0,1,1,10,0,12,0,314
8751.0,1,1,10,0,12,0,314
8752.0,1,1,10,0,12,0,314
8753.0,1,1,10,0,12,0,314
8754.0,1,1,10,0,12,0,314
8755.0,1,1,10,0,12,0,314
8756.0,1,1,10,0,12,0,314
8757.0,1,1,10,0,12,0,314
8758.0,1,1,10,0,12,0,314
8759.0,1,1,10,0,12,0,314
8760.0,1,1,10,0,12,0,314
8761.0,1,1,10,0,12,0,314
8762.0,1,1,10,0,12,0,314
8763.0,1,1,10,0,12,0,314
8764.0,1,1,10,0,12,0,314
8765.0,1,1,10,0,12,0,314
8766.0,1,1,10,0,12,0,314
8767.0,1,1,10,0,12,0,314
8768.0,1,1,10,0,12,0,314
8769.0,1,1,10,0,12,0,314
8770.0,1,1,10,0,12,0,314
8771.0,1,1,10,0,12,0,314
8772.0,1,1,10,0,12,0,314
8773.0,1,1,10,0,12,0,314
8774.0,1,1,10,0,12,0,314
8775.0,1,1,10,0,12,0,314
8776.0,1,1,10,0,12,0,314
8777.0,1,1,10,0,12,0,314
8778.0,1,1,10,0,12,0,314
8779.0,1,1,10,0,12,0,314
8780.0,1,1,10,0,12,0,314
8781.0,1,1,10,0,12,0,314
8782.0,1,1,10,0,12,0,314
8783.0,1,1,10,0,12,0,314
8784.0,1,1,10,0,12,0,314
8785.0,1,1,10,0,12,0,314
8786.0,1,1,10,0,12,0,314
8787.0,1,1,10,0,12,0,314
8788.0,1,1,10,0,12,0,314
8789.0,1,1,10,0,12,0,314
8790.0,1,1,10,0,12,0,314
8791.0,1,1,10,0,12,0,314
8792.0,1,1,10,0,12,0,314
8793.0,1,1,10,0,12,0,314
8794.0,1,1,10,0,12,0,314
8795.0,1,1,10,0,12,0,314
8796.0,1,1,10,0,12,0,314
8797.0,1,1,10,0,12,0,314
8798.0,1,1,10,0,12,0,314
8799.0,1,1,10,0,12,0,314
8800.0,1,1,10,0,12,0,314
8801.0,1,1,10,0,12,0,314
8802.0,1,1,10,0,12,0,314
8803.0,1,1,10,0,12,0,314
8804.0,1,1,10,0,12,0,314
8805.0,1,1,10,0,12,0,314
8806.0,1,1,10,0,12,0,314
8807.0,1,1,10,0,12,0,314
8808.0,1,1,10,0,12,0,314
8809.0,1,1,10,0,12,0,314
8810.0,1,1,10,0,12,0,314
8811.0,1,1,10,0,12,0,314
8812.0,1,1,10,0,12,0,314
8813.0,1,1,10,0,12,0,314
8814.0,1,1,10,0,12,0,314
8815.0,1,1,10,0,12,0,314
8816.0,1,1,10,0,12,0,314
8817.0,1,1,10,0,12,0,314
8818.0,1,1,10,0,12,0,314
8819.0,1,1,10,0,12,0,314
8820.0,1,1,10,0,12,0,314
8821.0,1,1,10,0,12,0,314
8822.0,1,1,10,0,12,0,314
8823.0,1,1,10,0,12,0,314
8824.0,1,1,10,0,12,0,314
8825.0,1,1,10,0,12,0,314
8826.0,1,1,10,0,12,0,314
8827.0,1,1,10,0,12,0,314
8828.0,1,1,10,0,12,0,314
8829.0,1,1,10,0,12,0,314
8830.0,1,1,10,0,12,0,314
8831.0,1,1,10,0,12,0,314
8832.0,1,1,10,0,12,0,314
8833.0,1,1,10,0,12,0,314
8834.0,1,1,10,0,12,0,314
8835.0,1,1,10,0,12,0,314
8836.0,1,1,10,0,12,0,314
8837.0,1,1,10,0,12,0,314
8838.0,1,1,10,0,12,0,314
8839.0,1,1,10,0,12,0,314
8840.0,1,1,10,0,12,0,314
8841.0,1,1,10,0,12,0,314
8842.0,1,1,10,0,12,0,314
8843.0,1,1,10,0,12,0,314
8844.0,1,1,10,0,12,0,314
8845.0,1,1,10,0,12,0,314
8846.0,1,1,10,0,12,0,314
8847.0,1,1,10,0,12,0,314
8848.0,1,1,10,0,12,0,314
8849.0,1,1,10,0,12,0,314
8850.0,1,1,10,0,12,0,314
8851.0,1,1,10,0,12,0,314
8852.0,1,1,10,0,12,0,314
8853.0,1,1,10,0,12,0,314
8854.0,1,1,10,0,12,0,314
8855.0,1,1,10,0,12,0,314
8856.0,1,1,10,0,12,0,314
8857.0,1,1,10,0,12,0,314
8858.0,1,1,10,0,12,0,314
8859.0,1,1,10,0,12,0,314
8860.0,1,1,10,0,12,0,314
8861.0,1,1,10,0,12,0,314
8862.0,1,1,10,0,12,0,314
8863.0,1,1,10,0,12,0,314
8864.0,1,1,10,0,12,0,314
8865.0,1,1,10,0,12,0,314
8866.0,1,1,10,0,12,0,314
8867.0,1,1,10,0,12,0,314
8868.0,1,1,10,0,12,0,314
8869.0,1,1,10,0,12,0,314
8870.0,1,1,10,0,12,0,314
8871.0,1,1,10,0,12,0,314
8872.0,1,1,10,0,12,0,314
8873.0,1,1,10,0,12,0,314
8874.0,1,1,10,0,12,0,314
8875.0,1,1,10,0,12,0,314
8876.0,1,1,10,0,12,0,314
8877.0,1,1,10,0,12,0,314
8878.0,1,1,10,0,12,0,314
8879.0,1,1,10,0,12,0,314
8880.0,1,1,10,0,12,0,314
8881.0,1,1,10,0,12,0,314
8882.0,1,1,10,0,12,0,314
8883.0,1,1,10,0,12,0,314
8884.0,1,1,10,0,12,0,314
8885.0,1,1,10,0,12,0,314
8886.0,1,1,10,0,12,0,314
8887.0,1,1,10,0,12,0,314
8888.0,1,1,10,0,12,0,314
8889.0,1,1,10,0,12,0,314
8890.0,1,1,10,0,12,0,314
8891.0,1,1,10,0,12,0,314
8892.0,1,1,10,0,12,0,314
8893.0,1,1,10,0,12,0,314
8894.0,1,1,10,0,12,0,314
8895.0,1,1,10,0,12,0,314
8896.0,1,1,10,0,12,0,314
8897.0,1,1,10,0,12,0,314
8898.0,1,1,10,0,12,0,314
8899.0,1,1,10,0,12,0,314
8900.0,1,1,10,0,12,0,314
8901.0,1,1,10,0,12,0,314
8902.0,1,1,10,0,12,0,314
8903.0,1,1,10,0,12,0,314
8904.0,1,1,10,0,12,0,314
8905.0,1,1,10,0,12,0,314
8906.0,1,1,10,0,12,0,314
8907.0,1,1,10,0,12,0,314
8908.0,1,1,10,0,12,0,314
8909.0,1,1,10,0,12,0,314
8910.0,1,1,10,0,12,0,314
8911.0,1,1,10,0,12,0,314
8912.0,1,1,10,0,12,0,314
8913.0,1,1,10,0,12,0,314
8914.0,1,1,10,0,12,0,314
8915.0,1,1,10,0,12,0,314
8916.0,1,1,10,0,12,0,314
8917.0,1,1,10,0,12,0,314
8918.0,1,1,10,0,12,0,314
8919.0,1,1,10,0,12,0,314
8920.0,1,1,10,0,12,0,314
8921.0,1,1,10,0,12,0,314
8922.0,1,1,10,0,12,0,314
8923.0,1,1,10,0,12,0,314
8924.0,1,1,10,0,12,0,314
8925.0,1,1,10,0,12,0,314
8926.0,1,1,10,0,12,0,314
8927.0,1,1,10,0,12,0,314
8928.0,1,1,10,0,12,0,314
8929.0,1,1,10,0,12,0,314
8930.0,1,1,10,0,12,0,314
8931.0,1,1,10,0,12,0,314
8932.0,1,1,10,0,12,0,314
8933.0,1,1,10,0,12,0,314
8934.0,1,1,10,0,12,0,314
8935.0,1,1,10,0,12,0,314
8936.0,1,1,10,0,12,0,314
8937.0,1,1,10,0,12,0,314
8938.0,1,1,10,0,12,0,314
8939.0,1,1,10,0,12,0,314
8940.0,1,1,10,0,12,0,314
8941.0,1,1,10,0,12,0,314
8942.0,1,1,10,0,12,0,314
8943.0,1,1,10,0,12,0,314
8944.0,1,1,10,0,12,0,314
8945.0,1,1,10,0,12,0,314
8946.0,1,1,10,0,12,0,314
8947.0,1,1,10,0,12,0,314
8948.0,1,1,10,0,12,0,314
8949.0,1,1,10,0,12,0,314
8950.0,1,1,10,0,12,0,314
8951.0,1,1,10,0,12,0,314
8952.0,1,1,10,0,12,0,314
8953.0,1,1,10,0,12,0,314
8954.0,1,1,10,0,12,0,314
8955.0,1,1,10,0,12,0,314
8956.0,1,1,10,0,12,0,314
8957.0,1,1,10,0,12,0,314
8958.0,1,1,10,0,12,0,314
8959.0,1,1,10,0,12,0,314
8960.0,1,1,10,0,12,0,314
8961.0,1,1,10,0,12,0,314
8962.0,1,1,10,0,12,0,314
8963.0,1,1,10,0,12,0,314
8964.0,1,1,10,0,12,0,314
8965.0,1,1,10,0,12,0,314
8966.0,1,1,10,0,12,0,314
8967.0,1,1,10,0,12,0,314
8968.0,1,1,10,0,12,0,314
8969.0,1,1,10,0,12,0,314
8970.0,1,1,10,0,12,0,314
8971.0,1,1,10,0,12,0,314
8972.0,1,1,10,0,12,0,314
8973.0,1,1,10,0,12,0,314
8974.0,1,1,10,0,12,0,314
8975.0,1,1,10,0,12,0,314
8976.0,1,1,10,0,12,0,314
8977.0,1,1,10,0,12,0,314
8978.0,1,1,10,0,12,0,314
8979.0,1,1,10,0,12,0,314
8980.0,1,1,10,0,12,0,314
8981.0,1,1,10,0,12,0,314
8982.0,1,1,10,0,12,0,314
8983.0,1,1,10,0,12,0,314
8984.0,1,1,10,0,12,0,314
8985.0,1,1,10,0,12,0,314
8986.0,1,1,10,0,12,0,314
8987.0,1,1,10,0,12,0,314
8988.0,1,1,10,0,12,0,314
8989.0,1,1,10,0,12,0,314
8990.0,1,1,10,0,12,0,314
8991.0,1,1,10,0,12,0,314
8992.0,1,1,10,0,12,0,314
8993.0,1,1,10,0,12,0,314
8994.0,1,1,10,0,12,0,314
8995.0,1,1,10,0,12,0,314
8996.0,1,1,10,0,12,0,314
8997.0,1,1,10,0,12,0,314
8998.0,1,1,10,0,12,0,314
8999.0,1,1,10,0,12,0,314
9000.0,1,1,10,0,12,0,314
9001.0,1,1,10,0,12,0,314
9002.0,1,1,10,0,12,0,314
9003.0,1,1,10,0,12,0,314
9004.0,1,1,10,0,12,0,314
9005.0,1,1,10,0,12,0,314
9006.0,1,1,10,0,12,0,314
9007.0,1,1,10,0,12,0,314
9008.0,1,1,10,0,12,0,314
9009.0,1,1,10,0,12,0,314
9010.0,1,1,10,0,12,0,314
9011.0,1,1,10,0,12,0,314
9012.0,1,1,10,0,12,0,314
9013.0,1,1,10,0,12,0,314
9014.0,1,1,10,0,12,0,314
9015.0,1,1,10,0,12,0,314
9016.0,1,1,10,0,12,0,314
9017.0,1,1,10,0,12,0,314
9018.0,1,1,10,0,12,0,314
9019.0,1,1,10,0,12,0,314
9020.0,1,1,10,0,12,0,314
9021.0,1,1,10,0,12,0,314
9022.0,1,1,10,0,12,0,314
9023.0,1,1,10,0,12,0,314
9024.0,1,1,10,0,12,0,314
9025.0,1,1,10,0,12,0,314
9026.0,1,1,10,0,12,0,314
9027.0,1,1,10,0,12,0,314
9028.0,1,1,10,0,12,0,314
9029.0,1,1,10,0,12,0,314
9030.0,1,1,10,0,12,0,314
9031.0,1,1,10,0,12,0,314
9032.0,1,1,10,0,12,0,314
9033.0,1,1,10,0,12,0,314
9034.0,1,1,10,0,12,0,314
9035.0,1,1,10,0,12,0,314
9036.0,1,1,10,0,12,0,314
9037.0,1,1,10,0,12,0,314
9038.0,1,1,10,0,12,0,314
9039.0,1,1,10,0,12,0,314
9040.0,1,1,10,0,12,0,314
9041.0,1,1,10,0,12,0,314
9042.0,1,1,10,0,12,0,314
9043.0,1,1,10,0,12,0,314
9044.0,1,1,10,0,12,0,314
9045.0,1,1,10,0,12,0,314
9046.0,1,1,10,0,12,0,314
9047.0,1,1,10,0,12,0,314
9048.0,1,1,10,0,12,0,314
9049.0,1,1,10,0,12,0,314
9050.0,1,1,10,0,12,0,314
9051.0,1,1,10,0,12,0,314
9052.0,1,1,10,0,12,0,314
9053.0,1,1,10,0,12,0,314
9054.0,1,1,10,0,12,0,314
9055.0,1,1,10,0,12,0,314
9056.0,1,1,10,0,12,0,314
9057.0,1,1,10,0,12,0,314
9058.0,1,1,10,0,12,0,314
9059.0,1,1,10,0,12,0,314
9060.0,1,1,10,0,12,0,314
9061.0,1,1,10,0,12,0,314
9062.0,1,1,10,0,12,0,314
9063.0,1,1,10,0,12,0,314
9064.0,1,1,10,0,12,0,314
9065.0,1,1,10,0,12,0,314
9066.0,1,1,10,0,12,0,314
9067.0,1,1,10,0,12,0,314
9068.0,1,1,10,0,12,0,314
9069.0,1,1,10,0,12,0,314
9070.0,1,1,10,0,12,0,314
9071.0,1,1,10,0,12,0,314
9072.0,1,1,10,0,12,0,314
9073.0,1,1,10,0,12,0,314
9074.0,1,1,10,0,12,0,314
9075.0,1,1,10,0,12,0,314
9076.0,1,1,10,0,12,0,314
9077.0,1,1,10,0,12,0,314
9078.0,1,1,10,0,12,0,314
9079.0,1,1,10,0,12,0,314
9080.0,1,1,10,0,12,0,314
9081.0,1,1,10,0,12,0,314
9082.0,1,1,10,0,12,0,314
9083.0,1,1,10,0,12,0,314
9084.0,1,1,10,0,12,0,314
9085.0,1,1,10,0,12,0,314
9086.0,1,1,10,0,12,0,314
9087.0,1,1,10,0,12,0,314
9088.0,1,1,10,0,12,0,314
9089.0,1,1,10,0,12,0,314
9090.0,1,1,10,0,12,0,314
9091.0,1,1,10,0,12,0,314
9092.0,1,1,10,0,12,0,314
9093.0,1,1,10,0,12,0,314
9094.0,1,1,10,0,12,0,314
9095.0,1,1,10,0,12,0,314
9096.0,1,1,10,0,12,0,314
9097.0,1,1,10,0,12,0,314
9098.0,1,1,10,0,12,0,314
9099.0,1,1,10,0,12,0,314
9100.0,1,1,10,0,12,0,314
9101.0,1,1,10,0,12,0,314
9102.0,1,1,10,0,12,0,314
9103.0,1,1,10,0,12,0,314
9104.0,1,1,10,0,12,0,314
9105.0,1,1,10,0,12,0,314
9106.0,1,1,10,0,12,0,314
9107.0,1,1,10,0,12,0,314
9108.0,1,1,10,0,12,0,314
9109.0,1,1,10,0,12,0,314
9110.0,1,1,10,0,12,0,314
9111.0,1,1,10,0,12,0,314
9112.0,1,1,10,0,12,0,314
9113.0,1,1,10,0,12,0,314
9114.0,1,1,10,0,12,0,314
9115.0,1,1,10,0,12,0,314
9116.0,1,1,10,0,12,0,314
9117.0,1,1,10,0,12,0,314
9118.0,1,1,10,0,12,0,314
9119.0,1,1,10,0,12,0,314
9120.0,1,1,10,0,12,0,314
9121.0,1,1,10,0,12,0,314
9122.0,1,1,10,0,12,0,314
9123.0,1,1,10,0,12,0,314
9124.0,1,1,10,0,12,0,314
9125.0,1,1,10,0,12,0,314
9126.0,1,1,10,0,12,0,314
9127.0,1,1,10,0,12,0,314
9128.0,1,1,10,0,12,0,314
9129.0,1,1,10,0,12,0,314
9130.0,1,1,10,0,12,0,314
9131.0,1,1,10,0,12,0,314
9132.0,1,1,10,0,12,0,314
9133.0,1,1,10,0,12,0,314
9134.0,1,1,10,0,12,0,314
9135.0,1,1,10,0,12,0,314
9136.0,1,1,10,0,12,0,314
9137.0,1,1,10,0,12,0,314
9138.0,1,1,10,0,12,0,314
9139.0,1,1,10,0,12,0,314
9140.0,1,1,10,0,12,0,314
9141.0,1,1,10,0,12,0,314
9142.0,1,1,10,0,12,0,314
9143.0,1,1,10,0,12,0,314
9144.0,1,1,10,0,12,0,314
9145.0,1,1,10,0,12,0,314
9146.0,1,1,10,0,12,0,314
9147.0,1,1,10,0,12,0,314
9148.0,1,1,10,0,12,0,314
9149.0,1,1,10,0,12,0,314
9150.0,1,1,10,0,12,0,314
9151.0,1,1,10,0,12,0,314
9152.0,1,1,10,0,12,0,314
9153.0,1,1,10,0,12,0,314
9154.0,1,1,10,0,12,0,314
9155.0,1,1,10,0,12,0,314
9156.0,1,1,10,0,12,0,314
9157.0,1,1,10,0,12,0,314
9158.0,1,1,10,0,12,0,314
9159.0,1,1,10,0,12,0,314
9160.0,1,1,10,0,12,0,314
9161.0,1,1,10,0,12,0,314
9162.0,1,1,10,0,12,0,314
9163.0,1,1,10,0,12,0,314
9164.0,1,1,10,0,12,0,314
9165.0,1,1,10,0,12,0,314
9166.0,1,1,10,0,12,0,314
9167.0,1,1,10,0,12,0,314
9168.0,1,1,10,0,12,0,314
9169.0,1,1,10,0,12,0,314
9170.0,1,1,10,0,12,0,314
9171.0,1,1,10,0,12,0,314
9172.0,1,1,10,0,12,0,314
9173.0,1,1,10,0,12,0,314
9174.0,1,1,10,0,12,0,314
9175.0,1,1,10,0,12,0,314
9176.0,1,1,10,0,12,0,314
9177.0,1,1,10,0,12,0,314
9178.0,1,1,10,0,12,0,314
9179.0,1,1,10,0,12,0,314
9180.0,1,1,10,0,12,0,314
9181.0,1,1,10,0,12,0,314
9182.0,1,1,10,0,12,0,314
9183.0,1,1,10,0,12,0,314
9184.0,1,1,10,0,12,0,314
9185.0,1,1,10,0,12,0,314
9186.0,1,1,10,0,12,0,314
9187.0,1,1,10,0,12,0,314
9188.0,1,1,10,0,12,0,314
9189.0,1,1,10,0,12,0,314
9190.0,1,1,10,0,12,0,314
9191.0,1,1,10,0,12,0,314
9192.0,1,1,10,0,12,0,314
9193.0,1,1,10,0,12,0,314
9194.0,1,1,10,0,12,0,314
9195.0,1,1,10,0,12,0,314
9196.0,1,1,10,0,12,0,314
9197.0,1,1,10,0,12,0,314
9198.0,1,1,10,0,12,0,314
9199.0,1,1,10,0,12,0,314
9200.0,1,1,10,0,12,0,314
9201.0,1,1,10,0,12,0,314
9202.0,1,1,10,0,12,0,314
9203.0,1,1,10,0,12,0,314
9204.0,1,1,10,0,12,0,314
9205.0,1,1,10,0,12,0,314
9206.0,1,1,10,0,12,0,314
9207.0,1,1,10,0,12,0,314
9208.0,1,1,10,0,12,0,314
9209.0,1,1,10,0,12,0,314
9210.0,1,1,10,0,12,0,314
9211.0,1,1,10,0,12,0,314
9212.0,1,1,10,0,12,0,314
9213.0,1,1,10,0,12,0,314
9214.0,1,1,10,0,12,0,314
9215.0,1,1,10,0,12,0,314
9216.0,1,1,10,0,12,0,314
9217.0,1,1,10,0,12,0,314
9218.0,1,1,10,0,12,0,314
9219.0,1,1,10,0,12,0,314
9220.0,1,1,10,0,12,0,314
9221.0,1,1,10,0,12,0,314
9222.0,1,1,10,0,12,0,314
9223.0,1,1,10,0,12,0,314
9224.0,1,1,10,0,12,0,314
9225.0,1,1,10,0,12,0,314
9226.0,1,1,10,0,12,0,314
9227.0,1,1,10,0,12,0,314
9228.0,1,1,10,0,12,0,314
9229.0,1,1,10,0,12,0,314
9230.0,1,1,10,0,12,0,314
9231.0,1,1,10,0,12,0,314
9232.0,1,1,10,0,12,0,314
9233.0,1,1,10,0,12,0,314
9234.0,1,1,10,0,12,0,314
9235.0,1,1,10,0,12,0,314
9236.0,1,1,10,0,12,0,314
9237.0,1,1,10,0,12,0,314
9238.0,1,1,10,0,12,0,314
9239.0,1,1,10,0,12,0,314
9240.0,1,1,10,0,12,0,314
9241.0,1,1,10,0,12,0,314
9242.0,1,1,10,0,12,0,314
9243.0,1,1,10,0,12,0,314
9244.0,1,1,10,0,12,0,314
9245.0,1,1,10,0,12,0,314
9246.0,1,1,10,0,12,0,314
9247.0,1,1,10,0,12,0,314
9248.0,1,1,10,0,12,0,314
9249.0,1,1,10,0,12,0,314
9250.0,1,1,10,0,12,0,314
9251.0,1,1,10,0,12,0,314
9252.0,1,1,10,0,12,0,314
9253.0,1,1,10,0,12,0,314
9254.0,1,1,10,0,12,0,314
9255.0,1,1,10,0,12,0,314
9256.0,1,1,10,0,12,0,314
9257.0,1,1,10,0,12,0,314
9258.0,1,1,10,0,12,0,314
9259.0,1,1,10,0,12,0,314
9260.0,1,1,10,0,12,0,314
9261.0,1,1,10,0,12,0,314
9262.0,1,1,10,0,12,0,314
9263.0,1,1,10,0,12,0,314
9264.0,1,1,10,0,12,0,314
9265.0,1,1,10,0,12,0,314
9266.0,1,1,10,0,12,0,314
9267.0,1,1,10,0,12,0,314
9268.0,1,1,10,0,12,0,314
9269.0,1,1,10,0,12,0,314
9270.0,1,1,10,0,12,0,314
9271.0,1,1,10,0,12,0,314
9272.0,1,1,10,0,12,0,314
9273.0,1,1,10,0,12,0,314
9274.0,1,1,10,0,12,0,314
9275.0,1,1,10,0,12,0,314
9276.0,1,1,10,0,12,0,314
9277.0,1,1,10,0,12,0,314
9278.0,1,1,10,0,12,0,314
9279.0,1,1,10,0,12,0,314
9280.0,1,1,10,0,12,0,314
9281.0,1,1,10,0,12,0,314
9282.0,1,1,10,0,12,0,314
9283.0,1,1,10,0,12,0,314
9284.0,1,1,10,0,12,0,314
9285.0,1,1,10,0,12,0,314
9286.0,1,1,10,0,12,0,314
9287.0,1,1,10,0,12,0,314
9288.0,1,1,10,0,12,0,314
9289.0,1,1,10,0,12,0,314
9290.0,1,1,10,0,12,0,314
9291.0,1,1,10,0,12,0,314
9292.0,1,1,10,0,12,0,314
9293.0,1,1,10,0,12,0,314
9294.0,1,1,10,0,12,0,314
9295.0,1,1,10,0,12,0,314
9296.0,1,1,10,0,12,0,314
9297.0,1,1,10,0,12,0,314
9298.0,1,1,10,0,12,0,314
9299.0,1,1,10,0,12,0,314
9300.0,1,1,10,0,12,0,314
9301.0,1,1,10,0,12,0,314
9302.0,1,1,10,0,12,0,314
9303.0,1,1,10,0,12,0,314
9304.0,1,1,10,0,12,0,314
9305.0,1,1,10,0,12,0,314
9306.0,1,1,10,0,12,0,314
9307.0,1,1,10,0,12,0,314
9308.0,1,1,10,0,12,0,314
9309.0,1,1,10,0,12,0,314
9310.0,1,1,10,0,12,0,314
9311.0,1,1,10,0,12,0,314
9312.0,1,1,10,0,12,0,314
9313.0,1,1,10,0,12,0,314
9314.0,1,1,10,0,12,0,314
9315.0,1,1,10,0,12,0,314
9316.0,1,1,10,0,12,0,314
9317.0,1,1,10,0,12,0,314
9318.0,1,1,10,0,12,0,314
9319.0,1,1,10,0,12,0,314
9320.0,1,1,10,0,12,0,314
9321.0,1,1,10,0,12,0,314
9322.0,1,1,10,0,12,0,314
9323.0,1,1,10,0,12,0,314
9324.0,1,1,10,0,12,0,314
9325.0,1,1,10,0,12,0,314
9326.0,1,1,10,0,12,0,314
9327.0,1,1,10,0,12,0,314
9328.0,1,1,10,0,12,0,314
9329.0,1,1,10,0,12,0,314
9330.0,1,1,10,0,12,0,314
9331.0,1,1,10,0,12,0,314
9332.0,1,1,10,0,12,0,314
9333.0,1,1,10,0,12,0,314
9334.0,1,1,10,0,12,0,314
9335.0,1,1,10,0,12,0,314
9336.0,1,1,10,0,12,0,314
9337.0,1,1,10,0,12,0,314
9338.0,1,1,10,0,12,0,314
9339.0,1,1,10,0,12,0,314
9340.0,1,1,10,0,12,0,314
9341.0,1,1,10,0,12,0,314
9342.0,1,1,10,0,12,0,314
9343.0,1,1,10,0,12,0,314
9344.0,1,1,10,0,12,0,314
9345.0,1,1,10,0,12,0,314
9346.0,1,1,10,0,12,0,314
9347.0,1,1,10,0,12,0,314
9348.0,1,1,10,0,12,0,314
9349.0,1,1,10,0,12,0,314
9350.0,1,1,10,0,12,0,314
9351.0,1,1,10,0,12,0,314
9352.0,1,1,10,0,12,0,314
9353.0,1,1,10,0,12,0,314
9354.0,1,1,10,0,12,0,314
9355.0,1,1,10,0,12,0,314
9356.0,1,1,10,0,12,0,314
9357.0,1,1,10,0,12,0,314
9358.0,1,1,10,0,12,0,314
9359.0,1,1,10,0,12,0,314
9360.0,1,1,10,0,12,0,314
9361.0,1,1,10,0,12,0,314
9362.0,1,1,10,0,12,0,314
9363.0,1,1,10,0,12,0,314
9364.0,1,1,10,0,12,0,314
9365.0,1,1,10,0,12,0,314
9366.0,1,1,10,0,12,0,314
9367.0,1,1,10,0,12,0,314
9368.0,1,1,10,0,12,0,314
9369.0,1,1,10,0,12,0,314
9370.0,1,1,10,0,12,0,314
9371.0,1,1,10,0,12,0,314
9372.0,1,1,10,0,12,0,314
9373.0,1,1,10,0,12,0,314
9374.0,1,1,10,0,12,0,314
9375.0,1,1,10,0,12,0,314
9376.0,1,1,10,0,12,0,314
9377.0,1,1,10,0,12,0,314
9378.0,1,1,10,0,12,0,314
9379.0,1,1,10,0,12,0,314
9380.0,1,1,10,0,12,0,314
9381.0,1,1,10,0,12,0,314
9382.0,1,1,10,0,12,0,314
9383.0,1,1,10,0,12,0,314
9384.0,1,1,10,0,12,0,314
9385.0,1,1,10,0,12,0,314
9386.0,1,1,10,0,12,0,314
9387.0,1,1,10,0,12,0,314
9388.0,1,1,10,0,12,0,314
9389.0,1,1,10,0,12,0,314
9390.0,1,1,10,0,12,0,314
9391.0,1,1,10,0,12,0,314
9392.0,1,1,10,0,12,0,314
9393.0,1,1,10,0,12,0,314
9394.0,1,1,10,0,12,0,314
9395.0,1,1,10,0,12,0,314
9396.0,1,1,10,0,12,0,314
9397.0,1,1,10,0,12,0,314
9398.0,1,1,10,0,12,0,314
9399.0,1,1,10,0,12,0,314
9400.0,1,1,10,0,12,0,314
9401.0,1,1,10,0,12,0,314
9402.0,1,1,10,0,12,0,314
9403.0,1,1,10,0,12,0,314
9404.0,1,1,10,0,12,0,314
9405.0,1,1,10,0,12,0,314
9406.0,1,1,10,0,12,0,314
9407.0,1,1,10,0,12,0,314
9408.0,1,1,10,0,12,0,314
9409.0,1,1,10,0,12,0,314
9410.0,1,1,10,0,12,0,314
9411.0,1,1,10,0,12,0,314
9412.0,1,1,10,0,12,0,314
9413.0,1,1,10,0,12,0,314
9414.0,1,1,10,0,12,0,314
9415.0,1,1,10,0,12,0,314
9416.0,1,1,10,0,12,0,314
9417.0,1,1,10,0,12,0,314
9418.0,1,1,10,0,12,0,314
9419.0,1,1,10,0,12,0,314
9420.0,1,1,10,0,12,0,314
9421.0,1,1,10,0,12,0,314
9422.0,1,1,10,0,12,0,314
9423.0,1,1,10,0,12,0,314
9424.0,1,1,10,0,12,0,314
9425.0,1,1,10,0,12,0,314
9426.0,1,1,10,0,12,0,314
9427.0,1,1,10,0,12,0,314
9428.0,1,1,10,0,12,0,314
9429.0,1,1,10,0,12,0,314
9430.0,1,1,10,0,12,0,314
9431.0,1,1,10,0,12,0,314
9432.0,1,1,10,0,12,0,314
9433.0,1,1,10,0,12,0,314
9434.0,1,1,10,0,12,0,314
9435.0,1,1,10,0,12,0,314
9436.0,1,1,10,0,12,0,314
9437.0,1,1,10,0,12,0,314
9438.0,1,1,10,0,12,0,314
9439.0,1,1,10,0,12,0,314
9440.0,1,1,10,0,12,0,314
9441.0,1,1,10,0,12,0,314
9442.0,1,1,10,0,12,0,314
9443.0,1,1,10,0,12,0,314
9444.0,1,1,10,0,12,0,314
9445.0,1,1,10,0,12,0,314
9446.0,1,1,10,0,12,0,314
9447.0,1,1,10,0,12,0,314
9448.0,1,1,10,0,12,0,314
9449.0,1,1,10,0,12,0,314
9450.0,1,1,10,0,12,0,314
9451.0,1,1,10,0,12,0,314
9452.0,1,1,10,0,12,0,314
9453.0,1,1,10,0,12,0,314
9454.0,1,1,10,0,12,0,314
9455.0,1,1,10,0,12,0,314
9456.0,1,1,10,0,12,0,314
9457.0,1,1,10,0,12,0,314
9458.0,1,1,10,0,12,0,314
9459.0,1,1,10,0,12,0,314
9460.0,1,1,10,0,12,0,314
9461.0,1,1,10,0,12,0,314
9462.0,1,1,10,0,12,0,314
9463.0,1,1,10,0,12,0,314
9464.0,1,1,10,0,12,0,314
9465.0,1,1,10,0,12,0,314
9466.0,1,1,10,0,12,0,314
9467.0,1,1,10,0,12,0,314
9468.0,1,1,10,0,12,0,314
9469.0,1,1,10,0,12,0,314
9470.0,1,1,10,0,12,0,314
9471.0,1,1,10,0,12,0,314
9472.0,1,1,10,0,12,0,314
9473.0,1,1,10,0,12,0,314
9474.0,1,1,10,0,12,0,314
9475.0,1,1,10,0,12,0,314
9476.0,1,1,10,0,12,0,314
9477.0,1,1,10,0,12,0,314
9478.0,1,1,10,0,12,0,314
9479.0,1,1,10,0,12,0,314
9480.0,1,1,10,0,12,0,314
9481.0,1,1,10,0,12,0,314
9482.0,1,1,10,0,12,0,314
9483.0,1,1,10,0,12,0,314
9484.0,1,1,10,0,12,0,314
9485.0,1,1,10,0,12,0,314
9486.0,1,1,10,0,12,0,314
9487.0,1,1,10,0,12,0,314
9488.0,1,1,10,0,12,0,314
9489.0,1,1,10,0,12,0,314
9490.0,1,1,10,0,12,0,314
9491.0,1,1,10,0,12,0,314
9492.0,1,1,10,0,12,0,314
9493.0,1,1,10,0,12,0,314
9494.0,1,1,10,0,12,0,314
9495.0,1,1,10,0,12,0,314
9496.0,1,1,10,0,12,0,314
9497.0,1,1,10,0,12,0,314
9498.0,1,1,10,0,12,0,314
9499.0,1,1,10,0,12,0,314
9500.0,1,1,10,0,12,0,314
9501.0,1,1,10,0,12,0,314
9502.0,1,1,10,0,12,0,314
9503.0,1,1,10,0,12,0,314
9504.0,1,1,10,0,12,0,314
9505.0,1,1,10,0,12,0,314
9506.0,1,1,10,0,12,0,314
9507.0,1,1,10,0,12,0,314
9508.0,1,1,10,0,12,0,314
9509.0,1,1,10,0,12,0,314
9510.0,1,1,10,0,12,0,314
9511.0,1,1,10,0,12,0,314
9512.0,1,1,10,0,12,0,314
9513.0,1,1,10,0,12,0,314
9514.0,1,1,10,0,12,0,314
9515.0,1,1,10,0,12,0,314
9516.0,1,1,10,0,12,0,314
9517.0,1,1,10,0,12,0,314
9518.0,1,1,10,0,12,0,314
9519.0,1,1,10,0,12,0,314
9520.0,1,1,10,0,12,0,314
9521.0,1,1,10,0,12,0,314
9522.0,1,1,10,0,12,0,314
9523.0,1,1,10,0,12,0,314
9524.0,1,1,10,0,12,0,314
9525.0,1,1,10,0,12,0,314
9526.0,1,1,10,0,12,0,314
9527.0,1,1,10,0,12,0,314
9528.0,1,1,10,0,12,0,314
9529.0,1,1,10,0,12,0,314
9530.0,1,1,10,0,12,0,314
9531.0,1,1,10,0,12,0,314
9532.0,1,1,10,0,12,0,314
9533.0,1,1,10,0,12,0,314
9534.0,1,1,10,0,12,0,314
9535.0,1,1,10,0,12,0,314
9536.0,1,1,10,0,12,0,314
9537.0,1,1,10,0,12,0,314
9538.0,1,1,10,0,12,0,314
9539.0,1,1,10,0,12,0,314
9540.0,1,1,10,0,12,0,314
9541.0,1,1,10,0,12,0,314
9542.0,1,1,10,0,12,0,314
9543.0,1,1,10,0,12,0,314
9544.0,1,1,10,0,12,0,314
9545.0,1,1,10,0,12,0,314
9546.0,1,1,10,0,12,0,314
9547.0,1,1,10,0,12,0,314
9548.0,1,1,10,0,12,0,314
9549.0,1,1,10,0,12,0,314
9550.0,1,1,10,0,12,0,314
9551.0,1,1,10,0,12,0,314
9552.0,1,1,10,0,12,0,314
9553.0,1,1,10,0,12,0,314
9554.0,1,1,10,0,12,0,314
9555.0,1,1,10,0,12,0,314
9556.0,1,1,10,0,12,0,314
9557.0,1,1,10,0,12,0,314
9558.0,1,1,10,0,12,0,314
9559.0,1,1,10,0,12,0,314
9560.0,1,1,10,0,12,0,314
9561.0,1,1,10,0,12,0,314
9562.0,1,1,10,0,12,0,314
9563.0,1,1,10,0,12,0,314
9564.0,1,1,10,0,12,0,314
9565.0,1,1,10,0,12,0,314
9566.0,1,1,10,0,12,0,314
9567.0,1,1,10,0,12,0,314
9568.0,1,1,10,0,12,0,314
9569.0,1,1,10,0,12,0,314
9570.0,1,1,10,0,12,0,314
9571.0,1,1,10,0,12,0,314
9572.0,1,1,10,0,12,0,314
9573.0,1,1,10,0,12,0,314
9574.0,1,1,10,0,12,0,314
9575.0,1,1,10,0,12,0,314
9576.0,1,1,10,0,12,0,314
9577.0,1,1,10,0,12,0,314
9578.0,1,1,10,0,12,0,314
9579.0,1,1,10,0,12,0,314
9580.0,1,1,10,0,12,0,314
9581.0,1,1,10,0,12,0,314
9582.0,1,1,10,0,12,0,314
9583.0,1,1,10,0,12,0,314
9584.0,1,1,10,0,12,0,314
9585.0,1,1,10,0,12,0,314
9586.0,1,1,10,0,12,0,314
9587.0,1,1,10,0,12,0,314
9588.0,1,1,10,0,12,0,314
9589.0,1,1,10,0,12,0,314
9590.0,1,1,10,0,12,0,314
9591.0,1,1,10,0,12,0,314
9592.0,1,1,10,0,12,0,314
9593.0,1,1,10,0,12,0,314
9594.0,1,1,10,0,12,0,314
9595.0,1,1,10,0,12,0,314
9596.0,1,1,10,0,12,0,314
9597.0,1,1,10,0,12,0,314
9598.0,1,1,10,0,12,0,314
9599.0,1,1,10,0,12,0,314
9600.0,1,1,10,0,12,0,314
9601.0,1,1,10,0,12,0,314
9602.0,1,1,10,0,12,0,314
9603.0,1,1,10,0,12,0,314
9604.0,1,1,10,0,12,0,314
9605.0,1,1,10,0,12,0,314
9606.0,1,1,10,0,12,0,314
9607.0,1,1,10,0,12,0,314
9608.0,1,1,10,0,12,0,314
9609.0,1,1,10,0,12,0,314
9610.0,1,1,10,0,12,0,314
9611.0,1,1,10,0,12,0,314
9612.0,1,1,10,0,12,0,314
9613.0,1,1,10,0,12,0,314
9614.0,1,1,10,0,12,0,314
9615.0,1,1,10,0,12,0,314
9616.0,1,1,10,0,12,0,314
9617.0,1,1,10,0,12,0,314
9618.0,1,1,10,0,12,0,314
9619.0,1,1,10,0,12,0,314
9620.0,1,1,10,0,12,0,314
9621.0,1,1,10,0,12,0,314
9622.0,1,1,10,0,12,0,314
9623.0,1,1,10,0,12,0,314
9624.0,1,1,10,0,12,0,314
9625.0,1,1,10,0,12,0,314
9626.0,1,1,10,0,12,0,314
9627.0,1,1,10,0,12,0,314
9628.0,1,1,10,0,12,0,314
9629.0,1,1,10,0,12,0,314
9630.0,1,1,10,0,12,0,314
9631.0,1,1,10,0,12,0,314
9632.0,1,1,10,0,12,0,314
9633.0,1,1,10,0,12,0,314
9634.0,1,1,10,0,12,0,314
9635.0,1,1,10,0,12,0,314
9636.0,1,1,10,0,12,0,314
9637.0,1,1,10,0,12,0,314
9638.0,1,1,10,0,12,0,314
9639.0,1,1,10,0,12,0,314
9640.0,1,1,10,0,12,0,314
9641.0,1,1,10,0,12,0,314
9642.0,1,1,10,0,12,0,314
9643.0,1,1,10,0,12,0,314
9644.0,1,1,10,0,12,0,314
9645.0,1,1,10,0,12,0,314
9646.0,1,1,10,0,12,0,314
9647.0,1,1,10,0,12,0,314
9648.0,1,1,10,0,12,0,314
9649.0,1,1,10,0,12,0,314
9650.0,1,1,10,0,12,0,314
9651.0,1,1,10,0,12,0,314
9652.0,1,1,10,0,12,0,314
9653.0,1,1,10,0,12,0,314
9654.0,1,1,10,0,12,0,314
9655.0,1,1,10,0,12,0,314
9656.0,1,1,10,0,12,0,314
9657.0,1,1,10,0,12,0,314
9658.0,1,1,10,0,12,0,314
9659.0,1,1,10,0,12,0,314
9660.0,1,1,10,0,12,0,314
9661.0,1,1,10,0,12,0,314
9662.0,1,1,10,0,12,0,314
9663.0,1,1,10,0,12,0,314
9664.0,1,1,10,0,12,0,314
9665.0,1,1,10,0,12,0,314
9666.0,1,1,10,0,12,0,314
9667.0,1,1,10,0,12,0,314
9668.0,1,1,10,0,12,0,314
9669.0,1,1,10,0,12,0,314
9670.0,1,1,10,0,12,0,314
9671.0,1,1,10,0,12,0,314
9672.0,1,1,10,0,12,0,314
9673.0,1,1,10,0,12,0,314
9674.0,1,1,10,0,12,0,314
9675.0,1,1,10,0,12,0,314
9676.0,1,1,10,0,12,0,314
9677.0,1,1,10,0,12,0,314
9678.0,1,1,10,0,12,0,314
9679.0,1,1,10,0,12,0,314
9680.0,1,1,10,0,12,0,314
9681.0,1,1,10,0,12,0,314
9682.0,1,1,10,0,12,0,314
9683.0,1,1,10,0,12,0,314
9684.0,1,1,10,0,12,0,314
9685.0,1,1,10,0,12,0,314
9686.0,1,1,10,0,12,0,314
9687.0,1,1,10,0,12,0,314
9688.0,1,1,10,0,12,0,314
9689.0,1,1,10,0,12,0,314
9690.0,1,1,10,0,12,0,314
9691.0,1,1,10,0,12,0,314
9692.0,1,1,10,0,12,0,314
9693.0,1,1,10,0,12,0,314
9694.0,1,1,10,0,12,0,314
9695.0,1,1,10,0,12,0,314
9696.0,1,1,10,0,12,0,314
9697.0,1,1,10,0,12,0,314
9698.0,1,1,10,0,12,0,314
9699.0,1,1,10,0,12,0,314
9700.0,1,1,10,0,12,0,314
9701.0,1,1,10,0,12,0,314
9702.0,1,1,10,0,12,0,314
9703.0,1,1,10,0,12,0,314
9704.0,1,1,10,0,12,0,314
9705.0,1,1,10,0,12,0,314
9706.0,1,1,10,0,12,0,314
9707.0,1,1,10,0,12,0,314
9708.0,1,1,10,0,12,0,314
9709.0,1,1,10,0,12,0,314
9710.0,1,1,10,0,12,0,314
9711.0,1,1,10,0,12,0,314
9712.0,1,1,10,0,12,0,314
9713.0,1,1,10,0,12,0,314
9714.0,1,1,10,0,12,0,314
9715.0,1,1,10,0,12,0,314
9716.0,1,1,10,0,12,0,314
9717.0,1,1,10,0,12,0,314
9718.0,1,1,10,0,12,0,314
9719.0,1,1,10,0,12,0,314
9720.0,1,1,10,0,12,0,314
9721.0,1,1,10,0,12,0,314
9722.0,1,1,10,0,12,0,314
9723.0,1,1,10,0,12,0,314
9724.0,1,1,10,0,12,0,314
9725.0,1,1,10,0,12,0,314
9726.0,1,1,10,0,12,0,314
9727.0,1,1,10,0,12,0,314
9728.0,1,1,10,0,12,0,314
9729.0,1,1,10,0,12,0,314
9730.0,1,1,10,0,12,0,314
9731.0,1,1,10,0,12,0,314
9732.0,1,1,10,0,12,0,314
9733.0,1,1,10,0,12,0,314
9734.0,1,1,10,0,12,0,314
9735.0,1,1,10,0,12,0,314
9736.0,1,1,10,0,12,0,314
9737.0,1,1,10,0,12,0,314
9738.0,1,1,10,0,12,0,314
9739.0,1,1,10,0,12,0,314
9740.0,1,1,10,0,12,0,314
9741.0,1,1,10,0,12,0,314
9742.0,1,1,10,0,12,0,314
9743.0,1,1,10,0,12,0,314
9744.0,1,1,10,0,12,0,314
9745.0,1,1,10,0,12,0,314
9746.0,1,1,10,0,12,0,314
9747.0,1,1,10,0,12,0,314
9748.0,1,1,10,0,12,0,314
9749.0,1,1,10,0,12,0,314
9750.0,1,1,10,0,12,0,314
9751.0,1,1,10,0,12,0,314
9752.0,1,1,10,0,12,0,314
9753.0,1,1,10,0,12,0,314
9754.0,1,1,10,0,12,0,314
9755.0,1,1,10,0,12,0,314
9756.0,1,1,10,0,12,0,314
9757.0,1,1,10,0,12,0,314
9758.0,1,1,10,0,12,0,314
9759.0,1,1,10,0,12,0,314
9760.0,1,1,10,0,12,0,314
9761.0,1,1,10,0,12,0,314
9762.0,1,1,10,0,12,0,314
9763.0,1,1,10,0,12,0,314
9764.0,1,1,10,0,12,0,314
9765.0,1,1,10,0,12,0,314
9766.0,1,1,10,0,12,0,314
9767.0,1,1,10,0,12,0,314
9768.0,1,1,10,0,12,0,314
9769.0,1,1,10,0,12,0,314
9770.0,1,1,10,0,12,0,314
9771.0,1,1,10,0,12,0,314
9772.0,1,1,10,0,12,0,314
9773.0,1,1,10,0,12,0,314
9774.0,1,1,10,0,12,0,314
9775.0,1,1,10,0,12,0,314
9776.0,1,1,10,0,12,0,314
9777.0,1,1,10,0,12,0,314
9778.0,1,1,10,0,12,0,314
9779.0,1,1,10,0,12,0,314
9780.0,1,1,10,0,12,0,314
9781.0,1,1,10,0,12,0,314
9782.0,1,1,10,0,12,0,314
9783.0,1,1,10,0,12,0,314
9784.0,1,1,10,0,12,0,314
9785.0,1,1,10,0,12,0,314
9786.0,1,1,10,0,12,0,314
9787.0,1,1,10,0,12,0,314
9788.0,1,1,10,0,12,0,314
9789.0,1,1,10,0,12,0,314
9790.0,1,1,10,0,12,0,314
9791.0,1,1,10,0,12,0,314
9792.0,1,1,10,0,12,0,314
9793.0,1,1,10,0,12,0,314
9794.0,1,1,10,0,12,0,314
9795.0,1,1,10,0,12,0,314
9796.0,1,1,10,0,12,0,314
9797.0,1,1,10,0,12,0,314
9798.0,1,1,10,0,12,0,314
9799.0,1,1,10,0,12,0,314
9800.0,1,1,10,0,12,0,314
9801.0,1,1,10,0,12,0,314
9802.0,1,1,10,0,12,0,314
9803.0,1,1,10,0,12,0,314
9804.0,1,1,10,0,12,0,314
9805.0,1,1,10,0,12,0,314
9806.0,1,1,10,0,12,0,314
9807.0,1,1,10,0,12,0,314
9808.0,1,1,10,0,12,0,314
9809.0,1,1,10,0,12,0,314
9810.0,1,1,10,0,12,0,314
9811.0,1,1,10,0,12,0,314
9812.0,1,1,10,0,12,0,314
9813.0,1,1,10,0,12,0,314
9814.0,1,1,10,0,12,0,314
9815.0,1,1,10,0,12,0,314
9816.0,1,1,10,0,12,0,314
9817.0,1,1,10,0,12,0,314
9818.0,1,1,10,0,12,0,314
9819.0,1,1,10,0,12,0,314
9820.0,1,1,10,0,12,0,314
9821.0,1,1,10,0,12,0,314
9822.0,1,1,10,0,12,0,314
9823.0,1,1,10,0,12,0,314
9824.0,1,1,10,0,12,0,314
9825.0,1,1,10,0,12,0,314
9826.0,1,1,10,0,12,0,314
9827.0,1,1,10,0,12,0,314
9828.0,1,1,10,0,12,0,314
9829.0,1,1,10,0,12,0,314
9830.0,1,1,10,0,12,0,314
9831.0,1,1,10,0,12,0,314
9832.0,1,1,10,0,12,0,314
9833.0,1,1,10,0,12,0,314
9834.0,1,1,10,0,12,0,314
9835.0,1,1,10,0,12,0,314
9836.0,1,1,10,0,12,0,314
9837.0,1,1,10,0,12,0,314
9838.0,1,1,10,0,12,0,314
9839.0,1,1,10,0,12,0,314
9840.0,1,1,10,0,12,0,314
9841.0,1,1,10,0,12,0,314
9842.0,1,1,10,0,12,0,314
9843.0,1,1,10,0,12,0,314
9844.0,1,1,10,0,12,0,314
9845.0,1,1,10,0,12,0,314
9846.0,1,1,10,0,12,0,314
9847.0,1,1,10,0,12,0,314
9848.0,1,1,10,0,12,0,314
9849.0,1,1,10,0,12,0,314
9850.0,1,1,10,0,12,0,314
9851.0,1,1,10,0,12,0,314
9852.0,1,1,10,0,12,0,314
9853.0,1,1,10,0,12,0,314
9854.0,1,1,10,0,12,0,314
9855.0,1,1,10,0,12,0,314
9856.0,1,1,10,0,12,0,314
9857.0,1,1,10,0,12,0,314
9858.0,1,1,10,0,12,0,314
9859.0,1,1,10,0,12,0,314
9860.0,1,1,10,0,12,0,314
9861.0,1,1,10,0,12,0,314
9862.0,1,1,10,0,12,0,314
9863.0,1,1,10,0,12,0,314
9864.0,1,1,10,0,12,0,314
9865.0,1,1,10,0,12,0,314
9866.0,1,1,10,0,12,0,314
9867.0,1,1,10,0,12,0,314
9868.0,1,1,10,0,12,0,314
9869.0,1,1,10,0,12,0,314
9870.0,1,1,10,0,12,0,314
9871.0,1,1,10,0,12,0,314
9872.0,1,1,10,0,12,0,314
9873.0,1,1,10,0,12,0,314
9874.0,1,1,10,0,12,0,314
9875.0,1,1,10,0,12,0,314
9876.0,1,1,10,0,12,0,314
9877.0,1,1,10,0,12,0,314
9878.0,1,1,10,0,12,0,314
9879.0,1,1,10,0,12,0,314
9880.0,1,1,10,0,12,0,314
9881.0,1,1,10,0,12,0,314
9882.0,1,1,10,0,12,0,314
9883.0,1,1,10,0,12,0,314
9884.0,1,1,10,0,12,0,314
9885.0,1,1,10,0,12,0,314
9886.0,1,1,10,0,12,0,314
9887.0,1,1,10,0,12,0,314
9888.0,1,1,10,0,12,0,314
9889.0,1,1,10,0,12,0,314
9890.0,1,1,10,0,12,0,314
9891.0,1,1,10,0,12,0,314
9892.0,1,1,10,0,12,0,314
9893.0,1,1,10,0,12,0,314
9894.0,1,1,10,0,12,0,314
9895.0,1,1,10,0,12,0,314
9896.0,1,1,10,0,12,0,314
9897.0,1,1,10,0,12,0,314
9898.0,1,1,10,0,12,0,314
9899.0,1,1,10,0,12,0,314
9900.0,1,1,10,0,12,0,314
9901.0,1,1,10,0,12,0,314
9902.0,1,1,10,0,12,0,314
9903.0,1,1,10,0,12,0,314
9904.0,1,1,10,0,12,0,314
9905.0,1,1,10,0,12,0,314
9906.0,1,1,10,0,12,0,314
9907.0,1,1,10,0,12,0,314
9908.0,1,1,10,0,12,0,314
9909.0,1,1,10,0,12,0,314
9910.0,1,1,10,0,12,0,314
9911.0,1,1,10,0,12,0,314
9912.0,1,1,10,0,12,0,314
9913.0,1,1,10,0,12,0,314
9914.0,1,1,10,0,12,0,314
9915.0,1,1,10,0,12,0,314
9916.0,1,1,10,0,12,0,314
9917.0,1,1,10,0,12,0,314
9918.0,1,1,10,0,12,0,314
9919.0,1,1,10,0,12,0,314
9920.0,1,1,10,0,12,0,314
9921.0,1,1,10,0,12,0,314
9922.0,1,1,10,0,12,0,314
9923.0,1,1,10,0,12,0,314
9924.0,1,1,10,0,12,0,314
9925.0,1,1,10,0,12,0,314
9926.0,1,1,10,0,12,0,314
9927.0,1,1,10,0,12,0,314
9928.0,1,1,10,0,12,0,314
9929.0,1,1,10,0,12,0,314
9930.0,1,1,10,0,12,0,314
9931.0,1,1,10,0,12,0,314
9932.0,1,1,10,0,12,0,314
9933.0,1,1,10,0,12,0,314
9934.0,1,1,10,0,12,0,314
9935.0,1,1,10,0,12,0,314
9936.0,1,1,10,0,12,0,314
9937.0,1,1,10,0,12,0,314
9938.0,1,1,10,0,12,0,314
9939.0,1,1,10,0,12,0,314
9940.0,1,1,10,0,12,0,314
9941.0,1,1,10,0,12,0,314
9942.0,1,1,10,0,12,0,314
9943.0,1,1,10,0,12,0,314
9944.0,1,1,10,0,12,0,314
9945.0,1,1,10,0,12,0,314
9946.0,1,1,10,0,12,0,314
9947.0,1,1,10,0,12,0,314
9948.0,1,1,10,0,12,0,314
9949.0,1,1,10,0,12,0,314
9950.0,1,1,10,0,12,0,314
9951.0,1,1,10,0,12,0,314
9952.0,1,1,10,0,12,0,314
9953.0,1,1,10,0,12,0,314
9954.0,1,1,10,0,12,0,314
9955.0,1,1,10,0,12,0,314
9956.0,1,1,10,0,12,0,314
9957.0,1,1,10,0,12,0,314
9958.0,1,1,10,0,12,0,314
9959.0,1,1,10,0,12,0,314
9960.0,1,1,10,0,12,0,314
9961.0,1,1,10,0,12,0,314
9962.0,1,1,10,0,12,0,314
9963.0,1,1,10,0,12,0,314
9964.0,1,1,10,0,12,0,314
9965.0,1,1,10,0,12,0,314
9966.0,1,1,10,0,12,0,314
9967.0,1,1,10,0,12,0,314
9968.0,1,1,10,0,12,0,314
9969.0,1,1,10,0,12,0,314
9970.0,1,1,10,0,12,0,314
9971.0,1,1,10,0,12,0,314
9972.0,1,1,10,0,12,0,314
9973.0,1,1,10,0,12,0,314
9974.0,1,1,10,0,12,0,314
9975.0,1,1,10,0,12,0,314
9976.0,1,1,10,0,12,0,314
9977.0,1,1,10,0,12,0,314
9978.0,1,1,10,0,12,0,314
9979.0,1,1,10,0,12,0,314
9980.0,1,1,10,0,12,0,314
9981.0,1,1,10,0,12,0,314
9982.0,1,1,10,0,12,0,314
9983.0,1,1,10,0,12,0,314
9984.0,1,1,10,0,12,0,314
9985.0,1,1,10,0,12,0,314
9986.0,1,1,10,0,12,0,314
9987.0,1,1,10,0,12,0,314
9988.0,1,1,10,0,12,0,314
9989.0,1,1,10,0,12,0,314
9990.0,1,1,10,0,12,0,314
9991.0,1,1,10,0,12,0,314
9992.0,1,1,10,0,12,0,314
9993.0,1,1,10,0,12,0,314
9994.0,1,1,10,0,12,0,314
9995.0,1,1,10,0,12,0,314
9996.0,1,1,10,0,12,0,314
9997.0,1,1,10,0,12,0,314
9998.0,1,1,10,0,12,0,314
9999.0,1,1,10,0,12,0,314
10000.0,1,1,10,0,12,0,314
10001.0,1,1,10,0,12,0,314
10002.0,1,1,10,0,12,0,314
10003.0,1,1,10,0,12,0,314
10004.0,1,1,10,0,12,0,314
10005.0,1,1,10,0,12,0,314
10006.0,1,1,10,0,12,0,314
10007.0,1,1,10,0,12,0,314
10008.0,1,1,10,0,12,0,314
10009.0,1,1,10,0,12,0,314
10010.0,1,1,10,0,12,0,314
10011.0,1,1,10,0,12,0,314
10012.0,1,1,10,0,12,0,314
10013.0,1,1,10,0,12,0,314
10014.0,1,1,10,0,12,0,314
10015.0,1,1,10,0,12,0,314
10016.0,1,1,10,0,12,0,314
10017.0,1,1,10,0,12,0,314
10018.0,1,1,10,0,12,0,314
10019.0,1,1,10,0,12,0,314
10020.0,1,1,10,0,12,0,314
10021.0,1,1,10,0,12,0,314
10022.0,1,1,10,0,12,0,314
10023.0,1,1,10,0,12,0,314
10024.0,1,1,10,0,12,0,314
10025.0,1,1,10,0,12,0,314
10026.0,1,1,10,0,12,0,314
10027.0,1,1,10,0,12,0,314
10028.0,1,1,10,0,12,0,314
10029.0,1,1,10,0,12,0,314
10030.0,1,1,10,0,12,0,314
10031.0,1,1,10,0,12,0,314
10032.0,1,1,10,0,12,0,314
10033.0,1,1,10,0,12,0,314
10034.0,1,1,10,0,12,0,314
10035.0,1,1,10,0,12,0,314
10036.0,1,1,10,0,12,0,314
10037.0,1,1,10,0,12,0,314
10038.0,1,1,10,0,12,0,314
10039.0,1,1,10,0,12,0,314
10040.0,1,1,10,0,12,0,314
10041.0,1,1,10,0,12,0,314
10042.0,1,1,10,0,12,0,314
10043.0,1,1,10,0,12,0,314
10044.0,1,1,10,0,12,0,314
10045.0,1,1,10,0,12,0,314
10046.0,1,1,10,0,12,0,314
10047.0,1,1,10,0,12,0,314
10048.0,1,1,10,0,12,0,314
10049.0,1,1,10,0,12,0,314
10050.0,1,1,10,0,12,0,314
10051.0,1,1,10,0,12,0,314
10052.0,1,1,10,0,12,0,314
10053.0,1,1,10,0,12,0,314
10054.0,1,1,10,0,12,0,314
10055.0,1,1,10,0,12,0,314
10056.0,1,1,10,0,12,0,314
10057.0,1,1,10,0,12,0,314
10058.0,1,1,10,0,12,0,314
10059.0,1,1,10,0,12,0,314
10060.0,1,1,10,0,12,0,314
10061.0,1,1,10,0,12,0,314
10062.0,1,1,10,0,12,0,314
10063.0,1,1,10,0,12,0,314
10064.0,1,1,10,0,12,0,314
10065.0,1,1,10,0,12,0,314
10066.0,1,1,10,0,12,0,314
10067.0,1,1,10,0,12,0,314
10068.0,1,1,10,0,12,0,314
10069.0,1,1,10,0,12,0,314
10070.0,1,1,10,0,12,0,314
10071.0,1,1,10,0,12,0,314
10072.0,1,1,10,0,12,0,314
10073.0,1,1,10,0,12,0,314
10074.0,1,1,10,0,12,0,314
10075.0,1,1,10,0,12,0,314
10076.0,1,1,10,0,12,0,314
10077.0,1,1,10,0,12,0,314
10078.0,1,1,10,0,12,0,314
10079.0,1,1,10,0,12,0,314
10080.0,1,1,10,0,12,0,314
10081.0,1,1,10,0,12,0,314
10082.0,1,1,10,0,12,0,314
10083.0,1,1,10,0,12,0,314
10084.0,1,1,10,0,12,0,314
10085.0,1,1,10,0,12,0,314
10086.0,1,1,10,0,12,0,314
10087.0,1,1,10,0,12,0,314
10088.0,1,1,10,0,12,0,314
10089.0,1,1,10,0,12,0,314
10090.0,1,1,10,0,12,0,314
10091.0,1,1,10,0,12,0,314
10092.0,1,1,10,0,12,0,314
10093.0,1,1,10,0,12,0,314
10094.0,1,1,10,0,12,0,314
10095.0,1,1,10,0,12,0,314
10096.0,1,1,10,0,12,0,314
10097.0,1,1,10,0,12,0,314
10098.0,1,1,10,0,12,0,314
10099.0,1,1,10,0,12,0,314
10100.0,1,1,10,0,12,0,314
10101.0,1,1,10,0,12,0,314
10102.0,1,1,10,0,12,0,314
10103.0,1,1,10,0,12,0,314
10104.0,1,1,10,0,12,0,314
10105.0,1,1,10,0,12,0,314
10106.0,1,1,10,0,12,0,314
10107.0,1,1,10,0,12,0,314
10108.0,1,1,10,0,12,0,314
10109.0,1,1,10,0,12,0,314
10110.0,1,1,10,0,12,0,314
10111.0,1,1,10,0,12,0,314
10112.0,1,1,10,0,12,0,314
10113.0,1,1,10,0,12,0,314
10114.0,1,1,10,0,12,0,314
10115.0,1,1,10,0,12,0,314
10116.0,1,1,10,0,12,0,314
10117.0,1,1,10,0,12,0,314
10118.0,1,1,10,0,12,0,314
10119.0,1,1,10,0,12,0,314
10120.0,1,1,10,0,12,0,314
10121.0,1,1,10,0,12,0,314
10122.0,1,1,10,0,12,0,314
10123.0,1,1,10,0,12,0,314
10124.0,1,1,10,0,12,0,314
10125.0,1,1,10,0,12,0,314
10126.0,1,1,10,0,12,0,314
10127.0,1,1,10,0,12,0,314
10128.0,1,1,10,0,12,0,314
10129.0,1,1,10,0,12,0,314
10130.0,1,1,10,0,12,0,314
10131.0,1,1,10,0,12,0,314
10132.0,1,1,10,0,12,0,314
10133.0,1,1,10,0,12,0,314
10134.0,1,1,10,0,12,0,314
10135.0,1,1,10,0,12,0,314
10136.0,1,1,10,0,12,0,314
10137.0,1,1,10,0,12,0,314
10138.0,1,1,10,0,12,0,314
10139.0,1,1,10,0,12,0,314
10140.0,1,1,10,0,12,0,314
10141.0,1,1,10,0,12,0,314
10142.0,1,1,10,0,12,0,314
10143.0,1,1,10,0,12,0,314
10144.0,1,1,10,0,12,0,314
10145.0,1,1,10,0,12,0,314
10146.0,1,1,10,0,12,0,314
10147.0,1,1,10,0,12,0,314
10148.0,1,1,10,0,12,0,314
10149.0,1,1,10,0,12,0,314
10150.0,1,1,10,0,12,0,314
10151.0,1,1,10,0,12,0,314
10152.0,1,1,10,0,12,0,314
10153.0,1,1,10,0,12,0,314
10154.0,1,1,10,0,12,0,314
10155.0,1,1,10,0,12,0,314
10156.0,1,1,10,0,12,0,314
10157.0,1,1,10,0,12,0,314
10158.0,1,1,10,0,12,0,314
10159.0,1,1,10,0,12,0,314
10160.0,1,1,10,0,12,0,314
10161.0,1,1,10,0,12,0,314
10162.0,1,1,10,0,12,0,314
10163.0,1,1,10,0,12,0,314
10164.0,1,1,10,0,12,0,314
10165.0,1,1,10,0,12,0,314
10166.0,1,1,10,0,12,0,314
10167.0,1,1,10,0,12,0,314
10168.0,1,1,10,0,12,0,314
10169.0,1,1,10,0,12,0,314
10170.0,1,1,10,0,12,0,314
10171.0,1,1,10,0,12,0,314
10172.0,1,1,10,0,12,0,314
10173.0,1,1,10,0,12,0,314
10174.0,1,1,10,0,12,0,314
10175.0,1,1,10,0,12,0,314
10176.0,1,1,10,0,12,0,314
10177.0,1,1,10,0,12,0,314
10178.0,1,1,10,0,12,0,314
10179.0,1,1,10,0,12,0,314
10180.0,1,1,10,0,12,0,314
10181.0,1,1,10,0,12,0,314
10182.0,1,1,10,0,12,0,314
10183.0,1,1,10,0,12,0,314
10184.0,1,1,10,0,12,0,314
10185.0,1,1,10,0,12,0,314
10186.0,1,1,10,0,12,0,314
10187.0,1,1,10,0,12,0,314
10188.0,1,1,10,0,12,0,314
10189.0,1,1,10,0,12,0,314
10190.0,1,1,10,0,12,0,314
10191.0,1,1,10,0,12,0,314
10192.0,1,1,10,0,12,0,314
10193.0,1,1,10,0,12,0,314
10194.0,1,1,10,0,12,0,314
10195.0,1,1,10,0,12,0,314
10196.0,1,1,10,0,12,0,314
10197.0,1,1,10,0,12,0,314
10198.0,1,1,10,0,12,0,314
10199.0,1,1,10,0,12,0,314
10200.0,1,1,10,0,12,0,314
10201.0,1,1,10,0,12,0,314
10202.0,1,1,10,0,12,0,314
10203.0,1,1,10,0,12,0,314
10204.0,1,1,10,0,12,0,314
10205.0,1,1,10,0,12,0,314
10206.0,1,1,10,0,12,0,314
10207.0,1,1,10,0,12,0,314
10208.0,1,1,10,0,12,0,314
10209.0,1,1,10,0,12,0,314
10210.0,1,1,10,0,12,0,314
10211.0,1,1,10,0,12,0,314
10212.0,1,1,10,0,12,0,314
10213.0,1,1,10,0,12,0,314
10214.0,1,1,10,0,12,0,314
10215.0,1,1,10,0,12,0,314
10216.0,1,1,10,0,12,0,314
10217.0,1,1,10,0,12,0,314
10218.0,1,1,10,0,12,0,314
10219.0,1,1,10,0,12,0,314
10220.0,1,1,10,0,12,0,314
10221.0,1,1,10,0,12,0,314
10222.0,1,1,10,0,12,0,314
10223.0,1,1,10,0,12,0,314
10224.0,1,1,10,0,12,0,314
10225.0,1,1,10,0,12,0,314
10226.0,1,1,10,0,12,0,314
10227.0,1,1,10,0,12,0,314
10228.0,1,1,10,0,12,0,314
10229.0,1,1,10,0,12,0,314
10230.0,1,1,10,0,12,0,314
10231.0,1,1,10,0,12,0,314
10232.0,1,1,10,0,12,0,314
10233.0,1,1,10,0,12,0,314
10234.0,1,1,10,0,12,0,314
10235.0,1,1,10,0,12,0,314
10236.0,1,1,10,0,12,0,314
10237.0,1,1,10,0,12,0,314
10238.0,1,1,10,0,12,0,314
10239.0,1,1,10,0,12,0,314
10240.0,1,1,10,0,12,0,314
10241.0,1,1,10,0,12,0,314
10242.0,1,1,10,0,12,0,314
10243.0,1,1,10,0,12,0,314
10244.0,1,1,10,0,12,0,314
10245.0,1,1,10,0,12,0,314
10246.0,1,1,10,0,12,0,314
10247.0,1,1,10,0,12,0,314
10248.0,1,1,10,0,12,0,314
10249.0,1,1,10,0,12,0,314
10250.0,1,1,10,0,12,0,314
10251.0,1,1,10,0,12,0,314
10252.0,1,1,10,0,12,0,314
10253.0,1,1,10,0,12,0,314
10254.0,1,1,10,0,12,0,314
10255.0,1,1,10,0,12,0,314
10256.0,1,1,10,0,12,0,314
10257.0,1,1,10,0,12,0,314
10258.0,1,1,10,0,12,0,314
10259.0,1,1,10,0,12,0,314
10260.0,1,1,10,0,12,0,314
10261.0,1,1,10,0,12,0,314
10262.0,1,1,10,0,12,0,314
10263.0,1,1,10,0,12,0,314
10264.0,1,1,10,0,12,0,314
10265.0,1,1,10,0,12,0,314
10266.0,1,1,10,0,12,0,314
10267.0,1,1,10,0,12,0,314
10268.0,1,1,10,0,12,0,314
10269.0,1,1,10,0,12,0,314
10270.0,1,1,10,0,12,0,314
10271.0,1,1,10,0,12,0,314
10272.0,1,1,10,0,12,0,314
10273.0,1,1,10,0,12,0,314
10274.0,1,1,10,0,12,0,314
10275.0,1,1,10,0,12,0,314
10276.0,1,1,10,0,12,0,314
10277.0,1,1,10,0,12,0,314
10278.0,1,1,10,0,12,0,314
10279.0,1,1,10,0,12,0,314
10280.0,1,1,10,0,12,0,314
10281.0,1,1,10,0,12,0,314
10282.0,1,1,10,0,12,0,314
10283.0,1,1,10,0,12,0,314
10284.0,1,1,10,0,12,0,314
10285.0,1,1,10,0,12,0,314
10286.0,1,1,10,0,12,0,314
10287.0,1,1,10,0,12,0,314
10288.0,1,1,10,0,12,0,314
10289.0,1,1,10,0,12,0,314
10290.0,1,1,10,0,12,0,314
10291.0,1,1,10,0,12,0,314
10292.0,1,1,10,0,12,0,314
10293.0,1,1,10,0,12,0,314
10294.0,1,1,10,0,12,0,314
10295.0,1,1,10,0,12,0,314
10296.0,1,1,10,0,12,0,314
10297.0,1,1,10,0,12,0,314
10298.0,1,1,10,0,12,0,314
10299.0,1,1,10,0,12,0,314
10300.0,1,1,10,0,12,0,314
10301.0,1,1,10,0,12,0,314
10302.0,1,1,10,0,12,0,314
10303.0,1,1,10,0,12,0,314
10304.0,1,1,10,0,12,0,314
10305.0,1,1,10,0,12,0,314
10306.0,1,1,10,0,12,0,314
10307.0,1,1,10,0,12,0,314
10308.0,1,1,10,0,12,0,314
10309.0,1,1,10,0,12,0,314
10310.0,1,1,10,0,12,0,314
10311.0,1,1,10,0,12,0,314
10312.0,1,1,10,0,12,0,314
10313.0,1,1,10,0,12,0,314
10314.0,1,1,10,0,12,0,314
10315.0,1,1,10,0,12,0,314
10316.0,1,1,10,0,12,0,314
10317.0,1,1,10,0,12,0,314
10318.0,1,1,10,0,12,0,314
10319.0,1,1,10,0,12,0,314
10320.0,1,1,10,0,12,0,314
10321.0,1,1,10,0,12,0,314
10322.0,1,1,10,0,12,0,314
10323.0,1,1,10,0,12,0,314
10324.0,1,1,10,0,12,0,314
10325.0,1,1,10,0,12,0,314
10326.0,1,1,10,0,12,0,314
10327.0,1,1,10,0,12,0,314
10328.0,1,1,10,0,12,0,314
10329.0,1,1,10,0,12,0,314
10330.0,1,1,10,0,12,0,314
10331.0,1,1,10,0,12,0,314
10332.0,1,1,10,0,12,0,314
10333.0,1,1,10,0,12,0,314
10334.0,1,1,10,0,12,0,314
10335.0,1,1,10,0,12,0,314
10336.0,1,1,10,0,12,0,314
10337.0,1,1,10,0,12,0,314
10338.0,1,1,10,0,12,0,314
10339.0,1,1,10,0,12,0,314
10340.0,1,1,10,0,12,0,314
10341.0,1,1,10,0,12,0,314
10342.0,1,1,10,0,12,0,314
10343.0,1,1,10,0,12,0,314
10344.0,1,1,10,0,12,0,314
10345.0,1,1,10,0,12,0,314
10346.0,1,1,10,0,12,0,314
10347.0,1,1,10,0,12,0,314
10348.0,1,1,10,0,12,0,314
10349.0,1,1,10,0,12,0,314
10350.0,1,1,10,0,12,0,314
10351.0,1,1,10,0,12,0,314
10352.0,1,1,10,0,12,0,314
10353.0,1,1,10,0,12,0,314
10354.0,1,1,10,0,12,0,314
10355.0,1,1,10,0,12,0,314
10356.0,1,1,10,0,12,0,314
10357.0,1,1,10,0,12,0,314
10358.0,1,1,10,0,12,0,314
10359.0,1,1,10,0,12,0,314
10360.0,1,1,10,0,12,0,314
10361.0,1,1,10,0,12,0,314
10362.0,1,1,10,0,12,0,314
10363.0,1,1,10,0,12,0,314
10364.0,1,1,10,0,12,0,314
10365.0,1,1,10,0,12,0,314
10366.0,1,1,10,0,12,0,314
10367.0,1,1,10,0,12,0,314
10368.0,1,1,10,0,12,0,314
10369.0,1,1,10,0,12,0,314
10370.0,1,1,10,0,12,0,314
10371.0,1,1,10,0,12,0,314
10372.0,1,1,10,0,12,0,314
10373.0,1,1,10,0,12,0,314
10374.0,1,1,10,0,12,0,314
10375.0,1,1,10,0,12,0,314
10376.0,1,1,10,0,12,0,314
10377.0,1,1,10,0,12,0,314
10378.0,1,1,10,0,12,0,314
10379.0,1,1,10,0,12,0,314
10380.0,1,1,10,0,12,0,314
10381.0,1,1,10,0,12,0,314
10382.0,1,1,10,0,12,0,314
10383.0,1,1,10,0,12,0,314
10384.0,1,1,10,0,12,0,314
10385.0,1,1,10,0,12,0,314
10386.0,1,1,10,0,12,0,314
10387.0,1,1,10,0,12,0,314
10388.0,1,1,10,0,12,0,314
10389.0,1,1,10,0,12,0,314
10390.0,1,1,10,0,12,0,314
10391.0,1,1,10,0,12,0,314
10392.0,1,1,10,0,12,0,314
10393.0,1,1,10,0,12,0,314
10394.0,1,1,10,0,12,0,314
10395.0,1,1,10,0,12,0,314
10396.0,1,1,10,0,12,0,314
10397.0,1,1,10,0,12,0,314
10398.0,1,1,10,0,12,0,314
10399.0,1,1,10,0,12,0,314
10400.0,1,1,10,0,12,0,314
10401.0,1,1,10,0,12,0,314
10402.0,1,1,10,0,12,0,314
10403.0,1,1,10,0,12,0,314
10404.0,1,1,10,0,12,0,314
10405.0,1,1,10,0,12,0,314
10406.0,1,1,10,0,12,0,314
10407.0,1,1,10,0,12,0,314
10408.0,1,1,10,0,12,0,314
10409.0,1,1,10,0,12,0,314
10410.0,1,1,10,0,12,0,314
10411.0,1,1,10,0,12,0,314
10412.0,1,1,10,0,12,0,314
10413.0,1,1,10,0,12,0,314
10414.0,1,1,10,0,12,0,314
10415.0,1,1,10,0,12,0,314
10416.0,1,1,10,0,12,0,314
10417.0,1,1,10,0,12,0,314
10418.0,1,1,10,0,12,0,314
10419.0,1,1,10,0,12,0,314
10420.0,1,1,10,0,12,0,314
10421.0,1,1,10,0,12,0,314
10422.0,1,1,10,0,12,0,314
10423.0,1,1,10,0,12,0,314
10424.0,1,1,10,0,12,0,314
10425.0,1,1,10,0,12,0,314
10426.0,1,1,10,0,12,0,314
10427.0,1,1,10,0,12,0,314
10428.0,1,1,10,0,12,0,314
10429.0,1,1,10,0,12,0,314
10430.0,1,1,10,0,12,0,314
10431.0,1,1,10,0,12,0,314
10432.0,1,1,10,0,12,0,314
10433.0,1,1,10,0,12,0,314
10434.0,1,1,10,0,12,0,314
10435.0,1,1,10,0,12,0,314
10436.0,1,1,10,0,12,0,314
10437.0,1,1,10,0,12,0,314
10438.0,1,1,10,0,12,0,314
10439.0,1,1,10,0,12,0,314
10440.0,1,1,10,0,12,0,314
10441.0,1,1,10,0,12,0,314
10442.0,1,1,10,0,12,0,314
10443.0,1,1,10,0,12,0,314
10444.0,1,1,10,0,12,0,314
10445.0,1,1,10,0,12,0,314
10446.0,1,1,10,0,12,0,314
10447.0,1,1,10,0,12,0,314
10448.0,1,1,10,0,12,0,314
10449.0,1,1,10,0,12,0,314
10450.0,1,1,10,0,12,0,314
10451.0,1,1,10,0,12,0,314
10452.0,1,1,10,0,12,0,314
10453.0,1,1,10,0,12,0,314
10454.0,1,1,10,0,12,0,314
10455.0,1,1,10,0,12,0,314
10456.0,1,1,10,0,12,0,314
10457.0,1,1,10,0,12,0,314
10458.0,1,1,10,0,12,0,314
10459.0,1,1,10,0,12,0,314
10460.0,1,1,10,0,12,0,314
10461.0,1,1,10,0,12,0,314
10462.0,1,1,10,0,12,0,314
10463.0,1,1,10,0,12,0,314
10464.0,1,1,10,0,12,0,314
10465.0,1,1,10,0,12,0,314
10466.0,1,1,10,0,12,0,314
10467.0,1,1,10,0,12,0,314
10468.0,1,1,10,0,12,0,314
10469.0,1,1,10,0,12,0,314
10470.0,1,1,10,0,12,0,314
10471.0,1,1,10,0,12,0,314
10472.0,1,1,10,0,12,0,314
10473.0,1,1,10,0,12,0,314
10474.0,1,1,10,0,12,0,314
10475.0,1,1,10,0,12,0,314
10476.0,1,1,10,0,12,0,314
10477.0,1,1,10,0,12,0,314
10478.0,1,1,10,0,12,0,314
10479.0,1,1,10,0,12,0,314
10480.0,1,1,10,0,12,0,314
10481.0,1,1,10,0,12,0,314
10482.0,1,1,10,0,12,0,314
10483.0,1,1,10,0,12,0,314
10484.0,1,1,10,0,12,0,314
10485.0,1,1,10,0,12,0,314
10486.0,1,1,10,0,12,0,314
10487.0,1,1,10,0,12,0,314
10488.0,1,1,10,0,12,0,314
10489.0,1,1,10,0,12,0,314
10490.0,1,1,10,0,12,0,314
10491.0,1,1,10,0,12,0,314
10492.0,1,1,10,0,12,0,314
10493.0,1,1,10,0,12,0,314
10494.0,1,1,10,0,12,0,314
10495.0,1,1,10,0,12,0,314
10496.0,1,1,10,0,12,0,314
10497.0,1,1,10,0,12,0,314
10498.0,1,1,10,0,12,0,314
10499.0,1,1,10,0,12,0,314
10500.0,1,1,10,0,12,0,314
10501.0,1,1,10,0,12,0,314
10502.0,1,1,10,0,12,0,314
10503.0,1,1,10,0,12,0,314
10504.0,1,1,10,0,12,0,314
10505.0,1,1,10,0,12,0,314
10506.0,1,1,10,0,12,0,314
10507.0,1,1,10,0,12,0,314
10508.0,1,1,10,0,12,0,314
10509.0,1,1,10,0,12,0,314
10510.0,1,1,10,0,12,0,314
10511.0,1,1,10,0,12,0,314
10512.0,1,1,10,0,12,0,314
10513.0,1,1,10,0,12,0,314
10514.0,1,1,10,0,12,0,314
10515.0,1,1,10,0,12,0,314
10516.0,1,1,10,0,12,0,314
10517.0,1,1,10,0,12,0,314
10518.0,1,1,10,0,12,0,314
10519.0,1,1,10,0,12,0,314
10520.0,1,1,10,0,12,0,314
10521.0,1,1,10,0,12,0,314
10522.0,1,1,10,0,12,0,314
10523.0,1,1,10,0,12,0,314
10524.0,1,1,10,0,12,0,314
10525.0,1,1,10,0,12,0,314
10526.0,1,1,10,0,12,0,314
10527.0,1,1,10,0,12,0,314
10528.0,1,1,10,0,12,0,314
10529.0,1,1,10,0,12,0,314
10530.0,1,1,10,0,12,0,314
10531.0,1,1,10,0,12,0,314
10532.0,1,1,10,0,12,0,314
10533.0,1,1,10,0,12,0,314
10534.0,1,1,10,0,12,0,314
10535.0,1,1,10,0,12,0,314
10536.0,1,1,10,0,12,0,314
10537.0,1,1,10,0,12,0,314
10538.0,1,1,10,0,12,0,314
10539.0,1,1,10,0,12,0,314
10540.0,1,1,10,0,12,0,314
10541.0,1,1,10,0,12,0,314
10542.0,1,1,10,0,12,0,314
10543.0,1,1,10,0,12,0,314
10544.0,1,1,10,0,12,0,314
10545.0,1,1,10,0,12,0,314
10546.0,1,1,10,0,12,0,314
10547.0,1,1,10,0,12,0,314
10548.0,1,1,10,0,12,0,314
10549.0,1,1,10,0,12,0,314
10550.0,1,1,10,0,12,0,314
10551.0,1,1,10,0,12,0,314
10552.0,1,1,10,0,12,0,314
10553.0,1,1,10,0,12,0,314
10554.0,1,1,10,0,12,0,314
10555.0,1,1,10,0,12,0,314
10556.0,1,1,10,0,12,0,314
10557.0,1,1,10,0,12,0,314
10558.0,1,1,10,0,12,0,314
10559.0,1,1,10,0,12,0,314
10560.0,1,1,10,0,12,0,314
10561.0,1,1,10,0,12,0,314
10562.0,1,1,10,0,12,0,314
10563.0,1,1,10,0,12,0,314
10564.0,1,1,10,0,12,0,314
10565.0,1,1,10,0,12,0,314
10566.0,1,1,10,0,12,0,314
10567.0,1,1,10,0,12,0,314
10568.0,1,1,10,0,12,0,314
10569.0,1,1,10,0,12,0,314
10570.0,1,1,10,0,12,0,314
10571.0,1,1,10,0,12,0,314
10572.0,1,1,10,0,12,0,314
10573.0,1,1,10,0,12,0,314
10574.0,1,1,10,0,12,0,314
10575.0,1,1,10,0,12,0,314
10576.0,1,1,10,0,12,0,314
10577.0,1,1,10,0,12,0,314
10578.0,1,1,10,0,12,0,314
10579.0,1,1,10,0,12,0,314
10580.0,1,1,10,0,12,0,314
10581.0,1,1,10,0,12,0,314
10582.0,1,1,10,0,12,0,314
10583.0,1,1,10,0,12,0,314
10584.0,1,1,10,0,12,0,314
10585.0,1,1,10,0,12,0,314
10586.0,1,1,10,0,12,0,314
10587.0,1,1,10,0,12,0,314
10588.0,1,1,10,0,12,0,314
10589.0,1,1,10,0,12,0,314
10590.0,1,1,10,0,12,0,314
10591.0,1,1,10,0,12,0,314
10592.0,1,1,10,0,12,0,314
10593.0,1,1,10,0,12,0,314
10594.0,1,1,10,0,12,0,314
10595.0,1,1,10,0,12,0,314
10596.0,1,1,10,0,12,0,314
10597.0,1,1,10,0,12,0,314
10598.0,1,1,10,0,12,0,314
10599.0,1,1,10,0,12,0,314
10600.0,1,1,10,0,12,0,314
10601.0,1,1,10,0,12,0,314
10602.0,1,1,10,0,12,0,314
10603.0,1,1,10,0,12,0,314
10604.0,1,1,10,0,12,0,314
10605.0,1,1,10,0,12,0,314
10606.0,1,1,10,0,12,0,314
10607.0,1,1,10,0,12,0,314
10608.0,1,1,10,0,12,0,314
10609.0,1,1,10,0,12,0,314
10610.0,1,1,10,0,12,0,314
10611.0,1,1,10,0,12,0,314
10612.0,1,1,10,0,12,0,314
10613.0,1,1,10,0,12,0,314
10614.0,1,1,10,0,12,0,314
10615.0,1,1,10,0,12,0,314
10616.0,1,1,10,0,12,0,314
10617.0,1,1,10,0,12,0,314
10618.0,1,1,10,0,12,0,314
10619.0,1,1,10,0,12,0,314
10620.0,1,1,10,0,12,0,314
10621.0,1,1,10,0,12,0,314
10622.0,1,1,10,0,12,0,314
10623.0,1,1,10,0,12,0,314
10624.0,1,1,10,0,12,0,314
10625.0,1,1,10,0,12,0,314
10626.0,1,1,10,0,12,0,314
10627.0,1,1,10,0,12,0,314
10628.0,1,1,10,0,12,0,314
10629.0,1,1,10,0,12,0,314
10630.0,1,1,10,0,12,0,314
10631.0,1,1,10,0,12,0,314
10632.0,1,1,10,0,12,0,314
10633.0,1,1,10,0,12,0,314
10634.0,1,1,10,0,12,0,314
10635.0,1,1,10,0,12,0,314
10636.0,1,1,10,0,12,0,314
10637.0,1,1,10,0,12,0,314
10638.0,1,1,10,0,12,0,314
10639.0,1,1,10,0,12,0,314
10640.0,1,1,10,0,12,0,314
10641.0,1,1,10,0,12,0,314
10642.0,1,1,10,0,12,0,314
10643.0,1,1,10,0,12,0,314
10644.0,1,1,10,0,12,0,314
10645.0,1,1,10,0,12,0,314
10646.0,1,1,10,0,12,0,314
10647.0,1,1,10,0,12,0,314
10648.0,1,1,10,0,12,0,314
10649.0,1,1,10,0,12,0,314
10650.0,1,1,10,0,12,0,314
10651.0,1,1,10,0,12,0,314
10652.0,1,1,10,0,12,0,314
10653.0,1,1,10,0,12,0,314
10654.0,1,1,10,0,12,0,314
10655.0,1,1,10,0,12,0,314
10656.0,1,1,10,0,12,0,314
10657.0,1,1,10,0,12,0,314
10658.0,1,1,10,0,12,0,314
10659.0,1,1,10,0,12,0,314
10660.0,1,1,10,0,12,0,314
10661.0,1,1,10,0,12,0,314
10662.0,1,1,10,0,12,0,314
10663.0,1,1,10,0,12,0,314
10664.0,1,1,10,0,12,0,314
10665.0,1,1,10,0,12,0,314
10666.0,1,1,10,0,12,0,314
10667.0,1,1,10,0,12,0,314
10668.0,1,1,10,0,12,0,314
10669.0,1,1,10,0,12,0,314
10670.0,1,1,10,0,12,0,314
10671.0,1,1,10,0,12,0,314
10672.0,1,1,10,0,12,0,314
10673.0,1,1,10,0,12,0,314
10674.0,1,1,10,0,12,0,314
10675.0,1,1,10,0,12,0,314
10676.0,1,1,10,0,12,0,314
10677.0,1,1,10,0,12,0,314
10678.0,1,1,10,0,12,0,314
10679.0,1,1,10,0,12,0,314
10680.0,1,1,10,0,12,0,314
10681.0,1,1,10,0,12,0,314
10682.0,1,1,10,0,12,0,314
10683.0,1,1,10,0,12,0,314
10684.0,1,1,10,0,12,0,314
10685.0,1,1,10,0,12,0,314
10686.0,1,1,10,0,12,0,314
10687.0,1,1,10,0,12,0,314
10688.0,1,1,10,0,12,0,314
10689.0,1,1,10,0,12,0,314
10690.0,1,1,10,0,12,0,314
10691.0,1,1,10,0,12,0,314
10692.0,1,1,10,0,12,0,314
10693.0,1,1,10,0,12,0,314
10694.0,1,1,10,0,12,0,314
10695.0,1,1,10,0,12,0,314
10696.0,1,1,10,0,12,0,314
10697.0,1,1,10,0,12,0,314
10698.0,1,1,10,0,12,0,314
10699.0,1,1,10,0,12,0,314
10700.0,1,1,10,0,12,0,314
10701.0,1,1,10,0,12,0,314
10702.0,1,1,10,0,12,0,314
10703.0,1,1,10,0,12,0,314
10704.0,1,1,10,0,12,0,314
10705.0,1,1,10,0,12,0,314
10706.0,1,1,10,0,12,0,314
10707.0,1,1,10,0,12,0,314
10708.0,1,1,10,0,12,0,314
10709.0,1,1,10,0,12,0,314
10710.0,1,1,10,0,12,0,314
10711.0,1,1,10,0,12,0,314
10712.0,1,1,10,0,12,0,314
10713.0,1,1,10,0,12,0,314
10714.0,1,1,10,0,12,0,314
10715.0,1,1,10,0,12,0,314
10716.0,1,1,10,0,12,0,314
10717.0,1,1,10,0,12,0,314
10718.0,1,1,10,0,12,0,314
10719.0,1,1,10,0,12,0,314
10720.0,1,1,10,0,12,0,314
10721.0,1,1,10,0,12,0,314
10722.0,1,1,10,0,12,0,314
10723.0,1,1,10,0,12,0,314
10724.0,1,1,10,0,12,0,314
10725.0,1,1,10,0,12,0,314
10726.0,1,1,10,0,12,0,314
10727.0,1,1,10,0,12,0,314
10728.0,1,1,10,0,12,0,314
10729.0,1,1,10,0,12,0,314
10730.0,1,1,10,0,12,0,314
10731.0,1,1,10,0,12,0,314
10732.0,1,1,10,0,12,0,314
10733.0,1,1,10,0,12,0,314
10734.0,1,1,10,0,12,0,314
10735.0,1,1,10,0,12,0,314
10736.0,1,1,10,0,12,0,314
10737.0,1,1,10,0,12,0,314
10738.0,1,1,10,0,12,0,314
10739.0,1,1,10,0,12,0,314
10740.0,1,1,10,0,12,0,314
10741.0,1,1,10,0,12,0,314
10742.0,1,1,10,0,12,0,314
10743.0,1,1,10,0,12,0,314
10744.0,1,1,10,0,12,0,314
10745.0,1,1,10,0,12,0,314
10746.0,1,1,10,0,12,0,314
10747.0,1,1,10,0,12,0,314
10748.0,1,1,10,0,12,0,314
10749.0,1,1,10,0,12,0,314
10750.0,1,1,10,0,12,0,314
10751.0,1,1,10,0,12,0,314
10752.0,1,1,10,0,12,0,314
10753.0,1,1,10,0,12,0,314
10754.0,1,1,10,0,12,0,314
10755.0,1,1,10,0,12,0,314
10756.0,1,1,10,0,12,0,314
10757.0,1,1,10,0,12,0,314
10758.0,1,1,10,0,12,0,314
10759.0,1,1,10,0,12,0,314
10760.0,1,1,10,0,12,0,314
10761.0,1,1,10,0,12,0,314
10762.0,1,1,10,0,12,0,314
10763.0,1,1,10,0,12,0,314
10764.0,1,1,10,0,12,0,314
10765.0,1,1,10,0,12,0,314
10766.0,1,1,10,0,12,0,314
10767.0,1,1,10,0,12,0,314
10768.0,1,1,10,0,12,0,314
10769.0,1,1,10,0,12,0,314
10770.0,1,1,10,0,12,0,314
10771.0,1,1,10,0,12,0,314
10772.0,1,1,10,0,12,0,314
10773.0,1,1,10,0,12,0,314
10774.0,1,1,10,0,12,0,314
10775.0,1,1,10,0,12,0,314
10776.0,1,1,10,0,12,0,314
10777.0,1,1,10,0,12,0,314
10778.0,1,1,10,0,12,0,314
10779.0,1,1,10,0,12,0,314
10780.0,1,1,10,0,12,0,314
10781.0,1,1,10,0,12,0,314
10782.0,1,1,10,0,12,0,314
10783.0,1,1,10,0,12,0,314
10784.0,1,1,10,0,12,0,314
10785.0,1,1,10,0,12,0,314
10786.0,1,1,10,0,12,0,314
10787.0,1,1,10,0,12,0,314
10788.0,1,1,10,0,12,0,314
10789.0,1,1,10,0,12,0,314
10790.0,1,1,10,0,12,0,314
10791.0,1,1,10,0,12,0,314
10792.0,1,1,10,0,12,0,314
10793.0,1,1,10,0,12,0,314
10794.0,1,1,10,0,12,0,314
10795.0,1,1,10,0,12,0,314
10796.0,1,1,10,0,12,0,314
10797.0,1,1,10,0,12,0,314
10798.0,1,1,10,0,12,0,314
10799.0,1,1,10,0,12,0,314
10800.0,1,1,10,0,12,0,314
10801.0,1,1,10,0,12,0,314
10802.0,1,1,10,0,12,0,314
10803.0,1,1,10,0,12,0,314
10804.0,1,1,10,0,12,0,314
10805.0,1,1,10,0,12,0,314
10806.0,1,1,10,0,12,0,314
10807.0,1,1,10,0,12,0,314
10808.0,1,1,10,0,12,0,314
10809.0,1,1,10,0,12,0,314
10810.0,1,1,10,0,12,0,314
10811.0,1,1,10,0,12,0,314
10812.0,1,1,10,0,12,0,314
10813.0,1,1,10,0,12,0,314
10814.0,1,1,10,0,12,0,314
10815.0,1,1,10,0,12,0,314
10816.0,1,1,10,0,12,0,314
10817.0,1,1,10,0,12,0,314
10818.0,1,1,10,0,12,0,314
10819.0,1,1,10,0,12,0,314
10820.0,1,1,10,0,12,0,314
10821.0,1,1,10,0,12,0,314
10822.0,1,1,10,0,12,0,314
10823.0,1,1,10,0,12,0,314
10824.0,1,1,10,0,12,0,314
10825.0,1,1,10,0,12,0,314
10826.0,1,1,10,0,12,0,314
10827.0,1,1,10,0,12,0,314
10828.0,1,1,10,0,12,0,314
10829.0,1,1,10,0,12,0,314
10830.0,1,1,10,0,12,0,314
10831.0,1,1,10,0,12,0,314
10832.0,1,1,10,0,12,0,314
10833.0,1,1,10,0,12,0,314
10834.0,1,1,10,0,12,0,314
10835.0,1,1,10,0,12,0,314
10836.0,1,1,10,0,12,0,314
10837.0,1,1,10,0,12,0,314
10838.0,1,1,10,0,12,0,314
10839.0,1,1,10,0,12,0,314
10840.0,1,1,10,0,12,0,314
10841.0,1,1,10,0,12,0,314
10842.0,1,1,10,0,12,0,314
10843.0,1,1,10,0,12,0,314
10844.0,1,1,10,0,12,0,314
10845.0,1,1,10,0,12,0,314
10846.0,1,1,10,0,12,0,314
10847.0,1,1,10,0,12,0,314
10848.0,1,1,10,0,12,0,314
10849.0,1,1,10,0,12,0,314
10850.0,1,1,10,0,12,0,314
10851.0,1,1,10,0,12,0,314
10852.0,1,1,10,0,12,0,314
10853.0,1,1,10,0,12,0,314
10854.0,1,1,10,0,12,0,314
10855.0,1,1,10,0,12,0,314
10856.0,1,1,10,0,12,0,314
10857.0,1,1,10,0,12,0,314
10858.0,1,1,10,0,12,0,314
10859.0,1,1,10,0,12,0,314
10860.0,1,1,10,0,12,0,314
10861.0,1,1,10,0,12,0,314
10862.0,1,1,10,0,12,0,314
10863.0,1,1,10,0,12,0,314
10864.0,1,1,10,0,12,0,314
10865.0,1,1,10,0,12,0,314
10866.0,1,1,10,0,12,0,314
10867.0,1,1,10,0,12,0,314
10868.0,1,1,10,0,12,0,314
10869.0,1,1,10,0,12,0,314
10870.0,1,1,10,0,12,0,314
10871.0,1,1,10,0,12,0,314
10872.0,1,1,10,0,12,0,314
10873.0,1,1,10,0,12,0,314
10874.0,1,1,10,0,12,0,314
10875.0,1,1,10,0,12,0,314
10876.0,1,1,10,0,12,0,314
10877.0,1,1,10,0,12,0,314
10878.0,1,1,10,0,12,0,314
10879.0,1,1,10,0,12,0,314
10880.0,1,1,10,0,12,0,314
10881.0,1,1,10,0,12,0,314
10882.0,1,1,10,0,12,0,314
10883.0,1,1,10,0,12,0,314
10884.0,1,1,10,0,12,0,314
10885.0,1,1,10,0,12,0,314
10886.0,1,1,10,0,12,0,314
10887.0,1,1,10,0,12,0,314
10888.0,1,1,10,0,12,0,314
10889.0,1,1,10,0,12,0,314
10890.0,1,1,10,0,12,0,314
10891.0,1,1,10,0,12,0,314
10892.0,1,1,10,0,12,0,314
10893.0,1,1,10,0,12,0,314
10894.0,1,1,10,0,12,0,314
10895.0,1,1,10,0,12,0,314
10896.0,1,1,10,0,12,0,314
10897.0,1,1,10,0,12,0,314
10898.0,1,1,10,0,12,0,314
10899.0,1,1,10,0,12,0,314
10900.0,1,1,10,0,12,0,314
10901.0,1,1,10,0,12,0,314
10902.0,1,1,10,0,12,0,314
10903.0,1,1,10,0,12,0,314
10904.0,1,1,10,0,12,0,314
10905.0,1,1,10,0,12,0,314
10906.0,1,1,10,0,12,0,314
10907.0,1,1,10,0,12,0,314
10908.0,1,1,10,0,12,0,314
10909.0,1,1,10,0,12,0,314
10910.0,1,1,10,0,12,0,314
10911.0,1,1,10,0,12,0,314
10912.0,1,1,10,0,12,0,314
10913.0,1,1,10,0,12,0,314
10914.0,1,1,10,0,12,0,314
10915.0,1,1,10,0,12,0,314
10916.0,1,1,10,0,12,0,314
10917.0,1,1,10,0,12,0,314
10918.0,1,1,10,0,12,0,314
10919.0,1,1,10,0,12,0,314
10920.0,1,1,10,0,12,0,314
10921.0,1,1,10,0,12,0,314
10922.0,1,1,10,0,12,0,314
10923.0,1,1,10,0,12,0,314
10924.0,1,1,10,0,12,0,314
10925.0,1,1,10,0,12,0,314
10926.0,1,1,10,0,12,0,314
10927.0,1,1,10,0,12,0,314
10928.0,1,1,10,0,12,0,314
10929.0,1,1,10,0,12,0,314
10930.0,1,1,10,0,12,0,314
10931.0,1,1,10,0,12,0,314
10932.0,1,1,10,0,12,0,314
10933.0,1,1,10,0,12,0,314
10934.0,1,1,10,0,12,0,314
10935.0,1,1,10,0,12,0,314
10936.0,1,1,10,0,12,0,314
10937.0,1,1,10,0,12,0,314
10938.0,1,1,10,0,12,0,314
10939.0,1,1,10,0,12,0,314
10940.0,1,1,10,0,12,0,314
10941.0,1,1,10,0,12,0,314
10942.0,1,1,10,0,12,0,314
10943.0,1,1,10,0,12,0,314
10944.0,1,1,10,0,12,0,314
10945.0,1,1,10,0,12,0,314
10946.0,1,1,10,0,12,0,314
10947.0,1,1,10,0,12,0,314
10948.0,1,1,10,0,12,0,314
10949.0,1,1,10,0,12,0,314
10950.0,1,1,10,0,12,0,314
10951.0,1,1,10,0,12,0,314
10952.0,1,1,10,0,12,0,314
10953.0,1,1,10,0,12,0,314
10954.0,1,1,10,0,12,0,314
10955.0,1,1,10,0,12,0,314
10956.0,1,1,10,0,12,0,314
10957.0,1,1,10,0,12,0,314
10958.0,1,1,10,0,12,0,314
10959.0,1,1,10,0,12,0,314
10960.0,1,1,10,0,12,0,314
10961.0,1,1,10,0,12,0,314
10962.0,1,1,10,0,12,0,314
10963.0,1,1,10,0,12,0,314
10964.0,1,1,10,0,12,0,314
10965.0,1,1,10,0,12,0,314
10966.0,1,1,10,0,12,0,314
10967.0,1,1,10,0,12,0,314
10968.0,1,1,10,0,12,0,314
10969.0,1,1,10,0,12,0,314
10970.0,1,1,10,0,12,0,314
10971.0,1,1,10,0,12,0,314
10972.0,1,1,10,0,12,0,314
10973.0,1,1,10,0,12,0,314
10974.0,1,1,10,0,12,0,314
10975.0,1,1,10,0,12,0,314
10976.0,1,1,10,0,12,0,314
10977.0,1,1,10,0,12,0,314
10978.0,1,1,10,0,12,0,314
10979.0,1,1,10,0,12,0,314
10980.0,1,1,10,0,12,0,314
10981.0,1,1,10,0,12,0,314
10982.0,1,1,10,0,12,0,314
10983.0,1,1,10,0,12,0,314
10984.0,1,1,10,0,12,0,314
10985.0,1,1,10,0,12,0,314
10986.0,1,1,10,0,12,0,314
10987.0,1,1,10,0,12,0,314
10988.0,1,1,10,0,12,0,314
10989.0,1,1,10,0,12,0,314
10990.0,1,1,10,0,12,0,314
10991.0,1,1,10,0,12,0,314
10992.0,1,1,10,0,12,0,314
10993.0,1,1,10,0,12,0,314
10994.0,1,1,10,0,12,0,314
10995.0,1,1,10,0,12,0,314
10996.0,1,1,10,0,12,0,314
10997.0,1,1,10,0,12,0,314
10998.0,1,1,10,0,12,0,314
10999.0,1,1,10,0,12,0,314
11000.0,1,1,10,0,12,0,314
11001.0,1,1,10,0,12,0,314
11002.0,1,1,10,0,12,0,314
11003.0,1,1,10,0,12,0,314
11004.0,1,1,10,0,12,0,314
11005.0,1,1,10,0,12,0,314
11006.0,1,1,10,0,12,0,314
11007.0,1,1,10,0,12,0,314
11008.0,1,1,10,0,12,0,314
11009.0,1,1,10,0,12,0,314
11010.0,1,1,10,0,12,0,314
11011.0,1,1,10,0,12,0,314
11012.0,1,1,10,0,12,0,314
11013.0,1,1,10,0,12,0,314
11014.0,1,1,10,0,12,0,314
11015.0,1,1,10,0,12,0,314
11016.0,1,1,10,0,12,0,314
11017.0,1,1,10,0,12,0,314
11018.0,1,1,10,0,12,0,314
11019.0,1,1,10,0,12,0,314
11020.0,1,1,10,0,12,0,314
11021.0,1,1,10,0,12,0,314
11022.0,1,1,10,0,12,0,314
11023.0,1,1,10,0,12,0,314
11024.0,1,1,10,0,12,0,314
11025.0,1,1,10,0,12,0,314
11026.0,1,1,10,0,12,0,314
11027.0,1,1,10,0,12,0,314
11028.0,1,1,10,0,12,0,314
11029.0,1,1,10,0,12,0,314
11030.0,1,1,10,0,12,0,314
11031.0,1,1,10,0,12,0,314
11032.0,1,1,10,0,12,0,314
11033.0,1,1,10,0,12,0,314
11034.0,1,1,10,0,12,0,314
11035.0,1,1,10,0,12,0,314
11036.0,1,1,10,0,12,0,314
11037.0,1,1,10,0,12,0,314
11038.0,1,1,10,0,12,0,314
11039.0,1,1,10,0,12,0,314
11040.0,1,1,10,0,12,0,314
11041.0,1,1,10,0,12,0,314
11042.0,1,1,10,0,12,0,314
11043.0,1,1,10,0,12,0,314
11044.0,1,1,10,0,12,0,314
11045.0,1,1,10,0,12,0,314
11046.0,1,1,10,0,12,0,314
11047.0,1,1,10,0,12,0,314
11048.0,1,1,10,0,12,0,314
11049.0,1,1,10,0,12,0,314
11050.0,1,1,10,0,12,0,314
11051.0,1,1,10,0,12,0,314
11052.0,1,1,10,0,12,0,314
11053.0,1,1,10,0,12,0,314
11054.0,1,1,10,0,12,0,314
11055.0,1,1,10,0,12,0,314
11056.0,1,1,10,0,12,0,314
11057.0,1,1,10,0,12,0,314
11058.0,1,1,10,0,12,0,314
11059.0,1,1,10,0,12,0,314
11060.0,1,1,10,0,12,0,314
11061.0,1,1,10,0,12,0,314
11062.0,1,1,10,0,12,0,314
11063.0,1,1,10,0,12,0,314
11064.0,1,1,10,0,12,0,314
11065.0,1,1,10,0,12,0,314
11066.0,1,1,10,0,12,0,314
11067.0,1,1,10,0,12,0,314
11068.0,1,1,10,0,12,0,314
11069.0,1,1,10,0,12,0,314
11070.0,1,1,10,0,12,0,314
11071.0,1,1,10,0,12,0,314
11072.0,1,1,10,0,12,0,314
11073.0,1,1,10,0,12,0,314
11074.0,1,1,10,0,12,0,314
11075.0,1,1,10,0,12,0,314
11076.0,1,1,10,0,12,0,314
11077.0,1,1,10,0,12,0,314
11078.0,1,1,10,0,12,0,314
11079.0,1,1,10,0,12,0,314
11080.0,1,1,10,0,12,0,314
11081.0,1,1,10,0,12,0,314
11082.0,1,1,10,0,12,0,314
11083.0,1,1,10,0,12,0,314
11084.0,1,1,10,0,12,0,314
11085.0,1,1,10,0,12,0,314
11086.0,1,1,10,0,12,0,314
11087.0,1,1,10,0,12,0,314
11088.0,1,1,10,0,12,0,314
11089.0,1,1,10,0,12,0,314
11090.0,1,1,10,0,12,0,314
11091.0,1,1,10,0,12,0,314
11092.0,1,1,10,0,12,0,314
11093.0,1,1,10,0,12,0,314
11094.0,1,1,10,0,12,0,314
11095.0,1,1,10,0,12,0,314
11096.0,1,1,10,0,12,0,314
11097.0,1,1,10,0,12,0,314
11098.0,1,1,10,0,12,0,314
11099.0,1,1,10,0,12,0,314
11100.0,1,1,10,0,12,0,314
11101.0,1,1,10,0,12,0,314
11102.0,1,1,10,0,12,0,314
11103.0,1,1,10,0,12,0,314
11104.0,1,1,10,0,12,0,314
11105.0,1,1,10,0,12,0,314
11106.0,1,1,10,0,12,0,314
11107.0,1,1,10,0,12,0,314
11108.0,1,1,10,0,12,0,314
11109.0,1,1,10,0,12,0,314
11110.0,1,1,10,0,12,0,314
11111.0,1,1,10,0,12,0,314
11112.0,1,1,10,0,12,0,314
11113.0,1,1,10,0,12,0,314
11114.0,1,1,10,0,12,0,314
11115.0,1,1,10,0,12,0,314
11116.0,1,1,10,0,12,0,314
11117.0,1,1,10,0,12,0,314
11118.0,1,1,10,0,12,0,314
11119.0,1,1,10,0,12,0,314
11120.0,1,1,10,0,12,0,314
11121.0,1,1,10,0,12,0,314
11122.0,1,1,10,0,12,0,314
11123.0,1,1,10,0,12,0,314
11124.0,1,1,10,0,12,0,314
11125.0,1,1,10,0,12,0,314
11126.0,1,1,10,0,12,0,314
11127.0,1,1,10,0,12,0,314
11128.0,1,1,10,0,12,0,314
11129.0,1,1,10,0,12,0,314
11130.0,1,1,10,0,12,0,314
11131.0,1,1,10,0,12,0,314
11132.0,1,1,10,0,12,0,314
11133.0,1,1,10,0,12,0,314
11134.0,1,1,10,0,12,0,314
11135.0,1,1,10,0,12,0,314
11136.0,1,1,10,0,12,0,314
11137.0,1,1,10,0,12,0,314
11138.0,1,1,10,0,12,0,314
11139.0,1,1,10,0,12,0,314
11140.0,1,1,10,0,12,0,314
11141.0,1,1,10,0,12,0,314
11142.0,1,1,10,0,12,0,314
11143.0,1,1,10,0,12,0,314
11144.0,1,1,10,0,12,0,314
11145.0,1,1,10,0,12,0,314
11146.0,1,1,10,0,12,0,314
11147.0,1,1,10,0,12,0,314
11148.0,1,1,10,0,12,0,314
11149.0,1,1,10,0,12,0,314
11150.0,1,1,10,0,12,0,314
11151.0,1,1,10,0,12,0,314
11152.0,1,1,10,0,12,0,314
11153.0,1,1,10,0,12,0,314
11154.0,1,1,10,0,12,0,314
11155.0,1,1,10,0,12,0,314
11156.0,1,1,10,0,12,0,314
11157.0,1,1,10,0,12,0,314
11158.0,1,1,10,0,12,0,314
11159.0,1,1,10,0,12,0,314
11160.0,1,1,10,0,12,0,314
11161.0,1,1,10,0,12,0,314
11162.0,1,1,10,0,12,0,314
11163.0,1,1,10,0,12,0,314
11164.0,1,1,10,0,12,0,314
11165.0,1,1,10,0,12,0,314
11166.0,1,1,10,0,12,0,314
11167.0,1,1,10,0,12,0,314
11168.0,1,1,10,0,12,0,314
11169.0,1,1,10,0,12,0,314
11170.0,1,1,10,0,12,0,314
11171.0,1,1,10,0,12,0,314
11172.0,1,1,10,0,12,0,314
11173.0,1,1,10,0,12,0,314
11174.0,1,1,10,0,12,0,314
11175.0,1,1,10,0,12,0,314
11176.0,1,1,10,0,12,0,314
11177.0,1,1,10,0,12,0,314
11178.0,1,1,10,0,12,0,314
11179.0,1,1,10,0,12,0,314
11180.0,1,1,10,0,12,0,314
11181.0,1,1,10,0,12,0,314
11182.0,1,1,10,0,12,0,314
11183.0,1,1,10,0,12,0,314
11184.0,1,1,10,0,12,0,314
11185.0,1,1,10,0,12,0,314
11186.0,1,1,10,0,12,0,314
11187.0,1,1,10,0,12,0,314
11188.0,1,1,10,0,12,0,314
11189.0,1,1,10,0,12,0,314
11190.0,1,1,10,0,12,0,314
11191.0,1,1,10,0,12,0,314
11192.0,1,1,10,0,12,0,314
11193.0,1,1,10,0,12,0,314
11194.0,1,1,10,0,12,0,314
11195.0,1,1,10,0,12,0,314
11196.0,1,1,10,0,12,0,314
11197.0,1,1,10,0,12,0,314
11198.0,1,1,10,0,12,0,314
11199.0,1,1,10,0,12,0,314
11200.0,1,1,10,0,12,0,314
11201.0,1,1,10,0,12,0,314
11202.0,1,1,10,0,12,0,314
11203.0,1,1,10,0,12,0,314
11204.0,1,1,10,0,12,0,314
11205.0,1,1,10,0,12,0,314
11206.0,1,1,10,0,12,0,314
11207.0,1,1,10,0,12,0,314
11208.0,1,1,10,0,12,0,314
11209.0,1,1,10,0,12,0,314
11210.0,1,1,10,0,12,0,314
11211.0,1,1,10,0,12,0,314
11212.0,1,1,10,0,12,0,314
11213.0,1,1,10,0,12,0,314
11214.0,1,1,10,0,12,0,314
11215.0,1,1,10,0,12,0,314
11216.0,1,1,10,0,12,0,314
11217.0,1,1,10,0,12,0,314
11218.0,1,1,10,0,12,0,314
11219.0,1,1,10,0,12,0,314
11220.0,1,1,10,0,12,0,314
11221.0,1,1,10,0,12,0,314
11222.0,1,1,10,0,12,0,314
11223.0,1,1,10,0,12,0,314
11224.0,1,1,10,0,12,0,314
11225.0,1,1,10,0,12,0,314
11226.0,1,1,10,0,12,0,314
11227.0,1,1,10,0,12,0,314
11228.0,1,1,10,0,12,0,314
11229.0,1,1,10,0,12,0,314
11230.0,1,1,10,0,12,0,314
11231.0,1,1,10,0,12,0,314
11232.0,1,1,10,0,12,0,314
11233.0,1,1,10,0,12,0,314
11234.0,1,1,10,0,12,0,314
11235.0,1,1,10,0,12,0,314
11236.0,1,1,10,0,12,0,314
11237.0,1,1,10,0,12,0,314
11238.0,1,1,10,0,12,0,314
11239.0,1,1,10,0,12,0,314
11240.0,1,1,10,0,12,0,314
11241.0,1,1,10,0,12,0,314
11242.0,1,1,10,0,12,0,314
11243.0,1,1,10,0,12,0,314
11244.0,1,1,10,0,12,0,314
11245.0,1,1,10,0,12,0,314
11246.0,1,1,10,0,12,0,314
11247.0,1,1,10,0,12,0,314
11248.0,1,1,10,0,12,0,314
11249.0,1,1,10,0,12,0,314
11250.0,1,1,10,0,12,0,314
11251.0,1,1,10,0,12,0,314
11252.0,1,1,10,0,12,0,314
11253.0,1,1,10,0,12,0,314
11254.0,1,1,10,0,12,0,314
11255.0,1,1,10,0,12,0,314
11256.0,1,1,10,0,12,0,314
11257.0,1,1,10,0,12,0,314
11258.0,1,1,10,0,12,0,314
11259.0,1,1,10,0,12,0,314
11260.0,1,1,10,0,12,0,314
11261.0,1,1,10,0,12,0,314
11262.0,1,1,10,0,12,0,314
11263.0,1,1,10,0,12,0,314
11264.0,1,1,10,0,12,0,314
11265.0,1,1,10,0,12,0,314
11266.0,1,1,10,0,12,0,314
11267.0,1,1,10,0,12,0,314
11268.0,1,1,10,0,12,0,314
11269.0,1,1,10,0,12,0,314
11270.0,1,1,10,0,12,0,314
11271.0,1,1,10,0,12,0,314
11272.0,1,1,10,0,12,0,314
11273.0,1,1,10,0,12,0,314
11274.0,1,1,10,0,12,0,314
11275.0,1,1,10,0,12,0,314
11276.0,1,1,10,0,12,0,314
11277.0,1,1,10,0,12,0,314
11278.0,1,1,10,0,12,0,314
11279.0,1,1,10,0,12,0,314
11280.0,1,1,10,0,12,0,314
11281.0,1,1,10,0,12,0,314
11282.0,1,1,10,0,12,0,314
11283.0,1,1,10,0,12,0,314
11284.0,1,1,10,0,12,0,314
11285.0,1,1,10,0,12,0,314
11286.0,1,1,10,0,12,0,314
11287.0,1,1,10,0,12,0,314
11288.0,1,1,10,0,12,0,314
11289.0,1,1,10,0,12,0,314
11290.0,1,1,10,0,12,0,314
11291.0,1,1,10,0,12,0,314
11292.0,1,1,10,0,12,0,314
11293.0,1,1,10,0,12,0,314
11294.0,1,1,10,0,12,0,314
11295.0,1,1,10,0,12,0,314
11296.0,1,1,10,0,12,0,314
11297.0,1,1,10,0,12,0,314
11298.0,1,1,10,0,12,0,314
11299.0,1,1,10,0,12,0,314
11300.0,1,1,10,0,12,0,314
11301.0,1,1,10,0,12,0,314
11302.0,1,1,10,0,12,0,314
11303.0,1,1,10,0,12,0,314
11304.0,1,1,10,0,12,0,314
11305.0,1,1,10,0,12,0,314
11306.0,1,1,10,0,12,0,314
11307.0,1,1,10,0,12,0,314
11308.0,1,1,10,0,12,0,314
11309.0,1,1,10,0,12,0,314
11310.0,1,1,10,0,12,0,314
11311.0,1,1,10,0,12,0,314
11312.0,1,1,10,0,12,0,314
11313.0,1,1,10,0,12,0,314
11314.0,1,1,10,0,12,0,314
11315.0,1,1,10,0,12,0,314
11316.0,1,1,10,0,12,0,314
11317.0,1,1,10,0,12,0,314
11318.0,1,1,10,0,12,0,314
11319.0,1,1,10,0,12,0,314
11320.0,1,1,10,0,12,0,314
11321.0,1,1,10,0,12,0,314
11322.0,1,1,10,0,12,0,314
11323.0,1,1,10,0,12,0,314
11324.0,1,1,10,0,12,0,314
11325.0,1,1,10,0,12,0,314
11326.0,1,1,10,0,12,0,314
11327.0,1,1,10,0,12,0,314
11328.0,1,1,10,0,12,0,314
11329.0,1,1,10,0,12,0,314
11330.0,1,1,10,0,12,0,314
11331.0,1,1,10,0,12,0,314
11332.0,1,1,10,0,12,0,314
11333.0,1,1,10,0,12,0,314
11334.0,1,1,10,0,12,0,314
11335.0,1,1,10,0,12,0,314
11336.0,1,1,10,0,12,0,314
11337.0,1,1,10,0,12,0,314
11338.0,1,1,10,0,12,0,314
11339.0,1,1,10,0,12,0,314
11340.0,1,1,10,0,12,0,314
11341.0,1,1,10,0,12,0,314
11342.0,1,1,10,0,12,0,314
11343.0,1,1,10,0,12,0,314
11344.0,1,1,10,0,12,0,314
11345.0,1,1,10,0,12,0,314
11346.0,1,1,10,0,12,0,314
11347.0,1,1,10,0,12,0,314
11348.0,1,1,10,0,12,0,314
11349.0,1,1,10,0,12,0,314
11350.0,1,1,10,0,12,0,314
11351.0,1,1,10,0,12,0,314
11352.0,1,1,10,0,12,0,314
11353.0,1,1,10,0,12,0,314
11354.0,1,1,10,0,12,0,314
11355.0,1,1,10,0,12,0,314
11356.0,1,1,10,0,12,0,314
11357.0,1,1,10,0,12,0,314
11358.0,1,1,10,0,12,0,314
11359.0,1,1,10,0,12,0,314
11360.0,1,1,10,0,12,0,314
11361.0,1,1,10,0,12,0,314
11362.0,1,1,10,0,12,0,314
11363.0,1,1,10,0,12,0,314
11364.0,1,1,10,0,12,0,314
11365.0,1,1,10,0,12,0,314
11366.0,1,1,10,0,12,0,314
11367.0,1,1,10,0,12,0,314
11368.0,1,1,10,0,12,0,314
11369.0,1,1,10,0,12,0,314
11370.0,1,1,10,0,12,0,314
11371.0,1,1,10,0,12,0,314
11372.0,1,1,10,0,12,0,314
11373.0,1,1,10,0,12,0,314
11374.0,1,1,10,0,12,0,314
11375.0,1,1,10,0,12,0,314
11376.0,1,1,10,0,12,0,314
11377.0,1,1,10,0,12,0,314
11378.0,1,1,10,0,12,0,314
11379.0,1,1,10,0,12,0,314
11380.0,1,1,10,0,12,0,314
11381.0,1,1,10,0,12,0,314
11382.0,1,1,10,0,12,0,314
11383.0,1,1,10,0,12,0,314
11384.0,1,1,10,0,12,0,314
11385.0,1,1,10,0,12,0,314
11386.0,1,1,10,0,12,0,314
11387.0,1,1,10,0,12,0,314
11388.0,1,1,10,0,12,0,314
11389.0,1,1,10,0,12,0,314
11390.0,1,1,10,0,12,0,314
11391.0,1,1,10,0,12,0,314
11392.0,1,1,10,0,12,0,314
11393.0,1,1,10,0,12,0,314
11394.0,1,1,10,0,12,0,314
11395.0,1,1,10,0,12,0,314
11396.0,1,1,10,0,12,0,314
11397.0,1,1,10,0,12,0,314
11398.0,1,1,10,0,12,0,314
11399.0,1,1,10,0,12,0,314
11400.0,1,1,10,0,12,0,314
11401.0,1,1,10,0,12,0,314
11402.0,1,1,10,0,12,0,314
11403.0,1,1,10,0,12,0,314
11404.0,1,1,10,0,12,0,314
11405.0,1,1,10,0,12,0,314
11406.0,1,1,10,0,12,0,314
11407.0,1,1,10,0,12,0,314
11408.0,1,1,10,0,12,0,314
11409.0,1,1,10,0,12,0,314
11410.0,1,1,10,0,12,0,314
11411.0,1,1,10,0,12,0,314
11412.0,1,1,10,0,12,0,314
11413.0,1,1,10,0,12,0,314
11414.0,1,1,10,0,12,0,314
11415.0,1,1,10,0,12,0,314
11416.0,1,1,10,0,12,0,314
11417.0,1,1,10,0,12,0,314
11418.0,1,1,10,0,12,0,314
11419.0,1,1,10,0,12,0,314
11420.0,1,1,10,0,12,0,314
11421.0,1,1,10,0,12,0,314
11422.0,1,1,10,0,12,0,314
11423.0,1,1,10,0,12,0,314
11424.0,1,1,10,0,12,0,314
11425.0,1,1,10,0,12,0,314
11426.0,1,1,10,0,12,0,314
11427.0,1,1,10,0,12,0,314
11428.0,1,1,10,0,12,0,314
11429.0,1,1,10,0,12,0,314
11430.0,1,1,10,0,12,0,314
11431.0,1,1,10,0,12,0,314
11432.0,1,1,10,0,12,0,314
11433.0,1,1,10,0,12,0,314
11434.0,1,1,10,0,12,0,314
11435.0,1,1,10,0,12,0,314
11436.0,1,1,10,0,12,0,314
11437.0,1,1,10,0,12,0,314
11438.0,1,1,10,0,12,0,314
11439.0,1,1,10,0,12,0,314
11440.0,1,1,10,0,12,0,314
11441.0,1,1,10,0,12,0,314
11442.0,1,1,10,0,12,0,314
11443.0,1,1,10,0,12,0,314
11444.0,1,1,10,0,12,0,314
11445.0,1,1,10,0,12,0,314
11446.0,1,1,10,0,12,0,314
11447.0,1,1,10,0,12,0,314
11448.0,1,1,10,0,12,0,314
11449.0,1,1,10,0,12,0,314
11450.0,1,1,10,0,12,0,314
11451.0,1,1,10,0,12,0,314
11452.0,1,1,10,0,12,0,314
11453.0,1,1,10,0,12,0,314
11454.0,1,1,10,0,12,0,314
11455.0,1,1,10,0,12,0,314
11456.0,1,1,10,0,12,0,314
11457.0,1,1,10,0,12,0,314
11458.0,1,1,10,0,12,0,314
11459.0,1,1,10,0,12,0,314
11460.0,1,1,10,0,12,0,314
11461.0,1,1,10,0,12,0,314
11462.0,1,1,10,0,12,0,314
11463.0,1,1,10,0,12,0,314
11464.0,1,1,10,0,12,0,314
11465.0,1,1,10,0,12,0,314
11466.0,1,1,10,0,12,0,314
11467.0,1,1,10,0,12,0,314
11468.0,1,1,10,0,12,0,314
11469.0,1,1,10,0,12,0,314
11470.0,1,1,10,0,12,0,314
11471.0,1,1,10,0,12,0,314
11472.0,1,1,10,0,12,0,314
11473.0,1,1,10,0,12,0,314
11474.0,1,1,10,0,12,0,314
11475.0,1,1,10,0,12,0,314
11476.0,1,1,10,0,12,0,314
11477.0,1,1,10,0,12,0,314
11478.0,1,1,10,0,12,0,314
11479.0,1,1,10,0,12,0,314
11480.0,1,1,10,0,12,0,314
11481.0,1,1,10,0,12,0,314
11482.0,1,1,10,0,12,0,314
11483.0,1,1,10,0,12,0,314
11484.0,1,1,10,0,12,0,314
11485.0,1,1,10,0,12,0,314
11486.0,1,1,10,0,12,0,314
11487.0,1,1,10,0,12,0,314
11488.0,1,1,10,0,12,0,314
11489.0,1,1,10,0,12,0,314
11490.0,1,1,10,0,12,0,314
11491.0,1,1,10,0,12,0,314
11492.0,1,1,10,0,12,0,314
11493.0,1,1,10,0,12,0,314
11494.0,1,1,10,0,12,0,314
11495.0,1,1,10,0,12,0,314
11496.0,1,1,10,0,12,0,314
11497.0,1,1,10,0,12,0,314
11498.0,1,1,10,0,12,0,314
11499.0,1,1,10,0,12,0,314
11500.0,1,1,10,0,12,0,314
11501.0,1,1,10,0,12,0,314
11502.0,1,1,10,0,12,0,314
11503.0,1,1,10,0,12,0,314
11504.0,1,1,10,0,12,0,314
11505.0,1,1,10,0,12,0,314
11506.0,1,1,10,0,12,0,314
11507.0,1,1,10,0,12,0,314
11508.0,1,1,10,0,12,0,314
11509.0,1,1,10,0,12,0,314
11510.0,1,1,10,0,12,0,314
11511.0,1,1,10,0,12,0,314
11512.0,1,1,10,0,12,0,314
11513.0,1,1,10,0,12,0,314
11514.0,1,1,10,0,12,0,314
11515.0,1,1,10,0,12,0,314
11516.0,1,1,10,0,12,0,314
11517.0,1,1,10,0,12,0,314
11518.0,1,1,10,0,12,0,314
11519.0,1,1,10,0,12,0,314
11520.0,1,1,10,0,12,0,314
11521.0,1,1,10,0,12,0,314
11522.0,1,1,10,0,12,0,314
11523.0,1,1,10,0,12,0,314
11524.0,1,1,10,0,12,0,314
11525.0,1,1,10,0,12,0,314
11526.0,1,1,10,0,12,0,314
11527.0,1,1,10,0,12,0,314
11528.0,1,1,10,0,12,0,314
11529.0,1,1,10,0,12,0,314
11530.0,1,1,10,0,12,0,314
11531.0,1,1,10,0,12,0,314
11532.0,1,1,10,0,12,0,314
11533.0,1,1,10,0,12,0,314
11534.0,1,1,10,0,12,0,314
11535.0,1,1,10,0,12,0,314
11536.0,1,1,10,0,12,0,314
11537.0,1,1,10,0,12,0,314
11538.0,1,1,10,0,12,0,314
11539.0,1,1,10,0,12,0,314
11540.0,1,1,10,0,12,0,314
11541.0,1,1,10,0,12,0,314
11542.0,1,1,10,0,12,0,314
11543.0,1,1,10,0,12,0,314
11544.0,1,1,10,0,12,0,314
11545.0,1,1,10,0,12,0,314
11546.0,1,1,10,0,12,0,314
11547.0,1,1,10,0,12,0,314
11548.0,1,1,10,0,12,0,314
11549.0,1,1,10,0,12,0,314
11550.0,1,1,10,0,12,0,314
11551.0,1,1,10,0,12,0,314
11552.0,1,1,10,0,12,0,314
11553.0,1,1,10,0,12,0,314
11554.0,1,1,10,0,12,0,314
11555.0,1,1,10,0,12,0,314
11556.0,1,1,10,0,12,0,314
11557.0,1,1,10,0,12,0,314
11558.0,1,1,10,0,12,0,314
11559.0,1,1,10,0,12,0,314
11560.0,1,1,10,0,12,0,314
11561.0,1,1,10,0,12,0,314
11562.0,1,1,10,0,12,0,314
11563.0,1,1,10,0,12,0,314
11564.0,1,1,10,0,12,0,314
11565.0,1,1,10,0,12,0,314
11566.0,1,1,10,0,12,0,314
11567.0,1,1,10,0,12,0,314
11568.0,1,1,10,0,12,0,314
11569.0,1,1,10,0,12,0,314
11570.0,1,1,10,0,12,0,314
11571.0,1,1,10,0,12,0,314
11572.0,1,1,10,0,12,0,314
11573.0,1,1,10,0,12,0,314
11574.0,1,1,10,0,12,0,314
11575.0,1,1,10,0,12,0,314
11576.0,1,1,10,0,12,0,314
11577.0,1,1,10,0,12,0,314
11578.0,1,1,10,0,12,0,314
11579.0,1,1,10,0,12,0,314
11580.0,1,1,10,0,12,0,314
11581.0,1,1,10,0,12,0,314
11582.0,1,1,10,0,12,0,314
11583.0,1,1,10,0,12,0,314
11584.0,1,1,10,0,12,0,314
11585.0,1,1,10,0,12,0,314
11586.0,1,1,10,0,12,0,314
11587.0,1,1,10,0,12,0,314
11588.0,1,1,10,0,12,0,314
11589.0,1,1,10,0,12,0,314
11590.0,1,1,10,0,12,0,314
11591.0,1,1,10,0,12,0,314
11592.0,1,1,10,0,12,0,314
11593.0,1,1,10,0,12,0,314
11594.0,1,1,10,0,12,0,314
11595.0,1,1,10,0,12,0,314
11596.0,1,1,10,0,12,0,314
11597.0,1,1,10,0,12,0,314
11598.0,1,1,10,0,12,0,314
11599.0,1,1,10,0,12,0,314
11600.0,1,1,10,0,12,0,314
11601.0,1,1,10,0,12,0,314
11602.0,1,1,10,0,12,0,314
11603.0,1,1,10,0,12,0,314
11604.0,1,1,10,0,12,0,314
11605.0,1,1,10,0,12,0,314
11606.0,1,1,10,0,12,0,314
11607.0,1,1,10,0,12,0,314
11608.0,1,1,10,0,12,0,314
11609.0,1,1,10,0,12,0,314
11610.0,1,1,10,0,12,0,314
11611.0,1,1,10,0,12,0,314
11612.0,1,1,10,0,12,0,314
11613.0,1,1,10,0,12,0,314
11614.0,1,1,10,0,12,0,314
11615.0,1,1,10,0,12,0,314
11616.0,1,1,10,0,12,0,314
11617.0,1,1,10,0,12,0,314
11618.0,1,1,10,0,12,0,314
11619.0,1,1,10,0,12,0,314
11620.0,1,1,10,0,12,0,314
11621.0,1,1,10,0,12,0,314
11622.0,1,1,10,0,12,0,314
11623.0,1,1,10,0,12,0,314
11624.0,1,1,10,0,12,0,314
11625.0,1,1,10,0,12,0,314
11626.0,1,1,10,0,12,0,314
11627.0,1,1,10,0,12,0,314
11628.0,1,1,10,0,12,0,314
11629.0,1,1,10,0,12,0,314
11630.0,1,1,10,0,12,0,314
11631.0,1,1,10,0,12,0,314
11632.0,1,1,10,0,12,0,314
11633.0,1,1,10,0,12,0,314
11634.0,1,1,10,0,12,0,314
11635.0,1,1,10,0,12,0,314
11636.0,1,1,10,0,12,0,314
11637.0,1,1,10,0,12,0,314
11638.0,1,1,10,0,12,0,314
11639.0,1,1,10,0,12,0,314
11640.0,1,1,10,0,12,0,314
11641.0,1,1,10,0,12,0,314
11642.0,1,1,10,0,12,0,314
11643.0,1,1,10,0,12,0,314
11644.0,1,1,10,0,12,0,314
11645.0,1,1,10,0,12,0,314
11646.0,1,1,10,0,12,0,314
11647.0,1,1,10,0,12,0,314
11648.0,1,1,10,0,12,0,314
11649.0,1,1,10,0,12,0,314
11650.0,1,1,10,0,12,0,314
11651.0,1,1,10,0,12,0,314
11652.0,1,1,10,0,12,0,314
11653.0,1,1,10,0,12,0,314
11654.0,1,1,10,0,12,0,314
11655.0,1,1,10,0,12,0,314
11656.0,1,1,10,0,12,0,314
11657.0,1,1,10,0,12,0,314
11658.0,1,1,10,0,12,0,314
11659.0,1,1,10,0,12,0,314
11660.0,1,1,10,0,12,0,314
11661.0,1,1,10,0,12,0,314
11662.0,1,1,10,0,12,0,314
11663.0,1,1,10,0,12,0,314
11664.0,1,1,10,0,12,0,314
11665.0,1,1,10,0,12,0,314
11666.0,1,1,10,0,12,0,314
11667.0,1,1,10,0,12,0,314
11668.0,1,1,10,0,12,0,314
11669.0,1,1,10,0,12,0,314
11670.0,1,1,10,0,12,0,314
11671.0,1,1,10,0,12,0,314
11672.0,1,1,10,0,12,0,314
11673.0,1,1,10,0,12,0,314
11674.0,1,1,10,0,12,0,314
11675.0,1,1,10,0,12,0,314
11676.0,1,1,10,0,12,0,314
11677.0,1,1,10,0,12,0,314
11678.0,1,1,10,0,12,0,314
11679.0,1,1,10,0,12,0,314
11680.0,1,1,10,0,12,0,314
11681.0,1,1,10,0,12,0,314
11682.0,1,1,10,0,12,0,314
11683.0,1,1,10,0,12,0,314
11684.0,1,1,10,0,12,0,314
11685.0,1,1,10,0,12,0,314
11686.0,1,1,10,0,12,0,314
11687.0,1,1,10,0,12,0,314
11688.0,1,1,10,0,12,0,314
11689.0,1,1,10,0,12,0,314
11690.0,1,1,10,0,12,0,314
11691.0,1,1,10,0,12,0,314
11692.0,1,1,10,0,12,0,314
11693.0,1,1,10,0,12,0,314
11694.0,1,1,10,0,12,0,314
11695.0,1,1,10,0,12,0,314
11696.0,1,1,10,0,12,0,314
11697.0,1,1,10,0,12,0,314
11698.0,1,1,10,0,12,0,314
11699.0,1,1,10,0,12,0,314
11700.0,1,1,10,0,12,0,314
11701.0,1,1,10,0,12,0,314
11702.0,1,1,10,0,12,0,314
11703.0,1,1,10,0,12,0,314
11704.0,1,1,10,0,12,0,314
11705.0,1,1,10,0,12,0,314
11706.0,1,1,10,0,12,0,314
11707.0,1,1,10,0,12,0,314
11708.0,1,1,10,0,12,0,314
11709.0,1,1,10,0,12,0,314
11710.0,1,1,10,0,12,0,314
11711.0,1,1,10,0,12,0,314
11712.0,1,1,10,0,12,0,314
11713.0,1,1,10,0,12,0,314
11714.0,1,1,10,0,12,0,314
11715.0,1,1,10,0,12,0,314
11716.0,1,1,10,0,12,0,314
11717.0,1,1,10,0,12,0,314
11718.0,1,1,10,0,12,0,314
11719.0,1,1,10,0,12,0,314
11720.0,1,1,10,0,12,0,314
11721.0,1,1,10,0,12,0,314
11722.0,1,1,10,0,12,0,314
11723.0,1,1,10,0,12,0,314
11724.0,1,1,10,0,12,0,314
11725.0,1,1,10,0,12,0,314
11726.0,1,1,10,0,12,0,314
11727.0,1,1,10,0,12,0,314
11728.0,1,1,10,0,12,0,314
11729.0,1,1,10,0,12,0,314
11730.0,1,1,10,0,12,0,314
11731.0,1,1,10,0,12,0,314
11732.0,1,1,10,0,12,0,314
11733.0,1,1,10,0,12,0,314
11734.0,1,1,10,0,12,0,314
11735.0,1,1,10,0,12,0,314
11736.0,1,1,10,0,12,0,314
11737.0,1,1,10,0,12,0,314
11738.0,1,1,10,0,12,0,314
11739.0,1,1,10,0,12,0,314
11740.0,1,1,10,0,12,0,314
11741.0,1,1,10,0,12,0,314
11742.0,1,1,10,0,12,0,314
11743.0,1,1,10,0,12,0,314
11744.0,1,1,10,0,12,0,314
11745.0,1,1,10,0,12,0,314
11746.0,1,1,10,0,12,0,314
11747.0,1,1,10,0,12,0,314
11748.0,1,1,10,0,12,0,314
11749.0,1,1,10,0,12,0,314
11750.0,1,1,10,0,12,0,314
11751.0,1,1,10,0,12,0,314
11752.0,1,1,10,0,12,0,314
11753.0,1,1,10,0,12,0,314
11754.0,1,1,10,0,12,0,314
11755.0,1,1,10,0,12,0,314
11756.0,1,1,10,0,12,0,314
11757.0,1,1,10,0,12,0,314
11758.0,1,1,10,0,12,0,314
11759.0,1,1,10,0,12,0,314
11760.0,1,1,10,0,12,0,314
11761.0,1,1,10,0,12,0,314
11762.0,1,1,10,0,12,0,314
11763.0,1,1,10,0,12,0,314
11764.0,1,1,10,0,12,0,314
11765.0,1,1,10,0,12,0,314
11766.0,1,1,10,0,12,0,314
11767.0,1,1,10,0,12,0,314
11768.0,1,1,10,0,12,0,314
11769.0,1,1,10,0,12,0,314
11770.0,1,1,10,0,12,0,314
11771.0,1,1,10,0,12,0,314
11772.0,1,1,10,0,12,0,314
11773.0,1,1,10,0,12,0,314
11774.0,1,1,10,0,12,0,314
11775.0,1,1,10,0,12,0,314
11776.0,1,1,10,0,12,0,314
11777.0,1,1,10,0,12,0,314
11778.0,1,1,10,0,12,0,314
11779.0,1,1,10,0,12,0,314
11780.0,1,1,10,0,12,0,314
11781.0,1,1,10,0,12,0,314
11782.0,1,1,10,0,12,0,314
11783.0,1,1,10,0,12,0,314
11784.0,1,1,10,0,12,0,314
11785.0,1,1,10,0,12,0,314
11786.0,1,1,10,0,12,0,314
11787.0,1,1,10,0,12,0,314
11788.0,1,1,10,0,12,0,314
11789.0,1,1,10,0,12,0,314
11790.0,1,1,10,0,12,0,314
11791.0,1,1,10,0,12,0,314
11792.0,1,1,10,0,12,0,314
11793.0,1,1,10,0,12,0,314
11794.0,1,1,10,0,12,0,314
11795.0,1,1,10,0,12,0,314
11796.0,1,1,10,0,12,0,314
11797.0,1,1,10,0,12,0,314
11798.0,1,1,10,0,12,0,314
11799.0,1,1,10,0,12,0,314
11800.0,1,1,10,0,12,0,314
11801.0,1,1,10,0,12,0,314
11802.0,1,1,10,0,12,0,314
11803.0,1,1,10,0,12,0,314
11804.0,1,1,10,0,12,0,314
11805.0,1,1,10,0,12,0,314
11806.0,1,1,10,0,12,0,314
11807.0,1,1,10,0,12,0,314
11808.0,1,1,10,0,12,0,314
11809.0,1,1,10,0,12,0,314
11810.0,1,1,10,0,12,0,314
11811.0,1,1,10,0,12,0,314
11812.0,1,1,10,0,12,0,314
11813.0,1,1,10,0,12,0,314
11814.0,1,1,10,0,12,0,314
11815.0,1,1,10,0,12,0,314
11816.0,1,1,10,0,12,0,314
11817.0,1,1,10,0,12,0,314
11818.0,1,1,10,0,12,0,314
11819.0,1,1,10,0,12,0,314
11820.0,1,1,10,0,12,0,314
11821.0,1,1,10,0,12,0,314
11822.0,1,1,10,0,12,0,314
11823.0,1,1,10,0,12,0,314
11824.0,1,1,10,0,12,0,314
11825.0,1,1,10,0,12,0,314
11826.0,1,1,10,0,12,0,314
11827.0,1,1,10,0,12,0,314
11828.0,1,1,10,0,12,0,314
11829.0,1,1,10,0,12,0,314
11830.0,1,1,10,0,12,0,314
11831.0,1,1,10,0,12,0,314
11832.0,1,1,10,0,12,0,314
11833.0,1,1,10,0,12,0,314
11834.0,1,1,10,0,12,0,314
11835.0,1,1,10,0,12,0,314
11836.0,1,1,10,0,12,0,314
11837.0,1,1,10,0,12,0,314
11838.0,1,1,10,0,12,0,314
11839.0,1,1,10,0,12,0,314
11840.0,1,1,10,0,12,0,314
11841.0,1,1,10,0,12,0,314
11842.0,1,1,10,0,12,0,314
11843.0,1,1,10,0,12,0,314
11844.0,1,1,10,0,12,0,314
11845.0,1,1,10,0,12,0,314
11846.0,1,1,10,0,12,0,314
11847.0,1,1,10,0,12,0,314
11848.0,1,1,10,0,12,0,314
11849.0,1,1,10,0,12,0,314
11850.0,1,1,10,0,12,0,314
11851.0,1,1,10,0,12,0,314
11852.0,1,1,10,0,12,0,314
11853.0,1,1,10,0,12,0,314
11854.0,1,1,10,0,12,0,314
11855.0,1,1,10,0,12,0,314
11856.0,1,1,10,0,12,0,314
11857.0,1,1,10,0,12,0,314
11858.0,1,1,10,0,12,0,314
11859.0,1,1,10,0,12,0,314
11860.0,1,1,10,0,12,0,314
11861.0,1,1,10,0,12,0,314
11862.0,1,1,10,0,12,0,314
11863.0,1,1,10,0,12,0,314
11864.0,1,1,10,0,12,0,314
11865.0,1,1,10,0,12,0,314
11866.0,1,1,10,0,12,0,314
11867.0,1,1,10,0,12,0,314
11868.0,1,1,10,0,12,0,314
11869.0,1,1,10,0,12,0,314
11870.0,1,1,10,0,12,0,314
11871.0,1,1,10,0,12,0,314
11872.0,1,1,10,0,12,0,314
11873.0,1,1,10,0,12,0,314
11874.0,1,1,10,0,12,0,314
11875.0,1,1,10,0,12,0,314
11876.0,1,1,10,0,12,0,314
11877.0,1,1,10,0,12,0,314
11878.0,1,1,10,0,12,0,314
11879.0,1,1,10,0,12,0,314
11880.0,1,1,10,0,12,0,314
11881.0,1,1,10,0,12,0,314
11882.0,1,1,10,0,12,0,314
11883.0,1,1,10,0,12,0,314
11884.0,1,1,10,0,12,0,314
11885.0,1,1,10,0,12,0,314
11886.0,1,1,10,0,12,0,314
11887.0,1,1,10,0,12,0,314
11888.0,1,1,10,0,12,0,314
11889.0,1,1,10,0,12,0,314
11890.0,1,1,10,0,12,0,314
11891.0,1,1,10,0,12,0,314
11892.0,1,1,10,0,12,0,314
11893.0,1,1,10,0,12,0,314
11894.0,1,1,10,0,12,0,314
11895.0,1,1,10,0,12,0,314
11896.0,1,1,10,0,12,0,314
11897.0,1,1,10,0,12,0,314
11898.0,1,1,10,0,12,0,314
11899.0,1,1,10,0,12,0,314
11900.0,1,1,10,0,12,0,314
11901.0,1,1,10,0,12,0,314
11902.0,1,1,10,0,12,0,314
11903.0,1,1,10,0,12,0,314
11904.0,1,1,10,0,12,0,314
11905.0,1,1,10,0,12,0,314
11906.0,1,1,10,0,12,0,314
11907.0,1,1,10,0,12,0,314
11908.0,1,1,10,0,12,0,314
11909.0,1,1,10,0,12,0,314
11910.0,1,1,10,0,12,0,314
11911.0,1,1,10,0,12,0,314
11912.0,1,1,10,0,12,0,314
11913.0,1,1,10,0,12,0,314
11914.0,1,1,10,0,12,0,314
11915.0,1,1,10,0,12,0,314
11916.0,1,1,10,0,12,0,314
11917.0,1,1,10,0,12,0,314
11918.0,1,1,10,0,12,0,314
11919.0,1,1,10,0,12,0,314
11920.0,1,1,10,0,12,0,314
11921.0,1,1,10,0,12,0,314
11922.0,1,1,10,0,12,0,314
11923.0,1,1,10,0,12,0,314
11924.0,1,1,10,0,12,0,314
11925.0,1,1,10,0,12,0,314
11926.0,1,1,10,0,12,0,314
11927.0,1,1,10,0,12,0,314
11928.0,1,1,10,0,12,0,314
11929.0,1,1,10,0,12,0,314
11930.0,1,1,10,0,12,0,314
11931.0,1,1,10,0,12,0,314
11932.0,1,1,10,0,12,0,314
11933.0,1,1,10,0,12,0,314
11934.0,1,1,10,0,12,0,314
11935.0,1,1,10,0,12,0,314
11936.0,1,1,10,0,12,0,314
11937.0,1,1,10,0,12,0,314
11938.0,1,1,10,0,12,0,314
11939.0,1,1,10,0,12,0,314
11940.0,1,1,10,0,12,0,314
11941.0,1,1,10,0,12,0,314
11942.0,1,1,10,0,12,0,314
11943.0,1,1,10,0,12,0,314
11944.0,1,1,10,0,12,0,314
11945.0,1,1,10,0,12,0,314
11946.0,1,1,10,0,12,0,314
11947.0,1,1,10,0,12,0,314
11948.0,1,1,10,0,12,0,314
11949.0,1,1,10,0,12,0,314
11950.0,1,1,10,0,12,0,314
11951.0,1,1,10,0,12,0,314
11952.0,1,1,10,0,12,0,314
11953.0,1,1,10,0,12,0,314
11954.0,1,1,10,0,12,0,314
11955.0,1,1,10,0,12,0,314
11956.0,1,1,10,0,12,0,314
11957.0,1,1,10,0,12,0,314
11958.0,1,1,10,0,12,0,314
11959.0,1,1,10,0,12,0,314
11960.0,1,1,10,0,12,0,314
11961.0,1,1,10,0,12,0,314
11962.0,1,1,10,0,12,0,314
11963.0,1,1,10,0,12,0,314
11964.0,1,1,10,0,12,0,314
11965.0,1,1,10,0,12,0,314
11966.0,1,1,10,0,12,0,314
11967.0,1,1,10,0,12,0,314
11968.0,1,1,10,0,12,0,314
11969.0,1,1,10,0,12,0,314
11970.0,1,1,10,0,12,0,314
11971.0,1,1,10,0,12,0,314
11972.0,1,1,10,0,12,0,314
11973.0,1,1,10,0,12,0,314
11974.0,1,1,10,0,12,0,314
11975.0,1,1,10,0,12,0,314
11976.0,1,1,10,0,12,0,314
11977.0,1,1,10,0,12,0,314
11978.0,1,1,10,0,12,0,314
11979.0,1,1,10,0,12,0,314
11980.0,1,1,10,0,12,0,314
11981.0,1,1,10,0,12,0,314
11982.0,1,1,10,0,12,0,314
11983.0,1,1,10,0,12,0,314
11984.0,1,1,10,0,12,0,314
11985.0,1,1,10,0,12,0,314
11986.0,1,1,10,0,12,0,314
11987.0,1,1,10,0,12,0,314
11988.0,1,1,10,0,12,0,314
11989.0,1,1,10,0,12,0,314
11990.0,1,1,10,0,12,0,314
11991.0,1,1,10,0,12,0,314
11992.0,1,1,10,0,12,0,314
11993.0,1,1,10,0,12,0,314
11994.0,1,1,10,0,12,0,314
11995.0,1,1,10,0,12,0,314
11996.0,1,1,10,0,12,0,314
11997.0,1,1,10,0,12,0,314
11998.0,1,1,10,0,12,0,314
11999.0,1,1,10,0,12,0,314
12000.0,1,1,10,0,12,0,314
12001.0,1,1,10,0,12,0,314
12002.0,1,1,10,0,12,0,314
12003.0,1,1,10,0,12,0,314
12004.0,1,1,10,0,12,0,314
12005.0,1,1,10,0,12,0,314
12006.0,1,1,10,0,12,0,314
12007.0,1,1,10,0,12,0,314
12008.0,1,1,10,0,12,0,314
12009.0,1,1,10,0,12,0,314
12010.0,1,1,10,0,12,0,314
12011.0,1,1,10,0,12,0,314
12012.0,1,1,10,0,12,0,314
12013.0,1,1,10,0,12,0,314
12014.0,1,1,10,0,12,0,314
12015.0,1,1,10,0,12,0,314
12016.0,1,1,10,0,12,0,314
12017.0,1,1,10,0,12,0,314
12018.0,1,1,10,0,12,0,314
12019.0,1,1,10,0,12,0,314
12020.0,1,1,10,0,12,0,314
12021.0,1,1,10,0,12,0,314
12022.0,1,1,10,0,12,0,314
12023.0,1,1,10,0,12,0,314
12024.0,1,1,10,0,12,0,314
12025.0,1,1,10,0,12,0,314
12026.0,1,1,10,0,12,0,314
12027.0,1,1,10,0,12,0,314
12028.0,1,1,10,0,12,0,314
12029.0,1,1,10,0,12,0,314
12030.0,1,1,10,0,12,0,314
12031.0,1,1,10,0,12,0,314
12032.0,1,1,10,0,12,0,314
12033.0,1,1,10,0,12,0,314
12034.0,1,1,10,0,12,0,314
12035.0,1,1,10,0,12,0,314
12036.0,1,1,10,0,12,0,314
12037.0,1,1,10,0,12,0,314
12038.0,1,1,10,0,12,0,314
12039.0,1,1,10,0,12,0,314
12040.0,1,1,10,0,12,0,314
12041.0,1,1,10,0,12,0,314
12042.0,1,1,10,0,12,0,314
12043.0,1,1,10,0,12,0,314
12044.0,1,1,10,0,12,0,314
12045.0,1,1,10,0,12,0,314
12046.0,1,1,10,0,12,0,314
12047.0,1,1,10,0,12,0,314
12048.0,1,1,10,0,12,0,314
12049.0,1,1,10,0,12,0,314
12050.0,1,1,10,0,12,0,314
12051.0,1,1,10,0,12,0,314
12052.0,1,1,10,0,12,0,314
12053.0,1,1,10,0,12,0,314
12054.0,1,1,10,0,12,0,314
12055.0,1,1,10,0,12,0,314
12056.0,1,1,10,0,12,0,314
12057.0,1,1,10,0,12,0,314
12058.0,1,1,10,0,12,0,314
12059.0,1,1,10,0,12,0,314
12060.0,1,1,10,0,12,0,314
12061.0,1,1,10,0,12,0,314
12062.0,1,1,10,0,12,0,314
12063.0,1,1,10,0,12,0,314
12064.0,1,1,10,0,12,0,314
12065.0,1,1,10,0,12,0,314
12066.0,1,1,10,0,12,0,314
12067.0,1,1,10,0,12,0,314
12068.0,1,1,10,0,12,0,314
12069.0,1,1,10,0,12,0,314
12070.0,1,1,10,0,12,0,314
12071.0,1,1,10,0,12,0,314
12072.0,1,1,10,0,12,0,314
12073.0,1,1,10,0,12,0,314
12074.0,1,1,10,0,12,0,314
12075.0,1,1,10,0,12,0,314
12076.0,1,1,10,0,12,0,314
12077.0,1,1,10,0,12,0,314
12078.0,1,1,10,0,12,0,314
12079.0,1,1,10,0,12,0,314
12080.0,1,1,10,0,12,0,314
12081.0,1,1,10,0,12,0,314
12082.0,1,1,10,0,12,0,314
12083.0,1,1,10,0,12,0,314
12084.0,1,1,10,0,12,0,314
12085.0,1,1,10,0,12,0,314
12086.0,1,1,10,0,12,0,314
12087.0,1,1,10,0,12,0,314
12088.0,1,1,10,0,12,0,314
12089.0,1,1,10,0,12,0,314
12090.0,1,1,10,0,12,0,314
12091.0,1,1,10,0,12,0,314
12092.0,1,1,10,0,12,0,314
12093.0,1,1,10,0,12,0,314
12094.0,1,1,10,0,12,0,314
12095.0,1,1,10,0,12,0,314
12096.0,1,1,10,0,12,0,314
12097.0,1,1,10,0,12,0,314
12098.0,1,1,10,0,12,0,314
12099.0,1,1,10,0,12,0,314
12100.0,1,1,10,0,12,0,314
12101.0,1,1,10,0,12,0,314
12102.0,1,1,10,0,12,0,314
12103.0,1,1,10,0,12,0,314
12104.0,1,1,10,0,12,0,314
12105.0,1,1,10,0,12,0,314
12106.0,1,1,10,0,12,0,314
12107.0,1,1,10,0,12,0,314
12108.0,1,1,10,0,12,0,314
12109.0,1,1,10,0,12,0,314
12110.0,1,1,10,0,12,0,314
12111.0,1,1,10,0,12,0,314
12112.0,1,1,10,0,12,0,314
12113.0,1,1,10,0,12,0,314
12114.0,1,1,10,0,12,0,314
12115.0,1,1,10,0,12,0,314
12116.0,1,1,10,0,12,0,314
12117.0,1,1,10,0,12,0,314
12118.0,1,1,10,0,12,0,314
12119.0,1,1,10,0,12,0,314
12120.0,1,1,10,0,12,0,314
12121.0,1,1,10,0,12,0,314
12122.0,1,1,10,0,12,0,314
12123.0,1,1,10,0,12,0,314
12124.0,1,1,10,0,12,0,314
12125.0,1,1,10,0,12,0,314
12126.0,1,1,10,0,12,0,314
12127.0,1,1,10,0,12,0,314
12128.0,1,1,10,0,12,0,314
12129.0,1,1,10,0,12,0,314
12130.0,1,1,10,0,12,0,314
12131.0,1,1,10,0,12,0,314
12132.0,1,1,10,0,12,0,314
12133.0,1,1,10,0,12,0,314
12134.0,1,1,10,0,12,0,314
12135.0,1,1,10,0,12,0,314
12136.0,1,1,10,0,12,0,314
12137.0,1,1,10,0,12,0,314
12138.0,1,1,10,0,12,0,314
12139.0,1,1,10,0,12,0,314
12140.0,1,1,10,0,12,0,314
12141.0,1,1,10,0,12,0,314
12142.0,1,1,10,0,12,0,314
12143.0,1,1,10,0,12,0,314
12144.0,1,1,10,0,12,0,314
12145.0,1,1,10,0,12,0,314
12146.0,1,1,10,0,12,0,314
12147.0,1,1,10,0,12,0,314
12148.0,1,1,10,0,12,0,314
12149.0,1,1,10,0,12,0,314
12150.0,1,1,10,0,12,0,314
12151.0,1,1,10,0,12,0,314
12152.0,1,1,10,0,12,0,314
12153.0,1,1,10,0,12,0,314
12154.0,1,1,10,0,12,0,314
12155.0,1,1,10,0,12,0,314
12156.0,1,1,10,0,12,0,314
12157.0,1,1,10,0,12,0,314
12158.0,1,1,10,0,12,0,314
12159.0,1,1,10,0,12,0,314
12160.0,1,1,10,0,12,0,314
12161.0,1,1,10,0,12,0,314
12162.0,1,1,10,0,12,0,314
12163.0,1,1,10,0,12,0,314
12164.0,1,1,10,0,12,0,314
12165.0,1,1,10,0,12,0,314
12166.0,1,1,10,0,12,0,314
12167.0,1,1,10,0,12,0,314
12168.0,1,1,10,0,12,0,314
12169.0,1,1,10,0,12,0,314
12170.0,1,1,10,0,12,0,314
12171.0,1,1,10,0,12,0,314
12172.0,1,1,10,0,12,0,314
12173.0,1,1,10,0,12,0,314
12174.0,1,1,10,0,12,0,314
12175.0,1,1,10,0,12,0,314
12176.0,1,1,10,0,12,0,314
12177.0,1,1,10,0,12,0,314
12178.0,1,1,10,0,12,0,314
12179.0,1,1,10,0,12,0,314
12180.0,1,1,10,0,12,0,314
12181.0,1,1,10,0,12,0,314
12182.0,1,1,10,0,12,0,314
12183.0,1,1,10,0,12,0,314
12184.0,1,1,10,0,12,0,314
12185.0,1,1,10,0,12,0,314
12186.0,1,1,10,0,12,0,314
12187.0,1,1,10,0,12,0,314
12188.0,1,1,10,0,12,0,314
12189.0,1,1,10,0,12,0,314
12190.0,1,1,10,0,12,0,314
12191.0,1,1,10,0,12,0,314
12192.0,1,1,10,0,12,0,314
12193.0,1,1,10,0,12,0,314
12194.0,1,1,10,0,12,0,314
12195.0,1,1,10,0,12,0,314
12196.0,1,1,10,0,12,0,314
12197.0,1,1,10,0,12,0,314
12198.0,1,1,10,0,12,0,314
12199.0,1,1,10,0,12,0,314
12200.0,1,1,10,0,12,0,314
12201.0,1,1,10,0,12,0,314
12202.0,1,1,10,0,12,0,314
12203.0,1,1,10,0,12,0,314
12204.0,1,1,10,0,12,0,314
12205.0,1,1,10,0,12,0,314
12206.0,1,1,10,0,12,0,314
12207.0,1,1,10,0,12,0,314
12208.0,1,1,10,0,12,0,314
12209.0,1,1,10,0,12,0,314
12210.0,1,1,10,0,12,0,314
12211.0,1,1,10,0,12,0,314
12212.0,1,1,10,0,12,0,314
12213.0,1,1,10,0,12,0,314
12214.0,1,1,10,0,12,0,314
12215.0,1,1,10,0,12,0,314
12216.0,1,1,10,0,12,0,314
12217.0,1,1,10,0,12,0,314
12218.0,1,1,10,0,12,0,314
12219.0,1,1,10,0,12,0,314
12220.0,1,1,10,0,12,0,314
12221.0,1,1,10,0,12,0,314
12222.0,1,1,10,0,12,0,314
12223.0,1,1,10,0,12,0,314
12224.0,1,1,10,0,12,0,314
12225.0,1,1,10,0,12,0,314
12226.0,1,1,10,0,12,0,314
12227.0,1,1,10,0,12,0,314
12228.0,1,1,10,0,12,0,314
12229.0,1,1,10,0,12,0,314
12230.0,1,1,10,0,12,0,314
12231.0,1,1,10,0,12,0,314
12232.0,1,1,10,0,12,0,314
12233.0,1,1,10,0,12,0,314
12234.0,1,1,10,0,12,0,314
12235.0,1,1,10,0,12,0,314
12236.0,1,1,10,0,12,0,314
12237.0,1,1,10,0,12,0,314
12238.0,1,1,10,0,12,0,314
12239.0,1,1,10,0,12,0,314
12240.0,1,1,10,0,12,0,314
12241.0,1,1,10,0,12,0,314
12242.0,1,1,10,0,12,0,314
12243.0,1,1,10,0,12,0,314
12244.0,1,1,10,0,12,0,314
12245.0,1,1,10,0,12,0,314
12246.0,1,1,10,0,12,0,314
12247.0,1,1,10,0,12,0,314
12248.0,1,1,10,0,12,0,314
12249.0,1,1,10,0,12,0,314
12250.0,1,1,10,0,12,0,314
12251.0,1,1,10,0,12,0,314
12252.0,1,1,10,0,12,0,314
12253.0,1,1,10,0,12,0,314
12254.0,1,1,10,0,12,0,314
12255.0,1,1,10,0,12,0,314
12256.0,1,1,10,0,12,0,314
12257.0,1,1,10,0,12,0,314
12258.0,1,1,10,0,12,0,314
12259.0,1,1,10,0,12,0,314
12260.0,1,1,10,0,12,0,314
12261.0,1,1,10,0,12,0,314
12262.0,1,1,10,0,12,0,314
12263.0,1,1,10,0,12,0,314
12264.0,1,1,10,0,12,0,314
12265.0,1,1,10,0,12,0,314
12266.0,1,1,10,0,12,0,314
12267.0,1,1,10,0,12,0,314
12268.0,1,1,10,0,12,0,314
12269.0,1,1,10,0,12,0,314
12270.0,1,1,10,0,12,0,314
12271.0,1,1,10,0,12,0,314
12272.0,1,1,10,0,12,0,314
12273.0,1,1,10,0,12,0,314
12274.0,1,1,10,0,12,0,314
12275.0,1,1,10,0,12,0,314
12276.0,1,1,10,0,12,0,314
12277.0,1,1,10,0,12,0,314
12278.0,1,1,10,0,12,0,314
12279.0,1,1,10,0,12,0,314
12280.0,1,1,10,0,12,0,314
12281.0,1,1,10,0,12,0,314
12282.0,1,1,10,0,12,0,314
12283.0,1,1,10,0,12,0,314
12284.0,1,1,10,0,12,0,314
12285.0,1,1,10,0,12,0,314
12286.0,1,1,10,0,12,0,314
12287.0,1,1,10,0,12,0,314
12288.0,1,1,10,0,12,0,314
12289.0,1,1,10,0,12,0,314
12290.0,1,1,10,0,12,0,314
12291.0,1,1,10,0,12,0,314
12292.0,1,1,10,0,12,0,314
12293.0,1,1,10,0,12,0,314
12294.0,1,1,10,0,12,0,314
12295.0,1,1,10,0,12,0,314
12296.0,1,1,10,0,12,0,314
12297.0,1,1,10,0,12,0,314
12298.0,1,1,10,0,12,0,314
12299.0,1,1,10,0,12,0,314
12300.0,1,1,10,0,12,0,314
12301.0,1,1,10,0,12,0,314
12302.0,1,1,10,0,12,0,314
12303.0,1,1,10,0,12,0,314
12304.0,1,1,10,0,12,0,314
12305.0,1,1,10,0,12,0,314
12306.0,1,1,10,0,12,0,314
12307.0,1,1,10,0,12,0,314
12308.0,1,1,10,0,12,0,314
12309.0,1,1,10,0,12,0,314
12310.0,1,1,10,0,12,0,314
12311.0,1,1,10,0,12,0,314
12312.0,1,1,10,0,12,0,314
12313.0,1,1,10,0,12,0,314
12314.0,1,1,10,0,12,0,314
12315.0,1,1,10,0,12,0,314
12316.0,1,1,10,0,12,0,314
12317.0,1,1,10,0,12,0,314
12318.0,1,1,10,0,12,0,314
12319.0,1,1,10,0,12,0,314
12320.0,1,1,10,0,12,0,314
12321.0,1,1,10,0,12,0,314
12322.0,1,1,10,0,12,0,314
12323.0,1,1,10,0,12,0,314
12324.0,1,1,10,0,12,0,314
12325.0,1,1,10,0,12,0,314
12326.0,1,1,10,0,12,0,314
12327.0,1,1,10,0,12,0,314
12328.0,1,1,10,0,12,0,314
12329.0,1,1,10,0,12,0,314
12330.0,1,1,10,0,12,0,314
12331.0,1,1,10,0,12,0,314
12332.0,1,1,10,0,12,0,314
12333.0,1,1,10,0,12,0,314
12334.0,1,1,10,0,12,0,314
12335.0,1,1,10,0,12,0,314
12336.0,1,1,10,0,12,0,314
12337.0,1,1,10,0,12,0,314
12338.0,1,1,10,0,12,0,314
12339.0,1,1,10,0,12,0,314
12340.0,1,1,10,0,12,0,314
12341.0,1,1,10,0,12,0,314
12342.0,1,1,10,0,12,0,314
12343.0,1,1,10,0,12,0,314
12344.0,1,1,10,0,12,0,314
12345.0,1,1,10,0,12,0,314
12346.0,1,1,10,0,12,0,314
12347.0,1,1,10,0,12,0,314
12348.0,1,1,10,0,12,0,314
12349.0,1,1,10,0,12,0,314
12350.0,1,1,10,0,12,0,314
12351.0,1,1,10,0,12,0,314
12352.0,1,1,10,0,12,0,314
12353.0,1,1,10,0,12,0,314
12354.0,1,1,10,0,12,0,314
12355.0,1,1,10,0,12,0,314
12356.0,1,1,10,0,12,0,314
12357.0,1,1,10,0,12,0,314
12358.0,1,1,10,0,12,0,314
12359.0,1,1,10,0,12,0,314
12360.0,1,1,10,0,12,0,314
12361.0,1,1,10,0,12,0,314
12362.0,1,1,10,0,12,0,314
12363.0,1,1,10,0,12,0,314
12364.0,1,1,10,0,12,0,314
12365.0,1,1,10,0,12,0,314
12366.0,1,1,10,0,12,0,314
12367.0,1,1,10,0,12,0,314
12368.0,1,1,10,0,12,0,314
12369.0,1,1,10,0,12,0,314
12370.0,1,1,10,0,12,0,314
12371.0,1,1,10,0,12,0,314
12372.0,1,1,10,0,12,0,314
12373.0,1,1,10,0,12,0,314
12374.0,1,1,10,0,12,0,314
12375.0,1,1,10,0,12,0,314
12376.0,1,1,10,0,12,0,314
12377.0,1,1,10,0,12,0,314
12378.0,1,1,10,0,12,0,314
12379.0,1,1,10,0,12,0,314
12380.0,1,1,10,0,12,0,314
12381.0,1,1,10,0,12,0,314
12382.0,1,1,10,0,12,0,314
12383.0,1,1,10,0,12,0,314
12384.0,1,1,10,0,12,0,314
12385.0,1,1,10,0,12,0,314
12386.0,1,1,10,0,12,0,314
12387.0,1,1,10,0,12,0,314
12388.0,1,1,10,0,12,0,314
12389.0,1,1,10,0,12,0,314
12390.0,1,1,10,0,12,0,314
12391.0,1,1,10,0,12,0,314
12392.0,1,1,10,0,12,0,314
12393.0,1,1,10,0,12,0,314
12394.0,1,1,10,0,12,0,314
12395.0,1,1,10,0,12,0,314
12396.0,1,1,10,0,12,0,314
12397.0,1,1,10,0,12,0,314
12398.0,1,1,10,0,12,0,314
12399.0,1,1,10,0,12,0,314
12400.0,1,1,10,0,12,0,314
12401.0,1,1,10,0,12,0,314
12402.0,1,1,10,0,12,0,314
12403.0,1,1,10,0,12,0,314
12404.0,1,1,10,0,12,0,314
12405.0,1,1,10,0,12,0,314
12406.0,1,1,10,0,12,0,314
12407.0,1,1,10,0,12,0,314
12408.0,1,1,10,0,12,0,314
12409.0,1,1,10,0,12,0,314
12410.0,1,1,10,0,12,0,314
12411.0,1,1,10,0,12,0,314
12412.0,1,1,10,0,12,0,314
12413.0,1,1,10,0,12,0,314
12414.0,1,1,10,0,12,0,314
12415.0,1,1,10,0,12,0,314
12416.0,1,1,10,0,12,0,314
12417.0,1,1,10,0,12,0,314
12418.0,1,1,10,0,12,0,314
12419.0,1,1,10,0,12,0,314
12420.0,1,1,10,0,12,0,314
12421.0,1,1,10,0,12,0,314
12422.0,1,1,10,0,12,0,314
12423.0,1,1,10,0,12,0,314
12424.0,1,1,10,0,12,0,314
12425.0,1,1,10,0,12,0,314
12426.0,1,1,10,0,12,0,314
12427.0,1,1,10,0,12,0,314
12428.0,1,1,10,0,12,0,314
12429.0,1,1,10,0,12,0,314
12430.0,1,1,10,0,12,0,314
12431.0,1,1,10,0,12,0,314
12432.0,1,1,10,0,12,0,314
12433.0,1,1,10,0,12,0,314
12434.0,1,1,10,0,12,0,314
12435.0,1,1,10,0,12,0,314
12436.0,1,1,10,0,12,0,314
12437.0,1,1,10,0,12,0,314
12438.0,1,1,10,0,12,0,314
12439.0,1,1,10,0,12,0,314
12440.0,1,1,10,0,12,0,314
12441.0,1,1,10,0,12,0,314
12442.0,1,1,10,0,12,0,314
12443.0,1,1,10,0,12,0,314
12444.0,1,1,10,0,12,0,314
12445.0,1,1,10,0,12,0,314
12446.0,1,1,10,0,12,0,314
12447.0,1,1,10,0,12,0,314
12448.0,1,1,10,0,12,0,314
12449.0,1,1,10,0,12,0,314
12450.0,1,1,10,0,12,0,314
12451.0,1,1,10,0,12,0,314
12452.0,1,1,10,0,12,0,314
12453.0,1,1,10,0,12,0,314
12454.0,1,1,10,0,12,0,314
12455.0,1,1,10,0,12,0,314
12456.0,1,1,10,0,12,0,314
12457.0,1,1,10,0,12,0,314
12458.0,1,1,10,0,12,0,314
12459.0,1,1,10,0,12,0,314
12460.0,1,1,10,0,12,0,314
12461.0,1,1,10,0,12,0,314
12462.0,1,1,10,0,12,0,314
12463.0,1,1,10,0,12,0,314
12464.0,1,1,10,0,12,0,314
12465.0,1,1,10,0,12,0,314
12466.0,1,1,10,0,12,0,314
12467.0,1,1,10,0,12,0,314
12468.0,1,1,10,0,12,0,314
12469.0,1,1,10,0,12,0,314
12470.0,1,1,10,0,12,0,314
12471.0,1,1,10,0,12,0,314
12472.0,1,1,10,0,12,0,314
12473.0,1,1,10,0,12,0,314
12474.0,1,1,10,0,12,0,314
12475.0,1,1,10,0,12,0,314
12476.0,1,1,10,0,12,0,314
12477.0,1,1,10,0,12,0,314
12478.0,1,1,10,0,12,0,314
12479.0,1,1,10,0,12,0,314
12480.0,1,1,10,0,12,0,314
12481.0,1,1,10,0,12,0,314
12482.0,1,1,10,0,12,0,314
12483.0,1,1,10,0,12,0,314
12484.0,1,1,10,0,12,0,314
12485.0,1,1,10,0,12,0,314
12486.0,1,1,10,0,12,0,314
12487.0,1,1,10,0,12,0,314
12488.0,1,1,10,0,12,0,314
12489.0,1,1,10,0,12,0,314
12490.0,1,1,10,0,12,0,314
12491.0,1,1,10,0,12,0,314
12492.0,1,1,10,0,12,0,314
12493.0,1,1,10,0,12,0,314
12494.0,1,1,10,0,12,0,314
12495.0,1,1,10,0,12,0,314
12496.0,1,1,10,0,12,0,314
12497.0,1,1,10,0,12,0,314
12498.0,1,1,10,0,12,0,314
12499.0,1,1,10,0,12,0,314
12500.0,1,1,10,0,12,0,314
12501.0,1,1,10,0,12,0,314
12502.0,1,1,10,0,12,0,314
12503.0,1,1,10,0,12,0,314
12504.0,1,1,10,0,12,0,314
12505.0,1,1,10,0,12,0,314
12506.0,1,1,10,0,12,0,314
12507.0,1,1,10,0,12,0,314
12508.0,1,1,10,0,12,0,314
12509.0,1,1,10,0,12,0,314
12510.0,1,1,10,0,12,0,314
12511.0,1,1,10,0,12,0,314
12512.0,1,1,10,0,12,0,314
12513.0,1,1,10,0,12,0,314
12514.0,1,1,10,0,12,0,314
12515.0,1,1,10,0,12,0,314
12516.0,1,1,10,0,12,0,314
12517.0,1,1,10,0,12,0,314
12518.0,1,1,10,0,12,0,314
12519.0,1,1,10,0,12,0,314
12520.0,1,1,10,0,12,0,314
12521.0,1,1,10,0,12,0,314
12522.0,1,1,10,0,12,0,314
12523.0,1,1,10,0,12,0,314
12524.0,1,1,10,0,12,0,314
12525.0,1,1,10,0,12,0,314
12526.0,1,1,10,0,12,0,314
12527.0,1,1,10,0,12,0,314
12528.0,1,1,10,0,12,0,314
12529.0,1,1,10,0,12,0,314
12530.0,1,1,10,0,12,0,314
12531.0,1,1,10,0,12,0,314
12532.0,1,1,10,0,12,0,314
12533.0,1,1,10,0,12,0,314
12534.0,1,1,10,0,12,0,314
12535.0,1,1,10,0,12,0,314
12536.0,1,1,10,0,12,0,314
12537.0,1,1,10,0,12,0,314
12538.0,1,1,10,0,12,0,314
12539.0,1,1,10,0,12,0,314
12540.0,1,1,10,0,12,0,314
12541.0,1,1,10,0,12,0,314
12542.0,1,1,10,0,12,0,314
12543.0,1,1,10,0,12,0,314
12544.0,1,1,10,0,12,0,314
12545.0,1,1,10,0,12,0,314
12546.0,1,1,10,0,12,0,314
12547.0,1,1,10,0,12,0,314
12548.0,1,1,10,0,12,0,314
12549.0,1,1,10,0,12,0,314
12550.0,1,1,10,0,12,0,314
12551.0,1,1,10,0,12,0,314
12552.0,1,1,10,0,12,0,314
12553.0,1,1,10,0,12,0,314
12554.0,1,1,10,0,12,0,314
12555.0,1,1,10,0,12,0,314
12556.0,1,1,10,0,12,0,314
12557.0,1,1,10,0,12,0,314
12558.0,1,1,10,0,12,0,314
12559.0,1,1,10,0,12,0,314
12560.0,1,1,10,0,12,0,314
12561.0,1,1,10,0,12,0,314
12562.0,1,1,10,0,12,0,314
12563.0,1,1,10,0,12,0,314
12564.0,1,1,10,0,12,0,314
12565.0,1,1,10,0,12,0,314
12566.0,1,1,10,0,12,0,314
12567.0,1,1,10,0,12,0,314
12568.0,1,1,10,0,12,0,314
12569.0,1,1,10,0,12,0,314
12570.0,1,1,10,0,12,0,314
12571.0,1,1,10,0,12,0,314
12572.0,1,1,10,0,12,0,314
12573.0,1,1,10,0,12,0,314
12574.0,1,1,10,0,12,0,314
12575.0,1,1,10,0,12,0,314
12576.0,1,1,10,0,12,0,314
12577.0,1,1,10,0,12,0,314
12578.0,1,1,10,0,12,0,314
12579.0,1,1,10,0,12,0,314
12580.0,1,1,10,0,12,0,314
12581.0,1,1,10,0,12,0,314
12582.0,1,1,10,0,12,0,314
12583.0,1,1,10,0,12,0,314
12584.0,1,1,10,0,12,0,314
12585.0,1,1,10,0,12,0,314
12586.0,1,1,10,0,12,0,314
12587.0,1,1,10,0,12,0,314
12588.0,1,1,10,0,12,0,314
12589.0,1,1,10,0,12,0,314
12590.0,1,1,10,0,12,0,314
12591.0,1,1,10,0,12,0,314
12592.0,1,1,10,0,12,0,314
12593.0,1,1,10,0,12,0,314
12594.0,1,1,10,0,12,0,314
12595.0,1,1,10,0,12,0,314
12596.0,1,1,10,0,12,0,314
12597.0,1,1,10,0,12,0,314
12598.0,1,1,10,0,12,0,314
12599.0,1,1,10,0,12,0,314
12600.0,1,1,10,0,12,0,314
12601.0,1,1,10,0,12,0,314
12602.0,1,1,10,0,12,0,314
12603.0,1,1,10,0,12,0,314
12604.0,1,1,10,0,12,0,314
12605.0,1,1,10,0,12,0,314
12606.0,1,1,10,0,12,0,314
12607.0,1,1,10,0,12,0,314
12608.0,1,1,10,0,12,0,314
12609.0,1,1,10,0,12,0,314
12610.0,1,1,10,0,12,0,314
12611.0,1,1,10,0,12,0,314
12612.0,1,1,10,0,12,0,314
12613.0,1,1,10,0,12,0,314
12614.0,1,1,10,0,12,0,314
12615.0,1,1,10,0,12,0,314
12616.0,1,1,10,0,12,0,314
12617.0,1,1,10,0,12,0,314
12618.0,1,1,10,0,12,0,314
12619.0,1,1,10,0,12,0,314
12620.0,1,1,10,0,12,0,314
12621.0,1,1,10,0,12,0,314
12622.0,1,1,10,0,12,0,314
12623.0,1,1,10,0,12,0,314
12624.0,1,1,10,0,12,0,314
12625.0,1,1,10,0,12,0,314
12626.0,1,1,10,0,12,0,314
12627.0,1,1,10,0,12,0,314
12628.0,1,1,10,0,12,0,314
12629.0,1,1,10,0,12,0,314
12630.0,1,1,10,0,12,0,314
12631.0,1,1,10,0,12,0,314
12632.0,1,1,10,0,12,0,314
12633.0,1,1,10,0,12,0,314
12634.0,1,1,10,0,12,0,314
12635.0,1,1,10,0,12,0,314
12636.0,1,1,10,0,12,0,314
12637.0,1,1,10,0,12,0,314
12638.0,1,1,10,0,12,0,314
12639.0,1,1,10,0,12,0,314
12640.0,1,1,10,0,12,0,314
12641.0,1,1,10,0,12,0,314
12642.0,1,1,10,0,12,0,314
12643.0,1,1,10,0,12,0,314
12644.0,1,1,10,0,12,0,314
12645.0,1,1,10,0,12,0,314
12646.0,1,1,10,0,12,0,314
12647.0,1,1,10,0,12,0,314
12648.0,1,1,10,0,12,0,314
12649.0,1,1,10,0,12,0,314
12650.0,1,1,10,0,12,0,314
12651.0,1,1,10,0,12,0,314
12652.0,1,1,10,0,12,0,314
12653.0,1,1,10,0,12,0,314
12654.0,1,1,10,0,12,0,314
12655.0,1,1,10,0,12,0,314
12656.0,1,1,10,0,12,0,314
12657.0,1,1,10,0,12,0,314
12658.0,1,1,10,0,12,0,314
12659.0,1,1,10,0,12,0,314
12660.0,1,1,10,0,12,0,314
12661.0,1,1,10,0,12,0,314
12662.0,1,1,10,0,12,0,314
12663.0,1,1,10,0,12,0,314
12664.0,1,1,10,0,12,0,314
12665.0,1,1,10,0,12,0,314
12666.0,1,1,10,0,12,0,314
12667.0,1,1,10,0,12,0,314
12668.0,1,1,10,0,12,0,314
12669.0,1,1,10,0,12,0,314
12670.0,1,1,10,0,12,0,314
12671.0,1,1,10,0,12,0,314
12672.0,1,1,10,0,12,0,314
12673.0,1,1,10,0,12,0,314
12674.0,1,1,10,0,12,0,314
12675.0,1,1,10,0,12,0,314
12676.0,1,1,10,0,12,0,314
12677.0,1,1,10,0,12,0,314
12678.0,1,1,10,0,12,0,314
12679.0,1,1,10,0,12,0,314
12680.0,1,1,10,0,12,0,314
12681.0,1,1,10,0,12,0,314
12682.0,1,1,10,0,12,0,314
12683.0,1,1,10,0,12,0,314
12684.0,1,1,10,0,12,0,314
12685.0,1,1,10,0,12,0,314
12686.0,1,1,10,0,12,0,314
12687.0,1,1,10,0,12,0,314
12688.0,1,1,10,0,12,0,314
12689.0,1,1,10,0,12,0,314
12690.0,1,1,10,0,12,0,314
12691.0,1,1,10,0,12,0,314
12692.0,1,1,10,0,12,0,314
12693.0,1,1,10,0,12,0,314
12694.0,1,1,10,0,12,0,314
12695.0,1,1,10,0,12,0,314
12696.0,1,1,10,0,12,0,314
12697.0,1,1,10,0,12,0,314
12698.0,1,1,10,0,12,0,314
12699.0,1,1,10,0,12,0,314
12700.0,1,1,10,0,12,0,314
12701.0,1,1,10,0,12,0,314
12702.0,1,1,10,0,12,0,314
12703.0,1,1,10,0,12,0,314
12704.0,1,1,10,0,12,0,314
12705.0,1,1,10,0,12,0,314
12706.0,1,1,10,0,12,0,314
12707.0,1,1,10,0,12,0,314
12708.0,1,1,10,0,12,0,314
12709.0,1,1,10,0,12,0,314
12710.0,1,1,10,0,12,0,314
12711.0,1,1,10,0,12,0,314
12712.0,1,1,10,0,12,0,314
12713.0,1,1,10,0,12,0,314
12714.0,1,1,10,0,12,0,314
12715.0,1,1,10,0,12,0,314
12716.0,1,1,10,0,12,0,314
12717.0,1,1,10,0,12,0,314
12718.0,1,1,10,0,12,0,314
12719.0,1,1,10,0,12,0,314
12720.0,1,1,10,0,12,0,314
12721.0,1,1,10,0,12,0,314
12722.0,1,1,10,0,12,0,314
12723.0,1,1,10,0,12,0,314
12724.0,1,1,10,0,12,0,314
12725.0,1,1,10,0,12,0,314
12726.0,1,1,10,0,12,0,314
12727.0,1,1,10,0,12,0,314
12728.0,1,1,10,0,12,0,314
12729.0,1,1,10,0,12,0,314
12730.0,1,1,10,0,12,0,314
12731.0,1,1,10,0,12,0,314
12732.0,1,1,10,0,12,0,314
12733.0,1,1,10,0,12,0,314
12734.0,1,1,10,0,12,0,314
12735.0,1,1,10,0,12,0,314
12736.0,1,1,10,0,12,0,314
12737.0,1,1,10,0,12,0,314
12738.0,1,1,10,0,12,0,314
12739.0,1,1,10,0,12,0,314
12740.0,1,1,10,0,12,0,314
12741.0,1,1,10,0,12,0,314
12742.0,1,1,10,0,12,0,314
12743.0,1,1,10,0,12,0,314
12744.0,1,1,10,0,12,0,314
12745.0,1,1,10,0,12,0,314
12746.0,1,1,10,0,12,0,314
12747.0,1,1,10,0,12,0,314
12748.0,1,1,10,0,12,0,314
12749.0,1,1,10,0,12,0,314
12750.0,1,1,10,0,12,0,314
12751.0,1,1,10,0,12,0,314
12752.0,1,1,10,0,12,0,314
12753.0,1,1,10,0,12,0,314
12754.0,1,1,10,0,12,0,314
12755.0,1,1,10,0,12,0,314
12756.0,1,1,10,0,12,0,314
12757.0,1,1,10,0,12,0,314
12758.0,1,1,10,0,12,0,314
12759.0,1,1,10,0,12,0,314
12760.0,1,1,10,0,12,0,314
12761.0,1,1,10,0,12,0,314
12762.0,1,1,10,0,12,0,314
12763.0,1,1,10,0,12,0,314
12764.0,1,1,10,0,12,0,314
12765.0,1,1,10,0,12,0,314
12766.0,1,1,10,0,12,0,314
12767.0,1,1,10,0,12,0,314
12768.0,1,1,10,0,12,0,314
12769.0,1,1,10,0,12,0,314
12770.0,1,1,10,0,12,0,314
12771.0,1,1,10,0,12,0,314
12772.0,1,1,10,0,12,0,314
12773.0,1,1,10,0,12,0,314
12774.0,1,1,10,0,12,0,314
12775.0,1,1,10,0,12,0,314
12776.0,1,1,10,0,12,0,314
12777.0,1,1,10,0,12,0,314
12778.0,1,1,10,0,12,0,314
12779.0,1,1,10,0,12,0,314
12780.0,1,1,10,0,12,0,314
12781.0,1,1,10,0,12,0,314
12782.0,1,1,10,0,12,0,314
12783.0,1,1,10,0,12,0,314
12784.0,1,1,10,0,12,0,314
12785.0,1,1,10,0,12,0,314
12786.0,1,1,10,0,12,0,314
12787.0,1,1,10,0,12,0,314
12788.0,1,1,10,0,12,0,314
12789.0,1,1,10,0,12,0,314
12790.0,1,1,10,0,12,0,314
12791.0,1,1,10,0,12,0,314
12792.0,1,1,10,0,12,0,314
12793.0,1,1,10,0,12,0,314
12794.0,1,1,10,0,12,0,314
12795.0,1,1,10,0,12,0,314
12796.0,1,1,10,0,12,0,314
12797.0,1,1,10,0,12,0,314
12798.0,1,1,10,0,12,0,314
12799.0,1,1,10,0,12,0,314
12800.0,1,1,10,0,12,0,314
12801.0,1,1,10,0,12,0,314
12802.0,1,1,10,0,12,0,314
12803.0,1,1,10,0,12,0,314
12804.0,1,1,10,0,12,0,314
12805.0,1,1,10,0,12,0,314
12806.0,1,1,10,0,12,0,314
12807.0,1,1,10,0,12,0,314
12808.0,1,1,10,0,12,0,314
12809.0,1,1,10,0,12,0,314
12810.0,1,1,10,0,12,0,314
12811.0,1,1,10,0,12,0,314
12812.0,1,1,10,0,12,0,314
12813.0,1,1,10,0,12,0,314
12814.0,1,1,10,0,12,0,314
12815.0,1,1,10,0,12,0,314
12816.0,1,1,10,0,12,0,314
12817.0,1,1,10,0,12,0,314
12818.0,1,1,10,0,12,0,314
12819.0,1,1,10,0,12,0,314
12820.0,1,1,10,0,12,0,314
12821.0,1,1,10,0,12,0,314
12822.0,1,1,10,0,12,0,314
12823.0,1,1,10,0,12,0,314
12824.0,1,1,10,0,12,0,314
12825.0,1,1,10,0,12,0,314
12826.0,1,1,10,0,12,0,314
12827.0,1,1,10,0,12,0,314
12828.0,1,1,10,0,12,0,314
12829.0,1,1,10,0,12,0,314
12830.0,1,1,10,0,12,0,314
12831.0,1,1,10,0,12,0,314
12832.0,1,1,10,0,12,0,314
12833.0,1,1,10,0,12,0,314
12834.0,1,1,10,0,12,0,314
12835.0,1,1,10,0,12,0,314
12836.0,1,1,10,0,12,0,314
12837.0,1,1,10,0,12,0,314
12838.0,1,1,10,0,12,0,314
12839.0,1,1,10,0,12,0,314
12840.0,1,1,10,0,12,0,314
12841.0,1,1,10,0,12,0,314
12842.0,1,1,10,0,12,0,314
12843.0,1,1,10,0,12,0,314
12844.0,1,1,10,0,12,0,314
12845.0,1,1,10,0,12,0,314
12846.0,1,1,10,0,12,0,314
12847.0,1,1,10,0,12,0,314
12848.0,1,1,10,0,12,0,314
12849.0,1,1,10,0,12,0,314
12850.0,1,1,10,0,12,0,314
12851.0,1,1,10,0,12,0,314
12852.0,1,1,10,0,12,0,314
12853.0,1,1,10,0,12,0,314
12854.0,1,1,10,0,12,0,314
12855.0,1,1,10,0,12,0,314
12856.0,1,1,10,0,12,0,314
12857.0,1,1,10,0,12,0,314
12858.0,1,1,10,0,12,0,314
12859.0,1,1,10,0,12,0,314
12860.0,1,1,10,0,12,0,314
12861.0,1,1,10,0,12,0,314
12862.0,1,1,10,0,12,0,314
12863.0,1,1,10,0,12,0,314
12864.0,1,1,10,0,12,0,314
12865.0,1,1,10,0,12,0,314
12866.0,1,1,10,0,12,0,314
12867.0,1,1,10,0,12,0,314
12868.0,1,1,10,0,12,0,314
12869.0,1,1,10,0,12,0,314
12870.0,1,1,10,0,12,0,314
12871.0,1,1,10,0,12,0,314
12872.0,1,1,10,0,12,0,314
12873.0,1,1,10,0,12,0,314
12874.0,1,1,10,0,12,0,314
12875.0,1,1,10,0,12,0,314
12876.0,1,1,10,0,12,0,314
12877.0,1,1,10,0,12,0,314
12878.0,1,1,10,0,12,0,314
12879.0,1,1,10,0,12,0,314
12880.0,1,1,10,0,12,0,314
12881.0,1,1,10,0,12,0,314
12882.0,1,1,10,0,12,0,314
12883.0,1,1,10,0,12,0,314
12884.0,1,1,10,0,12,0,314
12885.0,1,1,10,0,12,0,314
12886.0,1,1,10,0,12,0,314
12887.0,1,1,10,0,12,0,314
12888.0,1,1,10,0,12,0,314
12889.0,1,1,10,0,12,0,314
12890.0,1,1,10,0,12,0,314
12891.0,1,1,10,0,12,0,314
12892.0,1,1,10,0,12,0,314
12893.0,1,1,10,0,12,0,314
12894.0,1,1,10,0,12,0,314
12895.0,1,1,10,0,12,0,314
12896.0,1,1,10,0,12,0,314
12897.0,1,1,10,0,12,0,314
12898.0,1,1,10,0,12,0,314
12899.0,1,1,10,0,12,0,314
12900.0,1,1,10,0,12,0,314
12901.0,1,1,10,0,12,0,314
12902.0,1,1,10,0,12,0,314
12903.0,1,1,10,0,12,0,314
12904.0,1,1,10,0,12,0,314
12905.0,1,1,10,0,12,0,314
12906.0,1,1,10,0,12,0,314
12907.0,1,1,10,0,12,0,314
12908.0,1,1,10,0,12,0,314
12909.0,1,1,10,0,12,0,314
12910.0,1,1,10,0,12,0,314
12911.0,1,1,10,0,12,0,314
12912.0,1,1,10,0,12,0,314
12913.0,1,1,10,0,12,0,314
12914.0,1,1,10,0,12,0,314
12915.0,1,1,10,0,12,0,314
12916.0,1,1,10,0,12,0,314
12917.0,1,1,10,0,12,0,314
12918.0,1,1,10,0,12,0,314
12919.0,1,1,10,0,12,0,314
12920.0,1,1,10,0,12,0,314
12921.0,1,1,10,0,12,0,314
12922.0,1,1,10,0,12,0,314
12923.0,1,1,10,0,12,0,314
12924.0,1,1,10,0,12,0,314
12925.0,1,1,10,0,12,0,314
12926.0,1,1,10,0,12,0,314
12927.0,1,1,10,0,12,0,314
12928.0,1,1,10,0,12,0,314
12929.0,1,1,10,0,12,0,314
12930.0,1,1,10,0,12,0,314
12931.0,1,1,10,0,12,0,314
12932.0,1,1,10,0,12,0,314
12933.0,1,1,10,0,12,0,314
12934.0,1,1,10,0,12,0,314
12935.0,1,1,10,0,12,0,314
12936.0,1,1,10,0,12,0,314
12937.0,1,1,10,0,12,0,314
12938.0,1,1,10,0,12,0,314
12939.0,1,1,10,0,12,0,314
12940.0,1,1,10,0,12,0,314
12941.0,1,1,10,0,12,0,314
12942.0,1,1,10,0,12,0,314
12943.0,1,1,10,0,12,0,314
12944.0,1,1,10,0,12,0,314
12945.0,1,1,10,0,12,0,314
12946.0,1,1,10,0,12,0,314
12947.0,1,1,10,0,12,0,314
12948.0,1,1,10,0,12,0,314
12949.0,1,1,10,0,12,0,314
12950.0,1,1,10,0,12,0,314
12951.0,1,1,10,0,12,0,314
12952.0,1,1,10,0,12,0,314
12953.0,1,1,10,0,12,0,314
12954.0,1,1,10,0,12,0,314
12955.0,1,1,10,0,12,0,314
12956.0,1,1,10,0,12,0,314
12957.0,1,1,10,0,12,0,314
12958.0,1,1,10,0,12,0,314
12959.0,1,1,10,0,12,0,314
12960.0,1,1,10,0,12,0,314
12961.0,1,1,10,0,12,0,314
12962.0,1,1,10,0,12,0,314
12963.0,1,1,10,0,12,0,314
12964.0,1,1,10,0,12,0,314
12965.0,1,1,10,0,12,0,314
12966.0,1,1,10,0,12,0,314
12967.0,1,1,10,0,12,0,314
12968.0,1,1,10,0,12,0,314
12969.0,1,1,10,0,12,0,314
12970.0,1,1,10,0,12,0,314
12971.0,1,1,10,0,12,0,314
12972.0,1,1,10,0,12,0,314
12973.0,1,1,10,0,12,0,314
12974.0,1,1,10,0,12,0,314
12975.0,1,1,10,0,12,0,314
12976.0,1,1,10,0,12,0,314
12977.0,1,1,10,0,12,0,314
12978.0,1,1,10,0,12,0,314
12979.0,1,1,10,0,12,0,314
12980.0,1,1,10,0,12,0,314
12981.0,1,1,10,0,12,0,314
12982.0,1,1,10,0,12,0,314
12983.0,1,1,10,0,12,0,314
12984.0,1,1,10,0,12,0,314
12985.0,1,1,10,0,12,0,314
12986.0,1,1,10,0,12,0,314
12987.0,1,1,10,0,12,0,314
12988.0,1,1,10,0,12,0,314
12989.0,1,1,10,0,12,0,314
12990.0,1,1,10,0,12,0,314
12991.0,1,1,10,0,12,0,314
12992.0,1,1,10,0,12,0,314
12993.0,1,1,10,0,12,0,314
12994.0,1,1,10,0,12,0,314
12995.0,1,1,10,0,12,0,314
12996.0,1,1,10,0,12,0,314
12997.0,1,1,10,0,12,0,314
12998.0,1,1,10,0,12,0,314
12999.0,1,1,10,0,12,0,314
13000.0,1,1,10,0,12,0,314
13001.0,1,1,10,0,12,0,314
13002.0,1,1,10,0,12,0,314
13003.0,1,1,10,0,12,0,314
13004.0,1,1,10,0,12,0,314
13005.0,1,1,10,0,12,0,314
13006.0,1,1,10,0,12,0,314
13007.0,1,1,10,0,12,0,314
13008.0,1,1,10,0,12,0,314
13009.0,1,1,10,0,12,0,314
13010.0,1,1,10,0,12,0,314
13011.0,1,1,10,0,12,0,314
13012.0,1,1,10,0,12,0,314
13013.0,1,1,10,0,12,0,314
13014.0,1,1,10,0,12,0,314
13015.0,1,1,10,0,12,0,314
13016.0,1,1,10,0,12,0,314
13017.0,1,1,10,0,12,0,314
13018.0,1,1,10,0,12,0,314
13019.0,1,1,10,0,12,0,314
13020.0,1,1,10,0,12,0,314
13021.0,1,1,10,0,12,0,314
13022.0,1,1,10,0,12,0,314
13023.0,1,1,10,0,12,0,314
13024.0,1,1,10,0,12,0,314
13025.0,1,1,10,0,12,0,314
13026.0,1,1,10,0,12,0,314
13027.0,1,1,10,0,12,0,314
13028.0,1,1,10,0,12,0,314
13029.0,1,1,10,0,12,0,314
13030.0,1,1,10,0,12,0,314
13031.0,1,1,10,0,12,0,314
13032.0,1,1,10,0,12,0,314
13033.0,1,1,10,0,12,0,314
13034.0,1,1,10,0,12,0,314
13035.0,1,1,10,0,12,0,314
13036.0,1,1,10,0,12,0,314
13037.0,1,1,10,0,12,0,314
13038.0,1,1,10,0,12,0,314
13039.0,1,1,10,0,12,0,314
13040.0,1,1,10,0,12,0,314
13041.0,1,1,10,0,12,0,314
13042.0,1,1,10,0,12,0,314
13043.0,1,1,10,0,12,0,314
13044.0,1,1,10,0,12,0,314
13045.0,1,1,10,0,12,0,314
13046.0,1,1,10,0,12,0,314
13047.0,1,1,10,0,12,0,314
13048.0,1,1,10,0,12,0,314
13049.0,1,1,10,0,12,0,314
13050.0,1,1,10,0,12,0,314
13051.0,1,1,10,0,12,0,314
13052.0,1,1,10,0,12,0,314
13053.0,1,1,10,0,12,0,314
13054.0,1,1,10,0,12,0,314
13055.0,1,1,10,0,12,0,314
13056.0,1,1,10,0,12,0,314
13057.0,1,1,10,0,12,0,314
13058.0,1,1,10,0,12,0,314
13059.0,1,1,10,0,12,0,314
13060.0,1,1,10,0,12,0,314
13061.0,1,1,10,0,12,0,314
13062.0,1,1,10,0,12,0,314
13063.0,1,1,10,0,12,0,314
13064.0,1,1,10,0,12,0,314
13065.0,1,1,10,0,12,0,314
13066.0,1,1,10,0,12,0,314
13067.0,1,1,10,0,12,0,314
13068.0,1,1,10,0,12,0,314
13069.0,1,1,10,0,12,0,314
13070.0,1,1,10,0,12,0,314
13071.0,1,1,10,0,12,0,314
13072.0,1,1,10,0,12,0,314
13073.0,1,1,10,0,12,0,314
13074.0,1,1,10,0,12,0,314
13075.0,1,1,10,0,12,0,314
13076.0,1,1,10,0,12,0,314
13077.0,1,1,10,0,12,0,314
13078.0,1,1,10,0,12,0,314
13079.0,1,1,10,0,12,0,314
13080.0,1,1,10,0,12,0,314
13081.0,1,1,10,0,12,0,314
13082.0,1,1,10,0,12,0,314
13083.0,1,1,10,0,12,0,314
13084.0,1,1,10,0,12,0,314
13085.0,1,1,10,0,12,0,314
13086.0,1,1,10,0,12,0,314
13087.0,1,1,10,0,12,0,314
13088.0,1,1,10,0,12,0,314
13089.0,1,1,10,0,12,0,314
13090.0,1,1,10,0,12,0,314
13091.0,1,1,10,0,12,0,314
13092.0,1,1,10,0,12,0,314
13093.0,1,1,10,0,12,0,314
13094.0,1,1,10,0,12,0,314
13095.0,1,1,10,0,12,0,314
13096.0,1,1,10,0,12,0,314
13097.0,1,1,10,0,12,0,314
13098.0,1,1,10,0,12,0,314
13099.0,1,1,10,0,12,0,314
13100.0,1,1,10,0,12,0,314
13101.0,1,1,10,0,12,0,314
13102.0,1,1,10,0,12,0,314
13103.0,1,1,10,0,12,0,314
13104.0,1,1,10,0,12,0,314
13105.0,1,1,10,0,12,0,314
13106.0,1,1,10,0,12,0,314
13107.0,1,1,10,0,12,0,314
13108.0,1,1,10,0,12,0,314
13109.0,1,1,10,0,12,0,314
13110.0,1,1,10,0,12,0,314
13111.0,1,1,10,0,12,0,314
13112.0,1,1,10,0,12,0,314
13113.0,1,1,10,0,12,0,314
13114.0,1,1,10,0,12,0,314
13115.0,1,1,10,0,12,0,314
13116.0,1,1,10,0,12,0,314
13117.0,1,1,10,0,12,0,314
13118.0,1,1,10,0,12,0,314
13119.0,1,1,10,0,12,0,314
13120.0,1,1,10,0,12,0,314
13121.0,1,1,10,0,12,0,314
13122.0,1,1,10,0,12,0,314
13123.0,1,1,10,0,12,0,314
13124.0,1,1,10,0,12,0,314
13125.0,1,1,10,0,12,0,314
13126.0,1,1,10,0,12,0,314
13127.0,1,1,10,0,12,0,314
13128.0,1,1,10,0,12,0,314
13129.0,1,1,10,0,12,0,314
13130.0,1,1,10,0,12,0,314
13131.0,1,1,10,0,12,0,314
13132.0,1,1,10,0,12,0,314
13133.0,1,1,10,0,12,0,314
13134.0,1,1,10,0,12,0,314
13135.0,1,1,10,0,12,0,314
13136.0,1,1,10,0,12,0,314
13137.0,1,1,10,0,12,0,314
13138.0,1,1,10,0,12,0,314
13139.0,1,1,10,0,12,0,314
13140.0,1,1,10,0,12,0,314
13141.0,1,1,10,0,12,0,314
13142.0,1,1,10,0,12,0,314
13143.0,1,1,10,0,12,0,314
13144.0,1,1,10,0,12,0,314
13145.0,1,1,10,0,12,0,314
13146.0,1,1,10,0,12,0,314
13147.0,1,1,10,0,12,0,314
13148.0,1,1,10,0,12,0,314
13149.0,1,1,10,0,12,0,314
13150.0,1,1,10,0,12,0,314
13151.0,1,1,10,0,12,0,314
13152.0,1,1,10,0,12,0,314
13153.0,1,1,10,0,12,0,314
13154.0,1,1,10,0,12,0,314
13155.0,1,1,10,0,12,0,314
13156.0,1,1,10,0,12,0,314
13157.0,1,1,10,0,12,0,314
13158.0,1,1,10,0,12,0,314
13159.0,1,1,10,0,12,0,314
13160.0,1,1,10,0,12,0,314
13161.0,1,1,10,0,12,0,314
13162.0,1,1,10,0,12,0,314
13163.0,1,1,10,0,12,0,314
13164.0,1,1,10,0,12,0,314
13165.0,1,1,10,0,12,0,314
13166.0,1,1,10,0,12,0,314
13167.0,1,1,10,0,12,0,314
13168.0,1,1,10,0,12,0,314
13169.0,1,1,10,0,12,0,314
13170.0,1,1,10,0,12,0,314
13171.0,1,1,10,0,12,0,314
13172.0,1,1,10,0,12,0,314
13173.0,1,1,10,0,12,0,314
13174.0,1,1,10,0,12,0,314
13175.0,1,1,10,0,12,0,314
13176.0,1,1,10,0,12,0,314
13177.0,1,1,10,0,12,0,314
13178.0,1,1,10,0,12,0,314
13179.0,1,1,10,0,12,0,314
13180.0,1,1,10,0,12,0,314
13181.0,1,1,10,0,12,0,314
13182.0,1,1,10,0,12,0,314
13183.0,1,1,10,0,12,0,314
13184.0,1,1,10,0,12,0,314
13185.0,1,1,10,0,12,0,314
13186.0,1,1,10,0,12,0,314
13187.0,1,1,10,0,12,0,314
13188.0,1,1,10,0,12,0,314
13189.0,1,1,10,0,12,0,314
13190.0,1,1,10,0,12,0,314
13191.0,1,1,10,0,12,0,314
13192.0,1,1,10,0,12,0,314
13193.0,1,1,10,0,12,0,314
13194.0,1,1,10,0,12,0,314
13195.0,1,1,10,0,12,0,314
13196.0,1,1,10,0,12,0,314
13197.0,1,1,10,0,12,0,314
13198.0,1,1,10,0,12,0,314
13199.0,1,1,10,0,12,0,314
13200.0,1,1,10,0,12,0,314
13201.0,1,1,10,0,12,0,314
13202.0,1,1,10,0,12,0,314
13203.0,1,1,10,0,12,0,314
13204.0,1,1,10,0,12,0,314
13205.0,1,1,10,0,12,0,314
13206.0,1,1,10,0,12,0,314
13207.0,1,1,10,0,12,0,314
13208.0,1,1,10,0,12,0,314
13209.0,1,1,10,0,12,0,314
13210.0,1,1,10,0,12,0,314
13211.0,1,1,10,0,12,0,314
13212.0,1,1,10,0,12,0,314
13213.0,1,1,10,0,12,0,314
13214.0,1,1,10,0,12,0,314
13215.0,1,1,10,0,12,0,314
13216.0,1,1,10,0,12,0,314
13217.0,1,1,10,0,12,0,314
13218.0,1,1,10,0,12,0,314
13219.0,1,1,10,0,12,0,314
13220.0,1,1,10,0,12,0,314
13221.0,1,1,10,0,12,0,314
13222.0,1,1,10,0,12,0,314
13223.0,1,1,10,0,12,0,314
13224.0,1,1,10,0,12,0,314
13225.0,1,1,10,0,12,0,314
13226.0,1,1,10,0,12,0,314
13227.0,1,1,10,0,12,0,314
13228.0,1,1,10,0,12,0,314
13229.0,1,1,10,0,12,0,314
13230.0,1,1,10,0,12,0,314
13231.0,1,1,10,0,12,0,314
13232.0,1,1,10,0,12,0,314
13233.0,1,1,10,0,12,0,314
13234.0,1,1,10,0,12,0,314
13235.0,1,1,10,0,12,0,314
13236.0,1,1,10,0,12,0,314
13237.0,1,1,10,0,12,0,314
13238.0,1,1,10,0,12,0,314
13239.0,1,1,10,0,12,0,314
13240.0,1,1,10,0,12,0,314
13241.0,1,1,10,0,12,0,314
13242.0,1,1,10,0,12,0,314
13243.0,1,1,10,0,12,0,314
13244.0,1,1,10,0,12,0,314
13245.0,1,1,10,0,12,0,314
13246.0,1,1,10,0,12,0,314
13247.0,1,1,10,0,12,0,314
13248.0,1,1,10,0,12,0,314
13249.0,1,1,10,0,12,0,314
13250.0,1,1,10,0,12,0,314
13251.0,1,1,10,0,12,0,314
13252.0,1,1,10,0,12,0,314
13253.0,1,1,10,0,12,0,314
13254.0,1,1,10,0,12,0,314
13255.0,1,1,10,0,12,0,314
13256.0,1,1,10,0,12,0,314
13257.0,1,1,10,0,12,0,314
13258.0,1,1,10,0,12,0,314
13259.0,1,1,10,0,12,0,314
13260.0,1,1,10,0,12,0,314
13261.0,1,1,10,0,12,0,314
13262.0,1,1,10,0,12,0,314
13263.0,1,1,10,0,12,0,314
13264.0,1,1,10,0,12,0,314
13265.0,1,1,10,0,12,0,314
13266.0,1,1,10,0,12,0,314
13267.0,1,1,10,0,12,0,314
13268.0,1,1,10,0,12,0,314
13269.0,1,1,10,0,12,0,314
13270.0,1,1,10,0,12,0,314
13271.0,1,1,10,0,12,0,314
13272.0,1,1,10,0,12,0,314
13273.0,1,1,10,0,12,0,314
13274.0,1,1,10,0,12,0,314
13275.0,1,1,10,0,12,0,314
13276.0,1,1,10,0,12,0,314
13277.0,1,1,10,0,12,0,314
13278.0,1,1,10,0,12,0,314
13279.0,1,1,10,0,12,0,314
13280.0,1,1,10,0,12,0,314
13281.0,1,1,10,0,12,0,314
13282.0,1,1,10,0,12,0,314
13283.0,1,1,10,0,12,0,314
13284.0,1,1,10,0,12,0,314
13285.0,1,1,10,0,12,0,314
13286.0,1,1,10,0,12,0,314
13287.0,1,1,10,0,12,0,314
13288.0,1,1,10,0,12,0,314
13289.0,1,1,10,0,12,0,314
13290.0,1,1,10,0,12,0,314
13291.0,1,1,10,0,12,0,314
13292.0,1,1,10,0,12,0,314
13293.0,1,1,10,0,12,0,314
13294.0,1,1,10,0,12,0,314
13295.0,1,1,10,0,12,0,314
13296.0,1,1,10,0,12,0,314
13297.0,1,1,10,0,12,0,314
13298.0,1,1,10,0,12,0,314
13299.0,1,1,10,0,12,0,314
13300.0,1,1,10,0,12,0,314
13301.0,1,1,10,0,12,0,314
13302.0,1,1,10,0,12,0,314
13303.0,1,1,10,0,12,0,314
13304.0,1,1,10,0,12,0,314
13305.0,1,1,10,0,12,0,314
13306.0,1,1,10,0,12,0,314
13307.0,1,1,10,0,12,0,314
13308.0,1,1,10,0,12,0,314
13309.0,1,1,10,0,12,0,314
13310.0,1,1,10,0,12,0,314
13311.0,1,1,10,0,12,0,314
13312.0,1,1,10,0,12,0,314
13313.0,1,1,10,0,12,0,314
13314.0,1,1,10,0,12,0,314
13315.0,1,1,10,0,12,0,314
13316.0,1,1,10,0,12,0,314
13317.0,1,1,10,0,12,0,314
13318.0,1,1,10,0,12,0,314
13319.0,1,1,10,0,12,0,314
13320.0,1,1,10,0,12,0,314
13321.0,1,1,10,0,12,0,314
13322.0,1,1,10,0,12,0,314
13323.0,1,1,10,0,12,0,314
13324.0,1,1,10,0,12,0,314
13325.0,1,1,10,0,12,0,314
13326.0,1,1,10,0,12,0,314
13327.0,1,1,10,0,12,0,314
13328.0,1,1,10,0,12,0,314
13329.0,1,1,10,0,12,0,314
13330.0,1,1,10,0,12,0,314
13331.0,1,1,10,0,12,0,314
13332.0,1,1,10,0,12,0,314
13333.0,1,1,10,0,12,0,314
13334.0,1,1,10,0,12,0,314
13335.0,1,1,10,0,12,0,314
13336.0,1,1,10,0,12,0,314
13337.0,1,1,10,0,12,0,314
13338.0,1,1,10,0,12,0,314
13339.0,1,1,10,0,12,0,314
13340.0,1,1,10,0,12,0,314
13341.0,1,1,10,0,12,0,314
13342.0,1,1,10,0,12,0,314
13343.0,1,1,10,0,12,0,314
13344.0,1,1,10,0,12,0,314
13345.0,1,1,10,0,12,0,314
13346.0,1,1,10,0,12,0,314
13347.0,1,1,10,0,12,0,314
13348.0,1,1,10,0,12,0,314
13349.0,1,1,10,0,12,0,314
13350.0,1,1,10,0,12,0,314
13351.0,1,1,10,0,12,0,314
13352.0,1,1,10,0,12,0,314
13353.0,1,1,10,0,12,0,314
13354.0,1,1,10,0,12,0,314
13355.0,1,1,10,0,12,0,314
13356.0,1,1,10,0,12,0,314
13357.0,1,1,10,0,12,0,314
13358.0,1,1,10,0,12,0,314
13359.0,1,1,10,0,12,0,314
13360.0,1,1,10,0,12,0,314
13361.0,1,1,10,0,12,0,314
13362.0,1,1,10,0,12,0,314
13363.0,1,1,10,0,12,0,314
13364.0,1,1,10,0,12,0,314
13365.0,1,1,10,0,12,0,314
13366.0,1,1,10,0,12,0,314
13367.0,1,1,10,0,12,0,314
13368.0,1,1,10,0,12,0,314
13369.0,1,1,10,0,12,0,314
13370.0,1,1,10,0,12,0,314
13371.0,1,1,10,0,12,0,314
13372.0,1,1,10,0,12,0,314
13373.0,1,1,10,0,12,0,314
13374.0,1,1,10,0,12,0,314
13375.0,1,1,10,0,12,0,314
13376.0,1,1,10,0,12,0,314
13377.0,1,1,10,0,12,0,314
13378.0,1,1,10,0,12,0,314
13379.0,1,1,10,0,12,0,314
13380.0,1,1,10,0,12,0,314
13381.0,1,1,10,0,12,0,314
13382.0,1,1,10,0,12,0,314
13383.0,1,1,10,0,12,0,314
13384.0,1,1,10,0,12,0,314
13385.0,1,1,10,0,12,0,314
13386.0,1,1,10,0,12,0,314
13387.0,1,1,10,0,12,0,314
13388.0,1,1,10,0,12,0,314
13389.0,1,1,10,0,12,0,314
13390.0,1,1,10,0,12,0,314
13391.0,1,1,10,0,12,0,314
13392.0,1,1,10,0,12,0,314
13393.0,1,1,10,0,12,0,314
13394.0,1,1,10,0,12,0,314
13395.0,1,1,10,0,12,0,314
13396.0,1,1,10,0,12,0,314
13397.0,1,1,10,0,12,0,314
13398.0,1,1,10,0,12,0,314
13399.0,1,1,10,0,12,0,314
13400.0,1,1,10,0,12,0,314
13401.0,1,1,10,0,12,0,314
13402.0,1,1,10,0,12,0,314
13403.0,1,1,10,0,12,0,314
13404.0,1,1,10,0,12,0,314
13405.0,1,1,10,0,12,0,314
13406.0,1,1,10,0,12,0,314
13407.0,1,1,10,0,12,0,314
13408.0,1,1,10,0,12,0,314
13409.0,1,1,10,0,12,0,314
13410.0,1,1,10,0,12,0,314
13411.0,1,1,10,0,12,0,314
13412.0,1,1,10,0,12,0,314
13413.0,1,1,10,0,12,0,314
13414.0,1,1,10,0,12,0,314
13415.0,1,1,10,0,12,0,314
13416.0,1,1,10,0,12,0,314
13417.0,1,1,10,0,12,0,314
13418.0,1,1,10,0,12,0,314
13419.0,1,1,10,0,12,0,314
13420.0,1,1,10,0,12,0,314
13421.0,1,1,10,0,12,0,314
13422.0,1,1,10,0,12,0,314
13423.0,1,1,10,0,12,0,314
13424.0,1,1,10,0,12,0,314
13425.0,1,1,10,0,12,0,314
13426.0,1,1,10,0,12,0,314
13427.0,1,1,10,0,12,0,314
13428.0,1,1,10,0,12,0,314
13429.0,1,1,10,0,12,0,314
13430.0,1,1,10,0,12,0,314
13431.0,1,1,10,0,12,0,314
13432.0,1,1,10,0,12,0,314
13433.0,1,1,10,0,12,0,314
13434.0,1,1,10,0,12,0,314
13435.0,1,1,10,0,12,0,314
13436.0,1,1,10,0,12,0,314
13437.0,1,1,10,0,12,0,314
13438.0,1,1,10,0,12,0,314
13439.0,1,1,10,0,12,0,314
13440.0,1,1,10,0,12,0,314
13441.0,1,1,10,0,12,0,314
13442.0,1,1,10,0,12,0,314
13443.0,1,1,10,0,12,0,314
13444.0,1,1,10,0,12,0,314
13445.0,1,1,10,0,12,0,314
13446.0,1,1,10,0,12,0,314
13447.0,1,1,10,0,12,0,314
13448.0,1,1,10,0,12,0,314
13449.0,1,1,10,0,12,0,314
13450.0,1,1,10,0,12,0,314
13451.0,1,1,10,0,12,0,314
13452.0,1,1,10,0,12,0,314
13453.0,1,1,10,0,12,0,314
13454.0,1,1,10,0,12,0,314
13455.0,1,1,10,0,12,0,314
13456.0,1,1,10,0,12,0,314
13457.0,1,1,10,0,12,0,314
13458.0,1,1,10,0,12,0,314
13459.0,1,1,10,0,12,0,314
13460.0,1,1,10,0,12,0,314
13461.0,1,1,10,0,12,0,314
13462.0,1,1,10,0,12,0,314
13463.0,1,1,10,0,12,0,314
13464.0,1,1,10,0,12,0,314
13465.0,1,1,10,0,12,0,314
13466.0,1,1,10,0,12,0,314
13467.0,1,1,10,0,12,0,314
13468.0,1,1,10,0,12,0,314
13469.0,1,1,10,0,12,0,314
13470.0,1,1,10,0,12,0,314
13471.0,1,1,10,0,12,0,314
13472.0,1,1,10,0,12,0,314
13473.0,1,1,10,0,12,0,314
13474.0,1,1,10,0,12,0,314
13475.0,1,1,10,0,12,0,314
13476.0,1,1,10,0,12,0,314
13477.0,1,1,10,0,12,0,314
13478.0,1,1,10,0,12,0,314
13479.0,1,1,10,0,12,0,314
13480.0,1,1,10,0,12,0,314
13481.0,1,1,10,0,12,0,314
13482.0,1,1,10,0,12,0,314
13483.0,1,1,10,0,12,0,314
13484.0,1,1,10,0,12,0,314
13485.0,1,1,10,0,12,0,314
13486.0,1,1,10,0,12,0,314
13487.0,1,1,10,0,12,0,314
13488.0,1,1,10,0,12,0,314
13489.0,1,1,10,0,12,0,314
13490.0,1,1,10,0,12,0,314
13491.0,1,1,10,0,12,0,314
13492.0,1,1,10,0,12,0,314
13493.0,1,1,10,0,12,0,314
13494.0,1,1,10,0,12,0,314
13495.0,1,1,10,0,12,0,314
13496.0,1,1,10,0,12,0,314
13497.0,1,1,10,0,12,0,314
13498.0,1,1,10,0,12,0,314
13499.0,1,1,10,0,12,0,314
13500.0,1,1,10,0,12,0,314
13501.0,1,1,10,0,12,0,314
13502.0,1,1,10,0,12,0,314
13503.0,1,1,10,0,12,0,314
13504.0,1,1,10,0,12,0,314
13505.0,1,1,10,0,12,0,314
13506.0,1,1,10,0,12,0,314
13507.0,1,1,10,0,12,0,314
13508.0,1,1,10,0,12,0,314
13509.0,1,1,10,0,12,0,314
13510.0,1,1,10,0,12,0,314
13511.0,1,1,10,0,12,0,314
13512.0,1,1,10,0,12,0,314
13513.0,1,1,10,0,12,0,314
13514.0,1,1,10,0,12,0,314
13515.0,1,1,10,0,12,0,314
13516.0,1,1,10,0,12,0,314
13517.0,1,1,10,0,12,0,314
13518.0,1,1,10,0,12,0,314
13519.0,1,1,10,0,12,0,314
13520.0,1,1,10,0,12,0,314
13521.0,1,1,10,0,12,0,314
13522.0,1,1,10,0,12,0,314
13523.0,1,1,10,0,12,0,314
13524.0,1,1,10,0,12,0,314
13525.0,1,1,10,0,12,0,314
13526.0,1,1,10,0,12,0,314
13527.0,1,1,10,0,12,0,314
13528.0,1,1,10,0,12,0,314
13529.0,1,1,10,0,12,0,314
13530.0,1,1,10,0,12,0,314
13531.0,1,1,10,0,12,0,314
13532.0,1,1,10,0,12,0,314
13533.0,1,1,10,0,12,0,314
13534.0,1,1,10,0,12,0,314
13535.0,1,1,10,0,12,0,314
13536.0,1,1,10,0,12,0,314
13537.0,1,1,10,0,12,0,314
13538.0,1,1,10,0,12,0,314
13539.0,1,1,10,0,12,0,314
13540.0,1,1,10,0,12,0,314
13541.0,1,1,10,0,12,0,314
13542.0,1,1,10,0,12,0,314
13543.0,1,1,10,0,12,0,314
13544.0,1,1,10,0,12,0,314
13545.0,1,1,10,0,12,0,314
13546.0,1,1,10,0,12,0,314
13547.0,1,1,10,0,12,0,314
13548.0,1,1,10,0,12,0,314
13549.0,1,1,10,0,12,0,314
13550.0,1,1,10,0,12,0,314
13551.0,1,1,10,0,12,0,314
13552.0,1,1,10,0,12,0,314
13553.0,1,1,10,0,12,0,314
13554.0,1,1,10,0,12,0,314
13555.0,1,1,10,0,12,0,314
13556.0,1,1,10,0,12,0,314
13557.0,1,1,10,0,12,0,314
13558.0,1,1,10,0,12,0,314
13559.0,1,1,10,0,12,0,314
13560.0,1,1,10,0,12,0,314
13561.0,1,1,10,0,12,0,314
13562.0,1,1,10,0,12,0,314
13563.0,1,1,10,0,12,0,314
13564.0,1,1,10,0,12,0,314
13565.0,1,1,10,0,12,0,314
13566.0,1,1,10,0,12,0,314
13567.0,1,1,10,0,12,0,314
13568.0,1,1,10,0,12,0,314
13569.0,1,1,10,0,12,0,314
13570.0,1,1,10,0,12,0,314
13571.0,1,1,10,0,12,0,314
13572.0,1,1,10,0,12,0,314
13573.0,1,1,10,0,12,0,314
13574.0,1,1,10,0,12,0,314
13575.0,1,1,10,0,12,0,314
13576.0,1,1,10,0,12,0,314
13577.0,1,1,10,0,12,0,314
13578.0,1,1,10,0,12,0,314
13579.0,1,1,10,0,12,0,314
13580.0,1,1,10,0,12,0,314
13581.0,1,1,10,0,12,0,314
13582.0,1,1,10,0,12,0,314
13583.0,1,1,10,0,12,0,314
13584.0,1,1,10,0,12,0,314
13585.0,1,1,10,0,12,0,314
13586.0,1,1,10,0,12,0,314
13587.0,1,1,10,0,12,0,314
13588.0,1,1,10,0,12,0,314
13589.0,1,1,10,0,12,0,314
13590.0,1,1,10,0,12,0,314
13591.0,1,1,10,0,12,0,314
13592.0,1,1,10,0,12,0,314
13593.0,1,1,10,0,12,0,314
13594.0,1,1,10,0,12,0,314
13595.0,1,1,10,0,12,0,314
13596.0,1,1,10,0,12,0,314
13597.0,1,1,10,0,12,0,314
13598.0,1,1,10,0,12,0,314
13599.0,1,1,10,0,12,0,314
13600.0,1,1,10,0,12,0,314
13601.0,1,1,10,0,12,0,314
13602.0,1,1,10,0,12,0,314
13603.0,1,1,10,0,12,0,314
13604.0,1,1,10,0,12,0,314
13605.0,1,1,10,0,12,0,314
13606.0,1,1,10,0,12,0,314
13607.0,1,1,10,0,12,0,314
13608.0,1,1,10,0,12,0,314
13609.0,1,1,10,0,12,0,314
13610.0,1,1,10,0,12,0,314
13611.0,1,1,10,0,12,0,314
13612.0,1,1,10,0,12,0,314
13613.0,1,1,10,0,12,0,314
13614.0,1,1,10,0,12,0,314
13615.0,1,1,10,0,12,0,314
13616.0,1,1,10,0,12,0,314
13617.0,1,1,10,0,12,0,314
13618.0,1,1,10,0,12,0,314
13619.0,1,1,10,0,12,0,314
13620.0,1,1,10,0,12,0,314
13621.0,1,1,10,0,12,0,314
13622.0,1,1,10,0,12,0,314
13623.0,1,1,10,0,12,0,314
13624.0,1,1,10,0,12,0,314
13625.0,1,1,10,0,12,0,314
13626.0,1,1,10,0,12,0,314
13627.0,1,1,10,0,12,0,314
13628.0,1,1,10,0,12,0,314
13629.0,1,1,10,0,12,0,314
13630.0,1,1,10,0,12,0,314
13631.0,1,1,10,0,12,0,314
13632.0,1,1,10,0,12,0,314
13633.0,1,1,10,0,12,0,314
13634.0,1,1,10,0,12,0,314
13635.0,1,1,10,0,12,0,314
13636.0,1,1,10,0,12,0,314
13637.0,1,1,10,0,12,0,314
13638.0,1,1,10,0,12,0,314
13639.0,1,1,10,0,12,0,314
13640.0,1,1,10,0,12,0,314
13641.0,1,1,10,0,12,0,314
13642.0,1,1,10,0,12,0,314
13643.0,1,1,10,0,12,0,314
13644.0,1,1,10,0,12,0,314
13645.0,1,1,10,0,12,0,314
13646.0,1,1,10,0,12,0,314
13647.0,1,1,10,0,12,0,314
13648.0,1,1,10,0,12,0,314
13649.0,1,1,10,0,12,0,314
13650.0,1,1,10,0,12,0,314
13651.0,1,1,10,0,12,0,314
13652.0,1,1,10,0,12,0,314
13653.0,1,1,10,0,12,0,314
13654.0,1,1,10,0,12,0,314
13655.0,1,1,10,0,12,0,314
13656.0,1,1,10,0,12,0,314
13657.0,1,1,10,0,12,0,314
13658.0,1,1,10,0,12,0,314
13659.0,1,1,10,0,12,0,314
13660.0,1,1,10,0,12,0,314
13661.0,1,1,10,0,12,0,314
13662.0,1,1,10,0,12,0,314
13663.0,1,1,10,0,12,0,314
13664.0,1,1,10,0,12,0,314
13665.0,1,1,10,0,12,0,314
13666.0,1,1,10,0,12,0,314
13667.0,1,1,10,0,12,0,314
13668.0,1,1,10,0,12,0,314
13669.0,1,1,10,0,12,0,314
13670.0,1,1,10,0,12,0,314
13671.0,1,1,10,0,12,0,314
13672.0,1,1,10,0,12,0,314
13673.0,1,1,10,0,12,0,314
13674.0,1,1,10,0,12,0,314
13675.0,1,1,10,0,12,0,314
13676.0,1,1,10,0,12,0,314
13677.0,1,1,10,0,12,0,314
13678.0,1,1,10,0,12,0,314
13679.0,1,1,10,0,12,0,314
13680.0,1,1,10,0,12,0,314
13681.0,1,1,10,0,12,0,314
13682.0,1,1,10,0,12,0,314
13683.0,1,1,10,0,12,0,314
13684.0,1,1,10,0,12,0,314
13685.0,1,1,10,0,12,0,314
13686.0,1,1,10,0,12,0,314
13687.0,1,1,10,0,12,0,314
13688.0,1,1,10,0,12,0,314
13689.0,1,1,10,0,12,0,314
13690.0,1,1,10,0,12,0,314
13691.0,1,1,10,0,12,0,314
13692.0,1,1,10,0,12,0,314
13693.0,1,1,10,0,12,0,314
13694.0,1,1,10,0,12,0,314
13695.0,1,1,10,0,12,0,314
13696.0,1,1,10,0,12,0,314
13697.0,1,1,10,0,12,0,314
13698.0,1,1,10,0,12,0,314
13699.0,1,1,10,0,12,0,314
13700.0,1,1,10,0,12,0,314
13701.0,1,1,10,0,12,0,314
13702.0,1,1,10,0,12,0,314
13703.0,1,1,10,0,12,0,314
13704.0,1,1,10,0,12,0,314
13705.0,1,1,10,0,12,0,314
13706.0,1,1,10,0,12,0,314
13707.0,1,1,10,0,12,0,314
13708.0,1,1,10,0,12,0,314
13709.0,1,1,10,0,12,0,314
13710.0,1,1,10,0,12,0,314
13711.0,1,1,10,0,12,0,314
13712.0,1,1,10,0,12,0,314
13713.0,1,1,10,0,12,0,314
13714.0,1,1,10,0,12,0,314
13715.0,1,1,10,0,12,0,314
13716.0,1,1,10,0,12,0,314
13717.0,1,1,10,0,12,0,314
13718.0,1,1,10,0,12,0,314
13719.0,1,1,10,0,12,0,314
13720.0,1,1,10,0,12,0,314
13721.0,1,1,10,0,12,0,314
13722.0,1,1,10,0,12,0,314
13723.0,1,1,10,0,12,0,314
13724.0,1,1,10,0,12,0,314
13725.0,1,1,10,0,12,0,314
13726.0,1,1,10,0,12,0,314
13727.0,1,1,10,0,12,0,314
13728.0,1,1,10,0,12,0,314
13729.0,1,1,10,0,12,0,314
13730.0,1,1,10,0,12,0,314
13731.0,1,1,10,0,12,0,314
13732.0,1,1,10,0,12,0,314
13733.0,1,1,10,0,12,0,314
13734.0,1,1,10,0,12,0,314
13735.0,1,1,10,0,12,0,314
13736.0,1,1,10,0,12,0,314
13737.0,1,1,10,0,12,0,314
13738.0,1,1,10,0,12,0,314
13739.0,1,1,10,0,12,0,314
13740.0,1,1,10,0,12,0,314
13741.0,1,1,10,0,12,0,314
13742.0,1,1,10,0,12,0,314
13743.0,1,1,10,0,12,0,314
13744.0,1,1,10,0,12,0,314
13745.0,1,1,10,0,12,0,314
13746.0,1,1,10,0,12,0,314
13747.0,1,1,10,0,12,0,314
13748.0,1,1,10,0,12,0,314
13749.0,1,1,10,0,12,0,314
13750.0,1,1,10,0,12,0,314
13751.0,1,1,10,0,12,0,314
13752.0,1,1,10,0,12,0,314
13753.0,1,1,10,0,12,0,314
13754.0,1,1,10,0,12,0,314
13755.0,1,1,10,0,12,0,314
13756.0,1,1,10,0,12,0,314
13757.0,1,1,10,0,12,0,314
13758.0,1,1,10,0,12,0,314
13759.0,1,1,10,0,12,0,314
13760.0,1,1,10,0,12,0,314
13761.0,1,1,10,0,12,0,314
13762.0,1,1,10,0,12,0,314
13763.0,1,1,10,0,12,0,314
13764.0,1,1,10,0,12,0,314
13765.0,1,1,10,0,12,0,314
13766.0,1,1,10,0,12,0,314
13767.0,1,1,10,0,12,0,314
13768.0,1,1,10,0,12,0,314
13769.0,1,1,10,0,12,0,314
13770.0,1,1,10,0,12,0,314
13771.0,1,1,10,0,12,0,314
13772.0,1,1,10,0,12,0,314
13773.0,1,1,10,0,12,0,314
13774.0,1,1,10,0,12,0,314
13775.0,1,1,10,0,12,0,314
13776.0,1,1,10,0,12,0,314
13777.0,1,1,10,0,12,0,314
13778.0,1,1,10,0,12,0,314
13779.0,1,1,10,0,12,0,314
13780.0,1,1,10,0,12,0,314
13781.0,1,1,10,0,12,0,314
13782.0,1,1,10,0,12,0,314
13783.0,1,1,10,0,12,0,314
13784.0,1,1,10,0,12,0,314
13785.0,1,1,10,0,12,0,314
13786.0,1,1,10,0,12,0,314
13787.0,1,1,10,0,12,0,314
13788.0,1,1,10,0,12,0,314
13789.0,1,1,10,0,12,0,314
13790.0,1,1,10,0,12,0,314
13791.0,1,1,10,0,12,0,314
13792.0,1,1,10,0,12,0,314
13793.0,1,1,10,0,12,0,314
13794.0,1,1,10,0,12,0,314
13795.0,1,1,10,0,12,0,314
13796.0,1,1,10,0,12,0,314
13797.0,1,1,10,0,12,0,314
13798.0,1,1,10,0,12,0,314
13799.0,1,1,10,0,12,0,314
13800.0,1,1,10,0,12,0,314
13801.0,1,1,10,0,12,0,314
13802.0,1,1,10,0,12,0,314
13803.0,1,1,10,0,12,0,314
13804.0,1,1,10,0,12,0,314
13805.0,1,1,10,0,12,0,314
13806.0,1,1,10,0,12,0,314
13807.0,1,1,10,0,12,0,314
13808.0,1,1,10,0,12,0,314
13809.0,1,1,10,0,12,0,314
13810.0,1,1,10,0,12,0,314
13811.0,1,1,10,0,12,0,314
13812.0,1,1,10,0,12,0,314
13813.0,1,1,10,0,12,0,314
13814.0,1,1,10,0,12,0,314
13815.0,1,1,10,0,12,0,314
13816.0,1,1,10,0,12,0,314
13817.0,1,1,10,0,12,0,314
13818.0,1,1,10,0,12,0,314
13819.0,1,1,10,0,12,0,314
13820.0,1,1,10,0,12,0,314
13821.0,1,1,10,0,12,0,314
13822.0,1,1,10,0,12,0,314
13823.0,1,1,10,0,12,0,314
13824.0,1,1,10,0,12,0,314
13825.0,1,1,10,0,12,0,314
13826.0,1,1,10,0,12,0,314
13827.0,1,1,10,0,12,0,314
13828.0,1,1,10,0,12,0,314
13829.0,1,1,10,0,12,0,314
13830.0,1,1,10,0,12,0,314
13831.0,1,1,10,0,12,0,314
13832.0,1,1,10,0,12,0,314
13833.0,1,1,10,0,12,0,314
13834.0,1,1,10,0,12,0,314
13835.0,1,1,10,0,12,0,314
13836.0,1,1,10,0,12,0,314
13837.0,1,1,10,0,12,0,314
13838.0,1,1,10,0,12,0,314
13839.0,1,1,10,0,12,0,314
13840.0,1,1,10,0,12,0,314
13841.0,1,1,10,0,12,0,314
13842.0,1,1,10,0,12,0,314
13843.0,1,1,10,0,12,0,314
13844.0,1,1,10,0,12,0,314
13845.0,1,1,10,0,12,0,314
13846.0,1,1,10,0,12,0,314
13847.0,1,1,10,0,12,0,314
13848.0,1,1,10,0,12,0,314
13849.0,1,1,10,0,12,0,314
13850.0,1,1,10,0,12,0,314
13851.0,1,1,10,0,12,0,314
13852.0,1,1,10,0,12,0,314
13853.0,1,1,10,0,12,0,314
13854.0,1,1,10,0,12,0,314
13855.0,1,1,10,0,12,0,314
13856.0,1,1,10,0,12,0,314
13857.0,1,1,10,0,12,0,314
13858.0,1,1,10,0,12,0,314
13859.0,1,1,10,0,12,0,314
13860.0,1,1,10,0,12,0,314
13861.0,1,1,10,0,12,0,314
13862.0,1,1,10,0,12,0,314
13863.0,1,1,10,0,12,0,314
13864.0,1,1,10,0,12,0,314
13865.0,1,1,10,0,12,0,314
13866.0,1,1,10,0,12,0,314
13867.0,1,1,10,0,12,0,314
13868.0,1,1,10,0,12,0,314
13869.0,1,1,10,0,12,0,314
13870.0,1,1,10,0,12,0,314
13871.0,1,1,10,0,12,0,314
13872.0,1,1,10,0,12,0,314
13873.0,1,1,10,0,12,0,314
13874.0,1,1,10,0,12,0,314
13875.0,1,1,10,0,12,0,314
13876.0,1,1,10,0,12,0,314
13877.0,1,1,10,0,12,0,314
13878.0,1,1,10,0,12,0,314
13879.0,1,1,10,0,12,0,314
13880.0,1,1,10,0,12,0,314
13881.0,1,1,10,0,12,0,314
13882.0,1,1,10,0,12,0,314
13883.0,1,1,10,0,12,0,314
13884.0,1,1,10,0,12,0,314
13885.0,1,1,10,0,12,0,314
13886.0,1,1,10,0,12,0,314
13887.0,1,1,10,0,12,0,314
13888.0,1,1,10,0,12,0,314
13889.0,1,1,10,0,12,0,314
13890.0,1,1,10,0,12,0,314
13891.0,1,1,10,0,12,0,314
13892.0,1,1,10,0,12,0,314
13893.0,1,1,10,0,12,0,314
13894.0,1,1,10,0,12,0,314
13895.0,1,1,10,0,12,0,314
13896.0,1,1,10,0,12,0,314
13897.0,1,1,10,0,12,0,314
13898.0,1,1,10,0,12,0,314
13899.0,1,1,10,0,12,0,314
13900.0,1,1,10,0,12,0,314
13901.0,1,1,10,0,12,0,314
13902.0,1,1,10,0,12,0,314
13903.0,1,1,10,0,12,0,314
13904.0,1,1,10,0,12,0,314
13905.0,1,1,10,0,12,0,314
13906.0,1,1,10,0,12,0,314
13907.0,1,1,10,0,12,0,314
13908.0,1,1,10,0,12,0,314
13909.0,1,1,10,0,12,0,314
13910.0,1,1,10,0,12,0,314
13911.0,1,1,10,0,12,0,314
13912.0,1,1,10,0,12,0,314
13913.0,1,1,10,0,12,0,314
13914.0,1,1,10,0,12,0,314
13915.0,1,1,10,0,12,0,314
13916.0,1,1,10,0,12,0,314
13917.0,1,1,10,0,12,0,314
13918.0,1,1,10,0,12,0,314
13919.0,1,1,10,0,12,0,314
13920.0,1,1,10,0,12,0,314
13921.0,1,1,10,0,12,0,314
13922.0,1,1,10,0,12,0,314
13923.0,1,1,10,0,12,0,314
13924.0,1,1,10,0,12,0,314
13925.0,1,1,10,0,12,0,314
13926.0,1,1,10,0,12,0,314
13927.0,1,1,10,0,12,0,314
13928.0,1,1,10,0,12,0,314
13929.0,1,1,10,0,12,0,314
13930.0,1,1,10,0,12,0,314
13931.0,1,1,10,0,12,0,314
13932.0,1,1,10,0,12,0,314
13933.0,1,1,10,0,12,0,314
13934.0,1,1,10,0,12,0,314
13935.0,1,1,10,0,12,0,314
13936.0,1,1,10,0,12,0,314
13937.0,1,1,10,0,12,0,314
13938.0,1,1,10,0,12,0,314
13939.0,1,1,10,0,12,0,314
13940.0,1,1,10,0,12,0,314
13941.0,1,1,10,0,12,0,314
13942.0,1,1,10,0,12,0,314
13943.0,1,1,10,0,12,0,314
13944.0,1,1,10,0,12,0,314
13945.0,1,1,10,0,12,0,314
13946.0,1,1,10,0,12,0,314
13947.0,1,1,10,0,12,0,314
13948.0,1,1,10,0,12,0,314
13949.0,1,1,10,0,12,0,314
13950.0,1,1,10,0,12,0,314
13951.0,1,1,10,0,12,0,314
13952.0,1,1,10,0,12,0,314
13953.0,1,1,10,0,12,0,314
13954.0,1,1,10,0,12,0,314
13955.0,1,1,10,0,12,0,314
13956.0,1,1,10,0,12,0,314
13957.0,1,1,10,0,12,0,314
13958.0,1,1,10,0,12,0,314
13959.0,1,1,10,0,12,0,314
13960.0,1,1,10,0,12,0,314
13961.0,1,1,10,0,12,0,314
13962.0,1,1,10,0,12,0,314
13963.0,1,1,10,0,12,0,314
13964.0,1,1,10,0,12,0,314
13965.0,1,1,10,0,12,0,314
13966.0,1,1,10,0,12,0,314
13967.0,1,1,10,0,12,0,314
13968.0,1,1,10,0,12,0,314
13969.0,1,1,10,0,12,0,314
13970.0,1,1,10,0,12,0,314
13971.0,1,1,10,0,12,0,314
13972.0,1,1,10,0,12,0,314
13973.0,1,1,10,0,12,0,314
13974.0,1,1,10,0,12,0,314
13975.0,1,1,10,0,12,0,314
13976.0,1,1,10,0,12,0,314
13977.0,1,1,10,0,12,0,314
13978.0,1,1,10,0,12,0,314
13979.0,1,1,10,0,12,0,314
13980.0,1,1,10,0,12,0,314
13981.0,1,1,10,0,12,0,314
13982.0,1,1,10,0,12,0,314
13983.0,1,1,10,0,12,0,314
13984.0,1,1,10,0,12,0,314
13985.0,1,1,10,0,12,0,314
13986.0,1,1,10,0,12,0,314
13987.0,1,1,10,0,12,0,314
13988.0,1,1,10,0,12,0,314
13989.0,1,1,10,0,12,0,314
13990.0,1,1,10,0,12,0,314
13991.0,1,1,10,0,12,0,314
13992.0,1,1,10,0,12,0,314
13993.0,1,1,10,0,12,0,314
13994.0,1,1,10,0,12,0,314
13995.0,1,1,10,0,12,0,314
13996.0,1,1,10,0,12,0,314
13997.0,1,1,10,0,12,0,314
13998.0,1,1,10,0,12,0,314
13999.0,1,1,10,0,12,0,314
14000.0,1,1,10,0,12,0,314
14001.0,1,1,10,0,12,0,314
14002.0,1,1,10,0,12,0,314
14003.0,1,1,10,0,12,0,314
14004.0,1,1,10,0,12,0,314
14005.0,1,1,10,0,12,0,314
14006.0,1,1,10,0,12,0,314
14007.0,1,1,10,0,12,0,314
14008.0,1,1,10,0,12,0,314
14009.0,1,1,10,0,12,0,314
14010.0,1,1,10,0,12,0,314
14011.0,1,1,10,0,12,0,314
14012.0,1,1,10,0,12,0,314
14013.0,1,1,10,0,12,0,314
14014.0,1,1,10,0,12,0,314
14015.0,1,1,10,0,12,0,314
14016.0,1,1,10,0,12,0,314
14017.0,1,1,10,0,12,0,314
14018.0,1,1,10,0,12,0,314
14019.0,1,1,10,0,12,0,314
14020.0,1,1,10,0,12,0,314
14021.0,1,1,10,0,12,0,314
14022.0,1,1,10,0,12,0,314
14023.0,1,1,10,0,12,0,314
14024.0,1,1,10,0,12,0,314
14025.0,1,1,10,0,12,0,314
14026.0,1,1,10,0,12,0,314
14027.0,1,1,10,0,12,0,314
14028.0,1,1,10,0,12,0,314
14029.0,1,1,10,0,12,0,314
14030.0,1,1,10,0,12,0,314
14031.0,1,1,10,0,12,0,314
14032.0,1,1,10,0,12,0,314
14033.0,1,1,10,0,12,0,314
14034.0,1,1,10,0,12,0,314
14035.0,1,1,10,0,12,0,314
14036.0,1,1,10,0,12,0,314
14037.0,1,1,10,0,12,0,314
14038.0,1,1,10,0,12,0,314
14039.0,1,1,10,0,12,0,314
14040.0,1,1,10,0,12,0,314
14041.0,1,1,10,0,12,0,314
14042.0,1,1,10,0,12,0,314
14043.0,1,1,10,0,12,0,314
14044.0,1,1,10,0,12,0,314
14045.0,1,1,10,0,12,0,314
14046.0,1,1,10,0,12,0,314
14047.0,1,1,10,0,12,0,314
14048.0,1,1,10,0,12,0,314
14049.0,1,1,10,0,12,0,314
14050.0,1,1,10,0,12,0,314
14051.0,1,1,10,0,12,0,314
14052.0,1,1,10,0,12,0,314
14053.0,1,1,10,0,12,0,314
14054.0,1,1,10,0,12,0,314
14055.0,1,1,10,0,12,0,314
14056.0,1,1,10,0,12,0,314
14057.0,1,1,10,0,12,0,314
14058.0,1,1,10,0,12,0,314
14059.0,1,1,10,0,12,0,314
14060.0,1,1,10,0,12,0,314
14061.0,1,1,10,0,12,0,314
14062.0,1,1,10,0,12,0,314
14063.0,1,1,10,0,12,0,314
14064.0,1,1,10,0,12,0,314
14065.0,1,1,10,0,12,0,314
14066.0,1,1,10,0,12,0,314
14067.0,1,1,10,0,12,0,314
14068.0,1,1,10,0,12,0,314
14069.0,1,1,10,0,12,0,314
14070.0,1,1,10,0,12,0,314
14071.0,1,1,10,0,12,0,314
14072.0,1,1,10,0,12,0,314
14073.0,1,1,10,0,12,0,314
14074.0,1,1,10,0,12,0,314
14075.0,1,1,10,0,12,0,314
14076.0,1,1,10,0,12,0,314
14077.0,1,1,10,0,12,0,314
14078.0,1,1,10,0,12,0,314
14079.0,1,1,10,0,12,0,314
14080.0,1,1,10,0,12,0,314
14081.0,1,1,10,0,12,0,314
14082.0,1,1,10,0,12,0,314
14083.0,1,1,10,0,12,0,314
14084.0,1,1,10,0,12,0,314
14085.0,1,1,10,0,12,0,314
14086.0,1,1,10,0,12,0,314
14087.0,1,1,10,0,12,0,314
14088.0,1,1,10,0,12,0,314
14089.0,1,1,10,0,12,0,314
14090.0,1,1,10,0,12,0,314
14091.0,1,1,10,0,12,0,314
14092.0,1,1,10,0,12,0,314
14093.0,1,1,10,0,12,0,314
14094.0,1,1,10,0,12,0,314
14095.0,1,1,10,0,12,0,314
14096.0,1,1,10,0,12,0,314
14097.0,1,1,10,0,12,0,314
14098.0,1,1,10,0,12,0,314
14099.0,1,1,10,0,12,0,314
14100.0,1,1,10,0,12,0,314
14101.0,1,1,10,0,12,0,314
14102.0,1,1,10,0,12,0,314
14103.0,1,1,10,0,12,0,314
14104.0,1,1,10,0,12,0,314
14105.0,1,1,10,0,12,0,314
14106.0,1,1,10,0,12,0,314
14107.0,1,1,10,0,12,0,314
14108.0,1,1,10,0,12,0,314
14109.0,1,1,10,0,12,0,314
14110.0,1,1,10,0,12,0,314
14111.0,1,1,10,0,12,0,314
14112.0,1,1,10,0,12,0,314
14113.0,1,1,10,0,12,0,314
14114.0,1,1,10,0,12,0,314
14115.0,1,1,10,0,12,0,314
14116.0,1,1,10,0,12,0,314
14117.0,1,1,10,0,12,0,314
14118.0,1,1,10,0,12,0,314
14119.0,1,1,10,0,12,0,314
14120.0,1,1,10,0,12,0,314
14121.0,1,1,10,0,12,0,314
14122.0,1,1,10,0,12,0,314
14123.0,1,1,10,0,12,0,314
14124.0,1,1,10,0,12,0,314
14125.0,1,1,10,0,12,0,314
14126.0,1,1,10,0,12,0,314
14127.0,1,1,10,0,12,0,314
14128.0,1,1,10,0,12,0,314
14129.0,1,1,10,0,12,0,314
14130.0,1,1,10,0,12,0,314
14131.0,1,1,10,0,12,0,314
14132.0,1,1,10,0,12,0,314
14133.0,1,1,10,0,12,0,314
14134.0,1,1,10,0,12,0,314
14135.0,1,1,10,0,12,0,314
14136.0,1,1,10,0,12,0,314
14137.0,1,1,10,0,12,0,314
14138.0,1,1,10,0,12,0,314
14139.0,1,1,10,0,12,0,314
14140.0,1,1,10,0,12,0,314
14141.0,1,1,10,0,12,0,314
14142.0,1,1,10,0,12,0,314
14143.0,1,1,10,0,12,0,314
14144.0,1,1,10,0,12,0,314
14145.0,1,1,10,0,12,0,314
14146.0,1,1,10,0,12,0,314
14147.0,1,1,10,0,12,0,314
14148.0,1,1,10,0,12,0,314
14149.0,1,1,10,0,12,0,314
14150.0,1,1,10,0,12,0,314
14151.0,1,1,10,0,12,0,314
14152.0,1,1,10,0,12,0,314
14153.0,1,1,10,0,12,0,314
14154.0,1,1,10,0,12,0,314
14155.0,1,1,10,0,12,0,314
14156.0,1,1,10,0,12,0,314
14157.0,1,1,10,0,12,0,314
14158.0,1,1,10,0,12,0,314
14159.0,1,1,10,0,12,0,314
14160.0,1,1,10,0,12,0,314
14161.0,1,1,10,0,12,0,314
14162.0,1,1,10,0,12,0,314
14163.0,1,1,10,0,12,0,314
14164.0,1,1,10,0,12,0,314
14165.0,1,1,10,0,12,0,314
14166.0,1,1,10,0,12,0,314
14167.0,1,1,10,0,12,0,314
14168.0,1,1,10,0,12,0,314
14169.0,1,1,10,0,12,0,314
14170.0,1,1,10,0,12,0,314
14171.0,1,1,10,0,12,0,314
14172.0,1,1,10,0,12,0,314
14173.0,1,1,10,0,12,0,314
14174.0,1,1,10,0,12,0,314
14175.0,1,1,10,0,12,0,314
14176.0,1,1,10,0,12,0,314
14177.0,1,1,10,0,12,0,314
14178.0,1,1,10,0,12,0,314
14179.0,1,1,10,0,12,0,314
14180.0,1,1,10,0,12,0,314
14181.0,1,1,10,0,12,0,314
14182.0,1,1,10,0,12,0,314
14183.0,1,1,10,0,12,0,314
14184.0,1,1,10,0,12,0,314
14185.0,1,1,10,0,12,0,314
14186.0,1,1,10,0,12,0,314
14187.0,1,1,10,0,12,0,314
14188.0,1,1,10,0,12,0,314
14189.0,1,1,10,0,12,0,314
14190.0,1,1,10,0,12,0,314
14191.0,1,1,10,0,12,0,314
14192.0,1,1,10,0,12,0,314
14193.0,1,1,10,0,12,0,314
14194.0,1,1,10,0,12,0,314
14195.0,1,1,10,0,12,0,314
14196.0,1,1,10,0,12,0,314
14197.0,1,1,10,0,12,0,314
14198.0,1,1,10,0,12,0,314
14199.0,1,1,10,0,12,0,314
14200.0,1,1,10,0,12,0,314
14201.0,1,1,10,0,12,0,314
14202.0,1,1,10,0,12,0,314
14203.0,1,1,10,0,12,0,314
14204.0,1,1,10,0,12,0,314
14205.0,1,1,10,0,12,0,314
14206.0,1,1,10,0,12,0,314
14207.0,1,1,10,0,12,0,314
14208.0,1,1,10,0,12,0,314
14209.0,1,1,10,0,12,0,314
14210.0,1,1,10,0,12,0,314
14211.0,1,1,10,0,12,0,314
14212.0,1,1,10,0,12,0,314
14213.0,1,1,10,0,12,0,314
14214.0,1,1,10,0,12,0,314
14215.0,1,1,10,0,12,0,314
14216.0,1,1,10,0,12,0,314
14217.0,1,1,10,0,12,0,314
14218.0,1,1,10,0,12,0,314
14219.0,1,1,10,0,12,0,314
14220.0,1,1,10,0,12,0,314
14221.0,1,1,10,0,12,0,314
14222.0,1,1,10,0,12,0,314
14223.0,1,1,10,0,12,0,314
14224.0,1,1,10,0,12,0,314
14225.0,1,1,10,0,12,0,314
14226.0,1,1,10,0,12,0,314
14227.0,1,1,10,0,12,0,314
14228.0,1,1,10,0,12,0,314
14229.0,1,1,10,0,12,0,314
14230.0,1,1,10,0,12,0,314
14231.0,1,1,10,0,12,0,314
14232.0,1,1,10,0,12,0,314
14233.0,1,1,10,0,12,0,314
14234.0,1,1,10,0,12,0,314
14235.0,1,1,10,0,12,0,314
14236.0,1,1,10,0,12,0,314
14237.0,1,1,10,0,12,0,314
14238.0,1,1,10,0,12,0,314
14239.0,1,1,10,0,12,0,314
14240.0,1,1,10,0,12,0,314
14241.0,1,1,10,0,12,0,314
14242.0,1,1,10,0,12,0,314
14243.0,1,1,10,0,12,0,314
14244.0,1,1,10,0,12,0,314
14245.0,1,1,10,0,12,0,314
14246.0,1,1,10,0,12,0,314
14247.0,1,1,10,0,12,0,314
14248.0,1,1,10,0,12,0,314
14249.0,1,1,10,0,12,0,314
14250.0,1,1,10,0,12,0,314
14251.0,1,1,10,0,12,0,314
14252.0,1,1,10,0,12,0,314
14253.0,1,1,10,0,12,0,314
14254.0,1,1,10,0,12,0,314
14255.0,1,1,10,0,12,0,314
14256.0,1,1,10,0,12,0,314
14257.0,1,1,10,0,12,0,314
14258.0,1,1,10,0,12,0,314
14259.0,1,1,10,0,12,0,314
14260.0,1,1,10,0,12,0,314
14261.0,1,1,10,0,12,0,314
14262.0,1,1,10,0,12,0,314
14263.0,1,1,10,0,12,0,314
14264.0,1,1,10,0,12,0,314
14265.0,1,1,10,0,12,0,314
14266.0,1,1,10,0,12,0,314
14267.0,1,1,10,0,12,0,314
14268.0,1,1,10,0,12,0,314
14269.0,1,1,10,0,12,0,314
14270.0,1,1,10,0,12,0,314
14271.0,1,1,10,0,12,0,314
14272.0,1,1,10,0,12,0,314
14273.0,1,1,10,0,12,0,314
14274.0,1,1,10,0,12,0,314
14275.0,1,1,10,0,12,0,314
14276.0,1,1,10,0,12,0,314
14277.0,1,1,10,0,12,0,314
14278.0,1,1,10,0,12,0,314
14279.0,1,1,10,0,12,0,314
14280.0,1,1,10,0,12,0,314
14281.0,1,1,10,0,12,0,314
14282.0,1,1,10,0,12,0,314
14283.0,1,1,10,0,12,0,314
14284.0,1,1,10,0,12,0,314
14285.0,1,1,10,0,12,0,314
14286.0,1,1,10,0,12,0,314
14287.0,1,1,10,0,12,0,314
14288.0,1,1,10,0,12,0,314
14289.0,1,1,10,0,12,0,314
14290.0,1,1,10,0,12,0,314
14291.0,1,1,10,0,12,0,314
14292.0,1,1,10,0,12,0,314
14293.0,1,1,10,0,12,0,314
14294.0,1,1,10,0,12,0,314
14295.0,1,1,10,0,12,0,314
14296.0,1,1,10,0,12,0,314
14297.0,1,1,10,0,12,0,314
14298.0,1,1,10,0,12,0,314
14299.0,1,1,10,0,12,0,314
14300.0,1,1,10,0,12,0,314
14301.0,1,1,10,0,12,0,314
14302.0,1,1,10,0,12,0,314
14303.0,1,1,10,0,12,0,314
14304.0,1,1,10,0,12,0,314
14305.0,1,1,10,0,12,0,314
14306.0,1,1,10,0,12,0,314
14307.0,1,1,10,0,12,0,314
14308.0,1,1,10,0,12,0,314
14309.0,1,1,10,0,12,0,314
14310.0,1,1,10,0,12,0,314
14311.0,1,1,10,0,12,0,314
14312.0,1,1,10,0,12,0,314
14313.0,1,1,10,0,12,0,314
14314.0,1,1,10,0,12,0,314
14315.0,1,1,10,0,12,0,314
14316.0,1,1,10,0,12,0,314
14317.0,1,1,10,0,12,0,314
14318.0,1,1,10,0,12,0,314
14319.0,1,1,10,0,12,0,314
14320.0,1,1,10,0,12,0,314
14321.0,1,1,10,0,12,0,314
14322.0,1,1,10,0,12,0,314
14323.0,1,1,10,0,12,0,314
14324.0,1,1,10,0,12,0,314
14325.0,1,1,10,0,12,0,314
14326.0,1,1,10,0,12,0,314
14327.0,1,1,10,0,12,0,314
14328.0,1,1,10,0,12,0,314
14329.0,1,1,10,0,12,0,314
14330.0,1,1,10,0,12,0,314
14331.0,1,1,10,0,12,0,314
14332.0,1,1,10,0,12,0,314
14333.0,1,1,10,0,12,0,314
14334.0,1,1,10,0,12,0,314
14335.0,1,1,10,0,12,0,314
14336.0,1,1,10,0,12,0,314
14337.0,1,1,10,0,12,0,314
14338.0,1,1,10,0,12,0,314
14339.0,1,1,10,0,12,0,314
14340.0,1,1,10,0,12,0,314
14341.0,1,1,10,0,12,0,314
14342.0,1,1,10,0,12,0,314
14343.0,1,1,10,0,12,0,314
14344.0,1,1,10,0,12,0,314
14345.0,1,1,10,0,12,0,314
14346.0,1,1,10,0,12,0,314
14347.0,1,1,10,0,12,0,314
14348.0,1,1,10,0,12,0,314
14349.0,1,1,10,0,12,0,314
14350.0,1,1,10,0,12,0,314
14351.0,1,1,10,0,12,0,314
14352.0,1,1,10,0,12,0,314
14353.0,1,1,10,0,12,0,314
14354.0,1,1,10,0,12,0,314
14355.0,1,1,10,0,12,0,314
14356.0,1,1,10,0,12,0,314
14357.0,1,1,10,0,12,0,314
14358.0,1,1,10,0,12,0,314
14359.0,1,1,10,0,12,0,314
14360.0,1,1,10,0,12,0,314
14361.0,1,1,10,0,12,0,314
14362.0,1,1,10,0,12,0,314
14363.0,1,1,10,0,12,0,314
14364.0,1,1,10,0,12,0,314
14365.0,1,1,10,0,12,0,314
14366.0,1,1,10,0,12,0,314
14367.0,1,1,10,0,12,0,314
14368.0,1,1,10,0,12,0,314
14369.0,1,1,10,0,12,0,314
14370.0,1,1,10,0,12,0,314
14371.0,1,1,10,0,12,0,314
14372.0,1,1,10,0,12,0,314
14373.0,1,1,10,0,12,0,314
14374.0,1,1,10,0,12,0,314
14375.0,1,1,10,0,12,0,314
14376.0,1,1,10,0,12,0,314
14377.0,1,1,10,0,12,0,314
14378.0,1,1,10,0,12,0,314
14379.0,1,1,10,0,12,0,314
14380.0,1,1,10,0,12,0,314
14381.0,1,1,10,0,12,0,314
14382.0,1,1,10,0,12,0,314
14383.0,1,1,10,0,12,0,314
14384.0,1,1,10,0,12,0,314
14385.0,1,1,10,0,12,0,314
14386.0,1,1,10,0,12,0,314
14387.0,1,1,10,0,12,0,314
14388.0,1,1,10,0,12,0,314
14389.0,1,1,10,0,12,0,314
14390.0,1,1,10,0,12,0,314
14391.0,1,1,10,0,12,0,314
14392.0,1,1,10,0,12,0,314
14393.0,1,1,10,0,12,0,314
14394.0,1,1,10,0,12,0,314
14395.0,1,1,10,0,12,0,314
14396.0,1,1,10,0,12,0,314
14397.0,1,1,10,0,12,0,314
14398.0,1,1,10,0,12,0,314
14399.0,1,1,10,0,12,0,314
14400.0,1,1,10,0,12,0,314
14401.0,1,1,10,0,12,0,314
14402.0,1,1,10,0,12,0,314
14403.0,1,1,10,0,12,0,314
14404.0,1,1,10,0,12,0,314
14405.0,1,1,10,0,12,0,314
14406.0,1,1,10,0,12,0,314
14407.0,1,1,10,0,12,0,314
14408.0,1,1,10,0,12,0,314
14409.0,1,1,10,0,12,0,314
14410.0,1,1,10,0,12,0,314
14411.0,1,1,10,0,12,0,314
14412.0,1,1,10,0,12,0,314
14413.0,1,1,10,0,12,0,314
14414.0,1,1,10,0,12,0,314
14415.0,1,1,10,0,12,0,314
14416.0,1,1,10,0,12,0,314
14417.0,1,1,10,0,12,0,314
14418.0,1,1,10,0,12,0,314
14419.0,1,1,10,0,12,0,314
14420.0,1,1,10,0,12,0,314
14421.0,1,1,10,0,12,0,314
14422.0,1,1,10,0,12,0,314
14423.0,1,1,10,0,12,0,314
14424.0,1,1,10,0,12,0,314
14425.0,1,1,10,0,12,0,314
14426.0,1,1,10,0,12,0,314
14427.0,1,1,10,0,12,0,314
14428.0,1,1,10,0,12,0,314
14429.0,1,1,10,0,12,0,314
14430.0,1,1,10,0,12,0,314
14431.0,1,1,10,0,12,0,314
14432.0,1,1,10,0,12,0,314
14433.0,1,1,10,0,12,0,314
14434.0,1,1,10,0,12,0,314
14435.0,1,1,10,0,12,0,314
14436.0,1,1,10,0,12,0,314
14437.0,1,1,10,0,12,0,314
14438.0,1,1,10,0,12,0,314
14439.0,1,1,10,0,12,0,314
14440.0,1,1,10,0,12,0,314
14441.0,1,1,10,0,12,0,314
14442.0,1,1,10,0,12,0,314
14443.0,1,1,10,0,12,0,314
14444.0,1,1,10,0,12,0,314
14445.0,1,1,10,0,12,0,314
14446.0,1,1,10,0,12,0,314
14447.0,1,1,10,0,12,0,314
14448.0,1,1,10,0,12,0,314
14449.0,1,1,10,0,12,0,314
14450.0,1,1,10,0,12,0,314
14451.0,1,1,10,0,12,0,314
14452.0,1,1,10,0,12,0,314
14453.0,1,1,10,0,12,0,314
14454.0,1,1,10,0,12,0,314
14455.0,1,1,10,0,12,0,314
14456.0,1,1,10,0,12,0,314
14457.0,1,1,10,0,12,0,314
14458.0,1,1,10,0,12,0,314
14459.0,1,1,10,0,12,0,314
14460.0,1,1,10,0,12,0,314
14461.0,1,1,10,0,12,0,314
14462.0,1,1,10,0,12,0,314
14463.0,1,1,10,0,12,0,314
14464.0,1,1,10,0,12,0,314
14465.0,1,1,10,0,12,0,314
14466.0,1,1,10,0,12,0,314
14467.0,1,1,10,0,12,0,314
14468.0,1,1,10,0,12,0,314
14469.0,1,1,10,0,12,0,314
14470.0,1,1,10,0,12,0,314
14471.0,1,1,10,0,12,0,314
14472.0,1,1,10,0,12,0,314
14473.0,1,1,10,0,12,0,314
14474.0,1,1,10,0,12,0,314
14475.0,1,1,10,0,12,0,314
14476.0,1,1,10,0,12,0,314
14477.0,1,1,10,0,12,0,314
14478.0,1,1,10,0,12,0,314
14479.0,1,1,10,0,12,0,314
14480.0,1,1,10,0,12,0,314
14481.0,1,1,10,0,12,0,314
14482.0,1,1,10,0,12,0,314
14483.0,1,1,10,0,12,0,314
14484.0,1,1,10,0,12,0,314
14485.0,1,1,10,0,12,0,314
14486.0,1,1,10,0,12,0,314
14487.0,1,1,10,0,12,0,314
14488.0,1,1,10,0,12,0,314
14489.0,1,1,10,0,12,0,314
14490.0,1,1,10,0,12,0,314
14491.0,1,1,10,0,12,0,314
14492.0,1,1,10,0,12,0,314
14493.0,1,1,10,0,12,0,314
14494.0,1,1,10,0,12,0,314
14495.0,1,1,10,0,12,0,314
14496.0,1,1,10,0,12,0,314
14497.0,1,1,10,0,12,0,314
14498.0,1,1,10,0,12,0,314
14499.0,1,1,10,0,12,0,314
14500.0,1,1,10,0,12,0,314
14501.0,1,1,10,0,12,0,314
14502.0,1,1,10,0,12,0,314
14503.0,1,1,10,0,12,0,314
14504.0,1,1,10,0,12,0,314
14505.0,1,1,10,0,12,0,314
14506.0,1,1,10,0,12,0,314
14507.0,1,1,10,0,12,0,314
14508.0,1,1,10,0,12,0,314
14509.0,1,1,10,0,12,0,314
14510.0,1,1,10,0,12,0,314
14511.0,1,1,10,0,12,0,314
14512.0,1,1,10,0,12,0,314
14513.0,1,1,10,0,12,0,314
14514.0,1,1,10,0,12,0,314
14515.0,1,1,10,0,12,0,314
14516.0,1,1,10,0,12,0,314
14517.0,1,1,10,0,12,0,314
14518.0,1,1,10,0,12,0,314
14519.0,1,1,10,0,12,0,314
14520.0,1,1,10,0,12,0,314
14521.0,1,1,10,0,12,0,314
14522.0,1,1,10,0,12,0,314
14523.0,1,1,10,0,12,0,314
14524.0,1,1,10,0,12,0,314
14525.0,1,1,10,0,12,0,314
14526.0,1,1,10,0,12,0,314
14527.0,1,1,10,0,12,0,314
14528.0,1,1,10,0,12,0,314
14529.0,1,1,10,0,12,0,314
14530.0,1,1,10,0,12,0,314
14531.0,1,1,10,0,12,0,314
14532.0,1,1,10,0,12,0,314
14533.0,1,1,10,0,12,0,314
14534.0,1,1,10,0,12,0,314
14535.0,1,1,10,0,12,0,314
14536.0,1,1,10,0,12,0,314
14537.0,1,1,10,0,12,0,314
14538.0,1,1,10,0,12,0,314
14539.0,1,1,10,0,12,0,314
14540.0,1,1,10,0,12,0,314
14541.0,1,1,10,0,12,0,314
14542.0,1,1,10,0,12,0,314
14543.0,1,1,10,0,12,0,314
14544.0,1,1,10,0,12,0,314
14545.0,1,1,10,0,12,0,314
14546.0,1,1,10,0,12,0,314
14547.0,1,1,10,0,12,0,314
14548.0,1,1,10,0,12,0,314
14549.0,1,1,10,0,12,0,314
14550.0,1,1,10,0,12,0,314
14551.0,1,1,10,0,12,0,314
14552.0,1,1,10,0,12,0,314
14553.0,1,1,10,0,12,0,314
14554.0,1,1,10,0,12,0,314
14555.0,1,1,10,0,12,0,314
14556.0,1,1,10,0,12,0,314
14557.0,1,1,10,0,12,0,314
14558.0,1,1,10,0,12,0,314
14559.0,1,1,10,0,12,0,314
14560.0,1,1,10,0,12,0,314
14561.0,1,1,10,0,12,0,314
14562.0,1,1,10,0,12,0,314
14563.0,1,1,10,0,12,0,314
14564.0,1,1,10,0,12,0,314
14565.0,1,1,10,0,12,0,314
14566.0,1,1,10,0,12,0,314
14567.0,1,1,10,0,12,0,314
14568.0,1,1,10,0,12,0,314
14569.0,1,1,10,0,12,0,314
14570.0,1,1,10,0,12,0,314
14571.0,1,1,10,0,12,0,314
14572.0,1,1,10,0,12,0,314
14573.0,1,1,10,0,12,0,314
14574.0,1,1,10,0,12,0,314
14575.0,1,1,10,0,12,0,314
14576.0,1,1,10,0,12,0,314
14577.0,1,1,10,0,12,0,314
14578.0,1,1,10,0,12,0,314
14579.0,1,1,10,0,12,0,314
14580.0,1,1,10,0,12,0,314
14581.0,1,1,10,0,12,0,314
14582.0,1,1,10,0,12,0,314
14583.0,1,1,10,0,12,0,314
14584.0,1,1,10,0,12,0,314
14585.0,1,1,10,0,12,0,314
14586.0,1,1,10,0,12,0,314
14587.0,1,1,10,0,12,0,314
14588.0,1,1,10,0,12,0,314
14589.0,1,1,10,0,12,0,314
14590.0,1,1,10,0,12,0,314
14591.0,1,1,10,0,12,0,314
14592.0,1,1,10,0,12,0,314
14593.0,1,1,10,0,12,0,314
14594.0,1,1,10,0,12,0,314
14595.0,1,1,10,0,12,0,314
14596.0,1,1,10,0,12,0,314
14597.0,1,1,10,0,12,0,314
14598.0,1,1,10,0,12,0,314
14599.0,1,1,10,0,12,0,314
14600.0,1,1,10,0,12,0,314
14601.0,1,1,10,0,12,0,314
14602.0,1,1,10,0,12,0,314
14603.0,1,1,10,0,12,0,314
14604.0,1,1,10,0,12,0,314
14605.0,1,1,10,0,12,0,314
14606.0,1,1,10,0,12,0,314
14607.0,1,1,10,0,12,0,314
14608.0,1,1,10,0,12,0,314
14609.0,1,1,10,0,12,0,314
14610.0,1,1,10,0,12,0,314
14611.0,1,1,10,0,12,0,314
14612.0,1,1,10,0,12,0,314
14613.0,1,1,10,0,12,0,314
14614.0,1,1,10,0,12,0,314
14615.0,1,1,10,0,12,0,314
14616.0,1,1,10,0,12,0,314
14617.0,1,1,10,0,12,0,314
14618.0,1,1,10,0,12,0,314
14619.0,1,1,10,0,12,0,314
14620.0,1,1,10,0,12,0,314
14621.0,1,1,10,0,12,0,314
14622.0,1,1,10,0,12,0,314
14623.0,1,1,10,0,12,0,314
14624.0,1,1,10,0,12,0,314
14625.0,1,1,10,0,12,0,314
14626.0,1,1,10,0,12,0,314
14627.0,1,1,10,0,12,0,314
14628.0,1,1,10,0,12,0,314
14629.0,1,1,10,0,12,0,314
14630.0,1,1,10,0,12,0,314
14631.0,1,1,10,0,12,0,314
14632.0,1,1,10,0,12,0,314
14633.0,1,1,10,0,12,0,314
14634.0,1,1,10,0,12,0,314
14635.0,1,1,10,0,12,0,314
14636.0,1,1,10,0,12,0,314
14637.0,1,1,10,0,12,0,314
14638.0,1,1,10,0,12,0,314
14639.0,1,1,10,0,12,0,314
14640.0,1,1,10,0,12,0,314
14641.0,1,1,10,0,12,0,314
14642.0,1,1,10,0,12,0,314
14643.0,1,1,10,0,12,0,314
14644.0,1,1,10,0,12,0,314
14645.0,1,1,10,0,12,0,314
14646.0,1,1,10,0,12,0,314
14647.0,1,1,10,0,12,0,314
14648.0,1,1,10,0,12,0,314
14649.0,1,1,10,0,12,0,314
14650.0,1,1,10,0,12,0,314
14651.0,1,1,10,0,12,0,314
14652.0,1,1,10,0,12,0,314
14653.0,1,1,10,0,12,0,314
14654.0,1,1,10,0,12,0,314
14655.0,1,1,10,0,12,0,314
14656.0,1,1,10,0,12,0,314
14657.0,1,1,10,0,12,0,314
14658.0,1,1,10,0,12,0,314
14659.0,1,1,10,0,12,0,314
14660.0,1,1,10,0,12,0,314
14661.0,1,1,10,0,12,0,314
14662.0,1,1,10,0,12,0,314
14663.0,1,1,10,0,12,0,314
14664.0,1,1,10,0,12,0,314
14665.0,1,1,10,0,12,0,314
14666.0,1,1,10,0,12,0,314
14667.0,1,1,10,0,12,0,314
14668.0,1,1,10,0,12,0,314
14669.0,1,1,10,0,12,0,314
14670.0,1,1,10,0,12,0,314
14671.0,1,1,10,0,12,0,314
14672.0,1,1,10,0,12,0,314
14673.0,1,1,10,0,12,0,314
14674.0,1,1,10,0,12,0,314
14675.0,1,1,10,0,12,0,314
14676.0,1,1,10,0,12,0,314
14677.0,1,1,10,0,12,0,314
14678.0,1,1,10,0,12,0,314
14679.0,1,1,10,0,12,0,314
14680.0,1,1,10,0,12,0,314
14681.0,1,1,10,0,12,0,314
14682.0,1,1,10,0,12,0,314
14683.0,1,1,10,0,12,0,314
14684.0,1,1,10,0,12,0,314
14685.0,1,1,10,0,12,0,314
14686.0,1,1,10,0,12,0,314
14687.0,1,1,10,0,12,0,314
14688.0,1,1,10,0,12,0,314
14689.0,1,1,10,0,12,0,314
14690.0,1,1,10,0,12,0,314
14691.0,1,1,10,0,12,0,314
14692.0,1,1,10,0,12,0,314
14693.0,1,1,10,0,12,0,314
14694.0,1,1,10,0,12,0,314
14695.0,1,1,10,0,12,0,314
14696.0,1,1,10,0,12,0,314
14697.0,1,1,10,0,12,0,314
14698.0,1,1,10,0,12,0,314
14699.0,1,1,10,0,12,0,314
14700.0,1,1,10,0,12,0,314
14701.0,1,1,10,0,12,0,314
14702.0,1,1,10,0,12,0,314
14703.0,1,1,10,0,12,0,314
14704.0,1,1,10,0,12,0,314
14705.0,1,1,10,0,12,0,314
14706.0,1,1,10,0,12,0,314
14707.0,1,1,10,0,12,0,314
14708.0,1,1,10,0,12,0,314
14709.0,1,1,10,0,12,0,314
14710.0,1,1,10,0,12,0,314
14711.0,1,1,10,0,12,0,314
14712.0,1,1,10,0,12,0,314
14713.0,1,1,10,0,12,0,314
14714.0,1,1,10,0,12,0,314
14715.0,1,1,10,0,12,0,314
14716.0,1,1,10,0,12,0,314
14717.0,1,1,10,0,12,0,314
14718.0,1,1,10,0,12,0,314
14719.0,1,1,10,0,12,0,314
14720.0,1,1,10,0,12,0,314
14721.0,1,1,10,0,12,0,314
14722.0,1,1,10,0,12,0,314
14723.0,1,1,10,0,12,0,314
14724.0,1,1,10,0,12,0,314
14725.0,1,1,10,0,12,0,314
14726.0,1,1,10,0,12,0,314
14727.0,1,1,10,0,12,0,314
14728.0,1,1,10,0,12,0,314
14729.0,1,1,10,0,12,0,314
14730.0,1,1,10,0,12,0,314
14731.0,1,1,10,0,12,0,314
14732.0,1,1,10,0,12,0,314
14733.0,1,1,10,0,12,0,314
14734.0,1,1,10,0,12,0,314
14735.0,1,1,10,0,12,0,314
14736.0,1,1,10,0,12,0,314
14737.0,1,1,10,0,12,0,314
14738.0,1,1,10,0,12,0,314
14739.0,1,1,10,0,12,0,314
14740.0,1,1,10,0,12,0,314
14741.0,1,1,10,0,12,0,314
14742.0,1,1,10,0,12,0,314
14743.0,1,1,10,0,12,0,314
14744.0,1,1,10,0,12,0,314
14745.0,1,1,10,0,12,0,314
14746.0,1,1,10,0,12,0,314
14747.0,1,1,10,0,12,0,314
14748.0,1,1,10,0,12,0,314
14749.0,1,1,10,0,12,0,314
14750.0,1,1,10,0,12,0,314
14751.0,1,1,10,0,12,0,314
14752.0,1,1,10,0,12,0,314
14753.0,1,1,10,0,12,0,314
14754.0,1,1,10,0,12,0,314
14755.0,1,1,10,0,12,0,314
14756.0,1,1,10,0,12,0,314
14757.0,1,1,10,0,12,0,314
14758.0,1,1,10,0,12,0,314
14759.0,1,1,10,0,12,0,314
14760.0,1,1,10,0,12,0,314
14761.0,1,1,10,0,12,0,314
14762.0,1,1,10,0,12,0,314
14763.0,1,1,10,0,12,0,314
14764.0,1,1,10,0,12,0,314
14765.0,1,1,10,0,12,0,314
14766.0,1,1,10,0,12,0,314
14767.0,1,1,10,0,12,0,314
14768.0,1,1,10,0,12,0,314
14769.0,1,1,10,0,12,0,314
14770.0,1,1,10,0,12,0,314
14771.0,1,1,10,0,12,0,314
14772.0,1,1,10,0,12,0,314
14773.0,1,1,10,0,12,0,314
14774.0,1,1,10,0,12,0,314
14775.0,1,1,10,0,12,0,314
14776.0,1,1,10,0,12,0,314
14777.0,1,1,10,0,12,0,314
14778.0,1,1,10,0,12,0,314
14779.0,1,1,10,0,12,0,314
14780.0,1,1,10,0,12,0,314
14781.0,1,1,10,0,12,0,314
14782.0,1,1,10,0,12,0,314
14783.0,1,1,10,0,12,0,314
14784.0,1,1,10,0,12,0,314
14785.0,1,1,10,0,12,0,314
14786.0,1,1,10,0,12,0,314
14787.0,1,1,10,0,12,0,314
14788.0,1,1,10,0,12,0,314
14789.0,1,1,10,0,12,0,314
14790.0,1,1,10,0,12,0,314
14791.0,1,1,10,0,12,0,314
14792.0,1,1,10,0,12,0,314
14793.0,1,1,10,0,12,0,314
14794.0,1,1,10,0,12,0,314
14795.0,1,1,10,0,12,0,314
14796.0,1,1,10,0,12,0,314
14797.0,1,1,10,0,12,0,314
14798.0,1,1,10,0,12,0,314
14799.0,1,1,10,0,12,0,314
14800.0,1,1,10,0,12,0,314
14801.0,1,1,10,0,12,0,314
14802.0,1,1,10,0,12,0,314
14803.0,1,1,10,0,12,0,314
14804.0,1,1,10,0,12,0,314
14805.0,1,1,10,0,12,0,314
14806.0,1,1,10,0,12,0,314
14807.0,1,1,10,0,12,0,314
14808.0,1,1,10,0,12,0,314
14809.0,1,1,10,0,12,0,314
14810.0,1,1,10,0,12,0,314
14811.0,1,1,10,0,12,0,314
14812.0,1,1,10,0,12,0,314
14813.0,1,1,10,0,12,0,314
14814.0,1,1,10,0,12,0,314
14815.0,1,1,10,0,12,0,314
14816.0,1,1,10,0,12,0,314
14817.0,1,1,10,0,12,0,314
14818.0,1,1,10,0,12,0,314
14819.0,1,1,10,0,12,0,314
14820.0,1,1,10,0,12,0,314
14821.0,1,1,10,0,12,0,314
14822.0,1,1,10,0,12,0,314
14823.0,1,1,10,0,12,0,314
14824.0,1,1,10,0,12,0,314
14825.0,1,1,10,0,12,0,314
14826.0,1,1,10,0,12,0,314
14827.0,1,1,10,0,12,0,314
14828.0,1,1,10,0,12,0,314
14829.0,1,1,10,0,12,0,314
14830.0,1,1,10,0,12,0,314
14831.0,1,1,10,0,12,0,314
14832.0,1,1,10,0,12,0,314
14833.0,1,1,10,0,12,0,314
14834.0,1,1,10,0,12,0,314
14835.0,1,1,10,0,12,0,314
14836.0,1,1,10,0,12,0,314
14837.0,1,1,10,0,12,0,314
14838.0,1,1,10,0,12,0,314
14839.0,1,1,10,0,12,0,314
14840.0,1,1,10,0,12,0,314
14841.0,1,1,10,0,12,0,314
14842.0,1,1,10,0,12,0,314
14843.0,1,1,10,0,12,0,314
14844.0,1,1,10,0,12,0,314
14845.0,1,1,10,0,12,0,314
14846.0,1,1,10,0,12,0,314
14847.0,1,1,10,0,12,0,314
14848.0,1,1,10,0,12,0,314
14849.0,1,1,10,0,12,0,314
14850.0,1,1,10,0,12,0,314
14851.0,1,1,10,0,12,0,314
14852.0,1,1,10,0,12,0,314
14853.0,1,1,10,0,12,0,314
14854.0,1,1,10,0,12,0,314
14855.0,1,1,10,0,12,0,314
14856.0,1,1,10,0,12,0,314
14857.0,1,1,10,0,12,0,314
14858.0,1,1,10,0,12,0,314
14859.0,1,1,10,0,12,0,314
14860.0,1,1,10,0,12,0,314
14861.0,1,1,10,0,12,0,314
14862.0,1,1,10,0,12,0,314
14863.0,1,1,10,0,12,0,314
14864.0,1,1,10,0,12,0,314
14865.0,1,1,10,0,12,0,314
14866.0,1,1,10,0,12,0,314
14867.0,1,1,10,0,12,0,314
14868.0,1,1,10,0,12,0,314
14869.0,1,1,10,0,12,0,314
14870.0,1,1,10,0,12,0,314
14871.0,1,1,10,0,12,0,314
14872.0,1,1,10,0,12,0,314
14873.0,1,1,10,0,12,0,314
14874.0,1,1,10,0,12,0,314
14875.0,1,1,10,0,12,0,314
14876.0,1,1,10,0,12,0,314
14877.0,1,1,10,0,12,0,314
14878.0,1,1,10,0,12,0,314
14879.0,1,1,10,0,12,0,314
14880.0,1,1,10,0,12,0,314
14881.0,1,1,10,0,12,0,314
14882.0,1,1,10,0,12,0,314
14883.0,1,1,10,0,12,0,314
14884.0,1,1,10,0,12,0,314
14885.0,1,1,10,0,12,0,314
14886.0,1,1,10,0,12,0,314
14887.0,1,1,10,0,12,0,314
14888.0,1,1,10,0,12,0,314
14889.0,1,1,10,0,12,0,314
14890.0,1,1,10,0,12,0,314
14891.0,1,1,10,0,12,0,314
14892.0,1,1,10,0,12,0,314
14893.0,1,1,10,0,12,0,314
14894.0,1,1,10,0,12,0,314
14895.0,1,1,10,0,12,0,314
14896.0,1,1,10,0,12,0,314
14897.0,1,1,10,0,12,0,314
14898.0,1,1,10,0,12,0,314
14899.0,1,1,10,0,12,0,314
14900.0,1,1,10,0,12,0,314
14901.0,1,1,10,0,12,0,314
14902.0,1,1,10,0,12,0,314
14903.0,1,1,10,0,12,0,314
14904.0,1,1,10,0,12,0,314
14905.0,1,1,10,0,12,0,314
14906.0,1,1,10,0,12,0,314
14907.0,1,1,10,0,12,0,314
14908.0,1,1,10,0,12,0,314
14909.0,1,1,10,0,12,0,314
14910.0,1,1,10,0,12,0,314
14911.0,1,1,10,0,12,0,314
14912.0,1,1,10,0,12,0,314
14913.0,1,1,10,0,12,0,314
14914.0,1,1,10,0,12,0,314
14915.0,1,1,10,0,12,0,314
14916.0,1,1,10,0,12,0,314
14917.0,1,1,10,0,12,0,314
14918.0,1,1,10,0,12,0,314
14919.0,1,1,10,0,12,0,314
14920.0,1,1,10,0,12,0,314
14921.0,1,1,10,0,12,0,314
14922.0,1,1,10,0,12,0,314
14923.0,1,1,10,0,12,0,314
14924.0,1,1,10,0,12,0,314
14925.0,1,1,10,0,12,0,314
14926.0,1,1,10,0,12,0,314
14927.0,1,1,10,0,12,0,314
14928.0,1,1,10,0,12,0,314
14929.0,1,1,10,0,12,0,314
14930.0,1,1,10,0,12,0,314
14931.0,1,1,10,0,12,0,314
14932.0,1,1,10,0,12,0,314
14933.0,1,1,10,0,12,0,314
14934.0,1,1,10,0,12,0,314
14935.0,1,1,10,0,12,0,314
14936.0,1,1,10,0,12,0,314
14937.0,1,1,10,0,12,0,314
14938.0,1,1,10,0,12,0,314
14939.0,1,1,10,0,12,0,314
14940.0,1,1,10,0,12,0,314
14941.0,1,1,10,0,12,0,314
14942.0,1,1,10,0,12,0,314
14943.0,1,1,10,0,12,0,314
14944.0,1,1,10,0,12,0,314
14945.0,1,1,10,0,12,0,314
14946.0,1,1,10,0,12,0,314
14947.0,1,1,10,0,12,0,314
14948.0,1,1,10,0,12,0,314
14949.0,1,1,10,0,12,0,314
14950.0,1,1,10,0,12,0,314
14951.0,1,1,10,0,12,0,314
14952.0,1,1,10,0,12,0,314
14953.0,1,1,10,0,12,0,314
14954.0,1,1,10,0,12,0,314
14955.0,1,1,10,0,12,0,314
14956.0,1,1,10,0,12,0,314
14957.0,1,1,10,0,12,0,314
14958.0,1,1,10,0,12,0,314
14959.0,1,1,10,0,12,0,314
14960.0,1,1,10,0,12,0,314
14961.0,1,1,10,0,12,0,314
14962.0,1,1,10,0,12,0,314
14963.0,1,1,10,0,12,0,314
14964.0,1,1,10,0,12,0,314
14965.0,1,1,10,0,12,0,314
14966.0,1,1,10,0,12,0,314
14967.0,1,1,10,0,12,0,314
14968.0,1,1,10,0,12,0,314
14969.0,1,1,10,0,12,0,314
14970.0,1,1,10,0,12,0,314
14971.0,1,1,10,0,12,0,314
14972.0,1,1,10,0,12,0,314
14973.0,1,1,10,0,12,0,314
14974.0,1,1,10,0,12,0,314
14975.0,1,1,10,0,12,0,314
14976.0,1,1,10,0,12,0,314
14977.0,1,1,10,0,12,0,314
14978.0,1,1,10,0,12,0,314
14979.0,1,1,10,0,12,0,314
14980.0,1,1,10,0,12,0,314
14981.0,1,1,10,0,12,0,314
14982.0,1,1,10,0,12,0,314
14983.0,1,1,10,0,12,0,314
14984.0,1,1,10,0,12,0,314
14985.0,1,1,10,0,12,0,314
14986.0,1,1,10,0,12,0,314
14987.0,1,1,10,0,12,0,314
14988.0,1,1,10,0,12,0,314
14989.0,1,1,10,0,12,0,314
14990.0,1,1,10,0,12,0,314
14991.0,1,1,10,0,12,0,314
14992.0,1,1,10,0,12,0,314
14993.0,1,1,10,0,12,0,314
14994.0,1,1,10,0,12,0,314
14995.0,1,1,10,0,12,0,314
14996.0,1,1,10,0,12,0,314
14997.0,1,1,10,0,12,0,314
14998.0,1,1,10,0,12,0,314
14999.0,1,1,10,0,12,0,314
15000.0,1,1,10,0,12,0,314
15001.0,1,1,10,0,12,0,314
15002.0,1,1,10,0,12,0,314
15003.0,1,1,10,0,12,0,314
15004.0,1,1,10,0,12,0,314
15005.0,1,1,10,0,12,0,314
15006.0,1,1,10,0,12,0,314
15007.0,1,1,10,0,12,0,314
15008.0,1,1,10,0,12,0,314
15009.0,1,1,10,0,12,0,314
15010.0,1,1,10,0,12,0,314
15011.0,1,1,10,0,12,0,314
15012.0,1,1,10,0,12,0,314
15013.0,1,1,10,0,12,0,314
15014.0,1,1,10,0,12,0,314
15015.0,1,1,10,0,12,0,314
15016.0,1,1,10,0,12,0,314
15017.0,1,1,10,0,12,0,314
15018.0,1,1,10,0,12,0,314
15019.0,1,1,10,0,12,0,314
15020.0,1,1,10,0,12,0,314
15021.0,1,1,10,0,12,0,314
15022.0,1,1,10,0,12,0,314
15023.0,1,1,10,0,12,0,314
15024.0,1,1,10,0,12,0,314
15025.0,1,1,10,0,12,0,314
15026.0,1,1,10,0,12,0,314
15027.0,1,1,10,0,12,0,314
15028.0,1,1,10,0,12,0,314
15029.0,1,1,10,0,12,0,314
15030.0,1,1,10,0,12,0,314
15031.0,1,1,10,0,12,0,314
15032.0,1,1,10,0,12,0,314
15033.0,1,1,10,0,12,0,314
15034.0,1,1,10,0,12,0,314
15035.0,1,1,10,0,12,0,314
15036.0,1,1,10,0,12,0,314
15037.0,1,1,10,0,12,0,314
15038.0,1,1,10,0,12,0,314
15039.0,1,1,10,0,12,0,314
15040.0,1,1,10,0,12,0,314
15041.0,1,1,10,0,12,0,314
15042.0,1,1,10,0,12,0,314
15043.0,1,1,10,0,12,0,314
15044.0,1,1,10,0,12,0,314
15045.0,1,1,10,0,12,0,314
15046.0,1,1,10,0,12,0,314
15047.0,1,1,10,0,12,0,314
15048.0,1,1,10,0,12,0,314
15049.0,1,1,10,0,12,0,314
15050.0,1,1,10,0,12,0,314
15051.0,1,1,10,0,12,0,314
15052.0,1,1,10,0,12,0,314
15053.0,1,1,10,0,12,0,314
15054.0,1,1,10,0,12,0,314
15055.0,1,1,10,0,12,0,314
15056.0,1,1,10,0,12,0,314
15057.0,1,1,10,0,12,0,314
15058.0,1,1,10,0,12,0,314
15059.0,1,1,10,0,12,0,314
15060.0,1,1,10,0,12,0,314
15061.0,1,1,10,0,12,0,314
15062.0,1,1,10,0,12,0,314
15063.0,1,1,10,0,12,0,314
15064.0,1,1,10,0,12,0,314
15065.0,1,1,10,0,12,0,314
15066.0,1,1,10,0,12,0,314
15067.0,1,1,10,0,12,0,314
15068.0,1,1,10,0,12,0,314
15069.0,1,1,10,0,12,0,314
15070.0,1,1,10,0,12,0,314
15071.0,1,1,10,0,12,0,314
15072.0,1,1,10,0,12,0,314
15073.0,1,1,10,0,12,0,314
15074.0,1,1,10,0,12,0,314
15075.0,1,1,10,0,12,0,314
15076.0,1,1,10,0,12,0,314
15077.0,1,1,10,0,12,0,314
15078.0,1,1,10,0,12,0,314
15079.0,1,1,10,0,12,0,314
15080.0,1,1,10,0,12,0,314
15081.0,1,1,10,0,12,0,314
15082.0,1,1,10,0,12,0,314
15083.0,1,1,10,0,12,0,314
15084.0,1,1,10,0,12,0,314
15085.0,1,1,10,0,12,0,314
15086.0,1,1,10,0,12,0,314
15087.0,1,1,10,0,12,0,314
15088.0,1,1,10,0,12,0,314
15089.0,1,1,10,0,12,0,314
15090.0,1,1,10,0,12,0,314
15091.0,1,1,10,0,12,0,314
15092.0,1,1,10,0,12,0,314
15093.0,1,1,10,0,12,0,314
15094.0,1,1,10,0,12,0,314
15095.0,1,1,10,0,12,0,314
15096.0,1,1,10,0,12,0,314
15097.0,1,1,10,0,12,0,314
15098.0,1,1,10,0,12,0,314
15099.0,1,1,10,0,12,0,314
15100.0,1,1,10,0,12,0,314
15101.0,1,1,10,0,12,0,314
15102.0,1,1,10,0,12,0,314
15103.0,1,1,10,0,12,0,314
15104.0,1,1,10,0,12,0,314
15105.0,1,1,10,0,12,0,314
15106.0,1,1,10,0,12,0,314
15107.0,1,1,10,0,12,0,314
15108.0,1,1,10,0,12,0,314
15109.0,1,1,10,0,12,0,314
15110.0,1,1,10,0,12,0,314
15111.0,1,1,10,0,12,0,314
15112.0,1,1,10,0,12,0,314
15113.0,1,1,10,0,12,0,314
15114.0,1,1,10,0,12,0,314
15115.0,1,1,10,0,12,0,314
15116.0,1,1,10,0,12,0,314
15117.0,1,1,10,0,12,0,314
15118.0,1,1,10,0,12,0,314
15119.0,1,1,10,0,12,0,314
15120.0,1,1,10,0,12,0,314
15121.0,1,1,10,0,12,0,314
15122.0,1,1,10,0,12,0,314
15123.0,1,1,10,0,12,0,314
15124.0,1,1,10,0,12,0,314
15125.0,1,1,10,0,12,0,314
15126.0,1,1,10,0,12,0,314
15127.0,1,1,10,0,12,0,314
15128.0,1,1,10,0,12,0,314
15129.0,1,1,10,0,12,0,314
15130.0,1,1,10,0,12,0,314
15131.0,1,1,10,0,12,0,314
15132.0,1,1,10,0,12,0,314
15133.0,1,1,10,0,12,0,314
15134.0,1,1,10,0,12,0,314
15135.0,1,1,10,0,12,0,314
15136.0,1,1,10,0,12,0,314
15137.0,1,1,10,0,12,0,314
15138.0,1,1,10,0,12,0,314
15139.0,1,1,10,0,12,0,314
15140.0,1,1,10,0,12,0,314
15141.0,1,1,10,0,12,0,314
15142.0,1,1,10,0,12,0,314
15143.0,1,1,10,0,12,0,314
15144.0,1,1,10,0,12,0,314
15145.0,1,1,10,0,12,0,314
15146.0,1,1,10,0,12,0,314
15147.0,1,1,10,0,12,0,314
15148.0,1,1,10,0,12,0,314
15149.0,1,1,10,0,12,0,314
15150.0,1,1,10,0,12,0,314
15151.0,1,1,10,0,12,0,314
15152.0,1,1,10,0,12,0,314
15153.0,1,1,10,0,12,0,314
15154.0,1,1,10,0,12,0,314
15155.0,1,1,10,0,12,0,314
15156.0,1,1,10,0,12,0,314
15157.0,1,1,10,0,12,0,314
15158.0,1,1,10,0,12,0,314
15159.0,1,1,10,0,12,0,314
15160.0,1,1,10,0,12,0,314
15161.0,1,1,10,0,12,0,314
15162.0,1,1,10,0,12,0,314
15163.0,1,1,10,0,12,0,314
15164.0,1,1,10,0,12,0,314
15165.0,1,1,10,0,12,0,314
15166.0,1,1,10,0,12,0,314
15167.0,1,1,10,0,12,0,314
15168.0,1,1,10,0,12,0,314
15169.0,1,1,10,0,12,0,314
15170.0,1,1,10,0,12,0,314
15171.0,1,1,10,0,12,0,314
15172.0,1,1,10,0,12,0,314
15173.0,1,1,10,0,12,0,314
15174.0,1,1,10,0,12,0,314
15175.0,1,1,10,0,12,0,314
15176.0,1,1,10,0,12,0,314
15177.0,1,1,10,0,12,0,314
15178.0,1,1,10,0,12,0,314
15179.0,1,1,10,0,12,0,314
15180.0,1,1,10,0,12,0,314
15181.0,1,1,10,0,12,0,314
15182.0,1,1,10,0,12,0,314
15183.0,1,1,10,0,12,0,314
15184.0,1,1,10,0,12,0,314
15185.0,1,1,10,0,12,0,314
15186.0,1,1,10,0,12,0,314
15187.0,1,1,10,0,12,0,314
15188.0,1,1,10,0,12,0,314
15189.0,1,1,10,0,12,0,314
15190.0,1,1,10,0,12,0,314
15191.0,1,1,10,0,12,0,314
15192.0,1,1,10,0,12,0,314
15193.0,1,1,10,0,12,0,314
15194.0,1,1,10,0,12,0,314
15195.0,1,1,10,0,12,0,314
15196.0,1,1,10,0,12,0,314
15197.0,1,1,10,0,12,0,314
15198.0,1,1,10,0,12,0,314
15199.0,1,1,10,0,12,0,314
15200.0,1,1,10,0,12,0,314
15201.0,1,1,10,0,12,0,314
15202.0,1,1,10,0,12,0,314
15203.0,1,1,10,0,12,0,314
15204.0,1,1,10,0,12,0,314
15205.0,1,1,10,0,12,0,314
15206.0,1,1,10,0,12,0,314
15207.0,1,1,10,0,12,0,314
15208.0,1,1,10,0,12,0,314
15209.0,1,1,10,0,12,0,314
15210.0,1,1,10,0,12,0,314
15211.0,1,1,10,0,12,0,314
15212.0,1,1,10,0,12,0,314
15213.0,1,1,10,0,12,0,314
15214.0,1,1,10,0,12,0,314
15215.0,1,1,10,0,12,0,314
15216.0,1,1,10,0,12,0,314
15217.0,1,1,10,0,12,0,314
15218.0,1,1,10,0,12,0,314
15219.0,1,1,10,0,12,0,314
15220.0,1,1,10,0,12,0,314
15221.0,1,1,10,0,12,0,314
15222.0,1,1,10,0,12,0,314
15223.0,1,1,10,0,12,0,314
15224.0,1,1,10,0,12,0,314
15225.0,1,1,10,0,12,0,314
15226.0,1,1,10,0,12,0,314
15227.0,1,1,10,0,12,0,314
15228.0,1,1,10,0,12,0,314
15229.0,1,1,10,0,12,0,314
15230.0,1,1,10,0,12,0,314
15231.0,1,1,10,0,12,0,314
15232.0,1,1,10,0,12,0,314
15233.0,1,1,10,0,12,0,314
15234.0,1,1,10,0,12,0,314
15235.0,1,1,10,0,12,0,314
15236.0,1,1,10,0,12,0,314
15237.0,1,1,10,0,12,0,314
15238.0,1,1,10,0,12,0,314
15239.0,1,1,10,0,12,0,314
15240.0,1,1,10,0,12,0,314
15241.0,1,1,10,0,12,0,314
15242.0,1,1,10,0,12,0,314
15243.0,1,1,10,0,12,0,314
15244.0,1,1,10,0,12,0,314
15245.0,1,1,10,0,12,0,314
15246.0,1,1,10,0,12,0,314
15247.0,1,1,10,0,12,0,314
15248.0,1,1,10,0,12,0,314
15249.0,1,1,10,0,12,0,314
15250.0,1,1,10,0,12,0,314
15251.0,1,1,10,0,12,0,314
15252.0,1,1,10,0,12,0,314
15253.0,1,1,10,0,12,0,314
15254.0,1,1,10,0,12,0,314
15255.0,1,1,10,0,12,0,314
15256.0,1,1,10,0,12,0,314
15257.0,1,1,10,0,12,0,314
15258.0,1,1,10,0,12,0,314
15259.0,1,1,10,0,12,0,314
15260.0,1,1,10,0,12,0,314
15261.0,1,1,10,0,12,0,314
15262.0,1,1,10,0,12,0,314
15263.0,1,1,10,0,12,0,314
15264.0,1,1,10,0,12,0,314
15265.0,1,1,10,0,12,0,314
15266.0,1,1,10,0,12,0,314
15267.0,1,1,10,0,12,0,314
15268.0,1,1,10,0,12,0,314
15269.0,1,1,10,0,12,0,314
15270.0,1,1,10,0,12,0,314
15271.0,1,1,10,0,12,0,314
15272.0,1,1,10,0,12,0,314
15273.0,1,1,10,0,12,0,314
15274.0,1,1,10,0,12,0,314
15275.0,1,1,10,0,12,0,314
15276.0,1,1,10,0,12,0,314
15277.0,1,1,10,0,12,0,314
15278.0,1,1,10,0,12,0,314
15279.0,1,1,10,0,12,0,314
15280.0,1,1,10,0,12,0,314
15281.0,1,1,10,0,12,0,314
15282.0,1,1,10,0,12,0,314
15283.0,1,1,10,0,12,0,314
15284.0,1,1,10,0,12,0,314
15285.0,1,1,10,0,12,0,314
15286.0,1,1,10,0,12,0,314
15287.0,1,1,10,0,12,0,314
15288.0,1,1,10,0,12,0,314
15289.0,1,1,10,0,12,0,314
15290.0,1,1,10,0,12,0,314
15291.0,1,1,10,0,12,0,314
15292.0,1,1,10,0,12,0,314
15293.0,1,1,10,0,12,0,314
15294.0,1,1,10,0,12,0,314
15295.0,1,1,10,0,12,0,314
15296.0,1,1,10,0,12,0,314
15297.0,1,1,10,0,12,0,314
15298.0,1,1,10,0,12,0,314
15299.0,1,1,10,0,12,0,314
15300.0,1,1,10,0,12,0,314
15301.0,1,1,10,0,12,0,314
15302.0,1,1,10,0,12,0,314
15303.0,1,1,10,0,12,0,314
15304.0,1,1,10,0,12,0,314
15305.0,1,1,10,0,12,0,314
15306.0,1,1,10,0,12,0,314
15307.0,1,1,10,0,12,0,314
15308.0,1,1,10,0,12,0,314
15309.0,1,1,10,0,12,0,314
15310.0,1,1,10,0,12,0,314
15311.0,1,1,10,0,12,0,314
15312.0,1,1,10,0,12,0,314
15313.0,1,1,10,0,12,0,314
15314.0,1,1,10,0,12,0,314
15315.0,1,1,10,0,12,0,314
15316.0,1,1,10,0,12,0,314
15317.0,1,1,10,0,12,0,314
15318.0,1,1,10,0,12,0,314
15319.0,1,1,10,0,12,0,314
15320.0,1,1,10,0,12,0,314
15321.0,1,1,10,0,12,0,314
15322.0,1,1,10,0,12,0,314
15323.0,1,1,10,0,12,0,314
15324.0,1,1,10,0,12,0,314
15325.0,1,1,10,0,12,0,314
15326.0,1,1,10,0,12,0,314
15327.0,1,1,10,0,12,0,314
15328.0,1,1,10,0,12,0,314
15329.0,1,1,10,0,12,0,314
15330.0,1,1,10,0,12,0,314
15331.0,1,1,10,0,12,0,314
15332.0,1,1,10,0,12,0,314
15333.0,1,1,10,0,12,0,314
15334.0,1,1,10,0,12,0,314
15335.0,1,1,10,0,12,0,314
15336.0,1,1,10,0,12,0,314
15337.0,1,1,10,0,12,0,314
15338.0,1,1,10,0,12,0,314
15339.0,1,1,10,0,12,0,314
15340.0,1,1,10,0,12,0,314
15341.0,1,1,10,0,12,0,314
15342.0,1,1,10,0,12,0,314
15343.0,1,1,10,0,12,0,314
15344.0,1,1,10,0,12,0,314
15345.0,1,1,10,0,12,0,314
15346.0,1,1,10,0,12,0,314
15347.0,1,1,10,0,12,0,314
15348.0,1,1,10,0,12,0,314
15349.0,1,1,10,0,12,0,314
15350.0,1,1,10,0,12,0,314
15351.0,1,1,10,0,12,0,314
15352.0,1,1,10,0,12,0,314
15353.0,1,1,10,0,12,0,314
15354.0,1,1,10,0,12,0,314
15355.0,1,1,10,0,12,0,314
15356.0,1,1,10,0,12,0,314
15357.0,1,1,10,0,12,0,314
15358.0,1,1,10,0,12,0,314
15359.0,1,1,10,0,12,0,314
15360.0,1,1,10,0,12,0,314
15361.0,1,1,10,0,12,0,314
15362.0,1,1,10,0,12,0,314
15363.0,1,1,10,0,12,0,314
15364.0,1,1,10,0,12,0,314
15365.0,1,1,10,0,12,0,314
15366.0,1,1,10,0,12,0,314
15367.0,1,1,10,0,12,0,314
15368.0,1,1,10,0,12,0,314
15369.0,1,1,10,0,12,0,314
15370.0,1,1,10,0,12,0,314
15371.0,1,1,10,0,12,0,314
15372.0,1,1,10,0,12,0,314
15373.0,1,1,10,0,12,0,314
15374.0,1,1,10,0,12,0,314
15375.0,1,1,10,0,12,0,314
15376.0,1,1,10,0,12,0,314
15377.0,1,1,10,0,12,0,314
15378.0,1,1,10,0,12,0,314
15379.0,1,1,10,0,12,0,314
15380.0,1,1,10,0,12,0,314
15381.0,1,1,10,0,12,0,314
15382.0,1,1,10,0,12,0,314
15383.0,1,1,10,0,12,0,314
15384.0,1,1,10,0,12,0,314
15385.0,1,1,10,0,12,0,314
15386.0,1,1,10,0,12,0,314
15387.0,1,1,10,0,12,0,314
15388.0,1,1,10,0,12,0,314
15389.0,1,1,10,0,12,0,314
15390.0,1,1,10,0,12,0,314
15391.0,1,1,10,0,12,0,314
15392.0,1,1,10,0,12,0,314
15393.0,1,1,10,0,12,0,314
15394.0,1,1,10,0,12,0,314
15395.0,1,1,10,0,12,0,314
15396.0,1,1,10,0,12,0,314
15397.0,1,1,10,0,12,0,314
15398.0,1,1,10,0,12,0,314
15399.0,1,1,10,0,12,0,314
15400.0,1,1,10,0,12,0,314
15401.0,1,1,10,0,12,0,314
15402.0,1,1,10,0,12,0,314
15403.0,1,1,10,0,12,0,314
15404.0,1,1,10,0,12,0,314
15405.0,1,1,10,0,12,0,314
15406.0,1,1,10,0,12,0,314
15407.0,1,1,10,0,12,0,314
15408.0,1,1,10,0,12,0,314
15409.0,1,1,10,0,12,0,314
15410.0,1,1,10,0,12,0,314
15411.0,1,1,10,0,12,0,314
15412.0,1,1,10,0,12,0,314
15413.0,1,1,10,0,12,0,314
15414.0,1,1,10,0,12,0,314
15415.0,1,1,10,0,12,0,314
15416.0,1,1,10,0,12,0,314
15417.0,1,1,10,0,12,0,314
15418.0,1,1,10,0,12,0,314
15419.0,1,1,10,0,12,0,314
15420.0,1,1,10,0,12,0,314
15421.0,1,1,10,0,12,0,314
15422.0,1,1,10,0,12,0,314
15423.0,1,1,10,0,12,0,314
15424.0,1,1,10,0,12,0,314
15425.0,1,1,10,0,12,0,314
15426.0,1,1,10,0,12,0,314
15427.0,1,1,10,0,12,0,314
15428.0,1,1,10,0,12,0,314
15429.0,1,1,10,0,12,0,314
15430.0,1,1,10,0,12,0,314
15431.0,1,1,10,0,12,0,314
15432.0,1,1,10,0,12,0,314
15433.0,1,1,10,0,12,0,314
15434.0,1,1,10,0,12,0,314
15435.0,1,1,10,0,12,0,314
15436.0,1,1,10,0,12,0,314
15437.0,1,1,10,0,12,0,314
15438.0,1,1,10,0,12,0,314
15439.0,1,1,10,0,12,0,314
15440.0,1,1,10,0,12,0,314
15441.0,1,1,10,0,12,0,314
15442.0,1,1,10,0,12,0,314
15443.0,1,1,10,0,12,0,314
15444.0,1,1,10,0,12,0,314
15445.0,1,1,10,0,12,0,314
15446.0,1,1,10,0,12,0,314
15447.0,1,1,10,0,12,0,314
15448.0,1,1,10,0,12,0,314
15449.0,1,1,10,0,12,0,314
15450.0,1,1,10,0,12,0,314
15451.0,1,1,10,0,12,0,314
15452.0,1,1,10,0,12,0,314
15453.0,1,1,10,0,12,0,314
15454.0,1,1,10,0,12,0,314
15455.0,1,1,10,0,12,0,314
15456.0,1,1,10,0,12,0,314
15457.0,1,1,10,0,12,0,314
15458.0,1,1,10,0,12,0,314
15459.0,1,1,10,0,12,0,314
15460.0,1,1,10,0,12,0,314
15461.0,1,1,10,0,12,0,314
15462.0,1,1,10,0,12,0,314
15463.0,1,1,10,0,12,0,314
15464.0,1,1,10,0,12,0,314
15465.0,1,1,10,0,12,0,314
15466.0,1,1,10,0,12,0,314
15467.0,1,1,10,0,12,0,314
15468.0,1,1,10,0,12,0,314
15469.0,1,1,10,0,12,0,314
15470.0,1,1,10,0,12,0,314
15471.0,1,1,10,0,12,0,314
15472.0,1,1,10,0,12,0,314
15473.0,1,1,10,0,12,0,314
15474.0,1,1,10,0,12,0,314
15475.0,1,1,10,0,12,0,314
15476.0,1,1,10,0,12,0,314
15477.0,1,1,10,0,12,0,314
15478.0,1,1,10,0,12,0,314
15479.0,1,1,10,0,12,0,314
15480.0,1,1,10,0,12,0,314
15481.0,1,1,10,0,12,0,314
15482.0,1,1,10,0,12,0,314
15483.0,1,1,10,0,12,0,314
15484.0,1,1,10,0,12,0,314
15485.0,1,1,10,0,12,0,314
15486.0,1,1,10,0,12,0,314
15487.0,1,1,10,0,12,0,314
15488.0,1,1,10,0,12,0,314
15489.0,1,1,10,0,12,0,314
15490.0,1,1,10,0,12,0,314
15491.0,1,1,10,0,12,0,314
15492.0,1,1,10,0,12,0,314
15493.0,1,1,10,0,12,0,314
15494.0,1,1,10,0,12,0,314
15495.0,1,1,10,0,12,0,314
15496.0,1,1,10,0,12,0,314
15497.0,1,1,10,0,12,0,314
15498.0,1,1,10,0,12,0,314
15499.0,1,1,10,0,12,0,314
15500.0,1,1,10,0,12,0,314
15501.0,1,1,10,0,12,0,314
15502.0,1,1,10,0,12,0,314
15503.0,1,1,10,0,12,0,314
15504.0,1,1,10,0,12,0,314
15505.0,1,1,10,0,12,0,314
15506.0,1,1,10,0,12,0,314
15507.0,1,1,10,0,12,0,314
15508.0,1,1,10,0,12,0,314
15509.0,1,1,10,0,12,0,314
15510.0,1,1,10,0,12,0,314
15511.0,1,1,10,0,12,0,314
15512.0,1,1,10,0,12,0,314
15513.0,1,1,10,0,12,0,314
15514.0,1,1,10,0,12,0,314
15515.0,1,1,10,0,12,0,314
15516.0,1,1,10,0,12,0,314
15517.0,1,1,10,0,12,0,314
15518.0,1,1,10,0,12,0,314
15519.0,1,1,10,0,12,0,314
15520.0,1,1,10,0,12,0,314
15521.0,1,1,10,0,12,0,314
15522.0,1,1,10,0,12,0,314
15523.0,1,1,10,0,12,0,314
15524.0,1,1,10,0,12,0,314
15525.0,1,1,10,0,12,0,314
15526.0,1,1,10,0,12,0,314
15527.0,1,1,10,0,12,0,314
15528.0,1,1,10,0,12,0,314
15529.0,1,1,10,0,12,0,314
15530.0,1,1,10,0,12,0,314
15531.0,1,1,10,0,12,0,314
15532.0,1,1,10,0,12,0,314
15533.0,1,1,10,0,12,0,314
15534.0,1,1,10,0,12,0,314
15535.0,1,1,10,0,12,0,314
15536.0,1,1,10,0,12,0,314
15537.0,1,1,10,0,12,0,314
15538.0,1,1,10,0,12,0,314
15539.0,1,1,10,0,12,0,314
15540.0,1,1,10,0,12,0,314
15541.0,1,1,10,0,12,0,314
15542.0,1,1,10,0,12,0,314
15543.0,1,1,10,0,12,0,314
15544.0,1,1,10,0,12,0,314
15545.0,1,1,10,0,12,0,314
15546.0,1,1,10,0,12,0,314
15547.0,1,1,10,0,12,0,314
15548.0,1,1,10,0,12,0,314
15549.0,1,1,10,0,12,0,314
15550.0,1,1,10,0,12,0,314
15551.0,1,1,10,0,12,0,314
15552.0,1,1,10,0,12,0,314
15553.0,1,1,10,0,12,0,314
15554.0,1,1,10,0,12,0,314
15555.0,1,1,10,0,12,0,314
15556.0,1,1,10,0,12,0,314
15557.0,1,1,10,0,12,0,314
15558.0,1,1,10,0,12,0,314
15559.0,1,1,10,0,12,0,314
15560.0,1,1,10,0,12,0,314
15561.0,1,1,10,0,12,0,314
15562.0,1,1,10,0,12,0,314
15563.0,1,1,10,0,12,0,314
15564.0,1,1,10,0,12,0,314
15565.0,1,1,10,0,12,0,314
15566.0,1,1,10,0,12,0,314
15567.0,1,1,10,0,12,0,314
15568.0,1,1,10,0,12,0,314
15569.0,1,1,10,0,12,0,314
15570.0,1,1,10,0,12,0,314
15571.0,1,1,10,0,12,0,314
15572.0,1,1,10,0,12,0,314
15573.0,1,1,10,0,12,0,314
15574.0,1,1,10,0,12,0,314
15575.0,1,1,10,0,12,0,314
15576.0,1,1,10,0,12,0,314
15577.0,1,1,10,0,12,0,314
15578.0,1,1,10,0,12,0,314
15579.0,1,1,10,0,12,0,314
15580.0,1,1,10,0,12,0,314
15581.0,1,1,10,0,12,0,314
15582.0,1,1,10,0,12,0,314
15583.0,1,1,10,0,12,0,314
15584.0,1,1,10,0,12,0,314
15585.0,1,1,10,0,12,0,314
15586.0,1,1,10,0,12,0,314
15587.0,1,1,10,0,12,0,314
15588.0,1,1,10,0,12,0,314
15589.0,1,1,10,0,12,0,314
15590.0,1,1,10,0,12,0,314
15591.0,1,1,10,0,12,0,314
15592.0,1,1,10,0,12,0,314
15593.0,1,1,10,0,12,0,314
15594.0,1,1,10,0,12,0,314
15595.0,1,1,10,0,12,0,314
15596.0,1,1,10,0,12,0,314
15597.0,1,1,10,0,12,0,314
15598.0,1,1,10,0,12,0,314
15599.0,1,1,10,0,12,0,314
15600.0,1,1,10,0,12,0,314
15601.0,1,1,10,0,12,0,314
15602.0,1,1,10,0,12,0,314
15603.0,1,1,10,0,12,0,314
15604.0,1,1,10,0,12,0,314
15605.0,1,1,10,0,12,0,314
15606.0,1,1,10,0,12,0,314
15607.0,1,1,10,0,12,0,314
15608.0,1,1,10,0,12,0,314
15609.0,1,1,10,0,12,0,314
15610.0,1,1,10,0,12,0,314
15611.0,1,1,10,0,12,0,314
15612.0,1,1,10,0,12,0,314
15613.0,1,1,10,0,12,0,314
15614.0,1,1,10,0,12,0,314
15615.0,1,1,10,0,12,0,314
15616.0,1,1,10,0,12,0,314
15617.0,1,1,10,0,12,0,314
15618.0,1,1,10,0,12,0,314
15619.0,1,1,10,0,12,0,314
15620.0,1,1,10,0,12,0,314
15621.0,1,1,10,0,12,0,314
15622.0,1,1,10,0,12,0,314
15623.0,1,1,10,0,12,0,314
15624.0,1,1,10,0,12,0,314
15625.0,1,1,10,0,12,0,314
15626.0,1,1,10,0,12,0,314
15627.0,1,1,10,0,12,0,314
15628.0,1,1,10,0,12,0,314
15629.0,1,1,10,0,12,0,314
15630.0,1,1,10,0,12,0,314
15631.0,1,1,10,0,12,0,314
15632.0,1,1,10,0,12,0,314
15633.0,1,1,10,0,12,0,314
15634.0,1,1,10,0,12,0,314
15635.0,1,1,10,0,12,0,314
15636.0,1,1,10,0,12,0,314
15637.0,1,1,10,0,12,0,314
15638.0,1,1,10,0,12,0,314
15639.0,1,1,10,0,12,0,314
15640.0,1,1,10,0,12,0,314
15641.0,1,1,10,0,12,0,314
15642.0,1,1,10,0,12,0,314
15643.0,1,1,10,0,12,0,314
15644.0,1,1,10,0,12,0,314
15645.0,1,1,10,0,12,0,314
15646.0,1,1,10,0,12,0,314
15647.0,1,1,10,0,12,0,314
15648.0,1,1,10,0,12,0,314
15649.0,1,1,10,0,12,0,314
15650.0,1,1,10,0,12,0,314
15651.0,1,1,10,0,12,0,314
15652.0,1,1,10,0,12,0,314
15653.0,1,1,10,0,12,0,314
15654.0,1,1,10,0,12,0,314
15655.0,1,1,10,0,12,0,314
15656.0,1,1,10,0,12,0,314
15657.0,1,1,10,0,12,0,314
15658.0,1,1,10,0,12,0,314
15659.0,1,1,10,0,12,0,314
15660.0,1,1,10,0,12,0,314
15661.0,1,1,10,0,12,0,314
15662.0,1,1,10,0,12,0,314
15663.0,1,1,10,0,12,0,314
15664.0,1,1,10,0,12,0,314
15665.0,1,1,10,0,12,0,314
15666.0,1,1,10,0,12,0,314
15667.0,1,1,10,0,12,0,314
15668.0,1,1,10,0,12,0,314
15669.0,1,1,10,0,12,0,314
15670.0,1,1,10,0,12,0,314
15671.0,1,1,10,0,12,0,314
15672.0,1,1,10,0,12,0,314
15673.0,1,1,10,0,12,0,314
15674.0,1,1,10,0,12,0,314
15675.0,1,1,10,0,12,0,314
15676.0,1,1,10,0,12,0,314
15677.0,1,1,10,0,12,0,314
15678.0,1,1,10,0,12,0,314
15679.0,1,1,10,0,12,0,314
15680.0,1,1,10,0,12,0,314
15681.0,1,1,10,0,12,0,314
15682.0,1,1,10,0,12,0,314
15683.0,1,1,10,0,12,0,314
15684.0,1,1,10,0,12,0,314
15685.0,1,1,10,0,12,0,314
15686.0,1,1,10,0,12,0,314
15687.0,1,1,10,0,12,0,314
15688.0,1,1,10,0,12,0,314
15689.0,1,1,10,0,12,0,314
15690.0,1,1,10,0,12,0,314
15691.0,1,1,10,0,12,0,314
15692.0,1,1,10,0,12,0,314
15693.0,1,1,10,0,12,0,314
15694.0,1,1,10,0,12,0,314
15695.0,1,1,10,0,12,0,314
15696.0,1,1,10,0,12,0,314
15697.0,1,1,10,0,12,0,314
15698.0,1,1,10,0,12,0,314
15699.0,1,1,10,0,12,0,314
15700.0,1,1,10,0,12,0,314
15701.0,1,1,10,0,12,0,314
15702.0,1,1,10,0,12,0,314
15703.0,1,1,10,0,12,0,314
15704.0,1,1,10,0,12,0,314
15705.0,1,1,10,0,12,0,314
15706.0,1,1,10,0,12,0,314
15707.0,1,1,10,0,12,0,314
15708.0,1,1,10,0,12,0,314
15709.0,1,1,10,0,12,0,314
15710.0,1,1,10,0,12,0,314
15711.0,1,1,10,0,12,0,314
15712.0,1,1,10,0,12,0,314
15713.0,1,1,10,0,12,0,314
15714.0,1,1,10,0,12,0,314
15715.0,1,1,10,0,12,0,314
15716.0,1,1,10,0,12,0,314
15717.0,1,1,10,0,12,0,314
15718.0,1,1,10,0,12,0,314
15719.0,1,1,10,0,12,0,314
15720.0,1,1,10,0,12,0,314
15721.0,1,1,10,0,12,0,314
15722.0,1,1,10,0,12,0,314
15723.0,1,1,10,0,12,0,314
15724.0,1,1,10,0,12,0,314
15725.0,1,1,10,0,12,0,314
15726.0,1,1,10,0,12,0,314
15727.0,1,1,10,0,12,0,314
15728.0,1,1,10,0,12,0,314
15729.0,1,1,10,0,12,0,314
15730.0,1,1,10,0,12,0,314
15731.0,1,1,10,0,12,0,314
15732.0,1,1,10,0,12,0,314
15733.0,1,1,10,0,12,0,314
15734.0,1,1,10,0,12,0,314
15735.0,1,1,10,0,12,0,314
15736.0,1,1,10,0,12,0,314
15737.0,1,1,10,0,12,0,314
15738.0,1,1,10,0,12,0,314
15739.0,1,1,10,0,12,0,314
15740.0,1,1,10,0,12,0,314
15741.0,1,1,10,0,12,0,314
15742.0,1,1,10,0,12,0,314
15743.0,1,1,10,0,12,0,314
15744.0,1,1,10,0,12,0,314
15745.0,1,1,10,0,12,0,314
15746.0,1,1,10,0,12,0,314
15747.0,1,1,10,0,12,0,314
15748.0,1,1,10,0,12,0,314
15749.0,1,1,10,0,12,0,314
15750.0,1,1,10,0,12,0,314
15751.0,1,1,10,0,12,0,314
15752.0,1,1,10,0,12,0,314
15753.0,1,1,10,0,12,0,314
15754.0,1,1,10,0,12,0,314
15755.0,1,1,10,0,12,0,314
15756.0,1,1,10,0,12,0,314
15757.0,1,1,10,0,12,0,314
15758.0,1,1,10,0,12,0,314
15759.0,1,1,10,0,12,0,314
15760.0,1,1,10,0,12,0,314
15761.0,1,1,10,0,12,0,314
15762.0,1,1,10,0,12,0,314
15763.0,1,1,10,0,12,0,314
15764.0,1,1,10,0,12,0,314
15765.0,1,1,10,0,12,0,314
15766.0,1,1,10,0,12,0,314
15767.0,1,1,10,0,12,0,314
15768.0,1,1,10,0,12,0,314
15769.0,1,1,10,0,12,0,314
15770.0,1,1,10,0,12,0,314
15771.0,1,1,10,0,12,0,314
15772.0,1,1,10,0,12,0,314
15773.0,1,1,10,0,12,0,314
15774.0,1,1,10,0,12,0,314
15775.0,1,1,10,0,12,0,314
15776.0,1,1,10,0,12,0,314
15777.0,1,1,10,0,12,0,314
15778.0,1,1,10,0,12,0,314
15779.0,1,1,10,0,12,0,314
15780.0,1,1,10,0,12,0,314
15781.0,1,1,10,0,12,0,314
15782.0,1,1,10,0,12,0,314
15783.0,1,1,10,0,12,0,314
15784.0,1,1,10,0,12,0,314
15785.0,1,1,10,0,12,0,314
15786.0,1,1,10,0,12,0,314
15787.0,1,1,10,0,12,0,314
15788.0,1,1,10,0,12,0,314
15789.0,1,1,10,0,12,0,314
15790.0,1,1,10,0,12,0,314
15791.0,1,1,10,0,12,0,314
15792.0,1,1,10,0,12,0,314
15793.0,1,1,10,0,12,0,314
15794.0,1,1,10,0,12,0,314
15795.0,1,1,10,0,12,0,314
15796.0,1,1,10,0,12,0,314
15797.0,1,1,10,0,12,0,314
15798.0,1,1,10,0,12,0,314
15799.0,1,1,10,0,12,0,314
15800.0,1,1,10,0,12,0,314
15801.0,1,1,10,0,12,0,314
15802.0,1,1,10,0,12,0,314
15803.0,1,1,10,0,12,0,314
15804.0,1,1,10,0,12,0,314
15805.0,1,1,10,0,12,0,314
15806.0,1,1,10,0,12,0,314
15807.0,1,1,10,0,12,0,314
15808.0,1,1,10,0,12,0,314
15809.0,1,1,10,0,12,0,314
15810.0,1,1,10,0,12,0,314
15811.0,1,1,10,0,12,0,314
15812.0,1,1,10,0,12,0,314
15813.0,1,1,10,0,12,0,314
15814.0,1,1,10,0,12,0,314
15815.0,1,1,10,0,12,0,314
15816.0,1,1,10,0,12,0,314
15817.0,1,1,10,0,12,0,314
15818.0,1,1,10,0,12,0,314
15819.0,1,1,10,0,12,0,314
15820.0,1,1,10,0,12,0,314
15821.0,1,1,10,0,12,0,314
15822.0,1,1,10,0,12,0,314
15823.0,1,1,10,0,12,0,314
15824.0,1,1,10,0,12,0,314
15825.0,1,1,10,0,12,0,314
15826.0,1,1,10,0,12,0,314
15827.0,1,1,10,0,12,0,314
15828.0,1,1,10,0,12,0,314
15829.0,1,1,10,0,12,0,314
15830.0,1,1,10,0,12,0,314
15831.0,1,1,10,0,12,0,314
15832.0,1,1,10,0,12,0,314
15833.0,1,1,10,0,12,0,314
15834.0,1,1,10,0,12,0,314
15835.0,1,1,10,0,12,0,314
15836.0,1,1,10,0,12,0,314
15837.0,1,1,10,0,12,0,314
15838.0,1,1,10,0,12,0,314
15839.0,1,1,10,0,12,0,314
15840.0,1,1,10,0,12,0,314
15841.0,1,1,10,0,12,0,314
15842.0,1,1,10,0,12,0,314
15843.0,1,1,10,0,12,0,314
15844.0,1,1,10,0,12,0,314
15845.0,1,1,10,0,12,0,314
15846.0,1,1,10,0,12,0,314
15847.0,1,1,10,0,12,0,314
15848.0,1,1,10,0,12,0,314
15849.0,1,1,10,0,12,0,314
15850.0,1,1,10,0,12,0,314
15851.0,1,1,10,0,12,0,314
15852.0,1,1,10,0,12,0,314
15853.0,1,1,10,0,12,0,314
15854.0,1,1,10,0,12,0,314
15855.0,1,1,10,0,12,0,314
15856.0,1,1,10,0,12,0,314
15857.0,1,1,10,0,12,0,314
15858.0,1,1,10,0,12,0,314
15859.0,1,1,10,0,12,0,314
15860.0,1,1,10,0,12,0,314
15861.0,1,1,10,0,12,0,314
15862.0,1,1,10,0,12,0,314
15863.0,1,1,10,0,12,0,314
15864.0,1,1,10,0,12,0,314
15865.0,1,1,10,0,12,0,314
15866.0,1,1,10,0,12,0,314
15867.0,1,1,10,0,12,0,314
15868.0,1,1,10,0,12,0,314
15869.0,1,1,10,0,12,0,314
15870.0,1,1,10,0,12,0,314
15871.0,1,1,10,0,12,0,314
15872.0,1,1,10,0,12,0,314
15873.0,1,1,10,0,12,0,314
15874.0,1,1,10,0,12,0,314
15875.0,1,1,10,0,12,0,314
15876.0,1,1,10,0,12,0,314
15877.0,1,1,10,0,12,0,314
15878.0,1,1,10,0,12,0,314
15879.0,1,1,10,0,12,0,314
15880.0,1,1,10,0,12,0,314
15881.0,1,1,10,0,12,0,314
15882.0,1,1,10,0,12,0,314
15883.0,1,1,10,0,12,0,314
15884.0,1,1,10,0,12,0,314
15885.0,1,1,10,0,12,0,314
15886.0,1,1,10,0,12,0,314
15887.0,1,1,10,0,12,0,314
15888.0,1,1,10,0,12,0,314
15889.0,1,1,10,0,12,0,314
15890.0,1,1,10,0,12,0,314
15891.0,1,1,10,0,12,0,314
15892.0,1,1,10,0,12,0,314
15893.0,1,1,10,0,12,0,314
15894.0,1,1,10,0,12,0,314
15895.0,1,1,10,0,12,0,314
15896.0,1,1,10,0,12,0,314
15897.0,1,1,10,0,12,0,314
15898.0,1,1,10,0,12,0,314
15899.0,1,1,10,0,12,0,314
15900.0,1,1,10,0,12,0,314
15901.0,1,1,10,0,12,0,314
15902.0,1,1,10,0,12,0,314
15903.0,1,1,10,0,12,0,314
15904.0,1,1,10,0,12,0,314
15905.0,1,1,10,0,12,0,314
15906.0,1,1,10,0,12,0,314
15907.0,1,1,10,0,12,0,314
15908.0,1,1,10,0,12,0,314
15909.0,1,1,10,0,12,0,314
15910.0,1,1,10,0,12,0,314
15911.0,1,1,10,0,12,0,314
15912.0,1,1,10,0,12,0,314
15913.0,1,1,10,0,12,0,314
15914.0,1,1,10,0,12,0,314
15915.0,1,1,10,0,12,0,314
15916.0,1,1,10,0,12,0,314
15917.0,1,1,10,0,12,0,314
15918.0,1,1,10,0,12,0,314
15919.0,1,1,10,0,12,0,314
15920.0,1,1,10,0,12,0,314
15921.0,1,1,10,0,12,0,314
15922.0,1,1,10,0,12,0,314
15923.0,1,1,10,0,12,0,314
15924.0,1,1,10,0,12,0,314
15925.0,1,1,10,0,12,0,314
15926.0,1,1,10,0,12,0,314
15927.0,1,1,10,0,12,0,314
15928.0,1,1,10,0,12,0,314
15929.0,1,1,10,0,12,0,314
15930.0,1,1,10,0,12,0,314
15931.0,1,1,10,0,12,0,314
15932.0,1,1,10,0,12,0,314
15933.0,1,1,10,0,12,0,314
15934.0,1,1,10,0,12,0,314
15935.0,1,1,10,0,12,0,314
15936.0,1,1,10,0,12,0,314
15937.0,1,1,10,0,12,0,314
15938.0,1,1,10,0,12,0,314
15939.0,1,1,10,0,12,0,314
15940.0,1,1,10,0,12,0,314
15941.0,1,1,10,0,12,0,314
15942.0,1,1,10,0,12,0,314
15943.0,1,1,10,0,12,0,314
15944.0,1,1,10,0,12,0,314
15945.0,1,1,10,0,12,0,314
15946.0,1,1,10,0,12,0,314
15947.0,1,1,10,0,12,0,314
15948.0,1,1,10,0,12,0,314
15949.0,1,1,10,0,12,0,314
15950.0,1,1,10,0,12,0,314
15951.0,1,1,10,0,12,0,314
15952.0,1,1,10,0,12,0,314
15953.0,1,1,10,0,12,0,314
15954.0,1,1,10,0,12,0,314
15955.0,1,1,10,0,12,0,314
15956.0,1,1,10,0,12,0,314
15957.0,1,1,10,0,12,0,314
15958.0,1,1,10,0,12,0,314
15959.0,1,1,10,0,12,0,314
15960.0,1,1,10,0,12,0,314
15961.0,1,1,10,0,12,0,314
15962.0,1,1,10,0,12,0,314
15963.0,1,1,10,0,12,0,314
15964.0,1,1,10,0,12,0,314
15965.0,1,1,10,0,12,0,314
15966.0,1,1,10,0,12,0,314
15967.0,1,1,10,0,12,0,314
15968.0,1,1,10,0,12,0,314
15969.0,1,1,10,0,12,0,314
15970.0,1,1,10,0,12,0,314
15971.0,1,1,10,0,12,0,314
15972.0,1,1,10,0,12,0,314
15973.0,1,1,10,0,12,0,314
15974.0,1,1,10,0,12,0,314
15975.0,1,1,10,0,12,0,314
15976.0,1,1,10,0,12,0,314
15977.0,1,1,10,0,12,0,314
15978.0,1,1,10,0,12,0,314
15979.0,1,1,10,0,12,0,314
15980.0,1,1,10,0,12,0,314
15981.0,1,1,10,0,12,0,314
15982.0,1,1,10,0,12,0,314
15983.0,1,1,10,0,12,0,314
15984.0,1,1,10,0,12,0,314
15985.0,1,1,10,0,12,0,314
15986.0,1,1,10,0,12,0,314
15987.0,1,1,10,0,12,0,314
15988.0,1,1,10,0,12,0,314
15989.0,1,1,10,0,12,0,314
15990.0,1,1,10,0,12,0,314
15991.0,1,1,10,0,12,0,314
15992.0,1,1,10,0,12,0,314
15993.0,1,1,10,0,12,0,314
15994.0,1,1,10,0,12,0,314
15995.0,1,1,10,0,12,0,314
15996.0,1,1,10,0,12,0,314
15997.0,1,1,10,0,12,0,314
15998.0,1,1,10,0,12,0,314
15999.0,1,1,10,0,12,0,314
16000.0,1,1,10,0,12,0,314
16001.0,1,1,10,0,12,0,314
16002.0,1,1,10,0,12,0,314
16003.0,1,1,10,0,12,0,314
16004.0,1,1,10,0,12,0,314
16005.0,1,1,10,0,12,0,314
16006.0,1,1,10,0,12,0,314
16007.0,1,1,10,0,12,0,314
16008.0,1,1,10,0,12,0,314
16009.0,1,1,10,0,12,0,314
16010.0,1,1,10,0,12,0,314
16011.0,1,1,10,0,12,0,314
16012.0,1,1,10,0,12,0,314
16013.0,1,1,10,0,12,0,314
16014.0,1,1,10,0,12,0,314
16015.0,1,1,10,0,12,0,314
16016.0,1,1,10,0,12,0,314
16017.0,1,1,10,0,12,0,314
16018.0,1,1,10,0,12,0,314
16019.0,1,1,10,0,12,0,314
16020.0,1,1,10,0,12,0,314
16021.0,1,1,10,0,12,0,314
16022.0,1,1,10,0,12,0,314
16023.0,1,1,10,0,12,0,314
16024.0,1,1,10,0,12,0,314
16025.0,1,1,10,0,12,0,314
16026.0,1,1,10,0,12,0,314
16027.0,1,1,10,0,12,0,314
16028.0,1,1,10,0,12,0,314
16029.0,1,1,10,0,12,0,314
16030.0,1,1,10,0,12,0,314
16031.0,1,1,10,0,12,0,314
16032.0,1,1,10,0,12,0,314
16033.0,1,1,10,0,12,0,314
16034.0,1,1,10,0,12,0,314
16035.0,1,1,10,0,12,0,314
16036.0,1,1,10,0,12,0,314
16037.0,1,1,10,0,12,0,314
16038.0,1,1,10,0,12,0,314
16039.0,1,1,10,0,12,0,314
16040.0,1,1,10,0,12,0,314
16041.0,1,1,10,0,12,0,314
16042.0,1,1,10,0,12,0,314
16043.0,1,1,10,0,12,0,314
16044.0,1,1,10,0,12,0,314
16045.0,1,1,10,0,12,0,314
16046.0,1,1,10,0,12,0,314
16047.0,1,1,10,0,12,0,314
16048.0,1,1,10,0,12,0,314
16049.0,1,1,10,0,12,0,314
16050.0,1,1,10,0,12,0,314
16051.0,1,1,10,0,12,0,314
16052.0,1,1,10,0,12,0,314
16053.0,1,1,10,0,12,0,314
16054.0,1,1,10,0,12,0,314
16055.0,1,1,10,0,12,0,314
16056.0,1,1,10,0,12,0,314
16057.0,1,1,10,0,12,0,314
16058.0,1,1,10,0,12,0,314
16059.0,1,1,10,0,12,0,314
16060.0,1,1,10,0,12,0,314
16061.0,1,1,10,0,12,0,314
16062.0,1,1,10,0,12,0,314
16063.0,1,1,10,0,12,0,314
16064.0,1,1,10,0,12,0,314
16065.0,1,1,10,0,12,0,314
16066.0,1,1,10,0,12,0,314
16067.0,1,1,10,0,12,0,314
16068.0,1,1,10,0,12,0,314
16069.0,1,1,10,0,12,0,314
16070.0,1,1,10,0,12,0,314
16071.0,1,1,10,0,12,0,314
16072.0,1,1,10,0,12,0,314
16073.0,1,1,10,0,12,0,314
16074.0,1,1,10,0,12,0,314
16075.0,1,1,10,0,12,0,314
16076.0,1,1,10,0,12,0,314
16077.0,1,1,10,0,12,0,314
16078.0,1,1,10,0,12,0,314
16079.0,1,1,10,0,12,0,314
16080.0,1,1,10,0,12,0,314
16081.0,1,1,10,0,12,0,314
16082.0,1,1,10,0,12,0,314
16083.0,1,1,10,0,12,0,314
16084.0,1,1,10,0,12,0,314
16085.0,1,1,10,0,12,0,314
16086.0,1,1,10,0,12,0,314
16087.0,1,1,10,0,12,0,314
16088.0,1,1,10,0,12,0,314
16089.0,1,1,10,0,12,0,314
16090.0,1,1,10,0,12,0,314
16091.0,1,1,10,0,12,0,314
16092.0,1,1,10,0,12,0,314
16093.0,1,1,10,0,12,0,314
16094.0,1,1,10,0,12,0,314
16095.0,1,1,10,0,12,0,314
16096.0,1,1,10,0,12,0,314
16097.0,1,1,10,0,12,0,314
16098.0,1,1,10,0,12,0,314
16099.0,1,1,10,0,12,0,314
16100.0,1,1,10,0,12,0,314
16101.0,1,1,10,0,12,0,314
16102.0,1,1,10,0,12,0,314
16103.0,1,1,10,0,12,0,314
16104.0,1,1,10,0,12,0,314
16105.0,1,1,10,0,12,0,314
16106.0,1,1,10,0,12,0,314
16107.0,1,1,10,0,12,0,314
16108.0,1,1,10,0,12,0,314
16109.0,1,1,10,0,12,0,314
16110.0,1,1,10,0,12,0,314
16111.0,1,1,10,0,12,0,314
16112.0,1,1,10,0,12,0,314
16113.0,1,1,10,0,12,0,314
16114.0,1,1,10,0,12,0,314
16115.0,1,1,10,0,12,0,314
16116.0,1,1,10,0,12,0,314
16117.0,1,1,10,0,12,0,314
16118.0,1,1,10,0,12,0,314
16119.0,1,1,10,0,12,0,314
16120.0,1,1,10,0,12,0,314
16121.0,1,1,10,0,12,0,314
16122.0,1,1,10,0,12,0,314
16123.0,1,1,10,0,12,0,314
16124.0,1,1,10,0,12,0,314
16125.0,1,1,10,0,12,0,314
16126.0,1,1,10,0,12,0,314
16127.0,1,1,10,0,12,0,314
16128.0,1,1,10,0,12,0,314
16129.0,1,1,10,0,12,0,314
16130.0,1,1,10,0,12,0,314
16131.0,1,1,10,0,12,0,314
16132.0,1,1,10,0,12,0,314
16133.0,1,1,10,0,12,0,314
16134.0,1,1,10,0,12,0,314
16135.0,1,1,10,0,12,0,314
16136.0,1,1,10,0,12,0,314
16137.0,1,1,10,0,12,0,314
16138.0,1,1,10,0,12,0,314
16139.0,1,1,10,0,12,0,314
16140.0,1,1,10,0,12,0,314
16141.0,1,1,10,0,12,0,314
16142.0,1,1,10,0,12,0,314
16143.0,1,1,10,0,12,0,314
16144.0,1,1,10,0,12,0,314
16145.0,1,1,10,0,12,0,314
16146.0,1,1,10,0,12,0,314
16147.0,1,1,10,0,12,0,314
16148.0,1,1,10,0,12,0,314
16149.0,1,1,10,0,12,0,314
16150.0,1,1,10,0,12,0,314
16151.0,1,1,10,0,12,0,314
16152.0,1,1,10,0,12,0,314
16153.0,1,1,10,0,12,0,314
16154.0,1,1,10,0,12,0,314
16155.0,1,1,10,0,12,0,314
16156.0,1,1,10,0,12,0,314
16157.0,1,1,10,0,12,0,314
16158.0,1,1,10,0,12,0,314
16159.0,1,1,10,0,12,0,314
16160.0,1,1,10,0,12,0,314
16161.0,1,1,10,0,12,0,314
16162.0,1,1,10,0,12,0,314
16163.0,1,1,10,0,12,0,314
16164.0,1,1,10,0,12,0,314
16165.0,1,1,10,0,12,0,314
16166.0,1,1,10,0,12,0,314
16167.0,1,1,10,0,12,0,314
16168.0,1,1,10,0,12,0,314
16169.0,1,1,10,0,12,0,314
16170.0,1,1,10,0,12,0,314
16171.0,1,1,10,0,12,0,314
16172.0,1,1,10,0,12,0,314
16173.0,1,1,10,0,12,0,314
16174.0,1,1,10,0,12,0,314
16175.0,1,1,10,0,12,0,314
16176.0,1,1,10,0,12,0,314
16177.0,1,1,10,0,12,0,314
16178.0,1,1,10,0,12,0,314
16179.0,1,1,10,0,12,0,314
16180.0,1,1,10,0,12,0,314
16181.0,1,1,10,0,12,0,314
16182.0,1,1,10,0,12,0,314
16183.0,1,1,10,0,12,0,314
16184.0,1,1,10,0,12,0,314
16185.0,1,1,10,0,12,0,314
16186.0,1,1,10,0,12,0,314
16187.0,1,1,10,0,12,0,314
16188.0,1,1,10,0,12,0,314
16189.0,1,1,10,0,12,0,314
16190.0,1,1,10,0,12,0,314
16191.0,1,1,10,0,12,0,314
16192.0,1,1,10,0,12,0,314
16193.0,1,1,10,0,12,0,314
16194.0,1,1,10,0,12,0,314
16195.0,1,1,10,0,12,0,314
16196.0,1,1,10,0,12,0,314
16197.0,1,1,10,0,12,0,314
16198.0,1,1,10,0,12,0,314
16199.0,1,1,10,0,12,0,314
16200.0,1,1,10,0,12,0,314
16201.0,1,1,10,0,12,0,314
16202.0,1,1,10,0,12,0,314
16203.0,1,1,10,0,12,0,314
16204.0,1,1,10,0,12,0,314
16205.0,1,1,10,0,12,0,314
16206.0,1,1,10,0,12,0,314
16207.0,1,1,10,0,12,0,314
16208.0,1,1,10,0,12,0,314
16209.0,1,1,10,0,12,0,314
16210.0,1,1,10,0,12,0,314
16211.0,1,1,10,0,12,0,314
16212.0,1,1,10,0,12,0,314
16213.0,1,1,10,0,12,0,314
16214.0,1,1,10,0,12,0,314
16215.0,1,1,10,0,12,0,314
16216.0,1,1,10,0,12,0,314
16217.0,1,1,10,0,12,0,314
16218.0,1,1,10,0,12,0,314
16219.0,1,1,10,0,12,0,314
16220.0,1,1,10,0,12,0,314
16221.0,1,1,10,0,12,0,314
16222.0,1,1,10,0,12,0,314
16223.0,1,1,10,0,12,0,314
16224.0,1,1,10,0,12,0,314
16225.0,1,1,10,0,12,0,314
16226.0,1,1,10,0,12,0,314
16227.0,1,1,10,0,12,0,314
16228.0,1,1,10,0,12,0,314
16229.0,1,1,10,0,12,0,314
16230.0,1,1,10,0,12,0,314
16231.0,1,1,10,0,12,0,314
16232.0,1,1,10,0,12,0,314
16233.0,1,1,10,0,12,0,314
16234.0,1,1,10,0,12,0,314
16235.0,1,1,10,0,12,0,314
16236.0,1,1,10,0,12,0,314
16237.0,1,1,10,0,12,0,314
16238.0,1,1,10,0,12,0,314
16239.0,1,1,10,0,12,0,314
16240.0,1,1,10,0,12,0,314
16241.0,1,1,10,0,12,0,314
16242.0,1,1,10,0,12,0,314
16243.0,1,1,10,0,12,0,314
16244.0,1,1,10,0,12,0,314
16245.0,1,1,10,0,12,0,314
16246.0,1,1,10,0,12,0,314
16247.0,1,1,10,0,12,0,314
16248.0,1,1,10,0,12,0,314
16249.0,1,1,10,0,12,0,314
16250.0,1,1,10,0,12,0,314
16251.0,1,1,10,0,12,0,314
16252.0,1,1,10,0,12,0,314
16253.0,1,1,10,0,12,0,314
16254.0,1,1,10,0,12,0,314
16255.0,1,1,10,0,12,0,314
16256.0,1,1,10,0,12,0,314
16257.0,1,1,10,0,12,0,314
16258.0,1,1,10,0,12,0,314
16259.0,1,1,10,0,12,0,314
16260.0,1,1,10,0,12,0,314
16261.0,1,1,10,0,12,0,314
16262.0,1,1,10,0,12,0,314
16263.0,1,1,10,0,12,0,314
16264.0,1,1,10,0,12,0,314
16265.0,1,1,10,0,12,0,314
16266.0,1,1,10,0,12,0,314
16267.0,1,1,10,0,12,0,314
16268.0,1,1,10,0,12,0,314
16269.0,1,1,10,0,12,0,314
16270.0,1,1,10,0,12,0,314
16271.0,1,1,10,0,12,0,314
16272.0,1,1,10,0,12,0,314
16273.0,1,1,10,0,12,0,314
16274.0,1,1,10,0,12,0,314
16275.0,1,1,10,0,12,0,314
16276.0,1,1,10,0,12,0,314
16277.0,1,1,10,0,12,0,314
16278.0,1,1,10,0,12,0,314
16279.0,1,1,10,0,12,0,314
16280.0,1,1,10,0,12,0,314
16281.0,1,1,10,0,12,0,314
16282.0,1,1,10,0,12,0,314
16283.0,1,1,10,0,12,0,314
16284.0,1,1,10,0,12,0,314
16285.0,1,1,10,0,12,0,314
16286.0,1,1,10,0,12,0,314
16287.0,1,1,10,0,12,0,314
16288.0,1,1,10,0,12,0,314
16289.0,1,1,10,0,12,0,314
16290.0,1,1,10,0,12,0,314
16291.0,1,1,10,0,12,0,314
16292.0,1,1,10,0,12,0,314
16293.0,1,1,10,0,12,0,314
16294.0,1,1,10,0,12,0,314
16295.0,1,1,10,0,12,0,314
16296.0,1,1,10,0,12,0,314
16297.0,1,1,10,0,12,0,314
16298.0,1,1,10,0,12,0,314
16299.0,1,1,10,0,12,0,314
16300.0,1,1,10,0,12,0,314
16301.0,1,1,10,0,12,0,314
16302.0,1,1,10,0,12,0,314
16303.0,1,1,10,0,12,0,314
16304.0,1,1,10,0,12,0,314
16305.0,1,1,10,0,12,0,314
16306.0,1,1,10,0,12,0,314
16307.0,1,1,10,0,12,0,314
16308.0,1,1,10,0,12,0,314
16309.0,1,1,10,0,12,0,314
16310.0,1,1,10,0,12,0,314
16311.0,1,1,10,0,12,0,314
16312.0,1,1,10,0,12,0,314
16313.0,1,1,10,0,12,0,314
16314.0,1,1,10,0,12,0,314
16315.0,1,1,10,0,12,0,314
16316.0,1,1,10,0,12,0,314
16317.0,1,1,10,0,12,0,314
16318.0,1,1,10,0,12,0,314
16319.0,1,1,10,0,12,0,314
16320.0,1,1,10,0,12,0,314
16321.0,1,1,10,0,12,0,314
16322.0,1,1,10,0,12,0,314
16323.0,1,1,10,0,12,0,314
16324.0,1,1,10,0,12,0,314
16325.0,1,1,10,0,12,0,314
16326.0,1,1,10,0,12,0,314
16327.0,1,1,10,0,12,0,314
16328.0,1,1,10,0,12,0,314
16329.0,1,1,10,0,12,0,314
16330.0,1,1,10,0,12,0,314
16331.0,1,1,10,0,12,0,314
16332.0,1,1,10,0,12,0,314
16333.0,1,1,10,0,12,0,314
16334.0,1,1,10,0,12,0,314
16335.0,1,1,10,0,12,0,314
16336.0,1,1,10,0,12,0,314
16337.0,1,1,10,0,12,0,314
16338.0,1,1,10,0,12,0,314
16339.0,1,1,10,0,12,0,314
16340.0,1,1,10,0,12,0,314
16341.0,1,1,10,0,12,0,314
16342.0,1,1,10,0,12,0,314
16343.0,1,1,10,0,12,0,314
16344.0,1,1,10,0,12,0,314
16345.0,1,1,10,0,12,0,314
16346.0,1,1,10,0,12,0,314
16347.0,1,1,10,0,12,0,314
16348.0,1,1,10,0,12,0,314
16349.0,1,1,10,0,12,0,314
16350.0,1,1,10,0,12,0,314
16351.0,1,1,10,0,12,0,314
16352.0,1,1,10,0,12,0,314
16353.0,1,1,10,0,12,0,314
16354.0,1,1,10,0,12,0,314
16355.0,1,1,10,0,12,0,314
16356.0,1,1,10,0,12,0,314
16357.0,1,1,10,0,12,0,314
16358.0,1,1,10,0,12,0,314
16359.0,1,1,10,0,12,0,314
16360.0,1,1,10,0,12,0,314
16361.0,1,1,10,0,12,0,314
16362.0,1,1,10,0,12,0,314
16363.0,1,1,10,0,12,0,314
16364.0,1,1,10,0,12,0,314
16365.0,1,1,10,0,12,0,314
16366.0,1,1,10,0,12,0,314
16367.0,1,1,10,0,12,0,314
16368.0,1,1,10,0,12,0,314
16369.0,1,1,10,0,12,0,314
16370.0,1,1,10,0,12,0,314
16371.0,1,1,10,0,12,0,314
16372.0,1,1,10,0,12,0,314
16373.0,1,1,10,0,12,0,314
16374.0,1,1,10,0,12,0,314
16375.0,1,1,10,0,12,0,314
16376.0,1,1,10,0,12,0,314
16377.0,1,1,10,0,12,0,314
16378.0,1,1,10,0,12,0,314
16379.0,1,1,10,0,12,0,314
16380.0,1,1,10,0,12,0,314
16381.0,1,1,10,0,12,0,314
16382.0,1,1,10,0,12,0,314
16383.0,1,1,10,0,12,0,314
16384.0,1,1,10,0,12,0,314
16385.0,1,1,10,0,12,0,314
16386.0,1,1,10,0,12,0,314
16387.0,1,1,10,0,12,0,314
16388.0,1,1,10,0,12,0,314
16389.0,1,1,10,0,12,0,314
16390.0,1,1,10,0,12,0,314
16391.0,1,1,10,0,12,0,314
16392.0,1,1,10,0,12,0,314
16393.0,1,1,10,0,12,0,314
16394.0,1,1,10,0,12,0,314
16395.0,1,1,10,0,12,0,314
16396.0,1,1,10,0,12,0,314
16397.0,1,1,10,0,12,0,314
16398.0,1,1,10,0,12,0,314
16399.0,1,1,10,0,12,0,314
16400.0,1,1,10,0,12,0,314
16401.0,1,1,10,0,12,0,314
16402.0,1,1,10,0,12,0,314
16403.0,1,1,10,0,12,0,314
16404.0,1,1,10,0,12,0,314
16405.0,1,1,10,0,12,0,314
16406.0,1,1,10,0,12,0,314
16407.0,1,1,10,0,12,0,314
16408.0,1,1,10,0,12,0,314
16409.0,1,1,10,0,12,0,314
16410.0,1,1,10,0,12,0,314
16411.0,1,1,10,0,12,0,314
16412.0,1,1,10,0,12,0,314
16413.0,1,1,10,0,12,0,314
16414.0,1,1,10,0,12,0,314
16415.0,1,1,10,0,12,0,314
16416.0,1,1,10,0,12,0,314
16417.0,1,1,10,0,12,0,314
16418.0,1,1,10,0,12,0,314
16419.0,1,1,10,0,12,0,314
16420.0,1,1,10,0,12,0,314
16421.0,1,1,10,0,12,0,314
16422.0,1,1,10,0,12,0,314
16423.0,1,1,10,0,12,0,314
16424.0,1,1,10,0,12,0,314
16425.0,1,1,10,0,12,0,314
16426.0,1,1,10,0,12,0,314
16427.0,1,1,10,0,12,0,314
16428.0,1,1,10,0,12,0,314
16429.0,1,1,10,0,12,0,314
16430.0,1,1,10,0,12,0,314
16431.0,1,1,10,0,12,0,314
16432.0,1,1,10,0,12,0,314
16433.0,1,1,10,0,12,0,314
16434.0,1,1,10,0,12,0,314
16435.0,1,1,10,0,12,0,314
16436.0,1,1,10,0,12,0,314
16437.0,1,1,10,0,12,0,314
16438.0,1,1,10,0,12,0,314
16439.0,1,1,10,0,12,0,314
16440.0,1,1,10,0,12,0,314
16441.0,1,1,10,0,12,0,314
16442.0,1,1,10,0,12,0,314
16443.0,1,1,10,0,12,0,314
16444.0,1,1,10,0,12,0,314
16445.0,1,1,10,0,12,0,314
16446.0,1,1,10,0,12,0,314
16447.0,1,1,10,0,12,0,314
16448.0,1,1,10,0,12,0,314
16449.0,1,1,10,0,12,0,314
16450.0,1,1,10,0,12,0,314
16451.0,1,1,10,0,12,0,314
16452.0,1,1,10,0,12,0,314
16453.0,1,1,10,0,12,0,314
16454.0,1,1,10,0,12,0,314
16455.0,1,1,10,0,12,0,314
16456.0,1,1,10,0,12,0,314
16457.0,1,1,10,0,12,0,314
16458.0,1,1,10,0,12,0,314
16459.0,1,1,10,0,12,0,314
16460.0,1,1,10,0,12,0,314
16461.0,1,1,10,0,12,0,314
16462.0,1,1,10,0,12,0,314
16463.0,1,1,10,0,12,0,314
16464.0,1,1,10,0,12,0,314
16465.0,1,1,10,0,12,0,314
16466.0,1,1,10,0,12,0,314
16467.0,1,1,10,0,12,0,314
16468.0,1,1,10,0,12,0,314
16469.0,1,1,10,0,12,0,314
16470.0,1,1,10,0,12,0,314
16471.0,1,1,10,0,12,0,314
16472.0,1,1,10,0,12,0,314
16473.0,1,1,10,0,12,0,314
16474.0,1,1,10,0,12,0,314
16475.0,1,1,10,0,12,0,314
16476.0,1,1,10,0,12,0,314
16477.0,1,1,10,0,12,0,314
16478.0,1,1,10,0,12,0,314
16479.0,1,1,10,0,12,0,314
16480.0,1,1,10,0,12,0,314
16481.0,1,1,10,0,12,0,314
16482.0,1,1,10,0,12,0,314
16483.0,1,1,10,0,12,0,314
16484.0,1,1,10,0,12,0,314
16485.0,1,1,10,0,12,0,314
16486.0,1,1,10,0,12,0,314
16487.0,1,1,10,0,12,0,314
16488.0,1,1,10,0,12,0,314
16489.0,1,1,10,0,12,0,314
16490.0,1,1,10,0,12,0,314
16491.0,1,1,10,0,12,0,314
16492.0,1,1,10,0,12,0,314
16493.0,1,1,10,0,12,0,314
16494.0,1,1,10,0,12,0,314
16495.0,1,1,10,0,12,0,314
16496.0,1,1,10,0,12,0,314
16497.0,1,1,10,0,12,0,314
16498.0,1,1,10,0,12,0,314
16499.0,1,1,10,0,12,0,314
16500.0,1,1,10,0,12,0,314
16501.0,1,1,10,0,12,0,314
16502.0,1,1,10,0,12,0,314
16503.0,1,1,10,0,12,0,314
16504.0,1,1,10,0,12,0,314
16505.0,1,1,10,0,12,0,314
16506.0,1,1,10,0,12,0,314
16507.0,1,1,10,0,12,0,314
16508.0,1,1,10,0,12,0,314
16509.0,1,1,10,0,12,0,314
16510.0,1,1,10,0,12,0,314
16511.0,1,1,10,0,12,0,314
16512.0,1,1,10,0,12,0,314
16513.0,1,1,10,0,12,0,314
16514.0,1,1,10,0,12,0,314
16515.0,1,1,10,0,12,0,314
16516.0,1,1,10,0,12,0,314
16517.0,1,1,10,0,12,0,314
16518.0,1,1,10,0,12,0,314
16519.0,1,1,10,0,12,0,314
16520.0,1,1,10,0,12,0,314
16521.0,1,1,10,0,12,0,314
16522.0,1,1,10,0,12,0,314
16523.0,1,1,10,0,12,0,314
16524.0,1,1,10,0,12,0,314
16525.0,1,1,10,0,12,0,314
16526.0,1,1,10,0,12,0,314
16527.0,1,1,10,0,12,0,314
16528.0,1,1,10,0,12,0,314
16529.0,1,1,10,0,12,0,314
16530.0,1,1,10,0,12,0,314
16531.0,1,1,10,0,12,0,314
16532.0,1,1,10,0,12,0,314
16533.0,1,1,10,0,12,0,314
16534.0,1,1,10,0,12,0,314
16535.0,1,1,10,0,12,0,314
16536.0,1,1,10,0,12,0,314
16537.0,1,1,10,0,12,0,314
16538.0,1,1,10,0,12,0,314
16539.0,1,1,10,0,12,0,314
16540.0,1,1,10,0,12,0,314
16541.0,1,1,10,0,12,0,314
16542.0,1,1,10,0,12,0,314
16543.0,1,1,10,0,12,0,314
16544.0,1,1,10,0,12,0,314
16545.0,1,1,10,0,12,0,314
16546.0,1,1,10,0,12,0,314
16547.0,1,1,10,0,12,0,314
16548.0,1,1,10,0,12,0,314
16549.0,1,1,10,0,12,0,314
16550.0,1,1,10,0,12,0,314
16551.0,1,1,10,0,12,0,314
16552.0,1,1,10,0,12,0,314
16553.0,1,1,10,0,12,0,314
16554.0,1,1,10,0,12,0,314
16555.0,1,1,10,0,12,0,314
16556.0,1,1,10,0,12,0,314
16557.0,1,1,10,0,12,0,314
16558.0,1,1,10,0,12,0,314
16559.0,1,1,10,0,12,0,314
16560.0,1,1,10,0,12,0,314
16561.0,1,1,10,0,12,0,314
16562.0,1,1,10,0,12,0,314
16563.0,1,1,10,0,12,0,314
16564.0,1,1,10,0,12,0,314
16565.0,1,1,10,0,12,0,314
16566.0,1,1,10,0,12,0,314
16567.0,1,1,10,0,12,0,314
16568.0,1,1,10,0,12,0,314
16569.0,1,1,10,0,12,0,314
16570.0,1,1,10,0,12,0,314
16571.0,1,1,10,0,12,0,314
16572.0,1,1,10,0,12,0,314
16573.0,1,1,10,0,12,0,314
16574.0,1,1,10,0,12,0,314
16575.0,1,1,10,0,12,0,314
16576.0,1,1,10,0,12,0,314
16577.0,1,1,10,0,12,0,314
16578.0,1,1,10,0,12,0,314
16579.0,1,1,10,0,12,0,314
16580.0,1,1,10,0,12,0,314
16581.0,1,1,10,0,12,0,314
16582.0,1,1,10,0,12,0,314
16583.0,1,1,10,0,12,0,314
16584.0,1,1,10,0,12,0,314
16585.0,1,1,10,0,12,0,314
16586.0,1,1,10,0,12,0,314
16587.0,1,1,10,0,12,0,314
16588.0,1,1,10,0,12,0,314
16589.0,1,1,10,0,12,0,314
16590.0,1,1,10,0,12,0,314
16591.0,1,1,10,0,12,0,314
16592.0,1,1,10,0,12,0,314
16593.0,1,1,10,0,12,0,314
16594.0,1,1,10,0,12,0,314
16595.0,1,1,10,0,12,0,314
16596.0,1,1,10,0,12,0,314
16597.0,1,1,10,0,12,0,314
16598.0,1,1,10,0,12,0,314
16599.0,1,1,10,0,12,0,314
16600.0,1,1,10,0,12,0,314
16601.0,1,1,10,0,12,0,314
16602.0,1,1,10,0,12,0,314
16603.0,1,1,10,0,12,0,314
16604.0,1,1,10,0,12,0,314
16605.0,1,1,10,0,12,0,314
16606.0,1,1,10,0,12,0,314
16607.0,1,1,10,0,12,0,314
16608.0,1,1,10,0,12,0,314
16609.0,1,1,10,0,12,0,314
16610.0,1,1,10,0,12,0,314
16611.0,1,1,10,0,12,0,314
16612.0,1,1,10,0,12,0,314
16613.0,1,1,10,0,12,0,314
16614.0,1,1,10,0,12,0,314
16615.0,1,1,10,0,12,0,314
16616.0,1,1,10,0,12,0,314
16617.0,1,1,10,0,12,0,314
16618.0,1,1,10,0,12,0,314
16619.0,1,1,10,0,12,0,314
16620.0,1,1,10,0,12,0,314
16621.0,1,1,10,0,12,0,314
16622.0,1,1,10,0,12,0,314
16623.0,1,1,10,0,12,0,314
16624.0,1,1,10,0,12,0,314
16625.0,1,1,10,0,12,0,314
16626.0,1,1,10,0,12,0,314
16627.0,1,1,10,0,12,0,314
16628.0,1,1,10,0,12,0,314
16629.0,1,1,10,0,12,0,314
16630.0,1,1,10,0,12,0,314
16631.0,1,1,10,0,12,0,314
16632.0,1,1,10,0,12,0,314
16633.0,1,1,10,0,12,0,314
16634.0,1,1,10,0,12,0,314
16635.0,1,1,10,0,12,0,314
16636.0,1,1,10,0,12,0,314
16637.0,1,1,10,0,12,0,314
16638.0,1,1,10,0,12,0,314
16639.0,1,1,10,0,12,0,314
16640.0,1,1,10,0,12,0,314
16641.0,1,1,10,0,12,0,314
16642.0,1,1,10,0,12,0,314
16643.0,1,1,10,0,12,0,314
16644.0,1,1,10,0,12,0,314
16645.0,1,1,10,0,12,0,314
16646.0,1,1,10,0,12,0,314
16647.0,1,1,10,0,12,0,314
16648.0,1,1,10,0,12,0,314
16649.0,1,1,10,0,12,0,314
16650.0,1,1,10,0,12,0,314
16651.0,1,1,10,0,12,0,314
16652.0,1,1,10,0,12,0,314
16653.0,1,1,10,0,12,0,314
16654.0,1,1,10,0,12,0,314
16655.0,1,1,10,0,12,0,314
16656.0,1,1,10,0,12,0,314
16657.0,1,1,10,0,12,0,314
16658.0,1,1,10,0,12,0,314
16659.0,1,1,10,0,12,0,314
16660.0,1,1,10,0,12,0,314
16661.0,1,1,10,0,12,0,314
16662.0,1,1,10,0,12,0,314
16663.0,1,1,10,0,12,0,314
16664.0,1,1,10,0,12,0,314
16665.0,1,1,10,0,12,0,314
16666.0,1,1,10,0,12,0,314
16667.0,1,1,10,0,12,0,314
16668.0,1,1,10,0,12,0,314
16669.0,1,1,10,0,12,0,314
16670.0,1,1,10,0,12,0,314
16671.0,1,1,10,0,12,0,314
16672.0,1,1,10,0,12,0,314
16673.0,1,1,10,0,12,0,314
16674.0,1,1,10,0,12,0,314
16675.0,1,1,10,0,12,0,314
16676.0,1,1,10,0,12,0,314
16677.0,1,1,10,0,12,0,314
16678.0,1,1,10,0,12,0,314
16679.0,1,1,10,0,12,0,314
16680.0,1,1,10,0,12,0,314
16681.0,1,1,10,0,12,0,314
16682.0,1,1,10,0,12,0,314
16683.0,1,1,10,0,12,0,314
16684.0,1,1,10,0,12,0,314
16685.0,1,1,10,0,12,0,314
16686.0,1,1,10,0,12,0,314
16687.0,1,1,10,0,12,0,314
16688.0,1,1,10,0,12,0,314
16689.0,1,1,10,0,12,0,314
16690.0,1,1,10,0,12,0,314
16691.0,1,1,10,0,12,0,314
16692.0,1,1,10,0,12,0,314
16693.0,1,1,10,0,12,0,314
16694.0,1,1,10,0,12,0,314
16695.0,1,1,10,0,12,0,314
16696.0,1,1,10,0,12,0,314
16697.0,1,1,10,0,12,0,314
16698.0,1,1,10,0,12,0,314
16699.0,1,1,10,0,12,0,314
16700.0,1,1,10,0,12,0,314
16701.0,1,1,10,0,12,0,314
16702.0,1,1,10,0,12,0,314
16703.0,1,1,10,0,12,0,314
16704.0,1,1,10,0,12,0,314
16705.0,1,1,10,0,12,0,314
16706.0,1,1,10,0,12,0,314
16707.0,1,1,10,0,12,0,314
16708.0,1,1,10,0,12,0,314
16709.0,1,1,10,0,12,0,314
16710.0,1,1,10,0,12,0,314
16711.0,1,1,10,0,12,0,314
16712.0,1,1,10,0,12,0,314
16713.0,1,1,10,0,12,0,314
16714.0,1,1,10,0,12,0,314
16715.0,1,1,10,0,12,0,314
16716.0,1,1,10,0,12,0,314
16717.0,1,1,10,0,12,0,314
16718.0,1,1,10,0,12,0,314
16719.0,1,1,10,0,12,0,314
16720.0,1,1,10,0,12,0,314
16721.0,1,1,10,0,12,0,314
16722.0,1,1,10,0,12,0,314
16723.0,1,1,10,0,12,0,314
16724.0,1,1,10,0,12,0,314
16725.0,1,1,10,0,12,0,314
16726.0,1,1,10,0,12,0,314
16727.0,1,1,10,0,12,0,314
16728.0,1,1,10,0,12,0,314
16729.0,1,1,10,0,12,0,314
16730.0,1,1,10,0,12,0,314
16731.0,1,1,10,0,12,0,314
16732.0,1,1,10,0,12,0,314
16733.0,1,1,10,0,12,0,314
16734.0,1,1,10,0,12,0,314
16735.0,1,1,10,0,12,0,314
16736.0,1,1,10,0,12,0,314
16737.0,1,1,10,0,12,0,314
16738.0,1,1,10,0,12,0,314
16739.0,1,1,10,0,12,0,314
16740.0,1,1,10,0,12,0,314
16741.0,1,1,10,0,12,0,314
16742.0,1,1,10,0,12,0,314
16743.0,1,1,10,0,12,0,314
16744.0,1,1,10,0,12,0,314
16745.0,1,1,10,0,12,0,314
16746.0,1,1,10,0,12,0,314
16747.0,1,1,10,0,12,0,314
16748.0,1,1,10,0,12,0,314
16749.0,1,1,10,0,12,0,314
16750.0,1,1,10,0,12,0,314
16751.0,1,1,10,0,12,0,314
16752.0,1,1,10,0,12,0,314
16753.0,1,1,10,0,12,0,314
16754.0,1,1,10,0,12,0,314
16755.0,1,1,10,0,12,0,314
16756.0,1,1,10,0,12,0,314
16757.0,1,1,10,0,12,0,314
16758.0,1,1,10,0,12,0,314
16759.0,1,1,10,0,12,0,314
16760.0,1,1,10,0,12,0,314
16761.0,1,1,10,0,12,0,314
16762.0,1,1,10,0,12,0,314
16763.0,1,1,10,0,12,0,314
16764.0,1,1,10,0,12,0,314
16765.0,1,1,10,0,12,0,314
16766.0,1,1,10,0,12,0,314
16767.0,1,1,10,0,12,0,314
16768.0,1,1,10,0,12,0,314
16769.0,1,1,10,0,12,0,314
16770.0,1,1,10,0,12,0,314
16771.0,1,1,10,0,12,0,314
16772.0,1,1,10,0,12,0,314
16773.0,1,1,10,0,12,0,314
16774.0,1,1,10,0,12,0,314
16775.0,1,1,10,0,12,0,314
16776.0,1,1,10,0,12,0,314
16777.0,1,1,10,0,12,0,314
16778.0,1,1,10,0,12,0,314
16779.0,1,1,10,0,12,0,314
16780.0,1,1,10,0,12,0,314
16781.0,1,1,10,0,12,0,314
16782.0,1,1,10,0,12,0,314
16783.0,1,1,10,0,12,0,314
16784.0,1,1,10,0,12,0,314
16785.0,1,1,10,0,12,0,314
16786.0,1,1,10,0,12,0,314
16787.0,1,1,10,0,12,0,314
16788.0,1,1,10,0,12,0,314
16789.0,1,1,10,0,12,0,314
16790.0,1,1,10,0,12,0,314
16791.0,1,1,10,0,12,0,314
16792.0,1,1,10,0,12,0,314
16793.0,1,1,10,0,12,0,314
16794.0,1,1,10,0,12,0,314
16795.0,1,1,10,0,12,0,314
16796.0,1,1,10,0,12,0,314
16797.0,1,1,10,0,12,0,314
16798.0,1,1,10,0,12,0,314
16799.0,1,1,10,0,12,0,314
16800.0,1,1,10,0,12,0,314
16801.0,1,1,10,0,12,0,314
16802.0,1,1,10,0,12,0,314
16803.0,1,1,10,0,12,0,314
16804.0,1,1,10,0,12,0,314
16805.0,1,1,10,0,12,0,314
16806.0,1,1,10,0,12,0,314
16807.0,1,1,10,0,12,0,314
16808.0,1,1,10,0,12,0,314
16809.0,1,1,10,0,12,0,314
16810.0,1,1,10,0,12,0,314
16811.0,1,1,10,0,12,0,314
16812.0,1,1,10,0,12,0,314
16813.0,1,1,10,0,12,0,314
16814.0,1,1,10,0,12,0,314
16815.0,1,1,10,0,12,0,314
16816.0,1,1,10,0,12,0,314
16817.0,1,1,10,0,12,0,314
16818.0,1,1,10,0,12,0,314
16819.0,1,1,10,0,12,0,314
16820.0,1,1,10,0,12,0,314
16821.0,1,1,10,0,12,0,314
16822.0,1,1,10,0,12,0,314
16823.0,1,1,10,0,12,0,314
16824.0,1,1,10,0,12,0,314
16825.0,1,1,10,0,12,0,314
16826.0,1,1,10,0,12,0,314
16827.0,1,1,10,0,12,0,314
16828.0,1,1,10,0,12,0,314
16829.0,1,1,10,0,12,0,314
16830.0,1,1,10,0,12,0,314
16831.0,1,1,10,0,12,0,314
16832.0,1,1,10,0,12,0,314
16833.0,1,1,10,0,12,0,314
16834.0,1,1,10,0,12,0,314
16835.0,1,1,10,0,12,0,314
16836.0,1,1,10,0,12,0,314
16837.0,1,1,10,0,12,0,314
16838.0,1,1,10,0,12,0,314
16839.0,1,1,10,0,12,0,314
16840.0,1,1,10,0,12,0,314
16841.0,1,1,10,0,12,0,314
16842.0,1,1,10,0,12,0,314
16843.0,1,1,10,0,12,0,314
16844.0,1,1,10,0,12,0,314
16845.0,1,1,10,0,12,0,314
16846.0,1,1,10,0,12,0,314
16847.0,1,1,10,0,12,0,314
16848.0,1,1,10,0,12,0,314
16849.0,1,1,10,0,12,0,314
16850.0,1,1,10,0,12,0,314
16851.0,1,1,10,0,12,0,314
16852.0,1,1,10,0,12,0,314
16853.0,1,1,10,0,12,0,314
16854.0,1,1,10,0,12,0,314
16855.0,1,1,10,0,12,0,314
16856.0,1,1,10,0,12,0,314
16857.0,1,1,10,0,12,0,314
16858.0,1,1,10,0,12,0,314
16859.0,1,1,10,0,12,0,314
16860.0,1,1,10,0,12,0,314
16861.0,1,1,10,0,12,0,314
16862.0,1,1,10,0,12,0,314
16863.0,1,1,10,0,12,0,314
16864.0,1,1,10,0,12,0,314
16865.0,1,1,10,0,12,0,314
16866.0,1,1,10,0,12,0,314
16867.0,1,1,10,0,12,0,314
16868.0,1,1,10,0,12,0,314
16869.0,1,1,10,0,12,0,314
16870.0,1,1,10,0,12,0,314
16871.0,1,1,10,0,12,0,314
16872.0,1,1,10,0,12,0,314
16873.0,1,1,10,0,12,0,314
16874.0,1,1,10,0,12,0,314
16875.0,1,1,10,0,12,0,314
16876.0,1,1,10,0,12,0,314
16877.0,1,1,10,0,12,0,314
16878.0,1,1,10,0,12,0,314
16879.0,1,1,10,0,12,0,314
16880.0,1,1,10,0,12,0,314
16881.0,1,1,10,0,12,0,314
16882.0,1,1,10,0,12,0,314
16883.0,1,1,10,0,12,0,314
16884.0,1,1,10,0,12,0,314
16885.0,1,1,10,0,12,0,314
16886.0,1,1,10,0,12,0,314
16887.0,1,1,10,0,12,0,314
16888.0,1,1,10,0,12,0,314
16889.0,1,1,10,0,12,0,314
16890.0,1,1,10,0,12,0,314
16891.0,1,1,10,0,12,0,314
16892.0,1,1,10,0,12,0,314
16893.0,1,1,10,0,12,0,314
16894.0,1,1,10,0,12,0,314
16895.0,1,1,10,0,12,0,314
16896.0,1,1,10,0,12,0,314
16897.0,1,1,10,0,12,0,314
16898.0,1,1,10,0,12,0,314
16899.0,1,1,10,0,12,0,314
16900.0,1,1,10,0,12,0,314
16901.0,1,1,10,0,12,0,314
16902.0,1,1,10,0,12,0,314
16903.0,1,1,10,0,12,0,314
16904.0,1,1,10,0,12,0,314
16905.0,1,1,10,0,12,0,314
16906.0,1,1,10,0,12,0,314
16907.0,1,1,10,0,12,0,314
16908.0,1,1,10,0,12,0,314
16909.0,1,1,10,0,12,0,314
16910.0,1,1,10,0,12,0,314
16911.0,1,1,10,0,12,0,314
16912.0,1,1,10,0,12,0,314
16913.0,1,1,10,0,12,0,314
16914.0,1,1,10,0,12,0,314
16915.0,1,1,10,0,12,0,314
16916.0,1,1,10,0,12,0,314
16917.0,1,1,10,0,12,0,314
16918.0,1,1,10,0,12,0,314
16919.0,1,1,10,0,12,0,314
16920.0,1,1,10,0,12,0,314
16921.0,1,1,10,0,12,0,314
16922.0,1,1,10,0,12,0,314
16923.0,1,1,10,0,12,0,314
16924.0,1,1,10,0,12,0,314
16925.0,1,1,10,0,12,0,314
16926.0,1,1,10,0,12,0,314
16927.0,1,1,10,0,12,0,314
16928.0,1,1,10,0,12,0,314
16929.0,1,1,10,0,12,0,314
16930.0,1,1,10,0,12,0,314
16931.0,1,1,10,0,12,0,314
16932.0,1,1,10,0,12,0,314
16933.0,1,1,10,0,12,0,314
16934.0,1,1,10,0,12,0,314
16935.0,1,1,10,0,12,0,314
16936.0,1,1,10,0,12,0,314
16937.0,1,1,10,0,12,0,314
16938.0,1,1,10,0,12,0,314
16939.0,1,1,10,0,12,0,314
16940.0,1,1,10,0,12,0,314
16941.0,1,1,10,0,12,0,314
16942.0,1,1,10,0,12,0,314
16943.0,1,1,10,0,12,0,314
16944.0,1,1,10,0,12,0,314
16945.0,1,1,10,0,12,0,314
16946.0,1,1,10,0,12,0,314
16947.0,1,1,10,0,12,0,314
16948.0,1,1,10,0,12,0,314
16949.0,1,1,10,0,12,0,314
16950.0,1,1,10,0,12,0,314
16951.0,1,1,10,0,12,0,314
16952.0,1,1,10,0,12,0,314
16953.0,1,1,10,0,12,0,314
16954.0,1,1,10,0,12,0,314
16955.0,1,1,10,0,12,0,314
16956.0,1,1,10,0,12,0,314
16957.0,1,1,10,0,12,0,314
16958.0,1,1,10,0,12,0,314
16959.0,1,1,10,0,12,0,314
16960.0,1,1,10,0,12,0,314
16961.0,1,1,10,0,12,0,314
16962.0,1,1,10,0,12,0,314
16963.0,1,1,10,0,12,0,314
16964.0,1,1,10,0,12,0,314
16965.0,1,1,10,0,12,0,314
16966.0,1,1,10,0,12,0,314
16967.0,1,1,10,0,12,0,314
16968.0,1,1,10,0,12,0,314
16969.0,1,1,10,0,12,0,314
16970.0,1,1,10,0,12,0,314
16971.0,1,1,10,0,12,0,314
16972.0,1,1,10,0,12,0,314
16973.0,1,1,10,0,12,0,314
16974.0,1,1,10,0,12,0,314
16975.0,1,1,10,0,12,0,314
16976.0,1,1,10,0,12,0,314
16977.0,1,1,10,0,12,0,314
16978.0,1,1,10,0,12,0,314
16979.0,1,1,10,0,12,0,314
16980.0,1,1,10,0,12,0,314
16981.0,1,1,10,0,12,0,314
16982.0,1,1,10,0,12,0,314
16983.0,1,1,10,0,12,0,314
16984.0,1,1,10,0,12,0,314
16985.0,1,1,10,0,12,0,314
16986.0,1,1,10,0,12,0,314
16987.0,1,1,10,0,12,0,314
16988.0,1,1,10,0,12,0,314
16989.0,1,1,10,0,12,0,314
16990.0,1,1,10,0,12,0,314
16991.0,1,1,10,0,12,0,314
16992.0,1,1,10,0,12,0,314
16993.0,1,1,10,0,12,0,314
16994.0,1,1,10,0,12,0,314
16995.0,1,1,10,0,12,0,314
16996.0,1,1,10,0,12,0,314
16997.0,1,1,10,0,12,0,314
16998.0,1,1,10,0,12,0,314
16999.0,1,1,10,0,12,0,314
17000.0,1,1,10,0,12,0,314
17001.0,1,1,10,0,12,0,314
17002.0,1,1,10,0,12,0,314
17003.0,1,1,10,0,12,0,314
17004.0,1,1,10,0,12,0,314
17005.0,1,1,10,0,12,0,314
17006.0,1,1,10,0,12,0,314
17007.0,1,1,10,0,12,0,314
17008.0,1,1,10,0,12,0,314
17009.0,1,1,10,0,12,0,314
17010.0,1,1,10,0,12,0,314
17011.0,1,1,10,0,12,0,314
17012.0,1,1,10,0,12,0,314
17013.0,1,1,10,0,12,0,314
17014.0,1,1,10,0,12,0,314
17015.0,1,1,10,0,12,0,314
17016.0,1,1,10,0,12,0,314
17017.0,1,1,10,0,12,0,314
17018.0,1,1,10,0,12,0,314
17019.0,1,1,10,0,12,0,314
17020.0,1,1,10,0,12,0,314
17021.0,1,1,10,0,12,0,314
17022.0,1,1,10,0,12,0,314
17023.0,1,1,10,0,12,0,314
17024.0,1,1,10,0,12,0,314
17025.0,1,1,10,0,12,0,314
17026.0,1,1,10,0,12,0,314
17027.0,1,1,10,0,12,0,314
17028.0,1,1,10,0,12,0,314
17029.0,1,1,10,0,12,0,314
17030.0,1,1,10,0,12,0,314
17031.0,1,1,10,0,12,0,314
17032.0,1,1,10,0,12,0,314
17033.0,1,1,10,0,12,0,314
17034.0,1,1,10,0,12,0,314
17035.0,1,1,10,0,12,0,314
17036.0,1,1,10,0,12,0,314
17037.0,1,1,10,0,12,0,314
17038.0,1,1,10,0,12,0,314
17039.0,1,1,10,0,12,0,314
17040.0,1,1,10,0,12,0,314
17041.0,1,1,10,0,12,0,314
17042.0,1,1,10,0,12,0,314
17043.0,1,1,10,0,12,0,314
17044.0,1,1,10,0,12,0,314
17045.0,1,1,10,0,12,0,314
17046.0,1,1,10,0,12,0,314
17047.0,1,1,10,0,12,0,314
17048.0,1,1,10,0,12,0,314
17049.0,1,1,10,0,12,0,314
17050.0,1,1,10,0,12,0,314
17051.0,1,1,10,0,12,0,314
17052.0,1,1,10,0,12,0,314
17053.0,1,1,10,0,12,0,314
17054.0,1,1,10,0,12,0,314
17055.0,1,1,10,0,12,0,314
17056.0,1,1,10,0,12,0,314
17057.0,1,1,10,0,12,0,314
17058.0,1,1,10,0,12,0,314
17059.0,1,1,10,0,12,0,314
17060.0,1,1,10,0,12,0,314
17061.0,1,1,10,0,12,0,314
17062.0,1,1,10,0,12,0,314
17063.0,1,1,10,0,12,0,314
17064.0,1,1,10,0,12,0,314
17065.0,1,1,10,0,12,0,314
17066.0,1,1,10,0,12,0,314
17067.0,1,1,10,0,12,0,314
17068.0,1,1,10,0,12,0,314
17069.0,1,1,10,0,12,0,314
17070.0,1,1,10,0,12,0,314
17071.0,1,1,10,0,12,0,314
17072.0,1,1,10,0,12,0,314
17073.0,1,1,10,0,12,0,314
17074.0,1,1,10,0,12,0,314
17075.0,1,1,10,0,12,0,314
17076.0,1,1,10,0,12,0,314
17077.0,1,1,10,0,12,0,314
17078.0,1,1,10,0,12,0,314
17079.0,1,1,10,0,12,0,314
17080.0,1,1,10,0,12,0,314
17081.0,1,1,10,0,12,0,314
17082.0,1,1,10,0,12,0,314
17083.0,1,1,10,0,12,0,314
17084.0,1,1,10,0,12,0,314
17085.0,1,1,10,0,12,0,314
17086.0,1,1,10,0,12,0,314
17087.0,1,1,10,0,12,0,314
17088.0,1,1,10,0,12,0,314
17089.0,1,1,10,0,12,0,314
17090.0,1,1,10,0,12,0,314
17091.0,1,1,10,0,12,0,314
17092.0,1,1,10,0,12,0,314
17093.0,1,1,10,0,12,0,314
17094.0,1,1,10,0,12,0,314
17095.0,1,1,10,0,12,0,314
17096.0,1,1,10,0,12,0,314
17097.0,1,1,10,0,12,0,314
17098.0,1,1,10,0,12,0,314
17099.0,1,1,10,0,12,0,314
17100.0,1,1,10,0,12,0,314
17101.0,1,1,10,0,12,0,314
17102.0,1,1,10,0,12,0,314
17103.0,1,1,10,0,12,0,314
17104.0,1,1,10,0,12,0,314
17105.0,1,1,10,0,12,0,314
17106.0,1,1,10,0,12,0,314
17107.0,1,1,10,0,12,0,314
17108.0,1,1,10,0,12,0,314
17109.0,1,1,10,0,12,0,314
17110.0,1,1,10,0,12,0,314
17111.0,1,1,10,0,12,0,314
17112.0,1,1,10,0,12,0,314
17113.0,1,1,10,0,12,0,314
17114.0,1,1,10,0,12,0,314
17115.0,1,1,10,0,12,0,314
17116.0,1,1,10,0,12,0,314
17117.0,1,1,10,0,12,0,314
17118.0,1,1,10,0,12,0,314
17119.0,1,1,10,0,12,0,314
17120.0,1,1,10,0,12,0,314
17121.0,1,1,10,0,12,0,314
17122.0,1,1,10,0,12,0,314
17123.0,1,1,10,0,12,0,314
17124.0,1,1,10,0,12,0,314
17125.0,1,1,10,0,12,0,314
17126.0,1,1,10,0,12,0,314
17127.0,1,1,10,0,12,0,314
17128.0,1,1,10,0,12,0,314
17129.0,1,1,10,0,12,0,314
17130.0,1,1,10,0,12,0,314
17131.0,1,1,10,0,12,0,314
17132.0,1,1,10,0,12,0,314
17133.0,1,1,10,0,12,0,314
17134.0,1,1,10,0,12,0,314
17135.0,1,1,10,0,12,0,314
17136.0,1,1,10,0,12,0,314
17137.0,1,1,10,0,12,0,314
17138.0,1,1,10,0,12,0,314
17139.0,1,1,10,0,12,0,314
17140.0,1,1,10,0,12,0,314
17141.0,1,1,10,0,12,0,314
17142.0,1,1,10,0,12,0,314
17143.0,1,1,10,0,12,0,314
17144.0,1,1,10,0,12,0,314
17145.0,1,1,10,0,12,0,314
17146.0,1,1,10,0,12,0,314
17147.0,1,1,10,0,12,0,314
17148.0,1,1,10,0,12,0,314
17149.0,1,1,10,0,12,0,314
17150.0,1,1,10,0,12,0,314
17151.0,1,1,10,0,12,0,314
17152.0,1,1,10,0,12,0,314
17153.0,1,1,10,0,12,0,314
17154.0,1,1,10,0,12,0,314
17155.0,1,1,10,0,12,0,314
17156.0,1,1,10,0,12,0,314
17157.0,1,1,10,0,12,0,314
17158.0,1,1,10,0,12,0,314
17159.0,1,1,10,0,12,0,314
17160.0,1,1,10,0,12,0,314
17161.0,1,1,10,0,12,0,314
17162.0,1,1,10,0,12,0,314
17163.0,1,1,10,0,12,0,314
17164.0,1,1,10,0,12,0,314
17165.0,1,1,10,0,12,0,314
17166.0,1,1,10,0,12,0,314
17167.0,1,1,10,0,12,0,314
17168.0,1,1,10,0,12,0,314
17169.0,1,1,10,0,12,0,314
17170.0,1,1,10,0,12,0,314
17171.0,1,1,10,0,12,0,314
17172.0,1,1,10,0,12,0,314
17173.0,1,1,10,0,12,0,314
17174.0,1,1,10,0,12,0,314
17175.0,1,1,10,0,12,0,314
17176.0,1,1,10,0,12,0,314
17177.0,1,1,10,0,12,0,314
17178.0,1,1,10,0,12,0,314
17179.0,1,1,10,0,12,0,314
17180.0,1,1,10,0,12,0,314
17181.0,1,1,10,0,12,0,314
17182.0,1,1,10,0,12,0,314
17183.0,1,1,10,0,12,0,314
17184.0,1,1,10,0,12,0,314
17185.0,1,1,10,0,12,0,314
17186.0,1,1,10,0,12,0,314
17187.0,1,1,10,0,12,0,314
17188.0,1,1,10,0,12,0,314
17189.0,1,1,10,0,12,0,314
17190.0,1,1,10,0,12,0,314
17191.0,1,1,10,0,12,0,314
17192.0,1,1,10,0,12,0,314
17193.0,1,1,10,0,12,0,314
17194.0,1,1,10,0,12,0,314
17195.0,1,1,10,0,12,0,314
17196.0,1,1,10,0,12,0,314
17197.0,1,1,10,0,12,0,314
17198.0,1,1,10,0,12,0,314
17199.0,1,1,10,0,12,0,314
17200.0,1,1,10,0,12,0,314
17201.0,1,1,10,0,12,0,314
17202.0,1,1,10,0,12,0,314
17203.0,1,1,10,0,12,0,314
17204.0,1,1,10,0,12,0,314
17205.0,1,1,10,0,12,0,314
17206.0,1,1,10,0,12,0,314
17207.0,1,1,10,0,12,0,314
17208.0,1,1,10,0,12,0,314
17209.0,1,1,10,0,12,0,314
17210.0,1,1,10,0,12,0,314
17211.0,1,1,10,0,12,0,314
17212.0,1,1,10,0,12,0,314
17213.0,1,1,10,0,12,0,314
17214.0,1,1,10,0,12,0,314
17215.0,1,1,10,0,12,0,314
17216.0,1,1,10,0,12,0,314
17217.0,1,1,10,0,12,0,314
17218.0,1,1,10,0,12,0,314
17219.0,1,1,10,0,12,0,314
17220.0,1,1,10,0,12,0,314
17221.0,1,1,10,0,12,0,314
17222.0,1,1,10,0,12,0,314
17223.0,1,1,10,0,12,0,314
17224.0,1,1,10,0,12,0,314
17225.0,1,1,10,0,12,0,314
17226.0,1,1,10,0,12,0,314
17227.0,1,1,10,0,12,0,314
17228.0,1,1,10,0,12,0,314
17229.0,1,1,10,0,12,0,314
17230.0,1,1,10,0,12,0,314
17231.0,1,1,10,0,12,0,314
17232.0,1,1,10,0,12,0,314
17233.0,1,1,10,0,12,0,314
17234.0,1,1,10,0,12,0,314
17235.0,1,1,10,0,12,0,314
17236.0,1,1,10,0,12,0,314
17237.0,1,1,10,0,12,0,314
17238.0,1,1,10,0,12,0,314
17239.0,1,1,10,0,12,0,314
17240.0,1,1,10,0,12,0,314
17241.0,1,1,10,0,12,0,314
17242.0,1,1,10,0,12,0,314
17243.0,1,1,10,0,12,0,314
17244.0,1,1,10,0,12,0,314
17245.0,1,1,10,0,12,0,314
17246.0,1,1,10,0,12,0,314
17247.0,1,1,10,0,12,0,314
17248.0,1,1,10,0,12,0,314
17249.0,1,1,10,0,12,0,314
17250.0,1,1,10,0,12,0,314
17251.0,1,1,10,0,12,0,314
17252.0,1,1,10,0,12,0,314
17253.0,1,1,10,0,12,0,314
17254.0,1,1,10,0,12,0,314
17255.0,1,1,10,0,12,0,314
17256.0,1,1,10,0,12,0,314
17257.0,1,1,10,0,12,0,314
17258.0,1,1,10,0,12,0,314
17259.0,1,1,10,0,12,0,314
17260.0,1,1,10,0,12,0,314
17261.0,1,1,10,0,12,0,314
17262.0,1,1,10,0,12,0,314
17263.0,1,1,10,0,12,0,314
17264.0,1,1,10,0,12,0,314
17265.0,1,1,10,0,12,0,314
17266.0,1,1,10,0,12,0,314
17267.0,1,1,10,0,12,0,314
17268.0,1,1,10,0,12,0,314
17269.0,1,1,10,0,12,0,314
17270.0,1,1,10,0,12,0,314
17271.0,1,1,10,0,12,0,314
17272.0,1,1,10,0,12,0,314
17273.0,1,1,10,0,12,0,314
17274.0,1,1,10,0,12,0,314
17275.0,1,1,10,0,12,0,314
17276.0,1,1,10,0,12,0,314
17277.0,1,1,10,0,12,0,314
17278.0,1,1,10,0,12,0,314
17279.0,1,1,10,0,12,0,314
17280.0,1,1,10,0,12,0,314
17281.0,1,1,10,0,12,0,314
17282.0,1,1,10,0,12,0,314
17283.0,1,1,10,0,12,0,314
17284.0,1,1,10,0,12,0,314
17285.0,1,1,10,0,12,0,314
17286.0,1,1,10,0,12,0,314
17287.0,1,1,10,0,12,0,314
17288.0,1,1,10,0,12,0,314
17289.0,1,1,10,0,12,0,314
17290.0,1,1,10,0,12,0,314
17291.0,1,1,10,0,12,0,314
17292.0,1,1,10,0,12,0,314
17293.0,1,1,10,0,12,0,314
17294.0,1,1,10,0,12,0,314
17295.0,1,1,10,0,12,0,314
17296.0,1,1,10,0,12,0,314
17297.0,1,1,10,0,12,0,314
17298.0,1,1,10,0,12,0,314
17299.0,1,1,10,0,12,0,314
17300.0,1,1,10,0,12,0,314
17301.0,1,1,10,0,12,0,314
17302.0,1,1,10,0,12,0,314
17303.0,1,1,10,0,12,0,314
17304.0,1,1,10,0,12,0,314
17305.0,1,1,10,0,12,0,314
17306.0,1,1,10,0,12,0,314
17307.0,1,1,10,0,12,0,314
17308.0,1,1,10,0,12,0,314
17309.0,1,1,10,0,12,0,314
17310.0,1,1,10,0,12,0,314
17311.0,1,1,10,0,12,0,314
17312.0,1,1,10,0,12,0,314
17313.0,1,1,10,0,12,0,314
17314.0,1,1,10,0,12,0,314
17315.0,1,1,10,0,12,0,314
17316.0,1,1,10,0,12,0,314
17317.0,1,1,10,0,12,0,314
17318.0,1,1,10,0,12,0,314
17319.0,1,1,10,0,12,0,314
17320.0,1,1,10,0,12,0,314
17321.0,1,1,10,0,12,0,314
17322.0,1,1,10,0,12,0,314
17323.0,1,1,10,0,12,0,314
17324.0,1,1,10,0,12,0,314
17325.0,1,1,10,0,12,0,314
17326.0,1,1,10,0,12,0,314
17327.0,1,1,10,0,12,0,314
17328.0,1,1,10,0,12,0,314
17329.0,1,1,10,0,12,0,314
17330.0,1,1,10,0,12,0,314
17331.0,1,1,10,0,12,0,314
17332.0,1,1,10,0,12,0,314
17333.0,1,1,10,0,12,0,314
17334.0,1,1,10,0,12,0,314
17335.0,1,1,10,0,12,0,314
17336.0,1,1,10,0,12,0,314
17337.0,1,1,10,0,12,0,314
17338.0,1,1,10,0,12,0,314
17339.0,1,1,10,0,12,0,314
17340.0,1,1,10,0,12,0,314
17341.0,1,1,10,0,12,0,314
17342.0,1,1,10,0,12,0,314
17343.0,1,1,10,0,12,0,314
17344.0,1,1,10,0,12,0,314
17345.0,1,1,10,0,12,0,314
17346.0,1,1,10,0,12,0,314
17347.0,1,1,10,0,12,0,314
17348.0,1,1,10,0,12,0,314
17349.0,1,1,10,0,12,0,314
17350.0,1,1,10,0,12,0,314
17351.0,1,1,10,0,12,0,314
17352.0,1,1,10,0,12,0,314
17353.0,1,1,10,0,12,0,314
17354.0,1,1,10,0,12,0,314
17355.0,1,1,10,0,12,0,314
17356.0,1,1,10,0,12,0,314
17357.0,1,1,10,0,12,0,314
17358.0,1,1,10,0,12,0,314
17359.0,1,1,10,0,12,0,314
17360.0,1,1,10,0,12,0,314
17361.0,1,1,10,0,12,0,314
17362.0,1,1,10,0,12,0,314
17363.0,1,1,10,0,12,0,314
17364.0,1,1,10,0,12,0,314
17365.0,1,1,10,0,12,0,314
17366.0,1,1,10,0,12,0,314
17367.0,1,1,10,0,12,0,314
17368.0,1,1,10,0,12,0,314
17369.0,1,1,10,0,12,0,314
17370.0,1,1,10,0,12,0,314
17371.0,1,1,10,0,12,0,314
17372.0,1,1,10,0,12,0,314
17373.0,1,1,10,0,12,0,314
17374.0,1,1,10,0,12,0,314
17375.0,1,1,10,0,12,0,314
17376.0,1,1,10,0,12,0,314
17377.0,1,1,10,0,12,0,314
17378.0,1,1,10,0,12,0,314
17379.0,1,1,10,0,12,0,314
17380.0,1,1,10,0,12,0,314
17381.0,1,1,10,0,12,0,314
17382.0,1,1,10,0,12,0,314
17383.0,1,1,10,0,12,0,314
17384.0,1,1,10,0,12,0,314
17385.0,1,1,10,0,12,0,314
17386.0,1,1,10,0,12,0,314
17387.0,1,1,10,0,12,0,314
17388.0,1,1,10,0,12,0,314
17389.0,1,1,10,0,12,0,314
17390.0,1,1,10,0,12,0,314
17391.0,1,1,10,0,12,0,314
17392.0,1,1,10,0,12,0,314
17393.0,1,1,10,0,12,0,314
17394.0,1,1,10,0,12,0,314
17395.0,1,1,10,0,12,0,314
17396.0,1,1,10,0,12,0,314
17397.0,1,1,10,0,12,0,314
17398.0,1,1,10,0,12,0,314
17399.0,1,1,10,0,12,0,314
17400.0,1,1,10,0,12,0,314
17401.0,1,1,10,0,12,0,314
17402.0,1,1,10,0,12,0,314
17403.0,1,1,10,0,12,0,314
17404.0,1,1,10,0,12,0,314
17405.0,1,1,10,0,12,0,314
17406.0,1,1,10,0,12,0,314
17407.0,1,1,10,0,12,0,314
17408.0,1,1,10,0,12,0,314
17409.0,1,1,10,0,12,0,314
17410.0,1,1,10,0,12,0,314
17411.0,1,1,10,0,12,0,314
17412.0,1,1,10,0,12,0,314
17413.0,1,1,10,0,12,0,314
17414.0,1,1,10,0,12,0,314
17415.0,1,1,10,0,12,0,314
17416.0,1,1,10,0,12,0,314
17417.0,1,1,10,0,12,0,314
17418.0,1,1,10,0,12,0,314
17419.0,1,1,10,0,12,0,314
17420.0,1,1,10,0,12,0,314
17421.0,1,1,10,0,12,0,314
17422.0,1,1,10,0,12,0,314
17423.0,1,1,10,0,12,0,314
17424.0,1,1,10,0,12,0,314
17425.0,1,1,10,0,12,0,314
17426.0,1,1,10,0,12,0,314
17427.0,1,1,10,0,12,0,314
17428.0,1,1,10,0,12,0,314
17429.0,1,1,10,0,12,0,314
17430.0,1,1,10,0,12,0,314
17431.0,1,1,10,0,12,0,314
17432.0,1,1,10,0,12,0,314
17433.0,1,1,10,0,12,0,314
17434.0,1,1,10,0,12,0,314
17435.0,1,1,10,0,12,0,314
17436.0,1,1,10,0,12,0,314
17437.0,1,1,10,0,12,0,314
17438.0,1,1,10,0,12,0,314
17439.0,1,1,10,0,12,0,314
17440.0,1,1,10,0,12,0,314
17441.0,1,1,10,0,12,0,314
17442.0,1,1,10,0,12,0,314
17443.0,1,1,10,0,12,0,314
17444.0,1,1,10,0,12,0,314
17445.0,1,1,10,0,12,0,314
17446.0,1,1,10,0,12,0,314
17447.0,1,1,10,0,12,0,314
17448.0,1,1,10,0,12,0,314
17449.0,1,1,10,0,12,0,314
17450.0,1,1,10,0,12,0,314
17451.0,1,1,10,0,12,0,314
17452.0,1,1,10,0,12,0,314
17453.0,1,1,10,0,12,0,314
17454.0,1,1,10,0,12,0,314
17455.0,1,1,10,0,12,0,314
17456.0,1,1,10,0,12,0,314
17457.0,1,1,10,0,12,0,314
17458.0,1,1,10,0,12,0,314
17459.0,1,1,10,0,12,0,314
17460.0,1,1,10,0,12,0,314
17461.0,1,1,10,0,12,0,314
17462.0,1,1,10,0,12,0,314
17463.0,1,1,10,0,12,0,314
17464.0,1,1,10,0,12,0,314
17465.0,1,1,10,0,12,0,314
17466.0,1,1,10,0,12,0,314
17467.0,1,1,10,0,12,0,314
17468.0,1,1,10,0,12,0,314
17469.0,1,1,10,0,12,0,314
17470.0,1,1,10,0,12,0,314
17471.0,1,1,10,0,12,0,314
17472.0,1,1,10,0,12,0,314
17473.0,1,1,10,0,12,0,314
17474.0,1,1,10,0,12,0,314
17475.0,1,1,10,0,12,0,314
17476.0,1,1,10,0,12,0,314
17477.0,1,1,10,0,12,0,314
17478.0,1,1,10,0,12,0,314
17479.0,1,1,10,0,12,0,314
17480.0,1,1,10,0,12,0,314
17481.0,1,1,10,0,12,0,314
17482.0,1,1,10,0,12,0,314
17483.0,1,1,10,0,12,0,314
17484.0,1,1,10,0,12,0,314
17485.0,1,1,10,0,12,0,314
17486.0,1,1,10,0,12,0,314
17487.0,1,1,10,0,12,0,314
17488.0,1,1,10,0,12,0,314
17489.0,1,1,10,0,12,0,314
17490.0,1,1,10,0,12,0,314
17491.0,1,1,10,0,12,0,314
17492.0,1,1,10,0,12,0,314
17493.0,1,1,10,0,12,0,314
17494.0,1,1,10,0,12,0,314
17495.0,1,1,10,0,12,0,314
17496.0,1,1,10,0,12,0,314
17497.0,1,1,10,0,12,0,314
17498.0,1,1,10,0,12,0,314
17499.0,1,1,10,0,12,0,314
17500.0,1,1,10,0,12,0,314
17501.0,1,1,10,0,12,0,314
17502.0,1,1,10,0,12,0,314
17503.0,1,1,10,0,12,0,314
17504.0,1,1,10,0,12,0,314
17505.0,1,1,10,0,12,0,314
17506.0,1,1,10,0,12,0,314
17507.0,1,1,10,0,12,0,314
17508.0,1,1,10,0,12,0,314
17509.0,1,1,10,0,12,0,314
17510.0,1,1,10,0,12,0,314
17511.0,1,1,10,0,12,0,314
17512.0,1,1,10,0,12,0,314
17513.0,1,1,10,0,12,0,314
17514.0,1,1,10,0,12,0,314
17515.0,1,1,10,0,12,0,314
17516.0,1,1,10,0,12,0,314
17517.0,1,1,10,0,12,0,314
17518.0,1,1,10,0,12,0,314
17519.0,1,1,10,0,12,0,314
17520.0,1,1,10,0,12,0,314
17521.0,1,1,10,0,12,0,314
17522.0,1,1,10,0,12,0,314
17523.0,1,1,10,0,12,0,314
17524.0,1,1,10,0,12,0,314
17525.0,1,1,10,0,12,0,314
17526.0,1,1,10,0,12,0,314
17527.0,1,1,10,0,12,0,314
17528.0,1,1,10,0,12,0,314
17529.0,1,1,10,0,12,0,314
17530.0,1,1,10,0,12,0,314
17531.0,1,1,10,0,12,0,314
17532.0,1,1,10,0,12,0,314
17533.0,1,1,10,0,12,0,314
17534.0,1,1,10,0,12,0,314
17535.0,1,1,10,0,12,0,314
17536.0,1,1,10,0,12,0,314
17537.0,1,1,10,0,12,0,314
17538.0,1,1,10,0,12,0,314
17539.0,1,1,10,0,12,0,314
17540.0,1,1,10,0,12,0,314
17541.0,1,1,10,0,12,0,314
17542.0,1,1,10,0,12,0,314
17543.0,1,1,10,0,12,0,314
17544.0,1,1,10,0,12,0,314
17545.0,1,1,10,0,12,0,314
17546.0,1,1,10,0,12,0,314
17547.0,1,1,10,0,12,0,314
17548.0,1,1,10,0,12,0,314
17549.0,1,1,10,0,12,0,314
17550.0,1,1,10,0,12,0,314
17551.0,1,1,10,0,12,0,314
17552.0,1,1,10,0,12,0,314
17553.0,1,1,10,0,12,0,314
17554.0,1,1,10,0,12,0,314
17555.0,1,1,10,0,12,0,314
17556.0,1,1,10,0,12,0,314
17557.0,1,1,10,0,12,0,314
17558.0,1,1,10,0,12,0,314
17559.0,1,1,10,0,12,0,314
17560.0,1,1,10,0,12,0,314
17561.0,1,1,10,0,12,0,314
17562.0,1,1,10,0,12,0,314
17563.0,1,1,10,0,12,0,314
17564.0,1,1,10,0,12,0,314
17565.0,1,1,10,0,12,0,314
17566.0,1,1,10,0,12,0,314
17567.0,1,1,10,0,12,0,314
17568.0,1,1,10,0,12,0,314
17569.0,1,1,10,0,12,0,314
17570.0,1,1,10,0,12,0,314
17571.0,1,1,10,0,12,0,314
17572.0,1,1,10,0,12,0,314
17573.0,1,1,10,0,12,0,314
17574.0,1,1,10,0,12,0,314
17575.0,1,1,10,0,12,0,314
17576.0,1,1,10,0,12,0,314
17577.0,1,1,10,0,12,0,314
17578.0,1,1,10,0,12,0,314
17579.0,1,1,10,0,12,0,314
17580.0,1,1,10,0,12,0,314
17581.0,1,1,10,0,12,0,314
17582.0,1,1,10,0,12,0,314
17583.0,1,1,10,0,12,0,314
17584.0,1,1,10,0,12,0,314
17585.0,1,1,10,0,12,0,314
17586.0,1,1,10,0,12,0,314
17587.0,1,1,10,0,12,0,314
17588.0,1,1,10,0,12,0,314
17589.0,1,1,10,0,12,0,314
17590.0,1,1,10,0,12,0,314
17591.0,1,1,10,0,12,0,314
17592.0,1,1,10,0,12,0,314
17593.0,1,1,10,0,12,0,314
17594.0,1,1,10,0,12,0,314
17595.0,1,1,10,0,12,0,314
17596.0,1,1,10,0,12,0,314
17597.0,1,1,10,0,12,0,314
17598.0,1,1,10,0,12,0,314
17599.0,1,1,10,0,12,0,314
17600.0,1,1,10,0,12,0,314
17601.0,1,1,10,0,12,0,314
17602.0,1,1,10,0,12,0,314
17603.0,1,1,10,0,12,0,314
17604.0,1,1,10,0,12,0,314
17605.0,1,1,10,0,12,0,314
17606.0,1,1,10,0,12,0,314
17607.0,1,1,10,0,12,0,314
17608.0,1,1,10,0,12,0,314
17609.0,1,1,10,0,12,0,314
17610.0,1,1,10,0,12,0,314
17611.0,1,1,10,0,12,0,314
17612.0,1,1,10,0,12,0,314
17613.0,1,1,10,0,12,0,314
17614.0,1,1,10,0,12,0,314
17615.0,1,1,10,0,12,0,314
17616.0,1,1,10,0,12,0,314
17617.0,1,1,10,0,12,0,314
17618.0,1,1,10,0,12,0,314
17619.0,1,1,10,0,12,0,314
17620.0,1,1,10,0,12,0,314
17621.0,1,1,10,0,12,0,314
17622.0,1,1,10,0,12,0,314
17623.0,1,1,10,0,12,0,314
17624.0,1,1,10,0,12,0,314
17625.0,1,1,10,0,12,0,314
17626.0,1,1,10,0,12,0,314
17627.0,1,1,10,0,12,0,314
17628.0,1,1,10,0,12,0,314
17629.0,1,1,10,0,12,0,314
17630.0,1,1,10,0,12,0,314
17631.0,1,1,10,0,12,0,314
17632.0,1,1,10,0,12,0,314
17633.0,1,1,10,0,12,0,314
17634.0,1,1,10,0,12,0,314
17635.0,1,1,10,0,12,0,314
17636.0,1,1,10,0,12,0,314
17637.0,1,1,10,0,12,0,314
17638.0,1,1,10,0,12,0,314
17639.0,1,1,10,0,12,0,314
17640.0,1,1,10,0,12,0,314
17641.0,1,1,10,0,12,0,314
17642.0,1,1,10,0,12,0,314
17643.0,1,1,10,0,12,0,314
17644.0,1,1,10,0,12,0,314
17645.0,1,1,10,0,12,0,314
17646.0,1,1,10,0,12,0,314
17647.0,1,1,10,0,12,0,314
17648.0,1,1,10,0,12,0,314
17649.0,1,1,10,0,12,0,314
17650.0,1,1,10,0,12,0,314
17651.0,1,1,10,0,12,0,314
17652.0,1,1,10,0,12,0,314
17653.0,1,1,10,0,12,0,314
17654.0,1,1,10,0,12,0,314
17655.0,1,1,10,0,12,0,314
17656.0,1,1,10,0,12,0,314
17657.0,1,1,10,0,12,0,314
17658.0,1,1,10,0,12,0,314
17659.0,1,1,10,0,12,0,314
17660.0,1,1,10,0,12,0,314
17661.0,1,1,10,0,12,0,314
17662.0,1,1,10,0,12,0,314
17663.0,1,1,10,0,12,0,314
17664.0,1,1,10,0,12,0,314
17665.0,1,1,10,0,12,0,314
17666.0,1,1,10,0,12,0,314
17667.0,1,1,10,0,12,0,314
17668.0,1,1,10,0,12,0,314
17669.0,1,1,10,0,12,0,314
17670.0,1,1,10,0,12,0,314
17671.0,1,1,10,0,12,0,314
17672.0,1,1,10,0,12,0,314
17673.0,1,1,10,0,12,0,314
17674.0,1,1,10,0,12,0,314
17675.0,1,1,10,0,12,0,314
17676.0,1,1,10,0,12,0,314
17677.0,1,1,10,0,12,0,314
17678.0,1,1,10,0,12,0,314
17679.0,1,1,10,0,12,0,314
17680.0,1,1,10,0,12,0,314
17681.0,1,1,10,0,12,0,314
17682.0,1,1,10,0,12,0,314
17683.0,1,1,10,0,12,0,314
17684.0,1,1,10,0,12,0,314
17685.0,1,1,10,0,12,0,314
17686.0,1,1,10,0,12,0,314
17687.0,1,1,10,0,12,0,314
17688.0,1,1,10,0,12,0,314
17689.0,1,1,10,0,12,0,314
17690.0,1,1,10,0,12,0,314
17691.0,1,1,10,0,12,0,314
17692.0,1,1,10,0,12,0,314
17693.0,1,1,10,0,12,0,314
17694.0,1,1,10,0,12,0,314
17695.0,1,1,10,0,12,0,314
17696.0,1,1,10,0,12,0,314
17697.0,1,1,10,0,12,0,314
17698.0,1,1,10,0,12,0,314
17699.0,1,1,10,0,12,0,314
17700.0,1,1,10,0,12,0,314
17701.0,1,1,10,0,12,0,314
17702.0,1,1,10,0,12,0,314
17703.0,1,1,10,0,12,0,314
17704.0,1,1,10,0,12,0,314
17705.0,1,1,10,0,12,0,314
17706.0,1,1,10,0,12,0,314
17707.0,1,1,10,0,12,0,314
17708.0,1,1,10,0,12,0,314
17709.0,1,1,10,0,12,0,314
17710.0,1,1,10,0,12,0,314
17711.0,1,1,10,0,12,0,314
17712.0,1,1,10,0,12,0,314
17713.0,1,1,10,0,12,0,314
17714.0,1,1,10,0,12,0,314
17715.0,1,1,10,0,12,0,314
17716.0,1,1,10,0,12,0,314
17717.0,1,1,10,0,12,0,314
17718.0,1,1,10,0,12,0,314
17719.0,1,1,10,0,12,0,314
17720.0,1,1,10,0,12,0,314
17721.0,1,1,10,0,12,0,314
17722.0,1,1,10,0,12,0,314
17723.0,1,1,10,0,12,0,314
17724.0,1,1,10,0,12,0,314
17725.0,1,1,10,0,12,0,314
17726.0,1,1,10,0,12,0,314
17727.0,1,1,10,0,12,0,314
17728.0,1,1,10,0,12,0,314
17729.0,1,1,10,0,12,0,314
17730.0,1,1,10,0,12,0,314
17731.0,1,1,10,0,12,0,314
17732.0,1,1,10,0,12,0,314
17733.0,1,1,10,0,12,0,314
17734.0,1,1,10,0,12,0,314
17735.0,1,1,10,0,12,0,314
17736.0,1,1,10,0,12,0,314
17737.0,1,1,10,0,12,0,314
17738.0,1,1,10,0,12,0,314
17739.0,1,1,10,0,12,0,314
17740.0,1,1,10,0,12,0,314
17741.0,1,1,10,0,12,0,314
17742.0,1,1,10,0,12,0,314
17743.0,1,1,10,0,12,0,314
17744.0,1,1,10,0,12,0,314
17745.0,1,1,10,0,12,0,314
17746.0,1,1,10,0,12,0,314
17747.0,1,1,10,0,12,0,314
17748.0,1,1,10,0,12,0,314
17749.0,1,1,10,0,12,0,314
17750.0,1,1,10,0,12,0,314
17751.0,1,1,10,0,12,0,314
17752.0,1,1,10,0,12,0,314
17753.0,1,1,10,0,12,0,314
17754.0,1,1,10,0,12,0,314
17755.0,1,1,10,0,12,0,314
17756.0,1,1,10,0,12,0,314
17757.0,1,1,10,0,12,0,314
17758.0,1,1,10,0,12,0,314
17759.0,1,1,10,0,12,0,314
17760.0,1,1,10,0,12,0,314
17761.0,1,1,10,0,12,0,314
17762.0,1,1,10,0,12,0,314
17763.0,1,1,10,0,12,0,314
17764.0,1,1,10,0,12,0,314
17765.0,1,1,10,0,12,0,314
17766.0,1,1,10,0,12,0,314
17767.0,1,1,10,0,12,0,314
17768.0,1,1,10,0,12,0,314
17769.0,1,1,10,0,12,0,314
17770.0,1,1,10,0,12,0,314
17771.0,1,1,10,0,12,0,314
17772.0,1,1,10,0,12,0,314
17773.0,1,1,10,0,12,0,314
17774.0,1,1,10,0,12,0,314
17775.0,1,1,10,0,12,0,314
17776.0,1,1,10,0,12,0,314
17777.0,1,1,10,0,12,0,314
17778.0,1,1,10,0,12,0,314
17779.0,1,1,10,0,12,0,314
17780.0,1,1,10,0,12,0,314
17781.0,1,1,10,0,12,0,314
17782.0,1,1,10,0,12,0,314
17783.0,1,1,10,0,12,0,314
17784.0,1,1,10,0,12,0,314
17785.0,1,1,10,0,12,0,314
17786.0,1,1,10,0,12,0,314
17787.0,1,1,10,0,12,0,314
17788.0,1,1,10,0,12,0,314
17789.0,1,1,10,0,12,0,314
17790.0,1,1,10,0,12,0,314
17791.0,1,1,10,0,12,0,314
17792.0,1,1,10,0,12,0,314
17793.0,1,1,10,0,12,0,314
17794.0,1,1,10,0,12,0,314
17795.0,1,1,10,0,12,0,314
17796.0,1,1,10,0,12,0,314
17797.0,1,1,10,0,12,0,314
17798.0,1,1,10,0,12,0,314
17799.0,1,1,10,0,12,0,314
17800.0,1,1,10,0,12,0,314
17801.0,1,1,10,0,12,0,314
17802.0,1,1,10,0,12,0,314
17803.0,1,1,10,0,12,0,314
17804.0,1,1,10,0,12,0,314
17805.0,1,1,10,0,12,0,314
17806.0,1,1,10,0,12,0,314
17807.0,1,1,10,0,12,0,314
17808.0,1,1,10,0,12,0,314
17809.0,1,1,10,0,12,0,314
17810.0,1,1,10,0,12,0,314
17811.0,1,1,10,0,12,0,314
17812.0,1,1,10,0,12,0,314
17813.0,1,1,10,0,12,0,314
17814.0,1,1,10,0,12,0,314
17815.0,1,1,10,0,12,0,314
17816.0,1,1,10,0,12,0,314
17817.0,1,1,10,0,12,0,314
17818.0,1,1,10,0,12,0,314
17819.0,1,1,10,0,12,0,314
17820.0,1,1,10,0,12,0,314
17821.0,1,1,10,0,12,0,314
17822.0,1,1,10,0,12,0,314
17823.0,1,1,10,0,12,0,314
17824.0,1,1,10,0,12,0,314
17825.0,1,1,10,0,12,0,314
17826.0,1,1,10,0,12,0,314
17827.0,1,1,10,0,12,0,314
17828.0,1,1,10,0,12,0,314
17829.0,1,1,10,0,12,0,314
17830.0,1,1,10,0,12,0,314
17831.0,1,1,10,0,12,0,314
17832.0,1,1,10,0,12,0,314
17833.0,1,1,10,0,12,0,314
17834.0,1,1,10,0,12,0,314
17835.0,1,1,10,0,12,0,314
17836.0,1,1,10,0,12,0,314
17837.0,1,1,10,0,12,0,314
17838.0,1,1,10,0,12,0,314
17839.0,1,1,10,0,12,0,314
17840.0,1,1,10,0,12,0,314
17841.0,1,1,10,0,12,0,314
17842.0,1,1,10,0,12,0,314
17843.0,1,1,10,0,12,0,314
17844.0,1,1,10,0,12,0,314
17845.0,1,1,10,0,12,0,314
17846.0,1,1,10,0,12,0,314
17847.0,1,1,10,0,12,0,314
17848.0,1,1,10,0,12,0,314
17849.0,1,1,10,0,12,0,314
17850.0,1,1,10,0,12,0,314
17851.0,1,1,10,0,12,0,314
17852.0,1,1,10,0,12,0,314
17853.0,1,1,10,0,12,0,314
17854.0,1,1,10,0,12,0,314
17855.0,1,1,10,0,12,0,314
17856.0,1,1,10,0,12,0,314
17857.0,1,1,10,0,12,0,314
17858.0,1,1,10,0,12,0,314
17859.0,1,1,10,0,12,0,314
17860.0,1,1,10,0,12,0,314
17861.0,1,1,10,0,12,0,314
17862.0,1,1,10,0,12,0,314
17863.0,1,1,10,0,12,0,314
17864.0,1,1,10,0,12,0,314
17865.0,1,1,10,0,12,0,314
17866.0,1,1,10,0,12,0,314
17867.0,1,1,10,0,12,0,314
17868.0,1,1,10,0,12,0,314
17869.0,1,1,10,0,12,0,314
17870.0,1,1,10,0,12,0,314
17871.0,1,1,10,0,12,0,314
17872.0,1,1,10,0,12,0,314
17873.0,1,1,10,0,12,0,314
17874.0,1,1,10,0,12,0,314
17875.0,1,1,10,0,12,0,314
17876.0,1,1,10,0,12,0,314
17877.0,1,1,10,0,12,0,314
17878.0,1,1,10,0,12,0,314
17879.0,1,1,10,0,12,0,314
17880.0,1,1,10,0,12,0,314
17881.0,1,1,10,0,12,0,314
17882.0,1,1,10,0,12,0,314
17883.0,1,1,10,0,12,0,314
17884.0,1,1,10,0,12,0,314
17885.0,1,1,10,0,12,0,314
17886.0,1,1,10,0,12,0,314
17887.0,1,1,10,0,12,0,314
17888.0,1,1,10,0,12,0,314
17889.0,1,1,10,0,12,0,314
17890.0,1,1,10,0,12,0,314
17891.0,1,1,10,0,12,0,314
17892.0,1,1,10,0,12,0,314
17893.0,1,1,10,0,12,0,314
17894.0,1,1,10,0,12,0,314
17895.0,1,1,10,0,12,0,314
17896.0,1,1,10,0,12,0,314
17897.0,1,1,10,0,12,0,314
17898.0,1,1,10,0,12,0,314
17899.0,1,1,10,0,12,0,314
17900.0,1,1,10,0,12,0,314
17901.0,1,1,10,0,12,0,314
17902.0,1,1,10,0,12,0,314
17903.0,1,1,10,0,12,0,314
17904.0,1,1,10,0,12,0,314
17905.0,1,1,10,0,12,0,314
17906.0,1,1,10,0,12,0,314
17907.0,1,1,10,0,12,0,314
17908.0,1,1,10,0,12,0,314
17909.0,1,1,10,0,12,0,314
17910.0,1,1,10,0,12,0,314
17911.0,1,1,10,0,12,0,314
17912.0,1,1,10,0,12,0,314
17913.0,1,1,10,0,12,0,314
17914.0,1,1,10,0,12,0,314
17915.0,1,1,10,0,12,0,314
17916.0,1,1,10,0,12,0,314
17917.0,1,1,10,0,12,0,314
17918.0,1,1,10,0,12,0,314
17919.0,1,1,10,0,12,0,314
17920.0,1,1,10,0,12,0,314
17921.0,1,1,10,0,12,0,314
17922.0,1,1,10,0,12,0,314
17923.0,1,1,10,0,12,0,314
17924.0,1,1,10,0,12,0,314
17925.0,1,1,10,0,12,0,314
17926.0,1,1,10,0,12,0,314
17927.0,1,1,10,0,12,0,314
17928.0,1,1,10,0,12,0,314
17929.0,1,1,10,0,12,0,314
17930.0,1,1,10,0,12,0,314
17931.0,1,1,10,0,12,0,314
17932.0,1,1,10,0,12,0,314
17933.0,1,1,10,0,12,0,314
17934.0,1,1,10,0,12,0,314
17935.0,1,1,10,0,12,0,314
17936.0,1,1,10,0,12,0,314
17937.0,1,1,10,0,12,0,314
17938.0,1,1,10,0,12,0,314
17939.0,1,1,10,0,12,0,314
17940.0,1,1,10,0,12,0,314
17941.0,1,1,10,0,12,0,314
17942.0,1,1,10,0,12,0,314
17943.0,1,1,10,0,12,0,314
17944.0,1,1,10,0,12,0,314
17945.0,1,1,10,0,12,0,314
17946.0,1,1,10,0,12,0,314
17947.0,1,1,10,0,12,0,314
17948.0,1,1,10,0,12,0,314
17949.0,1,1,10,0,12,0,314
17950.0,1,1,10,0,12,0,314
17951.0,1,1,10,0,12,0,314
17952.0,1,1,10,0,12,0,314
17953.0,1,1,10,0,12,0,314
17954.0,1,1,10,0,12,0,314
17955.0,1,1,10,0,12,0,314
17956.0,1,1,10,0,12,0,314
17957.0,1,1,10,0,12,0,314
17958.0,1,1,10,0,12,0,314
17959.0,1,1,10,0,12,0,314
17960.0,1,1,10,0,12,0,314
17961.0,1,1,10,0,12,0,314
17962.0,1,1,10,0,12,0,314
17963.0,1,1,10,0,12,0,314
17964.0,1,1,10,0,12,0,314
17965.0,1,1,10,0,12,0,314
17966.0,1,1,10,0,12,0,314
17967.0,1,1,10,0,12,0,314
17968.0,1,1,10,0,12,0,314
17969.0,1,1,10,0,12,0,314
17970.0,1,1,10,0,12,0,314
17971.0,1,1,10,0,12,0,314
17972.0,1,1,10,0,12,0,314
17973.0,1,1,10,0,12,0,314
17974.0,1,1,10,0,12,0,314
17975.0,1,1,10,0,12,0,314
17976.0,1,1,10,0,12,0,314
17977.0,1,1,10,0,12,0,314
17978.0,1,1,10,0,12,0,314
17979.0,1,1,10,0,12,0,314
17980.0,1,1,10,0,12,0,314
17981.0,1,1,10,0,12,0,314
17982.0,1,1,10,0,12,0,314
17983.0,1,1,10,0,12,0,314
17984.0,1,1,10,0,12,0,314
17985.0,1,1,10,0,12,0,314
17986.0,1,1,10,0,12,0,314
17987.0,1,1,10,0,12,0,314
17988.0,1,1,10,0,12,0,314
17989.0,1,1,10,0,12,0,314
17990.0,1,1,10,0,12,0,314
17991.0,1,1,10,0,12,0,314
17992.0,1,1,10,0,12,0,314
17993.0,1,1,10,0,12,0,314
17994.0,1,1,10,0,12,0,314
17995.0,1,1,10,0,12,0,314
17996.0,1,1,10,0,12,0,314
17997.0,1,1,10,0,12,0,314
17998.0,1,1,10,0,12,0,314
17999.0,1,1,10,0,12,0,314
18000.0,1,1,10,0,12,0,314
18001.0,1,1,10,0,12,0,314
18002.0,1,1,10,0,12,0,314
18003.0,1,1,10,0,12,0,314
18004.0,1,1,10,0,12,0,314
18005.0,1,1,10,0,12,0,314
18006.0,1,1,10,0,12,0,314
18007.0,1,1,10,0,12,0,314
18008.0,1,1,10,0,12,0,314
18009.0,1,1,10,0,12,0,314
18010.0,1,1,10,0,12,0,314
18011.0,1,1,10,0,12,0,314
18012.0,1,1,10,0,12,0,314
18013.0,1,1,10,0,12,0,314
18014.0,1,1,10,0,12,0,314
18015.0,1,1,10,0,12,0,314
18016.0,1,1,10,0,12,0,314
18017.0,1,1,10,0,12,0,314
18018.0,1,1,10,0,12,0,314
18019.0,1,1,10,0,12,0,314
18020.0,1,1,10,0,12,0,314
18021.0,1,1,10,0,12,0,314
18022.0,1,1,10,0,12,0,314
18023.0,1,1,10,0,12,0,314
18024.0,1,1,10,0,12,0,314
18025.0,1,1,10,0,12,0,314
18026.0,1,1,10,0,12,0,314
18027.0,1,1,10,0,12,0,314
18028.0,1,1,10,0,12,0,314
18029.0,1,1,10,0,12,0,314
18030.0,1,1,10,0,12,0,314
18031.0,1,1,10,0,12,0,314
18032.0,1,1,10,0,12,0,314
18033.0,1,1,10,0,12,0,314
18034.0,1,1,10,0,12,0,314
18035.0,1,1,10,0,12,0,314
18036.0,1,1,10,0,12,0,314
18037.0,1,1,10,0,12,0,314
18038.0,1,1,10,0,12,0,314
18039.0,1,1,10,0,12,0,314
18040.0,1,1,10,0,12,0,314
18041.0,1,1,10,0,12,0,314
18042.0,1,1,10,0,12,0,314
18043.0,1,1,10,0,12,0,314
18044.0,1,1,10,0,12,0,314
18045.0,1,1,10,0,12,0,314
18046.0,1,1,10,0,12,0,314
18047.0,1,1,10,0,12,0,314
18048.0,1,1,10,0,12,0,314
18049.0,1,1,10,0,12,0,314
18050.0,1,1,10,0,12,0,314
18051.0,1,1,10,0,12,0,314
18052.0,1,1,10,0,12,0,314
18053.0,1,1,10,0,12,0,314
18054.0,1,1,10,0,12,0,314
18055.0,1,1,10,0,12,0,314
18056.0,1,1,10,0,12,0,314
18057.0,1,1,10,0,12,0,314
18058.0,1,1,10,0,12,0,314
18059.0,1,1,10,0,12,0,314
18060.0,1,1,10,0,12,0,314
18061.0,1,1,10,0,12,0,314
18062.0,1,1,10,0,12,0,314
18063.0,1,1,10,0,12,0,314
18064.0,1,1,10,0,12,0,314
18065.0,1,1,10,0,12,0,314
18066.0,1,1,10,0,12,0,314
18067.0,1,1,10,0,12,0,314
18068.0,1,1,10,0,12,0,314
18069.0,1,1,10,0,12,0,314
18070.0,1,1,10,0,12,0,314
18071.0,1,1,10,0,12,0,314
18072.0,1,1,10,0,12,0,314
18073.0,1,1,10,0,12,0,314
18074.0,1,1,10,0,12,0,314
18075.0,1,1,10,0,12,0,314
18076.0,1,1,10,0,12,0,314
18077.0,1,1,10,0,12,0,314
18078.0,1,1,10,0,12,0,314
18079.0,1,1,10,0,12,0,314
18080.0,1,1,10,0,12,0,314
18081.0,1,1,10,0,12,0,314
18082.0,1,1,10,0,12,0,314
18083.0,1,1,10,0,12,0,314
18084.0,1,1,10,0,12,0,314
18085.0,1,1,10,0,12,0,314
18086.0,1,1,10,0,12,0,314
18087.0,1,1,10,0,12,0,314
18088.0,1,1,10,0,12,0,314
18089.0,1,1,10,0,12,0,314
18090.0,1,1,10,0,12,0,314
18091.0,1,1,10,0,12,0,314
18092.0,1,1,10,0,12,0,314
18093.0,1,1,10,0,12,0,314
18094.0,1,1,10,0,12,0,314
18095.0,1,1,10,0,12,0,314
18096.0,1,1,10,0,12,0,314
18097.0,1,1,10,0,12,0,314
18098.0,1,1,10,0,12,0,314
18099.0,1,1,10,0,12,0,314
18100.0,1,1,10,0,12,0,314
18101.0,1,1,10,0,12,0,314
18102.0,1,1,10,0,12,0,314
18103.0,1,1,10,0,12,0,314
18104.0,1,1,10,0,12,0,314
18105.0,1,1,10,0,12,0,314
18106.0,1,1,10,0,12,0,314
18107.0,1,1,10,0,12,0,314
18108.0,1,1,10,0,12,0,314
18109.0,1,1,10,0,12,0,314
18110.0,1,1,10,0,12,0,314
18111.0,1,1,10,0,12,0,314
18112.0,1,1,10,0,12,0,314
18113.0,1,1,10,0,12,0,314
18114.0,1,1,10,0,12,0,314
18115.0,1,1,10,0,12,0,314
18116.0,1,1,10,0,12,0,314
18117.0,1,1,10,0,12,0,314
18118.0,1,1,10,0,12,0,314
18119.0,1,1,10,0,12,0,314
18120.0,1,1,10,0,12,0,314
18121.0,1,1,10,0,12,0,314
18122.0,1,1,10,0,12,0,314
18123.0,1,1,10,0,12,0,314
18124.0,1,1,10,0,12,0,314
18125.0,1,1,10,0,12,0,314
18126.0,1,1,10,0,12,0,314
18127.0,1,1,10,0,12,0,314
18128.0,1,1,10,0,12,0,314
18129.0,1,1,10,0,12,0,314
18130.0,1,1,10,0,12,0,314
18131.0,1,1,10,0,12,0,314
18132.0,1,1,10,0,12,0,314
18133.0,1,1,10,0,12,0,314
18134.0,1,1,10,0,12,0,314
18135.0,1,1,10,0,12,0,314
18136.0,1,1,10,0,12,0,314
18137.0,1,1,10,0,12,0,314
18138.0,1,1,10,0,12,0,314
18139.0,1,1,10,0,12,0,314
18140.0,1,1,10,0,12,0,314
18141.0,1,1,10,0,12,0,314
18142.0,1,1,10,0,12,0,314
18143.0,1,1,10,0,12,0,314
18144.0,1,1,10,0,12,0,314
18145.0,1,1,10,0,12,0,314
18146.0,1,1,10,0,12,0,314
18147.0,1,1,10,0,12,0,314
18148.0,1,1,10,0,12,0,314
18149.0,1,1,10,0,12,0,314
18150.0,1,1,10,0,12,0,314
18151.0,1,1,10,0,12,0,314
18152.0,1,1,10,0,12,0,314
18153.0,1,1,10,0,12,0,314
18154.0,1,1,10,0,12,0,314
18155.0,1,1,10,0,12,0,314
18156.0,1,1,10,0,12,0,314
18157.0,1,1,10,0,12,0,314
18158.0,1,1,10,0,12,0,314
18159.0,1,1,10,0,12,0,314
18160.0,1,1,10,0,12,0,314
18161.0,1,1,10,0,12,0,314
18162.0,1,1,10,0,12,0,314
18163.0,1,1,10,0,12,0,314
18164.0,1,1,10,0,12,0,314
18165.0,1,1,10,0,12,0,314
18166.0,1,1,10,0,12,0,314
18167.0,1,1,10,0,12,0,314
18168.0,1,1,10,0,12,0,314
18169.0,1,1,10,0,12,0,314
18170.0,1,1,10,0,12,0,314
18171.0,1,1,10,0,12,0,314
18172.0,1,1,10,0,12,0,314
18173.0,1,1,10,0,12,0,314
18174.0,1,1,10,0,12,0,314
18175.0,1,1,10,0,12,0,314
18176.0,1,1,10,0,12,0,314
18177.0,1,1,10,0,12,0,314
18178.0,1,1,10,0,12,0,314
18179.0,1,1,10,0,12,0,314
18180.0,1,1,10,0,12,0,314
18181.0,1,1,10,0,12,0,314
18182.0,1,1,10,0,12,0,314
18183.0,1,1,10,0,12,0,314
18184.0,1,1,10,0,12,0,314
18185.0,1,1,10,0,12,0,314
18186.0,1,1,10,0,12,0,314
18187.0,1,1,10,0,12,0,314
18188.0,1,1,10,0,12,0,314
18189.0,1,1,10,0,12,0,314
18190.0,1,1,10,0,12,0,314
18191.0,1,1,10,0,12,0,314
18192.0,1,1,10,0,12,0,314
18193.0,1,1,10,0,12,0,314
18194.0,1,1,10,0,12,0,314
18195.0,1,1,10,0,12,0,314
18196.0,1,1,10,0,12,0,314
18197.0,1,1,10,0,12,0,314
18198.0,1,1,10,0,12,0,314
18199.0,1,1,10,0,12,0,314
18200.0,1,1,10,0,12,0,314
18201.0,1,1,10,0,12,0,314
18202.0,1,1,10,0,12,0,314
18203.0,1,1,10,0,12,0,314
18204.0,1,1,10,0,12,0,314
18205.0,1,1,10,0,12,0,314
18206.0,1,1,10,0,12,0,314
18207.0,1,1,10,0,12,0,314
18208.0,1,1,10,0,12,0,314
18209.0,1,1,10,0,12,0,314
18210.0,1,1,10,0,12,0,314
18211.0,1,1,10,0,12,0,314
18212.0,1,1,10,0,12,0,314
18213.0,1,1,10,0,12,0,314
18214.0,1,1,10,0,12,0,314
18215.0,1,1,10,0,12,0,314
18216.0,1,1,10,0,12,0,314
18217.0,1,1,10,0,12,0,314
18218.0,1,1,10,0,12,0,314
18219.0,1,1,10,0,12,0,314
18220.0,1,1,10,0,12,0,314
18221.0,1,1,10,0,12,0,314
18222.0,1,1,10,0,12,0,314
18223.0,1,1,10,0,12,0,314
18224.0,1,1,10,0,12,0,314
18225.0,1,1,10,0,12,0,314
18226.0,1,1,10,0,12,0,314
18227.0,1,1,10,0,12,0,314
18228.0,1,1,10,0,12,0,314
18229.0,1,1,10,0,12,0,314
18230.0,1,1,10,0,12,0,314
18231.0,1,1,10,0,12,0,314
18232.0,1,1,10,0,12,0,314
18233.0,1,1,10,0,12,0,314
18234.0,1,1,10,0,12,0,314
18235.0,1,1,10,0,12,0,314
18236.0,1,1,10,0,12,0,314
18237.0,1,1,10,0,12,0,314
18238.0,1,1,10,0,12,0,314
18239.0,1,1,10,0,12,0,314
18240.0,1,1,10,0,12,0,314
18241.0,1,1,10,0,12,0,314
18242.0,1,1,10,0,12,0,314
18243.0,1,1,10,0,12,0,314
18244.0,1,1,10,0,12,0,314
18245.0,1,1,10,0,12,0,314
18246.0,1,1,10,0,12,0,314
18247.0,1,1,10,0,12,0,314
18248.0,1,1,10,0,12,0,314
18249.0,1,1,10,0,12,0,314
18250.0,1,1,10,0,12,0,314
18251.0,1,1,10,0,12,0,314
18252.0,1,1,10,0,12,0,314
18253.0,1,1,10,0,12,0,314
18254.0,1,1,10,0,12,0,314
18255.0,1,1,10,0,12,0,314
18256.0,1,1,10,0,12,0,314
18257.0,1,1,10,0,12,0,314
18258.0,1,1,10,0,12,0,314
18259.0,1,1,10,0,12,0,314
18260.0,1,1,10,0,12,0,314
18261.0,1,1,10,0,12,0,314
18262.0,1,1,10,0,12,0,314
18263.0,1,1,10,0,12,0,314
18264.0,1,1,10,0,12,0,314
18265.0,1,1,10,0,12,0,314
18266.0,1,1,10,0,12,0,314
18267.0,1,1,10,0,12,0,314
18268.0,1,1,10,0,12,0,314
18269.0,1,1,10,0,12,0,314
18270.0,1,1,10,0,12,0,314
18271.0,1,1,10,0,12,0,314
18272.0,1,1,10,0,12,0,314
18273.0,1,1,10,0,12,0,314
18274.0,1,1,10,0,12,0,314
18275.0,1,1,10,0,12,0,314
18276.0,1,1,10,0,12,0,314
18277.0,1,1,10,0,12,0,314
18278.0,1,1,10,0,12,0,314
18279.0,1,1,10,0,12,0,314
18280.0,1,1,10,0,12,0,314
18281.0,1,1,10,0,12,0,314
18282.0,1,1,10,0,12,0,314
18283.0,1,1,10,0,12,0,314
18284.0,1,1,10,0,12,0,314
18285.0,1,1,10,0,12,0,314
18286.0,1,1,10,0,12,0,314
18287.0,1,1,10,0,12,0,314
18288.0,1,1,10,0,12,0,314
18289.0,1,1,10,0,12,0,314
18290.0,1,1,10,0,12,0,314
18291.0,1,1,10,0,12,0,314
18292.0,1,1,10,0,12,0,314
18293.0,1,1,10,0,12,0,314
18294.0,1,1,10,0,12,0,314
18295.0,1,1,10,0,12,0,314
18296.0,1,1,10,0,12,0,314
18297.0,1,1,10,0,12,0,314
18298.0,1,1,10,0,12,0,314
18299.0,1,1,10,0,12,0,314
18300.0,1,1,10,0,12,0,314
18301.0,1,1,10,0,12,0,314
18302.0,1,1,10,0,12,0,314
18303.0,1,1,10,0,12,0,314
18304.0,1,1,10,0,12,0,314
18305.0,1,1,10,0,12,0,314
18306.0,1,1,10,0,12,0,314
18307.0,1,1,10,0,12,0,314
18308.0,1,1,10,0,12,0,314
18309.0,1,1,10,0,12,0,314
18310.0,1,1,10,0,12,0,314
18311.0,1,1,10,0,12,0,314
18312.0,1,1,10,0,12,0,314
18313.0,1,1,10,0,12,0,314
18314.0,1,1,10,0,12,0,314
18315.0,1,1,10,0,12,0,314
18316.0,1,1,10,0,12,0,314
18317.0,1,1,10,0,12,0,314
18318.0,1,1,10,0,12,0,314
18319.0,1,1,10,0,12,0,314
18320.0,1,1,10,0,12,0,314
18321.0,1,1,10,0,12,0,314
18322.0,1,1,10,0,12,0,314
18323.0,1,1,10,0,12,0,314
18324.0,1,1,10,0,12,0,314
18325.0,1,1,10,0,12,0,314
18326.0,1,1,10,0,12,0,314
18327.0,1,1,10,0,12,0,314
18328.0,1,1,10,0,12,0,314
18329.0,1,1,10,0,12,0,314
18330.0,1,1,10,0,12,0,314
18331.0,1,1,10,0,12,0,314
18332.0,1,1,10,0,12,0,314
18333.0,1,1,10,0,12,0,314
18334.0,1,1,10,0,12,0,314
18335.0,1,1,10,0,12,0,314
18336.0,1,1,10,0,12,0,314
18337.0,1,1,10,0,12,0,314
18338.0,1,1,10,0,12,0,314
18339.0,1,1,10,0,12,0,314
18340.0,1,1,10,0,12,0,314
18341.0,1,1,10,0,12,0,314
18342.0,1,1,10,0,12,0,314
18343.0,1,1,10,0,12,0,314
18344.0,1,1,10,0,12,0,314
18345.0,1,1,10,0,12,0,314
18346.0,1,1,10,0,12,0,314
18347.0,1,1,10,0,12,0,314
18348.0,1,1,10,0,12,0,314
18349.0,1,1,10,0,12,0,314
18350.0,1,1,10,0,12,0,314
18351.0,1,1,10,0,12,0,314
18352.0,1,1,10,0,12,0,314
18353.0,1,1,10,0,12,0,314
18354.0,1,1,10,0,12,0,314
18355.0,1,1,10,0,12,0,314
18356.0,1,1,10,0,12,0,314
18357.0,1,1,10,0,12,0,314
18358.0,1,1,10,0,12,0,314
18359.0,1,1,10,0,12,0,314
18360.0,1,1,10,0,12,0,314
18361.0,1,1,10,0,12,0,314
18362.0,1,1,10,0,12,0,314
18363.0,1,1,10,0,12,0,314
18364.0,1,1,10,0,12,0,314
18365.0,1,1,10,0,12,0,314
18366.0,1,1,10,0,12,0,314
18367.0,1,1,10,0,12,0,314
18368.0,1,1,10,0,12,0,314
18369.0,1,1,10,0,12,0,314
18370.0,1,1,10,0,12,0,314
18371.0,1,1,10,0,12,0,314
18372.0,1,1,10,0,12,0,314
18373.0,1,1,10,0,12,0,314
18374.0,1,1,10,0,12,0,314
18375.0,1,1,10,0,12,0,314
18376.0,1,1,10,0,12,0,314
18377.0,1,1,10,0,12,0,314
18378.0,1,1,10,0,12,0,314
18379.0,1,1,10,0,12,0,314
18380.0,1,1,10,0,12,0,314
18381.0,1,1,10,0,12,0,314
18382.0,1,1,10,0,12,0,314
18383.0,1,1,10,0,12,0,314
18384.0,1,1,10,0,12,0,314
18385.0,1,1,10,0,12,0,314
18386.0,1,1,10,0,12,0,314
18387.0,1,1,10,0,12,0,314
18388.0,1,1,10,0,12,0,314
18389.0,1,1,10,0,12,0,314
18390.0,1,1,10,0,12,0,314
18391.0,1,1,10,0,12,0,314
18392.0,1,1,10,0,12,0,314
18393.0,1,1,10,0,12,0,314
18394.0,1,1,10,0,12,0,314
18395.0,1,1,10,0,12,0,314
18396.0,1,1,10,0,12,0,314
18397.0,1,1,10,0,12,0,314
18398.0,1,1,10,0,12,0,314
18399.0,1,1,10,0,12,0,314
18400.0,1,1,10,0,12,0,314
18401.0,1,1,10,0,12,0,314
18402.0,1,1,10,0,12,0,314
18403.0,1,1,10,0,12,0,314
18404.0,1,1,10,0,12,0,314
18405.0,1,1,10,0,12,0,314
18406.0,1,1,10,0,12,0,314
18407.0,1,1,10,0,12,0,314
18408.0,1,1,10,0,12,0,314
18409.0,1,1,10,0,12,0,314
18410.0,1,1,10,0,12,0,314
18411.0,1,1,10,0,12,0,314
18412.0,1,1,10,0,12,0,314
18413.0,1,1,10,0,12,0,314
18414.0,1,1,10,0,12,0,314
18415.0,1,1,10,0,12,0,314
18416.0,1,1,10,0,12,0,314
18417.0,1,1,10,0,12,0,314
18418.0,1,1,10,0,12,0,314
18419.0,1,1,10,0,12,0,314
18420.0,1,1,10,0,12,0,314
18421.0,1,1,10,0,12,0,314
18422.0,1,1,10,0,12,0,314
18423.0,1,1,10,0,12,0,314
18424.0,1,1,10,0,12,0,314
18425.0,1,1,10,0,12,0,314
18426.0,1,1,10,0,12,0,314
18427.0,1,1,10,0,12,0,314
18428.0,1,1,10,0,12,0,314
18429.0,1,1,10,0,12,0,314
18430.0,1,1,10,0,12,0,314
18431.0,1,1,10,0,12,0,314
18432.0,1,1,10,0,12,0,314
18433.0,1,1,10,0,12,0,314
18434.0,1,1,10,0,12,0,314
18435.0,1,1,10,0,12,0,314
18436.0,1,1,10,0,12,0,314
18437.0,1,1,10,0,12,0,314
18438.0,1,1,10,0,12,0,314
18439.0,1,1,10,0,12,0,314
18440.0,1,1,10,0,12,0,314
18441.0,1,1,10,0,12,0,314
18442.0,1,1,10,0,12,0,314
18443.0,1,1,10,0,12,0,314
18444.0,1,1,10,0,12,0,314
18445.0,1,1,10,0,12,0,314
18446.0,1,1,10,0,12,0,314
18447.0,1,1,10,0,12,0,314
18448.0,1,1,10,0,12,0,314
18449.0,1,1,10,0,12,0,314
18450.0,1,1,10,0,12,0,314
18451.0,1,1,10,0,12,0,314
18452.0,1,1,10,0,12,0,314
18453.0,1,1,10,0,12,0,314
18454.0,1,1,10,0,12,0,314
18455.0,1,1,10,0,12,0,314
18456.0,1,1,10,0,12,0,314
18457.0,1,1,10,0,12,0,314
18458.0,1,1,10,0,12,0,314
18459.0,1,1,10,0,12,0,314
18460.0,1,1,10,0,12,0,314
18461.0,1,1,10,0,12,0,314
18462.0,1,1,10,0,12,0,314
18463.0,1,1,10,0,12,0,314
18464.0,1,1,10,0,12,0,314
18465.0,1,1,10,0,12,0,314
18466.0,1,1,10,0,12,0,314
18467.0,1,1,10,0,12,0,314
18468.0,1,1,10,0,12,0,314
18469.0,1,1,10,0,12,0,314
18470.0,1,1,10,0,12,0,314
18471.0,1,1,10,0,12,0,314
18472.0,1,1,10,0,12,0,314
18473.0,1,1,10,0,12,0,314
18474.0,1,1,10,0,12,0,314
18475.0,1,1,10,0,12,0,314
18476.0,1,1,10,0,12,0,314
18477.0,1,1,10,0,12,0,314
18478.0,1,1,10,0,12,0,314
18479.0,1,1,10,0,12,0,314
18480.0,1,1,10,0,12,0,314
18481.0,1,1,10,0,12,0,314
18482.0,1,1,10,0,12,0,314
18483.0,1,1,10,0,12,0,314
18484.0,1,1,10,0,12,0,314
18485.0,1,1,10,0,12,0,314
18486.0,1,1,10,0,12,0,314
18487.0,1,1,10,0,12,0,314
18488.0,1,1,10,0,12,0,314
18489.0,1,1,10,0,12,0,314
18490.0,1,1,10,0,12,0,314
18491.0,1,1,10,0,12,0,314
18492.0,1,1,10,0,12,0,314
18493.0,1,1,10,0,12,0,314
18494.0,1,1,10,0,12,0,314
18495.0,1,1,10,0,12,0,314
18496.0,1,1,10,0,12,0,314
18497.0,1,1,10,0,12,0,314
18498.0,1,1,10,0,12,0,314
18499.0,1,1,10,0,12,0,314
18500.0,1,1,10,0,12,0,314
18501.0,1,1,10,0,12,0,314
18502.0,1,1,10,0,12,0,314
18503.0,1,1,10,0,12,0,314
18504.0,1,1,10,0,12,0,314
18505.0,1,1,10,0,12,0,314
18506.0,1,1,10,0,12,0,314
18507.0,1,1,10,0,12,0,314
18508.0,1,1,10,0,12,0,314
18509.0,1,1,10,0,12,0,314
18510.0,1,1,10,0,12,0,314
18511.0,1,1,10,0,12,0,314
18512.0,1,1,10,0,12,0,314
18513.0,1,1,10,0,12,0,314
18514.0,1,1,10,0,12,0,314
18515.0,1,1,10,0,12,0,314
18516.0,1,1,10,0,12,0,314
18517.0,1,1,10,0,12,0,314
18518.0,1,1,10,0,12,0,314
18519.0,1,1,10,0,12,0,314
18520.0,1,1,10,0,12,0,314
18521.0,1,1,10,0,12,0,314
18522.0,1,1,10,0,12,0,314
18523.0,1,1,10,0,12,0,314
18524.0,1,1,10,0,12,0,314
18525.0,1,1,10,0,12,0,314
18526.0,1,1,10,0,12,0,314
18527.0,1,1,10,0,12,0,314
18528.0,1,1,10,0,12,0,314
18529.0,1,1,10,0,12,0,314
18530.0,1,1,10,0,12,0,314
18531.0,1,1,10,0,12,0,314
18532.0,1,1,10,0,12,0,314
18533.0,1,1,10,0,12,0,314
18534.0,1,1,10,0,12,0,314
18535.0,1,1,10,0,12,0,314
18536.0,1,1,10,0,12,0,314
18537.0,1,1,10,0,12,0,314
18538.0,1,1,10,0,12,0,314
18539.0,1,1,10,0,12,0,314
18540.0,1,1,10,0,12,0,314
18541.0,1,1,10,0,12,0,314
18542.0,1,1,10,0,12,0,314
18543.0,1,1,10,0,12,0,314
18544.0,1,1,10,0,12,0,314
18545.0,1,1,10,0,12,0,314
18546.0,1,1,10,0,12,0,314
18547.0,1,1,10,0,12,0,314
18548.0,1,1,10,0,12,0,314
18549.0,1,1,10,0,12,0,314
18550.0,1,1,10,0,12,0,314
18551.0,1,1,10,0,12,0,314
18552.0,1,1,10,0,12,0,314
18553.0,1,1,10,0,12,0,314
18554.0,1,1,10,0,12,0,314
18555.0,1,1,10,0,12,0,314
18556.0,1,1,10,0,12,0,314
18557.0,1,1,10,0,12,0,314
18558.0,1,1,10,0,12,0,314
18559.0,1,1,10,0,12,0,314
18560.0,1,1,10,0,12,0,314
18561.0,1,1,10,0,12,0,314
18562.0,1,1,10,0,12,0,314
18563.0,1,1,10,0,12,0,314
18564.0,1,1,10,0,12,0,314
18565.0,1,1,10,0,12,0,314
18566.0,1,1,10,0,12,0,314
18567.0,1,1,10,0,12,0,314
18568.0,1,1,10,0,12,0,314
18569.0,1,1,10,0,12,0,314
18570.0,1,1,10,0,12,0,314
18571.0,1,1,10,0,12,0,314
18572.0,1,1,10,0,12,0,314
18573.0,1,1,10,0,12,0,314
18574.0,1,1,10,0,12,0,314
18575.0,1,1,10,0,12,0,314
18576.0,1,1,10,0,12,0,314
18577.0,1,1,10,0,12,0,314
18578.0,1,1,10,0,12,0,314
18579.0,1,1,10,0,12,0,314
18580.0,1,1,10,0,12,0,314
18581.0,1,1,10,0,12,0,314
18582.0,1,1,10,0,12,0,314
18583.0,1,1,10,0,12,0,314
18584.0,1,1,10,0,12,0,314
18585.0,1,1,10,0,12,0,314
18586.0,1,1,10,0,12,0,314
18587.0,1,1,10,0,12,0,314
18588.0,1,1,10,0,12,0,314
18589.0,1,1,10,0,12,0,314
18590.0,1,1,10,0,12,0,314
18591.0,1,1,10,0,12,0,314
18592.0,1,1,10,0,12,0,314
18593.0,1,1,10,0,12,0,314
18594.0,1,1,10,0,12,0,314
18595.0,1,1,10,0,12,0,314
18596.0,1,1,10,0,12,0,314
18597.0,1,1,10,0,12,0,314
18598.0,1,1,10,0,12,0,314
18599.0,1,1,10,0,12,0,314
18600.0,1,1,10,0,12,0,314
18601.0,1,1,10,0,12,0,314
18602.0,1,1,10,0,12,0,314
18603.0,1,1,10,0,12,0,314
18604.0,1,1,10,0,12,0,314
18605.0,1,1,10,0,12,0,314
18606.0,1,1,10,0,12,0,314
18607.0,1,1,10,0,12,0,314
18608.0,1,1,10,0,12,0,314
18609.0,1,1,10,0,12,0,314
18610.0,1,1,10,0,12,0,314
18611.0,1,1,10,0,12,0,314
18612.0,1,1,10,0,12,0,314
18613.0,1,1,10,0,12,0,314
18614.0,1,1,10,0,12,0,314
18615.0,1,1,10,0,12,0,314
18616.0,1,1,10,0,12,0,314
18617.0,1,1,10,0,12,0,314
18618.0,1,1,10,0,12,0,314
18619.0,1,1,10,0,12,0,314
18620.0,1,1,10,0,12,0,314
18621.0,1,1,10,0,12,0,314
18622.0,1,1,10,0,12,0,314
18623.0,1,1,10,0,12,0,314
18624.0,1,1,10,0,12,0,314
18625.0,1,1,10,0,12,0,314
18626.0,1,1,10,0,12,0,314
18627.0,1,1,10,0,12,0,314
18628.0,1,1,10,0,12,0,314
18629.0,1,1,10,0,12,0,314
18630.0,1,1,10,0,12,0,314
18631.0,1,1,10,0,12,0,314
18632.0,1,1,10,0,12,0,314
18633.0,1,1,10,0,12,0,314
18634.0,1,1,10,0,12,0,314
18635.0,1,1,10,0,12,0,314
18636.0,1,1,10,0,12,0,314
18637.0,1,1,10,0,12,0,314
18638.0,1,1,10,0,12,0,314
18639.0,1,1,10,0,12,0,314
18640.0,1,1,10,0,12,0,314
18641.0,1,1,10,0,12,0,314
18642.0,1,1,10,0,12,0,314
18643.0,1,1,10,0,12,0,314
18644.0,1,1,10,0,12,0,314
18645.0,1,1,10,0,12,0,314
18646.0,1,1,10,0,12,0,314
18647.0,1,1,10,0,12,0,314
18648.0,1,1,10,0,12,0,314
18649.0,1,1,10,0,12,0,314
18650.0,1,1,10,0,12,0,314
18651.0,1,1,10,0,12,0,314
18652.0,1,1,10,0,12,0,314
18653.0,1,1,10,0,12,0,314
18654.0,1,1,10,0,12,0,314
18655.0,1,1,10,0,12,0,314
18656.0,1,1,10,0,12,0,314
18657.0,1,1,10,0,12,0,314
18658.0,1,1,10,0,12,0,314
18659.0,1,1,10,0,12,0,314
18660.0,1,1,10,0,12,0,314
18661.0,1,1,10,0,12,0,314
18662.0,1,1,10,0,12,0,314
18663.0,1,1,10,0,12,0,314
18664.0,1,1,10,0,12,0,314
18665.0,1,1,10,0,12,0,314
18666.0,1,1,10,0,12,0,314
18667.0,1,1,10,0,12,0,314
18668.0,1,1,10,0,12,0,314
18669.0,1,1,10,0,12,0,314
18670.0,1,1,10,0,12,0,314
18671.0,1,1,10,0,12,0,314
18672.0,1,1,10,0,12,0,314
18673.0,1,1,10,0,12,0,314
18674.0,1,1,10,0,12,0,314
18675.0,1,1,10,0,12,0,314
18676.0,1,1,10,0,12,0,314
18677.0,1,1,10,0,12,0,314
18678.0,1,1,10,0,12,0,314
18679.0,1,1,10,0,12,0,314
18680.0,1,1,10,0,12,0,314
18681.0,1,1,10,0,12,0,314
18682.0,1,1,10,0,12,0,314
18683.0,1,1,10,0,12,0,314
18684.0,1,1,10,0,12,0,314
18685.0,1,1,10,0,12,0,314
18686.0,1,1,10,0,12,0,314
18687.0,1,1,10,0,12,0,314
18688.0,1,1,10,0,12,0,314
18689.0,1,1,10,0,12,0,314
18690.0,1,1,10,0,12,0,314
18691.0,1,1,10,0,12,0,314
18692.0,1,1,10,0,12,0,314
18693.0,1,1,10,0,12,0,314
18694.0,1,1,10,0,12,0,314
18695.0,1,1,10,0,12,0,314
18696.0,1,1,10,0,12,0,314
18697.0,1,1,10,0,12,0,314
18698.0,1,1,10,0,12,0,314
18699.0,1,1,10,0,12,0,314
18700.0,1,1,10,0,12,0,314
18701.0,1,1,10,0,12,0,314
18702.0,1,1,10,0,12,0,314
18703.0,1,1,10,0,12,0,314
18704.0,1,1,10,0,12,0,314
18705.0,1,1,10,0,12,0,314
18706.0,1,1,10,0,12,0,314
18707.0,1,1,10,0,12,0,314
18708.0,1,1,10,0,12,0,314
18709.0,1,1,10,0,12,0,314
18710.0,1,1,10,0,12,0,314
18711.0,1,1,10,0,12,0,314
18712.0,1,1,10,0,12,0,314
18713.0,1,1,10,0,12,0,314
18714.0,1,1,10,0,12,0,314
18715.0,1,1,10,0,12,0,314
18716.0,1,1,10,0,12,0,314
18717.0,1,1,10,0,12,0,314
18718.0,1,1,10,0,12,0,314
18719.0,1,1,10,0,12,0,314
18720.0,1,1,10,0,12,0,314
18721.0,1,1,10,0,12,0,314
18722.0,1,1,10,0,12,0,314
18723.0,1,1,10,0,12,0,314
18724.0,1,1,10,0,12,0,314
18725.0,1,1,10,0,12,0,314
18726.0,1,1,10,0,12,0,314
18727.0,1,1,10,0,12,0,314
18728.0,1,1,10,0,12,0,314
18729.0,1,1,10,0,12,0,314
18730.0,1,1,10,0,12,0,314
18731.0,1,1,10,0,12,0,314
18732.0,1,1,10,0,12,0,314
18733.0,1,1,10,0,12,0,314
18734.0,1,1,10,0,12,0,314
18735.0,1,1,10,0,12,0,314
18736.0,1,1,10,0,12,0,314
18737.0,1,1,10,0,12,0,314
18738.0,1,1,10,0,12,0,314
18739.0,1,1,10,0,12,0,314
18740.0,1,1,10,0,12,0,314
18741.0,1,1,10,0,12,0,314
18742.0,1,1,10,0,12,0,314
18743.0,1,1,10,0,12,0,314
18744.0,1,1,10,0,12,0,314
18745.0,1,1,10,0,12,0,314
18746.0,1,1,10,0,12,0,314
18747.0,1,1,10,0,12,0,314
18748.0,1,1,10,0,12,0,314
18749.0,1,1,10,0,12,0,314
18750.0,1,1,10,0,12,0,314
18751.0,1,1,10,0,12,0,314
18752.0,1,1,10,0,12,0,314
18753.0,1,1,10,0,12,0,314
18754.0,1,1,10,0,12,0,314
18755.0,1,1,10,0,12,0,314
18756.0,1,1,10,0,12,0,314
18757.0,1,1,10,0,12,0,314
18758.0,1,1,10,0,12,0,314
18759.0,1,1,10,0,12,0,314
18760.0,1,1,10,0,12,0,314
18761.0,1,1,10,0,12,0,314
18762.0,1,1,10,0,12,0,314
18763.0,1,1,10,0,12,0,314
18764.0,1,1,10,0,12,0,314
18765.0,1,1,10,0,12,0,314
18766.0,1,1,10,0,12,0,314
18767.0,1,1,10,0,12,0,314
18768.0,1,1,10,0,12,0,314
18769.0,1,1,10,0,12,0,314
18770.0,1,1,10,0,12,0,314
18771.0,1,1,10,0,12,0,314
18772.0,1,1,10,0,12,0,314
18773.0,1,1,10,0,12,0,314
18774.0,1,1,10,0,12,0,314
18775.0,1,1,10,0,12,0,314
18776.0,1,1,10,0,12,0,314
18777.0,1,1,10,0,12,0,314
18778.0,1,1,10,0,12,0,314
18779.0,1,1,10,0,12,0,314
18780.0,1,1,10,0,12,0,314
18781.0,1,1,10,0,12,0,314
18782.0,1,1,10,0,12,0,314
18783.0,1,1,10,0,12,0,314
18784.0,1,1,10,0,12,0,314
18785.0,1,1,10,0,12,0,314
18786.0,1,1,10,0,12,0,314
18787.0,1,1,10,0,12,0,314
18788.0,1,1,10,0,12,0,314
18789.0,1,1,10,0,12,0,314
18790.0,1,1,10,0,12,0,314
18791.0,1,1,10,0,12,0,314
18792.0,1,1,10,0,12,0,314
18793.0,1,1,10,0,12,0,314
18794.0,1,1,10,0,12,0,314
18795.0,1,1,10,0,12,0,314
18796.0,1,1,10,0,12,0,314
18797.0,1,1,10,0,12,0,314
18798.0,1,1,10,0,12,0,314
18799.0,1,1,10,0,12,0,314
18800.0,1,1,10,0,12,0,314
18801.0,1,1,10,0,12,0,314
18802.0,1,1,10,0,12,0,314
18803.0,1,1,10,0,12,0,314
18804.0,1,1,10,0,12,0,314
18805.0,1,1,10,0,12,0,314
18806.0,1,1,10,0,12,0,314
18807.0,1,1,10,0,12,0,314
18808.0,1,1,10,0,12,0,314
18809.0,1,1,10,0,12,0,314
18810.0,1,1,10,0,12,0,314
18811.0,1,1,10,0,12,0,314
18812.0,1,1,10,0,12,0,314
18813.0,1,1,10,0,12,0,314
18814.0,1,1,10,0,12,0,314
18815.0,1,1,10,0,12,0,314
18816.0,1,1,10,0,12,0,314
18817.0,1,1,10,0,12,0,314
18818.0,1,1,10,0,12,0,314
18819.0,1,1,10,0,12,0,314
18820.0,1,1,10,0,12,0,314
18821.0,1,1,10,0,12,0,314
18822.0,1,1,10,0,12,0,314
18823.0,1,1,10,0,12,0,314
18824.0,1,1,10,0,12,0,314
18825.0,1,1,10,0,12,0,314
18826.0,1,1,10,0,12,0,314
18827.0,1,1,10,0,12,0,314
18828.0,1,1,10,0,12,0,314
18829.0,1,1,10,0,12,0,314
18830.0,1,1,10,0,12,0,314
18831.0,1,1,10,0,12,0,314
18832.0,1,1,10,0,12,0,314
18833.0,1,1,10,0,12,0,314
18834.0,1,1,10,0,12,0,314
18835.0,1,1,10,0,12,0,314
18836.0,1,1,10,0,12,0,314
18837.0,1,1,10,0,12,0,314
18838.0,1,1,10,0,12,0,314
18839.0,1,1,10,0,12,0,314
18840.0,1,1,10,0,12,0,314
18841.0,1,1,10,0,12,0,314
18842.0,1,1,10,0,12,0,314
18843.0,1,1,10,0,12,0,314
18844.0,1,1,10,0,12,0,314
18845.0,1,1,10,0,12,0,314
18846.0,1,1,10,0,12,0,314
18847.0,1,1,10,0,12,0,314
18848.0,1,1,10,0,12,0,314
18849.0,1,1,10,0,12,0,314
18850.0,1,1,10,0,12,0,314
18851.0,1,1,10,0,12,0,314
18852.0,1,1,10,0,12,0,314
18853.0,1,1,10,0,12,0,314
18854.0,1,1,10,0,12,0,314
18855.0,1,1,10,0,12,0,314
18856.0,1,1,10,0,12,0,314
18857.0,1,1,10,0,12,0,314
18858.0,1,1,10,0,12,0,314
18859.0,1,1,10,0,12,0,314
18860.0,1,1,10,0,12,0,314
18861.0,1,1,10,0,12,0,314
18862.0,1,1,10,0,12,0,314
18863.0,1,1,10,0,12,0,314
18864.0,1,1,10,0,12,0,314
18865.0,1,1,10,0,12,0,314
18866.0,1,1,10,0,12,0,314
18867.0,1,1,10,0,12,0,314
18868.0,1,1,10,0,12,0,314
18869.0,1,1,10,0,12,0,314
18870.0,1,1,10,0,12,0,314
18871.0,1,1,10,0,12,0,314
18872.0,1,1,10,0,12,0,314
18873.0,1,1,10,0,12,0,314
18874.0,1,1,10,0,12,0,314
18875.0,1,1,10,0,12,0,314
18876.0,1,1,10,0,12,0,314
18877.0,1,1,10,0,12,0,314
18878.0,1,1,10,0,12,0,314
18879.0,1,1,10,0,12,0,314
18880.0,1,1,10,0,12,0,314
18881.0,1,1,10,0,12,0,314
18882.0,1,1,10,0,12,0,314
18883.0,1,1,10,0,12,0,314
18884.0,1,1,10,0,12,0,314
18885.0,1,1,10,0,12,0,314
18886.0,1,1,10,0,12,0,314
18887.0,1,1,10,0,12,0,314
18888.0,1,1,10,0,12,0,314
18889.0,1,1,10,0,12,0,314
18890.0,1,1,10,0,12,0,314
18891.0,1,1,10,0,12,0,314
18892.0,1,1,10,0,12,0,314
18893.0,1,1,10,0,12,0,314
18894.0,1,1,10,0,12,0,314
18895.0,1,1,10,0,12,0,314
18896.0,1,1,10,0,12,0,314
18897.0,1,1,10,0,12,0,314
18898.0,1,1,10,0,12,0,314
18899.0,1,1,10,0,12,0,314
18900.0,1,1,10,0,12,0,314
18901.0,1,1,10,0,12,0,314
18902.0,1,1,10,0,12,0,314
18903.0,1,1,10,0,12,0,314
18904.0,1,1,10,0,12,0,314
18905.0,1,1,10,0,12,0,314
18906.0,1,1,10,0,12,0,314
18907.0,1,1,10,0,12,0,314
18908.0,1,1,10,0,12,0,314
18909.0,1,1,10,0,12,0,314
18910.0,1,1,10,0,12,0,314
18911.0,1,1,10,0,12,0,314
18912.0,1,1,10,0,12,0,314
18913.0,1,1,10,0,12,0,314
18914.0,1,1,10,0,12,0,314
18915.0,1,1,10,0,12,0,314
18916.0,1,1,10,0,12,0,314
18917.0,1,1,10,0,12,0,314
18918.0,1,1,10,0,12,0,314
18919.0,1,1,10,0,12,0,314
18920.0,1,1,10,0,12,0,314
18921.0,1,1,10,0,12,0,314
18922.0,1,1,10,0,12,0,314
18923.0,1,1,10,0,12,0,314
18924.0,1,1,10,0,12,0,314
18925.0,1,1,10,0,12,0,314
18926.0,1,1,10,0,12,0,314
18927.0,1,1,10,0,12,0,314
18928.0,1,1,10,0,12,0,314
18929.0,1,1,10,0,12,0,314
18930.0,1,1,10,0,12,0,314
18931.0,1,1,10,0,12,0,314
18932.0,1,1,10,0,12,0,314
18933.0,1,1,10,0,12,0,314
18934.0,1,1,10,0,12,0,314
18935.0,1,1,10,0,12,0,314
18936.0,1,1,10,0,12,0,314
18937.0,1,1,10,0,12,0,314
18938.0,1,1,10,0,12,0,314
18939.0,1,1,10,0,12,0,314
18940.0,1,1,10,0,12,0,314
18941.0,1,1,10,0,12,0,314
18942.0,1,1,10,0,12,0,314
18943.0,1,1,10,0,12,0,314
18944.0,1,1,10,0,12,0,314
18945.0,1,1,10,0,12,0,314
18946.0,1,1,10,0,12,0,314
18947.0,1,1,10,0,12,0,314
18948.0,1,1,10,0,12,0,314
18949.0,1,1,10,0,12,0,314
18950.0,1,1,10,0,12,0,314
18951.0,1,1,10,0,12,0,314
18952.0,1,1,10,0,12,0,314
18953.0,1,1,10,0,12,0,314
18954.0,1,1,10,0,12,0,314
18955.0,1,1,10,0,12,0,314
18956.0,1,1,10,0,12,0,314
18957.0,1,1,10,0,12,0,314
18958.0,1,1,10,0,12,0,314
18959.0,1,1,10,0,12,0,314
18960.0,1,1,10,0,12,0,314
18961.0,1,1,10,0,12,0,314
18962.0,1,1,10,0,12,0,314
18963.0,1,1,10,0,12,0,314
18964.0,1,1,10,0,12,0,314
18965.0,1,1,10,0,12,0,314
18966.0,1,1,10,0,12,0,314
18967.0,1,1,10,0,12,0,314
18968.0,1,1,10,0,12,0,314
18969.0,1,1,10,0,12,0,314
18970.0,1,1,10,0,12,0,314
18971.0,1,1,10,0,12,0,314
18972.0,1,1,10,0,12,0,314
18973.0,1,1,10,0,12,0,314
18974.0,1,1,10,0,12,0,314
18975.0,1,1,10,0,12,0,314
18976.0,1,1,10,0,12,0,314
18977.0,1,1,10,0,12,0,314
18978.0,1,1,10,0,12,0,314
18979.0,1,1,10,0,12,0,314
18980.0,1,1,10,0,12,0,314
18981.0,1,1,10,0,12,0,314
18982.0,1,1,10,0,12,0,314
18983.0,1,1,10,0,12,0,314
18984.0,1,1,10,0,12,0,314
18985.0,1,1,10,0,12,0,314
18986.0,1,1,10,0,12,0,314
18987.0,1,1,10,0,12,0,314
18988.0,1,1,10,0,12,0,314
18989.0,1,1,10,0,12,0,314
18990.0,1,1,10,0,12,0,314
18991.0,1,1,10,0,12,0,314
18992.0,1,1,10,0,12,0,314
18993.0,1,1,10,0,12,0,314
18994.0,1,1,10,0,12,0,314
18995.0,1,1,10,0,12,0,314
18996.0,1,1,10,0,12,0,314
18997.0,1,1,10,0,12,0,314
18998.0,1,1,10,0,12,0,314
18999.0,1,1,10,0,12,0,314
19000.0,1,1,10,0,12,0,314
19001.0,1,1,10,0,12,0,314
19002.0,1,1,10,0,12,0,314
19003.0,1,1,10,0,12,0,314
19004.0,1,1,10,0,12,0,314
19005.0,1,1,10,0,12,0,314
19006.0,1,1,10,0,12,0,314
19007.0,1,1,10,0,12,0,314
19008.0,1,1,10,0,12,0,314
19009.0,1,1,10,0,12,0,314
19010.0,1,1,10,0,12,0,314
19011.0,1,1,10,0,12,0,314
19012.0,1,1,10,0,12,0,314
19013.0,1,1,10,0,12,0,314
19014.0,1,1,10,0,12,0,314
19015.0,1,1,10,0,12,0,314
19016.0,1,1,10,0,12,0,314
19017.0,1,1,10,0,12,0,314
19018.0,1,1,10,0,12,0,314
19019.0,1,1,10,0,12,0,314
19020.0,1,1,10,0,12,0,314
19021.0,1,1,10,0,12,0,314
19022.0,1,1,10,0,12,0,314
19023.0,1,1,10,0,12,0,314
19024.0,1,1,10,0,12,0,314
19025.0,1,1,10,0,12,0,314
19026.0,1,1,10,0,12,0,314
19027.0,1,1,10,0,12,0,314
19028.0,1,1,10,0,12,0,314
19029.0,1,1,10,0,12,0,314
19030.0,1,1,10,0,12,0,314
19031.0,1,1,10,0,12,0,314
19032.0,1,1,10,0,12,0,314
19033.0,1,1,10,0,12,0,314
19034.0,1,1,10,0,12,0,314
19035.0,1,1,10,0,12,0,314
19036.0,1,1,10,0,12,0,314
19037.0,1,1,10,0,12,0,314
19038.0,1,1,10,0,12,0,314
19039.0,1,1,10,0,12,0,314
19040.0,1,1,10,0,12,0,314
19041.0,1,1,10,0,12,0,314
19042.0,1,1,10,0,12,0,314
19043.0,1,1,10,0,12,0,314
19044.0,1,1,10,0,12,0,314
19045.0,1,1,10,0,12,0,314
19046.0,1,1,10,0,12,0,314
19047.0,1,1,10,0,12,0,314
19048.0,1,1,10,0,12,0,314
19049.0,1,1,10,0,12,0,314
19050.0,1,1,10,0,12,0,314
19051.0,1,1,10,0,12,0,314
19052.0,1,1,10,0,12,0,314
19053.0,1,1,10,0,12,0,314
19054.0,1,1,10,0,12,0,314
19055.0,1,1,10,0,12,0,314
19056.0,1,1,10,0,12,0,314
19057.0,1,1,10,0,12,0,314
19058.0,1,1,10,0,12,0,314
19059.0,1,1,10,0,12,0,314
19060.0,1,1,10,0,12,0,314
19061.0,1,1,10,0,12,0,314
19062.0,1,1,10,0,12,0,314
19063.0,1,1,10,0,12,0,314
19064.0,1,1,10,0,12,0,314
19065.0,1,1,10,0,12,0,314
19066.0,1,1,10,0,12,0,314
19067.0,1,1,10,0,12,0,314
19068.0,1,1,10,0,12,0,314
19069.0,1,1,10,0,12,0,314
19070.0,1,1,10,0,12,0,314
19071.0,1,1,10,0,12,0,314
19072.0,1,1,10,0,12,0,314
19073.0,1,1,10,0,12,0,314
19074.0,1,1,10,0,12,0,314
19075.0,1,1,10,0,12,0,314
19076.0,1,1,10,0,12,0,314
19077.0,1,1,10,0,12,0,314
19078.0,1,1,10,0,12,0,314
19079.0,1,1,10,0,12,0,314
19080.0,1,1,10,0,12,0,314
19081.0,1,1,10,0,12,0,314
19082.0,1,1,10,0,12,0,314
19083.0,1,1,10,0,12,0,314
19084.0,1,1,10,0,12,0,314
19085.0,1,1,10,0,12,0,314
19086.0,1,1,10,0,12,0,314
19087.0,1,1,10,0,12,0,314
19088.0,1,1,10,0,12,0,314
19089.0,1,1,10,0,12,0,314
19090.0,1,1,10,0,12,0,314
19091.0,1,1,10,0,12,0,314
19092.0,1,1,10,0,12,0,314
19093.0,1,1,10,0,12,0,314
19094.0,1,1,10,0,12,0,314
19095.0,1,1,10,0,12,0,314
19096.0,1,1,10,0,12,0,314
19097.0,1,1,10,0,12,0,314
19098.0,1,1,10,0,12,0,314
19099.0,1,1,10,0,12,0,314
19100.0,1,1,10,0,12,0,314
19101.0,1,1,10,0,12,0,314
19102.0,1,1,10,0,12,0,314
19103.0,1,1,10,0,12,0,314
19104.0,1,1,10,0,12,0,314
19105.0,1,1,10,0,12,0,314
19106.0,1,1,10,0,12,0,314
19107.0,1,1,10,0,12,0,314
19108.0,1,1,10,0,12,0,314
19109.0,1,1,10,0,12,0,314
19110.0,1,1,10,0,12,0,314
19111.0,1,1,10,0,12,0,314
19112.0,1,1,10,0,12,0,314
19113.0,1,1,10,0,12,0,314
19114.0,1,1,10,0,12,0,314
19115.0,1,1,10,0,12,0,314
19116.0,1,1,10,0,12,0,314
19117.0,1,1,10,0,12,0,314
19118.0,1,1,10,0,12,0,314
19119.0,1,1,10,0,12,0,314
19120.0,1,1,10,0,12,0,314
19121.0,1,1,10,0,12,0,314
19122.0,1,1,10,0,12,0,314
19123.0,1,1,10,0,12,0,314
19124.0,1,1,10,0,12,0,314
19125.0,1,1,10,0,12,0,314
19126.0,1,1,10,0,12,0,314
19127.0,1,1,10,0,12,0,314
19128.0,1,1,10,0,12,0,314
19129.0,1,1,10,0,12,0,314
19130.0,1,1,10,0,12,0,314
19131.0,1,1,10,0,12,0,314
19132.0,1,1,10,0,12,0,314
19133.0,1,1,10,0,12,0,314
19134.0,1,1,10,0,12,0,314
19135.0,1,1,10,0,12,0,314
19136.0,1,1,10,0,12,0,314
19137.0,1,1,10,0,12,0,314
19138.0,1,1,10,0,12,0,314
19139.0,1,1,10,0,12,0,314
19140.0,1,1,10,0,12,0,314
19141.0,1,1,10,0,12,0,314
19142.0,1,1,10,0,12,0,314
19143.0,1,1,10,0,12,0,314
19144.0,1,1,10,0,12,0,314
19145.0,1,1,10,0,12,0,314
19146.0,1,1,10,0,12,0,314
19147.0,1,1,10,0,12,0,314
19148.0,1,1,10,0,12,0,314
19149.0,1,1,10,0,12,0,314
19150.0,1,1,10,0,12,0,314
19151.0,1,1,10,0,12,0,314
19152.0,1,1,10,0,12,0,314
19153.0,1,1,10,0,12,0,314
19154.0,1,1,10,0,12,0,314
19155.0,1,1,10,0,12,0,314
19156.0,1,1,10,0,12,0,314
19157.0,1,1,10,0,12,0,314
19158.0,1,1,10,0,12,0,314
19159.0,1,1,10,0,12,0,314
19160.0,1,1,10,0,12,0,314
19161.0,1,1,10,0,12,0,314
19162.0,1,1,10,0,12,0,314
19163.0,1,1,10,0,12,0,314
19164.0,1,1,10,0,12,0,314
19165.0,1,1,10,0,12,0,314
19166.0,1,1,10,0,12,0,314
19167.0,1,1,10,0,12,0,314
19168.0,1,1,10,0,12,0,314
19169.0,1,1,10,0,12,0,314
19170.0,1,1,10,0,12,0,314
19171.0,1,1,10,0,12,0,314
19172.0,1,1,10,0,12,0,314
19173.0,1,1,10,0,12,0,314
19174.0,1,1,10,0,12,0,314
19175.0,1,1,10,0,12,0,314
19176.0,1,1,10,0,12,0,314
19177.0,1,1,10,0,12,0,314
19178.0,1,1,10,0,12,0,314
19179.0,1,1,10,0,12,0,314
19180.0,1,1,10,0,12,0,314
19181.0,1,1,10,0,12,0,314
19182.0,1,1,10,0,12,0,314
19183.0,1,1,10,0,12,0,314
19184.0,1,1,10,0,12,0,314
19185.0,1,1,10,0,12,0,314
19186.0,1,1,10,0,12,0,314
19187.0,1,1,10,0,12,0,314
19188.0,1,1,10,0,12,0,314
19189.0,1,1,10,0,12,0,314
19190.0,1,1,10,0,12,0,314
19191.0,1,1,10,0,12,0,314
19192.0,1,1,10,0,12,0,314
19193.0,1,1,10,0,12,0,314
19194.0,1,1,10,0,12,0,314
19195.0,1,1,10,0,12,0,314
19196.0,1,1,10,0,12,0,314
19197.0,1,1,10,0,12,0,314
19198.0,1,1,10,0,12,0,314
19199.0,1,1,10,0,12,0,314
19200.0,1,1,10,0,12,0,314
19201.0,1,1,10,0,12,0,314
19202.0,1,1,10,0,12,0,314
19203.0,1,1,10,0,12,0,314
19204.0,1,1,10,0,12,0,314
19205.0,1,1,10,0,12,0,314
19206.0,1,1,10,0,12,0,314
19207.0,1,1,10,0,12,0,314
19208.0,1,1,10,0,12,0,314
19209.0,1,1,10,0,12,0,314
19210.0,1,1,10,0,12,0,314
19211.0,1,1,10,0,12,0,314
19212.0,1,1,10,0,12,0,314
19213.0,1,1,10,0,12,0,314
19214.0,1,1,10,0,12,0,314
19215.0,1,1,10,0,12,0,314
19216.0,1,1,10,0,12,0,314
19217.0,1,1,10,0,12,0,314
19218.0,1,1,10,0,12,0,314
19219.0,1,1,10,0,12,0,314
19220.0,1,1,10,0,12,0,314
19221.0,1,1,10,0,12,0,314
19222.0,1,1,10,0,12,0,314
19223.0,1,1,10,0,12,0,314
19224.0,1,1,10,0,12,0,314
19225.0,1,1,10,0,12,0,314
19226.0,1,1,10,0,12,0,314
19227.0,1,1,10,0,12,0,314
19228.0,1,1,10,0,12,0,314
19229.0,1,1,10,0,12,0,314
19230.0,1,1,10,0,12,0,314
19231.0,1,1,10,0,12,0,314
19232.0,1,1,10,0,12,0,314
19233.0,1,1,10,0,12,0,314
19234.0,1,1,10,0,12,0,314
19235.0,1,1,10,0,12,0,314
19236.0,1,1,10,0,12,0,314
19237.0,1,1,10,0,12,0,314
19238.0,1,1,10,0,12,0,314
19239.0,1,1,10,0,12,0,314
19240.0,1,1,10,0,12,0,314
19241.0,1,1,10,0,12,0,314
19242.0,1,1,10,0,12,0,314
19243.0,1,1,10,0,12,0,314
19244.0,1,1,10,0,12,0,314
19245.0,1,1,10,0,12,0,314
19246.0,1,1,10,0,12,0,314
19247.0,1,1,10,0,12,0,314
19248.0,1,1,10,0,12,0,314
19249.0,1,1,10,0,12,0,314
19250.0,1,1,10,0,12,0,314
19251.0,1,1,10,0,12,0,314
19252.0,1,1,10,0,12,0,314
19253.0,1,1,10,0,12,0,314
19254.0,1,1,10,0,12,0,314
19255.0,1,1,10,0,12,0,314
19256.0,1,1,10,0,12,0,314
19257.0,1,1,10,0,12,0,314
19258.0,1,1,10,0,12,0,314
19259.0,1,1,10,0,12,0,314
19260.0,1,1,10,0,12,0,314
19261.0,1,1,10,0,12,0,314
19262.0,1,1,10,0,12,0,314
19263.0,1,1,10,0,12,0,314
19264.0,1,1,10,0,12,0,314
19265.0,1,1,10,0,12,0,314
19266.0,1,1,10,0,12,0,314
19267.0,1,1,10,0,12,0,314
19268.0,1,1,10,0,12,0,314
19269.0,1,1,10,0,12,0,314
19270.0,1,1,10,0,12,0,314
19271.0,1,1,10,0,12,0,314
19272.0,1,1,10,0,12,0,314
19273.0,1,1,10,0,12,0,314
19274.0,1,1,10,0,12,0,314
19275.0,1,1,10,0,12,0,314
19276.0,1,1,10,0,12,0,314
19277.0,1,1,10,0,12,0,314
19278.0,1,1,10,0,12,0,314
19279.0,1,1,10,0,12,0,314
19280.0,1,1,10,0,12,0,314
19281.0,1,1,10,0,12,0,314
19282.0,1,1,10,0,12,0,314
19283.0,1,1,10,0,12,0,314
19284.0,1,1,10,0,12,0,314
19285.0,1,1,10,0,12,0,314
19286.0,1,1,10,0,12,0,314
19287.0,1,1,10,0,12,0,314
19288.0,1,1,10,0,12,0,314
19289.0,1,1,10,0,12,0,314
19290.0,1,1,10,0,12,0,314
19291.0,1,1,10,0,12,0,314
19292.0,1,1,10,0,12,0,314
19293.0,1,1,10,0,12,0,314
19294.0,1,1,10,0,12,0,314
19295.0,1,1,10,0,12,0,314
19296.0,1,1,10,0,12,0,314
19297.0,1,1,10,0,12,0,314
19298.0,1,1,10,0,12,0,314
19299.0,1,1,10,0,12,0,314
19300.0,1,1,10,0,12,0,314
19301.0,1,1,10,0,12,0,314
19302.0,1,1,10,0,12,0,314
19303.0,1,1,10,0,12,0,314
19304.0,1,1,10,0,12,0,314
19305.0,1,1,10,0,12,0,314
19306.0,1,1,10,0,12,0,314
19307.0,1,1,10,0,12,0,314
19308.0,1,1,10,0,12,0,314
19309.0,1,1,10,0,12,0,314
19310.0,1,1,10,0,12,0,314
19311.0,1,1,10,0,12,0,314
19312.0,1,1,10,0,12,0,314
19313.0,1,1,10,0,12,0,314
19314.0,1,1,10,0,12,0,314
19315.0,1,1,10,0,12,0,314
19316.0,1,1,10,0,12,0,314
19317.0,1,1,10,0,12,0,314
19318.0,1,1,10,0,12,0,314
19319.0,1,1,10,0,12,0,314
19320.0,1,1,10,0,12,0,314
19321.0,1,1,10,0,12,0,314
19322.0,1,1,10,0,12,0,314
19323.0,1,1,10,0,12,0,314
19324.0,1,1,10,0,12,0,314
19325.0,1,1,10,0,12,0,314
19326.0,1,1,10,0,12,0,314
19327.0,1,1,10,0,12,0,314
19328.0,1,1,10,0,12,0,314
19329.0,1,1,10,0,12,0,314
19330.0,1,1,10,0,12,0,314
19331.0,1,1,10,0,12,0,314
19332.0,1,1,10,0,12,0,314
19333.0,1,1,10,0,12,0,314
19334.0,1,1,10,0,12,0,314
19335.0,1,1,10,0,12,0,314
19336.0,1,1,10,0,12,0,314
19337.0,1,1,10,0,12,0,314
19338.0,1,1,10,0,12,0,314
19339.0,1,1,10,0,12,0,314
19340.0,1,1,10,0,12,0,314
19341.0,1,1,10,0,12,0,314
19342.0,1,1,10,0,12,0,314
19343.0,1,1,10,0,12,0,314
19344.0,1,1,10,0,12,0,314
19345.0,1,1,10,0,12,0,314
19346.0,1,1,10,0,12,0,314
19347.0,1,1,10,0,12,0,314
19348.0,1,1,10,0,12,0,314
19349.0,1,1,10,0,12,0,314
19350.0,1,1,10,0,12,0,314
19351.0,1,1,10,0,12,0,314
19352.0,1,1,10,0,12,0,314
19353.0,1,1,10,0,12,0,314
19354.0,1,1,10,0,12,0,314
19355.0,1,1,10,0,12,0,314
19356.0,1,1,10,0,12,0,314
19357.0,1,1,10,0,12,0,314
19358.0,1,1,10,0,12,0,314
19359.0,1,1,10,0,12,0,314
19360.0,1,1,10,0,12,0,314
19361.0,1,1,10,0,12,0,314
19362.0,1,1,10,0,12,0,314
19363.0,1,1,10,0,12,0,314
19364.0,1,1,10,0,12,0,314
19365.0,1,1,10,0,12,0,314
19366.0,1,1,10,0,12,0,314
19367.0,1,1,10,0,12,0,314
19368.0,1,1,10,0,12,0,314
19369.0,1,1,10,0,12,0,314
19370.0,1,1,10,0,12,0,314
19371.0,1,1,10,0,12,0,314
19372.0,1,1,10,0,12,0,314
19373.0,1,1,10,0,12,0,314
19374.0,1,1,10,0,12,0,314
19375.0,1,1,10,0,12,0,314
19376.0,1,1,10,0,12,0,314
19377.0,1,1,10,0,12,0,314
19378.0,1,1,10,0,12,0,314
19379.0,1,1,10,0,12,0,314
19380.0,1,1,10,0,12,0,314
19381.0,1,1,10,0,12,0,314
19382.0,1,1,10,0,12,0,314
19383.0,1,1,10,0,12,0,314
19384.0,1,1,10,0,12,0,314
19385.0,1,1,10,0,12,0,314
19386.0,1,1,10,0,12,0,314
19387.0,1,1,10,0,12,0,314
19388.0,1,1,10,0,12,0,314
19389.0,1,1,10,0,12,0,314
19390.0,1,1,10,0,12,0,314
19391.0,1,1,10,0,12,0,314
19392.0,1,1,10,0,12,0,314
19393.0,1,1,10,0,12,0,314
19394.0,1,1,10,0,12,0,314
19395.0,1,1,10,0,12,0,314
19396.0,1,1,10,0,12,0,314
19397.0,1,1,10,0,12,0,314
19398.0,1,1,10,0,12,0,314
19399.0,1,1,10,0,12,0,314
19400.0,1,1,10,0,12,0,314
19401.0,1,1,10,0,12,0,314
19402.0,1,1,10,0,12,0,314
19403.0,1,1,10,0,12,0,314
19404.0,1,1,10,0,12,0,314
19405.0,1,1,10,0,12,0,314
19406.0,1,1,10,0,12,0,314
19407.0,1,1,10,0,12,0,314
19408.0,1,1,10,0,12,0,314
19409.0,1,1,10,0,12,0,314
19410.0,1,1,10,0,12,0,314
19411.0,1,1,10,0,12,0,314
19412.0,1,1,10,0,12,0,314
19413.0,1,1,10,0,12,0,314
19414.0,1,1,10,0,12,0,314
19415.0,1,1,10,0,12,0,314
19416.0,1,1,10,0,12,0,314
19417.0,1,1,10,0,12,0,314
19418.0,1,1,10,0,12,0,314
19419.0,1,1,10,0,12,0,314
19420.0,1,1,10,0,12,0,314
19421.0,1,1,10,0,12,0,314
19422.0,1,1,10,0,12,0,314
19423.0,1,1,10,0,12,0,314
19424.0,1,1,10,0,12,0,314
19425.0,1,1,10,0,12,0,314
19426.0,1,1,10,0,12,0,314
19427.0,1,1,10,0,12,0,314
19428.0,1,1,10,0,12,0,314
19429.0,1,1,10,0,12,0,314
19430.0,1,1,10,0,12,0,314
19431.0,1,1,10,0,12,0,314
19432.0,1,1,10,0,12,0,314
19433.0,1,1,10,0,12,0,314
19434.0,1,1,10,0,12,0,314
19435.0,1,1,10,0,12,0,314
19436.0,1,1,10,0,12,0,314
19437.0,1,1,10,0,12,0,314
19438.0,1,1,10,0,12,0,314
19439.0,1,1,10,0,12,0,314
19440.0,1,1,10,0,12,0,314
19441.0,1,1,10,0,12,0,314
19442.0,1,1,10,0,12,0,314
19443.0,1,1,10,0,12,0,314
19444.0,1,1,10,0,12,0,314
19445.0,1,1,10,0,12,0,314
19446.0,1,1,10,0,12,0,314
19447.0,1,1,10,0,12,0,314
19448.0,1,1,10,0,12,0,314
19449.0,1,1,10,0,12,0,314
19450.0,1,1,10,0,12,0,314
19451.0,1,1,10,0,12,0,314
19452.0,1,1,10,0,12,0,314
19453.0,1,1,10,0,12,0,314
19454.0,1,1,10,0,12,0,314
19455.0,1,1,10,0,12,0,314
19456.0,1,1,10,0,12,0,314
19457.0,1,1,10,0,12,0,314
19458.0,1,1,10,0,12,0,314
19459.0,1,1,10,0,12,0,314
19460.0,1,1,10,0,12,0,314
19461.0,1,1,10,0,12,0,314
19462.0,1,1,10,0,12,0,314
19463.0,1,1,10,0,12,0,314
19464.0,1,1,10,0,12,0,314
19465.0,1,1,10,0,12,0,314
19466.0,1,1,10,0,12,0,314
19467.0,1,1,10,0,12,0,314
19468.0,1,1,10,0,12,0,314
19469.0,1,1,10,0,12,0,314
19470.0,1,1,10,0,12,0,314
19471.0,1,1,10,0,12,0,314
19472.0,1,1,10,0,12,0,314
19473.0,1,1,10,0,12,0,314
19474.0,1,1,10,0,12,0,314
19475.0,1,1,10,0,12,0,314
19476.0,1,1,10,0,12,0,314
19477.0,1,1,10,0,12,0,314
19478.0,1,1,10,0,12,0,314
19479.0,1,1,10,0,12,0,314
19480.0,1,1,10,0,12,0,314
19481.0,1,1,10,0,12,0,314
19482.0,1,1,10,0,12,0,314
19483.0,1,1,10,0,12,0,314
19484.0,1,1,10,0,12,0,314
19485.0,1,1,10,0,12,0,314
19486.0,1,1,10,0,12,0,314
19487.0,1,1,10,0,12,0,314
19488.0,1,1,10,0,12,0,314
19489.0,1,1,10,0,12,0,314
19490.0,1,1,10,0,12,0,314
19491.0,1,1,10,0,12,0,314
19492.0,1,1,10,0,12,0,314
19493.0,1,1,10,0,12,0,314
19494.0,1,1,10,0,12,0,314
19495.0,1,1,10,0,12,0,314
19496.0,1,1,10,0,12,0,314
19497.0,1,1,10,0,12,0,314
19498.0,1,1,10,0,12,0,314
19499.0,1,1,10,0,12,0,314
19500.0,1,1,10,0,12,0,314
19501.0,1,1,10,0,12,0,314
19502.0,1,1,10,0,12,0,314
19503.0,1,1,10,0,12,0,314
19504.0,1,1,10,0,12,0,314
19505.0,1,1,10,0,12,0,314
19506.0,1,1,10,0,12,0,314
19507.0,1,1,10,0,12,0,314
19508.0,1,1,10,0,12,0,314
19509.0,1,1,10,0,12,0,314
19510.0,1,1,10,0,12,0,314
19511.0,1,1,10,0,12,0,314
19512.0,1,1,10,0,12,0,314
19513.0,1,1,10,0,12,0,314
19514.0,1,1,10,0,12,0,314
19515.0,1,1,10,0,12,0,314
19516.0,1,1,10,0,12,0,314
19517.0,1,1,10,0,12,0,314
19518.0,1,1,10,0,12,0,314
19519.0,1,1,10,0,12,0,314
19520.0,1,1,10,0,12,0,314
19521.0,1,1,10,0,12,0,314
19522.0,1,1,10,0,12,0,314
19523.0,1,1,10,0,12,0,314
19524.0,1,1,10,0,12,0,314
19525.0,1,1,10,0,12,0,314
19526.0,1,1,10,0,12,0,314
19527.0,1,1,10,0,12,0,314
19528.0,1,1,10,0,12,0,314
19529.0,1,1,10,0,12,0,314
19530.0,1,1,10,0,12,0,314
19531.0,1,1,10,0,12,0,314
19532.0,1,1,10,0,12,0,314
19533.0,1,1,10,0,12,0,314
19534.0,1,1,10,0,12,0,314
19535.0,1,1,10,0,12,0,314
19536.0,1,1,10,0,12,0,314
19537.0,1,1,10,0,12,0,314
19538.0,1,1,10,0,12,0,314
19539.0,1,1,10,0,12,0,314
19540.0,1,1,10,0,12,0,314
19541.0,1,1,10,0,12,0,314
19542.0,1,1,10,0,12,0,314
19543.0,1,1,10,0,12,0,314
19544.0,1,1,10,0,12,0,314
19545.0,1,1,10,0,12,0,314
19546.0,1,1,10,0,12,0,314
19547.0,1,1,10,0,12,0,314
19548.0,1,1,10,0,12,0,314
19549.0,1,1,10,0,12,0,314
19550.0,1,1,10,0,12,0,314
19551.0,1,1,10,0,12,0,314
19552.0,1,1,10,0,12,0,314
19553.0,1,1,10,0,12,0,314
19554.0,1,1,10,0,12,0,314
19555.0,1,1,10,0,12,0,314
19556.0,1,1,10,0,12,0,314
19557.0,1,1,10,0,12,0,314
19558.0,1,1,10,0,12,0,314
19559.0,1,1,10,0,12,0,314
19560.0,1,1,10,0,12,0,314
19561.0,1,1,10,0,12,0,314
19562.0,1,1,10,0,12,0,314
19563.0,1,1,10,0,12,0,314
19564.0,1,1,10,0,12,0,314
19565.0,1,1,10,0,12,0,314
19566.0,1,1,10,0,12,0,314
19567.0,1,1,10,0,12,0,314
19568.0,1,1,10,0,12,0,314
19569.0,1,1,10,0,12,0,314
19570.0,1,1,10,0,12,0,314
19571.0,1,1,10,0,12,0,314
19572.0,1,1,10,0,12,0,314
19573.0,1,1,10,0,12,0,314
19574.0,1,1,10,0,12,0,314
19575.0,1,1,10,0,12,0,314
19576.0,1,1,10,0,12,0,314
19577.0,1,1,10,0,12,0,314
19578.0,1,1,10,0,12,0,314
19579.0,1,1,10,0,12,0,314
19580.0,1,1,10,0,12,0,314
19581.0,1,1,10,0,12,0,314
19582.0,1,1,10,0,12,0,314
19583.0,1,1,10,0,12,0,314
19584.0,1,1,10,0,12,0,314
19585.0,1,1,10,0,12,0,314
19586.0,1,1,10,0,12,0,314
19587.0,1,1,10,0,12,0,314
19588.0,1,1,10,0,12,0,314
19589.0,1,1,10,0,12,0,314
19590.0,1,1,10,0,12,0,314
19591.0,1,1,10,0,12,0,314
19592.0,1,1,10,0,12,0,314
19593.0,1,1,10,0,12,0,314
19594.0,1,1,10,0,12,0,314
19595.0,1,1,10,0,12,0,314
19596.0,1,1,10,0,12,0,314
19597.0,1,1,10,0,12,0,314
19598.0,1,1,10,0,12,0,314
19599.0,1,1,10,0,12,0,314
19600.0,1,1,10,0,12,0,314
19601.0,1,1,10,0,12,0,314
19602.0,1,1,10,0,12,0,314
19603.0,1,1,10,0,12,0,314
19604.0,1,1,10,0,12,0,314
19605.0,1,1,10,0,12,0,314
19606.0,1,1,10,0,12,0,314
19607.0,1,1,10,0,12,0,314
19608.0,1,1,10,0,12,0,314
19609.0,1,1,10,0,12,0,314
19610.0,1,1,10,0,12,0,314
19611.0,1,1,10,0,12,0,314
19612.0,1,1,10,0,12,0,314
19613.0,1,1,10,0,12,0,314
19614.0,1,1,10,0,12,0,314
19615.0,1,1,10,0,12,0,314
19616.0,1,1,10,0,12,0,314
19617.0,1,1,10,0,12,0,314
19618.0,1,1,10,0,12,0,314
19619.0,1,1,10,0,12,0,314
19620.0,1,1,10,0,12,0,314
19621.0,1,1,10,0,12,0,314
19622.0,1,1,10,0,12,0,314
19623.0,1,1,10,0,12,0,314
19624.0,1,1,10,0,12,0,314
19625.0,1,1,10,0,12,0,314
19626.0,1,1,10,0,12,0,314
19627.0,1,1,10,0,12,0,314
19628.0,1,1,10,0,12,0,314
19629.0,1,1,10,0,12,0,314
19630.0,1,1,10,0,12,0,314
19631.0,1,1,10,0,12,0,314
19632.0,1,1,10,0,12,0,314
19633.0,1,1,10,0,12,0,314
19634.0,1,1,10,0,12,0,314
19635.0,1,1,10,0,12,0,314
19636.0,1,1,10,0,12,0,314
19637.0,1,1,10,0,12,0,314
19638.0,1,1,10,0,12,0,314
19639.0,1,1,10,0,12,0,314
19640.0,1,1,10,0,12,0,314
19641.0,1,1,10,0,12,0,314
19642.0,1,1,10,0,12,0,314
19643.0,1,1,10,0,12,0,314
19644.0,1,1,10,0,12,0,314
19645.0,1,1,10,0,12,0,314
19646.0,1,1,10,0,12,0,314
19647.0,1,1,10,0,12,0,314
19648.0,1,1,10,0,12,0,314
19649.0,1,1,10,0,12,0,314
19650.0,1,1,10,0,12,0,314
19651.0,1,1,10,0,12,0,314
19652.0,1,1,10,0,12,0,314
19653.0,1,1,10,0,12,0,314
19654.0,1,1,10,0,12,0,314
19655.0,1,1,10,0,12,0,314
19656.0,1,1,10,0,12,0,314
19657.0,1,1,10,0,12,0,314
19658.0,1,1,10,0,12,0,314
19659.0,1,1,10,0,12,0,314
19660.0,1,1,10,0,12,0,314
19661.0,1,1,10,0,12,0,314
19662.0,1,1,10,0,12,0,314
19663.0,1,1,10,0,12,0,314
19664.0,1,1,10,0,12,0,314
19665.0,1,1,10,0,12,0,314
19666.0,1,1,10,0,12,0,314
19667.0,1,1,10,0,12,0,314
19668.0,1,1,10,0,12,0,314
19669.0,1,1,10,0,12,0,314
19670.0,1,1,10,0,12,0,314
19671.0,1,1,10,0,12,0,314
19672.0,1,1,10,0,12,0,314
19673.0,1,1,10,0,12,0,314
19674.0,1,1,10,0,12,0,314
19675.0,1,1,10,0,12,0,314
19676.0,1,1,10,0,12,0,314
19677.0,1,1,10,0,12,0,314
19678.0,1,1,10,0,12,0,314
19679.0,1,1,10,0,12,0,314
19680.0,1,1,10,0,12,0,314
19681.0,1,1,10,0,12,0,314
19682.0,1,1,10,0,12,0,314
19683.0,1,1,10,0,12,0,314
19684.0,1,1,10,0,12,0,314
19685.0,1,1,10,0,12,0,314
19686.0,1,1,10,0,12,0,314
19687.0,1,1,10,0,12,0,314
19688.0,1,1,10,0,12,0,314
19689.0,1,1,10,0,12,0,314
19690.0,1,1,10,0,12,0,314
19691.0,1,1,10,0,12,0,314
19692.0,1,1,10,0,12,0,314
19693.0,1,1,10,0,12,0,314
19694.0,1,1,10,0,12,0,314
19695.0,1,1,10,0,12,0,314
19696.0,1,1,10,0,12,0,314
19697.0,1,1,10,0,12,0,314
19698.0,1,1,10,0,12,0,314
19699.0,1,1,10,0,12,0,314
19700.0,1,1,10,0,12,0,314
19701.0,1,1,10,0,12,0,314
19702.0,1,1,10,0,12,0,314
19703.0,1,1,10,0,12,0,314
19704.0,1,1,10,0,12,0,314
19705.0,1,1,10,0,12,0,314
19706.0,1,1,10,0,12,0,314
19707.0,1,1,10,0,12,0,314
19708.0,1,1,10,0,12,0,314
19709.0,1,1,10,0,12,0,314
19710.0,1,1,10,0,12,0,314
19711.0,1,1,10,0,12,0,314
19712.0,1,1,10,0,12,0,314
19713.0,1,1,10,0,12,0,314
19714.0,1,1,10,0,12,0,314
19715.0,1,1,10,0,12,0,314
19716.0,1,1,10,0,12,0,314
19717.0,1,1,10,0,12,0,314
19718.0,1,1,10,0,12,0,314
19719.0,1,1,10,0,12,0,314
19720.0,1,1,10,0,12,0,314
19721.0,1,1,10,0,12,0,314
19722.0,1,1,10,0,12,0,314
19723.0,1,1,10,0,12,0,314
19724.0,1,1,10,0,12,0,314
19725.0,1,1,10,0,12,0,314
19726.0,1,1,10,0,12,0,314
19727.0,1,1,10,0,12,0,314
19728.0,1,1,10,0,12,0,314
19729.0,1,1,10,0,12,0,314
19730.0,1,1,10,0,12,0,314
19731.0,1,1,10,0,12,0,314
19732.0,1,1,10,0,12,0,314
19733.0,1,1,10,0,12,0,314
19734.0,1,1,10,0,12,0,314
19735.0,1,1,10,0,12,0,314
19736.0,1,1,10,0,12,0,314
19737.0,1,1,10,0,12,0,314
19738.0,1,1,10,0,12,0,314
19739.0,1,1,10,0,12,0,314
19740.0,1,1,10,0,12,0,314
19741.0,1,1,10,0,12,0,314
19742.0,1,1,10,0,12,0,314
19743.0,1,1,10,0,12,0,314
19744.0,1,1,10,0,12,0,314
19745.0,1,1,10,0,12,0,314
19746.0,1,1,10,0,12,0,314
19747.0,1,1,10,0,12,0,314
19748.0,1,1,10,0,12,0,314
19749.0,1,1,10,0,12,0,314
19750.0,1,1,10,0,12,0,314
19751.0,1,1,10,0,12,0,314
19752.0,1,1,10,0,12,0,314
19753.0,1,1,10,0,12,0,314
19754.0,1,1,10,0,12,0,314
19755.0,1,1,10,0,12,0,314
19756.0,1,1,10,0,12,0,314
19757.0,1,1,10,0,12,0,314
19758.0,1,1,10,0,12,0,314
19759.0,1,1,10,0,12,0,314
19760.0,1,1,10,0,12,0,314
19761.0,1,1,10,0,12,0,314
19762.0,1,1,10,0,12,0,314
19763.0,1,1,10,0,12,0,314
19764.0,1,1,10,0,12,0,314
19765.0,1,1,10,0,12,0,314
19766.0,1,1,10,0,12,0,314
19767.0,1,1,10,0,12,0,314
19768.0,1,1,10,0,12,0,314
19769.0,1,1,10,0,12,0,314
19770.0,1,1,10,0,12,0,314
19771.0,1,1,10,0,12,0,314
19772.0,1,1,10,0,12,0,314
19773.0,1,1,10,0,12,0,314
19774.0,1,1,10,0,12,0,314
19775.0,1,1,10,0,12,0,314
19776.0,1,1,10,0,12,0,314
19777.0,1,1,10,0,12,0,314
19778.0,1,1,10,0,12,0,314
19779.0,1,1,10,0,12,0,314
19780.0,1,1,10,0,12,0,314
19781.0,1,1,10,0,12,0,314
19782.0,1,1,10,0,12,0,314
19783.0,1,1,10,0,12,0,314
19784.0,1,1,10,0,12,0,314
19785.0,1,1,10,0,12,0,314
19786.0,1,1,10,0,12,0,314
19787.0,1,1,10,0,12,0,314
19788.0,1,1,10,0,12,0,314
19789.0,1,1,10,0,12,0,314
19790.0,1,1,10,0,12,0,314
19791.0,1,1,10,0,12,0,314
19792.0,1,1,10,0,12,0,314
19793.0,1,1,10,0,12,0,314
19794.0,1,1,10,0,12,0,314
19795.0,1,1,10,0,12,0,314
19796.0,1,1,10,0,12,0,314
19797.0,1,1,10,0,12,0,314
19798.0,1,1,10,0,12,0,314
19799.0,1,1,10,0,12,0,314
19800.0,1,1,10,0,12,0,314
19801.0,1,1,10,0,12,0,314
19802.0,1,1,10,0,12,0,314
19803.0,1,1,10,0,12,0,314
19804.0,1,1,10,0,12,0,314
19805.0,1,1,10,0,12,0,314
19806.0,1,1,10,0,12,0,314
19807.0,1,1,10,0,12,0,314
19808.0,1,1,10,0,12,0,314
19809.0,1,1,10,0,12,0,314
19810.0,1,1,10,0,12,0,314
19811.0,1,1,10,0,12,0,314
19812.0,1,1,10,0,12,0,314
19813.0,1,1,10,0,12,0,314
19814.0,1,1,10,0,12,0,314
19815.0,1,1,10,0,12,0,314
19816.0,1,1,10,0,12,0,314
19817.0,1,1,10,0,12,0,314
19818.0,1,1,10,0,12,0,314
19819.0,1,1,10,0,12,0,314
19820.0,1,1,10,0,12,0,314
19821.0,1,1,10,0,12,0,314
19822.0,1,1,10,0,12,0,314
19823.0,1,1,10,0,12,0,314
19824.0,1,1,10,0,12,0,314
19825.0,1,1,10,0,12,0,314
19826.0,1,1,10,0,12,0,314
19827.0,1,1,10,0,12,0,314
19828.0,1,1,10,0,12,0,314
19829.0,1,1,10,0,12,0,314
19830.0,1,1,10,0,12,0,314
19831.0,1,1,10,0,12,0,314
19832.0,1,1,10,0,12,0,314
19833.0,1,1,10,0,12,0,314
19834.0,1,1,10,0,12,0,314
19835.0,1,1,10,0,12,0,314
19836.0,1,1,10,0,12,0,314
19837.0,1,1,10,0,12,0,314
19838.0,1,1,10,0,12,0,314
19839.0,1,1,10,0,12,0,314
19840.0,1,1,10,0,12,0,314
19841.0,1,1,10,0,12,0,314
19842.0,1,1,10,0,12,0,314
19843.0,1,1,10,0,12,0,314
19844.0,1,1,10,0,12,0,314
19845.0,1,1,10,0,12,0,314
19846.0,1,1,10,0,12,0,314
19847.0,1,1,10,0,12,0,314
19848.0,1,1,10,0,12,0,314
19849.0,1,1,10,0,12,0,314
19850.0,1,1,10,0,12,0,314
19851.0,1,1,10,0,12,0,314
19852.0,1,1,10,0,12,0,314
19853.0,1,1,10,0,12,0,314
19854.0,1,1,10,0,12,0,314
19855.0,1,1,10,0,12,0,314
19856.0,1,1,10,0,12,0,314
19857.0,1,1,10,0,12,0,314
19858.0,1,1,10,0,12,0,314
19859.0,1,1,10,0,12,0,314
19860.0,1,1,10,0,12,0,314
19861.0,1,1,10,0,12,0,314
19862.0,1,1,10,0,12,0,314
19863.0,1,1,10,0,12,0,314
19864.0,1,1,10,0,12,0,314
19865.0,1,1,10,0,12,0,314
19866.0,1,1,10,0,12,0,314
19867.0,1,1,10,0,12,0,314
19868.0,1,1,10,0,12,0,314
19869.0,1,1,10,0,12,0,314
19870.0,1,1,10,0,12,0,314
19871.0,1,1,10,0,12,0,314
19872.0,1,1,10,0,12,0,314
19873.0,1,1,10,0,12,0,314
19874.0,1,1,10,0,12,0,314
19875.0,1,1,10,0,12,0,314
19876.0,1,1,10,0,12,0,314
19877.0,1,1,10,0,12,0,314
19878.0,1,1,10,0,12,0,314
19879.0,1,1,10,0,12,0,314
19880.0,1,1,10,0,12,0,314
19881.0,1,1,10,0,12,0,314
19882.0,1,1,10,0,12,0,314
19883.0,1,1,10,0,12,0,314
19884.0,1,1,10,0,12,0,314
19885.0,1,1,10,0,12,0,314
19886.0,1,1,10,0,12,0,314
19887.0,1,1,10,0,12,0,314
19888.0,1,1,10,0,12,0,314
19889.0,1,1,10,0,12,0,314
19890.0,1,1,10,0,12,0,314
19891.0,1,1,10,0,12,0,314
19892.0,1,1,10,0,12,0,314
19893.0,1,1,10,0,12,0,314
19894.0,1,1,10,0,12,0,314
19895.0,1,1,10,0,12,0,314
19896.0,1,1,10,0,12,0,314
19897.0,1,1,10,0,12,0,314
19898.0,1,1,10,0,12,0,314
19899.0,1,1,10,0,12,0,314
19900.0,1,1,10,0,12,0,314
19901.0,1,1,10,0,12,0,314
19902.0,1,1,10,0,12,0,314
19903.0,1,1,10,0,12,0,314
19904.0,1,1,10,0,12,0,314
19905.0,1,1,10,0,12,0,314
19906.0,1,1,10,0,12,0,314
19907.0,1,1,10,0,12,0,314
19908.0,1,1,10,0,12,0,314
19909.0,1,1,10,0,12,0,314
19910.0,1,1,10,0,12,0,314
19911.0,1,1,10,0,12,0,314
19912.0,1,1,10,0,12,0,314
19913.0,1,1,10,0,12,0,314
19914.0,1,1,10,0,12,0,314
19915.0,1,1,10,0,12,0,314
19916.0,1,1,10,0,12,0,314
19917.0,1,1,10,0,12,0,314
19918.0,1,1,10,0,12,0,314
19919.0,1,1,10,0,12,0,314
19920.0,1,1,10,0,12,0,314
19921.0,1,1,10,0,12,0,314
19922.0,1,1,10,0,12,0,314
19923.0,1,1,10,0,12,0,314
19924.0,1,1,10,0,12,0,314
19925.0,1,1,10,0,12,0,314
19926.0,1,1,10,0,12,0,314
19927.0,1,1,10,0,12,0,314
19928.0,1,1,10,0,12,0,314
19929.0,1,1,10,0,12,0,314
19930.0,1,1,10,0,12,0,314
19931.0,1,1,10,0,12,0,314
19932.0,1,1,10,0,12,0,314
19933.0,1,1,10,0,12,0,314
19934.0,1,1,10,0,12,0,314
19935.0,1,1,10,0,12,0,314
19936.0,1,1,10,0,12,0,314
19937.0,1,1,10,0,12,0,314
19938.0,1,1,10,0,12,0,314
19939.0,1,1,10,0,12,0,314
19940.0,1,1,10,0,12,0,314
19941.0,1,1,10,0,12,0,314
19942.0,1,1,10,0,12,0,314
19943.0,1,1,10,0,12,0,314
19944.0,1,1,10,0,12,0,314
19945.0,1,1,10,0,12,0,314
19946.0,1,1,10,0,12,0,314
19947.0,1,1,10,0,12,0,314
19948.0,1,1,10,0,12,0,314
19949.0,1,1,10,0,12,0,314
19950.0,1,1,10,0,12,0,314
19951.0,1,1,10,0,12,0,314
19952.0,1,1,10,0,12,0,314
19953.0,1,1,10,0,12,0,314
19954.0,1,1,10,0,12,0,314
19955.0,1,1,10,0,12,0,314
19956.0,1,1,10,0,12,0,314
19957.0,1,1,10,0,12,0,314
19958.0,1,1,10,0,12,0,314
19959.0,1,1,10,0,12,0,314
19960.0,1,1,10,0,12,0,314
19961.0,1,1,10,0,12,0,314
19962.0,1,1,10,0,12,0,314
19963.0,1,1,10,0,12,0,314
19964.0,1,1,10,0,12,0,314
19965.0,1,1,10,0,12,0,314
19966.0,1,1,10,0,12,0,314
19967.0,1,1,10,0,12,0,314
19968.0,1,1,10,0,12,0,314
19969.0,1,1,10,0,12,0,314
19970.0,1,1,10,0,12,0,314
19971.0,1,1,10,0,12,0,314
19972.0,1,1,10,0,12,0,314
19973.0,1,1,10,0,12,0,314
19974.0,1,1,10,0,12,0,314
19975.0,1,1,10,0,12,0,314
19976.0,1,1,10,0,12,0,314
19977.0,1,1,10,0,12,0,314
19978.0,1,1,10,0,12,0,314
19979.0,1,1,10,0,12,0,314
19980.0,1,1,10,0,12,0,314
19981.0,1,1,10,0,12,0,314
19982.0,1,1,10,0,12,0,314
19983.0,1,1,10,0,12,0,314
19984.0,1,1,10,0,12,0,314
19985.0,1,1,10,0,12,0,314
19986.0,1,1,10,0,12,0,314
19987.0,1,1,10,0,12,0,314
19988.0,1,1,10,0,12,0,314
19989.0,1,1,10,0,12,0,314
19990.0,1,1,10,0,12,0,314
19991.0,1,1,10,0,12,0,314
19992.0,1,1,10,0,12,0,314
19993.0,1,1,10,0,12,0,314
19994.0,1,1,10,0,12,0,314
19995.0,1,1,10,0,12,0,314
19996.0,1,1,10,0,12,0,314
19997.0,1,1,10,0,12,0,314
19998.0,1,1,10,0,12,0,314
19999.0,1,1,10,0,12,0,314
20000.0,1,1,10,0,12,0,314
