time,queue_N,queue_S,queue_E,queue_W,queue_total,phase,phase_switches
1.0,0,0,0,0,0,0,0
2.0,0,0,0,0,0,0,0
3.0,0,0,0,0,0,0,0
4.0,0,0,0,0,0,0,0
5.0,0,0,0,0,0,0,0
6.0,1,0,0,0,1,0,0
7.0,0,0,0,0,0,0,0
8.0,0,0,0,0,0,0,0
9.0,0,0,0,0,0,0,0
10.0,1,0,0,0,1,0,0
11.0,0,1,0,0,1,0,0
12.0,0,0,0,0,0,0,0
13.0,0,0,0,0,0,0,0
14.0,0,1,0,0,1,0,0
15.0,0,0,0,0,0,0,0
16.0,0,0,0,0,0,0,0
17.0,0,0,0,0,0,0,0
18.0,0,0,0,0,0,0,1
19.0,0,0,0,0,0,0,1
20.0,0,0,0,0,0,0,1
21.0,0,0,0,0,0,0,1
22.0,0,1,0,0,1,0,1
23.0,0,0,0,0,0,0,1
24.0,0,0,0,0,0,0,1
25.0,0,0,0,0,0,0,1
26.0,0,0,0,0,0,0,1
27.0,0,0,0,0,0,0,1
28.0,1,0,0,0,1,0,1
29.0,1,0,0,0,1,0,1
30.0,1,0,0,0,1,0,1
31.0,1,0,0,0,1,0,1
32.0,1,0,0,0,1,0,1
33.0,1,0,0,0,1,0,2
34.0,0,0,0,0,0,0,2
35.0,0,0,0,0,0,0,2
36.0,0,0,0,0,0,0,2
37.0,0,0,0,0,0,0,2
38.0,0,0,0,0,0,0,2
39.0,0,0,0,0,0,0,2
40.0,0,0,0,0,0,0,2
41.0,0,0,0,0,0,0,2
42.0,0,0,0,0,0,0,2
43.0,0,0,0,0,0,0,2
44.0,0,0,0,0,0,0,2
45.0,0,0,0,0,0,0,2
46.0,0,0,0,0,0,0,2
47.0,0,0,0,0,0,0,2
48.0,0,0,0,0,0,0,3
49.0,0,0,0,1,1,0,3
50.0,0,0,0,0,0,0,3
51.0,0,0,0,0,0,0,3
52.0,0,0,0,0,0,0,3
53.0,0,0,0,0,0,0,3
54.0,0,0,0,0,0,0,3
55.0,0,0,0,0,0,0,3
56.0,0,0,0,0,0,0,3
57.0,0,0,0,0,0,0,3
58.0,0,0,0,0,0,0,3
59.0,0,0,0,0,0,0,3
60.0,0,0,0,0,0,0,3
61.0,0,0,0,0,0,0,3
62.0,0,0,0,0,0,0,3
63.0,0,0,0,0,0,0,4
64.0,0,0,0,0,0,0,4
65.0,0,0,0,0,0,0,4
66.0,0,0,0,0,0,0,4
67.0,0,0,0,1,1,0,4
68.0,0,0,1,1,2,0,4
69.0,0,0,0,1,1,0,4
70.0,0,0,0,1,1,0,4
71.0,0,0,0,1,1,0,4
72.0,0,0,0,1,1,0,4
73.0,0,0,0,1,1,0,4
74.0,0,0,0,1,1,0,4
75.0,0,0,0,1,1,0,4
76.0,0,0,0,2,2,0,4
77.0,0,0,0,2,2,0,4
78.0,0,0,1,2,3,0,5
79.0,0,0,1,2,3,0,5
80.0,0,0,1,3,4,0,5
81.0,0,0,1,3,4,0,5
82.0,0,0,1,3,4,0,5
83.0,0,0,1,3,4,0,5
84.0,0,0,1,3,4,0,5
85.0,0,0,1,4,5,0,5
86.0,0,0,1,3,4,0,5
87.0,0,0,1,3,4,0,5
88.0,0,0,1,3,4,0,5
89.0,0,0,1,3,4,0,5
90.0,0,0,1,3,4,0,5
91.0,0,0,1,3,4,0,5
92.0,0,0,1,3,4,0,5
93.0,0,0,1,3,4,0,6
94.0,0,0,0,1,1,0,6
95.0,0,0,0,0,0,0,6
96.0,0,0,0,0,0,0,6
97.0,0,0,0,0,0,0,6
98.0,0,0,0,0,0,0,6
99.0,0,0,0,0,0,0,6
100.0,0,0,0,0,0,0,6
101.0,0,0,0,0,0,0,6
102.0,0,0,0,0,0,0,6
103.0,0,0,0,0,0,0,6
104.0,0,0,1,0,1,0,6
105.0,0,0,0,0,0,0,6
106.0,0,0,0,0,0,0,6
107.0,1,0,0,0,1,0,6
108.0,0,0,0,0,0,0,7
109.0,0,0,0,0,0,0,7
110.0,0,0,0,0,0,0,7
111.0,0,0,0,0,0,0,7
112.0,0,0,0,0,0,0,7
113.0,0,0,0,0,0,0,7
114.0,0,0,0,0,0,0,7
115.0,0,0,0,1,1,0,7
116.0,0,0,0,1,1,0,7
117.0,0,0,1,2,3,0,7
118.0,0,0,1,2,3,0,7
119.0,0,0,1,2,3,0,7
120.0,0,0,1,2,3,0,7
121.0,0,0,1,2,3,0,7
122.0,0,0,1,2,3,0,7
123.0,0,0,1,2,3,0,8
124.0,0,0,0,1,1,0,8
125.0,0,0,0,0,0,0,8
126.0,0,0,0,0,0,0,8
127.0,0,0,0,0,0,0,8
128.0,0,0,0,0,0,0,8
129.0,0,0,0,0,0,0,8
130.0,0,0,0,0,0,0,8
131.0,0,0,0,0,0,0,8
132.0,1,0,0,0,1,0,8
133.0,1,1,0,0,2,0,8
134.0,1,1,0,0,2,0,8
135.0,1,1,0,0,2,0,8
136.0,1,1,0,0,2,0,8
137.0,1,1,0,0,2,0,8
138.0,1,1,0,0,2,0,9
139.0,0,0,0,0,0,0,9
140.0,0,0,0,0,0,0,9
141.0,0,0,0,0,0,0,9
142.0,0,0,0,0,0,0,9
143.0,0,0,0,0,0,0,9
144.0,0,0,1,0,1,0,9
145.0,0,0,0,0,0,0,9
146.0,0,0,0,0,0,0,9
147.0,0,0,0,0,0,0,9
148.0,0,0,0,0,0,0,9
149.0,0,0,0,0,0,0,9
150.0,0,0,0,0,0,0,9
151.0,0,0,0,0,0,0,9
152.0,0,0,0,0,0,0,9
153.0,0,0,0,0,0,0,10
154.0,0,0,0,0,0,0,10
155.0,0,1,0,0,1,0,10
156.0,0,1,0,0,1,0,10
157.0,0,1,0,0,1,0,10
158.0,0,1,0,0,1,0,10
159.0,0,1,0,0,1,0,10
160.0,0,1,0,0,1,0,10
161.0,1,1,0,0,2,0,10
162.0,0,1,0,0,1,0,10
163.0,0,1,0,0,1,0,10
164.0,0,1,0,0,1,0,10
165.0,0,1,0,0,1,0,10
166.0,0,1,0,0,1,0,10
167.0,0,1,0,0,1,0,10
168.0,0,1,0,0,1,0,11
169.0,0,1,0,0,1,0,11
170.0,0,1,0,0,1,0,11
171.0,0,1,0,0,1,0,11
172.0,0,1,0,0,1,0,11
173.0,0,1,0,0,1,0,11
174.0,0,1,0,1,2,0,11
175.0,0,1,0,1,2,0,11
176.0,0,1,0,1,2,0,11
177.0,0,1,0,1,2,0,11
178.0,0,1,0,1,2,0,11
179.0,0,1,0,2,3,0,11
180.0,0,1,0,1,2,0,11
181.0,1,1,0,1,3,0,11
182.0,1,1,1,1,4,0,11
183.0,1,1,1,1,4,0,12
184.0,0,0,1,2,3,0,12
185.0,0,0,1,1,2,0,12
186.0,0,0,2,1,3,0,12
187.0,0,0,2,2,4,0,12
188.0,0,0,2,1,3,0,12
189.0,0,0,2,2,4,0,12
190.0,0,0,2,2,4,0,12
191.0,0,0,2,3,5,0,12
192.0,0,0,2,3,5,0,12
193.0,0,0,2,3,5,0,12
194.0,0,0,2,3,5,0,12
195.0,0,0,2,5,7,0,12
196.0,0,0,2,5,7,0,12
197.0,1,0,2,6,9,0,12
198.0,0,0,2,6,8,0,13
199.0,0,0,1,3,4,0,13
200.0,0,0,0,1,1,0,13
201.0,0,0,0,0,0,0,13
202.0,0,1,0,0,1,0,13
203.0,0,0,0,0,0,0,13
204.0,0,0,0,0,0,0,13
205.0,0,0,0,0,0,0,13
206.0,0,0,0,0,0,0,13
207.0,0,0,0,0,0,0,13
208.0,0,0,0,0,0,0,13
209.0,0,0,0,0,0,0,13
210.0,0,0,0,0,0,0,13
211.0,0,0,0,0,0,0,13
212.0,0,1,0,0,1,0,13
213.0,0,1,0,0,1,0,13
214.0,0,1,0,0,1,0,13
215.0,0,2,0,0,2,0,13
216.0,0,2,0,0,2,0,13
217.0,0,2,0,0,2,0,13
218.0,1,2,0,0,3,0,14
219.0,1,1,0,0,2,0,14
220.0,1,0,0,0,1,0,14
221.0,1,0,0,0,1,0,14
222.0,1,0,0,0,1,0,14
223.0,1,0,0,0,1,0,14
224.0,1,0,0,0,1,0,14
225.0,1,0,0,0,1,0,14
226.0,1,0,0,0,1,0,14
227.0,1,0,0,0,1,0,14
228.0,1,0,0,0,1,0,14
229.0,1,0,0,0,1,0,14
230.0,1,0,0,0,1,0,14
231.0,1,0,0,0,1,0,14
232.0,1,1,0,0,2,0,14
233.0,1,0,0,0,1,0,15
234.0,0,0,0,0,0,0,15
235.0,0,0,0,0,0,0,15
236.0,0,0,0,0,0,0,15
237.0,0,0,0,0,0,0,15
238.0,0,0,0,0,0,0,15
239.0,0,0,1,0,1,0,15
240.0,0,0,1,0,1,0,15
241.0,0,0,1,0,1,0,15
242.0,0,0,1,0,1,0,15
243.0,0,0,2,0,2,0,15
244.0,0,0,2,0,2,0,15
245.0,0,0,2,0,2,0,15
246.0,0,0,2,0,2,0,15
247.0,0,0,2,0,2,0,15
248.0,0,0,2,0,2,0,16
249.0,0,0,0,0,0,0,16
250.0,0,0,0,0,0,0,16
251.0,0,0,0,0,0,0,16
252.0,0,0,0,0,0,0,16
253.0,0,0,0,0,0,0,16
254.0,0,0,0,0,0,0,16
255.0,0,0,0,0,0,0,16
256.0,0,0,0,0,0,0,16
257.0,0,0,0,0,0,0,16
258.0,0,0,0,0,0,0,16
259.0,0,0,0,0,0,0,16
260.0,0,0,0,0,0,0,16
261.0,0,0,0,0,0,0,16
262.0,0,0,0,0,0,0,16
263.0,0,1,0,0,1,0,17
264.0,1,0,0,0,1,0,17
265.0,0,0,0,0,0,0,17
266.0,0,0,0,0,0,0,17
267.0,0,0,0,0,0,0,17
268.0,0,0,0,0,0,0,17
269.0,0,0,0,0,0,0,17
270.0,0,0,0,0,0,0,17
271.0,0,0,0,0,0,0,17
272.0,0,0,0,1,1,0,17
273.0,0,0,0,0,0,0,17
274.0,0,0,0,0,0,0,17
275.0,0,0,0,0,0,0,17
276.0,0,0,0,0,0,0,17
277.0,0,0,1,0,1,0,17
278.0,0,0,0,0,0,0,18
279.0,0,0,0,0,0,0,18
280.0,0,0,0,0,0,0,18
281.0,1,0,0,0,1,0,18
282.0,0,0,0,0,0,0,18
283.0,0,0,0,0,0,0,18
284.0,0,0,0,0,0,0,18
285.0,0,0,0,0,0,0,18
286.0,0,0,0,0,0,0,18
287.0,0,0,0,0,0,0,18
288.0,0,0,0,0,0,0,18
289.0,0,0,0,0,0,0,18
290.0,0,0,0,0,0,0,18
291.0,0,0,0,0,0,0,18
292.0,0,1,0,0,1,0,18
293.0,0,0,0,0,0,0,19
294.0,0,0,0,0,0,0,19
295.0,0,0,0,0,0,0,19
296.0,0,0,0,0,0,0,19
297.0,0,0,0,0,0,0,19
298.0,0,0,0,0,0,0,19
299.0,0,0,0,0,0,0,19
300.0,0,1,0,0,1,0,19
301.0,0,1,0,0,1,0,19
302.0,0,1,0,0,1,0,19
303.0,0,2,0,0,2,0,19
304.0,1,2,0,0,3,0,19
305.0,0,2,0,0,2,0,19
306.0,1,2,0,0,3,0,19
307.0,1,2,0,0,3,0,19
308.0,1,2,0,0,3,0,20
309.0,0,0,0,0,0,0,20
310.0,0,0,0,0,0,0,20
311.0,0,0,0,0,0,0,20
312.0,0,0,1,0,1,0,20
313.0,1,0,1,0,2,0,20
314.0,0,0,1,0,1,0,20
315.0,0,0,1,0,1,0,20
316.0,0,1,1,0,2,0,20
317.0,0,0,1,0,1,0,20
318.0,0,0,1,0,1,0,20
319.0,0,0,1,0,1,0,20
320.0,0,0,1,0,1,0,20
321.0,0,0,1,0,1,0,20
322.0,0,0,1,0,1,0,20
323.0,0,0,1,0,1,0,21
324.0,0,0,0,1,1,0,21
325.0,0,0,0,0,0,0,21
326.0,0,1,0,0,1,0,21
327.0,1,1,0,0,2,0,21
328.0,0,1,0,0,1,0,21
329.0,1,1,0,0,2,0,21
330.0,1,1,0,0,2,0,21
331.0,1,1,0,0,2,0,21
332.0,1,1,0,0,2,0,21
333.0,1,1,0,0,2,0,21
334.0,1,1,0,0,2,0,21
335.0,2,1,0,0,3,0,21
336.0,2,1,0,0,3,0,21
337.0,2,1,0,0,3,0,21
338.0,2,1,0,0,3,0,22
339.0,0,0,0,0,0,0,22
340.0,0,0,0,0,0,0,22
341.0,0,0,0,0,0,0,22
342.0,0,1,0,0,1,0,22
343.0,0,0,0,0,0,0,22
344.0,0,0,0,0,0,0,22
345.0,0,0,0,0,0,0,22
346.0,0,0,0,0,0,0,22
347.0,0,0,0,0,0,0,22
348.0,0,0,1,0,1,0,22
349.0,0,0,0,0,0,0,22
350.0,0,0,1,0,1,0,22
351.0,0,0,1,0,1,0,22
352.0,0,0,2,0,2,0,22
353.0,0,0,2,0,2,0,23
354.0,0,0,0,0,0,0,23
355.0,0,0,0,0,0,0,23
356.0,0,0,0,0,0,0,23
357.0,0,0,0,0,0,0,23
358.0,0,0,0,0,0,0,23
359.0,0,0,0,0,0,0,23
360.0,0,0,0,0,0,0,23
361.0,0,0,0,0,0,0,23
362.0,0,0,0,1,1,0,23
363.0,0,0,0,0,0,0,23
364.0,0,0,0,0,0,0,23
365.0,0,0,0,0,0,0,23
366.0,0,1,0,0,1,0,23
367.0,0,0,0,0,0,0,23
368.0,0,0,0,0,0,0,24
369.0,0,0,0,0,0,0,24
370.0,0,0,0,1,1,0,24
371.0,0,0,0,1,1,0,24
372.0,0,0,0,1,1,0,24
373.0,0,0,0,1,1,0,24
374.0,0,0,0,1,1,0,24
375.0,0,0,0,1,1,0,24
376.0,0,0,1,2,3,0,24
377.0,0,0,0,2,2,0,24
378.0,0,0,1,2,3,0,24
379.0,0,1,0,2,3,0,24
380.0,0,0,0,2,2,0,24
381.0,0,0,0,3,3,0,24
382.0,0,0,0,3,3,0,24
383.0,0,0,0,3,3,0,25
384.0,0,0,0,3,3,0,25
385.0,0,0,0,3,3,0,25
386.0,0,0,0,3,3,0,25
387.0,0,0,1,3,4,0,25
388.0,0,0,1,3,4,0,25
389.0,0,0,2,3,5,0,25
390.0,0,0,2,3,5,0,25
391.0,0,0,3,3,6,0,25
392.0,0,0,3,3,6,0,25
393.0,0,0,4,3,7,0,25
394.0,0,0,3,3,6,0,25
395.0,0,0,3,3,6,0,25
396.0,0,0,3,3,6,0,25
397.0,0,0,3,3,6,0,25
398.0,0,1,3,3,7,0,26
399.0,0,0,2,0,2,0,26
400.0,0,0,1,0,1,0,26
401.0,0,0,0,0,0,0,26
402.0,0,0,0,0,0,0,26
403.0,0,0,0,0,0,0,26
404.0,0,0,0,0,0,0,26
405.0,0,0,0,0,0,0,26
406.0,0,0,0,0,0,0,26
407.0,0,0,0,0,0,0,26
408.0,0,0,0,0,0,0,26
409.0,0,1,1,0,2,0,26
410.0,0,1,0,0,1,0,26
411.0,0,2,0,0,2,0,26
412.0,0,2,0,0,2,0,26
413.0,0,2,0,0,2,0,27
414.0,0,1,0,0,1,0,27
415.0,0,0,0,0,0,0,27
416.0,0,0,0,0,0,0,27
417.0,0,0,0,0,0,0,27
418.0,0,0,0,0,0,0,27
419.0,1,0,1,0,2,0,27
420.0,0,0,1,1,2,0,27
421.0,0,0,1,0,1,0,27
422.0,0,0,1,0,1,0,27
423.0,0,0,1,1,2,0,27
424.0,0,0,1,0,1,0,27
425.0,1,0,1,0,2,0,27
426.0,0,0,1,0,1,0,27
427.0,0,0,1,0,1,0,27
428.0,0,0,1,1,2,0,28
429.0,0,0,1,1,2,0,28
430.0,0,0,1,1,2,0,28
431.0,0,0,1,2,3,0,28
432.0,0,0,2,2,4,0,28
433.0,0,0,2,2,4,0,28
434.0,0,1,2,3,6,0,28
435.0,0,0,2,3,5,0,28
436.0,0,0,2,3,5,0,28
437.0,0,0,2,3,5,0,28
438.0,0,0,2,3,5,0,28
439.0,0,0,2,3,5,0,28
440.0,0,0,2,3,5,0,28
441.0,0,0,2,3,5,0,28
442.0,0,0,2,3,5,0,28
443.0,0,0,2,3,5,0,29
444.0,0,0,0,1,1,0,29
445.0,1,0,0,0,1,0,29
446.0,1,0,0,0,1,0,29
447.0,1,0,0,0,1,0,29
448.0,1,0,0,0,1,0,29
449.0,1,0,0,0,1,0,29
450.0,1,1,0,0,2,0,29
451.0,1,0,0,0,1,0,29
452.0,1,0,0,0,1,0,29
453.0,1,0,0,0,1,0,29
454.0,1,0,0,0,1,0,29
455.0,1,0,1,0,2,0,29
456.0,1,0,0,0,1,0,29
457.0,1,0,0,0,1,0,29
458.0,1,1,0,0,2,0,30
459.0,1,0,0,0,1,0,30
460.0,1,0,1,0,2,0,30
461.0,1,0,0,0,1,0,30
462.0,1,1,0,0,2,0,30
463.0,1,1,0,0,2,0,30
464.0,1,1,0,0,2,0,30
465.0,1,1,1,0,3,0,30
466.0,1,1,1,0,3,0,30
467.0,1,1,1,0,3,0,30
468.0,1,1,1,0,3,0,30
469.0,1,2,1,0,4,0,30
470.0,1,2,1,0,4,0,30
471.0,1,2,2,0,5,0,30
472.0,1,2,2,0,5,0,30
473.0,1,2,2,0,5,0,31
474.0,0,1,2,0,3,0,31
475.0,0,0,2,0,2,0,31
476.0,0,0,2,0,2,0,31
477.0,0,0,2,0,2,0,31
478.0,0,0,2,1,3,0,31
479.0,0,1,2,2,5,0,31
480.0,0,0,2,1,3,0,31
481.0,0,0,2,1,3,0,31
482.0,0,0,2,1,3,0,31
483.0,0,0,2,1,3,0,31
484.0,1,0,2,2,5,0,31
485.0,0,0,2,2,4,0,31
486.0,0,0,2,2,4,0,31
487.0,1,0,2,2,5,0,31
488.0,0,0,2,2,4,0,32
489.0,0,0,0,1,1,0,32
490.0,0,0,0,0,0,0,32
491.0,0,0,0,0,0,0,32
492.0,0,1,0,0,1,0,32
493.0,0,1,0,0,1,0,32
494.0,0,1,0,0,1,0,32
495.0,0,1,0,0,1,0,32
496.0,0,1,0,0,1,0,32
497.0,0,1,0,0,1,0,32
498.0,0,1,0,0,1,0,32
499.0,0,1,0,0,1,0,32
500.0,0,1,0,0,1,0,32
501.0,0,1,0,0,1,0,32
502.0,0,1,0,1,2,0,32
503.0,0,1,0,0,1,0,32
504.0,0,1,0,0,1,0,32
505.0,1,1,0,0,2,0,32
506.0,0,1,0,0,1,0,32
507.0,1,1,0,0,2,0,32
508.0,1,1,0,0,2,0,33
509.0,0,0,0,0,0,0,33
510.0,0,0,0,0,0,0,33
511.0,0,0,0,0,0,0,33
512.0,0,0,0,0,0,0,33
513.0,0,0,1,1,2,0,33
514.0,0,0,1,1,2,0,33
515.0,0,0,1,1,2,0,33
516.0,0,0,1,2,3,0,33
517.0,0,0,1,1,2,0,33
518.0,0,0,1,1,2,0,33
519.0,0,0,1,2,3,0,33
520.0,0,0,1,1,2,0,33
521.0,0,0,1,2,3,0,33
522.0,0,0,1,2,3,0,33
523.0,0,0,1,2,3,0,34
524.0,0,0,1,2,3,0,34
525.0,0,0,1,2,3,0,34
526.0,0,0,1,2,3,0,34
527.0,0,0,1,2,3,0,34
528.0,0,0,2,3,5,0,34
529.0,1,0,2,3,6,0,34
530.0,1,0,1,4,6,0,34
531.0,1,1,1,4,7,0,34
532.0,1,0,1,4,6,0,34
533.0,1,0,2,4,7,0,34
534.0,1,0,3,4,8,0,34
535.0,1,0,3,4,8,0,34
536.0,1,0,4,4,9,0,34
537.0,1,0,4,4,9,0,34
538.0,1,0,5,4,10,0,35
539.0,0,0,5,5,10,0,35
540.0,0,0,6,5,11,0,35
541.0,1,0,6,5,12,0,35
542.0,0,0,6,5,11,0,35
543.0,0,0,6,5,11,0,35
544.0,0,0,7,5,12,0,35
545.0,0,0,7,5,12,0,35
546.0,0,0,7,5,12,0,35
547.0,0,0,7,5,12,0,35
548.0,0,0,8,5,13,0,35
549.0,0,0,8,5,13,0,35
550.0,0,0,8,5,13,0,35
551.0,0,0,8,5,13,0,35
552.0,0,0,9,5,14,0,35
553.0,0,1,9,5,15,0,36
554.0,0,0,6,2,8,0,36
555.0,0,0,3,0,3,0,36
556.0,0,0,0,0,0,0,36
557.0,0,0,0,0,0,0,36
558.0,0,0,0,0,0,0,36
559.0,0,0,0,0,0,0,36
560.0,0,0,0,0,0,0,36
561.0,0,0,0,0,0,0,36
562.0,0,0,0,0,0,0,36
563.0,0,0,0,1,1,0,36
564.0,0,0,0,0,0,0,36
565.0,1,0,0,0,1,0,36
566.0,1,0,1,0,2,0,36
567.0,1,0,0,0,1,0,36
568.0,1,0,0,0,1,0,37
569.0,1,0,0,0,1,0,37
570.0,1,0,0,1,2,0,37
571.0,1,0,1,0,2,0,37
572.0,1,0,1,0,2,0,37
573.0,2,0,1,0,3,0,37
574.0,1,0,2,1,4,0,37
575.0,1,0,1,1,3,0,37
576.0,1,0,2,1,4,0,37
577.0,1,0,2,1,4,0,37
578.0,1,0,2,1,4,0,37
579.0,1,0,2,1,4,0,37
580.0,1,0,2,1,4,0,37
581.0,1,0,2,1,4,0,37
582.0,1,0,2,1,4,0,37
583.0,1,0,2,2,5,0,38
584.0,0,0,2,2,4,0,38
585.0,0,0,3,3,6,0,38
586.0,0,0,3,2,5,0,38
587.0,0,0,4,2,6,0,38
588.0,0,0,4,2,6,0,38
589.0,0,0,4,2,6,0,38
590.0,0,0,4,2,6,0,38
591.0,0,0,4,2,6,0,38
592.0,0,0,4,2,6,0,38
593.0,0,0,4,2,6,0,38
594.0,0,0,4,2,6,0,38
595.0,0,0,4,3,7,0,38
596.0,0,0,4,3,7,0,38
597.0,0,0,5,3,8,0,38
598.0,0,0,5,3,8,0,39
599.0,0,0,3,1,4,0,39
600.0,0,0,2,0,2,0,39
601.0,0,0,0,0,0,0,39
602.0,0,0,0,0,0,0,39
603.0,0,0,0,0,0,0,39
604.0,0,0,0,0,0,0,39
605.0,0,0,0,0,0,0,39
606.0,0,0,0,0,0,0,39
607.0,0,0,0,0,0,0,39
608.0,0,0,0,0,0,0,39
609.0,0,0,0,0,0,0,39
610.0,0,0,0,0,0,0,39
611.0,0,0,0,0,0,0,39
612.0,0,0,0,0,0,0,39
613.0,0,0,0,0,0,0,40
614.0,0,0,0,0,0,0,40
615.0,0,0,0,0,0,0,40
616.0,0,0,0,0,0,0,40
617.0,0,0,0,1,1,0,40
618.0,0,0,0,0,0,0,40
619.0,0,0,0,0,0,0,40
620.0,0,0,0,0,0,0,40
621.0,0,0,0,0,0,0,40
622.0,0,0,0,0,0,0,40
623.0,0,1,0,0,1,0,40
624.0,0,0,0,0,0,0,40
625.0,0,0,0,0,0,0,40
626.0,0,0,0,1,1,0,40
627.0,0,0,0,1,1,0,40
628.0,0,0,0,1,1,0,41
629.0,0,0,0,1,1,0,41
630.0,0,0,0,1,1,0,41
631.0,0,0,0,1,1,0,41
632.0,0,0,0,1,1,0,41
633.0,1,0,0,1,2,0,41
634.0,0,0,0,1,1,0,41
635.0,0,0,0,1,1,0,41
636.0,0,0,0,1,1,0,41
637.0,0,0,0,1,1,0,41
638.0,0,0,0,1,1,0,41
639.0,0,0,0,1,1,0,41
640.0,0,0,0,1,1,0,41
641.0,0,0,0,1,1,0,41
642.0,0,0,0,1,1,0,41
643.0,0,0,1,1,2,0,42
644.0,0,1,0,0,1,0,42
645.0,0,0,0,1,1,0,42
646.0,0,0,0,0,0,0,42
647.0,0,0,0,0,0,0,42
648.0,0,0,0,0,0,0,42
649.0,0,0,0,0,0,0,42
650.0,0,1,0,1,2,0,42
651.0,0,1,0,0,1,0,42
652.0,0,1,0,0,1,0,42
653.0,0,1,0,0,1,0,42
654.0,0,1,0,0,1,0,42
655.0,0,2,0,0,2,0,42
656.0,0,2,0,0,2,0,42
657.0,1,2,0,0,3,0,42
658.0,1,2,0,1,4,0,43
659.0,1,1,0,0,2,0,43
660.0,1,1,0,0,2,0,43
661.0,1,1,0,0,2,0,43
662.0,1,1,0,0,2,0,43
663.0,1,1,0,0,2,0,43
664.0,1,1,0,0,2,0,43
665.0,1,1,0,0,2,0,43
666.0,1,1,0,0,2,0,43
667.0,1,1,0,0,2,0,43
668.0,1,1,0,0,2,0,43
669.0,1,1,0,0,2,0,43
670.0,1,2,0,1,4,0,43
671.0,1,1,0,1,3,0,43
672.0,1,1,0,1,3,0,43
673.0,1,1,0,1,3,0,44
674.0,0,0,0,1,1,0,44
675.0,0,0,1,1,2,0,44
676.0,0,0,1,1,2,0,44
677.0,0,0,1,1,2,0,44
678.0,0,0,1,2,3,0,44
679.0,0,0,1,2,3,0,44
680.0,0,0,1,2,3,0,44
681.0,0,0,1,2,3,0,44
682.0,0,0,1,2,3,0,44
683.0,0,0,1,2,3,0,44
684.0,0,0,1,2,3,0,44
685.0,0,0,1,2,3,0,44
686.0,0,0,1,2,3,0,44
687.0,0,0,1,2,3,0,44
688.0,0,0,1,2,3,0,45
689.0,0,0,0,0,0,0,45
690.0,0,0,0,0,0,0,45
691.0,0,0,0,0,0,0,45
692.0,0,1,0,0,1,0,45
693.0,0,1,0,0,1,0,45
694.0,0,1,0,0,1,0,45
695.0,0,1,0,0,1,0,45
696.0,0,1,0,0,1,0,45
697.0,0,1,0,0,1,0,45
698.0,0,1,0,0,1,0,45
699.0,0,1,0,0,1,0,45
700.0,0,1,0,0,1,0,45
701.0,0,1,0,0,1,0,45
702.0,0,1,0,0,1,0,45
703.0,0,1,0,0,1,0,46
704.0,0,0,0,0,0,0,46
705.0,0,0,0,0,0,0,46
706.0,0,0,0,1,1,0,46
707.0,0,0,0,1,1,0,46
708.0,0,0,0,1,1,0,46
709.0,0,0,1,1,2,0,46
710.0,0,0,1,1,2,0,46
711.0,0,0,1,1,2,0,46
712.0,0,0,1,1,2,0,46
713.0,0,0,1,1,2,0,46
714.0,0,0,1,1,2,0,46
715.0,0,0,1,2,3,0,46
716.0,0,0,1,2,3,0,46
717.0,0,0,1,2,3,0,46
718.0,0,1,1,2,4,0,47
719.0,0,0,2,2,4,0,47
720.0,0,0,2,2,4,0,47
721.0,0,0,2,2,4,0,47
722.0,0,0,2,2,4,0,47
723.0,0,0,3,2,5,0,47
724.0,0,0,3,2,5,0,47
725.0,0,0,3,2,5,0,47
726.0,0,0,3,2,5,0,47
727.0,0,0,3,2,5,0,47
728.0,0,0,3,2,5,0,47
729.0,0,0,4,2,6,0,47
730.0,0,0,4,2,6,0,47
731.0,0,0,4,2,6,0,47
732.0,0,0,4,2,6,0,47
733.0,0,0,5,2,7,0,48
734.0,0,0,2,0,2,0,48
735.0,0,0,0,0,0,0,48
736.0,0,0,0,0,0,0,48
737.0,0,0,0,0,0,0,48
738.0,0,0,0,0,0,0,48
739.0,0,0,0,0,0,0,48
740.0,0,0,0,0,0,0,48
741.0,0,0,0,0,0,0,48
742.0,0,0,0,0,0,0,48
743.0,0,0,0,0,0,0,48
744.0,0,0,0,0,0,0,48
745.0,0,0,0,0,0,0,48
746.0,0,0,0,0,0,0,48
747.0,0,0,0,0,0,0,48
748.0,0,1,0,0,1,0,49
749.0,0,0,0,0,0,0,49
750.0,0,0,0,0,0,0,49
751.0,0,0,0,0,0,0,49
752.0,0,0,0,0,0,0,49
753.0,0,0,0,1,1,0,49
754.0,0,0,0,1,1,0,49
755.0,0,0,0,1,1,0,49
756.0,0,0,0,1,1,0,49
757.0,0,1,0,1,2,0,49
758.0,1,1,0,1,3,0,49
759.0,0,1,0,1,2,0,49
760.0,0,1,0,1,2,0,49
761.0,0,1,0,1,2,0,49
762.0,0,1,0,1,2,0,49
763.0,0,1,0,1,2,0,50
764.0,0,0,0,1,1,0,50
765.0,0,0,1,1,2,0,50
766.0,0,0,0,1,1,0,50
767.0,0,0,0,1,1,0,50
768.0,0,1,0,1,2,0,50
769.0,0,0,0,1,1,0,50
770.0,0,0,0,1,1,0,50
771.0,0,0,0,1,1,0,50
772.0,0,0,0,1,1,0,50
773.0,0,0,0,1,1,0,50
774.0,0,1,0,1,2,0,50
775.0,0,0,0,1,1,0,50
776.0,0,0,1,1,2,0,50
777.0,0,0,1,1,2,0,50
778.0,0,0,1,1,2,0,51
779.0,0,0,0,0,0,0,51
780.0,0,0,0,0,0,0,51
781.0,0,0,1,0,1,0,51
782.0,0,0,0,0,0,0,51
783.0,0,0,0,0,0,0,51
784.0,0,0,0,0,0,0,51
785.0,0,1,0,0,1,0,51
786.0,0,1,0,0,1,0,51
787.0,0,1,0,0,1,0,51
788.0,0,1,0,0,1,0,51
789.0,1,2,0,0,3,0,51
790.0,0,2,0,0,2,0,51
791.0,0,2,0,0,2,0,51
792.0,0,2,0,0,2,0,51
793.0,0,2,0,0,2,0,52
794.0,0,1,0,0,1,0,52
795.0,0,1,0,0,1,0,52
796.0,0,1,0,0,1,0,52
797.0,0,1,1,0,2,0,52
798.0,0,1,0,0,1,0,52
799.0,0,1,0,1,2,0,52
800.0,0,1,0,0,1,0,52
801.0,0,1,0,0,1,0,52
802.0,0,1,0,1,2,0,52
803.0,0,1,0,0,1,0,52
804.0,0,1,1,0,2,0,52
805.0,0,1,1,0,2,0,52
806.0,0,1,1,0,2,0,52
807.0,0,1,1,0,2,0,52
808.0,0,1,2,0,3,0,53
809.0,0,0,2,0,2,0,53
810.0,0,0,2,0,2,0,53
811.0,0,0,2,1,3,0,53
812.0,0,0,3,2,5,0,53
813.0,0,0,3,2,5,0,53
814.0,0,0,3,3,6,0,53
815.0,0,0,3,1,4,0,53
816.0,0,0,3,1,4,0,53
817.0,0,0,3,1,4,0,53
818.0,0,0,3,1,4,0,53
819.0,0,0,4,1,5,0,53
820.0,0,0,5,2,7,0,53
821.0,0,0,5,2,7,0,53
822.0,0,0,5,2,7,0,53
823.0,0,0,5,3,8,0,54
824.0,0,0,2,1,3,0,54
825.0,0,0,0,0,0,0,54
826.0,0,1,0,0,1,0,54
827.0,0,1,0,0,1,0,54
828.0,0,1,0,0,1,0,54
829.0,0,1,0,0,1,0,54
830.0,1,1,0,0,2,0,54
831.0,0,1,0,0,1,0,54
832.0,0,1,0,0,1,0,54
833.0,0,1,0,0,1,0,54
834.0,0,1,0,0,1,0,54
835.0,0,1,0,0,1,0,54
836.0,0,1,0,0,1,0,54
837.0,0,1,0,0,1,0,54
838.0,0,1,0,0,1,0,55
839.0,0,0,0,0,0,0,55
840.0,0,1,0,0,1,0,55
841.0,0,0,0,0,0,0,55
842.0,0,0,0,1,1,0,55
843.0,0,0,0,1,1,0,55
844.0,0,0,0,1,1,0,55
845.0,0,0,0,1,1,0,55
846.0,0,0,1,1,2,0,55
847.0,0,0,0,1,1,0,55
848.0,0,0,0,1,1,0,55
849.0,0,0,0,1,1,0,55
850.0,0,0,0,1,1,0,55
851.0,1,1,0,1,3,0,55
852.0,1,2,0,1,4,0,55
853.0,1,1,0,1,3,0,56
854.0,1,1,0,0,2,0,56
855.0,1,1,0,0,2,0,56
856.0,1,1,0,0,2,0,56
857.0,1,1,0,0,2,0,56
858.0,1,1,0,0,2,0,56
859.0,1,1,0,0,2,0,56
860.0,1,1,0,0,2,0,56
861.0,1,1,0,0,2,0,56
862.0,1,1,0,0,2,0,56
863.0,1,2,0,0,3,0,56
864.0,2,2,0,0,4,0,56
865.0,1,2,1,0,4,0,56
866.0,1,2,0,0,3,0,56
867.0,1,3,0,0,4,0,56
868.0,1,2,0,0,3,0,57
869.0,0,0,0,0,0,0,57
870.0,1,0,0,0,1,0,57
871.0,0,0,0,1,1,0,57
872.0,0,0,0,0,0,0,57
873.0,0,0,1,0,1,0,57
874.0,1,0,3,0,4,0,57
875.0,0,0,3,0,3,0,57
876.0,0,0,3,0,3,0,57
877.0,0,0,4,1,5,0,57
878.0,0,0,4,1,5,0,57
879.0,0,0,4,1,5,0,57
880.0,0,0,4,1,5,0,57
881.0,0,1,5,1,7,0,57
882.0,0,0,5,2,7,0,57
883.0,0,0,5,2,7,0,58
884.0,0,0,6,2,8,0,58
885.0,1,0,6,2,9,0,58
886.0,1,0,6,2,9,0,58
887.0,1,0,6,2,9,0,58
888.0,1,1,6,2,10,0,58
889.0,1,0,7,2,10,0,58
890.0,1,0,6,2,9,0,58
891.0,2,1,6,2,11,0,58
892.0,2,0,6,2,10,0,58
893.0,2,0,6,2,10,0,58
894.0,2,0,6,2,10,0,58
895.0,2,0,6,2,10,0,58
896.0,2,0,6,2,10,0,58
897.0,2,0,6,2,10,0,58
898.0,2,0,6,2,10,0,59
899.0,2,1,5,0,8,0,59
900.0,2,1,3,0,6,0,59
901.0,2,1,1,0,4,0,59
902.0,2,1,0,0,3,0,59
903.0,2,1,0,0,3,0,59
904.0,2,1,0,0,3,0,59
905.0,2,1,0,0,3,0,59
906.0,2,1,0,0,3,0,59
907.0,2,1,0,0,3,0,59
908.0,2,1,0,0,3,0,59
909.0,2,1,0,0,3,0,59
910.0,2,1,0,0,3,0,59
911.0,2,1,0,0,3,0,59
912.0,2,1,0,0,3,0,59
913.0,3,1,0,0,4,0,60
914.0,1,0,0,0,1,0,60
915.0,0,0,1,1,2,0,60
916.0,0,0,2,1,3,0,60
917.0,0,0,2,1,3,0,60
918.0,0,0,3,1,4,0,60
919.0,0,0,3,1,4,0,60
920.0,0,0,3,1,4,0,60
921.0,0,0,3,1,4,0,60
922.0,0,0,3,1,4,0,60
923.0,0,0,3,1,4,0,60
924.0,0,0,3,1,4,0,60
925.0,0,0,3,1,4,0,60
926.0,0,0,3,1,4,0,60
927.0,0,0,3,1,4,0,60
928.0,0,0,3,1,4,0,61
929.0,0,0,2,0,2,0,61
930.0,0,0,1,0,1,0,61
931.0,0,0,0,0,0,0,61
932.0,0,0,0,0,0,0,61
933.0,0,0,0,0,0,0,61
934.0,0,0,0,0,0,0,61
935.0,1,0,0,0,1,0,61
936.0,1,0,0,0,1,0,61
937.0,1,0,0,0,1,0,61
938.0,1,0,0,0,1,0,61
939.0,1,0,0,0,1,0,61
940.0,1,0,0,0,1,0,61
941.0,1,1,0,0,2,0,61
942.0,1,1,0,0,2,0,61
943.0,1,1,0,0,2,0,62
944.0,1,1,0,0,2,0,62
945.0,1,1,0,0,2,0,62
946.0,1,1,0,0,2,0,62
947.0,1,1,0,0,2,0,62
948.0,1,1,0,0,2,0,62
949.0,1,1,0,0,2,0,62
950.0,1,1,0,0,2,0,62
951.0,1,1,0,0,2,0,62
952.0,1,1,0,0,2,0,62
953.0,1,1,0,1,3,0,62
954.0,1,1,1,1,4,0,62
955.0,1,1,1,1,4,0,62
956.0,1,1,2,1,5,0,62
957.0,1,1,2,1,5,0,62
958.0,1,1,3,1,6,0,63
959.0,0,0,3,1,4,0,63
960.0,0,0,4,1,5,0,63
961.0,0,0,3,1,4,0,63
962.0,0,0,3,1,4,0,63
963.0,0,0,3,1,4,0,63
964.0,0,0,3,1,4,0,63
965.0,0,0,3,1,4,0,63
966.0,0,0,3,1,4,0,63
967.0,0,0,3,2,5,0,63
968.0,0,0,4,2,6,0,63
969.0,0,0,4,2,6,0,63
970.0,0,0,4,2,6,0,63
971.0,0,0,4,2,6,0,63
972.0,0,0,4,2,6,0,63
973.0,0,0,4,2,6,0,64
974.0,0,0,3,1,4,0,64
975.0,0,0,2,0,2,0,64
976.0,0,0,1,0,1,0,64
977.0,0,0,0,0,0,0,64
978.0,0,0,0,0,0,0,64
979.0,0,0,0,0,0,0,64
980.0,0,0,0,0,0,0,64
981.0,0,0,0,1,1,0,64
982.0,0,0,0,0,0,0,64
983.0,0,0,0,0,0,0,64
984.0,0,0,0,0,0,0,64
985.0,0,0,0,0,0,0,64
986.0,0,0,0,0,0,0,64
987.0,0,0,0,0,0,0,64
988.0,0,0,0,1,1,0,64
989.0,0,1,0,0,1,0,64
990.0,0,1,0,0,1,0,64
991.0,0,1,0,1,2,0,64
992.0,0,1,0,0,1,0,64
993.0,0,1,0,0,1,0,65
994.0,0,0,0,0,0,0,65
995.0,0,0,0,0,0,0,65
996.0,0,0,0,0,0,0,65
997.0,0,0,0,0,0,0,65
998.0,0,0,0,0,0,0,65
999.0,0,0,0,1,1,0,65
1000.0,0,0,0,1,1,0,65
1001.0,0,0,0,1,1,0,65
1002.0,0,0,0,1,1,0,65
1003.0,0,0,0,1,1,0,65
1004.0,0,0,0,1,1,0,65
1005.0,0,0,0,2,2,0,65
1006.0,0,0,0,1,1,0,65
1007.0,0,0,0,1,1,0,65
1008.0,0,0,0,1,1,0,66
1009.0,0,0,0,0,0,0,66
1010.0,0,0,0,0,0,0,66
1011.0,0,0,0,0,0,0,66
1012.0,0,0,0,0,0,0,66
1013.0,0,0,0,0,0,0,66
1014.0,0,0,0,0,0,0,66
1015.0,0,0,0,0,0,0,66
1016.0,0,0,0,0,0,0,66
1017.0,0,0,0,0,0,0,66
1018.0,0,1,0,0,1,0,66
1019.0,0,1,0,0,1,0,66
1020.0,0,1,0,0,1,0,66
1021.0,0,1,0,0,1,0,66
1022.0,0,1,0,0,1,0,66
1023.0,0,1,0,0,1,0,67
1024.0,0,0,0,0,0,0,67
1025.0,0,0,0,0,0,0,67
1026.0,0,0,0,0,0,0,67
1027.0,0,0,0,0,0,0,67
1028.0,0,0,0,0,0,0,67
1029.0,0,0,0,0,0,0,67
1030.0,0,0,0,0,0,0,67
1031.0,0,0,0,0,0,0,67
1032.0,0,0,0,0,0,0,67
1033.0,0,0,0,0,0,0,67
1034.0,0,0,0,0,0,0,67
1035.0,0,0,0,0,0,0,67
1036.0,0,0,0,1,1,0,67
1037.0,0,0,0,1,1,0,67
1038.0,0,0,0,1,1,0,68
1039.0,0,0,0,1,1,0,68
1040.0,0,0,0,1,1,0,68
1041.0,0,0,0,1,1,0,68
1042.0,0,0,1,1,2,0,68
1043.0,0,0,0,1,1,0,68
1044.0,0,0,0,1,1,0,68
1045.0,0,0,0,1,1,0,68
1046.0,1,0,0,1,2,0,68
1047.0,0,1,0,1,2,0,68
1048.0,0,0,0,1,1,0,68
1049.0,0,0,0,2,2,0,68
1050.0,0,0,0,2,2,0,68
1051.0,0,0,0,2,2,0,68
1052.0,0,0,1,3,4,0,68
1053.0,0,1,1,2,4,0,69
1054.0,0,1,0,0,1,0,69
1055.0,1,0,0,0,1,0,69
1056.0,0,0,0,0,0,0,69
1057.0,0,0,0,0,0,0,69
1058.0,0,1,0,0,1,0,69
1059.0,0,1,0,0,1,0,69
1060.0,0,1,0,0,1,0,69
1061.0,0,1,0,0,1,0,69
1062.0,0,1,0,0,1,0,69
1063.0,0,1,0,0,1,0,69
1064.0,0,2,0,0,2,0,69
1065.0,0,3,0,0,3,0,69
1066.0,0,3,0,0,3,0,69
1067.0,0,3,0,0,3,0,69
1068.0,1,3,0,0,4,0,70
1069.0,0,2,0,0,2,0,70
1070.0,0,1,0,0,1,0,70
1071.0,0,0,0,0,0,0,70
1072.0,0,0,0,0,0,0,70
1073.0,0,1,0,0,1,0,70
1074.0,0,0,0,0,0,0,70
1075.0,0,0,0,0,0,0,70
1076.0,0,0,0,0,0,0,70
1077.0,0,0,0,0,0,0,70
1078.0,0,0,0,0,0,0,70
1079.0,0,0,0,0,0,0,70
1080.0,0,0,0,0,0,0,70
1081.0,0,0,0,0,0,0,70
1082.0,0,0,0,0,0,0,70
1083.0,0,0,0,0,0,0,71
1084.0,0,0,0,0,0,0,71
1085.0,0,0,0,0,0,0,71
1086.0,0,0,0,0,0,0,71
1087.0,0,0,0,0,0,0,71
1088.0,0,0,0,0,0,0,71
1089.0,0,0,1,0,1,0,71
1090.0,0,0,0,0,0,0,71
1091.0,0,0,0,0,0,0,71
1092.0,0,1,0,0,1,0,71
1093.0,0,0,0,0,0,0,71
1094.0,0,0,0,0,0,0,71
1095.0,0,0,0,0,0,0,71
1096.0,0,0,0,0,0,0,71
1097.0,0,0,0,0,0,0,71
1098.0,0,0,0,0,0,0,72
1099.0,0,0,0,0,0,0,72
1100.0,0,0,0,0,0,0,72
1101.0,0,0,0,0,0,0,72
1102.0,0,0,2,0,2,0,72
1103.0,1,1,1,1,4,0,72
1104.0,0,1,1,1,3,0,72
1105.0,0,1,1,1,3,0,72
1106.0,0,1,1,1,3,0,72
1107.0,0,1,1,1,3,0,72
1108.0,0,1,2,1,4,0,72
1109.0,0,1,2,1,4,0,72
1110.0,0,1,3,1,5,0,72
1111.0,0,1,2,1,4,0,72
1112.0,0,1,3,1,5,0,72
1113.0,0,1,3,2,6,0,73
1114.0,0,1,2,0,3,0,73
1115.0,0,1,1,0,2,0,73
1116.0,0,1,0,0,1,0,73
1117.0,0,1,0,0,1,0,73
1118.0,0,1,0,0,1,0,73
1119.0,0,2,1,0,3,0,73
1120.0,0,1,0,0,1,0,73
1121.0,0,1,0,0,1,0,73
1122.0,0,1,0,0,1,0,73
1123.0,0,1,0,0,1,0,73
1124.0,0,1,0,0,1,0,73
1125.0,0,1,0,0,1,0,73
1126.0,1,1,0,0,2,0,73
1127.0,1,1,0,0,2,0,73
1128.0,1,1,0,0,2,0,74
1129.0,1,1,0,0,2,0,74
1130.0,1,1,1,0,3,0,74
1131.0,1,1,1,0,3,0,74
1132.0,1,1,1,0,3,0,74
1133.0,1,1,1,0,3,0,74
1134.0,1,1,1,0,3,0,74
1135.0,1,1,1,0,3,0,74
1136.0,1,1,1,0,3,0,74
1137.0,1,1,1,0,3,0,74
1138.0,1,1,2,0,4,0,74
1139.0,1,1,2,0,4,0,74
1140.0,1,1,2,0,4,0,74
1141.0,1,1,2,0,4,0,74
1142.0,1,1,2,0,4,0,74
1143.0,1,1,2,0,4,0,75
1144.0,0,0,2,0,2,0,75
1145.0,0,0,2,0,2,0,75
1146.0,0,0,2,0,2,0,75
1147.0,0,0,2,0,2,0,75
1148.0,0,0,2,0,2,0,75
1149.0,0,0,2,0,2,0,75
1150.0,0,0,2,0,2,0,75
1151.0,0,0,2,0,2,0,75
1152.0,0,0,2,0,2,0,75
1153.0,0,0,2,0,2,0,75
1154.0,0,0,2,0,2,0,75
1155.0,0,0,2,0,2,0,75
1156.0,0,1,3,0,4,0,75
1157.0,0,0,3,0,3,0,75
1158.0,0,0,3,1,4,0,76
1159.0,0,0,1,0,1,0,76
1160.0,0,0,0,0,0,0,76
1161.0,0,0,0,0,0,0,76
1162.0,0,0,0,0,0,0,76
1163.0,0,1,0,0,1,0,76
1164.0,0,1,0,0,1,0,76
1165.0,1,1,0,0,2,0,76
1166.0,0,2,0,0,2,0,76
1167.0,0,2,0,0,2,0,76
1168.0,1,2,0,0,3,0,76
1169.0,0,2,0,0,2,0,76
1170.0,0,2,0,0,2,0,76
1171.0,1,2,0,0,3,0,76
1172.0,0,3,0,0,3,0,76
1173.0,0,2,0,1,3,0,76
1174.0,0,2,0,0,2,0,76
1175.0,0,2,0,0,2,0,76
1176.0,1,3,0,0,4,0,76
1177.0,0,3,0,0,3,0,76
1178.0,0,3,0,0,3,0,76
1179.0,0,3,0,0,3,0,76
1180.0,0,3,0,0,3,0,76
1181.0,0,3,0,0,3,0,76
1182.0,0,3,0,0,3,0,76
1183.0,0,3,0,0,3,0,77
1184.0,0,2,0,0,2,0,77
1185.0,0,1,0,0,1,0,77
1186.0,0,0,0,0,0,0,77
1187.0,0,1,1,0,2,0,77
1188.0,0,0,1,0,1,0,77
1189.0,0,0,1,0,1,0,77
1190.0,0,0,1,0,1,0,77
1191.0,0,0,1,0,1,0,77
1192.0,0,0,1,0,1,0,77
1193.0,0,0,1,0,1,0,77
1194.0,0,0,1,0,1,0,77
1195.0,1,0,1,0,2,0,77
1196.0,0,0,1,0,1,0,77
1197.0,0,0,1,0,1,0,77
1198.0,0,0,1,0,1,0,78
1199.0,0,0,0,0,0,0,78
1200.0,0,0,0,0,0,0,78
1201.0,0,0,0,0,0,0,78
1202.0,0,0,0,0,0,0,78
1203.0,0,0,0,0,0,0,78
1204.0,0,0,0,0,0,0,78
1205.0,0,0,0,0,0,0,78
1206.0,0,0,0,0,0,0,78
1207.0,0,0,0,0,0,0,78
1208.0,0,0,0,0,0,0,78
1209.0,0,0,0,0,0,0,78
1210.0,0,0,0,0,0,0,78
1211.0,0,0,0,0,0,0,78
1212.0,0,0,0,0,0,0,78
1213.0,0,0,0,0,0,0,79
1214.0,0,0,0,0,0,0,79
1215.0,0,0,0,0,0,0,79
1216.0,0,0,1,0,1,0,79
1217.0,0,0,0,0,0,0,79
1218.0,0,0,0,0,0,0,79
1219.0,0,0,0,0,0,0,79
1220.0,1,0,0,1,2,0,79
1221.0,1,0,0,0,1,0,79
1222.0,1,0,0,0,1,0,79
1223.0,1,0,0,0,1,0,79
1224.0,1,0,0,1,2,0,79
1225.0,1,0,0,1,2,0,79
1226.0,1,0,0,1,2,0,79
1227.0,1,0,0,1,2,0,79
1228.0,1,0,1,1,3,0,80
1229.0,0,0,1,1,2,0,80
1230.0,0,0,1,1,2,0,80
1231.0,0,0,1,2,3,0,80
1232.0,0,0,1,2,3,0,80
1233.0,0,0,1,2,3,0,80
1234.0,0,0,1,2,3,0,80
1235.0,0,0,1,3,4,0,80
1236.0,0,0,1,4,5,0,80
1237.0,0,0,1,3,4,0,80
1238.0,0,0,1,3,4,0,80
1239.0,0,0,1,3,4,0,80
1240.0,0,0,1,3,4,0,80
1241.0,0,0,1,4,5,0,80
1242.0,0,0,1,3,4,0,80
1243.0,0,0,1,3,4,0,81
1244.0,0,0,0,1,1,0,81
1245.0,0,0,1,0,1,0,81
1246.0,0,0,0,0,0,0,81
1247.0,0,0,0,0,0,0,81
1248.0,1,0,0,0,1,0,81
1249.0,0,0,0,0,0,0,81
1250.0,0,2,0,0,2,0,81
1251.0,0,1,0,1,2,0,81
1252.0,0,1,0,0,1,0,81
1253.0,0,1,0,0,1,0,81
1254.0,0,1,0,0,1,0,81
1255.0,0,2,1,0,3,0,81
1256.0,0,1,0,0,1,0,81
1257.0,0,1,0,0,1,0,81
1258.0,0,2,0,0,2,0,81
1259.0,0,1,0,0,1,0,81
1260.0,0,2,0,0,2,0,81
1261.0,0,4,0,0,4,0,81
1262.0,0,3,0,0,3,0,81
1263.0,1,3,0,0,4,0,82
1264.0,0,2,0,0,2,0,82
1265.0,0,1,0,0,1,0,82
1266.0,0,0,2,0,2,0,82
1267.0,1,0,1,0,2,0,82
1268.0,0,0,1,0,1,0,82
1269.0,0,0,1,0,1,0,82
1270.0,0,1,1,1,3,0,82
1271.0,0,0,1,1,2,0,82
1272.0,0,0,2,1,3,0,82
1273.0,0,0,2,1,3,0,82
1274.0,0,0,2,1,3,0,82
1275.0,0,0,3,1,4,0,82
1276.0,0,0,3,1,4,0,82
1277.0,0,0,3,1,4,0,82
1278.0,1,0,3,1,5,0,83
1279.0,0,0,0,0,0,0,83
1280.0,1,0,0,0,1,0,83
1281.0,0,0,0,0,0,0,83
1282.0,0,0,0,0,0,0,83
1283.0,0,0,0,0,0,0,83
1284.0,0,0,0,0,0,0,83
1285.0,1,0,0,0,1,0,83
1286.0,1,0,0,0,1,0,83
1287.0,1,0,0,0,1,0,83
1288.0,1,0,0,0,1,0,83
1289.0,1,0,0,0,1,0,83
1290.0,2,0,0,0,2,0,83
1291.0,3,0,0,0,3,0,83
1292.0,2,0,0,0,2,0,83
1293.0,2,0,0,0,2,0,84
1294.0,1,0,0,0,1,0,84
1295.0,2,0,0,0,2,0,84
1296.0,1,0,0,0,1,0,84
1297.0,1,0,1,0,2,0,84
1298.0,1,0,0,0,1,0,84
1299.0,1,0,0,0,1,0,84
1300.0,1,0,0,0,1,0,84
1301.0,1,0,0,0,1,0,84
1302.0,1,1,0,0,2,0,84
1303.0,1,0,0,0,1,0,84
1304.0,1,0,1,0,2,0,84
1305.0,1,0,1,0,2,0,84
1306.0,2,0,1,0,3,0,84
1307.0,2,0,1,1,4,0,84
1308.0,2,0,2,1,5,0,85
1309.0,2,0,0,0,2,0,85
1310.0,2,0,0,0,2,0,85
1311.0,2,0,0,0,2,0,85
1312.0,2,0,0,0,2,0,85
1313.0,2,0,0,0,2,0,85
1314.0,2,0,0,0,2,0,85
1315.0,2,1,0,0,3,0,85
1316.0,3,1,0,0,4,0,85
1317.0,4,1,0,0,5,0,85
1318.0,4,1,0,0,5,0,85
1319.0,4,1,0,0,5,0,85
1320.0,4,1,0,0,5,0,85
1321.0,4,1,0,0,5,0,85
1322.0,4,1,0,0,5,0,85
1323.0,4,1,0,0,5,0,86
1324.0,1,0,0,0,1,0,86
1325.0,0,0,0,1,1,0,86
1326.0,0,1,1,0,2,0,86
1327.0,0,0,0,0,0,0,86
1328.0,0,0,0,0,0,0,86
1329.0,0,0,0,0,0,0,86
1330.0,0,0,0,0,0,0,86
1331.0,0,0,0,1,1,0,86
1332.0,0,0,0,0,0,0,86
1333.0,1,0,0,0,1,0,86
1334.0,0,0,0,1,1,0,86
1335.0,0,0,0,0,0,0,86
1336.0,0,0,0,1,1,0,86
1337.0,0,1,1,1,3,0,86
1338.0,1,0,1,2,4,0,87
1339.0,0,0,1,2,3,0,87
1340.0,0,0,1,2,3,0,87
1341.0,1,0,1,2,4,0,87
1342.0,0,0,1,3,4,0,87
1343.0,0,0,1,3,4,0,87
1344.0,1,0,1,4,6,0,87
1345.0,0,0,1,4,5,0,87
1346.0,0,0,1,5,6,0,87
1347.0,0,0,1,4,5,0,87
1348.0,0,0,1,4,5,0,87
1349.0,0,0,1,4,5,0,87
1350.0,0,0,1,5,6,0,87
1351.0,0,0,1,5,6,0,87
1352.0,0,0,1,6,7,0,87
1353.0,0,0,1,6,7,0,87
1354.0,0,0,1,7,8,0,87
1355.0,0,0,1,6,7,0,87
1356.0,0,1,1,6,8,0,87
1357.0,1,1,1,6,9,0,87
1358.0,1,1,1,6,9,0,87
1359.0,2,1,1,6,10,0,87
1360.0,2,1,1,6,10,0,87
1361.0,2,1,1,7,11,0,87
1362.0,3,1,2,8,14,0,87
1363.0,3,1,1,8,13,0,88
1364.0,1,0,1,8,10,0,88
1365.0,0,0,1,9,10,0,88
1366.0,0,0,1,9,10,0,88
1367.0,0,0,1,9,10,0,88
1368.0,0,0,1,9,10,0,88
1369.0,0,0,1,9,10,0,88
1370.0,0,0,2,9,11,0,88
1371.0,0,0,2,9,11,0,88
1372.0,0,0,2,9,11,0,88
1373.0,0,0,2,9,11,0,88
1374.0,0,0,3,9,12,0,88
1375.0,0,0,3,9,12,0,88
1376.0,0,0,3,9,12,0,88
1377.0,0,0,3,9,12,0,88
1378.0,0,0,4,10,14,0,89
1379.0,0,0,1,8,9,0,89
1380.0,0,0,0,4,4,0,89
1381.0,0,0,0,1,1,0,89
1382.0,0,0,0,0,0,0,89
1383.0,0,0,0,0,0,0,89
1384.0,0,2,0,0,2,0,89
1385.0,0,1,1,0,2,0,89
1386.0,0,1,0,1,2,0,89
1387.0,0,1,0,0,1,0,89
1388.0,0,2,1,0,3,0,89
1389.0,0,2,0,0,2,0,89
1390.0,0,2,0,0,2,0,89
1391.0,0,2,0,0,2,0,89
1392.0,0,2,0,0,2,0,89
1393.0,0,2,0,0,2,0,90
1394.0,0,1,0,0,1,0,90
1395.0,0,0,0,0,0,0,90
1396.0,1,0,0,0,1,0,90
1397.0,0,0,1,0,1,0,90
1398.0,0,0,1,0,1,0,90
1399.0,0,0,1,0,1,0,90
1400.0,0,0,2,0,2,0,90
1401.0,0,0,2,0,2,0,90
1402.0,0,0,2,0,2,0,90
1403.0,0,0,2,0,2,0,90
1404.0,1,0,3,0,4,0,90
1405.0,0,0,3,0,3,0,90
1406.0,0,0,3,0,3,0,90
1407.0,0,0,4,0,4,0,90
1408.0,0,0,4,0,4,0,91
1409.0,0,0,2,0,2,0,91
1410.0,0,0,0,1,1,0,91
1411.0,0,1,0,0,1,0,91
1412.0,0,0,0,0,0,0,91
1413.0,0,0,0,0,0,0,91
1414.0,0,1,0,1,2,0,91
1415.0,0,1,0,0,1,0,91
1416.0,0,1,0,0,1,0,91
1417.0,0,1,1,1,3,0,91
1418.0,0,1,0,0,1,0,91
1419.0,1,1,0,0,2,0,91
1420.0,1,1,0,0,2,0,91
1421.0,1,1,0,0,2,0,91
1422.0,1,2,1,0,4,0,91
1423.0,1,2,0,0,3,0,92
1424.0,1,1,0,0,2,0,92
1425.0,1,0,0,1,2,0,92
1426.0,2,1,0,2,5,0,92
1427.0,2,1,0,1,4,0,92
1428.0,2,1,0,1,4,0,92
1429.0,2,1,0,2,5,0,92
1430.0,3,1,0,1,5,0,92
1431.0,2,1,0,1,4,0,92
1432.0,2,2,0,1,5,0,92
1433.0,3,1,0,1,5,0,92
1434.0,2,2,0,1,5,0,92
1435.0,2,2,0,2,6,0,92
1436.0,3,2,0,1,6,0,92
1437.0,2,3,0,1,6,0,92
1438.0,2,2,1,1,6,0,93
1439.0,1,0,1,2,4,0,93
1440.0,0,0,1,2,3,0,93
1441.0,0,0,1,2,3,0,93
1442.0,0,0,1,2,3,0,93
1443.0,0,1,2,2,5,0,93
1444.0,0,0,2,2,4,0,93
1445.0,0,0,2,2,4,0,93
1446.0,1,0,2,2,5,0,93
1447.0,0,0,2,2,4,0,93
1448.0,0,0,2,2,4,0,93
1449.0,0,0,2,4,6,0,93
1450.0,0,1,2,3,6,0,93
1451.0,0,0,2,3,5,0,93
1452.0,0,0,2,3,5,0,93
1453.0,0,0,3,3,6,0,94
1454.0,0,0,1,0,1,0,94
1455.0,0,0,0,0,0,0,94
1456.0,0,0,0,0,0,0,94
1457.0,0,1,0,0,1,0,94
1458.0,0,0,0,0,0,0,94
1459.0,1,0,0,0,1,0,94
1460.0,2,0,0,0,2,0,94
1461.0,2,0,0,0,2,0,94
1462.0,2,0,1,0,3,0,94
1463.0,2,0,0,1,3,0,94
1464.0,2,0,0,0,2,0,94
1465.0,2,0,0,0,2,0,94
1466.0,2,0,0,0,2,0,94
1467.0,3,1,0,0,4,0,94
1468.0,3,1,0,0,4,0,95
1469.0,3,1,0,0,4,0,95
1470.0,3,1,0,0,4,0,95
1471.0,3,1,0,0,4,0,95
1472.0,3,1,0,0,4,0,95
1473.0,3,1,1,0,5,0,95
1474.0,3,1,1,1,6,0,95
1475.0,3,1,1,1,6,0,95
1476.0,3,2,1,1,7,0,95
1477.0,3,1,2,1,7,0,95
1478.0,3,2,2,1,8,0,95
1479.0,3,2,3,1,9,0,95
1480.0,3,2,2,2,9,0,95
1481.0,3,3,2,3,11,0,95
1482.0,3,2,2,2,9,0,95
1483.0,3,2,2,2,9,0,96
1484.0,2,1,2,2,7,0,96
1485.0,1,1,2,2,6,0,96
1486.0,0,0,2,2,4,0,96
1487.0,0,0,2,2,4,0,96
1488.0,0,0,2,2,4,0,96
1489.0,0,0,2,2,4,0,96
1490.0,0,0,3,2,5,0,96
1491.0,0,0,2,2,4,0,96
1492.0,0,0,3,2,5,0,96
1493.0,0,0,3,3,6,0,96
1494.0,0,0,4,3,7,0,96
1495.0,1,0,4,3,8,0,96
1496.0,0,0,5,3,8,0,96
1497.0,0,0,4,3,7,0,96
1498.0,0,0,4,5,9,0,97
1499.0,0,1,2,2,5,0,97
1500.0,0,0,0,0,0,0,97
1501.0,1,0,0,0,1,0,97
1502.0,0,0,0,0,0,0,97
1503.0,0,0,0,0,0,0,97
1504.0,1,0,0,0,1,0,97
1505.0,0,0,0,0,0,0,97
1506.0,0,0,0,0,0,0,97
1507.0,0,0,0,0,0,0,97
1508.0,0,0,1,0,1,0,97
1509.0,0,1,0,0,1,0,97
1510.0,0,1,0,0,1,0,97
1511.0,0,1,0,0,1,0,97
1512.0,0,1,0,0,1,0,97
1513.0,0,1,0,0,1,0,98
1514.0,0,0,0,0,0,0,98
1515.0,0,0,0,0,0,0,98
1516.0,0,0,0,0,0,0,98
1517.0,0,0,0,0,0,0,98
1518.0,0,0,1,0,1,0,98
1519.0,0,0,1,0,1,0,98
1520.0,0,0,1,1,2,0,98
1521.0,0,0,1,2,3,0,98
1522.0,0,1,2,2,5,0,98
1523.0,0,0,1,2,3,0,98
1524.0,0,0,1,2,3,0,98
1525.0,1,0,1,3,5,0,98
1526.0,1,0,2,3,6,0,98
1527.0,2,0,2,3,7,0,98
1528.0,1,0,2,4,7,0,99
1529.0,0,0,2,3,5,0,99
1530.0,1,0,3,3,7,0,99
1531.0,0,0,2,3,5,0,99
1532.0,0,0,2,3,5,0,99
1533.0,0,0,2,3,5,0,99
1534.0,0,0,3,3,6,0,99
1535.0,0,0,3,4,7,0,99
1536.0,0,1,4,3,8,0,99
1537.0,0,0,5,3,8,0,99
1538.0,0,0,8,4,12,0,99
1539.0,0,1,6,4,11,0,99
1540.0,1,0,6,5,12,0,99
1541.0,0,0,7,5,12,0,99
1542.0,0,0,7,5,12,0,99
1543.0,0,0,7,5,12,0,99
1544.0,0,0,10,5,15,0,99
1545.0,0,0,9,6,15,0,99
1546.0,0,0,10,6,16,0,99
1547.0,0,0,12,6,18,0,99
1548.0,0,0,12,6,18,0,100
1549.0,0,1,12,4,17,0,100
1550.0,1,1,9,1,12,0,100
1551.0,1,1,7,0,9,0,100
1552.0,2,1,5,0,8,0,100
1553.0,2,1,3,0,6,0,100
1554.0,2,1,2,0,5,0,100
1555.0,2,1,1,0,4,0,100
1556.0,2,1,2,0,5,0,100
1557.0,2,1,2,0,5,0,100
1558.0,2,2,2,0,6,0,100
1559.0,2,2,2,0,6,0,100
1560.0,3,2,2,0,7,0,100
1561.0,3,2,0,0,5,0,100
1562.0,3,2,0,0,5,0,100
1563.0,3,2,0,0,5,0,101
1564.0,1,1,1,0,3,0,101
1565.0,0,0,1,0,1,0,101
1566.0,0,0,3,0,3,0,101
1567.0,0,0,4,1,5,0,101
1568.0,0,0,4,0,4,0,101
1569.0,0,0,4,0,4,0,101
1570.0,0,0,5,0,5,0,101
1571.0,0,1,6,0,7,0,101
1572.0,0,0,6,0,6,0,101
1573.0,0,0,7,0,7,0,101
1574.0,0,1,7,0,8,0,101
1575.0,0,0,7,0,7,0,101
1576.0,0,0,8,0,8,0,101
1577.0,0,0,7,0,7,0,101
1578.0,0,0,8,1,9,0,102
1579.0,0,0,5,0,5,0,102
1580.0,0,0,2,0,2,0,102
1581.0,0,1,1,0,2,0,102
1582.0,0,0,0,0,0,0,102
1583.0,0,1,0,1,2,0,102
1584.0,1,1,0,0,2,0,102
1585.0,1,2,0,0,3,0,102
1586.0,1,2,0,0,3,0,102
1587.0,1,3,0,0,4,0,102
1588.0,2,3,0,0,5,0,102
1589.0,1,3,0,0,4,0,102
1590.0,1,3,0,0,4,0,102
1591.0,2,4,0,0,6,0,102
1592.0,1,5,0,0,6,0,102
1593.0,1,5,0,0,6,0,103
1594.0,0,5,0,0,5,0,103
1595.0,0,4,0,0,4,0,103
1596.0,0,3,0,0,3,0,103
1597.0,0,2,0,0,2,0,103
1598.0,0,1,0,0,1,0,103
1599.0,0,0,0,1,1,0,103
1600.0,0,0,0,0,0,0,103
1601.0,0,0,0,0,0,0,103
1602.0,0,0,1,1,2,0,103
1603.0,0,0,1,2,3,0,103
1604.0,0,0,1,1,2,0,103
1605.0,0,0,2,1,3,0,103
1606.0,0,0,2,1,3,0,103
1607.0,0,0,2,1,3,0,103
1608.0,0,0,2,2,4,0,104
1609.0,0,0,2,1,3,0,104
1610.0,1,0,3,2,6,0,104
1611.0,1,0,3,2,6,0,104
1612.0,1,0,3,3,7,0,104
1613.0,2,0,3,2,7,0,104
1614.0,2,0,3,3,8,0,104
1615.0,2,0,3,3,8,0,104
1616.0,3,0,3,3,9,0,104
1617.0,2,0,3,3,8,0,104
1618.0,2,0,3,4,9,0,104
1619.0,2,0,3,5,10,0,104
1620.0,2,1,3,4,10,0,104
1621.0,2,0,3,5,10,0,104
1622.0,2,0,3,5,10,0,104
1623.0,2,0,3,5,10,0,105
1624.0,1,0,3,6,10,0,105
1625.0,0,0,3,5,8,0,105
1626.0,0,0,3,5,8,0,105
1627.0,0,0,3,5,8,0,105
1628.0,0,0,4,5,9,0,105
1629.0,0,0,4,5,9,0,105
1630.0,0,0,4,6,10,0,105
1631.0,0,1,4,6,11,0,105
1632.0,0,0,4,6,10,0,105
1633.0,0,0,4,7,11,0,105
1634.0,0,0,4,7,11,0,105
1635.0,0,0,4,7,11,0,105
1636.0,0,0,4,7,11,0,105
1637.0,0,0,5,7,12,0,105
1638.0,0,0,5,7,12,0,106
1639.0,0,1,3,4,8,0,106
1640.0,0,0,2,2,4,0,106
1641.0,0,0,1,0,1,0,106
1642.0,0,0,0,0,0,0,106
1643.0,0,2,0,0,2,0,106
1644.0,0,2,0,0,2,0,106
1645.0,0,2,0,0,2,0,106
1646.0,0,2,0,0,2,0,106
1647.0,0,2,0,0,2,0,106
1648.0,0,2,0,0,2,0,106
1649.0,0,4,0,1,5,0,106
1650.0,0,3,0,0,3,0,106
1651.0,0,3,0,0,3,0,106
1652.0,0,3,0,0,3,0,106
1653.0,0,3,0,0,3,0,107
1654.0,0,1,0,0,1,0,107
1655.0,0,0,0,0,0,0,107
1656.0,0,0,0,0,0,0,107
1657.0,0,0,0,0,0,0,107
1658.0,0,0,0,0,0,0,107
1659.0,0,1,0,1,2,0,107
1660.0,0,0,1,1,2,0,107
1661.0,0,0,1,1,2,0,107
1662.0,0,0,1,1,2,0,107
1663.0,0,0,1,1,2,0,107
1664.0,0,0,1,1,2,0,107
1665.0,0,0,1,1,2,0,107
1666.0,0,0,1,2,3,0,107
1667.0,0,0,1,2,3,0,107
1668.0,1,0,1,2,4,0,108
1669.0,0,0,0,0,0,0,108
1670.0,0,1,0,0,1,0,108
1671.0,1,1,0,0,2,0,108
1672.0,0,1,0,0,1,0,108
1673.0,0,1,0,0,1,0,108
1674.0,0,1,0,0,1,0,108
1675.0,0,1,0,0,1,0,108
1676.0,0,1,0,0,1,0,108
1677.0,0,1,0,0,1,0,108
1678.0,0,1,0,0,1,0,108
1679.0,0,1,0,0,1,0,108
1680.0,0,1,0,0,1,0,108
1681.0,0,1,0,0,1,0,108
1682.0,0,1,0,0,1,0,108
1683.0,0,1,0,0,1,0,109
1684.0,0,0,0,0,0,0,109
1685.0,0,0,0,0,0,0,109
1686.0,0,0,0,0,0,0,109
1687.0,1,0,0,0,1,0,109
1688.0,0,0,0,0,0,0,109
1689.0,0,0,0,0,0,0,109
1690.0,0,1,1,0,2,0,109
1691.0,1,0,1,0,2,0,109
1692.0,1,0,1,0,2,0,109
1693.0,1,0,1,0,2,0,109
1694.0,1,0,1,0,2,0,109
1695.0,2,0,1,0,3,0,109
1696.0,2,0,1,1,4,0,109
1697.0,2,0,1,1,4,0,109
1698.0,2,0,2,1,5,0,110
1699.0,2,0,1,0,3,0,110
1700.0,2,0,0,0,2,0,110
1701.0,2,1,0,0,3,0,110
1702.0,2,1,0,0,3,0,110
1703.0,2,2,0,0,4,0,110
1704.0,2,2,0,0,4,0,110
1705.0,2,2,0,0,4,0,110
1706.0,2,2,0,0,4,0,110
1707.0,2,2,0,0,4,0,110
1708.0,4,2,0,0,6,0,110
1709.0,3,2,0,0,5,0,110
1710.0,3,2,0,0,5,0,110
1711.0,3,2,0,0,5,0,110
1712.0,3,2,0,0,5,0,110
1713.0,3,3,0,0,6,0,111
1714.0,1,1,0,0,2,0,111
1715.0,0,0,0,0,0,0,111
1716.0,0,0,0,0,0,0,111
1717.0,0,0,0,0,0,0,111
1718.0,0,0,0,0,0,0,111
1719.0,0,0,0,0,0,0,111
1720.0,0,0,0,0,0,0,111
1721.0,0,0,1,0,1,0,111
1722.0,1,1,1,0,3,0,111
1723.0,0,0,1,0,1,0,111
1724.0,0,0,2,0,2,0,111
1725.0,0,0,2,1,3,0,111
1726.0,0,0,2,0,2,0,111
1727.0,0,0,2,1,3,0,111
1728.0,0,1,2,0,3,0,112
1729.0,0,1,0,0,1,0,112
1730.0,1,1,0,0,2,0,112
1731.0,1,1,0,0,2,0,112
1732.0,1,1,0,0,2,0,112
1733.0,1,1,0,0,2,0,112
1734.0,1,1,0,0,2,0,112
1735.0,1,2,0,0,3,0,112
1736.0,1,1,0,0,2,0,112
1737.0,1,1,0,0,2,0,112
1738.0,1,1,0,0,2,0,112
1739.0,1,1,0,1,3,0,112
1740.0,1,1,0,0,2,0,112
1741.0,1,1,0,0,2,0,112
1742.0,1,1,0,0,2,0,112
1743.0,2,1,0,0,3,0,113
1744.0,2,0,0,1,3,0,113
1745.0,3,2,0,1,6,0,113
1746.0,2,1,0,1,4,0,113
1747.0,2,1,0,1,4,0,113
1748.0,3,1,0,1,5,0,113
1749.0,2,1,0,2,5,0,113
1750.0,2,1,0,2,5,0,113
1751.0,2,2,0,2,6,0,113
1752.0,2,2,0,2,6,0,113
1753.0,2,2,0,2,6,0,113
1754.0,2,2,0,2,6,0,113
1755.0,2,2,0,2,6,0,113
1756.0,2,2,0,2,6,0,113
1757.0,2,3,0,3,8,0,113
1758.0,2,3,0,3,8,0,114
1759.0,1,1,1,3,6,0,114
1760.0,0,0,1,3,4,0,114
1761.0,0,0,2,3,5,0,114
1762.0,0,0,2,3,5,0,114
1763.0,0,0,2,3,5,0,114
1764.0,0,0,3,3,6,0,114
1765.0,0,0,4,3,7,0,114
1766.0,0,0,4,3,7,0,114
1767.0,0,0,4,3,7,0,114
1768.0,0,0,5,3,8,0,114
1769.0,0,0,5,3,8,0,114
1770.0,0,0,5,3,8,0,114
1771.0,0,0,5,3,8,0,114
1772.0,0,0,5,3,8,0,114
1773.0,0,0,5,3,8,0,115
1774.0,0,0,3,1,4,0,115
1775.0,0,0,2,0,2,0,115
1776.0,0,0,1,0,1,0,115
1777.0,0,0,0,0,0,0,115
1778.0,0,0,0,0,0,0,115
1779.0,0,1,0,0,1,0,115
1780.0,0,1,0,0,1,0,115
1781.0,0,1,0,0,1,0,115
1782.0,0,1,0,1,2,0,115
1783.0,0,1,0,0,1,0,115
1784.0,0,1,0,0,1,0,115
1785.0,0,1,0,0,1,0,115
1786.0,0,1,0,0,1,0,115
1787.0,0,1,0,0,1,0,115
1788.0,0,1,0,0,1,0,116
1789.0,0,0,0,0,0,0,116
1790.0,0,0,1,0,1,0,116
1791.0,1,0,1,0,2,0,116
1792.0,0,0,2,1,3,0,116
1793.0,0,0,2,1,3,0,116
1794.0,0,0,3,1,4,0,116
1795.0,0,0,2,1,3,0,116
1796.0,0,0,2,1,3,0,116
1797.0,0,0,2,1,3,0,116
1798.0,0,0,2,1,3,0,116
1799.0,0,0,2,1,3,0,116
1800.0,0,0,2,1,3,0,116
1801.0,1,0,2,1,4,0,116
1802.0,0,0,3,1,4,0,116
1803.0,0,0,4,1,5,0,117
1804.0,0,0,3,0,3,0,117
1805.0,0,0,3,0,3,0,117
1806.0,0,0,0,1,1,0,117
1807.0,0,0,0,0,0,0,117
1808.0,0,0,0,0,0,0,117
1809.0,0,0,0,0,0,0,117
1810.0,0,0,0,0,0,0,117
1811.0,0,0,0,1,1,0,117
1812.0,0,0,0,0,0,0,117
1813.0,0,0,0,0,0,0,117
1814.0,0,0,0,0,0,0,117
1815.0,1,1,0,0,2,0,117
1816.0,1,1,0,0,2,0,117
1817.0,1,1,0,0,2,0,117
1818.0,1,1,0,0,2,0,118
1819.0,0,0,0,0,0,0,118
1820.0,0,0,0,0,0,0,118
1821.0,0,0,0,0,0,0,118
1822.0,1,0,0,0,1,0,118
1823.0,1,0,0,2,3,0,118
1824.0,1,0,0,1,2,0,118
1825.0,1,0,0,1,2,0,118
1826.0,1,0,0,1,2,0,118
1827.0,1,0,0,2,3,0,118
1828.0,1,0,0,1,2,0,118
1829.0,1,0,0,1,2,0,118
1830.0,1,0,0,1,2,0,118
1831.0,1,0,0,1,2,0,118
1832.0,1,1,0,2,4,0,118
1833.0,1,0,1,1,3,0,119
1834.0,0,1,0,2,3,0,119
1835.0,0,0,0,2,2,0,119
1836.0,0,0,0,2,2,0,119
1837.0,0,0,0,3,3,0,119
1838.0,0,0,0,4,4,0,119
1839.0,0,1,1,4,6,0,119
1840.0,0,0,1,4,5,0,119
1841.0,0,0,1,5,6,0,119
1842.0,0,0,1,5,6,0,119
1843.0,0,0,1,5,6,0,119
1844.0,0,0,2,5,7,0,119
1845.0,0,0,3,6,9,0,119
1846.0,1,0,3,5,9,0,119
1847.0,0,0,3,5,8,0,119
1848.0,0,0,3,5,8,0,120
1849.0,0,0,1,2,3,0,120
1850.0,0,1,1,0,2,0,120
1851.0,0,2,0,0,2,0,120
1852.0,0,2,0,0,2,0,120
1853.0,0,2,0,0,2,0,120
1854.0,0,2,0,0,2,0,120
1855.0,0,2,0,0,2,0,120
1856.0,0,2,0,0,2,0,120
1857.0,0,3,0,0,3,0,120
1858.0,0,3,0,0,3,0,120
1859.0,0,3,0,0,3,0,120
1860.0,0,4,0,0,4,0,120
1861.0,0,4,0,0,4,0,120
1862.0,1,4,0,1,6,0,120
1863.0,0,5,0,0,5,0,121
1864.0,0,2,0,0,2,0,121
1865.0,0,1,0,1,2,0,121
1866.0,0,0,0,0,0,0,121
1867.0,0,0,0,0,0,0,121
1868.0,0,0,0,0,0,0,121
1869.0,0,0,0,1,1,0,121
1870.0,1,0,0,1,2,0,121
1871.0,0,0,0,1,1,0,121
1872.0,0,0,0,1,1,0,121
1873.0,0,0,0,1,1,0,121
1874.0,0,1,0,2,3,0,121
1875.0,0,0,0,1,1,0,121
1876.0,1,0,0,1,2,0,121
1877.0,0,0,0,1,1,0,121
1878.0,0,0,0,2,2,0,122
1879.0,0,1,0,0,1,0,122
1880.0,0,1,0,0,1,0,122
1881.0,0,1,0,0,1,0,122
1882.0,0,1,0,0,1,0,122
1883.0,0,1,0,0,1,0,122
1884.0,0,1,0,0,1,0,122
1885.0,0,1,0,0,1,0,122
1886.0,0,1,1,0,2,0,122
1887.0,1,1,0,0,2,0,122
1888.0,1,1,0,0,2,0,122
1889.0,1,1,1,0,3,0,122
1890.0,1,1,1,0,3,0,122
1891.0,2,1,0,0,3,0,122
1892.0,2,1,0,0,3,0,122
1893.0,2,1,0,0,3,0,123
1894.0,1,0,0,0,1,0,123
1895.0,0,0,0,2,2,0,123
1896.0,0,1,2,1,4,0,123
1897.0,0,0,1,1,2,0,123
1898.0,0,0,1,2,3,0,123
1899.0,0,0,1,1,2,0,123
1900.0,0,0,2,1,3,0,123
1901.0,0,0,4,1,5,0,123
1902.0,0,0,4,1,5,0,123
1903.0,0,0,5,1,6,0,123
1904.0,0,0,4,1,5,0,123
1905.0,0,1,4,1,6,0,123
1906.0,0,0,6,1,7,0,123
1907.0,0,0,6,1,7,0,123
1908.0,0,0,7,1,8,0,123
1909.0,1,0,8,1,10,0,123
1910.0,0,0,8,3,11,0,123
1911.0,0,0,10,2,12,0,123
1912.0,1,0,9,3,13,0,123
1913.0,0,0,9,4,13,0,123
1914.0,0,0,9,3,12,0,123
1915.0,0,0,10,3,13,0,123
1916.0,1,0,11,3,15,0,123
1917.0,0,0,12,4,16,0,123
1918.0,0,0,12,4,16,0,123
1919.0,0,0,12,4,16,0,123
1920.0,1,0,12,4,17,0,123
1921.0,0,0,12,5,17,0,123
1922.0,0,0,12,5,17,0,123
1923.0,0,0,14,6,20,0,123
1924.0,0,0,12,6,18,0,123
1925.0,0,0,12,6,18,0,123
1926.0,0,0,12,6,18,0,123
1927.0,0,0,13,6,19,0,123
1928.0,0,0,13,6,19,0,124
1929.0,0,0,11,4,15,0,124
1930.0,1,0,8,2,11,0,124
1931.0,1,0,5,1,7,0,124
1932.0,1,0,3,0,4,0,124
1933.0,1,1,0,0,2,0,124
1934.0,1,1,0,0,2,0,124
1935.0,2,1,0,0,3,0,124
1936.0,2,2,0,0,4,0,124
1937.0,2,2,0,0,4,0,124
1938.0,3,1,0,0,4,0,124
1939.0,4,1,0,0,5,0,124
1940.0,3,1,0,0,4,0,124
1941.0,3,1,0,0,4,0,124
1942.0,4,1,0,0,5,0,124
1943.0,4,2,0,0,6,0,124
1944.0,4,2,0,0,6,0,124
1945.0,4,2,0,1,7,0,124
1946.0,4,2,0,1,7,0,124
1947.0,4,2,0,0,6,0,124
1948.0,4,3,0,0,7,0,124
1949.0,4,3,0,0,7,0,124
1950.0,4,4,0,0,8,0,124
1951.0,4,4,0,0,8,0,124
1952.0,4,4,0,0,8,0,124
1953.0,4,4,0,0,8,0,125
1954.0,2,2,1,0,5,0,125
1955.0,1,1,0,0,2,0,125
1956.0,0,0,0,1,1,0,125
1957.0,0,0,0,1,1,0,125
1958.0,0,0,0,2,2,0,125
1959.0,0,0,0,3,3,0,125
1960.0,0,0,0,3,3,0,125
1961.0,0,0,1,3,4,0,125
1962.0,0,0,1,3,4,0,125
1963.0,0,0,2,3,5,0,125
1964.0,0,0,2,3,5,0,125
1965.0,0,0,2,3,5,0,125
1966.0,0,0,2,3,5,0,125
1967.0,0,0,2,3,5,0,125
1968.0,0,1,2,3,6,0,126
1969.0,0,2,1,1,4,0,126
1970.0,0,1,0,0,1,0,126
1971.0,0,1,0,0,1,0,126
1972.0,0,1,0,0,1,0,126
1973.0,0,1,0,0,1,0,126
1974.0,0,1,0,0,1,0,126
1975.0,0,1,0,0,1,0,126
1976.0,0,1,0,1,2,0,126
1977.0,0,2,0,0,2,0,126
1978.0,0,1,0,0,1,0,126
1979.0,0,1,0,0,1,0,126
1980.0,0,1,0,0,1,0,126
1981.0,0,1,0,0,1,0,126
1982.0,0,1,0,0,1,0,126
1983.0,0,1,0,0,1,0,127
1984.0,0,1,0,0,1,0,127
1985.0,0,1,0,0,1,0,127
1986.0,0,1,0,0,1,0,127
1987.0,0,1,0,1,2,0,127
1988.0,1,1,0,1,3,0,127
1989.0,0,1,0,1,2,0,127
1990.0,0,1,0,1,2,0,127
1991.0,0,1,1,2,4,0,127
1992.0,0,1,1,1,3,0,127
1993.0,0,2,1,1,4,0,127
1994.0,0,2,1,1,4,0,127
1995.0,0,2,2,1,5,0,127
1996.0,0,2,2,1,5,0,127
1997.0,0,2,2,1,5,0,127
1998.0,0,2,2,1,5,0,128
1999.0,0,0,2,1,3,0,128
2000.0,0,0,2,1,3,0,128
2001.0,0,0,2,1,3,0,128
2002.0,0,0,2,1,3,0,128
2003.0,0,0,2,1,3,0,128
2004.0,0,0,3,1,4,0,128
2005.0,0,0,3,1,4,0,128
2006.0,0,0,3,1,4,0,128
2007.0,0,0,3,1,4,0,128
2008.0,0,0,3,1,4,0,128
2009.0,0,0,3,2,5,0,128
2010.0,0,0,4,2,6,0,128
2011.0,0,0,4,2,6,0,128
2012.0,0,0,4,2,6,0,128
2013.0,0,0,5,2,7,0,129
2014.0,0,0,2,1,3,0,129
2015.0,0,0,0,0,0,0,129
2016.0,0,0,0,0,0,0,129
2017.0,0,0,0,0,0,0,129
2018.0,1,0,0,0,1,0,129
2019.0,0,1,0,0,1,0,129
2020.0,0,0,0,1,1,0,129
2021.0,0,0,0,0,0,0,129
2022.0,0,1,0,0,1,0,129
2023.0,0,1,0,0,1,0,129
2024.0,1,1,0,0,2,0,129
2025.0,0,1,0,1,2,0,129
2026.0,0,1,0,0,1,0,129
2027.0,0,1,0,0,1,0,129
2028.0,0,1,0,0,1,0,129
2029.0,0,1,0,0,1,0,129
2030.0,0,1,0,0,1,0,129
2031.0,0,1,0,0,1,0,129
2032.0,0,1,0,0,1,0,129
2033.0,0,1,0,0,1,0,129
2034.0,0,1,0,0,1,0,129
2035.0,0,1,0,0,1,0,129
2036.0,0,2,0,0,2,0,129
2037.0,0,2,0,0,2,0,129
2038.0,0,2,0,0,2,0,129
2039.0,0,2,0,0,2,0,129
2040.0,0,2,0,0,2,0,129
2041.0,1,2,0,0,3,0,129
2042.0,1,2,0,0,3,0,129
2043.0,1,2,0,0,3,0,130
2044.0,0,0,0,0,0,0,130
2045.0,0,0,0,0,0,0,130
2046.0,0,0,0,0,0,0,130
2047.0,0,0,0,0,0,0,130
2048.0,0,0,0,0,0,0,130
2049.0,0,1,0,0,1,0,130
2050.0,0,0,0,0,0,0,130
2051.0,0,0,0,1,1,0,130
2052.0,0,0,0,1,1,0,130
2053.0,0,0,1,2,3,0,130
2054.0,0,0,0,1,1,0,130
2055.0,0,0,0,1,1,0,130
2056.0,0,0,2,1,3,0,130
2057.0,0,0,2,1,3,0,130
2058.0,1,0,2,1,4,0,131
2059.0,0,0,2,1,3,0,131
2060.0,1,0,2,1,4,0,131
2061.0,0,0,2,1,3,0,131
2062.0,0,0,2,1,3,0,131
2063.0,0,0,2,1,3,0,131
2064.0,0,0,3,3,6,0,131
2065.0,0,0,3,3,6,0,131
2066.0,1,0,3,3,7,0,131
2067.0,0,0,3,3,6,0,131
2068.0,0,0,3,3,6,0,131
2069.0,0,1,3,3,7,0,131
2070.0,0,0,3,4,7,0,131
2071.0,0,0,3,3,6,0,131
2072.0,0,0,4,3,7,0,131
2073.0,1,0,4,3,8,0,132
2074.0,0,1,2,1,4,0,132
2075.0,0,0,1,0,1,0,132
2076.0,0,0,0,0,0,0,132
2077.0,0,0,0,0,0,0,132
2078.0,1,1,0,0,2,0,132
2079.0,1,1,0,0,2,0,132
2080.0,1,1,0,0,2,0,132
2081.0,1,1,0,0,2,0,132
2082.0,2,1,0,0,3,0,132
2083.0,2,1,0,0,3,0,132
2084.0,2,3,0,0,5,0,132
2085.0,2,3,0,0,5,0,132
2086.0,2,3,0,0,5,0,132
2087.0,2,3,0,0,5,0,132
2088.0,2,4,0,0,6,0,132
2089.0,2,4,0,0,6,0,132
2090.0,3,5,0,0,8,0,132
2091.0,3,4,0,0,7,0,132
2092.0,3,4,0,0,7,0,132
2093.0,3,5,0,0,8,0,132
2094.0,3,5,0,0,8,0,132
2095.0,3,5,0,0,8,0,132
2096.0,4,5,0,0,9,0,132
2097.0,4,5,0,0,9,0,132
2098.0,4,5,0,0,9,0,132
2099.0,5,5,0,0,10,0,132
2100.0,5,5,0,0,10,0,132
2101.0,5,6,0,0,11,0,132
2102.0,5,7,0,0,12,0,132
2103.0,5,7,0,0,12,0,132
2104.0,5,7,0,0,12,0,132
2105.0,5,7,0,0,12,0,132
2106.0,5,7,0,0,12,0,132
2107.0,5,7,0,0,12,0,132
2108.0,5,7,0,0,12,0,133
2109.0,3,5,0,0,8,0,133
2110.0,1,2,0,1,4,0,133
2111.0,0,0,0,0,0,0,133
2112.0,0,0,0,1,1,0,133
2113.0,0,0,0,1,1,0,133
2114.0,0,0,0,1,1,0,133
2115.0,0,0,0,1,1,0,133
2116.0,0,0,0,1,1,0,133
2117.0,0,0,0,2,2,0,133
2118.0,0,0,0,2,2,0,133
2119.0,0,0,0,2,2,0,133
2120.0,0,0,1,3,4,0,133
2121.0,0,0,1,3,4,0,133
2122.0,0,0,0,3,3,0,133
2123.0,0,0,1,4,5,0,134
2124.0,0,0,0,1,1,0,134
2125.0,0,1,0,0,1,0,134
2126.0,0,1,0,0,1,0,134
2127.0,0,2,0,0,2,0,134
2128.0,0,2,0,0,2,0,134
2129.0,1,2,0,0,3,0,134
2130.0,0,2,0,0,2,0,134
2131.0,0,3,1,0,4,0,134
2132.0,1,2,0,0,3,0,134
2133.0,0,2,0,0,2,0,134
2134.0,0,2,0,0,2,0,134
2135.0,0,2,0,0,2,0,134
2136.0,0,2,0,0,2,0,134
2137.0,0,3,0,0,3,0,134
2138.0,0,3,1,0,4,0,134
2139.0,0,3,0,0,3,0,134
2140.0,0,3,0,0,3,0,134
2141.0,0,3,0,0,3,0,134
2142.0,0,4,0,0,4,0,134
2143.0,0,4,0,0,4,0,135
2144.0,0,2,0,0,2,0,135
2145.0,0,1,0,0,1,0,135
2146.0,0,0,0,0,0,0,135
2147.0,0,0,0,0,0,0,135
2148.0,0,0,0,1,1,0,135
2149.0,0,0,1,1,2,0,135
2150.0,0,0,0,1,1,0,135
2151.0,0,0,0,1,1,0,135
2152.0,0,0,0,1,1,0,135
2153.0,0,0,0,1,1,0,135
2154.0,0,0,1,1,2,0,135
2155.0,0,0,1,1,2,0,135
2156.0,0,0,1,1,2,0,135
2157.0,0,0,1,1,2,0,135
2158.0,0,0,1,1,2,0,136
2159.0,0,0,0,0,0,0,136
2160.0,0,0,0,0,0,0,136
2161.0,0,0,0,0,0,0,136
2162.0,0,0,0,0,0,0,136
2163.0,0,0,0,0,0,0,136
2164.0,0,0,1,0,1,0,136
2165.0,0,0,0,0,0,0,136
2166.0,0,0,0,0,0,0,136
2167.0,0,0,0,0,0,0,136
2168.0,0,0,0,0,0,0,136
2169.0,0,0,0,0,0,0,136
2170.0,0,0,0,0,0,0,136
2171.0,0,0,0,0,0,0,136
2172.0,0,0,0,0,0,0,136
2173.0,0,0,0,0,0,0,137
2174.0,0,0,0,0,0,0,137
2175.0,0,0,0,0,0,0,137
2176.0,0,0,0,0,0,0,137
2177.0,0,1,1,1,3,0,137
2178.0,0,0,1,0,1,0,137
2179.0,0,1,1,0,2,0,137
2180.0,0,1,1,0,2,0,137
2181.0,0,1,2,0,3,0,137
2182.0,0,1,1,0,2,0,137
2183.0,0,1,1,0,2,0,137
2184.0,1,2,1,0,4,0,137
2185.0,0,1,1,0,2,0,137
2186.0,0,1,2,0,3,0,137
2187.0,0,2,3,0,5,0,137
2188.0,0,2,4,0,6,0,138
2189.0,0,0,3,2,5,0,138
2190.0,0,0,3,1,4,0,138
2191.0,0,1,3,1,5,0,138
2192.0,0,0,4,1,5,0,138
2193.0,0,0,5,2,7,0,138
2194.0,0,0,5,1,6,0,138
2195.0,0,0,5,1,6,0,138
2196.0,0,0,5,1,6,0,138
2197.0,1,0,5,1,7,0,138
2198.0,0,0,6,1,7,0,138
2199.0,0,0,6,1,7,0,138
2200.0,0,0,6,1,7,0,138
2201.0,0,0,6,2,8,0,138
2202.0,0,0,6,2,8,0,138
2203.0,0,0,7,3,10,0,139
2204.0,0,0,4,1,5,0,139
2205.0,0,0,1,1,2,0,139
2206.0,0,0,0,0,0,0,139
2207.0,1,1,0,0,2,0,139
2208.0,2,0,0,0,2,0,139
2209.0,1,0,0,0,1,0,139
2210.0,1,0,0,0,1,0,139
2211.0,1,0,0,0,1,0,139
2212.0,1,0,1,0,2,0,139
2213.0,1,0,0,0,1,0,139
2214.0,1,0,0,0,1,0,139
2215.0,1,0,0,0,1,0,139
2216.0,1,1,1,0,3,0,139
2217.0,1,0,0,0,1,0,139
2218.0,1,1,0,0,2,0,140
2219.0,1,0,0,0,1,0,140
2220.0,1,0,0,0,1,0,140
2221.0,1,0,0,0,1,0,140
2222.0,1,0,2,0,3,0,140
2223.0,1,1,2,0,4,0,140
2224.0,1,0,2,0,3,0,140
2225.0,1,0,2,0,3,0,140
2226.0,2,0,2,1,5,0,140
2227.0,1,0,2,1,4,0,140
2228.0,1,0,3,1,5,0,140
2229.0,1,0,3,1,5,0,140
2230.0,1,0,3,1,5,0,140
2231.0,2,0,3,1,6,0,140
2232.0,1,0,3,1,5,0,140
2233.0,2,0,4,1,7,0,141
2234.0,2,2,1,0,5,0,141
2235.0,2,1,0,0,3,0,141
2236.0,2,1,0,0,3,0,141
2237.0,2,1,0,0,3,0,141
2238.0,2,1,0,0,3,0,141
2239.0,3,1,0,0,4,0,141
2240.0,2,1,0,1,4,0,141
2241.0,2,1,0,0,3,0,141
2242.0,3,1,0,0,4,0,141
2243.0,2,1,0,0,3,0,141
2244.0,2,2,1,0,5,0,141
2245.0,2,2,0,0,4,0,141
2246.0,2,3,0,0,5,0,141
2247.0,3,3,0,0,6,0,141
2248.0,3,4,0,0,7,0,141
2249.0,3,3,0,0,6,0,141
2250.0,3,3,0,0,6,0,141
2251.0,3,3,0,0,6,0,141
2252.0,3,3,0,0,6,0,141
2253.0,4,3,0,0,7,0,141
2254.0,4,3,1,0,8,0,141
2255.0,4,3,0,0,7,0,141
2256.0,4,3,0,0,7,0,141
2257.0,4,3,0,0,7,0,141
2258.0,4,4,0,0,8,0,141
2259.0,4,4,0,0,8,0,141
2260.0,4,4,0,0,8,0,141
2261.0,5,4,0,0,9,0,141
2262.0,5,4,0,0,9,0,141
2263.0,7,4,0,0,11,0,141
2264.0,6,4,0,0,10,0,141
2265.0,7,4,0,0,11,0,141
2266.0,7,4,0,0,11,0,141
2267.0,7,4,0,0,11,0,141
2268.0,7,4,0,0,11,0,141
2269.0,7,4,0,0,11,0,141
2270.0,7,4,0,0,11,0,141
2271.0,7,4,0,0,11,0,141
2272.0,7,4,0,0,11,0,141
2273.0,7,4,0,0,11,0,141
2274.0,7,4,0,0,11,0,141
2275.0,7,4,0,0,11,0,141
2276.0,8,4,0,0,12,0,141
2277.0,7,4,0,0,11,0,141
2278.0,7,4,0,0,11,0,141
2279.0,8,4,0,0,12,0,141
2280.0,7,4,0,0,11,0,141
2281.0,8,4,0,0,12,0,141
2282.0,8,4,0,1,13,0,141
2283.0,8,5,0,0,13,0,141
2284.0,8,5,0,0,13,0,141
2285.0,8,5,0,1,14,0,141
2286.0,8,5,0,0,13,0,141
2287.0,8,5,0,0,13,0,141
2288.0,8,5,0,0,13,0,141
2289.0,8,5,0,0,13,0,141
2290.0,8,5,0,1,14,0,141
2291.0,8,5,1,0,14,0,141
2292.0,8,5,0,0,13,0,141
2293.0,8,6,0,0,14,0,141
2294.0,9,6,1,0,16,0,141
2295.0,9,7,0,0,16,0,141
2296.0,10,7,0,0,17,0,141
2297.0,10,7,0,0,17,0,141
2298.0,10,7,0,0,17,0,141
2299.0,10,7,0,0,17,0,141
2300.0,10,7,0,0,17,0,141
2301.0,11,7,0,0,18,0,141
2302.0,10,7,0,1,18,0,141
2303.0,10,7,0,0,17,0,141
2304.0,10,7,0,0,17,0,141
2305.0,11,7,0,1,19,0,141
2306.0,10,7,0,0,17,0,141
2307.0,10,7,0,0,17,0,141
2308.0,11,7,0,1,19,0,141
2309.0,10,7,0,0,17,0,141
2310.0,10,7,0,0,17,0,141
2311.0,10,7,0,0,17,0,141
2312.0,10,7,0,0,17,0,141
2313.0,11,7,0,0,18,0,141
2314.0,11,7,0,0,18,0,141
2315.0,11,7,0,0,18,0,141
2316.0,11,8,0,0,19,0,141
2317.0,11,7,0,0,18,0,141
2318.0,11,7,0,0,18,0,141
2319.0,11,7,0,0,18,0,141
2320.0,11,7,0,0,18,0,141
2321.0,11,8,0,0,19,0,141
2322.0,12,7,0,0,19,0,141
2323.0,12,7,0,1,20,0,141
2324.0,12,8,0,0,20,0,141
2325.0,13,7,0,0,20,0,141
2326.0,13,7,0,0,20,0,141
2327.0,13,7,0,0,20,0,141
2328.0,14,7,0,0,21,0,141
2329.0,14,8,0,0,22,0,141
2330.0,14,8,0,0,22,0,141
2331.0,14,10,0,0,24,0,141
2332.0,14,10,0,0,24,0,141
2333.0,14,10,0,0,24,0,141
2334.0,14,10,0,0,24,0,141
2335.0,14,10,0,0,24,0,141
2336.0,14,10,0,0,24,0,141
2337.0,14,10,0,0,24,0,141
2338.0,14,10,1,0,25,0,141
2339.0,14,10,0,0,24,0,141
2340.0,14,10,0,0,24,0,141
2341.0,14,10,0,0,24,0,141
2342.0,14,10,0,0,24,0,141
2343.0,14,11,0,1,26,0,141
2344.0,14,11,0,0,25,0,141
2345.0,14,11,0,0,25,0,141
2346.0,14,11,1,1,27,0,141
2347.0,14,12,0,0,26,0,141
2348.0,14,11,0,0,25,0,141
2349.0,14,11,0,0,25,0,141
2350.0,15,11,0,0,26,0,141
2351.0,14,11,0,1,26,0,141
2352.0,14,11,1,0,26,0,141
2353.0,14,13,0,0,27,0,141
2354.0,14,13,0,0,27,0,141
2355.0,14,13,0,0,27,0,141
2356.0,15,13,0,0,28,0,141
2357.0,14,13,0,0,27,0,141
2358.0,14,13,0,0,27,0,142
2359.0,14,12,0,0,26,0,142
2360.0,12,12,0,0,24,0,142
2361.0,12,11,0,1,24,0,142
2362.0,12,10,1,1,24,0,142
2363.0,12,9,0,1,22,0,142
2364.0,12,10,0,1,23,0,142
2365.0,12,8,1,1,22,0,142
2366.0,12,7,2,1,22,0,142
2367.0,12,6,2,1,21,0,142
2368.0,12,6,2,1,21,0,142
2369.0,12,6,2,1,21,0,142
2370.0,12,6,2,1,21,0,142
2371.0,12,6,2,1,21,0,142
2372.0,13,6,3,1,23,0,142
2373.0,13,6,3,1,23,0,142
2374.0,13,6,4,2,25,0,142
2375.0,14,7,4,1,26,0,142
2376.0,14,7,4,1,26,0,142
2377.0,14,6,5,2,27,0,142
2378.0,14,6,5,2,27,0,142
2379.0,14,6,5,2,27,0,142
2380.0,15,6,5,2,28,0,142
2381.0,14,5,5,2,26,0,142
2382.0,14,5,5,2,26,0,142
2383.0,14,5,6,3,28,0,143
2384.0,12,3,6,3,24,0,143
2385.0,11,2,6,3,22,0,143
2386.0,10,1,6,3,20,0,143
2387.0,9,0,6,3,18,0,143
2388.0,8,0,6,3,17,0,143
2389.0,7,0,6,3,16,0,143
2390.0,7,0,6,3,16,0,143
2391.0,6,0,7,3,16,0,143
2392.0,5,0,6,3,14,0,143
2393.0,4,0,6,3,13,0,143
2394.0,4,0,6,3,13,0,143
2395.0,3,0,7,3,13,0,143
2396.0,2,0,7,3,12,0,143
2397.0,1,0,7,3,11,0,143
2398.0,0,0,7,3,10,0,144
2399.0,0,0,4,1,5,0,144
2400.0,0,0,3,0,3,0,144
2401.0,1,0,1,0,2,0,144
2402.0,3,0,0,0,3,0,144
2403.0,3,0,0,0,3,0,144
2404.0,4,0,0,0,4,0,144
2405.0,4,0,0,0,4,0,144
2406.0,5,0,0,0,5,0,144
2407.0,6,0,0,0,6,0,144
2408.0,6,0,0,0,6,0,144
2409.0,7,0,0,0,7,0,144
2410.0,8,0,0,0,8,0,144
2411.0,8,0,0,0,8,0,144
2412.0,9,0,0,0,9,0,144
2413.0,11,0,0,0,11,0,145
2414.0,8,0,1,0,9,0,145
2415.0,7,0,1,0,8,0,145
2416.0,6,0,1,0,7,0,145
2417.0,5,0,1,0,6,0,145
2418.0,4,0,1,0,5,0,145
2419.0,3,0,2,1,6,0,145
2420.0,2,0,1,1,4,0,145
2421.0,1,0,1,0,2,0,145
2422.0,1,0,2,0,3,0,145
2423.0,1,0,1,1,3,0,145
2424.0,0,0,1,0,1,0,145
2425.0,0,0,2,0,2,0,145
2426.0,1,0,2,1,4,0,145
2427.0,0,1,2,1,4,0,145
2428.0,0,0,4,1,5,0,146
2429.0,0,0,4,2,6,0,146
2430.0,1,0,4,2,7,0,146
2431.0,1,0,4,2,7,0,146
2432.0,2,0,4,4,10,0,146
2433.0,3,0,5,4,12,0,146
2434.0,3,1,5,4,13,0,146
2435.0,3,0,5,4,12,0,146
2436.0,4,0,5,5,14,0,146
2437.0,4,0,6,5,15,0,146
2438.0,4,0,6,6,16,0,146
2439.0,5,1,7,6,19,0,146
2440.0,4,0,7,6,17,0,146
2441.0,4,0,10,6,20,0,146
2442.0,4,0,10,6,20,0,146
2443.0,4,0,10,6,20,0,147
2444.0,5,0,7,4,16,0,147
2445.0,6,0,4,1,11,0,147
2446.0,6,1,1,0,8,0,147
2447.0,6,1,0,0,7,0,147
2448.0,6,1,0,0,7,0,147
2449.0,6,1,1,0,8,0,147
2450.0,6,2,0,0,8,0,147
2451.0,6,3,0,0,9,0,147
2452.0,7,3,1,0,11,0,147
2453.0,6,3,0,1,10,0,147
2454.0,6,3,1,1,11,0,147
2455.0,6,3,0,0,9,0,147
2456.0,6,3,0,0,9,0,147
2457.0,6,4,0,0,10,0,147
2458.0,6,4,0,0,10,0,147
2459.0,6,4,0,0,10,0,147
2460.0,6,6,0,0,12,0,147
2461.0,6,5,0,0,11,0,147
2462.0,7,5,0,0,12,0,147
2463.0,7,6,0,0,13,0,147
2464.0,7,5,0,0,12,0,147
2465.0,8,5,0,1,14,0,147
2466.0,7,5,0,0,12,0,147
2467.0,8,5,0,0,13,0,147
2468.0,7,6,0,0,13,0,147
2469.0,7,5,0,0,12,0,147
2470.0,7,6,0,0,13,0,147
2471.0,7,7,0,0,14,0,147
2472.0,8,6,0,0,14,0,147
2473.0,8,7,1,0,16,0,147
2474.0,8,7,1,0,16,0,147
2475.0,8,7,0,0,15,0,147
2476.0,8,7,0,0,15,0,147
2477.0,8,7,1,0,16,0,147
2478.0,8,7,0,0,15,0,147
2479.0,8,8,0,0,16,0,147
2480.0,8,9,0,0,17,0,147
2481.0,8,9,0,0,17,0,147
2482.0,8,9,1,0,18,0,147
2483.0,8,9,1,0,18,0,147
2484.0,8,9,1,0,18,0,147
2485.0,8,10,0,0,18,0,147
2486.0,8,9,0,0,17,0,147
2487.0,10,9,1,0,20,0,147
2488.0,9,10,0,0,19,0,147
2489.0,10,11,0,0,21,0,147
2490.0,10,12,0,0,22,0,147
2491.0,10,12,0,0,22,0,147
2492.0,10,12,0,0,22,0,147
2493.0,10,12,0,0,22,0,147
2494.0,11,14,0,0,25,0,147
2495.0,10,14,0,0,24,0,147
2496.0,10,13,0,0,23,0,147
2497.0,11,14,0,0,25,0,147
2498.0,10,14,0,0,24,0,148
2499.0,9,13,1,0,23,0,148
2500.0,8,12,1,0,21,0,148
2501.0,8,11,1,0,20,0,148
2502.0,8,11,1,0,20,0,148
2503.0,8,11,1,1,21,0,148
2504.0,8,10,1,0,19,0,148
2505.0,9,9,1,0,19,0,148
2506.0,9,8,2,0,19,0,148
2507.0,9,7,1,0,17,0,148
2508.0,9,6,1,0,16,0,148
2509.0,10,5,1,1,17,0,148
2510.0,9,5,1,1,16,0,148
2511.0,10,5,1,1,17,0,148
2512.0,9,5,1,1,16,0,148
2513.0,10,5,1,1,17,0,148
2514.0,10,5,2,2,19,0,148
2515.0,10,5,1,2,18,0,148
2516.0,10,5,1,4,20,0,148
2517.0,11,5,2,3,21,0,148
2518.0,11,5,2,3,21,0,149
2519.0,11,5,0,1,17,0,149
2520.0,11,6,1,0,18,0,149
2521.0,11,6,0,0,17,0,149
2522.0,11,9,0,1,21,0,149
2523.0,12,9,1,0,22,0,149
2524.0,11,8,0,0,19,0,149
2525.0,11,8,0,0,19,0,149
2526.0,11,9,0,0,20,0,149
2527.0,12,8,0,0,20,0,149
2528.0,11,9,0,1,21,0,149
2529.0,11,8,0,0,19,0,149
2530.0,13,8,0,0,21,0,149
2531.0,13,8,0,0,21,0,149
2532.0,14,9,0,0,23,0,149
2533.0,14,10,0,0,24,0,149
2534.0,14,10,0,0,24,0,149
2535.0,15,10,0,0,25,0,149
2536.0,14,12,1,0,27,0,149
2537.0,14,12,0,0,26,0,149
2538.0,14,12,0,0,26,0,149
2539.0,14,12,1,0,27,0,149
2540.0,14,12,0,0,26,0,149
2541.0,15,13,0,0,28,0,149
2542.0,15,12,0,0,27,0,149
2543.0,15,12,0,0,27,0,149
2544.0,16,14,0,0,30,0,149
2545.0,15,14,0,0,29,0,149
2546.0,16,14,0,1,31,0,149
2547.0,15,14,0,0,29,0,149
2548.0,15,15,0,0,30,0,149
2549.0,16,15,0,1,32,0,149
2550.0,17,15,1,0,33,0,149
2551.0,18,15,0,0,33,0,149
2552.0,18,16,0,0,34,0,149
2553.0,18,17,0,0,35,0,149
2554.0,18,18,0,1,37,0,149
2555.0,18,19,0,0,37,0,149
2556.0,18,20,0,0,38,0,149
2557.0,19,19,0,1,39,0,149
2558.0,19,20,1,0,40,0,149
2559.0,19,20,0,0,39,0,149
2560.0,20,19,0,0,39,0,149
2561.0,20,19,0,0,39,0,149
2562.0,20,20,0,1,41,0,149
2563.0,20,19,1,0,40,0,149
2564.0,20,19,1,0,40,0,149
2565.0,21,20,0,0,41,0,149
2566.0,20,19,1,1,41,0,149
2567.0,20,20,0,0,40,0,149
2568.0,21,21,0,0,42,0,149
2569.0,21,21,0,1,43,0,149
2570.0,21,21,0,0,42,0,149
2571.0,21,22,0,0,43,0,149
2572.0,21,22,0,0,43,0,149
2573.0,21,22,1,0,44,0,149
2574.0,21,23,0,0,44,0,149
2575.0,21,23,0,0,44,0,149
2576.0,21,24,0,0,45,0,149
2577.0,21,24,0,0,45,0,149
2578.0,21,24,0,0,45,0,149
2579.0,21,24,0,0,45,0,149
2580.0,21,24,0,0,45,0,149
2581.0,22,24,0,0,46,0,149
2582.0,22,24,0,0,46,0,149
2583.0,22,24,0,0,46,0,149
2584.0,22,24,0,1,47,0,149
2585.0,22,24,0,0,46,0,149
2586.0,22,24,0,0,46,0,149
2587.0,22,24,0,0,46,0,149
2588.0,22,25,0,0,47,0,149
2589.0,22,25,0,0,47,0,149
2590.0,22,25,0,0,47,0,149
2591.0,23,25,0,0,48,0,149
2592.0,22,25,0,0,47,0,149
2593.0,22,25,0,1,48,0,149
2594.0,22,25,0,0,47,0,149
2595.0,22,25,0,0,47,0,149
2596.0,22,25,0,1,48,0,149
2597.0,22,25,0,0,47,0,149
2598.0,22,25,0,0,47,0,149
2599.0,22,26,0,1,49,0,149
2600.0,22,26,0,0,48,0,149
2601.0,22,26,0,0,48,0,149
2602.0,22,26,0,1,49,0,149
2603.0,22,26,0,1,49,0,149
2604.0,22,26,0,0,48,0,149
2605.0,22,26,0,0,48,0,149
2606.0,23,26,0,0,49,0,149
2607.0,23,26,1,1,51,0,149
2608.0,23,26,0,0,49,0,149
2609.0,23,26,0,0,49,0,149
2610.0,23,26,0,0,49,0,149
2611.0,23,26,0,0,49,0,149
2612.0,24,26,0,0,50,0,149
2613.0,23,26,1,0,50,0,149
2614.0,24,26,0,0,50,0,149
2615.0,23,26,0,0,49,0,149
2616.0,23,26,0,0,49,0,149
2617.0,24,26,0,0,50,0,149
2618.0,23,26,0,0,49,0,149
2619.0,23,26,0,0,49,0,149
2620.0,24,26,0,0,50,0,149
2621.0,23,26,0,0,49,0,149
2622.0,23,26,0,0,49,0,149
2623.0,23,26,0,0,49,0,149
2624.0,24,26,0,0,50,0,149
2625.0,23,26,0,0,49,0,149
2626.0,23,26,1,1,51,0,149
2627.0,24,26,0,0,50,0,149
2628.0,24,26,0,0,50,0,149
2629.0,24,26,0,0,50,0,149
2630.0,25,26,0,0,51,0,149
2631.0,25,26,0,0,51,0,149
2632.0,25,26,0,0,51,0,149
2633.0,26,26,1,0,53,0,149
2634.0,26,26,0,0,52,0,149
2635.0,26,26,0,0,52,0,149
2636.0,26,26,0,0,52,0,149
2637.0,27,26,0,1,54,0,149
2638.0,27,26,1,0,54,0,149
2639.0,28,26,0,0,54,0,149
2640.0,28,26,0,0,54,0,149
2641.0,28,26,0,0,54,0,149
2642.0,29,26,0,0,55,0,149
2643.0,29,26,0,0,55,0,149
2644.0,29,26,0,0,55,0,149
2645.0,29,26,0,0,55,0,149
2646.0,30,26,0,0,56,0,149
2647.0,29,26,0,0,55,0,149
2648.0,29,26,0,0,55,0,149
2649.0,29,26,0,0,55,0,149
2650.0,29,26,1,0,56,0,149
2651.0,29,26,0,0,55,0,149
2652.0,29,26,0,0,55,0,149
2653.0,29,26,0,0,55,0,149
2654.0,29,26,0,0,55,0,149
2655.0,29,26,0,0,55,0,149
2656.0,29,26,0,0,55,0,149
2657.0,29,26,0,0,55,0,149
2658.0,30,26,0,0,56,0,149
2659.0,30,26,0,0,56,0,149
2660.0,30,26,0,0,56,0,149
2661.0,30,26,0,0,56,0,149
2662.0,30,26,0,1,57,0,149
2663.0,30,26,0,1,57,0,149
2664.0,30,26,1,0,57,0,149
2665.0,30,26,0,0,56,0,149
2666.0,30,26,0,0,56,0,149
2667.0,30,26,0,0,56,0,149
2668.0,30,26,0,0,56,0,149
2669.0,30,26,0,0,56,0,149
2670.0,30,26,0,1,57,0,149
2671.0,30,26,0,0,56,0,149
2672.0,30,26,0,0,56,0,149
2673.0,31,26,0,1,58,0,149
2674.0,30,26,0,1,57,0,149
2675.0,30,26,0,1,57,0,149
2676.0,31,26,0,0,57,0,149
2677.0,30,26,0,1,57,0,149
2678.0,30,26,0,0,56,0,149
2679.0,30,26,0,0,56,0,149
2680.0,30,26,0,0,56,0,149
2681.0,30,26,0,0,56,0,149
2682.0,30,26,0,0,56,0,149
2683.0,30,26,0,0,56,0,149
2684.0,31,26,0,0,57,0,149
2685.0,31,26,0,0,57,0,149
2686.0,31,26,0,1,58,0,149
2687.0,33,26,0,0,59,0,149
2688.0,32,26,0,0,58,0,149
2689.0,32,26,0,0,58,0,149
2690.0,32,26,0,0,58,0,149
2691.0,32,26,0,0,58,0,149
2692.0,33,26,0,0,59,0,149
2693.0,32,26,0,0,58,0,149
2694.0,32,26,0,0,58,0,149
2695.0,33,26,0,0,59,0,149
2696.0,32,26,0,0,58,0,149
2697.0,33,26,1,0,60,0,149
2698.0,34,26,0,1,61,0,149
2699.0,33,26,0,0,59,0,149
2700.0,33,26,1,0,60,0,149
2701.0,33,26,0,0,59,0,149
2702.0,34,26,0,0,60,0,149
2703.0,35,26,0,0,61,0,149
2704.0,35,26,0,0,61,0,149
2705.0,35,26,0,0,61,0,149
2706.0,35,26,1,1,63,0,149
2707.0,35,26,0,0,61,0,149
2708.0,35,26,0,0,61,0,149
2709.0,35,26,0,0,61,0,149
2710.0,36,26,0,0,62,0,149
2711.0,36,26,0,0,62,0,149
2712.0,36,26,0,0,62,0,149
2713.0,36,26,0,0,62,0,149
2714.0,36,26,0,0,62,0,149
2715.0,37,26,0,0,63,0,149
2716.0,36,26,0,0,62,0,149
2717.0,37,26,0,0,63,0,149
2718.0,36,26,0,0,62,0,149
2719.0,37,26,1,0,64,0,149
2720.0,37,26,0,0,63,0,149
2721.0,37,26,0,0,63,0,149
2722.0,37,26,1,0,64,0,149
2723.0,38,26,0,0,64,0,149
2724.0,38,26,0,0,64,0,149
2725.0,39,26,0,0,65,0,149
2726.0,38,26,0,0,64,0,149
2727.0,39,26,0,0,65,0,149
2728.0,38,26,0,1,65,0,149
2729.0,38,26,0,0,64,0,149
2730.0,39,26,0,0,65,0,149
2731.0,39,26,0,0,65,0,149
2732.0,40,26,0,1,67,0,149
2733.0,40,26,0,0,66,0,149
2734.0,40,26,0,0,66,0,149
2735.0,40,26,0,1,67,0,149
2736.0,40,26,0,0,66,0,149
2737.0,41,26,0,0,67,0,149
2738.0,41,26,0,1,68,0,150
2739.0,37,23,0,0,60,0,150
2740.0,33,20,0,1,54,0,150
2741.0,29,17,0,0,46,0,150
2742.0,27,14,0,1,42,0,150
2743.0,25,11,0,1,37,0,150
2744.0,23,8,0,1,32,0,150
2745.0,22,6,0,1,29,0,150
2746.0,21,6,0,2,29,0,150
2747.0,20,4,0,2,26,0,150
2748.0,0,5,0,2,7,0,150
2749.0,3,4,0,3,10,0,150
2750.0,3,2,0,3,8,0,150
2751.0,4,4,0,4,12,0,150
2752.0,6,3,0,4,13,0,150
2753.0,8,2,0,4,14,0,151
2754.0,9,3,0,1,13,0,151
2755.0,10,3,1,0,14,0,151
2756.0,9,5,0,0,14,0,151
2757.0,9,6,0,1,16,0,151
2758.0,9,5,0,0,14,0,151
2759.0,9,5,0,0,14,0,151
2760.0,8,5,0,0,13,0,151
2761.0,8,5,0,0,13,0,151
2762.0,9,7,0,0,16,0,151
2763.0,9,8,0,1,18,0,151
2764.0,11,9,0,0,20,0,151
2765.0,12,11,0,0,23,0,151
2766.0,12,13,0,0,25,0,151
2767.0,14,14,0,0,28,0,151
2768.0,14,17,0,0,31,0,151
2769.0,14,17,1,0,32,0,151
2770.0,17,17,0,0,34,0,151
2771.0,17,19,0,0,36,0,151
2772.0,18,20,0,0,38,0,151
2773.0,21,21,0,0,42,0,151
2774.0,20,20,0,0,40,0,151
2775.0,23,21,0,0,44,0,151
2776.0,24,22,0,0,46,0,151
2777.0,24,20,0,0,44,0,151
2778.0,25,21,0,0,46,0,151
2779.0,26,21,0,0,47,0,151
2780.0,27,21,0,0,48,0,151
2781.0,28,21,0,0,49,0,151
2782.0,29,22,0,0,51,0,151
2783.0,29,23,0,0,52,0,151
2784.0,30,23,0,0,53,0,151
2785.0,32,23,0,0,55,0,151
2786.0,32,23,0,0,55,0,151
2787.0,34,23,0,0,57,0,151
2788.0,34,23,0,0,57,0,151
2789.0,34,23,0,0,57,0,151
2790.0,35,23,1,0,59,0,151
2791.0,36,23,0,0,59,0,151
2792.0,35,23,0,0,58,0,151
2793.0,35,23,0,1,59,0,151
2794.0,35,23,0,0,58,0,151
2795.0,35,23,0,0,58,0,151
2796.0,35,23,0,1,59,0,151
2797.0,35,23,0,0,58,0,151
2798.0,37,23,0,0,60,0,151
2799.0,36,23,0,0,59,0,151
2800.0,37,23,0,0,60,0,151
2801.0,37,23,0,0,60,0,151
2802.0,37,23,0,0,60,0,151
2803.0,37,23,0,0,60,0,151
2804.0,39,23,0,0,62,0,151
2805.0,39,23,1,1,64,0,151
2806.0,39,23,0,0,62,0,151
2807.0,39,23,0,0,62,0,151
2808.0,39,23,0,0,62,0,151
2809.0,39,23,0,0,62,0,151
2810.0,40,23,0,0,63,0,151
2811.0,39,23,0,0,62,0,151
2812.0,39,23,0,0,62,0,151
2813.0,40,23,0,0,63,0,151
2814.0,40,23,0,0,63,0,151
2815.0,40,23,0,0,63,0,151
2816.0,40,23,0,0,63,0,151
2817.0,40,23,0,0,63,0,151
2818.0,40,23,0,0,63,0,151
2819.0,41,23,0,0,64,0,151
2820.0,40,23,0,1,64,0,151
2821.0,40,23,0,0,63,0,151
2822.0,40,23,0,0,63,0,151
2823.0,40,23,0,1,64,0,151
2824.0,40,23,0,0,63,0,151
2825.0,41,23,0,0,64,0,151
2826.0,41,23,0,0,64,0,151
2827.0,41,23,0,0,64,0,151
2828.0,42,23,0,0,65,0,151
2829.0,41,23,0,0,64,0,151
2830.0,41,23,0,1,65,0,151
2831.0,41,23,0,0,64,0,151
2832.0,41,23,0,0,64,0,151
2833.0,42,23,0,0,65,0,151
2834.0,42,23,0,0,65,0,151
2835.0,42,23,0,0,65,0,151
2836.0,42,23,1,0,66,0,151
2837.0,42,23,0,0,65,0,151
2838.0,42,23,0,0,65,0,151
2839.0,42,23,0,0,65,0,151
2840.0,42,23,0,0,65,0,151
2841.0,42,23,0,0,65,0,151
2842.0,42,23,0,0,65,0,151
2843.0,42,23,1,0,66,0,151
2844.0,42,23,0,1,66,0,151
2845.0,42,23,0,0,65,0,151
2846.0,42,23,0,0,65,0,151
2847.0,43,23,0,0,66,0,151
2848.0,42,23,0,0,65,0,151
2849.0,42,23,0,0,65,0,151
2850.0,42,23,0,0,65,0,151
2851.0,43,23,0,1,67,0,151
2852.0,43,23,0,0,66,0,151
2853.0,43,23,0,0,66,0,151
2854.0,44,23,0,0,67,0,151
2855.0,44,23,0,0,67,0,151
2856.0,43,23,0,1,67,0,151
2857.0,43,23,0,0,66,0,151
2858.0,43,23,0,0,66,0,151
2859.0,44,23,0,0,67,0,151
2860.0,44,23,0,0,67,0,151
2861.0,44,23,0,0,67,0,151
2862.0,44,23,1,0,68,0,151
2863.0,44,23,0,0,67,0,151
2864.0,44,23,0,0,67,0,151
2865.0,44,23,0,0,67,0,151
2866.0,44,23,0,0,67,0,151
2867.0,45,23,0,0,68,0,151
2868.0,45,23,0,0,68,0,151
2869.0,45,23,0,0,68,0,151
2870.0,45,23,1,0,69,0,151
2871.0,45,23,0,1,69,0,151
2872.0,45,23,0,0,68,0,151
2873.0,46,23,1,0,70,0,151
2874.0,46,23,0,0,69,0,151
2875.0,46,23,0,0,69,0,151
2876.0,46,23,1,0,70,0,151
2877.0,46,23,0,0,69,0,151
2878.0,46,23,0,1,70,0,151
2879.0,46,23,1,0,70,0,151
2880.0,46,23,0,0,69,0,151
2881.0,46,23,0,1,70,0,151
2882.0,46,23,1,0,70,0,151
2883.0,46,23,0,0,69,0,151
2884.0,46,23,0,1,70,0,151
2885.0,46,23,0,0,69,0,151
2886.0,46,23,0,1,70,0,151
2887.0,46,23,0,0,69,0,151
2888.0,46,23,0,0,69,0,151
2889.0,46,23,0,0,69,0,151
2890.0,46,23,0,0,69,0,151
2891.0,46,23,0,0,69,0,151
2892.0,46,23,0,0,69,0,151
2893.0,46,23,0,0,69,0,151
2894.0,46,23,0,1,70,0,151
2895.0,46,23,0,0,69,0,151
2896.0,46,23,0,0,69,0,151
2897.0,46,23,0,1,70,0,151
2898.0,46,23,0,0,69,0,151
2899.0,46,23,0,0,69,0,151
2900.0,46,23,0,0,69,0,151
2901.0,46,23,0,0,69,0,151
2902.0,46,23,0,0,69,0,151
2903.0,46,23,0,0,69,0,151
2904.0,46,23,0,0,69,0,151
2905.0,46,23,0,1,70,0,151
2906.0,46,23,0,0,69,0,151
2907.0,46,23,0,0,69,0,151
2908.0,46,23,1,0,70,0,151
2909.0,46,23,0,0,69,0,151
2910.0,46,23,0,1,70,0,151
2911.0,46,23,0,0,69,0,151
2912.0,46,23,0,0,69,0,151
2913.0,46,23,0,1,70,0,151
2914.0,46,23,0,1,70,0,151
2915.0,46,23,0,0,69,0,151
2916.0,46,23,0,0,69,0,151
2917.0,46,23,0,1,70,0,151
2918.0,46,23,0,0,69,0,151
2919.0,46,23,0,0,69,0,151
2920.0,46,23,0,1,70,0,151
2921.0,46,23,0,0,69,0,151
2922.0,46,23,0,0,69,0,151
2923.0,46,23,0,0,69,0,151
2924.0,46,23,0,0,69,0,151
2925.0,46,23,0,0,69,0,151
2926.0,46,23,0,0,69,0,151
2927.0,46,23,0,0,69,0,151
2928.0,46,23,0,0,69,0,151
2929.0,46,23,0,1,70,0,151
2930.0,46,23,0,0,69,0,151
2931.0,46,23,0,0,69,0,151
2932.0,46,23,0,0,69,0,151
2933.0,46,23,0,0,69,0,151
2934.0,46,23,0,0,69,0,151
2935.0,46,23,0,0,69,0,151
2936.0,46,23,0,0,69,0,151
2937.0,46,23,0,0,69,0,151
2938.0,46,23,0,0,69,0,151
2939.0,46,23,0,0,69,0,151
2940.0,46,23,0,0,69,0,151
2941.0,46,23,0,0,69,0,151
2942.0,46,23,0,0,69,0,151
2943.0,46,23,0,0,69,0,151
2944.0,46,23,0,0,69,0,151
2945.0,46,23,0,0,69,0,151
2946.0,46,23,0,0,69,0,151
2947.0,46,23,0,0,69,0,151
2948.0,46,23,0,0,69,0,151
2949.0,46,23,0,1,70,0,151
2950.0,46,23,0,0,69,0,151
2951.0,46,23,0,0,69,0,151
2952.0,46,23,1,0,70,0,151
2953.0,46,23,0,0,69,0,151
2954.0,46,23,0,0,69,0,151
2955.0,46,23,0,1,70,0,151
2956.0,46,23,1,0,70,0,151
2957.0,46,23,0,0,69,0,151
2958.0,46,23,0,0,69,0,151
2959.0,46,23,1,0,70,0,151
2960.0,46,23,0,0,69,0,151
2961.0,46,23,0,0,69,0,151
2962.0,46,23,0,0,69,0,151
2963.0,46,23,0,1,70,0,151
2964.0,46,23,0,0,69,0,151
2965.0,46,23,0,0,69,0,151
2966.0,46,23,0,1,70,0,151
2967.0,46,23,0,1,70,0,151
2968.0,46,23,0,0,69,0,151
2969.0,46,23,0,0,69,0,151
2970.0,46,23,0,1,70,0,151
2971.0,46,23,0,0,69,0,151
2972.0,46,23,0,0,69,0,151
2973.0,46,23,0,0,69,0,151
2974.0,46,23,0,0,69,0,151
2975.0,46,23,0,0,69,0,151
2976.0,46,23,0,1,70,0,151
2977.0,46,23,0,0,69,0,151
2978.0,46,23,0,0,69,0,151
2979.0,46,23,1,0,70,0,151
2980.0,46,23,0,0,69,0,151
2981.0,46,23,0,0,69,0,151
2982.0,46,23,0,0,69,0,151
2983.0,46,23,0,0,69,0,151
2984.0,46,23,0,0,69,0,151
2985.0,46,23,0,0,69,0,151
2986.0,46,23,0,1,70,0,151
2987.0,46,23,1,0,70,0,151
2988.0,46,23,0,0,69,0,151
2989.0,46,23,0,0,69,0,151
2990.0,46,23,0,1,70,0,151
2991.0,46,23,0,0,69,0,151
2992.0,46,23,0,0,69,0,151
2993.0,46,23,0,0,69,0,151
2994.0,46,23,0,0,69,0,151
2995.0,46,23,0,0,69,0,151
2996.0,46,23,0,0,69,0,151
2997.0,46,23,1,0,70,0,151
2998.0,46,23,0,0,69,0,151
2999.0,46,23,0,0,69,0,151
3000.0,46,23,0,1,70,0,151
3001.0,46,23,0,0,69,0,151
3002.0,46,23,0,0,69,0,151
3003.0,46,23,0,0,69,0,151
3004.0,46,23,0,0,69,0,151
3005.0,46,23,0,0,69,0,151
3006.0,46,23,0,0,69,0,151
3007.0,46,23,0,0,69,0,151
3008.0,46,23,0,0,69,0,151
3009.0,46,23,0,0,69,0,151
3010.0,46,23,0,0,69,0,151
3011.0,46,23,0,0,69,0,151
3012.0,46,23,0,0,69,0,151
3013.0,46,23,0,0,69,0,151
3014.0,46,23,0,0,69,0,151
3015.0,46,23,0,0,69,0,151
3016.0,46,23,0,1,70,0,151
3017.0,46,23,0,0,69,0,151
3018.0,46,23,0,0,69,0,151
3019.0,46,23,0,0,69,0,151
3020.0,46,23,0,0,69,0,151
3021.0,46,23,0,0,69,0,151
3022.0,46,23,0,0,69,0,151
3023.0,46,23,0,0,69,0,151
3024.0,46,23,0,0,69,0,151
3025.0,46,23,0,0,69,0,151
3026.0,46,23,0,0,69,0,151
3027.0,46,23,0,0,69,0,151
3028.0,46,23,0,0,69,0,151
3029.0,46,23,0,0,69,0,151
3030.0,46,23,0,0,69,0,151
3031.0,46,23,0,1,70,0,151
3032.0,46,23,0,0,69,0,151
3033.0,46,23,1,0,70,0,151
3034.0,46,23,0,0,69,0,151
3035.0,46,23,0,0,69,0,151
3036.0,46,23,0,0,69,0,151
3037.0,46,23,0,0,69,0,151
3038.0,46,23,0,0,69,0,151
3039.0,46,23,0,0,69,0,151
3040.0,46,23,0,0,69,0,151
3041.0,46,23,0,0,69,0,151
3042.0,46,23,0,0,69,0,151
3043.0,46,23,0,0,69,0,151
3044.0,46,23,0,0,69,0,151
3045.0,46,23,0,0,69,0,151
3046.0,46,23,0,0,69,0,151
3047.0,46,23,0,0,69,0,151
3048.0,46,23,0,0,69,0,151
3049.0,46,23,0,0,69,0,151
3050.0,46,23,0,1,70,0,151
3051.0,46,23,0,0,69,0,151
3052.0,46,23,0,0,69,0,151
3053.0,46,23,0,1,70,0,151
3054.0,46,23,0,0,69,0,151
3055.0,46,23,0,0,69,0,151
3056.0,46,23,0,1,70,0,151
3057.0,46,23,0,0,69,0,151
3058.0,46,23,1,0,70,0,151
3059.0,46,23,0,1,70,0,151
3060.0,46,23,0,0,69,0,151
3061.0,46,23,0,0,69,0,151
3062.0,46,23,0,0,69,0,151
3063.0,46,23,0,0,69,0,151
3064.0,46,23,0,0,69,0,151
3065.0,46,23,0,0,69,0,151
3066.0,46,23,0,0,69,0,151
3067.0,46,23,0,0,69,0,151
3068.0,46,23,0,0,69,0,151
3069.0,46,23,0,0,69,0,151
3070.0,46,23,0,1,70,0,151
3071.0,46,23,0,0,69,0,151
3072.0,46,23,0,0,69,0,151
3073.0,46,23,0,0,69,0,151
3074.0,46,23,0,0,69,0,151
3075.0,46,23,0,0,69,0,151
3076.0,46,23,0,0,69,0,151
3077.0,46,23,0,0,69,0,151
3078.0,46,23,0,0,69,0,151
3079.0,46,23,0,0,69,0,151
3080.0,46,23,0,0,69,0,151
3081.0,46,23,0,1,70,0,151
3082.0,46,23,0,0,69,0,151
3083.0,46,23,0,0,69,0,151
3084.0,46,23,0,0,69,0,151
3085.0,46,23,0,0,69,0,151
3086.0,46,23,0,0,69,0,151
3087.0,46,23,0,0,69,0,151
3088.0,46,23,0,0,69,0,151
3089.0,46,23,0,0,69,0,151
3090.0,46,23,0,0,69,0,151
3091.0,46,23,0,0,69,0,151
3092.0,46,23,0,0,69,0,151
3093.0,46,23,0,0,69,0,151
3094.0,46,23,1,0,70,0,151
3095.0,46,23,0,1,70,0,151
3096.0,46,23,0,0,69,0,151
3097.0,46,23,0,0,69,0,151
3098.0,46,23,0,0,69,0,151
3099.0,46,23,0,0,69,0,151
3100.0,46,23,1,0,70,0,151
3101.0,46,23,0,0,69,0,151
3102.0,46,23,0,0,69,0,151
3103.0,46,23,0,0,69,0,151
3104.0,46,23,0,0,69,0,151
3105.0,46,23,0,0,69,0,151
3106.0,46,23,0,0,69,0,151
3107.0,46,23,0,0,69,0,151
3108.0,46,23,0,0,69,0,151
3109.0,46,23,0,0,69,0,151
3110.0,46,23,1,0,70,0,151
3111.0,46,23,0,0,69,0,151
3112.0,46,23,0,0,69,0,151
3113.0,46,23,1,0,70,0,151
3114.0,46,23,1,0,70,0,151
3115.0,46,23,0,0,69,0,151
3116.0,46,23,0,0,69,0,151
3117.0,46,23,0,0,69,0,151
3118.0,46,23,0,1,70,0,151
3119.0,46,23,0,0,69,0,151
3120.0,46,23,0,0,69,0,151
3121.0,46,23,0,1,70,0,151
3122.0,46,23,0,0,69,0,151
3123.0,46,23,0,0,69,0,151
3124.0,46,23,0,0,69,0,151
3125.0,46,23,0,1,70,0,151
3126.0,46,23,0,0,69,0,151
3127.0,46,23,0,0,69,0,151
3128.0,46,23,1,1,71,0,151
3129.0,46,23,0,0,69,0,151
3130.0,46,23,0,0,69,0,151
3131.0,46,23,0,0,69,0,151
3132.0,46,23,0,0,69,0,151
3133.0,46,23,0,0,69,0,151
3134.0,46,23,0,1,70,0,151
3135.0,46,23,0,0,69,0,151
3136.0,46,23,0,0,69,0,151
3137.0,46,23,0,1,70,0,151
3138.0,46,23,0,0,69,0,151
3139.0,46,23,0,0,69,0,151
3140.0,46,23,0,0,69,0,151
3141.0,46,23,0,0,69,0,151
3142.0,46,23,0,0,69,0,151
3143.0,46,23,0,0,69,0,151
3144.0,46,23,0,0,69,0,151
3145.0,46,23,1,0,70,0,151
3146.0,46,23,0,0,69,0,151
3147.0,46,23,0,0,69,0,151
3148.0,46,23,0,0,69,0,151
3149.0,46,23,0,1,70,0,151
3150.0,46,23,0,0,69,0,151
3151.0,46,23,0,0,69,0,151
3152.0,46,23,1,1,71,0,151
3153.0,46,23,0,0,69,0,151
3154.0,46,23,0,0,69,0,151
3155.0,46,23,0,1,70,0,151
3156.0,46,23,0,0,69,0,151
3157.0,46,23,0,0,69,0,151
3158.0,46,23,0,0,69,0,151
3159.0,46,23,0,0,69,0,151
3160.0,46,23,0,0,69,0,151
3161.0,46,23,0,1,70,0,151
3162.0,46,23,0,0,69,0,151
3163.0,46,23,0,0,69,0,151
3164.0,46,23,0,0,69,0,151
3165.0,46,23,0,0,69,0,151
3166.0,46,23,0,0,69,0,151
3167.0,46,23,1,0,70,0,151
3168.0,46,23,0,0,69,0,151
3169.0,46,23,0,0,69,0,151
3170.0,46,23,0,0,69,0,151
3171.0,46,23,0,0,69,0,151
3172.0,46,23,0,0,69,0,151
3173.0,46,23,0,0,69,0,151
3174.0,46,23,0,0,69,0,151
3175.0,46,23,0,0,69,0,151
3176.0,46,23,0,0,69,0,151
3177.0,46,23,0,1,70,0,151
3178.0,46,23,0,0,69,0,151
3179.0,46,23,0,0,69,0,151
3180.0,46,23,0,1,70,0,151
3181.0,46,23,0,0,69,0,151
3182.0,46,23,0,0,69,0,151
3183.0,46,23,0,0,69,0,151
3184.0,46,23,0,0,69,0,151
3185.0,46,23,0,0,69,0,151
3186.0,46,23,1,0,70,0,151
3187.0,46,23,0,1,70,0,151
3188.0,46,23,0,0,69,0,151
3189.0,46,23,0,0,69,0,151
3190.0,46,23,0,0,69,0,151
3191.0,46,23,0,0,69,0,151
3192.0,46,23,0,0,69,0,151
3193.0,46,23,0,1,70,0,151
3194.0,46,23,0,0,69,0,151
3195.0,46,23,0,0,69,0,151
3196.0,46,23,0,0,69,0,151
3197.0,46,23,0,0,69,0,151
3198.0,46,23,0,0,69,0,151
3199.0,46,23,0,0,69,0,151
3200.0,46,23,0,1,70,0,151
3201.0,46,23,0,0,69,0,151
3202.0,46,23,0,0,69,0,151
3203.0,46,23,0,0,69,0,151
3204.0,46,23,0,1,70,0,151
3205.0,46,23,0,0,69,0,151
3206.0,46,23,0,0,69,0,151
3207.0,46,23,0,0,69,0,151
3208.0,46,23,0,0,69,0,151
3209.0,46,23,1,0,70,0,151
3210.0,46,23,0,1,70,0,151
3211.0,46,23,1,0,70,0,151
3212.0,46,23,0,1,70,0,151
3213.0,46,23,0,0,69,0,151
3214.0,46,23,0,0,69,0,151
3215.0,46,23,0,0,69,0,151
3216.0,46,23,0,0,69,0,151
3217.0,46,23,0,0,69,0,151
3218.0,46,23,0,1,70,0,151
3219.0,46,23,0,0,69,0,151
3220.0,46,23,0,0,69,0,151
3221.0,46,23,1,1,71,0,151
3222.0,46,23,0,0,69,0,151
3223.0,46,23,0,0,69,0,151
3224.0,46,23,0,0,69,0,151
3225.0,46,23,0,0,69,0,151
3226.0,46,23,0,1,70,0,151
3227.0,46,23,0,1,70,0,151
3228.0,46,23,0,0,69,0,151
3229.0,46,23,0,0,69,0,151
3230.0,46,23,0,0,69,0,151
3231.0,46,23,0,0,69,0,151
3232.0,46,23,0,0,69,0,151
3233.0,46,23,0,0,69,0,151
3234.0,46,23,0,0,69,0,151
3235.0,46,23,0,0,69,0,151
3236.0,46,23,0,1,70,0,151
3237.0,46,23,0,1,70,0,151
3238.0,46,23,0,1,70,0,151
3239.0,46,23,0,1,70,0,151
3240.0,46,23,0,1,70,0,151
3241.0,46,23,0,2,71,0,151
3242.0,46,23,0,0,69,0,151
3243.0,46,23,0,0,69,0,151
3244.0,46,23,0,0,69,0,151
3245.0,46,23,0,0,69,0,151
3246.0,46,23,0,0,69,0,151
3247.0,46,23,0,0,69,0,151
3248.0,46,23,0,0,69,0,151
3249.0,46,23,1,0,70,0,151
3250.0,46,23,0,0,69,0,151
3251.0,46,23,1,0,70,0,151
3252.0,46,23,0,0,69,0,151
3253.0,46,23,0,1,70,0,151
3254.0,46,23,0,0,69,0,151
3255.0,46,23,0,0,69,0,151
3256.0,46,23,0,0,69,0,151
3257.0,46,23,0,0,69,0,151
3258.0,46,23,1,0,70,0,151
3259.0,46,23,0,0,69,0,151
3260.0,46,23,0,0,69,0,151
3261.0,46,23,0,0,69,0,151
3262.0,46,23,0,0,69,0,151
3263.0,46,23,1,0,70,0,151
3264.0,46,23,0,0,69,0,151
3265.0,46,23,0,0,69,0,151
3266.0,46,23,1,0,70,0,151
3267.0,46,23,0,0,69,0,151
3268.0,46,23,0,0,69,0,151
3269.0,46,23,0,0,69,0,151
3270.0,46,23,0,0,69,0,151
3271.0,46,23,0,0,69,0,151
3272.0,46,23,0,0,69,0,151
3273.0,46,23,0,0,69,0,151
3274.0,46,23,0,0,69,0,151
3275.0,46,23,0,0,69,0,151
3276.0,46,23,0,0,69,0,151
3277.0,46,23,0,0,69,0,151
3278.0,46,23,0,0,69,0,151
3279.0,46,23,0,0,69,0,151
3280.0,46,23,0,0,69,0,151
3281.0,46,23,0,0,69,0,151
3282.0,46,23,1,0,70,0,151
3283.0,46,23,0,0,69,0,151
3284.0,46,23,0,1,70,0,151
3285.0,46,23,0,0,69,0,151
3286.0,46,23,0,0,69,0,151
3287.0,46,23,0,1,70,0,151
3288.0,46,23,0,0,69,0,151
3289.0,46,23,0,0,69,0,151
3290.0,46,23,0,0,69,0,151
3291.0,46,23,0,1,70,0,151
3292.0,46,23,1,0,70,0,151
3293.0,46,23,0,0,69,0,151
3294.0,46,23,0,0,69,0,151
3295.0,46,23,0,0,69,0,151
3296.0,46,23,0,0,69,0,151
3297.0,46,23,0,0,69,0,151
3298.0,46,23,0,1,70,0,151
3299.0,46,23,0,0,69,0,151
3300.0,46,23,0,0,69,0,151
3301.0,46,23,0,0,69,0,151
3302.0,46,23,1,0,70,0,151
3303.0,46,23,0,0,69,0,151
3304.0,46,23,0,0,69,0,151
3305.0,46,23,0,1,70,0,151
3306.0,46,23,0,0,69,0,151
3307.0,46,23,0,0,69,0,151
3308.0,46,23,0,1,70,0,151
3309.0,46,23,0,0,69,0,151
3310.0,46,23,0,0,69,0,151
3311.0,46,23,0,1,70,0,151
3312.0,46,23,0,0,69,0,151
3313.0,46,23,1,0,70,0,151
3314.0,46,23,0,1,70,0,151
3315.0,46,23,0,0,69,0,151
3316.0,46,23,1,0,70,0,151
3317.0,46,23,0,0,69,0,151
3318.0,46,23,0,0,69,0,151
3319.0,46,23,0,0,69,0,151
3320.0,46,23,0,0,69,0,151
3321.0,46,23,0,0,69,0,151
3322.0,46,23,0,0,69,0,151
3323.0,46,23,0,0,69,0,151
3324.0,46,23,0,0,69,0,151
3325.0,46,23,0,0,69,0,151
3326.0,46,23,0,0,69,0,151
3327.0,46,23,0,0,69,0,151
3328.0,46,23,0,0,69,0,151
3329.0,46,23,0,0,69,0,151
3330.0,46,23,0,0,69,0,151
3331.0,46,23,0,0,69,0,151
3332.0,46,23,0,0,69,0,151
3333.0,46,23,0,0,69,0,151
3334.0,46,23,0,0,69,0,151
3335.0,46,23,0,0,69,0,151
3336.0,46,23,0,0,69,0,151
3337.0,46,23,0,1,70,0,151
3338.0,46,23,0,0,69,0,151
3339.0,46,23,0,0,69,0,151
3340.0,46,23,0,1,70,0,151
3341.0,46,23,0,0,69,0,151
3342.0,46,23,0,0,69,0,151
3343.0,46,23,0,1,70,0,151
3344.0,46,23,0,0,69,0,151
3345.0,46,23,0,0,69,0,151
3346.0,46,23,1,1,71,0,151
3347.0,46,23,0,0,69,0,151
3348.0,46,23,0,0,69,0,151
3349.0,46,23,1,0,70,0,151
3350.0,46,23,0,0,69,0,151
3351.0,46,23,0,0,69,0,151
3352.0,46,23,1,1,71,0,151
3353.0,46,23,0,0,69,0,151
3354.0,46,23,0,1,70,0,151
3355.0,46,23,0,0,69,0,151
3356.0,46,23,0,0,69,0,151
3357.0,46,23,0,0,69,0,151
3358.0,46,23,0,0,69,0,151
3359.0,46,23,0,0,69,0,151
3360.0,46,23,0,0,69,0,151
3361.0,46,23,0,0,69,0,151
3362.0,46,23,0,0,69,0,151
3363.0,46,23,0,0,69,0,151
3364.0,46,23,0,0,69,0,151
3365.0,46,23,1,0,70,0,151
3366.0,46,23,0,0,69,0,151
3367.0,46,23,0,0,69,0,151
3368.0,46,23,0,0,69,0,151
3369.0,46,23,0,0,69,0,151
3370.0,46,23,0,0,69,0,151
3371.0,46,23,0,0,69,0,151
3372.0,46,23,0,0,69,0,151
3373.0,46,23,0,0,69,0,151
3374.0,46,23,0,0,69,0,151
3375.0,46,23,1,0,70,0,151
3376.0,46,23,0,1,70,0,151
3377.0,46,23,0,0,69,0,151
3378.0,46,23,0,0,69,0,151
3379.0,46,23,0,0,69,0,151
3380.0,46,23,0,0,69,0,151
3381.0,46,23,0,0,69,0,151
3382.0,46,23,0,0,69,0,151
3383.0,46,23,0,0,69,0,151
3384.0,46,23,0,0,69,0,151
3385.0,46,23,0,0,69,0,151
3386.0,46,23,0,1,70,0,151
3387.0,46,23,0,0,69,0,151
3388.0,46,23,0,0,69,0,151
3389.0,46,23,0,0,69,0,151
3390.0,46,23,0,1,70,0,151
3391.0,46,23,1,0,70,0,151
3392.0,46,23,0,0,69,0,151
3393.0,46,23,1,1,71,0,151
3394.0,46,23,0,0,69,0,151
3395.0,46,23,0,0,69,0,151
3396.0,46,23,1,1,71,0,151
3397.0,46,23,0,0,69,0,151
3398.0,46,23,1,0,70,0,151
3399.0,46,23,0,1,70,0,151
3400.0,46,23,0,0,69,0,151
3401.0,46,23,1,0,70,0,151
3402.0,46,23,0,0,69,0,151
3403.0,46,23,0,0,69,0,151
3404.0,46,23,0,1,70,0,151
3405.0,46,23,0,0,69,0,151
3406.0,46,23,0,0,69,0,151
3407.0,46,23,0,0,69,0,151
3408.0,46,23,0,0,69,0,151
3409.0,46,23,1,0,70,0,151
3410.0,46,23,2,0,71,0,151
3411.0,46,23,2,0,71,0,151
3412.0,46,23,2,1,72,0,151
3413.0,46,23,2,0,71,0,151
3414.0,46,23,2,0,71,0,151
3415.0,46,23,2,0,71,0,151
3416.0,46,23,2,0,71,0,151
3417.0,46,23,2,0,71,0,151
3418.0,46,23,1,0,70,0,151
3419.0,46,23,0,0,69,0,151
3420.0,46,23,0,0,69,0,151
3421.0,46,23,1,0,70,0,151
3422.0,46,23,0,0,69,0,151
3423.0,46,23,0,0,69,0,151
3424.0,46,23,0,0,69,0,151
3425.0,46,23,1,0,70,0,151
3426.0,46,23,0,0,69,0,151
3427.0,46,23,0,0,69,0,151
3428.0,46,23,0,1,70,0,151
3429.0,46,23,0,0,69,0,151
3430.0,46,23,0,0,69,0,151
3431.0,46,23,0,1,70,0,151
3432.0,46,23,0,0,69,0,151
3433.0,46,23,0,0,69,0,151
3434.0,46,23,1,0,70,0,151
3435.0,46,23,0,0,69,0,151
3436.0,46,23,0,0,69,0,151
3437.0,46,23,0,0,69,0,151
3438.0,46,23,0,0,69,0,151
3439.0,46,23,0,0,69,0,151
3440.0,46,23,0,0,69,0,151
3441.0,46,23,0,0,69,0,151
3442.0,46,23,0,1,70,0,151
3443.0,46,23,0,0,69,0,151
3444.0,46,23,0,0,69,0,151
3445.0,46,23,0,1,70,0,151
3446.0,46,23,0,0,69,0,151
3447.0,46,23,0,0,69,0,151
3448.0,46,23,0,0,69,0,151
3449.0,46,23,0,1,70,0,151
3450.0,46,23,1,0,70,0,151
3451.0,46,23,0,0,69,0,151
3452.0,46,23,0,1,70,0,151
3453.0,46,23,0,0,69,0,151
3454.0,46,23,1,0,70,0,151
3455.0,46,23,0,1,70,0,151
3456.0,46,23,0,0,69,0,151
3457.0,46,23,0,0,69,0,151
3458.0,46,23,0,0,69,0,151
3459.0,46,23,0,0,69,0,151
3460.0,46,23,0,0,69,0,151
3461.0,46,23,0,0,69,0,151
3462.0,46,23,0,0,69,0,151
3463.0,46,23,1,1,71,0,151
3464.0,46,23,0,0,69,0,151
3465.0,46,23,0,0,69,0,151
3466.0,46,23,0,1,70,0,151
3467.0,46,23,0,0,69,0,151
3468.0,46,23,0,0,69,0,151
3469.0,46,23,0,0,69,0,151
3470.0,46,23,0,1,70,0,151
3471.0,46,23,0,0,69,0,151
3472.0,46,23,0,0,69,0,151
3473.0,46,23,0,0,69,0,151
3474.0,46,23,1,0,70,0,151
3475.0,46,23,0,0,69,0,151
3476.0,46,23,0,0,69,0,151
3477.0,46,23,0,1,70,0,151
3478.0,46,23,0,0,69,0,151
3479.0,46,23,1,1,71,0,151
3480.0,46,23,1,0,70,0,151
3481.0,46,23,0,0,69,0,151
3482.0,46,23,0,0,69,0,151
3483.0,46,23,0,0,69,0,151
3484.0,46,23,1,0,70,0,151
3485.0,46,23,0,0,69,0,151
3486.0,46,23,0,1,70,0,151
3487.0,46,23,0,0,69,0,151
3488.0,46,23,0,0,69,0,151
3489.0,46,23,0,0,69,0,151
3490.0,46,23,0,0,69,0,151
3491.0,46,23,0,0,69,0,151
3492.0,46,23,0,0,69,0,151
3493.0,46,23,0,0,69,0,151
3494.0,46,23,0,0,69,0,151
3495.0,46,23,0,0,69,0,151
3496.0,46,23,0,1,70,0,151
3497.0,46,23,0,0,69,0,151
3498.0,46,23,0,0,69,0,151
3499.0,46,23,1,0,70,0,151
3500.0,46,23,0,1,70,0,151
3501.0,46,23,0,0,69,0,151
3502.0,46,23,0,0,69,0,151
3503.0,46,23,0,0,69,0,151
3504.0,46,23,0,0,69,0,151
3505.0,46,23,0,0,69,0,151
3506.0,46,23,0,0,69,0,151
3507.0,46,23,0,0,69,0,151
3508.0,46,23,0,0,69,0,151
3509.0,46,23,1,0,70,0,151
3510.0,46,23,1,0,70,0,151
3511.0,46,23,0,0,69,0,151
3512.0,46,23,0,0,69,0,151
3513.0,46,23,0,0,69,0,151
3514.0,46,23,0,0,69,0,151
3515.0,46,23,0,0,69,0,151
3516.0,46,23,0,0,69,0,151
3517.0,46,23,0,0,69,0,151
3518.0,46,23,0,0,69,0,151
3519.0,46,23,1,0,70,0,151
3520.0,46,23,0,1,70,0,151
3521.0,46,23,0,0,69,0,151
3522.0,46,23,0,0,69,0,151
3523.0,46,23,0,1,70,0,151
3524.0,46,23,0,0,69,0,151
3525.0,46,23,0,0,69,0,151
3526.0,46,23,0,0,69,0,151
3527.0,46,23,0,1,70,0,151
3528.0,46,23,1,1,71,0,151
3529.0,46,23,0,0,69,0,151
3530.0,46,23,0,0,69,0,151
3531.0,46,23,1,0,70,0,151
3532.0,46,23,0,0,69,0,151
3533.0,46,23,0,1,70,0,151
3534.0,46,23,0,0,69,0,151
3535.0,46,23,0,0,69,0,151
3536.0,46,23,1,1,71,0,151
3537.0,46,23,0,0,69,0,151
3538.0,46,23,0,0,69,0,151
3539.0,46,23,1,0,70,0,151
3540.0,46,23,0,0,69,0,151
3541.0,46,23,0,1,70,0,151
3542.0,46,23,0,0,69,0,151
3543.0,46,23,0,0,69,0,151
3544.0,46,23,0,1,70,0,151
3545.0,46,23,0,0,69,0,151
3546.0,46,23,1,0,70,0,151
3547.0,46,23,0,1,70,0,151
3548.0,46,23,0,0,69,0,151
3549.0,46,23,0,0,69,0,151
3550.0,46,23,0,1,70,0,151
3551.0,46,23,1,0,70,0,151
3552.0,46,23,0,0,69,0,151
3553.0,46,23,0,0,69,0,151
3554.0,46,23,0,0,69,0,151
3555.0,46,23,0,0,69,0,151
3556.0,46,23,0,0,69,0,151
3557.0,46,23,0,0,69,0,151
3558.0,46,23,0,0,69,0,151
3559.0,46,23,1,0,70,0,151
3560.0,46,23,0,0,69,0,151
3561.0,46,23,0,0,69,0,151
3562.0,46,23,1,0,70,0,151
3563.0,46,23,1,0,70,0,151
3564.0,46,23,0,0,69,0,151
3565.0,46,23,0,0,69,0,151
3566.0,46,23,0,0,69,0,151
3567.0,46,23,0,0,69,0,151
3568.0,46,23,0,0,69,0,151
3569.0,46,23,0,0,69,0,151
3570.0,46,23,0,0,69,0,151
3571.0,46,23,0,0,69,0,151
3572.0,46,23,0,0,69,0,151
3573.0,46,23,0,0,69,0,151
3574.0,46,23,0,0,69,0,151
3575.0,46,23,0,0,69,0,151
3576.0,46,23,0,1,70,0,151
3577.0,46,23,0,0,69,0,151
3578.0,46,23,0,0,69,0,151
3579.0,46,23,0,0,69,0,151
3580.0,46,23,0,0,69,0,151
3581.0,46,23,1,0,70,0,151
3582.0,46,23,0,0,69,0,151
3583.0,46,23,0,0,69,0,151
3584.0,46,23,1,0,70,0,151
3585.0,46,23,0,0,69,0,151
3586.0,46,23,0,1,70,0,151
3587.0,46,23,0,0,69,0,151
3588.0,46,23,0,0,69,0,151
3589.0,46,23,0,0,69,0,151
3590.0,46,23,0,0,69,0,151
3591.0,46,23,0,0,69,0,151
3592.0,46,23,0,0,69,0,151
3593.0,46,23,0,0,69,0,151
3594.0,46,23,0,0,69,0,151
3595.0,46,23,0,0,69,0,151
3596.0,46,23,0,0,69,0,151
3597.0,46,23,0,0,69,0,151
3598.0,46,23,0,1,70,0,151
3599.0,46,23,0,0,69,0,151
3600.0,46,23,0,0,69,0,151
3601.0,46,23,0,1,70,0,151
3602.0,46,23,0,0,69,0,151
3603.0,46,23,0,0,69,0,151
3604.0,46,23,0,1,70,0,151
3605.0,46,23,0,0,69,0,151
3606.0,46,23,0,0,69,0,151
3607.0,46,23,0,1,70,0,151
3608.0,46,23,0,0,69,0,151
3609.0,46,23,0,0,69,0,151
3610.0,46,23,0,0,69,0,151
3611.0,46,23,0,0,69,0,151
3612.0,46,23,0,0,69,0,151
3613.0,46,23,0,0,69,0,151
3614.0,46,23,0,0,69,0,151
3615.0,46,23,0,0,69,0,151
3616.0,46,23,0,0,69,0,151
3617.0,46,23,0,0,69,0,151
3618.0,46,23,0,0,69,0,151
3619.0,46,23,0,0,69,0,151
3620.0,46,23,0,0,69,0,151
3621.0,46,23,0,0,69,0,151
3622.0,46,23,0,0,69,0,151
3623.0,46,23,0,0,69,0,151
3624.0,46,23,0,0,69,0,151
3625.0,46,23,0,0,69,0,151
3626.0,46,23,0,0,69,0,151
3627.0,46,23,0,0,69,0,151
3628.0,46,23,0,0,69,0,151
3629.0,46,23,0,0,69,0,151
3630.0,46,23,0,0,69,0,151
3631.0,46,23,0,0,69,0,151
3632.0,46,23,0,0,69,0,151
3633.0,46,23,0,0,69,0,151
3634.0,46,23,0,0,69,0,151
3635.0,46,23,0,0,69,0,151
3636.0,46,23,0,0,69,0,151
3637.0,46,23,0,0,69,0,151
3638.0,46,23,0,0,69,0,151
3639.0,46,23,0,0,69,0,151
3640.0,46,23,0,0,69,0,151
3641.0,46,23,0,0,69,0,151
3642.0,46,23,0,0,69,0,151
3643.0,46,23,0,0,69,0,151
3644.0,46,23,0,0,69,0,151
3645.0,46,23,0,0,69,0,151
3646.0,46,23,0,0,69,0,151
3647.0,46,23,0,0,69,0,151
3648.0,46,23,0,0,69,0,151
3649.0,46,23,0,0,69,0,151
3650.0,46,23,0,0,69,0,151
3651.0,46,23,0,0,69,0,151
3652.0,46,23,0,0,69,0,151
3653.0,46,23,0,0,69,0,151
3654.0,46,23,0,0,69,0,151
3655.0,46,23,0,0,69,0,151
3656.0,46,23,0,0,69,0,151
3657.0,46,23,0,0,69,0,151
3658.0,46,23,0,0,69,0,151
3659.0,46,23,0,0,69,0,151
3660.0,46,23,0,0,69,0,151
3661.0,46,23,0,0,69,0,151
3662.0,46,23,0,0,69,0,151
3663.0,46,23,0,0,69,0,151
3664.0,46,23,0,0,69,0,151
3665.0,46,23,0,0,69,0,151
3666.0,46,23,0,0,69,0,151
3667.0,46,23,0,0,69,0,151
3668.0,46,23,0,0,69,0,151
3669.0,46,23,0,0,69,0,151
3670.0,46,23,0,0,69,0,151
3671.0,46,23,0,0,69,0,151
3672.0,46,23,0,0,69,0,151
3673.0,46,23,0,0,69,0,151
3674.0,46,23,0,0,69,0,151
3675.0,46,23,0,0,69,0,151
3676.0,46,23,0,0,69,0,151
3677.0,46,23,0,0,69,0,151
3678.0,46,23,0,0,69,0,151
3679.0,46,23,0,0,69,0,151
3680.0,46,23,0,0,69,0,151
3681.0,46,23,0,0,69,0,151
3682.0,46,23,0,0,69,0,151
3683.0,46,23,0,0,69,0,151
3684.0,46,23,0,0,69,0,151
3685.0,46,23,0,0,69,0,151
3686.0,46,23,0,0,69,0,151
3687.0,46,23,0,0,69,0,151
3688.0,46,23,0,0,69,0,151
3689.0,46,23,0,0,69,0,151
3690.0,46,23,0,0,69,0,151
3691.0,46,23,0,0,69,0,151
3692.0,46,23,0,0,69,0,151
3693.0,46,23,0,0,69,0,151
3694.0,46,23,0,0,69,0,151
3695.0,46,23,0,0,69,0,151
3696.0,46,23,0,0,69,0,151
3697.0,46,23,0,0,69,0,151
3698.0,46,23,0,0,69,0,151
3699.0,46,23,0,0,69,0,151
3700.0,46,23,0,0,69,0,151
3701.0,46,23,0,0,69,0,151
3702.0,46,23,0,0,69,0,151
3703.0,46,23,0,0,69,0,151
3704.0,46,23,0,0,69,0,151
3705.0,46,23,0,0,69,0,151
3706.0,46,23,0,0,69,0,151
3707.0,46,23,0,0,69,0,151
3708.0,46,23,0,0,69,0,151
3709.0,46,23,0,0,69,0,151
3710.0,46,23,0,0,69,0,151
3711.0,46,23,0,0,69,0,151
3712.0,46,23,0,0,69,0,151
3713.0,46,23,0,0,69,0,151
3714.0,46,23,0,0,69,0,151
3715.0,46,23,0,0,69,0,151
3716.0,46,23,0,0,69,0,151
3717.0,46,23,0,0,69,0,151
3718.0,46,23,0,0,69,0,151
3719.0,46,23,0,0,69,0,151
3720.0,46,23,0,0,69,0,151
3721.0,46,23,0,0,69,0,151
3722.0,46,23,0,0,69,0,151
3723.0,46,23,0,0,69,0,151
3724.0,46,23,0,0,69,0,151
3725.0,46,23,0,0,69,0,151
3726.0,46,23,0,0,69,0,151
3727.0,46,23,0,0,69,0,151
3728.0,46,23,0,0,69,0,151
3729.0,46,23,0,0,69,0,151
3730.0,46,23,0,0,69,0,151
3731.0,46,23,0,0,69,0,151
3732.0,46,23,0,0,69,0,151
3733.0,46,23,0,0,69,0,151
3734.0,46,23,0,0,69,0,151
3735.0,46,23,0,0,69,0,151
3736.0,46,23,0,0,69,0,151
3737.0,46,23,0,0,69,0,151
3738.0,46,23,0,0,69,0,151
3739.0,46,23,0,0,69,0,151
3740.0,46,23,0,0,69,0,151
3741.0,46,23,0,0,69,0,151
3742.0,46,23,0,0,69,0,151
3743.0,46,23,0,0,69,0,151
3744.0,46,23,0,0,69,0,151
3745.0,46,23,0,0,69,0,151
3746.0,46,23,0,0,69,0,151
3747.0,46,23,0,0,69,0,151
3748.0,46,23,0,0,69,0,151
3749.0,46,23,0,0,69,0,151
3750.0,46,23,0,0,69,0,151
3751.0,46,23,0,0,69,0,151
3752.0,46,23,0,0,69,0,151
3753.0,46,23,0,0,69,0,151
3754.0,46,23,0,0,69,0,151
3755.0,46,23,0,0,69,0,151
3756.0,46,23,0,0,69,0,151
3757.0,46,23,0,0,69,0,151
3758.0,46,23,0,0,69,0,151
3759.0,46,23,0,0,69,0,151
3760.0,46,23,0,0,69,0,151
3761.0,46,23,0,0,69,0,151
3762.0,46,23,0,0,69,0,151
3763.0,46,23,0,0,69,0,151
3764.0,46,23,0,0,69,0,151
3765.0,46,23,0,0,69,0,151
3766.0,46,23,0,0,69,0,151
3767.0,46,23,0,0,69,0,151
3768.0,46,23,0,0,69,0,151
3769.0,46,23,0,0,69,0,151
3770.0,46,23,0,0,69,0,151
3771.0,46,23,0,0,69,0,151
3772.0,46,23,0,0,69,0,151
3773.0,46,23,0,0,69,0,151
3774.0,46,23,0,0,69,0,151
3775.0,46,23,0,0,69,0,151
3776.0,46,23,0,0,69,0,151
3777.0,46,23,0,0,69,0,151
3778.0,46,23,0,0,69,0,151
3779.0,46,23,0,0,69,0,151
3780.0,46,23,0,0,69,0,151
3781.0,46,23,0,0,69,0,151
3782.0,46,23,0,0,69,0,151
3783.0,46,23,0,0,69,0,151
3784.0,46,23,0,0,69,0,151
3785.0,46,23,0,0,69,0,151
3786.0,46,23,0,0,69,0,151
3787.0,46,23,0,0,69,0,151
3788.0,46,23,0,0,69,0,151
3789.0,46,23,0,0,69,0,151
3790.0,46,23,0,0,69,0,151
3791.0,46,23,0,0,69,0,151
3792.0,46,23,0,0,69,0,151
3793.0,46,23,0,0,69,0,151
3794.0,46,23,0,0,69,0,151
3795.0,46,23,0,0,69,0,151
3796.0,46,23,0,0,69,0,151
3797.0,46,23,0,0,69,0,151
3798.0,46,23,0,0,69,0,151
3799.0,46,23,0,0,69,0,151
3800.0,46,23,0,0,69,0,151
3801.0,46,23,0,0,69,0,151
3802.0,46,23,0,0,69,0,151
3803.0,46,23,0,0,69,0,151
3804.0,46,23,0,0,69,0,151
3805.0,46,23,0,0,69,0,151
3806.0,46,23,0,0,69,0,151
3807.0,46,23,0,0,69,0,151
3808.0,46,23,0,0,69,0,151
3809.0,46,23,0,0,69,0,151
3810.0,46,23,0,0,69,0,151
3811.0,46,23,0,0,69,0,151
3812.0,46,23,0,0,69,0,151
3813.0,46,23,0,0,69,0,151
3814.0,46,23,0,0,69,0,151
3815.0,46,23,0,0,69,0,151
3816.0,46,23,0,0,69,0,151
3817.0,46,23,0,0,69,0,151
3818.0,46,23,0,0,69,0,151
3819.0,46,23,0,0,69,0,151
3820.0,46,23,0,0,69,0,151
3821.0,46,23,0,0,69,0,151
3822.0,46,23,0,0,69,0,151
3823.0,46,23,0,0,69,0,151
3824.0,46,23,0,0,69,0,151
3825.0,46,23,0,0,69,0,151
3826.0,46,23,0,0,69,0,151
3827.0,46,23,0,0,69,0,151
3828.0,46,23,0,0,69,0,151
3829.0,46,23,0,0,69,0,151
3830.0,46,23,0,0,69,0,151
3831.0,46,23,0,0,69,0,151
3832.0,46,23,0,0,69,0,151
3833.0,46,23,0,0,69,0,151
3834.0,46,23,0,0,69,0,151
3835.0,46,23,0,0,69,0,151
3836.0,46,23,0,0,69,0,151
3837.0,46,23,0,0,69,0,151
3838.0,46,23,0,0,69,0,151
3839.0,46,23,0,0,69,0,151
3840.0,46,23,0,0,69,0,151
3841.0,46,23,0,0,69,0,151
3842.0,46,23,0,0,69,0,151
3843.0,46,23,0,0,69,0,151
3844.0,46,23,0,0,69,0,151
3845.0,46,23,0,0,69,0,151
3846.0,46,23,0,0,69,0,151
3847.0,46,23,0,0,69,0,151
3848.0,46,23,0,0,69,0,151
3849.0,46,23,0,0,69,0,151
3850.0,46,23,0,0,69,0,151
3851.0,46,23,0,0,69,0,151
3852.0,46,23,0,0,69,0,151
3853.0,46,23,0,0,69,0,151
3854.0,46,23,0,0,69,0,151
3855.0,46,23,0,0,69,0,151
3856.0,46,23,0,0,69,0,151
3857.0,46,23,0,0,69,0,151
3858.0,46,23,0,0,69,0,151
3859.0,46,23,0,0,69,0,151
3860.0,46,23,0,0,69,0,151
3861.0,46,23,0,0,69,0,151
3862.0,46,23,0,0,69,0,151
3863.0,46,23,0,0,69,0,151
3864.0,46,23,0,0,69,0,151
3865.0,46,23,0,0,69,0,151
3866.0,46,23,0,0,69,0,151
3867.0,46,23,0,0,69,0,151
3868.0,46,23,0,0,69,0,151
3869.0,46,23,0,0,69,0,151
3870.0,46,23,0,0,69,0,151
3871.0,46,23,0,0,69,0,151
3872.0,46,23,0,0,69,0,151
3873.0,46,23,0,0,69,0,151
3874.0,46,23,0,0,69,0,151
3875.0,46,23,0,0,69,0,151
3876.0,46,23,0,0,69,0,151
3877.0,46,23,0,0,69,0,151
3878.0,46,23,0,0,69,0,151
3879.0,46,23,0,0,69,0,151
3880.0,46,23,0,0,69,0,151
3881.0,46,23,0,0,69,0,151
3882.0,46,23,0,0,69,0,151
3883.0,46,23,0,0,69,0,151
3884.0,46,23,0,0,69,0,151
3885.0,46,23,0,0,69,0,151
3886.0,46,23,0,0,69,0,151
3887.0,46,23,0,0,69,0,151
3888.0,46,23,0,0,69,0,151
3889.0,46,23,0,0,69,0,151
3890.0,46,23,0,0,69,0,151
3891.0,46,23,0,0,69,0,151
3892.0,46,23,0,0,69,0,151
3893.0,46,23,0,0,69,0,151
3894.0,46,23,0,0,69,0,151
3895.0,46,23,0,0,69,0,151
3896.0,46,23,0,0,69,0,151
3897.0,46,23,0,0,69,0,151
3898.0,46,23,0,0,69,0,151
3899.0,46,23,0,0,69,0,151
3900.0,46,23,0,0,69,0,151
3901.0,46,23,0,0,69,0,151
3902.0,46,23,0,0,69,0,151
3903.0,46,23,0,0,69,0,151
3904.0,46,23,0,0,69,0,151
3905.0,46,23,0,0,69,0,151
3906.0,46,23,0,0,69,0,151
3907.0,46,23,0,0,69,0,151
3908.0,46,23,0,0,69,0,151
3909.0,46,23,0,0,69,0,151
3910.0,46,23,0,0,69,0,151
3911.0,46,23,0,0,69,0,151
3912.0,46,23,0,0,69,0,151
3913.0,46,23,0,0,69,0,151
3914.0,46,23,0,0,69,0,151
3915.0,46,23,0,0,69,0,151
3916.0,46,23,0,0,69,0,151
3917.0,46,23,0,0,69,0,151
3918.0,46,23,0,0,69,0,151
3919.0,46,23,0,0,69,0,151
3920.0,46,23,0,0,69,0,151
3921.0,46,23,0,0,69,0,151
3922.0,46,23,0,0,69,0,151
3923.0,46,23,0,0,69,0,151
3924.0,46,23,0,0,69,0,151
3925.0,46,23,0,0,69,0,151
3926.0,46,23,0,0,69,0,151
3927.0,46,23,0,0,69,0,151
3928.0,46,23,0,0,69,0,151
3929.0,46,23,0,0,69,0,151
3930.0,46,23,0,0,69,0,151
3931.0,46,23,0,0,69,0,151
3932.0,46,23,0,0,69,0,151
3933.0,46,23,0,0,69,0,151
3934.0,46,23,0,0,69,0,151
3935.0,46,23,0,0,69,0,151
3936.0,46,23,0,0,69,0,151
3937.0,46,23,0,0,69,0,151
3938.0,46,23,0,0,69,0,151
3939.0,46,23,0,0,69,0,151
3940.0,46,23,0,0,69,0,151
3941.0,46,23,0,0,69,0,151
3942.0,46,23,0,0,69,0,151
3943.0,46,23,0,0,69,0,151
3944.0,46,23,0,0,69,0,151
3945.0,46,23,0,0,69,0,151
3946.0,46,23,0,0,69,0,151
3947.0,46,23,0,0,69,0,151
3948.0,46,23,0,0,69,0,151
3949.0,46,23,0,0,69,0,151
3950.0,46,23,0,0,69,0,151
3951.0,46,23,0,0,69,0,151
3952.0,46,23,0,0,69,0,151
3953.0,46,23,0,0,69,0,151
3954.0,46,23,0,0,69,0,151
3955.0,46,23,0,0,69,0,151
3956.0,46,23,0,0,69,0,151
3957.0,46,23,0,0,69,0,151
3958.0,46,23,0,0,69,0,151
3959.0,46,23,0,0,69,0,151
3960.0,46,23,0,0,69,0,151
3961.0,46,23,0,0,69,0,151
3962.0,46,23,0,0,69,0,151
3963.0,46,23,0,0,69,0,151
3964.0,46,23,0,0,69,0,151
3965.0,46,23,0,0,69,0,151
3966.0,46,23,0,0,69,0,151
3967.0,46,23,0,0,69,0,151
3968.0,46,23,0,0,69,0,151
3969.0,46,23,0,0,69,0,151
3970.0,46,23,0,0,69,0,151
3971.0,46,23,0,0,69,0,151
3972.0,46,23,0,0,69,0,151
3973.0,46,23,0,0,69,0,151
3974.0,46,23,0,0,69,0,151
3975.0,46,23,0,0,69,0,151
3976.0,46,23,0,0,69,0,151
3977.0,46,23,0,0,69,0,151
3978.0,46,23,0,0,69,0,151
3979.0,46,23,0,0,69,0,151
3980.0,46,23,0,0,69,0,151
3981.0,46,23,0,0,69,0,151
3982.0,46,23,0,0,69,0,151
3983.0,46,23,0,0,69,0,151
3984.0,46,23,0,0,69,0,151
3985.0,46,23,0,0,69,0,151
3986.0,46,23,0,0,69,0,151
3987.0,46,23,0,0,69,0,151
3988.0,46,23,0,0,69,0,151
3989.0,46,23,0,0,69,0,151
3990.0,46,23,0,0,69,0,151
3991.0,46,23,0,0,69,0,151
3992.0,46,23,0,0,69,0,151
3993.0,46,23,0,0,69,0,151
3994.0,46,23,0,0,69,0,151
3995.0,46,23,0,0,69,0,151
3996.0,46,23,0,0,69,0,151
3997.0,46,23,0,0,69,0,151
3998.0,46,23,0,0,69,0,151
3999.0,46,23,0,0,69,0,151
4000.0,46,23,0,0,69,0,151
4001.0,46,23,0,0,69,0,151
4002.0,46,23,0,0,69,0,151
4003.0,46,23,0,0,69,0,151
4004.0,46,23,0,0,69,0,151
4005.0,46,23,0,0,69,0,151
4006.0,46,23,0,0,69,0,151
4007.0,46,23,0,0,69,0,151
4008.0,46,23,0,0,69,0,151
4009.0,46,23,0,0,69,0,151
4010.0,46,23,0,0,69,0,151
4011.0,46,23,0,0,69,0,151
4012.0,46,23,0,0,69,0,151
4013.0,46,23,0,0,69,0,151
4014.0,46,23,0,0,69,0,151
4015.0,46,23,0,0,69,0,151
4016.0,46,23,0,0,69,0,151
4017.0,46,23,0,0,69,0,151
4018.0,46,23,0,0,69,0,151
4019.0,46,23,0,0,69,0,151
4020.0,46,23,0,0,69,0,151
4021.0,46,23,0,0,69,0,151
4022.0,46,23,0,0,69,0,151
4023.0,46,23,0,0,69,0,151
4024.0,46,23,0,0,69,0,151
4025.0,46,23,0,0,69,0,151
4026.0,46,23,0,0,69,0,151
4027.0,46,23,0,0,69,0,151
4028.0,46,23,0,0,69,0,151
4029.0,46,23,0,0,69,0,151
4030.0,46,23,0,0,69,0,151
4031.0,46,23,0,0,69,0,151
4032.0,46,23,0,0,69,0,151
4033.0,46,23,0,0,69,0,151
4034.0,46,23,0,0,69,0,151
4035.0,46,23,0,0,69,0,151
4036.0,46,23,0,0,69,0,151
4037.0,46,23,0,0,69,0,151
4038.0,46,23,0,0,69,0,151
4039.0,46,23,0,0,69,0,151
4040.0,46,23,0,0,69,0,151
4041.0,46,23,0,0,69,0,151
4042.0,46,23,0,0,69,0,151
4043.0,46,23,0,0,69,0,151
4044.0,46,23,0,0,69,0,151
4045.0,46,23,0,0,69,0,151
4046.0,46,23,0,0,69,0,151
4047.0,46,23,0,0,69,0,151
4048.0,46,23,0,0,69,0,151
4049.0,46,23,0,0,69,0,151
4050.0,46,23,0,0,69,0,151
4051.0,46,23,0,0,69,0,151
4052.0,46,23,0,0,69,0,151
4053.0,46,23,0,0,69,0,151
4054.0,46,23,0,0,69,0,151
4055.0,46,23,0,0,69,0,151
4056.0,46,23,0,0,69,0,151
4057.0,46,23,0,0,69,0,151
4058.0,46,23,0,0,69,0,151
4059.0,46,23,0,0,69,0,151
4060.0,46,23,0,0,69,0,151
4061.0,46,23,0,0,69,0,151
4062.0,46,23,0,0,69,0,151
4063.0,46,23,0,0,69,0,151
4064.0,46,23,0,0,69,0,151
4065.0,46,23,0,0,69,0,151
4066.0,46,23,0,0,69,0,151
4067.0,46,23,0,0,69,0,151
4068.0,46,23,0,0,69,0,151
4069.0,46,23,0,0,69,0,151
4070.0,46,23,0,0,69,0,151
4071.0,46,23,0,0,69,0,151
4072.0,46,23,0,0,69,0,151
4073.0,46,23,0,0,69,0,151
4074.0,46,23,0,0,69,0,151
4075.0,46,23,0,0,69,0,151
4076.0,46,23,0,0,69,0,151
4077.0,46,23,0,0,69,0,151
4078.0,46,23,0,0,69,0,151
4079.0,46,23,0,0,69,0,151
4080.0,46,23,0,0,69,0,151
4081.0,46,23,0,0,69,0,151
4082.0,46,23,0,0,69,0,151
4083.0,46,23,0,0,69,0,151
4084.0,46,23,0,0,69,0,151
4085.0,46,23,0,0,69,0,151
4086.0,46,23,0,0,69,0,151
4087.0,46,23,0,0,69,0,151
4088.0,46,23,0,0,69,0,151
4089.0,46,23,0,0,69,0,151
4090.0,46,23,0,0,69,0,151
4091.0,46,23,0,0,69,0,151
4092.0,46,23,0,0,69,0,151
4093.0,46,23,0,0,69,0,151
4094.0,46,23,0,0,69,0,151
4095.0,46,23,0,0,69,0,151
4096.0,46,23,0,0,69,0,151
4097.0,46,23,0,0,69,0,151
4098.0,46,23,0,0,69,0,151
4099.0,46,23,0,0,69,0,151
4100.0,46,23,0,0,69,0,151
4101.0,46,23,0,0,69,0,151
4102.0,46,23,0,0,69,0,151
4103.0,46,23,0,0,69,0,151
4104.0,46,23,0,0,69,0,151
4105.0,46,23,0,0,69,0,151
4106.0,46,23,0,0,69,0,151
4107.0,46,23,0,0,69,0,151
4108.0,46,23,0,0,69,0,151
4109.0,46,23,0,0,69,0,151
4110.0,46,23,0,0,69,0,151
4111.0,46,23,0,0,69,0,151
4112.0,46,23,0,0,69,0,151
4113.0,46,23,0,0,69,0,151
4114.0,46,23,0,0,69,0,151
4115.0,46,23,0,0,69,0,151
4116.0,46,23,0,0,69,0,151
4117.0,46,23,0,0,69,0,151
4118.0,46,23,0,0,69,0,151
4119.0,46,23,0,0,69,0,151
4120.0,46,23,0,0,69,0,151
4121.0,46,23,0,0,69,0,151
4122.0,46,23,0,0,69,0,151
4123.0,46,23,0,0,69,0,151
4124.0,46,23,0,0,69,0,151
4125.0,46,23,0,0,69,0,151
4126.0,46,23,0,0,69,0,151
4127.0,46,23,0,0,69,0,151
4128.0,46,23,0,0,69,0,151
4129.0,46,23,0,0,69,0,151
4130.0,46,23,0,0,69,0,151
4131.0,46,23,0,0,69,0,151
4132.0,46,23,0,0,69,0,151
4133.0,46,23,0,0,69,0,151
4134.0,46,23,0,0,69,0,151
4135.0,46,23,0,0,69,0,151
4136.0,46,23,0,0,69,0,151
4137.0,46,23,0,0,69,0,151
4138.0,46,23,0,0,69,0,151
4139.0,46,23,0,0,69,0,151
4140.0,46,23,0,0,69,0,151
4141.0,46,23,0,0,69,0,151
4142.0,46,23,0,0,69,0,151
4143.0,46,23,0,0,69,0,151
4144.0,46,23,0,0,69,0,151
4145.0,46,23,0,0,69,0,151
4146.0,46,23,0,0,69,0,151
4147.0,46,23,0,0,69,0,151
4148.0,46,23,0,0,69,0,151
4149.0,46,23,0,0,69,0,151
4150.0,46,23,0,0,69,0,151
4151.0,46,23,0,0,69,0,151
4152.0,46,23,0,0,69,0,151
4153.0,46,23,0,0,69,0,151
4154.0,46,23,0,0,69,0,151
4155.0,46,23,0,0,69,0,151
4156.0,46,23,0,0,69,0,151
4157.0,46,23,0,0,69,0,151
4158.0,46,23,0,0,69,0,151
4159.0,46,23,0,0,69,0,151
4160.0,46,23,0,0,69,0,151
4161.0,46,23,0,0,69,0,151
4162.0,46,23,0,0,69,0,151
4163.0,46,23,0,0,69,0,151
4164.0,46,23,0,0,69,0,151
4165.0,46,23,0,0,69,0,151
4166.0,46,23,0,0,69,0,151
4167.0,46,23,0,0,69,0,151
4168.0,46,23,0,0,69,0,151
4169.0,46,23,0,0,69,0,151
4170.0,46,23,0,0,69,0,151
4171.0,46,23,0,0,69,0,151
4172.0,46,23,0,0,69,0,151
4173.0,46,23,0,0,69,0,151
4174.0,46,23,0,0,69,0,151
4175.0,46,23,0,0,69,0,151
4176.0,46,23,0,0,69,0,151
4177.0,46,23,0,0,69,0,151
4178.0,46,23,0,0,69,0,151
4179.0,46,23,0,0,69,0,151
4180.0,46,23,0,0,69,0,151
4181.0,46,23,0,0,69,0,151
4182.0,46,23,0,0,69,0,151
4183.0,46,23,0,0,69,0,151
4184.0,46,23,0,0,69,0,151
4185.0,46,23,0,0,69,0,151
4186.0,46,23,0,0,69,0,151
4187.0,46,23,0,0,69,0,151
4188.0,46,23,0,0,69,0,151
4189.0,46,23,0,0,69,0,151
4190.0,46,23,0,0,69,0,151
4191.0,46,23,0,0,69,0,151
4192.0,46,23,0,0,69,0,151
4193.0,46,23,0,0,69,0,151
4194.0,46,23,0,0,69,0,151
4195.0,46,23,0,0,69,0,151
4196.0,46,23,0,0,69,0,151
4197.0,46,23,0,0,69,0,151
4198.0,46,23,0,0,69,0,151
4199.0,46,23,0,0,69,0,151
4200.0,46,23,0,0,69,0,151
4201.0,46,23,0,0,69,0,151
4202.0,46,23,0,0,69,0,151
4203.0,46,23,0,0,69,0,151
4204.0,46,23,0,0,69,0,151
4205.0,46,23,0,0,69,0,151
4206.0,46,23,0,0,69,0,151
4207.0,46,23,0,0,69,0,151
4208.0,46,23,0,0,69,0,151
4209.0,46,23,0,0,69,0,151
4210.0,46,23,0,0,69,0,151
4211.0,46,23,0,0,69,0,151
4212.0,46,23,0,0,69,0,151
4213.0,46,23,0,0,69,0,151
4214.0,46,23,0,0,69,0,151
4215.0,46,23,0,0,69,0,151
4216.0,46,23,0,0,69,0,151
4217.0,46,23,0,0,69,0,151
4218.0,46,23,0,0,69,0,151
4219.0,46,23,0,0,69,0,151
4220.0,46,23,0,0,69,0,151
4221.0,46,23,0,0,69,0,151
4222.0,46,23,0,0,69,0,151
4223.0,46,23,0,0,69,0,151
4224.0,46,23,0,0,69,0,151
4225.0,46,23,0,0,69,0,151
4226.0,46,23,0,0,69,0,151
4227.0,46,23,0,0,69,0,151
4228.0,46,23,0,0,69,0,151
4229.0,46,23,0,0,69,0,151
4230.0,46,23,0,0,69,0,151
4231.0,46,23,0,0,69,0,151
4232.0,46,23,0,0,69,0,151
4233.0,46,23,0,0,69,0,151
4234.0,46,23,0,0,69,0,151
4235.0,46,23,0,0,69,0,151
4236.0,46,23,0,0,69,0,151
4237.0,46,23,0,0,69,0,151
4238.0,46,23,0,0,69,0,151
4239.0,46,23,0,0,69,0,151
4240.0,46,23,0,0,69,0,151
4241.0,46,23,0,0,69,0,151
4242.0,46,23,0,0,69,0,151
4243.0,46,23,0,0,69,0,151
4244.0,46,23,0,0,69,0,151
4245.0,46,23,0,0,69,0,151
4246.0,46,23,0,0,69,0,151
4247.0,46,23,0,0,69,0,151
4248.0,46,23,0,0,69,0,151
4249.0,46,23,0,0,69,0,151
4250.0,46,23,0,0,69,0,151
4251.0,46,23,0,0,69,0,151
4252.0,46,23,0,0,69,0,151
4253.0,46,23,0,0,69,0,151
4254.0,46,23,0,0,69,0,151
4255.0,46,23,0,0,69,0,151
4256.0,46,23,0,0,69,0,151
4257.0,46,23,0,0,69,0,151
4258.0,46,23,0,0,69,0,151
4259.0,46,23,0,0,69,0,151
4260.0,46,23,0,0,69,0,151
4261.0,46,23,0,0,69,0,151
4262.0,46,23,0,0,69,0,151
4263.0,46,23,0,0,69,0,151
4264.0,46,23,0,0,69,0,151
4265.0,46,23,0,0,69,0,151
4266.0,46,23,0,0,69,0,151
4267.0,46,23,0,0,69,0,151
4268.0,46,23,0,0,69,0,151
4269.0,46,23,0,0,69,0,151
4270.0,46,23,0,0,69,0,151
4271.0,46,23,0,0,69,0,151
4272.0,46,23,0,0,69,0,151
4273.0,46,23,0,0,69,0,151
4274.0,46,23,0,0,69,0,151
4275.0,46,23,0,0,69,0,151
4276.0,46,23,0,0,69,0,151
4277.0,46,23,0,0,69,0,151
4278.0,46,23,0,0,69,0,151
4279.0,46,23,0,0,69,0,151
4280.0,46,23,0,0,69,0,151
4281.0,46,23,0,0,69,0,151
4282.0,46,23,0,0,69,0,151
4283.0,46,23,0,0,69,0,151
4284.0,46,23,0,0,69,0,151
4285.0,46,23,0,0,69,0,151
4286.0,46,23,0,0,69,0,151
4287.0,46,23,0,0,69,0,151
4288.0,46,23,0,0,69,0,151
4289.0,46,23,0,0,69,0,151
4290.0,46,23,0,0,69,0,151
4291.0,46,23,0,0,69,0,151
4292.0,46,23,0,0,69,0,151
4293.0,46,23,0,0,69,0,151
4294.0,46,23,0,0,69,0,151
4295.0,46,23,0,0,69,0,151
4296.0,46,23,0,0,69,0,151
4297.0,46,23,0,0,69,0,151
4298.0,46,23,0,0,69,0,151
4299.0,46,23,0,0,69,0,151
4300.0,46,23,0,0,69,0,151
4301.0,46,23,0,0,69,0,151
4302.0,46,23,0,0,69,0,151
4303.0,46,23,0,0,69,0,151
4304.0,46,23,0,0,69,0,151
4305.0,46,23,0,0,69,0,151
4306.0,46,23,0,0,69,0,151
4307.0,46,23,0,0,69,0,151
4308.0,46,23,0,0,69,0,151
4309.0,46,23,0,0,69,0,151
4310.0,46,23,0,0,69,0,151
4311.0,46,23,0,0,69,0,151
4312.0,46,23,0,0,69,0,151
4313.0,46,23,0,0,69,0,151
4314.0,46,23,0,0,69,0,151
4315.0,46,23,0,0,69,0,151
4316.0,46,23,0,0,69,0,151
4317.0,46,23,0,0,69,0,151
4318.0,46,23,0,0,69,0,151
4319.0,46,23,0,0,69,0,151
4320.0,46,23,0,0,69,0,151
4321.0,46,23,0,0,69,0,151
4322.0,46,23,0,0,69,0,151
4323.0,46,23,0,0,69,0,151
4324.0,46,23,0,0,69,0,151
4325.0,46,23,0,0,69,0,151
4326.0,46,23,0,0,69,0,151
4327.0,46,23,0,0,69,0,151
4328.0,46,23,0,0,69,0,151
4329.0,46,23,0,0,69,0,151
4330.0,46,23,0,0,69,0,151
4331.0,46,23,0,0,69,0,151
4332.0,46,23,0,0,69,0,151
4333.0,46,23,0,0,69,0,151
4334.0,46,23,0,0,69,0,151
4335.0,46,23,0,0,69,0,151
4336.0,46,23,0,0,69,0,151
4337.0,46,23,0,0,69,0,151
4338.0,46,23,0,0,69,0,151
4339.0,46,23,0,0,69,0,151
4340.0,46,23,0,0,69,0,151
4341.0,46,23,0,0,69,0,151
4342.0,46,23,0,0,69,0,151
4343.0,46,23,0,0,69,0,151
4344.0,46,23,0,0,69,0,151
4345.0,46,23,0,0,69,0,151
4346.0,46,23,0,0,69,0,151
4347.0,46,23,0,0,69,0,151
4348.0,46,23,0,0,69,0,151
4349.0,46,23,0,0,69,0,151
4350.0,46,23,0,0,69,0,151
4351.0,46,23,0,0,69,0,151
4352.0,46,23,0,0,69,0,151
4353.0,46,23,0,0,69,0,151
4354.0,46,23,0,0,69,0,151
4355.0,46,23,0,0,69,0,151
4356.0,46,23,0,0,69,0,151
4357.0,46,23,0,0,69,0,151
4358.0,46,23,0,0,69,0,151
4359.0,46,23,0,0,69,0,151
4360.0,46,23,0,0,69,0,151
4361.0,46,23,0,0,69,0,151
4362.0,46,23,0,0,69,0,151
4363.0,46,23,0,0,69,0,151
4364.0,46,23,0,0,69,0,151
4365.0,46,23,0,0,69,0,151
4366.0,46,23,0,0,69,0,151
4367.0,46,23,0,0,69,0,151
4368.0,46,23,0,0,69,0,151
4369.0,46,23,0,0,69,0,151
4370.0,46,23,0,0,69,0,151
4371.0,46,23,0,0,69,0,151
4372.0,46,23,0,0,69,0,151
4373.0,46,23,0,0,69,0,151
4374.0,46,23,0,0,69,0,151
4375.0,46,23,0,0,69,0,151
4376.0,46,23,0,0,69,0,151
4377.0,46,23,0,0,69,0,151
4378.0,46,23,0,0,69,0,151
4379.0,46,23,0,0,69,0,151
4380.0,46,23,0,0,69,0,151
4381.0,46,23,0,0,69,0,151
4382.0,46,23,0,0,69,0,151
4383.0,46,23,0,0,69,0,151
4384.0,46,23,0,0,69,0,151
4385.0,46,23,0,0,69,0,151
4386.0,46,23,0,0,69,0,151
4387.0,46,23,0,0,69,0,151
4388.0,46,23,0,0,69,0,151
4389.0,46,23,0,0,69,0,151
4390.0,46,23,0,0,69,0,151
4391.0,46,23,0,0,69,0,151
4392.0,46,23,0,0,69,0,151
4393.0,46,23,0,0,69,0,151
4394.0,46,23,0,0,69,0,151
4395.0,46,23,0,0,69,0,151
4396.0,46,23,0,0,69,0,151
4397.0,46,23,0,0,69,0,151
4398.0,46,23,0,0,69,0,151
4399.0,46,23,0,0,69,0,151
4400.0,46,23,0,0,69,0,151
4401.0,46,23,0,0,69,0,151
4402.0,46,23,0,0,69,0,151
4403.0,46,23,0,0,69,0,151
4404.0,46,23,0,0,69,0,151
4405.0,46,23,0,0,69,0,151
4406.0,46,23,0,0,69,0,151
4407.0,46,23,0,0,69,0,151
4408.0,46,23,0,0,69,0,151
4409.0,46,23,0,0,69,0,151
4410.0,46,23,0,0,69,0,151
4411.0,46,23,0,0,69,0,151
4412.0,46,23,0,0,69,0,151
4413.0,46,23,0,0,69,0,151
4414.0,46,23,0,0,69,0,151
4415.0,46,23,0,0,69,0,151
4416.0,46,23,0,0,69,0,151
4417.0,46,23,0,0,69,0,151
4418.0,46,23,0,0,69,0,151
4419.0,46,23,0,0,69,0,151
4420.0,46,23,0,0,69,0,151
4421.0,46,23,0,0,69,0,151
4422.0,46,23,0,0,69,0,151
4423.0,46,23,0,0,69,0,151
4424.0,46,23,0,0,69,0,151
4425.0,46,23,0,0,69,0,151
4426.0,46,23,0,0,69,0,151
4427.0,46,23,0,0,69,0,151
4428.0,46,23,0,0,69,0,151
4429.0,46,23,0,0,69,0,151
4430.0,46,23,0,0,69,0,151
4431.0,46,23,0,0,69,0,151
4432.0,46,23,0,0,69,0,151
4433.0,46,23,0,0,69,0,151
4434.0,46,23,0,0,69,0,151
4435.0,46,23,0,0,69,0,151
4436.0,46,23,0,0,69,0,151
4437.0,46,23,0,0,69,0,151
4438.0,46,23,0,0,69,0,151
4439.0,46,23,0,0,69,0,151
4440.0,46,23,0,0,69,0,151
4441.0,46,23,0,0,69,0,151
4442.0,46,23,0,0,69,0,151
4443.0,46,23,0,0,69,0,151
4444.0,46,23,0,0,69,0,151
4445.0,46,23,0,0,69,0,151
4446.0,46,23,0,0,69,0,151
4447.0,46,23,0,0,69,0,151
4448.0,46,23,0,0,69,0,151
4449.0,46,23,0,0,69,0,151
4450.0,46,23,0,0,69,0,151
4451.0,46,23,0,0,69,0,151
4452.0,46,23,0,0,69,0,151
4453.0,46,23,0,0,69,0,151
4454.0,46,23,0,0,69,0,151
4455.0,46,23,0,0,69,0,151
4456.0,46,23,0,0,69,0,151
4457.0,46,23,0,0,69,0,151
4458.0,46,23,0,0,69,0,151
4459.0,46,23,0,0,69,0,151
4460.0,46,23,0,0,69,0,151
4461.0,46,23,0,0,69,0,151
4462.0,46,23,0,0,69,0,151
4463.0,46,23,0,0,69,0,151
4464.0,46,23,0,0,69,0,151
4465.0,46,23,0,0,69,0,151
4466.0,46,23,0,0,69,0,151
4467.0,46,23,0,0,69,0,151
4468.0,46,23,0,0,69,0,151
4469.0,46,23,0,0,69,0,151
4470.0,46,23,0,0,69,0,151
4471.0,46,23,0,0,69,0,151
4472.0,46,23,0,0,69,0,151
4473.0,46,23,0,0,69,0,151
4474.0,46,23,0,0,69,0,151
4475.0,46,23,0,0,69,0,151
4476.0,46,23,0,0,69,0,151
4477.0,46,23,0,0,69,0,151
4478.0,46,23,0,0,69,0,151
4479.0,46,23,0,0,69,0,151
4480.0,46,23,0,0,69,0,151
4481.0,46,23,0,0,69,0,151
4482.0,46,23,0,0,69,0,151
4483.0,46,23,0,0,69,0,151
4484.0,46,23,0,0,69,0,151
4485.0,46,23,0,0,69,0,151
4486.0,46,23,0,0,69,0,151
4487.0,46,23,0,0,69,0,151
4488.0,46,23,0,0,69,0,151
4489.0,46,23,0,0,69,0,151
4490.0,46,23,0,0,69,0,151
4491.0,46,23,0,0,69,0,151
4492.0,46,23,0,0,69,0,151
4493.0,46,23,0,0,69,0,151
4494.0,46,23,0,0,69,0,151
4495.0,46,23,0,0,69,0,151
4496.0,46,23,0,0,69,0,151
4497.0,46,23,0,0,69,0,151
4498.0,46,23,0,0,69,0,151
4499.0,46,23,0,0,69,0,151
4500.0,46,23,0,0,69,0,151
4501.0,46,23,0,0,69,0,151
4502.0,46,23,0,0,69,0,151
4503.0,46,23,0,0,69,0,151
4504.0,46,23,0,0,69,0,151
4505.0,46,23,0,0,69,0,151
4506.0,46,23,0,0,69,0,151
4507.0,46,23,0,0,69,0,151
4508.0,46,23,0,0,69,0,151
4509.0,46,23,0,0,69,0,151
4510.0,46,23,0,0,69,0,151
4511.0,46,23,0,0,69,0,151
4512.0,46,23,0,0,69,0,151
4513.0,46,23,0,0,69,0,151
4514.0,46,23,0,0,69,0,151
4515.0,46,23,0,0,69,0,151
4516.0,46,23,0,0,69,0,151
4517.0,46,23,0,0,69,0,151
4518.0,46,23,0,0,69,0,151
4519.0,46,23,0,0,69,0,151
4520.0,46,23,0,0,69,0,151
4521.0,46,23,0,0,69,0,151
4522.0,46,23,0,0,69,0,151
4523.0,46,23,0,0,69,0,151
4524.0,46,23,0,0,69,0,151
4525.0,46,23,0,0,69,0,151
4526.0,46,23,0,0,69,0,151
4527.0,46,23,0,0,69,0,151
4528.0,46,23,0,0,69,0,151
4529.0,46,23,0,0,69,0,151
4530.0,46,23,0,0,69,0,151
4531.0,46,23,0,0,69,0,151
4532.0,46,23,0,0,69,0,151
4533.0,46,23,0,0,69,0,151
4534.0,46,23,0,0,69,0,151
4535.0,46,23,0,0,69,0,151
4536.0,46,23,0,0,69,0,151
4537.0,46,23,0,0,69,0,151
4538.0,46,23,0,0,69,0,151
4539.0,46,23,0,0,69,0,151
4540.0,46,23,0,0,69,0,151
4541.0,46,23,0,0,69,0,151
4542.0,46,23,0,0,69,0,151
4543.0,46,23,0,0,69,0,151
4544.0,46,23,0,0,69,0,151
4545.0,46,23,0,0,69,0,151
4546.0,46,23,0,0,69,0,151
4547.0,46,23,0,0,69,0,151
4548.0,46,23,0,0,69,0,151
4549.0,46,23,0,0,69,0,151
4550.0,46,23,0,0,69,0,151
4551.0,46,23,0,0,69,0,151
4552.0,46,23,0,0,69,0,151
4553.0,46,23,0,0,69,0,151
4554.0,46,23,0,0,69,0,151
4555.0,46,23,0,0,69,0,151
4556.0,46,23,0,0,69,0,151
4557.0,46,23,0,0,69,0,151
4558.0,46,23,0,0,69,0,151
4559.0,46,23,0,0,69,0,151
4560.0,46,23,0,0,69,0,151
4561.0,46,23,0,0,69,0,151
4562.0,46,23,0,0,69,0,151
4563.0,46,23,0,0,69,0,151
4564.0,46,23,0,0,69,0,151
4565.0,46,23,0,0,69,0,151
4566.0,46,23,0,0,69,0,151
4567.0,46,23,0,0,69,0,151
4568.0,46,23,0,0,69,0,151
4569.0,46,23,0,0,69,0,151
4570.0,46,23,0,0,69,0,151
4571.0,46,23,0,0,69,0,151
4572.0,46,23,0,0,69,0,151
4573.0,46,23,0,0,69,0,151
4574.0,46,23,0,0,69,0,151
4575.0,46,23,0,0,69,0,151
4576.0,46,23,0,0,69,0,151
4577.0,46,23,0,0,69,0,151
4578.0,46,23,0,0,69,0,151
4579.0,46,23,0,0,69,0,151
4580.0,46,23,0,0,69,0,151
4581.0,46,23,0,0,69,0,151
4582.0,46,23,0,0,69,0,151
4583.0,46,23,0,0,69,0,151
4584.0,46,23,0,0,69,0,151
4585.0,46,23,0,0,69,0,151
4586.0,46,23,0,0,69,0,151
4587.0,46,23,0,0,69,0,151
4588.0,46,23,0,0,69,0,151
4589.0,46,23,0,0,69,0,151
4590.0,46,23,0,0,69,0,151
4591.0,46,23,0,0,69,0,151
4592.0,46,23,0,0,69,0,151
4593.0,46,23,0,0,69,0,151
4594.0,46,23,0,0,69,0,151
4595.0,46,23,0,0,69,0,151
4596.0,46,23,0,0,69,0,151
4597.0,46,23,0,0,69,0,151
4598.0,46,23,0,0,69,0,151
4599.0,46,23,0,0,69,0,151
4600.0,46,23,0,0,69,0,151
4601.0,46,23,0,0,69,0,151
4602.0,46,23,0,0,69,0,151
4603.0,46,23,0,0,69,0,151
4604.0,46,23,0,0,69,0,151
4605.0,46,23,0,0,69,0,151
4606.0,46,23,0,0,69,0,151
4607.0,46,23,0,0,69,0,151
4608.0,46,23,0,0,69,0,151
4609.0,46,23,0,0,69,0,151
4610.0,46,23,0,0,69,0,151
4611.0,46,23,0,0,69,0,151
4612.0,46,23,0,0,69,0,151
4613.0,46,23,0,0,69,0,151
4614.0,46,23,0,0,69,0,151
4615.0,46,23,0,0,69,0,151
4616.0,46,23,0,0,69,0,151
4617.0,46,23,0,0,69,0,151
4618.0,46,23,0,0,69,0,151
4619.0,46,23,0,0,69,0,151
4620.0,46,23,0,0,69,0,151
4621.0,46,23,0,0,69,0,151
4622.0,46,23,0,0,69,0,151
4623.0,46,23,0,0,69,0,151
4624.0,46,23,0,0,69,0,151
4625.0,46,23,0,0,69,0,151
4626.0,46,23,0,0,69,0,151
4627.0,46,23,0,0,69,0,151
4628.0,46,23,0,0,69,0,151
4629.0,46,23,0,0,69,0,151
4630.0,46,23,0,0,69,0,151
4631.0,46,23,0,0,69,0,151
4632.0,46,23,0,0,69,0,151
4633.0,46,23,0,0,69,0,151
4634.0,46,23,0,0,69,0,151
4635.0,46,23,0,0,69,0,151
4636.0,46,23,0,0,69,0,151
4637.0,46,23,0,0,69,0,151
4638.0,46,23,0,0,69,0,151
4639.0,46,23,0,0,69,0,151
4640.0,46,23,0,0,69,0,151
4641.0,46,23,0,0,69,0,151
4642.0,46,23,0,0,69,0,151
4643.0,46,23,0,0,69,0,151
4644.0,46,23,0,0,69,0,151
4645.0,46,23,0,0,69,0,151
4646.0,46,23,0,0,69,0,151
4647.0,46,23,0,0,69,0,151
4648.0,46,23,0,0,69,0,151
4649.0,46,23,0,0,69,0,151
4650.0,46,23,0,0,69,0,151
4651.0,46,23,0,0,69,0,151
4652.0,46,23,0,0,69,0,151
4653.0,46,23,0,0,69,0,151
4654.0,46,23,0,0,69,0,151
4655.0,46,23,0,0,69,0,151
4656.0,46,23,0,0,69,0,151
4657.0,46,23,0,0,69,0,151
4658.0,46,23,0,0,69,0,151
4659.0,46,23,0,0,69,0,151
4660.0,46,23,0,0,69,0,151
4661.0,46,23,0,0,69,0,151
4662.0,46,23,0,0,69,0,151
4663.0,46,23,0,0,69,0,151
4664.0,46,23,0,0,69,0,151
4665.0,46,23,0,0,69,0,151
4666.0,46,23,0,0,69,0,151
4667.0,46,23,0,0,69,0,151
4668.0,46,23,0,0,69,0,151
4669.0,46,23,0,0,69,0,151
4670.0,46,23,0,0,69,0,151
4671.0,46,23,0,0,69,0,151
4672.0,46,23,0,0,69,0,151
4673.0,46,23,0,0,69,0,151
4674.0,46,23,0,0,69,0,151
4675.0,46,23,0,0,69,0,151
4676.0,46,23,0,0,69,0,151
4677.0,46,23,0,0,69,0,151
4678.0,46,23,0,0,69,0,151
4679.0,46,23,0,0,69,0,151
4680.0,46,23,0,0,69,0,151
4681.0,46,23,0,0,69,0,151
4682.0,46,23,0,0,69,0,151
4683.0,46,23,0,0,69,0,151
4684.0,46,23,0,0,69,0,151
4685.0,46,23,0,0,69,0,151
4686.0,46,23,0,0,69,0,151
4687.0,46,23,0,0,69,0,151
4688.0,46,23,0,0,69,0,151
4689.0,46,23,0,0,69,0,151
4690.0,46,23,0,0,69,0,151
4691.0,46,23,0,0,69,0,151
4692.0,46,23,0,0,69,0,151
4693.0,46,23,0,0,69,0,151
4694.0,46,23,0,0,69,0,151
4695.0,46,23,0,0,69,0,151
4696.0,46,23,0,0,69,0,151
4697.0,46,23,0,0,69,0,151
4698.0,46,23,0,0,69,0,151
4699.0,46,23,0,0,69,0,151
4700.0,46,23,0,0,69,0,151
4701.0,46,23,0,0,69,0,151
4702.0,46,23,0,0,69,0,151
4703.0,46,23,0,0,69,0,151
4704.0,46,23,0,0,69,0,151
4705.0,46,23,0,0,69,0,151
4706.0,46,23,0,0,69,0,151
4707.0,46,23,0,0,69,0,151
4708.0,46,23,0,0,69,0,151
4709.0,46,23,0,0,69,0,151
4710.0,46,23,0,0,69,0,151
4711.0,46,23,0,0,69,0,151
4712.0,46,23,0,0,69,0,151
4713.0,46,23,0,0,69,0,151
4714.0,46,23,0,0,69,0,151
4715.0,46,23,0,0,69,0,151
4716.0,46,23,0,0,69,0,151
4717.0,46,23,0,0,69,0,151
4718.0,46,23,0,0,69,0,151
4719.0,46,23,0,0,69,0,151
4720.0,46,23,0,0,69,0,151
4721.0,46,23,0,0,69,0,151
4722.0,46,23,0,0,69,0,151
4723.0,46,23,0,0,69,0,151
4724.0,46,23,0,0,69,0,151
4725.0,46,23,0,0,69,0,151
4726.0,46,23,0,0,69,0,151
4727.0,46,23,0,0,69,0,151
4728.0,46,23,0,0,69,0,151
4729.0,46,23,0,0,69,0,151
4730.0,46,23,0,0,69,0,151
4731.0,46,23,0,0,69,0,151
4732.0,46,23,0,0,69,0,151
4733.0,46,23,0,0,69,0,151
4734.0,46,23,0,0,69,0,151
4735.0,46,23,0,0,69,0,151
4736.0,46,23,0,0,69,0,151
4737.0,46,23,0,0,69,0,151
4738.0,46,23,0,0,69,0,151
4739.0,46,23,0,0,69,0,151
4740.0,46,23,0,0,69,0,151
4741.0,46,23,0,0,69,0,151
4742.0,46,23,0,0,69,0,151
4743.0,46,23,0,0,69,0,151
4744.0,46,23,0,0,69,0,151
4745.0,46,23,0,0,69,0,151
4746.0,46,23,0,0,69,0,151
4747.0,46,23,0,0,69,0,151
4748.0,46,23,0,0,69,0,151
4749.0,46,23,0,0,69,0,151
4750.0,46,23,0,0,69,0,151
4751.0,46,23,0,0,69,0,151
4752.0,46,23,0,0,69,0,151
4753.0,46,23,0,0,69,0,151
4754.0,46,23,0,0,69,0,151
4755.0,46,23,0,0,69,0,151
4756.0,46,23,0,0,69,0,151
4757.0,46,23,0,0,69,0,151
4758.0,46,23,0,0,69,0,151
4759.0,46,23,0,0,69,0,151
4760.0,46,23,0,0,69,0,151
4761.0,46,23,0,0,69,0,151
4762.0,46,23,0,0,69,0,151
4763.0,46,23,0,0,69,0,151
4764.0,46,23,0,0,69,0,151
4765.0,46,23,0,0,69,0,151
4766.0,46,23,0,0,69,0,151
4767.0,46,23,0,0,69,0,151
4768.0,46,23,0,0,69,0,151
4769.0,46,23,0,0,69,0,151
4770.0,46,23,0,0,69,0,151
4771.0,46,23,0,0,69,0,151
4772.0,46,23,0,0,69,0,151
4773.0,46,23,0,0,69,0,151
4774.0,46,23,0,0,69,0,151
4775.0,46,23,0,0,69,0,151
4776.0,46,23,0,0,69,0,151
4777.0,46,23,0,0,69,0,151
4778.0,46,23,0,0,69,0,151
4779.0,46,23,0,0,69,0,151
4780.0,46,23,0,0,69,0,151
4781.0,46,23,0,0,69,0,151
4782.0,46,23,0,0,69,0,151
4783.0,46,23,0,0,69,0,151
4784.0,46,23,0,0,69,0,151
4785.0,46,23,0,0,69,0,151
4786.0,46,23,0,0,69,0,151
4787.0,46,23,0,0,69,0,151
4788.0,46,23,0,0,69,0,151
4789.0,46,23,0,0,69,0,151
4790.0,46,23,0,0,69,0,151
4791.0,46,23,0,0,69,0,151
4792.0,46,23,0,0,69,0,151
4793.0,46,23,0,0,69,0,151
4794.0,46,23,0,0,69,0,151
4795.0,46,23,0,0,69,0,151
4796.0,46,23,0,0,69,0,151
4797.0,46,23,0,0,69,0,151
4798.0,46,23,0,0,69,0,151
4799.0,46,23,0,0,69,0,151
4800.0,46,23,0,0,69,0,151
4801.0,46,23,0,0,69,0,151
4802.0,46,23,0,0,69,0,151
4803.0,46,23,0,0,69,0,151
4804.0,46,23,0,0,69,0,151
4805.0,46,23,0,0,69,0,151
4806.0,46,23,0,0,69,0,151
4807.0,46,23,0,0,69,0,151
4808.0,46,23,0,0,69,0,151
4809.0,46,23,0,0,69,0,151
4810.0,46,23,0,0,69,0,151
4811.0,46,23,0,0,69,0,151
4812.0,46,23,0,0,69,0,151
4813.0,46,23,0,0,69,0,151
4814.0,46,23,0,0,69,0,151
4815.0,46,23,0,0,69,0,151
4816.0,46,23,0,0,69,0,151
4817.0,46,23,0,0,69,0,151
4818.0,46,23,0,0,69,0,151
4819.0,46,23,0,0,69,0,151
4820.0,46,23,0,0,69,0,151
4821.0,46,23,0,0,69,0,151
4822.0,46,23,0,0,69,0,151
4823.0,46,23,0,0,69,0,151
4824.0,46,23,0,0,69,0,151
4825.0,46,23,0,0,69,0,151
4826.0,46,23,0,0,69,0,151
4827.0,46,23,0,0,69,0,151
4828.0,46,23,0,0,69,0,151
4829.0,46,23,0,0,69,0,151
4830.0,46,23,0,0,69,0,151
4831.0,46,23,0,0,69,0,151
4832.0,46,23,0,0,69,0,151
4833.0,46,23,0,0,69,0,151
4834.0,46,23,0,0,69,0,151
4835.0,46,23,0,0,69,0,151
4836.0,46,23,0,0,69,0,151
4837.0,46,23,0,0,69,0,151
4838.0,46,23,0,0,69,0,151
4839.0,46,23,0,0,69,0,151
4840.0,46,23,0,0,69,0,151
4841.0,46,23,0,0,69,0,151
4842.0,46,23,0,0,69,0,151
4843.0,46,23,0,0,69,0,151
4844.0,46,23,0,0,69,0,151
4845.0,46,23,0,0,69,0,151
4846.0,46,23,0,0,69,0,151
4847.0,46,23,0,0,69,0,151
4848.0,46,23,0,0,69,0,151
4849.0,46,23,0,0,69,0,151
4850.0,46,23,0,0,69,0,151
4851.0,46,23,0,0,69,0,151
4852.0,46,23,0,0,69,0,151
4853.0,46,23,0,0,69,0,151
4854.0,46,23,0,0,69,0,151
4855.0,46,23,0,0,69,0,151
4856.0,46,23,0,0,69,0,151
4857.0,46,23,0,0,69,0,151
4858.0,46,23,0,0,69,0,151
4859.0,46,23,0,0,69,0,151
4860.0,46,23,0,0,69,0,151
4861.0,46,23,0,0,69,0,151
4862.0,46,23,0,0,69,0,151
4863.0,46,23,0,0,69,0,151
4864.0,46,23,0,0,69,0,151
4865.0,46,23,0,0,69,0,151
4866.0,46,23,0,0,69,0,151
4867.0,46,23,0,0,69,0,151
4868.0,46,23,0,0,69,0,151
4869.0,46,23,0,0,69,0,151
4870.0,46,23,0,0,69,0,151
4871.0,46,23,0,0,69,0,151
4872.0,46,23,0,0,69,0,151
4873.0,46,23,0,0,69,0,151
4874.0,46,23,0,0,69,0,151
4875.0,46,23,0,0,69,0,151
4876.0,46,23,0,0,69,0,151
4877.0,46,23,0,0,69,0,151
4878.0,46,23,0,0,69,0,151
4879.0,46,23,0,0,69,0,151
4880.0,46,23,0,0,69,0,151
4881.0,46,23,0,0,69,0,151
4882.0,46,23,0,0,69,0,151
4883.0,46,23,0,0,69,0,151
4884.0,46,23,0,0,69,0,151
4885.0,46,23,0,0,69,0,151
4886.0,46,23,0,0,69,0,151
4887.0,46,23,0,0,69,0,151
4888.0,46,23,0,0,69,0,151
4889.0,46,23,0,0,69,0,151
4890.0,46,23,0,0,69,0,151
4891.0,46,23,0,0,69,0,151
4892.0,46,23,0,0,69,0,151
4893.0,46,23,0,0,69,0,151
4894.0,46,23,0,0,69,0,151
4895.0,46,23,0,0,69,0,151
4896.0,46,23,0,0,69,0,151
4897.0,46,23,0,0,69,0,151
4898.0,46,23,0,0,69,0,151
4899.0,46,23,0,0,69,0,151
4900.0,46,23,0,0,69,0,151
4901.0,46,23,0,0,69,0,151
4902.0,46,23,0,0,69,0,151
4903.0,46,23,0,0,69,0,151
4904.0,46,23,0,0,69,0,151
4905.0,46,23,0,0,69,0,151
4906.0,46,23,0,0,69,0,151
4907.0,46,23,0,0,69,0,151
4908.0,46,23,0,0,69,0,151
4909.0,46,23,0,0,69,0,151
4910.0,46,23,0,0,69,0,151
4911.0,46,23,0,0,69,0,151
4912.0,46,23,0,0,69,0,151
4913.0,46,23,0,0,69,0,151
4914.0,46,23,0,0,69,0,151
4915.0,46,23,0,0,69,0,151
4916.0,46,23,0,0,69,0,151
4917.0,46,23,0,0,69,0,151
4918.0,46,23,0,0,69,0,151
4919.0,46,23,0,0,69,0,151
4920.0,46,23,0,0,69,0,151
4921.0,46,23,0,0,69,0,151
4922.0,46,23,0,0,69,0,151
4923.0,46,23,0,0,69,0,151
4924.0,46,23,0,0,69,0,151
4925.0,46,23,0,0,69,0,151
4926.0,46,23,0,0,69,0,151
4927.0,46,23,0,0,69,0,151
4928.0,46,23,0,0,69,0,151
4929.0,46,23,0,0,69,0,151
4930.0,46,23,0,0,69,0,151
4931.0,46,23,0,0,69,0,151
4932.0,46,23,0,0,69,0,151
4933.0,46,23,0,0,69,0,151
4934.0,46,23,0,0,69,0,151
4935.0,46,23,0,0,69,0,151
4936.0,46,23,0,0,69,0,151
4937.0,46,23,0,0,69,0,151
4938.0,46,23,0,0,69,0,151
4939.0,46,23,0,0,69,0,151
4940.0,46,23,0,0,69,0,151
4941.0,46,23,0,0,69,0,151
4942.0,46,23,0,0,69,0,151
4943.0,46,23,0,0,69,0,151
4944.0,46,23,0,0,69,0,151
4945.0,46,23,0,0,69,0,151
4946.0,46,23,0,0,69,0,151
4947.0,46,23,0,0,69,0,151
4948.0,46,23,0,0,69,0,151
4949.0,46,23,0,0,69,0,151
4950.0,46,23,0,0,69,0,151
4951.0,46,23,0,0,69,0,151
4952.0,46,23,0,0,69,0,151
4953.0,46,23,0,0,69,0,151
4954.0,46,23,0,0,69,0,151
4955.0,46,23,0,0,69,0,151
4956.0,46,23,0,0,69,0,151
4957.0,46,23,0,0,69,0,151
4958.0,46,23,0,0,69,0,151
4959.0,46,23,0,0,69,0,151
4960.0,46,23,0,0,69,0,151
4961.0,46,23,0,0,69,0,151
4962.0,46,23,0,0,69,0,151
4963.0,46,23,0,0,69,0,151
4964.0,46,23,0,0,69,0,151
4965.0,46,23,0,0,69,0,151
4966.0,46,23,0,0,69,0,151
4967.0,46,23,0,0,69,0,151
4968.0,46,23,0,0,69,0,151
4969.0,46,23,0,0,69,0,151
4970.0,46,23,0,0,69,0,151
4971.0,46,23,0,0,69,0,151
4972.0,46,23,0,0,69,0,151
4973.0,46,23,0,0,69,0,151
4974.0,46,23,0,0,69,0,151
4975.0,46,23,0,0,69,0,151
4976.0,46,23,0,0,69,0,151
4977.0,46,23,0,0,69,0,151
4978.0,46,23,0,0,69,0,151
4979.0,46,23,0,0,69,0,151
4980.0,46,23,0,0,69,0,151
4981.0,46,23,0,0,69,0,151
4982.0,46,23,0,0,69,0,151
4983.0,46,23,0,0,69,0,151
4984.0,46,23,0,0,69,0,151
4985.0,46,23,0,0,69,0,151
4986.0,46,23,0,0,69,0,151
4987.0,46,23,0,0,69,0,151
4988.0,46,23,0,0,69,0,151
4989.0,46,23,0,0,69,0,151
4990.0,46,23,0,0,69,0,151
4991.0,46,23,0,0,69,0,151
4992.0,46,23,0,0,69,0,151
4993.0,46,23,0,0,69,0,151
4994.0,46,23,0,0,69,0,151
4995.0,46,23,0,0,69,0,151
4996.0,46,23,0,0,69,0,151
4997.0,46,23,0,0,69,0,151
4998.0,46,23,0,0,69,0,151
4999.0,46,23,0,0,69,0,151
5000.0,46,23,0,0,69,0,151
5001.0,46,23,0,0,69,0,151
5002.0,46,23,0,0,69,0,151
5003.0,46,23,0,0,69,0,151
5004.0,46,23,0,0,69,0,151
5005.0,46,23,0,0,69,0,151
5006.0,46,23,0,0,69,0,151
5007.0,46,23,0,0,69,0,151
5008.0,46,23,0,0,69,0,151
5009.0,46,23,0,0,69,0,151
5010.0,46,23,0,0,69,0,151
5011.0,46,23,0,0,69,0,151
5012.0,46,23,0,0,69,0,151
5013.0,46,23,0,0,69,0,151
5014.0,46,23,0,0,69,0,151
5015.0,46,23,0,0,69,0,151
5016.0,46,23,0,0,69,0,151
5017.0,46,23,0,0,69,0,151
5018.0,46,23,0,0,69,0,151
5019.0,46,23,0,0,69,0,151
5020.0,46,23,0,0,69,0,151
5021.0,46,23,0,0,69,0,151
5022.0,46,23,0,0,69,0,151
5023.0,46,23,0,0,69,0,151
5024.0,46,23,0,0,69,0,151
5025.0,46,23,0,0,69,0,151
5026.0,46,23,0,0,69,0,151
5027.0,46,23,0,0,69,0,151
5028.0,46,23,0,0,69,0,151
5029.0,46,23,0,0,69,0,151
5030.0,46,23,0,0,69,0,151
5031.0,46,23,0,0,69,0,151
5032.0,46,23,0,0,69,0,151
5033.0,46,23,0,0,69,0,151
5034.0,46,23,0,0,69,0,151
5035.0,46,23,0,0,69,0,151
5036.0,46,23,0,0,69,0,151
5037.0,46,23,0,0,69,0,151
5038.0,46,23,0,0,69,0,151
5039.0,46,23,0,0,69,0,151
5040.0,46,23,0,0,69,0,151
5041.0,46,23,0,0,69,0,151
5042.0,46,23,0,0,69,0,151
5043.0,46,23,0,0,69,0,151
5044.0,46,23,0,0,69,0,151
5045.0,46,23,0,0,69,0,151
5046.0,46,23,0,0,69,0,151
5047.0,46,23,0,0,69,0,151
5048.0,46,23,0,0,69,0,151
5049.0,46,23,0,0,69,0,151
5050.0,46,23,0,0,69,0,151
5051.0,46,23,0,0,69,0,151
5052.0,46,23,0,0,69,0,151
5053.0,46,23,0,0,69,0,151
5054.0,46,23,0,0,69,0,151
5055.0,46,23,0,0,69,0,151
5056.0,46,23,0,0,69,0,151
5057.0,46,23,0,0,69,0,151
5058.0,46,23,0,0,69,0,151
5059.0,46,23,0,0,69,0,151
5060.0,46,23,0,0,69,0,151
5061.0,46,23,0,0,69,0,151
5062.0,46,23,0,0,69,0,151
5063.0,46,23,0,0,69,0,151
5064.0,46,23,0,0,69,0,151
5065.0,46,23,0,0,69,0,151
5066.0,46,23,0,0,69,0,151
5067.0,46,23,0,0,69,0,151
5068.0,46,23,0,0,69,0,151
5069.0,46,23,0,0,69,0,151
5070.0,46,23,0,0,69,0,151
5071.0,46,23,0,0,69,0,151
5072.0,46,23,0,0,69,0,151
5073.0,46,23,0,0,69,0,151
5074.0,46,23,0,0,69,0,151
5075.0,46,23,0,0,69,0,151
5076.0,46,23,0,0,69,0,151
5077.0,46,23,0,0,69,0,151
5078.0,46,23,0,0,69,0,151
5079.0,46,23,0,0,69,0,151
5080.0,46,23,0,0,69,0,151
5081.0,46,23,0,0,69,0,151
5082.0,46,23,0,0,69,0,151
5083.0,46,23,0,0,69,0,151
5084.0,46,23,0,0,69,0,151
5085.0,46,23,0,0,69,0,151
5086.0,46,23,0,0,69,0,151
5087.0,46,23,0,0,69,0,151
5088.0,46,23,0,0,69,0,151
5089.0,46,23,0,0,69,0,151
5090.0,46,23,0,0,69,0,151
5091.0,46,23,0,0,69,0,151
5092.0,46,23,0,0,69,0,151
5093.0,46,23,0,0,69,0,151
5094.0,46,23,0,0,69,0,151
5095.0,46,23,0,0,69,0,151
5096.0,46,23,0,0,69,0,151
5097.0,46,23,0,0,69,0,151
5098.0,46,23,0,0,69,0,151
5099.0,46,23,0,0,69,0,151
5100.0,46,23,0,0,69,0,151
5101.0,46,23,0,0,69,0,151
5102.0,46,23,0,0,69,0,151
5103.0,46,23,0,0,69,0,151
5104.0,46,23,0,0,69,0,151
5105.0,46,23,0,0,69,0,151
5106.0,46,23,0,0,69,0,151
5107.0,46,23,0,0,69,0,151
5108.0,46,23,0,0,69,0,151
5109.0,46,23,0,0,69,0,151
5110.0,46,23,0,0,69,0,151
5111.0,46,23,0,0,69,0,151
5112.0,46,23,0,0,69,0,151
5113.0,46,23,0,0,69,0,151
5114.0,46,23,0,0,69,0,151
5115.0,46,23,0,0,69,0,151
5116.0,46,23,0,0,69,0,151
5117.0,46,23,0,0,69,0,151
5118.0,46,23,0,0,69,0,151
5119.0,46,23,0,0,69,0,151
5120.0,46,23,0,0,69,0,151
5121.0,46,23,0,0,69,0,151
5122.0,46,23,0,0,69,0,151
5123.0,46,23,0,0,69,0,151
5124.0,46,23,0,0,69,0,151
5125.0,46,23,0,0,69,0,151
5126.0,46,23,0,0,69,0,151
5127.0,46,23,0,0,69,0,151
5128.0,46,23,0,0,69,0,151
5129.0,46,23,0,0,69,0,151
5130.0,46,23,0,0,69,0,151
5131.0,46,23,0,0,69,0,151
5132.0,46,23,0,0,69,0,151
5133.0,46,23,0,0,69,0,151
5134.0,46,23,0,0,69,0,151
5135.0,46,23,0,0,69,0,151
5136.0,46,23,0,0,69,0,151
5137.0,46,23,0,0,69,0,151
5138.0,46,23,0,0,69,0,151
5139.0,46,23,0,0,69,0,151
5140.0,46,23,0,0,69,0,151
5141.0,46,23,0,0,69,0,151
5142.0,46,23,0,0,69,0,151
5143.0,46,23,0,0,69,0,151
5144.0,46,23,0,0,69,0,151
5145.0,46,23,0,0,69,0,151
5146.0,46,23,0,0,69,0,151
5147.0,46,23,0,0,69,0,151
5148.0,46,23,0,0,69,0,151
5149.0,46,23,0,0,69,0,151
5150.0,46,23,0,0,69,0,151
5151.0,46,23,0,0,69,0,151
5152.0,46,23,0,0,69,0,151
5153.0,46,23,0,0,69,0,151
5154.0,46,23,0,0,69,0,151
5155.0,46,23,0,0,69,0,151
5156.0,46,23,0,0,69,0,151
5157.0,46,23,0,0,69,0,151
5158.0,46,23,0,0,69,0,151
5159.0,46,23,0,0,69,0,151
5160.0,46,23,0,0,69,0,151
5161.0,46,23,0,0,69,0,151
5162.0,46,23,0,0,69,0,151
5163.0,46,23,0,0,69,0,151
5164.0,46,23,0,0,69,0,151
5165.0,46,23,0,0,69,0,151
5166.0,46,23,0,0,69,0,151
5167.0,46,23,0,0,69,0,151
5168.0,46,23,0,0,69,0,151
5169.0,46,23,0,0,69,0,151
5170.0,46,23,0,0,69,0,151
5171.0,46,23,0,0,69,0,151
5172.0,46,23,0,0,69,0,151
5173.0,46,23,0,0,69,0,151
5174.0,46,23,0,0,69,0,151
5175.0,46,23,0,0,69,0,151
5176.0,46,23,0,0,69,0,151
5177.0,46,23,0,0,69,0,151
5178.0,46,23,0,0,69,0,151
5179.0,46,23,0,0,69,0,151
5180.0,46,23,0,0,69,0,151
5181.0,46,23,0,0,69,0,151
5182.0,46,23,0,0,69,0,151
5183.0,46,23,0,0,69,0,151
5184.0,46,23,0,0,69,0,151
5185.0,46,23,0,0,69,0,151
5186.0,46,23,0,0,69,0,151
5187.0,46,23,0,0,69,0,151
5188.0,46,23,0,0,69,0,151
5189.0,46,23,0,0,69,0,151
5190.0,46,23,0,0,69,0,151
5191.0,46,23,0,0,69,0,151
5192.0,46,23,0,0,69,0,151
5193.0,46,23,0,0,69,0,151
5194.0,46,23,0,0,69,0,151
5195.0,46,23,0,0,69,0,151
5196.0,46,23,0,0,69,0,151
5197.0,46,23,0,0,69,0,151
5198.0,46,23,0,0,69,0,151
5199.0,46,23,0,0,69,0,151
5200.0,46,23,0,0,69,0,151
5201.0,46,23,0,0,69,0,151
5202.0,46,23,0,0,69,0,151
5203.0,46,23,0,0,69,0,151
5204.0,46,23,0,0,69,0,151
5205.0,46,23,0,0,69,0,151
5206.0,46,23,0,0,69,0,151
5207.0,46,23,0,0,69,0,151
5208.0,46,23,0,0,69,0,151
5209.0,46,23,0,0,69,0,151
5210.0,46,23,0,0,69,0,151
5211.0,46,23,0,0,69,0,151
5212.0,46,23,0,0,69,0,151
5213.0,46,23,0,0,69,0,151
5214.0,46,23,0,0,69,0,151
5215.0,46,23,0,0,69,0,151
5216.0,46,23,0,0,69,0,151
5217.0,46,23,0,0,69,0,151
5218.0,46,23,0,0,69,0,151
5219.0,46,23,0,0,69,0,151
5220.0,46,23,0,0,69,0,151
5221.0,46,23,0,0,69,0,151
5222.0,46,23,0,0,69,0,151
5223.0,46,23,0,0,69,0,151
5224.0,46,23,0,0,69,0,151
5225.0,46,23,0,0,69,0,151
5226.0,46,23,0,0,69,0,151
5227.0,46,23,0,0,69,0,151
5228.0,46,23,0,0,69,0,151
5229.0,46,23,0,0,69,0,151
5230.0,46,23,0,0,69,0,151
5231.0,46,23,0,0,69,0,151
5232.0,46,23,0,0,69,0,151
5233.0,46,23,0,0,69,0,151
5234.0,46,23,0,0,69,0,151
5235.0,46,23,0,0,69,0,151
5236.0,46,23,0,0,69,0,151
5237.0,46,23,0,0,69,0,151
5238.0,46,23,0,0,69,0,151
5239.0,46,23,0,0,69,0,151
5240.0,46,23,0,0,69,0,151
5241.0,46,23,0,0,69,0,151
5242.0,46,23,0,0,69,0,151
5243.0,46,23,0,0,69,0,151
5244.0,46,23,0,0,69,0,151
5245.0,46,23,0,0,69,0,151
5246.0,46,23,0,0,69,0,151
5247.0,46,23,0,0,69,0,151
5248.0,46,23,0,0,69,0,151
5249.0,46,23,0,0,69,0,151
5250.0,46,23,0,0,69,0,151
5251.0,46,23,0,0,69,0,151
5252.0,46,23,0,0,69,0,151
5253.0,46,23,0,0,69,0,151
5254.0,46,23,0,0,69,0,151
5255.0,46,23,0,0,69,0,151
5256.0,46,23,0,0,69,0,151
5257.0,46,23,0,0,69,0,151
5258.0,46,23,0,0,69,0,151
5259.0,46,23,0,0,69,0,151
5260.0,46,23,0,0,69,0,151
5261.0,46,23,0,0,69,0,151
5262.0,46,23,0,0,69,0,151
5263.0,46,23,0,0,69,0,151
5264.0,46,23,0,0,69,0,151
5265.0,46,23,0,0,69,0,151
5266.0,46,23,0,0,69,0,151
5267.0,46,23,0,0,69,0,151
5268.0,46,23,0,0,69,0,151
5269.0,46,23,0,0,69,0,151
5270.0,46,23,0,0,69,0,151
5271.0,46,23,0,0,69,0,151
5272.0,46,23,0,0,69,0,151
5273.0,46,23,0,0,69,0,151
5274.0,46,23,0,0,69,0,151
5275.0,46,23,0,0,69,0,151
5276.0,46,23,0,0,69,0,151
5277.0,46,23,0,0,69,0,151
5278.0,46,23,0,0,69,0,151
5279.0,46,23,0,0,69,0,151
5280.0,46,23,0,0,69,0,151
5281.0,46,23,0,0,69,0,151
5282.0,46,23,0,0,69,0,151
5283.0,46,23,0,0,69,0,151
5284.0,46,23,0,0,69,0,151
5285.0,46,23,0,0,69,0,151
5286.0,46,23,0,0,69,0,151
5287.0,46,23,0,0,69,0,151
5288.0,46,23,0,0,69,0,151
5289.0,46,23,0,0,69,0,151
5290.0,46,23,0,0,69,0,151
5291.0,46,23,0,0,69,0,151
5292.0,46,23,0,0,69,0,151
5293.0,46,23,0,0,69,0,151
5294.0,46,23,0,0,69,0,151
5295.0,46,23,0,0,69,0,151
5296.0,46,23,0,0,69,0,151
5297.0,46,23,0,0,69,0,151
5298.0,46,23,0,0,69,0,151
5299.0,46,23,0,0,69,0,151
5300.0,46,23,0,0,69,0,151
5301.0,46,23,0,0,69,0,151
5302.0,46,23,0,0,69,0,151
5303.0,46,23,0,0,69,0,151
5304.0,46,23,0,0,69,0,151
5305.0,46,23,0,0,69,0,151
5306.0,46,23,0,0,69,0,151
5307.0,46,23,0,0,69,0,151
5308.0,46,23,0,0,69,0,151
5309.0,46,23,0,0,69,0,151
5310.0,46,23,0,0,69,0,151
5311.0,46,23,0,0,69,0,151
5312.0,46,23,0,0,69,0,151
5313.0,46,23,0,0,69,0,151
5314.0,46,23,0,0,69,0,151
5315.0,46,23,0,0,69,0,151
5316.0,46,23,0,0,69,0,151
5317.0,46,23,0,0,69,0,151
5318.0,46,23,0,0,69,0,151
5319.0,46,23,0,0,69,0,151
5320.0,46,23,0,0,69,0,151
5321.0,46,23,0,0,69,0,151
5322.0,46,23,0,0,69,0,151
5323.0,46,23,0,0,69,0,151
5324.0,46,23,0,0,69,0,151
5325.0,46,23,0,0,69,0,151
5326.0,46,23,0,0,69,0,151
5327.0,46,23,0,0,69,0,151
5328.0,46,23,0,0,69,0,151
5329.0,46,23,0,0,69,0,151
5330.0,46,23,0,0,69,0,151
5331.0,46,23,0,0,69,0,151
5332.0,46,23,0,0,69,0,151
5333.0,46,23,0,0,69,0,151
5334.0,46,23,0,0,69,0,151
5335.0,46,23,0,0,69,0,151
5336.0,46,23,0,0,69,0,151
5337.0,46,23,0,0,69,0,151
5338.0,46,23,0,0,69,0,151
5339.0,46,23,0,0,69,0,151
5340.0,46,23,0,0,69,0,151
5341.0,46,23,0,0,69,0,151
5342.0,46,23,0,0,69,0,151
5343.0,46,23,0,0,69,0,151
5344.0,46,23,0,0,69,0,151
5345.0,46,23,0,0,69,0,151
5346.0,46,23,0,0,69,0,151
5347.0,46,23,0,0,69,0,151
5348.0,46,23,0,0,69,0,151
5349.0,46,23,0,0,69,0,151
5350.0,46,23,0,0,69,0,151
5351.0,46,23,0,0,69,0,151
5352.0,46,23,0,0,69,0,151
5353.0,46,23,0,0,69,0,151
5354.0,46,23,0,0,69,0,151
5355.0,46,23,0,0,69,0,151
5356.0,46,23,0,0,69,0,151
5357.0,46,23,0,0,69,0,151
5358.0,46,23,0,0,69,0,151
5359.0,46,23,0,0,69,0,151
5360.0,46,23,0,0,69,0,151
5361.0,46,23,0,0,69,0,151
5362.0,46,23,0,0,69,0,151
5363.0,46,23,0,0,69,0,151
5364.0,46,23,0,0,69,0,151
5365.0,46,23,0,0,69,0,151
5366.0,46,23,0,0,69,0,151
5367.0,46,23,0,0,69,0,151
5368.0,46,23,0,0,69,0,151
5369.0,46,23,0,0,69,0,151
5370.0,46,23,0,0,69,0,151
5371.0,46,23,0,0,69,0,151
5372.0,46,23,0,0,69,0,151
5373.0,46,23,0,0,69,0,151
5374.0,46,23,0,0,69,0,151
5375.0,46,23,0,0,69,0,151
5376.0,46,23,0,0,69,0,151
5377.0,46,23,0,0,69,0,151
5378.0,46,23,0,0,69,0,151
5379.0,46,23,0,0,69,0,151
5380.0,46,23,0,0,69,0,151
5381.0,46,23,0,0,69,0,151
5382.0,46,23,0,0,69,0,151
5383.0,46,23,0,0,69,0,151
5384.0,46,23,0,0,69,0,151
5385.0,46,23,0,0,69,0,151
5386.0,46,23,0,0,69,0,151
5387.0,46,23,0,0,69,0,151
5388.0,46,23,0,0,69,0,151
5389.0,46,23,0,0,69,0,151
5390.0,46,23,0,0,69,0,151
5391.0,46,23,0,0,69,0,151
5392.0,46,23,0,0,69,0,151
5393.0,46,23,0,0,69,0,151
5394.0,46,23,0,0,69,0,151
5395.0,46,23,0,0,69,0,151
5396.0,46,23,0,0,69,0,151
5397.0,46,23,0,0,69,0,151
5398.0,46,23,0,0,69,0,151
5399.0,46,23,0,0,69,0,151
5400.0,46,23,0,0,69,0,151
5401.0,46,23,0,0,69,0,151
5402.0,46,23,0,0,69,0,151
5403.0,46,23,0,0,69,0,151
5404.0,46,23,0,0,69,0,151
5405.0,46,23,0,0,69,0,151
5406.0,46,23,0,0,69,0,151
5407.0,46,23,0,0,69,0,151
5408.0,46,23,0,0,69,0,151
5409.0,46,23,0,0,69,0,151
5410.0,46,23,0,0,69,0,151
5411.0,46,23,0,0,69,0,151
5412.0,46,23,0,0,69,0,151
5413.0,46,23,0,0,69,0,151
5414.0,46,23,0,0,69,0,151
5415.0,46,23,0,0,69,0,151
5416.0,46,23,0,0,69,0,151
5417.0,46,23,0,0,69,0,151
5418.0,46,23,0,0,69,0,151
5419.0,46,23,0,0,69,0,151
5420.0,46,23,0,0,69,0,151
5421.0,46,23,0,0,69,0,151
5422.0,46,23,0,0,69,0,151
5423.0,46,23,0,0,69,0,151
5424.0,46,23,0,0,69,0,151
5425.0,46,23,0,0,69,0,151
5426.0,46,23,0,0,69,0,151
5427.0,46,23,0,0,69,0,151
5428.0,46,23,0,0,69,0,151
5429.0,46,23,0,0,69,0,151
5430.0,46,23,0,0,69,0,151
5431.0,46,23,0,0,69,0,151
5432.0,46,23,0,0,69,0,151
5433.0,46,23,0,0,69,0,151
5434.0,46,23,0,0,69,0,151
5435.0,46,23,0,0,69,0,151
5436.0,46,23,0,0,69,0,151
5437.0,46,23,0,0,69,0,151
5438.0,46,23,0,0,69,0,151
5439.0,46,23,0,0,69,0,151
5440.0,46,23,0,0,69,0,151
5441.0,46,23,0,0,69,0,151
5442.0,46,23,0,0,69,0,151
5443.0,46,23,0,0,69,0,151
5444.0,46,23,0,0,69,0,151
5445.0,46,23,0,0,69,0,151
5446.0,46,23,0,0,69,0,151
5447.0,46,23,0,0,69,0,151
5448.0,46,23,0,0,69,0,151
5449.0,46,23,0,0,69,0,151
5450.0,46,23,0,0,69,0,151
5451.0,46,23,0,0,69,0,151
5452.0,46,23,0,0,69,0,151
5453.0,46,23,0,0,69,0,151
5454.0,46,23,0,0,69,0,151
5455.0,46,23,0,0,69,0,151
5456.0,46,23,0,0,69,0,151
5457.0,46,23,0,0,69,0,151
5458.0,46,23,0,0,69,0,151
5459.0,46,23,0,0,69,0,151
5460.0,46,23,0,0,69,0,151
5461.0,46,23,0,0,69,0,151
5462.0,46,23,0,0,69,0,151
5463.0,46,23,0,0,69,0,151
5464.0,46,23,0,0,69,0,151
5465.0,46,23,0,0,69,0,151
5466.0,46,23,0,0,69,0,151
5467.0,46,23,0,0,69,0,151
5468.0,46,23,0,0,69,0,151
5469.0,46,23,0,0,69,0,151
5470.0,46,23,0,0,69,0,151
5471.0,46,23,0,0,69,0,151
5472.0,46,23,0,0,69,0,151
5473.0,46,23,0,0,69,0,151
5474.0,46,23,0,0,69,0,151
5475.0,46,23,0,0,69,0,151
5476.0,46,23,0,0,69,0,151
5477.0,46,23,0,0,69,0,151
5478.0,46,23,0,0,69,0,151
5479.0,46,23,0,0,69,0,151
5480.0,46,23,0,0,69,0,151
5481.0,46,23,0,0,69,0,151
5482.0,46,23,0,0,69,0,151
5483.0,46,23,0,0,69,0,151
5484.0,46,23,0,0,69,0,151
5485.0,46,23,0,0,69,0,151
5486.0,46,23,0,0,69,0,151
5487.0,46,23,0,0,69,0,151
5488.0,46,23,0,0,69,0,151
5489.0,46,23,0,0,69,0,151
5490.0,46,23,0,0,69,0,151
5491.0,46,23,0,0,69,0,151
5492.0,46,23,0,0,69,0,151
5493.0,46,23,0,0,69,0,151
5494.0,46,23,0,0,69,0,151
5495.0,46,23,0,0,69,0,151
5496.0,46,23,0,0,69,0,151
5497.0,46,23,0,0,69,0,151
5498.0,46,23,0,0,69,0,151
5499.0,46,23,0,0,69,0,151
5500.0,46,23,0,0,69,0,151
5501.0,46,23,0,0,69,0,151
5502.0,46,23,0,0,69,0,151
5503.0,46,23,0,0,69,0,151
5504.0,46,23,0,0,69,0,151
5505.0,46,23,0,0,69,0,151
5506.0,46,23,0,0,69,0,151
5507.0,46,23,0,0,69,0,151
5508.0,46,23,0,0,69,0,151
5509.0,46,23,0,0,69,0,151
5510.0,46,23,0,0,69,0,151
5511.0,46,23,0,0,69,0,151
5512.0,46,23,0,0,69,0,151
5513.0,46,23,0,0,69,0,151
5514.0,46,23,0,0,69,0,151
5515.0,46,23,0,0,69,0,151
5516.0,46,23,0,0,69,0,151
5517.0,46,23,0,0,69,0,151
5518.0,46,23,0,0,69,0,151
5519.0,46,23,0,0,69,0,151
5520.0,46,23,0,0,69,0,151
5521.0,46,23,0,0,69,0,151
5522.0,46,23,0,0,69,0,151
5523.0,46,23,0,0,69,0,151
5524.0,46,23,0,0,69,0,151
5525.0,46,23,0,0,69,0,151
5526.0,46,23,0,0,69,0,151
5527.0,46,23,0,0,69,0,151
5528.0,46,23,0,0,69,0,151
5529.0,46,23,0,0,69,0,151
5530.0,46,23,0,0,69,0,151
5531.0,46,23,0,0,69,0,151
5532.0,46,23,0,0,69,0,151
5533.0,46,23,0,0,69,0,151
5534.0,46,23,0,0,69,0,151
5535.0,46,23,0,0,69,0,151
5536.0,46,23,0,0,69,0,151
5537.0,46,23,0,0,69,0,151
5538.0,46,23,0,0,69,0,151
5539.0,46,23,0,0,69,0,151
5540.0,46,23,0,0,69,0,151
5541.0,46,23,0,0,69,0,151
5542.0,46,23,0,0,69,0,151
5543.0,46,23,0,0,69,0,151
5544.0,46,23,0,0,69,0,151
5545.0,46,23,0,0,69,0,151
5546.0,46,23,0,0,69,0,151
5547.0,46,23,0,0,69,0,151
5548.0,46,23,0,0,69,0,151
5549.0,46,23,0,0,69,0,151
5550.0,46,23,0,0,69,0,151
5551.0,46,23,0,0,69,0,151
5552.0,46,23,0,0,69,0,151
5553.0,46,23,0,0,69,0,151
5554.0,46,23,0,0,69,0,151
5555.0,46,23,0,0,69,0,151
5556.0,46,23,0,0,69,0,151
5557.0,46,23,0,0,69,0,151
5558.0,46,23,0,0,69,0,151
5559.0,46,23,0,0,69,0,151
5560.0,46,23,0,0,69,0,151
5561.0,46,23,0,0,69,0,151
5562.0,46,23,0,0,69,0,151
5563.0,46,23,0,0,69,0,151
5564.0,46,23,0,0,69,0,151
5565.0,46,23,0,0,69,0,151
5566.0,46,23,0,0,69,0,151
5567.0,46,23,0,0,69,0,151
5568.0,46,23,0,0,69,0,151
5569.0,46,23,0,0,69,0,151
5570.0,46,23,0,0,69,0,151
5571.0,46,23,0,0,69,0,151
5572.0,46,23,0,0,69,0,151
5573.0,46,23,0,0,69,0,151
5574.0,46,23,0,0,69,0,151
5575.0,46,23,0,0,69,0,151
5576.0,46,23,0,0,69,0,151
5577.0,46,23,0,0,69,0,151
5578.0,46,23,0,0,69,0,151
5579.0,46,23,0,0,69,0,151
5580.0,46,23,0,0,69,0,151
5581.0,46,23,0,0,69,0,151
5582.0,46,23,0,0,69,0,151
5583.0,46,23,0,0,69,0,151
5584.0,46,23,0,0,69,0,151
5585.0,46,23,0,0,69,0,151
5586.0,46,23,0,0,69,0,151
5587.0,46,23,0,0,69,0,151
5588.0,46,23,0,0,69,0,151
5589.0,46,23,0,0,69,0,151
5590.0,46,23,0,0,69,0,151
5591.0,46,23,0,0,69,0,151
5592.0,46,23,0,0,69,0,151
5593.0,46,23,0,0,69,0,151
5594.0,46,23,0,0,69,0,151
5595.0,46,23,0,0,69,0,151
5596.0,46,23,0,0,69,0,151
5597.0,46,23,0,0,69,0,151
5598.0,46,23,0,0,69,0,151
5599.0,46,23,0,0,69,0,151
5600.0,46,23,0,0,69,0,151
5601.0,46,23,0,0,69,0,151
5602.0,46,23,0,0,69,0,151
5603.0,46,23,0,0,69,0,151
5604.0,46,23,0,0,69,0,151
5605.0,46,23,0,0,69,0,151
5606.0,46,23,0,0,69,0,151
5607.0,46,23,0,0,69,0,151
5608.0,46,23,0,0,69,0,151
5609.0,46,23,0,0,69,0,151
5610.0,46,23,0,0,69,0,151
5611.0,46,23,0,0,69,0,151
5612.0,46,23,0,0,69,0,151
5613.0,46,23,0,0,69,0,151
5614.0,46,23,0,0,69,0,151
5615.0,46,23,0,0,69,0,151
5616.0,46,23,0,0,69,0,151
5617.0,46,23,0,0,69,0,151
5618.0,46,23,0,0,69,0,151
5619.0,46,23,0,0,69,0,151
5620.0,46,23,0,0,69,0,151
5621.0,46,23,0,0,69,0,151
5622.0,46,23,0,0,69,0,151
5623.0,46,23,0,0,69,0,151
5624.0,46,23,0,0,69,0,151
5625.0,46,23,0,0,69,0,151
5626.0,46,23,0,0,69,0,151
5627.0,46,23,0,0,69,0,151
5628.0,46,23,0,0,69,0,151
5629.0,46,23,0,0,69,0,151
5630.0,46,23,0,0,69,0,151
5631.0,46,23,0,0,69,0,151
5632.0,46,23,0,0,69,0,151
5633.0,46,23,0,0,69,0,151
5634.0,46,23,0,0,69,0,151
5635.0,46,23,0,0,69,0,151
5636.0,46,23,0,0,69,0,151
5637.0,46,23,0,0,69,0,151
5638.0,46,23,0,0,69,0,151
5639.0,46,23,0,0,69,0,151
5640.0,46,23,0,0,69,0,151
5641.0,46,23,0,0,69,0,151
5642.0,46,23,0,0,69,0,151
5643.0,46,23,0,0,69,0,151
5644.0,46,23,0,0,69,0,151
5645.0,46,23,0,0,69,0,151
5646.0,46,23,0,0,69,0,151
5647.0,46,23,0,0,69,0,151
5648.0,46,23,0,0,69,0,151
5649.0,46,23,0,0,69,0,151
5650.0,46,23,0,0,69,0,151
5651.0,46,23,0,0,69,0,151
5652.0,46,23,0,0,69,0,151
5653.0,46,23,0,0,69,0,151
5654.0,46,23,0,0,69,0,151
5655.0,46,23,0,0,69,0,151
5656.0,46,23,0,0,69,0,151
5657.0,46,23,0,0,69,0,151
5658.0,46,23,0,0,69,0,151
5659.0,46,23,0,0,69,0,151
5660.0,46,23,0,0,69,0,151
5661.0,46,23,0,0,69,0,151
5662.0,46,23,0,0,69,0,151
5663.0,46,23,0,0,69,0,151
5664.0,46,23,0,0,69,0,151
5665.0,46,23,0,0,69,0,151
5666.0,46,23,0,0,69,0,151
5667.0,46,23,0,0,69,0,151
5668.0,46,23,0,0,69,0,151
5669.0,46,23,0,0,69,0,151
5670.0,46,23,0,0,69,0,151
5671.0,46,23,0,0,69,0,151
5672.0,46,23,0,0,69,0,151
5673.0,46,23,0,0,69,0,151
5674.0,46,23,0,0,69,0,151
5675.0,46,23,0,0,69,0,151
5676.0,46,23,0,0,69,0,151
5677.0,46,23,0,0,69,0,151
5678.0,46,23,0,0,69,0,151
5679.0,46,23,0,0,69,0,151
5680.0,46,23,0,0,69,0,151
5681.0,46,23,0,0,69,0,151
5682.0,46,23,0,0,69,0,151
5683.0,46,23,0,0,69,0,151
5684.0,46,23,0,0,69,0,151
5685.0,46,23,0,0,69,0,151
5686.0,46,23,0,0,69,0,151
5687.0,46,23,0,0,69,0,151
5688.0,46,23,0,0,69,0,151
5689.0,46,23,0,0,69,0,151
5690.0,46,23,0,0,69,0,151
5691.0,46,23,0,0,69,0,151
5692.0,46,23,0,0,69,0,151
5693.0,46,23,0,0,69,0,151
5694.0,46,23,0,0,69,0,151
5695.0,46,23,0,0,69,0,151
5696.0,46,23,0,0,69,0,151
5697.0,46,23,0,0,69,0,151
5698.0,46,23,0,0,69,0,151
5699.0,46,23,0,0,69,0,151
5700.0,46,23,0,0,69,0,151
5701.0,46,23,0,0,69,0,151
5702.0,46,23,0,0,69,0,151
5703.0,46,23,0,0,69,0,151
5704.0,46,23,0,0,69,0,151
5705.0,46,23,0,0,69,0,151
5706.0,46,23,0,0,69,0,151
5707.0,46,23,0,0,69,0,151
5708.0,46,23,0,0,69,0,151
5709.0,46,23,0,0,69,0,151
5710.0,46,23,0,0,69,0,151
5711.0,46,23,0,0,69,0,151
5712.0,46,23,0,0,69,0,151
5713.0,46,23,0,0,69,0,151
5714.0,46,23,0,0,69,0,151
5715.0,46,23,0,0,69,0,151
5716.0,46,23,0,0,69,0,151
5717.0,46,23,0,0,69,0,151
5718.0,46,23,0,0,69,0,151
5719.0,46,23,0,0,69,0,151
5720.0,46,23,0,0,69,0,151
5721.0,46,23,0,0,69,0,151
5722.0,46,23,0,0,69,0,151
5723.0,46,23,0,0,69,0,151
5724.0,46,23,0,0,69,0,151
5725.0,46,23,0,0,69,0,151
5726.0,46,23,0,0,69,0,151
5727.0,46,23,0,0,69,0,151
5728.0,46,23,0,0,69,0,151
5729.0,46,23,0,0,69,0,151
5730.0,46,23,0,0,69,0,151
5731.0,46,23,0,0,69,0,151
5732.0,46,23,0,0,69,0,151
5733.0,46,23,0,0,69,0,151
5734.0,46,23,0,0,69,0,151
5735.0,46,23,0,0,69,0,151
5736.0,46,23,0,0,69,0,151
5737.0,46,23,0,0,69,0,151
5738.0,46,23,0,0,69,0,151
5739.0,46,23,0,0,69,0,151
5740.0,46,23,0,0,69,0,151
5741.0,46,23,0,0,69,0,151
5742.0,46,23,0,0,69,0,151
5743.0,46,23,0,0,69,0,151
5744.0,46,23,0,0,69,0,151
5745.0,46,23,0,0,69,0,151
5746.0,46,23,0,0,69,0,151
5747.0,46,23,0,0,69,0,151
5748.0,46,23,0,0,69,0,151
5749.0,46,23,0,0,69,0,151
5750.0,46,23,0,0,69,0,151
5751.0,46,23,0,0,69,0,151
5752.0,46,23,0,0,69,0,151
5753.0,46,23,0,0,69,0,151
5754.0,46,23,0,0,69,0,151
5755.0,46,23,0,0,69,0,151
5756.0,46,23,0,0,69,0,151
5757.0,46,23,0,0,69,0,151
5758.0,46,23,0,0,69,0,151
5759.0,46,23,0,0,69,0,151
5760.0,46,23,0,0,69,0,151
5761.0,46,23,0,0,69,0,151
5762.0,46,23,0,0,69,0,151
5763.0,46,23,0,0,69,0,151
5764.0,46,23,0,0,69,0,151
5765.0,46,23,0,0,69,0,151
5766.0,46,23,0,0,69,0,151
5767.0,46,23,0,0,69,0,151
5768.0,46,23,0,0,69,0,151
5769.0,46,23,0,0,69,0,151
5770.0,46,23,0,0,69,0,151
5771.0,46,23,0,0,69,0,151
5772.0,46,23,0,0,69,0,151
5773.0,46,23,0,0,69,0,151
5774.0,46,23,0,0,69,0,151
5775.0,46,23,0,0,69,0,151
5776.0,46,23,0,0,69,0,151
5777.0,46,23,0,0,69,0,151
5778.0,46,23,0,0,69,0,151
5779.0,46,23,0,0,69,0,151
5780.0,46,23,0,0,69,0,151
5781.0,46,23,0,0,69,0,151
5782.0,46,23,0,0,69,0,151
5783.0,46,23,0,0,69,0,151
5784.0,46,23,0,0,69,0,151
5785.0,46,23,0,0,69,0,151
5786.0,46,23,0,0,69,0,151
5787.0,46,23,0,0,69,0,151
5788.0,46,23,0,0,69,0,151
5789.0,46,23,0,0,69,0,151
5790.0,46,23,0,0,69,0,151
5791.0,46,23,0,0,69,0,151
5792.0,46,23,0,0,69,0,151
5793.0,46,23,0,0,69,0,151
5794.0,46,23,0,0,69,0,151
5795.0,46,23,0,0,69,0,151
5796.0,46,23,0,0,69,0,151
5797.0,46,23,0,0,69,0,151
5798.0,46,23,0,0,69,0,151
5799.0,46,23,0,0,69,0,151
5800.0,46,23,0,0,69,0,151
5801.0,46,23,0,0,69,0,151
5802.0,46,23,0,0,69,0,151
5803.0,46,23,0,0,69,0,151
5804.0,46,23,0,0,69,0,151
5805.0,46,23,0,0,69,0,151
5806.0,46,23,0,0,69,0,151
5807.0,46,23,0,0,69,0,151
5808.0,46,23,0,0,69,0,151
5809.0,46,23,0,0,69,0,151
5810.0,46,23,0,0,69,0,151
5811.0,46,23,0,0,69,0,151
5812.0,46,23,0,0,69,0,151
5813.0,46,23,0,0,69,0,151
5814.0,46,23,0,0,69,0,151
5815.0,46,23,0,0,69,0,151
5816.0,46,23,0,0,69,0,151
5817.0,46,23,0,0,69,0,151
5818.0,46,23,0,0,69,0,151
5819.0,46,23,0,0,69,0,151
5820.0,46,23,0,0,69,0,151
5821.0,46,23,0,0,69,0,151
5822.0,46,23,0,0,69,0,151
5823.0,46,23,0,0,69,0,151
5824.0,46,23,0,0,69,0,151
5825.0,46,23,0,0,69,0,151
5826.0,46,23,0,0,69,0,151
5827.0,46,23,0,0,69,0,151
5828.0,46,23,0,0,69,0,151
5829.0,46,23,0,0,69,0,151
5830.0,46,23,0,0,69,0,151
5831.0,46,23,0,0,69,0,151
5832.0,46,23,0,0,69,0,151
5833.0,46,23,0,0,69,0,151
5834.0,46,23,0,0,69,0,151
5835.0,46,23,0,0,69,0,151
5836.0,46,23,0,0,69,0,151
5837.0,46,23,0,0,69,0,151
5838.0,46,23,0,0,69,0,151
5839.0,46,23,0,0,69,0,151
5840.0,46,23,0,0,69,0,151
5841.0,46,23,0,0,69,0,151
5842.0,46,23,0,0,69,0,151
5843.0,46,23,0,0,69,0,151
5844.0,46,23,0,0,69,0,151
5845.0,46,23,0,0,69,0,151
5846.0,46,23,0,0,69,0,151
5847.0,46,23,0,0,69,0,151
5848.0,46,23,0,0,69,0,151
5849.0,46,23,0,0,69,0,151
5850.0,46,23,0,0,69,0,151
5851.0,46,23,0,0,69,0,151
5852.0,46,23,0,0,69,0,151
5853.0,46,23,0,0,69,0,151
5854.0,46,23,0,0,69,0,151
5855.0,46,23,0,0,69,0,151
5856.0,46,23,0,0,69,0,151
5857.0,46,23,0,0,69,0,151
5858.0,46,23,0,0,69,0,151
5859.0,46,23,0,0,69,0,151
5860.0,46,23,0,0,69,0,151
5861.0,46,23,0,0,69,0,151
5862.0,46,23,0,0,69,0,151
5863.0,46,23,0,0,69,0,151
5864.0,46,23,0,0,69,0,151
5865.0,46,23,0,0,69,0,151
5866.0,46,23,0,0,69,0,151
5867.0,46,23,0,0,69,0,151
5868.0,46,23,0,0,69,0,151
5869.0,46,23,0,0,69,0,151
5870.0,46,23,0,0,69,0,151
5871.0,46,23,0,0,69,0,151
5872.0,46,23,0,0,69,0,151
5873.0,46,23,0,0,69,0,151
5874.0,46,23,0,0,69,0,151
5875.0,46,23,0,0,69,0,151
5876.0,46,23,0,0,69,0,151
5877.0,46,23,0,0,69,0,151
5878.0,46,23,0,0,69,0,151
5879.0,46,23,0,0,69,0,151
5880.0,46,23,0,0,69,0,151
5881.0,46,23,0,0,69,0,151
5882.0,46,23,0,0,69,0,151
5883.0,46,23,0,0,69,0,151
5884.0,46,23,0,0,69,0,151
5885.0,46,23,0,0,69,0,151
5886.0,46,23,0,0,69,0,151
5887.0,46,23,0,0,69,0,151
5888.0,46,23,0,0,69,0,151
5889.0,46,23,0,0,69,0,151
5890.0,46,23,0,0,69,0,151
5891.0,46,23,0,0,69,0,151
5892.0,46,23,0,0,69,0,151
5893.0,46,23,0,0,69,0,151
5894.0,46,23,0,0,69,0,151
5895.0,46,23,0,0,69,0,151
5896.0,46,23,0,0,69,0,151
5897.0,46,23,0,0,69,0,151
5898.0,46,23,0,0,69,0,151
5899.0,46,23,0,0,69,0,151
5900.0,46,23,0,0,69,0,151
5901.0,46,23,0,0,69,0,151
5902.0,46,23,0,0,69,0,151
5903.0,46,23,0,0,69,0,151
5904.0,46,23,0,0,69,0,151
5905.0,46,23,0,0,69,0,151
5906.0,46,23,0,0,69,0,151
5907.0,46,23,0,0,69,0,151
5908.0,46,23,0,0,69,0,151
5909.0,46,23,0,0,69,0,151
5910.0,46,23,0,0,69,0,151
5911.0,46,23,0,0,69,0,151
5912.0,46,23,0,0,69,0,151
5913.0,46,23,0,0,69,0,151
5914.0,46,23,0,0,69,0,151
5915.0,46,23,0,0,69,0,151
5916.0,46,23,0,0,69,0,151
5917.0,46,23,0,0,69,0,151
5918.0,46,23,0,0,69,0,151
5919.0,46,23,0,0,69,0,151
5920.0,46,23,0,0,69,0,151
5921.0,46,23,0,0,69,0,151
5922.0,46,23,0,0,69,0,151
5923.0,46,23,0,0,69,0,151
5924.0,46,23,0,0,69,0,151
5925.0,46,23,0,0,69,0,151
5926.0,46,23,0,0,69,0,151
5927.0,46,23,0,0,69,0,151
5928.0,46,23,0,0,69,0,151
5929.0,46,23,0,0,69,0,151
5930.0,46,23,0,0,69,0,151
5931.0,46,23,0,0,69,0,151
5932.0,46,23,0,0,69,0,151
5933.0,46,23,0,0,69,0,151
5934.0,46,23,0,0,69,0,151
5935.0,46,23,0,0,69,0,151
5936.0,46,23,0,0,69,0,151
5937.0,46,23,0,0,69,0,151
5938.0,46,23,0,0,69,0,151
5939.0,46,23,0,0,69,0,151
5940.0,46,23,0,0,69,0,151
5941.0,46,23,0,0,69,0,151
5942.0,46,23,0,0,69,0,151
5943.0,46,23,0,0,69,0,151
5944.0,46,23,0,0,69,0,151
5945.0,46,23,0,0,69,0,151
5946.0,46,23,0,0,69,0,151
5947.0,46,23,0,0,69,0,151
5948.0,46,23,0,0,69,0,151
5949.0,46,23,0,0,69,0,151
5950.0,46,23,0,0,69,0,151
5951.0,46,23,0,0,69,0,151
5952.0,46,23,0,0,69,0,151
5953.0,46,23,0,0,69,0,151
5954.0,46,23,0,0,69,0,151
5955.0,46,23,0,0,69,0,151
5956.0,46,23,0,0,69,0,151
5957.0,46,23,0,0,69,0,151
5958.0,46,23,0,0,69,0,151
5959.0,46,23,0,0,69,0,151
5960.0,46,23,0,0,69,0,151
5961.0,46,23,0,0,69,0,151
5962.0,46,23,0,0,69,0,151
5963.0,46,23,0,0,69,0,151
5964.0,46,23,0,0,69,0,151
5965.0,46,23,0,0,69,0,151
5966.0,46,23,0,0,69,0,151
5967.0,46,23,0,0,69,0,151
5968.0,46,23,0,0,69,0,151
5969.0,46,23,0,0,69,0,151
5970.0,46,23,0,0,69,0,151
5971.0,46,23,0,0,69,0,151
5972.0,46,23,0,0,69,0,151
5973.0,46,23,0,0,69,0,151
5974.0,46,23,0,0,69,0,151
5975.0,46,23,0,0,69,0,151
5976.0,46,23,0,0,69,0,151
5977.0,46,23,0,0,69,0,151
5978.0,46,23,0,0,69,0,151
5979.0,46,23,0,0,69,0,151
5980.0,46,23,0,0,69,0,151
5981.0,46,23,0,0,69,0,151
5982.0,46,23,0,0,69,0,151
5983.0,46,23,0,0,69,0,151
5984.0,46,23,0,0,69,0,151
5985.0,46,23,0,0,69,0,151
5986.0,46,23,0,0,69,0,151
5987.0,46,23,0,0,69,0,151
5988.0,46,23,0,0,69,0,151
5989.0,46,23,0,0,69,0,151
5990.0,46,23,0,0,69,0,151
5991.0,46,23,0,0,69,0,151
5992.0,46,23,0,0,69,0,151
5993.0,46,23,0,0,69,0,151
5994.0,46,23,0,0,69,0,151
5995.0,46,23,0,0,69,0,151
5996.0,46,23,0,0,69,0,151
5997.0,46,23,0,0,69,0,151
5998.0,46,23,0,0,69,0,151
5999.0,46,23,0,0,69,0,151
6000.0,46,23,0,0,69,0,151
6001.0,46,23,0,0,69,0,151
6002.0,46,23,0,0,69,0,151
6003.0,46,23,0,0,69,0,151
6004.0,46,23,0,0,69,0,151
6005.0,46,23,0,0,69,0,151
6006.0,46,23,0,0,69,0,151
6007.0,46,23,0,0,69,0,151
6008.0,46,23,0,0,69,0,151
6009.0,46,23,0,0,69,0,151
6010.0,46,23,0,0,69,0,151
6011.0,46,23,0,0,69,0,151
6012.0,46,23,0,0,69,0,151
6013.0,46,23,0,0,69,0,151
6014.0,46,23,0,0,69,0,151
6015.0,46,23,0,0,69,0,151
6016.0,46,23,0,0,69,0,151
6017.0,46,23,0,0,69,0,151
6018.0,46,23,0,0,69,0,151
6019.0,46,23,0,0,69,0,151
6020.0,46,23,0,0,69,0,151
6021.0,46,23,0,0,69,0,151
6022.0,46,23,0,0,69,0,151
6023.0,46,23,0,0,69,0,151
6024.0,46,23,0,0,69,0,151
6025.0,46,23,0,0,69,0,151
6026.0,46,23,0,0,69,0,151
6027.0,46,23,0,0,69,0,151
6028.0,46,23,0,0,69,0,151
6029.0,46,23,0,0,69,0,151
6030.0,46,23,0,0,69,0,151
6031.0,46,23,0,0,69,0,151
6032.0,46,23,0,0,69,0,151
6033.0,46,23,0,0,69,0,151
6034.0,46,23,0,0,69,0,151
6035.0,46,23,0,0,69,0,151
6036.0,46,23,0,0,69,0,151
6037.0,46,23,0,0,69,0,151
6038.0,46,23,0,0,69,0,151
6039.0,46,23,0,0,69,0,151
6040.0,46,23,0,0,69,0,151
6041.0,46,23,0,0,69,0,151
6042.0,46,23,0,0,69,0,151
6043.0,46,23,0,0,69,0,151
6044.0,46,23,0,0,69,0,151
6045.0,46,23,0,0,69,0,151
6046.0,46,23,0,0,69,0,151
6047.0,46,23,0,0,69,0,151
6048.0,46,23,0,0,69,0,151
6049.0,46,23,0,0,69,0,151
6050.0,46,23,0,0,69,0,151
6051.0,46,23,0,0,69,0,151
6052.0,46,23,0,0,69,0,151
6053.0,46,23,0,0,69,0,151
6054.0,46,23,0,0,69,0,151
6055.0,46,23,0,0,69,0,151
6056.0,46,23,0,0,69,0,151
6057.0,46,23,0,0,69,0,151
6058.0,46,23,0,0,69,0,151
6059.0,46,23,0,0,69,0,151
6060.0,46,23,0,0,69,0,151
6061.0,46,23,0,0,69,0,151
6062.0,46,23,0,0,69,0,151
6063.0,46,23,0,0,69,0,151
6064.0,46,23,0,0,69,0,151
6065.0,46,23,0,0,69,0,151
6066.0,46,23,0,0,69,0,151
6067.0,46,23,0,0,69,0,151
6068.0,46,23,0,0,69,0,151
6069.0,46,23,0,0,69,0,151
6070.0,46,23,0,0,69,0,151
6071.0,46,23,0,0,69,0,151
6072.0,46,23,0,0,69,0,151
6073.0,46,23,0,0,69,0,151
6074.0,46,23,0,0,69,0,151
6075.0,46,23,0,0,69,0,151
6076.0,46,23,0,0,69,0,151
6077.0,46,23,0,0,69,0,151
6078.0,46,23,0,0,69,0,151
6079.0,46,23,0,0,69,0,151
6080.0,46,23,0,0,69,0,151
6081.0,46,23,0,0,69,0,151
6082.0,46,23,0,0,69,0,151
6083.0,46,23,0,0,69,0,151
6084.0,46,23,0,0,69,0,151
6085.0,46,23,0,0,69,0,151
6086.0,46,23,0,0,69,0,151
6087.0,46,23,0,0,69,0,151
6088.0,46,23,0,0,69,0,151
6089.0,46,23,0,0,69,0,151
6090.0,46,23,0,0,69,0,151
6091.0,46,23,0,0,69,0,151
6092.0,46,23,0,0,69,0,151
6093.0,46,23,0,0,69,0,151
6094.0,46,23,0,0,69,0,151
6095.0,46,23,0,0,69,0,151
6096.0,46,23,0,0,69,0,151
6097.0,46,23,0,0,69,0,151
6098.0,46,23,0,0,69,0,151
6099.0,46,23,0,0,69,0,151
6100.0,46,23,0,0,69,0,151
6101.0,46,23,0,0,69,0,151
6102.0,46,23,0,0,69,0,151
6103.0,46,23,0,0,69,0,151
6104.0,46,23,0,0,69,0,151
6105.0,46,23,0,0,69,0,151
6106.0,46,23,0,0,69,0,151
6107.0,46,23,0,0,69,0,151
6108.0,46,23,0,0,69,0,151
6109.0,46,23,0,0,69,0,151
6110.0,46,23,0,0,69,0,151
6111.0,46,23,0,0,69,0,151
6112.0,46,23,0,0,69,0,151
6113.0,46,23,0,0,69,0,151
6114.0,46,23,0,0,69,0,151
6115.0,46,23,0,0,69,0,151
6116.0,46,23,0,0,69,0,151
6117.0,46,23,0,0,69,0,151
6118.0,46,23,0,0,69,0,151
6119.0,46,23,0,0,69,0,151
6120.0,46,23,0,0,69,0,151
6121.0,46,23,0,0,69,0,151
6122.0,46,23,0,0,69,0,151
6123.0,46,23,0,0,69,0,151
6124.0,46,23,0,0,69,0,151
6125.0,46,23,0,0,69,0,151
6126.0,46,23,0,0,69,0,151
6127.0,46,23,0,0,69,0,151
6128.0,46,23,0,0,69,0,151
6129.0,46,23,0,0,69,0,151
6130.0,46,23,0,0,69,0,151
6131.0,46,23,0,0,69,0,151
6132.0,46,23,0,0,69,0,151
6133.0,46,23,0,0,69,0,151
6134.0,46,23,0,0,69,0,151
6135.0,46,23,0,0,69,0,151
6136.0,46,23,0,0,69,0,151
6137.0,46,23,0,0,69,0,151
6138.0,46,23,0,0,69,0,151
6139.0,46,23,0,0,69,0,151
6140.0,46,23,0,0,69,0,151
6141.0,46,23,0,0,69,0,151
6142.0,46,23,0,0,69,0,151
6143.0,46,23,0,0,69,0,151
6144.0,46,23,0,0,69,0,151
6145.0,46,23,0,0,69,0,151
6146.0,46,23,0,0,69,0,151
6147.0,46,23,0,0,69,0,151
6148.0,46,23,0,0,69,0,151
6149.0,46,23,0,0,69,0,151
6150.0,46,23,0,0,69,0,151
6151.0,46,23,0,0,69,0,151
6152.0,46,23,0,0,69,0,151
6153.0,46,23,0,0,69,0,151
6154.0,46,23,0,0,69,0,151
6155.0,46,23,0,0,69,0,151
6156.0,46,23,0,0,69,0,151
6157.0,46,23,0,0,69,0,151
6158.0,46,23,0,0,69,0,151
6159.0,46,23,0,0,69,0,151
6160.0,46,23,0,0,69,0,151
6161.0,46,23,0,0,69,0,151
6162.0,46,23,0,0,69,0,151
6163.0,46,23,0,0,69,0,151
6164.0,46,23,0,0,69,0,151
6165.0,46,23,0,0,69,0,151
6166.0,46,23,0,0,69,0,151
6167.0,46,23,0,0,69,0,151
6168.0,46,23,0,0,69,0,151
6169.0,46,23,0,0,69,0,151
6170.0,46,23,0,0,69,0,151
6171.0,46,23,0,0,69,0,151
6172.0,46,23,0,0,69,0,151
6173.0,46,23,0,0,69,0,151
6174.0,46,23,0,0,69,0,151
6175.0,46,23,0,0,69,0,151
6176.0,46,23,0,0,69,0,151
6177.0,46,23,0,0,69,0,151
6178.0,46,23,0,0,69,0,151
6179.0,46,23,0,0,69,0,151
6180.0,46,23,0,0,69,0,151
6181.0,46,23,0,0,69,0,151
6182.0,46,23,0,0,69,0,151
6183.0,46,23,0,0,69,0,151
6184.0,46,23,0,0,69,0,151
6185.0,46,23,0,0,69,0,151
6186.0,46,23,0,0,69,0,151
6187.0,46,23,0,0,69,0,151
6188.0,46,23,0,0,69,0,151
6189.0,46,23,0,0,69,0,151
6190.0,46,23,0,0,69,0,151
6191.0,46,23,0,0,69,0,151
6192.0,46,23,0,0,69,0,151
6193.0,46,23,0,0,69,0,151
6194.0,46,23,0,0,69,0,151
6195.0,46,23,0,0,69,0,151
6196.0,46,23,0,0,69,0,151
6197.0,46,23,0,0,69,0,151
6198.0,46,23,0,0,69,0,151
6199.0,46,23,0,0,69,0,151
6200.0,46,23,0,0,69,0,151
6201.0,46,23,0,0,69,0,151
6202.0,46,23,0,0,69,0,151
6203.0,46,23,0,0,69,0,151
6204.0,46,23,0,0,69,0,151
6205.0,46,23,0,0,69,0,151
6206.0,46,23,0,0,69,0,151
6207.0,46,23,0,0,69,0,151
6208.0,46,23,0,0,69,0,151
6209.0,46,23,0,0,69,0,151
6210.0,46,23,0,0,69,0,151
6211.0,46,23,0,0,69,0,151
6212.0,46,23,0,0,69,0,151
6213.0,46,23,0,0,69,0,151
6214.0,46,23,0,0,69,0,151
6215.0,46,23,0,0,69,0,151
6216.0,46,23,0,0,69,0,151
6217.0,46,23,0,0,69,0,151
6218.0,46,23,0,0,69,0,151
6219.0,46,23,0,0,69,0,151
6220.0,46,23,0,0,69,0,151
6221.0,46,23,0,0,69,0,151
6222.0,46,23,0,0,69,0,151
6223.0,46,23,0,0,69,0,151
6224.0,46,23,0,0,69,0,151
6225.0,46,23,0,0,69,0,151
6226.0,46,23,0,0,69,0,151
6227.0,46,23,0,0,69,0,151
6228.0,46,23,0,0,69,0,151
6229.0,46,23,0,0,69,0,151
6230.0,46,23,0,0,69,0,151
6231.0,46,23,0,0,69,0,151
6232.0,46,23,0,0,69,0,151
6233.0,46,23,0,0,69,0,151
6234.0,46,23,0,0,69,0,151
6235.0,46,23,0,0,69,0,151
6236.0,46,23,0,0,69,0,151
6237.0,46,23,0,0,69,0,151
6238.0,46,23,0,0,69,0,151
6239.0,46,23,0,0,69,0,151
6240.0,46,23,0,0,69,0,151
6241.0,46,23,0,0,69,0,151
6242.0,46,23,0,0,69,0,151
6243.0,46,23,0,0,69,0,151
6244.0,46,23,0,0,69,0,151
6245.0,46,23,0,0,69,0,151
6246.0,46,23,0,0,69,0,151
6247.0,46,23,0,0,69,0,151
6248.0,46,23,0,0,69,0,151
6249.0,46,23,0,0,69,0,151
6250.0,46,23,0,0,69,0,151
6251.0,46,23,0,0,69,0,151
6252.0,46,23,0,0,69,0,151
6253.0,46,23,0,0,69,0,151
6254.0,46,23,0,0,69,0,151
6255.0,46,23,0,0,69,0,151
6256.0,46,23,0,0,69,0,151
6257.0,46,23,0,0,69,0,151
6258.0,46,23,0,0,69,0,151
6259.0,46,23,0,0,69,0,151
6260.0,46,23,0,0,69,0,151
6261.0,46,23,0,0,69,0,151
6262.0,46,23,0,0,69,0,151
6263.0,46,23,0,0,69,0,151
6264.0,46,23,0,0,69,0,151
6265.0,46,23,0,0,69,0,151
6266.0,46,23,0,0,69,0,151
6267.0,46,23,0,0,69,0,151
6268.0,46,23,0,0,69,0,151
6269.0,46,23,0,0,69,0,151
6270.0,46,23,0,0,69,0,151
6271.0,46,23,0,0,69,0,151
6272.0,46,23,0,0,69,0,151
6273.0,46,23,0,0,69,0,151
6274.0,46,23,0,0,69,0,151
6275.0,46,23,0,0,69,0,151
6276.0,46,23,0,0,69,0,151
6277.0,46,23,0,0,69,0,151
6278.0,46,23,0,0,69,0,151
6279.0,46,23,0,0,69,0,151
6280.0,46,23,0,0,69,0,151
6281.0,46,23,0,0,69,0,151
6282.0,46,23,0,0,69,0,151
6283.0,46,23,0,0,69,0,151
6284.0,46,23,0,0,69,0,151
6285.0,46,23,0,0,69,0,151
6286.0,46,23,0,0,69,0,151
6287.0,46,23,0,0,69,0,151
6288.0,46,23,0,0,69,0,151
6289.0,46,23,0,0,69,0,151
6290.0,46,23,0,0,69,0,151
6291.0,46,23,0,0,69,0,151
6292.0,46,23,0,0,69,0,151
6293.0,46,23,0,0,69,0,151
6294.0,46,23,0,0,69,0,151
6295.0,46,23,0,0,69,0,151
6296.0,46,23,0,0,69,0,151
6297.0,46,23,0,0,69,0,151
6298.0,46,23,0,0,69,0,151
6299.0,46,23,0,0,69,0,151
6300.0,46,23,0,0,69,0,151
6301.0,46,23,0,0,69,0,151
6302.0,46,23,0,0,69,0,151
6303.0,46,23,0,0,69,0,151
6304.0,46,23,0,0,69,0,151
6305.0,46,23,0,0,69,0,151
6306.0,46,23,0,0,69,0,151
6307.0,46,23,0,0,69,0,151
6308.0,46,23,0,0,69,0,151
6309.0,46,23,0,0,69,0,151
6310.0,46,23,0,0,69,0,151
6311.0,46,23,0,0,69,0,151
6312.0,46,23,0,0,69,0,151
6313.0,46,23,0,0,69,0,151
6314.0,46,23,0,0,69,0,151
6315.0,46,23,0,0,69,0,151
6316.0,46,23,0,0,69,0,151
6317.0,46,23,0,0,69,0,151
6318.0,46,23,0,0,69,0,151
6319.0,46,23,0,0,69,0,151
6320.0,46,23,0,0,69,0,151
6321.0,46,23,0,0,69,0,151
6322.0,46,23,0,0,69,0,151
6323.0,46,23,0,0,69,0,151
6324.0,46,23,0,0,69,0,151
6325.0,46,23,0,0,69,0,151
6326.0,46,23,0,0,69,0,151
6327.0,46,23,0,0,69,0,151
6328.0,46,23,0,0,69,0,151
6329.0,46,23,0,0,69,0,151
6330.0,46,23,0,0,69,0,151
6331.0,46,23,0,0,69,0,151
6332.0,46,23,0,0,69,0,151
6333.0,46,23,0,0,69,0,151
6334.0,46,23,0,0,69,0,151
6335.0,46,23,0,0,69,0,151
6336.0,46,23,0,0,69,0,151
6337.0,46,23,0,0,69,0,151
6338.0,46,23,0,0,69,0,151
6339.0,46,23,0,0,69,0,151
6340.0,46,23,0,0,69,0,151
6341.0,46,23,0,0,69,0,151
6342.0,46,23,0,0,69,0,151
6343.0,46,23,0,0,69,0,151
6344.0,46,23,0,0,69,0,151
6345.0,46,23,0,0,69,0,151
6346.0,46,23,0,0,69,0,151
6347.0,46,23,0,0,69,0,151
6348.0,46,23,0,0,69,0,151
6349.0,46,23,0,0,69,0,151
6350.0,46,23,0,0,69,0,151
6351.0,46,23,0,0,69,0,151
6352.0,46,23,0,0,69,0,151
6353.0,46,23,0,0,69,0,151
6354.0,46,23,0,0,69,0,151
6355.0,46,23,0,0,69,0,151
6356.0,46,23,0,0,69,0,151
6357.0,46,23,0,0,69,0,151
6358.0,46,23,0,0,69,0,151
6359.0,46,23,0,0,69,0,151
6360.0,46,23,0,0,69,0,151
6361.0,46,23,0,0,69,0,151
6362.0,46,23,0,0,69,0,151
6363.0,46,23,0,0,69,0,151
6364.0,46,23,0,0,69,0,151
6365.0,46,23,0,0,69,0,151
6366.0,46,23,0,0,69,0,151
6367.0,46,23,0,0,69,0,151
6368.0,46,23,0,0,69,0,151
6369.0,46,23,0,0,69,0,151
6370.0,46,23,0,0,69,0,151
6371.0,46,23,0,0,69,0,151
6372.0,46,23,0,0,69,0,151
6373.0,46,23,0,0,69,0,151
6374.0,46,23,0,0,69,0,151
6375.0,46,23,0,0,69,0,151
6376.0,46,23,0,0,69,0,151
6377.0,46,23,0,0,69,0,151
6378.0,46,23,0,0,69,0,151
6379.0,46,23,0,0,69,0,151
6380.0,46,23,0,0,69,0,151
6381.0,46,23,0,0,69,0,151
6382.0,46,23,0,0,69,0,151
6383.0,46,23,0,0,69,0,151
6384.0,46,23,0,0,69,0,151
6385.0,46,23,0,0,69,0,151
6386.0,46,23,0,0,69,0,151
6387.0,46,23,0,0,69,0,151
6388.0,46,23,0,0,69,0,151
6389.0,46,23,0,0,69,0,151
6390.0,46,23,0,0,69,0,151
6391.0,46,23,0,0,69,0,151
6392.0,46,23,0,0,69,0,151
6393.0,46,23,0,0,69,0,151
6394.0,46,23,0,0,69,0,151
6395.0,46,23,0,0,69,0,151
6396.0,46,23,0,0,69,0,151
6397.0,46,23,0,0,69,0,151
6398.0,46,23,0,0,69,0,151
6399.0,46,23,0,0,69,0,151
6400.0,46,23,0,0,69,0,151
6401.0,46,23,0,0,69,0,151
6402.0,46,23,0,0,69,0,151
6403.0,46,23,0,0,69,0,151
6404.0,46,23,0,0,69,0,151
6405.0,46,23,0,0,69,0,151
6406.0,46,23,0,0,69,0,151
6407.0,46,23,0,0,69,0,151
6408.0,46,23,0,0,69,0,151
6409.0,46,23,0,0,69,0,151
6410.0,46,23,0,0,69,0,151
6411.0,46,23,0,0,69,0,151
6412.0,46,23,0,0,69,0,151
6413.0,46,23,0,0,69,0,151
6414.0,46,23,0,0,69,0,151
6415.0,46,23,0,0,69,0,151
6416.0,46,23,0,0,69,0,151
6417.0,46,23,0,0,69,0,151
6418.0,46,23,0,0,69,0,151
6419.0,46,23,0,0,69,0,151
6420.0,46,23,0,0,69,0,151
6421.0,46,23,0,0,69,0,151
6422.0,46,23,0,0,69,0,151
6423.0,46,23,0,0,69,0,151
6424.0,46,23,0,0,69,0,151
6425.0,46,23,0,0,69,0,151
6426.0,46,23,0,0,69,0,151
6427.0,46,23,0,0,69,0,151
6428.0,46,23,0,0,69,0,151
6429.0,46,23,0,0,69,0,151
6430.0,46,23,0,0,69,0,151
6431.0,46,23,0,0,69,0,151
6432.0,46,23,0,0,69,0,151
6433.0,46,23,0,0,69,0,151
6434.0,46,23,0,0,69,0,151
6435.0,46,23,0,0,69,0,151
6436.0,46,23,0,0,69,0,151
6437.0,46,23,0,0,69,0,151
6438.0,46,23,0,0,69,0,151
6439.0,46,23,0,0,69,0,151
6440.0,46,23,0,0,69,0,151
6441.0,46,23,0,0,69,0,151
6442.0,46,23,0,0,69,0,151
6443.0,46,23,0,0,69,0,151
6444.0,46,23,0,0,69,0,151
6445.0,46,23,0,0,69,0,151
6446.0,46,23,0,0,69,0,151
6447.0,46,23,0,0,69,0,151
6448.0,46,23,0,0,69,0,151
6449.0,46,23,0,0,69,0,151
6450.0,46,23,0,0,69,0,151
6451.0,46,23,0,0,69,0,151
6452.0,46,23,0,0,69,0,151
6453.0,46,23,0,0,69,0,151
6454.0,46,23,0,0,69,0,151
6455.0,46,23,0,0,69,0,151
6456.0,46,23,0,0,69,0,151
6457.0,46,23,0,0,69,0,151
6458.0,46,23,0,0,69,0,151
6459.0,46,23,0,0,69,0,151
6460.0,46,23,0,0,69,0,151
6461.0,46,23,0,0,69,0,151
6462.0,46,23,0,0,69,0,151
6463.0,46,23,0,0,69,0,151
6464.0,46,23,0,0,69,0,151
6465.0,46,23,0,0,69,0,151
6466.0,46,23,0,0,69,0,151
6467.0,46,23,0,0,69,0,151
6468.0,46,23,0,0,69,0,151
6469.0,46,23,0,0,69,0,151
6470.0,46,23,0,0,69,0,151
6471.0,46,23,0,0,69,0,151
6472.0,46,23,0,0,69,0,151
6473.0,46,23,0,0,69,0,151
6474.0,46,23,0,0,69,0,151
6475.0,46,23,0,0,69,0,151
6476.0,46,23,0,0,69,0,151
6477.0,46,23,0,0,69,0,151
6478.0,46,23,0,0,69,0,151
6479.0,46,23,0,0,69,0,151
6480.0,46,23,0,0,69,0,151
6481.0,46,23,0,0,69,0,151
6482.0,46,23,0,0,69,0,151
6483.0,46,23,0,0,69,0,151
6484.0,46,23,0,0,69,0,151
6485.0,46,23,0,0,69,0,151
6486.0,46,23,0,0,69,0,151
6487.0,46,23,0,0,69,0,151
6488.0,46,23,0,0,69,0,151
6489.0,46,23,0,0,69,0,151
6490.0,46,23,0,0,69,0,151
6491.0,46,23,0,0,69,0,151
6492.0,46,23,0,0,69,0,151
6493.0,46,23,0,0,69,0,151
6494.0,46,23,0,0,69,0,151
6495.0,46,23,0,0,69,0,151
6496.0,46,23,0,0,69,0,151
6497.0,46,23,0,0,69,0,151
6498.0,46,23,0,0,69,0,151
6499.0,46,23,0,0,69,0,151
6500.0,46,23,0,0,69,0,151
6501.0,46,23,0,0,69,0,151
6502.0,46,23,0,0,69,0,151
6503.0,46,23,0,0,69,0,151
6504.0,46,23,0,0,69,0,151
6505.0,46,23,0,0,69,0,151
6506.0,46,23,0,0,69,0,151
6507.0,46,23,0,0,69,0,151
6508.0,46,23,0,0,69,0,151
6509.0,46,23,0,0,69,0,151
6510.0,46,23,0,0,69,0,151
6511.0,46,23,0,0,69,0,151
6512.0,46,23,0,0,69,0,151
6513.0,46,23,0,0,69,0,151
6514.0,46,23,0,0,69,0,151
6515.0,46,23,0,0,69,0,151
6516.0,46,23,0,0,69,0,151
6517.0,46,23,0,0,69,0,151
6518.0,46,23,0,0,69,0,151
6519.0,46,23,0,0,69,0,151
6520.0,46,23,0,0,69,0,151
6521.0,46,23,0,0,69,0,151
6522.0,46,23,0,0,69,0,151
6523.0,46,23,0,0,69,0,151
6524.0,46,23,0,0,69,0,151
6525.0,46,23,0,0,69,0,151
6526.0,46,23,0,0,69,0,151
6527.0,46,23,0,0,69,0,151
6528.0,46,23,0,0,69,0,151
6529.0,46,23,0,0,69,0,151
6530.0,46,23,0,0,69,0,151
6531.0,46,23,0,0,69,0,151
6532.0,46,23,0,0,69,0,151
6533.0,46,23,0,0,69,0,151
6534.0,46,23,0,0,69,0,151
6535.0,46,23,0,0,69,0,151
6536.0,46,23,0,0,69,0,151
6537.0,46,23,0,0,69,0,151
6538.0,46,23,0,0,69,0,151
6539.0,46,23,0,0,69,0,151
6540.0,46,23,0,0,69,0,151
6541.0,46,23,0,0,69,0,151
6542.0,46,23,0,0,69,0,151
6543.0,46,23,0,0,69,0,151
6544.0,46,23,0,0,69,0,151
6545.0,46,23,0,0,69,0,151
6546.0,46,23,0,0,69,0,151
6547.0,46,23,0,0,69,0,151
6548.0,46,23,0,0,69,0,151
6549.0,46,23,0,0,69,0,151
6550.0,46,23,0,0,69,0,151
6551.0,46,23,0,0,69,0,151
6552.0,46,23,0,0,69,0,151
6553.0,46,23,0,0,69,0,151
6554.0,46,23,0,0,69,0,151
6555.0,46,23,0,0,69,0,151
6556.0,46,23,0,0,69,0,151
6557.0,46,23,0,0,69,0,151
6558.0,46,23,0,0,69,0,151
6559.0,46,23,0,0,69,0,151
6560.0,46,23,0,0,69,0,151
6561.0,46,23,0,0,69,0,151
6562.0,46,23,0,0,69,0,151
6563.0,46,23,0,0,69,0,151
6564.0,46,23,0,0,69,0,151
6565.0,46,23,0,0,69,0,151
6566.0,46,23,0,0,69,0,151
6567.0,46,23,0,0,69,0,151
6568.0,46,23,0,0,69,0,151
6569.0,46,23,0,0,69,0,151
6570.0,46,23,0,0,69,0,151
6571.0,46,23,0,0,69,0,151
6572.0,46,23,0,0,69,0,151
6573.0,46,23,0,0,69,0,151
6574.0,46,23,0,0,69,0,151
6575.0,46,23,0,0,69,0,151
6576.0,46,23,0,0,69,0,151
6577.0,46,23,0,0,69,0,151
6578.0,46,23,0,0,69,0,151
6579.0,46,23,0,0,69,0,151
6580.0,46,23,0,0,69,0,151
6581.0,46,23,0,0,69,0,151
6582.0,46,23,0,0,69,0,151
6583.0,46,23,0,0,69,0,151
6584.0,46,23,0,0,69,0,151
6585.0,46,23,0,0,69,0,151
6586.0,46,23,0,0,69,0,151
6587.0,46,23,0,0,69,0,151
6588.0,46,23,0,0,69,0,151
6589.0,46,23,0,0,69,0,151
6590.0,46,23,0,0,69,0,151
6591.0,46,23,0,0,69,0,151
6592.0,46,23,0,0,69,0,151
6593.0,46,23,0,0,69,0,151
6594.0,46,23,0,0,69,0,151
6595.0,46,23,0,0,69,0,151
6596.0,46,23,0,0,69,0,151
6597.0,46,23,0,0,69,0,151
6598.0,46,23,0,0,69,0,151
6599.0,46,23,0,0,69,0,151
6600.0,46,23,0,0,69,0,151
6601.0,46,23,0,0,69,0,151
6602.0,46,23,0,0,69,0,151
6603.0,46,23,0,0,69,0,151
6604.0,46,23,0,0,69,0,151
6605.0,46,23,0,0,69,0,151
6606.0,46,23,0,0,69,0,151
6607.0,46,23,0,0,69,0,151
6608.0,46,23,0,0,69,0,151
6609.0,46,23,0,0,69,0,151
6610.0,46,23,0,0,69,0,151
6611.0,46,23,0,0,69,0,151
6612.0,46,23,0,0,69,0,151
6613.0,46,23,0,0,69,0,151
6614.0,46,23,0,0,69,0,151
6615.0,46,23,0,0,69,0,151
6616.0,46,23,0,0,69,0,151
6617.0,46,23,0,0,69,0,151
6618.0,46,23,0,0,69,0,151
6619.0,46,23,0,0,69,0,151
6620.0,46,23,0,0,69,0,151
6621.0,46,23,0,0,69,0,151
6622.0,46,23,0,0,69,0,151
6623.0,46,23,0,0,69,0,151
6624.0,46,23,0,0,69,0,151
6625.0,46,23,0,0,69,0,151
6626.0,46,23,0,0,69,0,151
6627.0,46,23,0,0,69,0,151
6628.0,46,23,0,0,69,0,151
6629.0,46,23,0,0,69,0,151
6630.0,46,23,0,0,69,0,151
6631.0,46,23,0,0,69,0,151
6632.0,46,23,0,0,69,0,151
6633.0,46,23,0,0,69,0,151
6634.0,46,23,0,0,69,0,151
6635.0,46,23,0,0,69,0,151
6636.0,46,23,0,0,69,0,151
6637.0,46,23,0,0,69,0,151
6638.0,46,23,0,0,69,0,151
6639.0,46,23,0,0,69,0,151
6640.0,46,23,0,0,69,0,151
6641.0,46,23,0,0,69,0,151
6642.0,46,23,0,0,69,0,151
6643.0,46,23,0,0,69,0,151
6644.0,46,23,0,0,69,0,151
6645.0,46,23,0,0,69,0,151
6646.0,46,23,0,0,69,0,151
6647.0,46,23,0,0,69,0,151
6648.0,46,23,0,0,69,0,151
6649.0,46,23,0,0,69,0,151
6650.0,46,23,0,0,69,0,151
6651.0,46,23,0,0,69,0,151
6652.0,46,23,0,0,69,0,151
6653.0,46,23,0,0,69,0,151
6654.0,46,23,0,0,69,0,151
6655.0,46,23,0,0,69,0,151
6656.0,46,23,0,0,69,0,151
6657.0,46,23,0,0,69,0,151
6658.0,46,23,0,0,69,0,151
6659.0,46,23,0,0,69,0,151
6660.0,46,23,0,0,69,0,151
6661.0,46,23,0,0,69,0,151
6662.0,46,23,0,0,69,0,151
6663.0,46,23,0,0,69,0,151
6664.0,46,23,0,0,69,0,151
6665.0,46,23,0,0,69,0,151
6666.0,46,23,0,0,69,0,151
6667.0,46,23,0,0,69,0,151
6668.0,46,23,0,0,69,0,151
6669.0,46,23,0,0,69,0,151
6670.0,46,23,0,0,69,0,151
6671.0,46,23,0,0,69,0,151
6672.0,46,23,0,0,69,0,151
6673.0,46,23,0,0,69,0,151
6674.0,46,23,0,0,69,0,151
6675.0,46,23,0,0,69,0,151
6676.0,46,23,0,0,69,0,151
6677.0,46,23,0,0,69,0,151
6678.0,46,23,0,0,69,0,151
6679.0,46,23,0,0,69,0,151
6680.0,46,23,0,0,69,0,151
6681.0,46,23,0,0,69,0,151
6682.0,46,23,0,0,69,0,151
6683.0,46,23,0,0,69,0,151
6684.0,46,23,0,0,69,0,151
6685.0,46,23,0,0,69,0,151
6686.0,46,23,0,0,69,0,151
6687.0,46,23,0,0,69,0,151
6688.0,46,23,0,0,69,0,151
6689.0,46,23,0,0,69,0,151
6690.0,46,23,0,0,69,0,151
6691.0,46,23,0,0,69,0,151
6692.0,46,23,0,0,69,0,151
6693.0,46,23,0,0,69,0,151
6694.0,46,23,0,0,69,0,151
6695.0,46,23,0,0,69,0,151
6696.0,46,23,0,0,69,0,151
6697.0,46,23,0,0,69,0,151
6698.0,46,23,0,0,69,0,151
6699.0,46,23,0,0,69,0,151
6700.0,46,23,0,0,69,0,151
6701.0,46,23,0,0,69,0,151
6702.0,46,23,0,0,69,0,151
6703.0,46,23,0,0,69,0,151
6704.0,46,23,0,0,69,0,151
6705.0,46,23,0,0,69,0,151
6706.0,46,23,0,0,69,0,151
6707.0,46,23,0,0,69,0,151
6708.0,46,23,0,0,69,0,151
6709.0,46,23,0,0,69,0,151
6710.0,46,23,0,0,69,0,151
6711.0,46,23,0,0,69,0,151
6712.0,46,23,0,0,69,0,151
6713.0,46,23,0,0,69,0,151
6714.0,46,23,0,0,69,0,151
6715.0,46,23,0,0,69,0,151
6716.0,46,23,0,0,69,0,151
6717.0,46,23,0,0,69,0,151
6718.0,46,23,0,0,69,0,151
6719.0,46,23,0,0,69,0,151
6720.0,46,23,0,0,69,0,151
6721.0,46,23,0,0,69,0,151
6722.0,46,23,0,0,69,0,151
6723.0,46,23,0,0,69,0,151
6724.0,46,23,0,0,69,0,151
6725.0,46,23,0,0,69,0,151
6726.0,46,23,0,0,69,0,151
6727.0,46,23,0,0,69,0,151
6728.0,46,23,0,0,69,0,151
6729.0,46,23,0,0,69,0,151
6730.0,46,23,0,0,69,0,151
6731.0,46,23,0,0,69,0,151
6732.0,46,23,0,0,69,0,151
6733.0,46,23,0,0,69,0,151
6734.0,46,23,0,0,69,0,151
6735.0,46,23,0,0,69,0,151
6736.0,46,23,0,0,69,0,151
6737.0,46,23,0,0,69,0,151
6738.0,46,23,0,0,69,0,151
6739.0,46,23,0,0,69,0,151
6740.0,46,23,0,0,69,0,151
6741.0,46,23,0,0,69,0,151
6742.0,46,23,0,0,69,0,151
6743.0,46,23,0,0,69,0,151
6744.0,46,23,0,0,69,0,151
6745.0,46,23,0,0,69,0,151
6746.0,46,23,0,0,69,0,151
6747.0,46,23,0,0,69,0,151
6748.0,46,23,0,0,69,0,151
6749.0,46,23,0,0,69,0,151
6750.0,46,23,0,0,69,0,151
6751.0,46,23,0,0,69,0,151
6752.0,46,23,0,0,69,0,151
6753.0,46,23,0,0,69,0,151
6754.0,46,23,0,0,69,0,151
6755.0,46,23,0,0,69,0,151
6756.0,46,23,0,0,69,0,151
6757.0,46,23,0,0,69,0,151
6758.0,46,23,0,0,69,0,151
6759.0,46,23,0,0,69,0,151
6760.0,46,23,0,0,69,0,151
6761.0,46,23,0,0,69,0,151
6762.0,46,23,0,0,69,0,151
6763.0,46,23,0,0,69,0,151
6764.0,46,23,0,0,69,0,151
6765.0,46,23,0,0,69,0,151
6766.0,46,23,0,0,69,0,151
6767.0,46,23,0,0,69,0,151
6768.0,46,23,0,0,69,0,151
6769.0,46,23,0,0,69,0,151
6770.0,46,23,0,0,69,0,151
6771.0,46,23,0,0,69,0,151
6772.0,46,23,0,0,69,0,151
6773.0,46,23,0,0,69,0,151
6774.0,46,23,0,0,69,0,151
6775.0,46,23,0,0,69,0,151
6776.0,46,23,0,0,69,0,151
6777.0,46,23,0,0,69,0,151
6778.0,46,23,0,0,69,0,151
6779.0,46,23,0,0,69,0,151
6780.0,46,23,0,0,69,0,151
6781.0,46,23,0,0,69,0,151
6782.0,46,23,0,0,69,0,151
6783.0,46,23,0,0,69,0,151
6784.0,46,23,0,0,69,0,151
6785.0,46,23,0,0,69,0,151
6786.0,46,23,0,0,69,0,151
6787.0,46,23,0,0,69,0,151
6788.0,46,23,0,0,69,0,151
6789.0,46,23,0,0,69,0,151
6790.0,46,23,0,0,69,0,151
6791.0,46,23,0,0,69,0,151
6792.0,46,23,0,0,69,0,151
6793.0,46,23,0,0,69,0,151
6794.0,46,23,0,0,69,0,151
6795.0,46,23,0,0,69,0,151
6796.0,46,23,0,0,69,0,151
6797.0,46,23,0,0,69,0,151
6798.0,46,23,0,0,69,0,151
6799.0,46,23,0,0,69,0,151
6800.0,46,23,0,0,69,0,151
6801.0,46,23,0,0,69,0,151
6802.0,46,23,0,0,69,0,151
6803.0,46,23,0,0,69,0,151
6804.0,46,23,0,0,69,0,151
6805.0,46,23,0,0,69,0,151
6806.0,46,23,0,0,69,0,151
6807.0,46,23,0,0,69,0,151
6808.0,46,23,0,0,69,0,151
6809.0,46,23,0,0,69,0,151
6810.0,46,23,0,0,69,0,151
6811.0,46,23,0,0,69,0,151
6812.0,46,23,0,0,69,0,151
6813.0,46,23,0,0,69,0,151
6814.0,46,23,0,0,69,0,151
6815.0,46,23,0,0,69,0,151
6816.0,46,23,0,0,69,0,151
6817.0,46,23,0,0,69,0,151
6818.0,46,23,0,0,69,0,151
6819.0,46,23,0,0,69,0,151
6820.0,46,23,0,0,69,0,151
6821.0,46,23,0,0,69,0,151
6822.0,46,23,0,0,69,0,151
6823.0,46,23,0,0,69,0,151
6824.0,46,23,0,0,69,0,151
6825.0,46,23,0,0,69,0,151
6826.0,46,23,0,0,69,0,151
6827.0,46,23,0,0,69,0,151
6828.0,46,23,0,0,69,0,151
6829.0,46,23,0,0,69,0,151
6830.0,46,23,0,0,69,0,151
6831.0,46,23,0,0,69,0,151
6832.0,46,23,0,0,69,0,151
6833.0,46,23,0,0,69,0,151
6834.0,46,23,0,0,69,0,151
6835.0,46,23,0,0,69,0,151
6836.0,46,23,0,0,69,0,151
6837.0,46,23,0,0,69,0,151
6838.0,46,23,0,0,69,0,151
6839.0,46,23,0,0,69,0,151
6840.0,46,23,0,0,69,0,151
6841.0,46,23,0,0,69,0,151
6842.0,46,23,0,0,69,0,151
6843.0,46,23,0,0,69,0,151
6844.0,46,23,0,0,69,0,151
6845.0,46,23,0,0,69,0,151
6846.0,46,23,0,0,69,0,151
6847.0,46,23,0,0,69,0,151
6848.0,46,23,0,0,69,0,151
6849.0,46,23,0,0,69,0,151
6850.0,46,23,0,0,69,0,151
6851.0,46,23,0,0,69,0,151
6852.0,46,23,0,0,69,0,151
6853.0,46,23,0,0,69,0,151
6854.0,46,23,0,0,69,0,151
6855.0,46,23,0,0,69,0,151
6856.0,46,23,0,0,69,0,151
6857.0,46,23,0,0,69,0,151
6858.0,46,23,0,0,69,0,151
6859.0,46,23,0,0,69,0,151
6860.0,46,23,0,0,69,0,151
6861.0,46,23,0,0,69,0,151
6862.0,46,23,0,0,69,0,151
6863.0,46,23,0,0,69,0,151
6864.0,46,23,0,0,69,0,151
6865.0,46,23,0,0,69,0,151
6866.0,46,23,0,0,69,0,151
6867.0,46,23,0,0,69,0,151
6868.0,46,23,0,0,69,0,151
6869.0,46,23,0,0,69,0,151
6870.0,46,23,0,0,69,0,151
6871.0,46,23,0,0,69,0,151
6872.0,46,23,0,0,69,0,151
6873.0,46,23,0,0,69,0,151
6874.0,46,23,0,0,69,0,151
6875.0,46,23,0,0,69,0,151
6876.0,46,23,0,0,69,0,151
6877.0,46,23,0,0,69,0,151
6878.0,46,23,0,0,69,0,151
6879.0,46,23,0,0,69,0,151
6880.0,46,23,0,0,69,0,151
6881.0,46,23,0,0,69,0,151
6882.0,46,23,0,0,69,0,151
6883.0,46,23,0,0,69,0,151
6884.0,46,23,0,0,69,0,151
6885.0,46,23,0,0,69,0,151
6886.0,46,23,0,0,69,0,151
6887.0,46,23,0,0,69,0,151
6888.0,46,23,0,0,69,0,151
6889.0,46,23,0,0,69,0,151
6890.0,46,23,0,0,69,0,151
6891.0,46,23,0,0,69,0,151
6892.0,46,23,0,0,69,0,151
6893.0,46,23,0,0,69,0,151
6894.0,46,23,0,0,69,0,151
6895.0,46,23,0,0,69,0,151
6896.0,46,23,0,0,69,0,151
6897.0,46,23,0,0,69,0,151
6898.0,46,23,0,0,69,0,151
6899.0,46,23,0,0,69,0,151
6900.0,46,23,0,0,69,0,151
6901.0,46,23,0,0,69,0,151
6902.0,46,23,0,0,69,0,151
6903.0,46,23,0,0,69,0,151
6904.0,46,23,0,0,69,0,151
6905.0,46,23,0,0,69,0,151
6906.0,46,23,0,0,69,0,151
6907.0,46,23,0,0,69,0,151
6908.0,46,23,0,0,69,0,151
6909.0,46,23,0,0,69,0,151
6910.0,46,23,0,0,69,0,151
6911.0,46,23,0,0,69,0,151
6912.0,46,23,0,0,69,0,151
6913.0,46,23,0,0,69,0,151
6914.0,46,23,0,0,69,0,151
6915.0,46,23,0,0,69,0,151
6916.0,46,23,0,0,69,0,151
6917.0,46,23,0,0,69,0,151
6918.0,46,23,0,0,69,0,151
6919.0,46,23,0,0,69,0,151
6920.0,46,23,0,0,69,0,151
6921.0,46,23,0,0,69,0,151
6922.0,46,23,0,0,69,0,151
6923.0,46,23,0,0,69,0,151
6924.0,46,23,0,0,69,0,151
6925.0,46,23,0,0,69,0,151
6926.0,46,23,0,0,69,0,151
6927.0,46,23,0,0,69,0,151
6928.0,46,23,0,0,69,0,151
6929.0,46,23,0,0,69,0,151
6930.0,46,23,0,0,69,0,151
6931.0,46,23,0,0,69,0,151
6932.0,46,23,0,0,69,0,151
6933.0,46,23,0,0,69,0,151
6934.0,46,23,0,0,69,0,151
6935.0,46,23,0,0,69,0,151
6936.0,46,23,0,0,69,0,151
6937.0,46,23,0,0,69,0,151
6938.0,46,23,0,0,69,0,151
6939.0,46,23,0,0,69,0,151
6940.0,46,23,0,0,69,0,151
6941.0,46,23,0,0,69,0,151
6942.0,46,23,0,0,69,0,151
6943.0,46,23,0,0,69,0,151
6944.0,46,23,0,0,69,0,151
6945.0,46,23,0,0,69,0,151
6946.0,46,23,0,0,69,0,151
6947.0,46,23,0,0,69,0,151
6948.0,46,23,0,0,69,0,151
6949.0,46,23,0,0,69,0,151
6950.0,46,23,0,0,69,0,151
6951.0,46,23,0,0,69,0,151
6952.0,46,23,0,0,69,0,151
6953.0,46,23,0,0,69,0,151
6954.0,46,23,0,0,69,0,151
6955.0,46,23,0,0,69,0,151
6956.0,46,23,0,0,69,0,151
6957.0,46,23,0,0,69,0,151
6958.0,46,23,0,0,69,0,151
6959.0,46,23,0,0,69,0,151
6960.0,46,23,0,0,69,0,151
6961.0,46,23,0,0,69,0,151
6962.0,46,23,0,0,69,0,151
6963.0,46,23,0,0,69,0,151
6964.0,46,23,0,0,69,0,151
6965.0,46,23,0,0,69,0,151
6966.0,46,23,0,0,69,0,151
6967.0,46,23,0,0,69,0,151
6968.0,46,23,0,0,69,0,151
6969.0,46,23,0,0,69,0,151
6970.0,46,23,0,0,69,0,151
6971.0,46,23,0,0,69,0,151
6972.0,46,23,0,0,69,0,151
6973.0,46,23,0,0,69,0,151
6974.0,46,23,0,0,69,0,151
6975.0,46,23,0,0,69,0,151
6976.0,46,23,0,0,69,0,151
6977.0,46,23,0,0,69,0,151
6978.0,46,23,0,0,69,0,151
6979.0,46,23,0,0,69,0,151
6980.0,46,23,0,0,69,0,151
6981.0,46,23,0,0,69,0,151
6982.0,46,23,0,0,69,0,151
6983.0,46,23,0,0,69,0,151
6984.0,46,23,0,0,69,0,151
6985.0,46,23,0,0,69,0,151
6986.0,46,23,0,0,69,0,151
6987.0,46,23,0,0,69,0,151
6988.0,46,23,0,0,69,0,151
6989.0,46,23,0,0,69,0,151
6990.0,46,23,0,0,69,0,151
6991.0,46,23,0,0,69,0,151
6992.0,46,23,0,0,69,0,151
6993.0,46,23,0,0,69,0,151
6994.0,46,23,0,0,69,0,151
6995.0,46,23,0,0,69,0,151
6996.0,46,23,0,0,69,0,151
6997.0,46,23,0,0,69,0,151
6998.0,46,23,0,0,69,0,151
6999.0,46,23,0,0,69,0,151
7000.0,46,23,0,0,69,0,151
7001.0,46,23,0,0,69,0,151
7002.0,46,23,0,0,69,0,151
7003.0,46,23,0,0,69,0,151
7004.0,46,23,0,0,69,0,151
7005.0,46,23,0,0,69,0,151
7006.0,46,23,0,0,69,0,151
7007.0,46,23,0,0,69,0,151
7008.0,46,23,0,0,69,0,151
7009.0,46,23,0,0,69,0,151
7010.0,46,23,0,0,69,0,151
7011.0,46,23,0,0,69,0,151
7012.0,46,23,0,0,69,0,151
7013.0,46,23,0,0,69,0,151
7014.0,46,23,0,0,69,0,151
7015.0,46,23,0,0,69,0,151
7016.0,46,23,0,0,69,0,151
7017.0,46,23,0,0,69,0,151
7018.0,46,23,0,0,69,0,151
7019.0,46,23,0,0,69,0,151
7020.0,46,23,0,0,69,0,151
7021.0,46,23,0,0,69,0,151
7022.0,46,23,0,0,69,0,151
7023.0,46,23,0,0,69,0,151
7024.0,46,23,0,0,69,0,151
7025.0,46,23,0,0,69,0,151
7026.0,46,23,0,0,69,0,151
7027.0,46,23,0,0,69,0,151
7028.0,46,23,0,0,69,0,151
7029.0,46,23,0,0,69,0,151
7030.0,46,23,0,0,69,0,151
7031.0,46,23,0,0,69,0,151
7032.0,46,23,0,0,69,0,151
7033.0,46,23,0,0,69,0,151
7034.0,46,23,0,0,69,0,151
7035.0,46,23,0,0,69,0,151
7036.0,46,23,0,0,69,0,151
7037.0,46,23,0,0,69,0,151
7038.0,46,23,0,0,69,0,151
7039.0,46,23,0,0,69,0,151
7040.0,46,23,0,0,69,0,151
7041.0,46,23,0,0,69,0,151
7042.0,46,23,0,0,69,0,151
7043.0,46,23,0,0,69,0,151
7044.0,46,23,0,0,69,0,151
7045.0,46,23,0,0,69,0,151
7046.0,46,23,0,0,69,0,151
7047.0,46,23,0,0,69,0,151
7048.0,46,23,0,0,69,0,151
7049.0,46,23,0,0,69,0,151
7050.0,46,23,0,0,69,0,151
7051.0,46,23,0,0,69,0,151
7052.0,46,23,0,0,69,0,151
7053.0,46,23,0,0,69,0,151
7054.0,46,23,0,0,69,0,151
7055.0,46,23,0,0,69,0,151
7056.0,46,23,0,0,69,0,151
7057.0,46,23,0,0,69,0,151
7058.0,46,23,0,0,69,0,151
7059.0,46,23,0,0,69,0,151
7060.0,46,23,0,0,69,0,151
7061.0,46,23,0,0,69,0,151
7062.0,46,23,0,0,69,0,151
7063.0,46,23,0,0,69,0,151
7064.0,46,23,0,0,69,0,151
7065.0,46,23,0,0,69,0,151
7066.0,46,23,0,0,69,0,151
7067.0,46,23,0,0,69,0,151
7068.0,46,23,0,0,69,0,151
7069.0,46,23,0,0,69,0,151
7070.0,46,23,0,0,69,0,151
7071.0,46,23,0,0,69,0,151
7072.0,46,23,0,0,69,0,151
7073.0,46,23,0,0,69,0,151
7074.0,46,23,0,0,69,0,151
7075.0,46,23,0,0,69,0,151
7076.0,46,23,0,0,69,0,151
7077.0,46,23,0,0,69,0,151
7078.0,46,23,0,0,69,0,151
7079.0,46,23,0,0,69,0,151
7080.0,46,23,0,0,69,0,151
7081.0,46,23,0,0,69,0,151
7082.0,46,23,0,0,69,0,151
7083.0,46,23,0,0,69,0,151
7084.0,46,23,0,0,69,0,151
7085.0,46,23,0,0,69,0,151
7086.0,46,23,0,0,69,0,151
7087.0,46,23,0,0,69,0,151
7088.0,46,23,0,0,69,0,151
7089.0,46,23,0,0,69,0,151
7090.0,46,23,0,0,69,0,151
7091.0,46,23,0,0,69,0,151
7092.0,46,23,0,0,69,0,151
7093.0,46,23,0,0,69,0,151
7094.0,46,23,0,0,69,0,151
7095.0,46,23,0,0,69,0,151
7096.0,46,23,0,0,69,0,151
7097.0,46,23,0,0,69,0,151
7098.0,46,23,0,0,69,0,151
7099.0,46,23,0,0,69,0,151
7100.0,46,23,0,0,69,0,151
7101.0,46,23,0,0,69,0,151
7102.0,46,23,0,0,69,0,151
7103.0,46,23,0,0,69,0,151
7104.0,46,23,0,0,69,0,151
7105.0,46,23,0,0,69,0,151
7106.0,46,23,0,0,69,0,151
7107.0,46,23,0,0,69,0,151
7108.0,46,23,0,0,69,0,151
7109.0,46,23,0,0,69,0,151
7110.0,46,23,0,0,69,0,151
7111.0,46,23,0,0,69,0,151
7112.0,46,23,0,0,69,0,151
7113.0,46,23,0,0,69,0,151
7114.0,46,23,0,0,69,0,151
7115.0,46,23,0,0,69,0,151
7116.0,46,23,0,0,69,0,151
7117.0,46,23,0,0,69,0,151
7118.0,46,23,0,0,69,0,151
7119.0,46,23,0,0,69,0,151
7120.0,46,23,0,0,69,0,151
7121.0,46,23,0,0,69,0,151
7122.0,46,23,0,0,69,0,151
7123.0,46,23,0,0,69,0,151
7124.0,46,23,0,0,69,0,151
7125.0,46,23,0,0,69,0,151
7126.0,46,23,0,0,69,0,151
7127.0,46,23,0,0,69,0,151
7128.0,46,23,0,0,69,0,151
7129.0,46,23,0,0,69,0,151
7130.0,46,23,0,0,69,0,151
7131.0,46,23,0,0,69,0,151
7132.0,46,23,0,0,69,0,151
7133.0,46,23,0,0,69,0,151
7134.0,46,23,0,0,69,0,151
7135.0,46,23,0,0,69,0,151
7136.0,46,23,0,0,69,0,151
7137.0,46,23,0,0,69,0,151
7138.0,46,23,0,0,69,0,151
7139.0,46,23,0,0,69,0,151
7140.0,46,23,0,0,69,0,151
7141.0,46,23,0,0,69,0,151
7142.0,46,23,0,0,69,0,151
7143.0,46,23,0,0,69,0,151
7144.0,46,23,0,0,69,0,151
7145.0,46,23,0,0,69,0,151
7146.0,46,23,0,0,69,0,151
7147.0,46,23,0,0,69,0,151
7148.0,46,23,0,0,69,0,151
7149.0,46,23,0,0,69,0,151
7150.0,46,23,0,0,69,0,151
7151.0,46,23,0,0,69,0,151
7152.0,46,23,0,0,69,0,151
7153.0,46,23,0,0,69,0,151
7154.0,46,23,0,0,69,0,151
7155.0,46,23,0,0,69,0,151
7156.0,46,23,0,0,69,0,151
7157.0,46,23,0,0,69,0,151
7158.0,46,23,0,0,69,0,151
7159.0,46,23,0,0,69,0,151
7160.0,46,23,0,0,69,0,151
7161.0,46,23,0,0,69,0,151
7162.0,46,23,0,0,69,0,151
7163.0,46,23,0,0,69,0,151
7164.0,46,23,0,0,69,0,151
7165.0,46,23,0,0,69,0,151
7166.0,46,23,0,0,69,0,151
7167.0,46,23,0,0,69,0,151
7168.0,46,23,0,0,69,0,151
7169.0,46,23,0,0,69,0,151
7170.0,46,23,0,0,69,0,151
7171.0,46,23,0,0,69,0,151
7172.0,46,23,0,0,69,0,151
7173.0,46,23,0,0,69,0,151
7174.0,46,23,0,0,69,0,151
7175.0,46,23,0,0,69,0,151
7176.0,46,23,0,0,69,0,151
7177.0,46,23,0,0,69,0,151
7178.0,46,23,0,0,69,0,151
7179.0,46,23,0,0,69,0,151
7180.0,46,23,0,0,69,0,151
7181.0,46,23,0,0,69,0,151
7182.0,46,23,0,0,69,0,151
7183.0,46,23,0,0,69,0,151
7184.0,46,23,0,0,69,0,151
7185.0,46,23,0,0,69,0,151
7186.0,46,23,0,0,69,0,151
7187.0,46,23,0,0,69,0,151
7188.0,46,23,0,0,69,0,151
7189.0,46,23,0,0,69,0,151
7190.0,46,23,0,0,69,0,151
7191.0,46,23,0,0,69,0,151
7192.0,46,23,0,0,69,0,151
7193.0,46,23,0,0,69,0,151
7194.0,46,23,0,0,69,0,151
7195.0,46,23,0,0,69,0,151
7196.0,46,23,0,0,69,0,151
7197.0,46,23,0,0,69,0,151
7198.0,46,23,0,0,69,0,151
7199.0,46,23,0,0,69,0,151
7200.0,46,23,0,0,69,0,151
7201.0,46,23,0,0,69,0,151
7202.0,46,23,0,0,69,0,151
7203.0,46,23,0,0,69,0,151
7204.0,46,23,0,0,69,0,151
7205.0,46,23,0,0,69,0,151
7206.0,46,23,0,0,69,0,151
7207.0,46,23,0,0,69,0,151
7208.0,46,23,0,0,69,0,151
7209.0,46,23,0,0,69,0,151
7210.0,46,23,0,0,69,0,151
7211.0,46,23,0,0,69,0,151
7212.0,46,23,0,0,69,0,151
7213.0,46,23,0,0,69,0,151
7214.0,46,23,0,0,69,0,151
7215.0,46,23,0,0,69,0,151
7216.0,46,23,0,0,69,0,151
7217.0,46,23,0,0,69,0,151
7218.0,46,23,0,0,69,0,151
7219.0,46,23,0,0,69,0,151
7220.0,46,23,0,0,69,0,151
7221.0,46,23,0,0,69,0,151
7222.0,46,23,0,0,69,0,151
7223.0,46,23,0,0,69,0,151
7224.0,46,23,0,0,69,0,151
7225.0,46,23,0,0,69,0,151
7226.0,46,23,0,0,69,0,151
7227.0,46,23,0,0,69,0,151
7228.0,46,23,0,0,69,0,151
7229.0,46,23,0,0,69,0,151
7230.0,46,23,0,0,69,0,151
7231.0,46,23,0,0,69,0,151
7232.0,46,23,0,0,69,0,151
7233.0,46,23,0,0,69,0,151
7234.0,46,23,0,0,69,0,151
7235.0,46,23,0,0,69,0,151
7236.0,46,23,0,0,69,0,151
7237.0,46,23,0,0,69,0,151
7238.0,46,23,0,0,69,0,151
7239.0,46,23,0,0,69,0,151
7240.0,46,23,0,0,69,0,151
7241.0,46,23,0,0,69,0,151
7242.0,46,23,0,0,69,0,151
7243.0,46,23,0,0,69,0,151
7244.0,46,23,0,0,69,0,151
7245.0,46,23,0,0,69,0,151
7246.0,46,23,0,0,69,0,151
7247.0,46,23,0,0,69,0,151
7248.0,46,23,0,0,69,0,151
7249.0,46,23,0,0,69,0,151
7250.0,46,23,0,0,69,0,151
7251.0,46,23,0,0,69,0,151
7252.0,46,23,0,0,69,0,151
7253.0,46,23,0,0,69,0,151
7254.0,46,23,0,0,69,0,151
7255.0,46,23,0,0,69,0,151
7256.0,46,23,0,0,69,0,151
7257.0,46,23,0,0,69,0,151
7258.0,46,23,0,0,69,0,151
7259.0,46,23,0,0,69,0,151
7260.0,46,23,0,0,69,0,151
7261.0,46,23,0,0,69,0,151
7262.0,46,23,0,0,69,0,151
7263.0,46,23,0,0,69,0,151
7264.0,46,23,0,0,69,0,151
7265.0,46,23,0,0,69,0,151
7266.0,46,23,0,0,69,0,151
7267.0,46,23,0,0,69,0,151
7268.0,46,23,0,0,69,0,151
7269.0,46,23,0,0,69,0,151
7270.0,46,23,0,0,69,0,151
7271.0,46,23,0,0,69,0,151
7272.0,46,23,0,0,69,0,151
7273.0,46,23,0,0,69,0,151
7274.0,46,23,0,0,69,0,151
7275.0,46,23,0,0,69,0,151
7276.0,46,23,0,0,69,0,151
7277.0,46,23,0,0,69,0,151
7278.0,46,23,0,0,69,0,151
7279.0,46,23,0,0,69,0,151
7280.0,46,23,0,0,69,0,151
7281.0,46,23,0,0,69,0,151
7282.0,46,23,0,0,69,0,151
7283.0,46,23,0,0,69,0,151
7284.0,46,23,0,0,69,0,151
7285.0,46,23,0,0,69,0,151
7286.0,46,23,0,0,69,0,151
7287.0,46,23,0,0,69,0,151
7288.0,46,23,0,0,69,0,151
7289.0,46,23,0,0,69,0,151
7290.0,46,23,0,0,69,0,151
7291.0,46,23,0,0,69,0,151
7292.0,46,23,0,0,69,0,151
7293.0,46,23,0,0,69,0,151
7294.0,46,23,0,0,69,0,151
7295.0,46,23,0,0,69,0,151
7296.0,46,23,0,0,69,0,151
7297.0,46,23,0,0,69,0,151
7298.0,46,23,0,0,69,0,151
7299.0,46,23,0,0,69,0,151
7300.0,46,23,0,0,69,0,151
7301.0,46,23,0,0,69,0,151
7302.0,46,23,0,0,69,0,151
7303.0,46,23,0,0,69,0,151
7304.0,46,23,0,0,69,0,151
7305.0,46,23,0,0,69,0,151
7306.0,46,23,0,0,69,0,151
7307.0,46,23,0,0,69,0,151
7308.0,46,23,0,0,69,0,151
7309.0,46,23,0,0,69,0,151
7310.0,46,23,0,0,69,0,151
7311.0,46,23,0,0,69,0,151
7312.0,46,23,0,0,69,0,151
7313.0,46,23,0,0,69,0,151
7314.0,46,23,0,0,69,0,151
7315.0,46,23,0,0,69,0,151
7316.0,46,23,0,0,69,0,151
7317.0,46,23,0,0,69,0,151
7318.0,46,23,0,0,69,0,151
7319.0,46,23,0,0,69,0,151
7320.0,46,23,0,0,69,0,151
7321.0,46,23,0,0,69,0,151
7322.0,46,23,0,0,69,0,151
7323.0,46,23,0,0,69,0,151
7324.0,46,23,0,0,69,0,151
7325.0,46,23,0,0,69,0,151
7326.0,46,23,0,0,69,0,151
7327.0,46,23,0,0,69,0,151
7328.0,46,23,0,0,69,0,151
7329.0,46,23,0,0,69,0,151
7330.0,46,23,0,0,69,0,151
7331.0,46,23,0,0,69,0,151
7332.0,46,23,0,0,69,0,151
7333.0,46,23,0,0,69,0,151
7334.0,46,23,0,0,69,0,151
7335.0,46,23,0,0,69,0,151
7336.0,46,23,0,0,69,0,151
7337.0,46,23,0,0,69,0,151
7338.0,46,23,0,0,69,0,151
7339.0,46,23,0,0,69,0,151
7340.0,46,23,0,0,69,0,151
7341.0,46,23,0,0,69,0,151
7342.0,46,23,0,0,69,0,151
7343.0,46,23,0,0,69,0,151
7344.0,46,23,0,0,69,0,151
7345.0,46,23,0,0,69,0,151
7346.0,46,23,0,0,69,0,151
7347.0,46,23,0,0,69,0,151
7348.0,46,23,0,0,69,0,151
7349.0,46,23,0,0,69,0,151
7350.0,46,23,0,0,69,0,151
7351.0,46,23,0,0,69,0,151
7352.0,46,23,0,0,69,0,151
7353.0,46,23,0,0,69,0,151
7354.0,46,23,0,0,69,0,151
7355.0,46,23,0,0,69,0,151
7356.0,46,23,0,0,69,0,151
7357.0,46,23,0,0,69,0,151
7358.0,46,23,0,0,69,0,151
7359.0,46,23,0,0,69,0,151
7360.0,46,23,0,0,69,0,151
7361.0,46,23,0,0,69,0,151
7362.0,46,23,0,0,69,0,151
7363.0,46,23,0,0,69,0,151
7364.0,46,23,0,0,69,0,151
7365.0,46,23,0,0,69,0,151
7366.0,46,23,0,0,69,0,151
7367.0,46,23,0,0,69,0,151
7368.0,46,23,0,0,69,0,151
7369.0,46,23,0,0,69,0,151
7370.0,46,23,0,0,69,0,151
7371.0,46,23,0,0,69,0,151
7372.0,46,23,0,0,69,0,151
7373.0,46,23,0,0,69,0,151
7374.0,46,23,0,0,69,0,151
7375.0,46,23,0,0,69,0,151
7376.0,46,23,0,0,69,0,151
7377.0,46,23,0,0,69,0,151
7378.0,46,23,0,0,69,0,151
7379.0,46,23,0,0,69,0,151
7380.0,46,23,0,0,69,0,151
7381.0,46,23,0,0,69,0,151
7382.0,46,23,0,0,69,0,151
7383.0,46,23,0,0,69,0,151
7384.0,46,23,0,0,69,0,151
7385.0,46,23,0,0,69,0,151
7386.0,46,23,0,0,69,0,151
7387.0,46,23,0,0,69,0,151
7388.0,46,23,0,0,69,0,151
7389.0,46,23,0,0,69,0,151
7390.0,46,23,0,0,69,0,151
7391.0,46,23,0,0,69,0,151
7392.0,46,23,0,0,69,0,151
7393.0,46,23,0,0,69,0,151
7394.0,46,23,0,0,69,0,151
7395.0,46,23,0,0,69,0,151
7396.0,46,23,0,0,69,0,151
7397.0,46,23,0,0,69,0,151
7398.0,46,23,0,0,69,0,151
7399.0,46,23,0,0,69,0,151
7400.0,46,23,0,0,69,0,151
7401.0,46,23,0,0,69,0,151
7402.0,46,23,0,0,69,0,151
7403.0,46,23,0,0,69,0,151
7404.0,46,23,0,0,69,0,151
7405.0,46,23,0,0,69,0,151
7406.0,46,23,0,0,69,0,151
7407.0,46,23,0,0,69,0,151
7408.0,46,23,0,0,69,0,151
7409.0,46,23,0,0,69,0,151
7410.0,46,23,0,0,69,0,151
7411.0,46,23,0,0,69,0,151
7412.0,46,23,0,0,69,0,151
7413.0,46,23,0,0,69,0,151
7414.0,46,23,0,0,69,0,151
7415.0,46,23,0,0,69,0,151
7416.0,46,23,0,0,69,0,151
7417.0,46,23,0,0,69,0,151
7418.0,46,23,0,0,69,0,151
7419.0,46,23,0,0,69,0,151
7420.0,46,23,0,0,69,0,151
7421.0,46,23,0,0,69,0,151
7422.0,46,23,0,0,69,0,151
7423.0,46,23,0,0,69,0,151
7424.0,46,23,0,0,69,0,151
7425.0,46,23,0,0,69,0,151
7426.0,46,23,0,0,69,0,151
7427.0,46,23,0,0,69,0,151
7428.0,46,23,0,0,69,0,151
7429.0,46,23,0,0,69,0,151
7430.0,46,23,0,0,69,0,151
7431.0,46,23,0,0,69,0,151
7432.0,46,23,0,0,69,0,151
7433.0,46,23,0,0,69,0,151
7434.0,46,23,0,0,69,0,151
7435.0,46,23,0,0,69,0,151
7436.0,46,23,0,0,69,0,151
7437.0,46,23,0,0,69,0,151
7438.0,46,23,0,0,69,0,151
7439.0,46,23,0,0,69,0,151
7440.0,46,23,0,0,69,0,151
7441.0,46,23,0,0,69,0,151
7442.0,46,23,0,0,69,0,151
7443.0,46,23,0,0,69,0,151
7444.0,46,23,0,0,69,0,151
7445.0,46,23,0,0,69,0,151
7446.0,46,23,0,0,69,0,151
7447.0,46,23,0,0,69,0,151
7448.0,46,23,0,0,69,0,151
7449.0,46,23,0,0,69,0,151
7450.0,46,23,0,0,69,0,151
7451.0,46,23,0,0,69,0,151
7452.0,46,23,0,0,69,0,151
7453.0,46,23,0,0,69,0,151
7454.0,46,23,0,0,69,0,151
7455.0,46,23,0,0,69,0,151
7456.0,46,23,0,0,69,0,151
7457.0,46,23,0,0,69,0,151
7458.0,46,23,0,0,69,0,151
7459.0,46,23,0,0,69,0,151
7460.0,46,23,0,0,69,0,151
7461.0,46,23,0,0,69,0,151
7462.0,46,23,0,0,69,0,151
7463.0,46,23,0,0,69,0,151
7464.0,46,23,0,0,69,0,151
7465.0,46,23,0,0,69,0,151
7466.0,46,23,0,0,69,0,151
7467.0,46,23,0,0,69,0,151
7468.0,46,23,0,0,69,0,151
7469.0,46,23,0,0,69,0,151
7470.0,46,23,0,0,69,0,151
7471.0,46,23,0,0,69,0,151
7472.0,46,23,0,0,69,0,151
7473.0,46,23,0,0,69,0,151
7474.0,46,23,0,0,69,0,151
7475.0,46,23,0,0,69,0,151
7476.0,46,23,0,0,69,0,151
7477.0,46,23,0,0,69,0,151
7478.0,46,23,0,0,69,0,151
7479.0,46,23,0,0,69,0,151
7480.0,46,23,0,0,69,0,151
7481.0,46,23,0,0,69,0,151
7482.0,46,23,0,0,69,0,151
7483.0,46,23,0,0,69,0,151
7484.0,46,23,0,0,69,0,151
7485.0,46,23,0,0,69,0,151
7486.0,46,23,0,0,69,0,151
7487.0,46,23,0,0,69,0,151
7488.0,46,23,0,0,69,0,151
7489.0,46,23,0,0,69,0,151
7490.0,46,23,0,0,69,0,151
7491.0,46,23,0,0,69,0,151
7492.0,46,23,0,0,69,0,151
7493.0,46,23,0,0,69,0,151
7494.0,46,23,0,0,69,0,151
7495.0,46,23,0,0,69,0,151
7496.0,46,23,0,0,69,0,151
7497.0,46,23,0,0,69,0,151
7498.0,46,23,0,0,69,0,151
7499.0,46,23,0,0,69,0,151
7500.0,46,23,0,0,69,0,151
7501.0,46,23,0,0,69,0,151
7502.0,46,23,0,0,69,0,151
7503.0,46,23,0,0,69,0,151
7504.0,46,23,0,0,69,0,151
7505.0,46,23,0,0,69,0,151
7506.0,46,23,0,0,69,0,151
7507.0,46,23,0,0,69,0,151
7508.0,46,23,0,0,69,0,151
7509.0,46,23,0,0,69,0,151
7510.0,46,23,0,0,69,0,151
7511.0,46,23,0,0,69,0,151
7512.0,46,23,0,0,69,0,151
7513.0,46,23,0,0,69,0,151
7514.0,46,23,0,0,69,0,151
7515.0,46,23,0,0,69,0,151
7516.0,46,23,0,0,69,0,151
7517.0,46,23,0,0,69,0,151
7518.0,46,23,0,0,69,0,151
7519.0,46,23,0,0,69,0,151
7520.0,46,23,0,0,69,0,151
7521.0,46,23,0,0,69,0,151
7522.0,46,23,0,0,69,0,151
7523.0,46,23,0,0,69,0,151
7524.0,46,23,0,0,69,0,151
7525.0,46,23,0,0,69,0,151
7526.0,46,23,0,0,69,0,151
7527.0,46,23,0,0,69,0,151
7528.0,46,23,0,0,69,0,151
7529.0,46,23,0,0,69,0,151
7530.0,46,23,0,0,69,0,151
7531.0,46,23,0,0,69,0,151
7532.0,46,23,0,0,69,0,151
7533.0,46,23,0,0,69,0,151
7534.0,46,23,0,0,69,0,151
7535.0,46,23,0,0,69,0,151
7536.0,46,23,0,0,69,0,151
7537.0,46,23,0,0,69,0,151
7538.0,46,23,0,0,69,0,151
7539.0,46,23,0,0,69,0,151
7540.0,46,23,0,0,69,0,151
7541.0,46,23,0,0,69,0,151
7542.0,46,23,0,0,69,0,151
7543.0,46,23,0,0,69,0,151
7544.0,46,23,0,0,69,0,151
7545.0,46,23,0,0,69,0,151
7546.0,46,23,0,0,69,0,151
7547.0,46,23,0,0,69,0,151
7548.0,46,23,0,0,69,0,151
7549.0,46,23,0,0,69,0,151
7550.0,46,23,0,0,69,0,151
7551.0,46,23,0,0,69,0,151
7552.0,46,23,0,0,69,0,151
7553.0,46,23,0,0,69,0,151
7554.0,46,23,0,0,69,0,151
7555.0,46,23,0,0,69,0,151
7556.0,46,23,0,0,69,0,151
7557.0,46,23,0,0,69,0,151
7558.0,46,23,0,0,69,0,151
7559.0,46,23,0,0,69,0,151
7560.0,46,23,0,0,69,0,151
7561.0,46,23,0,0,69,0,151
7562.0,46,23,0,0,69,0,151
7563.0,46,23,0,0,69,0,151
7564.0,46,23,0,0,69,0,151
7565.0,46,23,0,0,69,0,151
7566.0,46,23,0,0,69,0,151
7567.0,46,23,0,0,69,0,151
7568.0,46,23,0,0,69,0,151
7569.0,46,23,0,0,69,0,151
7570.0,46,23,0,0,69,0,151
7571.0,46,23,0,0,69,0,151
7572.0,46,23,0,0,69,0,151
7573.0,46,23,0,0,69,0,151
7574.0,46,23,0,0,69,0,151
7575.0,46,23,0,0,69,0,151
7576.0,46,23,0,0,69,0,151
7577.0,46,23,0,0,69,0,151
7578.0,46,23,0,0,69,0,151
7579.0,46,23,0,0,69,0,151
7580.0,46,23,0,0,69,0,151
7581.0,46,23,0,0,69,0,151
7582.0,46,23,0,0,69,0,151
7583.0,46,23,0,0,69,0,151
7584.0,46,23,0,0,69,0,151
7585.0,46,23,0,0,69,0,151
7586.0,46,23,0,0,69,0,151
7587.0,46,23,0,0,69,0,151
7588.0,46,23,0,0,69,0,151
7589.0,46,23,0,0,69,0,151
7590.0,46,23,0,0,69,0,151
7591.0,46,23,0,0,69,0,151
7592.0,46,23,0,0,69,0,151
7593.0,46,23,0,0,69,0,151
7594.0,46,23,0,0,69,0,151
7595.0,46,23,0,0,69,0,151
7596.0,46,23,0,0,69,0,151
7597.0,46,23,0,0,69,0,151
7598.0,46,23,0,0,69,0,151
7599.0,46,23,0,0,69,0,151
7600.0,46,23,0,0,69,0,151
7601.0,46,23,0,0,69,0,151
7602.0,46,23,0,0,69,0,151
7603.0,46,23,0,0,69,0,151
7604.0,46,23,0,0,69,0,151
7605.0,46,23,0,0,69,0,151
7606.0,46,23,0,0,69,0,151
7607.0,46,23,0,0,69,0,151
7608.0,46,23,0,0,69,0,151
7609.0,46,23,0,0,69,0,151
7610.0,46,23,0,0,69,0,151
7611.0,46,23,0,0,69,0,151
7612.0,46,23,0,0,69,0,151
7613.0,46,23,0,0,69,0,151
7614.0,46,23,0,0,69,0,151
7615.0,46,23,0,0,69,0,151
7616.0,46,23,0,0,69,0,151
7617.0,46,23,0,0,69,0,151
7618.0,46,23,0,0,69,0,151
7619.0,46,23,0,0,69,0,151
7620.0,46,23,0,0,69,0,151
7621.0,46,23,0,0,69,0,151
7622.0,46,23,0,0,69,0,151
7623.0,46,23,0,0,69,0,151
7624.0,46,23,0,0,69,0,151
7625.0,46,23,0,0,69,0,151
7626.0,46,23,0,0,69,0,151
7627.0,46,23,0,0,69,0,151
7628.0,46,23,0,0,69,0,151
7629.0,46,23,0,0,69,0,151
7630.0,46,23,0,0,69,0,151
7631.0,46,23,0,0,69,0,151
7632.0,46,23,0,0,69,0,151
7633.0,46,23,0,0,69,0,151
7634.0,46,23,0,0,69,0,151
7635.0,46,23,0,0,69,0,151
7636.0,46,23,0,0,69,0,151
7637.0,46,23,0,0,69,0,151
7638.0,46,23,0,0,69,0,151
7639.0,46,23,0,0,69,0,151
7640.0,46,23,0,0,69,0,151
7641.0,46,23,0,0,69,0,151
7642.0,46,23,0,0,69,0,151
7643.0,46,23,0,0,69,0,151
7644.0,46,23,0,0,69,0,151
7645.0,46,23,0,0,69,0,151
7646.0,46,23,0,0,69,0,151
7647.0,46,23,0,0,69,0,151
7648.0,46,23,0,0,69,0,151
7649.0,46,23,0,0,69,0,151
7650.0,46,23,0,0,69,0,151
7651.0,46,23,0,0,69,0,151
7652.0,46,23,0,0,69,0,151
7653.0,46,23,0,0,69,0,151
7654.0,46,23,0,0,69,0,151
7655.0,46,23,0,0,69,0,151
7656.0,46,23,0,0,69,0,151
7657.0,46,23,0,0,69,0,151
7658.0,46,23,0,0,69,0,151
7659.0,46,23,0,0,69,0,151
7660.0,46,23,0,0,69,0,151
7661.0,46,23,0,0,69,0,151
7662.0,46,23,0,0,69,0,151
7663.0,46,23,0,0,69,0,151
7664.0,46,23,0,0,69,0,151
7665.0,46,23,0,0,69,0,151
7666.0,46,23,0,0,69,0,151
7667.0,46,23,0,0,69,0,151
7668.0,46,23,0,0,69,0,151
7669.0,46,23,0,0,69,0,151
7670.0,46,23,0,0,69,0,151
7671.0,46,23,0,0,69,0,151
7672.0,46,23,0,0,69,0,151
7673.0,46,23,0,0,69,0,151
7674.0,46,23,0,0,69,0,151
7675.0,46,23,0,0,69,0,151
7676.0,46,23,0,0,69,0,151
7677.0,46,23,0,0,69,0,151
7678.0,46,23,0,0,69,0,151
7679.0,46,23,0,0,69,0,151
7680.0,46,23,0,0,69,0,151
7681.0,46,23,0,0,69,0,151
7682.0,46,23,0,0,69,0,151
7683.0,46,23,0,0,69,0,151
7684.0,46,23,0,0,69,0,151
7685.0,46,23,0,0,69,0,151
7686.0,46,23,0,0,69,0,151
7687.0,46,23,0,0,69,0,151
7688.0,46,23,0,0,69,0,151
7689.0,46,23,0,0,69,0,151
7690.0,46,23,0,0,69,0,151
7691.0,46,23,0,0,69,0,151
7692.0,46,23,0,0,69,0,151
7693.0,46,23,0,0,69,0,151
7694.0,46,23,0,0,69,0,151
7695.0,46,23,0,0,69,0,151
7696.0,46,23,0,0,69,0,151
7697.0,46,23,0,0,69,0,151
7698.0,46,23,0,0,69,0,151
7699.0,46,23,0,0,69,0,151
7700.0,46,23,0,0,69,0,151
7701.0,46,23,0,0,69,0,151
7702.0,46,23,0,0,69,0,151
7703.0,46,23,0,0,69,0,151
7704.0,46,23,0,0,69,0,151
7705.0,46,23,0,0,69,0,151
7706.0,46,23,0,0,69,0,151
7707.0,46,23,0,0,69,0,151
7708.0,46,23,0,0,69,0,151
7709.0,46,23,0,0,69,0,151
7710.0,46,23,0,0,69,0,151
7711.0,46,23,0,0,69,0,151
7712.0,46,23,0,0,69,0,151
7713.0,46,23,0,0,69,0,151
7714.0,46,23,0,0,69,0,151
7715.0,46,23,0,0,69,0,151
7716.0,46,23,0,0,69,0,151
7717.0,46,23,0,0,69,0,151
7718.0,46,23,0,0,69,0,151
7719.0,46,23,0,0,69,0,151
7720.0,46,23,0,0,69,0,151
7721.0,46,23,0,0,69,0,151
7722.0,46,23,0,0,69,0,151
7723.0,46,23,0,0,69,0,151
7724.0,46,23,0,0,69,0,151
7725.0,46,23,0,0,69,0,151
7726.0,46,23,0,0,69,0,151
7727.0,46,23,0,0,69,0,151
7728.0,46,23,0,0,69,0,151
7729.0,46,23,0,0,69,0,151
7730.0,46,23,0,0,69,0,151
7731.0,46,23,0,0,69,0,151
7732.0,46,23,0,0,69,0,151
7733.0,46,23,0,0,69,0,151
7734.0,46,23,0,0,69,0,151
7735.0,46,23,0,0,69,0,151
7736.0,46,23,0,0,69,0,151
7737.0,46,23,0,0,69,0,151
7738.0,46,23,0,0,69,0,151
7739.0,46,23,0,0,69,0,151
7740.0,46,23,0,0,69,0,151
7741.0,46,23,0,0,69,0,151
7742.0,46,23,0,0,69,0,151
7743.0,46,23,0,0,69,0,151
7744.0,46,23,0,0,69,0,151
7745.0,46,23,0,0,69,0,151
7746.0,46,23,0,0,69,0,151
7747.0,46,23,0,0,69,0,151
7748.0,46,23,0,0,69,0,151
7749.0,46,23,0,0,69,0,151
7750.0,46,23,0,0,69,0,151
7751.0,46,23,0,0,69,0,151
7752.0,46,23,0,0,69,0,151
7753.0,46,23,0,0,69,0,151
7754.0,46,23,0,0,69,0,151
7755.0,46,23,0,0,69,0,151
7756.0,46,23,0,0,69,0,151
7757.0,46,23,0,0,69,0,151
7758.0,46,23,0,0,69,0,151
7759.0,46,23,0,0,69,0,151
7760.0,46,23,0,0,69,0,151
7761.0,46,23,0,0,69,0,151
7762.0,46,23,0,0,69,0,151
7763.0,46,23,0,0,69,0,151
7764.0,46,23,0,0,69,0,151
7765.0,46,23,0,0,69,0,151
7766.0,46,23,0,0,69,0,151
7767.0,46,23,0,0,69,0,151
7768.0,46,23,0,0,69,0,151
7769.0,46,23,0,0,69,0,151
7770.0,46,23,0,0,69,0,151
7771.0,46,23,0,0,69,0,151
7772.0,46,23,0,0,69,0,151
7773.0,46,23,0,0,69,0,151
7774.0,46,23,0,0,69,0,151
7775.0,46,23,0,0,69,0,151
7776.0,46,23,0,0,69,0,151
7777.0,46,23,0,0,69,0,151
7778.0,46,23,0,0,69,0,151
7779.0,46,23,0,0,69,0,151
7780.0,46,23,0,0,69,0,151
7781.0,46,23,0,0,69,0,151
7782.0,46,23,0,0,69,0,151
7783.0,46,23,0,0,69,0,151
7784.0,46,23,0,0,69,0,151
7785.0,46,23,0,0,69,0,151
7786.0,46,23,0,0,69,0,151
7787.0,46,23,0,0,69,0,151
7788.0,46,23,0,0,69,0,151
7789.0,46,23,0,0,69,0,151
7790.0,46,23,0,0,69,0,151
7791.0,46,23,0,0,69,0,151
7792.0,46,23,0,0,69,0,151
7793.0,46,23,0,0,69,0,151
7794.0,46,23,0,0,69,0,151
7795.0,46,23,0,0,69,0,151
7796.0,46,23,0,0,69,0,151
7797.0,46,23,0,0,69,0,151
7798.0,46,23,0,0,69,0,151
7799.0,46,23,0,0,69,0,151
7800.0,46,23,0,0,69,0,151
7801.0,46,23,0,0,69,0,151
7802.0,46,23,0,0,69,0,151
7803.0,46,23,0,0,69,0,151
7804.0,46,23,0,0,69,0,151
7805.0,46,23,0,0,69,0,151
7806.0,46,23,0,0,69,0,151
7807.0,46,23,0,0,69,0,151
7808.0,46,23,0,0,69,0,151
7809.0,46,23,0,0,69,0,151
7810.0,46,23,0,0,69,0,151
7811.0,46,23,0,0,69,0,151
7812.0,46,23,0,0,69,0,151
7813.0,46,23,0,0,69,0,151
7814.0,46,23,0,0,69,0,151
7815.0,46,23,0,0,69,0,151
7816.0,46,23,0,0,69,0,151
7817.0,46,23,0,0,69,0,151
7818.0,46,23,0,0,69,0,151
7819.0,46,23,0,0,69,0,151
7820.0,46,23,0,0,69,0,151
7821.0,46,23,0,0,69,0,151
7822.0,46,23,0,0,69,0,151
7823.0,46,23,0,0,69,0,151
7824.0,46,23,0,0,69,0,151
7825.0,46,23,0,0,69,0,151
7826.0,46,23,0,0,69,0,151
7827.0,46,23,0,0,69,0,151
7828.0,46,23,0,0,69,0,151
7829.0,46,23,0,0,69,0,151
7830.0,46,23,0,0,69,0,151
7831.0,46,23,0,0,69,0,151
7832.0,46,23,0,0,69,0,151
7833.0,46,23,0,0,69,0,151
7834.0,46,23,0,0,69,0,151
7835.0,46,23,0,0,69,0,151
7836.0,46,23,0,0,69,0,151
7837.0,46,23,0,0,69,0,151
7838.0,46,23,0,0,69,0,151
7839.0,46,23,0,0,69,0,151
7840.0,46,23,0,0,69,0,151
7841.0,46,23,0,0,69,0,151
7842.0,46,23,0,0,69,0,151
7843.0,46,23,0,0,69,0,151
7844.0,46,23,0,0,69,0,151
7845.0,46,23,0,0,69,0,151
7846.0,46,23,0,0,69,0,151
7847.0,46,23,0,0,69,0,151
7848.0,46,23,0,0,69,0,151
7849.0,46,23,0,0,69,0,151
7850.0,46,23,0,0,69,0,151
7851.0,46,23,0,0,69,0,151
7852.0,46,23,0,0,69,0,151
7853.0,46,23,0,0,69,0,151
7854.0,46,23,0,0,69,0,151
7855.0,46,23,0,0,69,0,151
7856.0,46,23,0,0,69,0,151
7857.0,46,23,0,0,69,0,151
7858.0,46,23,0,0,69,0,151
7859.0,46,23,0,0,69,0,151
7860.0,46,23,0,0,69,0,151
7861.0,46,23,0,0,69,0,151
7862.0,46,23,0,0,69,0,151
7863.0,46,23,0,0,69,0,151
7864.0,46,23,0,0,69,0,151
7865.0,46,23,0,0,69,0,151
7866.0,46,23,0,0,69,0,151
7867.0,46,23,0,0,69,0,151
7868.0,46,23,0,0,69,0,151
7869.0,46,23,0,0,69,0,151
7870.0,46,23,0,0,69,0,151
7871.0,46,23,0,0,69,0,151
7872.0,46,23,0,0,69,0,151
7873.0,46,23,0,0,69,0,151
7874.0,46,23,0,0,69,0,151
7875.0,46,23,0,0,69,0,151
7876.0,46,23,0,0,69,0,151
7877.0,46,23,0,0,69,0,151
7878.0,46,23,0,0,69,0,151
7879.0,46,23,0,0,69,0,151
7880.0,46,23,0,0,69,0,151
7881.0,46,23,0,0,69,0,151
7882.0,46,23,0,0,69,0,151
7883.0,46,23,0,0,69,0,151
7884.0,46,23,0,0,69,0,151
7885.0,46,23,0,0,69,0,151
7886.0,46,23,0,0,69,0,151
7887.0,46,23,0,0,69,0,151
7888.0,46,23,0,0,69,0,151
7889.0,46,23,0,0,69,0,151
7890.0,46,23,0,0,69,0,151
7891.0,46,23,0,0,69,0,151
7892.0,46,23,0,0,69,0,151
7893.0,46,23,0,0,69,0,151
7894.0,46,23,0,0,69,0,151
7895.0,46,23,0,0,69,0,151
7896.0,46,23,0,0,69,0,151
7897.0,46,23,0,0,69,0,151
7898.0,46,23,0,0,69,0,151
7899.0,46,23,0,0,69,0,151
7900.0,46,23,0,0,69,0,151
7901.0,46,23,0,0,69,0,151
7902.0,46,23,0,0,69,0,151
7903.0,46,23,0,0,69,0,151
7904.0,46,23,0,0,69,0,151
7905.0,46,23,0,0,69,0,151
7906.0,46,23,0,0,69,0,151
7907.0,46,23,0,0,69,0,151
7908.0,46,23,0,0,69,0,151
7909.0,46,23,0,0,69,0,151
7910.0,46,23,0,0,69,0,151
7911.0,46,23,0,0,69,0,151
7912.0,46,23,0,0,69,0,151
7913.0,46,23,0,0,69,0,151
7914.0,46,23,0,0,69,0,151
7915.0,46,23,0,0,69,0,151
7916.0,46,23,0,0,69,0,151
7917.0,46,23,0,0,69,0,151
7918.0,46,23,0,0,69,0,151
7919.0,46,23,0,0,69,0,151
7920.0,46,23,0,0,69,0,151
7921.0,46,23,0,0,69,0,151
7922.0,46,23,0,0,69,0,151
7923.0,46,23,0,0,69,0,151
7924.0,46,23,0,0,69,0,151
7925.0,46,23,0,0,69,0,151
7926.0,46,23,0,0,69,0,151
7927.0,46,23,0,0,69,0,151
7928.0,46,23,0,0,69,0,151
7929.0,46,23,0,0,69,0,151
7930.0,46,23,0,0,69,0,151
7931.0,46,23,0,0,69,0,151
7932.0,46,23,0,0,69,0,151
7933.0,46,23,0,0,69,0,151
7934.0,46,23,0,0,69,0,151
7935.0,46,23,0,0,69,0,151
7936.0,46,23,0,0,69,0,151
7937.0,46,23,0,0,69,0,151
7938.0,46,23,0,0,69,0,151
7939.0,46,23,0,0,69,0,151
7940.0,46,23,0,0,69,0,151
7941.0,46,23,0,0,69,0,151
7942.0,46,23,0,0,69,0,151
7943.0,46,23,0,0,69,0,151
7944.0,46,23,0,0,69,0,151
7945.0,46,23,0,0,69,0,151
7946.0,46,23,0,0,69,0,151
7947.0,46,23,0,0,69,0,151
7948.0,46,23,0,0,69,0,151
7949.0,46,23,0,0,69,0,151
7950.0,46,23,0,0,69,0,151
7951.0,46,23,0,0,69,0,151
7952.0,46,23,0,0,69,0,151
7953.0,46,23,0,0,69,0,151
7954.0,46,23,0,0,69,0,151
7955.0,46,23,0,0,69,0,151
7956.0,46,23,0,0,69,0,151
7957.0,46,23,0,0,69,0,151
7958.0,46,23,0,0,69,0,151
7959.0,46,23,0,0,69,0,151
7960.0,46,23,0,0,69,0,151
7961.0,46,23,0,0,69,0,151
7962.0,46,23,0,0,69,0,151
7963.0,46,23,0,0,69,0,151
7964.0,46,23,0,0,69,0,151
7965.0,46,23,0,0,69,0,151
7966.0,46,23,0,0,69,0,151
7967.0,46,23,0,0,69,0,151
7968.0,46,23,0,0,69,0,151
7969.0,46,23,0,0,69,0,151
7970.0,46,23,0,0,69,0,151
7971.0,46,23,0,0,69,0,151
7972.0,46,23,0,0,69,0,151
7973.0,46,23,0,0,69,0,151
7974.0,46,23,0,0,69,0,151
7975.0,46,23,0,0,69,0,151
7976.0,46,23,0,0,69,0,151
7977.0,46,23,0,0,69,0,151
7978.0,46,23,0,0,69,0,151
7979.0,46,23,0,0,69,0,151
7980.0,46,23,0,0,69,0,151
7981.0,46,23,0,0,69,0,151
7982.0,46,23,0,0,69,0,151
7983.0,46,23,0,0,69,0,151
7984.0,46,23,0,0,69,0,151
7985.0,46,23,0,0,69,0,151
7986.0,46,23,0,0,69,0,151
7987.0,46,23,0,0,69,0,151
7988.0,46,23,0,0,69,0,151
7989.0,46,23,0,0,69,0,151
7990.0,46,23,0,0,69,0,151
7991.0,46,23,0,0,69,0,151
7992.0,46,23,0,0,69,0,151
7993.0,46,23,0,0,69,0,151
7994.0,46,23,0,0,69,0,151
7995.0,46,23,0,0,69,0,151
7996.0,46,23,0,0,69,0,151
7997.0,46,23,0,0,69,0,151
7998.0,46,23,0,0,69,0,151
7999.0,46,23,0,0,69,0,151
8000.0,46,23,0,0,69,0,151
8001.0,46,23,0,0,69,0,151
8002.0,46,23,0,0,69,0,151
8003.0,46,23,0,0,69,0,151
8004.0,46,23,0,0,69,0,151
8005.0,46,23,0,0,69,0,151
8006.0,46,23,0,0,69,0,151
8007.0,46,23,0,0,69,0,151
8008.0,46,23,0,0,69,0,151
8009.0,46,23,0,0,69,0,151
8010.0,46,23,0,0,69,0,151
8011.0,46,23,0,0,69,0,151
8012.0,46,23,0,0,69,0,151
8013.0,46,23,0,0,69,0,151
8014.0,46,23,0,0,69,0,151
8015.0,46,23,0,0,69,0,151
8016.0,46,23,0,0,69,0,151
8017.0,46,23,0,0,69,0,151
8018.0,46,23,0,0,69,0,151
8019.0,46,23,0,0,69,0,151
8020.0,46,23,0,0,69,0,151
8021.0,46,23,0,0,69,0,151
8022.0,46,23,0,0,69,0,151
8023.0,46,23,0,0,69,0,151
8024.0,46,23,0,0,69,0,151
8025.0,46,23,0,0,69,0,151
8026.0,46,23,0,0,69,0,151
8027.0,46,23,0,0,69,0,151
8028.0,46,23,0,0,69,0,151
8029.0,46,23,0,0,69,0,151
8030.0,46,23,0,0,69,0,151
8031.0,46,23,0,0,69,0,151
8032.0,46,23,0,0,69,0,151
8033.0,46,23,0,0,69,0,151
8034.0,46,23,0,0,69,0,151
8035.0,46,23,0,0,69,0,151
8036.0,46,23,0,0,69,0,151
8037.0,46,23,0,0,69,0,151
8038.0,46,23,0,0,69,0,151
8039.0,46,23,0,0,69,0,151
8040.0,46,23,0,0,69,0,151
8041.0,46,23,0,0,69,0,151
8042.0,46,23,0,0,69,0,151
8043.0,46,23,0,0,69,0,151
8044.0,46,23,0,0,69,0,151
8045.0,46,23,0,0,69,0,151
8046.0,46,23,0,0,69,0,151
8047.0,46,23,0,0,69,0,151
8048.0,46,23,0,0,69,0,151
8049.0,46,23,0,0,69,0,151
8050.0,46,23,0,0,69,0,151
8051.0,46,23,0,0,69,0,151
8052.0,46,23,0,0,69,0,151
8053.0,46,23,0,0,69,0,151
8054.0,46,23,0,0,69,0,151
8055.0,46,23,0,0,69,0,151
8056.0,46,23,0,0,69,0,151
8057.0,46,23,0,0,69,0,151
8058.0,46,23,0,0,69,0,151
8059.0,46,23,0,0,69,0,151
8060.0,46,23,0,0,69,0,151
8061.0,46,23,0,0,69,0,151
8062.0,46,23,0,0,69,0,151
8063.0,46,23,0,0,69,0,151
8064.0,46,23,0,0,69,0,151
8065.0,46,23,0,0,69,0,151
8066.0,46,23,0,0,69,0,151
8067.0,46,23,0,0,69,0,151
8068.0,46,23,0,0,69,0,151
8069.0,46,23,0,0,69,0,151
8070.0,46,23,0,0,69,0,151
8071.0,46,23,0,0,69,0,151
8072.0,46,23,0,0,69,0,151
8073.0,46,23,0,0,69,0,151
8074.0,46,23,0,0,69,0,151
8075.0,46,23,0,0,69,0,151
8076.0,46,23,0,0,69,0,151
8077.0,46,23,0,0,69,0,151
8078.0,46,23,0,0,69,0,151
8079.0,46,23,0,0,69,0,151
8080.0,46,23,0,0,69,0,151
8081.0,46,23,0,0,69,0,151
8082.0,46,23,0,0,69,0,151
8083.0,46,23,0,0,69,0,151
8084.0,46,23,0,0,69,0,151
8085.0,46,23,0,0,69,0,151
8086.0,46,23,0,0,69,0,151
8087.0,46,23,0,0,69,0,151
8088.0,46,23,0,0,69,0,151
8089.0,46,23,0,0,69,0,151
8090.0,46,23,0,0,69,0,151
8091.0,46,23,0,0,69,0,151
8092.0,46,23,0,0,69,0,151
8093.0,46,23,0,0,69,0,151
8094.0,46,23,0,0,69,0,151
8095.0,46,23,0,0,69,0,151
8096.0,46,23,0,0,69,0,151
8097.0,46,23,0,0,69,0,151
8098.0,46,23,0,0,69,0,151
8099.0,46,23,0,0,69,0,151
8100.0,46,23,0,0,69,0,151
8101.0,46,23,0,0,69,0,151
8102.0,46,23,0,0,69,0,151
8103.0,46,23,0,0,69,0,151
8104.0,46,23,0,0,69,0,151
8105.0,46,23,0,0,69,0,151
8106.0,46,23,0,0,69,0,151
8107.0,46,23,0,0,69,0,151
8108.0,46,23,0,0,69,0,151
8109.0,46,23,0,0,69,0,151
8110.0,46,23,0,0,69,0,151
8111.0,46,23,0,0,69,0,151
8112.0,46,23,0,0,69,0,151
8113.0,46,23,0,0,69,0,151
8114.0,46,23,0,0,69,0,151
8115.0,46,23,0,0,69,0,151
8116.0,46,23,0,0,69,0,151
8117.0,46,23,0,0,69,0,151
8118.0,46,23,0,0,69,0,151
8119.0,46,23,0,0,69,0,151
8120.0,46,23,0,0,69,0,151
8121.0,46,23,0,0,69,0,151
8122.0,46,23,0,0,69,0,151
8123.0,46,23,0,0,69,0,151
8124.0,46,23,0,0,69,0,151
8125.0,46,23,0,0,69,0,151
8126.0,46,23,0,0,69,0,151
8127.0,46,23,0,0,69,0,151
8128.0,46,23,0,0,69,0,151
8129.0,46,23,0,0,69,0,151
8130.0,46,23,0,0,69,0,151
8131.0,46,23,0,0,69,0,151
8132.0,46,23,0,0,69,0,151
8133.0,46,23,0,0,69,0,151
8134.0,46,23,0,0,69,0,151
8135.0,46,23,0,0,69,0,151
8136.0,46,23,0,0,69,0,151
8137.0,46,23,0,0,69,0,151
8138.0,46,23,0,0,69,0,151
8139.0,46,23,0,0,69,0,151
8140.0,46,23,0,0,69,0,151
8141.0,46,23,0,0,69,0,151
8142.0,46,23,0,0,69,0,151
8143.0,46,23,0,0,69,0,151
8144.0,46,23,0,0,69,0,151
8145.0,46,23,0,0,69,0,151
8146.0,46,23,0,0,69,0,151
8147.0,46,23,0,0,69,0,151
8148.0,46,23,0,0,69,0,151
8149.0,46,23,0,0,69,0,151
8150.0,46,23,0,0,69,0,151
8151.0,46,23,0,0,69,0,151
8152.0,46,23,0,0,69,0,151
8153.0,46,23,0,0,69,0,151
8154.0,46,23,0,0,69,0,151
8155.0,46,23,0,0,69,0,151
8156.0,46,23,0,0,69,0,151
8157.0,46,23,0,0,69,0,151
8158.0,46,23,0,0,69,0,151
8159.0,46,23,0,0,69,0,151
8160.0,46,23,0,0,69,0,151
8161.0,46,23,0,0,69,0,151
8162.0,46,23,0,0,69,0,151
8163.0,46,23,0,0,69,0,151
8164.0,46,23,0,0,69,0,151
8165.0,46,23,0,0,69,0,151
8166.0,46,23,0,0,69,0,151
8167.0,46,23,0,0,69,0,151
8168.0,46,23,0,0,69,0,151
8169.0,46,23,0,0,69,0,151
8170.0,46,23,0,0,69,0,151
8171.0,46,23,0,0,69,0,151
8172.0,46,23,0,0,69,0,151
8173.0,46,23,0,0,69,0,151
8174.0,46,23,0,0,69,0,151
8175.0,46,23,0,0,69,0,151
8176.0,46,23,0,0,69,0,151
8177.0,46,23,0,0,69,0,151
8178.0,46,23,0,0,69,0,151
8179.0,46,23,0,0,69,0,151
8180.0,46,23,0,0,69,0,151
8181.0,46,23,0,0,69,0,151
8182.0,46,23,0,0,69,0,151
8183.0,46,23,0,0,69,0,151
8184.0,46,23,0,0,69,0,151
8185.0,46,23,0,0,69,0,151
8186.0,46,23,0,0,69,0,151
8187.0,46,23,0,0,69,0,151
8188.0,46,23,0,0,69,0,151
8189.0,46,23,0,0,69,0,151
8190.0,46,23,0,0,69,0,151
8191.0,46,23,0,0,69,0,151
8192.0,46,23,0,0,69,0,151
8193.0,46,23,0,0,69,0,151
8194.0,46,23,0,0,69,0,151
8195.0,46,23,0,0,69,0,151
8196.0,46,23,0,0,69,0,151
8197.0,46,23,0,0,69,0,151
8198.0,46,23,0,0,69,0,151
8199.0,46,23,0,0,69,0,151
8200.0,46,23,0,0,69,0,151
8201.0,46,23,0,0,69,0,151
8202.0,46,23,0,0,69,0,151
8203.0,46,23,0,0,69,0,151
8204.0,46,23,0,0,69,0,151
8205.0,46,23,0,0,69,0,151
8206.0,46,23,0,0,69,0,151
8207.0,46,23,0,0,69,0,151
8208.0,46,23,0,0,69,0,151
8209.0,46,23,0,0,69,0,151
8210.0,46,23,0,0,69,0,151
8211.0,46,23,0,0,69,0,151
8212.0,46,23,0,0,69,0,151
8213.0,46,23,0,0,69,0,151
8214.0,46,23,0,0,69,0,151
8215.0,46,23,0,0,69,0,151
8216.0,46,23,0,0,69,0,151
8217.0,46,23,0,0,69,0,151
8218.0,46,23,0,0,69,0,151
8219.0,46,23,0,0,69,0,151
8220.0,46,23,0,0,69,0,151
8221.0,46,23,0,0,69,0,151
8222.0,46,23,0,0,69,0,151
8223.0,46,23,0,0,69,0,151
8224.0,46,23,0,0,69,0,151
8225.0,46,23,0,0,69,0,151
8226.0,46,23,0,0,69,0,151
8227.0,46,23,0,0,69,0,151
8228.0,46,23,0,0,69,0,151
8229.0,46,23,0,0,69,0,151
8230.0,46,23,0,0,69,0,151
8231.0,46,23,0,0,69,0,151
8232.0,46,23,0,0,69,0,151
8233.0,46,23,0,0,69,0,151
8234.0,46,23,0,0,69,0,151
8235.0,46,23,0,0,69,0,151
8236.0,46,23,0,0,69,0,151
8237.0,46,23,0,0,69,0,151
8238.0,46,23,0,0,69,0,151
8239.0,46,23,0,0,69,0,151
8240.0,46,23,0,0,69,0,151
8241.0,46,23,0,0,69,0,151
8242.0,46,23,0,0,69,0,151
8243.0,46,23,0,0,69,0,151
8244.0,46,23,0,0,69,0,151
8245.0,46,23,0,0,69,0,151
8246.0,46,23,0,0,69,0,151
8247.0,46,23,0,0,69,0,151
8248.0,46,23,0,0,69,0,151
8249.0,46,23,0,0,69,0,151
8250.0,46,23,0,0,69,0,151
8251.0,46,23,0,0,69,0,151
8252.0,46,23,0,0,69,0,151
8253.0,46,23,0,0,69,0,151
8254.0,46,23,0,0,69,0,151
8255.0,46,23,0,0,69,0,151
8256.0,46,23,0,0,69,0,151
8257.0,46,23,0,0,69,0,151
8258.0,46,23,0,0,69,0,151
8259.0,46,23,0,0,69,0,151
8260.0,46,23,0,0,69,0,151
8261.0,46,23,0,0,69,0,151
8262.0,46,23,0,0,69,0,151
8263.0,46,23,0,0,69,0,151
8264.0,46,23,0,0,69,0,151
8265.0,46,23,0,0,69,0,151
8266.0,46,23,0,0,69,0,151
8267.0,46,23,0,0,69,0,151
8268.0,46,23,0,0,69,0,151
8269.0,46,23,0,0,69,0,151
8270.0,46,23,0,0,69,0,151
8271.0,46,23,0,0,69,0,151
8272.0,46,23,0,0,69,0,151
8273.0,46,23,0,0,69,0,151
8274.0,46,23,0,0,69,0,151
8275.0,46,23,0,0,69,0,151
8276.0,46,23,0,0,69,0,151
8277.0,46,23,0,0,69,0,151
8278.0,46,23,0,0,69,0,151
8279.0,46,23,0,0,69,0,151
8280.0,46,23,0,0,69,0,151
8281.0,46,23,0,0,69,0,151
8282.0,46,23,0,0,69,0,151
8283.0,46,23,0,0,69,0,151
8284.0,46,23,0,0,69,0,151
8285.0,46,23,0,0,69,0,151
8286.0,46,23,0,0,69,0,151
8287.0,46,23,0,0,69,0,151
8288.0,46,23,0,0,69,0,151
8289.0,46,23,0,0,69,0,151
8290.0,46,23,0,0,69,0,151
8291.0,46,23,0,0,69,0,151
8292.0,46,23,0,0,69,0,151
8293.0,46,23,0,0,69,0,151
8294.0,46,23,0,0,69,0,151
8295.0,46,23,0,0,69,0,151
8296.0,46,23,0,0,69,0,151
8297.0,46,23,0,0,69,0,151
8298.0,46,23,0,0,69,0,151
8299.0,46,23,0,0,69,0,151
8300.0,46,23,0,0,69,0,151
8301.0,46,23,0,0,69,0,151
8302.0,46,23,0,0,69,0,151
8303.0,46,23,0,0,69,0,151
8304.0,46,23,0,0,69,0,151
8305.0,46,23,0,0,69,0,151
8306.0,46,23,0,0,69,0,151
8307.0,46,23,0,0,69,0,151
8308.0,46,23,0,0,69,0,151
8309.0,46,23,0,0,69,0,151
8310.0,46,23,0,0,69,0,151
8311.0,46,23,0,0,69,0,151
8312.0,46,23,0,0,69,0,151
8313.0,46,23,0,0,69,0,151
8314.0,46,23,0,0,69,0,151
8315.0,46,23,0,0,69,0,151
8316.0,46,23,0,0,69,0,151
8317.0,46,23,0,0,69,0,151
8318.0,46,23,0,0,69,0,151
8319.0,46,23,0,0,69,0,151
8320.0,46,23,0,0,69,0,151
8321.0,46,23,0,0,69,0,151
8322.0,46,23,0,0,69,0,151
8323.0,46,23,0,0,69,0,151
8324.0,46,23,0,0,69,0,151
8325.0,46,23,0,0,69,0,151
8326.0,46,23,0,0,69,0,151
8327.0,46,23,0,0,69,0,151
8328.0,46,23,0,0,69,0,151
8329.0,46,23,0,0,69,0,151
8330.0,46,23,0,0,69,0,151
8331.0,46,23,0,0,69,0,151
8332.0,46,23,0,0,69,0,151
8333.0,46,23,0,0,69,0,151
8334.0,46,23,0,0,69,0,151
8335.0,46,23,0,0,69,0,151
8336.0,46,23,0,0,69,0,151
8337.0,46,23,0,0,69,0,151
8338.0,46,23,0,0,69,0,151
8339.0,46,23,0,0,69,0,151
8340.0,46,23,0,0,69,0,151
8341.0,46,23,0,0,69,0,151
8342.0,46,23,0,0,69,0,151
8343.0,46,23,0,0,69,0,151
8344.0,46,23,0,0,69,0,151
8345.0,46,23,0,0,69,0,151
8346.0,46,23,0,0,69,0,151
8347.0,46,23,0,0,69,0,151
8348.0,46,23,0,0,69,0,151
8349.0,46,23,0,0,69,0,151
8350.0,46,23,0,0,69,0,151
8351.0,46,23,0,0,69,0,151
8352.0,46,23,0,0,69,0,151
8353.0,46,23,0,0,69,0,151
8354.0,46,23,0,0,69,0,151
8355.0,46,23,0,0,69,0,151
8356.0,46,23,0,0,69,0,151
8357.0,46,23,0,0,69,0,151
8358.0,46,23,0,0,69,0,151
8359.0,46,23,0,0,69,0,151
8360.0,46,23,0,0,69,0,151
8361.0,46,23,0,0,69,0,151
8362.0,46,23,0,0,69,0,151
8363.0,46,23,0,0,69,0,151
8364.0,46,23,0,0,69,0,151
8365.0,46,23,0,0,69,0,151
8366.0,46,23,0,0,69,0,151
8367.0,46,23,0,0,69,0,151
8368.0,46,23,0,0,69,0,151
8369.0,46,23,0,0,69,0,151
8370.0,46,23,0,0,69,0,151
8371.0,46,23,0,0,69,0,151
8372.0,46,23,0,0,69,0,151
8373.0,46,23,0,0,69,0,151
8374.0,46,23,0,0,69,0,151
8375.0,46,23,0,0,69,0,151
8376.0,46,23,0,0,69,0,151
8377.0,46,23,0,0,69,0,151
8378.0,46,23,0,0,69,0,151
8379.0,46,23,0,0,69,0,151
8380.0,46,23,0,0,69,0,151
8381.0,46,23,0,0,69,0,151
8382.0,46,23,0,0,69,0,151
8383.0,46,23,0,0,69,0,151
8384.0,46,23,0,0,69,0,151
8385.0,46,23,0,0,69,0,151
8386.0,46,23,0,0,69,0,151
8387.0,46,23,0,0,69,0,151
8388.0,46,23,0,0,69,0,151
8389.0,46,23,0,0,69,0,151
8390.0,46,23,0,0,69,0,151
8391.0,46,23,0,0,69,0,151
8392.0,46,23,0,0,69,0,151
8393.0,46,23,0,0,69,0,151
8394.0,46,23,0,0,69,0,151
8395.0,46,23,0,0,69,0,151
8396.0,46,23,0,0,69,0,151
8397.0,46,23,0,0,69,0,151
8398.0,46,23,0,0,69,0,151
8399.0,46,23,0,0,69,0,151
8400.0,46,23,0,0,69,0,151
8401.0,46,23,0,0,69,0,151
8402.0,46,23,0,0,69,0,151
8403.0,46,23,0,0,69,0,151
8404.0,46,23,0,0,69,0,151
8405.0,46,23,0,0,69,0,151
8406.0,46,23,0,0,69,0,151
8407.0,46,23,0,0,69,0,151
8408.0,46,23,0,0,69,0,151
8409.0,46,23,0,0,69,0,151
8410.0,46,23,0,0,69,0,151
8411.0,46,23,0,0,69,0,151
8412.0,46,23,0,0,69,0,151
8413.0,46,23,0,0,69,0,151
8414.0,46,23,0,0,69,0,151
8415.0,46,23,0,0,69,0,151
8416.0,46,23,0,0,69,0,151
8417.0,46,23,0,0,69,0,151
8418.0,46,23,0,0,69,0,151
8419.0,46,23,0,0,69,0,151
8420.0,46,23,0,0,69,0,151
8421.0,46,23,0,0,69,0,151
8422.0,46,23,0,0,69,0,151
8423.0,46,23,0,0,69,0,151
8424.0,46,23,0,0,69,0,151
8425.0,46,23,0,0,69,0,151
8426.0,46,23,0,0,69,0,151
8427.0,46,23,0,0,69,0,151
8428.0,46,23,0,0,69,0,151
8429.0,46,23,0,0,69,0,151
8430.0,46,23,0,0,69,0,151
8431.0,46,23,0,0,69,0,151
8432.0,46,23,0,0,69,0,151
8433.0,46,23,0,0,69,0,151
8434.0,46,23,0,0,69,0,151
8435.0,46,23,0,0,69,0,151
8436.0,46,23,0,0,69,0,151
8437.0,46,23,0,0,69,0,151
8438.0,46,23,0,0,69,0,151
8439.0,46,23,0,0,69,0,151
8440.0,46,23,0,0,69,0,151
8441.0,46,23,0,0,69,0,151
8442.0,46,23,0,0,69,0,151
8443.0,46,23,0,0,69,0,151
8444.0,46,23,0,0,69,0,151
8445.0,46,23,0,0,69,0,151
8446.0,46,23,0,0,69,0,151
8447.0,46,23,0,0,69,0,151
8448.0,46,23,0,0,69,0,151
8449.0,46,23,0,0,69,0,151
8450.0,46,23,0,0,69,0,151
8451.0,46,23,0,0,69,0,151
8452.0,46,23,0,0,69,0,151
8453.0,46,23,0,0,69,0,151
8454.0,46,23,0,0,69,0,151
8455.0,46,23,0,0,69,0,151
8456.0,46,23,0,0,69,0,151
8457.0,46,23,0,0,69,0,151
8458.0,46,23,0,0,69,0,151
8459.0,46,23,0,0,69,0,151
8460.0,46,23,0,0,69,0,151
8461.0,46,23,0,0,69,0,151
8462.0,46,23,0,0,69,0,151
8463.0,46,23,0,0,69,0,151
8464.0,46,23,0,0,69,0,151
8465.0,46,23,0,0,69,0,151
8466.0,46,23,0,0,69,0,151
8467.0,46,23,0,0,69,0,151
8468.0,46,23,0,0,69,0,151
8469.0,46,23,0,0,69,0,151
8470.0,46,23,0,0,69,0,151
8471.0,46,23,0,0,69,0,151
8472.0,46,23,0,0,69,0,151
8473.0,46,23,0,0,69,0,151
8474.0,46,23,0,0,69,0,151
8475.0,46,23,0,0,69,0,151
8476.0,46,23,0,0,69,0,151
8477.0,46,23,0,0,69,0,151
8478.0,46,23,0,0,69,0,151
8479.0,46,23,0,0,69,0,151
8480.0,46,23,0,0,69,0,151
8481.0,46,23,0,0,69,0,151
8482.0,46,23,0,0,69,0,151
8483.0,46,23,0,0,69,0,151
8484.0,46,23,0,0,69,0,151
8485.0,46,23,0,0,69,0,151
8486.0,46,23,0,0,69,0,151
8487.0,46,23,0,0,69,0,151
8488.0,46,23,0,0,69,0,151
8489.0,46,23,0,0,69,0,151
8490.0,46,23,0,0,69,0,151
8491.0,46,23,0,0,69,0,151
8492.0,46,23,0,0,69,0,151
8493.0,46,23,0,0,69,0,151
8494.0,46,23,0,0,69,0,151
8495.0,46,23,0,0,69,0,151
8496.0,46,23,0,0,69,0,151
8497.0,46,23,0,0,69,0,151
8498.0,46,23,0,0,69,0,151
8499.0,46,23,0,0,69,0,151
8500.0,46,23,0,0,69,0,151
8501.0,46,23,0,0,69,0,151
8502.0,46,23,0,0,69,0,151
8503.0,46,23,0,0,69,0,151
8504.0,46,23,0,0,69,0,151
8505.0,46,23,0,0,69,0,151
8506.0,46,23,0,0,69,0,151
8507.0,46,23,0,0,69,0,151
8508.0,46,23,0,0,69,0,151
8509.0,46,23,0,0,69,0,151
8510.0,46,23,0,0,69,0,151
8511.0,46,23,0,0,69,0,151
8512.0,46,23,0,0,69,0,151
8513.0,46,23,0,0,69,0,151
8514.0,46,23,0,0,69,0,151
8515.0,46,23,0,0,69,0,151
8516.0,46,23,0,0,69,0,151
8517.0,46,23,0,0,69,0,151
8518.0,46,23,0,0,69,0,151
8519.0,46,23,0,0,69,0,151
8520.0,46,23,0,0,69,0,151
8521.0,46,23,0,0,69,0,151
8522.0,46,23,0,0,69,0,151
8523.0,46,23,0,0,69,0,151
8524.0,46,23,0,0,69,0,151
8525.0,46,23,0,0,69,0,151
8526.0,46,23,0,0,69,0,151
8527.0,46,23,0,0,69,0,151
8528.0,46,23,0,0,69,0,151
8529.0,46,23,0,0,69,0,151
8530.0,46,23,0,0,69,0,151
8531.0,46,23,0,0,69,0,151
8532.0,46,23,0,0,69,0,151
8533.0,46,23,0,0,69,0,151
8534.0,46,23,0,0,69,0,151
8535.0,46,23,0,0,69,0,151
8536.0,46,23,0,0,69,0,151
8537.0,46,23,0,0,69,0,151
8538.0,46,23,0,0,69,0,151
8539.0,46,23,0,0,69,0,151
8540.0,46,23,0,0,69,0,151
8541.0,46,23,0,0,69,0,151
8542.0,46,23,0,0,69,0,151
8543.0,46,23,0,0,69,0,151
8544.0,46,23,0,0,69,0,151
8545.0,46,23,0,0,69,0,151
8546.0,46,23,0,0,69,0,151
8547.0,46,23,0,0,69,0,151
8548.0,46,23,0,0,69,0,151
8549.0,46,23,0,0,69,0,151
8550.0,46,23,0,0,69,0,151
8551.0,46,23,0,0,69,0,151
8552.0,46,23,0,0,69,0,151
8553.0,46,23,0,0,69,0,151
8554.0,46,23,0,0,69,0,151
8555.0,46,23,0,0,69,0,151
8556.0,46,23,0,0,69,0,151
8557.0,46,23,0,0,69,0,151
8558.0,46,23,0,0,69,0,151
8559.0,46,23,0,0,69,0,151
8560.0,46,23,0,0,69,0,151
8561.0,46,23,0,0,69,0,151
8562.0,46,23,0,0,69,0,151
8563.0,46,23,0,0,69,0,151
8564.0,46,23,0,0,69,0,151
8565.0,46,23,0,0,69,0,151
8566.0,46,23,0,0,69,0,151
8567.0,46,23,0,0,69,0,151
8568.0,46,23,0,0,69,0,151
8569.0,46,23,0,0,69,0,151
8570.0,46,23,0,0,69,0,151
8571.0,46,23,0,0,69,0,151
8572.0,46,23,0,0,69,0,151
8573.0,46,23,0,0,69,0,151
8574.0,46,23,0,0,69,0,151
8575.0,46,23,0,0,69,0,151
8576.0,46,23,0,0,69,0,151
8577.0,46,23,0,0,69,0,151
8578.0,46,23,0,0,69,0,151
8579.0,46,23,0,0,69,0,151
8580.0,46,23,0,0,69,0,151
8581.0,46,23,0,0,69,0,151
8582.0,46,23,0,0,69,0,151
8583.0,46,23,0,0,69,0,151
8584.0,46,23,0,0,69,0,151
8585.0,46,23,0,0,69,0,151
8586.0,46,23,0,0,69,0,151
8587.0,46,23,0,0,69,0,151
8588.0,46,23,0,0,69,0,151
8589.0,46,23,0,0,69,0,151
8590.0,46,23,0,0,69,0,151
8591.0,46,23,0,0,69,0,151
8592.0,46,23,0,0,69,0,151
8593.0,46,23,0,0,69,0,151
8594.0,46,23,0,0,69,0,151
8595.0,46,23,0,0,69,0,151
8596.0,46,23,0,0,69,0,151
8597.0,46,23,0,0,69,0,151
8598.0,46,23,0,0,69,0,151
8599.0,46,23,0,0,69,0,151
8600.0,46,23,0,0,69,0,151
8601.0,46,23,0,0,69,0,151
8602.0,46,23,0,0,69,0,151
8603.0,46,23,0,0,69,0,151
8604.0,46,23,0,0,69,0,151
8605.0,46,23,0,0,69,0,151
8606.0,46,23,0,0,69,0,151
8607.0,46,23,0,0,69,0,151
8608.0,46,23,0,0,69,0,151
8609.0,46,23,0,0,69,0,151
8610.0,46,23,0,0,69,0,151
8611.0,46,23,0,0,69,0,151
8612.0,46,23,0,0,69,0,151
8613.0,46,23,0,0,69,0,151
8614.0,46,23,0,0,69,0,151
8615.0,46,23,0,0,69,0,151
8616.0,46,23,0,0,69,0,151
8617.0,46,23,0,0,69,0,151
8618.0,46,23,0,0,69,0,151
8619.0,46,23,0,0,69,0,151
8620.0,46,23,0,0,69,0,151
8621.0,46,23,0,0,69,0,151
8622.0,46,23,0,0,69,0,151
8623.0,46,23,0,0,69,0,151
8624.0,46,23,0,0,69,0,151
8625.0,46,23,0,0,69,0,151
8626.0,46,23,0,0,69,0,151
8627.0,46,23,0,0,69,0,151
8628.0,46,23,0,0,69,0,151
8629.0,46,23,0,0,69,0,151
8630.0,46,23,0,0,69,0,151
8631.0,46,23,0,0,69,0,151
8632.0,46,23,0,0,69,0,151
8633.0,46,23,0,0,69,0,151
8634.0,46,23,0,0,69,0,151
8635.0,46,23,0,0,69,0,151
8636.0,46,23,0,0,69,0,151
8637.0,46,23,0,0,69,0,151
8638.0,46,23,0,0,69,0,151
8639.0,46,23,0,0,69,0,151
8640.0,46,23,0,0,69,0,151
8641.0,46,23,0,0,69,0,151
8642.0,46,23,0,0,69,0,151
8643.0,46,23,0,0,69,0,151
8644.0,46,23,0,0,69,0,151
8645.0,46,23,0,0,69,0,151
8646.0,46,23,0,0,69,0,151
8647.0,46,23,0,0,69,0,151
8648.0,46,23,0,0,69,0,151
8649.0,46,23,0,0,69,0,151
8650.0,46,23,0,0,69,0,151
8651.0,46,23,0,0,69,0,151
8652.0,46,23,0,0,69,0,151
8653.0,46,23,0,0,69,0,151
8654.0,46,23,0,0,69,0,151
8655.0,46,23,0,0,69,0,151
8656.0,46,23,0,0,69,0,151
8657.0,46,23,0,0,69,0,151
8658.0,46,23,0,0,69,0,151
8659.0,46,23,0,0,69,0,151
8660.0,46,23,0,0,69,0,151
8661.0,46,23,0,0,69,0,151
8662.0,46,23,0,0,69,0,151
8663.0,46,23,0,0,69,0,151
8664.0,46,23,0,0,69,0,151
8665.0,46,23,0,0,69,0,151
8666.0,46,23,0,0,69,0,151
8667.0,46,23,0,0,69,0,151
8668.0,46,23,0,0,69,0,151
8669.0,46,23,0,0,69,0,151
8670.0,46,23,0,0,69,0,151
8671.0,46,23,0,0,69,0,151
8672.0,46,23,0,0,69,0,151
8673.0,46,23,0,0,69,0,151
8674.0,46,23,0,0,69,0,151
8675.0,46,23,0,0,69,0,151
8676.0,46,23,0,0,69,0,151
8677.0,46,23,0,0,69,0,151
8678.0,46,23,0,0,69,0,151
8679.0,46,23,0,0,69,0,151
8680.0,46,23,0,0,69,0,151
8681.0,46,23,0,0,69,0,151
8682.0,46,23,0,0,69,0,151
8683.0,46,23,0,0,69,0,151
8684.0,46,23,0,0,69,0,151
8685.0,46,23,0,0,69,0,151
8686.0,46,23,0,0,69,0,151
8687.0,46,23,0,0,69,0,151
8688.0,46,23,0,0,69,0,151
8689.0,46,23,0,0,69,0,151
8690.0,46,23,0,0,69,0,151
8691.0,46,23,0,0,69,0,151
8692.0,46,23,0,0,69,0,151
8693.0,46,23,0,0,69,0,151
8694.0,46,23,0,0,69,0,151
8695.0,46,23,0,0,69,0,151
8696.0,46,23,0,0,69,0,151
8697.0,46,23,0,0,69,0,151
8698.0,46,23,0,0,69,0,151
8699.0,46,23,0,0,69,0,151
8700.0,46,23,0,0,69,0,151
8701.0,46,23,0,0,69,0,151
8702.0,46,23,0,0,69,0,151
8703.0,46,23,0,0,69,0,151
8704.0,46,23,0,0,69,0,151
8705.0,46,23,0,0,69,0,151
8706.0,46,23,0,0,69,0,151
8707.0,46,23,0,0,69,0,151
8708.0,46,23,0,0,69,0,151
8709.0,46,23,0,0,69,0,151
8710.0,46,23,0,0,69,0,151
8711.0,46,23,0,0,69,0,151
8712.0,46,23,0,0,69,0,151
8713.0,46,23,0,0,69,0,151
8714.0,46,23,0,0,69,0,151
8715.0,46,23,0,0,69,0,151
8716.0,46,23,0,0,69,0,151
8717.0,46,23,0,0,69,0,151
8718.0,46,23,0,0,69,0,151
8719.0,46,23,0,0,69,0,151
8720.0,46,23,0,0,69,0,151
8721.0,46,23,0,0,69,0,151
8722.0,46,23,0,0,69,0,151
8723.0,46,23,0,0,69,0,151
8724.0,46,23,0,0,69,0,151
8725.0,46,23,0,0,69,0,151
8726.0,46,23,0,0,69,0,151
8727.0,46,23,0,0,69,0,151
8728.0,46,23,0,0,69,0,151
8729.0,46,23,0,0,69,0,151
8730.0,46,23,0,0,69,0,151
8731.0,46,23,0,0,69,0,151
8732.0,46,23,0,0,69,0,151
8733.0,46,23,0,0,69,0,151
8734.0,46,23,0,0,69,0,151
8735.0,46,23,0,0,69,0,151
8736.0,46,23,0,0,69,0,151
8737.0,46,23,0,0,69,0,151
8738.0,46,23,0,0,69,0,151
8739.0,46,23,0,0,69,0,151
8740.0,46,23,0,0,69,0,151
8741.0,46,23,0,0,69,0,151
8742.0,46,23,0,0,69,0,151
8743.0,46,23,0,0,69,0,151
8744.0,46,23,0,0,69,0,151
8745.0,46,23,0,0,69,0,151
8746.0,46,23,0,0,69,0,151
8747.0,46,23,0,0,69,0,151
8748.0,46,23,0,0,69,0,151
8749.0,46,23,0,0,69,0,151
8750.0,46,23,0,0,69,0,151
8751.0,46,23,0,0,69,0,151
8752.0,46,23,0,0,69,0,151
8753.0,46,23,0,0,69,0,151
8754.0,46,23,0,0,69,0,151
8755.0,46,23,0,0,69,0,151
8756.0,46,23,0,0,69,0,151
8757.0,46,23,0,0,69,0,151
8758.0,46,23,0,0,69,0,151
8759.0,46,23,0,0,69,0,151
8760.0,46,23,0,0,69,0,151
8761.0,46,23,0,0,69,0,151
8762.0,46,23,0,0,69,0,151
8763.0,46,23,0,0,69,0,151
8764.0,46,23,0,0,69,0,151
8765.0,46,23,0,0,69,0,151
8766.0,46,23,0,0,69,0,151
8767.0,46,23,0,0,69,0,151
8768.0,46,23,0,0,69,0,151
8769.0,46,23,0,0,69,0,151
8770.0,46,23,0,0,69,0,151
8771.0,46,23,0,0,69,0,151
8772.0,46,23,0,0,69,0,151
8773.0,46,23,0,0,69,0,151
8774.0,46,23,0,0,69,0,151
8775.0,46,23,0,0,69,0,151
8776.0,46,23,0,0,69,0,151
8777.0,46,23,0,0,69,0,151
8778.0,46,23,0,0,69,0,151
8779.0,46,23,0,0,69,0,151
8780.0,46,23,0,0,69,0,151
8781.0,46,23,0,0,69,0,151
8782.0,46,23,0,0,69,0,151
8783.0,46,23,0,0,69,0,151
8784.0,46,23,0,0,69,0,151
8785.0,46,23,0,0,69,0,151
8786.0,46,23,0,0,69,0,151
8787.0,46,23,0,0,69,0,151
8788.0,46,23,0,0,69,0,151
8789.0,46,23,0,0,69,0,151
8790.0,46,23,0,0,69,0,151
8791.0,46,23,0,0,69,0,151
8792.0,46,23,0,0,69,0,151
8793.0,46,23,0,0,69,0,151
8794.0,46,23,0,0,69,0,151
8795.0,46,23,0,0,69,0,151
8796.0,46,23,0,0,69,0,151
8797.0,46,23,0,0,69,0,151
8798.0,46,23,0,0,69,0,151
8799.0,46,23,0,0,69,0,151
8800.0,46,23,0,0,69,0,151
8801.0,46,23,0,0,69,0,151
8802.0,46,23,0,0,69,0,151
8803.0,46,23,0,0,69,0,151
8804.0,46,23,0,0,69,0,151
8805.0,46,23,0,0,69,0,151
8806.0,46,23,0,0,69,0,151
8807.0,46,23,0,0,69,0,151
8808.0,46,23,0,0,69,0,151
8809.0,46,23,0,0,69,0,151
8810.0,46,23,0,0,69,0,151
8811.0,46,23,0,0,69,0,151
8812.0,46,23,0,0,69,0,151
8813.0,46,23,0,0,69,0,151
8814.0,46,23,0,0,69,0,151
8815.0,46,23,0,0,69,0,151
8816.0,46,23,0,0,69,0,151
8817.0,46,23,0,0,69,0,151
8818.0,46,23,0,0,69,0,151
8819.0,46,23,0,0,69,0,151
8820.0,46,23,0,0,69,0,151
8821.0,46,23,0,0,69,0,151
8822.0,46,23,0,0,69,0,151
8823.0,46,23,0,0,69,0,151
8824.0,46,23,0,0,69,0,151
8825.0,46,23,0,0,69,0,151
8826.0,46,23,0,0,69,0,151
8827.0,46,23,0,0,69,0,151
8828.0,46,23,0,0,69,0,151
8829.0,46,23,0,0,69,0,151
8830.0,46,23,0,0,69,0,151
8831.0,46,23,0,0,69,0,151
8832.0,46,23,0,0,69,0,151
8833.0,46,23,0,0,69,0,151
8834.0,46,23,0,0,69,0,151
8835.0,46,23,0,0,69,0,151
8836.0,46,23,0,0,69,0,151
8837.0,46,23,0,0,69,0,151
8838.0,46,23,0,0,69,0,151
8839.0,46,23,0,0,69,0,151
8840.0,46,23,0,0,69,0,151
8841.0,46,23,0,0,69,0,151
8842.0,46,23,0,0,69,0,151
8843.0,46,23,0,0,69,0,151
8844.0,46,23,0,0,69,0,151
8845.0,46,23,0,0,69,0,151
8846.0,46,23,0,0,69,0,151
8847.0,46,23,0,0,69,0,151
8848.0,46,23,0,0,69,0,151
8849.0,46,23,0,0,69,0,151
8850.0,46,23,0,0,69,0,151
8851.0,46,23,0,0,69,0,151
8852.0,46,23,0,0,69,0,151
8853.0,46,23,0,0,69,0,151
8854.0,46,23,0,0,69,0,151
8855.0,46,23,0,0,69,0,151
8856.0,46,23,0,0,69,0,151
8857.0,46,23,0,0,69,0,151
8858.0,46,23,0,0,69,0,151
8859.0,46,23,0,0,69,0,151
8860.0,46,23,0,0,69,0,151
8861.0,46,23,0,0,69,0,151
8862.0,46,23,0,0,69,0,151
8863.0,46,23,0,0,69,0,151
8864.0,46,23,0,0,69,0,151
8865.0,46,23,0,0,69,0,151
8866.0,46,23,0,0,69,0,151
8867.0,46,23,0,0,69,0,151
8868.0,46,23,0,0,69,0,151
8869.0,46,23,0,0,69,0,151
8870.0,46,23,0,0,69,0,151
8871.0,46,23,0,0,69,0,151
8872.0,46,23,0,0,69,0,151
8873.0,46,23,0,0,69,0,151
8874.0,46,23,0,0,69,0,151
8875.0,46,23,0,0,69,0,151
8876.0,46,23,0,0,69,0,151
8877.0,46,23,0,0,69,0,151
8878.0,46,23,0,0,69,0,151
8879.0,46,23,0,0,69,0,151
8880.0,46,23,0,0,69,0,151
8881.0,46,23,0,0,69,0,151
8882.0,46,23,0,0,69,0,151
8883.0,46,23,0,0,69,0,151
8884.0,46,23,0,0,69,0,151
8885.0,46,23,0,0,69,0,151
8886.0,46,23,0,0,69,0,151
8887.0,46,23,0,0,69,0,151
8888.0,46,23,0,0,69,0,151
8889.0,46,23,0,0,69,0,151
8890.0,46,23,0,0,69,0,151
8891.0,46,23,0,0,69,0,151
8892.0,46,23,0,0,69,0,151
8893.0,46,23,0,0,69,0,151
8894.0,46,23,0,0,69,0,151
8895.0,46,23,0,0,69,0,151
8896.0,46,23,0,0,69,0,151
8897.0,46,23,0,0,69,0,151
8898.0,46,23,0,0,69,0,151
8899.0,46,23,0,0,69,0,151
8900.0,46,23,0,0,69,0,151
8901.0,46,23,0,0,69,0,151
8902.0,46,23,0,0,69,0,151
8903.0,46,23,0,0,69,0,151
8904.0,46,23,0,0,69,0,151
8905.0,46,23,0,0,69,0,151
8906.0,46,23,0,0,69,0,151
8907.0,46,23,0,0,69,0,151
8908.0,46,23,0,0,69,0,151
8909.0,46,23,0,0,69,0,151
8910.0,46,23,0,0,69,0,151
8911.0,46,23,0,0,69,0,151
8912.0,46,23,0,0,69,0,151
8913.0,46,23,0,0,69,0,151
8914.0,46,23,0,0,69,0,151
8915.0,46,23,0,0,69,0,151
8916.0,46,23,0,0,69,0,151
8917.0,46,23,0,0,69,0,151
8918.0,46,23,0,0,69,0,151
8919.0,46,23,0,0,69,0,151
8920.0,46,23,0,0,69,0,151
8921.0,46,23,0,0,69,0,151
8922.0,46,23,0,0,69,0,151
8923.0,46,23,0,0,69,0,151
8924.0,46,23,0,0,69,0,151
8925.0,46,23,0,0,69,0,151
8926.0,46,23,0,0,69,0,151
8927.0,46,23,0,0,69,0,151
8928.0,46,23,0,0,69,0,151
8929.0,46,23,0,0,69,0,151
8930.0,46,23,0,0,69,0,151
8931.0,46,23,0,0,69,0,151
8932.0,46,23,0,0,69,0,151
8933.0,46,23,0,0,69,0,151
8934.0,46,23,0,0,69,0,151
8935.0,46,23,0,0,69,0,151
8936.0,46,23,0,0,69,0,151
8937.0,46,23,0,0,69,0,151
8938.0,46,23,0,0,69,0,151
8939.0,46,23,0,0,69,0,151
8940.0,46,23,0,0,69,0,151
8941.0,46,23,0,0,69,0,151
8942.0,46,23,0,0,69,0,151
8943.0,46,23,0,0,69,0,151
8944.0,46,23,0,0,69,0,151
8945.0,46,23,0,0,69,0,151
8946.0,46,23,0,0,69,0,151
8947.0,46,23,0,0,69,0,151
8948.0,46,23,0,0,69,0,151
8949.0,46,23,0,0,69,0,151
8950.0,46,23,0,0,69,0,151
8951.0,46,23,0,0,69,0,151
8952.0,46,23,0,0,69,0,151
8953.0,46,23,0,0,69,0,151
8954.0,46,23,0,0,69,0,151
8955.0,46,23,0,0,69,0,151
8956.0,46,23,0,0,69,0,151
8957.0,46,23,0,0,69,0,151
8958.0,46,23,0,0,69,0,151
8959.0,46,23,0,0,69,0,151
8960.0,46,23,0,0,69,0,151
8961.0,46,23,0,0,69,0,151
8962.0,46,23,0,0,69,0,151
8963.0,46,23,0,0,69,0,151
8964.0,46,23,0,0,69,0,151
8965.0,46,23,0,0,69,0,151
8966.0,46,23,0,0,69,0,151
8967.0,46,23,0,0,69,0,151
8968.0,46,23,0,0,69,0,151
8969.0,46,23,0,0,69,0,151
8970.0,46,23,0,0,69,0,151
8971.0,46,23,0,0,69,0,151
8972.0,46,23,0,0,69,0,151
8973.0,46,23,0,0,69,0,151
8974.0,46,23,0,0,69,0,151
8975.0,46,23,0,0,69,0,151
8976.0,46,23,0,0,69,0,151
8977.0,46,23,0,0,69,0,151
8978.0,46,23,0,0,69,0,151
8979.0,46,23,0,0,69,0,151
8980.0,46,23,0,0,69,0,151
8981.0,46,23,0,0,69,0,151
8982.0,46,23,0,0,69,0,151
8983.0,46,23,0,0,69,0,151
8984.0,46,23,0,0,69,0,151
8985.0,46,23,0,0,69,0,151
8986.0,46,23,0,0,69,0,151
8987.0,46,23,0,0,69,0,151
8988.0,46,23,0,0,69,0,151
8989.0,46,23,0,0,69,0,151
8990.0,46,23,0,0,69,0,151
8991.0,46,23,0,0,69,0,151
8992.0,46,23,0,0,69,0,151
8993.0,46,23,0,0,69,0,151
8994.0,46,23,0,0,69,0,151
8995.0,46,23,0,0,69,0,151
8996.0,46,23,0,0,69,0,151
8997.0,46,23,0,0,69,0,151
8998.0,46,23,0,0,69,0,151
8999.0,46,23,0,0,69,0,151
9000.0,46,23,0,0,69,0,151
9001.0,46,23,0,0,69,0,151
9002.0,46,23,0,0,69,0,151
9003.0,46,23,0,0,69,0,151
9004.0,46,23,0,0,69,0,151
9005.0,46,23,0,0,69,0,151
9006.0,46,23,0,0,69,0,151
9007.0,46,23,0,0,69,0,151
9008.0,46,23,0,0,69,0,151
9009.0,46,23,0,0,69,0,151
9010.0,46,23,0,0,69,0,151
9011.0,46,23,0,0,69,0,151
9012.0,46,23,0,0,69,0,151
9013.0,46,23,0,0,69,0,151
9014.0,46,23,0,0,69,0,151
9015.0,46,23,0,0,69,0,151
9016.0,46,23,0,0,69,0,151
9017.0,46,23,0,0,69,0,151
9018.0,46,23,0,0,69,0,151
9019.0,46,23,0,0,69,0,151
9020.0,46,23,0,0,69,0,151
9021.0,46,23,0,0,69,0,151
9022.0,46,23,0,0,69,0,151
9023.0,46,23,0,0,69,0,151
9024.0,46,23,0,0,69,0,151
9025.0,46,23,0,0,69,0,151
9026.0,46,23,0,0,69,0,151
9027.0,46,23,0,0,69,0,151
9028.0,46,23,0,0,69,0,151
9029.0,46,23,0,0,69,0,151
9030.0,46,23,0,0,69,0,151
9031.0,46,23,0,0,69,0,151
9032.0,46,23,0,0,69,0,151
9033.0,46,23,0,0,69,0,151
9034.0,46,23,0,0,69,0,151
9035.0,46,23,0,0,69,0,151
9036.0,46,23,0,0,69,0,151
9037.0,46,23,0,0,69,0,151
9038.0,46,23,0,0,69,0,151
9039.0,46,23,0,0,69,0,151
9040.0,46,23,0,0,69,0,151
9041.0,46,23,0,0,69,0,151
9042.0,46,23,0,0,69,0,151
9043.0,46,23,0,0,69,0,151
9044.0,46,23,0,0,69,0,151
9045.0,46,23,0,0,69,0,151
9046.0,46,23,0,0,69,0,151
9047.0,46,23,0,0,69,0,151
9048.0,46,23,0,0,69,0,151
9049.0,46,23,0,0,69,0,151
9050.0,46,23,0,0,69,0,151
9051.0,46,23,0,0,69,0,151
9052.0,46,23,0,0,69,0,151
9053.0,46,23,0,0,69,0,151
9054.0,46,23,0,0,69,0,151
9055.0,46,23,0,0,69,0,151
9056.0,46,23,0,0,69,0,151
9057.0,46,23,0,0,69,0,151
9058.0,46,23,0,0,69,0,151
9059.0,46,23,0,0,69,0,151
9060.0,46,23,0,0,69,0,151
9061.0,46,23,0,0,69,0,151
9062.0,46,23,0,0,69,0,151
9063.0,46,23,0,0,69,0,151
9064.0,46,23,0,0,69,0,151
9065.0,46,23,0,0,69,0,151
9066.0,46,23,0,0,69,0,151
9067.0,46,23,0,0,69,0,151
9068.0,46,23,0,0,69,0,151
9069.0,46,23,0,0,69,0,151
9070.0,46,23,0,0,69,0,151
9071.0,46,23,0,0,69,0,151
9072.0,46,23,0,0,69,0,151
9073.0,46,23,0,0,69,0,151
9074.0,46,23,0,0,69,0,151
9075.0,46,23,0,0,69,0,151
9076.0,46,23,0,0,69,0,151
9077.0,46,23,0,0,69,0,151
9078.0,46,23,0,0,69,0,151
9079.0,46,23,0,0,69,0,151
9080.0,46,23,0,0,69,0,151
9081.0,46,23,0,0,69,0,151
9082.0,46,23,0,0,69,0,151
9083.0,46,23,0,0,69,0,151
9084.0,46,23,0,0,69,0,151
9085.0,46,23,0,0,69,0,151
9086.0,46,23,0,0,69,0,151
9087.0,46,23,0,0,69,0,151
9088.0,46,23,0,0,69,0,151
9089.0,46,23,0,0,69,0,151
9090.0,46,23,0,0,69,0,151
9091.0,46,23,0,0,69,0,151
9092.0,46,23,0,0,69,0,151
9093.0,46,23,0,0,69,0,151
9094.0,46,23,0,0,69,0,151
9095.0,46,23,0,0,69,0,151
9096.0,46,23,0,0,69,0,151
9097.0,46,23,0,0,69,0,151
9098.0,46,23,0,0,69,0,151
9099.0,46,23,0,0,69,0,151
9100.0,46,23,0,0,69,0,151
9101.0,46,23,0,0,69,0,151
9102.0,46,23,0,0,69,0,151
9103.0,46,23,0,0,69,0,151
9104.0,46,23,0,0,69,0,151
9105.0,46,23,0,0,69,0,151
9106.0,46,23,0,0,69,0,151
9107.0,46,23,0,0,69,0,151
9108.0,46,23,0,0,69,0,151
9109.0,46,23,0,0,69,0,151
9110.0,46,23,0,0,69,0,151
9111.0,46,23,0,0,69,0,151
9112.0,46,23,0,0,69,0,151
9113.0,46,23,0,0,69,0,151
9114.0,46,23,0,0,69,0,151
9115.0,46,23,0,0,69,0,151
9116.0,46,23,0,0,69,0,151
9117.0,46,23,0,0,69,0,151
9118.0,46,23,0,0,69,0,151
9119.0,46,23,0,0,69,0,151
9120.0,46,23,0,0,69,0,151
9121.0,46,23,0,0,69,0,151
9122.0,46,23,0,0,69,0,151
9123.0,46,23,0,0,69,0,151
9124.0,46,23,0,0,69,0,151
9125.0,46,23,0,0,69,0,151
9126.0,46,23,0,0,69,0,151
9127.0,46,23,0,0,69,0,151
9128.0,46,23,0,0,69,0,151
9129.0,46,23,0,0,69,0,151
9130.0,46,23,0,0,69,0,151
9131.0,46,23,0,0,69,0,151
9132.0,46,23,0,0,69,0,151
9133.0,46,23,0,0,69,0,151
9134.0,46,23,0,0,69,0,151
9135.0,46,23,0,0,69,0,151
9136.0,46,23,0,0,69,0,151
9137.0,46,23,0,0,69,0,151
9138.0,46,23,0,0,69,0,151
9139.0,46,23,0,0,69,0,151
9140.0,46,23,0,0,69,0,151
9141.0,46,23,0,0,69,0,151
9142.0,46,23,0,0,69,0,151
9143.0,46,23,0,0,69,0,151
9144.0,46,23,0,0,69,0,151
9145.0,46,23,0,0,69,0,151
9146.0,46,23,0,0,69,0,151
9147.0,46,23,0,0,69,0,151
9148.0,46,23,0,0,69,0,151
9149.0,46,23,0,0,69,0,151
9150.0,46,23,0,0,69,0,151
9151.0,46,23,0,0,69,0,151
9152.0,46,23,0,0,69,0,151
9153.0,46,23,0,0,69,0,151
9154.0,46,23,0,0,69,0,151
9155.0,46,23,0,0,69,0,151
9156.0,46,23,0,0,69,0,151
9157.0,46,23,0,0,69,0,151
9158.0,46,23,0,0,69,0,151
9159.0,46,23,0,0,69,0,151
9160.0,46,23,0,0,69,0,151
9161.0,46,23,0,0,69,0,151
9162.0,46,23,0,0,69,0,151
9163.0,46,23,0,0,69,0,151
9164.0,46,23,0,0,69,0,151
9165.0,46,23,0,0,69,0,151
9166.0,46,23,0,0,69,0,151
9167.0,46,23,0,0,69,0,151
9168.0,46,23,0,0,69,0,151
9169.0,46,23,0,0,69,0,151
9170.0,46,23,0,0,69,0,151
9171.0,46,23,0,0,69,0,151
9172.0,46,23,0,0,69,0,151
9173.0,46,23,0,0,69,0,151
9174.0,46,23,0,0,69,0,151
9175.0,46,23,0,0,69,0,151
9176.0,46,23,0,0,69,0,151
9177.0,46,23,0,0,69,0,151
9178.0,46,23,0,0,69,0,151
9179.0,46,23,0,0,69,0,151
9180.0,46,23,0,0,69,0,151
9181.0,46,23,0,0,69,0,151
9182.0,46,23,0,0,69,0,151
9183.0,46,23,0,0,69,0,151
9184.0,46,23,0,0,69,0,151
9185.0,46,23,0,0,69,0,151
9186.0,46,23,0,0,69,0,151
9187.0,46,23,0,0,69,0,151
9188.0,46,23,0,0,69,0,151
9189.0,46,23,0,0,69,0,151
9190.0,46,23,0,0,69,0,151
9191.0,46,23,0,0,69,0,151
9192.0,46,23,0,0,69,0,151
9193.0,46,23,0,0,69,0,151
9194.0,46,23,0,0,69,0,151
9195.0,46,23,0,0,69,0,151
9196.0,46,23,0,0,69,0,151
9197.0,46,23,0,0,69,0,151
9198.0,46,23,0,0,69,0,151
9199.0,46,23,0,0,69,0,151
9200.0,46,23,0,0,69,0,151
9201.0,46,23,0,0,69,0,151
9202.0,46,23,0,0,69,0,151
9203.0,46,23,0,0,69,0,151
9204.0,46,23,0,0,69,0,151
9205.0,46,23,0,0,69,0,151
9206.0,46,23,0,0,69,0,151
9207.0,46,23,0,0,69,0,151
9208.0,46,23,0,0,69,0,151
9209.0,46,23,0,0,69,0,151
9210.0,46,23,0,0,69,0,151
9211.0,46,23,0,0,69,0,151
9212.0,46,23,0,0,69,0,151
9213.0,46,23,0,0,69,0,151
9214.0,46,23,0,0,69,0,151
9215.0,46,23,0,0,69,0,151
9216.0,46,23,0,0,69,0,151
9217.0,46,23,0,0,69,0,151
9218.0,46,23,0,0,69,0,151
9219.0,46,23,0,0,69,0,151
9220.0,46,23,0,0,69,0,151
9221.0,46,23,0,0,69,0,151
9222.0,46,23,0,0,69,0,151
9223.0,46,23,0,0,69,0,151
9224.0,46,23,0,0,69,0,151
9225.0,46,23,0,0,69,0,151
9226.0,46,23,0,0,69,0,151
9227.0,46,23,0,0,69,0,151
9228.0,46,23,0,0,69,0,151
9229.0,46,23,0,0,69,0,151
9230.0,46,23,0,0,69,0,151
9231.0,46,23,0,0,69,0,151
9232.0,46,23,0,0,69,0,151
9233.0,46,23,0,0,69,0,151
9234.0,46,23,0,0,69,0,151
9235.0,46,23,0,0,69,0,151
9236.0,46,23,0,0,69,0,151
9237.0,46,23,0,0,69,0,151
9238.0,46,23,0,0,69,0,151
9239.0,46,23,0,0,69,0,151
9240.0,46,23,0,0,69,0,151
9241.0,46,23,0,0,69,0,151
9242.0,46,23,0,0,69,0,151
9243.0,46,23,0,0,69,0,151
9244.0,46,23,0,0,69,0,151
9245.0,46,23,0,0,69,0,151
9246.0,46,23,0,0,69,0,151
9247.0,46,23,0,0,69,0,151
9248.0,46,23,0,0,69,0,151
9249.0,46,23,0,0,69,0,151
9250.0,46,23,0,0,69,0,151
9251.0,46,23,0,0,69,0,151
9252.0,46,23,0,0,69,0,151
9253.0,46,23,0,0,69,0,151
9254.0,46,23,0,0,69,0,151
9255.0,46,23,0,0,69,0,151
9256.0,46,23,0,0,69,0,151
9257.0,46,23,0,0,69,0,151
9258.0,46,23,0,0,69,0,151
9259.0,46,23,0,0,69,0,151
9260.0,46,23,0,0,69,0,151
9261.0,46,23,0,0,69,0,151
9262.0,46,23,0,0,69,0,151
9263.0,46,23,0,0,69,0,151
9264.0,46,23,0,0,69,0,151
9265.0,46,23,0,0,69,0,151
9266.0,46,23,0,0,69,0,151
9267.0,46,23,0,0,69,0,151
9268.0,46,23,0,0,69,0,151
9269.0,46,23,0,0,69,0,151
9270.0,46,23,0,0,69,0,151
9271.0,46,23,0,0,69,0,151
9272.0,46,23,0,0,69,0,151
9273.0,46,23,0,0,69,0,151
9274.0,46,23,0,0,69,0,151
9275.0,46,23,0,0,69,0,151
9276.0,46,23,0,0,69,0,151
9277.0,46,23,0,0,69,0,151
9278.0,46,23,0,0,69,0,151
9279.0,46,23,0,0,69,0,151
9280.0,46,23,0,0,69,0,151
9281.0,46,23,0,0,69,0,151
9282.0,46,23,0,0,69,0,151
9283.0,46,23,0,0,69,0,151
9284.0,46,23,0,0,69,0,151
9285.0,46,23,0,0,69,0,151
9286.0,46,23,0,0,69,0,151
9287.0,46,23,0,0,69,0,151
9288.0,46,23,0,0,69,0,151
9289.0,46,23,0,0,69,0,151
9290.0,46,23,0,0,69,0,151
9291.0,46,23,0,0,69,0,151
9292.0,46,23,0,0,69,0,151
9293.0,46,23,0,0,69,0,151
9294.0,46,23,0,0,69,0,151
9295.0,46,23,0,0,69,0,151
9296.0,46,23,0,0,69,0,151
9297.0,46,23,0,0,69,0,151
9298.0,46,23,0,0,69,0,151
9299.0,46,23,0,0,69,0,151
9300.0,46,23,0,0,69,0,151
9301.0,46,23,0,0,69,0,151
9302.0,46,23,0,0,69,0,151
9303.0,46,23,0,0,69,0,151
9304.0,46,23,0,0,69,0,151
9305.0,46,23,0,0,69,0,151
9306.0,46,23,0,0,69,0,151
9307.0,46,23,0,0,69,0,151
9308.0,46,23,0,0,69,0,151
9309.0,46,23,0,0,69,0,151
9310.0,46,23,0,0,69,0,151
9311.0,46,23,0,0,69,0,151
9312.0,46,23,0,0,69,0,151
9313.0,46,23,0,0,69,0,151
9314.0,46,23,0,0,69,0,151
9315.0,46,23,0,0,69,0,151
9316.0,46,23,0,0,69,0,151
9317.0,46,23,0,0,69,0,151
9318.0,46,23,0,0,69,0,151
9319.0,46,23,0,0,69,0,151
9320.0,46,23,0,0,69,0,151
9321.0,46,23,0,0,69,0,151
9322.0,46,23,0,0,69,0,151
9323.0,46,23,0,0,69,0,151
9324.0,46,23,0,0,69,0,151
9325.0,46,23,0,0,69,0,151
9326.0,46,23,0,0,69,0,151
9327.0,46,23,0,0,69,0,151
9328.0,46,23,0,0,69,0,151
9329.0,46,23,0,0,69,0,151
9330.0,46,23,0,0,69,0,151
9331.0,46,23,0,0,69,0,151
9332.0,46,23,0,0,69,0,151
9333.0,46,23,0,0,69,0,151
9334.0,46,23,0,0,69,0,151
9335.0,46,23,0,0,69,0,151
9336.0,46,23,0,0,69,0,151
9337.0,46,23,0,0,69,0,151
9338.0,46,23,0,0,69,0,151
9339.0,46,23,0,0,69,0,151
9340.0,46,23,0,0,69,0,151
9341.0,46,23,0,0,69,0,151
9342.0,46,23,0,0,69,0,151
9343.0,46,23,0,0,69,0,151
9344.0,46,23,0,0,69,0,151
9345.0,46,23,0,0,69,0,151
9346.0,46,23,0,0,69,0,151
9347.0,46,23,0,0,69,0,151
9348.0,46,23,0,0,69,0,151
9349.0,46,23,0,0,69,0,151
9350.0,46,23,0,0,69,0,151
9351.0,46,23,0,0,69,0,151
9352.0,46,23,0,0,69,0,151
9353.0,46,23,0,0,69,0,151
9354.0,46,23,0,0,69,0,151
9355.0,46,23,0,0,69,0,151
9356.0,46,23,0,0,69,0,151
9357.0,46,23,0,0,69,0,151
9358.0,46,23,0,0,69,0,151
9359.0,46,23,0,0,69,0,151
9360.0,46,23,0,0,69,0,151
9361.0,46,23,0,0,69,0,151
9362.0,46,23,0,0,69,0,151
9363.0,46,23,0,0,69,0,151
9364.0,46,23,0,0,69,0,151
9365.0,46,23,0,0,69,0,151
9366.0,46,23,0,0,69,0,151
9367.0,46,23,0,0,69,0,151
9368.0,46,23,0,0,69,0,151
9369.0,46,23,0,0,69,0,151
9370.0,46,23,0,0,69,0,151
9371.0,46,23,0,0,69,0,151
9372.0,46,23,0,0,69,0,151
9373.0,46,23,0,0,69,0,151
9374.0,46,23,0,0,69,0,151
9375.0,46,23,0,0,69,0,151
9376.0,46,23,0,0,69,0,151
9377.0,46,23,0,0,69,0,151
9378.0,46,23,0,0,69,0,151
9379.0,46,23,0,0,69,0,151
9380.0,46,23,0,0,69,0,151
9381.0,46,23,0,0,69,0,151
9382.0,46,23,0,0,69,0,151
9383.0,46,23,0,0,69,0,151
9384.0,46,23,0,0,69,0,151
9385.0,46,23,0,0,69,0,151
9386.0,46,23,0,0,69,0,151
9387.0,46,23,0,0,69,0,151
9388.0,46,23,0,0,69,0,151
9389.0,46,23,0,0,69,0,151
9390.0,46,23,0,0,69,0,151
9391.0,46,23,0,0,69,0,151
9392.0,46,23,0,0,69,0,151
9393.0,46,23,0,0,69,0,151
9394.0,46,23,0,0,69,0,151
9395.0,46,23,0,0,69,0,151
9396.0,46,23,0,0,69,0,151
9397.0,46,23,0,0,69,0,151
9398.0,46,23,0,0,69,0,151
9399.0,46,23,0,0,69,0,151
9400.0,46,23,0,0,69,0,151
9401.0,46,23,0,0,69,0,151
9402.0,46,23,0,0,69,0,151
9403.0,46,23,0,0,69,0,151
9404.0,46,23,0,0,69,0,151
9405.0,46,23,0,0,69,0,151
9406.0,46,23,0,0,69,0,151
9407.0,46,23,0,0,69,0,151
9408.0,46,23,0,0,69,0,151
9409.0,46,23,0,0,69,0,151
9410.0,46,23,0,0,69,0,151
9411.0,46,23,0,0,69,0,151
9412.0,46,23,0,0,69,0,151
9413.0,46,23,0,0,69,0,151
9414.0,46,23,0,0,69,0,151
9415.0,46,23,0,0,69,0,151
9416.0,46,23,0,0,69,0,151
9417.0,46,23,0,0,69,0,151
9418.0,46,23,0,0,69,0,151
9419.0,46,23,0,0,69,0,151
9420.0,46,23,0,0,69,0,151
9421.0,46,23,0,0,69,0,151
9422.0,46,23,0,0,69,0,151
9423.0,46,23,0,0,69,0,151
9424.0,46,23,0,0,69,0,151
9425.0,46,23,0,0,69,0,151
9426.0,46,23,0,0,69,0,151
9427.0,46,23,0,0,69,0,151
9428.0,46,23,0,0,69,0,151
9429.0,46,23,0,0,69,0,151
9430.0,46,23,0,0,69,0,151
9431.0,46,23,0,0,69,0,151
9432.0,46,23,0,0,69,0,151
9433.0,46,23,0,0,69,0,151
9434.0,46,23,0,0,69,0,151
9435.0,46,23,0,0,69,0,151
9436.0,46,23,0,0,69,0,151
9437.0,46,23,0,0,69,0,151
9438.0,46,23,0,0,69,0,151
9439.0,46,23,0,0,69,0,151
9440.0,46,23,0,0,69,0,151
9441.0,46,23,0,0,69,0,151
9442.0,46,23,0,0,69,0,151
9443.0,46,23,0,0,69,0,151
9444.0,46,23,0,0,69,0,151
9445.0,46,23,0,0,69,0,151
9446.0,46,23,0,0,69,0,151
9447.0,46,23,0,0,69,0,151
9448.0,46,23,0,0,69,0,151
9449.0,46,23,0,0,69,0,151
9450.0,46,23,0,0,69,0,151
9451.0,46,23,0,0,69,0,151
9452.0,46,23,0,0,69,0,151
9453.0,46,23,0,0,69,0,151
9454.0,46,23,0,0,69,0,151
9455.0,46,23,0,0,69,0,151
9456.0,46,23,0,0,69,0,151
9457.0,46,23,0,0,69,0,151
9458.0,46,23,0,0,69,0,151
9459.0,46,23,0,0,69,0,151
9460.0,46,23,0,0,69,0,151
9461.0,46,23,0,0,69,0,151
9462.0,46,23,0,0,69,0,151
9463.0,46,23,0,0,69,0,151
9464.0,46,23,0,0,69,0,151
9465.0,46,23,0,0,69,0,151
9466.0,46,23,0,0,69,0,151
9467.0,46,23,0,0,69,0,151
9468.0,46,23,0,0,69,0,151
9469.0,46,23,0,0,69,0,151
9470.0,46,23,0,0,69,0,151
9471.0,46,23,0,0,69,0,151
9472.0,46,23,0,0,69,0,151
9473.0,46,23,0,0,69,0,151
9474.0,46,23,0,0,69,0,151
9475.0,46,23,0,0,69,0,151
9476.0,46,23,0,0,69,0,151
9477.0,46,23,0,0,69,0,151
9478.0,46,23,0,0,69,0,151
9479.0,46,23,0,0,69,0,151
9480.0,46,23,0,0,69,0,151
9481.0,46,23,0,0,69,0,151
9482.0,46,23,0,0,69,0,151
9483.0,46,23,0,0,69,0,151
9484.0,46,23,0,0,69,0,151
9485.0,46,23,0,0,69,0,151
9486.0,46,23,0,0,69,0,151
9487.0,46,23,0,0,69,0,151
9488.0,46,23,0,0,69,0,151
9489.0,46,23,0,0,69,0,151
9490.0,46,23,0,0,69,0,151
9491.0,46,23,0,0,69,0,151
9492.0,46,23,0,0,69,0,151
9493.0,46,23,0,0,69,0,151
9494.0,46,23,0,0,69,0,151
9495.0,46,23,0,0,69,0,151
9496.0,46,23,0,0,69,0,151
9497.0,46,23,0,0,69,0,151
9498.0,46,23,0,0,69,0,151
9499.0,46,23,0,0,69,0,151
9500.0,46,23,0,0,69,0,151
9501.0,46,23,0,0,69,0,151
9502.0,46,23,0,0,69,0,151
9503.0,46,23,0,0,69,0,151
9504.0,46,23,0,0,69,0,151
9505.0,46,23,0,0,69,0,151
9506.0,46,23,0,0,69,0,151
9507.0,46,23,0,0,69,0,151
9508.0,46,23,0,0,69,0,151
9509.0,46,23,0,0,69,0,151
9510.0,46,23,0,0,69,0,151
9511.0,46,23,0,0,69,0,151
9512.0,46,23,0,0,69,0,151
9513.0,46,23,0,0,69,0,151
9514.0,46,23,0,0,69,0,151
9515.0,46,23,0,0,69,0,151
9516.0,46,23,0,0,69,0,151
9517.0,46,23,0,0,69,0,151
9518.0,46,23,0,0,69,0,151
9519.0,46,23,0,0,69,0,151
9520.0,46,23,0,0,69,0,151
9521.0,46,23,0,0,69,0,151
9522.0,46,23,0,0,69,0,151
9523.0,46,23,0,0,69,0,151
9524.0,46,23,0,0,69,0,151
9525.0,46,23,0,0,69,0,151
9526.0,46,23,0,0,69,0,151
9527.0,46,23,0,0,69,0,151
9528.0,46,23,0,0,69,0,151
9529.0,46,23,0,0,69,0,151
9530.0,46,23,0,0,69,0,151
9531.0,46,23,0,0,69,0,151
9532.0,46,23,0,0,69,0,151
9533.0,46,23,0,0,69,0,151
9534.0,46,23,0,0,69,0,151
9535.0,46,23,0,0,69,0,151
9536.0,46,23,0,0,69,0,151
9537.0,46,23,0,0,69,0,151
9538.0,46,23,0,0,69,0,151
9539.0,46,23,0,0,69,0,151
9540.0,46,23,0,0,69,0,151
9541.0,46,23,0,0,69,0,151
9542.0,46,23,0,0,69,0,151
9543.0,46,23,0,0,69,0,151
9544.0,46,23,0,0,69,0,151
9545.0,46,23,0,0,69,0,151
9546.0,46,23,0,0,69,0,151
9547.0,46,23,0,0,69,0,151
9548.0,46,23,0,0,69,0,151
9549.0,46,23,0,0,69,0,151
9550.0,46,23,0,0,69,0,151
9551.0,46,23,0,0,69,0,151
9552.0,46,23,0,0,69,0,151
9553.0,46,23,0,0,69,0,151
9554.0,46,23,0,0,69,0,151
9555.0,46,23,0,0,69,0,151
9556.0,46,23,0,0,69,0,151
9557.0,46,23,0,0,69,0,151
9558.0,46,23,0,0,69,0,151
9559.0,46,23,0,0,69,0,151
9560.0,46,23,0,0,69,0,151
9561.0,46,23,0,0,69,0,151
9562.0,46,23,0,0,69,0,151
9563.0,46,23,0,0,69,0,151
9564.0,46,23,0,0,69,0,151
9565.0,46,23,0,0,69,0,151
9566.0,46,23,0,0,69,0,151
9567.0,46,23,0,0,69,0,151
9568.0,46,23,0,0,69,0,151
9569.0,46,23,0,0,69,0,151
9570.0,46,23,0,0,69,0,151
9571.0,46,23,0,0,69,0,151
9572.0,46,23,0,0,69,0,151
9573.0,46,23,0,0,69,0,151
9574.0,46,23,0,0,69,0,151
9575.0,46,23,0,0,69,0,151
9576.0,46,23,0,0,69,0,151
9577.0,46,23,0,0,69,0,151
9578.0,46,23,0,0,69,0,151
9579.0,46,23,0,0,69,0,151
9580.0,46,23,0,0,69,0,151
9581.0,46,23,0,0,69,0,151
9582.0,46,23,0,0,69,0,151
9583.0,46,23,0,0,69,0,151
9584.0,46,23,0,0,69,0,151
9585.0,46,23,0,0,69,0,151
9586.0,46,23,0,0,69,0,151
9587.0,46,23,0,0,69,0,151
9588.0,46,23,0,0,69,0,151
9589.0,46,23,0,0,69,0,151
9590.0,46,23,0,0,69,0,151
9591.0,46,23,0,0,69,0,151
9592.0,46,23,0,0,69,0,151
9593.0,46,23,0,0,69,0,151
9594.0,46,23,0,0,69,0,151
9595.0,46,23,0,0,69,0,151
9596.0,46,23,0,0,69,0,151
9597.0,46,23,0,0,69,0,151
9598.0,46,23,0,0,69,0,151
9599.0,46,23,0,0,69,0,151
9600.0,46,23,0,0,69,0,151
9601.0,46,23,0,0,69,0,151
9602.0,46,23,0,0,69,0,151
9603.0,46,23,0,0,69,0,151
9604.0,46,23,0,0,69,0,151
9605.0,46,23,0,0,69,0,151
9606.0,46,23,0,0,69,0,151
9607.0,46,23,0,0,69,0,151
9608.0,46,23,0,0,69,0,151
9609.0,46,23,0,0,69,0,151
9610.0,46,23,0,0,69,0,151
9611.0,46,23,0,0,69,0,151
9612.0,46,23,0,0,69,0,151
9613.0,46,23,0,0,69,0,151
9614.0,46,23,0,0,69,0,151
9615.0,46,23,0,0,69,0,151
9616.0,46,23,0,0,69,0,151
9617.0,46,23,0,0,69,0,151
9618.0,46,23,0,0,69,0,151
9619.0,46,23,0,0,69,0,151
9620.0,46,23,0,0,69,0,151
9621.0,46,23,0,0,69,0,151
9622.0,46,23,0,0,69,0,151
9623.0,46,23,0,0,69,0,151
9624.0,46,23,0,0,69,0,151
9625.0,46,23,0,0,69,0,151
9626.0,46,23,0,0,69,0,151
9627.0,46,23,0,0,69,0,151
9628.0,46,23,0,0,69,0,151
9629.0,46,23,0,0,69,0,151
9630.0,46,23,0,0,69,0,151
9631.0,46,23,0,0,69,0,151
9632.0,46,23,0,0,69,0,151
9633.0,46,23,0,0,69,0,151
9634.0,46,23,0,0,69,0,151
9635.0,46,23,0,0,69,0,151
9636.0,46,23,0,0,69,0,151
9637.0,46,23,0,0,69,0,151
9638.0,46,23,0,0,69,0,151
9639.0,46,23,0,0,69,0,151
9640.0,46,23,0,0,69,0,151
9641.0,46,23,0,0,69,0,151
9642.0,46,23,0,0,69,0,151
9643.0,46,23,0,0,69,0,151
9644.0,46,23,0,0,69,0,151
9645.0,46,23,0,0,69,0,151
9646.0,46,23,0,0,69,0,151
9647.0,46,23,0,0,69,0,151
9648.0,46,23,0,0,69,0,151
9649.0,46,23,0,0,69,0,151
9650.0,46,23,0,0,69,0,151
9651.0,46,23,0,0,69,0,151
9652.0,46,23,0,0,69,0,151
9653.0,46,23,0,0,69,0,151
9654.0,46,23,0,0,69,0,151
9655.0,46,23,0,0,69,0,151
9656.0,46,23,0,0,69,0,151
9657.0,46,23,0,0,69,0,151
9658.0,46,23,0,0,69,0,151
9659.0,46,23,0,0,69,0,151
9660.0,46,23,0,0,69,0,151
9661.0,46,23,0,0,69,0,151
9662.0,46,23,0,0,69,0,151
9663.0,46,23,0,0,69,0,151
9664.0,46,23,0,0,69,0,151
9665.0,46,23,0,0,69,0,151
9666.0,46,23,0,0,69,0,151
9667.0,46,23,0,0,69,0,151
9668.0,46,23,0,0,69,0,151
9669.0,46,23,0,0,69,0,151
9670.0,46,23,0,0,69,0,151
9671.0,46,23,0,0,69,0,151
9672.0,46,23,0,0,69,0,151
9673.0,46,23,0,0,69,0,151
9674.0,46,23,0,0,69,0,151
9675.0,46,23,0,0,69,0,151
9676.0,46,23,0,0,69,0,151
9677.0,46,23,0,0,69,0,151
9678.0,46,23,0,0,69,0,151
9679.0,46,23,0,0,69,0,151
9680.0,46,23,0,0,69,0,151
9681.0,46,23,0,0,69,0,151
9682.0,46,23,0,0,69,0,151
9683.0,46,23,0,0,69,0,151
9684.0,46,23,0,0,69,0,151
9685.0,46,23,0,0,69,0,151
9686.0,46,23,0,0,69,0,151
9687.0,46,23,0,0,69,0,151
9688.0,46,23,0,0,69,0,151
9689.0,46,23,0,0,69,0,151
9690.0,46,23,0,0,69,0,151
9691.0,46,23,0,0,69,0,151
9692.0,46,23,0,0,69,0,151
9693.0,46,23,0,0,69,0,151
9694.0,46,23,0,0,69,0,151
9695.0,46,23,0,0,69,0,151
9696.0,46,23,0,0,69,0,151
9697.0,46,23,0,0,69,0,151
9698.0,46,23,0,0,69,0,151
9699.0,46,23,0,0,69,0,151
9700.0,46,23,0,0,69,0,151
9701.0,46,23,0,0,69,0,151
9702.0,46,23,0,0,69,0,151
9703.0,46,23,0,0,69,0,151
9704.0,46,23,0,0,69,0,151
9705.0,46,23,0,0,69,0,151
9706.0,46,23,0,0,69,0,151
9707.0,46,23,0,0,69,0,151
9708.0,46,23,0,0,69,0,151
9709.0,46,23,0,0,69,0,151
9710.0,46,23,0,0,69,0,151
9711.0,46,23,0,0,69,0,151
9712.0,46,23,0,0,69,0,151
9713.0,46,23,0,0,69,0,151
9714.0,46,23,0,0,69,0,151
9715.0,46,23,0,0,69,0,151
9716.0,46,23,0,0,69,0,151
9717.0,46,23,0,0,69,0,151
9718.0,46,23,0,0,69,0,151
9719.0,46,23,0,0,69,0,151
9720.0,46,23,0,0,69,0,151
9721.0,46,23,0,0,69,0,151
9722.0,46,23,0,0,69,0,151
9723.0,46,23,0,0,69,0,151
9724.0,46,23,0,0,69,0,151
9725.0,46,23,0,0,69,0,151
9726.0,46,23,0,0,69,0,151
9727.0,46,23,0,0,69,0,151
9728.0,46,23,0,0,69,0,151
9729.0,46,23,0,0,69,0,151
9730.0,46,23,0,0,69,0,151
9731.0,46,23,0,0,69,0,151
9732.0,46,23,0,0,69,0,151
9733.0,46,23,0,0,69,0,151
9734.0,46,23,0,0,69,0,151
9735.0,46,23,0,0,69,0,151
9736.0,46,23,0,0,69,0,151
9737.0,46,23,0,0,69,0,151
9738.0,46,23,0,0,69,0,151
9739.0,46,23,0,0,69,0,151
9740.0,46,23,0,0,69,0,151
9741.0,46,23,0,0,69,0,151
9742.0,46,23,0,0,69,0,151
9743.0,46,23,0,0,69,0,151
9744.0,46,23,0,0,69,0,151
9745.0,46,23,0,0,69,0,151
9746.0,46,23,0,0,69,0,151
9747.0,46,23,0,0,69,0,151
9748.0,46,23,0,0,69,0,151
9749.0,46,23,0,0,69,0,151
9750.0,46,23,0,0,69,0,151
9751.0,46,23,0,0,69,0,151
9752.0,46,23,0,0,69,0,151
9753.0,46,23,0,0,69,0,151
9754.0,46,23,0,0,69,0,151
9755.0,46,23,0,0,69,0,151
9756.0,46,23,0,0,69,0,151
9757.0,46,23,0,0,69,0,151
9758.0,46,23,0,0,69,0,151
9759.0,46,23,0,0,69,0,151
9760.0,46,23,0,0,69,0,151
9761.0,46,23,0,0,69,0,151
9762.0,46,23,0,0,69,0,151
9763.0,46,23,0,0,69,0,151
9764.0,46,23,0,0,69,0,151
9765.0,46,23,0,0,69,0,151
9766.0,46,23,0,0,69,0,151
9767.0,46,23,0,0,69,0,151
9768.0,46,23,0,0,69,0,151
9769.0,46,23,0,0,69,0,151
9770.0,46,23,0,0,69,0,151
9771.0,46,23,0,0,69,0,151
9772.0,46,23,0,0,69,0,151
9773.0,46,23,0,0,69,0,151
9774.0,46,23,0,0,69,0,151
9775.0,46,23,0,0,69,0,151
9776.0,46,23,0,0,69,0,151
9777.0,46,23,0,0,69,0,151
9778.0,46,23,0,0,69,0,151
9779.0,46,23,0,0,69,0,151
9780.0,46,23,0,0,69,0,151
9781.0,46,23,0,0,69,0,151
9782.0,46,23,0,0,69,0,151
9783.0,46,23,0,0,69,0,151
9784.0,46,23,0,0,69,0,151
9785.0,46,23,0,0,69,0,151
9786.0,46,23,0,0,69,0,151
9787.0,46,23,0,0,69,0,151
9788.0,46,23,0,0,69,0,151
9789.0,46,23,0,0,69,0,151
9790.0,46,23,0,0,69,0,151
9791.0,46,23,0,0,69,0,151
9792.0,46,23,0,0,69,0,151
9793.0,46,23,0,0,69,0,151
9794.0,46,23,0,0,69,0,151
9795.0,46,23,0,0,69,0,151
9796.0,46,23,0,0,69,0,151
9797.0,46,23,0,0,69,0,151
9798.0,46,23,0,0,69,0,151
9799.0,46,23,0,0,69,0,151
9800.0,46,23,0,0,69,0,151
9801.0,46,23,0,0,69,0,151
9802.0,46,23,0,0,69,0,151
9803.0,46,23,0,0,69,0,151
9804.0,46,23,0,0,69,0,151
9805.0,46,23,0,0,69,0,151
9806.0,46,23,0,0,69,0,151
9807.0,46,23,0,0,69,0,151
9808.0,46,23,0,0,69,0,151
9809.0,46,23,0,0,69,0,151
9810.0,46,23,0,0,69,0,151
9811.0,46,23,0,0,69,0,151
9812.0,46,23,0,0,69,0,151
9813.0,46,23,0,0,69,0,151
9814.0,46,23,0,0,69,0,151
9815.0,46,23,0,0,69,0,151
9816.0,46,23,0,0,69,0,151
9817.0,46,23,0,0,69,0,151
9818.0,46,23,0,0,69,0,151
9819.0,46,23,0,0,69,0,151
9820.0,46,23,0,0,69,0,151
9821.0,46,23,0,0,69,0,151
9822.0,46,23,0,0,69,0,151
9823.0,46,23,0,0,69,0,151
9824.0,46,23,0,0,69,0,151
9825.0,46,23,0,0,69,0,151
9826.0,46,23,0,0,69,0,151
9827.0,46,23,0,0,69,0,151
9828.0,46,23,0,0,69,0,151
9829.0,46,23,0,0,69,0,151
9830.0,46,23,0,0,69,0,151
9831.0,46,23,0,0,69,0,151
9832.0,46,23,0,0,69,0,151
9833.0,46,23,0,0,69,0,151
9834.0,46,23,0,0,69,0,151
9835.0,46,23,0,0,69,0,151
9836.0,46,23,0,0,69,0,151
9837.0,46,23,0,0,69,0,151
9838.0,46,23,0,0,69,0,151
9839.0,46,23,0,0,69,0,151
9840.0,46,23,0,0,69,0,151
9841.0,46,23,0,0,69,0,151
9842.0,46,23,0,0,69,0,151
9843.0,46,23,0,0,69,0,151
9844.0,46,23,0,0,69,0,151
9845.0,46,23,0,0,69,0,151
9846.0,46,23,0,0,69,0,151
9847.0,46,23,0,0,69,0,151
9848.0,46,23,0,0,69,0,151
9849.0,46,23,0,0,69,0,151
9850.0,46,23,0,0,69,0,151
9851.0,46,23,0,0,69,0,151
9852.0,46,23,0,0,69,0,151
9853.0,46,23,0,0,69,0,151
9854.0,46,23,0,0,69,0,151
9855.0,46,23,0,0,69,0,151
9856.0,46,23,0,0,69,0,151
9857.0,46,23,0,0,69,0,151
9858.0,46,23,0,0,69,0,151
9859.0,46,23,0,0,69,0,151
9860.0,46,23,0,0,69,0,151
9861.0,46,23,0,0,69,0,151
9862.0,46,23,0,0,69,0,151
9863.0,46,23,0,0,69,0,151
9864.0,46,23,0,0,69,0,151
9865.0,46,23,0,0,69,0,151
9866.0,46,23,0,0,69,0,151
9867.0,46,23,0,0,69,0,151
9868.0,46,23,0,0,69,0,151
9869.0,46,23,0,0,69,0,151
9870.0,46,23,0,0,69,0,151
9871.0,46,23,0,0,69,0,151
9872.0,46,23,0,0,69,0,151
9873.0,46,23,0,0,69,0,151
9874.0,46,23,0,0,69,0,151
9875.0,46,23,0,0,69,0,151
9876.0,46,23,0,0,69,0,151
9877.0,46,23,0,0,69,0,151
9878.0,46,23,0,0,69,0,151
9879.0,46,23,0,0,69,0,151
9880.0,46,23,0,0,69,0,151
9881.0,46,23,0,0,69,0,151
9882.0,46,23,0,0,69,0,151
9883.0,46,23,0,0,69,0,151
9884.0,46,23,0,0,69,0,151
9885.0,46,23,0,0,69,0,151
9886.0,46,23,0,0,69,0,151
9887.0,46,23,0,0,69,0,151
9888.0,46,23,0,0,69,0,151
9889.0,46,23,0,0,69,0,151
9890.0,46,23,0,0,69,0,151
9891.0,46,23,0,0,69,0,151
9892.0,46,23,0,0,69,0,151
9893.0,46,23,0,0,69,0,151
9894.0,46,23,0,0,69,0,151
9895.0,46,23,0,0,69,0,151
9896.0,46,23,0,0,69,0,151
9897.0,46,23,0,0,69,0,151
9898.0,46,23,0,0,69,0,151
9899.0,46,23,0,0,69,0,151
9900.0,46,23,0,0,69,0,151
9901.0,46,23,0,0,69,0,151
9902.0,46,23,0,0,69,0,151
9903.0,46,23,0,0,69,0,151
9904.0,46,23,0,0,69,0,151
9905.0,46,23,0,0,69,0,151
9906.0,46,23,0,0,69,0,151
9907.0,46,23,0,0,69,0,151
9908.0,46,23,0,0,69,0,151
9909.0,46,23,0,0,69,0,151
9910.0,46,23,0,0,69,0,151
9911.0,46,23,0,0,69,0,151
9912.0,46,23,0,0,69,0,151
9913.0,46,23,0,0,69,0,151
9914.0,46,23,0,0,69,0,151
9915.0,46,23,0,0,69,0,151
9916.0,46,23,0,0,69,0,151
9917.0,46,23,0,0,69,0,151
9918.0,46,23,0,0,69,0,151
9919.0,46,23,0,0,69,0,151
9920.0,46,23,0,0,69,0,151
9921.0,46,23,0,0,69,0,151
9922.0,46,23,0,0,69,0,151
9923.0,46,23,0,0,69,0,151
9924.0,46,23,0,0,69,0,151
9925.0,46,23,0,0,69,0,151
9926.0,46,23,0,0,69,0,151
9927.0,46,23,0,0,69,0,151
9928.0,46,23,0,0,69,0,151
9929.0,46,23,0,0,69,0,151
9930.0,46,23,0,0,69,0,151
9931.0,46,23,0,0,69,0,151
9932.0,46,23,0,0,69,0,151
9933.0,46,23,0,0,69,0,151
9934.0,46,23,0,0,69,0,151
9935.0,46,23,0,0,69,0,151
9936.0,46,23,0,0,69,0,151
9937.0,46,23,0,0,69,0,151
9938.0,46,23,0,0,69,0,151
9939.0,46,23,0,0,69,0,151
9940.0,46,23,0,0,69,0,151
9941.0,46,23,0,0,69,0,151
9942.0,46,23,0,0,69,0,151
9943.0,46,23,0,0,69,0,151
9944.0,46,23,0,0,69,0,151
9945.0,46,23,0,0,69,0,151
9946.0,46,23,0,0,69,0,151
9947.0,46,23,0,0,69,0,151
9948.0,46,23,0,0,69,0,151
9949.0,46,23,0,0,69,0,151
9950.0,46,23,0,0,69,0,151
9951.0,46,23,0,0,69,0,151
9952.0,46,23,0,0,69,0,151
9953.0,46,23,0,0,69,0,151
9954.0,46,23,0,0,69,0,151
9955.0,46,23,0,0,69,0,151
9956.0,46,23,0,0,69,0,151
9957.0,46,23,0,0,69,0,151
9958.0,46,23,0,0,69,0,151
9959.0,46,23,0,0,69,0,151
9960.0,46,23,0,0,69,0,151
9961.0,46,23,0,0,69,0,151
9962.0,46,23,0,0,69,0,151
9963.0,46,23,0,0,69,0,151
9964.0,46,23,0,0,69,0,151
9965.0,46,23,0,0,69,0,151
9966.0,46,23,0,0,69,0,151
9967.0,46,23,0,0,69,0,151
9968.0,46,23,0,0,69,0,151
9969.0,46,23,0,0,69,0,151
9970.0,46,23,0,0,69,0,151
9971.0,46,23,0,0,69,0,151
9972.0,46,23,0,0,69,0,151
9973.0,46,23,0,0,69,0,151
9974.0,46,23,0,0,69,0,151
9975.0,46,23,0,0,69,0,151
9976.0,46,23,0,0,69,0,151
9977.0,46,23,0,0,69,0,151
9978.0,46,23,0,0,69,0,151
9979.0,46,23,0,0,69,0,151
9980.0,46,23,0,0,69,0,151
9981.0,46,23,0,0,69,0,151
9982.0,46,23,0,0,69,0,151
9983.0,46,23,0,0,69,0,151
9984.0,46,23,0,0,69,0,151
9985.0,46,23,0,0,69,0,151
9986.0,46,23,0,0,69,0,151
9987.0,46,23,0,0,69,0,151
9988.0,46,23,0,0,69,0,151
9989.0,46,23,0,0,69,0,151
9990.0,46,23,0,0,69,0,151
9991.0,46,23,0,0,69,0,151
9992.0,46,23,0,0,69,0,151
9993.0,46,23,0,0,69,0,151
9994.0,46,23,0,0,69,0,151
9995.0,46,23,0,0,69,0,151
9996.0,46,23,0,0,69,0,151
9997.0,46,23,0,0,69,0,151
9998.0,46,23,0,0,69,0,151
9999.0,46,23,0,0,69,0,151
10000.0,46,23,0,0,69,0,151
10001.0,46,23,0,0,69,0,151
10002.0,46,23,0,0,69,0,151
10003.0,46,23,0,0,69,0,151
10004.0,46,23,0,0,69,0,151
10005.0,46,23,0,0,69,0,151
10006.0,46,23,0,0,69,0,151
10007.0,46,23,0,0,69,0,151
10008.0,46,23,0,0,69,0,151
10009.0,46,23,0,0,69,0,151
10010.0,46,23,0,0,69,0,151
10011.0,46,23,0,0,69,0,151
10012.0,46,23,0,0,69,0,151
10013.0,46,23,0,0,69,0,151
10014.0,46,23,0,0,69,0,151
10015.0,46,23,0,0,69,0,151
10016.0,46,23,0,0,69,0,151
10017.0,46,23,0,0,69,0,151
10018.0,46,23,0,0,69,0,151
10019.0,46,23,0,0,69,0,151
10020.0,46,23,0,0,69,0,151
10021.0,46,23,0,0,69,0,151
10022.0,46,23,0,0,69,0,151
10023.0,46,23,0,0,69,0,151
10024.0,46,23,0,0,69,0,151
10025.0,46,23,0,0,69,0,151
10026.0,46,23,0,0,69,0,151
10027.0,46,23,0,0,69,0,151
10028.0,46,23,0,0,69,0,151
10029.0,46,23,0,0,69,0,151
10030.0,46,23,0,0,69,0,151
10031.0,46,23,0,0,69,0,151
10032.0,46,23,0,0,69,0,151
10033.0,46,23,0,0,69,0,151
10034.0,46,23,0,0,69,0,151
10035.0,46,23,0,0,69,0,151
10036.0,46,23,0,0,69,0,151
10037.0,46,23,0,0,69,0,151
10038.0,46,23,0,0,69,0,151
10039.0,46,23,0,0,69,0,151
10040.0,46,23,0,0,69,0,151
10041.0,46,23,0,0,69,0,151
10042.0,46,23,0,0,69,0,151
10043.0,46,23,0,0,69,0,151
10044.0,46,23,0,0,69,0,151
10045.0,46,23,0,0,69,0,151
10046.0,46,23,0,0,69,0,151
10047.0,46,23,0,0,69,0,151
10048.0,46,23,0,0,69,0,151
10049.0,46,23,0,0,69,0,151
10050.0,46,23,0,0,69,0,151
10051.0,46,23,0,0,69,0,151
10052.0,46,23,0,0,69,0,151
10053.0,46,23,0,0,69,0,151
10054.0,46,23,0,0,69,0,151
10055.0,46,23,0,0,69,0,151
10056.0,46,23,0,0,69,0,151
10057.0,46,23,0,0,69,0,151
10058.0,46,23,0,0,69,0,151
10059.0,46,23,0,0,69,0,151
10060.0,46,23,0,0,69,0,151
10061.0,46,23,0,0,69,0,151
10062.0,46,23,0,0,69,0,151
10063.0,46,23,0,0,69,0,151
10064.0,46,23,0,0,69,0,151
10065.0,46,23,0,0,69,0,151
10066.0,46,23,0,0,69,0,151
10067.0,46,23,0,0,69,0,151
10068.0,46,23,0,0,69,0,151
10069.0,46,23,0,0,69,0,151
10070.0,46,23,0,0,69,0,151
10071.0,46,23,0,0,69,0,151
10072.0,46,23,0,0,69,0,151
10073.0,46,23,0,0,69,0,151
10074.0,46,23,0,0,69,0,151
10075.0,46,23,0,0,69,0,151
10076.0,46,23,0,0,69,0,151
10077.0,46,23,0,0,69,0,151
10078.0,46,23,0,0,69,0,151
10079.0,46,23,0,0,69,0,151
10080.0,46,23,0,0,69,0,151
10081.0,46,23,0,0,69,0,151
10082.0,46,23,0,0,69,0,151
10083.0,46,23,0,0,69,0,151
10084.0,46,23,0,0,69,0,151
10085.0,46,23,0,0,69,0,151
10086.0,46,23,0,0,69,0,151
10087.0,46,23,0,0,69,0,151
10088.0,46,23,0,0,69,0,151
10089.0,46,23,0,0,69,0,151
10090.0,46,23,0,0,69,0,151
10091.0,46,23,0,0,69,0,151
10092.0,46,23,0,0,69,0,151
10093.0,46,23,0,0,69,0,151
10094.0,46,23,0,0,69,0,151
10095.0,46,23,0,0,69,0,151
10096.0,46,23,0,0,69,0,151
10097.0,46,23,0,0,69,0,151
10098.0,46,23,0,0,69,0,151
10099.0,46,23,0,0,69,0,151
10100.0,46,23,0,0,69,0,151
10101.0,46,23,0,0,69,0,151
10102.0,46,23,0,0,69,0,151
10103.0,46,23,0,0,69,0,151
10104.0,46,23,0,0,69,0,151
10105.0,46,23,0,0,69,0,151
10106.0,46,23,0,0,69,0,151
10107.0,46,23,0,0,69,0,151
10108.0,46,23,0,0,69,0,151
10109.0,46,23,0,0,69,0,151
10110.0,46,23,0,0,69,0,151
10111.0,46,23,0,0,69,0,151
10112.0,46,23,0,0,69,0,151
10113.0,46,23,0,0,69,0,151
10114.0,46,23,0,0,69,0,151
10115.0,46,23,0,0,69,0,151
10116.0,46,23,0,0,69,0,151
10117.0,46,23,0,0,69,0,151
10118.0,46,23,0,0,69,0,151
10119.0,46,23,0,0,69,0,151
10120.0,46,23,0,0,69,0,151
10121.0,46,23,0,0,69,0,151
10122.0,46,23,0,0,69,0,151
10123.0,46,23,0,0,69,0,151
10124.0,46,23,0,0,69,0,151
10125.0,46,23,0,0,69,0,151
10126.0,46,23,0,0,69,0,151
10127.0,46,23,0,0,69,0,151
10128.0,46,23,0,0,69,0,151
10129.0,46,23,0,0,69,0,151
10130.0,46,23,0,0,69,0,151
10131.0,46,23,0,0,69,0,151
10132.0,46,23,0,0,69,0,151
10133.0,46,23,0,0,69,0,151
10134.0,46,23,0,0,69,0,151
10135.0,46,23,0,0,69,0,151
10136.0,46,23,0,0,69,0,151
10137.0,46,23,0,0,69,0,151
10138.0,46,23,0,0,69,0,151
10139.0,46,23,0,0,69,0,151
10140.0,46,23,0,0,69,0,151
10141.0,46,23,0,0,69,0,151
10142.0,46,23,0,0,69,0,151
10143.0,46,23,0,0,69,0,151
10144.0,46,23,0,0,69,0,151
10145.0,46,23,0,0,69,0,151
10146.0,46,23,0,0,69,0,151
10147.0,46,23,0,0,69,0,151
10148.0,46,23,0,0,69,0,151
10149.0,46,23,0,0,69,0,151
10150.0,46,23,0,0,69,0,151
10151.0,46,23,0,0,69,0,151
10152.0,46,23,0,0,69,0,151
10153.0,46,23,0,0,69,0,151
10154.0,46,23,0,0,69,0,151
10155.0,46,23,0,0,69,0,151
10156.0,46,23,0,0,69,0,151
10157.0,46,23,0,0,69,0,151
10158.0,46,23,0,0,69,0,151
10159.0,46,23,0,0,69,0,151
10160.0,46,23,0,0,69,0,151
10161.0,46,23,0,0,69,0,151
10162.0,46,23,0,0,69,0,151
10163.0,46,23,0,0,69,0,151
10164.0,46,23,0,0,69,0,151
10165.0,46,23,0,0,69,0,151
10166.0,46,23,0,0,69,0,151
10167.0,46,23,0,0,69,0,151
10168.0,46,23,0,0,69,0,151
10169.0,46,23,0,0,69,0,151
10170.0,46,23,0,0,69,0,151
10171.0,46,23,0,0,69,0,151
10172.0,46,23,0,0,69,0,151
10173.0,46,23,0,0,69,0,151
10174.0,46,23,0,0,69,0,151
10175.0,46,23,0,0,69,0,151
10176.0,46,23,0,0,69,0,151
10177.0,46,23,0,0,69,0,151
10178.0,46,23,0,0,69,0,151
10179.0,46,23,0,0,69,0,151
10180.0,46,23,0,0,69,0,151
10181.0,46,23,0,0,69,0,151
10182.0,46,23,0,0,69,0,151
10183.0,46,23,0,0,69,0,151
10184.0,46,23,0,0,69,0,151
10185.0,46,23,0,0,69,0,151
10186.0,46,23,0,0,69,0,151
10187.0,46,23,0,0,69,0,151
10188.0,46,23,0,0,69,0,151
10189.0,46,23,0,0,69,0,151
10190.0,46,23,0,0,69,0,151
10191.0,46,23,0,0,69,0,151
10192.0,46,23,0,0,69,0,151
10193.0,46,23,0,0,69,0,151
10194.0,46,23,0,0,69,0,151
10195.0,46,23,0,0,69,0,151
10196.0,46,23,0,0,69,0,151
10197.0,46,23,0,0,69,0,151
10198.0,46,23,0,0,69,0,151
10199.0,46,23,0,0,69,0,151
10200.0,46,23,0,0,69,0,151
10201.0,46,23,0,0,69,0,151
10202.0,46,23,0,0,69,0,151
10203.0,46,23,0,0,69,0,151
10204.0,46,23,0,0,69,0,151
10205.0,46,23,0,0,69,0,151
10206.0,46,23,0,0,69,0,151
10207.0,46,23,0,0,69,0,151
10208.0,46,23,0,0,69,0,151
10209.0,46,23,0,0,69,0,151
10210.0,46,23,0,0,69,0,151
10211.0,46,23,0,0,69,0,151
10212.0,46,23,0,0,69,0,151
10213.0,46,23,0,0,69,0,151
10214.0,46,23,0,0,69,0,151
10215.0,46,23,0,0,69,0,151
10216.0,46,23,0,0,69,0,151
10217.0,46,23,0,0,69,0,151
10218.0,46,23,0,0,69,0,151
10219.0,46,23,0,0,69,0,151
10220.0,46,23,0,0,69,0,151
10221.0,46,23,0,0,69,0,151
10222.0,46,23,0,0,69,0,151
10223.0,46,23,0,0,69,0,151
10224.0,46,23,0,0,69,0,151
10225.0,46,23,0,0,69,0,151
10226.0,46,23,0,0,69,0,151
10227.0,46,23,0,0,69,0,151
10228.0,46,23,0,0,69,0,151
10229.0,46,23,0,0,69,0,151
10230.0,46,23,0,0,69,0,151
10231.0,46,23,0,0,69,0,151
10232.0,46,23,0,0,69,0,151
10233.0,46,23,0,0,69,0,151
10234.0,46,23,0,0,69,0,151
10235.0,46,23,0,0,69,0,151
10236.0,46,23,0,0,69,0,151
10237.0,46,23,0,0,69,0,151
10238.0,46,23,0,0,69,0,151
10239.0,46,23,0,0,69,0,151
10240.0,46,23,0,0,69,0,151
10241.0,46,23,0,0,69,0,151
10242.0,46,23,0,0,69,0,151
10243.0,46,23,0,0,69,0,151
10244.0,46,23,0,0,69,0,151
10245.0,46,23,0,0,69,0,151
10246.0,46,23,0,0,69,0,151
10247.0,46,23,0,0,69,0,151
10248.0,46,23,0,0,69,0,151
10249.0,46,23,0,0,69,0,151
10250.0,46,23,0,0,69,0,151
10251.0,46,23,0,0,69,0,151
10252.0,46,23,0,0,69,0,151
10253.0,46,23,0,0,69,0,151
10254.0,46,23,0,0,69,0,151
10255.0,46,23,0,0,69,0,151
10256.0,46,23,0,0,69,0,151
10257.0,46,23,0,0,69,0,151
10258.0,46,23,0,0,69,0,151
10259.0,46,23,0,0,69,0,151
10260.0,46,23,0,0,69,0,151
10261.0,46,23,0,0,69,0,151
10262.0,46,23,0,0,69,0,151
10263.0,46,23,0,0,69,0,151
10264.0,46,23,0,0,69,0,151
10265.0,46,23,0,0,69,0,151
10266.0,46,23,0,0,69,0,151
10267.0,46,23,0,0,69,0,151
10268.0,46,23,0,0,69,0,151
10269.0,46,23,0,0,69,0,151
10270.0,46,23,0,0,69,0,151
10271.0,46,23,0,0,69,0,151
10272.0,46,23,0,0,69,0,151
10273.0,46,23,0,0,69,0,151
10274.0,46,23,0,0,69,0,151
10275.0,46,23,0,0,69,0,151
10276.0,46,23,0,0,69,0,151
10277.0,46,23,0,0,69,0,151
10278.0,46,23,0,0,69,0,151
10279.0,46,23,0,0,69,0,151
10280.0,46,23,0,0,69,0,151
10281.0,46,23,0,0,69,0,151
10282.0,46,23,0,0,69,0,151
10283.0,46,23,0,0,69,0,151
10284.0,46,23,0,0,69,0,151
10285.0,46,23,0,0,69,0,151
10286.0,46,23,0,0,69,0,151
10287.0,46,23,0,0,69,0,151
10288.0,46,23,0,0,69,0,151
10289.0,46,23,0,0,69,0,151
10290.0,46,23,0,0,69,0,151
10291.0,46,23,0,0,69,0,151
10292.0,46,23,0,0,69,0,151
10293.0,46,23,0,0,69,0,151
10294.0,46,23,0,0,69,0,151
10295.0,46,23,0,0,69,0,151
10296.0,46,23,0,0,69,0,151
10297.0,46,23,0,0,69,0,151
10298.0,46,23,0,0,69,0,151
10299.0,46,23,0,0,69,0,151
10300.0,46,23,0,0,69,0,151
10301.0,46,23,0,0,69,0,151
10302.0,46,23,0,0,69,0,151
10303.0,46,23,0,0,69,0,151
10304.0,46,23,0,0,69,0,151
10305.0,46,23,0,0,69,0,151
10306.0,46,23,0,0,69,0,151
10307.0,46,23,0,0,69,0,151
10308.0,46,23,0,0,69,0,151
10309.0,46,23,0,0,69,0,151
10310.0,46,23,0,0,69,0,151
10311.0,46,23,0,0,69,0,151
10312.0,46,23,0,0,69,0,151
10313.0,46,23,0,0,69,0,151
10314.0,46,23,0,0,69,0,151
10315.0,46,23,0,0,69,0,151
10316.0,46,23,0,0,69,0,151
10317.0,46,23,0,0,69,0,151
10318.0,46,23,0,0,69,0,151
10319.0,46,23,0,0,69,0,151
10320.0,46,23,0,0,69,0,151
10321.0,46,23,0,0,69,0,151
10322.0,46,23,0,0,69,0,151
10323.0,46,23,0,0,69,0,151
10324.0,46,23,0,0,69,0,151
10325.0,46,23,0,0,69,0,151
10326.0,46,23,0,0,69,0,151
10327.0,46,23,0,0,69,0,151
10328.0,46,23,0,0,69,0,151
10329.0,46,23,0,0,69,0,151
10330.0,46,23,0,0,69,0,151
10331.0,46,23,0,0,69,0,151
10332.0,46,23,0,0,69,0,151
10333.0,46,23,0,0,69,0,151
10334.0,46,23,0,0,69,0,151
10335.0,46,23,0,0,69,0,151
10336.0,46,23,0,0,69,0,151
10337.0,46,23,0,0,69,0,151
10338.0,46,23,0,0,69,0,151
10339.0,46,23,0,0,69,0,151
10340.0,46,23,0,0,69,0,151
10341.0,46,23,0,0,69,0,151
10342.0,46,23,0,0,69,0,151
10343.0,46,23,0,0,69,0,151
10344.0,46,23,0,0,69,0,151
10345.0,46,23,0,0,69,0,151
10346.0,46,23,0,0,69,0,151
10347.0,46,23,0,0,69,0,151
10348.0,46,23,0,0,69,0,151
10349.0,46,23,0,0,69,0,151
10350.0,46,23,0,0,69,0,151
10351.0,46,23,0,0,69,0,151
10352.0,46,23,0,0,69,0,151
10353.0,46,23,0,0,69,0,151
10354.0,46,23,0,0,69,0,151
10355.0,46,23,0,0,69,0,151
10356.0,46,23,0,0,69,0,151
10357.0,46,23,0,0,69,0,151
10358.0,46,23,0,0,69,0,151
10359.0,46,23,0,0,69,0,151
10360.0,46,23,0,0,69,0,151
10361.0,46,23,0,0,69,0,151
10362.0,46,23,0,0,69,0,151
10363.0,46,23,0,0,69,0,151
10364.0,46,23,0,0,69,0,151
10365.0,46,23,0,0,69,0,151
10366.0,46,23,0,0,69,0,151
10367.0,46,23,0,0,69,0,151
10368.0,46,23,0,0,69,0,151
10369.0,46,23,0,0,69,0,151
10370.0,46,23,0,0,69,0,151
10371.0,46,23,0,0,69,0,151
10372.0,46,23,0,0,69,0,151
10373.0,46,23,0,0,69,0,151
10374.0,46,23,0,0,69,0,151
10375.0,46,23,0,0,69,0,151
10376.0,46,23,0,0,69,0,151
10377.0,46,23,0,0,69,0,151
10378.0,46,23,0,0,69,0,151
10379.0,46,23,0,0,69,0,151
10380.0,46,23,0,0,69,0,151
10381.0,46,23,0,0,69,0,151
10382.0,46,23,0,0,69,0,151
10383.0,46,23,0,0,69,0,151
10384.0,46,23,0,0,69,0,151
10385.0,46,23,0,0,69,0,151
10386.0,46,23,0,0,69,0,151
10387.0,46,23,0,0,69,0,151
10388.0,46,23,0,0,69,0,151
10389.0,46,23,0,0,69,0,151
10390.0,46,23,0,0,69,0,151
10391.0,46,23,0,0,69,0,151
10392.0,46,23,0,0,69,0,151
10393.0,46,23,0,0,69,0,151
10394.0,46,23,0,0,69,0,151
10395.0,46,23,0,0,69,0,151
10396.0,46,23,0,0,69,0,151
10397.0,46,23,0,0,69,0,151
10398.0,46,23,0,0,69,0,151
10399.0,46,23,0,0,69,0,151
10400.0,46,23,0,0,69,0,151
10401.0,46,23,0,0,69,0,151
10402.0,46,23,0,0,69,0,151
10403.0,46,23,0,0,69,0,151
10404.0,46,23,0,0,69,0,151
10405.0,46,23,0,0,69,0,151
10406.0,46,23,0,0,69,0,151
10407.0,46,23,0,0,69,0,151
10408.0,46,23,0,0,69,0,151
10409.0,46,23,0,0,69,0,151
10410.0,46,23,0,0,69,0,151
10411.0,46,23,0,0,69,0,151
10412.0,46,23,0,0,69,0,151
10413.0,46,23,0,0,69,0,151
10414.0,46,23,0,0,69,0,151
10415.0,46,23,0,0,69,0,151
10416.0,46,23,0,0,69,0,151
10417.0,46,23,0,0,69,0,151
10418.0,46,23,0,0,69,0,151
10419.0,46,23,0,0,69,0,151
10420.0,46,23,0,0,69,0,151
10421.0,46,23,0,0,69,0,151
10422.0,46,23,0,0,69,0,151
10423.0,46,23,0,0,69,0,151
10424.0,46,23,0,0,69,0,151
10425.0,46,23,0,0,69,0,151
10426.0,46,23,0,0,69,0,151
10427.0,46,23,0,0,69,0,151
10428.0,46,23,0,0,69,0,151
10429.0,46,23,0,0,69,0,151
10430.0,46,23,0,0,69,0,151
10431.0,46,23,0,0,69,0,151
10432.0,46,23,0,0,69,0,151
10433.0,46,23,0,0,69,0,151
10434.0,46,23,0,0,69,0,151
10435.0,46,23,0,0,69,0,151
10436.0,46,23,0,0,69,0,151
10437.0,46,23,0,0,69,0,151
10438.0,46,23,0,0,69,0,151
10439.0,46,23,0,0,69,0,151
10440.0,46,23,0,0,69,0,151
10441.0,46,23,0,0,69,0,151
10442.0,46,23,0,0,69,0,151
10443.0,46,23,0,0,69,0,151
10444.0,46,23,0,0,69,0,151
10445.0,46,23,0,0,69,0,151
10446.0,46,23,0,0,69,0,151
10447.0,46,23,0,0,69,0,151
10448.0,46,23,0,0,69,0,151
10449.0,46,23,0,0,69,0,151
10450.0,46,23,0,0,69,0,151
10451.0,46,23,0,0,69,0,151
10452.0,46,23,0,0,69,0,151
10453.0,46,23,0,0,69,0,151
10454.0,46,23,0,0,69,0,151
10455.0,46,23,0,0,69,0,151
10456.0,46,23,0,0,69,0,151
10457.0,46,23,0,0,69,0,151
10458.0,46,23,0,0,69,0,151
10459.0,46,23,0,0,69,0,151
10460.0,46,23,0,0,69,0,151
10461.0,46,23,0,0,69,0,151
10462.0,46,23,0,0,69,0,151
10463.0,46,23,0,0,69,0,151
10464.0,46,23,0,0,69,0,151
10465.0,46,23,0,0,69,0,151
10466.0,46,23,0,0,69,0,151
10467.0,46,23,0,0,69,0,151
10468.0,46,23,0,0,69,0,151
10469.0,46,23,0,0,69,0,151
10470.0,46,23,0,0,69,0,151
10471.0,46,23,0,0,69,0,151
10472.0,46,23,0,0,69,0,151
10473.0,46,23,0,0,69,0,151
10474.0,46,23,0,0,69,0,151
10475.0,46,23,0,0,69,0,151
10476.0,46,23,0,0,69,0,151
10477.0,46,23,0,0,69,0,151
10478.0,46,23,0,0,69,0,151
10479.0,46,23,0,0,69,0,151
10480.0,46,23,0,0,69,0,151
10481.0,46,23,0,0,69,0,151
10482.0,46,23,0,0,69,0,151
10483.0,46,23,0,0,69,0,151
10484.0,46,23,0,0,69,0,151
10485.0,46,23,0,0,69,0,151
10486.0,46,23,0,0,69,0,151
10487.0,46,23,0,0,69,0,151
10488.0,46,23,0,0,69,0,151
10489.0,46,23,0,0,69,0,151
10490.0,46,23,0,0,69,0,151
10491.0,46,23,0,0,69,0,151
10492.0,46,23,0,0,69,0,151
10493.0,46,23,0,0,69,0,151
10494.0,46,23,0,0,69,0,151
10495.0,46,23,0,0,69,0,151
10496.0,46,23,0,0,69,0,151
10497.0,46,23,0,0,69,0,151
10498.0,46,23,0,0,69,0,151
10499.0,46,23,0,0,69,0,151
10500.0,46,23,0,0,69,0,151
10501.0,46,23,0,0,69,0,151
10502.0,46,23,0,0,69,0,151
10503.0,46,23,0,0,69,0,151
10504.0,46,23,0,0,69,0,151
10505.0,46,23,0,0,69,0,151
10506.0,46,23,0,0,69,0,151
10507.0,46,23,0,0,69,0,151
10508.0,46,23,0,0,69,0,151
10509.0,46,23,0,0,69,0,151
10510.0,46,23,0,0,69,0,151
10511.0,46,23,0,0,69,0,151
10512.0,46,23,0,0,69,0,151
10513.0,46,23,0,0,69,0,151
10514.0,46,23,0,0,69,0,151
10515.0,46,23,0,0,69,0,151
10516.0,46,23,0,0,69,0,151
10517.0,46,23,0,0,69,0,151
10518.0,46,23,0,0,69,0,151
10519.0,46,23,0,0,69,0,151
10520.0,46,23,0,0,69,0,151
10521.0,46,23,0,0,69,0,151
10522.0,46,23,0,0,69,0,151
10523.0,46,23,0,0,69,0,151
10524.0,46,23,0,0,69,0,151
10525.0,46,23,0,0,69,0,151
10526.0,46,23,0,0,69,0,151
10527.0,46,23,0,0,69,0,151
10528.0,46,23,0,0,69,0,151
10529.0,46,23,0,0,69,0,151
10530.0,46,23,0,0,69,0,151
10531.0,46,23,0,0,69,0,151
10532.0,46,23,0,0,69,0,151
10533.0,46,23,0,0,69,0,151
10534.0,46,23,0,0,69,0,151
10535.0,46,23,0,0,69,0,151
10536.0,46,23,0,0,69,0,151
10537.0,46,23,0,0,69,0,151
10538.0,46,23,0,0,69,0,151
10539.0,46,23,0,0,69,0,151
10540.0,46,23,0,0,69,0,151
10541.0,46,23,0,0,69,0,151
10542.0,46,23,0,0,69,0,151
10543.0,46,23,0,0,69,0,151
10544.0,46,23,0,0,69,0,151
10545.0,46,23,0,0,69,0,151
10546.0,46,23,0,0,69,0,151
10547.0,46,23,0,0,69,0,151
10548.0,46,23,0,0,69,0,151
10549.0,46,23,0,0,69,0,151
10550.0,46,23,0,0,69,0,151
10551.0,46,23,0,0,69,0,151
10552.0,46,23,0,0,69,0,151
10553.0,46,23,0,0,69,0,151
10554.0,46,23,0,0,69,0,151
10555.0,46,23,0,0,69,0,151
10556.0,46,23,0,0,69,0,151
10557.0,46,23,0,0,69,0,151
10558.0,46,23,0,0,69,0,151
10559.0,46,23,0,0,69,0,151
10560.0,46,23,0,0,69,0,151
10561.0,46,23,0,0,69,0,151
10562.0,46,23,0,0,69,0,151
10563.0,46,23,0,0,69,0,151
10564.0,46,23,0,0,69,0,151
10565.0,46,23,0,0,69,0,151
10566.0,46,23,0,0,69,0,151
10567.0,46,23,0,0,69,0,151
10568.0,46,23,0,0,69,0,151
10569.0,46,23,0,0,69,0,151
10570.0,46,23,0,0,69,0,151
10571.0,46,23,0,0,69,0,151
10572.0,46,23,0,0,69,0,151
10573.0,46,23,0,0,69,0,151
10574.0,46,23,0,0,69,0,151
10575.0,46,23,0,0,69,0,151
10576.0,46,23,0,0,69,0,151
10577.0,46,23,0,0,69,0,151
10578.0,46,23,0,0,69,0,151
10579.0,46,23,0,0,69,0,151
10580.0,46,23,0,0,69,0,151
10581.0,46,23,0,0,69,0,151
10582.0,46,23,0,0,69,0,151
10583.0,46,23,0,0,69,0,151
10584.0,46,23,0,0,69,0,151
10585.0,46,23,0,0,69,0,151
10586.0,46,23,0,0,69,0,151
10587.0,46,23,0,0,69,0,151
10588.0,46,23,0,0,69,0,151
10589.0,46,23,0,0,69,0,151
10590.0,46,23,0,0,69,0,151
10591.0,46,23,0,0,69,0,151
10592.0,46,23,0,0,69,0,151
10593.0,46,23,0,0,69,0,151
10594.0,46,23,0,0,69,0,151
10595.0,46,23,0,0,69,0,151
10596.0,46,23,0,0,69,0,151
10597.0,46,23,0,0,69,0,151
10598.0,46,23,0,0,69,0,151
10599.0,46,23,0,0,69,0,151
10600.0,46,23,0,0,69,0,151
10601.0,46,23,0,0,69,0,151
10602.0,46,23,0,0,69,0,151
10603.0,46,23,0,0,69,0,151
10604.0,46,23,0,0,69,0,151
10605.0,46,23,0,0,69,0,151
10606.0,46,23,0,0,69,0,151
10607.0,46,23,0,0,69,0,151
10608.0,46,23,0,0,69,0,151
10609.0,46,23,0,0,69,0,151
10610.0,46,23,0,0,69,0,151
10611.0,46,23,0,0,69,0,151
10612.0,46,23,0,0,69,0,151
10613.0,46,23,0,0,69,0,151
10614.0,46,23,0,0,69,0,151
10615.0,46,23,0,0,69,0,151
10616.0,46,23,0,0,69,0,151
10617.0,46,23,0,0,69,0,151
10618.0,46,23,0,0,69,0,151
10619.0,46,23,0,0,69,0,151
10620.0,46,23,0,0,69,0,151
10621.0,46,23,0,0,69,0,151
10622.0,46,23,0,0,69,0,151
10623.0,46,23,0,0,69,0,151
10624.0,46,23,0,0,69,0,151
10625.0,46,23,0,0,69,0,151
10626.0,46,23,0,0,69,0,151
10627.0,46,23,0,0,69,0,151
10628.0,46,23,0,0,69,0,151
10629.0,46,23,0,0,69,0,151
10630.0,46,23,0,0,69,0,151
10631.0,46,23,0,0,69,0,151
10632.0,46,23,0,0,69,0,151
10633.0,46,23,0,0,69,0,151
10634.0,46,23,0,0,69,0,151
10635.0,46,23,0,0,69,0,151
10636.0,46,23,0,0,69,0,151
10637.0,46,23,0,0,69,0,151
10638.0,46,23,0,0,69,0,151
10639.0,46,23,0,0,69,0,151
10640.0,46,23,0,0,69,0,151
10641.0,46,23,0,0,69,0,151
10642.0,46,23,0,0,69,0,151
10643.0,46,23,0,0,69,0,151
10644.0,46,23,0,0,69,0,151
10645.0,46,23,0,0,69,0,151
10646.0,46,23,0,0,69,0,151
10647.0,46,23,0,0,69,0,151
10648.0,46,23,0,0,69,0,151
10649.0,46,23,0,0,69,0,151
10650.0,46,23,0,0,69,0,151
10651.0,46,23,0,0,69,0,151
10652.0,46,23,0,0,69,0,151
10653.0,46,23,0,0,69,0,151
10654.0,46,23,0,0,69,0,151
10655.0,46,23,0,0,69,0,151
10656.0,46,23,0,0,69,0,151
10657.0,46,23,0,0,69,0,151
10658.0,46,23,0,0,69,0,151
10659.0,46,23,0,0,69,0,151
10660.0,46,23,0,0,69,0,151
10661.0,46,23,0,0,69,0,151
10662.0,46,23,0,0,69,0,151
10663.0,46,23,0,0,69,0,151
10664.0,46,23,0,0,69,0,151
10665.0,46,23,0,0,69,0,151
10666.0,46,23,0,0,69,0,151
10667.0,46,23,0,0,69,0,151
10668.0,46,23,0,0,69,0,151
10669.0,46,23,0,0,69,0,151
10670.0,46,23,0,0,69,0,151
10671.0,46,23,0,0,69,0,151
10672.0,46,23,0,0,69,0,151
10673.0,46,23,0,0,69,0,151
10674.0,46,23,0,0,69,0,151
10675.0,46,23,0,0,69,0,151
10676.0,46,23,0,0,69,0,151
10677.0,46,23,0,0,69,0,151
10678.0,46,23,0,0,69,0,151
10679.0,46,23,0,0,69,0,151
10680.0,46,23,0,0,69,0,151
10681.0,46,23,0,0,69,0,151
10682.0,46,23,0,0,69,0,151
10683.0,46,23,0,0,69,0,151
10684.0,46,23,0,0,69,0,151
10685.0,46,23,0,0,69,0,151
10686.0,46,23,0,0,69,0,151
10687.0,46,23,0,0,69,0,151
10688.0,46,23,0,0,69,0,151
10689.0,46,23,0,0,69,0,151
10690.0,46,23,0,0,69,0,151
10691.0,46,23,0,0,69,0,151
10692.0,46,23,0,0,69,0,151
10693.0,46,23,0,0,69,0,151
10694.0,46,23,0,0,69,0,151
10695.0,46,23,0,0,69,0,151
10696.0,46,23,0,0,69,0,151
10697.0,46,23,0,0,69,0,151
10698.0,46,23,0,0,69,0,151
10699.0,46,23,0,0,69,0,151
10700.0,46,23,0,0,69,0,151
10701.0,46,23,0,0,69,0,151
10702.0,46,23,0,0,69,0,151
10703.0,46,23,0,0,69,0,151
10704.0,46,23,0,0,69,0,151
10705.0,46,23,0,0,69,0,151
10706.0,46,23,0,0,69,0,151
10707.0,46,23,0,0,69,0,151
10708.0,46,23,0,0,69,0,151
10709.0,46,23,0,0,69,0,151
10710.0,46,23,0,0,69,0,151
10711.0,46,23,0,0,69,0,151
10712.0,46,23,0,0,69,0,151
10713.0,46,23,0,0,69,0,151
10714.0,46,23,0,0,69,0,151
10715.0,46,23,0,0,69,0,151
10716.0,46,23,0,0,69,0,151
10717.0,46,23,0,0,69,0,151
10718.0,46,23,0,0,69,0,151
10719.0,46,23,0,0,69,0,151
10720.0,46,23,0,0,69,0,151
10721.0,46,23,0,0,69,0,151
10722.0,46,23,0,0,69,0,151
10723.0,46,23,0,0,69,0,151
10724.0,46,23,0,0,69,0,151
10725.0,46,23,0,0,69,0,151
10726.0,46,23,0,0,69,0,151
10727.0,46,23,0,0,69,0,151
10728.0,46,23,0,0,69,0,151
10729.0,46,23,0,0,69,0,151
10730.0,46,23,0,0,69,0,151
10731.0,46,23,0,0,69,0,151
10732.0,46,23,0,0,69,0,151
10733.0,46,23,0,0,69,0,151
10734.0,46,23,0,0,69,0,151
10735.0,46,23,0,0,69,0,151
10736.0,46,23,0,0,69,0,151
10737.0,46,23,0,0,69,0,151
10738.0,46,23,0,0,69,0,151
10739.0,46,23,0,0,69,0,151
10740.0,46,23,0,0,69,0,151
10741.0,46,23,0,0,69,0,151
10742.0,46,23,0,0,69,0,151
10743.0,46,23,0,0,69,0,151
10744.0,46,23,0,0,69,0,151
10745.0,46,23,0,0,69,0,151
10746.0,46,23,0,0,69,0,151
10747.0,46,23,0,0,69,0,151
10748.0,46,23,0,0,69,0,151
10749.0,46,23,0,0,69,0,151
10750.0,46,23,0,0,69,0,151
10751.0,46,23,0,0,69,0,151
10752.0,46,23,0,0,69,0,151
10753.0,46,23,0,0,69,0,151
10754.0,46,23,0,0,69,0,151
10755.0,46,23,0,0,69,0,151
10756.0,46,23,0,0,69,0,151
10757.0,46,23,0,0,69,0,151
10758.0,46,23,0,0,69,0,151
10759.0,46,23,0,0,69,0,151
10760.0,46,23,0,0,69,0,151
10761.0,46,23,0,0,69,0,151
10762.0,46,23,0,0,69,0,151
10763.0,46,23,0,0,69,0,151
10764.0,46,23,0,0,69,0,151
10765.0,46,23,0,0,69,0,151
10766.0,46,23,0,0,69,0,151
10767.0,46,23,0,0,69,0,151
10768.0,46,23,0,0,69,0,151
10769.0,46,23,0,0,69,0,151
10770.0,46,23,0,0,69,0,151
10771.0,46,23,0,0,69,0,151
10772.0,46,23,0,0,69,0,151
10773.0,46,23,0,0,69,0,151
10774.0,46,23,0,0,69,0,151
10775.0,46,23,0,0,69,0,151
10776.0,46,23,0,0,69,0,151
10777.0,46,23,0,0,69,0,151
10778.0,46,23,0,0,69,0,151
10779.0,46,23,0,0,69,0,151
10780.0,46,23,0,0,69,0,151
10781.0,46,23,0,0,69,0,151
10782.0,46,23,0,0,69,0,151
10783.0,46,23,0,0,69,0,151
10784.0,46,23,0,0,69,0,151
10785.0,46,23,0,0,69,0,151
10786.0,46,23,0,0,69,0,151
10787.0,46,23,0,0,69,0,151
10788.0,46,23,0,0,69,0,151
10789.0,46,23,0,0,69,0,151
10790.0,46,23,0,0,69,0,151
10791.0,46,23,0,0,69,0,151
10792.0,46,23,0,0,69,0,151
10793.0,46,23,0,0,69,0,151
10794.0,46,23,0,0,69,0,151
10795.0,46,23,0,0,69,0,151
10796.0,46,23,0,0,69,0,151
10797.0,46,23,0,0,69,0,151
10798.0,46,23,0,0,69,0,151
10799.0,46,23,0,0,69,0,151
10800.0,46,23,0,0,69,0,151
10801.0,46,23,0,0,69,0,151
10802.0,46,23,0,0,69,0,151
10803.0,46,23,0,0,69,0,151
10804.0,46,23,0,0,69,0,151
10805.0,46,23,0,0,69,0,151
10806.0,46,23,0,0,69,0,151
10807.0,46,23,0,0,69,0,151
10808.0,46,23,0,0,69,0,151
10809.0,46,23,0,0,69,0,151
10810.0,46,23,0,0,69,0,151
10811.0,46,23,0,0,69,0,151
10812.0,46,23,0,0,69,0,151
10813.0,46,23,0,0,69,0,151
10814.0,46,23,0,0,69,0,151
10815.0,46,23,0,0,69,0,151
10816.0,46,23,0,0,69,0,151
10817.0,46,23,0,0,69,0,151
10818.0,46,23,0,0,69,0,151
10819.0,46,23,0,0,69,0,151
10820.0,46,23,0,0,69,0,151
10821.0,46,23,0,0,69,0,151
10822.0,46,23,0,0,69,0,151
10823.0,46,23,0,0,69,0,151
10824.0,46,23,0,0,69,0,151
10825.0,46,23,0,0,69,0,151
10826.0,46,23,0,0,69,0,151
10827.0,46,23,0,0,69,0,151
10828.0,46,23,0,0,69,0,151
10829.0,46,23,0,0,69,0,151
10830.0,46,23,0,0,69,0,151
10831.0,46,23,0,0,69,0,151
10832.0,46,23,0,0,69,0,151
10833.0,46,23,0,0,69,0,151
10834.0,46,23,0,0,69,0,151
10835.0,46,23,0,0,69,0,151
10836.0,46,23,0,0,69,0,151
10837.0,46,23,0,0,69,0,151
10838.0,46,23,0,0,69,0,151
10839.0,46,23,0,0,69,0,151
10840.0,46,23,0,0,69,0,151
10841.0,46,23,0,0,69,0,151
10842.0,46,23,0,0,69,0,151
10843.0,46,23,0,0,69,0,151
10844.0,46,23,0,0,69,0,151
10845.0,46,23,0,0,69,0,151
10846.0,46,23,0,0,69,0,151
10847.0,46,23,0,0,69,0,151
10848.0,46,23,0,0,69,0,151
10849.0,46,23,0,0,69,0,151
10850.0,46,23,0,0,69,0,151
10851.0,46,23,0,0,69,0,151
10852.0,46,23,0,0,69,0,151
10853.0,46,23,0,0,69,0,151
10854.0,46,23,0,0,69,0,151
10855.0,46,23,0,0,69,0,151
10856.0,46,23,0,0,69,0,151
10857.0,46,23,0,0,69,0,151
10858.0,46,23,0,0,69,0,151
10859.0,46,23,0,0,69,0,151
10860.0,46,23,0,0,69,0,151
10861.0,46,23,0,0,69,0,151
10862.0,46,23,0,0,69,0,151
10863.0,46,23,0,0,69,0,151
10864.0,46,23,0,0,69,0,151
10865.0,46,23,0,0,69,0,151
10866.0,46,23,0,0,69,0,151
10867.0,46,23,0,0,69,0,151
10868.0,46,23,0,0,69,0,151
10869.0,46,23,0,0,69,0,151
10870.0,46,23,0,0,69,0,151
10871.0,46,23,0,0,69,0,151
10872.0,46,23,0,0,69,0,151
10873.0,46,23,0,0,69,0,151
10874.0,46,23,0,0,69,0,151
10875.0,46,23,0,0,69,0,151
10876.0,46,23,0,0,69,0,151
10877.0,46,23,0,0,69,0,151
10878.0,46,23,0,0,69,0,151
10879.0,46,23,0,0,69,0,151
10880.0,46,23,0,0,69,0,151
10881.0,46,23,0,0,69,0,151
10882.0,46,23,0,0,69,0,151
10883.0,46,23,0,0,69,0,151
10884.0,46,23,0,0,69,0,151
10885.0,46,23,0,0,69,0,151
10886.0,46,23,0,0,69,0,151
10887.0,46,23,0,0,69,0,151
10888.0,46,23,0,0,69,0,151
10889.0,46,23,0,0,69,0,151
10890.0,46,23,0,0,69,0,151
10891.0,46,23,0,0,69,0,151
10892.0,46,23,0,0,69,0,151
10893.0,46,23,0,0,69,0,151
10894.0,46,23,0,0,69,0,151
10895.0,46,23,0,0,69,0,151
10896.0,46,23,0,0,69,0,151
10897.0,46,23,0,0,69,0,151
10898.0,46,23,0,0,69,0,151
10899.0,46,23,0,0,69,0,151
10900.0,46,23,0,0,69,0,151
10901.0,46,23,0,0,69,0,151
10902.0,46,23,0,0,69,0,151
10903.0,46,23,0,0,69,0,151
10904.0,46,23,0,0,69,0,151
10905.0,46,23,0,0,69,0,151
10906.0,46,23,0,0,69,0,151
10907.0,46,23,0,0,69,0,151
10908.0,46,23,0,0,69,0,151
10909.0,46,23,0,0,69,0,151
10910.0,46,23,0,0,69,0,151
10911.0,46,23,0,0,69,0,151
10912.0,46,23,0,0,69,0,151
10913.0,46,23,0,0,69,0,151
10914.0,46,23,0,0,69,0,151
10915.0,46,23,0,0,69,0,151
10916.0,46,23,0,0,69,0,151
10917.0,46,23,0,0,69,0,151
10918.0,46,23,0,0,69,0,151
10919.0,46,23,0,0,69,0,151
10920.0,46,23,0,0,69,0,151
10921.0,46,23,0,0,69,0,151
10922.0,46,23,0,0,69,0,151
10923.0,46,23,0,0,69,0,151
10924.0,46,23,0,0,69,0,151
10925.0,46,23,0,0,69,0,151
10926.0,46,23,0,0,69,0,151
10927.0,46,23,0,0,69,0,151
10928.0,46,23,0,0,69,0,151
10929.0,46,23,0,0,69,0,151
10930.0,46,23,0,0,69,0,151
10931.0,46,23,0,0,69,0,151
10932.0,46,23,0,0,69,0,151
10933.0,46,23,0,0,69,0,151
10934.0,46,23,0,0,69,0,151
10935.0,46,23,0,0,69,0,151
10936.0,46,23,0,0,69,0,151
10937.0,46,23,0,0,69,0,151
10938.0,46,23,0,0,69,0,151
10939.0,46,23,0,0,69,0,151
10940.0,46,23,0,0,69,0,151
10941.0,46,23,0,0,69,0,151
10942.0,46,23,0,0,69,0,151
10943.0,46,23,0,0,69,0,151
10944.0,46,23,0,0,69,0,151
10945.0,46,23,0,0,69,0,151
10946.0,46,23,0,0,69,0,151
10947.0,46,23,0,0,69,0,151
10948.0,46,23,0,0,69,0,151
10949.0,46,23,0,0,69,0,151
10950.0,46,23,0,0,69,0,151
10951.0,46,23,0,0,69,0,151
10952.0,46,23,0,0,69,0,151
10953.0,46,23,0,0,69,0,151
10954.0,46,23,0,0,69,0,151
10955.0,46,23,0,0,69,0,151
10956.0,46,23,0,0,69,0,151
10957.0,46,23,0,0,69,0,151
10958.0,46,23,0,0,69,0,151
10959.0,46,23,0,0,69,0,151
10960.0,46,23,0,0,69,0,151
10961.0,46,23,0,0,69,0,151
10962.0,46,23,0,0,69,0,151
10963.0,46,23,0,0,69,0,151
10964.0,46,23,0,0,69,0,151
10965.0,46,23,0,0,69,0,151
10966.0,46,23,0,0,69,0,151
10967.0,46,23,0,0,69,0,151
10968.0,46,23,0,0,69,0,151
10969.0,46,23,0,0,69,0,151
10970.0,46,23,0,0,69,0,151
10971.0,46,23,0,0,69,0,151
10972.0,46,23,0,0,69,0,151
10973.0,46,23,0,0,69,0,151
10974.0,46,23,0,0,69,0,151
10975.0,46,23,0,0,69,0,151
10976.0,46,23,0,0,69,0,151
10977.0,46,23,0,0,69,0,151
10978.0,46,23,0,0,69,0,151
10979.0,46,23,0,0,69,0,151
10980.0,46,23,0,0,69,0,151
10981.0,46,23,0,0,69,0,151
10982.0,46,23,0,0,69,0,151
10983.0,46,23,0,0,69,0,151
10984.0,46,23,0,0,69,0,151
10985.0,46,23,0,0,69,0,151
10986.0,46,23,0,0,69,0,151
10987.0,46,23,0,0,69,0,151
10988.0,46,23,0,0,69,0,151
10989.0,46,23,0,0,69,0,151
10990.0,46,23,0,0,69,0,151
10991.0,46,23,0,0,69,0,151
10992.0,46,23,0,0,69,0,151
10993.0,46,23,0,0,69,0,151
10994.0,46,23,0,0,69,0,151
10995.0,46,23,0,0,69,0,151
10996.0,46,23,0,0,69,0,151
10997.0,46,23,0,0,69,0,151
10998.0,46,23,0,0,69,0,151
10999.0,46,23,0,0,69,0,151
11000.0,46,23,0,0,69,0,151
11001.0,46,23,0,0,69,0,151
11002.0,46,23,0,0,69,0,151
11003.0,46,23,0,0,69,0,151
11004.0,46,23,0,0,69,0,151
11005.0,46,23,0,0,69,0,151
11006.0,46,23,0,0,69,0,151
11007.0,46,23,0,0,69,0,151
11008.0,46,23,0,0,69,0,151
11009.0,46,23,0,0,69,0,151
11010.0,46,23,0,0,69,0,151
11011.0,46,23,0,0,69,0,151
11012.0,46,23,0,0,69,0,151
11013.0,46,23,0,0,69,0,151
11014.0,46,23,0,0,69,0,151
11015.0,46,23,0,0,69,0,151
11016.0,46,23,0,0,69,0,151
11017.0,46,23,0,0,69,0,151
11018.0,46,23,0,0,69,0,151
11019.0,46,23,0,0,69,0,151
11020.0,46,23,0,0,69,0,151
11021.0,46,23,0,0,69,0,151
11022.0,46,23,0,0,69,0,151
11023.0,46,23,0,0,69,0,151
11024.0,46,23,0,0,69,0,151
11025.0,46,23,0,0,69,0,151
11026.0,46,23,0,0,69,0,151
11027.0,46,23,0,0,69,0,151
11028.0,46,23,0,0,69,0,151
11029.0,46,23,0,0,69,0,151
11030.0,46,23,0,0,69,0,151
11031.0,46,23,0,0,69,0,151
11032.0,46,23,0,0,69,0,151
11033.0,46,23,0,0,69,0,151
11034.0,46,23,0,0,69,0,151
11035.0,46,23,0,0,69,0,151
11036.0,46,23,0,0,69,0,151
11037.0,46,23,0,0,69,0,151
11038.0,46,23,0,0,69,0,151
11039.0,46,23,0,0,69,0,151
11040.0,46,23,0,0,69,0,151
11041.0,46,23,0,0,69,0,151
11042.0,46,23,0,0,69,0,151
11043.0,46,23,0,0,69,0,151
11044.0,46,23,0,0,69,0,151
11045.0,46,23,0,0,69,0,151
11046.0,46,23,0,0,69,0,151
11047.0,46,23,0,0,69,0,151
11048.0,46,23,0,0,69,0,151
11049.0,46,23,0,0,69,0,151
11050.0,46,23,0,0,69,0,151
11051.0,46,23,0,0,69,0,151
11052.0,46,23,0,0,69,0,151
11053.0,46,23,0,0,69,0,151
11054.0,46,23,0,0,69,0,151
11055.0,46,23,0,0,69,0,151
11056.0,46,23,0,0,69,0,151
11057.0,46,23,0,0,69,0,151
11058.0,46,23,0,0,69,0,151
11059.0,46,23,0,0,69,0,151
11060.0,46,23,0,0,69,0,151
11061.0,46,23,0,0,69,0,151
11062.0,46,23,0,0,69,0,151
11063.0,46,23,0,0,69,0,151
11064.0,46,23,0,0,69,0,151
11065.0,46,23,0,0,69,0,151
11066.0,46,23,0,0,69,0,151
11067.0,46,23,0,0,69,0,151
11068.0,46,23,0,0,69,0,151
11069.0,46,23,0,0,69,0,151
11070.0,46,23,0,0,69,0,151
11071.0,46,23,0,0,69,0,151
11072.0,46,23,0,0,69,0,151
11073.0,46,23,0,0,69,0,151
11074.0,46,23,0,0,69,0,151
11075.0,46,23,0,0,69,0,151
11076.0,46,23,0,0,69,0,151
11077.0,46,23,0,0,69,0,151
11078.0,46,23,0,0,69,0,151
11079.0,46,23,0,0,69,0,151
11080.0,46,23,0,0,69,0,151
11081.0,46,23,0,0,69,0,151
11082.0,46,23,0,0,69,0,151
11083.0,46,23,0,0,69,0,151
11084.0,46,23,0,0,69,0,151
11085.0,46,23,0,0,69,0,151
11086.0,46,23,0,0,69,0,151
11087.0,46,23,0,0,69,0,151
11088.0,46,23,0,0,69,0,151
11089.0,46,23,0,0,69,0,151
11090.0,46,23,0,0,69,0,151
11091.0,46,23,0,0,69,0,151
11092.0,46,23,0,0,69,0,151
11093.0,46,23,0,0,69,0,151
11094.0,46,23,0,0,69,0,151
11095.0,46,23,0,0,69,0,151
11096.0,46,23,0,0,69,0,151
11097.0,46,23,0,0,69,0,151
11098.0,46,23,0,0,69,0,151
11099.0,46,23,0,0,69,0,151
11100.0,46,23,0,0,69,0,151
11101.0,46,23,0,0,69,0,151
11102.0,46,23,0,0,69,0,151
11103.0,46,23,0,0,69,0,151
11104.0,46,23,0,0,69,0,151
11105.0,46,23,0,0,69,0,151
11106.0,46,23,0,0,69,0,151
11107.0,46,23,0,0,69,0,151
11108.0,46,23,0,0,69,0,151
11109.0,46,23,0,0,69,0,151
11110.0,46,23,0,0,69,0,151
11111.0,46,23,0,0,69,0,151
11112.0,46,23,0,0,69,0,151
11113.0,46,23,0,0,69,0,151
11114.0,46,23,0,0,69,0,151
11115.0,46,23,0,0,69,0,151
11116.0,46,23,0,0,69,0,151
11117.0,46,23,0,0,69,0,151
11118.0,46,23,0,0,69,0,151
11119.0,46,23,0,0,69,0,151
11120.0,46,23,0,0,69,0,151
11121.0,46,23,0,0,69,0,151
11122.0,46,23,0,0,69,0,151
11123.0,46,23,0,0,69,0,151
11124.0,46,23,0,0,69,0,151
11125.0,46,23,0,0,69,0,151
11126.0,46,23,0,0,69,0,151
11127.0,46,23,0,0,69,0,151
11128.0,46,23,0,0,69,0,151
11129.0,46,23,0,0,69,0,151
11130.0,46,23,0,0,69,0,151
11131.0,46,23,0,0,69,0,151
11132.0,46,23,0,0,69,0,151
11133.0,46,23,0,0,69,0,151
11134.0,46,23,0,0,69,0,151
11135.0,46,23,0,0,69,0,151
11136.0,46,23,0,0,69,0,151
11137.0,46,23,0,0,69,0,151
11138.0,46,23,0,0,69,0,151
11139.0,46,23,0,0,69,0,151
11140.0,46,23,0,0,69,0,151
11141.0,46,23,0,0,69,0,151
11142.0,46,23,0,0,69,0,151
11143.0,46,23,0,0,69,0,151
11144.0,46,23,0,0,69,0,151
11145.0,46,23,0,0,69,0,151
11146.0,46,23,0,0,69,0,151
11147.0,46,23,0,0,69,0,151
11148.0,46,23,0,0,69,0,151
11149.0,46,23,0,0,69,0,151
11150.0,46,23,0,0,69,0,151
11151.0,46,23,0,0,69,0,151
11152.0,46,23,0,0,69,0,151
11153.0,46,23,0,0,69,0,151
11154.0,46,23,0,0,69,0,151
11155.0,46,23,0,0,69,0,151
11156.0,46,23,0,0,69,0,151
11157.0,46,23,0,0,69,0,151
11158.0,46,23,0,0,69,0,151
11159.0,46,23,0,0,69,0,151
11160.0,46,23,0,0,69,0,151
11161.0,46,23,0,0,69,0,151
11162.0,46,23,0,0,69,0,151
11163.0,46,23,0,0,69,0,151
11164.0,46,23,0,0,69,0,151
11165.0,46,23,0,0,69,0,151
11166.0,46,23,0,0,69,0,151
11167.0,46,23,0,0,69,0,151
11168.0,46,23,0,0,69,0,151
11169.0,46,23,0,0,69,0,151
11170.0,46,23,0,0,69,0,151
11171.0,46,23,0,0,69,0,151
11172.0,46,23,0,0,69,0,151
11173.0,46,23,0,0,69,0,151
11174.0,46,23,0,0,69,0,151
11175.0,46,23,0,0,69,0,151
11176.0,46,23,0,0,69,0,151
11177.0,46,23,0,0,69,0,151
11178.0,46,23,0,0,69,0,151
11179.0,46,23,0,0,69,0,151
11180.0,46,23,0,0,69,0,151
11181.0,46,23,0,0,69,0,151
11182.0,46,23,0,0,69,0,151
11183.0,46,23,0,0,69,0,151
11184.0,46,23,0,0,69,0,151
11185.0,46,23,0,0,69,0,151
11186.0,46,23,0,0,69,0,151
11187.0,46,23,0,0,69,0,151
11188.0,46,23,0,0,69,0,151
11189.0,46,23,0,0,69,0,151
11190.0,46,23,0,0,69,0,151
11191.0,46,23,0,0,69,0,151
11192.0,46,23,0,0,69,0,151
11193.0,46,23,0,0,69,0,151
11194.0,46,23,0,0,69,0,151
11195.0,46,23,0,0,69,0,151
11196.0,46,23,0,0,69,0,151
11197.0,46,23,0,0,69,0,151
11198.0,46,23,0,0,69,0,151
11199.0,46,23,0,0,69,0,151
11200.0,46,23,0,0,69,0,151
11201.0,46,23,0,0,69,0,151
11202.0,46,23,0,0,69,0,151
11203.0,46,23,0,0,69,0,151
11204.0,46,23,0,0,69,0,151
11205.0,46,23,0,0,69,0,151
11206.0,46,23,0,0,69,0,151
11207.0,46,23,0,0,69,0,151
11208.0,46,23,0,0,69,0,151
11209.0,46,23,0,0,69,0,151
11210.0,46,23,0,0,69,0,151
11211.0,46,23,0,0,69,0,151
11212.0,46,23,0,0,69,0,151
11213.0,46,23,0,0,69,0,151
11214.0,46,23,0,0,69,0,151
11215.0,46,23,0,0,69,0,151
11216.0,46,23,0,0,69,0,151
11217.0,46,23,0,0,69,0,151
11218.0,46,23,0,0,69,0,151
11219.0,46,23,0,0,69,0,151
11220.0,46,23,0,0,69,0,151
11221.0,46,23,0,0,69,0,151
11222.0,46,23,0,0,69,0,151
11223.0,46,23,0,0,69,0,151
11224.0,46,23,0,0,69,0,151
11225.0,46,23,0,0,69,0,151
11226.0,46,23,0,0,69,0,151
11227.0,46,23,0,0,69,0,151
11228.0,46,23,0,0,69,0,151
11229.0,46,23,0,0,69,0,151
11230.0,46,23,0,0,69,0,151
11231.0,46,23,0,0,69,0,151
11232.0,46,23,0,0,69,0,151
11233.0,46,23,0,0,69,0,151
11234.0,46,23,0,0,69,0,151
11235.0,46,23,0,0,69,0,151
11236.0,46,23,0,0,69,0,151
11237.0,46,23,0,0,69,0,151
11238.0,46,23,0,0,69,0,151
11239.0,46,23,0,0,69,0,151
11240.0,46,23,0,0,69,0,151
11241.0,46,23,0,0,69,0,151
11242.0,46,23,0,0,69,0,151
11243.0,46,23,0,0,69,0,151
11244.0,46,23,0,0,69,0,151
11245.0,46,23,0,0,69,0,151
11246.0,46,23,0,0,69,0,151
11247.0,46,23,0,0,69,0,151
11248.0,46,23,0,0,69,0,151
11249.0,46,23,0,0,69,0,151
11250.0,46,23,0,0,69,0,151
11251.0,46,23,0,0,69,0,151
11252.0,46,23,0,0,69,0,151
11253.0,46,23,0,0,69,0,151
11254.0,46,23,0,0,69,0,151
11255.0,46,23,0,0,69,0,151
11256.0,46,23,0,0,69,0,151
11257.0,46,23,0,0,69,0,151
11258.0,46,23,0,0,69,0,151
11259.0,46,23,0,0,69,0,151
11260.0,46,23,0,0,69,0,151
11261.0,46,23,0,0,69,0,151
11262.0,46,23,0,0,69,0,151
11263.0,46,23,0,0,69,0,151
11264.0,46,23,0,0,69,0,151
11265.0,46,23,0,0,69,0,151
11266.0,46,23,0,0,69,0,151
11267.0,46,23,0,0,69,0,151
11268.0,46,23,0,0,69,0,151
11269.0,46,23,0,0,69,0,151
11270.0,46,23,0,0,69,0,151
11271.0,46,23,0,0,69,0,151
11272.0,46,23,0,0,69,0,151
11273.0,46,23,0,0,69,0,151
11274.0,46,23,0,0,69,0,151
11275.0,46,23,0,0,69,0,151
11276.0,46,23,0,0,69,0,151
11277.0,46,23,0,0,69,0,151
11278.0,46,23,0,0,69,0,151
11279.0,46,23,0,0,69,0,151
11280.0,46,23,0,0,69,0,151
11281.0,46,23,0,0,69,0,151
11282.0,46,23,0,0,69,0,151
11283.0,46,23,0,0,69,0,151
11284.0,46,23,0,0,69,0,151
11285.0,46,23,0,0,69,0,151
11286.0,46,23,0,0,69,0,151
11287.0,46,23,0,0,69,0,151
11288.0,46,23,0,0,69,0,151
11289.0,46,23,0,0,69,0,151
11290.0,46,23,0,0,69,0,151
11291.0,46,23,0,0,69,0,151
11292.0,46,23,0,0,69,0,151
11293.0,46,23,0,0,69,0,151
11294.0,46,23,0,0,69,0,151
11295.0,46,23,0,0,69,0,151
11296.0,46,23,0,0,69,0,151
11297.0,46,23,0,0,69,0,151
11298.0,46,23,0,0,69,0,151
11299.0,46,23,0,0,69,0,151
11300.0,46,23,0,0,69,0,151
11301.0,46,23,0,0,69,0,151
11302.0,46,23,0,0,69,0,151
11303.0,46,23,0,0,69,0,151
11304.0,46,23,0,0,69,0,151
11305.0,46,23,0,0,69,0,151
11306.0,46,23,0,0,69,0,151
11307.0,46,23,0,0,69,0,151
11308.0,46,23,0,0,69,0,151
11309.0,46,23,0,0,69,0,151
11310.0,46,23,0,0,69,0,151
11311.0,46,23,0,0,69,0,151
11312.0,46,23,0,0,69,0,151
11313.0,46,23,0,0,69,0,151
11314.0,46,23,0,0,69,0,151
11315.0,46,23,0,0,69,0,151
11316.0,46,23,0,0,69,0,151
11317.0,46,23,0,0,69,0,151
11318.0,46,23,0,0,69,0,151
11319.0,46,23,0,0,69,0,151
11320.0,46,23,0,0,69,0,151
11321.0,46,23,0,0,69,0,151
11322.0,46,23,0,0,69,0,151
11323.0,46,23,0,0,69,0,151
11324.0,46,23,0,0,69,0,151
11325.0,46,23,0,0,69,0,151
11326.0,46,23,0,0,69,0,151
11327.0,46,23,0,0,69,0,151
11328.0,46,23,0,0,69,0,151
11329.0,46,23,0,0,69,0,151
11330.0,46,23,0,0,69,0,151
11331.0,46,23,0,0,69,0,151
11332.0,46,23,0,0,69,0,151
11333.0,46,23,0,0,69,0,151
11334.0,46,23,0,0,69,0,151
11335.0,46,23,0,0,69,0,151
11336.0,46,23,0,0,69,0,151
11337.0,46,23,0,0,69,0,151
11338.0,46,23,0,0,69,0,151
11339.0,46,23,0,0,69,0,151
11340.0,46,23,0,0,69,0,151
11341.0,46,23,0,0,69,0,151
11342.0,46,23,0,0,69,0,151
11343.0,46,23,0,0,69,0,151
11344.0,46,23,0,0,69,0,151
11345.0,46,23,0,0,69,0,151
11346.0,46,23,0,0,69,0,151
11347.0,46,23,0,0,69,0,151
11348.0,46,23,0,0,69,0,151
11349.0,46,23,0,0,69,0,151
11350.0,46,23,0,0,69,0,151
11351.0,46,23,0,0,69,0,151
11352.0,46,23,0,0,69,0,151
11353.0,46,23,0,0,69,0,151
11354.0,46,23,0,0,69,0,151
11355.0,46,23,0,0,69,0,151
11356.0,46,23,0,0,69,0,151
11357.0,46,23,0,0,69,0,151
11358.0,46,23,0,0,69,0,151
11359.0,46,23,0,0,69,0,151
11360.0,46,23,0,0,69,0,151
11361.0,46,23,0,0,69,0,151
11362.0,46,23,0,0,69,0,151
11363.0,46,23,0,0,69,0,151
11364.0,46,23,0,0,69,0,151
11365.0,46,23,0,0,69,0,151
11366.0,46,23,0,0,69,0,151
11367.0,46,23,0,0,69,0,151
11368.0,46,23,0,0,69,0,151
11369.0,46,23,0,0,69,0,151
11370.0,46,23,0,0,69,0,151
11371.0,46,23,0,0,69,0,151
11372.0,46,23,0,0,69,0,151
11373.0,46,23,0,0,69,0,151
11374.0,46,23,0,0,69,0,151
11375.0,46,23,0,0,69,0,151
11376.0,46,23,0,0,69,0,151
11377.0,46,23,0,0,69,0,151
11378.0,46,23,0,0,69,0,151
11379.0,46,23,0,0,69,0,151
11380.0,46,23,0,0,69,0,151
11381.0,46,23,0,0,69,0,151
11382.0,46,23,0,0,69,0,151
11383.0,46,23,0,0,69,0,151
11384.0,46,23,0,0,69,0,151
11385.0,46,23,0,0,69,0,151
11386.0,46,23,0,0,69,0,151
11387.0,46,23,0,0,69,0,151
11388.0,46,23,0,0,69,0,151
11389.0,46,23,0,0,69,0,151
11390.0,46,23,0,0,69,0,151
11391.0,46,23,0,0,69,0,151
11392.0,46,23,0,0,69,0,151
11393.0,46,23,0,0,69,0,151
11394.0,46,23,0,0,69,0,151
11395.0,46,23,0,0,69,0,151
11396.0,46,23,0,0,69,0,151
11397.0,46,23,0,0,69,0,151
11398.0,46,23,0,0,69,0,151
11399.0,46,23,0,0,69,0,151
11400.0,46,23,0,0,69,0,151
11401.0,46,23,0,0,69,0,151
11402.0,46,23,0,0,69,0,151
11403.0,46,23,0,0,69,0,151
11404.0,46,23,0,0,69,0,151
11405.0,46,23,0,0,69,0,151
11406.0,46,23,0,0,69,0,151
11407.0,46,23,0,0,69,0,151
11408.0,46,23,0,0,69,0,151
11409.0,46,23,0,0,69,0,151
11410.0,46,23,0,0,69,0,151
11411.0,46,23,0,0,69,0,151
11412.0,46,23,0,0,69,0,151
11413.0,46,23,0,0,69,0,151
11414.0,46,23,0,0,69,0,151
11415.0,46,23,0,0,69,0,151
11416.0,46,23,0,0,69,0,151
11417.0,46,23,0,0,69,0,151
11418.0,46,23,0,0,69,0,151
11419.0,46,23,0,0,69,0,151
11420.0,46,23,0,0,69,0,151
11421.0,46,23,0,0,69,0,151
11422.0,46,23,0,0,69,0,151
11423.0,46,23,0,0,69,0,151
11424.0,46,23,0,0,69,0,151
11425.0,46,23,0,0,69,0,151
11426.0,46,23,0,0,69,0,151
11427.0,46,23,0,0,69,0,151
11428.0,46,23,0,0,69,0,151
11429.0,46,23,0,0,69,0,151
11430.0,46,23,0,0,69,0,151
11431.0,46,23,0,0,69,0,151
11432.0,46,23,0,0,69,0,151
11433.0,46,23,0,0,69,0,151
11434.0,46,23,0,0,69,0,151
11435.0,46,23,0,0,69,0,151
11436.0,46,23,0,0,69,0,151
11437.0,46,23,0,0,69,0,151
11438.0,46,23,0,0,69,0,151
11439.0,46,23,0,0,69,0,151
11440.0,46,23,0,0,69,0,151
11441.0,46,23,0,0,69,0,151
11442.0,46,23,0,0,69,0,151
11443.0,46,23,0,0,69,0,151
11444.0,46,23,0,0,69,0,151
11445.0,46,23,0,0,69,0,151
11446.0,46,23,0,0,69,0,151
11447.0,46,23,0,0,69,0,151
11448.0,46,23,0,0,69,0,151
11449.0,46,23,0,0,69,0,151
11450.0,46,23,0,0,69,0,151
11451.0,46,23,0,0,69,0,151
11452.0,46,23,0,0,69,0,151
11453.0,46,23,0,0,69,0,151
11454.0,46,23,0,0,69,0,151
11455.0,46,23,0,0,69,0,151
11456.0,46,23,0,0,69,0,151
11457.0,46,23,0,0,69,0,151
11458.0,46,23,0,0,69,0,151
11459.0,46,23,0,0,69,0,151
11460.0,46,23,0,0,69,0,151
11461.0,46,23,0,0,69,0,151
11462.0,46,23,0,0,69,0,151
11463.0,46,23,0,0,69,0,151
11464.0,46,23,0,0,69,0,151
11465.0,46,23,0,0,69,0,151
11466.0,46,23,0,0,69,0,151
11467.0,46,23,0,0,69,0,151
11468.0,46,23,0,0,69,0,151
11469.0,46,23,0,0,69,0,151
11470.0,46,23,0,0,69,0,151
11471.0,46,23,0,0,69,0,151
11472.0,46,23,0,0,69,0,151
11473.0,46,23,0,0,69,0,151
11474.0,46,23,0,0,69,0,151
11475.0,46,23,0,0,69,0,151
11476.0,46,23,0,0,69,0,151
11477.0,46,23,0,0,69,0,151
11478.0,46,23,0,0,69,0,151
11479.0,46,23,0,0,69,0,151
11480.0,46,23,0,0,69,0,151
11481.0,46,23,0,0,69,0,151
11482.0,46,23,0,0,69,0,151
11483.0,46,23,0,0,69,0,151
11484.0,46,23,0,0,69,0,151
11485.0,46,23,0,0,69,0,151
11486.0,46,23,0,0,69,0,151
11487.0,46,23,0,0,69,0,151
11488.0,46,23,0,0,69,0,151
11489.0,46,23,0,0,69,0,151
11490.0,46,23,0,0,69,0,151
11491.0,46,23,0,0,69,0,151
11492.0,46,23,0,0,69,0,151
11493.0,46,23,0,0,69,0,151
11494.0,46,23,0,0,69,0,151
11495.0,46,23,0,0,69,0,151
11496.0,46,23,0,0,69,0,151
11497.0,46,23,0,0,69,0,151
11498.0,46,23,0,0,69,0,151
11499.0,46,23,0,0,69,0,151
11500.0,46,23,0,0,69,0,151
11501.0,46,23,0,0,69,0,151
11502.0,46,23,0,0,69,0,151
11503.0,46,23,0,0,69,0,151
11504.0,46,23,0,0,69,0,151
11505.0,46,23,0,0,69,0,151
11506.0,46,23,0,0,69,0,151
11507.0,46,23,0,0,69,0,151
11508.0,46,23,0,0,69,0,151
11509.0,46,23,0,0,69,0,151
11510.0,46,23,0,0,69,0,151
11511.0,46,23,0,0,69,0,151
11512.0,46,23,0,0,69,0,151
11513.0,46,23,0,0,69,0,151
11514.0,46,23,0,0,69,0,151
11515.0,46,23,0,0,69,0,151
11516.0,46,23,0,0,69,0,151
11517.0,46,23,0,0,69,0,151
11518.0,46,23,0,0,69,0,151
11519.0,46,23,0,0,69,0,151
11520.0,46,23,0,0,69,0,151
11521.0,46,23,0,0,69,0,151
11522.0,46,23,0,0,69,0,151
11523.0,46,23,0,0,69,0,151
11524.0,46,23,0,0,69,0,151
11525.0,46,23,0,0,69,0,151
11526.0,46,23,0,0,69,0,151
11527.0,46,23,0,0,69,0,151
11528.0,46,23,0,0,69,0,151
11529.0,46,23,0,0,69,0,151
11530.0,46,23,0,0,69,0,151
11531.0,46,23,0,0,69,0,151
11532.0,46,23,0,0,69,0,151
11533.0,46,23,0,0,69,0,151
11534.0,46,23,0,0,69,0,151
11535.0,46,23,0,0,69,0,151
11536.0,46,23,0,0,69,0,151
11537.0,46,23,0,0,69,0,151
11538.0,46,23,0,0,69,0,151
11539.0,46,23,0,0,69,0,151
11540.0,46,23,0,0,69,0,151
11541.0,46,23,0,0,69,0,151
11542.0,46,23,0,0,69,0,151
11543.0,46,23,0,0,69,0,151
11544.0,46,23,0,0,69,0,151
11545.0,46,23,0,0,69,0,151
11546.0,46,23,0,0,69,0,151
11547.0,46,23,0,0,69,0,151
11548.0,46,23,0,0,69,0,151
11549.0,46,23,0,0,69,0,151
11550.0,46,23,0,0,69,0,151
11551.0,46,23,0,0,69,0,151
11552.0,46,23,0,0,69,0,151
11553.0,46,23,0,0,69,0,151
11554.0,46,23,0,0,69,0,151
11555.0,46,23,0,0,69,0,151
11556.0,46,23,0,0,69,0,151
11557.0,46,23,0,0,69,0,151
11558.0,46,23,0,0,69,0,151
11559.0,46,23,0,0,69,0,151
11560.0,46,23,0,0,69,0,151
11561.0,46,23,0,0,69,0,151
11562.0,46,23,0,0,69,0,151
11563.0,46,23,0,0,69,0,151
11564.0,46,23,0,0,69,0,151
11565.0,46,23,0,0,69,0,151
11566.0,46,23,0,0,69,0,151
11567.0,46,23,0,0,69,0,151
11568.0,46,23,0,0,69,0,151
11569.0,46,23,0,0,69,0,151
11570.0,46,23,0,0,69,0,151
11571.0,46,23,0,0,69,0,151
11572.0,46,23,0,0,69,0,151
11573.0,46,23,0,0,69,0,151
11574.0,46,23,0,0,69,0,151
11575.0,46,23,0,0,69,0,151
11576.0,46,23,0,0,69,0,151
11577.0,46,23,0,0,69,0,151
11578.0,46,23,0,0,69,0,151
11579.0,46,23,0,0,69,0,151
11580.0,46,23,0,0,69,0,151
11581.0,46,23,0,0,69,0,151
11582.0,46,23,0,0,69,0,151
11583.0,46,23,0,0,69,0,151
11584.0,46,23,0,0,69,0,151
11585.0,46,23,0,0,69,0,151
11586.0,46,23,0,0,69,0,151
11587.0,46,23,0,0,69,0,151
11588.0,46,23,0,0,69,0,151
11589.0,46,23,0,0,69,0,151
11590.0,46,23,0,0,69,0,151
11591.0,46,23,0,0,69,0,151
11592.0,46,23,0,0,69,0,151
11593.0,46,23,0,0,69,0,151
11594.0,46,23,0,0,69,0,151
11595.0,46,23,0,0,69,0,151
11596.0,46,23,0,0,69,0,151
11597.0,46,23,0,0,69,0,151
11598.0,46,23,0,0,69,0,151
11599.0,46,23,0,0,69,0,151
11600.0,46,23,0,0,69,0,151
11601.0,46,23,0,0,69,0,151
11602.0,46,23,0,0,69,0,151
11603.0,46,23,0,0,69,0,151
11604.0,46,23,0,0,69,0,151
11605.0,46,23,0,0,69,0,151
11606.0,46,23,0,0,69,0,151
11607.0,46,23,0,0,69,0,151
11608.0,46,23,0,0,69,0,151
11609.0,46,23,0,0,69,0,151
11610.0,46,23,0,0,69,0,151
11611.0,46,23,0,0,69,0,151
11612.0,46,23,0,0,69,0,151
11613.0,46,23,0,0,69,0,151
11614.0,46,23,0,0,69,0,151
11615.0,46,23,0,0,69,0,151
11616.0,46,23,0,0,69,0,151
11617.0,46,23,0,0,69,0,151
11618.0,46,23,0,0,69,0,151
11619.0,46,23,0,0,69,0,151
11620.0,46,23,0,0,69,0,151
11621.0,46,23,0,0,69,0,151
11622.0,46,23,0,0,69,0,151
11623.0,46,23,0,0,69,0,151
11624.0,46,23,0,0,69,0,151
11625.0,46,23,0,0,69,0,151
11626.0,46,23,0,0,69,0,151
11627.0,46,23,0,0,69,0,151
11628.0,46,23,0,0,69,0,151
11629.0,46,23,0,0,69,0,151
11630.0,46,23,0,0,69,0,151
11631.0,46,23,0,0,69,0,151
11632.0,46,23,0,0,69,0,151
11633.0,46,23,0,0,69,0,151
11634.0,46,23,0,0,69,0,151
11635.0,46,23,0,0,69,0,151
11636.0,46,23,0,0,69,0,151
11637.0,46,23,0,0,69,0,151
11638.0,46,23,0,0,69,0,151
11639.0,46,23,0,0,69,0,151
11640.0,46,23,0,0,69,0,151
11641.0,46,23,0,0,69,0,151
11642.0,46,23,0,0,69,0,151
11643.0,46,23,0,0,69,0,151
11644.0,46,23,0,0,69,0,151
11645.0,46,23,0,0,69,0,151
11646.0,46,23,0,0,69,0,151
11647.0,46,23,0,0,69,0,151
11648.0,46,23,0,0,69,0,151
11649.0,46,23,0,0,69,0,151
11650.0,46,23,0,0,69,0,151
11651.0,46,23,0,0,69,0,151
11652.0,46,23,0,0,69,0,151
11653.0,46,23,0,0,69,0,151
11654.0,46,23,0,0,69,0,151
11655.0,46,23,0,0,69,0,151
11656.0,46,23,0,0,69,0,151
11657.0,46,23,0,0,69,0,151
11658.0,46,23,0,0,69,0,151
11659.0,46,23,0,0,69,0,151
11660.0,46,23,0,0,69,0,151
11661.0,46,23,0,0,69,0,151
11662.0,46,23,0,0,69,0,151
11663.0,46,23,0,0,69,0,151
11664.0,46,23,0,0,69,0,151
11665.0,46,23,0,0,69,0,151
11666.0,46,23,0,0,69,0,151
11667.0,46,23,0,0,69,0,151
11668.0,46,23,0,0,69,0,151
11669.0,46,23,0,0,69,0,151
11670.0,46,23,0,0,69,0,151
11671.0,46,23,0,0,69,0,151
11672.0,46,23,0,0,69,0,151
11673.0,46,23,0,0,69,0,151
11674.0,46,23,0,0,69,0,151
11675.0,46,23,0,0,69,0,151
11676.0,46,23,0,0,69,0,151
11677.0,46,23,0,0,69,0,151
11678.0,46,23,0,0,69,0,151
11679.0,46,23,0,0,69,0,151
11680.0,46,23,0,0,69,0,151
11681.0,46,23,0,0,69,0,151
11682.0,46,23,0,0,69,0,151
11683.0,46,23,0,0,69,0,151
11684.0,46,23,0,0,69,0,151
11685.0,46,23,0,0,69,0,151
11686.0,46,23,0,0,69,0,151
11687.0,46,23,0,0,69,0,151
11688.0,46,23,0,0,69,0,151
11689.0,46,23,0,0,69,0,151
11690.0,46,23,0,0,69,0,151
11691.0,46,23,0,0,69,0,151
11692.0,46,23,0,0,69,0,151
11693.0,46,23,0,0,69,0,151
11694.0,46,23,0,0,69,0,151
11695.0,46,23,0,0,69,0,151
11696.0,46,23,0,0,69,0,151
11697.0,46,23,0,0,69,0,151
11698.0,46,23,0,0,69,0,151
11699.0,46,23,0,0,69,0,151
11700.0,46,23,0,0,69,0,151
11701.0,46,23,0,0,69,0,151
11702.0,46,23,0,0,69,0,151
11703.0,46,23,0,0,69,0,151
11704.0,46,23,0,0,69,0,151
11705.0,46,23,0,0,69,0,151
11706.0,46,23,0,0,69,0,151
11707.0,46,23,0,0,69,0,151
11708.0,46,23,0,0,69,0,151
11709.0,46,23,0,0,69,0,151
11710.0,46,23,0,0,69,0,151
11711.0,46,23,0,0,69,0,151
11712.0,46,23,0,0,69,0,151
11713.0,46,23,0,0,69,0,151
11714.0,46,23,0,0,69,0,151
11715.0,46,23,0,0,69,0,151
11716.0,46,23,0,0,69,0,151
11717.0,46,23,0,0,69,0,151
11718.0,46,23,0,0,69,0,151
11719.0,46,23,0,0,69,0,151
11720.0,46,23,0,0,69,0,151
11721.0,46,23,0,0,69,0,151
11722.0,46,23,0,0,69,0,151
11723.0,46,23,0,0,69,0,151
11724.0,46,23,0,0,69,0,151
11725.0,46,23,0,0,69,0,151
11726.0,46,23,0,0,69,0,151
11727.0,46,23,0,0,69,0,151
11728.0,46,23,0,0,69,0,151
11729.0,46,23,0,0,69,0,151
11730.0,46,23,0,0,69,0,151
11731.0,46,23,0,0,69,0,151
11732.0,46,23,0,0,69,0,151
11733.0,46,23,0,0,69,0,151
11734.0,46,23,0,0,69,0,151
11735.0,46,23,0,0,69,0,151
11736.0,46,23,0,0,69,0,151
11737.0,46,23,0,0,69,0,151
11738.0,46,23,0,0,69,0,151
11739.0,46,23,0,0,69,0,151
11740.0,46,23,0,0,69,0,151
11741.0,46,23,0,0,69,0,151
11742.0,46,23,0,0,69,0,151
11743.0,46,23,0,0,69,0,151
11744.0,46,23,0,0,69,0,151
11745.0,46,23,0,0,69,0,151
11746.0,46,23,0,0,69,0,151
11747.0,46,23,0,0,69,0,151
11748.0,46,23,0,0,69,0,151
11749.0,46,23,0,0,69,0,151
11750.0,46,23,0,0,69,0,151
11751.0,46,23,0,0,69,0,151
11752.0,46,23,0,0,69,0,151
11753.0,46,23,0,0,69,0,151
11754.0,46,23,0,0,69,0,151
11755.0,46,23,0,0,69,0,151
11756.0,46,23,0,0,69,0,151
11757.0,46,23,0,0,69,0,151
11758.0,46,23,0,0,69,0,151
11759.0,46,23,0,0,69,0,151
11760.0,46,23,0,0,69,0,151
11761.0,46,23,0,0,69,0,151
11762.0,46,23,0,0,69,0,151
11763.0,46,23,0,0,69,0,151
11764.0,46,23,0,0,69,0,151
11765.0,46,23,0,0,69,0,151
11766.0,46,23,0,0,69,0,151
11767.0,46,23,0,0,69,0,151
11768.0,46,23,0,0,69,0,151
11769.0,46,23,0,0,69,0,151
11770.0,46,23,0,0,69,0,151
11771.0,46,23,0,0,69,0,151
11772.0,46,23,0,0,69,0,151
11773.0,46,23,0,0,69,0,151
11774.0,46,23,0,0,69,0,151
11775.0,46,23,0,0,69,0,151
11776.0,46,23,0,0,69,0,151
11777.0,46,23,0,0,69,0,151
11778.0,46,23,0,0,69,0,151
11779.0,46,23,0,0,69,0,151
11780.0,46,23,0,0,69,0,151
11781.0,46,23,0,0,69,0,151
11782.0,46,23,0,0,69,0,151
11783.0,46,23,0,0,69,0,151
11784.0,46,23,0,0,69,0,151
11785.0,46,23,0,0,69,0,151
11786.0,46,23,0,0,69,0,151
11787.0,46,23,0,0,69,0,151
11788.0,46,23,0,0,69,0,151
11789.0,46,23,0,0,69,0,151
11790.0,46,23,0,0,69,0,151
11791.0,46,23,0,0,69,0,151
11792.0,46,23,0,0,69,0,151
11793.0,46,23,0,0,69,0,151
11794.0,46,23,0,0,69,0,151
11795.0,46,23,0,0,69,0,151
11796.0,46,23,0,0,69,0,151
11797.0,46,23,0,0,69,0,151
11798.0,46,23,0,0,69,0,151
11799.0,46,23,0,0,69,0,151
11800.0,46,23,0,0,69,0,151
11801.0,46,23,0,0,69,0,151
11802.0,46,23,0,0,69,0,151
11803.0,46,23,0,0,69,0,151
11804.0,46,23,0,0,69,0,151
11805.0,46,23,0,0,69,0,151
11806.0,46,23,0,0,69,0,151
11807.0,46,23,0,0,69,0,151
11808.0,46,23,0,0,69,0,151
11809.0,46,23,0,0,69,0,151
11810.0,46,23,0,0,69,0,151
11811.0,46,23,0,0,69,0,151
11812.0,46,23,0,0,69,0,151
11813.0,46,23,0,0,69,0,151
11814.0,46,23,0,0,69,0,151
11815.0,46,23,0,0,69,0,151
11816.0,46,23,0,0,69,0,151
11817.0,46,23,0,0,69,0,151
11818.0,46,23,0,0,69,0,151
11819.0,46,23,0,0,69,0,151
11820.0,46,23,0,0,69,0,151
11821.0,46,23,0,0,69,0,151
11822.0,46,23,0,0,69,0,151
11823.0,46,23,0,0,69,0,151
11824.0,46,23,0,0,69,0,151
11825.0,46,23,0,0,69,0,151
11826.0,46,23,0,0,69,0,151
11827.0,46,23,0,0,69,0,151
11828.0,46,23,0,0,69,0,151
11829.0,46,23,0,0,69,0,151
11830.0,46,23,0,0,69,0,151
11831.0,46,23,0,0,69,0,151
11832.0,46,23,0,0,69,0,151
11833.0,46,23,0,0,69,0,151
11834.0,46,23,0,0,69,0,151
11835.0,46,23,0,0,69,0,151
11836.0,46,23,0,0,69,0,151
11837.0,46,23,0,0,69,0,151
11838.0,46,23,0,0,69,0,151
11839.0,46,23,0,0,69,0,151
11840.0,46,23,0,0,69,0,151
11841.0,46,23,0,0,69,0,151
11842.0,46,23,0,0,69,0,151
11843.0,46,23,0,0,69,0,151
11844.0,46,23,0,0,69,0,151
11845.0,46,23,0,0,69,0,151
11846.0,46,23,0,0,69,0,151
11847.0,46,23,0,0,69,0,151
11848.0,46,23,0,0,69,0,151
11849.0,46,23,0,0,69,0,151
11850.0,46,23,0,0,69,0,151
11851.0,46,23,0,0,69,0,151
11852.0,46,23,0,0,69,0,151
11853.0,46,23,0,0,69,0,151
11854.0,46,23,0,0,69,0,151
11855.0,46,23,0,0,69,0,151
11856.0,46,23,0,0,69,0,151
11857.0,46,23,0,0,69,0,151
11858.0,46,23,0,0,69,0,151
11859.0,46,23,0,0,69,0,151
11860.0,46,23,0,0,69,0,151
11861.0,46,23,0,0,69,0,151
11862.0,46,23,0,0,69,0,151
11863.0,46,23,0,0,69,0,151
11864.0,46,23,0,0,69,0,151
11865.0,46,23,0,0,69,0,151
11866.0,46,23,0,0,69,0,151
11867.0,46,23,0,0,69,0,151
11868.0,46,23,0,0,69,0,151
11869.0,46,23,0,0,69,0,151
11870.0,46,23,0,0,69,0,151
11871.0,46,23,0,0,69,0,151
11872.0,46,23,0,0,69,0,151
11873.0,46,23,0,0,69,0,151
11874.0,46,23,0,0,69,0,151
11875.0,46,23,0,0,69,0,151
11876.0,46,23,0,0,69,0,151
11877.0,46,23,0,0,69,0,151
11878.0,46,23,0,0,69,0,151
11879.0,46,23,0,0,69,0,151
11880.0,46,23,0,0,69,0,151
11881.0,46,23,0,0,69,0,151
11882.0,46,23,0,0,69,0,151
11883.0,46,23,0,0,69,0,151
11884.0,46,23,0,0,69,0,151
11885.0,46,23,0,0,69,0,151
11886.0,46,23,0,0,69,0,151
11887.0,46,23,0,0,69,0,151
11888.0,46,23,0,0,69,0,151
11889.0,46,23,0,0,69,0,151
11890.0,46,23,0,0,69,0,151
11891.0,46,23,0,0,69,0,151
11892.0,46,23,0,0,69,0,151
11893.0,46,23,0,0,69,0,151
11894.0,46,23,0,0,69,0,151
11895.0,46,23,0,0,69,0,151
11896.0,46,23,0,0,69,0,151
11897.0,46,23,0,0,69,0,151
11898.0,46,23,0,0,69,0,151
11899.0,46,23,0,0,69,0,151
11900.0,46,23,0,0,69,0,151
11901.0,46,23,0,0,69,0,151
11902.0,46,23,0,0,69,0,151
11903.0,46,23,0,0,69,0,151
11904.0,46,23,0,0,69,0,151
11905.0,46,23,0,0,69,0,151
11906.0,46,23,0,0,69,0,151
11907.0,46,23,0,0,69,0,151
11908.0,46,23,0,0,69,0,151
11909.0,46,23,0,0,69,0,151
11910.0,46,23,0,0,69,0,151
11911.0,46,23,0,0,69,0,151
11912.0,46,23,0,0,69,0,151
11913.0,46,23,0,0,69,0,151
11914.0,46,23,0,0,69,0,151
11915.0,46,23,0,0,69,0,151
11916.0,46,23,0,0,69,0,151
11917.0,46,23,0,0,69,0,151
11918.0,46,23,0,0,69,0,151
11919.0,46,23,0,0,69,0,151
11920.0,46,23,0,0,69,0,151
11921.0,46,23,0,0,69,0,151
11922.0,46,23,0,0,69,0,151
11923.0,46,23,0,0,69,0,151
11924.0,46,23,0,0,69,0,151
11925.0,46,23,0,0,69,0,151
11926.0,46,23,0,0,69,0,151
11927.0,46,23,0,0,69,0,151
11928.0,46,23,0,0,69,0,151
11929.0,46,23,0,0,69,0,151
11930.0,46,23,0,0,69,0,151
11931.0,46,23,0,0,69,0,151
11932.0,46,23,0,0,69,0,151
11933.0,46,23,0,0,69,0,151
11934.0,46,23,0,0,69,0,151
11935.0,46,23,0,0,69,0,151
11936.0,46,23,0,0,69,0,151
11937.0,46,23,0,0,69,0,151
11938.0,46,23,0,0,69,0,151
11939.0,46,23,0,0,69,0,151
11940.0,46,23,0,0,69,0,151
11941.0,46,23,0,0,69,0,151
11942.0,46,23,0,0,69,0,151
11943.0,46,23,0,0,69,0,151
11944.0,46,23,0,0,69,0,151
11945.0,46,23,0,0,69,0,151
11946.0,46,23,0,0,69,0,151
11947.0,46,23,0,0,69,0,151
11948.0,46,23,0,0,69,0,151
11949.0,46,23,0,0,69,0,151
11950.0,46,23,0,0,69,0,151
11951.0,46,23,0,0,69,0,151
11952.0,46,23,0,0,69,0,151
11953.0,46,23,0,0,69,0,151
11954.0,46,23,0,0,69,0,151
11955.0,46,23,0,0,69,0,151
11956.0,46,23,0,0,69,0,151
11957.0,46,23,0,0,69,0,151
11958.0,46,23,0,0,69,0,151
11959.0,46,23,0,0,69,0,151
11960.0,46,23,0,0,69,0,151
11961.0,46,23,0,0,69,0,151
11962.0,46,23,0,0,69,0,151
11963.0,46,23,0,0,69,0,151
11964.0,46,23,0,0,69,0,151
11965.0,46,23,0,0,69,0,151
11966.0,46,23,0,0,69,0,151
11967.0,46,23,0,0,69,0,151
11968.0,46,23,0,0,69,0,151
11969.0,46,23,0,0,69,0,151
11970.0,46,23,0,0,69,0,151
11971.0,46,23,0,0,69,0,151
11972.0,46,23,0,0,69,0,151
11973.0,46,23,0,0,69,0,151
11974.0,46,23,0,0,69,0,151
11975.0,46,23,0,0,69,0,151
11976.0,46,23,0,0,69,0,151
11977.0,46,23,0,0,69,0,151
11978.0,46,23,0,0,69,0,151
11979.0,46,23,0,0,69,0,151
11980.0,46,23,0,0,69,0,151
11981.0,46,23,0,0,69,0,151
11982.0,46,23,0,0,69,0,151
11983.0,46,23,0,0,69,0,151
11984.0,46,23,0,0,69,0,151
11985.0,46,23,0,0,69,0,151
11986.0,46,23,0,0,69,0,151
11987.0,46,23,0,0,69,0,151
11988.0,46,23,0,0,69,0,151
11989.0,46,23,0,0,69,0,151
11990.0,46,23,0,0,69,0,151
11991.0,46,23,0,0,69,0,151
11992.0,46,23,0,0,69,0,151
11993.0,46,23,0,0,69,0,151
11994.0,46,23,0,0,69,0,151
11995.0,46,23,0,0,69,0,151
11996.0,46,23,0,0,69,0,151
11997.0,46,23,0,0,69,0,151
11998.0,46,23,0,0,69,0,151
11999.0,46,23,0,0,69,0,151
12000.0,46,23,0,0,69,0,151
12001.0,46,23,0,0,69,0,151
12002.0,46,23,0,0,69,0,151
12003.0,46,23,0,0,69,0,151
12004.0,46,23,0,0,69,0,151
12005.0,46,23,0,0,69,0,151
12006.0,46,23,0,0,69,0,151
12007.0,46,23,0,0,69,0,151
12008.0,46,23,0,0,69,0,151
12009.0,46,23,0,0,69,0,151
12010.0,46,23,0,0,69,0,151
12011.0,46,23,0,0,69,0,151
12012.0,46,23,0,0,69,0,151
12013.0,46,23,0,0,69,0,151
12014.0,46,23,0,0,69,0,151
12015.0,46,23,0,0,69,0,151
12016.0,46,23,0,0,69,0,151
12017.0,46,23,0,0,69,0,151
12018.0,46,23,0,0,69,0,151
12019.0,46,23,0,0,69,0,151
12020.0,46,23,0,0,69,0,151
12021.0,46,23,0,0,69,0,151
12022.0,46,23,0,0,69,0,151
12023.0,46,23,0,0,69,0,151
12024.0,46,23,0,0,69,0,151
12025.0,46,23,0,0,69,0,151
12026.0,46,23,0,0,69,0,151
12027.0,46,23,0,0,69,0,151
12028.0,46,23,0,0,69,0,151
12029.0,46,23,0,0,69,0,151
12030.0,46,23,0,0,69,0,151
12031.0,46,23,0,0,69,0,151
12032.0,46,23,0,0,69,0,151
12033.0,46,23,0,0,69,0,151
12034.0,46,23,0,0,69,0,151
12035.0,46,23,0,0,69,0,151
12036.0,46,23,0,0,69,0,151
12037.0,46,23,0,0,69,0,151
12038.0,46,23,0,0,69,0,151
12039.0,46,23,0,0,69,0,151
12040.0,46,23,0,0,69,0,151
12041.0,46,23,0,0,69,0,151
12042.0,46,23,0,0,69,0,151
12043.0,46,23,0,0,69,0,151
12044.0,46,23,0,0,69,0,151
12045.0,46,23,0,0,69,0,151
12046.0,46,23,0,0,69,0,151
12047.0,46,23,0,0,69,0,151
12048.0,46,23,0,0,69,0,151
12049.0,46,23,0,0,69,0,151
12050.0,46,23,0,0,69,0,151
12051.0,46,23,0,0,69,0,151
12052.0,46,23,0,0,69,0,151
12053.0,46,23,0,0,69,0,151
12054.0,46,23,0,0,69,0,151
12055.0,46,23,0,0,69,0,151
12056.0,46,23,0,0,69,0,151
12057.0,46,23,0,0,69,0,151
12058.0,46,23,0,0,69,0,151
12059.0,46,23,0,0,69,0,151
12060.0,46,23,0,0,69,0,151
12061.0,46,23,0,0,69,0,151
12062.0,46,23,0,0,69,0,151
12063.0,46,23,0,0,69,0,151
12064.0,46,23,0,0,69,0,151
12065.0,46,23,0,0,69,0,151
12066.0,46,23,0,0,69,0,151
12067.0,46,23,0,0,69,0,151
12068.0,46,23,0,0,69,0,151
12069.0,46,23,0,0,69,0,151
12070.0,46,23,0,0,69,0,151
12071.0,46,23,0,0,69,0,151
12072.0,46,23,0,0,69,0,151
12073.0,46,23,0,0,69,0,151
12074.0,46,23,0,0,69,0,151
12075.0,46,23,0,0,69,0,151
12076.0,46,23,0,0,69,0,151
12077.0,46,23,0,0,69,0,151
12078.0,46,23,0,0,69,0,151
12079.0,46,23,0,0,69,0,151
12080.0,46,23,0,0,69,0,151
12081.0,46,23,0,0,69,0,151
12082.0,46,23,0,0,69,0,151
12083.0,46,23,0,0,69,0,151
12084.0,46,23,0,0,69,0,151
12085.0,46,23,0,0,69,0,151
12086.0,46,23,0,0,69,0,151
12087.0,46,23,0,0,69,0,151
12088.0,46,23,0,0,69,0,151
12089.0,46,23,0,0,69,0,151
12090.0,46,23,0,0,69,0,151
12091.0,46,23,0,0,69,0,151
12092.0,46,23,0,0,69,0,151
12093.0,46,23,0,0,69,0,151
12094.0,46,23,0,0,69,0,151
12095.0,46,23,0,0,69,0,151
12096.0,46,23,0,0,69,0,151
12097.0,46,23,0,0,69,0,151
12098.0,46,23,0,0,69,0,151
12099.0,46,23,0,0,69,0,151
12100.0,46,23,0,0,69,0,151
12101.0,46,23,0,0,69,0,151
12102.0,46,23,0,0,69,0,151
12103.0,46,23,0,0,69,0,151
12104.0,46,23,0,0,69,0,151
12105.0,46,23,0,0,69,0,151
12106.0,46,23,0,0,69,0,151
12107.0,46,23,0,0,69,0,151
12108.0,46,23,0,0,69,0,151
12109.0,46,23,0,0,69,0,151
12110.0,46,23,0,0,69,0,151
12111.0,46,23,0,0,69,0,151
12112.0,46,23,0,0,69,0,151
12113.0,46,23,0,0,69,0,151
12114.0,46,23,0,0,69,0,151
12115.0,46,23,0,0,69,0,151
12116.0,46,23,0,0,69,0,151
12117.0,46,23,0,0,69,0,151
12118.0,46,23,0,0,69,0,151
12119.0,46,23,0,0,69,0,151
12120.0,46,23,0,0,69,0,151
12121.0,46,23,0,0,69,0,151
12122.0,46,23,0,0,69,0,151
12123.0,46,23,0,0,69,0,151
12124.0,46,23,0,0,69,0,151
12125.0,46,23,0,0,69,0,151
12126.0,46,23,0,0,69,0,151
12127.0,46,23,0,0,69,0,151
12128.0,46,23,0,0,69,0,151
12129.0,46,23,0,0,69,0,151
12130.0,46,23,0,0,69,0,151
12131.0,46,23,0,0,69,0,151
12132.0,46,23,0,0,69,0,151
12133.0,46,23,0,0,69,0,151
12134.0,46,23,0,0,69,0,151
12135.0,46,23,0,0,69,0,151
12136.0,46,23,0,0,69,0,151
12137.0,46,23,0,0,69,0,151
12138.0,46,23,0,0,69,0,151
12139.0,46,23,0,0,69,0,151
12140.0,46,23,0,0,69,0,151
12141.0,46,23,0,0,69,0,151
12142.0,46,23,0,0,69,0,151
12143.0,46,23,0,0,69,0,151
12144.0,46,23,0,0,69,0,151
12145.0,46,23,0,0,69,0,151
12146.0,46,23,0,0,69,0,151
12147.0,46,23,0,0,69,0,151
12148.0,46,23,0,0,69,0,151
12149.0,46,23,0,0,69,0,151
12150.0,46,23,0,0,69,0,151
12151.0,46,23,0,0,69,0,151
12152.0,46,23,0,0,69,0,151
12153.0,46,23,0,0,69,0,151
12154.0,46,23,0,0,69,0,151
12155.0,46,23,0,0,69,0,151
12156.0,46,23,0,0,69,0,151
12157.0,46,23,0,0,69,0,151
12158.0,46,23,0,0,69,0,151
12159.0,46,23,0,0,69,0,151
12160.0,46,23,0,0,69,0,151
12161.0,46,23,0,0,69,0,151
12162.0,46,23,0,0,69,0,151
12163.0,46,23,0,0,69,0,151
12164.0,46,23,0,0,69,0,151
12165.0,46,23,0,0,69,0,151
12166.0,46,23,0,0,69,0,151
12167.0,46,23,0,0,69,0,151
12168.0,46,23,0,0,69,0,151
12169.0,46,23,0,0,69,0,151
12170.0,46,23,0,0,69,0,151
12171.0,46,23,0,0,69,0,151
12172.0,46,23,0,0,69,0,151
12173.0,46,23,0,0,69,0,151
12174.0,46,23,0,0,69,0,151
12175.0,46,23,0,0,69,0,151
12176.0,46,23,0,0,69,0,151
12177.0,46,23,0,0,69,0,151
12178.0,46,23,0,0,69,0,151
12179.0,46,23,0,0,69,0,151
12180.0,46,23,0,0,69,0,151
12181.0,46,23,0,0,69,0,151
12182.0,46,23,0,0,69,0,151
12183.0,46,23,0,0,69,0,151
12184.0,46,23,0,0,69,0,151
12185.0,46,23,0,0,69,0,151
12186.0,46,23,0,0,69,0,151
12187.0,46,23,0,0,69,0,151
12188.0,46,23,0,0,69,0,151
12189.0,46,23,0,0,69,0,151
12190.0,46,23,0,0,69,0,151
12191.0,46,23,0,0,69,0,151
12192.0,46,23,0,0,69,0,151
12193.0,46,23,0,0,69,0,151
12194.0,46,23,0,0,69,0,151
12195.0,46,23,0,0,69,0,151
12196.0,46,23,0,0,69,0,151
12197.0,46,23,0,0,69,0,151
12198.0,46,23,0,0,69,0,151
12199.0,46,23,0,0,69,0,151
12200.0,46,23,0,0,69,0,151
12201.0,46,23,0,0,69,0,151
12202.0,46,23,0,0,69,0,151
12203.0,46,23,0,0,69,0,151
12204.0,46,23,0,0,69,0,151
12205.0,46,23,0,0,69,0,151
12206.0,46,23,0,0,69,0,151
12207.0,46,23,0,0,69,0,151
12208.0,46,23,0,0,69,0,151
12209.0,46,23,0,0,69,0,151
12210.0,46,23,0,0,69,0,151
12211.0,46,23,0,0,69,0,151
12212.0,46,23,0,0,69,0,151
12213.0,46,23,0,0,69,0,151
12214.0,46,23,0,0,69,0,151
12215.0,46,23,0,0,69,0,151
12216.0,46,23,0,0,69,0,151
12217.0,46,23,0,0,69,0,151
12218.0,46,23,0,0,69,0,151
12219.0,46,23,0,0,69,0,151
12220.0,46,23,0,0,69,0,151
12221.0,46,23,0,0,69,0,151
12222.0,46,23,0,0,69,0,151
12223.0,46,23,0,0,69,0,151
12224.0,46,23,0,0,69,0,151
12225.0,46,23,0,0,69,0,151
12226.0,46,23,0,0,69,0,151
12227.0,46,23,0,0,69,0,151
12228.0,46,23,0,0,69,0,151
12229.0,46,23,0,0,69,0,151
12230.0,46,23,0,0,69,0,151
12231.0,46,23,0,0,69,0,151
12232.0,46,23,0,0,69,0,151
12233.0,46,23,0,0,69,0,151
12234.0,46,23,0,0,69,0,151
12235.0,46,23,0,0,69,0,151
12236.0,46,23,0,0,69,0,151
12237.0,46,23,0,0,69,0,151
12238.0,46,23,0,0,69,0,151
12239.0,46,23,0,0,69,0,151
12240.0,46,23,0,0,69,0,151
12241.0,46,23,0,0,69,0,151
12242.0,46,23,0,0,69,0,151
12243.0,46,23,0,0,69,0,151
12244.0,46,23,0,0,69,0,151
12245.0,46,23,0,0,69,0,151
12246.0,46,23,0,0,69,0,151
12247.0,46,23,0,0,69,0,151
12248.0,46,23,0,0,69,0,151
12249.0,46,23,0,0,69,0,151
12250.0,46,23,0,0,69,0,151
12251.0,46,23,0,0,69,0,151
12252.0,46,23,0,0,69,0,151
12253.0,46,23,0,0,69,0,151
12254.0,46,23,0,0,69,0,151
12255.0,46,23,0,0,69,0,151
12256.0,46,23,0,0,69,0,151
12257.0,46,23,0,0,69,0,151
12258.0,46,23,0,0,69,0,151
12259.0,46,23,0,0,69,0,151
12260.0,46,23,0,0,69,0,151
12261.0,46,23,0,0,69,0,151
12262.0,46,23,0,0,69,0,151
12263.0,46,23,0,0,69,0,151
12264.0,46,23,0,0,69,0,151
12265.0,46,23,0,0,69,0,151
12266.0,46,23,0,0,69,0,151
12267.0,46,23,0,0,69,0,151
12268.0,46,23,0,0,69,0,151
12269.0,46,23,0,0,69,0,151
12270.0,46,23,0,0,69,0,151
12271.0,46,23,0,0,69,0,151
12272.0,46,23,0,0,69,0,151
12273.0,46,23,0,0,69,0,151
12274.0,46,23,0,0,69,0,151
12275.0,46,23,0,0,69,0,151
12276.0,46,23,0,0,69,0,151
12277.0,46,23,0,0,69,0,151
12278.0,46,23,0,0,69,0,151
12279.0,46,23,0,0,69,0,151
12280.0,46,23,0,0,69,0,151
12281.0,46,23,0,0,69,0,151
12282.0,46,23,0,0,69,0,151
12283.0,46,23,0,0,69,0,151
12284.0,46,23,0,0,69,0,151
12285.0,46,23,0,0,69,0,151
12286.0,46,23,0,0,69,0,151
12287.0,46,23,0,0,69,0,151
12288.0,46,23,0,0,69,0,151
12289.0,46,23,0,0,69,0,151
12290.0,46,23,0,0,69,0,151
12291.0,46,23,0,0,69,0,151
12292.0,46,23,0,0,69,0,151
12293.0,46,23,0,0,69,0,151
12294.0,46,23,0,0,69,0,151
12295.0,46,23,0,0,69,0,151
12296.0,46,23,0,0,69,0,151
12297.0,46,23,0,0,69,0,151
12298.0,46,23,0,0,69,0,151
12299.0,46,23,0,0,69,0,151
12300.0,46,23,0,0,69,0,151
12301.0,46,23,0,0,69,0,151
12302.0,46,23,0,0,69,0,151
12303.0,46,23,0,0,69,0,151
12304.0,46,23,0,0,69,0,151
12305.0,46,23,0,0,69,0,151
12306.0,46,23,0,0,69,0,151
12307.0,46,23,0,0,69,0,151
12308.0,46,23,0,0,69,0,151
12309.0,46,23,0,0,69,0,151
12310.0,46,23,0,0,69,0,151
12311.0,46,23,0,0,69,0,151
12312.0,46,23,0,0,69,0,151
12313.0,46,23,0,0,69,0,151
12314.0,46,23,0,0,69,0,151
12315.0,46,23,0,0,69,0,151
12316.0,46,23,0,0,69,0,151
12317.0,46,23,0,0,69,0,151
12318.0,46,23,0,0,69,0,151
12319.0,46,23,0,0,69,0,151
12320.0,46,23,0,0,69,0,151
12321.0,46,23,0,0,69,0,151
12322.0,46,23,0,0,69,0,151
12323.0,46,23,0,0,69,0,151
12324.0,46,23,0,0,69,0,151
12325.0,46,23,0,0,69,0,151
12326.0,46,23,0,0,69,0,151
12327.0,46,23,0,0,69,0,151
12328.0,46,23,0,0,69,0,151
12329.0,46,23,0,0,69,0,151
12330.0,46,23,0,0,69,0,151
12331.0,46,23,0,0,69,0,151
12332.0,46,23,0,0,69,0,151
12333.0,46,23,0,0,69,0,151
12334.0,46,23,0,0,69,0,151
12335.0,46,23,0,0,69,0,151
12336.0,46,23,0,0,69,0,151
12337.0,46,23,0,0,69,0,151
12338.0,46,23,0,0,69,0,151
12339.0,46,23,0,0,69,0,151
12340.0,46,23,0,0,69,0,151
12341.0,46,23,0,0,69,0,151
12342.0,46,23,0,0,69,0,151
12343.0,46,23,0,0,69,0,151
12344.0,46,23,0,0,69,0,151
12345.0,46,23,0,0,69,0,151
12346.0,46,23,0,0,69,0,151
12347.0,46,23,0,0,69,0,151
12348.0,46,23,0,0,69,0,151
12349.0,46,23,0,0,69,0,151
12350.0,46,23,0,0,69,0,151
12351.0,46,23,0,0,69,0,151
12352.0,46,23,0,0,69,0,151
12353.0,46,23,0,0,69,0,151
12354.0,46,23,0,0,69,0,151
12355.0,46,23,0,0,69,0,151
12356.0,46,23,0,0,69,0,151
12357.0,46,23,0,0,69,0,151
12358.0,46,23,0,0,69,0,151
12359.0,46,23,0,0,69,0,151
12360.0,46,23,0,0,69,0,151
12361.0,46,23,0,0,69,0,151
12362.0,46,23,0,0,69,0,151
12363.0,46,23,0,0,69,0,151
12364.0,46,23,0,0,69,0,151
12365.0,46,23,0,0,69,0,151
12366.0,46,23,0,0,69,0,151
12367.0,46,23,0,0,69,0,151
12368.0,46,23,0,0,69,0,151
12369.0,46,23,0,0,69,0,151
12370.0,46,23,0,0,69,0,151
12371.0,46,23,0,0,69,0,151
12372.0,46,23,0,0,69,0,151
12373.0,46,23,0,0,69,0,151
12374.0,46,23,0,0,69,0,151
12375.0,46,23,0,0,69,0,151
12376.0,46,23,0,0,69,0,151
12377.0,46,23,0,0,69,0,151
12378.0,46,23,0,0,69,0,151
12379.0,46,23,0,0,69,0,151
12380.0,46,23,0,0,69,0,151
12381.0,46,23,0,0,69,0,151
12382.0,46,23,0,0,69,0,151
12383.0,46,23,0,0,69,0,151
12384.0,46,23,0,0,69,0,151
12385.0,46,23,0,0,69,0,151
12386.0,46,23,0,0,69,0,151
12387.0,46,23,0,0,69,0,151
12388.0,46,23,0,0,69,0,151
12389.0,46,23,0,0,69,0,151
12390.0,46,23,0,0,69,0,151
12391.0,46,23,0,0,69,0,151
12392.0,46,23,0,0,69,0,151
12393.0,46,23,0,0,69,0,151
12394.0,46,23,0,0,69,0,151
12395.0,46,23,0,0,69,0,151
12396.0,46,23,0,0,69,0,151
12397.0,46,23,0,0,69,0,151
12398.0,46,23,0,0,69,0,151
12399.0,46,23,0,0,69,0,151
12400.0,46,23,0,0,69,0,151
12401.0,46,23,0,0,69,0,151
12402.0,46,23,0,0,69,0,151
12403.0,46,23,0,0,69,0,151
12404.0,46,23,0,0,69,0,151
12405.0,46,23,0,0,69,0,151
12406.0,46,23,0,0,69,0,151
12407.0,46,23,0,0,69,0,151
12408.0,46,23,0,0,69,0,151
12409.0,46,23,0,0,69,0,151
12410.0,46,23,0,0,69,0,151
12411.0,46,23,0,0,69,0,151
12412.0,46,23,0,0,69,0,151
12413.0,46,23,0,0,69,0,151
12414.0,46,23,0,0,69,0,151
12415.0,46,23,0,0,69,0,151
12416.0,46,23,0,0,69,0,151
12417.0,46,23,0,0,69,0,151
12418.0,46,23,0,0,69,0,151
12419.0,46,23,0,0,69,0,151
12420.0,46,23,0,0,69,0,151
12421.0,46,23,0,0,69,0,151
12422.0,46,23,0,0,69,0,151
12423.0,46,23,0,0,69,0,151
12424.0,46,23,0,0,69,0,151
12425.0,46,23,0,0,69,0,151
12426.0,46,23,0,0,69,0,151
12427.0,46,23,0,0,69,0,151
12428.0,46,23,0,0,69,0,151
12429.0,46,23,0,0,69,0,151
12430.0,46,23,0,0,69,0,151
12431.0,46,23,0,0,69,0,151
12432.0,46,23,0,0,69,0,151
12433.0,46,23,0,0,69,0,151
12434.0,46,23,0,0,69,0,151
12435.0,46,23,0,0,69,0,151
12436.0,46,23,0,0,69,0,151
12437.0,46,23,0,0,69,0,151
12438.0,46,23,0,0,69,0,151
12439.0,46,23,0,0,69,0,151
12440.0,46,23,0,0,69,0,151
12441.0,46,23,0,0,69,0,151
12442.0,46,23,0,0,69,0,151
12443.0,46,23,0,0,69,0,151
12444.0,46,23,0,0,69,0,151
12445.0,46,23,0,0,69,0,151
12446.0,46,23,0,0,69,0,151
12447.0,46,23,0,0,69,0,151
12448.0,46,23,0,0,69,0,151
12449.0,46,23,0,0,69,0,151
12450.0,46,23,0,0,69,0,151
12451.0,46,23,0,0,69,0,151
12452.0,46,23,0,0,69,0,151
12453.0,46,23,0,0,69,0,151
12454.0,46,23,0,0,69,0,151
12455.0,46,23,0,0,69,0,151
12456.0,46,23,0,0,69,0,151
12457.0,46,23,0,0,69,0,151
12458.0,46,23,0,0,69,0,151
12459.0,46,23,0,0,69,0,151
12460.0,46,23,0,0,69,0,151
12461.0,46,23,0,0,69,0,151
12462.0,46,23,0,0,69,0,151
12463.0,46,23,0,0,69,0,151
12464.0,46,23,0,0,69,0,151
12465.0,46,23,0,0,69,0,151
12466.0,46,23,0,0,69,0,151
12467.0,46,23,0,0,69,0,151
12468.0,46,23,0,0,69,0,151
12469.0,46,23,0,0,69,0,151
12470.0,46,23,0,0,69,0,151
12471.0,46,23,0,0,69,0,151
12472.0,46,23,0,0,69,0,151
12473.0,46,23,0,0,69,0,151
12474.0,46,23,0,0,69,0,151
12475.0,46,23,0,0,69,0,151
12476.0,46,23,0,0,69,0,151
12477.0,46,23,0,0,69,0,151
12478.0,46,23,0,0,69,0,151
12479.0,46,23,0,0,69,0,151
12480.0,46,23,0,0,69,0,151
12481.0,46,23,0,0,69,0,151
12482.0,46,23,0,0,69,0,151
12483.0,46,23,0,0,69,0,151
12484.0,46,23,0,0,69,0,151
12485.0,46,23,0,0,69,0,151
12486.0,46,23,0,0,69,0,151
12487.0,46,23,0,0,69,0,151
12488.0,46,23,0,0,69,0,151
12489.0,46,23,0,0,69,0,151
12490.0,46,23,0,0,69,0,151
12491.0,46,23,0,0,69,0,151
12492.0,46,23,0,0,69,0,151
12493.0,46,23,0,0,69,0,151
12494.0,46,23,0,0,69,0,151
12495.0,46,23,0,0,69,0,151
12496.0,46,23,0,0,69,0,151
12497.0,46,23,0,0,69,0,151
12498.0,46,23,0,0,69,0,151
12499.0,46,23,0,0,69,0,151
12500.0,46,23,0,0,69,0,151
12501.0,46,23,0,0,69,0,151
12502.0,46,23,0,0,69,0,151
12503.0,46,23,0,0,69,0,151
12504.0,46,23,0,0,69,0,151
12505.0,46,23,0,0,69,0,151
12506.0,46,23,0,0,69,0,151
12507.0,46,23,0,0,69,0,151
12508.0,46,23,0,0,69,0,151
12509.0,46,23,0,0,69,0,151
12510.0,46,23,0,0,69,0,151
12511.0,46,23,0,0,69,0,151
12512.0,46,23,0,0,69,0,151
12513.0,46,23,0,0,69,0,151
12514.0,46,23,0,0,69,0,151
12515.0,46,23,0,0,69,0,151
12516.0,46,23,0,0,69,0,151
12517.0,46,23,0,0,69,0,151
12518.0,46,23,0,0,69,0,151
12519.0,46,23,0,0,69,0,151
12520.0,46,23,0,0,69,0,151
12521.0,46,23,0,0,69,0,151
12522.0,46,23,0,0,69,0,151
12523.0,46,23,0,0,69,0,151
12524.0,46,23,0,0,69,0,151
12525.0,46,23,0,0,69,0,151
12526.0,46,23,0,0,69,0,151
12527.0,46,23,0,0,69,0,151
12528.0,46,23,0,0,69,0,151
12529.0,46,23,0,0,69,0,151
12530.0,46,23,0,0,69,0,151
12531.0,46,23,0,0,69,0,151
12532.0,46,23,0,0,69,0,151
12533.0,46,23,0,0,69,0,151
12534.0,46,23,0,0,69,0,151
12535.0,46,23,0,0,69,0,151
12536.0,46,23,0,0,69,0,151
12537.0,46,23,0,0,69,0,151
12538.0,46,23,0,0,69,0,151
12539.0,46,23,0,0,69,0,151
12540.0,46,23,0,0,69,0,151
12541.0,46,23,0,0,69,0,151
12542.0,46,23,0,0,69,0,151
12543.0,46,23,0,0,69,0,151
12544.0,46,23,0,0,69,0,151
12545.0,46,23,0,0,69,0,151
12546.0,46,23,0,0,69,0,151
12547.0,46,23,0,0,69,0,151
12548.0,46,23,0,0,69,0,151
12549.0,46,23,0,0,69,0,151
12550.0,46,23,0,0,69,0,151
12551.0,46,23,0,0,69,0,151
12552.0,46,23,0,0,69,0,151
12553.0,46,23,0,0,69,0,151
12554.0,46,23,0,0,69,0,151
12555.0,46,23,0,0,69,0,151
12556.0,46,23,0,0,69,0,151
12557.0,46,23,0,0,69,0,151
12558.0,46,23,0,0,69,0,151
12559.0,46,23,0,0,69,0,151
12560.0,46,23,0,0,69,0,151
12561.0,46,23,0,0,69,0,151
12562.0,46,23,0,0,69,0,151
12563.0,46,23,0,0,69,0,151
12564.0,46,23,0,0,69,0,151
12565.0,46,23,0,0,69,0,151
12566.0,46,23,0,0,69,0,151
12567.0,46,23,0,0,69,0,151
12568.0,46,23,0,0,69,0,151
12569.0,46,23,0,0,69,0,151
12570.0,46,23,0,0,69,0,151
12571.0,46,23,0,0,69,0,151
12572.0,46,23,0,0,69,0,151
12573.0,46,23,0,0,69,0,151
12574.0,46,23,0,0,69,0,151
12575.0,46,23,0,0,69,0,151
12576.0,46,23,0,0,69,0,151
12577.0,46,23,0,0,69,0,151
12578.0,46,23,0,0,69,0,151
12579.0,46,23,0,0,69,0,151
12580.0,46,23,0,0,69,0,151
12581.0,46,23,0,0,69,0,151
12582.0,46,23,0,0,69,0,151
12583.0,46,23,0,0,69,0,151
12584.0,46,23,0,0,69,0,151
12585.0,46,23,0,0,69,0,151
12586.0,46,23,0,0,69,0,151
12587.0,46,23,0,0,69,0,151
12588.0,46,23,0,0,69,0,151
12589.0,46,23,0,0,69,0,151
12590.0,46,23,0,0,69,0,151
12591.0,46,23,0,0,69,0,151
12592.0,46,23,0,0,69,0,151
12593.0,46,23,0,0,69,0,151
12594.0,46,23,0,0,69,0,151
12595.0,46,23,0,0,69,0,151
12596.0,46,23,0,0,69,0,151
12597.0,46,23,0,0,69,0,151
12598.0,46,23,0,0,69,0,151
12599.0,46,23,0,0,69,0,151
12600.0,46,23,0,0,69,0,151
12601.0,46,23,0,0,69,0,151
12602.0,46,23,0,0,69,0,151
12603.0,46,23,0,0,69,0,151
12604.0,46,23,0,0,69,0,151
12605.0,46,23,0,0,69,0,151
12606.0,46,23,0,0,69,0,151
12607.0,46,23,0,0,69,0,151
12608.0,46,23,0,0,69,0,151
12609.0,46,23,0,0,69,0,151
12610.0,46,23,0,0,69,0,151
12611.0,46,23,0,0,69,0,151
12612.0,46,23,0,0,69,0,151
12613.0,46,23,0,0,69,0,151
12614.0,46,23,0,0,69,0,151
12615.0,46,23,0,0,69,0,151
12616.0,46,23,0,0,69,0,151
12617.0,46,23,0,0,69,0,151
12618.0,46,23,0,0,69,0,151
12619.0,46,23,0,0,69,0,151
12620.0,46,23,0,0,69,0,151
12621.0,46,23,0,0,69,0,151
12622.0,46,23,0,0,69,0,151
12623.0,46,23,0,0,69,0,151
12624.0,46,23,0,0,69,0,151
12625.0,46,23,0,0,69,0,151
12626.0,46,23,0,0,69,0,151
12627.0,46,23,0,0,69,0,151
12628.0,46,23,0,0,69,0,151
12629.0,46,23,0,0,69,0,151
12630.0,46,23,0,0,69,0,151
12631.0,46,23,0,0,69,0,151
12632.0,46,23,0,0,69,0,151
12633.0,46,23,0,0,69,0,151
12634.0,46,23,0,0,69,0,151
12635.0,46,23,0,0,69,0,151
12636.0,46,23,0,0,69,0,151
12637.0,46,23,0,0,69,0,151
12638.0,46,23,0,0,69,0,151
12639.0,46,23,0,0,69,0,151
12640.0,46,23,0,0,69,0,151
12641.0,46,23,0,0,69,0,151
12642.0,46,23,0,0,69,0,151
12643.0,46,23,0,0,69,0,151
12644.0,46,23,0,0,69,0,151
12645.0,46,23,0,0,69,0,151
12646.0,46,23,0,0,69,0,151
12647.0,46,23,0,0,69,0,151
12648.0,46,23,0,0,69,0,151
12649.0,46,23,0,0,69,0,151
12650.0,46,23,0,0,69,0,151
12651.0,46,23,0,0,69,0,151
12652.0,46,23,0,0,69,0,151
12653.0,46,23,0,0,69,0,151
12654.0,46,23,0,0,69,0,151
12655.0,46,23,0,0,69,0,151
12656.0,46,23,0,0,69,0,151
12657.0,46,23,0,0,69,0,151
12658.0,46,23,0,0,69,0,151
12659.0,46,23,0,0,69,0,151
12660.0,46,23,0,0,69,0,151
12661.0,46,23,0,0,69,0,151
12662.0,46,23,0,0,69,0,151
12663.0,46,23,0,0,69,0,151
12664.0,46,23,0,0,69,0,151
12665.0,46,23,0,0,69,0,151
12666.0,46,23,0,0,69,0,151
12667.0,46,23,0,0,69,0,151
12668.0,46,23,0,0,69,0,151
12669.0,46,23,0,0,69,0,151
12670.0,46,23,0,0,69,0,151
12671.0,46,23,0,0,69,0,151
12672.0,46,23,0,0,69,0,151
12673.0,46,23,0,0,69,0,151
12674.0,46,23,0,0,69,0,151
12675.0,46,23,0,0,69,0,151
12676.0,46,23,0,0,69,0,151
12677.0,46,23,0,0,69,0,151
12678.0,46,23,0,0,69,0,151
12679.0,46,23,0,0,69,0,151
12680.0,46,23,0,0,69,0,151
12681.0,46,23,0,0,69,0,151
12682.0,46,23,0,0,69,0,151
12683.0,46,23,0,0,69,0,151
12684.0,46,23,0,0,69,0,151
12685.0,46,23,0,0,69,0,151
12686.0,46,23,0,0,69,0,151
12687.0,46,23,0,0,69,0,151
12688.0,46,23,0,0,69,0,151
12689.0,46,23,0,0,69,0,151
12690.0,46,23,0,0,69,0,151
12691.0,46,23,0,0,69,0,151
12692.0,46,23,0,0,69,0,151
12693.0,46,23,0,0,69,0,151
12694.0,46,23,0,0,69,0,151
12695.0,46,23,0,0,69,0,151
12696.0,46,23,0,0,69,0,151
12697.0,46,23,0,0,69,0,151
12698.0,46,23,0,0,69,0,151
12699.0,46,23,0,0,69,0,151
12700.0,46,23,0,0,69,0,151
12701.0,46,23,0,0,69,0,151
12702.0,46,23,0,0,69,0,151
12703.0,46,23,0,0,69,0,151
12704.0,46,23,0,0,69,0,151
12705.0,46,23,0,0,69,0,151
12706.0,46,23,0,0,69,0,151
12707.0,46,23,0,0,69,0,151
12708.0,46,23,0,0,69,0,151
12709.0,46,23,0,0,69,0,151
12710.0,46,23,0,0,69,0,151
12711.0,46,23,0,0,69,0,151
12712.0,46,23,0,0,69,0,151
12713.0,46,23,0,0,69,0,151
12714.0,46,23,0,0,69,0,151
12715.0,46,23,0,0,69,0,151
12716.0,46,23,0,0,69,0,151
12717.0,46,23,0,0,69,0,151
12718.0,46,23,0,0,69,0,151
12719.0,46,23,0,0,69,0,151
12720.0,46,23,0,0,69,0,151
12721.0,46,23,0,0,69,0,151
12722.0,46,23,0,0,69,0,151
12723.0,46,23,0,0,69,0,151
12724.0,46,23,0,0,69,0,151
12725.0,46,23,0,0,69,0,151
12726.0,46,23,0,0,69,0,151
12727.0,46,23,0,0,69,0,151
12728.0,46,23,0,0,69,0,151
12729.0,46,23,0,0,69,0,151
12730.0,46,23,0,0,69,0,151
12731.0,46,23,0,0,69,0,151
12732.0,46,23,0,0,69,0,151
12733.0,46,23,0,0,69,0,151
12734.0,46,23,0,0,69,0,151
12735.0,46,23,0,0,69,0,151
12736.0,46,23,0,0,69,0,151
12737.0,46,23,0,0,69,0,151
12738.0,46,23,0,0,69,0,151
12739.0,46,23,0,0,69,0,151
12740.0,46,23,0,0,69,0,151
12741.0,46,23,0,0,69,0,151
12742.0,46,23,0,0,69,0,151
12743.0,46,23,0,0,69,0,151
12744.0,46,23,0,0,69,0,151
12745.0,46,23,0,0,69,0,151
12746.0,46,23,0,0,69,0,151
12747.0,46,23,0,0,69,0,151
12748.0,46,23,0,0,69,0,151
12749.0,46,23,0,0,69,0,151
12750.0,46,23,0,0,69,0,151
12751.0,46,23,0,0,69,0,151
12752.0,46,23,0,0,69,0,151
12753.0,46,23,0,0,69,0,151
12754.0,46,23,0,0,69,0,151
12755.0,46,23,0,0,69,0,151
12756.0,46,23,0,0,69,0,151
12757.0,46,23,0,0,69,0,151
12758.0,46,23,0,0,69,0,151
12759.0,46,23,0,0,69,0,151
12760.0,46,23,0,0,69,0,151
12761.0,46,23,0,0,69,0,151
12762.0,46,23,0,0,69,0,151
12763.0,46,23,0,0,69,0,151
12764.0,46,23,0,0,69,0,151
12765.0,46,23,0,0,69,0,151
12766.0,46,23,0,0,69,0,151
12767.0,46,23,0,0,69,0,151
12768.0,46,23,0,0,69,0,151
12769.0,46,23,0,0,69,0,151
12770.0,46,23,0,0,69,0,151
12771.0,46,23,0,0,69,0,151
12772.0,46,23,0,0,69,0,151
12773.0,46,23,0,0,69,0,151
12774.0,46,23,0,0,69,0,151
12775.0,46,23,0,0,69,0,151
12776.0,46,23,0,0,69,0,151
12777.0,46,23,0,0,69,0,151
12778.0,46,23,0,0,69,0,151
12779.0,46,23,0,0,69,0,151
12780.0,46,23,0,0,69,0,151
12781.0,46,23,0,0,69,0,151
12782.0,46,23,0,0,69,0,151
12783.0,46,23,0,0,69,0,151
12784.0,46,23,0,0,69,0,151
12785.0,46,23,0,0,69,0,151
12786.0,46,23,0,0,69,0,151
12787.0,46,23,0,0,69,0,151
12788.0,46,23,0,0,69,0,151
12789.0,46,23,0,0,69,0,151
12790.0,46,23,0,0,69,0,151
12791.0,46,23,0,0,69,0,151
12792.0,46,23,0,0,69,0,151
12793.0,46,23,0,0,69,0,151
12794.0,46,23,0,0,69,0,151
12795.0,46,23,0,0,69,0,151
12796.0,46,23,0,0,69,0,151
12797.0,46,23,0,0,69,0,151
12798.0,46,23,0,0,69,0,151
12799.0,46,23,0,0,69,0,151
12800.0,46,23,0,0,69,0,151
12801.0,46,23,0,0,69,0,151
12802.0,46,23,0,0,69,0,151
12803.0,46,23,0,0,69,0,151
12804.0,46,23,0,0,69,0,151
12805.0,46,23,0,0,69,0,151
12806.0,46,23,0,0,69,0,151
12807.0,46,23,0,0,69,0,151
12808.0,46,23,0,0,69,0,151
12809.0,46,23,0,0,69,0,151
12810.0,46,23,0,0,69,0,151
12811.0,46,23,0,0,69,0,151
12812.0,46,23,0,0,69,0,151
12813.0,46,23,0,0,69,0,151
12814.0,46,23,0,0,69,0,151
12815.0,46,23,0,0,69,0,151
12816.0,46,23,0,0,69,0,151
12817.0,46,23,0,0,69,0,151
12818.0,46,23,0,0,69,0,151
12819.0,46,23,0,0,69,0,151
12820.0,46,23,0,0,69,0,151
12821.0,46,23,0,0,69,0,151
12822.0,46,23,0,0,69,0,151
12823.0,46,23,0,0,69,0,151
12824.0,46,23,0,0,69,0,151
12825.0,46,23,0,0,69,0,151
12826.0,46,23,0,0,69,0,151
12827.0,46,23,0,0,69,0,151
12828.0,46,23,0,0,69,0,151
12829.0,46,23,0,0,69,0,151
12830.0,46,23,0,0,69,0,151
12831.0,46,23,0,0,69,0,151
12832.0,46,23,0,0,69,0,151
12833.0,46,23,0,0,69,0,151
12834.0,46,23,0,0,69,0,151
12835.0,46,23,0,0,69,0,151
12836.0,46,23,0,0,69,0,151
12837.0,46,23,0,0,69,0,151
12838.0,46,23,0,0,69,0,151
12839.0,46,23,0,0,69,0,151
12840.0,46,23,0,0,69,0,151
12841.0,46,23,0,0,69,0,151
12842.0,46,23,0,0,69,0,151
12843.0,46,23,0,0,69,0,151
12844.0,46,23,0,0,69,0,151
12845.0,46,23,0,0,69,0,151
12846.0,46,23,0,0,69,0,151
12847.0,46,23,0,0,69,0,151
12848.0,46,23,0,0,69,0,151
12849.0,46,23,0,0,69,0,151
12850.0,46,23,0,0,69,0,151
12851.0,46,23,0,0,69,0,151
12852.0,46,23,0,0,69,0,151
12853.0,46,23,0,0,69,0,151
12854.0,46,23,0,0,69,0,151
12855.0,46,23,0,0,69,0,151
12856.0,46,23,0,0,69,0,151
12857.0,46,23,0,0,69,0,151
12858.0,46,23,0,0,69,0,151
12859.0,46,23,0,0,69,0,151
12860.0,46,23,0,0,69,0,151
12861.0,46,23,0,0,69,0,151
12862.0,46,23,0,0,69,0,151
12863.0,46,23,0,0,69,0,151
12864.0,46,23,0,0,69,0,151
12865.0,46,23,0,0,69,0,151
12866.0,46,23,0,0,69,0,151
12867.0,46,23,0,0,69,0,151
12868.0,46,23,0,0,69,0,151
12869.0,46,23,0,0,69,0,151
12870.0,46,23,0,0,69,0,151
12871.0,46,23,0,0,69,0,151
12872.0,46,23,0,0,69,0,151
12873.0,46,23,0,0,69,0,151
12874.0,46,23,0,0,69,0,151
12875.0,46,23,0,0,69,0,151
12876.0,46,23,0,0,69,0,151
12877.0,46,23,0,0,69,0,151
12878.0,46,23,0,0,69,0,151
12879.0,46,23,0,0,69,0,151
12880.0,46,23,0,0,69,0,151
12881.0,46,23,0,0,69,0,151
12882.0,46,23,0,0,69,0,151
12883.0,46,23,0,0,69,0,151
12884.0,46,23,0,0,69,0,151
12885.0,46,23,0,0,69,0,151
12886.0,46,23,0,0,69,0,151
12887.0,46,23,0,0,69,0,151
12888.0,46,23,0,0,69,0,151
12889.0,46,23,0,0,69,0,151
12890.0,46,23,0,0,69,0,151
12891.0,46,23,0,0,69,0,151
12892.0,46,23,0,0,69,0,151
12893.0,46,23,0,0,69,0,151
12894.0,46,23,0,0,69,0,151
12895.0,46,23,0,0,69,0,151
12896.0,46,23,0,0,69,0,151
12897.0,46,23,0,0,69,0,151
12898.0,46,23,0,0,69,0,151
12899.0,46,23,0,0,69,0,151
12900.0,46,23,0,0,69,0,151
12901.0,46,23,0,0,69,0,151
12902.0,46,23,0,0,69,0,151
12903.0,46,23,0,0,69,0,151
12904.0,46,23,0,0,69,0,151
12905.0,46,23,0,0,69,0,151
12906.0,46,23,0,0,69,0,151
12907.0,46,23,0,0,69,0,151
12908.0,46,23,0,0,69,0,151
12909.0,46,23,0,0,69,0,151
12910.0,46,23,0,0,69,0,151
12911.0,46,23,0,0,69,0,151
12912.0,46,23,0,0,69,0,151
12913.0,46,23,0,0,69,0,151
12914.0,46,23,0,0,69,0,151
12915.0,46,23,0,0,69,0,151
12916.0,46,23,0,0,69,0,151
12917.0,46,23,0,0,69,0,151
12918.0,46,23,0,0,69,0,151
12919.0,46,23,0,0,69,0,151
12920.0,46,23,0,0,69,0,151
12921.0,46,23,0,0,69,0,151
12922.0,46,23,0,0,69,0,151
12923.0,46,23,0,0,69,0,151
12924.0,46,23,0,0,69,0,151
12925.0,46,23,0,0,69,0,151
12926.0,46,23,0,0,69,0,151
12927.0,46,23,0,0,69,0,151
12928.0,46,23,0,0,69,0,151
12929.0,46,23,0,0,69,0,151
12930.0,46,23,0,0,69,0,151
12931.0,46,23,0,0,69,0,151
12932.0,46,23,0,0,69,0,151
12933.0,46,23,0,0,69,0,151
12934.0,46,23,0,0,69,0,151
12935.0,46,23,0,0,69,0,151
12936.0,46,23,0,0,69,0,151
12937.0,46,23,0,0,69,0,151
12938.0,46,23,0,0,69,0,151
12939.0,46,23,0,0,69,0,151
12940.0,46,23,0,0,69,0,151
12941.0,46,23,0,0,69,0,151
12942.0,46,23,0,0,69,0,151
12943.0,46,23,0,0,69,0,151
12944.0,46,23,0,0,69,0,151
12945.0,46,23,0,0,69,0,151
12946.0,46,23,0,0,69,0,151
12947.0,46,23,0,0,69,0,151
12948.0,46,23,0,0,69,0,151
12949.0,46,23,0,0,69,0,151
12950.0,46,23,0,0,69,0,151
12951.0,46,23,0,0,69,0,151
12952.0,46,23,0,0,69,0,151
12953.0,46,23,0,0,69,0,151
12954.0,46,23,0,0,69,0,151
12955.0,46,23,0,0,69,0,151
12956.0,46,23,0,0,69,0,151
12957.0,46,23,0,0,69,0,151
12958.0,46,23,0,0,69,0,151
12959.0,46,23,0,0,69,0,151
12960.0,46,23,0,0,69,0,151
12961.0,46,23,0,0,69,0,151
12962.0,46,23,0,0,69,0,151
12963.0,46,23,0,0,69,0,151
12964.0,46,23,0,0,69,0,151
12965.0,46,23,0,0,69,0,151
12966.0,46,23,0,0,69,0,151
12967.0,46,23,0,0,69,0,151
12968.0,46,23,0,0,69,0,151
12969.0,46,23,0,0,69,0,151
12970.0,46,23,0,0,69,0,151
12971.0,46,23,0,0,69,0,151
12972.0,46,23,0,0,69,0,151
12973.0,46,23,0,0,69,0,151
12974.0,46,23,0,0,69,0,151
12975.0,46,23,0,0,69,0,151
12976.0,46,23,0,0,69,0,151
12977.0,46,23,0,0,69,0,151
12978.0,46,23,0,0,69,0,151
12979.0,46,23,0,0,69,0,151
12980.0,46,23,0,0,69,0,151
12981.0,46,23,0,0,69,0,151
12982.0,46,23,0,0,69,0,151
12983.0,46,23,0,0,69,0,151
12984.0,46,23,0,0,69,0,151
12985.0,46,23,0,0,69,0,151
12986.0,46,23,0,0,69,0,151
12987.0,46,23,0,0,69,0,151
12988.0,46,23,0,0,69,0,151
12989.0,46,23,0,0,69,0,151
12990.0,46,23,0,0,69,0,151
12991.0,46,23,0,0,69,0,151
12992.0,46,23,0,0,69,0,151
12993.0,46,23,0,0,69,0,151
12994.0,46,23,0,0,69,0,151
12995.0,46,23,0,0,69,0,151
12996.0,46,23,0,0,69,0,151
12997.0,46,23,0,0,69,0,151
12998.0,46,23,0,0,69,0,151
12999.0,46,23,0,0,69,0,151
13000.0,46,23,0,0,69,0,151
13001.0,46,23,0,0,69,0,151
13002.0,46,23,0,0,69,0,151
13003.0,46,23,0,0,69,0,151
13004.0,46,23,0,0,69,0,151
13005.0,46,23,0,0,69,0,151
13006.0,46,23,0,0,69,0,151
13007.0,46,23,0,0,69,0,151
13008.0,46,23,0,0,69,0,151
13009.0,46,23,0,0,69,0,151
13010.0,46,23,0,0,69,0,151
13011.0,46,23,0,0,69,0,151
13012.0,46,23,0,0,69,0,151
13013.0,46,23,0,0,69,0,151
13014.0,46,23,0,0,69,0,151
13015.0,46,23,0,0,69,0,151
13016.0,46,23,0,0,69,0,151
13017.0,46,23,0,0,69,0,151
13018.0,46,23,0,0,69,0,151
13019.0,46,23,0,0,69,0,151
13020.0,46,23,0,0,69,0,151
13021.0,46,23,0,0,69,0,151
13022.0,46,23,0,0,69,0,151
13023.0,46,23,0,0,69,0,151
13024.0,46,23,0,0,69,0,151
13025.0,46,23,0,0,69,0,151
13026.0,46,23,0,0,69,0,151
13027.0,46,23,0,0,69,0,151
13028.0,46,23,0,0,69,0,151
13029.0,46,23,0,0,69,0,151
13030.0,46,23,0,0,69,0,151
13031.0,46,23,0,0,69,0,151
13032.0,46,23,0,0,69,0,151
13033.0,46,23,0,0,69,0,151
13034.0,46,23,0,0,69,0,151
13035.0,46,23,0,0,69,0,151
13036.0,46,23,0,0,69,0,151
13037.0,46,23,0,0,69,0,151
13038.0,46,23,0,0,69,0,151
13039.0,46,23,0,0,69,0,151
13040.0,46,23,0,0,69,0,151
13041.0,46,23,0,0,69,0,151
13042.0,46,23,0,0,69,0,151
13043.0,46,23,0,0,69,0,151
13044.0,46,23,0,0,69,0,151
13045.0,46,23,0,0,69,0,151
13046.0,46,23,0,0,69,0,151
13047.0,46,23,0,0,69,0,151
13048.0,46,23,0,0,69,0,151
13049.0,46,23,0,0,69,0,151
13050.0,46,23,0,0,69,0,151
13051.0,46,23,0,0,69,0,151
13052.0,46,23,0,0,69,0,151
13053.0,46,23,0,0,69,0,151
13054.0,46,23,0,0,69,0,151
13055.0,46,23,0,0,69,0,151
13056.0,46,23,0,0,69,0,151
13057.0,46,23,0,0,69,0,151
13058.0,46,23,0,0,69,0,151
13059.0,46,23,0,0,69,0,151
13060.0,46,23,0,0,69,0,151
13061.0,46,23,0,0,69,0,151
13062.0,46,23,0,0,69,0,151
13063.0,46,23,0,0,69,0,151
13064.0,46,23,0,0,69,0,151
13065.0,46,23,0,0,69,0,151
13066.0,46,23,0,0,69,0,151
13067.0,46,23,0,0,69,0,151
13068.0,46,23,0,0,69,0,151
13069.0,46,23,0,0,69,0,151
13070.0,46,23,0,0,69,0,151
13071.0,46,23,0,0,69,0,151
13072.0,46,23,0,0,69,0,151
13073.0,46,23,0,0,69,0,151
13074.0,46,23,0,0,69,0,151
13075.0,46,23,0,0,69,0,151
13076.0,46,23,0,0,69,0,151
13077.0,46,23,0,0,69,0,151
13078.0,46,23,0,0,69,0,151
13079.0,46,23,0,0,69,0,151
13080.0,46,23,0,0,69,0,151
13081.0,46,23,0,0,69,0,151
13082.0,46,23,0,0,69,0,151
13083.0,46,23,0,0,69,0,151
13084.0,46,23,0,0,69,0,151
13085.0,46,23,0,0,69,0,151
13086.0,46,23,0,0,69,0,151
13087.0,46,23,0,0,69,0,151
13088.0,46,23,0,0,69,0,151
13089.0,46,23,0,0,69,0,151
13090.0,46,23,0,0,69,0,151
13091.0,46,23,0,0,69,0,151
13092.0,46,23,0,0,69,0,151
13093.0,46,23,0,0,69,0,151
13094.0,46,23,0,0,69,0,151
13095.0,46,23,0,0,69,0,151
13096.0,46,23,0,0,69,0,151
13097.0,46,23,0,0,69,0,151
13098.0,46,23,0,0,69,0,151
13099.0,46,23,0,0,69,0,151
13100.0,46,23,0,0,69,0,151
13101.0,46,23,0,0,69,0,151
13102.0,46,23,0,0,69,0,151
13103.0,46,23,0,0,69,0,151
13104.0,46,23,0,0,69,0,151
13105.0,46,23,0,0,69,0,151
13106.0,46,23,0,0,69,0,151
13107.0,46,23,0,0,69,0,151
13108.0,46,23,0,0,69,0,151
13109.0,46,23,0,0,69,0,151
13110.0,46,23,0,0,69,0,151
13111.0,46,23,0,0,69,0,151
13112.0,46,23,0,0,69,0,151
13113.0,46,23,0,0,69,0,151
13114.0,46,23,0,0,69,0,151
13115.0,46,23,0,0,69,0,151
13116.0,46,23,0,0,69,0,151
13117.0,46,23,0,0,69,0,151
13118.0,46,23,0,0,69,0,151
13119.0,46,23,0,0,69,0,151
13120.0,46,23,0,0,69,0,151
13121.0,46,23,0,0,69,0,151
13122.0,46,23,0,0,69,0,151
13123.0,46,23,0,0,69,0,151
13124.0,46,23,0,0,69,0,151
13125.0,46,23,0,0,69,0,151
13126.0,46,23,0,0,69,0,151
13127.0,46,23,0,0,69,0,151
13128.0,46,23,0,0,69,0,151
13129.0,46,23,0,0,69,0,151
13130.0,46,23,0,0,69,0,151
13131.0,46,23,0,0,69,0,151
13132.0,46,23,0,0,69,0,151
13133.0,46,23,0,0,69,0,151
13134.0,46,23,0,0,69,0,151
13135.0,46,23,0,0,69,0,151
13136.0,46,23,0,0,69,0,151
13137.0,46,23,0,0,69,0,151
13138.0,46,23,0,0,69,0,151
13139.0,46,23,0,0,69,0,151
13140.0,46,23,0,0,69,0,151
13141.0,46,23,0,0,69,0,151
13142.0,46,23,0,0,69,0,151
13143.0,46,23,0,0,69,0,151
13144.0,46,23,0,0,69,0,151
13145.0,46,23,0,0,69,0,151
13146.0,46,23,0,0,69,0,151
13147.0,46,23,0,0,69,0,151
13148.0,46,23,0,0,69,0,151
13149.0,46,23,0,0,69,0,151
13150.0,46,23,0,0,69,0,151
13151.0,46,23,0,0,69,0,151
13152.0,46,23,0,0,69,0,151
13153.0,46,23,0,0,69,0,151
13154.0,46,23,0,0,69,0,151
13155.0,46,23,0,0,69,0,151
13156.0,46,23,0,0,69,0,151
13157.0,46,23,0,0,69,0,151
13158.0,46,23,0,0,69,0,151
13159.0,46,23,0,0,69,0,151
13160.0,46,23,0,0,69,0,151
13161.0,46,23,0,0,69,0,151
13162.0,46,23,0,0,69,0,151
13163.0,46,23,0,0,69,0,151
13164.0,46,23,0,0,69,0,151
13165.0,46,23,0,0,69,0,151
13166.0,46,23,0,0,69,0,151
13167.0,46,23,0,0,69,0,151
13168.0,46,23,0,0,69,0,151
13169.0,46,23,0,0,69,0,151
13170.0,46,23,0,0,69,0,151
13171.0,46,23,0,0,69,0,151
13172.0,46,23,0,0,69,0,151
13173.0,46,23,0,0,69,0,151
13174.0,46,23,0,0,69,0,151
13175.0,46,23,0,0,69,0,151
13176.0,46,23,0,0,69,0,151
13177.0,46,23,0,0,69,0,151
13178.0,46,23,0,0,69,0,151
13179.0,46,23,0,0,69,0,151
13180.0,46,23,0,0,69,0,151
13181.0,46,23,0,0,69,0,151
13182.0,46,23,0,0,69,0,151
13183.0,46,23,0,0,69,0,151
13184.0,46,23,0,0,69,0,151
13185.0,46,23,0,0,69,0,151
13186.0,46,23,0,0,69,0,151
13187.0,46,23,0,0,69,0,151
13188.0,46,23,0,0,69,0,151
13189.0,46,23,0,0,69,0,151
13190.0,46,23,0,0,69,0,151
13191.0,46,23,0,0,69,0,151
13192.0,46,23,0,0,69,0,151
13193.0,46,23,0,0,69,0,151
13194.0,46,23,0,0,69,0,151
13195.0,46,23,0,0,69,0,151
13196.0,46,23,0,0,69,0,151
13197.0,46,23,0,0,69,0,151
13198.0,46,23,0,0,69,0,151
13199.0,46,23,0,0,69,0,151
13200.0,46,23,0,0,69,0,151
13201.0,46,23,0,0,69,0,151
13202.0,46,23,0,0,69,0,151
13203.0,46,23,0,0,69,0,151
13204.0,46,23,0,0,69,0,151
13205.0,46,23,0,0,69,0,151
13206.0,46,23,0,0,69,0,151
13207.0,46,23,0,0,69,0,151
13208.0,46,23,0,0,69,0,151
13209.0,46,23,0,0,69,0,151
13210.0,46,23,0,0,69,0,151
13211.0,46,23,0,0,69,0,151
13212.0,46,23,0,0,69,0,151
13213.0,46,23,0,0,69,0,151
13214.0,46,23,0,0,69,0,151
13215.0,46,23,0,0,69,0,151
13216.0,46,23,0,0,69,0,151
13217.0,46,23,0,0,69,0,151
13218.0,46,23,0,0,69,0,151
13219.0,46,23,0,0,69,0,151
13220.0,46,23,0,0,69,0,151
13221.0,46,23,0,0,69,0,151
13222.0,46,23,0,0,69,0,151
13223.0,46,23,0,0,69,0,151
13224.0,46,23,0,0,69,0,151
13225.0,46,23,0,0,69,0,151
13226.0,46,23,0,0,69,0,151
13227.0,46,23,0,0,69,0,151
13228.0,46,23,0,0,69,0,151
13229.0,46,23,0,0,69,0,151
13230.0,46,23,0,0,69,0,151
13231.0,46,23,0,0,69,0,151
13232.0,46,23,0,0,69,0,151
13233.0,46,23,0,0,69,0,151
13234.0,46,23,0,0,69,0,151
13235.0,46,23,0,0,69,0,151
13236.0,46,23,0,0,69,0,151
13237.0,46,23,0,0,69,0,151
13238.0,46,23,0,0,69,0,151
13239.0,46,23,0,0,69,0,151
13240.0,46,23,0,0,69,0,151
13241.0,46,23,0,0,69,0,151
13242.0,46,23,0,0,69,0,151
13243.0,46,23,0,0,69,0,151
13244.0,46,23,0,0,69,0,151
13245.0,46,23,0,0,69,0,151
13246.0,46,23,0,0,69,0,151
13247.0,46,23,0,0,69,0,151
13248.0,46,23,0,0,69,0,151
13249.0,46,23,0,0,69,0,151
13250.0,46,23,0,0,69,0,151
13251.0,46,23,0,0,69,0,151
13252.0,46,23,0,0,69,0,151
13253.0,46,23,0,0,69,0,151
13254.0,46,23,0,0,69,0,151
13255.0,46,23,0,0,69,0,151
13256.0,46,23,0,0,69,0,151
13257.0,46,23,0,0,69,0,151
13258.0,46,23,0,0,69,0,151
13259.0,46,23,0,0,69,0,151
13260.0,46,23,0,0,69,0,151
13261.0,46,23,0,0,69,0,151
13262.0,46,23,0,0,69,0,151
13263.0,46,23,0,0,69,0,151
13264.0,46,23,0,0,69,0,151
13265.0,46,23,0,0,69,0,151
13266.0,46,23,0,0,69,0,151
13267.0,46,23,0,0,69,0,151
13268.0,46,23,0,0,69,0,151
13269.0,46,23,0,0,69,0,151
13270.0,46,23,0,0,69,0,151
13271.0,46,23,0,0,69,0,151
13272.0,46,23,0,0,69,0,151
13273.0,46,23,0,0,69,0,151
13274.0,46,23,0,0,69,0,151
13275.0,46,23,0,0,69,0,151
13276.0,46,23,0,0,69,0,151
13277.0,46,23,0,0,69,0,151
13278.0,46,23,0,0,69,0,151
13279.0,46,23,0,0,69,0,151
13280.0,46,23,0,0,69,0,151
13281.0,46,23,0,0,69,0,151
13282.0,46,23,0,0,69,0,151
13283.0,46,23,0,0,69,0,151
13284.0,46,23,0,0,69,0,151
13285.0,46,23,0,0,69,0,151
13286.0,46,23,0,0,69,0,151
13287.0,46,23,0,0,69,0,151
13288.0,46,23,0,0,69,0,151
13289.0,46,23,0,0,69,0,151
13290.0,46,23,0,0,69,0,151
13291.0,46,23,0,0,69,0,151
13292.0,46,23,0,0,69,0,151
13293.0,46,23,0,0,69,0,151
13294.0,46,23,0,0,69,0,151
13295.0,46,23,0,0,69,0,151
13296.0,46,23,0,0,69,0,151
13297.0,46,23,0,0,69,0,151
13298.0,46,23,0,0,69,0,151
13299.0,46,23,0,0,69,0,151
13300.0,46,23,0,0,69,0,151
13301.0,46,23,0,0,69,0,151
13302.0,46,23,0,0,69,0,151
13303.0,46,23,0,0,69,0,151
13304.0,46,23,0,0,69,0,151
13305.0,46,23,0,0,69,0,151
13306.0,46,23,0,0,69,0,151
13307.0,46,23,0,0,69,0,151
13308.0,46,23,0,0,69,0,151
13309.0,46,23,0,0,69,0,151
13310.0,46,23,0,0,69,0,151
13311.0,46,23,0,0,69,0,151
13312.0,46,23,0,0,69,0,151
13313.0,46,23,0,0,69,0,151
13314.0,46,23,0,0,69,0,151
13315.0,46,23,0,0,69,0,151
13316.0,46,23,0,0,69,0,151
13317.0,46,23,0,0,69,0,151
13318.0,46,23,0,0,69,0,151
13319.0,46,23,0,0,69,0,151
13320.0,46,23,0,0,69,0,151
13321.0,46,23,0,0,69,0,151
13322.0,46,23,0,0,69,0,151
13323.0,46,23,0,0,69,0,151
13324.0,46,23,0,0,69,0,151
13325.0,46,23,0,0,69,0,151
13326.0,46,23,0,0,69,0,151
13327.0,46,23,0,0,69,0,151
13328.0,46,23,0,0,69,0,151
13329.0,46,23,0,0,69,0,151
13330.0,46,23,0,0,69,0,151
13331.0,46,23,0,0,69,0,151
13332.0,46,23,0,0,69,0,151
13333.0,46,23,0,0,69,0,151
13334.0,46,23,0,0,69,0,151
13335.0,46,23,0,0,69,0,151
13336.0,46,23,0,0,69,0,151
13337.0,46,23,0,0,69,0,151
13338.0,46,23,0,0,69,0,151
13339.0,46,23,0,0,69,0,151
13340.0,46,23,0,0,69,0,151
13341.0,46,23,0,0,69,0,151
13342.0,46,23,0,0,69,0,151
13343.0,46,23,0,0,69,0,151
13344.0,46,23,0,0,69,0,151
13345.0,46,23,0,0,69,0,151
13346.0,46,23,0,0,69,0,151
13347.0,46,23,0,0,69,0,151
13348.0,46,23,0,0,69,0,151
13349.0,46,23,0,0,69,0,151
13350.0,46,23,0,0,69,0,151
13351.0,46,23,0,0,69,0,151
13352.0,46,23,0,0,69,0,151
13353.0,46,23,0,0,69,0,151
13354.0,46,23,0,0,69,0,151
13355.0,46,23,0,0,69,0,151
13356.0,46,23,0,0,69,0,151
13357.0,46,23,0,0,69,0,151
13358.0,46,23,0,0,69,0,151
13359.0,46,23,0,0,69,0,151
13360.0,46,23,0,0,69,0,151
13361.0,46,23,0,0,69,0,151
13362.0,46,23,0,0,69,0,151
13363.0,46,23,0,0,69,0,151
13364.0,46,23,0,0,69,0,151
13365.0,46,23,0,0,69,0,151
13366.0,46,23,0,0,69,0,151
13367.0,46,23,0,0,69,0,151
13368.0,46,23,0,0,69,0,151
13369.0,46,23,0,0,69,0,151
13370.0,46,23,0,0,69,0,151
13371.0,46,23,0,0,69,0,151
13372.0,46,23,0,0,69,0,151
13373.0,46,23,0,0,69,0,151
13374.0,46,23,0,0,69,0,151
13375.0,46,23,0,0,69,0,151
13376.0,46,23,0,0,69,0,151
13377.0,46,23,0,0,69,0,151
13378.0,46,23,0,0,69,0,151
13379.0,46,23,0,0,69,0,151
13380.0,46,23,0,0,69,0,151
13381.0,46,23,0,0,69,0,151
13382.0,46,23,0,0,69,0,151
13383.0,46,23,0,0,69,0,151
13384.0,46,23,0,0,69,0,151
13385.0,46,23,0,0,69,0,151
13386.0,46,23,0,0,69,0,151
13387.0,46,23,0,0,69,0,151
13388.0,46,23,0,0,69,0,151
13389.0,46,23,0,0,69,0,151
13390.0,46,23,0,0,69,0,151
13391.0,46,23,0,0,69,0,151
13392.0,46,23,0,0,69,0,151
13393.0,46,23,0,0,69,0,151
13394.0,46,23,0,0,69,0,151
13395.0,46,23,0,0,69,0,151
13396.0,46,23,0,0,69,0,151
13397.0,46,23,0,0,69,0,151
13398.0,46,23,0,0,69,0,151
13399.0,46,23,0,0,69,0,151
13400.0,46,23,0,0,69,0,151
13401.0,46,23,0,0,69,0,151
13402.0,46,23,0,0,69,0,151
13403.0,46,23,0,0,69,0,151
13404.0,46,23,0,0,69,0,151
13405.0,46,23,0,0,69,0,151
13406.0,46,23,0,0,69,0,151
13407.0,46,23,0,0,69,0,151
13408.0,46,23,0,0,69,0,151
13409.0,46,23,0,0,69,0,151
13410.0,46,23,0,0,69,0,151
13411.0,46,23,0,0,69,0,151
13412.0,46,23,0,0,69,0,151
13413.0,46,23,0,0,69,0,151
13414.0,46,23,0,0,69,0,151
13415.0,46,23,0,0,69,0,151
13416.0,46,23,0,0,69,0,151
13417.0,46,23,0,0,69,0,151
13418.0,46,23,0,0,69,0,151
13419.0,46,23,0,0,69,0,151
13420.0,46,23,0,0,69,0,151
13421.0,46,23,0,0,69,0,151
13422.0,46,23,0,0,69,0,151
13423.0,46,23,0,0,69,0,151
13424.0,46,23,0,0,69,0,151
13425.0,46,23,0,0,69,0,151
13426.0,46,23,0,0,69,0,151
13427.0,46,23,0,0,69,0,151
13428.0,46,23,0,0,69,0,151
13429.0,46,23,0,0,69,0,151
13430.0,46,23,0,0,69,0,151
13431.0,46,23,0,0,69,0,151
13432.0,46,23,0,0,69,0,151
13433.0,46,23,0,0,69,0,151
13434.0,46,23,0,0,69,0,151
13435.0,46,23,0,0,69,0,151
13436.0,46,23,0,0,69,0,151
13437.0,46,23,0,0,69,0,151
13438.0,46,23,0,0,69,0,151
13439.0,46,23,0,0,69,0,151
13440.0,46,23,0,0,69,0,151
13441.0,46,23,0,0,69,0,151
13442.0,46,23,0,0,69,0,151
13443.0,46,23,0,0,69,0,151
13444.0,46,23,0,0,69,0,151
13445.0,46,23,0,0,69,0,151
13446.0,46,23,0,0,69,0,151
13447.0,46,23,0,0,69,0,151
13448.0,46,23,0,0,69,0,151
13449.0,46,23,0,0,69,0,151
13450.0,46,23,0,0,69,0,151
13451.0,46,23,0,0,69,0,151
13452.0,46,23,0,0,69,0,151
13453.0,46,23,0,0,69,0,151
13454.0,46,23,0,0,69,0,151
13455.0,46,23,0,0,69,0,151
13456.0,46,23,0,0,69,0,151
13457.0,46,23,0,0,69,0,151
13458.0,46,23,0,0,69,0,151
13459.0,46,23,0,0,69,0,151
13460.0,46,23,0,0,69,0,151
13461.0,46,23,0,0,69,0,151
13462.0,46,23,0,0,69,0,151
13463.0,46,23,0,0,69,0,151
13464.0,46,23,0,0,69,0,151
13465.0,46,23,0,0,69,0,151
13466.0,46,23,0,0,69,0,151
13467.0,46,23,0,0,69,0,151
13468.0,46,23,0,0,69,0,151
13469.0,46,23,0,0,69,0,151
13470.0,46,23,0,0,69,0,151
13471.0,46,23,0,0,69,0,151
13472.0,46,23,0,0,69,0,151
13473.0,46,23,0,0,69,0,151
13474.0,46,23,0,0,69,0,151
13475.0,46,23,0,0,69,0,151
13476.0,46,23,0,0,69,0,151
13477.0,46,23,0,0,69,0,151
13478.0,46,23,0,0,69,0,151
13479.0,46,23,0,0,69,0,151
13480.0,46,23,0,0,69,0,151
13481.0,46,23,0,0,69,0,151
13482.0,46,23,0,0,69,0,151
13483.0,46,23,0,0,69,0,151
13484.0,46,23,0,0,69,0,151
13485.0,46,23,0,0,69,0,151
13486.0,46,23,0,0,69,0,151
13487.0,46,23,0,0,69,0,151
13488.0,46,23,0,0,69,0,151
13489.0,46,23,0,0,69,0,151
13490.0,46,23,0,0,69,0,151
13491.0,46,23,0,0,69,0,151
13492.0,46,23,0,0,69,0,151
13493.0,46,23,0,0,69,0,151
13494.0,46,23,0,0,69,0,151
13495.0,46,23,0,0,69,0,151
13496.0,46,23,0,0,69,0,151
13497.0,46,23,0,0,69,0,151
13498.0,46,23,0,0,69,0,151
13499.0,46,23,0,0,69,0,151
13500.0,46,23,0,0,69,0,151
13501.0,46,23,0,0,69,0,151
13502.0,46,23,0,0,69,0,151
13503.0,46,23,0,0,69,0,151
13504.0,46,23,0,0,69,0,151
13505.0,46,23,0,0,69,0,151
13506.0,46,23,0,0,69,0,151
13507.0,46,23,0,0,69,0,151
13508.0,46,23,0,0,69,0,151
13509.0,46,23,0,0,69,0,151
13510.0,46,23,0,0,69,0,151
13511.0,46,23,0,0,69,0,151
13512.0,46,23,0,0,69,0,151
13513.0,46,23,0,0,69,0,151
13514.0,46,23,0,0,69,0,151
13515.0,46,23,0,0,69,0,151
13516.0,46,23,0,0,69,0,151
13517.0,46,23,0,0,69,0,151
13518.0,46,23,0,0,69,0,151
13519.0,46,23,0,0,69,0,151
13520.0,46,23,0,0,69,0,151
13521.0,46,23,0,0,69,0,151
13522.0,46,23,0,0,69,0,151
13523.0,46,23,0,0,69,0,151
13524.0,46,23,0,0,69,0,151
13525.0,46,23,0,0,69,0,151
13526.0,46,23,0,0,69,0,151
13527.0,46,23,0,0,69,0,151
13528.0,46,23,0,0,69,0,151
13529.0,46,23,0,0,69,0,151
13530.0,46,23,0,0,69,0,151
13531.0,46,23,0,0,69,0,151
13532.0,46,23,0,0,69,0,151
13533.0,46,23,0,0,69,0,151
13534.0,46,23,0,0,69,0,151
13535.0,46,23,0,0,69,0,151
13536.0,46,23,0,0,69,0,151
13537.0,46,23,0,0,69,0,151
13538.0,46,23,0,0,69,0,151
13539.0,46,23,0,0,69,0,151
13540.0,46,23,0,0,69,0,151
13541.0,46,23,0,0,69,0,151
13542.0,46,23,0,0,69,0,151
13543.0,46,23,0,0,69,0,151
13544.0,46,23,0,0,69,0,151
13545.0,46,23,0,0,69,0,151
13546.0,46,23,0,0,69,0,151
13547.0,46,23,0,0,69,0,151
13548.0,46,23,0,0,69,0,151
13549.0,46,23,0,0,69,0,151
13550.0,46,23,0,0,69,0,151
13551.0,46,23,0,0,69,0,151
13552.0,46,23,0,0,69,0,151
13553.0,46,23,0,0,69,0,151
13554.0,46,23,0,0,69,0,151
13555.0,46,23,0,0,69,0,151
13556.0,46,23,0,0,69,0,151
13557.0,46,23,0,0,69,0,151
13558.0,46,23,0,0,69,0,151
13559.0,46,23,0,0,69,0,151
13560.0,46,23,0,0,69,0,151
13561.0,46,23,0,0,69,0,151
13562.0,46,23,0,0,69,0,151
13563.0,46,23,0,0,69,0,151
13564.0,46,23,0,0,69,0,151
13565.0,46,23,0,0,69,0,151
13566.0,46,23,0,0,69,0,151
13567.0,46,23,0,0,69,0,151
13568.0,46,23,0,0,69,0,151
13569.0,46,23,0,0,69,0,151
13570.0,46,23,0,0,69,0,151
13571.0,46,23,0,0,69,0,151
13572.0,46,23,0,0,69,0,151
13573.0,46,23,0,0,69,0,151
13574.0,46,23,0,0,69,0,151
13575.0,46,23,0,0,69,0,151
13576.0,46,23,0,0,69,0,151
13577.0,46,23,0,0,69,0,151
13578.0,46,23,0,0,69,0,151
13579.0,46,23,0,0,69,0,151
13580.0,46,23,0,0,69,0,151
13581.0,46,23,0,0,69,0,151
13582.0,46,23,0,0,69,0,151
13583.0,46,23,0,0,69,0,151
13584.0,46,23,0,0,69,0,151
13585.0,46,23,0,0,69,0,151
13586.0,46,23,0,0,69,0,151
13587.0,46,23,0,0,69,0,151
13588.0,46,23,0,0,69,0,151
13589.0,46,23,0,0,69,0,151
13590.0,46,23,0,0,69,0,151
13591.0,46,23,0,0,69,0,151
13592.0,46,23,0,0,69,0,151
13593.0,46,23,0,0,69,0,151
13594.0,46,23,0,0,69,0,151
13595.0,46,23,0,0,69,0,151
13596.0,46,23,0,0,69,0,151
13597.0,46,23,0,0,69,0,151
13598.0,46,23,0,0,69,0,151
13599.0,46,23,0,0,69,0,151
13600.0,46,23,0,0,69,0,151
13601.0,46,23,0,0,69,0,151
13602.0,46,23,0,0,69,0,151
13603.0,46,23,0,0,69,0,151
13604.0,46,23,0,0,69,0,151
13605.0,46,23,0,0,69,0,151
13606.0,46,23,0,0,69,0,151
13607.0,46,23,0,0,69,0,151
13608.0,46,23,0,0,69,0,151
13609.0,46,23,0,0,69,0,151
13610.0,46,23,0,0,69,0,151
13611.0,46,23,0,0,69,0,151
13612.0,46,23,0,0,69,0,151
13613.0,46,23,0,0,69,0,151
13614.0,46,23,0,0,69,0,151
13615.0,46,23,0,0,69,0,151
13616.0,46,23,0,0,69,0,151
13617.0,46,23,0,0,69,0,151
13618.0,46,23,0,0,69,0,151
13619.0,46,23,0,0,69,0,151
13620.0,46,23,0,0,69,0,151
13621.0,46,23,0,0,69,0,151
13622.0,46,23,0,0,69,0,151
13623.0,46,23,0,0,69,0,151
13624.0,46,23,0,0,69,0,151
13625.0,46,23,0,0,69,0,151
13626.0,46,23,0,0,69,0,151
13627.0,46,23,0,0,69,0,151
13628.0,46,23,0,0,69,0,151
13629.0,46,23,0,0,69,0,151
13630.0,46,23,0,0,69,0,151
13631.0,46,23,0,0,69,0,151
13632.0,46,23,0,0,69,0,151
13633.0,46,23,0,0,69,0,151
13634.0,46,23,0,0,69,0,151
13635.0,46,23,0,0,69,0,151
13636.0,46,23,0,0,69,0,151
13637.0,46,23,0,0,69,0,151
13638.0,46,23,0,0,69,0,151
13639.0,46,23,0,0,69,0,151
13640.0,46,23,0,0,69,0,151
13641.0,46,23,0,0,69,0,151
13642.0,46,23,0,0,69,0,151
13643.0,46,23,0,0,69,0,151
13644.0,46,23,0,0,69,0,151
13645.0,46,23,0,0,69,0,151
13646.0,46,23,0,0,69,0,151
13647.0,46,23,0,0,69,0,151
13648.0,46,23,0,0,69,0,151
13649.0,46,23,0,0,69,0,151
13650.0,46,23,0,0,69,0,151
13651.0,46,23,0,0,69,0,151
13652.0,46,23,0,0,69,0,151
13653.0,46,23,0,0,69,0,151
13654.0,46,23,0,0,69,0,151
13655.0,46,23,0,0,69,0,151
13656.0,46,23,0,0,69,0,151
13657.0,46,23,0,0,69,0,151
13658.0,46,23,0,0,69,0,151
13659.0,46,23,0,0,69,0,151
13660.0,46,23,0,0,69,0,151
13661.0,46,23,0,0,69,0,151
13662.0,46,23,0,0,69,0,151
13663.0,46,23,0,0,69,0,151
13664.0,46,23,0,0,69,0,151
13665.0,46,23,0,0,69,0,151
13666.0,46,23,0,0,69,0,151
13667.0,46,23,0,0,69,0,151
13668.0,46,23,0,0,69,0,151
13669.0,46,23,0,0,69,0,151
13670.0,46,23,0,0,69,0,151
13671.0,46,23,0,0,69,0,151
13672.0,46,23,0,0,69,0,151
13673.0,46,23,0,0,69,0,151
13674.0,46,23,0,0,69,0,151
13675.0,46,23,0,0,69,0,151
13676.0,46,23,0,0,69,0,151
13677.0,46,23,0,0,69,0,151
13678.0,46,23,0,0,69,0,151
13679.0,46,23,0,0,69,0,151
13680.0,46,23,0,0,69,0,151
13681.0,46,23,0,0,69,0,151
13682.0,46,23,0,0,69,0,151
13683.0,46,23,0,0,69,0,151
13684.0,46,23,0,0,69,0,151
13685.0,46,23,0,0,69,0,151
13686.0,46,23,0,0,69,0,151
13687.0,46,23,0,0,69,0,151
13688.0,46,23,0,0,69,0,151
13689.0,46,23,0,0,69,0,151
13690.0,46,23,0,0,69,0,151
13691.0,46,23,0,0,69,0,151
13692.0,46,23,0,0,69,0,151
13693.0,46,23,0,0,69,0,151
13694.0,46,23,0,0,69,0,151
13695.0,46,23,0,0,69,0,151
13696.0,46,23,0,0,69,0,151
13697.0,46,23,0,0,69,0,151
13698.0,46,23,0,0,69,0,151
13699.0,46,23,0,0,69,0,151
13700.0,46,23,0,0,69,0,151
13701.0,46,23,0,0,69,0,151
13702.0,46,23,0,0,69,0,151
13703.0,46,23,0,0,69,0,151
13704.0,46,23,0,0,69,0,151
13705.0,46,23,0,0,69,0,151
13706.0,46,23,0,0,69,0,151
13707.0,46,23,0,0,69,0,151
13708.0,46,23,0,0,69,0,151
13709.0,46,23,0,0,69,0,151
13710.0,46,23,0,0,69,0,151
13711.0,46,23,0,0,69,0,151
13712.0,46,23,0,0,69,0,151
13713.0,46,23,0,0,69,0,151
13714.0,46,23,0,0,69,0,151
13715.0,46,23,0,0,69,0,151
13716.0,46,23,0,0,69,0,151
13717.0,46,23,0,0,69,0,151
13718.0,46,23,0,0,69,0,151
13719.0,46,23,0,0,69,0,151
13720.0,46,23,0,0,69,0,151
13721.0,46,23,0,0,69,0,151
13722.0,46,23,0,0,69,0,151
13723.0,46,23,0,0,69,0,151
13724.0,46,23,0,0,69,0,151
13725.0,46,23,0,0,69,0,151
13726.0,46,23,0,0,69,0,151
13727.0,46,23,0,0,69,0,151
13728.0,46,23,0,0,69,0,151
13729.0,46,23,0,0,69,0,151
13730.0,46,23,0,0,69,0,151
13731.0,46,23,0,0,69,0,151
13732.0,46,23,0,0,69,0,151
13733.0,46,23,0,0,69,0,151
13734.0,46,23,0,0,69,0,151
13735.0,46,23,0,0,69,0,151
13736.0,46,23,0,0,69,0,151
13737.0,46,23,0,0,69,0,151
13738.0,46,23,0,0,69,0,151
13739.0,46,23,0,0,69,0,151
13740.0,46,23,0,0,69,0,151
13741.0,46,23,0,0,69,0,151
13742.0,46,23,0,0,69,0,151
13743.0,46,23,0,0,69,0,151
13744.0,46,23,0,0,69,0,151
13745.0,46,23,0,0,69,0,151
13746.0,46,23,0,0,69,0,151
13747.0,46,23,0,0,69,0,151
13748.0,46,23,0,0,69,0,151
13749.0,46,23,0,0,69,0,151
13750.0,46,23,0,0,69,0,151
13751.0,46,23,0,0,69,0,151
13752.0,46,23,0,0,69,0,151
13753.0,46,23,0,0,69,0,151
13754.0,46,23,0,0,69,0,151
13755.0,46,23,0,0,69,0,151
13756.0,46,23,0,0,69,0,151
13757.0,46,23,0,0,69,0,151
13758.0,46,23,0,0,69,0,151
13759.0,46,23,0,0,69,0,151
13760.0,46,23,0,0,69,0,151
13761.0,46,23,0,0,69,0,151
13762.0,46,23,0,0,69,0,151
13763.0,46,23,0,0,69,0,151
13764.0,46,23,0,0,69,0,151
13765.0,46,23,0,0,69,0,151
13766.0,46,23,0,0,69,0,151
13767.0,46,23,0,0,69,0,151
13768.0,46,23,0,0,69,0,151
13769.0,46,23,0,0,69,0,151
13770.0,46,23,0,0,69,0,151
13771.0,46,23,0,0,69,0,151
13772.0,46,23,0,0,69,0,151
13773.0,46,23,0,0,69,0,151
13774.0,46,23,0,0,69,0,151
13775.0,46,23,0,0,69,0,151
13776.0,46,23,0,0,69,0,151
13777.0,46,23,0,0,69,0,151
13778.0,46,23,0,0,69,0,151
13779.0,46,23,0,0,69,0,151
13780.0,46,23,0,0,69,0,151
13781.0,46,23,0,0,69,0,151
13782.0,46,23,0,0,69,0,151
13783.0,46,23,0,0,69,0,151
13784.0,46,23,0,0,69,0,151
13785.0,46,23,0,0,69,0,151
13786.0,46,23,0,0,69,0,151
13787.0,46,23,0,0,69,0,151
13788.0,46,23,0,0,69,0,151
13789.0,46,23,0,0,69,0,151
13790.0,46,23,0,0,69,0,151
13791.0,46,23,0,0,69,0,151
13792.0,46,23,0,0,69,0,151
13793.0,46,23,0,0,69,0,151
13794.0,46,23,0,0,69,0,151
13795.0,46,23,0,0,69,0,151
13796.0,46,23,0,0,69,0,151
13797.0,46,23,0,0,69,0,151
13798.0,46,23,0,0,69,0,151
13799.0,46,23,0,0,69,0,151
13800.0,46,23,0,0,69,0,151
13801.0,46,23,0,0,69,0,151
13802.0,46,23,0,0,69,0,151
13803.0,46,23,0,0,69,0,151
13804.0,46,23,0,0,69,0,151
13805.0,46,23,0,0,69,0,151
13806.0,46,23,0,0,69,0,151
13807.0,46,23,0,0,69,0,151
13808.0,46,23,0,0,69,0,151
13809.0,46,23,0,0,69,0,151
13810.0,46,23,0,0,69,0,151
13811.0,46,23,0,0,69,0,151
13812.0,46,23,0,0,69,0,151
13813.0,46,23,0,0,69,0,151
13814.0,46,23,0,0,69,0,151
13815.0,46,23,0,0,69,0,151
13816.0,46,23,0,0,69,0,151
13817.0,46,23,0,0,69,0,151
13818.0,46,23,0,0,69,0,151
13819.0,46,23,0,0,69,0,151
13820.0,46,23,0,0,69,0,151
13821.0,46,23,0,0,69,0,151
13822.0,46,23,0,0,69,0,151
13823.0,46,23,0,0,69,0,151
13824.0,46,23,0,0,69,0,151
13825.0,46,23,0,0,69,0,151
13826.0,46,23,0,0,69,0,151
13827.0,46,23,0,0,69,0,151
13828.0,46,23,0,0,69,0,151
13829.0,46,23,0,0,69,0,151
13830.0,46,23,0,0,69,0,151
13831.0,46,23,0,0,69,0,151
13832.0,46,23,0,0,69,0,151
13833.0,46,23,0,0,69,0,151
13834.0,46,23,0,0,69,0,151
13835.0,46,23,0,0,69,0,151
13836.0,46,23,0,0,69,0,151
13837.0,46,23,0,0,69,0,151
13838.0,46,23,0,0,69,0,151
13839.0,46,23,0,0,69,0,151
13840.0,46,23,0,0,69,0,151
13841.0,46,23,0,0,69,0,151
13842.0,46,23,0,0,69,0,151
13843.0,46,23,0,0,69,0,151
13844.0,46,23,0,0,69,0,151
13845.0,46,23,0,0,69,0,151
13846.0,46,23,0,0,69,0,151
13847.0,46,23,0,0,69,0,151
13848.0,46,23,0,0,69,0,151
13849.0,46,23,0,0,69,0,151
13850.0,46,23,0,0,69,0,151
13851.0,46,23,0,0,69,0,151
13852.0,46,23,0,0,69,0,151
13853.0,46,23,0,0,69,0,151
13854.0,46,23,0,0,69,0,151
13855.0,46,23,0,0,69,0,151
13856.0,46,23,0,0,69,0,151
13857.0,46,23,0,0,69,0,151
13858.0,46,23,0,0,69,0,151
13859.0,46,23,0,0,69,0,151
13860.0,46,23,0,0,69,0,151
13861.0,46,23,0,0,69,0,151
13862.0,46,23,0,0,69,0,151
13863.0,46,23,0,0,69,0,151
13864.0,46,23,0,0,69,0,151
13865.0,46,23,0,0,69,0,151
13866.0,46,23,0,0,69,0,151
13867.0,46,23,0,0,69,0,151
13868.0,46,23,0,0,69,0,151
13869.0,46,23,0,0,69,0,151
13870.0,46,23,0,0,69,0,151
13871.0,46,23,0,0,69,0,151
13872.0,46,23,0,0,69,0,151
13873.0,46,23,0,0,69,0,151
13874.0,46,23,0,0,69,0,151
13875.0,46,23,0,0,69,0,151
13876.0,46,23,0,0,69,0,151
13877.0,46,23,0,0,69,0,151
13878.0,46,23,0,0,69,0,151
13879.0,46,23,0,0,69,0,151
13880.0,46,23,0,0,69,0,151
13881.0,46,23,0,0,69,0,151
13882.0,46,23,0,0,69,0,151
13883.0,46,23,0,0,69,0,151
13884.0,46,23,0,0,69,0,151
13885.0,46,23,0,0,69,0,151
13886.0,46,23,0,0,69,0,151
13887.0,46,23,0,0,69,0,151
13888.0,46,23,0,0,69,0,151
13889.0,46,23,0,0,69,0,151
13890.0,46,23,0,0,69,0,151
13891.0,46,23,0,0,69,0,151
13892.0,46,23,0,0,69,0,151
13893.0,46,23,0,0,69,0,151
13894.0,46,23,0,0,69,0,151
13895.0,46,23,0,0,69,0,151
13896.0,46,23,0,0,69,0,151
13897.0,46,23,0,0,69,0,151
13898.0,46,23,0,0,69,0,151
13899.0,46,23,0,0,69,0,151
13900.0,46,23,0,0,69,0,151
13901.0,46,23,0,0,69,0,151
13902.0,46,23,0,0,69,0,151
13903.0,46,23,0,0,69,0,151
13904.0,46,23,0,0,69,0,151
13905.0,46,23,0,0,69,0,151
13906.0,46,23,0,0,69,0,151
13907.0,46,23,0,0,69,0,151
13908.0,46,23,0,0,69,0,151
13909.0,46,23,0,0,69,0,151
13910.0,46,23,0,0,69,0,151
13911.0,46,23,0,0,69,0,151
13912.0,46,23,0,0,69,0,151
13913.0,46,23,0,0,69,0,151
13914.0,46,23,0,0,69,0,151
13915.0,46,23,0,0,69,0,151
13916.0,46,23,0,0,69,0,151
13917.0,46,23,0,0,69,0,151
13918.0,46,23,0,0,69,0,151
13919.0,46,23,0,0,69,0,151
13920.0,46,23,0,0,69,0,151
13921.0,46,23,0,0,69,0,151
13922.0,46,23,0,0,69,0,151
13923.0,46,23,0,0,69,0,151
13924.0,46,23,0,0,69,0,151
13925.0,46,23,0,0,69,0,151
13926.0,46,23,0,0,69,0,151
13927.0,46,23,0,0,69,0,151
13928.0,46,23,0,0,69,0,151
13929.0,46,23,0,0,69,0,151
13930.0,46,23,0,0,69,0,151
13931.0,46,23,0,0,69,0,151
13932.0,46,23,0,0,69,0,151
13933.0,46,23,0,0,69,0,151
13934.0,46,23,0,0,69,0,151
13935.0,46,23,0,0,69,0,151
13936.0,46,23,0,0,69,0,151
13937.0,46,23,0,0,69,0,151
13938.0,46,23,0,0,69,0,151
13939.0,46,23,0,0,69,0,151
13940.0,46,23,0,0,69,0,151
13941.0,46,23,0,0,69,0,151
13942.0,46,23,0,0,69,0,151
13943.0,46,23,0,0,69,0,151
13944.0,46,23,0,0,69,0,151
13945.0,46,23,0,0,69,0,151
13946.0,46,23,0,0,69,0,151
13947.0,46,23,0,0,69,0,151
13948.0,46,23,0,0,69,0,151
13949.0,46,23,0,0,69,0,151
13950.0,46,23,0,0,69,0,151
13951.0,46,23,0,0,69,0,151
13952.0,46,23,0,0,69,0,151
13953.0,46,23,0,0,69,0,151
13954.0,46,23,0,0,69,0,151
13955.0,46,23,0,0,69,0,151
13956.0,46,23,0,0,69,0,151
13957.0,46,23,0,0,69,0,151
13958.0,46,23,0,0,69,0,151
13959.0,46,23,0,0,69,0,151
13960.0,46,23,0,0,69,0,151
13961.0,46,23,0,0,69,0,151
13962.0,46,23,0,0,69,0,151
13963.0,46,23,0,0,69,0,151
13964.0,46,23,0,0,69,0,151
13965.0,46,23,0,0,69,0,151
13966.0,46,23,0,0,69,0,151
13967.0,46,23,0,0,69,0,151
13968.0,46,23,0,0,69,0,151
13969.0,46,23,0,0,69,0,151
13970.0,46,23,0,0,69,0,151
13971.0,46,23,0,0,69,0,151
13972.0,46,23,0,0,69,0,151
13973.0,46,23,0,0,69,0,151
13974.0,46,23,0,0,69,0,151
13975.0,46,23,0,0,69,0,151
13976.0,46,23,0,0,69,0,151
13977.0,46,23,0,0,69,0,151
13978.0,46,23,0,0,69,0,151
13979.0,46,23,0,0,69,0,151
13980.0,46,23,0,0,69,0,151
13981.0,46,23,0,0,69,0,151
13982.0,46,23,0,0,69,0,151
13983.0,46,23,0,0,69,0,151
13984.0,46,23,0,0,69,0,151
13985.0,46,23,0,0,69,0,151
13986.0,46,23,0,0,69,0,151
13987.0,46,23,0,0,69,0,151
13988.0,46,23,0,0,69,0,151
13989.0,46,23,0,0,69,0,151
13990.0,46,23,0,0,69,0,151
13991.0,46,23,0,0,69,0,151
13992.0,46,23,0,0,69,0,151
13993.0,46,23,0,0,69,0,151
13994.0,46,23,0,0,69,0,151
13995.0,46,23,0,0,69,0,151
13996.0,46,23,0,0,69,0,151
13997.0,46,23,0,0,69,0,151
13998.0,46,23,0,0,69,0,151
13999.0,46,23,0,0,69,0,151
14000.0,46,23,0,0,69,0,151
14001.0,46,23,0,0,69,0,151
14002.0,46,23,0,0,69,0,151
14003.0,46,23,0,0,69,0,151
14004.0,46,23,0,0,69,0,151
14005.0,46,23,0,0,69,0,151
14006.0,46,23,0,0,69,0,151
14007.0,46,23,0,0,69,0,151
14008.0,46,23,0,0,69,0,151
14009.0,46,23,0,0,69,0,151
14010.0,46,23,0,0,69,0,151
14011.0,46,23,0,0,69,0,151
14012.0,46,23,0,0,69,0,151
14013.0,46,23,0,0,69,0,151
14014.0,46,23,0,0,69,0,151
14015.0,46,23,0,0,69,0,151
14016.0,46,23,0,0,69,0,151
14017.0,46,23,0,0,69,0,151
14018.0,46,23,0,0,69,0,151
14019.0,46,23,0,0,69,0,151
14020.0,46,23,0,0,69,0,151
14021.0,46,23,0,0,69,0,151
14022.0,46,23,0,0,69,0,151
14023.0,46,23,0,0,69,0,151
14024.0,46,23,0,0,69,0,151
14025.0,46,23,0,0,69,0,151
14026.0,46,23,0,0,69,0,151
14027.0,46,23,0,0,69,0,151
14028.0,46,23,0,0,69,0,151
14029.0,46,23,0,0,69,0,151
14030.0,46,23,0,0,69,0,151
14031.0,46,23,0,0,69,0,151
14032.0,46,23,0,0,69,0,151
14033.0,46,23,0,0,69,0,151
14034.0,46,23,0,0,69,0,151
14035.0,46,23,0,0,69,0,151
14036.0,46,23,0,0,69,0,151
14037.0,46,23,0,0,69,0,151
14038.0,46,23,0,0,69,0,151
14039.0,46,23,0,0,69,0,151
14040.0,46,23,0,0,69,0,151
14041.0,46,23,0,0,69,0,151
14042.0,46,23,0,0,69,0,151
14043.0,46,23,0,0,69,0,151
14044.0,46,23,0,0,69,0,151
14045.0,46,23,0,0,69,0,151
14046.0,46,23,0,0,69,0,151
14047.0,46,23,0,0,69,0,151
14048.0,46,23,0,0,69,0,151
14049.0,46,23,0,0,69,0,151
14050.0,46,23,0,0,69,0,151
14051.0,46,23,0,0,69,0,151
14052.0,46,23,0,0,69,0,151
14053.0,46,23,0,0,69,0,151
14054.0,46,23,0,0,69,0,151
14055.0,46,23,0,0,69,0,151
14056.0,46,23,0,0,69,0,151
14057.0,46,23,0,0,69,0,151
14058.0,46,23,0,0,69,0,151
14059.0,46,23,0,0,69,0,151
14060.0,46,23,0,0,69,0,151
14061.0,46,23,0,0,69,0,151
14062.0,46,23,0,0,69,0,151
14063.0,46,23,0,0,69,0,151
14064.0,46,23,0,0,69,0,151
14065.0,46,23,0,0,69,0,151
14066.0,46,23,0,0,69,0,151
14067.0,46,23,0,0,69,0,151
14068.0,46,23,0,0,69,0,151
14069.0,46,23,0,0,69,0,151
14070.0,46,23,0,0,69,0,151
14071.0,46,23,0,0,69,0,151
14072.0,46,23,0,0,69,0,151
14073.0,46,23,0,0,69,0,151
14074.0,46,23,0,0,69,0,151
14075.0,46,23,0,0,69,0,151
14076.0,46,23,0,0,69,0,151
14077.0,46,23,0,0,69,0,151
14078.0,46,23,0,0,69,0,151
14079.0,46,23,0,0,69,0,151
14080.0,46,23,0,0,69,0,151
14081.0,46,23,0,0,69,0,151
14082.0,46,23,0,0,69,0,151
14083.0,46,23,0,0,69,0,151
14084.0,46,23,0,0,69,0,151
14085.0,46,23,0,0,69,0,151
14086.0,46,23,0,0,69,0,151
14087.0,46,23,0,0,69,0,151
14088.0,46,23,0,0,69,0,151
14089.0,46,23,0,0,69,0,151
14090.0,46,23,0,0,69,0,151
14091.0,46,23,0,0,69,0,151
14092.0,46,23,0,0,69,0,151
14093.0,46,23,0,0,69,0,151
14094.0,46,23,0,0,69,0,151
14095.0,46,23,0,0,69,0,151
14096.0,46,23,0,0,69,0,151
14097.0,46,23,0,0,69,0,151
14098.0,46,23,0,0,69,0,151
14099.0,46,23,0,0,69,0,151
14100.0,46,23,0,0,69,0,151
14101.0,46,23,0,0,69,0,151
14102.0,46,23,0,0,69,0,151
14103.0,46,23,0,0,69,0,151
14104.0,46,23,0,0,69,0,151
14105.0,46,23,0,0,69,0,151
14106.0,46,23,0,0,69,0,151
14107.0,46,23,0,0,69,0,151
14108.0,46,23,0,0,69,0,151
14109.0,46,23,0,0,69,0,151
14110.0,46,23,0,0,69,0,151
14111.0,46,23,0,0,69,0,151
14112.0,46,23,0,0,69,0,151
14113.0,46,23,0,0,69,0,151
14114.0,46,23,0,0,69,0,151
14115.0,46,23,0,0,69,0,151
14116.0,46,23,0,0,69,0,151
14117.0,46,23,0,0,69,0,151
14118.0,46,23,0,0,69,0,151
14119.0,46,23,0,0,69,0,151
14120.0,46,23,0,0,69,0,151
14121.0,46,23,0,0,69,0,151
14122.0,46,23,0,0,69,0,151
14123.0,46,23,0,0,69,0,151
14124.0,46,23,0,0,69,0,151
14125.0,46,23,0,0,69,0,151
14126.0,46,23,0,0,69,0,151
14127.0,46,23,0,0,69,0,151
14128.0,46,23,0,0,69,0,151
14129.0,46,23,0,0,69,0,151
14130.0,46,23,0,0,69,0,151
14131.0,46,23,0,0,69,0,151
14132.0,46,23,0,0,69,0,151
14133.0,46,23,0,0,69,0,151
14134.0,46,23,0,0,69,0,151
14135.0,46,23,0,0,69,0,151
14136.0,46,23,0,0,69,0,151
14137.0,46,23,0,0,69,0,151
14138.0,46,23,0,0,69,0,151
14139.0,46,23,0,0,69,0,151
14140.0,46,23,0,0,69,0,151
14141.0,46,23,0,0,69,0,151
14142.0,46,23,0,0,69,0,151
14143.0,46,23,0,0,69,0,151
14144.0,46,23,0,0,69,0,151
14145.0,46,23,0,0,69,0,151
14146.0,46,23,0,0,69,0,151
14147.0,46,23,0,0,69,0,151
14148.0,46,23,0,0,69,0,151
14149.0,46,23,0,0,69,0,151
14150.0,46,23,0,0,69,0,151
14151.0,46,23,0,0,69,0,151
14152.0,46,23,0,0,69,0,151
14153.0,46,23,0,0,69,0,151
14154.0,46,23,0,0,69,0,151
14155.0,46,23,0,0,69,0,151
14156.0,46,23,0,0,69,0,151
14157.0,46,23,0,0,69,0,151
14158.0,46,23,0,0,69,0,151
14159.0,46,23,0,0,69,0,151
14160.0,46,23,0,0,69,0,151
14161.0,46,23,0,0,69,0,151
14162.0,46,23,0,0,69,0,151
14163.0,46,23,0,0,69,0,151
14164.0,46,23,0,0,69,0,151
14165.0,46,23,0,0,69,0,151
14166.0,46,23,0,0,69,0,151
14167.0,46,23,0,0,69,0,151
14168.0,46,23,0,0,69,0,151
14169.0,46,23,0,0,69,0,151
14170.0,46,23,0,0,69,0,151
14171.0,46,23,0,0,69,0,151
14172.0,46,23,0,0,69,0,151
14173.0,46,23,0,0,69,0,151
14174.0,46,23,0,0,69,0,151
14175.0,46,23,0,0,69,0,151
14176.0,46,23,0,0,69,0,151
14177.0,46,23,0,0,69,0,151
14178.0,46,23,0,0,69,0,151
14179.0,46,23,0,0,69,0,151
14180.0,46,23,0,0,69,0,151
14181.0,46,23,0,0,69,0,151
14182.0,46,23,0,0,69,0,151
14183.0,46,23,0,0,69,0,151
14184.0,46,23,0,0,69,0,151
14185.0,46,23,0,0,69,0,151
14186.0,46,23,0,0,69,0,151
14187.0,46,23,0,0,69,0,151
14188.0,46,23,0,0,69,0,151
14189.0,46,23,0,0,69,0,151
14190.0,46,23,0,0,69,0,151
14191.0,46,23,0,0,69,0,151
14192.0,46,23,0,0,69,0,151
14193.0,46,23,0,0,69,0,151
14194.0,46,23,0,0,69,0,151
14195.0,46,23,0,0,69,0,151
14196.0,46,23,0,0,69,0,151
14197.0,46,23,0,0,69,0,151
14198.0,46,23,0,0,69,0,151
14199.0,46,23,0,0,69,0,151
14200.0,46,23,0,0,69,0,151
14201.0,46,23,0,0,69,0,151
14202.0,46,23,0,0,69,0,151
14203.0,46,23,0,0,69,0,151
14204.0,46,23,0,0,69,0,151
14205.0,46,23,0,0,69,0,151
14206.0,46,23,0,0,69,0,151
14207.0,46,23,0,0,69,0,151
14208.0,46,23,0,0,69,0,151
14209.0,46,23,0,0,69,0,151
14210.0,46,23,0,0,69,0,151
14211.0,46,23,0,0,69,0,151
14212.0,46,23,0,0,69,0,151
14213.0,46,23,0,0,69,0,151
14214.0,46,23,0,0,69,0,151
14215.0,46,23,0,0,69,0,151
14216.0,46,23,0,0,69,0,151
14217.0,46,23,0,0,69,0,151
14218.0,46,23,0,0,69,0,151
14219.0,46,23,0,0,69,0,151
14220.0,46,23,0,0,69,0,151
14221.0,46,23,0,0,69,0,151
14222.0,46,23,0,0,69,0,151
14223.0,46,23,0,0,69,0,151
14224.0,46,23,0,0,69,0,151
14225.0,46,23,0,0,69,0,151
14226.0,46,23,0,0,69,0,151
14227.0,46,23,0,0,69,0,151
14228.0,46,23,0,0,69,0,151
14229.0,46,23,0,0,69,0,151
14230.0,46,23,0,0,69,0,151
14231.0,46,23,0,0,69,0,151
14232.0,46,23,0,0,69,0,151
14233.0,46,23,0,0,69,0,151
14234.0,46,23,0,0,69,0,151
14235.0,46,23,0,0,69,0,151
14236.0,46,23,0,0,69,0,151
14237.0,46,23,0,0,69,0,151
14238.0,46,23,0,0,69,0,151
14239.0,46,23,0,0,69,0,151
14240.0,46,23,0,0,69,0,151
14241.0,46,23,0,0,69,0,151
14242.0,46,23,0,0,69,0,151
14243.0,46,23,0,0,69,0,151
14244.0,46,23,0,0,69,0,151
14245.0,46,23,0,0,69,0,151
14246.0,46,23,0,0,69,0,151
14247.0,46,23,0,0,69,0,151
14248.0,46,23,0,0,69,0,151
14249.0,46,23,0,0,69,0,151
14250.0,46,23,0,0,69,0,151
14251.0,46,23,0,0,69,0,151
14252.0,46,23,0,0,69,0,151
14253.0,46,23,0,0,69,0,151
14254.0,46,23,0,0,69,0,151
14255.0,46,23,0,0,69,0,151
14256.0,46,23,0,0,69,0,151
14257.0,46,23,0,0,69,0,151
14258.0,46,23,0,0,69,0,151
14259.0,46,23,0,0,69,0,151
14260.0,46,23,0,0,69,0,151
14261.0,46,23,0,0,69,0,151
14262.0,46,23,0,0,69,0,151
14263.0,46,23,0,0,69,0,151
14264.0,46,23,0,0,69,0,151
14265.0,46,23,0,0,69,0,151
14266.0,46,23,0,0,69,0,151
14267.0,46,23,0,0,69,0,151
14268.0,46,23,0,0,69,0,151
14269.0,46,23,0,0,69,0,151
14270.0,46,23,0,0,69,0,151
14271.0,46,23,0,0,69,0,151
14272.0,46,23,0,0,69,0,151
14273.0,46,23,0,0,69,0,151
14274.0,46,23,0,0,69,0,151
14275.0,46,23,0,0,69,0,151
14276.0,46,23,0,0,69,0,151
14277.0,46,23,0,0,69,0,151
14278.0,46,23,0,0,69,0,151
14279.0,46,23,0,0,69,0,151
14280.0,46,23,0,0,69,0,151
14281.0,46,23,0,0,69,0,151
14282.0,46,23,0,0,69,0,151
14283.0,46,23,0,0,69,0,151
14284.0,46,23,0,0,69,0,151
14285.0,46,23,0,0,69,0,151
14286.0,46,23,0,0,69,0,151
14287.0,46,23,0,0,69,0,151
14288.0,46,23,0,0,69,0,151
14289.0,46,23,0,0,69,0,151
14290.0,46,23,0,0,69,0,151
14291.0,46,23,0,0,69,0,151
14292.0,46,23,0,0,69,0,151
14293.0,46,23,0,0,69,0,151
14294.0,46,23,0,0,69,0,151
14295.0,46,23,0,0,69,0,151
14296.0,46,23,0,0,69,0,151
14297.0,46,23,0,0,69,0,151
14298.0,46,23,0,0,69,0,151
14299.0,46,23,0,0,69,0,151
14300.0,46,23,0,0,69,0,151
14301.0,46,23,0,0,69,0,151
14302.0,46,23,0,0,69,0,151
14303.0,46,23,0,0,69,0,151
14304.0,46,23,0,0,69,0,151
14305.0,46,23,0,0,69,0,151
14306.0,46,23,0,0,69,0,151
14307.0,46,23,0,0,69,0,151
14308.0,46,23,0,0,69,0,151
14309.0,46,23,0,0,69,0,151
14310.0,46,23,0,0,69,0,151
14311.0,46,23,0,0,69,0,151
14312.0,46,23,0,0,69,0,151
14313.0,46,23,0,0,69,0,151
14314.0,46,23,0,0,69,0,151
14315.0,46,23,0,0,69,0,151
14316.0,46,23,0,0,69,0,151
14317.0,46,23,0,0,69,0,151
14318.0,46,23,0,0,69,0,151
14319.0,46,23,0,0,69,0,151
14320.0,46,23,0,0,69,0,151
14321.0,46,23,0,0,69,0,151
14322.0,46,23,0,0,69,0,151
14323.0,46,23,0,0,69,0,151
14324.0,46,23,0,0,69,0,151
14325.0,46,23,0,0,69,0,151
14326.0,46,23,0,0,69,0,151
14327.0,46,23,0,0,69,0,151
14328.0,46,23,0,0,69,0,151
14329.0,46,23,0,0,69,0,151
14330.0,46,23,0,0,69,0,151
14331.0,46,23,0,0,69,0,151
14332.0,46,23,0,0,69,0,151
14333.0,46,23,0,0,69,0,151
14334.0,46,23,0,0,69,0,151
14335.0,46,23,0,0,69,0,151
14336.0,46,23,0,0,69,0,151
14337.0,46,23,0,0,69,0,151
14338.0,46,23,0,0,69,0,151
14339.0,46,23,0,0,69,0,151
14340.0,46,23,0,0,69,0,151
14341.0,46,23,0,0,69,0,151
14342.0,46,23,0,0,69,0,151
14343.0,46,23,0,0,69,0,151
14344.0,46,23,0,0,69,0,151
14345.0,46,23,0,0,69,0,151
14346.0,46,23,0,0,69,0,151
14347.0,46,23,0,0,69,0,151
14348.0,46,23,0,0,69,0,151
14349.0,46,23,0,0,69,0,151
14350.0,46,23,0,0,69,0,151
14351.0,46,23,0,0,69,0,151
14352.0,46,23,0,0,69,0,151
14353.0,46,23,0,0,69,0,151
14354.0,46,23,0,0,69,0,151
14355.0,46,23,0,0,69,0,151
14356.0,46,23,0,0,69,0,151
14357.0,46,23,0,0,69,0,151
14358.0,46,23,0,0,69,0,151
14359.0,46,23,0,0,69,0,151
14360.0,46,23,0,0,69,0,151
14361.0,46,23,0,0,69,0,151
14362.0,46,23,0,0,69,0,151
14363.0,46,23,0,0,69,0,151
14364.0,46,23,0,0,69,0,151
14365.0,46,23,0,0,69,0,151
14366.0,46,23,0,0,69,0,151
14367.0,46,23,0,0,69,0,151
14368.0,46,23,0,0,69,0,151
14369.0,46,23,0,0,69,0,151
14370.0,46,23,0,0,69,0,151
14371.0,46,23,0,0,69,0,151
14372.0,46,23,0,0,69,0,151
14373.0,46,23,0,0,69,0,151
14374.0,46,23,0,0,69,0,151
14375.0,46,23,0,0,69,0,151
14376.0,46,23,0,0,69,0,151
14377.0,46,23,0,0,69,0,151
14378.0,46,23,0,0,69,0,151
14379.0,46,23,0,0,69,0,151
14380.0,46,23,0,0,69,0,151
14381.0,46,23,0,0,69,0,151
14382.0,46,23,0,0,69,0,151
14383.0,46,23,0,0,69,0,151
14384.0,46,23,0,0,69,0,151
14385.0,46,23,0,0,69,0,151
14386.0,46,23,0,0,69,0,151
14387.0,46,23,0,0,69,0,151
14388.0,46,23,0,0,69,0,151
14389.0,46,23,0,0,69,0,151
14390.0,46,23,0,0,69,0,151
14391.0,46,23,0,0,69,0,151
14392.0,46,23,0,0,69,0,151
14393.0,46,23,0,0,69,0,151
14394.0,46,23,0,0,69,0,151
14395.0,46,23,0,0,69,0,151
14396.0,46,23,0,0,69,0,151
14397.0,46,23,0,0,69,0,151
14398.0,46,23,0,0,69,0,151
14399.0,46,23,0,0,69,0,151
14400.0,46,23,0,0,69,0,151
14401.0,46,23,0,0,69,0,151
14402.0,46,23,0,0,69,0,151
14403.0,46,23,0,0,69,0,151
14404.0,46,23,0,0,69,0,151
14405.0,46,23,0,0,69,0,151
14406.0,46,23,0,0,69,0,151
14407.0,46,23,0,0,69,0,151
14408.0,46,23,0,0,69,0,151
14409.0,46,23,0,0,69,0,151
14410.0,46,23,0,0,69,0,151
14411.0,46,23,0,0,69,0,151
14412.0,46,23,0,0,69,0,151
14413.0,46,23,0,0,69,0,151
14414.0,46,23,0,0,69,0,151
14415.0,46,23,0,0,69,0,151
14416.0,46,23,0,0,69,0,151
14417.0,46,23,0,0,69,0,151
14418.0,46,23,0,0,69,0,151
14419.0,46,23,0,0,69,0,151
14420.0,46,23,0,0,69,0,151
14421.0,46,23,0,0,69,0,151
14422.0,46,23,0,0,69,0,151
14423.0,46,23,0,0,69,0,151
14424.0,46,23,0,0,69,0,151
14425.0,46,23,0,0,69,0,151
14426.0,46,23,0,0,69,0,151
14427.0,46,23,0,0,69,0,151
14428.0,46,23,0,0,69,0,151
14429.0,46,23,0,0,69,0,151
14430.0,46,23,0,0,69,0,151
14431.0,46,23,0,0,69,0,151
14432.0,46,23,0,0,69,0,151
14433.0,46,23,0,0,69,0,151
14434.0,46,23,0,0,69,0,151
14435.0,46,23,0,0,69,0,151
14436.0,46,23,0,0,69,0,151
14437.0,46,23,0,0,69,0,151
14438.0,46,23,0,0,69,0,151
14439.0,46,23,0,0,69,0,151
14440.0,46,23,0,0,69,0,151
14441.0,46,23,0,0,69,0,151
14442.0,46,23,0,0,69,0,151
14443.0,46,23,0,0,69,0,151
14444.0,46,23,0,0,69,0,151
14445.0,46,23,0,0,69,0,151
14446.0,46,23,0,0,69,0,151
14447.0,46,23,0,0,69,0,151
14448.0,46,23,0,0,69,0,151
14449.0,46,23,0,0,69,0,151
14450.0,46,23,0,0,69,0,151
14451.0,46,23,0,0,69,0,151
14452.0,46,23,0,0,69,0,151
14453.0,46,23,0,0,69,0,151
14454.0,46,23,0,0,69,0,151
14455.0,46,23,0,0,69,0,151
14456.0,46,23,0,0,69,0,151
14457.0,46,23,0,0,69,0,151
14458.0,46,23,0,0,69,0,151
14459.0,46,23,0,0,69,0,151
14460.0,46,23,0,0,69,0,151
14461.0,46,23,0,0,69,0,151
14462.0,46,23,0,0,69,0,151
14463.0,46,23,0,0,69,0,151
14464.0,46,23,0,0,69,0,151
14465.0,46,23,0,0,69,0,151
14466.0,46,23,0,0,69,0,151
14467.0,46,23,0,0,69,0,151
14468.0,46,23,0,0,69,0,151
14469.0,46,23,0,0,69,0,151
14470.0,46,23,0,0,69,0,151
14471.0,46,23,0,0,69,0,151
14472.0,46,23,0,0,69,0,151
14473.0,46,23,0,0,69,0,151
14474.0,46,23,0,0,69,0,151
14475.0,46,23,0,0,69,0,151
14476.0,46,23,0,0,69,0,151
14477.0,46,23,0,0,69,0,151
14478.0,46,23,0,0,69,0,151
14479.0,46,23,0,0,69,0,151
14480.0,46,23,0,0,69,0,151
14481.0,46,23,0,0,69,0,151
14482.0,46,23,0,0,69,0,151
14483.0,46,23,0,0,69,0,151
14484.0,46,23,0,0,69,0,151
14485.0,46,23,0,0,69,0,151
14486.0,46,23,0,0,69,0,151
14487.0,46,23,0,0,69,0,151
14488.0,46,23,0,0,69,0,151
14489.0,46,23,0,0,69,0,151
14490.0,46,23,0,0,69,0,151
14491.0,46,23,0,0,69,0,151
14492.0,46,23,0,0,69,0,151
14493.0,46,23,0,0,69,0,151
14494.0,46,23,0,0,69,0,151
14495.0,46,23,0,0,69,0,151
14496.0,46,23,0,0,69,0,151
14497.0,46,23,0,0,69,0,151
14498.0,46,23,0,0,69,0,151
14499.0,46,23,0,0,69,0,151
14500.0,46,23,0,0,69,0,151
14501.0,46,23,0,0,69,0,151
14502.0,46,23,0,0,69,0,151
14503.0,46,23,0,0,69,0,151
14504.0,46,23,0,0,69,0,151
14505.0,46,23,0,0,69,0,151
14506.0,46,23,0,0,69,0,151
14507.0,46,23,0,0,69,0,151
14508.0,46,23,0,0,69,0,151
14509.0,46,23,0,0,69,0,151
14510.0,46,23,0,0,69,0,151
14511.0,46,23,0,0,69,0,151
14512.0,46,23,0,0,69,0,151
14513.0,46,23,0,0,69,0,151
14514.0,46,23,0,0,69,0,151
14515.0,46,23,0,0,69,0,151
14516.0,46,23,0,0,69,0,151
14517.0,46,23,0,0,69,0,151
14518.0,46,23,0,0,69,0,151
14519.0,46,23,0,0,69,0,151
14520.0,46,23,0,0,69,0,151
14521.0,46,23,0,0,69,0,151
14522.0,46,23,0,0,69,0,151
14523.0,46,23,0,0,69,0,151
14524.0,46,23,0,0,69,0,151
14525.0,46,23,0,0,69,0,151
14526.0,46,23,0,0,69,0,151
14527.0,46,23,0,0,69,0,151
14528.0,46,23,0,0,69,0,151
14529.0,46,23,0,0,69,0,151
14530.0,46,23,0,0,69,0,151
14531.0,46,23,0,0,69,0,151
14532.0,46,23,0,0,69,0,151
14533.0,46,23,0,0,69,0,151
14534.0,46,23,0,0,69,0,151
14535.0,46,23,0,0,69,0,151
14536.0,46,23,0,0,69,0,151
14537.0,46,23,0,0,69,0,151
14538.0,46,23,0,0,69,0,151
14539.0,46,23,0,0,69,0,151
14540.0,46,23,0,0,69,0,151
14541.0,46,23,0,0,69,0,151
14542.0,46,23,0,0,69,0,151
14543.0,46,23,0,0,69,0,151
14544.0,46,23,0,0,69,0,151
14545.0,46,23,0,0,69,0,151
14546.0,46,23,0,0,69,0,151
14547.0,46,23,0,0,69,0,151
14548.0,46,23,0,0,69,0,151
14549.0,46,23,0,0,69,0,151
14550.0,46,23,0,0,69,0,151
14551.0,46,23,0,0,69,0,151
14552.0,46,23,0,0,69,0,151
14553.0,46,23,0,0,69,0,151
14554.0,46,23,0,0,69,0,151
14555.0,46,23,0,0,69,0,151
14556.0,46,23,0,0,69,0,151
14557.0,46,23,0,0,69,0,151
14558.0,46,23,0,0,69,0,151
14559.0,46,23,0,0,69,0,151
14560.0,46,23,0,0,69,0,151
14561.0,46,23,0,0,69,0,151
14562.0,46,23,0,0,69,0,151
14563.0,46,23,0,0,69,0,151
14564.0,46,23,0,0,69,0,151
14565.0,46,23,0,0,69,0,151
14566.0,46,23,0,0,69,0,151
14567.0,46,23,0,0,69,0,151
14568.0,46,23,0,0,69,0,151
14569.0,46,23,0,0,69,0,151
14570.0,46,23,0,0,69,0,151
14571.0,46,23,0,0,69,0,151
14572.0,46,23,0,0,69,0,151
14573.0,46,23,0,0,69,0,151
14574.0,46,23,0,0,69,0,151
14575.0,46,23,0,0,69,0,151
14576.0,46,23,0,0,69,0,151
14577.0,46,23,0,0,69,0,151
14578.0,46,23,0,0,69,0,151
14579.0,46,23,0,0,69,0,151
14580.0,46,23,0,0,69,0,151
14581.0,46,23,0,0,69,0,151
14582.0,46,23,0,0,69,0,151
14583.0,46,23,0,0,69,0,151
14584.0,46,23,0,0,69,0,151
14585.0,46,23,0,0,69,0,151
14586.0,46,23,0,0,69,0,151
14587.0,46,23,0,0,69,0,151
14588.0,46,23,0,0,69,0,151
14589.0,46,23,0,0,69,0,151
14590.0,46,23,0,0,69,0,151
14591.0,46,23,0,0,69,0,151
14592.0,46,23,0,0,69,0,151
14593.0,46,23,0,0,69,0,151
14594.0,46,23,0,0,69,0,151
14595.0,46,23,0,0,69,0,151
14596.0,46,23,0,0,69,0,151
14597.0,46,23,0,0,69,0,151
14598.0,46,23,0,0,69,0,151
14599.0,46,23,0,0,69,0,151
14600.0,46,23,0,0,69,0,151
14601.0,46,23,0,0,69,0,151
14602.0,46,23,0,0,69,0,151
14603.0,46,23,0,0,69,0,151
14604.0,46,23,0,0,69,0,151
14605.0,46,23,0,0,69,0,151
14606.0,46,23,0,0,69,0,151
14607.0,46,23,0,0,69,0,151
14608.0,46,23,0,0,69,0,151
14609.0,46,23,0,0,69,0,151
14610.0,46,23,0,0,69,0,151
14611.0,46,23,0,0,69,0,151
14612.0,46,23,0,0,69,0,151
14613.0,46,23,0,0,69,0,151
14614.0,46,23,0,0,69,0,151
14615.0,46,23,0,0,69,0,151
14616.0,46,23,0,0,69,0,151
14617.0,46,23,0,0,69,0,151
14618.0,46,23,0,0,69,0,151
14619.0,46,23,0,0,69,0,151
14620.0,46,23,0,0,69,0,151
14621.0,46,23,0,0,69,0,151
14622.0,46,23,0,0,69,0,151
14623.0,46,23,0,0,69,0,151
14624.0,46,23,0,0,69,0,151
14625.0,46,23,0,0,69,0,151
14626.0,46,23,0,0,69,0,151
14627.0,46,23,0,0,69,0,151
14628.0,46,23,0,0,69,0,151
14629.0,46,23,0,0,69,0,151
14630.0,46,23,0,0,69,0,151
14631.0,46,23,0,0,69,0,151
14632.0,46,23,0,0,69,0,151
14633.0,46,23,0,0,69,0,151
14634.0,46,23,0,0,69,0,151
14635.0,46,23,0,0,69,0,151
14636.0,46,23,0,0,69,0,151
14637.0,46,23,0,0,69,0,151
14638.0,46,23,0,0,69,0,151
14639.0,46,23,0,0,69,0,151
14640.0,46,23,0,0,69,0,151
14641.0,46,23,0,0,69,0,151
14642.0,46,23,0,0,69,0,151
14643.0,46,23,0,0,69,0,151
14644.0,46,23,0,0,69,0,151
14645.0,46,23,0,0,69,0,151
14646.0,46,23,0,0,69,0,151
14647.0,46,23,0,0,69,0,151
14648.0,46,23,0,0,69,0,151
14649.0,46,23,0,0,69,0,151
14650.0,46,23,0,0,69,0,151
14651.0,46,23,0,0,69,0,151
14652.0,46,23,0,0,69,0,151
14653.0,46,23,0,0,69,0,151
14654.0,46,23,0,0,69,0,151
14655.0,46,23,0,0,69,0,151
14656.0,46,23,0,0,69,0,151
14657.0,46,23,0,0,69,0,151
14658.0,46,23,0,0,69,0,151
14659.0,46,23,0,0,69,0,151
14660.0,46,23,0,0,69,0,151
14661.0,46,23,0,0,69,0,151
14662.0,46,23,0,0,69,0,151
14663.0,46,23,0,0,69,0,151
14664.0,46,23,0,0,69,0,151
14665.0,46,23,0,0,69,0,151
14666.0,46,23,0,0,69,0,151
14667.0,46,23,0,0,69,0,151
14668.0,46,23,0,0,69,0,151
14669.0,46,23,0,0,69,0,151
14670.0,46,23,0,0,69,0,151
14671.0,46,23,0,0,69,0,151
14672.0,46,23,0,0,69,0,151
14673.0,46,23,0,0,69,0,151
14674.0,46,23,0,0,69,0,151
14675.0,46,23,0,0,69,0,151
14676.0,46,23,0,0,69,0,151
14677.0,46,23,0,0,69,0,151
14678.0,46,23,0,0,69,0,151
14679.0,46,23,0,0,69,0,151
14680.0,46,23,0,0,69,0,151
14681.0,46,23,0,0,69,0,151
14682.0,46,23,0,0,69,0,151
14683.0,46,23,0,0,69,0,151
14684.0,46,23,0,0,69,0,151
14685.0,46,23,0,0,69,0,151
14686.0,46,23,0,0,69,0,151
14687.0,46,23,0,0,69,0,151
14688.0,46,23,0,0,69,0,151
14689.0,46,23,0,0,69,0,151
14690.0,46,23,0,0,69,0,151
14691.0,46,23,0,0,69,0,151
14692.0,46,23,0,0,69,0,151
14693.0,46,23,0,0,69,0,151
14694.0,46,23,0,0,69,0,151
14695.0,46,23,0,0,69,0,151
14696.0,46,23,0,0,69,0,151
14697.0,46,23,0,0,69,0,151
14698.0,46,23,0,0,69,0,151
14699.0,46,23,0,0,69,0,151
14700.0,46,23,0,0,69,0,151
14701.0,46,23,0,0,69,0,151
14702.0,46,23,0,0,69,0,151
14703.0,46,23,0,0,69,0,151
14704.0,46,23,0,0,69,0,151
14705.0,46,23,0,0,69,0,151
14706.0,46,23,0,0,69,0,151
14707.0,46,23,0,0,69,0,151
14708.0,46,23,0,0,69,0,151
14709.0,46,23,0,0,69,0,151
14710.0,46,23,0,0,69,0,151
14711.0,46,23,0,0,69,0,151
14712.0,46,23,0,0,69,0,151
14713.0,46,23,0,0,69,0,151
14714.0,46,23,0,0,69,0,151
14715.0,46,23,0,0,69,0,151
14716.0,46,23,0,0,69,0,151
14717.0,46,23,0,0,69,0,151
14718.0,46,23,0,0,69,0,151
14719.0,46,23,0,0,69,0,151
14720.0,46,23,0,0,69,0,151
14721.0,46,23,0,0,69,0,151
14722.0,46,23,0,0,69,0,151
14723.0,46,23,0,0,69,0,151
14724.0,46,23,0,0,69,0,151
14725.0,46,23,0,0,69,0,151
14726.0,46,23,0,0,69,0,151
14727.0,46,23,0,0,69,0,151
14728.0,46,23,0,0,69,0,151
14729.0,46,23,0,0,69,0,151
14730.0,46,23,0,0,69,0,151
14731.0,46,23,0,0,69,0,151
14732.0,46,23,0,0,69,0,151
14733.0,46,23,0,0,69,0,151
14734.0,46,23,0,0,69,0,151
14735.0,46,23,0,0,69,0,151
14736.0,46,23,0,0,69,0,151
14737.0,46,23,0,0,69,0,151
14738.0,46,23,0,0,69,0,151
14739.0,46,23,0,0,69,0,151
14740.0,46,23,0,0,69,0,151
14741.0,46,23,0,0,69,0,151
14742.0,46,23,0,0,69,0,151
14743.0,46,23,0,0,69,0,151
14744.0,46,23,0,0,69,0,151
14745.0,46,23,0,0,69,0,151
14746.0,46,23,0,0,69,0,151
14747.0,46,23,0,0,69,0,151
14748.0,46,23,0,0,69,0,151
14749.0,46,23,0,0,69,0,151
14750.0,46,23,0,0,69,0,151
14751.0,46,23,0,0,69,0,151
14752.0,46,23,0,0,69,0,151
14753.0,46,23,0,0,69,0,151
14754.0,46,23,0,0,69,0,151
14755.0,46,23,0,0,69,0,151
14756.0,46,23,0,0,69,0,151
14757.0,46,23,0,0,69,0,151
14758.0,46,23,0,0,69,0,151
14759.0,46,23,0,0,69,0,151
14760.0,46,23,0,0,69,0,151
14761.0,46,23,0,0,69,0,151
14762.0,46,23,0,0,69,0,151
14763.0,46,23,0,0,69,0,151
14764.0,46,23,0,0,69,0,151
14765.0,46,23,0,0,69,0,151
14766.0,46,23,0,0,69,0,151
14767.0,46,23,0,0,69,0,151
14768.0,46,23,0,0,69,0,151
14769.0,46,23,0,0,69,0,151
14770.0,46,23,0,0,69,0,151
14771.0,46,23,0,0,69,0,151
14772.0,46,23,0,0,69,0,151
14773.0,46,23,0,0,69,0,151
14774.0,46,23,0,0,69,0,151
14775.0,46,23,0,0,69,0,151
14776.0,46,23,0,0,69,0,151
14777.0,46,23,0,0,69,0,151
14778.0,46,23,0,0,69,0,151
14779.0,46,23,0,0,69,0,151
14780.0,46,23,0,0,69,0,151
14781.0,46,23,0,0,69,0,151
14782.0,46,23,0,0,69,0,151
14783.0,46,23,0,0,69,0,151
14784.0,46,23,0,0,69,0,151
14785.0,46,23,0,0,69,0,151
14786.0,46,23,0,0,69,0,151
14787.0,46,23,0,0,69,0,151
14788.0,46,23,0,0,69,0,151
14789.0,46,23,0,0,69,0,151
14790.0,46,23,0,0,69,0,151
14791.0,46,23,0,0,69,0,151
14792.0,46,23,0,0,69,0,151
14793.0,46,23,0,0,69,0,151
14794.0,46,23,0,0,69,0,151
14795.0,46,23,0,0,69,0,151
14796.0,46,23,0,0,69,0,151
14797.0,46,23,0,0,69,0,151
14798.0,46,23,0,0,69,0,151
14799.0,46,23,0,0,69,0,151
14800.0,46,23,0,0,69,0,151
14801.0,46,23,0,0,69,0,151
14802.0,46,23,0,0,69,0,151
14803.0,46,23,0,0,69,0,151
14804.0,46,23,0,0,69,0,151
14805.0,46,23,0,0,69,0,151
14806.0,46,23,0,0,69,0,151
14807.0,46,23,0,0,69,0,151
14808.0,46,23,0,0,69,0,151
14809.0,46,23,0,0,69,0,151
14810.0,46,23,0,0,69,0,151
14811.0,46,23,0,0,69,0,151
14812.0,46,23,0,0,69,0,151
14813.0,46,23,0,0,69,0,151
14814.0,46,23,0,0,69,0,151
14815.0,46,23,0,0,69,0,151
14816.0,46,23,0,0,69,0,151
14817.0,46,23,0,0,69,0,151
14818.0,46,23,0,0,69,0,151
14819.0,46,23,0,0,69,0,151
14820.0,46,23,0,0,69,0,151
14821.0,46,23,0,0,69,0,151
14822.0,46,23,0,0,69,0,151
14823.0,46,23,0,0,69,0,151
14824.0,46,23,0,0,69,0,151
14825.0,46,23,0,0,69,0,151
14826.0,46,23,0,0,69,0,151
14827.0,46,23,0,0,69,0,151
14828.0,46,23,0,0,69,0,151
14829.0,46,23,0,0,69,0,151
14830.0,46,23,0,0,69,0,151
14831.0,46,23,0,0,69,0,151
14832.0,46,23,0,0,69,0,151
14833.0,46,23,0,0,69,0,151
14834.0,46,23,0,0,69,0,151
14835.0,46,23,0,0,69,0,151
14836.0,46,23,0,0,69,0,151
14837.0,46,23,0,0,69,0,151
14838.0,46,23,0,0,69,0,151
14839.0,46,23,0,0,69,0,151
14840.0,46,23,0,0,69,0,151
14841.0,46,23,0,0,69,0,151
14842.0,46,23,0,0,69,0,151
14843.0,46,23,0,0,69,0,151
14844.0,46,23,0,0,69,0,151
14845.0,46,23,0,0,69,0,151
14846.0,46,23,0,0,69,0,151
14847.0,46,23,0,0,69,0,151
14848.0,46,23,0,0,69,0,151
14849.0,46,23,0,0,69,0,151
14850.0,46,23,0,0,69,0,151
14851.0,46,23,0,0,69,0,151
14852.0,46,23,0,0,69,0,151
14853.0,46,23,0,0,69,0,151
14854.0,46,23,0,0,69,0,151
14855.0,46,23,0,0,69,0,151
14856.0,46,23,0,0,69,0,151
14857.0,46,23,0,0,69,0,151
14858.0,46,23,0,0,69,0,151
14859.0,46,23,0,0,69,0,151
14860.0,46,23,0,0,69,0,151
14861.0,46,23,0,0,69,0,151
14862.0,46,23,0,0,69,0,151
14863.0,46,23,0,0,69,0,151
14864.0,46,23,0,0,69,0,151
14865.0,46,23,0,0,69,0,151
14866.0,46,23,0,0,69,0,151
14867.0,46,23,0,0,69,0,151
14868.0,46,23,0,0,69,0,151
14869.0,46,23,0,0,69,0,151
14870.0,46,23,0,0,69,0,151
14871.0,46,23,0,0,69,0,151
14872.0,46,23,0,0,69,0,151
14873.0,46,23,0,0,69,0,151
14874.0,46,23,0,0,69,0,151
14875.0,46,23,0,0,69,0,151
14876.0,46,23,0,0,69,0,151
14877.0,46,23,0,0,69,0,151
14878.0,46,23,0,0,69,0,151
14879.0,46,23,0,0,69,0,151
14880.0,46,23,0,0,69,0,151
14881.0,46,23,0,0,69,0,151
14882.0,46,23,0,0,69,0,151
14883.0,46,23,0,0,69,0,151
14884.0,46,23,0,0,69,0,151
14885.0,46,23,0,0,69,0,151
14886.0,46,23,0,0,69,0,151
14887.0,46,23,0,0,69,0,151
14888.0,46,23,0,0,69,0,151
14889.0,46,23,0,0,69,0,151
14890.0,46,23,0,0,69,0,151
14891.0,46,23,0,0,69,0,151
14892.0,46,23,0,0,69,0,151
14893.0,46,23,0,0,69,0,151
14894.0,46,23,0,0,69,0,151
14895.0,46,23,0,0,69,0,151
14896.0,46,23,0,0,69,0,151
14897.0,46,23,0,0,69,0,151
14898.0,46,23,0,0,69,0,151
14899.0,46,23,0,0,69,0,151
14900.0,46,23,0,0,69,0,151
14901.0,46,23,0,0,69,0,151
14902.0,46,23,0,0,69,0,151
14903.0,46,23,0,0,69,0,151
14904.0,46,23,0,0,69,0,151
14905.0,46,23,0,0,69,0,151
14906.0,46,23,0,0,69,0,151
14907.0,46,23,0,0,69,0,151
14908.0,46,23,0,0,69,0,151
14909.0,46,23,0,0,69,0,151
14910.0,46,23,0,0,69,0,151
14911.0,46,23,0,0,69,0,151
14912.0,46,23,0,0,69,0,151
14913.0,46,23,0,0,69,0,151
14914.0,46,23,0,0,69,0,151
14915.0,46,23,0,0,69,0,151
14916.0,46,23,0,0,69,0,151
14917.0,46,23,0,0,69,0,151
14918.0,46,23,0,0,69,0,151
14919.0,46,23,0,0,69,0,151
14920.0,46,23,0,0,69,0,151
14921.0,46,23,0,0,69,0,151
14922.0,46,23,0,0,69,0,151
14923.0,46,23,0,0,69,0,151
14924.0,46,23,0,0,69,0,151
14925.0,46,23,0,0,69,0,151
14926.0,46,23,0,0,69,0,151
14927.0,46,23,0,0,69,0,151
14928.0,46,23,0,0,69,0,151
14929.0,46,23,0,0,69,0,151
14930.0,46,23,0,0,69,0,151
14931.0,46,23,0,0,69,0,151
14932.0,46,23,0,0,69,0,151
14933.0,46,23,0,0,69,0,151
14934.0,46,23,0,0,69,0,151
14935.0,46,23,0,0,69,0,151
14936.0,46,23,0,0,69,0,151
14937.0,46,23,0,0,69,0,151
14938.0,46,23,0,0,69,0,151
14939.0,46,23,0,0,69,0,151
14940.0,46,23,0,0,69,0,151
14941.0,46,23,0,0,69,0,151
14942.0,46,23,0,0,69,0,151
14943.0,46,23,0,0,69,0,151
14944.0,46,23,0,0,69,0,151
14945.0,46,23,0,0,69,0,151
14946.0,46,23,0,0,69,0,151
14947.0,46,23,0,0,69,0,151
14948.0,46,23,0,0,69,0,151
14949.0,46,23,0,0,69,0,151
14950.0,46,23,0,0,69,0,151
14951.0,46,23,0,0,69,0,151
14952.0,46,23,0,0,69,0,151
14953.0,46,23,0,0,69,0,151
14954.0,46,23,0,0,69,0,151
14955.0,46,23,0,0,69,0,151
14956.0,46,23,0,0,69,0,151
14957.0,46,23,0,0,69,0,151
14958.0,46,23,0,0,69,0,151
14959.0,46,23,0,0,69,0,151
14960.0,46,23,0,0,69,0,151
14961.0,46,23,0,0,69,0,151
14962.0,46,23,0,0,69,0,151
14963.0,46,23,0,0,69,0,151
14964.0,46,23,0,0,69,0,151
14965.0,46,23,0,0,69,0,151
14966.0,46,23,0,0,69,0,151
14967.0,46,23,0,0,69,0,151
14968.0,46,23,0,0,69,0,151
14969.0,46,23,0,0,69,0,151
14970.0,46,23,0,0,69,0,151
14971.0,46,23,0,0,69,0,151
14972.0,46,23,0,0,69,0,151
14973.0,46,23,0,0,69,0,151
14974.0,46,23,0,0,69,0,151
14975.0,46,23,0,0,69,0,151
14976.0,46,23,0,0,69,0,151
14977.0,46,23,0,0,69,0,151
14978.0,46,23,0,0,69,0,151
14979.0,46,23,0,0,69,0,151
14980.0,46,23,0,0,69,0,151
14981.0,46,23,0,0,69,0,151
14982.0,46,23,0,0,69,0,151
14983.0,46,23,0,0,69,0,151
14984.0,46,23,0,0,69,0,151
14985.0,46,23,0,0,69,0,151
14986.0,46,23,0,0,69,0,151
14987.0,46,23,0,0,69,0,151
14988.0,46,23,0,0,69,0,151
14989.0,46,23,0,0,69,0,151
14990.0,46,23,0,0,69,0,151
14991.0,46,23,0,0,69,0,151
14992.0,46,23,0,0,69,0,151
14993.0,46,23,0,0,69,0,151
14994.0,46,23,0,0,69,0,151
14995.0,46,23,0,0,69,0,151
14996.0,46,23,0,0,69,0,151
14997.0,46,23,0,0,69,0,151
14998.0,46,23,0,0,69,0,151
14999.0,46,23,0,0,69,0,151
15000.0,46,23,0,0,69,0,151
15001.0,46,23,0,0,69,0,151
15002.0,46,23,0,0,69,0,151
15003.0,46,23,0,0,69,0,151
15004.0,46,23,0,0,69,0,151
15005.0,46,23,0,0,69,0,151
15006.0,46,23,0,0,69,0,151
15007.0,46,23,0,0,69,0,151
15008.0,46,23,0,0,69,0,151
15009.0,46,23,0,0,69,0,151
15010.0,46,23,0,0,69,0,151
15011.0,46,23,0,0,69,0,151
15012.0,46,23,0,0,69,0,151
15013.0,46,23,0,0,69,0,151
15014.0,46,23,0,0,69,0,151
15015.0,46,23,0,0,69,0,151
15016.0,46,23,0,0,69,0,151
15017.0,46,23,0,0,69,0,151
15018.0,46,23,0,0,69,0,151
15019.0,46,23,0,0,69,0,151
15020.0,46,23,0,0,69,0,151
15021.0,46,23,0,0,69,0,151
15022.0,46,23,0,0,69,0,151
15023.0,46,23,0,0,69,0,151
15024.0,46,23,0,0,69,0,151
15025.0,46,23,0,0,69,0,151
15026.0,46,23,0,0,69,0,151
15027.0,46,23,0,0,69,0,151
15028.0,46,23,0,0,69,0,151
15029.0,46,23,0,0,69,0,151
15030.0,46,23,0,0,69,0,151
15031.0,46,23,0,0,69,0,151
15032.0,46,23,0,0,69,0,151
15033.0,46,23,0,0,69,0,151
15034.0,46,23,0,0,69,0,151
15035.0,46,23,0,0,69,0,151
15036.0,46,23,0,0,69,0,151
15037.0,46,23,0,0,69,0,151
15038.0,46,23,0,0,69,0,151
15039.0,46,23,0,0,69,0,151
15040.0,46,23,0,0,69,0,151
15041.0,46,23,0,0,69,0,151
15042.0,46,23,0,0,69,0,151
15043.0,46,23,0,0,69,0,151
15044.0,46,23,0,0,69,0,151
15045.0,46,23,0,0,69,0,151
15046.0,46,23,0,0,69,0,151
15047.0,46,23,0,0,69,0,151
15048.0,46,23,0,0,69,0,151
15049.0,46,23,0,0,69,0,151
15050.0,46,23,0,0,69,0,151
15051.0,46,23,0,0,69,0,151
15052.0,46,23,0,0,69,0,151
15053.0,46,23,0,0,69,0,151
15054.0,46,23,0,0,69,0,151
15055.0,46,23,0,0,69,0,151
15056.0,46,23,0,0,69,0,151
15057.0,46,23,0,0,69,0,151
15058.0,46,23,0,0,69,0,151
15059.0,46,23,0,0,69,0,151
15060.0,46,23,0,0,69,0,151
15061.0,46,23,0,0,69,0,151
15062.0,46,23,0,0,69,0,151
15063.0,46,23,0,0,69,0,151
15064.0,46,23,0,0,69,0,151
15065.0,46,23,0,0,69,0,151
15066.0,46,23,0,0,69,0,151
15067.0,46,23,0,0,69,0,151
15068.0,46,23,0,0,69,0,151
15069.0,46,23,0,0,69,0,151
15070.0,46,23,0,0,69,0,151
15071.0,46,23,0,0,69,0,151
15072.0,46,23,0,0,69,0,151
15073.0,46,23,0,0,69,0,151
15074.0,46,23,0,0,69,0,151
15075.0,46,23,0,0,69,0,151
15076.0,46,23,0,0,69,0,151
15077.0,46,23,0,0,69,0,151
15078.0,46,23,0,0,69,0,151
15079.0,46,23,0,0,69,0,151
15080.0,46,23,0,0,69,0,151
15081.0,46,23,0,0,69,0,151
15082.0,46,23,0,0,69,0,151
15083.0,46,23,0,0,69,0,151
15084.0,46,23,0,0,69,0,151
15085.0,46,23,0,0,69,0,151
15086.0,46,23,0,0,69,0,151
15087.0,46,23,0,0,69,0,151
15088.0,46,23,0,0,69,0,151
15089.0,46,23,0,0,69,0,151
15090.0,46,23,0,0,69,0,151
15091.0,46,23,0,0,69,0,151
15092.0,46,23,0,0,69,0,151
15093.0,46,23,0,0,69,0,151
15094.0,46,23,0,0,69,0,151
15095.0,46,23,0,0,69,0,151
15096.0,46,23,0,0,69,0,151
15097.0,46,23,0,0,69,0,151
15098.0,46,23,0,0,69,0,151
15099.0,46,23,0,0,69,0,151
15100.0,46,23,0,0,69,0,151
15101.0,46,23,0,0,69,0,151
15102.0,46,23,0,0,69,0,151
15103.0,46,23,0,0,69,0,151
15104.0,46,23,0,0,69,0,151
15105.0,46,23,0,0,69,0,151
15106.0,46,23,0,0,69,0,151
15107.0,46,23,0,0,69,0,151
15108.0,46,23,0,0,69,0,151
15109.0,46,23,0,0,69,0,151
15110.0,46,23,0,0,69,0,151
15111.0,46,23,0,0,69,0,151
15112.0,46,23,0,0,69,0,151
15113.0,46,23,0,0,69,0,151
15114.0,46,23,0,0,69,0,151
15115.0,46,23,0,0,69,0,151
15116.0,46,23,0,0,69,0,151
15117.0,46,23,0,0,69,0,151
15118.0,46,23,0,0,69,0,151
15119.0,46,23,0,0,69,0,151
15120.0,46,23,0,0,69,0,151
15121.0,46,23,0,0,69,0,151
15122.0,46,23,0,0,69,0,151
15123.0,46,23,0,0,69,0,151
15124.0,46,23,0,0,69,0,151
15125.0,46,23,0,0,69,0,151
15126.0,46,23,0,0,69,0,151
15127.0,46,23,0,0,69,0,151
15128.0,46,23,0,0,69,0,151
15129.0,46,23,0,0,69,0,151
15130.0,46,23,0,0,69,0,151
15131.0,46,23,0,0,69,0,151
15132.0,46,23,0,0,69,0,151
15133.0,46,23,0,0,69,0,151
15134.0,46,23,0,0,69,0,151
15135.0,46,23,0,0,69,0,151
15136.0,46,23,0,0,69,0,151
15137.0,46,23,0,0,69,0,151
15138.0,46,23,0,0,69,0,151
15139.0,46,23,0,0,69,0,151
15140.0,46,23,0,0,69,0,151
15141.0,46,23,0,0,69,0,151
15142.0,46,23,0,0,69,0,151
15143.0,46,23,0,0,69,0,151
15144.0,46,23,0,0,69,0,151
15145.0,46,23,0,0,69,0,151
15146.0,46,23,0,0,69,0,151
15147.0,46,23,0,0,69,0,151
15148.0,46,23,0,0,69,0,151
15149.0,46,23,0,0,69,0,151
15150.0,46,23,0,0,69,0,151
15151.0,46,23,0,0,69,0,151
15152.0,46,23,0,0,69,0,151
15153.0,46,23,0,0,69,0,151
15154.0,46,23,0,0,69,0,151
15155.0,46,23,0,0,69,0,151
15156.0,46,23,0,0,69,0,151
15157.0,46,23,0,0,69,0,151
15158.0,46,23,0,0,69,0,151
15159.0,46,23,0,0,69,0,151
15160.0,46,23,0,0,69,0,151
15161.0,46,23,0,0,69,0,151
15162.0,46,23,0,0,69,0,151
15163.0,46,23,0,0,69,0,151
15164.0,46,23,0,0,69,0,151
15165.0,46,23,0,0,69,0,151
15166.0,46,23,0,0,69,0,151
15167.0,46,23,0,0,69,0,151
15168.0,46,23,0,0,69,0,151
15169.0,46,23,0,0,69,0,151
15170.0,46,23,0,0,69,0,151
15171.0,46,23,0,0,69,0,151
15172.0,46,23,0,0,69,0,151
15173.0,46,23,0,0,69,0,151
15174.0,46,23,0,0,69,0,151
15175.0,46,23,0,0,69,0,151
15176.0,46,23,0,0,69,0,151
15177.0,46,23,0,0,69,0,151
15178.0,46,23,0,0,69,0,151
15179.0,46,23,0,0,69,0,151
15180.0,46,23,0,0,69,0,151
15181.0,46,23,0,0,69,0,151
15182.0,46,23,0,0,69,0,151
15183.0,46,23,0,0,69,0,151
15184.0,46,23,0,0,69,0,151
15185.0,46,23,0,0,69,0,151
15186.0,46,23,0,0,69,0,151
15187.0,46,23,0,0,69,0,151
15188.0,46,23,0,0,69,0,151
15189.0,46,23,0,0,69,0,151
15190.0,46,23,0,0,69,0,151
15191.0,46,23,0,0,69,0,151
15192.0,46,23,0,0,69,0,151
15193.0,46,23,0,0,69,0,151
15194.0,46,23,0,0,69,0,151
15195.0,46,23,0,0,69,0,151
15196.0,46,23,0,0,69,0,151
15197.0,46,23,0,0,69,0,151
15198.0,46,23,0,0,69,0,151
15199.0,46,23,0,0,69,0,151
15200.0,46,23,0,0,69,0,151
15201.0,46,23,0,0,69,0,151
15202.0,46,23,0,0,69,0,151
15203.0,46,23,0,0,69,0,151
15204.0,46,23,0,0,69,0,151
15205.0,46,23,0,0,69,0,151
15206.0,46,23,0,0,69,0,151
15207.0,46,23,0,0,69,0,151
15208.0,46,23,0,0,69,0,151
15209.0,46,23,0,0,69,0,151
15210.0,46,23,0,0,69,0,151
15211.0,46,23,0,0,69,0,151
15212.0,46,23,0,0,69,0,151
15213.0,46,23,0,0,69,0,151
15214.0,46,23,0,0,69,0,151
15215.0,46,23,0,0,69,0,151
15216.0,46,23,0,0,69,0,151
15217.0,46,23,0,0,69,0,151
15218.0,46,23,0,0,69,0,151
15219.0,46,23,0,0,69,0,151
15220.0,46,23,0,0,69,0,151
15221.0,46,23,0,0,69,0,151
15222.0,46,23,0,0,69,0,151
15223.0,46,23,0,0,69,0,151
15224.0,46,23,0,0,69,0,151
15225.0,46,23,0,0,69,0,151
15226.0,46,23,0,0,69,0,151
15227.0,46,23,0,0,69,0,151
15228.0,46,23,0,0,69,0,151
15229.0,46,23,0,0,69,0,151
15230.0,46,23,0,0,69,0,151
15231.0,46,23,0,0,69,0,151
15232.0,46,23,0,0,69,0,151
15233.0,46,23,0,0,69,0,151
15234.0,46,23,0,0,69,0,151
15235.0,46,23,0,0,69,0,151
15236.0,46,23,0,0,69,0,151
15237.0,46,23,0,0,69,0,151
15238.0,46,23,0,0,69,0,151
15239.0,46,23,0,0,69,0,151
15240.0,46,23,0,0,69,0,151
15241.0,46,23,0,0,69,0,151
15242.0,46,23,0,0,69,0,151
15243.0,46,23,0,0,69,0,151
15244.0,46,23,0,0,69,0,151
15245.0,46,23,0,0,69,0,151
15246.0,46,23,0,0,69,0,151
15247.0,46,23,0,0,69,0,151
15248.0,46,23,0,0,69,0,151
15249.0,46,23,0,0,69,0,151
15250.0,46,23,0,0,69,0,151
15251.0,46,23,0,0,69,0,151
15252.0,46,23,0,0,69,0,151
15253.0,46,23,0,0,69,0,151
15254.0,46,23,0,0,69,0,151
15255.0,46,23,0,0,69,0,151
15256.0,46,23,0,0,69,0,151
15257.0,46,23,0,0,69,0,151
15258.0,46,23,0,0,69,0,151
15259.0,46,23,0,0,69,0,151
15260.0,46,23,0,0,69,0,151
15261.0,46,23,0,0,69,0,151
15262.0,46,23,0,0,69,0,151
15263.0,46,23,0,0,69,0,151
15264.0,46,23,0,0,69,0,151
15265.0,46,23,0,0,69,0,151
15266.0,46,23,0,0,69,0,151
15267.0,46,23,0,0,69,0,151
15268.0,46,23,0,0,69,0,151
15269.0,46,23,0,0,69,0,151
15270.0,46,23,0,0,69,0,151
15271.0,46,23,0,0,69,0,151
15272.0,46,23,0,0,69,0,151
15273.0,46,23,0,0,69,0,151
15274.0,46,23,0,0,69,0,151
15275.0,46,23,0,0,69,0,151
15276.0,46,23,0,0,69,0,151
15277.0,46,23,0,0,69,0,151
15278.0,46,23,0,0,69,0,151
15279.0,46,23,0,0,69,0,151
15280.0,46,23,0,0,69,0,151
15281.0,46,23,0,0,69,0,151
15282.0,46,23,0,0,69,0,151
15283.0,46,23,0,0,69,0,151
15284.0,46,23,0,0,69,0,151
15285.0,46,23,0,0,69,0,151
15286.0,46,23,0,0,69,0,151
15287.0,46,23,0,0,69,0,151
15288.0,46,23,0,0,69,0,151
15289.0,46,23,0,0,69,0,151
15290.0,46,23,0,0,69,0,151
15291.0,46,23,0,0,69,0,151
15292.0,46,23,0,0,69,0,151
15293.0,46,23,0,0,69,0,151
15294.0,46,23,0,0,69,0,151
15295.0,46,23,0,0,69,0,151
15296.0,46,23,0,0,69,0,151
15297.0,46,23,0,0,69,0,151
15298.0,46,23,0,0,69,0,151
15299.0,46,23,0,0,69,0,151
15300.0,46,23,0,0,69,0,151
15301.0,46,23,0,0,69,0,151
15302.0,46,23,0,0,69,0,151
15303.0,46,23,0,0,69,0,151
15304.0,46,23,0,0,69,0,151
15305.0,46,23,0,0,69,0,151
15306.0,46,23,0,0,69,0,151
15307.0,46,23,0,0,69,0,151
15308.0,46,23,0,0,69,0,151
15309.0,46,23,0,0,69,0,151
15310.0,46,23,0,0,69,0,151
15311.0,46,23,0,0,69,0,151
15312.0,46,23,0,0,69,0,151
15313.0,46,23,0,0,69,0,151
15314.0,46,23,0,0,69,0,151
15315.0,46,23,0,0,69,0,151
15316.0,46,23,0,0,69,0,151
15317.0,46,23,0,0,69,0,151
15318.0,46,23,0,0,69,0,151
15319.0,46,23,0,0,69,0,151
15320.0,46,23,0,0,69,0,151
15321.0,46,23,0,0,69,0,151
15322.0,46,23,0,0,69,0,151
15323.0,46,23,0,0,69,0,151
15324.0,46,23,0,0,69,0,151
15325.0,46,23,0,0,69,0,151
15326.0,46,23,0,0,69,0,151
15327.0,46,23,0,0,69,0,151
15328.0,46,23,0,0,69,0,151
15329.0,46,23,0,0,69,0,151
15330.0,46,23,0,0,69,0,151
15331.0,46,23,0,0,69,0,151
15332.0,46,23,0,0,69,0,151
15333.0,46,23,0,0,69,0,151
15334.0,46,23,0,0,69,0,151
15335.0,46,23,0,0,69,0,151
15336.0,46,23,0,0,69,0,151
15337.0,46,23,0,0,69,0,151
15338.0,46,23,0,0,69,0,151
15339.0,46,23,0,0,69,0,151
15340.0,46,23,0,0,69,0,151
15341.0,46,23,0,0,69,0,151
15342.0,46,23,0,0,69,0,151
15343.0,46,23,0,0,69,0,151
15344.0,46,23,0,0,69,0,151
15345.0,46,23,0,0,69,0,151
15346.0,46,23,0,0,69,0,151
15347.0,46,23,0,0,69,0,151
15348.0,46,23,0,0,69,0,151
15349.0,46,23,0,0,69,0,151
15350.0,46,23,0,0,69,0,151
15351.0,46,23,0,0,69,0,151
15352.0,46,23,0,0,69,0,151
15353.0,46,23,0,0,69,0,151
15354.0,46,23,0,0,69,0,151
15355.0,46,23,0,0,69,0,151
15356.0,46,23,0,0,69,0,151
15357.0,46,23,0,0,69,0,151
15358.0,46,23,0,0,69,0,151
15359.0,46,23,0,0,69,0,151
15360.0,46,23,0,0,69,0,151
15361.0,46,23,0,0,69,0,151
15362.0,46,23,0,0,69,0,151
15363.0,46,23,0,0,69,0,151
15364.0,46,23,0,0,69,0,151
15365.0,46,23,0,0,69,0,151
15366.0,46,23,0,0,69,0,151
15367.0,46,23,0,0,69,0,151
15368.0,46,23,0,0,69,0,151
15369.0,46,23,0,0,69,0,151
15370.0,46,23,0,0,69,0,151
15371.0,46,23,0,0,69,0,151
15372.0,46,23,0,0,69,0,151
15373.0,46,23,0,0,69,0,151
15374.0,46,23,0,0,69,0,151
15375.0,46,23,0,0,69,0,151
15376.0,46,23,0,0,69,0,151
15377.0,46,23,0,0,69,0,151
15378.0,46,23,0,0,69,0,151
15379.0,46,23,0,0,69,0,151
15380.0,46,23,0,0,69,0,151
15381.0,46,23,0,0,69,0,151
15382.0,46,23,0,0,69,0,151
15383.0,46,23,0,0,69,0,151
15384.0,46,23,0,0,69,0,151
15385.0,46,23,0,0,69,0,151
15386.0,46,23,0,0,69,0,151
15387.0,46,23,0,0,69,0,151
15388.0,46,23,0,0,69,0,151
15389.0,46,23,0,0,69,0,151
15390.0,46,23,0,0,69,0,151
15391.0,46,23,0,0,69,0,151
15392.0,46,23,0,0,69,0,151
15393.0,46,23,0,0,69,0,151
15394.0,46,23,0,0,69,0,151
15395.0,46,23,0,0,69,0,151
15396.0,46,23,0,0,69,0,151
15397.0,46,23,0,0,69,0,151
15398.0,46,23,0,0,69,0,151
15399.0,46,23,0,0,69,0,151
15400.0,46,23,0,0,69,0,151
15401.0,46,23,0,0,69,0,151
15402.0,46,23,0,0,69,0,151
15403.0,46,23,0,0,69,0,151
15404.0,46,23,0,0,69,0,151
15405.0,46,23,0,0,69,0,151
15406.0,46,23,0,0,69,0,151
15407.0,46,23,0,0,69,0,151
15408.0,46,23,0,0,69,0,151
15409.0,46,23,0,0,69,0,151
15410.0,46,23,0,0,69,0,151
15411.0,46,23,0,0,69,0,151
15412.0,46,23,0,0,69,0,151
15413.0,46,23,0,0,69,0,151
15414.0,46,23,0,0,69,0,151
15415.0,46,23,0,0,69,0,151
15416.0,46,23,0,0,69,0,151
15417.0,46,23,0,0,69,0,151
15418.0,46,23,0,0,69,0,151
15419.0,46,23,0,0,69,0,151
15420.0,46,23,0,0,69,0,151
15421.0,46,23,0,0,69,0,151
15422.0,46,23,0,0,69,0,151
15423.0,46,23,0,0,69,0,151
15424.0,46,23,0,0,69,0,151
15425.0,46,23,0,0,69,0,151
15426.0,46,23,0,0,69,0,151
15427.0,46,23,0,0,69,0,151
15428.0,46,23,0,0,69,0,151
15429.0,46,23,0,0,69,0,151
15430.0,46,23,0,0,69,0,151
15431.0,46,23,0,0,69,0,151
15432.0,46,23,0,0,69,0,151
15433.0,46,23,0,0,69,0,151
15434.0,46,23,0,0,69,0,151
15435.0,46,23,0,0,69,0,151
15436.0,46,23,0,0,69,0,151
15437.0,46,23,0,0,69,0,151
15438.0,46,23,0,0,69,0,151
15439.0,46,23,0,0,69,0,151
15440.0,46,23,0,0,69,0,151
15441.0,46,23,0,0,69,0,151
15442.0,46,23,0,0,69,0,151
15443.0,46,23,0,0,69,0,151
15444.0,46,23,0,0,69,0,151
15445.0,46,23,0,0,69,0,151
15446.0,46,23,0,0,69,0,151
15447.0,46,23,0,0,69,0,151
15448.0,46,23,0,0,69,0,151
15449.0,46,23,0,0,69,0,151
15450.0,46,23,0,0,69,0,151
15451.0,46,23,0,0,69,0,151
15452.0,46,23,0,0,69,0,151
15453.0,46,23,0,0,69,0,151
15454.0,46,23,0,0,69,0,151
15455.0,46,23,0,0,69,0,151
15456.0,46,23,0,0,69,0,151
15457.0,46,23,0,0,69,0,151
15458.0,46,23,0,0,69,0,151
15459.0,46,23,0,0,69,0,151
15460.0,46,23,0,0,69,0,151
15461.0,46,23,0,0,69,0,151
15462.0,46,23,0,0,69,0,151
15463.0,46,23,0,0,69,0,151
15464.0,46,23,0,0,69,0,151
15465.0,46,23,0,0,69,0,151
15466.0,46,23,0,0,69,0,151
15467.0,46,23,0,0,69,0,151
15468.0,46,23,0,0,69,0,151
15469.0,46,23,0,0,69,0,151
15470.0,46,23,0,0,69,0,151
15471.0,46,23,0,0,69,0,151
15472.0,46,23,0,0,69,0,151
15473.0,46,23,0,0,69,0,151
15474.0,46,23,0,0,69,0,151
15475.0,46,23,0,0,69,0,151
15476.0,46,23,0,0,69,0,151
15477.0,46,23,0,0,69,0,151
15478.0,46,23,0,0,69,0,151
15479.0,46,23,0,0,69,0,151
15480.0,46,23,0,0,69,0,151
15481.0,46,23,0,0,69,0,151
15482.0,46,23,0,0,69,0,151
15483.0,46,23,0,0,69,0,151
15484.0,46,23,0,0,69,0,151
15485.0,46,23,0,0,69,0,151
15486.0,46,23,0,0,69,0,151
15487.0,46,23,0,0,69,0,151
15488.0,46,23,0,0,69,0,151
15489.0,46,23,0,0,69,0,151
15490.0,46,23,0,0,69,0,151
15491.0,46,23,0,0,69,0,151
15492.0,46,23,0,0,69,0,151
15493.0,46,23,0,0,69,0,151
15494.0,46,23,0,0,69,0,151
15495.0,46,23,0,0,69,0,151
15496.0,46,23,0,0,69,0,151
15497.0,46,23,0,0,69,0,151
15498.0,46,23,0,0,69,0,151
15499.0,46,23,0,0,69,0,151
15500.0,46,23,0,0,69,0,151
15501.0,46,23,0,0,69,0,151
15502.0,46,23,0,0,69,0,151
15503.0,46,23,0,0,69,0,151
15504.0,46,23,0,0,69,0,151
15505.0,46,23,0,0,69,0,151
15506.0,46,23,0,0,69,0,151
15507.0,46,23,0,0,69,0,151
15508.0,46,23,0,0,69,0,151
15509.0,46,23,0,0,69,0,151
15510.0,46,23,0,0,69,0,151
15511.0,46,23,0,0,69,0,151
15512.0,46,23,0,0,69,0,151
15513.0,46,23,0,0,69,0,151
15514.0,46,23,0,0,69,0,151
15515.0,46,23,0,0,69,0,151
15516.0,46,23,0,0,69,0,151
15517.0,46,23,0,0,69,0,151
15518.0,46,23,0,0,69,0,151
15519.0,46,23,0,0,69,0,151
15520.0,46,23,0,0,69,0,151
15521.0,46,23,0,0,69,0,151
15522.0,46,23,0,0,69,0,151
15523.0,46,23,0,0,69,0,151
15524.0,46,23,0,0,69,0,151
15525.0,46,23,0,0,69,0,151
15526.0,46,23,0,0,69,0,151
15527.0,46,23,0,0,69,0,151
15528.0,46,23,0,0,69,0,151
15529.0,46,23,0,0,69,0,151
15530.0,46,23,0,0,69,0,151
15531.0,46,23,0,0,69,0,151
15532.0,46,23,0,0,69,0,151
15533.0,46,23,0,0,69,0,151
15534.0,46,23,0,0,69,0,151
15535.0,46,23,0,0,69,0,151
15536.0,46,23,0,0,69,0,151
15537.0,46,23,0,0,69,0,151
15538.0,46,23,0,0,69,0,151
15539.0,46,23,0,0,69,0,151
15540.0,46,23,0,0,69,0,151
15541.0,46,23,0,0,69,0,151
15542.0,46,23,0,0,69,0,151
15543.0,46,23,0,0,69,0,151
15544.0,46,23,0,0,69,0,151
15545.0,46,23,0,0,69,0,151
15546.0,46,23,0,0,69,0,151
15547.0,46,23,0,0,69,0,151
15548.0,46,23,0,0,69,0,151
15549.0,46,23,0,0,69,0,151
15550.0,46,23,0,0,69,0,151
15551.0,46,23,0,0,69,0,151
15552.0,46,23,0,0,69,0,151
15553.0,46,23,0,0,69,0,151
15554.0,46,23,0,0,69,0,151
15555.0,46,23,0,0,69,0,151
15556.0,46,23,0,0,69,0,151
15557.0,46,23,0,0,69,0,151
15558.0,46,23,0,0,69,0,151
15559.0,46,23,0,0,69,0,151
15560.0,46,23,0,0,69,0,151
15561.0,46,23,0,0,69,0,151
15562.0,46,23,0,0,69,0,151
15563.0,46,23,0,0,69,0,151
15564.0,46,23,0,0,69,0,151
15565.0,46,23,0,0,69,0,151
15566.0,46,23,0,0,69,0,151
15567.0,46,23,0,0,69,0,151
15568.0,46,23,0,0,69,0,151
15569.0,46,23,0,0,69,0,151
15570.0,46,23,0,0,69,0,151
15571.0,46,23,0,0,69,0,151
15572.0,46,23,0,0,69,0,151
15573.0,46,23,0,0,69,0,151
15574.0,46,23,0,0,69,0,151
15575.0,46,23,0,0,69,0,151
15576.0,46,23,0,0,69,0,151
15577.0,46,23,0,0,69,0,151
15578.0,46,23,0,0,69,0,151
15579.0,46,23,0,0,69,0,151
15580.0,46,23,0,0,69,0,151
15581.0,46,23,0,0,69,0,151
15582.0,46,23,0,0,69,0,151
15583.0,46,23,0,0,69,0,151
15584.0,46,23,0,0,69,0,151
15585.0,46,23,0,0,69,0,151
15586.0,46,23,0,0,69,0,151
15587.0,46,23,0,0,69,0,151
15588.0,46,23,0,0,69,0,151
15589.0,46,23,0,0,69,0,151
15590.0,46,23,0,0,69,0,151
15591.0,46,23,0,0,69,0,151
15592.0,46,23,0,0,69,0,151
15593.0,46,23,0,0,69,0,151
15594.0,46,23,0,0,69,0,151
15595.0,46,23,0,0,69,0,151
15596.0,46,23,0,0,69,0,151
15597.0,46,23,0,0,69,0,151
15598.0,46,23,0,0,69,0,151
15599.0,46,23,0,0,69,0,151
15600.0,46,23,0,0,69,0,151
15601.0,46,23,0,0,69,0,151
15602.0,46,23,0,0,69,0,151
15603.0,46,23,0,0,69,0,151
15604.0,46,23,0,0,69,0,151
15605.0,46,23,0,0,69,0,151
15606.0,46,23,0,0,69,0,151
15607.0,46,23,0,0,69,0,151
15608.0,46,23,0,0,69,0,151
15609.0,46,23,0,0,69,0,151
15610.0,46,23,0,0,69,0,151
15611.0,46,23,0,0,69,0,151
15612.0,46,23,0,0,69,0,151
15613.0,46,23,0,0,69,0,151
15614.0,46,23,0,0,69,0,151
15615.0,46,23,0,0,69,0,151
15616.0,46,23,0,0,69,0,151
15617.0,46,23,0,0,69,0,151
15618.0,46,23,0,0,69,0,151
15619.0,46,23,0,0,69,0,151
15620.0,46,23,0,0,69,0,151
15621.0,46,23,0,0,69,0,151
15622.0,46,23,0,0,69,0,151
15623.0,46,23,0,0,69,0,151
15624.0,46,23,0,0,69,0,151
15625.0,46,23,0,0,69,0,151
15626.0,46,23,0,0,69,0,151
15627.0,46,23,0,0,69,0,151
15628.0,46,23,0,0,69,0,151
15629.0,46,23,0,0,69,0,151
15630.0,46,23,0,0,69,0,151
15631.0,46,23,0,0,69,0,151
15632.0,46,23,0,0,69,0,151
15633.0,46,23,0,0,69,0,151
15634.0,46,23,0,0,69,0,151
15635.0,46,23,0,0,69,0,151
15636.0,46,23,0,0,69,0,151
15637.0,46,23,0,0,69,0,151
15638.0,46,23,0,0,69,0,151
15639.0,46,23,0,0,69,0,151
15640.0,46,23,0,0,69,0,151
15641.0,46,23,0,0,69,0,151
15642.0,46,23,0,0,69,0,151
15643.0,46,23,0,0,69,0,151
15644.0,46,23,0,0,69,0,151
15645.0,46,23,0,0,69,0,151
15646.0,46,23,0,0,69,0,151
15647.0,46,23,0,0,69,0,151
15648.0,46,23,0,0,69,0,151
15649.0,46,23,0,0,69,0,151
15650.0,46,23,0,0,69,0,151
15651.0,46,23,0,0,69,0,151
15652.0,46,23,0,0,69,0,151
15653.0,46,23,0,0,69,0,151
15654.0,46,23,0,0,69,0,151
15655.0,46,23,0,0,69,0,151
15656.0,46,23,0,0,69,0,151
15657.0,46,23,0,0,69,0,151
15658.0,46,23,0,0,69,0,151
15659.0,46,23,0,0,69,0,151
15660.0,46,23,0,0,69,0,151
15661.0,46,23,0,0,69,0,151
15662.0,46,23,0,0,69,0,151
15663.0,46,23,0,0,69,0,151
15664.0,46,23,0,0,69,0,151
15665.0,46,23,0,0,69,0,151
15666.0,46,23,0,0,69,0,151
15667.0,46,23,0,0,69,0,151
15668.0,46,23,0,0,69,0,151
15669.0,46,23,0,0,69,0,151
15670.0,46,23,0,0,69,0,151
15671.0,46,23,0,0,69,0,151
15672.0,46,23,0,0,69,0,151
15673.0,46,23,0,0,69,0,151
15674.0,46,23,0,0,69,0,151
15675.0,46,23,0,0,69,0,151
15676.0,46,23,0,0,69,0,151
15677.0,46,23,0,0,69,0,151
15678.0,46,23,0,0,69,0,151
15679.0,46,23,0,0,69,0,151
15680.0,46,23,0,0,69,0,151
15681.0,46,23,0,0,69,0,151
15682.0,46,23,0,0,69,0,151
15683.0,46,23,0,0,69,0,151
15684.0,46,23,0,0,69,0,151
15685.0,46,23,0,0,69,0,151
15686.0,46,23,0,0,69,0,151
15687.0,46,23,0,0,69,0,151
15688.0,46,23,0,0,69,0,151
15689.0,46,23,0,0,69,0,151
15690.0,46,23,0,0,69,0,151
15691.0,46,23,0,0,69,0,151
15692.0,46,23,0,0,69,0,151
15693.0,46,23,0,0,69,0,151
15694.0,46,23,0,0,69,0,151
15695.0,46,23,0,0,69,0,151
15696.0,46,23,0,0,69,0,151
15697.0,46,23,0,0,69,0,151
15698.0,46,23,0,0,69,0,151
15699.0,46,23,0,0,69,0,151
15700.0,46,23,0,0,69,0,151
15701.0,46,23,0,0,69,0,151
15702.0,46,23,0,0,69,0,151
15703.0,46,23,0,0,69,0,151
15704.0,46,23,0,0,69,0,151
15705.0,46,23,0,0,69,0,151
15706.0,46,23,0,0,69,0,151
15707.0,46,23,0,0,69,0,151
15708.0,46,23,0,0,69,0,151
15709.0,46,23,0,0,69,0,151
15710.0,46,23,0,0,69,0,151
15711.0,46,23,0,0,69,0,151
15712.0,46,23,0,0,69,0,151
15713.0,46,23,0,0,69,0,151
15714.0,46,23,0,0,69,0,151
15715.0,46,23,0,0,69,0,151
15716.0,46,23,0,0,69,0,151
15717.0,46,23,0,0,69,0,151
15718.0,46,23,0,0,69,0,151
15719.0,46,23,0,0,69,0,151
15720.0,46,23,0,0,69,0,151
15721.0,46,23,0,0,69,0,151
15722.0,46,23,0,0,69,0,151
15723.0,46,23,0,0,69,0,151
15724.0,46,23,0,0,69,0,151
15725.0,46,23,0,0,69,0,151
15726.0,46,23,0,0,69,0,151
15727.0,46,23,0,0,69,0,151
15728.0,46,23,0,0,69,0,151
15729.0,46,23,0,0,69,0,151
15730.0,46,23,0,0,69,0,151
15731.0,46,23,0,0,69,0,151
15732.0,46,23,0,0,69,0,151
15733.0,46,23,0,0,69,0,151
15734.0,46,23,0,0,69,0,151
15735.0,46,23,0,0,69,0,151
15736.0,46,23,0,0,69,0,151
15737.0,46,23,0,0,69,0,151
15738.0,46,23,0,0,69,0,151
15739.0,46,23,0,0,69,0,151
15740.0,46,23,0,0,69,0,151
15741.0,46,23,0,0,69,0,151
15742.0,46,23,0,0,69,0,151
15743.0,46,23,0,0,69,0,151
15744.0,46,23,0,0,69,0,151
15745.0,46,23,0,0,69,0,151
15746.0,46,23,0,0,69,0,151
15747.0,46,23,0,0,69,0,151
15748.0,46,23,0,0,69,0,151
15749.0,46,23,0,0,69,0,151
15750.0,46,23,0,0,69,0,151
15751.0,46,23,0,0,69,0,151
15752.0,46,23,0,0,69,0,151
15753.0,46,23,0,0,69,0,151
15754.0,46,23,0,0,69,0,151
15755.0,46,23,0,0,69,0,151
15756.0,46,23,0,0,69,0,151
15757.0,46,23,0,0,69,0,151
15758.0,46,23,0,0,69,0,151
15759.0,46,23,0,0,69,0,151
15760.0,46,23,0,0,69,0,151
15761.0,46,23,0,0,69,0,151
15762.0,46,23,0,0,69,0,151
15763.0,46,23,0,0,69,0,151
15764.0,46,23,0,0,69,0,151
15765.0,46,23,0,0,69,0,151
15766.0,46,23,0,0,69,0,151
15767.0,46,23,0,0,69,0,151
15768.0,46,23,0,0,69,0,151
15769.0,46,23,0,0,69,0,151
15770.0,46,23,0,0,69,0,151
15771.0,46,23,0,0,69,0,151
15772.0,46,23,0,0,69,0,151
15773.0,46,23,0,0,69,0,151
15774.0,46,23,0,0,69,0,151
15775.0,46,23,0,0,69,0,151
15776.0,46,23,0,0,69,0,151
15777.0,46,23,0,0,69,0,151
15778.0,46,23,0,0,69,0,151
15779.0,46,23,0,0,69,0,151
15780.0,46,23,0,0,69,0,151
15781.0,46,23,0,0,69,0,151
15782.0,46,23,0,0,69,0,151
15783.0,46,23,0,0,69,0,151
15784.0,46,23,0,0,69,0,151
15785.0,46,23,0,0,69,0,151
15786.0,46,23,0,0,69,0,151
15787.0,46,23,0,0,69,0,151
15788.0,46,23,0,0,69,0,151
15789.0,46,23,0,0,69,0,151
15790.0,46,23,0,0,69,0,151
15791.0,46,23,0,0,69,0,151
15792.0,46,23,0,0,69,0,151
15793.0,46,23,0,0,69,0,151
15794.0,46,23,0,0,69,0,151
15795.0,46,23,0,0,69,0,151
15796.0,46,23,0,0,69,0,151
15797.0,46,23,0,0,69,0,151
15798.0,46,23,0,0,69,0,151
15799.0,46,23,0,0,69,0,151
15800.0,46,23,0,0,69,0,151
15801.0,46,23,0,0,69,0,151
15802.0,46,23,0,0,69,0,151
15803.0,46,23,0,0,69,0,151
15804.0,46,23,0,0,69,0,151
15805.0,46,23,0,0,69,0,151
15806.0,46,23,0,0,69,0,151
15807.0,46,23,0,0,69,0,151
15808.0,46,23,0,0,69,0,151
15809.0,46,23,0,0,69,0,151
15810.0,46,23,0,0,69,0,151
15811.0,46,23,0,0,69,0,151
15812.0,46,23,0,0,69,0,151
15813.0,46,23,0,0,69,0,151
15814.0,46,23,0,0,69,0,151
15815.0,46,23,0,0,69,0,151
15816.0,46,23,0,0,69,0,151
15817.0,46,23,0,0,69,0,151
15818.0,46,23,0,0,69,0,151
15819.0,46,23,0,0,69,0,151
15820.0,46,23,0,0,69,0,151
15821.0,46,23,0,0,69,0,151
15822.0,46,23,0,0,69,0,151
15823.0,46,23,0,0,69,0,151
15824.0,46,23,0,0,69,0,151
15825.0,46,23,0,0,69,0,151
15826.0,46,23,0,0,69,0,151
15827.0,46,23,0,0,69,0,151
15828.0,46,23,0,0,69,0,151
15829.0,46,23,0,0,69,0,151
15830.0,46,23,0,0,69,0,151
15831.0,46,23,0,0,69,0,151
15832.0,46,23,0,0,69,0,151
15833.0,46,23,0,0,69,0,151
15834.0,46,23,0,0,69,0,151
15835.0,46,23,0,0,69,0,151
15836.0,46,23,0,0,69,0,151
15837.0,46,23,0,0,69,0,151
15838.0,46,23,0,0,69,0,151
15839.0,46,23,0,0,69,0,151
15840.0,46,23,0,0,69,0,151
15841.0,46,23,0,0,69,0,151
15842.0,46,23,0,0,69,0,151
15843.0,46,23,0,0,69,0,151
15844.0,46,23,0,0,69,0,151
15845.0,46,23,0,0,69,0,151
15846.0,46,23,0,0,69,0,151
15847.0,46,23,0,0,69,0,151
15848.0,46,23,0,0,69,0,151
15849.0,46,23,0,0,69,0,151
15850.0,46,23,0,0,69,0,151
15851.0,46,23,0,0,69,0,151
15852.0,46,23,0,0,69,0,151
15853.0,46,23,0,0,69,0,151
15854.0,46,23,0,0,69,0,151
15855.0,46,23,0,0,69,0,151
15856.0,46,23,0,0,69,0,151
15857.0,46,23,0,0,69,0,151
15858.0,46,23,0,0,69,0,151
15859.0,46,23,0,0,69,0,151
15860.0,46,23,0,0,69,0,151
15861.0,46,23,0,0,69,0,151
15862.0,46,23,0,0,69,0,151
15863.0,46,23,0,0,69,0,151
15864.0,46,23,0,0,69,0,151
15865.0,46,23,0,0,69,0,151
15866.0,46,23,0,0,69,0,151
15867.0,46,23,0,0,69,0,151
15868.0,46,23,0,0,69,0,151
15869.0,46,23,0,0,69,0,151
15870.0,46,23,0,0,69,0,151
15871.0,46,23,0,0,69,0,151
15872.0,46,23,0,0,69,0,151
15873.0,46,23,0,0,69,0,151
15874.0,46,23,0,0,69,0,151
15875.0,46,23,0,0,69,0,151
15876.0,46,23,0,0,69,0,151
15877.0,46,23,0,0,69,0,151
15878.0,46,23,0,0,69,0,151
15879.0,46,23,0,0,69,0,151
15880.0,46,23,0,0,69,0,151
15881.0,46,23,0,0,69,0,151
15882.0,46,23,0,0,69,0,151
15883.0,46,23,0,0,69,0,151
15884.0,46,23,0,0,69,0,151
15885.0,46,23,0,0,69,0,151
15886.0,46,23,0,0,69,0,151
15887.0,46,23,0,0,69,0,151
15888.0,46,23,0,0,69,0,151
15889.0,46,23,0,0,69,0,151
15890.0,46,23,0,0,69,0,151
15891.0,46,23,0,0,69,0,151
15892.0,46,23,0,0,69,0,151
15893.0,46,23,0,0,69,0,151
15894.0,46,23,0,0,69,0,151
15895.0,46,23,0,0,69,0,151
15896.0,46,23,0,0,69,0,151
15897.0,46,23,0,0,69,0,151
15898.0,46,23,0,0,69,0,151
15899.0,46,23,0,0,69,0,151
15900.0,46,23,0,0,69,0,151
15901.0,46,23,0,0,69,0,151
15902.0,46,23,0,0,69,0,151
15903.0,46,23,0,0,69,0,151
15904.0,46,23,0,0,69,0,151
15905.0,46,23,0,0,69,0,151
15906.0,46,23,0,0,69,0,151
15907.0,46,23,0,0,69,0,151
15908.0,46,23,0,0,69,0,151
15909.0,46,23,0,0,69,0,151
15910.0,46,23,0,0,69,0,151
15911.0,46,23,0,0,69,0,151
15912.0,46,23,0,0,69,0,151
15913.0,46,23,0,0,69,0,151
15914.0,46,23,0,0,69,0,151
15915.0,46,23,0,0,69,0,151
15916.0,46,23,0,0,69,0,151
15917.0,46,23,0,0,69,0,151
15918.0,46,23,0,0,69,0,151
15919.0,46,23,0,0,69,0,151
15920.0,46,23,0,0,69,0,151
15921.0,46,23,0,0,69,0,151
15922.0,46,23,0,0,69,0,151
15923.0,46,23,0,0,69,0,151
15924.0,46,23,0,0,69,0,151
15925.0,46,23,0,0,69,0,151
15926.0,46,23,0,0,69,0,151
15927.0,46,23,0,0,69,0,151
15928.0,46,23,0,0,69,0,151
15929.0,46,23,0,0,69,0,151
15930.0,46,23,0,0,69,0,151
15931.0,46,23,0,0,69,0,151
15932.0,46,23,0,0,69,0,151
15933.0,46,23,0,0,69,0,151
15934.0,46,23,0,0,69,0,151
15935.0,46,23,0,0,69,0,151
15936.0,46,23,0,0,69,0,151
15937.0,46,23,0,0,69,0,151
15938.0,46,23,0,0,69,0,151
15939.0,46,23,0,0,69,0,151
15940.0,46,23,0,0,69,0,151
15941.0,46,23,0,0,69,0,151
15942.0,46,23,0,0,69,0,151
15943.0,46,23,0,0,69,0,151
15944.0,46,23,0,0,69,0,151
15945.0,46,23,0,0,69,0,151
15946.0,46,23,0,0,69,0,151
15947.0,46,23,0,0,69,0,151
15948.0,46,23,0,0,69,0,151
15949.0,46,23,0,0,69,0,151
15950.0,46,23,0,0,69,0,151
15951.0,46,23,0,0,69,0,151
15952.0,46,23,0,0,69,0,151
15953.0,46,23,0,0,69,0,151
15954.0,46,23,0,0,69,0,151
15955.0,46,23,0,0,69,0,151
15956.0,46,23,0,0,69,0,151
15957.0,46,23,0,0,69,0,151
15958.0,46,23,0,0,69,0,151
15959.0,46,23,0,0,69,0,151
15960.0,46,23,0,0,69,0,151
15961.0,46,23,0,0,69,0,151
15962.0,46,23,0,0,69,0,151
15963.0,46,23,0,0,69,0,151
15964.0,46,23,0,0,69,0,151
15965.0,46,23,0,0,69,0,151
15966.0,46,23,0,0,69,0,151
15967.0,46,23,0,0,69,0,151
15968.0,46,23,0,0,69,0,151
15969.0,46,23,0,0,69,0,151
15970.0,46,23,0,0,69,0,151
15971.0,46,23,0,0,69,0,151
15972.0,46,23,0,0,69,0,151
15973.0,46,23,0,0,69,0,151
15974.0,46,23,0,0,69,0,151
15975.0,46,23,0,0,69,0,151
15976.0,46,23,0,0,69,0,151
15977.0,46,23,0,0,69,0,151
15978.0,46,23,0,0,69,0,151
15979.0,46,23,0,0,69,0,151
15980.0,46,23,0,0,69,0,151
15981.0,46,23,0,0,69,0,151
15982.0,46,23,0,0,69,0,151
15983.0,46,23,0,0,69,0,151
15984.0,46,23,0,0,69,0,151
15985.0,46,23,0,0,69,0,151
15986.0,46,23,0,0,69,0,151
15987.0,46,23,0,0,69,0,151
15988.0,46,23,0,0,69,0,151
15989.0,46,23,0,0,69,0,151
15990.0,46,23,0,0,69,0,151
15991.0,46,23,0,0,69,0,151
15992.0,46,23,0,0,69,0,151
15993.0,46,23,0,0,69,0,151
15994.0,46,23,0,0,69,0,151
15995.0,46,23,0,0,69,0,151
15996.0,46,23,0,0,69,0,151
15997.0,46,23,0,0,69,0,151
15998.0,46,23,0,0,69,0,151
15999.0,46,23,0,0,69,0,151
16000.0,46,23,0,0,69,0,151
16001.0,46,23,0,0,69,0,151
16002.0,46,23,0,0,69,0,151
16003.0,46,23,0,0,69,0,151
16004.0,46,23,0,0,69,0,151
16005.0,46,23,0,0,69,0,151
16006.0,46,23,0,0,69,0,151
16007.0,46,23,0,0,69,0,151
16008.0,46,23,0,0,69,0,151
16009.0,46,23,0,0,69,0,151
16010.0,46,23,0,0,69,0,151
16011.0,46,23,0,0,69,0,151
16012.0,46,23,0,0,69,0,151
16013.0,46,23,0,0,69,0,151
16014.0,46,23,0,0,69,0,151
16015.0,46,23,0,0,69,0,151
16016.0,46,23,0,0,69,0,151
16017.0,46,23,0,0,69,0,151
16018.0,46,23,0,0,69,0,151
16019.0,46,23,0,0,69,0,151
16020.0,46,23,0,0,69,0,151
16021.0,46,23,0,0,69,0,151
16022.0,46,23,0,0,69,0,151
16023.0,46,23,0,0,69,0,151
16024.0,46,23,0,0,69,0,151
16025.0,46,23,0,0,69,0,151
16026.0,46,23,0,0,69,0,151
16027.0,46,23,0,0,69,0,151
16028.0,46,23,0,0,69,0,151
16029.0,46,23,0,0,69,0,151
16030.0,46,23,0,0,69,0,151
16031.0,46,23,0,0,69,0,151
16032.0,46,23,0,0,69,0,151
16033.0,46,23,0,0,69,0,151
16034.0,46,23,0,0,69,0,151
16035.0,46,23,0,0,69,0,151
16036.0,46,23,0,0,69,0,151
16037.0,46,23,0,0,69,0,151
16038.0,46,23,0,0,69,0,151
16039.0,46,23,0,0,69,0,151
16040.0,46,23,0,0,69,0,151
16041.0,46,23,0,0,69,0,151
16042.0,46,23,0,0,69,0,151
16043.0,46,23,0,0,69,0,151
16044.0,46,23,0,0,69,0,151
16045.0,46,23,0,0,69,0,151
16046.0,46,23,0,0,69,0,151
16047.0,46,23,0,0,69,0,151
16048.0,46,23,0,0,69,0,151
16049.0,46,23,0,0,69,0,151
16050.0,46,23,0,0,69,0,151
16051.0,46,23,0,0,69,0,151
16052.0,46,23,0,0,69,0,151
16053.0,46,23,0,0,69,0,151
16054.0,46,23,0,0,69,0,151
16055.0,46,23,0,0,69,0,151
16056.0,46,23,0,0,69,0,151
16057.0,46,23,0,0,69,0,151
16058.0,46,23,0,0,69,0,151
16059.0,46,23,0,0,69,0,151
16060.0,46,23,0,0,69,0,151
16061.0,46,23,0,0,69,0,151
16062.0,46,23,0,0,69,0,151
16063.0,46,23,0,0,69,0,151
16064.0,46,23,0,0,69,0,151
16065.0,46,23,0,0,69,0,151
16066.0,46,23,0,0,69,0,151
16067.0,46,23,0,0,69,0,151
16068.0,46,23,0,0,69,0,151
16069.0,46,23,0,0,69,0,151
16070.0,46,23,0,0,69,0,151
16071.0,46,23,0,0,69,0,151
16072.0,46,23,0,0,69,0,151
16073.0,46,23,0,0,69,0,151
16074.0,46,23,0,0,69,0,151
16075.0,46,23,0,0,69,0,151
16076.0,46,23,0,0,69,0,151
16077.0,46,23,0,0,69,0,151
16078.0,46,23,0,0,69,0,151
16079.0,46,23,0,0,69,0,151
16080.0,46,23,0,0,69,0,151
16081.0,46,23,0,0,69,0,151
16082.0,46,23,0,0,69,0,151
16083.0,46,23,0,0,69,0,151
16084.0,46,23,0,0,69,0,151
16085.0,46,23,0,0,69,0,151
16086.0,46,23,0,0,69,0,151
16087.0,46,23,0,0,69,0,151
16088.0,46,23,0,0,69,0,151
16089.0,46,23,0,0,69,0,151
16090.0,46,23,0,0,69,0,151
16091.0,46,23,0,0,69,0,151
16092.0,46,23,0,0,69,0,151
16093.0,46,23,0,0,69,0,151
16094.0,46,23,0,0,69,0,151
16095.0,46,23,0,0,69,0,151
16096.0,46,23,0,0,69,0,151
16097.0,46,23,0,0,69,0,151
16098.0,46,23,0,0,69,0,151
16099.0,46,23,0,0,69,0,151
16100.0,46,23,0,0,69,0,151
16101.0,46,23,0,0,69,0,151
16102.0,46,23,0,0,69,0,151
16103.0,46,23,0,0,69,0,151
16104.0,46,23,0,0,69,0,151
16105.0,46,23,0,0,69,0,151
16106.0,46,23,0,0,69,0,151
16107.0,46,23,0,0,69,0,151
16108.0,46,23,0,0,69,0,151
16109.0,46,23,0,0,69,0,151
16110.0,46,23,0,0,69,0,151
16111.0,46,23,0,0,69,0,151
16112.0,46,23,0,0,69,0,151
16113.0,46,23,0,0,69,0,151
16114.0,46,23,0,0,69,0,151
16115.0,46,23,0,0,69,0,151
16116.0,46,23,0,0,69,0,151
16117.0,46,23,0,0,69,0,151
16118.0,46,23,0,0,69,0,151
16119.0,46,23,0,0,69,0,151
16120.0,46,23,0,0,69,0,151
16121.0,46,23,0,0,69,0,151
16122.0,46,23,0,0,69,0,151
16123.0,46,23,0,0,69,0,151
16124.0,46,23,0,0,69,0,151
16125.0,46,23,0,0,69,0,151
16126.0,46,23,0,0,69,0,151
16127.0,46,23,0,0,69,0,151
16128.0,46,23,0,0,69,0,151
16129.0,46,23,0,0,69,0,151
16130.0,46,23,0,0,69,0,151
16131.0,46,23,0,0,69,0,151
16132.0,46,23,0,0,69,0,151
16133.0,46,23,0,0,69,0,151
16134.0,46,23,0,0,69,0,151
16135.0,46,23,0,0,69,0,151
16136.0,46,23,0,0,69,0,151
16137.0,46,23,0,0,69,0,151
16138.0,46,23,0,0,69,0,151
16139.0,46,23,0,0,69,0,151
16140.0,46,23,0,0,69,0,151
16141.0,46,23,0,0,69,0,151
16142.0,46,23,0,0,69,0,151
16143.0,46,23,0,0,69,0,151
16144.0,46,23,0,0,69,0,151
16145.0,46,23,0,0,69,0,151
16146.0,46,23,0,0,69,0,151
16147.0,46,23,0,0,69,0,151
16148.0,46,23,0,0,69,0,151
16149.0,46,23,0,0,69,0,151
16150.0,46,23,0,0,69,0,151
16151.0,46,23,0,0,69,0,151
16152.0,46,23,0,0,69,0,151
16153.0,46,23,0,0,69,0,151
16154.0,46,23,0,0,69,0,151
16155.0,46,23,0,0,69,0,151
16156.0,46,23,0,0,69,0,151
16157.0,46,23,0,0,69,0,151
16158.0,46,23,0,0,69,0,151
16159.0,46,23,0,0,69,0,151
16160.0,46,23,0,0,69,0,151
16161.0,46,23,0,0,69,0,151
16162.0,46,23,0,0,69,0,151
16163.0,46,23,0,0,69,0,151
16164.0,46,23,0,0,69,0,151
16165.0,46,23,0,0,69,0,151
16166.0,46,23,0,0,69,0,151
16167.0,46,23,0,0,69,0,151
16168.0,46,23,0,0,69,0,151
16169.0,46,23,0,0,69,0,151
16170.0,46,23,0,0,69,0,151
16171.0,46,23,0,0,69,0,151
16172.0,46,23,0,0,69,0,151
16173.0,46,23,0,0,69,0,151
16174.0,46,23,0,0,69,0,151
16175.0,46,23,0,0,69,0,151
16176.0,46,23,0,0,69,0,151
16177.0,46,23,0,0,69,0,151
16178.0,46,23,0,0,69,0,151
16179.0,46,23,0,0,69,0,151
16180.0,46,23,0,0,69,0,151
16181.0,46,23,0,0,69,0,151
16182.0,46,23,0,0,69,0,151
16183.0,46,23,0,0,69,0,151
16184.0,46,23,0,0,69,0,151
16185.0,46,23,0,0,69,0,151
16186.0,46,23,0,0,69,0,151
16187.0,46,23,0,0,69,0,151
16188.0,46,23,0,0,69,0,151
16189.0,46,23,0,0,69,0,151
16190.0,46,23,0,0,69,0,151
16191.0,46,23,0,0,69,0,151
16192.0,46,23,0,0,69,0,151
16193.0,46,23,0,0,69,0,151
16194.0,46,23,0,0,69,0,151
16195.0,46,23,0,0,69,0,151
16196.0,46,23,0,0,69,0,151
16197.0,46,23,0,0,69,0,151
16198.0,46,23,0,0,69,0,151
16199.0,46,23,0,0,69,0,151
16200.0,46,23,0,0,69,0,151
16201.0,46,23,0,0,69,0,151
16202.0,46,23,0,0,69,0,151
16203.0,46,23,0,0,69,0,151
16204.0,46,23,0,0,69,0,151
16205.0,46,23,0,0,69,0,151
16206.0,46,23,0,0,69,0,151
16207.0,46,23,0,0,69,0,151
16208.0,46,23,0,0,69,0,151
16209.0,46,23,0,0,69,0,151
16210.0,46,23,0,0,69,0,151
16211.0,46,23,0,0,69,0,151
16212.0,46,23,0,0,69,0,151
16213.0,46,23,0,0,69,0,151
16214.0,46,23,0,0,69,0,151
16215.0,46,23,0,0,69,0,151
16216.0,46,23,0,0,69,0,151
16217.0,46,23,0,0,69,0,151
16218.0,46,23,0,0,69,0,151
16219.0,46,23,0,0,69,0,151
16220.0,46,23,0,0,69,0,151
16221.0,46,23,0,0,69,0,151
16222.0,46,23,0,0,69,0,151
16223.0,46,23,0,0,69,0,151
16224.0,46,23,0,0,69,0,151
16225.0,46,23,0,0,69,0,151
16226.0,46,23,0,0,69,0,151
16227.0,46,23,0,0,69,0,151
16228.0,46,23,0,0,69,0,151
16229.0,46,23,0,0,69,0,151
16230.0,46,23,0,0,69,0,151
16231.0,46,23,0,0,69,0,151
16232.0,46,23,0,0,69,0,151
16233.0,46,23,0,0,69,0,151
16234.0,46,23,0,0,69,0,151
16235.0,46,23,0,0,69,0,151
16236.0,46,23,0,0,69,0,151
16237.0,46,23,0,0,69,0,151
16238.0,46,23,0,0,69,0,151
16239.0,46,23,0,0,69,0,151
16240.0,46,23,0,0,69,0,151
16241.0,46,23,0,0,69,0,151
16242.0,46,23,0,0,69,0,151
16243.0,46,23,0,0,69,0,151
16244.0,46,23,0,0,69,0,151
16245.0,46,23,0,0,69,0,151
16246.0,46,23,0,0,69,0,151
16247.0,46,23,0,0,69,0,151
16248.0,46,23,0,0,69,0,151
16249.0,46,23,0,0,69,0,151
16250.0,46,23,0,0,69,0,151
16251.0,46,23,0,0,69,0,151
16252.0,46,23,0,0,69,0,151
16253.0,46,23,0,0,69,0,151
16254.0,46,23,0,0,69,0,151
16255.0,46,23,0,0,69,0,151
16256.0,46,23,0,0,69,0,151
16257.0,46,23,0,0,69,0,151
16258.0,46,23,0,0,69,0,151
16259.0,46,23,0,0,69,0,151
16260.0,46,23,0,0,69,0,151
16261.0,46,23,0,0,69,0,151
16262.0,46,23,0,0,69,0,151
16263.0,46,23,0,0,69,0,151
16264.0,46,23,0,0,69,0,151
16265.0,46,23,0,0,69,0,151
16266.0,46,23,0,0,69,0,151
16267.0,46,23,0,0,69,0,151
16268.0,46,23,0,0,69,0,151
16269.0,46,23,0,0,69,0,151
16270.0,46,23,0,0,69,0,151
16271.0,46,23,0,0,69,0,151
16272.0,46,23,0,0,69,0,151
16273.0,46,23,0,0,69,0,151
16274.0,46,23,0,0,69,0,151
16275.0,46,23,0,0,69,0,151
16276.0,46,23,0,0,69,0,151
16277.0,46,23,0,0,69,0,151
16278.0,46,23,0,0,69,0,151
16279.0,46,23,0,0,69,0,151
16280.0,46,23,0,0,69,0,151
16281.0,46,23,0,0,69,0,151
16282.0,46,23,0,0,69,0,151
16283.0,46,23,0,0,69,0,151
16284.0,46,23,0,0,69,0,151
16285.0,46,23,0,0,69,0,151
16286.0,46,23,0,0,69,0,151
16287.0,46,23,0,0,69,0,151
16288.0,46,23,0,0,69,0,151
16289.0,46,23,0,0,69,0,151
16290.0,46,23,0,0,69,0,151
16291.0,46,23,0,0,69,0,151
16292.0,46,23,0,0,69,0,151
16293.0,46,23,0,0,69,0,151
16294.0,46,23,0,0,69,0,151
16295.0,46,23,0,0,69,0,151
16296.0,46,23,0,0,69,0,151
16297.0,46,23,0,0,69,0,151
16298.0,46,23,0,0,69,0,151
16299.0,46,23,0,0,69,0,151
16300.0,46,23,0,0,69,0,151
16301.0,46,23,0,0,69,0,151
16302.0,46,23,0,0,69,0,151
16303.0,46,23,0,0,69,0,151
16304.0,46,23,0,0,69,0,151
16305.0,46,23,0,0,69,0,151
16306.0,46,23,0,0,69,0,151
16307.0,46,23,0,0,69,0,151
16308.0,46,23,0,0,69,0,151
16309.0,46,23,0,0,69,0,151
16310.0,46,23,0,0,69,0,151
16311.0,46,23,0,0,69,0,151
16312.0,46,23,0,0,69,0,151
16313.0,46,23,0,0,69,0,151
16314.0,46,23,0,0,69,0,151
16315.0,46,23,0,0,69,0,151
16316.0,46,23,0,0,69,0,151
16317.0,46,23,0,0,69,0,151
16318.0,46,23,0,0,69,0,151
16319.0,46,23,0,0,69,0,151
16320.0,46,23,0,0,69,0,151
16321.0,46,23,0,0,69,0,151
16322.0,46,23,0,0,69,0,151
16323.0,46,23,0,0,69,0,151
16324.0,46,23,0,0,69,0,151
16325.0,46,23,0,0,69,0,151
16326.0,46,23,0,0,69,0,151
16327.0,46,23,0,0,69,0,151
16328.0,46,23,0,0,69,0,151
16329.0,46,23,0,0,69,0,151
16330.0,46,23,0,0,69,0,151
16331.0,46,23,0,0,69,0,151
16332.0,46,23,0,0,69,0,151
16333.0,46,23,0,0,69,0,151
16334.0,46,23,0,0,69,0,151
16335.0,46,23,0,0,69,0,151
16336.0,46,23,0,0,69,0,151
16337.0,46,23,0,0,69,0,151
16338.0,46,23,0,0,69,0,151
16339.0,46,23,0,0,69,0,151
16340.0,46,23,0,0,69,0,151
16341.0,46,23,0,0,69,0,151
16342.0,46,23,0,0,69,0,151
16343.0,46,23,0,0,69,0,151
16344.0,46,23,0,0,69,0,151
16345.0,46,23,0,0,69,0,151
16346.0,46,23,0,0,69,0,151
16347.0,46,23,0,0,69,0,151
16348.0,46,23,0,0,69,0,151
16349.0,46,23,0,0,69,0,151
16350.0,46,23,0,0,69,0,151
16351.0,46,23,0,0,69,0,151
16352.0,46,23,0,0,69,0,151
16353.0,46,23,0,0,69,0,151
16354.0,46,23,0,0,69,0,151
16355.0,46,23,0,0,69,0,151
16356.0,46,23,0,0,69,0,151
16357.0,46,23,0,0,69,0,151
16358.0,46,23,0,0,69,0,151
16359.0,46,23,0,0,69,0,151
16360.0,46,23,0,0,69,0,151
16361.0,46,23,0,0,69,0,151
16362.0,46,23,0,0,69,0,151
16363.0,46,23,0,0,69,0,151
16364.0,46,23,0,0,69,0,151
16365.0,46,23,0,0,69,0,151
16366.0,46,23,0,0,69,0,151
16367.0,46,23,0,0,69,0,151
16368.0,46,23,0,0,69,0,151
16369.0,46,23,0,0,69,0,151
16370.0,46,23,0,0,69,0,151
16371.0,46,23,0,0,69,0,151
16372.0,46,23,0,0,69,0,151
16373.0,46,23,0,0,69,0,151
16374.0,46,23,0,0,69,0,151
16375.0,46,23,0,0,69,0,151
16376.0,46,23,0,0,69,0,151
16377.0,46,23,0,0,69,0,151
16378.0,46,23,0,0,69,0,151
16379.0,46,23,0,0,69,0,151
16380.0,46,23,0,0,69,0,151
16381.0,46,23,0,0,69,0,151
16382.0,46,23,0,0,69,0,151
16383.0,46,23,0,0,69,0,151
16384.0,46,23,0,0,69,0,151
16385.0,46,23,0,0,69,0,151
16386.0,46,23,0,0,69,0,151
16387.0,46,23,0,0,69,0,151
16388.0,46,23,0,0,69,0,151
16389.0,46,23,0,0,69,0,151
16390.0,46,23,0,0,69,0,151
16391.0,46,23,0,0,69,0,151
16392.0,46,23,0,0,69,0,151
16393.0,46,23,0,0,69,0,151
16394.0,46,23,0,0,69,0,151
16395.0,46,23,0,0,69,0,151
16396.0,46,23,0,0,69,0,151
16397.0,46,23,0,0,69,0,151
16398.0,46,23,0,0,69,0,151
16399.0,46,23,0,0,69,0,151
16400.0,46,23,0,0,69,0,151
16401.0,46,23,0,0,69,0,151
16402.0,46,23,0,0,69,0,151
16403.0,46,23,0,0,69,0,151
16404.0,46,23,0,0,69,0,151
16405.0,46,23,0,0,69,0,151
16406.0,46,23,0,0,69,0,151
16407.0,46,23,0,0,69,0,151
16408.0,46,23,0,0,69,0,151
16409.0,46,23,0,0,69,0,151
16410.0,46,23,0,0,69,0,151
16411.0,46,23,0,0,69,0,151
16412.0,46,23,0,0,69,0,151
16413.0,46,23,0,0,69,0,151
16414.0,46,23,0,0,69,0,151
16415.0,46,23,0,0,69,0,151
16416.0,46,23,0,0,69,0,151
16417.0,46,23,0,0,69,0,151
16418.0,46,23,0,0,69,0,151
16419.0,46,23,0,0,69,0,151
16420.0,46,23,0,0,69,0,151
16421.0,46,23,0,0,69,0,151
16422.0,46,23,0,0,69,0,151
16423.0,46,23,0,0,69,0,151
16424.0,46,23,0,0,69,0,151
16425.0,46,23,0,0,69,0,151
16426.0,46,23,0,0,69,0,151
16427.0,46,23,0,0,69,0,151
16428.0,46,23,0,0,69,0,151
16429.0,46,23,0,0,69,0,151
16430.0,46,23,0,0,69,0,151
16431.0,46,23,0,0,69,0,151
16432.0,46,23,0,0,69,0,151
16433.0,46,23,0,0,69,0,151
16434.0,46,23,0,0,69,0,151
16435.0,46,23,0,0,69,0,151
16436.0,46,23,0,0,69,0,151
16437.0,46,23,0,0,69,0,151
16438.0,46,23,0,0,69,0,151
16439.0,46,23,0,0,69,0,151
16440.0,46,23,0,0,69,0,151
16441.0,46,23,0,0,69,0,151
16442.0,46,23,0,0,69,0,151
16443.0,46,23,0,0,69,0,151
16444.0,46,23,0,0,69,0,151
16445.0,46,23,0,0,69,0,151
16446.0,46,23,0,0,69,0,151
16447.0,46,23,0,0,69,0,151
16448.0,46,23,0,0,69,0,151
16449.0,46,23,0,0,69,0,151
16450.0,46,23,0,0,69,0,151
16451.0,46,23,0,0,69,0,151
16452.0,46,23,0,0,69,0,151
16453.0,46,23,0,0,69,0,151
16454.0,46,23,0,0,69,0,151
16455.0,46,23,0,0,69,0,151
16456.0,46,23,0,0,69,0,151
16457.0,46,23,0,0,69,0,151
16458.0,46,23,0,0,69,0,151
16459.0,46,23,0,0,69,0,151
16460.0,46,23,0,0,69,0,151
16461.0,46,23,0,0,69,0,151
16462.0,46,23,0,0,69,0,151
16463.0,46,23,0,0,69,0,151
16464.0,46,23,0,0,69,0,151
16465.0,46,23,0,0,69,0,151
16466.0,46,23,0,0,69,0,151
16467.0,46,23,0,0,69,0,151
16468.0,46,23,0,0,69,0,151
16469.0,46,23,0,0,69,0,151
16470.0,46,23,0,0,69,0,151
16471.0,46,23,0,0,69,0,151
16472.0,46,23,0,0,69,0,151
16473.0,46,23,0,0,69,0,151
16474.0,46,23,0,0,69,0,151
16475.0,46,23,0,0,69,0,151
16476.0,46,23,0,0,69,0,151
16477.0,46,23,0,0,69,0,151
16478.0,46,23,0,0,69,0,151
16479.0,46,23,0,0,69,0,151
16480.0,46,23,0,0,69,0,151
16481.0,46,23,0,0,69,0,151
16482.0,46,23,0,0,69,0,151
16483.0,46,23,0,0,69,0,151
16484.0,46,23,0,0,69,0,151
16485.0,46,23,0,0,69,0,151
16486.0,46,23,0,0,69,0,151
16487.0,46,23,0,0,69,0,151
16488.0,46,23,0,0,69,0,151
16489.0,46,23,0,0,69,0,151
16490.0,46,23,0,0,69,0,151
16491.0,46,23,0,0,69,0,151
16492.0,46,23,0,0,69,0,151
16493.0,46,23,0,0,69,0,151
16494.0,46,23,0,0,69,0,151
16495.0,46,23,0,0,69,0,151
16496.0,46,23,0,0,69,0,151
16497.0,46,23,0,0,69,0,151
16498.0,46,23,0,0,69,0,151
16499.0,46,23,0,0,69,0,151
16500.0,46,23,0,0,69,0,151
16501.0,46,23,0,0,69,0,151
16502.0,46,23,0,0,69,0,151
16503.0,46,23,0,0,69,0,151
16504.0,46,23,0,0,69,0,151
16505.0,46,23,0,0,69,0,151
16506.0,46,23,0,0,69,0,151
16507.0,46,23,0,0,69,0,151
16508.0,46,23,0,0,69,0,151
16509.0,46,23,0,0,69,0,151
16510.0,46,23,0,0,69,0,151
16511.0,46,23,0,0,69,0,151
16512.0,46,23,0,0,69,0,151
16513.0,46,23,0,0,69,0,151
16514.0,46,23,0,0,69,0,151
16515.0,46,23,0,0,69,0,151
16516.0,46,23,0,0,69,0,151
16517.0,46,23,0,0,69,0,151
16518.0,46,23,0,0,69,0,151
16519.0,46,23,0,0,69,0,151
16520.0,46,23,0,0,69,0,151
16521.0,46,23,0,0,69,0,151
16522.0,46,23,0,0,69,0,151
16523.0,46,23,0,0,69,0,151
16524.0,46,23,0,0,69,0,151
16525.0,46,23,0,0,69,0,151
16526.0,46,23,0,0,69,0,151
16527.0,46,23,0,0,69,0,151
16528.0,46,23,0,0,69,0,151
16529.0,46,23,0,0,69,0,151
16530.0,46,23,0,0,69,0,151
16531.0,46,23,0,0,69,0,151
16532.0,46,23,0,0,69,0,151
16533.0,46,23,0,0,69,0,151
16534.0,46,23,0,0,69,0,151
16535.0,46,23,0,0,69,0,151
16536.0,46,23,0,0,69,0,151
16537.0,46,23,0,0,69,0,151
16538.0,46,23,0,0,69,0,151
16539.0,46,23,0,0,69,0,151
16540.0,46,23,0,0,69,0,151
16541.0,46,23,0,0,69,0,151
16542.0,46,23,0,0,69,0,151
16543.0,46,23,0,0,69,0,151
16544.0,46,23,0,0,69,0,151
16545.0,46,23,0,0,69,0,151
16546.0,46,23,0,0,69,0,151
16547.0,46,23,0,0,69,0,151
16548.0,46,23,0,0,69,0,151
16549.0,46,23,0,0,69,0,151
16550.0,46,23,0,0,69,0,151
16551.0,46,23,0,0,69,0,151
16552.0,46,23,0,0,69,0,151
16553.0,46,23,0,0,69,0,151
16554.0,46,23,0,0,69,0,151
16555.0,46,23,0,0,69,0,151
16556.0,46,23,0,0,69,0,151
16557.0,46,23,0,0,69,0,151
16558.0,46,23,0,0,69,0,151
16559.0,46,23,0,0,69,0,151
16560.0,46,23,0,0,69,0,151
16561.0,46,23,0,0,69,0,151
16562.0,46,23,0,0,69,0,151
16563.0,46,23,0,0,69,0,151
16564.0,46,23,0,0,69,0,151
16565.0,46,23,0,0,69,0,151
16566.0,46,23,0,0,69,0,151
16567.0,46,23,0,0,69,0,151
16568.0,46,23,0,0,69,0,151
16569.0,46,23,0,0,69,0,151
16570.0,46,23,0,0,69,0,151
16571.0,46,23,0,0,69,0,151
16572.0,46,23,0,0,69,0,151
16573.0,46,23,0,0,69,0,151
16574.0,46,23,0,0,69,0,151
16575.0,46,23,0,0,69,0,151
16576.0,46,23,0,0,69,0,151
16577.0,46,23,0,0,69,0,151
16578.0,46,23,0,0,69,0,151
16579.0,46,23,0,0,69,0,151
16580.0,46,23,0,0,69,0,151
16581.0,46,23,0,0,69,0,151
16582.0,46,23,0,0,69,0,151
16583.0,46,23,0,0,69,0,151
16584.0,46,23,0,0,69,0,151
16585.0,46,23,0,0,69,0,151
16586.0,46,23,0,0,69,0,151
16587.0,46,23,0,0,69,0,151
16588.0,46,23,0,0,69,0,151
16589.0,46,23,0,0,69,0,151
16590.0,46,23,0,0,69,0,151
16591.0,46,23,0,0,69,0,151
16592.0,46,23,0,0,69,0,151
16593.0,46,23,0,0,69,0,151
16594.0,46,23,0,0,69,0,151
16595.0,46,23,0,0,69,0,151
16596.0,46,23,0,0,69,0,151
16597.0,46,23,0,0,69,0,151
16598.0,46,23,0,0,69,0,151
16599.0,46,23,0,0,69,0,151
16600.0,46,23,0,0,69,0,151
16601.0,46,23,0,0,69,0,151
16602.0,46,23,0,0,69,0,151
16603.0,46,23,0,0,69,0,151
16604.0,46,23,0,0,69,0,151
16605.0,46,23,0,0,69,0,151
16606.0,46,23,0,0,69,0,151
16607.0,46,23,0,0,69,0,151
16608.0,46,23,0,0,69,0,151
16609.0,46,23,0,0,69,0,151
16610.0,46,23,0,0,69,0,151
16611.0,46,23,0,0,69,0,151
16612.0,46,23,0,0,69,0,151
16613.0,46,23,0,0,69,0,151
16614.0,46,23,0,0,69,0,151
16615.0,46,23,0,0,69,0,151
16616.0,46,23,0,0,69,0,151
16617.0,46,23,0,0,69,0,151
16618.0,46,23,0,0,69,0,151
16619.0,46,23,0,0,69,0,151
16620.0,46,23,0,0,69,0,151
16621.0,46,23,0,0,69,0,151
16622.0,46,23,0,0,69,0,151
16623.0,46,23,0,0,69,0,151
16624.0,46,23,0,0,69,0,151
16625.0,46,23,0,0,69,0,151
16626.0,46,23,0,0,69,0,151
16627.0,46,23,0,0,69,0,151
16628.0,46,23,0,0,69,0,151
16629.0,46,23,0,0,69,0,151
16630.0,46,23,0,0,69,0,151
16631.0,46,23,0,0,69,0,151
16632.0,46,23,0,0,69,0,151
16633.0,46,23,0,0,69,0,151
16634.0,46,23,0,0,69,0,151
16635.0,46,23,0,0,69,0,151
16636.0,46,23,0,0,69,0,151
16637.0,46,23,0,0,69,0,151
16638.0,46,23,0,0,69,0,151
16639.0,46,23,0,0,69,0,151
16640.0,46,23,0,0,69,0,151
16641.0,46,23,0,0,69,0,151
16642.0,46,23,0,0,69,0,151
16643.0,46,23,0,0,69,0,151
16644.0,46,23,0,0,69,0,151
16645.0,46,23,0,0,69,0,151
16646.0,46,23,0,0,69,0,151
16647.0,46,23,0,0,69,0,151
16648.0,46,23,0,0,69,0,151
16649.0,46,23,0,0,69,0,151
16650.0,46,23,0,0,69,0,151
16651.0,46,23,0,0,69,0,151
16652.0,46,23,0,0,69,0,151
16653.0,46,23,0,0,69,0,151
16654.0,46,23,0,0,69,0,151
16655.0,46,23,0,0,69,0,151
16656.0,46,23,0,0,69,0,151
16657.0,46,23,0,0,69,0,151
16658.0,46,23,0,0,69,0,151
16659.0,46,23,0,0,69,0,151
16660.0,46,23,0,0,69,0,151
16661.0,46,23,0,0,69,0,151
16662.0,46,23,0,0,69,0,151
16663.0,46,23,0,0,69,0,151
16664.0,46,23,0,0,69,0,151
16665.0,46,23,0,0,69,0,151
16666.0,46,23,0,0,69,0,151
16667.0,46,23,0,0,69,0,151
16668.0,46,23,0,0,69,0,151
16669.0,46,23,0,0,69,0,151
16670.0,46,23,0,0,69,0,151
16671.0,46,23,0,0,69,0,151
16672.0,46,23,0,0,69,0,151
16673.0,46,23,0,0,69,0,151
16674.0,46,23,0,0,69,0,151
16675.0,46,23,0,0,69,0,151
16676.0,46,23,0,0,69,0,151
16677.0,46,23,0,0,69,0,151
16678.0,46,23,0,0,69,0,151
16679.0,46,23,0,0,69,0,151
16680.0,46,23,0,0,69,0,151
16681.0,46,23,0,0,69,0,151
16682.0,46,23,0,0,69,0,151
16683.0,46,23,0,0,69,0,151
16684.0,46,23,0,0,69,0,151
16685.0,46,23,0,0,69,0,151
16686.0,46,23,0,0,69,0,151
16687.0,46,23,0,0,69,0,151
16688.0,46,23,0,0,69,0,151
16689.0,46,23,0,0,69,0,151
16690.0,46,23,0,0,69,0,151
16691.0,46,23,0,0,69,0,151
16692.0,46,23,0,0,69,0,151
16693.0,46,23,0,0,69,0,151
16694.0,46,23,0,0,69,0,151
16695.0,46,23,0,0,69,0,151
16696.0,46,23,0,0,69,0,151
16697.0,46,23,0,0,69,0,151
16698.0,46,23,0,0,69,0,151
16699.0,46,23,0,0,69,0,151
16700.0,46,23,0,0,69,0,151
16701.0,46,23,0,0,69,0,151
16702.0,46,23,0,0,69,0,151
16703.0,46,23,0,0,69,0,151
16704.0,46,23,0,0,69,0,151
16705.0,46,23,0,0,69,0,151
16706.0,46,23,0,0,69,0,151
16707.0,46,23,0,0,69,0,151
16708.0,46,23,0,0,69,0,151
16709.0,46,23,0,0,69,0,151
16710.0,46,23,0,0,69,0,151
16711.0,46,23,0,0,69,0,151
16712.0,46,23,0,0,69,0,151
16713.0,46,23,0,0,69,0,151
16714.0,46,23,0,0,69,0,151
16715.0,46,23,0,0,69,0,151
16716.0,46,23,0,0,69,0,151
16717.0,46,23,0,0,69,0,151
16718.0,46,23,0,0,69,0,151
16719.0,46,23,0,0,69,0,151
16720.0,46,23,0,0,69,0,151
16721.0,46,23,0,0,69,0,151
16722.0,46,23,0,0,69,0,151
16723.0,46,23,0,0,69,0,151
16724.0,46,23,0,0,69,0,151
16725.0,46,23,0,0,69,0,151
16726.0,46,23,0,0,69,0,151
16727.0,46,23,0,0,69,0,151
16728.0,46,23,0,0,69,0,151
16729.0,46,23,0,0,69,0,151
16730.0,46,23,0,0,69,0,151
16731.0,46,23,0,0,69,0,151
16732.0,46,23,0,0,69,0,151
16733.0,46,23,0,0,69,0,151
16734.0,46,23,0,0,69,0,151
16735.0,46,23,0,0,69,0,151
16736.0,46,23,0,0,69,0,151
16737.0,46,23,0,0,69,0,151
16738.0,46,23,0,0,69,0,151
16739.0,46,23,0,0,69,0,151
16740.0,46,23,0,0,69,0,151
16741.0,46,23,0,0,69,0,151
16742.0,46,23,0,0,69,0,151
16743.0,46,23,0,0,69,0,151
16744.0,46,23,0,0,69,0,151
16745.0,46,23,0,0,69,0,151
16746.0,46,23,0,0,69,0,151
16747.0,46,23,0,0,69,0,151
16748.0,46,23,0,0,69,0,151
16749.0,46,23,0,0,69,0,151
16750.0,46,23,0,0,69,0,151
16751.0,46,23,0,0,69,0,151
16752.0,46,23,0,0,69,0,151
16753.0,46,23,0,0,69,0,151
16754.0,46,23,0,0,69,0,151
16755.0,46,23,0,0,69,0,151
16756.0,46,23,0,0,69,0,151
16757.0,46,23,0,0,69,0,151
16758.0,46,23,0,0,69,0,151
16759.0,46,23,0,0,69,0,151
16760.0,46,23,0,0,69,0,151
16761.0,46,23,0,0,69,0,151
16762.0,46,23,0,0,69,0,151
16763.0,46,23,0,0,69,0,151
16764.0,46,23,0,0,69,0,151
16765.0,46,23,0,0,69,0,151
16766.0,46,23,0,0,69,0,151
16767.0,46,23,0,0,69,0,151
16768.0,46,23,0,0,69,0,151
16769.0,46,23,0,0,69,0,151
16770.0,46,23,0,0,69,0,151
16771.0,46,23,0,0,69,0,151
16772.0,46,23,0,0,69,0,151
16773.0,46,23,0,0,69,0,151
16774.0,46,23,0,0,69,0,151
16775.0,46,23,0,0,69,0,151
16776.0,46,23,0,0,69,0,151
16777.0,46,23,0,0,69,0,151
16778.0,46,23,0,0,69,0,151
16779.0,46,23,0,0,69,0,151
16780.0,46,23,0,0,69,0,151
16781.0,46,23,0,0,69,0,151
16782.0,46,23,0,0,69,0,151
16783.0,46,23,0,0,69,0,151
16784.0,46,23,0,0,69,0,151
16785.0,46,23,0,0,69,0,151
16786.0,46,23,0,0,69,0,151
16787.0,46,23,0,0,69,0,151
16788.0,46,23,0,0,69,0,151
16789.0,46,23,0,0,69,0,151
16790.0,46,23,0,0,69,0,151
16791.0,46,23,0,0,69,0,151
16792.0,46,23,0,0,69,0,151
16793.0,46,23,0,0,69,0,151
16794.0,46,23,0,0,69,0,151
16795.0,46,23,0,0,69,0,151
16796.0,46,23,0,0,69,0,151
16797.0,46,23,0,0,69,0,151
16798.0,46,23,0,0,69,0,151
16799.0,46,23,0,0,69,0,151
16800.0,46,23,0,0,69,0,151
16801.0,46,23,0,0,69,0,151
16802.0,46,23,0,0,69,0,151
16803.0,46,23,0,0,69,0,151
16804.0,46,23,0,0,69,0,151
16805.0,46,23,0,0,69,0,151
16806.0,46,23,0,0,69,0,151
16807.0,46,23,0,0,69,0,151
16808.0,46,23,0,0,69,0,151
16809.0,46,23,0,0,69,0,151
16810.0,46,23,0,0,69,0,151
16811.0,46,23,0,0,69,0,151
16812.0,46,23,0,0,69,0,151
16813.0,46,23,0,0,69,0,151
16814.0,46,23,0,0,69,0,151
16815.0,46,23,0,0,69,0,151
16816.0,46,23,0,0,69,0,151
16817.0,46,23,0,0,69,0,151
16818.0,46,23,0,0,69,0,151
16819.0,46,23,0,0,69,0,151
16820.0,46,23,0,0,69,0,151
16821.0,46,23,0,0,69,0,151
16822.0,46,23,0,0,69,0,151
16823.0,46,23,0,0,69,0,151
16824.0,46,23,0,0,69,0,151
16825.0,46,23,0,0,69,0,151
16826.0,46,23,0,0,69,0,151
16827.0,46,23,0,0,69,0,151
16828.0,46,23,0,0,69,0,151
16829.0,46,23,0,0,69,0,151
16830.0,46,23,0,0,69,0,151
16831.0,46,23,0,0,69,0,151
16832.0,46,23,0,0,69,0,151
16833.0,46,23,0,0,69,0,151
16834.0,46,23,0,0,69,0,151
16835.0,46,23,0,0,69,0,151
16836.0,46,23,0,0,69,0,151
16837.0,46,23,0,0,69,0,151
16838.0,46,23,0,0,69,0,151
16839.0,46,23,0,0,69,0,151
16840.0,46,23,0,0,69,0,151
16841.0,46,23,0,0,69,0,151
16842.0,46,23,0,0,69,0,151
16843.0,46,23,0,0,69,0,151
16844.0,46,23,0,0,69,0,151
16845.0,46,23,0,0,69,0,151
16846.0,46,23,0,0,69,0,151
16847.0,46,23,0,0,69,0,151
16848.0,46,23,0,0,69,0,151
16849.0,46,23,0,0,69,0,151
16850.0,46,23,0,0,69,0,151
16851.0,46,23,0,0,69,0,151
16852.0,46,23,0,0,69,0,151
16853.0,46,23,0,0,69,0,151
16854.0,46,23,0,0,69,0,151
16855.0,46,23,0,0,69,0,151
16856.0,46,23,0,0,69,0,151
16857.0,46,23,0,0,69,0,151
16858.0,46,23,0,0,69,0,151
16859.0,46,23,0,0,69,0,151
16860.0,46,23,0,0,69,0,151
16861.0,46,23,0,0,69,0,151
16862.0,46,23,0,0,69,0,151
16863.0,46,23,0,0,69,0,151
16864.0,46,23,0,0,69,0,151
16865.0,46,23,0,0,69,0,151
16866.0,46,23,0,0,69,0,151
16867.0,46,23,0,0,69,0,151
16868.0,46,23,0,0,69,0,151
16869.0,46,23,0,0,69,0,151
16870.0,46,23,0,0,69,0,151
16871.0,46,23,0,0,69,0,151
16872.0,46,23,0,0,69,0,151
16873.0,46,23,0,0,69,0,151
16874.0,46,23,0,0,69,0,151
16875.0,46,23,0,0,69,0,151
16876.0,46,23,0,0,69,0,151
16877.0,46,23,0,0,69,0,151
16878.0,46,23,0,0,69,0,151
16879.0,46,23,0,0,69,0,151
16880.0,46,23,0,0,69,0,151
16881.0,46,23,0,0,69,0,151
16882.0,46,23,0,0,69,0,151
16883.0,46,23,0,0,69,0,151
16884.0,46,23,0,0,69,0,151
16885.0,46,23,0,0,69,0,151
16886.0,46,23,0,0,69,0,151
16887.0,46,23,0,0,69,0,151
16888.0,46,23,0,0,69,0,151
16889.0,46,23,0,0,69,0,151
16890.0,46,23,0,0,69,0,151
16891.0,46,23,0,0,69,0,151
16892.0,46,23,0,0,69,0,151
16893.0,46,23,0,0,69,0,151
16894.0,46,23,0,0,69,0,151
16895.0,46,23,0,0,69,0,151
16896.0,46,23,0,0,69,0,151
16897.0,46,23,0,0,69,0,151
16898.0,46,23,0,0,69,0,151
16899.0,46,23,0,0,69,0,151
16900.0,46,23,0,0,69,0,151
16901.0,46,23,0,0,69,0,151
16902.0,46,23,0,0,69,0,151
16903.0,46,23,0,0,69,0,151
16904.0,46,23,0,0,69,0,151
16905.0,46,23,0,0,69,0,151
16906.0,46,23,0,0,69,0,151
16907.0,46,23,0,0,69,0,151
16908.0,46,23,0,0,69,0,151
16909.0,46,23,0,0,69,0,151
16910.0,46,23,0,0,69,0,151
16911.0,46,23,0,0,69,0,151
16912.0,46,23,0,0,69,0,151
16913.0,46,23,0,0,69,0,151
16914.0,46,23,0,0,69,0,151
16915.0,46,23,0,0,69,0,151
16916.0,46,23,0,0,69,0,151
16917.0,46,23,0,0,69,0,151
16918.0,46,23,0,0,69,0,151
16919.0,46,23,0,0,69,0,151
16920.0,46,23,0,0,69,0,151
16921.0,46,23,0,0,69,0,151
16922.0,46,23,0,0,69,0,151
16923.0,46,23,0,0,69,0,151
16924.0,46,23,0,0,69,0,151
16925.0,46,23,0,0,69,0,151
16926.0,46,23,0,0,69,0,151
16927.0,46,23,0,0,69,0,151
16928.0,46,23,0,0,69,0,151
16929.0,46,23,0,0,69,0,151
16930.0,46,23,0,0,69,0,151
16931.0,46,23,0,0,69,0,151
16932.0,46,23,0,0,69,0,151
16933.0,46,23,0,0,69,0,151
16934.0,46,23,0,0,69,0,151
16935.0,46,23,0,0,69,0,151
16936.0,46,23,0,0,69,0,151
16937.0,46,23,0,0,69,0,151
16938.0,46,23,0,0,69,0,151
16939.0,46,23,0,0,69,0,151
16940.0,46,23,0,0,69,0,151
16941.0,46,23,0,0,69,0,151
16942.0,46,23,0,0,69,0,151
16943.0,46,23,0,0,69,0,151
16944.0,46,23,0,0,69,0,151
16945.0,46,23,0,0,69,0,151
16946.0,46,23,0,0,69,0,151
16947.0,46,23,0,0,69,0,151
16948.0,46,23,0,0,69,0,151
16949.0,46,23,0,0,69,0,151
16950.0,46,23,0,0,69,0,151
16951.0,46,23,0,0,69,0,151
16952.0,46,23,0,0,69,0,151
16953.0,46,23,0,0,69,0,151
16954.0,46,23,0,0,69,0,151
16955.0,46,23,0,0,69,0,151
16956.0,46,23,0,0,69,0,151
16957.0,46,23,0,0,69,0,151
16958.0,46,23,0,0,69,0,151
16959.0,46,23,0,0,69,0,151
16960.0,46,23,0,0,69,0,151
16961.0,46,23,0,0,69,0,151
16962.0,46,23,0,0,69,0,151
16963.0,46,23,0,0,69,0,151
16964.0,46,23,0,0,69,0,151
16965.0,46,23,0,0,69,0,151
16966.0,46,23,0,0,69,0,151
16967.0,46,23,0,0,69,0,151
16968.0,46,23,0,0,69,0,151
16969.0,46,23,0,0,69,0,151
16970.0,46,23,0,0,69,0,151
16971.0,46,23,0,0,69,0,151
16972.0,46,23,0,0,69,0,151
16973.0,46,23,0,0,69,0,151
16974.0,46,23,0,0,69,0,151
16975.0,46,23,0,0,69,0,151
16976.0,46,23,0,0,69,0,151
16977.0,46,23,0,0,69,0,151
16978.0,46,23,0,0,69,0,151
16979.0,46,23,0,0,69,0,151
16980.0,46,23,0,0,69,0,151
16981.0,46,23,0,0,69,0,151
16982.0,46,23,0,0,69,0,151
16983.0,46,23,0,0,69,0,151
16984.0,46,23,0,0,69,0,151
16985.0,46,23,0,0,69,0,151
16986.0,46,23,0,0,69,0,151
16987.0,46,23,0,0,69,0,151
16988.0,46,23,0,0,69,0,151
16989.0,46,23,0,0,69,0,151
16990.0,46,23,0,0,69,0,151
16991.0,46,23,0,0,69,0,151
16992.0,46,23,0,0,69,0,151
16993.0,46,23,0,0,69,0,151
16994.0,46,23,0,0,69,0,151
16995.0,46,23,0,0,69,0,151
16996.0,46,23,0,0,69,0,151
16997.0,46,23,0,0,69,0,151
16998.0,46,23,0,0,69,0,151
16999.0,46,23,0,0,69,0,151
17000.0,46,23,0,0,69,0,151
17001.0,46,23,0,0,69,0,151
17002.0,46,23,0,0,69,0,151
17003.0,46,23,0,0,69,0,151
17004.0,46,23,0,0,69,0,151
17005.0,46,23,0,0,69,0,151
17006.0,46,23,0,0,69,0,151
17007.0,46,23,0,0,69,0,151
17008.0,46,23,0,0,69,0,151
17009.0,46,23,0,0,69,0,151
17010.0,46,23,0,0,69,0,151
17011.0,46,23,0,0,69,0,151
17012.0,46,23,0,0,69,0,151
17013.0,46,23,0,0,69,0,151
17014.0,46,23,0,0,69,0,151
17015.0,46,23,0,0,69,0,151
17016.0,46,23,0,0,69,0,151
17017.0,46,23,0,0,69,0,151
17018.0,46,23,0,0,69,0,151
17019.0,46,23,0,0,69,0,151
17020.0,46,23,0,0,69,0,151
17021.0,46,23,0,0,69,0,151
17022.0,46,23,0,0,69,0,151
17023.0,46,23,0,0,69,0,151
17024.0,46,23,0,0,69,0,151
17025.0,46,23,0,0,69,0,151
17026.0,46,23,0,0,69,0,151
17027.0,46,23,0,0,69,0,151
17028.0,46,23,0,0,69,0,151
17029.0,46,23,0,0,69,0,151
17030.0,46,23,0,0,69,0,151
17031.0,46,23,0,0,69,0,151
17032.0,46,23,0,0,69,0,151
17033.0,46,23,0,0,69,0,151
17034.0,46,23,0,0,69,0,151
17035.0,46,23,0,0,69,0,151
17036.0,46,23,0,0,69,0,151
17037.0,46,23,0,0,69,0,151
17038.0,46,23,0,0,69,0,151
17039.0,46,23,0,0,69,0,151
17040.0,46,23,0,0,69,0,151
17041.0,46,23,0,0,69,0,151
17042.0,46,23,0,0,69,0,151
17043.0,46,23,0,0,69,0,151
17044.0,46,23,0,0,69,0,151
17045.0,46,23,0,0,69,0,151
17046.0,46,23,0,0,69,0,151
17047.0,46,23,0,0,69,0,151
17048.0,46,23,0,0,69,0,151
17049.0,46,23,0,0,69,0,151
17050.0,46,23,0,0,69,0,151
17051.0,46,23,0,0,69,0,151
17052.0,46,23,0,0,69,0,151
17053.0,46,23,0,0,69,0,151
17054.0,46,23,0,0,69,0,151
17055.0,46,23,0,0,69,0,151
17056.0,46,23,0,0,69,0,151
17057.0,46,23,0,0,69,0,151
17058.0,46,23,0,0,69,0,151
17059.0,46,23,0,0,69,0,151
17060.0,46,23,0,0,69,0,151
17061.0,46,23,0,0,69,0,151
17062.0,46,23,0,0,69,0,151
17063.0,46,23,0,0,69,0,151
17064.0,46,23,0,0,69,0,151
17065.0,46,23,0,0,69,0,151
17066.0,46,23,0,0,69,0,151
17067.0,46,23,0,0,69,0,151
17068.0,46,23,0,0,69,0,151
17069.0,46,23,0,0,69,0,151
17070.0,46,23,0,0,69,0,151
17071.0,46,23,0,0,69,0,151
17072.0,46,23,0,0,69,0,151
17073.0,46,23,0,0,69,0,151
17074.0,46,23,0,0,69,0,151
17075.0,46,23,0,0,69,0,151
17076.0,46,23,0,0,69,0,151
17077.0,46,23,0,0,69,0,151
17078.0,46,23,0,0,69,0,151
17079.0,46,23,0,0,69,0,151
17080.0,46,23,0,0,69,0,151
17081.0,46,23,0,0,69,0,151
17082.0,46,23,0,0,69,0,151
17083.0,46,23,0,0,69,0,151
17084.0,46,23,0,0,69,0,151
17085.0,46,23,0,0,69,0,151
17086.0,46,23,0,0,69,0,151
17087.0,46,23,0,0,69,0,151
17088.0,46,23,0,0,69,0,151
17089.0,46,23,0,0,69,0,151
17090.0,46,23,0,0,69,0,151
17091.0,46,23,0,0,69,0,151
17092.0,46,23,0,0,69,0,151
17093.0,46,23,0,0,69,0,151
17094.0,46,23,0,0,69,0,151
17095.0,46,23,0,0,69,0,151
17096.0,46,23,0,0,69,0,151
17097.0,46,23,0,0,69,0,151
17098.0,46,23,0,0,69,0,151
17099.0,46,23,0,0,69,0,151
17100.0,46,23,0,0,69,0,151
17101.0,46,23,0,0,69,0,151
17102.0,46,23,0,0,69,0,151
17103.0,46,23,0,0,69,0,151
17104.0,46,23,0,0,69,0,151
17105.0,46,23,0,0,69,0,151
17106.0,46,23,0,0,69,0,151
17107.0,46,23,0,0,69,0,151
17108.0,46,23,0,0,69,0,151
17109.0,46,23,0,0,69,0,151
17110.0,46,23,0,0,69,0,151
17111.0,46,23,0,0,69,0,151
17112.0,46,23,0,0,69,0,151
17113.0,46,23,0,0,69,0,151
17114.0,46,23,0,0,69,0,151
17115.0,46,23,0,0,69,0,151
17116.0,46,23,0,0,69,0,151
17117.0,46,23,0,0,69,0,151
17118.0,46,23,0,0,69,0,151
17119.0,46,23,0,0,69,0,151
17120.0,46,23,0,0,69,0,151
17121.0,46,23,0,0,69,0,151
17122.0,46,23,0,0,69,0,151
17123.0,46,23,0,0,69,0,151
17124.0,46,23,0,0,69,0,151
17125.0,46,23,0,0,69,0,151
17126.0,46,23,0,0,69,0,151
17127.0,46,23,0,0,69,0,151
17128.0,46,23,0,0,69,0,151
17129.0,46,23,0,0,69,0,151
17130.0,46,23,0,0,69,0,151
17131.0,46,23,0,0,69,0,151
17132.0,46,23,0,0,69,0,151
17133.0,46,23,0,0,69,0,151
17134.0,46,23,0,0,69,0,151
17135.0,46,23,0,0,69,0,151
17136.0,46,23,0,0,69,0,151
17137.0,46,23,0,0,69,0,151
17138.0,46,23,0,0,69,0,151
17139.0,46,23,0,0,69,0,151
17140.0,46,23,0,0,69,0,151
17141.0,46,23,0,0,69,0,151
17142.0,46,23,0,0,69,0,151
17143.0,46,23,0,0,69,0,151
17144.0,46,23,0,0,69,0,151
17145.0,46,23,0,0,69,0,151
17146.0,46,23,0,0,69,0,151
17147.0,46,23,0,0,69,0,151
17148.0,46,23,0,0,69,0,151
17149.0,46,23,0,0,69,0,151
17150.0,46,23,0,0,69,0,151
17151.0,46,23,0,0,69,0,151
17152.0,46,23,0,0,69,0,151
17153.0,46,23,0,0,69,0,151
17154.0,46,23,0,0,69,0,151
17155.0,46,23,0,0,69,0,151
17156.0,46,23,0,0,69,0,151
17157.0,46,23,0,0,69,0,151
17158.0,46,23,0,0,69,0,151
17159.0,46,23,0,0,69,0,151
17160.0,46,23,0,0,69,0,151
17161.0,46,23,0,0,69,0,151
17162.0,46,23,0,0,69,0,151
17163.0,46,23,0,0,69,0,151
17164.0,46,23,0,0,69,0,151
17165.0,46,23,0,0,69,0,151
17166.0,46,23,0,0,69,0,151
17167.0,46,23,0,0,69,0,151
17168.0,46,23,0,0,69,0,151
17169.0,46,23,0,0,69,0,151
17170.0,46,23,0,0,69,0,151
17171.0,46,23,0,0,69,0,151
17172.0,46,23,0,0,69,0,151
17173.0,46,23,0,0,69,0,151
17174.0,46,23,0,0,69,0,151
17175.0,46,23,0,0,69,0,151
17176.0,46,23,0,0,69,0,151
17177.0,46,23,0,0,69,0,151
17178.0,46,23,0,0,69,0,151
17179.0,46,23,0,0,69,0,151
17180.0,46,23,0,0,69,0,151
17181.0,46,23,0,0,69,0,151
17182.0,46,23,0,0,69,0,151
17183.0,46,23,0,0,69,0,151
17184.0,46,23,0,0,69,0,151
17185.0,46,23,0,0,69,0,151
17186.0,46,23,0,0,69,0,151
17187.0,46,23,0,0,69,0,151
17188.0,46,23,0,0,69,0,151
17189.0,46,23,0,0,69,0,151
17190.0,46,23,0,0,69,0,151
17191.0,46,23,0,0,69,0,151
17192.0,46,23,0,0,69,0,151
17193.0,46,23,0,0,69,0,151
17194.0,46,23,0,0,69,0,151
17195.0,46,23,0,0,69,0,151
17196.0,46,23,0,0,69,0,151
17197.0,46,23,0,0,69,0,151
17198.0,46,23,0,0,69,0,151
17199.0,46,23,0,0,69,0,151
17200.0,46,23,0,0,69,0,151
17201.0,46,23,0,0,69,0,151
17202.0,46,23,0,0,69,0,151
17203.0,46,23,0,0,69,0,151
17204.0,46,23,0,0,69,0,151
17205.0,46,23,0,0,69,0,151
17206.0,46,23,0,0,69,0,151
17207.0,46,23,0,0,69,0,151
17208.0,46,23,0,0,69,0,151
17209.0,46,23,0,0,69,0,151
17210.0,46,23,0,0,69,0,151
17211.0,46,23,0,0,69,0,151
17212.0,46,23,0,0,69,0,151
17213.0,46,23,0,0,69,0,151
17214.0,46,23,0,0,69,0,151
17215.0,46,23,0,0,69,0,151
17216.0,46,23,0,0,69,0,151
17217.0,46,23,0,0,69,0,151
17218.0,46,23,0,0,69,0,151
17219.0,46,23,0,0,69,0,151
17220.0,46,23,0,0,69,0,151
17221.0,46,23,0,0,69,0,151
17222.0,46,23,0,0,69,0,151
17223.0,46,23,0,0,69,0,151
17224.0,46,23,0,0,69,0,151
17225.0,46,23,0,0,69,0,151
17226.0,46,23,0,0,69,0,151
17227.0,46,23,0,0,69,0,151
17228.0,46,23,0,0,69,0,151
17229.0,46,23,0,0,69,0,151
17230.0,46,23,0,0,69,0,151
17231.0,46,23,0,0,69,0,151
17232.0,46,23,0,0,69,0,151
17233.0,46,23,0,0,69,0,151
17234.0,46,23,0,0,69,0,151
17235.0,46,23,0,0,69,0,151
17236.0,46,23,0,0,69,0,151
17237.0,46,23,0,0,69,0,151
17238.0,46,23,0,0,69,0,151
17239.0,46,23,0,0,69,0,151
17240.0,46,23,0,0,69,0,151
17241.0,46,23,0,0,69,0,151
17242.0,46,23,0,0,69,0,151
17243.0,46,23,0,0,69,0,151
17244.0,46,23,0,0,69,0,151
17245.0,46,23,0,0,69,0,151
17246.0,46,23,0,0,69,0,151
17247.0,46,23,0,0,69,0,151
17248.0,46,23,0,0,69,0,151
17249.0,46,23,0,0,69,0,151
17250.0,46,23,0,0,69,0,151
17251.0,46,23,0,0,69,0,151
17252.0,46,23,0,0,69,0,151
17253.0,46,23,0,0,69,0,151
17254.0,46,23,0,0,69,0,151
17255.0,46,23,0,0,69,0,151
17256.0,46,23,0,0,69,0,151
17257.0,46,23,0,0,69,0,151
17258.0,46,23,0,0,69,0,151
17259.0,46,23,0,0,69,0,151
17260.0,46,23,0,0,69,0,151
17261.0,46,23,0,0,69,0,151
17262.0,46,23,0,0,69,0,151
17263.0,46,23,0,0,69,0,151
17264.0,46,23,0,0,69,0,151
17265.0,46,23,0,0,69,0,151
17266.0,46,23,0,0,69,0,151
17267.0,46,23,0,0,69,0,151
17268.0,46,23,0,0,69,0,151
17269.0,46,23,0,0,69,0,151
17270.0,46,23,0,0,69,0,151
17271.0,46,23,0,0,69,0,151
17272.0,46,23,0,0,69,0,151
17273.0,46,23,0,0,69,0,151
17274.0,46,23,0,0,69,0,151
17275.0,46,23,0,0,69,0,151
17276.0,46,23,0,0,69,0,151
17277.0,46,23,0,0,69,0,151
17278.0,46,23,0,0,69,0,151
17279.0,46,23,0,0,69,0,151
17280.0,46,23,0,0,69,0,151
17281.0,46,23,0,0,69,0,151
17282.0,46,23,0,0,69,0,151
17283.0,46,23,0,0,69,0,151
17284.0,46,23,0,0,69,0,151
17285.0,46,23,0,0,69,0,151
17286.0,46,23,0,0,69,0,151
17287.0,46,23,0,0,69,0,151
17288.0,46,23,0,0,69,0,151
17289.0,46,23,0,0,69,0,151
17290.0,46,23,0,0,69,0,151
17291.0,46,23,0,0,69,0,151
17292.0,46,23,0,0,69,0,151
17293.0,46,23,0,0,69,0,151
17294.0,46,23,0,0,69,0,151
17295.0,46,23,0,0,69,0,151
17296.0,46,23,0,0,69,0,151
17297.0,46,23,0,0,69,0,151
17298.0,46,23,0,0,69,0,151
17299.0,46,23,0,0,69,0,151
17300.0,46,23,0,0,69,0,151
17301.0,46,23,0,0,69,0,151
17302.0,46,23,0,0,69,0,151
17303.0,46,23,0,0,69,0,151
17304.0,46,23,0,0,69,0,151
17305.0,46,23,0,0,69,0,151
17306.0,46,23,0,0,69,0,151
17307.0,46,23,0,0,69,0,151
17308.0,46,23,0,0,69,0,151
17309.0,46,23,0,0,69,0,151
17310.0,46,23,0,0,69,0,151
17311.0,46,23,0,0,69,0,151
17312.0,46,23,0,0,69,0,151
17313.0,46,23,0,0,69,0,151
17314.0,46,23,0,0,69,0,151
17315.0,46,23,0,0,69,0,151
17316.0,46,23,0,0,69,0,151
17317.0,46,23,0,0,69,0,151
17318.0,46,23,0,0,69,0,151
17319.0,46,23,0,0,69,0,151
17320.0,46,23,0,0,69,0,151
17321.0,46,23,0,0,69,0,151
17322.0,46,23,0,0,69,0,151
17323.0,46,23,0,0,69,0,151
17324.0,46,23,0,0,69,0,151
17325.0,46,23,0,0,69,0,151
17326.0,46,23,0,0,69,0,151
17327.0,46,23,0,0,69,0,151
17328.0,46,23,0,0,69,0,151
17329.0,46,23,0,0,69,0,151
17330.0,46,23,0,0,69,0,151
17331.0,46,23,0,0,69,0,151
17332.0,46,23,0,0,69,0,151
17333.0,46,23,0,0,69,0,151
17334.0,46,23,0,0,69,0,151
17335.0,46,23,0,0,69,0,151
17336.0,46,23,0,0,69,0,151
17337.0,46,23,0,0,69,0,151
17338.0,46,23,0,0,69,0,151
17339.0,46,23,0,0,69,0,151
17340.0,46,23,0,0,69,0,151
17341.0,46,23,0,0,69,0,151
17342.0,46,23,0,0,69,0,151
17343.0,46,23,0,0,69,0,151
17344.0,46,23,0,0,69,0,151
17345.0,46,23,0,0,69,0,151
17346.0,46,23,0,0,69,0,151
17347.0,46,23,0,0,69,0,151
17348.0,46,23,0,0,69,0,151
17349.0,46,23,0,0,69,0,151
17350.0,46,23,0,0,69,0,151
17351.0,46,23,0,0,69,0,151
17352.0,46,23,0,0,69,0,151
17353.0,46,23,0,0,69,0,151
17354.0,46,23,0,0,69,0,151
17355.0,46,23,0,0,69,0,151
17356.0,46,23,0,0,69,0,151
17357.0,46,23,0,0,69,0,151
17358.0,46,23,0,0,69,0,151
17359.0,46,23,0,0,69,0,151
17360.0,46,23,0,0,69,0,151
17361.0,46,23,0,0,69,0,151
17362.0,46,23,0,0,69,0,151
17363.0,46,23,0,0,69,0,151
17364.0,46,23,0,0,69,0,151
17365.0,46,23,0,0,69,0,151
17366.0,46,23,0,0,69,0,151
17367.0,46,23,0,0,69,0,151
17368.0,46,23,0,0,69,0,151
17369.0,46,23,0,0,69,0,151
17370.0,46,23,0,0,69,0,151
17371.0,46,23,0,0,69,0,151
17372.0,46,23,0,0,69,0,151
17373.0,46,23,0,0,69,0,151
17374.0,46,23,0,0,69,0,151
17375.0,46,23,0,0,69,0,151
17376.0,46,23,0,0,69,0,151
17377.0,46,23,0,0,69,0,151
17378.0,46,23,0,0,69,0,151
17379.0,46,23,0,0,69,0,151
17380.0,46,23,0,0,69,0,151
17381.0,46,23,0,0,69,0,151
17382.0,46,23,0,0,69,0,151
17383.0,46,23,0,0,69,0,151
17384.0,46,23,0,0,69,0,151
17385.0,46,23,0,0,69,0,151
17386.0,46,23,0,0,69,0,151
17387.0,46,23,0,0,69,0,151
17388.0,46,23,0,0,69,0,151
17389.0,46,23,0,0,69,0,151
17390.0,46,23,0,0,69,0,151
17391.0,46,23,0,0,69,0,151
17392.0,46,23,0,0,69,0,151
17393.0,46,23,0,0,69,0,151
17394.0,46,23,0,0,69,0,151
17395.0,46,23,0,0,69,0,151
17396.0,46,23,0,0,69,0,151
17397.0,46,23,0,0,69,0,151
17398.0,46,23,0,0,69,0,151
17399.0,46,23,0,0,69,0,151
17400.0,46,23,0,0,69,0,151
17401.0,46,23,0,0,69,0,151
17402.0,46,23,0,0,69,0,151
17403.0,46,23,0,0,69,0,151
17404.0,46,23,0,0,69,0,151
17405.0,46,23,0,0,69,0,151
17406.0,46,23,0,0,69,0,151
17407.0,46,23,0,0,69,0,151
17408.0,46,23,0,0,69,0,151
17409.0,46,23,0,0,69,0,151
17410.0,46,23,0,0,69,0,151
17411.0,46,23,0,0,69,0,151
17412.0,46,23,0,0,69,0,151
17413.0,46,23,0,0,69,0,151
17414.0,46,23,0,0,69,0,151
17415.0,46,23,0,0,69,0,151
17416.0,46,23,0,0,69,0,151
17417.0,46,23,0,0,69,0,151
17418.0,46,23,0,0,69,0,151
17419.0,46,23,0,0,69,0,151
17420.0,46,23,0,0,69,0,151
17421.0,46,23,0,0,69,0,151
17422.0,46,23,0,0,69,0,151
17423.0,46,23,0,0,69,0,151
17424.0,46,23,0,0,69,0,151
17425.0,46,23,0,0,69,0,151
17426.0,46,23,0,0,69,0,151
17427.0,46,23,0,0,69,0,151
17428.0,46,23,0,0,69,0,151
17429.0,46,23,0,0,69,0,151
17430.0,46,23,0,0,69,0,151
17431.0,46,23,0,0,69,0,151
17432.0,46,23,0,0,69,0,151
17433.0,46,23,0,0,69,0,151
17434.0,46,23,0,0,69,0,151
17435.0,46,23,0,0,69,0,151
17436.0,46,23,0,0,69,0,151
17437.0,46,23,0,0,69,0,151
17438.0,46,23,0,0,69,0,151
17439.0,46,23,0,0,69,0,151
17440.0,46,23,0,0,69,0,151
17441.0,46,23,0,0,69,0,151
17442.0,46,23,0,0,69,0,151
17443.0,46,23,0,0,69,0,151
17444.0,46,23,0,0,69,0,151
17445.0,46,23,0,0,69,0,151
17446.0,46,23,0,0,69,0,151
17447.0,46,23,0,0,69,0,151
17448.0,46,23,0,0,69,0,151
17449.0,46,23,0,0,69,0,151
17450.0,46,23,0,0,69,0,151
17451.0,46,23,0,0,69,0,151
17452.0,46,23,0,0,69,0,151
17453.0,46,23,0,0,69,0,151
17454.0,46,23,0,0,69,0,151
17455.0,46,23,0,0,69,0,151
17456.0,46,23,0,0,69,0,151
17457.0,46,23,0,0,69,0,151
17458.0,46,23,0,0,69,0,151
17459.0,46,23,0,0,69,0,151
17460.0,46,23,0,0,69,0,151
17461.0,46,23,0,0,69,0,151
17462.0,46,23,0,0,69,0,151
17463.0,46,23,0,0,69,0,151
17464.0,46,23,0,0,69,0,151
17465.0,46,23,0,0,69,0,151
17466.0,46,23,0,0,69,0,151
17467.0,46,23,0,0,69,0,151
17468.0,46,23,0,0,69,0,151
17469.0,46,23,0,0,69,0,151
17470.0,46,23,0,0,69,0,151
17471.0,46,23,0,0,69,0,151
17472.0,46,23,0,0,69,0,151
17473.0,46,23,0,0,69,0,151
17474.0,46,23,0,0,69,0,151
17475.0,46,23,0,0,69,0,151
17476.0,46,23,0,0,69,0,151
17477.0,46,23,0,0,69,0,151
17478.0,46,23,0,0,69,0,151
17479.0,46,23,0,0,69,0,151
17480.0,46,23,0,0,69,0,151
17481.0,46,23,0,0,69,0,151
17482.0,46,23,0,0,69,0,151
17483.0,46,23,0,0,69,0,151
17484.0,46,23,0,0,69,0,151
17485.0,46,23,0,0,69,0,151
17486.0,46,23,0,0,69,0,151
17487.0,46,23,0,0,69,0,151
17488.0,46,23,0,0,69,0,151
17489.0,46,23,0,0,69,0,151
17490.0,46,23,0,0,69,0,151
17491.0,46,23,0,0,69,0,151
17492.0,46,23,0,0,69,0,151
17493.0,46,23,0,0,69,0,151
17494.0,46,23,0,0,69,0,151
17495.0,46,23,0,0,69,0,151
17496.0,46,23,0,0,69,0,151
17497.0,46,23,0,0,69,0,151
17498.0,46,23,0,0,69,0,151
17499.0,46,23,0,0,69,0,151
17500.0,46,23,0,0,69,0,151
17501.0,46,23,0,0,69,0,151
17502.0,46,23,0,0,69,0,151
17503.0,46,23,0,0,69,0,151
17504.0,46,23,0,0,69,0,151
17505.0,46,23,0,0,69,0,151
17506.0,46,23,0,0,69,0,151
17507.0,46,23,0,0,69,0,151
17508.0,46,23,0,0,69,0,151
17509.0,46,23,0,0,69,0,151
17510.0,46,23,0,0,69,0,151
17511.0,46,23,0,0,69,0,151
17512.0,46,23,0,0,69,0,151
17513.0,46,23,0,0,69,0,151
17514.0,46,23,0,0,69,0,151
17515.0,46,23,0,0,69,0,151
17516.0,46,23,0,0,69,0,151
17517.0,46,23,0,0,69,0,151
17518.0,46,23,0,0,69,0,151
17519.0,46,23,0,0,69,0,151
17520.0,46,23,0,0,69,0,151
17521.0,46,23,0,0,69,0,151
17522.0,46,23,0,0,69,0,151
17523.0,46,23,0,0,69,0,151
17524.0,46,23,0,0,69,0,151
17525.0,46,23,0,0,69,0,151
17526.0,46,23,0,0,69,0,151
17527.0,46,23,0,0,69,0,151
17528.0,46,23,0,0,69,0,151
17529.0,46,23,0,0,69,0,151
17530.0,46,23,0,0,69,0,151
17531.0,46,23,0,0,69,0,151
17532.0,46,23,0,0,69,0,151
17533.0,46,23,0,0,69,0,151
17534.0,46,23,0,0,69,0,151
17535.0,46,23,0,0,69,0,151
17536.0,46,23,0,0,69,0,151
17537.0,46,23,0,0,69,0,151
17538.0,46,23,0,0,69,0,151
17539.0,46,23,0,0,69,0,151
17540.0,46,23,0,0,69,0,151
17541.0,46,23,0,0,69,0,151
17542.0,46,23,0,0,69,0,151
17543.0,46,23,0,0,69,0,151
17544.0,46,23,0,0,69,0,151
17545.0,46,23,0,0,69,0,151
17546.0,46,23,0,0,69,0,151
17547.0,46,23,0,0,69,0,151
17548.0,46,23,0,0,69,0,151
17549.0,46,23,0,0,69,0,151
17550.0,46,23,0,0,69,0,151
17551.0,46,23,0,0,69,0,151
17552.0,46,23,0,0,69,0,151
17553.0,46,23,0,0,69,0,151
17554.0,46,23,0,0,69,0,151
17555.0,46,23,0,0,69,0,151
17556.0,46,23,0,0,69,0,151
17557.0,46,23,0,0,69,0,151
17558.0,46,23,0,0,69,0,151
17559.0,46,23,0,0,69,0,151
17560.0,46,23,0,0,69,0,151
17561.0,46,23,0,0,69,0,151
17562.0,46,23,0,0,69,0,151
17563.0,46,23,0,0,69,0,151
17564.0,46,23,0,0,69,0,151
17565.0,46,23,0,0,69,0,151
17566.0,46,23,0,0,69,0,151
17567.0,46,23,0,0,69,0,151
17568.0,46,23,0,0,69,0,151
17569.0,46,23,0,0,69,0,151
17570.0,46,23,0,0,69,0,151
17571.0,46,23,0,0,69,0,151
17572.0,46,23,0,0,69,0,151
17573.0,46,23,0,0,69,0,151
17574.0,46,23,0,0,69,0,151
17575.0,46,23,0,0,69,0,151
17576.0,46,23,0,0,69,0,151
17577.0,46,23,0,0,69,0,151
17578.0,46,23,0,0,69,0,151
17579.0,46,23,0,0,69,0,151
17580.0,46,23,0,0,69,0,151
17581.0,46,23,0,0,69,0,151
17582.0,46,23,0,0,69,0,151
17583.0,46,23,0,0,69,0,151
17584.0,46,23,0,0,69,0,151
17585.0,46,23,0,0,69,0,151
17586.0,46,23,0,0,69,0,151
17587.0,46,23,0,0,69,0,151
17588.0,46,23,0,0,69,0,151
17589.0,46,23,0,0,69,0,151
17590.0,46,23,0,0,69,0,151
17591.0,46,23,0,0,69,0,151
17592.0,46,23,0,0,69,0,151
17593.0,46,23,0,0,69,0,151
17594.0,46,23,0,0,69,0,151
17595.0,46,23,0,0,69,0,151
17596.0,46,23,0,0,69,0,151
17597.0,46,23,0,0,69,0,151
17598.0,46,23,0,0,69,0,151
17599.0,46,23,0,0,69,0,151
17600.0,46,23,0,0,69,0,151
17601.0,46,23,0,0,69,0,151
17602.0,46,23,0,0,69,0,151
17603.0,46,23,0,0,69,0,151
17604.0,46,23,0,0,69,0,151
17605.0,46,23,0,0,69,0,151
17606.0,46,23,0,0,69,0,151
17607.0,46,23,0,0,69,0,151
17608.0,46,23,0,0,69,0,151
17609.0,46,23,0,0,69,0,151
17610.0,46,23,0,0,69,0,151
17611.0,46,23,0,0,69,0,151
17612.0,46,23,0,0,69,0,151
17613.0,46,23,0,0,69,0,151
17614.0,46,23,0,0,69,0,151
17615.0,46,23,0,0,69,0,151
17616.0,46,23,0,0,69,0,151
17617.0,46,23,0,0,69,0,151
17618.0,46,23,0,0,69,0,151
17619.0,46,23,0,0,69,0,151
17620.0,46,23,0,0,69,0,151
17621.0,46,23,0,0,69,0,151
17622.0,46,23,0,0,69,0,151
17623.0,46,23,0,0,69,0,151
17624.0,46,23,0,0,69,0,151
17625.0,46,23,0,0,69,0,151
17626.0,46,23,0,0,69,0,151
17627.0,46,23,0,0,69,0,151
17628.0,46,23,0,0,69,0,151
17629.0,46,23,0,0,69,0,151
17630.0,46,23,0,0,69,0,151
17631.0,46,23,0,0,69,0,151
17632.0,46,23,0,0,69,0,151
17633.0,46,23,0,0,69,0,151
17634.0,46,23,0,0,69,0,151
17635.0,46,23,0,0,69,0,151
17636.0,46,23,0,0,69,0,151
17637.0,46,23,0,0,69,0,151
17638.0,46,23,0,0,69,0,151
17639.0,46,23,0,0,69,0,151
17640.0,46,23,0,0,69,0,151
17641.0,46,23,0,0,69,0,151
17642.0,46,23,0,0,69,0,151
17643.0,46,23,0,0,69,0,151
17644.0,46,23,0,0,69,0,151
17645.0,46,23,0,0,69,0,151
17646.0,46,23,0,0,69,0,151
17647.0,46,23,0,0,69,0,151
17648.0,46,23,0,0,69,0,151
17649.0,46,23,0,0,69,0,151
17650.0,46,23,0,0,69,0,151
17651.0,46,23,0,0,69,0,151
17652.0,46,23,0,0,69,0,151
17653.0,46,23,0,0,69,0,151
17654.0,46,23,0,0,69,0,151
17655.0,46,23,0,0,69,0,151
17656.0,46,23,0,0,69,0,151
17657.0,46,23,0,0,69,0,151
17658.0,46,23,0,0,69,0,151
17659.0,46,23,0,0,69,0,151
17660.0,46,23,0,0,69,0,151
17661.0,46,23,0,0,69,0,151
17662.0,46,23,0,0,69,0,151
17663.0,46,23,0,0,69,0,151
17664.0,46,23,0,0,69,0,151
17665.0,46,23,0,0,69,0,151
17666.0,46,23,0,0,69,0,151
17667.0,46,23,0,0,69,0,151
17668.0,46,23,0,0,69,0,151
17669.0,46,23,0,0,69,0,151
17670.0,46,23,0,0,69,0,151
17671.0,46,23,0,0,69,0,151
17672.0,46,23,0,0,69,0,151
17673.0,46,23,0,0,69,0,151
17674.0,46,23,0,0,69,0,151
17675.0,46,23,0,0,69,0,151
17676.0,46,23,0,0,69,0,151
17677.0,46,23,0,0,69,0,151
17678.0,46,23,0,0,69,0,151
17679.0,46,23,0,0,69,0,151
17680.0,46,23,0,0,69,0,151
17681.0,46,23,0,0,69,0,151
17682.0,46,23,0,0,69,0,151
17683.0,46,23,0,0,69,0,151
17684.0,46,23,0,0,69,0,151
17685.0,46,23,0,0,69,0,151
17686.0,46,23,0,0,69,0,151
17687.0,46,23,0,0,69,0,151
17688.0,46,23,0,0,69,0,151
17689.0,46,23,0,0,69,0,151
17690.0,46,23,0,0,69,0,151
17691.0,46,23,0,0,69,0,151
17692.0,46,23,0,0,69,0,151
17693.0,46,23,0,0,69,0,151
17694.0,46,23,0,0,69,0,151
17695.0,46,23,0,0,69,0,151
17696.0,46,23,0,0,69,0,151
17697.0,46,23,0,0,69,0,151
17698.0,46,23,0,0,69,0,151
17699.0,46,23,0,0,69,0,151
17700.0,46,23,0,0,69,0,151
17701.0,46,23,0,0,69,0,151
17702.0,46,23,0,0,69,0,151
17703.0,46,23,0,0,69,0,151
17704.0,46,23,0,0,69,0,151
17705.0,46,23,0,0,69,0,151
17706.0,46,23,0,0,69,0,151
17707.0,46,23,0,0,69,0,151
17708.0,46,23,0,0,69,0,151
17709.0,46,23,0,0,69,0,151
17710.0,46,23,0,0,69,0,151
17711.0,46,23,0,0,69,0,151
17712.0,46,23,0,0,69,0,151
17713.0,46,23,0,0,69,0,151
17714.0,46,23,0,0,69,0,151
17715.0,46,23,0,0,69,0,151
17716.0,46,23,0,0,69,0,151
17717.0,46,23,0,0,69,0,151
17718.0,46,23,0,0,69,0,151
17719.0,46,23,0,0,69,0,151
17720.0,46,23,0,0,69,0,151
17721.0,46,23,0,0,69,0,151
17722.0,46,23,0,0,69,0,151
17723.0,46,23,0,0,69,0,151
17724.0,46,23,0,0,69,0,151
17725.0,46,23,0,0,69,0,151
17726.0,46,23,0,0,69,0,151
17727.0,46,23,0,0,69,0,151
17728.0,46,23,0,0,69,0,151
17729.0,46,23,0,0,69,0,151
17730.0,46,23,0,0,69,0,151
17731.0,46,23,0,0,69,0,151
17732.0,46,23,0,0,69,0,151
17733.0,46,23,0,0,69,0,151
17734.0,46,23,0,0,69,0,151
17735.0,46,23,0,0,69,0,151
17736.0,46,23,0,0,69,0,151
17737.0,46,23,0,0,69,0,151
17738.0,46,23,0,0,69,0,151
17739.0,46,23,0,0,69,0,151
17740.0,46,23,0,0,69,0,151
17741.0,46,23,0,0,69,0,151
17742.0,46,23,0,0,69,0,151
17743.0,46,23,0,0,69,0,151
17744.0,46,23,0,0,69,0,151
17745.0,46,23,0,0,69,0,151
17746.0,46,23,0,0,69,0,151
17747.0,46,23,0,0,69,0,151
17748.0,46,23,0,0,69,0,151
17749.0,46,23,0,0,69,0,151
17750.0,46,23,0,0,69,0,151
17751.0,46,23,0,0,69,0,151
17752.0,46,23,0,0,69,0,151
17753.0,46,23,0,0,69,0,151
17754.0,46,23,0,0,69,0,151
17755.0,46,23,0,0,69,0,151
17756.0,46,23,0,0,69,0,151
17757.0,46,23,0,0,69,0,151
17758.0,46,23,0,0,69,0,151
17759.0,46,23,0,0,69,0,151
17760.0,46,23,0,0,69,0,151
17761.0,46,23,0,0,69,0,151
17762.0,46,23,0,0,69,0,151
17763.0,46,23,0,0,69,0,151
17764.0,46,23,0,0,69,0,151
17765.0,46,23,0,0,69,0,151
17766.0,46,23,0,0,69,0,151
17767.0,46,23,0,0,69,0,151
17768.0,46,23,0,0,69,0,151
17769.0,46,23,0,0,69,0,151
17770.0,46,23,0,0,69,0,151
17771.0,46,23,0,0,69,0,151
17772.0,46,23,0,0,69,0,151
17773.0,46,23,0,0,69,0,151
17774.0,46,23,0,0,69,0,151
17775.0,46,23,0,0,69,0,151
17776.0,46,23,0,0,69,0,151
17777.0,46,23,0,0,69,0,151
17778.0,46,23,0,0,69,0,151
17779.0,46,23,0,0,69,0,151
17780.0,46,23,0,0,69,0,151
17781.0,46,23,0,0,69,0,151
17782.0,46,23,0,0,69,0,151
17783.0,46,23,0,0,69,0,151
17784.0,46,23,0,0,69,0,151
17785.0,46,23,0,0,69,0,151
17786.0,46,23,0,0,69,0,151
17787.0,46,23,0,0,69,0,151
17788.0,46,23,0,0,69,0,151
17789.0,46,23,0,0,69,0,151
17790.0,46,23,0,0,69,0,151
17791.0,46,23,0,0,69,0,151
17792.0,46,23,0,0,69,0,151
17793.0,46,23,0,0,69,0,151
17794.0,46,23,0,0,69,0,151
17795.0,46,23,0,0,69,0,151
17796.0,46,23,0,0,69,0,151
17797.0,46,23,0,0,69,0,151
17798.0,46,23,0,0,69,0,151
17799.0,46,23,0,0,69,0,151
17800.0,46,23,0,0,69,0,151
17801.0,46,23,0,0,69,0,151
17802.0,46,23,0,0,69,0,151
17803.0,46,23,0,0,69,0,151
17804.0,46,23,0,0,69,0,151
17805.0,46,23,0,0,69,0,151
17806.0,46,23,0,0,69,0,151
17807.0,46,23,0,0,69,0,151
17808.0,46,23,0,0,69,0,151
17809.0,46,23,0,0,69,0,151
17810.0,46,23,0,0,69,0,151
17811.0,46,23,0,0,69,0,151
17812.0,46,23,0,0,69,0,151
17813.0,46,23,0,0,69,0,151
17814.0,46,23,0,0,69,0,151
17815.0,46,23,0,0,69,0,151
17816.0,46,23,0,0,69,0,151
17817.0,46,23,0,0,69,0,151
17818.0,46,23,0,0,69,0,151
17819.0,46,23,0,0,69,0,151
17820.0,46,23,0,0,69,0,151
17821.0,46,23,0,0,69,0,151
17822.0,46,23,0,0,69,0,151
17823.0,46,23,0,0,69,0,151
17824.0,46,23,0,0,69,0,151
17825.0,46,23,0,0,69,0,151
17826.0,46,23,0,0,69,0,151
17827.0,46,23,0,0,69,0,151
17828.0,46,23,0,0,69,0,151
17829.0,46,23,0,0,69,0,151
17830.0,46,23,0,0,69,0,151
17831.0,46,23,0,0,69,0,151
17832.0,46,23,0,0,69,0,151
17833.0,46,23,0,0,69,0,151
17834.0,46,23,0,0,69,0,151
17835.0,46,23,0,0,69,0,151
17836.0,46,23,0,0,69,0,151
17837.0,46,23,0,0,69,0,151
17838.0,46,23,0,0,69,0,151
17839.0,46,23,0,0,69,0,151
17840.0,46,23,0,0,69,0,151
17841.0,46,23,0,0,69,0,151
17842.0,46,23,0,0,69,0,151
17843.0,46,23,0,0,69,0,151
17844.0,46,23,0,0,69,0,151
17845.0,46,23,0,0,69,0,151
17846.0,46,23,0,0,69,0,151
17847.0,46,23,0,0,69,0,151
17848.0,46,23,0,0,69,0,151
17849.0,46,23,0,0,69,0,151
17850.0,46,23,0,0,69,0,151
17851.0,46,23,0,0,69,0,151
17852.0,46,23,0,0,69,0,151
17853.0,46,23,0,0,69,0,151
17854.0,46,23,0,0,69,0,151
17855.0,46,23,0,0,69,0,151
17856.0,46,23,0,0,69,0,151
17857.0,46,23,0,0,69,0,151
17858.0,46,23,0,0,69,0,151
17859.0,46,23,0,0,69,0,151
17860.0,46,23,0,0,69,0,151
17861.0,46,23,0,0,69,0,151
17862.0,46,23,0,0,69,0,151
17863.0,46,23,0,0,69,0,151
17864.0,46,23,0,0,69,0,151
17865.0,46,23,0,0,69,0,151
17866.0,46,23,0,0,69,0,151
17867.0,46,23,0,0,69,0,151
17868.0,46,23,0,0,69,0,151
17869.0,46,23,0,0,69,0,151
17870.0,46,23,0,0,69,0,151
17871.0,46,23,0,0,69,0,151
17872.0,46,23,0,0,69,0,151
17873.0,46,23,0,0,69,0,151
17874.0,46,23,0,0,69,0,151
17875.0,46,23,0,0,69,0,151
17876.0,46,23,0,0,69,0,151
17877.0,46,23,0,0,69,0,151
17878.0,46,23,0,0,69,0,151
17879.0,46,23,0,0,69,0,151
17880.0,46,23,0,0,69,0,151
17881.0,46,23,0,0,69,0,151
17882.0,46,23,0,0,69,0,151
17883.0,46,23,0,0,69,0,151
17884.0,46,23,0,0,69,0,151
17885.0,46,23,0,0,69,0,151
17886.0,46,23,0,0,69,0,151
17887.0,46,23,0,0,69,0,151
17888.0,46,23,0,0,69,0,151
17889.0,46,23,0,0,69,0,151
17890.0,46,23,0,0,69,0,151
17891.0,46,23,0,0,69,0,151
17892.0,46,23,0,0,69,0,151
17893.0,46,23,0,0,69,0,151
17894.0,46,23,0,0,69,0,151
17895.0,46,23,0,0,69,0,151
17896.0,46,23,0,0,69,0,151
17897.0,46,23,0,0,69,0,151
17898.0,46,23,0,0,69,0,151
17899.0,46,23,0,0,69,0,151
17900.0,46,23,0,0,69,0,151
17901.0,46,23,0,0,69,0,151
17902.0,46,23,0,0,69,0,151
17903.0,46,23,0,0,69,0,151
17904.0,46,23,0,0,69,0,151
17905.0,46,23,0,0,69,0,151
17906.0,46,23,0,0,69,0,151
17907.0,46,23,0,0,69,0,151
17908.0,46,23,0,0,69,0,151
17909.0,46,23,0,0,69,0,151
17910.0,46,23,0,0,69,0,151
17911.0,46,23,0,0,69,0,151
17912.0,46,23,0,0,69,0,151
17913.0,46,23,0,0,69,0,151
17914.0,46,23,0,0,69,0,151
17915.0,46,23,0,0,69,0,151
17916.0,46,23,0,0,69,0,151
17917.0,46,23,0,0,69,0,151
17918.0,46,23,0,0,69,0,151
17919.0,46,23,0,0,69,0,151
17920.0,46,23,0,0,69,0,151
17921.0,46,23,0,0,69,0,151
17922.0,46,23,0,0,69,0,151
17923.0,46,23,0,0,69,0,151
17924.0,46,23,0,0,69,0,151
17925.0,46,23,0,0,69,0,151
17926.0,46,23,0,0,69,0,151
17927.0,46,23,0,0,69,0,151
17928.0,46,23,0,0,69,0,151
17929.0,46,23,0,0,69,0,151
17930.0,46,23,0,0,69,0,151
17931.0,46,23,0,0,69,0,151
17932.0,46,23,0,0,69,0,151
17933.0,46,23,0,0,69,0,151
17934.0,46,23,0,0,69,0,151
17935.0,46,23,0,0,69,0,151
17936.0,46,23,0,0,69,0,151
17937.0,46,23,0,0,69,0,151
17938.0,46,23,0,0,69,0,151
17939.0,46,23,0,0,69,0,151
17940.0,46,23,0,0,69,0,151
17941.0,46,23,0,0,69,0,151
17942.0,46,23,0,0,69,0,151
17943.0,46,23,0,0,69,0,151
17944.0,46,23,0,0,69,0,151
17945.0,46,23,0,0,69,0,151
17946.0,46,23,0,0,69,0,151
17947.0,46,23,0,0,69,0,151
17948.0,46,23,0,0,69,0,151
17949.0,46,23,0,0,69,0,151
17950.0,46,23,0,0,69,0,151
17951.0,46,23,0,0,69,0,151
17952.0,46,23,0,0,69,0,151
17953.0,46,23,0,0,69,0,151
17954.0,46,23,0,0,69,0,151
17955.0,46,23,0,0,69,0,151
17956.0,46,23,0,0,69,0,151
17957.0,46,23,0,0,69,0,151
17958.0,46,23,0,0,69,0,151
17959.0,46,23,0,0,69,0,151
17960.0,46,23,0,0,69,0,151
17961.0,46,23,0,0,69,0,151
17962.0,46,23,0,0,69,0,151
17963.0,46,23,0,0,69,0,151
17964.0,46,23,0,0,69,0,151
17965.0,46,23,0,0,69,0,151
17966.0,46,23,0,0,69,0,151
17967.0,46,23,0,0,69,0,151
17968.0,46,23,0,0,69,0,151
17969.0,46,23,0,0,69,0,151
17970.0,46,23,0,0,69,0,151
17971.0,46,23,0,0,69,0,151
17972.0,46,23,0,0,69,0,151
17973.0,46,23,0,0,69,0,151
17974.0,46,23,0,0,69,0,151
17975.0,46,23,0,0,69,0,151
17976.0,46,23,0,0,69,0,151
17977.0,46,23,0,0,69,0,151
17978.0,46,23,0,0,69,0,151
17979.0,46,23,0,0,69,0,151
17980.0,46,23,0,0,69,0,151
17981.0,46,23,0,0,69,0,151
17982.0,46,23,0,0,69,0,151
17983.0,46,23,0,0,69,0,151
17984.0,46,23,0,0,69,0,151
17985.0,46,23,0,0,69,0,151
17986.0,46,23,0,0,69,0,151
17987.0,46,23,0,0,69,0,151
17988.0,46,23,0,0,69,0,151
17989.0,46,23,0,0,69,0,151
17990.0,46,23,0,0,69,0,151
17991.0,46,23,0,0,69,0,151
17992.0,46,23,0,0,69,0,151
17993.0,46,23,0,0,69,0,151
17994.0,46,23,0,0,69,0,151
17995.0,46,23,0,0,69,0,151
17996.0,46,23,0,0,69,0,151
17997.0,46,23,0,0,69,0,151
17998.0,46,23,0,0,69,0,151
17999.0,46,23,0,0,69,0,151
18000.0,46,23,0,0,69,0,151
18001.0,46,23,0,0,69,0,151
18002.0,46,23,0,0,69,0,151
18003.0,46,23,0,0,69,0,151
18004.0,46,23,0,0,69,0,151
18005.0,46,23,0,0,69,0,151
18006.0,46,23,0,0,69,0,151
18007.0,46,23,0,0,69,0,151
18008.0,46,23,0,0,69,0,151
18009.0,46,23,0,0,69,0,151
18010.0,46,23,0,0,69,0,151
18011.0,46,23,0,0,69,0,151
18012.0,46,23,0,0,69,0,151
18013.0,46,23,0,0,69,0,151
18014.0,46,23,0,0,69,0,151
18015.0,46,23,0,0,69,0,151
18016.0,46,23,0,0,69,0,151
18017.0,46,23,0,0,69,0,151
18018.0,46,23,0,0,69,0,151
18019.0,46,23,0,0,69,0,151
18020.0,46,23,0,0,69,0,151
18021.0,46,23,0,0,69,0,151
18022.0,46,23,0,0,69,0,151
18023.0,46,23,0,0,69,0,151
18024.0,46,23,0,0,69,0,151
18025.0,46,23,0,0,69,0,151
18026.0,46,23,0,0,69,0,151
18027.0,46,23,0,0,69,0,151
18028.0,46,23,0,0,69,0,151
18029.0,46,23,0,0,69,0,151
18030.0,46,23,0,0,69,0,151
18031.0,46,23,0,0,69,0,151
18032.0,46,23,0,0,69,0,151
18033.0,46,23,0,0,69,0,151
18034.0,46,23,0,0,69,0,151
18035.0,46,23,0,0,69,0,151
18036.0,46,23,0,0,69,0,151
18037.0,46,23,0,0,69,0,151
18038.0,46,23,0,0,69,0,151
18039.0,46,23,0,0,69,0,151
18040.0,46,23,0,0,69,0,151
18041.0,46,23,0,0,69,0,151
18042.0,46,23,0,0,69,0,151
18043.0,46,23,0,0,69,0,151
18044.0,46,23,0,0,69,0,151
18045.0,46,23,0,0,69,0,151
18046.0,46,23,0,0,69,0,151
18047.0,46,23,0,0,69,0,151
18048.0,46,23,0,0,69,0,151
18049.0,46,23,0,0,69,0,151
18050.0,46,23,0,0,69,0,151
18051.0,46,23,0,0,69,0,151
18052.0,46,23,0,0,69,0,151
18053.0,46,23,0,0,69,0,151
18054.0,46,23,0,0,69,0,151
18055.0,46,23,0,0,69,0,151
18056.0,46,23,0,0,69,0,151
18057.0,46,23,0,0,69,0,151
18058.0,46,23,0,0,69,0,151
18059.0,46,23,0,0,69,0,151
18060.0,46,23,0,0,69,0,151
18061.0,46,23,0,0,69,0,151
18062.0,46,23,0,0,69,0,151
18063.0,46,23,0,0,69,0,151
18064.0,46,23,0,0,69,0,151
18065.0,46,23,0,0,69,0,151
18066.0,46,23,0,0,69,0,151
18067.0,46,23,0,0,69,0,151
18068.0,46,23,0,0,69,0,151
18069.0,46,23,0,0,69,0,151
18070.0,46,23,0,0,69,0,151
18071.0,46,23,0,0,69,0,151
18072.0,46,23,0,0,69,0,151
18073.0,46,23,0,0,69,0,151
18074.0,46,23,0,0,69,0,151
18075.0,46,23,0,0,69,0,151
18076.0,46,23,0,0,69,0,151
18077.0,46,23,0,0,69,0,151
18078.0,46,23,0,0,69,0,151
18079.0,46,23,0,0,69,0,151
18080.0,46,23,0,0,69,0,151
18081.0,46,23,0,0,69,0,151
18082.0,46,23,0,0,69,0,151
18083.0,46,23,0,0,69,0,151
18084.0,46,23,0,0,69,0,151
18085.0,46,23,0,0,69,0,151
18086.0,46,23,0,0,69,0,151
18087.0,46,23,0,0,69,0,151
18088.0,46,23,0,0,69,0,151
18089.0,46,23,0,0,69,0,151
18090.0,46,23,0,0,69,0,151
18091.0,46,23,0,0,69,0,151
18092.0,46,23,0,0,69,0,151
18093.0,46,23,0,0,69,0,151
18094.0,46,23,0,0,69,0,151
18095.0,46,23,0,0,69,0,151
18096.0,46,23,0,0,69,0,151
18097.0,46,23,0,0,69,0,151
18098.0,46,23,0,0,69,0,151
18099.0,46,23,0,0,69,0,151
18100.0,46,23,0,0,69,0,151
18101.0,46,23,0,0,69,0,151
18102.0,46,23,0,0,69,0,151
18103.0,46,23,0,0,69,0,151
18104.0,46,23,0,0,69,0,151
18105.0,46,23,0,0,69,0,151
18106.0,46,23,0,0,69,0,151
18107.0,46,23,0,0,69,0,151
18108.0,46,23,0,0,69,0,151
18109.0,46,23,0,0,69,0,151
18110.0,46,23,0,0,69,0,151
18111.0,46,23,0,0,69,0,151
18112.0,46,23,0,0,69,0,151
18113.0,46,23,0,0,69,0,151
18114.0,46,23,0,0,69,0,151
18115.0,46,23,0,0,69,0,151
18116.0,46,23,0,0,69,0,151
18117.0,46,23,0,0,69,0,151
18118.0,46,23,0,0,69,0,151
18119.0,46,23,0,0,69,0,151
18120.0,46,23,0,0,69,0,151
18121.0,46,23,0,0,69,0,151
18122.0,46,23,0,0,69,0,151
18123.0,46,23,0,0,69,0,151
18124.0,46,23,0,0,69,0,151
18125.0,46,23,0,0,69,0,151
18126.0,46,23,0,0,69,0,151
18127.0,46,23,0,0,69,0,151
18128.0,46,23,0,0,69,0,151
18129.0,46,23,0,0,69,0,151
18130.0,46,23,0,0,69,0,151
18131.0,46,23,0,0,69,0,151
18132.0,46,23,0,0,69,0,151
18133.0,46,23,0,0,69,0,151
18134.0,46,23,0,0,69,0,151
18135.0,46,23,0,0,69,0,151
18136.0,46,23,0,0,69,0,151
18137.0,46,23,0,0,69,0,151
18138.0,46,23,0,0,69,0,151
18139.0,46,23,0,0,69,0,151
18140.0,46,23,0,0,69,0,151
18141.0,46,23,0,0,69,0,151
18142.0,46,23,0,0,69,0,151
18143.0,46,23,0,0,69,0,151
18144.0,46,23,0,0,69,0,151
18145.0,46,23,0,0,69,0,151
18146.0,46,23,0,0,69,0,151
18147.0,46,23,0,0,69,0,151
18148.0,46,23,0,0,69,0,151
18149.0,46,23,0,0,69,0,151
18150.0,46,23,0,0,69,0,151
18151.0,46,23,0,0,69,0,151
18152.0,46,23,0,0,69,0,151
18153.0,46,23,0,0,69,0,151
18154.0,46,23,0,0,69,0,151
18155.0,46,23,0,0,69,0,151
18156.0,46,23,0,0,69,0,151
18157.0,46,23,0,0,69,0,151
18158.0,46,23,0,0,69,0,151
18159.0,46,23,0,0,69,0,151
18160.0,46,23,0,0,69,0,151
18161.0,46,23,0,0,69,0,151
18162.0,46,23,0,0,69,0,151
18163.0,46,23,0,0,69,0,151
18164.0,46,23,0,0,69,0,151
18165.0,46,23,0,0,69,0,151
18166.0,46,23,0,0,69,0,151
18167.0,46,23,0,0,69,0,151
18168.0,46,23,0,0,69,0,151
18169.0,46,23,0,0,69,0,151
18170.0,46,23,0,0,69,0,151
18171.0,46,23,0,0,69,0,151
18172.0,46,23,0,0,69,0,151
18173.0,46,23,0,0,69,0,151
18174.0,46,23,0,0,69,0,151
18175.0,46,23,0,0,69,0,151
18176.0,46,23,0,0,69,0,151
18177.0,46,23,0,0,69,0,151
18178.0,46,23,0,0,69,0,151
18179.0,46,23,0,0,69,0,151
18180.0,46,23,0,0,69,0,151
18181.0,46,23,0,0,69,0,151
18182.0,46,23,0,0,69,0,151
18183.0,46,23,0,0,69,0,151
18184.0,46,23,0,0,69,0,151
18185.0,46,23,0,0,69,0,151
18186.0,46,23,0,0,69,0,151
18187.0,46,23,0,0,69,0,151
18188.0,46,23,0,0,69,0,151
18189.0,46,23,0,0,69,0,151
18190.0,46,23,0,0,69,0,151
18191.0,46,23,0,0,69,0,151
18192.0,46,23,0,0,69,0,151
18193.0,46,23,0,0,69,0,151
18194.0,46,23,0,0,69,0,151
18195.0,46,23,0,0,69,0,151
18196.0,46,23,0,0,69,0,151
18197.0,46,23,0,0,69,0,151
18198.0,46,23,0,0,69,0,151
18199.0,46,23,0,0,69,0,151
18200.0,46,23,0,0,69,0,151
18201.0,46,23,0,0,69,0,151
18202.0,46,23,0,0,69,0,151
18203.0,46,23,0,0,69,0,151
18204.0,46,23,0,0,69,0,151
18205.0,46,23,0,0,69,0,151
18206.0,46,23,0,0,69,0,151
18207.0,46,23,0,0,69,0,151
18208.0,46,23,0,0,69,0,151
18209.0,46,23,0,0,69,0,151
18210.0,46,23,0,0,69,0,151
18211.0,46,23,0,0,69,0,151
18212.0,46,23,0,0,69,0,151
18213.0,46,23,0,0,69,0,151
18214.0,46,23,0,0,69,0,151
18215.0,46,23,0,0,69,0,151
18216.0,46,23,0,0,69,0,151
18217.0,46,23,0,0,69,0,151
18218.0,46,23,0,0,69,0,151
18219.0,46,23,0,0,69,0,151
18220.0,46,23,0,0,69,0,151
18221.0,46,23,0,0,69,0,151
18222.0,46,23,0,0,69,0,151
18223.0,46,23,0,0,69,0,151
18224.0,46,23,0,0,69,0,151
18225.0,46,23,0,0,69,0,151
18226.0,46,23,0,0,69,0,151
18227.0,46,23,0,0,69,0,151
18228.0,46,23,0,0,69,0,151
18229.0,46,23,0,0,69,0,151
18230.0,46,23,0,0,69,0,151
18231.0,46,23,0,0,69,0,151
18232.0,46,23,0,0,69,0,151
18233.0,46,23,0,0,69,0,151
18234.0,46,23,0,0,69,0,151
18235.0,46,23,0,0,69,0,151
18236.0,46,23,0,0,69,0,151
18237.0,46,23,0,0,69,0,151
18238.0,46,23,0,0,69,0,151
18239.0,46,23,0,0,69,0,151
18240.0,46,23,0,0,69,0,151
18241.0,46,23,0,0,69,0,151
18242.0,46,23,0,0,69,0,151
18243.0,46,23,0,0,69,0,151
18244.0,46,23,0,0,69,0,151
18245.0,46,23,0,0,69,0,151
18246.0,46,23,0,0,69,0,151
18247.0,46,23,0,0,69,0,151
18248.0,46,23,0,0,69,0,151
18249.0,46,23,0,0,69,0,151
18250.0,46,23,0,0,69,0,151
18251.0,46,23,0,0,69,0,151
18252.0,46,23,0,0,69,0,151
18253.0,46,23,0,0,69,0,151
18254.0,46,23,0,0,69,0,151
18255.0,46,23,0,0,69,0,151
18256.0,46,23,0,0,69,0,151
18257.0,46,23,0,0,69,0,151
18258.0,46,23,0,0,69,0,151
18259.0,46,23,0,0,69,0,151
18260.0,46,23,0,0,69,0,151
18261.0,46,23,0,0,69,0,151
18262.0,46,23,0,0,69,0,151
18263.0,46,23,0,0,69,0,151
18264.0,46,23,0,0,69,0,151
18265.0,46,23,0,0,69,0,151
18266.0,46,23,0,0,69,0,151
18267.0,46,23,0,0,69,0,151
18268.0,46,23,0,0,69,0,151
18269.0,46,23,0,0,69,0,151
18270.0,46,23,0,0,69,0,151
18271.0,46,23,0,0,69,0,151
18272.0,46,23,0,0,69,0,151
18273.0,46,23,0,0,69,0,151
18274.0,46,23,0,0,69,0,151
18275.0,46,23,0,0,69,0,151
18276.0,46,23,0,0,69,0,151
18277.0,46,23,0,0,69,0,151
18278.0,46,23,0,0,69,0,151
18279.0,46,23,0,0,69,0,151
18280.0,46,23,0,0,69,0,151
18281.0,46,23,0,0,69,0,151
18282.0,46,23,0,0,69,0,151
18283.0,46,23,0,0,69,0,151
18284.0,46,23,0,0,69,0,151
18285.0,46,23,0,0,69,0,151
18286.0,46,23,0,0,69,0,151
18287.0,46,23,0,0,69,0,151
18288.0,46,23,0,0,69,0,151
18289.0,46,23,0,0,69,0,151
18290.0,46,23,0,0,69,0,151
18291.0,46,23,0,0,69,0,151
18292.0,46,23,0,0,69,0,151
18293.0,46,23,0,0,69,0,151
18294.0,46,23,0,0,69,0,151
18295.0,46,23,0,0,69,0,151
18296.0,46,23,0,0,69,0,151
18297.0,46,23,0,0,69,0,151
18298.0,46,23,0,0,69,0,151
18299.0,46,23,0,0,69,0,151
18300.0,46,23,0,0,69,0,151
18301.0,46,23,0,0,69,0,151
18302.0,46,23,0,0,69,0,151
18303.0,46,23,0,0,69,0,151
18304.0,46,23,0,0,69,0,151
18305.0,46,23,0,0,69,0,151
18306.0,46,23,0,0,69,0,151
18307.0,46,23,0,0,69,0,151
18308.0,46,23,0,0,69,0,151
18309.0,46,23,0,0,69,0,151
18310.0,46,23,0,0,69,0,151
18311.0,46,23,0,0,69,0,151
18312.0,46,23,0,0,69,0,151
18313.0,46,23,0,0,69,0,151
18314.0,46,23,0,0,69,0,151
18315.0,46,23,0,0,69,0,151
18316.0,46,23,0,0,69,0,151
18317.0,46,23,0,0,69,0,151
18318.0,46,23,0,0,69,0,151
18319.0,46,23,0,0,69,0,151
18320.0,46,23,0,0,69,0,151
18321.0,46,23,0,0,69,0,151
18322.0,46,23,0,0,69,0,151
18323.0,46,23,0,0,69,0,151
18324.0,46,23,0,0,69,0,151
18325.0,46,23,0,0,69,0,151
18326.0,46,23,0,0,69,0,151
18327.0,46,23,0,0,69,0,151
18328.0,46,23,0,0,69,0,151
18329.0,46,23,0,0,69,0,151
18330.0,46,23,0,0,69,0,151
18331.0,46,23,0,0,69,0,151
18332.0,46,23,0,0,69,0,151
18333.0,46,23,0,0,69,0,151
18334.0,46,23,0,0,69,0,151
18335.0,46,23,0,0,69,0,151
18336.0,46,23,0,0,69,0,151
18337.0,46,23,0,0,69,0,151
18338.0,46,23,0,0,69,0,151
18339.0,46,23,0,0,69,0,151
18340.0,46,23,0,0,69,0,151
18341.0,46,23,0,0,69,0,151
18342.0,46,23,0,0,69,0,151
18343.0,46,23,0,0,69,0,151
18344.0,46,23,0,0,69,0,151
18345.0,46,23,0,0,69,0,151
18346.0,46,23,0,0,69,0,151
18347.0,46,23,0,0,69,0,151
18348.0,46,23,0,0,69,0,151
18349.0,46,23,0,0,69,0,151
18350.0,46,23,0,0,69,0,151
18351.0,46,23,0,0,69,0,151
18352.0,46,23,0,0,69,0,151
18353.0,46,23,0,0,69,0,151
18354.0,46,23,0,0,69,0,151
18355.0,46,23,0,0,69,0,151
18356.0,46,23,0,0,69,0,151
18357.0,46,23,0,0,69,0,151
18358.0,46,23,0,0,69,0,151
18359.0,46,23,0,0,69,0,151
18360.0,46,23,0,0,69,0,151
18361.0,46,23,0,0,69,0,151
18362.0,46,23,0,0,69,0,151
18363.0,46,23,0,0,69,0,151
18364.0,46,23,0,0,69,0,151
18365.0,46,23,0,0,69,0,151
18366.0,46,23,0,0,69,0,151
18367.0,46,23,0,0,69,0,151
18368.0,46,23,0,0,69,0,151
18369.0,46,23,0,0,69,0,151
18370.0,46,23,0,0,69,0,151
18371.0,46,23,0,0,69,0,151
18372.0,46,23,0,0,69,0,151
18373.0,46,23,0,0,69,0,151
18374.0,46,23,0,0,69,0,151
18375.0,46,23,0,0,69,0,151
18376.0,46,23,0,0,69,0,151
18377.0,46,23,0,0,69,0,151
18378.0,46,23,0,0,69,0,151
18379.0,46,23,0,0,69,0,151
18380.0,46,23,0,0,69,0,151
18381.0,46,23,0,0,69,0,151
18382.0,46,23,0,0,69,0,151
18383.0,46,23,0,0,69,0,151
18384.0,46,23,0,0,69,0,151
18385.0,46,23,0,0,69,0,151
18386.0,46,23,0,0,69,0,151
18387.0,46,23,0,0,69,0,151
18388.0,46,23,0,0,69,0,151
18389.0,46,23,0,0,69,0,151
18390.0,46,23,0,0,69,0,151
18391.0,46,23,0,0,69,0,151
18392.0,46,23,0,0,69,0,151
18393.0,46,23,0,0,69,0,151
18394.0,46,23,0,0,69,0,151
18395.0,46,23,0,0,69,0,151
18396.0,46,23,0,0,69,0,151
18397.0,46,23,0,0,69,0,151
18398.0,46,23,0,0,69,0,151
18399.0,46,23,0,0,69,0,151
18400.0,46,23,0,0,69,0,151
18401.0,46,23,0,0,69,0,151
18402.0,46,23,0,0,69,0,151
18403.0,46,23,0,0,69,0,151
18404.0,46,23,0,0,69,0,151
18405.0,46,23,0,0,69,0,151
18406.0,46,23,0,0,69,0,151
18407.0,46,23,0,0,69,0,151
18408.0,46,23,0,0,69,0,151
18409.0,46,23,0,0,69,0,151
18410.0,46,23,0,0,69,0,151
18411.0,46,23,0,0,69,0,151
18412.0,46,23,0,0,69,0,151
18413.0,46,23,0,0,69,0,151
18414.0,46,23,0,0,69,0,151
18415.0,46,23,0,0,69,0,151
18416.0,46,23,0,0,69,0,151
18417.0,46,23,0,0,69,0,151
18418.0,46,23,0,0,69,0,151
18419.0,46,23,0,0,69,0,151
18420.0,46,23,0,0,69,0,151
18421.0,46,23,0,0,69,0,151
18422.0,46,23,0,0,69,0,151
18423.0,46,23,0,0,69,0,151
18424.0,46,23,0,0,69,0,151
18425.0,46,23,0,0,69,0,151
18426.0,46,23,0,0,69,0,151
18427.0,46,23,0,0,69,0,151
18428.0,46,23,0,0,69,0,151
18429.0,46,23,0,0,69,0,151
18430.0,46,23,0,0,69,0,151
18431.0,46,23,0,0,69,0,151
18432.0,46,23,0,0,69,0,151
18433.0,46,23,0,0,69,0,151
18434.0,46,23,0,0,69,0,151
18435.0,46,23,0,0,69,0,151
18436.0,46,23,0,0,69,0,151
18437.0,46,23,0,0,69,0,151
18438.0,46,23,0,0,69,0,151
18439.0,46,23,0,0,69,0,151
18440.0,46,23,0,0,69,0,151
18441.0,46,23,0,0,69,0,151
18442.0,46,23,0,0,69,0,151
18443.0,46,23,0,0,69,0,151
18444.0,46,23,0,0,69,0,151
18445.0,46,23,0,0,69,0,151
18446.0,46,23,0,0,69,0,151
18447.0,46,23,0,0,69,0,151
18448.0,46,23,0,0,69,0,151
18449.0,46,23,0,0,69,0,151
18450.0,46,23,0,0,69,0,151
18451.0,46,23,0,0,69,0,151
18452.0,46,23,0,0,69,0,151
18453.0,46,23,0,0,69,0,151
18454.0,46,23,0,0,69,0,151
18455.0,46,23,0,0,69,0,151
18456.0,46,23,0,0,69,0,151
18457.0,46,23,0,0,69,0,151
18458.0,46,23,0,0,69,0,151
18459.0,46,23,0,0,69,0,151
18460.0,46,23,0,0,69,0,151
18461.0,46,23,0,0,69,0,151
18462.0,46,23,0,0,69,0,151
18463.0,46,23,0,0,69,0,151
18464.0,46,23,0,0,69,0,151
18465.0,46,23,0,0,69,0,151
18466.0,46,23,0,0,69,0,151
18467.0,46,23,0,0,69,0,151
18468.0,46,23,0,0,69,0,151
18469.0,46,23,0,0,69,0,151
18470.0,46,23,0,0,69,0,151
18471.0,46,23,0,0,69,0,151
18472.0,46,23,0,0,69,0,151
18473.0,46,23,0,0,69,0,151
18474.0,46,23,0,0,69,0,151
18475.0,46,23,0,0,69,0,151
18476.0,46,23,0,0,69,0,151
18477.0,46,23,0,0,69,0,151
18478.0,46,23,0,0,69,0,151
18479.0,46,23,0,0,69,0,151
18480.0,46,23,0,0,69,0,151
18481.0,46,23,0,0,69,0,151
18482.0,46,23,0,0,69,0,151
18483.0,46,23,0,0,69,0,151
18484.0,46,23,0,0,69,0,151
18485.0,46,23,0,0,69,0,151
18486.0,46,23,0,0,69,0,151
18487.0,46,23,0,0,69,0,151
18488.0,46,23,0,0,69,0,151
18489.0,46,23,0,0,69,0,151
18490.0,46,23,0,0,69,0,151
18491.0,46,23,0,0,69,0,151
18492.0,46,23,0,0,69,0,151
18493.0,46,23,0,0,69,0,151
18494.0,46,23,0,0,69,0,151
18495.0,46,23,0,0,69,0,151
18496.0,46,23,0,0,69,0,151
18497.0,46,23,0,0,69,0,151
18498.0,46,23,0,0,69,0,151
18499.0,46,23,0,0,69,0,151
18500.0,46,23,0,0,69,0,151
18501.0,46,23,0,0,69,0,151
18502.0,46,23,0,0,69,0,151
18503.0,46,23,0,0,69,0,151
18504.0,46,23,0,0,69,0,151
18505.0,46,23,0,0,69,0,151
18506.0,46,23,0,0,69,0,151
18507.0,46,23,0,0,69,0,151
18508.0,46,23,0,0,69,0,151
18509.0,46,23,0,0,69,0,151
18510.0,46,23,0,0,69,0,151
18511.0,46,23,0,0,69,0,151
18512.0,46,23,0,0,69,0,151
18513.0,46,23,0,0,69,0,151
18514.0,46,23,0,0,69,0,151
18515.0,46,23,0,0,69,0,151
18516.0,46,23,0,0,69,0,151
18517.0,46,23,0,0,69,0,151
18518.0,46,23,0,0,69,0,151
18519.0,46,23,0,0,69,0,151
18520.0,46,23,0,0,69,0,151
18521.0,46,23,0,0,69,0,151
18522.0,46,23,0,0,69,0,151
18523.0,46,23,0,0,69,0,151
18524.0,46,23,0,0,69,0,151
18525.0,46,23,0,0,69,0,151
18526.0,46,23,0,0,69,0,151
18527.0,46,23,0,0,69,0,151
18528.0,46,23,0,0,69,0,151
18529.0,46,23,0,0,69,0,151
18530.0,46,23,0,0,69,0,151
18531.0,46,23,0,0,69,0,151
18532.0,46,23,0,0,69,0,151
18533.0,46,23,0,0,69,0,151
18534.0,46,23,0,0,69,0,151
18535.0,46,23,0,0,69,0,151
18536.0,46,23,0,0,69,0,151
18537.0,46,23,0,0,69,0,151
18538.0,46,23,0,0,69,0,151
18539.0,46,23,0,0,69,0,151
18540.0,46,23,0,0,69,0,151
18541.0,46,23,0,0,69,0,151
18542.0,46,23,0,0,69,0,151
18543.0,46,23,0,0,69,0,151
18544.0,46,23,0,0,69,0,151
18545.0,46,23,0,0,69,0,151
18546.0,46,23,0,0,69,0,151
18547.0,46,23,0,0,69,0,151
18548.0,46,23,0,0,69,0,151
18549.0,46,23,0,0,69,0,151
18550.0,46,23,0,0,69,0,151
18551.0,46,23,0,0,69,0,151
18552.0,46,23,0,0,69,0,151
18553.0,46,23,0,0,69,0,151
18554.0,46,23,0,0,69,0,151
18555.0,46,23,0,0,69,0,151
18556.0,46,23,0,0,69,0,151
18557.0,46,23,0,0,69,0,151
18558.0,46,23,0,0,69,0,151
18559.0,46,23,0,0,69,0,151
18560.0,46,23,0,0,69,0,151
18561.0,46,23,0,0,69,0,151
18562.0,46,23,0,0,69,0,151
18563.0,46,23,0,0,69,0,151
18564.0,46,23,0,0,69,0,151
18565.0,46,23,0,0,69,0,151
18566.0,46,23,0,0,69,0,151
18567.0,46,23,0,0,69,0,151
18568.0,46,23,0,0,69,0,151
18569.0,46,23,0,0,69,0,151
18570.0,46,23,0,0,69,0,151
18571.0,46,23,0,0,69,0,151
18572.0,46,23,0,0,69,0,151
18573.0,46,23,0,0,69,0,151
18574.0,46,23,0,0,69,0,151
18575.0,46,23,0,0,69,0,151
18576.0,46,23,0,0,69,0,151
18577.0,46,23,0,0,69,0,151
18578.0,46,23,0,0,69,0,151
18579.0,46,23,0,0,69,0,151
18580.0,46,23,0,0,69,0,151
18581.0,46,23,0,0,69,0,151
18582.0,46,23,0,0,69,0,151
18583.0,46,23,0,0,69,0,151
18584.0,46,23,0,0,69,0,151
18585.0,46,23,0,0,69,0,151
18586.0,46,23,0,0,69,0,151
18587.0,46,23,0,0,69,0,151
18588.0,46,23,0,0,69,0,151
18589.0,46,23,0,0,69,0,151
18590.0,46,23,0,0,69,0,151
18591.0,46,23,0,0,69,0,151
18592.0,46,23,0,0,69,0,151
18593.0,46,23,0,0,69,0,151
18594.0,46,23,0,0,69,0,151
18595.0,46,23,0,0,69,0,151
18596.0,46,23,0,0,69,0,151
18597.0,46,23,0,0,69,0,151
18598.0,46,23,0,0,69,0,151
18599.0,46,23,0,0,69,0,151
18600.0,46,23,0,0,69,0,151
18601.0,46,23,0,0,69,0,151
18602.0,46,23,0,0,69,0,151
18603.0,46,23,0,0,69,0,151
18604.0,46,23,0,0,69,0,151
18605.0,46,23,0,0,69,0,151
18606.0,46,23,0,0,69,0,151
18607.0,46,23,0,0,69,0,151
18608.0,46,23,0,0,69,0,151
18609.0,46,23,0,0,69,0,151
18610.0,46,23,0,0,69,0,151
18611.0,46,23,0,0,69,0,151
18612.0,46,23,0,0,69,0,151
18613.0,46,23,0,0,69,0,151
18614.0,46,23,0,0,69,0,151
18615.0,46,23,0,0,69,0,151
18616.0,46,23,0,0,69,0,151
18617.0,46,23,0,0,69,0,151
18618.0,46,23,0,0,69,0,151
18619.0,46,23,0,0,69,0,151
18620.0,46,23,0,0,69,0,151
18621.0,46,23,0,0,69,0,151
18622.0,46,23,0,0,69,0,151
18623.0,46,23,0,0,69,0,151
18624.0,46,23,0,0,69,0,151
18625.0,46,23,0,0,69,0,151
18626.0,46,23,0,0,69,0,151
18627.0,46,23,0,0,69,0,151
18628.0,46,23,0,0,69,0,151
18629.0,46,23,0,0,69,0,151
18630.0,46,23,0,0,69,0,151
18631.0,46,23,0,0,69,0,151
18632.0,46,23,0,0,69,0,151
18633.0,46,23,0,0,69,0,151
18634.0,46,23,0,0,69,0,151
18635.0,46,23,0,0,69,0,151
18636.0,46,23,0,0,69,0,151
18637.0,46,23,0,0,69,0,151
18638.0,46,23,0,0,69,0,151
18639.0,46,23,0,0,69,0,151
18640.0,46,23,0,0,69,0,151
18641.0,46,23,0,0,69,0,151
18642.0,46,23,0,0,69,0,151
18643.0,46,23,0,0,69,0,151
18644.0,46,23,0,0,69,0,151
18645.0,46,23,0,0,69,0,151
18646.0,46,23,0,0,69,0,151
18647.0,46,23,0,0,69,0,151
18648.0,46,23,0,0,69,0,151
18649.0,46,23,0,0,69,0,151
18650.0,46,23,0,0,69,0,151
18651.0,46,23,0,0,69,0,151
18652.0,46,23,0,0,69,0,151
18653.0,46,23,0,0,69,0,151
18654.0,46,23,0,0,69,0,151
18655.0,46,23,0,0,69,0,151
18656.0,46,23,0,0,69,0,151
18657.0,46,23,0,0,69,0,151
18658.0,46,23,0,0,69,0,151
18659.0,46,23,0,0,69,0,151
18660.0,46,23,0,0,69,0,151
18661.0,46,23,0,0,69,0,151
18662.0,46,23,0,0,69,0,151
18663.0,46,23,0,0,69,0,151
18664.0,46,23,0,0,69,0,151
18665.0,46,23,0,0,69,0,151
18666.0,46,23,0,0,69,0,151
18667.0,46,23,0,0,69,0,151
18668.0,46,23,0,0,69,0,151
18669.0,46,23,0,0,69,0,151
18670.0,46,23,0,0,69,0,151
18671.0,46,23,0,0,69,0,151
18672.0,46,23,0,0,69,0,151
18673.0,46,23,0,0,69,0,151
18674.0,46,23,0,0,69,0,151
18675.0,46,23,0,0,69,0,151
18676.0,46,23,0,0,69,0,151
18677.0,46,23,0,0,69,0,151
18678.0,46,23,0,0,69,0,151
18679.0,46,23,0,0,69,0,151
18680.0,46,23,0,0,69,0,151
18681.0,46,23,0,0,69,0,151
18682.0,46,23,0,0,69,0,151
18683.0,46,23,0,0,69,0,151
18684.0,46,23,0,0,69,0,151
18685.0,46,23,0,0,69,0,151
18686.0,46,23,0,0,69,0,151
18687.0,46,23,0,0,69,0,151
18688.0,46,23,0,0,69,0,151
18689.0,46,23,0,0,69,0,151
18690.0,46,23,0,0,69,0,151
18691.0,46,23,0,0,69,0,151
18692.0,46,23,0,0,69,0,151
18693.0,46,23,0,0,69,0,151
18694.0,46,23,0,0,69,0,151
18695.0,46,23,0,0,69,0,151
18696.0,46,23,0,0,69,0,151
18697.0,46,23,0,0,69,0,151
18698.0,46,23,0,0,69,0,151
18699.0,46,23,0,0,69,0,151
18700.0,46,23,0,0,69,0,151
18701.0,46,23,0,0,69,0,151
18702.0,46,23,0,0,69,0,151
18703.0,46,23,0,0,69,0,151
18704.0,46,23,0,0,69,0,151
18705.0,46,23,0,0,69,0,151
18706.0,46,23,0,0,69,0,151
18707.0,46,23,0,0,69,0,151
18708.0,46,23,0,0,69,0,151
18709.0,46,23,0,0,69,0,151
18710.0,46,23,0,0,69,0,151
18711.0,46,23,0,0,69,0,151
18712.0,46,23,0,0,69,0,151
18713.0,46,23,0,0,69,0,151
18714.0,46,23,0,0,69,0,151
18715.0,46,23,0,0,69,0,151
18716.0,46,23,0,0,69,0,151
18717.0,46,23,0,0,69,0,151
18718.0,46,23,0,0,69,0,151
18719.0,46,23,0,0,69,0,151
18720.0,46,23,0,0,69,0,151
18721.0,46,23,0,0,69,0,151
18722.0,46,23,0,0,69,0,151
18723.0,46,23,0,0,69,0,151
18724.0,46,23,0,0,69,0,151
18725.0,46,23,0,0,69,0,151
18726.0,46,23,0,0,69,0,151
18727.0,46,23,0,0,69,0,151
18728.0,46,23,0,0,69,0,151
18729.0,46,23,0,0,69,0,151
18730.0,46,23,0,0,69,0,151
18731.0,46,23,0,0,69,0,151
18732.0,46,23,0,0,69,0,151
18733.0,46,23,0,0,69,0,151
18734.0,46,23,0,0,69,0,151
18735.0,46,23,0,0,69,0,151
18736.0,46,23,0,0,69,0,151
18737.0,46,23,0,0,69,0,151
18738.0,46,23,0,0,69,0,151
18739.0,46,23,0,0,69,0,151
18740.0,46,23,0,0,69,0,151
18741.0,46,23,0,0,69,0,151
18742.0,46,23,0,0,69,0,151
18743.0,46,23,0,0,69,0,151
18744.0,46,23,0,0,69,0,151
18745.0,46,23,0,0,69,0,151
18746.0,46,23,0,0,69,0,151
18747.0,46,23,0,0,69,0,151
18748.0,46,23,0,0,69,0,151
18749.0,46,23,0,0,69,0,151
18750.0,46,23,0,0,69,0,151
18751.0,46,23,0,0,69,0,151
18752.0,46,23,0,0,69,0,151
18753.0,46,23,0,0,69,0,151
18754.0,46,23,0,0,69,0,151
18755.0,46,23,0,0,69,0,151
18756.0,46,23,0,0,69,0,151
18757.0,46,23,0,0,69,0,151
18758.0,46,23,0,0,69,0,151
18759.0,46,23,0,0,69,0,151
18760.0,46,23,0,0,69,0,151
18761.0,46,23,0,0,69,0,151
18762.0,46,23,0,0,69,0,151
18763.0,46,23,0,0,69,0,151
18764.0,46,23,0,0,69,0,151
18765.0,46,23,0,0,69,0,151
18766.0,46,23,0,0,69,0,151
18767.0,46,23,0,0,69,0,151
18768.0,46,23,0,0,69,0,151
18769.0,46,23,0,0,69,0,151
18770.0,46,23,0,0,69,0,151
18771.0,46,23,0,0,69,0,151
18772.0,46,23,0,0,69,0,151
18773.0,46,23,0,0,69,0,151
18774.0,46,23,0,0,69,0,151
18775.0,46,23,0,0,69,0,151
18776.0,46,23,0,0,69,0,151
18777.0,46,23,0,0,69,0,151
18778.0,46,23,0,0,69,0,151
18779.0,46,23,0,0,69,0,151
18780.0,46,23,0,0,69,0,151
18781.0,46,23,0,0,69,0,151
18782.0,46,23,0,0,69,0,151
18783.0,46,23,0,0,69,0,151
18784.0,46,23,0,0,69,0,151
18785.0,46,23,0,0,69,0,151
18786.0,46,23,0,0,69,0,151
18787.0,46,23,0,0,69,0,151
18788.0,46,23,0,0,69,0,151
18789.0,46,23,0,0,69,0,151
18790.0,46,23,0,0,69,0,151
18791.0,46,23,0,0,69,0,151
18792.0,46,23,0,0,69,0,151
18793.0,46,23,0,0,69,0,151
18794.0,46,23,0,0,69,0,151
18795.0,46,23,0,0,69,0,151
18796.0,46,23,0,0,69,0,151
18797.0,46,23,0,0,69,0,151
18798.0,46,23,0,0,69,0,151
18799.0,46,23,0,0,69,0,151
18800.0,46,23,0,0,69,0,151
18801.0,46,23,0,0,69,0,151
18802.0,46,23,0,0,69,0,151
18803.0,46,23,0,0,69,0,151
18804.0,46,23,0,0,69,0,151
18805.0,46,23,0,0,69,0,151
18806.0,46,23,0,0,69,0,151
18807.0,46,23,0,0,69,0,151
18808.0,46,23,0,0,69,0,151
18809.0,46,23,0,0,69,0,151
18810.0,46,23,0,0,69,0,151
18811.0,46,23,0,0,69,0,151
18812.0,46,23,0,0,69,0,151
18813.0,46,23,0,0,69,0,151
18814.0,46,23,0,0,69,0,151
18815.0,46,23,0,0,69,0,151
18816.0,46,23,0,0,69,0,151
18817.0,46,23,0,0,69,0,151
18818.0,46,23,0,0,69,0,151
18819.0,46,23,0,0,69,0,151
18820.0,46,23,0,0,69,0,151
18821.0,46,23,0,0,69,0,151
18822.0,46,23,0,0,69,0,151
18823.0,46,23,0,0,69,0,151
18824.0,46,23,0,0,69,0,151
18825.0,46,23,0,0,69,0,151
18826.0,46,23,0,0,69,0,151
18827.0,46,23,0,0,69,0,151
18828.0,46,23,0,0,69,0,151
18829.0,46,23,0,0,69,0,151
18830.0,46,23,0,0,69,0,151
18831.0,46,23,0,0,69,0,151
18832.0,46,23,0,0,69,0,151
18833.0,46,23,0,0,69,0,151
18834.0,46,23,0,0,69,0,151
18835.0,46,23,0,0,69,0,151
18836.0,46,23,0,0,69,0,151
18837.0,46,23,0,0,69,0,151
18838.0,46,23,0,0,69,0,151
18839.0,46,23,0,0,69,0,151
18840.0,46,23,0,0,69,0,151
18841.0,46,23,0,0,69,0,151
18842.0,46,23,0,0,69,0,151
18843.0,46,23,0,0,69,0,151
18844.0,46,23,0,0,69,0,151
18845.0,46,23,0,0,69,0,151
18846.0,46,23,0,0,69,0,151
18847.0,46,23,0,0,69,0,151
18848.0,46,23,0,0,69,0,151
18849.0,46,23,0,0,69,0,151
18850.0,46,23,0,0,69,0,151
18851.0,46,23,0,0,69,0,151
18852.0,46,23,0,0,69,0,151
18853.0,46,23,0,0,69,0,151
18854.0,46,23,0,0,69,0,151
18855.0,46,23,0,0,69,0,151
18856.0,46,23,0,0,69,0,151
18857.0,46,23,0,0,69,0,151
18858.0,46,23,0,0,69,0,151
18859.0,46,23,0,0,69,0,151
18860.0,46,23,0,0,69,0,151
18861.0,46,23,0,0,69,0,151
18862.0,46,23,0,0,69,0,151
18863.0,46,23,0,0,69,0,151
18864.0,46,23,0,0,69,0,151
18865.0,46,23,0,0,69,0,151
18866.0,46,23,0,0,69,0,151
18867.0,46,23,0,0,69,0,151
18868.0,46,23,0,0,69,0,151
18869.0,46,23,0,0,69,0,151
18870.0,46,23,0,0,69,0,151
18871.0,46,23,0,0,69,0,151
18872.0,46,23,0,0,69,0,151
18873.0,46,23,0,0,69,0,151
18874.0,46,23,0,0,69,0,151
18875.0,46,23,0,0,69,0,151
18876.0,46,23,0,0,69,0,151
18877.0,46,23,0,0,69,0,151
18878.0,46,23,0,0,69,0,151
18879.0,46,23,0,0,69,0,151
18880.0,46,23,0,0,69,0,151
18881.0,46,23,0,0,69,0,151
18882.0,46,23,0,0,69,0,151
18883.0,46,23,0,0,69,0,151
18884.0,46,23,0,0,69,0,151
18885.0,46,23,0,0,69,0,151
18886.0,46,23,0,0,69,0,151
18887.0,46,23,0,0,69,0,151
18888.0,46,23,0,0,69,0,151
18889.0,46,23,0,0,69,0,151
18890.0,46,23,0,0,69,0,151
18891.0,46,23,0,0,69,0,151
18892.0,46,23,0,0,69,0,151
18893.0,46,23,0,0,69,0,151
18894.0,46,23,0,0,69,0,151
18895.0,46,23,0,0,69,0,151
18896.0,46,23,0,0,69,0,151
18897.0,46,23,0,0,69,0,151
18898.0,46,23,0,0,69,0,151
18899.0,46,23,0,0,69,0,151
18900.0,46,23,0,0,69,0,151
18901.0,46,23,0,0,69,0,151
18902.0,46,23,0,0,69,0,151
18903.0,46,23,0,0,69,0,151
18904.0,46,23,0,0,69,0,151
18905.0,46,23,0,0,69,0,151
18906.0,46,23,0,0,69,0,151
18907.0,46,23,0,0,69,0,151
18908.0,46,23,0,0,69,0,151
18909.0,46,23,0,0,69,0,151
18910.0,46,23,0,0,69,0,151
18911.0,46,23,0,0,69,0,151
18912.0,46,23,0,0,69,0,151
18913.0,46,23,0,0,69,0,151
18914.0,46,23,0,0,69,0,151
18915.0,46,23,0,0,69,0,151
18916.0,46,23,0,0,69,0,151
18917.0,46,23,0,0,69,0,151
18918.0,46,23,0,0,69,0,151
18919.0,46,23,0,0,69,0,151
18920.0,46,23,0,0,69,0,151
18921.0,46,23,0,0,69,0,151
18922.0,46,23,0,0,69,0,151
18923.0,46,23,0,0,69,0,151
18924.0,46,23,0,0,69,0,151
18925.0,46,23,0,0,69,0,151
18926.0,46,23,0,0,69,0,151
18927.0,46,23,0,0,69,0,151
18928.0,46,23,0,0,69,0,151
18929.0,46,23,0,0,69,0,151
18930.0,46,23,0,0,69,0,151
18931.0,46,23,0,0,69,0,151
18932.0,46,23,0,0,69,0,151
18933.0,46,23,0,0,69,0,151
18934.0,46,23,0,0,69,0,151
18935.0,46,23,0,0,69,0,151
18936.0,46,23,0,0,69,0,151
18937.0,46,23,0,0,69,0,151
18938.0,46,23,0,0,69,0,151
18939.0,46,23,0,0,69,0,151
18940.0,46,23,0,0,69,0,151
18941.0,46,23,0,0,69,0,151
18942.0,46,23,0,0,69,0,151
18943.0,46,23,0,0,69,0,151
18944.0,46,23,0,0,69,0,151
18945.0,46,23,0,0,69,0,151
18946.0,46,23,0,0,69,0,151
18947.0,46,23,0,0,69,0,151
18948.0,46,23,0,0,69,0,151
18949.0,46,23,0,0,69,0,151
18950.0,46,23,0,0,69,0,151
18951.0,46,23,0,0,69,0,151
18952.0,46,23,0,0,69,0,151
18953.0,46,23,0,0,69,0,151
18954.0,46,23,0,0,69,0,151
18955.0,46,23,0,0,69,0,151
18956.0,46,23,0,0,69,0,151
18957.0,46,23,0,0,69,0,151
18958.0,46,23,0,0,69,0,151
18959.0,46,23,0,0,69,0,151
18960.0,46,23,0,0,69,0,151
18961.0,46,23,0,0,69,0,151
18962.0,46,23,0,0,69,0,151
18963.0,46,23,0,0,69,0,151
18964.0,46,23,0,0,69,0,151
18965.0,46,23,0,0,69,0,151
18966.0,46,23,0,0,69,0,151
18967.0,46,23,0,0,69,0,151
18968.0,46,23,0,0,69,0,151
18969.0,46,23,0,0,69,0,151
18970.0,46,23,0,0,69,0,151
18971.0,46,23,0,0,69,0,151
18972.0,46,23,0,0,69,0,151
18973.0,46,23,0,0,69,0,151
18974.0,46,23,0,0,69,0,151
18975.0,46,23,0,0,69,0,151
18976.0,46,23,0,0,69,0,151
18977.0,46,23,0,0,69,0,151
18978.0,46,23,0,0,69,0,151
18979.0,46,23,0,0,69,0,151
18980.0,46,23,0,0,69,0,151
18981.0,46,23,0,0,69,0,151
18982.0,46,23,0,0,69,0,151
18983.0,46,23,0,0,69,0,151
18984.0,46,23,0,0,69,0,151
18985.0,46,23,0,0,69,0,151
18986.0,46,23,0,0,69,0,151
18987.0,46,23,0,0,69,0,151
18988.0,46,23,0,0,69,0,151
18989.0,46,23,0,0,69,0,151
18990.0,46,23,0,0,69,0,151
18991.0,46,23,0,0,69,0,151
18992.0,46,23,0,0,69,0,151
18993.0,46,23,0,0,69,0,151
18994.0,46,23,0,0,69,0,151
18995.0,46,23,0,0,69,0,151
18996.0,46,23,0,0,69,0,151
18997.0,46,23,0,0,69,0,151
18998.0,46,23,0,0,69,0,151
18999.0,46,23,0,0,69,0,151
19000.0,46,23,0,0,69,0,151
19001.0,46,23,0,0,69,0,151
19002.0,46,23,0,0,69,0,151
19003.0,46,23,0,0,69,0,151
19004.0,46,23,0,0,69,0,151
19005.0,46,23,0,0,69,0,151
19006.0,46,23,0,0,69,0,151
19007.0,46,23,0,0,69,0,151
19008.0,46,23,0,0,69,0,151
19009.0,46,23,0,0,69,0,151
19010.0,46,23,0,0,69,0,151
19011.0,46,23,0,0,69,0,151
19012.0,46,23,0,0,69,0,151
19013.0,46,23,0,0,69,0,151
19014.0,46,23,0,0,69,0,151
19015.0,46,23,0,0,69,0,151
19016.0,46,23,0,0,69,0,151
19017.0,46,23,0,0,69,0,151
19018.0,46,23,0,0,69,0,151
19019.0,46,23,0,0,69,0,151
19020.0,46,23,0,0,69,0,151
19021.0,46,23,0,0,69,0,151
19022.0,46,23,0,0,69,0,151
19023.0,46,23,0,0,69,0,151
19024.0,46,23,0,0,69,0,151
19025.0,46,23,0,0,69,0,151
19026.0,46,23,0,0,69,0,151
19027.0,46,23,0,0,69,0,151
19028.0,46,23,0,0,69,0,151
19029.0,46,23,0,0,69,0,151
19030.0,46,23,0,0,69,0,151
19031.0,46,23,0,0,69,0,151
19032.0,46,23,0,0,69,0,151
19033.0,46,23,0,0,69,0,151
19034.0,46,23,0,0,69,0,151
19035.0,46,23,0,0,69,0,151
19036.0,46,23,0,0,69,0,151
19037.0,46,23,0,0,69,0,151
19038.0,46,23,0,0,69,0,151
19039.0,46,23,0,0,69,0,151
19040.0,46,23,0,0,69,0,151
19041.0,46,23,0,0,69,0,151
19042.0,46,23,0,0,69,0,151
19043.0,46,23,0,0,69,0,151
19044.0,46,23,0,0,69,0,151
19045.0,46,23,0,0,69,0,151
19046.0,46,23,0,0,69,0,151
19047.0,46,23,0,0,69,0,151
19048.0,46,23,0,0,69,0,151
19049.0,46,23,0,0,69,0,151
19050.0,46,23,0,0,69,0,151
19051.0,46,23,0,0,69,0,151
19052.0,46,23,0,0,69,0,151
19053.0,46,23,0,0,69,0,151
19054.0,46,23,0,0,69,0,151
19055.0,46,23,0,0,69,0,151
19056.0,46,23,0,0,69,0,151
19057.0,46,23,0,0,69,0,151
19058.0,46,23,0,0,69,0,151
19059.0,46,23,0,0,69,0,151
19060.0,46,23,0,0,69,0,151
19061.0,46,23,0,0,69,0,151
19062.0,46,23,0,0,69,0,151
19063.0,46,23,0,0,69,0,151
19064.0,46,23,0,0,69,0,151
19065.0,46,23,0,0,69,0,151
19066.0,46,23,0,0,69,0,151
19067.0,46,23,0,0,69,0,151
19068.0,46,23,0,0,69,0,151
19069.0,46,23,0,0,69,0,151
19070.0,46,23,0,0,69,0,151
19071.0,46,23,0,0,69,0,151
19072.0,46,23,0,0,69,0,151
19073.0,46,23,0,0,69,0,151
19074.0,46,23,0,0,69,0,151
19075.0,46,23,0,0,69,0,151
19076.0,46,23,0,0,69,0,151
19077.0,46,23,0,0,69,0,151
19078.0,46,23,0,0,69,0,151
19079.0,46,23,0,0,69,0,151
19080.0,46,23,0,0,69,0,151
19081.0,46,23,0,0,69,0,151
19082.0,46,23,0,0,69,0,151
19083.0,46,23,0,0,69,0,151
19084.0,46,23,0,0,69,0,151
19085.0,46,23,0,0,69,0,151
19086.0,46,23,0,0,69,0,151
19087.0,46,23,0,0,69,0,151
19088.0,46,23,0,0,69,0,151
19089.0,46,23,0,0,69,0,151
19090.0,46,23,0,0,69,0,151
19091.0,46,23,0,0,69,0,151
19092.0,46,23,0,0,69,0,151
19093.0,46,23,0,0,69,0,151
19094.0,46,23,0,0,69,0,151
19095.0,46,23,0,0,69,0,151
19096.0,46,23,0,0,69,0,151
19097.0,46,23,0,0,69,0,151
19098.0,46,23,0,0,69,0,151
19099.0,46,23,0,0,69,0,151
19100.0,46,23,0,0,69,0,151
19101.0,46,23,0,0,69,0,151
19102.0,46,23,0,0,69,0,151
19103.0,46,23,0,0,69,0,151
19104.0,46,23,0,0,69,0,151
19105.0,46,23,0,0,69,0,151
19106.0,46,23,0,0,69,0,151
19107.0,46,23,0,0,69,0,151
19108.0,46,23,0,0,69,0,151
19109.0,46,23,0,0,69,0,151
19110.0,46,23,0,0,69,0,151
19111.0,46,23,0,0,69,0,151
19112.0,46,23,0,0,69,0,151
19113.0,46,23,0,0,69,0,151
19114.0,46,23,0,0,69,0,151
19115.0,46,23,0,0,69,0,151
19116.0,46,23,0,0,69,0,151
19117.0,46,23,0,0,69,0,151
19118.0,46,23,0,0,69,0,151
19119.0,46,23,0,0,69,0,151
19120.0,46,23,0,0,69,0,151
19121.0,46,23,0,0,69,0,151
19122.0,46,23,0,0,69,0,151
19123.0,46,23,0,0,69,0,151
19124.0,46,23,0,0,69,0,151
19125.0,46,23,0,0,69,0,151
19126.0,46,23,0,0,69,0,151
19127.0,46,23,0,0,69,0,151
19128.0,46,23,0,0,69,0,151
19129.0,46,23,0,0,69,0,151
19130.0,46,23,0,0,69,0,151
19131.0,46,23,0,0,69,0,151
19132.0,46,23,0,0,69,0,151
19133.0,46,23,0,0,69,0,151
19134.0,46,23,0,0,69,0,151
19135.0,46,23,0,0,69,0,151
19136.0,46,23,0,0,69,0,151
19137.0,46,23,0,0,69,0,151
19138.0,46,23,0,0,69,0,151
19139.0,46,23,0,0,69,0,151
19140.0,46,23,0,0,69,0,151
19141.0,46,23,0,0,69,0,151
19142.0,46,23,0,0,69,0,151
19143.0,46,23,0,0,69,0,151
19144.0,46,23,0,0,69,0,151
19145.0,46,23,0,0,69,0,151
19146.0,46,23,0,0,69,0,151
19147.0,46,23,0,0,69,0,151
19148.0,46,23,0,0,69,0,151
19149.0,46,23,0,0,69,0,151
19150.0,46,23,0,0,69,0,151
19151.0,46,23,0,0,69,0,151
19152.0,46,23,0,0,69,0,151
19153.0,46,23,0,0,69,0,151
19154.0,46,23,0,0,69,0,151
19155.0,46,23,0,0,69,0,151
19156.0,46,23,0,0,69,0,151
19157.0,46,23,0,0,69,0,151
19158.0,46,23,0,0,69,0,151
19159.0,46,23,0,0,69,0,151
19160.0,46,23,0,0,69,0,151
19161.0,46,23,0,0,69,0,151
19162.0,46,23,0,0,69,0,151
19163.0,46,23,0,0,69,0,151
19164.0,46,23,0,0,69,0,151
19165.0,46,23,0,0,69,0,151
19166.0,46,23,0,0,69,0,151
19167.0,46,23,0,0,69,0,151
19168.0,46,23,0,0,69,0,151
19169.0,46,23,0,0,69,0,151
19170.0,46,23,0,0,69,0,151
19171.0,46,23,0,0,69,0,151
19172.0,46,23,0,0,69,0,151
19173.0,46,23,0,0,69,0,151
19174.0,46,23,0,0,69,0,151
19175.0,46,23,0,0,69,0,151
19176.0,46,23,0,0,69,0,151
19177.0,46,23,0,0,69,0,151
19178.0,46,23,0,0,69,0,151
19179.0,46,23,0,0,69,0,151
19180.0,46,23,0,0,69,0,151
19181.0,46,23,0,0,69,0,151
19182.0,46,23,0,0,69,0,151
19183.0,46,23,0,0,69,0,151
19184.0,46,23,0,0,69,0,151
19185.0,46,23,0,0,69,0,151
19186.0,46,23,0,0,69,0,151
19187.0,46,23,0,0,69,0,151
19188.0,46,23,0,0,69,0,151
19189.0,46,23,0,0,69,0,151
19190.0,46,23,0,0,69,0,151
19191.0,46,23,0,0,69,0,151
19192.0,46,23,0,0,69,0,151
19193.0,46,23,0,0,69,0,151
19194.0,46,23,0,0,69,0,151
19195.0,46,23,0,0,69,0,151
19196.0,46,23,0,0,69,0,151
19197.0,46,23,0,0,69,0,151
19198.0,46,23,0,0,69,0,151
19199.0,46,23,0,0,69,0,151
19200.0,46,23,0,0,69,0,151
19201.0,46,23,0,0,69,0,151
19202.0,46,23,0,0,69,0,151
19203.0,46,23,0,0,69,0,151
19204.0,46,23,0,0,69,0,151
19205.0,46,23,0,0,69,0,151
19206.0,46,23,0,0,69,0,151
19207.0,46,23,0,0,69,0,151
19208.0,46,23,0,0,69,0,151
19209.0,46,23,0,0,69,0,151
19210.0,46,23,0,0,69,0,151
19211.0,46,23,0,0,69,0,151
19212.0,46,23,0,0,69,0,151
19213.0,46,23,0,0,69,0,151
19214.0,46,23,0,0,69,0,151
19215.0,46,23,0,0,69,0,151
19216.0,46,23,0,0,69,0,151
19217.0,46,23,0,0,69,0,151
19218.0,46,23,0,0,69,0,151
19219.0,46,23,0,0,69,0,151
19220.0,46,23,0,0,69,0,151
19221.0,46,23,0,0,69,0,151
19222.0,46,23,0,0,69,0,151
19223.0,46,23,0,0,69,0,151
19224.0,46,23,0,0,69,0,151
19225.0,46,23,0,0,69,0,151
19226.0,46,23,0,0,69,0,151
19227.0,46,23,0,0,69,0,151
19228.0,46,23,0,0,69,0,151
19229.0,46,23,0,0,69,0,151
19230.0,46,23,0,0,69,0,151
19231.0,46,23,0,0,69,0,151
19232.0,46,23,0,0,69,0,151
19233.0,46,23,0,0,69,0,151
19234.0,46,23,0,0,69,0,151
19235.0,46,23,0,0,69,0,151
19236.0,46,23,0,0,69,0,151
19237.0,46,23,0,0,69,0,151
19238.0,46,23,0,0,69,0,151
19239.0,46,23,0,0,69,0,151
19240.0,46,23,0,0,69,0,151
19241.0,46,23,0,0,69,0,151
19242.0,46,23,0,0,69,0,151
19243.0,46,23,0,0,69,0,151
19244.0,46,23,0,0,69,0,151
19245.0,46,23,0,0,69,0,151
19246.0,46,23,0,0,69,0,151
19247.0,46,23,0,0,69,0,151
19248.0,46,23,0,0,69,0,151
19249.0,46,23,0,0,69,0,151
19250.0,46,23,0,0,69,0,151
19251.0,46,23,0,0,69,0,151
19252.0,46,23,0,0,69,0,151
19253.0,46,23,0,0,69,0,151
19254.0,46,23,0,0,69,0,151
19255.0,46,23,0,0,69,0,151
19256.0,46,23,0,0,69,0,151
19257.0,46,23,0,0,69,0,151
19258.0,46,23,0,0,69,0,151
19259.0,46,23,0,0,69,0,151
19260.0,46,23,0,0,69,0,151
19261.0,46,23,0,0,69,0,151
19262.0,46,23,0,0,69,0,151
19263.0,46,23,0,0,69,0,151
19264.0,46,23,0,0,69,0,151
19265.0,46,23,0,0,69,0,151
19266.0,46,23,0,0,69,0,151
19267.0,46,23,0,0,69,0,151
19268.0,46,23,0,0,69,0,151
19269.0,46,23,0,0,69,0,151
19270.0,46,23,0,0,69,0,151
19271.0,46,23,0,0,69,0,151
19272.0,46,23,0,0,69,0,151
19273.0,46,23,0,0,69,0,151
19274.0,46,23,0,0,69,0,151
19275.0,46,23,0,0,69,0,151
19276.0,46,23,0,0,69,0,151
19277.0,46,23,0,0,69,0,151
19278.0,46,23,0,0,69,0,151
19279.0,46,23,0,0,69,0,151
19280.0,46,23,0,0,69,0,151
19281.0,46,23,0,0,69,0,151
19282.0,46,23,0,0,69,0,151
19283.0,46,23,0,0,69,0,151
19284.0,46,23,0,0,69,0,151
19285.0,46,23,0,0,69,0,151
19286.0,46,23,0,0,69,0,151
19287.0,46,23,0,0,69,0,151
19288.0,46,23,0,0,69,0,151
19289.0,46,23,0,0,69,0,151
19290.0,46,23,0,0,69,0,151
19291.0,46,23,0,0,69,0,151
19292.0,46,23,0,0,69,0,151
19293.0,46,23,0,0,69,0,151
19294.0,46,23,0,0,69,0,151
19295.0,46,23,0,0,69,0,151
19296.0,46,23,0,0,69,0,151
19297.0,46,23,0,0,69,0,151
19298.0,46,23,0,0,69,0,151
19299.0,46,23,0,0,69,0,151
19300.0,46,23,0,0,69,0,151
19301.0,46,23,0,0,69,0,151
19302.0,46,23,0,0,69,0,151
19303.0,46,23,0,0,69,0,151
19304.0,46,23,0,0,69,0,151
19305.0,46,23,0,0,69,0,151
19306.0,46,23,0,0,69,0,151
19307.0,46,23,0,0,69,0,151
19308.0,46,23,0,0,69,0,151
19309.0,46,23,0,0,69,0,151
19310.0,46,23,0,0,69,0,151
19311.0,46,23,0,0,69,0,151
19312.0,46,23,0,0,69,0,151
19313.0,46,23,0,0,69,0,151
19314.0,46,23,0,0,69,0,151
19315.0,46,23,0,0,69,0,151
19316.0,46,23,0,0,69,0,151
19317.0,46,23,0,0,69,0,151
19318.0,46,23,0,0,69,0,151
19319.0,46,23,0,0,69,0,151
19320.0,46,23,0,0,69,0,151
19321.0,46,23,0,0,69,0,151
19322.0,46,23,0,0,69,0,151
19323.0,46,23,0,0,69,0,151
19324.0,46,23,0,0,69,0,151
19325.0,46,23,0,0,69,0,151
19326.0,46,23,0,0,69,0,151
19327.0,46,23,0,0,69,0,151
19328.0,46,23,0,0,69,0,151
19329.0,46,23,0,0,69,0,151
19330.0,46,23,0,0,69,0,151
19331.0,46,23,0,0,69,0,151
19332.0,46,23,0,0,69,0,151
19333.0,46,23,0,0,69,0,151
19334.0,46,23,0,0,69,0,151
19335.0,46,23,0,0,69,0,151
19336.0,46,23,0,0,69,0,151
19337.0,46,23,0,0,69,0,151
19338.0,46,23,0,0,69,0,151
19339.0,46,23,0,0,69,0,151
19340.0,46,23,0,0,69,0,151
19341.0,46,23,0,0,69,0,151
19342.0,46,23,0,0,69,0,151
19343.0,46,23,0,0,69,0,151
19344.0,46,23,0,0,69,0,151
19345.0,46,23,0,0,69,0,151
19346.0,46,23,0,0,69,0,151
19347.0,46,23,0,0,69,0,151
19348.0,46,23,0,0,69,0,151
19349.0,46,23,0,0,69,0,151
19350.0,46,23,0,0,69,0,151
19351.0,46,23,0,0,69,0,151
19352.0,46,23,0,0,69,0,151
19353.0,46,23,0,0,69,0,151
19354.0,46,23,0,0,69,0,151
19355.0,46,23,0,0,69,0,151
19356.0,46,23,0,0,69,0,151
19357.0,46,23,0,0,69,0,151
19358.0,46,23,0,0,69,0,151
19359.0,46,23,0,0,69,0,151
19360.0,46,23,0,0,69,0,151
19361.0,46,23,0,0,69,0,151
19362.0,46,23,0,0,69,0,151
19363.0,46,23,0,0,69,0,151
19364.0,46,23,0,0,69,0,151
19365.0,46,23,0,0,69,0,151
19366.0,46,23,0,0,69,0,151
19367.0,46,23,0,0,69,0,151
19368.0,46,23,0,0,69,0,151
19369.0,46,23,0,0,69,0,151
19370.0,46,23,0,0,69,0,151
19371.0,46,23,0,0,69,0,151
19372.0,46,23,0,0,69,0,151
19373.0,46,23,0,0,69,0,151
19374.0,46,23,0,0,69,0,151
19375.0,46,23,0,0,69,0,151
19376.0,46,23,0,0,69,0,151
19377.0,46,23,0,0,69,0,151
19378.0,46,23,0,0,69,0,151
19379.0,46,23,0,0,69,0,151
19380.0,46,23,0,0,69,0,151
19381.0,46,23,0,0,69,0,151
19382.0,46,23,0,0,69,0,151
19383.0,46,23,0,0,69,0,151
19384.0,46,23,0,0,69,0,151
19385.0,46,23,0,0,69,0,151
19386.0,46,23,0,0,69,0,151
19387.0,46,23,0,0,69,0,151
19388.0,46,23,0,0,69,0,151
19389.0,46,23,0,0,69,0,151
19390.0,46,23,0,0,69,0,151
19391.0,46,23,0,0,69,0,151
19392.0,46,23,0,0,69,0,151
19393.0,46,23,0,0,69,0,151
19394.0,46,23,0,0,69,0,151
19395.0,46,23,0,0,69,0,151
19396.0,46,23,0,0,69,0,151
19397.0,46,23,0,0,69,0,151
19398.0,46,23,0,0,69,0,151
19399.0,46,23,0,0,69,0,151
19400.0,46,23,0,0,69,0,151
19401.0,46,23,0,0,69,0,151
19402.0,46,23,0,0,69,0,151
19403.0,46,23,0,0,69,0,151
19404.0,46,23,0,0,69,0,151
19405.0,46,23,0,0,69,0,151
19406.0,46,23,0,0,69,0,151
19407.0,46,23,0,0,69,0,151
19408.0,46,23,0,0,69,0,151
19409.0,46,23,0,0,69,0,151
19410.0,46,23,0,0,69,0,151
19411.0,46,23,0,0,69,0,151
19412.0,46,23,0,0,69,0,151
19413.0,46,23,0,0,69,0,151
19414.0,46,23,0,0,69,0,151
19415.0,46,23,0,0,69,0,151
19416.0,46,23,0,0,69,0,151
19417.0,46,23,0,0,69,0,151
19418.0,46,23,0,0,69,0,151
19419.0,46,23,0,0,69,0,151
19420.0,46,23,0,0,69,0,151
19421.0,46,23,0,0,69,0,151
19422.0,46,23,0,0,69,0,151
19423.0,46,23,0,0,69,0,151
19424.0,46,23,0,0,69,0,151
19425.0,46,23,0,0,69,0,151
19426.0,46,23,0,0,69,0,151
19427.0,46,23,0,0,69,0,151
19428.0,46,23,0,0,69,0,151
19429.0,46,23,0,0,69,0,151
19430.0,46,23,0,0,69,0,151
19431.0,46,23,0,0,69,0,151
19432.0,46,23,0,0,69,0,151
19433.0,46,23,0,0,69,0,151
19434.0,46,23,0,0,69,0,151
19435.0,46,23,0,0,69,0,151
19436.0,46,23,0,0,69,0,151
19437.0,46,23,0,0,69,0,151
19438.0,46,23,0,0,69,0,151
19439.0,46,23,0,0,69,0,151
19440.0,46,23,0,0,69,0,151
19441.0,46,23,0,0,69,0,151
19442.0,46,23,0,0,69,0,151
19443.0,46,23,0,0,69,0,151
19444.0,46,23,0,0,69,0,151
19445.0,46,23,0,0,69,0,151
19446.0,46,23,0,0,69,0,151
19447.0,46,23,0,0,69,0,151
19448.0,46,23,0,0,69,0,151
19449.0,46,23,0,0,69,0,151
19450.0,46,23,0,0,69,0,151
19451.0,46,23,0,0,69,0,151
19452.0,46,23,0,0,69,0,151
19453.0,46,23,0,0,69,0,151
19454.0,46,23,0,0,69,0,151
19455.0,46,23,0,0,69,0,151
19456.0,46,23,0,0,69,0,151
19457.0,46,23,0,0,69,0,151
19458.0,46,23,0,0,69,0,151
19459.0,46,23,0,0,69,0,151
19460.0,46,23,0,0,69,0,151
19461.0,46,23,0,0,69,0,151
19462.0,46,23,0,0,69,0,151
19463.0,46,23,0,0,69,0,151
19464.0,46,23,0,0,69,0,151
19465.0,46,23,0,0,69,0,151
19466.0,46,23,0,0,69,0,151
19467.0,46,23,0,0,69,0,151
19468.0,46,23,0,0,69,0,151
19469.0,46,23,0,0,69,0,151
19470.0,46,23,0,0,69,0,151
19471.0,46,23,0,0,69,0,151
19472.0,46,23,0,0,69,0,151
19473.0,46,23,0,0,69,0,151
19474.0,46,23,0,0,69,0,151
19475.0,46,23,0,0,69,0,151
19476.0,46,23,0,0,69,0,151
19477.0,46,23,0,0,69,0,151
19478.0,46,23,0,0,69,0,151
19479.0,46,23,0,0,69,0,151
19480.0,46,23,0,0,69,0,151
19481.0,46,23,0,0,69,0,151
19482.0,46,23,0,0,69,0,151
19483.0,46,23,0,0,69,0,151
19484.0,46,23,0,0,69,0,151
19485.0,46,23,0,0,69,0,151
19486.0,46,23,0,0,69,0,151
19487.0,46,23,0,0,69,0,151
19488.0,46,23,0,0,69,0,151
19489.0,46,23,0,0,69,0,151
19490.0,46,23,0,0,69,0,151
19491.0,46,23,0,0,69,0,151
19492.0,46,23,0,0,69,0,151
19493.0,46,23,0,0,69,0,151
19494.0,46,23,0,0,69,0,151
19495.0,46,23,0,0,69,0,151
19496.0,46,23,0,0,69,0,151
19497.0,46,23,0,0,69,0,151
19498.0,46,23,0,0,69,0,151
19499.0,46,23,0,0,69,0,151
19500.0,46,23,0,0,69,0,151
19501.0,46,23,0,0,69,0,151
19502.0,46,23,0,0,69,0,151
19503.0,46,23,0,0,69,0,151
19504.0,46,23,0,0,69,0,151
19505.0,46,23,0,0,69,0,151
19506.0,46,23,0,0,69,0,151
19507.0,46,23,0,0,69,0,151
19508.0,46,23,0,0,69,0,151
19509.0,46,23,0,0,69,0,151
19510.0,46,23,0,0,69,0,151
19511.0,46,23,0,0,69,0,151
19512.0,46,23,0,0,69,0,151
19513.0,46,23,0,0,69,0,151
19514.0,46,23,0,0,69,0,151
19515.0,46,23,0,0,69,0,151
19516.0,46,23,0,0,69,0,151
19517.0,46,23,0,0,69,0,151
19518.0,46,23,0,0,69,0,151
19519.0,46,23,0,0,69,0,151
19520.0,46,23,0,0,69,0,151
19521.0,46,23,0,0,69,0,151
19522.0,46,23,0,0,69,0,151
19523.0,46,23,0,0,69,0,151
19524.0,46,23,0,0,69,0,151
19525.0,46,23,0,0,69,0,151
19526.0,46,23,0,0,69,0,151
19527.0,46,23,0,0,69,0,151
19528.0,46,23,0,0,69,0,151
19529.0,46,23,0,0,69,0,151
19530.0,46,23,0,0,69,0,151
19531.0,46,23,0,0,69,0,151
19532.0,46,23,0,0,69,0,151
19533.0,46,23,0,0,69,0,151
19534.0,46,23,0,0,69,0,151
19535.0,46,23,0,0,69,0,151
19536.0,46,23,0,0,69,0,151
19537.0,46,23,0,0,69,0,151
19538.0,46,23,0,0,69,0,151
19539.0,46,23,0,0,69,0,151
19540.0,46,23,0,0,69,0,151
19541.0,46,23,0,0,69,0,151
19542.0,46,23,0,0,69,0,151
19543.0,46,23,0,0,69,0,151
19544.0,46,23,0,0,69,0,151
19545.0,46,23,0,0,69,0,151
19546.0,46,23,0,0,69,0,151
19547.0,46,23,0,0,69,0,151
19548.0,46,23,0,0,69,0,151
19549.0,46,23,0,0,69,0,151
19550.0,46,23,0,0,69,0,151
19551.0,46,23,0,0,69,0,151
19552.0,46,23,0,0,69,0,151
19553.0,46,23,0,0,69,0,151
19554.0,46,23,0,0,69,0,151
19555.0,46,23,0,0,69,0,151
19556.0,46,23,0,0,69,0,151
19557.0,46,23,0,0,69,0,151
19558.0,46,23,0,0,69,0,151
19559.0,46,23,0,0,69,0,151
19560.0,46,23,0,0,69,0,151
19561.0,46,23,0,0,69,0,151
19562.0,46,23,0,0,69,0,151
19563.0,46,23,0,0,69,0,151
19564.0,46,23,0,0,69,0,151
19565.0,46,23,0,0,69,0,151
19566.0,46,23,0,0,69,0,151
19567.0,46,23,0,0,69,0,151
19568.0,46,23,0,0,69,0,151
19569.0,46,23,0,0,69,0,151
19570.0,46,23,0,0,69,0,151
19571.0,46,23,0,0,69,0,151
19572.0,46,23,0,0,69,0,151
19573.0,46,23,0,0,69,0,151
19574.0,46,23,0,0,69,0,151
19575.0,46,23,0,0,69,0,151
19576.0,46,23,0,0,69,0,151
19577.0,46,23,0,0,69,0,151
19578.0,46,23,0,0,69,0,151
19579.0,46,23,0,0,69,0,151
19580.0,46,23,0,0,69,0,151
19581.0,46,23,0,0,69,0,151
19582.0,46,23,0,0,69,0,151
19583.0,46,23,0,0,69,0,151
19584.0,46,23,0,0,69,0,151
19585.0,46,23,0,0,69,0,151
19586.0,46,23,0,0,69,0,151
19587.0,46,23,0,0,69,0,151
19588.0,46,23,0,0,69,0,151
19589.0,46,23,0,0,69,0,151
19590.0,46,23,0,0,69,0,151
19591.0,46,23,0,0,69,0,151
19592.0,46,23,0,0,69,0,151
19593.0,46,23,0,0,69,0,151
19594.0,46,23,0,0,69,0,151
19595.0,46,23,0,0,69,0,151
19596.0,46,23,0,0,69,0,151
19597.0,46,23,0,0,69,0,151
19598.0,46,23,0,0,69,0,151
19599.0,46,23,0,0,69,0,151
19600.0,46,23,0,0,69,0,151
19601.0,46,23,0,0,69,0,151
19602.0,46,23,0,0,69,0,151
19603.0,46,23,0,0,69,0,151
19604.0,46,23,0,0,69,0,151
19605.0,46,23,0,0,69,0,151
19606.0,46,23,0,0,69,0,151
19607.0,46,23,0,0,69,0,151
19608.0,46,23,0,0,69,0,151
19609.0,46,23,0,0,69,0,151
19610.0,46,23,0,0,69,0,151
19611.0,46,23,0,0,69,0,151
19612.0,46,23,0,0,69,0,151
19613.0,46,23,0,0,69,0,151
19614.0,46,23,0,0,69,0,151
19615.0,46,23,0,0,69,0,151
19616.0,46,23,0,0,69,0,151
19617.0,46,23,0,0,69,0,151
19618.0,46,23,0,0,69,0,151
19619.0,46,23,0,0,69,0,151
19620.0,46,23,0,0,69,0,151
19621.0,46,23,0,0,69,0,151
19622.0,46,23,0,0,69,0,151
19623.0,46,23,0,0,69,0,151
19624.0,46,23,0,0,69,0,151
19625.0,46,23,0,0,69,0,151
19626.0,46,23,0,0,69,0,151
19627.0,46,23,0,0,69,0,151
19628.0,46,23,0,0,69,0,151
19629.0,46,23,0,0,69,0,151
19630.0,46,23,0,0,69,0,151
19631.0,46,23,0,0,69,0,151
19632.0,46,23,0,0,69,0,151
19633.0,46,23,0,0,69,0,151
19634.0,46,23,0,0,69,0,151
19635.0,46,23,0,0,69,0,151
19636.0,46,23,0,0,69,0,151
19637.0,46,23,0,0,69,0,151
19638.0,46,23,0,0,69,0,151
19639.0,46,23,0,0,69,0,151
19640.0,46,23,0,0,69,0,151
19641.0,46,23,0,0,69,0,151
19642.0,46,23,0,0,69,0,151
19643.0,46,23,0,0,69,0,151
19644.0,46,23,0,0,69,0,151
19645.0,46,23,0,0,69,0,151
19646.0,46,23,0,0,69,0,151
19647.0,46,23,0,0,69,0,151
19648.0,46,23,0,0,69,0,151
19649.0,46,23,0,0,69,0,151
19650.0,46,23,0,0,69,0,151
19651.0,46,23,0,0,69,0,151
19652.0,46,23,0,0,69,0,151
19653.0,46,23,0,0,69,0,151
19654.0,46,23,0,0,69,0,151
19655.0,46,23,0,0,69,0,151
19656.0,46,23,0,0,69,0,151
19657.0,46,23,0,0,69,0,151
19658.0,46,23,0,0,69,0,151
19659.0,46,23,0,0,69,0,151
19660.0,46,23,0,0,69,0,151
19661.0,46,23,0,0,69,0,151
19662.0,46,23,0,0,69,0,151
19663.0,46,23,0,0,69,0,151
19664.0,46,23,0,0,69,0,151
19665.0,46,23,0,0,69,0,151
19666.0,46,23,0,0,69,0,151
19667.0,46,23,0,0,69,0,151
19668.0,46,23,0,0,69,0,151
19669.0,46,23,0,0,69,0,151
19670.0,46,23,0,0,69,0,151
19671.0,46,23,0,0,69,0,151
19672.0,46,23,0,0,69,0,151
19673.0,46,23,0,0,69,0,151
19674.0,46,23,0,0,69,0,151
19675.0,46,23,0,0,69,0,151
19676.0,46,23,0,0,69,0,151
19677.0,46,23,0,0,69,0,151
19678.0,46,23,0,0,69,0,151
19679.0,46,23,0,0,69,0,151
19680.0,46,23,0,0,69,0,151
19681.0,46,23,0,0,69,0,151
19682.0,46,23,0,0,69,0,151
19683.0,46,23,0,0,69,0,151
19684.0,46,23,0,0,69,0,151
19685.0,46,23,0,0,69,0,151
19686.0,46,23,0,0,69,0,151
19687.0,46,23,0,0,69,0,151
19688.0,46,23,0,0,69,0,151
19689.0,46,23,0,0,69,0,151
19690.0,46,23,0,0,69,0,151
19691.0,46,23,0,0,69,0,151
19692.0,46,23,0,0,69,0,151
19693.0,46,23,0,0,69,0,151
19694.0,46,23,0,0,69,0,151
19695.0,46,23,0,0,69,0,151
19696.0,46,23,0,0,69,0,151
19697.0,46,23,0,0,69,0,151
19698.0,46,23,0,0,69,0,151
19699.0,46,23,0,0,69,0,151
19700.0,46,23,0,0,69,0,151
19701.0,46,23,0,0,69,0,151
19702.0,46,23,0,0,69,0,151
19703.0,46,23,0,0,69,0,151
19704.0,46,23,0,0,69,0,151
19705.0,46,23,0,0,69,0,151
19706.0,46,23,0,0,69,0,151
19707.0,46,23,0,0,69,0,151
19708.0,46,23,0,0,69,0,151
19709.0,46,23,0,0,69,0,151
19710.0,46,23,0,0,69,0,151
19711.0,46,23,0,0,69,0,151
19712.0,46,23,0,0,69,0,151
19713.0,46,23,0,0,69,0,151
19714.0,46,23,0,0,69,0,151
19715.0,46,23,0,0,69,0,151
19716.0,46,23,0,0,69,0,151
19717.0,46,23,0,0,69,0,151
19718.0,46,23,0,0,69,0,151
19719.0,46,23,0,0,69,0,151
19720.0,46,23,0,0,69,0,151
19721.0,46,23,0,0,69,0,151
19722.0,46,23,0,0,69,0,151
19723.0,46,23,0,0,69,0,151
19724.0,46,23,0,0,69,0,151
19725.0,46,23,0,0,69,0,151
19726.0,46,23,0,0,69,0,151
19727.0,46,23,0,0,69,0,151
19728.0,46,23,0,0,69,0,151
19729.0,46,23,0,0,69,0,151
19730.0,46,23,0,0,69,0,151
19731.0,46,23,0,0,69,0,151
19732.0,46,23,0,0,69,0,151
19733.0,46,23,0,0,69,0,151
19734.0,46,23,0,0,69,0,151
19735.0,46,23,0,0,69,0,151
19736.0,46,23,0,0,69,0,151
19737.0,46,23,0,0,69,0,151
19738.0,46,23,0,0,69,0,151
19739.0,46,23,0,0,69,0,151
19740.0,46,23,0,0,69,0,151
19741.0,46,23,0,0,69,0,151
19742.0,46,23,0,0,69,0,151
19743.0,46,23,0,0,69,0,151
19744.0,46,23,0,0,69,0,151
19745.0,46,23,0,0,69,0,151
19746.0,46,23,0,0,69,0,151
19747.0,46,23,0,0,69,0,151
19748.0,46,23,0,0,69,0,151
19749.0,46,23,0,0,69,0,151
19750.0,46,23,0,0,69,0,151
19751.0,46,23,0,0,69,0,151
19752.0,46,23,0,0,69,0,151
19753.0,46,23,0,0,69,0,151
19754.0,46,23,0,0,69,0,151
19755.0,46,23,0,0,69,0,151
19756.0,46,23,0,0,69,0,151
19757.0,46,23,0,0,69,0,151
19758.0,46,23,0,0,69,0,151
19759.0,46,23,0,0,69,0,151
19760.0,46,23,0,0,69,0,151
19761.0,46,23,0,0,69,0,151
19762.0,46,23,0,0,69,0,151
19763.0,46,23,0,0,69,0,151
19764.0,46,23,0,0,69,0,151
19765.0,46,23,0,0,69,0,151
19766.0,46,23,0,0,69,0,151
19767.0,46,23,0,0,69,0,151
19768.0,46,23,0,0,69,0,151
19769.0,46,23,0,0,69,0,151
19770.0,46,23,0,0,69,0,151
19771.0,46,23,0,0,69,0,151
19772.0,46,23,0,0,69,0,151
19773.0,46,23,0,0,69,0,151
19774.0,46,23,0,0,69,0,151
19775.0,46,23,0,0,69,0,151
19776.0,46,23,0,0,69,0,151
19777.0,46,23,0,0,69,0,151
19778.0,46,23,0,0,69,0,151
19779.0,46,23,0,0,69,0,151
19780.0,46,23,0,0,69,0,151
19781.0,46,23,0,0,69,0,151
19782.0,46,23,0,0,69,0,151
19783.0,46,23,0,0,69,0,151
19784.0,46,23,0,0,69,0,151
19785.0,46,23,0,0,69,0,151
19786.0,46,23,0,0,69,0,151
19787.0,46,23,0,0,69,0,151
19788.0,46,23,0,0,69,0,151
19789.0,46,23,0,0,69,0,151
19790.0,46,23,0,0,69,0,151
19791.0,46,23,0,0,69,0,151
19792.0,46,23,0,0,69,0,151
19793.0,46,23,0,0,69,0,151
19794.0,46,23,0,0,69,0,151
19795.0,46,23,0,0,69,0,151
19796.0,46,23,0,0,69,0,151
19797.0,46,23,0,0,69,0,151
19798.0,46,23,0,0,69,0,151
19799.0,46,23,0,0,69,0,151
19800.0,46,23,0,0,69,0,151
19801.0,46,23,0,0,69,0,151
19802.0,46,23,0,0,69,0,151
19803.0,46,23,0,0,69,0,151
19804.0,46,23,0,0,69,0,151
19805.0,46,23,0,0,69,0,151
19806.0,46,23,0,0,69,0,151
19807.0,46,23,0,0,69,0,151
19808.0,46,23,0,0,69,0,151
19809.0,46,23,0,0,69,0,151
19810.0,46,23,0,0,69,0,151
19811.0,46,23,0,0,69,0,151
19812.0,46,23,0,0,69,0,151
19813.0,46,23,0,0,69,0,151
19814.0,46,23,0,0,69,0,151
19815.0,46,23,0,0,69,0,151
19816.0,46,23,0,0,69,0,151
19817.0,46,23,0,0,69,0,151
19818.0,46,23,0,0,69,0,151
19819.0,46,23,0,0,69,0,151
19820.0,46,23,0,0,69,0,151
19821.0,46,23,0,0,69,0,151
19822.0,46,23,0,0,69,0,151
19823.0,46,23,0,0,69,0,151
19824.0,46,23,0,0,69,0,151
19825.0,46,23,0,0,69,0,151
19826.0,46,23,0,0,69,0,151
19827.0,46,23,0,0,69,0,151
19828.0,46,23,0,0,69,0,151
19829.0,46,23,0,0,69,0,151
19830.0,46,23,0,0,69,0,151
19831.0,46,23,0,0,69,0,151
19832.0,46,23,0,0,69,0,151
19833.0,46,23,0,0,69,0,151
19834.0,46,23,0,0,69,0,151
19835.0,46,23,0,0,69,0,151
19836.0,46,23,0,0,69,0,151
19837.0,46,23,0,0,69,0,151
19838.0,46,23,0,0,69,0,151
19839.0,46,23,0,0,69,0,151
19840.0,46,23,0,0,69,0,151
19841.0,46,23,0,0,69,0,151
19842.0,46,23,0,0,69,0,151
19843.0,46,23,0,0,69,0,151
19844.0,46,23,0,0,69,0,151
19845.0,46,23,0,0,69,0,151
19846.0,46,23,0,0,69,0,151
19847.0,46,23,0,0,69,0,151
19848.0,46,23,0,0,69,0,151
19849.0,46,23,0,0,69,0,151
19850.0,46,23,0,0,69,0,151
19851.0,46,23,0,0,69,0,151
19852.0,46,23,0,0,69,0,151
19853.0,46,23,0,0,69,0,151
19854.0,46,23,0,0,69,0,151
19855.0,46,23,0,0,69,0,151
19856.0,46,23,0,0,69,0,151
19857.0,46,23,0,0,69,0,151
19858.0,46,23,0,0,69,0,151
19859.0,46,23,0,0,69,0,151
19860.0,46,23,0,0,69,0,151
19861.0,46,23,0,0,69,0,151
19862.0,46,23,0,0,69,0,151
19863.0,46,23,0,0,69,0,151
19864.0,46,23,0,0,69,0,151
19865.0,46,23,0,0,69,0,151
19866.0,46,23,0,0,69,0,151
19867.0,46,23,0,0,69,0,151
19868.0,46,23,0,0,69,0,151
19869.0,46,23,0,0,69,0,151
19870.0,46,23,0,0,69,0,151
19871.0,46,23,0,0,69,0,151
19872.0,46,23,0,0,69,0,151
19873.0,46,23,0,0,69,0,151
19874.0,46,23,0,0,69,0,151
19875.0,46,23,0,0,69,0,151
19876.0,46,23,0,0,69,0,151
19877.0,46,23,0,0,69,0,151
19878.0,46,23,0,0,69,0,151
19879.0,46,23,0,0,69,0,151
19880.0,46,23,0,0,69,0,151
19881.0,46,23,0,0,69,0,151
19882.0,46,23,0,0,69,0,151
19883.0,46,23,0,0,69,0,151
19884.0,46,23,0,0,69,0,151
19885.0,46,23,0,0,69,0,151
19886.0,46,23,0,0,69,0,151
19887.0,46,23,0,0,69,0,151
19888.0,46,23,0,0,69,0,151
19889.0,46,23,0,0,69,0,151
19890.0,46,23,0,0,69,0,151
19891.0,46,23,0,0,69,0,151
19892.0,46,23,0,0,69,0,151
19893.0,46,23,0,0,69,0,151
19894.0,46,23,0,0,69,0,151
19895.0,46,23,0,0,69,0,151
19896.0,46,23,0,0,69,0,151
19897.0,46,23,0,0,69,0,151
19898.0,46,23,0,0,69,0,151
19899.0,46,23,0,0,69,0,151
19900.0,46,23,0,0,69,0,151
19901.0,46,23,0,0,69,0,151
19902.0,46,23,0,0,69,0,151
19903.0,46,23,0,0,69,0,151
19904.0,46,23,0,0,69,0,151
19905.0,46,23,0,0,69,0,151
19906.0,46,23,0,0,69,0,151
19907.0,46,23,0,0,69,0,151
19908.0,46,23,0,0,69,0,151
19909.0,46,23,0,0,69,0,151
19910.0,46,23,0,0,69,0,151
19911.0,46,23,0,0,69,0,151
19912.0,46,23,0,0,69,0,151
19913.0,46,23,0,0,69,0,151
19914.0,46,23,0,0,69,0,151
19915.0,46,23,0,0,69,0,151
19916.0,46,23,0,0,69,0,151
19917.0,46,23,0,0,69,0,151
19918.0,46,23,0,0,69,0,151
19919.0,46,23,0,0,69,0,151
19920.0,46,23,0,0,69,0,151
19921.0,46,23,0,0,69,0,151
19922.0,46,23,0,0,69,0,151
19923.0,46,23,0,0,69,0,151
19924.0,46,23,0,0,69,0,151
19925.0,46,23,0,0,69,0,151
19926.0,46,23,0,0,69,0,151
19927.0,46,23,0,0,69,0,151
19928.0,46,23,0,0,69,0,151
19929.0,46,23,0,0,69,0,151
19930.0,46,23,0,0,69,0,151
19931.0,46,23,0,0,69,0,151
19932.0,46,23,0,0,69,0,151
19933.0,46,23,0,0,69,0,151
19934.0,46,23,0,0,69,0,151
19935.0,46,23,0,0,69,0,151
19936.0,46,23,0,0,69,0,151
19937.0,46,23,0,0,69,0,151
19938.0,46,23,0,0,69,0,151
19939.0,46,23,0,0,69,0,151
19940.0,46,23,0,0,69,0,151
19941.0,46,23,0,0,69,0,151
19942.0,46,23,0,0,69,0,151
19943.0,46,23,0,0,69,0,151
19944.0,46,23,0,0,69,0,151
19945.0,46,23,0,0,69,0,151
19946.0,46,23,0,0,69,0,151
19947.0,46,23,0,0,69,0,151
19948.0,46,23,0,0,69,0,151
19949.0,46,23,0,0,69,0,151
19950.0,46,23,0,0,69,0,151
19951.0,46,23,0,0,69,0,151
19952.0,46,23,0,0,69,0,151
19953.0,46,23,0,0,69,0,151
19954.0,46,23,0,0,69,0,151
19955.0,46,23,0,0,69,0,151
19956.0,46,23,0,0,69,0,151
19957.0,46,23,0,0,69,0,151
19958.0,46,23,0,0,69,0,151
19959.0,46,23,0,0,69,0,151
19960.0,46,23,0,0,69,0,151
19961.0,46,23,0,0,69,0,151
19962.0,46,23,0,0,69,0,151
19963.0,46,23,0,0,69,0,151
19964.0,46,23,0,0,69,0,151
19965.0,46,23,0,0,69,0,151
19966.0,46,23,0,0,69,0,151
19967.0,46,23,0,0,69,0,151
19968.0,46,23,0,0,69,0,151
19969.0,46,23,0,0,69,0,151
19970.0,46,23,0,0,69,0,151
19971.0,46,23,0,0,69,0,151
19972.0,46,23,0,0,69,0,151
19973.0,46,23,0,0,69,0,151
19974.0,46,23,0,0,69,0,151
19975.0,46,23,0,0,69,0,151
19976.0,46,23,0,0,69,0,151
19977.0,46,23,0,0,69,0,151
19978.0,46,23,0,0,69,0,151
19979.0,46,23,0,0,69,0,151
19980.0,46,23,0,0,69,0,151
19981.0,46,23,0,0,69,0,151
19982.0,46,23,0,0,69,0,151
19983.0,46,23,0,0,69,0,151
19984.0,46,23,0,0,69,0,151
19985.0,46,23,0,0,69,0,151
19986.0,46,23,0,0,69,0,151
19987.0,46,23,0,0,69,0,151
19988.0,46,23,0,0,69,0,151
19989.0,46,23,0,0,69,0,151
19990.0,46,23,0,0,69,0,151
19991.0,46,23,0,0,69,0,151
19992.0,46,23,0,0,69,0,151
19993.0,46,23,0,0,69,0,151
19994.0,46,23,0,0,69,0,151
19995.0,46,23,0,0,69,0,151
19996.0,46,23,0,0,69,0,151
19997.0,46,23,0,0,69,0,151
19998.0,46,23,0,0,69,0,151
19999.0,46,23,0,0,69,0,151
20000.0,46,23,0,0,69,0,151
