time,queue_N,queue_S,queue_E,queue_W,queue_total,phase,phase_switches
1.0,0,0,0,0,0,0,0
2.0,0,0,0,0,0,0,0
3.0,0,0,0,1,1,0,0
4.0,0,0,1,0,1,0,0
5.0,0,0,0,0,0,0,0
6.0,0,1,0,0,1,0,0
7.0,0,0,1,0,1,0,0
8.0,0,0,0,1,1,0,0
9.0,0,0,0,0,0,0,0
10.0,1,0,0,0,1,0,0
11.0,0,0,0,0,0,0,0
12.0,0,0,0,0,0,0,0
13.0,0,0,0,1,1,0,1
14.0,0,0,0,0,0,0,1
15.0,0,0,1,0,1,0,1
16.0,0,0,0,0,0,0,1
17.0,0,1,0,0,1,0,1
18.0,0,1,1,0,2,0,1
19.0,0,2,0,0,2,0,1
20.0,0,2,0,0,2,0,1
21.0,0,1,0,0,1,0,1
22.0,0,1,0,0,1,0,1
23.0,0,2,0,0,2,0,2
24.0,0,1,0,0,1,0,2
25.0,1,1,1,0,3,0,2
26.0,0,1,1,0,2,0,2
27.0,0,1,1,0,2,0,2
28.0,0,1,2,0,3,0,2
29.0,0,1,2,0,3,0,2
30.0,1,2,2,0,5,0,2
31.0,1,2,2,0,5,0,2
32.0,1,2,2,0,5,0,2
33.0,1,2,3,0,6,0,3
34.0,1,1,2,0,4,0,3
35.0,0,0,2,0,2,0,3
36.0,0,0,2,1,3,0,3
37.0,0,1,2,1,4,0,3
38.0,0,1,2,1,4,0,3
39.0,1,1,2,1,5,0,3
40.0,0,1,2,1,4,0,3
41.0,0,1,3,1,5,0,3
42.0,0,1,3,1,5,0,3
43.0,0,2,3,1,6,0,4
44.0,0,2,2,0,4,0,4
45.0,0,1,1,0,2,0,4
46.0,1,1,0,0,2,0,4
47.0,1,1,0,0,2,0,4
48.0,1,1,0,1,3,0,4
49.0,1,1,0,0,2,0,4
50.0,1,2,0,0,3,0,4
51.0,1,2,0,0,3,0,4
52.0,1,2,0,0,3,0,4
53.0,2,2,0,1,5,0,5
54.0,3,3,0,0,6,0,5
55.0,2,3,1,0,6,0,5
56.0,2,2,1,0,5,0,5
57.0,2,2,1,0,5,0,5
58.0,2,2,1,1,6,0,5
59.0,2,2,1,2,7,0,5
60.0,2,2,1,2,7,0,5
61.0,3,2,1,3,9,0,5
62.0,3,2,1,3,9,0,5
63.0,3,2,1,3,9,0,6
64.0,2,0,2,4,8,0,6
65.0,1,0,1,4,6,0,6
66.0,0,1,1,4,6,0,6
67.0,0,1,3,4,8,0,6
68.0,0,2,2,6,10,0,6
69.0,0,1,3,6,10,0,6
70.0,0,1,4,6,11,0,6
71.0,0,2,4,8,14,0,6
72.0,0,1,4,7,12,0,6
73.0,0,1,5,9,15,0,7
74.0,0,2,5,8,15,0,7
75.0,1,1,5,10,17,0,7
76.0,0,1,6,10,17,0,7
77.0,1,1,6,9,17,0,7
78.0,0,2,6,10,18,0,7
79.0,0,1,6,11,18,0,7
80.0,0,1,7,12,20,0,7
81.0,1,1,8,12,22,0,7
82.0,0,1,8,13,22,0,7
83.0,0,1,8,13,22,0,8
84.0,1,1,6,11,19,0,8
85.0,0,2,4,9,15,0,8
86.0,0,2,2,7,11,0,8
87.0,0,2,1,3,6,0,8
88.0,0,4,0,1,5,0,8
89.0,0,3,0,0,3,0,8
90.0,0,3,0,0,3,0,8
91.0,0,4,1,0,5,0,8
92.0,0,3,0,0,3,0,8
93.0,0,3,1,0,4,0,9
94.0,1,3,1,1,6,0,9
95.0,0,3,2,3,8,0,9
96.0,0,3,3,6,12,0,9
97.0,1,3,3,3,10,0,9
98.0,1,4,3,5,13,0,9
99.0,2,4,3,8,17,0,9
100.0,1,4,3,8,16,0,9
101.0,1,4,4,9,18,0,9
102.0,1,4,4,10,19,0,9
103.0,1,4,4,10,19,0,9
104.0,2,4,5,10,21,0,9
105.0,2,4,4,11,21,0,9
106.0,3,4,4,11,22,0,9
107.0,3,4,5,12,24,0,9
108.0,3,5,4,12,24,0,9
109.0,3,4,5,12,24,0,9
110.0,3,4,5,14,26,0,9
111.0,3,5,5,14,27,0,9
112.0,3,5,5,13,26,0,9
113.0,3,6,5,13,27,0,9
114.0,3,5,5,13,26,0,9
115.0,4,5,5,13,27,0,9
116.0,4,5,5,15,29,0,9
117.0,4,5,6,14,29,0,9
118.0,4,5,5,14,28,0,9
119.0,4,5,5,16,30,0,9
120.0,5,5,6,16,32,0,9
121.0,4,5,8,17,34,0,9
122.0,4,5,8,17,34,0,9
123.0,4,5,9,18,36,0,9
124.0,4,5,8,19,36,0,9
125.0,4,5,9,18,36,0,9
126.0,4,5,9,18,36,0,9
127.0,4,5,9,19,37,0,9
128.0,5,5,9,20,39,0,9
129.0,4,5,9,20,38,0,9
130.0,4,5,9,20,38,0,9
131.0,5,5,9,20,39,0,9
132.0,4,5,9,20,38,0,9
133.0,4,5,10,20,39,0,9
134.0,4,5,9,20,38,0,9
135.0,4,6,10,20,40,0,9
136.0,4,5,10,20,39,0,9
137.0,4,5,10,20,39,0,9
138.0,4,7,11,20,42,0,10
139.0,5,6,9,17,37,0,10
140.0,5,6,7,14,32,0,10
141.0,5,6,5,11,27,0,10
142.0,5,6,4,8,23,0,10
143.0,5,6,3,5,19,0,10
144.0,5,6,2,3,16,0,10
145.0,5,6,1,1,13,0,10
146.0,6,7,0,0,13,0,10
147.0,5,7,0,0,12,0,10
148.0,5,8,0,2,15,0,11
149.0,5,7,1,1,14,0,11
150.0,6,7,1,1,15,0,11
151.0,6,10,2,3,21,0,11
152.0,6,8,3,5,22,0,11
153.0,7,8,3,6,24,0,11
154.0,7,8,4,6,25,0,11
155.0,7,7,5,9,28,0,11
156.0,7,7,7,11,32,0,11
157.0,7,7,7,13,34,0,11
158.0,7,8,7,13,35,0,12
159.0,4,6,7,14,31,0,12
160.0,4,4,8,15,31,0,12
161.0,2,2,9,14,27,0,12
162.0,1,0,9,15,25,0,12
163.0,0,1,10,16,27,0,12
164.0,0,1,10,17,28,0,12
165.0,0,3,10,16,29,0,12
166.0,0,2,10,17,29,0,12
167.0,0,2,10,17,29,0,12
168.0,1,2,10,18,31,0,13
169.0,1,2,8,16,27,0,13
170.0,2,3,6,13,24,0,13
171.0,2,3,5,11,21,0,13
172.0,3,3,4,8,18,0,13
173.0,3,3,3,5,14,0,13
174.0,3,5,2,3,13,0,13
175.0,3,4,1,1,9,0,13
176.0,3,4,0,0,7,0,13
177.0,3,4,0,0,7,0,13
178.0,3,4,1,1,9,0,14
179.0,3,3,1,2,9,0,14
180.0,3,2,1,3,9,0,14
181.0,3,1,3,4,11,0,14
182.0,3,1,3,5,12,0,14
183.0,3,1,3,7,14,0,14
184.0,3,1,4,8,16,0,14
185.0,3,1,5,9,18,0,14
186.0,3,1,6,10,20,0,14
187.0,3,1,7,14,25,0,14
188.0,4,1,8,13,26,0,15
189.0,1,1,7,13,22,0,15
190.0,0,1,8,14,23,0,15
191.0,0,2,9,14,25,0,15
192.0,0,1,9,15,25,0,15
193.0,0,1,10,15,26,0,15
194.0,0,2,10,15,27,0,15
195.0,1,1,11,16,29,0,15
196.0,0,1,12,16,29,0,15
197.0,1,1,11,17,30,0,15
198.0,0,1,11,17,29,0,16
199.0,0,1,9,15,25,0,16
200.0,1,2,7,12,22,0,16
201.0,0,2,6,9,17,0,16
202.0,0,2,5,7,14,0,16
203.0,1,2,4,4,11,0,16
204.0,0,2,3,1,6,0,16
205.0,0,2,2,1,5,0,16
206.0,0,2,1,0,3,0,16
207.0,0,3,0,1,4,0,16
208.0,0,3,0,1,4,0,17
209.0,0,2,1,2,5,0,17
210.0,0,2,1,4,7,0,17
211.0,1,1,1,6,9,0,17
212.0,0,2,2,8,12,0,17
213.0,0,2,3,9,14,0,17
214.0,1,2,3,10,16,0,17
215.0,0,2,4,13,19,0,17
216.0,0,3,4,13,20,0,17
217.0,1,3,5,13,22,0,17
218.0,0,3,6,14,23,0,18
219.0,0,3,6,10,19,0,18
220.0,0,4,5,7,16,0,18
221.0,0,4,5,4,13,0,18
222.0,1,5,4,2,12,0,18
223.0,2,5,3,1,11,0,18
224.0,3,5,2,0,10,0,18
225.0,2,5,2,0,9,0,18
226.0,2,5,1,0,8,0,18
227.0,4,7,0,0,11,0,18
228.0,3,6,0,0,9,0,19
229.0,2,5,0,3,10,0,19
230.0,2,4,1,2,9,0,19
231.0,2,4,2,2,10,0,19
232.0,2,5,3,4,14,0,19
233.0,3,4,3,5,15,0,19
234.0,4,5,5,6,20,0,19
235.0,4,5,5,6,20,0,19
236.0,5,5,5,7,22,0,19
237.0,4,5,7,6,22,0,19
238.0,4,5,6,8,23,0,20
239.0,3,5,6,7,21,0,20
240.0,1,3,7,8,19,0,20
241.0,0,3,7,8,18,0,20
242.0,0,3,7,8,18,0,20
243.0,0,2,7,8,17,0,20
244.0,0,2,8,9,19,0,20
245.0,0,2,9,9,20,0,20
246.0,0,2,10,10,22,0,20
247.0,0,2,10,10,22,0,20
248.0,0,2,10,10,22,0,21
249.0,0,3,8,8,19,0,21
250.0,1,3,6,7,17,0,21
251.0,1,4,6,5,16,0,21
252.0,1,5,5,3,14,0,21
253.0,3,4,4,1,12,0,21
254.0,2,4,3,0,9,0,21
255.0,2,4,2,0,8,0,21
256.0,2,4,1,0,7,0,21
257.0,2,4,0,0,6,0,21
258.0,2,4,0,1,7,0,22
259.0,2,5,1,1,9,0,22
260.0,3,3,1,1,8,0,22
261.0,3,3,2,2,10,0,22
262.0,3,4,2,2,11,0,22
263.0,3,4,3,4,14,0,22
264.0,3,3,3,5,14,0,22
265.0,4,3,4,6,17,0,22
266.0,3,3,7,6,19,0,22
267.0,3,3,7,6,19,0,22
268.0,3,3,7,6,19,0,23
269.0,1,1,7,6,15,0,23
270.0,0,0,8,6,14,0,23
271.0,0,0,9,6,15,0,23
272.0,0,0,9,7,16,0,23
273.0,0,1,9,7,17,0,23
274.0,0,1,9,7,17,0,23
275.0,0,2,9,9,20,0,23
276.0,0,1,9,9,19,0,23
277.0,0,1,9,9,19,0,23
278.0,0,1,9,9,19,0,24
279.0,0,1,10,9,20,0,24
280.0,0,0,10,9,19,0,24
281.0,0,1,10,9,20,0,24
282.0,0,2,10,9,21,0,24
283.0,0,1,12,9,22,0,24
284.0,0,1,12,9,22,0,24
285.0,0,1,12,10,23,0,24
286.0,0,3,13,10,26,0,24
287.0,0,2,13,10,25,0,24
288.0,1,2,13,10,26,0,25
289.0,1,2,11,7,21,0,25
290.0,1,3,9,5,18,0,25
291.0,2,4,7,3,16,0,25
292.0,1,3,5,1,10,0,25
293.0,1,4,4,1,10,0,25
294.0,2,5,3,0,10,0,25
295.0,1,5,2,0,8,0,25
296.0,1,6,2,1,10,0,25
297.0,1,8,1,0,10,0,25
298.0,1,7,1,1,10,0,26
299.0,0,6,1,1,8,0,26
300.0,1,5,2,2,10,0,26
301.0,0,4,3,3,10,0,26
302.0,0,5,3,5,13,0,26
303.0,1,2,5,5,13,0,26
304.0,0,1,6,5,12,0,26
305.0,0,1,8,7,16,0,26
306.0,0,1,9,8,18,0,26
307.0,0,1,10,7,18,0,26
308.0,0,1,10,7,18,0,27
309.0,0,2,9,4,15,0,27
310.0,1,3,7,2,13,0,27
311.0,0,4,6,1,11,0,27
312.0,0,5,4,0,9,0,27
313.0,0,6,3,0,9,0,27
314.0,0,7,2,0,9,0,27
315.0,1,7,1,0,9,0,27
316.0,2,8,0,0,10,0,27
317.0,2,8,0,0,10,0,27
318.0,2,8,0,0,10,0,28
319.0,2,7,1,1,11,0,28
320.0,2,6,2,1,11,0,28
321.0,2,5,3,1,11,0,28
322.0,2,4,4,1,11,0,28
323.0,3,4,4,2,13,0,28
324.0,3,4,5,4,16,0,28
325.0,3,4,6,3,16,0,28
326.0,3,4,5,3,15,0,28
327.0,3,4,5,3,15,0,28
328.0,3,6,7,3,19,0,29
329.0,1,5,7,4,17,0,29
330.0,0,3,7,4,14,0,29
331.0,1,2,9,4,16,0,29
332.0,0,2,9,5,16,0,29
333.0,0,2,10,4,16,0,29
334.0,1,2,10,4,17,0,29
335.0,1,4,10,5,20,0,29
336.0,2,3,10,5,20,0,29
337.0,1,3,11,5,20,0,29
338.0,1,3,11,5,20,0,30
339.0,2,3,9,3,17,0,30
340.0,1,3,7,1,12,0,30
341.0,2,3,6,0,11,0,30
342.0,1,3,4,0,8,0,30
343.0,1,4,3,0,8,0,30
344.0,2,4,2,0,8,0,30
345.0,1,6,1,0,8,0,30
346.0,1,5,0,0,6,0,30
347.0,1,6,0,0,7,0,30
348.0,1,6,0,2,9,0,31
349.0,0,5,2,3,10,0,31
350.0,0,5,2,4,11,0,31
351.0,0,5,3,5,13,0,31
352.0,1,5,4,4,14,0,31
353.0,3,4,5,4,16,0,31
354.0,2,6,6,5,19,0,31
355.0,1,5,8,5,19,0,31
356.0,1,5,8,5,19,0,31
357.0,1,5,9,6,21,0,31
358.0,1,4,10,5,20,0,32
359.0,1,3,9,3,16,0,32
360.0,2,4,8,2,16,0,32
361.0,2,4,5,0,11,0,32
362.0,3,5,3,0,11,0,32
363.0,4,6,2,0,12,0,32
364.0,4,7,2,0,13,0,32
365.0,6,7,1,0,14,0,32
366.0,5,8,0,1,14,0,32
367.0,5,7,0,0,12,0,32
368.0,5,8,0,0,13,0,33
369.0,4,7,0,1,12,0,33
370.0,5,6,2,0,13,0,33
371.0,4,6,3,1,14,0,33
372.0,4,4,5,2,15,0,33
373.0,4,3,5,1,13,0,33
374.0,4,3,5,1,13,0,33
375.0,5,3,6,1,15,0,33
376.0,4,4,8,1,17,0,33
377.0,5,3,7,2,17,0,33
378.0,5,4,7,2,18,0,34
379.0,2,3,8,4,17,0,34
380.0,1,3,8,3,15,0,34
381.0,1,2,9,3,15,0,34
382.0,0,2,11,3,16,0,34
383.0,0,2,9,3,14,0,34
384.0,0,4,9,3,16,0,34
385.0,0,3,9,4,16,0,34
386.0,1,3,11,3,18,0,34
387.0,2,3,13,3,21,0,34
388.0,2,4,15,5,26,0,35
389.0,2,5,13,2,22,0,35
390.0,2,6,9,0,17,0,35
391.0,2,7,6,1,16,0,35
392.0,2,6,6,0,14,0,35
393.0,2,6,4,0,12,0,35
394.0,2,6,2,0,10,0,35
395.0,2,6,1,0,9,0,35
396.0,2,7,0,0,9,0,35
397.0,2,8,0,0,10,0,35
398.0,3,9,1,0,13,0,36
399.0,2,8,1,0,11,0,36
400.0,2,7,2,0,11,0,36
401.0,2,6,3,1,12,0,36
402.0,2,5,4,1,12,0,36
403.0,3,6,4,1,14,0,36
404.0,4,5,5,1,15,0,36
405.0,3,4,4,1,12,0,36
406.0,3,4,5,2,14,0,36
407.0,3,2,5,3,13,0,36
408.0,3,2,5,3,13,0,36
409.0,4,2,6,3,15,0,36
410.0,3,3,7,5,18,0,36
411.0,3,3,7,4,17,0,36
412.0,3,2,8,4,17,0,36
413.0,3,2,7,4,16,0,36
414.0,3,2,7,4,16,0,36
415.0,3,3,9,4,19,0,36
416.0,3,2,9,4,18,0,36
417.0,3,2,8,4,17,0,36
418.0,3,2,9,3,17,0,37
419.0,2,2,10,3,17,0,37
420.0,1,1,10,5,17,0,37
421.0,0,2,12,4,18,0,37
422.0,0,3,12,5,20,0,37
423.0,0,4,13,5,22,0,37
424.0,0,4,14,5,23,0,37
425.0,0,5,15,5,25,0,37
426.0,0,5,15,5,25,0,37
427.0,1,7,15,5,28,0,37
428.0,1,7,17,6,31,0,38
429.0,1,6,14,3,24,0,38
430.0,1,9,12,3,25,0,38
431.0,2,7,9,2,20,0,38
432.0,2,7,6,1,16,0,38
433.0,2,8,5,1,16,0,38
434.0,3,9,2,0,14,0,38
435.0,2,8,1,0,11,0,38
436.0,2,9,0,0,11,0,38
437.0,3,8,0,0,11,0,38
438.0,2,8,0,1,11,0,39
439.0,1,8,1,1,11,0,39
440.0,0,6,1,1,8,0,39
441.0,0,6,2,2,10,0,39
442.0,0,4,3,2,9,0,39
443.0,0,6,4,4,14,0,39
444.0,0,5,5,4,14,0,39
445.0,0,5,6,4,15,0,39
446.0,1,5,6,6,18,0,39
447.0,0,4,6,6,16,0,39
448.0,0,3,8,6,17,0,40
449.0,0,3,6,5,14,0,40
450.0,1,2,4,2,9,0,40
451.0,0,2,2,0,4,0,40
452.0,0,2,2,1,5,0,40
453.0,0,3,1,1,5,0,40
454.0,0,3,0,0,3,0,40
455.0,0,4,0,0,4,0,40
456.0,0,5,0,0,5,0,40
457.0,1,5,0,0,6,0,40
458.0,1,7,0,0,8,0,41
459.0,2,7,1,1,11,0,41
460.0,2,7,2,1,12,0,41
461.0,2,8,3,2,15,0,41
462.0,2,7,4,3,16,0,41
463.0,2,7,5,5,19,0,41
464.0,2,6,5,4,17,0,41
465.0,2,7,7,5,21,0,41
466.0,2,7,7,6,22,0,41
467.0,2,7,8,6,23,0,41
468.0,2,8,8,6,24,0,42
469.0,3,9,5,3,20,0,42
470.0,3,8,3,1,15,0,42
471.0,3,9,1,0,13,0,42
472.0,3,10,0,0,13,0,42
473.0,4,10,0,0,14,0,42
474.0,4,10,0,0,14,0,42
475.0,4,11,0,0,15,0,42
476.0,4,10,0,0,14,0,42
477.0,4,10,0,0,14,0,42
478.0,4,11,0,0,15,0,43
479.0,4,11,0,0,15,0,43
480.0,4,11,1,3,19,0,43
481.0,4,11,2,3,20,0,43
482.0,5,12,3,3,23,0,43
483.0,6,13,2,3,24,0,43
484.0,4,11,5,3,23,0,43
485.0,3,10,5,3,21,0,43
486.0,3,8,6,3,20,0,43
487.0,2,8,6,3,19,0,43
488.0,2,9,7,4,22,0,43
489.0,2,7,7,3,19,0,43
490.0,2,6,7,4,19,0,43
491.0,2,4,10,5,21,0,43
492.0,2,2,10,6,20,0,43
493.0,2,2,10,6,20,0,43
494.0,2,2,10,6,20,0,43
495.0,2,2,10,6,20,0,43
496.0,2,3,11,6,22,0,43
497.0,2,2,11,5,20,0,43
498.0,2,3,11,4,20,0,43
499.0,2,4,11,4,21,0,43
500.0,2,3,11,5,21,0,43
501.0,2,3,12,6,23,0,43
502.0,2,3,12,7,24,0,43
503.0,2,3,13,9,27,0,43
504.0,2,3,13,7,25,0,43
505.0,2,4,13,9,28,0,43
506.0,3,5,14,9,31,0,43
507.0,4,4,14,9,31,0,43
508.0,4,4,15,10,33,0,44
509.0,4,5,11,7,27,0,44
510.0,4,5,9,6,24,0,44
511.0,4,5,7,4,20,0,44
512.0,4,6,4,3,17,0,44
513.0,4,6,1,3,14,0,44
514.0,4,7,0,0,11,0,44
515.0,4,8,0,0,12,0,44
516.0,4,9,0,0,13,0,44
517.0,4,9,0,0,13,0,44
518.0,4,9,0,2,15,0,45
519.0,4,9,3,2,18,0,45
520.0,5,9,3,4,21,0,45
521.0,4,8,5,4,21,0,45
522.0,4,7,7,7,25,0,45
523.0,5,8,8,8,29,0,45
524.0,4,9,9,8,30,0,45
525.0,4,8,9,11,32,0,45
526.0,4,7,10,10,31,0,45
527.0,4,8,11,11,34,0,45
528.0,4,7,10,9,30,0,45
529.0,4,7,12,9,32,0,45
530.0,4,8,13,8,33,0,45
531.0,4,7,14,9,34,0,45
532.0,4,7,14,10,35,0,45
533.0,4,8,15,12,39,0,46
534.0,5,8,13,11,37,0,46
535.0,4,8,10,9,31,0,46
536.0,4,9,7,8,28,0,46
537.0,4,9,4,5,22,0,46
538.0,4,10,3,3,20,0,46
539.0,4,11,1,1,17,0,46
540.0,4,12,0,1,17,0,46
541.0,6,13,0,0,19,0,46
542.0,5,13,1,0,19,0,46
543.0,5,14,2,0,21,0,47
544.0,5,13,1,1,20,0,47
545.0,5,15,3,1,24,0,47
546.0,6,14,2,2,24,0,47
547.0,6,13,4,3,26,0,47
548.0,6,14,3,4,27,0,47
549.0,6,15,4,5,30,0,47
550.0,6,15,6,6,33,0,47
551.0,6,14,7,7,34,0,47
552.0,6,13,7,7,33,0,47
553.0,6,13,8,7,34,0,47
554.0,7,14,9,8,38,0,47
555.0,7,14,10,9,40,0,47
556.0,7,16,11,9,43,0,47
557.0,7,14,12,9,42,0,47
558.0,7,15,14,9,45,0,48
559.0,7,14,11,6,38,0,48
560.0,7,14,9,3,33,0,48
561.0,7,14,6,2,29,0,48
562.0,8,16,5,0,29,0,48
563.0,8,17,3,0,28,0,48
564.0,8,15,1,0,24,0,48
565.0,8,15,0,0,23,0,48
566.0,8,15,0,0,23,0,48
567.0,8,16,0,0,24,0,48
568.0,8,17,0,0,25,0,49
569.0,8,16,2,2,28,0,49
570.0,8,15,2,2,27,0,49
571.0,8,16,4,2,30,0,49
572.0,8,16,4,2,30,0,49
573.0,9,17,6,3,35,0,49
574.0,8,18,9,3,38,0,49
575.0,8,17,8,3,36,0,49
576.0,8,17,10,3,38,0,49
577.0,8,19,11,3,41,0,49
578.0,8,19,11,3,41,0,49
579.0,9,18,12,3,42,0,49
580.0,8,17,13,3,41,0,49
581.0,8,17,14,3,42,0,49
582.0,8,18,14,4,44,0,49
583.0,8,18,16,3,45,0,49
584.0,8,15,16,4,43,0,49
585.0,8,15,17,3,43,0,49
586.0,8,14,17,3,42,0,49
587.0,8,15,17,4,44,0,49
588.0,8,15,18,5,46,0,49
589.0,8,16,18,6,48,0,49
590.0,8,16,18,7,49,0,49
591.0,8,16,18,7,49,0,49
592.0,9,15,18,8,50,0,49
593.0,9,14,18,9,50,0,50
594.0,9,15,15,7,46,0,50
595.0,9,16,12,5,42,0,50
596.0,9,14,10,3,36,0,50
597.0,9,11,7,1,28,0,50
598.0,9,12,5,0,26,0,50
599.0,9,14,3,0,26,0,50
600.0,9,17,1,1,28,0,50
601.0,9,18,0,0,27,0,50
602.0,10,20,0,0,30,0,50
603.0,10,20,0,2,32,0,51
604.0,10,19,0,2,31,0,51
605.0,10,19,1,2,32,0,51
606.0,10,20,1,4,35,0,51
607.0,10,18,1,4,33,0,51
608.0,10,18,3,4,35,0,51
609.0,10,17,4,5,36,0,51
610.0,10,16,6,5,37,0,51
611.0,10,17,7,5,39,0,51
612.0,10,16,8,5,39,0,51
613.0,10,16,8,5,39,0,51
614.0,10,16,10,6,42,0,51
615.0,10,16,10,7,43,0,51
616.0,11,16,12,6,45,0,51
617.0,10,16,13,7,46,0,51
618.0,10,16,13,8,47,0,51
619.0,10,16,13,9,48,0,51
620.0,10,15,14,9,48,0,51
621.0,10,15,14,10,49,0,51
622.0,10,15,15,10,50,0,51
623.0,10,13,16,10,49,0,52
624.0,10,13,13,8,44,0,52
625.0,10,13,11,6,40,0,52
626.0,10,15,8,5,38,0,52
627.0,10,17,6,3,36,0,52
628.0,10,16,4,2,32,0,52
629.0,10,17,3,1,31,0,52
630.0,11,17,2,0,30,0,52
631.0,10,18,1,0,29,0,52
632.0,10,17,1,0,28,0,52
633.0,10,17,0,0,27,0,53
634.0,10,17,1,0,28,0,53
635.0,10,18,2,2,32,0,53
636.0,10,17,4,1,32,0,53
637.0,10,17,5,2,34,0,53
638.0,10,16,5,4,35,0,53
639.0,10,16,7,5,38,0,53
640.0,12,16,7,7,42,0,53
641.0,11,16,8,8,43,0,53
642.0,11,16,9,8,44,0,53
643.0,11,16,10,9,46,0,53
644.0,11,16,11,10,48,0,53
645.0,12,16,11,9,48,0,53
646.0,11,16,12,9,48,0,53
647.0,11,16,12,9,48,0,53
648.0,11,16,13,9,49,0,53
649.0,12,16,13,9,50,0,53
650.0,12,16,13,10,51,0,53
651.0,12,16,13,10,51,0,53
652.0,12,16,13,10,51,0,53
653.0,13,16,13,10,52,0,53
654.0,12,17,13,11,53,0,53
655.0,12,17,13,11,53,0,53
656.0,13,17,13,11,54,0,53
657.0,13,16,13,11,53,0,53
658.0,13,16,13,11,53,0,53
659.0,13,16,13,11,53,0,53
660.0,13,16,13,11,53,0,53
661.0,13,17,13,11,54,0,53
662.0,14,17,13,11,55,0,53
663.0,14,17,13,12,56,0,53
664.0,14,17,13,12,56,0,53
665.0,14,17,13,12,56,0,53
666.0,14,17,13,13,57,0,53
667.0,14,17,13,12,56,0,53
668.0,14,17,13,12,56,0,54
669.0,15,17,11,11,54,0,54
670.0,15,17,9,9,50,0,54
671.0,15,17,7,8,47,0,54
672.0,15,18,5,6,44,0,54
673.0,15,17,4,4,40,0,54
674.0,15,17,3,2,37,0,54
675.0,15,17,2,0,34,0,54
676.0,15,17,1,0,33,0,54
677.0,15,17,0,0,32,0,54
678.0,15,17,0,0,32,0,55
679.0,15,17,1,0,33,0,55
680.0,15,18,2,2,37,0,55
681.0,15,18,3,2,38,0,55
682.0,15,18,3,4,40,0,55
683.0,15,18,4,7,44,0,55
684.0,15,18,4,6,43,0,55
685.0,15,18,5,8,46,0,55
686.0,15,18,5,9,47,0,55
687.0,15,18,6,11,50,0,55
688.0,16,18,7,12,53,0,55
689.0,15,18,8,12,53,0,55
690.0,15,18,9,12,54,0,55
691.0,16,18,10,12,56,0,55
692.0,15,18,10,12,55,0,55
693.0,15,18,10,12,55,0,56
694.0,13,16,11,12,52,0,56
695.0,10,14,11,14,49,0,56
696.0,10,12,11,14,47,0,56
697.0,8,11,11,14,44,0,56
698.0,7,9,11,14,41,0,56
699.0,7,7,11,14,39,0,56
700.0,5,5,11,14,35,0,56
701.0,4,3,11,16,34,0,56
702.0,3,1,11,15,30,0,56
703.0,3,1,11,16,31,0,57
704.0,3,2,9,13,27,0,57
705.0,3,3,7,10,23,0,57
706.0,2,4,6,7,19,0,57
707.0,3,6,5,5,19,0,57
708.0,3,7,4,4,18,0,57
709.0,4,9,3,3,19,0,57
710.0,6,10,2,0,18,0,57
711.0,6,11,1,0,18,0,57
712.0,7,12,0,0,19,0,57
713.0,8,12,1,1,22,0,58
714.0,8,12,1,2,23,0,58
715.0,10,13,1,4,28,0,58
716.0,9,13,2,5,29,0,58
717.0,11,13,2,5,31,0,58
718.0,12,15,3,6,36,0,58
719.0,12,15,4,8,39,0,58
720.0,13,15,4,10,42,0,58
721.0,13,16,5,10,44,0,58
722.0,13,16,5,10,44,0,58
723.0,13,16,6,12,47,0,59
724.0,13,16,6,9,44,0,59
725.0,13,17,5,7,42,0,59
726.0,13,18,5,5,41,0,59
727.0,13,18,4,3,38,0,59
728.0,13,18,3,1,35,0,59
729.0,13,18,2,0,33,0,59
730.0,13,18,1,0,32,0,59
731.0,13,18,0,0,31,0,59
732.0,13,18,0,0,31,0,59
733.0,13,18,0,1,32,0,60
734.0,13,17,2,1,33,0,60
735.0,14,16,2,2,34,0,60
736.0,14,16,2,3,35,0,60
737.0,14,16,2,5,37,0,60
738.0,14,16,2,6,38,0,60
739.0,14,16,3,6,39,0,60
740.0,14,16,4,6,40,0,60
741.0,14,16,6,6,42,0,60
742.0,14,16,6,6,42,0,60
743.0,14,16,6,8,44,0,61
744.0,11,14,8,9,42,0,61
745.0,9,12,8,10,39,0,61
746.0,8,10,9,9,36,0,61
747.0,7,8,10,10,35,0,61
748.0,7,6,10,10,33,0,61
749.0,5,4,11,10,30,0,61
750.0,4,2,9,10,25,0,61
751.0,3,1,11,10,25,0,61
752.0,2,0,11,10,23,0,61
753.0,2,0,12,10,24,0,62
754.0,1,1,12,12,26,0,62
755.0,1,2,13,12,28,0,62
756.0,1,2,14,13,30,0,62
757.0,2,4,14,15,35,0,62
758.0,3,4,14,16,37,0,62
759.0,3,7,16,15,41,0,62
760.0,4,8,18,15,45,0,62
761.0,4,9,18,16,47,0,62
762.0,4,9,18,17,48,0,62
763.0,5,10,18,18,51,0,63
764.0,7,10,14,15,46,0,63
765.0,7,10,12,12,41,0,63
766.0,8,12,10,9,39,0,63
767.0,8,14,7,8,37,0,63
768.0,8,13,4,7,32,0,63
769.0,9,14,3,4,30,0,63
770.0,9,13,1,2,25,0,63
771.0,10,13,0,0,23,0,63
772.0,9,14,0,0,23,0,63
773.0,9,14,0,3,26,0,64
774.0,9,12,2,2,25,0,64
775.0,10,13,2,2,27,0,64
776.0,9,14,3,4,30,0,64
777.0,9,15,5,4,33,0,64
778.0,10,16,7,7,40,0,64
779.0,9,15,7,8,39,0,64
780.0,10,15,8,9,42,0,64
781.0,9,14,10,9,42,0,64
782.0,9,14,12,11,46,0,64
783.0,9,14,14,12,49,0,64
784.0,9,15,16,13,53,0,64
785.0,9,15,18,13,55,0,64
786.0,11,15,19,13,58,0,64
787.0,10,15,20,13,58,0,64
788.0,10,15,21,14,60,0,65
789.0,10,14,18,12,54,0,65
790.0,10,15,14,11,50,0,65
791.0,10,15,11,9,45,0,65
792.0,11,16,9,7,43,0,65
793.0,12,16,5,5,38,0,65
794.0,12,18,3,3,36,0,65
795.0,12,18,4,2,36,0,65
796.0,12,19,3,1,35,0,65
797.0,12,19,4,0,35,0,65
798.0,12,19,1,0,32,0,66
799.0,11,18,1,1,31,0,66
800.0,11,17,2,3,33,0,66
801.0,11,16,2,3,32,0,66
802.0,11,15,5,3,34,0,66
803.0,12,15,7,5,39,0,66
804.0,12,15,7,6,40,0,66
805.0,12,15,6,6,39,0,66
806.0,12,15,7,7,41,0,66
807.0,12,15,8,6,41,0,66
808.0,12,15,9,7,43,0,66
809.0,13,15,9,8,45,0,66
810.0,12,15,10,8,45,0,66
811.0,12,15,11,9,47,0,66
812.0,12,15,13,10,50,0,66
813.0,12,15,13,11,51,0,66
814.0,12,15,14,12,53,0,66
815.0,12,15,15,12,54,0,66
816.0,12,15,16,12,55,0,66
817.0,12,15,16,14,57,0,66
818.0,12,15,17,14,58,0,66
819.0,12,15,18,15,60,0,66
820.0,13,15,19,16,63,0,66
821.0,12,15,19,16,62,0,66
822.0,12,15,20,16,63,0,66
823.0,13,15,20,16,64,0,67
824.0,12,15,17,13,57,0,67
825.0,12,15,15,12,54,0,67
826.0,13,15,12,9,49,0,67
827.0,13,15,10,7,45,0,67
828.0,13,15,7,5,40,0,67
829.0,14,16,4,4,38,0,67
830.0,13,16,3,2,34,0,67
831.0,13,16,1,1,31,0,67
832.0,13,16,0,3,32,0,67
833.0,13,16,1,3,33,0,68
834.0,13,15,1,2,31,0,68
835.0,13,15,2,1,31,0,68
836.0,13,16,6,2,37,0,68
837.0,13,16,5,5,39,0,68
838.0,13,16,6,6,41,0,68
839.0,14,16,9,6,45,0,68
840.0,14,15,8,8,45,0,68
841.0,14,15,11,9,49,0,68
842.0,14,15,12,10,51,0,68
843.0,14,15,14,11,54,0,68
844.0,14,15,16,11,56,0,68
845.0,15,15,15,12,57,0,68
846.0,16,15,15,13,59,0,68
847.0,16,15,16,14,61,0,68
848.0,16,15,17,14,62,0,68
849.0,16,15,19,15,65,0,68
850.0,16,15,19,15,65,0,68
851.0,16,15,20,15,66,0,68
852.0,16,15,20,15,66,0,68
853.0,16,15,20,15,66,0,69
854.0,16,15,18,12,61,0,69
855.0,16,15,15,9,55,0,69
856.0,16,15,12,8,51,0,69
857.0,16,15,9,6,46,0,69
858.0,17,15,6,4,42,0,69
859.0,16,16,3,2,37,0,69
860.0,16,16,1,0,33,0,69
861.0,16,16,0,0,32,0,69
862.0,16,16,0,1,33,0,69
863.0,17,16,0,3,36,0,70
864.0,13,14,0,2,29,0,70
865.0,12,12,0,3,27,0,70
866.0,11,10,0,5,26,0,70
867.0,10,8,1,5,24,0,70
868.0,9,6,2,5,22,0,70
869.0,8,4,3,7,22,0,70
870.0,7,3,4,8,22,0,70
871.0,6,2,5,9,22,0,70
872.0,5,2,7,10,24,0,70
873.0,4,1,7,12,24,0,71
874.0,5,1,8,14,28,0,71
875.0,5,1,9,16,31,0,71
876.0,4,3,10,16,33,0,71
877.0,4,4,10,16,34,0,71
878.0,3,5,10,16,34,0,71
879.0,3,6,11,17,37,0,71
880.0,4,6,12,18,40,0,71
881.0,4,7,11,18,40,0,71
882.0,4,8,11,18,41,0,71
883.0,5,9,12,18,44,0,72
884.0,7,10,9,15,41,0,72
885.0,8,11,7,12,38,0,72
886.0,9,11,5,10,35,0,72
887.0,9,12,4,9,34,0,72
888.0,9,13,4,7,33,0,72
889.0,10,13,1,5,29,0,72
890.0,11,13,0,3,27,0,72
891.0,12,13,0,1,26,0,72
892.0,12,13,0,0,25,0,72
893.0,13,13,1,1,28,0,73
894.0,12,13,2,2,29,0,73
895.0,12,14,1,2,29,0,73
896.0,13,14,2,4,33,0,73
897.0,12,13,5,4,34,0,73
898.0,12,13,4,5,34,0,73
899.0,12,13,5,7,37,0,73
900.0,13,13,6,9,41,0,73
901.0,13,13,5,10,41,0,73
902.0,13,13,6,11,43,0,73
903.0,14,13,7,12,46,0,74
904.0,13,13,7,11,44,0,74
905.0,13,14,4,10,41,0,74
906.0,13,14,3,8,38,0,74
907.0,13,14,3,7,37,0,74
908.0,14,15,2,5,36,0,74
909.0,13,15,2,4,34,0,74
910.0,13,15,1,2,31,0,74
911.0,14,16,0,2,32,0,74
912.0,13,16,0,0,29,0,74
913.0,13,16,0,1,30,0,75
914.0,14,15,2,1,32,0,75
915.0,14,15,1,2,32,0,75
916.0,14,15,2,3,34,0,75
917.0,14,15,3,5,37,0,75
918.0,15,16,4,5,40,0,75
919.0,15,16,4,6,41,0,75
920.0,15,16,5,7,43,0,75
921.0,15,16,7,11,49,0,75
922.0,16,15,6,11,48,0,75
923.0,16,14,7,12,49,0,75
924.0,16,13,9,14,52,0,75
925.0,17,13,7,15,52,0,75
926.0,17,14,7,15,53,0,75
927.0,17,14,9,16,56,0,75
928.0,17,14,10,16,57,0,76
929.0,17,15,9,13,54,0,76
930.0,17,15,4,11,47,0,76
931.0,17,15,3,9,44,0,76
932.0,17,15,1,7,40,0,76
933.0,17,15,0,5,37,0,76
934.0,17,15,0,3,35,0,76
935.0,17,15,0,1,33,0,76
936.0,17,15,0,0,32,0,76
937.0,17,15,0,0,32,0,76
938.0,17,15,0,0,32,0,77
939.0,17,15,2,2,36,0,77
940.0,17,15,3,2,37,0,77
941.0,17,15,3,4,39,0,77
942.0,17,15,4,4,40,0,77
943.0,17,15,6,5,43,0,77
944.0,17,15,7,7,46,0,77
945.0,17,14,9,8,48,0,77
946.0,17,13,10,10,50,0,77
947.0,17,13,11,12,53,0,77
948.0,17,13,13,12,55,0,77
949.0,18,13,14,13,58,0,77
950.0,17,13,14,14,58,0,77
951.0,17,14,15,15,61,0,77
952.0,17,14,16,15,62,0,77
953.0,17,14,18,15,64,0,77
954.0,17,14,18,15,64,0,77
955.0,17,14,18,15,64,0,77
956.0,17,14,19,15,65,0,77
957.0,17,14,21,15,67,0,77
958.0,18,14,21,15,68,0,77
959.0,17,14,22,16,69,0,77
960.0,17,14,22,16,69,0,77
961.0,19,14,23,16,72,0,77
962.0,18,14,23,16,71,0,77
963.0,18,14,23,16,71,0,78
964.0,18,14,20,13,65,0,78
965.0,18,14,17,11,60,0,78
966.0,19,14,14,9,56,0,78
967.0,18,14,12,7,51,0,78
968.0,18,14,9,6,47,0,78
969.0,18,14,7,5,44,0,78
970.0,20,14,3,3,40,0,78
971.0,19,14,1,1,35,0,78
972.0,20,14,0,0,34,0,78
973.0,19,14,0,0,33,0,79
974.0,20,14,0,2,36,0,79
975.0,20,14,1,2,37,0,79
976.0,20,14,1,4,39,0,79
977.0,21,14,1,5,41,0,79
978.0,22,14,3,5,44,0,79
979.0,21,14,5,6,46,0,79
980.0,21,14,6,9,50,0,79
981.0,21,14,8,11,54,0,79
982.0,21,14,11,13,59,0,79
983.0,21,14,12,12,59,0,79
984.0,22,14,14,14,64,0,79
985.0,22,14,14,14,64,0,79
986.0,22,14,16,14,66,0,79
987.0,22,14,16,14,66,0,79
988.0,22,14,18,14,68,0,79
989.0,22,14,19,14,69,0,79
990.0,23,14,20,15,72,0,79
991.0,24,14,20,16,74,0,79
992.0,23,14,20,17,74,0,79
993.0,23,14,20,18,75,0,79
994.0,23,14,20,18,75,0,79
995.0,24,14,20,18,76,0,79
996.0,23,14,20,18,75,0,79
997.0,23,14,20,18,75,0,79
998.0,23,14,20,18,75,0,80
999.0,23,14,17,15,69,0,80
1000.0,23,14,15,12,64,0,80
1001.0,24,14,11,9,58,0,80
1002.0,24,14,8,7,53,0,80
1003.0,25,14,5,5,49,0,80
1004.0,25,14,3,3,45,0,80
1005.0,25,14,2,1,42,0,80
1006.0,26,14,1,0,41,0,80
1007.0,25,14,0,1,40,0,80
1008.0,27,15,0,1,43,0,81
1009.0,26,14,0,3,43,0,81
1010.0,26,14,1,4,45,0,81
1011.0,27,15,2,4,48,0,81
1012.0,26,14,3,7,50,0,81
1013.0,26,14,4,7,51,0,81
1014.0,27,14,6,8,55,0,81
1015.0,28,14,6,10,58,0,81
1016.0,27,14,8,10,59,0,81
1017.0,27,14,9,12,62,0,81
1018.0,27,14,11,12,64,0,81
1019.0,27,14,11,14,66,0,81
1020.0,29,14,11,15,69,0,81
1021.0,28,14,12,15,69,0,81
1022.0,28,14,13,15,70,0,81
1023.0,29,14,13,15,71,0,81
1024.0,29,14,13,16,72,0,81
1025.0,29,14,14,16,73,0,81
1026.0,29,14,15,16,74,0,81
1027.0,29,14,15,16,74,0,81
1028.0,29,14,15,16,74,0,82
1029.0,29,14,12,14,69,0,82
1030.0,29,15,9,11,64,0,82
1031.0,29,15,7,9,60,0,82
1032.0,29,15,5,8,57,0,82
1033.0,30,15,4,6,55,0,82
1034.0,30,15,3,4,52,0,82
1035.0,30,15,2,2,49,0,82
1036.0,30,15,1,1,47,0,82
1037.0,30,15,0,0,45,0,82
1038.0,30,15,0,1,46,0,83
1039.0,28,13,0,1,42,0,83
1040.0,27,11,2,3,43,0,83
1041.0,26,9,2,4,41,0,83
1042.0,25,8,4,6,43,0,83
1043.0,24,6,5,5,40,0,83
1044.0,23,4,5,8,40,0,83
1045.0,22,3,6,10,41,0,83
1046.0,21,3,7,9,40,0,83
1047.0,20,2,9,9,40,0,83
1048.0,21,1,9,10,41,0,84
1049.0,20,1,7,9,37,0,84
1050.0,19,3,6,9,37,0,84
1051.0,18,4,4,8,34,0,84
1052.0,18,6,4,7,35,0,84
1053.0,18,7,3,5,33,0,84
1054.0,18,7,2,4,31,0,84
1055.0,18,7,1,2,28,0,84
1056.0,18,10,0,0,28,0,84
1057.0,17,10,0,1,28,0,84
1058.0,17,10,0,1,28,0,85
1059.0,17,12,0,0,29,0,85
1060.0,17,11,1,3,32,0,85
1061.0,17,11,1,5,34,0,85
1062.0,17,12,3,4,36,0,85
1063.0,15,11,4,5,35,0,85
1064.0,15,10,3,6,34,0,85
1065.0,15,11,4,8,38,0,85
1066.0,14,12,5,8,39,0,85
1067.0,15,12,5,10,42,0,85
1068.0,15,12,5,11,43,0,85
1069.0,14,13,6,12,45,0,85
1070.0,14,14,5,14,47,0,85
1071.0,14,17,5,16,52,0,85
1072.0,14,16,7,18,55,0,85
1073.0,15,16,7,18,56,0,85
1074.0,17,15,6,18,56,0,85
1075.0,17,12,8,18,55,0,85
1076.0,17,13,11,18,59,0,85
1077.0,18,14,10,18,60,0,85
1078.0,19,12,10,18,59,0,85
1079.0,19,12,10,18,59,0,85
1080.0,21,13,10,18,62,0,85
1081.0,21,14,10,18,63,0,85
1082.0,21,15,12,18,66,0,85
1083.0,22,15,12,18,67,0,85
1084.0,23,14,15,18,70,0,85
1085.0,24,15,13,18,70,0,85
1086.0,24,16,14,18,72,0,85
1087.0,25,15,15,19,74,0,85
1088.0,26,14,14,19,73,0,85
1089.0,26,16,15,19,76,0,85
1090.0,27,16,16,19,78,0,85
1091.0,27,16,17,19,79,0,85
1092.0,27,16,18,19,80,0,85
1093.0,27,16,19,19,81,0,85
1094.0,27,16,19,19,81,0,85
1095.0,27,16,20,19,82,0,85
1096.0,27,16,20,19,82,0,85
1097.0,27,16,21,19,83,0,85
1098.0,28,16,21,19,84,0,86
1099.0,28,16,18,17,79,0,86
1100.0,28,16,15,14,73,0,86
1101.0,28,16,12,12,68,0,86
1102.0,28,16,9,10,63,0,86
1103.0,28,16,6,8,58,0,86
1104.0,28,16,3,6,53,0,86
1105.0,28,16,2,4,50,0,86
1106.0,28,17,1,2,48,0,86
1107.0,28,17,0,0,45,0,86
1108.0,28,17,1,1,47,0,87
1109.0,28,16,1,1,46,0,87
1110.0,28,16,2,5,51,0,87
1111.0,28,17,2,6,53,0,87
1112.0,28,17,4,6,55,0,87
1113.0,29,18,4,5,56,0,87
1114.0,28,18,6,7,59,0,87
1115.0,28,17,7,9,61,0,87
1116.0,28,16,9,10,63,0,87
1117.0,28,16,11,12,67,0,87
1118.0,28,17,12,12,69,0,87
1119.0,29,16,13,12,70,0,87
1120.0,28,16,13,14,71,0,87
1121.0,28,16,14,15,73,0,87
1122.0,28,16,15,17,76,0,87
1123.0,28,16,15,18,77,0,87
1124.0,28,16,15,18,77,0,87
1125.0,29,16,16,18,79,0,87
1126.0,30,16,16,18,80,0,87
1127.0,29,16,16,18,79,0,87
1128.0,29,16,17,18,80,0,87
1129.0,29,16,17,18,80,0,87
1130.0,29,16,18,18,81,0,87
1131.0,30,16,18,18,82,0,87
1132.0,30,16,18,18,82,0,87
1133.0,30,16,18,18,82,0,88
1134.0,30,16,16,16,78,0,88
1135.0,31,16,14,14,75,0,88
1136.0,31,16,11,12,70,0,88
1137.0,31,16,9,10,66,0,88
1138.0,31,16,6,8,61,0,88
1139.0,31,16,4,6,57,0,88
1140.0,31,16,2,4,53,0,88
1141.0,31,16,1,2,50,0,88
1142.0,31,16,0,0,47,0,88
1143.0,31,16,0,1,48,0,89
1144.0,29,14,0,1,44,0,89
1145.0,28,13,1,3,45,0,89
1146.0,28,11,1,4,44,0,89
1147.0,27,10,3,6,46,0,89
1148.0,26,8,5,6,45,0,89
1149.0,25,8,7,8,48,0,89
1150.0,23,6,9,8,46,0,89
1151.0,22,4,9,10,45,0,89
1152.0,21,1,11,13,46,0,89
1153.0,21,1,12,13,47,0,90
1154.0,20,2,12,14,48,0,90
1155.0,20,4,13,16,53,0,90
1156.0,19,4,14,17,54,0,90
1157.0,18,6,14,18,56,0,90
1158.0,18,5,15,18,56,0,90
1159.0,18,6,16,19,59,0,90
1160.0,18,8,16,19,61,0,90
1161.0,18,8,16,19,61,0,90
1162.0,17,9,16,19,61,0,90
1163.0,16,11,16,19,62,0,90
1164.0,17,12,16,19,64,0,90
1165.0,16,14,16,19,65,0,90
1166.0,16,14,16,19,65,0,90
1167.0,15,15,16,19,65,0,90
1168.0,15,15,16,19,65,0,90
1169.0,15,15,16,19,65,0,90
1170.0,15,15,16,19,65,0,90
1171.0,15,15,16,19,65,0,90
1172.0,15,15,16,19,65,0,90
1173.0,14,15,16,19,64,0,90
1174.0,15,15,16,19,65,0,90
1175.0,14,15,16,19,64,0,90
1176.0,14,15,17,19,65,0,90
1177.0,16,15,17,19,67,0,90
1178.0,15,15,17,19,66,0,90
1179.0,17,15,17,19,68,0,90
1180.0,17,15,17,19,68,0,90
1181.0,17,15,17,19,68,0,90
1182.0,19,15,18,19,71,0,90
1183.0,20,15,18,19,72,0,90
1184.0,19,15,18,19,71,0,90
1185.0,20,15,19,19,73,0,90
1186.0,21,15,19,19,74,0,90
1187.0,21,15,20,19,75,0,90
1188.0,23,15,20,19,77,0,91
1189.0,25,15,17,16,73,0,91
1190.0,23,15,14,14,66,0,91
1191.0,25,15,11,12,63,0,91
1192.0,25,15,8,10,58,0,91
1193.0,26,15,6,8,55,0,91
1194.0,27,16,3,6,52,0,91
1195.0,26,16,2,4,48,0,91
1196.0,28,16,1,2,47,0,91
1197.0,28,16,0,0,44,0,91
1198.0,29,16,0,0,45,0,92
1199.0,29,15,0,2,46,0,92
1200.0,29,15,3,3,50,0,92
1201.0,29,15,3,4,51,0,92
1202.0,29,15,5,5,54,0,92
1203.0,29,15,8,6,58,0,92
1204.0,29,15,9,7,60,0,92
1205.0,29,15,10,8,62,0,92
1206.0,29,15,10,9,63,0,92
1207.0,29,15,13,9,66,0,92
1208.0,29,15,14,10,68,0,92
1209.0,29,15,15,14,73,0,92
1210.0,29,15,16,16,76,0,92
1211.0,29,15,16,15,75,0,92
1212.0,29,15,18,17,79,0,92
1213.0,29,15,18,18,80,0,93
1214.0,29,15,15,16,75,0,93
1215.0,29,15,12,14,70,0,93
1216.0,29,15,9,12,65,0,93
1217.0,29,15,6,10,60,0,93
1218.0,29,15,4,8,56,0,93
1219.0,29,15,3,6,53,0,93
1220.0,29,15,2,4,50,0,93
1221.0,29,15,1,3,48,0,93
1222.0,29,15,0,1,45,0,93
1223.0,29,15,0,0,44,0,94
1224.0,28,13,2,1,44,0,94
1225.0,27,12,3,1,43,0,94
1226.0,26,10,4,3,43,0,94
1227.0,25,7,5,3,40,0,94
1228.0,24,5,6,5,40,0,94
1229.0,23,3,7,5,38,0,94
1230.0,22,2,7,7,38,0,94
1231.0,21,1,8,7,37,0,94
1232.0,20,0,10,9,39,0,94
1233.0,19,0,10,9,38,0,95
1234.0,19,0,8,9,36,0,95
1235.0,18,1,5,8,32,0,95
1236.0,17,3,5,7,32,0,95
1237.0,17,4,4,5,30,0,95
1238.0,16,5,4,6,31,0,95
1239.0,16,6,3,4,29,0,95
1240.0,16,7,2,2,27,0,95
1241.0,17,9,1,1,28,0,95
1242.0,16,9,0,1,26,0,95
1243.0,15,10,0,0,25,0,96
1244.0,16,10,0,1,27,0,96
1245.0,16,10,1,2,29,0,96
1246.0,15,12,2,3,32,0,96
1247.0,16,12,2,4,34,0,96
1248.0,15,13,3,7,38,0,96
1249.0,16,15,4,7,42,0,96
1250.0,15,14,5,7,41,0,96
1251.0,14,14,5,10,43,0,96
1252.0,14,16,6,10,46,0,96
1253.0,15,14,6,13,48,0,96
1254.0,14,14,7,13,48,0,96
1255.0,14,14,8,14,50,0,96
1256.0,14,14,7,14,49,0,96
1257.0,15,14,8,15,52,0,96
1258.0,16,14,8,15,53,0,96
1259.0,16,14,10,15,55,0,96
1260.0,18,14,9,17,58,0,96
1261.0,18,14,9,17,58,0,96
1262.0,17,14,10,18,59,0,96
1263.0,19,14,11,19,63,0,96
1264.0,19,14,12,19,64,0,96
1265.0,20,14,12,19,65,0,96
1266.0,22,14,12,19,67,0,96
1267.0,22,14,13,19,68,0,96
1268.0,23,14,13,19,69,0,96
1269.0,24,14,14,19,71,0,96
1270.0,26,14,14,19,73,0,96
1271.0,25,14,14,19,72,0,96
1272.0,26,14,14,20,74,0,96
1273.0,27,14,14,20,75,0,97
1274.0,27,14,12,17,70,0,97
1275.0,28,14,10,14,66,0,97
1276.0,28,14,7,12,61,0,97
1277.0,29,14,6,10,59,0,97
1278.0,29,14,4,8,55,0,97
1279.0,29,14,2,6,51,0,97
1280.0,29,14,1,4,48,0,97
1281.0,29,14,0,2,45,0,97
1282.0,30,14,0,0,44,0,97
1283.0,30,14,1,0,45,0,98
1284.0,29,12,3,2,46,0,98
1285.0,28,11,3,2,44,0,98
1286.0,28,11,4,5,48,0,98
1287.0,27,9,6,6,48,0,98
1288.0,25,6,7,6,44,0,98
1289.0,24,5,7,5,41,0,98
1290.0,23,4,7,6,40,0,98
1291.0,22,3,8,9,42,0,98
1292.0,21,1,8,9,39,0,98
1293.0,20,1,8,11,40,0,99
1294.0,19,1,9,11,40,0,99
1295.0,18,3,9,13,43,0,99
1296.0,19,4,10,14,47,0,99
1297.0,18,6,11,16,51,0,99
1298.0,18,7,10,16,51,0,99
1299.0,17,8,11,16,52,0,99
1300.0,17,8,11,16,52,0,99
1301.0,17,9,13,16,55,0,99
1302.0,17,9,13,17,56,0,99
1303.0,16,10,14,17,57,0,99
1304.0,15,11,15,17,58,0,99
1305.0,15,13,16,17,61,0,99
1306.0,15,13,16,18,62,0,99
1307.0,15,14,16,18,63,0,99
1308.0,14,14,17,18,63,0,99
1309.0,14,15,17,18,64,0,99
1310.0,14,15,17,18,64,0,99
1311.0,14,13,17,18,62,0,99
1312.0,14,14,18,18,64,0,99
1313.0,14,16,19,18,67,0,99
1314.0,14,16,20,18,68,0,99
1315.0,13,14,22,19,68,0,99
1316.0,13,17,22,19,71,0,99
1317.0,14,14,22,19,69,0,99
1318.0,15,15,22,19,71,0,100
1319.0,15,16,21,16,68,0,100
1320.0,18,15,18,14,65,0,100
1321.0,17,16,15,12,60,0,100
1322.0,18,18,12,10,58,0,100
1323.0,20,16,10,8,54,0,100
1324.0,19,19,7,6,51,0,100
1325.0,21,19,5,4,49,0,100
1326.0,21,21,3,2,47,0,100
1327.0,22,22,1,0,45,0,100
1328.0,22,20,1,0,43,0,101
1329.0,23,19,1,1,44,0,101
1330.0,23,18,3,4,48,0,101
1331.0,24,19,4,5,52,0,101
1332.0,24,21,6,6,57,0,101
1333.0,25,20,7,7,59,0,101
1334.0,26,21,9,5,61,0,101
1335.0,27,18,11,6,62,0,101
1336.0,27,18,13,7,65,0,101
1337.0,28,17,13,8,66,0,101
1338.0,29,17,15,10,71,0,101
1339.0,29,17,17,9,72,0,101
1340.0,29,17,18,11,75,0,101
1341.0,29,17,18,11,75,0,101
1342.0,29,17,21,13,80,0,101
1343.0,29,17,21,12,79,0,101
1344.0,29,17,22,13,81,0,101
1345.0,29,17,22,13,81,0,101
1346.0,29,16,23,15,83,0,101
1347.0,29,15,23,13,80,0,101
1348.0,29,16,23,13,81,0,101
1349.0,29,15,24,13,81,0,101
1350.0,29,16,24,13,82,0,101
1351.0,29,15,25,15,84,0,101
1352.0,29,16,25,16,86,0,101
1353.0,29,16,25,16,86,0,101
1354.0,29,18,25,17,89,0,101
1355.0,29,15,25,18,87,0,101
1356.0,29,16,25,18,88,0,101
1357.0,29,16,25,18,88,0,101
1358.0,29,18,25,18,90,0,102
1359.0,29,15,22,15,81,0,102
1360.0,29,17,19,12,77,0,102
1361.0,29,17,16,10,72,0,102
1362.0,29,17,13,8,67,0,102
1363.0,29,18,11,6,64,0,102
1364.0,29,18,8,5,60,0,102
1365.0,29,18,5,3,55,0,102
1366.0,29,18,4,2,53,0,102
1367.0,29,18,1,2,50,0,102
1368.0,29,19,0,1,49,0,103
1369.0,29,19,0,4,52,0,103
1370.0,29,18,1,4,52,0,103
1371.0,29,19,3,5,56,0,103
1372.0,29,17,4,5,55,0,103
1373.0,29,17,5,6,57,0,103
1374.0,29,16,7,7,59,0,103
1375.0,29,16,10,9,64,0,103
1376.0,29,16,12,9,66,0,103
1377.0,29,16,13,9,67,0,103
1378.0,29,16,14,10,69,0,103
1379.0,29,16,14,11,70,0,103
1380.0,29,16,17,13,75,0,103
1381.0,29,16,17,13,75,0,103
1382.0,29,16,20,13,78,0,103
1383.0,29,16,21,16,82,0,103
1384.0,29,16,21,16,82,0,103
1385.0,29,16,21,17,83,0,103
1386.0,29,16,21,17,83,0,103
1387.0,29,16,22,19,86,0,103
1388.0,29,16,22,19,86,0,104
1389.0,29,16,19,16,80,0,104
1390.0,29,16,16,13,74,0,104
1391.0,29,16,13,10,68,0,104
1392.0,29,16,11,7,63,0,104
1393.0,29,16,8,7,60,0,104
1394.0,29,16,5,4,54,0,104
1395.0,29,16,3,3,51,0,104
1396.0,29,16,2,1,48,0,104
1397.0,29,16,1,2,48,0,104
1398.0,29,16,1,2,48,0,105
1399.0,28,14,2,3,47,0,105
1400.0,27,12,2,3,44,0,105
1401.0,26,12,2,5,45,0,105
1402.0,25,11,2,5,43,0,105
1403.0,24,8,5,6,43,0,105
1404.0,23,5,5,9,42,0,105
1405.0,22,3,6,8,39,0,105
1406.0,22,2,9,9,42,0,105
1407.0,21,2,12,12,47,0,105
1408.0,21,3,13,11,48,0,106
1409.0,20,2,15,13,50,0,106
1410.0,20,3,15,14,52,0,106
1411.0,19,4,17,15,55,0,106
1412.0,18,5,17,15,55,0,106
1413.0,18,7,18,17,60,0,106
1414.0,18,8,19,17,62,0,106
1415.0,17,9,19,18,63,0,106
1416.0,17,10,19,18,64,0,106
1417.0,19,12,19,18,68,0,106
1418.0,17,13,19,18,67,0,107
1419.0,17,14,16,15,62,0,107
1420.0,17,14,13,12,56,0,107
1421.0,17,15,10,10,52,0,107
1422.0,16,15,7,8,46,0,107
1423.0,15,15,4,7,41,0,107
1424.0,15,15,3,5,38,0,107
1425.0,15,15,2,3,35,0,107
1426.0,15,15,1,3,34,0,107
1427.0,14,15,0,1,30,0,107
1428.0,15,15,0,1,31,0,108
1429.0,15,15,0,1,31,0,108
1430.0,15,15,2,3,35,0,108
1431.0,15,15,4,5,39,0,108
1432.0,15,15,4,4,38,0,108
1433.0,16,15,6,7,44,0,108
1434.0,18,15,8,7,48,0,108
1435.0,18,15,9,7,49,0,108
1436.0,18,15,10,9,52,0,108
1437.0,20,15,10,9,54,0,108
1438.0,19,15,12,11,57,0,108
1439.0,21,15,13,12,61,0,108
1440.0,21,15,14,13,63,0,108
1441.0,22,15,14,13,64,0,108
1442.0,22,15,15,14,66,0,108
1443.0,23,15,16,14,68,0,108
1444.0,25,15,16,15,71,0,108
1445.0,24,15,16,16,71,0,108
1446.0,26,15,16,17,74,0,108
1447.0,27,15,16,18,76,0,108
1448.0,28,15,16,18,77,0,108
1449.0,27,15,16,18,76,0,108
1450.0,28,15,16,18,77,0,108
1451.0,28,15,17,19,79,0,108
1452.0,29,15,17,19,80,0,108
1453.0,28,15,18,19,80,0,108
1454.0,29,15,18,19,81,0,108
1455.0,28,15,18,19,80,0,108
1456.0,28,15,18,20,81,0,108
1457.0,28,15,19,20,82,0,108
1458.0,30,15,19,20,84,0,108
1459.0,31,15,19,20,85,0,108
1460.0,31,15,19,20,85,0,108
1461.0,31,15,19,20,85,0,108
1462.0,31,15,21,20,87,0,108
1463.0,31,15,21,20,87,0,108
1464.0,31,15,21,20,87,0,108
1465.0,31,15,21,20,87,0,108
1466.0,31,15,21,20,87,0,108
1467.0,31,15,21,20,87,0,108
1468.0,31,15,22,20,88,0,109
1469.0,31,15,19,17,82,0,109
1470.0,31,15,16,14,76,0,109
1471.0,31,15,13,11,70,0,109
1472.0,32,15,10,9,66,0,109
1473.0,32,15,7,7,61,0,109
1474.0,33,15,4,5,57,0,109
1475.0,34,15,2,3,54,0,109
1476.0,34,15,1,2,52,0,109
1477.0,34,15,0,2,51,0,109
1478.0,34,15,1,4,54,0,110
1479.0,33,15,2,5,55,0,110
1480.0,33,15,2,6,56,0,110
1481.0,31,15,4,8,58,0,110
1482.0,31,15,6,8,60,0,110
1483.0,31,15,8,11,65,0,110
1484.0,31,15,9,13,68,0,110
1485.0,31,15,11,14,71,0,110
1486.0,31,15,12,16,74,0,110
1487.0,31,15,13,16,75,0,110
1488.0,31,15,13,16,75,0,110
1489.0,31,15,14,16,76,0,110
1490.0,31,15,14,18,78,0,110
1491.0,31,15,14,18,78,0,110
1492.0,31,15,15,19,80,0,110
1493.0,31,15,15,19,80,0,110
1494.0,31,15,15,20,81,0,110
1495.0,31,16,15,20,82,0,110
1496.0,31,16,15,20,82,0,110
1497.0,31,16,15,20,82,0,110
1498.0,31,16,16,20,83,0,111
1499.0,31,16,12,18,77,0,111
1500.0,31,16,9,15,71,0,111
1501.0,31,16,6,12,65,0,111
1502.0,31,16,5,9,61,0,111
1503.0,31,16,4,7,58,0,111
1504.0,31,16,3,6,56,0,111
1505.0,31,17,2,4,54,0,111
1506.0,31,17,1,2,51,0,111
1507.0,31,17,0,0,48,0,111
1508.0,31,17,0,0,48,0,112
1509.0,28,15,1,1,45,0,112
1510.0,28,14,1,1,44,0,112
1511.0,28,13,4,2,47,0,112
1512.0,27,12,4,3,46,0,112
1513.0,26,11,4,5,46,0,112
1514.0,23,8,5,5,41,0,112
1515.0,22,6,7,8,43,0,112
1516.0,21,4,6,9,40,0,112
1517.0,20,2,7,10,39,0,112
1518.0,20,2,8,11,41,0,113
1519.0,19,2,8,12,41,0,113
1520.0,19,2,9,13,43,0,113
1521.0,19,4,10,15,48,0,113
1522.0,19,4,11,16,50,0,113
1523.0,18,5,11,18,52,0,113
1524.0,18,9,12,18,57,0,113
1525.0,17,10,12,18,57,0,113
1526.0,17,11,12,18,58,0,113
1527.0,18,12,13,18,61,0,113
1528.0,17,13,13,18,61,0,114
1529.0,17,12,10,15,54,0,114
1530.0,17,14,8,13,52,0,114
1531.0,16,14,6,11,47,0,114
1532.0,15,13,5,9,42,0,114
1533.0,16,13,4,7,40,0,114
1534.0,15,13,3,5,36,0,114
1535.0,16,14,2,3,35,0,114
1536.0,16,15,1,1,33,0,114
1537.0,16,16,1,0,33,0,114
1538.0,15,16,0,2,33,0,115
1539.0,15,16,0,1,32,0,115
1540.0,14,16,1,2,33,0,115
1541.0,15,17,2,4,38,0,115
1542.0,16,19,2,3,40,0,115
1543.0,16,17,3,4,40,0,115
1544.0,18,17,4,6,45,0,115
1545.0,18,17,4,6,45,0,115
1546.0,19,17,4,10,50,0,115
1547.0,20,17,6,10,53,0,115
1548.0,20,18,8,10,56,0,115
1549.0,20,18,9,13,60,0,115
1550.0,21,18,10,12,61,0,115
1551.0,22,18,12,13,65,0,115
1552.0,24,18,11,13,66,0,115
1553.0,25,18,11,13,67,0,115
1554.0,25,18,13,14,70,0,115
1555.0,25,18,13,16,72,0,115
1556.0,25,18,13,16,72,0,115
1557.0,26,18,13,16,73,0,115
1558.0,27,18,14,17,76,0,115
1559.0,27,18,15,17,77,0,115
1560.0,28,18,15,17,78,0,115
1561.0,28,18,15,17,78,0,115
1562.0,29,18,15,17,79,0,115
1563.0,29,18,15,17,79,0,116
1564.0,28,16,16,17,77,0,116
1565.0,27,14,17,17,75,0,116
1566.0,26,12,17,17,72,0,116
1567.0,25,10,17,17,69,0,116
1568.0,24,8,17,18,67,0,116
1569.0,23,7,18,18,66,0,116
1570.0,22,5,18,18,63,0,116
1571.0,22,3,18,18,61,0,116
1572.0,21,2,18,18,59,0,116
1573.0,20,1,18,18,57,0,117
1574.0,20,2,15,15,52,0,117
1575.0,19,3,12,12,46,0,117
1576.0,19,4,10,9,42,0,117
1577.0,18,5,7,7,37,0,117
1578.0,18,5,4,5,32,0,117
1579.0,19,6,3,3,31,0,117
1580.0,18,8,2,1,29,0,117
1581.0,18,9,1,2,30,0,117
1582.0,18,10,0,3,31,0,117
1583.0,17,12,2,3,34,0,118
1584.0,18,13,2,3,36,0,118
1585.0,18,13,4,3,38,0,118
1586.0,17,15,4,6,42,0,118
1587.0,17,15,5,7,44,0,118
1588.0,17,15,5,8,45,0,118
1589.0,17,15,6,10,48,0,118
1590.0,16,15,6,12,49,0,118
1591.0,17,15,7,14,53,0,118
1592.0,17,15,8,13,53,0,118
1593.0,16,15,8,14,53,0,118
1594.0,16,15,10,16,57,0,118
1595.0,15,15,11,17,58,0,118
1596.0,15,15,11,17,58,0,118
1597.0,16,15,11,18,60,0,118
1598.0,17,15,12,18,62,0,118
1599.0,18,15,12,18,63,0,118
1600.0,18,15,12,19,64,0,118
1601.0,18,15,13,19,65,0,118
1602.0,19,15,13,19,66,0,118
1603.0,20,15,13,19,67,0,119
1604.0,20,15,10,16,61,0,119
1605.0,21,15,8,13,57,0,119
1606.0,21,15,6,10,52,0,119
1607.0,21,15,5,8,49,0,119
1608.0,23,15,4,6,48,0,119
1609.0,23,15,3,4,45,0,119
1610.0,24,15,2,2,43,0,119
1611.0,25,15,2,1,43,0,119
1612.0,26,15,1,1,43,0,119
1613.0,26,15,0,1,42,0,120
1614.0,27,15,0,2,44,0,120
1615.0,27,15,1,4,47,0,120
1616.0,29,15,1,5,50,0,120
1617.0,28,15,1,7,51,0,120
1618.0,29,15,3,6,53,0,120
1619.0,29,15,4,7,55,0,120
1620.0,29,15,4,9,57,0,120
1621.0,29,15,5,9,58,0,120
1622.0,29,15,6,11,61,0,120
1623.0,29,15,7,12,63,0,121
1624.0,28,13,9,13,63,0,121
1625.0,27,11,9,14,61,0,121
1626.0,26,9,10,14,59,0,121
1627.0,25,7,10,15,57,0,121
1628.0,24,5,12,15,56,0,121
1629.0,23,3,12,15,53,0,121
1630.0,22,2,12,15,51,0,121
1631.0,21,1,12,15,49,0,121
1632.0,20,0,12,15,47,0,121
1633.0,20,1,12,16,49,0,122
1634.0,20,1,10,13,44,0,122
1635.0,19,2,8,10,39,0,122
1636.0,18,4,6,8,36,0,122
1637.0,18,5,5,7,35,0,122
1638.0,17,7,4,5,33,0,122
1639.0,17,8,3,3,31,0,122
1640.0,17,10,2,1,30,0,122
1641.0,18,11,1,1,31,0,122
1642.0,18,11,0,1,30,0,122
1643.0,17,12,0,1,30,0,123
1644.0,17,12,1,1,31,0,123
1645.0,16,11,1,2,30,0,123
1646.0,16,12,2,5,35,0,123
1647.0,16,12,3,4,35,0,123
1648.0,15,13,4,6,38,0,123
1649.0,16,13,4,7,40,0,123
1650.0,16,13,6,7,42,0,123
1651.0,15,13,6,8,42,0,123
1652.0,15,13,7,9,44,0,123
1653.0,14,13,8,11,46,0,123
1654.0,14,13,8,11,46,0,123
1655.0,14,13,8,11,46,0,123
1656.0,15,13,9,13,50,0,123
1657.0,14,13,9,14,50,0,123
1658.0,16,13,10,13,52,0,123
1659.0,17,14,10,13,54,0,123
1660.0,17,14,10,15,56,0,123
1661.0,18,14,10,16,58,0,123
1662.0,20,14,10,17,61,0,123
1663.0,20,14,10,17,61,0,123
1664.0,21,14,10,17,62,0,123
1665.0,22,14,10,17,63,0,123
1666.0,22,14,10,17,63,0,123
1667.0,23,14,10,17,64,0,123
1668.0,24,14,10,17,65,0,124
1669.0,26,14,8,15,63,0,124
1670.0,26,14,6,13,59,0,124
1671.0,26,14,5,11,56,0,124
1672.0,26,14,4,9,53,0,124
1673.0,27,14,3,7,51,0,124
1674.0,27,14,2,5,48,0,124
1675.0,28,14,1,3,46,0,124
1676.0,29,14,0,2,45,0,124
1677.0,29,14,0,0,43,0,124
1678.0,29,14,0,1,44,0,125
1679.0,28,12,1,1,42,0,125
1680.0,27,10,1,4,42,0,125
1681.0,26,9,2,6,43,0,125
1682.0,25,6,2,6,39,0,125
1683.0,24,4,3,8,39,0,125
1684.0,23,3,5,9,40,0,125
1685.0,22,3,5,11,41,0,125
1686.0,21,2,6,12,41,0,125
1687.0,20,1,6,12,39,0,125
1688.0,19,1,6,14,40,0,126
1689.0,18,2,6,11,37,0,126
1690.0,19,3,5,9,36,0,126
1691.0,18,4,4,8,34,0,126
1692.0,18,5,2,8,33,0,126
1693.0,17,7,3,6,33,0,126
1694.0,18,8,1,4,31,0,126
1695.0,16,9,0,2,27,0,126
1696.0,17,10,0,2,29,0,126
1697.0,17,11,0,2,30,0,126
1698.0,16,11,0,5,32,0,127
1699.0,15,11,0,4,30,0,127
1700.0,16,11,2,5,34,0,127
1701.0,16,13,4,3,36,0,127
1702.0,16,12,5,4,37,0,127
1703.0,16,12,7,6,41,0,127
1704.0,16,12,7,8,43,0,127
1705.0,15,11,7,7,40,0,127
1706.0,15,11,7,8,41,0,127
1707.0,16,11,9,11,47,0,127
1708.0,16,11,10,11,48,0,127
1709.0,15,13,11,12,51,0,127
1710.0,15,13,12,13,53,0,127
1711.0,15,13,13,13,54,0,127
1712.0,15,13,14,13,55,0,127
1713.0,15,13,14,14,56,0,127
1714.0,17,13,15,14,59,0,127
1715.0,17,13,14,15,59,0,127
1716.0,18,13,15,15,61,0,127
1717.0,19,13,16,17,65,0,127
1718.0,20,13,16,17,66,0,127
1719.0,19,13,16,18,66,0,127
1720.0,20,13,17,19,69,0,127
1721.0,21,13,18,20,72,0,127
1722.0,22,13,18,20,73,0,127
1723.0,24,13,18,20,75,0,128
1724.0,24,13,15,17,69,0,128
1725.0,24,13,12,14,63,0,128
1726.0,25,13,9,11,58,0,128
1727.0,26,13,7,9,55,0,128
1728.0,26,13,6,7,52,0,128
1729.0,27,13,4,6,50,0,128
1730.0,28,13,2,4,47,0,128
1731.0,28,13,0,2,43,0,128
1732.0,29,13,0,0,42,0,128
1733.0,29,13,1,1,44,0,129
1734.0,28,11,1,2,42,0,129
1735.0,27,10,2,4,43,0,129
1736.0,26,9,2,5,42,0,129
1737.0,25,8,5,5,43,0,129
1738.0,24,6,6,7,43,0,129
1739.0,23,7,7,10,47,0,129
1740.0,22,5,8,10,45,0,129
1741.0,21,3,10,12,46,0,129
1742.0,20,1,10,14,45,0,129
1743.0,20,2,11,14,47,0,130
1744.0,19,2,9,13,43,0,130
1745.0,18,4,8,11,41,0,130
1746.0,18,5,6,10,39,0,130
1747.0,19,7,3,8,37,0,130
1748.0,18,10,2,6,36,0,130
1749.0,18,9,2,4,33,0,130
1750.0,18,11,1,2,32,0,130
1751.0,16,12,0,0,28,0,130
1752.0,16,14,0,0,30,0,130
1753.0,17,14,0,0,31,0,131
1754.0,17,13,1,1,32,0,131
1755.0,16,12,2,2,32,0,131
1756.0,16,14,2,4,36,0,131
1757.0,16,16,3,6,41,0,131
1758.0,15,14,5,6,40,0,131
1759.0,16,13,5,7,41,0,131
1760.0,16,14,7,10,47,0,131
1761.0,15,15,6,9,45,0,131
1762.0,14,14,8,9,45,0,131
1763.0,14,15,8,12,49,0,131
1764.0,14,15,9,12,50,0,131
1765.0,15,15,10,14,54,0,131
1766.0,14,17,9,13,53,0,131
1767.0,15,17,11,13,56,0,131
1768.0,15,17,11,13,56,0,131
1769.0,18,17,13,14,62,0,131
1770.0,18,17,13,16,64,0,131
1771.0,19,17,14,16,66,0,131
1772.0,20,17,14,16,67,0,131
1773.0,20,17,15,16,68,0,131
1774.0,22,17,15,16,70,0,131
1775.0,20,17,15,16,68,0,131
1776.0,21,17,15,16,69,0,131
1777.0,22,17,15,17,71,0,131
1778.0,24,17,14,17,72,0,131
1779.0,26,17,15,17,75,0,131
1780.0,24,17,15,18,74,0,131
1781.0,26,17,15,18,76,0,131
1782.0,27,17,16,18,78,0,131
1783.0,28,17,17,18,80,0,131
1784.0,28,17,17,18,80,0,131
1785.0,27,17,17,18,79,0,131
1786.0,28,17,19,18,82,0,131
1787.0,29,17,19,18,83,0,131
1788.0,30,17,19,18,84,0,131
1789.0,30,17,20,18,85,0,131
1790.0,30,17,21,18,86,0,131
1791.0,30,17,21,18,86,0,131
1792.0,30,17,21,18,86,0,131
1793.0,30,17,21,18,86,0,132
1794.0,28,15,21,18,82,0,132
1795.0,27,13,22,18,80,0,132
1796.0,26,11,22,18,77,0,132
1797.0,25,9,22,18,74,0,132
1798.0,24,7,22,18,71,0,132
1799.0,23,6,22,18,69,0,132
1800.0,22,5,22,18,67,0,132
1801.0,21,3,22,18,64,0,132
1802.0,20,1,22,18,61,0,132
1803.0,20,1,22,18,61,0,133
1804.0,20,2,19,16,57,0,133
1805.0,19,3,16,14,52,0,133
1806.0,19,6,13,12,50,0,133
1807.0,19,5,10,10,44,0,133
1808.0,18,7,8,8,41,0,133
1809.0,18,9,6,6,39,0,133
1810.0,17,9,4,4,34,0,133
1811.0,17,10,2,2,31,0,133
1812.0,18,12,0,0,30,0,133
1813.0,17,13,1,0,31,0,134
1814.0,17,13,2,0,32,0,134
1815.0,16,13,4,1,34,0,134
1816.0,17,14,4,3,38,0,134
1817.0,16,15,6,3,40,0,134
1818.0,16,14,6,4,40,0,134
1819.0,16,14,7,5,42,0,134
1820.0,15,14,8,6,43,0,134
1821.0,15,14,9,8,46,0,134
1822.0,14,15,11,8,48,0,134
1823.0,14,15,13,11,53,0,134
1824.0,14,16,14,12,56,0,134
1825.0,13,16,15,12,56,0,134
1826.0,14,16,15,15,60,0,134
1827.0,15,16,16,15,62,0,134
1828.0,16,16,16,16,64,0,134
1829.0,17,16,17,18,68,0,134
1830.0,20,16,17,18,71,0,134
1831.0,17,16,17,18,68,0,134
1832.0,18,16,17,18,69,0,134
1833.0,20,16,18,18,72,0,134
1834.0,22,16,18,18,74,0,134
1835.0,22,16,20,18,76,0,134
1836.0,22,16,20,18,76,0,134
1837.0,23,16,20,18,77,0,134
1838.0,25,16,21,19,81,0,135
1839.0,26,16,18,16,76,0,135
1840.0,25,16,15,14,70,0,135
1841.0,26,17,12,12,67,0,135
1842.0,27,17,9,10,63,0,135
1843.0,28,17,7,8,60,0,135
1844.0,27,17,4,6,54,0,135
1845.0,29,17,2,4,52,0,135
1846.0,28,17,1,2,48,0,135
1847.0,28,17,1,0,46,0,135
1848.0,29,17,0,1,47,0,136
1849.0,28,16,1,1,46,0,136
1850.0,29,16,3,2,50,0,136
1851.0,28,17,3,2,50,0,136
1852.0,28,16,5,3,52,0,136
1853.0,29,16,6,5,56,0,136
1854.0,29,16,10,7,62,0,136
1855.0,29,16,9,8,62,0,136
1856.0,30,16,11,9,66,0,136
1857.0,30,16,13,10,69,0,136
1858.0,30,16,14,11,71,0,136
1859.0,30,16,15,14,75,0,136
1860.0,30,16,14,14,74,0,136
1861.0,30,16,15,15,76,0,136
1862.0,30,16,16,15,77,0,136
1863.0,31,16,16,15,78,0,136
1864.0,31,16,16,15,78,0,136
1865.0,31,16,17,15,79,0,136
1866.0,31,16,19,15,81,0,136
1867.0,31,16,21,15,83,0,136
1868.0,31,16,20,15,82,0,136
1869.0,32,16,21,15,84,0,136
1870.0,32,16,19,15,82,0,136
1871.0,32,16,20,15,83,0,136
1872.0,32,16,20,15,83,0,136
1873.0,32,16,21,16,85,0,137
1874.0,29,14,21,16,80,0,137
1875.0,27,12,21,16,76,0,137
1876.0,26,11,22,16,75,0,137
1877.0,25,10,22,16,73,0,137
1878.0,24,8,22,16,70,0,137
1879.0,23,6,23,16,68,0,137
1880.0,22,4,23,16,65,0,137
1881.0,21,2,23,16,62,0,137
1882.0,20,1,24,16,61,0,137
1883.0,19,2,24,16,61,0,138
1884.0,19,3,21,14,57,0,138
1885.0,18,4,18,12,52,0,138
1886.0,19,6,15,10,50,0,138
1887.0,18,7,12,8,45,0,138
1888.0,18,8,10,6,42,0,138
1889.0,18,10,8,4,40,0,138
1890.0,17,10,5,2,34,0,138
1891.0,17,11,2,0,30,0,138
1892.0,17,14,0,0,31,0,138
1893.0,17,15,0,0,32,0,139
1894.0,16,16,2,1,35,0,139
1895.0,17,14,2,2,35,0,139
1896.0,16,14,4,4,38,0,139
1897.0,16,15,4,4,39,0,139
1898.0,16,15,6,7,44,0,139
1899.0,15,13,9,7,44,0,139
1900.0,14,12,9,7,42,0,139
1901.0,14,13,11,10,48,0,139
1902.0,15,14,13,10,52,0,139
1903.0,15,13,14,11,53,0,139
1904.0,14,14,16,12,56,0,139
1905.0,14,13,17,13,57,0,139
1906.0,15,14,18,13,60,0,139
1907.0,15,14,19,13,61,0,139
1908.0,15,15,20,13,63,0,139
1909.0,17,15,20,14,66,0,139
1910.0,17,15,21,14,67,0,139
1911.0,18,16,21,14,69,0,139
1912.0,18,14,22,14,68,0,139
1913.0,20,15,22,14,71,0,139
1914.0,20,16,23,14,73,0,139
1915.0,21,15,23,14,73,0,139
1916.0,21,14,24,14,73,0,139
1917.0,22,16,24,14,76,0,139
1918.0,24,16,24,14,78,0,139
1919.0,24,16,25,14,79,0,139
1920.0,24,16,25,14,79,0,139
1921.0,25,16,25,14,80,0,139
1922.0,26,16,25,14,81,0,139
1923.0,26,15,25,14,80,0,139
1924.0,27,15,25,14,81,0,139
1925.0,29,15,25,14,83,0,139
1926.0,27,15,25,14,81,0,139
1927.0,28,15,25,14,82,0,139
1928.0,28,15,25,15,83,0,140
1929.0,29,15,22,13,79,0,140
1930.0,29,15,19,11,74,0,140
1931.0,29,15,16,9,69,0,140
1932.0,29,15,13,8,65,0,140
1933.0,29,16,10,6,61,0,140
1934.0,29,15,7,4,55,0,140
1935.0,29,15,4,2,50,0,140
1936.0,29,16,2,1,48,0,140
1937.0,29,16,0,0,45,0,140
1938.0,30,16,0,0,46,0,141
1939.0,29,15,1,0,45,0,141
1940.0,30,15,2,1,48,0,141
1941.0,30,15,3,2,50,0,141
1942.0,30,16,4,3,53,0,141
1943.0,29,15,5,5,54,0,141
1944.0,29,15,6,5,55,0,141
1945.0,29,15,7,6,57,0,141
1946.0,29,15,8,8,60,0,141
1947.0,29,15,9,8,61,0,141
1948.0,29,15,10,8,62,0,141
1949.0,29,15,13,9,66,0,141
1950.0,29,15,14,11,69,0,141
1951.0,29,15,16,11,71,0,141
1952.0,29,15,17,12,73,0,141
1953.0,29,15,17,12,73,0,141
1954.0,29,15,21,14,79,0,141
1955.0,29,15,21,14,79,0,141
1956.0,29,15,22,15,81,0,141
1957.0,29,15,22,14,80,0,141
1958.0,29,15,23,14,81,0,142
1959.0,29,15,21,12,77,0,142
1960.0,29,15,19,11,74,0,142
1961.0,29,15,16,9,69,0,142
1962.0,29,15,13,7,64,0,142
1963.0,29,15,11,5,60,0,142
1964.0,29,15,8,3,55,0,142
1965.0,29,15,5,1,50,0,142
1966.0,29,15,2,0,46,0,142
1967.0,29,15,1,0,45,0,142
1968.0,29,15,0,1,45,0,143
1969.0,28,13,1,1,43,0,143
1970.0,27,11,2,1,41,0,143
1971.0,26,10,4,3,43,0,143
1972.0,25,8,7,4,44,0,143
1973.0,24,6,8,6,44,0,143
1974.0,23,4,9,5,41,0,143
1975.0,22,2,11,7,42,0,143
1976.0,23,2,13,9,47,0,143
1977.0,22,1,16,10,49,0,143
1978.0,21,0,17,10,48,0,144
1979.0,20,0,15,9,44,0,144
1980.0,20,2,15,7,44,0,144
1981.0,19,2,13,6,40,0,144
1982.0,19,4,11,5,39,0,144
1983.0,19,4,8,3,34,0,144
1984.0,19,5,6,1,31,0,144
1985.0,18,8,3,0,29,0,144
1986.0,18,9,1,0,28,0,144
1987.0,19,9,0,0,28,0,144
1988.0,18,10,0,1,29,0,145
1989.0,17,10,1,1,29,0,145
1990.0,17,10,1,1,29,0,145
1991.0,17,13,2,3,35,0,145
1992.0,18,15,3,4,40,0,145
1993.0,18,15,3,5,41,0,145
1994.0,17,13,5,7,42,0,145
1995.0,17,13,7,7,44,0,145
1996.0,17,14,9,8,48,0,145
1997.0,17,12,10,9,48,0,145
1998.0,17,13,11,10,51,0,145
1999.0,17,14,14,11,56,0,145
2000.0,18,13,16,13,60,0,145
2001.0,17,13,17,12,59,0,145
2002.0,18,14,18,14,64,0,145
2003.0,18,13,17,14,62,0,145
2004.0,21,13,18,14,66,0,145
2005.0,20,13,17,15,65,0,145
2006.0,22,15,17,15,69,0,145
2007.0,21,13,17,14,65,0,145
2008.0,21,14,18,15,68,0,145
2009.0,22,15,20,15,72,0,145
2010.0,24,15,20,15,74,0,145
2011.0,23,13,21,18,75,0,145
2012.0,25,15,22,18,80,0,145
2013.0,25,15,22,19,81,0,146
2014.0,26,14,19,17,76,0,146
2015.0,27,16,16,14,73,0,146
2016.0,27,13,14,11,65,0,146
2017.0,29,15,11,9,64,0,146
2018.0,29,14,9,6,58,0,146
2019.0,29,14,6,5,54,0,146
2020.0,29,16,3,3,51,0,146
2021.0,29,16,1,1,47,0,146
2022.0,29,17,0,0,46,0,146
2023.0,29,19,1,0,49,0,147
2024.0,29,19,3,2,53,0,147
2025.0,29,18,3,3,53,0,147
2026.0,29,18,5,4,56,0,147
2027.0,30,18,6,7,61,0,147
2028.0,30,17,9,8,64,0,147
2029.0,30,18,9,11,68,0,147
2030.0,30,17,12,11,70,0,147
2031.0,30,18,13,12,73,0,147
2032.0,30,17,15,13,75,0,147
2033.0,30,17,15,16,78,0,147
2034.0,30,17,16,17,80,0,147
2035.0,30,17,17,17,81,0,147
2036.0,30,17,18,18,83,0,147
2037.0,30,17,19,18,84,0,147
2038.0,30,17,19,18,84,0,147
2039.0,30,17,20,18,85,0,147
2040.0,30,17,20,18,85,0,147
2041.0,30,17,20,19,86,0,147
2042.0,30,18,21,19,88,0,147
2043.0,30,18,22,20,90,0,148
2044.0,30,18,19,17,84,0,148
2045.0,30,18,17,14,79,0,148
2046.0,30,18,14,11,73,0,148
2047.0,30,18,12,9,69,0,148
2048.0,30,18,9,7,64,0,148
2049.0,30,18,6,5,59,0,148
2050.0,30,18,3,3,54,0,148
2051.0,30,18,1,1,50,0,148
2052.0,30,18,0,0,48,0,148
2053.0,30,18,0,1,49,0,149
2054.0,28,16,1,0,45,0,149
2055.0,27,15,2,2,46,0,149
2056.0,26,14,3,3,46,0,149
2057.0,25,14,5,4,48,0,149
2058.0,24,11,8,5,48,0,149
2059.0,23,9,9,8,49,0,149
2060.0,22,6,11,9,48,0,149
2061.0,21,4,13,11,49,0,149
2062.0,20,3,14,12,49,0,149
2063.0,19,2,14,13,48,0,150
2064.0,20,1,16,12,49,0,150
2065.0,19,2,17,13,51,0,150
2066.0,19,2,18,14,53,0,150
2067.0,18,3,19,14,54,0,150
2068.0,18,4,19,15,56,0,150
2069.0,18,6,19,15,58,0,150
2070.0,17,7,19,15,58,0,150
2071.0,17,8,19,16,60,0,150
2072.0,17,10,19,16,62,0,150
2073.0,16,12,21,16,65,0,151
2074.0,17,11,18,14,60,0,151
2075.0,17,14,15,12,58,0,151
2076.0,17,15,13,9,54,0,151
2077.0,16,15,10,7,48,0,151
2078.0,16,15,7,5,43,0,151
2079.0,17,16,5,3,41,0,151
2080.0,16,16,3,1,36,0,151
2081.0,17,16,2,0,35,0,151
2082.0,16,16,0,1,33,0,151
2083.0,16,16,0,0,32,0,152
2084.0,16,16,0,2,34,0,152
2085.0,15,16,1,2,34,0,152
2086.0,15,16,3,6,40,0,152
2087.0,15,16,3,7,41,0,152
2088.0,16,16,6,9,47,0,152
2089.0,18,16,6,7,47,0,152
2090.0,17,16,5,9,47,0,152
2091.0,18,16,3,10,47,0,152
2092.0,19,16,4,12,51,0,152
2093.0,21,16,3,12,52,0,152
2094.0,22,16,3,15,56,0,152
2095.0,21,16,5,15,57,0,152
2096.0,23,16,5,15,59,0,152
2097.0,23,16,8,16,63,0,152
2098.0,24,16,5,17,62,0,152
2099.0,24,16,6,17,63,0,152
2100.0,24,16,7,16,63,0,152
2101.0,26,16,8,17,67,0,152
2102.0,26,16,9,17,68,0,152
2103.0,26,16,9,19,70,0,152
2104.0,27,16,10,20,73,0,152
2105.0,28,16,11,21,76,0,152
2106.0,28,16,12,21,77,0,152
2107.0,29,16,13,21,79,0,152
2108.0,29,16,14,22,81,0,152
2109.0,29,16,14,22,81,0,152
2110.0,29,16,14,22,81,0,152
2111.0,29,16,14,22,81,0,152
2112.0,29,16,14,22,81,0,152
2113.0,29,16,14,22,81,0,152
2114.0,29,16,14,22,81,0,152
2115.0,29,16,14,22,81,0,152
2116.0,30,16,14,22,82,0,152
2117.0,30,16,15,22,83,0,152
2118.0,30,16,15,22,83,0,153
2119.0,30,16,12,19,77,0,153
2120.0,30,16,10,16,72,0,153
2121.0,30,16,8,13,67,0,153
2122.0,30,16,6,11,63,0,153
2123.0,30,16,4,8,58,0,153
2124.0,30,17,3,6,56,0,153
2125.0,30,17,2,4,53,0,153
2126.0,30,17,1,2,50,0,153
2127.0,30,17,0,0,47,0,153
2128.0,30,17,1,0,48,0,154
2129.0,30,16,1,0,47,0,154
2130.0,30,16,3,1,50,0,154
2131.0,30,17,4,2,53,0,154
2132.0,30,17,5,3,55,0,154
2133.0,30,18,3,4,55,0,154
2134.0,30,18,4,8,60,0,154
2135.0,30,18,4,8,60,0,154
2136.0,30,18,7,11,66,0,154
2137.0,30,17,7,13,67,0,154
2138.0,30,16,9,14,69,0,154
2139.0,30,16,10,15,71,0,154
2140.0,30,16,10,18,74,0,154
2141.0,30,16,10,19,75,0,154
2142.0,30,16,12,20,78,0,154
2143.0,30,16,12,20,78,0,154
2144.0,30,16,12,20,78,0,154
2145.0,30,16,14,20,80,0,154
2146.0,30,16,13,20,79,0,154
2147.0,30,16,13,20,79,0,154
2148.0,30,16,13,20,79,0,154
2149.0,30,16,13,20,79,0,154
2150.0,30,16,16,20,82,0,154
2151.0,30,16,16,20,82,0,154
2152.0,30,16,17,20,83,0,154
2153.0,30,16,17,20,83,0,154
2154.0,30,16,18,20,84,0,154
2155.0,30,16,18,20,84,0,154
2156.0,30,16,18,20,84,0,154
2157.0,30,16,19,20,85,0,154
2158.0,30,16,19,20,85,0,155
2159.0,30,16,16,17,79,0,155
2160.0,30,17,13,15,75,0,155
2161.0,30,17,10,12,69,0,155
2162.0,30,17,7,10,64,0,155
2163.0,30,17,4,7,58,0,155
2164.0,30,17,3,5,55,0,155
2165.0,30,18,3,3,54,0,155
2166.0,30,18,2,2,52,0,155
2167.0,30,18,1,1,50,0,155
2168.0,30,18,0,1,49,0,156
2169.0,30,17,1,2,50,0,156
2170.0,30,17,2,4,53,0,156
2171.0,30,18,3,7,58,0,156
2172.0,30,19,3,10,62,0,156
2173.0,30,19,6,11,66,0,156
2174.0,30,19,5,11,65,0,156
2175.0,30,18,8,12,68,0,156
2176.0,30,17,10,13,70,0,156
2177.0,30,17,10,13,70,0,156
2178.0,30,17,11,14,72,0,157
2179.0,28,15,14,16,73,0,157
2180.0,27,14,13,17,71,0,157
2181.0,26,12,15,17,70,0,157
2182.0,25,10,15,18,68,0,157
2183.0,24,8,15,19,66,0,157
2184.0,23,6,16,19,64,0,157
2185.0,22,4,16,19,61,0,157
2186.0,21,2,16,21,60,0,157
2187.0,20,1,16,21,58,0,157
2188.0,20,2,16,23,61,0,158
2189.0,19,3,13,20,55,0,158
2190.0,19,4,11,17,51,0,158
2191.0,18,5,8,15,46,0,158
2192.0,18,8,5,12,43,0,158
2193.0,18,8,3,9,38,0,158
2194.0,18,10,2,6,36,0,158
2195.0,18,11,1,4,34,0,158
2196.0,17,12,0,2,31,0,158
2197.0,18,13,0,0,31,0,158
2198.0,18,15,0,1,34,0,159
2199.0,17,14,1,1,33,0,159
2200.0,16,13,2,3,34,0,159
2201.0,16,15,4,4,39,0,159
2202.0,16,13,3,8,40,0,159
2203.0,15,13,6,8,42,0,159
2204.0,15,14,5,12,46,0,159
2205.0,15,14,5,12,46,0,159
2206.0,16,14,7,13,50,0,159
2207.0,15,14,7,10,46,0,159
2208.0,15,14,7,12,48,0,159
2209.0,15,14,8,13,50,0,159
2210.0,14,14,8,15,51,0,159
2211.0,15,14,9,16,54,0,159
2212.0,15,14,10,15,54,0,159
2213.0,16,14,9,17,56,0,159
2214.0,18,14,12,18,62,0,159
2215.0,17,14,13,19,63,0,159
2216.0,19,14,16,20,69,0,159
2217.0,18,14,14,20,66,0,159
2218.0,19,14,14,21,68,0,160
2219.0,21,14,13,19,67,0,160
2220.0,22,14,9,17,62,0,160
2221.0,21,14,8,15,58,0,160
2222.0,22,14,6,12,54,0,160
2223.0,24,14,4,9,51,0,160
2224.0,24,14,5,6,49,0,160
2225.0,25,14,3,3,45,0,160
2226.0,25,14,6,2,47,0,160
2227.0,25,14,4,1,44,0,160
2228.0,26,14,3,1,44,0,161
2229.0,27,14,5,1,47,0,161
2230.0,28,15,5,2,50,0,161
2231.0,28,15,6,5,54,0,161
2232.0,29,15,5,6,55,0,161
2233.0,29,14,6,6,55,0,161
2234.0,29,14,7,10,60,0,161
2235.0,29,14,8,10,61,0,161
2236.0,29,14,9,11,63,0,161
2237.0,29,14,11,13,67,0,161
2238.0,29,14,10,14,67,0,161
2239.0,29,14,11,16,70,0,161
2240.0,29,14,15,17,75,0,161
2241.0,30,14,14,19,77,0,161
2242.0,30,14,16,19,79,0,161
2243.0,30,14,16,20,80,0,162
2244.0,30,14,14,17,75,0,162
2245.0,30,14,14,15,73,0,162
2246.0,30,14,13,12,69,0,162
2247.0,30,14,11,9,64,0,162
2248.0,31,14,8,7,60,0,162
2249.0,31,14,5,5,55,0,162
2250.0,31,14,4,3,52,0,162
2251.0,31,14,3,2,50,0,162
2252.0,31,14,1,1,47,0,162
2253.0,31,14,3,2,50,0,163
2254.0,31,14,3,2,50,0,163
2255.0,31,14,5,4,54,0,163
2256.0,31,15,6,8,60,0,163
2257.0,31,16,8,7,62,0,163
2258.0,31,17,6,8,62,0,163
2259.0,31,17,8,11,67,0,163
2260.0,31,16,9,12,68,0,163
2261.0,31,15,9,11,66,0,163
2262.0,31,15,10,13,69,0,163
2263.0,31,15,10,14,70,0,163
2264.0,31,15,11,16,73,0,163
2265.0,31,15,14,16,76,0,163
2266.0,31,15,14,18,78,0,163
2267.0,31,15,15,18,79,0,163
2268.0,31,15,17,18,81,0,163
2269.0,31,15,16,18,80,0,163
2270.0,31,15,17,18,81,0,163
2271.0,31,15,17,18,81,0,163
2272.0,31,15,19,18,83,0,163
2273.0,31,15,19,18,83,0,163
2274.0,31,15,20,19,85,0,163
2275.0,31,15,21,19,86,0,163
2276.0,31,15,22,19,87,0,163
2277.0,31,15,22,19,87,0,163
2278.0,31,15,22,19,87,0,164
2279.0,31,15,19,16,81,0,164
2280.0,31,15,16,13,75,0,164
2281.0,31,15,13,10,69,0,164
2282.0,31,16,10,8,65,0,164
2283.0,31,16,7,6,60,0,164
2284.0,31,16,5,3,55,0,164
2285.0,31,16,3,2,52,0,164
2286.0,31,16,2,0,49,0,164
2287.0,31,16,0,1,48,0,164
2288.0,31,16,0,6,53,0,165
2289.0,28,14,0,5,47,0,165
2290.0,28,13,2,6,49,0,165
2291.0,28,11,2,9,50,0,165
2292.0,27,9,4,11,51,0,165
2293.0,26,9,5,9,49,0,165
2294.0,25,7,7,10,49,0,165
2295.0,22,5,9,14,50,0,165
2296.0,21,5,10,14,50,0,165
2297.0,21,3,13,16,53,0,165
2298.0,20,2,15,18,55,0,166
2299.0,20,2,13,15,50,0,166
2300.0,19,2,11,13,45,0,166
2301.0,19,3,9,10,41,0,166
2302.0,19,3,8,6,36,0,166
2303.0,18,5,5,4,32,0,166
2304.0,19,7,3,3,32,0,166
2305.0,18,8,1,3,30,0,166
2306.0,18,9,1,2,30,0,166
2307.0,18,11,0,2,31,0,166
2308.0,17,11,0,1,29,0,167
2309.0,18,12,1,2,33,0,167
2310.0,18,13,2,4,37,0,167
2311.0,19,15,2,6,42,0,167
2312.0,17,16,2,6,41,0,167
2313.0,18,17,4,8,47,0,167
2314.0,18,18,4,8,48,0,167
2315.0,17,19,5,9,50,0,167
2316.0,16,17,7,11,51,0,167
2317.0,16,16,7,12,51,0,167
2318.0,15,16,8,12,51,0,167
2319.0,15,16,9,15,55,0,167
2320.0,15,18,9,16,58,0,167
2321.0,15,17,10,16,58,0,167
2322.0,15,17,11,15,58,0,167
2323.0,15,17,12,16,60,0,167
2324.0,17,17,13,15,62,0,167
2325.0,18,17,12,19,66,0,167
2326.0,19,17,12,16,64,0,167
2327.0,20,17,13,17,67,0,167
2328.0,20,17,13,20,70,0,167
2329.0,21,17,15,19,72,0,167
2330.0,22,17,15,21,75,0,167
2331.0,22,17,17,21,77,0,167
2332.0,22,17,17,21,77,0,167
2333.0,23,17,19,22,81,0,168
2334.0,25,17,16,19,77,0,168
2335.0,24,17,13,17,71,0,168
2336.0,26,17,10,13,66,0,168
2337.0,25,17,7,9,58,0,168
2338.0,26,17,4,6,53,0,168
2339.0,27,18,2,4,51,0,168
2340.0,28,18,2,1,49,0,168
2341.0,29,18,1,0,48,0,168
2342.0,29,17,0,2,48,0,168
2343.0,29,17,0,3,49,0,169
2344.0,28,15,2,3,48,0,169
2345.0,27,13,3,4,47,0,169
2346.0,27,12,5,5,49,0,169
2347.0,26,11,5,5,47,0,169
2348.0,25,10,6,7,48,0,169
2349.0,24,8,8,11,51,0,169
2350.0,23,5,10,13,51,0,169
2351.0,22,3,11,14,50,0,169
2352.0,21,3,12,16,52,0,169
2353.0,20,3,12,17,52,0,170
2354.0,20,3,13,15,51,0,170
2355.0,19,3,15,16,53,0,170
2356.0,19,4,16,17,56,0,170
2357.0,19,5,16,18,58,0,170
2358.0,19,7,16,19,61,0,170
2359.0,19,9,16,19,63,0,170
2360.0,18,10,16,19,63,0,170
2361.0,18,11,16,19,64,0,170
2362.0,17,12,16,19,64,0,170
2363.0,17,13,17,19,66,0,170
2364.0,18,14,17,20,69,0,170
2365.0,18,15,17,20,70,0,170
2366.0,17,14,17,20,68,0,170
2367.0,16,15,17,20,68,0,170
2368.0,16,15,17,20,68,0,170
2369.0,15,15,17,21,68,0,170
2370.0,15,16,17,21,69,0,170
2371.0,16,16,18,21,71,0,170
2372.0,15,16,18,21,70,0,170
2373.0,15,16,18,21,70,0,170
2374.0,15,16,18,21,70,0,170
2375.0,15,16,18,22,71,0,170
2376.0,14,16,18,22,70,0,170
2377.0,14,16,18,23,71,0,170
2378.0,15,16,19,23,73,0,171
2379.0,16,16,16,20,68,0,171
2380.0,16,16,14,17,63,0,171
2381.0,18,16,11,14,59,0,171
2382.0,18,16,8,11,53,0,171
2383.0,18,16,6,8,48,0,171
2384.0,21,16,4,6,47,0,171
2385.0,20,16,2,4,42,0,171
2386.0,21,16,1,2,40,0,171
2387.0,21,16,0,0,37,0,171
2388.0,22,16,0,2,40,0,172
2389.0,24,16,1,1,42,0,172
2390.0,24,16,1,3,44,0,172
2391.0,24,16,3,4,47,0,172
2392.0,24,16,3,6,49,0,172
2393.0,25,16,5,7,53,0,172
2394.0,26,16,6,9,57,0,172
2395.0,27,16,6,9,58,0,172
2396.0,27,16,7,11,61,0,172
2397.0,28,16,9,12,65,0,172
2398.0,29,16,10,13,68,0,173
2399.0,28,14,9,15,66,0,173
2400.0,27,12,10,17,66,0,173
2401.0,26,10,11,18,65,0,173
2402.0,25,8,11,19,63,0,173
2403.0,24,7,11,19,61,0,173
2404.0,23,5,11,19,58,0,173
2405.0,22,3,12,19,56,0,173
2406.0,21,2,13,19,55,0,173
2407.0,20,1,13,20,54,0,173
2408.0,19,1,12,20,52,0,174
2409.0,18,2,10,17,47,0,174
2410.0,17,3,8,14,42,0,174
2411.0,17,3,6,12,38,0,174
2412.0,17,3,5,10,35,0,174
2413.0,17,4,4,8,33,0,174
2414.0,17,5,3,6,31,0,174
2415.0,17,7,2,4,30,0,174
2416.0,17,7,1,2,27,0,174
2417.0,17,9,0,0,26,0,174
2418.0,16,9,0,0,25,0,175
2419.0,15,9,1,1,26,0,175
2420.0,15,10,2,3,30,0,175
2421.0,16,11,3,5,35,0,175
2422.0,16,11,3,5,35,0,175
2423.0,16,10,5,7,38,0,175
2424.0,16,12,7,9,44,0,175
2425.0,15,10,7,10,42,0,175
2426.0,16,11,10,11,48,0,175
2427.0,15,12,10,12,49,0,175
2428.0,15,12,11,13,51,0,175
2429.0,15,13,11,15,54,0,175
2430.0,15,12,13,15,55,0,175
2431.0,15,15,12,16,58,0,175
2432.0,15,13,12,17,57,0,175
2433.0,16,14,14,17,61,0,175
2434.0,17,13,14,17,61,0,175
2435.0,18,14,17,17,66,0,175
2436.0,18,15,15,17,65,0,175
2437.0,19,15,16,17,67,0,175
2438.0,19,15,16,17,67,0,175
2439.0,21,15,18,17,71,0,175
2440.0,22,16,17,17,72,0,175
2441.0,22,14,18,17,71,0,175
2442.0,22,15,18,17,72,0,175
2443.0,24,16,19,17,76,0,175
2444.0,23,17,21,18,79,0,175
2445.0,23,17,21,18,79,0,175
2446.0,25,18,21,18,82,0,175
2447.0,26,17,22,18,83,0,175
2448.0,26,17,22,18,83,0,176
2449.0,28,17,19,16,80,0,176
2450.0,26,17,16,14,73,0,176
2451.0,28,17,14,12,71,0,176
2452.0,29,18,11,10,68,0,176
2453.0,29,18,8,8,63,0,176
2454.0,29,18,5,6,58,0,176
2455.0,29,18,3,4,54,0,176
2456.0,29,18,2,2,51,0,176
2457.0,29,19,1,1,50,0,176
2458.0,29,19,0,0,48,0,177
2459.0,29,18,0,0,47,0,177
2460.0,30,17,2,2,51,0,177
2461.0,30,17,2,3,52,0,177
2462.0,30,17,4,2,53,0,177
2463.0,30,17,4,2,53,0,177
2464.0,30,17,7,4,58,0,177
2465.0,30,17,8,6,61,0,177
2466.0,30,17,9,6,62,0,177
2467.0,30,17,10,9,66,0,177
2468.0,30,17,12,10,69,0,177
2469.0,30,17,15,9,71,0,177
2470.0,30,17,14,10,71,0,177
2471.0,30,17,16,12,75,0,177
2472.0,30,17,18,12,77,0,177
2473.0,30,17,18,13,78,0,177
2474.0,30,17,19,13,79,0,177
2475.0,30,17,19,13,79,0,177
2476.0,30,17,20,15,82,0,177
2477.0,30,17,20,16,83,0,177
2478.0,30,17,21,16,84,0,178
2479.0,28,15,21,16,80,0,178
2480.0,27,13,22,16,78,0,178
2481.0,26,11,22,16,75,0,178
2482.0,25,9,22,16,72,0,178
2483.0,24,7,22,17,70,0,178
2484.0,23,5,22,17,67,0,178
2485.0,22,3,22,17,64,0,178
2486.0,21,1,22,17,61,0,178
2487.0,20,0,22,17,59,0,178
2488.0,20,0,22,17,59,0,179
2489.0,19,2,20,15,56,0,179
2490.0,19,3,17,13,52,0,179
2491.0,20,5,14,11,50,0,179
2492.0,19,6,11,9,45,0,179
2493.0,18,7,9,7,41,0,179
2494.0,17,10,6,5,38,0,179
2495.0,17,10,3,3,33,0,179
2496.0,17,10,1,1,29,0,179
2497.0,17,13,0,0,30,0,179
2498.0,17,13,0,0,30,0,180
2499.0,17,13,0,2,32,0,180
2500.0,17,13,0,2,32,0,180
2501.0,17,15,2,4,38,0,180
2502.0,17,17,2,4,40,0,180
2503.0,16,16,2,4,38,0,180
2504.0,17,15,4,7,43,0,180
2505.0,16,15,5,9,45,0,180
2506.0,16,16,7,9,48,0,180
2507.0,15,14,9,10,48,0,180
2508.0,15,16,11,12,54,0,180
2509.0,15,16,13,14,58,0,180
2510.0,14,14,14,15,57,0,180
2511.0,15,15,14,14,58,0,180
2512.0,16,16,15,14,61,0,180
2513.0,16,16,15,15,62,0,180
2514.0,18,16,17,15,66,0,180
2515.0,18,16,17,17,68,0,180
2516.0,18,16,18,17,69,0,180
2517.0,20,16,18,16,70,0,180
2518.0,21,16,18,16,71,0,180
2519.0,20,16,19,17,72,0,180
2520.0,21,16,19,17,73,0,180
2521.0,23,16,19,17,75,0,180
2522.0,23,16,19,17,75,0,180
2523.0,24,16,19,17,76,0,180
2524.0,24,16,20,17,77,0,180
2525.0,25,16,20,17,78,0,180
2526.0,26,16,21,18,81,0,180
2527.0,26,16,21,18,81,0,180
2528.0,26,16,22,18,82,0,181
2529.0,27,17,19,16,79,0,181
2530.0,28,17,16,14,75,0,181
2531.0,28,17,13,12,70,0,181
2532.0,29,16,10,10,65,0,181
2533.0,29,16,7,8,60,0,181
2534.0,29,16,5,6,56,0,181
2535.0,29,16,2,4,51,0,181
2536.0,29,17,1,2,49,0,181
2537.0,29,17,0,1,47,0,181
2538.0,29,17,0,1,47,0,182
2539.0,29,16,1,1,47,0,182
2540.0,30,16,2,2,50,0,182
2541.0,30,17,3,3,53,0,182
2542.0,30,17,4,5,56,0,182
2543.0,30,18,4,6,58,0,182
2544.0,30,19,6,7,62,0,182
2545.0,30,18,8,5,61,0,182
2546.0,30,18,8,7,63,0,182
2547.0,30,16,10,7,63,0,182
2548.0,30,16,12,8,66,0,183
2549.0,28,14,13,9,64,0,183
2550.0,27,12,14,10,63,0,183
2551.0,26,10,16,12,64,0,183
2552.0,25,8,16,13,62,0,183
2553.0,24,7,17,13,61,0,183
2554.0,23,6,18,14,61,0,183
2555.0,22,4,18,19,63,0,183
2556.0,22,4,20,19,65,0,183
2557.0,21,3,20,19,63,0,183
2558.0,20,4,20,19,63,0,184
2559.0,19,4,17,17,57,0,184
2560.0,19,5,14,14,52,0,184
2561.0,19,6,13,12,50,0,184
2562.0,18,7,10,10,45,0,184
2563.0,18,8,7,8,41,0,184
2564.0,18,11,4,6,39,0,184
2565.0,18,13,2,4,37,0,184
2566.0,17,13,1,3,34,0,184
2567.0,17,13,0,3,33,0,184
2568.0,17,16,0,3,36,0,185
2569.0,16,14,1,5,36,0,185
2570.0,16,14,2,4,36,0,185
2571.0,16,15,3,6,40,0,185
2572.0,16,14,4,6,40,0,185
2573.0,15,14,5,7,41,0,185
2574.0,17,14,5,8,44,0,185
2575.0,16,14,7,9,46,0,185
2576.0,16,13,8,10,47,0,185
2577.0,17,13,8,11,49,0,185
2578.0,16,14,11,10,51,0,185
2579.0,16,13,12,11,52,0,185
2580.0,15,15,12,12,54,0,185
2581.0,16,15,14,14,59,0,185
2582.0,16,17,14,15,62,0,185
2583.0,16,18,14,16,64,0,185
2584.0,16,17,14,16,63,0,185
2585.0,18,16,14,17,65,0,185
2586.0,18,16,14,17,65,0,185
2587.0,19,14,14,17,64,0,185
2588.0,20,14,15,17,66,0,185
2589.0,20,13,15,17,65,0,185
2590.0,21,14,15,17,67,0,185
2591.0,22,14,15,17,68,0,185
2592.0,23,14,16,17,70,0,185
2593.0,25,12,16,17,70,0,185
2594.0,23,13,16,17,69,0,185
2595.0,25,13,16,17,71,0,185
2596.0,25,15,17,17,74,0,185
2597.0,25,14,17,17,73,0,185
2598.0,26,15,17,17,75,0,185
2599.0,27,16,18,17,78,0,185
2600.0,28,17,18,17,80,0,185
2601.0,28,17,19,17,81,0,185
2602.0,29,17,20,17,83,0,185
2603.0,29,17,20,17,83,0,185
2604.0,29,17,20,15,81,0,185
2605.0,29,17,20,14,80,0,185
2606.0,29,17,20,14,80,0,185
2607.0,29,17,20,15,81,0,185
2608.0,29,17,20,16,82,0,185
2609.0,29,17,21,16,83,0,185
2610.0,29,17,22,17,85,0,185
2611.0,29,17,22,18,86,0,185
2612.0,29,17,22,18,86,0,185
2613.0,29,17,23,18,87,0,186
2614.0,29,17,20,15,81,0,186
2615.0,29,17,17,13,76,0,186
2616.0,29,17,14,11,71,0,186
2617.0,29,17,11,9,66,0,186
2618.0,29,17,9,7,62,0,186
2619.0,29,17,6,6,58,0,186
2620.0,29,17,5,6,57,0,186
2621.0,29,17,3,6,55,0,186
2622.0,29,17,1,5,52,0,186
2623.0,29,17,0,3,49,0,187
2624.0,29,17,0,2,48,0,187
2625.0,29,17,1,1,48,0,187
2626.0,29,17,1,2,49,0,187
2627.0,29,17,3,2,51,0,187
2628.0,29,17,4,3,53,0,187
2629.0,29,17,6,6,58,0,187
2630.0,29,17,7,7,60,0,187
2631.0,29,17,9,7,62,0,187
2632.0,29,17,10,8,64,0,187
2633.0,29,17,12,8,66,0,187
2634.0,29,17,13,9,68,0,187
2635.0,29,18,15,10,72,0,187
2636.0,29,18,15,10,72,0,187
2637.0,29,18,16,11,74,0,187
2638.0,29,18,17,13,77,0,187
2639.0,29,18,18,14,79,0,187
2640.0,29,18,18,14,79,0,187
2641.0,29,18,19,15,81,0,187
2642.0,29,18,20,15,82,0,187
2643.0,29,18,20,17,84,0,187
2644.0,29,18,20,18,85,0,187
2645.0,29,18,20,18,85,0,187
2646.0,29,18,20,19,86,0,187
2647.0,29,18,20,19,86,0,187
2648.0,29,18,20,20,87,0,188
2649.0,29,18,17,17,81,0,188
2650.0,29,18,14,14,75,0,188
2651.0,29,18,11,11,69,0,188
2652.0,29,18,8,8,63,0,188
2653.0,29,18,5,5,57,0,188
2654.0,29,18,3,3,53,0,188
2655.0,29,18,2,2,51,0,188
2656.0,29,18,1,1,49,0,188
2657.0,29,18,0,1,48,0,188
2658.0,29,18,0,2,49,0,189
2659.0,28,16,2,4,50,0,189
2660.0,27,14,3,5,49,0,189
2661.0,26,12,4,6,48,0,189
2662.0,25,10,5,8,48,0,189
2663.0,24,8,5,9,46,0,189
2664.0,23,6,6,10,45,0,189
2665.0,22,5,6,13,46,0,189
2666.0,21,3,7,12,43,0,189
2667.0,20,1,8,14,43,0,189
2668.0,20,0,8,15,43,0,190
2669.0,21,1,9,17,48,0,190
2670.0,20,2,11,18,51,0,190
2671.0,20,3,10,18,51,0,190
2672.0,19,4,10,18,51,0,190
2673.0,18,5,11,19,53,0,190
2674.0,18,6,11,19,54,0,190
2675.0,18,8,12,19,57,0,190
2676.0,18,9,12,18,57,0,190
2677.0,18,11,12,18,59,0,190
2678.0,17,12,12,19,60,0,191
2679.0,17,13,10,16,56,0,191
2680.0,16,13,8,13,50,0,191
2681.0,16,14,6,12,48,0,191
2682.0,16,15,5,10,46,0,191
2683.0,16,17,4,8,45,0,191
2684.0,15,18,3,6,42,0,191
2685.0,15,18,2,4,39,0,191
2686.0,15,18,1,2,36,0,191
2687.0,15,18,1,2,36,0,191
2688.0,15,19,0,2,36,0,192
2689.0,16,18,1,3,38,0,192
2690.0,16,19,1,3,39,0,192
2691.0,15,18,2,6,41,0,192
2692.0,16,19,2,5,42,0,192
2693.0,17,19,3,5,44,0,192
2694.0,17,19,4,6,46,0,192
2695.0,19,19,4,9,51,0,192
2696.0,19,18,5,8,50,0,192
2697.0,19,18,6,9,52,0,192
2698.0,21,18,6,11,56,0,192
2699.0,22,17,6,11,56,0,192
2700.0,22,17,7,13,59,0,192
2701.0,22,17,7,14,60,0,192
2702.0,23,17,9,15,64,0,192
2703.0,24,17,9,15,65,0,192
2704.0,25,17,9,15,66,0,192
2705.0,26,17,10,16,69,0,192
2706.0,26,17,10,16,69,0,192
2707.0,26,17,10,16,69,0,192
2708.0,28,17,10,16,71,0,192
2709.0,27,17,10,16,70,0,192
2710.0,27,16,10,16,69,0,192
2711.0,28,16,10,16,70,0,192
2712.0,28,16,10,16,70,0,192
2713.0,29,17,10,16,72,0,193
2714.0,29,16,8,13,66,0,193
2715.0,29,16,7,11,63,0,193
2716.0,29,17,6,9,61,0,193
2717.0,29,17,5,7,58,0,193
2718.0,29,20,4,5,58,0,193
2719.0,29,20,3,3,55,0,193
2720.0,29,21,2,1,53,0,193
2721.0,29,21,1,0,51,0,193
2722.0,29,21,0,0,50,0,193
2723.0,30,21,0,0,51,0,194
2724.0,31,21,0,1,53,0,194
2725.0,31,20,2,3,56,0,194
2726.0,31,19,2,3,55,0,194
2727.0,31,18,3,5,57,0,194
2728.0,31,17,4,6,58,0,194
2729.0,31,17,4,8,60,0,194
2730.0,31,17,5,8,61,0,194
2731.0,31,17,6,9,63,0,194
2732.0,31,17,6,10,64,0,194
2733.0,31,17,7,10,65,0,195
2734.0,28,15,8,11,62,0,195
2735.0,27,13,8,12,60,0,195
2736.0,26,11,9,11,57,0,195
2737.0,25,10,10,11,56,0,195
2738.0,24,8,10,11,53,0,195
2739.0,23,6,10,11,50,0,195
2740.0,22,5,10,12,49,0,195
2741.0,22,3,10,13,48,0,195
2742.0,21,2,10,13,46,0,195
2743.0,20,1,10,13,44,0,196
2744.0,19,2,8,11,40,0,196
2745.0,18,4,7,9,38,0,196
2746.0,17,5,6,7,35,0,196
2747.0,18,6,5,5,34,0,196
2748.0,18,8,4,3,33,0,196
2749.0,18,9,3,2,32,0,196
2750.0,16,11,2,1,30,0,196
2751.0,16,11,1,0,28,0,196
2752.0,17,12,0,0,29,0,196
2753.0,17,13,0,0,30,0,197
2754.0,17,13,0,0,30,0,197
2755.0,17,13,1,2,33,0,197
2756.0,17,13,1,3,34,0,197
2757.0,16,14,2,4,36,0,197
2758.0,16,14,2,5,37,0,197
2759.0,16,14,4,6,40,0,197
2760.0,15,14,4,6,39,0,197
2761.0,15,14,5,7,41,0,197
2762.0,15,14,5,8,42,0,197
2763.0,14,14,6,9,43,0,197
2764.0,14,14,7,10,45,0,197
2765.0,14,14,7,9,44,0,197
2766.0,13,14,8,10,45,0,197
2767.0,14,14,8,10,46,0,197
2768.0,15,14,9,11,49,0,197
2769.0,16,14,9,12,51,0,197
2770.0,17,14,9,13,53,0,197
2771.0,17,14,9,13,53,0,197
2772.0,18,14,9,13,54,0,197
2773.0,19,14,9,13,55,0,197
2774.0,19,14,9,13,55,0,197
2775.0,20,14,10,13,57,0,197
2776.0,21,14,11,13,59,0,197
2777.0,22,14,11,13,60,0,197
2778.0,24,14,11,13,62,0,197
2779.0,23,14,11,13,61,0,197
2780.0,24,14,12,13,63,0,197
2781.0,24,14,12,13,63,0,197
2782.0,25,14,12,13,64,0,197
2783.0,26,14,12,13,65,0,197
2784.0,27,14,12,13,66,0,197
2785.0,27,14,12,13,66,0,197
2786.0,28,14,12,13,67,0,197
2787.0,29,14,12,13,68,0,197
2788.0,29,14,12,13,68,0,197
2789.0,29,14,12,13,68,0,197
2790.0,29,14,13,14,70,0,197
2791.0,29,14,13,14,70,0,197
2792.0,29,14,13,14,70,0,197
2793.0,29,14,13,14,70,0,198
2794.0,28,12,13,14,67,0,198
2795.0,27,10,14,14,65,0,198
2796.0,26,9,14,14,63,0,198
2797.0,25,7,15,14,61,0,198
2798.0,24,5,15,14,58,0,198
2799.0,23,4,15,14,56,0,198
2800.0,22,3,15,14,54,0,198
2801.0,21,2,15,14,52,0,198
2802.0,20,1,15,14,50,0,198
2803.0,19,1,15,14,49,0,199
2804.0,18,3,12,12,45,0,199
2805.0,18,4,9,10,41,0,199
2806.0,17,6,6,8,37,0,199
2807.0,18,7,4,6,35,0,199
2808.0,18,9,3,4,34,0,199
2809.0,17,10,2,3,32,0,199
2810.0,17,10,1,2,30,0,199
2811.0,16,10,0,1,27,0,199
2812.0,16,12,0,0,28,0,199
2813.0,16,12,0,1,29,0,200
2814.0,16,12,2,2,32,0,200
2815.0,16,12,2,3,33,0,200
2816.0,17,10,1,4,32,0,200
2817.0,16,10,2,5,33,0,200
2818.0,16,9,4,5,34,0,200
2819.0,15,9,4,6,34,0,200
2820.0,15,9,4,7,35,0,200
2821.0,16,10,5,8,39,0,200
2822.0,15,9,6,8,38,0,200
2823.0,16,11,6,9,42,0,200
2824.0,15,13,6,10,44,0,200
2825.0,16,13,8,9,46,0,200
2826.0,16,11,7,10,44,0,200
2827.0,16,13,7,10,46,0,200
2828.0,16,12,7,11,46,0,200
2829.0,18,13,7,12,50,0,200
2830.0,17,14,7,12,50,0,200
2831.0,18,12,8,13,51,0,200
2832.0,18,12,7,13,50,0,200
2833.0,20,14,9,14,57,0,200
2834.0,19,11,11,15,56,0,200
2835.0,21,14,10,15,60,0,200
2836.0,21,15,10,16,62,0,200
2837.0,22,15,12,16,65,0,200
2838.0,23,14,13,17,67,0,200
2839.0,24,14,13,17,68,0,200
2840.0,25,14,13,18,70,0,200
2841.0,25,12,13,19,69,0,200
2842.0,25,12,14,20,71,0,200
2843.0,26,12,15,20,73,0,200
2844.0,26,13,15,20,74,0,200
2845.0,27,13,16,20,76,0,200
2846.0,28,15,17,20,80,0,200
2847.0,28,14,17,20,79,0,200
2848.0,29,15,17,20,81,0,201
2849.0,29,13,14,17,73,0,201
2850.0,29,14,11,14,68,0,201
2851.0,29,15,8,11,63,0,201
2852.0,29,17,5,8,59,0,201
2853.0,29,15,3,5,52,0,201
2854.0,29,17,3,3,52,0,201
2855.0,29,18,2,1,50,0,201
2856.0,30,18,1,0,49,0,201
2857.0,30,19,0,0,49,0,201
2858.0,30,19,0,1,50,0,202
2859.0,30,20,1,2,53,0,202
2860.0,30,20,2,2,54,0,202
2861.0,30,18,3,4,55,0,202
2862.0,30,16,3,4,53,0,202
2863.0,30,17,4,7,58,0,202
2864.0,31,16,4,6,57,0,202
2865.0,31,15,4,8,58,0,202
2866.0,31,16,6,10,63,0,202
2867.0,31,15,8,10,64,0,202
2868.0,31,16,8,11,66,0,202
2869.0,31,16,8,12,67,0,202
2870.0,31,15,9,12,67,0,202
2871.0,31,15,8,11,65,0,202
2872.0,31,14,9,13,67,0,202
2873.0,31,15,10,13,69,0,202
2874.0,31,14,11,13,69,0,202
2875.0,31,14,9,14,68,0,202
2876.0,31,14,9,15,69,0,202
2877.0,31,14,10,16,71,0,202
2878.0,31,14,10,16,71,0,202
2879.0,31,14,10,16,71,0,202
2880.0,31,14,11,16,72,0,202
2881.0,31,14,11,17,73,0,202
2882.0,31,14,11,17,73,0,202
2883.0,31,14,13,18,76,0,203
2884.0,31,14,11,15,71,0,203
2885.0,31,14,8,13,66,0,203
2886.0,31,14,6,11,62,0,203
2887.0,31,15,4,9,59,0,203
2888.0,31,15,3,7,56,0,203
2889.0,31,15,2,5,53,0,203
2890.0,31,15,1,3,50,0,203
2891.0,31,15,0,1,47,0,203
2892.0,31,15,0,0,46,0,203
2893.0,31,15,0,0,46,0,204
2894.0,28,13,1,2,44,0,204
2895.0,27,11,1,2,41,0,204
2896.0,28,10,2,3,43,0,204
2897.0,27,9,3,5,44,0,204
2898.0,26,7,3,6,42,0,204
2899.0,25,6,3,9,43,0,204
2900.0,22,5,4,10,41,0,204
2901.0,21,4,5,10,40,0,204
2902.0,20,2,5,9,36,0,204
2903.0,19,2,5,11,37,0,205
2904.0,18,2,5,10,35,0,205
2905.0,19,3,3,10,35,0,205
2906.0,19,5,3,7,34,0,205
2907.0,19,6,3,6,34,0,205
2908.0,18,7,3,4,32,0,205
2909.0,18,8,1,2,29,0,205
2910.0,17,11,0,1,29,0,205
2911.0,18,10,0,0,28,0,205
2912.0,18,12,0,0,30,0,205
2913.0,17,12,0,1,30,0,206
2914.0,16,12,0,4,32,0,206
2915.0,17,13,0,2,32,0,206
2916.0,17,14,1,3,35,0,206
2917.0,16,14,1,4,35,0,206
2918.0,16,12,2,4,34,0,206
2919.0,16,11,3,6,36,0,206
2920.0,16,11,4,8,39,0,206
2921.0,16,11,4,8,39,0,206
2922.0,15,11,5,8,39,0,206
2923.0,16,13,6,11,46,0,206
2924.0,16,14,7,12,49,0,206
2925.0,15,14,8,12,49,0,206
2926.0,15,14,8,13,50,0,206
2927.0,15,14,11,14,54,0,206
2928.0,16,15,10,14,55,0,206
2929.0,17,15,10,14,56,0,206
2930.0,17,15,10,14,56,0,206
2931.0,18,15,11,14,58,0,206
2932.0,20,15,10,14,59,0,206
2933.0,20,15,12,14,61,0,206
2934.0,19,15,11,14,59,0,206
2935.0,20,15,12,14,61,0,206
2936.0,22,15,13,14,64,0,206
2937.0,22,15,15,14,66,0,206
2938.0,22,15,15,14,66,0,206
2939.0,24,15,15,14,68,0,206
2940.0,24,15,16,14,69,0,206
2941.0,26,15,17,15,73,0,206
2942.0,26,15,18,15,74,0,206
2943.0,26,15,19,15,75,0,206
2944.0,28,15,20,15,78,0,206
2945.0,27,15,20,15,77,0,206
2946.0,27,15,20,15,77,0,206
2947.0,28,15,20,15,78,0,206
2948.0,29,15,21,15,80,0,206
2949.0,29,15,21,15,80,0,206
2950.0,29,15,21,16,81,0,206
2951.0,29,15,21,16,81,0,206
2952.0,29,15,21,16,81,0,206
2953.0,29,15,21,16,81,0,207
2954.0,29,15,18,14,76,0,207
2955.0,29,15,15,12,71,0,207
2956.0,29,15,12,10,66,0,207
2957.0,30,15,9,8,62,0,207
2958.0,31,15,6,6,58,0,207
2959.0,32,16,4,4,56,0,207
2960.0,32,16,2,2,52,0,207
2961.0,32,16,1,1,50,0,207
2962.0,33,16,0,1,50,0,207
2963.0,33,16,0,3,52,0,208
2964.0,32,15,1,3,51,0,208
2965.0,32,15,3,5,55,0,208
2966.0,32,16,3,5,56,0,208
2967.0,33,16,5,7,61,0,208
2968.0,33,17,6,8,64,0,208
2969.0,32,16,6,8,62,0,208
2970.0,32,15,10,11,68,0,208
2971.0,32,15,11,11,69,0,208
2972.0,32,15,13,12,72,0,208
2973.0,32,15,13,13,73,0,208
2974.0,32,15,14,13,74,0,208
2975.0,32,15,15,13,75,0,208
2976.0,32,15,14,13,74,0,208
2977.0,32,15,14,14,75,0,208
2978.0,32,15,16,14,77,0,209
2979.0,29,13,15,14,71,0,209
2980.0,27,11,15,14,67,0,209
2981.0,26,10,17,15,68,0,209
2982.0,25,8,17,15,65,0,209
2983.0,24,6,18,15,63,0,209
2984.0,23,4,18,15,60,0,209
2985.0,22,2,19,15,58,0,209
2986.0,21,1,19,15,56,0,209
2987.0,20,1,19,15,55,0,209
2988.0,19,2,19,15,55,0,210
2989.0,19,2,16,13,50,0,210
2990.0,18,2,13,11,44,0,210
2991.0,18,3,10,9,40,0,210
2992.0,17,5,7,7,36,0,210
2993.0,18,7,4,5,34,0,210
2994.0,17,9,3,3,32,0,210
2995.0,18,11,1,2,32,0,210
2996.0,18,12,0,1,31,0,210
2997.0,17,12,0,0,29,0,210
2998.0,17,13,1,2,33,0,211
2999.0,16,12,1,2,31,0,211
3000.0,16,12,4,5,37,0,211
3001.0,16,12,5,5,38,0,211
3002.0,15,12,7,7,41,0,211
3003.0,15,13,9,8,45,0,211
3004.0,16,15,10,8,49,0,211
3005.0,16,12,11,9,48,0,211
3006.0,16,16,15,10,57,0,211
3007.0,16,16,15,10,57,0,211
3008.0,14,17,15,11,57,0,211
3009.0,16,17,14,12,59,0,211
3010.0,16,14,15,12,57,0,211
3011.0,15,15,17,12,59,0,211
3012.0,15,17,16,14,62,0,211
3013.0,17,17,17,14,65,0,211
3014.0,18,15,17,14,64,0,211
3015.0,18,15,18,16,67,0,211
3016.0,17,16,20,17,70,0,211
3017.0,19,13,21,17,70,0,211
3018.0,21,14,21,17,73,0,212
3019.0,21,15,18,15,69,0,212
3020.0,21,14,15,13,63,0,212
3021.0,22,16,12,11,61,0,212
3022.0,22,19,9,9,59,0,212
3023.0,24,17,7,7,55,0,212
3024.0,23,18,4,5,50,0,212
3025.0,24,19,2,3,48,0,212
3026.0,25,18,0,1,44,0,212
3027.0,25,17,0,0,42,0,212
3028.0,27,22,0,0,49,0,213
3029.0,27,18,2,1,48,0,213
3030.0,28,19,3,3,53,0,213
3031.0,28,21,4,5,58,0,213
3032.0,28,22,6,5,61,0,213
3033.0,29,23,6,7,65,0,213
3034.0,29,22,8,9,68,0,213
3035.0,29,22,10,9,70,0,213
3036.0,29,22,12,10,73,0,213
3037.0,30,18,14,12,74,0,213
3038.0,30,18,15,12,75,0,214
3039.0,28,17,15,14,74,0,214
3040.0,27,14,17,15,73,0,214
3041.0,26,13,19,15,73,0,214
3042.0,25,11,21,15,72,0,214
3043.0,24,9,21,15,69,0,214
3044.0,23,8,21,15,67,0,214
3045.0,22,6,22,15,65,0,214
3046.0,21,4,23,15,63,0,214
3047.0,20,5,23,15,63,0,214
3048.0,19,6,23,15,63,0,215
3049.0,19,7,20,13,59,0,215
3050.0,18,9,17,11,55,0,215
3051.0,19,12,14,9,54,0,215
3052.0,18,12,11,7,48,0,215
3053.0,18,13,8,5,44,0,215
3054.0,18,15,5,3,41,0,215
3055.0,17,15,2,1,35,0,215
3056.0,17,16,1,0,34,0,215
3057.0,17,17,0,0,34,0,215
3058.0,17,20,0,2,39,0,216
3059.0,17,19,2,1,39,0,216
3060.0,17,20,2,2,41,0,216
3061.0,17,20,4,5,46,0,216
3062.0,16,19,7,7,49,0,216
3063.0,16,19,7,6,48,0,216
3064.0,15,18,10,8,51,0,216
3065.0,15,18,12,9,54,0,216
3066.0,15,18,13,9,55,0,216
3067.0,14,18,14,10,56,0,216
3068.0,15,18,16,11,60,0,216
3069.0,15,18,17,11,61,0,216
3070.0,14,18,17,11,60,0,216
3071.0,14,16,17,12,59,0,216
3072.0,14,16,18,12,60,0,216
3073.0,14,14,18,13,59,0,216
3074.0,17,15,19,14,65,0,216
3075.0,16,15,19,14,64,0,216
3076.0,17,16,21,14,68,0,216
3077.0,18,17,21,16,72,0,216
3078.0,18,17,22,16,73,0,216
3079.0,21,15,22,16,74,0,216
3080.0,19,15,22,16,72,0,216
3081.0,21,15,22,16,74,0,216
3082.0,22,15,23,16,76,0,216
3083.0,24,17,23,16,80,0,217
3084.0,23,17,20,14,74,0,217
3085.0,23,17,17,12,69,0,217
3086.0,23,18,14,11,66,0,217
3087.0,24,18,11,9,62,0,217
3088.0,26,18,8,7,59,0,217
3089.0,28,18,5,5,56,0,217
3090.0,28,19,3,3,53,0,217
3091.0,26,19,1,2,48,0,217
3092.0,28,19,0,1,48,0,217
3093.0,28,19,0,1,48,0,218
3094.0,29,18,0,2,49,0,218
3095.0,29,17,2,4,52,0,218
3096.0,29,16,3,3,51,0,218
3097.0,29,17,3,4,53,0,218
3098.0,29,19,3,4,55,0,218
3099.0,29,19,5,5,58,0,218
3100.0,29,18,5,7,59,0,218
3101.0,29,17,6,8,60,0,218
3102.0,29,16,9,10,64,0,218
3103.0,29,16,12,12,69,0,219
3104.0,28,14,12,12,66,0,219
3105.0,27,12,14,12,65,0,219
3106.0,26,10,15,13,64,0,219
3107.0,25,8,17,14,64,0,219
3108.0,24,6,18,15,63,0,219
3109.0,23,5,18,16,62,0,219
3110.0,22,4,18,16,60,0,219
3111.0,21,3,20,16,60,0,219
3112.0,20,2,20,16,58,0,219
3113.0,19,2,20,17,58,0,220
3114.0,18,2,17,14,51,0,220
3115.0,18,4,14,11,47,0,220
3116.0,17,5,11,9,42,0,220
3117.0,18,5,8,7,38,0,220
3118.0,17,6,6,6,35,0,220
3119.0,17,7,4,4,32,0,220
3120.0,18,9,2,2,31,0,220
3121.0,16,10,1,0,27,0,220
3122.0,18,11,0,0,29,0,220
3123.0,18,12,2,0,32,0,221
3124.0,18,11,2,2,33,0,221
3125.0,16,10,2,5,33,0,221
3126.0,16,11,3,5,35,0,221
3127.0,16,13,4,6,39,0,221
3128.0,15,14,6,5,40,0,221
3129.0,16,14,7,5,42,0,221
3130.0,16,14,8,7,45,0,221
3131.0,16,14,10,6,46,0,221
3132.0,16,14,9,8,47,0,221
3133.0,15,14,12,10,51,0,221
3134.0,15,14,14,11,54,0,221
3135.0,15,14,14,11,54,0,221
3136.0,15,14,15,14,58,0,221
3137.0,16,14,16,15,61,0,221
3138.0,16,14,17,14,61,0,221
3139.0,18,14,18,14,64,0,221
3140.0,17,14,18,15,64,0,221
3141.0,18,14,18,15,65,0,221
3142.0,19,14,19,16,68,0,221
3143.0,20,14,19,17,70,0,221
3144.0,20,14,19,17,70,0,221
3145.0,21,14,19,17,71,0,221
3146.0,21,14,21,17,73,0,221
3147.0,22,14,20,18,74,0,221
3148.0,23,14,20,19,76,0,222
3149.0,24,14,16,16,70,0,222
3150.0,25,14,14,13,66,0,222
3151.0,26,14,11,10,61,0,222
3152.0,26,15,9,8,58,0,222
3153.0,27,15,6,6,54,0,222
3154.0,28,15,3,4,50,0,222
3155.0,28,15,1,2,46,0,222
3156.0,28,15,0,0,43,0,222
3157.0,29,15,0,0,44,0,222
3158.0,29,15,0,2,46,0,223
3159.0,29,15,1,2,47,0,223
3160.0,29,15,1,4,49,0,223
3161.0,29,15,2,5,51,0,223
3162.0,29,15,3,5,52,0,223
3163.0,29,15,5,6,55,0,223
3164.0,29,15,7,8,59,0,223
3165.0,29,15,9,9,62,0,223
3166.0,29,15,10,9,63,0,223
3167.0,29,15,12,11,67,0,223
3168.0,29,15,11,12,67,0,223
3169.0,29,15,11,13,68,0,223
3170.0,29,15,12,13,69,0,223
3171.0,29,15,14,14,72,0,223
3172.0,29,15,14,14,72,0,223
3173.0,30,15,14,15,74,0,223
3174.0,30,15,14,15,74,0,223
3175.0,30,15,14,15,74,0,223
3176.0,31,15,14,15,75,0,223
3177.0,31,15,14,15,75,0,223
3178.0,31,15,14,15,75,0,224
3179.0,28,13,14,15,70,0,224
3180.0,27,11,14,15,67,0,224
3181.0,26,9,14,15,64,0,224
3182.0,25,7,14,15,61,0,224
3183.0,24,5,14,15,58,0,224
3184.0,23,3,14,16,56,0,224
3185.0,22,2,14,16,54,0,224
3186.0,21,1,14,16,52,0,224
3187.0,20,0,14,16,50,0,224
3188.0,19,0,15,16,50,0,225
3189.0,19,1,12,14,46,0,225
3190.0,19,2,9,12,42,0,225
3191.0,18,4,7,10,39,0,225
3192.0,18,5,5,8,36,0,225
3193.0,17,7,3,6,33,0,225
3194.0,17,8,2,4,31,0,225
3195.0,18,8,1,2,29,0,225
3196.0,17,9,0,2,28,0,225
3197.0,17,11,0,0,28,0,225
3198.0,16,11,0,1,28,0,226
3199.0,16,12,1,1,30,0,226
3200.0,15,12,1,3,31,0,226
3201.0,15,13,2,4,34,0,226
3202.0,15,13,1,6,35,0,226
3203.0,14,14,4,6,38,0,226
3204.0,15,13,5,7,40,0,226
3205.0,15,14,6,10,45,0,226
3206.0,14,15,5,10,44,0,226
3207.0,14,13,6,10,43,0,226
3208.0,14,14,6,11,45,0,226
3209.0,14,14,8,13,49,0,226
3210.0,13,14,8,13,48,0,226
3211.0,13,14,7,13,47,0,226
3212.0,15,14,7,15,51,0,226
3213.0,15,14,8,15,52,0,226
3214.0,16,14,9,15,54,0,226
3215.0,17,14,9,16,56,0,226
3216.0,18,14,9,16,57,0,226
3217.0,18,14,9,17,58,0,226
3218.0,20,15,9,17,61,0,226
3219.0,20,14,9,17,60,0,226
3220.0,19,14,10,17,60,0,226
3221.0,20,14,10,17,61,0,226
3222.0,21,14,10,17,62,0,226
3223.0,21,14,10,17,62,0,226
3224.0,23,14,11,17,65,0,226
3225.0,23,15,11,17,66,0,226
3226.0,24,15,11,17,67,0,226
3227.0,26,15,11,17,69,0,226
3228.0,25,15,11,17,68,0,227
3229.0,27,15,9,15,66,0,227
3230.0,28,15,7,13,63,0,227
3231.0,27,15,5,11,58,0,227
3232.0,28,15,4,9,56,0,227
3233.0,29,15,3,7,54,0,227
3234.0,29,15,3,5,52,0,227
3235.0,29,16,2,3,50,0,227
3236.0,29,16,1,1,47,0,227
3237.0,29,17,0,0,46,0,227
3238.0,29,17,0,0,46,0,228
3239.0,28,15,1,1,45,0,228
3240.0,27,14,2,2,45,0,228
3241.0,26,11,4,3,44,0,228
3242.0,25,9,3,5,42,0,228
3243.0,24,7,3,4,38,0,228
3244.0,23,5,5,6,39,0,228
3245.0,22,4,5,6,37,0,228
3246.0,21,3,6,9,39,0,228
3247.0,20,1,7,9,37,0,228
3248.0,19,1,6,10,36,0,229
3249.0,18,1,6,14,39,0,229
3250.0,18,2,7,14,41,0,229
3251.0,18,3,7,13,41,0,229
3252.0,19,5,8,14,46,0,229
3253.0,18,7,8,14,47,0,229
3254.0,18,7,7,14,46,0,229
3255.0,17,7,7,15,46,0,229
3256.0,16,9,8,16,49,0,229
3257.0,16,10,10,16,52,0,229
3258.0,17,11,10,16,54,0,229
3259.0,17,12,9,16,54,0,229
3260.0,17,12,10,17,56,0,229
3261.0,17,16,9,18,60,0,229
3262.0,17,16,9,18,60,0,229
3263.0,16,16,9,18,59,0,229
3264.0,16,16,9,18,59,0,229
3265.0,15,16,9,19,59,0,229
3266.0,15,16,10,19,60,0,229
3267.0,14,16,11,19,60,0,229
3268.0,15,16,12,19,62,0,229
3269.0,13,16,13,19,61,0,229
3270.0,14,16,12,19,61,0,229
3271.0,14,16,14,19,63,0,229
3272.0,15,16,13,19,63,0,229
3273.0,16,16,14,19,65,0,229
3274.0,16,16,13,19,64,0,229
3275.0,17,16,14,19,66,0,229
3276.0,17,16,14,19,66,0,229
3277.0,19,16,14,19,68,0,229
3278.0,18,16,15,19,68,0,229
3279.0,20,16,16,19,71,0,229
3280.0,20,16,16,19,71,0,229
3281.0,21,16,16,19,72,0,229
3282.0,21,16,16,19,72,0,229
3283.0,21,16,18,19,74,0,229
3284.0,23,16,18,19,76,0,229
3285.0,24,16,18,19,77,0,229
3286.0,23,16,21,19,79,0,229
3287.0,24,16,21,19,80,0,229
3288.0,27,16,22,19,84,0,230
3289.0,26,16,19,16,77,0,230
3290.0,26,16,17,13,72,0,230
3291.0,28,16,15,11,70,0,230
3292.0,28,16,12,9,65,0,230
3293.0,28,16,9,8,61,0,230
3294.0,30,16,6,6,58,0,230
3295.0,28,16,4,4,52,0,230
3296.0,28,16,2,3,49,0,230
3297.0,28,16,1,1,46,0,230
3298.0,28,16,1,1,46,0,231
3299.0,29,16,2,1,48,0,231
3300.0,29,16,4,3,52,0,231
3301.0,29,16,4,4,53,0,231
3302.0,29,16,7,4,56,0,231
3303.0,29,16,9,7,61,0,231
3304.0,29,16,9,8,62,0,231
3305.0,29,16,10,10,65,0,231
3306.0,29,16,14,11,70,0,231
3307.0,29,16,14,12,71,0,231
3308.0,30,16,16,13,75,0,231
3309.0,30,16,17,13,76,0,231
3310.0,30,16,18,14,78,0,231
3311.0,30,16,19,15,80,0,231
3312.0,30,16,19,15,80,0,231
3313.0,30,16,19,16,81,0,231
3314.0,30,16,19,16,81,0,231
3315.0,31,16,19,16,82,0,231
3316.0,31,16,19,16,82,0,231
3317.0,31,16,19,17,83,0,231
3318.0,31,16,19,17,83,0,231
3319.0,31,16,19,17,83,0,231
3320.0,31,16,19,17,83,0,231
3321.0,31,16,19,17,83,0,231
3322.0,31,16,19,17,83,0,231
3323.0,31,16,20,17,84,0,231
3324.0,31,16,20,17,84,0,231
3325.0,31,16,20,17,84,0,231
3326.0,31,16,20,17,84,0,231
3327.0,31,17,21,17,86,0,231
3328.0,31,17,22,18,88,0,231
3329.0,31,17,22,19,89,0,231
3330.0,31,17,22,19,89,0,231
3331.0,31,17,22,19,89,0,231
3332.0,31,17,23,19,90,0,231
3333.0,31,17,23,20,91,0,232
3334.0,31,17,20,17,85,0,232
3335.0,31,17,17,15,80,0,232
3336.0,31,17,14,12,74,0,232
3337.0,31,17,11,9,68,0,232
3338.0,31,17,8,7,63,0,232
3339.0,31,17,5,6,59,0,232
3340.0,31,17,3,4,55,0,232
3341.0,31,17,1,2,51,0,232
3342.0,31,17,0,1,49,0,232
3343.0,31,17,1,1,50,0,233
3344.0,28,15,2,3,48,0,233
3345.0,28,13,3,3,47,0,233
3346.0,28,12,4,4,48,0,233
3347.0,27,10,7,5,49,0,233
3348.0,26,10,7,6,49,0,233
3349.0,25,9,7,9,50,0,233
3350.0,24,8,7,9,48,0,233
3351.0,23,7,11,11,52,0,233
3352.0,22,5,13,12,52,0,233
3353.0,21,6,12,13,52,0,234
3354.0,22,7,14,16,59,0,234
3355.0,21,9,16,17,63,0,234
3356.0,20,9,18,17,64,0,234
3357.0,20,10,18,17,65,0,234
3358.0,20,10,18,17,65,0,234
3359.0,19,12,18,17,66,0,234
3360.0,19,12,19,17,67,0,234
3361.0,19,13,19,17,68,0,234
3362.0,20,13,19,18,70,0,234
3363.0,19,14,19,18,70,0,235
3364.0,19,15,17,15,66,0,235
3365.0,19,15,14,12,60,0,235
3366.0,18,17,11,10,56,0,235
3367.0,19,18,8,8,53,0,235
3368.0,19,18,6,6,49,0,235
3369.0,18,18,3,4,43,0,235
3370.0,18,19,1,2,40,0,235
3371.0,18,18,0,0,36,0,235
3372.0,18,19,0,0,37,0,235
3373.0,17,17,0,1,35,0,236
3374.0,16,17,2,2,37,0,236
3375.0,17,19,1,2,39,0,236
3376.0,17,19,2,3,41,0,236
3377.0,18,20,3,4,45,0,236
3378.0,18,20,4,5,47,0,236
3379.0,20,20,5,8,53,0,236
3380.0,20,19,6,10,55,0,236
3381.0,21,19,8,9,57,0,236
3382.0,21,18,10,11,60,0,236
3383.0,23,18,12,12,65,0,236
3384.0,22,18,15,11,66,0,236
3385.0,23,18,15,11,67,0,236
3386.0,25,18,15,14,72,0,236
3387.0,24,18,18,14,74,0,236
3388.0,25,18,18,14,75,0,236
3389.0,27,18,19,15,79,0,236
3390.0,26,18,19,15,78,0,236
3391.0,27,18,19,15,79,0,236
3392.0,28,18,21,16,83,0,236
3393.0,28,18,21,16,83,0,236
3394.0,29,18,21,17,85,0,236
3395.0,28,18,21,17,84,0,236
3396.0,28,18,22,17,85,0,236
3397.0,30,18,22,17,87,0,236
3398.0,29,18,22,17,86,0,237
3399.0,29,18,19,13,79,0,237
3400.0,31,18,16,11,76,0,237
3401.0,32,18,13,10,73,0,237
3402.0,32,18,10,8,68,0,237
3403.0,33,18,7,6,64,0,237
3404.0,33,18,5,4,60,0,237
3405.0,33,18,2,2,55,0,237
3406.0,34,18,0,0,52,0,237
3407.0,34,18,0,1,53,0,237
3408.0,35,18,0,2,55,0,238
3409.0,34,18,1,0,53,0,238
3410.0,34,18,0,2,54,0,238
3411.0,35,18,1,6,60,0,238
3412.0,34,18,3,4,59,0,238
3413.0,34,18,2,5,59,0,238
3414.0,34,18,5,6,63,0,238
3415.0,34,18,6,9,67,0,238
3416.0,34,18,8,9,69,0,238
3417.0,34,18,9,8,69,0,238
3418.0,34,18,10,10,72,0,239
3419.0,31,16,11,10,68,0,239
3420.0,28,14,11,13,66,0,239
3421.0,26,12,12,13,63,0,239
3422.0,25,10,12,15,62,0,239
3423.0,24,8,14,15,61,0,239
3424.0,23,6,15,15,59,0,239
3425.0,22,4,16,16,58,0,239
3426.0,21,2,17,16,56,0,239
3427.0,20,1,17,16,54,0,239
3428.0,19,2,17,16,54,0,240
3429.0,20,3,14,13,50,0,240
3430.0,20,3,11,12,46,0,240
3431.0,19,3,8,9,39,0,240
3432.0,18,4,5,7,34,0,240
3433.0,18,6,3,5,32,0,240
3434.0,17,8,2,3,30,0,240
3435.0,17,9,1,3,30,0,240
3436.0,16,9,0,2,27,0,240
3437.0,17,9,0,1,27,0,240
3438.0,18,9,0,2,29,0,241
3439.0,16,9,2,2,29,0,241
3440.0,16,9,3,3,31,0,241
3441.0,15,9,4,3,31,0,241
3442.0,16,10,3,3,32,0,241
3443.0,15,11,5,6,37,0,241
3444.0,15,13,4,7,39,0,241
3445.0,15,13,5,7,40,0,241
3446.0,15,15,7,9,46,0,241
3447.0,14,16,6,8,44,0,241
3448.0,14,17,7,8,46,0,241
3449.0,14,17,7,10,48,0,241
3450.0,14,17,7,10,48,0,241
3451.0,14,17,7,10,48,0,241
3452.0,14,17,8,12,51,0,241
3453.0,15,17,7,13,52,0,241
3454.0,16,17,7,15,55,0,241
3455.0,16,17,8,15,56,0,241
3456.0,18,17,7,16,58,0,241
3457.0,17,17,8,17,59,0,241
3458.0,20,17,8,17,62,0,241
3459.0,21,17,10,17,65,0,241
3460.0,19,17,9,17,62,0,241
3461.0,21,17,9,17,64,0,241
3462.0,23,17,10,17,67,0,241
3463.0,22,17,9,17,65,0,241
3464.0,23,17,10,17,67,0,241
3465.0,24,17,11,17,69,0,241
3466.0,24,17,13,17,71,0,241
3467.0,25,17,14,17,73,0,241
3468.0,26,17,14,18,75,0,241
3469.0,26,17,16,18,77,0,241
3470.0,27,17,15,18,77,0,241
3471.0,28,17,15,18,78,0,241
3472.0,28,17,15,18,78,0,241
3473.0,28,17,15,18,78,0,241
3474.0,28,17,16,18,79,0,241
3475.0,29,17,16,18,80,0,241
3476.0,29,17,16,18,80,0,241
3477.0,29,17,16,18,80,0,241
3478.0,29,17,16,18,80,0,241
3479.0,29,17,16,18,80,0,241
3480.0,29,17,17,19,82,0,241
3481.0,29,17,17,19,82,0,241
3482.0,29,17,17,19,82,0,241
3483.0,29,17,17,19,82,0,241
3484.0,29,17,17,20,83,0,241
3485.0,29,18,17,21,85,0,241
3486.0,30,18,17,21,86,0,241
3487.0,31,17,17,21,86,0,241
3488.0,31,17,18,21,87,0,241
3489.0,31,17,18,21,87,0,241
3490.0,31,17,18,21,87,0,241
3491.0,31,17,19,21,88,0,241
3492.0,31,17,19,21,88,0,241
3493.0,32,17,19,21,89,0,241
3494.0,32,17,19,21,89,0,241
3495.0,32,17,19,21,89,0,241
3496.0,33,17,19,21,90,0,241
3497.0,33,17,19,21,90,0,241
3498.0,33,17,19,21,90,0,242
3499.0,33,17,16,18,84,0,242
3500.0,33,17,13,15,78,0,242
3501.0,33,18,10,12,73,0,242
3502.0,33,19,8,10,70,0,242
3503.0,33,19,6,8,66,0,242
3504.0,33,19,4,6,62,0,242
3505.0,33,19,2,4,58,0,242
3506.0,33,19,1,2,55,0,242
3507.0,33,19,0,0,52,0,242
3508.0,33,19,0,0,52,0,243
3509.0,30,17,0,0,47,0,243
3510.0,27,15,1,1,44,0,243
3511.0,28,14,3,1,46,0,243
3512.0,29,13,4,3,49,0,243
3513.0,28,12,5,3,48,0,243
3514.0,27,12,4,5,48,0,243
3515.0,26,11,5,7,49,0,243
3516.0,26,9,4,8,47,0,243
3517.0,25,8,6,10,49,0,243
3518.0,24,7,8,11,50,0,244
3519.0,23,6,10,12,51,0,244
3520.0,22,5,11,12,50,0,244
3521.0,22,5,11,15,53,0,244
3522.0,21,6,13,16,56,0,244
3523.0,21,6,13,16,56,0,244
3524.0,22,8,13,17,60,0,244
3525.0,21,6,13,17,57,0,244
3526.0,21,7,13,17,58,0,244
3527.0,21,9,13,17,60,0,244
3528.0,20,10,13,17,60,0,245
3529.0,21,12,11,15,59,0,245
3530.0,20,13,9,13,55,0,245
3531.0,20,13,7,11,51,0,245
3532.0,19,14,5,9,47,0,245
3533.0,19,15,3,7,44,0,245
3534.0,19,16,2,5,42,0,245
3535.0,19,16,1,3,39,0,245
3536.0,19,16,0,1,36,0,245
3537.0,19,16,0,0,35,0,245
3538.0,18,16,0,1,35,0,246
3539.0,17,16,0,1,34,0,246
3540.0,17,15,3,3,38,0,246
3541.0,19,16,2,5,42,0,246
3542.0,18,15,3,4,40,0,246
3543.0,19,16,5,6,46,0,246
3544.0,20,16,5,7,48,0,246
3545.0,22,17,7,7,53,0,246
3546.0,22,17,10,9,58,0,246
3547.0,22,17,9,10,58,0,246
3548.0,23,17,10,11,61,0,246
3549.0,23,17,12,12,64,0,246
3550.0,24,17,11,12,64,0,246
3551.0,25,17,13,14,69,0,246
3552.0,26,17,13,15,71,0,246
3553.0,27,17,14,16,74,0,246
3554.0,28,17,15,16,76,0,246
3555.0,28,17,14,16,75,0,246
3556.0,28,17,15,16,76,0,246
3557.0,29,17,17,16,79,0,246
3558.0,30,17,17,16,80,0,246
3559.0,31,17,17,16,81,0,246
3560.0,32,17,19,16,84,0,246
3561.0,32,17,19,16,84,0,246
3562.0,33,17,19,16,85,0,246
3563.0,33,17,19,16,85,0,247
3564.0,30,15,19,16,80,0,247
3565.0,27,13,19,16,75,0,247
3566.0,26,11,19,16,72,0,247
3567.0,25,10,20,16,71,0,247
3568.0,24,9,20,16,69,0,247
3569.0,23,7,20,16,66,0,247
3570.0,22,5,21,16,64,0,247
3571.0,21,5,21,16,63,0,247
3572.0,20,3,21,16,60,0,247
3573.0,19,2,22,16,59,0,248
3574.0,18,4,19,14,55,0,248
3575.0,19,4,16,12,51,0,248
3576.0,18,5,13,10,46,0,248
3577.0,18,6,11,9,44,0,248
3578.0,17,7,8,7,39,0,248
3579.0,16,8,5,5,34,0,248
3580.0,16,8,3,3,30,0,248
3581.0,17,9,2,1,29,0,248
3582.0,16,12,0,0,28,0,248
3583.0,16,12,0,1,29,0,249
3584.0,15,12,1,2,30,0,249
3585.0,15,14,1,2,32,0,249
3586.0,14,16,2,5,37,0,249
3587.0,14,19,2,7,42,0,249
3588.0,14,16,3,8,41,0,249
3589.0,14,16,5,8,43,0,249
3590.0,14,15,4,10,43,0,249
3591.0,13,14,6,9,42,0,249
3592.0,14,14,6,10,44,0,249
3593.0,13,14,8,13,48,0,249
3594.0,13,14,9,13,49,0,249
3595.0,13,14,10,15,52,0,249
3596.0,13,15,8,16,52,0,249
3597.0,15,15,9,16,55,0,249
3598.0,16,15,8,17,56,0,249
3599.0,16,15,8,17,56,0,249
3600.0,17,15,8,17,57,0,249
3601.0,17,15,9,17,58,0,249
3602.0,18,15,10,17,60,0,249
3603.0,19,15,9,18,61,0,249
3604.0,19,15,8,18,60,0,249
3605.0,20,15,9,18,62,0,249
3606.0,21,15,10,18,64,0,249
3607.0,21,15,9,19,64,0,249
3608.0,23,15,10,19,67,0,249
3609.0,23,15,10,19,67,0,249
3610.0,23,15,12,19,69,0,249
3611.0,24,15,13,19,71,0,249
3612.0,25,15,13,19,72,0,249
3613.0,25,15,13,19,72,0,249
3614.0,26,15,14,19,74,0,249
3615.0,27,15,13,19,74,0,249
3616.0,28,15,14,19,76,0,249
3617.0,29,15,16,19,79,0,249
3618.0,29,15,16,19,79,0,249
3619.0,29,15,17,19,80,0,249
3620.0,29,15,17,19,80,0,249
3621.0,29,15,17,19,80,0,249
3622.0,29,15,18,20,82,0,249
3623.0,29,15,19,20,83,0,250
3624.0,29,15,16,18,78,0,250
3625.0,29,16,15,15,75,0,250
3626.0,29,16,13,12,70,0,250
3627.0,29,16,10,10,65,0,250
3628.0,29,16,8,8,61,0,250
3629.0,29,16,5,6,56,0,250
3630.0,29,16,2,4,51,0,250
3631.0,29,16,1,2,48,0,250
3632.0,29,16,1,1,47,0,250
3633.0,29,16,1,1,47,0,251
3634.0,29,16,1,3,49,0,251
3635.0,29,16,3,6,54,0,251
3636.0,29,16,3,6,54,0,251
3637.0,29,16,5,5,55,0,251
3638.0,29,16,6,6,57,0,251
3639.0,29,16,7,8,60,0,251
3640.0,29,16,9,9,63,0,251
3641.0,29,16,12,9,66,0,251
3642.0,29,16,12,10,67,0,251
3643.0,29,16,13,11,69,0,251
3644.0,29,16,13,13,71,0,251
3645.0,29,16,15,14,74,0,251
3646.0,29,16,14,14,73,0,251
3647.0,29,16,14,14,73,0,251
3648.0,29,16,14,15,74,0,251
3649.0,29,16,16,16,77,0,251
3650.0,29,16,16,17,78,0,251
3651.0,29,16,17,17,79,0,251
3652.0,29,16,18,18,81,0,251
3653.0,29,16,18,18,81,0,251
3654.0,29,16,18,18,81,0,251
3655.0,29,16,18,18,81,0,251
3656.0,29,16,18,18,81,0,251
3657.0,29,16,18,18,81,0,251
3658.0,29,16,18,18,81,0,252
3659.0,29,16,15,15,75,0,252
3660.0,29,16,12,12,69,0,252
3661.0,29,16,9,9,63,0,252
3662.0,29,16,6,7,58,0,252
3663.0,29,16,4,5,54,0,252
3664.0,29,16,2,3,50,0,252
3665.0,29,16,1,1,47,0,252
3666.0,29,16,0,0,45,0,252
3667.0,29,16,0,1,46,0,252
3668.0,29,16,0,3,48,0,253
3669.0,28,14,3,3,48,0,253
3670.0,27,12,4,3,46,0,253
3671.0,26,11,7,5,49,0,253
3672.0,25,10,6,7,48,0,253
3673.0,24,7,7,8,46,0,253
3674.0,23,4,11,8,46,0,253
3675.0,22,2,11,9,44,0,253
3676.0,21,1,11,11,44,0,253
3677.0,20,2,12,11,45,0,253
3678.0,19,1,14,11,45,0,254
3679.0,18,2,10,10,40,0,254
3680.0,19,3,8,9,39,0,254
3681.0,18,4,6,7,35,0,254
3682.0,18,5,4,7,34,0,254
3683.0,17,6,2,5,30,0,254
3684.0,17,7,1,3,28,0,254
3685.0,17,8,1,1,27,0,254
3686.0,17,10,0,0,27,0,254
3687.0,16,10,0,0,26,0,254
3688.0,16,13,0,1,30,0,255
3689.0,16,13,3,1,33,0,255
3690.0,16,13,4,3,36,0,255
3691.0,17,14,4,3,38,0,255
3692.0,16,15,5,4,40,0,255
3693.0,16,15,7,6,44,0,255
3694.0,16,15,8,7,46,0,255
3695.0,16,15,8,8,47,0,255
3696.0,15,15,8,11,49,0,255
3697.0,15,15,10,11,51,0,255
3698.0,16,15,11,12,54,0,255
3699.0,16,15,12,12,55,0,255
3700.0,15,15,11,12,53,0,255
3701.0,14,15,12,13,54,0,255
3702.0,17,15,14,14,60,0,255
3703.0,16,15,14,15,60,0,255
3704.0,18,15,15,15,63,0,255
3705.0,18,15,17,15,65,0,255
3706.0,19,15,15,15,64,0,255
3707.0,18,15,15,15,63,0,255
3708.0,21,15,17,16,69,0,255
3709.0,22,15,17,15,69,0,255
3710.0,20,15,17,15,67,0,255
3711.0,24,15,17,16,72,0,255
3712.0,22,15,17,16,70,0,255
3713.0,24,15,17,16,72,0,255
3714.0,24,15,18,16,73,0,255
3715.0,25,15,18,16,74,0,255
3716.0,25,15,20,16,76,0,255
3717.0,26,15,20,16,77,0,255
3718.0,26,15,20,16,77,0,255
3719.0,27,15,20,16,78,0,255
3720.0,28,15,20,16,79,0,255
3721.0,28,15,21,16,80,0,255
3722.0,29,15,21,16,81,0,255
3723.0,29,15,21,16,81,0,256
3724.0,29,15,18,14,76,0,256
3725.0,29,15,15,12,71,0,256
3726.0,29,15,14,10,68,0,256
3727.0,29,15,11,8,63,0,256
3728.0,29,15,8,6,58,0,256
3729.0,29,15,6,4,54,0,256
3730.0,29,15,3,2,49,0,256
3731.0,31,15,1,0,47,0,256
3732.0,31,15,0,1,47,0,256
3733.0,31,15,1,1,48,0,257
3734.0,30,15,1,1,47,0,257
3735.0,29,15,1,2,47,0,257
3736.0,29,15,3,4,51,0,257
3737.0,29,15,4,5,53,0,257
3738.0,29,15,6,7,57,0,257
3739.0,29,15,5,6,55,0,257
3740.0,29,15,7,8,59,0,257
3741.0,29,15,12,11,67,0,257
3742.0,29,15,14,11,69,0,257
3743.0,29,15,13,11,68,0,257
3744.0,29,15,16,12,72,0,257
3745.0,29,15,16,14,74,0,257
3746.0,29,15,16,14,74,0,257
3747.0,29,15,16,15,75,0,257
3748.0,29,15,18,16,78,0,257
3749.0,29,15,18,16,78,0,257
3750.0,29,15,18,16,78,0,257
3751.0,29,15,19,16,79,0,257
3752.0,29,15,20,17,81,0,257
3753.0,29,15,20,16,80,0,258
3754.0,29,15,17,13,74,0,258
3755.0,29,15,14,11,69,0,258
3756.0,29,15,11,9,64,0,258
3757.0,29,15,8,8,60,0,258
3758.0,29,15,5,6,55,0,258
3759.0,29,15,2,4,50,0,258
3760.0,29,15,1,2,47,0,258
3761.0,29,15,0,0,44,0,258
3762.0,29,15,0,0,44,0,258
3763.0,29,15,1,2,47,0,259
3764.0,28,13,2,3,46,0,259
3765.0,27,11,3,2,43,0,259
3766.0,26,10,4,4,44,0,259
3767.0,25,7,7,5,44,0,259
3768.0,24,5,9,6,44,0,259
3769.0,23,4,10,8,45,0,259
3770.0,22,2,12,9,45,0,259
3771.0,21,1,11,10,43,0,259
3772.0,20,0,12,11,43,0,259
3773.0,20,0,15,12,47,0,260
3774.0,19,0,12,11,42,0,260
3775.0,19,1,8,9,37,0,260
3776.0,18,2,6,7,33,0,260
3777.0,18,4,5,6,33,0,260
3778.0,17,5,2,5,29,0,260
3779.0,17,6,1,3,27,0,260
3780.0,17,8,0,1,26,0,260
3781.0,16,9,0,0,25,0,260
3782.0,17,9,0,1,27,0,260
3783.0,17,10,2,1,30,0,261
3784.0,17,11,1,1,30,0,261
3785.0,16,12,3,3,34,0,261
3786.0,16,13,4,4,37,0,261
3787.0,16,13,6,5,40,0,261
3788.0,15,13,6,8,42,0,261
3789.0,15,13,7,7,42,0,261
3790.0,14,13,9,8,44,0,261
3791.0,14,13,9,12,48,0,261
3792.0,14,13,9,11,47,0,261
3793.0,13,13,11,11,48,0,261
3794.0,14,13,12,12,51,0,261
3795.0,14,13,12,13,52,0,261
3796.0,14,13,11,13,51,0,261
3797.0,14,13,12,14,53,0,261
3798.0,15,13,11,14,53,0,261
3799.0,16,13,11,15,55,0,261
3800.0,16,13,12,16,57,0,261
3801.0,17,13,12,16,58,0,261
3802.0,18,13,12,16,59,0,261
3803.0,20,13,13,16,62,0,261
3804.0,21,13,14,16,64,0,261
3805.0,20,13,15,16,64,0,261
3806.0,21,13,15,16,65,0,261
3807.0,22,13,16,16,67,0,261
3808.0,22,13,16,16,67,0,262
3809.0,23,13,14,13,63,0,262
3810.0,23,13,12,11,59,0,262
3811.0,25,13,9,9,56,0,262
3812.0,24,13,6,7,50,0,262
3813.0,25,13,4,5,47,0,262
3814.0,25,13,2,3,43,0,262
3815.0,27,13,1,1,42,0,262
3816.0,27,13,0,0,40,0,262
3817.0,28,13,0,0,41,0,262
3818.0,28,13,1,2,44,0,263
3819.0,29,13,3,2,47,0,263
3820.0,29,13,3,2,47,0,263
3821.0,29,13,5,3,50,0,263
3822.0,29,13,8,4,54,0,263
3823.0,29,13,6,5,53,0,263
3824.0,29,13,6,7,55,0,263
3825.0,29,13,8,7,57,0,263
3826.0,30,13,9,8,60,0,263
3827.0,30,13,11,10,64,0,263
3828.0,30,13,11,11,65,0,264
3829.0,28,11,13,11,63,0,264
3830.0,27,9,13,11,60,0,264
3831.0,26,7,14,13,60,0,264
3832.0,25,5,15,12,57,0,264
3833.0,24,4,15,12,55,0,264
3834.0,23,3,15,14,55,0,264
3835.0,22,2,15,13,52,0,264
3836.0,21,2,15,13,51,0,264
3837.0,20,1,15,15,51,0,264
3838.0,19,1,15,16,51,0,265
3839.0,18,3,12,13,46,0,265
3840.0,19,4,9,11,43,0,265
3841.0,19,5,6,9,39,0,265
3842.0,18,4,4,7,33,0,265
3843.0,18,5,2,5,30,0,265
3844.0,18,6,0,3,27,0,265
3845.0,17,6,0,1,24,0,265
3846.0,17,8,0,0,25,0,265
3847.0,16,8,0,1,25,0,265
3848.0,16,8,0,1,25,0,266
3849.0,16,9,0,1,26,0,266
3850.0,16,9,1,4,30,0,266
3851.0,16,9,2,3,30,0,266
3852.0,16,11,3,4,34,0,266
3853.0,16,10,5,6,37,0,266
3854.0,15,10,5,8,38,0,266
3855.0,16,10,6,7,39,0,266
3856.0,16,10,6,9,41,0,266
3857.0,16,10,6,11,43,0,266
3858.0,15,10,7,12,44,0,266
3859.0,15,10,7,11,43,0,266
3860.0,16,10,7,12,45,0,266
3861.0,16,10,7,12,45,0,266
3862.0,14,10,8,14,46,0,266
3863.0,16,10,8,14,48,0,266
3864.0,17,10,8,15,50,0,266
3865.0,16,10,8,15,49,0,266
3866.0,17,10,8,15,50,0,266
3867.0,19,10,8,15,52,0,266
3868.0,20,10,8,15,53,0,267
3869.0,19,10,6,13,48,0,267
3870.0,20,10,4,11,45,0,267
3871.0,22,10,2,9,43,0,267
3872.0,21,10,0,7,38,0,267
3873.0,24,10,0,5,39,0,267
3874.0,24,10,0,3,37,0,267
3875.0,25,10,0,1,36,0,267
3876.0,24,10,0,0,34,0,267
3877.0,25,10,0,1,36,0,267
3878.0,26,10,0,0,36,0,268
3879.0,27,10,1,1,39,0,268
3880.0,27,10,1,2,40,0,268
3881.0,28,10,1,3,42,0,268
3882.0,28,10,1,5,44,0,268
3883.0,29,10,1,6,46,0,268
3884.0,29,10,1,6,46,0,268
3885.0,29,10,2,8,49,0,268
3886.0,29,10,2,8,49,0,268
3887.0,29,10,2,10,51,0,268
3888.0,29,10,2,12,53,0,269
3889.0,29,10,0,9,48,0,269
3890.0,29,10,0,8,47,0,269
3891.0,29,10,0,5,44,0,269
3892.0,29,10,0,4,43,0,269
3893.0,29,10,0,3,42,0,269
3894.0,29,10,0,1,40,0,269
3895.0,29,10,0,0,39,0,269
3896.0,29,10,0,0,39,0,269
3897.0,29,10,0,0,39,0,269
3898.0,29,10,0,1,40,0,270
3899.0,29,10,0,2,41,0,270
3900.0,29,10,0,2,41,0,270
3901.0,29,10,0,4,43,0,270
3902.0,29,10,0,5,44,0,270
3903.0,29,10,0,7,46,0,270
3904.0,29,10,0,7,46,0,270
3905.0,29,10,0,8,47,0,270
3906.0,29,10,0,11,50,0,270
3907.0,29,10,0,11,50,0,270
3908.0,29,10,0,11,50,0,271
3909.0,29,10,0,9,48,0,271
3910.0,29,10,0,9,48,0,271
3911.0,29,10,0,6,45,0,271
3912.0,29,10,0,4,43,0,271
3913.0,29,10,0,2,41,0,271
3914.0,29,10,0,1,40,0,271
3915.0,29,10,0,1,40,0,271
3916.0,29,10,0,1,40,0,271
3917.0,29,10,0,0,39,0,271
3918.0,29,10,0,2,41,0,272
3919.0,28,8,0,1,37,0,272
3920.0,27,7,0,2,36,0,272
3921.0,26,6,0,5,37,0,272
3922.0,25,5,0,4,34,0,272
3923.0,24,4,0,5,33,0,272
3924.0,23,3,0,7,33,0,272
3925.0,22,2,0,9,33,0,272
3926.0,21,1,0,9,31,0,272
3927.0,20,0,0,9,29,0,272
3928.0,19,0,0,12,31,0,273
3929.0,18,0,0,10,28,0,273
3930.0,19,2,0,7,28,0,273
3931.0,19,2,0,5,26,0,273
3932.0,18,3,0,5,26,0,273
3933.0,18,3,0,2,23,0,273
3934.0,17,4,0,1,22,0,273
3935.0,17,6,0,0,23,0,273
3936.0,18,6,0,1,25,0,273
3937.0,18,6,0,1,25,0,273
3938.0,18,7,0,3,28,0,274
3939.0,18,6,0,3,27,0,274
3940.0,17,7,0,3,27,0,274
3941.0,16,8,0,6,30,0,274
3942.0,18,7,0,7,32,0,274
3943.0,16,7,0,8,31,0,274
3944.0,16,8,0,10,34,0,274
3945.0,16,7,0,9,32,0,274
3946.0,15,8,0,11,34,0,274
3947.0,14,7,0,12,33,0,274
3948.0,14,7,0,13,34,0,274
3949.0,13,8,0,12,33,0,274
3950.0,14,10,1,12,37,0,274
3951.0,15,9,1,13,38,0,274
3952.0,16,8,2,13,39,0,274
3953.0,16,10,2,14,42,0,274
3954.0,17,9,2,15,43,0,274
3955.0,17,10,2,15,44,0,274
3956.0,18,11,2,16,47,0,274
3957.0,20,10,2,15,47,0,274
3958.0,20,9,2,14,45,0,274
3959.0,20,10,2,14,46,0,274
3960.0,21,11,2,14,48,0,274
3961.0,22,10,2,15,49,0,274
3962.0,23,9,2,16,50,0,274
3963.0,24,11,2,16,53,0,274
3964.0,25,12,2,16,55,0,274
3965.0,25,11,2,16,54,0,274
3966.0,26,11,2,16,55,0,274
3967.0,26,12,2,16,56,0,274
3968.0,27,12,2,16,57,0,274
3969.0,27,12,2,16,57,0,274
3970.0,28,13,2,16,59,0,274
3971.0,29,13,3,16,61,0,274
3972.0,29,13,3,16,61,0,274
3973.0,29,13,3,16,61,0,275
3974.0,29,13,1,14,57,0,275
3975.0,29,14,0,12,55,0,275
3976.0,29,14,0,10,53,0,275
3977.0,29,14,0,8,51,0,275
3978.0,29,14,0,6,49,0,275
3979.0,29,14,0,4,47,0,275
3980.0,29,14,0,2,45,0,275
3981.0,29,14,0,0,43,0,275
3982.0,29,14,0,0,43,0,275
3983.0,29,14,0,1,44,0,276
3984.0,28,12,0,2,42,0,276
3985.0,27,10,0,2,39,0,276
3986.0,26,8,0,2,36,0,276
3987.0,26,6,0,4,36,0,276
3988.0,25,5,0,4,34,0,276
3989.0,24,4,1,5,34,0,276
3990.0,23,3,1,7,34,0,276
3991.0,22,2,1,8,33,0,276
3992.0,21,1,1,8,31,0,276
3993.0,20,1,1,9,31,0,277
3994.0,19,1,1,11,32,0,277
3995.0,18,2,1,11,32,0,277
3996.0,18,3,1,11,33,0,277
3997.0,18,4,1,13,36,0,277
3998.0,17,4,1,12,34,0,277
3999.0,17,5,1,12,35,0,277
4000.0,16,7,1,14,38,0,277
4001.0,16,7,1,14,38,0,277
4002.0,17,6,1,13,37,0,277
4003.0,17,7,1,14,39,0,278
4004.0,16,8,0,11,35,0,278
4005.0,15,7,0,10,32,0,278
4006.0,15,8,0,9,32,0,278
4007.0,16,9,0,7,32,0,278
4008.0,15,11,0,5,31,0,278
4009.0,15,10,0,3,28,0,278
4010.0,14,12,0,1,27,0,278
4011.0,14,13,0,0,27,0,278
4012.0,14,12,0,1,27,0,278
4013.0,14,11,0,0,25,0,279
4014.0,13,11,0,1,25,0,279
4015.0,13,12,0,6,31,0,279
4016.0,14,12,0,5,31,0,279
4017.0,14,11,0,5,30,0,279
4018.0,15,12,0,4,31,0,279
4019.0,17,12,0,5,34,0,279
4020.0,16,12,0,5,33,0,279
4021.0,17,13,0,9,39,0,279
4022.0,19,12,0,8,39,0,279
4023.0,18,12,0,10,40,0,279
4024.0,19,12,0,11,42,0,279
4025.0,20,12,1,11,44,0,279
4026.0,21,12,1,10,44,0,279
4027.0,22,12,1,11,46,0,279
4028.0,23,12,1,13,49,0,279
4029.0,23,12,2,13,50,0,279
4030.0,23,12,2,13,50,0,279
4031.0,24,12,2,13,51,0,279
4032.0,25,12,2,16,55,0,279
4033.0,25,12,2,16,55,0,279
4034.0,26,12,2,16,56,0,279
4035.0,27,12,2,17,58,0,279
4036.0,27,12,2,18,59,0,279
4037.0,28,12,2,19,61,0,279
4038.0,29,12,2,19,62,0,279
4039.0,29,12,2,19,62,0,279
4040.0,29,12,2,19,62,0,279
4041.0,29,12,2,20,63,0,279
4042.0,29,12,2,20,63,0,279
4043.0,29,12,2,20,63,0,279
4044.0,29,12,2,20,63,0,279
4045.0,29,12,2,20,63,0,279
4046.0,29,12,2,20,63,0,279
4047.0,29,12,3,20,64,0,279
4048.0,29,12,3,20,64,0,279
4049.0,29,12,3,20,64,0,279
4050.0,29,12,3,20,64,0,279
4051.0,29,12,3,20,64,0,279
4052.0,29,12,4,20,65,0,279
4053.0,29,12,4,20,65,0,279
4054.0,29,12,5,20,66,0,279
4055.0,29,12,5,20,66,0,279
4056.0,29,12,5,20,66,0,279
4057.0,29,12,5,20,66,0,279
4058.0,29,12,5,20,66,0,279
4059.0,29,12,5,20,66,0,279
4060.0,29,12,5,20,66,0,279
4061.0,29,12,5,20,66,0,279
4062.0,29,12,5,20,66,0,279
4063.0,29,12,6,20,67,0,279
4064.0,29,12,6,20,67,0,279
4065.0,29,12,6,20,67,0,279
4066.0,29,12,6,20,67,0,279
4067.0,29,12,7,20,68,0,279
4068.0,29,12,7,20,68,0,279
4069.0,29,12,8,20,69,0,279
4070.0,29,12,8,20,69,0,279
4071.0,29,12,8,20,69,0,279
4072.0,29,12,8,20,69,0,279
4073.0,29,12,8,20,69,0,280
4074.0,29,12,5,17,63,0,280
4075.0,29,12,2,14,57,0,280
4076.0,29,12,0,11,52,0,280
4077.0,29,12,0,8,49,0,280
4078.0,29,12,0,5,46,0,280
4079.0,29,12,0,3,44,0,280
4080.0,29,12,0,1,42,0,280
4081.0,29,12,0,0,41,0,280
4082.0,29,12,0,0,41,0,280
4083.0,29,12,0,1,42,0,281
4084.0,29,12,0,1,42,0,281
4085.0,29,12,0,4,45,0,281
4086.0,29,12,0,5,46,0,281
4087.0,29,12,0,6,47,0,281
4088.0,29,12,0,8,49,0,281
4089.0,29,12,0,10,51,0,281
4090.0,29,12,0,11,52,0,281
4091.0,29,12,0,11,52,0,281
4092.0,29,12,0,14,55,0,281
4093.0,29,12,0,13,54,0,281
4094.0,29,12,0,13,54,0,281
4095.0,29,12,0,14,55,0,281
4096.0,29,12,0,14,55,0,281
4097.0,29,12,0,13,54,0,281
4098.0,29,12,0,14,55,0,281
4099.0,29,12,0,15,56,0,281
4100.0,29,12,0,18,59,0,281
4101.0,29,12,0,17,58,0,281
4102.0,29,12,0,17,58,0,281
4103.0,29,12,0,18,59,0,282
4104.0,29,12,0,17,58,0,282
4105.0,29,12,0,15,56,0,282
4106.0,29,12,0,12,53,0,282
4107.0,29,12,0,9,50,0,282
4108.0,29,12,0,6,47,0,282
4109.0,29,12,0,4,45,0,282
4110.0,29,12,0,2,43,0,282
4111.0,29,12,0,0,41,0,282
4112.0,29,12,0,1,42,0,282
4113.0,29,12,0,1,42,0,283
4114.0,29,12,0,1,42,0,283
4115.0,29,12,0,4,45,0,283
4116.0,29,12,0,7,48,0,283
4117.0,29,12,0,7,48,0,283
4118.0,29,12,0,9,50,0,283
4119.0,29,12,0,8,49,0,283
4120.0,29,12,0,10,51,0,283
4121.0,29,12,0,12,53,0,283
4122.0,29,12,0,13,54,0,283
4123.0,29,12,0,12,53,0,283
4124.0,29,12,0,13,54,0,283
4125.0,29,12,0,15,56,0,283
4126.0,29,12,0,17,58,0,283
4127.0,29,12,0,17,58,0,283
4128.0,29,12,0,18,59,0,284
4129.0,29,12,0,15,56,0,284
4130.0,29,12,0,13,54,0,284
4131.0,29,12,0,10,51,0,284
4132.0,29,12,0,8,49,0,284
4133.0,29,12,0,6,47,0,284
4134.0,29,12,0,4,45,0,284
4135.0,29,12,0,2,43,0,284
4136.0,29,12,0,0,41,0,284
4137.0,29,12,0,0,41,0,284
4138.0,29,12,0,1,42,0,285
4139.0,28,10,0,1,39,0,285
4140.0,27,8,0,2,37,0,285
4141.0,26,6,0,4,36,0,285
4142.0,25,5,0,5,35,0,285
4143.0,24,4,0,5,33,0,285
4144.0,23,3,0,7,33,0,285
4145.0,22,2,0,9,33,0,285
4146.0,21,1,0,9,31,0,285
4147.0,20,0,0,10,30,0,285
4148.0,19,0,0,12,31,0,286
4149.0,18,0,0,10,28,0,286
4150.0,19,2,0,8,29,0,286
4151.0,18,1,0,9,28,0,286
4152.0,18,1,0,6,25,0,286
4153.0,17,3,0,3,23,0,286
4154.0,17,4,0,2,23,0,286
4155.0,17,3,0,0,20,0,286
4156.0,17,5,0,0,22,0,286
4157.0,16,5,0,0,21,0,286
4158.0,16,5,0,1,22,0,287
4159.0,16,6,0,0,22,0,287
4160.0,16,6,0,2,24,0,287
4161.0,15,8,0,4,27,0,287
4162.0,15,10,0,6,31,0,287
4163.0,15,9,0,6,30,0,287
4164.0,15,9,0,8,32,0,287
4165.0,14,10,0,10,34,0,287
4166.0,14,8,0,10,32,0,287
4167.0,14,9,0,12,35,0,287
4168.0,15,10,1,13,39,0,287
4169.0,13,8,1,13,35,0,287
4170.0,15,9,1,13,38,0,287
4171.0,15,9,1,13,38,0,287
4172.0,15,9,1,15,40,0,287
4173.0,15,10,1,15,41,0,287
4174.0,15,10,1,16,42,0,287
4175.0,15,10,1,16,42,0,287
4176.0,17,11,1,16,45,0,287
4177.0,17,11,1,16,45,0,287
4178.0,17,11,1,16,45,0,287
4179.0,20,11,2,16,49,0,287
4180.0,21,11,2,16,50,0,287
4181.0,20,11,2,16,49,0,287
4182.0,22,11,3,16,52,0,287
4183.0,21,11,3,16,51,0,287
4184.0,22,11,3,16,52,0,287
4185.0,24,11,3,16,54,0,287
4186.0,23,11,3,16,53,0,287
4187.0,24,11,3,16,54,0,287
4188.0,25,11,3,16,55,0,287
4189.0,26,11,3,16,56,0,287
4190.0,26,11,3,16,56,0,287
4191.0,27,11,3,16,57,0,287
4192.0,27,11,3,16,57,0,287
4193.0,28,11,3,16,58,0,288
4194.0,29,11,1,13,54,0,288
4195.0,29,11,1,10,51,0,288
4196.0,29,11,0,7,47,0,288
4197.0,29,11,0,5,45,0,288
4198.0,29,11,0,3,43,0,288
4199.0,29,11,0,2,42,0,288
4200.0,30,11,0,1,42,0,288
4201.0,30,11,0,0,41,0,288
4202.0,30,11,0,0,41,0,288
4203.0,30,11,0,1,42,0,289
4204.0,30,11,0,1,42,0,289
4205.0,31,11,0,2,44,0,289
4206.0,31,11,0,4,46,0,289
4207.0,31,11,0,4,46,0,289
4208.0,31,11,0,4,46,0,289
4209.0,31,11,0,5,47,0,289
4210.0,31,11,0,6,48,0,289
4211.0,30,11,0,7,48,0,289
4212.0,30,11,0,7,48,0,289
4213.0,30,11,0,8,49,0,289
4214.0,30,11,0,8,49,0,289
4215.0,30,11,0,9,50,0,289
4216.0,30,11,0,9,50,0,289
4217.0,30,11,1,10,52,0,289
4218.0,30,11,1,10,52,0,290
4219.0,30,11,0,8,49,0,290
4220.0,30,11,0,6,47,0,290
4221.0,30,11,0,4,45,0,290
4222.0,30,11,0,2,43,0,290
4223.0,30,11,0,1,42,0,290
4224.0,30,11,0,0,41,0,290
4225.0,30,11,0,0,41,0,290
4226.0,30,11,0,0,41,0,290
4227.0,30,11,0,0,41,0,290
4228.0,30,11,0,1,42,0,291
4229.0,28,9,0,2,39,0,291
4230.0,27,7,0,3,37,0,291
4231.0,26,6,0,3,35,0,291
4232.0,25,5,0,4,34,0,291
4233.0,24,4,0,4,32,0,291
4234.0,23,3,0,4,30,0,291
4235.0,22,2,0,4,28,0,291
4236.0,21,1,0,4,26,0,291
4237.0,20,0,0,4,24,0,291
4238.0,19,0,0,4,23,0,292
4239.0,18,1,0,4,23,0,292
4240.0,19,1,0,4,24,0,292
4241.0,18,3,0,4,25,0,292
4242.0,18,4,0,4,26,0,292
4243.0,18,4,0,4,26,0,292
4244.0,18,3,0,4,25,0,292
4245.0,18,4,0,4,26,0,292
4246.0,17,6,0,4,27,0,292
4247.0,16,5,0,4,25,0,292
4248.0,16,6,0,4,26,0,292
4249.0,16,7,0,4,27,0,292
4250.0,16,6,0,4,26,0,292
4251.0,16,7,0,4,27,0,292
4252.0,17,8,0,4,29,0,292
4253.0,16,7,0,4,27,0,292
4254.0,15,8,0,4,27,0,292
4255.0,15,9,0,4,28,0,292
4256.0,15,9,0,4,28,0,292
4257.0,16,9,0,4,29,0,292
4258.0,16,10,0,4,30,0,292
4259.0,15,12,0,4,31,0,292
4260.0,16,11,0,4,31,0,292
4261.0,14,10,0,4,28,0,292
4262.0,16,13,0,4,33,0,292
4263.0,17,10,0,4,31,0,292
4264.0,18,11,0,4,33,0,292
4265.0,17,12,0,4,33,0,292
4266.0,19,10,0,4,33,0,292
4267.0,20,12,0,4,36,0,292
4268.0,19,10,0,4,33,0,292
4269.0,21,13,0,4,38,0,292
4270.0,21,10,0,4,35,0,292
4271.0,23,12,0,4,39,0,292
4272.0,22,13,0,4,39,0,292
4273.0,24,10,0,4,38,0,292
4274.0,24,11,0,4,39,0,292
4275.0,25,11,0,4,40,0,292
4276.0,26,11,1,4,42,0,292
4277.0,26,11,1,4,42,0,292
4278.0,27,11,1,4,43,0,292
4279.0,27,11,2,4,44,0,292
4280.0,28,11,2,4,45,0,292
4281.0,29,12,2,4,47,0,292
4282.0,29,12,2,4,47,0,292
4283.0,29,12,2,4,47,0,292
4284.0,29,12,2,4,47,0,292
4285.0,29,12,2,4,47,0,292
4286.0,29,12,2,4,47,0,292
4287.0,29,12,3,4,48,0,292
4288.0,29,12,3,4,48,0,292
4289.0,29,12,3,4,48,0,292
4290.0,29,12,3,4,48,0,292
4291.0,29,12,3,4,48,0,292
4292.0,29,12,3,4,48,0,292
4293.0,29,12,3,4,48,0,292
4294.0,29,12,3,4,48,0,292
4295.0,29,12,3,4,48,0,292
4296.0,29,12,3,4,48,0,292
4297.0,29,12,3,4,48,0,292
4298.0,29,12,3,4,48,0,292
4299.0,29,12,3,4,48,0,292
4300.0,29,12,3,4,48,0,292
4301.0,29,12,3,4,48,0,292
4302.0,29,12,3,4,48,0,292
4303.0,29,12,3,4,48,0,292
4304.0,29,12,3,4,48,0,292
4305.0,29,12,3,4,48,0,292
4306.0,29,12,3,4,48,0,292
4307.0,29,12,3,4,48,0,292
4308.0,29,12,3,4,48,0,292
4309.0,29,12,3,4,48,0,292
4310.0,29,12,3,4,48,0,292
4311.0,29,12,3,4,48,0,292
4312.0,29,12,3,4,48,0,292
4313.0,29,12,3,4,48,0,292
4314.0,29,12,3,4,48,0,292
4315.0,29,12,3,4,48,0,292
4316.0,29,12,3,4,48,0,292
4317.0,29,12,3,4,48,0,292
4318.0,29,12,3,4,48,0,292
4319.0,29,12,3,4,48,0,292
4320.0,29,12,3,4,48,0,292
4321.0,29,12,3,4,48,0,292
4322.0,29,12,3,4,48,0,292
4323.0,29,12,3,4,48,0,292
4324.0,29,12,3,4,48,0,292
4325.0,29,12,3,4,48,0,292
4326.0,29,12,3,4,48,0,292
4327.0,29,12,3,4,48,0,292
4328.0,29,12,3,4,48,0,292
4329.0,29,12,3,4,48,0,292
4330.0,29,12,3,4,48,0,292
4331.0,29,12,3,4,48,0,292
4332.0,29,12,3,4,48,0,292
4333.0,29,12,3,4,48,0,292
4334.0,29,12,3,4,48,0,292
4335.0,29,12,3,4,48,0,292
4336.0,29,12,3,4,48,0,292
4337.0,29,12,3,4,48,0,292
4338.0,29,12,3,4,48,0,292
4339.0,29,12,3,4,48,0,292
4340.0,29,12,3,4,48,0,292
4341.0,29,12,3,4,48,0,292
4342.0,29,12,3,4,48,0,292
4343.0,29,12,3,4,48,0,292
4344.0,29,12,3,4,48,0,292
4345.0,29,12,3,4,48,0,292
4346.0,29,12,3,4,48,0,292
4347.0,29,12,3,4,48,0,292
4348.0,29,12,3,4,48,0,292
4349.0,29,12,3,4,48,0,292
4350.0,29,12,3,4,48,0,292
4351.0,29,12,3,4,48,0,292
4352.0,29,12,3,4,48,0,292
4353.0,29,12,3,4,48,0,292
4354.0,29,12,3,4,48,0,292
4355.0,29,12,3,4,48,0,292
4356.0,29,12,3,4,48,0,292
4357.0,29,12,3,4,48,0,292
4358.0,29,12,3,4,48,0,292
4359.0,29,12,3,4,48,0,292
4360.0,29,12,3,4,48,0,292
4361.0,29,12,3,4,48,0,292
4362.0,29,12,3,4,48,0,292
4363.0,29,12,3,4,48,0,292
4364.0,29,12,3,4,48,0,292
4365.0,29,12,3,4,48,0,292
4366.0,29,12,3,4,48,0,292
4367.0,29,12,3,4,48,0,292
4368.0,29,12,3,4,48,0,292
4369.0,29,12,3,4,48,0,292
4370.0,29,12,3,4,48,0,292
4371.0,29,12,3,4,48,0,292
4372.0,29,12,3,4,48,0,292
4373.0,29,12,3,4,48,0,292
4374.0,29,12,3,4,48,0,292
4375.0,29,12,3,4,48,0,292
4376.0,29,12,3,4,48,0,292
4377.0,29,12,3,4,48,0,292
4378.0,29,12,3,4,48,0,292
4379.0,29,12,3,4,48,0,292
4380.0,29,12,3,4,48,0,292
4381.0,29,12,3,4,48,0,292
4382.0,29,12,3,4,48,0,292
4383.0,29,12,3,4,48,0,292
4384.0,29,12,3,4,48,0,292
4385.0,29,12,3,4,48,0,292
4386.0,29,12,3,4,48,0,292
4387.0,29,12,3,4,48,0,292
4388.0,29,12,3,4,48,0,292
4389.0,29,12,3,4,48,0,292
4390.0,29,12,3,4,48,0,292
4391.0,29,12,3,4,48,0,292
4392.0,29,12,3,4,48,0,292
4393.0,29,12,3,4,48,0,292
4394.0,29,12,3,4,48,0,292
4395.0,29,12,3,4,48,0,292
4396.0,29,12,3,4,48,0,292
4397.0,29,12,3,4,48,0,292
4398.0,29,12,3,4,48,0,292
4399.0,29,12,3,4,48,0,292
4400.0,29,12,3,4,48,0,292
4401.0,29,12,3,4,48,0,292
4402.0,29,12,3,4,48,0,292
4403.0,29,12,3,4,48,0,292
4404.0,29,12,3,4,48,0,292
4405.0,29,12,3,4,48,0,292
4406.0,29,12,3,4,48,0,292
4407.0,29,12,3,4,48,0,292
4408.0,29,12,3,4,48,0,292
4409.0,29,12,3,4,48,0,292
4410.0,29,12,3,4,48,0,292
4411.0,29,12,3,4,48,0,292
4412.0,29,12,3,4,48,0,292
4413.0,29,12,3,4,48,0,292
4414.0,29,12,3,4,48,0,292
4415.0,29,12,3,4,48,0,292
4416.0,29,12,3,4,48,0,292
4417.0,29,12,3,4,48,0,292
4418.0,29,12,3,4,48,0,292
4419.0,29,12,3,4,48,0,292
4420.0,29,12,3,4,48,0,292
4421.0,29,12,3,4,48,0,292
4422.0,29,12,3,4,48,0,292
4423.0,29,12,3,4,48,0,292
4424.0,29,12,3,4,48,0,292
4425.0,29,12,3,4,48,0,292
4426.0,29,12,3,4,48,0,292
4427.0,29,12,3,4,48,0,292
4428.0,29,12,3,4,48,0,292
4429.0,29,12,3,4,48,0,292
4430.0,29,12,3,4,48,0,292
4431.0,29,12,3,4,48,0,292
4432.0,29,12,3,4,48,0,292
4433.0,29,12,3,4,48,0,292
4434.0,29,12,3,4,48,0,292
4435.0,29,12,3,4,48,0,292
4436.0,29,12,3,4,48,0,292
4437.0,29,12,3,4,48,0,292
4438.0,29,12,3,4,48,0,292
4439.0,29,12,3,4,48,0,292
4440.0,29,12,3,4,48,0,292
4441.0,29,12,3,4,48,0,292
4442.0,29,12,3,4,48,0,292
4443.0,29,12,3,4,48,0,292
4444.0,29,12,3,4,48,0,292
4445.0,29,12,3,4,48,0,292
4446.0,29,12,3,4,48,0,292
4447.0,29,12,3,4,48,0,292
4448.0,29,12,3,4,48,0,292
4449.0,29,12,3,4,48,0,292
4450.0,29,12,3,4,48,0,292
4451.0,29,12,3,4,48,0,292
4452.0,29,12,3,4,48,0,292
4453.0,29,12,3,4,48,0,292
4454.0,29,12,3,4,48,0,292
4455.0,29,12,3,4,48,0,292
4456.0,29,12,3,4,48,0,292
4457.0,29,12,3,4,48,0,292
4458.0,29,12,3,4,48,0,292
4459.0,29,12,3,4,48,0,292
4460.0,29,12,3,4,48,0,292
4461.0,29,12,3,4,48,0,292
4462.0,29,12,3,4,48,0,292
4463.0,29,12,3,4,48,0,292
4464.0,29,12,3,4,48,0,292
4465.0,29,12,3,4,48,0,292
4466.0,29,12,3,4,48,0,292
4467.0,29,12,3,4,48,0,292
4468.0,29,12,3,4,48,0,292
4469.0,29,12,3,4,48,0,292
4470.0,29,12,3,4,48,0,292
4471.0,29,12,3,4,48,0,292
4472.0,29,12,3,4,48,0,292
4473.0,29,12,3,4,48,0,292
4474.0,29,12,3,4,48,0,292
4475.0,29,12,3,4,48,0,292
4476.0,29,12,3,4,48,0,292
4477.0,29,12,3,4,48,0,292
4478.0,29,12,3,4,48,0,292
4479.0,29,12,3,4,48,0,292
4480.0,29,12,3,4,48,0,292
4481.0,29,12,3,4,48,0,292
4482.0,29,12,3,4,48,0,292
4483.0,29,12,3,4,48,0,292
4484.0,29,12,3,4,48,0,292
4485.0,29,12,3,4,48,0,292
4486.0,29,12,3,4,48,0,292
4487.0,29,12,3,4,48,0,292
4488.0,29,12,3,4,48,0,292
4489.0,29,12,3,4,48,0,292
4490.0,29,12,3,4,48,0,292
4491.0,29,12,3,4,48,0,292
4492.0,29,12,3,4,48,0,292
4493.0,29,12,3,4,48,0,292
4494.0,29,12,3,4,48,0,292
4495.0,29,12,3,4,48,0,292
4496.0,29,12,3,4,48,0,292
4497.0,29,12,3,4,48,0,292
4498.0,29,12,3,4,48,0,292
4499.0,29,12,3,4,48,0,292
4500.0,29,12,3,4,48,0,292
4501.0,29,12,3,4,48,0,292
4502.0,29,12,3,4,48,0,292
4503.0,29,12,3,4,48,0,292
4504.0,29,12,3,4,48,0,292
4505.0,29,12,3,4,48,0,292
4506.0,29,12,3,4,48,0,292
4507.0,29,12,3,4,48,0,292
4508.0,29,12,3,4,48,0,292
4509.0,29,12,3,4,48,0,292
4510.0,29,12,3,4,48,0,292
4511.0,29,12,3,4,48,0,292
4512.0,29,12,3,4,48,0,292
4513.0,29,12,3,4,48,0,292
4514.0,29,12,3,4,48,0,292
4515.0,29,12,3,4,48,0,292
4516.0,29,12,3,4,48,0,292
4517.0,29,12,3,4,48,0,292
4518.0,29,12,3,4,48,0,292
4519.0,29,12,3,4,48,0,292
4520.0,29,12,3,4,48,0,292
4521.0,29,12,3,4,48,0,292
4522.0,29,12,3,4,48,0,292
4523.0,29,12,3,4,48,0,292
4524.0,29,12,3,4,48,0,292
4525.0,29,12,3,4,48,0,292
4526.0,29,12,3,4,48,0,292
4527.0,29,12,3,4,48,0,292
4528.0,29,12,3,4,48,0,292
4529.0,29,12,3,4,48,0,292
4530.0,29,12,3,4,48,0,292
4531.0,29,12,3,4,48,0,292
4532.0,29,12,3,4,48,0,292
4533.0,29,12,3,4,48,0,292
4534.0,29,12,3,4,48,0,292
4535.0,29,12,3,4,48,0,292
4536.0,29,12,3,4,48,0,292
4537.0,29,12,3,4,48,0,292
4538.0,29,12,3,4,48,0,292
4539.0,29,12,3,4,48,0,292
4540.0,29,12,3,4,48,0,292
4541.0,29,12,3,4,48,0,292
4542.0,29,12,3,4,48,0,292
4543.0,29,12,3,4,48,0,292
4544.0,29,12,3,4,48,0,292
4545.0,29,12,3,4,48,0,292
4546.0,29,12,3,4,48,0,292
4547.0,29,12,3,4,48,0,292
4548.0,29,12,3,4,48,0,292
4549.0,29,12,3,4,48,0,292
4550.0,29,12,3,4,48,0,292
4551.0,29,12,3,4,48,0,292
4552.0,29,12,3,4,48,0,292
4553.0,29,12,3,4,48,0,292
4554.0,29,12,3,4,48,0,292
4555.0,29,12,3,4,48,0,292
4556.0,29,12,3,4,48,0,292
4557.0,29,12,3,4,48,0,292
4558.0,29,12,3,4,48,0,292
4559.0,29,12,3,4,48,0,292
4560.0,29,12,3,4,48,0,292
4561.0,29,12,3,4,48,0,292
4562.0,29,12,3,4,48,0,292
4563.0,29,12,3,4,48,0,292
4564.0,29,12,3,4,48,0,292
4565.0,29,12,3,4,48,0,292
4566.0,29,12,3,4,48,0,292
4567.0,29,12,3,4,48,0,292
4568.0,29,12,3,4,48,0,292
4569.0,29,12,3,4,48,0,292
4570.0,29,12,3,4,48,0,292
4571.0,29,12,3,4,48,0,292
4572.0,29,12,3,4,48,0,292
4573.0,29,12,3,4,48,0,292
4574.0,29,12,3,4,48,0,292
4575.0,29,12,3,4,48,0,292
4576.0,29,12,3,4,48,0,292
4577.0,29,12,3,4,48,0,292
4578.0,29,12,3,4,48,0,292
4579.0,29,12,3,4,48,0,292
4580.0,29,12,3,4,48,0,292
4581.0,29,12,3,4,48,0,292
4582.0,29,12,3,4,48,0,292
4583.0,29,12,3,4,48,0,292
4584.0,29,12,3,4,48,0,292
4585.0,29,12,3,4,48,0,292
4586.0,29,12,3,4,48,0,292
4587.0,29,12,3,4,48,0,292
4588.0,29,12,3,4,48,0,292
4589.0,29,12,3,4,48,0,292
4590.0,29,12,3,4,48,0,292
4591.0,29,12,3,4,48,0,292
4592.0,29,12,3,4,48,0,292
4593.0,29,12,3,4,48,0,292
4594.0,29,12,3,4,48,0,292
4595.0,29,12,3,4,48,0,292
4596.0,29,12,3,4,48,0,292
4597.0,29,12,3,4,48,0,292
4598.0,29,12,3,4,48,0,292
4599.0,29,12,3,4,48,0,292
4600.0,29,12,3,4,48,0,292
4601.0,29,12,3,4,48,0,292
4602.0,29,12,3,4,48,0,292
4603.0,29,12,3,4,48,0,292
4604.0,29,12,3,4,48,0,292
4605.0,29,12,3,4,48,0,292
4606.0,29,12,3,4,48,0,292
4607.0,29,12,3,4,48,0,292
4608.0,29,12,3,4,48,0,292
4609.0,29,12,3,4,48,0,292
4610.0,29,12,3,4,48,0,292
4611.0,29,12,3,4,48,0,292
4612.0,29,12,3,4,48,0,292
4613.0,29,12,3,4,48,0,292
4614.0,29,12,3,4,48,0,292
4615.0,29,12,3,4,48,0,292
4616.0,29,12,3,4,48,0,292
4617.0,29,12,3,4,48,0,292
4618.0,29,12,3,4,48,0,292
4619.0,29,12,3,4,48,0,292
4620.0,29,12,3,4,48,0,292
4621.0,29,12,3,4,48,0,292
4622.0,29,12,3,4,48,0,292
4623.0,29,12,3,4,48,0,292
4624.0,29,12,3,4,48,0,292
4625.0,29,12,3,4,48,0,292
4626.0,29,12,3,4,48,0,292
4627.0,29,12,3,4,48,0,292
4628.0,29,12,3,4,48,0,292
4629.0,29,12,3,4,48,0,292
4630.0,29,12,3,4,48,0,292
4631.0,29,12,3,4,48,0,292
4632.0,29,12,3,4,48,0,292
4633.0,29,12,3,4,48,0,292
4634.0,29,12,3,4,48,0,292
4635.0,29,12,3,4,48,0,292
4636.0,29,12,3,4,48,0,292
4637.0,29,12,3,4,48,0,292
4638.0,29,12,3,4,48,0,292
4639.0,29,12,3,4,48,0,292
4640.0,29,12,3,4,48,0,292
4641.0,29,12,3,4,48,0,292
4642.0,29,12,3,4,48,0,292
4643.0,29,12,3,4,48,0,292
4644.0,29,12,3,4,48,0,292
4645.0,29,12,3,4,48,0,292
4646.0,29,12,3,4,48,0,292
4647.0,29,12,3,4,48,0,292
4648.0,29,12,3,4,48,0,292
4649.0,29,12,3,4,48,0,292
4650.0,29,12,3,4,48,0,292
4651.0,29,12,3,4,48,0,292
4652.0,29,12,3,4,48,0,292
4653.0,29,12,3,4,48,0,292
4654.0,29,12,3,4,48,0,292
4655.0,29,12,3,4,48,0,292
4656.0,29,12,3,4,48,0,292
4657.0,29,12,3,4,48,0,292
4658.0,29,12,3,4,48,0,292
4659.0,29,12,3,4,48,0,292
4660.0,29,12,3,4,48,0,292
4661.0,29,12,3,4,48,0,292
4662.0,29,12,3,4,48,0,292
4663.0,29,12,3,4,48,0,292
4664.0,29,12,3,4,48,0,292
4665.0,29,12,3,4,48,0,292
4666.0,29,12,3,4,48,0,292
4667.0,29,12,3,4,48,0,292
4668.0,29,12,3,4,48,0,292
4669.0,29,12,3,4,48,0,292
4670.0,29,12,3,4,48,0,292
4671.0,29,12,3,4,48,0,292
4672.0,29,12,3,4,48,0,292
4673.0,29,12,3,4,48,0,292
4674.0,29,12,3,4,48,0,292
4675.0,29,12,3,4,48,0,292
4676.0,29,12,3,4,48,0,292
4677.0,29,12,3,4,48,0,292
4678.0,29,12,3,4,48,0,292
4679.0,29,12,3,4,48,0,292
4680.0,29,12,3,4,48,0,292
4681.0,29,12,3,4,48,0,292
4682.0,29,12,3,4,48,0,292
4683.0,29,12,3,4,48,0,292
4684.0,29,12,3,4,48,0,292
4685.0,29,12,3,4,48,0,292
4686.0,29,12,3,4,48,0,292
4687.0,29,12,3,4,48,0,292
4688.0,29,12,3,4,48,0,292
4689.0,29,12,3,4,48,0,292
4690.0,29,12,3,4,48,0,292
4691.0,29,12,3,4,48,0,292
4692.0,29,12,3,4,48,0,292
4693.0,29,12,3,4,48,0,292
4694.0,29,12,3,4,48,0,292
4695.0,29,12,3,4,48,0,292
4696.0,29,12,3,4,48,0,292
4697.0,29,12,3,4,48,0,292
4698.0,29,12,3,4,48,0,292
4699.0,29,12,3,4,48,0,292
4700.0,29,12,3,4,48,0,292
4701.0,29,12,3,4,48,0,292
4702.0,29,12,3,4,48,0,292
4703.0,29,12,3,4,48,0,292
4704.0,29,12,3,4,48,0,292
4705.0,29,12,3,4,48,0,292
4706.0,29,12,3,4,48,0,292
4707.0,29,12,3,4,48,0,292
4708.0,29,12,3,4,48,0,292
4709.0,29,12,3,4,48,0,292
4710.0,29,12,3,4,48,0,292
4711.0,29,12,3,4,48,0,292
4712.0,29,12,3,4,48,0,292
4713.0,29,12,3,4,48,0,292
4714.0,29,12,3,4,48,0,292
4715.0,29,12,3,4,48,0,292
4716.0,29,12,3,4,48,0,292
4717.0,29,12,3,4,48,0,292
4718.0,29,12,3,4,48,0,292
4719.0,29,12,3,4,48,0,292
4720.0,29,12,3,4,48,0,292
4721.0,29,12,3,4,48,0,292
4722.0,29,12,3,4,48,0,292
4723.0,29,12,3,4,48,0,292
4724.0,29,12,3,4,48,0,292
4725.0,29,12,3,4,48,0,292
4726.0,29,12,3,4,48,0,292
4727.0,29,12,3,4,48,0,292
4728.0,29,12,3,4,48,0,292
4729.0,29,12,3,4,48,0,292
4730.0,29,12,3,4,48,0,292
4731.0,29,12,3,4,48,0,292
4732.0,29,12,3,4,48,0,292
4733.0,29,12,3,4,48,0,292
4734.0,29,12,3,4,48,0,292
4735.0,29,12,3,4,48,0,292
4736.0,29,12,3,4,48,0,292
4737.0,29,12,3,4,48,0,292
4738.0,29,12,3,4,48,0,292
4739.0,29,12,3,4,48,0,292
4740.0,29,12,3,4,48,0,292
4741.0,29,12,3,4,48,0,292
4742.0,29,12,3,4,48,0,292
4743.0,29,12,3,4,48,0,292
4744.0,29,12,3,4,48,0,292
4745.0,29,12,3,4,48,0,292
4746.0,29,12,3,4,48,0,292
4747.0,29,12,3,4,48,0,292
4748.0,29,12,3,4,48,0,292
4749.0,29,12,3,4,48,0,292
4750.0,29,12,3,4,48,0,292
4751.0,29,12,3,4,48,0,292
4752.0,29,12,3,4,48,0,292
4753.0,29,12,3,4,48,0,292
4754.0,29,12,3,4,48,0,292
4755.0,29,12,3,4,48,0,292
4756.0,29,12,3,4,48,0,292
4757.0,29,12,3,4,48,0,292
4758.0,29,12,3,4,48,0,292
4759.0,29,12,3,4,48,0,292
4760.0,29,12,3,4,48,0,292
4761.0,29,12,3,4,48,0,292
4762.0,29,12,3,4,48,0,292
4763.0,29,12,3,4,48,0,292
4764.0,29,12,3,4,48,0,292
4765.0,29,12,3,4,48,0,292
4766.0,29,12,3,4,48,0,292
4767.0,29,12,3,4,48,0,292
4768.0,29,12,3,4,48,0,292
4769.0,29,12,3,4,48,0,292
4770.0,29,12,3,4,48,0,292
4771.0,29,12,3,4,48,0,292
4772.0,29,12,3,4,48,0,292
4773.0,29,12,3,4,48,0,292
4774.0,29,12,3,4,48,0,292
4775.0,29,12,3,4,48,0,292
4776.0,29,12,3,4,48,0,292
4777.0,29,12,3,4,48,0,292
4778.0,29,12,3,4,48,0,292
4779.0,29,12,3,4,48,0,292
4780.0,29,12,3,4,48,0,292
4781.0,29,12,3,4,48,0,292
4782.0,29,12,3,4,48,0,292
4783.0,29,12,3,4,48,0,292
4784.0,29,12,3,4,48,0,292
4785.0,29,12,3,4,48,0,292
4786.0,29,12,3,4,48,0,292
4787.0,29,12,3,4,48,0,292
4788.0,29,12,3,4,48,0,292
4789.0,29,12,3,4,48,0,292
4790.0,29,12,3,4,48,0,292
4791.0,29,12,3,4,48,0,292
4792.0,29,12,3,4,48,0,292
4793.0,29,12,3,4,48,0,292
4794.0,29,12,3,4,48,0,292
4795.0,29,12,3,4,48,0,292
4796.0,29,12,3,4,48,0,292
4797.0,29,12,3,4,48,0,292
4798.0,29,12,3,4,48,0,292
4799.0,29,12,3,4,48,0,292
4800.0,29,12,3,4,48,0,292
4801.0,29,12,3,4,48,0,292
4802.0,29,12,3,4,48,0,292
4803.0,29,12,3,4,48,0,292
4804.0,29,12,3,4,48,0,292
4805.0,29,12,3,4,48,0,292
4806.0,29,12,3,4,48,0,292
4807.0,29,12,3,4,48,0,292
4808.0,29,12,3,4,48,0,292
4809.0,29,12,3,4,48,0,292
4810.0,29,12,3,4,48,0,292
4811.0,29,12,3,4,48,0,292
4812.0,29,12,3,4,48,0,292
4813.0,29,12,3,4,48,0,292
4814.0,29,12,3,4,48,0,292
4815.0,29,12,3,4,48,0,292
4816.0,29,12,3,4,48,0,292
4817.0,29,12,3,4,48,0,292
4818.0,29,12,3,4,48,0,292
4819.0,29,12,3,4,48,0,292
4820.0,29,12,3,4,48,0,292
4821.0,29,12,3,4,48,0,292
4822.0,29,12,3,4,48,0,292
4823.0,29,12,3,4,48,0,292
4824.0,29,12,3,4,48,0,292
4825.0,29,12,3,4,48,0,292
4826.0,29,12,3,4,48,0,292
4827.0,29,12,3,4,48,0,292
4828.0,29,12,3,4,48,0,292
4829.0,29,12,3,4,48,0,292
4830.0,29,12,3,4,48,0,292
4831.0,29,12,3,4,48,0,292
4832.0,29,12,3,4,48,0,292
4833.0,29,12,3,4,48,0,292
4834.0,29,12,3,4,48,0,292
4835.0,29,12,3,4,48,0,292
4836.0,29,12,3,4,48,0,292
4837.0,29,12,3,4,48,0,292
4838.0,29,12,3,4,48,0,292
4839.0,29,12,3,4,48,0,292
4840.0,29,12,3,4,48,0,292
4841.0,29,12,3,4,48,0,292
4842.0,29,12,3,4,48,0,292
4843.0,29,12,3,4,48,0,292
4844.0,29,12,3,4,48,0,292
4845.0,29,12,3,4,48,0,292
4846.0,29,12,3,4,48,0,292
4847.0,29,12,3,4,48,0,292
4848.0,29,12,3,4,48,0,292
4849.0,29,12,3,4,48,0,292
4850.0,29,12,3,4,48,0,292
4851.0,29,12,3,4,48,0,292
4852.0,29,12,3,4,48,0,292
4853.0,29,12,3,4,48,0,292
4854.0,29,12,3,4,48,0,292
4855.0,29,12,3,4,48,0,292
4856.0,29,12,3,4,48,0,292
4857.0,29,12,3,4,48,0,292
4858.0,29,12,3,4,48,0,292
4859.0,29,12,3,4,48,0,292
4860.0,29,12,3,4,48,0,292
4861.0,29,12,3,4,48,0,292
4862.0,29,12,3,4,48,0,292
4863.0,29,12,3,4,48,0,292
4864.0,29,12,3,4,48,0,292
4865.0,29,12,3,4,48,0,292
4866.0,29,12,3,4,48,0,292
4867.0,29,12,3,4,48,0,292
4868.0,29,12,3,4,48,0,292
4869.0,29,12,3,4,48,0,292
4870.0,29,12,3,4,48,0,292
4871.0,29,12,3,4,48,0,292
4872.0,29,12,3,4,48,0,292
4873.0,29,12,3,4,48,0,292
4874.0,29,12,3,4,48,0,292
4875.0,29,12,3,4,48,0,292
4876.0,29,12,3,4,48,0,292
4877.0,29,12,3,4,48,0,292
4878.0,29,12,3,4,48,0,292
4879.0,29,12,3,4,48,0,292
4880.0,29,12,3,4,48,0,292
4881.0,29,12,3,4,48,0,292
4882.0,29,12,3,4,48,0,292
4883.0,29,12,3,4,48,0,292
4884.0,29,12,3,4,48,0,292
4885.0,29,12,3,4,48,0,292
4886.0,29,12,3,4,48,0,292
4887.0,29,12,3,4,48,0,292
4888.0,29,12,3,4,48,0,292
4889.0,29,12,3,4,48,0,292
4890.0,29,12,3,4,48,0,292
4891.0,29,12,3,4,48,0,292
4892.0,29,12,3,4,48,0,292
4893.0,29,12,3,4,48,0,292
4894.0,29,12,3,4,48,0,292
4895.0,29,12,3,4,48,0,292
4896.0,29,12,3,4,48,0,292
4897.0,29,12,3,4,48,0,292
4898.0,29,12,3,4,48,0,292
4899.0,29,12,3,4,48,0,292
4900.0,29,12,3,4,48,0,292
4901.0,29,12,3,4,48,0,292
4902.0,29,12,3,4,48,0,292
4903.0,29,12,3,4,48,0,292
4904.0,29,12,3,4,48,0,292
4905.0,29,12,3,4,48,0,292
4906.0,29,12,3,4,48,0,292
4907.0,29,12,3,4,48,0,292
4908.0,29,12,3,4,48,0,292
4909.0,29,12,3,4,48,0,292
4910.0,29,12,3,4,48,0,292
4911.0,29,12,3,4,48,0,292
4912.0,29,12,3,4,48,0,292
4913.0,29,12,3,4,48,0,292
4914.0,29,12,3,4,48,0,292
4915.0,29,12,3,4,48,0,292
4916.0,29,12,3,4,48,0,292
4917.0,29,12,3,4,48,0,292
4918.0,29,12,3,4,48,0,292
4919.0,29,12,3,4,48,0,292
4920.0,29,12,3,4,48,0,292
4921.0,29,12,3,4,48,0,292
4922.0,29,12,3,4,48,0,292
4923.0,29,12,3,4,48,0,292
4924.0,29,12,3,4,48,0,292
4925.0,29,12,3,4,48,0,292
4926.0,29,12,3,4,48,0,292
4927.0,29,12,3,4,48,0,292
4928.0,29,12,3,4,48,0,292
4929.0,29,12,3,4,48,0,292
4930.0,29,12,3,4,48,0,292
4931.0,29,12,3,4,48,0,292
4932.0,29,12,3,4,48,0,292
4933.0,29,12,3,4,48,0,292
4934.0,29,12,3,4,48,0,292
4935.0,29,12,3,4,48,0,292
4936.0,29,12,3,4,48,0,292
4937.0,29,12,3,4,48,0,292
4938.0,29,12,3,4,48,0,292
4939.0,29,12,3,4,48,0,292
4940.0,29,12,3,4,48,0,292
4941.0,29,12,3,4,48,0,292
4942.0,29,12,3,4,48,0,292
4943.0,29,12,3,4,48,0,292
4944.0,29,12,3,4,48,0,292
4945.0,29,12,3,4,48,0,292
4946.0,29,12,3,4,48,0,292
4947.0,29,12,3,4,48,0,292
4948.0,29,12,3,4,48,0,292
4949.0,29,12,3,4,48,0,292
4950.0,29,12,3,4,48,0,292
4951.0,29,12,3,4,48,0,292
4952.0,29,12,3,4,48,0,292
4953.0,29,12,3,4,48,0,292
4954.0,29,12,3,4,48,0,292
4955.0,29,12,3,4,48,0,292
4956.0,29,12,3,4,48,0,292
4957.0,29,12,3,4,48,0,292
4958.0,29,12,3,4,48,0,292
4959.0,29,12,3,4,48,0,292
4960.0,29,12,3,4,48,0,292
4961.0,29,12,3,4,48,0,292
4962.0,29,12,3,4,48,0,292
4963.0,29,12,3,4,48,0,292
4964.0,29,12,3,4,48,0,292
4965.0,29,12,3,4,48,0,292
4966.0,29,12,3,4,48,0,292
4967.0,29,12,3,4,48,0,292
4968.0,29,12,3,4,48,0,292
4969.0,29,12,3,4,48,0,292
4970.0,29,12,3,4,48,0,292
4971.0,29,12,3,4,48,0,292
4972.0,29,12,3,4,48,0,292
4973.0,29,12,3,4,48,0,292
4974.0,29,12,3,4,48,0,292
4975.0,29,12,3,4,48,0,292
4976.0,29,12,3,4,48,0,292
4977.0,29,12,3,4,48,0,292
4978.0,29,12,3,4,48,0,292
4979.0,29,12,3,4,48,0,292
4980.0,29,12,3,4,48,0,292
4981.0,29,12,3,4,48,0,292
4982.0,29,12,3,4,48,0,292
4983.0,29,12,3,4,48,0,292
4984.0,29,12,3,4,48,0,292
4985.0,29,12,3,4,48,0,292
4986.0,29,12,3,4,48,0,292
4987.0,29,12,3,4,48,0,292
4988.0,29,12,3,4,48,0,292
4989.0,29,12,3,4,48,0,292
4990.0,29,12,3,4,48,0,292
4991.0,29,12,3,4,48,0,292
4992.0,29,12,3,4,48,0,292
4993.0,29,12,3,4,48,0,292
4994.0,29,12,3,4,48,0,292
4995.0,29,12,3,4,48,0,292
4996.0,29,12,3,4,48,0,292
4997.0,29,12,3,4,48,0,292
4998.0,29,12,3,4,48,0,292
4999.0,29,12,3,4,48,0,292
5000.0,29,12,3,4,48,0,292
5001.0,29,12,3,4,48,0,292
5002.0,29,12,3,4,48,0,292
5003.0,29,12,3,4,48,0,292
5004.0,29,12,3,4,48,0,292
5005.0,29,12,3,4,48,0,292
5006.0,29,12,3,4,48,0,292
5007.0,29,12,3,4,48,0,292
5008.0,29,12,3,4,48,0,292
5009.0,29,12,3,4,48,0,292
5010.0,29,12,3,4,48,0,292
5011.0,29,12,3,4,48,0,292
5012.0,29,12,3,4,48,0,292
5013.0,29,12,3,4,48,0,292
5014.0,29,12,3,4,48,0,292
5015.0,29,12,3,4,48,0,292
5016.0,29,12,3,4,48,0,292
5017.0,29,12,3,4,48,0,292
5018.0,29,12,3,4,48,0,292
5019.0,29,12,3,4,48,0,292
5020.0,29,12,3,4,48,0,292
5021.0,29,12,3,4,48,0,292
5022.0,29,12,3,4,48,0,292
5023.0,29,12,3,4,48,0,292
5024.0,29,12,3,4,48,0,292
5025.0,29,12,3,4,48,0,292
5026.0,29,12,3,4,48,0,292
5027.0,29,12,3,4,48,0,292
5028.0,29,12,3,4,48,0,292
5029.0,29,12,3,4,48,0,292
5030.0,29,12,3,4,48,0,292
5031.0,29,12,3,4,48,0,292
5032.0,29,12,3,4,48,0,292
5033.0,29,12,3,4,48,0,292
5034.0,29,12,3,4,48,0,292
5035.0,29,12,3,4,48,0,292
5036.0,29,12,3,4,48,0,292
5037.0,29,12,3,4,48,0,292
5038.0,29,12,3,4,48,0,292
5039.0,29,12,3,4,48,0,292
5040.0,29,12,3,4,48,0,292
5041.0,29,12,3,4,48,0,292
5042.0,29,12,3,4,48,0,292
5043.0,29,12,3,4,48,0,292
5044.0,29,12,3,4,48,0,292
5045.0,29,12,3,4,48,0,292
5046.0,29,12,3,4,48,0,292
5047.0,29,12,3,4,48,0,292
5048.0,29,12,3,4,48,0,292
5049.0,29,12,3,4,48,0,292
5050.0,29,12,3,4,48,0,292
5051.0,29,12,3,4,48,0,292
5052.0,29,12,3,4,48,0,292
5053.0,29,12,3,4,48,0,292
5054.0,29,12,3,4,48,0,292
5055.0,29,12,3,4,48,0,292
5056.0,29,12,3,4,48,0,292
5057.0,29,12,3,4,48,0,292
5058.0,29,12,3,4,48,0,292
5059.0,29,12,3,4,48,0,292
5060.0,29,12,3,4,48,0,292
5061.0,29,12,3,4,48,0,292
5062.0,29,12,3,4,48,0,292
5063.0,29,12,3,4,48,0,292
5064.0,29,12,3,4,48,0,292
5065.0,29,12,3,4,48,0,292
5066.0,29,12,3,4,48,0,292
5067.0,29,12,3,4,48,0,292
5068.0,29,12,3,4,48,0,292
5069.0,29,12,3,4,48,0,292
5070.0,29,12,3,4,48,0,292
5071.0,29,12,3,4,48,0,292
5072.0,29,12,3,4,48,0,292
5073.0,29,12,3,4,48,0,292
5074.0,29,12,3,4,48,0,292
5075.0,29,12,3,4,48,0,292
5076.0,29,12,3,4,48,0,292
5077.0,29,12,3,4,48,0,292
5078.0,29,12,3,4,48,0,292
5079.0,29,12,3,4,48,0,292
5080.0,29,12,3,4,48,0,292
5081.0,29,12,3,4,48,0,292
5082.0,29,12,3,4,48,0,292
5083.0,29,12,3,4,48,0,292
5084.0,29,12,3,4,48,0,292
5085.0,29,12,3,4,48,0,292
5086.0,29,12,3,4,48,0,292
5087.0,29,12,3,4,48,0,292
5088.0,29,12,3,4,48,0,292
5089.0,29,12,3,4,48,0,292
5090.0,29,12,3,4,48,0,292
5091.0,29,12,3,4,48,0,292
5092.0,29,12,3,4,48,0,292
5093.0,29,12,3,4,48,0,292
5094.0,29,12,3,4,48,0,292
5095.0,29,12,3,4,48,0,292
5096.0,29,12,3,4,48,0,292
5097.0,29,12,3,4,48,0,292
5098.0,29,12,3,4,48,0,292
5099.0,29,12,3,4,48,0,292
5100.0,29,12,3,4,48,0,292
5101.0,29,12,3,4,48,0,292
5102.0,29,12,3,4,48,0,292
5103.0,29,12,3,4,48,0,292
5104.0,29,12,3,4,48,0,292
5105.0,29,12,3,4,48,0,292
5106.0,29,12,3,4,48,0,292
5107.0,29,12,3,4,48,0,292
5108.0,29,12,3,4,48,0,292
5109.0,29,12,3,4,48,0,292
5110.0,29,12,3,4,48,0,292
5111.0,29,12,3,4,48,0,292
5112.0,29,12,3,4,48,0,292
5113.0,29,12,3,4,48,0,292
5114.0,29,12,3,4,48,0,292
5115.0,29,12,3,4,48,0,292
5116.0,29,12,3,4,48,0,292
5117.0,29,12,3,4,48,0,292
5118.0,29,12,3,4,48,0,292
5119.0,29,12,3,4,48,0,292
5120.0,29,12,3,4,48,0,292
5121.0,29,12,3,4,48,0,292
5122.0,29,12,3,4,48,0,292
5123.0,29,12,3,4,48,0,292
5124.0,29,12,3,4,48,0,292
5125.0,29,12,3,4,48,0,292
5126.0,29,12,3,4,48,0,292
5127.0,29,12,3,4,48,0,292
5128.0,29,12,3,4,48,0,292
5129.0,29,12,3,4,48,0,292
5130.0,29,12,3,4,48,0,292
5131.0,29,12,3,4,48,0,292
5132.0,29,12,3,4,48,0,292
5133.0,29,12,3,4,48,0,292
5134.0,29,12,3,4,48,0,292
5135.0,29,12,3,4,48,0,292
5136.0,29,12,3,4,48,0,292
5137.0,29,12,3,4,48,0,292
5138.0,29,12,3,4,48,0,292
5139.0,29,12,3,4,48,0,292
5140.0,29,12,3,4,48,0,292
5141.0,29,12,3,4,48,0,292
5142.0,29,12,3,4,48,0,292
5143.0,29,12,3,4,48,0,292
5144.0,29,12,3,4,48,0,292
5145.0,29,12,3,4,48,0,292
5146.0,29,12,3,4,48,0,292
5147.0,29,12,3,4,48,0,292
5148.0,29,12,3,4,48,0,292
5149.0,29,12,3,4,48,0,292
5150.0,29,12,3,4,48,0,292
5151.0,29,12,3,4,48,0,292
5152.0,29,12,3,4,48,0,292
5153.0,29,12,3,4,48,0,292
5154.0,29,12,3,4,48,0,292
5155.0,29,12,3,4,48,0,292
5156.0,29,12,3,4,48,0,292
5157.0,29,12,3,4,48,0,292
5158.0,29,12,3,4,48,0,292
5159.0,29,12,3,4,48,0,292
5160.0,29,12,3,4,48,0,292
5161.0,29,12,3,4,48,0,292
5162.0,29,12,3,4,48,0,292
5163.0,29,12,3,4,48,0,292
5164.0,29,12,3,4,48,0,292
5165.0,29,12,3,4,48,0,292
5166.0,29,12,3,4,48,0,292
5167.0,29,12,3,4,48,0,292
5168.0,29,12,3,4,48,0,292
5169.0,29,12,3,4,48,0,292
5170.0,29,12,3,4,48,0,292
5171.0,29,12,3,4,48,0,292
5172.0,29,12,3,4,48,0,292
5173.0,29,12,3,4,48,0,292
5174.0,29,12,3,4,48,0,292
5175.0,29,12,3,4,48,0,292
5176.0,29,12,3,4,48,0,292
5177.0,29,12,3,4,48,0,292
5178.0,29,12,3,4,48,0,292
5179.0,29,12,3,4,48,0,292
5180.0,29,12,3,4,48,0,292
5181.0,29,12,3,4,48,0,292
5182.0,29,12,3,4,48,0,292
5183.0,29,12,3,4,48,0,292
5184.0,29,12,3,4,48,0,292
5185.0,29,12,3,4,48,0,292
5186.0,29,12,3,4,48,0,292
5187.0,29,12,3,4,48,0,292
5188.0,29,12,3,4,48,0,292
5189.0,29,12,3,4,48,0,292
5190.0,29,12,3,4,48,0,292
5191.0,29,12,3,4,48,0,292
5192.0,29,12,3,4,48,0,292
5193.0,29,12,3,4,48,0,292
5194.0,29,12,3,4,48,0,292
5195.0,29,12,3,4,48,0,292
5196.0,29,12,3,4,48,0,292
5197.0,29,12,3,4,48,0,292
5198.0,29,12,3,4,48,0,292
5199.0,29,12,3,4,48,0,292
5200.0,29,12,3,4,48,0,292
5201.0,29,12,3,4,48,0,292
5202.0,29,12,3,4,48,0,292
5203.0,29,12,3,4,48,0,292
5204.0,29,12,3,4,48,0,292
5205.0,29,12,3,4,48,0,292
5206.0,29,12,3,4,48,0,292
5207.0,29,12,3,4,48,0,292
5208.0,29,12,3,4,48,0,292
5209.0,29,12,3,4,48,0,292
5210.0,29,12,3,4,48,0,292
5211.0,29,12,3,4,48,0,292
5212.0,29,12,3,4,48,0,292
5213.0,29,12,3,4,48,0,292
5214.0,29,12,3,4,48,0,292
5215.0,29,12,3,4,48,0,292
5216.0,29,12,3,4,48,0,292
5217.0,29,12,3,4,48,0,292
5218.0,29,12,3,4,48,0,292
5219.0,29,12,3,4,48,0,292
5220.0,29,12,3,4,48,0,292
5221.0,29,12,3,4,48,0,292
5222.0,29,12,3,4,48,0,292
5223.0,29,12,3,4,48,0,292
5224.0,29,12,3,4,48,0,292
5225.0,29,12,3,4,48,0,292
5226.0,29,12,3,4,48,0,292
5227.0,29,12,3,4,48,0,292
5228.0,29,12,3,4,48,0,292
5229.0,29,12,3,4,48,0,292
5230.0,29,12,3,4,48,0,292
5231.0,29,12,3,4,48,0,292
5232.0,29,12,3,4,48,0,292
5233.0,29,12,3,4,48,0,292
5234.0,29,12,3,4,48,0,292
5235.0,29,12,3,4,48,0,292
5236.0,29,12,3,4,48,0,292
5237.0,29,12,3,4,48,0,292
5238.0,29,12,3,4,48,0,292
5239.0,29,12,3,4,48,0,292
5240.0,29,12,3,4,48,0,292
5241.0,29,12,3,4,48,0,292
5242.0,29,12,3,4,48,0,292
5243.0,29,12,3,4,48,0,292
5244.0,29,12,3,4,48,0,292
5245.0,29,12,3,4,48,0,292
5246.0,29,12,3,4,48,0,292
5247.0,29,12,3,4,48,0,292
5248.0,29,12,3,4,48,0,292
5249.0,29,12,3,4,48,0,292
5250.0,29,12,3,4,48,0,292
5251.0,29,12,3,4,48,0,292
5252.0,29,12,3,4,48,0,292
5253.0,29,12,3,4,48,0,292
5254.0,29,12,3,4,48,0,292
5255.0,29,12,3,4,48,0,292
5256.0,29,12,3,4,48,0,292
5257.0,29,12,3,4,48,0,292
5258.0,29,12,3,4,48,0,292
5259.0,29,12,3,4,48,0,292
5260.0,29,12,3,4,48,0,292
5261.0,29,12,3,4,48,0,292
5262.0,29,12,3,4,48,0,292
5263.0,29,12,3,4,48,0,292
5264.0,29,12,3,4,48,0,292
5265.0,29,12,3,4,48,0,292
5266.0,29,12,3,4,48,0,292
5267.0,29,12,3,4,48,0,292
5268.0,29,12,3,4,48,0,292
5269.0,29,12,3,4,48,0,292
5270.0,29,12,3,4,48,0,292
5271.0,29,12,3,4,48,0,292
5272.0,29,12,3,4,48,0,292
5273.0,29,12,3,4,48,0,292
5274.0,29,12,3,4,48,0,292
5275.0,29,12,3,4,48,0,292
5276.0,29,12,3,4,48,0,292
5277.0,29,12,3,4,48,0,292
5278.0,29,12,3,4,48,0,292
5279.0,29,12,3,4,48,0,292
5280.0,29,12,3,4,48,0,292
5281.0,29,12,3,4,48,0,292
5282.0,29,12,3,4,48,0,292
5283.0,29,12,3,4,48,0,292
5284.0,29,12,3,4,48,0,292
5285.0,29,12,3,4,48,0,292
5286.0,29,12,3,4,48,0,292
5287.0,29,12,3,4,48,0,292
5288.0,29,12,3,4,48,0,292
5289.0,29,12,3,4,48,0,292
5290.0,29,12,3,4,48,0,292
5291.0,29,12,3,4,48,0,292
5292.0,29,12,3,4,48,0,292
5293.0,29,12,3,4,48,0,292
5294.0,29,12,3,4,48,0,292
5295.0,29,12,3,4,48,0,292
5296.0,29,12,3,4,48,0,292
5297.0,29,12,3,4,48,0,292
5298.0,29,12,3,4,48,0,292
5299.0,29,12,3,4,48,0,292
5300.0,29,12,3,4,48,0,292
5301.0,29,12,3,4,48,0,292
5302.0,29,12,3,4,48,0,292
5303.0,29,12,3,4,48,0,292
5304.0,29,12,3,4,48,0,292
5305.0,29,12,3,4,48,0,292
5306.0,29,12,3,4,48,0,292
5307.0,29,12,3,4,48,0,292
5308.0,29,12,3,4,48,0,292
5309.0,29,12,3,4,48,0,292
5310.0,29,12,3,4,48,0,292
5311.0,29,12,3,4,48,0,292
5312.0,29,12,3,4,48,0,292
5313.0,29,12,3,4,48,0,292
5314.0,29,12,3,4,48,0,292
5315.0,29,12,3,4,48,0,292
5316.0,29,12,3,4,48,0,292
5317.0,29,12,3,4,48,0,292
5318.0,29,12,3,4,48,0,292
5319.0,29,12,3,4,48,0,292
5320.0,29,12,3,4,48,0,292
5321.0,29,12,3,4,48,0,292
5322.0,29,12,3,4,48,0,292
5323.0,29,12,3,4,48,0,292
5324.0,29,12,3,4,48,0,292
5325.0,29,12,3,4,48,0,292
5326.0,29,12,3,4,48,0,292
5327.0,29,12,3,4,48,0,292
5328.0,29,12,3,4,48,0,292
5329.0,29,12,3,4,48,0,292
5330.0,29,12,3,4,48,0,292
5331.0,29,12,3,4,48,0,292
5332.0,29,12,3,4,48,0,292
5333.0,29,12,3,4,48,0,292
5334.0,29,12,3,4,48,0,292
5335.0,29,12,3,4,48,0,292
5336.0,29,12,3,4,48,0,292
5337.0,29,12,3,4,48,0,292
5338.0,29,12,3,4,48,0,292
5339.0,29,12,3,4,48,0,292
5340.0,29,12,3,4,48,0,292
5341.0,29,12,3,4,48,0,292
5342.0,29,12,3,4,48,0,292
5343.0,29,12,3,4,48,0,292
5344.0,29,12,3,4,48,0,292
5345.0,29,12,3,4,48,0,292
5346.0,29,12,3,4,48,0,292
5347.0,29,12,3,4,48,0,292
5348.0,29,12,3,4,48,0,292
5349.0,29,12,3,4,48,0,292
5350.0,29,12,3,4,48,0,292
5351.0,29,12,3,4,48,0,292
5352.0,29,12,3,4,48,0,292
5353.0,29,12,3,4,48,0,292
5354.0,29,12,3,4,48,0,292
5355.0,29,12,3,4,48,0,292
5356.0,29,12,3,4,48,0,292
5357.0,29,12,3,4,48,0,292
5358.0,29,12,3,4,48,0,292
5359.0,29,12,3,4,48,0,292
5360.0,29,12,3,4,48,0,292
5361.0,29,12,3,4,48,0,292
5362.0,29,12,3,4,48,0,292
5363.0,29,12,3,4,48,0,292
5364.0,29,12,3,4,48,0,292
5365.0,29,12,3,4,48,0,292
5366.0,29,12,3,4,48,0,292
5367.0,29,12,3,4,48,0,292
5368.0,29,12,3,4,48,0,292
5369.0,29,12,3,4,48,0,292
5370.0,29,12,3,4,48,0,292
5371.0,29,12,3,4,48,0,292
5372.0,29,12,3,4,48,0,292
5373.0,29,12,3,4,48,0,292
5374.0,29,12,3,4,48,0,292
5375.0,29,12,3,4,48,0,292
5376.0,29,12,3,4,48,0,292
5377.0,29,12,3,4,48,0,292
5378.0,29,12,3,4,48,0,292
5379.0,29,12,3,4,48,0,292
5380.0,29,12,3,4,48,0,292
5381.0,29,12,3,4,48,0,292
5382.0,29,12,3,4,48,0,292
5383.0,29,12,3,4,48,0,292
5384.0,29,12,3,4,48,0,292
5385.0,29,12,3,4,48,0,292
5386.0,29,12,3,4,48,0,292
5387.0,29,12,3,4,48,0,292
5388.0,29,12,3,4,48,0,292
5389.0,29,12,3,4,48,0,292
5390.0,29,12,3,4,48,0,292
5391.0,29,12,3,4,48,0,292
5392.0,29,12,3,4,48,0,292
5393.0,29,12,3,4,48,0,292
5394.0,29,12,3,4,48,0,292
5395.0,29,12,3,4,48,0,292
5396.0,29,12,3,4,48,0,292
5397.0,29,12,3,4,48,0,292
5398.0,29,12,3,4,48,0,292
5399.0,29,12,3,4,48,0,292
5400.0,29,12,3,4,48,0,292
5401.0,29,12,3,4,48,0,292
5402.0,29,12,3,4,48,0,292
5403.0,29,12,3,4,48,0,292
5404.0,29,12,3,4,48,0,292
5405.0,29,12,3,4,48,0,292
5406.0,29,12,3,4,48,0,292
5407.0,29,12,3,4,48,0,292
5408.0,29,12,3,4,48,0,292
5409.0,29,12,3,4,48,0,292
5410.0,29,12,3,4,48,0,292
5411.0,29,12,3,4,48,0,292
5412.0,29,12,3,4,48,0,292
5413.0,29,12,3,4,48,0,292
5414.0,29,12,3,4,48,0,292
5415.0,29,12,3,4,48,0,292
5416.0,29,12,3,4,48,0,292
5417.0,29,12,3,4,48,0,292
5418.0,29,12,3,4,48,0,292
5419.0,29,12,3,4,48,0,292
5420.0,29,12,3,4,48,0,292
5421.0,29,12,3,4,48,0,292
5422.0,29,12,3,4,48,0,292
5423.0,29,12,3,4,48,0,292
5424.0,29,12,3,4,48,0,292
5425.0,29,12,3,4,48,0,292
5426.0,29,12,3,4,48,0,292
5427.0,29,12,3,4,48,0,292
5428.0,29,12,3,4,48,0,292
5429.0,29,12,3,4,48,0,292
5430.0,29,12,3,4,48,0,292
5431.0,29,12,3,4,48,0,292
5432.0,29,12,3,4,48,0,292
5433.0,29,12,3,4,48,0,292
5434.0,29,12,3,4,48,0,292
5435.0,29,12,3,4,48,0,292
5436.0,29,12,3,4,48,0,292
5437.0,29,12,3,4,48,0,292
5438.0,29,12,3,4,48,0,292
5439.0,29,12,3,4,48,0,292
5440.0,29,12,3,4,48,0,292
5441.0,29,12,3,4,48,0,292
5442.0,29,12,3,4,48,0,292
5443.0,29,12,3,4,48,0,292
5444.0,29,12,3,4,48,0,292
5445.0,29,12,3,4,48,0,292
5446.0,29,12,3,4,48,0,292
5447.0,29,12,3,4,48,0,292
5448.0,29,12,3,4,48,0,292
5449.0,29,12,3,4,48,0,292
5450.0,29,12,3,4,48,0,292
5451.0,29,12,3,4,48,0,292
5452.0,29,12,3,4,48,0,292
5453.0,29,12,3,4,48,0,292
5454.0,29,12,3,4,48,0,292
5455.0,29,12,3,4,48,0,292
5456.0,29,12,3,4,48,0,292
5457.0,29,12,3,4,48,0,292
5458.0,29,12,3,4,48,0,292
5459.0,29,12,3,4,48,0,292
5460.0,29,12,3,4,48,0,292
5461.0,29,12,3,4,48,0,292
5462.0,29,12,3,4,48,0,292
5463.0,29,12,3,4,48,0,292
5464.0,29,12,3,4,48,0,292
5465.0,29,12,3,4,48,0,292
5466.0,29,12,3,4,48,0,292
5467.0,29,12,3,4,48,0,292
5468.0,29,12,3,4,48,0,292
5469.0,29,12,3,4,48,0,292
5470.0,29,12,3,4,48,0,292
5471.0,29,12,3,4,48,0,292
5472.0,29,12,3,4,48,0,292
5473.0,29,12,3,4,48,0,292
5474.0,29,12,3,4,48,0,292
5475.0,29,12,3,4,48,0,292
5476.0,29,12,3,4,48,0,292
5477.0,29,12,3,4,48,0,292
5478.0,29,12,3,4,48,0,292
5479.0,29,12,3,4,48,0,292
5480.0,29,12,3,4,48,0,292
5481.0,29,12,3,4,48,0,292
5482.0,29,12,3,4,48,0,292
5483.0,29,12,3,4,48,0,292
5484.0,29,12,3,4,48,0,292
5485.0,29,12,3,4,48,0,292
5486.0,29,12,3,4,48,0,292
5487.0,29,12,3,4,48,0,292
5488.0,29,12,3,4,48,0,292
5489.0,29,12,3,4,48,0,292
5490.0,29,12,3,4,48,0,292
5491.0,29,12,3,4,48,0,292
5492.0,29,12,3,4,48,0,292
5493.0,29,12,3,4,48,0,292
5494.0,29,12,3,4,48,0,292
5495.0,29,12,3,4,48,0,292
5496.0,29,12,3,4,48,0,292
5497.0,29,12,3,4,48,0,292
5498.0,29,12,3,4,48,0,292
5499.0,29,12,3,4,48,0,292
5500.0,29,12,3,4,48,0,292
5501.0,29,12,3,4,48,0,292
5502.0,29,12,3,4,48,0,292
5503.0,29,12,3,4,48,0,292
5504.0,29,12,3,4,48,0,292
5505.0,29,12,3,4,48,0,292
5506.0,29,12,3,4,48,0,292
5507.0,29,12,3,4,48,0,292
5508.0,29,12,3,4,48,0,292
5509.0,29,12,3,4,48,0,292
5510.0,29,12,3,4,48,0,292
5511.0,29,12,3,4,48,0,292
5512.0,29,12,3,4,48,0,292
5513.0,29,12,3,4,48,0,292
5514.0,29,12,3,4,48,0,292
5515.0,29,12,3,4,48,0,292
5516.0,29,12,3,4,48,0,292
5517.0,29,12,3,4,48,0,292
5518.0,29,12,3,4,48,0,292
5519.0,29,12,3,4,48,0,292
5520.0,29,12,3,4,48,0,292
5521.0,29,12,3,4,48,0,292
5522.0,29,12,3,4,48,0,292
5523.0,29,12,3,4,48,0,292
5524.0,29,12,3,4,48,0,292
5525.0,29,12,3,4,48,0,292
5526.0,29,12,3,4,48,0,292
5527.0,29,12,3,4,48,0,292
5528.0,29,12,3,4,48,0,292
5529.0,29,12,3,4,48,0,292
5530.0,29,12,3,4,48,0,292
5531.0,29,12,3,4,48,0,292
5532.0,29,12,3,4,48,0,292
5533.0,29,12,3,4,48,0,292
5534.0,29,12,3,4,48,0,292
5535.0,29,12,3,4,48,0,292
5536.0,29,12,3,4,48,0,292
5537.0,29,12,3,4,48,0,292
5538.0,29,12,3,4,48,0,292
5539.0,29,12,3,4,48,0,292
5540.0,29,12,3,4,48,0,292
5541.0,29,12,3,4,48,0,292
5542.0,29,12,3,4,48,0,292
5543.0,29,12,3,4,48,0,292
5544.0,29,12,3,4,48,0,292
5545.0,29,12,3,4,48,0,292
5546.0,29,12,3,4,48,0,292
5547.0,29,12,3,4,48,0,292
5548.0,29,12,3,4,48,0,292
5549.0,29,12,3,4,48,0,292
5550.0,29,12,3,4,48,0,292
5551.0,29,12,3,4,48,0,292
5552.0,29,12,3,4,48,0,292
5553.0,29,12,3,4,48,0,292
5554.0,29,12,3,4,48,0,292
5555.0,29,12,3,4,48,0,292
5556.0,29,12,3,4,48,0,292
5557.0,29,12,3,4,48,0,292
5558.0,29,12,3,4,48,0,292
5559.0,29,12,3,4,48,0,292
5560.0,29,12,3,4,48,0,292
5561.0,29,12,3,4,48,0,292
5562.0,29,12,3,4,48,0,292
5563.0,29,12,3,4,48,0,292
5564.0,29,12,3,4,48,0,292
5565.0,29,12,3,4,48,0,292
5566.0,29,12,3,4,48,0,292
5567.0,29,12,3,4,48,0,292
5568.0,29,12,3,4,48,0,292
5569.0,29,12,3,4,48,0,292
5570.0,29,12,3,4,48,0,292
5571.0,29,12,3,4,48,0,292
5572.0,29,12,3,4,48,0,292
5573.0,29,12,3,4,48,0,292
5574.0,29,12,3,4,48,0,292
5575.0,29,12,3,4,48,0,292
5576.0,29,12,3,4,48,0,292
5577.0,29,12,3,4,48,0,292
5578.0,29,12,3,4,48,0,292
5579.0,29,12,3,4,48,0,292
5580.0,29,12,3,4,48,0,292
5581.0,29,12,3,4,48,0,292
5582.0,29,12,3,4,48,0,292
5583.0,29,12,3,4,48,0,292
5584.0,29,12,3,4,48,0,292
5585.0,29,12,3,4,48,0,292
5586.0,29,12,3,4,48,0,292
5587.0,29,12,3,4,48,0,292
5588.0,29,12,3,4,48,0,292
5589.0,29,12,3,4,48,0,292
5590.0,29,12,3,4,48,0,292
5591.0,29,12,3,4,48,0,292
5592.0,29,12,3,4,48,0,292
5593.0,29,12,3,4,48,0,292
5594.0,29,12,3,4,48,0,292
5595.0,29,12,3,4,48,0,292
5596.0,29,12,3,4,48,0,292
5597.0,29,12,3,4,48,0,292
5598.0,29,12,3,4,48,0,292
5599.0,29,12,3,4,48,0,292
5600.0,29,12,3,4,48,0,292
5601.0,29,12,3,4,48,0,292
5602.0,29,12,3,4,48,0,292
5603.0,29,12,3,4,48,0,292
5604.0,29,12,3,4,48,0,292
5605.0,29,12,3,4,48,0,292
5606.0,29,12,3,4,48,0,292
5607.0,29,12,3,4,48,0,292
5608.0,29,12,3,4,48,0,292
5609.0,29,12,3,4,48,0,292
5610.0,29,12,3,4,48,0,292
5611.0,29,12,3,4,48,0,292
5612.0,29,12,3,4,48,0,292
5613.0,29,12,3,4,48,0,292
5614.0,29,12,3,4,48,0,292
5615.0,29,12,3,4,48,0,292
5616.0,29,12,3,4,48,0,292
5617.0,29,12,3,4,48,0,292
5618.0,29,12,3,4,48,0,292
5619.0,29,12,3,4,48,0,292
5620.0,29,12,3,4,48,0,292
5621.0,29,12,3,4,48,0,292
5622.0,29,12,3,4,48,0,292
5623.0,29,12,3,4,48,0,292
5624.0,29,12,3,4,48,0,292
5625.0,29,12,3,4,48,0,292
5626.0,29,12,3,4,48,0,292
5627.0,29,12,3,4,48,0,292
5628.0,29,12,3,4,48,0,292
5629.0,29,12,3,4,48,0,292
5630.0,29,12,3,4,48,0,292
5631.0,29,12,3,4,48,0,292
5632.0,29,12,3,4,48,0,292
5633.0,29,12,3,4,48,0,292
5634.0,29,12,3,4,48,0,292
5635.0,29,12,3,4,48,0,292
5636.0,29,12,3,4,48,0,292
5637.0,29,12,3,4,48,0,292
5638.0,29,12,3,4,48,0,292
5639.0,29,12,3,4,48,0,292
5640.0,29,12,3,4,48,0,292
5641.0,29,12,3,4,48,0,292
5642.0,29,12,3,4,48,0,292
5643.0,29,12,3,4,48,0,292
5644.0,29,12,3,4,48,0,292
5645.0,29,12,3,4,48,0,292
5646.0,29,12,3,4,48,0,292
5647.0,29,12,3,4,48,0,292
5648.0,29,12,3,4,48,0,292
5649.0,29,12,3,4,48,0,292
5650.0,29,12,3,4,48,0,292
5651.0,29,12,3,4,48,0,292
5652.0,29,12,3,4,48,0,292
5653.0,29,12,3,4,48,0,292
5654.0,29,12,3,4,48,0,292
5655.0,29,12,3,4,48,0,292
5656.0,29,12,3,4,48,0,292
5657.0,29,12,3,4,48,0,292
5658.0,29,12,3,4,48,0,292
5659.0,29,12,3,4,48,0,292
5660.0,29,12,3,4,48,0,292
5661.0,29,12,3,4,48,0,292
5662.0,29,12,3,4,48,0,292
5663.0,29,12,3,4,48,0,292
5664.0,29,12,3,4,48,0,292
5665.0,29,12,3,4,48,0,292
5666.0,29,12,3,4,48,0,292
5667.0,29,12,3,4,48,0,292
5668.0,29,12,3,4,48,0,292
5669.0,29,12,3,4,48,0,292
5670.0,29,12,3,4,48,0,292
5671.0,29,12,3,4,48,0,292
5672.0,29,12,3,4,48,0,292
5673.0,29,12,3,4,48,0,292
5674.0,29,12,3,4,48,0,292
5675.0,29,12,3,4,48,0,292
5676.0,29,12,3,4,48,0,292
5677.0,29,12,3,4,48,0,292
5678.0,29,12,3,4,48,0,292
5679.0,29,12,3,4,48,0,292
5680.0,29,12,3,4,48,0,292
5681.0,29,12,3,4,48,0,292
5682.0,29,12,3,4,48,0,292
5683.0,29,12,3,4,48,0,292
5684.0,29,12,3,4,48,0,292
5685.0,29,12,3,4,48,0,292
5686.0,29,12,3,4,48,0,292
5687.0,29,12,3,4,48,0,292
5688.0,29,12,3,4,48,0,292
5689.0,29,12,3,4,48,0,292
5690.0,29,12,3,4,48,0,292
5691.0,29,12,3,4,48,0,292
5692.0,29,12,3,4,48,0,292
5693.0,29,12,3,4,48,0,292
5694.0,29,12,3,4,48,0,292
5695.0,29,12,3,4,48,0,292
5696.0,29,12,3,4,48,0,292
5697.0,29,12,3,4,48,0,292
5698.0,29,12,3,4,48,0,292
5699.0,29,12,3,4,48,0,292
5700.0,29,12,3,4,48,0,292
5701.0,29,12,3,4,48,0,292
5702.0,29,12,3,4,48,0,292
5703.0,29,12,3,4,48,0,292
5704.0,29,12,3,4,48,0,292
5705.0,29,12,3,4,48,0,292
5706.0,29,12,3,4,48,0,292
5707.0,29,12,3,4,48,0,292
5708.0,29,12,3,4,48,0,292
5709.0,29,12,3,4,48,0,292
5710.0,29,12,3,4,48,0,292
5711.0,29,12,3,4,48,0,292
5712.0,29,12,3,4,48,0,292
5713.0,29,12,3,4,48,0,292
5714.0,29,12,3,4,48,0,292
5715.0,29,12,3,4,48,0,292
5716.0,29,12,3,4,48,0,292
5717.0,29,12,3,4,48,0,292
5718.0,29,12,3,4,48,0,292
5719.0,29,12,3,4,48,0,292
5720.0,29,12,3,4,48,0,292
5721.0,29,12,3,4,48,0,292
5722.0,29,12,3,4,48,0,292
5723.0,29,12,3,4,48,0,292
5724.0,29,12,3,4,48,0,292
5725.0,29,12,3,4,48,0,292
5726.0,29,12,3,4,48,0,292
5727.0,29,12,3,4,48,0,292
5728.0,29,12,3,4,48,0,292
5729.0,29,12,3,4,48,0,292
5730.0,29,12,3,4,48,0,292
5731.0,29,12,3,4,48,0,292
5732.0,29,12,3,4,48,0,292
5733.0,29,12,3,4,48,0,292
5734.0,29,12,3,4,48,0,292
5735.0,29,12,3,4,48,0,292
5736.0,29,12,3,4,48,0,292
5737.0,29,12,3,4,48,0,292
5738.0,29,12,3,4,48,0,292
5739.0,29,12,3,4,48,0,292
5740.0,29,12,3,4,48,0,292
5741.0,29,12,3,4,48,0,292
5742.0,29,12,3,4,48,0,292
5743.0,29,12,3,4,48,0,292
5744.0,29,12,3,4,48,0,292
5745.0,29,12,3,4,48,0,292
5746.0,29,12,3,4,48,0,292
5747.0,29,12,3,4,48,0,292
5748.0,29,12,3,4,48,0,292
5749.0,29,12,3,4,48,0,292
5750.0,29,12,3,4,48,0,292
5751.0,29,12,3,4,48,0,292
5752.0,29,12,3,4,48,0,292
5753.0,29,12,3,4,48,0,292
5754.0,29,12,3,4,48,0,292
5755.0,29,12,3,4,48,0,292
5756.0,29,12,3,4,48,0,292
5757.0,29,12,3,4,48,0,292
5758.0,29,12,3,4,48,0,292
5759.0,29,12,3,4,48,0,292
5760.0,29,12,3,4,48,0,292
5761.0,29,12,3,4,48,0,292
5762.0,29,12,3,4,48,0,292
5763.0,29,12,3,4,48,0,292
5764.0,29,12,3,4,48,0,292
5765.0,29,12,3,4,48,0,292
5766.0,29,12,3,4,48,0,292
5767.0,29,12,3,4,48,0,292
5768.0,29,12,3,4,48,0,292
5769.0,29,12,3,4,48,0,292
5770.0,29,12,3,4,48,0,292
5771.0,29,12,3,4,48,0,292
5772.0,29,12,3,4,48,0,292
5773.0,29,12,3,4,48,0,292
5774.0,29,12,3,4,48,0,292
5775.0,29,12,3,4,48,0,292
5776.0,29,12,3,4,48,0,292
5777.0,29,12,3,4,48,0,292
5778.0,29,12,3,4,48,0,292
5779.0,29,12,3,4,48,0,292
5780.0,29,12,3,4,48,0,292
5781.0,29,12,3,4,48,0,292
5782.0,29,12,3,4,48,0,292
5783.0,29,12,3,4,48,0,292
5784.0,29,12,3,4,48,0,292
5785.0,29,12,3,4,48,0,292
5786.0,29,12,3,4,48,0,292
5787.0,29,12,3,4,48,0,292
5788.0,29,12,3,4,48,0,292
5789.0,29,12,3,4,48,0,292
5790.0,29,12,3,4,48,0,292
5791.0,29,12,3,4,48,0,292
5792.0,29,12,3,4,48,0,292
5793.0,29,12,3,4,48,0,292
5794.0,29,12,3,4,48,0,292
5795.0,29,12,3,4,48,0,292
5796.0,29,12,3,4,48,0,292
5797.0,29,12,3,4,48,0,292
5798.0,29,12,3,4,48,0,292
5799.0,29,12,3,4,48,0,292
5800.0,29,12,3,4,48,0,292
5801.0,29,12,3,4,48,0,292
5802.0,29,12,3,4,48,0,292
5803.0,29,12,3,4,48,0,292
5804.0,29,12,3,4,48,0,292
5805.0,29,12,3,4,48,0,292
5806.0,29,12,3,4,48,0,292
5807.0,29,12,3,4,48,0,292
5808.0,29,12,3,4,48,0,292
5809.0,29,12,3,4,48,0,292
5810.0,29,12,3,4,48,0,292
5811.0,29,12,3,4,48,0,292
5812.0,29,12,3,4,48,0,292
5813.0,29,12,3,4,48,0,292
5814.0,29,12,3,4,48,0,292
5815.0,29,12,3,4,48,0,292
5816.0,29,12,3,4,48,0,292
5817.0,29,12,3,4,48,0,292
5818.0,29,12,3,4,48,0,292
5819.0,29,12,3,4,48,0,292
5820.0,29,12,3,4,48,0,292
5821.0,29,12,3,4,48,0,292
5822.0,29,12,3,4,48,0,292
5823.0,29,12,3,4,48,0,292
5824.0,29,12,3,4,48,0,292
5825.0,29,12,3,4,48,0,292
5826.0,29,12,3,4,48,0,292
5827.0,29,12,3,4,48,0,292
5828.0,29,12,3,4,48,0,292
5829.0,29,12,3,4,48,0,292
5830.0,29,12,3,4,48,0,292
5831.0,29,12,3,4,48,0,292
5832.0,29,12,3,4,48,0,292
5833.0,29,12,3,4,48,0,292
5834.0,29,12,3,4,48,0,292
5835.0,29,12,3,4,48,0,292
5836.0,29,12,3,4,48,0,292
5837.0,29,12,3,4,48,0,292
5838.0,29,12,3,4,48,0,292
5839.0,29,12,3,4,48,0,292
5840.0,29,12,3,4,48,0,292
5841.0,29,12,3,4,48,0,292
5842.0,29,12,3,4,48,0,292
5843.0,29,12,3,4,48,0,292
5844.0,29,12,3,4,48,0,292
5845.0,29,12,3,4,48,0,292
5846.0,29,12,3,4,48,0,292
5847.0,29,12,3,4,48,0,292
5848.0,29,12,3,4,48,0,292
5849.0,29,12,3,4,48,0,292
5850.0,29,12,3,4,48,0,292
5851.0,29,12,3,4,48,0,292
5852.0,29,12,3,4,48,0,292
5853.0,29,12,3,4,48,0,292
5854.0,29,12,3,4,48,0,292
5855.0,29,12,3,4,48,0,292
5856.0,29,12,3,4,48,0,292
5857.0,29,12,3,4,48,0,292
5858.0,29,12,3,4,48,0,292
5859.0,29,12,3,4,48,0,292
5860.0,29,12,3,4,48,0,292
5861.0,29,12,3,4,48,0,292
5862.0,29,12,3,4,48,0,292
5863.0,29,12,3,4,48,0,292
5864.0,29,12,3,4,48,0,292
5865.0,29,12,3,4,48,0,292
5866.0,29,12,3,4,48,0,292
5867.0,29,12,3,4,48,0,292
5868.0,29,12,3,4,48,0,292
5869.0,29,12,3,4,48,0,292
5870.0,29,12,3,4,48,0,292
5871.0,29,12,3,4,48,0,292
5872.0,29,12,3,4,48,0,292
5873.0,29,12,3,4,48,0,292
5874.0,29,12,3,4,48,0,292
5875.0,29,12,3,4,48,0,292
5876.0,29,12,3,4,48,0,292
5877.0,29,12,3,4,48,0,292
5878.0,29,12,3,4,48,0,292
5879.0,29,12,3,4,48,0,292
5880.0,29,12,3,4,48,0,292
5881.0,29,12,3,4,48,0,292
5882.0,29,12,3,4,48,0,292
5883.0,29,12,3,4,48,0,292
5884.0,29,12,3,4,48,0,292
5885.0,29,12,3,4,48,0,292
5886.0,29,12,3,4,48,0,292
5887.0,29,12,3,4,48,0,292
5888.0,29,12,3,4,48,0,292
5889.0,29,12,3,4,48,0,292
5890.0,29,12,3,4,48,0,292
5891.0,29,12,3,4,48,0,292
5892.0,29,12,3,4,48,0,292
5893.0,29,12,3,4,48,0,292
5894.0,29,12,3,4,48,0,292
5895.0,29,12,3,4,48,0,292
5896.0,29,12,3,4,48,0,292
5897.0,29,12,3,4,48,0,292
5898.0,29,12,3,4,48,0,292
5899.0,29,12,3,4,48,0,292
5900.0,29,12,3,4,48,0,292
5901.0,29,12,3,4,48,0,292
5902.0,29,12,3,4,48,0,292
5903.0,29,12,3,4,48,0,292
5904.0,29,12,3,4,48,0,292
5905.0,29,12,3,4,48,0,292
5906.0,29,12,3,4,48,0,292
5907.0,29,12,3,4,48,0,292
5908.0,29,12,3,4,48,0,292
5909.0,29,12,3,4,48,0,292
5910.0,29,12,3,4,48,0,292
5911.0,29,12,3,4,48,0,292
5912.0,29,12,3,4,48,0,292
5913.0,29,12,3,4,48,0,292
5914.0,29,12,3,4,48,0,292
5915.0,29,12,3,4,48,0,292
5916.0,29,12,3,4,48,0,292
5917.0,29,12,3,4,48,0,292
5918.0,29,12,3,4,48,0,292
5919.0,29,12,3,4,48,0,292
5920.0,29,12,3,4,48,0,292
5921.0,29,12,3,4,48,0,292
5922.0,29,12,3,4,48,0,292
5923.0,29,12,3,4,48,0,292
5924.0,29,12,3,4,48,0,292
5925.0,29,12,3,4,48,0,292
5926.0,29,12,3,4,48,0,292
5927.0,29,12,3,4,48,0,292
5928.0,29,12,3,4,48,0,292
5929.0,29,12,3,4,48,0,292
5930.0,29,12,3,4,48,0,292
5931.0,29,12,3,4,48,0,292
5932.0,29,12,3,4,48,0,292
5933.0,29,12,3,4,48,0,292
5934.0,29,12,3,4,48,0,292
5935.0,29,12,3,4,48,0,292
5936.0,29,12,3,4,48,0,292
5937.0,29,12,3,4,48,0,292
5938.0,29,12,3,4,48,0,292
5939.0,29,12,3,4,48,0,292
5940.0,29,12,3,4,48,0,292
5941.0,29,12,3,4,48,0,292
5942.0,29,12,3,4,48,0,292
5943.0,29,12,3,4,48,0,292
5944.0,29,12,3,4,48,0,292
5945.0,29,12,3,4,48,0,292
5946.0,29,12,3,4,48,0,292
5947.0,29,12,3,4,48,0,292
5948.0,29,12,3,4,48,0,292
5949.0,29,12,3,4,48,0,292
5950.0,29,12,3,4,48,0,292
5951.0,29,12,3,4,48,0,292
5952.0,29,12,3,4,48,0,292
5953.0,29,12,3,4,48,0,292
5954.0,29,12,3,4,48,0,292
5955.0,29,12,3,4,48,0,292
5956.0,29,12,3,4,48,0,292
5957.0,29,12,3,4,48,0,292
5958.0,29,12,3,4,48,0,292
5959.0,29,12,3,4,48,0,292
5960.0,29,12,3,4,48,0,292
5961.0,29,12,3,4,48,0,292
5962.0,29,12,3,4,48,0,292
5963.0,29,12,3,4,48,0,292
5964.0,29,12,3,4,48,0,292
5965.0,29,12,3,4,48,0,292
5966.0,29,12,3,4,48,0,292
5967.0,29,12,3,4,48,0,292
5968.0,29,12,3,4,48,0,292
5969.0,29,12,3,4,48,0,292
5970.0,29,12,3,4,48,0,292
5971.0,29,12,3,4,48,0,292
5972.0,29,12,3,4,48,0,292
5973.0,29,12,3,4,48,0,292
5974.0,29,12,3,4,48,0,292
5975.0,29,12,3,4,48,0,292
5976.0,29,12,3,4,48,0,292
5977.0,29,12,3,4,48,0,292
5978.0,29,12,3,4,48,0,292
5979.0,29,12,3,4,48,0,292
5980.0,29,12,3,4,48,0,292
5981.0,29,12,3,4,48,0,292
5982.0,29,12,3,4,48,0,292
5983.0,29,12,3,4,48,0,292
5984.0,29,12,3,4,48,0,292
5985.0,29,12,3,4,48,0,292
5986.0,29,12,3,4,48,0,292
5987.0,29,12,3,4,48,0,292
5988.0,29,12,3,4,48,0,292
5989.0,29,12,3,4,48,0,292
5990.0,29,12,3,4,48,0,292
5991.0,29,12,3,4,48,0,292
5992.0,29,12,3,4,48,0,292
5993.0,29,12,3,4,48,0,292
5994.0,29,12,3,4,48,0,292
5995.0,29,12,3,4,48,0,292
5996.0,29,12,3,4,48,0,292
5997.0,29,12,3,4,48,0,292
5998.0,29,12,3,4,48,0,292
5999.0,29,12,3,4,48,0,292
6000.0,29,12,3,4,48,0,292
6001.0,29,12,3,4,48,0,292
6002.0,29,12,3,4,48,0,292
6003.0,29,12,3,4,48,0,292
6004.0,29,12,3,4,48,0,292
6005.0,29,12,3,4,48,0,292
6006.0,29,12,3,4,48,0,292
6007.0,29,12,3,4,48,0,292
6008.0,29,12,3,4,48,0,292
6009.0,29,12,3,4,48,0,292
6010.0,29,12,3,4,48,0,292
6011.0,29,12,3,4,48,0,292
6012.0,29,12,3,4,48,0,292
6013.0,29,12,3,4,48,0,292
6014.0,29,12,3,4,48,0,292
6015.0,29,12,3,4,48,0,292
6016.0,29,12,3,4,48,0,292
6017.0,29,12,3,4,48,0,292
6018.0,29,12,3,4,48,0,292
6019.0,29,12,3,4,48,0,292
6020.0,29,12,3,4,48,0,292
6021.0,29,12,3,4,48,0,292
6022.0,29,12,3,4,48,0,292
6023.0,29,12,3,4,48,0,292
6024.0,29,12,3,4,48,0,292
6025.0,29,12,3,4,48,0,292
6026.0,29,12,3,4,48,0,292
6027.0,29,12,3,4,48,0,292
6028.0,29,12,3,4,48,0,292
6029.0,29,12,3,4,48,0,292
6030.0,29,12,3,4,48,0,292
6031.0,29,12,3,4,48,0,292
6032.0,29,12,3,4,48,0,292
6033.0,29,12,3,4,48,0,292
6034.0,29,12,3,4,48,0,292
6035.0,29,12,3,4,48,0,292
6036.0,29,12,3,4,48,0,292
6037.0,29,12,3,4,48,0,292
6038.0,29,12,3,4,48,0,292
6039.0,29,12,3,4,48,0,292
6040.0,29,12,3,4,48,0,292
6041.0,29,12,3,4,48,0,292
6042.0,29,12,3,4,48,0,292
6043.0,29,12,3,4,48,0,292
6044.0,29,12,3,4,48,0,292
6045.0,29,12,3,4,48,0,292
6046.0,29,12,3,4,48,0,292
6047.0,29,12,3,4,48,0,292
6048.0,29,12,3,4,48,0,292
6049.0,29,12,3,4,48,0,292
6050.0,29,12,3,4,48,0,292
6051.0,29,12,3,4,48,0,292
6052.0,29,12,3,4,48,0,292
6053.0,29,12,3,4,48,0,292
6054.0,29,12,3,4,48,0,292
6055.0,29,12,3,4,48,0,292
6056.0,29,12,3,4,48,0,292
6057.0,29,12,3,4,48,0,292
6058.0,29,12,3,4,48,0,292
6059.0,29,12,3,4,48,0,292
6060.0,29,12,3,4,48,0,292
6061.0,29,12,3,4,48,0,292
6062.0,29,12,3,4,48,0,292
6063.0,29,12,3,4,48,0,292
6064.0,29,12,3,4,48,0,292
6065.0,29,12,3,4,48,0,292
6066.0,29,12,3,4,48,0,292
6067.0,29,12,3,4,48,0,292
6068.0,29,12,3,4,48,0,292
6069.0,29,12,3,4,48,0,292
6070.0,29,12,3,4,48,0,292
6071.0,29,12,3,4,48,0,292
6072.0,29,12,3,4,48,0,292
6073.0,29,12,3,4,48,0,292
6074.0,29,12,3,4,48,0,292
6075.0,29,12,3,4,48,0,292
6076.0,29,12,3,4,48,0,292
6077.0,29,12,3,4,48,0,292
6078.0,29,12,3,4,48,0,292
6079.0,29,12,3,4,48,0,292
6080.0,29,12,3,4,48,0,292
6081.0,29,12,3,4,48,0,292
6082.0,29,12,3,4,48,0,292
6083.0,29,12,3,4,48,0,292
6084.0,29,12,3,4,48,0,292
6085.0,29,12,3,4,48,0,292
6086.0,29,12,3,4,48,0,292
6087.0,29,12,3,4,48,0,292
6088.0,29,12,3,4,48,0,292
6089.0,29,12,3,4,48,0,292
6090.0,29,12,3,4,48,0,292
6091.0,29,12,3,4,48,0,292
6092.0,29,12,3,4,48,0,292
6093.0,29,12,3,4,48,0,292
6094.0,29,12,3,4,48,0,292
6095.0,29,12,3,4,48,0,292
6096.0,29,12,3,4,48,0,292
6097.0,29,12,3,4,48,0,292
6098.0,29,12,3,4,48,0,292
6099.0,29,12,3,4,48,0,292
6100.0,29,12,3,4,48,0,292
6101.0,29,12,3,4,48,0,292
6102.0,29,12,3,4,48,0,292
6103.0,29,12,3,4,48,0,292
6104.0,29,12,3,4,48,0,292
6105.0,29,12,3,4,48,0,292
6106.0,29,12,3,4,48,0,292
6107.0,29,12,3,4,48,0,292
6108.0,29,12,3,4,48,0,292
6109.0,29,12,3,4,48,0,292
6110.0,29,12,3,4,48,0,292
6111.0,29,12,3,4,48,0,292
6112.0,29,12,3,4,48,0,292
6113.0,29,12,3,4,48,0,292
6114.0,29,12,3,4,48,0,292
6115.0,29,12,3,4,48,0,292
6116.0,29,12,3,4,48,0,292
6117.0,29,12,3,4,48,0,292
6118.0,29,12,3,4,48,0,292
6119.0,29,12,3,4,48,0,292
6120.0,29,12,3,4,48,0,292
6121.0,29,12,3,4,48,0,292
6122.0,29,12,3,4,48,0,292
6123.0,29,12,3,4,48,0,292
6124.0,29,12,3,4,48,0,292
6125.0,29,12,3,4,48,0,292
6126.0,29,12,3,4,48,0,292
6127.0,29,12,3,4,48,0,292
6128.0,29,12,3,4,48,0,292
6129.0,29,12,3,4,48,0,292
6130.0,29,12,3,4,48,0,292
6131.0,29,12,3,4,48,0,292
6132.0,29,12,3,4,48,0,292
6133.0,29,12,3,4,48,0,292
6134.0,29,12,3,4,48,0,292
6135.0,29,12,3,4,48,0,292
6136.0,29,12,3,4,48,0,292
6137.0,29,12,3,4,48,0,292
6138.0,29,12,3,4,48,0,292
6139.0,29,12,3,4,48,0,292
6140.0,29,12,3,4,48,0,292
6141.0,29,12,3,4,48,0,292
6142.0,29,12,3,4,48,0,292
6143.0,29,12,3,4,48,0,292
6144.0,29,12,3,4,48,0,292
6145.0,29,12,3,4,48,0,292
6146.0,29,12,3,4,48,0,292
6147.0,29,12,3,4,48,0,292
6148.0,29,12,3,4,48,0,292
6149.0,29,12,3,4,48,0,292
6150.0,29,12,3,4,48,0,292
6151.0,29,12,3,4,48,0,292
6152.0,29,12,3,4,48,0,292
6153.0,29,12,3,4,48,0,292
6154.0,29,12,3,4,48,0,292
6155.0,29,12,3,4,48,0,292
6156.0,29,12,3,4,48,0,292
6157.0,29,12,3,4,48,0,292
6158.0,29,12,3,4,48,0,292
6159.0,29,12,3,4,48,0,292
6160.0,29,12,3,4,48,0,292
6161.0,29,12,3,4,48,0,292
6162.0,29,12,3,4,48,0,292
6163.0,29,12,3,4,48,0,292
6164.0,29,12,3,4,48,0,292
6165.0,29,12,3,4,48,0,292
6166.0,29,12,3,4,48,0,292
6167.0,29,12,3,4,48,0,292
6168.0,29,12,3,4,48,0,292
6169.0,29,12,3,4,48,0,292
6170.0,29,12,3,4,48,0,292
6171.0,29,12,3,4,48,0,292
6172.0,29,12,3,4,48,0,292
6173.0,29,12,3,4,48,0,292
6174.0,29,12,3,4,48,0,292
6175.0,29,12,3,4,48,0,292
6176.0,29,12,3,4,48,0,292
6177.0,29,12,3,4,48,0,292
6178.0,29,12,3,4,48,0,292
6179.0,29,12,3,4,48,0,292
6180.0,29,12,3,4,48,0,292
6181.0,29,12,3,4,48,0,292
6182.0,29,12,3,4,48,0,292
6183.0,29,12,3,4,48,0,292
6184.0,29,12,3,4,48,0,292
6185.0,29,12,3,4,48,0,292
6186.0,29,12,3,4,48,0,292
6187.0,29,12,3,4,48,0,292
6188.0,29,12,3,4,48,0,292
6189.0,29,12,3,4,48,0,292
6190.0,29,12,3,4,48,0,292
6191.0,29,12,3,4,48,0,292
6192.0,29,12,3,4,48,0,292
6193.0,29,12,3,4,48,0,292
6194.0,29,12,3,4,48,0,292
6195.0,29,12,3,4,48,0,292
6196.0,29,12,3,4,48,0,292
6197.0,29,12,3,4,48,0,292
6198.0,29,12,3,4,48,0,292
6199.0,29,12,3,4,48,0,292
6200.0,29,12,3,4,48,0,292
6201.0,29,12,3,4,48,0,292
6202.0,29,12,3,4,48,0,292
6203.0,29,12,3,4,48,0,292
6204.0,29,12,3,4,48,0,292
6205.0,29,12,3,4,48,0,292
6206.0,29,12,3,4,48,0,292
6207.0,29,12,3,4,48,0,292
6208.0,29,12,3,4,48,0,292
6209.0,29,12,3,4,48,0,292
6210.0,29,12,3,4,48,0,292
6211.0,29,12,3,4,48,0,292
6212.0,29,12,3,4,48,0,292
6213.0,29,12,3,4,48,0,292
6214.0,29,12,3,4,48,0,292
6215.0,29,12,3,4,48,0,292
6216.0,29,12,3,4,48,0,292
6217.0,29,12,3,4,48,0,292
6218.0,29,12,3,4,48,0,292
6219.0,29,12,3,4,48,0,292
6220.0,29,12,3,4,48,0,292
6221.0,29,12,3,4,48,0,292
6222.0,29,12,3,4,48,0,292
6223.0,29,12,3,4,48,0,292
6224.0,29,12,3,4,48,0,292
6225.0,29,12,3,4,48,0,292
6226.0,29,12,3,4,48,0,292
6227.0,29,12,3,4,48,0,292
6228.0,29,12,3,4,48,0,292
6229.0,29,12,3,4,48,0,292
6230.0,29,12,3,4,48,0,292
6231.0,29,12,3,4,48,0,292
6232.0,29,12,3,4,48,0,292
6233.0,29,12,3,4,48,0,292
6234.0,29,12,3,4,48,0,292
6235.0,29,12,3,4,48,0,292
6236.0,29,12,3,4,48,0,292
6237.0,29,12,3,4,48,0,292
6238.0,29,12,3,4,48,0,292
6239.0,29,12,3,4,48,0,292
6240.0,29,12,3,4,48,0,292
6241.0,29,12,3,4,48,0,292
6242.0,29,12,3,4,48,0,292
6243.0,29,12,3,4,48,0,292
6244.0,29,12,3,4,48,0,292
6245.0,29,12,3,4,48,0,292
6246.0,29,12,3,4,48,0,292
6247.0,29,12,3,4,48,0,292
6248.0,29,12,3,4,48,0,292
6249.0,29,12,3,4,48,0,292
6250.0,29,12,3,4,48,0,292
6251.0,29,12,3,4,48,0,292
6252.0,29,12,3,4,48,0,292
6253.0,29,12,3,4,48,0,292
6254.0,29,12,3,4,48,0,292
6255.0,29,12,3,4,48,0,292
6256.0,29,12,3,4,48,0,292
6257.0,29,12,3,4,48,0,292
6258.0,29,12,3,4,48,0,292
6259.0,29,12,3,4,48,0,292
6260.0,29,12,3,4,48,0,292
6261.0,29,12,3,4,48,0,292
6262.0,29,12,3,4,48,0,292
6263.0,29,12,3,4,48,0,292
6264.0,29,12,3,4,48,0,292
6265.0,29,12,3,4,48,0,292
6266.0,29,12,3,4,48,0,292
6267.0,29,12,3,4,48,0,292
6268.0,29,12,3,4,48,0,292
6269.0,29,12,3,4,48,0,292
6270.0,29,12,3,4,48,0,292
6271.0,29,12,3,4,48,0,292
6272.0,29,12,3,4,48,0,292
6273.0,29,12,3,4,48,0,292
6274.0,29,12,3,4,48,0,292
6275.0,29,12,3,4,48,0,292
6276.0,29,12,3,4,48,0,292
6277.0,29,12,3,4,48,0,292
6278.0,29,12,3,4,48,0,292
6279.0,29,12,3,4,48,0,292
6280.0,29,12,3,4,48,0,292
6281.0,29,12,3,4,48,0,292
6282.0,29,12,3,4,48,0,292
6283.0,29,12,3,4,48,0,292
6284.0,29,12,3,4,48,0,292
6285.0,29,12,3,4,48,0,292
6286.0,29,12,3,4,48,0,292
6287.0,29,12,3,4,48,0,292
6288.0,29,12,3,4,48,0,292
6289.0,29,12,3,4,48,0,292
6290.0,29,12,3,4,48,0,292
6291.0,29,12,3,4,48,0,292
6292.0,29,12,3,4,48,0,292
6293.0,29,12,3,4,48,0,292
6294.0,29,12,3,4,48,0,292
6295.0,29,12,3,4,48,0,292
6296.0,29,12,3,4,48,0,292
6297.0,29,12,3,4,48,0,292
6298.0,29,12,3,4,48,0,292
6299.0,29,12,3,4,48,0,292
6300.0,29,12,3,4,48,0,292
6301.0,29,12,3,4,48,0,292
6302.0,29,12,3,4,48,0,292
6303.0,29,12,3,4,48,0,292
6304.0,29,12,3,4,48,0,292
6305.0,29,12,3,4,48,0,292
6306.0,29,12,3,4,48,0,292
6307.0,29,12,3,4,48,0,292
6308.0,29,12,3,4,48,0,292
6309.0,29,12,3,4,48,0,292
6310.0,29,12,3,4,48,0,292
6311.0,29,12,3,4,48,0,292
6312.0,29,12,3,4,48,0,292
6313.0,29,12,3,4,48,0,292
6314.0,29,12,3,4,48,0,292
6315.0,29,12,3,4,48,0,292
6316.0,29,12,3,4,48,0,292
6317.0,29,12,3,4,48,0,292
6318.0,29,12,3,4,48,0,292
6319.0,29,12,3,4,48,0,292
6320.0,29,12,3,4,48,0,292
6321.0,29,12,3,4,48,0,292
6322.0,29,12,3,4,48,0,292
6323.0,29,12,3,4,48,0,292
6324.0,29,12,3,4,48,0,292
6325.0,29,12,3,4,48,0,292
6326.0,29,12,3,4,48,0,292
6327.0,29,12,3,4,48,0,292
6328.0,29,12,3,4,48,0,292
6329.0,29,12,3,4,48,0,292
6330.0,29,12,3,4,48,0,292
6331.0,29,12,3,4,48,0,292
6332.0,29,12,3,4,48,0,292
6333.0,29,12,3,4,48,0,292
6334.0,29,12,3,4,48,0,292
6335.0,29,12,3,4,48,0,292
6336.0,29,12,3,4,48,0,292
6337.0,29,12,3,4,48,0,292
6338.0,29,12,3,4,48,0,292
6339.0,29,12,3,4,48,0,292
6340.0,29,12,3,4,48,0,292
6341.0,29,12,3,4,48,0,292
6342.0,29,12,3,4,48,0,292
6343.0,29,12,3,4,48,0,292
6344.0,29,12,3,4,48,0,292
6345.0,29,12,3,4,48,0,292
6346.0,29,12,3,4,48,0,292
6347.0,29,12,3,4,48,0,292
6348.0,29,12,3,4,48,0,292
6349.0,29,12,3,4,48,0,292
6350.0,29,12,3,4,48,0,292
6351.0,29,12,3,4,48,0,292
6352.0,29,12,3,4,48,0,292
6353.0,29,12,3,4,48,0,292
6354.0,29,12,3,4,48,0,292
6355.0,29,12,3,4,48,0,292
6356.0,29,12,3,4,48,0,292
6357.0,29,12,3,4,48,0,292
6358.0,29,12,3,4,48,0,292
6359.0,29,12,3,4,48,0,292
6360.0,29,12,3,4,48,0,292
6361.0,29,12,3,4,48,0,292
6362.0,29,12,3,4,48,0,292
6363.0,29,12,3,4,48,0,292
6364.0,29,12,3,4,48,0,292
6365.0,29,12,3,4,48,0,292
6366.0,29,12,3,4,48,0,292
6367.0,29,12,3,4,48,0,292
6368.0,29,12,3,4,48,0,292
6369.0,29,12,3,4,48,0,292
6370.0,29,12,3,4,48,0,292
6371.0,29,12,3,4,48,0,292
6372.0,29,12,3,4,48,0,292
6373.0,29,12,3,4,48,0,292
6374.0,29,12,3,4,48,0,292
6375.0,29,12,3,4,48,0,292
6376.0,29,12,3,4,48,0,292
6377.0,29,12,3,4,48,0,292
6378.0,29,12,3,4,48,0,292
6379.0,29,12,3,4,48,0,292
6380.0,29,12,3,4,48,0,292
6381.0,29,12,3,4,48,0,292
6382.0,29,12,3,4,48,0,292
6383.0,29,12,3,4,48,0,292
6384.0,29,12,3,4,48,0,292
6385.0,29,12,3,4,48,0,292
6386.0,29,12,3,4,48,0,292
6387.0,29,12,3,4,48,0,292
6388.0,29,12,3,4,48,0,292
6389.0,29,12,3,4,48,0,292
6390.0,29,12,3,4,48,0,292
6391.0,29,12,3,4,48,0,292
6392.0,29,12,3,4,48,0,292
6393.0,29,12,3,4,48,0,292
6394.0,29,12,3,4,48,0,292
6395.0,29,12,3,4,48,0,292
6396.0,29,12,3,4,48,0,292
6397.0,29,12,3,4,48,0,292
6398.0,29,12,3,4,48,0,292
6399.0,29,12,3,4,48,0,292
6400.0,29,12,3,4,48,0,292
6401.0,29,12,3,4,48,0,292
6402.0,29,12,3,4,48,0,292
6403.0,29,12,3,4,48,0,292
6404.0,29,12,3,4,48,0,292
6405.0,29,12,3,4,48,0,292
6406.0,29,12,3,4,48,0,292
6407.0,29,12,3,4,48,0,292
6408.0,29,12,3,4,48,0,292
6409.0,29,12,3,4,48,0,292
6410.0,29,12,3,4,48,0,292
6411.0,29,12,3,4,48,0,292
6412.0,29,12,3,4,48,0,292
6413.0,29,12,3,4,48,0,292
6414.0,29,12,3,4,48,0,292
6415.0,29,12,3,4,48,0,292
6416.0,29,12,3,4,48,0,292
6417.0,29,12,3,4,48,0,292
6418.0,29,12,3,4,48,0,292
6419.0,29,12,3,4,48,0,292
6420.0,29,12,3,4,48,0,292
6421.0,29,12,3,4,48,0,292
6422.0,29,12,3,4,48,0,292
6423.0,29,12,3,4,48,0,292
6424.0,29,12,3,4,48,0,292
6425.0,29,12,3,4,48,0,292
6426.0,29,12,3,4,48,0,292
6427.0,29,12,3,4,48,0,292
6428.0,29,12,3,4,48,0,292
6429.0,29,12,3,4,48,0,292
6430.0,29,12,3,4,48,0,292
6431.0,29,12,3,4,48,0,292
6432.0,29,12,3,4,48,0,292
6433.0,29,12,3,4,48,0,292
6434.0,29,12,3,4,48,0,292
6435.0,29,12,3,4,48,0,292
6436.0,29,12,3,4,48,0,292
6437.0,29,12,3,4,48,0,292
6438.0,29,12,3,4,48,0,292
6439.0,29,12,3,4,48,0,292
6440.0,29,12,3,4,48,0,292
6441.0,29,12,3,4,48,0,292
6442.0,29,12,3,4,48,0,292
6443.0,29,12,3,4,48,0,292
6444.0,29,12,3,4,48,0,292
6445.0,29,12,3,4,48,0,292
6446.0,29,12,3,4,48,0,292
6447.0,29,12,3,4,48,0,292
6448.0,29,12,3,4,48,0,292
6449.0,29,12,3,4,48,0,292
6450.0,29,12,3,4,48,0,292
6451.0,29,12,3,4,48,0,292
6452.0,29,12,3,4,48,0,292
6453.0,29,12,3,4,48,0,292
6454.0,29,12,3,4,48,0,292
6455.0,29,12,3,4,48,0,292
6456.0,29,12,3,4,48,0,292
6457.0,29,12,3,4,48,0,292
6458.0,29,12,3,4,48,0,292
6459.0,29,12,3,4,48,0,292
6460.0,29,12,3,4,48,0,292
6461.0,29,12,3,4,48,0,292
6462.0,29,12,3,4,48,0,292
6463.0,29,12,3,4,48,0,292
6464.0,29,12,3,4,48,0,292
6465.0,29,12,3,4,48,0,292
6466.0,29,12,3,4,48,0,292
6467.0,29,12,3,4,48,0,292
6468.0,29,12,3,4,48,0,292
6469.0,29,12,3,4,48,0,292
6470.0,29,12,3,4,48,0,292
6471.0,29,12,3,4,48,0,292
6472.0,29,12,3,4,48,0,292
6473.0,29,12,3,4,48,0,292
6474.0,29,12,3,4,48,0,292
6475.0,29,12,3,4,48,0,292
6476.0,29,12,3,4,48,0,292
6477.0,29,12,3,4,48,0,292
6478.0,29,12,3,4,48,0,292
6479.0,29,12,3,4,48,0,292
6480.0,29,12,3,4,48,0,292
6481.0,29,12,3,4,48,0,292
6482.0,29,12,3,4,48,0,292
6483.0,29,12,3,4,48,0,292
6484.0,29,12,3,4,48,0,292
6485.0,29,12,3,4,48,0,292
6486.0,29,12,3,4,48,0,292
6487.0,29,12,3,4,48,0,292
6488.0,29,12,3,4,48,0,292
6489.0,29,12,3,4,48,0,292
6490.0,29,12,3,4,48,0,292
6491.0,29,12,3,4,48,0,292
6492.0,29,12,3,4,48,0,292
6493.0,29,12,3,4,48,0,292
6494.0,29,12,3,4,48,0,292
6495.0,29,12,3,4,48,0,292
6496.0,29,12,3,4,48,0,292
6497.0,29,12,3,4,48,0,292
6498.0,29,12,3,4,48,0,292
6499.0,29,12,3,4,48,0,292
6500.0,29,12,3,4,48,0,292
6501.0,29,12,3,4,48,0,292
6502.0,29,12,3,4,48,0,292
6503.0,29,12,3,4,48,0,292
6504.0,29,12,3,4,48,0,292
6505.0,29,12,3,4,48,0,292
6506.0,29,12,3,4,48,0,292
6507.0,29,12,3,4,48,0,292
6508.0,29,12,3,4,48,0,292
6509.0,29,12,3,4,48,0,292
6510.0,29,12,3,4,48,0,292
6511.0,29,12,3,4,48,0,292
6512.0,29,12,3,4,48,0,292
6513.0,29,12,3,4,48,0,292
6514.0,29,12,3,4,48,0,292
6515.0,29,12,3,4,48,0,292
6516.0,29,12,3,4,48,0,292
6517.0,29,12,3,4,48,0,292
6518.0,29,12,3,4,48,0,292
6519.0,29,12,3,4,48,0,292
6520.0,29,12,3,4,48,0,292
6521.0,29,12,3,4,48,0,292
6522.0,29,12,3,4,48,0,292
6523.0,29,12,3,4,48,0,292
6524.0,29,12,3,4,48,0,292
6525.0,29,12,3,4,48,0,292
6526.0,29,12,3,4,48,0,292
6527.0,29,12,3,4,48,0,292
6528.0,29,12,3,4,48,0,292
6529.0,29,12,3,4,48,0,292
6530.0,29,12,3,4,48,0,292
6531.0,29,12,3,4,48,0,292
6532.0,29,12,3,4,48,0,292
6533.0,29,12,3,4,48,0,292
6534.0,29,12,3,4,48,0,292
6535.0,29,12,3,4,48,0,292
6536.0,29,12,3,4,48,0,292
6537.0,29,12,3,4,48,0,292
6538.0,29,12,3,4,48,0,292
6539.0,29,12,3,4,48,0,292
6540.0,29,12,3,4,48,0,292
6541.0,29,12,3,4,48,0,292
6542.0,29,12,3,4,48,0,292
6543.0,29,12,3,4,48,0,292
6544.0,29,12,3,4,48,0,292
6545.0,29,12,3,4,48,0,292
6546.0,29,12,3,4,48,0,292
6547.0,29,12,3,4,48,0,292
6548.0,29,12,3,4,48,0,292
6549.0,29,12,3,4,48,0,292
6550.0,29,12,3,4,48,0,292
6551.0,29,12,3,4,48,0,292
6552.0,29,12,3,4,48,0,292
6553.0,29,12,3,4,48,0,292
6554.0,29,12,3,4,48,0,292
6555.0,29,12,3,4,48,0,292
6556.0,29,12,3,4,48,0,292
6557.0,29,12,3,4,48,0,292
6558.0,29,12,3,4,48,0,292
6559.0,29,12,3,4,48,0,292
6560.0,29,12,3,4,48,0,292
6561.0,29,12,3,4,48,0,292
6562.0,29,12,3,4,48,0,292
6563.0,29,12,3,4,48,0,292
6564.0,29,12,3,4,48,0,292
6565.0,29,12,3,4,48,0,292
6566.0,29,12,3,4,48,0,292
6567.0,29,12,3,4,48,0,292
6568.0,29,12,3,4,48,0,292
6569.0,29,12,3,4,48,0,292
6570.0,29,12,3,4,48,0,292
6571.0,29,12,3,4,48,0,292
6572.0,29,12,3,4,48,0,292
6573.0,29,12,3,4,48,0,292
6574.0,29,12,3,4,48,0,292
6575.0,29,12,3,4,48,0,292
6576.0,29,12,3,4,48,0,292
6577.0,29,12,3,4,48,0,292
6578.0,29,12,3,4,48,0,292
6579.0,29,12,3,4,48,0,292
6580.0,29,12,3,4,48,0,292
6581.0,29,12,3,4,48,0,292
6582.0,29,12,3,4,48,0,292
6583.0,29,12,3,4,48,0,292
6584.0,29,12,3,4,48,0,292
6585.0,29,12,3,4,48,0,292
6586.0,29,12,3,4,48,0,292
6587.0,29,12,3,4,48,0,292
6588.0,29,12,3,4,48,0,292
6589.0,29,12,3,4,48,0,292
6590.0,29,12,3,4,48,0,292
6591.0,29,12,3,4,48,0,292
6592.0,29,12,3,4,48,0,292
6593.0,29,12,3,4,48,0,292
6594.0,29,12,3,4,48,0,292
6595.0,29,12,3,4,48,0,292
6596.0,29,12,3,4,48,0,292
6597.0,29,12,3,4,48,0,292
6598.0,29,12,3,4,48,0,292
6599.0,29,12,3,4,48,0,292
6600.0,29,12,3,4,48,0,292
6601.0,29,12,3,4,48,0,292
6602.0,29,12,3,4,48,0,292
6603.0,29,12,3,4,48,0,292
6604.0,29,12,3,4,48,0,292
6605.0,29,12,3,4,48,0,292
6606.0,29,12,3,4,48,0,292
6607.0,29,12,3,4,48,0,292
6608.0,29,12,3,4,48,0,292
6609.0,29,12,3,4,48,0,292
6610.0,29,12,3,4,48,0,292
6611.0,29,12,3,4,48,0,292
6612.0,29,12,3,4,48,0,292
6613.0,29,12,3,4,48,0,292
6614.0,29,12,3,4,48,0,292
6615.0,29,12,3,4,48,0,292
6616.0,29,12,3,4,48,0,292
6617.0,29,12,3,4,48,0,292
6618.0,29,12,3,4,48,0,292
6619.0,29,12,3,4,48,0,292
6620.0,29,12,3,4,48,0,292
6621.0,29,12,3,4,48,0,292
6622.0,29,12,3,4,48,0,292
6623.0,29,12,3,4,48,0,292
6624.0,29,12,3,4,48,0,292
6625.0,29,12,3,4,48,0,292
6626.0,29,12,3,4,48,0,292
6627.0,29,12,3,4,48,0,292
6628.0,29,12,3,4,48,0,292
6629.0,29,12,3,4,48,0,292
6630.0,29,12,3,4,48,0,292
6631.0,29,12,3,4,48,0,292
6632.0,29,12,3,4,48,0,292
6633.0,29,12,3,4,48,0,292
6634.0,29,12,3,4,48,0,292
6635.0,29,12,3,4,48,0,292
6636.0,29,12,3,4,48,0,292
6637.0,29,12,3,4,48,0,292
6638.0,29,12,3,4,48,0,292
6639.0,29,12,3,4,48,0,292
6640.0,29,12,3,4,48,0,292
6641.0,29,12,3,4,48,0,292
6642.0,29,12,3,4,48,0,292
6643.0,29,12,3,4,48,0,292
6644.0,29,12,3,4,48,0,292
6645.0,29,12,3,4,48,0,292
6646.0,29,12,3,4,48,0,292
6647.0,29,12,3,4,48,0,292
6648.0,29,12,3,4,48,0,292
6649.0,29,12,3,4,48,0,292
6650.0,29,12,3,4,48,0,292
6651.0,29,12,3,4,48,0,292
6652.0,29,12,3,4,48,0,292
6653.0,29,12,3,4,48,0,292
6654.0,29,12,3,4,48,0,292
6655.0,29,12,3,4,48,0,292
6656.0,29,12,3,4,48,0,292
6657.0,29,12,3,4,48,0,292
6658.0,29,12,3,4,48,0,292
6659.0,29,12,3,4,48,0,292
6660.0,29,12,3,4,48,0,292
6661.0,29,12,3,4,48,0,292
6662.0,29,12,3,4,48,0,292
6663.0,29,12,3,4,48,0,292
6664.0,29,12,3,4,48,0,292
6665.0,29,12,3,4,48,0,292
6666.0,29,12,3,4,48,0,292
6667.0,29,12,3,4,48,0,292
6668.0,29,12,3,4,48,0,292
6669.0,29,12,3,4,48,0,292
6670.0,29,12,3,4,48,0,292
6671.0,29,12,3,4,48,0,292
6672.0,29,12,3,4,48,0,292
6673.0,29,12,3,4,48,0,292
6674.0,29,12,3,4,48,0,292
6675.0,29,12,3,4,48,0,292
6676.0,29,12,3,4,48,0,292
6677.0,29,12,3,4,48,0,292
6678.0,29,12,3,4,48,0,292
6679.0,29,12,3,4,48,0,292
6680.0,29,12,3,4,48,0,292
6681.0,29,12,3,4,48,0,292
6682.0,29,12,3,4,48,0,292
6683.0,29,12,3,4,48,0,292
6684.0,29,12,3,4,48,0,292
6685.0,29,12,3,4,48,0,292
6686.0,29,12,3,4,48,0,292
6687.0,29,12,3,4,48,0,292
6688.0,29,12,3,4,48,0,292
6689.0,29,12,3,4,48,0,292
6690.0,29,12,3,4,48,0,292
6691.0,29,12,3,4,48,0,292
6692.0,29,12,3,4,48,0,292
6693.0,29,12,3,4,48,0,292
6694.0,29,12,3,4,48,0,292
6695.0,29,12,3,4,48,0,292
6696.0,29,12,3,4,48,0,292
6697.0,29,12,3,4,48,0,292
6698.0,29,12,3,4,48,0,292
6699.0,29,12,3,4,48,0,292
6700.0,29,12,3,4,48,0,292
6701.0,29,12,3,4,48,0,292
6702.0,29,12,3,4,48,0,292
6703.0,29,12,3,4,48,0,292
6704.0,29,12,3,4,48,0,292
6705.0,29,12,3,4,48,0,292
6706.0,29,12,3,4,48,0,292
6707.0,29,12,3,4,48,0,292
6708.0,29,12,3,4,48,0,292
6709.0,29,12,3,4,48,0,292
6710.0,29,12,3,4,48,0,292
6711.0,29,12,3,4,48,0,292
6712.0,29,12,3,4,48,0,292
6713.0,29,12,3,4,48,0,292
6714.0,29,12,3,4,48,0,292
6715.0,29,12,3,4,48,0,292
6716.0,29,12,3,4,48,0,292
6717.0,29,12,3,4,48,0,292
6718.0,29,12,3,4,48,0,292
6719.0,29,12,3,4,48,0,292
6720.0,29,12,3,4,48,0,292
6721.0,29,12,3,4,48,0,292
6722.0,29,12,3,4,48,0,292
6723.0,29,12,3,4,48,0,292
6724.0,29,12,3,4,48,0,292
6725.0,29,12,3,4,48,0,292
6726.0,29,12,3,4,48,0,292
6727.0,29,12,3,4,48,0,292
6728.0,29,12,3,4,48,0,292
6729.0,29,12,3,4,48,0,292
6730.0,29,12,3,4,48,0,292
6731.0,29,12,3,4,48,0,292
6732.0,29,12,3,4,48,0,292
6733.0,29,12,3,4,48,0,292
6734.0,29,12,3,4,48,0,292
6735.0,29,12,3,4,48,0,292
6736.0,29,12,3,4,48,0,292
6737.0,29,12,3,4,48,0,292
6738.0,29,12,3,4,48,0,292
6739.0,29,12,3,4,48,0,292
6740.0,29,12,3,4,48,0,292
6741.0,29,12,3,4,48,0,292
6742.0,29,12,3,4,48,0,292
6743.0,29,12,3,4,48,0,292
6744.0,29,12,3,4,48,0,292
6745.0,29,12,3,4,48,0,292
6746.0,29,12,3,4,48,0,292
6747.0,29,12,3,4,48,0,292
6748.0,29,12,3,4,48,0,292
6749.0,29,12,3,4,48,0,292
6750.0,29,12,3,4,48,0,292
6751.0,29,12,3,4,48,0,292
6752.0,29,12,3,4,48,0,292
6753.0,29,12,3,4,48,0,292
6754.0,29,12,3,4,48,0,292
6755.0,29,12,3,4,48,0,292
6756.0,29,12,3,4,48,0,292
6757.0,29,12,3,4,48,0,292
6758.0,29,12,3,4,48,0,292
6759.0,29,12,3,4,48,0,292
6760.0,29,12,3,4,48,0,292
6761.0,29,12,3,4,48,0,292
6762.0,29,12,3,4,48,0,292
6763.0,29,12,3,4,48,0,292
6764.0,29,12,3,4,48,0,292
6765.0,29,12,3,4,48,0,292
6766.0,29,12,3,4,48,0,292
6767.0,29,12,3,4,48,0,292
6768.0,29,12,3,4,48,0,292
6769.0,29,12,3,4,48,0,292
6770.0,29,12,3,4,48,0,292
6771.0,29,12,3,4,48,0,292
6772.0,29,12,3,4,48,0,292
6773.0,29,12,3,4,48,0,292
6774.0,29,12,3,4,48,0,292
6775.0,29,12,3,4,48,0,292
6776.0,29,12,3,4,48,0,292
6777.0,29,12,3,4,48,0,292
6778.0,29,12,3,4,48,0,292
6779.0,29,12,3,4,48,0,292
6780.0,29,12,3,4,48,0,292
6781.0,29,12,3,4,48,0,292
6782.0,29,12,3,4,48,0,292
6783.0,29,12,3,4,48,0,292
6784.0,29,12,3,4,48,0,292
6785.0,29,12,3,4,48,0,292
6786.0,29,12,3,4,48,0,292
6787.0,29,12,3,4,48,0,292
6788.0,29,12,3,4,48,0,292
6789.0,29,12,3,4,48,0,292
6790.0,29,12,3,4,48,0,292
6791.0,29,12,3,4,48,0,292
6792.0,29,12,3,4,48,0,292
6793.0,29,12,3,4,48,0,292
6794.0,29,12,3,4,48,0,292
6795.0,29,12,3,4,48,0,292
6796.0,29,12,3,4,48,0,292
6797.0,29,12,3,4,48,0,292
6798.0,29,12,3,4,48,0,292
6799.0,29,12,3,4,48,0,292
6800.0,29,12,3,4,48,0,292
6801.0,29,12,3,4,48,0,292
6802.0,29,12,3,4,48,0,292
6803.0,29,12,3,4,48,0,292
6804.0,29,12,3,4,48,0,292
6805.0,29,12,3,4,48,0,292
6806.0,29,12,3,4,48,0,292
6807.0,29,12,3,4,48,0,292
6808.0,29,12,3,4,48,0,292
6809.0,29,12,3,4,48,0,292
6810.0,29,12,3,4,48,0,292
6811.0,29,12,3,4,48,0,292
6812.0,29,12,3,4,48,0,292
6813.0,29,12,3,4,48,0,292
6814.0,29,12,3,4,48,0,292
6815.0,29,12,3,4,48,0,292
6816.0,29,12,3,4,48,0,292
6817.0,29,12,3,4,48,0,292
6818.0,29,12,3,4,48,0,292
6819.0,29,12,3,4,48,0,292
6820.0,29,12,3,4,48,0,292
6821.0,29,12,3,4,48,0,292
6822.0,29,12,3,4,48,0,292
6823.0,29,12,3,4,48,0,292
6824.0,29,12,3,4,48,0,292
6825.0,29,12,3,4,48,0,292
6826.0,29,12,3,4,48,0,292
6827.0,29,12,3,4,48,0,292
6828.0,29,12,3,4,48,0,292
6829.0,29,12,3,4,48,0,292
6830.0,29,12,3,4,48,0,292
6831.0,29,12,3,4,48,0,292
6832.0,29,12,3,4,48,0,292
6833.0,29,12,3,4,48,0,292
6834.0,29,12,3,4,48,0,292
6835.0,29,12,3,4,48,0,292
6836.0,29,12,3,4,48,0,292
6837.0,29,12,3,4,48,0,292
6838.0,29,12,3,4,48,0,292
6839.0,29,12,3,4,48,0,292
6840.0,29,12,3,4,48,0,292
6841.0,29,12,3,4,48,0,292
6842.0,29,12,3,4,48,0,292
6843.0,29,12,3,4,48,0,292
6844.0,29,12,3,4,48,0,292
6845.0,29,12,3,4,48,0,292
6846.0,29,12,3,4,48,0,292
6847.0,29,12,3,4,48,0,292
6848.0,29,12,3,4,48,0,292
6849.0,29,12,3,4,48,0,292
6850.0,29,12,3,4,48,0,292
6851.0,29,12,3,4,48,0,292
6852.0,29,12,3,4,48,0,292
6853.0,29,12,3,4,48,0,292
6854.0,29,12,3,4,48,0,292
6855.0,29,12,3,4,48,0,292
6856.0,29,12,3,4,48,0,292
6857.0,29,12,3,4,48,0,292
6858.0,29,12,3,4,48,0,292
6859.0,29,12,3,4,48,0,292
6860.0,29,12,3,4,48,0,292
6861.0,29,12,3,4,48,0,292
6862.0,29,12,3,4,48,0,292
6863.0,29,12,3,4,48,0,292
6864.0,29,12,3,4,48,0,292
6865.0,29,12,3,4,48,0,292
6866.0,29,12,3,4,48,0,292
6867.0,29,12,3,4,48,0,292
6868.0,29,12,3,4,48,0,292
6869.0,29,12,3,4,48,0,292
6870.0,29,12,3,4,48,0,292
6871.0,29,12,3,4,48,0,292
6872.0,29,12,3,4,48,0,292
6873.0,29,12,3,4,48,0,292
6874.0,29,12,3,4,48,0,292
6875.0,29,12,3,4,48,0,292
6876.0,29,12,3,4,48,0,292
6877.0,29,12,3,4,48,0,292
6878.0,29,12,3,4,48,0,292
6879.0,29,12,3,4,48,0,292
6880.0,29,12,3,4,48,0,292
6881.0,29,12,3,4,48,0,292
6882.0,29,12,3,4,48,0,292
6883.0,29,12,3,4,48,0,292
6884.0,29,12,3,4,48,0,292
6885.0,29,12,3,4,48,0,292
6886.0,29,12,3,4,48,0,292
6887.0,29,12,3,4,48,0,292
6888.0,29,12,3,4,48,0,292
6889.0,29,12,3,4,48,0,292
6890.0,29,12,3,4,48,0,292
6891.0,29,12,3,4,48,0,292
6892.0,29,12,3,4,48,0,292
6893.0,29,12,3,4,48,0,292
6894.0,29,12,3,4,48,0,292
6895.0,29,12,3,4,48,0,292
6896.0,29,12,3,4,48,0,292
6897.0,29,12,3,4,48,0,292
6898.0,29,12,3,4,48,0,292
6899.0,29,12,3,4,48,0,292
6900.0,29,12,3,4,48,0,292
6901.0,29,12,3,4,48,0,292
6902.0,29,12,3,4,48,0,292
6903.0,29,12,3,4,48,0,292
6904.0,29,12,3,4,48,0,292
6905.0,29,12,3,4,48,0,292
6906.0,29,12,3,4,48,0,292
6907.0,29,12,3,4,48,0,292
6908.0,29,12,3,4,48,0,292
6909.0,29,12,3,4,48,0,292
6910.0,29,12,3,4,48,0,292
6911.0,29,12,3,4,48,0,292
6912.0,29,12,3,4,48,0,292
6913.0,29,12,3,4,48,0,292
6914.0,29,12,3,4,48,0,292
6915.0,29,12,3,4,48,0,292
6916.0,29,12,3,4,48,0,292
6917.0,29,12,3,4,48,0,292
6918.0,29,12,3,4,48,0,292
6919.0,29,12,3,4,48,0,292
6920.0,29,12,3,4,48,0,292
6921.0,29,12,3,4,48,0,292
6922.0,29,12,3,4,48,0,292
6923.0,29,12,3,4,48,0,292
6924.0,29,12,3,4,48,0,292
6925.0,29,12,3,4,48,0,292
6926.0,29,12,3,4,48,0,292
6927.0,29,12,3,4,48,0,292
6928.0,29,12,3,4,48,0,292
6929.0,29,12,3,4,48,0,292
6930.0,29,12,3,4,48,0,292
6931.0,29,12,3,4,48,0,292
6932.0,29,12,3,4,48,0,292
6933.0,29,12,3,4,48,0,292
6934.0,29,12,3,4,48,0,292
6935.0,29,12,3,4,48,0,292
6936.0,29,12,3,4,48,0,292
6937.0,29,12,3,4,48,0,292
6938.0,29,12,3,4,48,0,292
6939.0,29,12,3,4,48,0,292
6940.0,29,12,3,4,48,0,292
6941.0,29,12,3,4,48,0,292
6942.0,29,12,3,4,48,0,292
6943.0,29,12,3,4,48,0,292
6944.0,29,12,3,4,48,0,292
6945.0,29,12,3,4,48,0,292
6946.0,29,12,3,4,48,0,292
6947.0,29,12,3,4,48,0,292
6948.0,29,12,3,4,48,0,292
6949.0,29,12,3,4,48,0,292
6950.0,29,12,3,4,48,0,292
6951.0,29,12,3,4,48,0,292
6952.0,29,12,3,4,48,0,292
6953.0,29,12,3,4,48,0,292
6954.0,29,12,3,4,48,0,292
6955.0,29,12,3,4,48,0,292
6956.0,29,12,3,4,48,0,292
6957.0,29,12,3,4,48,0,292
6958.0,29,12,3,4,48,0,292
6959.0,29,12,3,4,48,0,292
6960.0,29,12,3,4,48,0,292
6961.0,29,12,3,4,48,0,292
6962.0,29,12,3,4,48,0,292
6963.0,29,12,3,4,48,0,292
6964.0,29,12,3,4,48,0,292
6965.0,29,12,3,4,48,0,292
6966.0,29,12,3,4,48,0,292
6967.0,29,12,3,4,48,0,292
6968.0,29,12,3,4,48,0,292
6969.0,29,12,3,4,48,0,292
6970.0,29,12,3,4,48,0,292
6971.0,29,12,3,4,48,0,292
6972.0,29,12,3,4,48,0,292
6973.0,29,12,3,4,48,0,292
6974.0,29,12,3,4,48,0,292
6975.0,29,12,3,4,48,0,292
6976.0,29,12,3,4,48,0,292
6977.0,29,12,3,4,48,0,292
6978.0,29,12,3,4,48,0,292
6979.0,29,12,3,4,48,0,292
6980.0,29,12,3,4,48,0,292
6981.0,29,12,3,4,48,0,292
6982.0,29,12,3,4,48,0,292
6983.0,29,12,3,4,48,0,292
6984.0,29,12,3,4,48,0,292
6985.0,29,12,3,4,48,0,292
6986.0,29,12,3,4,48,0,292
6987.0,29,12,3,4,48,0,292
6988.0,29,12,3,4,48,0,292
6989.0,29,12,3,4,48,0,292
6990.0,29,12,3,4,48,0,292
6991.0,29,12,3,4,48,0,292
6992.0,29,12,3,4,48,0,292
6993.0,29,12,3,4,48,0,292
6994.0,29,12,3,4,48,0,292
6995.0,29,12,3,4,48,0,292
6996.0,29,12,3,4,48,0,292
6997.0,29,12,3,4,48,0,292
6998.0,29,12,3,4,48,0,292
6999.0,29,12,3,4,48,0,292
7000.0,29,12,3,4,48,0,292
7001.0,29,12,3,4,48,0,292
7002.0,29,12,3,4,48,0,292
7003.0,29,12,3,4,48,0,292
7004.0,29,12,3,4,48,0,292
7005.0,29,12,3,4,48,0,292
7006.0,29,12,3,4,48,0,292
7007.0,29,12,3,4,48,0,292
7008.0,29,12,3,4,48,0,292
7009.0,29,12,3,4,48,0,292
7010.0,29,12,3,4,48,0,292
7011.0,29,12,3,4,48,0,292
7012.0,29,12,3,4,48,0,292
7013.0,29,12,3,4,48,0,292
7014.0,29,12,3,4,48,0,292
7015.0,29,12,3,4,48,0,292
7016.0,29,12,3,4,48,0,292
7017.0,29,12,3,4,48,0,292
7018.0,29,12,3,4,48,0,292
7019.0,29,12,3,4,48,0,292
7020.0,29,12,3,4,48,0,292
7021.0,29,12,3,4,48,0,292
7022.0,29,12,3,4,48,0,292
7023.0,29,12,3,4,48,0,292
7024.0,29,12,3,4,48,0,292
7025.0,29,12,3,4,48,0,292
7026.0,29,12,3,4,48,0,292
7027.0,29,12,3,4,48,0,292
7028.0,29,12,3,4,48,0,292
7029.0,29,12,3,4,48,0,292
7030.0,29,12,3,4,48,0,292
7031.0,29,12,3,4,48,0,292
7032.0,29,12,3,4,48,0,292
7033.0,29,12,3,4,48,0,292
7034.0,29,12,3,4,48,0,292
7035.0,29,12,3,4,48,0,292
7036.0,29,12,3,4,48,0,292
7037.0,29,12,3,4,48,0,292
7038.0,29,12,3,4,48,0,292
7039.0,29,12,3,4,48,0,292
7040.0,29,12,3,4,48,0,292
7041.0,29,12,3,4,48,0,292
7042.0,29,12,3,4,48,0,292
7043.0,29,12,3,4,48,0,292
7044.0,29,12,3,4,48,0,292
7045.0,29,12,3,4,48,0,292
7046.0,29,12,3,4,48,0,292
7047.0,29,12,3,4,48,0,292
7048.0,29,12,3,4,48,0,292
7049.0,29,12,3,4,48,0,292
7050.0,29,12,3,4,48,0,292
7051.0,29,12,3,4,48,0,292
7052.0,29,12,3,4,48,0,292
7053.0,29,12,3,4,48,0,292
7054.0,29,12,3,4,48,0,292
7055.0,29,12,3,4,48,0,292
7056.0,29,12,3,4,48,0,292
7057.0,29,12,3,4,48,0,292
7058.0,29,12,3,4,48,0,292
7059.0,29,12,3,4,48,0,292
7060.0,29,12,3,4,48,0,292
7061.0,29,12,3,4,48,0,292
7062.0,29,12,3,4,48,0,292
7063.0,29,12,3,4,48,0,292
7064.0,29,12,3,4,48,0,292
7065.0,29,12,3,4,48,0,292
7066.0,29,12,3,4,48,0,292
7067.0,29,12,3,4,48,0,292
7068.0,29,12,3,4,48,0,292
7069.0,29,12,3,4,48,0,292
7070.0,29,12,3,4,48,0,292
7071.0,29,12,3,4,48,0,292
7072.0,29,12,3,4,48,0,292
7073.0,29,12,3,4,48,0,292
7074.0,29,12,3,4,48,0,292
7075.0,29,12,3,4,48,0,292
7076.0,29,12,3,4,48,0,292
7077.0,29,12,3,4,48,0,292
7078.0,29,12,3,4,48,0,292
7079.0,29,12,3,4,48,0,292
7080.0,29,12,3,4,48,0,292
7081.0,29,12,3,4,48,0,292
7082.0,29,12,3,4,48,0,292
7083.0,29,12,3,4,48,0,292
7084.0,29,12,3,4,48,0,292
7085.0,29,12,3,4,48,0,292
7086.0,29,12,3,4,48,0,292
7087.0,29,12,3,4,48,0,292
7088.0,29,12,3,4,48,0,292
7089.0,29,12,3,4,48,0,292
7090.0,29,12,3,4,48,0,292
7091.0,29,12,3,4,48,0,292
7092.0,29,12,3,4,48,0,292
7093.0,29,12,3,4,48,0,292
7094.0,29,12,3,4,48,0,292
7095.0,29,12,3,4,48,0,292
7096.0,29,12,3,4,48,0,292
7097.0,29,12,3,4,48,0,292
7098.0,29,12,3,4,48,0,292
7099.0,29,12,3,4,48,0,292
7100.0,29,12,3,4,48,0,292
7101.0,29,12,3,4,48,0,292
7102.0,29,12,3,4,48,0,292
7103.0,29,12,3,4,48,0,292
7104.0,29,12,3,4,48,0,292
7105.0,29,12,3,4,48,0,292
7106.0,29,12,3,4,48,0,292
7107.0,29,12,3,4,48,0,292
7108.0,29,12,3,4,48,0,292
7109.0,29,12,3,4,48,0,292
7110.0,29,12,3,4,48,0,292
7111.0,29,12,3,4,48,0,292
7112.0,29,12,3,4,48,0,292
7113.0,29,12,3,4,48,0,292
7114.0,29,12,3,4,48,0,292
7115.0,29,12,3,4,48,0,292
7116.0,29,12,3,4,48,0,292
7117.0,29,12,3,4,48,0,292
7118.0,29,12,3,4,48,0,292
7119.0,29,12,3,4,48,0,292
7120.0,29,12,3,4,48,0,292
7121.0,29,12,3,4,48,0,292
7122.0,29,12,3,4,48,0,292
7123.0,29,12,3,4,48,0,292
7124.0,29,12,3,4,48,0,292
7125.0,29,12,3,4,48,0,292
7126.0,29,12,3,4,48,0,292
7127.0,29,12,3,4,48,0,292
7128.0,29,12,3,4,48,0,292
7129.0,29,12,3,4,48,0,292
7130.0,29,12,3,4,48,0,292
7131.0,29,12,3,4,48,0,292
7132.0,29,12,3,4,48,0,292
7133.0,29,12,3,4,48,0,292
7134.0,29,12,3,4,48,0,292
7135.0,29,12,3,4,48,0,292
7136.0,29,12,3,4,48,0,292
7137.0,29,12,3,4,48,0,292
7138.0,29,12,3,4,48,0,292
7139.0,29,12,3,4,48,0,292
7140.0,29,12,3,4,48,0,292
7141.0,29,12,3,4,48,0,292
7142.0,29,12,3,4,48,0,292
7143.0,29,12,3,4,48,0,292
7144.0,29,12,3,4,48,0,292
7145.0,29,12,3,4,48,0,292
7146.0,29,12,3,4,48,0,292
7147.0,29,12,3,4,48,0,292
7148.0,29,12,3,4,48,0,292
7149.0,29,12,3,4,48,0,292
7150.0,29,12,3,4,48,0,292
7151.0,29,12,3,4,48,0,292
7152.0,29,12,3,4,48,0,292
7153.0,29,12,3,4,48,0,292
7154.0,29,12,3,4,48,0,292
7155.0,29,12,3,4,48,0,292
7156.0,29,12,3,4,48,0,292
7157.0,29,12,3,4,48,0,292
7158.0,29,12,3,4,48,0,292
7159.0,29,12,3,4,48,0,292
7160.0,29,12,3,4,48,0,292
7161.0,29,12,3,4,48,0,292
7162.0,29,12,3,4,48,0,292
7163.0,29,12,3,4,48,0,292
7164.0,29,12,3,4,48,0,292
7165.0,29,12,3,4,48,0,292
7166.0,29,12,3,4,48,0,292
7167.0,29,12,3,4,48,0,292
7168.0,29,12,3,4,48,0,292
7169.0,29,12,3,4,48,0,292
7170.0,29,12,3,4,48,0,292
7171.0,29,12,3,4,48,0,292
7172.0,29,12,3,4,48,0,292
7173.0,29,12,3,4,48,0,292
7174.0,29,12,3,4,48,0,292
7175.0,29,12,3,4,48,0,292
7176.0,29,12,3,4,48,0,292
7177.0,29,12,3,4,48,0,292
7178.0,29,12,3,4,48,0,292
7179.0,29,12,3,4,48,0,292
7180.0,29,12,3,4,48,0,292
7181.0,29,12,3,4,48,0,292
7182.0,29,12,3,4,48,0,292
7183.0,29,12,3,4,48,0,292
7184.0,29,12,3,4,48,0,292
7185.0,29,12,3,4,48,0,292
7186.0,29,12,3,4,48,0,292
7187.0,29,12,3,4,48,0,292
7188.0,29,12,3,4,48,0,292
7189.0,29,12,3,4,48,0,292
7190.0,29,12,3,4,48,0,292
7191.0,29,12,3,4,48,0,292
7192.0,29,12,3,4,48,0,292
7193.0,29,12,3,4,48,0,292
7194.0,29,12,3,4,48,0,292
7195.0,29,12,3,4,48,0,292
7196.0,29,12,3,4,48,0,292
7197.0,29,12,3,4,48,0,292
7198.0,29,12,3,4,48,0,292
7199.0,29,12,3,4,48,0,292
7200.0,29,12,3,4,48,0,292
7201.0,29,12,3,4,48,0,292
7202.0,29,12,3,4,48,0,292
7203.0,29,12,3,4,48,0,292
7204.0,29,12,3,4,48,0,292
7205.0,29,12,3,4,48,0,292
7206.0,29,12,3,4,48,0,292
7207.0,29,12,3,4,48,0,292
7208.0,29,12,3,4,48,0,292
7209.0,29,12,3,4,48,0,292
7210.0,29,12,3,4,48,0,292
7211.0,29,12,3,4,48,0,292
7212.0,29,12,3,4,48,0,292
7213.0,29,12,3,4,48,0,292
7214.0,29,12,3,4,48,0,292
7215.0,29,12,3,4,48,0,292
7216.0,29,12,3,4,48,0,292
7217.0,29,12,3,4,48,0,292
7218.0,29,12,3,4,48,0,292
7219.0,29,12,3,4,48,0,292
7220.0,29,12,3,4,48,0,292
7221.0,29,12,3,4,48,0,292
7222.0,29,12,3,4,48,0,292
7223.0,29,12,3,4,48,0,292
7224.0,29,12,3,4,48,0,292
7225.0,29,12,3,4,48,0,292
7226.0,29,12,3,4,48,0,292
7227.0,29,12,3,4,48,0,292
7228.0,29,12,3,4,48,0,292
7229.0,29,12,3,4,48,0,292
7230.0,29,12,3,4,48,0,292
7231.0,29,12,3,4,48,0,292
7232.0,29,12,3,4,48,0,292
7233.0,29,12,3,4,48,0,292
7234.0,29,12,3,4,48,0,292
7235.0,29,12,3,4,48,0,292
7236.0,29,12,3,4,48,0,292
7237.0,29,12,3,4,48,0,292
7238.0,29,12,3,4,48,0,292
7239.0,29,12,3,4,48,0,292
7240.0,29,12,3,4,48,0,292
7241.0,29,12,3,4,48,0,292
7242.0,29,12,3,4,48,0,292
7243.0,29,12,3,4,48,0,292
7244.0,29,12,3,4,48,0,292
7245.0,29,12,3,4,48,0,292
7246.0,29,12,3,4,48,0,292
7247.0,29,12,3,4,48,0,292
7248.0,29,12,3,4,48,0,292
7249.0,29,12,3,4,48,0,292
7250.0,29,12,3,4,48,0,292
7251.0,29,12,3,4,48,0,292
7252.0,29,12,3,4,48,0,292
7253.0,29,12,3,4,48,0,292
7254.0,29,12,3,4,48,0,292
7255.0,29,12,3,4,48,0,292
7256.0,29,12,3,4,48,0,292
7257.0,29,12,3,4,48,0,292
7258.0,29,12,3,4,48,0,292
7259.0,29,12,3,4,48,0,292
7260.0,29,12,3,4,48,0,292
7261.0,29,12,3,4,48,0,292
7262.0,29,12,3,4,48,0,292
7263.0,29,12,3,4,48,0,292
7264.0,29,12,3,4,48,0,292
7265.0,29,12,3,4,48,0,292
7266.0,29,12,3,4,48,0,292
7267.0,29,12,3,4,48,0,292
7268.0,29,12,3,4,48,0,292
7269.0,29,12,3,4,48,0,292
7270.0,29,12,3,4,48,0,292
7271.0,29,12,3,4,48,0,292
7272.0,29,12,3,4,48,0,292
7273.0,29,12,3,4,48,0,292
7274.0,29,12,3,4,48,0,292
7275.0,29,12,3,4,48,0,292
7276.0,29,12,3,4,48,0,292
7277.0,29,12,3,4,48,0,292
7278.0,29,12,3,4,48,0,292
7279.0,29,12,3,4,48,0,292
7280.0,29,12,3,4,48,0,292
7281.0,29,12,3,4,48,0,292
7282.0,29,12,3,4,48,0,292
7283.0,29,12,3,4,48,0,292
7284.0,29,12,3,4,48,0,292
7285.0,29,12,3,4,48,0,292
7286.0,29,12,3,4,48,0,292
7287.0,29,12,3,4,48,0,292
7288.0,29,12,3,4,48,0,292
7289.0,29,12,3,4,48,0,292
7290.0,29,12,3,4,48,0,292
7291.0,29,12,3,4,48,0,292
7292.0,29,12,3,4,48,0,292
7293.0,29,12,3,4,48,0,292
7294.0,29,12,3,4,48,0,292
7295.0,29,12,3,4,48,0,292
7296.0,29,12,3,4,48,0,292
7297.0,29,12,3,4,48,0,292
7298.0,29,12,3,4,48,0,292
7299.0,29,12,3,4,48,0,292
7300.0,29,12,3,4,48,0,292
7301.0,29,12,3,4,48,0,292
7302.0,29,12,3,4,48,0,292
7303.0,29,12,3,4,48,0,292
7304.0,29,12,3,4,48,0,292
7305.0,29,12,3,4,48,0,292
7306.0,29,12,3,4,48,0,292
7307.0,29,12,3,4,48,0,292
7308.0,29,12,3,4,48,0,292
7309.0,29,12,3,4,48,0,292
7310.0,29,12,3,4,48,0,292
7311.0,29,12,3,4,48,0,292
7312.0,29,12,3,4,48,0,292
7313.0,29,12,3,4,48,0,292
7314.0,29,12,3,4,48,0,292
7315.0,29,12,3,4,48,0,292
7316.0,29,12,3,4,48,0,292
7317.0,29,12,3,4,48,0,292
7318.0,29,12,3,4,48,0,292
7319.0,29,12,3,4,48,0,292
7320.0,29,12,3,4,48,0,292
7321.0,29,12,3,4,48,0,292
7322.0,29,12,3,4,48,0,292
7323.0,29,12,3,4,48,0,292
7324.0,29,12,3,4,48,0,292
7325.0,29,12,3,4,48,0,292
7326.0,29,12,3,4,48,0,292
7327.0,29,12,3,4,48,0,292
7328.0,29,12,3,4,48,0,292
7329.0,29,12,3,4,48,0,292
7330.0,29,12,3,4,48,0,292
7331.0,29,12,3,4,48,0,292
7332.0,29,12,3,4,48,0,292
7333.0,29,12,3,4,48,0,292
7334.0,29,12,3,4,48,0,292
7335.0,29,12,3,4,48,0,292
7336.0,29,12,3,4,48,0,292
7337.0,29,12,3,4,48,0,292
7338.0,29,12,3,4,48,0,292
7339.0,29,12,3,4,48,0,292
7340.0,29,12,3,4,48,0,292
7341.0,29,12,3,4,48,0,292
7342.0,29,12,3,4,48,0,292
7343.0,29,12,3,4,48,0,292
7344.0,29,12,3,4,48,0,292
7345.0,29,12,3,4,48,0,292
7346.0,29,12,3,4,48,0,292
7347.0,29,12,3,4,48,0,292
7348.0,29,12,3,4,48,0,292
7349.0,29,12,3,4,48,0,292
7350.0,29,12,3,4,48,0,292
7351.0,29,12,3,4,48,0,292
7352.0,29,12,3,4,48,0,292
7353.0,29,12,3,4,48,0,292
7354.0,29,12,3,4,48,0,292
7355.0,29,12,3,4,48,0,292
7356.0,29,12,3,4,48,0,292
7357.0,29,12,3,4,48,0,292
7358.0,29,12,3,4,48,0,292
7359.0,29,12,3,4,48,0,292
7360.0,29,12,3,4,48,0,292
7361.0,29,12,3,4,48,0,292
7362.0,29,12,3,4,48,0,292
7363.0,29,12,3,4,48,0,292
7364.0,29,12,3,4,48,0,292
7365.0,29,12,3,4,48,0,292
7366.0,29,12,3,4,48,0,292
7367.0,29,12,3,4,48,0,292
7368.0,29,12,3,4,48,0,292
7369.0,29,12,3,4,48,0,292
7370.0,29,12,3,4,48,0,292
7371.0,29,12,3,4,48,0,292
7372.0,29,12,3,4,48,0,292
7373.0,29,12,3,4,48,0,292
7374.0,29,12,3,4,48,0,292
7375.0,29,12,3,4,48,0,292
7376.0,29,12,3,4,48,0,292
7377.0,29,12,3,4,48,0,292
7378.0,29,12,3,4,48,0,292
7379.0,29,12,3,4,48,0,292
7380.0,29,12,3,4,48,0,292
7381.0,29,12,3,4,48,0,292
7382.0,29,12,3,4,48,0,292
7383.0,29,12,3,4,48,0,292
7384.0,29,12,3,4,48,0,292
7385.0,29,12,3,4,48,0,292
7386.0,29,12,3,4,48,0,292
7387.0,29,12,3,4,48,0,292
7388.0,29,12,3,4,48,0,292
7389.0,29,12,3,4,48,0,292
7390.0,29,12,3,4,48,0,292
7391.0,29,12,3,4,48,0,292
7392.0,29,12,3,4,48,0,292
7393.0,29,12,3,4,48,0,292
7394.0,29,12,3,4,48,0,292
7395.0,29,12,3,4,48,0,292
7396.0,29,12,3,4,48,0,292
7397.0,29,12,3,4,48,0,292
7398.0,29,12,3,4,48,0,292
7399.0,29,12,3,4,48,0,292
7400.0,29,12,3,4,48,0,292
7401.0,29,12,3,4,48,0,292
7402.0,29,12,3,4,48,0,292
7403.0,29,12,3,4,48,0,292
7404.0,29,12,3,4,48,0,292
7405.0,29,12,3,4,48,0,292
7406.0,29,12,3,4,48,0,292
7407.0,29,12,3,4,48,0,292
7408.0,29,12,3,4,48,0,292
7409.0,29,12,3,4,48,0,292
7410.0,29,12,3,4,48,0,292
7411.0,29,12,3,4,48,0,292
7412.0,29,12,3,4,48,0,292
7413.0,29,12,3,4,48,0,292
7414.0,29,12,3,4,48,0,292
7415.0,29,12,3,4,48,0,292
7416.0,29,12,3,4,48,0,292
7417.0,29,12,3,4,48,0,292
7418.0,29,12,3,4,48,0,292
7419.0,29,12,3,4,48,0,292
7420.0,29,12,3,4,48,0,292
7421.0,29,12,3,4,48,0,292
7422.0,29,12,3,4,48,0,292
7423.0,29,12,3,4,48,0,292
7424.0,29,12,3,4,48,0,292
7425.0,29,12,3,4,48,0,292
7426.0,29,12,3,4,48,0,292
7427.0,29,12,3,4,48,0,292
7428.0,29,12,3,4,48,0,292
7429.0,29,12,3,4,48,0,292
7430.0,29,12,3,4,48,0,292
7431.0,29,12,3,4,48,0,292
7432.0,29,12,3,4,48,0,292
7433.0,29,12,3,4,48,0,292
7434.0,29,12,3,4,48,0,292
7435.0,29,12,3,4,48,0,292
7436.0,29,12,3,4,48,0,292
7437.0,29,12,3,4,48,0,292
7438.0,29,12,3,4,48,0,292
7439.0,29,12,3,4,48,0,292
7440.0,29,12,3,4,48,0,292
7441.0,29,12,3,4,48,0,292
7442.0,29,12,3,4,48,0,292
7443.0,29,12,3,4,48,0,292
7444.0,29,12,3,4,48,0,292
7445.0,29,12,3,4,48,0,292
7446.0,29,12,3,4,48,0,292
7447.0,29,12,3,4,48,0,292
7448.0,29,12,3,4,48,0,292
7449.0,29,12,3,4,48,0,292
7450.0,29,12,3,4,48,0,292
7451.0,29,12,3,4,48,0,292
7452.0,29,12,3,4,48,0,292
7453.0,29,12,3,4,48,0,292
7454.0,29,12,3,4,48,0,292
7455.0,29,12,3,4,48,0,292
7456.0,29,12,3,4,48,0,292
7457.0,29,12,3,4,48,0,292
7458.0,29,12,3,4,48,0,292
7459.0,29,12,3,4,48,0,292
7460.0,29,12,3,4,48,0,292
7461.0,29,12,3,4,48,0,292
7462.0,29,12,3,4,48,0,292
7463.0,29,12,3,4,48,0,292
7464.0,29,12,3,4,48,0,292
7465.0,29,12,3,4,48,0,292
7466.0,29,12,3,4,48,0,292
7467.0,29,12,3,4,48,0,292
7468.0,29,12,3,4,48,0,292
7469.0,29,12,3,4,48,0,292
7470.0,29,12,3,4,48,0,292
7471.0,29,12,3,4,48,0,292
7472.0,29,12,3,4,48,0,292
7473.0,29,12,3,4,48,0,292
7474.0,29,12,3,4,48,0,292
7475.0,29,12,3,4,48,0,292
7476.0,29,12,3,4,48,0,292
7477.0,29,12,3,4,48,0,292
7478.0,29,12,3,4,48,0,292
7479.0,29,12,3,4,48,0,292
7480.0,29,12,3,4,48,0,292
7481.0,29,12,3,4,48,0,292
7482.0,29,12,3,4,48,0,292
7483.0,29,12,3,4,48,0,292
7484.0,29,12,3,4,48,0,292
7485.0,29,12,3,4,48,0,292
7486.0,29,12,3,4,48,0,292
7487.0,29,12,3,4,48,0,292
7488.0,29,12,3,4,48,0,292
7489.0,29,12,3,4,48,0,292
7490.0,29,12,3,4,48,0,292
7491.0,29,12,3,4,48,0,292
7492.0,29,12,3,4,48,0,292
7493.0,29,12,3,4,48,0,292
7494.0,29,12,3,4,48,0,292
7495.0,29,12,3,4,48,0,292
7496.0,29,12,3,4,48,0,292
7497.0,29,12,3,4,48,0,292
7498.0,29,12,3,4,48,0,292
7499.0,29,12,3,4,48,0,292
7500.0,29,12,3,4,48,0,292
7501.0,29,12,3,4,48,0,292
7502.0,29,12,3,4,48,0,292
7503.0,29,12,3,4,48,0,292
7504.0,29,12,3,4,48,0,292
7505.0,29,12,3,4,48,0,292
7506.0,29,12,3,4,48,0,292
7507.0,29,12,3,4,48,0,292
7508.0,29,12,3,4,48,0,292
7509.0,29,12,3,4,48,0,292
7510.0,29,12,3,4,48,0,292
7511.0,29,12,3,4,48,0,292
7512.0,29,12,3,4,48,0,292
7513.0,29,12,3,4,48,0,292
7514.0,29,12,3,4,48,0,292
7515.0,29,12,3,4,48,0,292
7516.0,29,12,3,4,48,0,292
7517.0,29,12,3,4,48,0,292
7518.0,29,12,3,4,48,0,292
7519.0,29,12,3,4,48,0,292
7520.0,29,12,3,4,48,0,292
7521.0,29,12,3,4,48,0,292
7522.0,29,12,3,4,48,0,292
7523.0,29,12,3,4,48,0,292
7524.0,29,12,3,4,48,0,292
7525.0,29,12,3,4,48,0,292
7526.0,29,12,3,4,48,0,292
7527.0,29,12,3,4,48,0,292
7528.0,29,12,3,4,48,0,292
7529.0,29,12,3,4,48,0,292
7530.0,29,12,3,4,48,0,292
7531.0,29,12,3,4,48,0,292
7532.0,29,12,3,4,48,0,292
7533.0,29,12,3,4,48,0,292
7534.0,29,12,3,4,48,0,292
7535.0,29,12,3,4,48,0,292
7536.0,29,12,3,4,48,0,292
7537.0,29,12,3,4,48,0,292
7538.0,29,12,3,4,48,0,292
7539.0,29,12,3,4,48,0,292
7540.0,29,12,3,4,48,0,292
7541.0,29,12,3,4,48,0,292
7542.0,29,12,3,4,48,0,292
7543.0,29,12,3,4,48,0,292
7544.0,29,12,3,4,48,0,292
7545.0,29,12,3,4,48,0,292
7546.0,29,12,3,4,48,0,292
7547.0,29,12,3,4,48,0,292
7548.0,29,12,3,4,48,0,292
7549.0,29,12,3,4,48,0,292
7550.0,29,12,3,4,48,0,292
7551.0,29,12,3,4,48,0,292
7552.0,29,12,3,4,48,0,292
7553.0,29,12,3,4,48,0,292
7554.0,29,12,3,4,48,0,292
7555.0,29,12,3,4,48,0,292
7556.0,29,12,3,4,48,0,292
7557.0,29,12,3,4,48,0,292
7558.0,29,12,3,4,48,0,292
7559.0,29,12,3,4,48,0,292
7560.0,29,12,3,4,48,0,292
7561.0,29,12,3,4,48,0,292
7562.0,29,12,3,4,48,0,292
7563.0,29,12,3,4,48,0,292
7564.0,29,12,3,4,48,0,292
7565.0,29,12,3,4,48,0,292
7566.0,29,12,3,4,48,0,292
7567.0,29,12,3,4,48,0,292
7568.0,29,12,3,4,48,0,292
7569.0,29,12,3,4,48,0,292
7570.0,29,12,3,4,48,0,292
7571.0,29,12,3,4,48,0,292
7572.0,29,12,3,4,48,0,292
7573.0,29,12,3,4,48,0,292
7574.0,29,12,3,4,48,0,292
7575.0,29,12,3,4,48,0,292
7576.0,29,12,3,4,48,0,292
7577.0,29,12,3,4,48,0,292
7578.0,29,12,3,4,48,0,292
7579.0,29,12,3,4,48,0,292
7580.0,29,12,3,4,48,0,292
7581.0,29,12,3,4,48,0,292
7582.0,29,12,3,4,48,0,292
7583.0,29,12,3,4,48,0,292
7584.0,29,12,3,4,48,0,292
7585.0,29,12,3,4,48,0,292
7586.0,29,12,3,4,48,0,292
7587.0,29,12,3,4,48,0,292
7588.0,29,12,3,4,48,0,292
7589.0,29,12,3,4,48,0,292
7590.0,29,12,3,4,48,0,292
7591.0,29,12,3,4,48,0,292
7592.0,29,12,3,4,48,0,292
7593.0,29,12,3,4,48,0,292
7594.0,29,12,3,4,48,0,292
7595.0,29,12,3,4,48,0,292
7596.0,29,12,3,4,48,0,292
7597.0,29,12,3,4,48,0,292
7598.0,29,12,3,4,48,0,292
7599.0,29,12,3,4,48,0,292
7600.0,29,12,3,4,48,0,292
7601.0,29,12,3,4,48,0,292
7602.0,29,12,3,4,48,0,292
7603.0,29,12,3,4,48,0,292
7604.0,29,12,3,4,48,0,292
7605.0,29,12,3,4,48,0,292
7606.0,29,12,3,4,48,0,292
7607.0,29,12,3,4,48,0,292
7608.0,29,12,3,4,48,0,292
7609.0,29,12,3,4,48,0,292
7610.0,29,12,3,4,48,0,292
7611.0,29,12,3,4,48,0,292
7612.0,29,12,3,4,48,0,292
7613.0,29,12,3,4,48,0,292
7614.0,29,12,3,4,48,0,292
7615.0,29,12,3,4,48,0,292
7616.0,29,12,3,4,48,0,292
7617.0,29,12,3,4,48,0,292
7618.0,29,12,3,4,48,0,292
7619.0,29,12,3,4,48,0,292
7620.0,29,12,3,4,48,0,292
7621.0,29,12,3,4,48,0,292
7622.0,29,12,3,4,48,0,292
7623.0,29,12,3,4,48,0,292
7624.0,29,12,3,4,48,0,292
7625.0,29,12,3,4,48,0,292
7626.0,29,12,3,4,48,0,292
7627.0,29,12,3,4,48,0,292
7628.0,29,12,3,4,48,0,292
7629.0,29,12,3,4,48,0,292
7630.0,29,12,3,4,48,0,292
7631.0,29,12,3,4,48,0,292
7632.0,29,12,3,4,48,0,292
7633.0,29,12,3,4,48,0,292
7634.0,29,12,3,4,48,0,292
7635.0,29,12,3,4,48,0,292
7636.0,29,12,3,4,48,0,292
7637.0,29,12,3,4,48,0,292
7638.0,29,12,3,4,48,0,292
7639.0,29,12,3,4,48,0,292
7640.0,29,12,3,4,48,0,292
7641.0,29,12,3,4,48,0,292
7642.0,29,12,3,4,48,0,292
7643.0,29,12,3,4,48,0,292
7644.0,29,12,3,4,48,0,292
7645.0,29,12,3,4,48,0,292
7646.0,29,12,3,4,48,0,292
7647.0,29,12,3,4,48,0,292
7648.0,29,12,3,4,48,0,292
7649.0,29,12,3,4,48,0,292
7650.0,29,12,3,4,48,0,292
7651.0,29,12,3,4,48,0,292
7652.0,29,12,3,4,48,0,292
7653.0,29,12,3,4,48,0,292
7654.0,29,12,3,4,48,0,292
7655.0,29,12,3,4,48,0,292
7656.0,29,12,3,4,48,0,292
7657.0,29,12,3,4,48,0,292
7658.0,29,12,3,4,48,0,292
7659.0,29,12,3,4,48,0,292
7660.0,29,12,3,4,48,0,292
7661.0,29,12,3,4,48,0,292
7662.0,29,12,3,4,48,0,292
7663.0,29,12,3,4,48,0,292
7664.0,29,12,3,4,48,0,292
7665.0,29,12,3,4,48,0,292
7666.0,29,12,3,4,48,0,292
7667.0,29,12,3,4,48,0,292
7668.0,29,12,3,4,48,0,292
7669.0,29,12,3,4,48,0,292
7670.0,29,12,3,4,48,0,292
7671.0,29,12,3,4,48,0,292
7672.0,29,12,3,4,48,0,292
7673.0,29,12,3,4,48,0,292
7674.0,29,12,3,4,48,0,292
7675.0,29,12,3,4,48,0,292
7676.0,29,12,3,4,48,0,292
7677.0,29,12,3,4,48,0,292
7678.0,29,12,3,4,48,0,292
7679.0,29,12,3,4,48,0,292
7680.0,29,12,3,4,48,0,292
7681.0,29,12,3,4,48,0,292
7682.0,29,12,3,4,48,0,292
7683.0,29,12,3,4,48,0,292
7684.0,29,12,3,4,48,0,292
7685.0,29,12,3,4,48,0,292
7686.0,29,12,3,4,48,0,292
7687.0,29,12,3,4,48,0,292
7688.0,29,12,3,4,48,0,292
7689.0,29,12,3,4,48,0,292
7690.0,29,12,3,4,48,0,292
7691.0,29,12,3,4,48,0,292
7692.0,29,12,3,4,48,0,292
7693.0,29,12,3,4,48,0,292
7694.0,29,12,3,4,48,0,292
7695.0,29,12,3,4,48,0,292
7696.0,29,12,3,4,48,0,292
7697.0,29,12,3,4,48,0,292
7698.0,29,12,3,4,48,0,292
7699.0,29,12,3,4,48,0,292
7700.0,29,12,3,4,48,0,292
7701.0,29,12,3,4,48,0,292
7702.0,29,12,3,4,48,0,292
7703.0,29,12,3,4,48,0,292
7704.0,29,12,3,4,48,0,292
7705.0,29,12,3,4,48,0,292
7706.0,29,12,3,4,48,0,292
7707.0,29,12,3,4,48,0,292
7708.0,29,12,3,4,48,0,292
7709.0,29,12,3,4,48,0,292
7710.0,29,12,3,4,48,0,292
7711.0,29,12,3,4,48,0,292
7712.0,29,12,3,4,48,0,292
7713.0,29,12,3,4,48,0,292
7714.0,29,12,3,4,48,0,292
7715.0,29,12,3,4,48,0,292
7716.0,29,12,3,4,48,0,292
7717.0,29,12,3,4,48,0,292
7718.0,29,12,3,4,48,0,292
7719.0,29,12,3,4,48,0,292
7720.0,29,12,3,4,48,0,292
7721.0,29,12,3,4,48,0,292
7722.0,29,12,3,4,48,0,292
7723.0,29,12,3,4,48,0,292
7724.0,29,12,3,4,48,0,292
7725.0,29,12,3,4,48,0,292
7726.0,29,12,3,4,48,0,292
7727.0,29,12,3,4,48,0,292
7728.0,29,12,3,4,48,0,292
7729.0,29,12,3,4,48,0,292
7730.0,29,12,3,4,48,0,292
7731.0,29,12,3,4,48,0,292
7732.0,29,12,3,4,48,0,292
7733.0,29,12,3,4,48,0,292
7734.0,29,12,3,4,48,0,292
7735.0,29,12,3,4,48,0,292
7736.0,29,12,3,4,48,0,292
7737.0,29,12,3,4,48,0,292
7738.0,29,12,3,4,48,0,292
7739.0,29,12,3,4,48,0,292
7740.0,29,12,3,4,48,0,292
7741.0,29,12,3,4,48,0,292
7742.0,29,12,3,4,48,0,292
7743.0,29,12,3,4,48,0,292
7744.0,29,12,3,4,48,0,292
7745.0,29,12,3,4,48,0,292
7746.0,29,12,3,4,48,0,292
7747.0,29,12,3,4,48,0,292
7748.0,29,12,3,4,48,0,292
7749.0,29,12,3,4,48,0,292
7750.0,29,12,3,4,48,0,292
7751.0,29,12,3,4,48,0,292
7752.0,29,12,3,4,48,0,292
7753.0,29,12,3,4,48,0,292
7754.0,29,12,3,4,48,0,292
7755.0,29,12,3,4,48,0,292
7756.0,29,12,3,4,48,0,292
7757.0,29,12,3,4,48,0,292
7758.0,29,12,3,4,48,0,292
7759.0,29,12,3,4,48,0,292
7760.0,29,12,3,4,48,0,292
7761.0,29,12,3,4,48,0,292
7762.0,29,12,3,4,48,0,292
7763.0,29,12,3,4,48,0,292
7764.0,29,12,3,4,48,0,292
7765.0,29,12,3,4,48,0,292
7766.0,29,12,3,4,48,0,292
7767.0,29,12,3,4,48,0,292
7768.0,29,12,3,4,48,0,292
7769.0,29,12,3,4,48,0,292
7770.0,29,12,3,4,48,0,292
7771.0,29,12,3,4,48,0,292
7772.0,29,12,3,4,48,0,292
7773.0,29,12,3,4,48,0,292
7774.0,29,12,3,4,48,0,292
7775.0,29,12,3,4,48,0,292
7776.0,29,12,3,4,48,0,292
7777.0,29,12,3,4,48,0,292
7778.0,29,12,3,4,48,0,292
7779.0,29,12,3,4,48,0,292
7780.0,29,12,3,4,48,0,292
7781.0,29,12,3,4,48,0,292
7782.0,29,12,3,4,48,0,292
7783.0,29,12,3,4,48,0,292
7784.0,29,12,3,4,48,0,292
7785.0,29,12,3,4,48,0,292
7786.0,29,12,3,4,48,0,292
7787.0,29,12,3,4,48,0,292
7788.0,29,12,3,4,48,0,292
7789.0,29,12,3,4,48,0,292
7790.0,29,12,3,4,48,0,292
7791.0,29,12,3,4,48,0,292
7792.0,29,12,3,4,48,0,292
7793.0,29,12,3,4,48,0,292
7794.0,29,12,3,4,48,0,292
7795.0,29,12,3,4,48,0,292
7796.0,29,12,3,4,48,0,292
7797.0,29,12,3,4,48,0,292
7798.0,29,12,3,4,48,0,292
7799.0,29,12,3,4,48,0,292
7800.0,29,12,3,4,48,0,292
7801.0,29,12,3,4,48,0,292
7802.0,29,12,3,4,48,0,292
7803.0,29,12,3,4,48,0,292
7804.0,29,12,3,4,48,0,292
7805.0,29,12,3,4,48,0,292
7806.0,29,12,3,4,48,0,292
7807.0,29,12,3,4,48,0,292
7808.0,29,12,3,4,48,0,292
7809.0,29,12,3,4,48,0,292
7810.0,29,12,3,4,48,0,292
7811.0,29,12,3,4,48,0,292
7812.0,29,12,3,4,48,0,292
7813.0,29,12,3,4,48,0,292
7814.0,29,12,3,4,48,0,292
7815.0,29,12,3,4,48,0,292
7816.0,29,12,3,4,48,0,292
7817.0,29,12,3,4,48,0,292
7818.0,29,12,3,4,48,0,292
7819.0,29,12,3,4,48,0,292
7820.0,29,12,3,4,48,0,292
7821.0,29,12,3,4,48,0,292
7822.0,29,12,3,4,48,0,292
7823.0,29,12,3,4,48,0,292
7824.0,29,12,3,4,48,0,292
7825.0,29,12,3,4,48,0,292
7826.0,29,12,3,4,48,0,292
7827.0,29,12,3,4,48,0,292
7828.0,29,12,3,4,48,0,292
7829.0,29,12,3,4,48,0,292
7830.0,29,12,3,4,48,0,292
7831.0,29,12,3,4,48,0,292
7832.0,29,12,3,4,48,0,292
7833.0,29,12,3,4,48,0,292
7834.0,29,12,3,4,48,0,292
7835.0,29,12,3,4,48,0,292
7836.0,29,12,3,4,48,0,292
7837.0,29,12,3,4,48,0,292
7838.0,29,12,3,4,48,0,292
7839.0,29,12,3,4,48,0,292
7840.0,29,12,3,4,48,0,292
7841.0,29,12,3,4,48,0,292
7842.0,29,12,3,4,48,0,292
7843.0,29,12,3,4,48,0,292
7844.0,29,12,3,4,48,0,292
7845.0,29,12,3,4,48,0,292
7846.0,29,12,3,4,48,0,292
7847.0,29,12,3,4,48,0,292
7848.0,29,12,3,4,48,0,292
7849.0,29,12,3,4,48,0,292
7850.0,29,12,3,4,48,0,292
7851.0,29,12,3,4,48,0,292
7852.0,29,12,3,4,48,0,292
7853.0,29,12,3,4,48,0,292
7854.0,29,12,3,4,48,0,292
7855.0,29,12,3,4,48,0,292
7856.0,29,12,3,4,48,0,292
7857.0,29,12,3,4,48,0,292
7858.0,29,12,3,4,48,0,292
7859.0,29,12,3,4,48,0,292
7860.0,29,12,3,4,48,0,292
7861.0,29,12,3,4,48,0,292
7862.0,29,12,3,4,48,0,292
7863.0,29,12,3,4,48,0,292
7864.0,29,12,3,4,48,0,292
7865.0,29,12,3,4,48,0,292
7866.0,29,12,3,4,48,0,292
7867.0,29,12,3,4,48,0,292
7868.0,29,12,3,4,48,0,292
7869.0,29,12,3,4,48,0,292
7870.0,29,12,3,4,48,0,292
7871.0,29,12,3,4,48,0,292
7872.0,29,12,3,4,48,0,292
7873.0,29,12,3,4,48,0,292
7874.0,29,12,3,4,48,0,292
7875.0,29,12,3,4,48,0,292
7876.0,29,12,3,4,48,0,292
7877.0,29,12,3,4,48,0,292
7878.0,29,12,3,4,48,0,292
7879.0,29,12,3,4,48,0,292
7880.0,29,12,3,4,48,0,292
7881.0,29,12,3,4,48,0,292
7882.0,29,12,3,4,48,0,292
7883.0,29,12,3,4,48,0,292
7884.0,29,12,3,4,48,0,292
7885.0,29,12,3,4,48,0,292
7886.0,29,12,3,4,48,0,292
7887.0,29,12,3,4,48,0,292
7888.0,29,12,3,4,48,0,292
7889.0,29,12,3,4,48,0,292
7890.0,29,12,3,4,48,0,292
7891.0,29,12,3,4,48,0,292
7892.0,29,12,3,4,48,0,292
7893.0,29,12,3,4,48,0,292
7894.0,29,12,3,4,48,0,292
7895.0,29,12,3,4,48,0,292
7896.0,29,12,3,4,48,0,292
7897.0,29,12,3,4,48,0,292
7898.0,29,12,3,4,48,0,292
7899.0,29,12,3,4,48,0,292
7900.0,29,12,3,4,48,0,292
7901.0,29,12,3,4,48,0,292
7902.0,29,12,3,4,48,0,292
7903.0,29,12,3,4,48,0,292
7904.0,29,12,3,4,48,0,292
7905.0,29,12,3,4,48,0,292
7906.0,29,12,3,4,48,0,292
7907.0,29,12,3,4,48,0,292
7908.0,29,12,3,4,48,0,292
7909.0,29,12,3,4,48,0,292
7910.0,29,12,3,4,48,0,292
7911.0,29,12,3,4,48,0,292
7912.0,29,12,3,4,48,0,292
7913.0,29,12,3,4,48,0,292
7914.0,29,12,3,4,48,0,292
7915.0,29,12,3,4,48,0,292
7916.0,29,12,3,4,48,0,292
7917.0,29,12,3,4,48,0,292
7918.0,29,12,3,4,48,0,292
7919.0,29,12,3,4,48,0,292
7920.0,29,12,3,4,48,0,292
7921.0,29,12,3,4,48,0,292
7922.0,29,12,3,4,48,0,292
7923.0,29,12,3,4,48,0,292
7924.0,29,12,3,4,48,0,292
7925.0,29,12,3,4,48,0,292
7926.0,29,12,3,4,48,0,292
7927.0,29,12,3,4,48,0,292
7928.0,29,12,3,4,48,0,292
7929.0,29,12,3,4,48,0,292
7930.0,29,12,3,4,48,0,292
7931.0,29,12,3,4,48,0,292
7932.0,29,12,3,4,48,0,292
7933.0,29,12,3,4,48,0,292
7934.0,29,12,3,4,48,0,292
7935.0,29,12,3,4,48,0,292
7936.0,29,12,3,4,48,0,292
7937.0,29,12,3,4,48,0,292
7938.0,29,12,3,4,48,0,292
7939.0,29,12,3,4,48,0,292
7940.0,29,12,3,4,48,0,292
7941.0,29,12,3,4,48,0,292
7942.0,29,12,3,4,48,0,292
7943.0,29,12,3,4,48,0,292
7944.0,29,12,3,4,48,0,292
7945.0,29,12,3,4,48,0,292
7946.0,29,12,3,4,48,0,292
7947.0,29,12,3,4,48,0,292
7948.0,29,12,3,4,48,0,292
7949.0,29,12,3,4,48,0,292
7950.0,29,12,3,4,48,0,292
7951.0,29,12,3,4,48,0,292
7952.0,29,12,3,4,48,0,292
7953.0,29,12,3,4,48,0,292
7954.0,29,12,3,4,48,0,292
7955.0,29,12,3,4,48,0,292
7956.0,29,12,3,4,48,0,292
7957.0,29,12,3,4,48,0,292
7958.0,29,12,3,4,48,0,292
7959.0,29,12,3,4,48,0,292
7960.0,29,12,3,4,48,0,292
7961.0,29,12,3,4,48,0,292
7962.0,29,12,3,4,48,0,292
7963.0,29,12,3,4,48,0,292
7964.0,29,12,3,4,48,0,292
7965.0,29,12,3,4,48,0,292
7966.0,29,12,3,4,48,0,292
7967.0,29,12,3,4,48,0,292
7968.0,29,12,3,4,48,0,292
7969.0,29,12,3,4,48,0,292
7970.0,29,12,3,4,48,0,292
7971.0,29,12,3,4,48,0,292
7972.0,29,12,3,4,48,0,292
7973.0,29,12,3,4,48,0,292
7974.0,29,12,3,4,48,0,292
7975.0,29,12,3,4,48,0,292
7976.0,29,12,3,4,48,0,292
7977.0,29,12,3,4,48,0,292
7978.0,29,12,3,4,48,0,292
7979.0,29,12,3,4,48,0,292
7980.0,29,12,3,4,48,0,292
7981.0,29,12,3,4,48,0,292
7982.0,29,12,3,4,48,0,292
7983.0,29,12,3,4,48,0,292
7984.0,29,12,3,4,48,0,292
7985.0,29,12,3,4,48,0,292
7986.0,29,12,3,4,48,0,292
7987.0,29,12,3,4,48,0,292
7988.0,29,12,3,4,48,0,292
7989.0,29,12,3,4,48,0,292
7990.0,29,12,3,4,48,0,292
7991.0,29,12,3,4,48,0,292
7992.0,29,12,3,4,48,0,292
7993.0,29,12,3,4,48,0,292
7994.0,29,12,3,4,48,0,292
7995.0,29,12,3,4,48,0,292
7996.0,29,12,3,4,48,0,292
7997.0,29,12,3,4,48,0,292
7998.0,29,12,3,4,48,0,292
7999.0,29,12,3,4,48,0,292
8000.0,29,12,3,4,48,0,292
8001.0,29,12,3,4,48,0,292
8002.0,29,12,3,4,48,0,292
8003.0,29,12,3,4,48,0,292
8004.0,29,12,3,4,48,0,292
8005.0,29,12,3,4,48,0,292
8006.0,29,12,3,4,48,0,292
8007.0,29,12,3,4,48,0,292
8008.0,29,12,3,4,48,0,292
8009.0,29,12,3,4,48,0,292
8010.0,29,12,3,4,48,0,292
8011.0,29,12,3,4,48,0,292
8012.0,29,12,3,4,48,0,292
8013.0,29,12,3,4,48,0,292
8014.0,29,12,3,4,48,0,292
8015.0,29,12,3,4,48,0,292
8016.0,29,12,3,4,48,0,292
8017.0,29,12,3,4,48,0,292
8018.0,29,12,3,4,48,0,292
8019.0,29,12,3,4,48,0,292
8020.0,29,12,3,4,48,0,292
8021.0,29,12,3,4,48,0,292
8022.0,29,12,3,4,48,0,292
8023.0,29,12,3,4,48,0,292
8024.0,29,12,3,4,48,0,292
8025.0,29,12,3,4,48,0,292
8026.0,29,12,3,4,48,0,292
8027.0,29,12,3,4,48,0,292
8028.0,29,12,3,4,48,0,292
8029.0,29,12,3,4,48,0,292
8030.0,29,12,3,4,48,0,292
8031.0,29,12,3,4,48,0,292
8032.0,29,12,3,4,48,0,292
8033.0,29,12,3,4,48,0,292
8034.0,29,12,3,4,48,0,292
8035.0,29,12,3,4,48,0,292
8036.0,29,12,3,4,48,0,292
8037.0,29,12,3,4,48,0,292
8038.0,29,12,3,4,48,0,292
8039.0,29,12,3,4,48,0,292
8040.0,29,12,3,4,48,0,292
8041.0,29,12,3,4,48,0,292
8042.0,29,12,3,4,48,0,292
8043.0,29,12,3,4,48,0,292
8044.0,29,12,3,4,48,0,292
8045.0,29,12,3,4,48,0,292
8046.0,29,12,3,4,48,0,292
8047.0,29,12,3,4,48,0,292
8048.0,29,12,3,4,48,0,292
8049.0,29,12,3,4,48,0,292
8050.0,29,12,3,4,48,0,292
8051.0,29,12,3,4,48,0,292
8052.0,29,12,3,4,48,0,292
8053.0,29,12,3,4,48,0,292
8054.0,29,12,3,4,48,0,292
8055.0,29,12,3,4,48,0,292
8056.0,29,12,3,4,48,0,292
8057.0,29,12,3,4,48,0,292
8058.0,29,12,3,4,48,0,292
8059.0,29,12,3,4,48,0,292
8060.0,29,12,3,4,48,0,292
8061.0,29,12,3,4,48,0,292
8062.0,29,12,3,4,48,0,292
8063.0,29,12,3,4,48,0,292
8064.0,29,12,3,4,48,0,292
8065.0,29,12,3,4,48,0,292
8066.0,29,12,3,4,48,0,292
8067.0,29,12,3,4,48,0,292
8068.0,29,12,3,4,48,0,292
8069.0,29,12,3,4,48,0,292
8070.0,29,12,3,4,48,0,292
8071.0,29,12,3,4,48,0,292
8072.0,29,12,3,4,48,0,292
8073.0,29,12,3,4,48,0,292
8074.0,29,12,3,4,48,0,292
8075.0,29,12,3,4,48,0,292
8076.0,29,12,3,4,48,0,292
8077.0,29,12,3,4,48,0,292
8078.0,29,12,3,4,48,0,292
8079.0,29,12,3,4,48,0,292
8080.0,29,12,3,4,48,0,292
8081.0,29,12,3,4,48,0,292
8082.0,29,12,3,4,48,0,292
8083.0,29,12,3,4,48,0,292
8084.0,29,12,3,4,48,0,292
8085.0,29,12,3,4,48,0,292
8086.0,29,12,3,4,48,0,292
8087.0,29,12,3,4,48,0,292
8088.0,29,12,3,4,48,0,292
8089.0,29,12,3,4,48,0,292
8090.0,29,12,3,4,48,0,292
8091.0,29,12,3,4,48,0,292
8092.0,29,12,3,4,48,0,292
8093.0,29,12,3,4,48,0,292
8094.0,29,12,3,4,48,0,292
8095.0,29,12,3,4,48,0,292
8096.0,29,12,3,4,48,0,292
8097.0,29,12,3,4,48,0,292
8098.0,29,12,3,4,48,0,292
8099.0,29,12,3,4,48,0,292
8100.0,29,12,3,4,48,0,292
8101.0,29,12,3,4,48,0,292
8102.0,29,12,3,4,48,0,292
8103.0,29,12,3,4,48,0,292
8104.0,29,12,3,4,48,0,292
8105.0,29,12,3,4,48,0,292
8106.0,29,12,3,4,48,0,292
8107.0,29,12,3,4,48,0,292
8108.0,29,12,3,4,48,0,292
8109.0,29,12,3,4,48,0,292
8110.0,29,12,3,4,48,0,292
8111.0,29,12,3,4,48,0,292
8112.0,29,12,3,4,48,0,292
8113.0,29,12,3,4,48,0,292
8114.0,29,12,3,4,48,0,292
8115.0,29,12,3,4,48,0,292
8116.0,29,12,3,4,48,0,292
8117.0,29,12,3,4,48,0,292
8118.0,29,12,3,4,48,0,292
8119.0,29,12,3,4,48,0,292
8120.0,29,12,3,4,48,0,292
8121.0,29,12,3,4,48,0,292
8122.0,29,12,3,4,48,0,292
8123.0,29,12,3,4,48,0,292
8124.0,29,12,3,4,48,0,292
8125.0,29,12,3,4,48,0,292
8126.0,29,12,3,4,48,0,292
8127.0,29,12,3,4,48,0,292
8128.0,29,12,3,4,48,0,292
8129.0,29,12,3,4,48,0,292
8130.0,29,12,3,4,48,0,292
8131.0,29,12,3,4,48,0,292
8132.0,29,12,3,4,48,0,292
8133.0,29,12,3,4,48,0,292
8134.0,29,12,3,4,48,0,292
8135.0,29,12,3,4,48,0,292
8136.0,29,12,3,4,48,0,292
8137.0,29,12,3,4,48,0,292
8138.0,29,12,3,4,48,0,292
8139.0,29,12,3,4,48,0,292
8140.0,29,12,3,4,48,0,292
8141.0,29,12,3,4,48,0,292
8142.0,29,12,3,4,48,0,292
8143.0,29,12,3,4,48,0,292
8144.0,29,12,3,4,48,0,292
8145.0,29,12,3,4,48,0,292
8146.0,29,12,3,4,48,0,292
8147.0,29,12,3,4,48,0,292
8148.0,29,12,3,4,48,0,292
8149.0,29,12,3,4,48,0,292
8150.0,29,12,3,4,48,0,292
8151.0,29,12,3,4,48,0,292
8152.0,29,12,3,4,48,0,292
8153.0,29,12,3,4,48,0,292
8154.0,29,12,3,4,48,0,292
8155.0,29,12,3,4,48,0,292
8156.0,29,12,3,4,48,0,292
8157.0,29,12,3,4,48,0,292
8158.0,29,12,3,4,48,0,292
8159.0,29,12,3,4,48,0,292
8160.0,29,12,3,4,48,0,292
8161.0,29,12,3,4,48,0,292
8162.0,29,12,3,4,48,0,292
8163.0,29,12,3,4,48,0,292
8164.0,29,12,3,4,48,0,292
8165.0,29,12,3,4,48,0,292
8166.0,29,12,3,4,48,0,292
8167.0,29,12,3,4,48,0,292
8168.0,29,12,3,4,48,0,292
8169.0,29,12,3,4,48,0,292
8170.0,29,12,3,4,48,0,292
8171.0,29,12,3,4,48,0,292
8172.0,29,12,3,4,48,0,292
8173.0,29,12,3,4,48,0,292
8174.0,29,12,3,4,48,0,292
8175.0,29,12,3,4,48,0,292
8176.0,29,12,3,4,48,0,292
8177.0,29,12,3,4,48,0,292
8178.0,29,12,3,4,48,0,292
8179.0,29,12,3,4,48,0,292
8180.0,29,12,3,4,48,0,292
8181.0,29,12,3,4,48,0,292
8182.0,29,12,3,4,48,0,292
8183.0,29,12,3,4,48,0,292
8184.0,29,12,3,4,48,0,292
8185.0,29,12,3,4,48,0,292
8186.0,29,12,3,4,48,0,292
8187.0,29,12,3,4,48,0,292
8188.0,29,12,3,4,48,0,292
8189.0,29,12,3,4,48,0,292
8190.0,29,12,3,4,48,0,292
8191.0,29,12,3,4,48,0,292
8192.0,29,12,3,4,48,0,292
8193.0,29,12,3,4,48,0,292
8194.0,29,12,3,4,48,0,292
8195.0,29,12,3,4,48,0,292
8196.0,29,12,3,4,48,0,292
8197.0,29,12,3,4,48,0,292
8198.0,29,12,3,4,48,0,292
8199.0,29,12,3,4,48,0,292
8200.0,29,12,3,4,48,0,292
8201.0,29,12,3,4,48,0,292
8202.0,29,12,3,4,48,0,292
8203.0,29,12,3,4,48,0,292
8204.0,29,12,3,4,48,0,292
8205.0,29,12,3,4,48,0,292
8206.0,29,12,3,4,48,0,292
8207.0,29,12,3,4,48,0,292
8208.0,29,12,3,4,48,0,292
8209.0,29,12,3,4,48,0,292
8210.0,29,12,3,4,48,0,292
8211.0,29,12,3,4,48,0,292
8212.0,29,12,3,4,48,0,292
8213.0,29,12,3,4,48,0,292
8214.0,29,12,3,4,48,0,292
8215.0,29,12,3,4,48,0,292
8216.0,29,12,3,4,48,0,292
8217.0,29,12,3,4,48,0,292
8218.0,29,12,3,4,48,0,292
8219.0,29,12,3,4,48,0,292
8220.0,29,12,3,4,48,0,292
8221.0,29,12,3,4,48,0,292
8222.0,29,12,3,4,48,0,292
8223.0,29,12,3,4,48,0,292
8224.0,29,12,3,4,48,0,292
8225.0,29,12,3,4,48,0,292
8226.0,29,12,3,4,48,0,292
8227.0,29,12,3,4,48,0,292
8228.0,29,12,3,4,48,0,292
8229.0,29,12,3,4,48,0,292
8230.0,29,12,3,4,48,0,292
8231.0,29,12,3,4,48,0,292
8232.0,29,12,3,4,48,0,292
8233.0,29,12,3,4,48,0,292
8234.0,29,12,3,4,48,0,292
8235.0,29,12,3,4,48,0,292
8236.0,29,12,3,4,48,0,292
8237.0,29,12,3,4,48,0,292
8238.0,29,12,3,4,48,0,292
8239.0,29,12,3,4,48,0,292
8240.0,29,12,3,4,48,0,292
8241.0,29,12,3,4,48,0,292
8242.0,29,12,3,4,48,0,292
8243.0,29,12,3,4,48,0,292
8244.0,29,12,3,4,48,0,292
8245.0,29,12,3,4,48,0,292
8246.0,29,12,3,4,48,0,292
8247.0,29,12,3,4,48,0,292
8248.0,29,12,3,4,48,0,292
8249.0,29,12,3,4,48,0,292
8250.0,29,12,3,4,48,0,292
8251.0,29,12,3,4,48,0,292
8252.0,29,12,3,4,48,0,292
8253.0,29,12,3,4,48,0,292
8254.0,29,12,3,4,48,0,292
8255.0,29,12,3,4,48,0,292
8256.0,29,12,3,4,48,0,292
8257.0,29,12,3,4,48,0,292
8258.0,29,12,3,4,48,0,292
8259.0,29,12,3,4,48,0,292
8260.0,29,12,3,4,48,0,292
8261.0,29,12,3,4,48,0,292
8262.0,29,12,3,4,48,0,292
8263.0,29,12,3,4,48,0,292
8264.0,29,12,3,4,48,0,292
8265.0,29,12,3,4,48,0,292
8266.0,29,12,3,4,48,0,292
8267.0,29,12,3,4,48,0,292
8268.0,29,12,3,4,48,0,292
8269.0,29,12,3,4,48,0,292
8270.0,29,12,3,4,48,0,292
8271.0,29,12,3,4,48,0,292
8272.0,29,12,3,4,48,0,292
8273.0,29,12,3,4,48,0,292
8274.0,29,12,3,4,48,0,292
8275.0,29,12,3,4,48,0,292
8276.0,29,12,3,4,48,0,292
8277.0,29,12,3,4,48,0,292
8278.0,29,12,3,4,48,0,292
8279.0,29,12,3,4,48,0,292
8280.0,29,12,3,4,48,0,292
8281.0,29,12,3,4,48,0,292
8282.0,29,12,3,4,48,0,292
8283.0,29,12,3,4,48,0,292
8284.0,29,12,3,4,48,0,292
8285.0,29,12,3,4,48,0,292
8286.0,29,12,3,4,48,0,292
8287.0,29,12,3,4,48,0,292
8288.0,29,12,3,4,48,0,292
8289.0,29,12,3,4,48,0,292
8290.0,29,12,3,4,48,0,292
8291.0,29,12,3,4,48,0,292
8292.0,29,12,3,4,48,0,292
8293.0,29,12,3,4,48,0,292
8294.0,29,12,3,4,48,0,292
8295.0,29,12,3,4,48,0,292
8296.0,29,12,3,4,48,0,292
8297.0,29,12,3,4,48,0,292
8298.0,29,12,3,4,48,0,292
8299.0,29,12,3,4,48,0,292
8300.0,29,12,3,4,48,0,292
8301.0,29,12,3,4,48,0,292
8302.0,29,12,3,4,48,0,292
8303.0,29,12,3,4,48,0,292
8304.0,29,12,3,4,48,0,292
8305.0,29,12,3,4,48,0,292
8306.0,29,12,3,4,48,0,292
8307.0,29,12,3,4,48,0,292
8308.0,29,12,3,4,48,0,292
8309.0,29,12,3,4,48,0,292
8310.0,29,12,3,4,48,0,292
8311.0,29,12,3,4,48,0,292
8312.0,29,12,3,4,48,0,292
8313.0,29,12,3,4,48,0,292
8314.0,29,12,3,4,48,0,292
8315.0,29,12,3,4,48,0,292
8316.0,29,12,3,4,48,0,292
8317.0,29,12,3,4,48,0,292
8318.0,29,12,3,4,48,0,292
8319.0,29,12,3,4,48,0,292
8320.0,29,12,3,4,48,0,292
8321.0,29,12,3,4,48,0,292
8322.0,29,12,3,4,48,0,292
8323.0,29,12,3,4,48,0,292
8324.0,29,12,3,4,48,0,292
8325.0,29,12,3,4,48,0,292
8326.0,29,12,3,4,48,0,292
8327.0,29,12,3,4,48,0,292
8328.0,29,12,3,4,48,0,292
8329.0,29,12,3,4,48,0,292
8330.0,29,12,3,4,48,0,292
8331.0,29,12,3,4,48,0,292
8332.0,29,12,3,4,48,0,292
8333.0,29,12,3,4,48,0,292
8334.0,29,12,3,4,48,0,292
8335.0,29,12,3,4,48,0,292
8336.0,29,12,3,4,48,0,292
8337.0,29,12,3,4,48,0,292
8338.0,29,12,3,4,48,0,292
8339.0,29,12,3,4,48,0,292
8340.0,29,12,3,4,48,0,292
8341.0,29,12,3,4,48,0,292
8342.0,29,12,3,4,48,0,292
8343.0,29,12,3,4,48,0,292
8344.0,29,12,3,4,48,0,292
8345.0,29,12,3,4,48,0,292
8346.0,29,12,3,4,48,0,292
8347.0,29,12,3,4,48,0,292
8348.0,29,12,3,4,48,0,292
8349.0,29,12,3,4,48,0,292
8350.0,29,12,3,4,48,0,292
8351.0,29,12,3,4,48,0,292
8352.0,29,12,3,4,48,0,292
8353.0,29,12,3,4,48,0,292
8354.0,29,12,3,4,48,0,292
8355.0,29,12,3,4,48,0,292
8356.0,29,12,3,4,48,0,292
8357.0,29,12,3,4,48,0,292
8358.0,29,12,3,4,48,0,292
8359.0,29,12,3,4,48,0,292
8360.0,29,12,3,4,48,0,292
8361.0,29,12,3,4,48,0,292
8362.0,29,12,3,4,48,0,292
8363.0,29,12,3,4,48,0,292
8364.0,29,12,3,4,48,0,292
8365.0,29,12,3,4,48,0,292
8366.0,29,12,3,4,48,0,292
8367.0,29,12,3,4,48,0,292
8368.0,29,12,3,4,48,0,292
8369.0,29,12,3,4,48,0,292
8370.0,29,12,3,4,48,0,292
8371.0,29,12,3,4,48,0,292
8372.0,29,12,3,4,48,0,292
8373.0,29,12,3,4,48,0,292
8374.0,29,12,3,4,48,0,292
8375.0,29,12,3,4,48,0,292
8376.0,29,12,3,4,48,0,292
8377.0,29,12,3,4,48,0,292
8378.0,29,12,3,4,48,0,292
8379.0,29,12,3,4,48,0,292
8380.0,29,12,3,4,48,0,292
8381.0,29,12,3,4,48,0,292
8382.0,29,12,3,4,48,0,292
8383.0,29,12,3,4,48,0,292
8384.0,29,12,3,4,48,0,292
8385.0,29,12,3,4,48,0,292
8386.0,29,12,3,4,48,0,292
8387.0,29,12,3,4,48,0,292
8388.0,29,12,3,4,48,0,292
8389.0,29,12,3,4,48,0,292
8390.0,29,12,3,4,48,0,292
8391.0,29,12,3,4,48,0,292
8392.0,29,12,3,4,48,0,292
8393.0,29,12,3,4,48,0,292
8394.0,29,12,3,4,48,0,292
8395.0,29,12,3,4,48,0,292
8396.0,29,12,3,4,48,0,292
8397.0,29,12,3,4,48,0,292
8398.0,29,12,3,4,48,0,292
8399.0,29,12,3,4,48,0,292
8400.0,29,12,3,4,48,0,292
8401.0,29,12,3,4,48,0,292
8402.0,29,12,3,4,48,0,292
8403.0,29,12,3,4,48,0,292
8404.0,29,12,3,4,48,0,292
8405.0,29,12,3,4,48,0,292
8406.0,29,12,3,4,48,0,292
8407.0,29,12,3,4,48,0,292
8408.0,29,12,3,4,48,0,292
8409.0,29,12,3,4,48,0,292
8410.0,29,12,3,4,48,0,292
8411.0,29,12,3,4,48,0,292
8412.0,29,12,3,4,48,0,292
8413.0,29,12,3,4,48,0,292
8414.0,29,12,3,4,48,0,292
8415.0,29,12,3,4,48,0,292
8416.0,29,12,3,4,48,0,292
8417.0,29,12,3,4,48,0,292
8418.0,29,12,3,4,48,0,292
8419.0,29,12,3,4,48,0,292
8420.0,29,12,3,4,48,0,292
8421.0,29,12,3,4,48,0,292
8422.0,29,12,3,4,48,0,292
8423.0,29,12,3,4,48,0,292
8424.0,29,12,3,4,48,0,292
8425.0,29,12,3,4,48,0,292
8426.0,29,12,3,4,48,0,292
8427.0,29,12,3,4,48,0,292
8428.0,29,12,3,4,48,0,292
8429.0,29,12,3,4,48,0,292
8430.0,29,12,3,4,48,0,292
8431.0,29,12,3,4,48,0,292
8432.0,29,12,3,4,48,0,292
8433.0,29,12,3,4,48,0,292
8434.0,29,12,3,4,48,0,292
8435.0,29,12,3,4,48,0,292
8436.0,29,12,3,4,48,0,292
8437.0,29,12,3,4,48,0,292
8438.0,29,12,3,4,48,0,292
8439.0,29,12,3,4,48,0,292
8440.0,29,12,3,4,48,0,292
8441.0,29,12,3,4,48,0,292
8442.0,29,12,3,4,48,0,292
8443.0,29,12,3,4,48,0,292
8444.0,29,12,3,4,48,0,292
8445.0,29,12,3,4,48,0,292
8446.0,29,12,3,4,48,0,292
8447.0,29,12,3,4,48,0,292
8448.0,29,12,3,4,48,0,292
8449.0,29,12,3,4,48,0,292
8450.0,29,12,3,4,48,0,292
8451.0,29,12,3,4,48,0,292
8452.0,29,12,3,4,48,0,292
8453.0,29,12,3,4,48,0,292
8454.0,29,12,3,4,48,0,292
8455.0,29,12,3,4,48,0,292
8456.0,29,12,3,4,48,0,292
8457.0,29,12,3,4,48,0,292
8458.0,29,12,3,4,48,0,292
8459.0,29,12,3,4,48,0,292
8460.0,29,12,3,4,48,0,292
8461.0,29,12,3,4,48,0,292
8462.0,29,12,3,4,48,0,292
8463.0,29,12,3,4,48,0,292
8464.0,29,12,3,4,48,0,292
8465.0,29,12,3,4,48,0,292
8466.0,29,12,3,4,48,0,292
8467.0,29,12,3,4,48,0,292
8468.0,29,12,3,4,48,0,292
8469.0,29,12,3,4,48,0,292
8470.0,29,12,3,4,48,0,292
8471.0,29,12,3,4,48,0,292
8472.0,29,12,3,4,48,0,292
8473.0,29,12,3,4,48,0,292
8474.0,29,12,3,4,48,0,292
8475.0,29,12,3,4,48,0,292
8476.0,29,12,3,4,48,0,292
8477.0,29,12,3,4,48,0,292
8478.0,29,12,3,4,48,0,292
8479.0,29,12,3,4,48,0,292
8480.0,29,12,3,4,48,0,292
8481.0,29,12,3,4,48,0,292
8482.0,29,12,3,4,48,0,292
8483.0,29,12,3,4,48,0,292
8484.0,29,12,3,4,48,0,292
8485.0,29,12,3,4,48,0,292
8486.0,29,12,3,4,48,0,292
8487.0,29,12,3,4,48,0,292
8488.0,29,12,3,4,48,0,292
8489.0,29,12,3,4,48,0,292
8490.0,29,12,3,4,48,0,292
8491.0,29,12,3,4,48,0,292
8492.0,29,12,3,4,48,0,292
8493.0,29,12,3,4,48,0,292
8494.0,29,12,3,4,48,0,292
8495.0,29,12,3,4,48,0,292
8496.0,29,12,3,4,48,0,292
8497.0,29,12,3,4,48,0,292
8498.0,29,12,3,4,48,0,292
8499.0,29,12,3,4,48,0,292
8500.0,29,12,3,4,48,0,292
8501.0,29,12,3,4,48,0,292
8502.0,29,12,3,4,48,0,292
8503.0,29,12,3,4,48,0,292
8504.0,29,12,3,4,48,0,292
8505.0,29,12,3,4,48,0,292
8506.0,29,12,3,4,48,0,292
8507.0,29,12,3,4,48,0,292
8508.0,29,12,3,4,48,0,292
8509.0,29,12,3,4,48,0,292
8510.0,29,12,3,4,48,0,292
8511.0,29,12,3,4,48,0,292
8512.0,29,12,3,4,48,0,292
8513.0,29,12,3,4,48,0,292
8514.0,29,12,3,4,48,0,292
8515.0,29,12,3,4,48,0,292
8516.0,29,12,3,4,48,0,292
8517.0,29,12,3,4,48,0,292
8518.0,29,12,3,4,48,0,292
8519.0,29,12,3,4,48,0,292
8520.0,29,12,3,4,48,0,292
8521.0,29,12,3,4,48,0,292
8522.0,29,12,3,4,48,0,292
8523.0,29,12,3,4,48,0,292
8524.0,29,12,3,4,48,0,292
8525.0,29,12,3,4,48,0,292
8526.0,29,12,3,4,48,0,292
8527.0,29,12,3,4,48,0,292
8528.0,29,12,3,4,48,0,292
8529.0,29,12,3,4,48,0,292
8530.0,29,12,3,4,48,0,292
8531.0,29,12,3,4,48,0,292
8532.0,29,12,3,4,48,0,292
8533.0,29,12,3,4,48,0,292
8534.0,29,12,3,4,48,0,292
8535.0,29,12,3,4,48,0,292
8536.0,29,12,3,4,48,0,292
8537.0,29,12,3,4,48,0,292
8538.0,29,12,3,4,48,0,292
8539.0,29,12,3,4,48,0,292
8540.0,29,12,3,4,48,0,292
8541.0,29,12,3,4,48,0,292
8542.0,29,12,3,4,48,0,292
8543.0,29,12,3,4,48,0,292
8544.0,29,12,3,4,48,0,292
8545.0,29,12,3,4,48,0,292
8546.0,29,12,3,4,48,0,292
8547.0,29,12,3,4,48,0,292
8548.0,29,12,3,4,48,0,292
8549.0,29,12,3,4,48,0,292
8550.0,29,12,3,4,48,0,292
8551.0,29,12,3,4,48,0,292
8552.0,29,12,3,4,48,0,292
8553.0,29,12,3,4,48,0,292
8554.0,29,12,3,4,48,0,292
8555.0,29,12,3,4,48,0,292
8556.0,29,12,3,4,48,0,292
8557.0,29,12,3,4,48,0,292
8558.0,29,12,3,4,48,0,292
8559.0,29,12,3,4,48,0,292
8560.0,29,12,3,4,48,0,292
8561.0,29,12,3,4,48,0,292
8562.0,29,12,3,4,48,0,292
8563.0,29,12,3,4,48,0,292
8564.0,29,12,3,4,48,0,292
8565.0,29,12,3,4,48,0,292
8566.0,29,12,3,4,48,0,292
8567.0,29,12,3,4,48,0,292
8568.0,29,12,3,4,48,0,292
8569.0,29,12,3,4,48,0,292
8570.0,29,12,3,4,48,0,292
8571.0,29,12,3,4,48,0,292
8572.0,29,12,3,4,48,0,292
8573.0,29,12,3,4,48,0,292
8574.0,29,12,3,4,48,0,292
8575.0,29,12,3,4,48,0,292
8576.0,29,12,3,4,48,0,292
8577.0,29,12,3,4,48,0,292
8578.0,29,12,3,4,48,0,292
8579.0,29,12,3,4,48,0,292
8580.0,29,12,3,4,48,0,292
8581.0,29,12,3,4,48,0,292
8582.0,29,12,3,4,48,0,292
8583.0,29,12,3,4,48,0,292
8584.0,29,12,3,4,48,0,292
8585.0,29,12,3,4,48,0,292
8586.0,29,12,3,4,48,0,292
8587.0,29,12,3,4,48,0,292
8588.0,29,12,3,4,48,0,292
8589.0,29,12,3,4,48,0,292
8590.0,29,12,3,4,48,0,292
8591.0,29,12,3,4,48,0,292
8592.0,29,12,3,4,48,0,292
8593.0,29,12,3,4,48,0,292
8594.0,29,12,3,4,48,0,292
8595.0,29,12,3,4,48,0,292
8596.0,29,12,3,4,48,0,292
8597.0,29,12,3,4,48,0,292
8598.0,29,12,3,4,48,0,292
8599.0,29,12,3,4,48,0,292
8600.0,29,12,3,4,48,0,292
8601.0,29,12,3,4,48,0,292
8602.0,29,12,3,4,48,0,292
8603.0,29,12,3,4,48,0,292
8604.0,29,12,3,4,48,0,292
8605.0,29,12,3,4,48,0,292
8606.0,29,12,3,4,48,0,292
8607.0,29,12,3,4,48,0,292
8608.0,29,12,3,4,48,0,292
8609.0,29,12,3,4,48,0,292
8610.0,29,12,3,4,48,0,292
8611.0,29,12,3,4,48,0,292
8612.0,29,12,3,4,48,0,292
8613.0,29,12,3,4,48,0,292
8614.0,29,12,3,4,48,0,292
8615.0,29,12,3,4,48,0,292
8616.0,29,12,3,4,48,0,292
8617.0,29,12,3,4,48,0,292
8618.0,29,12,3,4,48,0,292
8619.0,29,12,3,4,48,0,292
8620.0,29,12,3,4,48,0,292
8621.0,29,12,3,4,48,0,292
8622.0,29,12,3,4,48,0,292
8623.0,29,12,3,4,48,0,292
8624.0,29,12,3,4,48,0,292
8625.0,29,12,3,4,48,0,292
8626.0,29,12,3,4,48,0,292
8627.0,29,12,3,4,48,0,292
8628.0,29,12,3,4,48,0,292
8629.0,29,12,3,4,48,0,292
8630.0,29,12,3,4,48,0,292
8631.0,29,12,3,4,48,0,292
8632.0,29,12,3,4,48,0,292
8633.0,29,12,3,4,48,0,292
8634.0,29,12,3,4,48,0,292
8635.0,29,12,3,4,48,0,292
8636.0,29,12,3,4,48,0,292
8637.0,29,12,3,4,48,0,292
8638.0,29,12,3,4,48,0,292
8639.0,29,12,3,4,48,0,292
8640.0,29,12,3,4,48,0,292
8641.0,29,12,3,4,48,0,292
8642.0,29,12,3,4,48,0,292
8643.0,29,12,3,4,48,0,292
8644.0,29,12,3,4,48,0,292
8645.0,29,12,3,4,48,0,292
8646.0,29,12,3,4,48,0,292
8647.0,29,12,3,4,48,0,292
8648.0,29,12,3,4,48,0,292
8649.0,29,12,3,4,48,0,292
8650.0,29,12,3,4,48,0,292
8651.0,29,12,3,4,48,0,292
8652.0,29,12,3,4,48,0,292
8653.0,29,12,3,4,48,0,292
8654.0,29,12,3,4,48,0,292
8655.0,29,12,3,4,48,0,292
8656.0,29,12,3,4,48,0,292
8657.0,29,12,3,4,48,0,292
8658.0,29,12,3,4,48,0,292
8659.0,29,12,3,4,48,0,292
8660.0,29,12,3,4,48,0,292
8661.0,29,12,3,4,48,0,292
8662.0,29,12,3,4,48,0,292
8663.0,29,12,3,4,48,0,292
8664.0,29,12,3,4,48,0,292
8665.0,29,12,3,4,48,0,292
8666.0,29,12,3,4,48,0,292
8667.0,29,12,3,4,48,0,292
8668.0,29,12,3,4,48,0,292
8669.0,29,12,3,4,48,0,292
8670.0,29,12,3,4,48,0,292
8671.0,29,12,3,4,48,0,292
8672.0,29,12,3,4,48,0,292
8673.0,29,12,3,4,48,0,292
8674.0,29,12,3,4,48,0,292
8675.0,29,12,3,4,48,0,292
8676.0,29,12,3,4,48,0,292
8677.0,29,12,3,4,48,0,292
8678.0,29,12,3,4,48,0,292
8679.0,29,12,3,4,48,0,292
8680.0,29,12,3,4,48,0,292
8681.0,29,12,3,4,48,0,292
8682.0,29,12,3,4,48,0,292
8683.0,29,12,3,4,48,0,292
8684.0,29,12,3,4,48,0,292
8685.0,29,12,3,4,48,0,292
8686.0,29,12,3,4,48,0,292
8687.0,29,12,3,4,48,0,292
8688.0,29,12,3,4,48,0,292
8689.0,29,12,3,4,48,0,292
8690.0,29,12,3,4,48,0,292
8691.0,29,12,3,4,48,0,292
8692.0,29,12,3,4,48,0,292
8693.0,29,12,3,4,48,0,292
8694.0,29,12,3,4,48,0,292
8695.0,29,12,3,4,48,0,292
8696.0,29,12,3,4,48,0,292
8697.0,29,12,3,4,48,0,292
8698.0,29,12,3,4,48,0,292
8699.0,29,12,3,4,48,0,292
8700.0,29,12,3,4,48,0,292
8701.0,29,12,3,4,48,0,292
8702.0,29,12,3,4,48,0,292
8703.0,29,12,3,4,48,0,292
8704.0,29,12,3,4,48,0,292
8705.0,29,12,3,4,48,0,292
8706.0,29,12,3,4,48,0,292
8707.0,29,12,3,4,48,0,292
8708.0,29,12,3,4,48,0,292
8709.0,29,12,3,4,48,0,292
8710.0,29,12,3,4,48,0,292
8711.0,29,12,3,4,48,0,292
8712.0,29,12,3,4,48,0,292
8713.0,29,12,3,4,48,0,292
8714.0,29,12,3,4,48,0,292
8715.0,29,12,3,4,48,0,292
8716.0,29,12,3,4,48,0,292
8717.0,29,12,3,4,48,0,292
8718.0,29,12,3,4,48,0,292
8719.0,29,12,3,4,48,0,292
8720.0,29,12,3,4,48,0,292
8721.0,29,12,3,4,48,0,292
8722.0,29,12,3,4,48,0,292
8723.0,29,12,3,4,48,0,292
8724.0,29,12,3,4,48,0,292
8725.0,29,12,3,4,48,0,292
8726.0,29,12,3,4,48,0,292
8727.0,29,12,3,4,48,0,292
8728.0,29,12,3,4,48,0,292
8729.0,29,12,3,4,48,0,292
8730.0,29,12,3,4,48,0,292
8731.0,29,12,3,4,48,0,292
8732.0,29,12,3,4,48,0,292
8733.0,29,12,3,4,48,0,292
8734.0,29,12,3,4,48,0,292
8735.0,29,12,3,4,48,0,292
8736.0,29,12,3,4,48,0,292
8737.0,29,12,3,4,48,0,292
8738.0,29,12,3,4,48,0,292
8739.0,29,12,3,4,48,0,292
8740.0,29,12,3,4,48,0,292
8741.0,29,12,3,4,48,0,292
8742.0,29,12,3,4,48,0,292
8743.0,29,12,3,4,48,0,292
8744.0,29,12,3,4,48,0,292
8745.0,29,12,3,4,48,0,292
8746.0,29,12,3,4,48,0,292
8747.0,29,12,3,4,48,0,292
8748.0,29,12,3,4,48,0,292
8749.0,29,12,3,4,48,0,292
8750.0,29,12,3,4,48,0,292
8751.0,29,12,3,4,48,0,292
8752.0,29,12,3,4,48,0,292
8753.0,29,12,3,4,48,0,292
8754.0,29,12,3,4,48,0,292
8755.0,29,12,3,4,48,0,292
8756.0,29,12,3,4,48,0,292
8757.0,29,12,3,4,48,0,292
8758.0,29,12,3,4,48,0,292
8759.0,29,12,3,4,48,0,292
8760.0,29,12,3,4,48,0,292
8761.0,29,12,3,4,48,0,292
8762.0,29,12,3,4,48,0,292
8763.0,29,12,3,4,48,0,292
8764.0,29,12,3,4,48,0,292
8765.0,29,12,3,4,48,0,292
8766.0,29,12,3,4,48,0,292
8767.0,29,12,3,4,48,0,292
8768.0,29,12,3,4,48,0,292
8769.0,29,12,3,4,48,0,292
8770.0,29,12,3,4,48,0,292
8771.0,29,12,3,4,48,0,292
8772.0,29,12,3,4,48,0,292
8773.0,29,12,3,4,48,0,292
8774.0,29,12,3,4,48,0,292
8775.0,29,12,3,4,48,0,292
8776.0,29,12,3,4,48,0,292
8777.0,29,12,3,4,48,0,292
8778.0,29,12,3,4,48,0,292
8779.0,29,12,3,4,48,0,292
8780.0,29,12,3,4,48,0,292
8781.0,29,12,3,4,48,0,292
8782.0,29,12,3,4,48,0,292
8783.0,29,12,3,4,48,0,292
8784.0,29,12,3,4,48,0,292
8785.0,29,12,3,4,48,0,292
8786.0,29,12,3,4,48,0,292
8787.0,29,12,3,4,48,0,292
8788.0,29,12,3,4,48,0,292
8789.0,29,12,3,4,48,0,292
8790.0,29,12,3,4,48,0,292
8791.0,29,12,3,4,48,0,292
8792.0,29,12,3,4,48,0,292
8793.0,29,12,3,4,48,0,292
8794.0,29,12,3,4,48,0,292
8795.0,29,12,3,4,48,0,292
8796.0,29,12,3,4,48,0,292
8797.0,29,12,3,4,48,0,292
8798.0,29,12,3,4,48,0,292
8799.0,29,12,3,4,48,0,292
8800.0,29,12,3,4,48,0,292
8801.0,29,12,3,4,48,0,292
8802.0,29,12,3,4,48,0,292
8803.0,29,12,3,4,48,0,292
8804.0,29,12,3,4,48,0,292
8805.0,29,12,3,4,48,0,292
8806.0,29,12,3,4,48,0,292
8807.0,29,12,3,4,48,0,292
8808.0,29,12,3,4,48,0,292
8809.0,29,12,3,4,48,0,292
8810.0,29,12,3,4,48,0,292
8811.0,29,12,3,4,48,0,292
8812.0,29,12,3,4,48,0,292
8813.0,29,12,3,4,48,0,292
8814.0,29,12,3,4,48,0,292
8815.0,29,12,3,4,48,0,292
8816.0,29,12,3,4,48,0,292
8817.0,29,12,3,4,48,0,292
8818.0,29,12,3,4,48,0,292
8819.0,29,12,3,4,48,0,292
8820.0,29,12,3,4,48,0,292
8821.0,29,12,3,4,48,0,292
8822.0,29,12,3,4,48,0,292
8823.0,29,12,3,4,48,0,292
8824.0,29,12,3,4,48,0,292
8825.0,29,12,3,4,48,0,292
8826.0,29,12,3,4,48,0,292
8827.0,29,12,3,4,48,0,292
8828.0,29,12,3,4,48,0,292
8829.0,29,12,3,4,48,0,292
8830.0,29,12,3,4,48,0,292
8831.0,29,12,3,4,48,0,292
8832.0,29,12,3,4,48,0,292
8833.0,29,12,3,4,48,0,292
8834.0,29,12,3,4,48,0,292
8835.0,29,12,3,4,48,0,292
8836.0,29,12,3,4,48,0,292
8837.0,29,12,3,4,48,0,292
8838.0,29,12,3,4,48,0,292
8839.0,29,12,3,4,48,0,292
8840.0,29,12,3,4,48,0,292
8841.0,29,12,3,4,48,0,292
8842.0,29,12,3,4,48,0,292
8843.0,29,12,3,4,48,0,292
8844.0,29,12,3,4,48,0,292
8845.0,29,12,3,4,48,0,292
8846.0,29,12,3,4,48,0,292
8847.0,29,12,3,4,48,0,292
8848.0,29,12,3,4,48,0,292
8849.0,29,12,3,4,48,0,292
8850.0,29,12,3,4,48,0,292
8851.0,29,12,3,4,48,0,292
8852.0,29,12,3,4,48,0,292
8853.0,29,12,3,4,48,0,292
8854.0,29,12,3,4,48,0,292
8855.0,29,12,3,4,48,0,292
8856.0,29,12,3,4,48,0,292
8857.0,29,12,3,4,48,0,292
8858.0,29,12,3,4,48,0,292
8859.0,29,12,3,4,48,0,292
8860.0,29,12,3,4,48,0,292
8861.0,29,12,3,4,48,0,292
8862.0,29,12,3,4,48,0,292
8863.0,29,12,3,4,48,0,292
8864.0,29,12,3,4,48,0,292
8865.0,29,12,3,4,48,0,292
8866.0,29,12,3,4,48,0,292
8867.0,29,12,3,4,48,0,292
8868.0,29,12,3,4,48,0,292
8869.0,29,12,3,4,48,0,292
8870.0,29,12,3,4,48,0,292
8871.0,29,12,3,4,48,0,292
8872.0,29,12,3,4,48,0,292
8873.0,29,12,3,4,48,0,292
8874.0,29,12,3,4,48,0,292
8875.0,29,12,3,4,48,0,292
8876.0,29,12,3,4,48,0,292
8877.0,29,12,3,4,48,0,292
8878.0,29,12,3,4,48,0,292
8879.0,29,12,3,4,48,0,292
8880.0,29,12,3,4,48,0,292
8881.0,29,12,3,4,48,0,292
8882.0,29,12,3,4,48,0,292
8883.0,29,12,3,4,48,0,292
8884.0,29,12,3,4,48,0,292
8885.0,29,12,3,4,48,0,292
8886.0,29,12,3,4,48,0,292
8887.0,29,12,3,4,48,0,292
8888.0,29,12,3,4,48,0,292
8889.0,29,12,3,4,48,0,292
8890.0,29,12,3,4,48,0,292
8891.0,29,12,3,4,48,0,292
8892.0,29,12,3,4,48,0,292
8893.0,29,12,3,4,48,0,292
8894.0,29,12,3,4,48,0,292
8895.0,29,12,3,4,48,0,292
8896.0,29,12,3,4,48,0,292
8897.0,29,12,3,4,48,0,292
8898.0,29,12,3,4,48,0,292
8899.0,29,12,3,4,48,0,292
8900.0,29,12,3,4,48,0,292
8901.0,29,12,3,4,48,0,292
8902.0,29,12,3,4,48,0,292
8903.0,29,12,3,4,48,0,292
8904.0,29,12,3,4,48,0,292
8905.0,29,12,3,4,48,0,292
8906.0,29,12,3,4,48,0,292
8907.0,29,12,3,4,48,0,292
8908.0,29,12,3,4,48,0,292
8909.0,29,12,3,4,48,0,292
8910.0,29,12,3,4,48,0,292
8911.0,29,12,3,4,48,0,292
8912.0,29,12,3,4,48,0,292
8913.0,29,12,3,4,48,0,292
8914.0,29,12,3,4,48,0,292
8915.0,29,12,3,4,48,0,292
8916.0,29,12,3,4,48,0,292
8917.0,29,12,3,4,48,0,292
8918.0,29,12,3,4,48,0,292
8919.0,29,12,3,4,48,0,292
8920.0,29,12,3,4,48,0,292
8921.0,29,12,3,4,48,0,292
8922.0,29,12,3,4,48,0,292
8923.0,29,12,3,4,48,0,292
8924.0,29,12,3,4,48,0,292
8925.0,29,12,3,4,48,0,292
8926.0,29,12,3,4,48,0,292
8927.0,29,12,3,4,48,0,292
8928.0,29,12,3,4,48,0,292
8929.0,29,12,3,4,48,0,292
8930.0,29,12,3,4,48,0,292
8931.0,29,12,3,4,48,0,292
8932.0,29,12,3,4,48,0,292
8933.0,29,12,3,4,48,0,292
8934.0,29,12,3,4,48,0,292
8935.0,29,12,3,4,48,0,292
8936.0,29,12,3,4,48,0,292
8937.0,29,12,3,4,48,0,292
8938.0,29,12,3,4,48,0,292
8939.0,29,12,3,4,48,0,292
8940.0,29,12,3,4,48,0,292
8941.0,29,12,3,4,48,0,292
8942.0,29,12,3,4,48,0,292
8943.0,29,12,3,4,48,0,292
8944.0,29,12,3,4,48,0,292
8945.0,29,12,3,4,48,0,292
8946.0,29,12,3,4,48,0,292
8947.0,29,12,3,4,48,0,292
8948.0,29,12,3,4,48,0,292
8949.0,29,12,3,4,48,0,292
8950.0,29,12,3,4,48,0,292
8951.0,29,12,3,4,48,0,292
8952.0,29,12,3,4,48,0,292
8953.0,29,12,3,4,48,0,292
8954.0,29,12,3,4,48,0,292
8955.0,29,12,3,4,48,0,292
8956.0,29,12,3,4,48,0,292
8957.0,29,12,3,4,48,0,292
8958.0,29,12,3,4,48,0,292
8959.0,29,12,3,4,48,0,292
8960.0,29,12,3,4,48,0,292
8961.0,29,12,3,4,48,0,292
8962.0,29,12,3,4,48,0,292
8963.0,29,12,3,4,48,0,292
8964.0,29,12,3,4,48,0,292
8965.0,29,12,3,4,48,0,292
8966.0,29,12,3,4,48,0,292
8967.0,29,12,3,4,48,0,292
8968.0,29,12,3,4,48,0,292
8969.0,29,12,3,4,48,0,292
8970.0,29,12,3,4,48,0,292
8971.0,29,12,3,4,48,0,292
8972.0,29,12,3,4,48,0,292
8973.0,29,12,3,4,48,0,292
8974.0,29,12,3,4,48,0,292
8975.0,29,12,3,4,48,0,292
8976.0,29,12,3,4,48,0,292
8977.0,29,12,3,4,48,0,292
8978.0,29,12,3,4,48,0,292
8979.0,29,12,3,4,48,0,292
8980.0,29,12,3,4,48,0,292
8981.0,29,12,3,4,48,0,292
8982.0,29,12,3,4,48,0,292
8983.0,29,12,3,4,48,0,292
8984.0,29,12,3,4,48,0,292
8985.0,29,12,3,4,48,0,292
8986.0,29,12,3,4,48,0,292
8987.0,29,12,3,4,48,0,292
8988.0,29,12,3,4,48,0,292
8989.0,29,12,3,4,48,0,292
8990.0,29,12,3,4,48,0,292
8991.0,29,12,3,4,48,0,292
8992.0,29,12,3,4,48,0,292
8993.0,29,12,3,4,48,0,292
8994.0,29,12,3,4,48,0,292
8995.0,29,12,3,4,48,0,292
8996.0,29,12,3,4,48,0,292
8997.0,29,12,3,4,48,0,292
8998.0,29,12,3,4,48,0,292
8999.0,29,12,3,4,48,0,292
9000.0,29,12,3,4,48,0,292
9001.0,29,12,3,4,48,0,292
9002.0,29,12,3,4,48,0,292
9003.0,29,12,3,4,48,0,292
9004.0,29,12,3,4,48,0,292
9005.0,29,12,3,4,48,0,292
9006.0,29,12,3,4,48,0,292
9007.0,29,12,3,4,48,0,292
9008.0,29,12,3,4,48,0,292
9009.0,29,12,3,4,48,0,292
9010.0,29,12,3,4,48,0,292
9011.0,29,12,3,4,48,0,292
9012.0,29,12,3,4,48,0,292
9013.0,29,12,3,4,48,0,292
9014.0,29,12,3,4,48,0,292
9015.0,29,12,3,4,48,0,292
9016.0,29,12,3,4,48,0,292
9017.0,29,12,3,4,48,0,292
9018.0,29,12,3,4,48,0,292
9019.0,29,12,3,4,48,0,292
9020.0,29,12,3,4,48,0,292
9021.0,29,12,3,4,48,0,292
9022.0,29,12,3,4,48,0,292
9023.0,29,12,3,4,48,0,292
9024.0,29,12,3,4,48,0,292
9025.0,29,12,3,4,48,0,292
9026.0,29,12,3,4,48,0,292
9027.0,29,12,3,4,48,0,292
9028.0,29,12,3,4,48,0,292
9029.0,29,12,3,4,48,0,292
9030.0,29,12,3,4,48,0,292
9031.0,29,12,3,4,48,0,292
9032.0,29,12,3,4,48,0,292
9033.0,29,12,3,4,48,0,292
9034.0,29,12,3,4,48,0,292
9035.0,29,12,3,4,48,0,292
9036.0,29,12,3,4,48,0,292
9037.0,29,12,3,4,48,0,292
9038.0,29,12,3,4,48,0,292
9039.0,29,12,3,4,48,0,292
9040.0,29,12,3,4,48,0,292
9041.0,29,12,3,4,48,0,292
9042.0,29,12,3,4,48,0,292
9043.0,29,12,3,4,48,0,292
9044.0,29,12,3,4,48,0,292
9045.0,29,12,3,4,48,0,292
9046.0,29,12,3,4,48,0,292
9047.0,29,12,3,4,48,0,292
9048.0,29,12,3,4,48,0,292
9049.0,29,12,3,4,48,0,292
9050.0,29,12,3,4,48,0,292
9051.0,29,12,3,4,48,0,292
9052.0,29,12,3,4,48,0,292
9053.0,29,12,3,4,48,0,292
9054.0,29,12,3,4,48,0,292
9055.0,29,12,3,4,48,0,292
9056.0,29,12,3,4,48,0,292
9057.0,29,12,3,4,48,0,292
9058.0,29,12,3,4,48,0,292
9059.0,29,12,3,4,48,0,292
9060.0,29,12,3,4,48,0,292
9061.0,29,12,3,4,48,0,292
9062.0,29,12,3,4,48,0,292
9063.0,29,12,3,4,48,0,292
9064.0,29,12,3,4,48,0,292
9065.0,29,12,3,4,48,0,292
9066.0,29,12,3,4,48,0,292
9067.0,29,12,3,4,48,0,292
9068.0,29,12,3,4,48,0,292
9069.0,29,12,3,4,48,0,292
9070.0,29,12,3,4,48,0,292
9071.0,29,12,3,4,48,0,292
9072.0,29,12,3,4,48,0,292
9073.0,29,12,3,4,48,0,292
9074.0,29,12,3,4,48,0,292
9075.0,29,12,3,4,48,0,292
9076.0,29,12,3,4,48,0,292
9077.0,29,12,3,4,48,0,292
9078.0,29,12,3,4,48,0,292
9079.0,29,12,3,4,48,0,292
9080.0,29,12,3,4,48,0,292
9081.0,29,12,3,4,48,0,292
9082.0,29,12,3,4,48,0,292
9083.0,29,12,3,4,48,0,292
9084.0,29,12,3,4,48,0,292
9085.0,29,12,3,4,48,0,292
9086.0,29,12,3,4,48,0,292
9087.0,29,12,3,4,48,0,292
9088.0,29,12,3,4,48,0,292
9089.0,29,12,3,4,48,0,292
9090.0,29,12,3,4,48,0,292
9091.0,29,12,3,4,48,0,292
9092.0,29,12,3,4,48,0,292
9093.0,29,12,3,4,48,0,292
9094.0,29,12,3,4,48,0,292
9095.0,29,12,3,4,48,0,292
9096.0,29,12,3,4,48,0,292
9097.0,29,12,3,4,48,0,292
9098.0,29,12,3,4,48,0,292
9099.0,29,12,3,4,48,0,292
9100.0,29,12,3,4,48,0,292
9101.0,29,12,3,4,48,0,292
9102.0,29,12,3,4,48,0,292
9103.0,29,12,3,4,48,0,292
9104.0,29,12,3,4,48,0,292
9105.0,29,12,3,4,48,0,292
9106.0,29,12,3,4,48,0,292
9107.0,29,12,3,4,48,0,292
9108.0,29,12,3,4,48,0,292
9109.0,29,12,3,4,48,0,292
9110.0,29,12,3,4,48,0,292
9111.0,29,12,3,4,48,0,292
9112.0,29,12,3,4,48,0,292
9113.0,29,12,3,4,48,0,292
9114.0,29,12,3,4,48,0,292
9115.0,29,12,3,4,48,0,292
9116.0,29,12,3,4,48,0,292
9117.0,29,12,3,4,48,0,292
9118.0,29,12,3,4,48,0,292
9119.0,29,12,3,4,48,0,292
9120.0,29,12,3,4,48,0,292
9121.0,29,12,3,4,48,0,292
9122.0,29,12,3,4,48,0,292
9123.0,29,12,3,4,48,0,292
9124.0,29,12,3,4,48,0,292
9125.0,29,12,3,4,48,0,292
9126.0,29,12,3,4,48,0,292
9127.0,29,12,3,4,48,0,292
9128.0,29,12,3,4,48,0,292
9129.0,29,12,3,4,48,0,292
9130.0,29,12,3,4,48,0,292
9131.0,29,12,3,4,48,0,292
9132.0,29,12,3,4,48,0,292
9133.0,29,12,3,4,48,0,292
9134.0,29,12,3,4,48,0,292
9135.0,29,12,3,4,48,0,292
9136.0,29,12,3,4,48,0,292
9137.0,29,12,3,4,48,0,292
9138.0,29,12,3,4,48,0,292
9139.0,29,12,3,4,48,0,292
9140.0,29,12,3,4,48,0,292
9141.0,29,12,3,4,48,0,292
9142.0,29,12,3,4,48,0,292
9143.0,29,12,3,4,48,0,292
9144.0,29,12,3,4,48,0,292
9145.0,29,12,3,4,48,0,292
9146.0,29,12,3,4,48,0,292
9147.0,29,12,3,4,48,0,292
9148.0,29,12,3,4,48,0,292
9149.0,29,12,3,4,48,0,292
9150.0,29,12,3,4,48,0,292
9151.0,29,12,3,4,48,0,292
9152.0,29,12,3,4,48,0,292
9153.0,29,12,3,4,48,0,292
9154.0,29,12,3,4,48,0,292
9155.0,29,12,3,4,48,0,292
9156.0,29,12,3,4,48,0,292
9157.0,29,12,3,4,48,0,292
9158.0,29,12,3,4,48,0,292
9159.0,29,12,3,4,48,0,292
9160.0,29,12,3,4,48,0,292
9161.0,29,12,3,4,48,0,292
9162.0,29,12,3,4,48,0,292
9163.0,29,12,3,4,48,0,292
9164.0,29,12,3,4,48,0,292
9165.0,29,12,3,4,48,0,292
9166.0,29,12,3,4,48,0,292
9167.0,29,12,3,4,48,0,292
9168.0,29,12,3,4,48,0,292
9169.0,29,12,3,4,48,0,292
9170.0,29,12,3,4,48,0,292
9171.0,29,12,3,4,48,0,292
9172.0,29,12,3,4,48,0,292
9173.0,29,12,3,4,48,0,292
9174.0,29,12,3,4,48,0,292
9175.0,29,12,3,4,48,0,292
9176.0,29,12,3,4,48,0,292
9177.0,29,12,3,4,48,0,292
9178.0,29,12,3,4,48,0,292
9179.0,29,12,3,4,48,0,292
9180.0,29,12,3,4,48,0,292
9181.0,29,12,3,4,48,0,292
9182.0,29,12,3,4,48,0,292
9183.0,29,12,3,4,48,0,292
9184.0,29,12,3,4,48,0,292
9185.0,29,12,3,4,48,0,292
9186.0,29,12,3,4,48,0,292
9187.0,29,12,3,4,48,0,292
9188.0,29,12,3,4,48,0,292
9189.0,29,12,3,4,48,0,292
9190.0,29,12,3,4,48,0,292
9191.0,29,12,3,4,48,0,292
9192.0,29,12,3,4,48,0,292
9193.0,29,12,3,4,48,0,292
9194.0,29,12,3,4,48,0,292
9195.0,29,12,3,4,48,0,292
9196.0,29,12,3,4,48,0,292
9197.0,29,12,3,4,48,0,292
9198.0,29,12,3,4,48,0,292
9199.0,29,12,3,4,48,0,292
9200.0,29,12,3,4,48,0,292
9201.0,29,12,3,4,48,0,292
9202.0,29,12,3,4,48,0,292
9203.0,29,12,3,4,48,0,292
9204.0,29,12,3,4,48,0,292
9205.0,29,12,3,4,48,0,292
9206.0,29,12,3,4,48,0,292
9207.0,29,12,3,4,48,0,292
9208.0,29,12,3,4,48,0,292
9209.0,29,12,3,4,48,0,292
9210.0,29,12,3,4,48,0,292
9211.0,29,12,3,4,48,0,292
9212.0,29,12,3,4,48,0,292
9213.0,29,12,3,4,48,0,292
9214.0,29,12,3,4,48,0,292
9215.0,29,12,3,4,48,0,292
9216.0,29,12,3,4,48,0,292
9217.0,29,12,3,4,48,0,292
9218.0,29,12,3,4,48,0,292
9219.0,29,12,3,4,48,0,292
9220.0,29,12,3,4,48,0,292
9221.0,29,12,3,4,48,0,292
9222.0,29,12,3,4,48,0,292
9223.0,29,12,3,4,48,0,292
9224.0,29,12,3,4,48,0,292
9225.0,29,12,3,4,48,0,292
9226.0,29,12,3,4,48,0,292
9227.0,29,12,3,4,48,0,292
9228.0,29,12,3,4,48,0,292
9229.0,29,12,3,4,48,0,292
9230.0,29,12,3,4,48,0,292
9231.0,29,12,3,4,48,0,292
9232.0,29,12,3,4,48,0,292
9233.0,29,12,3,4,48,0,292
9234.0,29,12,3,4,48,0,292
9235.0,29,12,3,4,48,0,292
9236.0,29,12,3,4,48,0,292
9237.0,29,12,3,4,48,0,292
9238.0,29,12,3,4,48,0,292
9239.0,29,12,3,4,48,0,292
9240.0,29,12,3,4,48,0,292
9241.0,29,12,3,4,48,0,292
9242.0,29,12,3,4,48,0,292
9243.0,29,12,3,4,48,0,292
9244.0,29,12,3,4,48,0,292
9245.0,29,12,3,4,48,0,292
9246.0,29,12,3,4,48,0,292
9247.0,29,12,3,4,48,0,292
9248.0,29,12,3,4,48,0,292
9249.0,29,12,3,4,48,0,292
9250.0,29,12,3,4,48,0,292
9251.0,29,12,3,4,48,0,292
9252.0,29,12,3,4,48,0,292
9253.0,29,12,3,4,48,0,292
9254.0,29,12,3,4,48,0,292
9255.0,29,12,3,4,48,0,292
9256.0,29,12,3,4,48,0,292
9257.0,29,12,3,4,48,0,292
9258.0,29,12,3,4,48,0,292
9259.0,29,12,3,4,48,0,292
9260.0,29,12,3,4,48,0,292
9261.0,29,12,3,4,48,0,292
9262.0,29,12,3,4,48,0,292
9263.0,29,12,3,4,48,0,292
9264.0,29,12,3,4,48,0,292
9265.0,29,12,3,4,48,0,292
9266.0,29,12,3,4,48,0,292
9267.0,29,12,3,4,48,0,292
9268.0,29,12,3,4,48,0,292
9269.0,29,12,3,4,48,0,292
9270.0,29,12,3,4,48,0,292
9271.0,29,12,3,4,48,0,292
9272.0,29,12,3,4,48,0,292
9273.0,29,12,3,4,48,0,292
9274.0,29,12,3,4,48,0,292
9275.0,29,12,3,4,48,0,292
9276.0,29,12,3,4,48,0,292
9277.0,29,12,3,4,48,0,292
9278.0,29,12,3,4,48,0,292
9279.0,29,12,3,4,48,0,292
9280.0,29,12,3,4,48,0,292
9281.0,29,12,3,4,48,0,292
9282.0,29,12,3,4,48,0,292
9283.0,29,12,3,4,48,0,292
9284.0,29,12,3,4,48,0,292
9285.0,29,12,3,4,48,0,292
9286.0,29,12,3,4,48,0,292
9287.0,29,12,3,4,48,0,292
9288.0,29,12,3,4,48,0,292
9289.0,29,12,3,4,48,0,292
9290.0,29,12,3,4,48,0,292
9291.0,29,12,3,4,48,0,292
9292.0,29,12,3,4,48,0,292
9293.0,29,12,3,4,48,0,292
9294.0,29,12,3,4,48,0,292
9295.0,29,12,3,4,48,0,292
9296.0,29,12,3,4,48,0,292
9297.0,29,12,3,4,48,0,292
9298.0,29,12,3,4,48,0,292
9299.0,29,12,3,4,48,0,292
9300.0,29,12,3,4,48,0,292
9301.0,29,12,3,4,48,0,292
9302.0,29,12,3,4,48,0,292
9303.0,29,12,3,4,48,0,292
9304.0,29,12,3,4,48,0,292
9305.0,29,12,3,4,48,0,292
9306.0,29,12,3,4,48,0,292
9307.0,29,12,3,4,48,0,292
9308.0,29,12,3,4,48,0,292
9309.0,29,12,3,4,48,0,292
9310.0,29,12,3,4,48,0,292
9311.0,29,12,3,4,48,0,292
9312.0,29,12,3,4,48,0,292
9313.0,29,12,3,4,48,0,292
9314.0,29,12,3,4,48,0,292
9315.0,29,12,3,4,48,0,292
9316.0,29,12,3,4,48,0,292
9317.0,29,12,3,4,48,0,292
9318.0,29,12,3,4,48,0,292
9319.0,29,12,3,4,48,0,292
9320.0,29,12,3,4,48,0,292
9321.0,29,12,3,4,48,0,292
9322.0,29,12,3,4,48,0,292
9323.0,29,12,3,4,48,0,292
9324.0,29,12,3,4,48,0,292
9325.0,29,12,3,4,48,0,292
9326.0,29,12,3,4,48,0,292
9327.0,29,12,3,4,48,0,292
9328.0,29,12,3,4,48,0,292
9329.0,29,12,3,4,48,0,292
9330.0,29,12,3,4,48,0,292
9331.0,29,12,3,4,48,0,292
9332.0,29,12,3,4,48,0,292
9333.0,29,12,3,4,48,0,292
9334.0,29,12,3,4,48,0,292
9335.0,29,12,3,4,48,0,292
9336.0,29,12,3,4,48,0,292
9337.0,29,12,3,4,48,0,292
9338.0,29,12,3,4,48,0,292
9339.0,29,12,3,4,48,0,292
9340.0,29,12,3,4,48,0,292
9341.0,29,12,3,4,48,0,292
9342.0,29,12,3,4,48,0,292
9343.0,29,12,3,4,48,0,292
9344.0,29,12,3,4,48,0,292
9345.0,29,12,3,4,48,0,292
9346.0,29,12,3,4,48,0,292
9347.0,29,12,3,4,48,0,292
9348.0,29,12,3,4,48,0,292
9349.0,29,12,3,4,48,0,292
9350.0,29,12,3,4,48,0,292
9351.0,29,12,3,4,48,0,292
9352.0,29,12,3,4,48,0,292
9353.0,29,12,3,4,48,0,292
9354.0,29,12,3,4,48,0,292
9355.0,29,12,3,4,48,0,292
9356.0,29,12,3,4,48,0,292
9357.0,29,12,3,4,48,0,292
9358.0,29,12,3,4,48,0,292
9359.0,29,12,3,4,48,0,292
9360.0,29,12,3,4,48,0,292
9361.0,29,12,3,4,48,0,292
9362.0,29,12,3,4,48,0,292
9363.0,29,12,3,4,48,0,292
9364.0,29,12,3,4,48,0,292
9365.0,29,12,3,4,48,0,292
9366.0,29,12,3,4,48,0,292
9367.0,29,12,3,4,48,0,292
9368.0,29,12,3,4,48,0,292
9369.0,29,12,3,4,48,0,292
9370.0,29,12,3,4,48,0,292
9371.0,29,12,3,4,48,0,292
9372.0,29,12,3,4,48,0,292
9373.0,29,12,3,4,48,0,292
9374.0,29,12,3,4,48,0,292
9375.0,29,12,3,4,48,0,292
9376.0,29,12,3,4,48,0,292
9377.0,29,12,3,4,48,0,292
9378.0,29,12,3,4,48,0,292
9379.0,29,12,3,4,48,0,292
9380.0,29,12,3,4,48,0,292
9381.0,29,12,3,4,48,0,292
9382.0,29,12,3,4,48,0,292
9383.0,29,12,3,4,48,0,292
9384.0,29,12,3,4,48,0,292
9385.0,29,12,3,4,48,0,292
9386.0,29,12,3,4,48,0,292
9387.0,29,12,3,4,48,0,292
9388.0,29,12,3,4,48,0,292
9389.0,29,12,3,4,48,0,292
9390.0,29,12,3,4,48,0,292
9391.0,29,12,3,4,48,0,292
9392.0,29,12,3,4,48,0,292
9393.0,29,12,3,4,48,0,292
9394.0,29,12,3,4,48,0,292
9395.0,29,12,3,4,48,0,292
9396.0,29,12,3,4,48,0,292
9397.0,29,12,3,4,48,0,292
9398.0,29,12,3,4,48,0,292
9399.0,29,12,3,4,48,0,292
9400.0,29,12,3,4,48,0,292
9401.0,29,12,3,4,48,0,292
9402.0,29,12,3,4,48,0,292
9403.0,29,12,3,4,48,0,292
9404.0,29,12,3,4,48,0,292
9405.0,29,12,3,4,48,0,292
9406.0,29,12,3,4,48,0,292
9407.0,29,12,3,4,48,0,292
9408.0,29,12,3,4,48,0,292
9409.0,29,12,3,4,48,0,292
9410.0,29,12,3,4,48,0,292
9411.0,29,12,3,4,48,0,292
9412.0,29,12,3,4,48,0,292
9413.0,29,12,3,4,48,0,292
9414.0,29,12,3,4,48,0,292
9415.0,29,12,3,4,48,0,292
9416.0,29,12,3,4,48,0,292
9417.0,29,12,3,4,48,0,292
9418.0,29,12,3,4,48,0,292
9419.0,29,12,3,4,48,0,292
9420.0,29,12,3,4,48,0,292
9421.0,29,12,3,4,48,0,292
9422.0,29,12,3,4,48,0,292
9423.0,29,12,3,4,48,0,292
9424.0,29,12,3,4,48,0,292
9425.0,29,12,3,4,48,0,292
9426.0,29,12,3,4,48,0,292
9427.0,29,12,3,4,48,0,292
9428.0,29,12,3,4,48,0,292
9429.0,29,12,3,4,48,0,292
9430.0,29,12,3,4,48,0,292
9431.0,29,12,3,4,48,0,292
9432.0,29,12,3,4,48,0,292
9433.0,29,12,3,4,48,0,292
9434.0,29,12,3,4,48,0,292
9435.0,29,12,3,4,48,0,292
9436.0,29,12,3,4,48,0,292
9437.0,29,12,3,4,48,0,292
9438.0,29,12,3,4,48,0,292
9439.0,29,12,3,4,48,0,292
9440.0,29,12,3,4,48,0,292
9441.0,29,12,3,4,48,0,292
9442.0,29,12,3,4,48,0,292
9443.0,29,12,3,4,48,0,292
9444.0,29,12,3,4,48,0,292
9445.0,29,12,3,4,48,0,292
9446.0,29,12,3,4,48,0,292
9447.0,29,12,3,4,48,0,292
9448.0,29,12,3,4,48,0,292
9449.0,29,12,3,4,48,0,292
9450.0,29,12,3,4,48,0,292
9451.0,29,12,3,4,48,0,292
9452.0,29,12,3,4,48,0,292
9453.0,29,12,3,4,48,0,292
9454.0,29,12,3,4,48,0,292
9455.0,29,12,3,4,48,0,292
9456.0,29,12,3,4,48,0,292
9457.0,29,12,3,4,48,0,292
9458.0,29,12,3,4,48,0,292
9459.0,29,12,3,4,48,0,292
9460.0,29,12,3,4,48,0,292
9461.0,29,12,3,4,48,0,292
9462.0,29,12,3,4,48,0,292
9463.0,29,12,3,4,48,0,292
9464.0,29,12,3,4,48,0,292
9465.0,29,12,3,4,48,0,292
9466.0,29,12,3,4,48,0,292
9467.0,29,12,3,4,48,0,292
9468.0,29,12,3,4,48,0,292
9469.0,29,12,3,4,48,0,292
9470.0,29,12,3,4,48,0,292
9471.0,29,12,3,4,48,0,292
9472.0,29,12,3,4,48,0,292
9473.0,29,12,3,4,48,0,292
9474.0,29,12,3,4,48,0,292
9475.0,29,12,3,4,48,0,292
9476.0,29,12,3,4,48,0,292
9477.0,29,12,3,4,48,0,292
9478.0,29,12,3,4,48,0,292
9479.0,29,12,3,4,48,0,292
9480.0,29,12,3,4,48,0,292
9481.0,29,12,3,4,48,0,292
9482.0,29,12,3,4,48,0,292
9483.0,29,12,3,4,48,0,292
9484.0,29,12,3,4,48,0,292
9485.0,29,12,3,4,48,0,292
9486.0,29,12,3,4,48,0,292
9487.0,29,12,3,4,48,0,292
9488.0,29,12,3,4,48,0,292
9489.0,29,12,3,4,48,0,292
9490.0,29,12,3,4,48,0,292
9491.0,29,12,3,4,48,0,292
9492.0,29,12,3,4,48,0,292
9493.0,29,12,3,4,48,0,292
9494.0,29,12,3,4,48,0,292
9495.0,29,12,3,4,48,0,292
9496.0,29,12,3,4,48,0,292
9497.0,29,12,3,4,48,0,292
9498.0,29,12,3,4,48,0,292
9499.0,29,12,3,4,48,0,292
9500.0,29,12,3,4,48,0,292
9501.0,29,12,3,4,48,0,292
9502.0,29,12,3,4,48,0,292
9503.0,29,12,3,4,48,0,292
9504.0,29,12,3,4,48,0,292
9505.0,29,12,3,4,48,0,292
9506.0,29,12,3,4,48,0,292
9507.0,29,12,3,4,48,0,292
9508.0,29,12,3,4,48,0,292
9509.0,29,12,3,4,48,0,292
9510.0,29,12,3,4,48,0,292
9511.0,29,12,3,4,48,0,292
9512.0,29,12,3,4,48,0,292
9513.0,29,12,3,4,48,0,292
9514.0,29,12,3,4,48,0,292
9515.0,29,12,3,4,48,0,292
9516.0,29,12,3,4,48,0,292
9517.0,29,12,3,4,48,0,292
9518.0,29,12,3,4,48,0,292
9519.0,29,12,3,4,48,0,292
9520.0,29,12,3,4,48,0,292
9521.0,29,12,3,4,48,0,292
9522.0,29,12,3,4,48,0,292
9523.0,29,12,3,4,48,0,292
9524.0,29,12,3,4,48,0,292
9525.0,29,12,3,4,48,0,292
9526.0,29,12,3,4,48,0,292
9527.0,29,12,3,4,48,0,292
9528.0,29,12,3,4,48,0,292
9529.0,29,12,3,4,48,0,292
9530.0,29,12,3,4,48,0,292
9531.0,29,12,3,4,48,0,292
9532.0,29,12,3,4,48,0,292
9533.0,29,12,3,4,48,0,292
9534.0,29,12,3,4,48,0,292
9535.0,29,12,3,4,48,0,292
9536.0,29,12,3,4,48,0,292
9537.0,29,12,3,4,48,0,292
9538.0,29,12,3,4,48,0,292
9539.0,29,12,3,4,48,0,292
9540.0,29,12,3,4,48,0,292
9541.0,29,12,3,4,48,0,292
9542.0,29,12,3,4,48,0,292
9543.0,29,12,3,4,48,0,292
9544.0,29,12,3,4,48,0,292
9545.0,29,12,3,4,48,0,292
9546.0,29,12,3,4,48,0,292
9547.0,29,12,3,4,48,0,292
9548.0,29,12,3,4,48,0,292
9549.0,29,12,3,4,48,0,292
9550.0,29,12,3,4,48,0,292
9551.0,29,12,3,4,48,0,292
9552.0,29,12,3,4,48,0,292
9553.0,29,12,3,4,48,0,292
9554.0,29,12,3,4,48,0,292
9555.0,29,12,3,4,48,0,292
9556.0,29,12,3,4,48,0,292
9557.0,29,12,3,4,48,0,292
9558.0,29,12,3,4,48,0,292
9559.0,29,12,3,4,48,0,292
9560.0,29,12,3,4,48,0,292
9561.0,29,12,3,4,48,0,292
9562.0,29,12,3,4,48,0,292
9563.0,29,12,3,4,48,0,292
9564.0,29,12,3,4,48,0,292
9565.0,29,12,3,4,48,0,292
9566.0,29,12,3,4,48,0,292
9567.0,29,12,3,4,48,0,292
9568.0,29,12,3,4,48,0,292
9569.0,29,12,3,4,48,0,292
9570.0,29,12,3,4,48,0,292
9571.0,29,12,3,4,48,0,292
9572.0,29,12,3,4,48,0,292
9573.0,29,12,3,4,48,0,292
9574.0,29,12,3,4,48,0,292
9575.0,29,12,3,4,48,0,292
9576.0,29,12,3,4,48,0,292
9577.0,29,12,3,4,48,0,292
9578.0,29,12,3,4,48,0,292
9579.0,29,12,3,4,48,0,292
9580.0,29,12,3,4,48,0,292
9581.0,29,12,3,4,48,0,292
9582.0,29,12,3,4,48,0,292
9583.0,29,12,3,4,48,0,292
9584.0,29,12,3,4,48,0,292
9585.0,29,12,3,4,48,0,292
9586.0,29,12,3,4,48,0,292
9587.0,29,12,3,4,48,0,292
9588.0,29,12,3,4,48,0,292
9589.0,29,12,3,4,48,0,292
9590.0,29,12,3,4,48,0,292
9591.0,29,12,3,4,48,0,292
9592.0,29,12,3,4,48,0,292
9593.0,29,12,3,4,48,0,292
9594.0,29,12,3,4,48,0,292
9595.0,29,12,3,4,48,0,292
9596.0,29,12,3,4,48,0,292
9597.0,29,12,3,4,48,0,292
9598.0,29,12,3,4,48,0,292
9599.0,29,12,3,4,48,0,292
9600.0,29,12,3,4,48,0,292
9601.0,29,12,3,4,48,0,292
9602.0,29,12,3,4,48,0,292
9603.0,29,12,3,4,48,0,292
9604.0,29,12,3,4,48,0,292
9605.0,29,12,3,4,48,0,292
9606.0,29,12,3,4,48,0,292
9607.0,29,12,3,4,48,0,292
9608.0,29,12,3,4,48,0,292
9609.0,29,12,3,4,48,0,292
9610.0,29,12,3,4,48,0,292
9611.0,29,12,3,4,48,0,292
9612.0,29,12,3,4,48,0,292
9613.0,29,12,3,4,48,0,292
9614.0,29,12,3,4,48,0,292
9615.0,29,12,3,4,48,0,292
9616.0,29,12,3,4,48,0,292
9617.0,29,12,3,4,48,0,292
9618.0,29,12,3,4,48,0,292
9619.0,29,12,3,4,48,0,292
9620.0,29,12,3,4,48,0,292
9621.0,29,12,3,4,48,0,292
9622.0,29,12,3,4,48,0,292
9623.0,29,12,3,4,48,0,292
9624.0,29,12,3,4,48,0,292
9625.0,29,12,3,4,48,0,292
9626.0,29,12,3,4,48,0,292
9627.0,29,12,3,4,48,0,292
9628.0,29,12,3,4,48,0,292
9629.0,29,12,3,4,48,0,292
9630.0,29,12,3,4,48,0,292
9631.0,29,12,3,4,48,0,292
9632.0,29,12,3,4,48,0,292
9633.0,29,12,3,4,48,0,292
9634.0,29,12,3,4,48,0,292
9635.0,29,12,3,4,48,0,292
9636.0,29,12,3,4,48,0,292
9637.0,29,12,3,4,48,0,292
9638.0,29,12,3,4,48,0,292
9639.0,29,12,3,4,48,0,292
9640.0,29,12,3,4,48,0,292
9641.0,29,12,3,4,48,0,292
9642.0,29,12,3,4,48,0,292
9643.0,29,12,3,4,48,0,292
9644.0,29,12,3,4,48,0,292
9645.0,29,12,3,4,48,0,292
9646.0,29,12,3,4,48,0,292
9647.0,29,12,3,4,48,0,292
9648.0,29,12,3,4,48,0,292
9649.0,29,12,3,4,48,0,292
9650.0,29,12,3,4,48,0,292
9651.0,29,12,3,4,48,0,292
9652.0,29,12,3,4,48,0,292
9653.0,29,12,3,4,48,0,292
9654.0,29,12,3,4,48,0,292
9655.0,29,12,3,4,48,0,292
9656.0,29,12,3,4,48,0,292
9657.0,29,12,3,4,48,0,292
9658.0,29,12,3,4,48,0,292
9659.0,29,12,3,4,48,0,292
9660.0,29,12,3,4,48,0,292
9661.0,29,12,3,4,48,0,292
9662.0,29,12,3,4,48,0,292
9663.0,29,12,3,4,48,0,292
9664.0,29,12,3,4,48,0,292
9665.0,29,12,3,4,48,0,292
9666.0,29,12,3,4,48,0,292
9667.0,29,12,3,4,48,0,292
9668.0,29,12,3,4,48,0,292
9669.0,29,12,3,4,48,0,292
9670.0,29,12,3,4,48,0,292
9671.0,29,12,3,4,48,0,292
9672.0,29,12,3,4,48,0,292
9673.0,29,12,3,4,48,0,292
9674.0,29,12,3,4,48,0,292
9675.0,29,12,3,4,48,0,292
9676.0,29,12,3,4,48,0,292
9677.0,29,12,3,4,48,0,292
9678.0,29,12,3,4,48,0,292
9679.0,29,12,3,4,48,0,292
9680.0,29,12,3,4,48,0,292
9681.0,29,12,3,4,48,0,292
9682.0,29,12,3,4,48,0,292
9683.0,29,12,3,4,48,0,292
9684.0,29,12,3,4,48,0,292
9685.0,29,12,3,4,48,0,292
9686.0,29,12,3,4,48,0,292
9687.0,29,12,3,4,48,0,292
9688.0,29,12,3,4,48,0,292
9689.0,29,12,3,4,48,0,292
9690.0,29,12,3,4,48,0,292
9691.0,29,12,3,4,48,0,292
9692.0,29,12,3,4,48,0,292
9693.0,29,12,3,4,48,0,292
9694.0,29,12,3,4,48,0,292
9695.0,29,12,3,4,48,0,292
9696.0,29,12,3,4,48,0,292
9697.0,29,12,3,4,48,0,292
9698.0,29,12,3,4,48,0,292
9699.0,29,12,3,4,48,0,292
9700.0,29,12,3,4,48,0,292
9701.0,29,12,3,4,48,0,292
9702.0,29,12,3,4,48,0,292
9703.0,29,12,3,4,48,0,292
9704.0,29,12,3,4,48,0,292
9705.0,29,12,3,4,48,0,292
9706.0,29,12,3,4,48,0,292
9707.0,29,12,3,4,48,0,292
9708.0,29,12,3,4,48,0,292
9709.0,29,12,3,4,48,0,292
9710.0,29,12,3,4,48,0,292
9711.0,29,12,3,4,48,0,292
9712.0,29,12,3,4,48,0,292
9713.0,29,12,3,4,48,0,292
9714.0,29,12,3,4,48,0,292
9715.0,29,12,3,4,48,0,292
9716.0,29,12,3,4,48,0,292
9717.0,29,12,3,4,48,0,292
9718.0,29,12,3,4,48,0,292
9719.0,29,12,3,4,48,0,292
9720.0,29,12,3,4,48,0,292
9721.0,29,12,3,4,48,0,292
9722.0,29,12,3,4,48,0,292
9723.0,29,12,3,4,48,0,292
9724.0,29,12,3,4,48,0,292
9725.0,29,12,3,4,48,0,292
9726.0,29,12,3,4,48,0,292
9727.0,29,12,3,4,48,0,292
9728.0,29,12,3,4,48,0,292
9729.0,29,12,3,4,48,0,292
9730.0,29,12,3,4,48,0,292
9731.0,29,12,3,4,48,0,292
9732.0,29,12,3,4,48,0,292
9733.0,29,12,3,4,48,0,292
9734.0,29,12,3,4,48,0,292
9735.0,29,12,3,4,48,0,292
9736.0,29,12,3,4,48,0,292
9737.0,29,12,3,4,48,0,292
9738.0,29,12,3,4,48,0,292
9739.0,29,12,3,4,48,0,292
9740.0,29,12,3,4,48,0,292
9741.0,29,12,3,4,48,0,292
9742.0,29,12,3,4,48,0,292
9743.0,29,12,3,4,48,0,292
9744.0,29,12,3,4,48,0,292
9745.0,29,12,3,4,48,0,292
9746.0,29,12,3,4,48,0,292
9747.0,29,12,3,4,48,0,292
9748.0,29,12,3,4,48,0,292
9749.0,29,12,3,4,48,0,292
9750.0,29,12,3,4,48,0,292
9751.0,29,12,3,4,48,0,292
9752.0,29,12,3,4,48,0,292
9753.0,29,12,3,4,48,0,292
9754.0,29,12,3,4,48,0,292
9755.0,29,12,3,4,48,0,292
9756.0,29,12,3,4,48,0,292
9757.0,29,12,3,4,48,0,292
9758.0,29,12,3,4,48,0,292
9759.0,29,12,3,4,48,0,292
9760.0,29,12,3,4,48,0,292
9761.0,29,12,3,4,48,0,292
9762.0,29,12,3,4,48,0,292
9763.0,29,12,3,4,48,0,292
9764.0,29,12,3,4,48,0,292
9765.0,29,12,3,4,48,0,292
9766.0,29,12,3,4,48,0,292
9767.0,29,12,3,4,48,0,292
9768.0,29,12,3,4,48,0,292
9769.0,29,12,3,4,48,0,292
9770.0,29,12,3,4,48,0,292
9771.0,29,12,3,4,48,0,292
9772.0,29,12,3,4,48,0,292
9773.0,29,12,3,4,48,0,292
9774.0,29,12,3,4,48,0,292
9775.0,29,12,3,4,48,0,292
9776.0,29,12,3,4,48,0,292
9777.0,29,12,3,4,48,0,292
9778.0,29,12,3,4,48,0,292
9779.0,29,12,3,4,48,0,292
9780.0,29,12,3,4,48,0,292
9781.0,29,12,3,4,48,0,292
9782.0,29,12,3,4,48,0,292
9783.0,29,12,3,4,48,0,292
9784.0,29,12,3,4,48,0,292
9785.0,29,12,3,4,48,0,292
9786.0,29,12,3,4,48,0,292
9787.0,29,12,3,4,48,0,292
9788.0,29,12,3,4,48,0,292
9789.0,29,12,3,4,48,0,292
9790.0,29,12,3,4,48,0,292
9791.0,29,12,3,4,48,0,292
9792.0,29,12,3,4,48,0,292
9793.0,29,12,3,4,48,0,292
9794.0,29,12,3,4,48,0,292
9795.0,29,12,3,4,48,0,292
9796.0,29,12,3,4,48,0,292
9797.0,29,12,3,4,48,0,292
9798.0,29,12,3,4,48,0,292
9799.0,29,12,3,4,48,0,292
9800.0,29,12,3,4,48,0,292
9801.0,29,12,3,4,48,0,292
9802.0,29,12,3,4,48,0,292
9803.0,29,12,3,4,48,0,292
9804.0,29,12,3,4,48,0,292
9805.0,29,12,3,4,48,0,292
9806.0,29,12,3,4,48,0,292
9807.0,29,12,3,4,48,0,292
9808.0,29,12,3,4,48,0,292
9809.0,29,12,3,4,48,0,292
9810.0,29,12,3,4,48,0,292
9811.0,29,12,3,4,48,0,292
9812.0,29,12,3,4,48,0,292
9813.0,29,12,3,4,48,0,292
9814.0,29,12,3,4,48,0,292
9815.0,29,12,3,4,48,0,292
9816.0,29,12,3,4,48,0,292
9817.0,29,12,3,4,48,0,292
9818.0,29,12,3,4,48,0,292
9819.0,29,12,3,4,48,0,292
9820.0,29,12,3,4,48,0,292
9821.0,29,12,3,4,48,0,292
9822.0,29,12,3,4,48,0,292
9823.0,29,12,3,4,48,0,292
9824.0,29,12,3,4,48,0,292
9825.0,29,12,3,4,48,0,292
9826.0,29,12,3,4,48,0,292
9827.0,29,12,3,4,48,0,292
9828.0,29,12,3,4,48,0,292
9829.0,29,12,3,4,48,0,292
9830.0,29,12,3,4,48,0,292
9831.0,29,12,3,4,48,0,292
9832.0,29,12,3,4,48,0,292
9833.0,29,12,3,4,48,0,292
9834.0,29,12,3,4,48,0,292
9835.0,29,12,3,4,48,0,292
9836.0,29,12,3,4,48,0,292
9837.0,29,12,3,4,48,0,292
9838.0,29,12,3,4,48,0,292
9839.0,29,12,3,4,48,0,292
9840.0,29,12,3,4,48,0,292
9841.0,29,12,3,4,48,0,292
9842.0,29,12,3,4,48,0,292
9843.0,29,12,3,4,48,0,292
9844.0,29,12,3,4,48,0,292
9845.0,29,12,3,4,48,0,292
9846.0,29,12,3,4,48,0,292
9847.0,29,12,3,4,48,0,292
9848.0,29,12,3,4,48,0,292
9849.0,29,12,3,4,48,0,292
9850.0,29,12,3,4,48,0,292
9851.0,29,12,3,4,48,0,292
9852.0,29,12,3,4,48,0,292
9853.0,29,12,3,4,48,0,292
9854.0,29,12,3,4,48,0,292
9855.0,29,12,3,4,48,0,292
9856.0,29,12,3,4,48,0,292
9857.0,29,12,3,4,48,0,292
9858.0,29,12,3,4,48,0,292
9859.0,29,12,3,4,48,0,292
9860.0,29,12,3,4,48,0,292
9861.0,29,12,3,4,48,0,292
9862.0,29,12,3,4,48,0,292
9863.0,29,12,3,4,48,0,292
9864.0,29,12,3,4,48,0,292
9865.0,29,12,3,4,48,0,292
9866.0,29,12,3,4,48,0,292
9867.0,29,12,3,4,48,0,292
9868.0,29,12,3,4,48,0,292
9869.0,29,12,3,4,48,0,292
9870.0,29,12,3,4,48,0,292
9871.0,29,12,3,4,48,0,292
9872.0,29,12,3,4,48,0,292
9873.0,29,12,3,4,48,0,292
9874.0,29,12,3,4,48,0,292
9875.0,29,12,3,4,48,0,292
9876.0,29,12,3,4,48,0,292
9877.0,29,12,3,4,48,0,292
9878.0,29,12,3,4,48,0,292
9879.0,29,12,3,4,48,0,292
9880.0,29,12,3,4,48,0,292
9881.0,29,12,3,4,48,0,292
9882.0,29,12,3,4,48,0,292
9883.0,29,12,3,4,48,0,292
9884.0,29,12,3,4,48,0,292
9885.0,29,12,3,4,48,0,292
9886.0,29,12,3,4,48,0,292
9887.0,29,12,3,4,48,0,292
9888.0,29,12,3,4,48,0,292
9889.0,29,12,3,4,48,0,292
9890.0,29,12,3,4,48,0,292
9891.0,29,12,3,4,48,0,292
9892.0,29,12,3,4,48,0,292
9893.0,29,12,3,4,48,0,292
9894.0,29,12,3,4,48,0,292
9895.0,29,12,3,4,48,0,292
9896.0,29,12,3,4,48,0,292
9897.0,29,12,3,4,48,0,292
9898.0,29,12,3,4,48,0,292
9899.0,29,12,3,4,48,0,292
9900.0,29,12,3,4,48,0,292
9901.0,29,12,3,4,48,0,292
9902.0,29,12,3,4,48,0,292
9903.0,29,12,3,4,48,0,292
9904.0,29,12,3,4,48,0,292
9905.0,29,12,3,4,48,0,292
9906.0,29,12,3,4,48,0,292
9907.0,29,12,3,4,48,0,292
9908.0,29,12,3,4,48,0,292
9909.0,29,12,3,4,48,0,292
9910.0,29,12,3,4,48,0,292
9911.0,29,12,3,4,48,0,292
9912.0,29,12,3,4,48,0,292
9913.0,29,12,3,4,48,0,292
9914.0,29,12,3,4,48,0,292
9915.0,29,12,3,4,48,0,292
9916.0,29,12,3,4,48,0,292
9917.0,29,12,3,4,48,0,292
9918.0,29,12,3,4,48,0,292
9919.0,29,12,3,4,48,0,292
9920.0,29,12,3,4,48,0,292
9921.0,29,12,3,4,48,0,292
9922.0,29,12,3,4,48,0,292
9923.0,29,12,3,4,48,0,292
9924.0,29,12,3,4,48,0,292
9925.0,29,12,3,4,48,0,292
9926.0,29,12,3,4,48,0,292
9927.0,29,12,3,4,48,0,292
9928.0,29,12,3,4,48,0,292
9929.0,29,12,3,4,48,0,292
9930.0,29,12,3,4,48,0,292
9931.0,29,12,3,4,48,0,292
9932.0,29,12,3,4,48,0,292
9933.0,29,12,3,4,48,0,292
9934.0,29,12,3,4,48,0,292
9935.0,29,12,3,4,48,0,292
9936.0,29,12,3,4,48,0,292
9937.0,29,12,3,4,48,0,292
9938.0,29,12,3,4,48,0,292
9939.0,29,12,3,4,48,0,292
9940.0,29,12,3,4,48,0,292
9941.0,29,12,3,4,48,0,292
9942.0,29,12,3,4,48,0,292
9943.0,29,12,3,4,48,0,292
9944.0,29,12,3,4,48,0,292
9945.0,29,12,3,4,48,0,292
9946.0,29,12,3,4,48,0,292
9947.0,29,12,3,4,48,0,292
9948.0,29,12,3,4,48,0,292
9949.0,29,12,3,4,48,0,292
9950.0,29,12,3,4,48,0,292
9951.0,29,12,3,4,48,0,292
9952.0,29,12,3,4,48,0,292
9953.0,29,12,3,4,48,0,292
9954.0,29,12,3,4,48,0,292
9955.0,29,12,3,4,48,0,292
9956.0,29,12,3,4,48,0,292
9957.0,29,12,3,4,48,0,292
9958.0,29,12,3,4,48,0,292
9959.0,29,12,3,4,48,0,292
9960.0,29,12,3,4,48,0,292
9961.0,29,12,3,4,48,0,292
9962.0,29,12,3,4,48,0,292
9963.0,29,12,3,4,48,0,292
9964.0,29,12,3,4,48,0,292
9965.0,29,12,3,4,48,0,292
9966.0,29,12,3,4,48,0,292
9967.0,29,12,3,4,48,0,292
9968.0,29,12,3,4,48,0,292
9969.0,29,12,3,4,48,0,292
9970.0,29,12,3,4,48,0,292
9971.0,29,12,3,4,48,0,292
9972.0,29,12,3,4,48,0,292
9973.0,29,12,3,4,48,0,292
9974.0,29,12,3,4,48,0,292
9975.0,29,12,3,4,48,0,292
9976.0,29,12,3,4,48,0,292
9977.0,29,12,3,4,48,0,292
9978.0,29,12,3,4,48,0,292
9979.0,29,12,3,4,48,0,292
9980.0,29,12,3,4,48,0,292
9981.0,29,12,3,4,48,0,292
9982.0,29,12,3,4,48,0,292
9983.0,29,12,3,4,48,0,292
9984.0,29,12,3,4,48,0,292
9985.0,29,12,3,4,48,0,292
9986.0,29,12,3,4,48,0,292
9987.0,29,12,3,4,48,0,292
9988.0,29,12,3,4,48,0,292
9989.0,29,12,3,4,48,0,292
9990.0,29,12,3,4,48,0,292
9991.0,29,12,3,4,48,0,292
9992.0,29,12,3,4,48,0,292
9993.0,29,12,3,4,48,0,292
9994.0,29,12,3,4,48,0,292
9995.0,29,12,3,4,48,0,292
9996.0,29,12,3,4,48,0,292
9997.0,29,12,3,4,48,0,292
9998.0,29,12,3,4,48,0,292
9999.0,29,12,3,4,48,0,292
10000.0,29,12,3,4,48,0,292
10001.0,29,12,3,4,48,0,292
10002.0,29,12,3,4,48,0,292
10003.0,29,12,3,4,48,0,292
10004.0,29,12,3,4,48,0,292
10005.0,29,12,3,4,48,0,292
10006.0,29,12,3,4,48,0,292
10007.0,29,12,3,4,48,0,292
10008.0,29,12,3,4,48,0,292
10009.0,29,12,3,4,48,0,292
10010.0,29,12,3,4,48,0,292
10011.0,29,12,3,4,48,0,292
10012.0,29,12,3,4,48,0,292
10013.0,29,12,3,4,48,0,292
10014.0,29,12,3,4,48,0,292
10015.0,29,12,3,4,48,0,292
10016.0,29,12,3,4,48,0,292
10017.0,29,12,3,4,48,0,292
10018.0,29,12,3,4,48,0,292
10019.0,29,12,3,4,48,0,292
10020.0,29,12,3,4,48,0,292
10021.0,29,12,3,4,48,0,292
10022.0,29,12,3,4,48,0,292
10023.0,29,12,3,4,48,0,292
10024.0,29,12,3,4,48,0,292
10025.0,29,12,3,4,48,0,292
10026.0,29,12,3,4,48,0,292
10027.0,29,12,3,4,48,0,292
10028.0,29,12,3,4,48,0,292
10029.0,29,12,3,4,48,0,292
10030.0,29,12,3,4,48,0,292
10031.0,29,12,3,4,48,0,292
10032.0,29,12,3,4,48,0,292
10033.0,29,12,3,4,48,0,292
10034.0,29,12,3,4,48,0,292
10035.0,29,12,3,4,48,0,292
10036.0,29,12,3,4,48,0,292
10037.0,29,12,3,4,48,0,292
10038.0,29,12,3,4,48,0,292
10039.0,29,12,3,4,48,0,292
10040.0,29,12,3,4,48,0,292
10041.0,29,12,3,4,48,0,292
10042.0,29,12,3,4,48,0,292
10043.0,29,12,3,4,48,0,292
10044.0,29,12,3,4,48,0,292
10045.0,29,12,3,4,48,0,292
10046.0,29,12,3,4,48,0,292
10047.0,29,12,3,4,48,0,292
10048.0,29,12,3,4,48,0,292
10049.0,29,12,3,4,48,0,292
10050.0,29,12,3,4,48,0,292
10051.0,29,12,3,4,48,0,292
10052.0,29,12,3,4,48,0,292
10053.0,29,12,3,4,48,0,292
10054.0,29,12,3,4,48,0,292
10055.0,29,12,3,4,48,0,292
10056.0,29,12,3,4,48,0,292
10057.0,29,12,3,4,48,0,292
10058.0,29,12,3,4,48,0,292
10059.0,29,12,3,4,48,0,292
10060.0,29,12,3,4,48,0,292
10061.0,29,12,3,4,48,0,292
10062.0,29,12,3,4,48,0,292
10063.0,29,12,3,4,48,0,292
10064.0,29,12,3,4,48,0,292
10065.0,29,12,3,4,48,0,292
10066.0,29,12,3,4,48,0,292
10067.0,29,12,3,4,48,0,292
10068.0,29,12,3,4,48,0,292
10069.0,29,12,3,4,48,0,292
10070.0,29,12,3,4,48,0,292
10071.0,29,12,3,4,48,0,292
10072.0,29,12,3,4,48,0,292
10073.0,29,12,3,4,48,0,292
10074.0,29,12,3,4,48,0,292
10075.0,29,12,3,4,48,0,292
10076.0,29,12,3,4,48,0,292
10077.0,29,12,3,4,48,0,292
10078.0,29,12,3,4,48,0,292
10079.0,29,12,3,4,48,0,292
10080.0,29,12,3,4,48,0,292
10081.0,29,12,3,4,48,0,292
10082.0,29,12,3,4,48,0,292
10083.0,29,12,3,4,48,0,292
10084.0,29,12,3,4,48,0,292
10085.0,29,12,3,4,48,0,292
10086.0,29,12,3,4,48,0,292
10087.0,29,12,3,4,48,0,292
10088.0,29,12,3,4,48,0,292
10089.0,29,12,3,4,48,0,292
10090.0,29,12,3,4,48,0,292
10091.0,29,12,3,4,48,0,292
10092.0,29,12,3,4,48,0,292
10093.0,29,12,3,4,48,0,292
10094.0,29,12,3,4,48,0,292
10095.0,29,12,3,4,48,0,292
10096.0,29,12,3,4,48,0,292
10097.0,29,12,3,4,48,0,292
10098.0,29,12,3,4,48,0,292
10099.0,29,12,3,4,48,0,292
10100.0,29,12,3,4,48,0,292
10101.0,29,12,3,4,48,0,292
10102.0,29,12,3,4,48,0,292
10103.0,29,12,3,4,48,0,292
10104.0,29,12,3,4,48,0,292
10105.0,29,12,3,4,48,0,292
10106.0,29,12,3,4,48,0,292
10107.0,29,12,3,4,48,0,292
10108.0,29,12,3,4,48,0,292
10109.0,29,12,3,4,48,0,292
10110.0,29,12,3,4,48,0,292
10111.0,29,12,3,4,48,0,292
10112.0,29,12,3,4,48,0,292
10113.0,29,12,3,4,48,0,292
10114.0,29,12,3,4,48,0,292
10115.0,29,12,3,4,48,0,292
10116.0,29,12,3,4,48,0,292
10117.0,29,12,3,4,48,0,292
10118.0,29,12,3,4,48,0,292
10119.0,29,12,3,4,48,0,292
10120.0,29,12,3,4,48,0,292
10121.0,29,12,3,4,48,0,292
10122.0,29,12,3,4,48,0,292
10123.0,29,12,3,4,48,0,292
10124.0,29,12,3,4,48,0,292
10125.0,29,12,3,4,48,0,292
10126.0,29,12,3,4,48,0,292
10127.0,29,12,3,4,48,0,292
10128.0,29,12,3,4,48,0,292
10129.0,29,12,3,4,48,0,292
10130.0,29,12,3,4,48,0,292
10131.0,29,12,3,4,48,0,292
10132.0,29,12,3,4,48,0,292
10133.0,29,12,3,4,48,0,292
10134.0,29,12,3,4,48,0,292
10135.0,29,12,3,4,48,0,292
10136.0,29,12,3,4,48,0,292
10137.0,29,12,3,4,48,0,292
10138.0,29,12,3,4,48,0,292
10139.0,29,12,3,4,48,0,292
10140.0,29,12,3,4,48,0,292
10141.0,29,12,3,4,48,0,292
10142.0,29,12,3,4,48,0,292
10143.0,29,12,3,4,48,0,292
10144.0,29,12,3,4,48,0,292
10145.0,29,12,3,4,48,0,292
10146.0,29,12,3,4,48,0,292
10147.0,29,12,3,4,48,0,292
10148.0,29,12,3,4,48,0,292
10149.0,29,12,3,4,48,0,292
10150.0,29,12,3,4,48,0,292
10151.0,29,12,3,4,48,0,292
10152.0,29,12,3,4,48,0,292
10153.0,29,12,3,4,48,0,292
10154.0,29,12,3,4,48,0,292
10155.0,29,12,3,4,48,0,292
10156.0,29,12,3,4,48,0,292
10157.0,29,12,3,4,48,0,292
10158.0,29,12,3,4,48,0,292
10159.0,29,12,3,4,48,0,292
10160.0,29,12,3,4,48,0,292
10161.0,29,12,3,4,48,0,292
10162.0,29,12,3,4,48,0,292
10163.0,29,12,3,4,48,0,292
10164.0,29,12,3,4,48,0,292
10165.0,29,12,3,4,48,0,292
10166.0,29,12,3,4,48,0,292
10167.0,29,12,3,4,48,0,292
10168.0,29,12,3,4,48,0,292
10169.0,29,12,3,4,48,0,292
10170.0,29,12,3,4,48,0,292
10171.0,29,12,3,4,48,0,292
10172.0,29,12,3,4,48,0,292
10173.0,29,12,3,4,48,0,292
10174.0,29,12,3,4,48,0,292
10175.0,29,12,3,4,48,0,292
10176.0,29,12,3,4,48,0,292
10177.0,29,12,3,4,48,0,292
10178.0,29,12,3,4,48,0,292
10179.0,29,12,3,4,48,0,292
10180.0,29,12,3,4,48,0,292
10181.0,29,12,3,4,48,0,292
10182.0,29,12,3,4,48,0,292
10183.0,29,12,3,4,48,0,292
10184.0,29,12,3,4,48,0,292
10185.0,29,12,3,4,48,0,292
10186.0,29,12,3,4,48,0,292
10187.0,29,12,3,4,48,0,292
10188.0,29,12,3,4,48,0,292
10189.0,29,12,3,4,48,0,292
10190.0,29,12,3,4,48,0,292
10191.0,29,12,3,4,48,0,292
10192.0,29,12,3,4,48,0,292
10193.0,29,12,3,4,48,0,292
10194.0,29,12,3,4,48,0,292
10195.0,29,12,3,4,48,0,292
10196.0,29,12,3,4,48,0,292
10197.0,29,12,3,4,48,0,292
10198.0,29,12,3,4,48,0,292
10199.0,29,12,3,4,48,0,292
10200.0,29,12,3,4,48,0,292
10201.0,29,12,3,4,48,0,292
10202.0,29,12,3,4,48,0,292
10203.0,29,12,3,4,48,0,292
10204.0,29,12,3,4,48,0,292
10205.0,29,12,3,4,48,0,292
10206.0,29,12,3,4,48,0,292
10207.0,29,12,3,4,48,0,292
10208.0,29,12,3,4,48,0,292
10209.0,29,12,3,4,48,0,292
10210.0,29,12,3,4,48,0,292
10211.0,29,12,3,4,48,0,292
10212.0,29,12,3,4,48,0,292
10213.0,29,12,3,4,48,0,292
10214.0,29,12,3,4,48,0,292
10215.0,29,12,3,4,48,0,292
10216.0,29,12,3,4,48,0,292
10217.0,29,12,3,4,48,0,292
10218.0,29,12,3,4,48,0,292
10219.0,29,12,3,4,48,0,292
10220.0,29,12,3,4,48,0,292
10221.0,29,12,3,4,48,0,292
10222.0,29,12,3,4,48,0,292
10223.0,29,12,3,4,48,0,292
10224.0,29,12,3,4,48,0,292
10225.0,29,12,3,4,48,0,292
10226.0,29,12,3,4,48,0,292
10227.0,29,12,3,4,48,0,292
10228.0,29,12,3,4,48,0,292
10229.0,29,12,3,4,48,0,292
10230.0,29,12,3,4,48,0,292
10231.0,29,12,3,4,48,0,292
10232.0,29,12,3,4,48,0,292
10233.0,29,12,3,4,48,0,292
10234.0,29,12,3,4,48,0,292
10235.0,29,12,3,4,48,0,292
10236.0,29,12,3,4,48,0,292
10237.0,29,12,3,4,48,0,292
10238.0,29,12,3,4,48,0,292
10239.0,29,12,3,4,48,0,292
10240.0,29,12,3,4,48,0,292
10241.0,29,12,3,4,48,0,292
10242.0,29,12,3,4,48,0,292
10243.0,29,12,3,4,48,0,292
10244.0,29,12,3,4,48,0,292
10245.0,29,12,3,4,48,0,292
10246.0,29,12,3,4,48,0,292
10247.0,29,12,3,4,48,0,292
10248.0,29,12,3,4,48,0,292
10249.0,29,12,3,4,48,0,292
10250.0,29,12,3,4,48,0,292
10251.0,29,12,3,4,48,0,292
10252.0,29,12,3,4,48,0,292
10253.0,29,12,3,4,48,0,292
10254.0,29,12,3,4,48,0,292
10255.0,29,12,3,4,48,0,292
10256.0,29,12,3,4,48,0,292
10257.0,29,12,3,4,48,0,292
10258.0,29,12,3,4,48,0,292
10259.0,29,12,3,4,48,0,292
10260.0,29,12,3,4,48,0,292
10261.0,29,12,3,4,48,0,292
10262.0,29,12,3,4,48,0,292
10263.0,29,12,3,4,48,0,292
10264.0,29,12,3,4,48,0,292
10265.0,29,12,3,4,48,0,292
10266.0,29,12,3,4,48,0,292
10267.0,29,12,3,4,48,0,292
10268.0,29,12,3,4,48,0,292
10269.0,29,12,3,4,48,0,292
10270.0,29,12,3,4,48,0,292
10271.0,29,12,3,4,48,0,292
10272.0,29,12,3,4,48,0,292
10273.0,29,12,3,4,48,0,292
10274.0,29,12,3,4,48,0,292
10275.0,29,12,3,4,48,0,292
10276.0,29,12,3,4,48,0,292
10277.0,29,12,3,4,48,0,292
10278.0,29,12,3,4,48,0,292
10279.0,29,12,3,4,48,0,292
10280.0,29,12,3,4,48,0,292
10281.0,29,12,3,4,48,0,292
10282.0,29,12,3,4,48,0,292
10283.0,29,12,3,4,48,0,292
10284.0,29,12,3,4,48,0,292
10285.0,29,12,3,4,48,0,292
10286.0,29,12,3,4,48,0,292
10287.0,29,12,3,4,48,0,292
10288.0,29,12,3,4,48,0,292
10289.0,29,12,3,4,48,0,292
10290.0,29,12,3,4,48,0,292
10291.0,29,12,3,4,48,0,292
10292.0,29,12,3,4,48,0,292
10293.0,29,12,3,4,48,0,292
10294.0,29,12,3,4,48,0,292
10295.0,29,12,3,4,48,0,292
10296.0,29,12,3,4,48,0,292
10297.0,29,12,3,4,48,0,292
10298.0,29,12,3,4,48,0,292
10299.0,29,12,3,4,48,0,292
10300.0,29,12,3,4,48,0,292
10301.0,29,12,3,4,48,0,292
10302.0,29,12,3,4,48,0,292
10303.0,29,12,3,4,48,0,292
10304.0,29,12,3,4,48,0,292
10305.0,29,12,3,4,48,0,292
10306.0,29,12,3,4,48,0,292
10307.0,29,12,3,4,48,0,292
10308.0,29,12,3,4,48,0,292
10309.0,29,12,3,4,48,0,292
10310.0,29,12,3,4,48,0,292
10311.0,29,12,3,4,48,0,292
10312.0,29,12,3,4,48,0,292
10313.0,29,12,3,4,48,0,292
10314.0,29,12,3,4,48,0,292
10315.0,29,12,3,4,48,0,292
10316.0,29,12,3,4,48,0,292
10317.0,29,12,3,4,48,0,292
10318.0,29,12,3,4,48,0,292
10319.0,29,12,3,4,48,0,292
10320.0,29,12,3,4,48,0,292
10321.0,29,12,3,4,48,0,292
10322.0,29,12,3,4,48,0,292
10323.0,29,12,3,4,48,0,292
10324.0,29,12,3,4,48,0,292
10325.0,29,12,3,4,48,0,292
10326.0,29,12,3,4,48,0,292
10327.0,29,12,3,4,48,0,292
10328.0,29,12,3,4,48,0,292
10329.0,29,12,3,4,48,0,292
10330.0,29,12,3,4,48,0,292
10331.0,29,12,3,4,48,0,292
10332.0,29,12,3,4,48,0,292
10333.0,29,12,3,4,48,0,292
10334.0,29,12,3,4,48,0,292
10335.0,29,12,3,4,48,0,292
10336.0,29,12,3,4,48,0,292
10337.0,29,12,3,4,48,0,292
10338.0,29,12,3,4,48,0,292
10339.0,29,12,3,4,48,0,292
10340.0,29,12,3,4,48,0,292
10341.0,29,12,3,4,48,0,292
10342.0,29,12,3,4,48,0,292
10343.0,29,12,3,4,48,0,292
10344.0,29,12,3,4,48,0,292
10345.0,29,12,3,4,48,0,292
10346.0,29,12,3,4,48,0,292
10347.0,29,12,3,4,48,0,292
10348.0,29,12,3,4,48,0,292
10349.0,29,12,3,4,48,0,292
10350.0,29,12,3,4,48,0,292
10351.0,29,12,3,4,48,0,292
10352.0,29,12,3,4,48,0,292
10353.0,29,12,3,4,48,0,292
10354.0,29,12,3,4,48,0,292
10355.0,29,12,3,4,48,0,292
10356.0,29,12,3,4,48,0,292
10357.0,29,12,3,4,48,0,292
10358.0,29,12,3,4,48,0,292
10359.0,29,12,3,4,48,0,292
10360.0,29,12,3,4,48,0,292
10361.0,29,12,3,4,48,0,292
10362.0,29,12,3,4,48,0,292
10363.0,29,12,3,4,48,0,292
10364.0,29,12,3,4,48,0,292
10365.0,29,12,3,4,48,0,292
10366.0,29,12,3,4,48,0,292
10367.0,29,12,3,4,48,0,292
10368.0,29,12,3,4,48,0,292
10369.0,29,12,3,4,48,0,292
10370.0,29,12,3,4,48,0,292
10371.0,29,12,3,4,48,0,292
10372.0,29,12,3,4,48,0,292
10373.0,29,12,3,4,48,0,292
10374.0,29,12,3,4,48,0,292
10375.0,29,12,3,4,48,0,292
10376.0,29,12,3,4,48,0,292
10377.0,29,12,3,4,48,0,292
10378.0,29,12,3,4,48,0,292
10379.0,29,12,3,4,48,0,292
10380.0,29,12,3,4,48,0,292
10381.0,29,12,3,4,48,0,292
10382.0,29,12,3,4,48,0,292
10383.0,29,12,3,4,48,0,292
10384.0,29,12,3,4,48,0,292
10385.0,29,12,3,4,48,0,292
10386.0,29,12,3,4,48,0,292
10387.0,29,12,3,4,48,0,292
10388.0,29,12,3,4,48,0,292
10389.0,29,12,3,4,48,0,292
10390.0,29,12,3,4,48,0,292
10391.0,29,12,3,4,48,0,292
10392.0,29,12,3,4,48,0,292
10393.0,29,12,3,4,48,0,292
10394.0,29,12,3,4,48,0,292
10395.0,29,12,3,4,48,0,292
10396.0,29,12,3,4,48,0,292
10397.0,29,12,3,4,48,0,292
10398.0,29,12,3,4,48,0,292
10399.0,29,12,3,4,48,0,292
10400.0,29,12,3,4,48,0,292
10401.0,29,12,3,4,48,0,292
10402.0,29,12,3,4,48,0,292
10403.0,29,12,3,4,48,0,292
10404.0,29,12,3,4,48,0,292
10405.0,29,12,3,4,48,0,292
10406.0,29,12,3,4,48,0,292
10407.0,29,12,3,4,48,0,292
10408.0,29,12,3,4,48,0,292
10409.0,29,12,3,4,48,0,292
10410.0,29,12,3,4,48,0,292
10411.0,29,12,3,4,48,0,292
10412.0,29,12,3,4,48,0,292
10413.0,29,12,3,4,48,0,292
10414.0,29,12,3,4,48,0,292
10415.0,29,12,3,4,48,0,292
10416.0,29,12,3,4,48,0,292
10417.0,29,12,3,4,48,0,292
10418.0,29,12,3,4,48,0,292
10419.0,29,12,3,4,48,0,292
10420.0,29,12,3,4,48,0,292
10421.0,29,12,3,4,48,0,292
10422.0,29,12,3,4,48,0,292
10423.0,29,12,3,4,48,0,292
10424.0,29,12,3,4,48,0,292
10425.0,29,12,3,4,48,0,292
10426.0,29,12,3,4,48,0,292
10427.0,29,12,3,4,48,0,292
10428.0,29,12,3,4,48,0,292
10429.0,29,12,3,4,48,0,292
10430.0,29,12,3,4,48,0,292
10431.0,29,12,3,4,48,0,292
10432.0,29,12,3,4,48,0,292
10433.0,29,12,3,4,48,0,292
10434.0,29,12,3,4,48,0,292
10435.0,29,12,3,4,48,0,292
10436.0,29,12,3,4,48,0,292
10437.0,29,12,3,4,48,0,292
10438.0,29,12,3,4,48,0,292
10439.0,29,12,3,4,48,0,292
10440.0,29,12,3,4,48,0,292
10441.0,29,12,3,4,48,0,292
10442.0,29,12,3,4,48,0,292
10443.0,29,12,3,4,48,0,292
10444.0,29,12,3,4,48,0,292
10445.0,29,12,3,4,48,0,292
10446.0,29,12,3,4,48,0,292
10447.0,29,12,3,4,48,0,292
10448.0,29,12,3,4,48,0,292
10449.0,29,12,3,4,48,0,292
10450.0,29,12,3,4,48,0,292
10451.0,29,12,3,4,48,0,292
10452.0,29,12,3,4,48,0,292
10453.0,29,12,3,4,48,0,292
10454.0,29,12,3,4,48,0,292
10455.0,29,12,3,4,48,0,292
10456.0,29,12,3,4,48,0,292
10457.0,29,12,3,4,48,0,292
10458.0,29,12,3,4,48,0,292
10459.0,29,12,3,4,48,0,292
10460.0,29,12,3,4,48,0,292
10461.0,29,12,3,4,48,0,292
10462.0,29,12,3,4,48,0,292
10463.0,29,12,3,4,48,0,292
10464.0,29,12,3,4,48,0,292
10465.0,29,12,3,4,48,0,292
10466.0,29,12,3,4,48,0,292
10467.0,29,12,3,4,48,0,292
10468.0,29,12,3,4,48,0,292
10469.0,29,12,3,4,48,0,292
10470.0,29,12,3,4,48,0,292
10471.0,29,12,3,4,48,0,292
10472.0,29,12,3,4,48,0,292
10473.0,29,12,3,4,48,0,292
10474.0,29,12,3,4,48,0,292
10475.0,29,12,3,4,48,0,292
10476.0,29,12,3,4,48,0,292
10477.0,29,12,3,4,48,0,292
10478.0,29,12,3,4,48,0,292
10479.0,29,12,3,4,48,0,292
10480.0,29,12,3,4,48,0,292
10481.0,29,12,3,4,48,0,292
10482.0,29,12,3,4,48,0,292
10483.0,29,12,3,4,48,0,292
10484.0,29,12,3,4,48,0,292
10485.0,29,12,3,4,48,0,292
10486.0,29,12,3,4,48,0,292
10487.0,29,12,3,4,48,0,292
10488.0,29,12,3,4,48,0,292
10489.0,29,12,3,4,48,0,292
10490.0,29,12,3,4,48,0,292
10491.0,29,12,3,4,48,0,292
10492.0,29,12,3,4,48,0,292
10493.0,29,12,3,4,48,0,292
10494.0,29,12,3,4,48,0,292
10495.0,29,12,3,4,48,0,292
10496.0,29,12,3,4,48,0,292
10497.0,29,12,3,4,48,0,292
10498.0,29,12,3,4,48,0,292
10499.0,29,12,3,4,48,0,292
10500.0,29,12,3,4,48,0,292
10501.0,29,12,3,4,48,0,292
10502.0,29,12,3,4,48,0,292
10503.0,29,12,3,4,48,0,292
10504.0,29,12,3,4,48,0,292
10505.0,29,12,3,4,48,0,292
10506.0,29,12,3,4,48,0,292
10507.0,29,12,3,4,48,0,292
10508.0,29,12,3,4,48,0,292
10509.0,29,12,3,4,48,0,292
10510.0,29,12,3,4,48,0,292
10511.0,29,12,3,4,48,0,292
10512.0,29,12,3,4,48,0,292
10513.0,29,12,3,4,48,0,292
10514.0,29,12,3,4,48,0,292
10515.0,29,12,3,4,48,0,292
10516.0,29,12,3,4,48,0,292
10517.0,29,12,3,4,48,0,292
10518.0,29,12,3,4,48,0,292
10519.0,29,12,3,4,48,0,292
10520.0,29,12,3,4,48,0,292
10521.0,29,12,3,4,48,0,292
10522.0,29,12,3,4,48,0,292
10523.0,29,12,3,4,48,0,292
10524.0,29,12,3,4,48,0,292
10525.0,29,12,3,4,48,0,292
10526.0,29,12,3,4,48,0,292
10527.0,29,12,3,4,48,0,292
10528.0,29,12,3,4,48,0,292
10529.0,29,12,3,4,48,0,292
10530.0,29,12,3,4,48,0,292
10531.0,29,12,3,4,48,0,292
10532.0,29,12,3,4,48,0,292
10533.0,29,12,3,4,48,0,292
10534.0,29,12,3,4,48,0,292
10535.0,29,12,3,4,48,0,292
10536.0,29,12,3,4,48,0,292
10537.0,29,12,3,4,48,0,292
10538.0,29,12,3,4,48,0,292
10539.0,29,12,3,4,48,0,292
10540.0,29,12,3,4,48,0,292
10541.0,29,12,3,4,48,0,292
10542.0,29,12,3,4,48,0,292
10543.0,29,12,3,4,48,0,292
10544.0,29,12,3,4,48,0,292
10545.0,29,12,3,4,48,0,292
10546.0,29,12,3,4,48,0,292
10547.0,29,12,3,4,48,0,292
10548.0,29,12,3,4,48,0,292
10549.0,29,12,3,4,48,0,292
10550.0,29,12,3,4,48,0,292
10551.0,29,12,3,4,48,0,292
10552.0,29,12,3,4,48,0,292
10553.0,29,12,3,4,48,0,292
10554.0,29,12,3,4,48,0,292
10555.0,29,12,3,4,48,0,292
10556.0,29,12,3,4,48,0,292
10557.0,29,12,3,4,48,0,292
10558.0,29,12,3,4,48,0,292
10559.0,29,12,3,4,48,0,292
10560.0,29,12,3,4,48,0,292
10561.0,29,12,3,4,48,0,292
10562.0,29,12,3,4,48,0,292
10563.0,29,12,3,4,48,0,292
10564.0,29,12,3,4,48,0,292
10565.0,29,12,3,4,48,0,292
10566.0,29,12,3,4,48,0,292
10567.0,29,12,3,4,48,0,292
10568.0,29,12,3,4,48,0,292
10569.0,29,12,3,4,48,0,292
10570.0,29,12,3,4,48,0,292
10571.0,29,12,3,4,48,0,292
10572.0,29,12,3,4,48,0,292
10573.0,29,12,3,4,48,0,292
10574.0,29,12,3,4,48,0,292
10575.0,29,12,3,4,48,0,292
10576.0,29,12,3,4,48,0,292
10577.0,29,12,3,4,48,0,292
10578.0,29,12,3,4,48,0,292
10579.0,29,12,3,4,48,0,292
10580.0,29,12,3,4,48,0,292
10581.0,29,12,3,4,48,0,292
10582.0,29,12,3,4,48,0,292
10583.0,29,12,3,4,48,0,292
10584.0,29,12,3,4,48,0,292
10585.0,29,12,3,4,48,0,292
10586.0,29,12,3,4,48,0,292
10587.0,29,12,3,4,48,0,292
10588.0,29,12,3,4,48,0,292
10589.0,29,12,3,4,48,0,292
10590.0,29,12,3,4,48,0,292
10591.0,29,12,3,4,48,0,292
10592.0,29,12,3,4,48,0,292
10593.0,29,12,3,4,48,0,292
10594.0,29,12,3,4,48,0,292
10595.0,29,12,3,4,48,0,292
10596.0,29,12,3,4,48,0,292
10597.0,29,12,3,4,48,0,292
10598.0,29,12,3,4,48,0,292
10599.0,29,12,3,4,48,0,292
10600.0,29,12,3,4,48,0,292
10601.0,29,12,3,4,48,0,292
10602.0,29,12,3,4,48,0,292
10603.0,29,12,3,4,48,0,292
10604.0,29,12,3,4,48,0,292
10605.0,29,12,3,4,48,0,292
10606.0,29,12,3,4,48,0,292
10607.0,29,12,3,4,48,0,292
10608.0,29,12,3,4,48,0,292
10609.0,29,12,3,4,48,0,292
10610.0,29,12,3,4,48,0,292
10611.0,29,12,3,4,48,0,292
10612.0,29,12,3,4,48,0,292
10613.0,29,12,3,4,48,0,292
10614.0,29,12,3,4,48,0,292
10615.0,29,12,3,4,48,0,292
10616.0,29,12,3,4,48,0,292
10617.0,29,12,3,4,48,0,292
10618.0,29,12,3,4,48,0,292
10619.0,29,12,3,4,48,0,292
10620.0,29,12,3,4,48,0,292
10621.0,29,12,3,4,48,0,292
10622.0,29,12,3,4,48,0,292
10623.0,29,12,3,4,48,0,292
10624.0,29,12,3,4,48,0,292
10625.0,29,12,3,4,48,0,292
10626.0,29,12,3,4,48,0,292
10627.0,29,12,3,4,48,0,292
10628.0,29,12,3,4,48,0,292
10629.0,29,12,3,4,48,0,292
10630.0,29,12,3,4,48,0,292
10631.0,29,12,3,4,48,0,292
10632.0,29,12,3,4,48,0,292
10633.0,29,12,3,4,48,0,292
10634.0,29,12,3,4,48,0,292
10635.0,29,12,3,4,48,0,292
10636.0,29,12,3,4,48,0,292
10637.0,29,12,3,4,48,0,292
10638.0,29,12,3,4,48,0,292
10639.0,29,12,3,4,48,0,292
10640.0,29,12,3,4,48,0,292
10641.0,29,12,3,4,48,0,292
10642.0,29,12,3,4,48,0,292
10643.0,29,12,3,4,48,0,292
10644.0,29,12,3,4,48,0,292
10645.0,29,12,3,4,48,0,292
10646.0,29,12,3,4,48,0,292
10647.0,29,12,3,4,48,0,292
10648.0,29,12,3,4,48,0,292
10649.0,29,12,3,4,48,0,292
10650.0,29,12,3,4,48,0,292
10651.0,29,12,3,4,48,0,292
10652.0,29,12,3,4,48,0,292
10653.0,29,12,3,4,48,0,292
10654.0,29,12,3,4,48,0,292
10655.0,29,12,3,4,48,0,292
10656.0,29,12,3,4,48,0,292
10657.0,29,12,3,4,48,0,292
10658.0,29,12,3,4,48,0,292
10659.0,29,12,3,4,48,0,292
10660.0,29,12,3,4,48,0,292
10661.0,29,12,3,4,48,0,292
10662.0,29,12,3,4,48,0,292
10663.0,29,12,3,4,48,0,292
10664.0,29,12,3,4,48,0,292
10665.0,29,12,3,4,48,0,292
10666.0,29,12,3,4,48,0,292
10667.0,29,12,3,4,48,0,292
10668.0,29,12,3,4,48,0,292
10669.0,29,12,3,4,48,0,292
10670.0,29,12,3,4,48,0,292
10671.0,29,12,3,4,48,0,292
10672.0,29,12,3,4,48,0,292
10673.0,29,12,3,4,48,0,292
10674.0,29,12,3,4,48,0,292
10675.0,29,12,3,4,48,0,292
10676.0,29,12,3,4,48,0,292
10677.0,29,12,3,4,48,0,292
10678.0,29,12,3,4,48,0,292
10679.0,29,12,3,4,48,0,292
10680.0,29,12,3,4,48,0,292
10681.0,29,12,3,4,48,0,292
10682.0,29,12,3,4,48,0,292
10683.0,29,12,3,4,48,0,292
10684.0,29,12,3,4,48,0,292
10685.0,29,12,3,4,48,0,292
10686.0,29,12,3,4,48,0,292
10687.0,29,12,3,4,48,0,292
10688.0,29,12,3,4,48,0,292
10689.0,29,12,3,4,48,0,292
10690.0,29,12,3,4,48,0,292
10691.0,29,12,3,4,48,0,292
10692.0,29,12,3,4,48,0,292
10693.0,29,12,3,4,48,0,292
10694.0,29,12,3,4,48,0,292
10695.0,29,12,3,4,48,0,292
10696.0,29,12,3,4,48,0,292
10697.0,29,12,3,4,48,0,292
10698.0,29,12,3,4,48,0,292
10699.0,29,12,3,4,48,0,292
10700.0,29,12,3,4,48,0,292
10701.0,29,12,3,4,48,0,292
10702.0,29,12,3,4,48,0,292
10703.0,29,12,3,4,48,0,292
10704.0,29,12,3,4,48,0,292
10705.0,29,12,3,4,48,0,292
10706.0,29,12,3,4,48,0,292
10707.0,29,12,3,4,48,0,292
10708.0,29,12,3,4,48,0,292
10709.0,29,12,3,4,48,0,292
10710.0,29,12,3,4,48,0,292
10711.0,29,12,3,4,48,0,292
10712.0,29,12,3,4,48,0,292
10713.0,29,12,3,4,48,0,292
10714.0,29,12,3,4,48,0,292
10715.0,29,12,3,4,48,0,292
10716.0,29,12,3,4,48,0,292
10717.0,29,12,3,4,48,0,292
10718.0,29,12,3,4,48,0,292
10719.0,29,12,3,4,48,0,292
10720.0,29,12,3,4,48,0,292
10721.0,29,12,3,4,48,0,292
10722.0,29,12,3,4,48,0,292
10723.0,29,12,3,4,48,0,292
10724.0,29,12,3,4,48,0,292
10725.0,29,12,3,4,48,0,292
10726.0,29,12,3,4,48,0,292
10727.0,29,12,3,4,48,0,292
10728.0,29,12,3,4,48,0,292
10729.0,29,12,3,4,48,0,292
10730.0,29,12,3,4,48,0,292
10731.0,29,12,3,4,48,0,292
10732.0,29,12,3,4,48,0,292
10733.0,29,12,3,4,48,0,292
10734.0,29,12,3,4,48,0,292
10735.0,29,12,3,4,48,0,292
10736.0,29,12,3,4,48,0,292
10737.0,29,12,3,4,48,0,292
10738.0,29,12,3,4,48,0,292
10739.0,29,12,3,4,48,0,292
10740.0,29,12,3,4,48,0,292
10741.0,29,12,3,4,48,0,292
10742.0,29,12,3,4,48,0,292
10743.0,29,12,3,4,48,0,292
10744.0,29,12,3,4,48,0,292
10745.0,29,12,3,4,48,0,292
10746.0,29,12,3,4,48,0,292
10747.0,29,12,3,4,48,0,292
10748.0,29,12,3,4,48,0,292
10749.0,29,12,3,4,48,0,292
10750.0,29,12,3,4,48,0,292
10751.0,29,12,3,4,48,0,292
10752.0,29,12,3,4,48,0,292
10753.0,29,12,3,4,48,0,292
10754.0,29,12,3,4,48,0,292
10755.0,29,12,3,4,48,0,292
10756.0,29,12,3,4,48,0,292
10757.0,29,12,3,4,48,0,292
10758.0,29,12,3,4,48,0,292
10759.0,29,12,3,4,48,0,292
10760.0,29,12,3,4,48,0,292
10761.0,29,12,3,4,48,0,292
10762.0,29,12,3,4,48,0,292
10763.0,29,12,3,4,48,0,292
10764.0,29,12,3,4,48,0,292
10765.0,29,12,3,4,48,0,292
10766.0,29,12,3,4,48,0,292
10767.0,29,12,3,4,48,0,292
10768.0,29,12,3,4,48,0,292
10769.0,29,12,3,4,48,0,292
10770.0,29,12,3,4,48,0,292
10771.0,29,12,3,4,48,0,292
10772.0,29,12,3,4,48,0,292
10773.0,29,12,3,4,48,0,292
10774.0,29,12,3,4,48,0,292
10775.0,29,12,3,4,48,0,292
10776.0,29,12,3,4,48,0,292
10777.0,29,12,3,4,48,0,292
10778.0,29,12,3,4,48,0,292
10779.0,29,12,3,4,48,0,292
10780.0,29,12,3,4,48,0,292
10781.0,29,12,3,4,48,0,292
10782.0,29,12,3,4,48,0,292
10783.0,29,12,3,4,48,0,292
10784.0,29,12,3,4,48,0,292
10785.0,29,12,3,4,48,0,292
10786.0,29,12,3,4,48,0,292
10787.0,29,12,3,4,48,0,292
10788.0,29,12,3,4,48,0,292
10789.0,29,12,3,4,48,0,292
10790.0,29,12,3,4,48,0,292
10791.0,29,12,3,4,48,0,292
10792.0,29,12,3,4,48,0,292
10793.0,29,12,3,4,48,0,292
10794.0,29,12,3,4,48,0,292
10795.0,29,12,3,4,48,0,292
10796.0,29,12,3,4,48,0,292
10797.0,29,12,3,4,48,0,292
10798.0,29,12,3,4,48,0,292
10799.0,29,12,3,4,48,0,292
10800.0,29,12,3,4,48,0,292
10801.0,29,12,3,4,48,0,292
10802.0,29,12,3,4,48,0,292
10803.0,29,12,3,4,48,0,292
10804.0,29,12,3,4,48,0,292
10805.0,29,12,3,4,48,0,292
10806.0,29,12,3,4,48,0,292
10807.0,29,12,3,4,48,0,292
10808.0,29,12,3,4,48,0,292
10809.0,29,12,3,4,48,0,292
10810.0,29,12,3,4,48,0,292
10811.0,29,12,3,4,48,0,292
10812.0,29,12,3,4,48,0,292
10813.0,29,12,3,4,48,0,292
10814.0,29,12,3,4,48,0,292
10815.0,29,12,3,4,48,0,292
10816.0,29,12,3,4,48,0,292
10817.0,29,12,3,4,48,0,292
10818.0,29,12,3,4,48,0,292
10819.0,29,12,3,4,48,0,292
10820.0,29,12,3,4,48,0,292
10821.0,29,12,3,4,48,0,292
10822.0,29,12,3,4,48,0,292
10823.0,29,12,3,4,48,0,292
10824.0,29,12,3,4,48,0,292
10825.0,29,12,3,4,48,0,292
10826.0,29,12,3,4,48,0,292
10827.0,29,12,3,4,48,0,292
10828.0,29,12,3,4,48,0,292
10829.0,29,12,3,4,48,0,292
10830.0,29,12,3,4,48,0,292
10831.0,29,12,3,4,48,0,292
10832.0,29,12,3,4,48,0,292
10833.0,29,12,3,4,48,0,292
10834.0,29,12,3,4,48,0,292
10835.0,29,12,3,4,48,0,292
10836.0,29,12,3,4,48,0,292
10837.0,29,12,3,4,48,0,292
10838.0,29,12,3,4,48,0,292
10839.0,29,12,3,4,48,0,292
10840.0,29,12,3,4,48,0,292
10841.0,29,12,3,4,48,0,292
10842.0,29,12,3,4,48,0,292
10843.0,29,12,3,4,48,0,292
10844.0,29,12,3,4,48,0,292
10845.0,29,12,3,4,48,0,292
10846.0,29,12,3,4,48,0,292
10847.0,29,12,3,4,48,0,292
10848.0,29,12,3,4,48,0,292
10849.0,29,12,3,4,48,0,292
10850.0,29,12,3,4,48,0,292
10851.0,29,12,3,4,48,0,292
10852.0,29,12,3,4,48,0,292
10853.0,29,12,3,4,48,0,292
10854.0,29,12,3,4,48,0,292
10855.0,29,12,3,4,48,0,292
10856.0,29,12,3,4,48,0,292
10857.0,29,12,3,4,48,0,292
10858.0,29,12,3,4,48,0,292
10859.0,29,12,3,4,48,0,292
10860.0,29,12,3,4,48,0,292
10861.0,29,12,3,4,48,0,292
10862.0,29,12,3,4,48,0,292
10863.0,29,12,3,4,48,0,292
10864.0,29,12,3,4,48,0,292
10865.0,29,12,3,4,48,0,292
10866.0,29,12,3,4,48,0,292
10867.0,29,12,3,4,48,0,292
10868.0,29,12,3,4,48,0,292
10869.0,29,12,3,4,48,0,292
10870.0,29,12,3,4,48,0,292
10871.0,29,12,3,4,48,0,292
10872.0,29,12,3,4,48,0,292
10873.0,29,12,3,4,48,0,292
10874.0,29,12,3,4,48,0,292
10875.0,29,12,3,4,48,0,292
10876.0,29,12,3,4,48,0,292
10877.0,29,12,3,4,48,0,292
10878.0,29,12,3,4,48,0,292
10879.0,29,12,3,4,48,0,292
10880.0,29,12,3,4,48,0,292
10881.0,29,12,3,4,48,0,292
10882.0,29,12,3,4,48,0,292
10883.0,29,12,3,4,48,0,292
10884.0,29,12,3,4,48,0,292
10885.0,29,12,3,4,48,0,292
10886.0,29,12,3,4,48,0,292
10887.0,29,12,3,4,48,0,292
10888.0,29,12,3,4,48,0,292
10889.0,29,12,3,4,48,0,292
10890.0,29,12,3,4,48,0,292
10891.0,29,12,3,4,48,0,292
10892.0,29,12,3,4,48,0,292
10893.0,29,12,3,4,48,0,292
10894.0,29,12,3,4,48,0,292
10895.0,29,12,3,4,48,0,292
10896.0,29,12,3,4,48,0,292
10897.0,29,12,3,4,48,0,292
10898.0,29,12,3,4,48,0,292
10899.0,29,12,3,4,48,0,292
10900.0,29,12,3,4,48,0,292
10901.0,29,12,3,4,48,0,292
10902.0,29,12,3,4,48,0,292
10903.0,29,12,3,4,48,0,292
10904.0,29,12,3,4,48,0,292
10905.0,29,12,3,4,48,0,292
10906.0,29,12,3,4,48,0,292
10907.0,29,12,3,4,48,0,292
10908.0,29,12,3,4,48,0,292
10909.0,29,12,3,4,48,0,292
10910.0,29,12,3,4,48,0,292
10911.0,29,12,3,4,48,0,292
10912.0,29,12,3,4,48,0,292
10913.0,29,12,3,4,48,0,292
10914.0,29,12,3,4,48,0,292
10915.0,29,12,3,4,48,0,292
10916.0,29,12,3,4,48,0,292
10917.0,29,12,3,4,48,0,292
10918.0,29,12,3,4,48,0,292
10919.0,29,12,3,4,48,0,292
10920.0,29,12,3,4,48,0,292
10921.0,29,12,3,4,48,0,292
10922.0,29,12,3,4,48,0,292
10923.0,29,12,3,4,48,0,292
10924.0,29,12,3,4,48,0,292
10925.0,29,12,3,4,48,0,292
10926.0,29,12,3,4,48,0,292
10927.0,29,12,3,4,48,0,292
10928.0,29,12,3,4,48,0,292
10929.0,29,12,3,4,48,0,292
10930.0,29,12,3,4,48,0,292
10931.0,29,12,3,4,48,0,292
10932.0,29,12,3,4,48,0,292
10933.0,29,12,3,4,48,0,292
10934.0,29,12,3,4,48,0,292
10935.0,29,12,3,4,48,0,292
10936.0,29,12,3,4,48,0,292
10937.0,29,12,3,4,48,0,292
10938.0,29,12,3,4,48,0,292
10939.0,29,12,3,4,48,0,292
10940.0,29,12,3,4,48,0,292
10941.0,29,12,3,4,48,0,292
10942.0,29,12,3,4,48,0,292
10943.0,29,12,3,4,48,0,292
10944.0,29,12,3,4,48,0,292
10945.0,29,12,3,4,48,0,292
10946.0,29,12,3,4,48,0,292
10947.0,29,12,3,4,48,0,292
10948.0,29,12,3,4,48,0,292
10949.0,29,12,3,4,48,0,292
10950.0,29,12,3,4,48,0,292
10951.0,29,12,3,4,48,0,292
10952.0,29,12,3,4,48,0,292
10953.0,29,12,3,4,48,0,292
10954.0,29,12,3,4,48,0,292
10955.0,29,12,3,4,48,0,292
10956.0,29,12,3,4,48,0,292
10957.0,29,12,3,4,48,0,292
10958.0,29,12,3,4,48,0,292
10959.0,29,12,3,4,48,0,292
10960.0,29,12,3,4,48,0,292
10961.0,29,12,3,4,48,0,292
10962.0,29,12,3,4,48,0,292
10963.0,29,12,3,4,48,0,292
10964.0,29,12,3,4,48,0,292
10965.0,29,12,3,4,48,0,292
10966.0,29,12,3,4,48,0,292
10967.0,29,12,3,4,48,0,292
10968.0,29,12,3,4,48,0,292
10969.0,29,12,3,4,48,0,292
10970.0,29,12,3,4,48,0,292
10971.0,29,12,3,4,48,0,292
10972.0,29,12,3,4,48,0,292
10973.0,29,12,3,4,48,0,292
10974.0,29,12,3,4,48,0,292
10975.0,29,12,3,4,48,0,292
10976.0,29,12,3,4,48,0,292
10977.0,29,12,3,4,48,0,292
10978.0,29,12,3,4,48,0,292
10979.0,29,12,3,4,48,0,292
10980.0,29,12,3,4,48,0,292
10981.0,29,12,3,4,48,0,292
10982.0,29,12,3,4,48,0,292
10983.0,29,12,3,4,48,0,292
10984.0,29,12,3,4,48,0,292
10985.0,29,12,3,4,48,0,292
10986.0,29,12,3,4,48,0,292
10987.0,29,12,3,4,48,0,292
10988.0,29,12,3,4,48,0,292
10989.0,29,12,3,4,48,0,292
10990.0,29,12,3,4,48,0,292
10991.0,29,12,3,4,48,0,292
10992.0,29,12,3,4,48,0,292
10993.0,29,12,3,4,48,0,292
10994.0,29,12,3,4,48,0,292
10995.0,29,12,3,4,48,0,292
10996.0,29,12,3,4,48,0,292
10997.0,29,12,3,4,48,0,292
10998.0,29,12,3,4,48,0,292
10999.0,29,12,3,4,48,0,292
11000.0,29,12,3,4,48,0,292
11001.0,29,12,3,4,48,0,292
11002.0,29,12,3,4,48,0,292
11003.0,29,12,3,4,48,0,292
11004.0,29,12,3,4,48,0,292
11005.0,29,12,3,4,48,0,292
11006.0,29,12,3,4,48,0,292
11007.0,29,12,3,4,48,0,292
11008.0,29,12,3,4,48,0,292
11009.0,29,12,3,4,48,0,292
11010.0,29,12,3,4,48,0,292
11011.0,29,12,3,4,48,0,292
11012.0,29,12,3,4,48,0,292
11013.0,29,12,3,4,48,0,292
11014.0,29,12,3,4,48,0,292
11015.0,29,12,3,4,48,0,292
11016.0,29,12,3,4,48,0,292
11017.0,29,12,3,4,48,0,292
11018.0,29,12,3,4,48,0,292
11019.0,29,12,3,4,48,0,292
11020.0,29,12,3,4,48,0,292
11021.0,29,12,3,4,48,0,292
11022.0,29,12,3,4,48,0,292
11023.0,29,12,3,4,48,0,292
11024.0,29,12,3,4,48,0,292
11025.0,29,12,3,4,48,0,292
11026.0,29,12,3,4,48,0,292
11027.0,29,12,3,4,48,0,292
11028.0,29,12,3,4,48,0,292
11029.0,29,12,3,4,48,0,292
11030.0,29,12,3,4,48,0,292
11031.0,29,12,3,4,48,0,292
11032.0,29,12,3,4,48,0,292
11033.0,29,12,3,4,48,0,292
11034.0,29,12,3,4,48,0,292
11035.0,29,12,3,4,48,0,292
11036.0,29,12,3,4,48,0,292
11037.0,29,12,3,4,48,0,292
11038.0,29,12,3,4,48,0,292
11039.0,29,12,3,4,48,0,292
11040.0,29,12,3,4,48,0,292
11041.0,29,12,3,4,48,0,292
11042.0,29,12,3,4,48,0,292
11043.0,29,12,3,4,48,0,292
11044.0,29,12,3,4,48,0,292
11045.0,29,12,3,4,48,0,292
11046.0,29,12,3,4,48,0,292
11047.0,29,12,3,4,48,0,292
11048.0,29,12,3,4,48,0,292
11049.0,29,12,3,4,48,0,292
11050.0,29,12,3,4,48,0,292
11051.0,29,12,3,4,48,0,292
11052.0,29,12,3,4,48,0,292
11053.0,29,12,3,4,48,0,292
11054.0,29,12,3,4,48,0,292
11055.0,29,12,3,4,48,0,292
11056.0,29,12,3,4,48,0,292
11057.0,29,12,3,4,48,0,292
11058.0,29,12,3,4,48,0,292
11059.0,29,12,3,4,48,0,292
11060.0,29,12,3,4,48,0,292
11061.0,29,12,3,4,48,0,292
11062.0,29,12,3,4,48,0,292
11063.0,29,12,3,4,48,0,292
11064.0,29,12,3,4,48,0,292
11065.0,29,12,3,4,48,0,292
11066.0,29,12,3,4,48,0,292
11067.0,29,12,3,4,48,0,292
11068.0,29,12,3,4,48,0,292
11069.0,29,12,3,4,48,0,292
11070.0,29,12,3,4,48,0,292
11071.0,29,12,3,4,48,0,292
11072.0,29,12,3,4,48,0,292
11073.0,29,12,3,4,48,0,292
11074.0,29,12,3,4,48,0,292
11075.0,29,12,3,4,48,0,292
11076.0,29,12,3,4,48,0,292
11077.0,29,12,3,4,48,0,292
11078.0,29,12,3,4,48,0,292
11079.0,29,12,3,4,48,0,292
11080.0,29,12,3,4,48,0,292
11081.0,29,12,3,4,48,0,292
11082.0,29,12,3,4,48,0,292
11083.0,29,12,3,4,48,0,292
11084.0,29,12,3,4,48,0,292
11085.0,29,12,3,4,48,0,292
11086.0,29,12,3,4,48,0,292
11087.0,29,12,3,4,48,0,292
11088.0,29,12,3,4,48,0,292
11089.0,29,12,3,4,48,0,292
11090.0,29,12,3,4,48,0,292
11091.0,29,12,3,4,48,0,292
11092.0,29,12,3,4,48,0,292
11093.0,29,12,3,4,48,0,292
11094.0,29,12,3,4,48,0,292
11095.0,29,12,3,4,48,0,292
11096.0,29,12,3,4,48,0,292
11097.0,29,12,3,4,48,0,292
11098.0,29,12,3,4,48,0,292
11099.0,29,12,3,4,48,0,292
11100.0,29,12,3,4,48,0,292
11101.0,29,12,3,4,48,0,292
11102.0,29,12,3,4,48,0,292
11103.0,29,12,3,4,48,0,292
11104.0,29,12,3,4,48,0,292
11105.0,29,12,3,4,48,0,292
11106.0,29,12,3,4,48,0,292
11107.0,29,12,3,4,48,0,292
11108.0,29,12,3,4,48,0,292
11109.0,29,12,3,4,48,0,292
11110.0,29,12,3,4,48,0,292
11111.0,29,12,3,4,48,0,292
11112.0,29,12,3,4,48,0,292
11113.0,29,12,3,4,48,0,292
11114.0,29,12,3,4,48,0,292
11115.0,29,12,3,4,48,0,292
11116.0,29,12,3,4,48,0,292
11117.0,29,12,3,4,48,0,292
11118.0,29,12,3,4,48,0,292
11119.0,29,12,3,4,48,0,292
11120.0,29,12,3,4,48,0,292
11121.0,29,12,3,4,48,0,292
11122.0,29,12,3,4,48,0,292
11123.0,29,12,3,4,48,0,292
11124.0,29,12,3,4,48,0,292
11125.0,29,12,3,4,48,0,292
11126.0,29,12,3,4,48,0,292
11127.0,29,12,3,4,48,0,292
11128.0,29,12,3,4,48,0,292
11129.0,29,12,3,4,48,0,292
11130.0,29,12,3,4,48,0,292
11131.0,29,12,3,4,48,0,292
11132.0,29,12,3,4,48,0,292
11133.0,29,12,3,4,48,0,292
11134.0,29,12,3,4,48,0,292
11135.0,29,12,3,4,48,0,292
11136.0,29,12,3,4,48,0,292
11137.0,29,12,3,4,48,0,292
11138.0,29,12,3,4,48,0,292
11139.0,29,12,3,4,48,0,292
11140.0,29,12,3,4,48,0,292
11141.0,29,12,3,4,48,0,292
11142.0,29,12,3,4,48,0,292
11143.0,29,12,3,4,48,0,292
11144.0,29,12,3,4,48,0,292
11145.0,29,12,3,4,48,0,292
11146.0,29,12,3,4,48,0,292
11147.0,29,12,3,4,48,0,292
11148.0,29,12,3,4,48,0,292
11149.0,29,12,3,4,48,0,292
11150.0,29,12,3,4,48,0,292
11151.0,29,12,3,4,48,0,292
11152.0,29,12,3,4,48,0,292
11153.0,29,12,3,4,48,0,292
11154.0,29,12,3,4,48,0,292
11155.0,29,12,3,4,48,0,292
11156.0,29,12,3,4,48,0,292
11157.0,29,12,3,4,48,0,292
11158.0,29,12,3,4,48,0,292
11159.0,29,12,3,4,48,0,292
11160.0,29,12,3,4,48,0,292
11161.0,29,12,3,4,48,0,292
11162.0,29,12,3,4,48,0,292
11163.0,29,12,3,4,48,0,292
11164.0,29,12,3,4,48,0,292
11165.0,29,12,3,4,48,0,292
11166.0,29,12,3,4,48,0,292
11167.0,29,12,3,4,48,0,292
11168.0,29,12,3,4,48,0,292
11169.0,29,12,3,4,48,0,292
11170.0,29,12,3,4,48,0,292
11171.0,29,12,3,4,48,0,292
11172.0,29,12,3,4,48,0,292
11173.0,29,12,3,4,48,0,292
11174.0,29,12,3,4,48,0,292
11175.0,29,12,3,4,48,0,292
11176.0,29,12,3,4,48,0,292
11177.0,29,12,3,4,48,0,292
11178.0,29,12,3,4,48,0,292
11179.0,29,12,3,4,48,0,292
11180.0,29,12,3,4,48,0,292
11181.0,29,12,3,4,48,0,292
11182.0,29,12,3,4,48,0,292
11183.0,29,12,3,4,48,0,292
11184.0,29,12,3,4,48,0,292
11185.0,29,12,3,4,48,0,292
11186.0,29,12,3,4,48,0,292
11187.0,29,12,3,4,48,0,292
11188.0,29,12,3,4,48,0,292
11189.0,29,12,3,4,48,0,292
11190.0,29,12,3,4,48,0,292
11191.0,29,12,3,4,48,0,292
11192.0,29,12,3,4,48,0,292
11193.0,29,12,3,4,48,0,292
11194.0,29,12,3,4,48,0,292
11195.0,29,12,3,4,48,0,292
11196.0,29,12,3,4,48,0,292
11197.0,29,12,3,4,48,0,292
11198.0,29,12,3,4,48,0,292
11199.0,29,12,3,4,48,0,292
11200.0,29,12,3,4,48,0,292
11201.0,29,12,3,4,48,0,292
11202.0,29,12,3,4,48,0,292
11203.0,29,12,3,4,48,0,292
11204.0,29,12,3,4,48,0,292
11205.0,29,12,3,4,48,0,292
11206.0,29,12,3,4,48,0,292
11207.0,29,12,3,4,48,0,292
11208.0,29,12,3,4,48,0,292
11209.0,29,12,3,4,48,0,292
11210.0,29,12,3,4,48,0,292
11211.0,29,12,3,4,48,0,292
11212.0,29,12,3,4,48,0,292
11213.0,29,12,3,4,48,0,292
11214.0,29,12,3,4,48,0,292
11215.0,29,12,3,4,48,0,292
11216.0,29,12,3,4,48,0,292
11217.0,29,12,3,4,48,0,292
11218.0,29,12,3,4,48,0,292
11219.0,29,12,3,4,48,0,292
11220.0,29,12,3,4,48,0,292
11221.0,29,12,3,4,48,0,292
11222.0,29,12,3,4,48,0,292
11223.0,29,12,3,4,48,0,292
11224.0,29,12,3,4,48,0,292
11225.0,29,12,3,4,48,0,292
11226.0,29,12,3,4,48,0,292
11227.0,29,12,3,4,48,0,292
11228.0,29,12,3,4,48,0,292
11229.0,29,12,3,4,48,0,292
11230.0,29,12,3,4,48,0,292
11231.0,29,12,3,4,48,0,292
11232.0,29,12,3,4,48,0,292
11233.0,29,12,3,4,48,0,292
11234.0,29,12,3,4,48,0,292
11235.0,29,12,3,4,48,0,292
11236.0,29,12,3,4,48,0,292
11237.0,29,12,3,4,48,0,292
11238.0,29,12,3,4,48,0,292
11239.0,29,12,3,4,48,0,292
11240.0,29,12,3,4,48,0,292
11241.0,29,12,3,4,48,0,292
11242.0,29,12,3,4,48,0,292
11243.0,29,12,3,4,48,0,292
11244.0,29,12,3,4,48,0,292
11245.0,29,12,3,4,48,0,292
11246.0,29,12,3,4,48,0,292
11247.0,29,12,3,4,48,0,292
11248.0,29,12,3,4,48,0,292
11249.0,29,12,3,4,48,0,292
11250.0,29,12,3,4,48,0,292
11251.0,29,12,3,4,48,0,292
11252.0,29,12,3,4,48,0,292
11253.0,29,12,3,4,48,0,292
11254.0,29,12,3,4,48,0,292
11255.0,29,12,3,4,48,0,292
11256.0,29,12,3,4,48,0,292
11257.0,29,12,3,4,48,0,292
11258.0,29,12,3,4,48,0,292
11259.0,29,12,3,4,48,0,292
11260.0,29,12,3,4,48,0,292
11261.0,29,12,3,4,48,0,292
11262.0,29,12,3,4,48,0,292
11263.0,29,12,3,4,48,0,292
11264.0,29,12,3,4,48,0,292
11265.0,29,12,3,4,48,0,292
11266.0,29,12,3,4,48,0,292
11267.0,29,12,3,4,48,0,292
11268.0,29,12,3,4,48,0,292
11269.0,29,12,3,4,48,0,292
11270.0,29,12,3,4,48,0,292
11271.0,29,12,3,4,48,0,292
11272.0,29,12,3,4,48,0,292
11273.0,29,12,3,4,48,0,292
11274.0,29,12,3,4,48,0,292
11275.0,29,12,3,4,48,0,292
11276.0,29,12,3,4,48,0,292
11277.0,29,12,3,4,48,0,292
11278.0,29,12,3,4,48,0,292
11279.0,29,12,3,4,48,0,292
11280.0,29,12,3,4,48,0,292
11281.0,29,12,3,4,48,0,292
11282.0,29,12,3,4,48,0,292
11283.0,29,12,3,4,48,0,292
11284.0,29,12,3,4,48,0,292
11285.0,29,12,3,4,48,0,292
11286.0,29,12,3,4,48,0,292
11287.0,29,12,3,4,48,0,292
11288.0,29,12,3,4,48,0,292
11289.0,29,12,3,4,48,0,292
11290.0,29,12,3,4,48,0,292
11291.0,29,12,3,4,48,0,292
11292.0,29,12,3,4,48,0,292
11293.0,29,12,3,4,48,0,292
11294.0,29,12,3,4,48,0,292
11295.0,29,12,3,4,48,0,292
11296.0,29,12,3,4,48,0,292
11297.0,29,12,3,4,48,0,292
11298.0,29,12,3,4,48,0,292
11299.0,29,12,3,4,48,0,292
11300.0,29,12,3,4,48,0,292
11301.0,29,12,3,4,48,0,292
11302.0,29,12,3,4,48,0,292
11303.0,29,12,3,4,48,0,292
11304.0,29,12,3,4,48,0,292
11305.0,29,12,3,4,48,0,292
11306.0,29,12,3,4,48,0,292
11307.0,29,12,3,4,48,0,292
11308.0,29,12,3,4,48,0,292
11309.0,29,12,3,4,48,0,292
11310.0,29,12,3,4,48,0,292
11311.0,29,12,3,4,48,0,292
11312.0,29,12,3,4,48,0,292
11313.0,29,12,3,4,48,0,292
11314.0,29,12,3,4,48,0,292
11315.0,29,12,3,4,48,0,292
11316.0,29,12,3,4,48,0,292
11317.0,29,12,3,4,48,0,292
11318.0,29,12,3,4,48,0,292
11319.0,29,12,3,4,48,0,292
11320.0,29,12,3,4,48,0,292
11321.0,29,12,3,4,48,0,292
11322.0,29,12,3,4,48,0,292
11323.0,29,12,3,4,48,0,292
11324.0,29,12,3,4,48,0,292
11325.0,29,12,3,4,48,0,292
11326.0,29,12,3,4,48,0,292
11327.0,29,12,3,4,48,0,292
11328.0,29,12,3,4,48,0,292
11329.0,29,12,3,4,48,0,292
11330.0,29,12,3,4,48,0,292
11331.0,29,12,3,4,48,0,292
11332.0,29,12,3,4,48,0,292
11333.0,29,12,3,4,48,0,292
11334.0,29,12,3,4,48,0,292
11335.0,29,12,3,4,48,0,292
11336.0,29,12,3,4,48,0,292
11337.0,29,12,3,4,48,0,292
11338.0,29,12,3,4,48,0,292
11339.0,29,12,3,4,48,0,292
11340.0,29,12,3,4,48,0,292
11341.0,29,12,3,4,48,0,292
11342.0,29,12,3,4,48,0,292
11343.0,29,12,3,4,48,0,292
11344.0,29,12,3,4,48,0,292
11345.0,29,12,3,4,48,0,292
11346.0,29,12,3,4,48,0,292
11347.0,29,12,3,4,48,0,292
11348.0,29,12,3,4,48,0,292
11349.0,29,12,3,4,48,0,292
11350.0,29,12,3,4,48,0,292
11351.0,29,12,3,4,48,0,292
11352.0,29,12,3,4,48,0,292
11353.0,29,12,3,4,48,0,292
11354.0,29,12,3,4,48,0,292
11355.0,29,12,3,4,48,0,292
11356.0,29,12,3,4,48,0,292
11357.0,29,12,3,4,48,0,292
11358.0,29,12,3,4,48,0,292
11359.0,29,12,3,4,48,0,292
11360.0,29,12,3,4,48,0,292
11361.0,29,12,3,4,48,0,292
11362.0,29,12,3,4,48,0,292
11363.0,29,12,3,4,48,0,292
11364.0,29,12,3,4,48,0,292
11365.0,29,12,3,4,48,0,292
11366.0,29,12,3,4,48,0,292
11367.0,29,12,3,4,48,0,292
11368.0,29,12,3,4,48,0,292
11369.0,29,12,3,4,48,0,292
11370.0,29,12,3,4,48,0,292
11371.0,29,12,3,4,48,0,292
11372.0,29,12,3,4,48,0,292
11373.0,29,12,3,4,48,0,292
11374.0,29,12,3,4,48,0,292
11375.0,29,12,3,4,48,0,292
11376.0,29,12,3,4,48,0,292
11377.0,29,12,3,4,48,0,292
11378.0,29,12,3,4,48,0,292
11379.0,29,12,3,4,48,0,292
11380.0,29,12,3,4,48,0,292
11381.0,29,12,3,4,48,0,292
11382.0,29,12,3,4,48,0,292
11383.0,29,12,3,4,48,0,292
11384.0,29,12,3,4,48,0,292
11385.0,29,12,3,4,48,0,292
11386.0,29,12,3,4,48,0,292
11387.0,29,12,3,4,48,0,292
11388.0,29,12,3,4,48,0,292
11389.0,29,12,3,4,48,0,292
11390.0,29,12,3,4,48,0,292
11391.0,29,12,3,4,48,0,292
11392.0,29,12,3,4,48,0,292
11393.0,29,12,3,4,48,0,292
11394.0,29,12,3,4,48,0,292
11395.0,29,12,3,4,48,0,292
11396.0,29,12,3,4,48,0,292
11397.0,29,12,3,4,48,0,292
11398.0,29,12,3,4,48,0,292
11399.0,29,12,3,4,48,0,292
11400.0,29,12,3,4,48,0,292
11401.0,29,12,3,4,48,0,292
11402.0,29,12,3,4,48,0,292
11403.0,29,12,3,4,48,0,292
11404.0,29,12,3,4,48,0,292
11405.0,29,12,3,4,48,0,292
11406.0,29,12,3,4,48,0,292
11407.0,29,12,3,4,48,0,292
11408.0,29,12,3,4,48,0,292
11409.0,29,12,3,4,48,0,292
11410.0,29,12,3,4,48,0,292
11411.0,29,12,3,4,48,0,292
11412.0,29,12,3,4,48,0,292
11413.0,29,12,3,4,48,0,292
11414.0,29,12,3,4,48,0,292
11415.0,29,12,3,4,48,0,292
11416.0,29,12,3,4,48,0,292
11417.0,29,12,3,4,48,0,292
11418.0,29,12,3,4,48,0,292
11419.0,29,12,3,4,48,0,292
11420.0,29,12,3,4,48,0,292
11421.0,29,12,3,4,48,0,292
11422.0,29,12,3,4,48,0,292
11423.0,29,12,3,4,48,0,292
11424.0,29,12,3,4,48,0,292
11425.0,29,12,3,4,48,0,292
11426.0,29,12,3,4,48,0,292
11427.0,29,12,3,4,48,0,292
11428.0,29,12,3,4,48,0,292
11429.0,29,12,3,4,48,0,292
11430.0,29,12,3,4,48,0,292
11431.0,29,12,3,4,48,0,292
11432.0,29,12,3,4,48,0,292
11433.0,29,12,3,4,48,0,292
11434.0,29,12,3,4,48,0,292
11435.0,29,12,3,4,48,0,292
11436.0,29,12,3,4,48,0,292
11437.0,29,12,3,4,48,0,292
11438.0,29,12,3,4,48,0,292
11439.0,29,12,3,4,48,0,292
11440.0,29,12,3,4,48,0,292
11441.0,29,12,3,4,48,0,292
11442.0,29,12,3,4,48,0,292
11443.0,29,12,3,4,48,0,292
11444.0,29,12,3,4,48,0,292
11445.0,29,12,3,4,48,0,292
11446.0,29,12,3,4,48,0,292
11447.0,29,12,3,4,48,0,292
11448.0,29,12,3,4,48,0,292
11449.0,29,12,3,4,48,0,292
11450.0,29,12,3,4,48,0,292
11451.0,29,12,3,4,48,0,292
11452.0,29,12,3,4,48,0,292
11453.0,29,12,3,4,48,0,292
11454.0,29,12,3,4,48,0,292
11455.0,29,12,3,4,48,0,292
11456.0,29,12,3,4,48,0,292
11457.0,29,12,3,4,48,0,292
11458.0,29,12,3,4,48,0,292
11459.0,29,12,3,4,48,0,292
11460.0,29,12,3,4,48,0,292
11461.0,29,12,3,4,48,0,292
11462.0,29,12,3,4,48,0,292
11463.0,29,12,3,4,48,0,292
11464.0,29,12,3,4,48,0,292
11465.0,29,12,3,4,48,0,292
11466.0,29,12,3,4,48,0,292
11467.0,29,12,3,4,48,0,292
11468.0,29,12,3,4,48,0,292
11469.0,29,12,3,4,48,0,292
11470.0,29,12,3,4,48,0,292
11471.0,29,12,3,4,48,0,292
11472.0,29,12,3,4,48,0,292
11473.0,29,12,3,4,48,0,292
11474.0,29,12,3,4,48,0,292
11475.0,29,12,3,4,48,0,292
11476.0,29,12,3,4,48,0,292
11477.0,29,12,3,4,48,0,292
11478.0,29,12,3,4,48,0,292
11479.0,29,12,3,4,48,0,292
11480.0,29,12,3,4,48,0,292
11481.0,29,12,3,4,48,0,292
11482.0,29,12,3,4,48,0,292
11483.0,29,12,3,4,48,0,292
11484.0,29,12,3,4,48,0,292
11485.0,29,12,3,4,48,0,292
11486.0,29,12,3,4,48,0,292
11487.0,29,12,3,4,48,0,292
11488.0,29,12,3,4,48,0,292
11489.0,29,12,3,4,48,0,292
11490.0,29,12,3,4,48,0,292
11491.0,29,12,3,4,48,0,292
11492.0,29,12,3,4,48,0,292
11493.0,29,12,3,4,48,0,292
11494.0,29,12,3,4,48,0,292
11495.0,29,12,3,4,48,0,292
11496.0,29,12,3,4,48,0,292
11497.0,29,12,3,4,48,0,292
11498.0,29,12,3,4,48,0,292
11499.0,29,12,3,4,48,0,292
11500.0,29,12,3,4,48,0,292
11501.0,29,12,3,4,48,0,292
11502.0,29,12,3,4,48,0,292
11503.0,29,12,3,4,48,0,292
11504.0,29,12,3,4,48,0,292
11505.0,29,12,3,4,48,0,292
11506.0,29,12,3,4,48,0,292
11507.0,29,12,3,4,48,0,292
11508.0,29,12,3,4,48,0,292
11509.0,29,12,3,4,48,0,292
11510.0,29,12,3,4,48,0,292
11511.0,29,12,3,4,48,0,292
11512.0,29,12,3,4,48,0,292
11513.0,29,12,3,4,48,0,292
11514.0,29,12,3,4,48,0,292
11515.0,29,12,3,4,48,0,292
11516.0,29,12,3,4,48,0,292
11517.0,29,12,3,4,48,0,292
11518.0,29,12,3,4,48,0,292
11519.0,29,12,3,4,48,0,292
11520.0,29,12,3,4,48,0,292
11521.0,29,12,3,4,48,0,292
11522.0,29,12,3,4,48,0,292
11523.0,29,12,3,4,48,0,292
11524.0,29,12,3,4,48,0,292
11525.0,29,12,3,4,48,0,292
11526.0,29,12,3,4,48,0,292
11527.0,29,12,3,4,48,0,292
11528.0,29,12,3,4,48,0,292
11529.0,29,12,3,4,48,0,292
11530.0,29,12,3,4,48,0,292
11531.0,29,12,3,4,48,0,292
11532.0,29,12,3,4,48,0,292
11533.0,29,12,3,4,48,0,292
11534.0,29,12,3,4,48,0,292
11535.0,29,12,3,4,48,0,292
11536.0,29,12,3,4,48,0,292
11537.0,29,12,3,4,48,0,292
11538.0,29,12,3,4,48,0,292
11539.0,29,12,3,4,48,0,292
11540.0,29,12,3,4,48,0,292
11541.0,29,12,3,4,48,0,292
11542.0,29,12,3,4,48,0,292
11543.0,29,12,3,4,48,0,292
11544.0,29,12,3,4,48,0,292
11545.0,29,12,3,4,48,0,292
11546.0,29,12,3,4,48,0,292
11547.0,29,12,3,4,48,0,292
11548.0,29,12,3,4,48,0,292
11549.0,29,12,3,4,48,0,292
11550.0,29,12,3,4,48,0,292
11551.0,29,12,3,4,48,0,292
11552.0,29,12,3,4,48,0,292
11553.0,29,12,3,4,48,0,292
11554.0,29,12,3,4,48,0,292
11555.0,29,12,3,4,48,0,292
11556.0,29,12,3,4,48,0,292
11557.0,29,12,3,4,48,0,292
11558.0,29,12,3,4,48,0,292
11559.0,29,12,3,4,48,0,292
11560.0,29,12,3,4,48,0,292
11561.0,29,12,3,4,48,0,292
11562.0,29,12,3,4,48,0,292
11563.0,29,12,3,4,48,0,292
11564.0,29,12,3,4,48,0,292
11565.0,29,12,3,4,48,0,292
11566.0,29,12,3,4,48,0,292
11567.0,29,12,3,4,48,0,292
11568.0,29,12,3,4,48,0,292
11569.0,29,12,3,4,48,0,292
11570.0,29,12,3,4,48,0,292
11571.0,29,12,3,4,48,0,292
11572.0,29,12,3,4,48,0,292
11573.0,29,12,3,4,48,0,292
11574.0,29,12,3,4,48,0,292
11575.0,29,12,3,4,48,0,292
11576.0,29,12,3,4,48,0,292
11577.0,29,12,3,4,48,0,292
11578.0,29,12,3,4,48,0,292
11579.0,29,12,3,4,48,0,292
11580.0,29,12,3,4,48,0,292
11581.0,29,12,3,4,48,0,292
11582.0,29,12,3,4,48,0,292
11583.0,29,12,3,4,48,0,292
11584.0,29,12,3,4,48,0,292
11585.0,29,12,3,4,48,0,292
11586.0,29,12,3,4,48,0,292
11587.0,29,12,3,4,48,0,292
11588.0,29,12,3,4,48,0,292
11589.0,29,12,3,4,48,0,292
11590.0,29,12,3,4,48,0,292
11591.0,29,12,3,4,48,0,292
11592.0,29,12,3,4,48,0,292
11593.0,29,12,3,4,48,0,292
11594.0,29,12,3,4,48,0,292
11595.0,29,12,3,4,48,0,292
11596.0,29,12,3,4,48,0,292
11597.0,29,12,3,4,48,0,292
11598.0,29,12,3,4,48,0,292
11599.0,29,12,3,4,48,0,292
11600.0,29,12,3,4,48,0,292
11601.0,29,12,3,4,48,0,292
11602.0,29,12,3,4,48,0,292
11603.0,29,12,3,4,48,0,292
11604.0,29,12,3,4,48,0,292
11605.0,29,12,3,4,48,0,292
11606.0,29,12,3,4,48,0,292
11607.0,29,12,3,4,48,0,292
11608.0,29,12,3,4,48,0,292
11609.0,29,12,3,4,48,0,292
11610.0,29,12,3,4,48,0,292
11611.0,29,12,3,4,48,0,292
11612.0,29,12,3,4,48,0,292
11613.0,29,12,3,4,48,0,292
11614.0,29,12,3,4,48,0,292
11615.0,29,12,3,4,48,0,292
11616.0,29,12,3,4,48,0,292
11617.0,29,12,3,4,48,0,292
11618.0,29,12,3,4,48,0,292
11619.0,29,12,3,4,48,0,292
11620.0,29,12,3,4,48,0,292
11621.0,29,12,3,4,48,0,292
11622.0,29,12,3,4,48,0,292
11623.0,29,12,3,4,48,0,292
11624.0,29,12,3,4,48,0,292
11625.0,29,12,3,4,48,0,292
11626.0,29,12,3,4,48,0,292
11627.0,29,12,3,4,48,0,292
11628.0,29,12,3,4,48,0,292
11629.0,29,12,3,4,48,0,292
11630.0,29,12,3,4,48,0,292
11631.0,29,12,3,4,48,0,292
11632.0,29,12,3,4,48,0,292
11633.0,29,12,3,4,48,0,292
11634.0,29,12,3,4,48,0,292
11635.0,29,12,3,4,48,0,292
11636.0,29,12,3,4,48,0,292
11637.0,29,12,3,4,48,0,292
11638.0,29,12,3,4,48,0,292
11639.0,29,12,3,4,48,0,292
11640.0,29,12,3,4,48,0,292
11641.0,29,12,3,4,48,0,292
11642.0,29,12,3,4,48,0,292
11643.0,29,12,3,4,48,0,292
11644.0,29,12,3,4,48,0,292
11645.0,29,12,3,4,48,0,292
11646.0,29,12,3,4,48,0,292
11647.0,29,12,3,4,48,0,292
11648.0,29,12,3,4,48,0,292
11649.0,29,12,3,4,48,0,292
11650.0,29,12,3,4,48,0,292
11651.0,29,12,3,4,48,0,292
11652.0,29,12,3,4,48,0,292
11653.0,29,12,3,4,48,0,292
11654.0,29,12,3,4,48,0,292
11655.0,29,12,3,4,48,0,292
11656.0,29,12,3,4,48,0,292
11657.0,29,12,3,4,48,0,292
11658.0,29,12,3,4,48,0,292
11659.0,29,12,3,4,48,0,292
11660.0,29,12,3,4,48,0,292
11661.0,29,12,3,4,48,0,292
11662.0,29,12,3,4,48,0,292
11663.0,29,12,3,4,48,0,292
11664.0,29,12,3,4,48,0,292
11665.0,29,12,3,4,48,0,292
11666.0,29,12,3,4,48,0,292
11667.0,29,12,3,4,48,0,292
11668.0,29,12,3,4,48,0,292
11669.0,29,12,3,4,48,0,292
11670.0,29,12,3,4,48,0,292
11671.0,29,12,3,4,48,0,292
11672.0,29,12,3,4,48,0,292
11673.0,29,12,3,4,48,0,292
11674.0,29,12,3,4,48,0,292
11675.0,29,12,3,4,48,0,292
11676.0,29,12,3,4,48,0,292
11677.0,29,12,3,4,48,0,292
11678.0,29,12,3,4,48,0,292
11679.0,29,12,3,4,48,0,292
11680.0,29,12,3,4,48,0,292
11681.0,29,12,3,4,48,0,292
11682.0,29,12,3,4,48,0,292
11683.0,29,12,3,4,48,0,292
11684.0,29,12,3,4,48,0,292
11685.0,29,12,3,4,48,0,292
11686.0,29,12,3,4,48,0,292
11687.0,29,12,3,4,48,0,292
11688.0,29,12,3,4,48,0,292
11689.0,29,12,3,4,48,0,292
11690.0,29,12,3,4,48,0,292
11691.0,29,12,3,4,48,0,292
11692.0,29,12,3,4,48,0,292
11693.0,29,12,3,4,48,0,292
11694.0,29,12,3,4,48,0,292
11695.0,29,12,3,4,48,0,292
11696.0,29,12,3,4,48,0,292
11697.0,29,12,3,4,48,0,292
11698.0,29,12,3,4,48,0,292
11699.0,29,12,3,4,48,0,292
11700.0,29,12,3,4,48,0,292
11701.0,29,12,3,4,48,0,292
11702.0,29,12,3,4,48,0,292
11703.0,29,12,3,4,48,0,292
11704.0,29,12,3,4,48,0,292
11705.0,29,12,3,4,48,0,292
11706.0,29,12,3,4,48,0,292
11707.0,29,12,3,4,48,0,292
11708.0,29,12,3,4,48,0,292
11709.0,29,12,3,4,48,0,292
11710.0,29,12,3,4,48,0,292
11711.0,29,12,3,4,48,0,292
11712.0,29,12,3,4,48,0,292
11713.0,29,12,3,4,48,0,292
11714.0,29,12,3,4,48,0,292
11715.0,29,12,3,4,48,0,292
11716.0,29,12,3,4,48,0,292
11717.0,29,12,3,4,48,0,292
11718.0,29,12,3,4,48,0,292
11719.0,29,12,3,4,48,0,292
11720.0,29,12,3,4,48,0,292
11721.0,29,12,3,4,48,0,292
11722.0,29,12,3,4,48,0,292
11723.0,29,12,3,4,48,0,292
11724.0,29,12,3,4,48,0,292
11725.0,29,12,3,4,48,0,292
11726.0,29,12,3,4,48,0,292
11727.0,29,12,3,4,48,0,292
11728.0,29,12,3,4,48,0,292
11729.0,29,12,3,4,48,0,292
11730.0,29,12,3,4,48,0,292
11731.0,29,12,3,4,48,0,292
11732.0,29,12,3,4,48,0,292
11733.0,29,12,3,4,48,0,292
11734.0,29,12,3,4,48,0,292
11735.0,29,12,3,4,48,0,292
11736.0,29,12,3,4,48,0,292
11737.0,29,12,3,4,48,0,292
11738.0,29,12,3,4,48,0,292
11739.0,29,12,3,4,48,0,292
11740.0,29,12,3,4,48,0,292
11741.0,29,12,3,4,48,0,292
11742.0,29,12,3,4,48,0,292
11743.0,29,12,3,4,48,0,292
11744.0,29,12,3,4,48,0,292
11745.0,29,12,3,4,48,0,292
11746.0,29,12,3,4,48,0,292
11747.0,29,12,3,4,48,0,292
11748.0,29,12,3,4,48,0,292
11749.0,29,12,3,4,48,0,292
11750.0,29,12,3,4,48,0,292
11751.0,29,12,3,4,48,0,292
11752.0,29,12,3,4,48,0,292
11753.0,29,12,3,4,48,0,292
11754.0,29,12,3,4,48,0,292
11755.0,29,12,3,4,48,0,292
11756.0,29,12,3,4,48,0,292
11757.0,29,12,3,4,48,0,292
11758.0,29,12,3,4,48,0,292
11759.0,29,12,3,4,48,0,292
11760.0,29,12,3,4,48,0,292
11761.0,29,12,3,4,48,0,292
11762.0,29,12,3,4,48,0,292
11763.0,29,12,3,4,48,0,292
11764.0,29,12,3,4,48,0,292
11765.0,29,12,3,4,48,0,292
11766.0,29,12,3,4,48,0,292
11767.0,29,12,3,4,48,0,292
11768.0,29,12,3,4,48,0,292
11769.0,29,12,3,4,48,0,292
11770.0,29,12,3,4,48,0,292
11771.0,29,12,3,4,48,0,292
11772.0,29,12,3,4,48,0,292
11773.0,29,12,3,4,48,0,292
11774.0,29,12,3,4,48,0,292
11775.0,29,12,3,4,48,0,292
11776.0,29,12,3,4,48,0,292
11777.0,29,12,3,4,48,0,292
11778.0,29,12,3,4,48,0,292
11779.0,29,12,3,4,48,0,292
11780.0,29,12,3,4,48,0,292
11781.0,29,12,3,4,48,0,292
11782.0,29,12,3,4,48,0,292
11783.0,29,12,3,4,48,0,292
11784.0,29,12,3,4,48,0,292
11785.0,29,12,3,4,48,0,292
11786.0,29,12,3,4,48,0,292
11787.0,29,12,3,4,48,0,292
11788.0,29,12,3,4,48,0,292
11789.0,29,12,3,4,48,0,292
11790.0,29,12,3,4,48,0,292
11791.0,29,12,3,4,48,0,292
11792.0,29,12,3,4,48,0,292
11793.0,29,12,3,4,48,0,292
11794.0,29,12,3,4,48,0,292
11795.0,29,12,3,4,48,0,292
11796.0,29,12,3,4,48,0,292
11797.0,29,12,3,4,48,0,292
11798.0,29,12,3,4,48,0,292
11799.0,29,12,3,4,48,0,292
11800.0,29,12,3,4,48,0,292
11801.0,29,12,3,4,48,0,292
11802.0,29,12,3,4,48,0,292
11803.0,29,12,3,4,48,0,292
11804.0,29,12,3,4,48,0,292
11805.0,29,12,3,4,48,0,292
11806.0,29,12,3,4,48,0,292
11807.0,29,12,3,4,48,0,292
11808.0,29,12,3,4,48,0,292
11809.0,29,12,3,4,48,0,292
11810.0,29,12,3,4,48,0,292
11811.0,29,12,3,4,48,0,292
11812.0,29,12,3,4,48,0,292
11813.0,29,12,3,4,48,0,292
11814.0,29,12,3,4,48,0,292
11815.0,29,12,3,4,48,0,292
11816.0,29,12,3,4,48,0,292
11817.0,29,12,3,4,48,0,292
11818.0,29,12,3,4,48,0,292
11819.0,29,12,3,4,48,0,292
11820.0,29,12,3,4,48,0,292
11821.0,29,12,3,4,48,0,292
11822.0,29,12,3,4,48,0,292
11823.0,29,12,3,4,48,0,292
11824.0,29,12,3,4,48,0,292
11825.0,29,12,3,4,48,0,292
11826.0,29,12,3,4,48,0,292
11827.0,29,12,3,4,48,0,292
11828.0,29,12,3,4,48,0,292
11829.0,29,12,3,4,48,0,292
11830.0,29,12,3,4,48,0,292
11831.0,29,12,3,4,48,0,292
11832.0,29,12,3,4,48,0,292
11833.0,29,12,3,4,48,0,292
11834.0,29,12,3,4,48,0,292
11835.0,29,12,3,4,48,0,292
11836.0,29,12,3,4,48,0,292
11837.0,29,12,3,4,48,0,292
11838.0,29,12,3,4,48,0,292
11839.0,29,12,3,4,48,0,292
11840.0,29,12,3,4,48,0,292
11841.0,29,12,3,4,48,0,292
11842.0,29,12,3,4,48,0,292
11843.0,29,12,3,4,48,0,292
11844.0,29,12,3,4,48,0,292
11845.0,29,12,3,4,48,0,292
11846.0,29,12,3,4,48,0,292
11847.0,29,12,3,4,48,0,292
11848.0,29,12,3,4,48,0,292
11849.0,29,12,3,4,48,0,292
11850.0,29,12,3,4,48,0,292
11851.0,29,12,3,4,48,0,292
11852.0,29,12,3,4,48,0,292
11853.0,29,12,3,4,48,0,292
11854.0,29,12,3,4,48,0,292
11855.0,29,12,3,4,48,0,292
11856.0,29,12,3,4,48,0,292
11857.0,29,12,3,4,48,0,292
11858.0,29,12,3,4,48,0,292
11859.0,29,12,3,4,48,0,292
11860.0,29,12,3,4,48,0,292
11861.0,29,12,3,4,48,0,292
11862.0,29,12,3,4,48,0,292
11863.0,29,12,3,4,48,0,292
11864.0,29,12,3,4,48,0,292
11865.0,29,12,3,4,48,0,292
11866.0,29,12,3,4,48,0,292
11867.0,29,12,3,4,48,0,292
11868.0,29,12,3,4,48,0,292
11869.0,29,12,3,4,48,0,292
11870.0,29,12,3,4,48,0,292
11871.0,29,12,3,4,48,0,292
11872.0,29,12,3,4,48,0,292
11873.0,29,12,3,4,48,0,292
11874.0,29,12,3,4,48,0,292
11875.0,29,12,3,4,48,0,292
11876.0,29,12,3,4,48,0,292
11877.0,29,12,3,4,48,0,292
11878.0,29,12,3,4,48,0,292
11879.0,29,12,3,4,48,0,292
11880.0,29,12,3,4,48,0,292
11881.0,29,12,3,4,48,0,292
11882.0,29,12,3,4,48,0,292
11883.0,29,12,3,4,48,0,292
11884.0,29,12,3,4,48,0,292
11885.0,29,12,3,4,48,0,292
11886.0,29,12,3,4,48,0,292
11887.0,29,12,3,4,48,0,292
11888.0,29,12,3,4,48,0,292
11889.0,29,12,3,4,48,0,292
11890.0,29,12,3,4,48,0,292
11891.0,29,12,3,4,48,0,292
11892.0,29,12,3,4,48,0,292
11893.0,29,12,3,4,48,0,292
11894.0,29,12,3,4,48,0,292
11895.0,29,12,3,4,48,0,292
11896.0,29,12,3,4,48,0,292
11897.0,29,12,3,4,48,0,292
11898.0,29,12,3,4,48,0,292
11899.0,29,12,3,4,48,0,292
11900.0,29,12,3,4,48,0,292
11901.0,29,12,3,4,48,0,292
11902.0,29,12,3,4,48,0,292
11903.0,29,12,3,4,48,0,292
11904.0,29,12,3,4,48,0,292
11905.0,29,12,3,4,48,0,292
11906.0,29,12,3,4,48,0,292
11907.0,29,12,3,4,48,0,292
11908.0,29,12,3,4,48,0,292
11909.0,29,12,3,4,48,0,292
11910.0,29,12,3,4,48,0,292
11911.0,29,12,3,4,48,0,292
11912.0,29,12,3,4,48,0,292
11913.0,29,12,3,4,48,0,292
11914.0,29,12,3,4,48,0,292
11915.0,29,12,3,4,48,0,292
11916.0,29,12,3,4,48,0,292
11917.0,29,12,3,4,48,0,292
11918.0,29,12,3,4,48,0,292
11919.0,29,12,3,4,48,0,292
11920.0,29,12,3,4,48,0,292
11921.0,29,12,3,4,48,0,292
11922.0,29,12,3,4,48,0,292
11923.0,29,12,3,4,48,0,292
11924.0,29,12,3,4,48,0,292
11925.0,29,12,3,4,48,0,292
11926.0,29,12,3,4,48,0,292
11927.0,29,12,3,4,48,0,292
11928.0,29,12,3,4,48,0,292
11929.0,29,12,3,4,48,0,292
11930.0,29,12,3,4,48,0,292
11931.0,29,12,3,4,48,0,292
11932.0,29,12,3,4,48,0,292
11933.0,29,12,3,4,48,0,292
11934.0,29,12,3,4,48,0,292
11935.0,29,12,3,4,48,0,292
11936.0,29,12,3,4,48,0,292
11937.0,29,12,3,4,48,0,292
11938.0,29,12,3,4,48,0,292
11939.0,29,12,3,4,48,0,292
11940.0,29,12,3,4,48,0,292
11941.0,29,12,3,4,48,0,292
11942.0,29,12,3,4,48,0,292
11943.0,29,12,3,4,48,0,292
11944.0,29,12,3,4,48,0,292
11945.0,29,12,3,4,48,0,292
11946.0,29,12,3,4,48,0,292
11947.0,29,12,3,4,48,0,292
11948.0,29,12,3,4,48,0,292
11949.0,29,12,3,4,48,0,292
11950.0,29,12,3,4,48,0,292
11951.0,29,12,3,4,48,0,292
11952.0,29,12,3,4,48,0,292
11953.0,29,12,3,4,48,0,292
11954.0,29,12,3,4,48,0,292
11955.0,29,12,3,4,48,0,292
11956.0,29,12,3,4,48,0,292
11957.0,29,12,3,4,48,0,292
11958.0,29,12,3,4,48,0,292
11959.0,29,12,3,4,48,0,292
11960.0,29,12,3,4,48,0,292
11961.0,29,12,3,4,48,0,292
11962.0,29,12,3,4,48,0,292
11963.0,29,12,3,4,48,0,292
11964.0,29,12,3,4,48,0,292
11965.0,29,12,3,4,48,0,292
11966.0,29,12,3,4,48,0,292
11967.0,29,12,3,4,48,0,292
11968.0,29,12,3,4,48,0,292
11969.0,29,12,3,4,48,0,292
11970.0,29,12,3,4,48,0,292
11971.0,29,12,3,4,48,0,292
11972.0,29,12,3,4,48,0,292
11973.0,29,12,3,4,48,0,292
11974.0,29,12,3,4,48,0,292
11975.0,29,12,3,4,48,0,292
11976.0,29,12,3,4,48,0,292
11977.0,29,12,3,4,48,0,292
11978.0,29,12,3,4,48,0,292
11979.0,29,12,3,4,48,0,292
11980.0,29,12,3,4,48,0,292
11981.0,29,12,3,4,48,0,292
11982.0,29,12,3,4,48,0,292
11983.0,29,12,3,4,48,0,292
11984.0,29,12,3,4,48,0,292
11985.0,29,12,3,4,48,0,292
11986.0,29,12,3,4,48,0,292
11987.0,29,12,3,4,48,0,292
11988.0,29,12,3,4,48,0,292
11989.0,29,12,3,4,48,0,292
11990.0,29,12,3,4,48,0,292
11991.0,29,12,3,4,48,0,292
11992.0,29,12,3,4,48,0,292
11993.0,29,12,3,4,48,0,292
11994.0,29,12,3,4,48,0,292
11995.0,29,12,3,4,48,0,292
11996.0,29,12,3,4,48,0,292
11997.0,29,12,3,4,48,0,292
11998.0,29,12,3,4,48,0,292
11999.0,29,12,3,4,48,0,292
12000.0,29,12,3,4,48,0,292
12001.0,29,12,3,4,48,0,292
12002.0,29,12,3,4,48,0,292
12003.0,29,12,3,4,48,0,292
12004.0,29,12,3,4,48,0,292
12005.0,29,12,3,4,48,0,292
12006.0,29,12,3,4,48,0,292
12007.0,29,12,3,4,48,0,292
12008.0,29,12,3,4,48,0,292
12009.0,29,12,3,4,48,0,292
12010.0,29,12,3,4,48,0,292
12011.0,29,12,3,4,48,0,292
12012.0,29,12,3,4,48,0,292
12013.0,29,12,3,4,48,0,292
12014.0,29,12,3,4,48,0,292
12015.0,29,12,3,4,48,0,292
12016.0,29,12,3,4,48,0,292
12017.0,29,12,3,4,48,0,292
12018.0,29,12,3,4,48,0,292
12019.0,29,12,3,4,48,0,292
12020.0,29,12,3,4,48,0,292
12021.0,29,12,3,4,48,0,292
12022.0,29,12,3,4,48,0,292
12023.0,29,12,3,4,48,0,292
12024.0,29,12,3,4,48,0,292
12025.0,29,12,3,4,48,0,292
12026.0,29,12,3,4,48,0,292
12027.0,29,12,3,4,48,0,292
12028.0,29,12,3,4,48,0,292
12029.0,29,12,3,4,48,0,292
12030.0,29,12,3,4,48,0,292
12031.0,29,12,3,4,48,0,292
12032.0,29,12,3,4,48,0,292
12033.0,29,12,3,4,48,0,292
12034.0,29,12,3,4,48,0,292
12035.0,29,12,3,4,48,0,292
12036.0,29,12,3,4,48,0,292
12037.0,29,12,3,4,48,0,292
12038.0,29,12,3,4,48,0,292
12039.0,29,12,3,4,48,0,292
12040.0,29,12,3,4,48,0,292
12041.0,29,12,3,4,48,0,292
12042.0,29,12,3,4,48,0,292
12043.0,29,12,3,4,48,0,292
12044.0,29,12,3,4,48,0,292
12045.0,29,12,3,4,48,0,292
12046.0,29,12,3,4,48,0,292
12047.0,29,12,3,4,48,0,292
12048.0,29,12,3,4,48,0,292
12049.0,29,12,3,4,48,0,292
12050.0,29,12,3,4,48,0,292
12051.0,29,12,3,4,48,0,292
12052.0,29,12,3,4,48,0,292
12053.0,29,12,3,4,48,0,292
12054.0,29,12,3,4,48,0,292
12055.0,29,12,3,4,48,0,292
12056.0,29,12,3,4,48,0,292
12057.0,29,12,3,4,48,0,292
12058.0,29,12,3,4,48,0,292
12059.0,29,12,3,4,48,0,292
12060.0,29,12,3,4,48,0,292
12061.0,29,12,3,4,48,0,292
12062.0,29,12,3,4,48,0,292
12063.0,29,12,3,4,48,0,292
12064.0,29,12,3,4,48,0,292
12065.0,29,12,3,4,48,0,292
12066.0,29,12,3,4,48,0,292
12067.0,29,12,3,4,48,0,292
12068.0,29,12,3,4,48,0,292
12069.0,29,12,3,4,48,0,292
12070.0,29,12,3,4,48,0,292
12071.0,29,12,3,4,48,0,292
12072.0,29,12,3,4,48,0,292
12073.0,29,12,3,4,48,0,292
12074.0,29,12,3,4,48,0,292
12075.0,29,12,3,4,48,0,292
12076.0,29,12,3,4,48,0,292
12077.0,29,12,3,4,48,0,292
12078.0,29,12,3,4,48,0,292
12079.0,29,12,3,4,48,0,292
12080.0,29,12,3,4,48,0,292
12081.0,29,12,3,4,48,0,292
12082.0,29,12,3,4,48,0,292
12083.0,29,12,3,4,48,0,292
12084.0,29,12,3,4,48,0,292
12085.0,29,12,3,4,48,0,292
12086.0,29,12,3,4,48,0,292
12087.0,29,12,3,4,48,0,292
12088.0,29,12,3,4,48,0,292
12089.0,29,12,3,4,48,0,292
12090.0,29,12,3,4,48,0,292
12091.0,29,12,3,4,48,0,292
12092.0,29,12,3,4,48,0,292
12093.0,29,12,3,4,48,0,292
12094.0,29,12,3,4,48,0,292
12095.0,29,12,3,4,48,0,292
12096.0,29,12,3,4,48,0,292
12097.0,29,12,3,4,48,0,292
12098.0,29,12,3,4,48,0,292
12099.0,29,12,3,4,48,0,292
12100.0,29,12,3,4,48,0,292
12101.0,29,12,3,4,48,0,292
12102.0,29,12,3,4,48,0,292
12103.0,29,12,3,4,48,0,292
12104.0,29,12,3,4,48,0,292
12105.0,29,12,3,4,48,0,292
12106.0,29,12,3,4,48,0,292
12107.0,29,12,3,4,48,0,292
12108.0,29,12,3,4,48,0,292
12109.0,29,12,3,4,48,0,292
12110.0,29,12,3,4,48,0,292
12111.0,29,12,3,4,48,0,292
12112.0,29,12,3,4,48,0,292
12113.0,29,12,3,4,48,0,292
12114.0,29,12,3,4,48,0,292
12115.0,29,12,3,4,48,0,292
12116.0,29,12,3,4,48,0,292
12117.0,29,12,3,4,48,0,292
12118.0,29,12,3,4,48,0,292
12119.0,29,12,3,4,48,0,292
12120.0,29,12,3,4,48,0,292
12121.0,29,12,3,4,48,0,292
12122.0,29,12,3,4,48,0,292
12123.0,29,12,3,4,48,0,292
12124.0,29,12,3,4,48,0,292
12125.0,29,12,3,4,48,0,292
12126.0,29,12,3,4,48,0,292
12127.0,29,12,3,4,48,0,292
12128.0,29,12,3,4,48,0,292
12129.0,29,12,3,4,48,0,292
12130.0,29,12,3,4,48,0,292
12131.0,29,12,3,4,48,0,292
12132.0,29,12,3,4,48,0,292
12133.0,29,12,3,4,48,0,292
12134.0,29,12,3,4,48,0,292
12135.0,29,12,3,4,48,0,292
12136.0,29,12,3,4,48,0,292
12137.0,29,12,3,4,48,0,292
12138.0,29,12,3,4,48,0,292
12139.0,29,12,3,4,48,0,292
12140.0,29,12,3,4,48,0,292
12141.0,29,12,3,4,48,0,292
12142.0,29,12,3,4,48,0,292
12143.0,29,12,3,4,48,0,292
12144.0,29,12,3,4,48,0,292
12145.0,29,12,3,4,48,0,292
12146.0,29,12,3,4,48,0,292
12147.0,29,12,3,4,48,0,292
12148.0,29,12,3,4,48,0,292
12149.0,29,12,3,4,48,0,292
12150.0,29,12,3,4,48,0,292
12151.0,29,12,3,4,48,0,292
12152.0,29,12,3,4,48,0,292
12153.0,29,12,3,4,48,0,292
12154.0,29,12,3,4,48,0,292
12155.0,29,12,3,4,48,0,292
12156.0,29,12,3,4,48,0,292
12157.0,29,12,3,4,48,0,292
12158.0,29,12,3,4,48,0,292
12159.0,29,12,3,4,48,0,292
12160.0,29,12,3,4,48,0,292
12161.0,29,12,3,4,48,0,292
12162.0,29,12,3,4,48,0,292
12163.0,29,12,3,4,48,0,292
12164.0,29,12,3,4,48,0,292
12165.0,29,12,3,4,48,0,292
12166.0,29,12,3,4,48,0,292
12167.0,29,12,3,4,48,0,292
12168.0,29,12,3,4,48,0,292
12169.0,29,12,3,4,48,0,292
12170.0,29,12,3,4,48,0,292
12171.0,29,12,3,4,48,0,292
12172.0,29,12,3,4,48,0,292
12173.0,29,12,3,4,48,0,292
12174.0,29,12,3,4,48,0,292
12175.0,29,12,3,4,48,0,292
12176.0,29,12,3,4,48,0,292
12177.0,29,12,3,4,48,0,292
12178.0,29,12,3,4,48,0,292
12179.0,29,12,3,4,48,0,292
12180.0,29,12,3,4,48,0,292
12181.0,29,12,3,4,48,0,292
12182.0,29,12,3,4,48,0,292
12183.0,29,12,3,4,48,0,292
12184.0,29,12,3,4,48,0,292
12185.0,29,12,3,4,48,0,292
12186.0,29,12,3,4,48,0,292
12187.0,29,12,3,4,48,0,292
12188.0,29,12,3,4,48,0,292
12189.0,29,12,3,4,48,0,292
12190.0,29,12,3,4,48,0,292
12191.0,29,12,3,4,48,0,292
12192.0,29,12,3,4,48,0,292
12193.0,29,12,3,4,48,0,292
12194.0,29,12,3,4,48,0,292
12195.0,29,12,3,4,48,0,292
12196.0,29,12,3,4,48,0,292
12197.0,29,12,3,4,48,0,292
12198.0,29,12,3,4,48,0,292
12199.0,29,12,3,4,48,0,292
12200.0,29,12,3,4,48,0,292
12201.0,29,12,3,4,48,0,292
12202.0,29,12,3,4,48,0,292
12203.0,29,12,3,4,48,0,292
12204.0,29,12,3,4,48,0,292
12205.0,29,12,3,4,48,0,292
12206.0,29,12,3,4,48,0,292
12207.0,29,12,3,4,48,0,292
12208.0,29,12,3,4,48,0,292
12209.0,29,12,3,4,48,0,292
12210.0,29,12,3,4,48,0,292
12211.0,29,12,3,4,48,0,292
12212.0,29,12,3,4,48,0,292
12213.0,29,12,3,4,48,0,292
12214.0,29,12,3,4,48,0,292
12215.0,29,12,3,4,48,0,292
12216.0,29,12,3,4,48,0,292
12217.0,29,12,3,4,48,0,292
12218.0,29,12,3,4,48,0,292
12219.0,29,12,3,4,48,0,292
12220.0,29,12,3,4,48,0,292
12221.0,29,12,3,4,48,0,292
12222.0,29,12,3,4,48,0,292
12223.0,29,12,3,4,48,0,292
12224.0,29,12,3,4,48,0,292
12225.0,29,12,3,4,48,0,292
12226.0,29,12,3,4,48,0,292
12227.0,29,12,3,4,48,0,292
12228.0,29,12,3,4,48,0,292
12229.0,29,12,3,4,48,0,292
12230.0,29,12,3,4,48,0,292
12231.0,29,12,3,4,48,0,292
12232.0,29,12,3,4,48,0,292
12233.0,29,12,3,4,48,0,292
12234.0,29,12,3,4,48,0,292
12235.0,29,12,3,4,48,0,292
12236.0,29,12,3,4,48,0,292
12237.0,29,12,3,4,48,0,292
12238.0,29,12,3,4,48,0,292
12239.0,29,12,3,4,48,0,292
12240.0,29,12,3,4,48,0,292
12241.0,29,12,3,4,48,0,292
12242.0,29,12,3,4,48,0,292
12243.0,29,12,3,4,48,0,292
12244.0,29,12,3,4,48,0,292
12245.0,29,12,3,4,48,0,292
12246.0,29,12,3,4,48,0,292
12247.0,29,12,3,4,48,0,292
12248.0,29,12,3,4,48,0,292
12249.0,29,12,3,4,48,0,292
12250.0,29,12,3,4,48,0,292
12251.0,29,12,3,4,48,0,292
12252.0,29,12,3,4,48,0,292
12253.0,29,12,3,4,48,0,292
12254.0,29,12,3,4,48,0,292
12255.0,29,12,3,4,48,0,292
12256.0,29,12,3,4,48,0,292
12257.0,29,12,3,4,48,0,292
12258.0,29,12,3,4,48,0,292
12259.0,29,12,3,4,48,0,292
12260.0,29,12,3,4,48,0,292
12261.0,29,12,3,4,48,0,292
12262.0,29,12,3,4,48,0,292
12263.0,29,12,3,4,48,0,292
12264.0,29,12,3,4,48,0,292
12265.0,29,12,3,4,48,0,292
12266.0,29,12,3,4,48,0,292
12267.0,29,12,3,4,48,0,292
12268.0,29,12,3,4,48,0,292
12269.0,29,12,3,4,48,0,292
12270.0,29,12,3,4,48,0,292
12271.0,29,12,3,4,48,0,292
12272.0,29,12,3,4,48,0,292
12273.0,29,12,3,4,48,0,292
12274.0,29,12,3,4,48,0,292
12275.0,29,12,3,4,48,0,292
12276.0,29,12,3,4,48,0,292
12277.0,29,12,3,4,48,0,292
12278.0,29,12,3,4,48,0,292
12279.0,29,12,3,4,48,0,292
12280.0,29,12,3,4,48,0,292
12281.0,29,12,3,4,48,0,292
12282.0,29,12,3,4,48,0,292
12283.0,29,12,3,4,48,0,292
12284.0,29,12,3,4,48,0,292
12285.0,29,12,3,4,48,0,292
12286.0,29,12,3,4,48,0,292
12287.0,29,12,3,4,48,0,292
12288.0,29,12,3,4,48,0,292
12289.0,29,12,3,4,48,0,292
12290.0,29,12,3,4,48,0,292
12291.0,29,12,3,4,48,0,292
12292.0,29,12,3,4,48,0,292
12293.0,29,12,3,4,48,0,292
12294.0,29,12,3,4,48,0,292
12295.0,29,12,3,4,48,0,292
12296.0,29,12,3,4,48,0,292
12297.0,29,12,3,4,48,0,292
12298.0,29,12,3,4,48,0,292
12299.0,29,12,3,4,48,0,292
12300.0,29,12,3,4,48,0,292
12301.0,29,12,3,4,48,0,292
12302.0,29,12,3,4,48,0,292
12303.0,29,12,3,4,48,0,292
12304.0,29,12,3,4,48,0,292
12305.0,29,12,3,4,48,0,292
12306.0,29,12,3,4,48,0,292
12307.0,29,12,3,4,48,0,292
12308.0,29,12,3,4,48,0,292
12309.0,29,12,3,4,48,0,292
12310.0,29,12,3,4,48,0,292
12311.0,29,12,3,4,48,0,292
12312.0,29,12,3,4,48,0,292
12313.0,29,12,3,4,48,0,292
12314.0,29,12,3,4,48,0,292
12315.0,29,12,3,4,48,0,292
12316.0,29,12,3,4,48,0,292
12317.0,29,12,3,4,48,0,292
12318.0,29,12,3,4,48,0,292
12319.0,29,12,3,4,48,0,292
12320.0,29,12,3,4,48,0,292
12321.0,29,12,3,4,48,0,292
12322.0,29,12,3,4,48,0,292
12323.0,29,12,3,4,48,0,292
12324.0,29,12,3,4,48,0,292
12325.0,29,12,3,4,48,0,292
12326.0,29,12,3,4,48,0,292
12327.0,29,12,3,4,48,0,292
12328.0,29,12,3,4,48,0,292
12329.0,29,12,3,4,48,0,292
12330.0,29,12,3,4,48,0,292
12331.0,29,12,3,4,48,0,292
12332.0,29,12,3,4,48,0,292
12333.0,29,12,3,4,48,0,292
12334.0,29,12,3,4,48,0,292
12335.0,29,12,3,4,48,0,292
12336.0,29,12,3,4,48,0,292
12337.0,29,12,3,4,48,0,292
12338.0,29,12,3,4,48,0,292
12339.0,29,12,3,4,48,0,292
12340.0,29,12,3,4,48,0,292
12341.0,29,12,3,4,48,0,292
12342.0,29,12,3,4,48,0,292
12343.0,29,12,3,4,48,0,292
12344.0,29,12,3,4,48,0,292
12345.0,29,12,3,4,48,0,292
12346.0,29,12,3,4,48,0,292
12347.0,29,12,3,4,48,0,292
12348.0,29,12,3,4,48,0,292
12349.0,29,12,3,4,48,0,292
12350.0,29,12,3,4,48,0,292
12351.0,29,12,3,4,48,0,292
12352.0,29,12,3,4,48,0,292
12353.0,29,12,3,4,48,0,292
12354.0,29,12,3,4,48,0,292
12355.0,29,12,3,4,48,0,292
12356.0,29,12,3,4,48,0,292
12357.0,29,12,3,4,48,0,292
12358.0,29,12,3,4,48,0,292
12359.0,29,12,3,4,48,0,292
12360.0,29,12,3,4,48,0,292
12361.0,29,12,3,4,48,0,292
12362.0,29,12,3,4,48,0,292
12363.0,29,12,3,4,48,0,292
12364.0,29,12,3,4,48,0,292
12365.0,29,12,3,4,48,0,292
12366.0,29,12,3,4,48,0,292
12367.0,29,12,3,4,48,0,292
12368.0,29,12,3,4,48,0,292
12369.0,29,12,3,4,48,0,292
12370.0,29,12,3,4,48,0,292
12371.0,29,12,3,4,48,0,292
12372.0,29,12,3,4,48,0,292
12373.0,29,12,3,4,48,0,292
12374.0,29,12,3,4,48,0,292
12375.0,29,12,3,4,48,0,292
12376.0,29,12,3,4,48,0,292
12377.0,29,12,3,4,48,0,292
12378.0,29,12,3,4,48,0,292
12379.0,29,12,3,4,48,0,292
12380.0,29,12,3,4,48,0,292
12381.0,29,12,3,4,48,0,292
12382.0,29,12,3,4,48,0,292
12383.0,29,12,3,4,48,0,292
12384.0,29,12,3,4,48,0,292
12385.0,29,12,3,4,48,0,292
12386.0,29,12,3,4,48,0,292
12387.0,29,12,3,4,48,0,292
12388.0,29,12,3,4,48,0,292
12389.0,29,12,3,4,48,0,292
12390.0,29,12,3,4,48,0,292
12391.0,29,12,3,4,48,0,292
12392.0,29,12,3,4,48,0,292
12393.0,29,12,3,4,48,0,292
12394.0,29,12,3,4,48,0,292
12395.0,29,12,3,4,48,0,292
12396.0,29,12,3,4,48,0,292
12397.0,29,12,3,4,48,0,292
12398.0,29,12,3,4,48,0,292
12399.0,29,12,3,4,48,0,292
12400.0,29,12,3,4,48,0,292
12401.0,29,12,3,4,48,0,292
12402.0,29,12,3,4,48,0,292
12403.0,29,12,3,4,48,0,292
12404.0,29,12,3,4,48,0,292
12405.0,29,12,3,4,48,0,292
12406.0,29,12,3,4,48,0,292
12407.0,29,12,3,4,48,0,292
12408.0,29,12,3,4,48,0,292
12409.0,29,12,3,4,48,0,292
12410.0,29,12,3,4,48,0,292
12411.0,29,12,3,4,48,0,292
12412.0,29,12,3,4,48,0,292
12413.0,29,12,3,4,48,0,292
12414.0,29,12,3,4,48,0,292
12415.0,29,12,3,4,48,0,292
12416.0,29,12,3,4,48,0,292
12417.0,29,12,3,4,48,0,292
12418.0,29,12,3,4,48,0,292
12419.0,29,12,3,4,48,0,292
12420.0,29,12,3,4,48,0,292
12421.0,29,12,3,4,48,0,292
12422.0,29,12,3,4,48,0,292
12423.0,29,12,3,4,48,0,292
12424.0,29,12,3,4,48,0,292
12425.0,29,12,3,4,48,0,292
12426.0,29,12,3,4,48,0,292
12427.0,29,12,3,4,48,0,292
12428.0,29,12,3,4,48,0,292
12429.0,29,12,3,4,48,0,292
12430.0,29,12,3,4,48,0,292
12431.0,29,12,3,4,48,0,292
12432.0,29,12,3,4,48,0,292
12433.0,29,12,3,4,48,0,292
12434.0,29,12,3,4,48,0,292
12435.0,29,12,3,4,48,0,292
12436.0,29,12,3,4,48,0,292
12437.0,29,12,3,4,48,0,292
12438.0,29,12,3,4,48,0,292
12439.0,29,12,3,4,48,0,292
12440.0,29,12,3,4,48,0,292
12441.0,29,12,3,4,48,0,292
12442.0,29,12,3,4,48,0,292
12443.0,29,12,3,4,48,0,292
12444.0,29,12,3,4,48,0,292
12445.0,29,12,3,4,48,0,292
12446.0,29,12,3,4,48,0,292
12447.0,29,12,3,4,48,0,292
12448.0,29,12,3,4,48,0,292
12449.0,29,12,3,4,48,0,292
12450.0,29,12,3,4,48,0,292
12451.0,29,12,3,4,48,0,292
12452.0,29,12,3,4,48,0,292
12453.0,29,12,3,4,48,0,292
12454.0,29,12,3,4,48,0,292
12455.0,29,12,3,4,48,0,292
12456.0,29,12,3,4,48,0,292
12457.0,29,12,3,4,48,0,292
12458.0,29,12,3,4,48,0,292
12459.0,29,12,3,4,48,0,292
12460.0,29,12,3,4,48,0,292
12461.0,29,12,3,4,48,0,292
12462.0,29,12,3,4,48,0,292
12463.0,29,12,3,4,48,0,292
12464.0,29,12,3,4,48,0,292
12465.0,29,12,3,4,48,0,292
12466.0,29,12,3,4,48,0,292
12467.0,29,12,3,4,48,0,292
12468.0,29,12,3,4,48,0,292
12469.0,29,12,3,4,48,0,292
12470.0,29,12,3,4,48,0,292
12471.0,29,12,3,4,48,0,292
12472.0,29,12,3,4,48,0,292
12473.0,29,12,3,4,48,0,292
12474.0,29,12,3,4,48,0,292
12475.0,29,12,3,4,48,0,292
12476.0,29,12,3,4,48,0,292
12477.0,29,12,3,4,48,0,292
12478.0,29,12,3,4,48,0,292
12479.0,29,12,3,4,48,0,292
12480.0,29,12,3,4,48,0,292
12481.0,29,12,3,4,48,0,292
12482.0,29,12,3,4,48,0,292
12483.0,29,12,3,4,48,0,292
12484.0,29,12,3,4,48,0,292
12485.0,29,12,3,4,48,0,292
12486.0,29,12,3,4,48,0,292
12487.0,29,12,3,4,48,0,292
12488.0,29,12,3,4,48,0,292
12489.0,29,12,3,4,48,0,292
12490.0,29,12,3,4,48,0,292
12491.0,29,12,3,4,48,0,292
12492.0,29,12,3,4,48,0,292
12493.0,29,12,3,4,48,0,292
12494.0,29,12,3,4,48,0,292
12495.0,29,12,3,4,48,0,292
12496.0,29,12,3,4,48,0,292
12497.0,29,12,3,4,48,0,292
12498.0,29,12,3,4,48,0,292
12499.0,29,12,3,4,48,0,292
12500.0,29,12,3,4,48,0,292
12501.0,29,12,3,4,48,0,292
12502.0,29,12,3,4,48,0,292
12503.0,29,12,3,4,48,0,292
12504.0,29,12,3,4,48,0,292
12505.0,29,12,3,4,48,0,292
12506.0,29,12,3,4,48,0,292
12507.0,29,12,3,4,48,0,292
12508.0,29,12,3,4,48,0,292
12509.0,29,12,3,4,48,0,292
12510.0,29,12,3,4,48,0,292
12511.0,29,12,3,4,48,0,292
12512.0,29,12,3,4,48,0,292
12513.0,29,12,3,4,48,0,292
12514.0,29,12,3,4,48,0,292
12515.0,29,12,3,4,48,0,292
12516.0,29,12,3,4,48,0,292
12517.0,29,12,3,4,48,0,292
12518.0,29,12,3,4,48,0,292
12519.0,29,12,3,4,48,0,292
12520.0,29,12,3,4,48,0,292
12521.0,29,12,3,4,48,0,292
12522.0,29,12,3,4,48,0,292
12523.0,29,12,3,4,48,0,292
12524.0,29,12,3,4,48,0,292
12525.0,29,12,3,4,48,0,292
12526.0,29,12,3,4,48,0,292
12527.0,29,12,3,4,48,0,292
12528.0,29,12,3,4,48,0,292
12529.0,29,12,3,4,48,0,292
12530.0,29,12,3,4,48,0,292
12531.0,29,12,3,4,48,0,292
12532.0,29,12,3,4,48,0,292
12533.0,29,12,3,4,48,0,292
12534.0,29,12,3,4,48,0,292
12535.0,29,12,3,4,48,0,292
12536.0,29,12,3,4,48,0,292
12537.0,29,12,3,4,48,0,292
12538.0,29,12,3,4,48,0,292
12539.0,29,12,3,4,48,0,292
12540.0,29,12,3,4,48,0,292
12541.0,29,12,3,4,48,0,292
12542.0,29,12,3,4,48,0,292
12543.0,29,12,3,4,48,0,292
12544.0,29,12,3,4,48,0,292
12545.0,29,12,3,4,48,0,292
12546.0,29,12,3,4,48,0,292
12547.0,29,12,3,4,48,0,292
12548.0,29,12,3,4,48,0,292
12549.0,29,12,3,4,48,0,292
12550.0,29,12,3,4,48,0,292
12551.0,29,12,3,4,48,0,292
12552.0,29,12,3,4,48,0,292
12553.0,29,12,3,4,48,0,292
12554.0,29,12,3,4,48,0,292
12555.0,29,12,3,4,48,0,292
12556.0,29,12,3,4,48,0,292
12557.0,29,12,3,4,48,0,292
12558.0,29,12,3,4,48,0,292
12559.0,29,12,3,4,48,0,292
12560.0,29,12,3,4,48,0,292
12561.0,29,12,3,4,48,0,292
12562.0,29,12,3,4,48,0,292
12563.0,29,12,3,4,48,0,292
12564.0,29,12,3,4,48,0,292
12565.0,29,12,3,4,48,0,292
12566.0,29,12,3,4,48,0,292
12567.0,29,12,3,4,48,0,292
12568.0,29,12,3,4,48,0,292
12569.0,29,12,3,4,48,0,292
12570.0,29,12,3,4,48,0,292
12571.0,29,12,3,4,48,0,292
12572.0,29,12,3,4,48,0,292
12573.0,29,12,3,4,48,0,292
12574.0,29,12,3,4,48,0,292
12575.0,29,12,3,4,48,0,292
12576.0,29,12,3,4,48,0,292
12577.0,29,12,3,4,48,0,292
12578.0,29,12,3,4,48,0,292
12579.0,29,12,3,4,48,0,292
12580.0,29,12,3,4,48,0,292
12581.0,29,12,3,4,48,0,292
12582.0,29,12,3,4,48,0,292
12583.0,29,12,3,4,48,0,292
12584.0,29,12,3,4,48,0,292
12585.0,29,12,3,4,48,0,292
12586.0,29,12,3,4,48,0,292
12587.0,29,12,3,4,48,0,292
12588.0,29,12,3,4,48,0,292
12589.0,29,12,3,4,48,0,292
12590.0,29,12,3,4,48,0,292
12591.0,29,12,3,4,48,0,292
12592.0,29,12,3,4,48,0,292
12593.0,29,12,3,4,48,0,292
12594.0,29,12,3,4,48,0,292
12595.0,29,12,3,4,48,0,292
12596.0,29,12,3,4,48,0,292
12597.0,29,12,3,4,48,0,292
12598.0,29,12,3,4,48,0,292
12599.0,29,12,3,4,48,0,292
12600.0,29,12,3,4,48,0,292
12601.0,29,12,3,4,48,0,292
12602.0,29,12,3,4,48,0,292
12603.0,29,12,3,4,48,0,292
12604.0,29,12,3,4,48,0,292
12605.0,29,12,3,4,48,0,292
12606.0,29,12,3,4,48,0,292
12607.0,29,12,3,4,48,0,292
12608.0,29,12,3,4,48,0,292
12609.0,29,12,3,4,48,0,292
12610.0,29,12,3,4,48,0,292
12611.0,29,12,3,4,48,0,292
12612.0,29,12,3,4,48,0,292
12613.0,29,12,3,4,48,0,292
12614.0,29,12,3,4,48,0,292
12615.0,29,12,3,4,48,0,292
12616.0,29,12,3,4,48,0,292
12617.0,29,12,3,4,48,0,292
12618.0,29,12,3,4,48,0,292
12619.0,29,12,3,4,48,0,292
12620.0,29,12,3,4,48,0,292
12621.0,29,12,3,4,48,0,292
12622.0,29,12,3,4,48,0,292
12623.0,29,12,3,4,48,0,292
12624.0,29,12,3,4,48,0,292
12625.0,29,12,3,4,48,0,292
12626.0,29,12,3,4,48,0,292
12627.0,29,12,3,4,48,0,292
12628.0,29,12,3,4,48,0,292
12629.0,29,12,3,4,48,0,292
12630.0,29,12,3,4,48,0,292
12631.0,29,12,3,4,48,0,292
12632.0,29,12,3,4,48,0,292
12633.0,29,12,3,4,48,0,292
12634.0,29,12,3,4,48,0,292
12635.0,29,12,3,4,48,0,292
12636.0,29,12,3,4,48,0,292
12637.0,29,12,3,4,48,0,292
12638.0,29,12,3,4,48,0,292
12639.0,29,12,3,4,48,0,292
12640.0,29,12,3,4,48,0,292
12641.0,29,12,3,4,48,0,292
12642.0,29,12,3,4,48,0,292
12643.0,29,12,3,4,48,0,292
12644.0,29,12,3,4,48,0,292
12645.0,29,12,3,4,48,0,292
12646.0,29,12,3,4,48,0,292
12647.0,29,12,3,4,48,0,292
12648.0,29,12,3,4,48,0,292
12649.0,29,12,3,4,48,0,292
12650.0,29,12,3,4,48,0,292
12651.0,29,12,3,4,48,0,292
12652.0,29,12,3,4,48,0,292
12653.0,29,12,3,4,48,0,292
12654.0,29,12,3,4,48,0,292
12655.0,29,12,3,4,48,0,292
12656.0,29,12,3,4,48,0,292
12657.0,29,12,3,4,48,0,292
12658.0,29,12,3,4,48,0,292
12659.0,29,12,3,4,48,0,292
12660.0,29,12,3,4,48,0,292
12661.0,29,12,3,4,48,0,292
12662.0,29,12,3,4,48,0,292
12663.0,29,12,3,4,48,0,292
12664.0,29,12,3,4,48,0,292
12665.0,29,12,3,4,48,0,292
12666.0,29,12,3,4,48,0,292
12667.0,29,12,3,4,48,0,292
12668.0,29,12,3,4,48,0,292
12669.0,29,12,3,4,48,0,292
12670.0,29,12,3,4,48,0,292
12671.0,29,12,3,4,48,0,292
12672.0,29,12,3,4,48,0,292
12673.0,29,12,3,4,48,0,292
12674.0,29,12,3,4,48,0,292
12675.0,29,12,3,4,48,0,292
12676.0,29,12,3,4,48,0,292
12677.0,29,12,3,4,48,0,292
12678.0,29,12,3,4,48,0,292
12679.0,29,12,3,4,48,0,292
12680.0,29,12,3,4,48,0,292
12681.0,29,12,3,4,48,0,292
12682.0,29,12,3,4,48,0,292
12683.0,29,12,3,4,48,0,292
12684.0,29,12,3,4,48,0,292
12685.0,29,12,3,4,48,0,292
12686.0,29,12,3,4,48,0,292
12687.0,29,12,3,4,48,0,292
12688.0,29,12,3,4,48,0,292
12689.0,29,12,3,4,48,0,292
12690.0,29,12,3,4,48,0,292
12691.0,29,12,3,4,48,0,292
12692.0,29,12,3,4,48,0,292
12693.0,29,12,3,4,48,0,292
12694.0,29,12,3,4,48,0,292
12695.0,29,12,3,4,48,0,292
12696.0,29,12,3,4,48,0,292
12697.0,29,12,3,4,48,0,292
12698.0,29,12,3,4,48,0,292
12699.0,29,12,3,4,48,0,292
12700.0,29,12,3,4,48,0,292
12701.0,29,12,3,4,48,0,292
12702.0,29,12,3,4,48,0,292
12703.0,29,12,3,4,48,0,292
12704.0,29,12,3,4,48,0,292
12705.0,29,12,3,4,48,0,292
12706.0,29,12,3,4,48,0,292
12707.0,29,12,3,4,48,0,292
12708.0,29,12,3,4,48,0,292
12709.0,29,12,3,4,48,0,292
12710.0,29,12,3,4,48,0,292
12711.0,29,12,3,4,48,0,292
12712.0,29,12,3,4,48,0,292
12713.0,29,12,3,4,48,0,292
12714.0,29,12,3,4,48,0,292
12715.0,29,12,3,4,48,0,292
12716.0,29,12,3,4,48,0,292
12717.0,29,12,3,4,48,0,292
12718.0,29,12,3,4,48,0,292
12719.0,29,12,3,4,48,0,292
12720.0,29,12,3,4,48,0,292
12721.0,29,12,3,4,48,0,292
12722.0,29,12,3,4,48,0,292
12723.0,29,12,3,4,48,0,292
12724.0,29,12,3,4,48,0,292
12725.0,29,12,3,4,48,0,292
12726.0,29,12,3,4,48,0,292
12727.0,29,12,3,4,48,0,292
12728.0,29,12,3,4,48,0,292
12729.0,29,12,3,4,48,0,292
12730.0,29,12,3,4,48,0,292
12731.0,29,12,3,4,48,0,292
12732.0,29,12,3,4,48,0,292
12733.0,29,12,3,4,48,0,292
12734.0,29,12,3,4,48,0,292
12735.0,29,12,3,4,48,0,292
12736.0,29,12,3,4,48,0,292
12737.0,29,12,3,4,48,0,292
12738.0,29,12,3,4,48,0,292
12739.0,29,12,3,4,48,0,292
12740.0,29,12,3,4,48,0,292
12741.0,29,12,3,4,48,0,292
12742.0,29,12,3,4,48,0,292
12743.0,29,12,3,4,48,0,292
12744.0,29,12,3,4,48,0,292
12745.0,29,12,3,4,48,0,292
12746.0,29,12,3,4,48,0,292
12747.0,29,12,3,4,48,0,292
12748.0,29,12,3,4,48,0,292
12749.0,29,12,3,4,48,0,292
12750.0,29,12,3,4,48,0,292
12751.0,29,12,3,4,48,0,292
12752.0,29,12,3,4,48,0,292
12753.0,29,12,3,4,48,0,292
12754.0,29,12,3,4,48,0,292
12755.0,29,12,3,4,48,0,292
12756.0,29,12,3,4,48,0,292
12757.0,29,12,3,4,48,0,292
12758.0,29,12,3,4,48,0,292
12759.0,29,12,3,4,48,0,292
12760.0,29,12,3,4,48,0,292
12761.0,29,12,3,4,48,0,292
12762.0,29,12,3,4,48,0,292
12763.0,29,12,3,4,48,0,292
12764.0,29,12,3,4,48,0,292
12765.0,29,12,3,4,48,0,292
12766.0,29,12,3,4,48,0,292
12767.0,29,12,3,4,48,0,292
12768.0,29,12,3,4,48,0,292
12769.0,29,12,3,4,48,0,292
12770.0,29,12,3,4,48,0,292
12771.0,29,12,3,4,48,0,292
12772.0,29,12,3,4,48,0,292
12773.0,29,12,3,4,48,0,292
12774.0,29,12,3,4,48,0,292
12775.0,29,12,3,4,48,0,292
12776.0,29,12,3,4,48,0,292
12777.0,29,12,3,4,48,0,292
12778.0,29,12,3,4,48,0,292
12779.0,29,12,3,4,48,0,292
12780.0,29,12,3,4,48,0,292
12781.0,29,12,3,4,48,0,292
12782.0,29,12,3,4,48,0,292
12783.0,29,12,3,4,48,0,292
12784.0,29,12,3,4,48,0,292
12785.0,29,12,3,4,48,0,292
12786.0,29,12,3,4,48,0,292
12787.0,29,12,3,4,48,0,292
12788.0,29,12,3,4,48,0,292
12789.0,29,12,3,4,48,0,292
12790.0,29,12,3,4,48,0,292
12791.0,29,12,3,4,48,0,292
12792.0,29,12,3,4,48,0,292
12793.0,29,12,3,4,48,0,292
12794.0,29,12,3,4,48,0,292
12795.0,29,12,3,4,48,0,292
12796.0,29,12,3,4,48,0,292
12797.0,29,12,3,4,48,0,292
12798.0,29,12,3,4,48,0,292
12799.0,29,12,3,4,48,0,292
12800.0,29,12,3,4,48,0,292
12801.0,29,12,3,4,48,0,292
12802.0,29,12,3,4,48,0,292
12803.0,29,12,3,4,48,0,292
12804.0,29,12,3,4,48,0,292
12805.0,29,12,3,4,48,0,292
12806.0,29,12,3,4,48,0,292
12807.0,29,12,3,4,48,0,292
12808.0,29,12,3,4,48,0,292
12809.0,29,12,3,4,48,0,292
12810.0,29,12,3,4,48,0,292
12811.0,29,12,3,4,48,0,292
12812.0,29,12,3,4,48,0,292
12813.0,29,12,3,4,48,0,292
12814.0,29,12,3,4,48,0,292
12815.0,29,12,3,4,48,0,292
12816.0,29,12,3,4,48,0,292
12817.0,29,12,3,4,48,0,292
12818.0,29,12,3,4,48,0,292
12819.0,29,12,3,4,48,0,292
12820.0,29,12,3,4,48,0,292
12821.0,29,12,3,4,48,0,292
12822.0,29,12,3,4,48,0,292
12823.0,29,12,3,4,48,0,292
12824.0,29,12,3,4,48,0,292
12825.0,29,12,3,4,48,0,292
12826.0,29,12,3,4,48,0,292
12827.0,29,12,3,4,48,0,292
12828.0,29,12,3,4,48,0,292
12829.0,29,12,3,4,48,0,292
12830.0,29,12,3,4,48,0,292
12831.0,29,12,3,4,48,0,292
12832.0,29,12,3,4,48,0,292
12833.0,29,12,3,4,48,0,292
12834.0,29,12,3,4,48,0,292
12835.0,29,12,3,4,48,0,292
12836.0,29,12,3,4,48,0,292
12837.0,29,12,3,4,48,0,292
12838.0,29,12,3,4,48,0,292
12839.0,29,12,3,4,48,0,292
12840.0,29,12,3,4,48,0,292
12841.0,29,12,3,4,48,0,292
12842.0,29,12,3,4,48,0,292
12843.0,29,12,3,4,48,0,292
12844.0,29,12,3,4,48,0,292
12845.0,29,12,3,4,48,0,292
12846.0,29,12,3,4,48,0,292
12847.0,29,12,3,4,48,0,292
12848.0,29,12,3,4,48,0,292
12849.0,29,12,3,4,48,0,292
12850.0,29,12,3,4,48,0,292
12851.0,29,12,3,4,48,0,292
12852.0,29,12,3,4,48,0,292
12853.0,29,12,3,4,48,0,292
12854.0,29,12,3,4,48,0,292
12855.0,29,12,3,4,48,0,292
12856.0,29,12,3,4,48,0,292
12857.0,29,12,3,4,48,0,292
12858.0,29,12,3,4,48,0,292
12859.0,29,12,3,4,48,0,292
12860.0,29,12,3,4,48,0,292
12861.0,29,12,3,4,48,0,292
12862.0,29,12,3,4,48,0,292
12863.0,29,12,3,4,48,0,292
12864.0,29,12,3,4,48,0,292
12865.0,29,12,3,4,48,0,292
12866.0,29,12,3,4,48,0,292
12867.0,29,12,3,4,48,0,292
12868.0,29,12,3,4,48,0,292
12869.0,29,12,3,4,48,0,292
12870.0,29,12,3,4,48,0,292
12871.0,29,12,3,4,48,0,292
12872.0,29,12,3,4,48,0,292
12873.0,29,12,3,4,48,0,292
12874.0,29,12,3,4,48,0,292
12875.0,29,12,3,4,48,0,292
12876.0,29,12,3,4,48,0,292
12877.0,29,12,3,4,48,0,292
12878.0,29,12,3,4,48,0,292
12879.0,29,12,3,4,48,0,292
12880.0,29,12,3,4,48,0,292
12881.0,29,12,3,4,48,0,292
12882.0,29,12,3,4,48,0,292
12883.0,29,12,3,4,48,0,292
12884.0,29,12,3,4,48,0,292
12885.0,29,12,3,4,48,0,292
12886.0,29,12,3,4,48,0,292
12887.0,29,12,3,4,48,0,292
12888.0,29,12,3,4,48,0,292
12889.0,29,12,3,4,48,0,292
12890.0,29,12,3,4,48,0,292
12891.0,29,12,3,4,48,0,292
12892.0,29,12,3,4,48,0,292
12893.0,29,12,3,4,48,0,292
12894.0,29,12,3,4,48,0,292
12895.0,29,12,3,4,48,0,292
12896.0,29,12,3,4,48,0,292
12897.0,29,12,3,4,48,0,292
12898.0,29,12,3,4,48,0,292
12899.0,29,12,3,4,48,0,292
12900.0,29,12,3,4,48,0,292
12901.0,29,12,3,4,48,0,292
12902.0,29,12,3,4,48,0,292
12903.0,29,12,3,4,48,0,292
12904.0,29,12,3,4,48,0,292
12905.0,29,12,3,4,48,0,292
12906.0,29,12,3,4,48,0,292
12907.0,29,12,3,4,48,0,292
12908.0,29,12,3,4,48,0,292
12909.0,29,12,3,4,48,0,292
12910.0,29,12,3,4,48,0,292
12911.0,29,12,3,4,48,0,292
12912.0,29,12,3,4,48,0,292
12913.0,29,12,3,4,48,0,292
12914.0,29,12,3,4,48,0,292
12915.0,29,12,3,4,48,0,292
12916.0,29,12,3,4,48,0,292
12917.0,29,12,3,4,48,0,292
12918.0,29,12,3,4,48,0,292
12919.0,29,12,3,4,48,0,292
12920.0,29,12,3,4,48,0,292
12921.0,29,12,3,4,48,0,292
12922.0,29,12,3,4,48,0,292
12923.0,29,12,3,4,48,0,292
12924.0,29,12,3,4,48,0,292
12925.0,29,12,3,4,48,0,292
12926.0,29,12,3,4,48,0,292
12927.0,29,12,3,4,48,0,292
12928.0,29,12,3,4,48,0,292
12929.0,29,12,3,4,48,0,292
12930.0,29,12,3,4,48,0,292
12931.0,29,12,3,4,48,0,292
12932.0,29,12,3,4,48,0,292
12933.0,29,12,3,4,48,0,292
12934.0,29,12,3,4,48,0,292
12935.0,29,12,3,4,48,0,292
12936.0,29,12,3,4,48,0,292
12937.0,29,12,3,4,48,0,292
12938.0,29,12,3,4,48,0,292
12939.0,29,12,3,4,48,0,292
12940.0,29,12,3,4,48,0,292
12941.0,29,12,3,4,48,0,292
12942.0,29,12,3,4,48,0,292
12943.0,29,12,3,4,48,0,292
12944.0,29,12,3,4,48,0,292
12945.0,29,12,3,4,48,0,292
12946.0,29,12,3,4,48,0,292
12947.0,29,12,3,4,48,0,292
12948.0,29,12,3,4,48,0,292
12949.0,29,12,3,4,48,0,292
12950.0,29,12,3,4,48,0,292
12951.0,29,12,3,4,48,0,292
12952.0,29,12,3,4,48,0,292
12953.0,29,12,3,4,48,0,292
12954.0,29,12,3,4,48,0,292
12955.0,29,12,3,4,48,0,292
12956.0,29,12,3,4,48,0,292
12957.0,29,12,3,4,48,0,292
12958.0,29,12,3,4,48,0,292
12959.0,29,12,3,4,48,0,292
12960.0,29,12,3,4,48,0,292
12961.0,29,12,3,4,48,0,292
12962.0,29,12,3,4,48,0,292
12963.0,29,12,3,4,48,0,292
12964.0,29,12,3,4,48,0,292
12965.0,29,12,3,4,48,0,292
12966.0,29,12,3,4,48,0,292
12967.0,29,12,3,4,48,0,292
12968.0,29,12,3,4,48,0,292
12969.0,29,12,3,4,48,0,292
12970.0,29,12,3,4,48,0,292
12971.0,29,12,3,4,48,0,292
12972.0,29,12,3,4,48,0,292
12973.0,29,12,3,4,48,0,292
12974.0,29,12,3,4,48,0,292
12975.0,29,12,3,4,48,0,292
12976.0,29,12,3,4,48,0,292
12977.0,29,12,3,4,48,0,292
12978.0,29,12,3,4,48,0,292
12979.0,29,12,3,4,48,0,292
12980.0,29,12,3,4,48,0,292
12981.0,29,12,3,4,48,0,292
12982.0,29,12,3,4,48,0,292
12983.0,29,12,3,4,48,0,292
12984.0,29,12,3,4,48,0,292
12985.0,29,12,3,4,48,0,292
12986.0,29,12,3,4,48,0,292
12987.0,29,12,3,4,48,0,292
12988.0,29,12,3,4,48,0,292
12989.0,29,12,3,4,48,0,292
12990.0,29,12,3,4,48,0,292
12991.0,29,12,3,4,48,0,292
12992.0,29,12,3,4,48,0,292
12993.0,29,12,3,4,48,0,292
12994.0,29,12,3,4,48,0,292
12995.0,29,12,3,4,48,0,292
12996.0,29,12,3,4,48,0,292
12997.0,29,12,3,4,48,0,292
12998.0,29,12,3,4,48,0,292
12999.0,29,12,3,4,48,0,292
13000.0,29,12,3,4,48,0,292
13001.0,29,12,3,4,48,0,292
13002.0,29,12,3,4,48,0,292
13003.0,29,12,3,4,48,0,292
13004.0,29,12,3,4,48,0,292
13005.0,29,12,3,4,48,0,292
13006.0,29,12,3,4,48,0,292
13007.0,29,12,3,4,48,0,292
13008.0,29,12,3,4,48,0,292
13009.0,29,12,3,4,48,0,292
13010.0,29,12,3,4,48,0,292
13011.0,29,12,3,4,48,0,292
13012.0,29,12,3,4,48,0,292
13013.0,29,12,3,4,48,0,292
13014.0,29,12,3,4,48,0,292
13015.0,29,12,3,4,48,0,292
13016.0,29,12,3,4,48,0,292
13017.0,29,12,3,4,48,0,292
13018.0,29,12,3,4,48,0,292
13019.0,29,12,3,4,48,0,292
13020.0,29,12,3,4,48,0,292
13021.0,29,12,3,4,48,0,292
13022.0,29,12,3,4,48,0,292
13023.0,29,12,3,4,48,0,292
13024.0,29,12,3,4,48,0,292
13025.0,29,12,3,4,48,0,292
13026.0,29,12,3,4,48,0,292
13027.0,29,12,3,4,48,0,292
13028.0,29,12,3,4,48,0,292
13029.0,29,12,3,4,48,0,292
13030.0,29,12,3,4,48,0,292
13031.0,29,12,3,4,48,0,292
13032.0,29,12,3,4,48,0,292
13033.0,29,12,3,4,48,0,292
13034.0,29,12,3,4,48,0,292
13035.0,29,12,3,4,48,0,292
13036.0,29,12,3,4,48,0,292
13037.0,29,12,3,4,48,0,292
13038.0,29,12,3,4,48,0,292
13039.0,29,12,3,4,48,0,292
13040.0,29,12,3,4,48,0,292
13041.0,29,12,3,4,48,0,292
13042.0,29,12,3,4,48,0,292
13043.0,29,12,3,4,48,0,292
13044.0,29,12,3,4,48,0,292
13045.0,29,12,3,4,48,0,292
13046.0,29,12,3,4,48,0,292
13047.0,29,12,3,4,48,0,292
13048.0,29,12,3,4,48,0,292
13049.0,29,12,3,4,48,0,292
13050.0,29,12,3,4,48,0,292
13051.0,29,12,3,4,48,0,292
13052.0,29,12,3,4,48,0,292
13053.0,29,12,3,4,48,0,292
13054.0,29,12,3,4,48,0,292
13055.0,29,12,3,4,48,0,292
13056.0,29,12,3,4,48,0,292
13057.0,29,12,3,4,48,0,292
13058.0,29,12,3,4,48,0,292
13059.0,29,12,3,4,48,0,292
13060.0,29,12,3,4,48,0,292
13061.0,29,12,3,4,48,0,292
13062.0,29,12,3,4,48,0,292
13063.0,29,12,3,4,48,0,292
13064.0,29,12,3,4,48,0,292
13065.0,29,12,3,4,48,0,292
13066.0,29,12,3,4,48,0,292
13067.0,29,12,3,4,48,0,292
13068.0,29,12,3,4,48,0,292
13069.0,29,12,3,4,48,0,292
13070.0,29,12,3,4,48,0,292
13071.0,29,12,3,4,48,0,292
13072.0,29,12,3,4,48,0,292
13073.0,29,12,3,4,48,0,292
13074.0,29,12,3,4,48,0,292
13075.0,29,12,3,4,48,0,292
13076.0,29,12,3,4,48,0,292
13077.0,29,12,3,4,48,0,292
13078.0,29,12,3,4,48,0,292
13079.0,29,12,3,4,48,0,292
13080.0,29,12,3,4,48,0,292
13081.0,29,12,3,4,48,0,292
13082.0,29,12,3,4,48,0,292
13083.0,29,12,3,4,48,0,292
13084.0,29,12,3,4,48,0,292
13085.0,29,12,3,4,48,0,292
13086.0,29,12,3,4,48,0,292
13087.0,29,12,3,4,48,0,292
13088.0,29,12,3,4,48,0,292
13089.0,29,12,3,4,48,0,292
13090.0,29,12,3,4,48,0,292
13091.0,29,12,3,4,48,0,292
13092.0,29,12,3,4,48,0,292
13093.0,29,12,3,4,48,0,292
13094.0,29,12,3,4,48,0,292
13095.0,29,12,3,4,48,0,292
13096.0,29,12,3,4,48,0,292
13097.0,29,12,3,4,48,0,292
13098.0,29,12,3,4,48,0,292
13099.0,29,12,3,4,48,0,292
13100.0,29,12,3,4,48,0,292
13101.0,29,12,3,4,48,0,292
13102.0,29,12,3,4,48,0,292
13103.0,29,12,3,4,48,0,292
13104.0,29,12,3,4,48,0,292
13105.0,29,12,3,4,48,0,292
13106.0,29,12,3,4,48,0,292
13107.0,29,12,3,4,48,0,292
13108.0,29,12,3,4,48,0,292
13109.0,29,12,3,4,48,0,292
13110.0,29,12,3,4,48,0,292
13111.0,29,12,3,4,48,0,292
13112.0,29,12,3,4,48,0,292
13113.0,29,12,3,4,48,0,292
13114.0,29,12,3,4,48,0,292
13115.0,29,12,3,4,48,0,292
13116.0,29,12,3,4,48,0,292
13117.0,29,12,3,4,48,0,292
13118.0,29,12,3,4,48,0,292
13119.0,29,12,3,4,48,0,292
13120.0,29,12,3,4,48,0,292
13121.0,29,12,3,4,48,0,292
13122.0,29,12,3,4,48,0,292
13123.0,29,12,3,4,48,0,292
13124.0,29,12,3,4,48,0,292
13125.0,29,12,3,4,48,0,292
13126.0,29,12,3,4,48,0,292
13127.0,29,12,3,4,48,0,292
13128.0,29,12,3,4,48,0,292
13129.0,29,12,3,4,48,0,292
13130.0,29,12,3,4,48,0,292
13131.0,29,12,3,4,48,0,292
13132.0,29,12,3,4,48,0,292
13133.0,29,12,3,4,48,0,292
13134.0,29,12,3,4,48,0,292
13135.0,29,12,3,4,48,0,292
13136.0,29,12,3,4,48,0,292
13137.0,29,12,3,4,48,0,292
13138.0,29,12,3,4,48,0,292
13139.0,29,12,3,4,48,0,292
13140.0,29,12,3,4,48,0,292
13141.0,29,12,3,4,48,0,292
13142.0,29,12,3,4,48,0,292
13143.0,29,12,3,4,48,0,292
13144.0,29,12,3,4,48,0,292
13145.0,29,12,3,4,48,0,292
13146.0,29,12,3,4,48,0,292
13147.0,29,12,3,4,48,0,292
13148.0,29,12,3,4,48,0,292
13149.0,29,12,3,4,48,0,292
13150.0,29,12,3,4,48,0,292
13151.0,29,12,3,4,48,0,292
13152.0,29,12,3,4,48,0,292
13153.0,29,12,3,4,48,0,292
13154.0,29,12,3,4,48,0,292
13155.0,29,12,3,4,48,0,292
13156.0,29,12,3,4,48,0,292
13157.0,29,12,3,4,48,0,292
13158.0,29,12,3,4,48,0,292
13159.0,29,12,3,4,48,0,292
13160.0,29,12,3,4,48,0,292
13161.0,29,12,3,4,48,0,292
13162.0,29,12,3,4,48,0,292
13163.0,29,12,3,4,48,0,292
13164.0,29,12,3,4,48,0,292
13165.0,29,12,3,4,48,0,292
13166.0,29,12,3,4,48,0,292
13167.0,29,12,3,4,48,0,292
13168.0,29,12,3,4,48,0,292
13169.0,29,12,3,4,48,0,292
13170.0,29,12,3,4,48,0,292
13171.0,29,12,3,4,48,0,292
13172.0,29,12,3,4,48,0,292
13173.0,29,12,3,4,48,0,292
13174.0,29,12,3,4,48,0,292
13175.0,29,12,3,4,48,0,292
13176.0,29,12,3,4,48,0,292
13177.0,29,12,3,4,48,0,292
13178.0,29,12,3,4,48,0,292
13179.0,29,12,3,4,48,0,292
13180.0,29,12,3,4,48,0,292
13181.0,29,12,3,4,48,0,292
13182.0,29,12,3,4,48,0,292
13183.0,29,12,3,4,48,0,292
13184.0,29,12,3,4,48,0,292
13185.0,29,12,3,4,48,0,292
13186.0,29,12,3,4,48,0,292
13187.0,29,12,3,4,48,0,292
13188.0,29,12,3,4,48,0,292
13189.0,29,12,3,4,48,0,292
13190.0,29,12,3,4,48,0,292
13191.0,29,12,3,4,48,0,292
13192.0,29,12,3,4,48,0,292
13193.0,29,12,3,4,48,0,292
13194.0,29,12,3,4,48,0,292
13195.0,29,12,3,4,48,0,292
13196.0,29,12,3,4,48,0,292
13197.0,29,12,3,4,48,0,292
13198.0,29,12,3,4,48,0,292
13199.0,29,12,3,4,48,0,292
13200.0,29,12,3,4,48,0,292
13201.0,29,12,3,4,48,0,292
13202.0,29,12,3,4,48,0,292
13203.0,29,12,3,4,48,0,292
13204.0,29,12,3,4,48,0,292
13205.0,29,12,3,4,48,0,292
13206.0,29,12,3,4,48,0,292
13207.0,29,12,3,4,48,0,292
13208.0,29,12,3,4,48,0,292
13209.0,29,12,3,4,48,0,292
13210.0,29,12,3,4,48,0,292
13211.0,29,12,3,4,48,0,292
13212.0,29,12,3,4,48,0,292
13213.0,29,12,3,4,48,0,292
13214.0,29,12,3,4,48,0,292
13215.0,29,12,3,4,48,0,292
13216.0,29,12,3,4,48,0,292
13217.0,29,12,3,4,48,0,292
13218.0,29,12,3,4,48,0,292
13219.0,29,12,3,4,48,0,292
13220.0,29,12,3,4,48,0,292
13221.0,29,12,3,4,48,0,292
13222.0,29,12,3,4,48,0,292
13223.0,29,12,3,4,48,0,292
13224.0,29,12,3,4,48,0,292
13225.0,29,12,3,4,48,0,292
13226.0,29,12,3,4,48,0,292
13227.0,29,12,3,4,48,0,292
13228.0,29,12,3,4,48,0,292
13229.0,29,12,3,4,48,0,292
13230.0,29,12,3,4,48,0,292
13231.0,29,12,3,4,48,0,292
13232.0,29,12,3,4,48,0,292
13233.0,29,12,3,4,48,0,292
13234.0,29,12,3,4,48,0,292
13235.0,29,12,3,4,48,0,292
13236.0,29,12,3,4,48,0,292
13237.0,29,12,3,4,48,0,292
13238.0,29,12,3,4,48,0,292
13239.0,29,12,3,4,48,0,292
13240.0,29,12,3,4,48,0,292
13241.0,29,12,3,4,48,0,292
13242.0,29,12,3,4,48,0,292
13243.0,29,12,3,4,48,0,292
13244.0,29,12,3,4,48,0,292
13245.0,29,12,3,4,48,0,292
13246.0,29,12,3,4,48,0,292
13247.0,29,12,3,4,48,0,292
13248.0,29,12,3,4,48,0,292
13249.0,29,12,3,4,48,0,292
13250.0,29,12,3,4,48,0,292
13251.0,29,12,3,4,48,0,292
13252.0,29,12,3,4,48,0,292
13253.0,29,12,3,4,48,0,292
13254.0,29,12,3,4,48,0,292
13255.0,29,12,3,4,48,0,292
13256.0,29,12,3,4,48,0,292
13257.0,29,12,3,4,48,0,292
13258.0,29,12,3,4,48,0,292
13259.0,29,12,3,4,48,0,292
13260.0,29,12,3,4,48,0,292
13261.0,29,12,3,4,48,0,292
13262.0,29,12,3,4,48,0,292
13263.0,29,12,3,4,48,0,292
13264.0,29,12,3,4,48,0,292
13265.0,29,12,3,4,48,0,292
13266.0,29,12,3,4,48,0,292
13267.0,29,12,3,4,48,0,292
13268.0,29,12,3,4,48,0,292
13269.0,29,12,3,4,48,0,292
13270.0,29,12,3,4,48,0,292
13271.0,29,12,3,4,48,0,292
13272.0,29,12,3,4,48,0,292
13273.0,29,12,3,4,48,0,292
13274.0,29,12,3,4,48,0,292
13275.0,29,12,3,4,48,0,292
13276.0,29,12,3,4,48,0,292
13277.0,29,12,3,4,48,0,292
13278.0,29,12,3,4,48,0,292
13279.0,29,12,3,4,48,0,292
13280.0,29,12,3,4,48,0,292
13281.0,29,12,3,4,48,0,292
13282.0,29,12,3,4,48,0,292
13283.0,29,12,3,4,48,0,292
13284.0,29,12,3,4,48,0,292
13285.0,29,12,3,4,48,0,292
13286.0,29,12,3,4,48,0,292
13287.0,29,12,3,4,48,0,292
13288.0,29,12,3,4,48,0,292
13289.0,29,12,3,4,48,0,292
13290.0,29,12,3,4,48,0,292
13291.0,29,12,3,4,48,0,292
13292.0,29,12,3,4,48,0,292
13293.0,29,12,3,4,48,0,292
13294.0,29,12,3,4,48,0,292
13295.0,29,12,3,4,48,0,292
13296.0,29,12,3,4,48,0,292
13297.0,29,12,3,4,48,0,292
13298.0,29,12,3,4,48,0,292
13299.0,29,12,3,4,48,0,292
13300.0,29,12,3,4,48,0,292
13301.0,29,12,3,4,48,0,292
13302.0,29,12,3,4,48,0,292
13303.0,29,12,3,4,48,0,292
13304.0,29,12,3,4,48,0,292
13305.0,29,12,3,4,48,0,292
13306.0,29,12,3,4,48,0,292
13307.0,29,12,3,4,48,0,292
13308.0,29,12,3,4,48,0,292
13309.0,29,12,3,4,48,0,292
13310.0,29,12,3,4,48,0,292
13311.0,29,12,3,4,48,0,292
13312.0,29,12,3,4,48,0,292
13313.0,29,12,3,4,48,0,292
13314.0,29,12,3,4,48,0,292
13315.0,29,12,3,4,48,0,292
13316.0,29,12,3,4,48,0,292
13317.0,29,12,3,4,48,0,292
13318.0,29,12,3,4,48,0,292
13319.0,29,12,3,4,48,0,292
13320.0,29,12,3,4,48,0,292
13321.0,29,12,3,4,48,0,292
13322.0,29,12,3,4,48,0,292
13323.0,29,12,3,4,48,0,292
13324.0,29,12,3,4,48,0,292
13325.0,29,12,3,4,48,0,292
13326.0,29,12,3,4,48,0,292
13327.0,29,12,3,4,48,0,292
13328.0,29,12,3,4,48,0,292
13329.0,29,12,3,4,48,0,292
13330.0,29,12,3,4,48,0,292
13331.0,29,12,3,4,48,0,292
13332.0,29,12,3,4,48,0,292
13333.0,29,12,3,4,48,0,292
13334.0,29,12,3,4,48,0,292
13335.0,29,12,3,4,48,0,292
13336.0,29,12,3,4,48,0,292
13337.0,29,12,3,4,48,0,292
13338.0,29,12,3,4,48,0,292
13339.0,29,12,3,4,48,0,292
13340.0,29,12,3,4,48,0,292
13341.0,29,12,3,4,48,0,292
13342.0,29,12,3,4,48,0,292
13343.0,29,12,3,4,48,0,292
13344.0,29,12,3,4,48,0,292
13345.0,29,12,3,4,48,0,292
13346.0,29,12,3,4,48,0,292
13347.0,29,12,3,4,48,0,292
13348.0,29,12,3,4,48,0,292
13349.0,29,12,3,4,48,0,292
13350.0,29,12,3,4,48,0,292
13351.0,29,12,3,4,48,0,292
13352.0,29,12,3,4,48,0,292
13353.0,29,12,3,4,48,0,292
13354.0,29,12,3,4,48,0,292
13355.0,29,12,3,4,48,0,292
13356.0,29,12,3,4,48,0,292
13357.0,29,12,3,4,48,0,292
13358.0,29,12,3,4,48,0,292
13359.0,29,12,3,4,48,0,292
13360.0,29,12,3,4,48,0,292
13361.0,29,12,3,4,48,0,292
13362.0,29,12,3,4,48,0,292
13363.0,29,12,3,4,48,0,292
13364.0,29,12,3,4,48,0,292
13365.0,29,12,3,4,48,0,292
13366.0,29,12,3,4,48,0,292
13367.0,29,12,3,4,48,0,292
13368.0,29,12,3,4,48,0,292
13369.0,29,12,3,4,48,0,292
13370.0,29,12,3,4,48,0,292
13371.0,29,12,3,4,48,0,292
13372.0,29,12,3,4,48,0,292
13373.0,29,12,3,4,48,0,292
13374.0,29,12,3,4,48,0,292
13375.0,29,12,3,4,48,0,292
13376.0,29,12,3,4,48,0,292
13377.0,29,12,3,4,48,0,292
13378.0,29,12,3,4,48,0,292
13379.0,29,12,3,4,48,0,292
13380.0,29,12,3,4,48,0,292
13381.0,29,12,3,4,48,0,292
13382.0,29,12,3,4,48,0,292
13383.0,29,12,3,4,48,0,292
13384.0,29,12,3,4,48,0,292
13385.0,29,12,3,4,48,0,292
13386.0,29,12,3,4,48,0,292
13387.0,29,12,3,4,48,0,292
13388.0,29,12,3,4,48,0,292
13389.0,29,12,3,4,48,0,292
13390.0,29,12,3,4,48,0,292
13391.0,29,12,3,4,48,0,292
13392.0,29,12,3,4,48,0,292
13393.0,29,12,3,4,48,0,292
13394.0,29,12,3,4,48,0,292
13395.0,29,12,3,4,48,0,292
13396.0,29,12,3,4,48,0,292
13397.0,29,12,3,4,48,0,292
13398.0,29,12,3,4,48,0,292
13399.0,29,12,3,4,48,0,292
13400.0,29,12,3,4,48,0,292
13401.0,29,12,3,4,48,0,292
13402.0,29,12,3,4,48,0,292
13403.0,29,12,3,4,48,0,292
13404.0,29,12,3,4,48,0,292
13405.0,29,12,3,4,48,0,292
13406.0,29,12,3,4,48,0,292
13407.0,29,12,3,4,48,0,292
13408.0,29,12,3,4,48,0,292
13409.0,29,12,3,4,48,0,292
13410.0,29,12,3,4,48,0,292
13411.0,29,12,3,4,48,0,292
13412.0,29,12,3,4,48,0,292
13413.0,29,12,3,4,48,0,292
13414.0,29,12,3,4,48,0,292
13415.0,29,12,3,4,48,0,292
13416.0,29,12,3,4,48,0,292
13417.0,29,12,3,4,48,0,292
13418.0,29,12,3,4,48,0,292
13419.0,29,12,3,4,48,0,292
13420.0,29,12,3,4,48,0,292
13421.0,29,12,3,4,48,0,292
13422.0,29,12,3,4,48,0,292
13423.0,29,12,3,4,48,0,292
13424.0,29,12,3,4,48,0,292
13425.0,29,12,3,4,48,0,292
13426.0,29,12,3,4,48,0,292
13427.0,29,12,3,4,48,0,292
13428.0,29,12,3,4,48,0,292
13429.0,29,12,3,4,48,0,292
13430.0,29,12,3,4,48,0,292
13431.0,29,12,3,4,48,0,292
13432.0,29,12,3,4,48,0,292
13433.0,29,12,3,4,48,0,292
13434.0,29,12,3,4,48,0,292
13435.0,29,12,3,4,48,0,292
13436.0,29,12,3,4,48,0,292
13437.0,29,12,3,4,48,0,292
13438.0,29,12,3,4,48,0,292
13439.0,29,12,3,4,48,0,292
13440.0,29,12,3,4,48,0,292
13441.0,29,12,3,4,48,0,292
13442.0,29,12,3,4,48,0,292
13443.0,29,12,3,4,48,0,292
13444.0,29,12,3,4,48,0,292
13445.0,29,12,3,4,48,0,292
13446.0,29,12,3,4,48,0,292
13447.0,29,12,3,4,48,0,292
13448.0,29,12,3,4,48,0,292
13449.0,29,12,3,4,48,0,292
13450.0,29,12,3,4,48,0,292
13451.0,29,12,3,4,48,0,292
13452.0,29,12,3,4,48,0,292
13453.0,29,12,3,4,48,0,292
13454.0,29,12,3,4,48,0,292
13455.0,29,12,3,4,48,0,292
13456.0,29,12,3,4,48,0,292
13457.0,29,12,3,4,48,0,292
13458.0,29,12,3,4,48,0,292
13459.0,29,12,3,4,48,0,292
13460.0,29,12,3,4,48,0,292
13461.0,29,12,3,4,48,0,292
13462.0,29,12,3,4,48,0,292
13463.0,29,12,3,4,48,0,292
13464.0,29,12,3,4,48,0,292
13465.0,29,12,3,4,48,0,292
13466.0,29,12,3,4,48,0,292
13467.0,29,12,3,4,48,0,292
13468.0,29,12,3,4,48,0,292
13469.0,29,12,3,4,48,0,292
13470.0,29,12,3,4,48,0,292
13471.0,29,12,3,4,48,0,292
13472.0,29,12,3,4,48,0,292
13473.0,29,12,3,4,48,0,292
13474.0,29,12,3,4,48,0,292
13475.0,29,12,3,4,48,0,292
13476.0,29,12,3,4,48,0,292
13477.0,29,12,3,4,48,0,292
13478.0,29,12,3,4,48,0,292
13479.0,29,12,3,4,48,0,292
13480.0,29,12,3,4,48,0,292
13481.0,29,12,3,4,48,0,292
13482.0,29,12,3,4,48,0,292
13483.0,29,12,3,4,48,0,292
13484.0,29,12,3,4,48,0,292
13485.0,29,12,3,4,48,0,292
13486.0,29,12,3,4,48,0,292
13487.0,29,12,3,4,48,0,292
13488.0,29,12,3,4,48,0,292
13489.0,29,12,3,4,48,0,292
13490.0,29,12,3,4,48,0,292
13491.0,29,12,3,4,48,0,292
13492.0,29,12,3,4,48,0,292
13493.0,29,12,3,4,48,0,292
13494.0,29,12,3,4,48,0,292
13495.0,29,12,3,4,48,0,292
13496.0,29,12,3,4,48,0,292
13497.0,29,12,3,4,48,0,292
13498.0,29,12,3,4,48,0,292
13499.0,29,12,3,4,48,0,292
13500.0,29,12,3,4,48,0,292
13501.0,29,12,3,4,48,0,292
13502.0,29,12,3,4,48,0,292
13503.0,29,12,3,4,48,0,292
13504.0,29,12,3,4,48,0,292
13505.0,29,12,3,4,48,0,292
13506.0,29,12,3,4,48,0,292
13507.0,29,12,3,4,48,0,292
13508.0,29,12,3,4,48,0,292
13509.0,29,12,3,4,48,0,292
13510.0,29,12,3,4,48,0,292
13511.0,29,12,3,4,48,0,292
13512.0,29,12,3,4,48,0,292
13513.0,29,12,3,4,48,0,292
13514.0,29,12,3,4,48,0,292
13515.0,29,12,3,4,48,0,292
13516.0,29,12,3,4,48,0,292
13517.0,29,12,3,4,48,0,292
13518.0,29,12,3,4,48,0,292
13519.0,29,12,3,4,48,0,292
13520.0,29,12,3,4,48,0,292
13521.0,29,12,3,4,48,0,292
13522.0,29,12,3,4,48,0,292
13523.0,29,12,3,4,48,0,292
13524.0,29,12,3,4,48,0,292
13525.0,29,12,3,4,48,0,292
13526.0,29,12,3,4,48,0,292
13527.0,29,12,3,4,48,0,292
13528.0,29,12,3,4,48,0,292
13529.0,29,12,3,4,48,0,292
13530.0,29,12,3,4,48,0,292
13531.0,29,12,3,4,48,0,292
13532.0,29,12,3,4,48,0,292
13533.0,29,12,3,4,48,0,292
13534.0,29,12,3,4,48,0,292
13535.0,29,12,3,4,48,0,292
13536.0,29,12,3,4,48,0,292
13537.0,29,12,3,4,48,0,292
13538.0,29,12,3,4,48,0,292
13539.0,29,12,3,4,48,0,292
13540.0,29,12,3,4,48,0,292
13541.0,29,12,3,4,48,0,292
13542.0,29,12,3,4,48,0,292
13543.0,29,12,3,4,48,0,292
13544.0,29,12,3,4,48,0,292
13545.0,29,12,3,4,48,0,292
13546.0,29,12,3,4,48,0,292
13547.0,29,12,3,4,48,0,292
13548.0,29,12,3,4,48,0,292
13549.0,29,12,3,4,48,0,292
13550.0,29,12,3,4,48,0,292
13551.0,29,12,3,4,48,0,292
13552.0,29,12,3,4,48,0,292
13553.0,29,12,3,4,48,0,292
13554.0,29,12,3,4,48,0,292
13555.0,29,12,3,4,48,0,292
13556.0,29,12,3,4,48,0,292
13557.0,29,12,3,4,48,0,292
13558.0,29,12,3,4,48,0,292
13559.0,29,12,3,4,48,0,292
13560.0,29,12,3,4,48,0,292
13561.0,29,12,3,4,48,0,292
13562.0,29,12,3,4,48,0,292
13563.0,29,12,3,4,48,0,292
13564.0,29,12,3,4,48,0,292
13565.0,29,12,3,4,48,0,292
13566.0,29,12,3,4,48,0,292
13567.0,29,12,3,4,48,0,292
13568.0,29,12,3,4,48,0,292
13569.0,29,12,3,4,48,0,292
13570.0,29,12,3,4,48,0,292
13571.0,29,12,3,4,48,0,292
13572.0,29,12,3,4,48,0,292
13573.0,29,12,3,4,48,0,292
13574.0,29,12,3,4,48,0,292
13575.0,29,12,3,4,48,0,292
13576.0,29,12,3,4,48,0,292
13577.0,29,12,3,4,48,0,292
13578.0,29,12,3,4,48,0,292
13579.0,29,12,3,4,48,0,292
13580.0,29,12,3,4,48,0,292
13581.0,29,12,3,4,48,0,292
13582.0,29,12,3,4,48,0,292
13583.0,29,12,3,4,48,0,292
13584.0,29,12,3,4,48,0,292
13585.0,29,12,3,4,48,0,292
13586.0,29,12,3,4,48,0,292
13587.0,29,12,3,4,48,0,292
13588.0,29,12,3,4,48,0,292
13589.0,29,12,3,4,48,0,292
13590.0,29,12,3,4,48,0,292
13591.0,29,12,3,4,48,0,292
13592.0,29,12,3,4,48,0,292
13593.0,29,12,3,4,48,0,292
13594.0,29,12,3,4,48,0,292
13595.0,29,12,3,4,48,0,292
13596.0,29,12,3,4,48,0,292
13597.0,29,12,3,4,48,0,292
13598.0,29,12,3,4,48,0,292
13599.0,29,12,3,4,48,0,292
13600.0,29,12,3,4,48,0,292
13601.0,29,12,3,4,48,0,292
13602.0,29,12,3,4,48,0,292
13603.0,29,12,3,4,48,0,292
13604.0,29,12,3,4,48,0,292
13605.0,29,12,3,4,48,0,292
13606.0,29,12,3,4,48,0,292
13607.0,29,12,3,4,48,0,292
13608.0,29,12,3,4,48,0,292
13609.0,29,12,3,4,48,0,292
13610.0,29,12,3,4,48,0,292
13611.0,29,12,3,4,48,0,292
13612.0,29,12,3,4,48,0,292
13613.0,29,12,3,4,48,0,292
13614.0,29,12,3,4,48,0,292
13615.0,29,12,3,4,48,0,292
13616.0,29,12,3,4,48,0,292
13617.0,29,12,3,4,48,0,292
13618.0,29,12,3,4,48,0,292
13619.0,29,12,3,4,48,0,292
13620.0,29,12,3,4,48,0,292
13621.0,29,12,3,4,48,0,292
13622.0,29,12,3,4,48,0,292
13623.0,29,12,3,4,48,0,292
13624.0,29,12,3,4,48,0,292
13625.0,29,12,3,4,48,0,292
13626.0,29,12,3,4,48,0,292
13627.0,29,12,3,4,48,0,292
13628.0,29,12,3,4,48,0,292
13629.0,29,12,3,4,48,0,292
13630.0,29,12,3,4,48,0,292
13631.0,29,12,3,4,48,0,292
13632.0,29,12,3,4,48,0,292
13633.0,29,12,3,4,48,0,292
13634.0,29,12,3,4,48,0,292
13635.0,29,12,3,4,48,0,292
13636.0,29,12,3,4,48,0,292
13637.0,29,12,3,4,48,0,292
13638.0,29,12,3,4,48,0,292
13639.0,29,12,3,4,48,0,292
13640.0,29,12,3,4,48,0,292
13641.0,29,12,3,4,48,0,292
13642.0,29,12,3,4,48,0,292
13643.0,29,12,3,4,48,0,292
13644.0,29,12,3,4,48,0,292
13645.0,29,12,3,4,48,0,292
13646.0,29,12,3,4,48,0,292
13647.0,29,12,3,4,48,0,292
13648.0,29,12,3,4,48,0,292
13649.0,29,12,3,4,48,0,292
13650.0,29,12,3,4,48,0,292
13651.0,29,12,3,4,48,0,292
13652.0,29,12,3,4,48,0,292
13653.0,29,12,3,4,48,0,292
13654.0,29,12,3,4,48,0,292
13655.0,29,12,3,4,48,0,292
13656.0,29,12,3,4,48,0,292
13657.0,29,12,3,4,48,0,292
13658.0,29,12,3,4,48,0,292
13659.0,29,12,3,4,48,0,292
13660.0,29,12,3,4,48,0,292
13661.0,29,12,3,4,48,0,292
13662.0,29,12,3,4,48,0,292
13663.0,29,12,3,4,48,0,292
13664.0,29,12,3,4,48,0,292
13665.0,29,12,3,4,48,0,292
13666.0,29,12,3,4,48,0,292
13667.0,29,12,3,4,48,0,292
13668.0,29,12,3,4,48,0,292
13669.0,29,12,3,4,48,0,292
13670.0,29,12,3,4,48,0,292
13671.0,29,12,3,4,48,0,292
13672.0,29,12,3,4,48,0,292
13673.0,29,12,3,4,48,0,292
13674.0,29,12,3,4,48,0,292
13675.0,29,12,3,4,48,0,292
13676.0,29,12,3,4,48,0,292
13677.0,29,12,3,4,48,0,292
13678.0,29,12,3,4,48,0,292
13679.0,29,12,3,4,48,0,292
13680.0,29,12,3,4,48,0,292
13681.0,29,12,3,4,48,0,292
13682.0,29,12,3,4,48,0,292
13683.0,29,12,3,4,48,0,292
13684.0,29,12,3,4,48,0,292
13685.0,29,12,3,4,48,0,292
13686.0,29,12,3,4,48,0,292
13687.0,29,12,3,4,48,0,292
13688.0,29,12,3,4,48,0,292
13689.0,29,12,3,4,48,0,292
13690.0,29,12,3,4,48,0,292
13691.0,29,12,3,4,48,0,292
13692.0,29,12,3,4,48,0,292
13693.0,29,12,3,4,48,0,292
13694.0,29,12,3,4,48,0,292
13695.0,29,12,3,4,48,0,292
13696.0,29,12,3,4,48,0,292
13697.0,29,12,3,4,48,0,292
13698.0,29,12,3,4,48,0,292
13699.0,29,12,3,4,48,0,292
13700.0,29,12,3,4,48,0,292
13701.0,29,12,3,4,48,0,292
13702.0,29,12,3,4,48,0,292
13703.0,29,12,3,4,48,0,292
13704.0,29,12,3,4,48,0,292
13705.0,29,12,3,4,48,0,292
13706.0,29,12,3,4,48,0,292
13707.0,29,12,3,4,48,0,292
13708.0,29,12,3,4,48,0,292
13709.0,29,12,3,4,48,0,292
13710.0,29,12,3,4,48,0,292
13711.0,29,12,3,4,48,0,292
13712.0,29,12,3,4,48,0,292
13713.0,29,12,3,4,48,0,292
13714.0,29,12,3,4,48,0,292
13715.0,29,12,3,4,48,0,292
13716.0,29,12,3,4,48,0,292
13717.0,29,12,3,4,48,0,292
13718.0,29,12,3,4,48,0,292
13719.0,29,12,3,4,48,0,292
13720.0,29,12,3,4,48,0,292
13721.0,29,12,3,4,48,0,292
13722.0,29,12,3,4,48,0,292
13723.0,29,12,3,4,48,0,292
13724.0,29,12,3,4,48,0,292
13725.0,29,12,3,4,48,0,292
13726.0,29,12,3,4,48,0,292
13727.0,29,12,3,4,48,0,292
13728.0,29,12,3,4,48,0,292
13729.0,29,12,3,4,48,0,292
13730.0,29,12,3,4,48,0,292
13731.0,29,12,3,4,48,0,292
13732.0,29,12,3,4,48,0,292
13733.0,29,12,3,4,48,0,292
13734.0,29,12,3,4,48,0,292
13735.0,29,12,3,4,48,0,292
13736.0,29,12,3,4,48,0,292
13737.0,29,12,3,4,48,0,292
13738.0,29,12,3,4,48,0,292
13739.0,29,12,3,4,48,0,292
13740.0,29,12,3,4,48,0,292
13741.0,29,12,3,4,48,0,292
13742.0,29,12,3,4,48,0,292
13743.0,29,12,3,4,48,0,292
13744.0,29,12,3,4,48,0,292
13745.0,29,12,3,4,48,0,292
13746.0,29,12,3,4,48,0,292
13747.0,29,12,3,4,48,0,292
13748.0,29,12,3,4,48,0,292
13749.0,29,12,3,4,48,0,292
13750.0,29,12,3,4,48,0,292
13751.0,29,12,3,4,48,0,292
13752.0,29,12,3,4,48,0,292
13753.0,29,12,3,4,48,0,292
13754.0,29,12,3,4,48,0,292
13755.0,29,12,3,4,48,0,292
13756.0,29,12,3,4,48,0,292
13757.0,29,12,3,4,48,0,292
13758.0,29,12,3,4,48,0,292
13759.0,29,12,3,4,48,0,292
13760.0,29,12,3,4,48,0,292
13761.0,29,12,3,4,48,0,292
13762.0,29,12,3,4,48,0,292
13763.0,29,12,3,4,48,0,292
13764.0,29,12,3,4,48,0,292
13765.0,29,12,3,4,48,0,292
13766.0,29,12,3,4,48,0,292
13767.0,29,12,3,4,48,0,292
13768.0,29,12,3,4,48,0,292
13769.0,29,12,3,4,48,0,292
13770.0,29,12,3,4,48,0,292
13771.0,29,12,3,4,48,0,292
13772.0,29,12,3,4,48,0,292
13773.0,29,12,3,4,48,0,292
13774.0,29,12,3,4,48,0,292
13775.0,29,12,3,4,48,0,292
13776.0,29,12,3,4,48,0,292
13777.0,29,12,3,4,48,0,292
13778.0,29,12,3,4,48,0,292
13779.0,29,12,3,4,48,0,292
13780.0,29,12,3,4,48,0,292
13781.0,29,12,3,4,48,0,292
13782.0,29,12,3,4,48,0,292
13783.0,29,12,3,4,48,0,292
13784.0,29,12,3,4,48,0,292
13785.0,29,12,3,4,48,0,292
13786.0,29,12,3,4,48,0,292
13787.0,29,12,3,4,48,0,292
13788.0,29,12,3,4,48,0,292
13789.0,29,12,3,4,48,0,292
13790.0,29,12,3,4,48,0,292
13791.0,29,12,3,4,48,0,292
13792.0,29,12,3,4,48,0,292
13793.0,29,12,3,4,48,0,292
13794.0,29,12,3,4,48,0,292
13795.0,29,12,3,4,48,0,292
13796.0,29,12,3,4,48,0,292
13797.0,29,12,3,4,48,0,292
13798.0,29,12,3,4,48,0,292
13799.0,29,12,3,4,48,0,292
13800.0,29,12,3,4,48,0,292
13801.0,29,12,3,4,48,0,292
13802.0,29,12,3,4,48,0,292
13803.0,29,12,3,4,48,0,292
13804.0,29,12,3,4,48,0,292
13805.0,29,12,3,4,48,0,292
13806.0,29,12,3,4,48,0,292
13807.0,29,12,3,4,48,0,292
13808.0,29,12,3,4,48,0,292
13809.0,29,12,3,4,48,0,292
13810.0,29,12,3,4,48,0,292
13811.0,29,12,3,4,48,0,292
13812.0,29,12,3,4,48,0,292
13813.0,29,12,3,4,48,0,292
13814.0,29,12,3,4,48,0,292
13815.0,29,12,3,4,48,0,292
13816.0,29,12,3,4,48,0,292
13817.0,29,12,3,4,48,0,292
13818.0,29,12,3,4,48,0,292
13819.0,29,12,3,4,48,0,292
13820.0,29,12,3,4,48,0,292
13821.0,29,12,3,4,48,0,292
13822.0,29,12,3,4,48,0,292
13823.0,29,12,3,4,48,0,292
13824.0,29,12,3,4,48,0,292
13825.0,29,12,3,4,48,0,292
13826.0,29,12,3,4,48,0,292
13827.0,29,12,3,4,48,0,292
13828.0,29,12,3,4,48,0,292
13829.0,29,12,3,4,48,0,292
13830.0,29,12,3,4,48,0,292
13831.0,29,12,3,4,48,0,292
13832.0,29,12,3,4,48,0,292
13833.0,29,12,3,4,48,0,292
13834.0,29,12,3,4,48,0,292
13835.0,29,12,3,4,48,0,292
13836.0,29,12,3,4,48,0,292
13837.0,29,12,3,4,48,0,292
13838.0,29,12,3,4,48,0,292
13839.0,29,12,3,4,48,0,292
13840.0,29,12,3,4,48,0,292
13841.0,29,12,3,4,48,0,292
13842.0,29,12,3,4,48,0,292
13843.0,29,12,3,4,48,0,292
13844.0,29,12,3,4,48,0,292
13845.0,29,12,3,4,48,0,292
13846.0,29,12,3,4,48,0,292
13847.0,29,12,3,4,48,0,292
13848.0,29,12,3,4,48,0,292
13849.0,29,12,3,4,48,0,292
13850.0,29,12,3,4,48,0,292
13851.0,29,12,3,4,48,0,292
13852.0,29,12,3,4,48,0,292
13853.0,29,12,3,4,48,0,292
13854.0,29,12,3,4,48,0,292
13855.0,29,12,3,4,48,0,292
13856.0,29,12,3,4,48,0,292
13857.0,29,12,3,4,48,0,292
13858.0,29,12,3,4,48,0,292
13859.0,29,12,3,4,48,0,292
13860.0,29,12,3,4,48,0,292
13861.0,29,12,3,4,48,0,292
13862.0,29,12,3,4,48,0,292
13863.0,29,12,3,4,48,0,292
13864.0,29,12,3,4,48,0,292
13865.0,29,12,3,4,48,0,292
13866.0,29,12,3,4,48,0,292
13867.0,29,12,3,4,48,0,292
13868.0,29,12,3,4,48,0,292
13869.0,29,12,3,4,48,0,292
13870.0,29,12,3,4,48,0,292
13871.0,29,12,3,4,48,0,292
13872.0,29,12,3,4,48,0,292
13873.0,29,12,3,4,48,0,292
13874.0,29,12,3,4,48,0,292
13875.0,29,12,3,4,48,0,292
13876.0,29,12,3,4,48,0,292
13877.0,29,12,3,4,48,0,292
13878.0,29,12,3,4,48,0,292
13879.0,29,12,3,4,48,0,292
13880.0,29,12,3,4,48,0,292
13881.0,29,12,3,4,48,0,292
13882.0,29,12,3,4,48,0,292
13883.0,29,12,3,4,48,0,292
13884.0,29,12,3,4,48,0,292
13885.0,29,12,3,4,48,0,292
13886.0,29,12,3,4,48,0,292
13887.0,29,12,3,4,48,0,292
13888.0,29,12,3,4,48,0,292
13889.0,29,12,3,4,48,0,292
13890.0,29,12,3,4,48,0,292
13891.0,29,12,3,4,48,0,292
13892.0,29,12,3,4,48,0,292
13893.0,29,12,3,4,48,0,292
13894.0,29,12,3,4,48,0,292
13895.0,29,12,3,4,48,0,292
13896.0,29,12,3,4,48,0,292
13897.0,29,12,3,4,48,0,292
13898.0,29,12,3,4,48,0,292
13899.0,29,12,3,4,48,0,292
13900.0,29,12,3,4,48,0,292
13901.0,29,12,3,4,48,0,292
13902.0,29,12,3,4,48,0,292
13903.0,29,12,3,4,48,0,292
13904.0,29,12,3,4,48,0,292
13905.0,29,12,3,4,48,0,292
13906.0,29,12,3,4,48,0,292
13907.0,29,12,3,4,48,0,292
13908.0,29,12,3,4,48,0,292
13909.0,29,12,3,4,48,0,292
13910.0,29,12,3,4,48,0,292
13911.0,29,12,3,4,48,0,292
13912.0,29,12,3,4,48,0,292
13913.0,29,12,3,4,48,0,292
13914.0,29,12,3,4,48,0,292
13915.0,29,12,3,4,48,0,292
13916.0,29,12,3,4,48,0,292
13917.0,29,12,3,4,48,0,292
13918.0,29,12,3,4,48,0,292
13919.0,29,12,3,4,48,0,292
13920.0,29,12,3,4,48,0,292
13921.0,29,12,3,4,48,0,292
13922.0,29,12,3,4,48,0,292
13923.0,29,12,3,4,48,0,292
13924.0,29,12,3,4,48,0,292
13925.0,29,12,3,4,48,0,292
13926.0,29,12,3,4,48,0,292
13927.0,29,12,3,4,48,0,292
13928.0,29,12,3,4,48,0,292
13929.0,29,12,3,4,48,0,292
13930.0,29,12,3,4,48,0,292
13931.0,29,12,3,4,48,0,292
13932.0,29,12,3,4,48,0,292
13933.0,29,12,3,4,48,0,292
13934.0,29,12,3,4,48,0,292
13935.0,29,12,3,4,48,0,292
13936.0,29,12,3,4,48,0,292
13937.0,29,12,3,4,48,0,292
13938.0,29,12,3,4,48,0,292
13939.0,29,12,3,4,48,0,292
13940.0,29,12,3,4,48,0,292
13941.0,29,12,3,4,48,0,292
13942.0,29,12,3,4,48,0,292
13943.0,29,12,3,4,48,0,292
13944.0,29,12,3,4,48,0,292
13945.0,29,12,3,4,48,0,292
13946.0,29,12,3,4,48,0,292
13947.0,29,12,3,4,48,0,292
13948.0,29,12,3,4,48,0,292
13949.0,29,12,3,4,48,0,292
13950.0,29,12,3,4,48,0,292
13951.0,29,12,3,4,48,0,292
13952.0,29,12,3,4,48,0,292
13953.0,29,12,3,4,48,0,292
13954.0,29,12,3,4,48,0,292
13955.0,29,12,3,4,48,0,292
13956.0,29,12,3,4,48,0,292
13957.0,29,12,3,4,48,0,292
13958.0,29,12,3,4,48,0,292
13959.0,29,12,3,4,48,0,292
13960.0,29,12,3,4,48,0,292
13961.0,29,12,3,4,48,0,292
13962.0,29,12,3,4,48,0,292
13963.0,29,12,3,4,48,0,292
13964.0,29,12,3,4,48,0,292
13965.0,29,12,3,4,48,0,292
13966.0,29,12,3,4,48,0,292
13967.0,29,12,3,4,48,0,292
13968.0,29,12,3,4,48,0,292
13969.0,29,12,3,4,48,0,292
13970.0,29,12,3,4,48,0,292
13971.0,29,12,3,4,48,0,292
13972.0,29,12,3,4,48,0,292
13973.0,29,12,3,4,48,0,292
13974.0,29,12,3,4,48,0,292
13975.0,29,12,3,4,48,0,292
13976.0,29,12,3,4,48,0,292
13977.0,29,12,3,4,48,0,292
13978.0,29,12,3,4,48,0,292
13979.0,29,12,3,4,48,0,292
13980.0,29,12,3,4,48,0,292
13981.0,29,12,3,4,48,0,292
13982.0,29,12,3,4,48,0,292
13983.0,29,12,3,4,48,0,292
13984.0,29,12,3,4,48,0,292
13985.0,29,12,3,4,48,0,292
13986.0,29,12,3,4,48,0,292
13987.0,29,12,3,4,48,0,292
13988.0,29,12,3,4,48,0,292
13989.0,29,12,3,4,48,0,292
13990.0,29,12,3,4,48,0,292
13991.0,29,12,3,4,48,0,292
13992.0,29,12,3,4,48,0,292
13993.0,29,12,3,4,48,0,292
13994.0,29,12,3,4,48,0,292
13995.0,29,12,3,4,48,0,292
13996.0,29,12,3,4,48,0,292
13997.0,29,12,3,4,48,0,292
13998.0,29,12,3,4,48,0,292
13999.0,29,12,3,4,48,0,292
14000.0,29,12,3,4,48,0,292
14001.0,29,12,3,4,48,0,292
14002.0,29,12,3,4,48,0,292
14003.0,29,12,3,4,48,0,292
14004.0,29,12,3,4,48,0,292
14005.0,29,12,3,4,48,0,292
14006.0,29,12,3,4,48,0,292
14007.0,29,12,3,4,48,0,292
14008.0,29,12,3,4,48,0,292
14009.0,29,12,3,4,48,0,292
14010.0,29,12,3,4,48,0,292
14011.0,29,12,3,4,48,0,292
14012.0,29,12,3,4,48,0,292
14013.0,29,12,3,4,48,0,292
14014.0,29,12,3,4,48,0,292
14015.0,29,12,3,4,48,0,292
14016.0,29,12,3,4,48,0,292
14017.0,29,12,3,4,48,0,292
14018.0,29,12,3,4,48,0,292
14019.0,29,12,3,4,48,0,292
14020.0,29,12,3,4,48,0,292
14021.0,29,12,3,4,48,0,292
14022.0,29,12,3,4,48,0,292
14023.0,29,12,3,4,48,0,292
14024.0,29,12,3,4,48,0,292
14025.0,29,12,3,4,48,0,292
14026.0,29,12,3,4,48,0,292
14027.0,29,12,3,4,48,0,292
14028.0,29,12,3,4,48,0,292
14029.0,29,12,3,4,48,0,292
14030.0,29,12,3,4,48,0,292
14031.0,29,12,3,4,48,0,292
14032.0,29,12,3,4,48,0,292
14033.0,29,12,3,4,48,0,292
14034.0,29,12,3,4,48,0,292
14035.0,29,12,3,4,48,0,292
14036.0,29,12,3,4,48,0,292
14037.0,29,12,3,4,48,0,292
14038.0,29,12,3,4,48,0,292
14039.0,29,12,3,4,48,0,292
14040.0,29,12,3,4,48,0,292
14041.0,29,12,3,4,48,0,292
14042.0,29,12,3,4,48,0,292
14043.0,29,12,3,4,48,0,292
14044.0,29,12,3,4,48,0,292
14045.0,29,12,3,4,48,0,292
14046.0,29,12,3,4,48,0,292
14047.0,29,12,3,4,48,0,292
14048.0,29,12,3,4,48,0,292
14049.0,29,12,3,4,48,0,292
14050.0,29,12,3,4,48,0,292
14051.0,29,12,3,4,48,0,292
14052.0,29,12,3,4,48,0,292
14053.0,29,12,3,4,48,0,292
14054.0,29,12,3,4,48,0,292
14055.0,29,12,3,4,48,0,292
14056.0,29,12,3,4,48,0,292
14057.0,29,12,3,4,48,0,292
14058.0,29,12,3,4,48,0,292
14059.0,29,12,3,4,48,0,292
14060.0,29,12,3,4,48,0,292
14061.0,29,12,3,4,48,0,292
14062.0,29,12,3,4,48,0,292
14063.0,29,12,3,4,48,0,292
14064.0,29,12,3,4,48,0,292
14065.0,29,12,3,4,48,0,292
14066.0,29,12,3,4,48,0,292
14067.0,29,12,3,4,48,0,292
14068.0,29,12,3,4,48,0,292
14069.0,29,12,3,4,48,0,292
14070.0,29,12,3,4,48,0,292
14071.0,29,12,3,4,48,0,292
14072.0,29,12,3,4,48,0,292
14073.0,29,12,3,4,48,0,292
14074.0,29,12,3,4,48,0,292
14075.0,29,12,3,4,48,0,292
14076.0,29,12,3,4,48,0,292
14077.0,29,12,3,4,48,0,292
14078.0,29,12,3,4,48,0,292
14079.0,29,12,3,4,48,0,292
14080.0,29,12,3,4,48,0,292
14081.0,29,12,3,4,48,0,292
14082.0,29,12,3,4,48,0,292
14083.0,29,12,3,4,48,0,292
14084.0,29,12,3,4,48,0,292
14085.0,29,12,3,4,48,0,292
14086.0,29,12,3,4,48,0,292
14087.0,29,12,3,4,48,0,292
14088.0,29,12,3,4,48,0,292
14089.0,29,12,3,4,48,0,292
14090.0,29,12,3,4,48,0,292
14091.0,29,12,3,4,48,0,292
14092.0,29,12,3,4,48,0,292
14093.0,29,12,3,4,48,0,292
14094.0,29,12,3,4,48,0,292
14095.0,29,12,3,4,48,0,292
14096.0,29,12,3,4,48,0,292
14097.0,29,12,3,4,48,0,292
14098.0,29,12,3,4,48,0,292
14099.0,29,12,3,4,48,0,292
14100.0,29,12,3,4,48,0,292
14101.0,29,12,3,4,48,0,292
14102.0,29,12,3,4,48,0,292
14103.0,29,12,3,4,48,0,292
14104.0,29,12,3,4,48,0,292
14105.0,29,12,3,4,48,0,292
14106.0,29,12,3,4,48,0,292
14107.0,29,12,3,4,48,0,292
14108.0,29,12,3,4,48,0,292
14109.0,29,12,3,4,48,0,292
14110.0,29,12,3,4,48,0,292
14111.0,29,12,3,4,48,0,292
14112.0,29,12,3,4,48,0,292
14113.0,29,12,3,4,48,0,292
14114.0,29,12,3,4,48,0,292
14115.0,29,12,3,4,48,0,292
14116.0,29,12,3,4,48,0,292
14117.0,29,12,3,4,48,0,292
14118.0,29,12,3,4,48,0,292
14119.0,29,12,3,4,48,0,292
14120.0,29,12,3,4,48,0,292
14121.0,29,12,3,4,48,0,292
14122.0,29,12,3,4,48,0,292
14123.0,29,12,3,4,48,0,292
14124.0,29,12,3,4,48,0,292
14125.0,29,12,3,4,48,0,292
14126.0,29,12,3,4,48,0,292
14127.0,29,12,3,4,48,0,292
14128.0,29,12,3,4,48,0,292
14129.0,29,12,3,4,48,0,292
14130.0,29,12,3,4,48,0,292
14131.0,29,12,3,4,48,0,292
14132.0,29,12,3,4,48,0,292
14133.0,29,12,3,4,48,0,292
14134.0,29,12,3,4,48,0,292
14135.0,29,12,3,4,48,0,292
14136.0,29,12,3,4,48,0,292
14137.0,29,12,3,4,48,0,292
14138.0,29,12,3,4,48,0,292
14139.0,29,12,3,4,48,0,292
14140.0,29,12,3,4,48,0,292
14141.0,29,12,3,4,48,0,292
14142.0,29,12,3,4,48,0,292
14143.0,29,12,3,4,48,0,292
14144.0,29,12,3,4,48,0,292
14145.0,29,12,3,4,48,0,292
14146.0,29,12,3,4,48,0,292
14147.0,29,12,3,4,48,0,292
14148.0,29,12,3,4,48,0,292
14149.0,29,12,3,4,48,0,292
14150.0,29,12,3,4,48,0,292
14151.0,29,12,3,4,48,0,292
14152.0,29,12,3,4,48,0,292
14153.0,29,12,3,4,48,0,292
14154.0,29,12,3,4,48,0,292
14155.0,29,12,3,4,48,0,292
14156.0,29,12,3,4,48,0,292
14157.0,29,12,3,4,48,0,292
14158.0,29,12,3,4,48,0,292
14159.0,29,12,3,4,48,0,292
14160.0,29,12,3,4,48,0,292
14161.0,29,12,3,4,48,0,292
14162.0,29,12,3,4,48,0,292
14163.0,29,12,3,4,48,0,292
14164.0,29,12,3,4,48,0,292
14165.0,29,12,3,4,48,0,292
14166.0,29,12,3,4,48,0,292
14167.0,29,12,3,4,48,0,292
14168.0,29,12,3,4,48,0,292
14169.0,29,12,3,4,48,0,292
14170.0,29,12,3,4,48,0,292
14171.0,29,12,3,4,48,0,292
14172.0,29,12,3,4,48,0,292
14173.0,29,12,3,4,48,0,292
14174.0,29,12,3,4,48,0,292
14175.0,29,12,3,4,48,0,292
14176.0,29,12,3,4,48,0,292
14177.0,29,12,3,4,48,0,292
14178.0,29,12,3,4,48,0,292
14179.0,29,12,3,4,48,0,292
14180.0,29,12,3,4,48,0,292
14181.0,29,12,3,4,48,0,292
14182.0,29,12,3,4,48,0,292
14183.0,29,12,3,4,48,0,292
14184.0,29,12,3,4,48,0,292
14185.0,29,12,3,4,48,0,292
14186.0,29,12,3,4,48,0,292
14187.0,29,12,3,4,48,0,292
14188.0,29,12,3,4,48,0,292
14189.0,29,12,3,4,48,0,292
14190.0,29,12,3,4,48,0,292
14191.0,29,12,3,4,48,0,292
14192.0,29,12,3,4,48,0,292
14193.0,29,12,3,4,48,0,292
14194.0,29,12,3,4,48,0,292
14195.0,29,12,3,4,48,0,292
14196.0,29,12,3,4,48,0,292
14197.0,29,12,3,4,48,0,292
14198.0,29,12,3,4,48,0,292
14199.0,29,12,3,4,48,0,292
14200.0,29,12,3,4,48,0,292
14201.0,29,12,3,4,48,0,292
14202.0,29,12,3,4,48,0,292
14203.0,29,12,3,4,48,0,292
14204.0,29,12,3,4,48,0,292
14205.0,29,12,3,4,48,0,292
14206.0,29,12,3,4,48,0,292
14207.0,29,12,3,4,48,0,292
14208.0,29,12,3,4,48,0,292
14209.0,29,12,3,4,48,0,292
14210.0,29,12,3,4,48,0,292
14211.0,29,12,3,4,48,0,292
14212.0,29,12,3,4,48,0,292
14213.0,29,12,3,4,48,0,292
14214.0,29,12,3,4,48,0,292
14215.0,29,12,3,4,48,0,292
14216.0,29,12,3,4,48,0,292
14217.0,29,12,3,4,48,0,292
14218.0,29,12,3,4,48,0,292
14219.0,29,12,3,4,48,0,292
14220.0,29,12,3,4,48,0,292
14221.0,29,12,3,4,48,0,292
14222.0,29,12,3,4,48,0,292
14223.0,29,12,3,4,48,0,292
14224.0,29,12,3,4,48,0,292
14225.0,29,12,3,4,48,0,292
14226.0,29,12,3,4,48,0,292
14227.0,29,12,3,4,48,0,292
14228.0,29,12,3,4,48,0,292
14229.0,29,12,3,4,48,0,292
14230.0,29,12,3,4,48,0,292
14231.0,29,12,3,4,48,0,292
14232.0,29,12,3,4,48,0,292
14233.0,29,12,3,4,48,0,292
14234.0,29,12,3,4,48,0,292
14235.0,29,12,3,4,48,0,292
14236.0,29,12,3,4,48,0,292
14237.0,29,12,3,4,48,0,292
14238.0,29,12,3,4,48,0,292
14239.0,29,12,3,4,48,0,292
14240.0,29,12,3,4,48,0,292
14241.0,29,12,3,4,48,0,292
14242.0,29,12,3,4,48,0,292
14243.0,29,12,3,4,48,0,292
14244.0,29,12,3,4,48,0,292
14245.0,29,12,3,4,48,0,292
14246.0,29,12,3,4,48,0,292
14247.0,29,12,3,4,48,0,292
14248.0,29,12,3,4,48,0,292
14249.0,29,12,3,4,48,0,292
14250.0,29,12,3,4,48,0,292
14251.0,29,12,3,4,48,0,292
14252.0,29,12,3,4,48,0,292
14253.0,29,12,3,4,48,0,292
14254.0,29,12,3,4,48,0,292
14255.0,29,12,3,4,48,0,292
14256.0,29,12,3,4,48,0,292
14257.0,29,12,3,4,48,0,292
14258.0,29,12,3,4,48,0,292
14259.0,29,12,3,4,48,0,292
14260.0,29,12,3,4,48,0,292
14261.0,29,12,3,4,48,0,292
14262.0,29,12,3,4,48,0,292
14263.0,29,12,3,4,48,0,292
14264.0,29,12,3,4,48,0,292
14265.0,29,12,3,4,48,0,292
14266.0,29,12,3,4,48,0,292
14267.0,29,12,3,4,48,0,292
14268.0,29,12,3,4,48,0,292
14269.0,29,12,3,4,48,0,292
14270.0,29,12,3,4,48,0,292
14271.0,29,12,3,4,48,0,292
14272.0,29,12,3,4,48,0,292
14273.0,29,12,3,4,48,0,292
14274.0,29,12,3,4,48,0,292
14275.0,29,12,3,4,48,0,292
14276.0,29,12,3,4,48,0,292
14277.0,29,12,3,4,48,0,292
14278.0,29,12,3,4,48,0,292
14279.0,29,12,3,4,48,0,292
14280.0,29,12,3,4,48,0,292
14281.0,29,12,3,4,48,0,292
14282.0,29,12,3,4,48,0,292
14283.0,29,12,3,4,48,0,292
14284.0,29,12,3,4,48,0,292
14285.0,29,12,3,4,48,0,292
14286.0,29,12,3,4,48,0,292
14287.0,29,12,3,4,48,0,292
14288.0,29,12,3,4,48,0,292
14289.0,29,12,3,4,48,0,292
14290.0,29,12,3,4,48,0,292
14291.0,29,12,3,4,48,0,292
14292.0,29,12,3,4,48,0,292
14293.0,29,12,3,4,48,0,292
14294.0,29,12,3,4,48,0,292
14295.0,29,12,3,4,48,0,292
14296.0,29,12,3,4,48,0,292
14297.0,29,12,3,4,48,0,292
14298.0,29,12,3,4,48,0,292
14299.0,29,12,3,4,48,0,292
14300.0,29,12,3,4,48,0,292
14301.0,29,12,3,4,48,0,292
14302.0,29,12,3,4,48,0,292
14303.0,29,12,3,4,48,0,292
14304.0,29,12,3,4,48,0,292
14305.0,29,12,3,4,48,0,292
14306.0,29,12,3,4,48,0,292
14307.0,29,12,3,4,48,0,292
14308.0,29,12,3,4,48,0,292
14309.0,29,12,3,4,48,0,292
14310.0,29,12,3,4,48,0,292
14311.0,29,12,3,4,48,0,292
14312.0,29,12,3,4,48,0,292
14313.0,29,12,3,4,48,0,292
14314.0,29,12,3,4,48,0,292
14315.0,29,12,3,4,48,0,292
14316.0,29,12,3,4,48,0,292
14317.0,29,12,3,4,48,0,292
14318.0,29,12,3,4,48,0,292
14319.0,29,12,3,4,48,0,292
14320.0,29,12,3,4,48,0,292
14321.0,29,12,3,4,48,0,292
14322.0,29,12,3,4,48,0,292
14323.0,29,12,3,4,48,0,292
14324.0,29,12,3,4,48,0,292
14325.0,29,12,3,4,48,0,292
14326.0,29,12,3,4,48,0,292
14327.0,29,12,3,4,48,0,292
14328.0,29,12,3,4,48,0,292
14329.0,29,12,3,4,48,0,292
14330.0,29,12,3,4,48,0,292
14331.0,29,12,3,4,48,0,292
14332.0,29,12,3,4,48,0,292
14333.0,29,12,3,4,48,0,292
14334.0,29,12,3,4,48,0,292
14335.0,29,12,3,4,48,0,292
14336.0,29,12,3,4,48,0,292
14337.0,29,12,3,4,48,0,292
14338.0,29,12,3,4,48,0,292
14339.0,29,12,3,4,48,0,292
14340.0,29,12,3,4,48,0,292
14341.0,29,12,3,4,48,0,292
14342.0,29,12,3,4,48,0,292
14343.0,29,12,3,4,48,0,292
14344.0,29,12,3,4,48,0,292
14345.0,29,12,3,4,48,0,292
14346.0,29,12,3,4,48,0,292
14347.0,29,12,3,4,48,0,292
14348.0,29,12,3,4,48,0,292
14349.0,29,12,3,4,48,0,292
14350.0,29,12,3,4,48,0,292
14351.0,29,12,3,4,48,0,292
14352.0,29,12,3,4,48,0,292
14353.0,29,12,3,4,48,0,292
14354.0,29,12,3,4,48,0,292
14355.0,29,12,3,4,48,0,292
14356.0,29,12,3,4,48,0,292
14357.0,29,12,3,4,48,0,292
14358.0,29,12,3,4,48,0,292
14359.0,29,12,3,4,48,0,292
14360.0,29,12,3,4,48,0,292
14361.0,29,12,3,4,48,0,292
14362.0,29,12,3,4,48,0,292
14363.0,29,12,3,4,48,0,292
14364.0,29,12,3,4,48,0,292
14365.0,29,12,3,4,48,0,292
14366.0,29,12,3,4,48,0,292
14367.0,29,12,3,4,48,0,292
14368.0,29,12,3,4,48,0,292
14369.0,29,12,3,4,48,0,292
14370.0,29,12,3,4,48,0,292
14371.0,29,12,3,4,48,0,292
14372.0,29,12,3,4,48,0,292
14373.0,29,12,3,4,48,0,292
14374.0,29,12,3,4,48,0,292
14375.0,29,12,3,4,48,0,292
14376.0,29,12,3,4,48,0,292
14377.0,29,12,3,4,48,0,292
14378.0,29,12,3,4,48,0,292
14379.0,29,12,3,4,48,0,292
14380.0,29,12,3,4,48,0,292
14381.0,29,12,3,4,48,0,292
14382.0,29,12,3,4,48,0,292
14383.0,29,12,3,4,48,0,292
14384.0,29,12,3,4,48,0,292
14385.0,29,12,3,4,48,0,292
14386.0,29,12,3,4,48,0,292
14387.0,29,12,3,4,48,0,292
14388.0,29,12,3,4,48,0,292
14389.0,29,12,3,4,48,0,292
14390.0,29,12,3,4,48,0,292
14391.0,29,12,3,4,48,0,292
14392.0,29,12,3,4,48,0,292
14393.0,29,12,3,4,48,0,292
14394.0,29,12,3,4,48,0,292
14395.0,29,12,3,4,48,0,292
14396.0,29,12,3,4,48,0,292
14397.0,29,12,3,4,48,0,292
14398.0,29,12,3,4,48,0,292
14399.0,29,12,3,4,48,0,292
14400.0,29,12,3,4,48,0,292
14401.0,29,12,3,4,48,0,292
14402.0,29,12,3,4,48,0,292
14403.0,29,12,3,4,48,0,292
14404.0,29,12,3,4,48,0,292
14405.0,29,12,3,4,48,0,292
14406.0,29,12,3,4,48,0,292
14407.0,29,12,3,4,48,0,292
14408.0,29,12,3,4,48,0,292
14409.0,29,12,3,4,48,0,292
14410.0,29,12,3,4,48,0,292
14411.0,29,12,3,4,48,0,292
14412.0,29,12,3,4,48,0,292
14413.0,29,12,3,4,48,0,292
14414.0,29,12,3,4,48,0,292
14415.0,29,12,3,4,48,0,292
14416.0,29,12,3,4,48,0,292
14417.0,29,12,3,4,48,0,292
14418.0,29,12,3,4,48,0,292
14419.0,29,12,3,4,48,0,292
14420.0,29,12,3,4,48,0,292
14421.0,29,12,3,4,48,0,292
14422.0,29,12,3,4,48,0,292
14423.0,29,12,3,4,48,0,292
14424.0,29,12,3,4,48,0,292
14425.0,29,12,3,4,48,0,292
14426.0,29,12,3,4,48,0,292
14427.0,29,12,3,4,48,0,292
14428.0,29,12,3,4,48,0,292
14429.0,29,12,3,4,48,0,292
14430.0,29,12,3,4,48,0,292
14431.0,29,12,3,4,48,0,292
14432.0,29,12,3,4,48,0,292
14433.0,29,12,3,4,48,0,292
14434.0,29,12,3,4,48,0,292
14435.0,29,12,3,4,48,0,292
14436.0,29,12,3,4,48,0,292
14437.0,29,12,3,4,48,0,292
14438.0,29,12,3,4,48,0,292
14439.0,29,12,3,4,48,0,292
14440.0,29,12,3,4,48,0,292
14441.0,29,12,3,4,48,0,292
14442.0,29,12,3,4,48,0,292
14443.0,29,12,3,4,48,0,292
14444.0,29,12,3,4,48,0,292
14445.0,29,12,3,4,48,0,292
14446.0,29,12,3,4,48,0,292
14447.0,29,12,3,4,48,0,292
14448.0,29,12,3,4,48,0,292
14449.0,29,12,3,4,48,0,292
14450.0,29,12,3,4,48,0,292
14451.0,29,12,3,4,48,0,292
14452.0,29,12,3,4,48,0,292
14453.0,29,12,3,4,48,0,292
14454.0,29,12,3,4,48,0,292
14455.0,29,12,3,4,48,0,292
14456.0,29,12,3,4,48,0,292
14457.0,29,12,3,4,48,0,292
14458.0,29,12,3,4,48,0,292
14459.0,29,12,3,4,48,0,292
14460.0,29,12,3,4,48,0,292
14461.0,29,12,3,4,48,0,292
14462.0,29,12,3,4,48,0,292
14463.0,29,12,3,4,48,0,292
14464.0,29,12,3,4,48,0,292
14465.0,29,12,3,4,48,0,292
14466.0,29,12,3,4,48,0,292
14467.0,29,12,3,4,48,0,292
14468.0,29,12,3,4,48,0,292
14469.0,29,12,3,4,48,0,292
14470.0,29,12,3,4,48,0,292
14471.0,29,12,3,4,48,0,292
14472.0,29,12,3,4,48,0,292
14473.0,29,12,3,4,48,0,292
14474.0,29,12,3,4,48,0,292
14475.0,29,12,3,4,48,0,292
14476.0,29,12,3,4,48,0,292
14477.0,29,12,3,4,48,0,292
14478.0,29,12,3,4,48,0,292
14479.0,29,12,3,4,48,0,292
14480.0,29,12,3,4,48,0,292
14481.0,29,12,3,4,48,0,292
14482.0,29,12,3,4,48,0,292
14483.0,29,12,3,4,48,0,292
14484.0,29,12,3,4,48,0,292
14485.0,29,12,3,4,48,0,292
14486.0,29,12,3,4,48,0,292
14487.0,29,12,3,4,48,0,292
14488.0,29,12,3,4,48,0,292
14489.0,29,12,3,4,48,0,292
14490.0,29,12,3,4,48,0,292
14491.0,29,12,3,4,48,0,292
14492.0,29,12,3,4,48,0,292
14493.0,29,12,3,4,48,0,292
14494.0,29,12,3,4,48,0,292
14495.0,29,12,3,4,48,0,292
14496.0,29,12,3,4,48,0,292
14497.0,29,12,3,4,48,0,292
14498.0,29,12,3,4,48,0,292
14499.0,29,12,3,4,48,0,292
14500.0,29,12,3,4,48,0,292
14501.0,29,12,3,4,48,0,292
14502.0,29,12,3,4,48,0,292
14503.0,29,12,3,4,48,0,292
14504.0,29,12,3,4,48,0,292
14505.0,29,12,3,4,48,0,292
14506.0,29,12,3,4,48,0,292
14507.0,29,12,3,4,48,0,292
14508.0,29,12,3,4,48,0,292
14509.0,29,12,3,4,48,0,292
14510.0,29,12,3,4,48,0,292
14511.0,29,12,3,4,48,0,292
14512.0,29,12,3,4,48,0,292
14513.0,29,12,3,4,48,0,292
14514.0,29,12,3,4,48,0,292
14515.0,29,12,3,4,48,0,292
14516.0,29,12,3,4,48,0,292
14517.0,29,12,3,4,48,0,292
14518.0,29,12,3,4,48,0,292
14519.0,29,12,3,4,48,0,292
14520.0,29,12,3,4,48,0,292
14521.0,29,12,3,4,48,0,292
14522.0,29,12,3,4,48,0,292
14523.0,29,12,3,4,48,0,292
14524.0,29,12,3,4,48,0,292
14525.0,29,12,3,4,48,0,292
14526.0,29,12,3,4,48,0,292
14527.0,29,12,3,4,48,0,292
14528.0,29,12,3,4,48,0,292
14529.0,29,12,3,4,48,0,292
14530.0,29,12,3,4,48,0,292
14531.0,29,12,3,4,48,0,292
14532.0,29,12,3,4,48,0,292
14533.0,29,12,3,4,48,0,292
14534.0,29,12,3,4,48,0,292
14535.0,29,12,3,4,48,0,292
14536.0,29,12,3,4,48,0,292
14537.0,29,12,3,4,48,0,292
14538.0,29,12,3,4,48,0,292
14539.0,29,12,3,4,48,0,292
14540.0,29,12,3,4,48,0,292
14541.0,29,12,3,4,48,0,292
14542.0,29,12,3,4,48,0,292
14543.0,29,12,3,4,48,0,292
14544.0,29,12,3,4,48,0,292
14545.0,29,12,3,4,48,0,292
14546.0,29,12,3,4,48,0,292
14547.0,29,12,3,4,48,0,292
14548.0,29,12,3,4,48,0,292
14549.0,29,12,3,4,48,0,292
14550.0,29,12,3,4,48,0,292
14551.0,29,12,3,4,48,0,292
14552.0,29,12,3,4,48,0,292
14553.0,29,12,3,4,48,0,292
14554.0,29,12,3,4,48,0,292
14555.0,29,12,3,4,48,0,292
14556.0,29,12,3,4,48,0,292
14557.0,29,12,3,4,48,0,292
14558.0,29,12,3,4,48,0,292
14559.0,29,12,3,4,48,0,292
14560.0,29,12,3,4,48,0,292
14561.0,29,12,3,4,48,0,292
14562.0,29,12,3,4,48,0,292
14563.0,29,12,3,4,48,0,292
14564.0,29,12,3,4,48,0,292
14565.0,29,12,3,4,48,0,292
14566.0,29,12,3,4,48,0,292
14567.0,29,12,3,4,48,0,292
14568.0,29,12,3,4,48,0,292
14569.0,29,12,3,4,48,0,292
14570.0,29,12,3,4,48,0,292
14571.0,29,12,3,4,48,0,292
14572.0,29,12,3,4,48,0,292
14573.0,29,12,3,4,48,0,292
14574.0,29,12,3,4,48,0,292
14575.0,29,12,3,4,48,0,292
14576.0,29,12,3,4,48,0,292
14577.0,29,12,3,4,48,0,292
14578.0,29,12,3,4,48,0,292
14579.0,29,12,3,4,48,0,292
14580.0,29,12,3,4,48,0,292
14581.0,29,12,3,4,48,0,292
14582.0,29,12,3,4,48,0,292
14583.0,29,12,3,4,48,0,292
14584.0,29,12,3,4,48,0,292
14585.0,29,12,3,4,48,0,292
14586.0,29,12,3,4,48,0,292
14587.0,29,12,3,4,48,0,292
14588.0,29,12,3,4,48,0,292
14589.0,29,12,3,4,48,0,292
14590.0,29,12,3,4,48,0,292
14591.0,29,12,3,4,48,0,292
14592.0,29,12,3,4,48,0,292
14593.0,29,12,3,4,48,0,292
14594.0,29,12,3,4,48,0,292
14595.0,29,12,3,4,48,0,292
14596.0,29,12,3,4,48,0,292
14597.0,29,12,3,4,48,0,292
14598.0,29,12,3,4,48,0,292
14599.0,29,12,3,4,48,0,292
14600.0,29,12,3,4,48,0,292
14601.0,29,12,3,4,48,0,292
14602.0,29,12,3,4,48,0,292
14603.0,29,12,3,4,48,0,292
14604.0,29,12,3,4,48,0,292
14605.0,29,12,3,4,48,0,292
14606.0,29,12,3,4,48,0,292
14607.0,29,12,3,4,48,0,292
14608.0,29,12,3,4,48,0,292
14609.0,29,12,3,4,48,0,292
14610.0,29,12,3,4,48,0,292
14611.0,29,12,3,4,48,0,292
14612.0,29,12,3,4,48,0,292
14613.0,29,12,3,4,48,0,292
14614.0,29,12,3,4,48,0,292
14615.0,29,12,3,4,48,0,292
14616.0,29,12,3,4,48,0,292
14617.0,29,12,3,4,48,0,292
14618.0,29,12,3,4,48,0,292
14619.0,29,12,3,4,48,0,292
14620.0,29,12,3,4,48,0,292
14621.0,29,12,3,4,48,0,292
14622.0,29,12,3,4,48,0,292
14623.0,29,12,3,4,48,0,292
14624.0,29,12,3,4,48,0,292
14625.0,29,12,3,4,48,0,292
14626.0,29,12,3,4,48,0,292
14627.0,29,12,3,4,48,0,292
14628.0,29,12,3,4,48,0,292
14629.0,29,12,3,4,48,0,292
14630.0,29,12,3,4,48,0,292
14631.0,29,12,3,4,48,0,292
14632.0,29,12,3,4,48,0,292
14633.0,29,12,3,4,48,0,292
14634.0,29,12,3,4,48,0,292
14635.0,29,12,3,4,48,0,292
14636.0,29,12,3,4,48,0,292
14637.0,29,12,3,4,48,0,292
14638.0,29,12,3,4,48,0,292
14639.0,29,12,3,4,48,0,292
14640.0,29,12,3,4,48,0,292
14641.0,29,12,3,4,48,0,292
14642.0,29,12,3,4,48,0,292
14643.0,29,12,3,4,48,0,292
14644.0,29,12,3,4,48,0,292
14645.0,29,12,3,4,48,0,292
14646.0,29,12,3,4,48,0,292
14647.0,29,12,3,4,48,0,292
14648.0,29,12,3,4,48,0,292
14649.0,29,12,3,4,48,0,292
14650.0,29,12,3,4,48,0,292
14651.0,29,12,3,4,48,0,292
14652.0,29,12,3,4,48,0,292
14653.0,29,12,3,4,48,0,292
14654.0,29,12,3,4,48,0,292
14655.0,29,12,3,4,48,0,292
14656.0,29,12,3,4,48,0,292
14657.0,29,12,3,4,48,0,292
14658.0,29,12,3,4,48,0,292
14659.0,29,12,3,4,48,0,292
14660.0,29,12,3,4,48,0,292
14661.0,29,12,3,4,48,0,292
14662.0,29,12,3,4,48,0,292
14663.0,29,12,3,4,48,0,292
14664.0,29,12,3,4,48,0,292
14665.0,29,12,3,4,48,0,292
14666.0,29,12,3,4,48,0,292
14667.0,29,12,3,4,48,0,292
14668.0,29,12,3,4,48,0,292
14669.0,29,12,3,4,48,0,292
14670.0,29,12,3,4,48,0,292
14671.0,29,12,3,4,48,0,292
14672.0,29,12,3,4,48,0,292
14673.0,29,12,3,4,48,0,292
14674.0,29,12,3,4,48,0,292
14675.0,29,12,3,4,48,0,292
14676.0,29,12,3,4,48,0,292
14677.0,29,12,3,4,48,0,292
14678.0,29,12,3,4,48,0,292
14679.0,29,12,3,4,48,0,292
14680.0,29,12,3,4,48,0,292
14681.0,29,12,3,4,48,0,292
14682.0,29,12,3,4,48,0,292
14683.0,29,12,3,4,48,0,292
14684.0,29,12,3,4,48,0,292
14685.0,29,12,3,4,48,0,292
14686.0,29,12,3,4,48,0,292
14687.0,29,12,3,4,48,0,292
14688.0,29,12,3,4,48,0,292
14689.0,29,12,3,4,48,0,292
14690.0,29,12,3,4,48,0,292
14691.0,29,12,3,4,48,0,292
14692.0,29,12,3,4,48,0,292
14693.0,29,12,3,4,48,0,292
14694.0,29,12,3,4,48,0,292
14695.0,29,12,3,4,48,0,292
14696.0,29,12,3,4,48,0,292
14697.0,29,12,3,4,48,0,292
14698.0,29,12,3,4,48,0,292
14699.0,29,12,3,4,48,0,292
14700.0,29,12,3,4,48,0,292
14701.0,29,12,3,4,48,0,292
14702.0,29,12,3,4,48,0,292
14703.0,29,12,3,4,48,0,292
14704.0,29,12,3,4,48,0,292
14705.0,29,12,3,4,48,0,292
14706.0,29,12,3,4,48,0,292
14707.0,29,12,3,4,48,0,292
14708.0,29,12,3,4,48,0,292
14709.0,29,12,3,4,48,0,292
14710.0,29,12,3,4,48,0,292
14711.0,29,12,3,4,48,0,292
14712.0,29,12,3,4,48,0,292
14713.0,29,12,3,4,48,0,292
14714.0,29,12,3,4,48,0,292
14715.0,29,12,3,4,48,0,292
14716.0,29,12,3,4,48,0,292
14717.0,29,12,3,4,48,0,292
14718.0,29,12,3,4,48,0,292
14719.0,29,12,3,4,48,0,292
14720.0,29,12,3,4,48,0,292
14721.0,29,12,3,4,48,0,292
14722.0,29,12,3,4,48,0,292
14723.0,29,12,3,4,48,0,292
14724.0,29,12,3,4,48,0,292
14725.0,29,12,3,4,48,0,292
14726.0,29,12,3,4,48,0,292
14727.0,29,12,3,4,48,0,292
14728.0,29,12,3,4,48,0,292
14729.0,29,12,3,4,48,0,292
14730.0,29,12,3,4,48,0,292
14731.0,29,12,3,4,48,0,292
14732.0,29,12,3,4,48,0,292
14733.0,29,12,3,4,48,0,292
14734.0,29,12,3,4,48,0,292
14735.0,29,12,3,4,48,0,292
14736.0,29,12,3,4,48,0,292
14737.0,29,12,3,4,48,0,292
14738.0,29,12,3,4,48,0,292
14739.0,29,12,3,4,48,0,292
14740.0,29,12,3,4,48,0,292
14741.0,29,12,3,4,48,0,292
14742.0,29,12,3,4,48,0,292
14743.0,29,12,3,4,48,0,292
14744.0,29,12,3,4,48,0,292
14745.0,29,12,3,4,48,0,292
14746.0,29,12,3,4,48,0,292
14747.0,29,12,3,4,48,0,292
14748.0,29,12,3,4,48,0,292
14749.0,29,12,3,4,48,0,292
14750.0,29,12,3,4,48,0,292
14751.0,29,12,3,4,48,0,292
14752.0,29,12,3,4,48,0,292
14753.0,29,12,3,4,48,0,292
14754.0,29,12,3,4,48,0,292
14755.0,29,12,3,4,48,0,292
14756.0,29,12,3,4,48,0,292
14757.0,29,12,3,4,48,0,292
14758.0,29,12,3,4,48,0,292
14759.0,29,12,3,4,48,0,292
14760.0,29,12,3,4,48,0,292
14761.0,29,12,3,4,48,0,292
14762.0,29,12,3,4,48,0,292
14763.0,29,12,3,4,48,0,292
14764.0,29,12,3,4,48,0,292
14765.0,29,12,3,4,48,0,292
14766.0,29,12,3,4,48,0,292
14767.0,29,12,3,4,48,0,292
14768.0,29,12,3,4,48,0,292
14769.0,29,12,3,4,48,0,292
14770.0,29,12,3,4,48,0,292
14771.0,29,12,3,4,48,0,292
14772.0,29,12,3,4,48,0,292
14773.0,29,12,3,4,48,0,292
14774.0,29,12,3,4,48,0,292
14775.0,29,12,3,4,48,0,292
14776.0,29,12,3,4,48,0,292
14777.0,29,12,3,4,48,0,292
14778.0,29,12,3,4,48,0,292
14779.0,29,12,3,4,48,0,292
14780.0,29,12,3,4,48,0,292
14781.0,29,12,3,4,48,0,292
14782.0,29,12,3,4,48,0,292
14783.0,29,12,3,4,48,0,292
14784.0,29,12,3,4,48,0,292
14785.0,29,12,3,4,48,0,292
14786.0,29,12,3,4,48,0,292
14787.0,29,12,3,4,48,0,292
14788.0,29,12,3,4,48,0,292
14789.0,29,12,3,4,48,0,292
14790.0,29,12,3,4,48,0,292
14791.0,29,12,3,4,48,0,292
14792.0,29,12,3,4,48,0,292
14793.0,29,12,3,4,48,0,292
14794.0,29,12,3,4,48,0,292
14795.0,29,12,3,4,48,0,292
14796.0,29,12,3,4,48,0,292
14797.0,29,12,3,4,48,0,292
14798.0,29,12,3,4,48,0,292
14799.0,29,12,3,4,48,0,292
14800.0,29,12,3,4,48,0,292
14801.0,29,12,3,4,48,0,292
14802.0,29,12,3,4,48,0,292
14803.0,29,12,3,4,48,0,292
14804.0,29,12,3,4,48,0,292
14805.0,29,12,3,4,48,0,292
14806.0,29,12,3,4,48,0,292
14807.0,29,12,3,4,48,0,292
14808.0,29,12,3,4,48,0,292
14809.0,29,12,3,4,48,0,292
14810.0,29,12,3,4,48,0,292
14811.0,29,12,3,4,48,0,292
14812.0,29,12,3,4,48,0,292
14813.0,29,12,3,4,48,0,292
14814.0,29,12,3,4,48,0,292
14815.0,29,12,3,4,48,0,292
14816.0,29,12,3,4,48,0,292
14817.0,29,12,3,4,48,0,292
14818.0,29,12,3,4,48,0,292
14819.0,29,12,3,4,48,0,292
14820.0,29,12,3,4,48,0,292
14821.0,29,12,3,4,48,0,292
14822.0,29,12,3,4,48,0,292
14823.0,29,12,3,4,48,0,292
14824.0,29,12,3,4,48,0,292
14825.0,29,12,3,4,48,0,292
14826.0,29,12,3,4,48,0,292
14827.0,29,12,3,4,48,0,292
14828.0,29,12,3,4,48,0,292
14829.0,29,12,3,4,48,0,292
14830.0,29,12,3,4,48,0,292
14831.0,29,12,3,4,48,0,292
14832.0,29,12,3,4,48,0,292
14833.0,29,12,3,4,48,0,292
14834.0,29,12,3,4,48,0,292
14835.0,29,12,3,4,48,0,292
14836.0,29,12,3,4,48,0,292
14837.0,29,12,3,4,48,0,292
14838.0,29,12,3,4,48,0,292
14839.0,29,12,3,4,48,0,292
14840.0,29,12,3,4,48,0,292
14841.0,29,12,3,4,48,0,292
14842.0,29,12,3,4,48,0,292
14843.0,29,12,3,4,48,0,292
14844.0,29,12,3,4,48,0,292
14845.0,29,12,3,4,48,0,292
14846.0,29,12,3,4,48,0,292
14847.0,29,12,3,4,48,0,292
14848.0,29,12,3,4,48,0,292
14849.0,29,12,3,4,48,0,292
14850.0,29,12,3,4,48,0,292
14851.0,29,12,3,4,48,0,292
14852.0,29,12,3,4,48,0,292
14853.0,29,12,3,4,48,0,292
14854.0,29,12,3,4,48,0,292
14855.0,29,12,3,4,48,0,292
14856.0,29,12,3,4,48,0,292
14857.0,29,12,3,4,48,0,292
14858.0,29,12,3,4,48,0,292
14859.0,29,12,3,4,48,0,292
14860.0,29,12,3,4,48,0,292
14861.0,29,12,3,4,48,0,292
14862.0,29,12,3,4,48,0,292
14863.0,29,12,3,4,48,0,292
14864.0,29,12,3,4,48,0,292
14865.0,29,12,3,4,48,0,292
14866.0,29,12,3,4,48,0,292
14867.0,29,12,3,4,48,0,292
14868.0,29,12,3,4,48,0,292
14869.0,29,12,3,4,48,0,292
14870.0,29,12,3,4,48,0,292
14871.0,29,12,3,4,48,0,292
14872.0,29,12,3,4,48,0,292
14873.0,29,12,3,4,48,0,292
14874.0,29,12,3,4,48,0,292
14875.0,29,12,3,4,48,0,292
14876.0,29,12,3,4,48,0,292
14877.0,29,12,3,4,48,0,292
14878.0,29,12,3,4,48,0,292
14879.0,29,12,3,4,48,0,292
14880.0,29,12,3,4,48,0,292
14881.0,29,12,3,4,48,0,292
14882.0,29,12,3,4,48,0,292
14883.0,29,12,3,4,48,0,292
14884.0,29,12,3,4,48,0,292
14885.0,29,12,3,4,48,0,292
14886.0,29,12,3,4,48,0,292
14887.0,29,12,3,4,48,0,292
14888.0,29,12,3,4,48,0,292
14889.0,29,12,3,4,48,0,292
14890.0,29,12,3,4,48,0,292
14891.0,29,12,3,4,48,0,292
14892.0,29,12,3,4,48,0,292
14893.0,29,12,3,4,48,0,292
14894.0,29,12,3,4,48,0,292
14895.0,29,12,3,4,48,0,292
14896.0,29,12,3,4,48,0,292
14897.0,29,12,3,4,48,0,292
14898.0,29,12,3,4,48,0,292
14899.0,29,12,3,4,48,0,292
14900.0,29,12,3,4,48,0,292
14901.0,29,12,3,4,48,0,292
14902.0,29,12,3,4,48,0,292
14903.0,29,12,3,4,48,0,292
14904.0,29,12,3,4,48,0,292
14905.0,29,12,3,4,48,0,292
14906.0,29,12,3,4,48,0,292
14907.0,29,12,3,4,48,0,292
14908.0,29,12,3,4,48,0,292
14909.0,29,12,3,4,48,0,292
14910.0,29,12,3,4,48,0,292
14911.0,29,12,3,4,48,0,292
14912.0,29,12,3,4,48,0,292
14913.0,29,12,3,4,48,0,292
14914.0,29,12,3,4,48,0,292
14915.0,29,12,3,4,48,0,292
14916.0,29,12,3,4,48,0,292
14917.0,29,12,3,4,48,0,292
14918.0,29,12,3,4,48,0,292
14919.0,29,12,3,4,48,0,292
14920.0,29,12,3,4,48,0,292
14921.0,29,12,3,4,48,0,292
14922.0,29,12,3,4,48,0,292
14923.0,29,12,3,4,48,0,292
14924.0,29,12,3,4,48,0,292
14925.0,29,12,3,4,48,0,292
14926.0,29,12,3,4,48,0,292
14927.0,29,12,3,4,48,0,292
14928.0,29,12,3,4,48,0,292
14929.0,29,12,3,4,48,0,292
14930.0,29,12,3,4,48,0,292
14931.0,29,12,3,4,48,0,292
14932.0,29,12,3,4,48,0,292
14933.0,29,12,3,4,48,0,292
14934.0,29,12,3,4,48,0,292
14935.0,29,12,3,4,48,0,292
14936.0,29,12,3,4,48,0,292
14937.0,29,12,3,4,48,0,292
14938.0,29,12,3,4,48,0,292
14939.0,29,12,3,4,48,0,292
14940.0,29,12,3,4,48,0,292
14941.0,29,12,3,4,48,0,292
14942.0,29,12,3,4,48,0,292
14943.0,29,12,3,4,48,0,292
14944.0,29,12,3,4,48,0,292
14945.0,29,12,3,4,48,0,292
14946.0,29,12,3,4,48,0,292
14947.0,29,12,3,4,48,0,292
14948.0,29,12,3,4,48,0,292
14949.0,29,12,3,4,48,0,292
14950.0,29,12,3,4,48,0,292
14951.0,29,12,3,4,48,0,292
14952.0,29,12,3,4,48,0,292
14953.0,29,12,3,4,48,0,292
14954.0,29,12,3,4,48,0,292
14955.0,29,12,3,4,48,0,292
14956.0,29,12,3,4,48,0,292
14957.0,29,12,3,4,48,0,292
14958.0,29,12,3,4,48,0,292
14959.0,29,12,3,4,48,0,292
14960.0,29,12,3,4,48,0,292
14961.0,29,12,3,4,48,0,292
14962.0,29,12,3,4,48,0,292
14963.0,29,12,3,4,48,0,292
14964.0,29,12,3,4,48,0,292
14965.0,29,12,3,4,48,0,292
14966.0,29,12,3,4,48,0,292
14967.0,29,12,3,4,48,0,292
14968.0,29,12,3,4,48,0,292
14969.0,29,12,3,4,48,0,292
14970.0,29,12,3,4,48,0,292
14971.0,29,12,3,4,48,0,292
14972.0,29,12,3,4,48,0,292
14973.0,29,12,3,4,48,0,292
14974.0,29,12,3,4,48,0,292
14975.0,29,12,3,4,48,0,292
14976.0,29,12,3,4,48,0,292
14977.0,29,12,3,4,48,0,292
14978.0,29,12,3,4,48,0,292
14979.0,29,12,3,4,48,0,292
14980.0,29,12,3,4,48,0,292
14981.0,29,12,3,4,48,0,292
14982.0,29,12,3,4,48,0,292
14983.0,29,12,3,4,48,0,292
14984.0,29,12,3,4,48,0,292
14985.0,29,12,3,4,48,0,292
14986.0,29,12,3,4,48,0,292
14987.0,29,12,3,4,48,0,292
14988.0,29,12,3,4,48,0,292
14989.0,29,12,3,4,48,0,292
14990.0,29,12,3,4,48,0,292
14991.0,29,12,3,4,48,0,292
14992.0,29,12,3,4,48,0,292
14993.0,29,12,3,4,48,0,292
14994.0,29,12,3,4,48,0,292
14995.0,29,12,3,4,48,0,292
14996.0,29,12,3,4,48,0,292
14997.0,29,12,3,4,48,0,292
14998.0,29,12,3,4,48,0,292
14999.0,29,12,3,4,48,0,292
15000.0,29,12,3,4,48,0,292
15001.0,29,12,3,4,48,0,292
15002.0,29,12,3,4,48,0,292
15003.0,29,12,3,4,48,0,292
15004.0,29,12,3,4,48,0,292
15005.0,29,12,3,4,48,0,292
15006.0,29,12,3,4,48,0,292
15007.0,29,12,3,4,48,0,292
15008.0,29,12,3,4,48,0,292
15009.0,29,12,3,4,48,0,292
15010.0,29,12,3,4,48,0,292
15011.0,29,12,3,4,48,0,292
15012.0,29,12,3,4,48,0,292
15013.0,29,12,3,4,48,0,292
15014.0,29,12,3,4,48,0,292
15015.0,29,12,3,4,48,0,292
15016.0,29,12,3,4,48,0,292
15017.0,29,12,3,4,48,0,292
15018.0,29,12,3,4,48,0,292
15019.0,29,12,3,4,48,0,292
15020.0,29,12,3,4,48,0,292
15021.0,29,12,3,4,48,0,292
15022.0,29,12,3,4,48,0,292
15023.0,29,12,3,4,48,0,292
15024.0,29,12,3,4,48,0,292
15025.0,29,12,3,4,48,0,292
15026.0,29,12,3,4,48,0,292
15027.0,29,12,3,4,48,0,292
15028.0,29,12,3,4,48,0,292
15029.0,29,12,3,4,48,0,292
15030.0,29,12,3,4,48,0,292
15031.0,29,12,3,4,48,0,292
15032.0,29,12,3,4,48,0,292
15033.0,29,12,3,4,48,0,292
15034.0,29,12,3,4,48,0,292
15035.0,29,12,3,4,48,0,292
15036.0,29,12,3,4,48,0,292
15037.0,29,12,3,4,48,0,292
15038.0,29,12,3,4,48,0,292
15039.0,29,12,3,4,48,0,292
15040.0,29,12,3,4,48,0,292
15041.0,29,12,3,4,48,0,292
15042.0,29,12,3,4,48,0,292
15043.0,29,12,3,4,48,0,292
15044.0,29,12,3,4,48,0,292
15045.0,29,12,3,4,48,0,292
15046.0,29,12,3,4,48,0,292
15047.0,29,12,3,4,48,0,292
15048.0,29,12,3,4,48,0,292
15049.0,29,12,3,4,48,0,292
15050.0,29,12,3,4,48,0,292
15051.0,29,12,3,4,48,0,292
15052.0,29,12,3,4,48,0,292
15053.0,29,12,3,4,48,0,292
15054.0,29,12,3,4,48,0,292
15055.0,29,12,3,4,48,0,292
15056.0,29,12,3,4,48,0,292
15057.0,29,12,3,4,48,0,292
15058.0,29,12,3,4,48,0,292
15059.0,29,12,3,4,48,0,292
15060.0,29,12,3,4,48,0,292
15061.0,29,12,3,4,48,0,292
15062.0,29,12,3,4,48,0,292
15063.0,29,12,3,4,48,0,292
15064.0,29,12,3,4,48,0,292
15065.0,29,12,3,4,48,0,292
15066.0,29,12,3,4,48,0,292
15067.0,29,12,3,4,48,0,292
15068.0,29,12,3,4,48,0,292
15069.0,29,12,3,4,48,0,292
15070.0,29,12,3,4,48,0,292
15071.0,29,12,3,4,48,0,292
15072.0,29,12,3,4,48,0,292
15073.0,29,12,3,4,48,0,292
15074.0,29,12,3,4,48,0,292
15075.0,29,12,3,4,48,0,292
15076.0,29,12,3,4,48,0,292
15077.0,29,12,3,4,48,0,292
15078.0,29,12,3,4,48,0,292
15079.0,29,12,3,4,48,0,292
15080.0,29,12,3,4,48,0,292
15081.0,29,12,3,4,48,0,292
15082.0,29,12,3,4,48,0,292
15083.0,29,12,3,4,48,0,292
15084.0,29,12,3,4,48,0,292
15085.0,29,12,3,4,48,0,292
15086.0,29,12,3,4,48,0,292
15087.0,29,12,3,4,48,0,292
15088.0,29,12,3,4,48,0,292
15089.0,29,12,3,4,48,0,292
15090.0,29,12,3,4,48,0,292
15091.0,29,12,3,4,48,0,292
15092.0,29,12,3,4,48,0,292
15093.0,29,12,3,4,48,0,292
15094.0,29,12,3,4,48,0,292
15095.0,29,12,3,4,48,0,292
15096.0,29,12,3,4,48,0,292
15097.0,29,12,3,4,48,0,292
15098.0,29,12,3,4,48,0,292
15099.0,29,12,3,4,48,0,292
15100.0,29,12,3,4,48,0,292
15101.0,29,12,3,4,48,0,292
15102.0,29,12,3,4,48,0,292
15103.0,29,12,3,4,48,0,292
15104.0,29,12,3,4,48,0,292
15105.0,29,12,3,4,48,0,292
15106.0,29,12,3,4,48,0,292
15107.0,29,12,3,4,48,0,292
15108.0,29,12,3,4,48,0,292
15109.0,29,12,3,4,48,0,292
15110.0,29,12,3,4,48,0,292
15111.0,29,12,3,4,48,0,292
15112.0,29,12,3,4,48,0,292
15113.0,29,12,3,4,48,0,292
15114.0,29,12,3,4,48,0,292
15115.0,29,12,3,4,48,0,292
15116.0,29,12,3,4,48,0,292
15117.0,29,12,3,4,48,0,292
15118.0,29,12,3,4,48,0,292
15119.0,29,12,3,4,48,0,292
15120.0,29,12,3,4,48,0,292
15121.0,29,12,3,4,48,0,292
15122.0,29,12,3,4,48,0,292
15123.0,29,12,3,4,48,0,292
15124.0,29,12,3,4,48,0,292
15125.0,29,12,3,4,48,0,292
15126.0,29,12,3,4,48,0,292
15127.0,29,12,3,4,48,0,292
15128.0,29,12,3,4,48,0,292
15129.0,29,12,3,4,48,0,292
15130.0,29,12,3,4,48,0,292
15131.0,29,12,3,4,48,0,292
15132.0,29,12,3,4,48,0,292
15133.0,29,12,3,4,48,0,292
15134.0,29,12,3,4,48,0,292
15135.0,29,12,3,4,48,0,292
15136.0,29,12,3,4,48,0,292
15137.0,29,12,3,4,48,0,292
15138.0,29,12,3,4,48,0,292
15139.0,29,12,3,4,48,0,292
15140.0,29,12,3,4,48,0,292
15141.0,29,12,3,4,48,0,292
15142.0,29,12,3,4,48,0,292
15143.0,29,12,3,4,48,0,292
15144.0,29,12,3,4,48,0,292
15145.0,29,12,3,4,48,0,292
15146.0,29,12,3,4,48,0,292
15147.0,29,12,3,4,48,0,292
15148.0,29,12,3,4,48,0,292
15149.0,29,12,3,4,48,0,292
15150.0,29,12,3,4,48,0,292
15151.0,29,12,3,4,48,0,292
15152.0,29,12,3,4,48,0,292
15153.0,29,12,3,4,48,0,292
15154.0,29,12,3,4,48,0,292
15155.0,29,12,3,4,48,0,292
15156.0,29,12,3,4,48,0,292
15157.0,29,12,3,4,48,0,292
15158.0,29,12,3,4,48,0,292
15159.0,29,12,3,4,48,0,292
15160.0,29,12,3,4,48,0,292
15161.0,29,12,3,4,48,0,292
15162.0,29,12,3,4,48,0,292
15163.0,29,12,3,4,48,0,292
15164.0,29,12,3,4,48,0,292
15165.0,29,12,3,4,48,0,292
15166.0,29,12,3,4,48,0,292
15167.0,29,12,3,4,48,0,292
15168.0,29,12,3,4,48,0,292
15169.0,29,12,3,4,48,0,292
15170.0,29,12,3,4,48,0,292
15171.0,29,12,3,4,48,0,292
15172.0,29,12,3,4,48,0,292
15173.0,29,12,3,4,48,0,292
15174.0,29,12,3,4,48,0,292
15175.0,29,12,3,4,48,0,292
15176.0,29,12,3,4,48,0,292
15177.0,29,12,3,4,48,0,292
15178.0,29,12,3,4,48,0,292
15179.0,29,12,3,4,48,0,292
15180.0,29,12,3,4,48,0,292
15181.0,29,12,3,4,48,0,292
15182.0,29,12,3,4,48,0,292
15183.0,29,12,3,4,48,0,292
15184.0,29,12,3,4,48,0,292
15185.0,29,12,3,4,48,0,292
15186.0,29,12,3,4,48,0,292
15187.0,29,12,3,4,48,0,292
15188.0,29,12,3,4,48,0,292
15189.0,29,12,3,4,48,0,292
15190.0,29,12,3,4,48,0,292
15191.0,29,12,3,4,48,0,292
15192.0,29,12,3,4,48,0,292
15193.0,29,12,3,4,48,0,292
15194.0,29,12,3,4,48,0,292
15195.0,29,12,3,4,48,0,292
15196.0,29,12,3,4,48,0,292
15197.0,29,12,3,4,48,0,292
15198.0,29,12,3,4,48,0,292
15199.0,29,12,3,4,48,0,292
15200.0,29,12,3,4,48,0,292
15201.0,29,12,3,4,48,0,292
15202.0,29,12,3,4,48,0,292
15203.0,29,12,3,4,48,0,292
15204.0,29,12,3,4,48,0,292
15205.0,29,12,3,4,48,0,292
15206.0,29,12,3,4,48,0,292
15207.0,29,12,3,4,48,0,292
15208.0,29,12,3,4,48,0,292
15209.0,29,12,3,4,48,0,292
15210.0,29,12,3,4,48,0,292
15211.0,29,12,3,4,48,0,292
15212.0,29,12,3,4,48,0,292
15213.0,29,12,3,4,48,0,292
15214.0,29,12,3,4,48,0,292
15215.0,29,12,3,4,48,0,292
15216.0,29,12,3,4,48,0,292
15217.0,29,12,3,4,48,0,292
15218.0,29,12,3,4,48,0,292
15219.0,29,12,3,4,48,0,292
15220.0,29,12,3,4,48,0,292
15221.0,29,12,3,4,48,0,292
15222.0,29,12,3,4,48,0,292
15223.0,29,12,3,4,48,0,292
15224.0,29,12,3,4,48,0,292
15225.0,29,12,3,4,48,0,292
15226.0,29,12,3,4,48,0,292
15227.0,29,12,3,4,48,0,292
15228.0,29,12,3,4,48,0,292
15229.0,29,12,3,4,48,0,292
15230.0,29,12,3,4,48,0,292
15231.0,29,12,3,4,48,0,292
15232.0,29,12,3,4,48,0,292
15233.0,29,12,3,4,48,0,292
15234.0,29,12,3,4,48,0,292
15235.0,29,12,3,4,48,0,292
15236.0,29,12,3,4,48,0,292
15237.0,29,12,3,4,48,0,292
15238.0,29,12,3,4,48,0,292
15239.0,29,12,3,4,48,0,292
15240.0,29,12,3,4,48,0,292
15241.0,29,12,3,4,48,0,292
15242.0,29,12,3,4,48,0,292
15243.0,29,12,3,4,48,0,292
15244.0,29,12,3,4,48,0,292
15245.0,29,12,3,4,48,0,292
15246.0,29,12,3,4,48,0,292
15247.0,29,12,3,4,48,0,292
15248.0,29,12,3,4,48,0,292
15249.0,29,12,3,4,48,0,292
15250.0,29,12,3,4,48,0,292
15251.0,29,12,3,4,48,0,292
15252.0,29,12,3,4,48,0,292
15253.0,29,12,3,4,48,0,292
15254.0,29,12,3,4,48,0,292
15255.0,29,12,3,4,48,0,292
15256.0,29,12,3,4,48,0,292
15257.0,29,12,3,4,48,0,292
15258.0,29,12,3,4,48,0,292
15259.0,29,12,3,4,48,0,292
15260.0,29,12,3,4,48,0,292
15261.0,29,12,3,4,48,0,292
15262.0,29,12,3,4,48,0,292
15263.0,29,12,3,4,48,0,292
15264.0,29,12,3,4,48,0,292
15265.0,29,12,3,4,48,0,292
15266.0,29,12,3,4,48,0,292
15267.0,29,12,3,4,48,0,292
15268.0,29,12,3,4,48,0,292
15269.0,29,12,3,4,48,0,292
15270.0,29,12,3,4,48,0,292
15271.0,29,12,3,4,48,0,292
15272.0,29,12,3,4,48,0,292
15273.0,29,12,3,4,48,0,292
15274.0,29,12,3,4,48,0,292
15275.0,29,12,3,4,48,0,292
15276.0,29,12,3,4,48,0,292
15277.0,29,12,3,4,48,0,292
15278.0,29,12,3,4,48,0,292
15279.0,29,12,3,4,48,0,292
15280.0,29,12,3,4,48,0,292
15281.0,29,12,3,4,48,0,292
15282.0,29,12,3,4,48,0,292
15283.0,29,12,3,4,48,0,292
15284.0,29,12,3,4,48,0,292
15285.0,29,12,3,4,48,0,292
15286.0,29,12,3,4,48,0,292
15287.0,29,12,3,4,48,0,292
15288.0,29,12,3,4,48,0,292
15289.0,29,12,3,4,48,0,292
15290.0,29,12,3,4,48,0,292
15291.0,29,12,3,4,48,0,292
15292.0,29,12,3,4,48,0,292
15293.0,29,12,3,4,48,0,292
15294.0,29,12,3,4,48,0,292
15295.0,29,12,3,4,48,0,292
15296.0,29,12,3,4,48,0,292
15297.0,29,12,3,4,48,0,292
15298.0,29,12,3,4,48,0,292
15299.0,29,12,3,4,48,0,292
15300.0,29,12,3,4,48,0,292
15301.0,29,12,3,4,48,0,292
15302.0,29,12,3,4,48,0,292
15303.0,29,12,3,4,48,0,292
15304.0,29,12,3,4,48,0,292
15305.0,29,12,3,4,48,0,292
15306.0,29,12,3,4,48,0,292
15307.0,29,12,3,4,48,0,292
15308.0,29,12,3,4,48,0,292
15309.0,29,12,3,4,48,0,292
15310.0,29,12,3,4,48,0,292
15311.0,29,12,3,4,48,0,292
15312.0,29,12,3,4,48,0,292
15313.0,29,12,3,4,48,0,292
15314.0,29,12,3,4,48,0,292
15315.0,29,12,3,4,48,0,292
15316.0,29,12,3,4,48,0,292
15317.0,29,12,3,4,48,0,292
15318.0,29,12,3,4,48,0,292
15319.0,29,12,3,4,48,0,292
15320.0,29,12,3,4,48,0,292
15321.0,29,12,3,4,48,0,292
15322.0,29,12,3,4,48,0,292
15323.0,29,12,3,4,48,0,292
15324.0,29,12,3,4,48,0,292
15325.0,29,12,3,4,48,0,292
15326.0,29,12,3,4,48,0,292
15327.0,29,12,3,4,48,0,292
15328.0,29,12,3,4,48,0,292
15329.0,29,12,3,4,48,0,292
15330.0,29,12,3,4,48,0,292
15331.0,29,12,3,4,48,0,292
15332.0,29,12,3,4,48,0,292
15333.0,29,12,3,4,48,0,292
15334.0,29,12,3,4,48,0,292
15335.0,29,12,3,4,48,0,292
15336.0,29,12,3,4,48,0,292
15337.0,29,12,3,4,48,0,292
15338.0,29,12,3,4,48,0,292
15339.0,29,12,3,4,48,0,292
15340.0,29,12,3,4,48,0,292
15341.0,29,12,3,4,48,0,292
15342.0,29,12,3,4,48,0,292
15343.0,29,12,3,4,48,0,292
15344.0,29,12,3,4,48,0,292
15345.0,29,12,3,4,48,0,292
15346.0,29,12,3,4,48,0,292
15347.0,29,12,3,4,48,0,292
15348.0,29,12,3,4,48,0,292
15349.0,29,12,3,4,48,0,292
15350.0,29,12,3,4,48,0,292
15351.0,29,12,3,4,48,0,292
15352.0,29,12,3,4,48,0,292
15353.0,29,12,3,4,48,0,292
15354.0,29,12,3,4,48,0,292
15355.0,29,12,3,4,48,0,292
15356.0,29,12,3,4,48,0,292
15357.0,29,12,3,4,48,0,292
15358.0,29,12,3,4,48,0,292
15359.0,29,12,3,4,48,0,292
15360.0,29,12,3,4,48,0,292
15361.0,29,12,3,4,48,0,292
15362.0,29,12,3,4,48,0,292
15363.0,29,12,3,4,48,0,292
15364.0,29,12,3,4,48,0,292
15365.0,29,12,3,4,48,0,292
15366.0,29,12,3,4,48,0,292
15367.0,29,12,3,4,48,0,292
15368.0,29,12,3,4,48,0,292
15369.0,29,12,3,4,48,0,292
15370.0,29,12,3,4,48,0,292
15371.0,29,12,3,4,48,0,292
15372.0,29,12,3,4,48,0,292
15373.0,29,12,3,4,48,0,292
15374.0,29,12,3,4,48,0,292
15375.0,29,12,3,4,48,0,292
15376.0,29,12,3,4,48,0,292
15377.0,29,12,3,4,48,0,292
15378.0,29,12,3,4,48,0,292
15379.0,29,12,3,4,48,0,292
15380.0,29,12,3,4,48,0,292
15381.0,29,12,3,4,48,0,292
15382.0,29,12,3,4,48,0,292
15383.0,29,12,3,4,48,0,292
15384.0,29,12,3,4,48,0,292
15385.0,29,12,3,4,48,0,292
15386.0,29,12,3,4,48,0,292
15387.0,29,12,3,4,48,0,292
15388.0,29,12,3,4,48,0,292
15389.0,29,12,3,4,48,0,292
15390.0,29,12,3,4,48,0,292
15391.0,29,12,3,4,48,0,292
15392.0,29,12,3,4,48,0,292
15393.0,29,12,3,4,48,0,292
15394.0,29,12,3,4,48,0,292
15395.0,29,12,3,4,48,0,292
15396.0,29,12,3,4,48,0,292
15397.0,29,12,3,4,48,0,292
15398.0,29,12,3,4,48,0,292
15399.0,29,12,3,4,48,0,292
15400.0,29,12,3,4,48,0,292
15401.0,29,12,3,4,48,0,292
15402.0,29,12,3,4,48,0,292
15403.0,29,12,3,4,48,0,292
15404.0,29,12,3,4,48,0,292
15405.0,29,12,3,4,48,0,292
15406.0,29,12,3,4,48,0,292
15407.0,29,12,3,4,48,0,292
15408.0,29,12,3,4,48,0,292
15409.0,29,12,3,4,48,0,292
15410.0,29,12,3,4,48,0,292
15411.0,29,12,3,4,48,0,292
15412.0,29,12,3,4,48,0,292
15413.0,29,12,3,4,48,0,292
15414.0,29,12,3,4,48,0,292
15415.0,29,12,3,4,48,0,292
15416.0,29,12,3,4,48,0,292
15417.0,29,12,3,4,48,0,292
15418.0,29,12,3,4,48,0,292
15419.0,29,12,3,4,48,0,292
15420.0,29,12,3,4,48,0,292
15421.0,29,12,3,4,48,0,292
15422.0,29,12,3,4,48,0,292
15423.0,29,12,3,4,48,0,292
15424.0,29,12,3,4,48,0,292
15425.0,29,12,3,4,48,0,292
15426.0,29,12,3,4,48,0,292
15427.0,29,12,3,4,48,0,292
15428.0,29,12,3,4,48,0,292
15429.0,29,12,3,4,48,0,292
15430.0,29,12,3,4,48,0,292
15431.0,29,12,3,4,48,0,292
15432.0,29,12,3,4,48,0,292
15433.0,29,12,3,4,48,0,292
15434.0,29,12,3,4,48,0,292
15435.0,29,12,3,4,48,0,292
15436.0,29,12,3,4,48,0,292
15437.0,29,12,3,4,48,0,292
15438.0,29,12,3,4,48,0,292
15439.0,29,12,3,4,48,0,292
15440.0,29,12,3,4,48,0,292
15441.0,29,12,3,4,48,0,292
15442.0,29,12,3,4,48,0,292
15443.0,29,12,3,4,48,0,292
15444.0,29,12,3,4,48,0,292
15445.0,29,12,3,4,48,0,292
15446.0,29,12,3,4,48,0,292
15447.0,29,12,3,4,48,0,292
15448.0,29,12,3,4,48,0,292
15449.0,29,12,3,4,48,0,292
15450.0,29,12,3,4,48,0,292
15451.0,29,12,3,4,48,0,292
15452.0,29,12,3,4,48,0,292
15453.0,29,12,3,4,48,0,292
15454.0,29,12,3,4,48,0,292
15455.0,29,12,3,4,48,0,292
15456.0,29,12,3,4,48,0,292
15457.0,29,12,3,4,48,0,292
15458.0,29,12,3,4,48,0,292
15459.0,29,12,3,4,48,0,292
15460.0,29,12,3,4,48,0,292
15461.0,29,12,3,4,48,0,292
15462.0,29,12,3,4,48,0,292
15463.0,29,12,3,4,48,0,292
15464.0,29,12,3,4,48,0,292
15465.0,29,12,3,4,48,0,292
15466.0,29,12,3,4,48,0,292
15467.0,29,12,3,4,48,0,292
15468.0,29,12,3,4,48,0,292
15469.0,29,12,3,4,48,0,292
15470.0,29,12,3,4,48,0,292
15471.0,29,12,3,4,48,0,292
15472.0,29,12,3,4,48,0,292
15473.0,29,12,3,4,48,0,292
15474.0,29,12,3,4,48,0,292
15475.0,29,12,3,4,48,0,292
15476.0,29,12,3,4,48,0,292
15477.0,29,12,3,4,48,0,292
15478.0,29,12,3,4,48,0,292
15479.0,29,12,3,4,48,0,292
15480.0,29,12,3,4,48,0,292
15481.0,29,12,3,4,48,0,292
15482.0,29,12,3,4,48,0,292
15483.0,29,12,3,4,48,0,292
15484.0,29,12,3,4,48,0,292
15485.0,29,12,3,4,48,0,292
15486.0,29,12,3,4,48,0,292
15487.0,29,12,3,4,48,0,292
15488.0,29,12,3,4,48,0,292
15489.0,29,12,3,4,48,0,292
15490.0,29,12,3,4,48,0,292
15491.0,29,12,3,4,48,0,292
15492.0,29,12,3,4,48,0,292
15493.0,29,12,3,4,48,0,292
15494.0,29,12,3,4,48,0,292
15495.0,29,12,3,4,48,0,292
15496.0,29,12,3,4,48,0,292
15497.0,29,12,3,4,48,0,292
15498.0,29,12,3,4,48,0,292
15499.0,29,12,3,4,48,0,292
15500.0,29,12,3,4,48,0,292
15501.0,29,12,3,4,48,0,292
15502.0,29,12,3,4,48,0,292
15503.0,29,12,3,4,48,0,292
15504.0,29,12,3,4,48,0,292
15505.0,29,12,3,4,48,0,292
15506.0,29,12,3,4,48,0,292
15507.0,29,12,3,4,48,0,292
15508.0,29,12,3,4,48,0,292
15509.0,29,12,3,4,48,0,292
15510.0,29,12,3,4,48,0,292
15511.0,29,12,3,4,48,0,292
15512.0,29,12,3,4,48,0,292
15513.0,29,12,3,4,48,0,292
15514.0,29,12,3,4,48,0,292
15515.0,29,12,3,4,48,0,292
15516.0,29,12,3,4,48,0,292
15517.0,29,12,3,4,48,0,292
15518.0,29,12,3,4,48,0,292
15519.0,29,12,3,4,48,0,292
15520.0,29,12,3,4,48,0,292
15521.0,29,12,3,4,48,0,292
15522.0,29,12,3,4,48,0,292
15523.0,29,12,3,4,48,0,292
15524.0,29,12,3,4,48,0,292
15525.0,29,12,3,4,48,0,292
15526.0,29,12,3,4,48,0,292
15527.0,29,12,3,4,48,0,292
15528.0,29,12,3,4,48,0,292
15529.0,29,12,3,4,48,0,292
15530.0,29,12,3,4,48,0,292
15531.0,29,12,3,4,48,0,292
15532.0,29,12,3,4,48,0,292
15533.0,29,12,3,4,48,0,292
15534.0,29,12,3,4,48,0,292
15535.0,29,12,3,4,48,0,292
15536.0,29,12,3,4,48,0,292
15537.0,29,12,3,4,48,0,292
15538.0,29,12,3,4,48,0,292
15539.0,29,12,3,4,48,0,292
15540.0,29,12,3,4,48,0,292
15541.0,29,12,3,4,48,0,292
15542.0,29,12,3,4,48,0,292
15543.0,29,12,3,4,48,0,292
15544.0,29,12,3,4,48,0,292
15545.0,29,12,3,4,48,0,292
15546.0,29,12,3,4,48,0,292
15547.0,29,12,3,4,48,0,292
15548.0,29,12,3,4,48,0,292
15549.0,29,12,3,4,48,0,292
15550.0,29,12,3,4,48,0,292
15551.0,29,12,3,4,48,0,292
15552.0,29,12,3,4,48,0,292
15553.0,29,12,3,4,48,0,292
15554.0,29,12,3,4,48,0,292
15555.0,29,12,3,4,48,0,292
15556.0,29,12,3,4,48,0,292
15557.0,29,12,3,4,48,0,292
15558.0,29,12,3,4,48,0,292
15559.0,29,12,3,4,48,0,292
15560.0,29,12,3,4,48,0,292
15561.0,29,12,3,4,48,0,292
15562.0,29,12,3,4,48,0,292
15563.0,29,12,3,4,48,0,292
15564.0,29,12,3,4,48,0,292
15565.0,29,12,3,4,48,0,292
15566.0,29,12,3,4,48,0,292
15567.0,29,12,3,4,48,0,292
15568.0,29,12,3,4,48,0,292
15569.0,29,12,3,4,48,0,292
15570.0,29,12,3,4,48,0,292
15571.0,29,12,3,4,48,0,292
15572.0,29,12,3,4,48,0,292
15573.0,29,12,3,4,48,0,292
15574.0,29,12,3,4,48,0,292
15575.0,29,12,3,4,48,0,292
15576.0,29,12,3,4,48,0,292
15577.0,29,12,3,4,48,0,292
15578.0,29,12,3,4,48,0,292
15579.0,29,12,3,4,48,0,292
15580.0,29,12,3,4,48,0,292
15581.0,29,12,3,4,48,0,292
15582.0,29,12,3,4,48,0,292
15583.0,29,12,3,4,48,0,292
15584.0,29,12,3,4,48,0,292
15585.0,29,12,3,4,48,0,292
15586.0,29,12,3,4,48,0,292
15587.0,29,12,3,4,48,0,292
15588.0,29,12,3,4,48,0,292
15589.0,29,12,3,4,48,0,292
15590.0,29,12,3,4,48,0,292
15591.0,29,12,3,4,48,0,292
15592.0,29,12,3,4,48,0,292
15593.0,29,12,3,4,48,0,292
15594.0,29,12,3,4,48,0,292
15595.0,29,12,3,4,48,0,292
15596.0,29,12,3,4,48,0,292
15597.0,29,12,3,4,48,0,292
15598.0,29,12,3,4,48,0,292
15599.0,29,12,3,4,48,0,292
15600.0,29,12,3,4,48,0,292
15601.0,29,12,3,4,48,0,292
15602.0,29,12,3,4,48,0,292
15603.0,29,12,3,4,48,0,292
15604.0,29,12,3,4,48,0,292
15605.0,29,12,3,4,48,0,292
15606.0,29,12,3,4,48,0,292
15607.0,29,12,3,4,48,0,292
15608.0,29,12,3,4,48,0,292
15609.0,29,12,3,4,48,0,292
15610.0,29,12,3,4,48,0,292
15611.0,29,12,3,4,48,0,292
15612.0,29,12,3,4,48,0,292
15613.0,29,12,3,4,48,0,292
15614.0,29,12,3,4,48,0,292
15615.0,29,12,3,4,48,0,292
15616.0,29,12,3,4,48,0,292
15617.0,29,12,3,4,48,0,292
15618.0,29,12,3,4,48,0,292
15619.0,29,12,3,4,48,0,292
15620.0,29,12,3,4,48,0,292
15621.0,29,12,3,4,48,0,292
15622.0,29,12,3,4,48,0,292
15623.0,29,12,3,4,48,0,292
15624.0,29,12,3,4,48,0,292
15625.0,29,12,3,4,48,0,292
15626.0,29,12,3,4,48,0,292
15627.0,29,12,3,4,48,0,292
15628.0,29,12,3,4,48,0,292
15629.0,29,12,3,4,48,0,292
15630.0,29,12,3,4,48,0,292
15631.0,29,12,3,4,48,0,292
15632.0,29,12,3,4,48,0,292
15633.0,29,12,3,4,48,0,292
15634.0,29,12,3,4,48,0,292
15635.0,29,12,3,4,48,0,292
15636.0,29,12,3,4,48,0,292
15637.0,29,12,3,4,48,0,292
15638.0,29,12,3,4,48,0,292
15639.0,29,12,3,4,48,0,292
15640.0,29,12,3,4,48,0,292
15641.0,29,12,3,4,48,0,292
15642.0,29,12,3,4,48,0,292
15643.0,29,12,3,4,48,0,292
15644.0,29,12,3,4,48,0,292
15645.0,29,12,3,4,48,0,292
15646.0,29,12,3,4,48,0,292
15647.0,29,12,3,4,48,0,292
15648.0,29,12,3,4,48,0,292
15649.0,29,12,3,4,48,0,292
15650.0,29,12,3,4,48,0,292
15651.0,29,12,3,4,48,0,292
15652.0,29,12,3,4,48,0,292
15653.0,29,12,3,4,48,0,292
15654.0,29,12,3,4,48,0,292
15655.0,29,12,3,4,48,0,292
15656.0,29,12,3,4,48,0,292
15657.0,29,12,3,4,48,0,292
15658.0,29,12,3,4,48,0,292
15659.0,29,12,3,4,48,0,292
15660.0,29,12,3,4,48,0,292
15661.0,29,12,3,4,48,0,292
15662.0,29,12,3,4,48,0,292
15663.0,29,12,3,4,48,0,292
15664.0,29,12,3,4,48,0,292
15665.0,29,12,3,4,48,0,292
15666.0,29,12,3,4,48,0,292
15667.0,29,12,3,4,48,0,292
15668.0,29,12,3,4,48,0,292
15669.0,29,12,3,4,48,0,292
15670.0,29,12,3,4,48,0,292
15671.0,29,12,3,4,48,0,292
15672.0,29,12,3,4,48,0,292
15673.0,29,12,3,4,48,0,292
15674.0,29,12,3,4,48,0,292
15675.0,29,12,3,4,48,0,292
15676.0,29,12,3,4,48,0,292
15677.0,29,12,3,4,48,0,292
15678.0,29,12,3,4,48,0,292
15679.0,29,12,3,4,48,0,292
15680.0,29,12,3,4,48,0,292
15681.0,29,12,3,4,48,0,292
15682.0,29,12,3,4,48,0,292
15683.0,29,12,3,4,48,0,292
15684.0,29,12,3,4,48,0,292
15685.0,29,12,3,4,48,0,292
15686.0,29,12,3,4,48,0,292
15687.0,29,12,3,4,48,0,292
15688.0,29,12,3,4,48,0,292
15689.0,29,12,3,4,48,0,292
15690.0,29,12,3,4,48,0,292
15691.0,29,12,3,4,48,0,292
15692.0,29,12,3,4,48,0,292
15693.0,29,12,3,4,48,0,292
15694.0,29,12,3,4,48,0,292
15695.0,29,12,3,4,48,0,292
15696.0,29,12,3,4,48,0,292
15697.0,29,12,3,4,48,0,292
15698.0,29,12,3,4,48,0,292
15699.0,29,12,3,4,48,0,292
15700.0,29,12,3,4,48,0,292
15701.0,29,12,3,4,48,0,292
15702.0,29,12,3,4,48,0,292
15703.0,29,12,3,4,48,0,292
15704.0,29,12,3,4,48,0,292
15705.0,29,12,3,4,48,0,292
15706.0,29,12,3,4,48,0,292
15707.0,29,12,3,4,48,0,292
15708.0,29,12,3,4,48,0,292
15709.0,29,12,3,4,48,0,292
15710.0,29,12,3,4,48,0,292
15711.0,29,12,3,4,48,0,292
15712.0,29,12,3,4,48,0,292
15713.0,29,12,3,4,48,0,292
15714.0,29,12,3,4,48,0,292
15715.0,29,12,3,4,48,0,292
15716.0,29,12,3,4,48,0,292
15717.0,29,12,3,4,48,0,292
15718.0,29,12,3,4,48,0,292
15719.0,29,12,3,4,48,0,292
15720.0,29,12,3,4,48,0,292
15721.0,29,12,3,4,48,0,292
15722.0,29,12,3,4,48,0,292
15723.0,29,12,3,4,48,0,292
15724.0,29,12,3,4,48,0,292
15725.0,29,12,3,4,48,0,292
15726.0,29,12,3,4,48,0,292
15727.0,29,12,3,4,48,0,292
15728.0,29,12,3,4,48,0,292
15729.0,29,12,3,4,48,0,292
15730.0,29,12,3,4,48,0,292
15731.0,29,12,3,4,48,0,292
15732.0,29,12,3,4,48,0,292
15733.0,29,12,3,4,48,0,292
15734.0,29,12,3,4,48,0,292
15735.0,29,12,3,4,48,0,292
15736.0,29,12,3,4,48,0,292
15737.0,29,12,3,4,48,0,292
15738.0,29,12,3,4,48,0,292
15739.0,29,12,3,4,48,0,292
15740.0,29,12,3,4,48,0,292
15741.0,29,12,3,4,48,0,292
15742.0,29,12,3,4,48,0,292
15743.0,29,12,3,4,48,0,292
15744.0,29,12,3,4,48,0,292
15745.0,29,12,3,4,48,0,292
15746.0,29,12,3,4,48,0,292
15747.0,29,12,3,4,48,0,292
15748.0,29,12,3,4,48,0,292
15749.0,29,12,3,4,48,0,292
15750.0,29,12,3,4,48,0,292
15751.0,29,12,3,4,48,0,292
15752.0,29,12,3,4,48,0,292
15753.0,29,12,3,4,48,0,292
15754.0,29,12,3,4,48,0,292
15755.0,29,12,3,4,48,0,292
15756.0,29,12,3,4,48,0,292
15757.0,29,12,3,4,48,0,292
15758.0,29,12,3,4,48,0,292
15759.0,29,12,3,4,48,0,292
15760.0,29,12,3,4,48,0,292
15761.0,29,12,3,4,48,0,292
15762.0,29,12,3,4,48,0,292
15763.0,29,12,3,4,48,0,292
15764.0,29,12,3,4,48,0,292
15765.0,29,12,3,4,48,0,292
15766.0,29,12,3,4,48,0,292
15767.0,29,12,3,4,48,0,292
15768.0,29,12,3,4,48,0,292
15769.0,29,12,3,4,48,0,292
15770.0,29,12,3,4,48,0,292
15771.0,29,12,3,4,48,0,292
15772.0,29,12,3,4,48,0,292
15773.0,29,12,3,4,48,0,292
15774.0,29,12,3,4,48,0,292
15775.0,29,12,3,4,48,0,292
15776.0,29,12,3,4,48,0,292
15777.0,29,12,3,4,48,0,292
15778.0,29,12,3,4,48,0,292
15779.0,29,12,3,4,48,0,292
15780.0,29,12,3,4,48,0,292
15781.0,29,12,3,4,48,0,292
15782.0,29,12,3,4,48,0,292
15783.0,29,12,3,4,48,0,292
15784.0,29,12,3,4,48,0,292
15785.0,29,12,3,4,48,0,292
15786.0,29,12,3,4,48,0,292
15787.0,29,12,3,4,48,0,292
15788.0,29,12,3,4,48,0,292
15789.0,29,12,3,4,48,0,292
15790.0,29,12,3,4,48,0,292
15791.0,29,12,3,4,48,0,292
15792.0,29,12,3,4,48,0,292
15793.0,29,12,3,4,48,0,292
15794.0,29,12,3,4,48,0,292
15795.0,29,12,3,4,48,0,292
15796.0,29,12,3,4,48,0,292
15797.0,29,12,3,4,48,0,292
15798.0,29,12,3,4,48,0,292
15799.0,29,12,3,4,48,0,292
15800.0,29,12,3,4,48,0,292
15801.0,29,12,3,4,48,0,292
15802.0,29,12,3,4,48,0,292
15803.0,29,12,3,4,48,0,292
15804.0,29,12,3,4,48,0,292
15805.0,29,12,3,4,48,0,292
15806.0,29,12,3,4,48,0,292
15807.0,29,12,3,4,48,0,292
15808.0,29,12,3,4,48,0,292
15809.0,29,12,3,4,48,0,292
15810.0,29,12,3,4,48,0,292
15811.0,29,12,3,4,48,0,292
15812.0,29,12,3,4,48,0,292
15813.0,29,12,3,4,48,0,292
15814.0,29,12,3,4,48,0,292
15815.0,29,12,3,4,48,0,292
15816.0,29,12,3,4,48,0,292
15817.0,29,12,3,4,48,0,292
15818.0,29,12,3,4,48,0,292
15819.0,29,12,3,4,48,0,292
15820.0,29,12,3,4,48,0,292
15821.0,29,12,3,4,48,0,292
15822.0,29,12,3,4,48,0,292
15823.0,29,12,3,4,48,0,292
15824.0,29,12,3,4,48,0,292
15825.0,29,12,3,4,48,0,292
15826.0,29,12,3,4,48,0,292
15827.0,29,12,3,4,48,0,292
15828.0,29,12,3,4,48,0,292
15829.0,29,12,3,4,48,0,292
15830.0,29,12,3,4,48,0,292
15831.0,29,12,3,4,48,0,292
15832.0,29,12,3,4,48,0,292
15833.0,29,12,3,4,48,0,292
15834.0,29,12,3,4,48,0,292
15835.0,29,12,3,4,48,0,292
15836.0,29,12,3,4,48,0,292
15837.0,29,12,3,4,48,0,292
15838.0,29,12,3,4,48,0,292
15839.0,29,12,3,4,48,0,292
15840.0,29,12,3,4,48,0,292
15841.0,29,12,3,4,48,0,292
15842.0,29,12,3,4,48,0,292
15843.0,29,12,3,4,48,0,292
15844.0,29,12,3,4,48,0,292
15845.0,29,12,3,4,48,0,292
15846.0,29,12,3,4,48,0,292
15847.0,29,12,3,4,48,0,292
15848.0,29,12,3,4,48,0,292
15849.0,29,12,3,4,48,0,292
15850.0,29,12,3,4,48,0,292
15851.0,29,12,3,4,48,0,292
15852.0,29,12,3,4,48,0,292
15853.0,29,12,3,4,48,0,292
15854.0,29,12,3,4,48,0,292
15855.0,29,12,3,4,48,0,292
15856.0,29,12,3,4,48,0,292
15857.0,29,12,3,4,48,0,292
15858.0,29,12,3,4,48,0,292
15859.0,29,12,3,4,48,0,292
15860.0,29,12,3,4,48,0,292
15861.0,29,12,3,4,48,0,292
15862.0,29,12,3,4,48,0,292
15863.0,29,12,3,4,48,0,292
15864.0,29,12,3,4,48,0,292
15865.0,29,12,3,4,48,0,292
15866.0,29,12,3,4,48,0,292
15867.0,29,12,3,4,48,0,292
15868.0,29,12,3,4,48,0,292
15869.0,29,12,3,4,48,0,292
15870.0,29,12,3,4,48,0,292
15871.0,29,12,3,4,48,0,292
15872.0,29,12,3,4,48,0,292
15873.0,29,12,3,4,48,0,292
15874.0,29,12,3,4,48,0,292
15875.0,29,12,3,4,48,0,292
15876.0,29,12,3,4,48,0,292
15877.0,29,12,3,4,48,0,292
15878.0,29,12,3,4,48,0,292
15879.0,29,12,3,4,48,0,292
15880.0,29,12,3,4,48,0,292
15881.0,29,12,3,4,48,0,292
15882.0,29,12,3,4,48,0,292
15883.0,29,12,3,4,48,0,292
15884.0,29,12,3,4,48,0,292
15885.0,29,12,3,4,48,0,292
15886.0,29,12,3,4,48,0,292
15887.0,29,12,3,4,48,0,292
15888.0,29,12,3,4,48,0,292
15889.0,29,12,3,4,48,0,292
15890.0,29,12,3,4,48,0,292
15891.0,29,12,3,4,48,0,292
15892.0,29,12,3,4,48,0,292
15893.0,29,12,3,4,48,0,292
15894.0,29,12,3,4,48,0,292
15895.0,29,12,3,4,48,0,292
15896.0,29,12,3,4,48,0,292
15897.0,29,12,3,4,48,0,292
15898.0,29,12,3,4,48,0,292
15899.0,29,12,3,4,48,0,292
15900.0,29,12,3,4,48,0,292
15901.0,29,12,3,4,48,0,292
15902.0,29,12,3,4,48,0,292
15903.0,29,12,3,4,48,0,292
15904.0,29,12,3,4,48,0,292
15905.0,29,12,3,4,48,0,292
15906.0,29,12,3,4,48,0,292
15907.0,29,12,3,4,48,0,292
15908.0,29,12,3,4,48,0,292
15909.0,29,12,3,4,48,0,292
15910.0,29,12,3,4,48,0,292
15911.0,29,12,3,4,48,0,292
15912.0,29,12,3,4,48,0,292
15913.0,29,12,3,4,48,0,292
15914.0,29,12,3,4,48,0,292
15915.0,29,12,3,4,48,0,292
15916.0,29,12,3,4,48,0,292
15917.0,29,12,3,4,48,0,292
15918.0,29,12,3,4,48,0,292
15919.0,29,12,3,4,48,0,292
15920.0,29,12,3,4,48,0,292
15921.0,29,12,3,4,48,0,292
15922.0,29,12,3,4,48,0,292
15923.0,29,12,3,4,48,0,292
15924.0,29,12,3,4,48,0,292
15925.0,29,12,3,4,48,0,292
15926.0,29,12,3,4,48,0,292
15927.0,29,12,3,4,48,0,292
15928.0,29,12,3,4,48,0,292
15929.0,29,12,3,4,48,0,292
15930.0,29,12,3,4,48,0,292
15931.0,29,12,3,4,48,0,292
15932.0,29,12,3,4,48,0,292
15933.0,29,12,3,4,48,0,292
15934.0,29,12,3,4,48,0,292
15935.0,29,12,3,4,48,0,292
15936.0,29,12,3,4,48,0,292
15937.0,29,12,3,4,48,0,292
15938.0,29,12,3,4,48,0,292
15939.0,29,12,3,4,48,0,292
15940.0,29,12,3,4,48,0,292
15941.0,29,12,3,4,48,0,292
15942.0,29,12,3,4,48,0,292
15943.0,29,12,3,4,48,0,292
15944.0,29,12,3,4,48,0,292
15945.0,29,12,3,4,48,0,292
15946.0,29,12,3,4,48,0,292
15947.0,29,12,3,4,48,0,292
15948.0,29,12,3,4,48,0,292
15949.0,29,12,3,4,48,0,292
15950.0,29,12,3,4,48,0,292
15951.0,29,12,3,4,48,0,292
15952.0,29,12,3,4,48,0,292
15953.0,29,12,3,4,48,0,292
15954.0,29,12,3,4,48,0,292
15955.0,29,12,3,4,48,0,292
15956.0,29,12,3,4,48,0,292
15957.0,29,12,3,4,48,0,292
15958.0,29,12,3,4,48,0,292
15959.0,29,12,3,4,48,0,292
15960.0,29,12,3,4,48,0,292
15961.0,29,12,3,4,48,0,292
15962.0,29,12,3,4,48,0,292
15963.0,29,12,3,4,48,0,292
15964.0,29,12,3,4,48,0,292
15965.0,29,12,3,4,48,0,292
15966.0,29,12,3,4,48,0,292
15967.0,29,12,3,4,48,0,292
15968.0,29,12,3,4,48,0,292
15969.0,29,12,3,4,48,0,292
15970.0,29,12,3,4,48,0,292
15971.0,29,12,3,4,48,0,292
15972.0,29,12,3,4,48,0,292
15973.0,29,12,3,4,48,0,292
15974.0,29,12,3,4,48,0,292
15975.0,29,12,3,4,48,0,292
15976.0,29,12,3,4,48,0,292
15977.0,29,12,3,4,48,0,292
15978.0,29,12,3,4,48,0,292
15979.0,29,12,3,4,48,0,292
15980.0,29,12,3,4,48,0,292
15981.0,29,12,3,4,48,0,292
15982.0,29,12,3,4,48,0,292
15983.0,29,12,3,4,48,0,292
15984.0,29,12,3,4,48,0,292
15985.0,29,12,3,4,48,0,292
15986.0,29,12,3,4,48,0,292
15987.0,29,12,3,4,48,0,292
15988.0,29,12,3,4,48,0,292
15989.0,29,12,3,4,48,0,292
15990.0,29,12,3,4,48,0,292
15991.0,29,12,3,4,48,0,292
15992.0,29,12,3,4,48,0,292
15993.0,29,12,3,4,48,0,292
15994.0,29,12,3,4,48,0,292
15995.0,29,12,3,4,48,0,292
15996.0,29,12,3,4,48,0,292
15997.0,29,12,3,4,48,0,292
15998.0,29,12,3,4,48,0,292
15999.0,29,12,3,4,48,0,292
16000.0,29,12,3,4,48,0,292
16001.0,29,12,3,4,48,0,292
16002.0,29,12,3,4,48,0,292
16003.0,29,12,3,4,48,0,292
16004.0,29,12,3,4,48,0,292
16005.0,29,12,3,4,48,0,292
16006.0,29,12,3,4,48,0,292
16007.0,29,12,3,4,48,0,292
16008.0,29,12,3,4,48,0,292
16009.0,29,12,3,4,48,0,292
16010.0,29,12,3,4,48,0,292
16011.0,29,12,3,4,48,0,292
16012.0,29,12,3,4,48,0,292
16013.0,29,12,3,4,48,0,292
16014.0,29,12,3,4,48,0,292
16015.0,29,12,3,4,48,0,292
16016.0,29,12,3,4,48,0,292
16017.0,29,12,3,4,48,0,292
16018.0,29,12,3,4,48,0,292
16019.0,29,12,3,4,48,0,292
16020.0,29,12,3,4,48,0,292
16021.0,29,12,3,4,48,0,292
16022.0,29,12,3,4,48,0,292
16023.0,29,12,3,4,48,0,292
16024.0,29,12,3,4,48,0,292
16025.0,29,12,3,4,48,0,292
16026.0,29,12,3,4,48,0,292
16027.0,29,12,3,4,48,0,292
16028.0,29,12,3,4,48,0,292
16029.0,29,12,3,4,48,0,292
16030.0,29,12,3,4,48,0,292
16031.0,29,12,3,4,48,0,292
16032.0,29,12,3,4,48,0,292
16033.0,29,12,3,4,48,0,292
16034.0,29,12,3,4,48,0,292
16035.0,29,12,3,4,48,0,292
16036.0,29,12,3,4,48,0,292
16037.0,29,12,3,4,48,0,292
16038.0,29,12,3,4,48,0,292
16039.0,29,12,3,4,48,0,292
16040.0,29,12,3,4,48,0,292
16041.0,29,12,3,4,48,0,292
16042.0,29,12,3,4,48,0,292
16043.0,29,12,3,4,48,0,292
16044.0,29,12,3,4,48,0,292
16045.0,29,12,3,4,48,0,292
16046.0,29,12,3,4,48,0,292
16047.0,29,12,3,4,48,0,292
16048.0,29,12,3,4,48,0,292
16049.0,29,12,3,4,48,0,292
16050.0,29,12,3,4,48,0,292
16051.0,29,12,3,4,48,0,292
16052.0,29,12,3,4,48,0,292
16053.0,29,12,3,4,48,0,292
16054.0,29,12,3,4,48,0,292
16055.0,29,12,3,4,48,0,292
16056.0,29,12,3,4,48,0,292
16057.0,29,12,3,4,48,0,292
16058.0,29,12,3,4,48,0,292
16059.0,29,12,3,4,48,0,292
16060.0,29,12,3,4,48,0,292
16061.0,29,12,3,4,48,0,292
16062.0,29,12,3,4,48,0,292
16063.0,29,12,3,4,48,0,292
16064.0,29,12,3,4,48,0,292
16065.0,29,12,3,4,48,0,292
16066.0,29,12,3,4,48,0,292
16067.0,29,12,3,4,48,0,292
16068.0,29,12,3,4,48,0,292
16069.0,29,12,3,4,48,0,292
16070.0,29,12,3,4,48,0,292
16071.0,29,12,3,4,48,0,292
16072.0,29,12,3,4,48,0,292
16073.0,29,12,3,4,48,0,292
16074.0,29,12,3,4,48,0,292
16075.0,29,12,3,4,48,0,292
16076.0,29,12,3,4,48,0,292
16077.0,29,12,3,4,48,0,292
16078.0,29,12,3,4,48,0,292
16079.0,29,12,3,4,48,0,292
16080.0,29,12,3,4,48,0,292
16081.0,29,12,3,4,48,0,292
16082.0,29,12,3,4,48,0,292
16083.0,29,12,3,4,48,0,292
16084.0,29,12,3,4,48,0,292
16085.0,29,12,3,4,48,0,292
16086.0,29,12,3,4,48,0,292
16087.0,29,12,3,4,48,0,292
16088.0,29,12,3,4,48,0,292
16089.0,29,12,3,4,48,0,292
16090.0,29,12,3,4,48,0,292
16091.0,29,12,3,4,48,0,292
16092.0,29,12,3,4,48,0,292
16093.0,29,12,3,4,48,0,292
16094.0,29,12,3,4,48,0,292
16095.0,29,12,3,4,48,0,292
16096.0,29,12,3,4,48,0,292
16097.0,29,12,3,4,48,0,292
16098.0,29,12,3,4,48,0,292
16099.0,29,12,3,4,48,0,292
16100.0,29,12,3,4,48,0,292
16101.0,29,12,3,4,48,0,292
16102.0,29,12,3,4,48,0,292
16103.0,29,12,3,4,48,0,292
16104.0,29,12,3,4,48,0,292
16105.0,29,12,3,4,48,0,292
16106.0,29,12,3,4,48,0,292
16107.0,29,12,3,4,48,0,292
16108.0,29,12,3,4,48,0,292
16109.0,29,12,3,4,48,0,292
16110.0,29,12,3,4,48,0,292
16111.0,29,12,3,4,48,0,292
16112.0,29,12,3,4,48,0,292
16113.0,29,12,3,4,48,0,292
16114.0,29,12,3,4,48,0,292
16115.0,29,12,3,4,48,0,292
16116.0,29,12,3,4,48,0,292
16117.0,29,12,3,4,48,0,292
16118.0,29,12,3,4,48,0,292
16119.0,29,12,3,4,48,0,292
16120.0,29,12,3,4,48,0,292
16121.0,29,12,3,4,48,0,292
16122.0,29,12,3,4,48,0,292
16123.0,29,12,3,4,48,0,292
16124.0,29,12,3,4,48,0,292
16125.0,29,12,3,4,48,0,292
16126.0,29,12,3,4,48,0,292
16127.0,29,12,3,4,48,0,292
16128.0,29,12,3,4,48,0,292
16129.0,29,12,3,4,48,0,292
16130.0,29,12,3,4,48,0,292
16131.0,29,12,3,4,48,0,292
16132.0,29,12,3,4,48,0,292
16133.0,29,12,3,4,48,0,292
16134.0,29,12,3,4,48,0,292
16135.0,29,12,3,4,48,0,292
16136.0,29,12,3,4,48,0,292
16137.0,29,12,3,4,48,0,292
16138.0,29,12,3,4,48,0,292
16139.0,29,12,3,4,48,0,292
16140.0,29,12,3,4,48,0,292
16141.0,29,12,3,4,48,0,292
16142.0,29,12,3,4,48,0,292
16143.0,29,12,3,4,48,0,292
16144.0,29,12,3,4,48,0,292
16145.0,29,12,3,4,48,0,292
16146.0,29,12,3,4,48,0,292
16147.0,29,12,3,4,48,0,292
16148.0,29,12,3,4,48,0,292
16149.0,29,12,3,4,48,0,292
16150.0,29,12,3,4,48,0,292
16151.0,29,12,3,4,48,0,292
16152.0,29,12,3,4,48,0,292
16153.0,29,12,3,4,48,0,292
16154.0,29,12,3,4,48,0,292
16155.0,29,12,3,4,48,0,292
16156.0,29,12,3,4,48,0,292
16157.0,29,12,3,4,48,0,292
16158.0,29,12,3,4,48,0,292
16159.0,29,12,3,4,48,0,292
16160.0,29,12,3,4,48,0,292
16161.0,29,12,3,4,48,0,292
16162.0,29,12,3,4,48,0,292
16163.0,29,12,3,4,48,0,292
16164.0,29,12,3,4,48,0,292
16165.0,29,12,3,4,48,0,292
16166.0,29,12,3,4,48,0,292
16167.0,29,12,3,4,48,0,292
16168.0,29,12,3,4,48,0,292
16169.0,29,12,3,4,48,0,292
16170.0,29,12,3,4,48,0,292
16171.0,29,12,3,4,48,0,292
16172.0,29,12,3,4,48,0,292
16173.0,29,12,3,4,48,0,292
16174.0,29,12,3,4,48,0,292
16175.0,29,12,3,4,48,0,292
16176.0,29,12,3,4,48,0,292
16177.0,29,12,3,4,48,0,292
16178.0,29,12,3,4,48,0,292
16179.0,29,12,3,4,48,0,292
16180.0,29,12,3,4,48,0,292
16181.0,29,12,3,4,48,0,292
16182.0,29,12,3,4,48,0,292
16183.0,29,12,3,4,48,0,292
16184.0,29,12,3,4,48,0,292
16185.0,29,12,3,4,48,0,292
16186.0,29,12,3,4,48,0,292
16187.0,29,12,3,4,48,0,292
16188.0,29,12,3,4,48,0,292
16189.0,29,12,3,4,48,0,292
16190.0,29,12,3,4,48,0,292
16191.0,29,12,3,4,48,0,292
16192.0,29,12,3,4,48,0,292
16193.0,29,12,3,4,48,0,292
16194.0,29,12,3,4,48,0,292
16195.0,29,12,3,4,48,0,292
16196.0,29,12,3,4,48,0,292
16197.0,29,12,3,4,48,0,292
16198.0,29,12,3,4,48,0,292
16199.0,29,12,3,4,48,0,292
16200.0,29,12,3,4,48,0,292
16201.0,29,12,3,4,48,0,292
16202.0,29,12,3,4,48,0,292
16203.0,29,12,3,4,48,0,292
16204.0,29,12,3,4,48,0,292
16205.0,29,12,3,4,48,0,292
16206.0,29,12,3,4,48,0,292
16207.0,29,12,3,4,48,0,292
16208.0,29,12,3,4,48,0,292
16209.0,29,12,3,4,48,0,292
16210.0,29,12,3,4,48,0,292
16211.0,29,12,3,4,48,0,292
16212.0,29,12,3,4,48,0,292
16213.0,29,12,3,4,48,0,292
16214.0,29,12,3,4,48,0,292
16215.0,29,12,3,4,48,0,292
16216.0,29,12,3,4,48,0,292
16217.0,29,12,3,4,48,0,292
16218.0,29,12,3,4,48,0,292
16219.0,29,12,3,4,48,0,292
16220.0,29,12,3,4,48,0,292
16221.0,29,12,3,4,48,0,292
16222.0,29,12,3,4,48,0,292
16223.0,29,12,3,4,48,0,292
16224.0,29,12,3,4,48,0,292
16225.0,29,12,3,4,48,0,292
16226.0,29,12,3,4,48,0,292
16227.0,29,12,3,4,48,0,292
16228.0,29,12,3,4,48,0,292
16229.0,29,12,3,4,48,0,292
16230.0,29,12,3,4,48,0,292
16231.0,29,12,3,4,48,0,292
16232.0,29,12,3,4,48,0,292
16233.0,29,12,3,4,48,0,292
16234.0,29,12,3,4,48,0,292
16235.0,29,12,3,4,48,0,292
16236.0,29,12,3,4,48,0,292
16237.0,29,12,3,4,48,0,292
16238.0,29,12,3,4,48,0,292
16239.0,29,12,3,4,48,0,292
16240.0,29,12,3,4,48,0,292
16241.0,29,12,3,4,48,0,292
16242.0,29,12,3,4,48,0,292
16243.0,29,12,3,4,48,0,292
16244.0,29,12,3,4,48,0,292
16245.0,29,12,3,4,48,0,292
16246.0,29,12,3,4,48,0,292
16247.0,29,12,3,4,48,0,292
16248.0,29,12,3,4,48,0,292
16249.0,29,12,3,4,48,0,292
16250.0,29,12,3,4,48,0,292
16251.0,29,12,3,4,48,0,292
16252.0,29,12,3,4,48,0,292
16253.0,29,12,3,4,48,0,292
16254.0,29,12,3,4,48,0,292
16255.0,29,12,3,4,48,0,292
16256.0,29,12,3,4,48,0,292
16257.0,29,12,3,4,48,0,292
16258.0,29,12,3,4,48,0,292
16259.0,29,12,3,4,48,0,292
16260.0,29,12,3,4,48,0,292
16261.0,29,12,3,4,48,0,292
16262.0,29,12,3,4,48,0,292
16263.0,29,12,3,4,48,0,292
16264.0,29,12,3,4,48,0,292
16265.0,29,12,3,4,48,0,292
16266.0,29,12,3,4,48,0,292
16267.0,29,12,3,4,48,0,292
16268.0,29,12,3,4,48,0,292
16269.0,29,12,3,4,48,0,292
16270.0,29,12,3,4,48,0,292
16271.0,29,12,3,4,48,0,292
16272.0,29,12,3,4,48,0,292
16273.0,29,12,3,4,48,0,292
16274.0,29,12,3,4,48,0,292
16275.0,29,12,3,4,48,0,292
16276.0,29,12,3,4,48,0,292
16277.0,29,12,3,4,48,0,292
16278.0,29,12,3,4,48,0,292
16279.0,29,12,3,4,48,0,292
16280.0,29,12,3,4,48,0,292
16281.0,29,12,3,4,48,0,292
16282.0,29,12,3,4,48,0,292
16283.0,29,12,3,4,48,0,292
16284.0,29,12,3,4,48,0,292
16285.0,29,12,3,4,48,0,292
16286.0,29,12,3,4,48,0,292
16287.0,29,12,3,4,48,0,292
16288.0,29,12,3,4,48,0,292
16289.0,29,12,3,4,48,0,292
16290.0,29,12,3,4,48,0,292
16291.0,29,12,3,4,48,0,292
16292.0,29,12,3,4,48,0,292
16293.0,29,12,3,4,48,0,292
16294.0,29,12,3,4,48,0,292
16295.0,29,12,3,4,48,0,292
16296.0,29,12,3,4,48,0,292
16297.0,29,12,3,4,48,0,292
16298.0,29,12,3,4,48,0,292
16299.0,29,12,3,4,48,0,292
16300.0,29,12,3,4,48,0,292
16301.0,29,12,3,4,48,0,292
16302.0,29,12,3,4,48,0,292
16303.0,29,12,3,4,48,0,292
16304.0,29,12,3,4,48,0,292
16305.0,29,12,3,4,48,0,292
16306.0,29,12,3,4,48,0,292
16307.0,29,12,3,4,48,0,292
16308.0,29,12,3,4,48,0,292
16309.0,29,12,3,4,48,0,292
16310.0,29,12,3,4,48,0,292
16311.0,29,12,3,4,48,0,292
16312.0,29,12,3,4,48,0,292
16313.0,29,12,3,4,48,0,292
16314.0,29,12,3,4,48,0,292
16315.0,29,12,3,4,48,0,292
16316.0,29,12,3,4,48,0,292
16317.0,29,12,3,4,48,0,292
16318.0,29,12,3,4,48,0,292
16319.0,29,12,3,4,48,0,292
16320.0,29,12,3,4,48,0,292
16321.0,29,12,3,4,48,0,292
16322.0,29,12,3,4,48,0,292
16323.0,29,12,3,4,48,0,292
16324.0,29,12,3,4,48,0,292
16325.0,29,12,3,4,48,0,292
16326.0,29,12,3,4,48,0,292
16327.0,29,12,3,4,48,0,292
16328.0,29,12,3,4,48,0,292
16329.0,29,12,3,4,48,0,292
16330.0,29,12,3,4,48,0,292
16331.0,29,12,3,4,48,0,292
16332.0,29,12,3,4,48,0,292
16333.0,29,12,3,4,48,0,292
16334.0,29,12,3,4,48,0,292
16335.0,29,12,3,4,48,0,292
16336.0,29,12,3,4,48,0,292
16337.0,29,12,3,4,48,0,292
16338.0,29,12,3,4,48,0,292
16339.0,29,12,3,4,48,0,292
16340.0,29,12,3,4,48,0,292
16341.0,29,12,3,4,48,0,292
16342.0,29,12,3,4,48,0,292
16343.0,29,12,3,4,48,0,292
16344.0,29,12,3,4,48,0,292
16345.0,29,12,3,4,48,0,292
16346.0,29,12,3,4,48,0,292
16347.0,29,12,3,4,48,0,292
16348.0,29,12,3,4,48,0,292
16349.0,29,12,3,4,48,0,292
16350.0,29,12,3,4,48,0,292
16351.0,29,12,3,4,48,0,292
16352.0,29,12,3,4,48,0,292
16353.0,29,12,3,4,48,0,292
16354.0,29,12,3,4,48,0,292
16355.0,29,12,3,4,48,0,292
16356.0,29,12,3,4,48,0,292
16357.0,29,12,3,4,48,0,292
16358.0,29,12,3,4,48,0,292
16359.0,29,12,3,4,48,0,292
16360.0,29,12,3,4,48,0,292
16361.0,29,12,3,4,48,0,292
16362.0,29,12,3,4,48,0,292
16363.0,29,12,3,4,48,0,292
16364.0,29,12,3,4,48,0,292
16365.0,29,12,3,4,48,0,292
16366.0,29,12,3,4,48,0,292
16367.0,29,12,3,4,48,0,292
16368.0,29,12,3,4,48,0,292
16369.0,29,12,3,4,48,0,292
16370.0,29,12,3,4,48,0,292
16371.0,29,12,3,4,48,0,292
16372.0,29,12,3,4,48,0,292
16373.0,29,12,3,4,48,0,292
16374.0,29,12,3,4,48,0,292
16375.0,29,12,3,4,48,0,292
16376.0,29,12,3,4,48,0,292
16377.0,29,12,3,4,48,0,292
16378.0,29,12,3,4,48,0,292
16379.0,29,12,3,4,48,0,292
16380.0,29,12,3,4,48,0,292
16381.0,29,12,3,4,48,0,292
16382.0,29,12,3,4,48,0,292
16383.0,29,12,3,4,48,0,292
16384.0,29,12,3,4,48,0,292
16385.0,29,12,3,4,48,0,292
16386.0,29,12,3,4,48,0,292
16387.0,29,12,3,4,48,0,292
16388.0,29,12,3,4,48,0,292
16389.0,29,12,3,4,48,0,292
16390.0,29,12,3,4,48,0,292
16391.0,29,12,3,4,48,0,292
16392.0,29,12,3,4,48,0,292
16393.0,29,12,3,4,48,0,292
16394.0,29,12,3,4,48,0,292
16395.0,29,12,3,4,48,0,292
16396.0,29,12,3,4,48,0,292
16397.0,29,12,3,4,48,0,292
16398.0,29,12,3,4,48,0,292
16399.0,29,12,3,4,48,0,292
16400.0,29,12,3,4,48,0,292
16401.0,29,12,3,4,48,0,292
16402.0,29,12,3,4,48,0,292
16403.0,29,12,3,4,48,0,292
16404.0,29,12,3,4,48,0,292
16405.0,29,12,3,4,48,0,292
16406.0,29,12,3,4,48,0,292
16407.0,29,12,3,4,48,0,292
16408.0,29,12,3,4,48,0,292
16409.0,29,12,3,4,48,0,292
16410.0,29,12,3,4,48,0,292
16411.0,29,12,3,4,48,0,292
16412.0,29,12,3,4,48,0,292
16413.0,29,12,3,4,48,0,292
16414.0,29,12,3,4,48,0,292
16415.0,29,12,3,4,48,0,292
16416.0,29,12,3,4,48,0,292
16417.0,29,12,3,4,48,0,292
16418.0,29,12,3,4,48,0,292
16419.0,29,12,3,4,48,0,292
16420.0,29,12,3,4,48,0,292
16421.0,29,12,3,4,48,0,292
16422.0,29,12,3,4,48,0,292
16423.0,29,12,3,4,48,0,292
16424.0,29,12,3,4,48,0,292
16425.0,29,12,3,4,48,0,292
16426.0,29,12,3,4,48,0,292
16427.0,29,12,3,4,48,0,292
16428.0,29,12,3,4,48,0,292
16429.0,29,12,3,4,48,0,292
16430.0,29,12,3,4,48,0,292
16431.0,29,12,3,4,48,0,292
16432.0,29,12,3,4,48,0,292
16433.0,29,12,3,4,48,0,292
16434.0,29,12,3,4,48,0,292
16435.0,29,12,3,4,48,0,292
16436.0,29,12,3,4,48,0,292
16437.0,29,12,3,4,48,0,292
16438.0,29,12,3,4,48,0,292
16439.0,29,12,3,4,48,0,292
16440.0,29,12,3,4,48,0,292
16441.0,29,12,3,4,48,0,292
16442.0,29,12,3,4,48,0,292
16443.0,29,12,3,4,48,0,292
16444.0,29,12,3,4,48,0,292
16445.0,29,12,3,4,48,0,292
16446.0,29,12,3,4,48,0,292
16447.0,29,12,3,4,48,0,292
16448.0,29,12,3,4,48,0,292
16449.0,29,12,3,4,48,0,292
16450.0,29,12,3,4,48,0,292
16451.0,29,12,3,4,48,0,292
16452.0,29,12,3,4,48,0,292
16453.0,29,12,3,4,48,0,292
16454.0,29,12,3,4,48,0,292
16455.0,29,12,3,4,48,0,292
16456.0,29,12,3,4,48,0,292
16457.0,29,12,3,4,48,0,292
16458.0,29,12,3,4,48,0,292
16459.0,29,12,3,4,48,0,292
16460.0,29,12,3,4,48,0,292
16461.0,29,12,3,4,48,0,292
16462.0,29,12,3,4,48,0,292
16463.0,29,12,3,4,48,0,292
16464.0,29,12,3,4,48,0,292
16465.0,29,12,3,4,48,0,292
16466.0,29,12,3,4,48,0,292
16467.0,29,12,3,4,48,0,292
16468.0,29,12,3,4,48,0,292
16469.0,29,12,3,4,48,0,292
16470.0,29,12,3,4,48,0,292
16471.0,29,12,3,4,48,0,292
16472.0,29,12,3,4,48,0,292
16473.0,29,12,3,4,48,0,292
16474.0,29,12,3,4,48,0,292
16475.0,29,12,3,4,48,0,292
16476.0,29,12,3,4,48,0,292
16477.0,29,12,3,4,48,0,292
16478.0,29,12,3,4,48,0,292
16479.0,29,12,3,4,48,0,292
16480.0,29,12,3,4,48,0,292
16481.0,29,12,3,4,48,0,292
16482.0,29,12,3,4,48,0,292
16483.0,29,12,3,4,48,0,292
16484.0,29,12,3,4,48,0,292
16485.0,29,12,3,4,48,0,292
16486.0,29,12,3,4,48,0,292
16487.0,29,12,3,4,48,0,292
16488.0,29,12,3,4,48,0,292
16489.0,29,12,3,4,48,0,292
16490.0,29,12,3,4,48,0,292
16491.0,29,12,3,4,48,0,292
16492.0,29,12,3,4,48,0,292
16493.0,29,12,3,4,48,0,292
16494.0,29,12,3,4,48,0,292
16495.0,29,12,3,4,48,0,292
16496.0,29,12,3,4,48,0,292
16497.0,29,12,3,4,48,0,292
16498.0,29,12,3,4,48,0,292
16499.0,29,12,3,4,48,0,292
16500.0,29,12,3,4,48,0,292
16501.0,29,12,3,4,48,0,292
16502.0,29,12,3,4,48,0,292
16503.0,29,12,3,4,48,0,292
16504.0,29,12,3,4,48,0,292
16505.0,29,12,3,4,48,0,292
16506.0,29,12,3,4,48,0,292
16507.0,29,12,3,4,48,0,292
16508.0,29,12,3,4,48,0,292
16509.0,29,12,3,4,48,0,292
16510.0,29,12,3,4,48,0,292
16511.0,29,12,3,4,48,0,292
16512.0,29,12,3,4,48,0,292
16513.0,29,12,3,4,48,0,292
16514.0,29,12,3,4,48,0,292
16515.0,29,12,3,4,48,0,292
16516.0,29,12,3,4,48,0,292
16517.0,29,12,3,4,48,0,292
16518.0,29,12,3,4,48,0,292
16519.0,29,12,3,4,48,0,292
16520.0,29,12,3,4,48,0,292
16521.0,29,12,3,4,48,0,292
16522.0,29,12,3,4,48,0,292
16523.0,29,12,3,4,48,0,292
16524.0,29,12,3,4,48,0,292
16525.0,29,12,3,4,48,0,292
16526.0,29,12,3,4,48,0,292
16527.0,29,12,3,4,48,0,292
16528.0,29,12,3,4,48,0,292
16529.0,29,12,3,4,48,0,292
16530.0,29,12,3,4,48,0,292
16531.0,29,12,3,4,48,0,292
16532.0,29,12,3,4,48,0,292
16533.0,29,12,3,4,48,0,292
16534.0,29,12,3,4,48,0,292
16535.0,29,12,3,4,48,0,292
16536.0,29,12,3,4,48,0,292
16537.0,29,12,3,4,48,0,292
16538.0,29,12,3,4,48,0,292
16539.0,29,12,3,4,48,0,292
16540.0,29,12,3,4,48,0,292
16541.0,29,12,3,4,48,0,292
16542.0,29,12,3,4,48,0,292
16543.0,29,12,3,4,48,0,292
16544.0,29,12,3,4,48,0,292
16545.0,29,12,3,4,48,0,292
16546.0,29,12,3,4,48,0,292
16547.0,29,12,3,4,48,0,292
16548.0,29,12,3,4,48,0,292
16549.0,29,12,3,4,48,0,292
16550.0,29,12,3,4,48,0,292
16551.0,29,12,3,4,48,0,292
16552.0,29,12,3,4,48,0,292
16553.0,29,12,3,4,48,0,292
16554.0,29,12,3,4,48,0,292
16555.0,29,12,3,4,48,0,292
16556.0,29,12,3,4,48,0,292
16557.0,29,12,3,4,48,0,292
16558.0,29,12,3,4,48,0,292
16559.0,29,12,3,4,48,0,292
16560.0,29,12,3,4,48,0,292
16561.0,29,12,3,4,48,0,292
16562.0,29,12,3,4,48,0,292
16563.0,29,12,3,4,48,0,292
16564.0,29,12,3,4,48,0,292
16565.0,29,12,3,4,48,0,292
16566.0,29,12,3,4,48,0,292
16567.0,29,12,3,4,48,0,292
16568.0,29,12,3,4,48,0,292
16569.0,29,12,3,4,48,0,292
16570.0,29,12,3,4,48,0,292
16571.0,29,12,3,4,48,0,292
16572.0,29,12,3,4,48,0,292
16573.0,29,12,3,4,48,0,292
16574.0,29,12,3,4,48,0,292
16575.0,29,12,3,4,48,0,292
16576.0,29,12,3,4,48,0,292
16577.0,29,12,3,4,48,0,292
16578.0,29,12,3,4,48,0,292
16579.0,29,12,3,4,48,0,292
16580.0,29,12,3,4,48,0,292
16581.0,29,12,3,4,48,0,292
16582.0,29,12,3,4,48,0,292
16583.0,29,12,3,4,48,0,292
16584.0,29,12,3,4,48,0,292
16585.0,29,12,3,4,48,0,292
16586.0,29,12,3,4,48,0,292
16587.0,29,12,3,4,48,0,292
16588.0,29,12,3,4,48,0,292
16589.0,29,12,3,4,48,0,292
16590.0,29,12,3,4,48,0,292
16591.0,29,12,3,4,48,0,292
16592.0,29,12,3,4,48,0,292
16593.0,29,12,3,4,48,0,292
16594.0,29,12,3,4,48,0,292
16595.0,29,12,3,4,48,0,292
16596.0,29,12,3,4,48,0,292
16597.0,29,12,3,4,48,0,292
16598.0,29,12,3,4,48,0,292
16599.0,29,12,3,4,48,0,292
16600.0,29,12,3,4,48,0,292
16601.0,29,12,3,4,48,0,292
16602.0,29,12,3,4,48,0,292
16603.0,29,12,3,4,48,0,292
16604.0,29,12,3,4,48,0,292
16605.0,29,12,3,4,48,0,292
16606.0,29,12,3,4,48,0,292
16607.0,29,12,3,4,48,0,292
16608.0,29,12,3,4,48,0,292
16609.0,29,12,3,4,48,0,292
16610.0,29,12,3,4,48,0,292
16611.0,29,12,3,4,48,0,292
16612.0,29,12,3,4,48,0,292
16613.0,29,12,3,4,48,0,292
16614.0,29,12,3,4,48,0,292
16615.0,29,12,3,4,48,0,292
16616.0,29,12,3,4,48,0,292
16617.0,29,12,3,4,48,0,292
16618.0,29,12,3,4,48,0,292
16619.0,29,12,3,4,48,0,292
16620.0,29,12,3,4,48,0,292
16621.0,29,12,3,4,48,0,292
16622.0,29,12,3,4,48,0,292
16623.0,29,12,3,4,48,0,292
16624.0,29,12,3,4,48,0,292
16625.0,29,12,3,4,48,0,292
16626.0,29,12,3,4,48,0,292
16627.0,29,12,3,4,48,0,292
16628.0,29,12,3,4,48,0,292
16629.0,29,12,3,4,48,0,292
16630.0,29,12,3,4,48,0,292
16631.0,29,12,3,4,48,0,292
16632.0,29,12,3,4,48,0,292
16633.0,29,12,3,4,48,0,292
16634.0,29,12,3,4,48,0,292
16635.0,29,12,3,4,48,0,292
16636.0,29,12,3,4,48,0,292
16637.0,29,12,3,4,48,0,292
16638.0,29,12,3,4,48,0,292
16639.0,29,12,3,4,48,0,292
16640.0,29,12,3,4,48,0,292
16641.0,29,12,3,4,48,0,292
16642.0,29,12,3,4,48,0,292
16643.0,29,12,3,4,48,0,292
16644.0,29,12,3,4,48,0,292
16645.0,29,12,3,4,48,0,292
16646.0,29,12,3,4,48,0,292
16647.0,29,12,3,4,48,0,292
16648.0,29,12,3,4,48,0,292
16649.0,29,12,3,4,48,0,292
16650.0,29,12,3,4,48,0,292
16651.0,29,12,3,4,48,0,292
16652.0,29,12,3,4,48,0,292
16653.0,29,12,3,4,48,0,292
16654.0,29,12,3,4,48,0,292
16655.0,29,12,3,4,48,0,292
16656.0,29,12,3,4,48,0,292
16657.0,29,12,3,4,48,0,292
16658.0,29,12,3,4,48,0,292
16659.0,29,12,3,4,48,0,292
16660.0,29,12,3,4,48,0,292
16661.0,29,12,3,4,48,0,292
16662.0,29,12,3,4,48,0,292
16663.0,29,12,3,4,48,0,292
16664.0,29,12,3,4,48,0,292
16665.0,29,12,3,4,48,0,292
16666.0,29,12,3,4,48,0,292
16667.0,29,12,3,4,48,0,292
16668.0,29,12,3,4,48,0,292
16669.0,29,12,3,4,48,0,292
16670.0,29,12,3,4,48,0,292
16671.0,29,12,3,4,48,0,292
16672.0,29,12,3,4,48,0,292
16673.0,29,12,3,4,48,0,292
16674.0,29,12,3,4,48,0,292
16675.0,29,12,3,4,48,0,292
16676.0,29,12,3,4,48,0,292
16677.0,29,12,3,4,48,0,292
16678.0,29,12,3,4,48,0,292
16679.0,29,12,3,4,48,0,292
16680.0,29,12,3,4,48,0,292
16681.0,29,12,3,4,48,0,292
16682.0,29,12,3,4,48,0,292
16683.0,29,12,3,4,48,0,292
16684.0,29,12,3,4,48,0,292
16685.0,29,12,3,4,48,0,292
16686.0,29,12,3,4,48,0,292
16687.0,29,12,3,4,48,0,292
16688.0,29,12,3,4,48,0,292
16689.0,29,12,3,4,48,0,292
16690.0,29,12,3,4,48,0,292
16691.0,29,12,3,4,48,0,292
16692.0,29,12,3,4,48,0,292
16693.0,29,12,3,4,48,0,292
16694.0,29,12,3,4,48,0,292
16695.0,29,12,3,4,48,0,292
16696.0,29,12,3,4,48,0,292
16697.0,29,12,3,4,48,0,292
16698.0,29,12,3,4,48,0,292
16699.0,29,12,3,4,48,0,292
16700.0,29,12,3,4,48,0,292
16701.0,29,12,3,4,48,0,292
16702.0,29,12,3,4,48,0,292
16703.0,29,12,3,4,48,0,292
16704.0,29,12,3,4,48,0,292
16705.0,29,12,3,4,48,0,292
16706.0,29,12,3,4,48,0,292
16707.0,29,12,3,4,48,0,292
16708.0,29,12,3,4,48,0,292
16709.0,29,12,3,4,48,0,292
16710.0,29,12,3,4,48,0,292
16711.0,29,12,3,4,48,0,292
16712.0,29,12,3,4,48,0,292
16713.0,29,12,3,4,48,0,292
16714.0,29,12,3,4,48,0,292
16715.0,29,12,3,4,48,0,292
16716.0,29,12,3,4,48,0,292
16717.0,29,12,3,4,48,0,292
16718.0,29,12,3,4,48,0,292
16719.0,29,12,3,4,48,0,292
16720.0,29,12,3,4,48,0,292
16721.0,29,12,3,4,48,0,292
16722.0,29,12,3,4,48,0,292
16723.0,29,12,3,4,48,0,292
16724.0,29,12,3,4,48,0,292
16725.0,29,12,3,4,48,0,292
16726.0,29,12,3,4,48,0,292
16727.0,29,12,3,4,48,0,292
16728.0,29,12,3,4,48,0,292
16729.0,29,12,3,4,48,0,292
16730.0,29,12,3,4,48,0,292
16731.0,29,12,3,4,48,0,292
16732.0,29,12,3,4,48,0,292
16733.0,29,12,3,4,48,0,292
16734.0,29,12,3,4,48,0,292
16735.0,29,12,3,4,48,0,292
16736.0,29,12,3,4,48,0,292
16737.0,29,12,3,4,48,0,292
16738.0,29,12,3,4,48,0,292
16739.0,29,12,3,4,48,0,292
16740.0,29,12,3,4,48,0,292
16741.0,29,12,3,4,48,0,292
16742.0,29,12,3,4,48,0,292
16743.0,29,12,3,4,48,0,292
16744.0,29,12,3,4,48,0,292
16745.0,29,12,3,4,48,0,292
16746.0,29,12,3,4,48,0,292
16747.0,29,12,3,4,48,0,292
16748.0,29,12,3,4,48,0,292
16749.0,29,12,3,4,48,0,292
16750.0,29,12,3,4,48,0,292
16751.0,29,12,3,4,48,0,292
16752.0,29,12,3,4,48,0,292
16753.0,29,12,3,4,48,0,292
16754.0,29,12,3,4,48,0,292
16755.0,29,12,3,4,48,0,292
16756.0,29,12,3,4,48,0,292
16757.0,29,12,3,4,48,0,292
16758.0,29,12,3,4,48,0,292
16759.0,29,12,3,4,48,0,292
16760.0,29,12,3,4,48,0,292
16761.0,29,12,3,4,48,0,292
16762.0,29,12,3,4,48,0,292
16763.0,29,12,3,4,48,0,292
16764.0,29,12,3,4,48,0,292
16765.0,29,12,3,4,48,0,292
16766.0,29,12,3,4,48,0,292
16767.0,29,12,3,4,48,0,292
16768.0,29,12,3,4,48,0,292
16769.0,29,12,3,4,48,0,292
16770.0,29,12,3,4,48,0,292
16771.0,29,12,3,4,48,0,292
16772.0,29,12,3,4,48,0,292
16773.0,29,12,3,4,48,0,292
16774.0,29,12,3,4,48,0,292
16775.0,29,12,3,4,48,0,292
16776.0,29,12,3,4,48,0,292
16777.0,29,12,3,4,48,0,292
16778.0,29,12,3,4,48,0,292
16779.0,29,12,3,4,48,0,292
16780.0,29,12,3,4,48,0,292
16781.0,29,12,3,4,48,0,292
16782.0,29,12,3,4,48,0,292
16783.0,29,12,3,4,48,0,292
16784.0,29,12,3,4,48,0,292
16785.0,29,12,3,4,48,0,292
16786.0,29,12,3,4,48,0,292
16787.0,29,12,3,4,48,0,292
16788.0,29,12,3,4,48,0,292
16789.0,29,12,3,4,48,0,292
16790.0,29,12,3,4,48,0,292
16791.0,29,12,3,4,48,0,292
16792.0,29,12,3,4,48,0,292
16793.0,29,12,3,4,48,0,292
16794.0,29,12,3,4,48,0,292
16795.0,29,12,3,4,48,0,292
16796.0,29,12,3,4,48,0,292
16797.0,29,12,3,4,48,0,292
16798.0,29,12,3,4,48,0,292
16799.0,29,12,3,4,48,0,292
16800.0,29,12,3,4,48,0,292
16801.0,29,12,3,4,48,0,292
16802.0,29,12,3,4,48,0,292
16803.0,29,12,3,4,48,0,292
16804.0,29,12,3,4,48,0,292
16805.0,29,12,3,4,48,0,292
16806.0,29,12,3,4,48,0,292
16807.0,29,12,3,4,48,0,292
16808.0,29,12,3,4,48,0,292
16809.0,29,12,3,4,48,0,292
16810.0,29,12,3,4,48,0,292
16811.0,29,12,3,4,48,0,292
16812.0,29,12,3,4,48,0,292
16813.0,29,12,3,4,48,0,292
16814.0,29,12,3,4,48,0,292
16815.0,29,12,3,4,48,0,292
16816.0,29,12,3,4,48,0,292
16817.0,29,12,3,4,48,0,292
16818.0,29,12,3,4,48,0,292
16819.0,29,12,3,4,48,0,292
16820.0,29,12,3,4,48,0,292
16821.0,29,12,3,4,48,0,292
16822.0,29,12,3,4,48,0,292
16823.0,29,12,3,4,48,0,292
16824.0,29,12,3,4,48,0,292
16825.0,29,12,3,4,48,0,292
16826.0,29,12,3,4,48,0,292
16827.0,29,12,3,4,48,0,292
16828.0,29,12,3,4,48,0,292
16829.0,29,12,3,4,48,0,292
16830.0,29,12,3,4,48,0,292
16831.0,29,12,3,4,48,0,292
16832.0,29,12,3,4,48,0,292
16833.0,29,12,3,4,48,0,292
16834.0,29,12,3,4,48,0,292
16835.0,29,12,3,4,48,0,292
16836.0,29,12,3,4,48,0,292
16837.0,29,12,3,4,48,0,292
16838.0,29,12,3,4,48,0,292
16839.0,29,12,3,4,48,0,292
16840.0,29,12,3,4,48,0,292
16841.0,29,12,3,4,48,0,292
16842.0,29,12,3,4,48,0,292
16843.0,29,12,3,4,48,0,292
16844.0,29,12,3,4,48,0,292
16845.0,29,12,3,4,48,0,292
16846.0,29,12,3,4,48,0,292
16847.0,29,12,3,4,48,0,292
16848.0,29,12,3,4,48,0,292
16849.0,29,12,3,4,48,0,292
16850.0,29,12,3,4,48,0,292
16851.0,29,12,3,4,48,0,292
16852.0,29,12,3,4,48,0,292
16853.0,29,12,3,4,48,0,292
16854.0,29,12,3,4,48,0,292
16855.0,29,12,3,4,48,0,292
16856.0,29,12,3,4,48,0,292
16857.0,29,12,3,4,48,0,292
16858.0,29,12,3,4,48,0,292
16859.0,29,12,3,4,48,0,292
16860.0,29,12,3,4,48,0,292
16861.0,29,12,3,4,48,0,292
16862.0,29,12,3,4,48,0,292
16863.0,29,12,3,4,48,0,292
16864.0,29,12,3,4,48,0,292
16865.0,29,12,3,4,48,0,292
16866.0,29,12,3,4,48,0,292
16867.0,29,12,3,4,48,0,292
16868.0,29,12,3,4,48,0,292
16869.0,29,12,3,4,48,0,292
16870.0,29,12,3,4,48,0,292
16871.0,29,12,3,4,48,0,292
16872.0,29,12,3,4,48,0,292
16873.0,29,12,3,4,48,0,292
16874.0,29,12,3,4,48,0,292
16875.0,29,12,3,4,48,0,292
16876.0,29,12,3,4,48,0,292
16877.0,29,12,3,4,48,0,292
16878.0,29,12,3,4,48,0,292
16879.0,29,12,3,4,48,0,292
16880.0,29,12,3,4,48,0,292
16881.0,29,12,3,4,48,0,292
16882.0,29,12,3,4,48,0,292
16883.0,29,12,3,4,48,0,292
16884.0,29,12,3,4,48,0,292
16885.0,29,12,3,4,48,0,292
16886.0,29,12,3,4,48,0,292
16887.0,29,12,3,4,48,0,292
16888.0,29,12,3,4,48,0,292
16889.0,29,12,3,4,48,0,292
16890.0,29,12,3,4,48,0,292
16891.0,29,12,3,4,48,0,292
16892.0,29,12,3,4,48,0,292
16893.0,29,12,3,4,48,0,292
16894.0,29,12,3,4,48,0,292
16895.0,29,12,3,4,48,0,292
16896.0,29,12,3,4,48,0,292
16897.0,29,12,3,4,48,0,292
16898.0,29,12,3,4,48,0,292
16899.0,29,12,3,4,48,0,292
16900.0,29,12,3,4,48,0,292
16901.0,29,12,3,4,48,0,292
16902.0,29,12,3,4,48,0,292
16903.0,29,12,3,4,48,0,292
16904.0,29,12,3,4,48,0,292
16905.0,29,12,3,4,48,0,292
16906.0,29,12,3,4,48,0,292
16907.0,29,12,3,4,48,0,292
16908.0,29,12,3,4,48,0,292
16909.0,29,12,3,4,48,0,292
16910.0,29,12,3,4,48,0,292
16911.0,29,12,3,4,48,0,292
16912.0,29,12,3,4,48,0,292
16913.0,29,12,3,4,48,0,292
16914.0,29,12,3,4,48,0,292
16915.0,29,12,3,4,48,0,292
16916.0,29,12,3,4,48,0,292
16917.0,29,12,3,4,48,0,292
16918.0,29,12,3,4,48,0,292
16919.0,29,12,3,4,48,0,292
16920.0,29,12,3,4,48,0,292
16921.0,29,12,3,4,48,0,292
16922.0,29,12,3,4,48,0,292
16923.0,29,12,3,4,48,0,292
16924.0,29,12,3,4,48,0,292
16925.0,29,12,3,4,48,0,292
16926.0,29,12,3,4,48,0,292
16927.0,29,12,3,4,48,0,292
16928.0,29,12,3,4,48,0,292
16929.0,29,12,3,4,48,0,292
16930.0,29,12,3,4,48,0,292
16931.0,29,12,3,4,48,0,292
16932.0,29,12,3,4,48,0,292
16933.0,29,12,3,4,48,0,292
16934.0,29,12,3,4,48,0,292
16935.0,29,12,3,4,48,0,292
16936.0,29,12,3,4,48,0,292
16937.0,29,12,3,4,48,0,292
16938.0,29,12,3,4,48,0,292
16939.0,29,12,3,4,48,0,292
16940.0,29,12,3,4,48,0,292
16941.0,29,12,3,4,48,0,292
16942.0,29,12,3,4,48,0,292
16943.0,29,12,3,4,48,0,292
16944.0,29,12,3,4,48,0,292
16945.0,29,12,3,4,48,0,292
16946.0,29,12,3,4,48,0,292
16947.0,29,12,3,4,48,0,292
16948.0,29,12,3,4,48,0,292
16949.0,29,12,3,4,48,0,292
16950.0,29,12,3,4,48,0,292
16951.0,29,12,3,4,48,0,292
16952.0,29,12,3,4,48,0,292
16953.0,29,12,3,4,48,0,292
16954.0,29,12,3,4,48,0,292
16955.0,29,12,3,4,48,0,292
16956.0,29,12,3,4,48,0,292
16957.0,29,12,3,4,48,0,292
16958.0,29,12,3,4,48,0,292
16959.0,29,12,3,4,48,0,292
16960.0,29,12,3,4,48,0,292
16961.0,29,12,3,4,48,0,292
16962.0,29,12,3,4,48,0,292
16963.0,29,12,3,4,48,0,292
16964.0,29,12,3,4,48,0,292
16965.0,29,12,3,4,48,0,292
16966.0,29,12,3,4,48,0,292
16967.0,29,12,3,4,48,0,292
16968.0,29,12,3,4,48,0,292
16969.0,29,12,3,4,48,0,292
16970.0,29,12,3,4,48,0,292
16971.0,29,12,3,4,48,0,292
16972.0,29,12,3,4,48,0,292
16973.0,29,12,3,4,48,0,292
16974.0,29,12,3,4,48,0,292
16975.0,29,12,3,4,48,0,292
16976.0,29,12,3,4,48,0,292
16977.0,29,12,3,4,48,0,292
16978.0,29,12,3,4,48,0,292
16979.0,29,12,3,4,48,0,292
16980.0,29,12,3,4,48,0,292
16981.0,29,12,3,4,48,0,292
16982.0,29,12,3,4,48,0,292
16983.0,29,12,3,4,48,0,292
16984.0,29,12,3,4,48,0,292
16985.0,29,12,3,4,48,0,292
16986.0,29,12,3,4,48,0,292
16987.0,29,12,3,4,48,0,292
16988.0,29,12,3,4,48,0,292
16989.0,29,12,3,4,48,0,292
16990.0,29,12,3,4,48,0,292
16991.0,29,12,3,4,48,0,292
16992.0,29,12,3,4,48,0,292
16993.0,29,12,3,4,48,0,292
16994.0,29,12,3,4,48,0,292
16995.0,29,12,3,4,48,0,292
16996.0,29,12,3,4,48,0,292
16997.0,29,12,3,4,48,0,292
16998.0,29,12,3,4,48,0,292
16999.0,29,12,3,4,48,0,292
17000.0,29,12,3,4,48,0,292
17001.0,29,12,3,4,48,0,292
17002.0,29,12,3,4,48,0,292
17003.0,29,12,3,4,48,0,292
17004.0,29,12,3,4,48,0,292
17005.0,29,12,3,4,48,0,292
17006.0,29,12,3,4,48,0,292
17007.0,29,12,3,4,48,0,292
17008.0,29,12,3,4,48,0,292
17009.0,29,12,3,4,48,0,292
17010.0,29,12,3,4,48,0,292
17011.0,29,12,3,4,48,0,292
17012.0,29,12,3,4,48,0,292
17013.0,29,12,3,4,48,0,292
17014.0,29,12,3,4,48,0,292
17015.0,29,12,3,4,48,0,292
17016.0,29,12,3,4,48,0,292
17017.0,29,12,3,4,48,0,292
17018.0,29,12,3,4,48,0,292
17019.0,29,12,3,4,48,0,292
17020.0,29,12,3,4,48,0,292
17021.0,29,12,3,4,48,0,292
17022.0,29,12,3,4,48,0,292
17023.0,29,12,3,4,48,0,292
17024.0,29,12,3,4,48,0,292
17025.0,29,12,3,4,48,0,292
17026.0,29,12,3,4,48,0,292
17027.0,29,12,3,4,48,0,292
17028.0,29,12,3,4,48,0,292
17029.0,29,12,3,4,48,0,292
17030.0,29,12,3,4,48,0,292
17031.0,29,12,3,4,48,0,292
17032.0,29,12,3,4,48,0,292
17033.0,29,12,3,4,48,0,292
17034.0,29,12,3,4,48,0,292
17035.0,29,12,3,4,48,0,292
17036.0,29,12,3,4,48,0,292
17037.0,29,12,3,4,48,0,292
17038.0,29,12,3,4,48,0,292
17039.0,29,12,3,4,48,0,292
17040.0,29,12,3,4,48,0,292
17041.0,29,12,3,4,48,0,292
17042.0,29,12,3,4,48,0,292
17043.0,29,12,3,4,48,0,292
17044.0,29,12,3,4,48,0,292
17045.0,29,12,3,4,48,0,292
17046.0,29,12,3,4,48,0,292
17047.0,29,12,3,4,48,0,292
17048.0,29,12,3,4,48,0,292
17049.0,29,12,3,4,48,0,292
17050.0,29,12,3,4,48,0,292
17051.0,29,12,3,4,48,0,292
17052.0,29,12,3,4,48,0,292
17053.0,29,12,3,4,48,0,292
17054.0,29,12,3,4,48,0,292
17055.0,29,12,3,4,48,0,292
17056.0,29,12,3,4,48,0,292
17057.0,29,12,3,4,48,0,292
17058.0,29,12,3,4,48,0,292
17059.0,29,12,3,4,48,0,292
17060.0,29,12,3,4,48,0,292
17061.0,29,12,3,4,48,0,292
17062.0,29,12,3,4,48,0,292
17063.0,29,12,3,4,48,0,292
17064.0,29,12,3,4,48,0,292
17065.0,29,12,3,4,48,0,292
17066.0,29,12,3,4,48,0,292
17067.0,29,12,3,4,48,0,292
17068.0,29,12,3,4,48,0,292
17069.0,29,12,3,4,48,0,292
17070.0,29,12,3,4,48,0,292
17071.0,29,12,3,4,48,0,292
17072.0,29,12,3,4,48,0,292
17073.0,29,12,3,4,48,0,292
17074.0,29,12,3,4,48,0,292
17075.0,29,12,3,4,48,0,292
17076.0,29,12,3,4,48,0,292
17077.0,29,12,3,4,48,0,292
17078.0,29,12,3,4,48,0,292
17079.0,29,12,3,4,48,0,292
17080.0,29,12,3,4,48,0,292
17081.0,29,12,3,4,48,0,292
17082.0,29,12,3,4,48,0,292
17083.0,29,12,3,4,48,0,292
17084.0,29,12,3,4,48,0,292
17085.0,29,12,3,4,48,0,292
17086.0,29,12,3,4,48,0,292
17087.0,29,12,3,4,48,0,292
17088.0,29,12,3,4,48,0,292
17089.0,29,12,3,4,48,0,292
17090.0,29,12,3,4,48,0,292
17091.0,29,12,3,4,48,0,292
17092.0,29,12,3,4,48,0,292
17093.0,29,12,3,4,48,0,292
17094.0,29,12,3,4,48,0,292
17095.0,29,12,3,4,48,0,292
17096.0,29,12,3,4,48,0,292
17097.0,29,12,3,4,48,0,292
17098.0,29,12,3,4,48,0,292
17099.0,29,12,3,4,48,0,292
17100.0,29,12,3,4,48,0,292
17101.0,29,12,3,4,48,0,292
17102.0,29,12,3,4,48,0,292
17103.0,29,12,3,4,48,0,292
17104.0,29,12,3,4,48,0,292
17105.0,29,12,3,4,48,0,292
17106.0,29,12,3,4,48,0,292
17107.0,29,12,3,4,48,0,292
17108.0,29,12,3,4,48,0,292
17109.0,29,12,3,4,48,0,292
17110.0,29,12,3,4,48,0,292
17111.0,29,12,3,4,48,0,292
17112.0,29,12,3,4,48,0,292
17113.0,29,12,3,4,48,0,292
17114.0,29,12,3,4,48,0,292
17115.0,29,12,3,4,48,0,292
17116.0,29,12,3,4,48,0,292
17117.0,29,12,3,4,48,0,292
17118.0,29,12,3,4,48,0,292
17119.0,29,12,3,4,48,0,292
17120.0,29,12,3,4,48,0,292
17121.0,29,12,3,4,48,0,292
17122.0,29,12,3,4,48,0,292
17123.0,29,12,3,4,48,0,292
17124.0,29,12,3,4,48,0,292
17125.0,29,12,3,4,48,0,292
17126.0,29,12,3,4,48,0,292
17127.0,29,12,3,4,48,0,292
17128.0,29,12,3,4,48,0,292
17129.0,29,12,3,4,48,0,292
17130.0,29,12,3,4,48,0,292
17131.0,29,12,3,4,48,0,292
17132.0,29,12,3,4,48,0,292
17133.0,29,12,3,4,48,0,292
17134.0,29,12,3,4,48,0,292
17135.0,29,12,3,4,48,0,292
17136.0,29,12,3,4,48,0,292
17137.0,29,12,3,4,48,0,292
17138.0,29,12,3,4,48,0,292
17139.0,29,12,3,4,48,0,292
17140.0,29,12,3,4,48,0,292
17141.0,29,12,3,4,48,0,292
17142.0,29,12,3,4,48,0,292
17143.0,29,12,3,4,48,0,292
17144.0,29,12,3,4,48,0,292
17145.0,29,12,3,4,48,0,292
17146.0,29,12,3,4,48,0,292
17147.0,29,12,3,4,48,0,292
17148.0,29,12,3,4,48,0,292
17149.0,29,12,3,4,48,0,292
17150.0,29,12,3,4,48,0,292
17151.0,29,12,3,4,48,0,292
17152.0,29,12,3,4,48,0,292
17153.0,29,12,3,4,48,0,292
17154.0,29,12,3,4,48,0,292
17155.0,29,12,3,4,48,0,292
17156.0,29,12,3,4,48,0,292
17157.0,29,12,3,4,48,0,292
17158.0,29,12,3,4,48,0,292
17159.0,29,12,3,4,48,0,292
17160.0,29,12,3,4,48,0,292
17161.0,29,12,3,4,48,0,292
17162.0,29,12,3,4,48,0,292
17163.0,29,12,3,4,48,0,292
17164.0,29,12,3,4,48,0,292
17165.0,29,12,3,4,48,0,292
17166.0,29,12,3,4,48,0,292
17167.0,29,12,3,4,48,0,292
17168.0,29,12,3,4,48,0,292
17169.0,29,12,3,4,48,0,292
17170.0,29,12,3,4,48,0,292
17171.0,29,12,3,4,48,0,292
17172.0,29,12,3,4,48,0,292
17173.0,29,12,3,4,48,0,292
17174.0,29,12,3,4,48,0,292
17175.0,29,12,3,4,48,0,292
17176.0,29,12,3,4,48,0,292
17177.0,29,12,3,4,48,0,292
17178.0,29,12,3,4,48,0,292
17179.0,29,12,3,4,48,0,292
17180.0,29,12,3,4,48,0,292
17181.0,29,12,3,4,48,0,292
17182.0,29,12,3,4,48,0,292
17183.0,29,12,3,4,48,0,292
17184.0,29,12,3,4,48,0,292
17185.0,29,12,3,4,48,0,292
17186.0,29,12,3,4,48,0,292
17187.0,29,12,3,4,48,0,292
17188.0,29,12,3,4,48,0,292
17189.0,29,12,3,4,48,0,292
17190.0,29,12,3,4,48,0,292
17191.0,29,12,3,4,48,0,292
17192.0,29,12,3,4,48,0,292
17193.0,29,12,3,4,48,0,292
17194.0,29,12,3,4,48,0,292
17195.0,29,12,3,4,48,0,292
17196.0,29,12,3,4,48,0,292
17197.0,29,12,3,4,48,0,292
17198.0,29,12,3,4,48,0,292
17199.0,29,12,3,4,48,0,292
17200.0,29,12,3,4,48,0,292
17201.0,29,12,3,4,48,0,292
17202.0,29,12,3,4,48,0,292
17203.0,29,12,3,4,48,0,292
17204.0,29,12,3,4,48,0,292
17205.0,29,12,3,4,48,0,292
17206.0,29,12,3,4,48,0,292
17207.0,29,12,3,4,48,0,292
17208.0,29,12,3,4,48,0,292
17209.0,29,12,3,4,48,0,292
17210.0,29,12,3,4,48,0,292
17211.0,29,12,3,4,48,0,292
17212.0,29,12,3,4,48,0,292
17213.0,29,12,3,4,48,0,292
17214.0,29,12,3,4,48,0,292
17215.0,29,12,3,4,48,0,292
17216.0,29,12,3,4,48,0,292
17217.0,29,12,3,4,48,0,292
17218.0,29,12,3,4,48,0,292
17219.0,29,12,3,4,48,0,292
17220.0,29,12,3,4,48,0,292
17221.0,29,12,3,4,48,0,292
17222.0,29,12,3,4,48,0,292
17223.0,29,12,3,4,48,0,292
17224.0,29,12,3,4,48,0,292
17225.0,29,12,3,4,48,0,292
17226.0,29,12,3,4,48,0,292
17227.0,29,12,3,4,48,0,292
17228.0,29,12,3,4,48,0,292
17229.0,29,12,3,4,48,0,292
17230.0,29,12,3,4,48,0,292
17231.0,29,12,3,4,48,0,292
17232.0,29,12,3,4,48,0,292
17233.0,29,12,3,4,48,0,292
17234.0,29,12,3,4,48,0,292
17235.0,29,12,3,4,48,0,292
17236.0,29,12,3,4,48,0,292
17237.0,29,12,3,4,48,0,292
17238.0,29,12,3,4,48,0,292
17239.0,29,12,3,4,48,0,292
17240.0,29,12,3,4,48,0,292
17241.0,29,12,3,4,48,0,292
17242.0,29,12,3,4,48,0,292
17243.0,29,12,3,4,48,0,292
17244.0,29,12,3,4,48,0,292
17245.0,29,12,3,4,48,0,292
17246.0,29,12,3,4,48,0,292
17247.0,29,12,3,4,48,0,292
17248.0,29,12,3,4,48,0,292
17249.0,29,12,3,4,48,0,292
17250.0,29,12,3,4,48,0,292
17251.0,29,12,3,4,48,0,292
17252.0,29,12,3,4,48,0,292
17253.0,29,12,3,4,48,0,292
17254.0,29,12,3,4,48,0,292
17255.0,29,12,3,4,48,0,292
17256.0,29,12,3,4,48,0,292
17257.0,29,12,3,4,48,0,292
17258.0,29,12,3,4,48,0,292
17259.0,29,12,3,4,48,0,292
17260.0,29,12,3,4,48,0,292
17261.0,29,12,3,4,48,0,292
17262.0,29,12,3,4,48,0,292
17263.0,29,12,3,4,48,0,292
17264.0,29,12,3,4,48,0,292
17265.0,29,12,3,4,48,0,292
17266.0,29,12,3,4,48,0,292
17267.0,29,12,3,4,48,0,292
17268.0,29,12,3,4,48,0,292
17269.0,29,12,3,4,48,0,292
17270.0,29,12,3,4,48,0,292
17271.0,29,12,3,4,48,0,292
17272.0,29,12,3,4,48,0,292
17273.0,29,12,3,4,48,0,292
17274.0,29,12,3,4,48,0,292
17275.0,29,12,3,4,48,0,292
17276.0,29,12,3,4,48,0,292
17277.0,29,12,3,4,48,0,292
17278.0,29,12,3,4,48,0,292
17279.0,29,12,3,4,48,0,292
17280.0,29,12,3,4,48,0,292
17281.0,29,12,3,4,48,0,292
17282.0,29,12,3,4,48,0,292
17283.0,29,12,3,4,48,0,292
17284.0,29,12,3,4,48,0,292
17285.0,29,12,3,4,48,0,292
17286.0,29,12,3,4,48,0,292
17287.0,29,12,3,4,48,0,292
17288.0,29,12,3,4,48,0,292
17289.0,29,12,3,4,48,0,292
17290.0,29,12,3,4,48,0,292
17291.0,29,12,3,4,48,0,292
17292.0,29,12,3,4,48,0,292
17293.0,29,12,3,4,48,0,292
17294.0,29,12,3,4,48,0,292
17295.0,29,12,3,4,48,0,292
17296.0,29,12,3,4,48,0,292
17297.0,29,12,3,4,48,0,292
17298.0,29,12,3,4,48,0,292
17299.0,29,12,3,4,48,0,292
17300.0,29,12,3,4,48,0,292
17301.0,29,12,3,4,48,0,292
17302.0,29,12,3,4,48,0,292
17303.0,29,12,3,4,48,0,292
17304.0,29,12,3,4,48,0,292
17305.0,29,12,3,4,48,0,292
17306.0,29,12,3,4,48,0,292
17307.0,29,12,3,4,48,0,292
17308.0,29,12,3,4,48,0,292
17309.0,29,12,3,4,48,0,292
17310.0,29,12,3,4,48,0,292
17311.0,29,12,3,4,48,0,292
17312.0,29,12,3,4,48,0,292
17313.0,29,12,3,4,48,0,292
17314.0,29,12,3,4,48,0,292
17315.0,29,12,3,4,48,0,292
17316.0,29,12,3,4,48,0,292
17317.0,29,12,3,4,48,0,292
17318.0,29,12,3,4,48,0,292
17319.0,29,12,3,4,48,0,292
17320.0,29,12,3,4,48,0,292
17321.0,29,12,3,4,48,0,292
17322.0,29,12,3,4,48,0,292
17323.0,29,12,3,4,48,0,292
17324.0,29,12,3,4,48,0,292
17325.0,29,12,3,4,48,0,292
17326.0,29,12,3,4,48,0,292
17327.0,29,12,3,4,48,0,292
17328.0,29,12,3,4,48,0,292
17329.0,29,12,3,4,48,0,292
17330.0,29,12,3,4,48,0,292
17331.0,29,12,3,4,48,0,292
17332.0,29,12,3,4,48,0,292
17333.0,29,12,3,4,48,0,292
17334.0,29,12,3,4,48,0,292
17335.0,29,12,3,4,48,0,292
17336.0,29,12,3,4,48,0,292
17337.0,29,12,3,4,48,0,292
17338.0,29,12,3,4,48,0,292
17339.0,29,12,3,4,48,0,292
17340.0,29,12,3,4,48,0,292
17341.0,29,12,3,4,48,0,292
17342.0,29,12,3,4,48,0,292
17343.0,29,12,3,4,48,0,292
17344.0,29,12,3,4,48,0,292
17345.0,29,12,3,4,48,0,292
17346.0,29,12,3,4,48,0,292
17347.0,29,12,3,4,48,0,292
17348.0,29,12,3,4,48,0,292
17349.0,29,12,3,4,48,0,292
17350.0,29,12,3,4,48,0,292
17351.0,29,12,3,4,48,0,292
17352.0,29,12,3,4,48,0,292
17353.0,29,12,3,4,48,0,292
17354.0,29,12,3,4,48,0,292
17355.0,29,12,3,4,48,0,292
17356.0,29,12,3,4,48,0,292
17357.0,29,12,3,4,48,0,292
17358.0,29,12,3,4,48,0,292
17359.0,29,12,3,4,48,0,292
17360.0,29,12,3,4,48,0,292
17361.0,29,12,3,4,48,0,292
17362.0,29,12,3,4,48,0,292
17363.0,29,12,3,4,48,0,292
17364.0,29,12,3,4,48,0,292
17365.0,29,12,3,4,48,0,292
17366.0,29,12,3,4,48,0,292
17367.0,29,12,3,4,48,0,292
17368.0,29,12,3,4,48,0,292
17369.0,29,12,3,4,48,0,292
17370.0,29,12,3,4,48,0,292
17371.0,29,12,3,4,48,0,292
17372.0,29,12,3,4,48,0,292
17373.0,29,12,3,4,48,0,292
17374.0,29,12,3,4,48,0,292
17375.0,29,12,3,4,48,0,292
17376.0,29,12,3,4,48,0,292
17377.0,29,12,3,4,48,0,292
17378.0,29,12,3,4,48,0,292
17379.0,29,12,3,4,48,0,292
17380.0,29,12,3,4,48,0,292
17381.0,29,12,3,4,48,0,292
17382.0,29,12,3,4,48,0,292
17383.0,29,12,3,4,48,0,292
17384.0,29,12,3,4,48,0,292
17385.0,29,12,3,4,48,0,292
17386.0,29,12,3,4,48,0,292
17387.0,29,12,3,4,48,0,292
17388.0,29,12,3,4,48,0,292
17389.0,29,12,3,4,48,0,292
17390.0,29,12,3,4,48,0,292
17391.0,29,12,3,4,48,0,292
17392.0,29,12,3,4,48,0,292
17393.0,29,12,3,4,48,0,292
17394.0,29,12,3,4,48,0,292
17395.0,29,12,3,4,48,0,292
17396.0,29,12,3,4,48,0,292
17397.0,29,12,3,4,48,0,292
17398.0,29,12,3,4,48,0,292
17399.0,29,12,3,4,48,0,292
17400.0,29,12,3,4,48,0,292
17401.0,29,12,3,4,48,0,292
17402.0,29,12,3,4,48,0,292
17403.0,29,12,3,4,48,0,292
17404.0,29,12,3,4,48,0,292
17405.0,29,12,3,4,48,0,292
17406.0,29,12,3,4,48,0,292
17407.0,29,12,3,4,48,0,292
17408.0,29,12,3,4,48,0,292
17409.0,29,12,3,4,48,0,292
17410.0,29,12,3,4,48,0,292
17411.0,29,12,3,4,48,0,292
17412.0,29,12,3,4,48,0,292
17413.0,29,12,3,4,48,0,292
17414.0,29,12,3,4,48,0,292
17415.0,29,12,3,4,48,0,292
17416.0,29,12,3,4,48,0,292
17417.0,29,12,3,4,48,0,292
17418.0,29,12,3,4,48,0,292
17419.0,29,12,3,4,48,0,292
17420.0,29,12,3,4,48,0,292
17421.0,29,12,3,4,48,0,292
17422.0,29,12,3,4,48,0,292
17423.0,29,12,3,4,48,0,292
17424.0,29,12,3,4,48,0,292
17425.0,29,12,3,4,48,0,292
17426.0,29,12,3,4,48,0,292
17427.0,29,12,3,4,48,0,292
17428.0,29,12,3,4,48,0,292
17429.0,29,12,3,4,48,0,292
17430.0,29,12,3,4,48,0,292
17431.0,29,12,3,4,48,0,292
17432.0,29,12,3,4,48,0,292
17433.0,29,12,3,4,48,0,292
17434.0,29,12,3,4,48,0,292
17435.0,29,12,3,4,48,0,292
17436.0,29,12,3,4,48,0,292
17437.0,29,12,3,4,48,0,292
17438.0,29,12,3,4,48,0,292
17439.0,29,12,3,4,48,0,292
17440.0,29,12,3,4,48,0,292
17441.0,29,12,3,4,48,0,292
17442.0,29,12,3,4,48,0,292
17443.0,29,12,3,4,48,0,292
17444.0,29,12,3,4,48,0,292
17445.0,29,12,3,4,48,0,292
17446.0,29,12,3,4,48,0,292
17447.0,29,12,3,4,48,0,292
17448.0,29,12,3,4,48,0,292
17449.0,29,12,3,4,48,0,292
17450.0,29,12,3,4,48,0,292
17451.0,29,12,3,4,48,0,292
17452.0,29,12,3,4,48,0,292
17453.0,29,12,3,4,48,0,292
17454.0,29,12,3,4,48,0,292
17455.0,29,12,3,4,48,0,292
17456.0,29,12,3,4,48,0,292
17457.0,29,12,3,4,48,0,292
17458.0,29,12,3,4,48,0,292
17459.0,29,12,3,4,48,0,292
17460.0,29,12,3,4,48,0,292
17461.0,29,12,3,4,48,0,292
17462.0,29,12,3,4,48,0,292
17463.0,29,12,3,4,48,0,292
17464.0,29,12,3,4,48,0,292
17465.0,29,12,3,4,48,0,292
17466.0,29,12,3,4,48,0,292
17467.0,29,12,3,4,48,0,292
17468.0,29,12,3,4,48,0,292
17469.0,29,12,3,4,48,0,292
17470.0,29,12,3,4,48,0,292
17471.0,29,12,3,4,48,0,292
17472.0,29,12,3,4,48,0,292
17473.0,29,12,3,4,48,0,292
17474.0,29,12,3,4,48,0,292
17475.0,29,12,3,4,48,0,292
17476.0,29,12,3,4,48,0,292
17477.0,29,12,3,4,48,0,292
17478.0,29,12,3,4,48,0,292
17479.0,29,12,3,4,48,0,292
17480.0,29,12,3,4,48,0,292
17481.0,29,12,3,4,48,0,292
17482.0,29,12,3,4,48,0,292
17483.0,29,12,3,4,48,0,292
17484.0,29,12,3,4,48,0,292
17485.0,29,12,3,4,48,0,292
17486.0,29,12,3,4,48,0,292
17487.0,29,12,3,4,48,0,292
17488.0,29,12,3,4,48,0,292
17489.0,29,12,3,4,48,0,292
17490.0,29,12,3,4,48,0,292
17491.0,29,12,3,4,48,0,292
17492.0,29,12,3,4,48,0,292
17493.0,29,12,3,4,48,0,292
17494.0,29,12,3,4,48,0,292
17495.0,29,12,3,4,48,0,292
17496.0,29,12,3,4,48,0,292
17497.0,29,12,3,4,48,0,292
17498.0,29,12,3,4,48,0,292
17499.0,29,12,3,4,48,0,292
17500.0,29,12,3,4,48,0,292
17501.0,29,12,3,4,48,0,292
17502.0,29,12,3,4,48,0,292
17503.0,29,12,3,4,48,0,292
17504.0,29,12,3,4,48,0,292
17505.0,29,12,3,4,48,0,292
17506.0,29,12,3,4,48,0,292
17507.0,29,12,3,4,48,0,292
17508.0,29,12,3,4,48,0,292
17509.0,29,12,3,4,48,0,292
17510.0,29,12,3,4,48,0,292
17511.0,29,12,3,4,48,0,292
17512.0,29,12,3,4,48,0,292
17513.0,29,12,3,4,48,0,292
17514.0,29,12,3,4,48,0,292
17515.0,29,12,3,4,48,0,292
17516.0,29,12,3,4,48,0,292
17517.0,29,12,3,4,48,0,292
17518.0,29,12,3,4,48,0,292
17519.0,29,12,3,4,48,0,292
17520.0,29,12,3,4,48,0,292
17521.0,29,12,3,4,48,0,292
17522.0,29,12,3,4,48,0,292
17523.0,29,12,3,4,48,0,292
17524.0,29,12,3,4,48,0,292
17525.0,29,12,3,4,48,0,292
17526.0,29,12,3,4,48,0,292
17527.0,29,12,3,4,48,0,292
17528.0,29,12,3,4,48,0,292
17529.0,29,12,3,4,48,0,292
17530.0,29,12,3,4,48,0,292
17531.0,29,12,3,4,48,0,292
17532.0,29,12,3,4,48,0,292
17533.0,29,12,3,4,48,0,292
17534.0,29,12,3,4,48,0,292
17535.0,29,12,3,4,48,0,292
17536.0,29,12,3,4,48,0,292
17537.0,29,12,3,4,48,0,292
17538.0,29,12,3,4,48,0,292
17539.0,29,12,3,4,48,0,292
17540.0,29,12,3,4,48,0,292
17541.0,29,12,3,4,48,0,292
17542.0,29,12,3,4,48,0,292
17543.0,29,12,3,4,48,0,292
17544.0,29,12,3,4,48,0,292
17545.0,29,12,3,4,48,0,292
17546.0,29,12,3,4,48,0,292
17547.0,29,12,3,4,48,0,292
17548.0,29,12,3,4,48,0,292
17549.0,29,12,3,4,48,0,292
17550.0,29,12,3,4,48,0,292
17551.0,29,12,3,4,48,0,292
17552.0,29,12,3,4,48,0,292
17553.0,29,12,3,4,48,0,292
17554.0,29,12,3,4,48,0,292
17555.0,29,12,3,4,48,0,292
17556.0,29,12,3,4,48,0,292
17557.0,29,12,3,4,48,0,292
17558.0,29,12,3,4,48,0,292
17559.0,29,12,3,4,48,0,292
17560.0,29,12,3,4,48,0,292
17561.0,29,12,3,4,48,0,292
17562.0,29,12,3,4,48,0,292
17563.0,29,12,3,4,48,0,292
17564.0,29,12,3,4,48,0,292
17565.0,29,12,3,4,48,0,292
17566.0,29,12,3,4,48,0,292
17567.0,29,12,3,4,48,0,292
17568.0,29,12,3,4,48,0,292
17569.0,29,12,3,4,48,0,292
17570.0,29,12,3,4,48,0,292
17571.0,29,12,3,4,48,0,292
17572.0,29,12,3,4,48,0,292
17573.0,29,12,3,4,48,0,292
17574.0,29,12,3,4,48,0,292
17575.0,29,12,3,4,48,0,292
17576.0,29,12,3,4,48,0,292
17577.0,29,12,3,4,48,0,292
17578.0,29,12,3,4,48,0,292
17579.0,29,12,3,4,48,0,292
17580.0,29,12,3,4,48,0,292
17581.0,29,12,3,4,48,0,292
17582.0,29,12,3,4,48,0,292
17583.0,29,12,3,4,48,0,292
17584.0,29,12,3,4,48,0,292
17585.0,29,12,3,4,48,0,292
17586.0,29,12,3,4,48,0,292
17587.0,29,12,3,4,48,0,292
17588.0,29,12,3,4,48,0,292
17589.0,29,12,3,4,48,0,292
17590.0,29,12,3,4,48,0,292
17591.0,29,12,3,4,48,0,292
17592.0,29,12,3,4,48,0,292
17593.0,29,12,3,4,48,0,292
17594.0,29,12,3,4,48,0,292
17595.0,29,12,3,4,48,0,292
17596.0,29,12,3,4,48,0,292
17597.0,29,12,3,4,48,0,292
17598.0,29,12,3,4,48,0,292
17599.0,29,12,3,4,48,0,292
17600.0,29,12,3,4,48,0,292
17601.0,29,12,3,4,48,0,292
17602.0,29,12,3,4,48,0,292
17603.0,29,12,3,4,48,0,292
17604.0,29,12,3,4,48,0,292
17605.0,29,12,3,4,48,0,292
17606.0,29,12,3,4,48,0,292
17607.0,29,12,3,4,48,0,292
17608.0,29,12,3,4,48,0,292
17609.0,29,12,3,4,48,0,292
17610.0,29,12,3,4,48,0,292
17611.0,29,12,3,4,48,0,292
17612.0,29,12,3,4,48,0,292
17613.0,29,12,3,4,48,0,292
17614.0,29,12,3,4,48,0,292
17615.0,29,12,3,4,48,0,292
17616.0,29,12,3,4,48,0,292
17617.0,29,12,3,4,48,0,292
17618.0,29,12,3,4,48,0,292
17619.0,29,12,3,4,48,0,292
17620.0,29,12,3,4,48,0,292
17621.0,29,12,3,4,48,0,292
17622.0,29,12,3,4,48,0,292
17623.0,29,12,3,4,48,0,292
17624.0,29,12,3,4,48,0,292
17625.0,29,12,3,4,48,0,292
17626.0,29,12,3,4,48,0,292
17627.0,29,12,3,4,48,0,292
17628.0,29,12,3,4,48,0,292
17629.0,29,12,3,4,48,0,292
17630.0,29,12,3,4,48,0,292
17631.0,29,12,3,4,48,0,292
17632.0,29,12,3,4,48,0,292
17633.0,29,12,3,4,48,0,292
17634.0,29,12,3,4,48,0,292
17635.0,29,12,3,4,48,0,292
17636.0,29,12,3,4,48,0,292
17637.0,29,12,3,4,48,0,292
17638.0,29,12,3,4,48,0,292
17639.0,29,12,3,4,48,0,292
17640.0,29,12,3,4,48,0,292
17641.0,29,12,3,4,48,0,292
17642.0,29,12,3,4,48,0,292
17643.0,29,12,3,4,48,0,292
17644.0,29,12,3,4,48,0,292
17645.0,29,12,3,4,48,0,292
17646.0,29,12,3,4,48,0,292
17647.0,29,12,3,4,48,0,292
17648.0,29,12,3,4,48,0,292
17649.0,29,12,3,4,48,0,292
17650.0,29,12,3,4,48,0,292
17651.0,29,12,3,4,48,0,292
17652.0,29,12,3,4,48,0,292
17653.0,29,12,3,4,48,0,292
17654.0,29,12,3,4,48,0,292
17655.0,29,12,3,4,48,0,292
17656.0,29,12,3,4,48,0,292
17657.0,29,12,3,4,48,0,292
17658.0,29,12,3,4,48,0,292
17659.0,29,12,3,4,48,0,292
17660.0,29,12,3,4,48,0,292
17661.0,29,12,3,4,48,0,292
17662.0,29,12,3,4,48,0,292
17663.0,29,12,3,4,48,0,292
17664.0,29,12,3,4,48,0,292
17665.0,29,12,3,4,48,0,292
17666.0,29,12,3,4,48,0,292
17667.0,29,12,3,4,48,0,292
17668.0,29,12,3,4,48,0,292
17669.0,29,12,3,4,48,0,292
17670.0,29,12,3,4,48,0,292
17671.0,29,12,3,4,48,0,292
17672.0,29,12,3,4,48,0,292
17673.0,29,12,3,4,48,0,292
17674.0,29,12,3,4,48,0,292
17675.0,29,12,3,4,48,0,292
17676.0,29,12,3,4,48,0,292
17677.0,29,12,3,4,48,0,292
17678.0,29,12,3,4,48,0,292
17679.0,29,12,3,4,48,0,292
17680.0,29,12,3,4,48,0,292
17681.0,29,12,3,4,48,0,292
17682.0,29,12,3,4,48,0,292
17683.0,29,12,3,4,48,0,292
17684.0,29,12,3,4,48,0,292
17685.0,29,12,3,4,48,0,292
17686.0,29,12,3,4,48,0,292
17687.0,29,12,3,4,48,0,292
17688.0,29,12,3,4,48,0,292
17689.0,29,12,3,4,48,0,292
17690.0,29,12,3,4,48,0,292
17691.0,29,12,3,4,48,0,292
17692.0,29,12,3,4,48,0,292
17693.0,29,12,3,4,48,0,292
17694.0,29,12,3,4,48,0,292
17695.0,29,12,3,4,48,0,292
17696.0,29,12,3,4,48,0,292
17697.0,29,12,3,4,48,0,292
17698.0,29,12,3,4,48,0,292
17699.0,29,12,3,4,48,0,292
17700.0,29,12,3,4,48,0,292
17701.0,29,12,3,4,48,0,292
17702.0,29,12,3,4,48,0,292
17703.0,29,12,3,4,48,0,292
17704.0,29,12,3,4,48,0,292
17705.0,29,12,3,4,48,0,292
17706.0,29,12,3,4,48,0,292
17707.0,29,12,3,4,48,0,292
17708.0,29,12,3,4,48,0,292
17709.0,29,12,3,4,48,0,292
17710.0,29,12,3,4,48,0,292
17711.0,29,12,3,4,48,0,292
17712.0,29,12,3,4,48,0,292
17713.0,29,12,3,4,48,0,292
17714.0,29,12,3,4,48,0,292
17715.0,29,12,3,4,48,0,292
17716.0,29,12,3,4,48,0,292
17717.0,29,12,3,4,48,0,292
17718.0,29,12,3,4,48,0,292
17719.0,29,12,3,4,48,0,292
17720.0,29,12,3,4,48,0,292
17721.0,29,12,3,4,48,0,292
17722.0,29,12,3,4,48,0,292
17723.0,29,12,3,4,48,0,292
17724.0,29,12,3,4,48,0,292
17725.0,29,12,3,4,48,0,292
17726.0,29,12,3,4,48,0,292
17727.0,29,12,3,4,48,0,292
17728.0,29,12,3,4,48,0,292
17729.0,29,12,3,4,48,0,292
17730.0,29,12,3,4,48,0,292
17731.0,29,12,3,4,48,0,292
17732.0,29,12,3,4,48,0,292
17733.0,29,12,3,4,48,0,292
17734.0,29,12,3,4,48,0,292
17735.0,29,12,3,4,48,0,292
17736.0,29,12,3,4,48,0,292
17737.0,29,12,3,4,48,0,292
17738.0,29,12,3,4,48,0,292
17739.0,29,12,3,4,48,0,292
17740.0,29,12,3,4,48,0,292
17741.0,29,12,3,4,48,0,292
17742.0,29,12,3,4,48,0,292
17743.0,29,12,3,4,48,0,292
17744.0,29,12,3,4,48,0,292
17745.0,29,12,3,4,48,0,292
17746.0,29,12,3,4,48,0,292
17747.0,29,12,3,4,48,0,292
17748.0,29,12,3,4,48,0,292
17749.0,29,12,3,4,48,0,292
17750.0,29,12,3,4,48,0,292
17751.0,29,12,3,4,48,0,292
17752.0,29,12,3,4,48,0,292
17753.0,29,12,3,4,48,0,292
17754.0,29,12,3,4,48,0,292
17755.0,29,12,3,4,48,0,292
17756.0,29,12,3,4,48,0,292
17757.0,29,12,3,4,48,0,292
17758.0,29,12,3,4,48,0,292
17759.0,29,12,3,4,48,0,292
17760.0,29,12,3,4,48,0,292
17761.0,29,12,3,4,48,0,292
17762.0,29,12,3,4,48,0,292
17763.0,29,12,3,4,48,0,292
17764.0,29,12,3,4,48,0,292
17765.0,29,12,3,4,48,0,292
17766.0,29,12,3,4,48,0,292
17767.0,29,12,3,4,48,0,292
17768.0,29,12,3,4,48,0,292
17769.0,29,12,3,4,48,0,292
17770.0,29,12,3,4,48,0,292
17771.0,29,12,3,4,48,0,292
17772.0,29,12,3,4,48,0,292
17773.0,29,12,3,4,48,0,292
17774.0,29,12,3,4,48,0,292
17775.0,29,12,3,4,48,0,292
17776.0,29,12,3,4,48,0,292
17777.0,29,12,3,4,48,0,292
17778.0,29,12,3,4,48,0,292
17779.0,29,12,3,4,48,0,292
17780.0,29,12,3,4,48,0,292
17781.0,29,12,3,4,48,0,292
17782.0,29,12,3,4,48,0,292
17783.0,29,12,3,4,48,0,292
17784.0,29,12,3,4,48,0,292
17785.0,29,12,3,4,48,0,292
17786.0,29,12,3,4,48,0,292
17787.0,29,12,3,4,48,0,292
17788.0,29,12,3,4,48,0,292
17789.0,29,12,3,4,48,0,292
17790.0,29,12,3,4,48,0,292
17791.0,29,12,3,4,48,0,292
17792.0,29,12,3,4,48,0,292
17793.0,29,12,3,4,48,0,292
17794.0,29,12,3,4,48,0,292
17795.0,29,12,3,4,48,0,292
17796.0,29,12,3,4,48,0,292
17797.0,29,12,3,4,48,0,292
17798.0,29,12,3,4,48,0,292
17799.0,29,12,3,4,48,0,292
17800.0,29,12,3,4,48,0,292
17801.0,29,12,3,4,48,0,292
17802.0,29,12,3,4,48,0,292
17803.0,29,12,3,4,48,0,292
17804.0,29,12,3,4,48,0,292
17805.0,29,12,3,4,48,0,292
17806.0,29,12,3,4,48,0,292
17807.0,29,12,3,4,48,0,292
17808.0,29,12,3,4,48,0,292
17809.0,29,12,3,4,48,0,292
17810.0,29,12,3,4,48,0,292
17811.0,29,12,3,4,48,0,292
17812.0,29,12,3,4,48,0,292
17813.0,29,12,3,4,48,0,292
17814.0,29,12,3,4,48,0,292
17815.0,29,12,3,4,48,0,292
17816.0,29,12,3,4,48,0,292
17817.0,29,12,3,4,48,0,292
17818.0,29,12,3,4,48,0,292
17819.0,29,12,3,4,48,0,292
17820.0,29,12,3,4,48,0,292
17821.0,29,12,3,4,48,0,292
17822.0,29,12,3,4,48,0,292
17823.0,29,12,3,4,48,0,292
17824.0,29,12,3,4,48,0,292
17825.0,29,12,3,4,48,0,292
17826.0,29,12,3,4,48,0,292
17827.0,29,12,3,4,48,0,292
17828.0,29,12,3,4,48,0,292
17829.0,29,12,3,4,48,0,292
17830.0,29,12,3,4,48,0,292
17831.0,29,12,3,4,48,0,292
17832.0,29,12,3,4,48,0,292
17833.0,29,12,3,4,48,0,292
17834.0,29,12,3,4,48,0,292
17835.0,29,12,3,4,48,0,292
17836.0,29,12,3,4,48,0,292
17837.0,29,12,3,4,48,0,292
17838.0,29,12,3,4,48,0,292
17839.0,29,12,3,4,48,0,292
17840.0,29,12,3,4,48,0,292
17841.0,29,12,3,4,48,0,292
17842.0,29,12,3,4,48,0,292
17843.0,29,12,3,4,48,0,292
17844.0,29,12,3,4,48,0,292
17845.0,29,12,3,4,48,0,292
17846.0,29,12,3,4,48,0,292
17847.0,29,12,3,4,48,0,292
17848.0,29,12,3,4,48,0,292
17849.0,29,12,3,4,48,0,292
17850.0,29,12,3,4,48,0,292
17851.0,29,12,3,4,48,0,292
17852.0,29,12,3,4,48,0,292
17853.0,29,12,3,4,48,0,292
17854.0,29,12,3,4,48,0,292
17855.0,29,12,3,4,48,0,292
17856.0,29,12,3,4,48,0,292
17857.0,29,12,3,4,48,0,292
17858.0,29,12,3,4,48,0,292
17859.0,29,12,3,4,48,0,292
17860.0,29,12,3,4,48,0,292
17861.0,29,12,3,4,48,0,292
17862.0,29,12,3,4,48,0,292
17863.0,29,12,3,4,48,0,292
17864.0,29,12,3,4,48,0,292
17865.0,29,12,3,4,48,0,292
17866.0,29,12,3,4,48,0,292
17867.0,29,12,3,4,48,0,292
17868.0,29,12,3,4,48,0,292
17869.0,29,12,3,4,48,0,292
17870.0,29,12,3,4,48,0,292
17871.0,29,12,3,4,48,0,292
17872.0,29,12,3,4,48,0,292
17873.0,29,12,3,4,48,0,292
17874.0,29,12,3,4,48,0,292
17875.0,29,12,3,4,48,0,292
17876.0,29,12,3,4,48,0,292
17877.0,29,12,3,4,48,0,292
17878.0,29,12,3,4,48,0,292
17879.0,29,12,3,4,48,0,292
17880.0,29,12,3,4,48,0,292
17881.0,29,12,3,4,48,0,292
17882.0,29,12,3,4,48,0,292
17883.0,29,12,3,4,48,0,292
17884.0,29,12,3,4,48,0,292
17885.0,29,12,3,4,48,0,292
17886.0,29,12,3,4,48,0,292
17887.0,29,12,3,4,48,0,292
17888.0,29,12,3,4,48,0,292
17889.0,29,12,3,4,48,0,292
17890.0,29,12,3,4,48,0,292
17891.0,29,12,3,4,48,0,292
17892.0,29,12,3,4,48,0,292
17893.0,29,12,3,4,48,0,292
17894.0,29,12,3,4,48,0,292
17895.0,29,12,3,4,48,0,292
17896.0,29,12,3,4,48,0,292
17897.0,29,12,3,4,48,0,292
17898.0,29,12,3,4,48,0,292
17899.0,29,12,3,4,48,0,292
17900.0,29,12,3,4,48,0,292
17901.0,29,12,3,4,48,0,292
17902.0,29,12,3,4,48,0,292
17903.0,29,12,3,4,48,0,292
17904.0,29,12,3,4,48,0,292
17905.0,29,12,3,4,48,0,292
17906.0,29,12,3,4,48,0,292
17907.0,29,12,3,4,48,0,292
17908.0,29,12,3,4,48,0,292
17909.0,29,12,3,4,48,0,292
17910.0,29,12,3,4,48,0,292
17911.0,29,12,3,4,48,0,292
17912.0,29,12,3,4,48,0,292
17913.0,29,12,3,4,48,0,292
17914.0,29,12,3,4,48,0,292
17915.0,29,12,3,4,48,0,292
17916.0,29,12,3,4,48,0,292
17917.0,29,12,3,4,48,0,292
17918.0,29,12,3,4,48,0,292
17919.0,29,12,3,4,48,0,292
17920.0,29,12,3,4,48,0,292
17921.0,29,12,3,4,48,0,292
17922.0,29,12,3,4,48,0,292
17923.0,29,12,3,4,48,0,292
17924.0,29,12,3,4,48,0,292
17925.0,29,12,3,4,48,0,292
17926.0,29,12,3,4,48,0,292
17927.0,29,12,3,4,48,0,292
17928.0,29,12,3,4,48,0,292
17929.0,29,12,3,4,48,0,292
17930.0,29,12,3,4,48,0,292
17931.0,29,12,3,4,48,0,292
17932.0,29,12,3,4,48,0,292
17933.0,29,12,3,4,48,0,292
17934.0,29,12,3,4,48,0,292
17935.0,29,12,3,4,48,0,292
17936.0,29,12,3,4,48,0,292
17937.0,29,12,3,4,48,0,292
17938.0,29,12,3,4,48,0,292
17939.0,29,12,3,4,48,0,292
17940.0,29,12,3,4,48,0,292
17941.0,29,12,3,4,48,0,292
17942.0,29,12,3,4,48,0,292
17943.0,29,12,3,4,48,0,292
17944.0,29,12,3,4,48,0,292
17945.0,29,12,3,4,48,0,292
17946.0,29,12,3,4,48,0,292
17947.0,29,12,3,4,48,0,292
17948.0,29,12,3,4,48,0,292
17949.0,29,12,3,4,48,0,292
17950.0,29,12,3,4,48,0,292
17951.0,29,12,3,4,48,0,292
17952.0,29,12,3,4,48,0,292
17953.0,29,12,3,4,48,0,292
17954.0,29,12,3,4,48,0,292
17955.0,29,12,3,4,48,0,292
17956.0,29,12,3,4,48,0,292
17957.0,29,12,3,4,48,0,292
17958.0,29,12,3,4,48,0,292
17959.0,29,12,3,4,48,0,292
17960.0,29,12,3,4,48,0,292
17961.0,29,12,3,4,48,0,292
17962.0,29,12,3,4,48,0,292
17963.0,29,12,3,4,48,0,292
17964.0,29,12,3,4,48,0,292
17965.0,29,12,3,4,48,0,292
17966.0,29,12,3,4,48,0,292
17967.0,29,12,3,4,48,0,292
17968.0,29,12,3,4,48,0,292
17969.0,29,12,3,4,48,0,292
17970.0,29,12,3,4,48,0,292
17971.0,29,12,3,4,48,0,292
17972.0,29,12,3,4,48,0,292
17973.0,29,12,3,4,48,0,292
17974.0,29,12,3,4,48,0,292
17975.0,29,12,3,4,48,0,292
17976.0,29,12,3,4,48,0,292
17977.0,29,12,3,4,48,0,292
17978.0,29,12,3,4,48,0,292
17979.0,29,12,3,4,48,0,292
17980.0,29,12,3,4,48,0,292
17981.0,29,12,3,4,48,0,292
17982.0,29,12,3,4,48,0,292
17983.0,29,12,3,4,48,0,292
17984.0,29,12,3,4,48,0,292
17985.0,29,12,3,4,48,0,292
17986.0,29,12,3,4,48,0,292
17987.0,29,12,3,4,48,0,292
17988.0,29,12,3,4,48,0,292
17989.0,29,12,3,4,48,0,292
17990.0,29,12,3,4,48,0,292
17991.0,29,12,3,4,48,0,292
17992.0,29,12,3,4,48,0,292
17993.0,29,12,3,4,48,0,292
17994.0,29,12,3,4,48,0,292
17995.0,29,12,3,4,48,0,292
17996.0,29,12,3,4,48,0,292
17997.0,29,12,3,4,48,0,292
17998.0,29,12,3,4,48,0,292
17999.0,29,12,3,4,48,0,292
18000.0,29,12,3,4,48,0,292
18001.0,29,12,3,4,48,0,292
18002.0,29,12,3,4,48,0,292
18003.0,29,12,3,4,48,0,292
18004.0,29,12,3,4,48,0,292
18005.0,29,12,3,4,48,0,292
18006.0,29,12,3,4,48,0,292
18007.0,29,12,3,4,48,0,292
18008.0,29,12,3,4,48,0,292
18009.0,29,12,3,4,48,0,292
18010.0,29,12,3,4,48,0,292
18011.0,29,12,3,4,48,0,292
18012.0,29,12,3,4,48,0,292
18013.0,29,12,3,4,48,0,292
18014.0,29,12,3,4,48,0,292
18015.0,29,12,3,4,48,0,292
18016.0,29,12,3,4,48,0,292
18017.0,29,12,3,4,48,0,292
18018.0,29,12,3,4,48,0,292
18019.0,29,12,3,4,48,0,292
18020.0,29,12,3,4,48,0,292
18021.0,29,12,3,4,48,0,292
18022.0,29,12,3,4,48,0,292
18023.0,29,12,3,4,48,0,292
18024.0,29,12,3,4,48,0,292
18025.0,29,12,3,4,48,0,292
18026.0,29,12,3,4,48,0,292
18027.0,29,12,3,4,48,0,292
18028.0,29,12,3,4,48,0,292
18029.0,29,12,3,4,48,0,292
18030.0,29,12,3,4,48,0,292
18031.0,29,12,3,4,48,0,292
18032.0,29,12,3,4,48,0,292
18033.0,29,12,3,4,48,0,292
18034.0,29,12,3,4,48,0,292
18035.0,29,12,3,4,48,0,292
18036.0,29,12,3,4,48,0,292
18037.0,29,12,3,4,48,0,292
18038.0,29,12,3,4,48,0,292
18039.0,29,12,3,4,48,0,292
18040.0,29,12,3,4,48,0,292
18041.0,29,12,3,4,48,0,292
18042.0,29,12,3,4,48,0,292
18043.0,29,12,3,4,48,0,292
18044.0,29,12,3,4,48,0,292
18045.0,29,12,3,4,48,0,292
18046.0,29,12,3,4,48,0,292
18047.0,29,12,3,4,48,0,292
18048.0,29,12,3,4,48,0,292
18049.0,29,12,3,4,48,0,292
18050.0,29,12,3,4,48,0,292
18051.0,29,12,3,4,48,0,292
18052.0,29,12,3,4,48,0,292
18053.0,29,12,3,4,48,0,292
18054.0,29,12,3,4,48,0,292
18055.0,29,12,3,4,48,0,292
18056.0,29,12,3,4,48,0,292
18057.0,29,12,3,4,48,0,292
18058.0,29,12,3,4,48,0,292
18059.0,29,12,3,4,48,0,292
18060.0,29,12,3,4,48,0,292
18061.0,29,12,3,4,48,0,292
18062.0,29,12,3,4,48,0,292
18063.0,29,12,3,4,48,0,292
18064.0,29,12,3,4,48,0,292
18065.0,29,12,3,4,48,0,292
18066.0,29,12,3,4,48,0,292
18067.0,29,12,3,4,48,0,292
18068.0,29,12,3,4,48,0,292
18069.0,29,12,3,4,48,0,292
18070.0,29,12,3,4,48,0,292
18071.0,29,12,3,4,48,0,292
18072.0,29,12,3,4,48,0,292
18073.0,29,12,3,4,48,0,292
18074.0,29,12,3,4,48,0,292
18075.0,29,12,3,4,48,0,292
18076.0,29,12,3,4,48,0,292
18077.0,29,12,3,4,48,0,292
18078.0,29,12,3,4,48,0,292
18079.0,29,12,3,4,48,0,292
18080.0,29,12,3,4,48,0,292
18081.0,29,12,3,4,48,0,292
18082.0,29,12,3,4,48,0,292
18083.0,29,12,3,4,48,0,292
18084.0,29,12,3,4,48,0,292
18085.0,29,12,3,4,48,0,292
18086.0,29,12,3,4,48,0,292
18087.0,29,12,3,4,48,0,292
18088.0,29,12,3,4,48,0,292
18089.0,29,12,3,4,48,0,292
18090.0,29,12,3,4,48,0,292
18091.0,29,12,3,4,48,0,292
18092.0,29,12,3,4,48,0,292
18093.0,29,12,3,4,48,0,292
18094.0,29,12,3,4,48,0,292
18095.0,29,12,3,4,48,0,292
18096.0,29,12,3,4,48,0,292
18097.0,29,12,3,4,48,0,292
18098.0,29,12,3,4,48,0,292
18099.0,29,12,3,4,48,0,292
18100.0,29,12,3,4,48,0,292
18101.0,29,12,3,4,48,0,292
18102.0,29,12,3,4,48,0,292
18103.0,29,12,3,4,48,0,292
18104.0,29,12,3,4,48,0,292
18105.0,29,12,3,4,48,0,292
18106.0,29,12,3,4,48,0,292
18107.0,29,12,3,4,48,0,292
18108.0,29,12,3,4,48,0,292
18109.0,29,12,3,4,48,0,292
18110.0,29,12,3,4,48,0,292
18111.0,29,12,3,4,48,0,292
18112.0,29,12,3,4,48,0,292
18113.0,29,12,3,4,48,0,292
18114.0,29,12,3,4,48,0,292
18115.0,29,12,3,4,48,0,292
18116.0,29,12,3,4,48,0,292
18117.0,29,12,3,4,48,0,292
18118.0,29,12,3,4,48,0,292
18119.0,29,12,3,4,48,0,292
18120.0,29,12,3,4,48,0,292
18121.0,29,12,3,4,48,0,292
18122.0,29,12,3,4,48,0,292
18123.0,29,12,3,4,48,0,292
18124.0,29,12,3,4,48,0,292
18125.0,29,12,3,4,48,0,292
18126.0,29,12,3,4,48,0,292
18127.0,29,12,3,4,48,0,292
18128.0,29,12,3,4,48,0,292
18129.0,29,12,3,4,48,0,292
18130.0,29,12,3,4,48,0,292
18131.0,29,12,3,4,48,0,292
18132.0,29,12,3,4,48,0,292
18133.0,29,12,3,4,48,0,292
18134.0,29,12,3,4,48,0,292
18135.0,29,12,3,4,48,0,292
18136.0,29,12,3,4,48,0,292
18137.0,29,12,3,4,48,0,292
18138.0,29,12,3,4,48,0,292
18139.0,29,12,3,4,48,0,292
18140.0,29,12,3,4,48,0,292
18141.0,29,12,3,4,48,0,292
18142.0,29,12,3,4,48,0,292
18143.0,29,12,3,4,48,0,292
18144.0,29,12,3,4,48,0,292
18145.0,29,12,3,4,48,0,292
18146.0,29,12,3,4,48,0,292
18147.0,29,12,3,4,48,0,292
18148.0,29,12,3,4,48,0,292
18149.0,29,12,3,4,48,0,292
18150.0,29,12,3,4,48,0,292
18151.0,29,12,3,4,48,0,292
18152.0,29,12,3,4,48,0,292
18153.0,29,12,3,4,48,0,292
18154.0,29,12,3,4,48,0,292
18155.0,29,12,3,4,48,0,292
18156.0,29,12,3,4,48,0,292
18157.0,29,12,3,4,48,0,292
18158.0,29,12,3,4,48,0,292
18159.0,29,12,3,4,48,0,292
18160.0,29,12,3,4,48,0,292
18161.0,29,12,3,4,48,0,292
18162.0,29,12,3,4,48,0,292
18163.0,29,12,3,4,48,0,292
18164.0,29,12,3,4,48,0,292
18165.0,29,12,3,4,48,0,292
18166.0,29,12,3,4,48,0,292
18167.0,29,12,3,4,48,0,292
18168.0,29,12,3,4,48,0,292
18169.0,29,12,3,4,48,0,292
18170.0,29,12,3,4,48,0,292
18171.0,29,12,3,4,48,0,292
18172.0,29,12,3,4,48,0,292
18173.0,29,12,3,4,48,0,292
18174.0,29,12,3,4,48,0,292
18175.0,29,12,3,4,48,0,292
18176.0,29,12,3,4,48,0,292
18177.0,29,12,3,4,48,0,292
18178.0,29,12,3,4,48,0,292
18179.0,29,12,3,4,48,0,292
18180.0,29,12,3,4,48,0,292
18181.0,29,12,3,4,48,0,292
18182.0,29,12,3,4,48,0,292
18183.0,29,12,3,4,48,0,292
18184.0,29,12,3,4,48,0,292
18185.0,29,12,3,4,48,0,292
18186.0,29,12,3,4,48,0,292
18187.0,29,12,3,4,48,0,292
18188.0,29,12,3,4,48,0,292
18189.0,29,12,3,4,48,0,292
18190.0,29,12,3,4,48,0,292
18191.0,29,12,3,4,48,0,292
18192.0,29,12,3,4,48,0,292
18193.0,29,12,3,4,48,0,292
18194.0,29,12,3,4,48,0,292
18195.0,29,12,3,4,48,0,292
18196.0,29,12,3,4,48,0,292
18197.0,29,12,3,4,48,0,292
18198.0,29,12,3,4,48,0,292
18199.0,29,12,3,4,48,0,292
18200.0,29,12,3,4,48,0,292
18201.0,29,12,3,4,48,0,292
18202.0,29,12,3,4,48,0,292
18203.0,29,12,3,4,48,0,292
18204.0,29,12,3,4,48,0,292
18205.0,29,12,3,4,48,0,292
18206.0,29,12,3,4,48,0,292
18207.0,29,12,3,4,48,0,292
18208.0,29,12,3,4,48,0,292
18209.0,29,12,3,4,48,0,292
18210.0,29,12,3,4,48,0,292
18211.0,29,12,3,4,48,0,292
18212.0,29,12,3,4,48,0,292
18213.0,29,12,3,4,48,0,292
18214.0,29,12,3,4,48,0,292
18215.0,29,12,3,4,48,0,292
18216.0,29,12,3,4,48,0,292
18217.0,29,12,3,4,48,0,292
18218.0,29,12,3,4,48,0,292
18219.0,29,12,3,4,48,0,292
18220.0,29,12,3,4,48,0,292
18221.0,29,12,3,4,48,0,292
18222.0,29,12,3,4,48,0,292
18223.0,29,12,3,4,48,0,292
18224.0,29,12,3,4,48,0,292
18225.0,29,12,3,4,48,0,292
18226.0,29,12,3,4,48,0,292
18227.0,29,12,3,4,48,0,292
18228.0,29,12,3,4,48,0,292
18229.0,29,12,3,4,48,0,292
18230.0,29,12,3,4,48,0,292
18231.0,29,12,3,4,48,0,292
18232.0,29,12,3,4,48,0,292
18233.0,29,12,3,4,48,0,292
18234.0,29,12,3,4,48,0,292
18235.0,29,12,3,4,48,0,292
18236.0,29,12,3,4,48,0,292
18237.0,29,12,3,4,48,0,292
18238.0,29,12,3,4,48,0,292
18239.0,29,12,3,4,48,0,292
18240.0,29,12,3,4,48,0,292
18241.0,29,12,3,4,48,0,292
18242.0,29,12,3,4,48,0,292
18243.0,29,12,3,4,48,0,292
18244.0,29,12,3,4,48,0,292
18245.0,29,12,3,4,48,0,292
18246.0,29,12,3,4,48,0,292
18247.0,29,12,3,4,48,0,292
18248.0,29,12,3,4,48,0,292
18249.0,29,12,3,4,48,0,292
18250.0,29,12,3,4,48,0,292
18251.0,29,12,3,4,48,0,292
18252.0,29,12,3,4,48,0,292
18253.0,29,12,3,4,48,0,292
18254.0,29,12,3,4,48,0,292
18255.0,29,12,3,4,48,0,292
18256.0,29,12,3,4,48,0,292
18257.0,29,12,3,4,48,0,292
18258.0,29,12,3,4,48,0,292
18259.0,29,12,3,4,48,0,292
18260.0,29,12,3,4,48,0,292
18261.0,29,12,3,4,48,0,292
18262.0,29,12,3,4,48,0,292
18263.0,29,12,3,4,48,0,292
18264.0,29,12,3,4,48,0,292
18265.0,29,12,3,4,48,0,292
18266.0,29,12,3,4,48,0,292
18267.0,29,12,3,4,48,0,292
18268.0,29,12,3,4,48,0,292
18269.0,29,12,3,4,48,0,292
18270.0,29,12,3,4,48,0,292
18271.0,29,12,3,4,48,0,292
18272.0,29,12,3,4,48,0,292
18273.0,29,12,3,4,48,0,292
18274.0,29,12,3,4,48,0,292
18275.0,29,12,3,4,48,0,292
18276.0,29,12,3,4,48,0,292
18277.0,29,12,3,4,48,0,292
18278.0,29,12,3,4,48,0,292
18279.0,29,12,3,4,48,0,292
18280.0,29,12,3,4,48,0,292
18281.0,29,12,3,4,48,0,292
18282.0,29,12,3,4,48,0,292
18283.0,29,12,3,4,48,0,292
18284.0,29,12,3,4,48,0,292
18285.0,29,12,3,4,48,0,292
18286.0,29,12,3,4,48,0,292
18287.0,29,12,3,4,48,0,292
18288.0,29,12,3,4,48,0,292
18289.0,29,12,3,4,48,0,292
18290.0,29,12,3,4,48,0,292
18291.0,29,12,3,4,48,0,292
18292.0,29,12,3,4,48,0,292
18293.0,29,12,3,4,48,0,292
18294.0,29,12,3,4,48,0,292
18295.0,29,12,3,4,48,0,292
18296.0,29,12,3,4,48,0,292
18297.0,29,12,3,4,48,0,292
18298.0,29,12,3,4,48,0,292
18299.0,29,12,3,4,48,0,292
18300.0,29,12,3,4,48,0,292
18301.0,29,12,3,4,48,0,292
18302.0,29,12,3,4,48,0,292
18303.0,29,12,3,4,48,0,292
18304.0,29,12,3,4,48,0,292
18305.0,29,12,3,4,48,0,292
18306.0,29,12,3,4,48,0,292
18307.0,29,12,3,4,48,0,292
18308.0,29,12,3,4,48,0,292
18309.0,29,12,3,4,48,0,292
18310.0,29,12,3,4,48,0,292
18311.0,29,12,3,4,48,0,292
18312.0,29,12,3,4,48,0,292
18313.0,29,12,3,4,48,0,292
18314.0,29,12,3,4,48,0,292
18315.0,29,12,3,4,48,0,292
18316.0,29,12,3,4,48,0,292
18317.0,29,12,3,4,48,0,292
18318.0,29,12,3,4,48,0,292
18319.0,29,12,3,4,48,0,292
18320.0,29,12,3,4,48,0,292
18321.0,29,12,3,4,48,0,292
18322.0,29,12,3,4,48,0,292
18323.0,29,12,3,4,48,0,292
18324.0,29,12,3,4,48,0,292
18325.0,29,12,3,4,48,0,292
18326.0,29,12,3,4,48,0,292
18327.0,29,12,3,4,48,0,292
18328.0,29,12,3,4,48,0,292
18329.0,29,12,3,4,48,0,292
18330.0,29,12,3,4,48,0,292
18331.0,29,12,3,4,48,0,292
18332.0,29,12,3,4,48,0,292
18333.0,29,12,3,4,48,0,292
18334.0,29,12,3,4,48,0,292
18335.0,29,12,3,4,48,0,292
18336.0,29,12,3,4,48,0,292
18337.0,29,12,3,4,48,0,292
18338.0,29,12,3,4,48,0,292
18339.0,29,12,3,4,48,0,292
18340.0,29,12,3,4,48,0,292
18341.0,29,12,3,4,48,0,292
18342.0,29,12,3,4,48,0,292
18343.0,29,12,3,4,48,0,292
18344.0,29,12,3,4,48,0,292
18345.0,29,12,3,4,48,0,292
18346.0,29,12,3,4,48,0,292
18347.0,29,12,3,4,48,0,292
18348.0,29,12,3,4,48,0,292
18349.0,29,12,3,4,48,0,292
18350.0,29,12,3,4,48,0,292
18351.0,29,12,3,4,48,0,292
18352.0,29,12,3,4,48,0,292
18353.0,29,12,3,4,48,0,292
18354.0,29,12,3,4,48,0,292
18355.0,29,12,3,4,48,0,292
18356.0,29,12,3,4,48,0,292
18357.0,29,12,3,4,48,0,292
18358.0,29,12,3,4,48,0,292
18359.0,29,12,3,4,48,0,292
18360.0,29,12,3,4,48,0,292
18361.0,29,12,3,4,48,0,292
18362.0,29,12,3,4,48,0,292
18363.0,29,12,3,4,48,0,292
18364.0,29,12,3,4,48,0,292
18365.0,29,12,3,4,48,0,292
18366.0,29,12,3,4,48,0,292
18367.0,29,12,3,4,48,0,292
18368.0,29,12,3,4,48,0,292
18369.0,29,12,3,4,48,0,292
18370.0,29,12,3,4,48,0,292
18371.0,29,12,3,4,48,0,292
18372.0,29,12,3,4,48,0,292
18373.0,29,12,3,4,48,0,292
18374.0,29,12,3,4,48,0,292
18375.0,29,12,3,4,48,0,292
18376.0,29,12,3,4,48,0,292
18377.0,29,12,3,4,48,0,292
18378.0,29,12,3,4,48,0,292
18379.0,29,12,3,4,48,0,292
18380.0,29,12,3,4,48,0,292
18381.0,29,12,3,4,48,0,292
18382.0,29,12,3,4,48,0,292
18383.0,29,12,3,4,48,0,292
18384.0,29,12,3,4,48,0,292
18385.0,29,12,3,4,48,0,292
18386.0,29,12,3,4,48,0,292
18387.0,29,12,3,4,48,0,292
18388.0,29,12,3,4,48,0,292
18389.0,29,12,3,4,48,0,292
18390.0,29,12,3,4,48,0,292
18391.0,29,12,3,4,48,0,292
18392.0,29,12,3,4,48,0,292
18393.0,29,12,3,4,48,0,292
18394.0,29,12,3,4,48,0,292
18395.0,29,12,3,4,48,0,292
18396.0,29,12,3,4,48,0,292
18397.0,29,12,3,4,48,0,292
18398.0,29,12,3,4,48,0,292
18399.0,29,12,3,4,48,0,292
18400.0,29,12,3,4,48,0,292
18401.0,29,12,3,4,48,0,292
18402.0,29,12,3,4,48,0,292
18403.0,29,12,3,4,48,0,292
18404.0,29,12,3,4,48,0,292
18405.0,29,12,3,4,48,0,292
18406.0,29,12,3,4,48,0,292
18407.0,29,12,3,4,48,0,292
18408.0,29,12,3,4,48,0,292
18409.0,29,12,3,4,48,0,292
18410.0,29,12,3,4,48,0,292
18411.0,29,12,3,4,48,0,292
18412.0,29,12,3,4,48,0,292
18413.0,29,12,3,4,48,0,292
18414.0,29,12,3,4,48,0,292
18415.0,29,12,3,4,48,0,292
18416.0,29,12,3,4,48,0,292
18417.0,29,12,3,4,48,0,292
18418.0,29,12,3,4,48,0,292
18419.0,29,12,3,4,48,0,292
18420.0,29,12,3,4,48,0,292
18421.0,29,12,3,4,48,0,292
18422.0,29,12,3,4,48,0,292
18423.0,29,12,3,4,48,0,292
18424.0,29,12,3,4,48,0,292
18425.0,29,12,3,4,48,0,292
18426.0,29,12,3,4,48,0,292
18427.0,29,12,3,4,48,0,292
18428.0,29,12,3,4,48,0,292
18429.0,29,12,3,4,48,0,292
18430.0,29,12,3,4,48,0,292
18431.0,29,12,3,4,48,0,292
18432.0,29,12,3,4,48,0,292
18433.0,29,12,3,4,48,0,292
18434.0,29,12,3,4,48,0,292
18435.0,29,12,3,4,48,0,292
18436.0,29,12,3,4,48,0,292
18437.0,29,12,3,4,48,0,292
18438.0,29,12,3,4,48,0,292
18439.0,29,12,3,4,48,0,292
18440.0,29,12,3,4,48,0,292
18441.0,29,12,3,4,48,0,292
18442.0,29,12,3,4,48,0,292
18443.0,29,12,3,4,48,0,292
18444.0,29,12,3,4,48,0,292
18445.0,29,12,3,4,48,0,292
18446.0,29,12,3,4,48,0,292
18447.0,29,12,3,4,48,0,292
18448.0,29,12,3,4,48,0,292
18449.0,29,12,3,4,48,0,292
18450.0,29,12,3,4,48,0,292
18451.0,29,12,3,4,48,0,292
18452.0,29,12,3,4,48,0,292
18453.0,29,12,3,4,48,0,292
18454.0,29,12,3,4,48,0,292
18455.0,29,12,3,4,48,0,292
18456.0,29,12,3,4,48,0,292
18457.0,29,12,3,4,48,0,292
18458.0,29,12,3,4,48,0,292
18459.0,29,12,3,4,48,0,292
18460.0,29,12,3,4,48,0,292
18461.0,29,12,3,4,48,0,292
18462.0,29,12,3,4,48,0,292
18463.0,29,12,3,4,48,0,292
18464.0,29,12,3,4,48,0,292
18465.0,29,12,3,4,48,0,292
18466.0,29,12,3,4,48,0,292
18467.0,29,12,3,4,48,0,292
18468.0,29,12,3,4,48,0,292
18469.0,29,12,3,4,48,0,292
18470.0,29,12,3,4,48,0,292
18471.0,29,12,3,4,48,0,292
18472.0,29,12,3,4,48,0,292
18473.0,29,12,3,4,48,0,292
18474.0,29,12,3,4,48,0,292
18475.0,29,12,3,4,48,0,292
18476.0,29,12,3,4,48,0,292
18477.0,29,12,3,4,48,0,292
18478.0,29,12,3,4,48,0,292
18479.0,29,12,3,4,48,0,292
18480.0,29,12,3,4,48,0,292
18481.0,29,12,3,4,48,0,292
18482.0,29,12,3,4,48,0,292
18483.0,29,12,3,4,48,0,292
18484.0,29,12,3,4,48,0,292
18485.0,29,12,3,4,48,0,292
18486.0,29,12,3,4,48,0,292
18487.0,29,12,3,4,48,0,292
18488.0,29,12,3,4,48,0,292
18489.0,29,12,3,4,48,0,292
18490.0,29,12,3,4,48,0,292
18491.0,29,12,3,4,48,0,292
18492.0,29,12,3,4,48,0,292
18493.0,29,12,3,4,48,0,292
18494.0,29,12,3,4,48,0,292
18495.0,29,12,3,4,48,0,292
18496.0,29,12,3,4,48,0,292
18497.0,29,12,3,4,48,0,292
18498.0,29,12,3,4,48,0,292
18499.0,29,12,3,4,48,0,292
18500.0,29,12,3,4,48,0,292
18501.0,29,12,3,4,48,0,292
18502.0,29,12,3,4,48,0,292
18503.0,29,12,3,4,48,0,292
18504.0,29,12,3,4,48,0,292
18505.0,29,12,3,4,48,0,292
18506.0,29,12,3,4,48,0,292
18507.0,29,12,3,4,48,0,292
18508.0,29,12,3,4,48,0,292
18509.0,29,12,3,4,48,0,292
18510.0,29,12,3,4,48,0,292
18511.0,29,12,3,4,48,0,292
18512.0,29,12,3,4,48,0,292
18513.0,29,12,3,4,48,0,292
18514.0,29,12,3,4,48,0,292
18515.0,29,12,3,4,48,0,292
18516.0,29,12,3,4,48,0,292
18517.0,29,12,3,4,48,0,292
18518.0,29,12,3,4,48,0,292
18519.0,29,12,3,4,48,0,292
18520.0,29,12,3,4,48,0,292
18521.0,29,12,3,4,48,0,292
18522.0,29,12,3,4,48,0,292
18523.0,29,12,3,4,48,0,292
18524.0,29,12,3,4,48,0,292
18525.0,29,12,3,4,48,0,292
18526.0,29,12,3,4,48,0,292
18527.0,29,12,3,4,48,0,292
18528.0,29,12,3,4,48,0,292
18529.0,29,12,3,4,48,0,292
18530.0,29,12,3,4,48,0,292
18531.0,29,12,3,4,48,0,292
18532.0,29,12,3,4,48,0,292
18533.0,29,12,3,4,48,0,292
18534.0,29,12,3,4,48,0,292
18535.0,29,12,3,4,48,0,292
18536.0,29,12,3,4,48,0,292
18537.0,29,12,3,4,48,0,292
18538.0,29,12,3,4,48,0,292
18539.0,29,12,3,4,48,0,292
18540.0,29,12,3,4,48,0,292
18541.0,29,12,3,4,48,0,292
18542.0,29,12,3,4,48,0,292
18543.0,29,12,3,4,48,0,292
18544.0,29,12,3,4,48,0,292
18545.0,29,12,3,4,48,0,292
18546.0,29,12,3,4,48,0,292
18547.0,29,12,3,4,48,0,292
18548.0,29,12,3,4,48,0,292
18549.0,29,12,3,4,48,0,292
18550.0,29,12,3,4,48,0,292
18551.0,29,12,3,4,48,0,292
18552.0,29,12,3,4,48,0,292
18553.0,29,12,3,4,48,0,292
18554.0,29,12,3,4,48,0,292
18555.0,29,12,3,4,48,0,292
18556.0,29,12,3,4,48,0,292
18557.0,29,12,3,4,48,0,292
18558.0,29,12,3,4,48,0,292
18559.0,29,12,3,4,48,0,292
18560.0,29,12,3,4,48,0,292
18561.0,29,12,3,4,48,0,292
18562.0,29,12,3,4,48,0,292
18563.0,29,12,3,4,48,0,292
18564.0,29,12,3,4,48,0,292
18565.0,29,12,3,4,48,0,292
18566.0,29,12,3,4,48,0,292
18567.0,29,12,3,4,48,0,292
18568.0,29,12,3,4,48,0,292
18569.0,29,12,3,4,48,0,292
18570.0,29,12,3,4,48,0,292
18571.0,29,12,3,4,48,0,292
18572.0,29,12,3,4,48,0,292
18573.0,29,12,3,4,48,0,292
18574.0,29,12,3,4,48,0,292
18575.0,29,12,3,4,48,0,292
18576.0,29,12,3,4,48,0,292
18577.0,29,12,3,4,48,0,292
18578.0,29,12,3,4,48,0,292
18579.0,29,12,3,4,48,0,292
18580.0,29,12,3,4,48,0,292
18581.0,29,12,3,4,48,0,292
18582.0,29,12,3,4,48,0,292
18583.0,29,12,3,4,48,0,292
18584.0,29,12,3,4,48,0,292
18585.0,29,12,3,4,48,0,292
18586.0,29,12,3,4,48,0,292
18587.0,29,12,3,4,48,0,292
18588.0,29,12,3,4,48,0,292
18589.0,29,12,3,4,48,0,292
18590.0,29,12,3,4,48,0,292
18591.0,29,12,3,4,48,0,292
18592.0,29,12,3,4,48,0,292
18593.0,29,12,3,4,48,0,292
18594.0,29,12,3,4,48,0,292
18595.0,29,12,3,4,48,0,292
18596.0,29,12,3,4,48,0,292
18597.0,29,12,3,4,48,0,292
18598.0,29,12,3,4,48,0,292
18599.0,29,12,3,4,48,0,292
18600.0,29,12,3,4,48,0,292
18601.0,29,12,3,4,48,0,292
18602.0,29,12,3,4,48,0,292
18603.0,29,12,3,4,48,0,292
18604.0,29,12,3,4,48,0,292
18605.0,29,12,3,4,48,0,292
18606.0,29,12,3,4,48,0,292
18607.0,29,12,3,4,48,0,292
18608.0,29,12,3,4,48,0,292
18609.0,29,12,3,4,48,0,292
18610.0,29,12,3,4,48,0,292
18611.0,29,12,3,4,48,0,292
18612.0,29,12,3,4,48,0,292
18613.0,29,12,3,4,48,0,292
18614.0,29,12,3,4,48,0,292
18615.0,29,12,3,4,48,0,292
18616.0,29,12,3,4,48,0,292
18617.0,29,12,3,4,48,0,292
18618.0,29,12,3,4,48,0,292
18619.0,29,12,3,4,48,0,292
18620.0,29,12,3,4,48,0,292
18621.0,29,12,3,4,48,0,292
18622.0,29,12,3,4,48,0,292
18623.0,29,12,3,4,48,0,292
18624.0,29,12,3,4,48,0,292
18625.0,29,12,3,4,48,0,292
18626.0,29,12,3,4,48,0,292
18627.0,29,12,3,4,48,0,292
18628.0,29,12,3,4,48,0,292
18629.0,29,12,3,4,48,0,292
18630.0,29,12,3,4,48,0,292
18631.0,29,12,3,4,48,0,292
18632.0,29,12,3,4,48,0,292
18633.0,29,12,3,4,48,0,292
18634.0,29,12,3,4,48,0,292
18635.0,29,12,3,4,48,0,292
18636.0,29,12,3,4,48,0,292
18637.0,29,12,3,4,48,0,292
18638.0,29,12,3,4,48,0,292
18639.0,29,12,3,4,48,0,292
18640.0,29,12,3,4,48,0,292
18641.0,29,12,3,4,48,0,292
18642.0,29,12,3,4,48,0,292
18643.0,29,12,3,4,48,0,292
18644.0,29,12,3,4,48,0,292
18645.0,29,12,3,4,48,0,292
18646.0,29,12,3,4,48,0,292
18647.0,29,12,3,4,48,0,292
18648.0,29,12,3,4,48,0,292
18649.0,29,12,3,4,48,0,292
18650.0,29,12,3,4,48,0,292
18651.0,29,12,3,4,48,0,292
18652.0,29,12,3,4,48,0,292
18653.0,29,12,3,4,48,0,292
18654.0,29,12,3,4,48,0,292
18655.0,29,12,3,4,48,0,292
18656.0,29,12,3,4,48,0,292
18657.0,29,12,3,4,48,0,292
18658.0,29,12,3,4,48,0,292
18659.0,29,12,3,4,48,0,292
18660.0,29,12,3,4,48,0,292
18661.0,29,12,3,4,48,0,292
18662.0,29,12,3,4,48,0,292
18663.0,29,12,3,4,48,0,292
18664.0,29,12,3,4,48,0,292
18665.0,29,12,3,4,48,0,292
18666.0,29,12,3,4,48,0,292
18667.0,29,12,3,4,48,0,292
18668.0,29,12,3,4,48,0,292
18669.0,29,12,3,4,48,0,292
18670.0,29,12,3,4,48,0,292
18671.0,29,12,3,4,48,0,292
18672.0,29,12,3,4,48,0,292
18673.0,29,12,3,4,48,0,292
18674.0,29,12,3,4,48,0,292
18675.0,29,12,3,4,48,0,292
18676.0,29,12,3,4,48,0,292
18677.0,29,12,3,4,48,0,292
18678.0,29,12,3,4,48,0,292
18679.0,29,12,3,4,48,0,292
18680.0,29,12,3,4,48,0,292
18681.0,29,12,3,4,48,0,292
18682.0,29,12,3,4,48,0,292
18683.0,29,12,3,4,48,0,292
18684.0,29,12,3,4,48,0,292
18685.0,29,12,3,4,48,0,292
18686.0,29,12,3,4,48,0,292
18687.0,29,12,3,4,48,0,292
18688.0,29,12,3,4,48,0,292
18689.0,29,12,3,4,48,0,292
18690.0,29,12,3,4,48,0,292
18691.0,29,12,3,4,48,0,292
18692.0,29,12,3,4,48,0,292
18693.0,29,12,3,4,48,0,292
18694.0,29,12,3,4,48,0,292
18695.0,29,12,3,4,48,0,292
18696.0,29,12,3,4,48,0,292
18697.0,29,12,3,4,48,0,292
18698.0,29,12,3,4,48,0,292
18699.0,29,12,3,4,48,0,292
18700.0,29,12,3,4,48,0,292
18701.0,29,12,3,4,48,0,292
18702.0,29,12,3,4,48,0,292
18703.0,29,12,3,4,48,0,292
18704.0,29,12,3,4,48,0,292
18705.0,29,12,3,4,48,0,292
18706.0,29,12,3,4,48,0,292
18707.0,29,12,3,4,48,0,292
18708.0,29,12,3,4,48,0,292
18709.0,29,12,3,4,48,0,292
18710.0,29,12,3,4,48,0,292
18711.0,29,12,3,4,48,0,292
18712.0,29,12,3,4,48,0,292
18713.0,29,12,3,4,48,0,292
18714.0,29,12,3,4,48,0,292
18715.0,29,12,3,4,48,0,292
18716.0,29,12,3,4,48,0,292
18717.0,29,12,3,4,48,0,292
18718.0,29,12,3,4,48,0,292
18719.0,29,12,3,4,48,0,292
18720.0,29,12,3,4,48,0,292
18721.0,29,12,3,4,48,0,292
18722.0,29,12,3,4,48,0,292
18723.0,29,12,3,4,48,0,292
18724.0,29,12,3,4,48,0,292
18725.0,29,12,3,4,48,0,292
18726.0,29,12,3,4,48,0,292
18727.0,29,12,3,4,48,0,292
18728.0,29,12,3,4,48,0,292
18729.0,29,12,3,4,48,0,292
18730.0,29,12,3,4,48,0,292
18731.0,29,12,3,4,48,0,292
18732.0,29,12,3,4,48,0,292
18733.0,29,12,3,4,48,0,292
18734.0,29,12,3,4,48,0,292
18735.0,29,12,3,4,48,0,292
18736.0,29,12,3,4,48,0,292
18737.0,29,12,3,4,48,0,292
18738.0,29,12,3,4,48,0,292
18739.0,29,12,3,4,48,0,292
18740.0,29,12,3,4,48,0,292
18741.0,29,12,3,4,48,0,292
18742.0,29,12,3,4,48,0,292
18743.0,29,12,3,4,48,0,292
18744.0,29,12,3,4,48,0,292
18745.0,29,12,3,4,48,0,292
18746.0,29,12,3,4,48,0,292
18747.0,29,12,3,4,48,0,292
18748.0,29,12,3,4,48,0,292
18749.0,29,12,3,4,48,0,292
18750.0,29,12,3,4,48,0,292
18751.0,29,12,3,4,48,0,292
18752.0,29,12,3,4,48,0,292
18753.0,29,12,3,4,48,0,292
18754.0,29,12,3,4,48,0,292
18755.0,29,12,3,4,48,0,292
18756.0,29,12,3,4,48,0,292
18757.0,29,12,3,4,48,0,292
18758.0,29,12,3,4,48,0,292
18759.0,29,12,3,4,48,0,292
18760.0,29,12,3,4,48,0,292
18761.0,29,12,3,4,48,0,292
18762.0,29,12,3,4,48,0,292
18763.0,29,12,3,4,48,0,292
18764.0,29,12,3,4,48,0,292
18765.0,29,12,3,4,48,0,292
18766.0,29,12,3,4,48,0,292
18767.0,29,12,3,4,48,0,292
18768.0,29,12,3,4,48,0,292
18769.0,29,12,3,4,48,0,292
18770.0,29,12,3,4,48,0,292
18771.0,29,12,3,4,48,0,292
18772.0,29,12,3,4,48,0,292
18773.0,29,12,3,4,48,0,292
18774.0,29,12,3,4,48,0,292
18775.0,29,12,3,4,48,0,292
18776.0,29,12,3,4,48,0,292
18777.0,29,12,3,4,48,0,292
18778.0,29,12,3,4,48,0,292
18779.0,29,12,3,4,48,0,292
18780.0,29,12,3,4,48,0,292
18781.0,29,12,3,4,48,0,292
18782.0,29,12,3,4,48,0,292
18783.0,29,12,3,4,48,0,292
18784.0,29,12,3,4,48,0,292
18785.0,29,12,3,4,48,0,292
18786.0,29,12,3,4,48,0,292
18787.0,29,12,3,4,48,0,292
18788.0,29,12,3,4,48,0,292
18789.0,29,12,3,4,48,0,292
18790.0,29,12,3,4,48,0,292
18791.0,29,12,3,4,48,0,292
18792.0,29,12,3,4,48,0,292
18793.0,29,12,3,4,48,0,292
18794.0,29,12,3,4,48,0,292
18795.0,29,12,3,4,48,0,292
18796.0,29,12,3,4,48,0,292
18797.0,29,12,3,4,48,0,292
18798.0,29,12,3,4,48,0,292
18799.0,29,12,3,4,48,0,292
18800.0,29,12,3,4,48,0,292
18801.0,29,12,3,4,48,0,292
18802.0,29,12,3,4,48,0,292
18803.0,29,12,3,4,48,0,292
18804.0,29,12,3,4,48,0,292
18805.0,29,12,3,4,48,0,292
18806.0,29,12,3,4,48,0,292
18807.0,29,12,3,4,48,0,292
18808.0,29,12,3,4,48,0,292
18809.0,29,12,3,4,48,0,292
18810.0,29,12,3,4,48,0,292
18811.0,29,12,3,4,48,0,292
18812.0,29,12,3,4,48,0,292
18813.0,29,12,3,4,48,0,292
18814.0,29,12,3,4,48,0,292
18815.0,29,12,3,4,48,0,292
18816.0,29,12,3,4,48,0,292
18817.0,29,12,3,4,48,0,292
18818.0,29,12,3,4,48,0,292
18819.0,29,12,3,4,48,0,292
18820.0,29,12,3,4,48,0,292
18821.0,29,12,3,4,48,0,292
18822.0,29,12,3,4,48,0,292
18823.0,29,12,3,4,48,0,292
18824.0,29,12,3,4,48,0,292
18825.0,29,12,3,4,48,0,292
18826.0,29,12,3,4,48,0,292
18827.0,29,12,3,4,48,0,292
18828.0,29,12,3,4,48,0,292
18829.0,29,12,3,4,48,0,292
18830.0,29,12,3,4,48,0,292
18831.0,29,12,3,4,48,0,292
18832.0,29,12,3,4,48,0,292
18833.0,29,12,3,4,48,0,292
18834.0,29,12,3,4,48,0,292
18835.0,29,12,3,4,48,0,292
18836.0,29,12,3,4,48,0,292
18837.0,29,12,3,4,48,0,292
18838.0,29,12,3,4,48,0,292
18839.0,29,12,3,4,48,0,292
18840.0,29,12,3,4,48,0,292
18841.0,29,12,3,4,48,0,292
18842.0,29,12,3,4,48,0,292
18843.0,29,12,3,4,48,0,292
18844.0,29,12,3,4,48,0,292
18845.0,29,12,3,4,48,0,292
18846.0,29,12,3,4,48,0,292
18847.0,29,12,3,4,48,0,292
18848.0,29,12,3,4,48,0,292
18849.0,29,12,3,4,48,0,292
18850.0,29,12,3,4,48,0,292
18851.0,29,12,3,4,48,0,292
18852.0,29,12,3,4,48,0,292
18853.0,29,12,3,4,48,0,292
18854.0,29,12,3,4,48,0,292
18855.0,29,12,3,4,48,0,292
18856.0,29,12,3,4,48,0,292
18857.0,29,12,3,4,48,0,292
18858.0,29,12,3,4,48,0,292
18859.0,29,12,3,4,48,0,292
18860.0,29,12,3,4,48,0,292
18861.0,29,12,3,4,48,0,292
18862.0,29,12,3,4,48,0,292
18863.0,29,12,3,4,48,0,292
18864.0,29,12,3,4,48,0,292
18865.0,29,12,3,4,48,0,292
18866.0,29,12,3,4,48,0,292
18867.0,29,12,3,4,48,0,292
18868.0,29,12,3,4,48,0,292
18869.0,29,12,3,4,48,0,292
18870.0,29,12,3,4,48,0,292
18871.0,29,12,3,4,48,0,292
18872.0,29,12,3,4,48,0,292
18873.0,29,12,3,4,48,0,292
18874.0,29,12,3,4,48,0,292
18875.0,29,12,3,4,48,0,292
18876.0,29,12,3,4,48,0,292
18877.0,29,12,3,4,48,0,292
18878.0,29,12,3,4,48,0,292
18879.0,29,12,3,4,48,0,292
18880.0,29,12,3,4,48,0,292
18881.0,29,12,3,4,48,0,292
18882.0,29,12,3,4,48,0,292
18883.0,29,12,3,4,48,0,292
18884.0,29,12,3,4,48,0,292
18885.0,29,12,3,4,48,0,292
18886.0,29,12,3,4,48,0,292
18887.0,29,12,3,4,48,0,292
18888.0,29,12,3,4,48,0,292
18889.0,29,12,3,4,48,0,292
18890.0,29,12,3,4,48,0,292
18891.0,29,12,3,4,48,0,292
18892.0,29,12,3,4,48,0,292
18893.0,29,12,3,4,48,0,292
18894.0,29,12,3,4,48,0,292
18895.0,29,12,3,4,48,0,292
18896.0,29,12,3,4,48,0,292
18897.0,29,12,3,4,48,0,292
18898.0,29,12,3,4,48,0,292
18899.0,29,12,3,4,48,0,292
18900.0,29,12,3,4,48,0,292
18901.0,29,12,3,4,48,0,292
18902.0,29,12,3,4,48,0,292
18903.0,29,12,3,4,48,0,292
18904.0,29,12,3,4,48,0,292
18905.0,29,12,3,4,48,0,292
18906.0,29,12,3,4,48,0,292
18907.0,29,12,3,4,48,0,292
18908.0,29,12,3,4,48,0,292
18909.0,29,12,3,4,48,0,292
18910.0,29,12,3,4,48,0,292
18911.0,29,12,3,4,48,0,292
18912.0,29,12,3,4,48,0,292
18913.0,29,12,3,4,48,0,292
18914.0,29,12,3,4,48,0,292
18915.0,29,12,3,4,48,0,292
18916.0,29,12,3,4,48,0,292
18917.0,29,12,3,4,48,0,292
18918.0,29,12,3,4,48,0,292
18919.0,29,12,3,4,48,0,292
18920.0,29,12,3,4,48,0,292
18921.0,29,12,3,4,48,0,292
18922.0,29,12,3,4,48,0,292
18923.0,29,12,3,4,48,0,292
18924.0,29,12,3,4,48,0,292
18925.0,29,12,3,4,48,0,292
18926.0,29,12,3,4,48,0,292
18927.0,29,12,3,4,48,0,292
18928.0,29,12,3,4,48,0,292
18929.0,29,12,3,4,48,0,292
18930.0,29,12,3,4,48,0,292
18931.0,29,12,3,4,48,0,292
18932.0,29,12,3,4,48,0,292
18933.0,29,12,3,4,48,0,292
18934.0,29,12,3,4,48,0,292
18935.0,29,12,3,4,48,0,292
18936.0,29,12,3,4,48,0,292
18937.0,29,12,3,4,48,0,292
18938.0,29,12,3,4,48,0,292
18939.0,29,12,3,4,48,0,292
18940.0,29,12,3,4,48,0,292
18941.0,29,12,3,4,48,0,292
18942.0,29,12,3,4,48,0,292
18943.0,29,12,3,4,48,0,292
18944.0,29,12,3,4,48,0,292
18945.0,29,12,3,4,48,0,292
18946.0,29,12,3,4,48,0,292
18947.0,29,12,3,4,48,0,292
18948.0,29,12,3,4,48,0,292
18949.0,29,12,3,4,48,0,292
18950.0,29,12,3,4,48,0,292
18951.0,29,12,3,4,48,0,292
18952.0,29,12,3,4,48,0,292
18953.0,29,12,3,4,48,0,292
18954.0,29,12,3,4,48,0,292
18955.0,29,12,3,4,48,0,292
18956.0,29,12,3,4,48,0,292
18957.0,29,12,3,4,48,0,292
18958.0,29,12,3,4,48,0,292
18959.0,29,12,3,4,48,0,292
18960.0,29,12,3,4,48,0,292
18961.0,29,12,3,4,48,0,292
18962.0,29,12,3,4,48,0,292
18963.0,29,12,3,4,48,0,292
18964.0,29,12,3,4,48,0,292
18965.0,29,12,3,4,48,0,292
18966.0,29,12,3,4,48,0,292
18967.0,29,12,3,4,48,0,292
18968.0,29,12,3,4,48,0,292
18969.0,29,12,3,4,48,0,292
18970.0,29,12,3,4,48,0,292
18971.0,29,12,3,4,48,0,292
18972.0,29,12,3,4,48,0,292
18973.0,29,12,3,4,48,0,292
18974.0,29,12,3,4,48,0,292
18975.0,29,12,3,4,48,0,292
18976.0,29,12,3,4,48,0,292
18977.0,29,12,3,4,48,0,292
18978.0,29,12,3,4,48,0,292
18979.0,29,12,3,4,48,0,292
18980.0,29,12,3,4,48,0,292
18981.0,29,12,3,4,48,0,292
18982.0,29,12,3,4,48,0,292
18983.0,29,12,3,4,48,0,292
18984.0,29,12,3,4,48,0,292
18985.0,29,12,3,4,48,0,292
18986.0,29,12,3,4,48,0,292
18987.0,29,12,3,4,48,0,292
18988.0,29,12,3,4,48,0,292
18989.0,29,12,3,4,48,0,292
18990.0,29,12,3,4,48,0,292
18991.0,29,12,3,4,48,0,292
18992.0,29,12,3,4,48,0,292
18993.0,29,12,3,4,48,0,292
18994.0,29,12,3,4,48,0,292
18995.0,29,12,3,4,48,0,292
18996.0,29,12,3,4,48,0,292
18997.0,29,12,3,4,48,0,292
18998.0,29,12,3,4,48,0,292
18999.0,29,12,3,4,48,0,292
19000.0,29,12,3,4,48,0,292
19001.0,29,12,3,4,48,0,292
19002.0,29,12,3,4,48,0,292
19003.0,29,12,3,4,48,0,292
19004.0,29,12,3,4,48,0,292
19005.0,29,12,3,4,48,0,292
19006.0,29,12,3,4,48,0,292
19007.0,29,12,3,4,48,0,292
19008.0,29,12,3,4,48,0,292
19009.0,29,12,3,4,48,0,292
19010.0,29,12,3,4,48,0,292
19011.0,29,12,3,4,48,0,292
19012.0,29,12,3,4,48,0,292
19013.0,29,12,3,4,48,0,292
19014.0,29,12,3,4,48,0,292
19015.0,29,12,3,4,48,0,292
19016.0,29,12,3,4,48,0,292
19017.0,29,12,3,4,48,0,292
19018.0,29,12,3,4,48,0,292
19019.0,29,12,3,4,48,0,292
19020.0,29,12,3,4,48,0,292
19021.0,29,12,3,4,48,0,292
19022.0,29,12,3,4,48,0,292
19023.0,29,12,3,4,48,0,292
19024.0,29,12,3,4,48,0,292
19025.0,29,12,3,4,48,0,292
19026.0,29,12,3,4,48,0,292
19027.0,29,12,3,4,48,0,292
19028.0,29,12,3,4,48,0,292
19029.0,29,12,3,4,48,0,292
19030.0,29,12,3,4,48,0,292
19031.0,29,12,3,4,48,0,292
19032.0,29,12,3,4,48,0,292
19033.0,29,12,3,4,48,0,292
19034.0,29,12,3,4,48,0,292
19035.0,29,12,3,4,48,0,292
19036.0,29,12,3,4,48,0,292
19037.0,29,12,3,4,48,0,292
19038.0,29,12,3,4,48,0,292
19039.0,29,12,3,4,48,0,292
19040.0,29,12,3,4,48,0,292
19041.0,29,12,3,4,48,0,292
19042.0,29,12,3,4,48,0,292
19043.0,29,12,3,4,48,0,292
19044.0,29,12,3,4,48,0,292
19045.0,29,12,3,4,48,0,292
19046.0,29,12,3,4,48,0,292
19047.0,29,12,3,4,48,0,292
19048.0,29,12,3,4,48,0,292
19049.0,29,12,3,4,48,0,292
19050.0,29,12,3,4,48,0,292
19051.0,29,12,3,4,48,0,292
19052.0,29,12,3,4,48,0,292
19053.0,29,12,3,4,48,0,292
19054.0,29,12,3,4,48,0,292
19055.0,29,12,3,4,48,0,292
19056.0,29,12,3,4,48,0,292
19057.0,29,12,3,4,48,0,292
19058.0,29,12,3,4,48,0,292
19059.0,29,12,3,4,48,0,292
19060.0,29,12,3,4,48,0,292
19061.0,29,12,3,4,48,0,292
19062.0,29,12,3,4,48,0,292
19063.0,29,12,3,4,48,0,292
19064.0,29,12,3,4,48,0,292
19065.0,29,12,3,4,48,0,292
19066.0,29,12,3,4,48,0,292
19067.0,29,12,3,4,48,0,292
19068.0,29,12,3,4,48,0,292
19069.0,29,12,3,4,48,0,292
19070.0,29,12,3,4,48,0,292
19071.0,29,12,3,4,48,0,292
19072.0,29,12,3,4,48,0,292
19073.0,29,12,3,4,48,0,292
19074.0,29,12,3,4,48,0,292
19075.0,29,12,3,4,48,0,292
19076.0,29,12,3,4,48,0,292
19077.0,29,12,3,4,48,0,292
19078.0,29,12,3,4,48,0,292
19079.0,29,12,3,4,48,0,292
19080.0,29,12,3,4,48,0,292
19081.0,29,12,3,4,48,0,292
19082.0,29,12,3,4,48,0,292
19083.0,29,12,3,4,48,0,292
19084.0,29,12,3,4,48,0,292
19085.0,29,12,3,4,48,0,292
19086.0,29,12,3,4,48,0,292
19087.0,29,12,3,4,48,0,292
19088.0,29,12,3,4,48,0,292
19089.0,29,12,3,4,48,0,292
19090.0,29,12,3,4,48,0,292
19091.0,29,12,3,4,48,0,292
19092.0,29,12,3,4,48,0,292
19093.0,29,12,3,4,48,0,292
19094.0,29,12,3,4,48,0,292
19095.0,29,12,3,4,48,0,292
19096.0,29,12,3,4,48,0,292
19097.0,29,12,3,4,48,0,292
19098.0,29,12,3,4,48,0,292
19099.0,29,12,3,4,48,0,292
19100.0,29,12,3,4,48,0,292
19101.0,29,12,3,4,48,0,292
19102.0,29,12,3,4,48,0,292
19103.0,29,12,3,4,48,0,292
19104.0,29,12,3,4,48,0,292
19105.0,29,12,3,4,48,0,292
19106.0,29,12,3,4,48,0,292
19107.0,29,12,3,4,48,0,292
19108.0,29,12,3,4,48,0,292
19109.0,29,12,3,4,48,0,292
19110.0,29,12,3,4,48,0,292
19111.0,29,12,3,4,48,0,292
19112.0,29,12,3,4,48,0,292
19113.0,29,12,3,4,48,0,292
19114.0,29,12,3,4,48,0,292
19115.0,29,12,3,4,48,0,292
19116.0,29,12,3,4,48,0,292
19117.0,29,12,3,4,48,0,292
19118.0,29,12,3,4,48,0,292
19119.0,29,12,3,4,48,0,292
19120.0,29,12,3,4,48,0,292
19121.0,29,12,3,4,48,0,292
19122.0,29,12,3,4,48,0,292
19123.0,29,12,3,4,48,0,292
19124.0,29,12,3,4,48,0,292
19125.0,29,12,3,4,48,0,292
19126.0,29,12,3,4,48,0,292
19127.0,29,12,3,4,48,0,292
19128.0,29,12,3,4,48,0,292
19129.0,29,12,3,4,48,0,292
19130.0,29,12,3,4,48,0,292
19131.0,29,12,3,4,48,0,292
19132.0,29,12,3,4,48,0,292
19133.0,29,12,3,4,48,0,292
19134.0,29,12,3,4,48,0,292
19135.0,29,12,3,4,48,0,292
19136.0,29,12,3,4,48,0,292
19137.0,29,12,3,4,48,0,292
19138.0,29,12,3,4,48,0,292
19139.0,29,12,3,4,48,0,292
19140.0,29,12,3,4,48,0,292
19141.0,29,12,3,4,48,0,292
19142.0,29,12,3,4,48,0,292
19143.0,29,12,3,4,48,0,292
19144.0,29,12,3,4,48,0,292
19145.0,29,12,3,4,48,0,292
19146.0,29,12,3,4,48,0,292
19147.0,29,12,3,4,48,0,292
19148.0,29,12,3,4,48,0,292
19149.0,29,12,3,4,48,0,292
19150.0,29,12,3,4,48,0,292
19151.0,29,12,3,4,48,0,292
19152.0,29,12,3,4,48,0,292
19153.0,29,12,3,4,48,0,292
19154.0,29,12,3,4,48,0,292
19155.0,29,12,3,4,48,0,292
19156.0,29,12,3,4,48,0,292
19157.0,29,12,3,4,48,0,292
19158.0,29,12,3,4,48,0,292
19159.0,29,12,3,4,48,0,292
19160.0,29,12,3,4,48,0,292
19161.0,29,12,3,4,48,0,292
19162.0,29,12,3,4,48,0,292
19163.0,29,12,3,4,48,0,292
19164.0,29,12,3,4,48,0,292
19165.0,29,12,3,4,48,0,292
19166.0,29,12,3,4,48,0,292
19167.0,29,12,3,4,48,0,292
19168.0,29,12,3,4,48,0,292
19169.0,29,12,3,4,48,0,292
19170.0,29,12,3,4,48,0,292
19171.0,29,12,3,4,48,0,292
19172.0,29,12,3,4,48,0,292
19173.0,29,12,3,4,48,0,292
19174.0,29,12,3,4,48,0,292
19175.0,29,12,3,4,48,0,292
19176.0,29,12,3,4,48,0,292
19177.0,29,12,3,4,48,0,292
19178.0,29,12,3,4,48,0,292
19179.0,29,12,3,4,48,0,292
19180.0,29,12,3,4,48,0,292
19181.0,29,12,3,4,48,0,292
19182.0,29,12,3,4,48,0,292
19183.0,29,12,3,4,48,0,292
19184.0,29,12,3,4,48,0,292
19185.0,29,12,3,4,48,0,292
19186.0,29,12,3,4,48,0,292
19187.0,29,12,3,4,48,0,292
19188.0,29,12,3,4,48,0,292
19189.0,29,12,3,4,48,0,292
19190.0,29,12,3,4,48,0,292
19191.0,29,12,3,4,48,0,292
19192.0,29,12,3,4,48,0,292
19193.0,29,12,3,4,48,0,292
19194.0,29,12,3,4,48,0,292
19195.0,29,12,3,4,48,0,292
19196.0,29,12,3,4,48,0,292
19197.0,29,12,3,4,48,0,292
19198.0,29,12,3,4,48,0,292
19199.0,29,12,3,4,48,0,292
19200.0,29,12,3,4,48,0,292
19201.0,29,12,3,4,48,0,292
19202.0,29,12,3,4,48,0,292
19203.0,29,12,3,4,48,0,292
19204.0,29,12,3,4,48,0,292
19205.0,29,12,3,4,48,0,292
19206.0,29,12,3,4,48,0,292
19207.0,29,12,3,4,48,0,292
19208.0,29,12,3,4,48,0,292
19209.0,29,12,3,4,48,0,292
19210.0,29,12,3,4,48,0,292
19211.0,29,12,3,4,48,0,292
19212.0,29,12,3,4,48,0,292
19213.0,29,12,3,4,48,0,292
19214.0,29,12,3,4,48,0,292
19215.0,29,12,3,4,48,0,292
19216.0,29,12,3,4,48,0,292
19217.0,29,12,3,4,48,0,292
19218.0,29,12,3,4,48,0,292
19219.0,29,12,3,4,48,0,292
19220.0,29,12,3,4,48,0,292
19221.0,29,12,3,4,48,0,292
19222.0,29,12,3,4,48,0,292
19223.0,29,12,3,4,48,0,292
19224.0,29,12,3,4,48,0,292
19225.0,29,12,3,4,48,0,292
19226.0,29,12,3,4,48,0,292
19227.0,29,12,3,4,48,0,292
19228.0,29,12,3,4,48,0,292
19229.0,29,12,3,4,48,0,292
19230.0,29,12,3,4,48,0,292
19231.0,29,12,3,4,48,0,292
19232.0,29,12,3,4,48,0,292
19233.0,29,12,3,4,48,0,292
19234.0,29,12,3,4,48,0,292
19235.0,29,12,3,4,48,0,292
19236.0,29,12,3,4,48,0,292
19237.0,29,12,3,4,48,0,292
19238.0,29,12,3,4,48,0,292
19239.0,29,12,3,4,48,0,292
19240.0,29,12,3,4,48,0,292
19241.0,29,12,3,4,48,0,292
19242.0,29,12,3,4,48,0,292
19243.0,29,12,3,4,48,0,292
19244.0,29,12,3,4,48,0,292
19245.0,29,12,3,4,48,0,292
19246.0,29,12,3,4,48,0,292
19247.0,29,12,3,4,48,0,292
19248.0,29,12,3,4,48,0,292
19249.0,29,12,3,4,48,0,292
19250.0,29,12,3,4,48,0,292
19251.0,29,12,3,4,48,0,292
19252.0,29,12,3,4,48,0,292
19253.0,29,12,3,4,48,0,292
19254.0,29,12,3,4,48,0,292
19255.0,29,12,3,4,48,0,292
19256.0,29,12,3,4,48,0,292
19257.0,29,12,3,4,48,0,292
19258.0,29,12,3,4,48,0,292
19259.0,29,12,3,4,48,0,292
19260.0,29,12,3,4,48,0,292
19261.0,29,12,3,4,48,0,292
19262.0,29,12,3,4,48,0,292
19263.0,29,12,3,4,48,0,292
19264.0,29,12,3,4,48,0,292
19265.0,29,12,3,4,48,0,292
19266.0,29,12,3,4,48,0,292
19267.0,29,12,3,4,48,0,292
19268.0,29,12,3,4,48,0,292
19269.0,29,12,3,4,48,0,292
19270.0,29,12,3,4,48,0,292
19271.0,29,12,3,4,48,0,292
19272.0,29,12,3,4,48,0,292
19273.0,29,12,3,4,48,0,292
19274.0,29,12,3,4,48,0,292
19275.0,29,12,3,4,48,0,292
19276.0,29,12,3,4,48,0,292
19277.0,29,12,3,4,48,0,292
19278.0,29,12,3,4,48,0,292
19279.0,29,12,3,4,48,0,292
19280.0,29,12,3,4,48,0,292
19281.0,29,12,3,4,48,0,292
19282.0,29,12,3,4,48,0,292
19283.0,29,12,3,4,48,0,292
19284.0,29,12,3,4,48,0,292
19285.0,29,12,3,4,48,0,292
19286.0,29,12,3,4,48,0,292
19287.0,29,12,3,4,48,0,292
19288.0,29,12,3,4,48,0,292
19289.0,29,12,3,4,48,0,292
19290.0,29,12,3,4,48,0,292
19291.0,29,12,3,4,48,0,292
19292.0,29,12,3,4,48,0,292
19293.0,29,12,3,4,48,0,292
19294.0,29,12,3,4,48,0,292
19295.0,29,12,3,4,48,0,292
19296.0,29,12,3,4,48,0,292
19297.0,29,12,3,4,48,0,292
19298.0,29,12,3,4,48,0,292
19299.0,29,12,3,4,48,0,292
19300.0,29,12,3,4,48,0,292
19301.0,29,12,3,4,48,0,292
19302.0,29,12,3,4,48,0,292
19303.0,29,12,3,4,48,0,292
19304.0,29,12,3,4,48,0,292
19305.0,29,12,3,4,48,0,292
19306.0,29,12,3,4,48,0,292
19307.0,29,12,3,4,48,0,292
19308.0,29,12,3,4,48,0,292
19309.0,29,12,3,4,48,0,292
19310.0,29,12,3,4,48,0,292
19311.0,29,12,3,4,48,0,292
19312.0,29,12,3,4,48,0,292
19313.0,29,12,3,4,48,0,292
19314.0,29,12,3,4,48,0,292
19315.0,29,12,3,4,48,0,292
19316.0,29,12,3,4,48,0,292
19317.0,29,12,3,4,48,0,292
19318.0,29,12,3,4,48,0,292
19319.0,29,12,3,4,48,0,292
19320.0,29,12,3,4,48,0,292
19321.0,29,12,3,4,48,0,292
19322.0,29,12,3,4,48,0,292
19323.0,29,12,3,4,48,0,292
19324.0,29,12,3,4,48,0,292
19325.0,29,12,3,4,48,0,292
19326.0,29,12,3,4,48,0,292
19327.0,29,12,3,4,48,0,292
19328.0,29,12,3,4,48,0,292
19329.0,29,12,3,4,48,0,292
19330.0,29,12,3,4,48,0,292
19331.0,29,12,3,4,48,0,292
19332.0,29,12,3,4,48,0,292
19333.0,29,12,3,4,48,0,292
19334.0,29,12,3,4,48,0,292
19335.0,29,12,3,4,48,0,292
19336.0,29,12,3,4,48,0,292
19337.0,29,12,3,4,48,0,292
19338.0,29,12,3,4,48,0,292
19339.0,29,12,3,4,48,0,292
19340.0,29,12,3,4,48,0,292
19341.0,29,12,3,4,48,0,292
19342.0,29,12,3,4,48,0,292
19343.0,29,12,3,4,48,0,292
19344.0,29,12,3,4,48,0,292
19345.0,29,12,3,4,48,0,292
19346.0,29,12,3,4,48,0,292
19347.0,29,12,3,4,48,0,292
19348.0,29,12,3,4,48,0,292
19349.0,29,12,3,4,48,0,292
19350.0,29,12,3,4,48,0,292
19351.0,29,12,3,4,48,0,292
19352.0,29,12,3,4,48,0,292
19353.0,29,12,3,4,48,0,292
19354.0,29,12,3,4,48,0,292
19355.0,29,12,3,4,48,0,292
19356.0,29,12,3,4,48,0,292
19357.0,29,12,3,4,48,0,292
19358.0,29,12,3,4,48,0,292
19359.0,29,12,3,4,48,0,292
19360.0,29,12,3,4,48,0,292
19361.0,29,12,3,4,48,0,292
19362.0,29,12,3,4,48,0,292
19363.0,29,12,3,4,48,0,292
19364.0,29,12,3,4,48,0,292
19365.0,29,12,3,4,48,0,292
19366.0,29,12,3,4,48,0,292
19367.0,29,12,3,4,48,0,292
19368.0,29,12,3,4,48,0,292
19369.0,29,12,3,4,48,0,292
19370.0,29,12,3,4,48,0,292
19371.0,29,12,3,4,48,0,292
19372.0,29,12,3,4,48,0,292
19373.0,29,12,3,4,48,0,292
19374.0,29,12,3,4,48,0,292
19375.0,29,12,3,4,48,0,292
19376.0,29,12,3,4,48,0,292
19377.0,29,12,3,4,48,0,292
19378.0,29,12,3,4,48,0,292
19379.0,29,12,3,4,48,0,292
19380.0,29,12,3,4,48,0,292
19381.0,29,12,3,4,48,0,292
19382.0,29,12,3,4,48,0,292
19383.0,29,12,3,4,48,0,292
19384.0,29,12,3,4,48,0,292
19385.0,29,12,3,4,48,0,292
19386.0,29,12,3,4,48,0,292
19387.0,29,12,3,4,48,0,292
19388.0,29,12,3,4,48,0,292
19389.0,29,12,3,4,48,0,292
19390.0,29,12,3,4,48,0,292
19391.0,29,12,3,4,48,0,292
19392.0,29,12,3,4,48,0,292
19393.0,29,12,3,4,48,0,292
19394.0,29,12,3,4,48,0,292
19395.0,29,12,3,4,48,0,292
19396.0,29,12,3,4,48,0,292
19397.0,29,12,3,4,48,0,292
19398.0,29,12,3,4,48,0,292
19399.0,29,12,3,4,48,0,292
19400.0,29,12,3,4,48,0,292
19401.0,29,12,3,4,48,0,292
19402.0,29,12,3,4,48,0,292
19403.0,29,12,3,4,48,0,292
19404.0,29,12,3,4,48,0,292
19405.0,29,12,3,4,48,0,292
19406.0,29,12,3,4,48,0,292
19407.0,29,12,3,4,48,0,292
19408.0,29,12,3,4,48,0,292
19409.0,29,12,3,4,48,0,292
19410.0,29,12,3,4,48,0,292
19411.0,29,12,3,4,48,0,292
19412.0,29,12,3,4,48,0,292
19413.0,29,12,3,4,48,0,292
19414.0,29,12,3,4,48,0,292
19415.0,29,12,3,4,48,0,292
19416.0,29,12,3,4,48,0,292
19417.0,29,12,3,4,48,0,292
19418.0,29,12,3,4,48,0,292
19419.0,29,12,3,4,48,0,292
19420.0,29,12,3,4,48,0,292
19421.0,29,12,3,4,48,0,292
19422.0,29,12,3,4,48,0,292
19423.0,29,12,3,4,48,0,292
19424.0,29,12,3,4,48,0,292
19425.0,29,12,3,4,48,0,292
19426.0,29,12,3,4,48,0,292
19427.0,29,12,3,4,48,0,292
19428.0,29,12,3,4,48,0,292
19429.0,29,12,3,4,48,0,292
19430.0,29,12,3,4,48,0,292
19431.0,29,12,3,4,48,0,292
19432.0,29,12,3,4,48,0,292
19433.0,29,12,3,4,48,0,292
19434.0,29,12,3,4,48,0,292
19435.0,29,12,3,4,48,0,292
19436.0,29,12,3,4,48,0,292
19437.0,29,12,3,4,48,0,292
19438.0,29,12,3,4,48,0,292
19439.0,29,12,3,4,48,0,292
19440.0,29,12,3,4,48,0,292
19441.0,29,12,3,4,48,0,292
19442.0,29,12,3,4,48,0,292
19443.0,29,12,3,4,48,0,292
19444.0,29,12,3,4,48,0,292
19445.0,29,12,3,4,48,0,292
19446.0,29,12,3,4,48,0,292
19447.0,29,12,3,4,48,0,292
19448.0,29,12,3,4,48,0,292
19449.0,29,12,3,4,48,0,292
19450.0,29,12,3,4,48,0,292
19451.0,29,12,3,4,48,0,292
19452.0,29,12,3,4,48,0,292
19453.0,29,12,3,4,48,0,292
19454.0,29,12,3,4,48,0,292
19455.0,29,12,3,4,48,0,292
19456.0,29,12,3,4,48,0,292
19457.0,29,12,3,4,48,0,292
19458.0,29,12,3,4,48,0,292
19459.0,29,12,3,4,48,0,292
19460.0,29,12,3,4,48,0,292
19461.0,29,12,3,4,48,0,292
19462.0,29,12,3,4,48,0,292
19463.0,29,12,3,4,48,0,292
19464.0,29,12,3,4,48,0,292
19465.0,29,12,3,4,48,0,292
19466.0,29,12,3,4,48,0,292
19467.0,29,12,3,4,48,0,292
19468.0,29,12,3,4,48,0,292
19469.0,29,12,3,4,48,0,292
19470.0,29,12,3,4,48,0,292
19471.0,29,12,3,4,48,0,292
19472.0,29,12,3,4,48,0,292
19473.0,29,12,3,4,48,0,292
19474.0,29,12,3,4,48,0,292
19475.0,29,12,3,4,48,0,292
19476.0,29,12,3,4,48,0,292
19477.0,29,12,3,4,48,0,292
19478.0,29,12,3,4,48,0,292
19479.0,29,12,3,4,48,0,292
19480.0,29,12,3,4,48,0,292
19481.0,29,12,3,4,48,0,292
19482.0,29,12,3,4,48,0,292
19483.0,29,12,3,4,48,0,292
19484.0,29,12,3,4,48,0,292
19485.0,29,12,3,4,48,0,292
19486.0,29,12,3,4,48,0,292
19487.0,29,12,3,4,48,0,292
19488.0,29,12,3,4,48,0,292
19489.0,29,12,3,4,48,0,292
19490.0,29,12,3,4,48,0,292
19491.0,29,12,3,4,48,0,292
19492.0,29,12,3,4,48,0,292
19493.0,29,12,3,4,48,0,292
19494.0,29,12,3,4,48,0,292
19495.0,29,12,3,4,48,0,292
19496.0,29,12,3,4,48,0,292
19497.0,29,12,3,4,48,0,292
19498.0,29,12,3,4,48,0,292
19499.0,29,12,3,4,48,0,292
19500.0,29,12,3,4,48,0,292
19501.0,29,12,3,4,48,0,292
19502.0,29,12,3,4,48,0,292
19503.0,29,12,3,4,48,0,292
19504.0,29,12,3,4,48,0,292
19505.0,29,12,3,4,48,0,292
19506.0,29,12,3,4,48,0,292
19507.0,29,12,3,4,48,0,292
19508.0,29,12,3,4,48,0,292
19509.0,29,12,3,4,48,0,292
19510.0,29,12,3,4,48,0,292
19511.0,29,12,3,4,48,0,292
19512.0,29,12,3,4,48,0,292
19513.0,29,12,3,4,48,0,292
19514.0,29,12,3,4,48,0,292
19515.0,29,12,3,4,48,0,292
19516.0,29,12,3,4,48,0,292
19517.0,29,12,3,4,48,0,292
19518.0,29,12,3,4,48,0,292
19519.0,29,12,3,4,48,0,292
19520.0,29,12,3,4,48,0,292
19521.0,29,12,3,4,48,0,292
19522.0,29,12,3,4,48,0,292
19523.0,29,12,3,4,48,0,292
19524.0,29,12,3,4,48,0,292
19525.0,29,12,3,4,48,0,292
19526.0,29,12,3,4,48,0,292
19527.0,29,12,3,4,48,0,292
19528.0,29,12,3,4,48,0,292
19529.0,29,12,3,4,48,0,292
19530.0,29,12,3,4,48,0,292
19531.0,29,12,3,4,48,0,292
19532.0,29,12,3,4,48,0,292
19533.0,29,12,3,4,48,0,292
19534.0,29,12,3,4,48,0,292
19535.0,29,12,3,4,48,0,292
19536.0,29,12,3,4,48,0,292
19537.0,29,12,3,4,48,0,292
19538.0,29,12,3,4,48,0,292
19539.0,29,12,3,4,48,0,292
19540.0,29,12,3,4,48,0,292
19541.0,29,12,3,4,48,0,292
19542.0,29,12,3,4,48,0,292
19543.0,29,12,3,4,48,0,292
19544.0,29,12,3,4,48,0,292
19545.0,29,12,3,4,48,0,292
19546.0,29,12,3,4,48,0,292
19547.0,29,12,3,4,48,0,292
19548.0,29,12,3,4,48,0,292
19549.0,29,12,3,4,48,0,292
19550.0,29,12,3,4,48,0,292
19551.0,29,12,3,4,48,0,292
19552.0,29,12,3,4,48,0,292
19553.0,29,12,3,4,48,0,292
19554.0,29,12,3,4,48,0,292
19555.0,29,12,3,4,48,0,292
19556.0,29,12,3,4,48,0,292
19557.0,29,12,3,4,48,0,292
19558.0,29,12,3,4,48,0,292
19559.0,29,12,3,4,48,0,292
19560.0,29,12,3,4,48,0,292
19561.0,29,12,3,4,48,0,292
19562.0,29,12,3,4,48,0,292
19563.0,29,12,3,4,48,0,292
19564.0,29,12,3,4,48,0,292
19565.0,29,12,3,4,48,0,292
19566.0,29,12,3,4,48,0,292
19567.0,29,12,3,4,48,0,292
19568.0,29,12,3,4,48,0,292
19569.0,29,12,3,4,48,0,292
19570.0,29,12,3,4,48,0,292
19571.0,29,12,3,4,48,0,292
19572.0,29,12,3,4,48,0,292
19573.0,29,12,3,4,48,0,292
19574.0,29,12,3,4,48,0,292
19575.0,29,12,3,4,48,0,292
19576.0,29,12,3,4,48,0,292
19577.0,29,12,3,4,48,0,292
19578.0,29,12,3,4,48,0,292
19579.0,29,12,3,4,48,0,292
19580.0,29,12,3,4,48,0,292
19581.0,29,12,3,4,48,0,292
19582.0,29,12,3,4,48,0,292
19583.0,29,12,3,4,48,0,292
19584.0,29,12,3,4,48,0,292
19585.0,29,12,3,4,48,0,292
19586.0,29,12,3,4,48,0,292
19587.0,29,12,3,4,48,0,292
19588.0,29,12,3,4,48,0,292
19589.0,29,12,3,4,48,0,292
19590.0,29,12,3,4,48,0,292
19591.0,29,12,3,4,48,0,292
19592.0,29,12,3,4,48,0,292
19593.0,29,12,3,4,48,0,292
19594.0,29,12,3,4,48,0,292
19595.0,29,12,3,4,48,0,292
19596.0,29,12,3,4,48,0,292
19597.0,29,12,3,4,48,0,292
19598.0,29,12,3,4,48,0,292
19599.0,29,12,3,4,48,0,292
19600.0,29,12,3,4,48,0,292
19601.0,29,12,3,4,48,0,292
19602.0,29,12,3,4,48,0,292
19603.0,29,12,3,4,48,0,292
19604.0,29,12,3,4,48,0,292
19605.0,29,12,3,4,48,0,292
19606.0,29,12,3,4,48,0,292
19607.0,29,12,3,4,48,0,292
19608.0,29,12,3,4,48,0,292
19609.0,29,12,3,4,48,0,292
19610.0,29,12,3,4,48,0,292
19611.0,29,12,3,4,48,0,292
19612.0,29,12,3,4,48,0,292
19613.0,29,12,3,4,48,0,292
19614.0,29,12,3,4,48,0,292
19615.0,29,12,3,4,48,0,292
19616.0,29,12,3,4,48,0,292
19617.0,29,12,3,4,48,0,292
19618.0,29,12,3,4,48,0,292
19619.0,29,12,3,4,48,0,292
19620.0,29,12,3,4,48,0,292
19621.0,29,12,3,4,48,0,292
19622.0,29,12,3,4,48,0,292
19623.0,29,12,3,4,48,0,292
19624.0,29,12,3,4,48,0,292
19625.0,29,12,3,4,48,0,292
19626.0,29,12,3,4,48,0,292
19627.0,29,12,3,4,48,0,292
19628.0,29,12,3,4,48,0,292
19629.0,29,12,3,4,48,0,292
19630.0,29,12,3,4,48,0,292
19631.0,29,12,3,4,48,0,292
19632.0,29,12,3,4,48,0,292
19633.0,29,12,3,4,48,0,292
19634.0,29,12,3,4,48,0,292
19635.0,29,12,3,4,48,0,292
19636.0,29,12,3,4,48,0,292
19637.0,29,12,3,4,48,0,292
19638.0,29,12,3,4,48,0,292
19639.0,29,12,3,4,48,0,292
19640.0,29,12,3,4,48,0,292
19641.0,29,12,3,4,48,0,292
19642.0,29,12,3,4,48,0,292
19643.0,29,12,3,4,48,0,292
19644.0,29,12,3,4,48,0,292
19645.0,29,12,3,4,48,0,292
19646.0,29,12,3,4,48,0,292
19647.0,29,12,3,4,48,0,292
19648.0,29,12,3,4,48,0,292
19649.0,29,12,3,4,48,0,292
19650.0,29,12,3,4,48,0,292
19651.0,29,12,3,4,48,0,292
19652.0,29,12,3,4,48,0,292
19653.0,29,12,3,4,48,0,292
19654.0,29,12,3,4,48,0,292
19655.0,29,12,3,4,48,0,292
19656.0,29,12,3,4,48,0,292
19657.0,29,12,3,4,48,0,292
19658.0,29,12,3,4,48,0,292
19659.0,29,12,3,4,48,0,292
19660.0,29,12,3,4,48,0,292
19661.0,29,12,3,4,48,0,292
19662.0,29,12,3,4,48,0,292
19663.0,29,12,3,4,48,0,292
19664.0,29,12,3,4,48,0,292
19665.0,29,12,3,4,48,0,292
19666.0,29,12,3,4,48,0,292
19667.0,29,12,3,4,48,0,292
19668.0,29,12,3,4,48,0,292
19669.0,29,12,3,4,48,0,292
19670.0,29,12,3,4,48,0,292
19671.0,29,12,3,4,48,0,292
19672.0,29,12,3,4,48,0,292
19673.0,29,12,3,4,48,0,292
19674.0,29,12,3,4,48,0,292
19675.0,29,12,3,4,48,0,292
19676.0,29,12,3,4,48,0,292
19677.0,29,12,3,4,48,0,292
19678.0,29,12,3,4,48,0,292
19679.0,29,12,3,4,48,0,292
19680.0,29,12,3,4,48,0,292
19681.0,29,12,3,4,48,0,292
19682.0,29,12,3,4,48,0,292
19683.0,29,12,3,4,48,0,292
19684.0,29,12,3,4,48,0,292
19685.0,29,12,3,4,48,0,292
19686.0,29,12,3,4,48,0,292
19687.0,29,12,3,4,48,0,292
19688.0,29,12,3,4,48,0,292
19689.0,29,12,3,4,48,0,292
19690.0,29,12,3,4,48,0,292
19691.0,29,12,3,4,48,0,292
19692.0,29,12,3,4,48,0,292
19693.0,29,12,3,4,48,0,292
19694.0,29,12,3,4,48,0,292
19695.0,29,12,3,4,48,0,292
19696.0,29,12,3,4,48,0,292
19697.0,29,12,3,4,48,0,292
19698.0,29,12,3,4,48,0,292
19699.0,29,12,3,4,48,0,292
19700.0,29,12,3,4,48,0,292
19701.0,29,12,3,4,48,0,292
19702.0,29,12,3,4,48,0,292
19703.0,29,12,3,4,48,0,292
19704.0,29,12,3,4,48,0,292
19705.0,29,12,3,4,48,0,292
19706.0,29,12,3,4,48,0,292
19707.0,29,12,3,4,48,0,292
19708.0,29,12,3,4,48,0,292
19709.0,29,12,3,4,48,0,292
19710.0,29,12,3,4,48,0,292
19711.0,29,12,3,4,48,0,292
19712.0,29,12,3,4,48,0,292
19713.0,29,12,3,4,48,0,292
19714.0,29,12,3,4,48,0,292
19715.0,29,12,3,4,48,0,292
19716.0,29,12,3,4,48,0,292
19717.0,29,12,3,4,48,0,292
19718.0,29,12,3,4,48,0,292
19719.0,29,12,3,4,48,0,292
19720.0,29,12,3,4,48,0,292
19721.0,29,12,3,4,48,0,292
19722.0,29,12,3,4,48,0,292
19723.0,29,12,3,4,48,0,292
19724.0,29,12,3,4,48,0,292
19725.0,29,12,3,4,48,0,292
19726.0,29,12,3,4,48,0,292
19727.0,29,12,3,4,48,0,292
19728.0,29,12,3,4,48,0,292
19729.0,29,12,3,4,48,0,292
19730.0,29,12,3,4,48,0,292
19731.0,29,12,3,4,48,0,292
19732.0,29,12,3,4,48,0,292
19733.0,29,12,3,4,48,0,292
19734.0,29,12,3,4,48,0,292
19735.0,29,12,3,4,48,0,292
19736.0,29,12,3,4,48,0,292
19737.0,29,12,3,4,48,0,292
19738.0,29,12,3,4,48,0,292
19739.0,29,12,3,4,48,0,292
19740.0,29,12,3,4,48,0,292
19741.0,29,12,3,4,48,0,292
19742.0,29,12,3,4,48,0,292
19743.0,29,12,3,4,48,0,292
19744.0,29,12,3,4,48,0,292
19745.0,29,12,3,4,48,0,292
19746.0,29,12,3,4,48,0,292
19747.0,29,12,3,4,48,0,292
19748.0,29,12,3,4,48,0,292
19749.0,29,12,3,4,48,0,292
19750.0,29,12,3,4,48,0,292
19751.0,29,12,3,4,48,0,292
19752.0,29,12,3,4,48,0,292
19753.0,29,12,3,4,48,0,292
19754.0,29,12,3,4,48,0,292
19755.0,29,12,3,4,48,0,292
19756.0,29,12,3,4,48,0,292
19757.0,29,12,3,4,48,0,292
19758.0,29,12,3,4,48,0,292
19759.0,29,12,3,4,48,0,292
19760.0,29,12,3,4,48,0,292
19761.0,29,12,3,4,48,0,292
19762.0,29,12,3,4,48,0,292
19763.0,29,12,3,4,48,0,292
19764.0,29,12,3,4,48,0,292
19765.0,29,12,3,4,48,0,292
19766.0,29,12,3,4,48,0,292
19767.0,29,12,3,4,48,0,292
19768.0,29,12,3,4,48,0,292
19769.0,29,12,3,4,48,0,292
19770.0,29,12,3,4,48,0,292
19771.0,29,12,3,4,48,0,292
19772.0,29,12,3,4,48,0,292
19773.0,29,12,3,4,48,0,292
19774.0,29,12,3,4,48,0,292
19775.0,29,12,3,4,48,0,292
19776.0,29,12,3,4,48,0,292
19777.0,29,12,3,4,48,0,292
19778.0,29,12,3,4,48,0,292
19779.0,29,12,3,4,48,0,292
19780.0,29,12,3,4,48,0,292
19781.0,29,12,3,4,48,0,292
19782.0,29,12,3,4,48,0,292
19783.0,29,12,3,4,48,0,292
19784.0,29,12,3,4,48,0,292
19785.0,29,12,3,4,48,0,292
19786.0,29,12,3,4,48,0,292
19787.0,29,12,3,4,48,0,292
19788.0,29,12,3,4,48,0,292
19789.0,29,12,3,4,48,0,292
19790.0,29,12,3,4,48,0,292
19791.0,29,12,3,4,48,0,292
19792.0,29,12,3,4,48,0,292
19793.0,29,12,3,4,48,0,292
19794.0,29,12,3,4,48,0,292
19795.0,29,12,3,4,48,0,292
19796.0,29,12,3,4,48,0,292
19797.0,29,12,3,4,48,0,292
19798.0,29,12,3,4,48,0,292
19799.0,29,12,3,4,48,0,292
19800.0,29,12,3,4,48,0,292
19801.0,29,12,3,4,48,0,292
19802.0,29,12,3,4,48,0,292
19803.0,29,12,3,4,48,0,292
19804.0,29,12,3,4,48,0,292
19805.0,29,12,3,4,48,0,292
19806.0,29,12,3,4,48,0,292
19807.0,29,12,3,4,48,0,292
19808.0,29,12,3,4,48,0,292
19809.0,29,12,3,4,48,0,292
19810.0,29,12,3,4,48,0,292
19811.0,29,12,3,4,48,0,292
19812.0,29,12,3,4,48,0,292
19813.0,29,12,3,4,48,0,292
19814.0,29,12,3,4,48,0,292
19815.0,29,12,3,4,48,0,292
19816.0,29,12,3,4,48,0,292
19817.0,29,12,3,4,48,0,292
19818.0,29,12,3,4,48,0,292
19819.0,29,12,3,4,48,0,292
19820.0,29,12,3,4,48,0,292
19821.0,29,12,3,4,48,0,292
19822.0,29,12,3,4,48,0,292
19823.0,29,12,3,4,48,0,292
19824.0,29,12,3,4,48,0,292
19825.0,29,12,3,4,48,0,292
19826.0,29,12,3,4,48,0,292
19827.0,29,12,3,4,48,0,292
19828.0,29,12,3,4,48,0,292
19829.0,29,12,3,4,48,0,292
19830.0,29,12,3,4,48,0,292
19831.0,29,12,3,4,48,0,292
19832.0,29,12,3,4,48,0,292
19833.0,29,12,3,4,48,0,292
19834.0,29,12,3,4,48,0,292
19835.0,29,12,3,4,48,0,292
19836.0,29,12,3,4,48,0,292
19837.0,29,12,3,4,48,0,292
19838.0,29,12,3,4,48,0,292
19839.0,29,12,3,4,48,0,292
19840.0,29,12,3,4,48,0,292
19841.0,29,12,3,4,48,0,292
19842.0,29,12,3,4,48,0,292
19843.0,29,12,3,4,48,0,292
19844.0,29,12,3,4,48,0,292
19845.0,29,12,3,4,48,0,292
19846.0,29,12,3,4,48,0,292
19847.0,29,12,3,4,48,0,292
19848.0,29,12,3,4,48,0,292
19849.0,29,12,3,4,48,0,292
19850.0,29,12,3,4,48,0,292
19851.0,29,12,3,4,48,0,292
19852.0,29,12,3,4,48,0,292
19853.0,29,12,3,4,48,0,292
19854.0,29,12,3,4,48,0,292
19855.0,29,12,3,4,48,0,292
19856.0,29,12,3,4,48,0,292
19857.0,29,12,3,4,48,0,292
19858.0,29,12,3,4,48,0,292
19859.0,29,12,3,4,48,0,292
19860.0,29,12,3,4,48,0,292
19861.0,29,12,3,4,48,0,292
19862.0,29,12,3,4,48,0,292
19863.0,29,12,3,4,48,0,292
19864.0,29,12,3,4,48,0,292
19865.0,29,12,3,4,48,0,292
19866.0,29,12,3,4,48,0,292
19867.0,29,12,3,4,48,0,292
19868.0,29,12,3,4,48,0,292
19869.0,29,12,3,4,48,0,292
19870.0,29,12,3,4,48,0,292
19871.0,29,12,3,4,48,0,292
19872.0,29,12,3,4,48,0,292
19873.0,29,12,3,4,48,0,292
19874.0,29,12,3,4,48,0,292
19875.0,29,12,3,4,48,0,292
19876.0,29,12,3,4,48,0,292
19877.0,29,12,3,4,48,0,292
19878.0,29,12,3,4,48,0,292
19879.0,29,12,3,4,48,0,292
19880.0,29,12,3,4,48,0,292
19881.0,29,12,3,4,48,0,292
19882.0,29,12,3,4,48,0,292
19883.0,29,12,3,4,48,0,292
19884.0,29,12,3,4,48,0,292
19885.0,29,12,3,4,48,0,292
19886.0,29,12,3,4,48,0,292
19887.0,29,12,3,4,48,0,292
19888.0,29,12,3,4,48,0,292
19889.0,29,12,3,4,48,0,292
19890.0,29,12,3,4,48,0,292
19891.0,29,12,3,4,48,0,292
19892.0,29,12,3,4,48,0,292
19893.0,29,12,3,4,48,0,292
19894.0,29,12,3,4,48,0,292
19895.0,29,12,3,4,48,0,292
19896.0,29,12,3,4,48,0,292
19897.0,29,12,3,4,48,0,292
19898.0,29,12,3,4,48,0,292
19899.0,29,12,3,4,48,0,292
19900.0,29,12,3,4,48,0,292
19901.0,29,12,3,4,48,0,292
19902.0,29,12,3,4,48,0,292
19903.0,29,12,3,4,48,0,292
19904.0,29,12,3,4,48,0,292
19905.0,29,12,3,4,48,0,292
19906.0,29,12,3,4,48,0,292
19907.0,29,12,3,4,48,0,292
19908.0,29,12,3,4,48,0,292
19909.0,29,12,3,4,48,0,292
19910.0,29,12,3,4,48,0,292
19911.0,29,12,3,4,48,0,292
19912.0,29,12,3,4,48,0,292
19913.0,29,12,3,4,48,0,292
19914.0,29,12,3,4,48,0,292
19915.0,29,12,3,4,48,0,292
19916.0,29,12,3,4,48,0,292
19917.0,29,12,3,4,48,0,292
19918.0,29,12,3,4,48,0,292
19919.0,29,12,3,4,48,0,292
19920.0,29,12,3,4,48,0,292
19921.0,29,12,3,4,48,0,292
19922.0,29,12,3,4,48,0,292
19923.0,29,12,3,4,48,0,292
19924.0,29,12,3,4,48,0,292
19925.0,29,12,3,4,48,0,292
19926.0,29,12,3,4,48,0,292
19927.0,29,12,3,4,48,0,292
19928.0,29,12,3,4,48,0,292
19929.0,29,12,3,4,48,0,292
19930.0,29,12,3,4,48,0,292
19931.0,29,12,3,4,48,0,292
19932.0,29,12,3,4,48,0,292
19933.0,29,12,3,4,48,0,292
19934.0,29,12,3,4,48,0,292
19935.0,29,12,3,4,48,0,292
19936.0,29,12,3,4,48,0,292
19937.0,29,12,3,4,48,0,292
19938.0,29,12,3,4,48,0,292
19939.0,29,12,3,4,48,0,292
19940.0,29,12,3,4,48,0,292
19941.0,29,12,3,4,48,0,292
19942.0,29,12,3,4,48,0,292
19943.0,29,12,3,4,48,0,292
19944.0,29,12,3,4,48,0,292
19945.0,29,12,3,4,48,0,292
19946.0,29,12,3,4,48,0,292
19947.0,29,12,3,4,48,0,292
19948.0,29,12,3,4,48,0,292
19949.0,29,12,3,4,48,0,292
19950.0,29,12,3,4,48,0,292
19951.0,29,12,3,4,48,0,292
19952.0,29,12,3,4,48,0,292
19953.0,29,12,3,4,48,0,292
19954.0,29,12,3,4,48,0,292
19955.0,29,12,3,4,48,0,292
19956.0,29,12,3,4,48,0,292
19957.0,29,12,3,4,48,0,292
19958.0,29,12,3,4,48,0,292
19959.0,29,12,3,4,48,0,292
19960.0,29,12,3,4,48,0,292
19961.0,29,12,3,4,48,0,292
19962.0,29,12,3,4,48,0,292
19963.0,29,12,3,4,48,0,292
19964.0,29,12,3,4,48,0,292
19965.0,29,12,3,4,48,0,292
19966.0,29,12,3,4,48,0,292
19967.0,29,12,3,4,48,0,292
19968.0,29,12,3,4,48,0,292
19969.0,29,12,3,4,48,0,292
19970.0,29,12,3,4,48,0,292
19971.0,29,12,3,4,48,0,292
19972.0,29,12,3,4,48,0,292
19973.0,29,12,3,4,48,0,292
19974.0,29,12,3,4,48,0,292
19975.0,29,12,3,4,48,0,292
19976.0,29,12,3,4,48,0,292
19977.0,29,12,3,4,48,0,292
19978.0,29,12,3,4,48,0,292
19979.0,29,12,3,4,48,0,292
19980.0,29,12,3,4,48,0,292
19981.0,29,12,3,4,48,0,292
19982.0,29,12,3,4,48,0,292
19983.0,29,12,3,4,48,0,292
19984.0,29,12,3,4,48,0,292
19985.0,29,12,3,4,48,0,292
19986.0,29,12,3,4,48,0,292
19987.0,29,12,3,4,48,0,292
19988.0,29,12,3,4,48,0,292
19989.0,29,12,3,4,48,0,292
19990.0,29,12,3,4,48,0,292
19991.0,29,12,3,4,48,0,292
19992.0,29,12,3,4,48,0,292
19993.0,29,12,3,4,48,0,292
19994.0,29,12,3,4,48,0,292
19995.0,29,12,3,4,48,0,292
19996.0,29,12,3,4,48,0,292
19997.0,29,12,3,4,48,0,292
19998.0,29,12,3,4,48,0,292
19999.0,29,12,3,4,48,0,292
20000.0,29,12,3,4,48,0,292
