time,queue_N,queue_S,queue_E,queue_W,queue_total,phase,phase_switches
1.0,0,0,0,0,0,0,0
2.0,0,0,0,0,0,0,0
3.0,0,0,0,0,0,0,0
4.0,0,0,0,0,0,0,0
5.0,0,0,0,1,1,0,0
6.0,0,0,0,0,0,0,0
7.0,0,0,0,0,0,0,0
8.0,0,0,0,0,0,0,0
9.0,0,0,0,0,0,0,0
10.0,0,0,0,0,0,0,0
11.0,0,0,0,0,0,0,0
12.0,0,0,0,0,0,0,0
13.0,0,0,0,0,0,0,0
14.0,0,0,0,0,0,0,0
15.0,1,1,0,0,2,0,0
16.0,0,0,0,0,0,0,0
17.0,0,0,0,0,0,0,0
18.0,0,0,0,1,1,0,1
19.0,0,0,0,1,1,0,1
20.0,0,0,0,0,0,0,1
21.0,0,0,0,0,0,0,1
22.0,0,0,0,0,0,0,1
23.0,0,0,0,0,0,0,1
24.0,0,0,0,0,0,0,1
25.0,0,0,0,0,0,0,1
26.0,0,0,0,0,0,0,1
27.0,0,1,0,0,1,0,1
28.0,0,1,0,0,1,0,1
29.0,0,1,0,0,1,0,1
30.0,0,1,0,0,1,0,1
31.0,0,1,0,0,1,0,1
32.0,0,1,0,0,1,0,1
33.0,0,1,0,0,1,0,2
34.0,0,0,0,0,0,0,2
35.0,0,0,0,0,0,0,2
36.0,0,0,0,0,0,0,2
37.0,1,0,0,0,1,0,2
38.0,1,0,0,0,1,0,2
39.0,1,0,0,0,1,0,2
40.0,1,0,0,0,1,0,2
41.0,1,0,0,0,1,0,2
42.0,1,0,0,0,1,0,2
43.0,1,0,0,0,1,0,2
44.0,1,0,1,0,2,0,2
45.0,1,0,1,0,2,0,2
46.0,1,0,1,0,2,0,2
47.0,1,0,1,0,2,0,2
48.0,1,0,2,0,3,0,3
49.0,0,0,2,0,2,0,3
50.0,0,0,2,0,2,0,3
51.0,0,0,2,0,2,0,3
52.0,0,0,2,0,2,0,3
53.0,0,0,2,1,3,0,3
54.0,0,0,2,1,3,0,3
55.0,0,0,2,1,3,0,3
56.0,0,0,2,1,3,0,3
57.0,0,0,2,1,3,0,3
58.0,0,0,2,1,3,0,3
59.0,0,0,3,1,4,0,3
60.0,0,0,3,1,4,0,3
61.0,0,0,3,1,4,0,3
62.0,0,0,3,1,4,0,3
63.0,0,0,3,1,4,0,4
64.0,0,0,0,0,0,0,4
65.0,0,0,0,0,0,0,4
66.0,0,0,0,0,0,0,4
67.0,0,0,0,0,0,0,4
68.0,0,0,0,0,0,0,4
69.0,0,0,0,1,1,0,4
70.0,0,0,0,0,0,0,4
71.0,0,0,0,0,0,0,4
72.0,0,0,0,0,0,0,4
73.0,0,0,0,0,0,0,4
74.0,0,0,0,1,1,0,4
75.0,0,0,0,0,0,0,4
76.0,0,0,0,0,0,0,4
77.0,0,0,0,0,0,0,4
78.0,1,0,0,0,1,0,5
79.0,0,0,1,1,2,0,5
80.0,0,0,1,1,2,0,5
81.0,0,0,1,1,2,0,5
82.0,0,0,1,1,2,0,5
83.0,0,0,1,1,2,0,5
84.0,0,0,1,1,2,0,5
85.0,0,0,1,2,3,0,5
86.0,0,1,1,2,4,0,5
87.0,0,0,1,2,3,0,5
88.0,0,0,1,2,3,0,5
89.0,0,0,1,2,3,0,5
90.0,0,0,1,2,3,0,5
91.0,0,0,1,2,3,0,5
92.0,0,0,1,2,3,0,5
93.0,0,0,1,2,3,0,6
94.0,0,0,0,0,0,0,6
95.0,0,0,0,0,0,0,6
96.0,0,1,0,0,1,0,6
97.0,0,1,0,0,1,0,6
98.0,0,1,0,0,1,0,6
99.0,0,1,0,0,1,0,6
100.0,0,1,0,0,1,0,6
101.0,0,1,0,0,1,0,6
102.0,0,1,0,0,1,0,6
103.0,1,1,0,0,2,0,6
104.0,1,1,0,0,2,0,6
105.0,1,1,0,0,2,0,6
106.0,1,1,0,0,2,0,6
107.0,1,1,0,0,2,0,6
108.0,1,1,0,0,2,0,7
109.0,0,0,0,0,0,0,7
110.0,0,0,0,0,0,0,7
111.0,0,0,0,0,0,0,7
112.0,0,0,0,0,0,0,7
113.0,0,0,0,0,0,0,7
114.0,0,0,0,0,0,0,7
115.0,0,0,0,0,0,0,7
116.0,0,0,0,1,1,0,7
117.0,1,0,0,2,3,0,7
118.0,0,0,0,2,2,0,7
119.0,0,0,0,2,2,0,7
120.0,0,0,0,2,2,0,7
121.0,0,0,0,2,2,0,7
122.0,0,0,0,2,2,0,7
123.0,0,0,0,2,2,0,8
124.0,0,0,0,0,0,0,8
125.0,0,0,0,0,0,0,8
126.0,0,0,0,0,0,0,8
127.0,0,0,0,0,0,0,8
128.0,0,0,0,0,0,0,8
129.0,0,0,0,1,1,0,8
130.0,0,0,0,0,0,0,8
131.0,0,0,0,0,0,0,8
132.0,0,0,0,0,0,0,8
133.0,0,0,0,0,0,0,8
134.0,0,0,0,0,0,0,8
135.0,0,0,0,0,0,0,8
136.0,0,0,0,0,0,0,8
137.0,0,1,0,0,1,0,8
138.0,0,0,0,0,0,0,9
139.0,1,0,0,0,1,0,9
140.0,1,0,0,0,1,0,9
141.0,1,0,0,1,2,0,9
142.0,1,0,0,1,2,0,9
143.0,1,0,0,1,2,0,9
144.0,1,0,0,1,2,0,9
145.0,1,0,0,1,2,0,9
146.0,1,0,0,1,2,0,9
147.0,1,0,0,1,2,0,9
148.0,1,0,0,1,2,0,9
149.0,1,0,0,1,2,0,9
150.0,1,0,0,1,2,0,9
151.0,1,0,0,1,2,0,9
152.0,1,0,0,1,2,0,9
153.0,1,0,0,1,2,0,10
154.0,0,0,0,1,1,0,10
155.0,0,0,0,1,1,0,10
156.0,0,0,1,1,2,0,10
157.0,0,0,2,1,3,0,10
158.0,0,0,2,1,3,0,10
159.0,0,0,2,1,3,0,10
160.0,1,0,2,2,5,0,10
161.0,0,0,2,1,3,0,10
162.0,0,1,2,1,4,0,10
163.0,1,0,2,1,4,0,10
164.0,0,0,2,1,3,0,10
165.0,0,0,2,1,3,0,10
166.0,0,0,2,1,3,0,10
167.0,0,0,2,1,3,0,10
168.0,0,0,2,2,4,0,11
169.0,0,0,1,0,1,0,11
170.0,0,0,0,0,0,0,11
171.0,0,0,0,0,0,0,11
172.0,0,0,0,0,0,0,11
173.0,0,1,0,0,1,0,11
174.0,0,1,0,0,1,0,11
175.0,0,1,0,0,1,0,11
176.0,0,1,0,0,1,0,11
177.0,0,1,0,0,1,0,11
178.0,0,1,0,0,1,0,11
179.0,0,1,0,0,1,0,11
180.0,0,1,0,0,1,0,11
181.0,0,1,0,0,1,0,11
182.0,0,1,0,1,2,0,11
183.0,0,1,0,0,1,0,12
184.0,2,0,0,0,2,0,12
185.0,1,0,0,0,1,0,12
186.0,2,0,0,0,2,0,12
187.0,2,0,0,0,2,0,12
188.0,2,0,0,0,2,0,12
189.0,2,0,0,0,2,0,12
190.0,2,0,0,0,2,0,12
191.0,2,0,0,1,3,0,12
192.0,2,0,0,0,2,0,12
193.0,2,0,1,0,3,0,12
194.0,2,0,1,0,3,0,12
195.0,2,0,1,0,3,0,12
196.0,2,0,1,0,3,0,12
197.0,2,0,1,0,3,0,12
198.0,2,0,1,0,3,0,13
199.0,0,0,1,0,1,0,13
200.0,0,0,1,0,1,0,13
201.0,0,0,1,0,1,0,13
202.0,0,0,1,1,2,0,13
203.0,0,0,1,0,1,0,13
204.0,0,0,1,0,1,0,13
205.0,0,0,1,0,1,0,13
206.0,0,0,1,0,1,0,13
207.0,0,0,1,0,1,0,13
208.0,0,0,1,0,1,0,13
209.0,0,0,1,0,1,0,13
210.0,0,0,1,1,2,0,13
211.0,0,0,1,1,2,0,13
212.0,0,1,1,1,3,0,13
213.0,0,0,1,1,2,0,14
214.0,0,0,0,0,0,0,14
215.0,0,0,0,0,0,0,14
216.0,0,0,0,0,0,0,14
217.0,0,0,0,0,0,0,14
218.0,0,0,0,0,0,0,14
219.0,0,0,0,0,0,0,14
220.0,0,0,0,0,0,0,14
221.0,0,0,0,0,0,0,14
222.0,0,1,0,0,1,0,14
223.0,0,1,0,0,1,0,14
224.0,0,1,0,0,1,0,14
225.0,0,1,0,0,1,0,14
226.0,0,1,0,0,1,0,14
227.0,0,1,0,0,1,0,14
228.0,0,1,0,0,1,0,15
229.0,0,0,0,0,0,0,15
230.0,1,0,0,0,1,0,15
231.0,0,0,0,0,0,0,15
232.0,0,0,0,0,0,0,15
233.0,0,0,0,0,0,0,15
234.0,0,0,0,0,0,0,15
235.0,0,0,0,0,0,0,15
236.0,0,0,0,0,0,0,15
237.0,0,0,0,0,0,0,15
238.0,0,0,0,0,0,0,15
239.0,0,0,1,0,1,0,15
240.0,0,0,0,0,0,0,15
241.0,0,0,0,0,0,0,15
242.0,0,0,0,0,0,0,15
243.0,0,0,0,0,0,0,16
244.0,0,0,0,0,0,0,16
245.0,0,0,0,0,0,0,16
246.0,0,0,0,0,0,0,16
247.0,0,0,0,0,0,0,16
248.0,0,0,0,0,0,0,16
249.0,0,0,1,1,2,0,16
250.0,0,0,1,1,2,0,16
251.0,0,0,1,1,2,0,16
252.0,0,0,1,1,2,0,16
253.0,0,0,1,1,2,0,16
254.0,0,0,1,1,2,0,16
255.0,0,0,1,1,2,0,16
256.0,0,0,1,1,2,0,16
257.0,0,0,1,1,2,0,16
258.0,0,0,1,1,2,0,17
259.0,0,0,0,0,0,0,17
260.0,0,0,0,0,0,0,17
261.0,0,0,0,0,0,0,17
262.0,0,0,0,0,0,0,17
263.0,0,0,0,0,0,0,17
264.0,0,0,0,0,0,0,17
265.0,0,0,0,0,0,0,17
266.0,0,0,0,0,0,0,17
267.0,1,0,1,0,2,0,17
268.0,0,0,0,0,0,0,17
269.0,0,1,0,0,1,0,17
270.0,0,0,0,0,0,0,17
271.0,0,1,0,0,1,0,17
272.0,0,0,0,0,0,0,17
273.0,0,0,0,0,0,0,18
274.0,0,0,0,0,0,0,18
275.0,0,0,0,0,0,0,18
276.0,0,0,0,0,0,0,18
277.0,0,0,1,0,1,0,18
278.0,0,0,1,0,1,0,18
279.0,0,0,1,0,1,0,18
280.0,0,0,1,0,1,0,18
281.0,0,0,1,0,1,0,18
282.0,0,0,1,0,1,0,18
283.0,0,0,1,0,1,0,18
284.0,0,0,1,0,1,0,18
285.0,0,0,1,0,1,0,18
286.0,0,0,1,0,1,0,18
287.0,0,0,1,0,1,0,18
288.0,0,0,1,1,2,0,19
289.0,0,0,1,2,3,0,19
290.0,0,0,1,1,2,0,19
291.0,0,0,2,1,3,0,19
292.0,0,0,2,1,3,0,19
293.0,0,0,2,1,3,0,19
294.0,0,0,2,1,3,0,19
295.0,0,0,2,1,3,0,19
296.0,0,0,2,1,3,0,19
297.0,0,0,2,1,3,0,19
298.0,0,0,2,1,3,0,19
299.0,0,0,2,2,4,0,19
300.0,0,0,2,2,4,0,19
301.0,0,0,2,3,5,0,19
302.0,0,0,2,3,5,0,19
303.0,0,0,2,3,5,0,20
304.0,0,0,1,1,2,0,20
305.0,0,0,0,0,0,0,20
306.0,0,0,0,0,0,0,20
307.0,0,0,0,0,0,0,20
308.0,0,0,0,0,0,0,20
309.0,0,0,0,0,0,0,20
310.0,0,0,0,0,0,0,20
311.0,0,0,0,0,0,0,20
312.0,0,0,0,0,0,0,20
313.0,0,0,0,0,0,0,20
314.0,0,0,0,0,0,0,20
315.0,0,0,0,0,0,0,20
316.0,0,0,0,0,0,0,20
317.0,0,0,0,1,1,0,20
318.0,0,0,0,0,0,0,21
319.0,0,0,1,0,1,0,21
320.0,0,0,0,0,0,0,21
321.0,0,0,0,0,0,0,21
322.0,0,0,0,0,0,0,21
323.0,0,0,0,0,0,0,21
324.0,0,0,0,0,0,0,21
325.0,0,0,0,0,0,0,21
326.0,0,0,0,0,0,0,21
327.0,0,0,0,0,0,0,21
328.0,0,0,0,1,1,0,21
329.0,0,0,0,1,1,0,21
330.0,0,0,0,1,1,0,21
331.0,0,0,1,1,2,0,21
332.0,0,0,1,1,2,0,21
333.0,0,0,1,1,2,0,22
334.0,0,0,1,2,3,0,22
335.0,0,0,1,1,2,0,22
336.0,0,0,2,1,3,0,22
337.0,0,0,2,1,3,0,22
338.0,1,0,2,2,5,0,22
339.0,0,0,2,3,5,0,22
340.0,1,0,2,2,5,0,22
341.0,0,0,2,2,4,0,22
342.0,0,0,2,3,5,0,22
343.0,0,0,3,4,7,0,22
344.0,0,0,3,4,7,0,22
345.0,0,0,3,4,7,0,22
346.0,0,0,3,4,7,0,22
347.0,0,0,3,3,6,0,22
348.0,0,0,4,4,8,0,23
349.0,0,0,1,1,2,0,23
350.0,0,0,0,0,0,0,23
351.0,1,0,0,0,1,0,23
352.0,0,0,0,0,0,0,23
353.0,0,0,0,0,0,0,23
354.0,0,0,0,0,0,0,23
355.0,0,0,0,0,0,0,23
356.0,0,0,0,0,0,0,23
357.0,0,0,0,0,0,0,23
358.0,0,0,0,0,0,0,23
359.0,0,0,0,0,0,0,23
360.0,0,0,0,0,0,0,23
361.0,0,0,0,0,0,0,23
362.0,0,0,0,0,0,0,23
363.0,2,0,0,0,2,0,23
364.0,2,0,0,0,2,0,23
365.0,2,0,0,0,2,0,23
366.0,2,0,0,1,3,0,23
367.0,2,0,0,0,2,0,23
368.0,2,1,0,0,3,0,24
369.0,0,0,0,1,1,0,24
370.0,0,0,0,1,1,0,24
371.0,0,0,0,1,1,0,24
372.0,0,0,0,1,1,0,24
373.0,0,0,0,1,1,0,24
374.0,0,0,0,1,1,0,24
375.0,0,0,0,1,1,0,24
376.0,0,0,0,2,2,0,24
377.0,0,0,0,2,2,0,24
378.0,0,0,0,2,2,0,24
379.0,0,0,0,2,2,0,24
380.0,0,0,0,3,3,0,24
381.0,0,0,0,2,2,0,24
382.0,0,0,0,2,2,0,24
383.0,0,0,0,2,2,0,25
384.0,0,0,0,0,0,0,25
385.0,0,0,0,0,0,0,25
386.0,0,0,0,0,0,0,25
387.0,0,0,0,0,0,0,25
388.0,0,0,0,0,0,0,25
389.0,0,0,0,0,0,0,25
390.0,0,0,0,0,0,0,25
391.0,0,0,0,0,0,0,25
392.0,0,0,0,0,0,0,25
393.0,0,0,0,0,0,0,25
394.0,0,0,0,0,0,0,25
395.0,0,0,0,0,0,0,25
396.0,0,0,0,0,0,0,25
397.0,0,0,0,0,0,0,25
398.0,0,0,0,0,0,0,26
399.0,0,0,0,0,0,0,26
400.0,0,0,0,0,0,0,26
401.0,0,0,0,0,0,0,26
402.0,0,1,0,0,1,0,26
403.0,0,0,0,0,0,0,26
404.0,0,0,0,0,0,0,26
405.0,0,0,0,0,0,0,26
406.0,0,0,0,1,1,0,26
407.0,0,0,0,1,1,0,26
408.0,0,0,0,1,1,0,26
409.0,0,0,0,1,1,0,26
410.0,0,0,0,1,1,0,26
411.0,0,0,0,1,1,0,26
412.0,0,1,0,1,2,0,26
413.0,0,0,0,1,1,0,27
414.0,0,1,0,0,1,0,27
415.0,0,1,0,0,1,0,27
416.0,0,1,0,0,1,0,27
417.0,0,1,0,0,1,0,27
418.0,0,1,0,0,1,0,27
419.0,0,1,0,0,1,0,27
420.0,0,1,0,0,1,0,27
421.0,0,1,0,0,1,0,27
422.0,0,1,0,0,1,0,27
423.0,0,2,0,0,2,0,27
424.0,0,2,0,0,2,0,27
425.0,0,2,1,0,3,0,27
426.0,0,2,0,0,2,0,27
427.0,0,2,0,0,2,0,27
428.0,0,2,0,0,2,0,28
429.0,0,0,0,0,0,0,28
430.0,0,0,0,0,0,0,28
431.0,0,0,0,0,0,0,28
432.0,0,0,0,0,0,0,28
433.0,0,0,0,0,0,0,28
434.0,0,0,0,0,0,0,28
435.0,0,0,0,0,0,0,28
436.0,1,0,1,0,2,0,28
437.0,0,0,1,0,1,0,28
438.0,0,1,1,0,2,0,28
439.0,0,0,1,0,1,0,28
440.0,0,0,1,0,1,0,28
441.0,0,0,1,0,1,0,28
442.0,0,0,1,0,1,0,28
443.0,0,0,1,0,1,0,29
444.0,0,0,0,0,0,0,29
445.0,0,0,0,0,0,0,29
446.0,0,0,0,0,0,0,29
447.0,0,0,1,0,1,0,29
448.0,0,0,0,0,0,0,29
449.0,0,1,0,0,1,0,29
450.0,0,1,0,0,1,0,29
451.0,0,1,0,0,1,0,29
452.0,0,1,0,0,1,0,29
453.0,0,2,0,0,2,0,29
454.0,0,2,0,1,3,0,29
455.0,0,2,0,0,2,0,29
456.0,0,2,0,0,2,0,29
457.0,0,2,0,0,2,0,29
458.0,1,2,0,0,3,0,30
459.0,1,1,0,0,2,0,30
460.0,1,1,0,0,2,0,30
461.0,1,1,0,0,2,0,30
462.0,1,1,0,0,2,0,30
463.0,1,1,0,0,2,0,30
464.0,1,1,0,0,2,0,30
465.0,1,1,0,1,3,0,30
466.0,1,1,0,1,3,0,30
467.0,1,1,1,1,4,0,30
468.0,1,1,1,1,4,0,30
469.0,1,1,1,1,4,0,30
470.0,1,1,1,1,4,0,30
471.0,1,1,1,1,4,0,30
472.0,1,1,1,1,4,0,30
473.0,1,1,1,1,4,0,31
474.0,0,0,1,1,2,0,31
475.0,0,0,1,1,2,0,31
476.0,0,0,1,1,2,0,31
477.0,0,0,1,1,2,0,31
478.0,0,0,1,1,2,0,31
479.0,0,0,1,1,2,0,31
480.0,0,0,1,1,2,0,31
481.0,0,0,1,1,2,0,31
482.0,0,0,1,1,2,0,31
483.0,0,0,1,1,2,0,31
484.0,0,0,1,1,2,0,31
485.0,0,0,2,1,3,0,31
486.0,0,0,1,1,2,0,31
487.0,0,0,1,1,2,0,31
488.0,0,0,1,1,2,0,32
489.0,0,0,0,0,0,0,32
490.0,0,1,0,0,1,0,32
491.0,0,1,0,0,1,0,32
492.0,0,1,0,0,1,0,32
493.0,0,1,0,0,1,0,32
494.0,0,1,0,0,1,0,32
495.0,0,1,0,0,1,0,32
496.0,0,1,0,0,1,0,32
497.0,0,1,0,0,1,0,32
498.0,0,1,0,0,1,0,32
499.0,0,1,0,0,1,0,32
500.0,0,1,0,0,1,0,32
501.0,0,1,0,0,1,0,32
502.0,0,1,0,0,1,0,32
503.0,0,1,0,0,1,0,33
504.0,0,0,0,0,0,0,33
505.0,0,0,0,0,0,0,33
506.0,0,0,0,0,0,0,33
507.0,0,0,0,0,0,0,33
508.0,0,0,0,0,0,0,33
509.0,0,0,0,0,0,0,33
510.0,0,0,0,0,0,0,33
511.0,0,0,0,0,0,0,33
512.0,0,0,1,0,1,0,33
513.0,0,0,1,0,1,0,33
514.0,0,0,1,0,1,0,33
515.0,0,0,1,0,1,0,33
516.0,0,0,1,0,1,0,33
517.0,0,0,1,0,1,0,33
518.0,0,0,1,0,1,0,34
519.0,0,0,0,0,0,0,34
520.0,0,0,0,0,0,0,34
521.0,0,0,0,0,0,0,34
522.0,0,0,0,0,0,0,34
523.0,0,0,0,0,0,0,34
524.0,0,1,0,0,1,0,34
525.0,0,0,0,0,0,0,34
526.0,0,0,0,0,0,0,34
527.0,0,0,0,0,0,0,34
528.0,0,0,0,0,0,0,34
529.0,0,0,0,0,0,0,34
530.0,0,0,0,0,0,0,34
531.0,0,1,0,0,1,0,34
532.0,0,1,0,0,1,0,34
533.0,0,1,1,0,2,0,35
534.0,0,1,0,0,1,0,35
535.0,0,1,0,0,1,0,35
536.0,0,2,1,0,3,0,35
537.0,0,2,0,0,2,0,35
538.0,0,2,0,0,2,0,35
539.0,0,2,0,0,2,0,35
540.0,0,2,0,0,2,0,35
541.0,0,2,0,0,2,0,35
542.0,0,3,1,0,4,0,35
543.0,0,2,1,0,3,0,35
544.0,0,2,1,0,3,0,35
545.0,0,2,1,0,3,0,35
546.0,0,2,2,0,4,0,35
547.0,0,2,2,0,4,0,35
548.0,0,2,2,0,4,0,36
549.0,0,1,2,0,3,0,36
550.0,0,0,2,0,2,0,36
551.0,0,0,2,0,2,0,36
552.0,0,0,2,0,2,0,36
553.0,0,0,2,0,2,0,36
554.0,1,0,2,0,3,0,36
555.0,0,0,2,0,2,0,36
556.0,0,1,2,0,3,0,36
557.0,0,0,2,1,3,0,36
558.0,1,0,2,1,4,0,36
559.0,0,0,2,1,3,0,36
560.0,0,0,2,1,3,0,36
561.0,0,0,2,1,3,0,36
562.0,0,0,2,1,3,0,36
563.0,0,0,2,1,3,0,37
564.0,0,0,0,0,0,0,37
565.0,0,0,0,0,0,0,37
566.0,0,1,0,0,1,0,37
567.0,0,0,0,0,0,0,37
568.0,0,0,0,0,0,0,37
569.0,0,0,0,0,0,0,37
570.0,0,0,0,0,0,0,37
571.0,0,0,0,0,0,0,37
572.0,0,0,0,0,0,0,37
573.0,0,0,0,0,0,0,37
574.0,0,0,0,0,0,0,37
575.0,1,0,0,0,1,0,37
576.0,1,0,0,0,1,0,37
577.0,1,2,1,0,4,0,37
578.0,1,2,0,0,3,0,37
579.0,1,2,0,0,3,0,37
580.0,2,3,0,0,5,0,37
581.0,2,2,0,0,4,0,37
582.0,2,2,0,0,4,0,37
583.0,2,2,0,0,4,0,38
584.0,0,0,0,0,0,0,38
585.0,0,1,0,0,1,0,38
586.0,0,0,0,0,0,0,38
587.0,0,0,0,0,0,0,38
588.0,0,0,2,0,2,0,38
589.0,1,0,1,0,2,0,38
590.0,0,0,1,0,1,0,38
591.0,0,0,1,0,1,0,38
592.0,0,0,1,0,1,0,38
593.0,0,0,1,1,2,0,38
594.0,0,0,1,0,1,0,38
595.0,0,0,1,0,1,0,38
596.0,0,0,1,0,1,0,38
597.0,0,0,2,0,2,0,38
598.0,0,0,2,0,2,0,39
599.0,0,0,1,0,1,0,39
600.0,0,0,0,0,0,0,39
601.0,0,0,0,0,0,0,39
602.0,0,0,0,0,0,0,39
603.0,0,0,0,0,0,0,39
604.0,0,0,0,0,0,0,39
605.0,0,0,0,0,0,0,39
606.0,0,0,0,0,0,0,39
607.0,0,1,0,0,1,0,39
608.0,0,1,0,0,1,0,39
609.0,0,1,0,0,1,0,39
610.0,0,1,0,0,1,0,39
611.0,0,1,0,0,1,0,39
612.0,1,1,0,0,2,0,39
613.0,1,1,0,0,2,0,40
614.0,1,1,0,0,2,0,40
615.0,1,1,0,0,2,0,40
616.0,1,1,0,0,2,0,40
617.0,1,1,1,0,3,0,40
618.0,1,1,1,0,3,0,40
619.0,1,1,1,0,3,0,40
620.0,1,1,1,0,3,0,40
621.0,1,1,1,0,3,0,40
622.0,1,1,1,0,3,0,40
623.0,1,1,1,0,3,0,40
624.0,1,1,1,0,3,0,40
625.0,2,1,1,0,4,0,40
626.0,1,2,1,0,4,0,40
627.0,1,2,1,0,4,0,40
628.0,1,2,1,0,4,0,41
629.0,0,1,2,0,3,0,41
630.0,0,0,2,0,2,0,41
631.0,0,0,2,1,3,0,41
632.0,0,0,2,1,3,0,41
633.0,0,0,2,1,3,0,41
634.0,0,0,2,1,3,0,41
635.0,0,0,2,1,3,0,41
636.0,0,0,2,1,3,0,41
637.0,0,0,2,1,3,0,41
638.0,0,0,2,1,3,0,41
639.0,0,0,2,1,3,0,41
640.0,0,0,2,1,3,0,41
641.0,0,0,2,1,3,0,41
642.0,0,0,2,1,3,0,41
643.0,0,0,3,1,4,0,42
644.0,0,0,1,0,1,0,42
645.0,0,0,0,0,0,0,42
646.0,0,0,0,0,0,0,42
647.0,1,0,0,0,1,0,42
648.0,1,0,0,0,1,0,42
649.0,1,0,0,0,1,0,42
650.0,1,0,0,0,1,0,42
651.0,1,0,0,0,1,0,42
652.0,1,0,0,0,1,0,42
653.0,1,0,0,0,1,0,42
654.0,1,0,0,0,1,0,42
655.0,1,0,0,0,1,0,42
656.0,1,0,0,0,1,0,42
657.0,1,0,0,0,1,0,42
658.0,1,0,0,0,1,0,43
659.0,0,0,0,0,0,0,43
660.0,0,0,0,0,0,0,43
661.0,0,0,0,0,0,0,43
662.0,0,0,0,0,0,0,43
663.0,0,0,0,0,0,0,43
664.0,0,0,0,0,0,0,43
665.0,0,0,0,0,0,0,43
666.0,0,0,0,0,0,0,43
667.0,0,0,0,0,0,0,43
668.0,0,0,0,0,0,0,43
669.0,0,0,0,0,0,0,43
670.0,0,0,0,0,0,0,43
671.0,0,0,0,0,0,0,43
672.0,0,0,0,0,0,0,43
673.0,0,0,0,0,0,0,44
674.0,0,0,0,0,0,0,44
675.0,0,0,0,0,0,0,44
676.0,0,0,0,0,0,0,44
677.0,0,0,0,0,0,0,44
678.0,0,0,0,0,0,0,44
679.0,0,0,0,0,0,0,44
680.0,0,0,0,0,0,0,44
681.0,0,0,0,0,0,0,44
682.0,0,0,0,0,0,0,44
683.0,0,0,0,0,0,0,44
684.0,0,0,0,0,0,0,44
685.0,0,0,0,0,0,0,44
686.0,0,0,0,0,0,0,44
687.0,0,0,0,0,0,0,44
688.0,0,0,0,0,0,0,45
689.0,0,0,0,0,0,0,45
690.0,0,0,0,0,0,0,45
691.0,0,0,1,0,1,0,45
692.0,0,0,0,0,0,0,45
693.0,0,0,0,0,0,0,45
694.0,0,0,0,0,0,0,45
695.0,0,0,0,0,0,0,45
696.0,0,0,0,0,0,0,45
697.0,0,0,0,0,0,0,45
698.0,0,0,1,0,1,0,45
699.0,0,0,1,0,1,0,45
700.0,0,0,1,0,1,0,45
701.0,0,0,1,0,1,0,45
702.0,0,0,1,0,1,0,45
703.0,0,0,2,0,2,0,46
704.0,0,0,2,0,2,0,46
705.0,0,0,2,0,2,0,46
706.0,0,0,2,0,2,0,46
707.0,0,0,2,0,2,0,46
708.0,0,0,2,0,2,0,46
709.0,0,0,2,0,2,0,46
710.0,0,0,2,0,2,0,46
711.0,0,0,2,0,2,0,46
712.0,0,0,2,0,2,0,46
713.0,0,0,2,0,2,0,46
714.0,0,0,2,0,2,0,46
715.0,0,0,2,1,3,0,46
716.0,0,0,3,1,4,0,46
717.0,0,0,3,1,4,0,46
718.0,0,0,3,1,4,0,47
719.0,0,0,1,0,1,0,47
720.0,0,0,0,0,0,0,47
721.0,0,0,0,0,0,0,47
722.0,0,0,0,0,0,0,47
723.0,0,0,0,0,0,0,47
724.0,0,0,0,0,0,0,47
725.0,0,0,0,0,0,0,47
726.0,0,0,0,0,0,0,47
727.0,0,0,0,0,0,0,47
728.0,0,0,0,0,0,0,47
729.0,0,0,0,0,0,0,47
730.0,0,0,0,0,0,0,47
731.0,0,0,0,0,0,0,47
732.0,0,0,0,0,0,0,47
733.0,0,0,0,0,0,0,48
734.0,0,0,1,0,1,0,48
735.0,0,0,0,0,0,0,48
736.0,0,0,0,0,0,0,48
737.0,0,0,0,0,0,0,48
738.0,0,0,0,0,0,0,48
739.0,0,0,0,0,0,0,48
740.0,0,0,0,0,0,0,48
741.0,0,0,0,0,0,0,48
742.0,0,0,0,0,0,0,48
743.0,0,0,0,0,0,0,48
744.0,0,0,0,0,0,0,48
745.0,0,0,1,0,1,0,48
746.0,0,0,1,0,1,0,48
747.0,0,0,1,0,1,0,48
748.0,0,0,1,0,1,0,49
749.0,0,0,1,0,1,0,49
750.0,0,0,1,0,1,0,49
751.0,0,0,1,0,1,0,49
752.0,0,0,1,0,1,0,49
753.0,0,0,1,0,1,0,49
754.0,0,0,1,0,1,0,49
755.0,0,0,1,0,1,0,49
756.0,0,0,1,0,1,0,49
757.0,0,0,1,0,1,0,49
758.0,0,0,1,0,1,0,49
759.0,0,0,1,0,1,0,49
760.0,0,0,1,0,1,0,49
761.0,0,0,1,0,1,0,49
762.0,0,0,1,0,1,0,49
763.0,0,0,1,0,1,0,50
764.0,0,0,0,0,0,0,50
765.0,0,0,0,0,0,0,50
766.0,0,1,0,0,1,0,50
767.0,0,0,0,0,0,0,50
768.0,0,0,0,0,0,0,50
769.0,0,0,0,0,0,0,50
770.0,0,0,0,0,0,0,50
771.0,0,0,0,0,0,0,50
772.0,0,0,0,0,0,0,50
773.0,0,0,0,0,0,0,50
774.0,0,0,0,0,0,0,50
775.0,0,0,0,0,0,0,50
776.0,0,1,0,0,1,0,50
777.0,0,1,0,0,1,0,50
778.0,0,1,1,0,2,0,51
779.0,0,1,0,0,1,0,51
780.0,0,1,0,0,1,0,51
781.0,0,1,0,0,1,0,51
782.0,0,2,0,0,2,0,51
783.0,0,1,0,0,1,0,51
784.0,0,1,0,0,1,0,51
785.0,0,1,0,0,1,0,51
786.0,0,1,0,0,1,0,51
787.0,0,1,0,0,1,0,51
788.0,0,1,0,0,1,0,51
789.0,0,1,1,0,2,0,51
790.0,0,1,1,0,2,0,51
791.0,0,1,1,0,2,0,51
792.0,0,1,1,0,2,0,51
793.0,0,1,1,0,2,0,52
794.0,0,0,1,0,1,0,52
795.0,0,1,1,0,2,0,52
796.0,0,0,1,0,1,0,52
797.0,0,0,1,0,1,0,52
798.0,0,0,1,0,1,0,52
799.0,0,0,1,0,1,0,52
800.0,0,0,1,0,1,0,52
801.0,0,0,1,1,2,0,52
802.0,0,0,1,0,1,0,52
803.0,0,0,1,0,1,0,52
804.0,0,0,1,0,1,0,52
805.0,0,0,1,0,1,0,52
806.0,0,0,1,0,1,0,52
807.0,0,0,1,0,1,0,52
808.0,0,0,1,0,1,0,53
809.0,0,0,0,0,0,0,53
810.0,0,0,0,0,0,0,53
811.0,0,0,0,0,0,0,53
812.0,0,0,0,0,0,0,53
813.0,0,0,0,0,0,0,53
814.0,0,0,0,0,0,0,53
815.0,0,0,0,0,0,0,53
816.0,0,0,0,0,0,0,53
817.0,0,0,0,0,0,0,53
818.0,0,0,0,0,0,0,53
819.0,0,0,0,0,0,0,53
820.0,0,0,0,0,0,0,53
821.0,0,0,0,0,0,0,53
822.0,0,0,0,0,0,0,53
823.0,0,0,0,0,0,0,54
824.0,0,0,0,0,0,0,54
825.0,0,0,0,0,0,0,54
826.0,0,0,0,0,0,0,54
827.0,0,0,0,0,0,0,54
828.0,0,0,0,0,0,0,54
829.0,0,0,0,0,0,0,54
830.0,0,0,0,0,0,0,54
831.0,0,0,0,0,0,0,54
832.0,0,0,0,0,0,0,54
833.0,0,0,0,0,0,0,54
834.0,0,0,0,0,0,0,54
835.0,0,1,0,0,1,0,54
836.0,0,1,0,0,1,0,54
837.0,0,1,0,0,1,0,54
838.0,0,1,0,0,1,0,55
839.0,0,0,0,0,0,0,55
840.0,0,0,0,0,0,0,55
841.0,0,0,0,0,0,0,55
842.0,0,0,0,0,0,0,55
843.0,0,0,0,0,0,0,55
844.0,0,0,0,0,0,0,55
845.0,0,0,0,1,1,0,55
846.0,0,0,0,1,1,0,55
847.0,0,0,0,1,1,0,55
848.0,0,0,0,1,1,0,55
849.0,0,0,0,1,1,0,55
850.0,0,0,0,1,1,0,55
851.0,0,0,0,1,1,0,55
852.0,0,0,0,1,1,0,55
853.0,0,0,1,1,2,0,56
854.0,0,0,1,0,1,0,56
855.0,0,0,0,0,0,0,56
856.0,0,0,0,0,0,0,56
857.0,0,0,0,0,0,0,56
858.0,0,0,0,0,0,0,56
859.0,0,1,0,0,1,0,56
860.0,0,0,0,0,0,0,56
861.0,0,0,0,0,0,0,56
862.0,0,0,0,0,0,0,56
863.0,0,0,0,0,0,0,56
864.0,0,0,0,0,0,0,56
865.0,0,0,0,0,0,0,56
866.0,0,0,0,0,0,0,56
867.0,0,0,0,0,0,0,56
868.0,0,0,0,0,0,0,57
869.0,0,0,0,0,0,0,57
870.0,0,0,1,0,1,0,57
871.0,0,0,1,0,1,0,57
872.0,0,0,1,0,1,0,57
873.0,0,0,1,1,2,0,57
874.0,0,0,1,1,2,0,57
875.0,0,0,1,1,2,0,57
876.0,0,0,1,1,2,0,57
877.0,0,2,1,1,4,0,57
878.0,0,1,1,1,3,0,57
879.0,0,1,1,1,3,0,57
880.0,0,1,1,1,3,0,57
881.0,1,1,1,1,4,0,57
882.0,0,1,1,1,3,0,57
883.0,0,1,1,1,3,0,58
884.0,0,1,0,0,1,0,58
885.0,0,2,0,0,2,0,58
886.0,0,2,0,0,2,0,58
887.0,0,2,0,0,2,0,58
888.0,0,3,0,0,3,0,58
889.0,0,3,0,0,3,0,58
890.0,0,3,0,0,3,0,58
891.0,0,3,0,0,3,0,58
892.0,0,3,0,0,3,0,58
893.0,0,3,0,0,3,0,58
894.0,1,3,0,0,4,0,58
895.0,0,3,0,0,3,0,58
896.0,0,3,0,0,3,0,58
897.0,0,3,0,0,3,0,58
898.0,0,3,0,0,3,0,59
899.0,0,0,0,0,0,0,59
900.0,0,0,0,0,0,0,59
901.0,0,0,1,0,1,0,59
902.0,0,0,1,0,1,0,59
903.0,0,0,1,0,1,0,59
904.0,0,0,1,0,1,0,59
905.0,0,0,1,0,1,0,59
906.0,0,0,1,0,1,0,59
907.0,0,0,2,0,2,0,59
908.0,0,0,2,0,2,0,59
909.0,0,0,2,0,2,0,59
910.0,0,0,2,0,2,0,59
911.0,0,0,2,0,2,0,59
912.0,0,0,2,0,2,0,59
913.0,0,0,2,0,2,0,60
914.0,0,0,2,0,2,0,60
915.0,0,0,0,0,0,0,60
916.0,1,0,0,0,1,0,60
917.0,1,0,0,0,1,0,60
918.0,1,0,1,0,2,0,60
919.0,2,0,0,0,2,0,60
920.0,1,0,0,0,1,0,60
921.0,1,0,0,0,1,0,60
922.0,1,0,0,0,1,0,60
923.0,1,0,0,0,1,0,60
924.0,1,0,0,0,1,0,60
925.0,1,0,0,1,2,0,60
926.0,1,0,0,0,1,0,60
927.0,1,0,0,0,1,0,60
928.0,1,0,0,0,1,0,61
929.0,1,0,0,0,1,0,61
930.0,1,0,0,0,1,0,61
931.0,1,1,0,0,2,0,61
932.0,1,0,0,0,1,0,61
933.0,1,0,0,0,1,0,61
934.0,1,0,0,0,1,0,61
935.0,1,0,0,0,1,0,61
936.0,1,0,0,1,2,0,61
937.0,1,0,0,1,2,0,61
938.0,1,0,0,1,2,0,61
939.0,1,1,0,1,3,0,61
940.0,2,0,0,1,3,0,61
941.0,2,0,0,1,3,0,61
942.0,2,0,0,1,3,0,61
943.0,2,0,0,1,3,0,62
944.0,1,0,0,1,2,0,62
945.0,0,0,0,1,1,0,62
946.0,0,0,0,1,1,0,62
947.0,0,0,0,1,1,0,62
948.0,0,0,0,1,1,0,62
949.0,0,0,0,1,1,0,62
950.0,0,1,0,1,2,0,62
951.0,0,0,0,1,1,0,62
952.0,0,0,0,1,1,0,62
953.0,0,0,0,1,1,0,62
954.0,0,0,0,1,1,0,62
955.0,0,0,0,1,1,0,62
956.0,0,0,0,1,1,0,62
957.0,0,0,0,1,1,0,62
958.0,0,0,0,1,1,0,63
959.0,0,0,0,1,1,0,63
960.0,0,0,0,0,0,0,63
961.0,0,1,0,0,1,0,63
962.0,0,1,0,0,1,0,63
963.0,0,1,0,0,1,0,63
964.0,0,1,0,0,1,0,63
965.0,0,1,0,0,1,0,63
966.0,0,2,0,0,2,0,63
967.0,0,1,0,0,1,0,63
968.0,0,1,0,0,1,0,63
969.0,0,2,0,0,2,0,63
970.0,0,1,0,0,1,0,63
971.0,0,1,0,0,1,0,63
972.0,0,1,0,0,1,0,63
973.0,0,1,0,0,1,0,64
974.0,0,1,0,0,1,0,64
975.0,0,0,0,0,0,0,64
976.0,0,0,0,0,0,0,64
977.0,0,0,0,0,0,0,64
978.0,0,0,0,0,0,0,64
979.0,0,0,0,0,0,0,64
980.0,0,0,0,0,0,0,64
981.0,0,0,0,1,1,0,64
982.0,0,0,0,1,1,0,64
983.0,0,1,0,1,2,0,64
984.0,1,1,0,1,3,0,64
985.0,0,1,0,1,2,0,64
986.0,0,1,0,1,2,0,64
987.0,0,1,1,1,3,0,64
988.0,0,1,0,1,2,0,65
989.0,0,0,0,1,1,0,65
990.0,0,0,0,1,1,0,65
991.0,0,0,0,1,1,0,65
992.0,0,0,0,1,1,0,65
993.0,0,1,0,1,2,0,65
994.0,0,0,0,1,1,0,65
995.0,0,0,0,1,1,0,65
996.0,0,0,0,1,1,0,65
997.0,0,0,1,1,2,0,65
998.0,0,0,1,1,2,0,65
999.0,0,0,1,1,2,0,65
1000.0,0,0,1,1,2,0,65
1001.0,0,1,1,1,3,0,65
1002.0,0,0,1,1,2,0,65
1003.0,0,0,1,1,2,0,66
1004.0,0,0,0,0,0,0,66
1005.0,0,0,0,0,0,0,66
1006.0,0,0,0,0,0,0,66
1007.0,1,0,0,0,1,0,66
1008.0,1,0,0,0,1,0,66
1009.0,1,0,0,0,1,0,66
1010.0,1,0,0,0,1,0,66
1011.0,1,0,0,0,1,0,66
1012.0,1,0,0,0,1,0,66
1013.0,1,0,0,0,1,0,66
1014.0,1,0,0,0,1,0,66
1015.0,1,0,0,0,1,0,66
1016.0,1,0,0,0,1,0,66
1017.0,1,0,0,0,1,0,66
1018.0,1,0,0,0,1,0,67
1019.0,1,0,0,0,1,0,67
1020.0,0,0,0,1,1,0,67
1021.0,0,0,0,0,0,0,67
1022.0,0,0,0,0,0,0,67
1023.0,0,0,0,0,0,0,67
1024.0,0,0,0,0,0,0,67
1025.0,0,0,0,0,0,0,67
1026.0,0,0,0,0,0,0,67
1027.0,0,0,0,0,0,0,67
1028.0,0,0,0,0,0,0,67
1029.0,0,0,0,0,0,0,67
1030.0,0,0,0,0,0,0,67
1031.0,0,0,0,0,0,0,67
1032.0,0,0,1,0,1,0,67
1033.0,0,0,1,0,1,0,68
1034.0,0,0,0,0,0,0,68
1035.0,0,0,0,0,0,0,68
1036.0,0,0,0,0,0,0,68
1037.0,0,0,0,0,0,0,68
1038.0,0,0,0,0,0,0,68
1039.0,0,0,0,0,0,0,68
1040.0,0,0,1,0,1,0,68
1041.0,0,0,1,0,1,0,68
1042.0,0,0,1,0,1,0,68
1043.0,0,0,1,0,1,0,68
1044.0,0,0,2,0,2,0,68
1045.0,0,0,2,0,2,0,68
1046.0,0,0,2,0,2,0,68
1047.0,0,0,2,0,2,0,68
1048.0,0,0,2,0,2,0,69
1049.0,0,0,0,0,0,0,69
1050.0,0,0,0,0,0,0,69
1051.0,0,0,0,0,0,0,69
1052.0,0,0,0,0,0,0,69
1053.0,0,0,0,0,0,0,69
1054.0,0,0,0,0,0,0,69
1055.0,0,0,0,0,0,0,69
1056.0,0,0,0,0,0,0,69
1057.0,0,0,0,0,0,0,69
1058.0,0,1,0,0,1,0,69
1059.0,0,0,0,0,0,0,69
1060.0,0,0,0,0,0,0,69
1061.0,0,0,0,0,0,0,69
1062.0,0,1,0,0,1,0,69
1063.0,0,1,1,0,2,0,69
1064.0,0,1,0,0,1,0,69
1065.0,0,1,0,0,1,0,69
1066.0,0,2,0,0,2,0,69
1067.0,0,2,0,0,2,0,69
1068.0,0,2,0,0,2,0,70
1069.0,0,1,1,0,2,0,70
1070.0,1,1,0,0,2,0,70
1071.0,0,1,0,0,1,0,70
1072.0,0,1,0,0,1,0,70
1073.0,0,1,0,0,1,0,70
1074.0,0,1,1,0,2,0,70
1075.0,1,1,1,1,4,0,70
1076.0,0,1,1,0,2,0,70
1077.0,0,1,1,0,2,0,70
1078.0,0,1,1,0,2,0,70
1079.0,0,1,1,0,2,0,70
1080.0,0,1,2,0,3,0,70
1081.0,0,1,2,0,3,0,70
1082.0,0,1,2,0,3,0,70
1083.0,0,1,2,0,3,0,71
1084.0,0,1,2,0,3,0,71
1085.0,0,0,2,1,3,0,71
1086.0,0,0,2,0,2,0,71
1087.0,0,0,2,1,3,0,71
1088.0,0,0,2,1,3,0,71
1089.0,0,0,2,1,3,0,71
1090.0,0,0,2,1,3,0,71
1091.0,0,1,2,1,4,0,71
1092.0,0,0,2,1,3,0,71
1093.0,0,0,2,1,3,0,71
1094.0,0,0,2,1,3,0,71
1095.0,0,0,2,1,3,0,71
1096.0,0,0,2,2,4,0,71
1097.0,0,0,2,2,4,0,71
1098.0,0,0,2,2,4,0,72
1099.0,0,0,0,0,0,0,72
1100.0,0,1,0,0,1,0,72
1101.0,0,0,0,0,0,0,72
1102.0,0,1,0,0,1,0,72
1103.0,0,1,0,0,1,0,72
1104.0,0,1,0,0,1,0,72
1105.0,0,2,0,0,2,0,72
1106.0,0,2,0,0,2,0,72
1107.0,0,2,0,0,2,0,72
1108.0,0,2,0,1,3,0,72
1109.0,0,2,0,0,2,0,72
1110.0,0,2,0,0,2,0,72
1111.0,0,2,0,0,2,0,72
1112.0,0,2,0,0,2,0,72
1113.0,0,3,0,0,3,0,72
1114.0,0,3,0,0,3,0,72
1115.0,0,3,0,0,3,0,72
1116.0,0,4,0,0,4,0,72
1117.0,0,4,0,0,4,0,72
1118.0,0,4,0,0,4,0,73
1119.0,0,1,0,0,1,0,73
1120.0,0,0,0,0,0,0,73
1121.0,0,0,0,0,0,0,73
1122.0,0,0,0,0,0,0,73
1123.0,0,0,0,0,0,0,73
1124.0,0,0,0,0,0,0,73
1125.0,0,0,0,0,0,0,73
1126.0,0,0,0,0,0,0,73
1127.0,0,0,0,0,0,0,73
1128.0,0,0,0,0,0,0,73
1129.0,0,0,0,0,0,0,73
1130.0,0,0,0,0,0,0,73
1131.0,0,0,0,0,0,0,73
1132.0,0,0,0,0,0,0,73
1133.0,0,0,0,0,0,0,74
1134.0,0,0,0,1,1,0,74
1135.0,0,0,0,0,0,0,74
1136.0,0,0,0,0,0,0,74
1137.0,0,0,0,0,0,0,74
1138.0,0,0,0,0,0,0,74
1139.0,0,0,0,0,0,0,74
1140.0,0,0,0,0,0,0,74
1141.0,0,0,0,0,0,0,74
1142.0,0,0,0,0,0,0,74
1143.0,0,0,0,0,0,0,74
1144.0,0,0,0,0,0,0,74
1145.0,0,0,0,0,0,0,74
1146.0,0,0,0,0,0,0,74
1147.0,0,0,0,0,0,0,74
1148.0,0,0,0,0,0,0,75
1149.0,0,0,0,0,0,0,75
1150.0,0,0,0,1,1,0,75
1151.0,0,0,0,0,0,0,75
1152.0,0,0,0,0,0,0,75
1153.0,0,0,0,0,0,0,75
1154.0,0,0,0,0,0,0,75
1155.0,0,0,0,0,0,0,75
1156.0,0,0,0,0,0,0,75
1157.0,0,0,0,0,0,0,75
1158.0,0,0,0,0,0,0,75
1159.0,0,0,1,0,1,0,75
1160.0,0,0,0,0,0,0,75
1161.0,0,0,0,0,0,0,75
1162.0,0,0,0,1,1,0,75
1163.0,0,0,0,1,1,0,76
1164.0,0,0,0,1,1,0,76
1165.0,0,0,0,1,1,0,76
1166.0,0,0,1,1,2,0,76
1167.0,0,0,1,1,2,0,76
1168.0,0,1,1,1,3,0,76
1169.0,0,0,1,1,2,0,76
1170.0,0,0,2,1,3,0,76
1171.0,0,1,2,1,4,0,76
1172.0,0,0,2,1,3,0,76
1173.0,0,0,2,1,3,0,76
1174.0,0,0,2,1,3,0,76
1175.0,0,0,2,1,3,0,76
1176.0,0,0,2,1,3,0,76
1177.0,0,0,2,1,3,0,76
1178.0,0,0,2,1,3,0,77
1179.0,0,0,0,0,0,0,77
1180.0,0,1,0,0,1,0,77
1181.0,0,2,0,0,2,0,77
1182.0,0,2,0,0,2,0,77
1183.0,0,2,0,0,2,0,77
1184.0,0,2,0,0,2,0,77
1185.0,0,2,0,0,2,0,77
1186.0,0,2,0,0,2,0,77
1187.0,0,2,0,0,2,0,77
1188.0,0,2,0,0,2,0,77
1189.0,0,2,0,0,2,0,77
1190.0,0,2,0,0,2,0,77
1191.0,0,2,0,0,2,0,77
1192.0,0,2,0,0,2,0,77
1193.0,0,2,0,0,2,0,78
1194.0,0,2,0,0,2,0,78
1195.0,0,0,0,0,0,0,78
1196.0,0,0,0,0,0,0,78
1197.0,0,0,0,0,0,0,78
1198.0,0,0,0,0,0,0,78
1199.0,0,0,0,0,0,0,78
1200.0,0,0,0,0,0,0,78
1201.0,0,0,0,0,0,0,78
1202.0,0,0,0,0,0,0,78
1203.0,0,0,0,0,0,0,78
1204.0,0,0,0,0,0,0,78
1205.0,0,0,0,0,0,0,78
1206.0,0,0,0,0,0,0,78
1207.0,0,0,0,0,0,0,78
1208.0,0,0,0,0,0,0,79
1209.0,0,0,0,0,0,0,79
1210.0,0,0,0,0,0,0,79
1211.0,0,1,0,0,1,0,79
1212.0,1,0,0,0,1,0,79
1213.0,0,0,0,0,0,0,79
1214.0,0,0,0,0,0,0,79
1215.0,0,0,0,0,0,0,79
1216.0,0,0,0,0,0,0,79
1217.0,0,0,0,1,1,0,79
1218.0,0,0,0,0,0,0,79
1219.0,0,0,0,0,0,0,79
1220.0,0,0,0,1,1,0,79
1221.0,0,0,0,0,0,0,79
1222.0,0,0,0,0,0,0,79
1223.0,0,0,0,0,0,0,80
1224.0,0,0,0,0,0,0,80
1225.0,0,0,0,0,0,0,80
1226.0,0,0,0,0,0,0,80
1227.0,0,0,0,0,0,0,80
1228.0,0,0,0,0,0,0,80
1229.0,0,0,0,0,0,0,80
1230.0,0,0,0,0,0,0,80
1231.0,0,0,0,0,0,0,80
1232.0,0,0,0,0,0,0,80
1233.0,0,0,0,0,0,0,80
1234.0,0,0,0,0,0,0,80
1235.0,1,0,0,0,1,0,80
1236.0,1,0,0,0,1,0,80
1237.0,1,0,0,0,1,0,80
1238.0,1,0,0,0,1,0,81
1239.0,0,0,0,0,0,0,81
1240.0,0,0,0,0,0,0,81
1241.0,1,0,0,0,1,0,81
1242.0,0,0,0,0,0,0,81
1243.0,0,0,0,1,1,0,81
1244.0,0,0,0,1,1,0,81
1245.0,0,0,0,1,1,0,81
1246.0,0,0,0,1,1,0,81
1247.0,0,0,0,1,1,0,81
1248.0,0,1,0,1,2,0,81
1249.0,1,0,1,1,3,0,81
1250.0,0,0,1,1,2,0,81
1251.0,0,0,1,2,3,0,81
1252.0,1,0,1,1,3,0,81
1253.0,0,0,1,1,2,0,82
1254.0,0,0,0,1,1,0,82
1255.0,0,0,0,0,0,0,82
1256.0,0,0,0,0,0,0,82
1257.0,0,0,0,0,0,0,82
1258.0,0,0,0,0,0,0,82
1259.0,0,1,0,0,1,0,82
1260.0,0,1,0,0,1,0,82
1261.0,0,1,0,0,1,0,82
1262.0,0,1,0,0,1,0,82
1263.0,0,1,0,0,1,0,82
1264.0,0,1,0,0,1,0,82
1265.0,1,1,0,0,2,0,82
1266.0,1,1,0,0,2,0,82
1267.0,1,1,0,0,2,0,82
1268.0,1,1,0,0,2,0,83
1269.0,0,0,0,0,0,0,83
1270.0,0,0,0,0,0,0,83
1271.0,0,1,0,0,1,0,83
1272.0,0,0,0,0,0,0,83
1273.0,0,0,0,1,1,0,83
1274.0,0,0,0,1,1,0,83
1275.0,0,0,0,1,1,0,83
1276.0,0,0,0,1,1,0,83
1277.0,0,0,0,1,1,0,83
1278.0,0,0,0,1,1,0,83
1279.0,0,0,0,1,1,0,83
1280.0,0,0,0,1,1,0,83
1281.0,0,0,0,1,1,0,83
1282.0,0,1,0,1,2,0,83
1283.0,0,0,0,1,1,0,84
1284.0,0,0,0,0,0,0,84
1285.0,0,0,0,0,0,0,84
1286.0,0,0,0,0,0,0,84
1287.0,0,0,0,0,0,0,84
1288.0,0,0,0,0,0,0,84
1289.0,0,0,0,0,0,0,84
1290.0,0,0,0,0,0,0,84
1291.0,0,0,0,0,0,0,84
1292.0,0,0,0,0,0,0,84
1293.0,0,1,1,1,3,0,84
1294.0,0,1,0,0,1,0,84
1295.0,1,1,0,0,2,0,84
1296.0,0,1,0,0,1,0,84
1297.0,0,1,0,0,1,0,84
1298.0,0,1,0,0,1,0,85
1299.0,1,0,0,0,1,0,85
1300.0,0,0,0,1,1,0,85
1301.0,1,0,0,1,2,0,85
1302.0,0,0,0,1,1,0,85
1303.0,0,0,0,2,2,0,85
1304.0,1,0,2,2,5,0,85
1305.0,0,0,1,2,3,0,85
1306.0,0,0,1,3,4,0,85
1307.0,0,1,1,3,5,0,85
1308.0,1,0,1,3,5,0,85
1309.0,0,0,1,3,4,0,85
1310.0,0,0,1,3,4,0,85
1311.0,0,0,1,4,5,0,85
1312.0,0,0,1,4,5,0,85
1313.0,0,0,2,5,7,0,86
1314.0,1,0,1,2,4,0,86
1315.0,0,0,0,1,1,0,86
1316.0,0,0,0,0,0,0,86
1317.0,0,0,0,0,0,0,86
1318.0,1,1,0,0,2,0,86
1319.0,1,1,0,0,2,0,86
1320.0,2,1,1,0,4,0,86
1321.0,2,1,0,0,3,0,86
1322.0,3,1,0,0,4,0,86
1323.0,2,1,0,0,3,0,86
1324.0,3,1,0,0,4,0,86
1325.0,3,2,0,0,5,0,86
1326.0,3,1,0,0,4,0,86
1327.0,4,1,0,1,6,0,86
1328.0,4,1,0,0,5,0,86
1329.0,4,1,0,0,5,0,86
1330.0,4,1,0,1,6,0,86
1331.0,5,1,0,0,6,0,86
1332.0,5,1,0,0,6,0,86
1333.0,5,1,0,1,7,0,86
1334.0,5,1,0,0,6,0,86
1335.0,5,1,0,1,7,0,86
1336.0,5,2,0,0,7,0,86
1337.0,6,2,0,0,8,0,86
1338.0,6,1,0,0,7,0,86
1339.0,6,1,0,0,7,0,86
1340.0,7,1,0,0,8,0,86
1341.0,6,1,0,0,7,0,86
1342.0,7,1,0,0,8,0,86
1343.0,7,1,0,0,8,0,86
1344.0,7,1,0,0,8,0,86
1345.0,7,2,0,0,9,0,86
1346.0,7,1,0,0,8,0,86
1347.0,7,1,1,0,9,0,86
1348.0,7,3,0,1,11,0,86
1349.0,7,3,0,0,10,0,86
1350.0,7,3,0,0,10,0,86
1351.0,7,3,0,0,10,0,86
1352.0,7,3,0,1,11,0,86
1353.0,7,3,0,0,10,0,86
1354.0,7,3,1,0,11,0,86
1355.0,7,3,0,0,10,0,86
1356.0,7,4,0,0,11,0,86
1357.0,7,4,1,0,12,0,86
1358.0,7,4,0,0,11,0,86
1359.0,7,5,0,0,12,0,86
1360.0,7,5,0,0,12,0,86
1361.0,7,5,0,0,12,0,86
1362.0,8,6,0,0,14,0,86
1363.0,8,5,0,0,13,0,86
1364.0,8,5,0,0,13,0,86
1365.0,8,5,0,0,13,0,86
1366.0,8,5,1,0,14,0,86
1367.0,8,6,1,0,15,0,86
1368.0,8,5,0,0,13,0,86
1369.0,9,5,0,0,14,0,86
1370.0,8,5,0,0,13,0,86
1371.0,8,6,0,0,14,0,86
1372.0,8,6,0,0,14,0,86
1373.0,8,6,0,1,15,0,86
1374.0,8,6,0,0,14,0,86
1375.0,8,7,0,0,15,0,86
1376.0,8,8,0,0,16,0,86
1377.0,8,8,0,0,16,0,86
1378.0,8,9,0,0,17,0,86
1379.0,8,8,0,0,16,0,86
1380.0,8,8,0,0,16,0,86
1381.0,8,8,0,0,16,0,86
1382.0,8,8,0,0,16,0,86
1383.0,8,8,0,0,16,0,86
1384.0,8,8,0,0,16,0,86
1385.0,8,9,0,0,17,0,86
1386.0,8,8,0,0,16,0,86
1387.0,8,9,0,0,17,0,86
1388.0,8,10,0,0,18,0,86
1389.0,9,10,0,0,19,0,86
1390.0,9,10,0,0,19,0,86
1391.0,9,11,0,0,20,0,86
1392.0,10,11,0,0,21,0,86
1393.0,9,11,0,0,20,0,86
1394.0,9,11,0,0,20,0,86
1395.0,9,11,0,0,20,0,86
1396.0,10,12,0,0,22,0,86
1397.0,9,11,0,0,20,0,86
1398.0,9,12,0,0,21,0,86
1399.0,9,12,0,0,21,0,86
1400.0,10,12,0,1,23,0,86
1401.0,9,12,0,0,21,0,86
1402.0,9,12,1,0,22,0,86
1403.0,9,12,0,0,21,0,86
1404.0,9,12,0,0,21,0,86
1405.0,9,13,0,0,22,0,86
1406.0,9,14,0,0,23,0,86
1407.0,9,14,0,0,23,0,86
1408.0,9,14,0,0,23,0,86
1409.0,9,14,0,0,23,0,86
1410.0,9,14,0,1,24,0,86
1411.0,9,14,0,0,23,0,86
1412.0,10,14,0,0,24,0,86
1413.0,10,14,0,0,24,0,87
1414.0,9,13,0,0,22,0,87
1415.0,9,12,0,0,21,0,87
1416.0,9,10,0,0,19,0,87
1417.0,9,10,0,0,19,0,87
1418.0,9,9,0,0,18,0,87
1419.0,10,8,0,0,18,0,87
1420.0,10,7,0,0,17,0,87
1421.0,10,6,0,1,17,0,87
1422.0,10,4,0,1,15,0,87
1423.0,10,4,0,1,15,0,87
1424.0,10,4,0,1,15,0,87
1425.0,10,4,0,1,15,0,87
1426.0,10,4,0,1,15,0,87
1427.0,10,4,0,1,15,0,87
1428.0,10,4,0,1,15,0,88
1429.0,7,4,0,2,13,0,88
1430.0,6,2,0,1,9,0,88
1431.0,5,1,0,1,7,0,88
1432.0,4,0,0,1,5,0,88
1433.0,3,0,0,1,4,0,88
1434.0,2,0,1,1,4,0,88
1435.0,1,0,1,1,3,0,88
1436.0,0,0,1,2,3,0,88
1437.0,0,0,1,2,3,0,88
1438.0,0,0,1,2,3,0,88
1439.0,0,0,1,2,3,0,88
1440.0,0,0,1,3,4,0,88
1441.0,0,0,1,3,4,0,88
1442.0,0,0,1,3,4,0,88
1443.0,0,1,1,4,6,0,89
1444.0,0,1,0,2,3,0,89
1445.0,1,1,0,0,2,0,89
1446.0,1,1,0,0,2,0,89
1447.0,2,1,0,0,3,0,89
1448.0,3,2,0,0,5,0,89
1449.0,3,1,0,0,4,0,89
1450.0,3,1,1,0,5,0,89
1451.0,3,1,0,0,4,0,89
1452.0,3,1,0,0,4,0,89
1453.0,3,1,0,0,4,0,89
1454.0,3,1,0,0,4,0,89
1455.0,3,1,0,0,4,0,89
1456.0,3,1,0,0,4,0,89
1457.0,3,1,1,1,6,0,89
1458.0,3,1,0,0,4,0,90
1459.0,2,1,0,0,3,0,90
1460.0,1,1,0,1,3,0,90
1461.0,0,0,0,1,1,0,90
1462.0,0,0,0,2,2,0,90
1463.0,0,0,0,2,2,0,90
1464.0,0,0,0,2,2,0,90
1465.0,0,0,0,2,2,0,90
1466.0,0,0,0,2,2,0,90
1467.0,0,0,0,2,2,0,90
1468.0,0,0,1,4,5,0,90
1469.0,0,1,1,5,7,0,90
1470.0,0,0,2,6,8,0,90
1471.0,0,0,2,5,7,0,90
1472.0,0,0,2,5,7,0,90
1473.0,0,0,3,6,9,0,91
1474.0,0,0,1,3,4,0,91
1475.0,0,0,0,1,1,0,91
1476.0,0,0,0,0,0,0,91
1477.0,0,0,0,0,0,0,91
1478.0,0,0,1,0,1,0,91
1479.0,0,1,0,0,1,0,91
1480.0,0,0,0,0,0,0,91
1481.0,0,1,0,0,1,0,91
1482.0,0,1,0,0,1,0,91
1483.0,0,1,0,0,1,0,91
1484.0,0,1,0,0,1,0,91
1485.0,0,1,0,1,2,0,91
1486.0,0,1,0,0,1,0,91
1487.0,0,1,0,0,1,0,91
1488.0,1,1,0,0,2,0,92
1489.0,0,0,0,1,1,0,92
1490.0,0,0,0,0,0,0,92
1491.0,0,0,0,0,0,0,92
1492.0,0,0,0,0,0,0,92
1493.0,0,0,0,0,0,0,92
1494.0,0,0,0,1,1,0,92
1495.0,0,0,1,1,2,0,92
1496.0,0,0,1,2,3,0,92
1497.0,0,0,1,2,3,0,92
1498.0,1,0,1,3,5,0,92
1499.0,0,1,1,2,4,0,92
1500.0,0,0,1,3,4,0,92
1501.0,0,0,1,3,4,0,92
1502.0,0,0,1,3,4,0,92
1503.0,0,0,2,3,5,0,93
1504.0,0,0,0,1,1,0,93
1505.0,0,0,0,0,0,0,93
1506.0,0,1,0,0,1,0,93
1507.0,0,1,0,1,2,0,93
1508.0,0,1,0,0,1,0,93
1509.0,0,1,0,0,1,0,93
1510.0,0,1,0,0,1,0,93
1511.0,0,1,0,0,1,0,93
1512.0,1,1,0,0,2,0,93
1513.0,1,1,0,1,3,0,93
1514.0,1,1,0,0,2,0,93
1515.0,1,1,0,0,2,0,93
1516.0,1,1,0,0,2,0,93
1517.0,1,1,0,0,2,0,93
1518.0,1,1,0,0,2,0,94
1519.0,1,0,0,0,1,0,94
1520.0,1,0,1,0,2,0,94
1521.0,1,0,1,0,2,0,94
1522.0,1,0,2,0,3,0,94
1523.0,1,0,2,0,3,0,94
1524.0,1,0,2,0,3,0,94
1525.0,1,0,3,0,4,0,94
1526.0,1,0,2,0,3,0,94
1527.0,1,0,2,1,4,0,94
1528.0,1,0,2,0,3,0,94
1529.0,1,0,2,0,3,0,94
1530.0,1,0,3,0,4,0,94
1531.0,1,1,4,0,6,0,94
1532.0,1,0,4,0,5,0,94
1533.0,1,0,5,0,6,0,95
1534.0,0,0,6,0,6,0,95
1535.0,0,0,6,0,6,0,95
1536.0,0,1,6,0,7,0,95
1537.0,0,0,7,0,7,0,95
1538.0,0,0,6,1,7,0,95
1539.0,0,0,6,1,7,0,95
1540.0,0,0,7,1,8,0,95
1541.0,0,0,6,1,7,0,95
1542.0,0,0,6,1,7,0,95
1543.0,0,1,6,1,8,0,95
1544.0,0,0,7,1,8,0,95
1545.0,0,0,6,1,7,0,95
1546.0,0,0,7,1,8,0,95
1547.0,1,0,7,1,9,0,95
1548.0,0,0,7,1,8,0,96
1549.0,0,0,5,0,5,0,96
1550.0,0,0,3,0,3,0,96
1551.0,0,0,1,0,1,0,96
1552.0,0,0,0,0,0,0,96
1553.0,0,1,0,0,1,0,96
1554.0,0,1,0,0,1,0,96
1555.0,0,1,0,0,1,0,96
1556.0,1,2,0,0,3,0,96
1557.0,0,1,0,0,1,0,96
1558.0,0,1,0,0,1,0,96
1559.0,0,2,0,0,2,0,96
1560.0,0,2,0,0,2,0,96
1561.0,0,2,0,0,2,0,96
1562.0,0,2,0,0,2,0,96
1563.0,0,3,0,0,3,0,96
1564.0,0,3,0,0,3,0,96
1565.0,0,3,0,1,4,0,96
1566.0,0,4,0,0,4,0,96
1567.0,0,4,0,0,4,0,96
1568.0,1,4,0,0,5,0,96
1569.0,1,5,0,0,6,0,96
1570.0,1,6,0,0,7,0,96
1571.0,1,6,0,0,7,0,96
1572.0,1,6,0,0,7,0,96
1573.0,1,6,0,0,7,0,97
1574.0,0,4,0,0,4,0,97
1575.0,0,1,0,1,2,0,97
1576.0,0,0,0,1,1,0,97
1577.0,1,0,0,1,2,0,97
1578.0,0,0,1,1,2,0,97
1579.0,0,0,1,2,3,0,97
1580.0,0,0,1,1,2,0,97
1581.0,0,0,1,1,2,0,97
1582.0,0,0,1,1,2,0,97
1583.0,0,0,1,1,2,0,97
1584.0,0,0,1,1,2,0,97
1585.0,0,0,1,1,2,0,97
1586.0,0,0,1,2,3,0,97
1587.0,0,0,1,2,3,0,97
1588.0,0,0,1,2,3,0,98
1589.0,0,0,0,0,0,0,98
1590.0,0,0,0,0,0,0,98
1591.0,0,0,0,0,0,0,98
1592.0,0,0,0,0,0,0,98
1593.0,0,0,0,0,0,0,98
1594.0,0,0,0,0,0,0,98
1595.0,0,0,0,0,0,0,98
1596.0,0,0,0,0,0,0,98
1597.0,0,1,0,0,1,0,98
1598.0,0,0,0,0,0,0,98
1599.0,0,0,0,0,0,0,98
1600.0,1,1,0,0,2,0,98
1601.0,1,1,0,0,2,0,98
1602.0,1,0,0,0,1,0,98
1603.0,1,0,0,0,1,0,99
1604.0,0,0,0,1,1,0,99
1605.0,0,0,0,0,0,0,99
1606.0,0,0,0,0,0,0,99
1607.0,1,0,0,0,1,0,99
1608.0,0,0,0,0,0,0,99
1609.0,0,0,0,0,0,0,99
1610.0,1,0,0,0,1,0,99
1611.0,0,0,0,0,0,0,99
1612.0,0,0,1,0,1,0,99
1613.0,0,0,1,1,2,0,99
1614.0,0,0,1,0,1,0,99
1615.0,0,1,1,1,3,0,99
1616.0,0,0,1,1,2,0,99
1617.0,0,1,1,2,4,0,99
1618.0,0,0,1,2,3,0,100
1619.0,0,0,0,2,2,0,100
1620.0,0,0,0,0,0,0,100
1621.0,0,0,0,0,0,0,100
1622.0,0,0,0,1,1,0,100
1623.0,0,0,1,0,1,0,100
1624.0,0,0,0,0,0,0,100
1625.0,0,0,0,0,0,0,100
1626.0,0,1,0,0,1,0,100
1627.0,0,2,0,0,2,0,100
1628.0,0,2,0,0,2,0,100
1629.0,0,2,0,0,2,0,100
1630.0,0,3,0,0,3,0,100
1631.0,1,3,0,0,4,0,100
1632.0,1,3,0,0,4,0,100
1633.0,1,3,0,1,5,0,101
1634.0,0,2,0,0,2,0,101
1635.0,0,1,0,0,1,0,101
1636.0,0,1,0,1,2,0,101
1637.0,0,0,0,0,0,0,101
1638.0,0,0,0,0,0,0,101
1639.0,0,0,0,0,0,0,101
1640.0,0,0,0,0,0,0,101
1641.0,0,0,0,0,0,0,101
1642.0,0,1,0,0,1,0,101
1643.0,0,0,0,0,0,0,101
1644.0,1,0,0,1,2,0,101
1645.0,0,0,0,1,1,0,101
1646.0,0,0,0,1,1,0,101
1647.0,0,0,1,2,3,0,101
1648.0,0,0,1,2,3,0,102
1649.0,0,0,0,2,2,0,102
1650.0,0,0,0,0,0,0,102
1651.0,0,0,1,0,1,0,102
1652.0,0,0,0,0,0,0,102
1653.0,0,1,0,1,2,0,102
1654.0,0,1,0,0,1,0,102
1655.0,0,1,0,0,1,0,102
1656.0,0,1,0,0,1,0,102
1657.0,0,1,0,0,1,0,102
1658.0,0,1,0,0,1,0,102
1659.0,0,1,0,0,1,0,102
1660.0,0,1,0,0,1,0,102
1661.0,0,1,0,0,1,0,102
1662.0,0,2,0,0,2,0,102
1663.0,0,3,0,0,3,0,103
1664.0,0,1,0,0,1,0,103
1665.0,0,0,0,0,0,0,103
1666.0,0,0,0,0,0,0,103
1667.0,1,0,0,0,1,0,103
1668.0,1,0,0,0,1,0,103
1669.0,1,0,0,0,1,0,103
1670.0,2,0,1,0,3,0,103
1671.0,1,0,1,0,2,0,103
1672.0,1,0,1,0,2,0,103
1673.0,1,0,1,0,2,0,103
1674.0,1,0,1,0,2,0,103
1675.0,2,0,1,0,3,0,103
1676.0,1,0,2,0,3,0,103
1677.0,1,0,2,0,3,0,103
1678.0,1,0,2,0,3,0,104
1679.0,1,0,3,0,4,0,104
1680.0,0,0,4,1,5,0,104
1681.0,0,0,4,3,7,0,104
1682.0,0,0,5,2,7,0,104
1683.0,0,0,5,2,7,0,104
1684.0,0,0,5,3,8,0,104
1685.0,0,0,6,3,9,0,104
1686.0,0,0,7,3,10,0,104
1687.0,0,0,6,3,9,0,104
1688.0,0,0,6,3,9,0,104
1689.0,0,0,7,4,11,0,104
1690.0,0,0,7,4,11,0,104
1691.0,0,0,7,5,12,0,104
1692.0,0,0,7,5,12,0,104
1693.0,0,0,8,5,13,0,104
1694.0,0,0,9,4,13,0,104
1695.0,0,0,9,5,14,0,104
1696.0,0,0,9,4,13,0,104
1697.0,0,0,8,5,13,0,104
1698.0,0,0,8,6,14,0,104
1699.0,0,1,8,6,15,0,104
1700.0,0,0,8,6,14,0,104
1701.0,0,0,9,8,17,0,104
1702.0,0,0,9,7,16,0,104
1703.0,0,0,10,7,17,0,105
1704.0,0,0,8,5,13,0,105
1705.0,0,0,5,3,8,0,105
1706.0,0,1,2,1,4,0,105
1707.0,0,0,0,0,0,0,105
1708.0,0,0,0,0,0,0,105
1709.0,0,0,0,0,0,0,105
1710.0,0,1,0,0,1,0,105
1711.0,0,0,0,0,0,0,105
1712.0,0,1,0,0,1,0,105
1713.0,0,1,0,0,1,0,105
1714.0,0,1,0,0,1,0,105
1715.0,0,1,0,0,1,0,105
1716.0,0,1,0,0,1,0,105
1717.0,0,2,0,0,2,0,105
1718.0,0,3,0,0,3,0,106
1719.0,0,1,0,0,1,0,106
1720.0,0,1,0,0,1,0,106
1721.0,0,1,0,0,1,0,106
1722.0,0,1,0,0,1,0,106
1723.0,0,2,0,0,2,0,106
1724.0,0,1,0,0,1,0,106
1725.0,0,1,0,0,1,0,106
1726.0,0,1,0,0,1,0,106
1727.0,1,1,0,0,2,0,106
1728.0,0,1,0,0,1,0,106
1729.0,0,1,0,0,1,0,106
1730.0,0,1,0,0,1,0,106
1731.0,0,1,0,0,1,0,106
1732.0,1,1,0,0,2,0,106
1733.0,0,1,0,0,1,0,107
1734.0,0,0,0,0,0,0,107
1735.0,0,0,0,0,0,0,107
1736.0,0,0,0,0,0,0,107
1737.0,0,0,0,0,0,0,107
1738.0,0,0,0,0,0,0,107
1739.0,1,0,0,0,1,0,107
1740.0,0,0,1,0,1,0,107
1741.0,0,0,0,0,0,0,107
1742.0,1,0,0,0,1,0,107
1743.0,0,0,1,0,1,0,107
1744.0,0,0,1,0,1,0,107
1745.0,0,0,1,0,1,0,107
1746.0,0,0,1,1,2,0,107
1747.0,0,1,1,0,2,0,107
1748.0,0,0,1,1,2,0,108
1749.0,0,0,0,0,0,0,108
1750.0,0,0,0,0,0,0,108
1751.0,0,0,0,0,0,0,108
1752.0,0,0,0,0,0,0,108
1753.0,0,0,0,0,0,0,108
1754.0,0,1,0,0,1,0,108
1755.0,1,1,0,0,2,0,108
1756.0,1,1,0,0,2,0,108
1757.0,2,2,0,0,4,0,108
1758.0,1,2,0,0,3,0,108
1759.0,1,2,0,0,3,0,108
1760.0,1,2,0,1,4,0,108
1761.0,1,2,0,0,3,0,108
1762.0,1,2,0,0,3,0,108
1763.0,2,2,0,0,4,0,109
1764.0,1,0,0,1,2,0,109
1765.0,0,0,1,0,1,0,109
1766.0,0,0,1,0,1,0,109
1767.0,0,0,2,0,2,0,109
1768.0,0,0,1,0,1,0,109
1769.0,0,0,1,0,1,0,109
1770.0,0,0,1,1,2,0,109
1771.0,0,0,1,1,2,0,109
1772.0,0,0,1,1,2,0,109
1773.0,0,0,1,1,2,0,109
1774.0,0,0,1,2,3,0,109
1775.0,0,0,1,3,4,0,109
1776.0,0,0,1,3,4,0,109
1777.0,0,0,2,3,5,0,109
1778.0,0,0,2,3,5,0,110
1779.0,0,0,1,1,2,0,110
1780.0,0,0,0,0,0,0,110
1781.0,0,0,1,0,1,0,110
1782.0,0,0,0,0,0,0,110
1783.0,0,0,0,0,0,0,110
1784.0,0,0,0,0,0,0,110
1785.0,0,0,0,0,0,0,110
1786.0,0,0,0,0,0,0,110
1787.0,0,0,0,0,0,0,110
1788.0,0,0,0,0,0,0,110
1789.0,0,0,0,0,0,0,110
1790.0,0,0,1,0,1,0,110
1791.0,0,0,0,0,0,0,110
1792.0,0,1,0,0,1,0,110
1793.0,0,0,0,1,1,0,111
1794.0,1,0,0,0,1,0,111
1795.0,0,0,0,0,0,0,111
1796.0,0,0,0,1,1,0,111
1797.0,0,0,0,0,0,0,111
1798.0,0,0,0,0,0,0,111
1799.0,0,0,0,0,0,0,111
1800.0,0,0,0,0,0,0,111
1801.0,0,0,0,0,0,0,111
1802.0,1,0,0,0,1,0,111
1803.0,0,0,0,1,1,0,111
1804.0,0,0,0,1,1,0,111
1805.0,0,0,0,1,1,0,111
1806.0,0,0,0,1,1,0,111
1807.0,0,0,0,1,1,0,111
1808.0,0,0,0,1,1,0,111
1809.0,0,0,0,1,1,0,111
1810.0,0,1,0,1,2,0,111
1811.0,0,0,0,1,1,0,111
1812.0,0,0,0,1,1,0,111
1813.0,0,1,0,1,2,0,112
1814.0,0,0,0,1,1,0,112
1815.0,0,0,0,1,1,0,112
1816.0,1,0,0,1,2,0,112
1817.0,0,0,0,1,1,0,112
1818.0,0,0,0,2,2,0,112
1819.0,0,0,0,1,1,0,112
1820.0,0,0,0,1,1,0,112
1821.0,0,0,0,2,2,0,112
1822.0,0,0,0,1,1,0,112
1823.0,0,0,0,1,1,0,112
1824.0,0,0,0,1,1,0,112
1825.0,0,0,0,1,1,0,112
1826.0,0,0,0,1,1,0,112
1827.0,0,0,0,1,1,0,112
1828.0,0,0,0,2,2,0,113
1829.0,0,0,0,0,0,0,113
1830.0,0,0,0,0,0,0,113
1831.0,0,0,0,0,0,0,113
1832.0,0,1,0,0,1,0,113
1833.0,0,1,0,0,1,0,113
1834.0,0,1,0,0,1,0,113
1835.0,0,1,0,0,1,0,113
1836.0,0,2,0,0,2,0,113
1837.0,1,2,0,0,3,0,113
1838.0,1,2,0,0,3,0,113
1839.0,1,2,0,0,3,0,113
1840.0,1,2,0,1,4,0,113
1841.0,1,2,0,0,3,0,113
1842.0,1,2,0,0,3,0,113
1843.0,1,2,0,0,3,0,114
1844.0,1,1,0,0,2,0,114
1845.0,1,0,0,0,1,0,114
1846.0,1,0,0,0,1,0,114
1847.0,1,0,0,0,1,0,114
1848.0,1,0,0,0,1,0,114
1849.0,1,0,0,1,2,0,114
1850.0,1,0,2,1,4,0,114
1851.0,1,0,2,1,4,0,114
1852.0,1,0,2,1,4,0,114
1853.0,1,0,2,1,4,0,114
1854.0,1,0,2,1,4,0,114
1855.0,2,0,2,1,5,0,114
1856.0,1,0,2,1,4,0,114
1857.0,1,0,2,1,4,0,114
1858.0,1,0,2,1,4,0,115
1859.0,0,0,3,2,5,0,115
1860.0,0,0,3,1,4,0,115
1861.0,1,0,3,1,5,0,115
1862.0,0,0,3,1,4,0,115
1863.0,0,0,3,1,4,0,115
1864.0,0,0,3,1,4,0,115
1865.0,0,1,3,1,5,0,115
1866.0,0,0,3,1,4,0,115
1867.0,0,0,3,2,5,0,115
1868.0,0,0,3,1,4,0,115
1869.0,0,0,3,1,4,0,115
1870.0,1,0,3,1,5,0,115
1871.0,0,0,3,1,4,0,115
1872.0,0,0,3,1,4,0,115
1873.0,0,0,4,2,6,0,116
1874.0,0,0,2,0,2,0,116
1875.0,0,0,1,1,2,0,116
1876.0,0,1,0,0,1,0,116
1877.0,0,1,0,0,1,0,116
1878.0,1,1,0,1,3,0,116
1879.0,1,3,0,0,4,0,116
1880.0,1,2,0,0,3,0,116
1881.0,1,2,0,0,3,0,116
1882.0,1,2,0,0,3,0,116
1883.0,1,2,1,0,4,0,116
1884.0,1,2,0,0,3,0,116
1885.0,2,2,0,0,4,0,116
1886.0,2,2,0,0,4,0,116
1887.0,2,2,0,0,4,0,116
1888.0,2,2,0,0,4,0,117
1889.0,0,1,0,0,1,0,117
1890.0,0,0,1,0,1,0,117
1891.0,0,0,1,0,1,0,117
1892.0,0,0,1,0,1,0,117
1893.0,0,0,2,0,2,0,117
1894.0,0,0,2,0,2,0,117
1895.0,1,0,2,0,3,0,117
1896.0,0,0,2,0,2,0,117
1897.0,0,0,3,0,3,0,117
1898.0,0,0,4,0,4,0,117
1899.0,0,0,3,0,3,0,117
1900.0,0,0,5,0,5,0,117
1901.0,0,0,5,0,5,0,117
1902.0,0,0,5,0,5,0,117
1903.0,0,0,5,0,5,0,118
1904.0,0,0,2,0,2,0,118
1905.0,0,0,0,0,0,0,118
1906.0,0,0,0,0,0,0,118
1907.0,0,0,0,0,0,0,118
1908.0,1,0,0,0,1,0,118
1909.0,0,0,0,0,0,0,118
1910.0,0,0,0,0,0,0,118
1911.0,0,0,0,0,0,0,118
1912.0,0,0,0,0,0,0,118
1913.0,0,0,0,1,1,0,118
1914.0,0,0,0,0,0,0,118
1915.0,0,0,0,0,0,0,118
1916.0,0,0,0,0,0,0,118
1917.0,0,0,0,0,0,0,118
1918.0,1,0,0,0,1,0,118
1919.0,1,0,0,0,1,0,118
1920.0,1,0,0,0,1,0,118
1921.0,1,0,0,0,1,0,118
1922.0,1,0,0,0,1,0,118
1923.0,1,0,0,0,1,0,119
1924.0,1,0,0,0,1,0,119
1925.0,1,0,0,0,1,0,119
1926.0,1,0,0,0,1,0,119
1927.0,1,0,1,0,2,0,119
1928.0,1,0,1,0,2,0,119
1929.0,2,0,1,0,3,0,119
1930.0,3,0,1,0,4,0,119
1931.0,2,0,2,0,4,0,119
1932.0,2,0,3,0,5,0,119
1933.0,2,0,2,0,4,0,119
1934.0,2,0,2,0,4,0,119
1935.0,2,0,2,0,4,0,119
1936.0,2,0,2,0,4,0,119
1937.0,2,0,2,1,5,0,119
1938.0,2,0,2,1,5,0,120
1939.0,1,0,2,1,4,0,120
1940.0,0,0,2,2,4,0,120
1941.0,0,0,2,1,3,0,120
1942.0,0,0,3,1,4,0,120
1943.0,0,0,3,2,5,0,120
1944.0,0,0,3,2,5,0,120
1945.0,0,0,3,4,7,0,120
1946.0,0,0,3,3,6,0,120
1947.0,0,0,3,3,6,0,120
1948.0,0,0,4,3,7,0,120
1949.0,0,0,3,3,6,0,120
1950.0,0,0,3,3,6,0,120
1951.0,0,0,4,4,8,0,120
1952.0,0,0,3,5,8,0,120
1953.0,0,0,3,4,7,0,121
1954.0,0,0,1,2,3,0,121
1955.0,0,0,0,1,1,0,121
1956.0,0,0,0,0,0,0,121
1957.0,0,0,0,0,0,0,121
1958.0,0,0,0,0,0,0,121
1959.0,0,0,0,0,0,0,121
1960.0,0,0,0,0,0,0,121
1961.0,1,0,0,0,1,0,121
1962.0,0,0,0,0,0,0,121
1963.0,0,0,0,0,0,0,121
1964.0,0,0,0,0,0,0,121
1965.0,0,1,0,0,1,0,121
1966.0,0,0,0,0,0,0,121
1967.0,0,0,0,0,0,0,121
1968.0,0,0,0,0,0,0,122
1969.0,0,0,0,0,0,0,122
1970.0,0,0,0,0,0,0,122
1971.0,0,1,0,0,1,0,122
1972.0,0,0,0,0,0,0,122
1973.0,0,0,0,0,0,0,122
1974.0,0,0,0,0,0,0,122
1975.0,0,0,0,0,0,0,122
1976.0,0,0,0,0,0,0,122
1977.0,0,0,0,1,1,0,122
1978.0,0,0,1,1,2,0,122
1979.0,0,0,1,2,3,0,122
1980.0,0,0,1,2,3,0,122
1981.0,0,0,2,2,4,0,122
1982.0,0,0,1,2,3,0,122
1983.0,0,0,2,2,4,0,123
1984.0,0,0,1,1,2,0,123
1985.0,0,0,0,0,0,0,123
1986.0,0,1,0,0,1,0,123
1987.0,0,1,1,0,2,0,123
1988.0,0,0,0,0,0,0,123
1989.0,0,0,0,0,0,0,123
1990.0,0,0,0,0,0,0,123
1991.0,0,0,0,0,0,0,123
1992.0,0,0,0,0,0,0,123
1993.0,0,1,0,0,1,0,123
1994.0,0,0,0,0,0,0,123
1995.0,0,0,0,0,0,0,123
1996.0,0,0,0,0,0,0,123
1997.0,0,0,0,0,0,0,123
1998.0,0,1,0,0,1,0,123
1999.0,0,2,0,0,2,0,123
2000.0,0,3,0,1,4,0,123
2001.0,0,3,0,0,3,0,123
2002.0,0,3,0,0,3,0,123
2003.0,0,3,0,0,3,0,124
2004.0,0,1,0,0,1,0,124
2005.0,0,0,0,0,0,0,124
2006.0,0,0,0,0,0,0,124
2007.0,0,0,0,0,0,0,124
2008.0,0,0,0,0,0,0,124
2009.0,0,0,0,1,1,0,124
2010.0,0,0,0,1,1,0,124
2011.0,0,0,0,3,3,0,124
2012.0,0,0,0,3,3,0,124
2013.0,0,0,0,3,3,0,124
2014.0,0,0,0,3,3,0,124
2015.0,0,0,0,3,3,0,124
2016.0,0,0,1,3,4,0,124
2017.0,0,0,1,3,4,0,124
2018.0,0,0,2,3,5,0,125
2019.0,0,0,1,1,2,0,125
2020.0,0,0,0,0,0,0,125
2021.0,0,0,0,0,0,0,125
2022.0,0,0,0,0,0,0,125
2023.0,0,0,0,0,0,0,125
2024.0,0,0,0,0,0,0,125
2025.0,0,0,0,0,0,0,125
2026.0,0,0,0,0,0,0,125
2027.0,0,0,0,0,0,0,125
2028.0,0,0,0,0,0,0,125
2029.0,0,0,0,0,0,0,125
2030.0,0,1,0,0,1,0,125
2031.0,0,0,0,0,0,0,125
2032.0,0,0,0,0,0,0,125
2033.0,0,0,0,0,0,0,126
2034.0,0,0,0,0,0,0,126
2035.0,0,0,0,0,0,0,126
2036.0,0,0,0,0,0,0,126
2037.0,0,0,0,0,0,0,126
2038.0,0,0,0,0,0,0,126
2039.0,0,0,0,1,1,0,126
2040.0,0,0,0,0,0,0,126
2041.0,0,0,0,0,0,0,126
2042.0,1,0,0,0,1,0,126
2043.0,0,0,1,0,1,0,126
2044.0,0,0,0,0,0,0,126
2045.0,0,0,0,1,1,0,126
2046.0,0,0,0,1,1,0,126
2047.0,0,0,1,1,2,0,126
2048.0,0,0,1,1,2,0,127
2049.0,0,0,1,2,3,0,127
2050.0,0,0,2,2,4,0,127
2051.0,0,0,2,2,4,0,127
2052.0,0,1,2,2,5,0,127
2053.0,0,0,2,2,4,0,127
2054.0,1,0,3,2,6,0,127
2055.0,0,0,4,2,6,0,127
2056.0,0,1,5,2,8,0,127
2057.0,0,1,5,2,8,0,127
2058.0,0,0,6,3,9,0,127
2059.0,0,0,5,2,7,0,127
2060.0,0,0,5,2,7,0,127
2061.0,0,0,6,3,9,0,127
2062.0,0,0,6,2,8,0,127
2063.0,0,0,6,2,8,0,128
2064.0,1,0,4,0,5,0,128
2065.0,1,0,1,0,2,0,128
2066.0,1,0,0,0,1,0,128
2067.0,1,0,1,0,2,0,128
2068.0,1,2,0,0,3,0,128
2069.0,1,2,0,0,3,0,128
2070.0,1,2,0,0,3,0,128
2071.0,1,3,0,0,4,0,128
2072.0,1,2,0,0,3,0,128
2073.0,1,2,0,0,3,0,128
2074.0,1,3,0,1,5,0,128
2075.0,1,3,0,1,5,0,128
2076.0,1,3,0,0,4,0,128
2077.0,1,3,0,1,5,0,128
2078.0,2,3,0,0,5,0,129
2079.0,1,1,1,0,3,0,129
2080.0,0,2,1,0,3,0,129
2081.0,0,0,1,1,2,0,129
2082.0,1,0,1,1,3,0,129
2083.0,0,0,1,1,2,0,129
2084.0,0,0,1,1,2,0,129
2085.0,0,0,2,2,4,0,129
2086.0,0,0,1,2,3,0,129
2087.0,0,0,1,3,4,0,129
2088.0,0,1,1,3,5,0,129
2089.0,0,0,1,4,5,0,129
2090.0,0,0,1,4,5,0,129
2091.0,1,0,1,4,6,0,129
2092.0,0,0,1,4,5,0,129
2093.0,0,0,1,4,5,0,130
2094.0,0,0,0,2,2,0,130
2095.0,0,0,0,1,1,0,130
2096.0,0,0,0,0,0,0,130
2097.0,1,0,0,0,1,0,130
2098.0,0,1,0,0,1,0,130
2099.0,0,1,0,0,1,0,130
2100.0,0,1,0,1,2,0,130
2101.0,0,1,0,0,1,0,130
2102.0,0,1,0,0,1,0,130
2103.0,0,2,0,0,2,0,130
2104.0,0,1,0,0,1,0,130
2105.0,0,1,0,0,1,0,130
2106.0,1,1,0,0,2,0,130
2107.0,1,2,0,0,3,0,130
2108.0,1,1,0,0,2,0,130
2109.0,1,1,0,0,2,0,130
2110.0,1,1,0,0,2,0,130
2111.0,1,2,0,0,3,0,130
2112.0,2,2,0,0,4,0,130
2113.0,2,3,0,0,5,0,130
2114.0,2,3,0,0,5,0,130
2115.0,2,4,0,0,6,0,130
2116.0,2,3,0,0,5,0,130
2117.0,2,3,0,0,5,0,130
2118.0,2,3,0,0,5,0,131
2119.0,1,1,0,1,3,0,131
2120.0,0,0,0,1,1,0,131
2121.0,0,0,0,1,1,0,131
2122.0,0,0,0,1,1,0,131
2123.0,0,0,0,1,1,0,131
2124.0,0,1,0,1,2,0,131
2125.0,0,0,0,1,1,0,131
2126.0,0,0,0,1,1,0,131
2127.0,0,0,0,2,2,0,131
2128.0,0,0,0,2,2,0,131
2129.0,0,0,0,3,3,0,131
2130.0,0,0,0,2,2,0,131
2131.0,0,1,1,2,4,0,131
2132.0,0,0,1,2,3,0,131
2133.0,0,0,2,3,5,0,132
2134.0,0,0,0,1,1,0,132
2135.0,0,0,0,1,1,0,132
2136.0,0,0,0,0,0,0,132
2137.0,0,0,0,0,0,0,132
2138.0,0,0,0,0,0,0,132
2139.0,0,0,0,0,0,0,132
2140.0,0,1,0,0,1,0,132
2141.0,0,0,0,0,0,0,132
2142.0,0,1,0,0,1,0,132
2143.0,0,1,0,0,1,0,132
2144.0,0,1,0,0,1,0,132
2145.0,0,2,0,0,2,0,132
2146.0,0,1,0,0,1,0,132
2147.0,0,1,0,0,1,0,132
2148.0,1,1,0,0,2,0,133
2149.0,0,0,0,0,0,0,133
2150.0,0,0,0,0,0,0,133
2151.0,0,0,0,0,0,0,133
2152.0,0,0,0,0,0,0,133
2153.0,0,1,0,0,1,0,133
2154.0,0,0,0,0,0,0,133
2155.0,0,0,0,0,0,0,133
2156.0,0,0,0,0,0,0,133
2157.0,0,0,0,0,0,0,133
2158.0,0,0,1,0,1,0,133
2159.0,0,0,1,0,1,0,133
2160.0,0,1,1,0,2,0,133
2161.0,0,0,2,0,2,0,133
2162.0,1,0,2,1,4,0,133
2163.0,0,1,2,1,4,0,134
2164.0,0,0,2,1,3,0,134
2165.0,0,0,2,1,3,0,134
2166.0,0,0,3,1,4,0,134
2167.0,0,1,3,1,5,0,134
2168.0,0,1,3,1,5,0,134
2169.0,0,0,4,2,6,0,134
2170.0,0,0,4,2,6,0,134
2171.0,0,0,5,1,6,0,134
2172.0,0,0,5,1,6,0,134
2173.0,0,0,6,1,7,0,134
2174.0,0,0,6,1,7,0,134
2175.0,0,0,6,1,7,0,134
2176.0,0,0,6,1,7,0,134
2177.0,0,0,6,1,7,0,134
2178.0,0,0,7,1,8,0,135
2179.0,0,0,4,0,4,0,135
2180.0,0,0,2,0,2,0,135
2181.0,0,0,1,0,1,0,135
2182.0,0,0,0,0,0,0,135
2183.0,0,0,0,1,1,0,135
2184.0,0,0,0,0,0,0,135
2185.0,1,0,0,0,1,0,135
2186.0,1,0,0,0,1,0,135
2187.0,1,0,0,0,1,0,135
2188.0,2,0,0,0,2,0,135
2189.0,1,0,0,0,1,0,135
2190.0,1,0,0,0,1,0,135
2191.0,1,1,0,0,2,0,135
2192.0,1,0,0,0,1,0,135
2193.0,1,0,0,1,2,0,136
2194.0,1,0,0,0,1,0,136
2195.0,1,0,0,0,1,0,136
2196.0,1,0,0,1,2,0,136
2197.0,1,0,0,0,1,0,136
2198.0,1,0,1,0,2,0,136
2199.0,1,0,1,0,2,0,136
2200.0,2,0,1,0,3,0,136
2201.0,1,0,1,0,2,0,136
2202.0,1,0,1,0,2,0,136
2203.0,1,1,1,0,3,0,136
2204.0,1,0,1,1,3,0,136
2205.0,1,0,1,1,3,0,136
2206.0,1,0,1,1,3,0,136
2207.0,1,0,1,1,3,0,136
2208.0,1,0,2,2,5,0,137
2209.0,0,0,1,2,3,0,137
2210.0,0,0,1,2,3,0,137
2211.0,0,0,1,3,4,0,137
2212.0,0,0,2,2,4,0,137
2213.0,0,0,2,2,4,0,137
2214.0,0,0,4,2,6,0,137
2215.0,0,0,3,3,6,0,137
2216.0,1,0,3,4,8,0,137
2217.0,0,0,3,4,7,0,137
2218.0,0,1,3,4,8,0,137
2219.0,0,0,3,4,7,0,137
2220.0,0,0,3,5,8,0,137
2221.0,0,1,3,6,10,0,137
2222.0,0,0,3,6,9,0,137
2223.0,0,0,3,6,9,0,138
2224.0,0,1,1,3,5,0,138
2225.0,0,0,0,1,1,0,138
2226.0,0,0,0,0,0,0,138
2227.0,0,0,0,0,0,0,138
2228.0,0,0,0,0,0,0,138
2229.0,0,1,0,0,1,0,138
2230.0,0,1,0,1,2,0,138
2231.0,0,1,0,0,1,0,138
2232.0,0,2,0,0,2,0,138
2233.0,0,2,0,0,2,0,138
2234.0,0,2,0,0,2,0,138
2235.0,1,3,0,0,4,0,138
2236.0,0,4,0,0,4,0,138
2237.0,0,3,0,0,3,0,138
2238.0,1,3,0,0,4,0,139
2239.0,0,1,0,0,1,0,139
2240.0,0,0,1,0,1,0,139
2241.0,0,0,0,1,1,0,139
2242.0,0,0,0,2,2,0,139
2243.0,0,0,0,4,4,0,139
2244.0,0,0,0,4,4,0,139
2245.0,0,1,0,4,5,0,139
2246.0,0,0,1,4,5,0,139
2247.0,0,0,1,4,5,0,139
2248.0,0,0,1,3,4,0,139
2249.0,0,0,1,3,4,0,139
2250.0,0,0,1,3,4,0,139
2251.0,0,0,1,4,5,0,139
2252.0,0,0,1,4,5,0,139
2253.0,0,1,1,5,7,0,139
2254.0,0,0,1,5,6,0,139
2255.0,0,0,2,5,7,0,139
2256.0,0,0,1,5,6,0,139
2257.0,0,0,1,5,6,0,139
2258.0,0,0,1,5,6,0,140
2259.0,1,0,0,3,4,0,140
2260.0,0,0,0,1,1,0,140
2261.0,0,0,0,0,0,0,140
2262.0,0,0,0,0,0,0,140
2263.0,0,0,0,0,0,0,140
2264.0,0,1,0,0,1,0,140
2265.0,0,1,0,0,1,0,140
2266.0,0,1,0,0,1,0,140
2267.0,0,1,0,1,2,0,140
2268.0,0,1,0,0,1,0,140
2269.0,0,1,0,0,1,0,140
2270.0,0,1,0,0,1,0,140
2271.0,0,1,0,0,1,0,140
2272.0,0,1,0,1,2,0,140
2273.0,0,1,0,0,1,0,141
2274.0,0,0,0,0,0,0,141
2275.0,0,0,0,0,0,0,141
2276.0,0,0,0,0,0,0,141
2277.0,0,0,0,1,1,0,141
2278.0,0,0,0,1,1,0,141
2279.0,0,0,0,1,1,0,141
2280.0,0,0,0,2,2,0,141
2281.0,0,0,0,1,1,0,141
2282.0,1,0,0,1,2,0,141
2283.0,1,0,0,2,3,0,141
2284.0,1,0,0,2,3,0,141
2285.0,1,0,1,3,5,0,141
2286.0,1,0,1,2,4,0,141
2287.0,1,0,1,3,5,0,141
2288.0,1,0,1,3,5,0,142
2289.0,0,0,1,4,5,0,142
2290.0,0,0,1,5,6,0,142
2291.0,0,0,1,5,6,0,142
2292.0,0,0,1,5,6,0,142
2293.0,0,0,1,5,6,0,142
2294.0,1,0,1,6,8,0,142
2295.0,0,0,1,6,7,0,142
2296.0,0,0,1,6,7,0,142
2297.0,0,0,2,6,8,0,142
2298.0,0,0,2,6,8,0,142
2299.0,0,0,2,6,8,0,142
2300.0,0,0,2,6,8,0,142
2301.0,0,1,2,6,9,0,142
2302.0,0,0,2,6,8,0,142
2303.0,0,0,2,6,8,0,143
2304.0,0,0,0,3,3,0,143
2305.0,0,0,0,1,1,0,143
2306.0,0,0,0,0,0,0,143
2307.0,0,0,0,0,0,0,143
2308.0,0,1,0,0,1,0,143
2309.0,0,0,0,0,0,0,143
2310.0,1,0,0,0,1,0,143
2311.0,0,0,0,0,0,0,143
2312.0,0,0,0,0,0,0,143
2313.0,0,0,0,0,0,0,143
2314.0,0,0,0,0,0,0,143
2315.0,0,0,0,0,0,0,143
2316.0,0,0,0,0,0,0,143
2317.0,0,0,0,1,1,0,143
2318.0,0,0,0,0,0,0,143
2319.0,0,0,0,0,0,0,143
2320.0,1,1,0,0,2,0,143
2321.0,2,1,0,0,3,0,143
2322.0,1,2,1,0,4,0,143
2323.0,2,2,0,0,4,0,144
2324.0,1,2,0,0,3,0,144
2325.0,1,1,0,0,2,0,144
2326.0,1,2,0,0,3,0,144
2327.0,1,2,0,0,3,0,144
2328.0,1,2,1,0,4,0,144
2329.0,2,2,2,0,6,0,144
2330.0,1,2,2,0,5,0,144
2331.0,2,2,2,1,7,0,144
2332.0,3,2,2,0,7,0,144
2333.0,2,2,3,0,7,0,144
2334.0,2,2,3,0,7,0,144
2335.0,2,2,3,0,7,0,144
2336.0,2,2,4,0,8,0,144
2337.0,2,2,4,0,8,0,144
2338.0,2,2,4,0,8,0,145
2339.0,1,1,4,0,6,0,145
2340.0,0,0,4,0,4,0,145
2341.0,1,0,4,1,6,0,145
2342.0,0,0,4,0,4,0,145
2343.0,0,0,4,1,5,0,145
2344.0,1,0,4,2,7,0,145
2345.0,0,0,4,1,5,0,145
2346.0,0,0,4,1,5,0,145
2347.0,0,1,4,1,6,0,145
2348.0,0,0,4,1,5,0,145
2349.0,0,1,4,1,6,0,145
2350.0,0,0,4,1,5,0,145
2351.0,0,0,5,1,6,0,145
2352.0,0,0,5,1,6,0,145
2353.0,0,0,5,1,6,0,145
2354.0,0,0,5,1,6,0,145
2355.0,0,0,5,2,7,0,145
2356.0,0,0,5,2,7,0,145
2357.0,0,0,5,3,8,0,145
2358.0,0,0,5,3,8,0,145
2359.0,0,0,5,4,9,0,145
2360.0,0,0,5,3,8,0,145
2361.0,0,0,5,3,8,0,145
2362.0,0,0,5,3,8,0,145
2363.0,0,0,5,3,8,0,145
2364.0,0,0,6,4,10,0,145
2365.0,0,0,5,4,9,0,145
2366.0,0,0,6,4,10,0,145
2367.0,0,0,7,4,11,0,145
2368.0,0,0,6,6,12,0,145
2369.0,0,0,6,6,12,0,145
2370.0,1,0,6,6,13,0,145
2371.0,0,0,6,7,13,0,145
2372.0,0,1,7,7,15,0,145
2373.0,0,0,8,7,15,0,145
2374.0,0,0,7,7,14,0,145
2375.0,0,0,8,7,15,0,145
2376.0,0,0,8,7,15,0,145
2377.0,0,0,9,7,16,0,145
2378.0,0,0,9,7,16,0,145
2379.0,0,0,9,7,16,0,145
2380.0,0,0,9,7,16,0,145
2381.0,0,0,9,7,16,0,145
2382.0,0,0,9,7,16,0,145
2383.0,0,0,9,7,16,0,146
2384.0,0,0,7,5,12,0,146
2385.0,0,0,5,3,8,0,146
2386.0,0,0,3,1,4,0,146
2387.0,0,1,2,0,3,0,146
2388.0,0,0,1,0,1,0,146
2389.0,0,0,1,0,1,0,146
2390.0,1,0,0,0,1,0,146
2391.0,1,0,0,0,1,0,146
2392.0,1,0,0,0,1,0,146
2393.0,1,0,0,0,1,0,146
2394.0,1,0,0,0,1,0,146
2395.0,1,0,0,0,1,0,146
2396.0,1,0,0,0,1,0,146
2397.0,1,0,0,0,1,0,146
2398.0,1,1,1,0,3,0,147
2399.0,0,0,2,0,2,0,147
2400.0,0,0,1,0,1,0,147
2401.0,0,0,4,0,4,0,147
2402.0,0,0,4,0,4,0,147
2403.0,0,0,4,1,5,0,147
2404.0,0,0,5,0,5,0,147
2405.0,0,0,5,0,5,0,147
2406.0,0,0,6,0,6,0,147
2407.0,0,0,6,1,7,0,147
2408.0,0,0,8,0,8,0,147
2409.0,0,1,8,0,9,0,147
2410.0,0,0,8,0,8,0,147
2411.0,0,0,8,0,8,0,147
2412.0,0,0,9,0,9,0,147
2413.0,0,0,9,0,9,0,147
2414.0,0,0,9,1,10,0,147
2415.0,0,0,10,2,12,0,147
2416.0,0,0,10,1,11,0,147
2417.0,0,0,11,2,13,0,147
2418.0,0,0,12,3,15,0,147
2419.0,0,0,12,5,17,0,147
2420.0,0,0,13,4,17,0,147
2421.0,0,0,13,4,17,0,147
2422.0,0,0,13,5,18,0,147
2423.0,0,0,14,5,19,0,147
2424.0,0,0,13,7,20,0,147
2425.0,1,0,14,6,21,0,147
2426.0,0,0,14,6,20,0,147
2427.0,0,0,15,7,22,0,147
2428.0,0,0,16,7,23,0,148
2429.0,0,0,15,5,20,0,148
2430.0,0,0,12,4,16,0,148
2431.0,0,1,9,1,11,0,148
2432.0,1,1,6,1,9,0,148
2433.0,0,1,3,1,5,0,148
2434.0,0,1,1,0,2,0,148
2435.0,0,1,0,0,1,0,148
2436.0,1,1,0,1,3,0,148
2437.0,0,1,0,0,1,0,148
2438.0,1,1,0,0,2,0,148
2439.0,0,1,0,1,2,0,148
2440.0,0,1,1,0,2,0,148
2441.0,1,1,1,0,3,0,148
2442.0,1,1,3,1,6,0,148
2443.0,0,1,4,0,5,0,149
2444.0,0,0,4,0,4,0,149
2445.0,0,0,4,0,4,0,149
2446.0,0,0,5,2,7,0,149
2447.0,0,0,4,2,6,0,149
2448.0,0,0,5,4,9,0,149
2449.0,0,0,5,4,9,0,149
2450.0,0,0,6,5,11,0,149
2451.0,0,0,6,4,10,0,149
2452.0,0,0,7,5,12,0,149
2453.0,0,0,7,5,12,0,149
2454.0,0,0,8,5,13,0,149
2455.0,0,0,9,5,14,0,149
2456.0,0,0,9,5,14,0,149
2457.0,0,0,9,6,15,0,149
2458.0,0,0,10,5,15,0,150
2459.0,0,0,6,3,9,0,150
2460.0,1,0,3,3,7,0,150
2461.0,1,1,0,0,2,0,150
2462.0,1,0,0,0,1,0,150
2463.0,2,0,0,1,3,0,150
2464.0,2,0,0,0,2,0,150
2465.0,4,0,0,1,5,0,150
2466.0,3,0,0,0,3,0,150
2467.0,3,0,0,0,3,0,150
2468.0,3,0,0,0,3,0,150
2469.0,3,0,0,0,3,0,150
2470.0,3,0,0,0,3,0,150
2471.0,3,0,1,0,4,0,150
2472.0,3,0,1,1,5,0,150
2473.0,3,1,1,0,5,0,150
2474.0,3,1,1,0,5,0,150
2475.0,3,1,1,0,5,0,150
2476.0,3,2,1,0,6,0,150
2477.0,3,1,1,0,5,0,150
2478.0,3,1,1,0,5,0,150
2479.0,3,2,1,1,7,0,150
2480.0,3,1,0,0,4,0,150
2481.0,3,1,0,0,4,0,150
2482.0,3,1,0,0,4,0,150
2483.0,4,1,1,0,6,0,150
2484.0,4,1,0,0,5,0,150
2485.0,5,1,0,0,6,0,150
2486.0,5,2,1,0,8,0,150
2487.0,5,3,0,1,9,0,150
2488.0,5,3,0,0,8,0,150
2489.0,6,4,0,0,10,0,150
2490.0,6,5,0,0,11,0,150
2491.0,6,4,0,0,10,0,150
2492.0,6,4,0,0,10,0,150
2493.0,6,5,0,0,11,0,150
2494.0,6,5,0,0,11,0,150
2495.0,6,6,0,0,12,0,150
2496.0,6,6,0,0,12,0,150
2497.0,6,7,0,0,13,0,150
2498.0,6,8,0,0,14,0,150
2499.0,6,8,0,0,14,0,150
2500.0,6,9,0,0,15,0,150
2501.0,6,9,0,0,15,0,150
2502.0,6,9,0,1,16,0,150
2503.0,6,10,0,0,16,0,151
2504.0,3,6,1,0,10,0,151
2505.0,1,3,0,0,4,0,151
2506.0,0,2,0,0,2,0,151
2507.0,0,4,0,0,4,0,151
2508.0,0,5,0,0,5,0,151
2509.0,1,5,2,1,9,0,151
2510.0,0,5,2,1,8,0,151
2511.0,0,5,3,1,9,0,151
2512.0,0,5,3,1,9,0,151
2513.0,0,6,4,2,12,0,151
2514.0,0,6,5,1,12,0,151
2515.0,1,6,5,1,13,0,151
2516.0,1,6,6,1,14,0,151
2517.0,1,6,5,2,14,0,151
2518.0,1,6,5,2,14,0,151
2519.0,1,6,5,3,15,0,151
2520.0,1,6,5,4,16,0,151
2521.0,1,6,5,5,17,0,151
2522.0,1,6,5,5,17,0,151
2523.0,1,8,6,6,21,0,151
2524.0,1,5,6,6,18,0,151
2525.0,1,3,8,6,18,0,151
2526.0,1,2,7,7,17,0,151
2527.0,1,1,7,6,15,0,151
2528.0,1,1,7,5,14,0,152
2529.0,1,0,5,3,9,0,152
2530.0,1,2,3,1,7,0,152
2531.0,1,3,2,2,8,0,152
2532.0,2,5,1,1,9,0,152
2533.0,2,5,1,1,9,0,152
2534.0,2,6,1,0,9,0,152
2535.0,2,7,2,0,11,0,152
2536.0,2,8,1,0,11,0,152
2537.0,2,9,0,0,11,0,152
2538.0,2,8,0,0,10,0,152
2539.0,2,9,0,0,11,0,152
2540.0,2,9,0,0,11,0,152
2541.0,2,9,0,0,11,0,152
2542.0,2,10,0,0,12,0,152
2543.0,2,10,0,0,12,0,152
2544.0,2,10,0,0,12,0,152
2545.0,2,11,0,0,13,0,152
2546.0,3,10,0,0,13,0,152
2547.0,2,11,0,0,13,0,152
2548.0,2,12,0,0,14,0,152
2549.0,2,11,1,0,14,0,152
2550.0,2,11,0,0,13,0,152
2551.0,2,11,0,0,13,0,152
2552.0,2,13,1,0,16,0,152
2553.0,2,13,0,0,15,0,153
2554.0,0,10,0,0,10,0,153
2555.0,1,6,0,0,7,0,153
2556.0,0,4,1,0,5,0,153
2557.0,0,3,1,3,7,0,153
2558.0,0,1,1,2,4,0,153
2559.0,1,2,3,2,8,0,153
2560.0,0,0,3,3,6,0,153
2561.0,0,0,3,3,6,0,153
2562.0,0,0,4,3,7,0,153
2563.0,0,0,5,3,8,0,153
2564.0,0,1,5,3,9,0,153
2565.0,0,0,5,4,9,0,153
2566.0,0,0,5,4,9,0,153
2567.0,0,0,5,6,11,0,153
2568.0,0,1,5,6,12,0,154
2569.0,0,1,3,3,7,0,154
2570.0,0,3,2,1,6,0,154
2571.0,0,4,1,0,5,0,154
2572.0,0,5,0,0,5,0,154
2573.0,0,5,0,1,6,0,154
2574.0,0,7,0,0,7,0,154
2575.0,0,7,0,0,7,0,154
2576.0,0,8,0,0,8,0,154
2577.0,0,9,0,0,9,0,154
2578.0,1,11,0,1,13,0,154
2579.0,1,11,0,0,12,0,154
2580.0,1,11,1,0,13,0,154
2581.0,1,11,0,0,12,0,154
2582.0,1,11,0,0,12,0,154
2583.0,1,11,0,0,12,0,155
2584.0,1,9,0,0,10,0,155
2585.0,0,7,1,1,9,0,155
2586.0,0,6,1,2,9,0,155
2587.0,0,4,2,3,9,0,155
2588.0,0,2,4,4,10,0,155
2589.0,0,1,3,4,8,0,155
2590.0,1,3,3,4,11,0,155
2591.0,0,1,4,4,9,0,155
2592.0,0,0,5,4,9,0,155
2593.0,0,1,5,4,10,0,155
2594.0,0,1,6,4,11,0,155
2595.0,1,0,6,4,11,0,155
2596.0,0,0,7,5,12,0,155
2597.0,0,1,6,5,12,0,155
2598.0,1,0,6,6,13,0,155
2599.0,0,0,7,6,13,0,155
2600.0,0,0,7,6,13,0,155
2601.0,1,0,7,6,14,0,155
2602.0,0,1,7,7,15,0,155
2603.0,0,0,6,7,13,0,156
2604.0,0,0,4,5,9,0,156
2605.0,0,0,3,1,4,0,156
2606.0,0,1,1,0,2,0,156
2607.0,0,2,1,0,3,0,156
2608.0,0,3,2,0,5,0,156
2609.0,0,4,0,0,4,0,156
2610.0,0,4,0,0,4,0,156
2611.0,0,6,0,0,6,0,156
2612.0,0,8,0,0,8,0,156
2613.0,2,8,0,0,10,0,156
2614.0,1,8,1,0,10,0,156
2615.0,1,7,0,0,8,0,156
2616.0,2,8,0,1,11,0,156
2617.0,2,8,0,0,10,0,156
2618.0,2,8,0,0,10,0,156
2619.0,3,9,1,0,13,0,156
2620.0,3,9,0,0,12,0,156
2621.0,3,10,0,1,14,0,156
2622.0,4,10,1,0,15,0,156
2623.0,4,10,0,0,14,0,156
2624.0,4,11,0,0,15,0,156
2625.0,4,11,0,0,15,0,156
2626.0,4,12,1,1,18,0,156
2627.0,4,12,0,0,16,0,156
2628.0,4,12,0,0,16,0,156
2629.0,4,12,0,1,17,0,156
2630.0,4,13,0,0,17,0,156
2631.0,4,14,0,0,18,0,156
2632.0,4,14,0,1,19,0,156
2633.0,5,14,0,0,19,0,157
2634.0,5,13,1,1,20,0,157
2635.0,5,11,1,2,19,0,157
2636.0,5,9,2,1,17,0,157
2637.0,5,9,2,1,17,0,157
2638.0,6,7,2,1,16,0,157
2639.0,7,6,2,2,17,0,157
2640.0,6,5,2,4,17,0,157
2641.0,6,3,2,3,14,0,157
2642.0,6,2,4,3,15,0,157
2643.0,6,3,4,5,18,0,157
2644.0,7,2,5,4,18,0,157
2645.0,6,2,6,6,20,0,157
2646.0,6,2,5,6,19,0,157
2647.0,6,2,5,7,20,0,157
2648.0,7,2,7,7,23,0,157
2649.0,6,3,7,7,23,0,157
2650.0,6,2,7,8,23,0,157
2651.0,6,2,7,8,23,0,157
2652.0,6,2,7,9,24,0,157
2653.0,6,2,10,9,27,0,157
2654.0,6,3,10,9,28,0,157
2655.0,6,3,10,9,28,0,157
2656.0,6,3,12,10,31,0,157
2657.0,6,4,13,10,33,0,157
2658.0,6,4,14,10,34,0,157
2659.0,6,5,13,11,35,0,157
2660.0,6,5,14,11,36,0,157
2661.0,7,6,15,11,39,0,157
2662.0,8,5,16,11,40,0,157
2663.0,8,5,16,12,41,0,158
2664.0,8,6,13,10,37,0,158
2665.0,8,5,10,7,30,0,158
2666.0,9,5,9,5,28,0,158
2667.0,10,5,6,4,25,0,158
2668.0,9,5,4,1,19,0,158
2669.0,9,6,2,0,17,0,158
2670.0,9,6,1,0,16,0,158
2671.0,10,6,0,0,16,0,158
2672.0,9,6,0,0,15,0,158
2673.0,9,6,0,0,15,0,158
2674.0,9,6,0,1,16,0,158
2675.0,9,6,0,0,15,0,158
2676.0,9,6,0,0,15,0,158
2677.0,9,6,1,1,17,0,158
2678.0,9,6,0,0,15,0,158
2679.0,9,6,0,0,15,0,158
2680.0,9,6,0,0,15,0,158
2681.0,9,6,0,0,15,0,158
2682.0,9,6,0,0,15,0,158
2683.0,9,6,1,0,16,0,159
2684.0,7,4,1,0,12,0,159
2685.0,5,2,1,0,8,0,159
2686.0,4,1,3,1,9,0,159
2687.0,3,1,3,2,9,0,159
2688.0,2,1,3,2,8,0,159
2689.0,1,0,4,3,8,0,159
2690.0,0,0,4,3,7,0,159
2691.0,0,1,4,3,8,0,159
2692.0,0,0,4,3,7,0,159
2693.0,0,0,4,4,8,0,159
2694.0,0,1,4,3,8,0,159
2695.0,0,1,4,3,8,0,159
2696.0,1,0,5,4,10,0,159
2697.0,0,0,5,3,8,0,159
2698.0,1,1,5,3,10,0,160
2699.0,0,1,4,1,6,0,160
2700.0,1,0,4,0,5,0,160
2701.0,2,2,4,1,9,0,160
2702.0,2,2,3,1,8,0,160
2703.0,2,3,3,1,9,0,160
2704.0,3,4,2,1,10,0,160
2705.0,3,5,1,0,9,0,160
2706.0,3,6,0,1,10,0,160
2707.0,3,6,0,0,9,0,160
2708.0,4,7,0,0,11,0,160
2709.0,3,8,1,1,13,0,160
2710.0,3,9,0,0,12,0,160
2711.0,5,8,0,0,13,0,160
2712.0,5,8,1,0,14,0,160
2713.0,4,8,1,0,13,0,161
2714.0,4,8,1,1,14,0,161
2715.0,4,6,1,1,12,0,161
2716.0,4,5,2,1,12,0,161
2717.0,5,6,4,2,17,0,161
2718.0,5,4,3,3,15,0,161
2719.0,5,4,4,3,16,0,161
2720.0,5,5,5,3,18,0,161
2721.0,6,6,5,4,21,0,161
2722.0,6,6,6,3,21,0,161
2723.0,6,8,7,3,24,0,161
2724.0,6,8,7,5,26,0,161
2725.0,6,7,8,4,25,0,161
2726.0,6,7,8,4,25,0,161
2727.0,6,8,8,5,27,0,161
2728.0,6,8,8,5,27,0,161
2729.0,7,10,7,6,30,0,161
2730.0,7,9,7,5,28,0,161
2731.0,7,9,7,6,29,0,161
2732.0,7,9,7,6,29,0,161
2733.0,7,9,7,6,29,0,161
2734.0,7,9,7,7,30,0,161
2735.0,8,9,7,7,31,0,161
2736.0,8,9,8,8,33,0,161
2737.0,8,9,8,9,34,0,161
2738.0,8,9,8,9,34,0,161
2739.0,8,9,7,9,33,0,161
2740.0,8,9,7,9,33,0,161
2741.0,8,9,9,9,35,0,161
2742.0,8,9,8,9,34,0,161
2743.0,8,10,10,10,38,0,161
2744.0,8,9,10,11,38,0,161
2745.0,8,9,11,11,39,0,161
2746.0,8,9,11,11,39,0,161
2747.0,8,9,11,11,39,0,161
2748.0,8,10,13,11,42,0,161
2749.0,8,9,14,12,43,0,161
2750.0,8,9,15,12,44,0,161
2751.0,9,9,15,12,45,0,161
2752.0,8,11,15,12,46,0,161
2753.0,8,11,16,12,47,0,161
2754.0,8,11,16,12,47,0,161
2755.0,8,12,17,12,49,0,161
2756.0,8,11,17,12,48,0,161
2757.0,8,11,18,13,50,0,161
2758.0,8,11,18,13,50,0,162
2759.0,8,11,16,10,45,0,162
2760.0,8,11,13,8,40,0,162
2761.0,8,11,11,5,35,0,162
2762.0,8,11,9,2,30,0,162
2763.0,8,11,6,0,25,0,162
2764.0,8,11,3,0,22,0,162
2765.0,8,12,1,0,21,0,162
2766.0,8,12,0,0,20,0,162
2767.0,8,12,0,1,21,0,162
2768.0,9,13,0,0,22,0,162
2769.0,8,14,0,1,23,0,162
2770.0,8,14,0,1,23,0,162
2771.0,9,14,0,1,24,0,162
2772.0,8,14,1,2,25,0,162
2773.0,8,14,0,1,23,0,163
2774.0,8,13,1,1,23,0,163
2775.0,8,12,0,1,21,0,163
2776.0,9,11,0,2,22,0,163
2777.0,9,11,1,1,22,0,163
2778.0,9,12,0,3,24,0,163
2779.0,9,11,1,3,24,0,163
2780.0,9,11,1,4,25,0,163
2781.0,9,12,2,4,27,0,163
2782.0,9,11,2,6,28,0,163
2783.0,9,11,3,6,29,0,163
2784.0,9,13,3,6,31,0,163
2785.0,9,12,3,6,30,0,163
2786.0,9,13,3,6,31,0,163
2787.0,9,12,4,8,33,0,163
2788.0,10,12,5,7,34,0,163
2789.0,10,12,6,8,36,0,163
2790.0,11,13,7,8,39,0,163
2791.0,10,12,8,8,38,0,163
2792.0,10,13,8,8,39,0,163
2793.0,10,13,8,9,40,0,163
2794.0,11,13,9,8,41,0,163
2795.0,10,13,9,8,40,0,163
2796.0,10,13,9,8,40,0,163
2797.0,11,13,9,8,41,0,163
2798.0,10,13,9,9,41,0,163
2799.0,10,13,10,9,42,0,163
2800.0,10,13,9,10,42,0,163
2801.0,11,14,10,11,46,0,163
2802.0,10,14,10,11,45,0,163
2803.0,10,14,10,11,45,0,163
2804.0,10,15,10,12,47,0,163
2805.0,10,15,11,12,48,0,163
2806.0,11,15,11,13,50,0,163
2807.0,10,15,12,13,50,0,163
2808.0,10,15,11,13,49,0,163
2809.0,12,15,11,13,51,0,163
2810.0,11,15,11,14,51,0,163
2811.0,11,15,11,15,52,0,163
2812.0,12,15,13,14,54,0,163
2813.0,12,15,12,14,53,0,163
2814.0,13,15,13,14,55,0,163
2815.0,13,15,13,14,55,0,163
2816.0,13,15,14,14,56,0,163
2817.0,13,15,15,15,58,0,163
2818.0,13,15,15,15,58,0,163
2819.0,14,15,15,15,59,0,163
2820.0,14,15,15,15,59,0,163
2821.0,14,15,15,15,59,0,163
2822.0,14,15,15,15,59,0,163
2823.0,14,15,15,15,59,0,163
2824.0,15,15,16,15,61,0,163
2825.0,15,15,15,15,60,0,163
2826.0,15,15,15,15,60,0,163
2827.0,15,15,16,15,61,0,163
2828.0,16,15,15,16,62,0,163
2829.0,16,15,15,16,62,0,163
2830.0,16,15,16,16,63,0,163
2831.0,16,15,16,17,64,0,163
2832.0,16,15,18,18,67,0,163
2833.0,17,15,18,18,68,0,163
2834.0,16,15,19,18,68,0,163
2835.0,16,15,20,18,69,0,163
2836.0,16,16,20,18,70,0,163
2837.0,16,16,20,18,70,0,163
2838.0,16,16,20,18,70,0,163
2839.0,17,16,20,18,71,0,163
2840.0,16,16,20,18,70,0,163
2841.0,17,17,20,18,72,0,163
2842.0,16,17,20,18,71,0,163
2843.0,16,17,20,19,72,0,163
2844.0,16,17,20,19,72,0,163
2845.0,17,17,20,19,73,0,163
2846.0,16,17,20,19,72,0,163
2847.0,16,17,20,19,72,0,163
2848.0,16,17,20,19,72,0,163
2849.0,17,17,20,19,73,0,163
2850.0,18,17,20,19,74,0,163
2851.0,17,17,20,19,73,0,163
2852.0,17,17,20,19,73,0,163
2853.0,18,17,20,19,74,0,163
2854.0,17,17,20,19,73,0,163
2855.0,17,17,20,19,73,0,163
2856.0,17,17,20,19,73,0,163
2857.0,18,17,20,19,74,0,163
2858.0,18,17,20,19,74,0,163
2859.0,20,17,20,19,76,0,163
2860.0,19,17,20,19,75,0,163
2861.0,19,17,20,19,75,0,163
2862.0,21,17,20,19,77,0,163
2863.0,20,17,20,19,76,0,163
2864.0,20,17,20,19,76,0,163
2865.0,22,17,20,19,78,0,163
2866.0,21,17,20,19,77,0,163
2867.0,21,17,20,19,77,0,163
2868.0,21,17,20,19,77,0,163
2869.0,22,17,20,19,78,0,163
2870.0,21,17,20,19,77,0,163
2871.0,21,17,20,20,78,0,163
2872.0,21,17,20,20,78,0,163
2873.0,21,17,21,20,79,0,163
2874.0,21,17,21,20,79,0,163
2875.0,22,17,21,20,80,0,163
2876.0,22,17,21,20,80,0,163
2877.0,22,17,21,20,80,0,163
2878.0,22,17,21,20,80,0,163
2879.0,22,17,21,20,80,0,163
2880.0,22,17,21,20,80,0,163
2881.0,22,17,21,20,80,0,163
2882.0,23,17,21,20,81,0,163
2883.0,23,17,21,20,81,0,163
2884.0,24,17,21,20,82,0,163
2885.0,23,17,21,20,81,0,163
2886.0,23,17,21,20,81,0,163
2887.0,24,17,21,20,82,0,163
2888.0,23,17,21,20,81,0,163
2889.0,23,17,21,20,81,0,163
2890.0,24,17,21,20,82,0,163
2891.0,23,17,21,21,82,0,163
2892.0,23,17,21,21,82,0,163
2893.0,23,17,22,21,83,0,163
2894.0,24,17,22,21,84,0,163
2895.0,23,17,22,21,83,0,163
2896.0,23,17,22,21,83,0,163
2897.0,24,17,22,21,84,0,163
2898.0,24,17,22,22,85,0,163
2899.0,24,17,23,22,86,0,163
2900.0,25,17,23,22,87,0,163
2901.0,25,17,23,22,87,0,163
2902.0,25,17,23,22,87,0,163
2903.0,25,17,23,22,87,0,163
2904.0,25,17,23,22,87,0,163
2905.0,27,17,23,22,89,0,163
2906.0,26,17,23,22,88,0,163
2907.0,26,17,23,23,89,0,163
2908.0,26,17,23,23,89,0,163
2909.0,26,17,24,23,90,0,163
2910.0,26,17,24,24,91,0,163
2911.0,28,17,24,24,93,0,163
2912.0,27,17,24,24,92,0,163
2913.0,27,17,24,24,92,0,163
2914.0,27,17,24,24,92,0,163
2915.0,28,17,24,24,93,0,163
2916.0,28,17,24,25,94,0,163
2917.0,28,17,24,26,95,0,163
2918.0,28,17,24,26,95,0,164
2919.0,25,15,24,26,90,0,164
2920.0,22,13,24,26,85,0,164
2921.0,21,11,24,26,82,0,164
2922.0,20,9,24,27,80,0,164
2923.0,19,7,24,27,77,0,164
2924.0,18,5,24,27,74,0,164
2925.0,17,3,24,27,71,0,164
2926.0,17,1,24,27,69,0,164
2927.0,15,0,24,27,66,0,164
2928.0,15,0,24,27,66,0,164
2929.0,14,0,24,27,65,0,164
2930.0,13,0,24,27,64,0,164
2931.0,12,0,24,27,63,0,164
2932.0,11,0,24,27,62,0,164
2933.0,11,0,24,27,62,0,165
2934.0,10,1,21,24,56,0,165
2935.0,12,2,18,21,53,0,165
2936.0,11,2,15,18,46,0,165
2937.0,13,4,12,15,44,0,165
2938.0,11,5,9,12,37,0,165
2939.0,10,6,6,9,31,0,165
2940.0,11,6,4,7,28,0,165
2941.0,11,8,2,5,26,0,165
2942.0,10,9,0,2,21,0,165
2943.0,10,10,0,0,20,0,165
2944.0,10,12,0,0,22,0,165
2945.0,10,11,0,0,21,0,165
2946.0,10,11,0,1,22,0,165
2947.0,10,12,0,1,23,0,165
2948.0,11,14,0,2,27,0,165
2949.0,12,14,0,2,28,0,165
2950.0,13,13,0,3,29,0,165
2951.0,14,12,1,4,31,0,165
2952.0,13,13,1,5,32,0,165
2953.0,14,15,0,6,35,0,165
2954.0,15,16,1,6,38,0,165
2955.0,15,15,0,6,36,0,165
2956.0,16,16,0,7,39,0,165
2957.0,18,16,1,4,39,0,165
2958.0,17,16,0,2,35,0,165
2959.0,18,16,1,3,38,0,165
2960.0,18,15,1,0,34,0,165
2961.0,18,16,1,1,36,0,165
2962.0,19,17,1,1,38,0,165
2963.0,20,19,2,2,43,0,166
2964.0,21,18,1,1,41,0,166
2965.0,23,17,2,5,47,0,166
2966.0,22,17,1,3,43,0,166
2967.0,23,17,2,4,46,0,166
2968.0,24,17,3,4,48,0,166
2969.0,25,14,3,5,47,0,166
2970.0,24,13,4,7,48,0,166
2971.0,24,13,5,9,51,0,166
2972.0,25,10,4,9,48,0,166
2973.0,24,11,5,8,48,0,166
2974.0,24,13,5,10,52,0,166
2975.0,24,13,6,10,53,0,166
2976.0,24,13,6,13,56,0,166
2977.0,24,12,6,13,55,0,166
2978.0,24,11,7,14,56,0,167
2979.0,24,13,5,13,55,0,167
2980.0,25,10,2,13,50,0,167
2981.0,25,10,2,11,48,0,167
2982.0,25,9,1,9,44,0,167
2983.0,25,12,0,8,45,0,167
2984.0,25,14,1,7,47,0,167
2985.0,25,14,0,5,44,0,167
2986.0,25,15,0,2,42,0,167
2987.0,25,14,0,1,40,0,167
2988.0,26,15,1,1,43,0,167
2989.0,26,17,0,1,44,0,167
2990.0,26,18,1,1,46,0,167
2991.0,26,20,2,2,50,0,167
2992.0,27,21,1,3,52,0,167
2993.0,27,21,2,4,54,0,168
2994.0,24,19,1,5,49,0,168
2995.0,23,13,1,6,43,0,168
2996.0,23,11,2,6,42,0,168
2997.0,22,10,1,7,40,0,168
2998.0,21,8,3,8,40,0,168
2999.0,20,8,6,10,44,0,168
3000.0,19,9,5,14,47,0,168
3001.0,18,9,5,13,45,0,168
3002.0,17,7,8,14,46,0,168
3003.0,16,7,8,14,45,0,168
3004.0,15,7,9,17,48,0,168
3005.0,14,8,11,16,49,0,168
3006.0,14,10,12,17,53,0,168
3007.0,13,9,12,18,52,0,168
3008.0,12,9,13,19,53,0,169
3009.0,1,9,15,21,46,0,169
3010.0,3,10,15,21,49,0,169
3011.0,6,10,13,22,51,0,169
3012.0,3,10,12,23,48,0,169
3013.0,4,11,12,24,51,0,169
3014.0,5,11,15,24,55,0,169
3015.0,5,11,16,24,56,0,169
3016.0,5,13,15,24,57,0,169
3017.0,7,12,16,24,59,0,169
3018.0,7,15,16,25,63,0,169
3019.0,7,13,18,25,63,0,169
3020.0,8,12,18,25,63,0,169
3021.0,8,12,19,25,64,0,169
3022.0,10,13,21,25,69,0,169
3023.0,12,17,21,26,76,0,170
3024.0,11,16,19,23,69,0,170
3025.0,14,16,18,20,68,0,170
3026.0,14,18,16,17,65,0,170
3027.0,15,16,13,14,58,0,170
3028.0,17,17,11,11,56,0,170
3029.0,17,20,8,8,53,0,170
3030.0,19,20,6,5,50,0,170
3031.0,18,19,3,4,44,0,170
3032.0,19,23,1,1,44,0,170
3033.0,19,20,0,1,40,0,170
3034.0,20,22,0,1,43,0,170
3035.0,21,22,0,0,43,0,170
3036.0,22,20,0,0,42,0,170
3037.0,22,22,1,1,46,0,170
3038.0,23,24,1,2,50,0,171
3039.0,23,22,3,2,50,0,171
3040.0,23,23,3,4,53,0,171
3041.0,24,22,5,4,55,0,171
3042.0,24,22,9,7,62,0,171
3043.0,25,21,9,8,63,0,171
3044.0,25,20,9,8,62,0,171
3045.0,25,19,9,8,61,0,171
3046.0,25,18,11,10,64,0,171
3047.0,25,18,12,11,66,0,171
3048.0,25,17,14,14,70,0,171
3049.0,25,18,16,16,75,0,171
3050.0,25,16,15,17,73,0,171
3051.0,25,18,15,18,76,0,171
3052.0,25,18,18,18,79,0,171
3053.0,26,18,19,19,82,0,171
3054.0,25,16,19,20,80,0,171
3055.0,25,16,21,20,82,0,171
3056.0,25,16,23,20,84,0,171
3057.0,25,14,23,22,84,0,171
3058.0,25,12,23,22,82,0,171
3059.0,25,12,23,22,82,0,171
3060.0,25,12,23,24,84,0,171
3061.0,25,13,23,24,85,0,171
3062.0,25,12,23,24,84,0,171
3063.0,25,13,22,24,84,0,172
3064.0,26,13,19,22,80,0,172
3065.0,26,14,16,20,76,0,172
3066.0,26,15,14,17,72,0,172
3067.0,26,16,12,14,68,0,172
3068.0,27,16,9,11,63,0,172
3069.0,26,17,7,8,58,0,172
3070.0,26,18,6,5,55,0,172
3071.0,27,18,5,3,53,0,172
3072.0,26,18,3,1,48,0,172
3073.0,26,19,2,0,47,0,172
3074.0,26,19,1,0,46,0,172
3075.0,26,19,0,0,45,0,172
3076.0,26,19,0,0,45,0,172
3077.0,26,19,0,1,46,0,172
3078.0,26,19,0,1,46,0,173
3079.0,28,18,1,3,50,0,173
3080.0,27,17,0,4,48,0,173
3081.0,27,17,0,6,50,0,173
3082.0,27,17,1,4,49,0,173
3083.0,27,17,3,5,52,0,173
3084.0,27,17,3,6,53,0,173
3085.0,27,17,5,9,58,0,173
3086.0,27,17,5,9,58,0,173
3087.0,27,17,6,12,62,0,173
3088.0,27,17,7,13,64,0,173
3089.0,28,17,10,13,68,0,173
3090.0,28,17,11,14,70,0,173
3091.0,28,17,12,13,70,0,173
3092.0,29,17,14,13,73,0,173
3093.0,28,17,17,12,74,0,173
3094.0,28,17,16,13,74,0,173
3095.0,28,18,18,12,76,0,173
3096.0,28,18,19,12,77,0,173
3097.0,28,18,21,12,79,0,173
3098.0,28,18,23,12,81,0,173
3099.0,29,18,24,14,85,0,173
3100.0,29,18,24,12,83,0,173
3101.0,30,18,24,13,85,0,173
3102.0,30,18,25,15,88,0,173
3103.0,30,18,25,16,89,0,173
3104.0,30,18,25,14,87,0,173
3105.0,30,18,25,16,89,0,173
3106.0,30,18,26,17,91,0,173
3107.0,30,18,26,18,92,0,173
3108.0,30,18,26,17,91,0,174
3109.0,27,16,26,17,86,0,174
3110.0,26,14,26,18,84,0,174
3111.0,24,12,26,17,79,0,174
3112.0,23,10,26,19,78,0,174
3113.0,23,8,26,18,75,0,174
3114.0,22,6,26,19,73,0,174
3115.0,19,4,26,20,69,0,174
3116.0,18,2,26,20,66,0,174
3117.0,17,1,26,21,65,0,174
3118.0,17,0,26,22,65,0,174
3119.0,17,0,26,22,65,0,174
3120.0,16,0,26,22,64,0,174
3121.0,15,0,26,22,63,0,174
3122.0,14,0,26,22,62,0,174
3123.0,13,1,26,22,62,0,175
3124.0,13,1,23,19,56,0,175
3125.0,13,1,20,16,50,0,175
3126.0,13,1,17,13,44,0,175
3127.0,12,3,14,10,39,0,175
3128.0,12,4,11,7,34,0,175
3129.0,11,6,8,6,31,0,175
3130.0,11,7,5,4,27,0,175
3131.0,10,9,2,2,23,0,175
3132.0,10,8,0,1,19,0,175
3133.0,10,9,0,1,20,0,175
3134.0,9,10,0,0,19,0,175
3135.0,9,11,1,0,21,0,175
3136.0,9,11,1,0,21,0,175
3137.0,9,12,3,1,25,0,175
3138.0,10,13,3,1,27,0,176
3139.0,9,11,4,1,25,0,176
3140.0,8,8,5,3,24,0,176
3141.0,8,7,5,3,23,0,176
3142.0,8,4,5,3,20,0,176
3143.0,7,3,5,3,18,0,176
3144.0,6,3,6,5,20,0,176
3145.0,6,4,7,6,23,0,176
3146.0,6,5,7,8,26,0,176
3147.0,5,5,8,8,26,0,176
3148.0,5,5,10,8,28,0,176
3149.0,6,6,11,7,30,0,176
3150.0,5,7,12,9,33,0,176
3151.0,6,8,15,9,38,0,176
3152.0,6,7,16,11,40,0,176
3153.0,5,7,19,12,43,0,177
3154.0,7,9,18,12,46,0,177
3155.0,5,6,17,10,38,0,177
3156.0,7,8,14,10,39,0,177
3157.0,7,11,12,9,39,0,177
3158.0,8,11,9,7,35,0,177
3159.0,9,13,6,5,33,0,177
3160.0,8,14,5,2,29,0,177
3161.0,10,18,2,0,30,0,177
3162.0,10,17,0,1,28,0,177
3163.0,9,18,0,1,28,0,177
3164.0,9,18,0,0,27,0,177
3165.0,9,20,1,0,30,0,177
3166.0,10,21,0,0,31,0,177
3167.0,11,22,1,0,34,0,177
3168.0,11,22,2,0,35,0,178
3169.0,11,21,2,3,37,0,178
3170.0,11,20,3,1,35,0,178
3171.0,13,19,4,1,37,0,178
3172.0,13,17,5,3,38,0,178
3173.0,14,16,6,2,38,0,178
3174.0,15,15,6,5,41,0,178
3175.0,15,15,6,6,42,0,178
3176.0,16,14,7,7,44,0,178
3177.0,17,14,8,7,46,0,178
3178.0,17,15,8,8,48,0,178
3179.0,20,16,9,9,54,0,178
3180.0,19,17,11,11,58,0,178
3181.0,20,18,13,12,63,0,178
3182.0,20,15,16,12,63,0,178
3183.0,21,17,17,13,68,0,178
3184.0,22,14,18,13,67,0,178
3185.0,22,16,20,14,72,0,178
3186.0,22,15,22,14,73,0,178
3187.0,22,15,22,14,73,0,178
3188.0,22,17,22,14,75,0,179
3189.0,22,15,20,11,68,0,179
3190.0,22,16,17,9,64,0,179
3191.0,22,17,15,6,60,0,179
3192.0,22,18,12,4,56,0,179
3193.0,22,19,8,3,52,0,179
3194.0,23,21,5,4,53,0,179
3195.0,22,21,2,3,48,0,179
3196.0,22,22,1,4,49,0,179
3197.0,23,23,0,4,50,0,179
3198.0,22,24,0,5,51,0,179
3199.0,23,25,0,5,53,0,179
3200.0,23,25,1,3,52,0,179
3201.0,23,26,1,1,51,0,179
3202.0,23,27,2,1,53,0,179
3203.0,23,27,2,0,52,0,180
3204.0,23,26,4,0,53,0,180
3205.0,23,25,6,2,56,0,180
3206.0,24,24,6,1,55,0,180
3207.0,25,22,7,1,55,0,180
3208.0,24,21,9,2,56,0,180
3209.0,24,20,8,3,55,0,180
3210.0,25,19,9,4,57,0,180
3211.0,24,19,11,4,58,0,180
3212.0,24,18,13,5,60,0,180
3213.0,24,18,16,7,65,0,180
3214.0,24,18,17,8,67,0,180
3215.0,24,18,18,9,69,0,180
3216.0,24,18,19,10,71,0,180
3217.0,25,18,20,10,73,0,180
3218.0,24,18,20,11,73,0,180
3219.0,24,16,21,12,73,0,180
3220.0,24,16,21,13,74,0,180
3221.0,24,16,21,12,73,0,180
3222.0,24,17,22,13,76,0,180
3223.0,24,17,20,13,74,0,180
3224.0,25,17,21,15,78,0,180
3225.0,24,17,22,15,78,0,180
3226.0,25,17,21,15,78,0,180
3227.0,25,17,21,15,78,0,180
3228.0,25,17,21,15,78,0,181
3229.0,25,17,19,13,74,0,181
3230.0,25,17,17,11,70,0,181
3231.0,26,17,14,9,66,0,181
3232.0,26,17,12,8,63,0,181
3233.0,26,18,10,6,60,0,181
3234.0,26,18,7,4,55,0,181
3235.0,27,19,4,2,52,0,181
3236.0,27,19,4,1,51,0,181
3237.0,27,19,3,0,49,0,181
3238.0,27,20,3,0,50,0,181
3239.0,27,21,2,0,50,0,181
3240.0,27,21,1,0,49,0,181
3241.0,27,21,1,1,50,0,181
3242.0,27,21,1,0,49,0,181
3243.0,27,23,3,0,53,0,182
3244.0,27,23,4,1,55,0,182
3245.0,27,22,4,2,55,0,182
3246.0,27,21,4,4,56,0,182
3247.0,27,20,5,3,55,0,182
3248.0,27,19,6,6,58,0,182
3249.0,27,18,8,8,61,0,182
3250.0,27,18,8,10,63,0,182
3251.0,27,18,10,11,66,0,182
3252.0,27,18,12,14,71,0,182
3253.0,27,18,12,15,72,0,182
3254.0,27,18,14,16,75,0,182
3255.0,27,18,16,16,77,0,182
3256.0,27,18,17,16,78,0,182
3257.0,27,18,19,16,80,0,182
3258.0,27,18,20,17,82,0,182
3259.0,28,18,20,17,83,0,182
3260.0,28,18,21,15,82,0,182
3261.0,27,18,22,14,81,0,182
3262.0,27,18,22,13,80,0,182
3263.0,28,18,22,14,82,0,183
3264.0,24,16,22,16,78,0,183
3265.0,23,14,22,17,76,0,183
3266.0,22,12,22,17,73,0,183
3267.0,22,10,22,18,72,0,183
3268.0,21,8,22,19,70,0,183
3269.0,20,6,22,20,68,0,183
3270.0,19,4,22,21,66,0,183
3271.0,19,4,24,21,68,0,183
3272.0,18,3,24,21,66,0,183
3273.0,17,4,24,21,66,0,183
3274.0,16,2,24,21,63,0,183
3275.0,15,0,24,21,60,0,183
3276.0,15,0,25,21,61,0,183
3277.0,14,0,25,21,60,0,183
3278.0,13,0,25,21,59,0,184
3279.0,12,0,21,18,51,0,184
3280.0,12,1,18,15,46,0,184
3281.0,12,1,15,12,40,0,184
3282.0,12,3,13,10,38,0,184
3283.0,7,4,10,8,29,0,184
3284.0,7,4,7,6,24,0,184
3285.0,6,5,5,4,20,0,184
3286.0,5,7,3,2,17,0,184
3287.0,6,7,1,0,14,0,184
3288.0,6,8,0,0,14,0,184
3289.0,8,8,0,0,16,0,184
3290.0,9,9,0,1,19,0,184
3291.0,9,9,0,0,18,0,184
3292.0,9,10,0,0,19,0,184
3293.0,10,10,1,1,22,0,184
3294.0,11,11,1,0,23,0,184
3295.0,13,13,2,0,28,0,184
3296.0,12,14,2,1,29,0,184
3297.0,14,14,3,0,31,0,184
3298.0,15,15,4,0,34,0,185
3299.0,15,14,6,3,38,0,185
3300.0,17,14,6,2,39,0,185
3301.0,18,15,6,3,42,0,185
3302.0,17,14,8,7,46,0,185
3303.0,19,13,7,6,45,0,185
3304.0,20,13,8,6,47,0,185
3305.0,20,14,12,9,55,0,185
3306.0,21,13,12,10,56,0,185
3307.0,22,14,16,11,63,0,185
3308.0,23,14,17,11,65,0,185
3309.0,23,11,18,13,65,0,185
3310.0,25,10,18,12,65,0,185
3311.0,25,9,19,11,64,0,185
3312.0,25,9,19,11,64,0,185
3313.0,25,11,19,11,66,0,185
3314.0,25,11,21,12,69,0,185
3315.0,26,11,20,14,71,0,185
3316.0,26,14,20,14,74,0,185
3317.0,26,13,21,14,74,0,185
3318.0,26,11,22,16,75,0,185
3319.0,27,13,23,18,81,0,185
3320.0,27,12,22,18,79,0,185
3321.0,27,12,22,19,80,0,185
3322.0,27,15,23,19,84,0,185
3323.0,27,15,24,19,85,0,185
3324.0,28,15,26,19,88,0,185
3325.0,27,14,26,18,85,0,185
3326.0,27,14,26,18,85,0,185
3327.0,29,14,26,18,87,0,185
3328.0,28,14,26,19,87,0,185
3329.0,28,14,26,19,87,0,185
3330.0,29,14,26,19,88,0,185
3331.0,28,14,26,19,87,0,185
3332.0,28,12,26,19,85,0,185
3333.0,29,12,26,19,86,0,185
3334.0,29,12,26,19,86,0,185
3335.0,30,13,26,19,88,0,185
3336.0,30,13,26,20,89,0,185
3337.0,30,13,26,20,89,0,185
3338.0,30,13,26,21,90,0,185
3339.0,30,13,26,21,90,0,185
3340.0,30,13,26,21,90,0,185
3341.0,30,14,26,21,91,0,185
3342.0,30,14,26,21,91,0,185
3343.0,30,14,26,21,91,0,185
3344.0,31,14,26,21,92,0,185
3345.0,31,14,26,22,93,0,185
3346.0,31,14,26,22,93,0,185
3347.0,31,14,26,22,93,0,185
3348.0,31,14,26,22,93,0,185
3349.0,31,14,26,22,93,0,185
3350.0,31,14,26,22,93,0,185
3351.0,31,14,26,22,93,0,185
3352.0,32,14,26,22,94,0,185
3353.0,32,14,26,22,94,0,185
3354.0,33,14,26,22,95,0,185
3355.0,32,14,26,22,94,0,185
3356.0,32,14,26,22,94,0,185
3357.0,32,15,26,22,95,0,185
3358.0,32,15,26,22,95,0,185
3359.0,32,15,26,22,95,0,185
3360.0,33,15,26,22,96,0,185
3361.0,32,15,26,22,95,0,185
3362.0,33,15,26,22,96,0,185
3363.0,33,15,26,22,96,0,185
3364.0,33,15,26,22,96,0,185
3365.0,33,15,26,22,96,0,185
3366.0,34,15,26,22,97,0,185
3367.0,34,15,26,22,97,0,185
3368.0,34,15,26,22,97,0,185
3369.0,34,15,26,22,97,0,185
3370.0,34,15,26,22,97,0,185
3371.0,34,15,26,22,97,0,185
3372.0,35,15,26,22,98,0,185
3373.0,36,15,26,22,99,0,185
3374.0,35,15,26,22,98,0,185
3375.0,35,15,26,22,98,0,185
3376.0,35,15,26,22,98,0,185
3377.0,36,15,26,22,99,0,185
3378.0,36,15,26,22,99,0,186
3379.0,33,13,26,22,94,0,186
3380.0,31,11,26,22,90,0,186
3381.0,29,9,26,22,86,0,186
3382.0,28,7,26,22,83,0,186
3383.0,27,5,26,22,80,0,186
3384.0,25,3,26,22,76,0,186
3385.0,24,2,26,22,74,0,186
3386.0,22,1,26,22,71,0,186
3387.0,21,0,26,22,69,0,186
3388.0,20,0,26,22,68,0,186
3389.0,20,0,26,22,68,0,186
3390.0,20,0,26,22,68,0,186
3391.0,18,0,26,22,66,0,186
3392.0,17,0,26,22,65,0,186
3393.0,15,0,26,22,63,0,187
3394.0,16,1,23,19,59,0,187
3395.0,15,1,20,16,52,0,187
3396.0,14,2,17,13,46,0,187
3397.0,14,3,14,10,41,0,187
3398.0,13,4,11,8,36,0,187
3399.0,14,4,8,6,32,0,187
3400.0,14,5,5,4,28,0,187
3401.0,14,5,3,3,25,0,187
3402.0,13,6,4,2,25,0,187
3403.0,13,6,4,2,25,0,187
3404.0,13,7,2,2,24,0,187
3405.0,12,7,2,2,23,0,187
3406.0,12,8,2,2,24,0,187
3407.0,11,11,2,4,28,0,187
3408.0,11,9,0,4,24,0,188
3409.0,10,8,0,2,20,0,188
3410.0,9,7,0,2,18,0,188
3411.0,8,7,0,4,19,0,188
3412.0,6,6,1,4,17,0,188
3413.0,6,4,2,5,17,0,188
3414.0,6,3,2,6,17,0,188
3415.0,5,2,2,6,15,0,188
3416.0,5,1,4,6,16,0,188
3417.0,5,0,6,6,17,0,188
3418.0,5,0,7,8,20,0,188
3419.0,6,0,9,9,24,0,188
3420.0,5,0,9,10,24,0,188
3421.0,5,1,10,11,27,0,188
3422.0,4,1,11,12,28,0,188
3423.0,4,1,12,14,31,0,189
3424.0,3,3,10,12,28,0,189
3425.0,3,4,10,10,27,0,189
3426.0,4,3,8,9,24,0,189
3427.0,4,4,7,7,22,0,189
3428.0,5,5,4,6,20,0,189
3429.0,6,6,2,4,18,0,189
3430.0,7,5,2,3,17,0,189
3431.0,8,6,1,1,16,0,189
3432.0,7,8,0,0,15,0,189
3433.0,8,7,0,0,15,0,189
3434.0,8,8,0,0,16,0,189
3435.0,9,8,0,0,17,0,189
3436.0,7,8,1,0,16,0,189
3437.0,9,9,2,0,20,0,189
3438.0,10,10,2,0,22,0,189
3439.0,9,9,3,1,22,0,189
3440.0,10,10,3,0,23,0,189
3441.0,10,10,4,1,25,0,189
3442.0,12,9,5,0,26,0,189
3443.0,12,11,5,0,28,0,189
3444.0,15,10,3,1,29,0,189
3445.0,15,12,3,0,30,0,189
3446.0,16,12,1,0,29,0,189
3447.0,19,12,0,1,32,0,189
3448.0,19,12,0,1,32,0,189
3449.0,19,15,0,0,34,0,189
3450.0,19,15,1,0,35,0,189
3451.0,19,16,1,1,37,0,189
3452.0,21,16,3,1,41,0,189
3453.0,21,19,2,1,43,0,189
3454.0,21,18,3,0,42,0,189
3455.0,23,20,3,0,46,0,189
3456.0,22,21,2,1,46,0,189
3457.0,24,21,1,0,46,0,189
3458.0,23,21,0,0,44,0,189
3459.0,24,22,0,1,47,0,189
3460.0,25,22,0,0,47,0,189
3461.0,27,22,1,1,51,0,189
3462.0,27,21,0,0,48,0,189
3463.0,27,21,0,1,49,0,189
3464.0,29,22,1,2,54,0,189
3465.0,29,20,0,3,52,0,189
3466.0,29,22,1,2,54,0,189
3467.0,30,22,3,2,57,0,189
3468.0,31,23,3,2,59,0,189
3469.0,31,22,3,2,58,0,189
3470.0,32,24,3,2,61,0,189
3471.0,32,23,4,0,59,0,189
3472.0,32,24,6,1,63,0,189
3473.0,32,23,5,0,60,0,189
3474.0,32,25,5,0,62,0,189
3475.0,32,26,6,0,64,0,189
3476.0,32,26,5,0,63,0,189
3477.0,32,26,7,1,66,0,189
3478.0,32,26,6,1,65,0,189
3479.0,32,26,8,0,66,0,189
3480.0,32,26,6,0,64,0,189
3481.0,32,26,6,1,65,0,189
3482.0,32,26,6,0,64,0,189
3483.0,32,26,8,0,66,0,189
3484.0,32,26,6,1,65,0,189
3485.0,32,26,8,0,66,0,189
3486.0,32,26,11,0,69,0,189
3487.0,32,26,10,1,69,0,189
3488.0,32,26,10,0,68,0,189
3489.0,32,26,11,0,69,0,189
3490.0,32,26,10,1,69,0,189
3491.0,32,26,9,0,67,0,189
3492.0,32,26,8,0,66,0,189
3493.0,32,26,7,1,66,0,189
3494.0,32,26,9,0,67,0,189
3495.0,32,26,8,0,66,0,189
3496.0,32,26,8,1,67,0,189
3497.0,32,26,8,1,67,0,189
3498.0,32,26,10,0,68,0,189
3499.0,32,26,10,0,68,0,189
3500.0,32,26,10,1,69,0,189
3501.0,32,26,11,0,69,0,189
3502.0,32,26,10,0,68,0,189
3503.0,32,26,10,0,68,0,189
3504.0,32,26,12,0,70,0,189
3505.0,32,26,10,0,68,0,189
3506.0,32,26,10,0,68,0,189
3507.0,32,26,12,0,70,0,189
3508.0,32,26,10,1,69,0,189
3509.0,32,26,11,0,69,0,189
3510.0,32,26,11,0,69,0,189
3511.0,32,26,11,1,70,0,189
3512.0,32,26,11,0,69,0,189
3513.0,32,26,11,0,69,0,189
3514.0,32,26,11,1,70,0,189
3515.0,32,26,13,0,71,0,189
3516.0,32,26,13,0,71,0,189
3517.0,32,26,14,0,72,0,189
3518.0,32,26,15,0,73,0,189
3519.0,32,26,14,1,73,0,189
3520.0,32,26,11,0,69,0,189
3521.0,32,26,10,1,69,0,189
3522.0,32,26,8,0,66,0,189
3523.0,32,26,4,0,62,0,189
3524.0,32,26,4,1,63,0,189
3525.0,32,26,2,1,61,0,189
3526.0,32,26,1,1,60,0,189
3527.0,32,26,1,0,59,0,189
3528.0,32,26,3,0,61,0,189
3529.0,32,26,2,1,61,0,189
3530.0,32,26,4,0,62,0,189
3531.0,32,26,5,0,63,0,189
3532.0,32,26,4,1,63,0,189
3533.0,32,26,5,0,63,0,189
3534.0,32,26,8,0,66,0,189
3535.0,32,26,8,1,67,0,189
3536.0,32,26,11,0,69,0,189
3537.0,32,26,10,0,68,0,189
3538.0,32,26,10,1,69,0,189
3539.0,32,26,9,0,67,0,189
3540.0,32,26,7,0,65,0,189
3541.0,32,26,7,1,66,0,189
3542.0,32,26,7,0,65,0,189
3543.0,32,26,9,0,67,0,189
3544.0,32,26,10,1,69,0,189
3545.0,32,26,11,0,69,0,189
3546.0,32,26,11,0,69,0,189
3547.0,32,26,10,1,69,0,189
3548.0,32,26,10,0,68,0,189
3549.0,32,26,9,0,67,0,189
3550.0,32,26,10,1,69,0,189
3551.0,32,26,9,0,67,0,189
3552.0,32,26,6,0,64,0,189
3553.0,32,26,2,1,61,0,189
3554.0,32,26,0,0,58,0,189
3555.0,32,26,1,0,59,0,189
3556.0,32,26,2,0,60,0,189
3557.0,32,26,4,0,62,0,189
3558.0,32,26,4,0,62,0,189
3559.0,32,26,5,1,64,0,189
3560.0,32,26,6,0,64,0,189
3561.0,32,26,5,0,63,0,189
3562.0,32,26,4,1,63,0,189
3563.0,32,26,3,0,61,0,189
3564.0,32,26,3,0,61,0,189
3565.0,32,26,1,0,59,0,189
3566.0,32,26,1,0,59,0,189
3567.0,32,26,1,0,59,0,189
3568.0,32,26,3,1,62,0,189
3569.0,32,26,3,0,61,0,189
3570.0,32,26,1,0,59,0,189
3571.0,32,26,3,1,62,0,189
3572.0,32,26,1,0,59,0,189
3573.0,32,26,0,0,58,0,190
3574.0,28,23,2,0,53,0,190
3575.0,28,21,3,0,52,0,190
3576.0,28,18,2,1,49,0,190
3577.0,27,16,3,2,48,0,190
3578.0,26,14,1,3,44,0,190
3579.0,25,13,2,3,43,0,190
3580.0,24,11,3,3,41,0,190
3581.0,23,10,3,4,40,0,190
3582.0,22,10,4,4,40,0,190
3583.0,21,10,5,4,40,0,190
3584.0,20,9,8,4,41,0,190
3585.0,20,9,9,4,42,0,190
3586.0,2,9,10,6,27,0,190
3587.0,2,9,12,5,28,0,190
3588.0,5,10,13,5,33,0,191
3589.0,5,11,13,3,32,0,191
3590.0,10,13,13,1,37,0,191
3591.0,7,13,12,1,33,0,191
3592.0,8,16,10,1,35,0,191
3593.0,10,17,8,2,37,0,191
3594.0,7,18,8,2,35,0,191
3595.0,7,20,7,2,36,0,191
3596.0,8,21,6,2,37,0,191
3597.0,9,21,8,1,39,0,191
3598.0,10,22,10,1,43,0,191
3599.0,8,23,12,1,44,0,191
3600.0,12,23,14,1,50,0,191
3601.0,13,22,15,0,50,0,191
3602.0,13,22,16,0,51,0,191
3603.0,13,23,16,0,52,0,191
3604.0,15,25,16,0,56,0,191
3605.0,15,26,15,0,56,0,191
3606.0,15,26,15,0,56,0,191
3607.0,17,26,16,0,59,0,191
3608.0,18,26,10,0,54,0,191
3609.0,19,26,6,0,51,0,191
3610.0,19,26,5,0,50,0,191
3611.0,21,26,5,0,52,0,191
3612.0,22,26,7,0,55,0,191
3613.0,23,26,7,0,56,0,191
3614.0,24,26,7,0,57,0,191
3615.0,24,26,9,0,59,0,191
3616.0,25,26,10,0,61,0,191
3617.0,26,26,10,0,62,0,191
3618.0,26,26,10,0,62,0,191
3619.0,26,26,9,0,61,0,191
3620.0,28,26,7,0,61,0,191
3621.0,28,26,8,0,62,0,191
3622.0,31,26,8,0,65,0,191
3623.0,32,26,8,0,66,0,191
3624.0,31,26,3,0,60,0,191
3625.0,33,26,1,0,60,0,191
3626.0,34,26,0,0,60,0,191
3627.0,34,26,1,0,61,0,191
3628.0,34,26,0,0,60,0,191
3629.0,34,26,0,0,60,0,191
3630.0,34,26,1,0,61,0,191
3631.0,35,26,0,0,61,0,191
3632.0,35,26,0,0,61,0,191
3633.0,35,26,0,0,61,0,191
3634.0,36,26,0,0,62,0,191
3635.0,36,26,1,0,63,0,191
3636.0,36,26,0,0,62,0,191
3637.0,36,26,0,0,62,0,191
3638.0,36,26,1,0,63,0,191
3639.0,36,26,0,0,62,0,191
3640.0,36,26,0,0,62,0,191
3641.0,36,26,1,0,63,0,191
3642.0,36,26,0,0,62,0,191
3643.0,36,26,0,0,62,0,191
3644.0,36,26,1,0,63,0,191
3645.0,36,26,0,0,62,0,191
3646.0,36,26,0,0,62,0,191
3647.0,36,26,1,0,63,0,191
3648.0,36,26,0,0,62,0,191
3649.0,36,26,0,0,62,0,191
3650.0,36,26,1,0,63,0,191
3651.0,36,26,0,0,62,0,191
3652.0,36,26,0,0,62,0,191
3653.0,36,26,1,0,63,0,191
3654.0,36,26,1,0,63,0,191
3655.0,36,26,0,0,62,0,191
3656.0,36,26,0,0,62,0,191
3657.0,36,26,1,0,63,0,191
3658.0,36,26,1,0,63,0,191
3659.0,36,26,0,0,62,0,191
3660.0,36,26,0,0,62,0,191
3661.0,36,26,1,0,63,0,191
3662.0,36,26,0,0,62,0,191
3663.0,36,26,0,0,62,0,191
3664.0,36,26,1,0,63,0,191
3665.0,36,26,0,0,62,0,191
3666.0,36,26,0,0,62,0,191
3667.0,36,26,1,0,63,0,191
3668.0,36,26,0,0,62,0,191
3669.0,36,26,0,0,62,0,191
3670.0,36,26,1,0,63,0,191
3671.0,36,26,0,0,62,0,191
3672.0,36,26,0,0,62,0,191
3673.0,36,26,1,0,63,0,191
3674.0,36,26,0,0,62,0,191
3675.0,36,26,0,0,62,0,191
3676.0,36,26,1,0,63,0,191
3677.0,36,26,0,0,62,0,191
3678.0,36,26,0,0,62,0,191
3679.0,36,26,1,0,63,0,191
3680.0,36,26,0,0,62,0,191
3681.0,36,26,0,0,62,0,191
3682.0,36,26,1,0,63,0,191
3683.0,36,26,0,0,62,0,191
3684.0,36,26,0,0,62,0,191
3685.0,36,26,1,0,63,0,191
3686.0,36,26,0,0,62,0,191
3687.0,36,26,0,0,62,0,191
3688.0,36,26,0,0,62,0,191
3689.0,36,26,0,0,62,0,191
3690.0,36,26,0,0,62,0,191
3691.0,36,26,0,0,62,0,191
3692.0,36,26,0,0,62,0,191
3693.0,36,26,0,0,62,0,191
3694.0,36,26,0,0,62,0,191
3695.0,36,26,0,0,62,0,191
3696.0,36,26,0,0,62,0,191
3697.0,36,26,0,0,62,0,191
3698.0,36,26,0,0,62,0,191
3699.0,36,26,0,0,62,0,191
3700.0,36,26,0,0,62,0,191
3701.0,36,26,0,0,62,0,191
3702.0,36,26,0,0,62,0,191
3703.0,36,26,0,0,62,0,191
3704.0,36,26,0,0,62,0,191
3705.0,36,26,0,0,62,0,191
3706.0,36,26,0,0,62,0,191
3707.0,36,26,0,0,62,0,191
3708.0,36,26,0,0,62,0,191
3709.0,36,26,0,0,62,0,191
3710.0,36,26,0,0,62,0,191
3711.0,36,26,0,0,62,0,191
3712.0,36,26,0,0,62,0,191
3713.0,36,26,0,0,62,0,191
3714.0,36,26,0,0,62,0,191
3715.0,36,26,0,0,62,0,191
3716.0,36,26,0,0,62,0,191
3717.0,36,26,0,0,62,0,191
3718.0,36,26,0,0,62,0,191
3719.0,36,26,0,0,62,0,191
3720.0,36,26,0,0,62,0,191
3721.0,36,26,0,0,62,0,191
3722.0,36,26,0,0,62,0,191
3723.0,36,26,0,0,62,0,191
3724.0,36,26,0,0,62,0,191
3725.0,36,26,0,0,62,0,191
3726.0,36,26,0,0,62,0,191
3727.0,36,26,0,0,62,0,191
3728.0,36,26,0,0,62,0,191
3729.0,36,26,0,0,62,0,191
3730.0,36,26,0,0,62,0,191
3731.0,36,26,0,0,62,0,191
3732.0,36,26,0,0,62,0,191
3733.0,36,26,0,0,62,0,191
3734.0,36,26,0,0,62,0,191
3735.0,36,26,0,0,62,0,191
3736.0,36,26,0,0,62,0,191
3737.0,36,26,0,0,62,0,191
3738.0,36,26,0,0,62,0,191
3739.0,36,26,0,0,62,0,191
3740.0,36,26,0,0,62,0,191
3741.0,36,26,0,0,62,0,191
3742.0,36,26,0,0,62,0,191
3743.0,36,26,0,0,62,0,191
3744.0,36,26,0,0,62,0,191
3745.0,36,26,0,0,62,0,191
3746.0,36,26,0,0,62,0,191
3747.0,36,26,0,0,62,0,191
3748.0,36,26,0,0,62,0,191
3749.0,36,26,0,0,62,0,191
3750.0,36,26,0,0,62,0,191
3751.0,36,26,0,0,62,0,191
3752.0,36,26,0,0,62,0,191
3753.0,36,26,0,0,62,0,191
3754.0,36,26,0,0,62,0,191
3755.0,36,26,0,0,62,0,191
3756.0,36,26,0,0,62,0,191
3757.0,36,26,0,0,62,0,191
3758.0,36,26,0,0,62,0,191
3759.0,36,26,0,0,62,0,191
3760.0,36,26,0,0,62,0,191
3761.0,36,26,0,0,62,0,191
3762.0,36,26,0,0,62,0,191
3763.0,36,26,0,0,62,0,191
3764.0,36,26,0,0,62,0,191
3765.0,36,26,0,0,62,0,191
3766.0,36,26,0,0,62,0,191
3767.0,36,26,0,0,62,0,191
3768.0,36,26,0,0,62,0,191
3769.0,36,26,0,0,62,0,191
3770.0,36,26,0,0,62,0,191
3771.0,36,26,0,0,62,0,191
3772.0,36,26,0,0,62,0,191
3773.0,36,26,0,0,62,0,191
3774.0,36,26,0,0,62,0,191
3775.0,36,26,0,0,62,0,191
3776.0,36,26,0,0,62,0,191
3777.0,36,26,0,0,62,0,191
3778.0,36,26,0,0,62,0,191
3779.0,36,26,0,0,62,0,191
3780.0,36,26,0,0,62,0,191
3781.0,36,26,0,0,62,0,191
3782.0,36,26,0,0,62,0,191
3783.0,36,26,0,0,62,0,191
3784.0,36,26,0,0,62,0,191
3785.0,36,26,0,0,62,0,191
3786.0,36,26,0,0,62,0,191
3787.0,36,26,0,0,62,0,191
3788.0,36,26,0,0,62,0,191
3789.0,36,26,0,0,62,0,191
3790.0,36,26,0,0,62,0,191
3791.0,36,26,0,0,62,0,191
3792.0,36,26,0,0,62,0,191
3793.0,36,26,0,0,62,0,191
3794.0,36,26,0,0,62,0,191
3795.0,36,26,0,0,62,0,191
3796.0,36,26,0,0,62,0,191
3797.0,36,26,0,0,62,0,191
3798.0,36,26,0,0,62,0,191
3799.0,36,26,0,0,62,0,191
3800.0,36,26,0,0,62,0,191
3801.0,36,26,0,0,62,0,191
3802.0,36,26,0,0,62,0,191
3803.0,36,26,0,0,62,0,191
3804.0,36,26,0,0,62,0,191
3805.0,36,26,0,0,62,0,191
3806.0,36,26,0,0,62,0,191
3807.0,36,26,0,0,62,0,191
3808.0,36,26,0,0,62,0,191
3809.0,36,26,0,0,62,0,191
3810.0,36,26,0,0,62,0,191
3811.0,36,26,0,0,62,0,191
3812.0,36,26,0,0,62,0,191
3813.0,36,26,0,0,62,0,191
3814.0,36,26,0,0,62,0,191
3815.0,36,26,0,0,62,0,191
3816.0,36,26,0,0,62,0,191
3817.0,36,26,0,0,62,0,191
3818.0,36,26,0,0,62,0,191
3819.0,36,26,0,0,62,0,191
3820.0,36,26,0,0,62,0,191
3821.0,36,26,0,0,62,0,191
3822.0,36,26,0,0,62,0,191
3823.0,36,26,0,0,62,0,191
3824.0,36,26,0,0,62,0,191
3825.0,36,26,0,0,62,0,191
3826.0,36,26,0,0,62,0,191
3827.0,36,26,0,0,62,0,191
3828.0,36,26,0,0,62,0,191
3829.0,36,26,0,0,62,0,191
3830.0,36,26,0,0,62,0,191
3831.0,36,26,0,0,62,0,191
3832.0,36,26,0,0,62,0,191
3833.0,36,26,0,0,62,0,191
3834.0,36,26,0,0,62,0,191
3835.0,36,26,0,0,62,0,191
3836.0,36,26,0,0,62,0,191
3837.0,36,26,0,0,62,0,191
3838.0,36,26,0,0,62,0,191
3839.0,36,26,0,0,62,0,191
3840.0,36,26,0,0,62,0,191
3841.0,36,26,0,0,62,0,191
3842.0,36,26,0,0,62,0,191
3843.0,36,26,0,0,62,0,191
3844.0,36,26,0,0,62,0,191
3845.0,36,26,0,0,62,0,191
3846.0,36,26,0,0,62,0,191
3847.0,36,26,0,0,62,0,191
3848.0,36,26,0,0,62,0,191
3849.0,36,26,0,0,62,0,191
3850.0,36,26,0,0,62,0,191
3851.0,36,26,0,0,62,0,191
3852.0,36,26,0,0,62,0,191
3853.0,36,26,0,0,62,0,191
3854.0,36,26,0,0,62,0,191
3855.0,36,26,0,0,62,0,191
3856.0,36,26,0,0,62,0,191
3857.0,36,26,0,0,62,0,191
3858.0,36,26,0,0,62,0,191
3859.0,36,26,0,0,62,0,191
3860.0,36,26,0,0,62,0,191
3861.0,36,26,0,0,62,0,191
3862.0,36,26,0,0,62,0,191
3863.0,36,26,0,0,62,0,191
3864.0,36,26,0,0,62,0,191
3865.0,36,26,0,0,62,0,191
3866.0,36,26,0,0,62,0,191
3867.0,36,26,0,0,62,0,191
3868.0,36,26,0,0,62,0,191
3869.0,36,26,0,0,62,0,191
3870.0,36,26,0,0,62,0,191
3871.0,36,26,0,0,62,0,191
3872.0,36,26,0,0,62,0,191
3873.0,36,26,0,0,62,0,191
3874.0,36,26,0,0,62,0,191
3875.0,36,26,0,0,62,0,191
3876.0,36,26,0,0,62,0,191
3877.0,36,26,0,0,62,0,191
3878.0,36,26,0,0,62,0,191
3879.0,36,26,0,0,62,0,191
3880.0,36,26,0,0,62,0,191
3881.0,36,26,0,0,62,0,191
3882.0,36,26,0,0,62,0,191
3883.0,36,26,0,0,62,0,191
3884.0,36,26,0,0,62,0,191
3885.0,36,26,0,0,62,0,191
3886.0,36,26,0,0,62,0,191
3887.0,36,26,0,0,62,0,191
3888.0,36,26,0,0,62,0,191
3889.0,36,26,0,0,62,0,191
3890.0,36,26,0,0,62,0,191
3891.0,36,26,0,0,62,0,191
3892.0,36,26,0,0,62,0,191
3893.0,36,26,0,0,62,0,191
3894.0,36,26,0,0,62,0,191
3895.0,36,26,0,0,62,0,191
3896.0,36,26,0,0,62,0,191
3897.0,36,26,0,0,62,0,191
3898.0,36,26,0,0,62,0,191
3899.0,36,26,0,0,62,0,191
3900.0,36,26,0,0,62,0,191
3901.0,36,26,0,0,62,0,191
3902.0,36,26,0,0,62,0,191
3903.0,36,26,0,0,62,0,191
3904.0,36,26,0,0,62,0,191
3905.0,36,26,0,0,62,0,191
3906.0,36,26,0,0,62,0,191
3907.0,36,26,0,0,62,0,191
3908.0,36,26,0,0,62,0,191
3909.0,36,26,0,0,62,0,191
3910.0,36,26,0,0,62,0,191
3911.0,36,26,0,0,62,0,191
3912.0,36,26,0,0,62,0,191
3913.0,36,26,0,0,62,0,191
3914.0,36,26,0,0,62,0,191
3915.0,36,26,0,0,62,0,191
3916.0,36,26,0,0,62,0,191
3917.0,36,26,0,0,62,0,191
3918.0,36,26,0,0,62,0,191
3919.0,36,26,0,0,62,0,191
3920.0,36,26,0,0,62,0,191
3921.0,36,26,0,0,62,0,191
3922.0,36,26,0,0,62,0,191
3923.0,36,26,0,0,62,0,191
3924.0,36,26,0,0,62,0,191
3925.0,36,26,0,0,62,0,191
3926.0,36,26,0,0,62,0,191
3927.0,36,26,0,0,62,0,191
3928.0,36,26,0,0,62,0,191
3929.0,36,26,0,0,62,0,191
3930.0,36,26,0,0,62,0,191
3931.0,36,26,0,0,62,0,191
3932.0,36,26,0,0,62,0,191
3933.0,36,26,0,0,62,0,191
3934.0,36,26,0,0,62,0,191
3935.0,36,26,0,0,62,0,191
3936.0,36,26,0,0,62,0,191
3937.0,36,26,0,0,62,0,191
3938.0,36,26,0,0,62,0,191
3939.0,36,26,0,0,62,0,191
3940.0,36,26,0,0,62,0,191
3941.0,36,26,0,0,62,0,191
3942.0,36,26,0,0,62,0,191
3943.0,36,26,0,0,62,0,191
3944.0,36,26,0,0,62,0,191
3945.0,36,26,0,0,62,0,191
3946.0,36,26,0,0,62,0,191
3947.0,36,26,0,0,62,0,191
3948.0,36,26,0,0,62,0,191
3949.0,36,26,0,0,62,0,191
3950.0,36,26,0,0,62,0,191
3951.0,36,26,0,0,62,0,191
3952.0,36,26,0,0,62,0,191
3953.0,36,26,0,0,62,0,191
3954.0,36,26,0,0,62,0,191
3955.0,36,26,0,0,62,0,191
3956.0,36,26,0,0,62,0,191
3957.0,36,26,0,0,62,0,191
3958.0,36,26,0,0,62,0,191
3959.0,36,26,0,0,62,0,191
3960.0,36,26,0,0,62,0,191
3961.0,36,26,0,0,62,0,191
3962.0,36,26,0,0,62,0,191
3963.0,36,26,0,0,62,0,191
3964.0,36,26,0,0,62,0,191
3965.0,36,26,0,0,62,0,191
3966.0,36,26,0,0,62,0,191
3967.0,36,26,0,0,62,0,191
3968.0,36,26,0,0,62,0,191
3969.0,36,26,0,0,62,0,191
3970.0,36,26,0,0,62,0,191
3971.0,36,26,0,0,62,0,191
3972.0,36,26,0,0,62,0,191
3973.0,36,26,0,0,62,0,191
3974.0,36,26,0,0,62,0,191
3975.0,36,26,0,0,62,0,191
3976.0,36,26,0,0,62,0,191
3977.0,36,26,0,0,62,0,191
3978.0,36,26,0,0,62,0,191
3979.0,36,26,0,0,62,0,191
3980.0,36,26,0,0,62,0,191
3981.0,36,26,0,0,62,0,191
3982.0,36,26,0,0,62,0,191
3983.0,36,26,0,0,62,0,191
3984.0,36,26,0,0,62,0,191
3985.0,36,26,0,0,62,0,191
3986.0,36,26,0,0,62,0,191
3987.0,36,26,0,0,62,0,191
3988.0,36,26,0,0,62,0,191
3989.0,36,26,0,0,62,0,191
3990.0,36,26,0,0,62,0,191
3991.0,36,26,0,0,62,0,191
3992.0,36,26,0,0,62,0,191
3993.0,36,26,0,0,62,0,191
3994.0,36,26,0,0,62,0,191
3995.0,36,26,0,0,62,0,191
3996.0,36,26,0,0,62,0,191
3997.0,36,26,0,0,62,0,191
3998.0,36,26,0,0,62,0,191
3999.0,36,26,0,0,62,0,191
4000.0,36,26,0,0,62,0,191
4001.0,36,26,0,0,62,0,191
4002.0,36,26,0,0,62,0,191
4003.0,36,26,0,0,62,0,191
4004.0,36,26,0,0,62,0,191
4005.0,36,26,0,0,62,0,191
4006.0,36,26,0,0,62,0,191
4007.0,36,26,0,0,62,0,191
4008.0,36,26,0,0,62,0,191
4009.0,36,26,0,0,62,0,191
4010.0,36,26,0,0,62,0,191
4011.0,36,26,0,0,62,0,191
4012.0,36,26,0,0,62,0,191
4013.0,36,26,0,0,62,0,191
4014.0,36,26,0,0,62,0,191
4015.0,36,26,0,0,62,0,191
4016.0,36,26,0,0,62,0,191
4017.0,36,26,0,0,62,0,191
4018.0,36,26,0,0,62,0,191
4019.0,36,26,0,0,62,0,191
4020.0,36,26,0,0,62,0,191
4021.0,36,26,0,0,62,0,191
4022.0,36,26,0,0,62,0,191
4023.0,36,26,0,0,62,0,191
4024.0,36,26,0,0,62,0,191
4025.0,36,26,0,0,62,0,191
4026.0,36,26,0,0,62,0,191
4027.0,36,26,0,0,62,0,191
4028.0,36,26,0,0,62,0,191
4029.0,36,26,0,0,62,0,191
4030.0,36,26,0,0,62,0,191
4031.0,36,26,0,0,62,0,191
4032.0,36,26,0,0,62,0,191
4033.0,36,26,0,0,62,0,191
4034.0,36,26,0,0,62,0,191
4035.0,36,26,0,0,62,0,191
4036.0,36,26,0,0,62,0,191
4037.0,36,26,0,0,62,0,191
4038.0,36,26,0,0,62,0,191
4039.0,36,26,0,0,62,0,191
4040.0,36,26,0,0,62,0,191
4041.0,36,26,0,0,62,0,191
4042.0,36,26,0,0,62,0,191
4043.0,36,26,0,0,62,0,191
4044.0,36,26,0,0,62,0,191
4045.0,36,26,0,0,62,0,191
4046.0,36,26,0,0,62,0,191
4047.0,36,26,0,0,62,0,191
4048.0,36,26,0,0,62,0,191
4049.0,36,26,0,0,62,0,191
4050.0,36,26,0,0,62,0,191
4051.0,36,26,0,0,62,0,191
4052.0,36,26,0,0,62,0,191
4053.0,36,26,0,0,62,0,191
4054.0,36,26,0,0,62,0,191
4055.0,36,26,0,0,62,0,191
4056.0,36,26,0,0,62,0,191
4057.0,36,26,0,0,62,0,191
4058.0,36,26,0,0,62,0,191
4059.0,36,26,0,0,62,0,191
4060.0,36,26,0,0,62,0,191
4061.0,36,26,0,0,62,0,191
4062.0,36,26,0,0,62,0,191
4063.0,36,26,0,0,62,0,191
4064.0,36,26,0,0,62,0,191
4065.0,36,26,0,0,62,0,191
4066.0,36,26,0,0,62,0,191
4067.0,36,26,0,0,62,0,191
4068.0,36,26,0,0,62,0,191
4069.0,36,26,0,0,62,0,191
4070.0,36,26,0,0,62,0,191
4071.0,36,26,0,0,62,0,191
4072.0,36,26,0,0,62,0,191
4073.0,36,26,0,0,62,0,191
4074.0,36,26,0,0,62,0,191
4075.0,36,26,0,0,62,0,191
4076.0,36,26,0,0,62,0,191
4077.0,36,26,0,0,62,0,191
4078.0,36,26,0,0,62,0,191
4079.0,36,26,0,0,62,0,191
4080.0,36,26,0,0,62,0,191
4081.0,36,26,0,0,62,0,191
4082.0,36,26,0,0,62,0,191
4083.0,36,26,0,0,62,0,191
4084.0,36,26,0,0,62,0,191
4085.0,36,26,0,0,62,0,191
4086.0,36,26,0,0,62,0,191
4087.0,36,26,0,0,62,0,191
4088.0,36,26,0,0,62,0,191
4089.0,36,26,0,0,62,0,191
4090.0,36,26,0,0,62,0,191
4091.0,36,26,0,0,62,0,191
4092.0,36,26,0,0,62,0,191
4093.0,36,26,0,0,62,0,191
4094.0,36,26,0,0,62,0,191
4095.0,36,26,0,0,62,0,191
4096.0,36,26,0,0,62,0,191
4097.0,36,26,0,0,62,0,191
4098.0,36,26,0,0,62,0,191
4099.0,36,26,0,0,62,0,191
4100.0,36,26,0,0,62,0,191
4101.0,36,26,0,0,62,0,191
4102.0,36,26,0,0,62,0,191
4103.0,36,26,0,0,62,0,191
4104.0,36,26,0,0,62,0,191
4105.0,36,26,0,0,62,0,191
4106.0,36,26,0,0,62,0,191
4107.0,36,26,0,0,62,0,191
4108.0,36,26,0,0,62,0,191
4109.0,36,26,0,0,62,0,191
4110.0,36,26,0,0,62,0,191
4111.0,36,26,0,0,62,0,191
4112.0,36,26,0,0,62,0,191
4113.0,36,26,0,0,62,0,191
4114.0,36,26,0,0,62,0,191
4115.0,36,26,0,0,62,0,191
4116.0,36,26,0,0,62,0,191
4117.0,36,26,0,0,62,0,191
4118.0,36,26,0,0,62,0,191
4119.0,36,26,0,0,62,0,191
4120.0,36,26,0,0,62,0,191
4121.0,36,26,0,0,62,0,191
4122.0,36,26,0,0,62,0,191
4123.0,36,26,0,0,62,0,191
4124.0,36,26,0,0,62,0,191
4125.0,36,26,0,0,62,0,191
4126.0,36,26,0,0,62,0,191
4127.0,36,26,0,0,62,0,191
4128.0,36,26,0,0,62,0,191
4129.0,36,26,0,0,62,0,191
4130.0,36,26,0,0,62,0,191
4131.0,36,26,0,0,62,0,191
4132.0,36,26,0,0,62,0,191
4133.0,36,26,0,0,62,0,191
4134.0,36,26,0,0,62,0,191
4135.0,36,26,0,0,62,0,191
4136.0,36,26,0,0,62,0,191
4137.0,36,26,0,0,62,0,191
4138.0,36,26,0,0,62,0,191
4139.0,36,26,0,0,62,0,191
4140.0,36,26,0,0,62,0,191
4141.0,36,26,0,0,62,0,191
4142.0,36,26,0,0,62,0,191
4143.0,36,26,0,0,62,0,191
4144.0,36,26,0,0,62,0,191
4145.0,36,26,0,0,62,0,191
4146.0,36,26,0,0,62,0,191
4147.0,36,26,0,0,62,0,191
4148.0,36,26,0,0,62,0,191
4149.0,36,26,0,0,62,0,191
4150.0,36,26,0,0,62,0,191
4151.0,36,26,0,0,62,0,191
4152.0,36,26,0,0,62,0,191
4153.0,36,26,0,0,62,0,191
4154.0,36,26,0,0,62,0,191
4155.0,36,26,0,0,62,0,191
4156.0,36,26,0,0,62,0,191
4157.0,36,26,0,0,62,0,191
4158.0,36,26,0,0,62,0,191
4159.0,36,26,0,0,62,0,191
4160.0,36,26,0,0,62,0,191
4161.0,36,26,0,0,62,0,191
4162.0,36,26,0,0,62,0,191
4163.0,36,26,0,0,62,0,191
4164.0,36,26,0,0,62,0,191
4165.0,36,26,0,0,62,0,191
4166.0,36,26,0,0,62,0,191
4167.0,36,26,0,0,62,0,191
4168.0,36,26,0,0,62,0,191
4169.0,36,26,0,0,62,0,191
4170.0,36,26,0,0,62,0,191
4171.0,36,26,0,0,62,0,191
4172.0,36,26,0,0,62,0,191
4173.0,36,26,0,0,62,0,191
4174.0,36,26,0,0,62,0,191
4175.0,36,26,0,0,62,0,191
4176.0,36,26,0,0,62,0,191
4177.0,36,26,0,0,62,0,191
4178.0,36,26,0,0,62,0,191
4179.0,36,26,0,0,62,0,191
4180.0,36,26,0,0,62,0,191
4181.0,36,26,0,0,62,0,191
4182.0,36,26,0,0,62,0,191
4183.0,36,26,0,0,62,0,191
4184.0,36,26,0,0,62,0,191
4185.0,36,26,0,0,62,0,191
4186.0,36,26,0,0,62,0,191
4187.0,36,26,0,0,62,0,191
4188.0,36,26,0,0,62,0,191
4189.0,36,26,0,0,62,0,191
4190.0,36,26,0,0,62,0,191
4191.0,36,26,0,0,62,0,191
4192.0,36,26,0,0,62,0,191
4193.0,36,26,0,0,62,0,191
4194.0,36,26,0,0,62,0,191
4195.0,36,26,0,0,62,0,191
4196.0,36,26,0,0,62,0,191
4197.0,36,26,0,0,62,0,191
4198.0,36,26,0,0,62,0,191
4199.0,36,26,0,0,62,0,191
4200.0,36,26,0,0,62,0,191
4201.0,36,26,0,0,62,0,191
4202.0,36,26,0,0,62,0,191
4203.0,36,26,0,0,62,0,191
4204.0,36,26,0,0,62,0,191
4205.0,36,26,0,0,62,0,191
4206.0,36,26,0,0,62,0,191
4207.0,36,26,0,0,62,0,191
4208.0,36,26,0,0,62,0,191
4209.0,36,26,0,0,62,0,191
4210.0,36,26,0,0,62,0,191
4211.0,36,26,0,0,62,0,191
4212.0,36,26,0,0,62,0,191
4213.0,36,26,0,0,62,0,191
4214.0,36,26,0,0,62,0,191
4215.0,36,26,0,0,62,0,191
4216.0,36,26,0,0,62,0,191
4217.0,36,26,0,0,62,0,191
4218.0,36,26,0,0,62,0,191
4219.0,36,26,0,0,62,0,191
4220.0,36,26,0,0,62,0,191
4221.0,36,26,0,0,62,0,191
4222.0,36,26,0,0,62,0,191
4223.0,36,26,0,0,62,0,191
4224.0,36,26,0,0,62,0,191
4225.0,36,26,0,0,62,0,191
4226.0,36,26,0,0,62,0,191
4227.0,36,26,0,0,62,0,191
4228.0,36,26,0,0,62,0,191
4229.0,36,26,0,0,62,0,191
4230.0,36,26,0,0,62,0,191
4231.0,36,26,0,0,62,0,191
4232.0,36,26,0,0,62,0,191
4233.0,36,26,0,0,62,0,191
4234.0,36,26,0,0,62,0,191
4235.0,36,26,0,0,62,0,191
4236.0,36,26,0,0,62,0,191
4237.0,36,26,0,0,62,0,191
4238.0,36,26,0,0,62,0,191
4239.0,36,26,0,0,62,0,191
4240.0,36,26,0,0,62,0,191
4241.0,36,26,0,0,62,0,191
4242.0,36,26,0,0,62,0,191
4243.0,36,26,0,0,62,0,191
4244.0,36,26,0,0,62,0,191
4245.0,36,26,0,0,62,0,191
4246.0,36,26,0,0,62,0,191
4247.0,36,26,0,0,62,0,191
4248.0,36,26,0,0,62,0,191
4249.0,36,26,0,0,62,0,191
4250.0,36,26,0,0,62,0,191
4251.0,36,26,0,0,62,0,191
4252.0,36,26,0,0,62,0,191
4253.0,36,26,0,0,62,0,191
4254.0,36,26,0,0,62,0,191
4255.0,36,26,0,0,62,0,191
4256.0,36,26,0,0,62,0,191
4257.0,36,26,0,0,62,0,191
4258.0,36,26,0,0,62,0,191
4259.0,36,26,0,0,62,0,191
4260.0,36,26,0,0,62,0,191
4261.0,36,26,0,0,62,0,191
4262.0,36,26,0,0,62,0,191
4263.0,36,26,0,0,62,0,191
4264.0,36,26,0,0,62,0,191
4265.0,36,26,0,0,62,0,191
4266.0,36,26,0,0,62,0,191
4267.0,36,26,0,0,62,0,191
4268.0,36,26,0,0,62,0,191
4269.0,36,26,0,0,62,0,191
4270.0,36,26,0,0,62,0,191
4271.0,36,26,0,0,62,0,191
4272.0,36,26,0,0,62,0,191
4273.0,36,26,0,0,62,0,191
4274.0,36,26,0,0,62,0,191
4275.0,36,26,0,0,62,0,191
4276.0,36,26,0,0,62,0,191
4277.0,36,26,0,0,62,0,191
4278.0,36,26,0,0,62,0,191
4279.0,36,26,0,0,62,0,191
4280.0,36,26,0,0,62,0,191
4281.0,36,26,0,0,62,0,191
4282.0,36,26,0,0,62,0,191
4283.0,36,26,0,0,62,0,191
4284.0,36,26,0,0,62,0,191
4285.0,36,26,0,0,62,0,191
4286.0,36,26,0,0,62,0,191
4287.0,36,26,0,0,62,0,191
4288.0,36,26,0,0,62,0,191
4289.0,36,26,0,0,62,0,191
4290.0,36,26,0,0,62,0,191
4291.0,36,26,0,0,62,0,191
4292.0,36,26,0,0,62,0,191
4293.0,36,26,0,0,62,0,191
4294.0,36,26,0,0,62,0,191
4295.0,36,26,0,0,62,0,191
4296.0,36,26,0,0,62,0,191
4297.0,36,26,0,0,62,0,191
4298.0,36,26,0,0,62,0,191
4299.0,36,26,0,0,62,0,191
4300.0,36,26,0,0,62,0,191
4301.0,36,26,0,0,62,0,191
4302.0,36,26,0,0,62,0,191
4303.0,36,26,0,0,62,0,191
4304.0,36,26,0,0,62,0,191
4305.0,36,26,0,0,62,0,191
4306.0,36,26,0,0,62,0,191
4307.0,36,26,0,0,62,0,191
4308.0,36,26,0,0,62,0,191
4309.0,36,26,0,0,62,0,191
4310.0,36,26,0,0,62,0,191
4311.0,36,26,0,0,62,0,191
4312.0,36,26,0,0,62,0,191
4313.0,36,26,0,0,62,0,191
4314.0,36,26,0,0,62,0,191
4315.0,36,26,0,0,62,0,191
4316.0,36,26,0,0,62,0,191
4317.0,36,26,0,0,62,0,191
4318.0,36,26,0,0,62,0,191
4319.0,36,26,0,0,62,0,191
4320.0,36,26,0,0,62,0,191
4321.0,36,26,0,0,62,0,191
4322.0,36,26,0,0,62,0,191
4323.0,36,26,0,0,62,0,191
4324.0,36,26,0,0,62,0,191
4325.0,36,26,0,0,62,0,191
4326.0,36,26,0,0,62,0,191
4327.0,36,26,0,0,62,0,191
4328.0,36,26,0,0,62,0,191
4329.0,36,26,0,0,62,0,191
4330.0,36,26,0,0,62,0,191
4331.0,36,26,0,0,62,0,191
4332.0,36,26,0,0,62,0,191
4333.0,36,26,0,0,62,0,191
4334.0,36,26,0,0,62,0,191
4335.0,36,26,0,0,62,0,191
4336.0,36,26,0,0,62,0,191
4337.0,36,26,0,0,62,0,191
4338.0,36,26,0,0,62,0,191
4339.0,36,26,0,0,62,0,191
4340.0,36,26,0,0,62,0,191
4341.0,36,26,0,0,62,0,191
4342.0,36,26,0,0,62,0,191
4343.0,36,26,0,0,62,0,191
4344.0,36,26,0,0,62,0,191
4345.0,36,26,0,0,62,0,191
4346.0,36,26,0,0,62,0,191
4347.0,36,26,0,0,62,0,191
4348.0,36,26,0,0,62,0,191
4349.0,36,26,0,0,62,0,191
4350.0,36,26,0,0,62,0,191
4351.0,36,26,0,0,62,0,191
4352.0,36,26,0,0,62,0,191
4353.0,36,26,0,0,62,0,191
4354.0,36,26,0,0,62,0,191
4355.0,36,26,0,0,62,0,191
4356.0,36,26,0,0,62,0,191
4357.0,36,26,0,0,62,0,191
4358.0,36,26,0,0,62,0,191
4359.0,36,26,0,0,62,0,191
4360.0,36,26,0,0,62,0,191
4361.0,36,26,0,0,62,0,191
4362.0,36,26,0,0,62,0,191
4363.0,36,26,0,0,62,0,191
4364.0,36,26,0,0,62,0,191
4365.0,36,26,0,0,62,0,191
4366.0,36,26,0,0,62,0,191
4367.0,36,26,0,0,62,0,191
4368.0,36,26,0,0,62,0,191
4369.0,36,26,0,0,62,0,191
4370.0,36,26,0,0,62,0,191
4371.0,36,26,0,0,62,0,191
4372.0,36,26,0,0,62,0,191
4373.0,36,26,0,0,62,0,191
4374.0,36,26,0,0,62,0,191
4375.0,36,26,0,0,62,0,191
4376.0,36,26,0,0,62,0,191
4377.0,36,26,0,0,62,0,191
4378.0,36,26,0,0,62,0,191
4379.0,36,26,0,0,62,0,191
4380.0,36,26,0,0,62,0,191
4381.0,36,26,0,0,62,0,191
4382.0,36,26,0,0,62,0,191
4383.0,36,26,0,0,62,0,191
4384.0,36,26,0,0,62,0,191
4385.0,36,26,0,0,62,0,191
4386.0,36,26,0,0,62,0,191
4387.0,36,26,0,0,62,0,191
4388.0,36,26,0,0,62,0,191
4389.0,36,26,0,0,62,0,191
4390.0,36,26,0,0,62,0,191
4391.0,36,26,0,0,62,0,191
4392.0,36,26,0,0,62,0,191
4393.0,36,26,0,0,62,0,191
4394.0,36,26,0,0,62,0,191
4395.0,36,26,0,0,62,0,191
4396.0,36,26,0,0,62,0,191
4397.0,36,26,0,0,62,0,191
4398.0,36,26,0,0,62,0,191
4399.0,36,26,0,0,62,0,191
4400.0,36,26,0,0,62,0,191
4401.0,36,26,0,0,62,0,191
4402.0,36,26,0,0,62,0,191
4403.0,36,26,0,0,62,0,191
4404.0,36,26,0,0,62,0,191
4405.0,36,26,0,0,62,0,191
4406.0,36,26,0,0,62,0,191
4407.0,36,26,0,0,62,0,191
4408.0,36,26,0,0,62,0,191
4409.0,36,26,0,0,62,0,191
4410.0,36,26,0,0,62,0,191
4411.0,36,26,0,0,62,0,191
4412.0,36,26,0,0,62,0,191
4413.0,36,26,0,0,62,0,191
4414.0,36,26,0,0,62,0,191
4415.0,36,26,0,0,62,0,191
4416.0,36,26,0,0,62,0,191
4417.0,36,26,0,0,62,0,191
4418.0,36,26,0,0,62,0,191
4419.0,36,26,0,0,62,0,191
4420.0,36,26,0,0,62,0,191
4421.0,36,26,0,0,62,0,191
4422.0,36,26,0,0,62,0,191
4423.0,36,26,0,0,62,0,191
4424.0,36,26,0,0,62,0,191
4425.0,36,26,0,0,62,0,191
4426.0,36,26,0,0,62,0,191
4427.0,36,26,0,0,62,0,191
4428.0,36,26,0,0,62,0,191
4429.0,36,26,0,0,62,0,191
4430.0,36,26,0,0,62,0,191
4431.0,36,26,0,0,62,0,191
4432.0,36,26,0,0,62,0,191
4433.0,36,26,0,0,62,0,191
4434.0,36,26,0,0,62,0,191
4435.0,36,26,0,0,62,0,191
4436.0,36,26,0,0,62,0,191
4437.0,36,26,0,0,62,0,191
4438.0,36,26,0,0,62,0,191
4439.0,36,26,0,0,62,0,191
4440.0,36,26,0,0,62,0,191
4441.0,36,26,0,0,62,0,191
4442.0,36,26,0,0,62,0,191
4443.0,36,26,0,0,62,0,191
4444.0,36,26,0,0,62,0,191
4445.0,36,26,0,0,62,0,191
4446.0,36,26,0,0,62,0,191
4447.0,36,26,0,0,62,0,191
4448.0,36,26,0,0,62,0,191
4449.0,36,26,0,0,62,0,191
4450.0,36,26,0,0,62,0,191
4451.0,36,26,0,0,62,0,191
4452.0,36,26,0,0,62,0,191
4453.0,36,26,0,0,62,0,191
4454.0,36,26,0,0,62,0,191
4455.0,36,26,0,0,62,0,191
4456.0,36,26,0,0,62,0,191
4457.0,36,26,0,0,62,0,191
4458.0,36,26,0,0,62,0,191
4459.0,36,26,0,0,62,0,191
4460.0,36,26,0,0,62,0,191
4461.0,36,26,0,0,62,0,191
4462.0,36,26,0,0,62,0,191
4463.0,36,26,0,0,62,0,191
4464.0,36,26,0,0,62,0,191
4465.0,36,26,0,0,62,0,191
4466.0,36,26,0,0,62,0,191
4467.0,36,26,0,0,62,0,191
4468.0,36,26,0,0,62,0,191
4469.0,36,26,0,0,62,0,191
4470.0,36,26,0,0,62,0,191
4471.0,36,26,0,0,62,0,191
4472.0,36,26,0,0,62,0,191
4473.0,36,26,0,0,62,0,191
4474.0,36,26,0,0,62,0,191
4475.0,36,26,0,0,62,0,191
4476.0,36,26,0,0,62,0,191
4477.0,36,26,0,0,62,0,191
4478.0,36,26,0,0,62,0,191
4479.0,36,26,0,0,62,0,191
4480.0,36,26,0,0,62,0,191
4481.0,36,26,0,0,62,0,191
4482.0,36,26,0,0,62,0,191
4483.0,36,26,0,0,62,0,191
4484.0,36,26,0,0,62,0,191
4485.0,36,26,0,0,62,0,191
4486.0,36,26,0,0,62,0,191
4487.0,36,26,0,0,62,0,191
4488.0,36,26,0,0,62,0,191
4489.0,36,26,0,0,62,0,191
4490.0,36,26,0,0,62,0,191
4491.0,36,26,0,0,62,0,191
4492.0,36,26,0,0,62,0,191
4493.0,36,26,0,0,62,0,191
4494.0,36,26,0,0,62,0,191
4495.0,36,26,0,0,62,0,191
4496.0,36,26,0,0,62,0,191
4497.0,36,26,0,0,62,0,191
4498.0,36,26,0,0,62,0,191
4499.0,36,26,0,0,62,0,191
4500.0,36,26,0,0,62,0,191
4501.0,36,26,0,0,62,0,191
4502.0,36,26,0,0,62,0,191
4503.0,36,26,0,0,62,0,191
4504.0,36,26,0,0,62,0,191
4505.0,36,26,0,0,62,0,191
4506.0,36,26,0,0,62,0,191
4507.0,36,26,0,0,62,0,191
4508.0,36,26,0,0,62,0,191
4509.0,36,26,0,0,62,0,191
4510.0,36,26,0,0,62,0,191
4511.0,36,26,0,0,62,0,191
4512.0,36,26,0,0,62,0,191
4513.0,36,26,0,0,62,0,191
4514.0,36,26,0,0,62,0,191
4515.0,36,26,0,0,62,0,191
4516.0,36,26,0,0,62,0,191
4517.0,36,26,0,0,62,0,191
4518.0,36,26,0,0,62,0,191
4519.0,36,26,0,0,62,0,191
4520.0,36,26,0,0,62,0,191
4521.0,36,26,0,0,62,0,191
4522.0,36,26,0,0,62,0,191
4523.0,36,26,0,0,62,0,191
4524.0,36,26,0,0,62,0,191
4525.0,36,26,0,0,62,0,191
4526.0,36,26,0,0,62,0,191
4527.0,36,26,0,0,62,0,191
4528.0,36,26,0,0,62,0,191
4529.0,36,26,0,0,62,0,191
4530.0,36,26,0,0,62,0,191
4531.0,36,26,0,0,62,0,191
4532.0,36,26,0,0,62,0,191
4533.0,36,26,0,0,62,0,191
4534.0,36,26,0,0,62,0,191
4535.0,36,26,0,0,62,0,191
4536.0,36,26,0,0,62,0,191
4537.0,36,26,0,0,62,0,191
4538.0,36,26,0,0,62,0,191
4539.0,36,26,0,0,62,0,191
4540.0,36,26,0,0,62,0,191
4541.0,36,26,0,0,62,0,191
4542.0,36,26,0,0,62,0,191
4543.0,36,26,0,0,62,0,191
4544.0,36,26,0,0,62,0,191
4545.0,36,26,0,0,62,0,191
4546.0,36,26,0,0,62,0,191
4547.0,36,26,0,0,62,0,191
4548.0,36,26,0,0,62,0,191
4549.0,36,26,0,0,62,0,191
4550.0,36,26,0,0,62,0,191
4551.0,36,26,0,0,62,0,191
4552.0,36,26,0,0,62,0,191
4553.0,36,26,0,0,62,0,191
4554.0,36,26,0,0,62,0,191
4555.0,36,26,0,0,62,0,191
4556.0,36,26,0,0,62,0,191
4557.0,36,26,0,0,62,0,191
4558.0,36,26,0,0,62,0,191
4559.0,36,26,0,0,62,0,191
4560.0,36,26,0,0,62,0,191
4561.0,36,26,0,0,62,0,191
4562.0,36,26,0,0,62,0,191
4563.0,36,26,0,0,62,0,191
4564.0,36,26,0,0,62,0,191
4565.0,36,26,0,0,62,0,191
4566.0,36,26,0,0,62,0,191
4567.0,36,26,0,0,62,0,191
4568.0,36,26,0,0,62,0,191
4569.0,36,26,0,0,62,0,191
4570.0,36,26,0,0,62,0,191
4571.0,36,26,0,0,62,0,191
4572.0,36,26,0,0,62,0,191
4573.0,36,26,0,0,62,0,191
4574.0,36,26,0,0,62,0,191
4575.0,36,26,0,0,62,0,191
4576.0,36,26,0,0,62,0,191
4577.0,36,26,0,0,62,0,191
4578.0,36,26,0,0,62,0,191
4579.0,36,26,0,0,62,0,191
4580.0,36,26,0,0,62,0,191
4581.0,36,26,0,0,62,0,191
4582.0,36,26,0,0,62,0,191
4583.0,36,26,0,0,62,0,191
4584.0,36,26,0,0,62,0,191
4585.0,36,26,0,0,62,0,191
4586.0,36,26,0,0,62,0,191
4587.0,36,26,0,0,62,0,191
4588.0,36,26,0,0,62,0,191
4589.0,36,26,0,0,62,0,191
4590.0,36,26,0,0,62,0,191
4591.0,36,26,0,0,62,0,191
4592.0,36,26,0,0,62,0,191
4593.0,36,26,0,0,62,0,191
4594.0,36,26,0,0,62,0,191
4595.0,36,26,0,0,62,0,191
4596.0,36,26,0,0,62,0,191
4597.0,36,26,0,0,62,0,191
4598.0,36,26,0,0,62,0,191
4599.0,36,26,0,0,62,0,191
4600.0,36,26,0,0,62,0,191
4601.0,36,26,0,0,62,0,191
4602.0,36,26,0,0,62,0,191
4603.0,36,26,0,0,62,0,191
4604.0,36,26,0,0,62,0,191
4605.0,36,26,0,0,62,0,191
4606.0,36,26,0,0,62,0,191
4607.0,36,26,0,0,62,0,191
4608.0,36,26,0,0,62,0,191
4609.0,36,26,0,0,62,0,191
4610.0,36,26,0,0,62,0,191
4611.0,36,26,0,0,62,0,191
4612.0,36,26,0,0,62,0,191
4613.0,36,26,0,0,62,0,191
4614.0,36,26,0,0,62,0,191
4615.0,36,26,0,0,62,0,191
4616.0,36,26,0,0,62,0,191
4617.0,36,26,0,0,62,0,191
4618.0,36,26,0,0,62,0,191
4619.0,36,26,0,0,62,0,191
4620.0,36,26,0,0,62,0,191
4621.0,36,26,0,0,62,0,191
4622.0,36,26,0,0,62,0,191
4623.0,36,26,0,0,62,0,191
4624.0,36,26,0,0,62,0,191
4625.0,36,26,0,0,62,0,191
4626.0,36,26,0,0,62,0,191
4627.0,36,26,0,0,62,0,191
4628.0,36,26,0,0,62,0,191
4629.0,36,26,0,0,62,0,191
4630.0,36,26,0,0,62,0,191
4631.0,36,26,0,0,62,0,191
4632.0,36,26,0,0,62,0,191
4633.0,36,26,0,0,62,0,191
4634.0,36,26,0,0,62,0,191
4635.0,36,26,0,0,62,0,191
4636.0,36,26,0,0,62,0,191
4637.0,36,26,0,0,62,0,191
4638.0,36,26,0,0,62,0,191
4639.0,36,26,0,0,62,0,191
4640.0,36,26,0,0,62,0,191
4641.0,36,26,0,0,62,0,191
4642.0,36,26,0,0,62,0,191
4643.0,36,26,0,0,62,0,191
4644.0,36,26,0,0,62,0,191
4645.0,36,26,0,0,62,0,191
4646.0,36,26,0,0,62,0,191
4647.0,36,26,0,0,62,0,191
4648.0,36,26,0,0,62,0,191
4649.0,36,26,0,0,62,0,191
4650.0,36,26,0,0,62,0,191
4651.0,36,26,0,0,62,0,191
4652.0,36,26,0,0,62,0,191
4653.0,36,26,0,0,62,0,191
4654.0,36,26,0,0,62,0,191
4655.0,36,26,0,0,62,0,191
4656.0,36,26,0,0,62,0,191
4657.0,36,26,0,0,62,0,191
4658.0,36,26,0,0,62,0,191
4659.0,36,26,0,0,62,0,191
4660.0,36,26,0,0,62,0,191
4661.0,36,26,0,0,62,0,191
4662.0,36,26,0,0,62,0,191
4663.0,36,26,0,0,62,0,191
4664.0,36,26,0,0,62,0,191
4665.0,36,26,0,0,62,0,191
4666.0,36,26,0,0,62,0,191
4667.0,36,26,0,0,62,0,191
4668.0,36,26,0,0,62,0,191
4669.0,36,26,0,0,62,0,191
4670.0,36,26,0,0,62,0,191
4671.0,36,26,0,0,62,0,191
4672.0,36,26,0,0,62,0,191
4673.0,36,26,0,0,62,0,191
4674.0,36,26,0,0,62,0,191
4675.0,36,26,0,0,62,0,191
4676.0,36,26,0,0,62,0,191
4677.0,36,26,0,0,62,0,191
4678.0,36,26,0,0,62,0,191
4679.0,36,26,0,0,62,0,191
4680.0,36,26,0,0,62,0,191
4681.0,36,26,0,0,62,0,191
4682.0,36,26,0,0,62,0,191
4683.0,36,26,0,0,62,0,191
4684.0,36,26,0,0,62,0,191
4685.0,36,26,0,0,62,0,191
4686.0,36,26,0,0,62,0,191
4687.0,36,26,0,0,62,0,191
4688.0,36,26,0,0,62,0,191
4689.0,36,26,0,0,62,0,191
4690.0,36,26,0,0,62,0,191
4691.0,36,26,0,0,62,0,191
4692.0,36,26,0,0,62,0,191
4693.0,36,26,0,0,62,0,191
4694.0,36,26,0,0,62,0,191
4695.0,36,26,0,0,62,0,191
4696.0,36,26,0,0,62,0,191
4697.0,36,26,0,0,62,0,191
4698.0,36,26,0,0,62,0,191
4699.0,36,26,0,0,62,0,191
4700.0,36,26,0,0,62,0,191
4701.0,36,26,0,0,62,0,191
4702.0,36,26,0,0,62,0,191
4703.0,36,26,0,0,62,0,191
4704.0,36,26,0,0,62,0,191
4705.0,36,26,0,0,62,0,191
4706.0,36,26,0,0,62,0,191
4707.0,36,26,0,0,62,0,191
4708.0,36,26,0,0,62,0,191
4709.0,36,26,0,0,62,0,191
4710.0,36,26,0,0,62,0,191
4711.0,36,26,0,0,62,0,191
4712.0,36,26,0,0,62,0,191
4713.0,36,26,0,0,62,0,191
4714.0,36,26,0,0,62,0,191
4715.0,36,26,0,0,62,0,191
4716.0,36,26,0,0,62,0,191
4717.0,36,26,0,0,62,0,191
4718.0,36,26,0,0,62,0,191
4719.0,36,26,0,0,62,0,191
4720.0,36,26,0,0,62,0,191
4721.0,36,26,0,0,62,0,191
4722.0,36,26,0,0,62,0,191
4723.0,36,26,0,0,62,0,191
4724.0,36,26,0,0,62,0,191
4725.0,36,26,0,0,62,0,191
4726.0,36,26,0,0,62,0,191
4727.0,36,26,0,0,62,0,191
4728.0,36,26,0,0,62,0,191
4729.0,36,26,0,0,62,0,191
4730.0,36,26,0,0,62,0,191
4731.0,36,26,0,0,62,0,191
4732.0,36,26,0,0,62,0,191
4733.0,36,26,0,0,62,0,191
4734.0,36,26,0,0,62,0,191
4735.0,36,26,0,0,62,0,191
4736.0,36,26,0,0,62,0,191
4737.0,36,26,0,0,62,0,191
4738.0,36,26,0,0,62,0,191
4739.0,36,26,0,0,62,0,191
4740.0,36,26,0,0,62,0,191
4741.0,36,26,0,0,62,0,191
4742.0,36,26,0,0,62,0,191
4743.0,36,26,0,0,62,0,191
4744.0,36,26,0,0,62,0,191
4745.0,36,26,0,0,62,0,191
4746.0,36,26,0,0,62,0,191
4747.0,36,26,0,0,62,0,191
4748.0,36,26,0,0,62,0,191
4749.0,36,26,0,0,62,0,191
4750.0,36,26,0,0,62,0,191
4751.0,36,26,0,0,62,0,191
4752.0,36,26,0,0,62,0,191
4753.0,36,26,0,0,62,0,191
4754.0,36,26,0,0,62,0,191
4755.0,36,26,0,0,62,0,191
4756.0,36,26,0,0,62,0,191
4757.0,36,26,0,0,62,0,191
4758.0,36,26,0,0,62,0,191
4759.0,36,26,0,0,62,0,191
4760.0,36,26,0,0,62,0,191
4761.0,36,26,0,0,62,0,191
4762.0,36,26,0,0,62,0,191
4763.0,36,26,0,0,62,0,191
4764.0,36,26,0,0,62,0,191
4765.0,36,26,0,0,62,0,191
4766.0,36,26,0,0,62,0,191
4767.0,36,26,0,0,62,0,191
4768.0,36,26,0,0,62,0,191
4769.0,36,26,0,0,62,0,191
4770.0,36,26,0,0,62,0,191
4771.0,36,26,0,0,62,0,191
4772.0,36,26,0,0,62,0,191
4773.0,36,26,0,0,62,0,191
4774.0,36,26,0,0,62,0,191
4775.0,36,26,0,0,62,0,191
4776.0,36,26,0,0,62,0,191
4777.0,36,26,0,0,62,0,191
4778.0,36,26,0,0,62,0,191
4779.0,36,26,0,0,62,0,191
4780.0,36,26,0,0,62,0,191
4781.0,36,26,0,0,62,0,191
4782.0,36,26,0,0,62,0,191
4783.0,36,26,0,0,62,0,191
4784.0,36,26,0,0,62,0,191
4785.0,36,26,0,0,62,0,191
4786.0,36,26,0,0,62,0,191
4787.0,36,26,0,0,62,0,191
4788.0,36,26,0,0,62,0,191
4789.0,36,26,0,0,62,0,191
4790.0,36,26,0,0,62,0,191
4791.0,36,26,0,0,62,0,191
4792.0,36,26,0,0,62,0,191
4793.0,36,26,0,0,62,0,191
4794.0,36,26,0,0,62,0,191
4795.0,36,26,0,0,62,0,191
4796.0,36,26,0,0,62,0,191
4797.0,36,26,0,0,62,0,191
4798.0,36,26,0,0,62,0,191
4799.0,36,26,0,0,62,0,191
4800.0,36,26,0,0,62,0,191
4801.0,36,26,0,0,62,0,191
4802.0,36,26,0,0,62,0,191
4803.0,36,26,0,0,62,0,191
4804.0,36,26,0,0,62,0,191
4805.0,36,26,0,0,62,0,191
4806.0,36,26,0,0,62,0,191
4807.0,36,26,0,0,62,0,191
4808.0,36,26,0,0,62,0,191
4809.0,36,26,0,0,62,0,191
4810.0,36,26,0,0,62,0,191
4811.0,36,26,0,0,62,0,191
4812.0,36,26,0,0,62,0,191
4813.0,36,26,0,0,62,0,191
4814.0,36,26,0,0,62,0,191
4815.0,36,26,0,0,62,0,191
4816.0,36,26,0,0,62,0,191
4817.0,36,26,0,0,62,0,191
4818.0,36,26,0,0,62,0,191
4819.0,36,26,0,0,62,0,191
4820.0,36,26,0,0,62,0,191
4821.0,36,26,0,0,62,0,191
4822.0,36,26,0,0,62,0,191
4823.0,36,26,0,0,62,0,191
4824.0,36,26,0,0,62,0,191
4825.0,36,26,0,0,62,0,191
4826.0,36,26,0,0,62,0,191
4827.0,36,26,0,0,62,0,191
4828.0,36,26,0,0,62,0,191
4829.0,36,26,0,0,62,0,191
4830.0,36,26,0,0,62,0,191
4831.0,36,26,0,0,62,0,191
4832.0,36,26,0,0,62,0,191
4833.0,36,26,0,0,62,0,191
4834.0,36,26,0,0,62,0,191
4835.0,36,26,0,0,62,0,191
4836.0,36,26,0,0,62,0,191
4837.0,36,26,0,0,62,0,191
4838.0,36,26,0,0,62,0,191
4839.0,36,26,0,0,62,0,191
4840.0,36,26,0,0,62,0,191
4841.0,36,26,0,0,62,0,191
4842.0,36,26,0,0,62,0,191
4843.0,36,26,0,0,62,0,191
4844.0,36,26,0,0,62,0,191
4845.0,36,26,0,0,62,0,191
4846.0,36,26,0,0,62,0,191
4847.0,36,26,0,0,62,0,191
4848.0,36,26,0,0,62,0,191
4849.0,36,26,0,0,62,0,191
4850.0,36,26,0,0,62,0,191
4851.0,36,26,0,0,62,0,191
4852.0,36,26,0,0,62,0,191
4853.0,36,26,0,0,62,0,191
4854.0,36,26,0,0,62,0,191
4855.0,36,26,0,0,62,0,191
4856.0,36,26,0,0,62,0,191
4857.0,36,26,0,0,62,0,191
4858.0,36,26,0,0,62,0,191
4859.0,36,26,0,0,62,0,191
4860.0,36,26,0,0,62,0,191
4861.0,36,26,0,0,62,0,191
4862.0,36,26,0,0,62,0,191
4863.0,36,26,0,0,62,0,191
4864.0,36,26,0,0,62,0,191
4865.0,36,26,0,0,62,0,191
4866.0,36,26,0,0,62,0,191
4867.0,36,26,0,0,62,0,191
4868.0,36,26,0,0,62,0,191
4869.0,36,26,0,0,62,0,191
4870.0,36,26,0,0,62,0,191
4871.0,36,26,0,0,62,0,191
4872.0,36,26,0,0,62,0,191
4873.0,36,26,0,0,62,0,191
4874.0,36,26,0,0,62,0,191
4875.0,36,26,0,0,62,0,191
4876.0,36,26,0,0,62,0,191
4877.0,36,26,0,0,62,0,191
4878.0,36,26,0,0,62,0,191
4879.0,36,26,0,0,62,0,191
4880.0,36,26,0,0,62,0,191
4881.0,36,26,0,0,62,0,191
4882.0,36,26,0,0,62,0,191
4883.0,36,26,0,0,62,0,191
4884.0,36,26,0,0,62,0,191
4885.0,36,26,0,0,62,0,191
4886.0,36,26,0,0,62,0,191
4887.0,36,26,0,0,62,0,191
4888.0,36,26,0,0,62,0,191
4889.0,36,26,0,0,62,0,191
4890.0,36,26,0,0,62,0,191
4891.0,36,26,0,0,62,0,191
4892.0,36,26,0,0,62,0,191
4893.0,36,26,0,0,62,0,191
4894.0,36,26,0,0,62,0,191
4895.0,36,26,0,0,62,0,191
4896.0,36,26,0,0,62,0,191
4897.0,36,26,0,0,62,0,191
4898.0,36,26,0,0,62,0,191
4899.0,36,26,0,0,62,0,191
4900.0,36,26,0,0,62,0,191
4901.0,36,26,0,0,62,0,191
4902.0,36,26,0,0,62,0,191
4903.0,36,26,0,0,62,0,191
4904.0,36,26,0,0,62,0,191
4905.0,36,26,0,0,62,0,191
4906.0,36,26,0,0,62,0,191
4907.0,36,26,0,0,62,0,191
4908.0,36,26,0,0,62,0,191
4909.0,36,26,0,0,62,0,191
4910.0,36,26,0,0,62,0,191
4911.0,36,26,0,0,62,0,191
4912.0,36,26,0,0,62,0,191
4913.0,36,26,0,0,62,0,191
4914.0,36,26,0,0,62,0,191
4915.0,36,26,0,0,62,0,191
4916.0,36,26,0,0,62,0,191
4917.0,36,26,0,0,62,0,191
4918.0,36,26,0,0,62,0,191
4919.0,36,26,0,0,62,0,191
4920.0,36,26,0,0,62,0,191
4921.0,36,26,0,0,62,0,191
4922.0,36,26,0,0,62,0,191
4923.0,36,26,0,0,62,0,191
4924.0,36,26,0,0,62,0,191
4925.0,36,26,0,0,62,0,191
4926.0,36,26,0,0,62,0,191
4927.0,36,26,0,0,62,0,191
4928.0,36,26,0,0,62,0,191
4929.0,36,26,0,0,62,0,191
4930.0,36,26,0,0,62,0,191
4931.0,36,26,0,0,62,0,191
4932.0,36,26,0,0,62,0,191
4933.0,36,26,0,0,62,0,191
4934.0,36,26,0,0,62,0,191
4935.0,36,26,0,0,62,0,191
4936.0,36,26,0,0,62,0,191
4937.0,36,26,0,0,62,0,191
4938.0,36,26,0,0,62,0,191
4939.0,36,26,0,0,62,0,191
4940.0,36,26,0,0,62,0,191
4941.0,36,26,0,0,62,0,191
4942.0,36,26,0,0,62,0,191
4943.0,36,26,0,0,62,0,191
4944.0,36,26,0,0,62,0,191
4945.0,36,26,0,0,62,0,191
4946.0,36,26,0,0,62,0,191
4947.0,36,26,0,0,62,0,191
4948.0,36,26,0,0,62,0,191
4949.0,36,26,0,0,62,0,191
4950.0,36,26,0,0,62,0,191
4951.0,36,26,0,0,62,0,191
4952.0,36,26,0,0,62,0,191
4953.0,36,26,0,0,62,0,191
4954.0,36,26,0,0,62,0,191
4955.0,36,26,0,0,62,0,191
4956.0,36,26,0,0,62,0,191
4957.0,36,26,0,0,62,0,191
4958.0,36,26,0,0,62,0,191
4959.0,36,26,0,0,62,0,191
4960.0,36,26,0,0,62,0,191
4961.0,36,26,0,0,62,0,191
4962.0,36,26,0,0,62,0,191
4963.0,36,26,0,0,62,0,191
4964.0,36,26,0,0,62,0,191
4965.0,36,26,0,0,62,0,191
4966.0,36,26,0,0,62,0,191
4967.0,36,26,0,0,62,0,191
4968.0,36,26,0,0,62,0,191
4969.0,36,26,0,0,62,0,191
4970.0,36,26,0,0,62,0,191
4971.0,36,26,0,0,62,0,191
4972.0,36,26,0,0,62,0,191
4973.0,36,26,0,0,62,0,191
4974.0,36,26,0,0,62,0,191
4975.0,36,26,0,0,62,0,191
4976.0,36,26,0,0,62,0,191
4977.0,36,26,0,0,62,0,191
4978.0,36,26,0,0,62,0,191
4979.0,36,26,0,0,62,0,191
4980.0,36,26,0,0,62,0,191
4981.0,36,26,0,0,62,0,191
4982.0,36,26,0,0,62,0,191
4983.0,36,26,0,0,62,0,191
4984.0,36,26,0,0,62,0,191
4985.0,36,26,0,0,62,0,191
4986.0,36,26,0,0,62,0,191
4987.0,36,26,0,0,62,0,191
4988.0,36,26,0,0,62,0,191
4989.0,36,26,0,0,62,0,191
4990.0,36,26,0,0,62,0,191
4991.0,36,26,0,0,62,0,191
4992.0,36,26,0,0,62,0,191
4993.0,36,26,0,0,62,0,191
4994.0,36,26,0,0,62,0,191
4995.0,36,26,0,0,62,0,191
4996.0,36,26,0,0,62,0,191
4997.0,36,26,0,0,62,0,191
4998.0,36,26,0,0,62,0,191
4999.0,36,26,0,0,62,0,191
5000.0,36,26,0,0,62,0,191
5001.0,36,26,0,0,62,0,191
5002.0,36,26,0,0,62,0,191
5003.0,36,26,0,0,62,0,191
5004.0,36,26,0,0,62,0,191
5005.0,36,26,0,0,62,0,191
5006.0,36,26,0,0,62,0,191
5007.0,36,26,0,0,62,0,191
5008.0,36,26,0,0,62,0,191
5009.0,36,26,0,0,62,0,191
5010.0,36,26,0,0,62,0,191
5011.0,36,26,0,0,62,0,191
5012.0,36,26,0,0,62,0,191
5013.0,36,26,0,0,62,0,191
5014.0,36,26,0,0,62,0,191
5015.0,36,26,0,0,62,0,191
5016.0,36,26,0,0,62,0,191
5017.0,36,26,0,0,62,0,191
5018.0,36,26,0,0,62,0,191
5019.0,36,26,0,0,62,0,191
5020.0,36,26,0,0,62,0,191
5021.0,36,26,0,0,62,0,191
5022.0,36,26,0,0,62,0,191
5023.0,36,26,0,0,62,0,191
5024.0,36,26,0,0,62,0,191
5025.0,36,26,0,0,62,0,191
5026.0,36,26,0,0,62,0,191
5027.0,36,26,0,0,62,0,191
5028.0,36,26,0,0,62,0,191
5029.0,36,26,0,0,62,0,191
5030.0,36,26,0,0,62,0,191
5031.0,36,26,0,0,62,0,191
5032.0,36,26,0,0,62,0,191
5033.0,36,26,0,0,62,0,191
5034.0,36,26,0,0,62,0,191
5035.0,36,26,0,0,62,0,191
5036.0,36,26,0,0,62,0,191
5037.0,36,26,0,0,62,0,191
5038.0,36,26,0,0,62,0,191
5039.0,36,26,0,0,62,0,191
5040.0,36,26,0,0,62,0,191
5041.0,36,26,0,0,62,0,191
5042.0,36,26,0,0,62,0,191
5043.0,36,26,0,0,62,0,191
5044.0,36,26,0,0,62,0,191
5045.0,36,26,0,0,62,0,191
5046.0,36,26,0,0,62,0,191
5047.0,36,26,0,0,62,0,191
5048.0,36,26,0,0,62,0,191
5049.0,36,26,0,0,62,0,191
5050.0,36,26,0,0,62,0,191
5051.0,36,26,0,0,62,0,191
5052.0,36,26,0,0,62,0,191
5053.0,36,26,0,0,62,0,191
5054.0,36,26,0,0,62,0,191
5055.0,36,26,0,0,62,0,191
5056.0,36,26,0,0,62,0,191
5057.0,36,26,0,0,62,0,191
5058.0,36,26,0,0,62,0,191
5059.0,36,26,0,0,62,0,191
5060.0,36,26,0,0,62,0,191
5061.0,36,26,0,0,62,0,191
5062.0,36,26,0,0,62,0,191
5063.0,36,26,0,0,62,0,191
5064.0,36,26,0,0,62,0,191
5065.0,36,26,0,0,62,0,191
5066.0,36,26,0,0,62,0,191
5067.0,36,26,0,0,62,0,191
5068.0,36,26,0,0,62,0,191
5069.0,36,26,0,0,62,0,191
5070.0,36,26,0,0,62,0,191
5071.0,36,26,0,0,62,0,191
5072.0,36,26,0,0,62,0,191
5073.0,36,26,0,0,62,0,191
5074.0,36,26,0,0,62,0,191
5075.0,36,26,0,0,62,0,191
5076.0,36,26,0,0,62,0,191
5077.0,36,26,0,0,62,0,191
5078.0,36,26,0,0,62,0,191
5079.0,36,26,0,0,62,0,191
5080.0,36,26,0,0,62,0,191
5081.0,36,26,0,0,62,0,191
5082.0,36,26,0,0,62,0,191
5083.0,36,26,0,0,62,0,191
5084.0,36,26,0,0,62,0,191
5085.0,36,26,0,0,62,0,191
5086.0,36,26,0,0,62,0,191
5087.0,36,26,0,0,62,0,191
5088.0,36,26,0,0,62,0,191
5089.0,36,26,0,0,62,0,191
5090.0,36,26,0,0,62,0,191
5091.0,36,26,0,0,62,0,191
5092.0,36,26,0,0,62,0,191
5093.0,36,26,0,0,62,0,191
5094.0,36,26,0,0,62,0,191
5095.0,36,26,0,0,62,0,191
5096.0,36,26,0,0,62,0,191
5097.0,36,26,0,0,62,0,191
5098.0,36,26,0,0,62,0,191
5099.0,36,26,0,0,62,0,191
5100.0,36,26,0,0,62,0,191
5101.0,36,26,0,0,62,0,191
5102.0,36,26,0,0,62,0,191
5103.0,36,26,0,0,62,0,191
5104.0,36,26,0,0,62,0,191
5105.0,36,26,0,0,62,0,191
5106.0,36,26,0,0,62,0,191
5107.0,36,26,0,0,62,0,191
5108.0,36,26,0,0,62,0,191
5109.0,36,26,0,0,62,0,191
5110.0,36,26,0,0,62,0,191
5111.0,36,26,0,0,62,0,191
5112.0,36,26,0,0,62,0,191
5113.0,36,26,0,0,62,0,191
5114.0,36,26,0,0,62,0,191
5115.0,36,26,0,0,62,0,191
5116.0,36,26,0,0,62,0,191
5117.0,36,26,0,0,62,0,191
5118.0,36,26,0,0,62,0,191
5119.0,36,26,0,0,62,0,191
5120.0,36,26,0,0,62,0,191
5121.0,36,26,0,0,62,0,191
5122.0,36,26,0,0,62,0,191
5123.0,36,26,0,0,62,0,191
5124.0,36,26,0,0,62,0,191
5125.0,36,26,0,0,62,0,191
5126.0,36,26,0,0,62,0,191
5127.0,36,26,0,0,62,0,191
5128.0,36,26,0,0,62,0,191
5129.0,36,26,0,0,62,0,191
5130.0,36,26,0,0,62,0,191
5131.0,36,26,0,0,62,0,191
5132.0,36,26,0,0,62,0,191
5133.0,36,26,0,0,62,0,191
5134.0,36,26,0,0,62,0,191
5135.0,36,26,0,0,62,0,191
5136.0,36,26,0,0,62,0,191
5137.0,36,26,0,0,62,0,191
5138.0,36,26,0,0,62,0,191
5139.0,36,26,0,0,62,0,191
5140.0,36,26,0,0,62,0,191
5141.0,36,26,0,0,62,0,191
5142.0,36,26,0,0,62,0,191
5143.0,36,26,0,0,62,0,191
5144.0,36,26,0,0,62,0,191
5145.0,36,26,0,0,62,0,191
5146.0,36,26,0,0,62,0,191
5147.0,36,26,0,0,62,0,191
5148.0,36,26,0,0,62,0,191
5149.0,36,26,0,0,62,0,191
5150.0,36,26,0,0,62,0,191
5151.0,36,26,0,0,62,0,191
5152.0,36,26,0,0,62,0,191
5153.0,36,26,0,0,62,0,191
5154.0,36,26,0,0,62,0,191
5155.0,36,26,0,0,62,0,191
5156.0,36,26,0,0,62,0,191
5157.0,36,26,0,0,62,0,191
5158.0,36,26,0,0,62,0,191
5159.0,36,26,0,0,62,0,191
5160.0,36,26,0,0,62,0,191
5161.0,36,26,0,0,62,0,191
5162.0,36,26,0,0,62,0,191
5163.0,36,26,0,0,62,0,191
5164.0,36,26,0,0,62,0,191
5165.0,36,26,0,0,62,0,191
5166.0,36,26,0,0,62,0,191
5167.0,36,26,0,0,62,0,191
5168.0,36,26,0,0,62,0,191
5169.0,36,26,0,0,62,0,191
5170.0,36,26,0,0,62,0,191
5171.0,36,26,0,0,62,0,191
5172.0,36,26,0,0,62,0,191
5173.0,36,26,0,0,62,0,191
5174.0,36,26,0,0,62,0,191
5175.0,36,26,0,0,62,0,191
5176.0,36,26,0,0,62,0,191
5177.0,36,26,0,0,62,0,191
5178.0,36,26,0,0,62,0,191
5179.0,36,26,0,0,62,0,191
5180.0,36,26,0,0,62,0,191
5181.0,36,26,0,0,62,0,191
5182.0,36,26,0,0,62,0,191
5183.0,36,26,0,0,62,0,191
5184.0,36,26,0,0,62,0,191
5185.0,36,26,0,0,62,0,191
5186.0,36,26,0,0,62,0,191
5187.0,36,26,0,0,62,0,191
5188.0,36,26,0,0,62,0,191
5189.0,36,26,0,0,62,0,191
5190.0,36,26,0,0,62,0,191
5191.0,36,26,0,0,62,0,191
5192.0,36,26,0,0,62,0,191
5193.0,36,26,0,0,62,0,191
5194.0,36,26,0,0,62,0,191
5195.0,36,26,0,0,62,0,191
5196.0,36,26,0,0,62,0,191
5197.0,36,26,0,0,62,0,191
5198.0,36,26,0,0,62,0,191
5199.0,36,26,0,0,62,0,191
5200.0,36,26,0,0,62,0,191
5201.0,36,26,0,0,62,0,191
5202.0,36,26,0,0,62,0,191
5203.0,36,26,0,0,62,0,191
5204.0,36,26,0,0,62,0,191
5205.0,36,26,0,0,62,0,191
5206.0,36,26,0,0,62,0,191
5207.0,36,26,0,0,62,0,191
5208.0,36,26,0,0,62,0,191
5209.0,36,26,0,0,62,0,191
5210.0,36,26,0,0,62,0,191
5211.0,36,26,0,0,62,0,191
5212.0,36,26,0,0,62,0,191
5213.0,36,26,0,0,62,0,191
5214.0,36,26,0,0,62,0,191
5215.0,36,26,0,0,62,0,191
5216.0,36,26,0,0,62,0,191
5217.0,36,26,0,0,62,0,191
5218.0,36,26,0,0,62,0,191
5219.0,36,26,0,0,62,0,191
5220.0,36,26,0,0,62,0,191
5221.0,36,26,0,0,62,0,191
5222.0,36,26,0,0,62,0,191
5223.0,36,26,0,0,62,0,191
5224.0,36,26,0,0,62,0,191
5225.0,36,26,0,0,62,0,191
5226.0,36,26,0,0,62,0,191
5227.0,36,26,0,0,62,0,191
5228.0,36,26,0,0,62,0,191
5229.0,36,26,0,0,62,0,191
5230.0,36,26,0,0,62,0,191
5231.0,36,26,0,0,62,0,191
5232.0,36,26,0,0,62,0,191
5233.0,36,26,0,0,62,0,191
5234.0,36,26,0,0,62,0,191
5235.0,36,26,0,0,62,0,191
5236.0,36,26,0,0,62,0,191
5237.0,36,26,0,0,62,0,191
5238.0,36,26,0,0,62,0,191
5239.0,36,26,0,0,62,0,191
5240.0,36,26,0,0,62,0,191
5241.0,36,26,0,0,62,0,191
5242.0,36,26,0,0,62,0,191
5243.0,36,26,0,0,62,0,191
5244.0,36,26,0,0,62,0,191
5245.0,36,26,0,0,62,0,191
5246.0,36,26,0,0,62,0,191
5247.0,36,26,0,0,62,0,191
5248.0,36,26,0,0,62,0,191
5249.0,36,26,0,0,62,0,191
5250.0,36,26,0,0,62,0,191
5251.0,36,26,0,0,62,0,191
5252.0,36,26,0,0,62,0,191
5253.0,36,26,0,0,62,0,191
5254.0,36,26,0,0,62,0,191
5255.0,36,26,0,0,62,0,191
5256.0,36,26,0,0,62,0,191
5257.0,36,26,0,0,62,0,191
5258.0,36,26,0,0,62,0,191
5259.0,36,26,0,0,62,0,191
5260.0,36,26,0,0,62,0,191
5261.0,36,26,0,0,62,0,191
5262.0,36,26,0,0,62,0,191
5263.0,36,26,0,0,62,0,191
5264.0,36,26,0,0,62,0,191
5265.0,36,26,0,0,62,0,191
5266.0,36,26,0,0,62,0,191
5267.0,36,26,0,0,62,0,191
5268.0,36,26,0,0,62,0,191
5269.0,36,26,0,0,62,0,191
5270.0,36,26,0,0,62,0,191
5271.0,36,26,0,0,62,0,191
5272.0,36,26,0,0,62,0,191
5273.0,36,26,0,0,62,0,191
5274.0,36,26,0,0,62,0,191
5275.0,36,26,0,0,62,0,191
5276.0,36,26,0,0,62,0,191
5277.0,36,26,0,0,62,0,191
5278.0,36,26,0,0,62,0,191
5279.0,36,26,0,0,62,0,191
5280.0,36,26,0,0,62,0,191
5281.0,36,26,0,0,62,0,191
5282.0,36,26,0,0,62,0,191
5283.0,36,26,0,0,62,0,191
5284.0,36,26,0,0,62,0,191
5285.0,36,26,0,0,62,0,191
5286.0,36,26,0,0,62,0,191
5287.0,36,26,0,0,62,0,191
5288.0,36,26,0,0,62,0,191
5289.0,36,26,0,0,62,0,191
5290.0,36,26,0,0,62,0,191
5291.0,36,26,0,0,62,0,191
5292.0,36,26,0,0,62,0,191
5293.0,36,26,0,0,62,0,191
5294.0,36,26,0,0,62,0,191
5295.0,36,26,0,0,62,0,191
5296.0,36,26,0,0,62,0,191
5297.0,36,26,0,0,62,0,191
5298.0,36,26,0,0,62,0,191
5299.0,36,26,0,0,62,0,191
5300.0,36,26,0,0,62,0,191
5301.0,36,26,0,0,62,0,191
5302.0,36,26,0,0,62,0,191
5303.0,36,26,0,0,62,0,191
5304.0,36,26,0,0,62,0,191
5305.0,36,26,0,0,62,0,191
5306.0,36,26,0,0,62,0,191
5307.0,36,26,0,0,62,0,191
5308.0,36,26,0,0,62,0,191
5309.0,36,26,0,0,62,0,191
5310.0,36,26,0,0,62,0,191
5311.0,36,26,0,0,62,0,191
5312.0,36,26,0,0,62,0,191
5313.0,36,26,0,0,62,0,191
5314.0,36,26,0,0,62,0,191
5315.0,36,26,0,0,62,0,191
5316.0,36,26,0,0,62,0,191
5317.0,36,26,0,0,62,0,191
5318.0,36,26,0,0,62,0,191
5319.0,36,26,0,0,62,0,191
5320.0,36,26,0,0,62,0,191
5321.0,36,26,0,0,62,0,191
5322.0,36,26,0,0,62,0,191
5323.0,36,26,0,0,62,0,191
5324.0,36,26,0,0,62,0,191
5325.0,36,26,0,0,62,0,191
5326.0,36,26,0,0,62,0,191
5327.0,36,26,0,0,62,0,191
5328.0,36,26,0,0,62,0,191
5329.0,36,26,0,0,62,0,191
5330.0,36,26,0,0,62,0,191
5331.0,36,26,0,0,62,0,191
5332.0,36,26,0,0,62,0,191
5333.0,36,26,0,0,62,0,191
5334.0,36,26,0,0,62,0,191
5335.0,36,26,0,0,62,0,191
5336.0,36,26,0,0,62,0,191
5337.0,36,26,0,0,62,0,191
5338.0,36,26,0,0,62,0,191
5339.0,36,26,0,0,62,0,191
5340.0,36,26,0,0,62,0,191
5341.0,36,26,0,0,62,0,191
5342.0,36,26,0,0,62,0,191
5343.0,36,26,0,0,62,0,191
5344.0,36,26,0,0,62,0,191
5345.0,36,26,0,0,62,0,191
5346.0,36,26,0,0,62,0,191
5347.0,36,26,0,0,62,0,191
5348.0,36,26,0,0,62,0,191
5349.0,36,26,0,0,62,0,191
5350.0,36,26,0,0,62,0,191
5351.0,36,26,0,0,62,0,191
5352.0,36,26,0,0,62,0,191
5353.0,36,26,0,0,62,0,191
5354.0,36,26,0,0,62,0,191
5355.0,36,26,0,0,62,0,191
5356.0,36,26,0,0,62,0,191
5357.0,36,26,0,0,62,0,191
5358.0,36,26,0,0,62,0,191
5359.0,36,26,0,0,62,0,191
5360.0,36,26,0,0,62,0,191
5361.0,36,26,0,0,62,0,191
5362.0,36,26,0,0,62,0,191
5363.0,36,26,0,0,62,0,191
5364.0,36,26,0,0,62,0,191
5365.0,36,26,0,0,62,0,191
5366.0,36,26,0,0,62,0,191
5367.0,36,26,0,0,62,0,191
5368.0,36,26,0,0,62,0,191
5369.0,36,26,0,0,62,0,191
5370.0,36,26,0,0,62,0,191
5371.0,36,26,0,0,62,0,191
5372.0,36,26,0,0,62,0,191
5373.0,36,26,0,0,62,0,191
5374.0,36,26,0,0,62,0,191
5375.0,36,26,0,0,62,0,191
5376.0,36,26,0,0,62,0,191
5377.0,36,26,0,0,62,0,191
5378.0,36,26,0,0,62,0,191
5379.0,36,26,0,0,62,0,191
5380.0,36,26,0,0,62,0,191
5381.0,36,26,0,0,62,0,191
5382.0,36,26,0,0,62,0,191
5383.0,36,26,0,0,62,0,191
5384.0,36,26,0,0,62,0,191
5385.0,36,26,0,0,62,0,191
5386.0,36,26,0,0,62,0,191
5387.0,36,26,0,0,62,0,191
5388.0,36,26,0,0,62,0,191
5389.0,36,26,0,0,62,0,191
5390.0,36,26,0,0,62,0,191
5391.0,36,26,0,0,62,0,191
5392.0,36,26,0,0,62,0,191
5393.0,36,26,0,0,62,0,191
5394.0,36,26,0,0,62,0,191
5395.0,36,26,0,0,62,0,191
5396.0,36,26,0,0,62,0,191
5397.0,36,26,0,0,62,0,191
5398.0,36,26,0,0,62,0,191
5399.0,36,26,0,0,62,0,191
5400.0,36,26,0,0,62,0,191
5401.0,36,26,0,0,62,0,191
5402.0,36,26,0,0,62,0,191
5403.0,36,26,0,0,62,0,191
5404.0,36,26,0,0,62,0,191
5405.0,36,26,0,0,62,0,191
5406.0,36,26,0,0,62,0,191
5407.0,36,26,0,0,62,0,191
5408.0,36,26,0,0,62,0,191
5409.0,36,26,0,0,62,0,191
5410.0,36,26,0,0,62,0,191
5411.0,36,26,0,0,62,0,191
5412.0,36,26,0,0,62,0,191
5413.0,36,26,0,0,62,0,191
5414.0,36,26,0,0,62,0,191
5415.0,36,26,0,0,62,0,191
5416.0,36,26,0,0,62,0,191
5417.0,36,26,0,0,62,0,191
5418.0,36,26,0,0,62,0,191
5419.0,36,26,0,0,62,0,191
5420.0,36,26,0,0,62,0,191
5421.0,36,26,0,0,62,0,191
5422.0,36,26,0,0,62,0,191
5423.0,36,26,0,0,62,0,191
5424.0,36,26,0,0,62,0,191
5425.0,36,26,0,0,62,0,191
5426.0,36,26,0,0,62,0,191
5427.0,36,26,0,0,62,0,191
5428.0,36,26,0,0,62,0,191
5429.0,36,26,0,0,62,0,191
5430.0,36,26,0,0,62,0,191
5431.0,36,26,0,0,62,0,191
5432.0,36,26,0,0,62,0,191
5433.0,36,26,0,0,62,0,191
5434.0,36,26,0,0,62,0,191
5435.0,36,26,0,0,62,0,191
5436.0,36,26,0,0,62,0,191
5437.0,36,26,0,0,62,0,191
5438.0,36,26,0,0,62,0,191
5439.0,36,26,0,0,62,0,191
5440.0,36,26,0,0,62,0,191
5441.0,36,26,0,0,62,0,191
5442.0,36,26,0,0,62,0,191
5443.0,36,26,0,0,62,0,191
5444.0,36,26,0,0,62,0,191
5445.0,36,26,0,0,62,0,191
5446.0,36,26,0,0,62,0,191
5447.0,36,26,0,0,62,0,191
5448.0,36,26,0,0,62,0,191
5449.0,36,26,0,0,62,0,191
5450.0,36,26,0,0,62,0,191
5451.0,36,26,0,0,62,0,191
5452.0,36,26,0,0,62,0,191
5453.0,36,26,0,0,62,0,191
5454.0,36,26,0,0,62,0,191
5455.0,36,26,0,0,62,0,191
5456.0,36,26,0,0,62,0,191
5457.0,36,26,0,0,62,0,191
5458.0,36,26,0,0,62,0,191
5459.0,36,26,0,0,62,0,191
5460.0,36,26,0,0,62,0,191
5461.0,36,26,0,0,62,0,191
5462.0,36,26,0,0,62,0,191
5463.0,36,26,0,0,62,0,191
5464.0,36,26,0,0,62,0,191
5465.0,36,26,0,0,62,0,191
5466.0,36,26,0,0,62,0,191
5467.0,36,26,0,0,62,0,191
5468.0,36,26,0,0,62,0,191
5469.0,36,26,0,0,62,0,191
5470.0,36,26,0,0,62,0,191
5471.0,36,26,0,0,62,0,191
5472.0,36,26,0,0,62,0,191
5473.0,36,26,0,0,62,0,191
5474.0,36,26,0,0,62,0,191
5475.0,36,26,0,0,62,0,191
5476.0,36,26,0,0,62,0,191
5477.0,36,26,0,0,62,0,191
5478.0,36,26,0,0,62,0,191
5479.0,36,26,0,0,62,0,191
5480.0,36,26,0,0,62,0,191
5481.0,36,26,0,0,62,0,191
5482.0,36,26,0,0,62,0,191
5483.0,36,26,0,0,62,0,191
5484.0,36,26,0,0,62,0,191
5485.0,36,26,0,0,62,0,191
5486.0,36,26,0,0,62,0,191
5487.0,36,26,0,0,62,0,191
5488.0,36,26,0,0,62,0,191
5489.0,36,26,0,0,62,0,191
5490.0,36,26,0,0,62,0,191
5491.0,36,26,0,0,62,0,191
5492.0,36,26,0,0,62,0,191
5493.0,36,26,0,0,62,0,191
5494.0,36,26,0,0,62,0,191
5495.0,36,26,0,0,62,0,191
5496.0,36,26,0,0,62,0,191
5497.0,36,26,0,0,62,0,191
5498.0,36,26,0,0,62,0,191
5499.0,36,26,0,0,62,0,191
5500.0,36,26,0,0,62,0,191
5501.0,36,26,0,0,62,0,191
5502.0,36,26,0,0,62,0,191
5503.0,36,26,0,0,62,0,191
5504.0,36,26,0,0,62,0,191
5505.0,36,26,0,0,62,0,191
5506.0,36,26,0,0,62,0,191
5507.0,36,26,0,0,62,0,191
5508.0,36,26,0,0,62,0,191
5509.0,36,26,0,0,62,0,191
5510.0,36,26,0,0,62,0,191
5511.0,36,26,0,0,62,0,191
5512.0,36,26,0,0,62,0,191
5513.0,36,26,0,0,62,0,191
5514.0,36,26,0,0,62,0,191
5515.0,36,26,0,0,62,0,191
5516.0,36,26,0,0,62,0,191
5517.0,36,26,0,0,62,0,191
5518.0,36,26,0,0,62,0,191
5519.0,36,26,0,0,62,0,191
5520.0,36,26,0,0,62,0,191
5521.0,36,26,0,0,62,0,191
5522.0,36,26,0,0,62,0,191
5523.0,36,26,0,0,62,0,191
5524.0,36,26,0,0,62,0,191
5525.0,36,26,0,0,62,0,191
5526.0,36,26,0,0,62,0,191
5527.0,36,26,0,0,62,0,191
5528.0,36,26,0,0,62,0,191
5529.0,36,26,0,0,62,0,191
5530.0,36,26,0,0,62,0,191
5531.0,36,26,0,0,62,0,191
5532.0,36,26,0,0,62,0,191
5533.0,36,26,0,0,62,0,191
5534.0,36,26,0,0,62,0,191
5535.0,36,26,0,0,62,0,191
5536.0,36,26,0,0,62,0,191
5537.0,36,26,0,0,62,0,191
5538.0,36,26,0,0,62,0,191
5539.0,36,26,0,0,62,0,191
5540.0,36,26,0,0,62,0,191
5541.0,36,26,0,0,62,0,191
5542.0,36,26,0,0,62,0,191
5543.0,36,26,0,0,62,0,191
5544.0,36,26,0,0,62,0,191
5545.0,36,26,0,0,62,0,191
5546.0,36,26,0,0,62,0,191
5547.0,36,26,0,0,62,0,191
5548.0,36,26,0,0,62,0,191
5549.0,36,26,0,0,62,0,191
5550.0,36,26,0,0,62,0,191
5551.0,36,26,0,0,62,0,191
5552.0,36,26,0,0,62,0,191
5553.0,36,26,0,0,62,0,191
5554.0,36,26,0,0,62,0,191
5555.0,36,26,0,0,62,0,191
5556.0,36,26,0,0,62,0,191
5557.0,36,26,0,0,62,0,191
5558.0,36,26,0,0,62,0,191
5559.0,36,26,0,0,62,0,191
5560.0,36,26,0,0,62,0,191
5561.0,36,26,0,0,62,0,191
5562.0,36,26,0,0,62,0,191
5563.0,36,26,0,0,62,0,191
5564.0,36,26,0,0,62,0,191
5565.0,36,26,0,0,62,0,191
5566.0,36,26,0,0,62,0,191
5567.0,36,26,0,0,62,0,191
5568.0,36,26,0,0,62,0,191
5569.0,36,26,0,0,62,0,191
5570.0,36,26,0,0,62,0,191
5571.0,36,26,0,0,62,0,191
5572.0,36,26,0,0,62,0,191
5573.0,36,26,0,0,62,0,191
5574.0,36,26,0,0,62,0,191
5575.0,36,26,0,0,62,0,191
5576.0,36,26,0,0,62,0,191
5577.0,36,26,0,0,62,0,191
5578.0,36,26,0,0,62,0,191
5579.0,36,26,0,0,62,0,191
5580.0,36,26,0,0,62,0,191
5581.0,36,26,0,0,62,0,191
5582.0,36,26,0,0,62,0,191
5583.0,36,26,0,0,62,0,191
5584.0,36,26,0,0,62,0,191
5585.0,36,26,0,0,62,0,191
5586.0,36,26,0,0,62,0,191
5587.0,36,26,0,0,62,0,191
5588.0,36,26,0,0,62,0,191
5589.0,36,26,0,0,62,0,191
5590.0,36,26,0,0,62,0,191
5591.0,36,26,0,0,62,0,191
5592.0,36,26,0,0,62,0,191
5593.0,36,26,0,0,62,0,191
5594.0,36,26,0,0,62,0,191
5595.0,36,26,0,0,62,0,191
5596.0,36,26,0,0,62,0,191
5597.0,36,26,0,0,62,0,191
5598.0,36,26,0,0,62,0,191
5599.0,36,26,0,0,62,0,191
5600.0,36,26,0,0,62,0,191
5601.0,36,26,0,0,62,0,191
5602.0,36,26,0,0,62,0,191
5603.0,36,26,0,0,62,0,191
5604.0,36,26,0,0,62,0,191
5605.0,36,26,0,0,62,0,191
5606.0,36,26,0,0,62,0,191
5607.0,36,26,0,0,62,0,191
5608.0,36,26,0,0,62,0,191
5609.0,36,26,0,0,62,0,191
5610.0,36,26,0,0,62,0,191
5611.0,36,26,0,0,62,0,191
5612.0,36,26,0,0,62,0,191
5613.0,36,26,0,0,62,0,191
5614.0,36,26,0,0,62,0,191
5615.0,36,26,0,0,62,0,191
5616.0,36,26,0,0,62,0,191
5617.0,36,26,0,0,62,0,191
5618.0,36,26,0,0,62,0,191
5619.0,36,26,0,0,62,0,191
5620.0,36,26,0,0,62,0,191
5621.0,36,26,0,0,62,0,191
5622.0,36,26,0,0,62,0,191
5623.0,36,26,0,0,62,0,191
5624.0,36,26,0,0,62,0,191
5625.0,36,26,0,0,62,0,191
5626.0,36,26,0,0,62,0,191
5627.0,36,26,0,0,62,0,191
5628.0,36,26,0,0,62,0,191
5629.0,36,26,0,0,62,0,191
5630.0,36,26,0,0,62,0,191
5631.0,36,26,0,0,62,0,191
5632.0,36,26,0,0,62,0,191
5633.0,36,26,0,0,62,0,191
5634.0,36,26,0,0,62,0,191
5635.0,36,26,0,0,62,0,191
5636.0,36,26,0,0,62,0,191
5637.0,36,26,0,0,62,0,191
5638.0,36,26,0,0,62,0,191
5639.0,36,26,0,0,62,0,191
5640.0,36,26,0,0,62,0,191
5641.0,36,26,0,0,62,0,191
5642.0,36,26,0,0,62,0,191
5643.0,36,26,0,0,62,0,191
5644.0,36,26,0,0,62,0,191
5645.0,36,26,0,0,62,0,191
5646.0,36,26,0,0,62,0,191
5647.0,36,26,0,0,62,0,191
5648.0,36,26,0,0,62,0,191
5649.0,36,26,0,0,62,0,191
5650.0,36,26,0,0,62,0,191
5651.0,36,26,0,0,62,0,191
5652.0,36,26,0,0,62,0,191
5653.0,36,26,0,0,62,0,191
5654.0,36,26,0,0,62,0,191
5655.0,36,26,0,0,62,0,191
5656.0,36,26,0,0,62,0,191
5657.0,36,26,0,0,62,0,191
5658.0,36,26,0,0,62,0,191
5659.0,36,26,0,0,62,0,191
5660.0,36,26,0,0,62,0,191
5661.0,36,26,0,0,62,0,191
5662.0,36,26,0,0,62,0,191
5663.0,36,26,0,0,62,0,191
5664.0,36,26,0,0,62,0,191
5665.0,36,26,0,0,62,0,191
5666.0,36,26,0,0,62,0,191
5667.0,36,26,0,0,62,0,191
5668.0,36,26,0,0,62,0,191
5669.0,36,26,0,0,62,0,191
5670.0,36,26,0,0,62,0,191
5671.0,36,26,0,0,62,0,191
5672.0,36,26,0,0,62,0,191
5673.0,36,26,0,0,62,0,191
5674.0,36,26,0,0,62,0,191
5675.0,36,26,0,0,62,0,191
5676.0,36,26,0,0,62,0,191
5677.0,36,26,0,0,62,0,191
5678.0,36,26,0,0,62,0,191
5679.0,36,26,0,0,62,0,191
5680.0,36,26,0,0,62,0,191
5681.0,36,26,0,0,62,0,191
5682.0,36,26,0,0,62,0,191
5683.0,36,26,0,0,62,0,191
5684.0,36,26,0,0,62,0,191
5685.0,36,26,0,0,62,0,191
5686.0,36,26,0,0,62,0,191
5687.0,36,26,0,0,62,0,191
5688.0,36,26,0,0,62,0,191
5689.0,36,26,0,0,62,0,191
5690.0,36,26,0,0,62,0,191
5691.0,36,26,0,0,62,0,191
5692.0,36,26,0,0,62,0,191
5693.0,36,26,0,0,62,0,191
5694.0,36,26,0,0,62,0,191
5695.0,36,26,0,0,62,0,191
5696.0,36,26,0,0,62,0,191
5697.0,36,26,0,0,62,0,191
5698.0,36,26,0,0,62,0,191
5699.0,36,26,0,0,62,0,191
5700.0,36,26,0,0,62,0,191
5701.0,36,26,0,0,62,0,191
5702.0,36,26,0,0,62,0,191
5703.0,36,26,0,0,62,0,191
5704.0,36,26,0,0,62,0,191
5705.0,36,26,0,0,62,0,191
5706.0,36,26,0,0,62,0,191
5707.0,36,26,0,0,62,0,191
5708.0,36,26,0,0,62,0,191
5709.0,36,26,0,0,62,0,191
5710.0,36,26,0,0,62,0,191
5711.0,36,26,0,0,62,0,191
5712.0,36,26,0,0,62,0,191
5713.0,36,26,0,0,62,0,191
5714.0,36,26,0,0,62,0,191
5715.0,36,26,0,0,62,0,191
5716.0,36,26,0,0,62,0,191
5717.0,36,26,0,0,62,0,191
5718.0,36,26,0,0,62,0,191
5719.0,36,26,0,0,62,0,191
5720.0,36,26,0,0,62,0,191
5721.0,36,26,0,0,62,0,191
5722.0,36,26,0,0,62,0,191
5723.0,36,26,0,0,62,0,191
5724.0,36,26,0,0,62,0,191
5725.0,36,26,0,0,62,0,191
5726.0,36,26,0,0,62,0,191
5727.0,36,26,0,0,62,0,191
5728.0,36,26,0,0,62,0,191
5729.0,36,26,0,0,62,0,191
5730.0,36,26,0,0,62,0,191
5731.0,36,26,0,0,62,0,191
5732.0,36,26,0,0,62,0,191
5733.0,36,26,0,0,62,0,191
5734.0,36,26,0,0,62,0,191
5735.0,36,26,0,0,62,0,191
5736.0,36,26,0,0,62,0,191
5737.0,36,26,0,0,62,0,191
5738.0,36,26,0,0,62,0,191
5739.0,36,26,0,0,62,0,191
5740.0,36,26,0,0,62,0,191
5741.0,36,26,0,0,62,0,191
5742.0,36,26,0,0,62,0,191
5743.0,36,26,0,0,62,0,191
5744.0,36,26,0,0,62,0,191
5745.0,36,26,0,0,62,0,191
5746.0,36,26,0,0,62,0,191
5747.0,36,26,0,0,62,0,191
5748.0,36,26,0,0,62,0,191
5749.0,36,26,0,0,62,0,191
5750.0,36,26,0,0,62,0,191
5751.0,36,26,0,0,62,0,191
5752.0,36,26,0,0,62,0,191
5753.0,36,26,0,0,62,0,191
5754.0,36,26,0,0,62,0,191
5755.0,36,26,0,0,62,0,191
5756.0,36,26,0,0,62,0,191
5757.0,36,26,0,0,62,0,191
5758.0,36,26,0,0,62,0,191
5759.0,36,26,0,0,62,0,191
5760.0,36,26,0,0,62,0,191
5761.0,36,26,0,0,62,0,191
5762.0,36,26,0,0,62,0,191
5763.0,36,26,0,0,62,0,191
5764.0,36,26,0,0,62,0,191
5765.0,36,26,0,0,62,0,191
5766.0,36,26,0,0,62,0,191
5767.0,36,26,0,0,62,0,191
5768.0,36,26,0,0,62,0,191
5769.0,36,26,0,0,62,0,191
5770.0,36,26,0,0,62,0,191
5771.0,36,26,0,0,62,0,191
5772.0,36,26,0,0,62,0,191
5773.0,36,26,0,0,62,0,191
5774.0,36,26,0,0,62,0,191
5775.0,36,26,0,0,62,0,191
5776.0,36,26,0,0,62,0,191
5777.0,36,26,0,0,62,0,191
5778.0,36,26,0,0,62,0,191
5779.0,36,26,0,0,62,0,191
5780.0,36,26,0,0,62,0,191
5781.0,36,26,0,0,62,0,191
5782.0,36,26,0,0,62,0,191
5783.0,36,26,0,0,62,0,191
5784.0,36,26,0,0,62,0,191
5785.0,36,26,0,0,62,0,191
5786.0,36,26,0,0,62,0,191
5787.0,36,26,0,0,62,0,191
5788.0,36,26,0,0,62,0,191
5789.0,36,26,0,0,62,0,191
5790.0,36,26,0,0,62,0,191
5791.0,36,26,0,0,62,0,191
5792.0,36,26,0,0,62,0,191
5793.0,36,26,0,0,62,0,191
5794.0,36,26,0,0,62,0,191
5795.0,36,26,0,0,62,0,191
5796.0,36,26,0,0,62,0,191
5797.0,36,26,0,0,62,0,191
5798.0,36,26,0,0,62,0,191
5799.0,36,26,0,0,62,0,191
5800.0,36,26,0,0,62,0,191
5801.0,36,26,0,0,62,0,191
5802.0,36,26,0,0,62,0,191
5803.0,36,26,0,0,62,0,191
5804.0,36,26,0,0,62,0,191
5805.0,36,26,0,0,62,0,191
5806.0,36,26,0,0,62,0,191
5807.0,36,26,0,0,62,0,191
5808.0,36,26,0,0,62,0,191
5809.0,36,26,0,0,62,0,191
5810.0,36,26,0,0,62,0,191
5811.0,36,26,0,0,62,0,191
5812.0,36,26,0,0,62,0,191
5813.0,36,26,0,0,62,0,191
5814.0,36,26,0,0,62,0,191
5815.0,36,26,0,0,62,0,191
5816.0,36,26,0,0,62,0,191
5817.0,36,26,0,0,62,0,191
5818.0,36,26,0,0,62,0,191
5819.0,36,26,0,0,62,0,191
5820.0,36,26,0,0,62,0,191
5821.0,36,26,0,0,62,0,191
5822.0,36,26,0,0,62,0,191
5823.0,36,26,0,0,62,0,191
5824.0,36,26,0,0,62,0,191
5825.0,36,26,0,0,62,0,191
5826.0,36,26,0,0,62,0,191
5827.0,36,26,0,0,62,0,191
5828.0,36,26,0,0,62,0,191
5829.0,36,26,0,0,62,0,191
5830.0,36,26,0,0,62,0,191
5831.0,36,26,0,0,62,0,191
5832.0,36,26,0,0,62,0,191
5833.0,36,26,0,0,62,0,191
5834.0,36,26,0,0,62,0,191
5835.0,36,26,0,0,62,0,191
5836.0,36,26,0,0,62,0,191
5837.0,36,26,0,0,62,0,191
5838.0,36,26,0,0,62,0,191
5839.0,36,26,0,0,62,0,191
5840.0,36,26,0,0,62,0,191
5841.0,36,26,0,0,62,0,191
5842.0,36,26,0,0,62,0,191
5843.0,36,26,0,0,62,0,191
5844.0,36,26,0,0,62,0,191
5845.0,36,26,0,0,62,0,191
5846.0,36,26,0,0,62,0,191
5847.0,36,26,0,0,62,0,191
5848.0,36,26,0,0,62,0,191
5849.0,36,26,0,0,62,0,191
5850.0,36,26,0,0,62,0,191
5851.0,36,26,0,0,62,0,191
5852.0,36,26,0,0,62,0,191
5853.0,36,26,0,0,62,0,191
5854.0,36,26,0,0,62,0,191
5855.0,36,26,0,0,62,0,191
5856.0,36,26,0,0,62,0,191
5857.0,36,26,0,0,62,0,191
5858.0,36,26,0,0,62,0,191
5859.0,36,26,0,0,62,0,191
5860.0,36,26,0,0,62,0,191
5861.0,36,26,0,0,62,0,191
5862.0,36,26,0,0,62,0,191
5863.0,36,26,0,0,62,0,191
5864.0,36,26,0,0,62,0,191
5865.0,36,26,0,0,62,0,191
5866.0,36,26,0,0,62,0,191
5867.0,36,26,0,0,62,0,191
5868.0,36,26,0,0,62,0,191
5869.0,36,26,0,0,62,0,191
5870.0,36,26,0,0,62,0,191
5871.0,36,26,0,0,62,0,191
5872.0,36,26,0,0,62,0,191
5873.0,36,26,0,0,62,0,191
5874.0,36,26,0,0,62,0,191
5875.0,36,26,0,0,62,0,191
5876.0,36,26,0,0,62,0,191
5877.0,36,26,0,0,62,0,191
5878.0,36,26,0,0,62,0,191
5879.0,36,26,0,0,62,0,191
5880.0,36,26,0,0,62,0,191
5881.0,36,26,0,0,62,0,191
5882.0,36,26,0,0,62,0,191
5883.0,36,26,0,0,62,0,191
5884.0,36,26,0,0,62,0,191
5885.0,36,26,0,0,62,0,191
5886.0,36,26,0,0,62,0,191
5887.0,36,26,0,0,62,0,191
5888.0,36,26,0,0,62,0,191
5889.0,36,26,0,0,62,0,191
5890.0,36,26,0,0,62,0,191
5891.0,36,26,0,0,62,0,191
5892.0,36,26,0,0,62,0,191
5893.0,36,26,0,0,62,0,191
5894.0,36,26,0,0,62,0,191
5895.0,36,26,0,0,62,0,191
5896.0,36,26,0,0,62,0,191
5897.0,36,26,0,0,62,0,191
5898.0,36,26,0,0,62,0,191
5899.0,36,26,0,0,62,0,191
5900.0,36,26,0,0,62,0,191
5901.0,36,26,0,0,62,0,191
5902.0,36,26,0,0,62,0,191
5903.0,36,26,0,0,62,0,191
5904.0,36,26,0,0,62,0,191
5905.0,36,26,0,0,62,0,191
5906.0,36,26,0,0,62,0,191
5907.0,36,26,0,0,62,0,191
5908.0,36,26,0,0,62,0,191
5909.0,36,26,0,0,62,0,191
5910.0,36,26,0,0,62,0,191
5911.0,36,26,0,0,62,0,191
5912.0,36,26,0,0,62,0,191
5913.0,36,26,0,0,62,0,191
5914.0,36,26,0,0,62,0,191
5915.0,36,26,0,0,62,0,191
5916.0,36,26,0,0,62,0,191
5917.0,36,26,0,0,62,0,191
5918.0,36,26,0,0,62,0,191
5919.0,36,26,0,0,62,0,191
5920.0,36,26,0,0,62,0,191
5921.0,36,26,0,0,62,0,191
5922.0,36,26,0,0,62,0,191
5923.0,36,26,0,0,62,0,191
5924.0,36,26,0,0,62,0,191
5925.0,36,26,0,0,62,0,191
5926.0,36,26,0,0,62,0,191
5927.0,36,26,0,0,62,0,191
5928.0,36,26,0,0,62,0,191
5929.0,36,26,0,0,62,0,191
5930.0,36,26,0,0,62,0,191
5931.0,36,26,0,0,62,0,191
5932.0,36,26,0,0,62,0,191
5933.0,36,26,0,0,62,0,191
5934.0,36,26,0,0,62,0,191
5935.0,36,26,0,0,62,0,191
5936.0,36,26,0,0,62,0,191
5937.0,36,26,0,0,62,0,191
5938.0,36,26,0,0,62,0,191
5939.0,36,26,0,0,62,0,191
5940.0,36,26,0,0,62,0,191
5941.0,36,26,0,0,62,0,191
5942.0,36,26,0,0,62,0,191
5943.0,36,26,0,0,62,0,191
5944.0,36,26,0,0,62,0,191
5945.0,36,26,0,0,62,0,191
5946.0,36,26,0,0,62,0,191
5947.0,36,26,0,0,62,0,191
5948.0,36,26,0,0,62,0,191
5949.0,36,26,0,0,62,0,191
5950.0,36,26,0,0,62,0,191
5951.0,36,26,0,0,62,0,191
5952.0,36,26,0,0,62,0,191
5953.0,36,26,0,0,62,0,191
5954.0,36,26,0,0,62,0,191
5955.0,36,26,0,0,62,0,191
5956.0,36,26,0,0,62,0,191
5957.0,36,26,0,0,62,0,191
5958.0,36,26,0,0,62,0,191
5959.0,36,26,0,0,62,0,191
5960.0,36,26,0,0,62,0,191
5961.0,36,26,0,0,62,0,191
5962.0,36,26,0,0,62,0,191
5963.0,36,26,0,0,62,0,191
5964.0,36,26,0,0,62,0,191
5965.0,36,26,0,0,62,0,191
5966.0,36,26,0,0,62,0,191
5967.0,36,26,0,0,62,0,191
5968.0,36,26,0,0,62,0,191
5969.0,36,26,0,0,62,0,191
5970.0,36,26,0,0,62,0,191
5971.0,36,26,0,0,62,0,191
5972.0,36,26,0,0,62,0,191
5973.0,36,26,0,0,62,0,191
5974.0,36,26,0,0,62,0,191
5975.0,36,26,0,0,62,0,191
5976.0,36,26,0,0,62,0,191
5977.0,36,26,0,0,62,0,191
5978.0,36,26,0,0,62,0,191
5979.0,36,26,0,0,62,0,191
5980.0,36,26,0,0,62,0,191
5981.0,36,26,0,0,62,0,191
5982.0,36,26,0,0,62,0,191
5983.0,36,26,0,0,62,0,191
5984.0,36,26,0,0,62,0,191
5985.0,36,26,0,0,62,0,191
5986.0,36,26,0,0,62,0,191
5987.0,36,26,0,0,62,0,191
5988.0,36,26,0,0,62,0,191
5989.0,36,26,0,0,62,0,191
5990.0,36,26,0,0,62,0,191
5991.0,36,26,0,0,62,0,191
5992.0,36,26,0,0,62,0,191
5993.0,36,26,0,0,62,0,191
5994.0,36,26,0,0,62,0,191
5995.0,36,26,0,0,62,0,191
5996.0,36,26,0,0,62,0,191
5997.0,36,26,0,0,62,0,191
5998.0,36,26,0,0,62,0,191
5999.0,36,26,0,0,62,0,191
6000.0,36,26,0,0,62,0,191
6001.0,36,26,0,0,62,0,191
6002.0,36,26,0,0,62,0,191
6003.0,36,26,0,0,62,0,191
6004.0,36,26,0,0,62,0,191
6005.0,36,26,0,0,62,0,191
6006.0,36,26,0,0,62,0,191
6007.0,36,26,0,0,62,0,191
6008.0,36,26,0,0,62,0,191
6009.0,36,26,0,0,62,0,191
6010.0,36,26,0,0,62,0,191
6011.0,36,26,0,0,62,0,191
6012.0,36,26,0,0,62,0,191
6013.0,36,26,0,0,62,0,191
6014.0,36,26,0,0,62,0,191
6015.0,36,26,0,0,62,0,191
6016.0,36,26,0,0,62,0,191
6017.0,36,26,0,0,62,0,191
6018.0,36,26,0,0,62,0,191
6019.0,36,26,0,0,62,0,191
6020.0,36,26,0,0,62,0,191
6021.0,36,26,0,0,62,0,191
6022.0,36,26,0,0,62,0,191
6023.0,36,26,0,0,62,0,191
6024.0,36,26,0,0,62,0,191
6025.0,36,26,0,0,62,0,191
6026.0,36,26,0,0,62,0,191
6027.0,36,26,0,0,62,0,191
6028.0,36,26,0,0,62,0,191
6029.0,36,26,0,0,62,0,191
6030.0,36,26,0,0,62,0,191
6031.0,36,26,0,0,62,0,191
6032.0,36,26,0,0,62,0,191
6033.0,36,26,0,0,62,0,191
6034.0,36,26,0,0,62,0,191
6035.0,36,26,0,0,62,0,191
6036.0,36,26,0,0,62,0,191
6037.0,36,26,0,0,62,0,191
6038.0,36,26,0,0,62,0,191
6039.0,36,26,0,0,62,0,191
6040.0,36,26,0,0,62,0,191
6041.0,36,26,0,0,62,0,191
6042.0,36,26,0,0,62,0,191
6043.0,36,26,0,0,62,0,191
6044.0,36,26,0,0,62,0,191
6045.0,36,26,0,0,62,0,191
6046.0,36,26,0,0,62,0,191
6047.0,36,26,0,0,62,0,191
6048.0,36,26,0,0,62,0,191
6049.0,36,26,0,0,62,0,191
6050.0,36,26,0,0,62,0,191
6051.0,36,26,0,0,62,0,191
6052.0,36,26,0,0,62,0,191
6053.0,36,26,0,0,62,0,191
6054.0,36,26,0,0,62,0,191
6055.0,36,26,0,0,62,0,191
6056.0,36,26,0,0,62,0,191
6057.0,36,26,0,0,62,0,191
6058.0,36,26,0,0,62,0,191
6059.0,36,26,0,0,62,0,191
6060.0,36,26,0,0,62,0,191
6061.0,36,26,0,0,62,0,191
6062.0,36,26,0,0,62,0,191
6063.0,36,26,0,0,62,0,191
6064.0,36,26,0,0,62,0,191
6065.0,36,26,0,0,62,0,191
6066.0,36,26,0,0,62,0,191
6067.0,36,26,0,0,62,0,191
6068.0,36,26,0,0,62,0,191
6069.0,36,26,0,0,62,0,191
6070.0,36,26,0,0,62,0,191
6071.0,36,26,0,0,62,0,191
6072.0,36,26,0,0,62,0,191
6073.0,36,26,0,0,62,0,191
6074.0,36,26,0,0,62,0,191
6075.0,36,26,0,0,62,0,191
6076.0,36,26,0,0,62,0,191
6077.0,36,26,0,0,62,0,191
6078.0,36,26,0,0,62,0,191
6079.0,36,26,0,0,62,0,191
6080.0,36,26,0,0,62,0,191
6081.0,36,26,0,0,62,0,191
6082.0,36,26,0,0,62,0,191
6083.0,36,26,0,0,62,0,191
6084.0,36,26,0,0,62,0,191
6085.0,36,26,0,0,62,0,191
6086.0,36,26,0,0,62,0,191
6087.0,36,26,0,0,62,0,191
6088.0,36,26,0,0,62,0,191
6089.0,36,26,0,0,62,0,191
6090.0,36,26,0,0,62,0,191
6091.0,36,26,0,0,62,0,191
6092.0,36,26,0,0,62,0,191
6093.0,36,26,0,0,62,0,191
6094.0,36,26,0,0,62,0,191
6095.0,36,26,0,0,62,0,191
6096.0,36,26,0,0,62,0,191
6097.0,36,26,0,0,62,0,191
6098.0,36,26,0,0,62,0,191
6099.0,36,26,0,0,62,0,191
6100.0,36,26,0,0,62,0,191
6101.0,36,26,0,0,62,0,191
6102.0,36,26,0,0,62,0,191
6103.0,36,26,0,0,62,0,191
6104.0,36,26,0,0,62,0,191
6105.0,36,26,0,0,62,0,191
6106.0,36,26,0,0,62,0,191
6107.0,36,26,0,0,62,0,191
6108.0,36,26,0,0,62,0,191
6109.0,36,26,0,0,62,0,191
6110.0,36,26,0,0,62,0,191
6111.0,36,26,0,0,62,0,191
6112.0,36,26,0,0,62,0,191
6113.0,36,26,0,0,62,0,191
6114.0,36,26,0,0,62,0,191
6115.0,36,26,0,0,62,0,191
6116.0,36,26,0,0,62,0,191
6117.0,36,26,0,0,62,0,191
6118.0,36,26,0,0,62,0,191
6119.0,36,26,0,0,62,0,191
6120.0,36,26,0,0,62,0,191
6121.0,36,26,0,0,62,0,191
6122.0,36,26,0,0,62,0,191
6123.0,36,26,0,0,62,0,191
6124.0,36,26,0,0,62,0,191
6125.0,36,26,0,0,62,0,191
6126.0,36,26,0,0,62,0,191
6127.0,36,26,0,0,62,0,191
6128.0,36,26,0,0,62,0,191
6129.0,36,26,0,0,62,0,191
6130.0,36,26,0,0,62,0,191
6131.0,36,26,0,0,62,0,191
6132.0,36,26,0,0,62,0,191
6133.0,36,26,0,0,62,0,191
6134.0,36,26,0,0,62,0,191
6135.0,36,26,0,0,62,0,191
6136.0,36,26,0,0,62,0,191
6137.0,36,26,0,0,62,0,191
6138.0,36,26,0,0,62,0,191
6139.0,36,26,0,0,62,0,191
6140.0,36,26,0,0,62,0,191
6141.0,36,26,0,0,62,0,191
6142.0,36,26,0,0,62,0,191
6143.0,36,26,0,0,62,0,191
6144.0,36,26,0,0,62,0,191
6145.0,36,26,0,0,62,0,191
6146.0,36,26,0,0,62,0,191
6147.0,36,26,0,0,62,0,191
6148.0,36,26,0,0,62,0,191
6149.0,36,26,0,0,62,0,191
6150.0,36,26,0,0,62,0,191
6151.0,36,26,0,0,62,0,191
6152.0,36,26,0,0,62,0,191
6153.0,36,26,0,0,62,0,191
6154.0,36,26,0,0,62,0,191
6155.0,36,26,0,0,62,0,191
6156.0,36,26,0,0,62,0,191
6157.0,36,26,0,0,62,0,191
6158.0,36,26,0,0,62,0,191
6159.0,36,26,0,0,62,0,191
6160.0,36,26,0,0,62,0,191
6161.0,36,26,0,0,62,0,191
6162.0,36,26,0,0,62,0,191
6163.0,36,26,0,0,62,0,191
6164.0,36,26,0,0,62,0,191
6165.0,36,26,0,0,62,0,191
6166.0,36,26,0,0,62,0,191
6167.0,36,26,0,0,62,0,191
6168.0,36,26,0,0,62,0,191
6169.0,36,26,0,0,62,0,191
6170.0,36,26,0,0,62,0,191
6171.0,36,26,0,0,62,0,191
6172.0,36,26,0,0,62,0,191
6173.0,36,26,0,0,62,0,191
6174.0,36,26,0,0,62,0,191
6175.0,36,26,0,0,62,0,191
6176.0,36,26,0,0,62,0,191
6177.0,36,26,0,0,62,0,191
6178.0,36,26,0,0,62,0,191
6179.0,36,26,0,0,62,0,191
6180.0,36,26,0,0,62,0,191
6181.0,36,26,0,0,62,0,191
6182.0,36,26,0,0,62,0,191
6183.0,36,26,0,0,62,0,191
6184.0,36,26,0,0,62,0,191
6185.0,36,26,0,0,62,0,191
6186.0,36,26,0,0,62,0,191
6187.0,36,26,0,0,62,0,191
6188.0,36,26,0,0,62,0,191
6189.0,36,26,0,0,62,0,191
6190.0,36,26,0,0,62,0,191
6191.0,36,26,0,0,62,0,191
6192.0,36,26,0,0,62,0,191
6193.0,36,26,0,0,62,0,191
6194.0,36,26,0,0,62,0,191
6195.0,36,26,0,0,62,0,191
6196.0,36,26,0,0,62,0,191
6197.0,36,26,0,0,62,0,191
6198.0,36,26,0,0,62,0,191
6199.0,36,26,0,0,62,0,191
6200.0,36,26,0,0,62,0,191
6201.0,36,26,0,0,62,0,191
6202.0,36,26,0,0,62,0,191
6203.0,36,26,0,0,62,0,191
6204.0,36,26,0,0,62,0,191
6205.0,36,26,0,0,62,0,191
6206.0,36,26,0,0,62,0,191
6207.0,36,26,0,0,62,0,191
6208.0,36,26,0,0,62,0,191
6209.0,36,26,0,0,62,0,191
6210.0,36,26,0,0,62,0,191
6211.0,36,26,0,0,62,0,191
6212.0,36,26,0,0,62,0,191
6213.0,36,26,0,0,62,0,191
6214.0,36,26,0,0,62,0,191
6215.0,36,26,0,0,62,0,191
6216.0,36,26,0,0,62,0,191
6217.0,36,26,0,0,62,0,191
6218.0,36,26,0,0,62,0,191
6219.0,36,26,0,0,62,0,191
6220.0,36,26,0,0,62,0,191
6221.0,36,26,0,0,62,0,191
6222.0,36,26,0,0,62,0,191
6223.0,36,26,0,0,62,0,191
6224.0,36,26,0,0,62,0,191
6225.0,36,26,0,0,62,0,191
6226.0,36,26,0,0,62,0,191
6227.0,36,26,0,0,62,0,191
6228.0,36,26,0,0,62,0,191
6229.0,36,26,0,0,62,0,191
6230.0,36,26,0,0,62,0,191
6231.0,36,26,0,0,62,0,191
6232.0,36,26,0,0,62,0,191
6233.0,36,26,0,0,62,0,191
6234.0,36,26,0,0,62,0,191
6235.0,36,26,0,0,62,0,191
6236.0,36,26,0,0,62,0,191
6237.0,36,26,0,0,62,0,191
6238.0,36,26,0,0,62,0,191
6239.0,36,26,0,0,62,0,191
6240.0,36,26,0,0,62,0,191
6241.0,36,26,0,0,62,0,191
6242.0,36,26,0,0,62,0,191
6243.0,36,26,0,0,62,0,191
6244.0,36,26,0,0,62,0,191
6245.0,36,26,0,0,62,0,191
6246.0,36,26,0,0,62,0,191
6247.0,36,26,0,0,62,0,191
6248.0,36,26,0,0,62,0,191
6249.0,36,26,0,0,62,0,191
6250.0,36,26,0,0,62,0,191
6251.0,36,26,0,0,62,0,191
6252.0,36,26,0,0,62,0,191
6253.0,36,26,0,0,62,0,191
6254.0,36,26,0,0,62,0,191
6255.0,36,26,0,0,62,0,191
6256.0,36,26,0,0,62,0,191
6257.0,36,26,0,0,62,0,191
6258.0,36,26,0,0,62,0,191
6259.0,36,26,0,0,62,0,191
6260.0,36,26,0,0,62,0,191
6261.0,36,26,0,0,62,0,191
6262.0,36,26,0,0,62,0,191
6263.0,36,26,0,0,62,0,191
6264.0,36,26,0,0,62,0,191
6265.0,36,26,0,0,62,0,191
6266.0,36,26,0,0,62,0,191
6267.0,36,26,0,0,62,0,191
6268.0,36,26,0,0,62,0,191
6269.0,36,26,0,0,62,0,191
6270.0,36,26,0,0,62,0,191
6271.0,36,26,0,0,62,0,191
6272.0,36,26,0,0,62,0,191
6273.0,36,26,0,0,62,0,191
6274.0,36,26,0,0,62,0,191
6275.0,36,26,0,0,62,0,191
6276.0,36,26,0,0,62,0,191
6277.0,36,26,0,0,62,0,191
6278.0,36,26,0,0,62,0,191
6279.0,36,26,0,0,62,0,191
6280.0,36,26,0,0,62,0,191
6281.0,36,26,0,0,62,0,191
6282.0,36,26,0,0,62,0,191
6283.0,36,26,0,0,62,0,191
6284.0,36,26,0,0,62,0,191
6285.0,36,26,0,0,62,0,191
6286.0,36,26,0,0,62,0,191
6287.0,36,26,0,0,62,0,191
6288.0,36,26,0,0,62,0,191
6289.0,36,26,0,0,62,0,191
6290.0,36,26,0,0,62,0,191
6291.0,36,26,0,0,62,0,191
6292.0,36,26,0,0,62,0,191
6293.0,36,26,0,0,62,0,191
6294.0,36,26,0,0,62,0,191
6295.0,36,26,0,0,62,0,191
6296.0,36,26,0,0,62,0,191
6297.0,36,26,0,0,62,0,191
6298.0,36,26,0,0,62,0,191
6299.0,36,26,0,0,62,0,191
6300.0,36,26,0,0,62,0,191
6301.0,36,26,0,0,62,0,191
6302.0,36,26,0,0,62,0,191
6303.0,36,26,0,0,62,0,191
6304.0,36,26,0,0,62,0,191
6305.0,36,26,0,0,62,0,191
6306.0,36,26,0,0,62,0,191
6307.0,36,26,0,0,62,0,191
6308.0,36,26,0,0,62,0,191
6309.0,36,26,0,0,62,0,191
6310.0,36,26,0,0,62,0,191
6311.0,36,26,0,0,62,0,191
6312.0,36,26,0,0,62,0,191
6313.0,36,26,0,0,62,0,191
6314.0,36,26,0,0,62,0,191
6315.0,36,26,0,0,62,0,191
6316.0,36,26,0,0,62,0,191
6317.0,36,26,0,0,62,0,191
6318.0,36,26,0,0,62,0,191
6319.0,36,26,0,0,62,0,191
6320.0,36,26,0,0,62,0,191
6321.0,36,26,0,0,62,0,191
6322.0,36,26,0,0,62,0,191
6323.0,36,26,0,0,62,0,191
6324.0,36,26,0,0,62,0,191
6325.0,36,26,0,0,62,0,191
6326.0,36,26,0,0,62,0,191
6327.0,36,26,0,0,62,0,191
6328.0,36,26,0,0,62,0,191
6329.0,36,26,0,0,62,0,191
6330.0,36,26,0,0,62,0,191
6331.0,36,26,0,0,62,0,191
6332.0,36,26,0,0,62,0,191
6333.0,36,26,0,0,62,0,191
6334.0,36,26,0,0,62,0,191
6335.0,36,26,0,0,62,0,191
6336.0,36,26,0,0,62,0,191
6337.0,36,26,0,0,62,0,191
6338.0,36,26,0,0,62,0,191
6339.0,36,26,0,0,62,0,191
6340.0,36,26,0,0,62,0,191
6341.0,36,26,0,0,62,0,191
6342.0,36,26,0,0,62,0,191
6343.0,36,26,0,0,62,0,191
6344.0,36,26,0,0,62,0,191
6345.0,36,26,0,0,62,0,191
6346.0,36,26,0,0,62,0,191
6347.0,36,26,0,0,62,0,191
6348.0,36,26,0,0,62,0,191
6349.0,36,26,0,0,62,0,191
6350.0,36,26,0,0,62,0,191
6351.0,36,26,0,0,62,0,191
6352.0,36,26,0,0,62,0,191
6353.0,36,26,0,0,62,0,191
6354.0,36,26,0,0,62,0,191
6355.0,36,26,0,0,62,0,191
6356.0,36,26,0,0,62,0,191
6357.0,36,26,0,0,62,0,191
6358.0,36,26,0,0,62,0,191
6359.0,36,26,0,0,62,0,191
6360.0,36,26,0,0,62,0,191
6361.0,36,26,0,0,62,0,191
6362.0,36,26,0,0,62,0,191
6363.0,36,26,0,0,62,0,191
6364.0,36,26,0,0,62,0,191
6365.0,36,26,0,0,62,0,191
6366.0,36,26,0,0,62,0,191
6367.0,36,26,0,0,62,0,191
6368.0,36,26,0,0,62,0,191
6369.0,36,26,0,0,62,0,191
6370.0,36,26,0,0,62,0,191
6371.0,36,26,0,0,62,0,191
6372.0,36,26,0,0,62,0,191
6373.0,36,26,0,0,62,0,191
6374.0,36,26,0,0,62,0,191
6375.0,36,26,0,0,62,0,191
6376.0,36,26,0,0,62,0,191
6377.0,36,26,0,0,62,0,191
6378.0,36,26,0,0,62,0,191
6379.0,36,26,0,0,62,0,191
6380.0,36,26,0,0,62,0,191
6381.0,36,26,0,0,62,0,191
6382.0,36,26,0,0,62,0,191
6383.0,36,26,0,0,62,0,191
6384.0,36,26,0,0,62,0,191
6385.0,36,26,0,0,62,0,191
6386.0,36,26,0,0,62,0,191
6387.0,36,26,0,0,62,0,191
6388.0,36,26,0,0,62,0,191
6389.0,36,26,0,0,62,0,191
6390.0,36,26,0,0,62,0,191
6391.0,36,26,0,0,62,0,191
6392.0,36,26,0,0,62,0,191
6393.0,36,26,0,0,62,0,191
6394.0,36,26,0,0,62,0,191
6395.0,36,26,0,0,62,0,191
6396.0,36,26,0,0,62,0,191
6397.0,36,26,0,0,62,0,191
6398.0,36,26,0,0,62,0,191
6399.0,36,26,0,0,62,0,191
6400.0,36,26,0,0,62,0,191
6401.0,36,26,0,0,62,0,191
6402.0,36,26,0,0,62,0,191
6403.0,36,26,0,0,62,0,191
6404.0,36,26,0,0,62,0,191
6405.0,36,26,0,0,62,0,191
6406.0,36,26,0,0,62,0,191
6407.0,36,26,0,0,62,0,191
6408.0,36,26,0,0,62,0,191
6409.0,36,26,0,0,62,0,191
6410.0,36,26,0,0,62,0,191
6411.0,36,26,0,0,62,0,191
6412.0,36,26,0,0,62,0,191
6413.0,36,26,0,0,62,0,191
6414.0,36,26,0,0,62,0,191
6415.0,36,26,0,0,62,0,191
6416.0,36,26,0,0,62,0,191
6417.0,36,26,0,0,62,0,191
6418.0,36,26,0,0,62,0,191
6419.0,36,26,0,0,62,0,191
6420.0,36,26,0,0,62,0,191
6421.0,36,26,0,0,62,0,191
6422.0,36,26,0,0,62,0,191
6423.0,36,26,0,0,62,0,191
6424.0,36,26,0,0,62,0,191
6425.0,36,26,0,0,62,0,191
6426.0,36,26,0,0,62,0,191
6427.0,36,26,0,0,62,0,191
6428.0,36,26,0,0,62,0,191
6429.0,36,26,0,0,62,0,191
6430.0,36,26,0,0,62,0,191
6431.0,36,26,0,0,62,0,191
6432.0,36,26,0,0,62,0,191
6433.0,36,26,0,0,62,0,191
6434.0,36,26,0,0,62,0,191
6435.0,36,26,0,0,62,0,191
6436.0,36,26,0,0,62,0,191
6437.0,36,26,0,0,62,0,191
6438.0,36,26,0,0,62,0,191
6439.0,36,26,0,0,62,0,191
6440.0,36,26,0,0,62,0,191
6441.0,36,26,0,0,62,0,191
6442.0,36,26,0,0,62,0,191
6443.0,36,26,0,0,62,0,191
6444.0,36,26,0,0,62,0,191
6445.0,36,26,0,0,62,0,191
6446.0,36,26,0,0,62,0,191
6447.0,36,26,0,0,62,0,191
6448.0,36,26,0,0,62,0,191
6449.0,36,26,0,0,62,0,191
6450.0,36,26,0,0,62,0,191
6451.0,36,26,0,0,62,0,191
6452.0,36,26,0,0,62,0,191
6453.0,36,26,0,0,62,0,191
6454.0,36,26,0,0,62,0,191
6455.0,36,26,0,0,62,0,191
6456.0,36,26,0,0,62,0,191
6457.0,36,26,0,0,62,0,191
6458.0,36,26,0,0,62,0,191
6459.0,36,26,0,0,62,0,191
6460.0,36,26,0,0,62,0,191
6461.0,36,26,0,0,62,0,191
6462.0,36,26,0,0,62,0,191
6463.0,36,26,0,0,62,0,191
6464.0,36,26,0,0,62,0,191
6465.0,36,26,0,0,62,0,191
6466.0,36,26,0,0,62,0,191
6467.0,36,26,0,0,62,0,191
6468.0,36,26,0,0,62,0,191
6469.0,36,26,0,0,62,0,191
6470.0,36,26,0,0,62,0,191
6471.0,36,26,0,0,62,0,191
6472.0,36,26,0,0,62,0,191
6473.0,36,26,0,0,62,0,191
6474.0,36,26,0,0,62,0,191
6475.0,36,26,0,0,62,0,191
6476.0,36,26,0,0,62,0,191
6477.0,36,26,0,0,62,0,191
6478.0,36,26,0,0,62,0,191
6479.0,36,26,0,0,62,0,191
6480.0,36,26,0,0,62,0,191
6481.0,36,26,0,0,62,0,191
6482.0,36,26,0,0,62,0,191
6483.0,36,26,0,0,62,0,191
6484.0,36,26,0,0,62,0,191
6485.0,36,26,0,0,62,0,191
6486.0,36,26,0,0,62,0,191
6487.0,36,26,0,0,62,0,191
6488.0,36,26,0,0,62,0,191
6489.0,36,26,0,0,62,0,191
6490.0,36,26,0,0,62,0,191
6491.0,36,26,0,0,62,0,191
6492.0,36,26,0,0,62,0,191
6493.0,36,26,0,0,62,0,191
6494.0,36,26,0,0,62,0,191
6495.0,36,26,0,0,62,0,191
6496.0,36,26,0,0,62,0,191
6497.0,36,26,0,0,62,0,191
6498.0,36,26,0,0,62,0,191
6499.0,36,26,0,0,62,0,191
6500.0,36,26,0,0,62,0,191
6501.0,36,26,0,0,62,0,191
6502.0,36,26,0,0,62,0,191
6503.0,36,26,0,0,62,0,191
6504.0,36,26,0,0,62,0,191
6505.0,36,26,0,0,62,0,191
6506.0,36,26,0,0,62,0,191
6507.0,36,26,0,0,62,0,191
6508.0,36,26,0,0,62,0,191
6509.0,36,26,0,0,62,0,191
6510.0,36,26,0,0,62,0,191
6511.0,36,26,0,0,62,0,191
6512.0,36,26,0,0,62,0,191
6513.0,36,26,0,0,62,0,191
6514.0,36,26,0,0,62,0,191
6515.0,36,26,0,0,62,0,191
6516.0,36,26,0,0,62,0,191
6517.0,36,26,0,0,62,0,191
6518.0,36,26,0,0,62,0,191
6519.0,36,26,0,0,62,0,191
6520.0,36,26,0,0,62,0,191
6521.0,36,26,0,0,62,0,191
6522.0,36,26,0,0,62,0,191
6523.0,36,26,0,0,62,0,191
6524.0,36,26,0,0,62,0,191
6525.0,36,26,0,0,62,0,191
6526.0,36,26,0,0,62,0,191
6527.0,36,26,0,0,62,0,191
6528.0,36,26,0,0,62,0,191
6529.0,36,26,0,0,62,0,191
6530.0,36,26,0,0,62,0,191
6531.0,36,26,0,0,62,0,191
6532.0,36,26,0,0,62,0,191
6533.0,36,26,0,0,62,0,191
6534.0,36,26,0,0,62,0,191
6535.0,36,26,0,0,62,0,191
6536.0,36,26,0,0,62,0,191
6537.0,36,26,0,0,62,0,191
6538.0,36,26,0,0,62,0,191
6539.0,36,26,0,0,62,0,191
6540.0,36,26,0,0,62,0,191
6541.0,36,26,0,0,62,0,191
6542.0,36,26,0,0,62,0,191
6543.0,36,26,0,0,62,0,191
6544.0,36,26,0,0,62,0,191
6545.0,36,26,0,0,62,0,191
6546.0,36,26,0,0,62,0,191
6547.0,36,26,0,0,62,0,191
6548.0,36,26,0,0,62,0,191
6549.0,36,26,0,0,62,0,191
6550.0,36,26,0,0,62,0,191
6551.0,36,26,0,0,62,0,191
6552.0,36,26,0,0,62,0,191
6553.0,36,26,0,0,62,0,191
6554.0,36,26,0,0,62,0,191
6555.0,36,26,0,0,62,0,191
6556.0,36,26,0,0,62,0,191
6557.0,36,26,0,0,62,0,191
6558.0,36,26,0,0,62,0,191
6559.0,36,26,0,0,62,0,191
6560.0,36,26,0,0,62,0,191
6561.0,36,26,0,0,62,0,191
6562.0,36,26,0,0,62,0,191
6563.0,36,26,0,0,62,0,191
6564.0,36,26,0,0,62,0,191
6565.0,36,26,0,0,62,0,191
6566.0,36,26,0,0,62,0,191
6567.0,36,26,0,0,62,0,191
6568.0,36,26,0,0,62,0,191
6569.0,36,26,0,0,62,0,191
6570.0,36,26,0,0,62,0,191
6571.0,36,26,0,0,62,0,191
6572.0,36,26,0,0,62,0,191
6573.0,36,26,0,0,62,0,191
6574.0,36,26,0,0,62,0,191
6575.0,36,26,0,0,62,0,191
6576.0,36,26,0,0,62,0,191
6577.0,36,26,0,0,62,0,191
6578.0,36,26,0,0,62,0,191
6579.0,36,26,0,0,62,0,191
6580.0,36,26,0,0,62,0,191
6581.0,36,26,0,0,62,0,191
6582.0,36,26,0,0,62,0,191
6583.0,36,26,0,0,62,0,191
6584.0,36,26,0,0,62,0,191
6585.0,36,26,0,0,62,0,191
6586.0,36,26,0,0,62,0,191
6587.0,36,26,0,0,62,0,191
6588.0,36,26,0,0,62,0,191
6589.0,36,26,0,0,62,0,191
6590.0,36,26,0,0,62,0,191
6591.0,36,26,0,0,62,0,191
6592.0,36,26,0,0,62,0,191
6593.0,36,26,0,0,62,0,191
6594.0,36,26,0,0,62,0,191
6595.0,36,26,0,0,62,0,191
6596.0,36,26,0,0,62,0,191
6597.0,36,26,0,0,62,0,191
6598.0,36,26,0,0,62,0,191
6599.0,36,26,0,0,62,0,191
6600.0,36,26,0,0,62,0,191
6601.0,36,26,0,0,62,0,191
6602.0,36,26,0,0,62,0,191
6603.0,36,26,0,0,62,0,191
6604.0,36,26,0,0,62,0,191
6605.0,36,26,0,0,62,0,191
6606.0,36,26,0,0,62,0,191
6607.0,36,26,0,0,62,0,191
6608.0,36,26,0,0,62,0,191
6609.0,36,26,0,0,62,0,191
6610.0,36,26,0,0,62,0,191
6611.0,36,26,0,0,62,0,191
6612.0,36,26,0,0,62,0,191
6613.0,36,26,0,0,62,0,191
6614.0,36,26,0,0,62,0,191
6615.0,36,26,0,0,62,0,191
6616.0,36,26,0,0,62,0,191
6617.0,36,26,0,0,62,0,191
6618.0,36,26,0,0,62,0,191
6619.0,36,26,0,0,62,0,191
6620.0,36,26,0,0,62,0,191
6621.0,36,26,0,0,62,0,191
6622.0,36,26,0,0,62,0,191
6623.0,36,26,0,0,62,0,191
6624.0,36,26,0,0,62,0,191
6625.0,36,26,0,0,62,0,191
6626.0,36,26,0,0,62,0,191
6627.0,36,26,0,0,62,0,191
6628.0,36,26,0,0,62,0,191
6629.0,36,26,0,0,62,0,191
6630.0,36,26,0,0,62,0,191
6631.0,36,26,0,0,62,0,191
6632.0,36,26,0,0,62,0,191
6633.0,36,26,0,0,62,0,191
6634.0,36,26,0,0,62,0,191
6635.0,36,26,0,0,62,0,191
6636.0,36,26,0,0,62,0,191
6637.0,36,26,0,0,62,0,191
6638.0,36,26,0,0,62,0,191
6639.0,36,26,0,0,62,0,191
6640.0,36,26,0,0,62,0,191
6641.0,36,26,0,0,62,0,191
6642.0,36,26,0,0,62,0,191
6643.0,36,26,0,0,62,0,191
6644.0,36,26,0,0,62,0,191
6645.0,36,26,0,0,62,0,191
6646.0,36,26,0,0,62,0,191
6647.0,36,26,0,0,62,0,191
6648.0,36,26,0,0,62,0,191
6649.0,36,26,0,0,62,0,191
6650.0,36,26,0,0,62,0,191
6651.0,36,26,0,0,62,0,191
6652.0,36,26,0,0,62,0,191
6653.0,36,26,0,0,62,0,191
6654.0,36,26,0,0,62,0,191
6655.0,36,26,0,0,62,0,191
6656.0,36,26,0,0,62,0,191
6657.0,36,26,0,0,62,0,191
6658.0,36,26,0,0,62,0,191
6659.0,36,26,0,0,62,0,191
6660.0,36,26,0,0,62,0,191
6661.0,36,26,0,0,62,0,191
6662.0,36,26,0,0,62,0,191
6663.0,36,26,0,0,62,0,191
6664.0,36,26,0,0,62,0,191
6665.0,36,26,0,0,62,0,191
6666.0,36,26,0,0,62,0,191
6667.0,36,26,0,0,62,0,191
6668.0,36,26,0,0,62,0,191
6669.0,36,26,0,0,62,0,191
6670.0,36,26,0,0,62,0,191
6671.0,36,26,0,0,62,0,191
6672.0,36,26,0,0,62,0,191
6673.0,36,26,0,0,62,0,191
6674.0,36,26,0,0,62,0,191
6675.0,36,26,0,0,62,0,191
6676.0,36,26,0,0,62,0,191
6677.0,36,26,0,0,62,0,191
6678.0,36,26,0,0,62,0,191
6679.0,36,26,0,0,62,0,191
6680.0,36,26,0,0,62,0,191
6681.0,36,26,0,0,62,0,191
6682.0,36,26,0,0,62,0,191
6683.0,36,26,0,0,62,0,191
6684.0,36,26,0,0,62,0,191
6685.0,36,26,0,0,62,0,191
6686.0,36,26,0,0,62,0,191
6687.0,36,26,0,0,62,0,191
6688.0,36,26,0,0,62,0,191
6689.0,36,26,0,0,62,0,191
6690.0,36,26,0,0,62,0,191
6691.0,36,26,0,0,62,0,191
6692.0,36,26,0,0,62,0,191
6693.0,36,26,0,0,62,0,191
6694.0,36,26,0,0,62,0,191
6695.0,36,26,0,0,62,0,191
6696.0,36,26,0,0,62,0,191
6697.0,36,26,0,0,62,0,191
6698.0,36,26,0,0,62,0,191
6699.0,36,26,0,0,62,0,191
6700.0,36,26,0,0,62,0,191
6701.0,36,26,0,0,62,0,191
6702.0,36,26,0,0,62,0,191
6703.0,36,26,0,0,62,0,191
6704.0,36,26,0,0,62,0,191
6705.0,36,26,0,0,62,0,191
6706.0,36,26,0,0,62,0,191
6707.0,36,26,0,0,62,0,191
6708.0,36,26,0,0,62,0,191
6709.0,36,26,0,0,62,0,191
6710.0,36,26,0,0,62,0,191
6711.0,36,26,0,0,62,0,191
6712.0,36,26,0,0,62,0,191
6713.0,36,26,0,0,62,0,191
6714.0,36,26,0,0,62,0,191
6715.0,36,26,0,0,62,0,191
6716.0,36,26,0,0,62,0,191
6717.0,36,26,0,0,62,0,191
6718.0,36,26,0,0,62,0,191
6719.0,36,26,0,0,62,0,191
6720.0,36,26,0,0,62,0,191
6721.0,36,26,0,0,62,0,191
6722.0,36,26,0,0,62,0,191
6723.0,36,26,0,0,62,0,191
6724.0,36,26,0,0,62,0,191
6725.0,36,26,0,0,62,0,191
6726.0,36,26,0,0,62,0,191
6727.0,36,26,0,0,62,0,191
6728.0,36,26,0,0,62,0,191
6729.0,36,26,0,0,62,0,191
6730.0,36,26,0,0,62,0,191
6731.0,36,26,0,0,62,0,191
6732.0,36,26,0,0,62,0,191
6733.0,36,26,0,0,62,0,191
6734.0,36,26,0,0,62,0,191
6735.0,36,26,0,0,62,0,191
6736.0,36,26,0,0,62,0,191
6737.0,36,26,0,0,62,0,191
6738.0,36,26,0,0,62,0,191
6739.0,36,26,0,0,62,0,191
6740.0,36,26,0,0,62,0,191
6741.0,36,26,0,0,62,0,191
6742.0,36,26,0,0,62,0,191
6743.0,36,26,0,0,62,0,191
6744.0,36,26,0,0,62,0,191
6745.0,36,26,0,0,62,0,191
6746.0,36,26,0,0,62,0,191
6747.0,36,26,0,0,62,0,191
6748.0,36,26,0,0,62,0,191
6749.0,36,26,0,0,62,0,191
6750.0,36,26,0,0,62,0,191
6751.0,36,26,0,0,62,0,191
6752.0,36,26,0,0,62,0,191
6753.0,36,26,0,0,62,0,191
6754.0,36,26,0,0,62,0,191
6755.0,36,26,0,0,62,0,191
6756.0,36,26,0,0,62,0,191
6757.0,36,26,0,0,62,0,191
6758.0,36,26,0,0,62,0,191
6759.0,36,26,0,0,62,0,191
6760.0,36,26,0,0,62,0,191
6761.0,36,26,0,0,62,0,191
6762.0,36,26,0,0,62,0,191
6763.0,36,26,0,0,62,0,191
6764.0,36,26,0,0,62,0,191
6765.0,36,26,0,0,62,0,191
6766.0,36,26,0,0,62,0,191
6767.0,36,26,0,0,62,0,191
6768.0,36,26,0,0,62,0,191
6769.0,36,26,0,0,62,0,191
6770.0,36,26,0,0,62,0,191
6771.0,36,26,0,0,62,0,191
6772.0,36,26,0,0,62,0,191
6773.0,36,26,0,0,62,0,191
6774.0,36,26,0,0,62,0,191
6775.0,36,26,0,0,62,0,191
6776.0,36,26,0,0,62,0,191
6777.0,36,26,0,0,62,0,191
6778.0,36,26,0,0,62,0,191
6779.0,36,26,0,0,62,0,191
6780.0,36,26,0,0,62,0,191
6781.0,36,26,0,0,62,0,191
6782.0,36,26,0,0,62,0,191
6783.0,36,26,0,0,62,0,191
6784.0,36,26,0,0,62,0,191
6785.0,36,26,0,0,62,0,191
6786.0,36,26,0,0,62,0,191
6787.0,36,26,0,0,62,0,191
6788.0,36,26,0,0,62,0,191
6789.0,36,26,0,0,62,0,191
6790.0,36,26,0,0,62,0,191
6791.0,36,26,0,0,62,0,191
6792.0,36,26,0,0,62,0,191
6793.0,36,26,0,0,62,0,191
6794.0,36,26,0,0,62,0,191
6795.0,36,26,0,0,62,0,191
6796.0,36,26,0,0,62,0,191
6797.0,36,26,0,0,62,0,191
6798.0,36,26,0,0,62,0,191
6799.0,36,26,0,0,62,0,191
6800.0,36,26,0,0,62,0,191
6801.0,36,26,0,0,62,0,191
6802.0,36,26,0,0,62,0,191
6803.0,36,26,0,0,62,0,191
6804.0,36,26,0,0,62,0,191
6805.0,36,26,0,0,62,0,191
6806.0,36,26,0,0,62,0,191
6807.0,36,26,0,0,62,0,191
6808.0,36,26,0,0,62,0,191
6809.0,36,26,0,0,62,0,191
6810.0,36,26,0,0,62,0,191
6811.0,36,26,0,0,62,0,191
6812.0,36,26,0,0,62,0,191
6813.0,36,26,0,0,62,0,191
6814.0,36,26,0,0,62,0,191
6815.0,36,26,0,0,62,0,191
6816.0,36,26,0,0,62,0,191
6817.0,36,26,0,0,62,0,191
6818.0,36,26,0,0,62,0,191
6819.0,36,26,0,0,62,0,191
6820.0,36,26,0,0,62,0,191
6821.0,36,26,0,0,62,0,191
6822.0,36,26,0,0,62,0,191
6823.0,36,26,0,0,62,0,191
6824.0,36,26,0,0,62,0,191
6825.0,36,26,0,0,62,0,191
6826.0,36,26,0,0,62,0,191
6827.0,36,26,0,0,62,0,191
6828.0,36,26,0,0,62,0,191
6829.0,36,26,0,0,62,0,191
6830.0,36,26,0,0,62,0,191
6831.0,36,26,0,0,62,0,191
6832.0,36,26,0,0,62,0,191
6833.0,36,26,0,0,62,0,191
6834.0,36,26,0,0,62,0,191
6835.0,36,26,0,0,62,0,191
6836.0,36,26,0,0,62,0,191
6837.0,36,26,0,0,62,0,191
6838.0,36,26,0,0,62,0,191
6839.0,36,26,0,0,62,0,191
6840.0,36,26,0,0,62,0,191
6841.0,36,26,0,0,62,0,191
6842.0,36,26,0,0,62,0,191
6843.0,36,26,0,0,62,0,191
6844.0,36,26,0,0,62,0,191
6845.0,36,26,0,0,62,0,191
6846.0,36,26,0,0,62,0,191
6847.0,36,26,0,0,62,0,191
6848.0,36,26,0,0,62,0,191
6849.0,36,26,0,0,62,0,191
6850.0,36,26,0,0,62,0,191
6851.0,36,26,0,0,62,0,191
6852.0,36,26,0,0,62,0,191
6853.0,36,26,0,0,62,0,191
6854.0,36,26,0,0,62,0,191
6855.0,36,26,0,0,62,0,191
6856.0,36,26,0,0,62,0,191
6857.0,36,26,0,0,62,0,191
6858.0,36,26,0,0,62,0,191
6859.0,36,26,0,0,62,0,191
6860.0,36,26,0,0,62,0,191
6861.0,36,26,0,0,62,0,191
6862.0,36,26,0,0,62,0,191
6863.0,36,26,0,0,62,0,191
6864.0,36,26,0,0,62,0,191
6865.0,36,26,0,0,62,0,191
6866.0,36,26,0,0,62,0,191
6867.0,36,26,0,0,62,0,191
6868.0,36,26,0,0,62,0,191
6869.0,36,26,0,0,62,0,191
6870.0,36,26,0,0,62,0,191
6871.0,36,26,0,0,62,0,191
6872.0,36,26,0,0,62,0,191
6873.0,36,26,0,0,62,0,191
6874.0,36,26,0,0,62,0,191
6875.0,36,26,0,0,62,0,191
6876.0,36,26,0,0,62,0,191
6877.0,36,26,0,0,62,0,191
6878.0,36,26,0,0,62,0,191
6879.0,36,26,0,0,62,0,191
6880.0,36,26,0,0,62,0,191
6881.0,36,26,0,0,62,0,191
6882.0,36,26,0,0,62,0,191
6883.0,36,26,0,0,62,0,191
6884.0,36,26,0,0,62,0,191
6885.0,36,26,0,0,62,0,191
6886.0,36,26,0,0,62,0,191
6887.0,36,26,0,0,62,0,191
6888.0,36,26,0,0,62,0,191
6889.0,36,26,0,0,62,0,191
6890.0,36,26,0,0,62,0,191
6891.0,36,26,0,0,62,0,191
6892.0,36,26,0,0,62,0,191
6893.0,36,26,0,0,62,0,191
6894.0,36,26,0,0,62,0,191
6895.0,36,26,0,0,62,0,191
6896.0,36,26,0,0,62,0,191
6897.0,36,26,0,0,62,0,191
6898.0,36,26,0,0,62,0,191
6899.0,36,26,0,0,62,0,191
6900.0,36,26,0,0,62,0,191
6901.0,36,26,0,0,62,0,191
6902.0,36,26,0,0,62,0,191
6903.0,36,26,0,0,62,0,191
6904.0,36,26,0,0,62,0,191
6905.0,36,26,0,0,62,0,191
6906.0,36,26,0,0,62,0,191
6907.0,36,26,0,0,62,0,191
6908.0,36,26,0,0,62,0,191
6909.0,36,26,0,0,62,0,191
6910.0,36,26,0,0,62,0,191
6911.0,36,26,0,0,62,0,191
6912.0,36,26,0,0,62,0,191
6913.0,36,26,0,0,62,0,191
6914.0,36,26,0,0,62,0,191
6915.0,36,26,0,0,62,0,191
6916.0,36,26,0,0,62,0,191
6917.0,36,26,0,0,62,0,191
6918.0,36,26,0,0,62,0,191
6919.0,36,26,0,0,62,0,191
6920.0,36,26,0,0,62,0,191
6921.0,36,26,0,0,62,0,191
6922.0,36,26,0,0,62,0,191
6923.0,36,26,0,0,62,0,191
6924.0,36,26,0,0,62,0,191
6925.0,36,26,0,0,62,0,191
6926.0,36,26,0,0,62,0,191
6927.0,36,26,0,0,62,0,191
6928.0,36,26,0,0,62,0,191
6929.0,36,26,0,0,62,0,191
6930.0,36,26,0,0,62,0,191
6931.0,36,26,0,0,62,0,191
6932.0,36,26,0,0,62,0,191
6933.0,36,26,0,0,62,0,191
6934.0,36,26,0,0,62,0,191
6935.0,36,26,0,0,62,0,191
6936.0,36,26,0,0,62,0,191
6937.0,36,26,0,0,62,0,191
6938.0,36,26,0,0,62,0,191
6939.0,36,26,0,0,62,0,191
6940.0,36,26,0,0,62,0,191
6941.0,36,26,0,0,62,0,191
6942.0,36,26,0,0,62,0,191
6943.0,36,26,0,0,62,0,191
6944.0,36,26,0,0,62,0,191
6945.0,36,26,0,0,62,0,191
6946.0,36,26,0,0,62,0,191
6947.0,36,26,0,0,62,0,191
6948.0,36,26,0,0,62,0,191
6949.0,36,26,0,0,62,0,191
6950.0,36,26,0,0,62,0,191
6951.0,36,26,0,0,62,0,191
6952.0,36,26,0,0,62,0,191
6953.0,36,26,0,0,62,0,191
6954.0,36,26,0,0,62,0,191
6955.0,36,26,0,0,62,0,191
6956.0,36,26,0,0,62,0,191
6957.0,36,26,0,0,62,0,191
6958.0,36,26,0,0,62,0,191
6959.0,36,26,0,0,62,0,191
6960.0,36,26,0,0,62,0,191
6961.0,36,26,0,0,62,0,191
6962.0,36,26,0,0,62,0,191
6963.0,36,26,0,0,62,0,191
6964.0,36,26,0,0,62,0,191
6965.0,36,26,0,0,62,0,191
6966.0,36,26,0,0,62,0,191
6967.0,36,26,0,0,62,0,191
6968.0,36,26,0,0,62,0,191
6969.0,36,26,0,0,62,0,191
6970.0,36,26,0,0,62,0,191
6971.0,36,26,0,0,62,0,191
6972.0,36,26,0,0,62,0,191
6973.0,36,26,0,0,62,0,191
6974.0,36,26,0,0,62,0,191
6975.0,36,26,0,0,62,0,191
6976.0,36,26,0,0,62,0,191
6977.0,36,26,0,0,62,0,191
6978.0,36,26,0,0,62,0,191
6979.0,36,26,0,0,62,0,191
6980.0,36,26,0,0,62,0,191
6981.0,36,26,0,0,62,0,191
6982.0,36,26,0,0,62,0,191
6983.0,36,26,0,0,62,0,191
6984.0,36,26,0,0,62,0,191
6985.0,36,26,0,0,62,0,191
6986.0,36,26,0,0,62,0,191
6987.0,36,26,0,0,62,0,191
6988.0,36,26,0,0,62,0,191
6989.0,36,26,0,0,62,0,191
6990.0,36,26,0,0,62,0,191
6991.0,36,26,0,0,62,0,191
6992.0,36,26,0,0,62,0,191
6993.0,36,26,0,0,62,0,191
6994.0,36,26,0,0,62,0,191
6995.0,36,26,0,0,62,0,191
6996.0,36,26,0,0,62,0,191
6997.0,36,26,0,0,62,0,191
6998.0,36,26,0,0,62,0,191
6999.0,36,26,0,0,62,0,191
7000.0,36,26,0,0,62,0,191
7001.0,36,26,0,0,62,0,191
7002.0,36,26,0,0,62,0,191
7003.0,36,26,0,0,62,0,191
7004.0,36,26,0,0,62,0,191
7005.0,36,26,0,0,62,0,191
7006.0,36,26,0,0,62,0,191
7007.0,36,26,0,0,62,0,191
7008.0,36,26,0,0,62,0,191
7009.0,36,26,0,0,62,0,191
7010.0,36,26,0,0,62,0,191
7011.0,36,26,0,0,62,0,191
7012.0,36,26,0,0,62,0,191
7013.0,36,26,0,0,62,0,191
7014.0,36,26,0,0,62,0,191
7015.0,36,26,0,0,62,0,191
7016.0,36,26,0,0,62,0,191
7017.0,36,26,0,0,62,0,191
7018.0,36,26,0,0,62,0,191
7019.0,36,26,0,0,62,0,191
7020.0,36,26,0,0,62,0,191
7021.0,36,26,0,0,62,0,191
7022.0,36,26,0,0,62,0,191
7023.0,36,26,0,0,62,0,191
7024.0,36,26,0,0,62,0,191
7025.0,36,26,0,0,62,0,191
7026.0,36,26,0,0,62,0,191
7027.0,36,26,0,0,62,0,191
7028.0,36,26,0,0,62,0,191
7029.0,36,26,0,0,62,0,191
7030.0,36,26,0,0,62,0,191
7031.0,36,26,0,0,62,0,191
7032.0,36,26,0,0,62,0,191
7033.0,36,26,0,0,62,0,191
7034.0,36,26,0,0,62,0,191
7035.0,36,26,0,0,62,0,191
7036.0,36,26,0,0,62,0,191
7037.0,36,26,0,0,62,0,191
7038.0,36,26,0,0,62,0,191
7039.0,36,26,0,0,62,0,191
7040.0,36,26,0,0,62,0,191
7041.0,36,26,0,0,62,0,191
7042.0,36,26,0,0,62,0,191
7043.0,36,26,0,0,62,0,191
7044.0,36,26,0,0,62,0,191
7045.0,36,26,0,0,62,0,191
7046.0,36,26,0,0,62,0,191
7047.0,36,26,0,0,62,0,191
7048.0,36,26,0,0,62,0,191
7049.0,36,26,0,0,62,0,191
7050.0,36,26,0,0,62,0,191
7051.0,36,26,0,0,62,0,191
7052.0,36,26,0,0,62,0,191
7053.0,36,26,0,0,62,0,191
7054.0,36,26,0,0,62,0,191
7055.0,36,26,0,0,62,0,191
7056.0,36,26,0,0,62,0,191
7057.0,36,26,0,0,62,0,191
7058.0,36,26,0,0,62,0,191
7059.0,36,26,0,0,62,0,191
7060.0,36,26,0,0,62,0,191
7061.0,36,26,0,0,62,0,191
7062.0,36,26,0,0,62,0,191
7063.0,36,26,0,0,62,0,191
7064.0,36,26,0,0,62,0,191
7065.0,36,26,0,0,62,0,191
7066.0,36,26,0,0,62,0,191
7067.0,36,26,0,0,62,0,191
7068.0,36,26,0,0,62,0,191
7069.0,36,26,0,0,62,0,191
7070.0,36,26,0,0,62,0,191
7071.0,36,26,0,0,62,0,191
7072.0,36,26,0,0,62,0,191
7073.0,36,26,0,0,62,0,191
7074.0,36,26,0,0,62,0,191
7075.0,36,26,0,0,62,0,191
7076.0,36,26,0,0,62,0,191
7077.0,36,26,0,0,62,0,191
7078.0,36,26,0,0,62,0,191
7079.0,36,26,0,0,62,0,191
7080.0,36,26,0,0,62,0,191
7081.0,36,26,0,0,62,0,191
7082.0,36,26,0,0,62,0,191
7083.0,36,26,0,0,62,0,191
7084.0,36,26,0,0,62,0,191
7085.0,36,26,0,0,62,0,191
7086.0,36,26,0,0,62,0,191
7087.0,36,26,0,0,62,0,191
7088.0,36,26,0,0,62,0,191
7089.0,36,26,0,0,62,0,191
7090.0,36,26,0,0,62,0,191
7091.0,36,26,0,0,62,0,191
7092.0,36,26,0,0,62,0,191
7093.0,36,26,0,0,62,0,191
7094.0,36,26,0,0,62,0,191
7095.0,36,26,0,0,62,0,191
7096.0,36,26,0,0,62,0,191
7097.0,36,26,0,0,62,0,191
7098.0,36,26,0,0,62,0,191
7099.0,36,26,0,0,62,0,191
7100.0,36,26,0,0,62,0,191
7101.0,36,26,0,0,62,0,191
7102.0,36,26,0,0,62,0,191
7103.0,36,26,0,0,62,0,191
7104.0,36,26,0,0,62,0,191
7105.0,36,26,0,0,62,0,191
7106.0,36,26,0,0,62,0,191
7107.0,36,26,0,0,62,0,191
7108.0,36,26,0,0,62,0,191
7109.0,36,26,0,0,62,0,191
7110.0,36,26,0,0,62,0,191
7111.0,36,26,0,0,62,0,191
7112.0,36,26,0,0,62,0,191
7113.0,36,26,0,0,62,0,191
7114.0,36,26,0,0,62,0,191
7115.0,36,26,0,0,62,0,191
7116.0,36,26,0,0,62,0,191
7117.0,36,26,0,0,62,0,191
7118.0,36,26,0,0,62,0,191
7119.0,36,26,0,0,62,0,191
7120.0,36,26,0,0,62,0,191
7121.0,36,26,0,0,62,0,191
7122.0,36,26,0,0,62,0,191
7123.0,36,26,0,0,62,0,191
7124.0,36,26,0,0,62,0,191
7125.0,36,26,0,0,62,0,191
7126.0,36,26,0,0,62,0,191
7127.0,36,26,0,0,62,0,191
7128.0,36,26,0,0,62,0,191
7129.0,36,26,0,0,62,0,191
7130.0,36,26,0,0,62,0,191
7131.0,36,26,0,0,62,0,191
7132.0,36,26,0,0,62,0,191
7133.0,36,26,0,0,62,0,191
7134.0,36,26,0,0,62,0,191
7135.0,36,26,0,0,62,0,191
7136.0,36,26,0,0,62,0,191
7137.0,36,26,0,0,62,0,191
7138.0,36,26,0,0,62,0,191
7139.0,36,26,0,0,62,0,191
7140.0,36,26,0,0,62,0,191
7141.0,36,26,0,0,62,0,191
7142.0,36,26,0,0,62,0,191
7143.0,36,26,0,0,62,0,191
7144.0,36,26,0,0,62,0,191
7145.0,36,26,0,0,62,0,191
7146.0,36,26,0,0,62,0,191
7147.0,36,26,0,0,62,0,191
7148.0,36,26,0,0,62,0,191
7149.0,36,26,0,0,62,0,191
7150.0,36,26,0,0,62,0,191
7151.0,36,26,0,0,62,0,191
7152.0,36,26,0,0,62,0,191
7153.0,36,26,0,0,62,0,191
7154.0,36,26,0,0,62,0,191
7155.0,36,26,0,0,62,0,191
7156.0,36,26,0,0,62,0,191
7157.0,36,26,0,0,62,0,191
7158.0,36,26,0,0,62,0,191
7159.0,36,26,0,0,62,0,191
7160.0,36,26,0,0,62,0,191
7161.0,36,26,0,0,62,0,191
7162.0,36,26,0,0,62,0,191
7163.0,36,26,0,0,62,0,191
7164.0,36,26,0,0,62,0,191
7165.0,36,26,0,0,62,0,191
7166.0,36,26,0,0,62,0,191
7167.0,36,26,0,0,62,0,191
7168.0,36,26,0,0,62,0,191
7169.0,36,26,0,0,62,0,191
7170.0,36,26,0,0,62,0,191
7171.0,36,26,0,0,62,0,191
7172.0,36,26,0,0,62,0,191
7173.0,36,26,0,0,62,0,191
7174.0,36,26,0,0,62,0,191
7175.0,36,26,0,0,62,0,191
7176.0,36,26,0,0,62,0,191
7177.0,36,26,0,0,62,0,191
7178.0,36,26,0,0,62,0,191
7179.0,36,26,0,0,62,0,191
7180.0,36,26,0,0,62,0,191
7181.0,36,26,0,0,62,0,191
7182.0,36,26,0,0,62,0,191
7183.0,36,26,0,0,62,0,191
7184.0,36,26,0,0,62,0,191
7185.0,36,26,0,0,62,0,191
7186.0,36,26,0,0,62,0,191
7187.0,36,26,0,0,62,0,191
7188.0,36,26,0,0,62,0,191
7189.0,36,26,0,0,62,0,191
7190.0,36,26,0,0,62,0,191
7191.0,36,26,0,0,62,0,191
7192.0,36,26,0,0,62,0,191
7193.0,36,26,0,0,62,0,191
7194.0,36,26,0,0,62,0,191
7195.0,36,26,0,0,62,0,191
7196.0,36,26,0,0,62,0,191
7197.0,36,26,0,0,62,0,191
7198.0,36,26,0,0,62,0,191
7199.0,36,26,0,0,62,0,191
7200.0,36,26,0,0,62,0,191
7201.0,36,26,0,0,62,0,191
7202.0,36,26,0,0,62,0,191
7203.0,36,26,0,0,62,0,191
7204.0,36,26,0,0,62,0,191
7205.0,36,26,0,0,62,0,191
7206.0,36,26,0,0,62,0,191
7207.0,36,26,0,0,62,0,191
7208.0,36,26,0,0,62,0,191
7209.0,36,26,0,0,62,0,191
7210.0,36,26,0,0,62,0,191
7211.0,36,26,0,0,62,0,191
7212.0,36,26,0,0,62,0,191
7213.0,36,26,0,0,62,0,191
7214.0,36,26,0,0,62,0,191
7215.0,36,26,0,0,62,0,191
7216.0,36,26,0,0,62,0,191
7217.0,36,26,0,0,62,0,191
7218.0,36,26,0,0,62,0,191
7219.0,36,26,0,0,62,0,191
7220.0,36,26,0,0,62,0,191
7221.0,36,26,0,0,62,0,191
7222.0,36,26,0,0,62,0,191
7223.0,36,26,0,0,62,0,191
7224.0,36,26,0,0,62,0,191
7225.0,36,26,0,0,62,0,191
7226.0,36,26,0,0,62,0,191
7227.0,36,26,0,0,62,0,191
7228.0,36,26,0,0,62,0,191
7229.0,36,26,0,0,62,0,191
7230.0,36,26,0,0,62,0,191
7231.0,36,26,0,0,62,0,191
7232.0,36,26,0,0,62,0,191
7233.0,36,26,0,0,62,0,191
7234.0,36,26,0,0,62,0,191
7235.0,36,26,0,0,62,0,191
7236.0,36,26,0,0,62,0,191
7237.0,36,26,0,0,62,0,191
7238.0,36,26,0,0,62,0,191
7239.0,36,26,0,0,62,0,191
7240.0,36,26,0,0,62,0,191
7241.0,36,26,0,0,62,0,191
7242.0,36,26,0,0,62,0,191
7243.0,36,26,0,0,62,0,191
7244.0,36,26,0,0,62,0,191
7245.0,36,26,0,0,62,0,191
7246.0,36,26,0,0,62,0,191
7247.0,36,26,0,0,62,0,191
7248.0,36,26,0,0,62,0,191
7249.0,36,26,0,0,62,0,191
7250.0,36,26,0,0,62,0,191
7251.0,36,26,0,0,62,0,191
7252.0,36,26,0,0,62,0,191
7253.0,36,26,0,0,62,0,191
7254.0,36,26,0,0,62,0,191
7255.0,36,26,0,0,62,0,191
7256.0,36,26,0,0,62,0,191
7257.0,36,26,0,0,62,0,191
7258.0,36,26,0,0,62,0,191
7259.0,36,26,0,0,62,0,191
7260.0,36,26,0,0,62,0,191
7261.0,36,26,0,0,62,0,191
7262.0,36,26,0,0,62,0,191
7263.0,36,26,0,0,62,0,191
7264.0,36,26,0,0,62,0,191
7265.0,36,26,0,0,62,0,191
7266.0,36,26,0,0,62,0,191
7267.0,36,26,0,0,62,0,191
7268.0,36,26,0,0,62,0,191
7269.0,36,26,0,0,62,0,191
7270.0,36,26,0,0,62,0,191
7271.0,36,26,0,0,62,0,191
7272.0,36,26,0,0,62,0,191
7273.0,36,26,0,0,62,0,191
7274.0,36,26,0,0,62,0,191
7275.0,36,26,0,0,62,0,191
7276.0,36,26,0,0,62,0,191
7277.0,36,26,0,0,62,0,191
7278.0,36,26,0,0,62,0,191
7279.0,36,26,0,0,62,0,191
7280.0,36,26,0,0,62,0,191
7281.0,36,26,0,0,62,0,191
7282.0,36,26,0,0,62,0,191
7283.0,36,26,0,0,62,0,191
7284.0,36,26,0,0,62,0,191
7285.0,36,26,0,0,62,0,191
7286.0,36,26,0,0,62,0,191
7287.0,36,26,0,0,62,0,191
7288.0,36,26,0,0,62,0,191
7289.0,36,26,0,0,62,0,191
7290.0,36,26,0,0,62,0,191
7291.0,36,26,0,0,62,0,191
7292.0,36,26,0,0,62,0,191
7293.0,36,26,0,0,62,0,191
7294.0,36,26,0,0,62,0,191
7295.0,36,26,0,0,62,0,191
7296.0,36,26,0,0,62,0,191
7297.0,36,26,0,0,62,0,191
7298.0,36,26,0,0,62,0,191
7299.0,36,26,0,0,62,0,191
7300.0,36,26,0,0,62,0,191
7301.0,36,26,0,0,62,0,191
7302.0,36,26,0,0,62,0,191
7303.0,36,26,0,0,62,0,191
7304.0,36,26,0,0,62,0,191
7305.0,36,26,0,0,62,0,191
7306.0,36,26,0,0,62,0,191
7307.0,36,26,0,0,62,0,191
7308.0,36,26,0,0,62,0,191
7309.0,36,26,0,0,62,0,191
7310.0,36,26,0,0,62,0,191
7311.0,36,26,0,0,62,0,191
7312.0,36,26,0,0,62,0,191
7313.0,36,26,0,0,62,0,191
7314.0,36,26,0,0,62,0,191
7315.0,36,26,0,0,62,0,191
7316.0,36,26,0,0,62,0,191
7317.0,36,26,0,0,62,0,191
7318.0,36,26,0,0,62,0,191
7319.0,36,26,0,0,62,0,191
7320.0,36,26,0,0,62,0,191
7321.0,36,26,0,0,62,0,191
7322.0,36,26,0,0,62,0,191
7323.0,36,26,0,0,62,0,191
7324.0,36,26,0,0,62,0,191
7325.0,36,26,0,0,62,0,191
7326.0,36,26,0,0,62,0,191
7327.0,36,26,0,0,62,0,191
7328.0,36,26,0,0,62,0,191
7329.0,36,26,0,0,62,0,191
7330.0,36,26,0,0,62,0,191
7331.0,36,26,0,0,62,0,191
7332.0,36,26,0,0,62,0,191
7333.0,36,26,0,0,62,0,191
7334.0,36,26,0,0,62,0,191
7335.0,36,26,0,0,62,0,191
7336.0,36,26,0,0,62,0,191
7337.0,36,26,0,0,62,0,191
7338.0,36,26,0,0,62,0,191
7339.0,36,26,0,0,62,0,191
7340.0,36,26,0,0,62,0,191
7341.0,36,26,0,0,62,0,191
7342.0,36,26,0,0,62,0,191
7343.0,36,26,0,0,62,0,191
7344.0,36,26,0,0,62,0,191
7345.0,36,26,0,0,62,0,191
7346.0,36,26,0,0,62,0,191
7347.0,36,26,0,0,62,0,191
7348.0,36,26,0,0,62,0,191
7349.0,36,26,0,0,62,0,191
7350.0,36,26,0,0,62,0,191
7351.0,36,26,0,0,62,0,191
7352.0,36,26,0,0,62,0,191
7353.0,36,26,0,0,62,0,191
7354.0,36,26,0,0,62,0,191
7355.0,36,26,0,0,62,0,191
7356.0,36,26,0,0,62,0,191
7357.0,36,26,0,0,62,0,191
7358.0,36,26,0,0,62,0,191
7359.0,36,26,0,0,62,0,191
7360.0,36,26,0,0,62,0,191
7361.0,36,26,0,0,62,0,191
7362.0,36,26,0,0,62,0,191
7363.0,36,26,0,0,62,0,191
7364.0,36,26,0,0,62,0,191
7365.0,36,26,0,0,62,0,191
7366.0,36,26,0,0,62,0,191
7367.0,36,26,0,0,62,0,191
7368.0,36,26,0,0,62,0,191
7369.0,36,26,0,0,62,0,191
7370.0,36,26,0,0,62,0,191
7371.0,36,26,0,0,62,0,191
7372.0,36,26,0,0,62,0,191
7373.0,36,26,0,0,62,0,191
7374.0,36,26,0,0,62,0,191
7375.0,36,26,0,0,62,0,191
7376.0,36,26,0,0,62,0,191
7377.0,36,26,0,0,62,0,191
7378.0,36,26,0,0,62,0,191
7379.0,36,26,0,0,62,0,191
7380.0,36,26,0,0,62,0,191
7381.0,36,26,0,0,62,0,191
7382.0,36,26,0,0,62,0,191
7383.0,36,26,0,0,62,0,191
7384.0,36,26,0,0,62,0,191
7385.0,36,26,0,0,62,0,191
7386.0,36,26,0,0,62,0,191
7387.0,36,26,0,0,62,0,191
7388.0,36,26,0,0,62,0,191
7389.0,36,26,0,0,62,0,191
7390.0,36,26,0,0,62,0,191
7391.0,36,26,0,0,62,0,191
7392.0,36,26,0,0,62,0,191
7393.0,36,26,0,0,62,0,191
7394.0,36,26,0,0,62,0,191
7395.0,36,26,0,0,62,0,191
7396.0,36,26,0,0,62,0,191
7397.0,36,26,0,0,62,0,191
7398.0,36,26,0,0,62,0,191
7399.0,36,26,0,0,62,0,191
7400.0,36,26,0,0,62,0,191
7401.0,36,26,0,0,62,0,191
7402.0,36,26,0,0,62,0,191
7403.0,36,26,0,0,62,0,191
7404.0,36,26,0,0,62,0,191
7405.0,36,26,0,0,62,0,191
7406.0,36,26,0,0,62,0,191
7407.0,36,26,0,0,62,0,191
7408.0,36,26,0,0,62,0,191
7409.0,36,26,0,0,62,0,191
7410.0,36,26,0,0,62,0,191
7411.0,36,26,0,0,62,0,191
7412.0,36,26,0,0,62,0,191
7413.0,36,26,0,0,62,0,191
7414.0,36,26,0,0,62,0,191
7415.0,36,26,0,0,62,0,191
7416.0,36,26,0,0,62,0,191
7417.0,36,26,0,0,62,0,191
7418.0,36,26,0,0,62,0,191
7419.0,36,26,0,0,62,0,191
7420.0,36,26,0,0,62,0,191
7421.0,36,26,0,0,62,0,191
7422.0,36,26,0,0,62,0,191
7423.0,36,26,0,0,62,0,191
7424.0,36,26,0,0,62,0,191
7425.0,36,26,0,0,62,0,191
7426.0,36,26,0,0,62,0,191
7427.0,36,26,0,0,62,0,191
7428.0,36,26,0,0,62,0,191
7429.0,36,26,0,0,62,0,191
7430.0,36,26,0,0,62,0,191
7431.0,36,26,0,0,62,0,191
7432.0,36,26,0,0,62,0,191
7433.0,36,26,0,0,62,0,191
7434.0,36,26,0,0,62,0,191
7435.0,36,26,0,0,62,0,191
7436.0,36,26,0,0,62,0,191
7437.0,36,26,0,0,62,0,191
7438.0,36,26,0,0,62,0,191
7439.0,36,26,0,0,62,0,191
7440.0,36,26,0,0,62,0,191
7441.0,36,26,0,0,62,0,191
7442.0,36,26,0,0,62,0,191
7443.0,36,26,0,0,62,0,191
7444.0,36,26,0,0,62,0,191
7445.0,36,26,0,0,62,0,191
7446.0,36,26,0,0,62,0,191
7447.0,36,26,0,0,62,0,191
7448.0,36,26,0,0,62,0,191
7449.0,36,26,0,0,62,0,191
7450.0,36,26,0,0,62,0,191
7451.0,36,26,0,0,62,0,191
7452.0,36,26,0,0,62,0,191
7453.0,36,26,0,0,62,0,191
7454.0,36,26,0,0,62,0,191
7455.0,36,26,0,0,62,0,191
7456.0,36,26,0,0,62,0,191
7457.0,36,26,0,0,62,0,191
7458.0,36,26,0,0,62,0,191
7459.0,36,26,0,0,62,0,191
7460.0,36,26,0,0,62,0,191
7461.0,36,26,0,0,62,0,191
7462.0,36,26,0,0,62,0,191
7463.0,36,26,0,0,62,0,191
7464.0,36,26,0,0,62,0,191
7465.0,36,26,0,0,62,0,191
7466.0,36,26,0,0,62,0,191
7467.0,36,26,0,0,62,0,191
7468.0,36,26,0,0,62,0,191
7469.0,36,26,0,0,62,0,191
7470.0,36,26,0,0,62,0,191
7471.0,36,26,0,0,62,0,191
7472.0,36,26,0,0,62,0,191
7473.0,36,26,0,0,62,0,191
7474.0,36,26,0,0,62,0,191
7475.0,36,26,0,0,62,0,191
7476.0,36,26,0,0,62,0,191
7477.0,36,26,0,0,62,0,191
7478.0,36,26,0,0,62,0,191
7479.0,36,26,0,0,62,0,191
7480.0,36,26,0,0,62,0,191
7481.0,36,26,0,0,62,0,191
7482.0,36,26,0,0,62,0,191
7483.0,36,26,0,0,62,0,191
7484.0,36,26,0,0,62,0,191
7485.0,36,26,0,0,62,0,191
7486.0,36,26,0,0,62,0,191
7487.0,36,26,0,0,62,0,191
7488.0,36,26,0,0,62,0,191
7489.0,36,26,0,0,62,0,191
7490.0,36,26,0,0,62,0,191
7491.0,36,26,0,0,62,0,191
7492.0,36,26,0,0,62,0,191
7493.0,36,26,0,0,62,0,191
7494.0,36,26,0,0,62,0,191
7495.0,36,26,0,0,62,0,191
7496.0,36,26,0,0,62,0,191
7497.0,36,26,0,0,62,0,191
7498.0,36,26,0,0,62,0,191
7499.0,36,26,0,0,62,0,191
7500.0,36,26,0,0,62,0,191
7501.0,36,26,0,0,62,0,191
7502.0,36,26,0,0,62,0,191
7503.0,36,26,0,0,62,0,191
7504.0,36,26,0,0,62,0,191
7505.0,36,26,0,0,62,0,191
7506.0,36,26,0,0,62,0,191
7507.0,36,26,0,0,62,0,191
7508.0,36,26,0,0,62,0,191
7509.0,36,26,0,0,62,0,191
7510.0,36,26,0,0,62,0,191
7511.0,36,26,0,0,62,0,191
7512.0,36,26,0,0,62,0,191
7513.0,36,26,0,0,62,0,191
7514.0,36,26,0,0,62,0,191
7515.0,36,26,0,0,62,0,191
7516.0,36,26,0,0,62,0,191
7517.0,36,26,0,0,62,0,191
7518.0,36,26,0,0,62,0,191
7519.0,36,26,0,0,62,0,191
7520.0,36,26,0,0,62,0,191
7521.0,36,26,0,0,62,0,191
7522.0,36,26,0,0,62,0,191
7523.0,36,26,0,0,62,0,191
7524.0,36,26,0,0,62,0,191
7525.0,36,26,0,0,62,0,191
7526.0,36,26,0,0,62,0,191
7527.0,36,26,0,0,62,0,191
7528.0,36,26,0,0,62,0,191
7529.0,36,26,0,0,62,0,191
7530.0,36,26,0,0,62,0,191
7531.0,36,26,0,0,62,0,191
7532.0,36,26,0,0,62,0,191
7533.0,36,26,0,0,62,0,191
7534.0,36,26,0,0,62,0,191
7535.0,36,26,0,0,62,0,191
7536.0,36,26,0,0,62,0,191
7537.0,36,26,0,0,62,0,191
7538.0,36,26,0,0,62,0,191
7539.0,36,26,0,0,62,0,191
7540.0,36,26,0,0,62,0,191
7541.0,36,26,0,0,62,0,191
7542.0,36,26,0,0,62,0,191
7543.0,36,26,0,0,62,0,191
7544.0,36,26,0,0,62,0,191
7545.0,36,26,0,0,62,0,191
7546.0,36,26,0,0,62,0,191
7547.0,36,26,0,0,62,0,191
7548.0,36,26,0,0,62,0,191
7549.0,36,26,0,0,62,0,191
7550.0,36,26,0,0,62,0,191
7551.0,36,26,0,0,62,0,191
7552.0,36,26,0,0,62,0,191
7553.0,36,26,0,0,62,0,191
7554.0,36,26,0,0,62,0,191
7555.0,36,26,0,0,62,0,191
7556.0,36,26,0,0,62,0,191
7557.0,36,26,0,0,62,0,191
7558.0,36,26,0,0,62,0,191
7559.0,36,26,0,0,62,0,191
7560.0,36,26,0,0,62,0,191
7561.0,36,26,0,0,62,0,191
7562.0,36,26,0,0,62,0,191
7563.0,36,26,0,0,62,0,191
7564.0,36,26,0,0,62,0,191
7565.0,36,26,0,0,62,0,191
7566.0,36,26,0,0,62,0,191
7567.0,36,26,0,0,62,0,191
7568.0,36,26,0,0,62,0,191
7569.0,36,26,0,0,62,0,191
7570.0,36,26,0,0,62,0,191
7571.0,36,26,0,0,62,0,191
7572.0,36,26,0,0,62,0,191
7573.0,36,26,0,0,62,0,191
7574.0,36,26,0,0,62,0,191
7575.0,36,26,0,0,62,0,191
7576.0,36,26,0,0,62,0,191
7577.0,36,26,0,0,62,0,191
7578.0,36,26,0,0,62,0,191
7579.0,36,26,0,0,62,0,191
7580.0,36,26,0,0,62,0,191
7581.0,36,26,0,0,62,0,191
7582.0,36,26,0,0,62,0,191
7583.0,36,26,0,0,62,0,191
7584.0,36,26,0,0,62,0,191
7585.0,36,26,0,0,62,0,191
7586.0,36,26,0,0,62,0,191
7587.0,36,26,0,0,62,0,191
7588.0,36,26,0,0,62,0,191
7589.0,36,26,0,0,62,0,191
7590.0,36,26,0,0,62,0,191
7591.0,36,26,0,0,62,0,191
7592.0,36,26,0,0,62,0,191
7593.0,36,26,0,0,62,0,191
7594.0,36,26,0,0,62,0,191
7595.0,36,26,0,0,62,0,191
7596.0,36,26,0,0,62,0,191
7597.0,36,26,0,0,62,0,191
7598.0,36,26,0,0,62,0,191
7599.0,36,26,0,0,62,0,191
7600.0,36,26,0,0,62,0,191
7601.0,36,26,0,0,62,0,191
7602.0,36,26,0,0,62,0,191
7603.0,36,26,0,0,62,0,191
7604.0,36,26,0,0,62,0,191
7605.0,36,26,0,0,62,0,191
7606.0,36,26,0,0,62,0,191
7607.0,36,26,0,0,62,0,191
7608.0,36,26,0,0,62,0,191
7609.0,36,26,0,0,62,0,191
7610.0,36,26,0,0,62,0,191
7611.0,36,26,0,0,62,0,191
7612.0,36,26,0,0,62,0,191
7613.0,36,26,0,0,62,0,191
7614.0,36,26,0,0,62,0,191
7615.0,36,26,0,0,62,0,191
7616.0,36,26,0,0,62,0,191
7617.0,36,26,0,0,62,0,191
7618.0,36,26,0,0,62,0,191
7619.0,36,26,0,0,62,0,191
7620.0,36,26,0,0,62,0,191
7621.0,36,26,0,0,62,0,191
7622.0,36,26,0,0,62,0,191
7623.0,36,26,0,0,62,0,191
7624.0,36,26,0,0,62,0,191
7625.0,36,26,0,0,62,0,191
7626.0,36,26,0,0,62,0,191
7627.0,36,26,0,0,62,0,191
7628.0,36,26,0,0,62,0,191
7629.0,36,26,0,0,62,0,191
7630.0,36,26,0,0,62,0,191
7631.0,36,26,0,0,62,0,191
7632.0,36,26,0,0,62,0,191
7633.0,36,26,0,0,62,0,191
7634.0,36,26,0,0,62,0,191
7635.0,36,26,0,0,62,0,191
7636.0,36,26,0,0,62,0,191
7637.0,36,26,0,0,62,0,191
7638.0,36,26,0,0,62,0,191
7639.0,36,26,0,0,62,0,191
7640.0,36,26,0,0,62,0,191
7641.0,36,26,0,0,62,0,191
7642.0,36,26,0,0,62,0,191
7643.0,36,26,0,0,62,0,191
7644.0,36,26,0,0,62,0,191
7645.0,36,26,0,0,62,0,191
7646.0,36,26,0,0,62,0,191
7647.0,36,26,0,0,62,0,191
7648.0,36,26,0,0,62,0,191
7649.0,36,26,0,0,62,0,191
7650.0,36,26,0,0,62,0,191
7651.0,36,26,0,0,62,0,191
7652.0,36,26,0,0,62,0,191
7653.0,36,26,0,0,62,0,191
7654.0,36,26,0,0,62,0,191
7655.0,36,26,0,0,62,0,191
7656.0,36,26,0,0,62,0,191
7657.0,36,26,0,0,62,0,191
7658.0,36,26,0,0,62,0,191
7659.0,36,26,0,0,62,0,191
7660.0,36,26,0,0,62,0,191
7661.0,36,26,0,0,62,0,191
7662.0,36,26,0,0,62,0,191
7663.0,36,26,0,0,62,0,191
7664.0,36,26,0,0,62,0,191
7665.0,36,26,0,0,62,0,191
7666.0,36,26,0,0,62,0,191
7667.0,36,26,0,0,62,0,191
7668.0,36,26,0,0,62,0,191
7669.0,36,26,0,0,62,0,191
7670.0,36,26,0,0,62,0,191
7671.0,36,26,0,0,62,0,191
7672.0,36,26,0,0,62,0,191
7673.0,36,26,0,0,62,0,191
7674.0,36,26,0,0,62,0,191
7675.0,36,26,0,0,62,0,191
7676.0,36,26,0,0,62,0,191
7677.0,36,26,0,0,62,0,191
7678.0,36,26,0,0,62,0,191
7679.0,36,26,0,0,62,0,191
7680.0,36,26,0,0,62,0,191
7681.0,36,26,0,0,62,0,191
7682.0,36,26,0,0,62,0,191
7683.0,36,26,0,0,62,0,191
7684.0,36,26,0,0,62,0,191
7685.0,36,26,0,0,62,0,191
7686.0,36,26,0,0,62,0,191
7687.0,36,26,0,0,62,0,191
7688.0,36,26,0,0,62,0,191
7689.0,36,26,0,0,62,0,191
7690.0,36,26,0,0,62,0,191
7691.0,36,26,0,0,62,0,191
7692.0,36,26,0,0,62,0,191
7693.0,36,26,0,0,62,0,191
7694.0,36,26,0,0,62,0,191
7695.0,36,26,0,0,62,0,191
7696.0,36,26,0,0,62,0,191
7697.0,36,26,0,0,62,0,191
7698.0,36,26,0,0,62,0,191
7699.0,36,26,0,0,62,0,191
7700.0,36,26,0,0,62,0,191
7701.0,36,26,0,0,62,0,191
7702.0,36,26,0,0,62,0,191
7703.0,36,26,0,0,62,0,191
7704.0,36,26,0,0,62,0,191
7705.0,36,26,0,0,62,0,191
7706.0,36,26,0,0,62,0,191
7707.0,36,26,0,0,62,0,191
7708.0,36,26,0,0,62,0,191
7709.0,36,26,0,0,62,0,191
7710.0,36,26,0,0,62,0,191
7711.0,36,26,0,0,62,0,191
7712.0,36,26,0,0,62,0,191
7713.0,36,26,0,0,62,0,191
7714.0,36,26,0,0,62,0,191
7715.0,36,26,0,0,62,0,191
7716.0,36,26,0,0,62,0,191
7717.0,36,26,0,0,62,0,191
7718.0,36,26,0,0,62,0,191
7719.0,36,26,0,0,62,0,191
7720.0,36,26,0,0,62,0,191
7721.0,36,26,0,0,62,0,191
7722.0,36,26,0,0,62,0,191
7723.0,36,26,0,0,62,0,191
7724.0,36,26,0,0,62,0,191
7725.0,36,26,0,0,62,0,191
7726.0,36,26,0,0,62,0,191
7727.0,36,26,0,0,62,0,191
7728.0,36,26,0,0,62,0,191
7729.0,36,26,0,0,62,0,191
7730.0,36,26,0,0,62,0,191
7731.0,36,26,0,0,62,0,191
7732.0,36,26,0,0,62,0,191
7733.0,36,26,0,0,62,0,191
7734.0,36,26,0,0,62,0,191
7735.0,36,26,0,0,62,0,191
7736.0,36,26,0,0,62,0,191
7737.0,36,26,0,0,62,0,191
7738.0,36,26,0,0,62,0,191
7739.0,36,26,0,0,62,0,191
7740.0,36,26,0,0,62,0,191
7741.0,36,26,0,0,62,0,191
7742.0,36,26,0,0,62,0,191
7743.0,36,26,0,0,62,0,191
7744.0,36,26,0,0,62,0,191
7745.0,36,26,0,0,62,0,191
7746.0,36,26,0,0,62,0,191
7747.0,36,26,0,0,62,0,191
7748.0,36,26,0,0,62,0,191
7749.0,36,26,0,0,62,0,191
7750.0,36,26,0,0,62,0,191
7751.0,36,26,0,0,62,0,191
7752.0,36,26,0,0,62,0,191
7753.0,36,26,0,0,62,0,191
7754.0,36,26,0,0,62,0,191
7755.0,36,26,0,0,62,0,191
7756.0,36,26,0,0,62,0,191
7757.0,36,26,0,0,62,0,191
7758.0,36,26,0,0,62,0,191
7759.0,36,26,0,0,62,0,191
7760.0,36,26,0,0,62,0,191
7761.0,36,26,0,0,62,0,191
7762.0,36,26,0,0,62,0,191
7763.0,36,26,0,0,62,0,191
7764.0,36,26,0,0,62,0,191
7765.0,36,26,0,0,62,0,191
7766.0,36,26,0,0,62,0,191
7767.0,36,26,0,0,62,0,191
7768.0,36,26,0,0,62,0,191
7769.0,36,26,0,0,62,0,191
7770.0,36,26,0,0,62,0,191
7771.0,36,26,0,0,62,0,191
7772.0,36,26,0,0,62,0,191
7773.0,36,26,0,0,62,0,191
7774.0,36,26,0,0,62,0,191
7775.0,36,26,0,0,62,0,191
7776.0,36,26,0,0,62,0,191
7777.0,36,26,0,0,62,0,191
7778.0,36,26,0,0,62,0,191
7779.0,36,26,0,0,62,0,191
7780.0,36,26,0,0,62,0,191
7781.0,36,26,0,0,62,0,191
7782.0,36,26,0,0,62,0,191
7783.0,36,26,0,0,62,0,191
7784.0,36,26,0,0,62,0,191
7785.0,36,26,0,0,62,0,191
7786.0,36,26,0,0,62,0,191
7787.0,36,26,0,0,62,0,191
7788.0,36,26,0,0,62,0,191
7789.0,36,26,0,0,62,0,191
7790.0,36,26,0,0,62,0,191
7791.0,36,26,0,0,62,0,191
7792.0,36,26,0,0,62,0,191
7793.0,36,26,0,0,62,0,191
7794.0,36,26,0,0,62,0,191
7795.0,36,26,0,0,62,0,191
7796.0,36,26,0,0,62,0,191
7797.0,36,26,0,0,62,0,191
7798.0,36,26,0,0,62,0,191
7799.0,36,26,0,0,62,0,191
7800.0,36,26,0,0,62,0,191
7801.0,36,26,0,0,62,0,191
7802.0,36,26,0,0,62,0,191
7803.0,36,26,0,0,62,0,191
7804.0,36,26,0,0,62,0,191
7805.0,36,26,0,0,62,0,191
7806.0,36,26,0,0,62,0,191
7807.0,36,26,0,0,62,0,191
7808.0,36,26,0,0,62,0,191
7809.0,36,26,0,0,62,0,191
7810.0,36,26,0,0,62,0,191
7811.0,36,26,0,0,62,0,191
7812.0,36,26,0,0,62,0,191
7813.0,36,26,0,0,62,0,191
7814.0,36,26,0,0,62,0,191
7815.0,36,26,0,0,62,0,191
7816.0,36,26,0,0,62,0,191
7817.0,36,26,0,0,62,0,191
7818.0,36,26,0,0,62,0,191
7819.0,36,26,0,0,62,0,191
7820.0,36,26,0,0,62,0,191
7821.0,36,26,0,0,62,0,191
7822.0,36,26,0,0,62,0,191
7823.0,36,26,0,0,62,0,191
7824.0,36,26,0,0,62,0,191
7825.0,36,26,0,0,62,0,191
7826.0,36,26,0,0,62,0,191
7827.0,36,26,0,0,62,0,191
7828.0,36,26,0,0,62,0,191
7829.0,36,26,0,0,62,0,191
7830.0,36,26,0,0,62,0,191
7831.0,36,26,0,0,62,0,191
7832.0,36,26,0,0,62,0,191
7833.0,36,26,0,0,62,0,191
7834.0,36,26,0,0,62,0,191
7835.0,36,26,0,0,62,0,191
7836.0,36,26,0,0,62,0,191
7837.0,36,26,0,0,62,0,191
7838.0,36,26,0,0,62,0,191
7839.0,36,26,0,0,62,0,191
7840.0,36,26,0,0,62,0,191
7841.0,36,26,0,0,62,0,191
7842.0,36,26,0,0,62,0,191
7843.0,36,26,0,0,62,0,191
7844.0,36,26,0,0,62,0,191
7845.0,36,26,0,0,62,0,191
7846.0,36,26,0,0,62,0,191
7847.0,36,26,0,0,62,0,191
7848.0,36,26,0,0,62,0,191
7849.0,36,26,0,0,62,0,191
7850.0,36,26,0,0,62,0,191
7851.0,36,26,0,0,62,0,191
7852.0,36,26,0,0,62,0,191
7853.0,36,26,0,0,62,0,191
7854.0,36,26,0,0,62,0,191
7855.0,36,26,0,0,62,0,191
7856.0,36,26,0,0,62,0,191
7857.0,36,26,0,0,62,0,191
7858.0,36,26,0,0,62,0,191
7859.0,36,26,0,0,62,0,191
7860.0,36,26,0,0,62,0,191
7861.0,36,26,0,0,62,0,191
7862.0,36,26,0,0,62,0,191
7863.0,36,26,0,0,62,0,191
7864.0,36,26,0,0,62,0,191
7865.0,36,26,0,0,62,0,191
7866.0,36,26,0,0,62,0,191
7867.0,36,26,0,0,62,0,191
7868.0,36,26,0,0,62,0,191
7869.0,36,26,0,0,62,0,191
7870.0,36,26,0,0,62,0,191
7871.0,36,26,0,0,62,0,191
7872.0,36,26,0,0,62,0,191
7873.0,36,26,0,0,62,0,191
7874.0,36,26,0,0,62,0,191
7875.0,36,26,0,0,62,0,191
7876.0,36,26,0,0,62,0,191
7877.0,36,26,0,0,62,0,191
7878.0,36,26,0,0,62,0,191
7879.0,36,26,0,0,62,0,191
7880.0,36,26,0,0,62,0,191
7881.0,36,26,0,0,62,0,191
7882.0,36,26,0,0,62,0,191
7883.0,36,26,0,0,62,0,191
7884.0,36,26,0,0,62,0,191
7885.0,36,26,0,0,62,0,191
7886.0,36,26,0,0,62,0,191
7887.0,36,26,0,0,62,0,191
7888.0,36,26,0,0,62,0,191
7889.0,36,26,0,0,62,0,191
7890.0,36,26,0,0,62,0,191
7891.0,36,26,0,0,62,0,191
7892.0,36,26,0,0,62,0,191
7893.0,36,26,0,0,62,0,191
7894.0,36,26,0,0,62,0,191
7895.0,36,26,0,0,62,0,191
7896.0,36,26,0,0,62,0,191
7897.0,36,26,0,0,62,0,191
7898.0,36,26,0,0,62,0,191
7899.0,36,26,0,0,62,0,191
7900.0,36,26,0,0,62,0,191
7901.0,36,26,0,0,62,0,191
7902.0,36,26,0,0,62,0,191
7903.0,36,26,0,0,62,0,191
7904.0,36,26,0,0,62,0,191
7905.0,36,26,0,0,62,0,191
7906.0,36,26,0,0,62,0,191
7907.0,36,26,0,0,62,0,191
7908.0,36,26,0,0,62,0,191
7909.0,36,26,0,0,62,0,191
7910.0,36,26,0,0,62,0,191
7911.0,36,26,0,0,62,0,191
7912.0,36,26,0,0,62,0,191
7913.0,36,26,0,0,62,0,191
7914.0,36,26,0,0,62,0,191
7915.0,36,26,0,0,62,0,191
7916.0,36,26,0,0,62,0,191
7917.0,36,26,0,0,62,0,191
7918.0,36,26,0,0,62,0,191
7919.0,36,26,0,0,62,0,191
7920.0,36,26,0,0,62,0,191
7921.0,36,26,0,0,62,0,191
7922.0,36,26,0,0,62,0,191
7923.0,36,26,0,0,62,0,191
7924.0,36,26,0,0,62,0,191
7925.0,36,26,0,0,62,0,191
7926.0,36,26,0,0,62,0,191
7927.0,36,26,0,0,62,0,191
7928.0,36,26,0,0,62,0,191
7929.0,36,26,0,0,62,0,191
7930.0,36,26,0,0,62,0,191
7931.0,36,26,0,0,62,0,191
7932.0,36,26,0,0,62,0,191
7933.0,36,26,0,0,62,0,191
7934.0,36,26,0,0,62,0,191
7935.0,36,26,0,0,62,0,191
7936.0,36,26,0,0,62,0,191
7937.0,36,26,0,0,62,0,191
7938.0,36,26,0,0,62,0,191
7939.0,36,26,0,0,62,0,191
7940.0,36,26,0,0,62,0,191
7941.0,36,26,0,0,62,0,191
7942.0,36,26,0,0,62,0,191
7943.0,36,26,0,0,62,0,191
7944.0,36,26,0,0,62,0,191
7945.0,36,26,0,0,62,0,191
7946.0,36,26,0,0,62,0,191
7947.0,36,26,0,0,62,0,191
7948.0,36,26,0,0,62,0,191
7949.0,36,26,0,0,62,0,191
7950.0,36,26,0,0,62,0,191
7951.0,36,26,0,0,62,0,191
7952.0,36,26,0,0,62,0,191
7953.0,36,26,0,0,62,0,191
7954.0,36,26,0,0,62,0,191
7955.0,36,26,0,0,62,0,191
7956.0,36,26,0,0,62,0,191
7957.0,36,26,0,0,62,0,191
7958.0,36,26,0,0,62,0,191
7959.0,36,26,0,0,62,0,191
7960.0,36,26,0,0,62,0,191
7961.0,36,26,0,0,62,0,191
7962.0,36,26,0,0,62,0,191
7963.0,36,26,0,0,62,0,191
7964.0,36,26,0,0,62,0,191
7965.0,36,26,0,0,62,0,191
7966.0,36,26,0,0,62,0,191
7967.0,36,26,0,0,62,0,191
7968.0,36,26,0,0,62,0,191
7969.0,36,26,0,0,62,0,191
7970.0,36,26,0,0,62,0,191
7971.0,36,26,0,0,62,0,191
7972.0,36,26,0,0,62,0,191
7973.0,36,26,0,0,62,0,191
7974.0,36,26,0,0,62,0,191
7975.0,36,26,0,0,62,0,191
7976.0,36,26,0,0,62,0,191
7977.0,36,26,0,0,62,0,191
7978.0,36,26,0,0,62,0,191
7979.0,36,26,0,0,62,0,191
7980.0,36,26,0,0,62,0,191
7981.0,36,26,0,0,62,0,191
7982.0,36,26,0,0,62,0,191
7983.0,36,26,0,0,62,0,191
7984.0,36,26,0,0,62,0,191
7985.0,36,26,0,0,62,0,191
7986.0,36,26,0,0,62,0,191
7987.0,36,26,0,0,62,0,191
7988.0,36,26,0,0,62,0,191
7989.0,36,26,0,0,62,0,191
7990.0,36,26,0,0,62,0,191
7991.0,36,26,0,0,62,0,191
7992.0,36,26,0,0,62,0,191
7993.0,36,26,0,0,62,0,191
7994.0,36,26,0,0,62,0,191
7995.0,36,26,0,0,62,0,191
7996.0,36,26,0,0,62,0,191
7997.0,36,26,0,0,62,0,191
7998.0,36,26,0,0,62,0,191
7999.0,36,26,0,0,62,0,191
8000.0,36,26,0,0,62,0,191
8001.0,36,26,0,0,62,0,191
8002.0,36,26,0,0,62,0,191
8003.0,36,26,0,0,62,0,191
8004.0,36,26,0,0,62,0,191
8005.0,36,26,0,0,62,0,191
8006.0,36,26,0,0,62,0,191
8007.0,36,26,0,0,62,0,191
8008.0,36,26,0,0,62,0,191
8009.0,36,26,0,0,62,0,191
8010.0,36,26,0,0,62,0,191
8011.0,36,26,0,0,62,0,191
8012.0,36,26,0,0,62,0,191
8013.0,36,26,0,0,62,0,191
8014.0,36,26,0,0,62,0,191
8015.0,36,26,0,0,62,0,191
8016.0,36,26,0,0,62,0,191
8017.0,36,26,0,0,62,0,191
8018.0,36,26,0,0,62,0,191
8019.0,36,26,0,0,62,0,191
8020.0,36,26,0,0,62,0,191
8021.0,36,26,0,0,62,0,191
8022.0,36,26,0,0,62,0,191
8023.0,36,26,0,0,62,0,191
8024.0,36,26,0,0,62,0,191
8025.0,36,26,0,0,62,0,191
8026.0,36,26,0,0,62,0,191
8027.0,36,26,0,0,62,0,191
8028.0,36,26,0,0,62,0,191
8029.0,36,26,0,0,62,0,191
8030.0,36,26,0,0,62,0,191
8031.0,36,26,0,0,62,0,191
8032.0,36,26,0,0,62,0,191
8033.0,36,26,0,0,62,0,191
8034.0,36,26,0,0,62,0,191
8035.0,36,26,0,0,62,0,191
8036.0,36,26,0,0,62,0,191
8037.0,36,26,0,0,62,0,191
8038.0,36,26,0,0,62,0,191
8039.0,36,26,0,0,62,0,191
8040.0,36,26,0,0,62,0,191
8041.0,36,26,0,0,62,0,191
8042.0,36,26,0,0,62,0,191
8043.0,36,26,0,0,62,0,191
8044.0,36,26,0,0,62,0,191
8045.0,36,26,0,0,62,0,191
8046.0,36,26,0,0,62,0,191
8047.0,36,26,0,0,62,0,191
8048.0,36,26,0,0,62,0,191
8049.0,36,26,0,0,62,0,191
8050.0,36,26,0,0,62,0,191
8051.0,36,26,0,0,62,0,191
8052.0,36,26,0,0,62,0,191
8053.0,36,26,0,0,62,0,191
8054.0,36,26,0,0,62,0,191
8055.0,36,26,0,0,62,0,191
8056.0,36,26,0,0,62,0,191
8057.0,36,26,0,0,62,0,191
8058.0,36,26,0,0,62,0,191
8059.0,36,26,0,0,62,0,191
8060.0,36,26,0,0,62,0,191
8061.0,36,26,0,0,62,0,191
8062.0,36,26,0,0,62,0,191
8063.0,36,26,0,0,62,0,191
8064.0,36,26,0,0,62,0,191
8065.0,36,26,0,0,62,0,191
8066.0,36,26,0,0,62,0,191
8067.0,36,26,0,0,62,0,191
8068.0,36,26,0,0,62,0,191
8069.0,36,26,0,0,62,0,191
8070.0,36,26,0,0,62,0,191
8071.0,36,26,0,0,62,0,191
8072.0,36,26,0,0,62,0,191
8073.0,36,26,0,0,62,0,191
8074.0,36,26,0,0,62,0,191
8075.0,36,26,0,0,62,0,191
8076.0,36,26,0,0,62,0,191
8077.0,36,26,0,0,62,0,191
8078.0,36,26,0,0,62,0,191
8079.0,36,26,0,0,62,0,191
8080.0,36,26,0,0,62,0,191
8081.0,36,26,0,0,62,0,191
8082.0,36,26,0,0,62,0,191
8083.0,36,26,0,0,62,0,191
8084.0,36,26,0,0,62,0,191
8085.0,36,26,0,0,62,0,191
8086.0,36,26,0,0,62,0,191
8087.0,36,26,0,0,62,0,191
8088.0,36,26,0,0,62,0,191
8089.0,36,26,0,0,62,0,191
8090.0,36,26,0,0,62,0,191
8091.0,36,26,0,0,62,0,191
8092.0,36,26,0,0,62,0,191
8093.0,36,26,0,0,62,0,191
8094.0,36,26,0,0,62,0,191
8095.0,36,26,0,0,62,0,191
8096.0,36,26,0,0,62,0,191
8097.0,36,26,0,0,62,0,191
8098.0,36,26,0,0,62,0,191
8099.0,36,26,0,0,62,0,191
8100.0,36,26,0,0,62,0,191
8101.0,36,26,0,0,62,0,191
8102.0,36,26,0,0,62,0,191
8103.0,36,26,0,0,62,0,191
8104.0,36,26,0,0,62,0,191
8105.0,36,26,0,0,62,0,191
8106.0,36,26,0,0,62,0,191
8107.0,36,26,0,0,62,0,191
8108.0,36,26,0,0,62,0,191
8109.0,36,26,0,0,62,0,191
8110.0,36,26,0,0,62,0,191
8111.0,36,26,0,0,62,0,191
8112.0,36,26,0,0,62,0,191
8113.0,36,26,0,0,62,0,191
8114.0,36,26,0,0,62,0,191
8115.0,36,26,0,0,62,0,191
8116.0,36,26,0,0,62,0,191
8117.0,36,26,0,0,62,0,191
8118.0,36,26,0,0,62,0,191
8119.0,36,26,0,0,62,0,191
8120.0,36,26,0,0,62,0,191
8121.0,36,26,0,0,62,0,191
8122.0,36,26,0,0,62,0,191
8123.0,36,26,0,0,62,0,191
8124.0,36,26,0,0,62,0,191
8125.0,36,26,0,0,62,0,191
8126.0,36,26,0,0,62,0,191
8127.0,36,26,0,0,62,0,191
8128.0,36,26,0,0,62,0,191
8129.0,36,26,0,0,62,0,191
8130.0,36,26,0,0,62,0,191
8131.0,36,26,0,0,62,0,191
8132.0,36,26,0,0,62,0,191
8133.0,36,26,0,0,62,0,191
8134.0,36,26,0,0,62,0,191
8135.0,36,26,0,0,62,0,191
8136.0,36,26,0,0,62,0,191
8137.0,36,26,0,0,62,0,191
8138.0,36,26,0,0,62,0,191
8139.0,36,26,0,0,62,0,191
8140.0,36,26,0,0,62,0,191
8141.0,36,26,0,0,62,0,191
8142.0,36,26,0,0,62,0,191
8143.0,36,26,0,0,62,0,191
8144.0,36,26,0,0,62,0,191
8145.0,36,26,0,0,62,0,191
8146.0,36,26,0,0,62,0,191
8147.0,36,26,0,0,62,0,191
8148.0,36,26,0,0,62,0,191
8149.0,36,26,0,0,62,0,191
8150.0,36,26,0,0,62,0,191
8151.0,36,26,0,0,62,0,191
8152.0,36,26,0,0,62,0,191
8153.0,36,26,0,0,62,0,191
8154.0,36,26,0,0,62,0,191
8155.0,36,26,0,0,62,0,191
8156.0,36,26,0,0,62,0,191
8157.0,36,26,0,0,62,0,191
8158.0,36,26,0,0,62,0,191
8159.0,36,26,0,0,62,0,191
8160.0,36,26,0,0,62,0,191
8161.0,36,26,0,0,62,0,191
8162.0,36,26,0,0,62,0,191
8163.0,36,26,0,0,62,0,191
8164.0,36,26,0,0,62,0,191
8165.0,36,26,0,0,62,0,191
8166.0,36,26,0,0,62,0,191
8167.0,36,26,0,0,62,0,191
8168.0,36,26,0,0,62,0,191
8169.0,36,26,0,0,62,0,191
8170.0,36,26,0,0,62,0,191
8171.0,36,26,0,0,62,0,191
8172.0,36,26,0,0,62,0,191
8173.0,36,26,0,0,62,0,191
8174.0,36,26,0,0,62,0,191
8175.0,36,26,0,0,62,0,191
8176.0,36,26,0,0,62,0,191
8177.0,36,26,0,0,62,0,191
8178.0,36,26,0,0,62,0,191
8179.0,36,26,0,0,62,0,191
8180.0,36,26,0,0,62,0,191
8181.0,36,26,0,0,62,0,191
8182.0,36,26,0,0,62,0,191
8183.0,36,26,0,0,62,0,191
8184.0,36,26,0,0,62,0,191
8185.0,36,26,0,0,62,0,191
8186.0,36,26,0,0,62,0,191
8187.0,36,26,0,0,62,0,191
8188.0,36,26,0,0,62,0,191
8189.0,36,26,0,0,62,0,191
8190.0,36,26,0,0,62,0,191
8191.0,36,26,0,0,62,0,191
8192.0,36,26,0,0,62,0,191
8193.0,36,26,0,0,62,0,191
8194.0,36,26,0,0,62,0,191
8195.0,36,26,0,0,62,0,191
8196.0,36,26,0,0,62,0,191
8197.0,36,26,0,0,62,0,191
8198.0,36,26,0,0,62,0,191
8199.0,36,26,0,0,62,0,191
8200.0,36,26,0,0,62,0,191
8201.0,36,26,0,0,62,0,191
8202.0,36,26,0,0,62,0,191
8203.0,36,26,0,0,62,0,191
8204.0,36,26,0,0,62,0,191
8205.0,36,26,0,0,62,0,191
8206.0,36,26,0,0,62,0,191
8207.0,36,26,0,0,62,0,191
8208.0,36,26,0,0,62,0,191
8209.0,36,26,0,0,62,0,191
8210.0,36,26,0,0,62,0,191
8211.0,36,26,0,0,62,0,191
8212.0,36,26,0,0,62,0,191
8213.0,36,26,0,0,62,0,191
8214.0,36,26,0,0,62,0,191
8215.0,36,26,0,0,62,0,191
8216.0,36,26,0,0,62,0,191
8217.0,36,26,0,0,62,0,191
8218.0,36,26,0,0,62,0,191
8219.0,36,26,0,0,62,0,191
8220.0,36,26,0,0,62,0,191
8221.0,36,26,0,0,62,0,191
8222.0,36,26,0,0,62,0,191
8223.0,36,26,0,0,62,0,191
8224.0,36,26,0,0,62,0,191
8225.0,36,26,0,0,62,0,191
8226.0,36,26,0,0,62,0,191
8227.0,36,26,0,0,62,0,191
8228.0,36,26,0,0,62,0,191
8229.0,36,26,0,0,62,0,191
8230.0,36,26,0,0,62,0,191
8231.0,36,26,0,0,62,0,191
8232.0,36,26,0,0,62,0,191
8233.0,36,26,0,0,62,0,191
8234.0,36,26,0,0,62,0,191
8235.0,36,26,0,0,62,0,191
8236.0,36,26,0,0,62,0,191
8237.0,36,26,0,0,62,0,191
8238.0,36,26,0,0,62,0,191
8239.0,36,26,0,0,62,0,191
8240.0,36,26,0,0,62,0,191
8241.0,36,26,0,0,62,0,191
8242.0,36,26,0,0,62,0,191
8243.0,36,26,0,0,62,0,191
8244.0,36,26,0,0,62,0,191
8245.0,36,26,0,0,62,0,191
8246.0,36,26,0,0,62,0,191
8247.0,36,26,0,0,62,0,191
8248.0,36,26,0,0,62,0,191
8249.0,36,26,0,0,62,0,191
8250.0,36,26,0,0,62,0,191
8251.0,36,26,0,0,62,0,191
8252.0,36,26,0,0,62,0,191
8253.0,36,26,0,0,62,0,191
8254.0,36,26,0,0,62,0,191
8255.0,36,26,0,0,62,0,191
8256.0,36,26,0,0,62,0,191
8257.0,36,26,0,0,62,0,191
8258.0,36,26,0,0,62,0,191
8259.0,36,26,0,0,62,0,191
8260.0,36,26,0,0,62,0,191
8261.0,36,26,0,0,62,0,191
8262.0,36,26,0,0,62,0,191
8263.0,36,26,0,0,62,0,191
8264.0,36,26,0,0,62,0,191
8265.0,36,26,0,0,62,0,191
8266.0,36,26,0,0,62,0,191
8267.0,36,26,0,0,62,0,191
8268.0,36,26,0,0,62,0,191
8269.0,36,26,0,0,62,0,191
8270.0,36,26,0,0,62,0,191
8271.0,36,26,0,0,62,0,191
8272.0,36,26,0,0,62,0,191
8273.0,36,26,0,0,62,0,191
8274.0,36,26,0,0,62,0,191
8275.0,36,26,0,0,62,0,191
8276.0,36,26,0,0,62,0,191
8277.0,36,26,0,0,62,0,191
8278.0,36,26,0,0,62,0,191
8279.0,36,26,0,0,62,0,191
8280.0,36,26,0,0,62,0,191
8281.0,36,26,0,0,62,0,191
8282.0,36,26,0,0,62,0,191
8283.0,36,26,0,0,62,0,191
8284.0,36,26,0,0,62,0,191
8285.0,36,26,0,0,62,0,191
8286.0,36,26,0,0,62,0,191
8287.0,36,26,0,0,62,0,191
8288.0,36,26,0,0,62,0,191
8289.0,36,26,0,0,62,0,191
8290.0,36,26,0,0,62,0,191
8291.0,36,26,0,0,62,0,191
8292.0,36,26,0,0,62,0,191
8293.0,36,26,0,0,62,0,191
8294.0,36,26,0,0,62,0,191
8295.0,36,26,0,0,62,0,191
8296.0,36,26,0,0,62,0,191
8297.0,36,26,0,0,62,0,191
8298.0,36,26,0,0,62,0,191
8299.0,36,26,0,0,62,0,191
8300.0,36,26,0,0,62,0,191
8301.0,36,26,0,0,62,0,191
8302.0,36,26,0,0,62,0,191
8303.0,36,26,0,0,62,0,191
8304.0,36,26,0,0,62,0,191
8305.0,36,26,0,0,62,0,191
8306.0,36,26,0,0,62,0,191
8307.0,36,26,0,0,62,0,191
8308.0,36,26,0,0,62,0,191
8309.0,36,26,0,0,62,0,191
8310.0,36,26,0,0,62,0,191
8311.0,36,26,0,0,62,0,191
8312.0,36,26,0,0,62,0,191
8313.0,36,26,0,0,62,0,191
8314.0,36,26,0,0,62,0,191
8315.0,36,26,0,0,62,0,191
8316.0,36,26,0,0,62,0,191
8317.0,36,26,0,0,62,0,191
8318.0,36,26,0,0,62,0,191
8319.0,36,26,0,0,62,0,191
8320.0,36,26,0,0,62,0,191
8321.0,36,26,0,0,62,0,191
8322.0,36,26,0,0,62,0,191
8323.0,36,26,0,0,62,0,191
8324.0,36,26,0,0,62,0,191
8325.0,36,26,0,0,62,0,191
8326.0,36,26,0,0,62,0,191
8327.0,36,26,0,0,62,0,191
8328.0,36,26,0,0,62,0,191
8329.0,36,26,0,0,62,0,191
8330.0,36,26,0,0,62,0,191
8331.0,36,26,0,0,62,0,191
8332.0,36,26,0,0,62,0,191
8333.0,36,26,0,0,62,0,191
8334.0,36,26,0,0,62,0,191
8335.0,36,26,0,0,62,0,191
8336.0,36,26,0,0,62,0,191
8337.0,36,26,0,0,62,0,191
8338.0,36,26,0,0,62,0,191
8339.0,36,26,0,0,62,0,191
8340.0,36,26,0,0,62,0,191
8341.0,36,26,0,0,62,0,191
8342.0,36,26,0,0,62,0,191
8343.0,36,26,0,0,62,0,191
8344.0,36,26,0,0,62,0,191
8345.0,36,26,0,0,62,0,191
8346.0,36,26,0,0,62,0,191
8347.0,36,26,0,0,62,0,191
8348.0,36,26,0,0,62,0,191
8349.0,36,26,0,0,62,0,191
8350.0,36,26,0,0,62,0,191
8351.0,36,26,0,0,62,0,191
8352.0,36,26,0,0,62,0,191
8353.0,36,26,0,0,62,0,191
8354.0,36,26,0,0,62,0,191
8355.0,36,26,0,0,62,0,191
8356.0,36,26,0,0,62,0,191
8357.0,36,26,0,0,62,0,191
8358.0,36,26,0,0,62,0,191
8359.0,36,26,0,0,62,0,191
8360.0,36,26,0,0,62,0,191
8361.0,36,26,0,0,62,0,191
8362.0,36,26,0,0,62,0,191
8363.0,36,26,0,0,62,0,191
8364.0,36,26,0,0,62,0,191
8365.0,36,26,0,0,62,0,191
8366.0,36,26,0,0,62,0,191
8367.0,36,26,0,0,62,0,191
8368.0,36,26,0,0,62,0,191
8369.0,36,26,0,0,62,0,191
8370.0,36,26,0,0,62,0,191
8371.0,36,26,0,0,62,0,191
8372.0,36,26,0,0,62,0,191
8373.0,36,26,0,0,62,0,191
8374.0,36,26,0,0,62,0,191
8375.0,36,26,0,0,62,0,191
8376.0,36,26,0,0,62,0,191
8377.0,36,26,0,0,62,0,191
8378.0,36,26,0,0,62,0,191
8379.0,36,26,0,0,62,0,191
8380.0,36,26,0,0,62,0,191
8381.0,36,26,0,0,62,0,191
8382.0,36,26,0,0,62,0,191
8383.0,36,26,0,0,62,0,191
8384.0,36,26,0,0,62,0,191
8385.0,36,26,0,0,62,0,191
8386.0,36,26,0,0,62,0,191
8387.0,36,26,0,0,62,0,191
8388.0,36,26,0,0,62,0,191
8389.0,36,26,0,0,62,0,191
8390.0,36,26,0,0,62,0,191
8391.0,36,26,0,0,62,0,191
8392.0,36,26,0,0,62,0,191
8393.0,36,26,0,0,62,0,191
8394.0,36,26,0,0,62,0,191
8395.0,36,26,0,0,62,0,191
8396.0,36,26,0,0,62,0,191
8397.0,36,26,0,0,62,0,191
8398.0,36,26,0,0,62,0,191
8399.0,36,26,0,0,62,0,191
8400.0,36,26,0,0,62,0,191
8401.0,36,26,0,0,62,0,191
8402.0,36,26,0,0,62,0,191
8403.0,36,26,0,0,62,0,191
8404.0,36,26,0,0,62,0,191
8405.0,36,26,0,0,62,0,191
8406.0,36,26,0,0,62,0,191
8407.0,36,26,0,0,62,0,191
8408.0,36,26,0,0,62,0,191
8409.0,36,26,0,0,62,0,191
8410.0,36,26,0,0,62,0,191
8411.0,36,26,0,0,62,0,191
8412.0,36,26,0,0,62,0,191
8413.0,36,26,0,0,62,0,191
8414.0,36,26,0,0,62,0,191
8415.0,36,26,0,0,62,0,191
8416.0,36,26,0,0,62,0,191
8417.0,36,26,0,0,62,0,191
8418.0,36,26,0,0,62,0,191
8419.0,36,26,0,0,62,0,191
8420.0,36,26,0,0,62,0,191
8421.0,36,26,0,0,62,0,191
8422.0,36,26,0,0,62,0,191
8423.0,36,26,0,0,62,0,191
8424.0,36,26,0,0,62,0,191
8425.0,36,26,0,0,62,0,191
8426.0,36,26,0,0,62,0,191
8427.0,36,26,0,0,62,0,191
8428.0,36,26,0,0,62,0,191
8429.0,36,26,0,0,62,0,191
8430.0,36,26,0,0,62,0,191
8431.0,36,26,0,0,62,0,191
8432.0,36,26,0,0,62,0,191
8433.0,36,26,0,0,62,0,191
8434.0,36,26,0,0,62,0,191
8435.0,36,26,0,0,62,0,191
8436.0,36,26,0,0,62,0,191
8437.0,36,26,0,0,62,0,191
8438.0,36,26,0,0,62,0,191
8439.0,36,26,0,0,62,0,191
8440.0,36,26,0,0,62,0,191
8441.0,36,26,0,0,62,0,191
8442.0,36,26,0,0,62,0,191
8443.0,36,26,0,0,62,0,191
8444.0,36,26,0,0,62,0,191
8445.0,36,26,0,0,62,0,191
8446.0,36,26,0,0,62,0,191
8447.0,36,26,0,0,62,0,191
8448.0,36,26,0,0,62,0,191
8449.0,36,26,0,0,62,0,191
8450.0,36,26,0,0,62,0,191
8451.0,36,26,0,0,62,0,191
8452.0,36,26,0,0,62,0,191
8453.0,36,26,0,0,62,0,191
8454.0,36,26,0,0,62,0,191
8455.0,36,26,0,0,62,0,191
8456.0,36,26,0,0,62,0,191
8457.0,36,26,0,0,62,0,191
8458.0,36,26,0,0,62,0,191
8459.0,36,26,0,0,62,0,191
8460.0,36,26,0,0,62,0,191
8461.0,36,26,0,0,62,0,191
8462.0,36,26,0,0,62,0,191
8463.0,36,26,0,0,62,0,191
8464.0,36,26,0,0,62,0,191
8465.0,36,26,0,0,62,0,191
8466.0,36,26,0,0,62,0,191
8467.0,36,26,0,0,62,0,191
8468.0,36,26,0,0,62,0,191
8469.0,36,26,0,0,62,0,191
8470.0,36,26,0,0,62,0,191
8471.0,36,26,0,0,62,0,191
8472.0,36,26,0,0,62,0,191
8473.0,36,26,0,0,62,0,191
8474.0,36,26,0,0,62,0,191
8475.0,36,26,0,0,62,0,191
8476.0,36,26,0,0,62,0,191
8477.0,36,26,0,0,62,0,191
8478.0,36,26,0,0,62,0,191
8479.0,36,26,0,0,62,0,191
8480.0,36,26,0,0,62,0,191
8481.0,36,26,0,0,62,0,191
8482.0,36,26,0,0,62,0,191
8483.0,36,26,0,0,62,0,191
8484.0,36,26,0,0,62,0,191
8485.0,36,26,0,0,62,0,191
8486.0,36,26,0,0,62,0,191
8487.0,36,26,0,0,62,0,191
8488.0,36,26,0,0,62,0,191
8489.0,36,26,0,0,62,0,191
8490.0,36,26,0,0,62,0,191
8491.0,36,26,0,0,62,0,191
8492.0,36,26,0,0,62,0,191
8493.0,36,26,0,0,62,0,191
8494.0,36,26,0,0,62,0,191
8495.0,36,26,0,0,62,0,191
8496.0,36,26,0,0,62,0,191
8497.0,36,26,0,0,62,0,191
8498.0,36,26,0,0,62,0,191
8499.0,36,26,0,0,62,0,191
8500.0,36,26,0,0,62,0,191
8501.0,36,26,0,0,62,0,191
8502.0,36,26,0,0,62,0,191
8503.0,36,26,0,0,62,0,191
8504.0,36,26,0,0,62,0,191
8505.0,36,26,0,0,62,0,191
8506.0,36,26,0,0,62,0,191
8507.0,36,26,0,0,62,0,191
8508.0,36,26,0,0,62,0,191
8509.0,36,26,0,0,62,0,191
8510.0,36,26,0,0,62,0,191
8511.0,36,26,0,0,62,0,191
8512.0,36,26,0,0,62,0,191
8513.0,36,26,0,0,62,0,191
8514.0,36,26,0,0,62,0,191
8515.0,36,26,0,0,62,0,191
8516.0,36,26,0,0,62,0,191
8517.0,36,26,0,0,62,0,191
8518.0,36,26,0,0,62,0,191
8519.0,36,26,0,0,62,0,191
8520.0,36,26,0,0,62,0,191
8521.0,36,26,0,0,62,0,191
8522.0,36,26,0,0,62,0,191
8523.0,36,26,0,0,62,0,191
8524.0,36,26,0,0,62,0,191
8525.0,36,26,0,0,62,0,191
8526.0,36,26,0,0,62,0,191
8527.0,36,26,0,0,62,0,191
8528.0,36,26,0,0,62,0,191
8529.0,36,26,0,0,62,0,191
8530.0,36,26,0,0,62,0,191
8531.0,36,26,0,0,62,0,191
8532.0,36,26,0,0,62,0,191
8533.0,36,26,0,0,62,0,191
8534.0,36,26,0,0,62,0,191
8535.0,36,26,0,0,62,0,191
8536.0,36,26,0,0,62,0,191
8537.0,36,26,0,0,62,0,191
8538.0,36,26,0,0,62,0,191
8539.0,36,26,0,0,62,0,191
8540.0,36,26,0,0,62,0,191
8541.0,36,26,0,0,62,0,191
8542.0,36,26,0,0,62,0,191
8543.0,36,26,0,0,62,0,191
8544.0,36,26,0,0,62,0,191
8545.0,36,26,0,0,62,0,191
8546.0,36,26,0,0,62,0,191
8547.0,36,26,0,0,62,0,191
8548.0,36,26,0,0,62,0,191
8549.0,36,26,0,0,62,0,191
8550.0,36,26,0,0,62,0,191
8551.0,36,26,0,0,62,0,191
8552.0,36,26,0,0,62,0,191
8553.0,36,26,0,0,62,0,191
8554.0,36,26,0,0,62,0,191
8555.0,36,26,0,0,62,0,191
8556.0,36,26,0,0,62,0,191
8557.0,36,26,0,0,62,0,191
8558.0,36,26,0,0,62,0,191
8559.0,36,26,0,0,62,0,191
8560.0,36,26,0,0,62,0,191
8561.0,36,26,0,0,62,0,191
8562.0,36,26,0,0,62,0,191
8563.0,36,26,0,0,62,0,191
8564.0,36,26,0,0,62,0,191
8565.0,36,26,0,0,62,0,191
8566.0,36,26,0,0,62,0,191
8567.0,36,26,0,0,62,0,191
8568.0,36,26,0,0,62,0,191
8569.0,36,26,0,0,62,0,191
8570.0,36,26,0,0,62,0,191
8571.0,36,26,0,0,62,0,191
8572.0,36,26,0,0,62,0,191
8573.0,36,26,0,0,62,0,191
8574.0,36,26,0,0,62,0,191
8575.0,36,26,0,0,62,0,191
8576.0,36,26,0,0,62,0,191
8577.0,36,26,0,0,62,0,191
8578.0,36,26,0,0,62,0,191
8579.0,36,26,0,0,62,0,191
8580.0,36,26,0,0,62,0,191
8581.0,36,26,0,0,62,0,191
8582.0,36,26,0,0,62,0,191
8583.0,36,26,0,0,62,0,191
8584.0,36,26,0,0,62,0,191
8585.0,36,26,0,0,62,0,191
8586.0,36,26,0,0,62,0,191
8587.0,36,26,0,0,62,0,191
8588.0,36,26,0,0,62,0,191
8589.0,36,26,0,0,62,0,191
8590.0,36,26,0,0,62,0,191
8591.0,36,26,0,0,62,0,191
8592.0,36,26,0,0,62,0,191
8593.0,36,26,0,0,62,0,191
8594.0,36,26,0,0,62,0,191
8595.0,36,26,0,0,62,0,191
8596.0,36,26,0,0,62,0,191
8597.0,36,26,0,0,62,0,191
8598.0,36,26,0,0,62,0,191
8599.0,36,26,0,0,62,0,191
8600.0,36,26,0,0,62,0,191
8601.0,36,26,0,0,62,0,191
8602.0,36,26,0,0,62,0,191
8603.0,36,26,0,0,62,0,191
8604.0,36,26,0,0,62,0,191
8605.0,36,26,0,0,62,0,191
8606.0,36,26,0,0,62,0,191
8607.0,36,26,0,0,62,0,191
8608.0,36,26,0,0,62,0,191
8609.0,36,26,0,0,62,0,191
8610.0,36,26,0,0,62,0,191
8611.0,36,26,0,0,62,0,191
8612.0,36,26,0,0,62,0,191
8613.0,36,26,0,0,62,0,191
8614.0,36,26,0,0,62,0,191
8615.0,36,26,0,0,62,0,191
8616.0,36,26,0,0,62,0,191
8617.0,36,26,0,0,62,0,191
8618.0,36,26,0,0,62,0,191
8619.0,36,26,0,0,62,0,191
8620.0,36,26,0,0,62,0,191
8621.0,36,26,0,0,62,0,191
8622.0,36,26,0,0,62,0,191
8623.0,36,26,0,0,62,0,191
8624.0,36,26,0,0,62,0,191
8625.0,36,26,0,0,62,0,191
8626.0,36,26,0,0,62,0,191
8627.0,36,26,0,0,62,0,191
8628.0,36,26,0,0,62,0,191
8629.0,36,26,0,0,62,0,191
8630.0,36,26,0,0,62,0,191
8631.0,36,26,0,0,62,0,191
8632.0,36,26,0,0,62,0,191
8633.0,36,26,0,0,62,0,191
8634.0,36,26,0,0,62,0,191
8635.0,36,26,0,0,62,0,191
8636.0,36,26,0,0,62,0,191
8637.0,36,26,0,0,62,0,191
8638.0,36,26,0,0,62,0,191
8639.0,36,26,0,0,62,0,191
8640.0,36,26,0,0,62,0,191
8641.0,36,26,0,0,62,0,191
8642.0,36,26,0,0,62,0,191
8643.0,36,26,0,0,62,0,191
8644.0,36,26,0,0,62,0,191
8645.0,36,26,0,0,62,0,191
8646.0,36,26,0,0,62,0,191
8647.0,36,26,0,0,62,0,191
8648.0,36,26,0,0,62,0,191
8649.0,36,26,0,0,62,0,191
8650.0,36,26,0,0,62,0,191
8651.0,36,26,0,0,62,0,191
8652.0,36,26,0,0,62,0,191
8653.0,36,26,0,0,62,0,191
8654.0,36,26,0,0,62,0,191
8655.0,36,26,0,0,62,0,191
8656.0,36,26,0,0,62,0,191
8657.0,36,26,0,0,62,0,191
8658.0,36,26,0,0,62,0,191
8659.0,36,26,0,0,62,0,191
8660.0,36,26,0,0,62,0,191
8661.0,36,26,0,0,62,0,191
8662.0,36,26,0,0,62,0,191
8663.0,36,26,0,0,62,0,191
8664.0,36,26,0,0,62,0,191
8665.0,36,26,0,0,62,0,191
8666.0,36,26,0,0,62,0,191
8667.0,36,26,0,0,62,0,191
8668.0,36,26,0,0,62,0,191
8669.0,36,26,0,0,62,0,191
8670.0,36,26,0,0,62,0,191
8671.0,36,26,0,0,62,0,191
8672.0,36,26,0,0,62,0,191
8673.0,36,26,0,0,62,0,191
8674.0,36,26,0,0,62,0,191
8675.0,36,26,0,0,62,0,191
8676.0,36,26,0,0,62,0,191
8677.0,36,26,0,0,62,0,191
8678.0,36,26,0,0,62,0,191
8679.0,36,26,0,0,62,0,191
8680.0,36,26,0,0,62,0,191
8681.0,36,26,0,0,62,0,191
8682.0,36,26,0,0,62,0,191
8683.0,36,26,0,0,62,0,191
8684.0,36,26,0,0,62,0,191
8685.0,36,26,0,0,62,0,191
8686.0,36,26,0,0,62,0,191
8687.0,36,26,0,0,62,0,191
8688.0,36,26,0,0,62,0,191
8689.0,36,26,0,0,62,0,191
8690.0,36,26,0,0,62,0,191
8691.0,36,26,0,0,62,0,191
8692.0,36,26,0,0,62,0,191
8693.0,36,26,0,0,62,0,191
8694.0,36,26,0,0,62,0,191
8695.0,36,26,0,0,62,0,191
8696.0,36,26,0,0,62,0,191
8697.0,36,26,0,0,62,0,191
8698.0,36,26,0,0,62,0,191
8699.0,36,26,0,0,62,0,191
8700.0,36,26,0,0,62,0,191
8701.0,36,26,0,0,62,0,191
8702.0,36,26,0,0,62,0,191
8703.0,36,26,0,0,62,0,191
8704.0,36,26,0,0,62,0,191
8705.0,36,26,0,0,62,0,191
8706.0,36,26,0,0,62,0,191
8707.0,36,26,0,0,62,0,191
8708.0,36,26,0,0,62,0,191
8709.0,36,26,0,0,62,0,191
8710.0,36,26,0,0,62,0,191
8711.0,36,26,0,0,62,0,191
8712.0,36,26,0,0,62,0,191
8713.0,36,26,0,0,62,0,191
8714.0,36,26,0,0,62,0,191
8715.0,36,26,0,0,62,0,191
8716.0,36,26,0,0,62,0,191
8717.0,36,26,0,0,62,0,191
8718.0,36,26,0,0,62,0,191
8719.0,36,26,0,0,62,0,191
8720.0,36,26,0,0,62,0,191
8721.0,36,26,0,0,62,0,191
8722.0,36,26,0,0,62,0,191
8723.0,36,26,0,0,62,0,191
8724.0,36,26,0,0,62,0,191
8725.0,36,26,0,0,62,0,191
8726.0,36,26,0,0,62,0,191
8727.0,36,26,0,0,62,0,191
8728.0,36,26,0,0,62,0,191
8729.0,36,26,0,0,62,0,191
8730.0,36,26,0,0,62,0,191
8731.0,36,26,0,0,62,0,191
8732.0,36,26,0,0,62,0,191
8733.0,36,26,0,0,62,0,191
8734.0,36,26,0,0,62,0,191
8735.0,36,26,0,0,62,0,191
8736.0,36,26,0,0,62,0,191
8737.0,36,26,0,0,62,0,191
8738.0,36,26,0,0,62,0,191
8739.0,36,26,0,0,62,0,191
8740.0,36,26,0,0,62,0,191
8741.0,36,26,0,0,62,0,191
8742.0,36,26,0,0,62,0,191
8743.0,36,26,0,0,62,0,191
8744.0,36,26,0,0,62,0,191
8745.0,36,26,0,0,62,0,191
8746.0,36,26,0,0,62,0,191
8747.0,36,26,0,0,62,0,191
8748.0,36,26,0,0,62,0,191
8749.0,36,26,0,0,62,0,191
8750.0,36,26,0,0,62,0,191
8751.0,36,26,0,0,62,0,191
8752.0,36,26,0,0,62,0,191
8753.0,36,26,0,0,62,0,191
8754.0,36,26,0,0,62,0,191
8755.0,36,26,0,0,62,0,191
8756.0,36,26,0,0,62,0,191
8757.0,36,26,0,0,62,0,191
8758.0,36,26,0,0,62,0,191
8759.0,36,26,0,0,62,0,191
8760.0,36,26,0,0,62,0,191
8761.0,36,26,0,0,62,0,191
8762.0,36,26,0,0,62,0,191
8763.0,36,26,0,0,62,0,191
8764.0,36,26,0,0,62,0,191
8765.0,36,26,0,0,62,0,191
8766.0,36,26,0,0,62,0,191
8767.0,36,26,0,0,62,0,191
8768.0,36,26,0,0,62,0,191
8769.0,36,26,0,0,62,0,191
8770.0,36,26,0,0,62,0,191
8771.0,36,26,0,0,62,0,191
8772.0,36,26,0,0,62,0,191
8773.0,36,26,0,0,62,0,191
8774.0,36,26,0,0,62,0,191
8775.0,36,26,0,0,62,0,191
8776.0,36,26,0,0,62,0,191
8777.0,36,26,0,0,62,0,191
8778.0,36,26,0,0,62,0,191
8779.0,36,26,0,0,62,0,191
8780.0,36,26,0,0,62,0,191
8781.0,36,26,0,0,62,0,191
8782.0,36,26,0,0,62,0,191
8783.0,36,26,0,0,62,0,191
8784.0,36,26,0,0,62,0,191
8785.0,36,26,0,0,62,0,191
8786.0,36,26,0,0,62,0,191
8787.0,36,26,0,0,62,0,191
8788.0,36,26,0,0,62,0,191
8789.0,36,26,0,0,62,0,191
8790.0,36,26,0,0,62,0,191
8791.0,36,26,0,0,62,0,191
8792.0,36,26,0,0,62,0,191
8793.0,36,26,0,0,62,0,191
8794.0,36,26,0,0,62,0,191
8795.0,36,26,0,0,62,0,191
8796.0,36,26,0,0,62,0,191
8797.0,36,26,0,0,62,0,191
8798.0,36,26,0,0,62,0,191
8799.0,36,26,0,0,62,0,191
8800.0,36,26,0,0,62,0,191
8801.0,36,26,0,0,62,0,191
8802.0,36,26,0,0,62,0,191
8803.0,36,26,0,0,62,0,191
8804.0,36,26,0,0,62,0,191
8805.0,36,26,0,0,62,0,191
8806.0,36,26,0,0,62,0,191
8807.0,36,26,0,0,62,0,191
8808.0,36,26,0,0,62,0,191
8809.0,36,26,0,0,62,0,191
8810.0,36,26,0,0,62,0,191
8811.0,36,26,0,0,62,0,191
8812.0,36,26,0,0,62,0,191
8813.0,36,26,0,0,62,0,191
8814.0,36,26,0,0,62,0,191
8815.0,36,26,0,0,62,0,191
8816.0,36,26,0,0,62,0,191
8817.0,36,26,0,0,62,0,191
8818.0,36,26,0,0,62,0,191
8819.0,36,26,0,0,62,0,191
8820.0,36,26,0,0,62,0,191
8821.0,36,26,0,0,62,0,191
8822.0,36,26,0,0,62,0,191
8823.0,36,26,0,0,62,0,191
8824.0,36,26,0,0,62,0,191
8825.0,36,26,0,0,62,0,191
8826.0,36,26,0,0,62,0,191
8827.0,36,26,0,0,62,0,191
8828.0,36,26,0,0,62,0,191
8829.0,36,26,0,0,62,0,191
8830.0,36,26,0,0,62,0,191
8831.0,36,26,0,0,62,0,191
8832.0,36,26,0,0,62,0,191
8833.0,36,26,0,0,62,0,191
8834.0,36,26,0,0,62,0,191
8835.0,36,26,0,0,62,0,191
8836.0,36,26,0,0,62,0,191
8837.0,36,26,0,0,62,0,191
8838.0,36,26,0,0,62,0,191
8839.0,36,26,0,0,62,0,191
8840.0,36,26,0,0,62,0,191
8841.0,36,26,0,0,62,0,191
8842.0,36,26,0,0,62,0,191
8843.0,36,26,0,0,62,0,191
8844.0,36,26,0,0,62,0,191
8845.0,36,26,0,0,62,0,191
8846.0,36,26,0,0,62,0,191
8847.0,36,26,0,0,62,0,191
8848.0,36,26,0,0,62,0,191
8849.0,36,26,0,0,62,0,191
8850.0,36,26,0,0,62,0,191
8851.0,36,26,0,0,62,0,191
8852.0,36,26,0,0,62,0,191
8853.0,36,26,0,0,62,0,191
8854.0,36,26,0,0,62,0,191
8855.0,36,26,0,0,62,0,191
8856.0,36,26,0,0,62,0,191
8857.0,36,26,0,0,62,0,191
8858.0,36,26,0,0,62,0,191
8859.0,36,26,0,0,62,0,191
8860.0,36,26,0,0,62,0,191
8861.0,36,26,0,0,62,0,191
8862.0,36,26,0,0,62,0,191
8863.0,36,26,0,0,62,0,191
8864.0,36,26,0,0,62,0,191
8865.0,36,26,0,0,62,0,191
8866.0,36,26,0,0,62,0,191
8867.0,36,26,0,0,62,0,191
8868.0,36,26,0,0,62,0,191
8869.0,36,26,0,0,62,0,191
8870.0,36,26,0,0,62,0,191
8871.0,36,26,0,0,62,0,191
8872.0,36,26,0,0,62,0,191
8873.0,36,26,0,0,62,0,191
8874.0,36,26,0,0,62,0,191
8875.0,36,26,0,0,62,0,191
8876.0,36,26,0,0,62,0,191
8877.0,36,26,0,0,62,0,191
8878.0,36,26,0,0,62,0,191
8879.0,36,26,0,0,62,0,191
8880.0,36,26,0,0,62,0,191
8881.0,36,26,0,0,62,0,191
8882.0,36,26,0,0,62,0,191
8883.0,36,26,0,0,62,0,191
8884.0,36,26,0,0,62,0,191
8885.0,36,26,0,0,62,0,191
8886.0,36,26,0,0,62,0,191
8887.0,36,26,0,0,62,0,191
8888.0,36,26,0,0,62,0,191
8889.0,36,26,0,0,62,0,191
8890.0,36,26,0,0,62,0,191
8891.0,36,26,0,0,62,0,191
8892.0,36,26,0,0,62,0,191
8893.0,36,26,0,0,62,0,191
8894.0,36,26,0,0,62,0,191
8895.0,36,26,0,0,62,0,191
8896.0,36,26,0,0,62,0,191
8897.0,36,26,0,0,62,0,191
8898.0,36,26,0,0,62,0,191
8899.0,36,26,0,0,62,0,191
8900.0,36,26,0,0,62,0,191
8901.0,36,26,0,0,62,0,191
8902.0,36,26,0,0,62,0,191
8903.0,36,26,0,0,62,0,191
8904.0,36,26,0,0,62,0,191
8905.0,36,26,0,0,62,0,191
8906.0,36,26,0,0,62,0,191
8907.0,36,26,0,0,62,0,191
8908.0,36,26,0,0,62,0,191
8909.0,36,26,0,0,62,0,191
8910.0,36,26,0,0,62,0,191
8911.0,36,26,0,0,62,0,191
8912.0,36,26,0,0,62,0,191
8913.0,36,26,0,0,62,0,191
8914.0,36,26,0,0,62,0,191
8915.0,36,26,0,0,62,0,191
8916.0,36,26,0,0,62,0,191
8917.0,36,26,0,0,62,0,191
8918.0,36,26,0,0,62,0,191
8919.0,36,26,0,0,62,0,191
8920.0,36,26,0,0,62,0,191
8921.0,36,26,0,0,62,0,191
8922.0,36,26,0,0,62,0,191
8923.0,36,26,0,0,62,0,191
8924.0,36,26,0,0,62,0,191
8925.0,36,26,0,0,62,0,191
8926.0,36,26,0,0,62,0,191
8927.0,36,26,0,0,62,0,191
8928.0,36,26,0,0,62,0,191
8929.0,36,26,0,0,62,0,191
8930.0,36,26,0,0,62,0,191
8931.0,36,26,0,0,62,0,191
8932.0,36,26,0,0,62,0,191
8933.0,36,26,0,0,62,0,191
8934.0,36,26,0,0,62,0,191
8935.0,36,26,0,0,62,0,191
8936.0,36,26,0,0,62,0,191
8937.0,36,26,0,0,62,0,191
8938.0,36,26,0,0,62,0,191
8939.0,36,26,0,0,62,0,191
8940.0,36,26,0,0,62,0,191
8941.0,36,26,0,0,62,0,191
8942.0,36,26,0,0,62,0,191
8943.0,36,26,0,0,62,0,191
8944.0,36,26,0,0,62,0,191
8945.0,36,26,0,0,62,0,191
8946.0,36,26,0,0,62,0,191
8947.0,36,26,0,0,62,0,191
8948.0,36,26,0,0,62,0,191
8949.0,36,26,0,0,62,0,191
8950.0,36,26,0,0,62,0,191
8951.0,36,26,0,0,62,0,191
8952.0,36,26,0,0,62,0,191
8953.0,36,26,0,0,62,0,191
8954.0,36,26,0,0,62,0,191
8955.0,36,26,0,0,62,0,191
8956.0,36,26,0,0,62,0,191
8957.0,36,26,0,0,62,0,191
8958.0,36,26,0,0,62,0,191
8959.0,36,26,0,0,62,0,191
8960.0,36,26,0,0,62,0,191
8961.0,36,26,0,0,62,0,191
8962.0,36,26,0,0,62,0,191
8963.0,36,26,0,0,62,0,191
8964.0,36,26,0,0,62,0,191
8965.0,36,26,0,0,62,0,191
8966.0,36,26,0,0,62,0,191
8967.0,36,26,0,0,62,0,191
8968.0,36,26,0,0,62,0,191
8969.0,36,26,0,0,62,0,191
8970.0,36,26,0,0,62,0,191
8971.0,36,26,0,0,62,0,191
8972.0,36,26,0,0,62,0,191
8973.0,36,26,0,0,62,0,191
8974.0,36,26,0,0,62,0,191
8975.0,36,26,0,0,62,0,191
8976.0,36,26,0,0,62,0,191
8977.0,36,26,0,0,62,0,191
8978.0,36,26,0,0,62,0,191
8979.0,36,26,0,0,62,0,191
8980.0,36,26,0,0,62,0,191
8981.0,36,26,0,0,62,0,191
8982.0,36,26,0,0,62,0,191
8983.0,36,26,0,0,62,0,191
8984.0,36,26,0,0,62,0,191
8985.0,36,26,0,0,62,0,191
8986.0,36,26,0,0,62,0,191
8987.0,36,26,0,0,62,0,191
8988.0,36,26,0,0,62,0,191
8989.0,36,26,0,0,62,0,191
8990.0,36,26,0,0,62,0,191
8991.0,36,26,0,0,62,0,191
8992.0,36,26,0,0,62,0,191
8993.0,36,26,0,0,62,0,191
8994.0,36,26,0,0,62,0,191
8995.0,36,26,0,0,62,0,191
8996.0,36,26,0,0,62,0,191
8997.0,36,26,0,0,62,0,191
8998.0,36,26,0,0,62,0,191
8999.0,36,26,0,0,62,0,191
9000.0,36,26,0,0,62,0,191
9001.0,36,26,0,0,62,0,191
9002.0,36,26,0,0,62,0,191
9003.0,36,26,0,0,62,0,191
9004.0,36,26,0,0,62,0,191
9005.0,36,26,0,0,62,0,191
9006.0,36,26,0,0,62,0,191
9007.0,36,26,0,0,62,0,191
9008.0,36,26,0,0,62,0,191
9009.0,36,26,0,0,62,0,191
9010.0,36,26,0,0,62,0,191
9011.0,36,26,0,0,62,0,191
9012.0,36,26,0,0,62,0,191
9013.0,36,26,0,0,62,0,191
9014.0,36,26,0,0,62,0,191
9015.0,36,26,0,0,62,0,191
9016.0,36,26,0,0,62,0,191
9017.0,36,26,0,0,62,0,191
9018.0,36,26,0,0,62,0,191
9019.0,36,26,0,0,62,0,191
9020.0,36,26,0,0,62,0,191
9021.0,36,26,0,0,62,0,191
9022.0,36,26,0,0,62,0,191
9023.0,36,26,0,0,62,0,191
9024.0,36,26,0,0,62,0,191
9025.0,36,26,0,0,62,0,191
9026.0,36,26,0,0,62,0,191
9027.0,36,26,0,0,62,0,191
9028.0,36,26,0,0,62,0,191
9029.0,36,26,0,0,62,0,191
9030.0,36,26,0,0,62,0,191
9031.0,36,26,0,0,62,0,191
9032.0,36,26,0,0,62,0,191
9033.0,36,26,0,0,62,0,191
9034.0,36,26,0,0,62,0,191
9035.0,36,26,0,0,62,0,191
9036.0,36,26,0,0,62,0,191
9037.0,36,26,0,0,62,0,191
9038.0,36,26,0,0,62,0,191
9039.0,36,26,0,0,62,0,191
9040.0,36,26,0,0,62,0,191
9041.0,36,26,0,0,62,0,191
9042.0,36,26,0,0,62,0,191
9043.0,36,26,0,0,62,0,191
9044.0,36,26,0,0,62,0,191
9045.0,36,26,0,0,62,0,191
9046.0,36,26,0,0,62,0,191
9047.0,36,26,0,0,62,0,191
9048.0,36,26,0,0,62,0,191
9049.0,36,26,0,0,62,0,191
9050.0,36,26,0,0,62,0,191
9051.0,36,26,0,0,62,0,191
9052.0,36,26,0,0,62,0,191
9053.0,36,26,0,0,62,0,191
9054.0,36,26,0,0,62,0,191
9055.0,36,26,0,0,62,0,191
9056.0,36,26,0,0,62,0,191
9057.0,36,26,0,0,62,0,191
9058.0,36,26,0,0,62,0,191
9059.0,36,26,0,0,62,0,191
9060.0,36,26,0,0,62,0,191
9061.0,36,26,0,0,62,0,191
9062.0,36,26,0,0,62,0,191
9063.0,36,26,0,0,62,0,191
9064.0,36,26,0,0,62,0,191
9065.0,36,26,0,0,62,0,191
9066.0,36,26,0,0,62,0,191
9067.0,36,26,0,0,62,0,191
9068.0,36,26,0,0,62,0,191
9069.0,36,26,0,0,62,0,191
9070.0,36,26,0,0,62,0,191
9071.0,36,26,0,0,62,0,191
9072.0,36,26,0,0,62,0,191
9073.0,36,26,0,0,62,0,191
9074.0,36,26,0,0,62,0,191
9075.0,36,26,0,0,62,0,191
9076.0,36,26,0,0,62,0,191
9077.0,36,26,0,0,62,0,191
9078.0,36,26,0,0,62,0,191
9079.0,36,26,0,0,62,0,191
9080.0,36,26,0,0,62,0,191
9081.0,36,26,0,0,62,0,191
9082.0,36,26,0,0,62,0,191
9083.0,36,26,0,0,62,0,191
9084.0,36,26,0,0,62,0,191
9085.0,36,26,0,0,62,0,191
9086.0,36,26,0,0,62,0,191
9087.0,36,26,0,0,62,0,191
9088.0,36,26,0,0,62,0,191
9089.0,36,26,0,0,62,0,191
9090.0,36,26,0,0,62,0,191
9091.0,36,26,0,0,62,0,191
9092.0,36,26,0,0,62,0,191
9093.0,36,26,0,0,62,0,191
9094.0,36,26,0,0,62,0,191
9095.0,36,26,0,0,62,0,191
9096.0,36,26,0,0,62,0,191
9097.0,36,26,0,0,62,0,191
9098.0,36,26,0,0,62,0,191
9099.0,36,26,0,0,62,0,191
9100.0,36,26,0,0,62,0,191
9101.0,36,26,0,0,62,0,191
9102.0,36,26,0,0,62,0,191
9103.0,36,26,0,0,62,0,191
9104.0,36,26,0,0,62,0,191
9105.0,36,26,0,0,62,0,191
9106.0,36,26,0,0,62,0,191
9107.0,36,26,0,0,62,0,191
9108.0,36,26,0,0,62,0,191
9109.0,36,26,0,0,62,0,191
9110.0,36,26,0,0,62,0,191
9111.0,36,26,0,0,62,0,191
9112.0,36,26,0,0,62,0,191
9113.0,36,26,0,0,62,0,191
9114.0,36,26,0,0,62,0,191
9115.0,36,26,0,0,62,0,191
9116.0,36,26,0,0,62,0,191
9117.0,36,26,0,0,62,0,191
9118.0,36,26,0,0,62,0,191
9119.0,36,26,0,0,62,0,191
9120.0,36,26,0,0,62,0,191
9121.0,36,26,0,0,62,0,191
9122.0,36,26,0,0,62,0,191
9123.0,36,26,0,0,62,0,191
9124.0,36,26,0,0,62,0,191
9125.0,36,26,0,0,62,0,191
9126.0,36,26,0,0,62,0,191
9127.0,36,26,0,0,62,0,191
9128.0,36,26,0,0,62,0,191
9129.0,36,26,0,0,62,0,191
9130.0,36,26,0,0,62,0,191
9131.0,36,26,0,0,62,0,191
9132.0,36,26,0,0,62,0,191
9133.0,36,26,0,0,62,0,191
9134.0,36,26,0,0,62,0,191
9135.0,36,26,0,0,62,0,191
9136.0,36,26,0,0,62,0,191
9137.0,36,26,0,0,62,0,191
9138.0,36,26,0,0,62,0,191
9139.0,36,26,0,0,62,0,191
9140.0,36,26,0,0,62,0,191
9141.0,36,26,0,0,62,0,191
9142.0,36,26,0,0,62,0,191
9143.0,36,26,0,0,62,0,191
9144.0,36,26,0,0,62,0,191
9145.0,36,26,0,0,62,0,191
9146.0,36,26,0,0,62,0,191
9147.0,36,26,0,0,62,0,191
9148.0,36,26,0,0,62,0,191
9149.0,36,26,0,0,62,0,191
9150.0,36,26,0,0,62,0,191
9151.0,36,26,0,0,62,0,191
9152.0,36,26,0,0,62,0,191
9153.0,36,26,0,0,62,0,191
9154.0,36,26,0,0,62,0,191
9155.0,36,26,0,0,62,0,191
9156.0,36,26,0,0,62,0,191
9157.0,36,26,0,0,62,0,191
9158.0,36,26,0,0,62,0,191
9159.0,36,26,0,0,62,0,191
9160.0,36,26,0,0,62,0,191
9161.0,36,26,0,0,62,0,191
9162.0,36,26,0,0,62,0,191
9163.0,36,26,0,0,62,0,191
9164.0,36,26,0,0,62,0,191
9165.0,36,26,0,0,62,0,191
9166.0,36,26,0,0,62,0,191
9167.0,36,26,0,0,62,0,191
9168.0,36,26,0,0,62,0,191
9169.0,36,26,0,0,62,0,191
9170.0,36,26,0,0,62,0,191
9171.0,36,26,0,0,62,0,191
9172.0,36,26,0,0,62,0,191
9173.0,36,26,0,0,62,0,191
9174.0,36,26,0,0,62,0,191
9175.0,36,26,0,0,62,0,191
9176.0,36,26,0,0,62,0,191
9177.0,36,26,0,0,62,0,191
9178.0,36,26,0,0,62,0,191
9179.0,36,26,0,0,62,0,191
9180.0,36,26,0,0,62,0,191
9181.0,36,26,0,0,62,0,191
9182.0,36,26,0,0,62,0,191
9183.0,36,26,0,0,62,0,191
9184.0,36,26,0,0,62,0,191
9185.0,36,26,0,0,62,0,191
9186.0,36,26,0,0,62,0,191
9187.0,36,26,0,0,62,0,191
9188.0,36,26,0,0,62,0,191
9189.0,36,26,0,0,62,0,191
9190.0,36,26,0,0,62,0,191
9191.0,36,26,0,0,62,0,191
9192.0,36,26,0,0,62,0,191
9193.0,36,26,0,0,62,0,191
9194.0,36,26,0,0,62,0,191
9195.0,36,26,0,0,62,0,191
9196.0,36,26,0,0,62,0,191
9197.0,36,26,0,0,62,0,191
9198.0,36,26,0,0,62,0,191
9199.0,36,26,0,0,62,0,191
9200.0,36,26,0,0,62,0,191
9201.0,36,26,0,0,62,0,191
9202.0,36,26,0,0,62,0,191
9203.0,36,26,0,0,62,0,191
9204.0,36,26,0,0,62,0,191
9205.0,36,26,0,0,62,0,191
9206.0,36,26,0,0,62,0,191
9207.0,36,26,0,0,62,0,191
9208.0,36,26,0,0,62,0,191
9209.0,36,26,0,0,62,0,191
9210.0,36,26,0,0,62,0,191
9211.0,36,26,0,0,62,0,191
9212.0,36,26,0,0,62,0,191
9213.0,36,26,0,0,62,0,191
9214.0,36,26,0,0,62,0,191
9215.0,36,26,0,0,62,0,191
9216.0,36,26,0,0,62,0,191
9217.0,36,26,0,0,62,0,191
9218.0,36,26,0,0,62,0,191
9219.0,36,26,0,0,62,0,191
9220.0,36,26,0,0,62,0,191
9221.0,36,26,0,0,62,0,191
9222.0,36,26,0,0,62,0,191
9223.0,36,26,0,0,62,0,191
9224.0,36,26,0,0,62,0,191
9225.0,36,26,0,0,62,0,191
9226.0,36,26,0,0,62,0,191
9227.0,36,26,0,0,62,0,191
9228.0,36,26,0,0,62,0,191
9229.0,36,26,0,0,62,0,191
9230.0,36,26,0,0,62,0,191
9231.0,36,26,0,0,62,0,191
9232.0,36,26,0,0,62,0,191
9233.0,36,26,0,0,62,0,191
9234.0,36,26,0,0,62,0,191
9235.0,36,26,0,0,62,0,191
9236.0,36,26,0,0,62,0,191
9237.0,36,26,0,0,62,0,191
9238.0,36,26,0,0,62,0,191
9239.0,36,26,0,0,62,0,191
9240.0,36,26,0,0,62,0,191
9241.0,36,26,0,0,62,0,191
9242.0,36,26,0,0,62,0,191
9243.0,36,26,0,0,62,0,191
9244.0,36,26,0,0,62,0,191
9245.0,36,26,0,0,62,0,191
9246.0,36,26,0,0,62,0,191
9247.0,36,26,0,0,62,0,191
9248.0,36,26,0,0,62,0,191
9249.0,36,26,0,0,62,0,191
9250.0,36,26,0,0,62,0,191
9251.0,36,26,0,0,62,0,191
9252.0,36,26,0,0,62,0,191
9253.0,36,26,0,0,62,0,191
9254.0,36,26,0,0,62,0,191
9255.0,36,26,0,0,62,0,191
9256.0,36,26,0,0,62,0,191
9257.0,36,26,0,0,62,0,191
9258.0,36,26,0,0,62,0,191
9259.0,36,26,0,0,62,0,191
9260.0,36,26,0,0,62,0,191
9261.0,36,26,0,0,62,0,191
9262.0,36,26,0,0,62,0,191
9263.0,36,26,0,0,62,0,191
9264.0,36,26,0,0,62,0,191
9265.0,36,26,0,0,62,0,191
9266.0,36,26,0,0,62,0,191
9267.0,36,26,0,0,62,0,191
9268.0,36,26,0,0,62,0,191
9269.0,36,26,0,0,62,0,191
9270.0,36,26,0,0,62,0,191
9271.0,36,26,0,0,62,0,191
9272.0,36,26,0,0,62,0,191
9273.0,36,26,0,0,62,0,191
9274.0,36,26,0,0,62,0,191
9275.0,36,26,0,0,62,0,191
9276.0,36,26,0,0,62,0,191
9277.0,36,26,0,0,62,0,191
9278.0,36,26,0,0,62,0,191
9279.0,36,26,0,0,62,0,191
9280.0,36,26,0,0,62,0,191
9281.0,36,26,0,0,62,0,191
9282.0,36,26,0,0,62,0,191
9283.0,36,26,0,0,62,0,191
9284.0,36,26,0,0,62,0,191
9285.0,36,26,0,0,62,0,191
9286.0,36,26,0,0,62,0,191
9287.0,36,26,0,0,62,0,191
9288.0,36,26,0,0,62,0,191
9289.0,36,26,0,0,62,0,191
9290.0,36,26,0,0,62,0,191
9291.0,36,26,0,0,62,0,191
9292.0,36,26,0,0,62,0,191
9293.0,36,26,0,0,62,0,191
9294.0,36,26,0,0,62,0,191
9295.0,36,26,0,0,62,0,191
9296.0,36,26,0,0,62,0,191
9297.0,36,26,0,0,62,0,191
9298.0,36,26,0,0,62,0,191
9299.0,36,26,0,0,62,0,191
9300.0,36,26,0,0,62,0,191
9301.0,36,26,0,0,62,0,191
9302.0,36,26,0,0,62,0,191
9303.0,36,26,0,0,62,0,191
9304.0,36,26,0,0,62,0,191
9305.0,36,26,0,0,62,0,191
9306.0,36,26,0,0,62,0,191
9307.0,36,26,0,0,62,0,191
9308.0,36,26,0,0,62,0,191
9309.0,36,26,0,0,62,0,191
9310.0,36,26,0,0,62,0,191
9311.0,36,26,0,0,62,0,191
9312.0,36,26,0,0,62,0,191
9313.0,36,26,0,0,62,0,191
9314.0,36,26,0,0,62,0,191
9315.0,36,26,0,0,62,0,191
9316.0,36,26,0,0,62,0,191
9317.0,36,26,0,0,62,0,191
9318.0,36,26,0,0,62,0,191
9319.0,36,26,0,0,62,0,191
9320.0,36,26,0,0,62,0,191
9321.0,36,26,0,0,62,0,191
9322.0,36,26,0,0,62,0,191
9323.0,36,26,0,0,62,0,191
9324.0,36,26,0,0,62,0,191
9325.0,36,26,0,0,62,0,191
9326.0,36,26,0,0,62,0,191
9327.0,36,26,0,0,62,0,191
9328.0,36,26,0,0,62,0,191
9329.0,36,26,0,0,62,0,191
9330.0,36,26,0,0,62,0,191
9331.0,36,26,0,0,62,0,191
9332.0,36,26,0,0,62,0,191
9333.0,36,26,0,0,62,0,191
9334.0,36,26,0,0,62,0,191
9335.0,36,26,0,0,62,0,191
9336.0,36,26,0,0,62,0,191
9337.0,36,26,0,0,62,0,191
9338.0,36,26,0,0,62,0,191
9339.0,36,26,0,0,62,0,191
9340.0,36,26,0,0,62,0,191
9341.0,36,26,0,0,62,0,191
9342.0,36,26,0,0,62,0,191
9343.0,36,26,0,0,62,0,191
9344.0,36,26,0,0,62,0,191
9345.0,36,26,0,0,62,0,191
9346.0,36,26,0,0,62,0,191
9347.0,36,26,0,0,62,0,191
9348.0,36,26,0,0,62,0,191
9349.0,36,26,0,0,62,0,191
9350.0,36,26,0,0,62,0,191
9351.0,36,26,0,0,62,0,191
9352.0,36,26,0,0,62,0,191
9353.0,36,26,0,0,62,0,191
9354.0,36,26,0,0,62,0,191
9355.0,36,26,0,0,62,0,191
9356.0,36,26,0,0,62,0,191
9357.0,36,26,0,0,62,0,191
9358.0,36,26,0,0,62,0,191
9359.0,36,26,0,0,62,0,191
9360.0,36,26,0,0,62,0,191
9361.0,36,26,0,0,62,0,191
9362.0,36,26,0,0,62,0,191
9363.0,36,26,0,0,62,0,191
9364.0,36,26,0,0,62,0,191
9365.0,36,26,0,0,62,0,191
9366.0,36,26,0,0,62,0,191
9367.0,36,26,0,0,62,0,191
9368.0,36,26,0,0,62,0,191
9369.0,36,26,0,0,62,0,191
9370.0,36,26,0,0,62,0,191
9371.0,36,26,0,0,62,0,191
9372.0,36,26,0,0,62,0,191
9373.0,36,26,0,0,62,0,191
9374.0,36,26,0,0,62,0,191
9375.0,36,26,0,0,62,0,191
9376.0,36,26,0,0,62,0,191
9377.0,36,26,0,0,62,0,191
9378.0,36,26,0,0,62,0,191
9379.0,36,26,0,0,62,0,191
9380.0,36,26,0,0,62,0,191
9381.0,36,26,0,0,62,0,191
9382.0,36,26,0,0,62,0,191
9383.0,36,26,0,0,62,0,191
9384.0,36,26,0,0,62,0,191
9385.0,36,26,0,0,62,0,191
9386.0,36,26,0,0,62,0,191
9387.0,36,26,0,0,62,0,191
9388.0,36,26,0,0,62,0,191
9389.0,36,26,0,0,62,0,191
9390.0,36,26,0,0,62,0,191
9391.0,36,26,0,0,62,0,191
9392.0,36,26,0,0,62,0,191
9393.0,36,26,0,0,62,0,191
9394.0,36,26,0,0,62,0,191
9395.0,36,26,0,0,62,0,191
9396.0,36,26,0,0,62,0,191
9397.0,36,26,0,0,62,0,191
9398.0,36,26,0,0,62,0,191
9399.0,36,26,0,0,62,0,191
9400.0,36,26,0,0,62,0,191
9401.0,36,26,0,0,62,0,191
9402.0,36,26,0,0,62,0,191
9403.0,36,26,0,0,62,0,191
9404.0,36,26,0,0,62,0,191
9405.0,36,26,0,0,62,0,191
9406.0,36,26,0,0,62,0,191
9407.0,36,26,0,0,62,0,191
9408.0,36,26,0,0,62,0,191
9409.0,36,26,0,0,62,0,191
9410.0,36,26,0,0,62,0,191
9411.0,36,26,0,0,62,0,191
9412.0,36,26,0,0,62,0,191
9413.0,36,26,0,0,62,0,191
9414.0,36,26,0,0,62,0,191
9415.0,36,26,0,0,62,0,191
9416.0,36,26,0,0,62,0,191
9417.0,36,26,0,0,62,0,191
9418.0,36,26,0,0,62,0,191
9419.0,36,26,0,0,62,0,191
9420.0,36,26,0,0,62,0,191
9421.0,36,26,0,0,62,0,191
9422.0,36,26,0,0,62,0,191
9423.0,36,26,0,0,62,0,191
9424.0,36,26,0,0,62,0,191
9425.0,36,26,0,0,62,0,191
9426.0,36,26,0,0,62,0,191
9427.0,36,26,0,0,62,0,191
9428.0,36,26,0,0,62,0,191
9429.0,36,26,0,0,62,0,191
9430.0,36,26,0,0,62,0,191
9431.0,36,26,0,0,62,0,191
9432.0,36,26,0,0,62,0,191
9433.0,36,26,0,0,62,0,191
9434.0,36,26,0,0,62,0,191
9435.0,36,26,0,0,62,0,191
9436.0,36,26,0,0,62,0,191
9437.0,36,26,0,0,62,0,191
9438.0,36,26,0,0,62,0,191
9439.0,36,26,0,0,62,0,191
9440.0,36,26,0,0,62,0,191
9441.0,36,26,0,0,62,0,191
9442.0,36,26,0,0,62,0,191
9443.0,36,26,0,0,62,0,191
9444.0,36,26,0,0,62,0,191
9445.0,36,26,0,0,62,0,191
9446.0,36,26,0,0,62,0,191
9447.0,36,26,0,0,62,0,191
9448.0,36,26,0,0,62,0,191
9449.0,36,26,0,0,62,0,191
9450.0,36,26,0,0,62,0,191
9451.0,36,26,0,0,62,0,191
9452.0,36,26,0,0,62,0,191
9453.0,36,26,0,0,62,0,191
9454.0,36,26,0,0,62,0,191
9455.0,36,26,0,0,62,0,191
9456.0,36,26,0,0,62,0,191
9457.0,36,26,0,0,62,0,191
9458.0,36,26,0,0,62,0,191
9459.0,36,26,0,0,62,0,191
9460.0,36,26,0,0,62,0,191
9461.0,36,26,0,0,62,0,191
9462.0,36,26,0,0,62,0,191
9463.0,36,26,0,0,62,0,191
9464.0,36,26,0,0,62,0,191
9465.0,36,26,0,0,62,0,191
9466.0,36,26,0,0,62,0,191
9467.0,36,26,0,0,62,0,191
9468.0,36,26,0,0,62,0,191
9469.0,36,26,0,0,62,0,191
9470.0,36,26,0,0,62,0,191
9471.0,36,26,0,0,62,0,191
9472.0,36,26,0,0,62,0,191
9473.0,36,26,0,0,62,0,191
9474.0,36,26,0,0,62,0,191
9475.0,36,26,0,0,62,0,191
9476.0,36,26,0,0,62,0,191
9477.0,36,26,0,0,62,0,191
9478.0,36,26,0,0,62,0,191
9479.0,36,26,0,0,62,0,191
9480.0,36,26,0,0,62,0,191
9481.0,36,26,0,0,62,0,191
9482.0,36,26,0,0,62,0,191
9483.0,36,26,0,0,62,0,191
9484.0,36,26,0,0,62,0,191
9485.0,36,26,0,0,62,0,191
9486.0,36,26,0,0,62,0,191
9487.0,36,26,0,0,62,0,191
9488.0,36,26,0,0,62,0,191
9489.0,36,26,0,0,62,0,191
9490.0,36,26,0,0,62,0,191
9491.0,36,26,0,0,62,0,191
9492.0,36,26,0,0,62,0,191
9493.0,36,26,0,0,62,0,191
9494.0,36,26,0,0,62,0,191
9495.0,36,26,0,0,62,0,191
9496.0,36,26,0,0,62,0,191
9497.0,36,26,0,0,62,0,191
9498.0,36,26,0,0,62,0,191
9499.0,36,26,0,0,62,0,191
9500.0,36,26,0,0,62,0,191
9501.0,36,26,0,0,62,0,191
9502.0,36,26,0,0,62,0,191
9503.0,36,26,0,0,62,0,191
9504.0,36,26,0,0,62,0,191
9505.0,36,26,0,0,62,0,191
9506.0,36,26,0,0,62,0,191
9507.0,36,26,0,0,62,0,191
9508.0,36,26,0,0,62,0,191
9509.0,36,26,0,0,62,0,191
9510.0,36,26,0,0,62,0,191
9511.0,36,26,0,0,62,0,191
9512.0,36,26,0,0,62,0,191
9513.0,36,26,0,0,62,0,191
9514.0,36,26,0,0,62,0,191
9515.0,36,26,0,0,62,0,191
9516.0,36,26,0,0,62,0,191
9517.0,36,26,0,0,62,0,191
9518.0,36,26,0,0,62,0,191
9519.0,36,26,0,0,62,0,191
9520.0,36,26,0,0,62,0,191
9521.0,36,26,0,0,62,0,191
9522.0,36,26,0,0,62,0,191
9523.0,36,26,0,0,62,0,191
9524.0,36,26,0,0,62,0,191
9525.0,36,26,0,0,62,0,191
9526.0,36,26,0,0,62,0,191
9527.0,36,26,0,0,62,0,191
9528.0,36,26,0,0,62,0,191
9529.0,36,26,0,0,62,0,191
9530.0,36,26,0,0,62,0,191
9531.0,36,26,0,0,62,0,191
9532.0,36,26,0,0,62,0,191
9533.0,36,26,0,0,62,0,191
9534.0,36,26,0,0,62,0,191
9535.0,36,26,0,0,62,0,191
9536.0,36,26,0,0,62,0,191
9537.0,36,26,0,0,62,0,191
9538.0,36,26,0,0,62,0,191
9539.0,36,26,0,0,62,0,191
9540.0,36,26,0,0,62,0,191
9541.0,36,26,0,0,62,0,191
9542.0,36,26,0,0,62,0,191
9543.0,36,26,0,0,62,0,191
9544.0,36,26,0,0,62,0,191
9545.0,36,26,0,0,62,0,191
9546.0,36,26,0,0,62,0,191
9547.0,36,26,0,0,62,0,191
9548.0,36,26,0,0,62,0,191
9549.0,36,26,0,0,62,0,191
9550.0,36,26,0,0,62,0,191
9551.0,36,26,0,0,62,0,191
9552.0,36,26,0,0,62,0,191
9553.0,36,26,0,0,62,0,191
9554.0,36,26,0,0,62,0,191
9555.0,36,26,0,0,62,0,191
9556.0,36,26,0,0,62,0,191
9557.0,36,26,0,0,62,0,191
9558.0,36,26,0,0,62,0,191
9559.0,36,26,0,0,62,0,191
9560.0,36,26,0,0,62,0,191
9561.0,36,26,0,0,62,0,191
9562.0,36,26,0,0,62,0,191
9563.0,36,26,0,0,62,0,191
9564.0,36,26,0,0,62,0,191
9565.0,36,26,0,0,62,0,191
9566.0,36,26,0,0,62,0,191
9567.0,36,26,0,0,62,0,191
9568.0,36,26,0,0,62,0,191
9569.0,36,26,0,0,62,0,191
9570.0,36,26,0,0,62,0,191
9571.0,36,26,0,0,62,0,191
9572.0,36,26,0,0,62,0,191
9573.0,36,26,0,0,62,0,191
9574.0,36,26,0,0,62,0,191
9575.0,36,26,0,0,62,0,191
9576.0,36,26,0,0,62,0,191
9577.0,36,26,0,0,62,0,191
9578.0,36,26,0,0,62,0,191
9579.0,36,26,0,0,62,0,191
9580.0,36,26,0,0,62,0,191
9581.0,36,26,0,0,62,0,191
9582.0,36,26,0,0,62,0,191
9583.0,36,26,0,0,62,0,191
9584.0,36,26,0,0,62,0,191
9585.0,36,26,0,0,62,0,191
9586.0,36,26,0,0,62,0,191
9587.0,36,26,0,0,62,0,191
9588.0,36,26,0,0,62,0,191
9589.0,36,26,0,0,62,0,191
9590.0,36,26,0,0,62,0,191
9591.0,36,26,0,0,62,0,191
9592.0,36,26,0,0,62,0,191
9593.0,36,26,0,0,62,0,191
9594.0,36,26,0,0,62,0,191
9595.0,36,26,0,0,62,0,191
9596.0,36,26,0,0,62,0,191
9597.0,36,26,0,0,62,0,191
9598.0,36,26,0,0,62,0,191
9599.0,36,26,0,0,62,0,191
9600.0,36,26,0,0,62,0,191
9601.0,36,26,0,0,62,0,191
9602.0,36,26,0,0,62,0,191
9603.0,36,26,0,0,62,0,191
9604.0,36,26,0,0,62,0,191
9605.0,36,26,0,0,62,0,191
9606.0,36,26,0,0,62,0,191
9607.0,36,26,0,0,62,0,191
9608.0,36,26,0,0,62,0,191
9609.0,36,26,0,0,62,0,191
9610.0,36,26,0,0,62,0,191
9611.0,36,26,0,0,62,0,191
9612.0,36,26,0,0,62,0,191
9613.0,36,26,0,0,62,0,191
9614.0,36,26,0,0,62,0,191
9615.0,36,26,0,0,62,0,191
9616.0,36,26,0,0,62,0,191
9617.0,36,26,0,0,62,0,191
9618.0,36,26,0,0,62,0,191
9619.0,36,26,0,0,62,0,191
9620.0,36,26,0,0,62,0,191
9621.0,36,26,0,0,62,0,191
9622.0,36,26,0,0,62,0,191
9623.0,36,26,0,0,62,0,191
9624.0,36,26,0,0,62,0,191
9625.0,36,26,0,0,62,0,191
9626.0,36,26,0,0,62,0,191
9627.0,36,26,0,0,62,0,191
9628.0,36,26,0,0,62,0,191
9629.0,36,26,0,0,62,0,191
9630.0,36,26,0,0,62,0,191
9631.0,36,26,0,0,62,0,191
9632.0,36,26,0,0,62,0,191
9633.0,36,26,0,0,62,0,191
9634.0,36,26,0,0,62,0,191
9635.0,36,26,0,0,62,0,191
9636.0,36,26,0,0,62,0,191
9637.0,36,26,0,0,62,0,191
9638.0,36,26,0,0,62,0,191
9639.0,36,26,0,0,62,0,191
9640.0,36,26,0,0,62,0,191
9641.0,36,26,0,0,62,0,191
9642.0,36,26,0,0,62,0,191
9643.0,36,26,0,0,62,0,191
9644.0,36,26,0,0,62,0,191
9645.0,36,26,0,0,62,0,191
9646.0,36,26,0,0,62,0,191
9647.0,36,26,0,0,62,0,191
9648.0,36,26,0,0,62,0,191
9649.0,36,26,0,0,62,0,191
9650.0,36,26,0,0,62,0,191
9651.0,36,26,0,0,62,0,191
9652.0,36,26,0,0,62,0,191
9653.0,36,26,0,0,62,0,191
9654.0,36,26,0,0,62,0,191
9655.0,36,26,0,0,62,0,191
9656.0,36,26,0,0,62,0,191
9657.0,36,26,0,0,62,0,191
9658.0,36,26,0,0,62,0,191
9659.0,36,26,0,0,62,0,191
9660.0,36,26,0,0,62,0,191
9661.0,36,26,0,0,62,0,191
9662.0,36,26,0,0,62,0,191
9663.0,36,26,0,0,62,0,191
9664.0,36,26,0,0,62,0,191
9665.0,36,26,0,0,62,0,191
9666.0,36,26,0,0,62,0,191
9667.0,36,26,0,0,62,0,191
9668.0,36,26,0,0,62,0,191
9669.0,36,26,0,0,62,0,191
9670.0,36,26,0,0,62,0,191
9671.0,36,26,0,0,62,0,191
9672.0,36,26,0,0,62,0,191
9673.0,36,26,0,0,62,0,191
9674.0,36,26,0,0,62,0,191
9675.0,36,26,0,0,62,0,191
9676.0,36,26,0,0,62,0,191
9677.0,36,26,0,0,62,0,191
9678.0,36,26,0,0,62,0,191
9679.0,36,26,0,0,62,0,191
9680.0,36,26,0,0,62,0,191
9681.0,36,26,0,0,62,0,191
9682.0,36,26,0,0,62,0,191
9683.0,36,26,0,0,62,0,191
9684.0,36,26,0,0,62,0,191
9685.0,36,26,0,0,62,0,191
9686.0,36,26,0,0,62,0,191
9687.0,36,26,0,0,62,0,191
9688.0,36,26,0,0,62,0,191
9689.0,36,26,0,0,62,0,191
9690.0,36,26,0,0,62,0,191
9691.0,36,26,0,0,62,0,191
9692.0,36,26,0,0,62,0,191
9693.0,36,26,0,0,62,0,191
9694.0,36,26,0,0,62,0,191
9695.0,36,26,0,0,62,0,191
9696.0,36,26,0,0,62,0,191
9697.0,36,26,0,0,62,0,191
9698.0,36,26,0,0,62,0,191
9699.0,36,26,0,0,62,0,191
9700.0,36,26,0,0,62,0,191
9701.0,36,26,0,0,62,0,191
9702.0,36,26,0,0,62,0,191
9703.0,36,26,0,0,62,0,191
9704.0,36,26,0,0,62,0,191
9705.0,36,26,0,0,62,0,191
9706.0,36,26,0,0,62,0,191
9707.0,36,26,0,0,62,0,191
9708.0,36,26,0,0,62,0,191
9709.0,36,26,0,0,62,0,191
9710.0,36,26,0,0,62,0,191
9711.0,36,26,0,0,62,0,191
9712.0,36,26,0,0,62,0,191
9713.0,36,26,0,0,62,0,191
9714.0,36,26,0,0,62,0,191
9715.0,36,26,0,0,62,0,191
9716.0,36,26,0,0,62,0,191
9717.0,36,26,0,0,62,0,191
9718.0,36,26,0,0,62,0,191
9719.0,36,26,0,0,62,0,191
9720.0,36,26,0,0,62,0,191
9721.0,36,26,0,0,62,0,191
9722.0,36,26,0,0,62,0,191
9723.0,36,26,0,0,62,0,191
9724.0,36,26,0,0,62,0,191
9725.0,36,26,0,0,62,0,191
9726.0,36,26,0,0,62,0,191
9727.0,36,26,0,0,62,0,191
9728.0,36,26,0,0,62,0,191
9729.0,36,26,0,0,62,0,191
9730.0,36,26,0,0,62,0,191
9731.0,36,26,0,0,62,0,191
9732.0,36,26,0,0,62,0,191
9733.0,36,26,0,0,62,0,191
9734.0,36,26,0,0,62,0,191
9735.0,36,26,0,0,62,0,191
9736.0,36,26,0,0,62,0,191
9737.0,36,26,0,0,62,0,191
9738.0,36,26,0,0,62,0,191
9739.0,36,26,0,0,62,0,191
9740.0,36,26,0,0,62,0,191
9741.0,36,26,0,0,62,0,191
9742.0,36,26,0,0,62,0,191
9743.0,36,26,0,0,62,0,191
9744.0,36,26,0,0,62,0,191
9745.0,36,26,0,0,62,0,191
9746.0,36,26,0,0,62,0,191
9747.0,36,26,0,0,62,0,191
9748.0,36,26,0,0,62,0,191
9749.0,36,26,0,0,62,0,191
9750.0,36,26,0,0,62,0,191
9751.0,36,26,0,0,62,0,191
9752.0,36,26,0,0,62,0,191
9753.0,36,26,0,0,62,0,191
9754.0,36,26,0,0,62,0,191
9755.0,36,26,0,0,62,0,191
9756.0,36,26,0,0,62,0,191
9757.0,36,26,0,0,62,0,191
9758.0,36,26,0,0,62,0,191
9759.0,36,26,0,0,62,0,191
9760.0,36,26,0,0,62,0,191
9761.0,36,26,0,0,62,0,191
9762.0,36,26,0,0,62,0,191
9763.0,36,26,0,0,62,0,191
9764.0,36,26,0,0,62,0,191
9765.0,36,26,0,0,62,0,191
9766.0,36,26,0,0,62,0,191
9767.0,36,26,0,0,62,0,191
9768.0,36,26,0,0,62,0,191
9769.0,36,26,0,0,62,0,191
9770.0,36,26,0,0,62,0,191
9771.0,36,26,0,0,62,0,191
9772.0,36,26,0,0,62,0,191
9773.0,36,26,0,0,62,0,191
9774.0,36,26,0,0,62,0,191
9775.0,36,26,0,0,62,0,191
9776.0,36,26,0,0,62,0,191
9777.0,36,26,0,0,62,0,191
9778.0,36,26,0,0,62,0,191
9779.0,36,26,0,0,62,0,191
9780.0,36,26,0,0,62,0,191
9781.0,36,26,0,0,62,0,191
9782.0,36,26,0,0,62,0,191
9783.0,36,26,0,0,62,0,191
9784.0,36,26,0,0,62,0,191
9785.0,36,26,0,0,62,0,191
9786.0,36,26,0,0,62,0,191
9787.0,36,26,0,0,62,0,191
9788.0,36,26,0,0,62,0,191
9789.0,36,26,0,0,62,0,191
9790.0,36,26,0,0,62,0,191
9791.0,36,26,0,0,62,0,191
9792.0,36,26,0,0,62,0,191
9793.0,36,26,0,0,62,0,191
9794.0,36,26,0,0,62,0,191
9795.0,36,26,0,0,62,0,191
9796.0,36,26,0,0,62,0,191
9797.0,36,26,0,0,62,0,191
9798.0,36,26,0,0,62,0,191
9799.0,36,26,0,0,62,0,191
9800.0,36,26,0,0,62,0,191
9801.0,36,26,0,0,62,0,191
9802.0,36,26,0,0,62,0,191
9803.0,36,26,0,0,62,0,191
9804.0,36,26,0,0,62,0,191
9805.0,36,26,0,0,62,0,191
9806.0,36,26,0,0,62,0,191
9807.0,36,26,0,0,62,0,191
9808.0,36,26,0,0,62,0,191
9809.0,36,26,0,0,62,0,191
9810.0,36,26,0,0,62,0,191
9811.0,36,26,0,0,62,0,191
9812.0,36,26,0,0,62,0,191
9813.0,36,26,0,0,62,0,191
9814.0,36,26,0,0,62,0,191
9815.0,36,26,0,0,62,0,191
9816.0,36,26,0,0,62,0,191
9817.0,36,26,0,0,62,0,191
9818.0,36,26,0,0,62,0,191
9819.0,36,26,0,0,62,0,191
9820.0,36,26,0,0,62,0,191
9821.0,36,26,0,0,62,0,191
9822.0,36,26,0,0,62,0,191
9823.0,36,26,0,0,62,0,191
9824.0,36,26,0,0,62,0,191
9825.0,36,26,0,0,62,0,191
9826.0,36,26,0,0,62,0,191
9827.0,36,26,0,0,62,0,191
9828.0,36,26,0,0,62,0,191
9829.0,36,26,0,0,62,0,191
9830.0,36,26,0,0,62,0,191
9831.0,36,26,0,0,62,0,191
9832.0,36,26,0,0,62,0,191
9833.0,36,26,0,0,62,0,191
9834.0,36,26,0,0,62,0,191
9835.0,36,26,0,0,62,0,191
9836.0,36,26,0,0,62,0,191
9837.0,36,26,0,0,62,0,191
9838.0,36,26,0,0,62,0,191
9839.0,36,26,0,0,62,0,191
9840.0,36,26,0,0,62,0,191
9841.0,36,26,0,0,62,0,191
9842.0,36,26,0,0,62,0,191
9843.0,36,26,0,0,62,0,191
9844.0,36,26,0,0,62,0,191
9845.0,36,26,0,0,62,0,191
9846.0,36,26,0,0,62,0,191
9847.0,36,26,0,0,62,0,191
9848.0,36,26,0,0,62,0,191
9849.0,36,26,0,0,62,0,191
9850.0,36,26,0,0,62,0,191
9851.0,36,26,0,0,62,0,191
9852.0,36,26,0,0,62,0,191
9853.0,36,26,0,0,62,0,191
9854.0,36,26,0,0,62,0,191
9855.0,36,26,0,0,62,0,191
9856.0,36,26,0,0,62,0,191
9857.0,36,26,0,0,62,0,191
9858.0,36,26,0,0,62,0,191
9859.0,36,26,0,0,62,0,191
9860.0,36,26,0,0,62,0,191
9861.0,36,26,0,0,62,0,191
9862.0,36,26,0,0,62,0,191
9863.0,36,26,0,0,62,0,191
9864.0,36,26,0,0,62,0,191
9865.0,36,26,0,0,62,0,191
9866.0,36,26,0,0,62,0,191
9867.0,36,26,0,0,62,0,191
9868.0,36,26,0,0,62,0,191
9869.0,36,26,0,0,62,0,191
9870.0,36,26,0,0,62,0,191
9871.0,36,26,0,0,62,0,191
9872.0,36,26,0,0,62,0,191
9873.0,36,26,0,0,62,0,191
9874.0,36,26,0,0,62,0,191
9875.0,36,26,0,0,62,0,191
9876.0,36,26,0,0,62,0,191
9877.0,36,26,0,0,62,0,191
9878.0,36,26,0,0,62,0,191
9879.0,36,26,0,0,62,0,191
9880.0,36,26,0,0,62,0,191
9881.0,36,26,0,0,62,0,191
9882.0,36,26,0,0,62,0,191
9883.0,36,26,0,0,62,0,191
9884.0,36,26,0,0,62,0,191
9885.0,36,26,0,0,62,0,191
9886.0,36,26,0,0,62,0,191
9887.0,36,26,0,0,62,0,191
9888.0,36,26,0,0,62,0,191
9889.0,36,26,0,0,62,0,191
9890.0,36,26,0,0,62,0,191
9891.0,36,26,0,0,62,0,191
9892.0,36,26,0,0,62,0,191
9893.0,36,26,0,0,62,0,191
9894.0,36,26,0,0,62,0,191
9895.0,36,26,0,0,62,0,191
9896.0,36,26,0,0,62,0,191
9897.0,36,26,0,0,62,0,191
9898.0,36,26,0,0,62,0,191
9899.0,36,26,0,0,62,0,191
9900.0,36,26,0,0,62,0,191
9901.0,36,26,0,0,62,0,191
9902.0,36,26,0,0,62,0,191
9903.0,36,26,0,0,62,0,191
9904.0,36,26,0,0,62,0,191
9905.0,36,26,0,0,62,0,191
9906.0,36,26,0,0,62,0,191
9907.0,36,26,0,0,62,0,191
9908.0,36,26,0,0,62,0,191
9909.0,36,26,0,0,62,0,191
9910.0,36,26,0,0,62,0,191
9911.0,36,26,0,0,62,0,191
9912.0,36,26,0,0,62,0,191
9913.0,36,26,0,0,62,0,191
9914.0,36,26,0,0,62,0,191
9915.0,36,26,0,0,62,0,191
9916.0,36,26,0,0,62,0,191
9917.0,36,26,0,0,62,0,191
9918.0,36,26,0,0,62,0,191
9919.0,36,26,0,0,62,0,191
9920.0,36,26,0,0,62,0,191
9921.0,36,26,0,0,62,0,191
9922.0,36,26,0,0,62,0,191
9923.0,36,26,0,0,62,0,191
9924.0,36,26,0,0,62,0,191
9925.0,36,26,0,0,62,0,191
9926.0,36,26,0,0,62,0,191
9927.0,36,26,0,0,62,0,191
9928.0,36,26,0,0,62,0,191
9929.0,36,26,0,0,62,0,191
9930.0,36,26,0,0,62,0,191
9931.0,36,26,0,0,62,0,191
9932.0,36,26,0,0,62,0,191
9933.0,36,26,0,0,62,0,191
9934.0,36,26,0,0,62,0,191
9935.0,36,26,0,0,62,0,191
9936.0,36,26,0,0,62,0,191
9937.0,36,26,0,0,62,0,191
9938.0,36,26,0,0,62,0,191
9939.0,36,26,0,0,62,0,191
9940.0,36,26,0,0,62,0,191
9941.0,36,26,0,0,62,0,191
9942.0,36,26,0,0,62,0,191
9943.0,36,26,0,0,62,0,191
9944.0,36,26,0,0,62,0,191
9945.0,36,26,0,0,62,0,191
9946.0,36,26,0,0,62,0,191
9947.0,36,26,0,0,62,0,191
9948.0,36,26,0,0,62,0,191
9949.0,36,26,0,0,62,0,191
9950.0,36,26,0,0,62,0,191
9951.0,36,26,0,0,62,0,191
9952.0,36,26,0,0,62,0,191
9953.0,36,26,0,0,62,0,191
9954.0,36,26,0,0,62,0,191
9955.0,36,26,0,0,62,0,191
9956.0,36,26,0,0,62,0,191
9957.0,36,26,0,0,62,0,191
9958.0,36,26,0,0,62,0,191
9959.0,36,26,0,0,62,0,191
9960.0,36,26,0,0,62,0,191
9961.0,36,26,0,0,62,0,191
9962.0,36,26,0,0,62,0,191
9963.0,36,26,0,0,62,0,191
9964.0,36,26,0,0,62,0,191
9965.0,36,26,0,0,62,0,191
9966.0,36,26,0,0,62,0,191
9967.0,36,26,0,0,62,0,191
9968.0,36,26,0,0,62,0,191
9969.0,36,26,0,0,62,0,191
9970.0,36,26,0,0,62,0,191
9971.0,36,26,0,0,62,0,191
9972.0,36,26,0,0,62,0,191
9973.0,36,26,0,0,62,0,191
9974.0,36,26,0,0,62,0,191
9975.0,36,26,0,0,62,0,191
9976.0,36,26,0,0,62,0,191
9977.0,36,26,0,0,62,0,191
9978.0,36,26,0,0,62,0,191
9979.0,36,26,0,0,62,0,191
9980.0,36,26,0,0,62,0,191
9981.0,36,26,0,0,62,0,191
9982.0,36,26,0,0,62,0,191
9983.0,36,26,0,0,62,0,191
9984.0,36,26,0,0,62,0,191
9985.0,36,26,0,0,62,0,191
9986.0,36,26,0,0,62,0,191
9987.0,36,26,0,0,62,0,191
9988.0,36,26,0,0,62,0,191
9989.0,36,26,0,0,62,0,191
9990.0,36,26,0,0,62,0,191
9991.0,36,26,0,0,62,0,191
9992.0,36,26,0,0,62,0,191
9993.0,36,26,0,0,62,0,191
9994.0,36,26,0,0,62,0,191
9995.0,36,26,0,0,62,0,191
9996.0,36,26,0,0,62,0,191
9997.0,36,26,0,0,62,0,191
9998.0,36,26,0,0,62,0,191
9999.0,36,26,0,0,62,0,191
10000.0,36,26,0,0,62,0,191
10001.0,36,26,0,0,62,0,191
10002.0,36,26,0,0,62,0,191
10003.0,36,26,0,0,62,0,191
10004.0,36,26,0,0,62,0,191
10005.0,36,26,0,0,62,0,191
10006.0,36,26,0,0,62,0,191
10007.0,36,26,0,0,62,0,191
10008.0,36,26,0,0,62,0,191
10009.0,36,26,0,0,62,0,191
10010.0,36,26,0,0,62,0,191
10011.0,36,26,0,0,62,0,191
10012.0,36,26,0,0,62,0,191
10013.0,36,26,0,0,62,0,191
10014.0,36,26,0,0,62,0,191
10015.0,36,26,0,0,62,0,191
10016.0,36,26,0,0,62,0,191
10017.0,36,26,0,0,62,0,191
10018.0,36,26,0,0,62,0,191
10019.0,36,26,0,0,62,0,191
10020.0,36,26,0,0,62,0,191
10021.0,36,26,0,0,62,0,191
10022.0,36,26,0,0,62,0,191
10023.0,36,26,0,0,62,0,191
10024.0,36,26,0,0,62,0,191
10025.0,36,26,0,0,62,0,191
10026.0,36,26,0,0,62,0,191
10027.0,36,26,0,0,62,0,191
10028.0,36,26,0,0,62,0,191
10029.0,36,26,0,0,62,0,191
10030.0,36,26,0,0,62,0,191
10031.0,36,26,0,0,62,0,191
10032.0,36,26,0,0,62,0,191
10033.0,36,26,0,0,62,0,191
10034.0,36,26,0,0,62,0,191
10035.0,36,26,0,0,62,0,191
10036.0,36,26,0,0,62,0,191
10037.0,36,26,0,0,62,0,191
10038.0,36,26,0,0,62,0,191
10039.0,36,26,0,0,62,0,191
10040.0,36,26,0,0,62,0,191
10041.0,36,26,0,0,62,0,191
10042.0,36,26,0,0,62,0,191
10043.0,36,26,0,0,62,0,191
10044.0,36,26,0,0,62,0,191
10045.0,36,26,0,0,62,0,191
10046.0,36,26,0,0,62,0,191
10047.0,36,26,0,0,62,0,191
10048.0,36,26,0,0,62,0,191
10049.0,36,26,0,0,62,0,191
10050.0,36,26,0,0,62,0,191
10051.0,36,26,0,0,62,0,191
10052.0,36,26,0,0,62,0,191
10053.0,36,26,0,0,62,0,191
10054.0,36,26,0,0,62,0,191
10055.0,36,26,0,0,62,0,191
10056.0,36,26,0,0,62,0,191
10057.0,36,26,0,0,62,0,191
10058.0,36,26,0,0,62,0,191
10059.0,36,26,0,0,62,0,191
10060.0,36,26,0,0,62,0,191
10061.0,36,26,0,0,62,0,191
10062.0,36,26,0,0,62,0,191
10063.0,36,26,0,0,62,0,191
10064.0,36,26,0,0,62,0,191
10065.0,36,26,0,0,62,0,191
10066.0,36,26,0,0,62,0,191
10067.0,36,26,0,0,62,0,191
10068.0,36,26,0,0,62,0,191
10069.0,36,26,0,0,62,0,191
10070.0,36,26,0,0,62,0,191
10071.0,36,26,0,0,62,0,191
10072.0,36,26,0,0,62,0,191
10073.0,36,26,0,0,62,0,191
10074.0,36,26,0,0,62,0,191
10075.0,36,26,0,0,62,0,191
10076.0,36,26,0,0,62,0,191
10077.0,36,26,0,0,62,0,191
10078.0,36,26,0,0,62,0,191
10079.0,36,26,0,0,62,0,191
10080.0,36,26,0,0,62,0,191
10081.0,36,26,0,0,62,0,191
10082.0,36,26,0,0,62,0,191
10083.0,36,26,0,0,62,0,191
10084.0,36,26,0,0,62,0,191
10085.0,36,26,0,0,62,0,191
10086.0,36,26,0,0,62,0,191
10087.0,36,26,0,0,62,0,191
10088.0,36,26,0,0,62,0,191
10089.0,36,26,0,0,62,0,191
10090.0,36,26,0,0,62,0,191
10091.0,36,26,0,0,62,0,191
10092.0,36,26,0,0,62,0,191
10093.0,36,26,0,0,62,0,191
10094.0,36,26,0,0,62,0,191
10095.0,36,26,0,0,62,0,191
10096.0,36,26,0,0,62,0,191
10097.0,36,26,0,0,62,0,191
10098.0,36,26,0,0,62,0,191
10099.0,36,26,0,0,62,0,191
10100.0,36,26,0,0,62,0,191
10101.0,36,26,0,0,62,0,191
10102.0,36,26,0,0,62,0,191
10103.0,36,26,0,0,62,0,191
10104.0,36,26,0,0,62,0,191
10105.0,36,26,0,0,62,0,191
10106.0,36,26,0,0,62,0,191
10107.0,36,26,0,0,62,0,191
10108.0,36,26,0,0,62,0,191
10109.0,36,26,0,0,62,0,191
10110.0,36,26,0,0,62,0,191
10111.0,36,26,0,0,62,0,191
10112.0,36,26,0,0,62,0,191
10113.0,36,26,0,0,62,0,191
10114.0,36,26,0,0,62,0,191
10115.0,36,26,0,0,62,0,191
10116.0,36,26,0,0,62,0,191
10117.0,36,26,0,0,62,0,191
10118.0,36,26,0,0,62,0,191
10119.0,36,26,0,0,62,0,191
10120.0,36,26,0,0,62,0,191
10121.0,36,26,0,0,62,0,191
10122.0,36,26,0,0,62,0,191
10123.0,36,26,0,0,62,0,191
10124.0,36,26,0,0,62,0,191
10125.0,36,26,0,0,62,0,191
10126.0,36,26,0,0,62,0,191
10127.0,36,26,0,0,62,0,191
10128.0,36,26,0,0,62,0,191
10129.0,36,26,0,0,62,0,191
10130.0,36,26,0,0,62,0,191
10131.0,36,26,0,0,62,0,191
10132.0,36,26,0,0,62,0,191
10133.0,36,26,0,0,62,0,191
10134.0,36,26,0,0,62,0,191
10135.0,36,26,0,0,62,0,191
10136.0,36,26,0,0,62,0,191
10137.0,36,26,0,0,62,0,191
10138.0,36,26,0,0,62,0,191
10139.0,36,26,0,0,62,0,191
10140.0,36,26,0,0,62,0,191
10141.0,36,26,0,0,62,0,191
10142.0,36,26,0,0,62,0,191
10143.0,36,26,0,0,62,0,191
10144.0,36,26,0,0,62,0,191
10145.0,36,26,0,0,62,0,191
10146.0,36,26,0,0,62,0,191
10147.0,36,26,0,0,62,0,191
10148.0,36,26,0,0,62,0,191
10149.0,36,26,0,0,62,0,191
10150.0,36,26,0,0,62,0,191
10151.0,36,26,0,0,62,0,191
10152.0,36,26,0,0,62,0,191
10153.0,36,26,0,0,62,0,191
10154.0,36,26,0,0,62,0,191
10155.0,36,26,0,0,62,0,191
10156.0,36,26,0,0,62,0,191
10157.0,36,26,0,0,62,0,191
10158.0,36,26,0,0,62,0,191
10159.0,36,26,0,0,62,0,191
10160.0,36,26,0,0,62,0,191
10161.0,36,26,0,0,62,0,191
10162.0,36,26,0,0,62,0,191
10163.0,36,26,0,0,62,0,191
10164.0,36,26,0,0,62,0,191
10165.0,36,26,0,0,62,0,191
10166.0,36,26,0,0,62,0,191
10167.0,36,26,0,0,62,0,191
10168.0,36,26,0,0,62,0,191
10169.0,36,26,0,0,62,0,191
10170.0,36,26,0,0,62,0,191
10171.0,36,26,0,0,62,0,191
10172.0,36,26,0,0,62,0,191
10173.0,36,26,0,0,62,0,191
10174.0,36,26,0,0,62,0,191
10175.0,36,26,0,0,62,0,191
10176.0,36,26,0,0,62,0,191
10177.0,36,26,0,0,62,0,191
10178.0,36,26,0,0,62,0,191
10179.0,36,26,0,0,62,0,191
10180.0,36,26,0,0,62,0,191
10181.0,36,26,0,0,62,0,191
10182.0,36,26,0,0,62,0,191
10183.0,36,26,0,0,62,0,191
10184.0,36,26,0,0,62,0,191
10185.0,36,26,0,0,62,0,191
10186.0,36,26,0,0,62,0,191
10187.0,36,26,0,0,62,0,191
10188.0,36,26,0,0,62,0,191
10189.0,36,26,0,0,62,0,191
10190.0,36,26,0,0,62,0,191
10191.0,36,26,0,0,62,0,191
10192.0,36,26,0,0,62,0,191
10193.0,36,26,0,0,62,0,191
10194.0,36,26,0,0,62,0,191
10195.0,36,26,0,0,62,0,191
10196.0,36,26,0,0,62,0,191
10197.0,36,26,0,0,62,0,191
10198.0,36,26,0,0,62,0,191
10199.0,36,26,0,0,62,0,191
10200.0,36,26,0,0,62,0,191
10201.0,36,26,0,0,62,0,191
10202.0,36,26,0,0,62,0,191
10203.0,36,26,0,0,62,0,191
10204.0,36,26,0,0,62,0,191
10205.0,36,26,0,0,62,0,191
10206.0,36,26,0,0,62,0,191
10207.0,36,26,0,0,62,0,191
10208.0,36,26,0,0,62,0,191
10209.0,36,26,0,0,62,0,191
10210.0,36,26,0,0,62,0,191
10211.0,36,26,0,0,62,0,191
10212.0,36,26,0,0,62,0,191
10213.0,36,26,0,0,62,0,191
10214.0,36,26,0,0,62,0,191
10215.0,36,26,0,0,62,0,191
10216.0,36,26,0,0,62,0,191
10217.0,36,26,0,0,62,0,191
10218.0,36,26,0,0,62,0,191
10219.0,36,26,0,0,62,0,191
10220.0,36,26,0,0,62,0,191
10221.0,36,26,0,0,62,0,191
10222.0,36,26,0,0,62,0,191
10223.0,36,26,0,0,62,0,191
10224.0,36,26,0,0,62,0,191
10225.0,36,26,0,0,62,0,191
10226.0,36,26,0,0,62,0,191
10227.0,36,26,0,0,62,0,191
10228.0,36,26,0,0,62,0,191
10229.0,36,26,0,0,62,0,191
10230.0,36,26,0,0,62,0,191
10231.0,36,26,0,0,62,0,191
10232.0,36,26,0,0,62,0,191
10233.0,36,26,0,0,62,0,191
10234.0,36,26,0,0,62,0,191
10235.0,36,26,0,0,62,0,191
10236.0,36,26,0,0,62,0,191
10237.0,36,26,0,0,62,0,191
10238.0,36,26,0,0,62,0,191
10239.0,36,26,0,0,62,0,191
10240.0,36,26,0,0,62,0,191
10241.0,36,26,0,0,62,0,191
10242.0,36,26,0,0,62,0,191
10243.0,36,26,0,0,62,0,191
10244.0,36,26,0,0,62,0,191
10245.0,36,26,0,0,62,0,191
10246.0,36,26,0,0,62,0,191
10247.0,36,26,0,0,62,0,191
10248.0,36,26,0,0,62,0,191
10249.0,36,26,0,0,62,0,191
10250.0,36,26,0,0,62,0,191
10251.0,36,26,0,0,62,0,191
10252.0,36,26,0,0,62,0,191
10253.0,36,26,0,0,62,0,191
10254.0,36,26,0,0,62,0,191
10255.0,36,26,0,0,62,0,191
10256.0,36,26,0,0,62,0,191
10257.0,36,26,0,0,62,0,191
10258.0,36,26,0,0,62,0,191
10259.0,36,26,0,0,62,0,191
10260.0,36,26,0,0,62,0,191
10261.0,36,26,0,0,62,0,191
10262.0,36,26,0,0,62,0,191
10263.0,36,26,0,0,62,0,191
10264.0,36,26,0,0,62,0,191
10265.0,36,26,0,0,62,0,191
10266.0,36,26,0,0,62,0,191
10267.0,36,26,0,0,62,0,191
10268.0,36,26,0,0,62,0,191
10269.0,36,26,0,0,62,0,191
10270.0,36,26,0,0,62,0,191
10271.0,36,26,0,0,62,0,191
10272.0,36,26,0,0,62,0,191
10273.0,36,26,0,0,62,0,191
10274.0,36,26,0,0,62,0,191
10275.0,36,26,0,0,62,0,191
10276.0,36,26,0,0,62,0,191
10277.0,36,26,0,0,62,0,191
10278.0,36,26,0,0,62,0,191
10279.0,36,26,0,0,62,0,191
10280.0,36,26,0,0,62,0,191
10281.0,36,26,0,0,62,0,191
10282.0,36,26,0,0,62,0,191
10283.0,36,26,0,0,62,0,191
10284.0,36,26,0,0,62,0,191
10285.0,36,26,0,0,62,0,191
10286.0,36,26,0,0,62,0,191
10287.0,36,26,0,0,62,0,191
10288.0,36,26,0,0,62,0,191
10289.0,36,26,0,0,62,0,191
10290.0,36,26,0,0,62,0,191
10291.0,36,26,0,0,62,0,191
10292.0,36,26,0,0,62,0,191
10293.0,36,26,0,0,62,0,191
10294.0,36,26,0,0,62,0,191
10295.0,36,26,0,0,62,0,191
10296.0,36,26,0,0,62,0,191
10297.0,36,26,0,0,62,0,191
10298.0,36,26,0,0,62,0,191
10299.0,36,26,0,0,62,0,191
10300.0,36,26,0,0,62,0,191
10301.0,36,26,0,0,62,0,191
10302.0,36,26,0,0,62,0,191
10303.0,36,26,0,0,62,0,191
10304.0,36,26,0,0,62,0,191
10305.0,36,26,0,0,62,0,191
10306.0,36,26,0,0,62,0,191
10307.0,36,26,0,0,62,0,191
10308.0,36,26,0,0,62,0,191
10309.0,36,26,0,0,62,0,191
10310.0,36,26,0,0,62,0,191
10311.0,36,26,0,0,62,0,191
10312.0,36,26,0,0,62,0,191
10313.0,36,26,0,0,62,0,191
10314.0,36,26,0,0,62,0,191
10315.0,36,26,0,0,62,0,191
10316.0,36,26,0,0,62,0,191
10317.0,36,26,0,0,62,0,191
10318.0,36,26,0,0,62,0,191
10319.0,36,26,0,0,62,0,191
10320.0,36,26,0,0,62,0,191
10321.0,36,26,0,0,62,0,191
10322.0,36,26,0,0,62,0,191
10323.0,36,26,0,0,62,0,191
10324.0,36,26,0,0,62,0,191
10325.0,36,26,0,0,62,0,191
10326.0,36,26,0,0,62,0,191
10327.0,36,26,0,0,62,0,191
10328.0,36,26,0,0,62,0,191
10329.0,36,26,0,0,62,0,191
10330.0,36,26,0,0,62,0,191
10331.0,36,26,0,0,62,0,191
10332.0,36,26,0,0,62,0,191
10333.0,36,26,0,0,62,0,191
10334.0,36,26,0,0,62,0,191
10335.0,36,26,0,0,62,0,191
10336.0,36,26,0,0,62,0,191
10337.0,36,26,0,0,62,0,191
10338.0,36,26,0,0,62,0,191
10339.0,36,26,0,0,62,0,191
10340.0,36,26,0,0,62,0,191
10341.0,36,26,0,0,62,0,191
10342.0,36,26,0,0,62,0,191
10343.0,36,26,0,0,62,0,191
10344.0,36,26,0,0,62,0,191
10345.0,36,26,0,0,62,0,191
10346.0,36,26,0,0,62,0,191
10347.0,36,26,0,0,62,0,191
10348.0,36,26,0,0,62,0,191
10349.0,36,26,0,0,62,0,191
10350.0,36,26,0,0,62,0,191
10351.0,36,26,0,0,62,0,191
10352.0,36,26,0,0,62,0,191
10353.0,36,26,0,0,62,0,191
10354.0,36,26,0,0,62,0,191
10355.0,36,26,0,0,62,0,191
10356.0,36,26,0,0,62,0,191
10357.0,36,26,0,0,62,0,191
10358.0,36,26,0,0,62,0,191
10359.0,36,26,0,0,62,0,191
10360.0,36,26,0,0,62,0,191
10361.0,36,26,0,0,62,0,191
10362.0,36,26,0,0,62,0,191
10363.0,36,26,0,0,62,0,191
10364.0,36,26,0,0,62,0,191
10365.0,36,26,0,0,62,0,191
10366.0,36,26,0,0,62,0,191
10367.0,36,26,0,0,62,0,191
10368.0,36,26,0,0,62,0,191
10369.0,36,26,0,0,62,0,191
10370.0,36,26,0,0,62,0,191
10371.0,36,26,0,0,62,0,191
10372.0,36,26,0,0,62,0,191
10373.0,36,26,0,0,62,0,191
10374.0,36,26,0,0,62,0,191
10375.0,36,26,0,0,62,0,191
10376.0,36,26,0,0,62,0,191
10377.0,36,26,0,0,62,0,191
10378.0,36,26,0,0,62,0,191
10379.0,36,26,0,0,62,0,191
10380.0,36,26,0,0,62,0,191
10381.0,36,26,0,0,62,0,191
10382.0,36,26,0,0,62,0,191
10383.0,36,26,0,0,62,0,191
10384.0,36,26,0,0,62,0,191
10385.0,36,26,0,0,62,0,191
10386.0,36,26,0,0,62,0,191
10387.0,36,26,0,0,62,0,191
10388.0,36,26,0,0,62,0,191
10389.0,36,26,0,0,62,0,191
10390.0,36,26,0,0,62,0,191
10391.0,36,26,0,0,62,0,191
10392.0,36,26,0,0,62,0,191
10393.0,36,26,0,0,62,0,191
10394.0,36,26,0,0,62,0,191
10395.0,36,26,0,0,62,0,191
10396.0,36,26,0,0,62,0,191
10397.0,36,26,0,0,62,0,191
10398.0,36,26,0,0,62,0,191
10399.0,36,26,0,0,62,0,191
10400.0,36,26,0,0,62,0,191
10401.0,36,26,0,0,62,0,191
10402.0,36,26,0,0,62,0,191
10403.0,36,26,0,0,62,0,191
10404.0,36,26,0,0,62,0,191
10405.0,36,26,0,0,62,0,191
10406.0,36,26,0,0,62,0,191
10407.0,36,26,0,0,62,0,191
10408.0,36,26,0,0,62,0,191
10409.0,36,26,0,0,62,0,191
10410.0,36,26,0,0,62,0,191
10411.0,36,26,0,0,62,0,191
10412.0,36,26,0,0,62,0,191
10413.0,36,26,0,0,62,0,191
10414.0,36,26,0,0,62,0,191
10415.0,36,26,0,0,62,0,191
10416.0,36,26,0,0,62,0,191
10417.0,36,26,0,0,62,0,191
10418.0,36,26,0,0,62,0,191
10419.0,36,26,0,0,62,0,191
10420.0,36,26,0,0,62,0,191
10421.0,36,26,0,0,62,0,191
10422.0,36,26,0,0,62,0,191
10423.0,36,26,0,0,62,0,191
10424.0,36,26,0,0,62,0,191
10425.0,36,26,0,0,62,0,191
10426.0,36,26,0,0,62,0,191
10427.0,36,26,0,0,62,0,191
10428.0,36,26,0,0,62,0,191
10429.0,36,26,0,0,62,0,191
10430.0,36,26,0,0,62,0,191
10431.0,36,26,0,0,62,0,191
10432.0,36,26,0,0,62,0,191
10433.0,36,26,0,0,62,0,191
10434.0,36,26,0,0,62,0,191
10435.0,36,26,0,0,62,0,191
10436.0,36,26,0,0,62,0,191
10437.0,36,26,0,0,62,0,191
10438.0,36,26,0,0,62,0,191
10439.0,36,26,0,0,62,0,191
10440.0,36,26,0,0,62,0,191
10441.0,36,26,0,0,62,0,191
10442.0,36,26,0,0,62,0,191
10443.0,36,26,0,0,62,0,191
10444.0,36,26,0,0,62,0,191
10445.0,36,26,0,0,62,0,191
10446.0,36,26,0,0,62,0,191
10447.0,36,26,0,0,62,0,191
10448.0,36,26,0,0,62,0,191
10449.0,36,26,0,0,62,0,191
10450.0,36,26,0,0,62,0,191
10451.0,36,26,0,0,62,0,191
10452.0,36,26,0,0,62,0,191
10453.0,36,26,0,0,62,0,191
10454.0,36,26,0,0,62,0,191
10455.0,36,26,0,0,62,0,191
10456.0,36,26,0,0,62,0,191
10457.0,36,26,0,0,62,0,191
10458.0,36,26,0,0,62,0,191
10459.0,36,26,0,0,62,0,191
10460.0,36,26,0,0,62,0,191
10461.0,36,26,0,0,62,0,191
10462.0,36,26,0,0,62,0,191
10463.0,36,26,0,0,62,0,191
10464.0,36,26,0,0,62,0,191
10465.0,36,26,0,0,62,0,191
10466.0,36,26,0,0,62,0,191
10467.0,36,26,0,0,62,0,191
10468.0,36,26,0,0,62,0,191
10469.0,36,26,0,0,62,0,191
10470.0,36,26,0,0,62,0,191
10471.0,36,26,0,0,62,0,191
10472.0,36,26,0,0,62,0,191
10473.0,36,26,0,0,62,0,191
10474.0,36,26,0,0,62,0,191
10475.0,36,26,0,0,62,0,191
10476.0,36,26,0,0,62,0,191
10477.0,36,26,0,0,62,0,191
10478.0,36,26,0,0,62,0,191
10479.0,36,26,0,0,62,0,191
10480.0,36,26,0,0,62,0,191
10481.0,36,26,0,0,62,0,191
10482.0,36,26,0,0,62,0,191
10483.0,36,26,0,0,62,0,191
10484.0,36,26,0,0,62,0,191
10485.0,36,26,0,0,62,0,191
10486.0,36,26,0,0,62,0,191
10487.0,36,26,0,0,62,0,191
10488.0,36,26,0,0,62,0,191
10489.0,36,26,0,0,62,0,191
10490.0,36,26,0,0,62,0,191
10491.0,36,26,0,0,62,0,191
10492.0,36,26,0,0,62,0,191
10493.0,36,26,0,0,62,0,191
10494.0,36,26,0,0,62,0,191
10495.0,36,26,0,0,62,0,191
10496.0,36,26,0,0,62,0,191
10497.0,36,26,0,0,62,0,191
10498.0,36,26,0,0,62,0,191
10499.0,36,26,0,0,62,0,191
10500.0,36,26,0,0,62,0,191
10501.0,36,26,0,0,62,0,191
10502.0,36,26,0,0,62,0,191
10503.0,36,26,0,0,62,0,191
10504.0,36,26,0,0,62,0,191
10505.0,36,26,0,0,62,0,191
10506.0,36,26,0,0,62,0,191
10507.0,36,26,0,0,62,0,191
10508.0,36,26,0,0,62,0,191
10509.0,36,26,0,0,62,0,191
10510.0,36,26,0,0,62,0,191
10511.0,36,26,0,0,62,0,191
10512.0,36,26,0,0,62,0,191
10513.0,36,26,0,0,62,0,191
10514.0,36,26,0,0,62,0,191
10515.0,36,26,0,0,62,0,191
10516.0,36,26,0,0,62,0,191
10517.0,36,26,0,0,62,0,191
10518.0,36,26,0,0,62,0,191
10519.0,36,26,0,0,62,0,191
10520.0,36,26,0,0,62,0,191
10521.0,36,26,0,0,62,0,191
10522.0,36,26,0,0,62,0,191
10523.0,36,26,0,0,62,0,191
10524.0,36,26,0,0,62,0,191
10525.0,36,26,0,0,62,0,191
10526.0,36,26,0,0,62,0,191
10527.0,36,26,0,0,62,0,191
10528.0,36,26,0,0,62,0,191
10529.0,36,26,0,0,62,0,191
10530.0,36,26,0,0,62,0,191
10531.0,36,26,0,0,62,0,191
10532.0,36,26,0,0,62,0,191
10533.0,36,26,0,0,62,0,191
10534.0,36,26,0,0,62,0,191
10535.0,36,26,0,0,62,0,191
10536.0,36,26,0,0,62,0,191
10537.0,36,26,0,0,62,0,191
10538.0,36,26,0,0,62,0,191
10539.0,36,26,0,0,62,0,191
10540.0,36,26,0,0,62,0,191
10541.0,36,26,0,0,62,0,191
10542.0,36,26,0,0,62,0,191
10543.0,36,26,0,0,62,0,191
10544.0,36,26,0,0,62,0,191
10545.0,36,26,0,0,62,0,191
10546.0,36,26,0,0,62,0,191
10547.0,36,26,0,0,62,0,191
10548.0,36,26,0,0,62,0,191
10549.0,36,26,0,0,62,0,191
10550.0,36,26,0,0,62,0,191
10551.0,36,26,0,0,62,0,191
10552.0,36,26,0,0,62,0,191
10553.0,36,26,0,0,62,0,191
10554.0,36,26,0,0,62,0,191
10555.0,36,26,0,0,62,0,191
10556.0,36,26,0,0,62,0,191
10557.0,36,26,0,0,62,0,191
10558.0,36,26,0,0,62,0,191
10559.0,36,26,0,0,62,0,191
10560.0,36,26,0,0,62,0,191
10561.0,36,26,0,0,62,0,191
10562.0,36,26,0,0,62,0,191
10563.0,36,26,0,0,62,0,191
10564.0,36,26,0,0,62,0,191
10565.0,36,26,0,0,62,0,191
10566.0,36,26,0,0,62,0,191
10567.0,36,26,0,0,62,0,191
10568.0,36,26,0,0,62,0,191
10569.0,36,26,0,0,62,0,191
10570.0,36,26,0,0,62,0,191
10571.0,36,26,0,0,62,0,191
10572.0,36,26,0,0,62,0,191
10573.0,36,26,0,0,62,0,191
10574.0,36,26,0,0,62,0,191
10575.0,36,26,0,0,62,0,191
10576.0,36,26,0,0,62,0,191
10577.0,36,26,0,0,62,0,191
10578.0,36,26,0,0,62,0,191
10579.0,36,26,0,0,62,0,191
10580.0,36,26,0,0,62,0,191
10581.0,36,26,0,0,62,0,191
10582.0,36,26,0,0,62,0,191
10583.0,36,26,0,0,62,0,191
10584.0,36,26,0,0,62,0,191
10585.0,36,26,0,0,62,0,191
10586.0,36,26,0,0,62,0,191
10587.0,36,26,0,0,62,0,191
10588.0,36,26,0,0,62,0,191
10589.0,36,26,0,0,62,0,191
10590.0,36,26,0,0,62,0,191
10591.0,36,26,0,0,62,0,191
10592.0,36,26,0,0,62,0,191
10593.0,36,26,0,0,62,0,191
10594.0,36,26,0,0,62,0,191
10595.0,36,26,0,0,62,0,191
10596.0,36,26,0,0,62,0,191
10597.0,36,26,0,0,62,0,191
10598.0,36,26,0,0,62,0,191
10599.0,36,26,0,0,62,0,191
10600.0,36,26,0,0,62,0,191
10601.0,36,26,0,0,62,0,191
10602.0,36,26,0,0,62,0,191
10603.0,36,26,0,0,62,0,191
10604.0,36,26,0,0,62,0,191
10605.0,36,26,0,0,62,0,191
10606.0,36,26,0,0,62,0,191
10607.0,36,26,0,0,62,0,191
10608.0,36,26,0,0,62,0,191
10609.0,36,26,0,0,62,0,191
10610.0,36,26,0,0,62,0,191
10611.0,36,26,0,0,62,0,191
10612.0,36,26,0,0,62,0,191
10613.0,36,26,0,0,62,0,191
10614.0,36,26,0,0,62,0,191
10615.0,36,26,0,0,62,0,191
10616.0,36,26,0,0,62,0,191
10617.0,36,26,0,0,62,0,191
10618.0,36,26,0,0,62,0,191
10619.0,36,26,0,0,62,0,191
10620.0,36,26,0,0,62,0,191
10621.0,36,26,0,0,62,0,191
10622.0,36,26,0,0,62,0,191
10623.0,36,26,0,0,62,0,191
10624.0,36,26,0,0,62,0,191
10625.0,36,26,0,0,62,0,191
10626.0,36,26,0,0,62,0,191
10627.0,36,26,0,0,62,0,191
10628.0,36,26,0,0,62,0,191
10629.0,36,26,0,0,62,0,191
10630.0,36,26,0,0,62,0,191
10631.0,36,26,0,0,62,0,191
10632.0,36,26,0,0,62,0,191
10633.0,36,26,0,0,62,0,191
10634.0,36,26,0,0,62,0,191
10635.0,36,26,0,0,62,0,191
10636.0,36,26,0,0,62,0,191
10637.0,36,26,0,0,62,0,191
10638.0,36,26,0,0,62,0,191
10639.0,36,26,0,0,62,0,191
10640.0,36,26,0,0,62,0,191
10641.0,36,26,0,0,62,0,191
10642.0,36,26,0,0,62,0,191
10643.0,36,26,0,0,62,0,191
10644.0,36,26,0,0,62,0,191
10645.0,36,26,0,0,62,0,191
10646.0,36,26,0,0,62,0,191
10647.0,36,26,0,0,62,0,191
10648.0,36,26,0,0,62,0,191
10649.0,36,26,0,0,62,0,191
10650.0,36,26,0,0,62,0,191
10651.0,36,26,0,0,62,0,191
10652.0,36,26,0,0,62,0,191
10653.0,36,26,0,0,62,0,191
10654.0,36,26,0,0,62,0,191
10655.0,36,26,0,0,62,0,191
10656.0,36,26,0,0,62,0,191
10657.0,36,26,0,0,62,0,191
10658.0,36,26,0,0,62,0,191
10659.0,36,26,0,0,62,0,191
10660.0,36,26,0,0,62,0,191
10661.0,36,26,0,0,62,0,191
10662.0,36,26,0,0,62,0,191
10663.0,36,26,0,0,62,0,191
10664.0,36,26,0,0,62,0,191
10665.0,36,26,0,0,62,0,191
10666.0,36,26,0,0,62,0,191
10667.0,36,26,0,0,62,0,191
10668.0,36,26,0,0,62,0,191
10669.0,36,26,0,0,62,0,191
10670.0,36,26,0,0,62,0,191
10671.0,36,26,0,0,62,0,191
10672.0,36,26,0,0,62,0,191
10673.0,36,26,0,0,62,0,191
10674.0,36,26,0,0,62,0,191
10675.0,36,26,0,0,62,0,191
10676.0,36,26,0,0,62,0,191
10677.0,36,26,0,0,62,0,191
10678.0,36,26,0,0,62,0,191
10679.0,36,26,0,0,62,0,191
10680.0,36,26,0,0,62,0,191
10681.0,36,26,0,0,62,0,191
10682.0,36,26,0,0,62,0,191
10683.0,36,26,0,0,62,0,191
10684.0,36,26,0,0,62,0,191
10685.0,36,26,0,0,62,0,191
10686.0,36,26,0,0,62,0,191
10687.0,36,26,0,0,62,0,191
10688.0,36,26,0,0,62,0,191
10689.0,36,26,0,0,62,0,191
10690.0,36,26,0,0,62,0,191
10691.0,36,26,0,0,62,0,191
10692.0,36,26,0,0,62,0,191
10693.0,36,26,0,0,62,0,191
10694.0,36,26,0,0,62,0,191
10695.0,36,26,0,0,62,0,191
10696.0,36,26,0,0,62,0,191
10697.0,36,26,0,0,62,0,191
10698.0,36,26,0,0,62,0,191
10699.0,36,26,0,0,62,0,191
10700.0,36,26,0,0,62,0,191
10701.0,36,26,0,0,62,0,191
10702.0,36,26,0,0,62,0,191
10703.0,36,26,0,0,62,0,191
10704.0,36,26,0,0,62,0,191
10705.0,36,26,0,0,62,0,191
10706.0,36,26,0,0,62,0,191
10707.0,36,26,0,0,62,0,191
10708.0,36,26,0,0,62,0,191
10709.0,36,26,0,0,62,0,191
10710.0,36,26,0,0,62,0,191
10711.0,36,26,0,0,62,0,191
10712.0,36,26,0,0,62,0,191
10713.0,36,26,0,0,62,0,191
10714.0,36,26,0,0,62,0,191
10715.0,36,26,0,0,62,0,191
10716.0,36,26,0,0,62,0,191
10717.0,36,26,0,0,62,0,191
10718.0,36,26,0,0,62,0,191
10719.0,36,26,0,0,62,0,191
10720.0,36,26,0,0,62,0,191
10721.0,36,26,0,0,62,0,191
10722.0,36,26,0,0,62,0,191
10723.0,36,26,0,0,62,0,191
10724.0,36,26,0,0,62,0,191
10725.0,36,26,0,0,62,0,191
10726.0,36,26,0,0,62,0,191
10727.0,36,26,0,0,62,0,191
10728.0,36,26,0,0,62,0,191
10729.0,36,26,0,0,62,0,191
10730.0,36,26,0,0,62,0,191
10731.0,36,26,0,0,62,0,191
10732.0,36,26,0,0,62,0,191
10733.0,36,26,0,0,62,0,191
10734.0,36,26,0,0,62,0,191
10735.0,36,26,0,0,62,0,191
10736.0,36,26,0,0,62,0,191
10737.0,36,26,0,0,62,0,191
10738.0,36,26,0,0,62,0,191
10739.0,36,26,0,0,62,0,191
10740.0,36,26,0,0,62,0,191
10741.0,36,26,0,0,62,0,191
10742.0,36,26,0,0,62,0,191
10743.0,36,26,0,0,62,0,191
10744.0,36,26,0,0,62,0,191
10745.0,36,26,0,0,62,0,191
10746.0,36,26,0,0,62,0,191
10747.0,36,26,0,0,62,0,191
10748.0,36,26,0,0,62,0,191
10749.0,36,26,0,0,62,0,191
10750.0,36,26,0,0,62,0,191
10751.0,36,26,0,0,62,0,191
10752.0,36,26,0,0,62,0,191
10753.0,36,26,0,0,62,0,191
10754.0,36,26,0,0,62,0,191
10755.0,36,26,0,0,62,0,191
10756.0,36,26,0,0,62,0,191
10757.0,36,26,0,0,62,0,191
10758.0,36,26,0,0,62,0,191
10759.0,36,26,0,0,62,0,191
10760.0,36,26,0,0,62,0,191
10761.0,36,26,0,0,62,0,191
10762.0,36,26,0,0,62,0,191
10763.0,36,26,0,0,62,0,191
10764.0,36,26,0,0,62,0,191
10765.0,36,26,0,0,62,0,191
10766.0,36,26,0,0,62,0,191
10767.0,36,26,0,0,62,0,191
10768.0,36,26,0,0,62,0,191
10769.0,36,26,0,0,62,0,191
10770.0,36,26,0,0,62,0,191
10771.0,36,26,0,0,62,0,191
10772.0,36,26,0,0,62,0,191
10773.0,36,26,0,0,62,0,191
10774.0,36,26,0,0,62,0,191
10775.0,36,26,0,0,62,0,191
10776.0,36,26,0,0,62,0,191
10777.0,36,26,0,0,62,0,191
10778.0,36,26,0,0,62,0,191
10779.0,36,26,0,0,62,0,191
10780.0,36,26,0,0,62,0,191
10781.0,36,26,0,0,62,0,191
10782.0,36,26,0,0,62,0,191
10783.0,36,26,0,0,62,0,191
10784.0,36,26,0,0,62,0,191
10785.0,36,26,0,0,62,0,191
10786.0,36,26,0,0,62,0,191
10787.0,36,26,0,0,62,0,191
10788.0,36,26,0,0,62,0,191
10789.0,36,26,0,0,62,0,191
10790.0,36,26,0,0,62,0,191
10791.0,36,26,0,0,62,0,191
10792.0,36,26,0,0,62,0,191
10793.0,36,26,0,0,62,0,191
10794.0,36,26,0,0,62,0,191
10795.0,36,26,0,0,62,0,191
10796.0,36,26,0,0,62,0,191
10797.0,36,26,0,0,62,0,191
10798.0,36,26,0,0,62,0,191
10799.0,36,26,0,0,62,0,191
10800.0,36,26,0,0,62,0,191
10801.0,36,26,0,0,62,0,191
10802.0,36,26,0,0,62,0,191
10803.0,36,26,0,0,62,0,191
10804.0,36,26,0,0,62,0,191
10805.0,36,26,0,0,62,0,191
10806.0,36,26,0,0,62,0,191
10807.0,36,26,0,0,62,0,191
10808.0,36,26,0,0,62,0,191
10809.0,36,26,0,0,62,0,191
10810.0,36,26,0,0,62,0,191
10811.0,36,26,0,0,62,0,191
10812.0,36,26,0,0,62,0,191
10813.0,36,26,0,0,62,0,191
10814.0,36,26,0,0,62,0,191
10815.0,36,26,0,0,62,0,191
10816.0,36,26,0,0,62,0,191
10817.0,36,26,0,0,62,0,191
10818.0,36,26,0,0,62,0,191
10819.0,36,26,0,0,62,0,191
10820.0,36,26,0,0,62,0,191
10821.0,36,26,0,0,62,0,191
10822.0,36,26,0,0,62,0,191
10823.0,36,26,0,0,62,0,191
10824.0,36,26,0,0,62,0,191
10825.0,36,26,0,0,62,0,191
10826.0,36,26,0,0,62,0,191
10827.0,36,26,0,0,62,0,191
10828.0,36,26,0,0,62,0,191
10829.0,36,26,0,0,62,0,191
10830.0,36,26,0,0,62,0,191
10831.0,36,26,0,0,62,0,191
10832.0,36,26,0,0,62,0,191
10833.0,36,26,0,0,62,0,191
10834.0,36,26,0,0,62,0,191
10835.0,36,26,0,0,62,0,191
10836.0,36,26,0,0,62,0,191
10837.0,36,26,0,0,62,0,191
10838.0,36,26,0,0,62,0,191
10839.0,36,26,0,0,62,0,191
10840.0,36,26,0,0,62,0,191
10841.0,36,26,0,0,62,0,191
10842.0,36,26,0,0,62,0,191
10843.0,36,26,0,0,62,0,191
10844.0,36,26,0,0,62,0,191
10845.0,36,26,0,0,62,0,191
10846.0,36,26,0,0,62,0,191
10847.0,36,26,0,0,62,0,191
10848.0,36,26,0,0,62,0,191
10849.0,36,26,0,0,62,0,191
10850.0,36,26,0,0,62,0,191
10851.0,36,26,0,0,62,0,191
10852.0,36,26,0,0,62,0,191
10853.0,36,26,0,0,62,0,191
10854.0,36,26,0,0,62,0,191
10855.0,36,26,0,0,62,0,191
10856.0,36,26,0,0,62,0,191
10857.0,36,26,0,0,62,0,191
10858.0,36,26,0,0,62,0,191
10859.0,36,26,0,0,62,0,191
10860.0,36,26,0,0,62,0,191
10861.0,36,26,0,0,62,0,191
10862.0,36,26,0,0,62,0,191
10863.0,36,26,0,0,62,0,191
10864.0,36,26,0,0,62,0,191
10865.0,36,26,0,0,62,0,191
10866.0,36,26,0,0,62,0,191
10867.0,36,26,0,0,62,0,191
10868.0,36,26,0,0,62,0,191
10869.0,36,26,0,0,62,0,191
10870.0,36,26,0,0,62,0,191
10871.0,36,26,0,0,62,0,191
10872.0,36,26,0,0,62,0,191
10873.0,36,26,0,0,62,0,191
10874.0,36,26,0,0,62,0,191
10875.0,36,26,0,0,62,0,191
10876.0,36,26,0,0,62,0,191
10877.0,36,26,0,0,62,0,191
10878.0,36,26,0,0,62,0,191
10879.0,36,26,0,0,62,0,191
10880.0,36,26,0,0,62,0,191
10881.0,36,26,0,0,62,0,191
10882.0,36,26,0,0,62,0,191
10883.0,36,26,0,0,62,0,191
10884.0,36,26,0,0,62,0,191
10885.0,36,26,0,0,62,0,191
10886.0,36,26,0,0,62,0,191
10887.0,36,26,0,0,62,0,191
10888.0,36,26,0,0,62,0,191
10889.0,36,26,0,0,62,0,191
10890.0,36,26,0,0,62,0,191
10891.0,36,26,0,0,62,0,191
10892.0,36,26,0,0,62,0,191
10893.0,36,26,0,0,62,0,191
10894.0,36,26,0,0,62,0,191
10895.0,36,26,0,0,62,0,191
10896.0,36,26,0,0,62,0,191
10897.0,36,26,0,0,62,0,191
10898.0,36,26,0,0,62,0,191
10899.0,36,26,0,0,62,0,191
10900.0,36,26,0,0,62,0,191
10901.0,36,26,0,0,62,0,191
10902.0,36,26,0,0,62,0,191
10903.0,36,26,0,0,62,0,191
10904.0,36,26,0,0,62,0,191
10905.0,36,26,0,0,62,0,191
10906.0,36,26,0,0,62,0,191
10907.0,36,26,0,0,62,0,191
10908.0,36,26,0,0,62,0,191
10909.0,36,26,0,0,62,0,191
10910.0,36,26,0,0,62,0,191
10911.0,36,26,0,0,62,0,191
10912.0,36,26,0,0,62,0,191
10913.0,36,26,0,0,62,0,191
10914.0,36,26,0,0,62,0,191
10915.0,36,26,0,0,62,0,191
10916.0,36,26,0,0,62,0,191
10917.0,36,26,0,0,62,0,191
10918.0,36,26,0,0,62,0,191
10919.0,36,26,0,0,62,0,191
10920.0,36,26,0,0,62,0,191
10921.0,36,26,0,0,62,0,191
10922.0,36,26,0,0,62,0,191
10923.0,36,26,0,0,62,0,191
10924.0,36,26,0,0,62,0,191
10925.0,36,26,0,0,62,0,191
10926.0,36,26,0,0,62,0,191
10927.0,36,26,0,0,62,0,191
10928.0,36,26,0,0,62,0,191
10929.0,36,26,0,0,62,0,191
10930.0,36,26,0,0,62,0,191
10931.0,36,26,0,0,62,0,191
10932.0,36,26,0,0,62,0,191
10933.0,36,26,0,0,62,0,191
10934.0,36,26,0,0,62,0,191
10935.0,36,26,0,0,62,0,191
10936.0,36,26,0,0,62,0,191
10937.0,36,26,0,0,62,0,191
10938.0,36,26,0,0,62,0,191
10939.0,36,26,0,0,62,0,191
10940.0,36,26,0,0,62,0,191
10941.0,36,26,0,0,62,0,191
10942.0,36,26,0,0,62,0,191
10943.0,36,26,0,0,62,0,191
10944.0,36,26,0,0,62,0,191
10945.0,36,26,0,0,62,0,191
10946.0,36,26,0,0,62,0,191
10947.0,36,26,0,0,62,0,191
10948.0,36,26,0,0,62,0,191
10949.0,36,26,0,0,62,0,191
10950.0,36,26,0,0,62,0,191
10951.0,36,26,0,0,62,0,191
10952.0,36,26,0,0,62,0,191
10953.0,36,26,0,0,62,0,191
10954.0,36,26,0,0,62,0,191
10955.0,36,26,0,0,62,0,191
10956.0,36,26,0,0,62,0,191
10957.0,36,26,0,0,62,0,191
10958.0,36,26,0,0,62,0,191
10959.0,36,26,0,0,62,0,191
10960.0,36,26,0,0,62,0,191
10961.0,36,26,0,0,62,0,191
10962.0,36,26,0,0,62,0,191
10963.0,36,26,0,0,62,0,191
10964.0,36,26,0,0,62,0,191
10965.0,36,26,0,0,62,0,191
10966.0,36,26,0,0,62,0,191
10967.0,36,26,0,0,62,0,191
10968.0,36,26,0,0,62,0,191
10969.0,36,26,0,0,62,0,191
10970.0,36,26,0,0,62,0,191
10971.0,36,26,0,0,62,0,191
10972.0,36,26,0,0,62,0,191
10973.0,36,26,0,0,62,0,191
10974.0,36,26,0,0,62,0,191
10975.0,36,26,0,0,62,0,191
10976.0,36,26,0,0,62,0,191
10977.0,36,26,0,0,62,0,191
10978.0,36,26,0,0,62,0,191
10979.0,36,26,0,0,62,0,191
10980.0,36,26,0,0,62,0,191
10981.0,36,26,0,0,62,0,191
10982.0,36,26,0,0,62,0,191
10983.0,36,26,0,0,62,0,191
10984.0,36,26,0,0,62,0,191
10985.0,36,26,0,0,62,0,191
10986.0,36,26,0,0,62,0,191
10987.0,36,26,0,0,62,0,191
10988.0,36,26,0,0,62,0,191
10989.0,36,26,0,0,62,0,191
10990.0,36,26,0,0,62,0,191
10991.0,36,26,0,0,62,0,191
10992.0,36,26,0,0,62,0,191
10993.0,36,26,0,0,62,0,191
10994.0,36,26,0,0,62,0,191
10995.0,36,26,0,0,62,0,191
10996.0,36,26,0,0,62,0,191
10997.0,36,26,0,0,62,0,191
10998.0,36,26,0,0,62,0,191
10999.0,36,26,0,0,62,0,191
11000.0,36,26,0,0,62,0,191
11001.0,36,26,0,0,62,0,191
11002.0,36,26,0,0,62,0,191
11003.0,36,26,0,0,62,0,191
11004.0,36,26,0,0,62,0,191
11005.0,36,26,0,0,62,0,191
11006.0,36,26,0,0,62,0,191
11007.0,36,26,0,0,62,0,191
11008.0,36,26,0,0,62,0,191
11009.0,36,26,0,0,62,0,191
11010.0,36,26,0,0,62,0,191
11011.0,36,26,0,0,62,0,191
11012.0,36,26,0,0,62,0,191
11013.0,36,26,0,0,62,0,191
11014.0,36,26,0,0,62,0,191
11015.0,36,26,0,0,62,0,191
11016.0,36,26,0,0,62,0,191
11017.0,36,26,0,0,62,0,191
11018.0,36,26,0,0,62,0,191
11019.0,36,26,0,0,62,0,191
11020.0,36,26,0,0,62,0,191
11021.0,36,26,0,0,62,0,191
11022.0,36,26,0,0,62,0,191
11023.0,36,26,0,0,62,0,191
11024.0,36,26,0,0,62,0,191
11025.0,36,26,0,0,62,0,191
11026.0,36,26,0,0,62,0,191
11027.0,36,26,0,0,62,0,191
11028.0,36,26,0,0,62,0,191
11029.0,36,26,0,0,62,0,191
11030.0,36,26,0,0,62,0,191
11031.0,36,26,0,0,62,0,191
11032.0,36,26,0,0,62,0,191
11033.0,36,26,0,0,62,0,191
11034.0,36,26,0,0,62,0,191
11035.0,36,26,0,0,62,0,191
11036.0,36,26,0,0,62,0,191
11037.0,36,26,0,0,62,0,191
11038.0,36,26,0,0,62,0,191
11039.0,36,26,0,0,62,0,191
11040.0,36,26,0,0,62,0,191
11041.0,36,26,0,0,62,0,191
11042.0,36,26,0,0,62,0,191
11043.0,36,26,0,0,62,0,191
11044.0,36,26,0,0,62,0,191
11045.0,36,26,0,0,62,0,191
11046.0,36,26,0,0,62,0,191
11047.0,36,26,0,0,62,0,191
11048.0,36,26,0,0,62,0,191
11049.0,36,26,0,0,62,0,191
11050.0,36,26,0,0,62,0,191
11051.0,36,26,0,0,62,0,191
11052.0,36,26,0,0,62,0,191
11053.0,36,26,0,0,62,0,191
11054.0,36,26,0,0,62,0,191
11055.0,36,26,0,0,62,0,191
11056.0,36,26,0,0,62,0,191
11057.0,36,26,0,0,62,0,191
11058.0,36,26,0,0,62,0,191
11059.0,36,26,0,0,62,0,191
11060.0,36,26,0,0,62,0,191
11061.0,36,26,0,0,62,0,191
11062.0,36,26,0,0,62,0,191
11063.0,36,26,0,0,62,0,191
11064.0,36,26,0,0,62,0,191
11065.0,36,26,0,0,62,0,191
11066.0,36,26,0,0,62,0,191
11067.0,36,26,0,0,62,0,191
11068.0,36,26,0,0,62,0,191
11069.0,36,26,0,0,62,0,191
11070.0,36,26,0,0,62,0,191
11071.0,36,26,0,0,62,0,191
11072.0,36,26,0,0,62,0,191
11073.0,36,26,0,0,62,0,191
11074.0,36,26,0,0,62,0,191
11075.0,36,26,0,0,62,0,191
11076.0,36,26,0,0,62,0,191
11077.0,36,26,0,0,62,0,191
11078.0,36,26,0,0,62,0,191
11079.0,36,26,0,0,62,0,191
11080.0,36,26,0,0,62,0,191
11081.0,36,26,0,0,62,0,191
11082.0,36,26,0,0,62,0,191
11083.0,36,26,0,0,62,0,191
11084.0,36,26,0,0,62,0,191
11085.0,36,26,0,0,62,0,191
11086.0,36,26,0,0,62,0,191
11087.0,36,26,0,0,62,0,191
11088.0,36,26,0,0,62,0,191
11089.0,36,26,0,0,62,0,191
11090.0,36,26,0,0,62,0,191
11091.0,36,26,0,0,62,0,191
11092.0,36,26,0,0,62,0,191
11093.0,36,26,0,0,62,0,191
11094.0,36,26,0,0,62,0,191
11095.0,36,26,0,0,62,0,191
11096.0,36,26,0,0,62,0,191
11097.0,36,26,0,0,62,0,191
11098.0,36,26,0,0,62,0,191
11099.0,36,26,0,0,62,0,191
11100.0,36,26,0,0,62,0,191
11101.0,36,26,0,0,62,0,191
11102.0,36,26,0,0,62,0,191
11103.0,36,26,0,0,62,0,191
11104.0,36,26,0,0,62,0,191
11105.0,36,26,0,0,62,0,191
11106.0,36,26,0,0,62,0,191
11107.0,36,26,0,0,62,0,191
11108.0,36,26,0,0,62,0,191
11109.0,36,26,0,0,62,0,191
11110.0,36,26,0,0,62,0,191
11111.0,36,26,0,0,62,0,191
11112.0,36,26,0,0,62,0,191
11113.0,36,26,0,0,62,0,191
11114.0,36,26,0,0,62,0,191
11115.0,36,26,0,0,62,0,191
11116.0,36,26,0,0,62,0,191
11117.0,36,26,0,0,62,0,191
11118.0,36,26,0,0,62,0,191
11119.0,36,26,0,0,62,0,191
11120.0,36,26,0,0,62,0,191
11121.0,36,26,0,0,62,0,191
11122.0,36,26,0,0,62,0,191
11123.0,36,26,0,0,62,0,191
11124.0,36,26,0,0,62,0,191
11125.0,36,26,0,0,62,0,191
11126.0,36,26,0,0,62,0,191
11127.0,36,26,0,0,62,0,191
11128.0,36,26,0,0,62,0,191
11129.0,36,26,0,0,62,0,191
11130.0,36,26,0,0,62,0,191
11131.0,36,26,0,0,62,0,191
11132.0,36,26,0,0,62,0,191
11133.0,36,26,0,0,62,0,191
11134.0,36,26,0,0,62,0,191
11135.0,36,26,0,0,62,0,191
11136.0,36,26,0,0,62,0,191
11137.0,36,26,0,0,62,0,191
11138.0,36,26,0,0,62,0,191
11139.0,36,26,0,0,62,0,191
11140.0,36,26,0,0,62,0,191
11141.0,36,26,0,0,62,0,191
11142.0,36,26,0,0,62,0,191
11143.0,36,26,0,0,62,0,191
11144.0,36,26,0,0,62,0,191
11145.0,36,26,0,0,62,0,191
11146.0,36,26,0,0,62,0,191
11147.0,36,26,0,0,62,0,191
11148.0,36,26,0,0,62,0,191
11149.0,36,26,0,0,62,0,191
11150.0,36,26,0,0,62,0,191
11151.0,36,26,0,0,62,0,191
11152.0,36,26,0,0,62,0,191
11153.0,36,26,0,0,62,0,191
11154.0,36,26,0,0,62,0,191
11155.0,36,26,0,0,62,0,191
11156.0,36,26,0,0,62,0,191
11157.0,36,26,0,0,62,0,191
11158.0,36,26,0,0,62,0,191
11159.0,36,26,0,0,62,0,191
11160.0,36,26,0,0,62,0,191
11161.0,36,26,0,0,62,0,191
11162.0,36,26,0,0,62,0,191
11163.0,36,26,0,0,62,0,191
11164.0,36,26,0,0,62,0,191
11165.0,36,26,0,0,62,0,191
11166.0,36,26,0,0,62,0,191
11167.0,36,26,0,0,62,0,191
11168.0,36,26,0,0,62,0,191
11169.0,36,26,0,0,62,0,191
11170.0,36,26,0,0,62,0,191
11171.0,36,26,0,0,62,0,191
11172.0,36,26,0,0,62,0,191
11173.0,36,26,0,0,62,0,191
11174.0,36,26,0,0,62,0,191
11175.0,36,26,0,0,62,0,191
11176.0,36,26,0,0,62,0,191
11177.0,36,26,0,0,62,0,191
11178.0,36,26,0,0,62,0,191
11179.0,36,26,0,0,62,0,191
11180.0,36,26,0,0,62,0,191
11181.0,36,26,0,0,62,0,191
11182.0,36,26,0,0,62,0,191
11183.0,36,26,0,0,62,0,191
11184.0,36,26,0,0,62,0,191
11185.0,36,26,0,0,62,0,191
11186.0,36,26,0,0,62,0,191
11187.0,36,26,0,0,62,0,191
11188.0,36,26,0,0,62,0,191
11189.0,36,26,0,0,62,0,191
11190.0,36,26,0,0,62,0,191
11191.0,36,26,0,0,62,0,191
11192.0,36,26,0,0,62,0,191
11193.0,36,26,0,0,62,0,191
11194.0,36,26,0,0,62,0,191
11195.0,36,26,0,0,62,0,191
11196.0,36,26,0,0,62,0,191
11197.0,36,26,0,0,62,0,191
11198.0,36,26,0,0,62,0,191
11199.0,36,26,0,0,62,0,191
11200.0,36,26,0,0,62,0,191
11201.0,36,26,0,0,62,0,191
11202.0,36,26,0,0,62,0,191
11203.0,36,26,0,0,62,0,191
11204.0,36,26,0,0,62,0,191
11205.0,36,26,0,0,62,0,191
11206.0,36,26,0,0,62,0,191
11207.0,36,26,0,0,62,0,191
11208.0,36,26,0,0,62,0,191
11209.0,36,26,0,0,62,0,191
11210.0,36,26,0,0,62,0,191
11211.0,36,26,0,0,62,0,191
11212.0,36,26,0,0,62,0,191
11213.0,36,26,0,0,62,0,191
11214.0,36,26,0,0,62,0,191
11215.0,36,26,0,0,62,0,191
11216.0,36,26,0,0,62,0,191
11217.0,36,26,0,0,62,0,191
11218.0,36,26,0,0,62,0,191
11219.0,36,26,0,0,62,0,191
11220.0,36,26,0,0,62,0,191
11221.0,36,26,0,0,62,0,191
11222.0,36,26,0,0,62,0,191
11223.0,36,26,0,0,62,0,191
11224.0,36,26,0,0,62,0,191
11225.0,36,26,0,0,62,0,191
11226.0,36,26,0,0,62,0,191
11227.0,36,26,0,0,62,0,191
11228.0,36,26,0,0,62,0,191
11229.0,36,26,0,0,62,0,191
11230.0,36,26,0,0,62,0,191
11231.0,36,26,0,0,62,0,191
11232.0,36,26,0,0,62,0,191
11233.0,36,26,0,0,62,0,191
11234.0,36,26,0,0,62,0,191
11235.0,36,26,0,0,62,0,191
11236.0,36,26,0,0,62,0,191
11237.0,36,26,0,0,62,0,191
11238.0,36,26,0,0,62,0,191
11239.0,36,26,0,0,62,0,191
11240.0,36,26,0,0,62,0,191
11241.0,36,26,0,0,62,0,191
11242.0,36,26,0,0,62,0,191
11243.0,36,26,0,0,62,0,191
11244.0,36,26,0,0,62,0,191
11245.0,36,26,0,0,62,0,191
11246.0,36,26,0,0,62,0,191
11247.0,36,26,0,0,62,0,191
11248.0,36,26,0,0,62,0,191
11249.0,36,26,0,0,62,0,191
11250.0,36,26,0,0,62,0,191
11251.0,36,26,0,0,62,0,191
11252.0,36,26,0,0,62,0,191
11253.0,36,26,0,0,62,0,191
11254.0,36,26,0,0,62,0,191
11255.0,36,26,0,0,62,0,191
11256.0,36,26,0,0,62,0,191
11257.0,36,26,0,0,62,0,191
11258.0,36,26,0,0,62,0,191
11259.0,36,26,0,0,62,0,191
11260.0,36,26,0,0,62,0,191
11261.0,36,26,0,0,62,0,191
11262.0,36,26,0,0,62,0,191
11263.0,36,26,0,0,62,0,191
11264.0,36,26,0,0,62,0,191
11265.0,36,26,0,0,62,0,191
11266.0,36,26,0,0,62,0,191
11267.0,36,26,0,0,62,0,191
11268.0,36,26,0,0,62,0,191
11269.0,36,26,0,0,62,0,191
11270.0,36,26,0,0,62,0,191
11271.0,36,26,0,0,62,0,191
11272.0,36,26,0,0,62,0,191
11273.0,36,26,0,0,62,0,191
11274.0,36,26,0,0,62,0,191
11275.0,36,26,0,0,62,0,191
11276.0,36,26,0,0,62,0,191
11277.0,36,26,0,0,62,0,191
11278.0,36,26,0,0,62,0,191
11279.0,36,26,0,0,62,0,191
11280.0,36,26,0,0,62,0,191
11281.0,36,26,0,0,62,0,191
11282.0,36,26,0,0,62,0,191
11283.0,36,26,0,0,62,0,191
11284.0,36,26,0,0,62,0,191
11285.0,36,26,0,0,62,0,191
11286.0,36,26,0,0,62,0,191
11287.0,36,26,0,0,62,0,191
11288.0,36,26,0,0,62,0,191
11289.0,36,26,0,0,62,0,191
11290.0,36,26,0,0,62,0,191
11291.0,36,26,0,0,62,0,191
11292.0,36,26,0,0,62,0,191
11293.0,36,26,0,0,62,0,191
11294.0,36,26,0,0,62,0,191
11295.0,36,26,0,0,62,0,191
11296.0,36,26,0,0,62,0,191
11297.0,36,26,0,0,62,0,191
11298.0,36,26,0,0,62,0,191
11299.0,36,26,0,0,62,0,191
11300.0,36,26,0,0,62,0,191
11301.0,36,26,0,0,62,0,191
11302.0,36,26,0,0,62,0,191
11303.0,36,26,0,0,62,0,191
11304.0,36,26,0,0,62,0,191
11305.0,36,26,0,0,62,0,191
11306.0,36,26,0,0,62,0,191
11307.0,36,26,0,0,62,0,191
11308.0,36,26,0,0,62,0,191
11309.0,36,26,0,0,62,0,191
11310.0,36,26,0,0,62,0,191
11311.0,36,26,0,0,62,0,191
11312.0,36,26,0,0,62,0,191
11313.0,36,26,0,0,62,0,191
11314.0,36,26,0,0,62,0,191
11315.0,36,26,0,0,62,0,191
11316.0,36,26,0,0,62,0,191
11317.0,36,26,0,0,62,0,191
11318.0,36,26,0,0,62,0,191
11319.0,36,26,0,0,62,0,191
11320.0,36,26,0,0,62,0,191
11321.0,36,26,0,0,62,0,191
11322.0,36,26,0,0,62,0,191
11323.0,36,26,0,0,62,0,191
11324.0,36,26,0,0,62,0,191
11325.0,36,26,0,0,62,0,191
11326.0,36,26,0,0,62,0,191
11327.0,36,26,0,0,62,0,191
11328.0,36,26,0,0,62,0,191
11329.0,36,26,0,0,62,0,191
11330.0,36,26,0,0,62,0,191
11331.0,36,26,0,0,62,0,191
11332.0,36,26,0,0,62,0,191
11333.0,36,26,0,0,62,0,191
11334.0,36,26,0,0,62,0,191
11335.0,36,26,0,0,62,0,191
11336.0,36,26,0,0,62,0,191
11337.0,36,26,0,0,62,0,191
11338.0,36,26,0,0,62,0,191
11339.0,36,26,0,0,62,0,191
11340.0,36,26,0,0,62,0,191
11341.0,36,26,0,0,62,0,191
11342.0,36,26,0,0,62,0,191
11343.0,36,26,0,0,62,0,191
11344.0,36,26,0,0,62,0,191
11345.0,36,26,0,0,62,0,191
11346.0,36,26,0,0,62,0,191
11347.0,36,26,0,0,62,0,191
11348.0,36,26,0,0,62,0,191
11349.0,36,26,0,0,62,0,191
11350.0,36,26,0,0,62,0,191
11351.0,36,26,0,0,62,0,191
11352.0,36,26,0,0,62,0,191
11353.0,36,26,0,0,62,0,191
11354.0,36,26,0,0,62,0,191
11355.0,36,26,0,0,62,0,191
11356.0,36,26,0,0,62,0,191
11357.0,36,26,0,0,62,0,191
11358.0,36,26,0,0,62,0,191
11359.0,36,26,0,0,62,0,191
11360.0,36,26,0,0,62,0,191
11361.0,36,26,0,0,62,0,191
11362.0,36,26,0,0,62,0,191
11363.0,36,26,0,0,62,0,191
11364.0,36,26,0,0,62,0,191
11365.0,36,26,0,0,62,0,191
11366.0,36,26,0,0,62,0,191
11367.0,36,26,0,0,62,0,191
11368.0,36,26,0,0,62,0,191
11369.0,36,26,0,0,62,0,191
11370.0,36,26,0,0,62,0,191
11371.0,36,26,0,0,62,0,191
11372.0,36,26,0,0,62,0,191
11373.0,36,26,0,0,62,0,191
11374.0,36,26,0,0,62,0,191
11375.0,36,26,0,0,62,0,191
11376.0,36,26,0,0,62,0,191
11377.0,36,26,0,0,62,0,191
11378.0,36,26,0,0,62,0,191
11379.0,36,26,0,0,62,0,191
11380.0,36,26,0,0,62,0,191
11381.0,36,26,0,0,62,0,191
11382.0,36,26,0,0,62,0,191
11383.0,36,26,0,0,62,0,191
11384.0,36,26,0,0,62,0,191
11385.0,36,26,0,0,62,0,191
11386.0,36,26,0,0,62,0,191
11387.0,36,26,0,0,62,0,191
11388.0,36,26,0,0,62,0,191
11389.0,36,26,0,0,62,0,191
11390.0,36,26,0,0,62,0,191
11391.0,36,26,0,0,62,0,191
11392.0,36,26,0,0,62,0,191
11393.0,36,26,0,0,62,0,191
11394.0,36,26,0,0,62,0,191
11395.0,36,26,0,0,62,0,191
11396.0,36,26,0,0,62,0,191
11397.0,36,26,0,0,62,0,191
11398.0,36,26,0,0,62,0,191
11399.0,36,26,0,0,62,0,191
11400.0,36,26,0,0,62,0,191
11401.0,36,26,0,0,62,0,191
11402.0,36,26,0,0,62,0,191
11403.0,36,26,0,0,62,0,191
11404.0,36,26,0,0,62,0,191
11405.0,36,26,0,0,62,0,191
11406.0,36,26,0,0,62,0,191
11407.0,36,26,0,0,62,0,191
11408.0,36,26,0,0,62,0,191
11409.0,36,26,0,0,62,0,191
11410.0,36,26,0,0,62,0,191
11411.0,36,26,0,0,62,0,191
11412.0,36,26,0,0,62,0,191
11413.0,36,26,0,0,62,0,191
11414.0,36,26,0,0,62,0,191
11415.0,36,26,0,0,62,0,191
11416.0,36,26,0,0,62,0,191
11417.0,36,26,0,0,62,0,191
11418.0,36,26,0,0,62,0,191
11419.0,36,26,0,0,62,0,191
11420.0,36,26,0,0,62,0,191
11421.0,36,26,0,0,62,0,191
11422.0,36,26,0,0,62,0,191
11423.0,36,26,0,0,62,0,191
11424.0,36,26,0,0,62,0,191
11425.0,36,26,0,0,62,0,191
11426.0,36,26,0,0,62,0,191
11427.0,36,26,0,0,62,0,191
11428.0,36,26,0,0,62,0,191
11429.0,36,26,0,0,62,0,191
11430.0,36,26,0,0,62,0,191
11431.0,36,26,0,0,62,0,191
11432.0,36,26,0,0,62,0,191
11433.0,36,26,0,0,62,0,191
11434.0,36,26,0,0,62,0,191
11435.0,36,26,0,0,62,0,191
11436.0,36,26,0,0,62,0,191
11437.0,36,26,0,0,62,0,191
11438.0,36,26,0,0,62,0,191
11439.0,36,26,0,0,62,0,191
11440.0,36,26,0,0,62,0,191
11441.0,36,26,0,0,62,0,191
11442.0,36,26,0,0,62,0,191
11443.0,36,26,0,0,62,0,191
11444.0,36,26,0,0,62,0,191
11445.0,36,26,0,0,62,0,191
11446.0,36,26,0,0,62,0,191
11447.0,36,26,0,0,62,0,191
11448.0,36,26,0,0,62,0,191
11449.0,36,26,0,0,62,0,191
11450.0,36,26,0,0,62,0,191
11451.0,36,26,0,0,62,0,191
11452.0,36,26,0,0,62,0,191
11453.0,36,26,0,0,62,0,191
11454.0,36,26,0,0,62,0,191
11455.0,36,26,0,0,62,0,191
11456.0,36,26,0,0,62,0,191
11457.0,36,26,0,0,62,0,191
11458.0,36,26,0,0,62,0,191
11459.0,36,26,0,0,62,0,191
11460.0,36,26,0,0,62,0,191
11461.0,36,26,0,0,62,0,191
11462.0,36,26,0,0,62,0,191
11463.0,36,26,0,0,62,0,191
11464.0,36,26,0,0,62,0,191
11465.0,36,26,0,0,62,0,191
11466.0,36,26,0,0,62,0,191
11467.0,36,26,0,0,62,0,191
11468.0,36,26,0,0,62,0,191
11469.0,36,26,0,0,62,0,191
11470.0,36,26,0,0,62,0,191
11471.0,36,26,0,0,62,0,191
11472.0,36,26,0,0,62,0,191
11473.0,36,26,0,0,62,0,191
11474.0,36,26,0,0,62,0,191
11475.0,36,26,0,0,62,0,191
11476.0,36,26,0,0,62,0,191
11477.0,36,26,0,0,62,0,191
11478.0,36,26,0,0,62,0,191
11479.0,36,26,0,0,62,0,191
11480.0,36,26,0,0,62,0,191
11481.0,36,26,0,0,62,0,191
11482.0,36,26,0,0,62,0,191
11483.0,36,26,0,0,62,0,191
11484.0,36,26,0,0,62,0,191
11485.0,36,26,0,0,62,0,191
11486.0,36,26,0,0,62,0,191
11487.0,36,26,0,0,62,0,191
11488.0,36,26,0,0,62,0,191
11489.0,36,26,0,0,62,0,191
11490.0,36,26,0,0,62,0,191
11491.0,36,26,0,0,62,0,191
11492.0,36,26,0,0,62,0,191
11493.0,36,26,0,0,62,0,191
11494.0,36,26,0,0,62,0,191
11495.0,36,26,0,0,62,0,191
11496.0,36,26,0,0,62,0,191
11497.0,36,26,0,0,62,0,191
11498.0,36,26,0,0,62,0,191
11499.0,36,26,0,0,62,0,191
11500.0,36,26,0,0,62,0,191
11501.0,36,26,0,0,62,0,191
11502.0,36,26,0,0,62,0,191
11503.0,36,26,0,0,62,0,191
11504.0,36,26,0,0,62,0,191
11505.0,36,26,0,0,62,0,191
11506.0,36,26,0,0,62,0,191
11507.0,36,26,0,0,62,0,191
11508.0,36,26,0,0,62,0,191
11509.0,36,26,0,0,62,0,191
11510.0,36,26,0,0,62,0,191
11511.0,36,26,0,0,62,0,191
11512.0,36,26,0,0,62,0,191
11513.0,36,26,0,0,62,0,191
11514.0,36,26,0,0,62,0,191
11515.0,36,26,0,0,62,0,191
11516.0,36,26,0,0,62,0,191
11517.0,36,26,0,0,62,0,191
11518.0,36,26,0,0,62,0,191
11519.0,36,26,0,0,62,0,191
11520.0,36,26,0,0,62,0,191
11521.0,36,26,0,0,62,0,191
11522.0,36,26,0,0,62,0,191
11523.0,36,26,0,0,62,0,191
11524.0,36,26,0,0,62,0,191
11525.0,36,26,0,0,62,0,191
11526.0,36,26,0,0,62,0,191
11527.0,36,26,0,0,62,0,191
11528.0,36,26,0,0,62,0,191
11529.0,36,26,0,0,62,0,191
11530.0,36,26,0,0,62,0,191
11531.0,36,26,0,0,62,0,191
11532.0,36,26,0,0,62,0,191
11533.0,36,26,0,0,62,0,191
11534.0,36,26,0,0,62,0,191
11535.0,36,26,0,0,62,0,191
11536.0,36,26,0,0,62,0,191
11537.0,36,26,0,0,62,0,191
11538.0,36,26,0,0,62,0,191
11539.0,36,26,0,0,62,0,191
11540.0,36,26,0,0,62,0,191
11541.0,36,26,0,0,62,0,191
11542.0,36,26,0,0,62,0,191
11543.0,36,26,0,0,62,0,191
11544.0,36,26,0,0,62,0,191
11545.0,36,26,0,0,62,0,191
11546.0,36,26,0,0,62,0,191
11547.0,36,26,0,0,62,0,191
11548.0,36,26,0,0,62,0,191
11549.0,36,26,0,0,62,0,191
11550.0,36,26,0,0,62,0,191
11551.0,36,26,0,0,62,0,191
11552.0,36,26,0,0,62,0,191
11553.0,36,26,0,0,62,0,191
11554.0,36,26,0,0,62,0,191
11555.0,36,26,0,0,62,0,191
11556.0,36,26,0,0,62,0,191
11557.0,36,26,0,0,62,0,191
11558.0,36,26,0,0,62,0,191
11559.0,36,26,0,0,62,0,191
11560.0,36,26,0,0,62,0,191
11561.0,36,26,0,0,62,0,191
11562.0,36,26,0,0,62,0,191
11563.0,36,26,0,0,62,0,191
11564.0,36,26,0,0,62,0,191
11565.0,36,26,0,0,62,0,191
11566.0,36,26,0,0,62,0,191
11567.0,36,26,0,0,62,0,191
11568.0,36,26,0,0,62,0,191
11569.0,36,26,0,0,62,0,191
11570.0,36,26,0,0,62,0,191
11571.0,36,26,0,0,62,0,191
11572.0,36,26,0,0,62,0,191
11573.0,36,26,0,0,62,0,191
11574.0,36,26,0,0,62,0,191
11575.0,36,26,0,0,62,0,191
11576.0,36,26,0,0,62,0,191
11577.0,36,26,0,0,62,0,191
11578.0,36,26,0,0,62,0,191
11579.0,36,26,0,0,62,0,191
11580.0,36,26,0,0,62,0,191
11581.0,36,26,0,0,62,0,191
11582.0,36,26,0,0,62,0,191
11583.0,36,26,0,0,62,0,191
11584.0,36,26,0,0,62,0,191
11585.0,36,26,0,0,62,0,191
11586.0,36,26,0,0,62,0,191
11587.0,36,26,0,0,62,0,191
11588.0,36,26,0,0,62,0,191
11589.0,36,26,0,0,62,0,191
11590.0,36,26,0,0,62,0,191
11591.0,36,26,0,0,62,0,191
11592.0,36,26,0,0,62,0,191
11593.0,36,26,0,0,62,0,191
11594.0,36,26,0,0,62,0,191
11595.0,36,26,0,0,62,0,191
11596.0,36,26,0,0,62,0,191
11597.0,36,26,0,0,62,0,191
11598.0,36,26,0,0,62,0,191
11599.0,36,26,0,0,62,0,191
11600.0,36,26,0,0,62,0,191
11601.0,36,26,0,0,62,0,191
11602.0,36,26,0,0,62,0,191
11603.0,36,26,0,0,62,0,191
11604.0,36,26,0,0,62,0,191
11605.0,36,26,0,0,62,0,191
11606.0,36,26,0,0,62,0,191
11607.0,36,26,0,0,62,0,191
11608.0,36,26,0,0,62,0,191
11609.0,36,26,0,0,62,0,191
11610.0,36,26,0,0,62,0,191
11611.0,36,26,0,0,62,0,191
11612.0,36,26,0,0,62,0,191
11613.0,36,26,0,0,62,0,191
11614.0,36,26,0,0,62,0,191
11615.0,36,26,0,0,62,0,191
11616.0,36,26,0,0,62,0,191
11617.0,36,26,0,0,62,0,191
11618.0,36,26,0,0,62,0,191
11619.0,36,26,0,0,62,0,191
11620.0,36,26,0,0,62,0,191
11621.0,36,26,0,0,62,0,191
11622.0,36,26,0,0,62,0,191
11623.0,36,26,0,0,62,0,191
11624.0,36,26,0,0,62,0,191
11625.0,36,26,0,0,62,0,191
11626.0,36,26,0,0,62,0,191
11627.0,36,26,0,0,62,0,191
11628.0,36,26,0,0,62,0,191
11629.0,36,26,0,0,62,0,191
11630.0,36,26,0,0,62,0,191
11631.0,36,26,0,0,62,0,191
11632.0,36,26,0,0,62,0,191
11633.0,36,26,0,0,62,0,191
11634.0,36,26,0,0,62,0,191
11635.0,36,26,0,0,62,0,191
11636.0,36,26,0,0,62,0,191
11637.0,36,26,0,0,62,0,191
11638.0,36,26,0,0,62,0,191
11639.0,36,26,0,0,62,0,191
11640.0,36,26,0,0,62,0,191
11641.0,36,26,0,0,62,0,191
11642.0,36,26,0,0,62,0,191
11643.0,36,26,0,0,62,0,191
11644.0,36,26,0,0,62,0,191
11645.0,36,26,0,0,62,0,191
11646.0,36,26,0,0,62,0,191
11647.0,36,26,0,0,62,0,191
11648.0,36,26,0,0,62,0,191
11649.0,36,26,0,0,62,0,191
11650.0,36,26,0,0,62,0,191
11651.0,36,26,0,0,62,0,191
11652.0,36,26,0,0,62,0,191
11653.0,36,26,0,0,62,0,191
11654.0,36,26,0,0,62,0,191
11655.0,36,26,0,0,62,0,191
11656.0,36,26,0,0,62,0,191
11657.0,36,26,0,0,62,0,191
11658.0,36,26,0,0,62,0,191
11659.0,36,26,0,0,62,0,191
11660.0,36,26,0,0,62,0,191
11661.0,36,26,0,0,62,0,191
11662.0,36,26,0,0,62,0,191
11663.0,36,26,0,0,62,0,191
11664.0,36,26,0,0,62,0,191
11665.0,36,26,0,0,62,0,191
11666.0,36,26,0,0,62,0,191
11667.0,36,26,0,0,62,0,191
11668.0,36,26,0,0,62,0,191
11669.0,36,26,0,0,62,0,191
11670.0,36,26,0,0,62,0,191
11671.0,36,26,0,0,62,0,191
11672.0,36,26,0,0,62,0,191
11673.0,36,26,0,0,62,0,191
11674.0,36,26,0,0,62,0,191
11675.0,36,26,0,0,62,0,191
11676.0,36,26,0,0,62,0,191
11677.0,36,26,0,0,62,0,191
11678.0,36,26,0,0,62,0,191
11679.0,36,26,0,0,62,0,191
11680.0,36,26,0,0,62,0,191
11681.0,36,26,0,0,62,0,191
11682.0,36,26,0,0,62,0,191
11683.0,36,26,0,0,62,0,191
11684.0,36,26,0,0,62,0,191
11685.0,36,26,0,0,62,0,191
11686.0,36,26,0,0,62,0,191
11687.0,36,26,0,0,62,0,191
11688.0,36,26,0,0,62,0,191
11689.0,36,26,0,0,62,0,191
11690.0,36,26,0,0,62,0,191
11691.0,36,26,0,0,62,0,191
11692.0,36,26,0,0,62,0,191
11693.0,36,26,0,0,62,0,191
11694.0,36,26,0,0,62,0,191
11695.0,36,26,0,0,62,0,191
11696.0,36,26,0,0,62,0,191
11697.0,36,26,0,0,62,0,191
11698.0,36,26,0,0,62,0,191
11699.0,36,26,0,0,62,0,191
11700.0,36,26,0,0,62,0,191
11701.0,36,26,0,0,62,0,191
11702.0,36,26,0,0,62,0,191
11703.0,36,26,0,0,62,0,191
11704.0,36,26,0,0,62,0,191
11705.0,36,26,0,0,62,0,191
11706.0,36,26,0,0,62,0,191
11707.0,36,26,0,0,62,0,191
11708.0,36,26,0,0,62,0,191
11709.0,36,26,0,0,62,0,191
11710.0,36,26,0,0,62,0,191
11711.0,36,26,0,0,62,0,191
11712.0,36,26,0,0,62,0,191
11713.0,36,26,0,0,62,0,191
11714.0,36,26,0,0,62,0,191
11715.0,36,26,0,0,62,0,191
11716.0,36,26,0,0,62,0,191
11717.0,36,26,0,0,62,0,191
11718.0,36,26,0,0,62,0,191
11719.0,36,26,0,0,62,0,191
11720.0,36,26,0,0,62,0,191
11721.0,36,26,0,0,62,0,191
11722.0,36,26,0,0,62,0,191
11723.0,36,26,0,0,62,0,191
11724.0,36,26,0,0,62,0,191
11725.0,36,26,0,0,62,0,191
11726.0,36,26,0,0,62,0,191
11727.0,36,26,0,0,62,0,191
11728.0,36,26,0,0,62,0,191
11729.0,36,26,0,0,62,0,191
11730.0,36,26,0,0,62,0,191
11731.0,36,26,0,0,62,0,191
11732.0,36,26,0,0,62,0,191
11733.0,36,26,0,0,62,0,191
11734.0,36,26,0,0,62,0,191
11735.0,36,26,0,0,62,0,191
11736.0,36,26,0,0,62,0,191
11737.0,36,26,0,0,62,0,191
11738.0,36,26,0,0,62,0,191
11739.0,36,26,0,0,62,0,191
11740.0,36,26,0,0,62,0,191
11741.0,36,26,0,0,62,0,191
11742.0,36,26,0,0,62,0,191
11743.0,36,26,0,0,62,0,191
11744.0,36,26,0,0,62,0,191
11745.0,36,26,0,0,62,0,191
11746.0,36,26,0,0,62,0,191
11747.0,36,26,0,0,62,0,191
11748.0,36,26,0,0,62,0,191
11749.0,36,26,0,0,62,0,191
11750.0,36,26,0,0,62,0,191
11751.0,36,26,0,0,62,0,191
11752.0,36,26,0,0,62,0,191
11753.0,36,26,0,0,62,0,191
11754.0,36,26,0,0,62,0,191
11755.0,36,26,0,0,62,0,191
11756.0,36,26,0,0,62,0,191
11757.0,36,26,0,0,62,0,191
11758.0,36,26,0,0,62,0,191
11759.0,36,26,0,0,62,0,191
11760.0,36,26,0,0,62,0,191
11761.0,36,26,0,0,62,0,191
11762.0,36,26,0,0,62,0,191
11763.0,36,26,0,0,62,0,191
11764.0,36,26,0,0,62,0,191
11765.0,36,26,0,0,62,0,191
11766.0,36,26,0,0,62,0,191
11767.0,36,26,0,0,62,0,191
11768.0,36,26,0,0,62,0,191
11769.0,36,26,0,0,62,0,191
11770.0,36,26,0,0,62,0,191
11771.0,36,26,0,0,62,0,191
11772.0,36,26,0,0,62,0,191
11773.0,36,26,0,0,62,0,191
11774.0,36,26,0,0,62,0,191
11775.0,36,26,0,0,62,0,191
11776.0,36,26,0,0,62,0,191
11777.0,36,26,0,0,62,0,191
11778.0,36,26,0,0,62,0,191
11779.0,36,26,0,0,62,0,191
11780.0,36,26,0,0,62,0,191
11781.0,36,26,0,0,62,0,191
11782.0,36,26,0,0,62,0,191
11783.0,36,26,0,0,62,0,191
11784.0,36,26,0,0,62,0,191
11785.0,36,26,0,0,62,0,191
11786.0,36,26,0,0,62,0,191
11787.0,36,26,0,0,62,0,191
11788.0,36,26,0,0,62,0,191
11789.0,36,26,0,0,62,0,191
11790.0,36,26,0,0,62,0,191
11791.0,36,26,0,0,62,0,191
11792.0,36,26,0,0,62,0,191
11793.0,36,26,0,0,62,0,191
11794.0,36,26,0,0,62,0,191
11795.0,36,26,0,0,62,0,191
11796.0,36,26,0,0,62,0,191
11797.0,36,26,0,0,62,0,191
11798.0,36,26,0,0,62,0,191
11799.0,36,26,0,0,62,0,191
11800.0,36,26,0,0,62,0,191
11801.0,36,26,0,0,62,0,191
11802.0,36,26,0,0,62,0,191
11803.0,36,26,0,0,62,0,191
11804.0,36,26,0,0,62,0,191
11805.0,36,26,0,0,62,0,191
11806.0,36,26,0,0,62,0,191
11807.0,36,26,0,0,62,0,191
11808.0,36,26,0,0,62,0,191
11809.0,36,26,0,0,62,0,191
11810.0,36,26,0,0,62,0,191
11811.0,36,26,0,0,62,0,191
11812.0,36,26,0,0,62,0,191
11813.0,36,26,0,0,62,0,191
11814.0,36,26,0,0,62,0,191
11815.0,36,26,0,0,62,0,191
11816.0,36,26,0,0,62,0,191
11817.0,36,26,0,0,62,0,191
11818.0,36,26,0,0,62,0,191
11819.0,36,26,0,0,62,0,191
11820.0,36,26,0,0,62,0,191
11821.0,36,26,0,0,62,0,191
11822.0,36,26,0,0,62,0,191
11823.0,36,26,0,0,62,0,191
11824.0,36,26,0,0,62,0,191
11825.0,36,26,0,0,62,0,191
11826.0,36,26,0,0,62,0,191
11827.0,36,26,0,0,62,0,191
11828.0,36,26,0,0,62,0,191
11829.0,36,26,0,0,62,0,191
11830.0,36,26,0,0,62,0,191
11831.0,36,26,0,0,62,0,191
11832.0,36,26,0,0,62,0,191
11833.0,36,26,0,0,62,0,191
11834.0,36,26,0,0,62,0,191
11835.0,36,26,0,0,62,0,191
11836.0,36,26,0,0,62,0,191
11837.0,36,26,0,0,62,0,191
11838.0,36,26,0,0,62,0,191
11839.0,36,26,0,0,62,0,191
11840.0,36,26,0,0,62,0,191
11841.0,36,26,0,0,62,0,191
11842.0,36,26,0,0,62,0,191
11843.0,36,26,0,0,62,0,191
11844.0,36,26,0,0,62,0,191
11845.0,36,26,0,0,62,0,191
11846.0,36,26,0,0,62,0,191
11847.0,36,26,0,0,62,0,191
11848.0,36,26,0,0,62,0,191
11849.0,36,26,0,0,62,0,191
11850.0,36,26,0,0,62,0,191
11851.0,36,26,0,0,62,0,191
11852.0,36,26,0,0,62,0,191
11853.0,36,26,0,0,62,0,191
11854.0,36,26,0,0,62,0,191
11855.0,36,26,0,0,62,0,191
11856.0,36,26,0,0,62,0,191
11857.0,36,26,0,0,62,0,191
11858.0,36,26,0,0,62,0,191
11859.0,36,26,0,0,62,0,191
11860.0,36,26,0,0,62,0,191
11861.0,36,26,0,0,62,0,191
11862.0,36,26,0,0,62,0,191
11863.0,36,26,0,0,62,0,191
11864.0,36,26,0,0,62,0,191
11865.0,36,26,0,0,62,0,191
11866.0,36,26,0,0,62,0,191
11867.0,36,26,0,0,62,0,191
11868.0,36,26,0,0,62,0,191
11869.0,36,26,0,0,62,0,191
11870.0,36,26,0,0,62,0,191
11871.0,36,26,0,0,62,0,191
11872.0,36,26,0,0,62,0,191
11873.0,36,26,0,0,62,0,191
11874.0,36,26,0,0,62,0,191
11875.0,36,26,0,0,62,0,191
11876.0,36,26,0,0,62,0,191
11877.0,36,26,0,0,62,0,191
11878.0,36,26,0,0,62,0,191
11879.0,36,26,0,0,62,0,191
11880.0,36,26,0,0,62,0,191
11881.0,36,26,0,0,62,0,191
11882.0,36,26,0,0,62,0,191
11883.0,36,26,0,0,62,0,191
11884.0,36,26,0,0,62,0,191
11885.0,36,26,0,0,62,0,191
11886.0,36,26,0,0,62,0,191
11887.0,36,26,0,0,62,0,191
11888.0,36,26,0,0,62,0,191
11889.0,36,26,0,0,62,0,191
11890.0,36,26,0,0,62,0,191
11891.0,36,26,0,0,62,0,191
11892.0,36,26,0,0,62,0,191
11893.0,36,26,0,0,62,0,191
11894.0,36,26,0,0,62,0,191
11895.0,36,26,0,0,62,0,191
11896.0,36,26,0,0,62,0,191
11897.0,36,26,0,0,62,0,191
11898.0,36,26,0,0,62,0,191
11899.0,36,26,0,0,62,0,191
11900.0,36,26,0,0,62,0,191
11901.0,36,26,0,0,62,0,191
11902.0,36,26,0,0,62,0,191
11903.0,36,26,0,0,62,0,191
11904.0,36,26,0,0,62,0,191
11905.0,36,26,0,0,62,0,191
11906.0,36,26,0,0,62,0,191
11907.0,36,26,0,0,62,0,191
11908.0,36,26,0,0,62,0,191
11909.0,36,26,0,0,62,0,191
11910.0,36,26,0,0,62,0,191
11911.0,36,26,0,0,62,0,191
11912.0,36,26,0,0,62,0,191
11913.0,36,26,0,0,62,0,191
11914.0,36,26,0,0,62,0,191
11915.0,36,26,0,0,62,0,191
11916.0,36,26,0,0,62,0,191
11917.0,36,26,0,0,62,0,191
11918.0,36,26,0,0,62,0,191
11919.0,36,26,0,0,62,0,191
11920.0,36,26,0,0,62,0,191
11921.0,36,26,0,0,62,0,191
11922.0,36,26,0,0,62,0,191
11923.0,36,26,0,0,62,0,191
11924.0,36,26,0,0,62,0,191
11925.0,36,26,0,0,62,0,191
11926.0,36,26,0,0,62,0,191
11927.0,36,26,0,0,62,0,191
11928.0,36,26,0,0,62,0,191
11929.0,36,26,0,0,62,0,191
11930.0,36,26,0,0,62,0,191
11931.0,36,26,0,0,62,0,191
11932.0,36,26,0,0,62,0,191
11933.0,36,26,0,0,62,0,191
11934.0,36,26,0,0,62,0,191
11935.0,36,26,0,0,62,0,191
11936.0,36,26,0,0,62,0,191
11937.0,36,26,0,0,62,0,191
11938.0,36,26,0,0,62,0,191
11939.0,36,26,0,0,62,0,191
11940.0,36,26,0,0,62,0,191
11941.0,36,26,0,0,62,0,191
11942.0,36,26,0,0,62,0,191
11943.0,36,26,0,0,62,0,191
11944.0,36,26,0,0,62,0,191
11945.0,36,26,0,0,62,0,191
11946.0,36,26,0,0,62,0,191
11947.0,36,26,0,0,62,0,191
11948.0,36,26,0,0,62,0,191
11949.0,36,26,0,0,62,0,191
11950.0,36,26,0,0,62,0,191
11951.0,36,26,0,0,62,0,191
11952.0,36,26,0,0,62,0,191
11953.0,36,26,0,0,62,0,191
11954.0,36,26,0,0,62,0,191
11955.0,36,26,0,0,62,0,191
11956.0,36,26,0,0,62,0,191
11957.0,36,26,0,0,62,0,191
11958.0,36,26,0,0,62,0,191
11959.0,36,26,0,0,62,0,191
11960.0,36,26,0,0,62,0,191
11961.0,36,26,0,0,62,0,191
11962.0,36,26,0,0,62,0,191
11963.0,36,26,0,0,62,0,191
11964.0,36,26,0,0,62,0,191
11965.0,36,26,0,0,62,0,191
11966.0,36,26,0,0,62,0,191
11967.0,36,26,0,0,62,0,191
11968.0,36,26,0,0,62,0,191
11969.0,36,26,0,0,62,0,191
11970.0,36,26,0,0,62,0,191
11971.0,36,26,0,0,62,0,191
11972.0,36,26,0,0,62,0,191
11973.0,36,26,0,0,62,0,191
11974.0,36,26,0,0,62,0,191
11975.0,36,26,0,0,62,0,191
11976.0,36,26,0,0,62,0,191
11977.0,36,26,0,0,62,0,191
11978.0,36,26,0,0,62,0,191
11979.0,36,26,0,0,62,0,191
11980.0,36,26,0,0,62,0,191
11981.0,36,26,0,0,62,0,191
11982.0,36,26,0,0,62,0,191
11983.0,36,26,0,0,62,0,191
11984.0,36,26,0,0,62,0,191
11985.0,36,26,0,0,62,0,191
11986.0,36,26,0,0,62,0,191
11987.0,36,26,0,0,62,0,191
11988.0,36,26,0,0,62,0,191
11989.0,36,26,0,0,62,0,191
11990.0,36,26,0,0,62,0,191
11991.0,36,26,0,0,62,0,191
11992.0,36,26,0,0,62,0,191
11993.0,36,26,0,0,62,0,191
11994.0,36,26,0,0,62,0,191
11995.0,36,26,0,0,62,0,191
11996.0,36,26,0,0,62,0,191
11997.0,36,26,0,0,62,0,191
11998.0,36,26,0,0,62,0,191
11999.0,36,26,0,0,62,0,191
12000.0,36,26,0,0,62,0,191
12001.0,36,26,0,0,62,0,191
12002.0,36,26,0,0,62,0,191
12003.0,36,26,0,0,62,0,191
12004.0,36,26,0,0,62,0,191
12005.0,36,26,0,0,62,0,191
12006.0,36,26,0,0,62,0,191
12007.0,36,26,0,0,62,0,191
12008.0,36,26,0,0,62,0,191
12009.0,36,26,0,0,62,0,191
12010.0,36,26,0,0,62,0,191
12011.0,36,26,0,0,62,0,191
12012.0,36,26,0,0,62,0,191
12013.0,36,26,0,0,62,0,191
12014.0,36,26,0,0,62,0,191
12015.0,36,26,0,0,62,0,191
12016.0,36,26,0,0,62,0,191
12017.0,36,26,0,0,62,0,191
12018.0,36,26,0,0,62,0,191
12019.0,36,26,0,0,62,0,191
12020.0,36,26,0,0,62,0,191
12021.0,36,26,0,0,62,0,191
12022.0,36,26,0,0,62,0,191
12023.0,36,26,0,0,62,0,191
12024.0,36,26,0,0,62,0,191
12025.0,36,26,0,0,62,0,191
12026.0,36,26,0,0,62,0,191
12027.0,36,26,0,0,62,0,191
12028.0,36,26,0,0,62,0,191
12029.0,36,26,0,0,62,0,191
12030.0,36,26,0,0,62,0,191
12031.0,36,26,0,0,62,0,191
12032.0,36,26,0,0,62,0,191
12033.0,36,26,0,0,62,0,191
12034.0,36,26,0,0,62,0,191
12035.0,36,26,0,0,62,0,191
12036.0,36,26,0,0,62,0,191
12037.0,36,26,0,0,62,0,191
12038.0,36,26,0,0,62,0,191
12039.0,36,26,0,0,62,0,191
12040.0,36,26,0,0,62,0,191
12041.0,36,26,0,0,62,0,191
12042.0,36,26,0,0,62,0,191
12043.0,36,26,0,0,62,0,191
12044.0,36,26,0,0,62,0,191
12045.0,36,26,0,0,62,0,191
12046.0,36,26,0,0,62,0,191
12047.0,36,26,0,0,62,0,191
12048.0,36,26,0,0,62,0,191
12049.0,36,26,0,0,62,0,191
12050.0,36,26,0,0,62,0,191
12051.0,36,26,0,0,62,0,191
12052.0,36,26,0,0,62,0,191
12053.0,36,26,0,0,62,0,191
12054.0,36,26,0,0,62,0,191
12055.0,36,26,0,0,62,0,191
12056.0,36,26,0,0,62,0,191
12057.0,36,26,0,0,62,0,191
12058.0,36,26,0,0,62,0,191
12059.0,36,26,0,0,62,0,191
12060.0,36,26,0,0,62,0,191
12061.0,36,26,0,0,62,0,191
12062.0,36,26,0,0,62,0,191
12063.0,36,26,0,0,62,0,191
12064.0,36,26,0,0,62,0,191
12065.0,36,26,0,0,62,0,191
12066.0,36,26,0,0,62,0,191
12067.0,36,26,0,0,62,0,191
12068.0,36,26,0,0,62,0,191
12069.0,36,26,0,0,62,0,191
12070.0,36,26,0,0,62,0,191
12071.0,36,26,0,0,62,0,191
12072.0,36,26,0,0,62,0,191
12073.0,36,26,0,0,62,0,191
12074.0,36,26,0,0,62,0,191
12075.0,36,26,0,0,62,0,191
12076.0,36,26,0,0,62,0,191
12077.0,36,26,0,0,62,0,191
12078.0,36,26,0,0,62,0,191
12079.0,36,26,0,0,62,0,191
12080.0,36,26,0,0,62,0,191
12081.0,36,26,0,0,62,0,191
12082.0,36,26,0,0,62,0,191
12083.0,36,26,0,0,62,0,191
12084.0,36,26,0,0,62,0,191
12085.0,36,26,0,0,62,0,191
12086.0,36,26,0,0,62,0,191
12087.0,36,26,0,0,62,0,191
12088.0,36,26,0,0,62,0,191
12089.0,36,26,0,0,62,0,191
12090.0,36,26,0,0,62,0,191
12091.0,36,26,0,0,62,0,191
12092.0,36,26,0,0,62,0,191
12093.0,36,26,0,0,62,0,191
12094.0,36,26,0,0,62,0,191
12095.0,36,26,0,0,62,0,191
12096.0,36,26,0,0,62,0,191
12097.0,36,26,0,0,62,0,191
12098.0,36,26,0,0,62,0,191
12099.0,36,26,0,0,62,0,191
12100.0,36,26,0,0,62,0,191
12101.0,36,26,0,0,62,0,191
12102.0,36,26,0,0,62,0,191
12103.0,36,26,0,0,62,0,191
12104.0,36,26,0,0,62,0,191
12105.0,36,26,0,0,62,0,191
12106.0,36,26,0,0,62,0,191
12107.0,36,26,0,0,62,0,191
12108.0,36,26,0,0,62,0,191
12109.0,36,26,0,0,62,0,191
12110.0,36,26,0,0,62,0,191
12111.0,36,26,0,0,62,0,191
12112.0,36,26,0,0,62,0,191
12113.0,36,26,0,0,62,0,191
12114.0,36,26,0,0,62,0,191
12115.0,36,26,0,0,62,0,191
12116.0,36,26,0,0,62,0,191
12117.0,36,26,0,0,62,0,191
12118.0,36,26,0,0,62,0,191
12119.0,36,26,0,0,62,0,191
12120.0,36,26,0,0,62,0,191
12121.0,36,26,0,0,62,0,191
12122.0,36,26,0,0,62,0,191
12123.0,36,26,0,0,62,0,191
12124.0,36,26,0,0,62,0,191
12125.0,36,26,0,0,62,0,191
12126.0,36,26,0,0,62,0,191
12127.0,36,26,0,0,62,0,191
12128.0,36,26,0,0,62,0,191
12129.0,36,26,0,0,62,0,191
12130.0,36,26,0,0,62,0,191
12131.0,36,26,0,0,62,0,191
12132.0,36,26,0,0,62,0,191
12133.0,36,26,0,0,62,0,191
12134.0,36,26,0,0,62,0,191
12135.0,36,26,0,0,62,0,191
12136.0,36,26,0,0,62,0,191
12137.0,36,26,0,0,62,0,191
12138.0,36,26,0,0,62,0,191
12139.0,36,26,0,0,62,0,191
12140.0,36,26,0,0,62,0,191
12141.0,36,26,0,0,62,0,191
12142.0,36,26,0,0,62,0,191
12143.0,36,26,0,0,62,0,191
12144.0,36,26,0,0,62,0,191
12145.0,36,26,0,0,62,0,191
12146.0,36,26,0,0,62,0,191
12147.0,36,26,0,0,62,0,191
12148.0,36,26,0,0,62,0,191
12149.0,36,26,0,0,62,0,191
12150.0,36,26,0,0,62,0,191
12151.0,36,26,0,0,62,0,191
12152.0,36,26,0,0,62,0,191
12153.0,36,26,0,0,62,0,191
12154.0,36,26,0,0,62,0,191
12155.0,36,26,0,0,62,0,191
12156.0,36,26,0,0,62,0,191
12157.0,36,26,0,0,62,0,191
12158.0,36,26,0,0,62,0,191
12159.0,36,26,0,0,62,0,191
12160.0,36,26,0,0,62,0,191
12161.0,36,26,0,0,62,0,191
12162.0,36,26,0,0,62,0,191
12163.0,36,26,0,0,62,0,191
12164.0,36,26,0,0,62,0,191
12165.0,36,26,0,0,62,0,191
12166.0,36,26,0,0,62,0,191
12167.0,36,26,0,0,62,0,191
12168.0,36,26,0,0,62,0,191
12169.0,36,26,0,0,62,0,191
12170.0,36,26,0,0,62,0,191
12171.0,36,26,0,0,62,0,191
12172.0,36,26,0,0,62,0,191
12173.0,36,26,0,0,62,0,191
12174.0,36,26,0,0,62,0,191
12175.0,36,26,0,0,62,0,191
12176.0,36,26,0,0,62,0,191
12177.0,36,26,0,0,62,0,191
12178.0,36,26,0,0,62,0,191
12179.0,36,26,0,0,62,0,191
12180.0,36,26,0,0,62,0,191
12181.0,36,26,0,0,62,0,191
12182.0,36,26,0,0,62,0,191
12183.0,36,26,0,0,62,0,191
12184.0,36,26,0,0,62,0,191
12185.0,36,26,0,0,62,0,191
12186.0,36,26,0,0,62,0,191
12187.0,36,26,0,0,62,0,191
12188.0,36,26,0,0,62,0,191
12189.0,36,26,0,0,62,0,191
12190.0,36,26,0,0,62,0,191
12191.0,36,26,0,0,62,0,191
12192.0,36,26,0,0,62,0,191
12193.0,36,26,0,0,62,0,191
12194.0,36,26,0,0,62,0,191
12195.0,36,26,0,0,62,0,191
12196.0,36,26,0,0,62,0,191
12197.0,36,26,0,0,62,0,191
12198.0,36,26,0,0,62,0,191
12199.0,36,26,0,0,62,0,191
12200.0,36,26,0,0,62,0,191
12201.0,36,26,0,0,62,0,191
12202.0,36,26,0,0,62,0,191
12203.0,36,26,0,0,62,0,191
12204.0,36,26,0,0,62,0,191
12205.0,36,26,0,0,62,0,191
12206.0,36,26,0,0,62,0,191
12207.0,36,26,0,0,62,0,191
12208.0,36,26,0,0,62,0,191
12209.0,36,26,0,0,62,0,191
12210.0,36,26,0,0,62,0,191
12211.0,36,26,0,0,62,0,191
12212.0,36,26,0,0,62,0,191
12213.0,36,26,0,0,62,0,191
12214.0,36,26,0,0,62,0,191
12215.0,36,26,0,0,62,0,191
12216.0,36,26,0,0,62,0,191
12217.0,36,26,0,0,62,0,191
12218.0,36,26,0,0,62,0,191
12219.0,36,26,0,0,62,0,191
12220.0,36,26,0,0,62,0,191
12221.0,36,26,0,0,62,0,191
12222.0,36,26,0,0,62,0,191
12223.0,36,26,0,0,62,0,191
12224.0,36,26,0,0,62,0,191
12225.0,36,26,0,0,62,0,191
12226.0,36,26,0,0,62,0,191
12227.0,36,26,0,0,62,0,191
12228.0,36,26,0,0,62,0,191
12229.0,36,26,0,0,62,0,191
12230.0,36,26,0,0,62,0,191
12231.0,36,26,0,0,62,0,191
12232.0,36,26,0,0,62,0,191
12233.0,36,26,0,0,62,0,191
12234.0,36,26,0,0,62,0,191
12235.0,36,26,0,0,62,0,191
12236.0,36,26,0,0,62,0,191
12237.0,36,26,0,0,62,0,191
12238.0,36,26,0,0,62,0,191
12239.0,36,26,0,0,62,0,191
12240.0,36,26,0,0,62,0,191
12241.0,36,26,0,0,62,0,191
12242.0,36,26,0,0,62,0,191
12243.0,36,26,0,0,62,0,191
12244.0,36,26,0,0,62,0,191
12245.0,36,26,0,0,62,0,191
12246.0,36,26,0,0,62,0,191
12247.0,36,26,0,0,62,0,191
12248.0,36,26,0,0,62,0,191
12249.0,36,26,0,0,62,0,191
12250.0,36,26,0,0,62,0,191
12251.0,36,26,0,0,62,0,191
12252.0,36,26,0,0,62,0,191
12253.0,36,26,0,0,62,0,191
12254.0,36,26,0,0,62,0,191
12255.0,36,26,0,0,62,0,191
12256.0,36,26,0,0,62,0,191
12257.0,36,26,0,0,62,0,191
12258.0,36,26,0,0,62,0,191
12259.0,36,26,0,0,62,0,191
12260.0,36,26,0,0,62,0,191
12261.0,36,26,0,0,62,0,191
12262.0,36,26,0,0,62,0,191
12263.0,36,26,0,0,62,0,191
12264.0,36,26,0,0,62,0,191
12265.0,36,26,0,0,62,0,191
12266.0,36,26,0,0,62,0,191
12267.0,36,26,0,0,62,0,191
12268.0,36,26,0,0,62,0,191
12269.0,36,26,0,0,62,0,191
12270.0,36,26,0,0,62,0,191
12271.0,36,26,0,0,62,0,191
12272.0,36,26,0,0,62,0,191
12273.0,36,26,0,0,62,0,191
12274.0,36,26,0,0,62,0,191
12275.0,36,26,0,0,62,0,191
12276.0,36,26,0,0,62,0,191
12277.0,36,26,0,0,62,0,191
12278.0,36,26,0,0,62,0,191
12279.0,36,26,0,0,62,0,191
12280.0,36,26,0,0,62,0,191
12281.0,36,26,0,0,62,0,191
12282.0,36,26,0,0,62,0,191
12283.0,36,26,0,0,62,0,191
12284.0,36,26,0,0,62,0,191
12285.0,36,26,0,0,62,0,191
12286.0,36,26,0,0,62,0,191
12287.0,36,26,0,0,62,0,191
12288.0,36,26,0,0,62,0,191
12289.0,36,26,0,0,62,0,191
12290.0,36,26,0,0,62,0,191
12291.0,36,26,0,0,62,0,191
12292.0,36,26,0,0,62,0,191
12293.0,36,26,0,0,62,0,191
12294.0,36,26,0,0,62,0,191
12295.0,36,26,0,0,62,0,191
12296.0,36,26,0,0,62,0,191
12297.0,36,26,0,0,62,0,191
12298.0,36,26,0,0,62,0,191
12299.0,36,26,0,0,62,0,191
12300.0,36,26,0,0,62,0,191
12301.0,36,26,0,0,62,0,191
12302.0,36,26,0,0,62,0,191
12303.0,36,26,0,0,62,0,191
12304.0,36,26,0,0,62,0,191
12305.0,36,26,0,0,62,0,191
12306.0,36,26,0,0,62,0,191
12307.0,36,26,0,0,62,0,191
12308.0,36,26,0,0,62,0,191
12309.0,36,26,0,0,62,0,191
12310.0,36,26,0,0,62,0,191
12311.0,36,26,0,0,62,0,191
12312.0,36,26,0,0,62,0,191
12313.0,36,26,0,0,62,0,191
12314.0,36,26,0,0,62,0,191
12315.0,36,26,0,0,62,0,191
12316.0,36,26,0,0,62,0,191
12317.0,36,26,0,0,62,0,191
12318.0,36,26,0,0,62,0,191
12319.0,36,26,0,0,62,0,191
12320.0,36,26,0,0,62,0,191
12321.0,36,26,0,0,62,0,191
12322.0,36,26,0,0,62,0,191
12323.0,36,26,0,0,62,0,191
12324.0,36,26,0,0,62,0,191
12325.0,36,26,0,0,62,0,191
12326.0,36,26,0,0,62,0,191
12327.0,36,26,0,0,62,0,191
12328.0,36,26,0,0,62,0,191
12329.0,36,26,0,0,62,0,191
12330.0,36,26,0,0,62,0,191
12331.0,36,26,0,0,62,0,191
12332.0,36,26,0,0,62,0,191
12333.0,36,26,0,0,62,0,191
12334.0,36,26,0,0,62,0,191
12335.0,36,26,0,0,62,0,191
12336.0,36,26,0,0,62,0,191
12337.0,36,26,0,0,62,0,191
12338.0,36,26,0,0,62,0,191
12339.0,36,26,0,0,62,0,191
12340.0,36,26,0,0,62,0,191
12341.0,36,26,0,0,62,0,191
12342.0,36,26,0,0,62,0,191
12343.0,36,26,0,0,62,0,191
12344.0,36,26,0,0,62,0,191
12345.0,36,26,0,0,62,0,191
12346.0,36,26,0,0,62,0,191
12347.0,36,26,0,0,62,0,191
12348.0,36,26,0,0,62,0,191
12349.0,36,26,0,0,62,0,191
12350.0,36,26,0,0,62,0,191
12351.0,36,26,0,0,62,0,191
12352.0,36,26,0,0,62,0,191
12353.0,36,26,0,0,62,0,191
12354.0,36,26,0,0,62,0,191
12355.0,36,26,0,0,62,0,191
12356.0,36,26,0,0,62,0,191
12357.0,36,26,0,0,62,0,191
12358.0,36,26,0,0,62,0,191
12359.0,36,26,0,0,62,0,191
12360.0,36,26,0,0,62,0,191
12361.0,36,26,0,0,62,0,191
12362.0,36,26,0,0,62,0,191
12363.0,36,26,0,0,62,0,191
12364.0,36,26,0,0,62,0,191
12365.0,36,26,0,0,62,0,191
12366.0,36,26,0,0,62,0,191
12367.0,36,26,0,0,62,0,191
12368.0,36,26,0,0,62,0,191
12369.0,36,26,0,0,62,0,191
12370.0,36,26,0,0,62,0,191
12371.0,36,26,0,0,62,0,191
12372.0,36,26,0,0,62,0,191
12373.0,36,26,0,0,62,0,191
12374.0,36,26,0,0,62,0,191
12375.0,36,26,0,0,62,0,191
12376.0,36,26,0,0,62,0,191
12377.0,36,26,0,0,62,0,191
12378.0,36,26,0,0,62,0,191
12379.0,36,26,0,0,62,0,191
12380.0,36,26,0,0,62,0,191
12381.0,36,26,0,0,62,0,191
12382.0,36,26,0,0,62,0,191
12383.0,36,26,0,0,62,0,191
12384.0,36,26,0,0,62,0,191
12385.0,36,26,0,0,62,0,191
12386.0,36,26,0,0,62,0,191
12387.0,36,26,0,0,62,0,191
12388.0,36,26,0,0,62,0,191
12389.0,36,26,0,0,62,0,191
12390.0,36,26,0,0,62,0,191
12391.0,36,26,0,0,62,0,191
12392.0,36,26,0,0,62,0,191
12393.0,36,26,0,0,62,0,191
12394.0,36,26,0,0,62,0,191
12395.0,36,26,0,0,62,0,191
12396.0,36,26,0,0,62,0,191
12397.0,36,26,0,0,62,0,191
12398.0,36,26,0,0,62,0,191
12399.0,36,26,0,0,62,0,191
12400.0,36,26,0,0,62,0,191
12401.0,36,26,0,0,62,0,191
12402.0,36,26,0,0,62,0,191
12403.0,36,26,0,0,62,0,191
12404.0,36,26,0,0,62,0,191
12405.0,36,26,0,0,62,0,191
12406.0,36,26,0,0,62,0,191
12407.0,36,26,0,0,62,0,191
12408.0,36,26,0,0,62,0,191
12409.0,36,26,0,0,62,0,191
12410.0,36,26,0,0,62,0,191
12411.0,36,26,0,0,62,0,191
12412.0,36,26,0,0,62,0,191
12413.0,36,26,0,0,62,0,191
12414.0,36,26,0,0,62,0,191
12415.0,36,26,0,0,62,0,191
12416.0,36,26,0,0,62,0,191
12417.0,36,26,0,0,62,0,191
12418.0,36,26,0,0,62,0,191
12419.0,36,26,0,0,62,0,191
12420.0,36,26,0,0,62,0,191
12421.0,36,26,0,0,62,0,191
12422.0,36,26,0,0,62,0,191
12423.0,36,26,0,0,62,0,191
12424.0,36,26,0,0,62,0,191
12425.0,36,26,0,0,62,0,191
12426.0,36,26,0,0,62,0,191
12427.0,36,26,0,0,62,0,191
12428.0,36,26,0,0,62,0,191
12429.0,36,26,0,0,62,0,191
12430.0,36,26,0,0,62,0,191
12431.0,36,26,0,0,62,0,191
12432.0,36,26,0,0,62,0,191
12433.0,36,26,0,0,62,0,191
12434.0,36,26,0,0,62,0,191
12435.0,36,26,0,0,62,0,191
12436.0,36,26,0,0,62,0,191
12437.0,36,26,0,0,62,0,191
12438.0,36,26,0,0,62,0,191
12439.0,36,26,0,0,62,0,191
12440.0,36,26,0,0,62,0,191
12441.0,36,26,0,0,62,0,191
12442.0,36,26,0,0,62,0,191
12443.0,36,26,0,0,62,0,191
12444.0,36,26,0,0,62,0,191
12445.0,36,26,0,0,62,0,191
12446.0,36,26,0,0,62,0,191
12447.0,36,26,0,0,62,0,191
12448.0,36,26,0,0,62,0,191
12449.0,36,26,0,0,62,0,191
12450.0,36,26,0,0,62,0,191
12451.0,36,26,0,0,62,0,191
12452.0,36,26,0,0,62,0,191
12453.0,36,26,0,0,62,0,191
12454.0,36,26,0,0,62,0,191
12455.0,36,26,0,0,62,0,191
12456.0,36,26,0,0,62,0,191
12457.0,36,26,0,0,62,0,191
12458.0,36,26,0,0,62,0,191
12459.0,36,26,0,0,62,0,191
12460.0,36,26,0,0,62,0,191
12461.0,36,26,0,0,62,0,191
12462.0,36,26,0,0,62,0,191
12463.0,36,26,0,0,62,0,191
12464.0,36,26,0,0,62,0,191
12465.0,36,26,0,0,62,0,191
12466.0,36,26,0,0,62,0,191
12467.0,36,26,0,0,62,0,191
12468.0,36,26,0,0,62,0,191
12469.0,36,26,0,0,62,0,191
12470.0,36,26,0,0,62,0,191
12471.0,36,26,0,0,62,0,191
12472.0,36,26,0,0,62,0,191
12473.0,36,26,0,0,62,0,191
12474.0,36,26,0,0,62,0,191
12475.0,36,26,0,0,62,0,191
12476.0,36,26,0,0,62,0,191
12477.0,36,26,0,0,62,0,191
12478.0,36,26,0,0,62,0,191
12479.0,36,26,0,0,62,0,191
12480.0,36,26,0,0,62,0,191
12481.0,36,26,0,0,62,0,191
12482.0,36,26,0,0,62,0,191
12483.0,36,26,0,0,62,0,191
12484.0,36,26,0,0,62,0,191
12485.0,36,26,0,0,62,0,191
12486.0,36,26,0,0,62,0,191
12487.0,36,26,0,0,62,0,191
12488.0,36,26,0,0,62,0,191
12489.0,36,26,0,0,62,0,191
12490.0,36,26,0,0,62,0,191
12491.0,36,26,0,0,62,0,191
12492.0,36,26,0,0,62,0,191
12493.0,36,26,0,0,62,0,191
12494.0,36,26,0,0,62,0,191
12495.0,36,26,0,0,62,0,191
12496.0,36,26,0,0,62,0,191
12497.0,36,26,0,0,62,0,191
12498.0,36,26,0,0,62,0,191
12499.0,36,26,0,0,62,0,191
12500.0,36,26,0,0,62,0,191
12501.0,36,26,0,0,62,0,191
12502.0,36,26,0,0,62,0,191
12503.0,36,26,0,0,62,0,191
12504.0,36,26,0,0,62,0,191
12505.0,36,26,0,0,62,0,191
12506.0,36,26,0,0,62,0,191
12507.0,36,26,0,0,62,0,191
12508.0,36,26,0,0,62,0,191
12509.0,36,26,0,0,62,0,191
12510.0,36,26,0,0,62,0,191
12511.0,36,26,0,0,62,0,191
12512.0,36,26,0,0,62,0,191
12513.0,36,26,0,0,62,0,191
12514.0,36,26,0,0,62,0,191
12515.0,36,26,0,0,62,0,191
12516.0,36,26,0,0,62,0,191
12517.0,36,26,0,0,62,0,191
12518.0,36,26,0,0,62,0,191
12519.0,36,26,0,0,62,0,191
12520.0,36,26,0,0,62,0,191
12521.0,36,26,0,0,62,0,191
12522.0,36,26,0,0,62,0,191
12523.0,36,26,0,0,62,0,191
12524.0,36,26,0,0,62,0,191
12525.0,36,26,0,0,62,0,191
12526.0,36,26,0,0,62,0,191
12527.0,36,26,0,0,62,0,191
12528.0,36,26,0,0,62,0,191
12529.0,36,26,0,0,62,0,191
12530.0,36,26,0,0,62,0,191
12531.0,36,26,0,0,62,0,191
12532.0,36,26,0,0,62,0,191
12533.0,36,26,0,0,62,0,191
12534.0,36,26,0,0,62,0,191
12535.0,36,26,0,0,62,0,191
12536.0,36,26,0,0,62,0,191
12537.0,36,26,0,0,62,0,191
12538.0,36,26,0,0,62,0,191
12539.0,36,26,0,0,62,0,191
12540.0,36,26,0,0,62,0,191
12541.0,36,26,0,0,62,0,191
12542.0,36,26,0,0,62,0,191
12543.0,36,26,0,0,62,0,191
12544.0,36,26,0,0,62,0,191
12545.0,36,26,0,0,62,0,191
12546.0,36,26,0,0,62,0,191
12547.0,36,26,0,0,62,0,191
12548.0,36,26,0,0,62,0,191
12549.0,36,26,0,0,62,0,191
12550.0,36,26,0,0,62,0,191
12551.0,36,26,0,0,62,0,191
12552.0,36,26,0,0,62,0,191
12553.0,36,26,0,0,62,0,191
12554.0,36,26,0,0,62,0,191
12555.0,36,26,0,0,62,0,191
12556.0,36,26,0,0,62,0,191
12557.0,36,26,0,0,62,0,191
12558.0,36,26,0,0,62,0,191
12559.0,36,26,0,0,62,0,191
12560.0,36,26,0,0,62,0,191
12561.0,36,26,0,0,62,0,191
12562.0,36,26,0,0,62,0,191
12563.0,36,26,0,0,62,0,191
12564.0,36,26,0,0,62,0,191
12565.0,36,26,0,0,62,0,191
12566.0,36,26,0,0,62,0,191
12567.0,36,26,0,0,62,0,191
12568.0,36,26,0,0,62,0,191
12569.0,36,26,0,0,62,0,191
12570.0,36,26,0,0,62,0,191
12571.0,36,26,0,0,62,0,191
12572.0,36,26,0,0,62,0,191
12573.0,36,26,0,0,62,0,191
12574.0,36,26,0,0,62,0,191
12575.0,36,26,0,0,62,0,191
12576.0,36,26,0,0,62,0,191
12577.0,36,26,0,0,62,0,191
12578.0,36,26,0,0,62,0,191
12579.0,36,26,0,0,62,0,191
12580.0,36,26,0,0,62,0,191
12581.0,36,26,0,0,62,0,191
12582.0,36,26,0,0,62,0,191
12583.0,36,26,0,0,62,0,191
12584.0,36,26,0,0,62,0,191
12585.0,36,26,0,0,62,0,191
12586.0,36,26,0,0,62,0,191
12587.0,36,26,0,0,62,0,191
12588.0,36,26,0,0,62,0,191
12589.0,36,26,0,0,62,0,191
12590.0,36,26,0,0,62,0,191
12591.0,36,26,0,0,62,0,191
12592.0,36,26,0,0,62,0,191
12593.0,36,26,0,0,62,0,191
12594.0,36,26,0,0,62,0,191
12595.0,36,26,0,0,62,0,191
12596.0,36,26,0,0,62,0,191
12597.0,36,26,0,0,62,0,191
12598.0,36,26,0,0,62,0,191
12599.0,36,26,0,0,62,0,191
12600.0,36,26,0,0,62,0,191
12601.0,36,26,0,0,62,0,191
12602.0,36,26,0,0,62,0,191
12603.0,36,26,0,0,62,0,191
12604.0,36,26,0,0,62,0,191
12605.0,36,26,0,0,62,0,191
12606.0,36,26,0,0,62,0,191
12607.0,36,26,0,0,62,0,191
12608.0,36,26,0,0,62,0,191
12609.0,36,26,0,0,62,0,191
12610.0,36,26,0,0,62,0,191
12611.0,36,26,0,0,62,0,191
12612.0,36,26,0,0,62,0,191
12613.0,36,26,0,0,62,0,191
12614.0,36,26,0,0,62,0,191
12615.0,36,26,0,0,62,0,191
12616.0,36,26,0,0,62,0,191
12617.0,36,26,0,0,62,0,191
12618.0,36,26,0,0,62,0,191
12619.0,36,26,0,0,62,0,191
12620.0,36,26,0,0,62,0,191
12621.0,36,26,0,0,62,0,191
12622.0,36,26,0,0,62,0,191
12623.0,36,26,0,0,62,0,191
12624.0,36,26,0,0,62,0,191
12625.0,36,26,0,0,62,0,191
12626.0,36,26,0,0,62,0,191
12627.0,36,26,0,0,62,0,191
12628.0,36,26,0,0,62,0,191
12629.0,36,26,0,0,62,0,191
12630.0,36,26,0,0,62,0,191
12631.0,36,26,0,0,62,0,191
12632.0,36,26,0,0,62,0,191
12633.0,36,26,0,0,62,0,191
12634.0,36,26,0,0,62,0,191
12635.0,36,26,0,0,62,0,191
12636.0,36,26,0,0,62,0,191
12637.0,36,26,0,0,62,0,191
12638.0,36,26,0,0,62,0,191
12639.0,36,26,0,0,62,0,191
12640.0,36,26,0,0,62,0,191
12641.0,36,26,0,0,62,0,191
12642.0,36,26,0,0,62,0,191
12643.0,36,26,0,0,62,0,191
12644.0,36,26,0,0,62,0,191
12645.0,36,26,0,0,62,0,191
12646.0,36,26,0,0,62,0,191
12647.0,36,26,0,0,62,0,191
12648.0,36,26,0,0,62,0,191
12649.0,36,26,0,0,62,0,191
12650.0,36,26,0,0,62,0,191
12651.0,36,26,0,0,62,0,191
12652.0,36,26,0,0,62,0,191
12653.0,36,26,0,0,62,0,191
12654.0,36,26,0,0,62,0,191
12655.0,36,26,0,0,62,0,191
12656.0,36,26,0,0,62,0,191
12657.0,36,26,0,0,62,0,191
12658.0,36,26,0,0,62,0,191
12659.0,36,26,0,0,62,0,191
12660.0,36,26,0,0,62,0,191
12661.0,36,26,0,0,62,0,191
12662.0,36,26,0,0,62,0,191
12663.0,36,26,0,0,62,0,191
12664.0,36,26,0,0,62,0,191
12665.0,36,26,0,0,62,0,191
12666.0,36,26,0,0,62,0,191
12667.0,36,26,0,0,62,0,191
12668.0,36,26,0,0,62,0,191
12669.0,36,26,0,0,62,0,191
12670.0,36,26,0,0,62,0,191
12671.0,36,26,0,0,62,0,191
12672.0,36,26,0,0,62,0,191
12673.0,36,26,0,0,62,0,191
12674.0,36,26,0,0,62,0,191
12675.0,36,26,0,0,62,0,191
12676.0,36,26,0,0,62,0,191
12677.0,36,26,0,0,62,0,191
12678.0,36,26,0,0,62,0,191
12679.0,36,26,0,0,62,0,191
12680.0,36,26,0,0,62,0,191
12681.0,36,26,0,0,62,0,191
12682.0,36,26,0,0,62,0,191
12683.0,36,26,0,0,62,0,191
12684.0,36,26,0,0,62,0,191
12685.0,36,26,0,0,62,0,191
12686.0,36,26,0,0,62,0,191
12687.0,36,26,0,0,62,0,191
12688.0,36,26,0,0,62,0,191
12689.0,36,26,0,0,62,0,191
12690.0,36,26,0,0,62,0,191
12691.0,36,26,0,0,62,0,191
12692.0,36,26,0,0,62,0,191
12693.0,36,26,0,0,62,0,191
12694.0,36,26,0,0,62,0,191
12695.0,36,26,0,0,62,0,191
12696.0,36,26,0,0,62,0,191
12697.0,36,26,0,0,62,0,191
12698.0,36,26,0,0,62,0,191
12699.0,36,26,0,0,62,0,191
12700.0,36,26,0,0,62,0,191
12701.0,36,26,0,0,62,0,191
12702.0,36,26,0,0,62,0,191
12703.0,36,26,0,0,62,0,191
12704.0,36,26,0,0,62,0,191
12705.0,36,26,0,0,62,0,191
12706.0,36,26,0,0,62,0,191
12707.0,36,26,0,0,62,0,191
12708.0,36,26,0,0,62,0,191
12709.0,36,26,0,0,62,0,191
12710.0,36,26,0,0,62,0,191
12711.0,36,26,0,0,62,0,191
12712.0,36,26,0,0,62,0,191
12713.0,36,26,0,0,62,0,191
12714.0,36,26,0,0,62,0,191
12715.0,36,26,0,0,62,0,191
12716.0,36,26,0,0,62,0,191
12717.0,36,26,0,0,62,0,191
12718.0,36,26,0,0,62,0,191
12719.0,36,26,0,0,62,0,191
12720.0,36,26,0,0,62,0,191
12721.0,36,26,0,0,62,0,191
12722.0,36,26,0,0,62,0,191
12723.0,36,26,0,0,62,0,191
12724.0,36,26,0,0,62,0,191
12725.0,36,26,0,0,62,0,191
12726.0,36,26,0,0,62,0,191
12727.0,36,26,0,0,62,0,191
12728.0,36,26,0,0,62,0,191
12729.0,36,26,0,0,62,0,191
12730.0,36,26,0,0,62,0,191
12731.0,36,26,0,0,62,0,191
12732.0,36,26,0,0,62,0,191
12733.0,36,26,0,0,62,0,191
12734.0,36,26,0,0,62,0,191
12735.0,36,26,0,0,62,0,191
12736.0,36,26,0,0,62,0,191
12737.0,36,26,0,0,62,0,191
12738.0,36,26,0,0,62,0,191
12739.0,36,26,0,0,62,0,191
12740.0,36,26,0,0,62,0,191
12741.0,36,26,0,0,62,0,191
12742.0,36,26,0,0,62,0,191
12743.0,36,26,0,0,62,0,191
12744.0,36,26,0,0,62,0,191
12745.0,36,26,0,0,62,0,191
12746.0,36,26,0,0,62,0,191
12747.0,36,26,0,0,62,0,191
12748.0,36,26,0,0,62,0,191
12749.0,36,26,0,0,62,0,191
12750.0,36,26,0,0,62,0,191
12751.0,36,26,0,0,62,0,191
12752.0,36,26,0,0,62,0,191
12753.0,36,26,0,0,62,0,191
12754.0,36,26,0,0,62,0,191
12755.0,36,26,0,0,62,0,191
12756.0,36,26,0,0,62,0,191
12757.0,36,26,0,0,62,0,191
12758.0,36,26,0,0,62,0,191
12759.0,36,26,0,0,62,0,191
12760.0,36,26,0,0,62,0,191
12761.0,36,26,0,0,62,0,191
12762.0,36,26,0,0,62,0,191
12763.0,36,26,0,0,62,0,191
12764.0,36,26,0,0,62,0,191
12765.0,36,26,0,0,62,0,191
12766.0,36,26,0,0,62,0,191
12767.0,36,26,0,0,62,0,191
12768.0,36,26,0,0,62,0,191
12769.0,36,26,0,0,62,0,191
12770.0,36,26,0,0,62,0,191
12771.0,36,26,0,0,62,0,191
12772.0,36,26,0,0,62,0,191
12773.0,36,26,0,0,62,0,191
12774.0,36,26,0,0,62,0,191
12775.0,36,26,0,0,62,0,191
12776.0,36,26,0,0,62,0,191
12777.0,36,26,0,0,62,0,191
12778.0,36,26,0,0,62,0,191
12779.0,36,26,0,0,62,0,191
12780.0,36,26,0,0,62,0,191
12781.0,36,26,0,0,62,0,191
12782.0,36,26,0,0,62,0,191
12783.0,36,26,0,0,62,0,191
12784.0,36,26,0,0,62,0,191
12785.0,36,26,0,0,62,0,191
12786.0,36,26,0,0,62,0,191
12787.0,36,26,0,0,62,0,191
12788.0,36,26,0,0,62,0,191
12789.0,36,26,0,0,62,0,191
12790.0,36,26,0,0,62,0,191
12791.0,36,26,0,0,62,0,191
12792.0,36,26,0,0,62,0,191
12793.0,36,26,0,0,62,0,191
12794.0,36,26,0,0,62,0,191
12795.0,36,26,0,0,62,0,191
12796.0,36,26,0,0,62,0,191
12797.0,36,26,0,0,62,0,191
12798.0,36,26,0,0,62,0,191
12799.0,36,26,0,0,62,0,191
12800.0,36,26,0,0,62,0,191
12801.0,36,26,0,0,62,0,191
12802.0,36,26,0,0,62,0,191
12803.0,36,26,0,0,62,0,191
12804.0,36,26,0,0,62,0,191
12805.0,36,26,0,0,62,0,191
12806.0,36,26,0,0,62,0,191
12807.0,36,26,0,0,62,0,191
12808.0,36,26,0,0,62,0,191
12809.0,36,26,0,0,62,0,191
12810.0,36,26,0,0,62,0,191
12811.0,36,26,0,0,62,0,191
12812.0,36,26,0,0,62,0,191
12813.0,36,26,0,0,62,0,191
12814.0,36,26,0,0,62,0,191
12815.0,36,26,0,0,62,0,191
12816.0,36,26,0,0,62,0,191
12817.0,36,26,0,0,62,0,191
12818.0,36,26,0,0,62,0,191
12819.0,36,26,0,0,62,0,191
12820.0,36,26,0,0,62,0,191
12821.0,36,26,0,0,62,0,191
12822.0,36,26,0,0,62,0,191
12823.0,36,26,0,0,62,0,191
12824.0,36,26,0,0,62,0,191
12825.0,36,26,0,0,62,0,191
12826.0,36,26,0,0,62,0,191
12827.0,36,26,0,0,62,0,191
12828.0,36,26,0,0,62,0,191
12829.0,36,26,0,0,62,0,191
12830.0,36,26,0,0,62,0,191
12831.0,36,26,0,0,62,0,191
12832.0,36,26,0,0,62,0,191
12833.0,36,26,0,0,62,0,191
12834.0,36,26,0,0,62,0,191
12835.0,36,26,0,0,62,0,191
12836.0,36,26,0,0,62,0,191
12837.0,36,26,0,0,62,0,191
12838.0,36,26,0,0,62,0,191
12839.0,36,26,0,0,62,0,191
12840.0,36,26,0,0,62,0,191
12841.0,36,26,0,0,62,0,191
12842.0,36,26,0,0,62,0,191
12843.0,36,26,0,0,62,0,191
12844.0,36,26,0,0,62,0,191
12845.0,36,26,0,0,62,0,191
12846.0,36,26,0,0,62,0,191
12847.0,36,26,0,0,62,0,191
12848.0,36,26,0,0,62,0,191
12849.0,36,26,0,0,62,0,191
12850.0,36,26,0,0,62,0,191
12851.0,36,26,0,0,62,0,191
12852.0,36,26,0,0,62,0,191
12853.0,36,26,0,0,62,0,191
12854.0,36,26,0,0,62,0,191
12855.0,36,26,0,0,62,0,191
12856.0,36,26,0,0,62,0,191
12857.0,36,26,0,0,62,0,191
12858.0,36,26,0,0,62,0,191
12859.0,36,26,0,0,62,0,191
12860.0,36,26,0,0,62,0,191
12861.0,36,26,0,0,62,0,191
12862.0,36,26,0,0,62,0,191
12863.0,36,26,0,0,62,0,191
12864.0,36,26,0,0,62,0,191
12865.0,36,26,0,0,62,0,191
12866.0,36,26,0,0,62,0,191
12867.0,36,26,0,0,62,0,191
12868.0,36,26,0,0,62,0,191
12869.0,36,26,0,0,62,0,191
12870.0,36,26,0,0,62,0,191
12871.0,36,26,0,0,62,0,191
12872.0,36,26,0,0,62,0,191
12873.0,36,26,0,0,62,0,191
12874.0,36,26,0,0,62,0,191
12875.0,36,26,0,0,62,0,191
12876.0,36,26,0,0,62,0,191
12877.0,36,26,0,0,62,0,191
12878.0,36,26,0,0,62,0,191
12879.0,36,26,0,0,62,0,191
12880.0,36,26,0,0,62,0,191
12881.0,36,26,0,0,62,0,191
12882.0,36,26,0,0,62,0,191
12883.0,36,26,0,0,62,0,191
12884.0,36,26,0,0,62,0,191
12885.0,36,26,0,0,62,0,191
12886.0,36,26,0,0,62,0,191
12887.0,36,26,0,0,62,0,191
12888.0,36,26,0,0,62,0,191
12889.0,36,26,0,0,62,0,191
12890.0,36,26,0,0,62,0,191
12891.0,36,26,0,0,62,0,191
12892.0,36,26,0,0,62,0,191
12893.0,36,26,0,0,62,0,191
12894.0,36,26,0,0,62,0,191
12895.0,36,26,0,0,62,0,191
12896.0,36,26,0,0,62,0,191
12897.0,36,26,0,0,62,0,191
12898.0,36,26,0,0,62,0,191
12899.0,36,26,0,0,62,0,191
12900.0,36,26,0,0,62,0,191
12901.0,36,26,0,0,62,0,191
12902.0,36,26,0,0,62,0,191
12903.0,36,26,0,0,62,0,191
12904.0,36,26,0,0,62,0,191
12905.0,36,26,0,0,62,0,191
12906.0,36,26,0,0,62,0,191
12907.0,36,26,0,0,62,0,191
12908.0,36,26,0,0,62,0,191
12909.0,36,26,0,0,62,0,191
12910.0,36,26,0,0,62,0,191
12911.0,36,26,0,0,62,0,191
12912.0,36,26,0,0,62,0,191
12913.0,36,26,0,0,62,0,191
12914.0,36,26,0,0,62,0,191
12915.0,36,26,0,0,62,0,191
12916.0,36,26,0,0,62,0,191
12917.0,36,26,0,0,62,0,191
12918.0,36,26,0,0,62,0,191
12919.0,36,26,0,0,62,0,191
12920.0,36,26,0,0,62,0,191
12921.0,36,26,0,0,62,0,191
12922.0,36,26,0,0,62,0,191
12923.0,36,26,0,0,62,0,191
12924.0,36,26,0,0,62,0,191
12925.0,36,26,0,0,62,0,191
12926.0,36,26,0,0,62,0,191
12927.0,36,26,0,0,62,0,191
12928.0,36,26,0,0,62,0,191
12929.0,36,26,0,0,62,0,191
12930.0,36,26,0,0,62,0,191
12931.0,36,26,0,0,62,0,191
12932.0,36,26,0,0,62,0,191
12933.0,36,26,0,0,62,0,191
12934.0,36,26,0,0,62,0,191
12935.0,36,26,0,0,62,0,191
12936.0,36,26,0,0,62,0,191
12937.0,36,26,0,0,62,0,191
12938.0,36,26,0,0,62,0,191
12939.0,36,26,0,0,62,0,191
12940.0,36,26,0,0,62,0,191
12941.0,36,26,0,0,62,0,191
12942.0,36,26,0,0,62,0,191
12943.0,36,26,0,0,62,0,191
12944.0,36,26,0,0,62,0,191
12945.0,36,26,0,0,62,0,191
12946.0,36,26,0,0,62,0,191
12947.0,36,26,0,0,62,0,191
12948.0,36,26,0,0,62,0,191
12949.0,36,26,0,0,62,0,191
12950.0,36,26,0,0,62,0,191
12951.0,36,26,0,0,62,0,191
12952.0,36,26,0,0,62,0,191
12953.0,36,26,0,0,62,0,191
12954.0,36,26,0,0,62,0,191
12955.0,36,26,0,0,62,0,191
12956.0,36,26,0,0,62,0,191
12957.0,36,26,0,0,62,0,191
12958.0,36,26,0,0,62,0,191
12959.0,36,26,0,0,62,0,191
12960.0,36,26,0,0,62,0,191
12961.0,36,26,0,0,62,0,191
12962.0,36,26,0,0,62,0,191
12963.0,36,26,0,0,62,0,191
12964.0,36,26,0,0,62,0,191
12965.0,36,26,0,0,62,0,191
12966.0,36,26,0,0,62,0,191
12967.0,36,26,0,0,62,0,191
12968.0,36,26,0,0,62,0,191
12969.0,36,26,0,0,62,0,191
12970.0,36,26,0,0,62,0,191
12971.0,36,26,0,0,62,0,191
12972.0,36,26,0,0,62,0,191
12973.0,36,26,0,0,62,0,191
12974.0,36,26,0,0,62,0,191
12975.0,36,26,0,0,62,0,191
12976.0,36,26,0,0,62,0,191
12977.0,36,26,0,0,62,0,191
12978.0,36,26,0,0,62,0,191
12979.0,36,26,0,0,62,0,191
12980.0,36,26,0,0,62,0,191
12981.0,36,26,0,0,62,0,191
12982.0,36,26,0,0,62,0,191
12983.0,36,26,0,0,62,0,191
12984.0,36,26,0,0,62,0,191
12985.0,36,26,0,0,62,0,191
12986.0,36,26,0,0,62,0,191
12987.0,36,26,0,0,62,0,191
12988.0,36,26,0,0,62,0,191
12989.0,36,26,0,0,62,0,191
12990.0,36,26,0,0,62,0,191
12991.0,36,26,0,0,62,0,191
12992.0,36,26,0,0,62,0,191
12993.0,36,26,0,0,62,0,191
12994.0,36,26,0,0,62,0,191
12995.0,36,26,0,0,62,0,191
12996.0,36,26,0,0,62,0,191
12997.0,36,26,0,0,62,0,191
12998.0,36,26,0,0,62,0,191
12999.0,36,26,0,0,62,0,191
13000.0,36,26,0,0,62,0,191
13001.0,36,26,0,0,62,0,191
13002.0,36,26,0,0,62,0,191
13003.0,36,26,0,0,62,0,191
13004.0,36,26,0,0,62,0,191
13005.0,36,26,0,0,62,0,191
13006.0,36,26,0,0,62,0,191
13007.0,36,26,0,0,62,0,191
13008.0,36,26,0,0,62,0,191
13009.0,36,26,0,0,62,0,191
13010.0,36,26,0,0,62,0,191
13011.0,36,26,0,0,62,0,191
13012.0,36,26,0,0,62,0,191
13013.0,36,26,0,0,62,0,191
13014.0,36,26,0,0,62,0,191
13015.0,36,26,0,0,62,0,191
13016.0,36,26,0,0,62,0,191
13017.0,36,26,0,0,62,0,191
13018.0,36,26,0,0,62,0,191
13019.0,36,26,0,0,62,0,191
13020.0,36,26,0,0,62,0,191
13021.0,36,26,0,0,62,0,191
13022.0,36,26,0,0,62,0,191
13023.0,36,26,0,0,62,0,191
13024.0,36,26,0,0,62,0,191
13025.0,36,26,0,0,62,0,191
13026.0,36,26,0,0,62,0,191
13027.0,36,26,0,0,62,0,191
13028.0,36,26,0,0,62,0,191
13029.0,36,26,0,0,62,0,191
13030.0,36,26,0,0,62,0,191
13031.0,36,26,0,0,62,0,191
13032.0,36,26,0,0,62,0,191
13033.0,36,26,0,0,62,0,191
13034.0,36,26,0,0,62,0,191
13035.0,36,26,0,0,62,0,191
13036.0,36,26,0,0,62,0,191
13037.0,36,26,0,0,62,0,191
13038.0,36,26,0,0,62,0,191
13039.0,36,26,0,0,62,0,191
13040.0,36,26,0,0,62,0,191
13041.0,36,26,0,0,62,0,191
13042.0,36,26,0,0,62,0,191
13043.0,36,26,0,0,62,0,191
13044.0,36,26,0,0,62,0,191
13045.0,36,26,0,0,62,0,191
13046.0,36,26,0,0,62,0,191
13047.0,36,26,0,0,62,0,191
13048.0,36,26,0,0,62,0,191
13049.0,36,26,0,0,62,0,191
13050.0,36,26,0,0,62,0,191
13051.0,36,26,0,0,62,0,191
13052.0,36,26,0,0,62,0,191
13053.0,36,26,0,0,62,0,191
13054.0,36,26,0,0,62,0,191
13055.0,36,26,0,0,62,0,191
13056.0,36,26,0,0,62,0,191
13057.0,36,26,0,0,62,0,191
13058.0,36,26,0,0,62,0,191
13059.0,36,26,0,0,62,0,191
13060.0,36,26,0,0,62,0,191
13061.0,36,26,0,0,62,0,191
13062.0,36,26,0,0,62,0,191
13063.0,36,26,0,0,62,0,191
13064.0,36,26,0,0,62,0,191
13065.0,36,26,0,0,62,0,191
13066.0,36,26,0,0,62,0,191
13067.0,36,26,0,0,62,0,191
13068.0,36,26,0,0,62,0,191
13069.0,36,26,0,0,62,0,191
13070.0,36,26,0,0,62,0,191
13071.0,36,26,0,0,62,0,191
13072.0,36,26,0,0,62,0,191
13073.0,36,26,0,0,62,0,191
13074.0,36,26,0,0,62,0,191
13075.0,36,26,0,0,62,0,191
13076.0,36,26,0,0,62,0,191
13077.0,36,26,0,0,62,0,191
13078.0,36,26,0,0,62,0,191
13079.0,36,26,0,0,62,0,191
13080.0,36,26,0,0,62,0,191
13081.0,36,26,0,0,62,0,191
13082.0,36,26,0,0,62,0,191
13083.0,36,26,0,0,62,0,191
13084.0,36,26,0,0,62,0,191
13085.0,36,26,0,0,62,0,191
13086.0,36,26,0,0,62,0,191
13087.0,36,26,0,0,62,0,191
13088.0,36,26,0,0,62,0,191
13089.0,36,26,0,0,62,0,191
13090.0,36,26,0,0,62,0,191
13091.0,36,26,0,0,62,0,191
13092.0,36,26,0,0,62,0,191
13093.0,36,26,0,0,62,0,191
13094.0,36,26,0,0,62,0,191
13095.0,36,26,0,0,62,0,191
13096.0,36,26,0,0,62,0,191
13097.0,36,26,0,0,62,0,191
13098.0,36,26,0,0,62,0,191
13099.0,36,26,0,0,62,0,191
13100.0,36,26,0,0,62,0,191
13101.0,36,26,0,0,62,0,191
13102.0,36,26,0,0,62,0,191
13103.0,36,26,0,0,62,0,191
13104.0,36,26,0,0,62,0,191
13105.0,36,26,0,0,62,0,191
13106.0,36,26,0,0,62,0,191
13107.0,36,26,0,0,62,0,191
13108.0,36,26,0,0,62,0,191
13109.0,36,26,0,0,62,0,191
13110.0,36,26,0,0,62,0,191
13111.0,36,26,0,0,62,0,191
13112.0,36,26,0,0,62,0,191
13113.0,36,26,0,0,62,0,191
13114.0,36,26,0,0,62,0,191
13115.0,36,26,0,0,62,0,191
13116.0,36,26,0,0,62,0,191
13117.0,36,26,0,0,62,0,191
13118.0,36,26,0,0,62,0,191
13119.0,36,26,0,0,62,0,191
13120.0,36,26,0,0,62,0,191
13121.0,36,26,0,0,62,0,191
13122.0,36,26,0,0,62,0,191
13123.0,36,26,0,0,62,0,191
13124.0,36,26,0,0,62,0,191
13125.0,36,26,0,0,62,0,191
13126.0,36,26,0,0,62,0,191
13127.0,36,26,0,0,62,0,191
13128.0,36,26,0,0,62,0,191
13129.0,36,26,0,0,62,0,191
13130.0,36,26,0,0,62,0,191
13131.0,36,26,0,0,62,0,191
13132.0,36,26,0,0,62,0,191
13133.0,36,26,0,0,62,0,191
13134.0,36,26,0,0,62,0,191
13135.0,36,26,0,0,62,0,191
13136.0,36,26,0,0,62,0,191
13137.0,36,26,0,0,62,0,191
13138.0,36,26,0,0,62,0,191
13139.0,36,26,0,0,62,0,191
13140.0,36,26,0,0,62,0,191
13141.0,36,26,0,0,62,0,191
13142.0,36,26,0,0,62,0,191
13143.0,36,26,0,0,62,0,191
13144.0,36,26,0,0,62,0,191
13145.0,36,26,0,0,62,0,191
13146.0,36,26,0,0,62,0,191
13147.0,36,26,0,0,62,0,191
13148.0,36,26,0,0,62,0,191
13149.0,36,26,0,0,62,0,191
13150.0,36,26,0,0,62,0,191
13151.0,36,26,0,0,62,0,191
13152.0,36,26,0,0,62,0,191
13153.0,36,26,0,0,62,0,191
13154.0,36,26,0,0,62,0,191
13155.0,36,26,0,0,62,0,191
13156.0,36,26,0,0,62,0,191
13157.0,36,26,0,0,62,0,191
13158.0,36,26,0,0,62,0,191
13159.0,36,26,0,0,62,0,191
13160.0,36,26,0,0,62,0,191
13161.0,36,26,0,0,62,0,191
13162.0,36,26,0,0,62,0,191
13163.0,36,26,0,0,62,0,191
13164.0,36,26,0,0,62,0,191
13165.0,36,26,0,0,62,0,191
13166.0,36,26,0,0,62,0,191
13167.0,36,26,0,0,62,0,191
13168.0,36,26,0,0,62,0,191
13169.0,36,26,0,0,62,0,191
13170.0,36,26,0,0,62,0,191
13171.0,36,26,0,0,62,0,191
13172.0,36,26,0,0,62,0,191
13173.0,36,26,0,0,62,0,191
13174.0,36,26,0,0,62,0,191
13175.0,36,26,0,0,62,0,191
13176.0,36,26,0,0,62,0,191
13177.0,36,26,0,0,62,0,191
13178.0,36,26,0,0,62,0,191
13179.0,36,26,0,0,62,0,191
13180.0,36,26,0,0,62,0,191
13181.0,36,26,0,0,62,0,191
13182.0,36,26,0,0,62,0,191
13183.0,36,26,0,0,62,0,191
13184.0,36,26,0,0,62,0,191
13185.0,36,26,0,0,62,0,191
13186.0,36,26,0,0,62,0,191
13187.0,36,26,0,0,62,0,191
13188.0,36,26,0,0,62,0,191
13189.0,36,26,0,0,62,0,191
13190.0,36,26,0,0,62,0,191
13191.0,36,26,0,0,62,0,191
13192.0,36,26,0,0,62,0,191
13193.0,36,26,0,0,62,0,191
13194.0,36,26,0,0,62,0,191
13195.0,36,26,0,0,62,0,191
13196.0,36,26,0,0,62,0,191
13197.0,36,26,0,0,62,0,191
13198.0,36,26,0,0,62,0,191
13199.0,36,26,0,0,62,0,191
13200.0,36,26,0,0,62,0,191
13201.0,36,26,0,0,62,0,191
13202.0,36,26,0,0,62,0,191
13203.0,36,26,0,0,62,0,191
13204.0,36,26,0,0,62,0,191
13205.0,36,26,0,0,62,0,191
13206.0,36,26,0,0,62,0,191
13207.0,36,26,0,0,62,0,191
13208.0,36,26,0,0,62,0,191
13209.0,36,26,0,0,62,0,191
13210.0,36,26,0,0,62,0,191
13211.0,36,26,0,0,62,0,191
13212.0,36,26,0,0,62,0,191
13213.0,36,26,0,0,62,0,191
13214.0,36,26,0,0,62,0,191
13215.0,36,26,0,0,62,0,191
13216.0,36,26,0,0,62,0,191
13217.0,36,26,0,0,62,0,191
13218.0,36,26,0,0,62,0,191
13219.0,36,26,0,0,62,0,191
13220.0,36,26,0,0,62,0,191
13221.0,36,26,0,0,62,0,191
13222.0,36,26,0,0,62,0,191
13223.0,36,26,0,0,62,0,191
13224.0,36,26,0,0,62,0,191
13225.0,36,26,0,0,62,0,191
13226.0,36,26,0,0,62,0,191
13227.0,36,26,0,0,62,0,191
13228.0,36,26,0,0,62,0,191
13229.0,36,26,0,0,62,0,191
13230.0,36,26,0,0,62,0,191
13231.0,36,26,0,0,62,0,191
13232.0,36,26,0,0,62,0,191
13233.0,36,26,0,0,62,0,191
13234.0,36,26,0,0,62,0,191
13235.0,36,26,0,0,62,0,191
13236.0,36,26,0,0,62,0,191
13237.0,36,26,0,0,62,0,191
13238.0,36,26,0,0,62,0,191
13239.0,36,26,0,0,62,0,191
13240.0,36,26,0,0,62,0,191
13241.0,36,26,0,0,62,0,191
13242.0,36,26,0,0,62,0,191
13243.0,36,26,0,0,62,0,191
13244.0,36,26,0,0,62,0,191
13245.0,36,26,0,0,62,0,191
13246.0,36,26,0,0,62,0,191
13247.0,36,26,0,0,62,0,191
13248.0,36,26,0,0,62,0,191
13249.0,36,26,0,0,62,0,191
13250.0,36,26,0,0,62,0,191
13251.0,36,26,0,0,62,0,191
13252.0,36,26,0,0,62,0,191
13253.0,36,26,0,0,62,0,191
13254.0,36,26,0,0,62,0,191
13255.0,36,26,0,0,62,0,191
13256.0,36,26,0,0,62,0,191
13257.0,36,26,0,0,62,0,191
13258.0,36,26,0,0,62,0,191
13259.0,36,26,0,0,62,0,191
13260.0,36,26,0,0,62,0,191
13261.0,36,26,0,0,62,0,191
13262.0,36,26,0,0,62,0,191
13263.0,36,26,0,0,62,0,191
13264.0,36,26,0,0,62,0,191
13265.0,36,26,0,0,62,0,191
13266.0,36,26,0,0,62,0,191
13267.0,36,26,0,0,62,0,191
13268.0,36,26,0,0,62,0,191
13269.0,36,26,0,0,62,0,191
13270.0,36,26,0,0,62,0,191
13271.0,36,26,0,0,62,0,191
13272.0,36,26,0,0,62,0,191
13273.0,36,26,0,0,62,0,191
13274.0,36,26,0,0,62,0,191
13275.0,36,26,0,0,62,0,191
13276.0,36,26,0,0,62,0,191
13277.0,36,26,0,0,62,0,191
13278.0,36,26,0,0,62,0,191
13279.0,36,26,0,0,62,0,191
13280.0,36,26,0,0,62,0,191
13281.0,36,26,0,0,62,0,191
13282.0,36,26,0,0,62,0,191
13283.0,36,26,0,0,62,0,191
13284.0,36,26,0,0,62,0,191
13285.0,36,26,0,0,62,0,191
13286.0,36,26,0,0,62,0,191
13287.0,36,26,0,0,62,0,191
13288.0,36,26,0,0,62,0,191
13289.0,36,26,0,0,62,0,191
13290.0,36,26,0,0,62,0,191
13291.0,36,26,0,0,62,0,191
13292.0,36,26,0,0,62,0,191
13293.0,36,26,0,0,62,0,191
13294.0,36,26,0,0,62,0,191
13295.0,36,26,0,0,62,0,191
13296.0,36,26,0,0,62,0,191
13297.0,36,26,0,0,62,0,191
13298.0,36,26,0,0,62,0,191
13299.0,36,26,0,0,62,0,191
13300.0,36,26,0,0,62,0,191
13301.0,36,26,0,0,62,0,191
13302.0,36,26,0,0,62,0,191
13303.0,36,26,0,0,62,0,191
13304.0,36,26,0,0,62,0,191
13305.0,36,26,0,0,62,0,191
13306.0,36,26,0,0,62,0,191
13307.0,36,26,0,0,62,0,191
13308.0,36,26,0,0,62,0,191
13309.0,36,26,0,0,62,0,191
13310.0,36,26,0,0,62,0,191
13311.0,36,26,0,0,62,0,191
13312.0,36,26,0,0,62,0,191
13313.0,36,26,0,0,62,0,191
13314.0,36,26,0,0,62,0,191
13315.0,36,26,0,0,62,0,191
13316.0,36,26,0,0,62,0,191
13317.0,36,26,0,0,62,0,191
13318.0,36,26,0,0,62,0,191
13319.0,36,26,0,0,62,0,191
13320.0,36,26,0,0,62,0,191
13321.0,36,26,0,0,62,0,191
13322.0,36,26,0,0,62,0,191
13323.0,36,26,0,0,62,0,191
13324.0,36,26,0,0,62,0,191
13325.0,36,26,0,0,62,0,191
13326.0,36,26,0,0,62,0,191
13327.0,36,26,0,0,62,0,191
13328.0,36,26,0,0,62,0,191
13329.0,36,26,0,0,62,0,191
13330.0,36,26,0,0,62,0,191
13331.0,36,26,0,0,62,0,191
13332.0,36,26,0,0,62,0,191
13333.0,36,26,0,0,62,0,191
13334.0,36,26,0,0,62,0,191
13335.0,36,26,0,0,62,0,191
13336.0,36,26,0,0,62,0,191
13337.0,36,26,0,0,62,0,191
13338.0,36,26,0,0,62,0,191
13339.0,36,26,0,0,62,0,191
13340.0,36,26,0,0,62,0,191
13341.0,36,26,0,0,62,0,191
13342.0,36,26,0,0,62,0,191
13343.0,36,26,0,0,62,0,191
13344.0,36,26,0,0,62,0,191
13345.0,36,26,0,0,62,0,191
13346.0,36,26,0,0,62,0,191
13347.0,36,26,0,0,62,0,191
13348.0,36,26,0,0,62,0,191
13349.0,36,26,0,0,62,0,191
13350.0,36,26,0,0,62,0,191
13351.0,36,26,0,0,62,0,191
13352.0,36,26,0,0,62,0,191
13353.0,36,26,0,0,62,0,191
13354.0,36,26,0,0,62,0,191
13355.0,36,26,0,0,62,0,191
13356.0,36,26,0,0,62,0,191
13357.0,36,26,0,0,62,0,191
13358.0,36,26,0,0,62,0,191
13359.0,36,26,0,0,62,0,191
13360.0,36,26,0,0,62,0,191
13361.0,36,26,0,0,62,0,191
13362.0,36,26,0,0,62,0,191
13363.0,36,26,0,0,62,0,191
13364.0,36,26,0,0,62,0,191
13365.0,36,26,0,0,62,0,191
13366.0,36,26,0,0,62,0,191
13367.0,36,26,0,0,62,0,191
13368.0,36,26,0,0,62,0,191
13369.0,36,26,0,0,62,0,191
13370.0,36,26,0,0,62,0,191
13371.0,36,26,0,0,62,0,191
13372.0,36,26,0,0,62,0,191
13373.0,36,26,0,0,62,0,191
13374.0,36,26,0,0,62,0,191
13375.0,36,26,0,0,62,0,191
13376.0,36,26,0,0,62,0,191
13377.0,36,26,0,0,62,0,191
13378.0,36,26,0,0,62,0,191
13379.0,36,26,0,0,62,0,191
13380.0,36,26,0,0,62,0,191
13381.0,36,26,0,0,62,0,191
13382.0,36,26,0,0,62,0,191
13383.0,36,26,0,0,62,0,191
13384.0,36,26,0,0,62,0,191
13385.0,36,26,0,0,62,0,191
13386.0,36,26,0,0,62,0,191
13387.0,36,26,0,0,62,0,191
13388.0,36,26,0,0,62,0,191
13389.0,36,26,0,0,62,0,191
13390.0,36,26,0,0,62,0,191
13391.0,36,26,0,0,62,0,191
13392.0,36,26,0,0,62,0,191
13393.0,36,26,0,0,62,0,191
13394.0,36,26,0,0,62,0,191
13395.0,36,26,0,0,62,0,191
13396.0,36,26,0,0,62,0,191
13397.0,36,26,0,0,62,0,191
13398.0,36,26,0,0,62,0,191
13399.0,36,26,0,0,62,0,191
13400.0,36,26,0,0,62,0,191
13401.0,36,26,0,0,62,0,191
13402.0,36,26,0,0,62,0,191
13403.0,36,26,0,0,62,0,191
13404.0,36,26,0,0,62,0,191
13405.0,36,26,0,0,62,0,191
13406.0,36,26,0,0,62,0,191
13407.0,36,26,0,0,62,0,191
13408.0,36,26,0,0,62,0,191
13409.0,36,26,0,0,62,0,191
13410.0,36,26,0,0,62,0,191
13411.0,36,26,0,0,62,0,191
13412.0,36,26,0,0,62,0,191
13413.0,36,26,0,0,62,0,191
13414.0,36,26,0,0,62,0,191
13415.0,36,26,0,0,62,0,191
13416.0,36,26,0,0,62,0,191
13417.0,36,26,0,0,62,0,191
13418.0,36,26,0,0,62,0,191
13419.0,36,26,0,0,62,0,191
13420.0,36,26,0,0,62,0,191
13421.0,36,26,0,0,62,0,191
13422.0,36,26,0,0,62,0,191
13423.0,36,26,0,0,62,0,191
13424.0,36,26,0,0,62,0,191
13425.0,36,26,0,0,62,0,191
13426.0,36,26,0,0,62,0,191
13427.0,36,26,0,0,62,0,191
13428.0,36,26,0,0,62,0,191
13429.0,36,26,0,0,62,0,191
13430.0,36,26,0,0,62,0,191
13431.0,36,26,0,0,62,0,191
13432.0,36,26,0,0,62,0,191
13433.0,36,26,0,0,62,0,191
13434.0,36,26,0,0,62,0,191
13435.0,36,26,0,0,62,0,191
13436.0,36,26,0,0,62,0,191
13437.0,36,26,0,0,62,0,191
13438.0,36,26,0,0,62,0,191
13439.0,36,26,0,0,62,0,191
13440.0,36,26,0,0,62,0,191
13441.0,36,26,0,0,62,0,191
13442.0,36,26,0,0,62,0,191
13443.0,36,26,0,0,62,0,191
13444.0,36,26,0,0,62,0,191
13445.0,36,26,0,0,62,0,191
13446.0,36,26,0,0,62,0,191
13447.0,36,26,0,0,62,0,191
13448.0,36,26,0,0,62,0,191
13449.0,36,26,0,0,62,0,191
13450.0,36,26,0,0,62,0,191
13451.0,36,26,0,0,62,0,191
13452.0,36,26,0,0,62,0,191
13453.0,36,26,0,0,62,0,191
13454.0,36,26,0,0,62,0,191
13455.0,36,26,0,0,62,0,191
13456.0,36,26,0,0,62,0,191
13457.0,36,26,0,0,62,0,191
13458.0,36,26,0,0,62,0,191
13459.0,36,26,0,0,62,0,191
13460.0,36,26,0,0,62,0,191
13461.0,36,26,0,0,62,0,191
13462.0,36,26,0,0,62,0,191
13463.0,36,26,0,0,62,0,191
13464.0,36,26,0,0,62,0,191
13465.0,36,26,0,0,62,0,191
13466.0,36,26,0,0,62,0,191
13467.0,36,26,0,0,62,0,191
13468.0,36,26,0,0,62,0,191
13469.0,36,26,0,0,62,0,191
13470.0,36,26,0,0,62,0,191
13471.0,36,26,0,0,62,0,191
13472.0,36,26,0,0,62,0,191
13473.0,36,26,0,0,62,0,191
13474.0,36,26,0,0,62,0,191
13475.0,36,26,0,0,62,0,191
13476.0,36,26,0,0,62,0,191
13477.0,36,26,0,0,62,0,191
13478.0,36,26,0,0,62,0,191
13479.0,36,26,0,0,62,0,191
13480.0,36,26,0,0,62,0,191
13481.0,36,26,0,0,62,0,191
13482.0,36,26,0,0,62,0,191
13483.0,36,26,0,0,62,0,191
13484.0,36,26,0,0,62,0,191
13485.0,36,26,0,0,62,0,191
13486.0,36,26,0,0,62,0,191
13487.0,36,26,0,0,62,0,191
13488.0,36,26,0,0,62,0,191
13489.0,36,26,0,0,62,0,191
13490.0,36,26,0,0,62,0,191
13491.0,36,26,0,0,62,0,191
13492.0,36,26,0,0,62,0,191
13493.0,36,26,0,0,62,0,191
13494.0,36,26,0,0,62,0,191
13495.0,36,26,0,0,62,0,191
13496.0,36,26,0,0,62,0,191
13497.0,36,26,0,0,62,0,191
13498.0,36,26,0,0,62,0,191
13499.0,36,26,0,0,62,0,191
13500.0,36,26,0,0,62,0,191
13501.0,36,26,0,0,62,0,191
13502.0,36,26,0,0,62,0,191
13503.0,36,26,0,0,62,0,191
13504.0,36,26,0,0,62,0,191
13505.0,36,26,0,0,62,0,191
13506.0,36,26,0,0,62,0,191
13507.0,36,26,0,0,62,0,191
13508.0,36,26,0,0,62,0,191
13509.0,36,26,0,0,62,0,191
13510.0,36,26,0,0,62,0,191
13511.0,36,26,0,0,62,0,191
13512.0,36,26,0,0,62,0,191
13513.0,36,26,0,0,62,0,191
13514.0,36,26,0,0,62,0,191
13515.0,36,26,0,0,62,0,191
13516.0,36,26,0,0,62,0,191
13517.0,36,26,0,0,62,0,191
13518.0,36,26,0,0,62,0,191
13519.0,36,26,0,0,62,0,191
13520.0,36,26,0,0,62,0,191
13521.0,36,26,0,0,62,0,191
13522.0,36,26,0,0,62,0,191
13523.0,36,26,0,0,62,0,191
13524.0,36,26,0,0,62,0,191
13525.0,36,26,0,0,62,0,191
13526.0,36,26,0,0,62,0,191
13527.0,36,26,0,0,62,0,191
13528.0,36,26,0,0,62,0,191
13529.0,36,26,0,0,62,0,191
13530.0,36,26,0,0,62,0,191
13531.0,36,26,0,0,62,0,191
13532.0,36,26,0,0,62,0,191
13533.0,36,26,0,0,62,0,191
13534.0,36,26,0,0,62,0,191
13535.0,36,26,0,0,62,0,191
13536.0,36,26,0,0,62,0,191
13537.0,36,26,0,0,62,0,191
13538.0,36,26,0,0,62,0,191
13539.0,36,26,0,0,62,0,191
13540.0,36,26,0,0,62,0,191
13541.0,36,26,0,0,62,0,191
13542.0,36,26,0,0,62,0,191
13543.0,36,26,0,0,62,0,191
13544.0,36,26,0,0,62,0,191
13545.0,36,26,0,0,62,0,191
13546.0,36,26,0,0,62,0,191
13547.0,36,26,0,0,62,0,191
13548.0,36,26,0,0,62,0,191
13549.0,36,26,0,0,62,0,191
13550.0,36,26,0,0,62,0,191
13551.0,36,26,0,0,62,0,191
13552.0,36,26,0,0,62,0,191
13553.0,36,26,0,0,62,0,191
13554.0,36,26,0,0,62,0,191
13555.0,36,26,0,0,62,0,191
13556.0,36,26,0,0,62,0,191
13557.0,36,26,0,0,62,0,191
13558.0,36,26,0,0,62,0,191
13559.0,36,26,0,0,62,0,191
13560.0,36,26,0,0,62,0,191
13561.0,36,26,0,0,62,0,191
13562.0,36,26,0,0,62,0,191
13563.0,36,26,0,0,62,0,191
13564.0,36,26,0,0,62,0,191
13565.0,36,26,0,0,62,0,191
13566.0,36,26,0,0,62,0,191
13567.0,36,26,0,0,62,0,191
13568.0,36,26,0,0,62,0,191
13569.0,36,26,0,0,62,0,191
13570.0,36,26,0,0,62,0,191
13571.0,36,26,0,0,62,0,191
13572.0,36,26,0,0,62,0,191
13573.0,36,26,0,0,62,0,191
13574.0,36,26,0,0,62,0,191
13575.0,36,26,0,0,62,0,191
13576.0,36,26,0,0,62,0,191
13577.0,36,26,0,0,62,0,191
13578.0,36,26,0,0,62,0,191
13579.0,36,26,0,0,62,0,191
13580.0,36,26,0,0,62,0,191
13581.0,36,26,0,0,62,0,191
13582.0,36,26,0,0,62,0,191
13583.0,36,26,0,0,62,0,191
13584.0,36,26,0,0,62,0,191
13585.0,36,26,0,0,62,0,191
13586.0,36,26,0,0,62,0,191
13587.0,36,26,0,0,62,0,191
13588.0,36,26,0,0,62,0,191
13589.0,36,26,0,0,62,0,191
13590.0,36,26,0,0,62,0,191
13591.0,36,26,0,0,62,0,191
13592.0,36,26,0,0,62,0,191
13593.0,36,26,0,0,62,0,191
13594.0,36,26,0,0,62,0,191
13595.0,36,26,0,0,62,0,191
13596.0,36,26,0,0,62,0,191
13597.0,36,26,0,0,62,0,191
13598.0,36,26,0,0,62,0,191
13599.0,36,26,0,0,62,0,191
13600.0,36,26,0,0,62,0,191
13601.0,36,26,0,0,62,0,191
13602.0,36,26,0,0,62,0,191
13603.0,36,26,0,0,62,0,191
13604.0,36,26,0,0,62,0,191
13605.0,36,26,0,0,62,0,191
13606.0,36,26,0,0,62,0,191
13607.0,36,26,0,0,62,0,191
13608.0,36,26,0,0,62,0,191
13609.0,36,26,0,0,62,0,191
13610.0,36,26,0,0,62,0,191
13611.0,36,26,0,0,62,0,191
13612.0,36,26,0,0,62,0,191
13613.0,36,26,0,0,62,0,191
13614.0,36,26,0,0,62,0,191
13615.0,36,26,0,0,62,0,191
13616.0,36,26,0,0,62,0,191
13617.0,36,26,0,0,62,0,191
13618.0,36,26,0,0,62,0,191
13619.0,36,26,0,0,62,0,191
13620.0,36,26,0,0,62,0,191
13621.0,36,26,0,0,62,0,191
13622.0,36,26,0,0,62,0,191
13623.0,36,26,0,0,62,0,191
13624.0,36,26,0,0,62,0,191
13625.0,36,26,0,0,62,0,191
13626.0,36,26,0,0,62,0,191
13627.0,36,26,0,0,62,0,191
13628.0,36,26,0,0,62,0,191
13629.0,36,26,0,0,62,0,191
13630.0,36,26,0,0,62,0,191
13631.0,36,26,0,0,62,0,191
13632.0,36,26,0,0,62,0,191
13633.0,36,26,0,0,62,0,191
13634.0,36,26,0,0,62,0,191
13635.0,36,26,0,0,62,0,191
13636.0,36,26,0,0,62,0,191
13637.0,36,26,0,0,62,0,191
13638.0,36,26,0,0,62,0,191
13639.0,36,26,0,0,62,0,191
13640.0,36,26,0,0,62,0,191
13641.0,36,26,0,0,62,0,191
13642.0,36,26,0,0,62,0,191
13643.0,36,26,0,0,62,0,191
13644.0,36,26,0,0,62,0,191
13645.0,36,26,0,0,62,0,191
13646.0,36,26,0,0,62,0,191
13647.0,36,26,0,0,62,0,191
13648.0,36,26,0,0,62,0,191
13649.0,36,26,0,0,62,0,191
13650.0,36,26,0,0,62,0,191
13651.0,36,26,0,0,62,0,191
13652.0,36,26,0,0,62,0,191
13653.0,36,26,0,0,62,0,191
13654.0,36,26,0,0,62,0,191
13655.0,36,26,0,0,62,0,191
13656.0,36,26,0,0,62,0,191
13657.0,36,26,0,0,62,0,191
13658.0,36,26,0,0,62,0,191
13659.0,36,26,0,0,62,0,191
13660.0,36,26,0,0,62,0,191
13661.0,36,26,0,0,62,0,191
13662.0,36,26,0,0,62,0,191
13663.0,36,26,0,0,62,0,191
13664.0,36,26,0,0,62,0,191
13665.0,36,26,0,0,62,0,191
13666.0,36,26,0,0,62,0,191
13667.0,36,26,0,0,62,0,191
13668.0,36,26,0,0,62,0,191
13669.0,36,26,0,0,62,0,191
13670.0,36,26,0,0,62,0,191
13671.0,36,26,0,0,62,0,191
13672.0,36,26,0,0,62,0,191
13673.0,36,26,0,0,62,0,191
13674.0,36,26,0,0,62,0,191
13675.0,36,26,0,0,62,0,191
13676.0,36,26,0,0,62,0,191
13677.0,36,26,0,0,62,0,191
13678.0,36,26,0,0,62,0,191
13679.0,36,26,0,0,62,0,191
13680.0,36,26,0,0,62,0,191
13681.0,36,26,0,0,62,0,191
13682.0,36,26,0,0,62,0,191
13683.0,36,26,0,0,62,0,191
13684.0,36,26,0,0,62,0,191
13685.0,36,26,0,0,62,0,191
13686.0,36,26,0,0,62,0,191
13687.0,36,26,0,0,62,0,191
13688.0,36,26,0,0,62,0,191
13689.0,36,26,0,0,62,0,191
13690.0,36,26,0,0,62,0,191
13691.0,36,26,0,0,62,0,191
13692.0,36,26,0,0,62,0,191
13693.0,36,26,0,0,62,0,191
13694.0,36,26,0,0,62,0,191
13695.0,36,26,0,0,62,0,191
13696.0,36,26,0,0,62,0,191
13697.0,36,26,0,0,62,0,191
13698.0,36,26,0,0,62,0,191
13699.0,36,26,0,0,62,0,191
13700.0,36,26,0,0,62,0,191
13701.0,36,26,0,0,62,0,191
13702.0,36,26,0,0,62,0,191
13703.0,36,26,0,0,62,0,191
13704.0,36,26,0,0,62,0,191
13705.0,36,26,0,0,62,0,191
13706.0,36,26,0,0,62,0,191
13707.0,36,26,0,0,62,0,191
13708.0,36,26,0,0,62,0,191
13709.0,36,26,0,0,62,0,191
13710.0,36,26,0,0,62,0,191
13711.0,36,26,0,0,62,0,191
13712.0,36,26,0,0,62,0,191
13713.0,36,26,0,0,62,0,191
13714.0,36,26,0,0,62,0,191
13715.0,36,26,0,0,62,0,191
13716.0,36,26,0,0,62,0,191
13717.0,36,26,0,0,62,0,191
13718.0,36,26,0,0,62,0,191
13719.0,36,26,0,0,62,0,191
13720.0,36,26,0,0,62,0,191
13721.0,36,26,0,0,62,0,191
13722.0,36,26,0,0,62,0,191
13723.0,36,26,0,0,62,0,191
13724.0,36,26,0,0,62,0,191
13725.0,36,26,0,0,62,0,191
13726.0,36,26,0,0,62,0,191
13727.0,36,26,0,0,62,0,191
13728.0,36,26,0,0,62,0,191
13729.0,36,26,0,0,62,0,191
13730.0,36,26,0,0,62,0,191
13731.0,36,26,0,0,62,0,191
13732.0,36,26,0,0,62,0,191
13733.0,36,26,0,0,62,0,191
13734.0,36,26,0,0,62,0,191
13735.0,36,26,0,0,62,0,191
13736.0,36,26,0,0,62,0,191
13737.0,36,26,0,0,62,0,191
13738.0,36,26,0,0,62,0,191
13739.0,36,26,0,0,62,0,191
13740.0,36,26,0,0,62,0,191
13741.0,36,26,0,0,62,0,191
13742.0,36,26,0,0,62,0,191
13743.0,36,26,0,0,62,0,191
13744.0,36,26,0,0,62,0,191
13745.0,36,26,0,0,62,0,191
13746.0,36,26,0,0,62,0,191
13747.0,36,26,0,0,62,0,191
13748.0,36,26,0,0,62,0,191
13749.0,36,26,0,0,62,0,191
13750.0,36,26,0,0,62,0,191
13751.0,36,26,0,0,62,0,191
13752.0,36,26,0,0,62,0,191
13753.0,36,26,0,0,62,0,191
13754.0,36,26,0,0,62,0,191
13755.0,36,26,0,0,62,0,191
13756.0,36,26,0,0,62,0,191
13757.0,36,26,0,0,62,0,191
13758.0,36,26,0,0,62,0,191
13759.0,36,26,0,0,62,0,191
13760.0,36,26,0,0,62,0,191
13761.0,36,26,0,0,62,0,191
13762.0,36,26,0,0,62,0,191
13763.0,36,26,0,0,62,0,191
13764.0,36,26,0,0,62,0,191
13765.0,36,26,0,0,62,0,191
13766.0,36,26,0,0,62,0,191
13767.0,36,26,0,0,62,0,191
13768.0,36,26,0,0,62,0,191
13769.0,36,26,0,0,62,0,191
13770.0,36,26,0,0,62,0,191
13771.0,36,26,0,0,62,0,191
13772.0,36,26,0,0,62,0,191
13773.0,36,26,0,0,62,0,191
13774.0,36,26,0,0,62,0,191
13775.0,36,26,0,0,62,0,191
13776.0,36,26,0,0,62,0,191
13777.0,36,26,0,0,62,0,191
13778.0,36,26,0,0,62,0,191
13779.0,36,26,0,0,62,0,191
13780.0,36,26,0,0,62,0,191
13781.0,36,26,0,0,62,0,191
13782.0,36,26,0,0,62,0,191
13783.0,36,26,0,0,62,0,191
13784.0,36,26,0,0,62,0,191
13785.0,36,26,0,0,62,0,191
13786.0,36,26,0,0,62,0,191
13787.0,36,26,0,0,62,0,191
13788.0,36,26,0,0,62,0,191
13789.0,36,26,0,0,62,0,191
13790.0,36,26,0,0,62,0,191
13791.0,36,26,0,0,62,0,191
13792.0,36,26,0,0,62,0,191
13793.0,36,26,0,0,62,0,191
13794.0,36,26,0,0,62,0,191
13795.0,36,26,0,0,62,0,191
13796.0,36,26,0,0,62,0,191
13797.0,36,26,0,0,62,0,191
13798.0,36,26,0,0,62,0,191
13799.0,36,26,0,0,62,0,191
13800.0,36,26,0,0,62,0,191
13801.0,36,26,0,0,62,0,191
13802.0,36,26,0,0,62,0,191
13803.0,36,26,0,0,62,0,191
13804.0,36,26,0,0,62,0,191
13805.0,36,26,0,0,62,0,191
13806.0,36,26,0,0,62,0,191
13807.0,36,26,0,0,62,0,191
13808.0,36,26,0,0,62,0,191
13809.0,36,26,0,0,62,0,191
13810.0,36,26,0,0,62,0,191
13811.0,36,26,0,0,62,0,191
13812.0,36,26,0,0,62,0,191
13813.0,36,26,0,0,62,0,191
13814.0,36,26,0,0,62,0,191
13815.0,36,26,0,0,62,0,191
13816.0,36,26,0,0,62,0,191
13817.0,36,26,0,0,62,0,191
13818.0,36,26,0,0,62,0,191
13819.0,36,26,0,0,62,0,191
13820.0,36,26,0,0,62,0,191
13821.0,36,26,0,0,62,0,191
13822.0,36,26,0,0,62,0,191
13823.0,36,26,0,0,62,0,191
13824.0,36,26,0,0,62,0,191
13825.0,36,26,0,0,62,0,191
13826.0,36,26,0,0,62,0,191
13827.0,36,26,0,0,62,0,191
13828.0,36,26,0,0,62,0,191
13829.0,36,26,0,0,62,0,191
13830.0,36,26,0,0,62,0,191
13831.0,36,26,0,0,62,0,191
13832.0,36,26,0,0,62,0,191
13833.0,36,26,0,0,62,0,191
13834.0,36,26,0,0,62,0,191
13835.0,36,26,0,0,62,0,191
13836.0,36,26,0,0,62,0,191
13837.0,36,26,0,0,62,0,191
13838.0,36,26,0,0,62,0,191
13839.0,36,26,0,0,62,0,191
13840.0,36,26,0,0,62,0,191
13841.0,36,26,0,0,62,0,191
13842.0,36,26,0,0,62,0,191
13843.0,36,26,0,0,62,0,191
13844.0,36,26,0,0,62,0,191
13845.0,36,26,0,0,62,0,191
13846.0,36,26,0,0,62,0,191
13847.0,36,26,0,0,62,0,191
13848.0,36,26,0,0,62,0,191
13849.0,36,26,0,0,62,0,191
13850.0,36,26,0,0,62,0,191
13851.0,36,26,0,0,62,0,191
13852.0,36,26,0,0,62,0,191
13853.0,36,26,0,0,62,0,191
13854.0,36,26,0,0,62,0,191
13855.0,36,26,0,0,62,0,191
13856.0,36,26,0,0,62,0,191
13857.0,36,26,0,0,62,0,191
13858.0,36,26,0,0,62,0,191
13859.0,36,26,0,0,62,0,191
13860.0,36,26,0,0,62,0,191
13861.0,36,26,0,0,62,0,191
13862.0,36,26,0,0,62,0,191
13863.0,36,26,0,0,62,0,191
13864.0,36,26,0,0,62,0,191
13865.0,36,26,0,0,62,0,191
13866.0,36,26,0,0,62,0,191
13867.0,36,26,0,0,62,0,191
13868.0,36,26,0,0,62,0,191
13869.0,36,26,0,0,62,0,191
13870.0,36,26,0,0,62,0,191
13871.0,36,26,0,0,62,0,191
13872.0,36,26,0,0,62,0,191
13873.0,36,26,0,0,62,0,191
13874.0,36,26,0,0,62,0,191
13875.0,36,26,0,0,62,0,191
13876.0,36,26,0,0,62,0,191
13877.0,36,26,0,0,62,0,191
13878.0,36,26,0,0,62,0,191
13879.0,36,26,0,0,62,0,191
13880.0,36,26,0,0,62,0,191
13881.0,36,26,0,0,62,0,191
13882.0,36,26,0,0,62,0,191
13883.0,36,26,0,0,62,0,191
13884.0,36,26,0,0,62,0,191
13885.0,36,26,0,0,62,0,191
13886.0,36,26,0,0,62,0,191
13887.0,36,26,0,0,62,0,191
13888.0,36,26,0,0,62,0,191
13889.0,36,26,0,0,62,0,191
13890.0,36,26,0,0,62,0,191
13891.0,36,26,0,0,62,0,191
13892.0,36,26,0,0,62,0,191
13893.0,36,26,0,0,62,0,191
13894.0,36,26,0,0,62,0,191
13895.0,36,26,0,0,62,0,191
13896.0,36,26,0,0,62,0,191
13897.0,36,26,0,0,62,0,191
13898.0,36,26,0,0,62,0,191
13899.0,36,26,0,0,62,0,191
13900.0,36,26,0,0,62,0,191
13901.0,36,26,0,0,62,0,191
13902.0,36,26,0,0,62,0,191
13903.0,36,26,0,0,62,0,191
13904.0,36,26,0,0,62,0,191
13905.0,36,26,0,0,62,0,191
13906.0,36,26,0,0,62,0,191
13907.0,36,26,0,0,62,0,191
13908.0,36,26,0,0,62,0,191
13909.0,36,26,0,0,62,0,191
13910.0,36,26,0,0,62,0,191
13911.0,36,26,0,0,62,0,191
13912.0,36,26,0,0,62,0,191
13913.0,36,26,0,0,62,0,191
13914.0,36,26,0,0,62,0,191
13915.0,36,26,0,0,62,0,191
13916.0,36,26,0,0,62,0,191
13917.0,36,26,0,0,62,0,191
13918.0,36,26,0,0,62,0,191
13919.0,36,26,0,0,62,0,191
13920.0,36,26,0,0,62,0,191
13921.0,36,26,0,0,62,0,191
13922.0,36,26,0,0,62,0,191
13923.0,36,26,0,0,62,0,191
13924.0,36,26,0,0,62,0,191
13925.0,36,26,0,0,62,0,191
13926.0,36,26,0,0,62,0,191
13927.0,36,26,0,0,62,0,191
13928.0,36,26,0,0,62,0,191
13929.0,36,26,0,0,62,0,191
13930.0,36,26,0,0,62,0,191
13931.0,36,26,0,0,62,0,191
13932.0,36,26,0,0,62,0,191
13933.0,36,26,0,0,62,0,191
13934.0,36,26,0,0,62,0,191
13935.0,36,26,0,0,62,0,191
13936.0,36,26,0,0,62,0,191
13937.0,36,26,0,0,62,0,191
13938.0,36,26,0,0,62,0,191
13939.0,36,26,0,0,62,0,191
13940.0,36,26,0,0,62,0,191
13941.0,36,26,0,0,62,0,191
13942.0,36,26,0,0,62,0,191
13943.0,36,26,0,0,62,0,191
13944.0,36,26,0,0,62,0,191
13945.0,36,26,0,0,62,0,191
13946.0,36,26,0,0,62,0,191
13947.0,36,26,0,0,62,0,191
13948.0,36,26,0,0,62,0,191
13949.0,36,26,0,0,62,0,191
13950.0,36,26,0,0,62,0,191
13951.0,36,26,0,0,62,0,191
13952.0,36,26,0,0,62,0,191
13953.0,36,26,0,0,62,0,191
13954.0,36,26,0,0,62,0,191
13955.0,36,26,0,0,62,0,191
13956.0,36,26,0,0,62,0,191
13957.0,36,26,0,0,62,0,191
13958.0,36,26,0,0,62,0,191
13959.0,36,26,0,0,62,0,191
13960.0,36,26,0,0,62,0,191
13961.0,36,26,0,0,62,0,191
13962.0,36,26,0,0,62,0,191
13963.0,36,26,0,0,62,0,191
13964.0,36,26,0,0,62,0,191
13965.0,36,26,0,0,62,0,191
13966.0,36,26,0,0,62,0,191
13967.0,36,26,0,0,62,0,191
13968.0,36,26,0,0,62,0,191
13969.0,36,26,0,0,62,0,191
13970.0,36,26,0,0,62,0,191
13971.0,36,26,0,0,62,0,191
13972.0,36,26,0,0,62,0,191
13973.0,36,26,0,0,62,0,191
13974.0,36,26,0,0,62,0,191
13975.0,36,26,0,0,62,0,191
13976.0,36,26,0,0,62,0,191
13977.0,36,26,0,0,62,0,191
13978.0,36,26,0,0,62,0,191
13979.0,36,26,0,0,62,0,191
13980.0,36,26,0,0,62,0,191
13981.0,36,26,0,0,62,0,191
13982.0,36,26,0,0,62,0,191
13983.0,36,26,0,0,62,0,191
13984.0,36,26,0,0,62,0,191
13985.0,36,26,0,0,62,0,191
13986.0,36,26,0,0,62,0,191
13987.0,36,26,0,0,62,0,191
13988.0,36,26,0,0,62,0,191
13989.0,36,26,0,0,62,0,191
13990.0,36,26,0,0,62,0,191
13991.0,36,26,0,0,62,0,191
13992.0,36,26,0,0,62,0,191
13993.0,36,26,0,0,62,0,191
13994.0,36,26,0,0,62,0,191
13995.0,36,26,0,0,62,0,191
13996.0,36,26,0,0,62,0,191
13997.0,36,26,0,0,62,0,191
13998.0,36,26,0,0,62,0,191
13999.0,36,26,0,0,62,0,191
14000.0,36,26,0,0,62,0,191
14001.0,36,26,0,0,62,0,191
14002.0,36,26,0,0,62,0,191
14003.0,36,26,0,0,62,0,191
14004.0,36,26,0,0,62,0,191
14005.0,36,26,0,0,62,0,191
14006.0,36,26,0,0,62,0,191
14007.0,36,26,0,0,62,0,191
14008.0,36,26,0,0,62,0,191
14009.0,36,26,0,0,62,0,191
14010.0,36,26,0,0,62,0,191
14011.0,36,26,0,0,62,0,191
14012.0,36,26,0,0,62,0,191
14013.0,36,26,0,0,62,0,191
14014.0,36,26,0,0,62,0,191
14015.0,36,26,0,0,62,0,191
14016.0,36,26,0,0,62,0,191
14017.0,36,26,0,0,62,0,191
14018.0,36,26,0,0,62,0,191
14019.0,36,26,0,0,62,0,191
14020.0,36,26,0,0,62,0,191
14021.0,36,26,0,0,62,0,191
14022.0,36,26,0,0,62,0,191
14023.0,36,26,0,0,62,0,191
14024.0,36,26,0,0,62,0,191
14025.0,36,26,0,0,62,0,191
14026.0,36,26,0,0,62,0,191
14027.0,36,26,0,0,62,0,191
14028.0,36,26,0,0,62,0,191
14029.0,36,26,0,0,62,0,191
14030.0,36,26,0,0,62,0,191
14031.0,36,26,0,0,62,0,191
14032.0,36,26,0,0,62,0,191
14033.0,36,26,0,0,62,0,191
14034.0,36,26,0,0,62,0,191
14035.0,36,26,0,0,62,0,191
14036.0,36,26,0,0,62,0,191
14037.0,36,26,0,0,62,0,191
14038.0,36,26,0,0,62,0,191
14039.0,36,26,0,0,62,0,191
14040.0,36,26,0,0,62,0,191
14041.0,36,26,0,0,62,0,191
14042.0,36,26,0,0,62,0,191
14043.0,36,26,0,0,62,0,191
14044.0,36,26,0,0,62,0,191
14045.0,36,26,0,0,62,0,191
14046.0,36,26,0,0,62,0,191
14047.0,36,26,0,0,62,0,191
14048.0,36,26,0,0,62,0,191
14049.0,36,26,0,0,62,0,191
14050.0,36,26,0,0,62,0,191
14051.0,36,26,0,0,62,0,191
14052.0,36,26,0,0,62,0,191
14053.0,36,26,0,0,62,0,191
14054.0,36,26,0,0,62,0,191
14055.0,36,26,0,0,62,0,191
14056.0,36,26,0,0,62,0,191
14057.0,36,26,0,0,62,0,191
14058.0,36,26,0,0,62,0,191
14059.0,36,26,0,0,62,0,191
14060.0,36,26,0,0,62,0,191
14061.0,36,26,0,0,62,0,191
14062.0,36,26,0,0,62,0,191
14063.0,36,26,0,0,62,0,191
14064.0,36,26,0,0,62,0,191
14065.0,36,26,0,0,62,0,191
14066.0,36,26,0,0,62,0,191
14067.0,36,26,0,0,62,0,191
14068.0,36,26,0,0,62,0,191
14069.0,36,26,0,0,62,0,191
14070.0,36,26,0,0,62,0,191
14071.0,36,26,0,0,62,0,191
14072.0,36,26,0,0,62,0,191
14073.0,36,26,0,0,62,0,191
14074.0,36,26,0,0,62,0,191
14075.0,36,26,0,0,62,0,191
14076.0,36,26,0,0,62,0,191
14077.0,36,26,0,0,62,0,191
14078.0,36,26,0,0,62,0,191
14079.0,36,26,0,0,62,0,191
14080.0,36,26,0,0,62,0,191
14081.0,36,26,0,0,62,0,191
14082.0,36,26,0,0,62,0,191
14083.0,36,26,0,0,62,0,191
14084.0,36,26,0,0,62,0,191
14085.0,36,26,0,0,62,0,191
14086.0,36,26,0,0,62,0,191
14087.0,36,26,0,0,62,0,191
14088.0,36,26,0,0,62,0,191
14089.0,36,26,0,0,62,0,191
14090.0,36,26,0,0,62,0,191
14091.0,36,26,0,0,62,0,191
14092.0,36,26,0,0,62,0,191
14093.0,36,26,0,0,62,0,191
14094.0,36,26,0,0,62,0,191
14095.0,36,26,0,0,62,0,191
14096.0,36,26,0,0,62,0,191
14097.0,36,26,0,0,62,0,191
14098.0,36,26,0,0,62,0,191
14099.0,36,26,0,0,62,0,191
14100.0,36,26,0,0,62,0,191
14101.0,36,26,0,0,62,0,191
14102.0,36,26,0,0,62,0,191
14103.0,36,26,0,0,62,0,191
14104.0,36,26,0,0,62,0,191
14105.0,36,26,0,0,62,0,191
14106.0,36,26,0,0,62,0,191
14107.0,36,26,0,0,62,0,191
14108.0,36,26,0,0,62,0,191
14109.0,36,26,0,0,62,0,191
14110.0,36,26,0,0,62,0,191
14111.0,36,26,0,0,62,0,191
14112.0,36,26,0,0,62,0,191
14113.0,36,26,0,0,62,0,191
14114.0,36,26,0,0,62,0,191
14115.0,36,26,0,0,62,0,191
14116.0,36,26,0,0,62,0,191
14117.0,36,26,0,0,62,0,191
14118.0,36,26,0,0,62,0,191
14119.0,36,26,0,0,62,0,191
14120.0,36,26,0,0,62,0,191
14121.0,36,26,0,0,62,0,191
14122.0,36,26,0,0,62,0,191
14123.0,36,26,0,0,62,0,191
14124.0,36,26,0,0,62,0,191
14125.0,36,26,0,0,62,0,191
14126.0,36,26,0,0,62,0,191
14127.0,36,26,0,0,62,0,191
14128.0,36,26,0,0,62,0,191
14129.0,36,26,0,0,62,0,191
14130.0,36,26,0,0,62,0,191
14131.0,36,26,0,0,62,0,191
14132.0,36,26,0,0,62,0,191
14133.0,36,26,0,0,62,0,191
14134.0,36,26,0,0,62,0,191
14135.0,36,26,0,0,62,0,191
14136.0,36,26,0,0,62,0,191
14137.0,36,26,0,0,62,0,191
14138.0,36,26,0,0,62,0,191
14139.0,36,26,0,0,62,0,191
14140.0,36,26,0,0,62,0,191
14141.0,36,26,0,0,62,0,191
14142.0,36,26,0,0,62,0,191
14143.0,36,26,0,0,62,0,191
14144.0,36,26,0,0,62,0,191
14145.0,36,26,0,0,62,0,191
14146.0,36,26,0,0,62,0,191
14147.0,36,26,0,0,62,0,191
14148.0,36,26,0,0,62,0,191
14149.0,36,26,0,0,62,0,191
14150.0,36,26,0,0,62,0,191
14151.0,36,26,0,0,62,0,191
14152.0,36,26,0,0,62,0,191
14153.0,36,26,0,0,62,0,191
14154.0,36,26,0,0,62,0,191
14155.0,36,26,0,0,62,0,191
14156.0,36,26,0,0,62,0,191
14157.0,36,26,0,0,62,0,191
14158.0,36,26,0,0,62,0,191
14159.0,36,26,0,0,62,0,191
14160.0,36,26,0,0,62,0,191
14161.0,36,26,0,0,62,0,191
14162.0,36,26,0,0,62,0,191
14163.0,36,26,0,0,62,0,191
14164.0,36,26,0,0,62,0,191
14165.0,36,26,0,0,62,0,191
14166.0,36,26,0,0,62,0,191
14167.0,36,26,0,0,62,0,191
14168.0,36,26,0,0,62,0,191
14169.0,36,26,0,0,62,0,191
14170.0,36,26,0,0,62,0,191
14171.0,36,26,0,0,62,0,191
14172.0,36,26,0,0,62,0,191
14173.0,36,26,0,0,62,0,191
14174.0,36,26,0,0,62,0,191
14175.0,36,26,0,0,62,0,191
14176.0,36,26,0,0,62,0,191
14177.0,36,26,0,0,62,0,191
14178.0,36,26,0,0,62,0,191
14179.0,36,26,0,0,62,0,191
14180.0,36,26,0,0,62,0,191
14181.0,36,26,0,0,62,0,191
14182.0,36,26,0,0,62,0,191
14183.0,36,26,0,0,62,0,191
14184.0,36,26,0,0,62,0,191
14185.0,36,26,0,0,62,0,191
14186.0,36,26,0,0,62,0,191
14187.0,36,26,0,0,62,0,191
14188.0,36,26,0,0,62,0,191
14189.0,36,26,0,0,62,0,191
14190.0,36,26,0,0,62,0,191
14191.0,36,26,0,0,62,0,191
14192.0,36,26,0,0,62,0,191
14193.0,36,26,0,0,62,0,191
14194.0,36,26,0,0,62,0,191
14195.0,36,26,0,0,62,0,191
14196.0,36,26,0,0,62,0,191
14197.0,36,26,0,0,62,0,191
14198.0,36,26,0,0,62,0,191
14199.0,36,26,0,0,62,0,191
14200.0,36,26,0,0,62,0,191
14201.0,36,26,0,0,62,0,191
14202.0,36,26,0,0,62,0,191
14203.0,36,26,0,0,62,0,191
14204.0,36,26,0,0,62,0,191
14205.0,36,26,0,0,62,0,191
14206.0,36,26,0,0,62,0,191
14207.0,36,26,0,0,62,0,191
14208.0,36,26,0,0,62,0,191
14209.0,36,26,0,0,62,0,191
14210.0,36,26,0,0,62,0,191
14211.0,36,26,0,0,62,0,191
14212.0,36,26,0,0,62,0,191
14213.0,36,26,0,0,62,0,191
14214.0,36,26,0,0,62,0,191
14215.0,36,26,0,0,62,0,191
14216.0,36,26,0,0,62,0,191
14217.0,36,26,0,0,62,0,191
14218.0,36,26,0,0,62,0,191
14219.0,36,26,0,0,62,0,191
14220.0,36,26,0,0,62,0,191
14221.0,36,26,0,0,62,0,191
14222.0,36,26,0,0,62,0,191
14223.0,36,26,0,0,62,0,191
14224.0,36,26,0,0,62,0,191
14225.0,36,26,0,0,62,0,191
14226.0,36,26,0,0,62,0,191
14227.0,36,26,0,0,62,0,191
14228.0,36,26,0,0,62,0,191
14229.0,36,26,0,0,62,0,191
14230.0,36,26,0,0,62,0,191
14231.0,36,26,0,0,62,0,191
14232.0,36,26,0,0,62,0,191
14233.0,36,26,0,0,62,0,191
14234.0,36,26,0,0,62,0,191
14235.0,36,26,0,0,62,0,191
14236.0,36,26,0,0,62,0,191
14237.0,36,26,0,0,62,0,191
14238.0,36,26,0,0,62,0,191
14239.0,36,26,0,0,62,0,191
14240.0,36,26,0,0,62,0,191
14241.0,36,26,0,0,62,0,191
14242.0,36,26,0,0,62,0,191
14243.0,36,26,0,0,62,0,191
14244.0,36,26,0,0,62,0,191
14245.0,36,26,0,0,62,0,191
14246.0,36,26,0,0,62,0,191
14247.0,36,26,0,0,62,0,191
14248.0,36,26,0,0,62,0,191
14249.0,36,26,0,0,62,0,191
14250.0,36,26,0,0,62,0,191
14251.0,36,26,0,0,62,0,191
14252.0,36,26,0,0,62,0,191
14253.0,36,26,0,0,62,0,191
14254.0,36,26,0,0,62,0,191
14255.0,36,26,0,0,62,0,191
14256.0,36,26,0,0,62,0,191
14257.0,36,26,0,0,62,0,191
14258.0,36,26,0,0,62,0,191
14259.0,36,26,0,0,62,0,191
14260.0,36,26,0,0,62,0,191
14261.0,36,26,0,0,62,0,191
14262.0,36,26,0,0,62,0,191
14263.0,36,26,0,0,62,0,191
14264.0,36,26,0,0,62,0,191
14265.0,36,26,0,0,62,0,191
14266.0,36,26,0,0,62,0,191
14267.0,36,26,0,0,62,0,191
14268.0,36,26,0,0,62,0,191
14269.0,36,26,0,0,62,0,191
14270.0,36,26,0,0,62,0,191
14271.0,36,26,0,0,62,0,191
14272.0,36,26,0,0,62,0,191
14273.0,36,26,0,0,62,0,191
14274.0,36,26,0,0,62,0,191
14275.0,36,26,0,0,62,0,191
14276.0,36,26,0,0,62,0,191
14277.0,36,26,0,0,62,0,191
14278.0,36,26,0,0,62,0,191
14279.0,36,26,0,0,62,0,191
14280.0,36,26,0,0,62,0,191
14281.0,36,26,0,0,62,0,191
14282.0,36,26,0,0,62,0,191
14283.0,36,26,0,0,62,0,191
14284.0,36,26,0,0,62,0,191
14285.0,36,26,0,0,62,0,191
14286.0,36,26,0,0,62,0,191
14287.0,36,26,0,0,62,0,191
14288.0,36,26,0,0,62,0,191
14289.0,36,26,0,0,62,0,191
14290.0,36,26,0,0,62,0,191
14291.0,36,26,0,0,62,0,191
14292.0,36,26,0,0,62,0,191
14293.0,36,26,0,0,62,0,191
14294.0,36,26,0,0,62,0,191
14295.0,36,26,0,0,62,0,191
14296.0,36,26,0,0,62,0,191
14297.0,36,26,0,0,62,0,191
14298.0,36,26,0,0,62,0,191
14299.0,36,26,0,0,62,0,191
14300.0,36,26,0,0,62,0,191
14301.0,36,26,0,0,62,0,191
14302.0,36,26,0,0,62,0,191
14303.0,36,26,0,0,62,0,191
14304.0,36,26,0,0,62,0,191
14305.0,36,26,0,0,62,0,191
14306.0,36,26,0,0,62,0,191
14307.0,36,26,0,0,62,0,191
14308.0,36,26,0,0,62,0,191
14309.0,36,26,0,0,62,0,191
14310.0,36,26,0,0,62,0,191
14311.0,36,26,0,0,62,0,191
14312.0,36,26,0,0,62,0,191
14313.0,36,26,0,0,62,0,191
14314.0,36,26,0,0,62,0,191
14315.0,36,26,0,0,62,0,191
14316.0,36,26,0,0,62,0,191
14317.0,36,26,0,0,62,0,191
14318.0,36,26,0,0,62,0,191
14319.0,36,26,0,0,62,0,191
14320.0,36,26,0,0,62,0,191
14321.0,36,26,0,0,62,0,191
14322.0,36,26,0,0,62,0,191
14323.0,36,26,0,0,62,0,191
14324.0,36,26,0,0,62,0,191
14325.0,36,26,0,0,62,0,191
14326.0,36,26,0,0,62,0,191
14327.0,36,26,0,0,62,0,191
14328.0,36,26,0,0,62,0,191
14329.0,36,26,0,0,62,0,191
14330.0,36,26,0,0,62,0,191
14331.0,36,26,0,0,62,0,191
14332.0,36,26,0,0,62,0,191
14333.0,36,26,0,0,62,0,191
14334.0,36,26,0,0,62,0,191
14335.0,36,26,0,0,62,0,191
14336.0,36,26,0,0,62,0,191
14337.0,36,26,0,0,62,0,191
14338.0,36,26,0,0,62,0,191
14339.0,36,26,0,0,62,0,191
14340.0,36,26,0,0,62,0,191
14341.0,36,26,0,0,62,0,191
14342.0,36,26,0,0,62,0,191
14343.0,36,26,0,0,62,0,191
14344.0,36,26,0,0,62,0,191
14345.0,36,26,0,0,62,0,191
14346.0,36,26,0,0,62,0,191
14347.0,36,26,0,0,62,0,191
14348.0,36,26,0,0,62,0,191
14349.0,36,26,0,0,62,0,191
14350.0,36,26,0,0,62,0,191
14351.0,36,26,0,0,62,0,191
14352.0,36,26,0,0,62,0,191
14353.0,36,26,0,0,62,0,191
14354.0,36,26,0,0,62,0,191
14355.0,36,26,0,0,62,0,191
14356.0,36,26,0,0,62,0,191
14357.0,36,26,0,0,62,0,191
14358.0,36,26,0,0,62,0,191
14359.0,36,26,0,0,62,0,191
14360.0,36,26,0,0,62,0,191
14361.0,36,26,0,0,62,0,191
14362.0,36,26,0,0,62,0,191
14363.0,36,26,0,0,62,0,191
14364.0,36,26,0,0,62,0,191
14365.0,36,26,0,0,62,0,191
14366.0,36,26,0,0,62,0,191
14367.0,36,26,0,0,62,0,191
14368.0,36,26,0,0,62,0,191
14369.0,36,26,0,0,62,0,191
14370.0,36,26,0,0,62,0,191
14371.0,36,26,0,0,62,0,191
14372.0,36,26,0,0,62,0,191
14373.0,36,26,0,0,62,0,191
14374.0,36,26,0,0,62,0,191
14375.0,36,26,0,0,62,0,191
14376.0,36,26,0,0,62,0,191
14377.0,36,26,0,0,62,0,191
14378.0,36,26,0,0,62,0,191
14379.0,36,26,0,0,62,0,191
14380.0,36,26,0,0,62,0,191
14381.0,36,26,0,0,62,0,191
14382.0,36,26,0,0,62,0,191
14383.0,36,26,0,0,62,0,191
14384.0,36,26,0,0,62,0,191
14385.0,36,26,0,0,62,0,191
14386.0,36,26,0,0,62,0,191
14387.0,36,26,0,0,62,0,191
14388.0,36,26,0,0,62,0,191
14389.0,36,26,0,0,62,0,191
14390.0,36,26,0,0,62,0,191
14391.0,36,26,0,0,62,0,191
14392.0,36,26,0,0,62,0,191
14393.0,36,26,0,0,62,0,191
14394.0,36,26,0,0,62,0,191
14395.0,36,26,0,0,62,0,191
14396.0,36,26,0,0,62,0,191
14397.0,36,26,0,0,62,0,191
14398.0,36,26,0,0,62,0,191
14399.0,36,26,0,0,62,0,191
14400.0,36,26,0,0,62,0,191
14401.0,36,26,0,0,62,0,191
14402.0,36,26,0,0,62,0,191
14403.0,36,26,0,0,62,0,191
14404.0,36,26,0,0,62,0,191
14405.0,36,26,0,0,62,0,191
14406.0,36,26,0,0,62,0,191
14407.0,36,26,0,0,62,0,191
14408.0,36,26,0,0,62,0,191
14409.0,36,26,0,0,62,0,191
14410.0,36,26,0,0,62,0,191
14411.0,36,26,0,0,62,0,191
14412.0,36,26,0,0,62,0,191
14413.0,36,26,0,0,62,0,191
14414.0,36,26,0,0,62,0,191
14415.0,36,26,0,0,62,0,191
14416.0,36,26,0,0,62,0,191
14417.0,36,26,0,0,62,0,191
14418.0,36,26,0,0,62,0,191
14419.0,36,26,0,0,62,0,191
14420.0,36,26,0,0,62,0,191
14421.0,36,26,0,0,62,0,191
14422.0,36,26,0,0,62,0,191
14423.0,36,26,0,0,62,0,191
14424.0,36,26,0,0,62,0,191
14425.0,36,26,0,0,62,0,191
14426.0,36,26,0,0,62,0,191
14427.0,36,26,0,0,62,0,191
14428.0,36,26,0,0,62,0,191
14429.0,36,26,0,0,62,0,191
14430.0,36,26,0,0,62,0,191
14431.0,36,26,0,0,62,0,191
14432.0,36,26,0,0,62,0,191
14433.0,36,26,0,0,62,0,191
14434.0,36,26,0,0,62,0,191
14435.0,36,26,0,0,62,0,191
14436.0,36,26,0,0,62,0,191
14437.0,36,26,0,0,62,0,191
14438.0,36,26,0,0,62,0,191
14439.0,36,26,0,0,62,0,191
14440.0,36,26,0,0,62,0,191
14441.0,36,26,0,0,62,0,191
14442.0,36,26,0,0,62,0,191
14443.0,36,26,0,0,62,0,191
14444.0,36,26,0,0,62,0,191
14445.0,36,26,0,0,62,0,191
14446.0,36,26,0,0,62,0,191
14447.0,36,26,0,0,62,0,191
14448.0,36,26,0,0,62,0,191
14449.0,36,26,0,0,62,0,191
14450.0,36,26,0,0,62,0,191
14451.0,36,26,0,0,62,0,191
14452.0,36,26,0,0,62,0,191
14453.0,36,26,0,0,62,0,191
14454.0,36,26,0,0,62,0,191
14455.0,36,26,0,0,62,0,191
14456.0,36,26,0,0,62,0,191
14457.0,36,26,0,0,62,0,191
14458.0,36,26,0,0,62,0,191
14459.0,36,26,0,0,62,0,191
14460.0,36,26,0,0,62,0,191
14461.0,36,26,0,0,62,0,191
14462.0,36,26,0,0,62,0,191
14463.0,36,26,0,0,62,0,191
14464.0,36,26,0,0,62,0,191
14465.0,36,26,0,0,62,0,191
14466.0,36,26,0,0,62,0,191
14467.0,36,26,0,0,62,0,191
14468.0,36,26,0,0,62,0,191
14469.0,36,26,0,0,62,0,191
14470.0,36,26,0,0,62,0,191
14471.0,36,26,0,0,62,0,191
14472.0,36,26,0,0,62,0,191
14473.0,36,26,0,0,62,0,191
14474.0,36,26,0,0,62,0,191
14475.0,36,26,0,0,62,0,191
14476.0,36,26,0,0,62,0,191
14477.0,36,26,0,0,62,0,191
14478.0,36,26,0,0,62,0,191
14479.0,36,26,0,0,62,0,191
14480.0,36,26,0,0,62,0,191
14481.0,36,26,0,0,62,0,191
14482.0,36,26,0,0,62,0,191
14483.0,36,26,0,0,62,0,191
14484.0,36,26,0,0,62,0,191
14485.0,36,26,0,0,62,0,191
14486.0,36,26,0,0,62,0,191
14487.0,36,26,0,0,62,0,191
14488.0,36,26,0,0,62,0,191
14489.0,36,26,0,0,62,0,191
14490.0,36,26,0,0,62,0,191
14491.0,36,26,0,0,62,0,191
14492.0,36,26,0,0,62,0,191
14493.0,36,26,0,0,62,0,191
14494.0,36,26,0,0,62,0,191
14495.0,36,26,0,0,62,0,191
14496.0,36,26,0,0,62,0,191
14497.0,36,26,0,0,62,0,191
14498.0,36,26,0,0,62,0,191
14499.0,36,26,0,0,62,0,191
14500.0,36,26,0,0,62,0,191
14501.0,36,26,0,0,62,0,191
14502.0,36,26,0,0,62,0,191
14503.0,36,26,0,0,62,0,191
14504.0,36,26,0,0,62,0,191
14505.0,36,26,0,0,62,0,191
14506.0,36,26,0,0,62,0,191
14507.0,36,26,0,0,62,0,191
14508.0,36,26,0,0,62,0,191
14509.0,36,26,0,0,62,0,191
14510.0,36,26,0,0,62,0,191
14511.0,36,26,0,0,62,0,191
14512.0,36,26,0,0,62,0,191
14513.0,36,26,0,0,62,0,191
14514.0,36,26,0,0,62,0,191
14515.0,36,26,0,0,62,0,191
14516.0,36,26,0,0,62,0,191
14517.0,36,26,0,0,62,0,191
14518.0,36,26,0,0,62,0,191
14519.0,36,26,0,0,62,0,191
14520.0,36,26,0,0,62,0,191
14521.0,36,26,0,0,62,0,191
14522.0,36,26,0,0,62,0,191
14523.0,36,26,0,0,62,0,191
14524.0,36,26,0,0,62,0,191
14525.0,36,26,0,0,62,0,191
14526.0,36,26,0,0,62,0,191
14527.0,36,26,0,0,62,0,191
14528.0,36,26,0,0,62,0,191
14529.0,36,26,0,0,62,0,191
14530.0,36,26,0,0,62,0,191
14531.0,36,26,0,0,62,0,191
14532.0,36,26,0,0,62,0,191
14533.0,36,26,0,0,62,0,191
14534.0,36,26,0,0,62,0,191
14535.0,36,26,0,0,62,0,191
14536.0,36,26,0,0,62,0,191
14537.0,36,26,0,0,62,0,191
14538.0,36,26,0,0,62,0,191
14539.0,36,26,0,0,62,0,191
14540.0,36,26,0,0,62,0,191
14541.0,36,26,0,0,62,0,191
14542.0,36,26,0,0,62,0,191
14543.0,36,26,0,0,62,0,191
14544.0,36,26,0,0,62,0,191
14545.0,36,26,0,0,62,0,191
14546.0,36,26,0,0,62,0,191
14547.0,36,26,0,0,62,0,191
14548.0,36,26,0,0,62,0,191
14549.0,36,26,0,0,62,0,191
14550.0,36,26,0,0,62,0,191
14551.0,36,26,0,0,62,0,191
14552.0,36,26,0,0,62,0,191
14553.0,36,26,0,0,62,0,191
14554.0,36,26,0,0,62,0,191
14555.0,36,26,0,0,62,0,191
14556.0,36,26,0,0,62,0,191
14557.0,36,26,0,0,62,0,191
14558.0,36,26,0,0,62,0,191
14559.0,36,26,0,0,62,0,191
14560.0,36,26,0,0,62,0,191
14561.0,36,26,0,0,62,0,191
14562.0,36,26,0,0,62,0,191
14563.0,36,26,0,0,62,0,191
14564.0,36,26,0,0,62,0,191
14565.0,36,26,0,0,62,0,191
14566.0,36,26,0,0,62,0,191
14567.0,36,26,0,0,62,0,191
14568.0,36,26,0,0,62,0,191
14569.0,36,26,0,0,62,0,191
14570.0,36,26,0,0,62,0,191
14571.0,36,26,0,0,62,0,191
14572.0,36,26,0,0,62,0,191
14573.0,36,26,0,0,62,0,191
14574.0,36,26,0,0,62,0,191
14575.0,36,26,0,0,62,0,191
14576.0,36,26,0,0,62,0,191
14577.0,36,26,0,0,62,0,191
14578.0,36,26,0,0,62,0,191
14579.0,36,26,0,0,62,0,191
14580.0,36,26,0,0,62,0,191
14581.0,36,26,0,0,62,0,191
14582.0,36,26,0,0,62,0,191
14583.0,36,26,0,0,62,0,191
14584.0,36,26,0,0,62,0,191
14585.0,36,26,0,0,62,0,191
14586.0,36,26,0,0,62,0,191
14587.0,36,26,0,0,62,0,191
14588.0,36,26,0,0,62,0,191
14589.0,36,26,0,0,62,0,191
14590.0,36,26,0,0,62,0,191
14591.0,36,26,0,0,62,0,191
14592.0,36,26,0,0,62,0,191
14593.0,36,26,0,0,62,0,191
14594.0,36,26,0,0,62,0,191
14595.0,36,26,0,0,62,0,191
14596.0,36,26,0,0,62,0,191
14597.0,36,26,0,0,62,0,191
14598.0,36,26,0,0,62,0,191
14599.0,36,26,0,0,62,0,191
14600.0,36,26,0,0,62,0,191
14601.0,36,26,0,0,62,0,191
14602.0,36,26,0,0,62,0,191
14603.0,36,26,0,0,62,0,191
14604.0,36,26,0,0,62,0,191
14605.0,36,26,0,0,62,0,191
14606.0,36,26,0,0,62,0,191
14607.0,36,26,0,0,62,0,191
14608.0,36,26,0,0,62,0,191
14609.0,36,26,0,0,62,0,191
14610.0,36,26,0,0,62,0,191
14611.0,36,26,0,0,62,0,191
14612.0,36,26,0,0,62,0,191
14613.0,36,26,0,0,62,0,191
14614.0,36,26,0,0,62,0,191
14615.0,36,26,0,0,62,0,191
14616.0,36,26,0,0,62,0,191
14617.0,36,26,0,0,62,0,191
14618.0,36,26,0,0,62,0,191
14619.0,36,26,0,0,62,0,191
14620.0,36,26,0,0,62,0,191
14621.0,36,26,0,0,62,0,191
14622.0,36,26,0,0,62,0,191
14623.0,36,26,0,0,62,0,191
14624.0,36,26,0,0,62,0,191
14625.0,36,26,0,0,62,0,191
14626.0,36,26,0,0,62,0,191
14627.0,36,26,0,0,62,0,191
14628.0,36,26,0,0,62,0,191
14629.0,36,26,0,0,62,0,191
14630.0,36,26,0,0,62,0,191
14631.0,36,26,0,0,62,0,191
14632.0,36,26,0,0,62,0,191
14633.0,36,26,0,0,62,0,191
14634.0,36,26,0,0,62,0,191
14635.0,36,26,0,0,62,0,191
14636.0,36,26,0,0,62,0,191
14637.0,36,26,0,0,62,0,191
14638.0,36,26,0,0,62,0,191
14639.0,36,26,0,0,62,0,191
14640.0,36,26,0,0,62,0,191
14641.0,36,26,0,0,62,0,191
14642.0,36,26,0,0,62,0,191
14643.0,36,26,0,0,62,0,191
14644.0,36,26,0,0,62,0,191
14645.0,36,26,0,0,62,0,191
14646.0,36,26,0,0,62,0,191
14647.0,36,26,0,0,62,0,191
14648.0,36,26,0,0,62,0,191
14649.0,36,26,0,0,62,0,191
14650.0,36,26,0,0,62,0,191
14651.0,36,26,0,0,62,0,191
14652.0,36,26,0,0,62,0,191
14653.0,36,26,0,0,62,0,191
14654.0,36,26,0,0,62,0,191
14655.0,36,26,0,0,62,0,191
14656.0,36,26,0,0,62,0,191
14657.0,36,26,0,0,62,0,191
14658.0,36,26,0,0,62,0,191
14659.0,36,26,0,0,62,0,191
14660.0,36,26,0,0,62,0,191
14661.0,36,26,0,0,62,0,191
14662.0,36,26,0,0,62,0,191
14663.0,36,26,0,0,62,0,191
14664.0,36,26,0,0,62,0,191
14665.0,36,26,0,0,62,0,191
14666.0,36,26,0,0,62,0,191
14667.0,36,26,0,0,62,0,191
14668.0,36,26,0,0,62,0,191
14669.0,36,26,0,0,62,0,191
14670.0,36,26,0,0,62,0,191
14671.0,36,26,0,0,62,0,191
14672.0,36,26,0,0,62,0,191
14673.0,36,26,0,0,62,0,191
14674.0,36,26,0,0,62,0,191
14675.0,36,26,0,0,62,0,191
14676.0,36,26,0,0,62,0,191
14677.0,36,26,0,0,62,0,191
14678.0,36,26,0,0,62,0,191
14679.0,36,26,0,0,62,0,191
14680.0,36,26,0,0,62,0,191
14681.0,36,26,0,0,62,0,191
14682.0,36,26,0,0,62,0,191
14683.0,36,26,0,0,62,0,191
14684.0,36,26,0,0,62,0,191
14685.0,36,26,0,0,62,0,191
14686.0,36,26,0,0,62,0,191
14687.0,36,26,0,0,62,0,191
14688.0,36,26,0,0,62,0,191
14689.0,36,26,0,0,62,0,191
14690.0,36,26,0,0,62,0,191
14691.0,36,26,0,0,62,0,191
14692.0,36,26,0,0,62,0,191
14693.0,36,26,0,0,62,0,191
14694.0,36,26,0,0,62,0,191
14695.0,36,26,0,0,62,0,191
14696.0,36,26,0,0,62,0,191
14697.0,36,26,0,0,62,0,191
14698.0,36,26,0,0,62,0,191
14699.0,36,26,0,0,62,0,191
14700.0,36,26,0,0,62,0,191
14701.0,36,26,0,0,62,0,191
14702.0,36,26,0,0,62,0,191
14703.0,36,26,0,0,62,0,191
14704.0,36,26,0,0,62,0,191
14705.0,36,26,0,0,62,0,191
14706.0,36,26,0,0,62,0,191
14707.0,36,26,0,0,62,0,191
14708.0,36,26,0,0,62,0,191
14709.0,36,26,0,0,62,0,191
14710.0,36,26,0,0,62,0,191
14711.0,36,26,0,0,62,0,191
14712.0,36,26,0,0,62,0,191
14713.0,36,26,0,0,62,0,191
14714.0,36,26,0,0,62,0,191
14715.0,36,26,0,0,62,0,191
14716.0,36,26,0,0,62,0,191
14717.0,36,26,0,0,62,0,191
14718.0,36,26,0,0,62,0,191
14719.0,36,26,0,0,62,0,191
14720.0,36,26,0,0,62,0,191
14721.0,36,26,0,0,62,0,191
14722.0,36,26,0,0,62,0,191
14723.0,36,26,0,0,62,0,191
14724.0,36,26,0,0,62,0,191
14725.0,36,26,0,0,62,0,191
14726.0,36,26,0,0,62,0,191
14727.0,36,26,0,0,62,0,191
14728.0,36,26,0,0,62,0,191
14729.0,36,26,0,0,62,0,191
14730.0,36,26,0,0,62,0,191
14731.0,36,26,0,0,62,0,191
14732.0,36,26,0,0,62,0,191
14733.0,36,26,0,0,62,0,191
14734.0,36,26,0,0,62,0,191
14735.0,36,26,0,0,62,0,191
14736.0,36,26,0,0,62,0,191
14737.0,36,26,0,0,62,0,191
14738.0,36,26,0,0,62,0,191
14739.0,36,26,0,0,62,0,191
14740.0,36,26,0,0,62,0,191
14741.0,36,26,0,0,62,0,191
14742.0,36,26,0,0,62,0,191
14743.0,36,26,0,0,62,0,191
14744.0,36,26,0,0,62,0,191
14745.0,36,26,0,0,62,0,191
14746.0,36,26,0,0,62,0,191
14747.0,36,26,0,0,62,0,191
14748.0,36,26,0,0,62,0,191
14749.0,36,26,0,0,62,0,191
14750.0,36,26,0,0,62,0,191
14751.0,36,26,0,0,62,0,191
14752.0,36,26,0,0,62,0,191
14753.0,36,26,0,0,62,0,191
14754.0,36,26,0,0,62,0,191
14755.0,36,26,0,0,62,0,191
14756.0,36,26,0,0,62,0,191
14757.0,36,26,0,0,62,0,191
14758.0,36,26,0,0,62,0,191
14759.0,36,26,0,0,62,0,191
14760.0,36,26,0,0,62,0,191
14761.0,36,26,0,0,62,0,191
14762.0,36,26,0,0,62,0,191
14763.0,36,26,0,0,62,0,191
14764.0,36,26,0,0,62,0,191
14765.0,36,26,0,0,62,0,191
14766.0,36,26,0,0,62,0,191
14767.0,36,26,0,0,62,0,191
14768.0,36,26,0,0,62,0,191
14769.0,36,26,0,0,62,0,191
14770.0,36,26,0,0,62,0,191
14771.0,36,26,0,0,62,0,191
14772.0,36,26,0,0,62,0,191
14773.0,36,26,0,0,62,0,191
14774.0,36,26,0,0,62,0,191
14775.0,36,26,0,0,62,0,191
14776.0,36,26,0,0,62,0,191
14777.0,36,26,0,0,62,0,191
14778.0,36,26,0,0,62,0,191
14779.0,36,26,0,0,62,0,191
14780.0,36,26,0,0,62,0,191
14781.0,36,26,0,0,62,0,191
14782.0,36,26,0,0,62,0,191
14783.0,36,26,0,0,62,0,191
14784.0,36,26,0,0,62,0,191
14785.0,36,26,0,0,62,0,191
14786.0,36,26,0,0,62,0,191
14787.0,36,26,0,0,62,0,191
14788.0,36,26,0,0,62,0,191
14789.0,36,26,0,0,62,0,191
14790.0,36,26,0,0,62,0,191
14791.0,36,26,0,0,62,0,191
14792.0,36,26,0,0,62,0,191
14793.0,36,26,0,0,62,0,191
14794.0,36,26,0,0,62,0,191
14795.0,36,26,0,0,62,0,191
14796.0,36,26,0,0,62,0,191
14797.0,36,26,0,0,62,0,191
14798.0,36,26,0,0,62,0,191
14799.0,36,26,0,0,62,0,191
14800.0,36,26,0,0,62,0,191
14801.0,36,26,0,0,62,0,191
14802.0,36,26,0,0,62,0,191
14803.0,36,26,0,0,62,0,191
14804.0,36,26,0,0,62,0,191
14805.0,36,26,0,0,62,0,191
14806.0,36,26,0,0,62,0,191
14807.0,36,26,0,0,62,0,191
14808.0,36,26,0,0,62,0,191
14809.0,36,26,0,0,62,0,191
14810.0,36,26,0,0,62,0,191
14811.0,36,26,0,0,62,0,191
14812.0,36,26,0,0,62,0,191
14813.0,36,26,0,0,62,0,191
14814.0,36,26,0,0,62,0,191
14815.0,36,26,0,0,62,0,191
14816.0,36,26,0,0,62,0,191
14817.0,36,26,0,0,62,0,191
14818.0,36,26,0,0,62,0,191
14819.0,36,26,0,0,62,0,191
14820.0,36,26,0,0,62,0,191
14821.0,36,26,0,0,62,0,191
14822.0,36,26,0,0,62,0,191
14823.0,36,26,0,0,62,0,191
14824.0,36,26,0,0,62,0,191
14825.0,36,26,0,0,62,0,191
14826.0,36,26,0,0,62,0,191
14827.0,36,26,0,0,62,0,191
14828.0,36,26,0,0,62,0,191
14829.0,36,26,0,0,62,0,191
14830.0,36,26,0,0,62,0,191
14831.0,36,26,0,0,62,0,191
14832.0,36,26,0,0,62,0,191
14833.0,36,26,0,0,62,0,191
14834.0,36,26,0,0,62,0,191
14835.0,36,26,0,0,62,0,191
14836.0,36,26,0,0,62,0,191
14837.0,36,26,0,0,62,0,191
14838.0,36,26,0,0,62,0,191
14839.0,36,26,0,0,62,0,191
14840.0,36,26,0,0,62,0,191
14841.0,36,26,0,0,62,0,191
14842.0,36,26,0,0,62,0,191
14843.0,36,26,0,0,62,0,191
14844.0,36,26,0,0,62,0,191
14845.0,36,26,0,0,62,0,191
14846.0,36,26,0,0,62,0,191
14847.0,36,26,0,0,62,0,191
14848.0,36,26,0,0,62,0,191
14849.0,36,26,0,0,62,0,191
14850.0,36,26,0,0,62,0,191
14851.0,36,26,0,0,62,0,191
14852.0,36,26,0,0,62,0,191
14853.0,36,26,0,0,62,0,191
14854.0,36,26,0,0,62,0,191
14855.0,36,26,0,0,62,0,191
14856.0,36,26,0,0,62,0,191
14857.0,36,26,0,0,62,0,191
14858.0,36,26,0,0,62,0,191
14859.0,36,26,0,0,62,0,191
14860.0,36,26,0,0,62,0,191
14861.0,36,26,0,0,62,0,191
14862.0,36,26,0,0,62,0,191
14863.0,36,26,0,0,62,0,191
14864.0,36,26,0,0,62,0,191
14865.0,36,26,0,0,62,0,191
14866.0,36,26,0,0,62,0,191
14867.0,36,26,0,0,62,0,191
14868.0,36,26,0,0,62,0,191
14869.0,36,26,0,0,62,0,191
14870.0,36,26,0,0,62,0,191
14871.0,36,26,0,0,62,0,191
14872.0,36,26,0,0,62,0,191
14873.0,36,26,0,0,62,0,191
14874.0,36,26,0,0,62,0,191
14875.0,36,26,0,0,62,0,191
14876.0,36,26,0,0,62,0,191
14877.0,36,26,0,0,62,0,191
14878.0,36,26,0,0,62,0,191
14879.0,36,26,0,0,62,0,191
14880.0,36,26,0,0,62,0,191
14881.0,36,26,0,0,62,0,191
14882.0,36,26,0,0,62,0,191
14883.0,36,26,0,0,62,0,191
14884.0,36,26,0,0,62,0,191
14885.0,36,26,0,0,62,0,191
14886.0,36,26,0,0,62,0,191
14887.0,36,26,0,0,62,0,191
14888.0,36,26,0,0,62,0,191
14889.0,36,26,0,0,62,0,191
14890.0,36,26,0,0,62,0,191
14891.0,36,26,0,0,62,0,191
14892.0,36,26,0,0,62,0,191
14893.0,36,26,0,0,62,0,191
14894.0,36,26,0,0,62,0,191
14895.0,36,26,0,0,62,0,191
14896.0,36,26,0,0,62,0,191
14897.0,36,26,0,0,62,0,191
14898.0,36,26,0,0,62,0,191
14899.0,36,26,0,0,62,0,191
14900.0,36,26,0,0,62,0,191
14901.0,36,26,0,0,62,0,191
14902.0,36,26,0,0,62,0,191
14903.0,36,26,0,0,62,0,191
14904.0,36,26,0,0,62,0,191
14905.0,36,26,0,0,62,0,191
14906.0,36,26,0,0,62,0,191
14907.0,36,26,0,0,62,0,191
14908.0,36,26,0,0,62,0,191
14909.0,36,26,0,0,62,0,191
14910.0,36,26,0,0,62,0,191
14911.0,36,26,0,0,62,0,191
14912.0,36,26,0,0,62,0,191
14913.0,36,26,0,0,62,0,191
14914.0,36,26,0,0,62,0,191
14915.0,36,26,0,0,62,0,191
14916.0,36,26,0,0,62,0,191
14917.0,36,26,0,0,62,0,191
14918.0,36,26,0,0,62,0,191
14919.0,36,26,0,0,62,0,191
14920.0,36,26,0,0,62,0,191
14921.0,36,26,0,0,62,0,191
14922.0,36,26,0,0,62,0,191
14923.0,36,26,0,0,62,0,191
14924.0,36,26,0,0,62,0,191
14925.0,36,26,0,0,62,0,191
14926.0,36,26,0,0,62,0,191
14927.0,36,26,0,0,62,0,191
14928.0,36,26,0,0,62,0,191
14929.0,36,26,0,0,62,0,191
14930.0,36,26,0,0,62,0,191
14931.0,36,26,0,0,62,0,191
14932.0,36,26,0,0,62,0,191
14933.0,36,26,0,0,62,0,191
14934.0,36,26,0,0,62,0,191
14935.0,36,26,0,0,62,0,191
14936.0,36,26,0,0,62,0,191
14937.0,36,26,0,0,62,0,191
14938.0,36,26,0,0,62,0,191
14939.0,36,26,0,0,62,0,191
14940.0,36,26,0,0,62,0,191
14941.0,36,26,0,0,62,0,191
14942.0,36,26,0,0,62,0,191
14943.0,36,26,0,0,62,0,191
14944.0,36,26,0,0,62,0,191
14945.0,36,26,0,0,62,0,191
14946.0,36,26,0,0,62,0,191
14947.0,36,26,0,0,62,0,191
14948.0,36,26,0,0,62,0,191
14949.0,36,26,0,0,62,0,191
14950.0,36,26,0,0,62,0,191
14951.0,36,26,0,0,62,0,191
14952.0,36,26,0,0,62,0,191
14953.0,36,26,0,0,62,0,191
14954.0,36,26,0,0,62,0,191
14955.0,36,26,0,0,62,0,191
14956.0,36,26,0,0,62,0,191
14957.0,36,26,0,0,62,0,191
14958.0,36,26,0,0,62,0,191
14959.0,36,26,0,0,62,0,191
14960.0,36,26,0,0,62,0,191
14961.0,36,26,0,0,62,0,191
14962.0,36,26,0,0,62,0,191
14963.0,36,26,0,0,62,0,191
14964.0,36,26,0,0,62,0,191
14965.0,36,26,0,0,62,0,191
14966.0,36,26,0,0,62,0,191
14967.0,36,26,0,0,62,0,191
14968.0,36,26,0,0,62,0,191
14969.0,36,26,0,0,62,0,191
14970.0,36,26,0,0,62,0,191
14971.0,36,26,0,0,62,0,191
14972.0,36,26,0,0,62,0,191
14973.0,36,26,0,0,62,0,191
14974.0,36,26,0,0,62,0,191
14975.0,36,26,0,0,62,0,191
14976.0,36,26,0,0,62,0,191
14977.0,36,26,0,0,62,0,191
14978.0,36,26,0,0,62,0,191
14979.0,36,26,0,0,62,0,191
14980.0,36,26,0,0,62,0,191
14981.0,36,26,0,0,62,0,191
14982.0,36,26,0,0,62,0,191
14983.0,36,26,0,0,62,0,191
14984.0,36,26,0,0,62,0,191
14985.0,36,26,0,0,62,0,191
14986.0,36,26,0,0,62,0,191
14987.0,36,26,0,0,62,0,191
14988.0,36,26,0,0,62,0,191
14989.0,36,26,0,0,62,0,191
14990.0,36,26,0,0,62,0,191
14991.0,36,26,0,0,62,0,191
14992.0,36,26,0,0,62,0,191
14993.0,36,26,0,0,62,0,191
14994.0,36,26,0,0,62,0,191
14995.0,36,26,0,0,62,0,191
14996.0,36,26,0,0,62,0,191
14997.0,36,26,0,0,62,0,191
14998.0,36,26,0,0,62,0,191
14999.0,36,26,0,0,62,0,191
15000.0,36,26,0,0,62,0,191
15001.0,36,26,0,0,62,0,191
15002.0,36,26,0,0,62,0,191
15003.0,36,26,0,0,62,0,191
15004.0,36,26,0,0,62,0,191
15005.0,36,26,0,0,62,0,191
15006.0,36,26,0,0,62,0,191
15007.0,36,26,0,0,62,0,191
15008.0,36,26,0,0,62,0,191
15009.0,36,26,0,0,62,0,191
15010.0,36,26,0,0,62,0,191
15011.0,36,26,0,0,62,0,191
15012.0,36,26,0,0,62,0,191
15013.0,36,26,0,0,62,0,191
15014.0,36,26,0,0,62,0,191
15015.0,36,26,0,0,62,0,191
15016.0,36,26,0,0,62,0,191
15017.0,36,26,0,0,62,0,191
15018.0,36,26,0,0,62,0,191
15019.0,36,26,0,0,62,0,191
15020.0,36,26,0,0,62,0,191
15021.0,36,26,0,0,62,0,191
15022.0,36,26,0,0,62,0,191
15023.0,36,26,0,0,62,0,191
15024.0,36,26,0,0,62,0,191
15025.0,36,26,0,0,62,0,191
15026.0,36,26,0,0,62,0,191
15027.0,36,26,0,0,62,0,191
15028.0,36,26,0,0,62,0,191
15029.0,36,26,0,0,62,0,191
15030.0,36,26,0,0,62,0,191
15031.0,36,26,0,0,62,0,191
15032.0,36,26,0,0,62,0,191
15033.0,36,26,0,0,62,0,191
15034.0,36,26,0,0,62,0,191
15035.0,36,26,0,0,62,0,191
15036.0,36,26,0,0,62,0,191
15037.0,36,26,0,0,62,0,191
15038.0,36,26,0,0,62,0,191
15039.0,36,26,0,0,62,0,191
15040.0,36,26,0,0,62,0,191
15041.0,36,26,0,0,62,0,191
15042.0,36,26,0,0,62,0,191
15043.0,36,26,0,0,62,0,191
15044.0,36,26,0,0,62,0,191
15045.0,36,26,0,0,62,0,191
15046.0,36,26,0,0,62,0,191
15047.0,36,26,0,0,62,0,191
15048.0,36,26,0,0,62,0,191
15049.0,36,26,0,0,62,0,191
15050.0,36,26,0,0,62,0,191
15051.0,36,26,0,0,62,0,191
15052.0,36,26,0,0,62,0,191
15053.0,36,26,0,0,62,0,191
15054.0,36,26,0,0,62,0,191
15055.0,36,26,0,0,62,0,191
15056.0,36,26,0,0,62,0,191
15057.0,36,26,0,0,62,0,191
15058.0,36,26,0,0,62,0,191
15059.0,36,26,0,0,62,0,191
15060.0,36,26,0,0,62,0,191
15061.0,36,26,0,0,62,0,191
15062.0,36,26,0,0,62,0,191
15063.0,36,26,0,0,62,0,191
15064.0,36,26,0,0,62,0,191
15065.0,36,26,0,0,62,0,191
15066.0,36,26,0,0,62,0,191
15067.0,36,26,0,0,62,0,191
15068.0,36,26,0,0,62,0,191
15069.0,36,26,0,0,62,0,191
15070.0,36,26,0,0,62,0,191
15071.0,36,26,0,0,62,0,191
15072.0,36,26,0,0,62,0,191
15073.0,36,26,0,0,62,0,191
15074.0,36,26,0,0,62,0,191
15075.0,36,26,0,0,62,0,191
15076.0,36,26,0,0,62,0,191
15077.0,36,26,0,0,62,0,191
15078.0,36,26,0,0,62,0,191
15079.0,36,26,0,0,62,0,191
15080.0,36,26,0,0,62,0,191
15081.0,36,26,0,0,62,0,191
15082.0,36,26,0,0,62,0,191
15083.0,36,26,0,0,62,0,191
15084.0,36,26,0,0,62,0,191
15085.0,36,26,0,0,62,0,191
15086.0,36,26,0,0,62,0,191
15087.0,36,26,0,0,62,0,191
15088.0,36,26,0,0,62,0,191
15089.0,36,26,0,0,62,0,191
15090.0,36,26,0,0,62,0,191
15091.0,36,26,0,0,62,0,191
15092.0,36,26,0,0,62,0,191
15093.0,36,26,0,0,62,0,191
15094.0,36,26,0,0,62,0,191
15095.0,36,26,0,0,62,0,191
15096.0,36,26,0,0,62,0,191
15097.0,36,26,0,0,62,0,191
15098.0,36,26,0,0,62,0,191
15099.0,36,26,0,0,62,0,191
15100.0,36,26,0,0,62,0,191
15101.0,36,26,0,0,62,0,191
15102.0,36,26,0,0,62,0,191
15103.0,36,26,0,0,62,0,191
15104.0,36,26,0,0,62,0,191
15105.0,36,26,0,0,62,0,191
15106.0,36,26,0,0,62,0,191
15107.0,36,26,0,0,62,0,191
15108.0,36,26,0,0,62,0,191
15109.0,36,26,0,0,62,0,191
15110.0,36,26,0,0,62,0,191
15111.0,36,26,0,0,62,0,191
15112.0,36,26,0,0,62,0,191
15113.0,36,26,0,0,62,0,191
15114.0,36,26,0,0,62,0,191
15115.0,36,26,0,0,62,0,191
15116.0,36,26,0,0,62,0,191
15117.0,36,26,0,0,62,0,191
15118.0,36,26,0,0,62,0,191
15119.0,36,26,0,0,62,0,191
15120.0,36,26,0,0,62,0,191
15121.0,36,26,0,0,62,0,191
15122.0,36,26,0,0,62,0,191
15123.0,36,26,0,0,62,0,191
15124.0,36,26,0,0,62,0,191
15125.0,36,26,0,0,62,0,191
15126.0,36,26,0,0,62,0,191
15127.0,36,26,0,0,62,0,191
15128.0,36,26,0,0,62,0,191
15129.0,36,26,0,0,62,0,191
15130.0,36,26,0,0,62,0,191
15131.0,36,26,0,0,62,0,191
15132.0,36,26,0,0,62,0,191
15133.0,36,26,0,0,62,0,191
15134.0,36,26,0,0,62,0,191
15135.0,36,26,0,0,62,0,191
15136.0,36,26,0,0,62,0,191
15137.0,36,26,0,0,62,0,191
15138.0,36,26,0,0,62,0,191
15139.0,36,26,0,0,62,0,191
15140.0,36,26,0,0,62,0,191
15141.0,36,26,0,0,62,0,191
15142.0,36,26,0,0,62,0,191
15143.0,36,26,0,0,62,0,191
15144.0,36,26,0,0,62,0,191
15145.0,36,26,0,0,62,0,191
15146.0,36,26,0,0,62,0,191
15147.0,36,26,0,0,62,0,191
15148.0,36,26,0,0,62,0,191
15149.0,36,26,0,0,62,0,191
15150.0,36,26,0,0,62,0,191
15151.0,36,26,0,0,62,0,191
15152.0,36,26,0,0,62,0,191
15153.0,36,26,0,0,62,0,191
15154.0,36,26,0,0,62,0,191
15155.0,36,26,0,0,62,0,191
15156.0,36,26,0,0,62,0,191
15157.0,36,26,0,0,62,0,191
15158.0,36,26,0,0,62,0,191
15159.0,36,26,0,0,62,0,191
15160.0,36,26,0,0,62,0,191
15161.0,36,26,0,0,62,0,191
15162.0,36,26,0,0,62,0,191
15163.0,36,26,0,0,62,0,191
15164.0,36,26,0,0,62,0,191
15165.0,36,26,0,0,62,0,191
15166.0,36,26,0,0,62,0,191
15167.0,36,26,0,0,62,0,191
15168.0,36,26,0,0,62,0,191
15169.0,36,26,0,0,62,0,191
15170.0,36,26,0,0,62,0,191
15171.0,36,26,0,0,62,0,191
15172.0,36,26,0,0,62,0,191
15173.0,36,26,0,0,62,0,191
15174.0,36,26,0,0,62,0,191
15175.0,36,26,0,0,62,0,191
15176.0,36,26,0,0,62,0,191
15177.0,36,26,0,0,62,0,191
15178.0,36,26,0,0,62,0,191
15179.0,36,26,0,0,62,0,191
15180.0,36,26,0,0,62,0,191
15181.0,36,26,0,0,62,0,191
15182.0,36,26,0,0,62,0,191
15183.0,36,26,0,0,62,0,191
15184.0,36,26,0,0,62,0,191
15185.0,36,26,0,0,62,0,191
15186.0,36,26,0,0,62,0,191
15187.0,36,26,0,0,62,0,191
15188.0,36,26,0,0,62,0,191
15189.0,36,26,0,0,62,0,191
15190.0,36,26,0,0,62,0,191
15191.0,36,26,0,0,62,0,191
15192.0,36,26,0,0,62,0,191
15193.0,36,26,0,0,62,0,191
15194.0,36,26,0,0,62,0,191
15195.0,36,26,0,0,62,0,191
15196.0,36,26,0,0,62,0,191
15197.0,36,26,0,0,62,0,191
15198.0,36,26,0,0,62,0,191
15199.0,36,26,0,0,62,0,191
15200.0,36,26,0,0,62,0,191
15201.0,36,26,0,0,62,0,191
15202.0,36,26,0,0,62,0,191
15203.0,36,26,0,0,62,0,191
15204.0,36,26,0,0,62,0,191
15205.0,36,26,0,0,62,0,191
15206.0,36,26,0,0,62,0,191
15207.0,36,26,0,0,62,0,191
15208.0,36,26,0,0,62,0,191
15209.0,36,26,0,0,62,0,191
15210.0,36,26,0,0,62,0,191
15211.0,36,26,0,0,62,0,191
15212.0,36,26,0,0,62,0,191
15213.0,36,26,0,0,62,0,191
15214.0,36,26,0,0,62,0,191
15215.0,36,26,0,0,62,0,191
15216.0,36,26,0,0,62,0,191
15217.0,36,26,0,0,62,0,191
15218.0,36,26,0,0,62,0,191
15219.0,36,26,0,0,62,0,191
15220.0,36,26,0,0,62,0,191
15221.0,36,26,0,0,62,0,191
15222.0,36,26,0,0,62,0,191
15223.0,36,26,0,0,62,0,191
15224.0,36,26,0,0,62,0,191
15225.0,36,26,0,0,62,0,191
15226.0,36,26,0,0,62,0,191
15227.0,36,26,0,0,62,0,191
15228.0,36,26,0,0,62,0,191
15229.0,36,26,0,0,62,0,191
15230.0,36,26,0,0,62,0,191
15231.0,36,26,0,0,62,0,191
15232.0,36,26,0,0,62,0,191
15233.0,36,26,0,0,62,0,191
15234.0,36,26,0,0,62,0,191
15235.0,36,26,0,0,62,0,191
15236.0,36,26,0,0,62,0,191
15237.0,36,26,0,0,62,0,191
15238.0,36,26,0,0,62,0,191
15239.0,36,26,0,0,62,0,191
15240.0,36,26,0,0,62,0,191
15241.0,36,26,0,0,62,0,191
15242.0,36,26,0,0,62,0,191
15243.0,36,26,0,0,62,0,191
15244.0,36,26,0,0,62,0,191
15245.0,36,26,0,0,62,0,191
15246.0,36,26,0,0,62,0,191
15247.0,36,26,0,0,62,0,191
15248.0,36,26,0,0,62,0,191
15249.0,36,26,0,0,62,0,191
15250.0,36,26,0,0,62,0,191
15251.0,36,26,0,0,62,0,191
15252.0,36,26,0,0,62,0,191
15253.0,36,26,0,0,62,0,191
15254.0,36,26,0,0,62,0,191
15255.0,36,26,0,0,62,0,191
15256.0,36,26,0,0,62,0,191
15257.0,36,26,0,0,62,0,191
15258.0,36,26,0,0,62,0,191
15259.0,36,26,0,0,62,0,191
15260.0,36,26,0,0,62,0,191
15261.0,36,26,0,0,62,0,191
15262.0,36,26,0,0,62,0,191
15263.0,36,26,0,0,62,0,191
15264.0,36,26,0,0,62,0,191
15265.0,36,26,0,0,62,0,191
15266.0,36,26,0,0,62,0,191
15267.0,36,26,0,0,62,0,191
15268.0,36,26,0,0,62,0,191
15269.0,36,26,0,0,62,0,191
15270.0,36,26,0,0,62,0,191
15271.0,36,26,0,0,62,0,191
15272.0,36,26,0,0,62,0,191
15273.0,36,26,0,0,62,0,191
15274.0,36,26,0,0,62,0,191
15275.0,36,26,0,0,62,0,191
15276.0,36,26,0,0,62,0,191
15277.0,36,26,0,0,62,0,191
15278.0,36,26,0,0,62,0,191
15279.0,36,26,0,0,62,0,191
15280.0,36,26,0,0,62,0,191
15281.0,36,26,0,0,62,0,191
15282.0,36,26,0,0,62,0,191
15283.0,36,26,0,0,62,0,191
15284.0,36,26,0,0,62,0,191
15285.0,36,26,0,0,62,0,191
15286.0,36,26,0,0,62,0,191
15287.0,36,26,0,0,62,0,191
15288.0,36,26,0,0,62,0,191
15289.0,36,26,0,0,62,0,191
15290.0,36,26,0,0,62,0,191
15291.0,36,26,0,0,62,0,191
15292.0,36,26,0,0,62,0,191
15293.0,36,26,0,0,62,0,191
15294.0,36,26,0,0,62,0,191
15295.0,36,26,0,0,62,0,191
15296.0,36,26,0,0,62,0,191
15297.0,36,26,0,0,62,0,191
15298.0,36,26,0,0,62,0,191
15299.0,36,26,0,0,62,0,191
15300.0,36,26,0,0,62,0,191
15301.0,36,26,0,0,62,0,191
15302.0,36,26,0,0,62,0,191
15303.0,36,26,0,0,62,0,191
15304.0,36,26,0,0,62,0,191
15305.0,36,26,0,0,62,0,191
15306.0,36,26,0,0,62,0,191
15307.0,36,26,0,0,62,0,191
15308.0,36,26,0,0,62,0,191
15309.0,36,26,0,0,62,0,191
15310.0,36,26,0,0,62,0,191
15311.0,36,26,0,0,62,0,191
15312.0,36,26,0,0,62,0,191
15313.0,36,26,0,0,62,0,191
15314.0,36,26,0,0,62,0,191
15315.0,36,26,0,0,62,0,191
15316.0,36,26,0,0,62,0,191
15317.0,36,26,0,0,62,0,191
15318.0,36,26,0,0,62,0,191
15319.0,36,26,0,0,62,0,191
15320.0,36,26,0,0,62,0,191
15321.0,36,26,0,0,62,0,191
15322.0,36,26,0,0,62,0,191
15323.0,36,26,0,0,62,0,191
15324.0,36,26,0,0,62,0,191
15325.0,36,26,0,0,62,0,191
15326.0,36,26,0,0,62,0,191
15327.0,36,26,0,0,62,0,191
15328.0,36,26,0,0,62,0,191
15329.0,36,26,0,0,62,0,191
15330.0,36,26,0,0,62,0,191
15331.0,36,26,0,0,62,0,191
15332.0,36,26,0,0,62,0,191
15333.0,36,26,0,0,62,0,191
15334.0,36,26,0,0,62,0,191
15335.0,36,26,0,0,62,0,191
15336.0,36,26,0,0,62,0,191
15337.0,36,26,0,0,62,0,191
15338.0,36,26,0,0,62,0,191
15339.0,36,26,0,0,62,0,191
15340.0,36,26,0,0,62,0,191
15341.0,36,26,0,0,62,0,191
15342.0,36,26,0,0,62,0,191
15343.0,36,26,0,0,62,0,191
15344.0,36,26,0,0,62,0,191
15345.0,36,26,0,0,62,0,191
15346.0,36,26,0,0,62,0,191
15347.0,36,26,0,0,62,0,191
15348.0,36,26,0,0,62,0,191
15349.0,36,26,0,0,62,0,191
15350.0,36,26,0,0,62,0,191
15351.0,36,26,0,0,62,0,191
15352.0,36,26,0,0,62,0,191
15353.0,36,26,0,0,62,0,191
15354.0,36,26,0,0,62,0,191
15355.0,36,26,0,0,62,0,191
15356.0,36,26,0,0,62,0,191
15357.0,36,26,0,0,62,0,191
15358.0,36,26,0,0,62,0,191
15359.0,36,26,0,0,62,0,191
15360.0,36,26,0,0,62,0,191
15361.0,36,26,0,0,62,0,191
15362.0,36,26,0,0,62,0,191
15363.0,36,26,0,0,62,0,191
15364.0,36,26,0,0,62,0,191
15365.0,36,26,0,0,62,0,191
15366.0,36,26,0,0,62,0,191
15367.0,36,26,0,0,62,0,191
15368.0,36,26,0,0,62,0,191
15369.0,36,26,0,0,62,0,191
15370.0,36,26,0,0,62,0,191
15371.0,36,26,0,0,62,0,191
15372.0,36,26,0,0,62,0,191
15373.0,36,26,0,0,62,0,191
15374.0,36,26,0,0,62,0,191
15375.0,36,26,0,0,62,0,191
15376.0,36,26,0,0,62,0,191
15377.0,36,26,0,0,62,0,191
15378.0,36,26,0,0,62,0,191
15379.0,36,26,0,0,62,0,191
15380.0,36,26,0,0,62,0,191
15381.0,36,26,0,0,62,0,191
15382.0,36,26,0,0,62,0,191
15383.0,36,26,0,0,62,0,191
15384.0,36,26,0,0,62,0,191
15385.0,36,26,0,0,62,0,191
15386.0,36,26,0,0,62,0,191
15387.0,36,26,0,0,62,0,191
15388.0,36,26,0,0,62,0,191
15389.0,36,26,0,0,62,0,191
15390.0,36,26,0,0,62,0,191
15391.0,36,26,0,0,62,0,191
15392.0,36,26,0,0,62,0,191
15393.0,36,26,0,0,62,0,191
15394.0,36,26,0,0,62,0,191
15395.0,36,26,0,0,62,0,191
15396.0,36,26,0,0,62,0,191
15397.0,36,26,0,0,62,0,191
15398.0,36,26,0,0,62,0,191
15399.0,36,26,0,0,62,0,191
15400.0,36,26,0,0,62,0,191
15401.0,36,26,0,0,62,0,191
15402.0,36,26,0,0,62,0,191
15403.0,36,26,0,0,62,0,191
15404.0,36,26,0,0,62,0,191
15405.0,36,26,0,0,62,0,191
15406.0,36,26,0,0,62,0,191
15407.0,36,26,0,0,62,0,191
15408.0,36,26,0,0,62,0,191
15409.0,36,26,0,0,62,0,191
15410.0,36,26,0,0,62,0,191
15411.0,36,26,0,0,62,0,191
15412.0,36,26,0,0,62,0,191
15413.0,36,26,0,0,62,0,191
15414.0,36,26,0,0,62,0,191
15415.0,36,26,0,0,62,0,191
15416.0,36,26,0,0,62,0,191
15417.0,36,26,0,0,62,0,191
15418.0,36,26,0,0,62,0,191
15419.0,36,26,0,0,62,0,191
15420.0,36,26,0,0,62,0,191
15421.0,36,26,0,0,62,0,191
15422.0,36,26,0,0,62,0,191
15423.0,36,26,0,0,62,0,191
15424.0,36,26,0,0,62,0,191
15425.0,36,26,0,0,62,0,191
15426.0,36,26,0,0,62,0,191
15427.0,36,26,0,0,62,0,191
15428.0,36,26,0,0,62,0,191
15429.0,36,26,0,0,62,0,191
15430.0,36,26,0,0,62,0,191
15431.0,36,26,0,0,62,0,191
15432.0,36,26,0,0,62,0,191
15433.0,36,26,0,0,62,0,191
15434.0,36,26,0,0,62,0,191
15435.0,36,26,0,0,62,0,191
15436.0,36,26,0,0,62,0,191
15437.0,36,26,0,0,62,0,191
15438.0,36,26,0,0,62,0,191
15439.0,36,26,0,0,62,0,191
15440.0,36,26,0,0,62,0,191
15441.0,36,26,0,0,62,0,191
15442.0,36,26,0,0,62,0,191
15443.0,36,26,0,0,62,0,191
15444.0,36,26,0,0,62,0,191
15445.0,36,26,0,0,62,0,191
15446.0,36,26,0,0,62,0,191
15447.0,36,26,0,0,62,0,191
15448.0,36,26,0,0,62,0,191
15449.0,36,26,0,0,62,0,191
15450.0,36,26,0,0,62,0,191
15451.0,36,26,0,0,62,0,191
15452.0,36,26,0,0,62,0,191
15453.0,36,26,0,0,62,0,191
15454.0,36,26,0,0,62,0,191
15455.0,36,26,0,0,62,0,191
15456.0,36,26,0,0,62,0,191
15457.0,36,26,0,0,62,0,191
15458.0,36,26,0,0,62,0,191
15459.0,36,26,0,0,62,0,191
15460.0,36,26,0,0,62,0,191
15461.0,36,26,0,0,62,0,191
15462.0,36,26,0,0,62,0,191
15463.0,36,26,0,0,62,0,191
15464.0,36,26,0,0,62,0,191
15465.0,36,26,0,0,62,0,191
15466.0,36,26,0,0,62,0,191
15467.0,36,26,0,0,62,0,191
15468.0,36,26,0,0,62,0,191
15469.0,36,26,0,0,62,0,191
15470.0,36,26,0,0,62,0,191
15471.0,36,26,0,0,62,0,191
15472.0,36,26,0,0,62,0,191
15473.0,36,26,0,0,62,0,191
15474.0,36,26,0,0,62,0,191
15475.0,36,26,0,0,62,0,191
15476.0,36,26,0,0,62,0,191
15477.0,36,26,0,0,62,0,191
15478.0,36,26,0,0,62,0,191
15479.0,36,26,0,0,62,0,191
15480.0,36,26,0,0,62,0,191
15481.0,36,26,0,0,62,0,191
15482.0,36,26,0,0,62,0,191
15483.0,36,26,0,0,62,0,191
15484.0,36,26,0,0,62,0,191
15485.0,36,26,0,0,62,0,191
15486.0,36,26,0,0,62,0,191
15487.0,36,26,0,0,62,0,191
15488.0,36,26,0,0,62,0,191
15489.0,36,26,0,0,62,0,191
15490.0,36,26,0,0,62,0,191
15491.0,36,26,0,0,62,0,191
15492.0,36,26,0,0,62,0,191
15493.0,36,26,0,0,62,0,191
15494.0,36,26,0,0,62,0,191
15495.0,36,26,0,0,62,0,191
15496.0,36,26,0,0,62,0,191
15497.0,36,26,0,0,62,0,191
15498.0,36,26,0,0,62,0,191
15499.0,36,26,0,0,62,0,191
15500.0,36,26,0,0,62,0,191
15501.0,36,26,0,0,62,0,191
15502.0,36,26,0,0,62,0,191
15503.0,36,26,0,0,62,0,191
15504.0,36,26,0,0,62,0,191
15505.0,36,26,0,0,62,0,191
15506.0,36,26,0,0,62,0,191
15507.0,36,26,0,0,62,0,191
15508.0,36,26,0,0,62,0,191
15509.0,36,26,0,0,62,0,191
15510.0,36,26,0,0,62,0,191
15511.0,36,26,0,0,62,0,191
15512.0,36,26,0,0,62,0,191
15513.0,36,26,0,0,62,0,191
15514.0,36,26,0,0,62,0,191
15515.0,36,26,0,0,62,0,191
15516.0,36,26,0,0,62,0,191
15517.0,36,26,0,0,62,0,191
15518.0,36,26,0,0,62,0,191
15519.0,36,26,0,0,62,0,191
15520.0,36,26,0,0,62,0,191
15521.0,36,26,0,0,62,0,191
15522.0,36,26,0,0,62,0,191
15523.0,36,26,0,0,62,0,191
15524.0,36,26,0,0,62,0,191
15525.0,36,26,0,0,62,0,191
15526.0,36,26,0,0,62,0,191
15527.0,36,26,0,0,62,0,191
15528.0,36,26,0,0,62,0,191
15529.0,36,26,0,0,62,0,191
15530.0,36,26,0,0,62,0,191
15531.0,36,26,0,0,62,0,191
15532.0,36,26,0,0,62,0,191
15533.0,36,26,0,0,62,0,191
15534.0,36,26,0,0,62,0,191
15535.0,36,26,0,0,62,0,191
15536.0,36,26,0,0,62,0,191
15537.0,36,26,0,0,62,0,191
15538.0,36,26,0,0,62,0,191
15539.0,36,26,0,0,62,0,191
15540.0,36,26,0,0,62,0,191
15541.0,36,26,0,0,62,0,191
15542.0,36,26,0,0,62,0,191
15543.0,36,26,0,0,62,0,191
15544.0,36,26,0,0,62,0,191
15545.0,36,26,0,0,62,0,191
15546.0,36,26,0,0,62,0,191
15547.0,36,26,0,0,62,0,191
15548.0,36,26,0,0,62,0,191
15549.0,36,26,0,0,62,0,191
15550.0,36,26,0,0,62,0,191
15551.0,36,26,0,0,62,0,191
15552.0,36,26,0,0,62,0,191
15553.0,36,26,0,0,62,0,191
15554.0,36,26,0,0,62,0,191
15555.0,36,26,0,0,62,0,191
15556.0,36,26,0,0,62,0,191
15557.0,36,26,0,0,62,0,191
15558.0,36,26,0,0,62,0,191
15559.0,36,26,0,0,62,0,191
15560.0,36,26,0,0,62,0,191
15561.0,36,26,0,0,62,0,191
15562.0,36,26,0,0,62,0,191
15563.0,36,26,0,0,62,0,191
15564.0,36,26,0,0,62,0,191
15565.0,36,26,0,0,62,0,191
15566.0,36,26,0,0,62,0,191
15567.0,36,26,0,0,62,0,191
15568.0,36,26,0,0,62,0,191
15569.0,36,26,0,0,62,0,191
15570.0,36,26,0,0,62,0,191
15571.0,36,26,0,0,62,0,191
15572.0,36,26,0,0,62,0,191
15573.0,36,26,0,0,62,0,191
15574.0,36,26,0,0,62,0,191
15575.0,36,26,0,0,62,0,191
15576.0,36,26,0,0,62,0,191
15577.0,36,26,0,0,62,0,191
15578.0,36,26,0,0,62,0,191
15579.0,36,26,0,0,62,0,191
15580.0,36,26,0,0,62,0,191
15581.0,36,26,0,0,62,0,191
15582.0,36,26,0,0,62,0,191
15583.0,36,26,0,0,62,0,191
15584.0,36,26,0,0,62,0,191
15585.0,36,26,0,0,62,0,191
15586.0,36,26,0,0,62,0,191
15587.0,36,26,0,0,62,0,191
15588.0,36,26,0,0,62,0,191
15589.0,36,26,0,0,62,0,191
15590.0,36,26,0,0,62,0,191
15591.0,36,26,0,0,62,0,191
15592.0,36,26,0,0,62,0,191
15593.0,36,26,0,0,62,0,191
15594.0,36,26,0,0,62,0,191
15595.0,36,26,0,0,62,0,191
15596.0,36,26,0,0,62,0,191
15597.0,36,26,0,0,62,0,191
15598.0,36,26,0,0,62,0,191
15599.0,36,26,0,0,62,0,191
15600.0,36,26,0,0,62,0,191
15601.0,36,26,0,0,62,0,191
15602.0,36,26,0,0,62,0,191
15603.0,36,26,0,0,62,0,191
15604.0,36,26,0,0,62,0,191
15605.0,36,26,0,0,62,0,191
15606.0,36,26,0,0,62,0,191
15607.0,36,26,0,0,62,0,191
15608.0,36,26,0,0,62,0,191
15609.0,36,26,0,0,62,0,191
15610.0,36,26,0,0,62,0,191
15611.0,36,26,0,0,62,0,191
15612.0,36,26,0,0,62,0,191
15613.0,36,26,0,0,62,0,191
15614.0,36,26,0,0,62,0,191
15615.0,36,26,0,0,62,0,191
15616.0,36,26,0,0,62,0,191
15617.0,36,26,0,0,62,0,191
15618.0,36,26,0,0,62,0,191
15619.0,36,26,0,0,62,0,191
15620.0,36,26,0,0,62,0,191
15621.0,36,26,0,0,62,0,191
15622.0,36,26,0,0,62,0,191
15623.0,36,26,0,0,62,0,191
15624.0,36,26,0,0,62,0,191
15625.0,36,26,0,0,62,0,191
15626.0,36,26,0,0,62,0,191
15627.0,36,26,0,0,62,0,191
15628.0,36,26,0,0,62,0,191
15629.0,36,26,0,0,62,0,191
15630.0,36,26,0,0,62,0,191
15631.0,36,26,0,0,62,0,191
15632.0,36,26,0,0,62,0,191
15633.0,36,26,0,0,62,0,191
15634.0,36,26,0,0,62,0,191
15635.0,36,26,0,0,62,0,191
15636.0,36,26,0,0,62,0,191
15637.0,36,26,0,0,62,0,191
15638.0,36,26,0,0,62,0,191
15639.0,36,26,0,0,62,0,191
15640.0,36,26,0,0,62,0,191
15641.0,36,26,0,0,62,0,191
15642.0,36,26,0,0,62,0,191
15643.0,36,26,0,0,62,0,191
15644.0,36,26,0,0,62,0,191
15645.0,36,26,0,0,62,0,191
15646.0,36,26,0,0,62,0,191
15647.0,36,26,0,0,62,0,191
15648.0,36,26,0,0,62,0,191
15649.0,36,26,0,0,62,0,191
15650.0,36,26,0,0,62,0,191
15651.0,36,26,0,0,62,0,191
15652.0,36,26,0,0,62,0,191
15653.0,36,26,0,0,62,0,191
15654.0,36,26,0,0,62,0,191
15655.0,36,26,0,0,62,0,191
15656.0,36,26,0,0,62,0,191
15657.0,36,26,0,0,62,0,191
15658.0,36,26,0,0,62,0,191
15659.0,36,26,0,0,62,0,191
15660.0,36,26,0,0,62,0,191
15661.0,36,26,0,0,62,0,191
15662.0,36,26,0,0,62,0,191
15663.0,36,26,0,0,62,0,191
15664.0,36,26,0,0,62,0,191
15665.0,36,26,0,0,62,0,191
15666.0,36,26,0,0,62,0,191
15667.0,36,26,0,0,62,0,191
15668.0,36,26,0,0,62,0,191
15669.0,36,26,0,0,62,0,191
15670.0,36,26,0,0,62,0,191
15671.0,36,26,0,0,62,0,191
15672.0,36,26,0,0,62,0,191
15673.0,36,26,0,0,62,0,191
15674.0,36,26,0,0,62,0,191
15675.0,36,26,0,0,62,0,191
15676.0,36,26,0,0,62,0,191
15677.0,36,26,0,0,62,0,191
15678.0,36,26,0,0,62,0,191
15679.0,36,26,0,0,62,0,191
15680.0,36,26,0,0,62,0,191
15681.0,36,26,0,0,62,0,191
15682.0,36,26,0,0,62,0,191
15683.0,36,26,0,0,62,0,191
15684.0,36,26,0,0,62,0,191
15685.0,36,26,0,0,62,0,191
15686.0,36,26,0,0,62,0,191
15687.0,36,26,0,0,62,0,191
15688.0,36,26,0,0,62,0,191
15689.0,36,26,0,0,62,0,191
15690.0,36,26,0,0,62,0,191
15691.0,36,26,0,0,62,0,191
15692.0,36,26,0,0,62,0,191
15693.0,36,26,0,0,62,0,191
15694.0,36,26,0,0,62,0,191
15695.0,36,26,0,0,62,0,191
15696.0,36,26,0,0,62,0,191
15697.0,36,26,0,0,62,0,191
15698.0,36,26,0,0,62,0,191
15699.0,36,26,0,0,62,0,191
15700.0,36,26,0,0,62,0,191
15701.0,36,26,0,0,62,0,191
15702.0,36,26,0,0,62,0,191
15703.0,36,26,0,0,62,0,191
15704.0,36,26,0,0,62,0,191
15705.0,36,26,0,0,62,0,191
15706.0,36,26,0,0,62,0,191
15707.0,36,26,0,0,62,0,191
15708.0,36,26,0,0,62,0,191
15709.0,36,26,0,0,62,0,191
15710.0,36,26,0,0,62,0,191
15711.0,36,26,0,0,62,0,191
15712.0,36,26,0,0,62,0,191
15713.0,36,26,0,0,62,0,191
15714.0,36,26,0,0,62,0,191
15715.0,36,26,0,0,62,0,191
15716.0,36,26,0,0,62,0,191
15717.0,36,26,0,0,62,0,191
15718.0,36,26,0,0,62,0,191
15719.0,36,26,0,0,62,0,191
15720.0,36,26,0,0,62,0,191
15721.0,36,26,0,0,62,0,191
15722.0,36,26,0,0,62,0,191
15723.0,36,26,0,0,62,0,191
15724.0,36,26,0,0,62,0,191
15725.0,36,26,0,0,62,0,191
15726.0,36,26,0,0,62,0,191
15727.0,36,26,0,0,62,0,191
15728.0,36,26,0,0,62,0,191
15729.0,36,26,0,0,62,0,191
15730.0,36,26,0,0,62,0,191
15731.0,36,26,0,0,62,0,191
15732.0,36,26,0,0,62,0,191
15733.0,36,26,0,0,62,0,191
15734.0,36,26,0,0,62,0,191
15735.0,36,26,0,0,62,0,191
15736.0,36,26,0,0,62,0,191
15737.0,36,26,0,0,62,0,191
15738.0,36,26,0,0,62,0,191
15739.0,36,26,0,0,62,0,191
15740.0,36,26,0,0,62,0,191
15741.0,36,26,0,0,62,0,191
15742.0,36,26,0,0,62,0,191
15743.0,36,26,0,0,62,0,191
15744.0,36,26,0,0,62,0,191
15745.0,36,26,0,0,62,0,191
15746.0,36,26,0,0,62,0,191
15747.0,36,26,0,0,62,0,191
15748.0,36,26,0,0,62,0,191
15749.0,36,26,0,0,62,0,191
15750.0,36,26,0,0,62,0,191
15751.0,36,26,0,0,62,0,191
15752.0,36,26,0,0,62,0,191
15753.0,36,26,0,0,62,0,191
15754.0,36,26,0,0,62,0,191
15755.0,36,26,0,0,62,0,191
15756.0,36,26,0,0,62,0,191
15757.0,36,26,0,0,62,0,191
15758.0,36,26,0,0,62,0,191
15759.0,36,26,0,0,62,0,191
15760.0,36,26,0,0,62,0,191
15761.0,36,26,0,0,62,0,191
15762.0,36,26,0,0,62,0,191
15763.0,36,26,0,0,62,0,191
15764.0,36,26,0,0,62,0,191
15765.0,36,26,0,0,62,0,191
15766.0,36,26,0,0,62,0,191
15767.0,36,26,0,0,62,0,191
15768.0,36,26,0,0,62,0,191
15769.0,36,26,0,0,62,0,191
15770.0,36,26,0,0,62,0,191
15771.0,36,26,0,0,62,0,191
15772.0,36,26,0,0,62,0,191
15773.0,36,26,0,0,62,0,191
15774.0,36,26,0,0,62,0,191
15775.0,36,26,0,0,62,0,191
15776.0,36,26,0,0,62,0,191
15777.0,36,26,0,0,62,0,191
15778.0,36,26,0,0,62,0,191
15779.0,36,26,0,0,62,0,191
15780.0,36,26,0,0,62,0,191
15781.0,36,26,0,0,62,0,191
15782.0,36,26,0,0,62,0,191
15783.0,36,26,0,0,62,0,191
15784.0,36,26,0,0,62,0,191
15785.0,36,26,0,0,62,0,191
15786.0,36,26,0,0,62,0,191
15787.0,36,26,0,0,62,0,191
15788.0,36,26,0,0,62,0,191
15789.0,36,26,0,0,62,0,191
15790.0,36,26,0,0,62,0,191
15791.0,36,26,0,0,62,0,191
15792.0,36,26,0,0,62,0,191
15793.0,36,26,0,0,62,0,191
15794.0,36,26,0,0,62,0,191
15795.0,36,26,0,0,62,0,191
15796.0,36,26,0,0,62,0,191
15797.0,36,26,0,0,62,0,191
15798.0,36,26,0,0,62,0,191
15799.0,36,26,0,0,62,0,191
15800.0,36,26,0,0,62,0,191
15801.0,36,26,0,0,62,0,191
15802.0,36,26,0,0,62,0,191
15803.0,36,26,0,0,62,0,191
15804.0,36,26,0,0,62,0,191
15805.0,36,26,0,0,62,0,191
15806.0,36,26,0,0,62,0,191
15807.0,36,26,0,0,62,0,191
15808.0,36,26,0,0,62,0,191
15809.0,36,26,0,0,62,0,191
15810.0,36,26,0,0,62,0,191
15811.0,36,26,0,0,62,0,191
15812.0,36,26,0,0,62,0,191
15813.0,36,26,0,0,62,0,191
15814.0,36,26,0,0,62,0,191
15815.0,36,26,0,0,62,0,191
15816.0,36,26,0,0,62,0,191
15817.0,36,26,0,0,62,0,191
15818.0,36,26,0,0,62,0,191
15819.0,36,26,0,0,62,0,191
15820.0,36,26,0,0,62,0,191
15821.0,36,26,0,0,62,0,191
15822.0,36,26,0,0,62,0,191
15823.0,36,26,0,0,62,0,191
15824.0,36,26,0,0,62,0,191
15825.0,36,26,0,0,62,0,191
15826.0,36,26,0,0,62,0,191
15827.0,36,26,0,0,62,0,191
15828.0,36,26,0,0,62,0,191
15829.0,36,26,0,0,62,0,191
15830.0,36,26,0,0,62,0,191
15831.0,36,26,0,0,62,0,191
15832.0,36,26,0,0,62,0,191
15833.0,36,26,0,0,62,0,191
15834.0,36,26,0,0,62,0,191
15835.0,36,26,0,0,62,0,191
15836.0,36,26,0,0,62,0,191
15837.0,36,26,0,0,62,0,191
15838.0,36,26,0,0,62,0,191
15839.0,36,26,0,0,62,0,191
15840.0,36,26,0,0,62,0,191
15841.0,36,26,0,0,62,0,191
15842.0,36,26,0,0,62,0,191
15843.0,36,26,0,0,62,0,191
15844.0,36,26,0,0,62,0,191
15845.0,36,26,0,0,62,0,191
15846.0,36,26,0,0,62,0,191
15847.0,36,26,0,0,62,0,191
15848.0,36,26,0,0,62,0,191
15849.0,36,26,0,0,62,0,191
15850.0,36,26,0,0,62,0,191
15851.0,36,26,0,0,62,0,191
15852.0,36,26,0,0,62,0,191
15853.0,36,26,0,0,62,0,191
15854.0,36,26,0,0,62,0,191
15855.0,36,26,0,0,62,0,191
15856.0,36,26,0,0,62,0,191
15857.0,36,26,0,0,62,0,191
15858.0,36,26,0,0,62,0,191
15859.0,36,26,0,0,62,0,191
15860.0,36,26,0,0,62,0,191
15861.0,36,26,0,0,62,0,191
15862.0,36,26,0,0,62,0,191
15863.0,36,26,0,0,62,0,191
15864.0,36,26,0,0,62,0,191
15865.0,36,26,0,0,62,0,191
15866.0,36,26,0,0,62,0,191
15867.0,36,26,0,0,62,0,191
15868.0,36,26,0,0,62,0,191
15869.0,36,26,0,0,62,0,191
15870.0,36,26,0,0,62,0,191
15871.0,36,26,0,0,62,0,191
15872.0,36,26,0,0,62,0,191
15873.0,36,26,0,0,62,0,191
15874.0,36,26,0,0,62,0,191
15875.0,36,26,0,0,62,0,191
15876.0,36,26,0,0,62,0,191
15877.0,36,26,0,0,62,0,191
15878.0,36,26,0,0,62,0,191
15879.0,36,26,0,0,62,0,191
15880.0,36,26,0,0,62,0,191
15881.0,36,26,0,0,62,0,191
15882.0,36,26,0,0,62,0,191
15883.0,36,26,0,0,62,0,191
15884.0,36,26,0,0,62,0,191
15885.0,36,26,0,0,62,0,191
15886.0,36,26,0,0,62,0,191
15887.0,36,26,0,0,62,0,191
15888.0,36,26,0,0,62,0,191
15889.0,36,26,0,0,62,0,191
15890.0,36,26,0,0,62,0,191
15891.0,36,26,0,0,62,0,191
15892.0,36,26,0,0,62,0,191
15893.0,36,26,0,0,62,0,191
15894.0,36,26,0,0,62,0,191
15895.0,36,26,0,0,62,0,191
15896.0,36,26,0,0,62,0,191
15897.0,36,26,0,0,62,0,191
15898.0,36,26,0,0,62,0,191
15899.0,36,26,0,0,62,0,191
15900.0,36,26,0,0,62,0,191
15901.0,36,26,0,0,62,0,191
15902.0,36,26,0,0,62,0,191
15903.0,36,26,0,0,62,0,191
15904.0,36,26,0,0,62,0,191
15905.0,36,26,0,0,62,0,191
15906.0,36,26,0,0,62,0,191
15907.0,36,26,0,0,62,0,191
15908.0,36,26,0,0,62,0,191
15909.0,36,26,0,0,62,0,191
15910.0,36,26,0,0,62,0,191
15911.0,36,26,0,0,62,0,191
15912.0,36,26,0,0,62,0,191
15913.0,36,26,0,0,62,0,191
15914.0,36,26,0,0,62,0,191
15915.0,36,26,0,0,62,0,191
15916.0,36,26,0,0,62,0,191
15917.0,36,26,0,0,62,0,191
15918.0,36,26,0,0,62,0,191
15919.0,36,26,0,0,62,0,191
15920.0,36,26,0,0,62,0,191
15921.0,36,26,0,0,62,0,191
15922.0,36,26,0,0,62,0,191
15923.0,36,26,0,0,62,0,191
15924.0,36,26,0,0,62,0,191
15925.0,36,26,0,0,62,0,191
15926.0,36,26,0,0,62,0,191
15927.0,36,26,0,0,62,0,191
15928.0,36,26,0,0,62,0,191
15929.0,36,26,0,0,62,0,191
15930.0,36,26,0,0,62,0,191
15931.0,36,26,0,0,62,0,191
15932.0,36,26,0,0,62,0,191
15933.0,36,26,0,0,62,0,191
15934.0,36,26,0,0,62,0,191
15935.0,36,26,0,0,62,0,191
15936.0,36,26,0,0,62,0,191
15937.0,36,26,0,0,62,0,191
15938.0,36,26,0,0,62,0,191
15939.0,36,26,0,0,62,0,191
15940.0,36,26,0,0,62,0,191
15941.0,36,26,0,0,62,0,191
15942.0,36,26,0,0,62,0,191
15943.0,36,26,0,0,62,0,191
15944.0,36,26,0,0,62,0,191
15945.0,36,26,0,0,62,0,191
15946.0,36,26,0,0,62,0,191
15947.0,36,26,0,0,62,0,191
15948.0,36,26,0,0,62,0,191
15949.0,36,26,0,0,62,0,191
15950.0,36,26,0,0,62,0,191
15951.0,36,26,0,0,62,0,191
15952.0,36,26,0,0,62,0,191
15953.0,36,26,0,0,62,0,191
15954.0,36,26,0,0,62,0,191
15955.0,36,26,0,0,62,0,191
15956.0,36,26,0,0,62,0,191
15957.0,36,26,0,0,62,0,191
15958.0,36,26,0,0,62,0,191
15959.0,36,26,0,0,62,0,191
15960.0,36,26,0,0,62,0,191
15961.0,36,26,0,0,62,0,191
15962.0,36,26,0,0,62,0,191
15963.0,36,26,0,0,62,0,191
15964.0,36,26,0,0,62,0,191
15965.0,36,26,0,0,62,0,191
15966.0,36,26,0,0,62,0,191
15967.0,36,26,0,0,62,0,191
15968.0,36,26,0,0,62,0,191
15969.0,36,26,0,0,62,0,191
15970.0,36,26,0,0,62,0,191
15971.0,36,26,0,0,62,0,191
15972.0,36,26,0,0,62,0,191
15973.0,36,26,0,0,62,0,191
15974.0,36,26,0,0,62,0,191
15975.0,36,26,0,0,62,0,191
15976.0,36,26,0,0,62,0,191
15977.0,36,26,0,0,62,0,191
15978.0,36,26,0,0,62,0,191
15979.0,36,26,0,0,62,0,191
15980.0,36,26,0,0,62,0,191
15981.0,36,26,0,0,62,0,191
15982.0,36,26,0,0,62,0,191
15983.0,36,26,0,0,62,0,191
15984.0,36,26,0,0,62,0,191
15985.0,36,26,0,0,62,0,191
15986.0,36,26,0,0,62,0,191
15987.0,36,26,0,0,62,0,191
15988.0,36,26,0,0,62,0,191
15989.0,36,26,0,0,62,0,191
15990.0,36,26,0,0,62,0,191
15991.0,36,26,0,0,62,0,191
15992.0,36,26,0,0,62,0,191
15993.0,36,26,0,0,62,0,191
15994.0,36,26,0,0,62,0,191
15995.0,36,26,0,0,62,0,191
15996.0,36,26,0,0,62,0,191
15997.0,36,26,0,0,62,0,191
15998.0,36,26,0,0,62,0,191
15999.0,36,26,0,0,62,0,191
16000.0,36,26,0,0,62,0,191
16001.0,36,26,0,0,62,0,191
16002.0,36,26,0,0,62,0,191
16003.0,36,26,0,0,62,0,191
16004.0,36,26,0,0,62,0,191
16005.0,36,26,0,0,62,0,191
16006.0,36,26,0,0,62,0,191
16007.0,36,26,0,0,62,0,191
16008.0,36,26,0,0,62,0,191
16009.0,36,26,0,0,62,0,191
16010.0,36,26,0,0,62,0,191
16011.0,36,26,0,0,62,0,191
16012.0,36,26,0,0,62,0,191
16013.0,36,26,0,0,62,0,191
16014.0,36,26,0,0,62,0,191
16015.0,36,26,0,0,62,0,191
16016.0,36,26,0,0,62,0,191
16017.0,36,26,0,0,62,0,191
16018.0,36,26,0,0,62,0,191
16019.0,36,26,0,0,62,0,191
16020.0,36,26,0,0,62,0,191
16021.0,36,26,0,0,62,0,191
16022.0,36,26,0,0,62,0,191
16023.0,36,26,0,0,62,0,191
16024.0,36,26,0,0,62,0,191
16025.0,36,26,0,0,62,0,191
16026.0,36,26,0,0,62,0,191
16027.0,36,26,0,0,62,0,191
16028.0,36,26,0,0,62,0,191
16029.0,36,26,0,0,62,0,191
16030.0,36,26,0,0,62,0,191
16031.0,36,26,0,0,62,0,191
16032.0,36,26,0,0,62,0,191
16033.0,36,26,0,0,62,0,191
16034.0,36,26,0,0,62,0,191
16035.0,36,26,0,0,62,0,191
16036.0,36,26,0,0,62,0,191
16037.0,36,26,0,0,62,0,191
16038.0,36,26,0,0,62,0,191
16039.0,36,26,0,0,62,0,191
16040.0,36,26,0,0,62,0,191
16041.0,36,26,0,0,62,0,191
16042.0,36,26,0,0,62,0,191
16043.0,36,26,0,0,62,0,191
16044.0,36,26,0,0,62,0,191
16045.0,36,26,0,0,62,0,191
16046.0,36,26,0,0,62,0,191
16047.0,36,26,0,0,62,0,191
16048.0,36,26,0,0,62,0,191
16049.0,36,26,0,0,62,0,191
16050.0,36,26,0,0,62,0,191
16051.0,36,26,0,0,62,0,191
16052.0,36,26,0,0,62,0,191
16053.0,36,26,0,0,62,0,191
16054.0,36,26,0,0,62,0,191
16055.0,36,26,0,0,62,0,191
16056.0,36,26,0,0,62,0,191
16057.0,36,26,0,0,62,0,191
16058.0,36,26,0,0,62,0,191
16059.0,36,26,0,0,62,0,191
16060.0,36,26,0,0,62,0,191
16061.0,36,26,0,0,62,0,191
16062.0,36,26,0,0,62,0,191
16063.0,36,26,0,0,62,0,191
16064.0,36,26,0,0,62,0,191
16065.0,36,26,0,0,62,0,191
16066.0,36,26,0,0,62,0,191
16067.0,36,26,0,0,62,0,191
16068.0,36,26,0,0,62,0,191
16069.0,36,26,0,0,62,0,191
16070.0,36,26,0,0,62,0,191
16071.0,36,26,0,0,62,0,191
16072.0,36,26,0,0,62,0,191
16073.0,36,26,0,0,62,0,191
16074.0,36,26,0,0,62,0,191
16075.0,36,26,0,0,62,0,191
16076.0,36,26,0,0,62,0,191
16077.0,36,26,0,0,62,0,191
16078.0,36,26,0,0,62,0,191
16079.0,36,26,0,0,62,0,191
16080.0,36,26,0,0,62,0,191
16081.0,36,26,0,0,62,0,191
16082.0,36,26,0,0,62,0,191
16083.0,36,26,0,0,62,0,191
16084.0,36,26,0,0,62,0,191
16085.0,36,26,0,0,62,0,191
16086.0,36,26,0,0,62,0,191
16087.0,36,26,0,0,62,0,191
16088.0,36,26,0,0,62,0,191
16089.0,36,26,0,0,62,0,191
16090.0,36,26,0,0,62,0,191
16091.0,36,26,0,0,62,0,191
16092.0,36,26,0,0,62,0,191
16093.0,36,26,0,0,62,0,191
16094.0,36,26,0,0,62,0,191
16095.0,36,26,0,0,62,0,191
16096.0,36,26,0,0,62,0,191
16097.0,36,26,0,0,62,0,191
16098.0,36,26,0,0,62,0,191
16099.0,36,26,0,0,62,0,191
16100.0,36,26,0,0,62,0,191
16101.0,36,26,0,0,62,0,191
16102.0,36,26,0,0,62,0,191
16103.0,36,26,0,0,62,0,191
16104.0,36,26,0,0,62,0,191
16105.0,36,26,0,0,62,0,191
16106.0,36,26,0,0,62,0,191
16107.0,36,26,0,0,62,0,191
16108.0,36,26,0,0,62,0,191
16109.0,36,26,0,0,62,0,191
16110.0,36,26,0,0,62,0,191
16111.0,36,26,0,0,62,0,191
16112.0,36,26,0,0,62,0,191
16113.0,36,26,0,0,62,0,191
16114.0,36,26,0,0,62,0,191
16115.0,36,26,0,0,62,0,191
16116.0,36,26,0,0,62,0,191
16117.0,36,26,0,0,62,0,191
16118.0,36,26,0,0,62,0,191
16119.0,36,26,0,0,62,0,191
16120.0,36,26,0,0,62,0,191
16121.0,36,26,0,0,62,0,191
16122.0,36,26,0,0,62,0,191
16123.0,36,26,0,0,62,0,191
16124.0,36,26,0,0,62,0,191
16125.0,36,26,0,0,62,0,191
16126.0,36,26,0,0,62,0,191
16127.0,36,26,0,0,62,0,191
16128.0,36,26,0,0,62,0,191
16129.0,36,26,0,0,62,0,191
16130.0,36,26,0,0,62,0,191
16131.0,36,26,0,0,62,0,191
16132.0,36,26,0,0,62,0,191
16133.0,36,26,0,0,62,0,191
16134.0,36,26,0,0,62,0,191
16135.0,36,26,0,0,62,0,191
16136.0,36,26,0,0,62,0,191
16137.0,36,26,0,0,62,0,191
16138.0,36,26,0,0,62,0,191
16139.0,36,26,0,0,62,0,191
16140.0,36,26,0,0,62,0,191
16141.0,36,26,0,0,62,0,191
16142.0,36,26,0,0,62,0,191
16143.0,36,26,0,0,62,0,191
16144.0,36,26,0,0,62,0,191
16145.0,36,26,0,0,62,0,191
16146.0,36,26,0,0,62,0,191
16147.0,36,26,0,0,62,0,191
16148.0,36,26,0,0,62,0,191
16149.0,36,26,0,0,62,0,191
16150.0,36,26,0,0,62,0,191
16151.0,36,26,0,0,62,0,191
16152.0,36,26,0,0,62,0,191
16153.0,36,26,0,0,62,0,191
16154.0,36,26,0,0,62,0,191
16155.0,36,26,0,0,62,0,191
16156.0,36,26,0,0,62,0,191
16157.0,36,26,0,0,62,0,191
16158.0,36,26,0,0,62,0,191
16159.0,36,26,0,0,62,0,191
16160.0,36,26,0,0,62,0,191
16161.0,36,26,0,0,62,0,191
16162.0,36,26,0,0,62,0,191
16163.0,36,26,0,0,62,0,191
16164.0,36,26,0,0,62,0,191
16165.0,36,26,0,0,62,0,191
16166.0,36,26,0,0,62,0,191
16167.0,36,26,0,0,62,0,191
16168.0,36,26,0,0,62,0,191
16169.0,36,26,0,0,62,0,191
16170.0,36,26,0,0,62,0,191
16171.0,36,26,0,0,62,0,191
16172.0,36,26,0,0,62,0,191
16173.0,36,26,0,0,62,0,191
16174.0,36,26,0,0,62,0,191
16175.0,36,26,0,0,62,0,191
16176.0,36,26,0,0,62,0,191
16177.0,36,26,0,0,62,0,191
16178.0,36,26,0,0,62,0,191
16179.0,36,26,0,0,62,0,191
16180.0,36,26,0,0,62,0,191
16181.0,36,26,0,0,62,0,191
16182.0,36,26,0,0,62,0,191
16183.0,36,26,0,0,62,0,191
16184.0,36,26,0,0,62,0,191
16185.0,36,26,0,0,62,0,191
16186.0,36,26,0,0,62,0,191
16187.0,36,26,0,0,62,0,191
16188.0,36,26,0,0,62,0,191
16189.0,36,26,0,0,62,0,191
16190.0,36,26,0,0,62,0,191
16191.0,36,26,0,0,62,0,191
16192.0,36,26,0,0,62,0,191
16193.0,36,26,0,0,62,0,191
16194.0,36,26,0,0,62,0,191
16195.0,36,26,0,0,62,0,191
16196.0,36,26,0,0,62,0,191
16197.0,36,26,0,0,62,0,191
16198.0,36,26,0,0,62,0,191
16199.0,36,26,0,0,62,0,191
16200.0,36,26,0,0,62,0,191
16201.0,36,26,0,0,62,0,191
16202.0,36,26,0,0,62,0,191
16203.0,36,26,0,0,62,0,191
16204.0,36,26,0,0,62,0,191
16205.0,36,26,0,0,62,0,191
16206.0,36,26,0,0,62,0,191
16207.0,36,26,0,0,62,0,191
16208.0,36,26,0,0,62,0,191
16209.0,36,26,0,0,62,0,191
16210.0,36,26,0,0,62,0,191
16211.0,36,26,0,0,62,0,191
16212.0,36,26,0,0,62,0,191
16213.0,36,26,0,0,62,0,191
16214.0,36,26,0,0,62,0,191
16215.0,36,26,0,0,62,0,191
16216.0,36,26,0,0,62,0,191
16217.0,36,26,0,0,62,0,191
16218.0,36,26,0,0,62,0,191
16219.0,36,26,0,0,62,0,191
16220.0,36,26,0,0,62,0,191
16221.0,36,26,0,0,62,0,191
16222.0,36,26,0,0,62,0,191
16223.0,36,26,0,0,62,0,191
16224.0,36,26,0,0,62,0,191
16225.0,36,26,0,0,62,0,191
16226.0,36,26,0,0,62,0,191
16227.0,36,26,0,0,62,0,191
16228.0,36,26,0,0,62,0,191
16229.0,36,26,0,0,62,0,191
16230.0,36,26,0,0,62,0,191
16231.0,36,26,0,0,62,0,191
16232.0,36,26,0,0,62,0,191
16233.0,36,26,0,0,62,0,191
16234.0,36,26,0,0,62,0,191
16235.0,36,26,0,0,62,0,191
16236.0,36,26,0,0,62,0,191
16237.0,36,26,0,0,62,0,191
16238.0,36,26,0,0,62,0,191
16239.0,36,26,0,0,62,0,191
16240.0,36,26,0,0,62,0,191
16241.0,36,26,0,0,62,0,191
16242.0,36,26,0,0,62,0,191
16243.0,36,26,0,0,62,0,191
16244.0,36,26,0,0,62,0,191
16245.0,36,26,0,0,62,0,191
16246.0,36,26,0,0,62,0,191
16247.0,36,26,0,0,62,0,191
16248.0,36,26,0,0,62,0,191
16249.0,36,26,0,0,62,0,191
16250.0,36,26,0,0,62,0,191
16251.0,36,26,0,0,62,0,191
16252.0,36,26,0,0,62,0,191
16253.0,36,26,0,0,62,0,191
16254.0,36,26,0,0,62,0,191
16255.0,36,26,0,0,62,0,191
16256.0,36,26,0,0,62,0,191
16257.0,36,26,0,0,62,0,191
16258.0,36,26,0,0,62,0,191
16259.0,36,26,0,0,62,0,191
16260.0,36,26,0,0,62,0,191
16261.0,36,26,0,0,62,0,191
16262.0,36,26,0,0,62,0,191
16263.0,36,26,0,0,62,0,191
16264.0,36,26,0,0,62,0,191
16265.0,36,26,0,0,62,0,191
16266.0,36,26,0,0,62,0,191
16267.0,36,26,0,0,62,0,191
16268.0,36,26,0,0,62,0,191
16269.0,36,26,0,0,62,0,191
16270.0,36,26,0,0,62,0,191
16271.0,36,26,0,0,62,0,191
16272.0,36,26,0,0,62,0,191
16273.0,36,26,0,0,62,0,191
16274.0,36,26,0,0,62,0,191
16275.0,36,26,0,0,62,0,191
16276.0,36,26,0,0,62,0,191
16277.0,36,26,0,0,62,0,191
16278.0,36,26,0,0,62,0,191
16279.0,36,26,0,0,62,0,191
16280.0,36,26,0,0,62,0,191
16281.0,36,26,0,0,62,0,191
16282.0,36,26,0,0,62,0,191
16283.0,36,26,0,0,62,0,191
16284.0,36,26,0,0,62,0,191
16285.0,36,26,0,0,62,0,191
16286.0,36,26,0,0,62,0,191
16287.0,36,26,0,0,62,0,191
16288.0,36,26,0,0,62,0,191
16289.0,36,26,0,0,62,0,191
16290.0,36,26,0,0,62,0,191
16291.0,36,26,0,0,62,0,191
16292.0,36,26,0,0,62,0,191
16293.0,36,26,0,0,62,0,191
16294.0,36,26,0,0,62,0,191
16295.0,36,26,0,0,62,0,191
16296.0,36,26,0,0,62,0,191
16297.0,36,26,0,0,62,0,191
16298.0,36,26,0,0,62,0,191
16299.0,36,26,0,0,62,0,191
16300.0,36,26,0,0,62,0,191
16301.0,36,26,0,0,62,0,191
16302.0,36,26,0,0,62,0,191
16303.0,36,26,0,0,62,0,191
16304.0,36,26,0,0,62,0,191
16305.0,36,26,0,0,62,0,191
16306.0,36,26,0,0,62,0,191
16307.0,36,26,0,0,62,0,191
16308.0,36,26,0,0,62,0,191
16309.0,36,26,0,0,62,0,191
16310.0,36,26,0,0,62,0,191
16311.0,36,26,0,0,62,0,191
16312.0,36,26,0,0,62,0,191
16313.0,36,26,0,0,62,0,191
16314.0,36,26,0,0,62,0,191
16315.0,36,26,0,0,62,0,191
16316.0,36,26,0,0,62,0,191
16317.0,36,26,0,0,62,0,191
16318.0,36,26,0,0,62,0,191
16319.0,36,26,0,0,62,0,191
16320.0,36,26,0,0,62,0,191
16321.0,36,26,0,0,62,0,191
16322.0,36,26,0,0,62,0,191
16323.0,36,26,0,0,62,0,191
16324.0,36,26,0,0,62,0,191
16325.0,36,26,0,0,62,0,191
16326.0,36,26,0,0,62,0,191
16327.0,36,26,0,0,62,0,191
16328.0,36,26,0,0,62,0,191
16329.0,36,26,0,0,62,0,191
16330.0,36,26,0,0,62,0,191
16331.0,36,26,0,0,62,0,191
16332.0,36,26,0,0,62,0,191
16333.0,36,26,0,0,62,0,191
16334.0,36,26,0,0,62,0,191
16335.0,36,26,0,0,62,0,191
16336.0,36,26,0,0,62,0,191
16337.0,36,26,0,0,62,0,191
16338.0,36,26,0,0,62,0,191
16339.0,36,26,0,0,62,0,191
16340.0,36,26,0,0,62,0,191
16341.0,36,26,0,0,62,0,191
16342.0,36,26,0,0,62,0,191
16343.0,36,26,0,0,62,0,191
16344.0,36,26,0,0,62,0,191
16345.0,36,26,0,0,62,0,191
16346.0,36,26,0,0,62,0,191
16347.0,36,26,0,0,62,0,191
16348.0,36,26,0,0,62,0,191
16349.0,36,26,0,0,62,0,191
16350.0,36,26,0,0,62,0,191
16351.0,36,26,0,0,62,0,191
16352.0,36,26,0,0,62,0,191
16353.0,36,26,0,0,62,0,191
16354.0,36,26,0,0,62,0,191
16355.0,36,26,0,0,62,0,191
16356.0,36,26,0,0,62,0,191
16357.0,36,26,0,0,62,0,191
16358.0,36,26,0,0,62,0,191
16359.0,36,26,0,0,62,0,191
16360.0,36,26,0,0,62,0,191
16361.0,36,26,0,0,62,0,191
16362.0,36,26,0,0,62,0,191
16363.0,36,26,0,0,62,0,191
16364.0,36,26,0,0,62,0,191
16365.0,36,26,0,0,62,0,191
16366.0,36,26,0,0,62,0,191
16367.0,36,26,0,0,62,0,191
16368.0,36,26,0,0,62,0,191
16369.0,36,26,0,0,62,0,191
16370.0,36,26,0,0,62,0,191
16371.0,36,26,0,0,62,0,191
16372.0,36,26,0,0,62,0,191
16373.0,36,26,0,0,62,0,191
16374.0,36,26,0,0,62,0,191
16375.0,36,26,0,0,62,0,191
16376.0,36,26,0,0,62,0,191
16377.0,36,26,0,0,62,0,191
16378.0,36,26,0,0,62,0,191
16379.0,36,26,0,0,62,0,191
16380.0,36,26,0,0,62,0,191
16381.0,36,26,0,0,62,0,191
16382.0,36,26,0,0,62,0,191
16383.0,36,26,0,0,62,0,191
16384.0,36,26,0,0,62,0,191
16385.0,36,26,0,0,62,0,191
16386.0,36,26,0,0,62,0,191
16387.0,36,26,0,0,62,0,191
16388.0,36,26,0,0,62,0,191
16389.0,36,26,0,0,62,0,191
16390.0,36,26,0,0,62,0,191
16391.0,36,26,0,0,62,0,191
16392.0,36,26,0,0,62,0,191
16393.0,36,26,0,0,62,0,191
16394.0,36,26,0,0,62,0,191
16395.0,36,26,0,0,62,0,191
16396.0,36,26,0,0,62,0,191
16397.0,36,26,0,0,62,0,191
16398.0,36,26,0,0,62,0,191
16399.0,36,26,0,0,62,0,191
16400.0,36,26,0,0,62,0,191
16401.0,36,26,0,0,62,0,191
16402.0,36,26,0,0,62,0,191
16403.0,36,26,0,0,62,0,191
16404.0,36,26,0,0,62,0,191
16405.0,36,26,0,0,62,0,191
16406.0,36,26,0,0,62,0,191
16407.0,36,26,0,0,62,0,191
16408.0,36,26,0,0,62,0,191
16409.0,36,26,0,0,62,0,191
16410.0,36,26,0,0,62,0,191
16411.0,36,26,0,0,62,0,191
16412.0,36,26,0,0,62,0,191
16413.0,36,26,0,0,62,0,191
16414.0,36,26,0,0,62,0,191
16415.0,36,26,0,0,62,0,191
16416.0,36,26,0,0,62,0,191
16417.0,36,26,0,0,62,0,191
16418.0,36,26,0,0,62,0,191
16419.0,36,26,0,0,62,0,191
16420.0,36,26,0,0,62,0,191
16421.0,36,26,0,0,62,0,191
16422.0,36,26,0,0,62,0,191
16423.0,36,26,0,0,62,0,191
16424.0,36,26,0,0,62,0,191
16425.0,36,26,0,0,62,0,191
16426.0,36,26,0,0,62,0,191
16427.0,36,26,0,0,62,0,191
16428.0,36,26,0,0,62,0,191
16429.0,36,26,0,0,62,0,191
16430.0,36,26,0,0,62,0,191
16431.0,36,26,0,0,62,0,191
16432.0,36,26,0,0,62,0,191
16433.0,36,26,0,0,62,0,191
16434.0,36,26,0,0,62,0,191
16435.0,36,26,0,0,62,0,191
16436.0,36,26,0,0,62,0,191
16437.0,36,26,0,0,62,0,191
16438.0,36,26,0,0,62,0,191
16439.0,36,26,0,0,62,0,191
16440.0,36,26,0,0,62,0,191
16441.0,36,26,0,0,62,0,191
16442.0,36,26,0,0,62,0,191
16443.0,36,26,0,0,62,0,191
16444.0,36,26,0,0,62,0,191
16445.0,36,26,0,0,62,0,191
16446.0,36,26,0,0,62,0,191
16447.0,36,26,0,0,62,0,191
16448.0,36,26,0,0,62,0,191
16449.0,36,26,0,0,62,0,191
16450.0,36,26,0,0,62,0,191
16451.0,36,26,0,0,62,0,191
16452.0,36,26,0,0,62,0,191
16453.0,36,26,0,0,62,0,191
16454.0,36,26,0,0,62,0,191
16455.0,36,26,0,0,62,0,191
16456.0,36,26,0,0,62,0,191
16457.0,36,26,0,0,62,0,191
16458.0,36,26,0,0,62,0,191
16459.0,36,26,0,0,62,0,191
16460.0,36,26,0,0,62,0,191
16461.0,36,26,0,0,62,0,191
16462.0,36,26,0,0,62,0,191
16463.0,36,26,0,0,62,0,191
16464.0,36,26,0,0,62,0,191
16465.0,36,26,0,0,62,0,191
16466.0,36,26,0,0,62,0,191
16467.0,36,26,0,0,62,0,191
16468.0,36,26,0,0,62,0,191
16469.0,36,26,0,0,62,0,191
16470.0,36,26,0,0,62,0,191
16471.0,36,26,0,0,62,0,191
16472.0,36,26,0,0,62,0,191
16473.0,36,26,0,0,62,0,191
16474.0,36,26,0,0,62,0,191
16475.0,36,26,0,0,62,0,191
16476.0,36,26,0,0,62,0,191
16477.0,36,26,0,0,62,0,191
16478.0,36,26,0,0,62,0,191
16479.0,36,26,0,0,62,0,191
16480.0,36,26,0,0,62,0,191
16481.0,36,26,0,0,62,0,191
16482.0,36,26,0,0,62,0,191
16483.0,36,26,0,0,62,0,191
16484.0,36,26,0,0,62,0,191
16485.0,36,26,0,0,62,0,191
16486.0,36,26,0,0,62,0,191
16487.0,36,26,0,0,62,0,191
16488.0,36,26,0,0,62,0,191
16489.0,36,26,0,0,62,0,191
16490.0,36,26,0,0,62,0,191
16491.0,36,26,0,0,62,0,191
16492.0,36,26,0,0,62,0,191
16493.0,36,26,0,0,62,0,191
16494.0,36,26,0,0,62,0,191
16495.0,36,26,0,0,62,0,191
16496.0,36,26,0,0,62,0,191
16497.0,36,26,0,0,62,0,191
16498.0,36,26,0,0,62,0,191
16499.0,36,26,0,0,62,0,191
16500.0,36,26,0,0,62,0,191
16501.0,36,26,0,0,62,0,191
16502.0,36,26,0,0,62,0,191
16503.0,36,26,0,0,62,0,191
16504.0,36,26,0,0,62,0,191
16505.0,36,26,0,0,62,0,191
16506.0,36,26,0,0,62,0,191
16507.0,36,26,0,0,62,0,191
16508.0,36,26,0,0,62,0,191
16509.0,36,26,0,0,62,0,191
16510.0,36,26,0,0,62,0,191
16511.0,36,26,0,0,62,0,191
16512.0,36,26,0,0,62,0,191
16513.0,36,26,0,0,62,0,191
16514.0,36,26,0,0,62,0,191
16515.0,36,26,0,0,62,0,191
16516.0,36,26,0,0,62,0,191
16517.0,36,26,0,0,62,0,191
16518.0,36,26,0,0,62,0,191
16519.0,36,26,0,0,62,0,191
16520.0,36,26,0,0,62,0,191
16521.0,36,26,0,0,62,0,191
16522.0,36,26,0,0,62,0,191
16523.0,36,26,0,0,62,0,191
16524.0,36,26,0,0,62,0,191
16525.0,36,26,0,0,62,0,191
16526.0,36,26,0,0,62,0,191
16527.0,36,26,0,0,62,0,191
16528.0,36,26,0,0,62,0,191
16529.0,36,26,0,0,62,0,191
16530.0,36,26,0,0,62,0,191
16531.0,36,26,0,0,62,0,191
16532.0,36,26,0,0,62,0,191
16533.0,36,26,0,0,62,0,191
16534.0,36,26,0,0,62,0,191
16535.0,36,26,0,0,62,0,191
16536.0,36,26,0,0,62,0,191
16537.0,36,26,0,0,62,0,191
16538.0,36,26,0,0,62,0,191
16539.0,36,26,0,0,62,0,191
16540.0,36,26,0,0,62,0,191
16541.0,36,26,0,0,62,0,191
16542.0,36,26,0,0,62,0,191
16543.0,36,26,0,0,62,0,191
16544.0,36,26,0,0,62,0,191
16545.0,36,26,0,0,62,0,191
16546.0,36,26,0,0,62,0,191
16547.0,36,26,0,0,62,0,191
16548.0,36,26,0,0,62,0,191
16549.0,36,26,0,0,62,0,191
16550.0,36,26,0,0,62,0,191
16551.0,36,26,0,0,62,0,191
16552.0,36,26,0,0,62,0,191
16553.0,36,26,0,0,62,0,191
16554.0,36,26,0,0,62,0,191
16555.0,36,26,0,0,62,0,191
16556.0,36,26,0,0,62,0,191
16557.0,36,26,0,0,62,0,191
16558.0,36,26,0,0,62,0,191
16559.0,36,26,0,0,62,0,191
16560.0,36,26,0,0,62,0,191
16561.0,36,26,0,0,62,0,191
16562.0,36,26,0,0,62,0,191
16563.0,36,26,0,0,62,0,191
16564.0,36,26,0,0,62,0,191
16565.0,36,26,0,0,62,0,191
16566.0,36,26,0,0,62,0,191
16567.0,36,26,0,0,62,0,191
16568.0,36,26,0,0,62,0,191
16569.0,36,26,0,0,62,0,191
16570.0,36,26,0,0,62,0,191
16571.0,36,26,0,0,62,0,191
16572.0,36,26,0,0,62,0,191
16573.0,36,26,0,0,62,0,191
16574.0,36,26,0,0,62,0,191
16575.0,36,26,0,0,62,0,191
16576.0,36,26,0,0,62,0,191
16577.0,36,26,0,0,62,0,191
16578.0,36,26,0,0,62,0,191
16579.0,36,26,0,0,62,0,191
16580.0,36,26,0,0,62,0,191
16581.0,36,26,0,0,62,0,191
16582.0,36,26,0,0,62,0,191
16583.0,36,26,0,0,62,0,191
16584.0,36,26,0,0,62,0,191
16585.0,36,26,0,0,62,0,191
16586.0,36,26,0,0,62,0,191
16587.0,36,26,0,0,62,0,191
16588.0,36,26,0,0,62,0,191
16589.0,36,26,0,0,62,0,191
16590.0,36,26,0,0,62,0,191
16591.0,36,26,0,0,62,0,191
16592.0,36,26,0,0,62,0,191
16593.0,36,26,0,0,62,0,191
16594.0,36,26,0,0,62,0,191
16595.0,36,26,0,0,62,0,191
16596.0,36,26,0,0,62,0,191
16597.0,36,26,0,0,62,0,191
16598.0,36,26,0,0,62,0,191
16599.0,36,26,0,0,62,0,191
16600.0,36,26,0,0,62,0,191
16601.0,36,26,0,0,62,0,191
16602.0,36,26,0,0,62,0,191
16603.0,36,26,0,0,62,0,191
16604.0,36,26,0,0,62,0,191
16605.0,36,26,0,0,62,0,191
16606.0,36,26,0,0,62,0,191
16607.0,36,26,0,0,62,0,191
16608.0,36,26,0,0,62,0,191
16609.0,36,26,0,0,62,0,191
16610.0,36,26,0,0,62,0,191
16611.0,36,26,0,0,62,0,191
16612.0,36,26,0,0,62,0,191
16613.0,36,26,0,0,62,0,191
16614.0,36,26,0,0,62,0,191
16615.0,36,26,0,0,62,0,191
16616.0,36,26,0,0,62,0,191
16617.0,36,26,0,0,62,0,191
16618.0,36,26,0,0,62,0,191
16619.0,36,26,0,0,62,0,191
16620.0,36,26,0,0,62,0,191
16621.0,36,26,0,0,62,0,191
16622.0,36,26,0,0,62,0,191
16623.0,36,26,0,0,62,0,191
16624.0,36,26,0,0,62,0,191
16625.0,36,26,0,0,62,0,191
16626.0,36,26,0,0,62,0,191
16627.0,36,26,0,0,62,0,191
16628.0,36,26,0,0,62,0,191
16629.0,36,26,0,0,62,0,191
16630.0,36,26,0,0,62,0,191
16631.0,36,26,0,0,62,0,191
16632.0,36,26,0,0,62,0,191
16633.0,36,26,0,0,62,0,191
16634.0,36,26,0,0,62,0,191
16635.0,36,26,0,0,62,0,191
16636.0,36,26,0,0,62,0,191
16637.0,36,26,0,0,62,0,191
16638.0,36,26,0,0,62,0,191
16639.0,36,26,0,0,62,0,191
16640.0,36,26,0,0,62,0,191
16641.0,36,26,0,0,62,0,191
16642.0,36,26,0,0,62,0,191
16643.0,36,26,0,0,62,0,191
16644.0,36,26,0,0,62,0,191
16645.0,36,26,0,0,62,0,191
16646.0,36,26,0,0,62,0,191
16647.0,36,26,0,0,62,0,191
16648.0,36,26,0,0,62,0,191
16649.0,36,26,0,0,62,0,191
16650.0,36,26,0,0,62,0,191
16651.0,36,26,0,0,62,0,191
16652.0,36,26,0,0,62,0,191
16653.0,36,26,0,0,62,0,191
16654.0,36,26,0,0,62,0,191
16655.0,36,26,0,0,62,0,191
16656.0,36,26,0,0,62,0,191
16657.0,36,26,0,0,62,0,191
16658.0,36,26,0,0,62,0,191
16659.0,36,26,0,0,62,0,191
16660.0,36,26,0,0,62,0,191
16661.0,36,26,0,0,62,0,191
16662.0,36,26,0,0,62,0,191
16663.0,36,26,0,0,62,0,191
16664.0,36,26,0,0,62,0,191
16665.0,36,26,0,0,62,0,191
16666.0,36,26,0,0,62,0,191
16667.0,36,26,0,0,62,0,191
16668.0,36,26,0,0,62,0,191
16669.0,36,26,0,0,62,0,191
16670.0,36,26,0,0,62,0,191
16671.0,36,26,0,0,62,0,191
16672.0,36,26,0,0,62,0,191
16673.0,36,26,0,0,62,0,191
16674.0,36,26,0,0,62,0,191
16675.0,36,26,0,0,62,0,191
16676.0,36,26,0,0,62,0,191
16677.0,36,26,0,0,62,0,191
16678.0,36,26,0,0,62,0,191
16679.0,36,26,0,0,62,0,191
16680.0,36,26,0,0,62,0,191
16681.0,36,26,0,0,62,0,191
16682.0,36,26,0,0,62,0,191
16683.0,36,26,0,0,62,0,191
16684.0,36,26,0,0,62,0,191
16685.0,36,26,0,0,62,0,191
16686.0,36,26,0,0,62,0,191
16687.0,36,26,0,0,62,0,191
16688.0,36,26,0,0,62,0,191
16689.0,36,26,0,0,62,0,191
16690.0,36,26,0,0,62,0,191
16691.0,36,26,0,0,62,0,191
16692.0,36,26,0,0,62,0,191
16693.0,36,26,0,0,62,0,191
16694.0,36,26,0,0,62,0,191
16695.0,36,26,0,0,62,0,191
16696.0,36,26,0,0,62,0,191
16697.0,36,26,0,0,62,0,191
16698.0,36,26,0,0,62,0,191
16699.0,36,26,0,0,62,0,191
16700.0,36,26,0,0,62,0,191
16701.0,36,26,0,0,62,0,191
16702.0,36,26,0,0,62,0,191
16703.0,36,26,0,0,62,0,191
16704.0,36,26,0,0,62,0,191
16705.0,36,26,0,0,62,0,191
16706.0,36,26,0,0,62,0,191
16707.0,36,26,0,0,62,0,191
16708.0,36,26,0,0,62,0,191
16709.0,36,26,0,0,62,0,191
16710.0,36,26,0,0,62,0,191
16711.0,36,26,0,0,62,0,191
16712.0,36,26,0,0,62,0,191
16713.0,36,26,0,0,62,0,191
16714.0,36,26,0,0,62,0,191
16715.0,36,26,0,0,62,0,191
16716.0,36,26,0,0,62,0,191
16717.0,36,26,0,0,62,0,191
16718.0,36,26,0,0,62,0,191
16719.0,36,26,0,0,62,0,191
16720.0,36,26,0,0,62,0,191
16721.0,36,26,0,0,62,0,191
16722.0,36,26,0,0,62,0,191
16723.0,36,26,0,0,62,0,191
16724.0,36,26,0,0,62,0,191
16725.0,36,26,0,0,62,0,191
16726.0,36,26,0,0,62,0,191
16727.0,36,26,0,0,62,0,191
16728.0,36,26,0,0,62,0,191
16729.0,36,26,0,0,62,0,191
16730.0,36,26,0,0,62,0,191
16731.0,36,26,0,0,62,0,191
16732.0,36,26,0,0,62,0,191
16733.0,36,26,0,0,62,0,191
16734.0,36,26,0,0,62,0,191
16735.0,36,26,0,0,62,0,191
16736.0,36,26,0,0,62,0,191
16737.0,36,26,0,0,62,0,191
16738.0,36,26,0,0,62,0,191
16739.0,36,26,0,0,62,0,191
16740.0,36,26,0,0,62,0,191
16741.0,36,26,0,0,62,0,191
16742.0,36,26,0,0,62,0,191
16743.0,36,26,0,0,62,0,191
16744.0,36,26,0,0,62,0,191
16745.0,36,26,0,0,62,0,191
16746.0,36,26,0,0,62,0,191
16747.0,36,26,0,0,62,0,191
16748.0,36,26,0,0,62,0,191
16749.0,36,26,0,0,62,0,191
16750.0,36,26,0,0,62,0,191
16751.0,36,26,0,0,62,0,191
16752.0,36,26,0,0,62,0,191
16753.0,36,26,0,0,62,0,191
16754.0,36,26,0,0,62,0,191
16755.0,36,26,0,0,62,0,191
16756.0,36,26,0,0,62,0,191
16757.0,36,26,0,0,62,0,191
16758.0,36,26,0,0,62,0,191
16759.0,36,26,0,0,62,0,191
16760.0,36,26,0,0,62,0,191
16761.0,36,26,0,0,62,0,191
16762.0,36,26,0,0,62,0,191
16763.0,36,26,0,0,62,0,191
16764.0,36,26,0,0,62,0,191
16765.0,36,26,0,0,62,0,191
16766.0,36,26,0,0,62,0,191
16767.0,36,26,0,0,62,0,191
16768.0,36,26,0,0,62,0,191
16769.0,36,26,0,0,62,0,191
16770.0,36,26,0,0,62,0,191
16771.0,36,26,0,0,62,0,191
16772.0,36,26,0,0,62,0,191
16773.0,36,26,0,0,62,0,191
16774.0,36,26,0,0,62,0,191
16775.0,36,26,0,0,62,0,191
16776.0,36,26,0,0,62,0,191
16777.0,36,26,0,0,62,0,191
16778.0,36,26,0,0,62,0,191
16779.0,36,26,0,0,62,0,191
16780.0,36,26,0,0,62,0,191
16781.0,36,26,0,0,62,0,191
16782.0,36,26,0,0,62,0,191
16783.0,36,26,0,0,62,0,191
16784.0,36,26,0,0,62,0,191
16785.0,36,26,0,0,62,0,191
16786.0,36,26,0,0,62,0,191
16787.0,36,26,0,0,62,0,191
16788.0,36,26,0,0,62,0,191
16789.0,36,26,0,0,62,0,191
16790.0,36,26,0,0,62,0,191
16791.0,36,26,0,0,62,0,191
16792.0,36,26,0,0,62,0,191
16793.0,36,26,0,0,62,0,191
16794.0,36,26,0,0,62,0,191
16795.0,36,26,0,0,62,0,191
16796.0,36,26,0,0,62,0,191
16797.0,36,26,0,0,62,0,191
16798.0,36,26,0,0,62,0,191
16799.0,36,26,0,0,62,0,191
16800.0,36,26,0,0,62,0,191
16801.0,36,26,0,0,62,0,191
16802.0,36,26,0,0,62,0,191
16803.0,36,26,0,0,62,0,191
16804.0,36,26,0,0,62,0,191
16805.0,36,26,0,0,62,0,191
16806.0,36,26,0,0,62,0,191
16807.0,36,26,0,0,62,0,191
16808.0,36,26,0,0,62,0,191
16809.0,36,26,0,0,62,0,191
16810.0,36,26,0,0,62,0,191
16811.0,36,26,0,0,62,0,191
16812.0,36,26,0,0,62,0,191
16813.0,36,26,0,0,62,0,191
16814.0,36,26,0,0,62,0,191
16815.0,36,26,0,0,62,0,191
16816.0,36,26,0,0,62,0,191
16817.0,36,26,0,0,62,0,191
16818.0,36,26,0,0,62,0,191
16819.0,36,26,0,0,62,0,191
16820.0,36,26,0,0,62,0,191
16821.0,36,26,0,0,62,0,191
16822.0,36,26,0,0,62,0,191
16823.0,36,26,0,0,62,0,191
16824.0,36,26,0,0,62,0,191
16825.0,36,26,0,0,62,0,191
16826.0,36,26,0,0,62,0,191
16827.0,36,26,0,0,62,0,191
16828.0,36,26,0,0,62,0,191
16829.0,36,26,0,0,62,0,191
16830.0,36,26,0,0,62,0,191
16831.0,36,26,0,0,62,0,191
16832.0,36,26,0,0,62,0,191
16833.0,36,26,0,0,62,0,191
16834.0,36,26,0,0,62,0,191
16835.0,36,26,0,0,62,0,191
16836.0,36,26,0,0,62,0,191
16837.0,36,26,0,0,62,0,191
16838.0,36,26,0,0,62,0,191
16839.0,36,26,0,0,62,0,191
16840.0,36,26,0,0,62,0,191
16841.0,36,26,0,0,62,0,191
16842.0,36,26,0,0,62,0,191
16843.0,36,26,0,0,62,0,191
16844.0,36,26,0,0,62,0,191
16845.0,36,26,0,0,62,0,191
16846.0,36,26,0,0,62,0,191
16847.0,36,26,0,0,62,0,191
16848.0,36,26,0,0,62,0,191
16849.0,36,26,0,0,62,0,191
16850.0,36,26,0,0,62,0,191
16851.0,36,26,0,0,62,0,191
16852.0,36,26,0,0,62,0,191
16853.0,36,26,0,0,62,0,191
16854.0,36,26,0,0,62,0,191
16855.0,36,26,0,0,62,0,191
16856.0,36,26,0,0,62,0,191
16857.0,36,26,0,0,62,0,191
16858.0,36,26,0,0,62,0,191
16859.0,36,26,0,0,62,0,191
16860.0,36,26,0,0,62,0,191
16861.0,36,26,0,0,62,0,191
16862.0,36,26,0,0,62,0,191
16863.0,36,26,0,0,62,0,191
16864.0,36,26,0,0,62,0,191
16865.0,36,26,0,0,62,0,191
16866.0,36,26,0,0,62,0,191
16867.0,36,26,0,0,62,0,191
16868.0,36,26,0,0,62,0,191
16869.0,36,26,0,0,62,0,191
16870.0,36,26,0,0,62,0,191
16871.0,36,26,0,0,62,0,191
16872.0,36,26,0,0,62,0,191
16873.0,36,26,0,0,62,0,191
16874.0,36,26,0,0,62,0,191
16875.0,36,26,0,0,62,0,191
16876.0,36,26,0,0,62,0,191
16877.0,36,26,0,0,62,0,191
16878.0,36,26,0,0,62,0,191
16879.0,36,26,0,0,62,0,191
16880.0,36,26,0,0,62,0,191
16881.0,36,26,0,0,62,0,191
16882.0,36,26,0,0,62,0,191
16883.0,36,26,0,0,62,0,191
16884.0,36,26,0,0,62,0,191
16885.0,36,26,0,0,62,0,191
16886.0,36,26,0,0,62,0,191
16887.0,36,26,0,0,62,0,191
16888.0,36,26,0,0,62,0,191
16889.0,36,26,0,0,62,0,191
16890.0,36,26,0,0,62,0,191
16891.0,36,26,0,0,62,0,191
16892.0,36,26,0,0,62,0,191
16893.0,36,26,0,0,62,0,191
16894.0,36,26,0,0,62,0,191
16895.0,36,26,0,0,62,0,191
16896.0,36,26,0,0,62,0,191
16897.0,36,26,0,0,62,0,191
16898.0,36,26,0,0,62,0,191
16899.0,36,26,0,0,62,0,191
16900.0,36,26,0,0,62,0,191
16901.0,36,26,0,0,62,0,191
16902.0,36,26,0,0,62,0,191
16903.0,36,26,0,0,62,0,191
16904.0,36,26,0,0,62,0,191
16905.0,36,26,0,0,62,0,191
16906.0,36,26,0,0,62,0,191
16907.0,36,26,0,0,62,0,191
16908.0,36,26,0,0,62,0,191
16909.0,36,26,0,0,62,0,191
16910.0,36,26,0,0,62,0,191
16911.0,36,26,0,0,62,0,191
16912.0,36,26,0,0,62,0,191
16913.0,36,26,0,0,62,0,191
16914.0,36,26,0,0,62,0,191
16915.0,36,26,0,0,62,0,191
16916.0,36,26,0,0,62,0,191
16917.0,36,26,0,0,62,0,191
16918.0,36,26,0,0,62,0,191
16919.0,36,26,0,0,62,0,191
16920.0,36,26,0,0,62,0,191
16921.0,36,26,0,0,62,0,191
16922.0,36,26,0,0,62,0,191
16923.0,36,26,0,0,62,0,191
16924.0,36,26,0,0,62,0,191
16925.0,36,26,0,0,62,0,191
16926.0,36,26,0,0,62,0,191
16927.0,36,26,0,0,62,0,191
16928.0,36,26,0,0,62,0,191
16929.0,36,26,0,0,62,0,191
16930.0,36,26,0,0,62,0,191
16931.0,36,26,0,0,62,0,191
16932.0,36,26,0,0,62,0,191
16933.0,36,26,0,0,62,0,191
16934.0,36,26,0,0,62,0,191
16935.0,36,26,0,0,62,0,191
16936.0,36,26,0,0,62,0,191
16937.0,36,26,0,0,62,0,191
16938.0,36,26,0,0,62,0,191
16939.0,36,26,0,0,62,0,191
16940.0,36,26,0,0,62,0,191
16941.0,36,26,0,0,62,0,191
16942.0,36,26,0,0,62,0,191
16943.0,36,26,0,0,62,0,191
16944.0,36,26,0,0,62,0,191
16945.0,36,26,0,0,62,0,191
16946.0,36,26,0,0,62,0,191
16947.0,36,26,0,0,62,0,191
16948.0,36,26,0,0,62,0,191
16949.0,36,26,0,0,62,0,191
16950.0,36,26,0,0,62,0,191
16951.0,36,26,0,0,62,0,191
16952.0,36,26,0,0,62,0,191
16953.0,36,26,0,0,62,0,191
16954.0,36,26,0,0,62,0,191
16955.0,36,26,0,0,62,0,191
16956.0,36,26,0,0,62,0,191
16957.0,36,26,0,0,62,0,191
16958.0,36,26,0,0,62,0,191
16959.0,36,26,0,0,62,0,191
16960.0,36,26,0,0,62,0,191
16961.0,36,26,0,0,62,0,191
16962.0,36,26,0,0,62,0,191
16963.0,36,26,0,0,62,0,191
16964.0,36,26,0,0,62,0,191
16965.0,36,26,0,0,62,0,191
16966.0,36,26,0,0,62,0,191
16967.0,36,26,0,0,62,0,191
16968.0,36,26,0,0,62,0,191
16969.0,36,26,0,0,62,0,191
16970.0,36,26,0,0,62,0,191
16971.0,36,26,0,0,62,0,191
16972.0,36,26,0,0,62,0,191
16973.0,36,26,0,0,62,0,191
16974.0,36,26,0,0,62,0,191
16975.0,36,26,0,0,62,0,191
16976.0,36,26,0,0,62,0,191
16977.0,36,26,0,0,62,0,191
16978.0,36,26,0,0,62,0,191
16979.0,36,26,0,0,62,0,191
16980.0,36,26,0,0,62,0,191
16981.0,36,26,0,0,62,0,191
16982.0,36,26,0,0,62,0,191
16983.0,36,26,0,0,62,0,191
16984.0,36,26,0,0,62,0,191
16985.0,36,26,0,0,62,0,191
16986.0,36,26,0,0,62,0,191
16987.0,36,26,0,0,62,0,191
16988.0,36,26,0,0,62,0,191
16989.0,36,26,0,0,62,0,191
16990.0,36,26,0,0,62,0,191
16991.0,36,26,0,0,62,0,191
16992.0,36,26,0,0,62,0,191
16993.0,36,26,0,0,62,0,191
16994.0,36,26,0,0,62,0,191
16995.0,36,26,0,0,62,0,191
16996.0,36,26,0,0,62,0,191
16997.0,36,26,0,0,62,0,191
16998.0,36,26,0,0,62,0,191
16999.0,36,26,0,0,62,0,191
17000.0,36,26,0,0,62,0,191
17001.0,36,26,0,0,62,0,191
17002.0,36,26,0,0,62,0,191
17003.0,36,26,0,0,62,0,191
17004.0,36,26,0,0,62,0,191
17005.0,36,26,0,0,62,0,191
17006.0,36,26,0,0,62,0,191
17007.0,36,26,0,0,62,0,191
17008.0,36,26,0,0,62,0,191
17009.0,36,26,0,0,62,0,191
17010.0,36,26,0,0,62,0,191
17011.0,36,26,0,0,62,0,191
17012.0,36,26,0,0,62,0,191
17013.0,36,26,0,0,62,0,191
17014.0,36,26,0,0,62,0,191
17015.0,36,26,0,0,62,0,191
17016.0,36,26,0,0,62,0,191
17017.0,36,26,0,0,62,0,191
17018.0,36,26,0,0,62,0,191
17019.0,36,26,0,0,62,0,191
17020.0,36,26,0,0,62,0,191
17021.0,36,26,0,0,62,0,191
17022.0,36,26,0,0,62,0,191
17023.0,36,26,0,0,62,0,191
17024.0,36,26,0,0,62,0,191
17025.0,36,26,0,0,62,0,191
17026.0,36,26,0,0,62,0,191
17027.0,36,26,0,0,62,0,191
17028.0,36,26,0,0,62,0,191
17029.0,36,26,0,0,62,0,191
17030.0,36,26,0,0,62,0,191
17031.0,36,26,0,0,62,0,191
17032.0,36,26,0,0,62,0,191
17033.0,36,26,0,0,62,0,191
17034.0,36,26,0,0,62,0,191
17035.0,36,26,0,0,62,0,191
17036.0,36,26,0,0,62,0,191
17037.0,36,26,0,0,62,0,191
17038.0,36,26,0,0,62,0,191
17039.0,36,26,0,0,62,0,191
17040.0,36,26,0,0,62,0,191
17041.0,36,26,0,0,62,0,191
17042.0,36,26,0,0,62,0,191
17043.0,36,26,0,0,62,0,191
17044.0,36,26,0,0,62,0,191
17045.0,36,26,0,0,62,0,191
17046.0,36,26,0,0,62,0,191
17047.0,36,26,0,0,62,0,191
17048.0,36,26,0,0,62,0,191
17049.0,36,26,0,0,62,0,191
17050.0,36,26,0,0,62,0,191
17051.0,36,26,0,0,62,0,191
17052.0,36,26,0,0,62,0,191
17053.0,36,26,0,0,62,0,191
17054.0,36,26,0,0,62,0,191
17055.0,36,26,0,0,62,0,191
17056.0,36,26,0,0,62,0,191
17057.0,36,26,0,0,62,0,191
17058.0,36,26,0,0,62,0,191
17059.0,36,26,0,0,62,0,191
17060.0,36,26,0,0,62,0,191
17061.0,36,26,0,0,62,0,191
17062.0,36,26,0,0,62,0,191
17063.0,36,26,0,0,62,0,191
17064.0,36,26,0,0,62,0,191
17065.0,36,26,0,0,62,0,191
17066.0,36,26,0,0,62,0,191
17067.0,36,26,0,0,62,0,191
17068.0,36,26,0,0,62,0,191
17069.0,36,26,0,0,62,0,191
17070.0,36,26,0,0,62,0,191
17071.0,36,26,0,0,62,0,191
17072.0,36,26,0,0,62,0,191
17073.0,36,26,0,0,62,0,191
17074.0,36,26,0,0,62,0,191
17075.0,36,26,0,0,62,0,191
17076.0,36,26,0,0,62,0,191
17077.0,36,26,0,0,62,0,191
17078.0,36,26,0,0,62,0,191
17079.0,36,26,0,0,62,0,191
17080.0,36,26,0,0,62,0,191
17081.0,36,26,0,0,62,0,191
17082.0,36,26,0,0,62,0,191
17083.0,36,26,0,0,62,0,191
17084.0,36,26,0,0,62,0,191
17085.0,36,26,0,0,62,0,191
17086.0,36,26,0,0,62,0,191
17087.0,36,26,0,0,62,0,191
17088.0,36,26,0,0,62,0,191
17089.0,36,26,0,0,62,0,191
17090.0,36,26,0,0,62,0,191
17091.0,36,26,0,0,62,0,191
17092.0,36,26,0,0,62,0,191
17093.0,36,26,0,0,62,0,191
17094.0,36,26,0,0,62,0,191
17095.0,36,26,0,0,62,0,191
17096.0,36,26,0,0,62,0,191
17097.0,36,26,0,0,62,0,191
17098.0,36,26,0,0,62,0,191
17099.0,36,26,0,0,62,0,191
17100.0,36,26,0,0,62,0,191
17101.0,36,26,0,0,62,0,191
17102.0,36,26,0,0,62,0,191
17103.0,36,26,0,0,62,0,191
17104.0,36,26,0,0,62,0,191
17105.0,36,26,0,0,62,0,191
17106.0,36,26,0,0,62,0,191
17107.0,36,26,0,0,62,0,191
17108.0,36,26,0,0,62,0,191
17109.0,36,26,0,0,62,0,191
17110.0,36,26,0,0,62,0,191
17111.0,36,26,0,0,62,0,191
17112.0,36,26,0,0,62,0,191
17113.0,36,26,0,0,62,0,191
17114.0,36,26,0,0,62,0,191
17115.0,36,26,0,0,62,0,191
17116.0,36,26,0,0,62,0,191
17117.0,36,26,0,0,62,0,191
17118.0,36,26,0,0,62,0,191
17119.0,36,26,0,0,62,0,191
17120.0,36,26,0,0,62,0,191
17121.0,36,26,0,0,62,0,191
17122.0,36,26,0,0,62,0,191
17123.0,36,26,0,0,62,0,191
17124.0,36,26,0,0,62,0,191
17125.0,36,26,0,0,62,0,191
17126.0,36,26,0,0,62,0,191
17127.0,36,26,0,0,62,0,191
17128.0,36,26,0,0,62,0,191
17129.0,36,26,0,0,62,0,191
17130.0,36,26,0,0,62,0,191
17131.0,36,26,0,0,62,0,191
17132.0,36,26,0,0,62,0,191
17133.0,36,26,0,0,62,0,191
17134.0,36,26,0,0,62,0,191
17135.0,36,26,0,0,62,0,191
17136.0,36,26,0,0,62,0,191
17137.0,36,26,0,0,62,0,191
17138.0,36,26,0,0,62,0,191
17139.0,36,26,0,0,62,0,191
17140.0,36,26,0,0,62,0,191
17141.0,36,26,0,0,62,0,191
17142.0,36,26,0,0,62,0,191
17143.0,36,26,0,0,62,0,191
17144.0,36,26,0,0,62,0,191
17145.0,36,26,0,0,62,0,191
17146.0,36,26,0,0,62,0,191
17147.0,36,26,0,0,62,0,191
17148.0,36,26,0,0,62,0,191
17149.0,36,26,0,0,62,0,191
17150.0,36,26,0,0,62,0,191
17151.0,36,26,0,0,62,0,191
17152.0,36,26,0,0,62,0,191
17153.0,36,26,0,0,62,0,191
17154.0,36,26,0,0,62,0,191
17155.0,36,26,0,0,62,0,191
17156.0,36,26,0,0,62,0,191
17157.0,36,26,0,0,62,0,191
17158.0,36,26,0,0,62,0,191
17159.0,36,26,0,0,62,0,191
17160.0,36,26,0,0,62,0,191
17161.0,36,26,0,0,62,0,191
17162.0,36,26,0,0,62,0,191
17163.0,36,26,0,0,62,0,191
17164.0,36,26,0,0,62,0,191
17165.0,36,26,0,0,62,0,191
17166.0,36,26,0,0,62,0,191
17167.0,36,26,0,0,62,0,191
17168.0,36,26,0,0,62,0,191
17169.0,36,26,0,0,62,0,191
17170.0,36,26,0,0,62,0,191
17171.0,36,26,0,0,62,0,191
17172.0,36,26,0,0,62,0,191
17173.0,36,26,0,0,62,0,191
17174.0,36,26,0,0,62,0,191
17175.0,36,26,0,0,62,0,191
17176.0,36,26,0,0,62,0,191
17177.0,36,26,0,0,62,0,191
17178.0,36,26,0,0,62,0,191
17179.0,36,26,0,0,62,0,191
17180.0,36,26,0,0,62,0,191
17181.0,36,26,0,0,62,0,191
17182.0,36,26,0,0,62,0,191
17183.0,36,26,0,0,62,0,191
17184.0,36,26,0,0,62,0,191
17185.0,36,26,0,0,62,0,191
17186.0,36,26,0,0,62,0,191
17187.0,36,26,0,0,62,0,191
17188.0,36,26,0,0,62,0,191
17189.0,36,26,0,0,62,0,191
17190.0,36,26,0,0,62,0,191
17191.0,36,26,0,0,62,0,191
17192.0,36,26,0,0,62,0,191
17193.0,36,26,0,0,62,0,191
17194.0,36,26,0,0,62,0,191
17195.0,36,26,0,0,62,0,191
17196.0,36,26,0,0,62,0,191
17197.0,36,26,0,0,62,0,191
17198.0,36,26,0,0,62,0,191
17199.0,36,26,0,0,62,0,191
17200.0,36,26,0,0,62,0,191
17201.0,36,26,0,0,62,0,191
17202.0,36,26,0,0,62,0,191
17203.0,36,26,0,0,62,0,191
17204.0,36,26,0,0,62,0,191
17205.0,36,26,0,0,62,0,191
17206.0,36,26,0,0,62,0,191
17207.0,36,26,0,0,62,0,191
17208.0,36,26,0,0,62,0,191
17209.0,36,26,0,0,62,0,191
17210.0,36,26,0,0,62,0,191
17211.0,36,26,0,0,62,0,191
17212.0,36,26,0,0,62,0,191
17213.0,36,26,0,0,62,0,191
17214.0,36,26,0,0,62,0,191
17215.0,36,26,0,0,62,0,191
17216.0,36,26,0,0,62,0,191
17217.0,36,26,0,0,62,0,191
17218.0,36,26,0,0,62,0,191
17219.0,36,26,0,0,62,0,191
17220.0,36,26,0,0,62,0,191
17221.0,36,26,0,0,62,0,191
17222.0,36,26,0,0,62,0,191
17223.0,36,26,0,0,62,0,191
17224.0,36,26,0,0,62,0,191
17225.0,36,26,0,0,62,0,191
17226.0,36,26,0,0,62,0,191
17227.0,36,26,0,0,62,0,191
17228.0,36,26,0,0,62,0,191
17229.0,36,26,0,0,62,0,191
17230.0,36,26,0,0,62,0,191
17231.0,36,26,0,0,62,0,191
17232.0,36,26,0,0,62,0,191
17233.0,36,26,0,0,62,0,191
17234.0,36,26,0,0,62,0,191
17235.0,36,26,0,0,62,0,191
17236.0,36,26,0,0,62,0,191
17237.0,36,26,0,0,62,0,191
17238.0,36,26,0,0,62,0,191
17239.0,36,26,0,0,62,0,191
17240.0,36,26,0,0,62,0,191
17241.0,36,26,0,0,62,0,191
17242.0,36,26,0,0,62,0,191
17243.0,36,26,0,0,62,0,191
17244.0,36,26,0,0,62,0,191
17245.0,36,26,0,0,62,0,191
17246.0,36,26,0,0,62,0,191
17247.0,36,26,0,0,62,0,191
17248.0,36,26,0,0,62,0,191
17249.0,36,26,0,0,62,0,191
17250.0,36,26,0,0,62,0,191
17251.0,36,26,0,0,62,0,191
17252.0,36,26,0,0,62,0,191
17253.0,36,26,0,0,62,0,191
17254.0,36,26,0,0,62,0,191
17255.0,36,26,0,0,62,0,191
17256.0,36,26,0,0,62,0,191
17257.0,36,26,0,0,62,0,191
17258.0,36,26,0,0,62,0,191
17259.0,36,26,0,0,62,0,191
17260.0,36,26,0,0,62,0,191
17261.0,36,26,0,0,62,0,191
17262.0,36,26,0,0,62,0,191
17263.0,36,26,0,0,62,0,191
17264.0,36,26,0,0,62,0,191
17265.0,36,26,0,0,62,0,191
17266.0,36,26,0,0,62,0,191
17267.0,36,26,0,0,62,0,191
17268.0,36,26,0,0,62,0,191
17269.0,36,26,0,0,62,0,191
17270.0,36,26,0,0,62,0,191
17271.0,36,26,0,0,62,0,191
17272.0,36,26,0,0,62,0,191
17273.0,36,26,0,0,62,0,191
17274.0,36,26,0,0,62,0,191
17275.0,36,26,0,0,62,0,191
17276.0,36,26,0,0,62,0,191
17277.0,36,26,0,0,62,0,191
17278.0,36,26,0,0,62,0,191
17279.0,36,26,0,0,62,0,191
17280.0,36,26,0,0,62,0,191
17281.0,36,26,0,0,62,0,191
17282.0,36,26,0,0,62,0,191
17283.0,36,26,0,0,62,0,191
17284.0,36,26,0,0,62,0,191
17285.0,36,26,0,0,62,0,191
17286.0,36,26,0,0,62,0,191
17287.0,36,26,0,0,62,0,191
17288.0,36,26,0,0,62,0,191
17289.0,36,26,0,0,62,0,191
17290.0,36,26,0,0,62,0,191
17291.0,36,26,0,0,62,0,191
17292.0,36,26,0,0,62,0,191
17293.0,36,26,0,0,62,0,191
17294.0,36,26,0,0,62,0,191
17295.0,36,26,0,0,62,0,191
17296.0,36,26,0,0,62,0,191
17297.0,36,26,0,0,62,0,191
17298.0,36,26,0,0,62,0,191
17299.0,36,26,0,0,62,0,191
17300.0,36,26,0,0,62,0,191
17301.0,36,26,0,0,62,0,191
17302.0,36,26,0,0,62,0,191
17303.0,36,26,0,0,62,0,191
17304.0,36,26,0,0,62,0,191
17305.0,36,26,0,0,62,0,191
17306.0,36,26,0,0,62,0,191
17307.0,36,26,0,0,62,0,191
17308.0,36,26,0,0,62,0,191
17309.0,36,26,0,0,62,0,191
17310.0,36,26,0,0,62,0,191
17311.0,36,26,0,0,62,0,191
17312.0,36,26,0,0,62,0,191
17313.0,36,26,0,0,62,0,191
17314.0,36,26,0,0,62,0,191
17315.0,36,26,0,0,62,0,191
17316.0,36,26,0,0,62,0,191
17317.0,36,26,0,0,62,0,191
17318.0,36,26,0,0,62,0,191
17319.0,36,26,0,0,62,0,191
17320.0,36,26,0,0,62,0,191
17321.0,36,26,0,0,62,0,191
17322.0,36,26,0,0,62,0,191
17323.0,36,26,0,0,62,0,191
17324.0,36,26,0,0,62,0,191
17325.0,36,26,0,0,62,0,191
17326.0,36,26,0,0,62,0,191
17327.0,36,26,0,0,62,0,191
17328.0,36,26,0,0,62,0,191
17329.0,36,26,0,0,62,0,191
17330.0,36,26,0,0,62,0,191
17331.0,36,26,0,0,62,0,191
17332.0,36,26,0,0,62,0,191
17333.0,36,26,0,0,62,0,191
17334.0,36,26,0,0,62,0,191
17335.0,36,26,0,0,62,0,191
17336.0,36,26,0,0,62,0,191
17337.0,36,26,0,0,62,0,191
17338.0,36,26,0,0,62,0,191
17339.0,36,26,0,0,62,0,191
17340.0,36,26,0,0,62,0,191
17341.0,36,26,0,0,62,0,191
17342.0,36,26,0,0,62,0,191
17343.0,36,26,0,0,62,0,191
17344.0,36,26,0,0,62,0,191
17345.0,36,26,0,0,62,0,191
17346.0,36,26,0,0,62,0,191
17347.0,36,26,0,0,62,0,191
17348.0,36,26,0,0,62,0,191
17349.0,36,26,0,0,62,0,191
17350.0,36,26,0,0,62,0,191
17351.0,36,26,0,0,62,0,191
17352.0,36,26,0,0,62,0,191
17353.0,36,26,0,0,62,0,191
17354.0,36,26,0,0,62,0,191
17355.0,36,26,0,0,62,0,191
17356.0,36,26,0,0,62,0,191
17357.0,36,26,0,0,62,0,191
17358.0,36,26,0,0,62,0,191
17359.0,36,26,0,0,62,0,191
17360.0,36,26,0,0,62,0,191
17361.0,36,26,0,0,62,0,191
17362.0,36,26,0,0,62,0,191
17363.0,36,26,0,0,62,0,191
17364.0,36,26,0,0,62,0,191
17365.0,36,26,0,0,62,0,191
17366.0,36,26,0,0,62,0,191
17367.0,36,26,0,0,62,0,191
17368.0,36,26,0,0,62,0,191
17369.0,36,26,0,0,62,0,191
17370.0,36,26,0,0,62,0,191
17371.0,36,26,0,0,62,0,191
17372.0,36,26,0,0,62,0,191
17373.0,36,26,0,0,62,0,191
17374.0,36,26,0,0,62,0,191
17375.0,36,26,0,0,62,0,191
17376.0,36,26,0,0,62,0,191
17377.0,36,26,0,0,62,0,191
17378.0,36,26,0,0,62,0,191
17379.0,36,26,0,0,62,0,191
17380.0,36,26,0,0,62,0,191
17381.0,36,26,0,0,62,0,191
17382.0,36,26,0,0,62,0,191
17383.0,36,26,0,0,62,0,191
17384.0,36,26,0,0,62,0,191
17385.0,36,26,0,0,62,0,191
17386.0,36,26,0,0,62,0,191
17387.0,36,26,0,0,62,0,191
17388.0,36,26,0,0,62,0,191
17389.0,36,26,0,0,62,0,191
17390.0,36,26,0,0,62,0,191
17391.0,36,26,0,0,62,0,191
17392.0,36,26,0,0,62,0,191
17393.0,36,26,0,0,62,0,191
17394.0,36,26,0,0,62,0,191
17395.0,36,26,0,0,62,0,191
17396.0,36,26,0,0,62,0,191
17397.0,36,26,0,0,62,0,191
17398.0,36,26,0,0,62,0,191
17399.0,36,26,0,0,62,0,191
17400.0,36,26,0,0,62,0,191
17401.0,36,26,0,0,62,0,191
17402.0,36,26,0,0,62,0,191
17403.0,36,26,0,0,62,0,191
17404.0,36,26,0,0,62,0,191
17405.0,36,26,0,0,62,0,191
17406.0,36,26,0,0,62,0,191
17407.0,36,26,0,0,62,0,191
17408.0,36,26,0,0,62,0,191
17409.0,36,26,0,0,62,0,191
17410.0,36,26,0,0,62,0,191
17411.0,36,26,0,0,62,0,191
17412.0,36,26,0,0,62,0,191
17413.0,36,26,0,0,62,0,191
17414.0,36,26,0,0,62,0,191
17415.0,36,26,0,0,62,0,191
17416.0,36,26,0,0,62,0,191
17417.0,36,26,0,0,62,0,191
17418.0,36,26,0,0,62,0,191
17419.0,36,26,0,0,62,0,191
17420.0,36,26,0,0,62,0,191
17421.0,36,26,0,0,62,0,191
17422.0,36,26,0,0,62,0,191
17423.0,36,26,0,0,62,0,191
17424.0,36,26,0,0,62,0,191
17425.0,36,26,0,0,62,0,191
17426.0,36,26,0,0,62,0,191
17427.0,36,26,0,0,62,0,191
17428.0,36,26,0,0,62,0,191
17429.0,36,26,0,0,62,0,191
17430.0,36,26,0,0,62,0,191
17431.0,36,26,0,0,62,0,191
17432.0,36,26,0,0,62,0,191
17433.0,36,26,0,0,62,0,191
17434.0,36,26,0,0,62,0,191
17435.0,36,26,0,0,62,0,191
17436.0,36,26,0,0,62,0,191
17437.0,36,26,0,0,62,0,191
17438.0,36,26,0,0,62,0,191
17439.0,36,26,0,0,62,0,191
17440.0,36,26,0,0,62,0,191
17441.0,36,26,0,0,62,0,191
17442.0,36,26,0,0,62,0,191
17443.0,36,26,0,0,62,0,191
17444.0,36,26,0,0,62,0,191
17445.0,36,26,0,0,62,0,191
17446.0,36,26,0,0,62,0,191
17447.0,36,26,0,0,62,0,191
17448.0,36,26,0,0,62,0,191
17449.0,36,26,0,0,62,0,191
17450.0,36,26,0,0,62,0,191
17451.0,36,26,0,0,62,0,191
17452.0,36,26,0,0,62,0,191
17453.0,36,26,0,0,62,0,191
17454.0,36,26,0,0,62,0,191
17455.0,36,26,0,0,62,0,191
17456.0,36,26,0,0,62,0,191
17457.0,36,26,0,0,62,0,191
17458.0,36,26,0,0,62,0,191
17459.0,36,26,0,0,62,0,191
17460.0,36,26,0,0,62,0,191
17461.0,36,26,0,0,62,0,191
17462.0,36,26,0,0,62,0,191
17463.0,36,26,0,0,62,0,191
17464.0,36,26,0,0,62,0,191
17465.0,36,26,0,0,62,0,191
17466.0,36,26,0,0,62,0,191
17467.0,36,26,0,0,62,0,191
17468.0,36,26,0,0,62,0,191
17469.0,36,26,0,0,62,0,191
17470.0,36,26,0,0,62,0,191
17471.0,36,26,0,0,62,0,191
17472.0,36,26,0,0,62,0,191
17473.0,36,26,0,0,62,0,191
17474.0,36,26,0,0,62,0,191
17475.0,36,26,0,0,62,0,191
17476.0,36,26,0,0,62,0,191
17477.0,36,26,0,0,62,0,191
17478.0,36,26,0,0,62,0,191
17479.0,36,26,0,0,62,0,191
17480.0,36,26,0,0,62,0,191
17481.0,36,26,0,0,62,0,191
17482.0,36,26,0,0,62,0,191
17483.0,36,26,0,0,62,0,191
17484.0,36,26,0,0,62,0,191
17485.0,36,26,0,0,62,0,191
17486.0,36,26,0,0,62,0,191
17487.0,36,26,0,0,62,0,191
17488.0,36,26,0,0,62,0,191
17489.0,36,26,0,0,62,0,191
17490.0,36,26,0,0,62,0,191
17491.0,36,26,0,0,62,0,191
17492.0,36,26,0,0,62,0,191
17493.0,36,26,0,0,62,0,191
17494.0,36,26,0,0,62,0,191
17495.0,36,26,0,0,62,0,191
17496.0,36,26,0,0,62,0,191
17497.0,36,26,0,0,62,0,191
17498.0,36,26,0,0,62,0,191
17499.0,36,26,0,0,62,0,191
17500.0,36,26,0,0,62,0,191
17501.0,36,26,0,0,62,0,191
17502.0,36,26,0,0,62,0,191
17503.0,36,26,0,0,62,0,191
17504.0,36,26,0,0,62,0,191
17505.0,36,26,0,0,62,0,191
17506.0,36,26,0,0,62,0,191
17507.0,36,26,0,0,62,0,191
17508.0,36,26,0,0,62,0,191
17509.0,36,26,0,0,62,0,191
17510.0,36,26,0,0,62,0,191
17511.0,36,26,0,0,62,0,191
17512.0,36,26,0,0,62,0,191
17513.0,36,26,0,0,62,0,191
17514.0,36,26,0,0,62,0,191
17515.0,36,26,0,0,62,0,191
17516.0,36,26,0,0,62,0,191
17517.0,36,26,0,0,62,0,191
17518.0,36,26,0,0,62,0,191
17519.0,36,26,0,0,62,0,191
17520.0,36,26,0,0,62,0,191
17521.0,36,26,0,0,62,0,191
17522.0,36,26,0,0,62,0,191
17523.0,36,26,0,0,62,0,191
17524.0,36,26,0,0,62,0,191
17525.0,36,26,0,0,62,0,191
17526.0,36,26,0,0,62,0,191
17527.0,36,26,0,0,62,0,191
17528.0,36,26,0,0,62,0,191
17529.0,36,26,0,0,62,0,191
17530.0,36,26,0,0,62,0,191
17531.0,36,26,0,0,62,0,191
17532.0,36,26,0,0,62,0,191
17533.0,36,26,0,0,62,0,191
17534.0,36,26,0,0,62,0,191
17535.0,36,26,0,0,62,0,191
17536.0,36,26,0,0,62,0,191
17537.0,36,26,0,0,62,0,191
17538.0,36,26,0,0,62,0,191
17539.0,36,26,0,0,62,0,191
17540.0,36,26,0,0,62,0,191
17541.0,36,26,0,0,62,0,191
17542.0,36,26,0,0,62,0,191
17543.0,36,26,0,0,62,0,191
17544.0,36,26,0,0,62,0,191
17545.0,36,26,0,0,62,0,191
17546.0,36,26,0,0,62,0,191
17547.0,36,26,0,0,62,0,191
17548.0,36,26,0,0,62,0,191
17549.0,36,26,0,0,62,0,191
17550.0,36,26,0,0,62,0,191
17551.0,36,26,0,0,62,0,191
17552.0,36,26,0,0,62,0,191
17553.0,36,26,0,0,62,0,191
17554.0,36,26,0,0,62,0,191
17555.0,36,26,0,0,62,0,191
17556.0,36,26,0,0,62,0,191
17557.0,36,26,0,0,62,0,191
17558.0,36,26,0,0,62,0,191
17559.0,36,26,0,0,62,0,191
17560.0,36,26,0,0,62,0,191
17561.0,36,26,0,0,62,0,191
17562.0,36,26,0,0,62,0,191
17563.0,36,26,0,0,62,0,191
17564.0,36,26,0,0,62,0,191
17565.0,36,26,0,0,62,0,191
17566.0,36,26,0,0,62,0,191
17567.0,36,26,0,0,62,0,191
17568.0,36,26,0,0,62,0,191
17569.0,36,26,0,0,62,0,191
17570.0,36,26,0,0,62,0,191
17571.0,36,26,0,0,62,0,191
17572.0,36,26,0,0,62,0,191
17573.0,36,26,0,0,62,0,191
17574.0,36,26,0,0,62,0,191
17575.0,36,26,0,0,62,0,191
17576.0,36,26,0,0,62,0,191
17577.0,36,26,0,0,62,0,191
17578.0,36,26,0,0,62,0,191
17579.0,36,26,0,0,62,0,191
17580.0,36,26,0,0,62,0,191
17581.0,36,26,0,0,62,0,191
17582.0,36,26,0,0,62,0,191
17583.0,36,26,0,0,62,0,191
17584.0,36,26,0,0,62,0,191
17585.0,36,26,0,0,62,0,191
17586.0,36,26,0,0,62,0,191
17587.0,36,26,0,0,62,0,191
17588.0,36,26,0,0,62,0,191
17589.0,36,26,0,0,62,0,191
17590.0,36,26,0,0,62,0,191
17591.0,36,26,0,0,62,0,191
17592.0,36,26,0,0,62,0,191
17593.0,36,26,0,0,62,0,191
17594.0,36,26,0,0,62,0,191
17595.0,36,26,0,0,62,0,191
17596.0,36,26,0,0,62,0,191
17597.0,36,26,0,0,62,0,191
17598.0,36,26,0,0,62,0,191
17599.0,36,26,0,0,62,0,191
17600.0,36,26,0,0,62,0,191
17601.0,36,26,0,0,62,0,191
17602.0,36,26,0,0,62,0,191
17603.0,36,26,0,0,62,0,191
17604.0,36,26,0,0,62,0,191
17605.0,36,26,0,0,62,0,191
17606.0,36,26,0,0,62,0,191
17607.0,36,26,0,0,62,0,191
17608.0,36,26,0,0,62,0,191
17609.0,36,26,0,0,62,0,191
17610.0,36,26,0,0,62,0,191
17611.0,36,26,0,0,62,0,191
17612.0,36,26,0,0,62,0,191
17613.0,36,26,0,0,62,0,191
17614.0,36,26,0,0,62,0,191
17615.0,36,26,0,0,62,0,191
17616.0,36,26,0,0,62,0,191
17617.0,36,26,0,0,62,0,191
17618.0,36,26,0,0,62,0,191
17619.0,36,26,0,0,62,0,191
17620.0,36,26,0,0,62,0,191
17621.0,36,26,0,0,62,0,191
17622.0,36,26,0,0,62,0,191
17623.0,36,26,0,0,62,0,191
17624.0,36,26,0,0,62,0,191
17625.0,36,26,0,0,62,0,191
17626.0,36,26,0,0,62,0,191
17627.0,36,26,0,0,62,0,191
17628.0,36,26,0,0,62,0,191
17629.0,36,26,0,0,62,0,191
17630.0,36,26,0,0,62,0,191
17631.0,36,26,0,0,62,0,191
17632.0,36,26,0,0,62,0,191
17633.0,36,26,0,0,62,0,191
17634.0,36,26,0,0,62,0,191
17635.0,36,26,0,0,62,0,191
17636.0,36,26,0,0,62,0,191
17637.0,36,26,0,0,62,0,191
17638.0,36,26,0,0,62,0,191
17639.0,36,26,0,0,62,0,191
17640.0,36,26,0,0,62,0,191
17641.0,36,26,0,0,62,0,191
17642.0,36,26,0,0,62,0,191
17643.0,36,26,0,0,62,0,191
17644.0,36,26,0,0,62,0,191
17645.0,36,26,0,0,62,0,191
17646.0,36,26,0,0,62,0,191
17647.0,36,26,0,0,62,0,191
17648.0,36,26,0,0,62,0,191
17649.0,36,26,0,0,62,0,191
17650.0,36,26,0,0,62,0,191
17651.0,36,26,0,0,62,0,191
17652.0,36,26,0,0,62,0,191
17653.0,36,26,0,0,62,0,191
17654.0,36,26,0,0,62,0,191
17655.0,36,26,0,0,62,0,191
17656.0,36,26,0,0,62,0,191
17657.0,36,26,0,0,62,0,191
17658.0,36,26,0,0,62,0,191
17659.0,36,26,0,0,62,0,191
17660.0,36,26,0,0,62,0,191
17661.0,36,26,0,0,62,0,191
17662.0,36,26,0,0,62,0,191
17663.0,36,26,0,0,62,0,191
17664.0,36,26,0,0,62,0,191
17665.0,36,26,0,0,62,0,191
17666.0,36,26,0,0,62,0,191
17667.0,36,26,0,0,62,0,191
17668.0,36,26,0,0,62,0,191
17669.0,36,26,0,0,62,0,191
17670.0,36,26,0,0,62,0,191
17671.0,36,26,0,0,62,0,191
17672.0,36,26,0,0,62,0,191
17673.0,36,26,0,0,62,0,191
17674.0,36,26,0,0,62,0,191
17675.0,36,26,0,0,62,0,191
17676.0,36,26,0,0,62,0,191
17677.0,36,26,0,0,62,0,191
17678.0,36,26,0,0,62,0,191
17679.0,36,26,0,0,62,0,191
17680.0,36,26,0,0,62,0,191
17681.0,36,26,0,0,62,0,191
17682.0,36,26,0,0,62,0,191
17683.0,36,26,0,0,62,0,191
17684.0,36,26,0,0,62,0,191
17685.0,36,26,0,0,62,0,191
17686.0,36,26,0,0,62,0,191
17687.0,36,26,0,0,62,0,191
17688.0,36,26,0,0,62,0,191
17689.0,36,26,0,0,62,0,191
17690.0,36,26,0,0,62,0,191
17691.0,36,26,0,0,62,0,191
17692.0,36,26,0,0,62,0,191
17693.0,36,26,0,0,62,0,191
17694.0,36,26,0,0,62,0,191
17695.0,36,26,0,0,62,0,191
17696.0,36,26,0,0,62,0,191
17697.0,36,26,0,0,62,0,191
17698.0,36,26,0,0,62,0,191
17699.0,36,26,0,0,62,0,191
17700.0,36,26,0,0,62,0,191
17701.0,36,26,0,0,62,0,191
17702.0,36,26,0,0,62,0,191
17703.0,36,26,0,0,62,0,191
17704.0,36,26,0,0,62,0,191
17705.0,36,26,0,0,62,0,191
17706.0,36,26,0,0,62,0,191
17707.0,36,26,0,0,62,0,191
17708.0,36,26,0,0,62,0,191
17709.0,36,26,0,0,62,0,191
17710.0,36,26,0,0,62,0,191
17711.0,36,26,0,0,62,0,191
17712.0,36,26,0,0,62,0,191
17713.0,36,26,0,0,62,0,191
17714.0,36,26,0,0,62,0,191
17715.0,36,26,0,0,62,0,191
17716.0,36,26,0,0,62,0,191
17717.0,36,26,0,0,62,0,191
17718.0,36,26,0,0,62,0,191
17719.0,36,26,0,0,62,0,191
17720.0,36,26,0,0,62,0,191
17721.0,36,26,0,0,62,0,191
17722.0,36,26,0,0,62,0,191
17723.0,36,26,0,0,62,0,191
17724.0,36,26,0,0,62,0,191
17725.0,36,26,0,0,62,0,191
17726.0,36,26,0,0,62,0,191
17727.0,36,26,0,0,62,0,191
17728.0,36,26,0,0,62,0,191
17729.0,36,26,0,0,62,0,191
17730.0,36,26,0,0,62,0,191
17731.0,36,26,0,0,62,0,191
17732.0,36,26,0,0,62,0,191
17733.0,36,26,0,0,62,0,191
17734.0,36,26,0,0,62,0,191
17735.0,36,26,0,0,62,0,191
17736.0,36,26,0,0,62,0,191
17737.0,36,26,0,0,62,0,191
17738.0,36,26,0,0,62,0,191
17739.0,36,26,0,0,62,0,191
17740.0,36,26,0,0,62,0,191
17741.0,36,26,0,0,62,0,191
17742.0,36,26,0,0,62,0,191
17743.0,36,26,0,0,62,0,191
17744.0,36,26,0,0,62,0,191
17745.0,36,26,0,0,62,0,191
17746.0,36,26,0,0,62,0,191
17747.0,36,26,0,0,62,0,191
17748.0,36,26,0,0,62,0,191
17749.0,36,26,0,0,62,0,191
17750.0,36,26,0,0,62,0,191
17751.0,36,26,0,0,62,0,191
17752.0,36,26,0,0,62,0,191
17753.0,36,26,0,0,62,0,191
17754.0,36,26,0,0,62,0,191
17755.0,36,26,0,0,62,0,191
17756.0,36,26,0,0,62,0,191
17757.0,36,26,0,0,62,0,191
17758.0,36,26,0,0,62,0,191
17759.0,36,26,0,0,62,0,191
17760.0,36,26,0,0,62,0,191
17761.0,36,26,0,0,62,0,191
17762.0,36,26,0,0,62,0,191
17763.0,36,26,0,0,62,0,191
17764.0,36,26,0,0,62,0,191
17765.0,36,26,0,0,62,0,191
17766.0,36,26,0,0,62,0,191
17767.0,36,26,0,0,62,0,191
17768.0,36,26,0,0,62,0,191
17769.0,36,26,0,0,62,0,191
17770.0,36,26,0,0,62,0,191
17771.0,36,26,0,0,62,0,191
17772.0,36,26,0,0,62,0,191
17773.0,36,26,0,0,62,0,191
17774.0,36,26,0,0,62,0,191
17775.0,36,26,0,0,62,0,191
17776.0,36,26,0,0,62,0,191
17777.0,36,26,0,0,62,0,191
17778.0,36,26,0,0,62,0,191
17779.0,36,26,0,0,62,0,191
17780.0,36,26,0,0,62,0,191
17781.0,36,26,0,0,62,0,191
17782.0,36,26,0,0,62,0,191
17783.0,36,26,0,0,62,0,191
17784.0,36,26,0,0,62,0,191
17785.0,36,26,0,0,62,0,191
17786.0,36,26,0,0,62,0,191
17787.0,36,26,0,0,62,0,191
17788.0,36,26,0,0,62,0,191
17789.0,36,26,0,0,62,0,191
17790.0,36,26,0,0,62,0,191
17791.0,36,26,0,0,62,0,191
17792.0,36,26,0,0,62,0,191
17793.0,36,26,0,0,62,0,191
17794.0,36,26,0,0,62,0,191
17795.0,36,26,0,0,62,0,191
17796.0,36,26,0,0,62,0,191
17797.0,36,26,0,0,62,0,191
17798.0,36,26,0,0,62,0,191
17799.0,36,26,0,0,62,0,191
17800.0,36,26,0,0,62,0,191
17801.0,36,26,0,0,62,0,191
17802.0,36,26,0,0,62,0,191
17803.0,36,26,0,0,62,0,191
17804.0,36,26,0,0,62,0,191
17805.0,36,26,0,0,62,0,191
17806.0,36,26,0,0,62,0,191
17807.0,36,26,0,0,62,0,191
17808.0,36,26,0,0,62,0,191
17809.0,36,26,0,0,62,0,191
17810.0,36,26,0,0,62,0,191
17811.0,36,26,0,0,62,0,191
17812.0,36,26,0,0,62,0,191
17813.0,36,26,0,0,62,0,191
17814.0,36,26,0,0,62,0,191
17815.0,36,26,0,0,62,0,191
17816.0,36,26,0,0,62,0,191
17817.0,36,26,0,0,62,0,191
17818.0,36,26,0,0,62,0,191
17819.0,36,26,0,0,62,0,191
17820.0,36,26,0,0,62,0,191
17821.0,36,26,0,0,62,0,191
17822.0,36,26,0,0,62,0,191
17823.0,36,26,0,0,62,0,191
17824.0,36,26,0,0,62,0,191
17825.0,36,26,0,0,62,0,191
17826.0,36,26,0,0,62,0,191
17827.0,36,26,0,0,62,0,191
17828.0,36,26,0,0,62,0,191
17829.0,36,26,0,0,62,0,191
17830.0,36,26,0,0,62,0,191
17831.0,36,26,0,0,62,0,191
17832.0,36,26,0,0,62,0,191
17833.0,36,26,0,0,62,0,191
17834.0,36,26,0,0,62,0,191
17835.0,36,26,0,0,62,0,191
17836.0,36,26,0,0,62,0,191
17837.0,36,26,0,0,62,0,191
17838.0,36,26,0,0,62,0,191
17839.0,36,26,0,0,62,0,191
17840.0,36,26,0,0,62,0,191
17841.0,36,26,0,0,62,0,191
17842.0,36,26,0,0,62,0,191
17843.0,36,26,0,0,62,0,191
17844.0,36,26,0,0,62,0,191
17845.0,36,26,0,0,62,0,191
17846.0,36,26,0,0,62,0,191
17847.0,36,26,0,0,62,0,191
17848.0,36,26,0,0,62,0,191
17849.0,36,26,0,0,62,0,191
17850.0,36,26,0,0,62,0,191
17851.0,36,26,0,0,62,0,191
17852.0,36,26,0,0,62,0,191
17853.0,36,26,0,0,62,0,191
17854.0,36,26,0,0,62,0,191
17855.0,36,26,0,0,62,0,191
17856.0,36,26,0,0,62,0,191
17857.0,36,26,0,0,62,0,191
17858.0,36,26,0,0,62,0,191
17859.0,36,26,0,0,62,0,191
17860.0,36,26,0,0,62,0,191
17861.0,36,26,0,0,62,0,191
17862.0,36,26,0,0,62,0,191
17863.0,36,26,0,0,62,0,191
17864.0,36,26,0,0,62,0,191
17865.0,36,26,0,0,62,0,191
17866.0,36,26,0,0,62,0,191
17867.0,36,26,0,0,62,0,191
17868.0,36,26,0,0,62,0,191
17869.0,36,26,0,0,62,0,191
17870.0,36,26,0,0,62,0,191
17871.0,36,26,0,0,62,0,191
17872.0,36,26,0,0,62,0,191
17873.0,36,26,0,0,62,0,191
17874.0,36,26,0,0,62,0,191
17875.0,36,26,0,0,62,0,191
17876.0,36,26,0,0,62,0,191
17877.0,36,26,0,0,62,0,191
17878.0,36,26,0,0,62,0,191
17879.0,36,26,0,0,62,0,191
17880.0,36,26,0,0,62,0,191
17881.0,36,26,0,0,62,0,191
17882.0,36,26,0,0,62,0,191
17883.0,36,26,0,0,62,0,191
17884.0,36,26,0,0,62,0,191
17885.0,36,26,0,0,62,0,191
17886.0,36,26,0,0,62,0,191
17887.0,36,26,0,0,62,0,191
17888.0,36,26,0,0,62,0,191
17889.0,36,26,0,0,62,0,191
17890.0,36,26,0,0,62,0,191
17891.0,36,26,0,0,62,0,191
17892.0,36,26,0,0,62,0,191
17893.0,36,26,0,0,62,0,191
17894.0,36,26,0,0,62,0,191
17895.0,36,26,0,0,62,0,191
17896.0,36,26,0,0,62,0,191
17897.0,36,26,0,0,62,0,191
17898.0,36,26,0,0,62,0,191
17899.0,36,26,0,0,62,0,191
17900.0,36,26,0,0,62,0,191
17901.0,36,26,0,0,62,0,191
17902.0,36,26,0,0,62,0,191
17903.0,36,26,0,0,62,0,191
17904.0,36,26,0,0,62,0,191
17905.0,36,26,0,0,62,0,191
17906.0,36,26,0,0,62,0,191
17907.0,36,26,0,0,62,0,191
17908.0,36,26,0,0,62,0,191
17909.0,36,26,0,0,62,0,191
17910.0,36,26,0,0,62,0,191
17911.0,36,26,0,0,62,0,191
17912.0,36,26,0,0,62,0,191
17913.0,36,26,0,0,62,0,191
17914.0,36,26,0,0,62,0,191
17915.0,36,26,0,0,62,0,191
17916.0,36,26,0,0,62,0,191
17917.0,36,26,0,0,62,0,191
17918.0,36,26,0,0,62,0,191
17919.0,36,26,0,0,62,0,191
17920.0,36,26,0,0,62,0,191
17921.0,36,26,0,0,62,0,191
17922.0,36,26,0,0,62,0,191
17923.0,36,26,0,0,62,0,191
17924.0,36,26,0,0,62,0,191
17925.0,36,26,0,0,62,0,191
17926.0,36,26,0,0,62,0,191
17927.0,36,26,0,0,62,0,191
17928.0,36,26,0,0,62,0,191
17929.0,36,26,0,0,62,0,191
17930.0,36,26,0,0,62,0,191
17931.0,36,26,0,0,62,0,191
17932.0,36,26,0,0,62,0,191
17933.0,36,26,0,0,62,0,191
17934.0,36,26,0,0,62,0,191
17935.0,36,26,0,0,62,0,191
17936.0,36,26,0,0,62,0,191
17937.0,36,26,0,0,62,0,191
17938.0,36,26,0,0,62,0,191
17939.0,36,26,0,0,62,0,191
17940.0,36,26,0,0,62,0,191
17941.0,36,26,0,0,62,0,191
17942.0,36,26,0,0,62,0,191
17943.0,36,26,0,0,62,0,191
17944.0,36,26,0,0,62,0,191
17945.0,36,26,0,0,62,0,191
17946.0,36,26,0,0,62,0,191
17947.0,36,26,0,0,62,0,191
17948.0,36,26,0,0,62,0,191
17949.0,36,26,0,0,62,0,191
17950.0,36,26,0,0,62,0,191
17951.0,36,26,0,0,62,0,191
17952.0,36,26,0,0,62,0,191
17953.0,36,26,0,0,62,0,191
17954.0,36,26,0,0,62,0,191
17955.0,36,26,0,0,62,0,191
17956.0,36,26,0,0,62,0,191
17957.0,36,26,0,0,62,0,191
17958.0,36,26,0,0,62,0,191
17959.0,36,26,0,0,62,0,191
17960.0,36,26,0,0,62,0,191
17961.0,36,26,0,0,62,0,191
17962.0,36,26,0,0,62,0,191
17963.0,36,26,0,0,62,0,191
17964.0,36,26,0,0,62,0,191
17965.0,36,26,0,0,62,0,191
17966.0,36,26,0,0,62,0,191
17967.0,36,26,0,0,62,0,191
17968.0,36,26,0,0,62,0,191
17969.0,36,26,0,0,62,0,191
17970.0,36,26,0,0,62,0,191
17971.0,36,26,0,0,62,0,191
17972.0,36,26,0,0,62,0,191
17973.0,36,26,0,0,62,0,191
17974.0,36,26,0,0,62,0,191
17975.0,36,26,0,0,62,0,191
17976.0,36,26,0,0,62,0,191
17977.0,36,26,0,0,62,0,191
17978.0,36,26,0,0,62,0,191
17979.0,36,26,0,0,62,0,191
17980.0,36,26,0,0,62,0,191
17981.0,36,26,0,0,62,0,191
17982.0,36,26,0,0,62,0,191
17983.0,36,26,0,0,62,0,191
17984.0,36,26,0,0,62,0,191
17985.0,36,26,0,0,62,0,191
17986.0,36,26,0,0,62,0,191
17987.0,36,26,0,0,62,0,191
17988.0,36,26,0,0,62,0,191
17989.0,36,26,0,0,62,0,191
17990.0,36,26,0,0,62,0,191
17991.0,36,26,0,0,62,0,191
17992.0,36,26,0,0,62,0,191
17993.0,36,26,0,0,62,0,191
17994.0,36,26,0,0,62,0,191
17995.0,36,26,0,0,62,0,191
17996.0,36,26,0,0,62,0,191
17997.0,36,26,0,0,62,0,191
17998.0,36,26,0,0,62,0,191
17999.0,36,26,0,0,62,0,191
18000.0,36,26,0,0,62,0,191
18001.0,36,26,0,0,62,0,191
18002.0,36,26,0,0,62,0,191
18003.0,36,26,0,0,62,0,191
18004.0,36,26,0,0,62,0,191
18005.0,36,26,0,0,62,0,191
18006.0,36,26,0,0,62,0,191
18007.0,36,26,0,0,62,0,191
18008.0,36,26,0,0,62,0,191
18009.0,36,26,0,0,62,0,191
18010.0,36,26,0,0,62,0,191
18011.0,36,26,0,0,62,0,191
18012.0,36,26,0,0,62,0,191
18013.0,36,26,0,0,62,0,191
18014.0,36,26,0,0,62,0,191
18015.0,36,26,0,0,62,0,191
18016.0,36,26,0,0,62,0,191
18017.0,36,26,0,0,62,0,191
18018.0,36,26,0,0,62,0,191
18019.0,36,26,0,0,62,0,191
18020.0,36,26,0,0,62,0,191
18021.0,36,26,0,0,62,0,191
18022.0,36,26,0,0,62,0,191
18023.0,36,26,0,0,62,0,191
18024.0,36,26,0,0,62,0,191
18025.0,36,26,0,0,62,0,191
18026.0,36,26,0,0,62,0,191
18027.0,36,26,0,0,62,0,191
18028.0,36,26,0,0,62,0,191
18029.0,36,26,0,0,62,0,191
18030.0,36,26,0,0,62,0,191
18031.0,36,26,0,0,62,0,191
18032.0,36,26,0,0,62,0,191
18033.0,36,26,0,0,62,0,191
18034.0,36,26,0,0,62,0,191
18035.0,36,26,0,0,62,0,191
18036.0,36,26,0,0,62,0,191
18037.0,36,26,0,0,62,0,191
18038.0,36,26,0,0,62,0,191
18039.0,36,26,0,0,62,0,191
18040.0,36,26,0,0,62,0,191
18041.0,36,26,0,0,62,0,191
18042.0,36,26,0,0,62,0,191
18043.0,36,26,0,0,62,0,191
18044.0,36,26,0,0,62,0,191
18045.0,36,26,0,0,62,0,191
18046.0,36,26,0,0,62,0,191
18047.0,36,26,0,0,62,0,191
18048.0,36,26,0,0,62,0,191
18049.0,36,26,0,0,62,0,191
18050.0,36,26,0,0,62,0,191
18051.0,36,26,0,0,62,0,191
18052.0,36,26,0,0,62,0,191
18053.0,36,26,0,0,62,0,191
18054.0,36,26,0,0,62,0,191
18055.0,36,26,0,0,62,0,191
18056.0,36,26,0,0,62,0,191
18057.0,36,26,0,0,62,0,191
18058.0,36,26,0,0,62,0,191
18059.0,36,26,0,0,62,0,191
18060.0,36,26,0,0,62,0,191
18061.0,36,26,0,0,62,0,191
18062.0,36,26,0,0,62,0,191
18063.0,36,26,0,0,62,0,191
18064.0,36,26,0,0,62,0,191
18065.0,36,26,0,0,62,0,191
18066.0,36,26,0,0,62,0,191
18067.0,36,26,0,0,62,0,191
18068.0,36,26,0,0,62,0,191
18069.0,36,26,0,0,62,0,191
18070.0,36,26,0,0,62,0,191
18071.0,36,26,0,0,62,0,191
18072.0,36,26,0,0,62,0,191
18073.0,36,26,0,0,62,0,191
18074.0,36,26,0,0,62,0,191
18075.0,36,26,0,0,62,0,191
18076.0,36,26,0,0,62,0,191
18077.0,36,26,0,0,62,0,191
18078.0,36,26,0,0,62,0,191
18079.0,36,26,0,0,62,0,191
18080.0,36,26,0,0,62,0,191
18081.0,36,26,0,0,62,0,191
18082.0,36,26,0,0,62,0,191
18083.0,36,26,0,0,62,0,191
18084.0,36,26,0,0,62,0,191
18085.0,36,26,0,0,62,0,191
18086.0,36,26,0,0,62,0,191
18087.0,36,26,0,0,62,0,191
18088.0,36,26,0,0,62,0,191
18089.0,36,26,0,0,62,0,191
18090.0,36,26,0,0,62,0,191
18091.0,36,26,0,0,62,0,191
18092.0,36,26,0,0,62,0,191
18093.0,36,26,0,0,62,0,191
18094.0,36,26,0,0,62,0,191
18095.0,36,26,0,0,62,0,191
18096.0,36,26,0,0,62,0,191
18097.0,36,26,0,0,62,0,191
18098.0,36,26,0,0,62,0,191
18099.0,36,26,0,0,62,0,191
18100.0,36,26,0,0,62,0,191
18101.0,36,26,0,0,62,0,191
18102.0,36,26,0,0,62,0,191
18103.0,36,26,0,0,62,0,191
18104.0,36,26,0,0,62,0,191
18105.0,36,26,0,0,62,0,191
18106.0,36,26,0,0,62,0,191
18107.0,36,26,0,0,62,0,191
18108.0,36,26,0,0,62,0,191
18109.0,36,26,0,0,62,0,191
18110.0,36,26,0,0,62,0,191
18111.0,36,26,0,0,62,0,191
18112.0,36,26,0,0,62,0,191
18113.0,36,26,0,0,62,0,191
18114.0,36,26,0,0,62,0,191
18115.0,36,26,0,0,62,0,191
18116.0,36,26,0,0,62,0,191
18117.0,36,26,0,0,62,0,191
18118.0,36,26,0,0,62,0,191
18119.0,36,26,0,0,62,0,191
18120.0,36,26,0,0,62,0,191
18121.0,36,26,0,0,62,0,191
18122.0,36,26,0,0,62,0,191
18123.0,36,26,0,0,62,0,191
18124.0,36,26,0,0,62,0,191
18125.0,36,26,0,0,62,0,191
18126.0,36,26,0,0,62,0,191
18127.0,36,26,0,0,62,0,191
18128.0,36,26,0,0,62,0,191
18129.0,36,26,0,0,62,0,191
18130.0,36,26,0,0,62,0,191
18131.0,36,26,0,0,62,0,191
18132.0,36,26,0,0,62,0,191
18133.0,36,26,0,0,62,0,191
18134.0,36,26,0,0,62,0,191
18135.0,36,26,0,0,62,0,191
18136.0,36,26,0,0,62,0,191
18137.0,36,26,0,0,62,0,191
18138.0,36,26,0,0,62,0,191
18139.0,36,26,0,0,62,0,191
18140.0,36,26,0,0,62,0,191
18141.0,36,26,0,0,62,0,191
18142.0,36,26,0,0,62,0,191
18143.0,36,26,0,0,62,0,191
18144.0,36,26,0,0,62,0,191
18145.0,36,26,0,0,62,0,191
18146.0,36,26,0,0,62,0,191
18147.0,36,26,0,0,62,0,191
18148.0,36,26,0,0,62,0,191
18149.0,36,26,0,0,62,0,191
18150.0,36,26,0,0,62,0,191
18151.0,36,26,0,0,62,0,191
18152.0,36,26,0,0,62,0,191
18153.0,36,26,0,0,62,0,191
18154.0,36,26,0,0,62,0,191
18155.0,36,26,0,0,62,0,191
18156.0,36,26,0,0,62,0,191
18157.0,36,26,0,0,62,0,191
18158.0,36,26,0,0,62,0,191
18159.0,36,26,0,0,62,0,191
18160.0,36,26,0,0,62,0,191
18161.0,36,26,0,0,62,0,191
18162.0,36,26,0,0,62,0,191
18163.0,36,26,0,0,62,0,191
18164.0,36,26,0,0,62,0,191
18165.0,36,26,0,0,62,0,191
18166.0,36,26,0,0,62,0,191
18167.0,36,26,0,0,62,0,191
18168.0,36,26,0,0,62,0,191
18169.0,36,26,0,0,62,0,191
18170.0,36,26,0,0,62,0,191
18171.0,36,26,0,0,62,0,191
18172.0,36,26,0,0,62,0,191
18173.0,36,26,0,0,62,0,191
18174.0,36,26,0,0,62,0,191
18175.0,36,26,0,0,62,0,191
18176.0,36,26,0,0,62,0,191
18177.0,36,26,0,0,62,0,191
18178.0,36,26,0,0,62,0,191
18179.0,36,26,0,0,62,0,191
18180.0,36,26,0,0,62,0,191
18181.0,36,26,0,0,62,0,191
18182.0,36,26,0,0,62,0,191
18183.0,36,26,0,0,62,0,191
18184.0,36,26,0,0,62,0,191
18185.0,36,26,0,0,62,0,191
18186.0,36,26,0,0,62,0,191
18187.0,36,26,0,0,62,0,191
18188.0,36,26,0,0,62,0,191
18189.0,36,26,0,0,62,0,191
18190.0,36,26,0,0,62,0,191
18191.0,36,26,0,0,62,0,191
18192.0,36,26,0,0,62,0,191
18193.0,36,26,0,0,62,0,191
18194.0,36,26,0,0,62,0,191
18195.0,36,26,0,0,62,0,191
18196.0,36,26,0,0,62,0,191
18197.0,36,26,0,0,62,0,191
18198.0,36,26,0,0,62,0,191
18199.0,36,26,0,0,62,0,191
18200.0,36,26,0,0,62,0,191
18201.0,36,26,0,0,62,0,191
18202.0,36,26,0,0,62,0,191
18203.0,36,26,0,0,62,0,191
18204.0,36,26,0,0,62,0,191
18205.0,36,26,0,0,62,0,191
18206.0,36,26,0,0,62,0,191
18207.0,36,26,0,0,62,0,191
18208.0,36,26,0,0,62,0,191
18209.0,36,26,0,0,62,0,191
18210.0,36,26,0,0,62,0,191
18211.0,36,26,0,0,62,0,191
18212.0,36,26,0,0,62,0,191
18213.0,36,26,0,0,62,0,191
18214.0,36,26,0,0,62,0,191
18215.0,36,26,0,0,62,0,191
18216.0,36,26,0,0,62,0,191
18217.0,36,26,0,0,62,0,191
18218.0,36,26,0,0,62,0,191
18219.0,36,26,0,0,62,0,191
18220.0,36,26,0,0,62,0,191
18221.0,36,26,0,0,62,0,191
18222.0,36,26,0,0,62,0,191
18223.0,36,26,0,0,62,0,191
18224.0,36,26,0,0,62,0,191
18225.0,36,26,0,0,62,0,191
18226.0,36,26,0,0,62,0,191
18227.0,36,26,0,0,62,0,191
18228.0,36,26,0,0,62,0,191
18229.0,36,26,0,0,62,0,191
18230.0,36,26,0,0,62,0,191
18231.0,36,26,0,0,62,0,191
18232.0,36,26,0,0,62,0,191
18233.0,36,26,0,0,62,0,191
18234.0,36,26,0,0,62,0,191
18235.0,36,26,0,0,62,0,191
18236.0,36,26,0,0,62,0,191
18237.0,36,26,0,0,62,0,191
18238.0,36,26,0,0,62,0,191
18239.0,36,26,0,0,62,0,191
18240.0,36,26,0,0,62,0,191
18241.0,36,26,0,0,62,0,191
18242.0,36,26,0,0,62,0,191
18243.0,36,26,0,0,62,0,191
18244.0,36,26,0,0,62,0,191
18245.0,36,26,0,0,62,0,191
18246.0,36,26,0,0,62,0,191
18247.0,36,26,0,0,62,0,191
18248.0,36,26,0,0,62,0,191
18249.0,36,26,0,0,62,0,191
18250.0,36,26,0,0,62,0,191
18251.0,36,26,0,0,62,0,191
18252.0,36,26,0,0,62,0,191
18253.0,36,26,0,0,62,0,191
18254.0,36,26,0,0,62,0,191
18255.0,36,26,0,0,62,0,191
18256.0,36,26,0,0,62,0,191
18257.0,36,26,0,0,62,0,191
18258.0,36,26,0,0,62,0,191
18259.0,36,26,0,0,62,0,191
18260.0,36,26,0,0,62,0,191
18261.0,36,26,0,0,62,0,191
18262.0,36,26,0,0,62,0,191
18263.0,36,26,0,0,62,0,191
18264.0,36,26,0,0,62,0,191
18265.0,36,26,0,0,62,0,191
18266.0,36,26,0,0,62,0,191
18267.0,36,26,0,0,62,0,191
18268.0,36,26,0,0,62,0,191
18269.0,36,26,0,0,62,0,191
18270.0,36,26,0,0,62,0,191
18271.0,36,26,0,0,62,0,191
18272.0,36,26,0,0,62,0,191
18273.0,36,26,0,0,62,0,191
18274.0,36,26,0,0,62,0,191
18275.0,36,26,0,0,62,0,191
18276.0,36,26,0,0,62,0,191
18277.0,36,26,0,0,62,0,191
18278.0,36,26,0,0,62,0,191
18279.0,36,26,0,0,62,0,191
18280.0,36,26,0,0,62,0,191
18281.0,36,26,0,0,62,0,191
18282.0,36,26,0,0,62,0,191
18283.0,36,26,0,0,62,0,191
18284.0,36,26,0,0,62,0,191
18285.0,36,26,0,0,62,0,191
18286.0,36,26,0,0,62,0,191
18287.0,36,26,0,0,62,0,191
18288.0,36,26,0,0,62,0,191
18289.0,36,26,0,0,62,0,191
18290.0,36,26,0,0,62,0,191
18291.0,36,26,0,0,62,0,191
18292.0,36,26,0,0,62,0,191
18293.0,36,26,0,0,62,0,191
18294.0,36,26,0,0,62,0,191
18295.0,36,26,0,0,62,0,191
18296.0,36,26,0,0,62,0,191
18297.0,36,26,0,0,62,0,191
18298.0,36,26,0,0,62,0,191
18299.0,36,26,0,0,62,0,191
18300.0,36,26,0,0,62,0,191
18301.0,36,26,0,0,62,0,191
18302.0,36,26,0,0,62,0,191
18303.0,36,26,0,0,62,0,191
18304.0,36,26,0,0,62,0,191
18305.0,36,26,0,0,62,0,191
18306.0,36,26,0,0,62,0,191
18307.0,36,26,0,0,62,0,191
18308.0,36,26,0,0,62,0,191
18309.0,36,26,0,0,62,0,191
18310.0,36,26,0,0,62,0,191
18311.0,36,26,0,0,62,0,191
18312.0,36,26,0,0,62,0,191
18313.0,36,26,0,0,62,0,191
18314.0,36,26,0,0,62,0,191
18315.0,36,26,0,0,62,0,191
18316.0,36,26,0,0,62,0,191
18317.0,36,26,0,0,62,0,191
18318.0,36,26,0,0,62,0,191
18319.0,36,26,0,0,62,0,191
18320.0,36,26,0,0,62,0,191
18321.0,36,26,0,0,62,0,191
18322.0,36,26,0,0,62,0,191
18323.0,36,26,0,0,62,0,191
18324.0,36,26,0,0,62,0,191
18325.0,36,26,0,0,62,0,191
18326.0,36,26,0,0,62,0,191
18327.0,36,26,0,0,62,0,191
18328.0,36,26,0,0,62,0,191
18329.0,36,26,0,0,62,0,191
18330.0,36,26,0,0,62,0,191
18331.0,36,26,0,0,62,0,191
18332.0,36,26,0,0,62,0,191
18333.0,36,26,0,0,62,0,191
18334.0,36,26,0,0,62,0,191
18335.0,36,26,0,0,62,0,191
18336.0,36,26,0,0,62,0,191
18337.0,36,26,0,0,62,0,191
18338.0,36,26,0,0,62,0,191
18339.0,36,26,0,0,62,0,191
18340.0,36,26,0,0,62,0,191
18341.0,36,26,0,0,62,0,191
18342.0,36,26,0,0,62,0,191
18343.0,36,26,0,0,62,0,191
18344.0,36,26,0,0,62,0,191
18345.0,36,26,0,0,62,0,191
18346.0,36,26,0,0,62,0,191
18347.0,36,26,0,0,62,0,191
18348.0,36,26,0,0,62,0,191
18349.0,36,26,0,0,62,0,191
18350.0,36,26,0,0,62,0,191
18351.0,36,26,0,0,62,0,191
18352.0,36,26,0,0,62,0,191
18353.0,36,26,0,0,62,0,191
18354.0,36,26,0,0,62,0,191
18355.0,36,26,0,0,62,0,191
18356.0,36,26,0,0,62,0,191
18357.0,36,26,0,0,62,0,191
18358.0,36,26,0,0,62,0,191
18359.0,36,26,0,0,62,0,191
18360.0,36,26,0,0,62,0,191
18361.0,36,26,0,0,62,0,191
18362.0,36,26,0,0,62,0,191
18363.0,36,26,0,0,62,0,191
18364.0,36,26,0,0,62,0,191
18365.0,36,26,0,0,62,0,191
18366.0,36,26,0,0,62,0,191
18367.0,36,26,0,0,62,0,191
18368.0,36,26,0,0,62,0,191
18369.0,36,26,0,0,62,0,191
18370.0,36,26,0,0,62,0,191
18371.0,36,26,0,0,62,0,191
18372.0,36,26,0,0,62,0,191
18373.0,36,26,0,0,62,0,191
18374.0,36,26,0,0,62,0,191
18375.0,36,26,0,0,62,0,191
18376.0,36,26,0,0,62,0,191
18377.0,36,26,0,0,62,0,191
18378.0,36,26,0,0,62,0,191
18379.0,36,26,0,0,62,0,191
18380.0,36,26,0,0,62,0,191
18381.0,36,26,0,0,62,0,191
18382.0,36,26,0,0,62,0,191
18383.0,36,26,0,0,62,0,191
18384.0,36,26,0,0,62,0,191
18385.0,36,26,0,0,62,0,191
18386.0,36,26,0,0,62,0,191
18387.0,36,26,0,0,62,0,191
18388.0,36,26,0,0,62,0,191
18389.0,36,26,0,0,62,0,191
18390.0,36,26,0,0,62,0,191
18391.0,36,26,0,0,62,0,191
18392.0,36,26,0,0,62,0,191
18393.0,36,26,0,0,62,0,191
18394.0,36,26,0,0,62,0,191
18395.0,36,26,0,0,62,0,191
18396.0,36,26,0,0,62,0,191
18397.0,36,26,0,0,62,0,191
18398.0,36,26,0,0,62,0,191
18399.0,36,26,0,0,62,0,191
18400.0,36,26,0,0,62,0,191
18401.0,36,26,0,0,62,0,191
18402.0,36,26,0,0,62,0,191
18403.0,36,26,0,0,62,0,191
18404.0,36,26,0,0,62,0,191
18405.0,36,26,0,0,62,0,191
18406.0,36,26,0,0,62,0,191
18407.0,36,26,0,0,62,0,191
18408.0,36,26,0,0,62,0,191
18409.0,36,26,0,0,62,0,191
18410.0,36,26,0,0,62,0,191
18411.0,36,26,0,0,62,0,191
18412.0,36,26,0,0,62,0,191
18413.0,36,26,0,0,62,0,191
18414.0,36,26,0,0,62,0,191
18415.0,36,26,0,0,62,0,191
18416.0,36,26,0,0,62,0,191
18417.0,36,26,0,0,62,0,191
18418.0,36,26,0,0,62,0,191
18419.0,36,26,0,0,62,0,191
18420.0,36,26,0,0,62,0,191
18421.0,36,26,0,0,62,0,191
18422.0,36,26,0,0,62,0,191
18423.0,36,26,0,0,62,0,191
18424.0,36,26,0,0,62,0,191
18425.0,36,26,0,0,62,0,191
18426.0,36,26,0,0,62,0,191
18427.0,36,26,0,0,62,0,191
18428.0,36,26,0,0,62,0,191
18429.0,36,26,0,0,62,0,191
18430.0,36,26,0,0,62,0,191
18431.0,36,26,0,0,62,0,191
18432.0,36,26,0,0,62,0,191
18433.0,36,26,0,0,62,0,191
18434.0,36,26,0,0,62,0,191
18435.0,36,26,0,0,62,0,191
18436.0,36,26,0,0,62,0,191
18437.0,36,26,0,0,62,0,191
18438.0,36,26,0,0,62,0,191
18439.0,36,26,0,0,62,0,191
18440.0,36,26,0,0,62,0,191
18441.0,36,26,0,0,62,0,191
18442.0,36,26,0,0,62,0,191
18443.0,36,26,0,0,62,0,191
18444.0,36,26,0,0,62,0,191
18445.0,36,26,0,0,62,0,191
18446.0,36,26,0,0,62,0,191
18447.0,36,26,0,0,62,0,191
18448.0,36,26,0,0,62,0,191
18449.0,36,26,0,0,62,0,191
18450.0,36,26,0,0,62,0,191
18451.0,36,26,0,0,62,0,191
18452.0,36,26,0,0,62,0,191
18453.0,36,26,0,0,62,0,191
18454.0,36,26,0,0,62,0,191
18455.0,36,26,0,0,62,0,191
18456.0,36,26,0,0,62,0,191
18457.0,36,26,0,0,62,0,191
18458.0,36,26,0,0,62,0,191
18459.0,36,26,0,0,62,0,191
18460.0,36,26,0,0,62,0,191
18461.0,36,26,0,0,62,0,191
18462.0,36,26,0,0,62,0,191
18463.0,36,26,0,0,62,0,191
18464.0,36,26,0,0,62,0,191
18465.0,36,26,0,0,62,0,191
18466.0,36,26,0,0,62,0,191
18467.0,36,26,0,0,62,0,191
18468.0,36,26,0,0,62,0,191
18469.0,36,26,0,0,62,0,191
18470.0,36,26,0,0,62,0,191
18471.0,36,26,0,0,62,0,191
18472.0,36,26,0,0,62,0,191
18473.0,36,26,0,0,62,0,191
18474.0,36,26,0,0,62,0,191
18475.0,36,26,0,0,62,0,191
18476.0,36,26,0,0,62,0,191
18477.0,36,26,0,0,62,0,191
18478.0,36,26,0,0,62,0,191
18479.0,36,26,0,0,62,0,191
18480.0,36,26,0,0,62,0,191
18481.0,36,26,0,0,62,0,191
18482.0,36,26,0,0,62,0,191
18483.0,36,26,0,0,62,0,191
18484.0,36,26,0,0,62,0,191
18485.0,36,26,0,0,62,0,191
18486.0,36,26,0,0,62,0,191
18487.0,36,26,0,0,62,0,191
18488.0,36,26,0,0,62,0,191
18489.0,36,26,0,0,62,0,191
18490.0,36,26,0,0,62,0,191
18491.0,36,26,0,0,62,0,191
18492.0,36,26,0,0,62,0,191
18493.0,36,26,0,0,62,0,191
18494.0,36,26,0,0,62,0,191
18495.0,36,26,0,0,62,0,191
18496.0,36,26,0,0,62,0,191
18497.0,36,26,0,0,62,0,191
18498.0,36,26,0,0,62,0,191
18499.0,36,26,0,0,62,0,191
18500.0,36,26,0,0,62,0,191
18501.0,36,26,0,0,62,0,191
18502.0,36,26,0,0,62,0,191
18503.0,36,26,0,0,62,0,191
18504.0,36,26,0,0,62,0,191
18505.0,36,26,0,0,62,0,191
18506.0,36,26,0,0,62,0,191
18507.0,36,26,0,0,62,0,191
18508.0,36,26,0,0,62,0,191
18509.0,36,26,0,0,62,0,191
18510.0,36,26,0,0,62,0,191
18511.0,36,26,0,0,62,0,191
18512.0,36,26,0,0,62,0,191
18513.0,36,26,0,0,62,0,191
18514.0,36,26,0,0,62,0,191
18515.0,36,26,0,0,62,0,191
18516.0,36,26,0,0,62,0,191
18517.0,36,26,0,0,62,0,191
18518.0,36,26,0,0,62,0,191
18519.0,36,26,0,0,62,0,191
18520.0,36,26,0,0,62,0,191
18521.0,36,26,0,0,62,0,191
18522.0,36,26,0,0,62,0,191
18523.0,36,26,0,0,62,0,191
18524.0,36,26,0,0,62,0,191
18525.0,36,26,0,0,62,0,191
18526.0,36,26,0,0,62,0,191
18527.0,36,26,0,0,62,0,191
18528.0,36,26,0,0,62,0,191
18529.0,36,26,0,0,62,0,191
18530.0,36,26,0,0,62,0,191
18531.0,36,26,0,0,62,0,191
18532.0,36,26,0,0,62,0,191
18533.0,36,26,0,0,62,0,191
18534.0,36,26,0,0,62,0,191
18535.0,36,26,0,0,62,0,191
18536.0,36,26,0,0,62,0,191
18537.0,36,26,0,0,62,0,191
18538.0,36,26,0,0,62,0,191
18539.0,36,26,0,0,62,0,191
18540.0,36,26,0,0,62,0,191
18541.0,36,26,0,0,62,0,191
18542.0,36,26,0,0,62,0,191
18543.0,36,26,0,0,62,0,191
18544.0,36,26,0,0,62,0,191
18545.0,36,26,0,0,62,0,191
18546.0,36,26,0,0,62,0,191
18547.0,36,26,0,0,62,0,191
18548.0,36,26,0,0,62,0,191
18549.0,36,26,0,0,62,0,191
18550.0,36,26,0,0,62,0,191
18551.0,36,26,0,0,62,0,191
18552.0,36,26,0,0,62,0,191
18553.0,36,26,0,0,62,0,191
18554.0,36,26,0,0,62,0,191
18555.0,36,26,0,0,62,0,191
18556.0,36,26,0,0,62,0,191
18557.0,36,26,0,0,62,0,191
18558.0,36,26,0,0,62,0,191
18559.0,36,26,0,0,62,0,191
18560.0,36,26,0,0,62,0,191
18561.0,36,26,0,0,62,0,191
18562.0,36,26,0,0,62,0,191
18563.0,36,26,0,0,62,0,191
18564.0,36,26,0,0,62,0,191
18565.0,36,26,0,0,62,0,191
18566.0,36,26,0,0,62,0,191
18567.0,36,26,0,0,62,0,191
18568.0,36,26,0,0,62,0,191
18569.0,36,26,0,0,62,0,191
18570.0,36,26,0,0,62,0,191
18571.0,36,26,0,0,62,0,191
18572.0,36,26,0,0,62,0,191
18573.0,36,26,0,0,62,0,191
18574.0,36,26,0,0,62,0,191
18575.0,36,26,0,0,62,0,191
18576.0,36,26,0,0,62,0,191
18577.0,36,26,0,0,62,0,191
18578.0,36,26,0,0,62,0,191
18579.0,36,26,0,0,62,0,191
18580.0,36,26,0,0,62,0,191
18581.0,36,26,0,0,62,0,191
18582.0,36,26,0,0,62,0,191
18583.0,36,26,0,0,62,0,191
18584.0,36,26,0,0,62,0,191
18585.0,36,26,0,0,62,0,191
18586.0,36,26,0,0,62,0,191
18587.0,36,26,0,0,62,0,191
18588.0,36,26,0,0,62,0,191
18589.0,36,26,0,0,62,0,191
18590.0,36,26,0,0,62,0,191
18591.0,36,26,0,0,62,0,191
18592.0,36,26,0,0,62,0,191
18593.0,36,26,0,0,62,0,191
18594.0,36,26,0,0,62,0,191
18595.0,36,26,0,0,62,0,191
18596.0,36,26,0,0,62,0,191
18597.0,36,26,0,0,62,0,191
18598.0,36,26,0,0,62,0,191
18599.0,36,26,0,0,62,0,191
18600.0,36,26,0,0,62,0,191
18601.0,36,26,0,0,62,0,191
18602.0,36,26,0,0,62,0,191
18603.0,36,26,0,0,62,0,191
18604.0,36,26,0,0,62,0,191
18605.0,36,26,0,0,62,0,191
18606.0,36,26,0,0,62,0,191
18607.0,36,26,0,0,62,0,191
18608.0,36,26,0,0,62,0,191
18609.0,36,26,0,0,62,0,191
18610.0,36,26,0,0,62,0,191
18611.0,36,26,0,0,62,0,191
18612.0,36,26,0,0,62,0,191
18613.0,36,26,0,0,62,0,191
18614.0,36,26,0,0,62,0,191
18615.0,36,26,0,0,62,0,191
18616.0,36,26,0,0,62,0,191
18617.0,36,26,0,0,62,0,191
18618.0,36,26,0,0,62,0,191
18619.0,36,26,0,0,62,0,191
18620.0,36,26,0,0,62,0,191
18621.0,36,26,0,0,62,0,191
18622.0,36,26,0,0,62,0,191
18623.0,36,26,0,0,62,0,191
18624.0,36,26,0,0,62,0,191
18625.0,36,26,0,0,62,0,191
18626.0,36,26,0,0,62,0,191
18627.0,36,26,0,0,62,0,191
18628.0,36,26,0,0,62,0,191
18629.0,36,26,0,0,62,0,191
18630.0,36,26,0,0,62,0,191
18631.0,36,26,0,0,62,0,191
18632.0,36,26,0,0,62,0,191
18633.0,36,26,0,0,62,0,191
18634.0,36,26,0,0,62,0,191
18635.0,36,26,0,0,62,0,191
18636.0,36,26,0,0,62,0,191
18637.0,36,26,0,0,62,0,191
18638.0,36,26,0,0,62,0,191
18639.0,36,26,0,0,62,0,191
18640.0,36,26,0,0,62,0,191
18641.0,36,26,0,0,62,0,191
18642.0,36,26,0,0,62,0,191
18643.0,36,26,0,0,62,0,191
18644.0,36,26,0,0,62,0,191
18645.0,36,26,0,0,62,0,191
18646.0,36,26,0,0,62,0,191
18647.0,36,26,0,0,62,0,191
18648.0,36,26,0,0,62,0,191
18649.0,36,26,0,0,62,0,191
18650.0,36,26,0,0,62,0,191
18651.0,36,26,0,0,62,0,191
18652.0,36,26,0,0,62,0,191
18653.0,36,26,0,0,62,0,191
18654.0,36,26,0,0,62,0,191
18655.0,36,26,0,0,62,0,191
18656.0,36,26,0,0,62,0,191
18657.0,36,26,0,0,62,0,191
18658.0,36,26,0,0,62,0,191
18659.0,36,26,0,0,62,0,191
18660.0,36,26,0,0,62,0,191
18661.0,36,26,0,0,62,0,191
18662.0,36,26,0,0,62,0,191
18663.0,36,26,0,0,62,0,191
18664.0,36,26,0,0,62,0,191
18665.0,36,26,0,0,62,0,191
18666.0,36,26,0,0,62,0,191
18667.0,36,26,0,0,62,0,191
18668.0,36,26,0,0,62,0,191
18669.0,36,26,0,0,62,0,191
18670.0,36,26,0,0,62,0,191
18671.0,36,26,0,0,62,0,191
18672.0,36,26,0,0,62,0,191
18673.0,36,26,0,0,62,0,191
18674.0,36,26,0,0,62,0,191
18675.0,36,26,0,0,62,0,191
18676.0,36,26,0,0,62,0,191
18677.0,36,26,0,0,62,0,191
18678.0,36,26,0,0,62,0,191
18679.0,36,26,0,0,62,0,191
18680.0,36,26,0,0,62,0,191
18681.0,36,26,0,0,62,0,191
18682.0,36,26,0,0,62,0,191
18683.0,36,26,0,0,62,0,191
18684.0,36,26,0,0,62,0,191
18685.0,36,26,0,0,62,0,191
18686.0,36,26,0,0,62,0,191
18687.0,36,26,0,0,62,0,191
18688.0,36,26,0,0,62,0,191
18689.0,36,26,0,0,62,0,191
18690.0,36,26,0,0,62,0,191
18691.0,36,26,0,0,62,0,191
18692.0,36,26,0,0,62,0,191
18693.0,36,26,0,0,62,0,191
18694.0,36,26,0,0,62,0,191
18695.0,36,26,0,0,62,0,191
18696.0,36,26,0,0,62,0,191
18697.0,36,26,0,0,62,0,191
18698.0,36,26,0,0,62,0,191
18699.0,36,26,0,0,62,0,191
18700.0,36,26,0,0,62,0,191
18701.0,36,26,0,0,62,0,191
18702.0,36,26,0,0,62,0,191
18703.0,36,26,0,0,62,0,191
18704.0,36,26,0,0,62,0,191
18705.0,36,26,0,0,62,0,191
18706.0,36,26,0,0,62,0,191
18707.0,36,26,0,0,62,0,191
18708.0,36,26,0,0,62,0,191
18709.0,36,26,0,0,62,0,191
18710.0,36,26,0,0,62,0,191
18711.0,36,26,0,0,62,0,191
18712.0,36,26,0,0,62,0,191
18713.0,36,26,0,0,62,0,191
18714.0,36,26,0,0,62,0,191
18715.0,36,26,0,0,62,0,191
18716.0,36,26,0,0,62,0,191
18717.0,36,26,0,0,62,0,191
18718.0,36,26,0,0,62,0,191
18719.0,36,26,0,0,62,0,191
18720.0,36,26,0,0,62,0,191
18721.0,36,26,0,0,62,0,191
18722.0,36,26,0,0,62,0,191
18723.0,36,26,0,0,62,0,191
18724.0,36,26,0,0,62,0,191
18725.0,36,26,0,0,62,0,191
18726.0,36,26,0,0,62,0,191
18727.0,36,26,0,0,62,0,191
18728.0,36,26,0,0,62,0,191
18729.0,36,26,0,0,62,0,191
18730.0,36,26,0,0,62,0,191
18731.0,36,26,0,0,62,0,191
18732.0,36,26,0,0,62,0,191
18733.0,36,26,0,0,62,0,191
18734.0,36,26,0,0,62,0,191
18735.0,36,26,0,0,62,0,191
18736.0,36,26,0,0,62,0,191
18737.0,36,26,0,0,62,0,191
18738.0,36,26,0,0,62,0,191
18739.0,36,26,0,0,62,0,191
18740.0,36,26,0,0,62,0,191
18741.0,36,26,0,0,62,0,191
18742.0,36,26,0,0,62,0,191
18743.0,36,26,0,0,62,0,191
18744.0,36,26,0,0,62,0,191
18745.0,36,26,0,0,62,0,191
18746.0,36,26,0,0,62,0,191
18747.0,36,26,0,0,62,0,191
18748.0,36,26,0,0,62,0,191
18749.0,36,26,0,0,62,0,191
18750.0,36,26,0,0,62,0,191
18751.0,36,26,0,0,62,0,191
18752.0,36,26,0,0,62,0,191
18753.0,36,26,0,0,62,0,191
18754.0,36,26,0,0,62,0,191
18755.0,36,26,0,0,62,0,191
18756.0,36,26,0,0,62,0,191
18757.0,36,26,0,0,62,0,191
18758.0,36,26,0,0,62,0,191
18759.0,36,26,0,0,62,0,191
18760.0,36,26,0,0,62,0,191
18761.0,36,26,0,0,62,0,191
18762.0,36,26,0,0,62,0,191
18763.0,36,26,0,0,62,0,191
18764.0,36,26,0,0,62,0,191
18765.0,36,26,0,0,62,0,191
18766.0,36,26,0,0,62,0,191
18767.0,36,26,0,0,62,0,191
18768.0,36,26,0,0,62,0,191
18769.0,36,26,0,0,62,0,191
18770.0,36,26,0,0,62,0,191
18771.0,36,26,0,0,62,0,191
18772.0,36,26,0,0,62,0,191
18773.0,36,26,0,0,62,0,191
18774.0,36,26,0,0,62,0,191
18775.0,36,26,0,0,62,0,191
18776.0,36,26,0,0,62,0,191
18777.0,36,26,0,0,62,0,191
18778.0,36,26,0,0,62,0,191
18779.0,36,26,0,0,62,0,191
18780.0,36,26,0,0,62,0,191
18781.0,36,26,0,0,62,0,191
18782.0,36,26,0,0,62,0,191
18783.0,36,26,0,0,62,0,191
18784.0,36,26,0,0,62,0,191
18785.0,36,26,0,0,62,0,191
18786.0,36,26,0,0,62,0,191
18787.0,36,26,0,0,62,0,191
18788.0,36,26,0,0,62,0,191
18789.0,36,26,0,0,62,0,191
18790.0,36,26,0,0,62,0,191
18791.0,36,26,0,0,62,0,191
18792.0,36,26,0,0,62,0,191
18793.0,36,26,0,0,62,0,191
18794.0,36,26,0,0,62,0,191
18795.0,36,26,0,0,62,0,191
18796.0,36,26,0,0,62,0,191
18797.0,36,26,0,0,62,0,191
18798.0,36,26,0,0,62,0,191
18799.0,36,26,0,0,62,0,191
18800.0,36,26,0,0,62,0,191
18801.0,36,26,0,0,62,0,191
18802.0,36,26,0,0,62,0,191
18803.0,36,26,0,0,62,0,191
18804.0,36,26,0,0,62,0,191
18805.0,36,26,0,0,62,0,191
18806.0,36,26,0,0,62,0,191
18807.0,36,26,0,0,62,0,191
18808.0,36,26,0,0,62,0,191
18809.0,36,26,0,0,62,0,191
18810.0,36,26,0,0,62,0,191
18811.0,36,26,0,0,62,0,191
18812.0,36,26,0,0,62,0,191
18813.0,36,26,0,0,62,0,191
18814.0,36,26,0,0,62,0,191
18815.0,36,26,0,0,62,0,191
18816.0,36,26,0,0,62,0,191
18817.0,36,26,0,0,62,0,191
18818.0,36,26,0,0,62,0,191
18819.0,36,26,0,0,62,0,191
18820.0,36,26,0,0,62,0,191
18821.0,36,26,0,0,62,0,191
18822.0,36,26,0,0,62,0,191
18823.0,36,26,0,0,62,0,191
18824.0,36,26,0,0,62,0,191
18825.0,36,26,0,0,62,0,191
18826.0,36,26,0,0,62,0,191
18827.0,36,26,0,0,62,0,191
18828.0,36,26,0,0,62,0,191
18829.0,36,26,0,0,62,0,191
18830.0,36,26,0,0,62,0,191
18831.0,36,26,0,0,62,0,191
18832.0,36,26,0,0,62,0,191
18833.0,36,26,0,0,62,0,191
18834.0,36,26,0,0,62,0,191
18835.0,36,26,0,0,62,0,191
18836.0,36,26,0,0,62,0,191
18837.0,36,26,0,0,62,0,191
18838.0,36,26,0,0,62,0,191
18839.0,36,26,0,0,62,0,191
18840.0,36,26,0,0,62,0,191
18841.0,36,26,0,0,62,0,191
18842.0,36,26,0,0,62,0,191
18843.0,36,26,0,0,62,0,191
18844.0,36,26,0,0,62,0,191
18845.0,36,26,0,0,62,0,191
18846.0,36,26,0,0,62,0,191
18847.0,36,26,0,0,62,0,191
18848.0,36,26,0,0,62,0,191
18849.0,36,26,0,0,62,0,191
18850.0,36,26,0,0,62,0,191
18851.0,36,26,0,0,62,0,191
18852.0,36,26,0,0,62,0,191
18853.0,36,26,0,0,62,0,191
18854.0,36,26,0,0,62,0,191
18855.0,36,26,0,0,62,0,191
18856.0,36,26,0,0,62,0,191
18857.0,36,26,0,0,62,0,191
18858.0,36,26,0,0,62,0,191
18859.0,36,26,0,0,62,0,191
18860.0,36,26,0,0,62,0,191
18861.0,36,26,0,0,62,0,191
18862.0,36,26,0,0,62,0,191
18863.0,36,26,0,0,62,0,191
18864.0,36,26,0,0,62,0,191
18865.0,36,26,0,0,62,0,191
18866.0,36,26,0,0,62,0,191
18867.0,36,26,0,0,62,0,191
18868.0,36,26,0,0,62,0,191
18869.0,36,26,0,0,62,0,191
18870.0,36,26,0,0,62,0,191
18871.0,36,26,0,0,62,0,191
18872.0,36,26,0,0,62,0,191
18873.0,36,26,0,0,62,0,191
18874.0,36,26,0,0,62,0,191
18875.0,36,26,0,0,62,0,191
18876.0,36,26,0,0,62,0,191
18877.0,36,26,0,0,62,0,191
18878.0,36,26,0,0,62,0,191
18879.0,36,26,0,0,62,0,191
18880.0,36,26,0,0,62,0,191
18881.0,36,26,0,0,62,0,191
18882.0,36,26,0,0,62,0,191
18883.0,36,26,0,0,62,0,191
18884.0,36,26,0,0,62,0,191
18885.0,36,26,0,0,62,0,191
18886.0,36,26,0,0,62,0,191
18887.0,36,26,0,0,62,0,191
18888.0,36,26,0,0,62,0,191
18889.0,36,26,0,0,62,0,191
18890.0,36,26,0,0,62,0,191
18891.0,36,26,0,0,62,0,191
18892.0,36,26,0,0,62,0,191
18893.0,36,26,0,0,62,0,191
18894.0,36,26,0,0,62,0,191
18895.0,36,26,0,0,62,0,191
18896.0,36,26,0,0,62,0,191
18897.0,36,26,0,0,62,0,191
18898.0,36,26,0,0,62,0,191
18899.0,36,26,0,0,62,0,191
18900.0,36,26,0,0,62,0,191
18901.0,36,26,0,0,62,0,191
18902.0,36,26,0,0,62,0,191
18903.0,36,26,0,0,62,0,191
18904.0,36,26,0,0,62,0,191
18905.0,36,26,0,0,62,0,191
18906.0,36,26,0,0,62,0,191
18907.0,36,26,0,0,62,0,191
18908.0,36,26,0,0,62,0,191
18909.0,36,26,0,0,62,0,191
18910.0,36,26,0,0,62,0,191
18911.0,36,26,0,0,62,0,191
18912.0,36,26,0,0,62,0,191
18913.0,36,26,0,0,62,0,191
18914.0,36,26,0,0,62,0,191
18915.0,36,26,0,0,62,0,191
18916.0,36,26,0,0,62,0,191
18917.0,36,26,0,0,62,0,191
18918.0,36,26,0,0,62,0,191
18919.0,36,26,0,0,62,0,191
18920.0,36,26,0,0,62,0,191
18921.0,36,26,0,0,62,0,191
18922.0,36,26,0,0,62,0,191
18923.0,36,26,0,0,62,0,191
18924.0,36,26,0,0,62,0,191
18925.0,36,26,0,0,62,0,191
18926.0,36,26,0,0,62,0,191
18927.0,36,26,0,0,62,0,191
18928.0,36,26,0,0,62,0,191
18929.0,36,26,0,0,62,0,191
18930.0,36,26,0,0,62,0,191
18931.0,36,26,0,0,62,0,191
18932.0,36,26,0,0,62,0,191
18933.0,36,26,0,0,62,0,191
18934.0,36,26,0,0,62,0,191
18935.0,36,26,0,0,62,0,191
18936.0,36,26,0,0,62,0,191
18937.0,36,26,0,0,62,0,191
18938.0,36,26,0,0,62,0,191
18939.0,36,26,0,0,62,0,191
18940.0,36,26,0,0,62,0,191
18941.0,36,26,0,0,62,0,191
18942.0,36,26,0,0,62,0,191
18943.0,36,26,0,0,62,0,191
18944.0,36,26,0,0,62,0,191
18945.0,36,26,0,0,62,0,191
18946.0,36,26,0,0,62,0,191
18947.0,36,26,0,0,62,0,191
18948.0,36,26,0,0,62,0,191
18949.0,36,26,0,0,62,0,191
18950.0,36,26,0,0,62,0,191
18951.0,36,26,0,0,62,0,191
18952.0,36,26,0,0,62,0,191
18953.0,36,26,0,0,62,0,191
18954.0,36,26,0,0,62,0,191
18955.0,36,26,0,0,62,0,191
18956.0,36,26,0,0,62,0,191
18957.0,36,26,0,0,62,0,191
18958.0,36,26,0,0,62,0,191
18959.0,36,26,0,0,62,0,191
18960.0,36,26,0,0,62,0,191
18961.0,36,26,0,0,62,0,191
18962.0,36,26,0,0,62,0,191
18963.0,36,26,0,0,62,0,191
18964.0,36,26,0,0,62,0,191
18965.0,36,26,0,0,62,0,191
18966.0,36,26,0,0,62,0,191
18967.0,36,26,0,0,62,0,191
18968.0,36,26,0,0,62,0,191
18969.0,36,26,0,0,62,0,191
18970.0,36,26,0,0,62,0,191
18971.0,36,26,0,0,62,0,191
18972.0,36,26,0,0,62,0,191
18973.0,36,26,0,0,62,0,191
18974.0,36,26,0,0,62,0,191
18975.0,36,26,0,0,62,0,191
18976.0,36,26,0,0,62,0,191
18977.0,36,26,0,0,62,0,191
18978.0,36,26,0,0,62,0,191
18979.0,36,26,0,0,62,0,191
18980.0,36,26,0,0,62,0,191
18981.0,36,26,0,0,62,0,191
18982.0,36,26,0,0,62,0,191
18983.0,36,26,0,0,62,0,191
18984.0,36,26,0,0,62,0,191
18985.0,36,26,0,0,62,0,191
18986.0,36,26,0,0,62,0,191
18987.0,36,26,0,0,62,0,191
18988.0,36,26,0,0,62,0,191
18989.0,36,26,0,0,62,0,191
18990.0,36,26,0,0,62,0,191
18991.0,36,26,0,0,62,0,191
18992.0,36,26,0,0,62,0,191
18993.0,36,26,0,0,62,0,191
18994.0,36,26,0,0,62,0,191
18995.0,36,26,0,0,62,0,191
18996.0,36,26,0,0,62,0,191
18997.0,36,26,0,0,62,0,191
18998.0,36,26,0,0,62,0,191
18999.0,36,26,0,0,62,0,191
19000.0,36,26,0,0,62,0,191
19001.0,36,26,0,0,62,0,191
19002.0,36,26,0,0,62,0,191
19003.0,36,26,0,0,62,0,191
19004.0,36,26,0,0,62,0,191
19005.0,36,26,0,0,62,0,191
19006.0,36,26,0,0,62,0,191
19007.0,36,26,0,0,62,0,191
19008.0,36,26,0,0,62,0,191
19009.0,36,26,0,0,62,0,191
19010.0,36,26,0,0,62,0,191
19011.0,36,26,0,0,62,0,191
19012.0,36,26,0,0,62,0,191
19013.0,36,26,0,0,62,0,191
19014.0,36,26,0,0,62,0,191
19015.0,36,26,0,0,62,0,191
19016.0,36,26,0,0,62,0,191
19017.0,36,26,0,0,62,0,191
19018.0,36,26,0,0,62,0,191
19019.0,36,26,0,0,62,0,191
19020.0,36,26,0,0,62,0,191
19021.0,36,26,0,0,62,0,191
19022.0,36,26,0,0,62,0,191
19023.0,36,26,0,0,62,0,191
19024.0,36,26,0,0,62,0,191
19025.0,36,26,0,0,62,0,191
19026.0,36,26,0,0,62,0,191
19027.0,36,26,0,0,62,0,191
19028.0,36,26,0,0,62,0,191
19029.0,36,26,0,0,62,0,191
19030.0,36,26,0,0,62,0,191
19031.0,36,26,0,0,62,0,191
19032.0,36,26,0,0,62,0,191
19033.0,36,26,0,0,62,0,191
19034.0,36,26,0,0,62,0,191
19035.0,36,26,0,0,62,0,191
19036.0,36,26,0,0,62,0,191
19037.0,36,26,0,0,62,0,191
19038.0,36,26,0,0,62,0,191
19039.0,36,26,0,0,62,0,191
19040.0,36,26,0,0,62,0,191
19041.0,36,26,0,0,62,0,191
19042.0,36,26,0,0,62,0,191
19043.0,36,26,0,0,62,0,191
19044.0,36,26,0,0,62,0,191
19045.0,36,26,0,0,62,0,191
19046.0,36,26,0,0,62,0,191
19047.0,36,26,0,0,62,0,191
19048.0,36,26,0,0,62,0,191
19049.0,36,26,0,0,62,0,191
19050.0,36,26,0,0,62,0,191
19051.0,36,26,0,0,62,0,191
19052.0,36,26,0,0,62,0,191
19053.0,36,26,0,0,62,0,191
19054.0,36,26,0,0,62,0,191
19055.0,36,26,0,0,62,0,191
19056.0,36,26,0,0,62,0,191
19057.0,36,26,0,0,62,0,191
19058.0,36,26,0,0,62,0,191
19059.0,36,26,0,0,62,0,191
19060.0,36,26,0,0,62,0,191
19061.0,36,26,0,0,62,0,191
19062.0,36,26,0,0,62,0,191
19063.0,36,26,0,0,62,0,191
19064.0,36,26,0,0,62,0,191
19065.0,36,26,0,0,62,0,191
19066.0,36,26,0,0,62,0,191
19067.0,36,26,0,0,62,0,191
19068.0,36,26,0,0,62,0,191
19069.0,36,26,0,0,62,0,191
19070.0,36,26,0,0,62,0,191
19071.0,36,26,0,0,62,0,191
19072.0,36,26,0,0,62,0,191
19073.0,36,26,0,0,62,0,191
19074.0,36,26,0,0,62,0,191
19075.0,36,26,0,0,62,0,191
19076.0,36,26,0,0,62,0,191
19077.0,36,26,0,0,62,0,191
19078.0,36,26,0,0,62,0,191
19079.0,36,26,0,0,62,0,191
19080.0,36,26,0,0,62,0,191
19081.0,36,26,0,0,62,0,191
19082.0,36,26,0,0,62,0,191
19083.0,36,26,0,0,62,0,191
19084.0,36,26,0,0,62,0,191
19085.0,36,26,0,0,62,0,191
19086.0,36,26,0,0,62,0,191
19087.0,36,26,0,0,62,0,191
19088.0,36,26,0,0,62,0,191
19089.0,36,26,0,0,62,0,191
19090.0,36,26,0,0,62,0,191
19091.0,36,26,0,0,62,0,191
19092.0,36,26,0,0,62,0,191
19093.0,36,26,0,0,62,0,191
19094.0,36,26,0,0,62,0,191
19095.0,36,26,0,0,62,0,191
19096.0,36,26,0,0,62,0,191
19097.0,36,26,0,0,62,0,191
19098.0,36,26,0,0,62,0,191
19099.0,36,26,0,0,62,0,191
19100.0,36,26,0,0,62,0,191
19101.0,36,26,0,0,62,0,191
19102.0,36,26,0,0,62,0,191
19103.0,36,26,0,0,62,0,191
19104.0,36,26,0,0,62,0,191
19105.0,36,26,0,0,62,0,191
19106.0,36,26,0,0,62,0,191
19107.0,36,26,0,0,62,0,191
19108.0,36,26,0,0,62,0,191
19109.0,36,26,0,0,62,0,191
19110.0,36,26,0,0,62,0,191
19111.0,36,26,0,0,62,0,191
19112.0,36,26,0,0,62,0,191
19113.0,36,26,0,0,62,0,191
19114.0,36,26,0,0,62,0,191
19115.0,36,26,0,0,62,0,191
19116.0,36,26,0,0,62,0,191
19117.0,36,26,0,0,62,0,191
19118.0,36,26,0,0,62,0,191
19119.0,36,26,0,0,62,0,191
19120.0,36,26,0,0,62,0,191
19121.0,36,26,0,0,62,0,191
19122.0,36,26,0,0,62,0,191
19123.0,36,26,0,0,62,0,191
19124.0,36,26,0,0,62,0,191
19125.0,36,26,0,0,62,0,191
19126.0,36,26,0,0,62,0,191
19127.0,36,26,0,0,62,0,191
19128.0,36,26,0,0,62,0,191
19129.0,36,26,0,0,62,0,191
19130.0,36,26,0,0,62,0,191
19131.0,36,26,0,0,62,0,191
19132.0,36,26,0,0,62,0,191
19133.0,36,26,0,0,62,0,191
19134.0,36,26,0,0,62,0,191
19135.0,36,26,0,0,62,0,191
19136.0,36,26,0,0,62,0,191
19137.0,36,26,0,0,62,0,191
19138.0,36,26,0,0,62,0,191
19139.0,36,26,0,0,62,0,191
19140.0,36,26,0,0,62,0,191
19141.0,36,26,0,0,62,0,191
19142.0,36,26,0,0,62,0,191
19143.0,36,26,0,0,62,0,191
19144.0,36,26,0,0,62,0,191
19145.0,36,26,0,0,62,0,191
19146.0,36,26,0,0,62,0,191
19147.0,36,26,0,0,62,0,191
19148.0,36,26,0,0,62,0,191
19149.0,36,26,0,0,62,0,191
19150.0,36,26,0,0,62,0,191
19151.0,36,26,0,0,62,0,191
19152.0,36,26,0,0,62,0,191
19153.0,36,26,0,0,62,0,191
19154.0,36,26,0,0,62,0,191
19155.0,36,26,0,0,62,0,191
19156.0,36,26,0,0,62,0,191
19157.0,36,26,0,0,62,0,191
19158.0,36,26,0,0,62,0,191
19159.0,36,26,0,0,62,0,191
19160.0,36,26,0,0,62,0,191
19161.0,36,26,0,0,62,0,191
19162.0,36,26,0,0,62,0,191
19163.0,36,26,0,0,62,0,191
19164.0,36,26,0,0,62,0,191
19165.0,36,26,0,0,62,0,191
19166.0,36,26,0,0,62,0,191
19167.0,36,26,0,0,62,0,191
19168.0,36,26,0,0,62,0,191
19169.0,36,26,0,0,62,0,191
19170.0,36,26,0,0,62,0,191
19171.0,36,26,0,0,62,0,191
19172.0,36,26,0,0,62,0,191
19173.0,36,26,0,0,62,0,191
19174.0,36,26,0,0,62,0,191
19175.0,36,26,0,0,62,0,191
19176.0,36,26,0,0,62,0,191
19177.0,36,26,0,0,62,0,191
19178.0,36,26,0,0,62,0,191
19179.0,36,26,0,0,62,0,191
19180.0,36,26,0,0,62,0,191
19181.0,36,26,0,0,62,0,191
19182.0,36,26,0,0,62,0,191
19183.0,36,26,0,0,62,0,191
19184.0,36,26,0,0,62,0,191
19185.0,36,26,0,0,62,0,191
19186.0,36,26,0,0,62,0,191
19187.0,36,26,0,0,62,0,191
19188.0,36,26,0,0,62,0,191
19189.0,36,26,0,0,62,0,191
19190.0,36,26,0,0,62,0,191
19191.0,36,26,0,0,62,0,191
19192.0,36,26,0,0,62,0,191
19193.0,36,26,0,0,62,0,191
19194.0,36,26,0,0,62,0,191
19195.0,36,26,0,0,62,0,191
19196.0,36,26,0,0,62,0,191
19197.0,36,26,0,0,62,0,191
19198.0,36,26,0,0,62,0,191
19199.0,36,26,0,0,62,0,191
19200.0,36,26,0,0,62,0,191
19201.0,36,26,0,0,62,0,191
19202.0,36,26,0,0,62,0,191
19203.0,36,26,0,0,62,0,191
19204.0,36,26,0,0,62,0,191
19205.0,36,26,0,0,62,0,191
19206.0,36,26,0,0,62,0,191
19207.0,36,26,0,0,62,0,191
19208.0,36,26,0,0,62,0,191
19209.0,36,26,0,0,62,0,191
19210.0,36,26,0,0,62,0,191
19211.0,36,26,0,0,62,0,191
19212.0,36,26,0,0,62,0,191
19213.0,36,26,0,0,62,0,191
19214.0,36,26,0,0,62,0,191
19215.0,36,26,0,0,62,0,191
19216.0,36,26,0,0,62,0,191
19217.0,36,26,0,0,62,0,191
19218.0,36,26,0,0,62,0,191
19219.0,36,26,0,0,62,0,191
19220.0,36,26,0,0,62,0,191
19221.0,36,26,0,0,62,0,191
19222.0,36,26,0,0,62,0,191
19223.0,36,26,0,0,62,0,191
19224.0,36,26,0,0,62,0,191
19225.0,36,26,0,0,62,0,191
19226.0,36,26,0,0,62,0,191
19227.0,36,26,0,0,62,0,191
19228.0,36,26,0,0,62,0,191
19229.0,36,26,0,0,62,0,191
19230.0,36,26,0,0,62,0,191
19231.0,36,26,0,0,62,0,191
19232.0,36,26,0,0,62,0,191
19233.0,36,26,0,0,62,0,191
19234.0,36,26,0,0,62,0,191
19235.0,36,26,0,0,62,0,191
19236.0,36,26,0,0,62,0,191
19237.0,36,26,0,0,62,0,191
19238.0,36,26,0,0,62,0,191
19239.0,36,26,0,0,62,0,191
19240.0,36,26,0,0,62,0,191
19241.0,36,26,0,0,62,0,191
19242.0,36,26,0,0,62,0,191
19243.0,36,26,0,0,62,0,191
19244.0,36,26,0,0,62,0,191
19245.0,36,26,0,0,62,0,191
19246.0,36,26,0,0,62,0,191
19247.0,36,26,0,0,62,0,191
19248.0,36,26,0,0,62,0,191
19249.0,36,26,0,0,62,0,191
19250.0,36,26,0,0,62,0,191
19251.0,36,26,0,0,62,0,191
19252.0,36,26,0,0,62,0,191
19253.0,36,26,0,0,62,0,191
19254.0,36,26,0,0,62,0,191
19255.0,36,26,0,0,62,0,191
19256.0,36,26,0,0,62,0,191
19257.0,36,26,0,0,62,0,191
19258.0,36,26,0,0,62,0,191
19259.0,36,26,0,0,62,0,191
19260.0,36,26,0,0,62,0,191
19261.0,36,26,0,0,62,0,191
19262.0,36,26,0,0,62,0,191
19263.0,36,26,0,0,62,0,191
19264.0,36,26,0,0,62,0,191
19265.0,36,26,0,0,62,0,191
19266.0,36,26,0,0,62,0,191
19267.0,36,26,0,0,62,0,191
19268.0,36,26,0,0,62,0,191
19269.0,36,26,0,0,62,0,191
19270.0,36,26,0,0,62,0,191
19271.0,36,26,0,0,62,0,191
19272.0,36,26,0,0,62,0,191
19273.0,36,26,0,0,62,0,191
19274.0,36,26,0,0,62,0,191
19275.0,36,26,0,0,62,0,191
19276.0,36,26,0,0,62,0,191
19277.0,36,26,0,0,62,0,191
19278.0,36,26,0,0,62,0,191
19279.0,36,26,0,0,62,0,191
19280.0,36,26,0,0,62,0,191
19281.0,36,26,0,0,62,0,191
19282.0,36,26,0,0,62,0,191
19283.0,36,26,0,0,62,0,191
19284.0,36,26,0,0,62,0,191
19285.0,36,26,0,0,62,0,191
19286.0,36,26,0,0,62,0,191
19287.0,36,26,0,0,62,0,191
19288.0,36,26,0,0,62,0,191
19289.0,36,26,0,0,62,0,191
19290.0,36,26,0,0,62,0,191
19291.0,36,26,0,0,62,0,191
19292.0,36,26,0,0,62,0,191
19293.0,36,26,0,0,62,0,191
19294.0,36,26,0,0,62,0,191
19295.0,36,26,0,0,62,0,191
19296.0,36,26,0,0,62,0,191
19297.0,36,26,0,0,62,0,191
19298.0,36,26,0,0,62,0,191
19299.0,36,26,0,0,62,0,191
19300.0,36,26,0,0,62,0,191
19301.0,36,26,0,0,62,0,191
19302.0,36,26,0,0,62,0,191
19303.0,36,26,0,0,62,0,191
19304.0,36,26,0,0,62,0,191
19305.0,36,26,0,0,62,0,191
19306.0,36,26,0,0,62,0,191
19307.0,36,26,0,0,62,0,191
19308.0,36,26,0,0,62,0,191
19309.0,36,26,0,0,62,0,191
19310.0,36,26,0,0,62,0,191
19311.0,36,26,0,0,62,0,191
19312.0,36,26,0,0,62,0,191
19313.0,36,26,0,0,62,0,191
19314.0,36,26,0,0,62,0,191
19315.0,36,26,0,0,62,0,191
19316.0,36,26,0,0,62,0,191
19317.0,36,26,0,0,62,0,191
19318.0,36,26,0,0,62,0,191
19319.0,36,26,0,0,62,0,191
19320.0,36,26,0,0,62,0,191
19321.0,36,26,0,0,62,0,191
19322.0,36,26,0,0,62,0,191
19323.0,36,26,0,0,62,0,191
19324.0,36,26,0,0,62,0,191
19325.0,36,26,0,0,62,0,191
19326.0,36,26,0,0,62,0,191
19327.0,36,26,0,0,62,0,191
19328.0,36,26,0,0,62,0,191
19329.0,36,26,0,0,62,0,191
19330.0,36,26,0,0,62,0,191
19331.0,36,26,0,0,62,0,191
19332.0,36,26,0,0,62,0,191
19333.0,36,26,0,0,62,0,191
19334.0,36,26,0,0,62,0,191
19335.0,36,26,0,0,62,0,191
19336.0,36,26,0,0,62,0,191
19337.0,36,26,0,0,62,0,191
19338.0,36,26,0,0,62,0,191
19339.0,36,26,0,0,62,0,191
19340.0,36,26,0,0,62,0,191
19341.0,36,26,0,0,62,0,191
19342.0,36,26,0,0,62,0,191
19343.0,36,26,0,0,62,0,191
19344.0,36,26,0,0,62,0,191
19345.0,36,26,0,0,62,0,191
19346.0,36,26,0,0,62,0,191
19347.0,36,26,0,0,62,0,191
19348.0,36,26,0,0,62,0,191
19349.0,36,26,0,0,62,0,191
19350.0,36,26,0,0,62,0,191
19351.0,36,26,0,0,62,0,191
19352.0,36,26,0,0,62,0,191
19353.0,36,26,0,0,62,0,191
19354.0,36,26,0,0,62,0,191
19355.0,36,26,0,0,62,0,191
19356.0,36,26,0,0,62,0,191
19357.0,36,26,0,0,62,0,191
19358.0,36,26,0,0,62,0,191
19359.0,36,26,0,0,62,0,191
19360.0,36,26,0,0,62,0,191
19361.0,36,26,0,0,62,0,191
19362.0,36,26,0,0,62,0,191
19363.0,36,26,0,0,62,0,191
19364.0,36,26,0,0,62,0,191
19365.0,36,26,0,0,62,0,191
19366.0,36,26,0,0,62,0,191
19367.0,36,26,0,0,62,0,191
19368.0,36,26,0,0,62,0,191
19369.0,36,26,0,0,62,0,191
19370.0,36,26,0,0,62,0,191
19371.0,36,26,0,0,62,0,191
19372.0,36,26,0,0,62,0,191
19373.0,36,26,0,0,62,0,191
19374.0,36,26,0,0,62,0,191
19375.0,36,26,0,0,62,0,191
19376.0,36,26,0,0,62,0,191
19377.0,36,26,0,0,62,0,191
19378.0,36,26,0,0,62,0,191
19379.0,36,26,0,0,62,0,191
19380.0,36,26,0,0,62,0,191
19381.0,36,26,0,0,62,0,191
19382.0,36,26,0,0,62,0,191
19383.0,36,26,0,0,62,0,191
19384.0,36,26,0,0,62,0,191
19385.0,36,26,0,0,62,0,191
19386.0,36,26,0,0,62,0,191
19387.0,36,26,0,0,62,0,191
19388.0,36,26,0,0,62,0,191
19389.0,36,26,0,0,62,0,191
19390.0,36,26,0,0,62,0,191
19391.0,36,26,0,0,62,0,191
19392.0,36,26,0,0,62,0,191
19393.0,36,26,0,0,62,0,191
19394.0,36,26,0,0,62,0,191
19395.0,36,26,0,0,62,0,191
19396.0,36,26,0,0,62,0,191
19397.0,36,26,0,0,62,0,191
19398.0,36,26,0,0,62,0,191
19399.0,36,26,0,0,62,0,191
19400.0,36,26,0,0,62,0,191
19401.0,36,26,0,0,62,0,191
19402.0,36,26,0,0,62,0,191
19403.0,36,26,0,0,62,0,191
19404.0,36,26,0,0,62,0,191
19405.0,36,26,0,0,62,0,191
19406.0,36,26,0,0,62,0,191
19407.0,36,26,0,0,62,0,191
19408.0,36,26,0,0,62,0,191
19409.0,36,26,0,0,62,0,191
19410.0,36,26,0,0,62,0,191
19411.0,36,26,0,0,62,0,191
19412.0,36,26,0,0,62,0,191
19413.0,36,26,0,0,62,0,191
19414.0,36,26,0,0,62,0,191
19415.0,36,26,0,0,62,0,191
19416.0,36,26,0,0,62,0,191
19417.0,36,26,0,0,62,0,191
19418.0,36,26,0,0,62,0,191
19419.0,36,26,0,0,62,0,191
19420.0,36,26,0,0,62,0,191
19421.0,36,26,0,0,62,0,191
19422.0,36,26,0,0,62,0,191
19423.0,36,26,0,0,62,0,191
19424.0,36,26,0,0,62,0,191
19425.0,36,26,0,0,62,0,191
19426.0,36,26,0,0,62,0,191
19427.0,36,26,0,0,62,0,191
19428.0,36,26,0,0,62,0,191
19429.0,36,26,0,0,62,0,191
19430.0,36,26,0,0,62,0,191
19431.0,36,26,0,0,62,0,191
19432.0,36,26,0,0,62,0,191
19433.0,36,26,0,0,62,0,191
19434.0,36,26,0,0,62,0,191
19435.0,36,26,0,0,62,0,191
19436.0,36,26,0,0,62,0,191
19437.0,36,26,0,0,62,0,191
19438.0,36,26,0,0,62,0,191
19439.0,36,26,0,0,62,0,191
19440.0,36,26,0,0,62,0,191
19441.0,36,26,0,0,62,0,191
19442.0,36,26,0,0,62,0,191
19443.0,36,26,0,0,62,0,191
19444.0,36,26,0,0,62,0,191
19445.0,36,26,0,0,62,0,191
19446.0,36,26,0,0,62,0,191
19447.0,36,26,0,0,62,0,191
19448.0,36,26,0,0,62,0,191
19449.0,36,26,0,0,62,0,191
19450.0,36,26,0,0,62,0,191
19451.0,36,26,0,0,62,0,191
19452.0,36,26,0,0,62,0,191
19453.0,36,26,0,0,62,0,191
19454.0,36,26,0,0,62,0,191
19455.0,36,26,0,0,62,0,191
19456.0,36,26,0,0,62,0,191
19457.0,36,26,0,0,62,0,191
19458.0,36,26,0,0,62,0,191
19459.0,36,26,0,0,62,0,191
19460.0,36,26,0,0,62,0,191
19461.0,36,26,0,0,62,0,191
19462.0,36,26,0,0,62,0,191
19463.0,36,26,0,0,62,0,191
19464.0,36,26,0,0,62,0,191
19465.0,36,26,0,0,62,0,191
19466.0,36,26,0,0,62,0,191
19467.0,36,26,0,0,62,0,191
19468.0,36,26,0,0,62,0,191
19469.0,36,26,0,0,62,0,191
19470.0,36,26,0,0,62,0,191
19471.0,36,26,0,0,62,0,191
19472.0,36,26,0,0,62,0,191
19473.0,36,26,0,0,62,0,191
19474.0,36,26,0,0,62,0,191
19475.0,36,26,0,0,62,0,191
19476.0,36,26,0,0,62,0,191
19477.0,36,26,0,0,62,0,191
19478.0,36,26,0,0,62,0,191
19479.0,36,26,0,0,62,0,191
19480.0,36,26,0,0,62,0,191
19481.0,36,26,0,0,62,0,191
19482.0,36,26,0,0,62,0,191
19483.0,36,26,0,0,62,0,191
19484.0,36,26,0,0,62,0,191
19485.0,36,26,0,0,62,0,191
19486.0,36,26,0,0,62,0,191
19487.0,36,26,0,0,62,0,191
19488.0,36,26,0,0,62,0,191
19489.0,36,26,0,0,62,0,191
19490.0,36,26,0,0,62,0,191
19491.0,36,26,0,0,62,0,191
19492.0,36,26,0,0,62,0,191
19493.0,36,26,0,0,62,0,191
19494.0,36,26,0,0,62,0,191
19495.0,36,26,0,0,62,0,191
19496.0,36,26,0,0,62,0,191
19497.0,36,26,0,0,62,0,191
19498.0,36,26,0,0,62,0,191
19499.0,36,26,0,0,62,0,191
19500.0,36,26,0,0,62,0,191
19501.0,36,26,0,0,62,0,191
19502.0,36,26,0,0,62,0,191
19503.0,36,26,0,0,62,0,191
19504.0,36,26,0,0,62,0,191
19505.0,36,26,0,0,62,0,191
19506.0,36,26,0,0,62,0,191
19507.0,36,26,0,0,62,0,191
19508.0,36,26,0,0,62,0,191
19509.0,36,26,0,0,62,0,191
19510.0,36,26,0,0,62,0,191
19511.0,36,26,0,0,62,0,191
19512.0,36,26,0,0,62,0,191
19513.0,36,26,0,0,62,0,191
19514.0,36,26,0,0,62,0,191
19515.0,36,26,0,0,62,0,191
19516.0,36,26,0,0,62,0,191
19517.0,36,26,0,0,62,0,191
19518.0,36,26,0,0,62,0,191
19519.0,36,26,0,0,62,0,191
19520.0,36,26,0,0,62,0,191
19521.0,36,26,0,0,62,0,191
19522.0,36,26,0,0,62,0,191
19523.0,36,26,0,0,62,0,191
19524.0,36,26,0,0,62,0,191
19525.0,36,26,0,0,62,0,191
19526.0,36,26,0,0,62,0,191
19527.0,36,26,0,0,62,0,191
19528.0,36,26,0,0,62,0,191
19529.0,36,26,0,0,62,0,191
19530.0,36,26,0,0,62,0,191
19531.0,36,26,0,0,62,0,191
19532.0,36,26,0,0,62,0,191
19533.0,36,26,0,0,62,0,191
19534.0,36,26,0,0,62,0,191
19535.0,36,26,0,0,62,0,191
19536.0,36,26,0,0,62,0,191
19537.0,36,26,0,0,62,0,191
19538.0,36,26,0,0,62,0,191
19539.0,36,26,0,0,62,0,191
19540.0,36,26,0,0,62,0,191
19541.0,36,26,0,0,62,0,191
19542.0,36,26,0,0,62,0,191
19543.0,36,26,0,0,62,0,191
19544.0,36,26,0,0,62,0,191
19545.0,36,26,0,0,62,0,191
19546.0,36,26,0,0,62,0,191
19547.0,36,26,0,0,62,0,191
19548.0,36,26,0,0,62,0,191
19549.0,36,26,0,0,62,0,191
19550.0,36,26,0,0,62,0,191
19551.0,36,26,0,0,62,0,191
19552.0,36,26,0,0,62,0,191
19553.0,36,26,0,0,62,0,191
19554.0,36,26,0,0,62,0,191
19555.0,36,26,0,0,62,0,191
19556.0,36,26,0,0,62,0,191
19557.0,36,26,0,0,62,0,191
19558.0,36,26,0,0,62,0,191
19559.0,36,26,0,0,62,0,191
19560.0,36,26,0,0,62,0,191
19561.0,36,26,0,0,62,0,191
19562.0,36,26,0,0,62,0,191
19563.0,36,26,0,0,62,0,191
19564.0,36,26,0,0,62,0,191
19565.0,36,26,0,0,62,0,191
19566.0,36,26,0,0,62,0,191
19567.0,36,26,0,0,62,0,191
19568.0,36,26,0,0,62,0,191
19569.0,36,26,0,0,62,0,191
19570.0,36,26,0,0,62,0,191
19571.0,36,26,0,0,62,0,191
19572.0,36,26,0,0,62,0,191
19573.0,36,26,0,0,62,0,191
19574.0,36,26,0,0,62,0,191
19575.0,36,26,0,0,62,0,191
19576.0,36,26,0,0,62,0,191
19577.0,36,26,0,0,62,0,191
19578.0,36,26,0,0,62,0,191
19579.0,36,26,0,0,62,0,191
19580.0,36,26,0,0,62,0,191
19581.0,36,26,0,0,62,0,191
19582.0,36,26,0,0,62,0,191
19583.0,36,26,0,0,62,0,191
19584.0,36,26,0,0,62,0,191
19585.0,36,26,0,0,62,0,191
19586.0,36,26,0,0,62,0,191
19587.0,36,26,0,0,62,0,191
19588.0,36,26,0,0,62,0,191
19589.0,36,26,0,0,62,0,191
19590.0,36,26,0,0,62,0,191
19591.0,36,26,0,0,62,0,191
19592.0,36,26,0,0,62,0,191
19593.0,36,26,0,0,62,0,191
19594.0,36,26,0,0,62,0,191
19595.0,36,26,0,0,62,0,191
19596.0,36,26,0,0,62,0,191
19597.0,36,26,0,0,62,0,191
19598.0,36,26,0,0,62,0,191
19599.0,36,26,0,0,62,0,191
19600.0,36,26,0,0,62,0,191
19601.0,36,26,0,0,62,0,191
19602.0,36,26,0,0,62,0,191
19603.0,36,26,0,0,62,0,191
19604.0,36,26,0,0,62,0,191
19605.0,36,26,0,0,62,0,191
19606.0,36,26,0,0,62,0,191
19607.0,36,26,0,0,62,0,191
19608.0,36,26,0,0,62,0,191
19609.0,36,26,0,0,62,0,191
19610.0,36,26,0,0,62,0,191
19611.0,36,26,0,0,62,0,191
19612.0,36,26,0,0,62,0,191
19613.0,36,26,0,0,62,0,191
19614.0,36,26,0,0,62,0,191
19615.0,36,26,0,0,62,0,191
19616.0,36,26,0,0,62,0,191
19617.0,36,26,0,0,62,0,191
19618.0,36,26,0,0,62,0,191
19619.0,36,26,0,0,62,0,191
19620.0,36,26,0,0,62,0,191
19621.0,36,26,0,0,62,0,191
19622.0,36,26,0,0,62,0,191
19623.0,36,26,0,0,62,0,191
19624.0,36,26,0,0,62,0,191
19625.0,36,26,0,0,62,0,191
19626.0,36,26,0,0,62,0,191
19627.0,36,26,0,0,62,0,191
19628.0,36,26,0,0,62,0,191
19629.0,36,26,0,0,62,0,191
19630.0,36,26,0,0,62,0,191
19631.0,36,26,0,0,62,0,191
19632.0,36,26,0,0,62,0,191
19633.0,36,26,0,0,62,0,191
19634.0,36,26,0,0,62,0,191
19635.0,36,26,0,0,62,0,191
19636.0,36,26,0,0,62,0,191
19637.0,36,26,0,0,62,0,191
19638.0,36,26,0,0,62,0,191
19639.0,36,26,0,0,62,0,191
19640.0,36,26,0,0,62,0,191
19641.0,36,26,0,0,62,0,191
19642.0,36,26,0,0,62,0,191
19643.0,36,26,0,0,62,0,191
19644.0,36,26,0,0,62,0,191
19645.0,36,26,0,0,62,0,191
19646.0,36,26,0,0,62,0,191
19647.0,36,26,0,0,62,0,191
19648.0,36,26,0,0,62,0,191
19649.0,36,26,0,0,62,0,191
19650.0,36,26,0,0,62,0,191
19651.0,36,26,0,0,62,0,191
19652.0,36,26,0,0,62,0,191
19653.0,36,26,0,0,62,0,191
19654.0,36,26,0,0,62,0,191
19655.0,36,26,0,0,62,0,191
19656.0,36,26,0,0,62,0,191
19657.0,36,26,0,0,62,0,191
19658.0,36,26,0,0,62,0,191
19659.0,36,26,0,0,62,0,191
19660.0,36,26,0,0,62,0,191
19661.0,36,26,0,0,62,0,191
19662.0,36,26,0,0,62,0,191
19663.0,36,26,0,0,62,0,191
19664.0,36,26,0,0,62,0,191
19665.0,36,26,0,0,62,0,191
19666.0,36,26,0,0,62,0,191
19667.0,36,26,0,0,62,0,191
19668.0,36,26,0,0,62,0,191
19669.0,36,26,0,0,62,0,191
19670.0,36,26,0,0,62,0,191
19671.0,36,26,0,0,62,0,191
19672.0,36,26,0,0,62,0,191
19673.0,36,26,0,0,62,0,191
19674.0,36,26,0,0,62,0,191
19675.0,36,26,0,0,62,0,191
19676.0,36,26,0,0,62,0,191
19677.0,36,26,0,0,62,0,191
19678.0,36,26,0,0,62,0,191
19679.0,36,26,0,0,62,0,191
19680.0,36,26,0,0,62,0,191
19681.0,36,26,0,0,62,0,191
19682.0,36,26,0,0,62,0,191
19683.0,36,26,0,0,62,0,191
19684.0,36,26,0,0,62,0,191
19685.0,36,26,0,0,62,0,191
19686.0,36,26,0,0,62,0,191
19687.0,36,26,0,0,62,0,191
19688.0,36,26,0,0,62,0,191
19689.0,36,26,0,0,62,0,191
19690.0,36,26,0,0,62,0,191
19691.0,36,26,0,0,62,0,191
19692.0,36,26,0,0,62,0,191
19693.0,36,26,0,0,62,0,191
19694.0,36,26,0,0,62,0,191
19695.0,36,26,0,0,62,0,191
19696.0,36,26,0,0,62,0,191
19697.0,36,26,0,0,62,0,191
19698.0,36,26,0,0,62,0,191
19699.0,36,26,0,0,62,0,191
19700.0,36,26,0,0,62,0,191
19701.0,36,26,0,0,62,0,191
19702.0,36,26,0,0,62,0,191
19703.0,36,26,0,0,62,0,191
19704.0,36,26,0,0,62,0,191
19705.0,36,26,0,0,62,0,191
19706.0,36,26,0,0,62,0,191
19707.0,36,26,0,0,62,0,191
19708.0,36,26,0,0,62,0,191
19709.0,36,26,0,0,62,0,191
19710.0,36,26,0,0,62,0,191
19711.0,36,26,0,0,62,0,191
19712.0,36,26,0,0,62,0,191
19713.0,36,26,0,0,62,0,191
19714.0,36,26,0,0,62,0,191
19715.0,36,26,0,0,62,0,191
19716.0,36,26,0,0,62,0,191
19717.0,36,26,0,0,62,0,191
19718.0,36,26,0,0,62,0,191
19719.0,36,26,0,0,62,0,191
19720.0,36,26,0,0,62,0,191
19721.0,36,26,0,0,62,0,191
19722.0,36,26,0,0,62,0,191
19723.0,36,26,0,0,62,0,191
19724.0,36,26,0,0,62,0,191
19725.0,36,26,0,0,62,0,191
19726.0,36,26,0,0,62,0,191
19727.0,36,26,0,0,62,0,191
19728.0,36,26,0,0,62,0,191
19729.0,36,26,0,0,62,0,191
19730.0,36,26,0,0,62,0,191
19731.0,36,26,0,0,62,0,191
19732.0,36,26,0,0,62,0,191
19733.0,36,26,0,0,62,0,191
19734.0,36,26,0,0,62,0,191
19735.0,36,26,0,0,62,0,191
19736.0,36,26,0,0,62,0,191
19737.0,36,26,0,0,62,0,191
19738.0,36,26,0,0,62,0,191
19739.0,36,26,0,0,62,0,191
19740.0,36,26,0,0,62,0,191
19741.0,36,26,0,0,62,0,191
19742.0,36,26,0,0,62,0,191
19743.0,36,26,0,0,62,0,191
19744.0,36,26,0,0,62,0,191
19745.0,36,26,0,0,62,0,191
19746.0,36,26,0,0,62,0,191
19747.0,36,26,0,0,62,0,191
19748.0,36,26,0,0,62,0,191
19749.0,36,26,0,0,62,0,191
19750.0,36,26,0,0,62,0,191
19751.0,36,26,0,0,62,0,191
19752.0,36,26,0,0,62,0,191
19753.0,36,26,0,0,62,0,191
19754.0,36,26,0,0,62,0,191
19755.0,36,26,0,0,62,0,191
19756.0,36,26,0,0,62,0,191
19757.0,36,26,0,0,62,0,191
19758.0,36,26,0,0,62,0,191
19759.0,36,26,0,0,62,0,191
19760.0,36,26,0,0,62,0,191
19761.0,36,26,0,0,62,0,191
19762.0,36,26,0,0,62,0,191
19763.0,36,26,0,0,62,0,191
19764.0,36,26,0,0,62,0,191
19765.0,36,26,0,0,62,0,191
19766.0,36,26,0,0,62,0,191
19767.0,36,26,0,0,62,0,191
19768.0,36,26,0,0,62,0,191
19769.0,36,26,0,0,62,0,191
19770.0,36,26,0,0,62,0,191
19771.0,36,26,0,0,62,0,191
19772.0,36,26,0,0,62,0,191
19773.0,36,26,0,0,62,0,191
19774.0,36,26,0,0,62,0,191
19775.0,36,26,0,0,62,0,191
19776.0,36,26,0,0,62,0,191
19777.0,36,26,0,0,62,0,191
19778.0,36,26,0,0,62,0,191
19779.0,36,26,0,0,62,0,191
19780.0,36,26,0,0,62,0,191
19781.0,36,26,0,0,62,0,191
19782.0,36,26,0,0,62,0,191
19783.0,36,26,0,0,62,0,191
19784.0,36,26,0,0,62,0,191
19785.0,36,26,0,0,62,0,191
19786.0,36,26,0,0,62,0,191
19787.0,36,26,0,0,62,0,191
19788.0,36,26,0,0,62,0,191
19789.0,36,26,0,0,62,0,191
19790.0,36,26,0,0,62,0,191
19791.0,36,26,0,0,62,0,191
19792.0,36,26,0,0,62,0,191
19793.0,36,26,0,0,62,0,191
19794.0,36,26,0,0,62,0,191
19795.0,36,26,0,0,62,0,191
19796.0,36,26,0,0,62,0,191
19797.0,36,26,0,0,62,0,191
19798.0,36,26,0,0,62,0,191
19799.0,36,26,0,0,62,0,191
19800.0,36,26,0,0,62,0,191
19801.0,36,26,0,0,62,0,191
19802.0,36,26,0,0,62,0,191
19803.0,36,26,0,0,62,0,191
19804.0,36,26,0,0,62,0,191
19805.0,36,26,0,0,62,0,191
19806.0,36,26,0,0,62,0,191
19807.0,36,26,0,0,62,0,191
19808.0,36,26,0,0,62,0,191
19809.0,36,26,0,0,62,0,191
19810.0,36,26,0,0,62,0,191
19811.0,36,26,0,0,62,0,191
19812.0,36,26,0,0,62,0,191
19813.0,36,26,0,0,62,0,191
19814.0,36,26,0,0,62,0,191
19815.0,36,26,0,0,62,0,191
19816.0,36,26,0,0,62,0,191
19817.0,36,26,0,0,62,0,191
19818.0,36,26,0,0,62,0,191
19819.0,36,26,0,0,62,0,191
19820.0,36,26,0,0,62,0,191
19821.0,36,26,0,0,62,0,191
19822.0,36,26,0,0,62,0,191
19823.0,36,26,0,0,62,0,191
19824.0,36,26,0,0,62,0,191
19825.0,36,26,0,0,62,0,191
19826.0,36,26,0,0,62,0,191
19827.0,36,26,0,0,62,0,191
19828.0,36,26,0,0,62,0,191
19829.0,36,26,0,0,62,0,191
19830.0,36,26,0,0,62,0,191
19831.0,36,26,0,0,62,0,191
19832.0,36,26,0,0,62,0,191
19833.0,36,26,0,0,62,0,191
19834.0,36,26,0,0,62,0,191
19835.0,36,26,0,0,62,0,191
19836.0,36,26,0,0,62,0,191
19837.0,36,26,0,0,62,0,191
19838.0,36,26,0,0,62,0,191
19839.0,36,26,0,0,62,0,191
19840.0,36,26,0,0,62,0,191
19841.0,36,26,0,0,62,0,191
19842.0,36,26,0,0,62,0,191
19843.0,36,26,0,0,62,0,191
19844.0,36,26,0,0,62,0,191
19845.0,36,26,0,0,62,0,191
19846.0,36,26,0,0,62,0,191
19847.0,36,26,0,0,62,0,191
19848.0,36,26,0,0,62,0,191
19849.0,36,26,0,0,62,0,191
19850.0,36,26,0,0,62,0,191
19851.0,36,26,0,0,62,0,191
19852.0,36,26,0,0,62,0,191
19853.0,36,26,0,0,62,0,191
19854.0,36,26,0,0,62,0,191
19855.0,36,26,0,0,62,0,191
19856.0,36,26,0,0,62,0,191
19857.0,36,26,0,0,62,0,191
19858.0,36,26,0,0,62,0,191
19859.0,36,26,0,0,62,0,191
19860.0,36,26,0,0,62,0,191
19861.0,36,26,0,0,62,0,191
19862.0,36,26,0,0,62,0,191
19863.0,36,26,0,0,62,0,191
19864.0,36,26,0,0,62,0,191
19865.0,36,26,0,0,62,0,191
19866.0,36,26,0,0,62,0,191
19867.0,36,26,0,0,62,0,191
19868.0,36,26,0,0,62,0,191
19869.0,36,26,0,0,62,0,191
19870.0,36,26,0,0,62,0,191
19871.0,36,26,0,0,62,0,191
19872.0,36,26,0,0,62,0,191
19873.0,36,26,0,0,62,0,191
19874.0,36,26,0,0,62,0,191
19875.0,36,26,0,0,62,0,191
19876.0,36,26,0,0,62,0,191
19877.0,36,26,0,0,62,0,191
19878.0,36,26,0,0,62,0,191
19879.0,36,26,0,0,62,0,191
19880.0,36,26,0,0,62,0,191
19881.0,36,26,0,0,62,0,191
19882.0,36,26,0,0,62,0,191
19883.0,36,26,0,0,62,0,191
19884.0,36,26,0,0,62,0,191
19885.0,36,26,0,0,62,0,191
19886.0,36,26,0,0,62,0,191
19887.0,36,26,0,0,62,0,191
19888.0,36,26,0,0,62,0,191
19889.0,36,26,0,0,62,0,191
19890.0,36,26,0,0,62,0,191
19891.0,36,26,0,0,62,0,191
19892.0,36,26,0,0,62,0,191
19893.0,36,26,0,0,62,0,191
19894.0,36,26,0,0,62,0,191
19895.0,36,26,0,0,62,0,191
19896.0,36,26,0,0,62,0,191
19897.0,36,26,0,0,62,0,191
19898.0,36,26,0,0,62,0,191
19899.0,36,26,0,0,62,0,191
19900.0,36,26,0,0,62,0,191
19901.0,36,26,0,0,62,0,191
19902.0,36,26,0,0,62,0,191
19903.0,36,26,0,0,62,0,191
19904.0,36,26,0,0,62,0,191
19905.0,36,26,0,0,62,0,191
19906.0,36,26,0,0,62,0,191
19907.0,36,26,0,0,62,0,191
19908.0,36,26,0,0,62,0,191
19909.0,36,26,0,0,62,0,191
19910.0,36,26,0,0,62,0,191
19911.0,36,26,0,0,62,0,191
19912.0,36,26,0,0,62,0,191
19913.0,36,26,0,0,62,0,191
19914.0,36,26,0,0,62,0,191
19915.0,36,26,0,0,62,0,191
19916.0,36,26,0,0,62,0,191
19917.0,36,26,0,0,62,0,191
19918.0,36,26,0,0,62,0,191
19919.0,36,26,0,0,62,0,191
19920.0,36,26,0,0,62,0,191
19921.0,36,26,0,0,62,0,191
19922.0,36,26,0,0,62,0,191
19923.0,36,26,0,0,62,0,191
19924.0,36,26,0,0,62,0,191
19925.0,36,26,0,0,62,0,191
19926.0,36,26,0,0,62,0,191
19927.0,36,26,0,0,62,0,191
19928.0,36,26,0,0,62,0,191
19929.0,36,26,0,0,62,0,191
19930.0,36,26,0,0,62,0,191
19931.0,36,26,0,0,62,0,191
19932.0,36,26,0,0,62,0,191
19933.0,36,26,0,0,62,0,191
19934.0,36,26,0,0,62,0,191
19935.0,36,26,0,0,62,0,191
19936.0,36,26,0,0,62,0,191
19937.0,36,26,0,0,62,0,191
19938.0,36,26,0,0,62,0,191
19939.0,36,26,0,0,62,0,191
19940.0,36,26,0,0,62,0,191
19941.0,36,26,0,0,62,0,191
19942.0,36,26,0,0,62,0,191
19943.0,36,26,0,0,62,0,191
19944.0,36,26,0,0,62,0,191
19945.0,36,26,0,0,62,0,191
19946.0,36,26,0,0,62,0,191
19947.0,36,26,0,0,62,0,191
19948.0,36,26,0,0,62,0,191
19949.0,36,26,0,0,62,0,191
19950.0,36,26,0,0,62,0,191
19951.0,36,26,0,0,62,0,191
19952.0,36,26,0,0,62,0,191
19953.0,36,26,0,0,62,0,191
19954.0,36,26,0,0,62,0,191
19955.0,36,26,0,0,62,0,191
19956.0,36,26,0,0,62,0,191
19957.0,36,26,0,0,62,0,191
19958.0,36,26,0,0,62,0,191
19959.0,36,26,0,0,62,0,191
19960.0,36,26,0,0,62,0,191
19961.0,36,26,0,0,62,0,191
19962.0,36,26,0,0,62,0,191
19963.0,36,26,0,0,62,0,191
19964.0,36,26,0,0,62,0,191
19965.0,36,26,0,0,62,0,191
19966.0,36,26,0,0,62,0,191
19967.0,36,26,0,0,62,0,191
19968.0,36,26,0,0,62,0,191
19969.0,36,26,0,0,62,0,191
19970.0,36,26,0,0,62,0,191
19971.0,36,26,0,0,62,0,191
19972.0,36,26,0,0,62,0,191
19973.0,36,26,0,0,62,0,191
19974.0,36,26,0,0,62,0,191
19975.0,36,26,0,0,62,0,191
19976.0,36,26,0,0,62,0,191
19977.0,36,26,0,0,62,0,191
19978.0,36,26,0,0,62,0,191
19979.0,36,26,0,0,62,0,191
19980.0,36,26,0,0,62,0,191
19981.0,36,26,0,0,62,0,191
19982.0,36,26,0,0,62,0,191
19983.0,36,26,0,0,62,0,191
19984.0,36,26,0,0,62,0,191
19985.0,36,26,0,0,62,0,191
19986.0,36,26,0,0,62,0,191
19987.0,36,26,0,0,62,0,191
19988.0,36,26,0,0,62,0,191
19989.0,36,26,0,0,62,0,191
19990.0,36,26,0,0,62,0,191
19991.0,36,26,0,0,62,0,191
19992.0,36,26,0,0,62,0,191
19993.0,36,26,0,0,62,0,191
19994.0,36,26,0,0,62,0,191
19995.0,36,26,0,0,62,0,191
19996.0,36,26,0,0,62,0,191
19997.0,36,26,0,0,62,0,191
19998.0,36,26,0,0,62,0,191
19999.0,36,26,0,0,62,0,191
20000.0,36,26,0,0,62,0,191
