time,queue_N,queue_S,queue_E,queue_W,queue_total,phase,phase_switches
1.0,0,0,0,0,0,0,0
2.0,0,0,0,0,0,0,0
3.0,0,0,0,0,0,0,0
4.0,0,0,0,0,0,0,0
5.0,0,0,0,0,0,0,0
6.0,0,0,0,0,0,0,0
7.0,0,0,0,0,0,0,0
8.0,1,0,0,0,1,0,0
9.0,0,0,0,0,0,0,0
10.0,0,0,1,0,1,0,0
11.0,0,0,0,0,0,0,0
12.0,0,0,0,0,0,0,0
13.0,0,0,0,0,0,0,1
14.0,1,0,0,0,1,0,1
15.0,0,0,1,0,1,0,1
16.0,0,0,0,1,1,0,1
17.0,0,0,0,0,0,0,1
18.0,0,0,0,0,0,0,1
19.0,0,0,0,1,1,0,1
20.0,0,0,0,0,0,0,1
21.0,0,0,0,0,0,0,1
22.0,0,0,0,0,0,0,1
23.0,0,0,0,0,0,0,2
24.0,0,0,0,0,0,0,2
25.0,0,0,0,0,0,0,2
26.0,0,0,1,0,1,0,2
27.0,0,0,1,0,1,0,2
28.0,0,0,1,0,1,0,2
29.0,0,0,1,0,1,0,2
30.0,0,0,1,1,2,0,2
31.0,0,0,1,1,2,0,2
32.0,2,0,1,1,4,0,2
33.0,1,0,1,1,3,0,3
34.0,1,0,0,0,1,0,3
35.0,2,0,0,0,2,0,3
36.0,2,0,0,0,2,0,3
37.0,2,0,0,1,3,0,3
38.0,2,0,0,0,2,0,3
39.0,2,0,1,0,3,0,3
40.0,2,0,0,0,2,0,3
41.0,2,0,0,0,2,0,3
42.0,2,0,0,0,2,0,3
43.0,2,0,0,0,2,0,4
44.0,0,0,0,0,0,0,4
45.0,0,0,0,0,0,0,4
46.0,0,0,0,0,0,0,4
47.0,0,0,0,0,0,0,4
48.0,0,0,1,1,2,0,4
49.0,0,1,1,1,3,0,4
50.0,0,0,1,1,2,0,4
51.0,0,0,1,2,3,0,4
52.0,0,0,1,2,3,0,4
53.0,0,0,1,2,3,0,5
54.0,0,0,0,0,0,0,5
55.0,0,0,0,0,0,0,5
56.0,1,0,0,0,1,0,5
57.0,1,0,0,0,1,0,5
58.0,1,0,0,0,1,0,5
59.0,1,0,0,0,1,0,5
60.0,1,1,0,0,2,0,5
61.0,1,1,0,0,2,0,5
62.0,1,1,0,0,2,0,5
63.0,1,1,0,0,2,0,6
64.0,0,0,0,0,0,0,6
65.0,0,0,0,0,0,0,6
66.0,0,0,0,0,0,0,6
67.0,0,0,0,0,0,0,6
68.0,0,0,0,0,0,0,6
69.0,0,0,0,0,0,0,6
70.0,0,0,0,0,0,0,6
71.0,0,0,0,0,0,0,6
72.0,0,0,1,0,1,0,6
73.0,0,0,1,0,1,0,7
74.0,0,0,0,0,0,0,7
75.0,0,0,0,0,0,0,7
76.0,0,0,0,0,0,0,7
77.0,0,0,0,0,0,0,7
78.0,0,0,0,0,0,0,7
79.0,0,0,0,0,0,0,7
80.0,0,0,0,0,0,0,7
81.0,0,0,0,0,0,0,7
82.0,1,0,0,0,1,0,7
83.0,0,0,0,0,0,0,8
84.0,0,1,0,0,1,0,8
85.0,0,0,0,0,0,0,8
86.0,0,0,0,0,0,0,8
87.0,0,0,0,0,0,0,8
88.0,0,0,0,0,0,0,8
89.0,0,0,0,0,0,0,8
90.0,0,0,0,1,1,0,8
91.0,0,0,0,1,1,0,8
92.0,0,0,0,1,1,0,8
93.0,0,0,0,1,1,0,9
94.0,0,0,0,0,0,0,9
95.0,0,0,0,0,0,0,9
96.0,0,1,0,0,1,0,9
97.0,0,1,0,0,1,0,9
98.0,0,1,0,0,1,0,9
99.0,0,1,0,0,1,0,9
100.0,0,1,0,0,1,0,9
101.0,0,1,0,0,1,0,9
102.0,0,1,0,0,1,0,9
103.0,0,2,0,0,2,0,10
104.0,0,1,1,0,2,0,10
105.0,0,1,0,0,1,0,10
106.0,1,1,1,0,3,0,10
107.0,0,1,1,0,2,0,10
108.0,0,1,1,0,2,0,10
109.0,0,2,1,0,3,0,10
110.0,0,2,1,0,3,0,10
111.0,0,2,1,0,3,0,10
112.0,0,2,1,0,3,0,10
113.0,0,2,1,0,3,0,11
114.0,0,2,0,0,2,0,11
115.0,0,2,0,0,2,0,11
116.0,0,2,0,0,2,0,11
117.0,0,2,0,0,2,0,11
118.0,0,2,1,0,3,0,11
119.0,0,2,0,0,2,0,11
120.0,0,2,0,0,2,0,11
121.0,0,2,0,0,2,0,11
122.0,0,2,0,0,2,0,11
123.0,0,2,0,0,2,0,12
124.0,0,1,0,0,1,0,12
125.0,1,0,0,0,1,0,12
126.0,0,0,0,0,0,0,12
127.0,0,0,0,0,0,0,12
128.0,0,0,0,0,0,0,12
129.0,0,0,0,0,0,0,12
130.0,0,0,0,0,0,0,12
131.0,0,0,0,0,0,0,12
132.0,0,0,1,0,1,0,12
133.0,0,0,0,0,0,0,13
134.0,0,0,0,0,0,0,13
135.0,0,0,0,0,0,0,13
136.0,0,0,0,0,0,0,13
137.0,0,0,1,0,1,0,13
138.0,0,1,0,0,1,0,13
139.0,0,0,0,0,0,0,13
140.0,0,0,0,0,0,0,13
141.0,0,0,0,0,0,0,13
142.0,0,0,0,0,0,0,13
143.0,0,0,0,0,0,0,14
144.0,0,0,0,0,0,0,14
145.0,0,0,1,0,1,0,14
146.0,0,0,0,0,0,0,14
147.0,1,0,0,0,1,0,14
148.0,1,0,1,0,2,0,14
149.0,1,0,1,0,2,0,14
150.0,1,0,2,0,3,0,14
151.0,1,0,3,0,4,0,14
152.0,1,0,2,0,3,0,14
153.0,1,0,2,0,3,0,15
154.0,1,0,1,0,2,0,15
155.0,1,0,0,0,1,0,15
156.0,1,0,0,0,1,0,15
157.0,1,0,0,0,1,0,15
158.0,1,0,0,0,1,0,15
159.0,1,0,0,0,1,0,15
160.0,1,0,0,1,2,0,15
161.0,1,0,1,0,2,0,15
162.0,1,0,0,0,1,0,15
163.0,1,0,0,0,1,0,16
164.0,0,0,0,0,0,0,16
165.0,0,0,0,0,0,0,16
166.0,0,0,0,0,0,0,16
167.0,0,0,0,0,0,0,16
168.0,1,0,0,0,1,0,16
169.0,0,0,0,0,0,0,16
170.0,0,0,0,0,0,0,16
171.0,0,0,1,1,2,0,16
172.0,0,0,1,1,2,0,16
173.0,0,0,1,1,2,0,17
174.0,0,0,0,0,0,0,17
175.0,0,0,0,0,0,0,17
176.0,0,0,0,0,0,0,17
177.0,0,0,0,0,0,0,17
178.0,0,0,0,0,0,0,17
179.0,0,0,0,0,0,0,17
180.0,0,0,0,0,0,0,17
181.0,0,0,0,0,0,0,17
182.0,0,0,0,0,0,0,17
183.0,0,0,0,0,0,0,17
184.0,0,0,0,0,0,0,17
185.0,0,0,0,0,0,0,17
186.0,0,0,0,0,0,0,17
187.0,0,0,0,0,0,0,17
188.0,0,0,0,0,0,0,18
189.0,0,0,0,0,0,0,18
190.0,0,0,0,0,0,0,18
191.0,1,0,0,0,1,0,18
192.0,1,0,0,0,1,0,18
193.0,1,0,0,0,1,0,18
194.0,1,0,0,0,1,0,18
195.0,1,0,0,0,1,0,18
196.0,1,0,0,0,1,0,18
197.0,1,0,1,0,2,0,18
198.0,1,0,0,0,1,0,19
199.0,1,0,0,0,1,0,19
200.0,2,0,0,0,2,0,19
201.0,1,0,0,0,1,0,19
202.0,1,0,0,0,1,0,19
203.0,1,0,0,0,1,0,19
204.0,1,0,0,0,1,0,19
205.0,1,0,0,0,1,0,19
206.0,1,0,0,0,1,0,19
207.0,1,0,0,0,1,0,19
208.0,1,0,0,0,1,0,20
209.0,0,0,0,0,0,0,20
210.0,0,0,0,0,0,0,20
211.0,0,0,0,0,0,0,20
212.0,0,0,0,0,0,0,20
213.0,0,0,0,0,0,0,20
214.0,0,0,0,0,0,0,20
215.0,0,1,0,0,1,0,20
216.0,0,1,0,0,1,0,20
217.0,0,1,0,0,1,0,20
218.0,0,1,1,0,2,0,21
219.0,0,1,0,0,1,0,21
220.0,0,1,0,0,1,0,21
221.0,1,1,0,0,2,0,21
222.0,1,1,0,0,2,0,21
223.0,1,1,0,0,2,0,21
224.0,1,1,0,0,2,0,21
225.0,1,1,0,0,2,0,21
226.0,1,1,0,0,2,0,21
227.0,1,1,0,0,2,0,21
228.0,1,1,0,0,2,0,22
229.0,1,0,0,0,1,0,22
230.0,1,0,0,0,1,0,22
231.0,1,0,0,0,1,0,22
232.0,1,1,0,0,2,0,22
233.0,1,0,0,0,1,0,22
234.0,1,0,1,0,2,0,22
235.0,1,0,1,0,2,0,22
236.0,1,0,1,0,2,0,22
237.0,1,0,1,0,2,0,22
238.0,1,0,1,0,2,0,23
239.0,1,0,0,0,1,0,23
240.0,1,1,0,0,2,0,23
241.0,1,0,0,0,1,0,23
242.0,1,1,0,0,2,0,23
243.0,1,1,0,0,2,0,23
244.0,1,1,0,0,2,0,23
245.0,1,1,0,0,2,0,23
246.0,1,1,0,0,2,0,23
247.0,1,1,0,0,2,0,23
248.0,1,1,0,0,2,0,24
249.0,2,0,0,0,2,0,24
250.0,1,0,0,1,2,0,24
251.0,1,0,0,0,1,0,24
252.0,1,0,0,0,1,0,24
253.0,1,0,0,0,1,0,24
254.0,1,0,0,0,1,0,24
255.0,1,0,0,0,1,0,24
256.0,2,0,0,0,2,0,24
257.0,1,0,0,0,1,0,24
258.0,1,0,0,0,1,0,25
259.0,1,0,0,0,1,0,25
260.0,1,0,0,0,1,0,25
261.0,1,0,0,0,1,0,25
262.0,1,0,0,0,1,0,25
263.0,1,0,0,0,1,0,25
264.0,1,1,0,0,2,0,25
265.0,1,1,0,0,2,0,25
266.0,1,1,0,1,3,0,25
267.0,1,1,0,0,2,0,25
268.0,1,1,0,0,2,0,26
269.0,1,0,0,0,1,0,26
270.0,1,0,0,0,1,0,26
271.0,2,0,0,0,2,0,26
272.0,2,0,0,0,2,0,26
273.0,2,0,0,0,2,0,26
274.0,2,0,0,0,2,0,26
275.0,2,0,0,0,2,0,26
276.0,2,0,0,0,2,0,26
277.0,2,0,1,0,3,0,26
278.0,3,0,0,0,3,0,27
279.0,3,0,0,0,3,0,27
280.0,3,0,0,0,3,0,27
281.0,3,0,0,0,3,0,27
282.0,4,0,0,0,4,0,27
283.0,3,0,0,0,3,0,27
284.0,3,0,0,0,3,0,27
285.0,3,0,0,0,3,0,27
286.0,3,0,0,0,3,0,27
287.0,3,0,0,0,3,0,27
288.0,3,0,0,0,3,0,28
289.0,2,0,0,0,2,0,28
290.0,1,0,0,0,1,0,28
291.0,0,0,1,0,1,0,28
292.0,0,0,1,0,1,0,28
293.0,0,0,2,0,2,0,28
294.0,0,0,1,0,1,0,28
295.0,0,0,1,0,1,0,28
296.0,0,0,1,0,1,0,28
297.0,0,0,1,0,1,0,28
298.0,0,0,1,0,1,0,29
299.0,0,0,0,0,0,0,29
300.0,0,0,0,0,0,0,29
301.0,0,0,0,1,1,0,29
302.0,0,0,0,0,0,0,29
303.0,0,0,0,0,0,0,29
304.0,0,0,0,0,0,0,29
305.0,1,0,0,0,1,0,29
306.0,1,0,1,0,2,0,29
307.0,1,0,0,0,1,0,29
308.0,1,0,0,0,1,0,30
309.0,0,0,0,0,0,0,30
310.0,0,0,0,0,0,0,30
311.0,0,0,0,1,1,0,30
312.0,0,0,1,2,3,0,30
313.0,0,0,1,2,3,0,30
314.0,0,0,1,2,3,0,30
315.0,0,0,1,2,3,0,30
316.0,0,0,1,2,3,0,30
317.0,0,0,1,2,3,0,30
318.0,0,0,1,2,3,0,31
319.0,0,0,1,0,1,0,31
320.0,0,0,0,0,0,0,31
321.0,0,1,0,0,1,0,31
322.0,0,1,0,0,1,0,31
323.0,0,1,0,0,1,0,31
324.0,0,1,0,0,1,0,31
325.0,0,1,0,0,1,0,31
326.0,0,1,0,0,1,0,31
327.0,0,1,0,0,1,0,31
328.0,0,1,0,0,1,0,32
329.0,0,0,0,0,0,0,32
330.0,0,0,0,0,0,0,32
331.0,0,0,0,0,0,0,32
332.0,0,0,0,0,0,0,32
333.0,0,0,0,0,0,0,32
334.0,0,0,0,0,0,0,32
335.0,0,0,0,0,0,0,32
336.0,0,0,0,0,0,0,32
337.0,0,0,0,0,0,0,32
338.0,0,0,0,0,0,0,33
339.0,0,0,0,0,0,0,33
340.0,0,0,0,0,0,0,33
341.0,0,0,0,0,0,0,33
342.0,0,0,0,0,0,0,33
343.0,0,0,1,0,1,0,33
344.0,0,0,0,0,0,0,33
345.0,0,0,0,0,0,0,33
346.0,0,0,0,0,0,0,33
347.0,0,0,0,0,0,0,33
348.0,0,0,0,0,0,0,33
349.0,0,0,0,0,0,0,33
350.0,0,0,0,0,0,0,33
351.0,0,0,0,0,0,0,33
352.0,0,0,0,0,0,0,33
353.0,0,0,0,0,0,0,34
354.0,0,0,0,0,0,0,34
355.0,0,0,0,0,0,0,34
356.0,0,0,0,0,0,0,34
357.0,0,0,0,0,0,0,34
358.0,0,0,0,0,0,0,34
359.0,0,0,0,0,0,0,34
360.0,0,0,0,0,0,0,34
361.0,0,0,0,0,0,0,34
362.0,0,0,0,0,0,0,34
363.0,0,0,0,0,0,0,35
364.0,0,0,0,0,0,0,35
365.0,0,0,0,0,0,0,35
366.0,0,0,0,0,0,0,35
367.0,0,0,0,0,0,0,35
368.0,0,0,0,0,0,0,35
369.0,0,0,0,0,0,0,35
370.0,0,0,0,0,0,0,35
371.0,1,0,0,0,1,0,35
372.0,0,0,0,0,0,0,35
373.0,0,0,0,0,0,0,35
374.0,0,0,0,0,0,0,35
375.0,0,0,0,0,0,0,35
376.0,0,1,0,0,1,0,35
377.0,0,1,0,0,1,0,35
378.0,0,1,0,0,1,0,35
379.0,0,1,0,0,1,0,35
380.0,0,1,0,0,1,0,35
381.0,0,1,0,0,1,0,35
382.0,0,1,0,0,1,0,35
383.0,0,1,0,0,1,0,36
384.0,0,0,0,0,0,0,36
385.0,0,1,0,0,1,0,36
386.0,0,0,0,0,0,0,36
387.0,0,0,0,1,1,0,36
388.0,0,0,0,0,0,0,36
389.0,1,0,0,0,1,0,36
390.0,0,0,0,0,0,0,36
391.0,0,0,0,0,0,0,36
392.0,0,0,0,0,0,0,36
393.0,0,0,0,0,0,0,37
394.0,0,0,0,0,0,0,37
395.0,0,0,0,0,0,0,37
396.0,1,0,0,0,1,0,37
397.0,1,1,0,0,2,0,37
398.0,1,1,0,0,2,0,37
399.0,1,1,1,0,3,0,37
400.0,1,1,0,0,2,0,37
401.0,1,1,0,0,2,0,37
402.0,1,1,0,0,2,0,37
403.0,1,1,0,0,2,0,38
404.0,1,0,0,0,1,0,38
405.0,1,0,0,0,1,0,38
406.0,1,0,0,0,1,0,38
407.0,1,0,0,0,1,0,38
408.0,1,0,0,0,1,0,38
409.0,1,0,1,0,2,0,38
410.0,1,0,1,1,3,0,38
411.0,2,0,1,1,4,0,38
412.0,2,0,1,1,4,0,38
413.0,2,0,1,1,4,0,39
414.0,2,0,0,0,2,0,39
415.0,2,0,0,0,2,0,39
416.0,2,0,0,0,2,0,39
417.0,2,0,0,0,2,0,39
418.0,2,0,0,0,2,0,39
419.0,2,0,0,0,2,0,39
420.0,2,0,0,0,2,0,39
421.0,2,0,1,0,3,0,39
422.0,2,0,0,0,2,0,39
423.0,2,0,0,0,2,0,40
424.0,0,0,0,0,0,0,40
425.0,0,0,0,0,0,0,40
426.0,0,0,0,0,0,0,40
427.0,0,0,0,0,0,0,40
428.0,0,0,0,0,0,0,40
429.0,0,1,0,0,1,0,40
430.0,0,0,0,0,0,0,40
431.0,0,0,0,1,1,0,40
432.0,0,0,1,1,2,0,40
433.0,0,0,1,1,2,0,41
434.0,0,0,0,0,0,0,41
435.0,0,0,0,0,0,0,41
436.0,0,0,0,0,0,0,41
437.0,0,0,0,0,0,0,41
438.0,0,0,0,0,0,0,41
439.0,0,0,0,0,0,0,41
440.0,0,0,0,0,0,0,41
441.0,0,0,0,1,1,0,41
442.0,1,0,0,0,1,0,41
443.0,0,0,0,0,0,0,41
444.0,0,0,0,0,0,0,41
445.0,1,0,0,0,1,0,41
446.0,0,0,0,0,0,0,41
447.0,0,0,0,0,0,0,41
448.0,0,1,0,0,1,0,42
449.0,0,0,0,0,0,0,42
450.0,0,0,0,0,0,0,42
451.0,0,0,0,0,0,0,42
452.0,0,0,0,1,1,0,42
453.0,0,0,0,1,1,0,42
454.0,0,0,0,1,1,0,42
455.0,0,0,0,1,1,0,42
456.0,0,0,0,1,1,0,42
457.0,0,0,0,1,1,0,42
458.0,0,0,0,1,1,0,43
459.0,0,1,0,0,1,0,43
460.0,0,1,1,0,2,0,43
461.0,0,1,0,0,1,0,43
462.0,0,1,0,0,1,0,43
463.0,0,1,0,0,1,0,43
464.0,1,1,0,0,2,0,43
465.0,1,1,0,0,2,0,43
466.0,2,1,0,0,3,0,43
467.0,2,1,0,0,3,0,43
468.0,2,1,0,0,3,0,44
469.0,1,1,0,0,2,0,44
470.0,1,0,0,0,1,0,44
471.0,0,0,0,0,0,0,44
472.0,0,0,0,0,0,0,44
473.0,0,0,0,0,0,0,44
474.0,0,0,0,0,0,0,44
475.0,0,0,0,0,0,0,44
476.0,0,0,0,0,0,0,44
477.0,0,0,0,0,0,0,44
478.0,0,0,0,0,0,0,45
479.0,0,1,0,0,1,0,45
480.0,0,1,0,0,1,0,45
481.0,0,1,0,0,1,0,45
482.0,0,1,0,0,1,0,45
483.0,0,1,0,0,1,0,45
484.0,0,1,0,0,1,0,45
485.0,0,1,0,0,1,0,45
486.0,1,1,0,0,2,0,45
487.0,1,1,0,0,2,0,45
488.0,1,1,0,0,2,0,46
489.0,0,0,0,0,0,0,46
490.0,0,0,0,0,0,0,46
491.0,0,0,0,0,0,0,46
492.0,1,0,1,0,2,0,46
493.0,1,0,0,0,1,0,46
494.0,1,0,0,0,1,0,46
495.0,1,0,0,0,1,0,46
496.0,1,0,0,0,1,0,46
497.0,1,0,0,0,1,0,46
498.0,1,0,0,0,1,0,47
499.0,1,0,0,0,1,0,47
500.0,1,0,0,0,1,0,47
501.0,1,0,0,0,1,0,47
502.0,2,0,0,0,2,0,47
503.0,1,0,0,0,1,0,47
504.0,1,0,0,0,1,0,47
505.0,1,0,0,0,1,0,47
506.0,1,0,0,1,2,0,47
507.0,1,0,0,0,1,0,47
508.0,1,0,0,0,1,0,48
509.0,1,0,0,1,2,0,48
510.0,1,0,0,0,1,0,48
511.0,1,0,0,0,1,0,48
512.0,1,0,0,0,1,0,48
513.0,1,0,0,0,1,0,48
514.0,1,0,0,0,1,0,48
515.0,1,0,0,0,1,0,48
516.0,1,0,0,0,1,0,48
517.0,1,0,0,0,1,0,48
518.0,1,0,0,1,2,0,49
519.0,1,0,0,0,1,0,49
520.0,1,0,0,0,1,0,49
521.0,1,0,0,0,1,0,49
522.0,1,0,0,0,1,0,49
523.0,1,0,0,0,1,0,49
524.0,1,0,0,0,1,0,49
525.0,1,0,0,0,1,0,49
526.0,1,1,0,0,2,0,49
527.0,2,1,0,0,3,0,49
528.0,2,1,0,0,3,0,50
529.0,2,0,0,0,2,0,50
530.0,2,0,0,0,2,0,50
531.0,2,0,0,0,2,0,50
532.0,2,0,0,0,2,0,50
533.0,2,0,0,0,2,0,50
534.0,2,0,0,0,2,0,50
535.0,2,0,0,0,2,0,50
536.0,2,0,1,0,3,0,50
537.0,2,0,1,0,3,0,50
538.0,2,0,1,0,3,0,51
539.0,2,0,0,0,2,0,51
540.0,2,0,1,0,3,0,51
541.0,2,0,0,0,2,0,51
542.0,2,0,0,0,2,0,51
543.0,2,0,0,0,2,0,51
544.0,2,0,0,0,2,0,51
545.0,2,0,0,0,2,0,51
546.0,2,0,0,0,2,0,51
547.0,2,0,0,0,2,0,51
548.0,2,0,0,0,2,0,52
549.0,0,0,0,1,1,0,52
550.0,0,0,1,2,3,0,52
551.0,0,0,1,1,2,0,52
552.0,0,0,1,1,2,0,52
553.0,0,0,1,1,2,0,52
554.0,0,0,1,1,2,0,52
555.0,0,0,1,1,2,0,52
556.0,0,0,1,1,2,0,52
557.0,0,0,2,1,3,0,52
558.0,0,0,1,1,2,0,53
559.0,0,0,0,0,0,0,53
560.0,0,0,0,0,0,0,53
561.0,0,0,0,0,0,0,53
562.0,0,0,0,0,0,0,53
563.0,1,0,0,0,1,0,53
564.0,0,0,0,0,0,0,53
565.0,0,0,0,0,0,0,53
566.0,0,0,0,0,0,0,53
567.0,0,0,0,0,0,0,53
568.0,0,0,0,0,0,0,54
569.0,0,0,0,0,0,0,54
570.0,0,0,0,0,0,0,54
571.0,0,0,0,0,0,0,54
572.0,0,0,0,0,0,0,54
573.0,0,0,1,0,1,0,54
574.0,0,0,1,0,1,0,54
575.0,0,0,1,0,1,0,54
576.0,0,0,1,1,2,0,54
577.0,0,0,1,0,1,0,54
578.0,0,0,1,0,1,0,55
579.0,0,0,0,0,0,0,55
580.0,0,0,0,0,0,0,55
581.0,0,0,0,0,0,0,55
582.0,0,0,0,0,0,0,55
583.0,0,0,0,0,0,0,55
584.0,0,0,0,0,0,0,55
585.0,0,0,0,0,0,0,55
586.0,0,0,0,0,0,0,55
587.0,1,0,0,0,1,0,55
588.0,1,0,0,0,1,0,55
589.0,1,0,0,0,1,0,55
590.0,1,0,0,0,1,0,55
591.0,1,0,0,0,1,0,55
592.0,1,0,0,0,1,0,55
593.0,1,0,0,0,1,0,56
594.0,0,0,0,0,0,0,56
595.0,0,0,0,0,0,0,56
596.0,0,0,1,0,1,0,56
597.0,0,0,1,0,1,0,56
598.0,0,0,1,0,1,0,56
599.0,0,0,1,0,1,0,56
600.0,0,0,1,0,1,0,56
601.0,0,0,2,0,2,0,56
602.0,0,0,2,0,2,0,56
603.0,0,0,2,0,2,0,57
604.0,0,0,1,0,1,0,57
605.0,0,0,0,0,0,0,57
606.0,0,0,0,0,0,0,57
607.0,0,0,0,0,0,0,57
608.0,0,1,0,0,1,0,57
609.0,0,1,0,0,1,0,57
610.0,0,2,0,0,2,0,57
611.0,0,1,0,0,1,0,57
612.0,0,1,0,0,1,0,57
613.0,0,1,0,0,1,0,58
614.0,0,0,0,0,0,0,58
615.0,0,0,0,0,0,0,58
616.0,0,0,0,0,0,0,58
617.0,0,0,0,0,0,0,58
618.0,0,0,0,0,0,0,58
619.0,0,0,0,0,0,0,58
620.0,0,0,0,0,0,0,58
621.0,0,0,0,0,0,0,58
622.0,0,1,0,0,1,0,58
623.0,0,0,0,0,0,0,59
624.0,1,0,0,0,1,0,59
625.0,0,0,0,0,0,0,59
626.0,0,0,0,0,0,0,59
627.0,0,0,0,0,0,0,59
628.0,0,0,0,0,0,0,59
629.0,0,0,0,0,0,0,59
630.0,0,0,0,0,0,0,59
631.0,0,0,0,0,0,0,59
632.0,0,0,0,0,0,0,59
633.0,0,1,0,0,1,0,60
634.0,0,1,0,0,1,0,60
635.0,0,1,0,0,1,0,60
636.0,0,1,0,0,1,0,60
637.0,0,1,0,0,1,0,60
638.0,0,1,0,0,1,0,60
639.0,0,1,0,0,1,0,60
640.0,0,1,0,0,1,0,60
641.0,0,1,0,0,1,0,60
642.0,0,1,1,1,3,0,60
643.0,0,1,1,0,2,0,61
644.0,0,1,0,0,1,0,61
645.0,1,1,0,0,2,0,61
646.0,1,1,0,0,2,0,61
647.0,1,1,0,0,2,0,61
648.0,1,1,0,0,2,0,61
649.0,1,1,0,1,3,0,61
650.0,1,1,0,0,2,0,61
651.0,1,1,0,0,2,0,61
652.0,1,1,0,0,2,0,61
653.0,1,1,0,0,2,0,62
654.0,0,1,0,0,1,0,62
655.0,0,2,0,0,2,0,62
656.0,0,2,0,0,2,0,62
657.0,0,2,0,0,2,0,62
658.0,0,2,0,0,2,0,62
659.0,0,2,0,0,2,0,62
660.0,0,2,0,0,2,0,62
661.0,0,3,0,1,4,0,62
662.0,0,2,0,1,3,0,62
663.0,0,2,0,1,3,0,63
664.0,0,2,0,0,2,0,63
665.0,0,2,0,0,2,0,63
666.0,0,2,0,0,2,0,63
667.0,0,2,0,0,2,0,63
668.0,0,2,0,0,2,0,63
669.0,0,2,0,0,2,0,63
670.0,0,2,0,0,2,0,63
671.0,0,2,0,0,2,0,63
672.0,0,3,0,0,3,0,63
673.0,0,3,0,0,3,0,64
674.0,0,2,0,0,2,0,64
675.0,0,1,0,0,1,0,64
676.0,0,1,1,0,2,0,64
677.0,0,1,0,0,1,0,64
678.0,0,1,0,0,1,0,64
679.0,0,1,0,0,1,0,64
680.0,0,1,0,0,1,0,64
681.0,0,1,0,0,1,0,64
682.0,0,1,0,1,2,0,64
683.0,0,1,0,1,2,0,65
684.0,0,1,0,0,1,0,65
685.0,0,1,0,0,1,0,65
686.0,0,1,0,0,1,0,65
687.0,0,1,0,0,1,0,65
688.0,0,1,0,0,1,0,65
689.0,0,1,0,0,1,0,65
690.0,0,1,0,0,1,0,65
691.0,0,2,0,0,2,0,65
692.0,0,1,0,0,1,0,65
693.0,0,1,0,0,1,0,66
694.0,0,1,0,0,1,0,66
695.0,0,1,0,0,1,0,66
696.0,0,1,0,0,1,0,66
697.0,0,1,0,0,1,0,66
698.0,0,1,0,1,2,0,66
699.0,1,1,0,1,3,0,66
700.0,0,1,0,1,2,0,66
701.0,0,1,0,1,2,0,66
702.0,0,1,0,1,2,0,66
703.0,0,2,0,1,3,0,67
704.0,0,3,0,0,3,0,67
705.0,0,3,0,0,3,0,67
706.0,0,3,0,0,3,0,67
707.0,0,3,0,0,3,0,67
708.0,0,3,0,0,3,0,67
709.0,0,3,0,0,3,0,67
710.0,0,3,0,0,3,0,67
711.0,0,3,0,0,3,0,67
712.0,0,3,0,0,3,0,67
713.0,0,3,0,0,3,0,68
714.0,0,1,0,0,1,0,68
715.0,0,0,0,0,0,0,68
716.0,0,1,0,0,1,0,68
717.0,1,0,0,0,1,0,68
718.0,0,0,0,0,0,0,68
719.0,0,0,0,0,0,0,68
720.0,0,0,0,0,0,0,68
721.0,1,0,0,0,1,0,68
722.0,1,0,0,0,1,0,68
723.0,1,0,0,0,1,0,69
724.0,1,0,0,0,1,0,69
725.0,1,0,0,0,1,0,69
726.0,1,0,0,0,1,0,69
727.0,1,0,0,0,1,0,69
728.0,1,0,0,0,1,0,69
729.0,1,1,0,0,2,0,69
730.0,1,1,0,0,2,0,69
731.0,1,2,0,0,3,0,69
732.0,1,1,0,0,2,0,69
733.0,1,1,0,0,2,0,70
734.0,0,0,0,0,0,0,70
735.0,0,0,0,0,0,0,70
736.0,0,0,0,0,0,0,70
737.0,0,0,0,0,0,0,70
738.0,0,0,0,0,0,0,70
739.0,0,0,0,0,0,0,70
740.0,0,0,0,0,0,0,70
741.0,0,1,0,0,1,0,70
742.0,0,1,0,0,1,0,70
743.0,0,1,0,0,1,0,71
744.0,0,1,0,0,1,0,71
745.0,0,1,0,0,1,0,71
746.0,0,1,0,0,1,0,71
747.0,0,1,0,0,1,0,71
748.0,0,1,0,0,1,0,71
749.0,0,1,0,0,1,0,71
750.0,0,1,0,0,1,0,71
751.0,0,2,0,0,2,0,71
752.0,0,1,0,1,2,0,71
753.0,0,1,0,0,1,0,72
754.0,0,0,0,0,0,0,72
755.0,0,0,0,0,0,0,72
756.0,0,0,0,0,0,0,72
757.0,0,0,0,0,0,0,72
758.0,0,0,0,0,0,0,72
759.0,0,0,0,0,0,0,72
760.0,0,0,0,0,0,0,72
761.0,0,0,0,0,0,0,72
762.0,0,0,0,0,0,0,72
763.0,0,0,0,0,0,0,73
764.0,0,0,0,0,0,0,73
765.0,0,0,0,0,0,0,73
766.0,0,0,0,0,0,0,73
767.0,0,0,0,0,0,0,73
768.0,0,0,0,0,0,0,73
769.0,0,0,0,0,0,0,73
770.0,0,0,0,0,0,0,73
771.0,0,0,0,0,0,0,73
772.0,0,0,0,0,0,0,73
773.0,0,0,0,0,0,0,73
774.0,0,0,0,0,0,0,73
775.0,0,0,0,0,0,0,73
776.0,0,0,0,0,0,0,73
777.0,0,0,0,0,0,0,73
778.0,0,0,0,0,0,0,73
779.0,0,0,0,0,0,0,73
780.0,0,0,0,0,0,0,73
781.0,0,0,0,0,0,0,73
782.0,0,0,0,0,0,0,73
783.0,0,0,0,0,0,0,73
784.0,0,0,0,0,0,0,73
785.0,0,0,0,0,0,0,73
786.0,0,0,0,0,0,0,73
787.0,0,0,0,0,0,0,73
788.0,0,1,0,0,1,0,73
789.0,0,0,0,0,0,0,73
790.0,0,0,0,0,0,0,73
791.0,0,1,0,0,1,0,73
792.0,0,1,0,0,1,0,73
793.0,0,1,0,0,1,0,73
794.0,0,1,0,0,1,0,73
795.0,0,1,0,0,1,0,73
796.0,0,1,0,0,1,0,73
797.0,0,1,0,0,1,0,73
798.0,0,1,1,0,2,0,74
799.0,0,1,0,0,1,0,74
800.0,0,1,0,0,1,0,74
801.0,0,1,0,0,1,0,74
802.0,0,1,0,0,1,0,74
803.0,0,1,0,0,1,0,74
804.0,0,1,0,0,1,0,74
805.0,0,1,0,0,1,0,74
806.0,0,1,0,0,1,0,74
807.0,0,1,0,0,1,0,74
808.0,0,1,0,0,1,0,75
809.0,0,2,0,0,2,0,75
810.0,0,2,0,0,2,0,75
811.0,0,3,0,0,3,0,75
812.0,0,2,0,0,2,0,75
813.0,1,2,0,0,3,0,75
814.0,0,3,0,0,3,0,75
815.0,0,2,0,0,2,0,75
816.0,0,2,0,0,2,0,75
817.0,0,2,0,0,2,0,75
818.0,0,3,0,0,3,0,76
819.0,0,1,0,0,1,0,76
820.0,0,1,0,0,1,0,76
821.0,0,1,0,0,1,0,76
822.0,0,1,0,1,2,0,76
823.0,0,1,0,0,1,0,76
824.0,0,1,0,0,1,0,76
825.0,0,2,0,0,2,0,76
826.0,0,2,0,0,2,0,76
827.0,0,2,0,0,2,0,76
828.0,0,2,0,0,2,0,77
829.0,0,1,0,0,1,0,77
830.0,0,0,0,0,0,0,77
831.0,0,0,0,0,0,0,77
832.0,1,0,0,0,1,0,77
833.0,0,0,0,1,1,0,77
834.0,0,0,0,1,1,0,77
835.0,0,0,0,1,1,0,77
836.0,0,0,0,1,1,0,77
837.0,1,0,0,1,2,0,77
838.0,1,0,0,1,2,0,78
839.0,1,0,0,0,1,0,78
840.0,1,0,0,0,1,0,78
841.0,1,0,0,0,1,0,78
842.0,1,0,0,0,1,0,78
843.0,1,0,0,0,1,0,78
844.0,1,0,0,0,1,0,78
845.0,1,0,0,0,1,0,78
846.0,1,0,0,0,1,0,78
847.0,1,0,0,0,1,0,78
848.0,1,0,0,0,1,0,79
849.0,1,0,0,0,1,0,79
850.0,1,0,0,0,1,0,79
851.0,1,1,0,0,2,0,79
852.0,1,0,0,0,1,0,79
853.0,1,0,0,0,1,0,79
854.0,1,0,0,0,1,0,79
855.0,1,0,0,0,1,0,79
856.0,1,0,0,0,1,0,79
857.0,1,0,0,0,1,0,79
858.0,1,0,0,0,1,0,80
859.0,1,0,0,0,1,0,80
860.0,2,1,0,0,3,0,80
861.0,2,0,0,0,2,0,80
862.0,2,0,0,0,2,0,80
863.0,2,2,0,0,4,0,80
864.0,2,1,0,0,3,0,80
865.0,2,1,1,0,4,0,80
866.0,2,1,0,0,3,0,80
867.0,2,1,0,0,3,0,80
868.0,2,1,0,0,3,0,81
869.0,0,0,0,0,0,0,81
870.0,0,0,0,0,0,0,81
871.0,0,0,0,0,0,0,81
872.0,0,0,0,0,0,0,81
873.0,0,1,0,0,1,0,81
874.0,0,1,0,0,1,0,81
875.0,0,1,0,0,1,0,81
876.0,0,1,1,0,2,0,81
877.0,0,1,1,0,2,0,81
878.0,0,1,1,0,2,0,82
879.0,0,1,1,0,2,0,82
880.0,0,0,1,0,1,0,82
881.0,0,0,1,0,1,0,82
882.0,0,0,2,0,2,0,82
883.0,0,0,1,0,1,0,82
884.0,1,0,1,0,2,0,82
885.0,0,0,1,0,1,0,82
886.0,0,1,1,0,2,0,82
887.0,0,1,1,0,2,0,82
888.0,1,1,1,0,3,0,83
889.0,0,1,0,0,1,0,83
890.0,0,1,0,0,1,0,83
891.0,0,2,0,0,2,0,83
892.0,0,2,0,0,2,0,83
893.0,0,2,0,0,2,0,83
894.0,0,2,0,0,2,0,83
895.0,0,2,0,0,2,0,83
896.0,0,2,0,0,2,0,83
897.0,1,2,0,1,4,0,83
898.0,0,2,0,0,2,0,84
899.0,0,1,0,0,1,0,84
900.0,1,1,0,0,2,0,84
901.0,0,1,0,0,1,0,84
902.0,0,1,0,0,1,0,84
903.0,0,1,0,0,1,0,84
904.0,0,1,0,0,1,0,84
905.0,0,1,0,0,1,0,84
906.0,0,1,0,0,1,0,84
907.0,0,1,0,0,1,0,84
908.0,1,1,0,0,2,0,85
909.0,1,1,0,0,2,0,85
910.0,1,1,0,0,2,0,85
911.0,1,1,0,0,2,0,85
912.0,1,1,0,0,2,0,85
913.0,2,1,0,0,3,0,85
914.0,2,1,1,0,4,0,85
915.0,2,1,0,0,3,0,85
916.0,2,1,0,0,3,0,85
917.0,2,1,0,0,3,0,85
918.0,2,1,0,0,3,0,86
919.0,1,1,0,0,2,0,86
920.0,1,1,0,1,3,0,86
921.0,1,1,1,0,3,0,86
922.0,2,1,1,0,4,0,86
923.0,4,1,1,0,6,0,86
924.0,3,1,2,0,6,0,86
925.0,3,1,2,0,6,0,86
926.0,3,1,2,0,6,0,86
927.0,3,1,2,0,6,0,86
928.0,3,1,2,0,6,0,87
929.0,3,1,0,0,4,0,87
930.0,3,1,0,0,4,0,87
931.0,3,1,0,0,4,0,87
932.0,3,1,0,0,4,0,87
933.0,3,1,0,0,4,0,87
934.0,3,1,0,0,4,0,87
935.0,3,1,0,0,4,0,87
936.0,3,1,0,0,4,0,87
937.0,3,1,0,0,4,0,87
938.0,3,1,0,0,4,0,88
939.0,1,0,0,0,1,0,88
940.0,0,0,0,0,0,0,88
941.0,0,0,0,0,0,0,88
942.0,0,0,0,0,0,0,88
943.0,0,0,0,1,1,0,88
944.0,0,0,0,0,0,0,88
945.0,0,0,0,0,0,0,88
946.0,0,0,1,0,1,0,88
947.0,0,0,1,0,1,0,88
948.0,0,0,1,1,2,0,89
949.0,0,0,0,0,0,0,89
950.0,0,0,0,0,0,0,89
951.0,0,0,0,1,1,0,89
952.0,0,0,0,0,0,0,89
953.0,0,0,0,0,0,0,89
954.0,0,0,0,0,0,0,89
955.0,0,0,0,0,0,0,89
956.0,0,0,0,0,0,0,89
957.0,0,0,0,0,0,0,89
958.0,0,0,0,0,0,0,90
959.0,0,0,0,0,0,0,90
960.0,0,0,0,0,0,0,90
961.0,0,0,0,0,0,0,90
962.0,0,0,0,0,0,0,90
963.0,0,0,0,0,0,0,90
964.0,0,0,0,0,0,0,90
965.0,0,0,0,0,0,0,90
966.0,0,0,0,1,1,0,90
967.0,0,0,0,0,0,0,90
968.0,0,1,0,0,1,0,91
969.0,0,0,0,0,0,0,91
970.0,0,0,0,0,0,0,91
971.0,0,0,0,0,0,0,91
972.0,0,0,0,0,0,0,91
973.0,0,0,0,0,0,0,91
974.0,0,0,0,0,0,0,91
975.0,0,0,0,0,0,0,91
976.0,0,0,0,1,1,0,91
977.0,0,0,0,0,0,0,91
978.0,0,0,0,0,0,0,92
979.0,0,0,0,0,0,0,92
980.0,0,0,1,1,2,0,92
981.0,0,0,1,1,2,0,92
982.0,0,0,1,1,2,0,92
983.0,0,0,1,1,2,0,92
984.0,0,0,1,2,3,0,92
985.0,0,0,1,1,2,0,92
986.0,0,0,1,1,2,0,92
987.0,0,0,1,3,4,0,92
988.0,0,0,1,2,3,0,93
989.0,0,0,0,0,0,0,93
990.0,0,0,0,0,0,0,93
991.0,0,0,0,0,0,0,93
992.0,0,0,0,1,1,0,93
993.0,0,0,0,0,0,0,93
994.0,0,1,0,0,1,0,93
995.0,0,1,0,0,1,0,93
996.0,0,1,0,0,1,0,93
997.0,0,1,0,0,1,0,93
998.0,0,1,0,0,1,0,94
999.0,0,0,0,0,0,0,94
1000.0,0,0,0,1,1,0,94
1001.0,0,0,0,0,0,0,94
1002.0,0,0,0,0,0,0,94
1003.0,0,0,0,1,1,0,94
1004.0,0,0,0,1,1,0,94
1005.0,0,0,0,1,1,0,94
1006.0,0,0,0,1,1,0,94
1007.0,0,0,0,1,1,0,94
1008.0,0,0,0,1,1,0,95
1009.0,0,0,0,0,0,0,95
1010.0,0,0,0,0,0,0,95
1011.0,0,0,0,0,0,0,95
1012.0,0,0,0,0,0,0,95
1013.0,0,0,0,0,0,0,95
1014.0,0,0,0,0,0,0,95
1015.0,0,0,0,0,0,0,95
1016.0,0,0,0,0,0,0,95
1017.0,0,0,0,0,0,0,95
1018.0,0,0,0,0,0,0,96
1019.0,0,0,0,0,0,0,96
1020.0,0,0,0,0,0,0,96
1021.0,0,0,0,0,0,0,96
1022.0,0,0,0,0,0,0,96
1023.0,0,0,0,1,1,0,96
1024.0,0,0,0,1,1,0,96
1025.0,0,0,0,1,1,0,96
1026.0,0,0,0,1,1,0,96
1027.0,0,0,0,1,1,0,96
1028.0,0,0,0,1,1,0,97
1029.0,1,0,0,0,1,0,97
1030.0,0,0,1,0,1,0,97
1031.0,0,0,0,0,0,0,97
1032.0,0,0,0,0,0,0,97
1033.0,1,0,0,0,1,0,97
1034.0,0,0,0,0,0,0,97
1035.0,0,0,0,1,1,0,97
1036.0,0,0,0,0,0,0,97
1037.0,0,1,0,0,1,0,97
1038.0,0,0,0,1,1,0,98
1039.0,0,0,0,0,0,0,98
1040.0,0,0,0,0,0,0,98
1041.0,0,0,0,0,0,0,98
1042.0,0,0,1,0,1,0,98
1043.0,0,0,1,0,1,0,98
1044.0,0,0,1,1,2,0,98
1045.0,0,0,2,1,3,0,98
1046.0,0,0,1,1,2,0,98
1047.0,0,0,1,1,2,0,98
1048.0,0,0,1,1,2,0,99
1049.0,0,0,0,1,1,0,99
1050.0,0,0,0,0,0,0,99
1051.0,1,0,0,0,1,0,99
1052.0,0,0,0,0,0,0,99
1053.0,0,0,0,1,1,0,99
1054.0,0,0,0,0,0,0,99
1055.0,1,0,0,0,1,0,99
1056.0,2,0,0,0,2,0,99
1057.0,2,0,0,1,3,0,99
1058.0,2,0,0,0,2,0,100
1059.0,2,0,0,0,2,0,100
1060.0,2,0,0,0,2,0,100
1061.0,2,0,0,0,2,0,100
1062.0,2,0,0,0,2,0,100
1063.0,2,0,0,0,2,0,100
1064.0,2,0,0,0,2,0,100
1065.0,2,0,0,1,3,0,100
1066.0,2,0,0,1,3,0,100
1067.0,2,0,0,1,3,0,100
1068.0,2,0,0,2,4,0,101
1069.0,2,0,0,1,3,0,101
1070.0,2,0,0,0,2,0,101
1071.0,2,0,0,0,2,0,101
1072.0,2,0,0,0,2,0,101
1073.0,3,0,0,0,3,0,101
1074.0,3,0,0,0,3,0,101
1075.0,4,0,0,0,4,0,101
1076.0,3,0,0,0,3,0,101
1077.0,3,0,0,0,3,0,101
1078.0,3,0,0,0,3,0,102
1079.0,1,0,0,0,1,0,102
1080.0,0,0,0,0,0,0,102
1081.0,0,0,0,0,0,0,102
1082.0,0,0,0,0,0,0,102
1083.0,0,0,0,0,0,0,102
1084.0,0,1,0,0,1,0,102
1085.0,0,1,0,0,1,0,102
1086.0,0,1,0,0,1,0,102
1087.0,0,1,0,0,1,0,102
1088.0,0,1,0,0,1,0,103
1089.0,0,1,0,0,1,0,103
1090.0,0,1,0,0,1,0,103
1091.0,0,1,0,0,1,0,103
1092.0,0,1,0,0,1,0,103
1093.0,0,1,1,0,2,0,103
1094.0,0,1,0,0,1,0,103
1095.0,1,1,0,0,2,0,103
1096.0,0,1,0,0,1,0,103
1097.0,0,1,0,0,1,0,103
1098.0,0,1,0,0,1,0,104
1099.0,0,0,0,0,0,0,104
1100.0,1,0,0,0,1,0,104
1101.0,1,0,0,1,2,0,104
1102.0,1,0,0,1,2,0,104
1103.0,1,0,0,1,2,0,104
1104.0,1,0,0,1,2,0,104
1105.0,1,0,0,1,2,0,104
1106.0,1,0,0,1,2,0,104
1107.0,1,0,0,1,2,0,104
1108.0,1,0,0,1,2,0,105
1109.0,1,0,0,0,1,0,105
1110.0,1,0,0,0,1,0,105
1111.0,1,1,0,0,2,0,105
1112.0,1,0,0,0,1,0,105
1113.0,1,0,0,0,1,0,105
1114.0,1,0,0,0,1,0,105
1115.0,1,0,0,0,1,0,105
1116.0,1,0,0,0,1,0,105
1117.0,1,0,0,0,1,0,105
1118.0,1,0,0,0,1,0,106
1119.0,1,0,1,0,2,0,106
1120.0,0,0,0,0,0,0,106
1121.0,0,0,0,0,0,0,106
1122.0,0,0,0,0,0,0,106
1123.0,0,0,0,0,0,0,106
1124.0,0,0,0,0,0,0,106
1125.0,0,0,0,0,0,0,106
1126.0,0,0,0,0,0,0,106
1127.0,0,0,0,0,0,0,106
1128.0,0,0,0,0,0,0,107
1129.0,0,1,1,0,2,0,107
1130.0,0,0,0,0,0,0,107
1131.0,0,0,0,0,0,0,107
1132.0,0,0,0,0,0,0,107
1133.0,0,0,0,0,0,0,107
1134.0,0,0,0,0,0,0,107
1135.0,0,0,0,0,0,0,107
1136.0,0,0,0,0,0,0,107
1137.0,0,0,0,0,0,0,107
1138.0,0,0,0,0,0,0,108
1139.0,0,0,0,0,0,0,108
1140.0,0,0,1,0,1,0,108
1141.0,0,0,1,0,1,0,108
1142.0,0,1,1,0,2,0,108
1143.0,0,0,1,0,1,0,108
1144.0,0,0,1,0,1,0,108
1145.0,0,0,2,0,2,0,108
1146.0,0,0,2,0,2,0,108
1147.0,0,0,2,0,2,0,108
1148.0,0,0,2,0,2,0,109
1149.0,0,0,1,0,1,0,109
1150.0,0,0,0,0,0,0,109
1151.0,0,0,0,0,0,0,109
1152.0,0,0,0,0,0,0,109
1153.0,0,0,0,0,0,0,109
1154.0,0,1,0,0,1,0,109
1155.0,0,1,0,0,1,0,109
1156.0,0,1,0,0,1,0,109
1157.0,0,1,0,0,1,0,109
1158.0,0,1,0,0,1,0,110
1159.0,0,0,0,0,0,0,110
1160.0,0,0,0,0,0,0,110
1161.0,0,0,0,0,0,0,110
1162.0,0,0,0,0,0,0,110
1163.0,0,1,0,0,1,0,110
1164.0,0,0,0,0,0,0,110
1165.0,0,0,0,0,0,0,110
1166.0,0,0,0,0,0,0,110
1167.0,0,1,0,0,1,0,110
1168.0,0,1,0,0,1,0,111
1169.0,0,1,0,0,1,0,111
1170.0,0,2,0,0,2,0,111
1171.0,0,2,0,0,2,0,111
1172.0,0,2,0,0,2,0,111
1173.0,1,2,0,0,3,0,111
1174.0,0,3,0,0,3,0,111
1175.0,0,3,0,0,3,0,111
1176.0,0,3,0,0,3,0,111
1177.0,0,3,0,0,3,0,111
1178.0,0,3,0,0,3,0,112
1179.0,0,2,0,0,2,0,112
1180.0,0,1,0,0,1,0,112
1181.0,0,1,0,0,1,0,112
1182.0,0,1,0,0,1,0,112
1183.0,0,1,1,0,2,0,112
1184.0,0,1,0,0,1,0,112
1185.0,0,1,0,0,1,0,112
1186.0,0,1,0,0,1,0,112
1187.0,0,1,0,0,1,0,112
1188.0,0,1,0,0,1,0,113
1189.0,0,1,0,0,1,0,113
1190.0,0,1,0,0,1,0,113
1191.0,1,1,0,0,2,0,113
1192.0,0,1,0,0,1,0,113
1193.0,0,1,0,0,1,0,113
1194.0,1,1,0,0,2,0,113
1195.0,1,1,0,0,2,0,113
1196.0,1,1,0,0,2,0,113
1197.0,1,1,0,0,2,0,113
1198.0,1,1,1,0,3,0,114
1199.0,0,0,0,0,0,0,114
1200.0,0,0,0,0,0,0,114
1201.0,1,0,0,0,1,0,114
1202.0,0,0,2,0,2,0,114
1203.0,0,0,1,0,1,0,114
1204.0,0,0,1,0,1,0,114
1205.0,0,0,2,0,2,0,114
1206.0,0,0,1,0,1,0,114
1207.0,0,1,1,0,2,0,114
1208.0,0,0,2,0,2,0,115
1209.0,0,0,0,0,0,0,115
1210.0,0,0,0,0,0,0,115
1211.0,0,0,0,0,0,0,115
1212.0,1,1,0,0,2,0,115
1213.0,1,1,0,0,2,0,115
1214.0,1,1,0,0,2,0,115
1215.0,1,1,0,0,2,0,115
1216.0,1,1,0,0,2,0,115
1217.0,1,1,0,0,2,0,115
1218.0,1,1,0,0,2,0,116
1219.0,1,0,0,0,1,0,116
1220.0,1,0,0,0,1,0,116
1221.0,1,0,0,0,1,0,116
1222.0,2,0,0,0,2,0,116
1223.0,2,0,0,0,2,0,116
1224.0,2,0,0,0,2,0,116
1225.0,2,0,0,0,2,0,116
1226.0,2,0,1,0,3,0,116
1227.0,2,0,1,1,4,0,116
1228.0,2,0,2,1,5,0,117
1229.0,2,0,0,0,2,0,117
1230.0,2,0,0,0,2,0,117
1231.0,2,0,0,0,2,0,117
1232.0,2,0,0,0,2,0,117
1233.0,2,0,0,0,2,0,117
1234.0,2,0,0,0,2,0,117
1235.0,2,0,1,0,3,0,117
1236.0,3,0,0,0,3,0,117
1237.0,2,1,0,0,3,0,117
1238.0,2,0,0,1,3,0,118
1239.0,1,0,0,0,1,0,118
1240.0,0,0,1,0,1,0,118
1241.0,0,0,0,0,0,0,118
1242.0,0,0,0,0,0,0,118
1243.0,0,0,0,0,0,0,118
1244.0,0,1,0,0,1,0,118
1245.0,0,0,0,0,0,0,118
1246.0,0,0,1,0,1,0,118
1247.0,0,1,1,0,2,0,118
1248.0,0,1,1,0,2,0,119
1249.0,0,0,1,0,1,0,119
1250.0,0,0,1,1,2,0,119
1251.0,0,0,2,1,3,0,119
1252.0,0,0,2,1,3,0,119
1253.0,0,0,3,1,4,0,119
1254.0,0,1,3,1,5,0,119
1255.0,1,0,3,1,5,0,119
1256.0,0,0,3,1,4,0,119
1257.0,0,0,3,1,4,0,119
1258.0,2,0,3,1,6,0,120
1259.0,1,0,1,0,2,0,120
1260.0,1,0,0,0,1,0,120
1261.0,1,0,0,0,1,0,120
1262.0,1,0,0,0,1,0,120
1263.0,1,0,0,0,1,0,120
1264.0,1,0,0,0,1,0,120
1265.0,1,1,0,0,2,0,120
1266.0,1,1,0,0,2,0,120
1267.0,1,2,0,0,3,0,120
1268.0,2,2,0,1,5,0,121
1269.0,1,1,0,0,2,0,121
1270.0,1,0,0,0,1,0,121
1271.0,1,0,0,0,1,0,121
1272.0,1,1,0,0,2,0,121
1273.0,1,1,0,0,2,0,121
1274.0,1,1,0,0,2,0,121
1275.0,1,2,0,0,3,0,121
1276.0,1,1,0,0,2,0,121
1277.0,3,2,0,0,5,0,121
1278.0,2,1,0,0,3,0,122
1279.0,2,0,0,1,3,0,122
1280.0,1,0,0,1,2,0,122
1281.0,0,0,0,1,1,0,122
1282.0,0,0,1,1,2,0,122
1283.0,0,1,1,1,3,0,122
1284.0,0,1,1,1,3,0,122
1285.0,0,1,1,1,3,0,122
1286.0,0,2,1,1,4,0,122
1287.0,0,2,1,1,4,0,122
1288.0,0,2,1,1,4,0,123
1289.0,0,1,1,1,3,0,123
1290.0,0,0,1,1,2,0,123
1291.0,0,0,1,1,2,0,123
1292.0,0,0,1,1,2,0,123
1293.0,0,0,1,1,2,0,123
1294.0,0,0,1,1,2,0,123
1295.0,0,0,1,1,2,0,123
1296.0,0,0,1,1,2,0,123
1297.0,1,0,2,1,4,0,123
1298.0,1,0,1,1,3,0,124
1299.0,1,0,0,0,1,0,124
1300.0,2,0,0,1,3,0,124
1301.0,2,0,0,0,2,0,124
1302.0,2,0,0,0,2,0,124
1303.0,2,0,0,0,2,0,124
1304.0,2,0,0,0,2,0,124
1305.0,2,0,0,0,2,0,124
1306.0,2,0,0,0,2,0,124
1307.0,2,1,0,0,3,0,124
1308.0,2,0,0,0,2,0,125
1309.0,1,0,0,0,1,0,125
1310.0,0,1,0,0,1,0,125
1311.0,0,0,0,0,0,0,125
1312.0,0,0,0,1,1,0,125
1313.0,0,0,0,1,1,0,125
1314.0,0,0,0,1,1,0,125
1315.0,0,0,0,2,2,0,125
1316.0,0,1,1,2,4,0,125
1317.0,0,0,1,2,3,0,125
1318.0,0,1,1,2,4,0,126
1319.0,0,1,0,1,2,0,126
1320.0,0,1,0,0,1,0,126
1321.0,0,1,0,1,2,0,126
1322.0,0,2,0,0,2,0,126
1323.0,1,2,0,0,3,0,126
1324.0,0,2,0,1,3,0,126
1325.0,0,2,0,0,2,0,126
1326.0,0,3,0,0,3,0,126
1327.0,0,3,0,0,3,0,126
1328.0,0,3,0,0,3,0,127
1329.0,0,2,0,1,3,0,127
1330.0,0,1,0,0,1,0,127
1331.0,0,1,0,1,2,0,127
1332.0,0,1,0,1,2,0,127
1333.0,1,1,0,2,4,0,127
1334.0,0,1,0,2,3,0,127
1335.0,0,1,0,2,3,0,127
1336.0,1,1,0,2,4,0,127
1337.0,0,1,1,2,4,0,127
1338.0,0,1,1,3,5,0,128
1339.0,0,1,0,2,3,0,128
1340.0,0,1,0,0,1,0,128
1341.0,0,1,0,0,1,0,128
1342.0,0,1,0,1,2,0,128
1343.0,0,1,0,0,1,0,128
1344.0,0,1,0,0,1,0,128
1345.0,0,1,0,0,1,0,128
1346.0,1,1,0,0,2,0,128
1347.0,1,2,0,0,3,0,128
1348.0,1,2,0,0,3,0,129
1349.0,1,2,1,2,6,0,129
1350.0,1,2,0,1,4,0,129
1351.0,1,2,0,2,5,0,129
1352.0,2,2,0,2,6,0,129
1353.0,1,2,0,3,6,0,129
1354.0,1,2,0,3,6,0,129
1355.0,1,2,0,3,6,0,129
1356.0,2,2,0,3,7,0,129
1357.0,2,2,0,3,7,0,129
1358.0,4,2,0,3,9,0,130
1359.0,2,0,0,3,5,0,130
1360.0,1,0,0,4,5,0,130
1361.0,0,0,0,4,4,0,130
1362.0,0,0,1,4,5,0,130
1363.0,0,0,2,4,6,0,130
1364.0,0,0,1,4,5,0,130
1365.0,0,0,1,6,7,0,130
1366.0,0,0,1,6,7,0,130
1367.0,0,0,2,6,8,0,130
1368.0,0,0,1,6,7,0,131
1369.0,0,0,0,3,3,0,131
1370.0,0,0,0,1,1,0,131
1371.0,0,0,0,0,0,0,131
1372.0,0,0,0,0,0,0,131
1373.0,0,0,0,0,0,0,131
1374.0,0,0,0,0,0,0,131
1375.0,1,0,0,0,1,0,131
1376.0,1,0,0,0,1,0,131
1377.0,2,0,0,0,2,0,131
1378.0,1,0,0,0,1,0,132
1379.0,1,0,0,0,1,0,132
1380.0,1,0,0,0,1,0,132
1381.0,2,0,0,1,3,0,132
1382.0,2,0,0,1,3,0,132
1383.0,2,0,0,1,3,0,132
1384.0,2,0,0,1,3,0,132
1385.0,3,0,0,1,4,0,132
1386.0,2,0,1,1,4,0,132
1387.0,2,0,2,2,6,0,132
1388.0,2,0,2,3,7,0,133
1389.0,3,0,0,1,4,0,133
1390.0,2,0,0,0,2,0,133
1391.0,2,1,0,0,3,0,133
1392.0,2,2,0,0,4,0,133
1393.0,2,1,0,0,3,0,133
1394.0,2,2,0,0,4,0,133
1395.0,2,2,1,0,5,0,133
1396.0,2,2,0,0,4,0,133
1397.0,2,2,0,0,4,0,133
1398.0,2,2,0,0,4,0,134
1399.0,3,1,0,0,4,0,134
1400.0,3,0,0,0,3,0,134
1401.0,3,0,0,0,3,0,134
1402.0,3,0,0,0,3,0,134
1403.0,4,0,0,0,4,0,134
1404.0,3,1,0,0,4,0,134
1405.0,3,1,0,0,4,0,134
1406.0,3,1,1,0,5,0,134
1407.0,4,1,1,0,6,0,134
1408.0,4,1,1,0,6,0,135
1409.0,1,0,1,0,2,0,135
1410.0,1,0,1,0,2,0,135
1411.0,0,0,1,0,1,0,135
1412.0,0,0,1,0,1,0,135
1413.0,0,1,1,0,2,0,135
1414.0,0,0,1,0,1,0,135
1415.0,0,0,1,1,2,0,135
1416.0,0,0,1,1,2,0,135
1417.0,0,0,1,1,2,0,135
1418.0,0,0,1,2,3,0,136
1419.0,0,0,0,0,0,0,136
1420.0,0,0,0,0,0,0,136
1421.0,0,1,0,0,1,0,136
1422.0,0,0,0,0,0,0,136
1423.0,1,0,0,0,1,0,136
1424.0,1,1,0,0,2,0,136
1425.0,1,2,0,0,3,0,136
1426.0,1,2,0,0,3,0,136
1427.0,1,3,0,0,4,0,136
1428.0,1,3,0,0,4,0,137
1429.0,1,2,0,0,3,0,137
1430.0,1,2,0,0,3,0,137
1431.0,1,2,0,0,3,0,137
1432.0,2,2,0,0,4,0,137
1433.0,2,3,0,0,5,0,137
1434.0,2,3,0,0,5,0,137
1435.0,2,3,0,0,5,0,137
1436.0,2,3,1,0,6,0,137
1437.0,2,3,2,0,7,0,137
1438.0,2,3,1,0,6,0,138
1439.0,0,1,1,0,2,0,138
1440.0,0,0,3,0,3,0,138
1441.0,0,0,2,0,2,0,138
1442.0,0,0,2,0,2,0,138
1443.0,0,0,2,0,2,0,138
1444.0,0,1,2,0,3,0,138
1445.0,0,0,2,0,2,0,138
1446.0,0,0,2,0,2,0,138
1447.0,0,0,2,0,2,0,138
1448.0,0,0,3,0,3,0,139
1449.0,0,0,0,0,0,0,139
1450.0,0,0,0,0,0,0,139
1451.0,0,0,0,0,0,0,139
1452.0,0,0,0,0,0,0,139
1453.0,0,0,0,1,1,0,139
1454.0,0,0,0,0,0,0,139
1455.0,0,1,0,1,2,0,139
1456.0,0,1,0,0,1,0,139
1457.0,0,1,0,0,1,0,139
1458.0,0,1,0,0,1,0,140
1459.0,0,0,0,0,0,0,140
1460.0,0,0,0,0,0,0,140
1461.0,0,0,0,0,0,0,140
1462.0,0,0,0,0,0,0,140
1463.0,0,0,0,0,0,0,140
1464.0,0,0,0,1,1,0,140
1465.0,0,0,0,2,2,0,140
1466.0,0,0,0,2,2,0,140
1467.0,0,0,0,2,2,0,140
1468.0,0,0,0,2,2,0,141
1469.0,0,0,0,0,0,0,141
1470.0,0,0,0,0,0,0,141
1471.0,0,0,0,0,0,0,141
1472.0,0,0,0,0,0,0,141
1473.0,0,0,0,0,0,0,141
1474.0,0,0,1,0,1,0,141
1475.0,0,0,1,0,1,0,141
1476.0,0,0,0,0,0,0,141
1477.0,0,0,0,0,0,0,141
1478.0,1,0,0,0,1,0,141
1479.0,0,0,0,0,0,0,141
1480.0,0,1,0,1,2,0,141
1481.0,0,0,0,0,0,0,141
1482.0,0,0,0,0,0,0,141
1483.0,0,0,0,0,0,0,142
1484.0,0,0,1,0,1,0,142
1485.0,0,0,1,0,1,0,142
1486.0,0,0,1,0,1,0,142
1487.0,0,0,2,0,2,0,142
1488.0,0,0,2,0,2,0,142
1489.0,0,0,2,0,2,0,142
1490.0,0,0,2,0,2,0,142
1491.0,0,1,2,0,3,0,142
1492.0,0,1,2,1,4,0,142
1493.0,0,1,2,1,4,0,143
1494.0,0,1,1,0,2,0,143
1495.0,0,1,0,0,1,0,143
1496.0,0,1,0,0,1,0,143
1497.0,0,1,0,0,1,0,143
1498.0,1,1,0,0,2,0,143
1499.0,0,1,0,0,1,0,143
1500.0,1,1,0,0,2,0,143
1501.0,1,1,0,1,3,0,143
1502.0,1,2,0,0,3,0,143
1503.0,1,2,0,0,3,0,144
1504.0,1,1,0,0,2,0,144
1505.0,1,1,0,0,2,0,144
1506.0,1,1,0,0,2,0,144
1507.0,1,1,1,0,3,0,144
1508.0,1,0,1,0,2,0,144
1509.0,1,0,1,0,2,0,144
1510.0,1,0,1,0,2,0,144
1511.0,1,0,1,0,2,0,144
1512.0,1,0,1,2,4,0,144
1513.0,1,0,1,2,4,0,145
1514.0,1,0,0,0,1,0,145
1515.0,1,0,0,0,1,0,145
1516.0,1,0,0,0,1,0,145
1517.0,1,0,0,0,1,0,145
1518.0,1,1,0,0,2,0,145
1519.0,1,1,0,0,2,0,145
1520.0,2,2,0,1,5,0,145
1521.0,2,1,0,0,3,0,145
1522.0,2,1,0,0,3,0,145
1523.0,2,1,0,0,3,0,146
1524.0,0,1,0,0,1,0,146
1525.0,0,1,0,0,1,0,146
1526.0,0,1,0,0,1,0,146
1527.0,0,2,0,0,2,0,146
1528.0,0,1,0,0,1,0,146
1529.0,0,1,0,0,1,0,146
1530.0,0,2,0,0,2,0,146
1531.0,0,2,0,1,3,0,146
1532.0,0,2,0,1,3,0,146
1533.0,0,2,0,1,3,0,147
1534.0,0,1,1,1,3,0,147
1535.0,0,0,0,1,1,0,147
1536.0,1,0,0,1,2,0,147
1537.0,0,0,0,1,1,0,147
1538.0,0,0,1,1,2,0,147
1539.0,0,0,2,1,3,0,147
1540.0,0,0,2,1,3,0,147
1541.0,0,0,2,1,3,0,147
1542.0,0,0,2,2,4,0,147
1543.0,0,0,2,1,3,0,148
1544.0,0,1,1,0,2,0,148
1545.0,0,2,0,0,2,0,148
1546.0,0,2,0,0,2,0,148
1547.0,0,2,0,0,2,0,148
1548.0,0,2,0,0,2,0,148
1549.0,0,2,0,0,2,0,148
1550.0,0,2,0,0,2,0,148
1551.0,0,2,0,0,2,0,148
1552.0,1,2,0,0,3,0,148
1553.0,0,2,0,0,2,0,149
1554.0,0,1,0,1,2,0,149
1555.0,0,1,0,1,2,0,149
1556.0,1,1,0,1,3,0,149
1557.0,0,1,0,1,2,0,149
1558.0,0,1,0,1,2,0,149
1559.0,0,2,0,1,3,0,149
1560.0,0,1,0,2,3,0,149
1561.0,0,1,0,2,3,0,149
1562.0,0,1,0,2,3,0,149
1563.0,0,2,0,3,5,0,150
1564.0,0,1,0,0,1,0,150
1565.0,0,1,0,0,1,0,150
1566.0,0,1,0,0,1,0,150
1567.0,0,1,0,1,2,0,150
1568.0,0,1,0,0,1,0,150
1569.0,0,2,0,0,2,0,150
1570.0,0,2,0,0,2,0,150
1571.0,0,2,0,0,2,0,150
1572.0,0,2,0,0,2,0,150
1573.0,0,2,0,0,2,0,151
1574.0,0,1,0,0,1,0,151
1575.0,0,1,0,0,1,0,151
1576.0,0,1,0,0,1,0,151
1577.0,0,1,0,0,1,0,151
1578.0,0,2,0,0,2,0,151
1579.0,0,1,0,0,1,0,151
1580.0,0,1,1,0,2,0,151
1581.0,0,1,0,0,1,0,151
1582.0,0,1,1,0,2,0,151
1583.0,0,1,1,1,3,0,152
1584.0,0,0,1,1,2,0,152
1585.0,0,0,2,1,3,0,152
1586.0,0,0,4,1,5,0,152
1587.0,0,0,3,2,5,0,152
1588.0,0,0,3,2,5,0,152
1589.0,0,0,3,2,5,0,152
1590.0,0,0,5,2,7,0,152
1591.0,0,0,6,2,8,0,152
1592.0,0,0,6,2,8,0,152
1593.0,1,0,7,2,10,0,153
1594.0,0,0,6,0,6,0,153
1595.0,0,0,4,0,4,0,153
1596.0,0,0,2,0,2,0,153
1597.0,0,0,1,0,1,0,153
1598.0,0,0,1,0,1,0,153
1599.0,0,2,0,0,2,0,153
1600.0,0,2,0,0,2,0,153
1601.0,0,2,0,1,3,0,153
1602.0,0,3,0,0,3,0,153
1603.0,0,3,0,0,3,0,154
1604.0,0,2,0,0,2,0,154
1605.0,0,2,0,0,2,0,154
1606.0,0,2,0,0,2,0,154
1607.0,0,2,1,0,3,0,154
1608.0,0,2,1,0,3,0,154
1609.0,0,2,2,0,4,0,154
1610.0,0,2,2,0,4,0,154
1611.0,0,2,2,0,4,0,154
1612.0,0,2,2,1,5,0,154
1613.0,1,2,2,1,6,0,155
1614.0,1,2,0,0,3,0,155
1615.0,1,2,0,0,3,0,155
1616.0,1,3,0,0,4,0,155
1617.0,1,2,0,0,3,0,155
1618.0,1,2,0,1,4,0,155
1619.0,1,2,0,0,3,0,155
1620.0,1,3,0,0,4,0,155
1621.0,1,3,0,0,4,0,155
1622.0,1,3,0,0,4,0,155
1623.0,1,3,0,0,4,0,156
1624.0,0,1,0,0,1,0,156
1625.0,0,0,0,1,1,0,156
1626.0,0,0,0,1,1,0,156
1627.0,0,0,0,1,1,0,156
1628.0,0,0,0,1,1,0,156
1629.0,1,0,1,2,4,0,156
1630.0,0,0,2,2,4,0,156
1631.0,0,0,1,2,3,0,156
1632.0,0,0,1,2,3,0,156
1633.0,0,0,2,2,4,0,157
1634.0,0,0,1,0,1,0,157
1635.0,0,0,0,0,0,0,157
1636.0,0,0,0,0,0,0,157
1637.0,0,0,0,0,0,0,157
1638.0,0,0,0,0,0,0,157
1639.0,0,0,0,0,0,0,157
1640.0,0,0,0,0,0,0,157
1641.0,1,0,0,0,1,0,157
1642.0,0,0,0,0,0,0,157
1643.0,0,0,1,0,1,0,158
1644.0,0,0,0,0,0,0,158
1645.0,0,1,0,0,1,0,158
1646.0,0,1,0,1,2,0,158
1647.0,0,0,0,1,1,0,158
1648.0,0,0,0,1,1,0,158
1649.0,0,0,0,1,1,0,158
1650.0,0,0,1,1,2,0,158
1651.0,0,0,0,1,1,0,158
1652.0,0,0,0,1,1,0,158
1653.0,0,0,1,1,2,0,159
1654.0,0,0,0,0,0,0,159
1655.0,0,0,0,0,0,0,159
1656.0,0,1,0,0,1,0,159
1657.0,0,1,0,0,1,0,159
1658.0,0,1,0,0,1,0,159
1659.0,0,2,0,0,2,0,159
1660.0,0,2,0,0,2,0,159
1661.0,0,2,0,0,2,0,159
1662.0,0,2,0,0,2,0,159
1663.0,0,3,0,0,3,0,160
1664.0,1,1,0,0,2,0,160
1665.0,1,0,0,0,1,0,160
1666.0,1,0,0,0,1,0,160
1667.0,1,0,1,1,3,0,160
1668.0,1,0,1,0,2,0,160
1669.0,1,0,1,0,2,0,160
1670.0,1,0,1,1,3,0,160
1671.0,1,0,1,0,2,0,160
1672.0,1,0,1,0,2,0,160
1673.0,1,0,1,0,2,0,161
1674.0,1,1,0,0,2,0,161
1675.0,1,2,0,0,3,0,161
1676.0,1,1,0,0,2,0,161
1677.0,1,2,0,0,3,0,161
1678.0,1,2,0,0,3,0,161
1679.0,1,2,1,0,4,0,161
1680.0,1,2,0,0,3,0,161
1681.0,1,3,0,0,4,0,161
1682.0,1,2,0,0,3,0,161
1683.0,1,2,0,0,3,0,162
1684.0,1,1,0,0,2,0,162
1685.0,1,1,0,0,2,0,162
1686.0,1,2,0,0,3,0,162
1687.0,1,1,0,0,2,0,162
1688.0,1,1,1,0,3,0,162
1689.0,1,1,0,0,2,0,162
1690.0,1,1,0,0,2,0,162
1691.0,1,2,0,1,4,0,162
1692.0,1,2,0,0,3,0,162
1693.0,1,2,0,0,3,0,163
1694.0,1,2,1,0,4,0,163
1695.0,1,2,0,0,3,0,163
1696.0,1,3,0,0,4,0,163
1697.0,1,3,1,0,5,0,163
1698.0,1,4,0,1,6,0,163
1699.0,1,5,0,0,6,0,163
1700.0,1,4,0,0,5,0,163
1701.0,1,4,0,0,5,0,163
1702.0,1,4,0,0,5,0,163
1703.0,1,4,0,1,6,0,164
1704.0,1,3,0,0,4,0,164
1705.0,1,2,0,0,3,0,164
1706.0,1,2,0,0,3,0,164
1707.0,1,2,0,0,3,0,164
1708.0,1,2,1,0,4,0,164
1709.0,1,2,1,1,5,0,164
1710.0,1,2,2,1,6,0,164
1711.0,1,3,2,1,7,0,164
1712.0,1,3,3,1,8,0,164
1713.0,1,3,2,1,7,0,165
1714.0,0,1,2,2,5,0,165
1715.0,0,0,2,1,3,0,165
1716.0,1,0,2,1,4,0,165
1717.0,0,0,2,1,3,0,165
1718.0,0,0,2,1,3,0,165
1719.0,0,0,2,2,4,0,165
1720.0,0,0,2,2,4,0,165
1721.0,0,0,2,2,4,0,165
1722.0,0,0,2,2,4,0,165
1723.0,0,1,3,2,6,0,166
1724.0,0,0,2,0,2,0,166
1725.0,0,0,0,0,0,0,166
1726.0,0,0,0,0,0,0,166
1727.0,0,0,0,0,0,0,166
1728.0,0,0,0,0,0,0,166
1729.0,0,0,0,0,0,0,166
1730.0,0,0,0,0,0,0,166
1731.0,0,0,0,0,0,0,166
1732.0,0,0,0,0,0,0,166
1733.0,0,0,0,0,0,0,167
1734.0,0,0,0,0,0,0,167
1735.0,0,1,1,0,2,0,167
1736.0,0,0,1,0,1,0,167
1737.0,0,0,1,0,1,0,167
1738.0,0,0,1,0,1,0,167
1739.0,0,0,1,0,1,0,167
1740.0,0,0,1,0,1,0,167
1741.0,0,0,1,0,1,0,167
1742.0,0,0,2,1,3,0,167
1743.0,0,0,2,2,4,0,168
1744.0,0,0,0,0,0,0,168
1745.0,0,0,0,0,0,0,168
1746.0,0,0,0,0,0,0,168
1747.0,0,1,0,0,1,0,168
1748.0,0,1,0,0,1,0,168
1749.0,0,2,1,0,3,0,168
1750.0,0,1,0,0,1,0,168
1751.0,0,1,0,0,1,0,168
1752.0,0,1,1,0,2,0,168
1753.0,0,1,0,0,1,0,169
1754.0,0,1,0,0,1,0,169
1755.0,0,1,1,0,2,0,169
1756.0,0,1,1,0,2,0,169
1757.0,0,2,1,2,5,0,169
1758.0,0,2,1,1,4,0,169
1759.0,0,3,1,1,5,0,169
1760.0,0,3,1,1,5,0,169
1761.0,0,3,1,1,5,0,169
1762.0,0,3,2,1,6,0,169
1763.0,0,3,2,1,6,0,170
1764.0,0,2,2,2,6,0,170
1765.0,1,1,2,1,5,0,170
1766.0,0,0,3,1,4,0,170
1767.0,0,0,2,1,3,0,170
1768.0,0,0,3,1,4,0,170
1769.0,0,0,3,1,4,0,170
1770.0,0,0,3,1,4,0,170
1771.0,0,0,3,2,5,0,170
1772.0,0,1,3,2,6,0,170
1773.0,0,0,4,2,6,0,171
1774.0,0,0,1,1,2,0,171
1775.0,0,0,0,0,0,0,171
1776.0,0,0,0,0,0,0,171
1777.0,0,0,0,0,0,0,171
1778.0,0,1,1,0,2,0,171
1779.0,0,1,0,0,1,0,171
1780.0,0,1,0,0,1,0,171
1781.0,0,1,0,0,1,0,171
1782.0,0,1,0,0,1,0,171
1783.0,0,3,0,0,3,0,172
1784.0,0,2,0,0,2,0,172
1785.0,0,3,0,0,3,0,172
1786.0,0,3,0,0,3,0,172
1787.0,0,3,1,0,4,0,172
1788.0,0,4,1,0,5,0,172
1789.0,0,3,1,0,4,0,172
1790.0,0,2,1,0,3,0,172
1791.0,1,2,1,0,4,0,172
1792.0,1,2,1,0,4,0,172
1793.0,1,2,1,1,5,0,173
1794.0,1,3,0,0,4,0,173
1795.0,1,3,0,0,4,0,173
1796.0,1,3,0,0,4,0,173
1797.0,1,3,0,0,4,0,173
1798.0,1,4,0,0,5,0,173
1799.0,1,4,0,0,5,0,173
1800.0,1,4,0,0,5,0,173
1801.0,1,4,0,0,5,0,173
1802.0,1,4,0,0,5,0,173
1803.0,1,4,0,0,5,0,174
1804.0,1,3,0,1,5,0,174
1805.0,2,3,0,1,6,0,174
1806.0,1,2,0,1,4,0,174
1807.0,1,2,1,1,5,0,174
1808.0,1,2,1,2,6,0,174
1809.0,1,2,1,2,6,0,174
1810.0,1,2,2,3,8,0,174
1811.0,1,2,2,2,7,0,174
1812.0,1,2,3,2,8,0,174
1813.0,1,2,3,3,9,0,175
1814.0,1,2,3,0,6,0,175
1815.0,1,2,2,0,5,0,175
1816.0,1,3,1,0,5,0,175
1817.0,1,3,0,0,4,0,175
1818.0,1,3,0,0,4,0,175
1819.0,1,3,0,0,4,0,175
1820.0,1,3,0,0,4,0,175
1821.0,1,3,0,0,4,0,175
1822.0,1,3,0,1,5,0,175
1823.0,1,3,0,0,4,0,176
1824.0,1,2,2,1,6,0,176
1825.0,2,2,3,2,9,0,176
1826.0,1,2,3,1,7,0,176
1827.0,1,2,4,1,8,0,176
1828.0,3,2,4,1,10,0,176
1829.0,2,2,4,1,9,0,176
1830.0,2,2,4,1,9,0,176
1831.0,2,2,4,1,9,0,176
1832.0,2,2,4,1,9,0,176
1833.0,2,2,5,2,11,0,177
1834.0,2,2,2,0,6,0,177
1835.0,2,2,0,0,4,0,177
1836.0,2,2,1,0,5,0,177
1837.0,2,2,0,0,4,0,177
1838.0,2,2,0,0,4,0,177
1839.0,2,2,0,0,4,0,177
1840.0,2,2,0,0,4,0,177
1841.0,3,2,0,0,5,0,177
1842.0,2,2,0,0,4,0,177
1843.0,2,2,0,0,4,0,178
1844.0,1,0,0,0,1,0,178
1845.0,1,0,0,0,1,0,178
1846.0,0,0,0,0,0,0,178
1847.0,0,0,1,0,1,0,178
1848.0,0,1,1,2,4,0,178
1849.0,0,0,1,1,2,0,178
1850.0,0,0,1,1,2,0,178
1851.0,0,0,1,1,2,0,178
1852.0,0,1,2,1,4,0,178
1853.0,0,0,1,1,2,0,179
1854.0,0,0,0,0,0,0,179
1855.0,0,0,0,0,0,0,179
1856.0,0,0,0,0,0,0,179
1857.0,0,0,0,0,0,0,179
1858.0,0,1,0,0,1,0,179
1859.0,0,1,0,0,1,0,179
1860.0,0,1,0,0,1,0,179
1861.0,1,1,0,0,2,0,179
1862.0,0,2,0,1,3,0,179
1863.0,1,2,0,0,3,0,180
1864.0,0,2,0,0,2,0,180
1865.0,0,2,0,0,2,0,180
1866.0,0,2,0,1,3,0,180
1867.0,0,2,0,0,2,0,180
1868.0,0,2,0,0,2,0,180
1869.0,0,2,0,0,2,0,180
1870.0,0,3,0,0,3,0,180
1871.0,0,2,0,0,2,0,180
1872.0,0,2,1,0,3,0,180
1873.0,0,3,1,1,5,0,181
1874.0,1,1,1,2,5,0,181
1875.0,0,0,1,2,3,0,181
1876.0,0,0,1,2,3,0,181
1877.0,1,0,1,2,4,0,181
1878.0,0,0,1,3,4,0,181
1879.0,0,0,1,3,4,0,181
1880.0,0,0,2,3,5,0,181
1881.0,0,0,1,3,4,0,181
1882.0,0,0,1,3,4,0,181
1883.0,0,0,1,3,4,0,182
1884.0,0,0,0,0,0,0,182
1885.0,1,0,0,0,1,0,182
1886.0,0,0,0,0,0,0,182
1887.0,0,0,0,0,0,0,182
1888.0,1,0,0,0,1,0,182
1889.0,0,0,0,0,0,0,182
1890.0,0,0,0,0,0,0,182
1891.0,0,0,0,1,1,0,182
1892.0,0,0,0,0,0,0,182
1893.0,0,1,0,0,1,0,183
1894.0,0,0,0,0,0,0,183
1895.0,0,0,0,0,0,0,183
1896.0,0,0,0,0,0,0,183
1897.0,0,0,0,0,0,0,183
1898.0,0,0,0,0,0,0,183
1899.0,0,1,0,0,1,0,183
1900.0,0,1,0,1,2,0,183
1901.0,0,1,0,0,1,0,183
1902.0,1,1,0,0,2,0,183
1903.0,0,1,0,1,2,0,184
1904.0,0,0,0,1,1,0,184
1905.0,0,0,1,1,2,0,184
1906.0,0,0,1,1,2,0,184
1907.0,1,0,1,1,3,0,184
1908.0,1,0,1,2,4,0,184
1909.0,1,0,1,2,4,0,184
1910.0,1,0,1,3,5,0,184
1911.0,1,0,1,3,5,0,184
1912.0,2,0,1,3,6,0,184
1913.0,2,0,1,3,6,0,185
1914.0,2,0,0,1,3,0,185
1915.0,2,0,0,0,2,0,185
1916.0,2,0,0,1,3,0,185
1917.0,2,1,0,0,3,0,185
1918.0,2,1,0,0,3,0,185
1919.0,2,1,0,1,4,0,185
1920.0,2,1,0,0,3,0,185
1921.0,2,1,0,0,3,0,185
1922.0,2,1,0,1,4,0,185
1923.0,2,2,0,0,4,0,186
1924.0,3,0,0,0,3,0,186
1925.0,3,0,0,0,3,0,186
1926.0,3,0,0,0,3,0,186
1927.0,3,0,0,0,3,0,186
1928.0,3,0,0,1,4,0,186
1929.0,3,1,1,1,6,0,186
1930.0,3,0,1,1,5,0,186
1931.0,3,0,1,1,5,0,186
1932.0,3,0,1,2,6,0,186
1933.0,3,0,1,3,7,0,187
1934.0,1,0,1,3,5,0,187
1935.0,0,0,2,3,5,0,187
1936.0,0,1,2,2,5,0,187
1937.0,0,0,2,2,4,0,187
1938.0,0,0,2,2,4,0,187
1939.0,0,0,2,2,4,0,187
1940.0,0,0,2,3,5,0,187
1941.0,0,0,2,3,5,0,187
1942.0,0,0,2,3,5,0,187
1943.0,0,1,2,3,6,0,188
1944.0,0,1,0,0,1,0,188
1945.0,0,1,0,0,1,0,188
1946.0,1,1,0,0,2,0,188
1947.0,0,1,0,0,1,0,188
1948.0,0,1,0,0,1,0,188
1949.0,0,1,0,0,1,0,188
1950.0,0,1,0,0,1,0,188
1951.0,0,1,0,0,1,0,188
1952.0,0,1,0,0,1,0,188
1953.0,0,1,0,1,2,0,189
1954.0,0,0,1,0,1,0,189
1955.0,0,0,0,0,0,0,189
1956.0,0,0,0,0,0,0,189
1957.0,0,0,0,0,0,0,189
1958.0,1,0,0,0,1,0,189
1959.0,0,0,1,1,2,0,189
1960.0,0,0,1,1,2,0,189
1961.0,0,0,1,1,2,0,189
1962.0,0,0,1,2,3,0,189
1963.0,0,0,2,2,4,0,190
1964.0,0,0,0,1,1,0,190
1965.0,0,0,0,0,0,0,190
1966.0,0,0,0,0,0,0,190
1967.0,1,0,0,0,1,0,190
1968.0,1,0,0,0,1,0,190
1969.0,1,0,0,0,1,0,190
1970.0,1,0,0,0,1,0,190
1971.0,1,0,0,0,1,0,190
1972.0,1,0,0,1,2,0,190
1973.0,1,0,0,0,1,0,191
1974.0,0,1,0,0,1,0,191
1975.0,0,1,1,0,2,0,191
1976.0,0,1,1,0,2,0,191
1977.0,0,1,1,0,2,0,191
1978.0,0,2,1,0,3,0,191
1979.0,0,3,1,0,4,0,191
1980.0,0,2,1,0,3,0,191
1981.0,0,2,1,1,4,0,191
1982.0,0,2,2,0,4,0,191
1983.0,0,2,2,1,5,0,192
1984.0,0,1,2,1,4,0,192
1985.0,0,0,2,1,3,0,192
1986.0,0,0,2,1,3,0,192
1987.0,0,0,2,1,3,0,192
1988.0,0,0,2,1,3,0,192
1989.0,0,0,2,1,3,0,192
1990.0,0,0,2,1,3,0,192
1991.0,0,1,2,1,4,0,192
1992.0,0,1,3,1,5,0,192
1993.0,0,1,2,1,4,0,193
1994.0,0,1,0,0,1,0,193
1995.0,0,1,0,0,1,0,193
1996.0,0,1,0,0,1,0,193
1997.0,0,1,0,0,1,0,193
1998.0,0,1,0,0,1,0,193
1999.0,0,1,0,0,1,0,193
2000.0,0,1,0,0,1,0,193
2001.0,1,2,0,0,3,0,193
2002.0,0,1,0,0,1,0,193
2003.0,0,2,0,0,2,0,194
2004.0,0,0,0,0,0,0,194
2005.0,0,0,0,0,0,0,194
2006.0,0,0,0,0,0,0,194
2007.0,0,0,0,0,0,0,194
2008.0,0,0,0,0,0,0,194
2009.0,0,0,0,0,0,0,194
2010.0,0,0,0,0,0,0,194
2011.0,0,0,0,0,0,0,194
2012.0,0,0,0,1,1,0,194
2013.0,0,1,0,0,1,0,195
2014.0,0,1,0,0,1,0,195
2015.0,0,2,0,0,2,0,195
2016.0,0,1,0,0,1,0,195
2017.0,0,1,0,0,1,0,195
2018.0,1,2,0,0,3,0,195
2019.0,0,1,0,0,1,0,195
2020.0,0,1,0,0,1,0,195
2021.0,1,2,0,0,3,0,195
2022.0,1,2,0,0,3,0,195
2023.0,1,2,0,0,3,0,196
2024.0,1,1,0,0,2,0,196
2025.0,1,2,1,0,4,0,196
2026.0,1,2,1,0,4,0,196
2027.0,1,2,1,0,4,0,196
2028.0,1,3,1,0,5,0,196
2029.0,1,3,1,0,5,0,196
2030.0,1,3,2,0,6,0,196
2031.0,1,3,2,0,6,0,196
2032.0,1,3,2,0,6,0,196
2033.0,1,3,2,0,6,0,197
2034.0,1,3,0,0,4,0,197
2035.0,1,3,0,0,4,0,197
2036.0,1,3,0,0,4,0,197
2037.0,1,3,0,0,4,0,197
2038.0,1,3,0,0,4,0,197
2039.0,2,3,0,0,5,0,197
2040.0,2,3,0,0,5,0,197
2041.0,2,3,0,0,5,0,197
2042.0,2,3,0,0,5,0,197
2043.0,2,3,0,0,5,0,198
2044.0,1,1,0,0,2,0,198
2045.0,1,0,0,0,1,0,198
2046.0,1,0,0,0,1,0,198
2047.0,1,0,0,0,1,0,198
2048.0,1,0,0,0,1,0,198
2049.0,1,0,0,1,2,0,198
2050.0,1,1,0,0,2,0,198
2051.0,1,0,0,0,1,0,198
2052.0,1,0,0,0,1,0,198
2053.0,1,0,0,0,1,0,199
2054.0,1,0,0,0,1,0,199
2055.0,1,0,0,0,1,0,199
2056.0,1,0,0,1,2,0,199
2057.0,1,0,0,0,1,0,199
2058.0,1,0,0,0,1,0,199
2059.0,1,0,0,0,1,0,199
2060.0,1,1,0,0,2,0,199
2061.0,1,1,0,0,2,0,199
2062.0,3,2,0,0,5,0,199
2063.0,2,2,0,0,4,0,200
2064.0,1,1,0,0,2,0,200
2065.0,1,0,1,0,2,0,200
2066.0,1,0,1,0,2,0,200
2067.0,1,1,1,0,3,0,200
2068.0,1,0,1,1,3,0,200
2069.0,1,0,1,1,3,0,200
2070.0,1,0,1,2,4,0,200
2071.0,1,0,1,1,3,0,200
2072.0,1,0,1,1,3,0,200
2073.0,1,0,1,1,3,0,201
2074.0,1,0,0,0,1,0,201
2075.0,1,0,0,0,1,0,201
2076.0,1,0,0,0,1,0,201
2077.0,1,0,0,0,1,0,201
2078.0,1,0,0,0,1,0,201
2079.0,1,0,0,0,1,0,201
2080.0,1,0,0,0,1,0,201
2081.0,1,0,0,0,1,0,201
2082.0,1,1,0,1,3,0,201
2083.0,1,0,0,0,1,0,202
2084.0,1,0,0,0,1,0,202
2085.0,0,0,0,0,0,0,202
2086.0,0,0,0,0,0,0,202
2087.0,0,0,0,1,1,0,202
2088.0,0,0,0,0,0,0,202
2089.0,0,0,0,0,0,0,202
2090.0,0,0,0,0,0,0,202
2091.0,0,0,0,0,0,0,202
2092.0,0,0,0,0,0,0,202
2093.0,0,1,0,1,2,0,203
2094.0,0,0,0,1,1,0,203
2095.0,0,0,0,1,1,0,203
2096.0,0,0,0,1,1,0,203
2097.0,0,0,0,1,1,0,203
2098.0,0,0,0,2,2,0,203
2099.0,0,0,0,2,2,0,203
2100.0,0,0,0,2,2,0,203
2101.0,0,1,0,3,4,0,203
2102.0,0,0,1,2,3,0,203
2103.0,0,0,1,2,3,0,204
2104.0,0,1,0,0,1,0,204
2105.0,0,0,0,0,0,0,204
2106.0,0,0,0,0,0,0,204
2107.0,0,0,0,0,0,0,204
2108.0,0,1,0,0,1,0,204
2109.0,0,1,0,1,2,0,204
2110.0,0,1,0,0,1,0,204
2111.0,0,1,1,0,2,0,204
2112.0,0,1,0,0,1,0,204
2113.0,0,1,0,0,1,0,205
2114.0,0,1,0,1,2,0,205
2115.0,0,1,0,0,1,0,205
2116.0,0,2,0,0,2,0,205
2117.0,0,1,0,0,1,0,205
2118.0,0,1,0,0,1,0,205
2119.0,1,1,1,0,3,0,205
2120.0,0,1,0,1,2,0,205
2121.0,0,1,1,1,3,0,205
2122.0,0,1,1,1,3,0,205
2123.0,0,1,1,2,4,0,206
2124.0,0,1,0,0,1,0,206
2125.0,0,1,0,0,1,0,206
2126.0,0,2,0,0,2,0,206
2127.0,0,2,0,0,2,0,206
2128.0,0,2,0,0,2,0,206
2129.0,0,3,0,0,3,0,206
2130.0,0,2,1,0,3,0,206
2131.0,0,2,0,0,2,0,206
2132.0,0,2,0,0,2,0,206
2133.0,0,2,0,0,2,0,207
2134.0,0,1,0,0,1,0,207
2135.0,0,2,0,0,2,0,207
2136.0,0,2,0,0,2,0,207
2137.0,0,1,1,0,2,0,207
2138.0,0,1,1,0,2,0,207
2139.0,0,1,1,0,2,0,207
2140.0,0,1,1,0,2,0,207
2141.0,0,1,1,0,2,0,207
2142.0,0,2,1,0,3,0,207
2143.0,0,1,1,0,2,0,208
2144.0,1,1,0,0,2,0,208
2145.0,1,1,0,0,2,0,208
2146.0,1,2,0,0,3,0,208
2147.0,1,3,0,0,4,0,208
2148.0,1,3,0,0,4,0,208
2149.0,1,3,0,0,4,0,208
2150.0,1,3,0,0,4,0,208
2151.0,1,3,0,0,4,0,208
2152.0,1,3,0,0,4,0,208
2153.0,1,3,0,0,4,0,209
2154.0,1,3,0,0,4,0,209
2155.0,1,3,0,0,4,0,209
2156.0,1,3,0,0,4,0,209
2157.0,1,3,0,0,4,0,209
2158.0,1,3,0,0,4,0,209
2159.0,1,3,0,0,4,0,209
2160.0,1,3,0,1,5,0,209
2161.0,1,3,0,1,5,0,209
2162.0,1,3,0,1,5,0,209
2163.0,1,3,0,1,5,0,210
2164.0,0,1,0,1,2,0,210
2165.0,0,0,0,1,1,0,210
2166.0,0,0,0,1,1,0,210
2167.0,0,0,0,1,1,0,210
2168.0,0,0,0,1,1,0,210
2169.0,0,0,0,2,2,0,210
2170.0,0,0,0,2,2,0,210
2171.0,1,0,0,3,4,0,210
2172.0,0,0,1,2,3,0,210
2173.0,0,0,2,3,5,0,211
2174.0,0,0,0,1,1,0,211
2175.0,0,0,0,0,0,0,211
2176.0,0,0,0,1,1,0,211
2177.0,0,0,0,0,0,0,211
2178.0,0,0,0,0,0,0,211
2179.0,0,0,0,1,1,0,211
2180.0,0,0,0,0,0,0,211
2181.0,0,0,0,0,0,0,211
2182.0,0,0,0,0,0,0,211
2183.0,0,0,0,0,0,0,212
2184.0,0,0,0,0,0,0,212
2185.0,0,0,0,0,0,0,212
2186.0,0,0,0,0,0,0,212
2187.0,0,0,0,0,0,0,212
2188.0,0,0,0,1,1,0,212
2189.0,1,0,0,1,2,0,212
2190.0,0,0,0,2,2,0,212
2191.0,0,0,0,3,3,0,212
2192.0,0,0,0,2,2,0,212
2193.0,1,0,0,2,3,0,213
2194.0,1,0,0,1,2,0,213
2195.0,1,1,0,0,2,0,213
2196.0,2,1,0,0,3,0,213
2197.0,1,1,0,0,2,0,213
2198.0,1,1,0,1,3,0,213
2199.0,2,1,0,0,3,0,213
2200.0,1,1,0,0,2,0,213
2201.0,1,1,0,0,2,0,213
2202.0,1,1,0,0,2,0,213
2203.0,1,1,0,0,2,0,214
2204.0,0,0,0,0,0,0,214
2205.0,0,0,1,0,1,0,214
2206.0,0,0,2,1,3,0,214
2207.0,0,0,1,0,1,0,214
2208.0,0,0,1,0,1,0,214
2209.0,0,0,1,1,2,0,214
2210.0,1,0,1,1,3,0,214
2211.0,0,0,2,1,3,0,214
2212.0,0,0,1,1,2,0,214
2213.0,0,0,1,1,2,0,215
2214.0,0,0,0,0,0,0,215
2215.0,0,0,0,0,0,0,215
2216.0,0,0,0,0,0,0,215
2217.0,0,0,0,0,0,0,215
2218.0,0,0,0,0,0,0,215
2219.0,1,0,0,0,1,0,215
2220.0,1,0,0,0,1,0,215
2221.0,1,0,0,0,1,0,215
2222.0,2,0,0,0,2,0,215
2223.0,2,0,0,0,2,0,216
2224.0,1,0,0,0,1,0,216
2225.0,1,0,0,0,1,0,216
2226.0,1,0,0,0,1,0,216
2227.0,1,0,1,0,2,0,216
2228.0,1,0,1,0,2,0,216
2229.0,1,0,1,0,2,0,216
2230.0,2,0,1,0,3,0,216
2231.0,2,0,1,0,3,0,216
2232.0,2,0,1,0,3,0,216
2233.0,2,1,1,0,4,0,217
2234.0,2,1,0,0,3,0,217
2235.0,2,0,0,0,2,0,217
2236.0,2,0,0,0,2,0,217
2237.0,2,0,0,0,2,0,217
2238.0,2,0,0,0,2,0,217
2239.0,2,0,0,0,2,0,217
2240.0,2,1,0,0,3,0,217
2241.0,2,0,0,0,2,0,217
2242.0,2,0,0,0,2,0,217
2243.0,2,0,0,0,2,0,218
2244.0,1,0,0,0,1,0,218
2245.0,0,1,0,0,1,0,218
2246.0,0,2,0,0,2,0,218
2247.0,0,2,1,1,4,0,218
2248.0,0,2,1,1,4,0,218
2249.0,0,2,2,1,5,0,218
2250.0,0,2,3,2,7,0,218
2251.0,0,2,3,1,6,0,218
2252.0,0,2,4,1,7,0,218
2253.0,0,2,4,2,8,0,219
2254.0,0,2,2,0,4,0,219
2255.0,0,2,0,0,2,0,219
2256.0,0,2,0,0,2,0,219
2257.0,0,3,0,0,3,0,219
2258.0,0,3,0,1,4,0,219
2259.0,0,4,0,0,4,0,219
2260.0,0,3,0,0,3,0,219
2261.0,0,3,0,1,4,0,219
2262.0,0,3,0,0,3,0,219
2263.0,0,3,0,0,3,0,220
2264.0,0,2,0,0,2,0,220
2265.0,1,2,0,0,3,0,220
2266.0,0,1,0,0,1,0,220
2267.0,0,1,0,0,1,0,220
2268.0,0,1,1,0,2,0,220
2269.0,0,2,0,0,2,0,220
2270.0,0,2,0,1,3,0,220
2271.0,0,1,0,1,2,0,220
2272.0,0,1,0,1,2,0,220
2273.0,0,2,0,3,5,0,221
2274.0,0,2,0,0,2,0,221
2275.0,0,3,0,0,3,0,221
2276.0,0,5,0,0,5,0,221
2277.0,0,5,0,0,5,0,221
2278.0,0,5,0,0,5,0,221
2279.0,0,5,0,0,5,0,221
2280.0,0,5,0,0,5,0,221
2281.0,0,5,0,0,5,0,221
2282.0,1,5,0,0,6,0,221
2283.0,0,6,0,2,8,0,222
2284.0,0,5,0,1,6,0,222
2285.0,0,4,0,1,5,0,222
2286.0,0,3,0,1,4,0,222
2287.0,0,4,0,2,6,0,222
2288.0,0,3,0,1,4,0,222
2289.0,0,3,0,1,4,0,222
2290.0,1,4,0,2,7,0,222
2291.0,1,4,0,2,7,0,222
2292.0,1,4,0,2,7,0,222
2293.0,1,4,0,3,8,0,223
2294.0,0,3,0,3,6,0,223
2295.0,0,2,0,3,5,0,223
2296.0,0,1,0,3,4,0,223
2297.0,0,1,0,4,5,0,223
2298.0,0,2,0,4,6,0,223
2299.0,0,2,0,4,6,0,223
2300.0,0,2,0,4,6,0,223
2301.0,0,3,0,4,7,0,223
2302.0,0,3,0,4,7,0,223
2303.0,0,3,0,5,8,0,224
2304.0,0,3,0,2,5,0,224
2305.0,0,3,0,1,4,0,224
2306.0,0,3,0,0,3,0,224
2307.0,1,3,0,0,4,0,224
2308.0,0,4,0,0,4,0,224
2309.0,0,3,0,0,3,0,224
2310.0,1,3,0,0,4,0,224
2311.0,0,3,0,0,3,0,224
2312.0,0,3,0,0,3,0,224
2313.0,0,3,0,0,3,0,225
2314.0,0,2,0,0,2,0,225
2315.0,0,1,0,0,1,0,225
2316.0,0,0,0,0,0,0,225
2317.0,0,0,0,1,1,0,225
2318.0,0,0,0,1,1,0,225
2319.0,0,0,0,1,1,0,225
2320.0,0,0,0,1,1,0,225
2321.0,0,0,0,1,1,0,225
2322.0,0,0,0,1,1,0,225
2323.0,0,0,0,1,1,0,226
2324.0,0,1,0,0,1,0,226
2325.0,0,1,0,0,1,0,226
2326.0,0,1,0,1,2,0,226
2327.0,0,1,0,0,1,0,226
2328.0,0,1,0,0,1,0,226
2329.0,0,1,0,0,1,0,226
2330.0,1,1,0,0,2,0,226
2331.0,1,1,0,0,2,0,226
2332.0,1,2,0,0,3,0,226
2333.0,3,1,0,0,4,0,227
2334.0,1,0,1,0,2,0,227
2335.0,0,0,0,0,0,0,227
2336.0,0,0,0,1,1,0,227
2337.0,0,0,1,1,2,0,227
2338.0,0,0,0,1,1,0,227
2339.0,0,0,0,2,2,0,227
2340.0,1,0,1,2,4,0,227
2341.0,0,0,0,2,2,0,227
2342.0,0,0,0,2,2,0,227
2343.0,0,1,1,2,4,0,228
2344.0,0,1,0,0,1,0,228
2345.0,0,1,0,0,1,0,228
2346.0,0,1,0,0,1,0,228
2347.0,0,1,0,0,1,0,228
2348.0,0,1,0,0,1,0,228
2349.0,0,1,0,0,1,0,228
2350.0,0,1,0,0,1,0,228
2351.0,0,1,1,0,2,0,228
2352.0,0,1,0,1,2,0,228
2353.0,0,1,0,0,1,0,229
2354.0,0,1,0,0,1,0,229
2355.0,0,1,0,0,1,0,229
2356.0,0,1,0,0,1,0,229
2357.0,0,1,0,0,1,0,229
2358.0,0,1,1,0,2,0,229
2359.0,0,1,1,0,2,0,229
2360.0,0,1,1,0,2,0,229
2361.0,0,1,1,0,2,0,229
2362.0,0,1,2,0,3,0,229
2363.0,1,1,1,0,3,0,230
2364.0,1,1,0,0,2,0,230
2365.0,1,1,0,0,2,0,230
2366.0,1,1,0,0,2,0,230
2367.0,1,1,0,0,2,0,230
2368.0,1,1,0,0,2,0,230
2369.0,1,1,0,0,2,0,230
2370.0,2,1,0,0,3,0,230
2371.0,1,1,1,0,3,0,230
2372.0,1,1,0,0,2,0,230
2373.0,1,1,1,0,3,0,231
2374.0,0,0,1,0,1,0,231
2375.0,0,0,1,0,1,0,231
2376.0,0,0,1,0,1,0,231
2377.0,0,1,1,0,2,0,231
2378.0,0,0,1,0,1,0,231
2379.0,0,0,1,0,1,0,231
2380.0,0,0,1,0,1,0,231
2381.0,0,0,2,1,3,0,231
2382.0,0,0,2,0,2,0,231
2383.0,0,0,2,0,2,0,232
2384.0,0,0,2,0,2,0,232
2385.0,0,0,2,0,2,0,232
2386.0,0,0,2,0,2,0,232
2387.0,0,0,2,0,2,0,232
2388.0,0,0,2,0,2,0,232
2389.0,0,0,2,0,2,0,232
2390.0,0,0,2,0,2,0,232
2391.0,0,0,2,0,2,0,232
2392.0,0,0,2,0,2,0,232
2393.0,0,0,2,1,3,0,233
2394.0,1,0,0,0,1,0,233
2395.0,1,0,0,0,1,0,233
2396.0,1,0,0,0,1,0,233
2397.0,1,0,0,0,1,0,233
2398.0,1,0,0,0,1,0,233
2399.0,1,0,0,0,1,0,233
2400.0,1,1,0,0,2,0,233
2401.0,1,0,0,0,1,0,233
2402.0,1,0,0,0,1,0,233
2403.0,1,0,0,0,1,0,234
2404.0,0,0,0,0,0,0,234
2405.0,0,0,1,0,1,0,234
2406.0,0,0,1,1,2,0,234
2407.0,0,0,1,0,1,0,234
2408.0,0,0,1,0,1,0,234
2409.0,0,0,1,0,1,0,234
2410.0,0,0,2,0,2,0,234
2411.0,0,0,1,0,1,0,234
2412.0,0,0,2,0,2,0,234
2413.0,0,1,2,0,3,0,235
2414.0,1,0,0,0,1,0,235
2415.0,0,0,1,0,1,0,235
2416.0,0,0,0,0,0,0,235
2417.0,1,0,0,0,1,0,235
2418.0,0,0,0,1,1,0,235
2419.0,0,0,0,0,0,0,235
2420.0,0,1,0,0,1,0,235
2421.0,0,1,0,0,1,0,235
2422.0,0,1,0,0,1,0,235
2423.0,0,2,0,0,2,0,236
2424.0,0,1,0,1,2,0,236
2425.0,0,1,1,0,2,0,236
2426.0,0,1,2,0,3,0,236
2427.0,0,1,2,0,3,0,236
2428.0,0,1,2,0,3,0,236
2429.0,0,1,2,1,4,0,236
2430.0,0,1,3,1,5,0,236
2431.0,0,1,4,1,6,0,236
2432.0,0,1,3,1,5,0,236
2433.0,0,1,4,2,7,0,237
2434.0,0,1,1,1,3,0,237
2435.0,0,1,0,0,1,0,237
2436.0,1,1,0,0,2,0,237
2437.0,1,1,0,0,2,0,237
2438.0,1,1,0,0,2,0,237
2439.0,2,1,0,0,3,0,237
2440.0,2,1,0,0,3,0,237
2441.0,2,2,0,0,4,0,237
2442.0,3,2,0,0,5,0,237
2443.0,2,4,0,0,6,0,238
2444.0,0,1,0,0,1,0,238
2445.0,0,1,1,0,2,0,238
2446.0,0,2,2,0,4,0,238
2447.0,1,1,1,0,3,0,238
2448.0,0,2,1,0,3,0,238
2449.0,0,2,1,0,3,0,238
2450.0,1,3,3,0,7,0,238
2451.0,0,2,2,0,4,0,238
2452.0,0,2,2,0,4,0,238
2453.0,0,2,2,0,4,0,239
2454.0,0,1,2,0,3,0,239
2455.0,0,1,4,0,5,0,239
2456.0,0,1,4,0,5,0,239
2457.0,0,1,4,1,6,0,239
2458.0,0,1,5,0,6,0,239
2459.0,0,1,5,0,6,0,239
2460.0,0,1,5,1,7,0,239
2461.0,1,1,6,0,8,0,239
2462.0,1,1,6,0,8,0,239
2463.0,1,1,6,0,8,0,240
2464.0,2,1,4,0,7,0,240
2465.0,2,2,2,0,6,0,240
2466.0,3,2,0,1,6,0,240
2467.0,2,2,0,0,4,0,240
2468.0,3,2,0,0,5,0,240
2469.0,4,2,0,0,6,0,240
2470.0,3,2,0,0,5,0,240
2471.0,3,2,0,0,5,0,240
2472.0,3,2,0,0,5,0,240
2473.0,4,2,0,0,6,0,241
2474.0,3,2,0,0,5,0,241
2475.0,3,2,0,1,6,0,241
2476.0,4,2,0,0,6,0,241
2477.0,4,2,0,1,7,0,241
2478.0,3,2,0,1,6,0,241
2479.0,3,2,1,2,8,0,241
2480.0,3,3,0,2,8,0,241
2481.0,3,3,0,2,8,0,241
2482.0,3,2,0,2,7,0,241
2483.0,3,2,0,2,7,0,242
2484.0,2,1,0,2,5,0,242
2485.0,1,0,0,2,3,0,242
2486.0,0,0,0,3,3,0,242
2487.0,0,1,0,3,4,0,242
2488.0,0,0,0,3,3,0,242
2489.0,0,0,0,4,4,0,242
2490.0,0,2,1,3,6,0,242
2491.0,0,1,1,3,5,0,242
2492.0,0,2,1,4,7,0,242
2493.0,0,3,1,3,7,0,243
2494.0,0,1,1,3,5,0,243
2495.0,1,0,1,3,5,0,243
2496.0,1,0,1,4,6,0,243
2497.0,1,0,1,3,5,0,243
2498.0,1,0,1,3,5,0,243
2499.0,1,0,1,5,7,0,243
2500.0,1,0,2,4,7,0,243
2501.0,1,0,2,4,7,0,243
2502.0,1,0,2,5,8,0,243
2503.0,1,0,2,5,8,0,244
2504.0,0,2,2,7,11,0,244
2505.0,0,2,2,7,11,0,244
2506.0,0,1,2,7,10,0,244
2507.0,0,1,3,7,11,0,244
2508.0,0,1,2,8,11,0,244
2509.0,0,2,2,8,12,0,244
2510.0,0,2,4,8,14,0,244
2511.0,0,1,3,8,12,0,244
2512.0,0,1,4,8,13,0,244
2513.0,0,2,4,8,14,0,245
2514.0,0,1,4,8,13,0,245
2515.0,0,2,4,8,14,0,245
2516.0,0,2,4,10,16,0,245
2517.0,0,2,4,9,15,0,245
2518.0,0,3,4,9,16,0,245
2519.0,0,3,5,9,17,0,245
2520.0,0,5,4,9,18,0,245
2521.0,0,3,5,9,17,0,245
2522.0,0,4,5,10,19,0,245
2523.0,0,3,6,10,19,0,246
2524.0,0,5,4,9,18,0,246
2525.0,0,5,1,7,13,0,246
2526.0,1,5,0,5,11,0,246
2527.0,0,5,0,3,8,0,246
2528.0,0,6,0,2,8,0,246
2529.0,0,7,0,0,7,0,246
2530.0,1,8,0,0,9,0,246
2531.0,0,9,0,0,9,0,246
2532.0,0,10,0,0,10,0,246
2533.0,1,9,1,0,11,0,247
2534.0,0,10,1,1,12,0,247
2535.0,0,11,1,2,14,0,247
2536.0,0,10,2,3,15,0,247
2537.0,0,10,2,4,16,0,247
2538.0,0,9,2,5,16,0,247
2539.0,0,10,2,6,18,0,247
2540.0,0,9,3,6,18,0,247
2541.0,0,8,4,8,20,0,247
2542.0,0,8,3,8,19,0,247
2543.0,0,7,3,8,18,0,247
2544.0,1,8,3,8,20,0,247
2545.0,0,7,5,9,21,0,247
2546.0,0,7,5,9,21,0,247
2547.0,1,7,6,9,23,0,247
2548.0,1,8,5,9,23,0,247
2549.0,1,8,5,9,23,0,247
2550.0,1,8,5,9,23,0,247
2551.0,1,8,6,10,25,0,247
2552.0,2,8,7,10,27,0,247
2553.0,2,8,7,10,27,0,247
2554.0,3,8,7,11,29,0,247
2555.0,3,9,7,11,30,0,247
2556.0,3,8,7,12,30,0,247
2557.0,3,8,7,13,31,0,247
2558.0,3,9,7,13,32,0,248
2559.0,4,8,4,10,26,0,248
2560.0,3,9,3,9,24,0,248
2561.0,3,11,2,6,22,0,248
2562.0,4,11,2,4,21,0,248
2563.0,3,11,0,4,18,0,248
2564.0,3,11,0,2,16,0,248
2565.0,3,11,0,1,15,0,248
2566.0,3,12,0,0,15,0,248
2567.0,4,13,0,1,18,0,248
2568.0,4,12,1,1,18,0,249
2569.0,4,11,1,1,17,0,249
2570.0,5,12,1,2,20,0,249
2571.0,4,12,2,5,23,0,249
2572.0,4,12,3,4,23,0,249
2573.0,4,12,4,6,26,0,249
2574.0,4,12,5,7,28,0,249
2575.0,5,12,6,7,30,0,249
2576.0,4,12,6,8,30,0,249
2577.0,4,12,7,8,31,0,249
2578.0,5,12,6,8,31,0,249
2579.0,4,12,6,9,31,0,249
2580.0,4,12,7,9,32,0,249
2581.0,4,12,8,11,35,0,249
2582.0,5,13,8,11,37,0,249
2583.0,5,13,9,11,38,0,249
2584.0,6,13,9,11,39,0,249
2585.0,6,13,11,11,41,0,249
2586.0,6,12,12,12,42,0,249
2587.0,6,11,14,12,43,0,249
2588.0,6,10,14,12,42,0,250
2589.0,7,10,12,10,39,0,250
2590.0,8,12,8,8,36,0,250
2591.0,8,12,5,6,31,0,250
2592.0,8,12,3,4,27,0,250
2593.0,8,13,2,2,25,0,250
2594.0,9,13,1,0,23,0,250
2595.0,9,13,0,0,22,0,250
2596.0,9,13,0,0,22,0,250
2597.0,9,13,0,0,22,0,250
2598.0,9,13,0,1,23,0,251
2599.0,9,13,0,1,23,0,251
2600.0,9,13,0,1,23,0,251
2601.0,9,13,2,2,26,0,251
2602.0,9,13,1,2,25,0,251
2603.0,9,13,2,4,28,0,251
2604.0,9,13,3,5,30,0,251
2605.0,10,13,5,6,34,0,251
2606.0,9,13,4,7,33,0,251
2607.0,9,13,5,7,34,0,251
2608.0,9,13,5,8,35,0,252
2609.0,9,13,3,7,32,0,252
2610.0,9,13,4,4,30,0,252
2611.0,9,13,3,3,28,0,252
2612.0,9,13,2,1,25,0,252
2613.0,9,13,1,0,23,0,252
2614.0,9,13,0,0,22,0,252
2615.0,9,13,0,0,22,0,252
2616.0,9,13,0,0,22,0,252
2617.0,9,13,0,1,23,0,252
2618.0,9,13,0,1,23,0,253
2619.0,7,12,1,2,22,0,253
2620.0,7,10,1,3,21,0,253
2621.0,6,9,2,4,21,0,253
2622.0,4,7,3,5,19,0,253
2623.0,4,5,3,5,17,0,253
2624.0,2,4,5,4,15,0,253
2625.0,1,3,6,3,13,0,253
2626.0,0,3,6,4,13,0,253
2627.0,1,2,9,4,16,0,253
2628.0,2,1,8,5,16,0,254
2629.0,1,1,8,5,15,0,254
2630.0,2,1,8,5,16,0,254
2631.0,3,2,10,5,20,0,254
2632.0,3,3,9,6,21,0,254
2633.0,3,4,9,6,22,0,254
2634.0,4,5,10,7,26,0,254
2635.0,4,4,10,8,26,0,254
2636.0,4,4,11,9,28,0,254
2637.0,5,6,11,9,31,0,254
2638.0,5,6,13,9,33,0,255
2639.0,6,6,10,7,29,0,255
2640.0,6,8,8,5,27,0,255
2641.0,6,8,5,3,22,0,255
2642.0,8,9,2,2,21,0,255
2643.0,7,9,0,1,17,0,255
2644.0,7,9,0,1,17,0,255
2645.0,7,10,0,0,17,0,255
2646.0,7,10,0,1,18,0,255
2647.0,7,11,0,1,19,0,255
2648.0,8,12,0,2,22,0,256
2649.0,7,12,1,1,21,0,256
2650.0,8,13,2,2,25,0,256
2651.0,8,14,3,1,26,0,256
2652.0,9,14,4,2,29,0,256
2653.0,9,15,5,4,33,0,256
2654.0,9,15,6,5,35,0,256
2655.0,9,14,7,5,35,0,256
2656.0,9,13,5,5,32,0,256
2657.0,9,13,6,5,33,0,256
2658.0,9,13,5,5,32,0,257
2659.0,6,11,5,6,28,0,257
2660.0,5,9,5,6,25,0,257
2661.0,5,7,7,6,25,0,257
2662.0,3,5,7,6,21,0,257
2663.0,2,4,7,7,20,0,257
2664.0,2,3,7,7,19,0,257
2665.0,0,2,11,8,21,0,257
2666.0,0,1,10,8,19,0,257
2667.0,0,0,10,8,18,0,257
2668.0,0,0,11,9,20,0,258
2669.0,1,0,9,8,18,0,258
2670.0,2,2,6,5,15,0,258
2671.0,2,4,4,4,14,0,258
2672.0,3,3,3,2,11,0,258
2673.0,5,4,2,0,11,0,258
2674.0,4,5,1,0,10,0,258
2675.0,5,4,1,0,10,0,258
2676.0,6,5,0,0,11,0,258
2677.0,5,6,0,0,11,0,258
2678.0,5,7,0,0,12,0,259
2679.0,6,7,2,0,15,0,259
2680.0,5,7,2,2,16,0,259
2681.0,6,7,2,2,17,0,259
2682.0,6,9,3,4,22,0,259
2683.0,6,8,4,4,22,0,259
2684.0,6,8,4,5,23,0,259
2685.0,6,9,5,6,26,0,259
2686.0,7,9,6,7,29,0,259
2687.0,7,8,8,7,30,0,259
2688.0,7,9,8,7,31,0,260
2689.0,5,8,9,8,30,0,260
2690.0,4,8,9,7,28,0,260
2691.0,3,5,10,7,25,0,260
2692.0,2,4,10,8,24,0,260
2693.0,2,5,10,8,25,0,260
2694.0,0,6,11,8,25,0,260
2695.0,0,4,10,9,23,0,260
2696.0,0,3,10,10,23,0,260
2697.0,0,3,10,11,24,0,260
2698.0,1,3,10,11,25,0,261
2699.0,1,3,8,7,19,0,261
2700.0,1,5,6,5,17,0,261
2701.0,2,5,4,4,15,0,261
2702.0,3,6,2,2,13,0,261
2703.0,3,8,1,0,12,0,261
2704.0,4,9,1,0,14,0,261
2705.0,4,8,0,0,12,0,261
2706.0,5,11,0,0,16,0,261
2707.0,5,10,0,0,15,0,261
2708.0,7,10,0,1,18,0,262
2709.0,5,10,2,2,19,0,262
2710.0,5,10,3,3,21,0,262
2711.0,6,11,4,4,25,0,262
2712.0,6,9,4,6,25,0,262
2713.0,6,10,4,6,26,0,262
2714.0,6,9,5,7,27,0,262
2715.0,6,9,6,8,29,0,262
2716.0,6,8,6,8,28,0,262
2717.0,6,8,7,9,30,0,262
2718.0,6,9,8,9,32,0,262
2719.0,6,9,8,10,33,0,262
2720.0,6,8,10,10,34,0,262
2721.0,6,8,9,10,33,0,262
2722.0,6,8,8,11,33,0,262
2723.0,6,8,6,10,30,0,262
2724.0,6,8,7,10,31,0,262
2725.0,6,8,7,11,32,0,262
2726.0,7,8,8,11,34,0,262
2727.0,7,8,9,12,36,0,262
2728.0,7,7,11,13,38,0,262
2729.0,7,7,12,13,39,0,262
2730.0,7,7,12,13,39,0,262
2731.0,7,9,12,13,41,0,262
2732.0,7,8,14,13,42,0,262
2733.0,7,9,14,13,43,0,263
2734.0,7,9,12,11,39,0,263
2735.0,7,10,9,8,34,0,263
2736.0,8,10,6,6,30,0,263
2737.0,7,9,3,5,24,0,263
2738.0,8,9,1,2,20,0,263
2739.0,7,9,0,0,16,0,263
2740.0,7,9,0,0,16,0,263
2741.0,8,10,0,0,18,0,263
2742.0,7,10,0,0,17,0,263
2743.0,7,10,0,0,17,0,264
2744.0,7,10,0,1,18,0,264
2745.0,7,10,1,2,20,0,264
2746.0,7,11,1,3,22,0,264
2747.0,7,11,1,4,23,0,264
2748.0,7,11,3,6,27,0,264
2749.0,7,11,3,8,29,0,264
2750.0,8,11,3,8,30,0,264
2751.0,7,11,3,8,29,0,264
2752.0,7,12,4,9,32,0,264
2753.0,8,12,5,8,33,0,265
2754.0,7,12,3,6,28,0,265
2755.0,8,13,3,4,28,0,265
2756.0,7,13,1,4,25,0,265
2757.0,8,13,0,0,21,0,265
2758.0,9,13,0,0,22,0,265
2759.0,9,14,0,0,23,0,265
2760.0,10,14,0,0,24,0,265
2761.0,10,14,0,1,25,0,265
2762.0,10,14,0,1,25,0,265
2763.0,10,14,1,2,27,0,266
2764.0,10,14,1,3,28,0,266
2765.0,10,15,1,5,31,0,266
2766.0,11,15,2,6,34,0,266
2767.0,9,15,2,6,32,0,266
2768.0,10,15,4,8,37,0,266
2769.0,10,15,4,7,36,0,266
2770.0,10,15,4,8,37,0,266
2771.0,10,15,4,10,39,0,266
2772.0,10,15,5,11,41,0,266
2773.0,10,15,5,10,40,0,267
2774.0,11,15,3,7,36,0,267
2775.0,12,15,2,5,34,0,267
2776.0,12,15,1,4,32,0,267
2777.0,12,15,0,3,30,0,267
2778.0,12,16,0,1,29,0,267
2779.0,12,16,0,0,28,0,267
2780.0,12,17,0,0,29,0,267
2781.0,12,17,0,0,29,0,267
2782.0,12,17,1,0,30,0,267
2783.0,13,17,0,1,31,0,268
2784.0,12,16,1,0,29,0,268
2785.0,12,16,2,1,31,0,268
2786.0,13,16,2,3,34,0,268
2787.0,14,16,2,2,34,0,268
2788.0,14,15,2,3,34,0,268
2789.0,12,15,2,4,33,0,268
2790.0,12,15,2,4,33,0,268
2791.0,13,15,2,4,34,0,268
2792.0,12,15,2,4,33,0,268
2793.0,12,15,2,5,34,0,268
2794.0,12,15,2,5,34,0,268
2795.0,13,15,3,6,37,0,268
2796.0,12,15,5,6,38,0,268
2797.0,12,16,4,6,38,0,268
2798.0,12,16,5,8,41,0,268
2799.0,12,16,4,9,41,0,268
2800.0,12,16,4,8,40,0,268
2801.0,12,16,4,9,41,0,268
2802.0,12,16,4,10,42,0,268
2803.0,12,16,5,9,42,0,268
2804.0,12,16,6,9,43,0,268
2805.0,13,16,6,10,45,0,268
2806.0,13,16,7,10,46,0,268
2807.0,13,16,7,10,46,0,268
2808.0,13,16,7,11,47,0,268
2809.0,13,16,7,12,48,0,268
2810.0,15,16,7,13,51,0,268
2811.0,14,16,7,13,50,0,268
2812.0,14,16,7,13,50,0,268
2813.0,14,16,7,13,50,0,268
2814.0,14,16,7,14,51,0,268
2815.0,15,16,7,14,52,0,268
2816.0,14,16,8,14,52,0,268
2817.0,14,16,8,15,53,0,268
2818.0,14,16,8,15,53,0,268
2819.0,14,16,10,16,56,0,268
2820.0,14,16,9,15,54,0,268
2821.0,14,16,10,15,55,0,268
2822.0,14,16,10,15,55,0,268
2823.0,14,16,9,15,54,0,268
2824.0,15,16,11,15,57,0,268
2825.0,15,16,12,15,58,0,268
2826.0,15,16,12,17,60,0,268
2827.0,15,16,13,17,61,0,268
2828.0,15,16,14,18,63,0,268
2829.0,16,16,14,18,64,0,268
2830.0,16,17,15,18,66,0,268
2831.0,16,17,16,18,67,0,268
2832.0,16,17,16,18,67,0,268
2833.0,16,17,16,18,67,0,269
2834.0,16,17,13,15,61,0,269
2835.0,16,17,12,12,57,0,269
2836.0,16,17,8,10,51,0,269
2837.0,16,18,5,8,47,0,269
2838.0,16,18,3,6,43,0,269
2839.0,16,18,1,5,40,0,269
2840.0,16,18,2,3,39,0,269
2841.0,16,18,1,1,36,0,269
2842.0,16,18,1,0,35,0,269
2843.0,16,18,0,0,34,0,270
2844.0,16,17,1,0,34,0,270
2845.0,16,18,1,2,37,0,270
2846.0,16,18,1,4,39,0,270
2847.0,16,19,2,5,42,0,270
2848.0,16,19,4,6,45,0,270
2849.0,16,18,4,8,46,0,270
2850.0,16,17,5,8,46,0,270
2851.0,16,17,6,9,48,0,270
2852.0,16,17,7,12,52,0,270
2853.0,16,17,8,11,52,0,270
2854.0,16,17,8,13,54,0,270
2855.0,16,17,7,13,53,0,270
2856.0,16,17,7,14,54,0,270
2857.0,16,17,7,16,56,0,270
2858.0,16,17,7,16,56,0,270
2859.0,17,17,8,16,58,0,270
2860.0,16,17,8,16,57,0,270
2861.0,16,18,8,17,59,0,270
2862.0,16,18,8,17,59,0,270
2863.0,16,18,8,17,59,0,270
2864.0,16,18,10,17,61,0,270
2865.0,16,18,10,17,61,0,270
2866.0,16,17,10,17,60,0,270
2867.0,16,17,11,17,61,0,270
2868.0,16,17,10,17,60,0,270
2869.0,16,17,10,17,60,0,270
2870.0,16,17,10,17,60,0,270
2871.0,16,17,11,17,61,0,270
2872.0,16,17,13,17,63,0,270
2873.0,17,17,13,17,64,0,270
2874.0,17,17,12,17,63,0,270
2875.0,17,17,12,17,63,0,270
2876.0,17,17,14,17,65,0,270
2877.0,17,17,13,17,64,0,270
2878.0,17,17,15,17,66,0,270
2879.0,17,17,17,17,68,0,270
2880.0,17,17,17,17,68,0,270
2881.0,17,17,17,17,68,0,270
2882.0,18,17,17,18,70,0,270
2883.0,17,17,18,18,70,0,270
2884.0,18,17,18,19,72,0,270
2885.0,17,17,19,19,72,0,270
2886.0,17,17,19,19,72,0,270
2887.0,17,17,21,19,74,0,270
2888.0,17,17,21,19,74,0,271
2889.0,17,17,18,16,68,0,271
2890.0,17,17,15,14,63,0,271
2891.0,17,17,12,12,58,0,271
2892.0,17,17,9,10,53,0,271
2893.0,18,17,6,8,49,0,271
2894.0,17,17,3,6,43,0,271
2895.0,17,17,1,4,39,0,271
2896.0,17,18,0,2,37,0,271
2897.0,17,18,0,0,35,0,271
2898.0,18,18,1,1,38,0,272
2899.0,17,17,1,1,36,0,272
2900.0,17,17,1,1,36,0,272
2901.0,17,18,3,3,41,0,272
2902.0,17,18,5,4,44,0,272
2903.0,17,18,5,5,45,0,272
2904.0,19,19,6,6,50,0,272
2905.0,17,18,7,8,50,0,272
2906.0,17,17,9,9,52,0,272
2907.0,18,17,10,10,55,0,272
2908.0,17,17,11,12,57,0,272
2909.0,17,17,13,13,60,0,272
2910.0,17,17,13,15,62,0,272
2911.0,17,17,14,16,64,0,272
2912.0,17,17,14,16,64,0,272
2913.0,17,17,14,17,65,0,272
2914.0,18,17,14,18,67,0,272
2915.0,17,17,14,18,66,0,272
2916.0,18,17,15,18,68,0,272
2917.0,20,17,15,18,70,0,272
2918.0,19,17,15,18,69,0,272
2919.0,19,17,15,18,69,0,272
2920.0,20,17,15,18,70,0,272
2921.0,19,17,16,18,70,0,272
2922.0,19,17,16,18,70,0,272
2923.0,19,17,16,18,70,0,272
2924.0,19,17,16,18,70,0,272
2925.0,20,17,16,18,71,0,272
2926.0,20,17,16,18,71,0,272
2927.0,21,17,16,18,72,0,272
2928.0,20,17,16,18,71,0,272
2929.0,21,17,16,18,72,0,272
2930.0,22,17,16,18,73,0,272
2931.0,22,17,16,18,73,0,272
2932.0,23,17,16,18,74,0,272
2933.0,23,17,16,18,74,0,272
2934.0,23,17,17,18,75,0,272
2935.0,23,17,17,18,75,0,272
2936.0,23,17,17,18,75,0,272
2937.0,23,17,19,18,77,0,272
2938.0,23,17,19,19,78,0,272
2939.0,24,17,19,19,79,0,272
2940.0,24,17,19,19,79,0,272
2941.0,24,17,19,19,79,0,272
2942.0,24,17,19,19,79,0,272
2943.0,24,17,20,19,80,0,272
2944.0,24,17,20,19,80,0,272
2945.0,24,18,20,19,81,0,272
2946.0,24,18,20,19,81,0,272
2947.0,24,18,20,20,82,0,272
2948.0,25,18,20,20,83,0,273
2949.0,25,18,18,17,78,0,273
2950.0,25,18,16,14,73,0,273
2951.0,25,18,14,12,69,0,273
2952.0,25,18,12,10,65,0,273
2953.0,25,18,9,8,60,0,273
2954.0,25,18,6,6,55,0,273
2955.0,25,18,3,4,50,0,273
2956.0,25,18,1,2,46,0,273
2957.0,25,18,0,0,43,0,273
2958.0,26,18,0,1,45,0,274
2959.0,24,18,2,1,45,0,274
2960.0,25,18,4,2,49,0,274
2961.0,26,18,6,2,52,0,274
2962.0,25,18,8,4,55,0,274
2963.0,25,18,7,4,54,0,274
2964.0,25,18,8,7,58,0,274
2965.0,25,18,9,7,59,0,274
2966.0,24,18,10,8,60,0,274
2967.0,25,18,12,11,66,0,274
2968.0,25,18,13,10,66,0,274
2969.0,25,18,14,12,69,0,274
2970.0,25,18,15,14,72,0,274
2971.0,25,18,15,15,73,0,274
2972.0,25,18,17,15,75,0,274
2973.0,25,18,17,16,76,0,274
2974.0,25,18,18,17,78,0,274
2975.0,26,18,18,17,79,0,274
2976.0,25,18,19,17,79,0,274
2977.0,25,18,19,17,79,0,274
2978.0,25,18,19,17,79,0,274
2979.0,25,18,19,17,79,0,274
2980.0,25,18,19,18,80,0,274
2981.0,25,18,19,18,80,0,274
2982.0,26,18,19,18,81,0,274
2983.0,25,18,19,18,80,0,275
2984.0,25,18,17,16,76,0,275
2985.0,25,18,14,14,71,0,275
2986.0,25,18,11,12,66,0,275
2987.0,25,18,9,10,62,0,275
2988.0,25,18,6,8,57,0,275
2989.0,25,18,3,6,52,0,275
2990.0,25,18,2,4,49,0,275
2991.0,26,18,1,2,47,0,275
2992.0,26,18,0,0,44,0,275
2993.0,26,18,0,0,44,0,276
2994.0,23,16,1,0,40,0,276
2995.0,22,14,2,0,38,0,276
2996.0,21,12,3,1,37,0,276
2997.0,20,10,4,2,36,0,276
2998.0,20,8,5,4,37,0,276
2999.0,18,7,6,5,36,0,276
3000.0,17,5,7,6,35,0,276
3001.0,16,3,9,6,34,0,276
3002.0,15,1,7,8,31,0,276
3003.0,14,0,7,10,31,0,277
3004.0,14,0,6,9,29,0,277
3005.0,14,2,4,8,28,0,277
3006.0,14,2,3,8,27,0,277
3007.0,13,4,1,7,25,0,277
3008.0,13,5,0,6,24,0,277
3009.0,14,6,0,5,25,0,277
3010.0,12,6,0,3,21,0,277
3011.0,11,8,0,1,20,0,277
3012.0,11,9,0,0,20,0,277
3013.0,11,11,1,1,24,0,278
3014.0,11,13,1,2,27,0,278
3015.0,10,13,2,1,26,0,278
3016.0,10,15,2,3,30,0,278
3017.0,10,16,4,2,32,0,278
3018.0,10,15,5,2,32,0,278
3019.0,9,16,5,3,33,0,278
3020.0,11,16,5,4,36,0,278
3021.0,12,16,5,5,38,0,278
3022.0,12,16,5,7,40,0,278
3023.0,12,16,5,8,41,0,278
3024.0,14,16,5,8,43,0,278
3025.0,16,16,5,9,46,0,278
3026.0,16,16,5,11,48,0,278
3027.0,16,16,5,12,49,0,278
3028.0,17,16,5,13,51,0,278
3029.0,17,16,5,15,53,0,278
3030.0,18,16,6,15,55,0,278
3031.0,19,16,6,15,56,0,278
3032.0,20,16,6,16,58,0,278
3033.0,20,16,6,16,58,0,278
3034.0,21,16,7,16,60,0,278
3035.0,21,16,6,16,59,0,278
3036.0,22,16,7,16,61,0,278
3037.0,23,16,8,16,63,0,278
3038.0,23,16,8,16,63,0,278
3039.0,23,16,9,16,64,0,278
3040.0,23,16,9,17,65,0,278
3041.0,23,16,9,17,65,0,278
3042.0,24,16,10,17,67,0,278
3043.0,23,16,12,17,68,0,278
3044.0,23,16,12,17,68,0,278
3045.0,24,16,13,18,71,0,278
3046.0,23,16,12,18,69,0,278
3047.0,23,16,12,18,69,0,278
3048.0,23,16,12,18,69,0,278
3049.0,23,16,13,18,70,0,278
3050.0,23,16,14,18,71,0,278
3051.0,23,16,16,18,73,0,278
3052.0,23,16,16,18,73,0,278
3053.0,23,16,16,18,73,0,278
3054.0,24,16,16,18,74,0,278
3055.0,24,16,17,18,75,0,278
3056.0,25,16,16,18,75,0,278
3057.0,25,16,17,18,76,0,278
3058.0,25,16,17,18,76,0,278
3059.0,25,16,17,18,76,0,278
3060.0,25,16,18,18,77,0,278
3061.0,25,16,19,18,78,0,278
3062.0,26,16,20,18,80,0,278
3063.0,25,16,20,18,79,0,279
3064.0,25,16,18,16,75,0,279
3065.0,25,16,15,14,70,0,279
3066.0,25,16,12,12,65,0,279
3067.0,25,16,9,10,60,0,279
3068.0,25,16,6,8,55,0,279
3069.0,25,16,4,6,51,0,279
3070.0,25,17,2,4,48,0,279
3071.0,25,17,1,2,45,0,279
3072.0,25,17,0,0,42,0,279
3073.0,25,17,0,0,42,0,280
3074.0,25,16,1,0,42,0,280
3075.0,25,16,2,0,43,0,280
3076.0,25,17,4,1,47,0,280
3077.0,25,17,5,3,50,0,280
3078.0,25,17,4,4,50,0,280
3079.0,25,16,6,6,53,0,280
3080.0,25,16,8,6,55,0,280
3081.0,25,16,10,7,58,0,280
3082.0,25,16,10,8,59,0,280
3083.0,25,16,12,9,62,0,280
3084.0,26,16,12,11,65,0,280
3085.0,26,16,14,13,69,0,280
3086.0,26,16,15,14,71,0,280
3087.0,26,16,16,15,73,0,280
3088.0,26,16,16,17,75,0,280
3089.0,26,16,16,17,75,0,280
3090.0,26,16,16,18,76,0,280
3091.0,26,16,16,18,76,0,280
3092.0,26,16,16,19,77,0,280
3093.0,26,17,16,19,78,0,280
3094.0,26,16,17,19,78,0,280
3095.0,26,16,17,19,78,0,280
3096.0,26,16,17,20,79,0,280
3097.0,26,17,17,20,80,0,280
3098.0,26,16,17,20,79,0,280
3099.0,26,16,17,20,79,0,280
3100.0,26,16,17,20,79,0,280
3101.0,26,16,17,20,79,0,280
3102.0,27,17,17,20,81,0,280
3103.0,26,17,17,20,80,0,280
3104.0,26,17,18,20,81,0,280
3105.0,26,17,18,20,81,0,280
3106.0,26,17,18,21,82,0,280
3107.0,26,17,18,21,82,0,280
3108.0,26,17,19,21,83,0,281
3109.0,26,17,17,18,78,0,281
3110.0,26,17,14,15,72,0,281
3111.0,26,17,11,12,66,0,281
3112.0,27,17,10,10,64,0,281
3113.0,27,17,7,8,59,0,281
3114.0,27,17,5,6,55,0,281
3115.0,27,17,3,4,51,0,281
3116.0,27,17,1,2,47,0,281
3117.0,27,17,1,1,46,0,281
3118.0,28,17,0,1,46,0,282
3119.0,24,15,0,1,40,0,282
3120.0,23,14,1,3,41,0,282
3121.0,23,12,2,3,40,0,282
3122.0,21,10,3,4,38,0,282
3123.0,20,7,4,6,37,0,282
3124.0,20,5,6,6,37,0,282
3125.0,18,3,5,8,34,0,282
3126.0,17,1,6,10,34,0,282
3127.0,19,1,7,11,38,0,282
3128.0,18,0,9,11,38,0,283
3129.0,17,0,9,13,39,0,283
3130.0,17,2,10,15,44,0,283
3131.0,17,2,12,15,46,0,283
3132.0,17,4,12,17,50,0,283
3133.0,18,6,13,17,54,0,283
3134.0,18,6,14,17,55,0,283
3135.0,18,8,14,17,57,0,283
3136.0,18,10,14,17,59,0,283
3137.0,17,10,15,17,59,0,283
3138.0,17,12,16,17,62,0,284
3139.0,18,13,15,14,60,0,284
3140.0,19,13,12,11,55,0,284
3141.0,19,14,9,9,51,0,284
3142.0,18,14,6,8,46,0,284
3143.0,17,15,4,6,42,0,284
3144.0,18,15,3,4,40,0,284
3145.0,16,15,2,2,35,0,284
3146.0,16,15,1,1,33,0,284
3147.0,18,15,0,0,33,0,284
3148.0,17,15,0,0,32,0,285
3149.0,17,15,0,1,33,0,285
3150.0,16,15,1,2,34,0,285
3151.0,17,15,2,4,38,0,285
3152.0,16,15,4,3,38,0,285
3153.0,17,15,4,5,41,0,285
3154.0,18,15,5,5,43,0,285
3155.0,19,15,5,5,44,0,285
3156.0,19,15,6,7,47,0,285
3157.0,20,15,6,8,49,0,285
3158.0,20,15,8,8,51,0,285
3159.0,21,15,8,9,53,0,285
3160.0,21,15,9,10,55,0,285
3161.0,23,15,11,10,59,0,285
3162.0,22,15,11,10,58,0,285
3163.0,24,15,12,11,62,0,285
3164.0,25,15,13,12,65,0,285
3165.0,25,15,15,12,67,0,285
3166.0,26,15,16,12,69,0,285
3167.0,27,15,16,14,72,0,285
3168.0,27,15,16,15,73,0,285
3169.0,29,15,16,16,76,0,285
3170.0,29,15,17,16,77,0,285
3171.0,29,15,17,18,79,0,285
3172.0,29,15,17,18,79,0,285
3173.0,29,15,17,18,79,0,285
3174.0,29,15,17,19,80,0,285
3175.0,29,15,17,19,80,0,285
3176.0,29,15,17,20,81,0,285
3177.0,29,15,18,19,81,0,285
3178.0,29,15,18,20,82,0,286
3179.0,29,15,15,16,75,0,286
3180.0,29,15,12,14,70,0,286
3181.0,29,15,9,11,64,0,286
3182.0,29,15,6,10,60,0,286
3183.0,29,15,4,8,56,0,286
3184.0,29,15,3,6,53,0,286
3185.0,29,15,2,5,51,0,286
3186.0,29,15,1,5,50,0,286
3187.0,29,15,1,5,50,0,286
3188.0,29,15,0,4,48,0,287
3189.0,28,13,1,2,44,0,287
3190.0,27,11,2,2,42,0,287
3191.0,26,10,4,1,41,0,287
3192.0,25,8,4,3,40,0,287
3193.0,24,7,4,4,39,0,287
3194.0,23,6,4,5,38,0,287
3195.0,22,5,4,6,37,0,287
3196.0,21,6,5,7,39,0,287
3197.0,20,6,6,6,38,0,287
3198.0,20,6,8,8,42,0,288
3199.0,19,7,7,11,44,0,288
3200.0,19,7,8,11,45,0,288
3201.0,18,8,8,11,45,0,288
3202.0,17,8,10,12,47,0,288
3203.0,17,8,10,13,48,0,288
3204.0,16,9,10,14,49,0,288
3205.0,16,10,10,14,50,0,288
3206.0,17,10,10,15,52,0,288
3207.0,16,10,10,15,51,0,288
3208.0,16,11,10,15,52,0,288
3209.0,16,12,10,16,54,0,288
3210.0,15,13,11,16,55,0,288
3211.0,15,13,12,16,56,0,288
3212.0,15,15,12,16,58,0,288
3213.0,16,15,12,16,59,0,288
3214.0,15,15,12,16,58,0,288
3215.0,15,15,12,16,58,0,288
3216.0,15,15,12,16,58,0,288
3217.0,15,15,12,16,58,0,288
3218.0,15,15,12,16,58,0,288
3219.0,15,15,13,16,59,0,288
3220.0,13,15,13,16,57,0,288
3221.0,15,15,13,16,59,0,288
3222.0,16,15,13,16,60,0,288
3223.0,17,15,14,16,62,0,288
3224.0,17,15,14,16,62,0,288
3225.0,17,15,14,16,62,0,288
3226.0,19,15,15,16,65,0,288
3227.0,19,15,15,16,65,0,288
3228.0,19,15,15,16,65,0,288
3229.0,21,15,15,16,67,0,288
3230.0,20,15,15,16,66,0,288
3231.0,20,15,15,17,67,0,288
3232.0,22,15,15,17,69,0,288
3233.0,23,15,16,17,71,0,288
3234.0,24,15,16,17,72,0,288
3235.0,25,15,16,17,73,0,288
3236.0,25,15,17,17,74,0,288
3237.0,26,15,18,17,76,0,288
3238.0,26,15,18,17,76,0,288
3239.0,26,15,19,17,77,0,288
3240.0,27,15,20,17,79,0,288
3241.0,27,15,20,17,79,0,288
3242.0,28,15,20,17,80,0,288
3243.0,29,15,21,17,82,0,289
3244.0,29,15,18,14,76,0,289
3245.0,29,15,15,11,70,0,289
3246.0,29,15,13,9,66,0,289
3247.0,30,16,10,7,63,0,289
3248.0,30,16,7,5,58,0,289
3249.0,30,16,4,3,53,0,289
3250.0,30,16,2,1,49,0,289
3251.0,30,16,1,0,47,0,289
3252.0,30,16,0,0,46,0,289
3253.0,30,16,0,1,47,0,290
3254.0,28,15,0,2,45,0,290
3255.0,28,14,2,3,47,0,290
3256.0,27,13,2,4,46,0,290
3257.0,25,11,4,5,45,0,290
3258.0,24,9,7,7,47,0,290
3259.0,23,8,7,8,46,0,290
3260.0,22,6,8,9,45,0,290
3261.0,21,4,9,10,44,0,290
3262.0,20,2,10,11,43,0,290
3263.0,20,2,11,10,43,0,291
3264.0,19,2,8,9,38,0,291
3265.0,18,3,6,9,36,0,291
3266.0,18,4,5,7,34,0,291
3267.0,17,6,4,4,31,0,291
3268.0,16,7,4,4,31,0,291
3269.0,17,9,3,2,31,0,291
3270.0,17,11,2,0,30,0,291
3271.0,16,11,1,2,30,0,291
3272.0,16,13,0,0,29,0,291
3273.0,15,14,0,0,29,0,292
3274.0,15,14,0,2,31,0,292
3275.0,15,15,1,2,33,0,292
3276.0,15,16,2,3,36,0,292
3277.0,14,15,2,6,37,0,292
3278.0,15,14,2,6,37,0,292
3279.0,14,13,3,7,37,0,292
3280.0,14,14,5,10,43,0,292
3281.0,14,14,5,10,43,0,292
3282.0,15,13,7,12,47,0,292
3283.0,15,13,7,14,49,0,292
3284.0,15,13,7,14,49,0,292
3285.0,14,13,9,16,52,0,292
3286.0,15,13,8,16,52,0,292
3287.0,16,13,9,16,54,0,292
3288.0,17,13,8,15,53,0,292
3289.0,17,13,9,16,55,0,292
3290.0,18,13,9,18,58,0,292
3291.0,19,13,10,19,61,0,292
3292.0,19,13,11,19,62,0,292
3293.0,21,13,11,19,64,0,292
3294.0,20,13,12,19,64,0,292
3295.0,21,13,12,19,65,0,292
3296.0,22,13,13,19,67,0,292
3297.0,22,13,13,20,68,0,292
3298.0,23,13,15,20,71,0,292
3299.0,23,13,15,20,71,0,292
3300.0,23,13,17,22,75,0,292
3301.0,26,13,17,22,78,0,292
3302.0,26,13,18,22,79,0,292
3303.0,26,13,19,22,80,0,293
3304.0,26,13,16,19,74,0,293
3305.0,28,13,13,16,70,0,293
3306.0,27,13,10,13,63,0,293
3307.0,28,13,9,10,60,0,293
3308.0,27,13,6,8,54,0,293
3309.0,28,13,3,6,50,0,293
3310.0,28,13,2,4,47,0,293
3311.0,27,13,0,3,43,0,293
3312.0,27,13,0,1,41,0,293
3313.0,29,13,0,2,44,0,294
3314.0,28,13,2,3,46,0,294
3315.0,28,13,1,4,46,0,294
3316.0,29,13,3,6,51,0,294
3317.0,30,13,3,7,53,0,294
3318.0,31,13,5,9,58,0,294
3319.0,33,13,7,9,62,0,294
3320.0,32,13,7,10,62,0,294
3321.0,31,13,9,11,64,0,294
3322.0,31,13,12,11,67,0,294
3323.0,32,13,13,12,70,0,294
3324.0,32,13,16,14,75,0,294
3325.0,32,13,16,15,76,0,294
3326.0,32,13,17,17,79,0,294
3327.0,33,13,18,16,80,0,294
3328.0,33,13,18,17,81,0,295
3329.0,34,13,16,14,77,0,295
3330.0,34,13,13,14,74,0,295
3331.0,35,13,10,12,70,0,295
3332.0,35,13,7,10,65,0,295
3333.0,35,13,5,8,61,0,295
3334.0,36,13,3,6,58,0,295
3335.0,37,13,2,4,56,0,295
3336.0,38,13,1,2,54,0,295
3337.0,38,13,0,0,51,0,295
3338.0,38,13,0,0,51,0,296
3339.0,37,13,1,0,51,0,296
3340.0,36,13,2,0,51,0,296
3341.0,35,13,3,1,52,0,296
3342.0,35,13,5,2,55,0,296
3343.0,35,13,6,4,58,0,296
3344.0,36,13,6,6,61,0,296
3345.0,35,13,6,6,60,0,296
3346.0,35,14,9,8,66,0,296
3347.0,34,13,8,8,63,0,296
3348.0,34,13,9,9,65,0,296
3349.0,33,13,11,12,69,0,296
3350.0,33,13,9,12,67,0,296
3351.0,33,13,11,14,71,0,296
3352.0,33,13,11,14,71,0,296
3353.0,33,13,11,16,73,0,296
3354.0,33,13,13,16,75,0,296
3355.0,33,13,13,16,75,0,296
3356.0,33,13,14,16,76,0,296
3357.0,33,13,16,16,78,0,296
3358.0,33,14,17,17,81,0,296
3359.0,33,14,17,17,81,0,296
3360.0,33,14,18,17,82,0,296
3361.0,33,14,18,17,82,0,296
3362.0,33,14,19,17,83,0,296
3363.0,33,14,20,17,84,0,297
3364.0,33,14,18,14,79,0,297
3365.0,33,14,15,13,75,0,297
3366.0,33,14,11,11,69,0,297
3367.0,33,14,8,9,64,0,297
3368.0,33,14,6,7,60,0,297
3369.0,33,14,5,5,57,0,297
3370.0,33,15,3,3,54,0,297
3371.0,33,15,2,1,51,0,297
3372.0,33,15,0,0,48,0,297
3373.0,33,15,0,0,48,0,298
3374.0,30,13,1,1,45,0,298
3375.0,28,11,4,1,44,0,298
3376.0,28,10,5,1,44,0,298
3377.0,29,9,4,4,46,0,298
3378.0,28,7,5,4,44,0,298
3379.0,27,7,8,5,47,0,298
3380.0,24,6,11,6,47,0,298
3381.0,22,5,11,7,45,0,298
3382.0,21,4,13,7,45,0,298
3383.0,20,3,15,8,46,0,299
3384.0,19,2,13,7,41,0,299
3385.0,21,3,12,6,42,0,299
3386.0,21,5,9,5,40,0,299
3387.0,20,6,8,4,38,0,299
3388.0,20,7,5,2,34,0,299
3389.0,20,8,3,0,31,0,299
3390.0,19,10,2,0,31,0,299
3391.0,19,11,1,0,31,0,299
3392.0,18,11,1,0,30,0,299
3393.0,18,13,0,1,32,0,300
3394.0,18,13,1,1,33,0,300
3395.0,18,12,2,1,33,0,300
3396.0,18,13,4,2,37,0,300
3397.0,17,13,4,5,39,0,300
3398.0,17,14,5,5,41,0,300
3399.0,17,14,7,6,44,0,300
3400.0,18,14,7,8,47,0,300
3401.0,18,14,8,7,47,0,300
3402.0,18,14,10,8,50,0,300
3403.0,17,14,11,10,52,0,300
3404.0,17,14,12,9,52,0,300
3405.0,18,14,13,10,55,0,300
3406.0,17,14,12,10,53,0,300
3407.0,18,14,14,11,57,0,300
3408.0,19,15,14,12,60,0,300
3409.0,20,15,16,12,63,0,300
3410.0,19,15,14,11,59,0,300
3411.0,20,15,15,13,63,0,300
3412.0,21,15,15,13,64,0,300
3413.0,22,15,16,13,66,0,300
3414.0,22,15,16,14,67,0,300
3415.0,22,15,16,15,68,0,300
3416.0,23,15,17,15,70,0,300
3417.0,24,15,17,15,71,0,300
3418.0,26,15,17,15,73,0,300
3419.0,26,15,18,16,75,0,300
3420.0,26,15,18,16,75,0,300
3421.0,26,15,18,16,75,0,300
3422.0,26,15,19,16,76,0,300
3423.0,28,15,19,16,78,0,301
3424.0,28,15,16,14,73,0,301
3425.0,29,15,14,12,70,0,301
3426.0,30,15,12,11,68,0,301
3427.0,30,16,9,9,64,0,301
3428.0,31,16,6,7,60,0,301
3429.0,31,16,4,5,56,0,301
3430.0,31,16,2,3,52,0,301
3431.0,31,16,0,1,48,0,301
3432.0,31,17,0,0,48,0,301
3433.0,31,16,1,0,48,0,302
3434.0,28,15,2,2,47,0,302
3435.0,29,14,3,2,48,0,302
3436.0,28,12,4,4,48,0,302
3437.0,27,11,5,5,48,0,302
3438.0,26,10,6,6,48,0,302
3439.0,25,8,7,9,49,0,302
3440.0,22,7,8,10,47,0,302
3441.0,21,7,9,10,47,0,302
3442.0,21,6,10,10,47,0,302
3443.0,20,5,13,12,50,0,303
3444.0,19,4,10,11,44,0,303
3445.0,18,5,7,11,41,0,303
3446.0,18,6,5,10,39,0,303
3447.0,18,7,6,8,39,0,303
3448.0,17,8,4,6,35,0,303
3449.0,17,9,0,5,31,0,303
3450.0,18,11,0,3,32,0,303
3451.0,18,12,0,2,32,0,303
3452.0,17,14,0,1,32,0,303
3453.0,17,15,1,0,33,0,304
3454.0,17,14,2,0,33,0,304
3455.0,16,14,4,0,34,0,304
3456.0,16,14,3,1,34,0,304
3457.0,15,16,6,5,42,0,304
3458.0,17,14,6,4,41,0,304
3459.0,16,13,9,5,43,0,304
3460.0,15,15,12,7,49,0,304
3461.0,15,14,11,9,49,0,304
3462.0,15,14,13,10,52,0,304
3463.0,15,14,14,11,54,0,304
3464.0,15,14,15,12,56,0,304
3465.0,15,14,16,13,58,0,304
3466.0,15,14,17,13,59,0,304
3467.0,15,14,17,14,60,0,304
3468.0,15,14,18,14,61,0,304
3469.0,16,14,18,15,63,0,304
3470.0,18,14,18,13,63,0,304
3471.0,18,14,18,14,64,0,304
3472.0,19,14,18,15,66,0,304
3473.0,20,14,18,15,67,0,304
3474.0,21,14,19,16,70,0,304
3475.0,20,14,19,17,70,0,304
3476.0,21,14,20,17,72,0,304
3477.0,23,14,20,17,74,0,304
3478.0,23,14,20,17,74,0,305
3479.0,23,14,19,14,70,0,305
3480.0,25,15,16,12,68,0,305
3481.0,24,15,13,9,61,0,305
3482.0,25,15,10,6,56,0,305
3483.0,26,16,9,4,55,0,305
3484.0,27,16,7,2,52,0,305
3485.0,28,16,6,1,51,0,305
3486.0,28,16,5,0,49,0,305
3487.0,28,16,4,0,48,0,305
3488.0,29,16,4,1,50,0,306
3489.0,29,15,1,1,46,0,306
3490.0,29,16,1,1,47,0,306
3491.0,29,16,0,1,46,0,306
3492.0,29,16,2,4,51,0,306
3493.0,29,16,3,4,52,0,306
3494.0,29,16,6,4,55,0,306
3495.0,30,15,6,6,57,0,306
3496.0,30,16,7,6,59,0,306
3497.0,30,16,10,9,65,0,306
3498.0,30,16,10,8,64,0,306
3499.0,30,16,12,9,67,0,306
3500.0,30,16,14,9,69,0,306
3501.0,30,16,16,10,72,0,306
3502.0,30,16,18,10,74,0,306
3503.0,30,16,19,11,76,0,306
3504.0,30,16,19,13,78,0,306
3505.0,30,16,21,12,79,0,306
3506.0,30,16,21,13,80,0,306
3507.0,30,16,21,13,80,0,306
3508.0,30,16,21,15,82,0,307
3509.0,28,14,21,15,78,0,307
3510.0,27,12,21,16,76,0,307
3511.0,26,10,22,16,74,0,307
3512.0,25,8,23,16,72,0,307
3513.0,24,6,23,16,69,0,307
3514.0,23,4,23,16,66,0,307
3515.0,22,2,23,16,63,0,307
3516.0,21,1,24,16,62,0,307
3517.0,20,0,24,16,60,0,307
3518.0,19,0,25,16,60,0,308
3519.0,19,2,22,13,56,0,308
3520.0,18,4,19,11,52,0,308
3521.0,18,4,16,9,47,0,308
3522.0,17,6,13,7,43,0,308
3523.0,17,6,11,5,39,0,308
3524.0,16,7,8,3,34,0,308
3525.0,17,10,5,1,33,0,308
3526.0,17,9,2,0,28,0,308
3527.0,16,10,0,0,26,0,308
3528.0,16,10,0,0,26,0,309
3529.0,17,10,1,0,28,0,309
3530.0,17,10,3,2,32,0,309
3531.0,17,11,3,2,33,0,309
3532.0,16,11,6,4,37,0,309
3533.0,15,11,7,5,38,0,309
3534.0,14,10,8,8,40,0,309
3535.0,15,10,9,9,43,0,309
3536.0,15,13,12,9,49,0,309
3537.0,15,11,12,10,48,0,309
3538.0,14,13,16,11,54,0,309
3539.0,14,12,17,11,54,0,309
3540.0,14,13,18,11,56,0,309
3541.0,14,12,20,13,59,0,309
3542.0,15,13,20,13,61,0,309
3543.0,16,15,20,14,65,0,310
3544.0,16,12,17,12,57,0,310
3545.0,18,14,14,10,56,0,310
3546.0,19,13,11,9,52,0,310
3547.0,20,16,9,8,53,0,310
3548.0,20,14,6,7,47,0,310
3549.0,20,16,5,6,47,0,310
3550.0,22,19,3,4,48,0,310
3551.0,23,20,2,2,47,0,310
3552.0,23,18,1,0,42,0,310
3553.0,22,21,0,1,44,0,311
3554.0,23,20,2,1,46,0,311
3555.0,24,19,3,3,49,0,311
3556.0,24,18,5,4,51,0,311
3557.0,26,19,4,5,54,0,311
3558.0,26,20,6,6,58,0,311
3559.0,27,19,6,8,60,0,311
3560.0,27,18,6,10,61,0,311
3561.0,28,19,7,9,63,0,311
3562.0,27,21,9,10,67,0,311
3563.0,27,21,9,12,69,0,311
3564.0,28,20,11,13,72,0,311
3565.0,27,19,13,14,73,0,311
3566.0,28,18,15,16,77,0,311
3567.0,28,18,16,16,78,0,311
3568.0,29,17,17,16,79,0,311
3569.0,29,14,18,16,77,0,311
3570.0,29,17,19,16,81,0,311
3571.0,30,17,20,16,83,0,311
3572.0,30,15,19,16,80,0,311
3573.0,30,15,19,16,80,0,311
3574.0,30,15,19,16,80,0,311
3575.0,30,16,19,16,81,0,311
3576.0,30,13,19,17,79,0,311
3577.0,31,14,20,17,82,0,311
3578.0,32,14,20,18,84,0,312
3579.0,32,15,18,15,80,0,312
3580.0,32,13,15,12,72,0,312
3581.0,32,14,12,10,68,0,312
3582.0,33,16,11,9,69,0,312
3583.0,33,17,9,7,66,0,312
3584.0,33,16,6,5,60,0,312
3585.0,33,17,3,3,56,0,312
3586.0,33,18,2,1,54,0,312
3587.0,33,16,0,0,49,0,312
3588.0,33,17,0,1,51,0,313
3589.0,30,14,0,1,45,0,313
3590.0,28,15,2,2,47,0,313
3591.0,29,13,3,3,48,0,313
3592.0,28,14,2,6,50,0,313
3593.0,28,11,2,5,46,0,313
3594.0,27,13,4,6,50,0,313
3595.0,24,11,5,8,48,0,313
3596.0,21,12,5,10,48,0,313
3597.0,20,12,8,10,50,0,313
3598.0,19,14,8,10,51,0,314
3599.0,20,11,11,11,53,0,314
3600.0,21,10,11,14,56,0,314
3601.0,20,9,13,16,58,0,314
3602.0,20,10,14,17,61,0,314
3603.0,20,9,14,17,60,0,314
3604.0,19,9,15,17,60,0,314
3605.0,19,10,16,17,62,0,314
3606.0,19,11,16,18,64,0,314
3607.0,19,13,17,18,67,0,314
3608.0,18,12,16,19,65,0,314
3609.0,19,13,16,19,67,0,314
3610.0,18,12,16,19,65,0,314
3611.0,19,9,18,19,65,0,314
3612.0,18,10,18,19,65,0,314
3613.0,18,9,19,19,65,0,315
3614.0,18,9,16,16,59,0,315
3615.0,17,10,15,13,55,0,315
3616.0,18,11,12,11,52,0,315
3617.0,17,12,9,9,47,0,315
3618.0,17,12,6,7,42,0,315
3619.0,17,13,3,5,38,0,315
3620.0,17,14,2,3,36,0,315
3621.0,17,16,1,2,36,0,315
3622.0,18,16,0,1,35,0,315
3623.0,18,19,0,2,39,0,316
3624.0,20,20,1,1,42,0,316
3625.0,19,20,1,2,42,0,316
3626.0,20,21,3,2,46,0,316
3627.0,20,21,2,4,47,0,316
3628.0,22,19,3,7,51,0,316
3629.0,22,20,5,6,53,0,316
3630.0,22,21,8,7,58,0,316
3631.0,23,22,8,9,62,0,316
3632.0,24,20,10,9,63,0,316
3633.0,26,20,12,10,68,0,316
3634.0,28,20,13,9,70,0,316
3635.0,26,20,12,11,69,0,316
3636.0,27,19,13,11,70,0,316
3637.0,27,18,15,12,72,0,316
3638.0,28,17,15,14,74,0,316
3639.0,28,17,16,14,75,0,316
3640.0,29,17,17,14,77,0,316
3641.0,29,17,16,15,77,0,316
3642.0,30,18,17,15,80,0,316
3643.0,30,15,17,15,77,0,316
3644.0,31,16,19,16,82,0,316
3645.0,31,16,20,16,83,0,316
3646.0,31,16,20,16,83,0,316
3647.0,31,15,20,17,83,0,316
3648.0,31,14,20,17,82,0,316
3649.0,31,14,21,17,83,0,316
3650.0,31,17,22,17,87,0,316
3651.0,31,14,22,17,84,0,316
3652.0,31,16,22,17,86,0,316
3653.0,31,16,22,17,86,0,316
3654.0,31,17,22,17,87,0,316
3655.0,31,16,23,17,87,0,316
3656.0,31,14,23,17,85,0,316
3657.0,31,15,23,17,86,0,316
3658.0,32,13,23,17,85,0,316
3659.0,32,15,23,17,87,0,316
3660.0,32,17,24,17,90,0,316
3661.0,32,15,24,17,88,0,316
3662.0,32,16,24,17,89,0,316
3663.0,32,16,24,17,89,0,317
3664.0,29,15,24,17,85,0,317
3665.0,27,15,24,17,83,0,317
3666.0,26,13,24,17,80,0,317
3667.0,25,12,24,17,78,0,317
3668.0,24,9,24,17,74,0,317
3669.0,23,9,24,17,73,0,317
3670.0,22,6,24,17,69,0,317
3671.0,21,4,25,17,67,0,317
3672.0,20,3,25,17,65,0,317
3673.0,20,3,26,17,66,0,318
3674.0,19,5,23,14,61,0,318
3675.0,18,6,20,11,55,0,318
3676.0,17,8,17,9,51,0,318
3677.0,18,10,14,7,49,0,318
3678.0,18,11,11,5,45,0,318
3679.0,17,11,8,4,40,0,318
3680.0,17,13,5,1,36,0,318
3681.0,16,14,2,0,32,0,318
3682.0,16,14,1,0,31,0,318
3683.0,16,16,0,1,33,0,319
3684.0,16,16,0,1,33,0,319
3685.0,16,16,1,1,34,0,319
3686.0,16,16,2,2,36,0,319
3687.0,15,16,4,5,40,0,319
3688.0,15,16,5,5,41,0,319
3689.0,16,15,6,8,45,0,319
3690.0,15,16,8,8,47,0,319
3691.0,15,14,9,9,47,0,319
3692.0,15,14,9,10,48,0,319
3693.0,14,15,10,10,49,0,319
3694.0,14,14,11,11,50,0,319
3695.0,15,14,12,12,53,0,319
3696.0,15,14,13,12,54,0,319
3697.0,15,14,14,12,55,0,319
3698.0,16,15,13,12,56,0,319
3699.0,17,16,15,13,61,0,319
3700.0,18,16,15,13,62,0,319
3701.0,18,16,15,14,63,0,319
3702.0,19,16,16,14,65,0,319
3703.0,21,16,19,14,70,0,319
3704.0,20,15,20,14,69,0,319
3705.0,21,15,20,14,70,0,319
3706.0,22,15,21,15,73,0,319
3707.0,23,15,21,15,74,0,319
3708.0,23,15,21,15,74,0,319
3709.0,25,15,21,15,76,0,319
3710.0,25,15,21,15,76,0,319
3711.0,26,15,22,15,78,0,319
3712.0,26,15,22,15,78,0,319
3713.0,27,15,22,15,79,0,319
3714.0,27,15,22,15,79,0,319
3715.0,27,15,22,15,79,0,319
3716.0,28,15,22,15,80,0,319
3717.0,29,15,22,15,81,0,319
3718.0,29,15,23,15,82,0,320
3719.0,29,15,20,12,76,0,320
3720.0,29,15,17,10,71,0,320
3721.0,29,15,15,8,67,0,320
3722.0,29,15,12,6,62,0,320
3723.0,29,15,9,4,57,0,320
3724.0,29,15,6,2,52,0,320
3725.0,29,15,3,1,48,0,320
3726.0,29,15,1,1,46,0,320
3727.0,29,15,0,0,44,0,320
3728.0,29,15,0,1,45,0,321
3729.0,28,13,0,2,43,0,321
3730.0,27,11,1,4,43,0,321
3731.0,26,10,2,6,44,0,321
3732.0,25,7,5,6,43,0,321
3733.0,24,5,6,7,42,0,321
3734.0,23,3,6,7,39,0,321
3735.0,22,2,7,9,40,0,321
3736.0,21,1,9,10,41,0,321
3737.0,20,0,9,9,38,0,321
3738.0,20,0,10,10,40,0,322
3739.0,19,0,10,11,40,0,322
3740.0,19,2,12,10,43,0,322
3741.0,19,4,13,11,47,0,322
3742.0,19,5,14,12,50,0,322
3743.0,19,6,15,12,52,0,322
3744.0,18,7,15,13,53,0,322
3745.0,18,10,15,13,56,0,322
3746.0,18,10,16,13,57,0,322
3747.0,17,10,16,14,57,0,322
3748.0,18,11,16,15,60,0,322
3749.0,18,11,16,15,60,0,322
3750.0,18,10,16,16,60,0,322
3751.0,17,11,16,16,60,0,322
3752.0,17,10,16,17,60,0,322
3753.0,16,11,16,17,60,0,322
3754.0,16,12,16,17,61,0,322
3755.0,16,12,16,17,61,0,322
3756.0,15,12,16,17,60,0,322
3757.0,16,13,17,17,63,0,322
3758.0,15,13,17,17,62,0,322
3759.0,15,14,17,17,63,0,322
3760.0,15,16,17,17,65,0,322
3761.0,15,15,18,17,65,0,322
3762.0,16,14,18,17,65,0,322
3763.0,16,16,18,17,67,0,322
3764.0,18,14,18,17,67,0,322
3765.0,19,16,18,17,70,0,322
3766.0,18,15,18,17,68,0,322
3767.0,19,14,18,17,68,0,322
3768.0,21,15,18,17,71,0,322
3769.0,21,16,18,17,72,0,322
3770.0,21,15,18,17,71,0,322
3771.0,22,18,18,17,75,0,322
3772.0,25,15,19,17,76,0,322
3773.0,23,16,19,17,75,0,322
3774.0,24,16,19,17,76,0,322
3775.0,25,16,19,17,77,0,322
3776.0,25,18,19,17,79,0,322
3777.0,26,17,20,17,80,0,322
3778.0,26,17,20,17,80,0,322
3779.0,27,17,20,17,81,0,322
3780.0,28,17,20,17,82,0,322
3781.0,28,17,20,17,82,0,322
3782.0,29,17,20,17,83,0,322
3783.0,29,17,20,17,83,0,322
3784.0,29,17,20,17,83,0,322
3785.0,29,17,20,17,83,0,322
3786.0,29,17,20,17,83,0,322
3787.0,29,17,20,17,83,0,322
3788.0,29,17,20,17,83,0,323
3789.0,28,15,20,17,80,0,323
3790.0,27,13,20,17,77,0,323
3791.0,26,11,20,17,74,0,323
3792.0,25,9,20,17,71,0,323
3793.0,24,7,20,17,68,0,323
3794.0,23,5,20,17,65,0,323
3795.0,22,3,20,17,62,0,323
3796.0,21,1,21,17,60,0,323
3797.0,20,1,22,17,60,0,323
3798.0,20,0,22,17,59,0,324
3799.0,20,1,19,14,54,0,324
3800.0,19,2,16,11,48,0,324
3801.0,19,4,13,9,45,0,324
3802.0,18,5,10,7,40,0,324
3803.0,18,7,7,5,37,0,324
3804.0,17,9,4,3,33,0,324
3805.0,16,8,1,1,26,0,324
3806.0,17,9,0,0,26,0,324
3807.0,17,12,0,0,29,0,324
3808.0,17,12,0,2,31,0,325
3809.0,17,12,2,1,32,0,325
3810.0,17,13,2,3,35,0,325
3811.0,17,14,4,5,40,0,325
3812.0,16,16,6,4,42,0,325
3813.0,15,14,8,5,42,0,325
3814.0,15,15,9,8,47,0,325
3815.0,16,16,11,9,52,0,325
3816.0,15,14,11,9,49,0,325
3817.0,15,15,11,11,52,0,325
3818.0,15,16,13,10,54,0,325
3819.0,14,16,13,11,54,0,325
3820.0,14,17,14,13,58,0,325
3821.0,14,17,15,12,58,0,325
3822.0,15,17,15,12,59,0,325
3823.0,15,17,15,12,59,0,325
3824.0,16,17,15,13,61,0,325
3825.0,18,17,15,13,63,0,325
3826.0,17,17,15,14,63,0,325
3827.0,17,17,15,14,63,0,325
3828.0,19,17,15,14,65,0,325
3829.0,19,17,16,14,66,0,325
3830.0,19,17,16,14,66,0,325
3831.0,20,17,16,14,67,0,325
3832.0,22,17,16,14,69,0,325
3833.0,21,17,16,14,68,0,325
3834.0,23,17,16,14,70,0,325
3835.0,23,17,16,14,70,0,325
3836.0,23,17,16,14,70,0,325
3837.0,26,17,16,14,73,0,325
3838.0,26,17,16,14,73,0,325
3839.0,27,17,16,14,74,0,325
3840.0,27,17,16,14,74,0,325
3841.0,28,17,16,14,75,0,325
3842.0,28,17,17,14,76,0,325
3843.0,28,17,17,14,76,0,326
3844.0,27,15,17,14,73,0,326
3845.0,26,13,18,14,71,0,326
3846.0,25,11,18,14,68,0,326
3847.0,24,9,18,14,65,0,326
3848.0,23,7,19,14,63,0,326
3849.0,22,5,19,14,60,0,326
3850.0,21,3,19,14,57,0,326
3851.0,20,2,19,14,55,0,326
3852.0,19,0,19,14,52,0,326
3853.0,18,0,19,14,51,0,327
3854.0,18,0,16,12,46,0,327
3855.0,17,1,13,10,41,0,327
3856.0,18,4,10,8,40,0,327
3857.0,18,3,7,6,34,0,327
3858.0,17,5,4,4,30,0,327
3859.0,16,7,2,2,27,0,327
3860.0,17,8,0,1,26,0,327
3861.0,16,9,0,0,25,0,327
3862.0,16,10,0,0,26,0,327
3863.0,16,10,0,2,28,0,328
3864.0,15,12,0,2,29,0,328
3865.0,15,12,1,1,29,0,328
3866.0,16,12,1,2,31,0,328
3867.0,16,13,1,2,32,0,328
3868.0,15,13,2,2,32,0,328
3869.0,15,14,2,4,35,0,328
3870.0,14,15,3,4,36,0,328
3871.0,14,12,4,4,34,0,328
3872.0,14,11,5,6,36,0,328
3873.0,13,12,5,6,36,0,328
3874.0,13,12,5,6,36,0,328
3875.0,13,13,5,8,39,0,328
3876.0,14,14,5,8,41,0,328
3877.0,15,13,5,9,42,0,328
3878.0,16,13,5,9,43,0,328
3879.0,17,13,5,9,44,0,328
3880.0,18,14,5,10,47,0,328
3881.0,18,14,5,10,47,0,328
3882.0,19,12,5,10,46,0,328
3883.0,20,12,5,11,48,0,328
3884.0,20,13,5,11,49,0,328
3885.0,21,12,5,11,49,0,328
3886.0,22,14,5,12,53,0,328
3887.0,22,14,5,12,53,0,328
3888.0,23,13,7,12,55,0,328
3889.0,24,13,6,12,55,0,328
3890.0,24,14,6,12,56,0,328
3891.0,25,13,6,12,56,0,328
3892.0,25,13,6,12,56,0,328
3893.0,25,13,8,12,58,0,328
3894.0,25,14,8,12,59,0,328
3895.0,25,13,8,12,58,0,328
3896.0,25,13,8,12,58,0,328
3897.0,25,14,8,12,59,0,328
3898.0,25,13,9,12,59,0,328
3899.0,25,13,10,12,60,0,328
3900.0,25,14,10,12,61,0,328
3901.0,25,13,10,12,60,0,328
3902.0,25,12,10,12,59,0,328
3903.0,25,12,10,12,59,0,328
3904.0,25,12,10,12,59,0,328
3905.0,25,13,10,12,60,0,328
3906.0,25,12,10,12,59,0,328
3907.0,25,14,10,12,61,0,328
3908.0,25,13,10,12,60,0,328
3909.0,25,13,10,12,60,0,328
3910.0,25,13,10,12,60,0,328
3911.0,25,14,10,12,61,0,328
3912.0,25,14,10,12,61,0,328
3913.0,25,15,10,12,62,0,328
3914.0,25,15,11,12,63,0,328
3915.0,25,15,11,12,63,0,328
3916.0,25,15,13,12,65,0,328
3917.0,25,15,13,12,65,0,328
3918.0,25,15,13,12,65,0,328
3919.0,25,15,13,12,65,0,328
3920.0,25,15,14,12,66,0,328
3921.0,25,15,15,12,67,0,328
3922.0,25,15,15,12,67,0,328
3923.0,25,15,14,12,66,0,328
3924.0,25,15,14,12,66,0,328
3925.0,25,15,14,12,66,0,328
3926.0,25,15,15,12,67,0,328
3927.0,25,15,16,12,68,0,328
3928.0,25,15,16,12,68,0,328
3929.0,25,15,17,12,69,0,328
3930.0,25,15,17,12,69,0,328
3931.0,25,15,17,12,69,0,328
3932.0,25,15,17,12,69,0,328
3933.0,25,15,17,12,69,0,329
3934.0,24,13,17,12,66,0,329
3935.0,23,11,17,12,63,0,329
3936.0,22,9,18,12,61,0,329
3937.0,21,7,18,12,58,0,329
3938.0,20,5,18,12,55,0,329
3939.0,19,3,18,12,52,0,329
3940.0,18,1,18,12,49,0,329
3941.0,17,0,18,12,47,0,329
3942.0,16,0,18,12,46,0,329
3943.0,16,0,18,12,46,0,330
3944.0,15,2,15,9,41,0,330
3945.0,14,2,12,7,35,0,330
3946.0,14,3,9,5,31,0,330
3947.0,13,5,6,3,27,0,330
3948.0,13,6,4,1,24,0,330
3949.0,14,7,2,0,23,0,330
3950.0,13,8,1,0,22,0,330
3951.0,12,9,0,0,21,0,330
3952.0,13,9,0,1,23,0,330
3953.0,12,9,0,1,22,0,331
3954.0,11,9,1,2,23,0,331
3955.0,12,9,1,2,24,0,331
3956.0,13,9,2,2,26,0,331
3957.0,13,9,2,4,28,0,331
3958.0,11,9,3,5,28,0,331
3959.0,11,9,3,5,28,0,331
3960.0,10,9,3,5,27,0,331
3961.0,11,9,4,5,29,0,331
3962.0,12,9,5,5,31,0,331
3963.0,13,9,5,5,32,0,331
3964.0,13,9,5,5,32,0,331
3965.0,14,9,5,5,33,0,331
3966.0,15,9,5,5,34,0,331
3967.0,16,9,5,5,35,0,331
3968.0,16,9,5,5,35,0,331
3969.0,17,9,5,5,36,0,331
3970.0,18,9,5,5,37,0,331
3971.0,18,9,5,5,37,0,331
3972.0,20,9,5,5,39,0,331
3973.0,21,9,5,5,40,0,331
3974.0,21,9,5,5,40,0,331
3975.0,22,9,5,5,41,0,331
3976.0,22,9,5,5,41,0,331
3977.0,22,9,5,5,41,0,331
3978.0,22,9,5,5,41,0,331
3979.0,22,9,5,5,41,0,331
3980.0,22,9,5,5,41,0,331
3981.0,22,9,5,5,41,0,331
3982.0,22,9,5,5,41,0,331
3983.0,22,9,5,5,41,0,332
3984.0,21,7,5,5,38,0,332
3985.0,20,5,5,5,35,0,332
3986.0,19,3,5,5,32,0,332
3987.0,18,1,5,5,29,0,332
3988.0,17,0,6,5,28,0,332
3989.0,16,0,6,5,27,0,332
3990.0,15,0,6,5,26,0,332
3991.0,14,0,7,5,26,0,332
3992.0,13,0,7,5,25,0,332
3993.0,12,0,7,5,24,0,333
3994.0,12,2,5,3,22,0,333
3995.0,12,2,3,1,18,0,333
3996.0,12,3,2,0,17,0,333
3997.0,11,3,1,0,15,0,333
3998.0,12,3,0,0,15,0,333
3999.0,12,3,0,0,15,0,333
4000.0,11,3,0,0,14,0,333
4001.0,10,3,0,0,13,0,333
4002.0,10,3,0,0,13,0,333
4003.0,12,3,0,0,15,0,334
4004.0,11,3,0,0,14,0,334
4005.0,10,3,0,0,13,0,334
4006.0,10,3,1,0,14,0,334
4007.0,9,3,2,0,14,0,334
4008.0,10,3,2,0,15,0,334
4009.0,9,3,2,0,14,0,334
4010.0,10,3,2,0,15,0,334
4011.0,11,3,2,0,16,0,334
4012.0,12,3,2,0,17,0,334
4013.0,12,3,2,0,17,0,334
4014.0,13,3,2,0,18,0,334
4015.0,14,3,2,0,19,0,334
4016.0,14,3,2,0,19,0,334
4017.0,15,3,2,0,20,0,334
4018.0,16,3,2,0,21,0,334
4019.0,16,3,2,0,21,0,334
4020.0,18,3,2,0,23,0,334
4021.0,17,3,2,0,22,0,334
4022.0,18,3,2,0,23,0,334
4023.0,19,3,2,0,24,0,334
4024.0,19,3,2,0,24,0,334
4025.0,19,3,2,0,24,0,334
4026.0,19,3,2,0,24,0,334
4027.0,19,3,2,0,24,0,334
4028.0,19,3,2,0,24,0,334
4029.0,19,3,2,0,24,0,334
4030.0,19,3,2,0,24,0,334
4031.0,19,3,2,0,24,0,334
4032.0,19,3,2,0,24,0,334
4033.0,19,3,2,0,24,0,334
4034.0,19,3,3,0,25,0,334
4035.0,19,3,3,0,25,0,334
4036.0,19,3,3,0,25,0,334
4037.0,19,3,3,0,25,0,334
4038.0,19,3,4,0,26,0,334
4039.0,19,3,4,0,26,0,334
4040.0,19,3,4,0,26,0,334
4041.0,19,3,4,0,26,0,334
4042.0,19,3,5,0,27,0,334
4043.0,19,3,5,0,27,0,334
4044.0,19,3,5,0,27,0,334
4045.0,19,3,5,0,27,0,334
4046.0,19,3,5,0,27,0,334
4047.0,19,3,5,0,27,0,334
4048.0,19,3,5,0,27,0,334
4049.0,19,3,5,0,27,0,334
4050.0,19,3,5,0,27,0,334
4051.0,19,3,5,0,27,0,334
4052.0,19,3,5,0,27,0,334
4053.0,19,3,5,0,27,0,334
4054.0,19,3,5,0,27,0,334
4055.0,19,3,5,0,27,0,334
4056.0,19,3,5,0,27,0,334
4057.0,19,3,5,0,27,0,334
4058.0,19,3,5,0,27,0,334
4059.0,19,3,5,0,27,0,334
4060.0,19,3,5,0,27,0,334
4061.0,19,3,5,0,27,0,334
4062.0,19,3,5,0,27,0,334
4063.0,19,3,5,0,27,0,334
4064.0,19,3,5,0,27,0,334
4065.0,19,3,5,0,27,0,334
4066.0,19,3,5,0,27,0,334
4067.0,19,3,5,0,27,0,334
4068.0,19,3,5,0,27,0,334
4069.0,19,3,5,0,27,0,334
4070.0,19,3,5,0,27,0,334
4071.0,19,3,5,0,27,0,334
4072.0,19,3,5,0,27,0,334
4073.0,19,3,5,0,27,0,334
4074.0,19,3,5,0,27,0,334
4075.0,19,3,5,0,27,0,334
4076.0,19,3,5,0,27,0,334
4077.0,19,3,5,0,27,0,334
4078.0,19,3,5,0,27,0,334
4079.0,19,3,5,0,27,0,334
4080.0,19,3,5,0,27,0,334
4081.0,19,3,5,0,27,0,334
4082.0,19,3,5,0,27,0,334
4083.0,19,3,5,0,27,0,334
4084.0,19,3,5,0,27,0,334
4085.0,19,3,5,0,27,0,334
4086.0,19,3,5,0,27,0,334
4087.0,19,3,5,0,27,0,334
4088.0,19,3,5,0,27,0,334
4089.0,19,3,5,0,27,0,334
4090.0,19,3,5,0,27,0,334
4091.0,19,3,5,0,27,0,334
4092.0,19,3,5,0,27,0,334
4093.0,19,3,5,0,27,0,334
4094.0,19,3,5,0,27,0,334
4095.0,19,3,5,0,27,0,334
4096.0,19,3,5,0,27,0,334
4097.0,19,3,5,0,27,0,334
4098.0,19,3,5,0,27,0,334
4099.0,19,3,5,0,27,0,334
4100.0,19,3,5,0,27,0,334
4101.0,19,3,5,0,27,0,334
4102.0,19,3,5,0,27,0,334
4103.0,19,3,5,0,27,0,334
4104.0,19,3,5,0,27,0,334
4105.0,19,3,5,0,27,0,334
4106.0,19,3,5,0,27,0,334
4107.0,19,3,5,0,27,0,334
4108.0,19,3,5,0,27,0,334
4109.0,19,3,5,0,27,0,334
4110.0,19,3,5,0,27,0,334
4111.0,19,3,5,0,27,0,334
4112.0,19,3,5,0,27,0,334
4113.0,19,3,5,0,27,0,334
4114.0,19,3,5,0,27,0,334
4115.0,19,3,5,0,27,0,334
4116.0,19,3,5,0,27,0,334
4117.0,19,3,5,0,27,0,334
4118.0,19,3,5,0,27,0,334
4119.0,19,3,5,0,27,0,334
4120.0,19,3,5,0,27,0,334
4121.0,19,3,5,0,27,0,334
4122.0,19,3,5,0,27,0,334
4123.0,19,3,5,0,27,0,334
4124.0,19,3,5,0,27,0,334
4125.0,19,3,5,0,27,0,334
4126.0,19,3,5,0,27,0,334
4127.0,19,3,5,0,27,0,334
4128.0,19,3,5,0,27,0,334
4129.0,19,3,5,0,27,0,334
4130.0,19,3,5,0,27,0,334
4131.0,19,3,5,0,27,0,334
4132.0,19,3,5,0,27,0,334
4133.0,19,3,5,0,27,0,334
4134.0,19,3,5,0,27,0,334
4135.0,19,3,5,0,27,0,334
4136.0,19,3,5,0,27,0,334
4137.0,19,3,5,0,27,0,334
4138.0,19,3,5,0,27,0,334
4139.0,19,3,5,0,27,0,334
4140.0,19,3,5,0,27,0,334
4141.0,19,3,5,0,27,0,334
4142.0,19,3,5,0,27,0,334
4143.0,19,3,5,0,27,0,334
4144.0,19,3,5,0,27,0,334
4145.0,19,3,5,0,27,0,334
4146.0,19,3,5,0,27,0,334
4147.0,19,3,5,0,27,0,334
4148.0,19,3,5,0,27,0,334
4149.0,19,3,5,0,27,0,334
4150.0,19,3,5,0,27,0,334
4151.0,19,3,5,0,27,0,334
4152.0,19,3,5,0,27,0,334
4153.0,19,3,5,0,27,0,334
4154.0,19,3,5,0,27,0,334
4155.0,19,3,5,0,27,0,334
4156.0,19,3,5,0,27,0,334
4157.0,19,3,5,0,27,0,334
4158.0,19,3,5,0,27,0,334
4159.0,19,3,5,0,27,0,334
4160.0,19,3,5,0,27,0,334
4161.0,19,3,5,0,27,0,334
4162.0,19,3,5,0,27,0,334
4163.0,19,3,5,0,27,0,334
4164.0,19,3,5,0,27,0,334
4165.0,19,3,5,0,27,0,334
4166.0,19,3,5,0,27,0,334
4167.0,19,3,5,0,27,0,334
4168.0,19,3,5,0,27,0,334
4169.0,19,3,5,0,27,0,334
4170.0,19,3,5,0,27,0,334
4171.0,19,3,5,0,27,0,334
4172.0,19,3,5,0,27,0,334
4173.0,19,3,5,0,27,0,334
4174.0,19,3,5,0,27,0,334
4175.0,19,3,5,0,27,0,334
4176.0,19,3,5,0,27,0,334
4177.0,19,3,5,0,27,0,334
4178.0,19,3,5,0,27,0,334
4179.0,19,3,5,0,27,0,334
4180.0,19,3,5,0,27,0,334
4181.0,19,3,5,0,27,0,334
4182.0,19,3,5,0,27,0,334
4183.0,19,3,5,0,27,0,334
4184.0,19,3,5,0,27,0,334
4185.0,19,3,5,0,27,0,334
4186.0,19,3,5,0,27,0,334
4187.0,19,3,5,0,27,0,334
4188.0,19,3,5,0,27,0,334
4189.0,19,3,5,0,27,0,334
4190.0,19,3,5,0,27,0,334
4191.0,19,3,5,0,27,0,334
4192.0,19,3,5,0,27,0,334
4193.0,19,3,5,0,27,0,334
4194.0,19,3,5,0,27,0,334
4195.0,19,3,5,0,27,0,334
4196.0,19,3,5,0,27,0,334
4197.0,19,3,5,0,27,0,334
4198.0,19,3,5,0,27,0,334
4199.0,19,3,5,0,27,0,334
4200.0,19,3,5,0,27,0,334
4201.0,19,3,5,0,27,0,334
4202.0,19,3,5,0,27,0,334
4203.0,19,3,5,0,27,0,334
4204.0,19,3,5,0,27,0,334
4205.0,19,3,5,0,27,0,334
4206.0,19,3,5,0,27,0,334
4207.0,19,3,5,0,27,0,334
4208.0,19,3,5,0,27,0,334
4209.0,19,3,5,0,27,0,334
4210.0,19,3,5,0,27,0,334
4211.0,19,3,5,0,27,0,334
4212.0,19,3,5,0,27,0,334
4213.0,19,3,5,0,27,0,334
4214.0,19,3,5,0,27,0,334
4215.0,19,3,5,0,27,0,334
4216.0,19,3,5,0,27,0,334
4217.0,19,3,5,0,27,0,334
4218.0,19,3,5,0,27,0,334
4219.0,19,3,5,0,27,0,334
4220.0,19,3,5,0,27,0,334
4221.0,19,3,5,0,27,0,334
4222.0,19,3,5,0,27,0,334
4223.0,19,3,5,0,27,0,334
4224.0,19,3,5,0,27,0,334
4225.0,19,3,5,0,27,0,334
4226.0,19,3,5,0,27,0,334
4227.0,19,3,5,0,27,0,334
4228.0,19,3,5,0,27,0,334
4229.0,19,3,5,0,27,0,334
4230.0,19,3,5,0,27,0,334
4231.0,19,3,5,0,27,0,334
4232.0,19,3,5,0,27,0,334
4233.0,19,3,5,0,27,0,334
4234.0,19,3,5,0,27,0,334
4235.0,19,3,5,0,27,0,334
4236.0,19,3,5,0,27,0,334
4237.0,19,3,5,0,27,0,334
4238.0,19,3,5,0,27,0,334
4239.0,19,3,5,0,27,0,334
4240.0,19,3,5,0,27,0,334
4241.0,19,3,5,0,27,0,334
4242.0,19,3,5,0,27,0,334
4243.0,19,3,5,0,27,0,334
4244.0,19,3,5,0,27,0,334
4245.0,19,3,5,0,27,0,334
4246.0,19,3,5,0,27,0,334
4247.0,19,3,5,0,27,0,334
4248.0,19,3,5,0,27,0,334
4249.0,19,3,5,0,27,0,334
4250.0,19,3,5,0,27,0,334
4251.0,19,3,5,0,27,0,334
4252.0,19,3,5,0,27,0,334
4253.0,19,3,5,0,27,0,334
4254.0,19,3,5,0,27,0,334
4255.0,19,3,5,0,27,0,334
4256.0,19,3,5,0,27,0,334
4257.0,19,3,5,0,27,0,334
4258.0,19,3,5,0,27,0,334
4259.0,19,3,5,0,27,0,334
4260.0,19,3,5,0,27,0,334
4261.0,19,3,5,0,27,0,334
4262.0,19,3,5,0,27,0,334
4263.0,19,3,5,0,27,0,334
4264.0,19,3,5,0,27,0,334
4265.0,19,3,5,0,27,0,334
4266.0,19,3,5,0,27,0,334
4267.0,19,3,5,0,27,0,334
4268.0,19,3,5,0,27,0,334
4269.0,19,3,5,0,27,0,334
4270.0,19,3,5,0,27,0,334
4271.0,19,3,5,0,27,0,334
4272.0,19,3,5,0,27,0,334
4273.0,19,3,5,0,27,0,334
4274.0,19,3,5,0,27,0,334
4275.0,19,3,5,0,27,0,334
4276.0,19,3,5,0,27,0,334
4277.0,19,3,5,0,27,0,334
4278.0,19,3,5,0,27,0,334
4279.0,19,3,5,0,27,0,334
4280.0,19,3,5,0,27,0,334
4281.0,19,3,5,0,27,0,334
4282.0,19,3,5,0,27,0,334
4283.0,19,3,5,0,27,0,334
4284.0,19,3,5,0,27,0,334
4285.0,19,3,5,0,27,0,334
4286.0,19,3,5,0,27,0,334
4287.0,19,3,5,0,27,0,334
4288.0,19,3,5,0,27,0,334
4289.0,19,3,5,0,27,0,334
4290.0,19,3,5,0,27,0,334
4291.0,19,3,5,0,27,0,334
4292.0,19,3,5,0,27,0,334
4293.0,19,3,5,0,27,0,334
4294.0,19,3,5,0,27,0,334
4295.0,19,3,5,0,27,0,334
4296.0,19,3,5,0,27,0,334
4297.0,19,3,5,0,27,0,334
4298.0,19,3,5,0,27,0,334
4299.0,19,3,5,0,27,0,334
4300.0,19,3,5,0,27,0,334
4301.0,19,3,5,0,27,0,334
4302.0,19,3,5,0,27,0,334
4303.0,19,3,5,0,27,0,334
4304.0,19,3,5,0,27,0,334
4305.0,19,3,5,0,27,0,334
4306.0,19,3,5,0,27,0,334
4307.0,19,3,5,0,27,0,334
4308.0,19,3,5,0,27,0,334
4309.0,19,3,5,0,27,0,334
4310.0,19,3,5,0,27,0,334
4311.0,19,3,5,0,27,0,334
4312.0,19,3,5,0,27,0,334
4313.0,19,3,5,0,27,0,334
4314.0,19,3,5,0,27,0,334
4315.0,19,3,5,0,27,0,334
4316.0,19,3,5,0,27,0,334
4317.0,19,3,5,0,27,0,334
4318.0,19,3,5,0,27,0,334
4319.0,19,3,5,0,27,0,334
4320.0,19,3,5,0,27,0,334
4321.0,19,3,5,0,27,0,334
4322.0,19,3,5,0,27,0,334
4323.0,19,3,5,0,27,0,334
4324.0,19,3,5,0,27,0,334
4325.0,19,3,5,0,27,0,334
4326.0,19,3,5,0,27,0,334
4327.0,19,3,5,0,27,0,334
4328.0,19,3,5,0,27,0,334
4329.0,19,3,5,0,27,0,334
4330.0,19,3,5,0,27,0,334
4331.0,19,3,5,0,27,0,334
4332.0,19,3,5,0,27,0,334
4333.0,19,3,5,0,27,0,334
4334.0,19,3,5,0,27,0,334
4335.0,19,3,5,0,27,0,334
4336.0,19,3,5,0,27,0,334
4337.0,19,3,5,0,27,0,334
4338.0,19,3,5,0,27,0,334
4339.0,19,3,5,0,27,0,334
4340.0,19,3,5,0,27,0,334
4341.0,19,3,5,0,27,0,334
4342.0,19,3,5,0,27,0,334
4343.0,19,3,5,0,27,0,334
4344.0,19,3,5,0,27,0,334
4345.0,19,3,5,0,27,0,334
4346.0,19,3,5,0,27,0,334
4347.0,19,3,5,0,27,0,334
4348.0,19,3,5,0,27,0,334
4349.0,19,3,5,0,27,0,334
4350.0,19,3,5,0,27,0,334
4351.0,19,3,5,0,27,0,334
4352.0,19,3,5,0,27,0,334
4353.0,19,3,5,0,27,0,334
4354.0,19,3,5,0,27,0,334
4355.0,19,3,5,0,27,0,334
4356.0,19,3,5,0,27,0,334
4357.0,19,3,5,0,27,0,334
4358.0,19,3,5,0,27,0,334
4359.0,19,3,5,0,27,0,334
4360.0,19,3,5,0,27,0,334
4361.0,19,3,5,0,27,0,334
4362.0,19,3,5,0,27,0,334
4363.0,19,3,5,0,27,0,334
4364.0,19,3,5,0,27,0,334
4365.0,19,3,5,0,27,0,334
4366.0,19,3,5,0,27,0,334
4367.0,19,3,5,0,27,0,334
4368.0,19,3,5,0,27,0,334
4369.0,19,3,5,0,27,0,334
4370.0,19,3,5,0,27,0,334
4371.0,19,3,5,0,27,0,334
4372.0,19,3,5,0,27,0,334
4373.0,19,3,5,0,27,0,334
4374.0,19,3,5,0,27,0,334
4375.0,19,3,5,0,27,0,334
4376.0,19,3,5,0,27,0,334
4377.0,19,3,5,0,27,0,334
4378.0,19,3,5,0,27,0,334
4379.0,19,3,5,0,27,0,334
4380.0,19,3,5,0,27,0,334
4381.0,19,3,5,0,27,0,334
4382.0,19,3,5,0,27,0,334
4383.0,19,3,5,0,27,0,334
4384.0,19,3,5,0,27,0,334
4385.0,19,3,5,0,27,0,334
4386.0,19,3,5,0,27,0,334
4387.0,19,3,5,0,27,0,334
4388.0,19,3,5,0,27,0,334
4389.0,19,3,5,0,27,0,334
4390.0,19,3,5,0,27,0,334
4391.0,19,3,5,0,27,0,334
4392.0,19,3,5,0,27,0,334
4393.0,19,3,5,0,27,0,334
4394.0,19,3,5,0,27,0,334
4395.0,19,3,5,0,27,0,334
4396.0,19,3,5,0,27,0,334
4397.0,19,3,5,0,27,0,334
4398.0,19,3,5,0,27,0,334
4399.0,19,3,5,0,27,0,334
4400.0,19,3,5,0,27,0,334
4401.0,19,3,5,0,27,0,334
4402.0,19,3,5,0,27,0,334
4403.0,19,3,5,0,27,0,334
4404.0,19,3,5,0,27,0,334
4405.0,19,3,5,0,27,0,334
4406.0,19,3,5,0,27,0,334
4407.0,19,3,5,0,27,0,334
4408.0,19,3,5,0,27,0,334
4409.0,19,3,5,0,27,0,334
4410.0,19,3,5,0,27,0,334
4411.0,19,3,5,0,27,0,334
4412.0,19,3,5,0,27,0,334
4413.0,19,3,5,0,27,0,334
4414.0,19,3,5,0,27,0,334
4415.0,19,3,5,0,27,0,334
4416.0,19,3,5,0,27,0,334
4417.0,19,3,5,0,27,0,334
4418.0,19,3,5,0,27,0,334
4419.0,19,3,5,0,27,0,334
4420.0,19,3,5,0,27,0,334
4421.0,19,3,5,0,27,0,334
4422.0,19,3,5,0,27,0,334
4423.0,19,3,5,0,27,0,334
4424.0,19,3,5,0,27,0,334
4425.0,19,3,5,0,27,0,334
4426.0,19,3,5,0,27,0,334
4427.0,19,3,5,0,27,0,334
4428.0,19,3,5,0,27,0,334
4429.0,19,3,5,0,27,0,334
4430.0,19,3,5,0,27,0,334
4431.0,19,3,5,0,27,0,334
4432.0,19,3,5,0,27,0,334
4433.0,19,3,5,0,27,0,334
4434.0,19,3,5,0,27,0,334
4435.0,19,3,5,0,27,0,334
4436.0,19,3,5,0,27,0,334
4437.0,19,3,5,0,27,0,334
4438.0,19,3,5,0,27,0,334
4439.0,19,3,5,0,27,0,334
4440.0,19,3,5,0,27,0,334
4441.0,19,3,5,0,27,0,334
4442.0,19,3,5,0,27,0,334
4443.0,19,3,5,0,27,0,334
4444.0,19,3,5,0,27,0,334
4445.0,19,3,5,0,27,0,334
4446.0,19,3,5,0,27,0,334
4447.0,19,3,5,0,27,0,334
4448.0,19,3,5,0,27,0,334
4449.0,19,3,5,0,27,0,334
4450.0,19,3,5,0,27,0,334
4451.0,19,3,5,0,27,0,334
4452.0,19,3,5,0,27,0,334
4453.0,19,3,5,0,27,0,334
4454.0,19,3,5,0,27,0,334
4455.0,19,3,5,0,27,0,334
4456.0,19,3,5,0,27,0,334
4457.0,19,3,5,0,27,0,334
4458.0,19,3,5,0,27,0,334
4459.0,19,3,5,0,27,0,334
4460.0,19,3,5,0,27,0,334
4461.0,19,3,5,0,27,0,334
4462.0,19,3,5,0,27,0,334
4463.0,19,3,5,0,27,0,334
4464.0,19,3,5,0,27,0,334
4465.0,19,3,5,0,27,0,334
4466.0,19,3,5,0,27,0,334
4467.0,19,3,5,0,27,0,334
4468.0,19,3,5,0,27,0,334
4469.0,19,3,5,0,27,0,334
4470.0,19,3,5,0,27,0,334
4471.0,19,3,5,0,27,0,334
4472.0,19,3,5,0,27,0,334
4473.0,19,3,5,0,27,0,334
4474.0,19,3,5,0,27,0,334
4475.0,19,3,5,0,27,0,334
4476.0,19,3,5,0,27,0,334
4477.0,19,3,5,0,27,0,334
4478.0,19,3,5,0,27,0,334
4479.0,19,3,5,0,27,0,334
4480.0,19,3,5,0,27,0,334
4481.0,19,3,5,0,27,0,334
4482.0,19,3,5,0,27,0,334
4483.0,19,3,5,0,27,0,334
4484.0,19,3,5,0,27,0,334
4485.0,19,3,5,0,27,0,334
4486.0,19,3,5,0,27,0,334
4487.0,19,3,5,0,27,0,334
4488.0,19,3,5,0,27,0,334
4489.0,19,3,5,0,27,0,334
4490.0,19,3,5,0,27,0,334
4491.0,19,3,5,0,27,0,334
4492.0,19,3,5,0,27,0,334
4493.0,19,3,5,0,27,0,334
4494.0,19,3,5,0,27,0,334
4495.0,19,3,5,0,27,0,334
4496.0,19,3,5,0,27,0,334
4497.0,19,3,5,0,27,0,334
4498.0,19,3,5,0,27,0,334
4499.0,19,3,5,0,27,0,334
4500.0,19,3,5,0,27,0,334
4501.0,19,3,5,0,27,0,334
4502.0,19,3,5,0,27,0,334
4503.0,19,3,5,0,27,0,334
4504.0,19,3,5,0,27,0,334
4505.0,19,3,5,0,27,0,334
4506.0,19,3,5,0,27,0,334
4507.0,19,3,5,0,27,0,334
4508.0,19,3,5,0,27,0,334
4509.0,19,3,5,0,27,0,334
4510.0,19,3,5,0,27,0,334
4511.0,19,3,5,0,27,0,334
4512.0,19,3,5,0,27,0,334
4513.0,19,3,5,0,27,0,334
4514.0,19,3,5,0,27,0,334
4515.0,19,3,5,0,27,0,334
4516.0,19,3,5,0,27,0,334
4517.0,19,3,5,0,27,0,334
4518.0,19,3,5,0,27,0,334
4519.0,19,3,5,0,27,0,334
4520.0,19,3,5,0,27,0,334
4521.0,19,3,5,0,27,0,334
4522.0,19,3,5,0,27,0,334
4523.0,19,3,5,0,27,0,334
4524.0,19,3,5,0,27,0,334
4525.0,19,3,5,0,27,0,334
4526.0,19,3,5,0,27,0,334
4527.0,19,3,5,0,27,0,334
4528.0,19,3,5,0,27,0,334
4529.0,19,3,5,0,27,0,334
4530.0,19,3,5,0,27,0,334
4531.0,19,3,5,0,27,0,334
4532.0,19,3,5,0,27,0,334
4533.0,19,3,5,0,27,0,334
4534.0,19,3,5,0,27,0,334
4535.0,19,3,5,0,27,0,334
4536.0,19,3,5,0,27,0,334
4537.0,19,3,5,0,27,0,334
4538.0,19,3,5,0,27,0,334
4539.0,19,3,5,0,27,0,334
4540.0,19,3,5,0,27,0,334
4541.0,19,3,5,0,27,0,334
4542.0,19,3,5,0,27,0,334
4543.0,19,3,5,0,27,0,334
4544.0,19,3,5,0,27,0,334
4545.0,19,3,5,0,27,0,334
4546.0,19,3,5,0,27,0,334
4547.0,19,3,5,0,27,0,334
4548.0,19,3,5,0,27,0,334
4549.0,19,3,5,0,27,0,334
4550.0,19,3,5,0,27,0,334
4551.0,19,3,5,0,27,0,334
4552.0,19,3,5,0,27,0,334
4553.0,19,3,5,0,27,0,334
4554.0,19,3,5,0,27,0,334
4555.0,19,3,5,0,27,0,334
4556.0,19,3,5,0,27,0,334
4557.0,19,3,5,0,27,0,334
4558.0,19,3,5,0,27,0,334
4559.0,19,3,5,0,27,0,334
4560.0,19,3,5,0,27,0,334
4561.0,19,3,5,0,27,0,334
4562.0,19,3,5,0,27,0,334
4563.0,19,3,5,0,27,0,334
4564.0,19,3,5,0,27,0,334
4565.0,19,3,5,0,27,0,334
4566.0,19,3,5,0,27,0,334
4567.0,19,3,5,0,27,0,334
4568.0,19,3,5,0,27,0,334
4569.0,19,3,5,0,27,0,334
4570.0,19,3,5,0,27,0,334
4571.0,19,3,5,0,27,0,334
4572.0,19,3,5,0,27,0,334
4573.0,19,3,5,0,27,0,334
4574.0,19,3,5,0,27,0,334
4575.0,19,3,5,0,27,0,334
4576.0,19,3,5,0,27,0,334
4577.0,19,3,5,0,27,0,334
4578.0,19,3,5,0,27,0,334
4579.0,19,3,5,0,27,0,334
4580.0,19,3,5,0,27,0,334
4581.0,19,3,5,0,27,0,334
4582.0,19,3,5,0,27,0,334
4583.0,19,3,5,0,27,0,334
4584.0,19,3,5,0,27,0,334
4585.0,19,3,5,0,27,0,334
4586.0,19,3,5,0,27,0,334
4587.0,19,3,5,0,27,0,334
4588.0,19,3,5,0,27,0,334
4589.0,19,3,5,0,27,0,334
4590.0,19,3,5,0,27,0,334
4591.0,19,3,5,0,27,0,334
4592.0,19,3,5,0,27,0,334
4593.0,19,3,5,0,27,0,334
4594.0,19,3,5,0,27,0,334
4595.0,19,3,5,0,27,0,334
4596.0,19,3,5,0,27,0,334
4597.0,19,3,5,0,27,0,334
4598.0,19,3,5,0,27,0,334
4599.0,19,3,5,0,27,0,334
4600.0,19,3,5,0,27,0,334
4601.0,19,3,5,0,27,0,334
4602.0,19,3,5,0,27,0,334
4603.0,19,3,5,0,27,0,334
4604.0,19,3,5,0,27,0,334
4605.0,19,3,5,0,27,0,334
4606.0,19,3,5,0,27,0,334
4607.0,19,3,5,0,27,0,334
4608.0,19,3,5,0,27,0,334
4609.0,19,3,5,0,27,0,334
4610.0,19,3,5,0,27,0,334
4611.0,19,3,5,0,27,0,334
4612.0,19,3,5,0,27,0,334
4613.0,19,3,5,0,27,0,334
4614.0,19,3,5,0,27,0,334
4615.0,19,3,5,0,27,0,334
4616.0,19,3,5,0,27,0,334
4617.0,19,3,5,0,27,0,334
4618.0,19,3,5,0,27,0,334
4619.0,19,3,5,0,27,0,334
4620.0,19,3,5,0,27,0,334
4621.0,19,3,5,0,27,0,334
4622.0,19,3,5,0,27,0,334
4623.0,19,3,5,0,27,0,334
4624.0,19,3,5,0,27,0,334
4625.0,19,3,5,0,27,0,334
4626.0,19,3,5,0,27,0,334
4627.0,19,3,5,0,27,0,334
4628.0,19,3,5,0,27,0,334
4629.0,19,3,5,0,27,0,334
4630.0,19,3,5,0,27,0,334
4631.0,19,3,5,0,27,0,334
4632.0,19,3,5,0,27,0,334
4633.0,19,3,5,0,27,0,334
4634.0,19,3,5,0,27,0,334
4635.0,19,3,5,0,27,0,334
4636.0,19,3,5,0,27,0,334
4637.0,19,3,5,0,27,0,334
4638.0,19,3,5,0,27,0,334
4639.0,19,3,5,0,27,0,334
4640.0,19,3,5,0,27,0,334
4641.0,19,3,5,0,27,0,334
4642.0,19,3,5,0,27,0,334
4643.0,19,3,5,0,27,0,334
4644.0,19,3,5,0,27,0,334
4645.0,19,3,5,0,27,0,334
4646.0,19,3,5,0,27,0,334
4647.0,19,3,5,0,27,0,334
4648.0,19,3,5,0,27,0,334
4649.0,19,3,5,0,27,0,334
4650.0,19,3,5,0,27,0,334
4651.0,19,3,5,0,27,0,334
4652.0,19,3,5,0,27,0,334
4653.0,19,3,5,0,27,0,334
4654.0,19,3,5,0,27,0,334
4655.0,19,3,5,0,27,0,334
4656.0,19,3,5,0,27,0,334
4657.0,19,3,5,0,27,0,334
4658.0,19,3,5,0,27,0,334
4659.0,19,3,5,0,27,0,334
4660.0,19,3,5,0,27,0,334
4661.0,19,3,5,0,27,0,334
4662.0,19,3,5,0,27,0,334
4663.0,19,3,5,0,27,0,334
4664.0,19,3,5,0,27,0,334
4665.0,19,3,5,0,27,0,334
4666.0,19,3,5,0,27,0,334
4667.0,19,3,5,0,27,0,334
4668.0,19,3,5,0,27,0,334
4669.0,19,3,5,0,27,0,334
4670.0,19,3,5,0,27,0,334
4671.0,19,3,5,0,27,0,334
4672.0,19,3,5,0,27,0,334
4673.0,19,3,5,0,27,0,334
4674.0,19,3,5,0,27,0,334
4675.0,19,3,5,0,27,0,334
4676.0,19,3,5,0,27,0,334
4677.0,19,3,5,0,27,0,334
4678.0,19,3,5,0,27,0,334
4679.0,19,3,5,0,27,0,334
4680.0,19,3,5,0,27,0,334
4681.0,19,3,5,0,27,0,334
4682.0,19,3,5,0,27,0,334
4683.0,19,3,5,0,27,0,334
4684.0,19,3,5,0,27,0,334
4685.0,19,3,5,0,27,0,334
4686.0,19,3,5,0,27,0,334
4687.0,19,3,5,0,27,0,334
4688.0,19,3,5,0,27,0,334
4689.0,19,3,5,0,27,0,334
4690.0,19,3,5,0,27,0,334
4691.0,19,3,5,0,27,0,334
4692.0,19,3,5,0,27,0,334
4693.0,19,3,5,0,27,0,334
4694.0,19,3,5,0,27,0,334
4695.0,19,3,5,0,27,0,334
4696.0,19,3,5,0,27,0,334
4697.0,19,3,5,0,27,0,334
4698.0,19,3,5,0,27,0,334
4699.0,19,3,5,0,27,0,334
4700.0,19,3,5,0,27,0,334
4701.0,19,3,5,0,27,0,334
4702.0,19,3,5,0,27,0,334
4703.0,19,3,5,0,27,0,334
4704.0,19,3,5,0,27,0,334
4705.0,19,3,5,0,27,0,334
4706.0,19,3,5,0,27,0,334
4707.0,19,3,5,0,27,0,334
4708.0,19,3,5,0,27,0,334
4709.0,19,3,5,0,27,0,334
4710.0,19,3,5,0,27,0,334
4711.0,19,3,5,0,27,0,334
4712.0,19,3,5,0,27,0,334
4713.0,19,3,5,0,27,0,334
4714.0,19,3,5,0,27,0,334
4715.0,19,3,5,0,27,0,334
4716.0,19,3,5,0,27,0,334
4717.0,19,3,5,0,27,0,334
4718.0,19,3,5,0,27,0,334
4719.0,19,3,5,0,27,0,334
4720.0,19,3,5,0,27,0,334
4721.0,19,3,5,0,27,0,334
4722.0,19,3,5,0,27,0,334
4723.0,19,3,5,0,27,0,334
4724.0,19,3,5,0,27,0,334
4725.0,19,3,5,0,27,0,334
4726.0,19,3,5,0,27,0,334
4727.0,19,3,5,0,27,0,334
4728.0,19,3,5,0,27,0,334
4729.0,19,3,5,0,27,0,334
4730.0,19,3,5,0,27,0,334
4731.0,19,3,5,0,27,0,334
4732.0,19,3,5,0,27,0,334
4733.0,19,3,5,0,27,0,334
4734.0,19,3,5,0,27,0,334
4735.0,19,3,5,0,27,0,334
4736.0,19,3,5,0,27,0,334
4737.0,19,3,5,0,27,0,334
4738.0,19,3,5,0,27,0,334
4739.0,19,3,5,0,27,0,334
4740.0,19,3,5,0,27,0,334
4741.0,19,3,5,0,27,0,334
4742.0,19,3,5,0,27,0,334
4743.0,19,3,5,0,27,0,334
4744.0,19,3,5,0,27,0,334
4745.0,19,3,5,0,27,0,334
4746.0,19,3,5,0,27,0,334
4747.0,19,3,5,0,27,0,334
4748.0,19,3,5,0,27,0,334
4749.0,19,3,5,0,27,0,334
4750.0,19,3,5,0,27,0,334
4751.0,19,3,5,0,27,0,334
4752.0,19,3,5,0,27,0,334
4753.0,19,3,5,0,27,0,334
4754.0,19,3,5,0,27,0,334
4755.0,19,3,5,0,27,0,334
4756.0,19,3,5,0,27,0,334
4757.0,19,3,5,0,27,0,334
4758.0,19,3,5,0,27,0,334
4759.0,19,3,5,0,27,0,334
4760.0,19,3,5,0,27,0,334
4761.0,19,3,5,0,27,0,334
4762.0,19,3,5,0,27,0,334
4763.0,19,3,5,0,27,0,334
4764.0,19,3,5,0,27,0,334
4765.0,19,3,5,0,27,0,334
4766.0,19,3,5,0,27,0,334
4767.0,19,3,5,0,27,0,334
4768.0,19,3,5,0,27,0,334
4769.0,19,3,5,0,27,0,334
4770.0,19,3,5,0,27,0,334
4771.0,19,3,5,0,27,0,334
4772.0,19,3,5,0,27,0,334
4773.0,19,3,5,0,27,0,334
4774.0,19,3,5,0,27,0,334
4775.0,19,3,5,0,27,0,334
4776.0,19,3,5,0,27,0,334
4777.0,19,3,5,0,27,0,334
4778.0,19,3,5,0,27,0,334
4779.0,19,3,5,0,27,0,334
4780.0,19,3,5,0,27,0,334
4781.0,19,3,5,0,27,0,334
4782.0,19,3,5,0,27,0,334
4783.0,19,3,5,0,27,0,334
4784.0,19,3,5,0,27,0,334
4785.0,19,3,5,0,27,0,334
4786.0,19,3,5,0,27,0,334
4787.0,19,3,5,0,27,0,334
4788.0,19,3,5,0,27,0,334
4789.0,19,3,5,0,27,0,334
4790.0,19,3,5,0,27,0,334
4791.0,19,3,5,0,27,0,334
4792.0,19,3,5,0,27,0,334
4793.0,19,3,5,0,27,0,334
4794.0,19,3,5,0,27,0,334
4795.0,19,3,5,0,27,0,334
4796.0,19,3,5,0,27,0,334
4797.0,19,3,5,0,27,0,334
4798.0,19,3,5,0,27,0,334
4799.0,19,3,5,0,27,0,334
4800.0,19,3,5,0,27,0,334
4801.0,19,3,5,0,27,0,334
4802.0,19,3,5,0,27,0,334
4803.0,19,3,5,0,27,0,334
4804.0,19,3,5,0,27,0,334
4805.0,19,3,5,0,27,0,334
4806.0,19,3,5,0,27,0,334
4807.0,19,3,5,0,27,0,334
4808.0,19,3,5,0,27,0,334
4809.0,19,3,5,0,27,0,334
4810.0,19,3,5,0,27,0,334
4811.0,19,3,5,0,27,0,334
4812.0,19,3,5,0,27,0,334
4813.0,19,3,5,0,27,0,334
4814.0,19,3,5,0,27,0,334
4815.0,19,3,5,0,27,0,334
4816.0,19,3,5,0,27,0,334
4817.0,19,3,5,0,27,0,334
4818.0,19,3,5,0,27,0,334
4819.0,19,3,5,0,27,0,334
4820.0,19,3,5,0,27,0,334
4821.0,19,3,5,0,27,0,334
4822.0,19,3,5,0,27,0,334
4823.0,19,3,5,0,27,0,334
4824.0,19,3,5,0,27,0,334
4825.0,19,3,5,0,27,0,334
4826.0,19,3,5,0,27,0,334
4827.0,19,3,5,0,27,0,334
4828.0,19,3,5,0,27,0,334
4829.0,19,3,5,0,27,0,334
4830.0,19,3,5,0,27,0,334
4831.0,19,3,5,0,27,0,334
4832.0,19,3,5,0,27,0,334
4833.0,19,3,5,0,27,0,334
4834.0,19,3,5,0,27,0,334
4835.0,19,3,5,0,27,0,334
4836.0,19,3,5,0,27,0,334
4837.0,19,3,5,0,27,0,334
4838.0,19,3,5,0,27,0,334
4839.0,19,3,5,0,27,0,334
4840.0,19,3,5,0,27,0,334
4841.0,19,3,5,0,27,0,334
4842.0,19,3,5,0,27,0,334
4843.0,19,3,5,0,27,0,334
4844.0,19,3,5,0,27,0,334
4845.0,19,3,5,0,27,0,334
4846.0,19,3,5,0,27,0,334
4847.0,19,3,5,0,27,0,334
4848.0,19,3,5,0,27,0,334
4849.0,19,3,5,0,27,0,334
4850.0,19,3,5,0,27,0,334
4851.0,19,3,5,0,27,0,334
4852.0,19,3,5,0,27,0,334
4853.0,19,3,5,0,27,0,334
4854.0,19,3,5,0,27,0,334
4855.0,19,3,5,0,27,0,334
4856.0,19,3,5,0,27,0,334
4857.0,19,3,5,0,27,0,334
4858.0,19,3,5,0,27,0,334
4859.0,19,3,5,0,27,0,334
4860.0,19,3,5,0,27,0,334
4861.0,19,3,5,0,27,0,334
4862.0,19,3,5,0,27,0,334
4863.0,19,3,5,0,27,0,334
4864.0,19,3,5,0,27,0,334
4865.0,19,3,5,0,27,0,334
4866.0,19,3,5,0,27,0,334
4867.0,19,3,5,0,27,0,334
4868.0,19,3,5,0,27,0,334
4869.0,19,3,5,0,27,0,334
4870.0,19,3,5,0,27,0,334
4871.0,19,3,5,0,27,0,334
4872.0,19,3,5,0,27,0,334
4873.0,19,3,5,0,27,0,334
4874.0,19,3,5,0,27,0,334
4875.0,19,3,5,0,27,0,334
4876.0,19,3,5,0,27,0,334
4877.0,19,3,5,0,27,0,334
4878.0,19,3,5,0,27,0,334
4879.0,19,3,5,0,27,0,334
4880.0,19,3,5,0,27,0,334
4881.0,19,3,5,0,27,0,334
4882.0,19,3,5,0,27,0,334
4883.0,19,3,5,0,27,0,334
4884.0,19,3,5,0,27,0,334
4885.0,19,3,5,0,27,0,334
4886.0,19,3,5,0,27,0,334
4887.0,19,3,5,0,27,0,334
4888.0,19,3,5,0,27,0,334
4889.0,19,3,5,0,27,0,334
4890.0,19,3,5,0,27,0,334
4891.0,19,3,5,0,27,0,334
4892.0,19,3,5,0,27,0,334
4893.0,19,3,5,0,27,0,334
4894.0,19,3,5,0,27,0,334
4895.0,19,3,5,0,27,0,334
4896.0,19,3,5,0,27,0,334
4897.0,19,3,5,0,27,0,334
4898.0,19,3,5,0,27,0,334
4899.0,19,3,5,0,27,0,334
4900.0,19,3,5,0,27,0,334
4901.0,19,3,5,0,27,0,334
4902.0,19,3,5,0,27,0,334
4903.0,19,3,5,0,27,0,334
4904.0,19,3,5,0,27,0,334
4905.0,19,3,5,0,27,0,334
4906.0,19,3,5,0,27,0,334
4907.0,19,3,5,0,27,0,334
4908.0,19,3,5,0,27,0,334
4909.0,19,3,5,0,27,0,334
4910.0,19,3,5,0,27,0,334
4911.0,19,3,5,0,27,0,334
4912.0,19,3,5,0,27,0,334
4913.0,19,3,5,0,27,0,334
4914.0,19,3,5,0,27,0,334
4915.0,19,3,5,0,27,0,334
4916.0,19,3,5,0,27,0,334
4917.0,19,3,5,0,27,0,334
4918.0,19,3,5,0,27,0,334
4919.0,19,3,5,0,27,0,334
4920.0,19,3,5,0,27,0,334
4921.0,19,3,5,0,27,0,334
4922.0,19,3,5,0,27,0,334
4923.0,19,3,5,0,27,0,334
4924.0,19,3,5,0,27,0,334
4925.0,19,3,5,0,27,0,334
4926.0,19,3,5,0,27,0,334
4927.0,19,3,5,0,27,0,334
4928.0,19,3,5,0,27,0,334
4929.0,19,3,5,0,27,0,334
4930.0,19,3,5,0,27,0,334
4931.0,19,3,5,0,27,0,334
4932.0,19,3,5,0,27,0,334
4933.0,19,3,5,0,27,0,334
4934.0,19,3,5,0,27,0,334
4935.0,19,3,5,0,27,0,334
4936.0,19,3,5,0,27,0,334
4937.0,19,3,5,0,27,0,334
4938.0,19,3,5,0,27,0,334
4939.0,19,3,5,0,27,0,334
4940.0,19,3,5,0,27,0,334
4941.0,19,3,5,0,27,0,334
4942.0,19,3,5,0,27,0,334
4943.0,19,3,5,0,27,0,334
4944.0,19,3,5,0,27,0,334
4945.0,19,3,5,0,27,0,334
4946.0,19,3,5,0,27,0,334
4947.0,19,3,5,0,27,0,334
4948.0,19,3,5,0,27,0,334
4949.0,19,3,5,0,27,0,334
4950.0,19,3,5,0,27,0,334
4951.0,19,3,5,0,27,0,334
4952.0,19,3,5,0,27,0,334
4953.0,19,3,5,0,27,0,334
4954.0,19,3,5,0,27,0,334
4955.0,19,3,5,0,27,0,334
4956.0,19,3,5,0,27,0,334
4957.0,19,3,5,0,27,0,334
4958.0,19,3,5,0,27,0,334
4959.0,19,3,5,0,27,0,334
4960.0,19,3,5,0,27,0,334
4961.0,19,3,5,0,27,0,334
4962.0,19,3,5,0,27,0,334
4963.0,19,3,5,0,27,0,334
4964.0,19,3,5,0,27,0,334
4965.0,19,3,5,0,27,0,334
4966.0,19,3,5,0,27,0,334
4967.0,19,3,5,0,27,0,334
4968.0,19,3,5,0,27,0,334
4969.0,19,3,5,0,27,0,334
4970.0,19,3,5,0,27,0,334
4971.0,19,3,5,0,27,0,334
4972.0,19,3,5,0,27,0,334
4973.0,19,3,5,0,27,0,334
4974.0,19,3,5,0,27,0,334
4975.0,19,3,5,0,27,0,334
4976.0,19,3,5,0,27,0,334
4977.0,19,3,5,0,27,0,334
4978.0,19,3,5,0,27,0,334
4979.0,19,3,5,0,27,0,334
4980.0,19,3,5,0,27,0,334
4981.0,19,3,5,0,27,0,334
4982.0,19,3,5,0,27,0,334
4983.0,19,3,5,0,27,0,334
4984.0,19,3,5,0,27,0,334
4985.0,19,3,5,0,27,0,334
4986.0,19,3,5,0,27,0,334
4987.0,19,3,5,0,27,0,334
4988.0,19,3,5,0,27,0,334
4989.0,19,3,5,0,27,0,334
4990.0,19,3,5,0,27,0,334
4991.0,19,3,5,0,27,0,334
4992.0,19,3,5,0,27,0,334
4993.0,19,3,5,0,27,0,334
4994.0,19,3,5,0,27,0,334
4995.0,19,3,5,0,27,0,334
4996.0,19,3,5,0,27,0,334
4997.0,19,3,5,0,27,0,334
4998.0,19,3,5,0,27,0,334
4999.0,19,3,5,0,27,0,334
5000.0,19,3,5,0,27,0,334
5001.0,19,3,5,0,27,0,334
5002.0,19,3,5,0,27,0,334
5003.0,19,3,5,0,27,0,334
5004.0,19,3,5,0,27,0,334
5005.0,19,3,5,0,27,0,334
5006.0,19,3,5,0,27,0,334
5007.0,19,3,5,0,27,0,334
5008.0,19,3,5,0,27,0,334
5009.0,19,3,5,0,27,0,334
5010.0,19,3,5,0,27,0,334
5011.0,19,3,5,0,27,0,334
5012.0,19,3,5,0,27,0,334
5013.0,19,3,5,0,27,0,334
5014.0,19,3,5,0,27,0,334
5015.0,19,3,5,0,27,0,334
5016.0,19,3,5,0,27,0,334
5017.0,19,3,5,0,27,0,334
5018.0,19,3,5,0,27,0,334
5019.0,19,3,5,0,27,0,334
5020.0,19,3,5,0,27,0,334
5021.0,19,3,5,0,27,0,334
5022.0,19,3,5,0,27,0,334
5023.0,19,3,5,0,27,0,334
5024.0,19,3,5,0,27,0,334
5025.0,19,3,5,0,27,0,334
5026.0,19,3,5,0,27,0,334
5027.0,19,3,5,0,27,0,334
5028.0,19,3,5,0,27,0,334
5029.0,19,3,5,0,27,0,334
5030.0,19,3,5,0,27,0,334
5031.0,19,3,5,0,27,0,334
5032.0,19,3,5,0,27,0,334
5033.0,19,3,5,0,27,0,334
5034.0,19,3,5,0,27,0,334
5035.0,19,3,5,0,27,0,334
5036.0,19,3,5,0,27,0,334
5037.0,19,3,5,0,27,0,334
5038.0,19,3,5,0,27,0,334
5039.0,19,3,5,0,27,0,334
5040.0,19,3,5,0,27,0,334
5041.0,19,3,5,0,27,0,334
5042.0,19,3,5,0,27,0,334
5043.0,19,3,5,0,27,0,334
5044.0,19,3,5,0,27,0,334
5045.0,19,3,5,0,27,0,334
5046.0,19,3,5,0,27,0,334
5047.0,19,3,5,0,27,0,334
5048.0,19,3,5,0,27,0,334
5049.0,19,3,5,0,27,0,334
5050.0,19,3,5,0,27,0,334
5051.0,19,3,5,0,27,0,334
5052.0,19,3,5,0,27,0,334
5053.0,19,3,5,0,27,0,334
5054.0,19,3,5,0,27,0,334
5055.0,19,3,5,0,27,0,334
5056.0,19,3,5,0,27,0,334
5057.0,19,3,5,0,27,0,334
5058.0,19,3,5,0,27,0,334
5059.0,19,3,5,0,27,0,334
5060.0,19,3,5,0,27,0,334
5061.0,19,3,5,0,27,0,334
5062.0,19,3,5,0,27,0,334
5063.0,19,3,5,0,27,0,334
5064.0,19,3,5,0,27,0,334
5065.0,19,3,5,0,27,0,334
5066.0,19,3,5,0,27,0,334
5067.0,19,3,5,0,27,0,334
5068.0,19,3,5,0,27,0,334
5069.0,19,3,5,0,27,0,334
5070.0,19,3,5,0,27,0,334
5071.0,19,3,5,0,27,0,334
5072.0,19,3,5,0,27,0,334
5073.0,19,3,5,0,27,0,334
5074.0,19,3,5,0,27,0,334
5075.0,19,3,5,0,27,0,334
5076.0,19,3,5,0,27,0,334
5077.0,19,3,5,0,27,0,334
5078.0,19,3,5,0,27,0,334
5079.0,19,3,5,0,27,0,334
5080.0,19,3,5,0,27,0,334
5081.0,19,3,5,0,27,0,334
5082.0,19,3,5,0,27,0,334
5083.0,19,3,5,0,27,0,334
5084.0,19,3,5,0,27,0,334
5085.0,19,3,5,0,27,0,334
5086.0,19,3,5,0,27,0,334
5087.0,19,3,5,0,27,0,334
5088.0,19,3,5,0,27,0,334
5089.0,19,3,5,0,27,0,334
5090.0,19,3,5,0,27,0,334
5091.0,19,3,5,0,27,0,334
5092.0,19,3,5,0,27,0,334
5093.0,19,3,5,0,27,0,334
5094.0,19,3,5,0,27,0,334
5095.0,19,3,5,0,27,0,334
5096.0,19,3,5,0,27,0,334
5097.0,19,3,5,0,27,0,334
5098.0,19,3,5,0,27,0,334
5099.0,19,3,5,0,27,0,334
5100.0,19,3,5,0,27,0,334
5101.0,19,3,5,0,27,0,334
5102.0,19,3,5,0,27,0,334
5103.0,19,3,5,0,27,0,334
5104.0,19,3,5,0,27,0,334
5105.0,19,3,5,0,27,0,334
5106.0,19,3,5,0,27,0,334
5107.0,19,3,5,0,27,0,334
5108.0,19,3,5,0,27,0,334
5109.0,19,3,5,0,27,0,334
5110.0,19,3,5,0,27,0,334
5111.0,19,3,5,0,27,0,334
5112.0,19,3,5,0,27,0,334
5113.0,19,3,5,0,27,0,334
5114.0,19,3,5,0,27,0,334
5115.0,19,3,5,0,27,0,334
5116.0,19,3,5,0,27,0,334
5117.0,19,3,5,0,27,0,334
5118.0,19,3,5,0,27,0,334
5119.0,19,3,5,0,27,0,334
5120.0,19,3,5,0,27,0,334
5121.0,19,3,5,0,27,0,334
5122.0,19,3,5,0,27,0,334
5123.0,19,3,5,0,27,0,334
5124.0,19,3,5,0,27,0,334
5125.0,19,3,5,0,27,0,334
5126.0,19,3,5,0,27,0,334
5127.0,19,3,5,0,27,0,334
5128.0,19,3,5,0,27,0,334
5129.0,19,3,5,0,27,0,334
5130.0,19,3,5,0,27,0,334
5131.0,19,3,5,0,27,0,334
5132.0,19,3,5,0,27,0,334
5133.0,19,3,5,0,27,0,334
5134.0,19,3,5,0,27,0,334
5135.0,19,3,5,0,27,0,334
5136.0,19,3,5,0,27,0,334
5137.0,19,3,5,0,27,0,334
5138.0,19,3,5,0,27,0,334
5139.0,19,3,5,0,27,0,334
5140.0,19,3,5,0,27,0,334
5141.0,19,3,5,0,27,0,334
5142.0,19,3,5,0,27,0,334
5143.0,19,3,5,0,27,0,334
5144.0,19,3,5,0,27,0,334
5145.0,19,3,5,0,27,0,334
5146.0,19,3,5,0,27,0,334
5147.0,19,3,5,0,27,0,334
5148.0,19,3,5,0,27,0,334
5149.0,19,3,5,0,27,0,334
5150.0,19,3,5,0,27,0,334
5151.0,19,3,5,0,27,0,334
5152.0,19,3,5,0,27,0,334
5153.0,19,3,5,0,27,0,334
5154.0,19,3,5,0,27,0,334
5155.0,19,3,5,0,27,0,334
5156.0,19,3,5,0,27,0,334
5157.0,19,3,5,0,27,0,334
5158.0,19,3,5,0,27,0,334
5159.0,19,3,5,0,27,0,334
5160.0,19,3,5,0,27,0,334
5161.0,19,3,5,0,27,0,334
5162.0,19,3,5,0,27,0,334
5163.0,19,3,5,0,27,0,334
5164.0,19,3,5,0,27,0,334
5165.0,19,3,5,0,27,0,334
5166.0,19,3,5,0,27,0,334
5167.0,19,3,5,0,27,0,334
5168.0,19,3,5,0,27,0,334
5169.0,19,3,5,0,27,0,334
5170.0,19,3,5,0,27,0,334
5171.0,19,3,5,0,27,0,334
5172.0,19,3,5,0,27,0,334
5173.0,19,3,5,0,27,0,334
5174.0,19,3,5,0,27,0,334
5175.0,19,3,5,0,27,0,334
5176.0,19,3,5,0,27,0,334
5177.0,19,3,5,0,27,0,334
5178.0,19,3,5,0,27,0,334
5179.0,19,3,5,0,27,0,334
5180.0,19,3,5,0,27,0,334
5181.0,19,3,5,0,27,0,334
5182.0,19,3,5,0,27,0,334
5183.0,19,3,5,0,27,0,334
5184.0,19,3,5,0,27,0,334
5185.0,19,3,5,0,27,0,334
5186.0,19,3,5,0,27,0,334
5187.0,19,3,5,0,27,0,334
5188.0,19,3,5,0,27,0,334
5189.0,19,3,5,0,27,0,334
5190.0,19,3,5,0,27,0,334
5191.0,19,3,5,0,27,0,334
5192.0,19,3,5,0,27,0,334
5193.0,19,3,5,0,27,0,334
5194.0,19,3,5,0,27,0,334
5195.0,19,3,5,0,27,0,334
5196.0,19,3,5,0,27,0,334
5197.0,19,3,5,0,27,0,334
5198.0,19,3,5,0,27,0,334
5199.0,19,3,5,0,27,0,334
5200.0,19,3,5,0,27,0,334
5201.0,19,3,5,0,27,0,334
5202.0,19,3,5,0,27,0,334
5203.0,19,3,5,0,27,0,334
5204.0,19,3,5,0,27,0,334
5205.0,19,3,5,0,27,0,334
5206.0,19,3,5,0,27,0,334
5207.0,19,3,5,0,27,0,334
5208.0,19,3,5,0,27,0,334
5209.0,19,3,5,0,27,0,334
5210.0,19,3,5,0,27,0,334
5211.0,19,3,5,0,27,0,334
5212.0,19,3,5,0,27,0,334
5213.0,19,3,5,0,27,0,334
5214.0,19,3,5,0,27,0,334
5215.0,19,3,5,0,27,0,334
5216.0,19,3,5,0,27,0,334
5217.0,19,3,5,0,27,0,334
5218.0,19,3,5,0,27,0,334
5219.0,19,3,5,0,27,0,334
5220.0,19,3,5,0,27,0,334
5221.0,19,3,5,0,27,0,334
5222.0,19,3,5,0,27,0,334
5223.0,19,3,5,0,27,0,334
5224.0,19,3,5,0,27,0,334
5225.0,19,3,5,0,27,0,334
5226.0,19,3,5,0,27,0,334
5227.0,19,3,5,0,27,0,334
5228.0,19,3,5,0,27,0,334
5229.0,19,3,5,0,27,0,334
5230.0,19,3,5,0,27,0,334
5231.0,19,3,5,0,27,0,334
5232.0,19,3,5,0,27,0,334
5233.0,19,3,5,0,27,0,334
5234.0,19,3,5,0,27,0,334
5235.0,19,3,5,0,27,0,334
5236.0,19,3,5,0,27,0,334
5237.0,19,3,5,0,27,0,334
5238.0,19,3,5,0,27,0,334
5239.0,19,3,5,0,27,0,334
5240.0,19,3,5,0,27,0,334
5241.0,19,3,5,0,27,0,334
5242.0,19,3,5,0,27,0,334
5243.0,19,3,5,0,27,0,334
5244.0,19,3,5,0,27,0,334
5245.0,19,3,5,0,27,0,334
5246.0,19,3,5,0,27,0,334
5247.0,19,3,5,0,27,0,334
5248.0,19,3,5,0,27,0,334
5249.0,19,3,5,0,27,0,334
5250.0,19,3,5,0,27,0,334
5251.0,19,3,5,0,27,0,334
5252.0,19,3,5,0,27,0,334
5253.0,19,3,5,0,27,0,334
5254.0,19,3,5,0,27,0,334
5255.0,19,3,5,0,27,0,334
5256.0,19,3,5,0,27,0,334
5257.0,19,3,5,0,27,0,334
5258.0,19,3,5,0,27,0,334
5259.0,19,3,5,0,27,0,334
5260.0,19,3,5,0,27,0,334
5261.0,19,3,5,0,27,0,334
5262.0,19,3,5,0,27,0,334
5263.0,19,3,5,0,27,0,334
5264.0,19,3,5,0,27,0,334
5265.0,19,3,5,0,27,0,334
5266.0,19,3,5,0,27,0,334
5267.0,19,3,5,0,27,0,334
5268.0,19,3,5,0,27,0,334
5269.0,19,3,5,0,27,0,334
5270.0,19,3,5,0,27,0,334
5271.0,19,3,5,0,27,0,334
5272.0,19,3,5,0,27,0,334
5273.0,19,3,5,0,27,0,334
5274.0,19,3,5,0,27,0,334
5275.0,19,3,5,0,27,0,334
5276.0,19,3,5,0,27,0,334
5277.0,19,3,5,0,27,0,334
5278.0,19,3,5,0,27,0,334
5279.0,19,3,5,0,27,0,334
5280.0,19,3,5,0,27,0,334
5281.0,19,3,5,0,27,0,334
5282.0,19,3,5,0,27,0,334
5283.0,19,3,5,0,27,0,334
5284.0,19,3,5,0,27,0,334
5285.0,19,3,5,0,27,0,334
5286.0,19,3,5,0,27,0,334
5287.0,19,3,5,0,27,0,334
5288.0,19,3,5,0,27,0,334
5289.0,19,3,5,0,27,0,334
5290.0,19,3,5,0,27,0,334
5291.0,19,3,5,0,27,0,334
5292.0,19,3,5,0,27,0,334
5293.0,19,3,5,0,27,0,334
5294.0,19,3,5,0,27,0,334
5295.0,19,3,5,0,27,0,334
5296.0,19,3,5,0,27,0,334
5297.0,19,3,5,0,27,0,334
5298.0,19,3,5,0,27,0,334
5299.0,19,3,5,0,27,0,334
5300.0,19,3,5,0,27,0,334
5301.0,19,3,5,0,27,0,334
5302.0,19,3,5,0,27,0,334
5303.0,19,3,5,0,27,0,334
5304.0,19,3,5,0,27,0,334
5305.0,19,3,5,0,27,0,334
5306.0,19,3,5,0,27,0,334
5307.0,19,3,5,0,27,0,334
5308.0,19,3,5,0,27,0,334
5309.0,19,3,5,0,27,0,334
5310.0,19,3,5,0,27,0,334
5311.0,19,3,5,0,27,0,334
5312.0,19,3,5,0,27,0,334
5313.0,19,3,5,0,27,0,334
5314.0,19,3,5,0,27,0,334
5315.0,19,3,5,0,27,0,334
5316.0,19,3,5,0,27,0,334
5317.0,19,3,5,0,27,0,334
5318.0,19,3,5,0,27,0,334
5319.0,19,3,5,0,27,0,334
5320.0,19,3,5,0,27,0,334
5321.0,19,3,5,0,27,0,334
5322.0,19,3,5,0,27,0,334
5323.0,19,3,5,0,27,0,334
5324.0,19,3,5,0,27,0,334
5325.0,19,3,5,0,27,0,334
5326.0,19,3,5,0,27,0,334
5327.0,19,3,5,0,27,0,334
5328.0,19,3,5,0,27,0,334
5329.0,19,3,5,0,27,0,334
5330.0,19,3,5,0,27,0,334
5331.0,19,3,5,0,27,0,334
5332.0,19,3,5,0,27,0,334
5333.0,19,3,5,0,27,0,334
5334.0,19,3,5,0,27,0,334
5335.0,19,3,5,0,27,0,334
5336.0,19,3,5,0,27,0,334
5337.0,19,3,5,0,27,0,334
5338.0,19,3,5,0,27,0,334
5339.0,19,3,5,0,27,0,334
5340.0,19,3,5,0,27,0,334
5341.0,19,3,5,0,27,0,334
5342.0,19,3,5,0,27,0,334
5343.0,19,3,5,0,27,0,334
5344.0,19,3,5,0,27,0,334
5345.0,19,3,5,0,27,0,334
5346.0,19,3,5,0,27,0,334
5347.0,19,3,5,0,27,0,334
5348.0,19,3,5,0,27,0,334
5349.0,19,3,5,0,27,0,334
5350.0,19,3,5,0,27,0,334
5351.0,19,3,5,0,27,0,334
5352.0,19,3,5,0,27,0,334
5353.0,19,3,5,0,27,0,334
5354.0,19,3,5,0,27,0,334
5355.0,19,3,5,0,27,0,334
5356.0,19,3,5,0,27,0,334
5357.0,19,3,5,0,27,0,334
5358.0,19,3,5,0,27,0,334
5359.0,19,3,5,0,27,0,334
5360.0,19,3,5,0,27,0,334
5361.0,19,3,5,0,27,0,334
5362.0,19,3,5,0,27,0,334
5363.0,19,3,5,0,27,0,334
5364.0,19,3,5,0,27,0,334
5365.0,19,3,5,0,27,0,334
5366.0,19,3,5,0,27,0,334
5367.0,19,3,5,0,27,0,334
5368.0,19,3,5,0,27,0,334
5369.0,19,3,5,0,27,0,334
5370.0,19,3,5,0,27,0,334
5371.0,19,3,5,0,27,0,334
5372.0,19,3,5,0,27,0,334
5373.0,19,3,5,0,27,0,334
5374.0,19,3,5,0,27,0,334
5375.0,19,3,5,0,27,0,334
5376.0,19,3,5,0,27,0,334
5377.0,19,3,5,0,27,0,334
5378.0,19,3,5,0,27,0,334
5379.0,19,3,5,0,27,0,334
5380.0,19,3,5,0,27,0,334
5381.0,19,3,5,0,27,0,334
5382.0,19,3,5,0,27,0,334
5383.0,19,3,5,0,27,0,334
5384.0,19,3,5,0,27,0,334
5385.0,19,3,5,0,27,0,334
5386.0,19,3,5,0,27,0,334
5387.0,19,3,5,0,27,0,334
5388.0,19,3,5,0,27,0,334
5389.0,19,3,5,0,27,0,334
5390.0,19,3,5,0,27,0,334
5391.0,19,3,5,0,27,0,334
5392.0,19,3,5,0,27,0,334
5393.0,19,3,5,0,27,0,334
5394.0,19,3,5,0,27,0,334
5395.0,19,3,5,0,27,0,334
5396.0,19,3,5,0,27,0,334
5397.0,19,3,5,0,27,0,334
5398.0,19,3,5,0,27,0,334
5399.0,19,3,5,0,27,0,334
5400.0,19,3,5,0,27,0,334
5401.0,19,3,5,0,27,0,334
5402.0,19,3,5,0,27,0,334
5403.0,19,3,5,0,27,0,334
5404.0,19,3,5,0,27,0,334
5405.0,19,3,5,0,27,0,334
5406.0,19,3,5,0,27,0,334
5407.0,19,3,5,0,27,0,334
5408.0,19,3,5,0,27,0,334
5409.0,19,3,5,0,27,0,334
5410.0,19,3,5,0,27,0,334
5411.0,19,3,5,0,27,0,334
5412.0,19,3,5,0,27,0,334
5413.0,19,3,5,0,27,0,334
5414.0,19,3,5,0,27,0,334
5415.0,19,3,5,0,27,0,334
5416.0,19,3,5,0,27,0,334
5417.0,19,3,5,0,27,0,334
5418.0,19,3,5,0,27,0,334
5419.0,19,3,5,0,27,0,334
5420.0,19,3,5,0,27,0,334
5421.0,19,3,5,0,27,0,334
5422.0,19,3,5,0,27,0,334
5423.0,19,3,5,0,27,0,334
5424.0,19,3,5,0,27,0,334
5425.0,19,3,5,0,27,0,334
5426.0,19,3,5,0,27,0,334
5427.0,19,3,5,0,27,0,334
5428.0,19,3,5,0,27,0,334
5429.0,19,3,5,0,27,0,334
5430.0,19,3,5,0,27,0,334
5431.0,19,3,5,0,27,0,334
5432.0,19,3,5,0,27,0,334
5433.0,19,3,5,0,27,0,334
5434.0,19,3,5,0,27,0,334
5435.0,19,3,5,0,27,0,334
5436.0,19,3,5,0,27,0,334
5437.0,19,3,5,0,27,0,334
5438.0,19,3,5,0,27,0,334
5439.0,19,3,5,0,27,0,334
5440.0,19,3,5,0,27,0,334
5441.0,19,3,5,0,27,0,334
5442.0,19,3,5,0,27,0,334
5443.0,19,3,5,0,27,0,334
5444.0,19,3,5,0,27,0,334
5445.0,19,3,5,0,27,0,334
5446.0,19,3,5,0,27,0,334
5447.0,19,3,5,0,27,0,334
5448.0,19,3,5,0,27,0,334
5449.0,19,3,5,0,27,0,334
5450.0,19,3,5,0,27,0,334
5451.0,19,3,5,0,27,0,334
5452.0,19,3,5,0,27,0,334
5453.0,19,3,5,0,27,0,334
5454.0,19,3,5,0,27,0,334
5455.0,19,3,5,0,27,0,334
5456.0,19,3,5,0,27,0,334
5457.0,19,3,5,0,27,0,334
5458.0,19,3,5,0,27,0,334
5459.0,19,3,5,0,27,0,334
5460.0,19,3,5,0,27,0,334
5461.0,19,3,5,0,27,0,334
5462.0,19,3,5,0,27,0,334
5463.0,19,3,5,0,27,0,334
5464.0,19,3,5,0,27,0,334
5465.0,19,3,5,0,27,0,334
5466.0,19,3,5,0,27,0,334
5467.0,19,3,5,0,27,0,334
5468.0,19,3,5,0,27,0,334
5469.0,19,3,5,0,27,0,334
5470.0,19,3,5,0,27,0,334
5471.0,19,3,5,0,27,0,334
5472.0,19,3,5,0,27,0,334
5473.0,19,3,5,0,27,0,334
5474.0,19,3,5,0,27,0,334
5475.0,19,3,5,0,27,0,334
5476.0,19,3,5,0,27,0,334
5477.0,19,3,5,0,27,0,334
5478.0,19,3,5,0,27,0,334
5479.0,19,3,5,0,27,0,334
5480.0,19,3,5,0,27,0,334
5481.0,19,3,5,0,27,0,334
5482.0,19,3,5,0,27,0,334
5483.0,19,3,5,0,27,0,334
5484.0,19,3,5,0,27,0,334
5485.0,19,3,5,0,27,0,334
5486.0,19,3,5,0,27,0,334
5487.0,19,3,5,0,27,0,334
5488.0,19,3,5,0,27,0,334
5489.0,19,3,5,0,27,0,334
5490.0,19,3,5,0,27,0,334
5491.0,19,3,5,0,27,0,334
5492.0,19,3,5,0,27,0,334
5493.0,19,3,5,0,27,0,334
5494.0,19,3,5,0,27,0,334
5495.0,19,3,5,0,27,0,334
5496.0,19,3,5,0,27,0,334
5497.0,19,3,5,0,27,0,334
5498.0,19,3,5,0,27,0,334
5499.0,19,3,5,0,27,0,334
5500.0,19,3,5,0,27,0,334
5501.0,19,3,5,0,27,0,334
5502.0,19,3,5,0,27,0,334
5503.0,19,3,5,0,27,0,334
5504.0,19,3,5,0,27,0,334
5505.0,19,3,5,0,27,0,334
5506.0,19,3,5,0,27,0,334
5507.0,19,3,5,0,27,0,334
5508.0,19,3,5,0,27,0,334
5509.0,19,3,5,0,27,0,334
5510.0,19,3,5,0,27,0,334
5511.0,19,3,5,0,27,0,334
5512.0,19,3,5,0,27,0,334
5513.0,19,3,5,0,27,0,334
5514.0,19,3,5,0,27,0,334
5515.0,19,3,5,0,27,0,334
5516.0,19,3,5,0,27,0,334
5517.0,19,3,5,0,27,0,334
5518.0,19,3,5,0,27,0,334
5519.0,19,3,5,0,27,0,334
5520.0,19,3,5,0,27,0,334
5521.0,19,3,5,0,27,0,334
5522.0,19,3,5,0,27,0,334
5523.0,19,3,5,0,27,0,334
5524.0,19,3,5,0,27,0,334
5525.0,19,3,5,0,27,0,334
5526.0,19,3,5,0,27,0,334
5527.0,19,3,5,0,27,0,334
5528.0,19,3,5,0,27,0,334
5529.0,19,3,5,0,27,0,334
5530.0,19,3,5,0,27,0,334
5531.0,19,3,5,0,27,0,334
5532.0,19,3,5,0,27,0,334
5533.0,19,3,5,0,27,0,334
5534.0,19,3,5,0,27,0,334
5535.0,19,3,5,0,27,0,334
5536.0,19,3,5,0,27,0,334
5537.0,19,3,5,0,27,0,334
5538.0,19,3,5,0,27,0,334
5539.0,19,3,5,0,27,0,334
5540.0,19,3,5,0,27,0,334
5541.0,19,3,5,0,27,0,334
5542.0,19,3,5,0,27,0,334
5543.0,19,3,5,0,27,0,334
5544.0,19,3,5,0,27,0,334
5545.0,19,3,5,0,27,0,334
5546.0,19,3,5,0,27,0,334
5547.0,19,3,5,0,27,0,334
5548.0,19,3,5,0,27,0,334
5549.0,19,3,5,0,27,0,334
5550.0,19,3,5,0,27,0,334
5551.0,19,3,5,0,27,0,334
5552.0,19,3,5,0,27,0,334
5553.0,19,3,5,0,27,0,334
5554.0,19,3,5,0,27,0,334
5555.0,19,3,5,0,27,0,334
5556.0,19,3,5,0,27,0,334
5557.0,19,3,5,0,27,0,334
5558.0,19,3,5,0,27,0,334
5559.0,19,3,5,0,27,0,334
5560.0,19,3,5,0,27,0,334
5561.0,19,3,5,0,27,0,334
5562.0,19,3,5,0,27,0,334
5563.0,19,3,5,0,27,0,334
5564.0,19,3,5,0,27,0,334
5565.0,19,3,5,0,27,0,334
5566.0,19,3,5,0,27,0,334
5567.0,19,3,5,0,27,0,334
5568.0,19,3,5,0,27,0,334
5569.0,19,3,5,0,27,0,334
5570.0,19,3,5,0,27,0,334
5571.0,19,3,5,0,27,0,334
5572.0,19,3,5,0,27,0,334
5573.0,19,3,5,0,27,0,334
5574.0,19,3,5,0,27,0,334
5575.0,19,3,5,0,27,0,334
5576.0,19,3,5,0,27,0,334
5577.0,19,3,5,0,27,0,334
5578.0,19,3,5,0,27,0,334
5579.0,19,3,5,0,27,0,334
5580.0,19,3,5,0,27,0,334
5581.0,19,3,5,0,27,0,334
5582.0,19,3,5,0,27,0,334
5583.0,19,3,5,0,27,0,334
5584.0,19,3,5,0,27,0,334
5585.0,19,3,5,0,27,0,334
5586.0,19,3,5,0,27,0,334
5587.0,19,3,5,0,27,0,334
5588.0,19,3,5,0,27,0,334
5589.0,19,3,5,0,27,0,334
5590.0,19,3,5,0,27,0,334
5591.0,19,3,5,0,27,0,334
5592.0,19,3,5,0,27,0,334
5593.0,19,3,5,0,27,0,334
5594.0,19,3,5,0,27,0,334
5595.0,19,3,5,0,27,0,334
5596.0,19,3,5,0,27,0,334
5597.0,19,3,5,0,27,0,334
5598.0,19,3,5,0,27,0,334
5599.0,19,3,5,0,27,0,334
5600.0,19,3,5,0,27,0,334
5601.0,19,3,5,0,27,0,334
5602.0,19,3,5,0,27,0,334
5603.0,19,3,5,0,27,0,334
5604.0,19,3,5,0,27,0,334
5605.0,19,3,5,0,27,0,334
5606.0,19,3,5,0,27,0,334
5607.0,19,3,5,0,27,0,334
5608.0,19,3,5,0,27,0,334
5609.0,19,3,5,0,27,0,334
5610.0,19,3,5,0,27,0,334
5611.0,19,3,5,0,27,0,334
5612.0,19,3,5,0,27,0,334
5613.0,19,3,5,0,27,0,334
5614.0,19,3,5,0,27,0,334
5615.0,19,3,5,0,27,0,334
5616.0,19,3,5,0,27,0,334
5617.0,19,3,5,0,27,0,334
5618.0,19,3,5,0,27,0,334
5619.0,19,3,5,0,27,0,334
5620.0,19,3,5,0,27,0,334
5621.0,19,3,5,0,27,0,334
5622.0,19,3,5,0,27,0,334
5623.0,19,3,5,0,27,0,334
5624.0,19,3,5,0,27,0,334
5625.0,19,3,5,0,27,0,334
5626.0,19,3,5,0,27,0,334
5627.0,19,3,5,0,27,0,334
5628.0,19,3,5,0,27,0,334
5629.0,19,3,5,0,27,0,334
5630.0,19,3,5,0,27,0,334
5631.0,19,3,5,0,27,0,334
5632.0,19,3,5,0,27,0,334
5633.0,19,3,5,0,27,0,334
5634.0,19,3,5,0,27,0,334
5635.0,19,3,5,0,27,0,334
5636.0,19,3,5,0,27,0,334
5637.0,19,3,5,0,27,0,334
5638.0,19,3,5,0,27,0,334
5639.0,19,3,5,0,27,0,334
5640.0,19,3,5,0,27,0,334
5641.0,19,3,5,0,27,0,334
5642.0,19,3,5,0,27,0,334
5643.0,19,3,5,0,27,0,334
5644.0,19,3,5,0,27,0,334
5645.0,19,3,5,0,27,0,334
5646.0,19,3,5,0,27,0,334
5647.0,19,3,5,0,27,0,334
5648.0,19,3,5,0,27,0,334
5649.0,19,3,5,0,27,0,334
5650.0,19,3,5,0,27,0,334
5651.0,19,3,5,0,27,0,334
5652.0,19,3,5,0,27,0,334
5653.0,19,3,5,0,27,0,334
5654.0,19,3,5,0,27,0,334
5655.0,19,3,5,0,27,0,334
5656.0,19,3,5,0,27,0,334
5657.0,19,3,5,0,27,0,334
5658.0,19,3,5,0,27,0,334
5659.0,19,3,5,0,27,0,334
5660.0,19,3,5,0,27,0,334
5661.0,19,3,5,0,27,0,334
5662.0,19,3,5,0,27,0,334
5663.0,19,3,5,0,27,0,334
5664.0,19,3,5,0,27,0,334
5665.0,19,3,5,0,27,0,334
5666.0,19,3,5,0,27,0,334
5667.0,19,3,5,0,27,0,334
5668.0,19,3,5,0,27,0,334
5669.0,19,3,5,0,27,0,334
5670.0,19,3,5,0,27,0,334
5671.0,19,3,5,0,27,0,334
5672.0,19,3,5,0,27,0,334
5673.0,19,3,5,0,27,0,334
5674.0,19,3,5,0,27,0,334
5675.0,19,3,5,0,27,0,334
5676.0,19,3,5,0,27,0,334
5677.0,19,3,5,0,27,0,334
5678.0,19,3,5,0,27,0,334
5679.0,19,3,5,0,27,0,334
5680.0,19,3,5,0,27,0,334
5681.0,19,3,5,0,27,0,334
5682.0,19,3,5,0,27,0,334
5683.0,19,3,5,0,27,0,334
5684.0,19,3,5,0,27,0,334
5685.0,19,3,5,0,27,0,334
5686.0,19,3,5,0,27,0,334
5687.0,19,3,5,0,27,0,334
5688.0,19,3,5,0,27,0,334
5689.0,19,3,5,0,27,0,334
5690.0,19,3,5,0,27,0,334
5691.0,19,3,5,0,27,0,334
5692.0,19,3,5,0,27,0,334
5693.0,19,3,5,0,27,0,334
5694.0,19,3,5,0,27,0,334
5695.0,19,3,5,0,27,0,334
5696.0,19,3,5,0,27,0,334
5697.0,19,3,5,0,27,0,334
5698.0,19,3,5,0,27,0,334
5699.0,19,3,5,0,27,0,334
5700.0,19,3,5,0,27,0,334
5701.0,19,3,5,0,27,0,334
5702.0,19,3,5,0,27,0,334
5703.0,19,3,5,0,27,0,334
5704.0,19,3,5,0,27,0,334
5705.0,19,3,5,0,27,0,334
5706.0,19,3,5,0,27,0,334
5707.0,19,3,5,0,27,0,334
5708.0,19,3,5,0,27,0,334
5709.0,19,3,5,0,27,0,334
5710.0,19,3,5,0,27,0,334
5711.0,19,3,5,0,27,0,334
5712.0,19,3,5,0,27,0,334
5713.0,19,3,5,0,27,0,334
5714.0,19,3,5,0,27,0,334
5715.0,19,3,5,0,27,0,334
5716.0,19,3,5,0,27,0,334
5717.0,19,3,5,0,27,0,334
5718.0,19,3,5,0,27,0,334
5719.0,19,3,5,0,27,0,334
5720.0,19,3,5,0,27,0,334
5721.0,19,3,5,0,27,0,334
5722.0,19,3,5,0,27,0,334
5723.0,19,3,5,0,27,0,334
5724.0,19,3,5,0,27,0,334
5725.0,19,3,5,0,27,0,334
5726.0,19,3,5,0,27,0,334
5727.0,19,3,5,0,27,0,334
5728.0,19,3,5,0,27,0,334
5729.0,19,3,5,0,27,0,334
5730.0,19,3,5,0,27,0,334
5731.0,19,3,5,0,27,0,334
5732.0,19,3,5,0,27,0,334
5733.0,19,3,5,0,27,0,334
5734.0,19,3,5,0,27,0,334
5735.0,19,3,5,0,27,0,334
5736.0,19,3,5,0,27,0,334
5737.0,19,3,5,0,27,0,334
5738.0,19,3,5,0,27,0,334
5739.0,19,3,5,0,27,0,334
5740.0,19,3,5,0,27,0,334
5741.0,19,3,5,0,27,0,334
5742.0,19,3,5,0,27,0,334
5743.0,19,3,5,0,27,0,334
5744.0,19,3,5,0,27,0,334
5745.0,19,3,5,0,27,0,334
5746.0,19,3,5,0,27,0,334
5747.0,19,3,5,0,27,0,334
5748.0,19,3,5,0,27,0,334
5749.0,19,3,5,0,27,0,334
5750.0,19,3,5,0,27,0,334
5751.0,19,3,5,0,27,0,334
5752.0,19,3,5,0,27,0,334
5753.0,19,3,5,0,27,0,334
5754.0,19,3,5,0,27,0,334
5755.0,19,3,5,0,27,0,334
5756.0,19,3,5,0,27,0,334
5757.0,19,3,5,0,27,0,334
5758.0,19,3,5,0,27,0,334
5759.0,19,3,5,0,27,0,334
5760.0,19,3,5,0,27,0,334
5761.0,19,3,5,0,27,0,334
5762.0,19,3,5,0,27,0,334
5763.0,19,3,5,0,27,0,334
5764.0,19,3,5,0,27,0,334
5765.0,19,3,5,0,27,0,334
5766.0,19,3,5,0,27,0,334
5767.0,19,3,5,0,27,0,334
5768.0,19,3,5,0,27,0,334
5769.0,19,3,5,0,27,0,334
5770.0,19,3,5,0,27,0,334
5771.0,19,3,5,0,27,0,334
5772.0,19,3,5,0,27,0,334
5773.0,19,3,5,0,27,0,334
5774.0,19,3,5,0,27,0,334
5775.0,19,3,5,0,27,0,334
5776.0,19,3,5,0,27,0,334
5777.0,19,3,5,0,27,0,334
5778.0,19,3,5,0,27,0,334
5779.0,19,3,5,0,27,0,334
5780.0,19,3,5,0,27,0,334
5781.0,19,3,5,0,27,0,334
5782.0,19,3,5,0,27,0,334
5783.0,19,3,5,0,27,0,334
5784.0,19,3,5,0,27,0,334
5785.0,19,3,5,0,27,0,334
5786.0,19,3,5,0,27,0,334
5787.0,19,3,5,0,27,0,334
5788.0,19,3,5,0,27,0,334
5789.0,19,3,5,0,27,0,334
5790.0,19,3,5,0,27,0,334
5791.0,19,3,5,0,27,0,334
5792.0,19,3,5,0,27,0,334
5793.0,19,3,5,0,27,0,334
5794.0,19,3,5,0,27,0,334
5795.0,19,3,5,0,27,0,334
5796.0,19,3,5,0,27,0,334
5797.0,19,3,5,0,27,0,334
5798.0,19,3,5,0,27,0,334
5799.0,19,3,5,0,27,0,334
5800.0,19,3,5,0,27,0,334
5801.0,19,3,5,0,27,0,334
5802.0,19,3,5,0,27,0,334
5803.0,19,3,5,0,27,0,334
5804.0,19,3,5,0,27,0,334
5805.0,19,3,5,0,27,0,334
5806.0,19,3,5,0,27,0,334
5807.0,19,3,5,0,27,0,334
5808.0,19,3,5,0,27,0,334
5809.0,19,3,5,0,27,0,334
5810.0,19,3,5,0,27,0,334
5811.0,19,3,5,0,27,0,334
5812.0,19,3,5,0,27,0,334
5813.0,19,3,5,0,27,0,334
5814.0,19,3,5,0,27,0,334
5815.0,19,3,5,0,27,0,334
5816.0,19,3,5,0,27,0,334
5817.0,19,3,5,0,27,0,334
5818.0,19,3,5,0,27,0,334
5819.0,19,3,5,0,27,0,334
5820.0,19,3,5,0,27,0,334
5821.0,19,3,5,0,27,0,334
5822.0,19,3,5,0,27,0,334
5823.0,19,3,5,0,27,0,334
5824.0,19,3,5,0,27,0,334
5825.0,19,3,5,0,27,0,334
5826.0,19,3,5,0,27,0,334
5827.0,19,3,5,0,27,0,334
5828.0,19,3,5,0,27,0,334
5829.0,19,3,5,0,27,0,334
5830.0,19,3,5,0,27,0,334
5831.0,19,3,5,0,27,0,334
5832.0,19,3,5,0,27,0,334
5833.0,19,3,5,0,27,0,334
5834.0,19,3,5,0,27,0,334
5835.0,19,3,5,0,27,0,334
5836.0,19,3,5,0,27,0,334
5837.0,19,3,5,0,27,0,334
5838.0,19,3,5,0,27,0,334
5839.0,19,3,5,0,27,0,334
5840.0,19,3,5,0,27,0,334
5841.0,19,3,5,0,27,0,334
5842.0,19,3,5,0,27,0,334
5843.0,19,3,5,0,27,0,334
5844.0,19,3,5,0,27,0,334
5845.0,19,3,5,0,27,0,334
5846.0,19,3,5,0,27,0,334
5847.0,19,3,5,0,27,0,334
5848.0,19,3,5,0,27,0,334
5849.0,19,3,5,0,27,0,334
5850.0,19,3,5,0,27,0,334
5851.0,19,3,5,0,27,0,334
5852.0,19,3,5,0,27,0,334
5853.0,19,3,5,0,27,0,334
5854.0,19,3,5,0,27,0,334
5855.0,19,3,5,0,27,0,334
5856.0,19,3,5,0,27,0,334
5857.0,19,3,5,0,27,0,334
5858.0,19,3,5,0,27,0,334
5859.0,19,3,5,0,27,0,334
5860.0,19,3,5,0,27,0,334
5861.0,19,3,5,0,27,0,334
5862.0,19,3,5,0,27,0,334
5863.0,19,3,5,0,27,0,334
5864.0,19,3,5,0,27,0,334
5865.0,19,3,5,0,27,0,334
5866.0,19,3,5,0,27,0,334
5867.0,19,3,5,0,27,0,334
5868.0,19,3,5,0,27,0,334
5869.0,19,3,5,0,27,0,334
5870.0,19,3,5,0,27,0,334
5871.0,19,3,5,0,27,0,334
5872.0,19,3,5,0,27,0,334
5873.0,19,3,5,0,27,0,334
5874.0,19,3,5,0,27,0,334
5875.0,19,3,5,0,27,0,334
5876.0,19,3,5,0,27,0,334
5877.0,19,3,5,0,27,0,334
5878.0,19,3,5,0,27,0,334
5879.0,19,3,5,0,27,0,334
5880.0,19,3,5,0,27,0,334
5881.0,19,3,5,0,27,0,334
5882.0,19,3,5,0,27,0,334
5883.0,19,3,5,0,27,0,334
5884.0,19,3,5,0,27,0,334
5885.0,19,3,5,0,27,0,334
5886.0,19,3,5,0,27,0,334
5887.0,19,3,5,0,27,0,334
5888.0,19,3,5,0,27,0,334
5889.0,19,3,5,0,27,0,334
5890.0,19,3,5,0,27,0,334
5891.0,19,3,5,0,27,0,334
5892.0,19,3,5,0,27,0,334
5893.0,19,3,5,0,27,0,334
5894.0,19,3,5,0,27,0,334
5895.0,19,3,5,0,27,0,334
5896.0,19,3,5,0,27,0,334
5897.0,19,3,5,0,27,0,334
5898.0,19,3,5,0,27,0,334
5899.0,19,3,5,0,27,0,334
5900.0,19,3,5,0,27,0,334
5901.0,19,3,5,0,27,0,334
5902.0,19,3,5,0,27,0,334
5903.0,19,3,5,0,27,0,334
5904.0,19,3,5,0,27,0,334
5905.0,19,3,5,0,27,0,334
5906.0,19,3,5,0,27,0,334
5907.0,19,3,5,0,27,0,334
5908.0,19,3,5,0,27,0,334
5909.0,19,3,5,0,27,0,334
5910.0,19,3,5,0,27,0,334
5911.0,19,3,5,0,27,0,334
5912.0,19,3,5,0,27,0,334
5913.0,19,3,5,0,27,0,334
5914.0,19,3,5,0,27,0,334
5915.0,19,3,5,0,27,0,334
5916.0,19,3,5,0,27,0,334
5917.0,19,3,5,0,27,0,334
5918.0,19,3,5,0,27,0,334
5919.0,19,3,5,0,27,0,334
5920.0,19,3,5,0,27,0,334
5921.0,19,3,5,0,27,0,334
5922.0,19,3,5,0,27,0,334
5923.0,19,3,5,0,27,0,334
5924.0,19,3,5,0,27,0,334
5925.0,19,3,5,0,27,0,334
5926.0,19,3,5,0,27,0,334
5927.0,19,3,5,0,27,0,334
5928.0,19,3,5,0,27,0,334
5929.0,19,3,5,0,27,0,334
5930.0,19,3,5,0,27,0,334
5931.0,19,3,5,0,27,0,334
5932.0,19,3,5,0,27,0,334
5933.0,19,3,5,0,27,0,334
5934.0,19,3,5,0,27,0,334
5935.0,19,3,5,0,27,0,334
5936.0,19,3,5,0,27,0,334
5937.0,19,3,5,0,27,0,334
5938.0,19,3,5,0,27,0,334
5939.0,19,3,5,0,27,0,334
5940.0,19,3,5,0,27,0,334
5941.0,19,3,5,0,27,0,334
5942.0,19,3,5,0,27,0,334
5943.0,19,3,5,0,27,0,334
5944.0,19,3,5,0,27,0,334
5945.0,19,3,5,0,27,0,334
5946.0,19,3,5,0,27,0,334
5947.0,19,3,5,0,27,0,334
5948.0,19,3,5,0,27,0,334
5949.0,19,3,5,0,27,0,334
5950.0,19,3,5,0,27,0,334
5951.0,19,3,5,0,27,0,334
5952.0,19,3,5,0,27,0,334
5953.0,19,3,5,0,27,0,334
5954.0,19,3,5,0,27,0,334
5955.0,19,3,5,0,27,0,334
5956.0,19,3,5,0,27,0,334
5957.0,19,3,5,0,27,0,334
5958.0,19,3,5,0,27,0,334
5959.0,19,3,5,0,27,0,334
5960.0,19,3,5,0,27,0,334
5961.0,19,3,5,0,27,0,334
5962.0,19,3,5,0,27,0,334
5963.0,19,3,5,0,27,0,334
5964.0,19,3,5,0,27,0,334
5965.0,19,3,5,0,27,0,334
5966.0,19,3,5,0,27,0,334
5967.0,19,3,5,0,27,0,334
5968.0,19,3,5,0,27,0,334
5969.0,19,3,5,0,27,0,334
5970.0,19,3,5,0,27,0,334
5971.0,19,3,5,0,27,0,334
5972.0,19,3,5,0,27,0,334
5973.0,19,3,5,0,27,0,334
5974.0,19,3,5,0,27,0,334
5975.0,19,3,5,0,27,0,334
5976.0,19,3,5,0,27,0,334
5977.0,19,3,5,0,27,0,334
5978.0,19,3,5,0,27,0,334
5979.0,19,3,5,0,27,0,334
5980.0,19,3,5,0,27,0,334
5981.0,19,3,5,0,27,0,334
5982.0,19,3,5,0,27,0,334
5983.0,19,3,5,0,27,0,334
5984.0,19,3,5,0,27,0,334
5985.0,19,3,5,0,27,0,334
5986.0,19,3,5,0,27,0,334
5987.0,19,3,5,0,27,0,334
5988.0,19,3,5,0,27,0,334
5989.0,19,3,5,0,27,0,334
5990.0,19,3,5,0,27,0,334
5991.0,19,3,5,0,27,0,334
5992.0,19,3,5,0,27,0,334
5993.0,19,3,5,0,27,0,334
5994.0,19,3,5,0,27,0,334
5995.0,19,3,5,0,27,0,334
5996.0,19,3,5,0,27,0,334
5997.0,19,3,5,0,27,0,334
5998.0,19,3,5,0,27,0,334
5999.0,19,3,5,0,27,0,334
6000.0,19,3,5,0,27,0,334
6001.0,19,3,5,0,27,0,334
6002.0,19,3,5,0,27,0,334
6003.0,19,3,5,0,27,0,334
6004.0,19,3,5,0,27,0,334
6005.0,19,3,5,0,27,0,334
6006.0,19,3,5,0,27,0,334
6007.0,19,3,5,0,27,0,334
6008.0,19,3,5,0,27,0,334
6009.0,19,3,5,0,27,0,334
6010.0,19,3,5,0,27,0,334
6011.0,19,3,5,0,27,0,334
6012.0,19,3,5,0,27,0,334
6013.0,19,3,5,0,27,0,334
6014.0,19,3,5,0,27,0,334
6015.0,19,3,5,0,27,0,334
6016.0,19,3,5,0,27,0,334
6017.0,19,3,5,0,27,0,334
6018.0,19,3,5,0,27,0,334
6019.0,19,3,5,0,27,0,334
6020.0,19,3,5,0,27,0,334
6021.0,19,3,5,0,27,0,334
6022.0,19,3,5,0,27,0,334
6023.0,19,3,5,0,27,0,334
6024.0,19,3,5,0,27,0,334
6025.0,19,3,5,0,27,0,334
6026.0,19,3,5,0,27,0,334
6027.0,19,3,5,0,27,0,334
6028.0,19,3,5,0,27,0,334
6029.0,19,3,5,0,27,0,334
6030.0,19,3,5,0,27,0,334
6031.0,19,3,5,0,27,0,334
6032.0,19,3,5,0,27,0,334
6033.0,19,3,5,0,27,0,334
6034.0,19,3,5,0,27,0,334
6035.0,19,3,5,0,27,0,334
6036.0,19,3,5,0,27,0,334
6037.0,19,3,5,0,27,0,334
6038.0,19,3,5,0,27,0,334
6039.0,19,3,5,0,27,0,334
6040.0,19,3,5,0,27,0,334
6041.0,19,3,5,0,27,0,334
6042.0,19,3,5,0,27,0,334
6043.0,19,3,5,0,27,0,334
6044.0,19,3,5,0,27,0,334
6045.0,19,3,5,0,27,0,334
6046.0,19,3,5,0,27,0,334
6047.0,19,3,5,0,27,0,334
6048.0,19,3,5,0,27,0,334
6049.0,19,3,5,0,27,0,334
6050.0,19,3,5,0,27,0,334
6051.0,19,3,5,0,27,0,334
6052.0,19,3,5,0,27,0,334
6053.0,19,3,5,0,27,0,334
6054.0,19,3,5,0,27,0,334
6055.0,19,3,5,0,27,0,334
6056.0,19,3,5,0,27,0,334
6057.0,19,3,5,0,27,0,334
6058.0,19,3,5,0,27,0,334
6059.0,19,3,5,0,27,0,334
6060.0,19,3,5,0,27,0,334
6061.0,19,3,5,0,27,0,334
6062.0,19,3,5,0,27,0,334
6063.0,19,3,5,0,27,0,334
6064.0,19,3,5,0,27,0,334
6065.0,19,3,5,0,27,0,334
6066.0,19,3,5,0,27,0,334
6067.0,19,3,5,0,27,0,334
6068.0,19,3,5,0,27,0,334
6069.0,19,3,5,0,27,0,334
6070.0,19,3,5,0,27,0,334
6071.0,19,3,5,0,27,0,334
6072.0,19,3,5,0,27,0,334
6073.0,19,3,5,0,27,0,334
6074.0,19,3,5,0,27,0,334
6075.0,19,3,5,0,27,0,334
6076.0,19,3,5,0,27,0,334
6077.0,19,3,5,0,27,0,334
6078.0,19,3,5,0,27,0,334
6079.0,19,3,5,0,27,0,334
6080.0,19,3,5,0,27,0,334
6081.0,19,3,5,0,27,0,334
6082.0,19,3,5,0,27,0,334
6083.0,19,3,5,0,27,0,334
6084.0,19,3,5,0,27,0,334
6085.0,19,3,5,0,27,0,334
6086.0,19,3,5,0,27,0,334
6087.0,19,3,5,0,27,0,334
6088.0,19,3,5,0,27,0,334
6089.0,19,3,5,0,27,0,334
6090.0,19,3,5,0,27,0,334
6091.0,19,3,5,0,27,0,334
6092.0,19,3,5,0,27,0,334
6093.0,19,3,5,0,27,0,334
6094.0,19,3,5,0,27,0,334
6095.0,19,3,5,0,27,0,334
6096.0,19,3,5,0,27,0,334
6097.0,19,3,5,0,27,0,334
6098.0,19,3,5,0,27,0,334
6099.0,19,3,5,0,27,0,334
6100.0,19,3,5,0,27,0,334
6101.0,19,3,5,0,27,0,334
6102.0,19,3,5,0,27,0,334
6103.0,19,3,5,0,27,0,334
6104.0,19,3,5,0,27,0,334
6105.0,19,3,5,0,27,0,334
6106.0,19,3,5,0,27,0,334
6107.0,19,3,5,0,27,0,334
6108.0,19,3,5,0,27,0,334
6109.0,19,3,5,0,27,0,334
6110.0,19,3,5,0,27,0,334
6111.0,19,3,5,0,27,0,334
6112.0,19,3,5,0,27,0,334
6113.0,19,3,5,0,27,0,334
6114.0,19,3,5,0,27,0,334
6115.0,19,3,5,0,27,0,334
6116.0,19,3,5,0,27,0,334
6117.0,19,3,5,0,27,0,334
6118.0,19,3,5,0,27,0,334
6119.0,19,3,5,0,27,0,334
6120.0,19,3,5,0,27,0,334
6121.0,19,3,5,0,27,0,334
6122.0,19,3,5,0,27,0,334
6123.0,19,3,5,0,27,0,334
6124.0,19,3,5,0,27,0,334
6125.0,19,3,5,0,27,0,334
6126.0,19,3,5,0,27,0,334
6127.0,19,3,5,0,27,0,334
6128.0,19,3,5,0,27,0,334
6129.0,19,3,5,0,27,0,334
6130.0,19,3,5,0,27,0,334
6131.0,19,3,5,0,27,0,334
6132.0,19,3,5,0,27,0,334
6133.0,19,3,5,0,27,0,334
6134.0,19,3,5,0,27,0,334
6135.0,19,3,5,0,27,0,334
6136.0,19,3,5,0,27,0,334
6137.0,19,3,5,0,27,0,334
6138.0,19,3,5,0,27,0,334
6139.0,19,3,5,0,27,0,334
6140.0,19,3,5,0,27,0,334
6141.0,19,3,5,0,27,0,334
6142.0,19,3,5,0,27,0,334
6143.0,19,3,5,0,27,0,334
6144.0,19,3,5,0,27,0,334
6145.0,19,3,5,0,27,0,334
6146.0,19,3,5,0,27,0,334
6147.0,19,3,5,0,27,0,334
6148.0,19,3,5,0,27,0,334
6149.0,19,3,5,0,27,0,334
6150.0,19,3,5,0,27,0,334
6151.0,19,3,5,0,27,0,334
6152.0,19,3,5,0,27,0,334
6153.0,19,3,5,0,27,0,334
6154.0,19,3,5,0,27,0,334
6155.0,19,3,5,0,27,0,334
6156.0,19,3,5,0,27,0,334
6157.0,19,3,5,0,27,0,334
6158.0,19,3,5,0,27,0,334
6159.0,19,3,5,0,27,0,334
6160.0,19,3,5,0,27,0,334
6161.0,19,3,5,0,27,0,334
6162.0,19,3,5,0,27,0,334
6163.0,19,3,5,0,27,0,334
6164.0,19,3,5,0,27,0,334
6165.0,19,3,5,0,27,0,334
6166.0,19,3,5,0,27,0,334
6167.0,19,3,5,0,27,0,334
6168.0,19,3,5,0,27,0,334
6169.0,19,3,5,0,27,0,334
6170.0,19,3,5,0,27,0,334
6171.0,19,3,5,0,27,0,334
6172.0,19,3,5,0,27,0,334
6173.0,19,3,5,0,27,0,334
6174.0,19,3,5,0,27,0,334
6175.0,19,3,5,0,27,0,334
6176.0,19,3,5,0,27,0,334
6177.0,19,3,5,0,27,0,334
6178.0,19,3,5,0,27,0,334
6179.0,19,3,5,0,27,0,334
6180.0,19,3,5,0,27,0,334
6181.0,19,3,5,0,27,0,334
6182.0,19,3,5,0,27,0,334
6183.0,19,3,5,0,27,0,334
6184.0,19,3,5,0,27,0,334
6185.0,19,3,5,0,27,0,334
6186.0,19,3,5,0,27,0,334
6187.0,19,3,5,0,27,0,334
6188.0,19,3,5,0,27,0,334
6189.0,19,3,5,0,27,0,334
6190.0,19,3,5,0,27,0,334
6191.0,19,3,5,0,27,0,334
6192.0,19,3,5,0,27,0,334
6193.0,19,3,5,0,27,0,334
6194.0,19,3,5,0,27,0,334
6195.0,19,3,5,0,27,0,334
6196.0,19,3,5,0,27,0,334
6197.0,19,3,5,0,27,0,334
6198.0,19,3,5,0,27,0,334
6199.0,19,3,5,0,27,0,334
6200.0,19,3,5,0,27,0,334
6201.0,19,3,5,0,27,0,334
6202.0,19,3,5,0,27,0,334
6203.0,19,3,5,0,27,0,334
6204.0,19,3,5,0,27,0,334
6205.0,19,3,5,0,27,0,334
6206.0,19,3,5,0,27,0,334
6207.0,19,3,5,0,27,0,334
6208.0,19,3,5,0,27,0,334
6209.0,19,3,5,0,27,0,334
6210.0,19,3,5,0,27,0,334
6211.0,19,3,5,0,27,0,334
6212.0,19,3,5,0,27,0,334
6213.0,19,3,5,0,27,0,334
6214.0,19,3,5,0,27,0,334
6215.0,19,3,5,0,27,0,334
6216.0,19,3,5,0,27,0,334
6217.0,19,3,5,0,27,0,334
6218.0,19,3,5,0,27,0,334
6219.0,19,3,5,0,27,0,334
6220.0,19,3,5,0,27,0,334
6221.0,19,3,5,0,27,0,334
6222.0,19,3,5,0,27,0,334
6223.0,19,3,5,0,27,0,334
6224.0,19,3,5,0,27,0,334
6225.0,19,3,5,0,27,0,334
6226.0,19,3,5,0,27,0,334
6227.0,19,3,5,0,27,0,334
6228.0,19,3,5,0,27,0,334
6229.0,19,3,5,0,27,0,334
6230.0,19,3,5,0,27,0,334
6231.0,19,3,5,0,27,0,334
6232.0,19,3,5,0,27,0,334
6233.0,19,3,5,0,27,0,334
6234.0,19,3,5,0,27,0,334
6235.0,19,3,5,0,27,0,334
6236.0,19,3,5,0,27,0,334
6237.0,19,3,5,0,27,0,334
6238.0,19,3,5,0,27,0,334
6239.0,19,3,5,0,27,0,334
6240.0,19,3,5,0,27,0,334
6241.0,19,3,5,0,27,0,334
6242.0,19,3,5,0,27,0,334
6243.0,19,3,5,0,27,0,334
6244.0,19,3,5,0,27,0,334
6245.0,19,3,5,0,27,0,334
6246.0,19,3,5,0,27,0,334
6247.0,19,3,5,0,27,0,334
6248.0,19,3,5,0,27,0,334
6249.0,19,3,5,0,27,0,334
6250.0,19,3,5,0,27,0,334
6251.0,19,3,5,0,27,0,334
6252.0,19,3,5,0,27,0,334
6253.0,19,3,5,0,27,0,334
6254.0,19,3,5,0,27,0,334
6255.0,19,3,5,0,27,0,334
6256.0,19,3,5,0,27,0,334
6257.0,19,3,5,0,27,0,334
6258.0,19,3,5,0,27,0,334
6259.0,19,3,5,0,27,0,334
6260.0,19,3,5,0,27,0,334
6261.0,19,3,5,0,27,0,334
6262.0,19,3,5,0,27,0,334
6263.0,19,3,5,0,27,0,334
6264.0,19,3,5,0,27,0,334
6265.0,19,3,5,0,27,0,334
6266.0,19,3,5,0,27,0,334
6267.0,19,3,5,0,27,0,334
6268.0,19,3,5,0,27,0,334
6269.0,19,3,5,0,27,0,334
6270.0,19,3,5,0,27,0,334
6271.0,19,3,5,0,27,0,334
6272.0,19,3,5,0,27,0,334
6273.0,19,3,5,0,27,0,334
6274.0,19,3,5,0,27,0,334
6275.0,19,3,5,0,27,0,334
6276.0,19,3,5,0,27,0,334
6277.0,19,3,5,0,27,0,334
6278.0,19,3,5,0,27,0,334
6279.0,19,3,5,0,27,0,334
6280.0,19,3,5,0,27,0,334
6281.0,19,3,5,0,27,0,334
6282.0,19,3,5,0,27,0,334
6283.0,19,3,5,0,27,0,334
6284.0,19,3,5,0,27,0,334
6285.0,19,3,5,0,27,0,334
6286.0,19,3,5,0,27,0,334
6287.0,19,3,5,0,27,0,334
6288.0,19,3,5,0,27,0,334
6289.0,19,3,5,0,27,0,334
6290.0,19,3,5,0,27,0,334
6291.0,19,3,5,0,27,0,334
6292.0,19,3,5,0,27,0,334
6293.0,19,3,5,0,27,0,334
6294.0,19,3,5,0,27,0,334
6295.0,19,3,5,0,27,0,334
6296.0,19,3,5,0,27,0,334
6297.0,19,3,5,0,27,0,334
6298.0,19,3,5,0,27,0,334
6299.0,19,3,5,0,27,0,334
6300.0,19,3,5,0,27,0,334
6301.0,19,3,5,0,27,0,334
6302.0,19,3,5,0,27,0,334
6303.0,19,3,5,0,27,0,334
6304.0,19,3,5,0,27,0,334
6305.0,19,3,5,0,27,0,334
6306.0,19,3,5,0,27,0,334
6307.0,19,3,5,0,27,0,334
6308.0,19,3,5,0,27,0,334
6309.0,19,3,5,0,27,0,334
6310.0,19,3,5,0,27,0,334
6311.0,19,3,5,0,27,0,334
6312.0,19,3,5,0,27,0,334
6313.0,19,3,5,0,27,0,334
6314.0,19,3,5,0,27,0,334
6315.0,19,3,5,0,27,0,334
6316.0,19,3,5,0,27,0,334
6317.0,19,3,5,0,27,0,334
6318.0,19,3,5,0,27,0,334
6319.0,19,3,5,0,27,0,334
6320.0,19,3,5,0,27,0,334
6321.0,19,3,5,0,27,0,334
6322.0,19,3,5,0,27,0,334
6323.0,19,3,5,0,27,0,334
6324.0,19,3,5,0,27,0,334
6325.0,19,3,5,0,27,0,334
6326.0,19,3,5,0,27,0,334
6327.0,19,3,5,0,27,0,334
6328.0,19,3,5,0,27,0,334
6329.0,19,3,5,0,27,0,334
6330.0,19,3,5,0,27,0,334
6331.0,19,3,5,0,27,0,334
6332.0,19,3,5,0,27,0,334
6333.0,19,3,5,0,27,0,334
6334.0,19,3,5,0,27,0,334
6335.0,19,3,5,0,27,0,334
6336.0,19,3,5,0,27,0,334
6337.0,19,3,5,0,27,0,334
6338.0,19,3,5,0,27,0,334
6339.0,19,3,5,0,27,0,334
6340.0,19,3,5,0,27,0,334
6341.0,19,3,5,0,27,0,334
6342.0,19,3,5,0,27,0,334
6343.0,19,3,5,0,27,0,334
6344.0,19,3,5,0,27,0,334
6345.0,19,3,5,0,27,0,334
6346.0,19,3,5,0,27,0,334
6347.0,19,3,5,0,27,0,334
6348.0,19,3,5,0,27,0,334
6349.0,19,3,5,0,27,0,334
6350.0,19,3,5,0,27,0,334
6351.0,19,3,5,0,27,0,334
6352.0,19,3,5,0,27,0,334
6353.0,19,3,5,0,27,0,334
6354.0,19,3,5,0,27,0,334
6355.0,19,3,5,0,27,0,334
6356.0,19,3,5,0,27,0,334
6357.0,19,3,5,0,27,0,334
6358.0,19,3,5,0,27,0,334
6359.0,19,3,5,0,27,0,334
6360.0,19,3,5,0,27,0,334
6361.0,19,3,5,0,27,0,334
6362.0,19,3,5,0,27,0,334
6363.0,19,3,5,0,27,0,334
6364.0,19,3,5,0,27,0,334
6365.0,19,3,5,0,27,0,334
6366.0,19,3,5,0,27,0,334
6367.0,19,3,5,0,27,0,334
6368.0,19,3,5,0,27,0,334
6369.0,19,3,5,0,27,0,334
6370.0,19,3,5,0,27,0,334
6371.0,19,3,5,0,27,0,334
6372.0,19,3,5,0,27,0,334
6373.0,19,3,5,0,27,0,334
6374.0,19,3,5,0,27,0,334
6375.0,19,3,5,0,27,0,334
6376.0,19,3,5,0,27,0,334
6377.0,19,3,5,0,27,0,334
6378.0,19,3,5,0,27,0,334
6379.0,19,3,5,0,27,0,334
6380.0,19,3,5,0,27,0,334
6381.0,19,3,5,0,27,0,334
6382.0,19,3,5,0,27,0,334
6383.0,19,3,5,0,27,0,334
6384.0,19,3,5,0,27,0,334
6385.0,19,3,5,0,27,0,334
6386.0,19,3,5,0,27,0,334
6387.0,19,3,5,0,27,0,334
6388.0,19,3,5,0,27,0,334
6389.0,19,3,5,0,27,0,334
6390.0,19,3,5,0,27,0,334
6391.0,19,3,5,0,27,0,334
6392.0,19,3,5,0,27,0,334
6393.0,19,3,5,0,27,0,334
6394.0,19,3,5,0,27,0,334
6395.0,19,3,5,0,27,0,334
6396.0,19,3,5,0,27,0,334
6397.0,19,3,5,0,27,0,334
6398.0,19,3,5,0,27,0,334
6399.0,19,3,5,0,27,0,334
6400.0,19,3,5,0,27,0,334
6401.0,19,3,5,0,27,0,334
6402.0,19,3,5,0,27,0,334
6403.0,19,3,5,0,27,0,334
6404.0,19,3,5,0,27,0,334
6405.0,19,3,5,0,27,0,334
6406.0,19,3,5,0,27,0,334
6407.0,19,3,5,0,27,0,334
6408.0,19,3,5,0,27,0,334
6409.0,19,3,5,0,27,0,334
6410.0,19,3,5,0,27,0,334
6411.0,19,3,5,0,27,0,334
6412.0,19,3,5,0,27,0,334
6413.0,19,3,5,0,27,0,334
6414.0,19,3,5,0,27,0,334
6415.0,19,3,5,0,27,0,334
6416.0,19,3,5,0,27,0,334
6417.0,19,3,5,0,27,0,334
6418.0,19,3,5,0,27,0,334
6419.0,19,3,5,0,27,0,334
6420.0,19,3,5,0,27,0,334
6421.0,19,3,5,0,27,0,334
6422.0,19,3,5,0,27,0,334
6423.0,19,3,5,0,27,0,334
6424.0,19,3,5,0,27,0,334
6425.0,19,3,5,0,27,0,334
6426.0,19,3,5,0,27,0,334
6427.0,19,3,5,0,27,0,334
6428.0,19,3,5,0,27,0,334
6429.0,19,3,5,0,27,0,334
6430.0,19,3,5,0,27,0,334
6431.0,19,3,5,0,27,0,334
6432.0,19,3,5,0,27,0,334
6433.0,19,3,5,0,27,0,334
6434.0,19,3,5,0,27,0,334
6435.0,19,3,5,0,27,0,334
6436.0,19,3,5,0,27,0,334
6437.0,19,3,5,0,27,0,334
6438.0,19,3,5,0,27,0,334
6439.0,19,3,5,0,27,0,334
6440.0,19,3,5,0,27,0,334
6441.0,19,3,5,0,27,0,334
6442.0,19,3,5,0,27,0,334
6443.0,19,3,5,0,27,0,334
6444.0,19,3,5,0,27,0,334
6445.0,19,3,5,0,27,0,334
6446.0,19,3,5,0,27,0,334
6447.0,19,3,5,0,27,0,334
6448.0,19,3,5,0,27,0,334
6449.0,19,3,5,0,27,0,334
6450.0,19,3,5,0,27,0,334
6451.0,19,3,5,0,27,0,334
6452.0,19,3,5,0,27,0,334
6453.0,19,3,5,0,27,0,334
6454.0,19,3,5,0,27,0,334
6455.0,19,3,5,0,27,0,334
6456.0,19,3,5,0,27,0,334
6457.0,19,3,5,0,27,0,334
6458.0,19,3,5,0,27,0,334
6459.0,19,3,5,0,27,0,334
6460.0,19,3,5,0,27,0,334
6461.0,19,3,5,0,27,0,334
6462.0,19,3,5,0,27,0,334
6463.0,19,3,5,0,27,0,334
6464.0,19,3,5,0,27,0,334
6465.0,19,3,5,0,27,0,334
6466.0,19,3,5,0,27,0,334
6467.0,19,3,5,0,27,0,334
6468.0,19,3,5,0,27,0,334
6469.0,19,3,5,0,27,0,334
6470.0,19,3,5,0,27,0,334
6471.0,19,3,5,0,27,0,334
6472.0,19,3,5,0,27,0,334
6473.0,19,3,5,0,27,0,334
6474.0,19,3,5,0,27,0,334
6475.0,19,3,5,0,27,0,334
6476.0,19,3,5,0,27,0,334
6477.0,19,3,5,0,27,0,334
6478.0,19,3,5,0,27,0,334
6479.0,19,3,5,0,27,0,334
6480.0,19,3,5,0,27,0,334
6481.0,19,3,5,0,27,0,334
6482.0,19,3,5,0,27,0,334
6483.0,19,3,5,0,27,0,334
6484.0,19,3,5,0,27,0,334
6485.0,19,3,5,0,27,0,334
6486.0,19,3,5,0,27,0,334
6487.0,19,3,5,0,27,0,334
6488.0,19,3,5,0,27,0,334
6489.0,19,3,5,0,27,0,334
6490.0,19,3,5,0,27,0,334
6491.0,19,3,5,0,27,0,334
6492.0,19,3,5,0,27,0,334
6493.0,19,3,5,0,27,0,334
6494.0,19,3,5,0,27,0,334
6495.0,19,3,5,0,27,0,334
6496.0,19,3,5,0,27,0,334
6497.0,19,3,5,0,27,0,334
6498.0,19,3,5,0,27,0,334
6499.0,19,3,5,0,27,0,334
6500.0,19,3,5,0,27,0,334
6501.0,19,3,5,0,27,0,334
6502.0,19,3,5,0,27,0,334
6503.0,19,3,5,0,27,0,334
6504.0,19,3,5,0,27,0,334
6505.0,19,3,5,0,27,0,334
6506.0,19,3,5,0,27,0,334
6507.0,19,3,5,0,27,0,334
6508.0,19,3,5,0,27,0,334
6509.0,19,3,5,0,27,0,334
6510.0,19,3,5,0,27,0,334
6511.0,19,3,5,0,27,0,334
6512.0,19,3,5,0,27,0,334
6513.0,19,3,5,0,27,0,334
6514.0,19,3,5,0,27,0,334
6515.0,19,3,5,0,27,0,334
6516.0,19,3,5,0,27,0,334
6517.0,19,3,5,0,27,0,334
6518.0,19,3,5,0,27,0,334
6519.0,19,3,5,0,27,0,334
6520.0,19,3,5,0,27,0,334
6521.0,19,3,5,0,27,0,334
6522.0,19,3,5,0,27,0,334
6523.0,19,3,5,0,27,0,334
6524.0,19,3,5,0,27,0,334
6525.0,19,3,5,0,27,0,334
6526.0,19,3,5,0,27,0,334
6527.0,19,3,5,0,27,0,334
6528.0,19,3,5,0,27,0,334
6529.0,19,3,5,0,27,0,334
6530.0,19,3,5,0,27,0,334
6531.0,19,3,5,0,27,0,334
6532.0,19,3,5,0,27,0,334
6533.0,19,3,5,0,27,0,334
6534.0,19,3,5,0,27,0,334
6535.0,19,3,5,0,27,0,334
6536.0,19,3,5,0,27,0,334
6537.0,19,3,5,0,27,0,334
6538.0,19,3,5,0,27,0,334
6539.0,19,3,5,0,27,0,334
6540.0,19,3,5,0,27,0,334
6541.0,19,3,5,0,27,0,334
6542.0,19,3,5,0,27,0,334
6543.0,19,3,5,0,27,0,334
6544.0,19,3,5,0,27,0,334
6545.0,19,3,5,0,27,0,334
6546.0,19,3,5,0,27,0,334
6547.0,19,3,5,0,27,0,334
6548.0,19,3,5,0,27,0,334
6549.0,19,3,5,0,27,0,334
6550.0,19,3,5,0,27,0,334
6551.0,19,3,5,0,27,0,334
6552.0,19,3,5,0,27,0,334
6553.0,19,3,5,0,27,0,334
6554.0,19,3,5,0,27,0,334
6555.0,19,3,5,0,27,0,334
6556.0,19,3,5,0,27,0,334
6557.0,19,3,5,0,27,0,334
6558.0,19,3,5,0,27,0,334
6559.0,19,3,5,0,27,0,334
6560.0,19,3,5,0,27,0,334
6561.0,19,3,5,0,27,0,334
6562.0,19,3,5,0,27,0,334
6563.0,19,3,5,0,27,0,334
6564.0,19,3,5,0,27,0,334
6565.0,19,3,5,0,27,0,334
6566.0,19,3,5,0,27,0,334
6567.0,19,3,5,0,27,0,334
6568.0,19,3,5,0,27,0,334
6569.0,19,3,5,0,27,0,334
6570.0,19,3,5,0,27,0,334
6571.0,19,3,5,0,27,0,334
6572.0,19,3,5,0,27,0,334
6573.0,19,3,5,0,27,0,334
6574.0,19,3,5,0,27,0,334
6575.0,19,3,5,0,27,0,334
6576.0,19,3,5,0,27,0,334
6577.0,19,3,5,0,27,0,334
6578.0,19,3,5,0,27,0,334
6579.0,19,3,5,0,27,0,334
6580.0,19,3,5,0,27,0,334
6581.0,19,3,5,0,27,0,334
6582.0,19,3,5,0,27,0,334
6583.0,19,3,5,0,27,0,334
6584.0,19,3,5,0,27,0,334
6585.0,19,3,5,0,27,0,334
6586.0,19,3,5,0,27,0,334
6587.0,19,3,5,0,27,0,334
6588.0,19,3,5,0,27,0,334
6589.0,19,3,5,0,27,0,334
6590.0,19,3,5,0,27,0,334
6591.0,19,3,5,0,27,0,334
6592.0,19,3,5,0,27,0,334
6593.0,19,3,5,0,27,0,334
6594.0,19,3,5,0,27,0,334
6595.0,19,3,5,0,27,0,334
6596.0,19,3,5,0,27,0,334
6597.0,19,3,5,0,27,0,334
6598.0,19,3,5,0,27,0,334
6599.0,19,3,5,0,27,0,334
6600.0,19,3,5,0,27,0,334
6601.0,19,3,5,0,27,0,334
6602.0,19,3,5,0,27,0,334
6603.0,19,3,5,0,27,0,334
6604.0,19,3,5,0,27,0,334
6605.0,19,3,5,0,27,0,334
6606.0,19,3,5,0,27,0,334
6607.0,19,3,5,0,27,0,334
6608.0,19,3,5,0,27,0,334
6609.0,19,3,5,0,27,0,334
6610.0,19,3,5,0,27,0,334
6611.0,19,3,5,0,27,0,334
6612.0,19,3,5,0,27,0,334
6613.0,19,3,5,0,27,0,334
6614.0,19,3,5,0,27,0,334
6615.0,19,3,5,0,27,0,334
6616.0,19,3,5,0,27,0,334
6617.0,19,3,5,0,27,0,334
6618.0,19,3,5,0,27,0,334
6619.0,19,3,5,0,27,0,334
6620.0,19,3,5,0,27,0,334
6621.0,19,3,5,0,27,0,334
6622.0,19,3,5,0,27,0,334
6623.0,19,3,5,0,27,0,334
6624.0,19,3,5,0,27,0,334
6625.0,19,3,5,0,27,0,334
6626.0,19,3,5,0,27,0,334
6627.0,19,3,5,0,27,0,334
6628.0,19,3,5,0,27,0,334
6629.0,19,3,5,0,27,0,334
6630.0,19,3,5,0,27,0,334
6631.0,19,3,5,0,27,0,334
6632.0,19,3,5,0,27,0,334
6633.0,19,3,5,0,27,0,334
6634.0,19,3,5,0,27,0,334
6635.0,19,3,5,0,27,0,334
6636.0,19,3,5,0,27,0,334
6637.0,19,3,5,0,27,0,334
6638.0,19,3,5,0,27,0,334
6639.0,19,3,5,0,27,0,334
6640.0,19,3,5,0,27,0,334
6641.0,19,3,5,0,27,0,334
6642.0,19,3,5,0,27,0,334
6643.0,19,3,5,0,27,0,334
6644.0,19,3,5,0,27,0,334
6645.0,19,3,5,0,27,0,334
6646.0,19,3,5,0,27,0,334
6647.0,19,3,5,0,27,0,334
6648.0,19,3,5,0,27,0,334
6649.0,19,3,5,0,27,0,334
6650.0,19,3,5,0,27,0,334
6651.0,19,3,5,0,27,0,334
6652.0,19,3,5,0,27,0,334
6653.0,19,3,5,0,27,0,334
6654.0,19,3,5,0,27,0,334
6655.0,19,3,5,0,27,0,334
6656.0,19,3,5,0,27,0,334
6657.0,19,3,5,0,27,0,334
6658.0,19,3,5,0,27,0,334
6659.0,19,3,5,0,27,0,334
6660.0,19,3,5,0,27,0,334
6661.0,19,3,5,0,27,0,334
6662.0,19,3,5,0,27,0,334
6663.0,19,3,5,0,27,0,334
6664.0,19,3,5,0,27,0,334
6665.0,19,3,5,0,27,0,334
6666.0,19,3,5,0,27,0,334
6667.0,19,3,5,0,27,0,334
6668.0,19,3,5,0,27,0,334
6669.0,19,3,5,0,27,0,334
6670.0,19,3,5,0,27,0,334
6671.0,19,3,5,0,27,0,334
6672.0,19,3,5,0,27,0,334
6673.0,19,3,5,0,27,0,334
6674.0,19,3,5,0,27,0,334
6675.0,19,3,5,0,27,0,334
6676.0,19,3,5,0,27,0,334
6677.0,19,3,5,0,27,0,334
6678.0,19,3,5,0,27,0,334
6679.0,19,3,5,0,27,0,334
6680.0,19,3,5,0,27,0,334
6681.0,19,3,5,0,27,0,334
6682.0,19,3,5,0,27,0,334
6683.0,19,3,5,0,27,0,334
6684.0,19,3,5,0,27,0,334
6685.0,19,3,5,0,27,0,334
6686.0,19,3,5,0,27,0,334
6687.0,19,3,5,0,27,0,334
6688.0,19,3,5,0,27,0,334
6689.0,19,3,5,0,27,0,334
6690.0,19,3,5,0,27,0,334
6691.0,19,3,5,0,27,0,334
6692.0,19,3,5,0,27,0,334
6693.0,19,3,5,0,27,0,334
6694.0,19,3,5,0,27,0,334
6695.0,19,3,5,0,27,0,334
6696.0,19,3,5,0,27,0,334
6697.0,19,3,5,0,27,0,334
6698.0,19,3,5,0,27,0,334
6699.0,19,3,5,0,27,0,334
6700.0,19,3,5,0,27,0,334
6701.0,19,3,5,0,27,0,334
6702.0,19,3,5,0,27,0,334
6703.0,19,3,5,0,27,0,334
6704.0,19,3,5,0,27,0,334
6705.0,19,3,5,0,27,0,334
6706.0,19,3,5,0,27,0,334
6707.0,19,3,5,0,27,0,334
6708.0,19,3,5,0,27,0,334
6709.0,19,3,5,0,27,0,334
6710.0,19,3,5,0,27,0,334
6711.0,19,3,5,0,27,0,334
6712.0,19,3,5,0,27,0,334
6713.0,19,3,5,0,27,0,334
6714.0,19,3,5,0,27,0,334
6715.0,19,3,5,0,27,0,334
6716.0,19,3,5,0,27,0,334
6717.0,19,3,5,0,27,0,334
6718.0,19,3,5,0,27,0,334
6719.0,19,3,5,0,27,0,334
6720.0,19,3,5,0,27,0,334
6721.0,19,3,5,0,27,0,334
6722.0,19,3,5,0,27,0,334
6723.0,19,3,5,0,27,0,334
6724.0,19,3,5,0,27,0,334
6725.0,19,3,5,0,27,0,334
6726.0,19,3,5,0,27,0,334
6727.0,19,3,5,0,27,0,334
6728.0,19,3,5,0,27,0,334
6729.0,19,3,5,0,27,0,334
6730.0,19,3,5,0,27,0,334
6731.0,19,3,5,0,27,0,334
6732.0,19,3,5,0,27,0,334
6733.0,19,3,5,0,27,0,334
6734.0,19,3,5,0,27,0,334
6735.0,19,3,5,0,27,0,334
6736.0,19,3,5,0,27,0,334
6737.0,19,3,5,0,27,0,334
6738.0,19,3,5,0,27,0,334
6739.0,19,3,5,0,27,0,334
6740.0,19,3,5,0,27,0,334
6741.0,19,3,5,0,27,0,334
6742.0,19,3,5,0,27,0,334
6743.0,19,3,5,0,27,0,334
6744.0,19,3,5,0,27,0,334
6745.0,19,3,5,0,27,0,334
6746.0,19,3,5,0,27,0,334
6747.0,19,3,5,0,27,0,334
6748.0,19,3,5,0,27,0,334
6749.0,19,3,5,0,27,0,334
6750.0,19,3,5,0,27,0,334
6751.0,19,3,5,0,27,0,334
6752.0,19,3,5,0,27,0,334
6753.0,19,3,5,0,27,0,334
6754.0,19,3,5,0,27,0,334
6755.0,19,3,5,0,27,0,334
6756.0,19,3,5,0,27,0,334
6757.0,19,3,5,0,27,0,334
6758.0,19,3,5,0,27,0,334
6759.0,19,3,5,0,27,0,334
6760.0,19,3,5,0,27,0,334
6761.0,19,3,5,0,27,0,334
6762.0,19,3,5,0,27,0,334
6763.0,19,3,5,0,27,0,334
6764.0,19,3,5,0,27,0,334
6765.0,19,3,5,0,27,0,334
6766.0,19,3,5,0,27,0,334
6767.0,19,3,5,0,27,0,334
6768.0,19,3,5,0,27,0,334
6769.0,19,3,5,0,27,0,334
6770.0,19,3,5,0,27,0,334
6771.0,19,3,5,0,27,0,334
6772.0,19,3,5,0,27,0,334
6773.0,19,3,5,0,27,0,334
6774.0,19,3,5,0,27,0,334
6775.0,19,3,5,0,27,0,334
6776.0,19,3,5,0,27,0,334
6777.0,19,3,5,0,27,0,334
6778.0,19,3,5,0,27,0,334
6779.0,19,3,5,0,27,0,334
6780.0,19,3,5,0,27,0,334
6781.0,19,3,5,0,27,0,334
6782.0,19,3,5,0,27,0,334
6783.0,19,3,5,0,27,0,334
6784.0,19,3,5,0,27,0,334
6785.0,19,3,5,0,27,0,334
6786.0,19,3,5,0,27,0,334
6787.0,19,3,5,0,27,0,334
6788.0,19,3,5,0,27,0,334
6789.0,19,3,5,0,27,0,334
6790.0,19,3,5,0,27,0,334
6791.0,19,3,5,0,27,0,334
6792.0,19,3,5,0,27,0,334
6793.0,19,3,5,0,27,0,334
6794.0,19,3,5,0,27,0,334
6795.0,19,3,5,0,27,0,334
6796.0,19,3,5,0,27,0,334
6797.0,19,3,5,0,27,0,334
6798.0,19,3,5,0,27,0,334
6799.0,19,3,5,0,27,0,334
6800.0,19,3,5,0,27,0,334
6801.0,19,3,5,0,27,0,334
6802.0,19,3,5,0,27,0,334
6803.0,19,3,5,0,27,0,334
6804.0,19,3,5,0,27,0,334
6805.0,19,3,5,0,27,0,334
6806.0,19,3,5,0,27,0,334
6807.0,19,3,5,0,27,0,334
6808.0,19,3,5,0,27,0,334
6809.0,19,3,5,0,27,0,334
6810.0,19,3,5,0,27,0,334
6811.0,19,3,5,0,27,0,334
6812.0,19,3,5,0,27,0,334
6813.0,19,3,5,0,27,0,334
6814.0,19,3,5,0,27,0,334
6815.0,19,3,5,0,27,0,334
6816.0,19,3,5,0,27,0,334
6817.0,19,3,5,0,27,0,334
6818.0,19,3,5,0,27,0,334
6819.0,19,3,5,0,27,0,334
6820.0,19,3,5,0,27,0,334
6821.0,19,3,5,0,27,0,334
6822.0,19,3,5,0,27,0,334
6823.0,19,3,5,0,27,0,334
6824.0,19,3,5,0,27,0,334
6825.0,19,3,5,0,27,0,334
6826.0,19,3,5,0,27,0,334
6827.0,19,3,5,0,27,0,334
6828.0,19,3,5,0,27,0,334
6829.0,19,3,5,0,27,0,334
6830.0,19,3,5,0,27,0,334
6831.0,19,3,5,0,27,0,334
6832.0,19,3,5,0,27,0,334
6833.0,19,3,5,0,27,0,334
6834.0,19,3,5,0,27,0,334
6835.0,19,3,5,0,27,0,334
6836.0,19,3,5,0,27,0,334
6837.0,19,3,5,0,27,0,334
6838.0,19,3,5,0,27,0,334
6839.0,19,3,5,0,27,0,334
6840.0,19,3,5,0,27,0,334
6841.0,19,3,5,0,27,0,334
6842.0,19,3,5,0,27,0,334
6843.0,19,3,5,0,27,0,334
6844.0,19,3,5,0,27,0,334
6845.0,19,3,5,0,27,0,334
6846.0,19,3,5,0,27,0,334
6847.0,19,3,5,0,27,0,334
6848.0,19,3,5,0,27,0,334
6849.0,19,3,5,0,27,0,334
6850.0,19,3,5,0,27,0,334
6851.0,19,3,5,0,27,0,334
6852.0,19,3,5,0,27,0,334
6853.0,19,3,5,0,27,0,334
6854.0,19,3,5,0,27,0,334
6855.0,19,3,5,0,27,0,334
6856.0,19,3,5,0,27,0,334
6857.0,19,3,5,0,27,0,334
6858.0,19,3,5,0,27,0,334
6859.0,19,3,5,0,27,0,334
6860.0,19,3,5,0,27,0,334
6861.0,19,3,5,0,27,0,334
6862.0,19,3,5,0,27,0,334
6863.0,19,3,5,0,27,0,334
6864.0,19,3,5,0,27,0,334
6865.0,19,3,5,0,27,0,334
6866.0,19,3,5,0,27,0,334
6867.0,19,3,5,0,27,0,334
6868.0,19,3,5,0,27,0,334
6869.0,19,3,5,0,27,0,334
6870.0,19,3,5,0,27,0,334
6871.0,19,3,5,0,27,0,334
6872.0,19,3,5,0,27,0,334
6873.0,19,3,5,0,27,0,334
6874.0,19,3,5,0,27,0,334
6875.0,19,3,5,0,27,0,334
6876.0,19,3,5,0,27,0,334
6877.0,19,3,5,0,27,0,334
6878.0,19,3,5,0,27,0,334
6879.0,19,3,5,0,27,0,334
6880.0,19,3,5,0,27,0,334
6881.0,19,3,5,0,27,0,334
6882.0,19,3,5,0,27,0,334
6883.0,19,3,5,0,27,0,334
6884.0,19,3,5,0,27,0,334
6885.0,19,3,5,0,27,0,334
6886.0,19,3,5,0,27,0,334
6887.0,19,3,5,0,27,0,334
6888.0,19,3,5,0,27,0,334
6889.0,19,3,5,0,27,0,334
6890.0,19,3,5,0,27,0,334
6891.0,19,3,5,0,27,0,334
6892.0,19,3,5,0,27,0,334
6893.0,19,3,5,0,27,0,334
6894.0,19,3,5,0,27,0,334
6895.0,19,3,5,0,27,0,334
6896.0,19,3,5,0,27,0,334
6897.0,19,3,5,0,27,0,334
6898.0,19,3,5,0,27,0,334
6899.0,19,3,5,0,27,0,334
6900.0,19,3,5,0,27,0,334
6901.0,19,3,5,0,27,0,334
6902.0,19,3,5,0,27,0,334
6903.0,19,3,5,0,27,0,334
6904.0,19,3,5,0,27,0,334
6905.0,19,3,5,0,27,0,334
6906.0,19,3,5,0,27,0,334
6907.0,19,3,5,0,27,0,334
6908.0,19,3,5,0,27,0,334
6909.0,19,3,5,0,27,0,334
6910.0,19,3,5,0,27,0,334
6911.0,19,3,5,0,27,0,334
6912.0,19,3,5,0,27,0,334
6913.0,19,3,5,0,27,0,334
6914.0,19,3,5,0,27,0,334
6915.0,19,3,5,0,27,0,334
6916.0,19,3,5,0,27,0,334
6917.0,19,3,5,0,27,0,334
6918.0,19,3,5,0,27,0,334
6919.0,19,3,5,0,27,0,334
6920.0,19,3,5,0,27,0,334
6921.0,19,3,5,0,27,0,334
6922.0,19,3,5,0,27,0,334
6923.0,19,3,5,0,27,0,334
6924.0,19,3,5,0,27,0,334
6925.0,19,3,5,0,27,0,334
6926.0,19,3,5,0,27,0,334
6927.0,19,3,5,0,27,0,334
6928.0,19,3,5,0,27,0,334
6929.0,19,3,5,0,27,0,334
6930.0,19,3,5,0,27,0,334
6931.0,19,3,5,0,27,0,334
6932.0,19,3,5,0,27,0,334
6933.0,19,3,5,0,27,0,334
6934.0,19,3,5,0,27,0,334
6935.0,19,3,5,0,27,0,334
6936.0,19,3,5,0,27,0,334
6937.0,19,3,5,0,27,0,334
6938.0,19,3,5,0,27,0,334
6939.0,19,3,5,0,27,0,334
6940.0,19,3,5,0,27,0,334
6941.0,19,3,5,0,27,0,334
6942.0,19,3,5,0,27,0,334
6943.0,19,3,5,0,27,0,334
6944.0,19,3,5,0,27,0,334
6945.0,19,3,5,0,27,0,334
6946.0,19,3,5,0,27,0,334
6947.0,19,3,5,0,27,0,334
6948.0,19,3,5,0,27,0,334
6949.0,19,3,5,0,27,0,334
6950.0,19,3,5,0,27,0,334
6951.0,19,3,5,0,27,0,334
6952.0,19,3,5,0,27,0,334
6953.0,19,3,5,0,27,0,334
6954.0,19,3,5,0,27,0,334
6955.0,19,3,5,0,27,0,334
6956.0,19,3,5,0,27,0,334
6957.0,19,3,5,0,27,0,334
6958.0,19,3,5,0,27,0,334
6959.0,19,3,5,0,27,0,334
6960.0,19,3,5,0,27,0,334
6961.0,19,3,5,0,27,0,334
6962.0,19,3,5,0,27,0,334
6963.0,19,3,5,0,27,0,334
6964.0,19,3,5,0,27,0,334
6965.0,19,3,5,0,27,0,334
6966.0,19,3,5,0,27,0,334
6967.0,19,3,5,0,27,0,334
6968.0,19,3,5,0,27,0,334
6969.0,19,3,5,0,27,0,334
6970.0,19,3,5,0,27,0,334
6971.0,19,3,5,0,27,0,334
6972.0,19,3,5,0,27,0,334
6973.0,19,3,5,0,27,0,334
6974.0,19,3,5,0,27,0,334
6975.0,19,3,5,0,27,0,334
6976.0,19,3,5,0,27,0,334
6977.0,19,3,5,0,27,0,334
6978.0,19,3,5,0,27,0,334
6979.0,19,3,5,0,27,0,334
6980.0,19,3,5,0,27,0,334
6981.0,19,3,5,0,27,0,334
6982.0,19,3,5,0,27,0,334
6983.0,19,3,5,0,27,0,334
6984.0,19,3,5,0,27,0,334
6985.0,19,3,5,0,27,0,334
6986.0,19,3,5,0,27,0,334
6987.0,19,3,5,0,27,0,334
6988.0,19,3,5,0,27,0,334
6989.0,19,3,5,0,27,0,334
6990.0,19,3,5,0,27,0,334
6991.0,19,3,5,0,27,0,334
6992.0,19,3,5,0,27,0,334
6993.0,19,3,5,0,27,0,334
6994.0,19,3,5,0,27,0,334
6995.0,19,3,5,0,27,0,334
6996.0,19,3,5,0,27,0,334
6997.0,19,3,5,0,27,0,334
6998.0,19,3,5,0,27,0,334
6999.0,19,3,5,0,27,0,334
7000.0,19,3,5,0,27,0,334
7001.0,19,3,5,0,27,0,334
7002.0,19,3,5,0,27,0,334
7003.0,19,3,5,0,27,0,334
7004.0,19,3,5,0,27,0,334
7005.0,19,3,5,0,27,0,334
7006.0,19,3,5,0,27,0,334
7007.0,19,3,5,0,27,0,334
7008.0,19,3,5,0,27,0,334
7009.0,19,3,5,0,27,0,334
7010.0,19,3,5,0,27,0,334
7011.0,19,3,5,0,27,0,334
7012.0,19,3,5,0,27,0,334
7013.0,19,3,5,0,27,0,334
7014.0,19,3,5,0,27,0,334
7015.0,19,3,5,0,27,0,334
7016.0,19,3,5,0,27,0,334
7017.0,19,3,5,0,27,0,334
7018.0,19,3,5,0,27,0,334
7019.0,19,3,5,0,27,0,334
7020.0,19,3,5,0,27,0,334
7021.0,19,3,5,0,27,0,334
7022.0,19,3,5,0,27,0,334
7023.0,19,3,5,0,27,0,334
7024.0,19,3,5,0,27,0,334
7025.0,19,3,5,0,27,0,334
7026.0,19,3,5,0,27,0,334
7027.0,19,3,5,0,27,0,334
7028.0,19,3,5,0,27,0,334
7029.0,19,3,5,0,27,0,334
7030.0,19,3,5,0,27,0,334
7031.0,19,3,5,0,27,0,334
7032.0,19,3,5,0,27,0,334
7033.0,19,3,5,0,27,0,334
7034.0,19,3,5,0,27,0,334
7035.0,19,3,5,0,27,0,334
7036.0,19,3,5,0,27,0,334
7037.0,19,3,5,0,27,0,334
7038.0,19,3,5,0,27,0,334
7039.0,19,3,5,0,27,0,334
7040.0,19,3,5,0,27,0,334
7041.0,19,3,5,0,27,0,334
7042.0,19,3,5,0,27,0,334
7043.0,19,3,5,0,27,0,334
7044.0,19,3,5,0,27,0,334
7045.0,19,3,5,0,27,0,334
7046.0,19,3,5,0,27,0,334
7047.0,19,3,5,0,27,0,334
7048.0,19,3,5,0,27,0,334
7049.0,19,3,5,0,27,0,334
7050.0,19,3,5,0,27,0,334
7051.0,19,3,5,0,27,0,334
7052.0,19,3,5,0,27,0,334
7053.0,19,3,5,0,27,0,334
7054.0,19,3,5,0,27,0,334
7055.0,19,3,5,0,27,0,334
7056.0,19,3,5,0,27,0,334
7057.0,19,3,5,0,27,0,334
7058.0,19,3,5,0,27,0,334
7059.0,19,3,5,0,27,0,334
7060.0,19,3,5,0,27,0,334
7061.0,19,3,5,0,27,0,334
7062.0,19,3,5,0,27,0,334
7063.0,19,3,5,0,27,0,334
7064.0,19,3,5,0,27,0,334
7065.0,19,3,5,0,27,0,334
7066.0,19,3,5,0,27,0,334
7067.0,19,3,5,0,27,0,334
7068.0,19,3,5,0,27,0,334
7069.0,19,3,5,0,27,0,334
7070.0,19,3,5,0,27,0,334
7071.0,19,3,5,0,27,0,334
7072.0,19,3,5,0,27,0,334
7073.0,19,3,5,0,27,0,334
7074.0,19,3,5,0,27,0,334
7075.0,19,3,5,0,27,0,334
7076.0,19,3,5,0,27,0,334
7077.0,19,3,5,0,27,0,334
7078.0,19,3,5,0,27,0,334
7079.0,19,3,5,0,27,0,334
7080.0,19,3,5,0,27,0,334
7081.0,19,3,5,0,27,0,334
7082.0,19,3,5,0,27,0,334
7083.0,19,3,5,0,27,0,334
7084.0,19,3,5,0,27,0,334
7085.0,19,3,5,0,27,0,334
7086.0,19,3,5,0,27,0,334
7087.0,19,3,5,0,27,0,334
7088.0,19,3,5,0,27,0,334
7089.0,19,3,5,0,27,0,334
7090.0,19,3,5,0,27,0,334
7091.0,19,3,5,0,27,0,334
7092.0,19,3,5,0,27,0,334
7093.0,19,3,5,0,27,0,334
7094.0,19,3,5,0,27,0,334
7095.0,19,3,5,0,27,0,334
7096.0,19,3,5,0,27,0,334
7097.0,19,3,5,0,27,0,334
7098.0,19,3,5,0,27,0,334
7099.0,19,3,5,0,27,0,334
7100.0,19,3,5,0,27,0,334
7101.0,19,3,5,0,27,0,334
7102.0,19,3,5,0,27,0,334
7103.0,19,3,5,0,27,0,334
7104.0,19,3,5,0,27,0,334
7105.0,19,3,5,0,27,0,334
7106.0,19,3,5,0,27,0,334
7107.0,19,3,5,0,27,0,334
7108.0,19,3,5,0,27,0,334
7109.0,19,3,5,0,27,0,334
7110.0,19,3,5,0,27,0,334
7111.0,19,3,5,0,27,0,334
7112.0,19,3,5,0,27,0,334
7113.0,19,3,5,0,27,0,334
7114.0,19,3,5,0,27,0,334
7115.0,19,3,5,0,27,0,334
7116.0,19,3,5,0,27,0,334
7117.0,19,3,5,0,27,0,334
7118.0,19,3,5,0,27,0,334
7119.0,19,3,5,0,27,0,334
7120.0,19,3,5,0,27,0,334
7121.0,19,3,5,0,27,0,334
7122.0,19,3,5,0,27,0,334
7123.0,19,3,5,0,27,0,334
7124.0,19,3,5,0,27,0,334
7125.0,19,3,5,0,27,0,334
7126.0,19,3,5,0,27,0,334
7127.0,19,3,5,0,27,0,334
7128.0,19,3,5,0,27,0,334
7129.0,19,3,5,0,27,0,334
7130.0,19,3,5,0,27,0,334
7131.0,19,3,5,0,27,0,334
7132.0,19,3,5,0,27,0,334
7133.0,19,3,5,0,27,0,334
7134.0,19,3,5,0,27,0,334
7135.0,19,3,5,0,27,0,334
7136.0,19,3,5,0,27,0,334
7137.0,19,3,5,0,27,0,334
7138.0,19,3,5,0,27,0,334
7139.0,19,3,5,0,27,0,334
7140.0,19,3,5,0,27,0,334
7141.0,19,3,5,0,27,0,334
7142.0,19,3,5,0,27,0,334
7143.0,19,3,5,0,27,0,334
7144.0,19,3,5,0,27,0,334
7145.0,19,3,5,0,27,0,334
7146.0,19,3,5,0,27,0,334
7147.0,19,3,5,0,27,0,334
7148.0,19,3,5,0,27,0,334
7149.0,19,3,5,0,27,0,334
7150.0,19,3,5,0,27,0,334
7151.0,19,3,5,0,27,0,334
7152.0,19,3,5,0,27,0,334
7153.0,19,3,5,0,27,0,334
7154.0,19,3,5,0,27,0,334
7155.0,19,3,5,0,27,0,334
7156.0,19,3,5,0,27,0,334
7157.0,19,3,5,0,27,0,334
7158.0,19,3,5,0,27,0,334
7159.0,19,3,5,0,27,0,334
7160.0,19,3,5,0,27,0,334
7161.0,19,3,5,0,27,0,334
7162.0,19,3,5,0,27,0,334
7163.0,19,3,5,0,27,0,334
7164.0,19,3,5,0,27,0,334
7165.0,19,3,5,0,27,0,334
7166.0,19,3,5,0,27,0,334
7167.0,19,3,5,0,27,0,334
7168.0,19,3,5,0,27,0,334
7169.0,19,3,5,0,27,0,334
7170.0,19,3,5,0,27,0,334
7171.0,19,3,5,0,27,0,334
7172.0,19,3,5,0,27,0,334
7173.0,19,3,5,0,27,0,334
7174.0,19,3,5,0,27,0,334
7175.0,19,3,5,0,27,0,334
7176.0,19,3,5,0,27,0,334
7177.0,19,3,5,0,27,0,334
7178.0,19,3,5,0,27,0,334
7179.0,19,3,5,0,27,0,334
7180.0,19,3,5,0,27,0,334
7181.0,19,3,5,0,27,0,334
7182.0,19,3,5,0,27,0,334
7183.0,19,3,5,0,27,0,334
7184.0,19,3,5,0,27,0,334
7185.0,19,3,5,0,27,0,334
7186.0,19,3,5,0,27,0,334
7187.0,19,3,5,0,27,0,334
7188.0,19,3,5,0,27,0,334
7189.0,19,3,5,0,27,0,334
7190.0,19,3,5,0,27,0,334
7191.0,19,3,5,0,27,0,334
7192.0,19,3,5,0,27,0,334
7193.0,19,3,5,0,27,0,334
7194.0,19,3,5,0,27,0,334
7195.0,19,3,5,0,27,0,334
7196.0,19,3,5,0,27,0,334
7197.0,19,3,5,0,27,0,334
7198.0,19,3,5,0,27,0,334
7199.0,19,3,5,0,27,0,334
7200.0,19,3,5,0,27,0,334
7201.0,19,3,5,0,27,0,334
7202.0,19,3,5,0,27,0,334
7203.0,19,3,5,0,27,0,334
7204.0,19,3,5,0,27,0,334
7205.0,19,3,5,0,27,0,334
7206.0,19,3,5,0,27,0,334
7207.0,19,3,5,0,27,0,334
7208.0,19,3,5,0,27,0,334
7209.0,19,3,5,0,27,0,334
7210.0,19,3,5,0,27,0,334
7211.0,19,3,5,0,27,0,334
7212.0,19,3,5,0,27,0,334
7213.0,19,3,5,0,27,0,334
7214.0,19,3,5,0,27,0,334
7215.0,19,3,5,0,27,0,334
7216.0,19,3,5,0,27,0,334
7217.0,19,3,5,0,27,0,334
7218.0,19,3,5,0,27,0,334
7219.0,19,3,5,0,27,0,334
7220.0,19,3,5,0,27,0,334
7221.0,19,3,5,0,27,0,334
7222.0,19,3,5,0,27,0,334
7223.0,19,3,5,0,27,0,334
7224.0,19,3,5,0,27,0,334
7225.0,19,3,5,0,27,0,334
7226.0,19,3,5,0,27,0,334
7227.0,19,3,5,0,27,0,334
7228.0,19,3,5,0,27,0,334
7229.0,19,3,5,0,27,0,334
7230.0,19,3,5,0,27,0,334
7231.0,19,3,5,0,27,0,334
7232.0,19,3,5,0,27,0,334
7233.0,19,3,5,0,27,0,334
7234.0,19,3,5,0,27,0,334
7235.0,19,3,5,0,27,0,334
7236.0,19,3,5,0,27,0,334
7237.0,19,3,5,0,27,0,334
7238.0,19,3,5,0,27,0,334
7239.0,19,3,5,0,27,0,334
7240.0,19,3,5,0,27,0,334
7241.0,19,3,5,0,27,0,334
7242.0,19,3,5,0,27,0,334
7243.0,19,3,5,0,27,0,334
7244.0,19,3,5,0,27,0,334
7245.0,19,3,5,0,27,0,334
7246.0,19,3,5,0,27,0,334
7247.0,19,3,5,0,27,0,334
7248.0,19,3,5,0,27,0,334
7249.0,19,3,5,0,27,0,334
7250.0,19,3,5,0,27,0,334
7251.0,19,3,5,0,27,0,334
7252.0,19,3,5,0,27,0,334
7253.0,19,3,5,0,27,0,334
7254.0,19,3,5,0,27,0,334
7255.0,19,3,5,0,27,0,334
7256.0,19,3,5,0,27,0,334
7257.0,19,3,5,0,27,0,334
7258.0,19,3,5,0,27,0,334
7259.0,19,3,5,0,27,0,334
7260.0,19,3,5,0,27,0,334
7261.0,19,3,5,0,27,0,334
7262.0,19,3,5,0,27,0,334
7263.0,19,3,5,0,27,0,334
7264.0,19,3,5,0,27,0,334
7265.0,19,3,5,0,27,0,334
7266.0,19,3,5,0,27,0,334
7267.0,19,3,5,0,27,0,334
7268.0,19,3,5,0,27,0,334
7269.0,19,3,5,0,27,0,334
7270.0,19,3,5,0,27,0,334
7271.0,19,3,5,0,27,0,334
7272.0,19,3,5,0,27,0,334
7273.0,19,3,5,0,27,0,334
7274.0,19,3,5,0,27,0,334
7275.0,19,3,5,0,27,0,334
7276.0,19,3,5,0,27,0,334
7277.0,19,3,5,0,27,0,334
7278.0,19,3,5,0,27,0,334
7279.0,19,3,5,0,27,0,334
7280.0,19,3,5,0,27,0,334
7281.0,19,3,5,0,27,0,334
7282.0,19,3,5,0,27,0,334
7283.0,19,3,5,0,27,0,334
7284.0,19,3,5,0,27,0,334
7285.0,19,3,5,0,27,0,334
7286.0,19,3,5,0,27,0,334
7287.0,19,3,5,0,27,0,334
7288.0,19,3,5,0,27,0,334
7289.0,19,3,5,0,27,0,334
7290.0,19,3,5,0,27,0,334
7291.0,19,3,5,0,27,0,334
7292.0,19,3,5,0,27,0,334
7293.0,19,3,5,0,27,0,334
7294.0,19,3,5,0,27,0,334
7295.0,19,3,5,0,27,0,334
7296.0,19,3,5,0,27,0,334
7297.0,19,3,5,0,27,0,334
7298.0,19,3,5,0,27,0,334
7299.0,19,3,5,0,27,0,334
7300.0,19,3,5,0,27,0,334
7301.0,19,3,5,0,27,0,334
7302.0,19,3,5,0,27,0,334
7303.0,19,3,5,0,27,0,334
7304.0,19,3,5,0,27,0,334
7305.0,19,3,5,0,27,0,334
7306.0,19,3,5,0,27,0,334
7307.0,19,3,5,0,27,0,334
7308.0,19,3,5,0,27,0,334
7309.0,19,3,5,0,27,0,334
7310.0,19,3,5,0,27,0,334
7311.0,19,3,5,0,27,0,334
7312.0,19,3,5,0,27,0,334
7313.0,19,3,5,0,27,0,334
7314.0,19,3,5,0,27,0,334
7315.0,19,3,5,0,27,0,334
7316.0,19,3,5,0,27,0,334
7317.0,19,3,5,0,27,0,334
7318.0,19,3,5,0,27,0,334
7319.0,19,3,5,0,27,0,334
7320.0,19,3,5,0,27,0,334
7321.0,19,3,5,0,27,0,334
7322.0,19,3,5,0,27,0,334
7323.0,19,3,5,0,27,0,334
7324.0,19,3,5,0,27,0,334
7325.0,19,3,5,0,27,0,334
7326.0,19,3,5,0,27,0,334
7327.0,19,3,5,0,27,0,334
7328.0,19,3,5,0,27,0,334
7329.0,19,3,5,0,27,0,334
7330.0,19,3,5,0,27,0,334
7331.0,19,3,5,0,27,0,334
7332.0,19,3,5,0,27,0,334
7333.0,19,3,5,0,27,0,334
7334.0,19,3,5,0,27,0,334
7335.0,19,3,5,0,27,0,334
7336.0,19,3,5,0,27,0,334
7337.0,19,3,5,0,27,0,334
7338.0,19,3,5,0,27,0,334
7339.0,19,3,5,0,27,0,334
7340.0,19,3,5,0,27,0,334
7341.0,19,3,5,0,27,0,334
7342.0,19,3,5,0,27,0,334
7343.0,19,3,5,0,27,0,334
7344.0,19,3,5,0,27,0,334
7345.0,19,3,5,0,27,0,334
7346.0,19,3,5,0,27,0,334
7347.0,19,3,5,0,27,0,334
7348.0,19,3,5,0,27,0,334
7349.0,19,3,5,0,27,0,334
7350.0,19,3,5,0,27,0,334
7351.0,19,3,5,0,27,0,334
7352.0,19,3,5,0,27,0,334
7353.0,19,3,5,0,27,0,334
7354.0,19,3,5,0,27,0,334
7355.0,19,3,5,0,27,0,334
7356.0,19,3,5,0,27,0,334
7357.0,19,3,5,0,27,0,334
7358.0,19,3,5,0,27,0,334
7359.0,19,3,5,0,27,0,334
7360.0,19,3,5,0,27,0,334
7361.0,19,3,5,0,27,0,334
7362.0,19,3,5,0,27,0,334
7363.0,19,3,5,0,27,0,334
7364.0,19,3,5,0,27,0,334
7365.0,19,3,5,0,27,0,334
7366.0,19,3,5,0,27,0,334
7367.0,19,3,5,0,27,0,334
7368.0,19,3,5,0,27,0,334
7369.0,19,3,5,0,27,0,334
7370.0,19,3,5,0,27,0,334
7371.0,19,3,5,0,27,0,334
7372.0,19,3,5,0,27,0,334
7373.0,19,3,5,0,27,0,334
7374.0,19,3,5,0,27,0,334
7375.0,19,3,5,0,27,0,334
7376.0,19,3,5,0,27,0,334
7377.0,19,3,5,0,27,0,334
7378.0,19,3,5,0,27,0,334
7379.0,19,3,5,0,27,0,334
7380.0,19,3,5,0,27,0,334
7381.0,19,3,5,0,27,0,334
7382.0,19,3,5,0,27,0,334
7383.0,19,3,5,0,27,0,334
7384.0,19,3,5,0,27,0,334
7385.0,19,3,5,0,27,0,334
7386.0,19,3,5,0,27,0,334
7387.0,19,3,5,0,27,0,334
7388.0,19,3,5,0,27,0,334
7389.0,19,3,5,0,27,0,334
7390.0,19,3,5,0,27,0,334
7391.0,19,3,5,0,27,0,334
7392.0,19,3,5,0,27,0,334
7393.0,19,3,5,0,27,0,334
7394.0,19,3,5,0,27,0,334
7395.0,19,3,5,0,27,0,334
7396.0,19,3,5,0,27,0,334
7397.0,19,3,5,0,27,0,334
7398.0,19,3,5,0,27,0,334
7399.0,19,3,5,0,27,0,334
7400.0,19,3,5,0,27,0,334
7401.0,19,3,5,0,27,0,334
7402.0,19,3,5,0,27,0,334
7403.0,19,3,5,0,27,0,334
7404.0,19,3,5,0,27,0,334
7405.0,19,3,5,0,27,0,334
7406.0,19,3,5,0,27,0,334
7407.0,19,3,5,0,27,0,334
7408.0,19,3,5,0,27,0,334
7409.0,19,3,5,0,27,0,334
7410.0,19,3,5,0,27,0,334
7411.0,19,3,5,0,27,0,334
7412.0,19,3,5,0,27,0,334
7413.0,19,3,5,0,27,0,334
7414.0,19,3,5,0,27,0,334
7415.0,19,3,5,0,27,0,334
7416.0,19,3,5,0,27,0,334
7417.0,19,3,5,0,27,0,334
7418.0,19,3,5,0,27,0,334
7419.0,19,3,5,0,27,0,334
7420.0,19,3,5,0,27,0,334
7421.0,19,3,5,0,27,0,334
7422.0,19,3,5,0,27,0,334
7423.0,19,3,5,0,27,0,334
7424.0,19,3,5,0,27,0,334
7425.0,19,3,5,0,27,0,334
7426.0,19,3,5,0,27,0,334
7427.0,19,3,5,0,27,0,334
7428.0,19,3,5,0,27,0,334
7429.0,19,3,5,0,27,0,334
7430.0,19,3,5,0,27,0,334
7431.0,19,3,5,0,27,0,334
7432.0,19,3,5,0,27,0,334
7433.0,19,3,5,0,27,0,334
7434.0,19,3,5,0,27,0,334
7435.0,19,3,5,0,27,0,334
7436.0,19,3,5,0,27,0,334
7437.0,19,3,5,0,27,0,334
7438.0,19,3,5,0,27,0,334
7439.0,19,3,5,0,27,0,334
7440.0,19,3,5,0,27,0,334
7441.0,19,3,5,0,27,0,334
7442.0,19,3,5,0,27,0,334
7443.0,19,3,5,0,27,0,334
7444.0,19,3,5,0,27,0,334
7445.0,19,3,5,0,27,0,334
7446.0,19,3,5,0,27,0,334
7447.0,19,3,5,0,27,0,334
7448.0,19,3,5,0,27,0,334
7449.0,19,3,5,0,27,0,334
7450.0,19,3,5,0,27,0,334
7451.0,19,3,5,0,27,0,334
7452.0,19,3,5,0,27,0,334
7453.0,19,3,5,0,27,0,334
7454.0,19,3,5,0,27,0,334
7455.0,19,3,5,0,27,0,334
7456.0,19,3,5,0,27,0,334
7457.0,19,3,5,0,27,0,334
7458.0,19,3,5,0,27,0,334
7459.0,19,3,5,0,27,0,334
7460.0,19,3,5,0,27,0,334
7461.0,19,3,5,0,27,0,334
7462.0,19,3,5,0,27,0,334
7463.0,19,3,5,0,27,0,334
7464.0,19,3,5,0,27,0,334
7465.0,19,3,5,0,27,0,334
7466.0,19,3,5,0,27,0,334
7467.0,19,3,5,0,27,0,334
7468.0,19,3,5,0,27,0,334
7469.0,19,3,5,0,27,0,334
7470.0,19,3,5,0,27,0,334
7471.0,19,3,5,0,27,0,334
7472.0,19,3,5,0,27,0,334
7473.0,19,3,5,0,27,0,334
7474.0,19,3,5,0,27,0,334
7475.0,19,3,5,0,27,0,334
7476.0,19,3,5,0,27,0,334
7477.0,19,3,5,0,27,0,334
7478.0,19,3,5,0,27,0,334
7479.0,19,3,5,0,27,0,334
7480.0,19,3,5,0,27,0,334
7481.0,19,3,5,0,27,0,334
7482.0,19,3,5,0,27,0,334
7483.0,19,3,5,0,27,0,334
7484.0,19,3,5,0,27,0,334
7485.0,19,3,5,0,27,0,334
7486.0,19,3,5,0,27,0,334
7487.0,19,3,5,0,27,0,334
7488.0,19,3,5,0,27,0,334
7489.0,19,3,5,0,27,0,334
7490.0,19,3,5,0,27,0,334
7491.0,19,3,5,0,27,0,334
7492.0,19,3,5,0,27,0,334
7493.0,19,3,5,0,27,0,334
7494.0,19,3,5,0,27,0,334
7495.0,19,3,5,0,27,0,334
7496.0,19,3,5,0,27,0,334
7497.0,19,3,5,0,27,0,334
7498.0,19,3,5,0,27,0,334
7499.0,19,3,5,0,27,0,334
7500.0,19,3,5,0,27,0,334
7501.0,19,3,5,0,27,0,334
7502.0,19,3,5,0,27,0,334
7503.0,19,3,5,0,27,0,334
7504.0,19,3,5,0,27,0,334
7505.0,19,3,5,0,27,0,334
7506.0,19,3,5,0,27,0,334
7507.0,19,3,5,0,27,0,334
7508.0,19,3,5,0,27,0,334
7509.0,19,3,5,0,27,0,334
7510.0,19,3,5,0,27,0,334
7511.0,19,3,5,0,27,0,334
7512.0,19,3,5,0,27,0,334
7513.0,19,3,5,0,27,0,334
7514.0,19,3,5,0,27,0,334
7515.0,19,3,5,0,27,0,334
7516.0,19,3,5,0,27,0,334
7517.0,19,3,5,0,27,0,334
7518.0,19,3,5,0,27,0,334
7519.0,19,3,5,0,27,0,334
7520.0,19,3,5,0,27,0,334
7521.0,19,3,5,0,27,0,334
7522.0,19,3,5,0,27,0,334
7523.0,19,3,5,0,27,0,334
7524.0,19,3,5,0,27,0,334
7525.0,19,3,5,0,27,0,334
7526.0,19,3,5,0,27,0,334
7527.0,19,3,5,0,27,0,334
7528.0,19,3,5,0,27,0,334
7529.0,19,3,5,0,27,0,334
7530.0,19,3,5,0,27,0,334
7531.0,19,3,5,0,27,0,334
7532.0,19,3,5,0,27,0,334
7533.0,19,3,5,0,27,0,334
7534.0,19,3,5,0,27,0,334
7535.0,19,3,5,0,27,0,334
7536.0,19,3,5,0,27,0,334
7537.0,19,3,5,0,27,0,334
7538.0,19,3,5,0,27,0,334
7539.0,19,3,5,0,27,0,334
7540.0,19,3,5,0,27,0,334
7541.0,19,3,5,0,27,0,334
7542.0,19,3,5,0,27,0,334
7543.0,19,3,5,0,27,0,334
7544.0,19,3,5,0,27,0,334
7545.0,19,3,5,0,27,0,334
7546.0,19,3,5,0,27,0,334
7547.0,19,3,5,0,27,0,334
7548.0,19,3,5,0,27,0,334
7549.0,19,3,5,0,27,0,334
7550.0,19,3,5,0,27,0,334
7551.0,19,3,5,0,27,0,334
7552.0,19,3,5,0,27,0,334
7553.0,19,3,5,0,27,0,334
7554.0,19,3,5,0,27,0,334
7555.0,19,3,5,0,27,0,334
7556.0,19,3,5,0,27,0,334
7557.0,19,3,5,0,27,0,334
7558.0,19,3,5,0,27,0,334
7559.0,19,3,5,0,27,0,334
7560.0,19,3,5,0,27,0,334
7561.0,19,3,5,0,27,0,334
7562.0,19,3,5,0,27,0,334
7563.0,19,3,5,0,27,0,334
7564.0,19,3,5,0,27,0,334
7565.0,19,3,5,0,27,0,334
7566.0,19,3,5,0,27,0,334
7567.0,19,3,5,0,27,0,334
7568.0,19,3,5,0,27,0,334
7569.0,19,3,5,0,27,0,334
7570.0,19,3,5,0,27,0,334
7571.0,19,3,5,0,27,0,334
7572.0,19,3,5,0,27,0,334
7573.0,19,3,5,0,27,0,334
7574.0,19,3,5,0,27,0,334
7575.0,19,3,5,0,27,0,334
7576.0,19,3,5,0,27,0,334
7577.0,19,3,5,0,27,0,334
7578.0,19,3,5,0,27,0,334
7579.0,19,3,5,0,27,0,334
7580.0,19,3,5,0,27,0,334
7581.0,19,3,5,0,27,0,334
7582.0,19,3,5,0,27,0,334
7583.0,19,3,5,0,27,0,334
7584.0,19,3,5,0,27,0,334
7585.0,19,3,5,0,27,0,334
7586.0,19,3,5,0,27,0,334
7587.0,19,3,5,0,27,0,334
7588.0,19,3,5,0,27,0,334
7589.0,19,3,5,0,27,0,334
7590.0,19,3,5,0,27,0,334
7591.0,19,3,5,0,27,0,334
7592.0,19,3,5,0,27,0,334
7593.0,19,3,5,0,27,0,334
7594.0,19,3,5,0,27,0,334
7595.0,19,3,5,0,27,0,334
7596.0,19,3,5,0,27,0,334
7597.0,19,3,5,0,27,0,334
7598.0,19,3,5,0,27,0,334
7599.0,19,3,5,0,27,0,334
7600.0,19,3,5,0,27,0,334
7601.0,19,3,5,0,27,0,334
7602.0,19,3,5,0,27,0,334
7603.0,19,3,5,0,27,0,334
7604.0,19,3,5,0,27,0,334
7605.0,19,3,5,0,27,0,334
7606.0,19,3,5,0,27,0,334
7607.0,19,3,5,0,27,0,334
7608.0,19,3,5,0,27,0,334
7609.0,19,3,5,0,27,0,334
7610.0,19,3,5,0,27,0,334
7611.0,19,3,5,0,27,0,334
7612.0,19,3,5,0,27,0,334
7613.0,19,3,5,0,27,0,334
7614.0,19,3,5,0,27,0,334
7615.0,19,3,5,0,27,0,334
7616.0,19,3,5,0,27,0,334
7617.0,19,3,5,0,27,0,334
7618.0,19,3,5,0,27,0,334
7619.0,19,3,5,0,27,0,334
7620.0,19,3,5,0,27,0,334
7621.0,19,3,5,0,27,0,334
7622.0,19,3,5,0,27,0,334
7623.0,19,3,5,0,27,0,334
7624.0,19,3,5,0,27,0,334
7625.0,19,3,5,0,27,0,334
7626.0,19,3,5,0,27,0,334
7627.0,19,3,5,0,27,0,334
7628.0,19,3,5,0,27,0,334
7629.0,19,3,5,0,27,0,334
7630.0,19,3,5,0,27,0,334
7631.0,19,3,5,0,27,0,334
7632.0,19,3,5,0,27,0,334
7633.0,19,3,5,0,27,0,334
7634.0,19,3,5,0,27,0,334
7635.0,19,3,5,0,27,0,334
7636.0,19,3,5,0,27,0,334
7637.0,19,3,5,0,27,0,334
7638.0,19,3,5,0,27,0,334
7639.0,19,3,5,0,27,0,334
7640.0,19,3,5,0,27,0,334
7641.0,19,3,5,0,27,0,334
7642.0,19,3,5,0,27,0,334
7643.0,19,3,5,0,27,0,334
7644.0,19,3,5,0,27,0,334
7645.0,19,3,5,0,27,0,334
7646.0,19,3,5,0,27,0,334
7647.0,19,3,5,0,27,0,334
7648.0,19,3,5,0,27,0,334
7649.0,19,3,5,0,27,0,334
7650.0,19,3,5,0,27,0,334
7651.0,19,3,5,0,27,0,334
7652.0,19,3,5,0,27,0,334
7653.0,19,3,5,0,27,0,334
7654.0,19,3,5,0,27,0,334
7655.0,19,3,5,0,27,0,334
7656.0,19,3,5,0,27,0,334
7657.0,19,3,5,0,27,0,334
7658.0,19,3,5,0,27,0,334
7659.0,19,3,5,0,27,0,334
7660.0,19,3,5,0,27,0,334
7661.0,19,3,5,0,27,0,334
7662.0,19,3,5,0,27,0,334
7663.0,19,3,5,0,27,0,334
7664.0,19,3,5,0,27,0,334
7665.0,19,3,5,0,27,0,334
7666.0,19,3,5,0,27,0,334
7667.0,19,3,5,0,27,0,334
7668.0,19,3,5,0,27,0,334
7669.0,19,3,5,0,27,0,334
7670.0,19,3,5,0,27,0,334
7671.0,19,3,5,0,27,0,334
7672.0,19,3,5,0,27,0,334
7673.0,19,3,5,0,27,0,334
7674.0,19,3,5,0,27,0,334
7675.0,19,3,5,0,27,0,334
7676.0,19,3,5,0,27,0,334
7677.0,19,3,5,0,27,0,334
7678.0,19,3,5,0,27,0,334
7679.0,19,3,5,0,27,0,334
7680.0,19,3,5,0,27,0,334
7681.0,19,3,5,0,27,0,334
7682.0,19,3,5,0,27,0,334
7683.0,19,3,5,0,27,0,334
7684.0,19,3,5,0,27,0,334
7685.0,19,3,5,0,27,0,334
7686.0,19,3,5,0,27,0,334
7687.0,19,3,5,0,27,0,334
7688.0,19,3,5,0,27,0,334
7689.0,19,3,5,0,27,0,334
7690.0,19,3,5,0,27,0,334
7691.0,19,3,5,0,27,0,334
7692.0,19,3,5,0,27,0,334
7693.0,19,3,5,0,27,0,334
7694.0,19,3,5,0,27,0,334
7695.0,19,3,5,0,27,0,334
7696.0,19,3,5,0,27,0,334
7697.0,19,3,5,0,27,0,334
7698.0,19,3,5,0,27,0,334
7699.0,19,3,5,0,27,0,334
7700.0,19,3,5,0,27,0,334
7701.0,19,3,5,0,27,0,334
7702.0,19,3,5,0,27,0,334
7703.0,19,3,5,0,27,0,334
7704.0,19,3,5,0,27,0,334
7705.0,19,3,5,0,27,0,334
7706.0,19,3,5,0,27,0,334
7707.0,19,3,5,0,27,0,334
7708.0,19,3,5,0,27,0,334
7709.0,19,3,5,0,27,0,334
7710.0,19,3,5,0,27,0,334
7711.0,19,3,5,0,27,0,334
7712.0,19,3,5,0,27,0,334
7713.0,19,3,5,0,27,0,334
7714.0,19,3,5,0,27,0,334
7715.0,19,3,5,0,27,0,334
7716.0,19,3,5,0,27,0,334
7717.0,19,3,5,0,27,0,334
7718.0,19,3,5,0,27,0,334
7719.0,19,3,5,0,27,0,334
7720.0,19,3,5,0,27,0,334
7721.0,19,3,5,0,27,0,334
7722.0,19,3,5,0,27,0,334
7723.0,19,3,5,0,27,0,334
7724.0,19,3,5,0,27,0,334
7725.0,19,3,5,0,27,0,334
7726.0,19,3,5,0,27,0,334
7727.0,19,3,5,0,27,0,334
7728.0,19,3,5,0,27,0,334
7729.0,19,3,5,0,27,0,334
7730.0,19,3,5,0,27,0,334
7731.0,19,3,5,0,27,0,334
7732.0,19,3,5,0,27,0,334
7733.0,19,3,5,0,27,0,334
7734.0,19,3,5,0,27,0,334
7735.0,19,3,5,0,27,0,334
7736.0,19,3,5,0,27,0,334
7737.0,19,3,5,0,27,0,334
7738.0,19,3,5,0,27,0,334
7739.0,19,3,5,0,27,0,334
7740.0,19,3,5,0,27,0,334
7741.0,19,3,5,0,27,0,334
7742.0,19,3,5,0,27,0,334
7743.0,19,3,5,0,27,0,334
7744.0,19,3,5,0,27,0,334
7745.0,19,3,5,0,27,0,334
7746.0,19,3,5,0,27,0,334
7747.0,19,3,5,0,27,0,334
7748.0,19,3,5,0,27,0,334
7749.0,19,3,5,0,27,0,334
7750.0,19,3,5,0,27,0,334
7751.0,19,3,5,0,27,0,334
7752.0,19,3,5,0,27,0,334
7753.0,19,3,5,0,27,0,334
7754.0,19,3,5,0,27,0,334
7755.0,19,3,5,0,27,0,334
7756.0,19,3,5,0,27,0,334
7757.0,19,3,5,0,27,0,334
7758.0,19,3,5,0,27,0,334
7759.0,19,3,5,0,27,0,334
7760.0,19,3,5,0,27,0,334
7761.0,19,3,5,0,27,0,334
7762.0,19,3,5,0,27,0,334
7763.0,19,3,5,0,27,0,334
7764.0,19,3,5,0,27,0,334
7765.0,19,3,5,0,27,0,334
7766.0,19,3,5,0,27,0,334
7767.0,19,3,5,0,27,0,334
7768.0,19,3,5,0,27,0,334
7769.0,19,3,5,0,27,0,334
7770.0,19,3,5,0,27,0,334
7771.0,19,3,5,0,27,0,334
7772.0,19,3,5,0,27,0,334
7773.0,19,3,5,0,27,0,334
7774.0,19,3,5,0,27,0,334
7775.0,19,3,5,0,27,0,334
7776.0,19,3,5,0,27,0,334
7777.0,19,3,5,0,27,0,334
7778.0,19,3,5,0,27,0,334
7779.0,19,3,5,0,27,0,334
7780.0,19,3,5,0,27,0,334
7781.0,19,3,5,0,27,0,334
7782.0,19,3,5,0,27,0,334
7783.0,19,3,5,0,27,0,334
7784.0,19,3,5,0,27,0,334
7785.0,19,3,5,0,27,0,334
7786.0,19,3,5,0,27,0,334
7787.0,19,3,5,0,27,0,334
7788.0,19,3,5,0,27,0,334
7789.0,19,3,5,0,27,0,334
7790.0,19,3,5,0,27,0,334
7791.0,19,3,5,0,27,0,334
7792.0,19,3,5,0,27,0,334
7793.0,19,3,5,0,27,0,334
7794.0,19,3,5,0,27,0,334
7795.0,19,3,5,0,27,0,334
7796.0,19,3,5,0,27,0,334
7797.0,19,3,5,0,27,0,334
7798.0,19,3,5,0,27,0,334
7799.0,19,3,5,0,27,0,334
7800.0,19,3,5,0,27,0,334
7801.0,19,3,5,0,27,0,334
7802.0,19,3,5,0,27,0,334
7803.0,19,3,5,0,27,0,334
7804.0,19,3,5,0,27,0,334
7805.0,19,3,5,0,27,0,334
7806.0,19,3,5,0,27,0,334
7807.0,19,3,5,0,27,0,334
7808.0,19,3,5,0,27,0,334
7809.0,19,3,5,0,27,0,334
7810.0,19,3,5,0,27,0,334
7811.0,19,3,5,0,27,0,334
7812.0,19,3,5,0,27,0,334
7813.0,19,3,5,0,27,0,334
7814.0,19,3,5,0,27,0,334
7815.0,19,3,5,0,27,0,334
7816.0,19,3,5,0,27,0,334
7817.0,19,3,5,0,27,0,334
7818.0,19,3,5,0,27,0,334
7819.0,19,3,5,0,27,0,334
7820.0,19,3,5,0,27,0,334
7821.0,19,3,5,0,27,0,334
7822.0,19,3,5,0,27,0,334
7823.0,19,3,5,0,27,0,334
7824.0,19,3,5,0,27,0,334
7825.0,19,3,5,0,27,0,334
7826.0,19,3,5,0,27,0,334
7827.0,19,3,5,0,27,0,334
7828.0,19,3,5,0,27,0,334
7829.0,19,3,5,0,27,0,334
7830.0,19,3,5,0,27,0,334
7831.0,19,3,5,0,27,0,334
7832.0,19,3,5,0,27,0,334
7833.0,19,3,5,0,27,0,334
7834.0,19,3,5,0,27,0,334
7835.0,19,3,5,0,27,0,334
7836.0,19,3,5,0,27,0,334
7837.0,19,3,5,0,27,0,334
7838.0,19,3,5,0,27,0,334
7839.0,19,3,5,0,27,0,334
7840.0,19,3,5,0,27,0,334
7841.0,19,3,5,0,27,0,334
7842.0,19,3,5,0,27,0,334
7843.0,19,3,5,0,27,0,334
7844.0,19,3,5,0,27,0,334
7845.0,19,3,5,0,27,0,334
7846.0,19,3,5,0,27,0,334
7847.0,19,3,5,0,27,0,334
7848.0,19,3,5,0,27,0,334
7849.0,19,3,5,0,27,0,334
7850.0,19,3,5,0,27,0,334
7851.0,19,3,5,0,27,0,334
7852.0,19,3,5,0,27,0,334
7853.0,19,3,5,0,27,0,334
7854.0,19,3,5,0,27,0,334
7855.0,19,3,5,0,27,0,334
7856.0,19,3,5,0,27,0,334
7857.0,19,3,5,0,27,0,334
7858.0,19,3,5,0,27,0,334
7859.0,19,3,5,0,27,0,334
7860.0,19,3,5,0,27,0,334
7861.0,19,3,5,0,27,0,334
7862.0,19,3,5,0,27,0,334
7863.0,19,3,5,0,27,0,334
7864.0,19,3,5,0,27,0,334
7865.0,19,3,5,0,27,0,334
7866.0,19,3,5,0,27,0,334
7867.0,19,3,5,0,27,0,334
7868.0,19,3,5,0,27,0,334
7869.0,19,3,5,0,27,0,334
7870.0,19,3,5,0,27,0,334
7871.0,19,3,5,0,27,0,334
7872.0,19,3,5,0,27,0,334
7873.0,19,3,5,0,27,0,334
7874.0,19,3,5,0,27,0,334
7875.0,19,3,5,0,27,0,334
7876.0,19,3,5,0,27,0,334
7877.0,19,3,5,0,27,0,334
7878.0,19,3,5,0,27,0,334
7879.0,19,3,5,0,27,0,334
7880.0,19,3,5,0,27,0,334
7881.0,19,3,5,0,27,0,334
7882.0,19,3,5,0,27,0,334
7883.0,19,3,5,0,27,0,334
7884.0,19,3,5,0,27,0,334
7885.0,19,3,5,0,27,0,334
7886.0,19,3,5,0,27,0,334
7887.0,19,3,5,0,27,0,334
7888.0,19,3,5,0,27,0,334
7889.0,19,3,5,0,27,0,334
7890.0,19,3,5,0,27,0,334
7891.0,19,3,5,0,27,0,334
7892.0,19,3,5,0,27,0,334
7893.0,19,3,5,0,27,0,334
7894.0,19,3,5,0,27,0,334
7895.0,19,3,5,0,27,0,334
7896.0,19,3,5,0,27,0,334
7897.0,19,3,5,0,27,0,334
7898.0,19,3,5,0,27,0,334
7899.0,19,3,5,0,27,0,334
7900.0,19,3,5,0,27,0,334
7901.0,19,3,5,0,27,0,334
7902.0,19,3,5,0,27,0,334
7903.0,19,3,5,0,27,0,334
7904.0,19,3,5,0,27,0,334
7905.0,19,3,5,0,27,0,334
7906.0,19,3,5,0,27,0,334
7907.0,19,3,5,0,27,0,334
7908.0,19,3,5,0,27,0,334
7909.0,19,3,5,0,27,0,334
7910.0,19,3,5,0,27,0,334
7911.0,19,3,5,0,27,0,334
7912.0,19,3,5,0,27,0,334
7913.0,19,3,5,0,27,0,334
7914.0,19,3,5,0,27,0,334
7915.0,19,3,5,0,27,0,334
7916.0,19,3,5,0,27,0,334
7917.0,19,3,5,0,27,0,334
7918.0,19,3,5,0,27,0,334
7919.0,19,3,5,0,27,0,334
7920.0,19,3,5,0,27,0,334
7921.0,19,3,5,0,27,0,334
7922.0,19,3,5,0,27,0,334
7923.0,19,3,5,0,27,0,334
7924.0,19,3,5,0,27,0,334
7925.0,19,3,5,0,27,0,334
7926.0,19,3,5,0,27,0,334
7927.0,19,3,5,0,27,0,334
7928.0,19,3,5,0,27,0,334
7929.0,19,3,5,0,27,0,334
7930.0,19,3,5,0,27,0,334
7931.0,19,3,5,0,27,0,334
7932.0,19,3,5,0,27,0,334
7933.0,19,3,5,0,27,0,334
7934.0,19,3,5,0,27,0,334
7935.0,19,3,5,0,27,0,334
7936.0,19,3,5,0,27,0,334
7937.0,19,3,5,0,27,0,334
7938.0,19,3,5,0,27,0,334
7939.0,19,3,5,0,27,0,334
7940.0,19,3,5,0,27,0,334
7941.0,19,3,5,0,27,0,334
7942.0,19,3,5,0,27,0,334
7943.0,19,3,5,0,27,0,334
7944.0,19,3,5,0,27,0,334
7945.0,19,3,5,0,27,0,334
7946.0,19,3,5,0,27,0,334
7947.0,19,3,5,0,27,0,334
7948.0,19,3,5,0,27,0,334
7949.0,19,3,5,0,27,0,334
7950.0,19,3,5,0,27,0,334
7951.0,19,3,5,0,27,0,334
7952.0,19,3,5,0,27,0,334
7953.0,19,3,5,0,27,0,334
7954.0,19,3,5,0,27,0,334
7955.0,19,3,5,0,27,0,334
7956.0,19,3,5,0,27,0,334
7957.0,19,3,5,0,27,0,334
7958.0,19,3,5,0,27,0,334
7959.0,19,3,5,0,27,0,334
7960.0,19,3,5,0,27,0,334
7961.0,19,3,5,0,27,0,334
7962.0,19,3,5,0,27,0,334
7963.0,19,3,5,0,27,0,334
7964.0,19,3,5,0,27,0,334
7965.0,19,3,5,0,27,0,334
7966.0,19,3,5,0,27,0,334
7967.0,19,3,5,0,27,0,334
7968.0,19,3,5,0,27,0,334
7969.0,19,3,5,0,27,0,334
7970.0,19,3,5,0,27,0,334
7971.0,19,3,5,0,27,0,334
7972.0,19,3,5,0,27,0,334
7973.0,19,3,5,0,27,0,334
7974.0,19,3,5,0,27,0,334
7975.0,19,3,5,0,27,0,334
7976.0,19,3,5,0,27,0,334
7977.0,19,3,5,0,27,0,334
7978.0,19,3,5,0,27,0,334
7979.0,19,3,5,0,27,0,334
7980.0,19,3,5,0,27,0,334
7981.0,19,3,5,0,27,0,334
7982.0,19,3,5,0,27,0,334
7983.0,19,3,5,0,27,0,334
7984.0,19,3,5,0,27,0,334
7985.0,19,3,5,0,27,0,334
7986.0,19,3,5,0,27,0,334
7987.0,19,3,5,0,27,0,334
7988.0,19,3,5,0,27,0,334
7989.0,19,3,5,0,27,0,334
7990.0,19,3,5,0,27,0,334
7991.0,19,3,5,0,27,0,334
7992.0,19,3,5,0,27,0,334
7993.0,19,3,5,0,27,0,334
7994.0,19,3,5,0,27,0,334
7995.0,19,3,5,0,27,0,334
7996.0,19,3,5,0,27,0,334
7997.0,19,3,5,0,27,0,334
7998.0,19,3,5,0,27,0,334
7999.0,19,3,5,0,27,0,334
8000.0,19,3,5,0,27,0,334
8001.0,19,3,5,0,27,0,334
8002.0,19,3,5,0,27,0,334
8003.0,19,3,5,0,27,0,334
8004.0,19,3,5,0,27,0,334
8005.0,19,3,5,0,27,0,334
8006.0,19,3,5,0,27,0,334
8007.0,19,3,5,0,27,0,334
8008.0,19,3,5,0,27,0,334
8009.0,19,3,5,0,27,0,334
8010.0,19,3,5,0,27,0,334
8011.0,19,3,5,0,27,0,334
8012.0,19,3,5,0,27,0,334
8013.0,19,3,5,0,27,0,334
8014.0,19,3,5,0,27,0,334
8015.0,19,3,5,0,27,0,334
8016.0,19,3,5,0,27,0,334
8017.0,19,3,5,0,27,0,334
8018.0,19,3,5,0,27,0,334
8019.0,19,3,5,0,27,0,334
8020.0,19,3,5,0,27,0,334
8021.0,19,3,5,0,27,0,334
8022.0,19,3,5,0,27,0,334
8023.0,19,3,5,0,27,0,334
8024.0,19,3,5,0,27,0,334
8025.0,19,3,5,0,27,0,334
8026.0,19,3,5,0,27,0,334
8027.0,19,3,5,0,27,0,334
8028.0,19,3,5,0,27,0,334
8029.0,19,3,5,0,27,0,334
8030.0,19,3,5,0,27,0,334
8031.0,19,3,5,0,27,0,334
8032.0,19,3,5,0,27,0,334
8033.0,19,3,5,0,27,0,334
8034.0,19,3,5,0,27,0,334
8035.0,19,3,5,0,27,0,334
8036.0,19,3,5,0,27,0,334
8037.0,19,3,5,0,27,0,334
8038.0,19,3,5,0,27,0,334
8039.0,19,3,5,0,27,0,334
8040.0,19,3,5,0,27,0,334
8041.0,19,3,5,0,27,0,334
8042.0,19,3,5,0,27,0,334
8043.0,19,3,5,0,27,0,334
8044.0,19,3,5,0,27,0,334
8045.0,19,3,5,0,27,0,334
8046.0,19,3,5,0,27,0,334
8047.0,19,3,5,0,27,0,334
8048.0,19,3,5,0,27,0,334
8049.0,19,3,5,0,27,0,334
8050.0,19,3,5,0,27,0,334
8051.0,19,3,5,0,27,0,334
8052.0,19,3,5,0,27,0,334
8053.0,19,3,5,0,27,0,334
8054.0,19,3,5,0,27,0,334
8055.0,19,3,5,0,27,0,334
8056.0,19,3,5,0,27,0,334
8057.0,19,3,5,0,27,0,334
8058.0,19,3,5,0,27,0,334
8059.0,19,3,5,0,27,0,334
8060.0,19,3,5,0,27,0,334
8061.0,19,3,5,0,27,0,334
8062.0,19,3,5,0,27,0,334
8063.0,19,3,5,0,27,0,334
8064.0,19,3,5,0,27,0,334
8065.0,19,3,5,0,27,0,334
8066.0,19,3,5,0,27,0,334
8067.0,19,3,5,0,27,0,334
8068.0,19,3,5,0,27,0,334
8069.0,19,3,5,0,27,0,334
8070.0,19,3,5,0,27,0,334
8071.0,19,3,5,0,27,0,334
8072.0,19,3,5,0,27,0,334
8073.0,19,3,5,0,27,0,334
8074.0,19,3,5,0,27,0,334
8075.0,19,3,5,0,27,0,334
8076.0,19,3,5,0,27,0,334
8077.0,19,3,5,0,27,0,334
8078.0,19,3,5,0,27,0,334
8079.0,19,3,5,0,27,0,334
8080.0,19,3,5,0,27,0,334
8081.0,19,3,5,0,27,0,334
8082.0,19,3,5,0,27,0,334
8083.0,19,3,5,0,27,0,334
8084.0,19,3,5,0,27,0,334
8085.0,19,3,5,0,27,0,334
8086.0,19,3,5,0,27,0,334
8087.0,19,3,5,0,27,0,334
8088.0,19,3,5,0,27,0,334
8089.0,19,3,5,0,27,0,334
8090.0,19,3,5,0,27,0,334
8091.0,19,3,5,0,27,0,334
8092.0,19,3,5,0,27,0,334
8093.0,19,3,5,0,27,0,334
8094.0,19,3,5,0,27,0,334
8095.0,19,3,5,0,27,0,334
8096.0,19,3,5,0,27,0,334
8097.0,19,3,5,0,27,0,334
8098.0,19,3,5,0,27,0,334
8099.0,19,3,5,0,27,0,334
8100.0,19,3,5,0,27,0,334
8101.0,19,3,5,0,27,0,334
8102.0,19,3,5,0,27,0,334
8103.0,19,3,5,0,27,0,334
8104.0,19,3,5,0,27,0,334
8105.0,19,3,5,0,27,0,334
8106.0,19,3,5,0,27,0,334
8107.0,19,3,5,0,27,0,334
8108.0,19,3,5,0,27,0,334
8109.0,19,3,5,0,27,0,334
8110.0,19,3,5,0,27,0,334
8111.0,19,3,5,0,27,0,334
8112.0,19,3,5,0,27,0,334
8113.0,19,3,5,0,27,0,334
8114.0,19,3,5,0,27,0,334
8115.0,19,3,5,0,27,0,334
8116.0,19,3,5,0,27,0,334
8117.0,19,3,5,0,27,0,334
8118.0,19,3,5,0,27,0,334
8119.0,19,3,5,0,27,0,334
8120.0,19,3,5,0,27,0,334
8121.0,19,3,5,0,27,0,334
8122.0,19,3,5,0,27,0,334
8123.0,19,3,5,0,27,0,334
8124.0,19,3,5,0,27,0,334
8125.0,19,3,5,0,27,0,334
8126.0,19,3,5,0,27,0,334
8127.0,19,3,5,0,27,0,334
8128.0,19,3,5,0,27,0,334
8129.0,19,3,5,0,27,0,334
8130.0,19,3,5,0,27,0,334
8131.0,19,3,5,0,27,0,334
8132.0,19,3,5,0,27,0,334
8133.0,19,3,5,0,27,0,334
8134.0,19,3,5,0,27,0,334
8135.0,19,3,5,0,27,0,334
8136.0,19,3,5,0,27,0,334
8137.0,19,3,5,0,27,0,334
8138.0,19,3,5,0,27,0,334
8139.0,19,3,5,0,27,0,334
8140.0,19,3,5,0,27,0,334
8141.0,19,3,5,0,27,0,334
8142.0,19,3,5,0,27,0,334
8143.0,19,3,5,0,27,0,334
8144.0,19,3,5,0,27,0,334
8145.0,19,3,5,0,27,0,334
8146.0,19,3,5,0,27,0,334
8147.0,19,3,5,0,27,0,334
8148.0,19,3,5,0,27,0,334
8149.0,19,3,5,0,27,0,334
8150.0,19,3,5,0,27,0,334
8151.0,19,3,5,0,27,0,334
8152.0,19,3,5,0,27,0,334
8153.0,19,3,5,0,27,0,334
8154.0,19,3,5,0,27,0,334
8155.0,19,3,5,0,27,0,334
8156.0,19,3,5,0,27,0,334
8157.0,19,3,5,0,27,0,334
8158.0,19,3,5,0,27,0,334
8159.0,19,3,5,0,27,0,334
8160.0,19,3,5,0,27,0,334
8161.0,19,3,5,0,27,0,334
8162.0,19,3,5,0,27,0,334
8163.0,19,3,5,0,27,0,334
8164.0,19,3,5,0,27,0,334
8165.0,19,3,5,0,27,0,334
8166.0,19,3,5,0,27,0,334
8167.0,19,3,5,0,27,0,334
8168.0,19,3,5,0,27,0,334
8169.0,19,3,5,0,27,0,334
8170.0,19,3,5,0,27,0,334
8171.0,19,3,5,0,27,0,334
8172.0,19,3,5,0,27,0,334
8173.0,19,3,5,0,27,0,334
8174.0,19,3,5,0,27,0,334
8175.0,19,3,5,0,27,0,334
8176.0,19,3,5,0,27,0,334
8177.0,19,3,5,0,27,0,334
8178.0,19,3,5,0,27,0,334
8179.0,19,3,5,0,27,0,334
8180.0,19,3,5,0,27,0,334
8181.0,19,3,5,0,27,0,334
8182.0,19,3,5,0,27,0,334
8183.0,19,3,5,0,27,0,334
8184.0,19,3,5,0,27,0,334
8185.0,19,3,5,0,27,0,334
8186.0,19,3,5,0,27,0,334
8187.0,19,3,5,0,27,0,334
8188.0,19,3,5,0,27,0,334
8189.0,19,3,5,0,27,0,334
8190.0,19,3,5,0,27,0,334
8191.0,19,3,5,0,27,0,334
8192.0,19,3,5,0,27,0,334
8193.0,19,3,5,0,27,0,334
8194.0,19,3,5,0,27,0,334
8195.0,19,3,5,0,27,0,334
8196.0,19,3,5,0,27,0,334
8197.0,19,3,5,0,27,0,334
8198.0,19,3,5,0,27,0,334
8199.0,19,3,5,0,27,0,334
8200.0,19,3,5,0,27,0,334
8201.0,19,3,5,0,27,0,334
8202.0,19,3,5,0,27,0,334
8203.0,19,3,5,0,27,0,334
8204.0,19,3,5,0,27,0,334
8205.0,19,3,5,0,27,0,334
8206.0,19,3,5,0,27,0,334
8207.0,19,3,5,0,27,0,334
8208.0,19,3,5,0,27,0,334
8209.0,19,3,5,0,27,0,334
8210.0,19,3,5,0,27,0,334
8211.0,19,3,5,0,27,0,334
8212.0,19,3,5,0,27,0,334
8213.0,19,3,5,0,27,0,334
8214.0,19,3,5,0,27,0,334
8215.0,19,3,5,0,27,0,334
8216.0,19,3,5,0,27,0,334
8217.0,19,3,5,0,27,0,334
8218.0,19,3,5,0,27,0,334
8219.0,19,3,5,0,27,0,334
8220.0,19,3,5,0,27,0,334
8221.0,19,3,5,0,27,0,334
8222.0,19,3,5,0,27,0,334
8223.0,19,3,5,0,27,0,334
8224.0,19,3,5,0,27,0,334
8225.0,19,3,5,0,27,0,334
8226.0,19,3,5,0,27,0,334
8227.0,19,3,5,0,27,0,334
8228.0,19,3,5,0,27,0,334
8229.0,19,3,5,0,27,0,334
8230.0,19,3,5,0,27,0,334
8231.0,19,3,5,0,27,0,334
8232.0,19,3,5,0,27,0,334
8233.0,19,3,5,0,27,0,334
8234.0,19,3,5,0,27,0,334
8235.0,19,3,5,0,27,0,334
8236.0,19,3,5,0,27,0,334
8237.0,19,3,5,0,27,0,334
8238.0,19,3,5,0,27,0,334
8239.0,19,3,5,0,27,0,334
8240.0,19,3,5,0,27,0,334
8241.0,19,3,5,0,27,0,334
8242.0,19,3,5,0,27,0,334
8243.0,19,3,5,0,27,0,334
8244.0,19,3,5,0,27,0,334
8245.0,19,3,5,0,27,0,334
8246.0,19,3,5,0,27,0,334
8247.0,19,3,5,0,27,0,334
8248.0,19,3,5,0,27,0,334
8249.0,19,3,5,0,27,0,334
8250.0,19,3,5,0,27,0,334
8251.0,19,3,5,0,27,0,334
8252.0,19,3,5,0,27,0,334
8253.0,19,3,5,0,27,0,334
8254.0,19,3,5,0,27,0,334
8255.0,19,3,5,0,27,0,334
8256.0,19,3,5,0,27,0,334
8257.0,19,3,5,0,27,0,334
8258.0,19,3,5,0,27,0,334
8259.0,19,3,5,0,27,0,334
8260.0,19,3,5,0,27,0,334
8261.0,19,3,5,0,27,0,334
8262.0,19,3,5,0,27,0,334
8263.0,19,3,5,0,27,0,334
8264.0,19,3,5,0,27,0,334
8265.0,19,3,5,0,27,0,334
8266.0,19,3,5,0,27,0,334
8267.0,19,3,5,0,27,0,334
8268.0,19,3,5,0,27,0,334
8269.0,19,3,5,0,27,0,334
8270.0,19,3,5,0,27,0,334
8271.0,19,3,5,0,27,0,334
8272.0,19,3,5,0,27,0,334
8273.0,19,3,5,0,27,0,334
8274.0,19,3,5,0,27,0,334
8275.0,19,3,5,0,27,0,334
8276.0,19,3,5,0,27,0,334
8277.0,19,3,5,0,27,0,334
8278.0,19,3,5,0,27,0,334
8279.0,19,3,5,0,27,0,334
8280.0,19,3,5,0,27,0,334
8281.0,19,3,5,0,27,0,334
8282.0,19,3,5,0,27,0,334
8283.0,19,3,5,0,27,0,334
8284.0,19,3,5,0,27,0,334
8285.0,19,3,5,0,27,0,334
8286.0,19,3,5,0,27,0,334
8287.0,19,3,5,0,27,0,334
8288.0,19,3,5,0,27,0,334
8289.0,19,3,5,0,27,0,334
8290.0,19,3,5,0,27,0,334
8291.0,19,3,5,0,27,0,334
8292.0,19,3,5,0,27,0,334
8293.0,19,3,5,0,27,0,334
8294.0,19,3,5,0,27,0,334
8295.0,19,3,5,0,27,0,334
8296.0,19,3,5,0,27,0,334
8297.0,19,3,5,0,27,0,334
8298.0,19,3,5,0,27,0,334
8299.0,19,3,5,0,27,0,334
8300.0,19,3,5,0,27,0,334
8301.0,19,3,5,0,27,0,334
8302.0,19,3,5,0,27,0,334
8303.0,19,3,5,0,27,0,334
8304.0,19,3,5,0,27,0,334
8305.0,19,3,5,0,27,0,334
8306.0,19,3,5,0,27,0,334
8307.0,19,3,5,0,27,0,334
8308.0,19,3,5,0,27,0,334
8309.0,19,3,5,0,27,0,334
8310.0,19,3,5,0,27,0,334
8311.0,19,3,5,0,27,0,334
8312.0,19,3,5,0,27,0,334
8313.0,19,3,5,0,27,0,334
8314.0,19,3,5,0,27,0,334
8315.0,19,3,5,0,27,0,334
8316.0,19,3,5,0,27,0,334
8317.0,19,3,5,0,27,0,334
8318.0,19,3,5,0,27,0,334
8319.0,19,3,5,0,27,0,334
8320.0,19,3,5,0,27,0,334
8321.0,19,3,5,0,27,0,334
8322.0,19,3,5,0,27,0,334
8323.0,19,3,5,0,27,0,334
8324.0,19,3,5,0,27,0,334
8325.0,19,3,5,0,27,0,334
8326.0,19,3,5,0,27,0,334
8327.0,19,3,5,0,27,0,334
8328.0,19,3,5,0,27,0,334
8329.0,19,3,5,0,27,0,334
8330.0,19,3,5,0,27,0,334
8331.0,19,3,5,0,27,0,334
8332.0,19,3,5,0,27,0,334
8333.0,19,3,5,0,27,0,334
8334.0,19,3,5,0,27,0,334
8335.0,19,3,5,0,27,0,334
8336.0,19,3,5,0,27,0,334
8337.0,19,3,5,0,27,0,334
8338.0,19,3,5,0,27,0,334
8339.0,19,3,5,0,27,0,334
8340.0,19,3,5,0,27,0,334
8341.0,19,3,5,0,27,0,334
8342.0,19,3,5,0,27,0,334
8343.0,19,3,5,0,27,0,334
8344.0,19,3,5,0,27,0,334
8345.0,19,3,5,0,27,0,334
8346.0,19,3,5,0,27,0,334
8347.0,19,3,5,0,27,0,334
8348.0,19,3,5,0,27,0,334
8349.0,19,3,5,0,27,0,334
8350.0,19,3,5,0,27,0,334
8351.0,19,3,5,0,27,0,334
8352.0,19,3,5,0,27,0,334
8353.0,19,3,5,0,27,0,334
8354.0,19,3,5,0,27,0,334
8355.0,19,3,5,0,27,0,334
8356.0,19,3,5,0,27,0,334
8357.0,19,3,5,0,27,0,334
8358.0,19,3,5,0,27,0,334
8359.0,19,3,5,0,27,0,334
8360.0,19,3,5,0,27,0,334
8361.0,19,3,5,0,27,0,334
8362.0,19,3,5,0,27,0,334
8363.0,19,3,5,0,27,0,334
8364.0,19,3,5,0,27,0,334
8365.0,19,3,5,0,27,0,334
8366.0,19,3,5,0,27,0,334
8367.0,19,3,5,0,27,0,334
8368.0,19,3,5,0,27,0,334
8369.0,19,3,5,0,27,0,334
8370.0,19,3,5,0,27,0,334
8371.0,19,3,5,0,27,0,334
8372.0,19,3,5,0,27,0,334
8373.0,19,3,5,0,27,0,334
8374.0,19,3,5,0,27,0,334
8375.0,19,3,5,0,27,0,334
8376.0,19,3,5,0,27,0,334
8377.0,19,3,5,0,27,0,334
8378.0,19,3,5,0,27,0,334
8379.0,19,3,5,0,27,0,334
8380.0,19,3,5,0,27,0,334
8381.0,19,3,5,0,27,0,334
8382.0,19,3,5,0,27,0,334
8383.0,19,3,5,0,27,0,334
8384.0,19,3,5,0,27,0,334
8385.0,19,3,5,0,27,0,334
8386.0,19,3,5,0,27,0,334
8387.0,19,3,5,0,27,0,334
8388.0,19,3,5,0,27,0,334
8389.0,19,3,5,0,27,0,334
8390.0,19,3,5,0,27,0,334
8391.0,19,3,5,0,27,0,334
8392.0,19,3,5,0,27,0,334
8393.0,19,3,5,0,27,0,334
8394.0,19,3,5,0,27,0,334
8395.0,19,3,5,0,27,0,334
8396.0,19,3,5,0,27,0,334
8397.0,19,3,5,0,27,0,334
8398.0,19,3,5,0,27,0,334
8399.0,19,3,5,0,27,0,334
8400.0,19,3,5,0,27,0,334
8401.0,19,3,5,0,27,0,334
8402.0,19,3,5,0,27,0,334
8403.0,19,3,5,0,27,0,334
8404.0,19,3,5,0,27,0,334
8405.0,19,3,5,0,27,0,334
8406.0,19,3,5,0,27,0,334
8407.0,19,3,5,0,27,0,334
8408.0,19,3,5,0,27,0,334
8409.0,19,3,5,0,27,0,334
8410.0,19,3,5,0,27,0,334
8411.0,19,3,5,0,27,0,334
8412.0,19,3,5,0,27,0,334
8413.0,19,3,5,0,27,0,334
8414.0,19,3,5,0,27,0,334
8415.0,19,3,5,0,27,0,334
8416.0,19,3,5,0,27,0,334
8417.0,19,3,5,0,27,0,334
8418.0,19,3,5,0,27,0,334
8419.0,19,3,5,0,27,0,334
8420.0,19,3,5,0,27,0,334
8421.0,19,3,5,0,27,0,334
8422.0,19,3,5,0,27,0,334
8423.0,19,3,5,0,27,0,334
8424.0,19,3,5,0,27,0,334
8425.0,19,3,5,0,27,0,334
8426.0,19,3,5,0,27,0,334
8427.0,19,3,5,0,27,0,334
8428.0,19,3,5,0,27,0,334
8429.0,19,3,5,0,27,0,334
8430.0,19,3,5,0,27,0,334
8431.0,19,3,5,0,27,0,334
8432.0,19,3,5,0,27,0,334
8433.0,19,3,5,0,27,0,334
8434.0,19,3,5,0,27,0,334
8435.0,19,3,5,0,27,0,334
8436.0,19,3,5,0,27,0,334
8437.0,19,3,5,0,27,0,334
8438.0,19,3,5,0,27,0,334
8439.0,19,3,5,0,27,0,334
8440.0,19,3,5,0,27,0,334
8441.0,19,3,5,0,27,0,334
8442.0,19,3,5,0,27,0,334
8443.0,19,3,5,0,27,0,334
8444.0,19,3,5,0,27,0,334
8445.0,19,3,5,0,27,0,334
8446.0,19,3,5,0,27,0,334
8447.0,19,3,5,0,27,0,334
8448.0,19,3,5,0,27,0,334
8449.0,19,3,5,0,27,0,334
8450.0,19,3,5,0,27,0,334
8451.0,19,3,5,0,27,0,334
8452.0,19,3,5,0,27,0,334
8453.0,19,3,5,0,27,0,334
8454.0,19,3,5,0,27,0,334
8455.0,19,3,5,0,27,0,334
8456.0,19,3,5,0,27,0,334
8457.0,19,3,5,0,27,0,334
8458.0,19,3,5,0,27,0,334
8459.0,19,3,5,0,27,0,334
8460.0,19,3,5,0,27,0,334
8461.0,19,3,5,0,27,0,334
8462.0,19,3,5,0,27,0,334
8463.0,19,3,5,0,27,0,334
8464.0,19,3,5,0,27,0,334
8465.0,19,3,5,0,27,0,334
8466.0,19,3,5,0,27,0,334
8467.0,19,3,5,0,27,0,334
8468.0,19,3,5,0,27,0,334
8469.0,19,3,5,0,27,0,334
8470.0,19,3,5,0,27,0,334
8471.0,19,3,5,0,27,0,334
8472.0,19,3,5,0,27,0,334
8473.0,19,3,5,0,27,0,334
8474.0,19,3,5,0,27,0,334
8475.0,19,3,5,0,27,0,334
8476.0,19,3,5,0,27,0,334
8477.0,19,3,5,0,27,0,334
8478.0,19,3,5,0,27,0,334
8479.0,19,3,5,0,27,0,334
8480.0,19,3,5,0,27,0,334
8481.0,19,3,5,0,27,0,334
8482.0,19,3,5,0,27,0,334
8483.0,19,3,5,0,27,0,334
8484.0,19,3,5,0,27,0,334
8485.0,19,3,5,0,27,0,334
8486.0,19,3,5,0,27,0,334
8487.0,19,3,5,0,27,0,334
8488.0,19,3,5,0,27,0,334
8489.0,19,3,5,0,27,0,334
8490.0,19,3,5,0,27,0,334
8491.0,19,3,5,0,27,0,334
8492.0,19,3,5,0,27,0,334
8493.0,19,3,5,0,27,0,334
8494.0,19,3,5,0,27,0,334
8495.0,19,3,5,0,27,0,334
8496.0,19,3,5,0,27,0,334
8497.0,19,3,5,0,27,0,334
8498.0,19,3,5,0,27,0,334
8499.0,19,3,5,0,27,0,334
8500.0,19,3,5,0,27,0,334
8501.0,19,3,5,0,27,0,334
8502.0,19,3,5,0,27,0,334
8503.0,19,3,5,0,27,0,334
8504.0,19,3,5,0,27,0,334
8505.0,19,3,5,0,27,0,334
8506.0,19,3,5,0,27,0,334
8507.0,19,3,5,0,27,0,334
8508.0,19,3,5,0,27,0,334
8509.0,19,3,5,0,27,0,334
8510.0,19,3,5,0,27,0,334
8511.0,19,3,5,0,27,0,334
8512.0,19,3,5,0,27,0,334
8513.0,19,3,5,0,27,0,334
8514.0,19,3,5,0,27,0,334
8515.0,19,3,5,0,27,0,334
8516.0,19,3,5,0,27,0,334
8517.0,19,3,5,0,27,0,334
8518.0,19,3,5,0,27,0,334
8519.0,19,3,5,0,27,0,334
8520.0,19,3,5,0,27,0,334
8521.0,19,3,5,0,27,0,334
8522.0,19,3,5,0,27,0,334
8523.0,19,3,5,0,27,0,334
8524.0,19,3,5,0,27,0,334
8525.0,19,3,5,0,27,0,334
8526.0,19,3,5,0,27,0,334
8527.0,19,3,5,0,27,0,334
8528.0,19,3,5,0,27,0,334
8529.0,19,3,5,0,27,0,334
8530.0,19,3,5,0,27,0,334
8531.0,19,3,5,0,27,0,334
8532.0,19,3,5,0,27,0,334
8533.0,19,3,5,0,27,0,334
8534.0,19,3,5,0,27,0,334
8535.0,19,3,5,0,27,0,334
8536.0,19,3,5,0,27,0,334
8537.0,19,3,5,0,27,0,334
8538.0,19,3,5,0,27,0,334
8539.0,19,3,5,0,27,0,334
8540.0,19,3,5,0,27,0,334
8541.0,19,3,5,0,27,0,334
8542.0,19,3,5,0,27,0,334
8543.0,19,3,5,0,27,0,334
8544.0,19,3,5,0,27,0,334
8545.0,19,3,5,0,27,0,334
8546.0,19,3,5,0,27,0,334
8547.0,19,3,5,0,27,0,334
8548.0,19,3,5,0,27,0,334
8549.0,19,3,5,0,27,0,334
8550.0,19,3,5,0,27,0,334
8551.0,19,3,5,0,27,0,334
8552.0,19,3,5,0,27,0,334
8553.0,19,3,5,0,27,0,334
8554.0,19,3,5,0,27,0,334
8555.0,19,3,5,0,27,0,334
8556.0,19,3,5,0,27,0,334
8557.0,19,3,5,0,27,0,334
8558.0,19,3,5,0,27,0,334
8559.0,19,3,5,0,27,0,334
8560.0,19,3,5,0,27,0,334
8561.0,19,3,5,0,27,0,334
8562.0,19,3,5,0,27,0,334
8563.0,19,3,5,0,27,0,334
8564.0,19,3,5,0,27,0,334
8565.0,19,3,5,0,27,0,334
8566.0,19,3,5,0,27,0,334
8567.0,19,3,5,0,27,0,334
8568.0,19,3,5,0,27,0,334
8569.0,19,3,5,0,27,0,334
8570.0,19,3,5,0,27,0,334
8571.0,19,3,5,0,27,0,334
8572.0,19,3,5,0,27,0,334
8573.0,19,3,5,0,27,0,334
8574.0,19,3,5,0,27,0,334
8575.0,19,3,5,0,27,0,334
8576.0,19,3,5,0,27,0,334
8577.0,19,3,5,0,27,0,334
8578.0,19,3,5,0,27,0,334
8579.0,19,3,5,0,27,0,334
8580.0,19,3,5,0,27,0,334
8581.0,19,3,5,0,27,0,334
8582.0,19,3,5,0,27,0,334
8583.0,19,3,5,0,27,0,334
8584.0,19,3,5,0,27,0,334
8585.0,19,3,5,0,27,0,334
8586.0,19,3,5,0,27,0,334
8587.0,19,3,5,0,27,0,334
8588.0,19,3,5,0,27,0,334
8589.0,19,3,5,0,27,0,334
8590.0,19,3,5,0,27,0,334
8591.0,19,3,5,0,27,0,334
8592.0,19,3,5,0,27,0,334
8593.0,19,3,5,0,27,0,334
8594.0,19,3,5,0,27,0,334
8595.0,19,3,5,0,27,0,334
8596.0,19,3,5,0,27,0,334
8597.0,19,3,5,0,27,0,334
8598.0,19,3,5,0,27,0,334
8599.0,19,3,5,0,27,0,334
8600.0,19,3,5,0,27,0,334
8601.0,19,3,5,0,27,0,334
8602.0,19,3,5,0,27,0,334
8603.0,19,3,5,0,27,0,334
8604.0,19,3,5,0,27,0,334
8605.0,19,3,5,0,27,0,334
8606.0,19,3,5,0,27,0,334
8607.0,19,3,5,0,27,0,334
8608.0,19,3,5,0,27,0,334
8609.0,19,3,5,0,27,0,334
8610.0,19,3,5,0,27,0,334
8611.0,19,3,5,0,27,0,334
8612.0,19,3,5,0,27,0,334
8613.0,19,3,5,0,27,0,334
8614.0,19,3,5,0,27,0,334
8615.0,19,3,5,0,27,0,334
8616.0,19,3,5,0,27,0,334
8617.0,19,3,5,0,27,0,334
8618.0,19,3,5,0,27,0,334
8619.0,19,3,5,0,27,0,334
8620.0,19,3,5,0,27,0,334
8621.0,19,3,5,0,27,0,334
8622.0,19,3,5,0,27,0,334
8623.0,19,3,5,0,27,0,334
8624.0,19,3,5,0,27,0,334
8625.0,19,3,5,0,27,0,334
8626.0,19,3,5,0,27,0,334
8627.0,19,3,5,0,27,0,334
8628.0,19,3,5,0,27,0,334
8629.0,19,3,5,0,27,0,334
8630.0,19,3,5,0,27,0,334
8631.0,19,3,5,0,27,0,334
8632.0,19,3,5,0,27,0,334
8633.0,19,3,5,0,27,0,334
8634.0,19,3,5,0,27,0,334
8635.0,19,3,5,0,27,0,334
8636.0,19,3,5,0,27,0,334
8637.0,19,3,5,0,27,0,334
8638.0,19,3,5,0,27,0,334
8639.0,19,3,5,0,27,0,334
8640.0,19,3,5,0,27,0,334
8641.0,19,3,5,0,27,0,334
8642.0,19,3,5,0,27,0,334
8643.0,19,3,5,0,27,0,334
8644.0,19,3,5,0,27,0,334
8645.0,19,3,5,0,27,0,334
8646.0,19,3,5,0,27,0,334
8647.0,19,3,5,0,27,0,334
8648.0,19,3,5,0,27,0,334
8649.0,19,3,5,0,27,0,334
8650.0,19,3,5,0,27,0,334
8651.0,19,3,5,0,27,0,334
8652.0,19,3,5,0,27,0,334
8653.0,19,3,5,0,27,0,334
8654.0,19,3,5,0,27,0,334
8655.0,19,3,5,0,27,0,334
8656.0,19,3,5,0,27,0,334
8657.0,19,3,5,0,27,0,334
8658.0,19,3,5,0,27,0,334
8659.0,19,3,5,0,27,0,334
8660.0,19,3,5,0,27,0,334
8661.0,19,3,5,0,27,0,334
8662.0,19,3,5,0,27,0,334
8663.0,19,3,5,0,27,0,334
8664.0,19,3,5,0,27,0,334
8665.0,19,3,5,0,27,0,334
8666.0,19,3,5,0,27,0,334
8667.0,19,3,5,0,27,0,334
8668.0,19,3,5,0,27,0,334
8669.0,19,3,5,0,27,0,334
8670.0,19,3,5,0,27,0,334
8671.0,19,3,5,0,27,0,334
8672.0,19,3,5,0,27,0,334
8673.0,19,3,5,0,27,0,334
8674.0,19,3,5,0,27,0,334
8675.0,19,3,5,0,27,0,334
8676.0,19,3,5,0,27,0,334
8677.0,19,3,5,0,27,0,334
8678.0,19,3,5,0,27,0,334
8679.0,19,3,5,0,27,0,334
8680.0,19,3,5,0,27,0,334
8681.0,19,3,5,0,27,0,334
8682.0,19,3,5,0,27,0,334
8683.0,19,3,5,0,27,0,334
8684.0,19,3,5,0,27,0,334
8685.0,19,3,5,0,27,0,334
8686.0,19,3,5,0,27,0,334
8687.0,19,3,5,0,27,0,334
8688.0,19,3,5,0,27,0,334
8689.0,19,3,5,0,27,0,334
8690.0,19,3,5,0,27,0,334
8691.0,19,3,5,0,27,0,334
8692.0,19,3,5,0,27,0,334
8693.0,19,3,5,0,27,0,334
8694.0,19,3,5,0,27,0,334
8695.0,19,3,5,0,27,0,334
8696.0,19,3,5,0,27,0,334
8697.0,19,3,5,0,27,0,334
8698.0,19,3,5,0,27,0,334
8699.0,19,3,5,0,27,0,334
8700.0,19,3,5,0,27,0,334
8701.0,19,3,5,0,27,0,334
8702.0,19,3,5,0,27,0,334
8703.0,19,3,5,0,27,0,334
8704.0,19,3,5,0,27,0,334
8705.0,19,3,5,0,27,0,334
8706.0,19,3,5,0,27,0,334
8707.0,19,3,5,0,27,0,334
8708.0,19,3,5,0,27,0,334
8709.0,19,3,5,0,27,0,334
8710.0,19,3,5,0,27,0,334
8711.0,19,3,5,0,27,0,334
8712.0,19,3,5,0,27,0,334
8713.0,19,3,5,0,27,0,334
8714.0,19,3,5,0,27,0,334
8715.0,19,3,5,0,27,0,334
8716.0,19,3,5,0,27,0,334
8717.0,19,3,5,0,27,0,334
8718.0,19,3,5,0,27,0,334
8719.0,19,3,5,0,27,0,334
8720.0,19,3,5,0,27,0,334
8721.0,19,3,5,0,27,0,334
8722.0,19,3,5,0,27,0,334
8723.0,19,3,5,0,27,0,334
8724.0,19,3,5,0,27,0,334
8725.0,19,3,5,0,27,0,334
8726.0,19,3,5,0,27,0,334
8727.0,19,3,5,0,27,0,334
8728.0,19,3,5,0,27,0,334
8729.0,19,3,5,0,27,0,334
8730.0,19,3,5,0,27,0,334
8731.0,19,3,5,0,27,0,334
8732.0,19,3,5,0,27,0,334
8733.0,19,3,5,0,27,0,334
8734.0,19,3,5,0,27,0,334
8735.0,19,3,5,0,27,0,334
8736.0,19,3,5,0,27,0,334
8737.0,19,3,5,0,27,0,334
8738.0,19,3,5,0,27,0,334
8739.0,19,3,5,0,27,0,334
8740.0,19,3,5,0,27,0,334
8741.0,19,3,5,0,27,0,334
8742.0,19,3,5,0,27,0,334
8743.0,19,3,5,0,27,0,334
8744.0,19,3,5,0,27,0,334
8745.0,19,3,5,0,27,0,334
8746.0,19,3,5,0,27,0,334
8747.0,19,3,5,0,27,0,334
8748.0,19,3,5,0,27,0,334
8749.0,19,3,5,0,27,0,334
8750.0,19,3,5,0,27,0,334
8751.0,19,3,5,0,27,0,334
8752.0,19,3,5,0,27,0,334
8753.0,19,3,5,0,27,0,334
8754.0,19,3,5,0,27,0,334
8755.0,19,3,5,0,27,0,334
8756.0,19,3,5,0,27,0,334
8757.0,19,3,5,0,27,0,334
8758.0,19,3,5,0,27,0,334
8759.0,19,3,5,0,27,0,334
8760.0,19,3,5,0,27,0,334
8761.0,19,3,5,0,27,0,334
8762.0,19,3,5,0,27,0,334
8763.0,19,3,5,0,27,0,334
8764.0,19,3,5,0,27,0,334
8765.0,19,3,5,0,27,0,334
8766.0,19,3,5,0,27,0,334
8767.0,19,3,5,0,27,0,334
8768.0,19,3,5,0,27,0,334
8769.0,19,3,5,0,27,0,334
8770.0,19,3,5,0,27,0,334
8771.0,19,3,5,0,27,0,334
8772.0,19,3,5,0,27,0,334
8773.0,19,3,5,0,27,0,334
8774.0,19,3,5,0,27,0,334
8775.0,19,3,5,0,27,0,334
8776.0,19,3,5,0,27,0,334
8777.0,19,3,5,0,27,0,334
8778.0,19,3,5,0,27,0,334
8779.0,19,3,5,0,27,0,334
8780.0,19,3,5,0,27,0,334
8781.0,19,3,5,0,27,0,334
8782.0,19,3,5,0,27,0,334
8783.0,19,3,5,0,27,0,334
8784.0,19,3,5,0,27,0,334
8785.0,19,3,5,0,27,0,334
8786.0,19,3,5,0,27,0,334
8787.0,19,3,5,0,27,0,334
8788.0,19,3,5,0,27,0,334
8789.0,19,3,5,0,27,0,334
8790.0,19,3,5,0,27,0,334
8791.0,19,3,5,0,27,0,334
8792.0,19,3,5,0,27,0,334
8793.0,19,3,5,0,27,0,334
8794.0,19,3,5,0,27,0,334
8795.0,19,3,5,0,27,0,334
8796.0,19,3,5,0,27,0,334
8797.0,19,3,5,0,27,0,334
8798.0,19,3,5,0,27,0,334
8799.0,19,3,5,0,27,0,334
8800.0,19,3,5,0,27,0,334
8801.0,19,3,5,0,27,0,334
8802.0,19,3,5,0,27,0,334
8803.0,19,3,5,0,27,0,334
8804.0,19,3,5,0,27,0,334
8805.0,19,3,5,0,27,0,334
8806.0,19,3,5,0,27,0,334
8807.0,19,3,5,0,27,0,334
8808.0,19,3,5,0,27,0,334
8809.0,19,3,5,0,27,0,334
8810.0,19,3,5,0,27,0,334
8811.0,19,3,5,0,27,0,334
8812.0,19,3,5,0,27,0,334
8813.0,19,3,5,0,27,0,334
8814.0,19,3,5,0,27,0,334
8815.0,19,3,5,0,27,0,334
8816.0,19,3,5,0,27,0,334
8817.0,19,3,5,0,27,0,334
8818.0,19,3,5,0,27,0,334
8819.0,19,3,5,0,27,0,334
8820.0,19,3,5,0,27,0,334
8821.0,19,3,5,0,27,0,334
8822.0,19,3,5,0,27,0,334
8823.0,19,3,5,0,27,0,334
8824.0,19,3,5,0,27,0,334
8825.0,19,3,5,0,27,0,334
8826.0,19,3,5,0,27,0,334
8827.0,19,3,5,0,27,0,334
8828.0,19,3,5,0,27,0,334
8829.0,19,3,5,0,27,0,334
8830.0,19,3,5,0,27,0,334
8831.0,19,3,5,0,27,0,334
8832.0,19,3,5,0,27,0,334
8833.0,19,3,5,0,27,0,334
8834.0,19,3,5,0,27,0,334
8835.0,19,3,5,0,27,0,334
8836.0,19,3,5,0,27,0,334
8837.0,19,3,5,0,27,0,334
8838.0,19,3,5,0,27,0,334
8839.0,19,3,5,0,27,0,334
8840.0,19,3,5,0,27,0,334
8841.0,19,3,5,0,27,0,334
8842.0,19,3,5,0,27,0,334
8843.0,19,3,5,0,27,0,334
8844.0,19,3,5,0,27,0,334
8845.0,19,3,5,0,27,0,334
8846.0,19,3,5,0,27,0,334
8847.0,19,3,5,0,27,0,334
8848.0,19,3,5,0,27,0,334
8849.0,19,3,5,0,27,0,334
8850.0,19,3,5,0,27,0,334
8851.0,19,3,5,0,27,0,334
8852.0,19,3,5,0,27,0,334
8853.0,19,3,5,0,27,0,334
8854.0,19,3,5,0,27,0,334
8855.0,19,3,5,0,27,0,334
8856.0,19,3,5,0,27,0,334
8857.0,19,3,5,0,27,0,334
8858.0,19,3,5,0,27,0,334
8859.0,19,3,5,0,27,0,334
8860.0,19,3,5,0,27,0,334
8861.0,19,3,5,0,27,0,334
8862.0,19,3,5,0,27,0,334
8863.0,19,3,5,0,27,0,334
8864.0,19,3,5,0,27,0,334
8865.0,19,3,5,0,27,0,334
8866.0,19,3,5,0,27,0,334
8867.0,19,3,5,0,27,0,334
8868.0,19,3,5,0,27,0,334
8869.0,19,3,5,0,27,0,334
8870.0,19,3,5,0,27,0,334
8871.0,19,3,5,0,27,0,334
8872.0,19,3,5,0,27,0,334
8873.0,19,3,5,0,27,0,334
8874.0,19,3,5,0,27,0,334
8875.0,19,3,5,0,27,0,334
8876.0,19,3,5,0,27,0,334
8877.0,19,3,5,0,27,0,334
8878.0,19,3,5,0,27,0,334
8879.0,19,3,5,0,27,0,334
8880.0,19,3,5,0,27,0,334
8881.0,19,3,5,0,27,0,334
8882.0,19,3,5,0,27,0,334
8883.0,19,3,5,0,27,0,334
8884.0,19,3,5,0,27,0,334
8885.0,19,3,5,0,27,0,334
8886.0,19,3,5,0,27,0,334
8887.0,19,3,5,0,27,0,334
8888.0,19,3,5,0,27,0,334
8889.0,19,3,5,0,27,0,334
8890.0,19,3,5,0,27,0,334
8891.0,19,3,5,0,27,0,334
8892.0,19,3,5,0,27,0,334
8893.0,19,3,5,0,27,0,334
8894.0,19,3,5,0,27,0,334
8895.0,19,3,5,0,27,0,334
8896.0,19,3,5,0,27,0,334
8897.0,19,3,5,0,27,0,334
8898.0,19,3,5,0,27,0,334
8899.0,19,3,5,0,27,0,334
8900.0,19,3,5,0,27,0,334
8901.0,19,3,5,0,27,0,334
8902.0,19,3,5,0,27,0,334
8903.0,19,3,5,0,27,0,334
8904.0,19,3,5,0,27,0,334
8905.0,19,3,5,0,27,0,334
8906.0,19,3,5,0,27,0,334
8907.0,19,3,5,0,27,0,334
8908.0,19,3,5,0,27,0,334
8909.0,19,3,5,0,27,0,334
8910.0,19,3,5,0,27,0,334
8911.0,19,3,5,0,27,0,334
8912.0,19,3,5,0,27,0,334
8913.0,19,3,5,0,27,0,334
8914.0,19,3,5,0,27,0,334
8915.0,19,3,5,0,27,0,334
8916.0,19,3,5,0,27,0,334
8917.0,19,3,5,0,27,0,334
8918.0,19,3,5,0,27,0,334
8919.0,19,3,5,0,27,0,334
8920.0,19,3,5,0,27,0,334
8921.0,19,3,5,0,27,0,334
8922.0,19,3,5,0,27,0,334
8923.0,19,3,5,0,27,0,334
8924.0,19,3,5,0,27,0,334
8925.0,19,3,5,0,27,0,334
8926.0,19,3,5,0,27,0,334
8927.0,19,3,5,0,27,0,334
8928.0,19,3,5,0,27,0,334
8929.0,19,3,5,0,27,0,334
8930.0,19,3,5,0,27,0,334
8931.0,19,3,5,0,27,0,334
8932.0,19,3,5,0,27,0,334
8933.0,19,3,5,0,27,0,334
8934.0,19,3,5,0,27,0,334
8935.0,19,3,5,0,27,0,334
8936.0,19,3,5,0,27,0,334
8937.0,19,3,5,0,27,0,334
8938.0,19,3,5,0,27,0,334
8939.0,19,3,5,0,27,0,334
8940.0,19,3,5,0,27,0,334
8941.0,19,3,5,0,27,0,334
8942.0,19,3,5,0,27,0,334
8943.0,19,3,5,0,27,0,334
8944.0,19,3,5,0,27,0,334
8945.0,19,3,5,0,27,0,334
8946.0,19,3,5,0,27,0,334
8947.0,19,3,5,0,27,0,334
8948.0,19,3,5,0,27,0,334
8949.0,19,3,5,0,27,0,334
8950.0,19,3,5,0,27,0,334
8951.0,19,3,5,0,27,0,334
8952.0,19,3,5,0,27,0,334
8953.0,19,3,5,0,27,0,334
8954.0,19,3,5,0,27,0,334
8955.0,19,3,5,0,27,0,334
8956.0,19,3,5,0,27,0,334
8957.0,19,3,5,0,27,0,334
8958.0,19,3,5,0,27,0,334
8959.0,19,3,5,0,27,0,334
8960.0,19,3,5,0,27,0,334
8961.0,19,3,5,0,27,0,334
8962.0,19,3,5,0,27,0,334
8963.0,19,3,5,0,27,0,334
8964.0,19,3,5,0,27,0,334
8965.0,19,3,5,0,27,0,334
8966.0,19,3,5,0,27,0,334
8967.0,19,3,5,0,27,0,334
8968.0,19,3,5,0,27,0,334
8969.0,19,3,5,0,27,0,334
8970.0,19,3,5,0,27,0,334
8971.0,19,3,5,0,27,0,334
8972.0,19,3,5,0,27,0,334
8973.0,19,3,5,0,27,0,334
8974.0,19,3,5,0,27,0,334
8975.0,19,3,5,0,27,0,334
8976.0,19,3,5,0,27,0,334
8977.0,19,3,5,0,27,0,334
8978.0,19,3,5,0,27,0,334
8979.0,19,3,5,0,27,0,334
8980.0,19,3,5,0,27,0,334
8981.0,19,3,5,0,27,0,334
8982.0,19,3,5,0,27,0,334
8983.0,19,3,5,0,27,0,334
8984.0,19,3,5,0,27,0,334
8985.0,19,3,5,0,27,0,334
8986.0,19,3,5,0,27,0,334
8987.0,19,3,5,0,27,0,334
8988.0,19,3,5,0,27,0,334
8989.0,19,3,5,0,27,0,334
8990.0,19,3,5,0,27,0,334
8991.0,19,3,5,0,27,0,334
8992.0,19,3,5,0,27,0,334
8993.0,19,3,5,0,27,0,334
8994.0,19,3,5,0,27,0,334
8995.0,19,3,5,0,27,0,334
8996.0,19,3,5,0,27,0,334
8997.0,19,3,5,0,27,0,334
8998.0,19,3,5,0,27,0,334
8999.0,19,3,5,0,27,0,334
9000.0,19,3,5,0,27,0,334
9001.0,19,3,5,0,27,0,334
9002.0,19,3,5,0,27,0,334
9003.0,19,3,5,0,27,0,334
9004.0,19,3,5,0,27,0,334
9005.0,19,3,5,0,27,0,334
9006.0,19,3,5,0,27,0,334
9007.0,19,3,5,0,27,0,334
9008.0,19,3,5,0,27,0,334
9009.0,19,3,5,0,27,0,334
9010.0,19,3,5,0,27,0,334
9011.0,19,3,5,0,27,0,334
9012.0,19,3,5,0,27,0,334
9013.0,19,3,5,0,27,0,334
9014.0,19,3,5,0,27,0,334
9015.0,19,3,5,0,27,0,334
9016.0,19,3,5,0,27,0,334
9017.0,19,3,5,0,27,0,334
9018.0,19,3,5,0,27,0,334
9019.0,19,3,5,0,27,0,334
9020.0,19,3,5,0,27,0,334
9021.0,19,3,5,0,27,0,334
9022.0,19,3,5,0,27,0,334
9023.0,19,3,5,0,27,0,334
9024.0,19,3,5,0,27,0,334
9025.0,19,3,5,0,27,0,334
9026.0,19,3,5,0,27,0,334
9027.0,19,3,5,0,27,0,334
9028.0,19,3,5,0,27,0,334
9029.0,19,3,5,0,27,0,334
9030.0,19,3,5,0,27,0,334
9031.0,19,3,5,0,27,0,334
9032.0,19,3,5,0,27,0,334
9033.0,19,3,5,0,27,0,334
9034.0,19,3,5,0,27,0,334
9035.0,19,3,5,0,27,0,334
9036.0,19,3,5,0,27,0,334
9037.0,19,3,5,0,27,0,334
9038.0,19,3,5,0,27,0,334
9039.0,19,3,5,0,27,0,334
9040.0,19,3,5,0,27,0,334
9041.0,19,3,5,0,27,0,334
9042.0,19,3,5,0,27,0,334
9043.0,19,3,5,0,27,0,334
9044.0,19,3,5,0,27,0,334
9045.0,19,3,5,0,27,0,334
9046.0,19,3,5,0,27,0,334
9047.0,19,3,5,0,27,0,334
9048.0,19,3,5,0,27,0,334
9049.0,19,3,5,0,27,0,334
9050.0,19,3,5,0,27,0,334
9051.0,19,3,5,0,27,0,334
9052.0,19,3,5,0,27,0,334
9053.0,19,3,5,0,27,0,334
9054.0,19,3,5,0,27,0,334
9055.0,19,3,5,0,27,0,334
9056.0,19,3,5,0,27,0,334
9057.0,19,3,5,0,27,0,334
9058.0,19,3,5,0,27,0,334
9059.0,19,3,5,0,27,0,334
9060.0,19,3,5,0,27,0,334
9061.0,19,3,5,0,27,0,334
9062.0,19,3,5,0,27,0,334
9063.0,19,3,5,0,27,0,334
9064.0,19,3,5,0,27,0,334
9065.0,19,3,5,0,27,0,334
9066.0,19,3,5,0,27,0,334
9067.0,19,3,5,0,27,0,334
9068.0,19,3,5,0,27,0,334
9069.0,19,3,5,0,27,0,334
9070.0,19,3,5,0,27,0,334
9071.0,19,3,5,0,27,0,334
9072.0,19,3,5,0,27,0,334
9073.0,19,3,5,0,27,0,334
9074.0,19,3,5,0,27,0,334
9075.0,19,3,5,0,27,0,334
9076.0,19,3,5,0,27,0,334
9077.0,19,3,5,0,27,0,334
9078.0,19,3,5,0,27,0,334
9079.0,19,3,5,0,27,0,334
9080.0,19,3,5,0,27,0,334
9081.0,19,3,5,0,27,0,334
9082.0,19,3,5,0,27,0,334
9083.0,19,3,5,0,27,0,334
9084.0,19,3,5,0,27,0,334
9085.0,19,3,5,0,27,0,334
9086.0,19,3,5,0,27,0,334
9087.0,19,3,5,0,27,0,334
9088.0,19,3,5,0,27,0,334
9089.0,19,3,5,0,27,0,334
9090.0,19,3,5,0,27,0,334
9091.0,19,3,5,0,27,0,334
9092.0,19,3,5,0,27,0,334
9093.0,19,3,5,0,27,0,334
9094.0,19,3,5,0,27,0,334
9095.0,19,3,5,0,27,0,334
9096.0,19,3,5,0,27,0,334
9097.0,19,3,5,0,27,0,334
9098.0,19,3,5,0,27,0,334
9099.0,19,3,5,0,27,0,334
9100.0,19,3,5,0,27,0,334
9101.0,19,3,5,0,27,0,334
9102.0,19,3,5,0,27,0,334
9103.0,19,3,5,0,27,0,334
9104.0,19,3,5,0,27,0,334
9105.0,19,3,5,0,27,0,334
9106.0,19,3,5,0,27,0,334
9107.0,19,3,5,0,27,0,334
9108.0,19,3,5,0,27,0,334
9109.0,19,3,5,0,27,0,334
9110.0,19,3,5,0,27,0,334
9111.0,19,3,5,0,27,0,334
9112.0,19,3,5,0,27,0,334
9113.0,19,3,5,0,27,0,334
9114.0,19,3,5,0,27,0,334
9115.0,19,3,5,0,27,0,334
9116.0,19,3,5,0,27,0,334
9117.0,19,3,5,0,27,0,334
9118.0,19,3,5,0,27,0,334
9119.0,19,3,5,0,27,0,334
9120.0,19,3,5,0,27,0,334
9121.0,19,3,5,0,27,0,334
9122.0,19,3,5,0,27,0,334
9123.0,19,3,5,0,27,0,334
9124.0,19,3,5,0,27,0,334
9125.0,19,3,5,0,27,0,334
9126.0,19,3,5,0,27,0,334
9127.0,19,3,5,0,27,0,334
9128.0,19,3,5,0,27,0,334
9129.0,19,3,5,0,27,0,334
9130.0,19,3,5,0,27,0,334
9131.0,19,3,5,0,27,0,334
9132.0,19,3,5,0,27,0,334
9133.0,19,3,5,0,27,0,334
9134.0,19,3,5,0,27,0,334
9135.0,19,3,5,0,27,0,334
9136.0,19,3,5,0,27,0,334
9137.0,19,3,5,0,27,0,334
9138.0,19,3,5,0,27,0,334
9139.0,19,3,5,0,27,0,334
9140.0,19,3,5,0,27,0,334
9141.0,19,3,5,0,27,0,334
9142.0,19,3,5,0,27,0,334
9143.0,19,3,5,0,27,0,334
9144.0,19,3,5,0,27,0,334
9145.0,19,3,5,0,27,0,334
9146.0,19,3,5,0,27,0,334
9147.0,19,3,5,0,27,0,334
9148.0,19,3,5,0,27,0,334
9149.0,19,3,5,0,27,0,334
9150.0,19,3,5,0,27,0,334
9151.0,19,3,5,0,27,0,334
9152.0,19,3,5,0,27,0,334
9153.0,19,3,5,0,27,0,334
9154.0,19,3,5,0,27,0,334
9155.0,19,3,5,0,27,0,334
9156.0,19,3,5,0,27,0,334
9157.0,19,3,5,0,27,0,334
9158.0,19,3,5,0,27,0,334
9159.0,19,3,5,0,27,0,334
9160.0,19,3,5,0,27,0,334
9161.0,19,3,5,0,27,0,334
9162.0,19,3,5,0,27,0,334
9163.0,19,3,5,0,27,0,334
9164.0,19,3,5,0,27,0,334
9165.0,19,3,5,0,27,0,334
9166.0,19,3,5,0,27,0,334
9167.0,19,3,5,0,27,0,334
9168.0,19,3,5,0,27,0,334
9169.0,19,3,5,0,27,0,334
9170.0,19,3,5,0,27,0,334
9171.0,19,3,5,0,27,0,334
9172.0,19,3,5,0,27,0,334
9173.0,19,3,5,0,27,0,334
9174.0,19,3,5,0,27,0,334
9175.0,19,3,5,0,27,0,334
9176.0,19,3,5,0,27,0,334
9177.0,19,3,5,0,27,0,334
9178.0,19,3,5,0,27,0,334
9179.0,19,3,5,0,27,0,334
9180.0,19,3,5,0,27,0,334
9181.0,19,3,5,0,27,0,334
9182.0,19,3,5,0,27,0,334
9183.0,19,3,5,0,27,0,334
9184.0,19,3,5,0,27,0,334
9185.0,19,3,5,0,27,0,334
9186.0,19,3,5,0,27,0,334
9187.0,19,3,5,0,27,0,334
9188.0,19,3,5,0,27,0,334
9189.0,19,3,5,0,27,0,334
9190.0,19,3,5,0,27,0,334
9191.0,19,3,5,0,27,0,334
9192.0,19,3,5,0,27,0,334
9193.0,19,3,5,0,27,0,334
9194.0,19,3,5,0,27,0,334
9195.0,19,3,5,0,27,0,334
9196.0,19,3,5,0,27,0,334
9197.0,19,3,5,0,27,0,334
9198.0,19,3,5,0,27,0,334
9199.0,19,3,5,0,27,0,334
9200.0,19,3,5,0,27,0,334
9201.0,19,3,5,0,27,0,334
9202.0,19,3,5,0,27,0,334
9203.0,19,3,5,0,27,0,334
9204.0,19,3,5,0,27,0,334
9205.0,19,3,5,0,27,0,334
9206.0,19,3,5,0,27,0,334
9207.0,19,3,5,0,27,0,334
9208.0,19,3,5,0,27,0,334
9209.0,19,3,5,0,27,0,334
9210.0,19,3,5,0,27,0,334
9211.0,19,3,5,0,27,0,334
9212.0,19,3,5,0,27,0,334
9213.0,19,3,5,0,27,0,334
9214.0,19,3,5,0,27,0,334
9215.0,19,3,5,0,27,0,334
9216.0,19,3,5,0,27,0,334
9217.0,19,3,5,0,27,0,334
9218.0,19,3,5,0,27,0,334
9219.0,19,3,5,0,27,0,334
9220.0,19,3,5,0,27,0,334
9221.0,19,3,5,0,27,0,334
9222.0,19,3,5,0,27,0,334
9223.0,19,3,5,0,27,0,334
9224.0,19,3,5,0,27,0,334
9225.0,19,3,5,0,27,0,334
9226.0,19,3,5,0,27,0,334
9227.0,19,3,5,0,27,0,334
9228.0,19,3,5,0,27,0,334
9229.0,19,3,5,0,27,0,334
9230.0,19,3,5,0,27,0,334
9231.0,19,3,5,0,27,0,334
9232.0,19,3,5,0,27,0,334
9233.0,19,3,5,0,27,0,334
9234.0,19,3,5,0,27,0,334
9235.0,19,3,5,0,27,0,334
9236.0,19,3,5,0,27,0,334
9237.0,19,3,5,0,27,0,334
9238.0,19,3,5,0,27,0,334
9239.0,19,3,5,0,27,0,334
9240.0,19,3,5,0,27,0,334
9241.0,19,3,5,0,27,0,334
9242.0,19,3,5,0,27,0,334
9243.0,19,3,5,0,27,0,334
9244.0,19,3,5,0,27,0,334
9245.0,19,3,5,0,27,0,334
9246.0,19,3,5,0,27,0,334
9247.0,19,3,5,0,27,0,334
9248.0,19,3,5,0,27,0,334
9249.0,19,3,5,0,27,0,334
9250.0,19,3,5,0,27,0,334
9251.0,19,3,5,0,27,0,334
9252.0,19,3,5,0,27,0,334
9253.0,19,3,5,0,27,0,334
9254.0,19,3,5,0,27,0,334
9255.0,19,3,5,0,27,0,334
9256.0,19,3,5,0,27,0,334
9257.0,19,3,5,0,27,0,334
9258.0,19,3,5,0,27,0,334
9259.0,19,3,5,0,27,0,334
9260.0,19,3,5,0,27,0,334
9261.0,19,3,5,0,27,0,334
9262.0,19,3,5,0,27,0,334
9263.0,19,3,5,0,27,0,334
9264.0,19,3,5,0,27,0,334
9265.0,19,3,5,0,27,0,334
9266.0,19,3,5,0,27,0,334
9267.0,19,3,5,0,27,0,334
9268.0,19,3,5,0,27,0,334
9269.0,19,3,5,0,27,0,334
9270.0,19,3,5,0,27,0,334
9271.0,19,3,5,0,27,0,334
9272.0,19,3,5,0,27,0,334
9273.0,19,3,5,0,27,0,334
9274.0,19,3,5,0,27,0,334
9275.0,19,3,5,0,27,0,334
9276.0,19,3,5,0,27,0,334
9277.0,19,3,5,0,27,0,334
9278.0,19,3,5,0,27,0,334
9279.0,19,3,5,0,27,0,334
9280.0,19,3,5,0,27,0,334
9281.0,19,3,5,0,27,0,334
9282.0,19,3,5,0,27,0,334
9283.0,19,3,5,0,27,0,334
9284.0,19,3,5,0,27,0,334
9285.0,19,3,5,0,27,0,334
9286.0,19,3,5,0,27,0,334
9287.0,19,3,5,0,27,0,334
9288.0,19,3,5,0,27,0,334
9289.0,19,3,5,0,27,0,334
9290.0,19,3,5,0,27,0,334
9291.0,19,3,5,0,27,0,334
9292.0,19,3,5,0,27,0,334
9293.0,19,3,5,0,27,0,334
9294.0,19,3,5,0,27,0,334
9295.0,19,3,5,0,27,0,334
9296.0,19,3,5,0,27,0,334
9297.0,19,3,5,0,27,0,334
9298.0,19,3,5,0,27,0,334
9299.0,19,3,5,0,27,0,334
9300.0,19,3,5,0,27,0,334
9301.0,19,3,5,0,27,0,334
9302.0,19,3,5,0,27,0,334
9303.0,19,3,5,0,27,0,334
9304.0,19,3,5,0,27,0,334
9305.0,19,3,5,0,27,0,334
9306.0,19,3,5,0,27,0,334
9307.0,19,3,5,0,27,0,334
9308.0,19,3,5,0,27,0,334
9309.0,19,3,5,0,27,0,334
9310.0,19,3,5,0,27,0,334
9311.0,19,3,5,0,27,0,334
9312.0,19,3,5,0,27,0,334
9313.0,19,3,5,0,27,0,334
9314.0,19,3,5,0,27,0,334
9315.0,19,3,5,0,27,0,334
9316.0,19,3,5,0,27,0,334
9317.0,19,3,5,0,27,0,334
9318.0,19,3,5,0,27,0,334
9319.0,19,3,5,0,27,0,334
9320.0,19,3,5,0,27,0,334
9321.0,19,3,5,0,27,0,334
9322.0,19,3,5,0,27,0,334
9323.0,19,3,5,0,27,0,334
9324.0,19,3,5,0,27,0,334
9325.0,19,3,5,0,27,0,334
9326.0,19,3,5,0,27,0,334
9327.0,19,3,5,0,27,0,334
9328.0,19,3,5,0,27,0,334
9329.0,19,3,5,0,27,0,334
9330.0,19,3,5,0,27,0,334
9331.0,19,3,5,0,27,0,334
9332.0,19,3,5,0,27,0,334
9333.0,19,3,5,0,27,0,334
9334.0,19,3,5,0,27,0,334
9335.0,19,3,5,0,27,0,334
9336.0,19,3,5,0,27,0,334
9337.0,19,3,5,0,27,0,334
9338.0,19,3,5,0,27,0,334
9339.0,19,3,5,0,27,0,334
9340.0,19,3,5,0,27,0,334
9341.0,19,3,5,0,27,0,334
9342.0,19,3,5,0,27,0,334
9343.0,19,3,5,0,27,0,334
9344.0,19,3,5,0,27,0,334
9345.0,19,3,5,0,27,0,334
9346.0,19,3,5,0,27,0,334
9347.0,19,3,5,0,27,0,334
9348.0,19,3,5,0,27,0,334
9349.0,19,3,5,0,27,0,334
9350.0,19,3,5,0,27,0,334
9351.0,19,3,5,0,27,0,334
9352.0,19,3,5,0,27,0,334
9353.0,19,3,5,0,27,0,334
9354.0,19,3,5,0,27,0,334
9355.0,19,3,5,0,27,0,334
9356.0,19,3,5,0,27,0,334
9357.0,19,3,5,0,27,0,334
9358.0,19,3,5,0,27,0,334
9359.0,19,3,5,0,27,0,334
9360.0,19,3,5,0,27,0,334
9361.0,19,3,5,0,27,0,334
9362.0,19,3,5,0,27,0,334
9363.0,19,3,5,0,27,0,334
9364.0,19,3,5,0,27,0,334
9365.0,19,3,5,0,27,0,334
9366.0,19,3,5,0,27,0,334
9367.0,19,3,5,0,27,0,334
9368.0,19,3,5,0,27,0,334
9369.0,19,3,5,0,27,0,334
9370.0,19,3,5,0,27,0,334
9371.0,19,3,5,0,27,0,334
9372.0,19,3,5,0,27,0,334
9373.0,19,3,5,0,27,0,334
9374.0,19,3,5,0,27,0,334
9375.0,19,3,5,0,27,0,334
9376.0,19,3,5,0,27,0,334
9377.0,19,3,5,0,27,0,334
9378.0,19,3,5,0,27,0,334
9379.0,19,3,5,0,27,0,334
9380.0,19,3,5,0,27,0,334
9381.0,19,3,5,0,27,0,334
9382.0,19,3,5,0,27,0,334
9383.0,19,3,5,0,27,0,334
9384.0,19,3,5,0,27,0,334
9385.0,19,3,5,0,27,0,334
9386.0,19,3,5,0,27,0,334
9387.0,19,3,5,0,27,0,334
9388.0,19,3,5,0,27,0,334
9389.0,19,3,5,0,27,0,334
9390.0,19,3,5,0,27,0,334
9391.0,19,3,5,0,27,0,334
9392.0,19,3,5,0,27,0,334
9393.0,19,3,5,0,27,0,334
9394.0,19,3,5,0,27,0,334
9395.0,19,3,5,0,27,0,334
9396.0,19,3,5,0,27,0,334
9397.0,19,3,5,0,27,0,334
9398.0,19,3,5,0,27,0,334
9399.0,19,3,5,0,27,0,334
9400.0,19,3,5,0,27,0,334
9401.0,19,3,5,0,27,0,334
9402.0,19,3,5,0,27,0,334
9403.0,19,3,5,0,27,0,334
9404.0,19,3,5,0,27,0,334
9405.0,19,3,5,0,27,0,334
9406.0,19,3,5,0,27,0,334
9407.0,19,3,5,0,27,0,334
9408.0,19,3,5,0,27,0,334
9409.0,19,3,5,0,27,0,334
9410.0,19,3,5,0,27,0,334
9411.0,19,3,5,0,27,0,334
9412.0,19,3,5,0,27,0,334
9413.0,19,3,5,0,27,0,334
9414.0,19,3,5,0,27,0,334
9415.0,19,3,5,0,27,0,334
9416.0,19,3,5,0,27,0,334
9417.0,19,3,5,0,27,0,334
9418.0,19,3,5,0,27,0,334
9419.0,19,3,5,0,27,0,334
9420.0,19,3,5,0,27,0,334
9421.0,19,3,5,0,27,0,334
9422.0,19,3,5,0,27,0,334
9423.0,19,3,5,0,27,0,334
9424.0,19,3,5,0,27,0,334
9425.0,19,3,5,0,27,0,334
9426.0,19,3,5,0,27,0,334
9427.0,19,3,5,0,27,0,334
9428.0,19,3,5,0,27,0,334
9429.0,19,3,5,0,27,0,334
9430.0,19,3,5,0,27,0,334
9431.0,19,3,5,0,27,0,334
9432.0,19,3,5,0,27,0,334
9433.0,19,3,5,0,27,0,334
9434.0,19,3,5,0,27,0,334
9435.0,19,3,5,0,27,0,334
9436.0,19,3,5,0,27,0,334
9437.0,19,3,5,0,27,0,334
9438.0,19,3,5,0,27,0,334
9439.0,19,3,5,0,27,0,334
9440.0,19,3,5,0,27,0,334
9441.0,19,3,5,0,27,0,334
9442.0,19,3,5,0,27,0,334
9443.0,19,3,5,0,27,0,334
9444.0,19,3,5,0,27,0,334
9445.0,19,3,5,0,27,0,334
9446.0,19,3,5,0,27,0,334
9447.0,19,3,5,0,27,0,334
9448.0,19,3,5,0,27,0,334
9449.0,19,3,5,0,27,0,334
9450.0,19,3,5,0,27,0,334
9451.0,19,3,5,0,27,0,334
9452.0,19,3,5,0,27,0,334
9453.0,19,3,5,0,27,0,334
9454.0,19,3,5,0,27,0,334
9455.0,19,3,5,0,27,0,334
9456.0,19,3,5,0,27,0,334
9457.0,19,3,5,0,27,0,334
9458.0,19,3,5,0,27,0,334
9459.0,19,3,5,0,27,0,334
9460.0,19,3,5,0,27,0,334
9461.0,19,3,5,0,27,0,334
9462.0,19,3,5,0,27,0,334
9463.0,19,3,5,0,27,0,334
9464.0,19,3,5,0,27,0,334
9465.0,19,3,5,0,27,0,334
9466.0,19,3,5,0,27,0,334
9467.0,19,3,5,0,27,0,334
9468.0,19,3,5,0,27,0,334
9469.0,19,3,5,0,27,0,334
9470.0,19,3,5,0,27,0,334
9471.0,19,3,5,0,27,0,334
9472.0,19,3,5,0,27,0,334
9473.0,19,3,5,0,27,0,334
9474.0,19,3,5,0,27,0,334
9475.0,19,3,5,0,27,0,334
9476.0,19,3,5,0,27,0,334
9477.0,19,3,5,0,27,0,334
9478.0,19,3,5,0,27,0,334
9479.0,19,3,5,0,27,0,334
9480.0,19,3,5,0,27,0,334
9481.0,19,3,5,0,27,0,334
9482.0,19,3,5,0,27,0,334
9483.0,19,3,5,0,27,0,334
9484.0,19,3,5,0,27,0,334
9485.0,19,3,5,0,27,0,334
9486.0,19,3,5,0,27,0,334
9487.0,19,3,5,0,27,0,334
9488.0,19,3,5,0,27,0,334
9489.0,19,3,5,0,27,0,334
9490.0,19,3,5,0,27,0,334
9491.0,19,3,5,0,27,0,334
9492.0,19,3,5,0,27,0,334
9493.0,19,3,5,0,27,0,334
9494.0,19,3,5,0,27,0,334
9495.0,19,3,5,0,27,0,334
9496.0,19,3,5,0,27,0,334
9497.0,19,3,5,0,27,0,334
9498.0,19,3,5,0,27,0,334
9499.0,19,3,5,0,27,0,334
9500.0,19,3,5,0,27,0,334
9501.0,19,3,5,0,27,0,334
9502.0,19,3,5,0,27,0,334
9503.0,19,3,5,0,27,0,334
9504.0,19,3,5,0,27,0,334
9505.0,19,3,5,0,27,0,334
9506.0,19,3,5,0,27,0,334
9507.0,19,3,5,0,27,0,334
9508.0,19,3,5,0,27,0,334
9509.0,19,3,5,0,27,0,334
9510.0,19,3,5,0,27,0,334
9511.0,19,3,5,0,27,0,334
9512.0,19,3,5,0,27,0,334
9513.0,19,3,5,0,27,0,334
9514.0,19,3,5,0,27,0,334
9515.0,19,3,5,0,27,0,334
9516.0,19,3,5,0,27,0,334
9517.0,19,3,5,0,27,0,334
9518.0,19,3,5,0,27,0,334
9519.0,19,3,5,0,27,0,334
9520.0,19,3,5,0,27,0,334
9521.0,19,3,5,0,27,0,334
9522.0,19,3,5,0,27,0,334
9523.0,19,3,5,0,27,0,334
9524.0,19,3,5,0,27,0,334
9525.0,19,3,5,0,27,0,334
9526.0,19,3,5,0,27,0,334
9527.0,19,3,5,0,27,0,334
9528.0,19,3,5,0,27,0,334
9529.0,19,3,5,0,27,0,334
9530.0,19,3,5,0,27,0,334
9531.0,19,3,5,0,27,0,334
9532.0,19,3,5,0,27,0,334
9533.0,19,3,5,0,27,0,334
9534.0,19,3,5,0,27,0,334
9535.0,19,3,5,0,27,0,334
9536.0,19,3,5,0,27,0,334
9537.0,19,3,5,0,27,0,334
9538.0,19,3,5,0,27,0,334
9539.0,19,3,5,0,27,0,334
9540.0,19,3,5,0,27,0,334
9541.0,19,3,5,0,27,0,334
9542.0,19,3,5,0,27,0,334
9543.0,19,3,5,0,27,0,334
9544.0,19,3,5,0,27,0,334
9545.0,19,3,5,0,27,0,334
9546.0,19,3,5,0,27,0,334
9547.0,19,3,5,0,27,0,334
9548.0,19,3,5,0,27,0,334
9549.0,19,3,5,0,27,0,334
9550.0,19,3,5,0,27,0,334
9551.0,19,3,5,0,27,0,334
9552.0,19,3,5,0,27,0,334
9553.0,19,3,5,0,27,0,334
9554.0,19,3,5,0,27,0,334
9555.0,19,3,5,0,27,0,334
9556.0,19,3,5,0,27,0,334
9557.0,19,3,5,0,27,0,334
9558.0,19,3,5,0,27,0,334
9559.0,19,3,5,0,27,0,334
9560.0,19,3,5,0,27,0,334
9561.0,19,3,5,0,27,0,334
9562.0,19,3,5,0,27,0,334
9563.0,19,3,5,0,27,0,334
9564.0,19,3,5,0,27,0,334
9565.0,19,3,5,0,27,0,334
9566.0,19,3,5,0,27,0,334
9567.0,19,3,5,0,27,0,334
9568.0,19,3,5,0,27,0,334
9569.0,19,3,5,0,27,0,334
9570.0,19,3,5,0,27,0,334
9571.0,19,3,5,0,27,0,334
9572.0,19,3,5,0,27,0,334
9573.0,19,3,5,0,27,0,334
9574.0,19,3,5,0,27,0,334
9575.0,19,3,5,0,27,0,334
9576.0,19,3,5,0,27,0,334
9577.0,19,3,5,0,27,0,334
9578.0,19,3,5,0,27,0,334
9579.0,19,3,5,0,27,0,334
9580.0,19,3,5,0,27,0,334
9581.0,19,3,5,0,27,0,334
9582.0,19,3,5,0,27,0,334
9583.0,19,3,5,0,27,0,334
9584.0,19,3,5,0,27,0,334
9585.0,19,3,5,0,27,0,334
9586.0,19,3,5,0,27,0,334
9587.0,19,3,5,0,27,0,334
9588.0,19,3,5,0,27,0,334
9589.0,19,3,5,0,27,0,334
9590.0,19,3,5,0,27,0,334
9591.0,19,3,5,0,27,0,334
9592.0,19,3,5,0,27,0,334
9593.0,19,3,5,0,27,0,334
9594.0,19,3,5,0,27,0,334
9595.0,19,3,5,0,27,0,334
9596.0,19,3,5,0,27,0,334
9597.0,19,3,5,0,27,0,334
9598.0,19,3,5,0,27,0,334
9599.0,19,3,5,0,27,0,334
9600.0,19,3,5,0,27,0,334
9601.0,19,3,5,0,27,0,334
9602.0,19,3,5,0,27,0,334
9603.0,19,3,5,0,27,0,334
9604.0,19,3,5,0,27,0,334
9605.0,19,3,5,0,27,0,334
9606.0,19,3,5,0,27,0,334
9607.0,19,3,5,0,27,0,334
9608.0,19,3,5,0,27,0,334
9609.0,19,3,5,0,27,0,334
9610.0,19,3,5,0,27,0,334
9611.0,19,3,5,0,27,0,334
9612.0,19,3,5,0,27,0,334
9613.0,19,3,5,0,27,0,334
9614.0,19,3,5,0,27,0,334
9615.0,19,3,5,0,27,0,334
9616.0,19,3,5,0,27,0,334
9617.0,19,3,5,0,27,0,334
9618.0,19,3,5,0,27,0,334
9619.0,19,3,5,0,27,0,334
9620.0,19,3,5,0,27,0,334
9621.0,19,3,5,0,27,0,334
9622.0,19,3,5,0,27,0,334
9623.0,19,3,5,0,27,0,334
9624.0,19,3,5,0,27,0,334
9625.0,19,3,5,0,27,0,334
9626.0,19,3,5,0,27,0,334
9627.0,19,3,5,0,27,0,334
9628.0,19,3,5,0,27,0,334
9629.0,19,3,5,0,27,0,334
9630.0,19,3,5,0,27,0,334
9631.0,19,3,5,0,27,0,334
9632.0,19,3,5,0,27,0,334
9633.0,19,3,5,0,27,0,334
9634.0,19,3,5,0,27,0,334
9635.0,19,3,5,0,27,0,334
9636.0,19,3,5,0,27,0,334
9637.0,19,3,5,0,27,0,334
9638.0,19,3,5,0,27,0,334
9639.0,19,3,5,0,27,0,334
9640.0,19,3,5,0,27,0,334
9641.0,19,3,5,0,27,0,334
9642.0,19,3,5,0,27,0,334
9643.0,19,3,5,0,27,0,334
9644.0,19,3,5,0,27,0,334
9645.0,19,3,5,0,27,0,334
9646.0,19,3,5,0,27,0,334
9647.0,19,3,5,0,27,0,334
9648.0,19,3,5,0,27,0,334
9649.0,19,3,5,0,27,0,334
9650.0,19,3,5,0,27,0,334
9651.0,19,3,5,0,27,0,334
9652.0,19,3,5,0,27,0,334
9653.0,19,3,5,0,27,0,334
9654.0,19,3,5,0,27,0,334
9655.0,19,3,5,0,27,0,334
9656.0,19,3,5,0,27,0,334
9657.0,19,3,5,0,27,0,334
9658.0,19,3,5,0,27,0,334
9659.0,19,3,5,0,27,0,334
9660.0,19,3,5,0,27,0,334
9661.0,19,3,5,0,27,0,334
9662.0,19,3,5,0,27,0,334
9663.0,19,3,5,0,27,0,334
9664.0,19,3,5,0,27,0,334
9665.0,19,3,5,0,27,0,334
9666.0,19,3,5,0,27,0,334
9667.0,19,3,5,0,27,0,334
9668.0,19,3,5,0,27,0,334
9669.0,19,3,5,0,27,0,334
9670.0,19,3,5,0,27,0,334
9671.0,19,3,5,0,27,0,334
9672.0,19,3,5,0,27,0,334
9673.0,19,3,5,0,27,0,334
9674.0,19,3,5,0,27,0,334
9675.0,19,3,5,0,27,0,334
9676.0,19,3,5,0,27,0,334
9677.0,19,3,5,0,27,0,334
9678.0,19,3,5,0,27,0,334
9679.0,19,3,5,0,27,0,334
9680.0,19,3,5,0,27,0,334
9681.0,19,3,5,0,27,0,334
9682.0,19,3,5,0,27,0,334
9683.0,19,3,5,0,27,0,334
9684.0,19,3,5,0,27,0,334
9685.0,19,3,5,0,27,0,334
9686.0,19,3,5,0,27,0,334
9687.0,19,3,5,0,27,0,334
9688.0,19,3,5,0,27,0,334
9689.0,19,3,5,0,27,0,334
9690.0,19,3,5,0,27,0,334
9691.0,19,3,5,0,27,0,334
9692.0,19,3,5,0,27,0,334
9693.0,19,3,5,0,27,0,334
9694.0,19,3,5,0,27,0,334
9695.0,19,3,5,0,27,0,334
9696.0,19,3,5,0,27,0,334
9697.0,19,3,5,0,27,0,334
9698.0,19,3,5,0,27,0,334
9699.0,19,3,5,0,27,0,334
9700.0,19,3,5,0,27,0,334
9701.0,19,3,5,0,27,0,334
9702.0,19,3,5,0,27,0,334
9703.0,19,3,5,0,27,0,334
9704.0,19,3,5,0,27,0,334
9705.0,19,3,5,0,27,0,334
9706.0,19,3,5,0,27,0,334
9707.0,19,3,5,0,27,0,334
9708.0,19,3,5,0,27,0,334
9709.0,19,3,5,0,27,0,334
9710.0,19,3,5,0,27,0,334
9711.0,19,3,5,0,27,0,334
9712.0,19,3,5,0,27,0,334
9713.0,19,3,5,0,27,0,334
9714.0,19,3,5,0,27,0,334
9715.0,19,3,5,0,27,0,334
9716.0,19,3,5,0,27,0,334
9717.0,19,3,5,0,27,0,334
9718.0,19,3,5,0,27,0,334
9719.0,19,3,5,0,27,0,334
9720.0,19,3,5,0,27,0,334
9721.0,19,3,5,0,27,0,334
9722.0,19,3,5,0,27,0,334
9723.0,19,3,5,0,27,0,334
9724.0,19,3,5,0,27,0,334
9725.0,19,3,5,0,27,0,334
9726.0,19,3,5,0,27,0,334
9727.0,19,3,5,0,27,0,334
9728.0,19,3,5,0,27,0,334
9729.0,19,3,5,0,27,0,334
9730.0,19,3,5,0,27,0,334
9731.0,19,3,5,0,27,0,334
9732.0,19,3,5,0,27,0,334
9733.0,19,3,5,0,27,0,334
9734.0,19,3,5,0,27,0,334
9735.0,19,3,5,0,27,0,334
9736.0,19,3,5,0,27,0,334
9737.0,19,3,5,0,27,0,334
9738.0,19,3,5,0,27,0,334
9739.0,19,3,5,0,27,0,334
9740.0,19,3,5,0,27,0,334
9741.0,19,3,5,0,27,0,334
9742.0,19,3,5,0,27,0,334
9743.0,19,3,5,0,27,0,334
9744.0,19,3,5,0,27,0,334
9745.0,19,3,5,0,27,0,334
9746.0,19,3,5,0,27,0,334
9747.0,19,3,5,0,27,0,334
9748.0,19,3,5,0,27,0,334
9749.0,19,3,5,0,27,0,334
9750.0,19,3,5,0,27,0,334
9751.0,19,3,5,0,27,0,334
9752.0,19,3,5,0,27,0,334
9753.0,19,3,5,0,27,0,334
9754.0,19,3,5,0,27,0,334
9755.0,19,3,5,0,27,0,334
9756.0,19,3,5,0,27,0,334
9757.0,19,3,5,0,27,0,334
9758.0,19,3,5,0,27,0,334
9759.0,19,3,5,0,27,0,334
9760.0,19,3,5,0,27,0,334
9761.0,19,3,5,0,27,0,334
9762.0,19,3,5,0,27,0,334
9763.0,19,3,5,0,27,0,334
9764.0,19,3,5,0,27,0,334
9765.0,19,3,5,0,27,0,334
9766.0,19,3,5,0,27,0,334
9767.0,19,3,5,0,27,0,334
9768.0,19,3,5,0,27,0,334
9769.0,19,3,5,0,27,0,334
9770.0,19,3,5,0,27,0,334
9771.0,19,3,5,0,27,0,334
9772.0,19,3,5,0,27,0,334
9773.0,19,3,5,0,27,0,334
9774.0,19,3,5,0,27,0,334
9775.0,19,3,5,0,27,0,334
9776.0,19,3,5,0,27,0,334
9777.0,19,3,5,0,27,0,334
9778.0,19,3,5,0,27,0,334
9779.0,19,3,5,0,27,0,334
9780.0,19,3,5,0,27,0,334
9781.0,19,3,5,0,27,0,334
9782.0,19,3,5,0,27,0,334
9783.0,19,3,5,0,27,0,334
9784.0,19,3,5,0,27,0,334
9785.0,19,3,5,0,27,0,334
9786.0,19,3,5,0,27,0,334
9787.0,19,3,5,0,27,0,334
9788.0,19,3,5,0,27,0,334
9789.0,19,3,5,0,27,0,334
9790.0,19,3,5,0,27,0,334
9791.0,19,3,5,0,27,0,334
9792.0,19,3,5,0,27,0,334
9793.0,19,3,5,0,27,0,334
9794.0,19,3,5,0,27,0,334
9795.0,19,3,5,0,27,0,334
9796.0,19,3,5,0,27,0,334
9797.0,19,3,5,0,27,0,334
9798.0,19,3,5,0,27,0,334
9799.0,19,3,5,0,27,0,334
9800.0,19,3,5,0,27,0,334
9801.0,19,3,5,0,27,0,334
9802.0,19,3,5,0,27,0,334
9803.0,19,3,5,0,27,0,334
9804.0,19,3,5,0,27,0,334
9805.0,19,3,5,0,27,0,334
9806.0,19,3,5,0,27,0,334
9807.0,19,3,5,0,27,0,334
9808.0,19,3,5,0,27,0,334
9809.0,19,3,5,0,27,0,334
9810.0,19,3,5,0,27,0,334
9811.0,19,3,5,0,27,0,334
9812.0,19,3,5,0,27,0,334
9813.0,19,3,5,0,27,0,334
9814.0,19,3,5,0,27,0,334
9815.0,19,3,5,0,27,0,334
9816.0,19,3,5,0,27,0,334
9817.0,19,3,5,0,27,0,334
9818.0,19,3,5,0,27,0,334
9819.0,19,3,5,0,27,0,334
9820.0,19,3,5,0,27,0,334
9821.0,19,3,5,0,27,0,334
9822.0,19,3,5,0,27,0,334
9823.0,19,3,5,0,27,0,334
9824.0,19,3,5,0,27,0,334
9825.0,19,3,5,0,27,0,334
9826.0,19,3,5,0,27,0,334
9827.0,19,3,5,0,27,0,334
9828.0,19,3,5,0,27,0,334
9829.0,19,3,5,0,27,0,334
9830.0,19,3,5,0,27,0,334
9831.0,19,3,5,0,27,0,334
9832.0,19,3,5,0,27,0,334
9833.0,19,3,5,0,27,0,334
9834.0,19,3,5,0,27,0,334
9835.0,19,3,5,0,27,0,334
9836.0,19,3,5,0,27,0,334
9837.0,19,3,5,0,27,0,334
9838.0,19,3,5,0,27,0,334
9839.0,19,3,5,0,27,0,334
9840.0,19,3,5,0,27,0,334
9841.0,19,3,5,0,27,0,334
9842.0,19,3,5,0,27,0,334
9843.0,19,3,5,0,27,0,334
9844.0,19,3,5,0,27,0,334
9845.0,19,3,5,0,27,0,334
9846.0,19,3,5,0,27,0,334
9847.0,19,3,5,0,27,0,334
9848.0,19,3,5,0,27,0,334
9849.0,19,3,5,0,27,0,334
9850.0,19,3,5,0,27,0,334
9851.0,19,3,5,0,27,0,334
9852.0,19,3,5,0,27,0,334
9853.0,19,3,5,0,27,0,334
9854.0,19,3,5,0,27,0,334
9855.0,19,3,5,0,27,0,334
9856.0,19,3,5,0,27,0,334
9857.0,19,3,5,0,27,0,334
9858.0,19,3,5,0,27,0,334
9859.0,19,3,5,0,27,0,334
9860.0,19,3,5,0,27,0,334
9861.0,19,3,5,0,27,0,334
9862.0,19,3,5,0,27,0,334
9863.0,19,3,5,0,27,0,334
9864.0,19,3,5,0,27,0,334
9865.0,19,3,5,0,27,0,334
9866.0,19,3,5,0,27,0,334
9867.0,19,3,5,0,27,0,334
9868.0,19,3,5,0,27,0,334
9869.0,19,3,5,0,27,0,334
9870.0,19,3,5,0,27,0,334
9871.0,19,3,5,0,27,0,334
9872.0,19,3,5,0,27,0,334
9873.0,19,3,5,0,27,0,334
9874.0,19,3,5,0,27,0,334
9875.0,19,3,5,0,27,0,334
9876.0,19,3,5,0,27,0,334
9877.0,19,3,5,0,27,0,334
9878.0,19,3,5,0,27,0,334
9879.0,19,3,5,0,27,0,334
9880.0,19,3,5,0,27,0,334
9881.0,19,3,5,0,27,0,334
9882.0,19,3,5,0,27,0,334
9883.0,19,3,5,0,27,0,334
9884.0,19,3,5,0,27,0,334
9885.0,19,3,5,0,27,0,334
9886.0,19,3,5,0,27,0,334
9887.0,19,3,5,0,27,0,334
9888.0,19,3,5,0,27,0,334
9889.0,19,3,5,0,27,0,334
9890.0,19,3,5,0,27,0,334
9891.0,19,3,5,0,27,0,334
9892.0,19,3,5,0,27,0,334
9893.0,19,3,5,0,27,0,334
9894.0,19,3,5,0,27,0,334
9895.0,19,3,5,0,27,0,334
9896.0,19,3,5,0,27,0,334
9897.0,19,3,5,0,27,0,334
9898.0,19,3,5,0,27,0,334
9899.0,19,3,5,0,27,0,334
9900.0,19,3,5,0,27,0,334
9901.0,19,3,5,0,27,0,334
9902.0,19,3,5,0,27,0,334
9903.0,19,3,5,0,27,0,334
9904.0,19,3,5,0,27,0,334
9905.0,19,3,5,0,27,0,334
9906.0,19,3,5,0,27,0,334
9907.0,19,3,5,0,27,0,334
9908.0,19,3,5,0,27,0,334
9909.0,19,3,5,0,27,0,334
9910.0,19,3,5,0,27,0,334
9911.0,19,3,5,0,27,0,334
9912.0,19,3,5,0,27,0,334
9913.0,19,3,5,0,27,0,334
9914.0,19,3,5,0,27,0,334
9915.0,19,3,5,0,27,0,334
9916.0,19,3,5,0,27,0,334
9917.0,19,3,5,0,27,0,334
9918.0,19,3,5,0,27,0,334
9919.0,19,3,5,0,27,0,334
9920.0,19,3,5,0,27,0,334
9921.0,19,3,5,0,27,0,334
9922.0,19,3,5,0,27,0,334
9923.0,19,3,5,0,27,0,334
9924.0,19,3,5,0,27,0,334
9925.0,19,3,5,0,27,0,334
9926.0,19,3,5,0,27,0,334
9927.0,19,3,5,0,27,0,334
9928.0,19,3,5,0,27,0,334
9929.0,19,3,5,0,27,0,334
9930.0,19,3,5,0,27,0,334
9931.0,19,3,5,0,27,0,334
9932.0,19,3,5,0,27,0,334
9933.0,19,3,5,0,27,0,334
9934.0,19,3,5,0,27,0,334
9935.0,19,3,5,0,27,0,334
9936.0,19,3,5,0,27,0,334
9937.0,19,3,5,0,27,0,334
9938.0,19,3,5,0,27,0,334
9939.0,19,3,5,0,27,0,334
9940.0,19,3,5,0,27,0,334
9941.0,19,3,5,0,27,0,334
9942.0,19,3,5,0,27,0,334
9943.0,19,3,5,0,27,0,334
9944.0,19,3,5,0,27,0,334
9945.0,19,3,5,0,27,0,334
9946.0,19,3,5,0,27,0,334
9947.0,19,3,5,0,27,0,334
9948.0,19,3,5,0,27,0,334
9949.0,19,3,5,0,27,0,334
9950.0,19,3,5,0,27,0,334
9951.0,19,3,5,0,27,0,334
9952.0,19,3,5,0,27,0,334
9953.0,19,3,5,0,27,0,334
9954.0,19,3,5,0,27,0,334
9955.0,19,3,5,0,27,0,334
9956.0,19,3,5,0,27,0,334
9957.0,19,3,5,0,27,0,334
9958.0,19,3,5,0,27,0,334
9959.0,19,3,5,0,27,0,334
9960.0,19,3,5,0,27,0,334
9961.0,19,3,5,0,27,0,334
9962.0,19,3,5,0,27,0,334
9963.0,19,3,5,0,27,0,334
9964.0,19,3,5,0,27,0,334
9965.0,19,3,5,0,27,0,334
9966.0,19,3,5,0,27,0,334
9967.0,19,3,5,0,27,0,334
9968.0,19,3,5,0,27,0,334
9969.0,19,3,5,0,27,0,334
9970.0,19,3,5,0,27,0,334
9971.0,19,3,5,0,27,0,334
9972.0,19,3,5,0,27,0,334
9973.0,19,3,5,0,27,0,334
9974.0,19,3,5,0,27,0,334
9975.0,19,3,5,0,27,0,334
9976.0,19,3,5,0,27,0,334
9977.0,19,3,5,0,27,0,334
9978.0,19,3,5,0,27,0,334
9979.0,19,3,5,0,27,0,334
9980.0,19,3,5,0,27,0,334
9981.0,19,3,5,0,27,0,334
9982.0,19,3,5,0,27,0,334
9983.0,19,3,5,0,27,0,334
9984.0,19,3,5,0,27,0,334
9985.0,19,3,5,0,27,0,334
9986.0,19,3,5,0,27,0,334
9987.0,19,3,5,0,27,0,334
9988.0,19,3,5,0,27,0,334
9989.0,19,3,5,0,27,0,334
9990.0,19,3,5,0,27,0,334
9991.0,19,3,5,0,27,0,334
9992.0,19,3,5,0,27,0,334
9993.0,19,3,5,0,27,0,334
9994.0,19,3,5,0,27,0,334
9995.0,19,3,5,0,27,0,334
9996.0,19,3,5,0,27,0,334
9997.0,19,3,5,0,27,0,334
9998.0,19,3,5,0,27,0,334
9999.0,19,3,5,0,27,0,334
10000.0,19,3,5,0,27,0,334
10001.0,19,3,5,0,27,0,334
10002.0,19,3,5,0,27,0,334
10003.0,19,3,5,0,27,0,334
10004.0,19,3,5,0,27,0,334
10005.0,19,3,5,0,27,0,334
10006.0,19,3,5,0,27,0,334
10007.0,19,3,5,0,27,0,334
10008.0,19,3,5,0,27,0,334
10009.0,19,3,5,0,27,0,334
10010.0,19,3,5,0,27,0,334
10011.0,19,3,5,0,27,0,334
10012.0,19,3,5,0,27,0,334
10013.0,19,3,5,0,27,0,334
10014.0,19,3,5,0,27,0,334
10015.0,19,3,5,0,27,0,334
10016.0,19,3,5,0,27,0,334
10017.0,19,3,5,0,27,0,334
10018.0,19,3,5,0,27,0,334
10019.0,19,3,5,0,27,0,334
10020.0,19,3,5,0,27,0,334
10021.0,19,3,5,0,27,0,334
10022.0,19,3,5,0,27,0,334
10023.0,19,3,5,0,27,0,334
10024.0,19,3,5,0,27,0,334
10025.0,19,3,5,0,27,0,334
10026.0,19,3,5,0,27,0,334
10027.0,19,3,5,0,27,0,334
10028.0,19,3,5,0,27,0,334
10029.0,19,3,5,0,27,0,334
10030.0,19,3,5,0,27,0,334
10031.0,19,3,5,0,27,0,334
10032.0,19,3,5,0,27,0,334
10033.0,19,3,5,0,27,0,334
10034.0,19,3,5,0,27,0,334
10035.0,19,3,5,0,27,0,334
10036.0,19,3,5,0,27,0,334
10037.0,19,3,5,0,27,0,334
10038.0,19,3,5,0,27,0,334
10039.0,19,3,5,0,27,0,334
10040.0,19,3,5,0,27,0,334
10041.0,19,3,5,0,27,0,334
10042.0,19,3,5,0,27,0,334
10043.0,19,3,5,0,27,0,334
10044.0,19,3,5,0,27,0,334
10045.0,19,3,5,0,27,0,334
10046.0,19,3,5,0,27,0,334
10047.0,19,3,5,0,27,0,334
10048.0,19,3,5,0,27,0,334
10049.0,19,3,5,0,27,0,334
10050.0,19,3,5,0,27,0,334
10051.0,19,3,5,0,27,0,334
10052.0,19,3,5,0,27,0,334
10053.0,19,3,5,0,27,0,334
10054.0,19,3,5,0,27,0,334
10055.0,19,3,5,0,27,0,334
10056.0,19,3,5,0,27,0,334
10057.0,19,3,5,0,27,0,334
10058.0,19,3,5,0,27,0,334
10059.0,19,3,5,0,27,0,334
10060.0,19,3,5,0,27,0,334
10061.0,19,3,5,0,27,0,334
10062.0,19,3,5,0,27,0,334
10063.0,19,3,5,0,27,0,334
10064.0,19,3,5,0,27,0,334
10065.0,19,3,5,0,27,0,334
10066.0,19,3,5,0,27,0,334
10067.0,19,3,5,0,27,0,334
10068.0,19,3,5,0,27,0,334
10069.0,19,3,5,0,27,0,334
10070.0,19,3,5,0,27,0,334
10071.0,19,3,5,0,27,0,334
10072.0,19,3,5,0,27,0,334
10073.0,19,3,5,0,27,0,334
10074.0,19,3,5,0,27,0,334
10075.0,19,3,5,0,27,0,334
10076.0,19,3,5,0,27,0,334
10077.0,19,3,5,0,27,0,334
10078.0,19,3,5,0,27,0,334
10079.0,19,3,5,0,27,0,334
10080.0,19,3,5,0,27,0,334
10081.0,19,3,5,0,27,0,334
10082.0,19,3,5,0,27,0,334
10083.0,19,3,5,0,27,0,334
10084.0,19,3,5,0,27,0,334
10085.0,19,3,5,0,27,0,334
10086.0,19,3,5,0,27,0,334
10087.0,19,3,5,0,27,0,334
10088.0,19,3,5,0,27,0,334
10089.0,19,3,5,0,27,0,334
10090.0,19,3,5,0,27,0,334
10091.0,19,3,5,0,27,0,334
10092.0,19,3,5,0,27,0,334
10093.0,19,3,5,0,27,0,334
10094.0,19,3,5,0,27,0,334
10095.0,19,3,5,0,27,0,334
10096.0,19,3,5,0,27,0,334
10097.0,19,3,5,0,27,0,334
10098.0,19,3,5,0,27,0,334
10099.0,19,3,5,0,27,0,334
10100.0,19,3,5,0,27,0,334
10101.0,19,3,5,0,27,0,334
10102.0,19,3,5,0,27,0,334
10103.0,19,3,5,0,27,0,334
10104.0,19,3,5,0,27,0,334
10105.0,19,3,5,0,27,0,334
10106.0,19,3,5,0,27,0,334
10107.0,19,3,5,0,27,0,334
10108.0,19,3,5,0,27,0,334
10109.0,19,3,5,0,27,0,334
10110.0,19,3,5,0,27,0,334
10111.0,19,3,5,0,27,0,334
10112.0,19,3,5,0,27,0,334
10113.0,19,3,5,0,27,0,334
10114.0,19,3,5,0,27,0,334
10115.0,19,3,5,0,27,0,334
10116.0,19,3,5,0,27,0,334
10117.0,19,3,5,0,27,0,334
10118.0,19,3,5,0,27,0,334
10119.0,19,3,5,0,27,0,334
10120.0,19,3,5,0,27,0,334
10121.0,19,3,5,0,27,0,334
10122.0,19,3,5,0,27,0,334
10123.0,19,3,5,0,27,0,334
10124.0,19,3,5,0,27,0,334
10125.0,19,3,5,0,27,0,334
10126.0,19,3,5,0,27,0,334
10127.0,19,3,5,0,27,0,334
10128.0,19,3,5,0,27,0,334
10129.0,19,3,5,0,27,0,334
10130.0,19,3,5,0,27,0,334
10131.0,19,3,5,0,27,0,334
10132.0,19,3,5,0,27,0,334
10133.0,19,3,5,0,27,0,334
10134.0,19,3,5,0,27,0,334
10135.0,19,3,5,0,27,0,334
10136.0,19,3,5,0,27,0,334
10137.0,19,3,5,0,27,0,334
10138.0,19,3,5,0,27,0,334
10139.0,19,3,5,0,27,0,334
10140.0,19,3,5,0,27,0,334
10141.0,19,3,5,0,27,0,334
10142.0,19,3,5,0,27,0,334
10143.0,19,3,5,0,27,0,334
10144.0,19,3,5,0,27,0,334
10145.0,19,3,5,0,27,0,334
10146.0,19,3,5,0,27,0,334
10147.0,19,3,5,0,27,0,334
10148.0,19,3,5,0,27,0,334
10149.0,19,3,5,0,27,0,334
10150.0,19,3,5,0,27,0,334
10151.0,19,3,5,0,27,0,334
10152.0,19,3,5,0,27,0,334
10153.0,19,3,5,0,27,0,334
10154.0,19,3,5,0,27,0,334
10155.0,19,3,5,0,27,0,334
10156.0,19,3,5,0,27,0,334
10157.0,19,3,5,0,27,0,334
10158.0,19,3,5,0,27,0,334
10159.0,19,3,5,0,27,0,334
10160.0,19,3,5,0,27,0,334
10161.0,19,3,5,0,27,0,334
10162.0,19,3,5,0,27,0,334
10163.0,19,3,5,0,27,0,334
10164.0,19,3,5,0,27,0,334
10165.0,19,3,5,0,27,0,334
10166.0,19,3,5,0,27,0,334
10167.0,19,3,5,0,27,0,334
10168.0,19,3,5,0,27,0,334
10169.0,19,3,5,0,27,0,334
10170.0,19,3,5,0,27,0,334
10171.0,19,3,5,0,27,0,334
10172.0,19,3,5,0,27,0,334
10173.0,19,3,5,0,27,0,334
10174.0,19,3,5,0,27,0,334
10175.0,19,3,5,0,27,0,334
10176.0,19,3,5,0,27,0,334
10177.0,19,3,5,0,27,0,334
10178.0,19,3,5,0,27,0,334
10179.0,19,3,5,0,27,0,334
10180.0,19,3,5,0,27,0,334
10181.0,19,3,5,0,27,0,334
10182.0,19,3,5,0,27,0,334
10183.0,19,3,5,0,27,0,334
10184.0,19,3,5,0,27,0,334
10185.0,19,3,5,0,27,0,334
10186.0,19,3,5,0,27,0,334
10187.0,19,3,5,0,27,0,334
10188.0,19,3,5,0,27,0,334
10189.0,19,3,5,0,27,0,334
10190.0,19,3,5,0,27,0,334
10191.0,19,3,5,0,27,0,334
10192.0,19,3,5,0,27,0,334
10193.0,19,3,5,0,27,0,334
10194.0,19,3,5,0,27,0,334
10195.0,19,3,5,0,27,0,334
10196.0,19,3,5,0,27,0,334
10197.0,19,3,5,0,27,0,334
10198.0,19,3,5,0,27,0,334
10199.0,19,3,5,0,27,0,334
10200.0,19,3,5,0,27,0,334
10201.0,19,3,5,0,27,0,334
10202.0,19,3,5,0,27,0,334
10203.0,19,3,5,0,27,0,334
10204.0,19,3,5,0,27,0,334
10205.0,19,3,5,0,27,0,334
10206.0,19,3,5,0,27,0,334
10207.0,19,3,5,0,27,0,334
10208.0,19,3,5,0,27,0,334
10209.0,19,3,5,0,27,0,334
10210.0,19,3,5,0,27,0,334
10211.0,19,3,5,0,27,0,334
10212.0,19,3,5,0,27,0,334
10213.0,19,3,5,0,27,0,334
10214.0,19,3,5,0,27,0,334
10215.0,19,3,5,0,27,0,334
10216.0,19,3,5,0,27,0,334
10217.0,19,3,5,0,27,0,334
10218.0,19,3,5,0,27,0,334
10219.0,19,3,5,0,27,0,334
10220.0,19,3,5,0,27,0,334
10221.0,19,3,5,0,27,0,334
10222.0,19,3,5,0,27,0,334
10223.0,19,3,5,0,27,0,334
10224.0,19,3,5,0,27,0,334
10225.0,19,3,5,0,27,0,334
10226.0,19,3,5,0,27,0,334
10227.0,19,3,5,0,27,0,334
10228.0,19,3,5,0,27,0,334
10229.0,19,3,5,0,27,0,334
10230.0,19,3,5,0,27,0,334
10231.0,19,3,5,0,27,0,334
10232.0,19,3,5,0,27,0,334
10233.0,19,3,5,0,27,0,334
10234.0,19,3,5,0,27,0,334
10235.0,19,3,5,0,27,0,334
10236.0,19,3,5,0,27,0,334
10237.0,19,3,5,0,27,0,334
10238.0,19,3,5,0,27,0,334
10239.0,19,3,5,0,27,0,334
10240.0,19,3,5,0,27,0,334
10241.0,19,3,5,0,27,0,334
10242.0,19,3,5,0,27,0,334
10243.0,19,3,5,0,27,0,334
10244.0,19,3,5,0,27,0,334
10245.0,19,3,5,0,27,0,334
10246.0,19,3,5,0,27,0,334
10247.0,19,3,5,0,27,0,334
10248.0,19,3,5,0,27,0,334
10249.0,19,3,5,0,27,0,334
10250.0,19,3,5,0,27,0,334
10251.0,19,3,5,0,27,0,334
10252.0,19,3,5,0,27,0,334
10253.0,19,3,5,0,27,0,334
10254.0,19,3,5,0,27,0,334
10255.0,19,3,5,0,27,0,334
10256.0,19,3,5,0,27,0,334
10257.0,19,3,5,0,27,0,334
10258.0,19,3,5,0,27,0,334
10259.0,19,3,5,0,27,0,334
10260.0,19,3,5,0,27,0,334
10261.0,19,3,5,0,27,0,334
10262.0,19,3,5,0,27,0,334
10263.0,19,3,5,0,27,0,334
10264.0,19,3,5,0,27,0,334
10265.0,19,3,5,0,27,0,334
10266.0,19,3,5,0,27,0,334
10267.0,19,3,5,0,27,0,334
10268.0,19,3,5,0,27,0,334
10269.0,19,3,5,0,27,0,334
10270.0,19,3,5,0,27,0,334
10271.0,19,3,5,0,27,0,334
10272.0,19,3,5,0,27,0,334
10273.0,19,3,5,0,27,0,334
10274.0,19,3,5,0,27,0,334
10275.0,19,3,5,0,27,0,334
10276.0,19,3,5,0,27,0,334
10277.0,19,3,5,0,27,0,334
10278.0,19,3,5,0,27,0,334
10279.0,19,3,5,0,27,0,334
10280.0,19,3,5,0,27,0,334
10281.0,19,3,5,0,27,0,334
10282.0,19,3,5,0,27,0,334
10283.0,19,3,5,0,27,0,334
10284.0,19,3,5,0,27,0,334
10285.0,19,3,5,0,27,0,334
10286.0,19,3,5,0,27,0,334
10287.0,19,3,5,0,27,0,334
10288.0,19,3,5,0,27,0,334
10289.0,19,3,5,0,27,0,334
10290.0,19,3,5,0,27,0,334
10291.0,19,3,5,0,27,0,334
10292.0,19,3,5,0,27,0,334
10293.0,19,3,5,0,27,0,334
10294.0,19,3,5,0,27,0,334
10295.0,19,3,5,0,27,0,334
10296.0,19,3,5,0,27,0,334
10297.0,19,3,5,0,27,0,334
10298.0,19,3,5,0,27,0,334
10299.0,19,3,5,0,27,0,334
10300.0,19,3,5,0,27,0,334
10301.0,19,3,5,0,27,0,334
10302.0,19,3,5,0,27,0,334
10303.0,19,3,5,0,27,0,334
10304.0,19,3,5,0,27,0,334
10305.0,19,3,5,0,27,0,334
10306.0,19,3,5,0,27,0,334
10307.0,19,3,5,0,27,0,334
10308.0,19,3,5,0,27,0,334
10309.0,19,3,5,0,27,0,334
10310.0,19,3,5,0,27,0,334
10311.0,19,3,5,0,27,0,334
10312.0,19,3,5,0,27,0,334
10313.0,19,3,5,0,27,0,334
10314.0,19,3,5,0,27,0,334
10315.0,19,3,5,0,27,0,334
10316.0,19,3,5,0,27,0,334
10317.0,19,3,5,0,27,0,334
10318.0,19,3,5,0,27,0,334
10319.0,19,3,5,0,27,0,334
10320.0,19,3,5,0,27,0,334
10321.0,19,3,5,0,27,0,334
10322.0,19,3,5,0,27,0,334
10323.0,19,3,5,0,27,0,334
10324.0,19,3,5,0,27,0,334
10325.0,19,3,5,0,27,0,334
10326.0,19,3,5,0,27,0,334
10327.0,19,3,5,0,27,0,334
10328.0,19,3,5,0,27,0,334
10329.0,19,3,5,0,27,0,334
10330.0,19,3,5,0,27,0,334
10331.0,19,3,5,0,27,0,334
10332.0,19,3,5,0,27,0,334
10333.0,19,3,5,0,27,0,334
10334.0,19,3,5,0,27,0,334
10335.0,19,3,5,0,27,0,334
10336.0,19,3,5,0,27,0,334
10337.0,19,3,5,0,27,0,334
10338.0,19,3,5,0,27,0,334
10339.0,19,3,5,0,27,0,334
10340.0,19,3,5,0,27,0,334
10341.0,19,3,5,0,27,0,334
10342.0,19,3,5,0,27,0,334
10343.0,19,3,5,0,27,0,334
10344.0,19,3,5,0,27,0,334
10345.0,19,3,5,0,27,0,334
10346.0,19,3,5,0,27,0,334
10347.0,19,3,5,0,27,0,334
10348.0,19,3,5,0,27,0,334
10349.0,19,3,5,0,27,0,334
10350.0,19,3,5,0,27,0,334
10351.0,19,3,5,0,27,0,334
10352.0,19,3,5,0,27,0,334
10353.0,19,3,5,0,27,0,334
10354.0,19,3,5,0,27,0,334
10355.0,19,3,5,0,27,0,334
10356.0,19,3,5,0,27,0,334
10357.0,19,3,5,0,27,0,334
10358.0,19,3,5,0,27,0,334
10359.0,19,3,5,0,27,0,334
10360.0,19,3,5,0,27,0,334
10361.0,19,3,5,0,27,0,334
10362.0,19,3,5,0,27,0,334
10363.0,19,3,5,0,27,0,334
10364.0,19,3,5,0,27,0,334
10365.0,19,3,5,0,27,0,334
10366.0,19,3,5,0,27,0,334
10367.0,19,3,5,0,27,0,334
10368.0,19,3,5,0,27,0,334
10369.0,19,3,5,0,27,0,334
10370.0,19,3,5,0,27,0,334
10371.0,19,3,5,0,27,0,334
10372.0,19,3,5,0,27,0,334
10373.0,19,3,5,0,27,0,334
10374.0,19,3,5,0,27,0,334
10375.0,19,3,5,0,27,0,334
10376.0,19,3,5,0,27,0,334
10377.0,19,3,5,0,27,0,334
10378.0,19,3,5,0,27,0,334
10379.0,19,3,5,0,27,0,334
10380.0,19,3,5,0,27,0,334
10381.0,19,3,5,0,27,0,334
10382.0,19,3,5,0,27,0,334
10383.0,19,3,5,0,27,0,334
10384.0,19,3,5,0,27,0,334
10385.0,19,3,5,0,27,0,334
10386.0,19,3,5,0,27,0,334
10387.0,19,3,5,0,27,0,334
10388.0,19,3,5,0,27,0,334
10389.0,19,3,5,0,27,0,334
10390.0,19,3,5,0,27,0,334
10391.0,19,3,5,0,27,0,334
10392.0,19,3,5,0,27,0,334
10393.0,19,3,5,0,27,0,334
10394.0,19,3,5,0,27,0,334
10395.0,19,3,5,0,27,0,334
10396.0,19,3,5,0,27,0,334
10397.0,19,3,5,0,27,0,334
10398.0,19,3,5,0,27,0,334
10399.0,19,3,5,0,27,0,334
10400.0,19,3,5,0,27,0,334
10401.0,19,3,5,0,27,0,334
10402.0,19,3,5,0,27,0,334
10403.0,19,3,5,0,27,0,334
10404.0,19,3,5,0,27,0,334
10405.0,19,3,5,0,27,0,334
10406.0,19,3,5,0,27,0,334
10407.0,19,3,5,0,27,0,334
10408.0,19,3,5,0,27,0,334
10409.0,19,3,5,0,27,0,334
10410.0,19,3,5,0,27,0,334
10411.0,19,3,5,0,27,0,334
10412.0,19,3,5,0,27,0,334
10413.0,19,3,5,0,27,0,334
10414.0,19,3,5,0,27,0,334
10415.0,19,3,5,0,27,0,334
10416.0,19,3,5,0,27,0,334
10417.0,19,3,5,0,27,0,334
10418.0,19,3,5,0,27,0,334
10419.0,19,3,5,0,27,0,334
10420.0,19,3,5,0,27,0,334
10421.0,19,3,5,0,27,0,334
10422.0,19,3,5,0,27,0,334
10423.0,19,3,5,0,27,0,334
10424.0,19,3,5,0,27,0,334
10425.0,19,3,5,0,27,0,334
10426.0,19,3,5,0,27,0,334
10427.0,19,3,5,0,27,0,334
10428.0,19,3,5,0,27,0,334
10429.0,19,3,5,0,27,0,334
10430.0,19,3,5,0,27,0,334
10431.0,19,3,5,0,27,0,334
10432.0,19,3,5,0,27,0,334
10433.0,19,3,5,0,27,0,334
10434.0,19,3,5,0,27,0,334
10435.0,19,3,5,0,27,0,334
10436.0,19,3,5,0,27,0,334
10437.0,19,3,5,0,27,0,334
10438.0,19,3,5,0,27,0,334
10439.0,19,3,5,0,27,0,334
10440.0,19,3,5,0,27,0,334
10441.0,19,3,5,0,27,0,334
10442.0,19,3,5,0,27,0,334
10443.0,19,3,5,0,27,0,334
10444.0,19,3,5,0,27,0,334
10445.0,19,3,5,0,27,0,334
10446.0,19,3,5,0,27,0,334
10447.0,19,3,5,0,27,0,334
10448.0,19,3,5,0,27,0,334
10449.0,19,3,5,0,27,0,334
10450.0,19,3,5,0,27,0,334
10451.0,19,3,5,0,27,0,334
10452.0,19,3,5,0,27,0,334
10453.0,19,3,5,0,27,0,334
10454.0,19,3,5,0,27,0,334
10455.0,19,3,5,0,27,0,334
10456.0,19,3,5,0,27,0,334
10457.0,19,3,5,0,27,0,334
10458.0,19,3,5,0,27,0,334
10459.0,19,3,5,0,27,0,334
10460.0,19,3,5,0,27,0,334
10461.0,19,3,5,0,27,0,334
10462.0,19,3,5,0,27,0,334
10463.0,19,3,5,0,27,0,334
10464.0,19,3,5,0,27,0,334
10465.0,19,3,5,0,27,0,334
10466.0,19,3,5,0,27,0,334
10467.0,19,3,5,0,27,0,334
10468.0,19,3,5,0,27,0,334
10469.0,19,3,5,0,27,0,334
10470.0,19,3,5,0,27,0,334
10471.0,19,3,5,0,27,0,334
10472.0,19,3,5,0,27,0,334
10473.0,19,3,5,0,27,0,334
10474.0,19,3,5,0,27,0,334
10475.0,19,3,5,0,27,0,334
10476.0,19,3,5,0,27,0,334
10477.0,19,3,5,0,27,0,334
10478.0,19,3,5,0,27,0,334
10479.0,19,3,5,0,27,0,334
10480.0,19,3,5,0,27,0,334
10481.0,19,3,5,0,27,0,334
10482.0,19,3,5,0,27,0,334
10483.0,19,3,5,0,27,0,334
10484.0,19,3,5,0,27,0,334
10485.0,19,3,5,0,27,0,334
10486.0,19,3,5,0,27,0,334
10487.0,19,3,5,0,27,0,334
10488.0,19,3,5,0,27,0,334
10489.0,19,3,5,0,27,0,334
10490.0,19,3,5,0,27,0,334
10491.0,19,3,5,0,27,0,334
10492.0,19,3,5,0,27,0,334
10493.0,19,3,5,0,27,0,334
10494.0,19,3,5,0,27,0,334
10495.0,19,3,5,0,27,0,334
10496.0,19,3,5,0,27,0,334
10497.0,19,3,5,0,27,0,334
10498.0,19,3,5,0,27,0,334
10499.0,19,3,5,0,27,0,334
10500.0,19,3,5,0,27,0,334
10501.0,19,3,5,0,27,0,334
10502.0,19,3,5,0,27,0,334
10503.0,19,3,5,0,27,0,334
10504.0,19,3,5,0,27,0,334
10505.0,19,3,5,0,27,0,334
10506.0,19,3,5,0,27,0,334
10507.0,19,3,5,0,27,0,334
10508.0,19,3,5,0,27,0,334
10509.0,19,3,5,0,27,0,334
10510.0,19,3,5,0,27,0,334
10511.0,19,3,5,0,27,0,334
10512.0,19,3,5,0,27,0,334
10513.0,19,3,5,0,27,0,334
10514.0,19,3,5,0,27,0,334
10515.0,19,3,5,0,27,0,334
10516.0,19,3,5,0,27,0,334
10517.0,19,3,5,0,27,0,334
10518.0,19,3,5,0,27,0,334
10519.0,19,3,5,0,27,0,334
10520.0,19,3,5,0,27,0,334
10521.0,19,3,5,0,27,0,334
10522.0,19,3,5,0,27,0,334
10523.0,19,3,5,0,27,0,334
10524.0,19,3,5,0,27,0,334
10525.0,19,3,5,0,27,0,334
10526.0,19,3,5,0,27,0,334
10527.0,19,3,5,0,27,0,334
10528.0,19,3,5,0,27,0,334
10529.0,19,3,5,0,27,0,334
10530.0,19,3,5,0,27,0,334
10531.0,19,3,5,0,27,0,334
10532.0,19,3,5,0,27,0,334
10533.0,19,3,5,0,27,0,334
10534.0,19,3,5,0,27,0,334
10535.0,19,3,5,0,27,0,334
10536.0,19,3,5,0,27,0,334
10537.0,19,3,5,0,27,0,334
10538.0,19,3,5,0,27,0,334
10539.0,19,3,5,0,27,0,334
10540.0,19,3,5,0,27,0,334
10541.0,19,3,5,0,27,0,334
10542.0,19,3,5,0,27,0,334
10543.0,19,3,5,0,27,0,334
10544.0,19,3,5,0,27,0,334
10545.0,19,3,5,0,27,0,334
10546.0,19,3,5,0,27,0,334
10547.0,19,3,5,0,27,0,334
10548.0,19,3,5,0,27,0,334
10549.0,19,3,5,0,27,0,334
10550.0,19,3,5,0,27,0,334
10551.0,19,3,5,0,27,0,334
10552.0,19,3,5,0,27,0,334
10553.0,19,3,5,0,27,0,334
10554.0,19,3,5,0,27,0,334
10555.0,19,3,5,0,27,0,334
10556.0,19,3,5,0,27,0,334
10557.0,19,3,5,0,27,0,334
10558.0,19,3,5,0,27,0,334
10559.0,19,3,5,0,27,0,334
10560.0,19,3,5,0,27,0,334
10561.0,19,3,5,0,27,0,334
10562.0,19,3,5,0,27,0,334
10563.0,19,3,5,0,27,0,334
10564.0,19,3,5,0,27,0,334
10565.0,19,3,5,0,27,0,334
10566.0,19,3,5,0,27,0,334
10567.0,19,3,5,0,27,0,334
10568.0,19,3,5,0,27,0,334
10569.0,19,3,5,0,27,0,334
10570.0,19,3,5,0,27,0,334
10571.0,19,3,5,0,27,0,334
10572.0,19,3,5,0,27,0,334
10573.0,19,3,5,0,27,0,334
10574.0,19,3,5,0,27,0,334
10575.0,19,3,5,0,27,0,334
10576.0,19,3,5,0,27,0,334
10577.0,19,3,5,0,27,0,334
10578.0,19,3,5,0,27,0,334
10579.0,19,3,5,0,27,0,334
10580.0,19,3,5,0,27,0,334
10581.0,19,3,5,0,27,0,334
10582.0,19,3,5,0,27,0,334
10583.0,19,3,5,0,27,0,334
10584.0,19,3,5,0,27,0,334
10585.0,19,3,5,0,27,0,334
10586.0,19,3,5,0,27,0,334
10587.0,19,3,5,0,27,0,334
10588.0,19,3,5,0,27,0,334
10589.0,19,3,5,0,27,0,334
10590.0,19,3,5,0,27,0,334
10591.0,19,3,5,0,27,0,334
10592.0,19,3,5,0,27,0,334
10593.0,19,3,5,0,27,0,334
10594.0,19,3,5,0,27,0,334
10595.0,19,3,5,0,27,0,334
10596.0,19,3,5,0,27,0,334
10597.0,19,3,5,0,27,0,334
10598.0,19,3,5,0,27,0,334
10599.0,19,3,5,0,27,0,334
10600.0,19,3,5,0,27,0,334
10601.0,19,3,5,0,27,0,334
10602.0,19,3,5,0,27,0,334
10603.0,19,3,5,0,27,0,334
10604.0,19,3,5,0,27,0,334
10605.0,19,3,5,0,27,0,334
10606.0,19,3,5,0,27,0,334
10607.0,19,3,5,0,27,0,334
10608.0,19,3,5,0,27,0,334
10609.0,19,3,5,0,27,0,334
10610.0,19,3,5,0,27,0,334
10611.0,19,3,5,0,27,0,334
10612.0,19,3,5,0,27,0,334
10613.0,19,3,5,0,27,0,334
10614.0,19,3,5,0,27,0,334
10615.0,19,3,5,0,27,0,334
10616.0,19,3,5,0,27,0,334
10617.0,19,3,5,0,27,0,334
10618.0,19,3,5,0,27,0,334
10619.0,19,3,5,0,27,0,334
10620.0,19,3,5,0,27,0,334
10621.0,19,3,5,0,27,0,334
10622.0,19,3,5,0,27,0,334
10623.0,19,3,5,0,27,0,334
10624.0,19,3,5,0,27,0,334
10625.0,19,3,5,0,27,0,334
10626.0,19,3,5,0,27,0,334
10627.0,19,3,5,0,27,0,334
10628.0,19,3,5,0,27,0,334
10629.0,19,3,5,0,27,0,334
10630.0,19,3,5,0,27,0,334
10631.0,19,3,5,0,27,0,334
10632.0,19,3,5,0,27,0,334
10633.0,19,3,5,0,27,0,334
10634.0,19,3,5,0,27,0,334
10635.0,19,3,5,0,27,0,334
10636.0,19,3,5,0,27,0,334
10637.0,19,3,5,0,27,0,334
10638.0,19,3,5,0,27,0,334
10639.0,19,3,5,0,27,0,334
10640.0,19,3,5,0,27,0,334
10641.0,19,3,5,0,27,0,334
10642.0,19,3,5,0,27,0,334
10643.0,19,3,5,0,27,0,334
10644.0,19,3,5,0,27,0,334
10645.0,19,3,5,0,27,0,334
10646.0,19,3,5,0,27,0,334
10647.0,19,3,5,0,27,0,334
10648.0,19,3,5,0,27,0,334
10649.0,19,3,5,0,27,0,334
10650.0,19,3,5,0,27,0,334
10651.0,19,3,5,0,27,0,334
10652.0,19,3,5,0,27,0,334
10653.0,19,3,5,0,27,0,334
10654.0,19,3,5,0,27,0,334
10655.0,19,3,5,0,27,0,334
10656.0,19,3,5,0,27,0,334
10657.0,19,3,5,0,27,0,334
10658.0,19,3,5,0,27,0,334
10659.0,19,3,5,0,27,0,334
10660.0,19,3,5,0,27,0,334
10661.0,19,3,5,0,27,0,334
10662.0,19,3,5,0,27,0,334
10663.0,19,3,5,0,27,0,334
10664.0,19,3,5,0,27,0,334
10665.0,19,3,5,0,27,0,334
10666.0,19,3,5,0,27,0,334
10667.0,19,3,5,0,27,0,334
10668.0,19,3,5,0,27,0,334
10669.0,19,3,5,0,27,0,334
10670.0,19,3,5,0,27,0,334
10671.0,19,3,5,0,27,0,334
10672.0,19,3,5,0,27,0,334
10673.0,19,3,5,0,27,0,334
10674.0,19,3,5,0,27,0,334
10675.0,19,3,5,0,27,0,334
10676.0,19,3,5,0,27,0,334
10677.0,19,3,5,0,27,0,334
10678.0,19,3,5,0,27,0,334
10679.0,19,3,5,0,27,0,334
10680.0,19,3,5,0,27,0,334
10681.0,19,3,5,0,27,0,334
10682.0,19,3,5,0,27,0,334
10683.0,19,3,5,0,27,0,334
10684.0,19,3,5,0,27,0,334
10685.0,19,3,5,0,27,0,334
10686.0,19,3,5,0,27,0,334
10687.0,19,3,5,0,27,0,334
10688.0,19,3,5,0,27,0,334
10689.0,19,3,5,0,27,0,334
10690.0,19,3,5,0,27,0,334
10691.0,19,3,5,0,27,0,334
10692.0,19,3,5,0,27,0,334
10693.0,19,3,5,0,27,0,334
10694.0,19,3,5,0,27,0,334
10695.0,19,3,5,0,27,0,334
10696.0,19,3,5,0,27,0,334
10697.0,19,3,5,0,27,0,334
10698.0,19,3,5,0,27,0,334
10699.0,19,3,5,0,27,0,334
10700.0,19,3,5,0,27,0,334
10701.0,19,3,5,0,27,0,334
10702.0,19,3,5,0,27,0,334
10703.0,19,3,5,0,27,0,334
10704.0,19,3,5,0,27,0,334
10705.0,19,3,5,0,27,0,334
10706.0,19,3,5,0,27,0,334
10707.0,19,3,5,0,27,0,334
10708.0,19,3,5,0,27,0,334
10709.0,19,3,5,0,27,0,334
10710.0,19,3,5,0,27,0,334
10711.0,19,3,5,0,27,0,334
10712.0,19,3,5,0,27,0,334
10713.0,19,3,5,0,27,0,334
10714.0,19,3,5,0,27,0,334
10715.0,19,3,5,0,27,0,334
10716.0,19,3,5,0,27,0,334
10717.0,19,3,5,0,27,0,334
10718.0,19,3,5,0,27,0,334
10719.0,19,3,5,0,27,0,334
10720.0,19,3,5,0,27,0,334
10721.0,19,3,5,0,27,0,334
10722.0,19,3,5,0,27,0,334
10723.0,19,3,5,0,27,0,334
10724.0,19,3,5,0,27,0,334
10725.0,19,3,5,0,27,0,334
10726.0,19,3,5,0,27,0,334
10727.0,19,3,5,0,27,0,334
10728.0,19,3,5,0,27,0,334
10729.0,19,3,5,0,27,0,334
10730.0,19,3,5,0,27,0,334
10731.0,19,3,5,0,27,0,334
10732.0,19,3,5,0,27,0,334
10733.0,19,3,5,0,27,0,334
10734.0,19,3,5,0,27,0,334
10735.0,19,3,5,0,27,0,334
10736.0,19,3,5,0,27,0,334
10737.0,19,3,5,0,27,0,334
10738.0,19,3,5,0,27,0,334
10739.0,19,3,5,0,27,0,334
10740.0,19,3,5,0,27,0,334
10741.0,19,3,5,0,27,0,334
10742.0,19,3,5,0,27,0,334
10743.0,19,3,5,0,27,0,334
10744.0,19,3,5,0,27,0,334
10745.0,19,3,5,0,27,0,334
10746.0,19,3,5,0,27,0,334
10747.0,19,3,5,0,27,0,334
10748.0,19,3,5,0,27,0,334
10749.0,19,3,5,0,27,0,334
10750.0,19,3,5,0,27,0,334
10751.0,19,3,5,0,27,0,334
10752.0,19,3,5,0,27,0,334
10753.0,19,3,5,0,27,0,334
10754.0,19,3,5,0,27,0,334
10755.0,19,3,5,0,27,0,334
10756.0,19,3,5,0,27,0,334
10757.0,19,3,5,0,27,0,334
10758.0,19,3,5,0,27,0,334
10759.0,19,3,5,0,27,0,334
10760.0,19,3,5,0,27,0,334
10761.0,19,3,5,0,27,0,334
10762.0,19,3,5,0,27,0,334
10763.0,19,3,5,0,27,0,334
10764.0,19,3,5,0,27,0,334
10765.0,19,3,5,0,27,0,334
10766.0,19,3,5,0,27,0,334
10767.0,19,3,5,0,27,0,334
10768.0,19,3,5,0,27,0,334
10769.0,19,3,5,0,27,0,334
10770.0,19,3,5,0,27,0,334
10771.0,19,3,5,0,27,0,334
10772.0,19,3,5,0,27,0,334
10773.0,19,3,5,0,27,0,334
10774.0,19,3,5,0,27,0,334
10775.0,19,3,5,0,27,0,334
10776.0,19,3,5,0,27,0,334
10777.0,19,3,5,0,27,0,334
10778.0,19,3,5,0,27,0,334
10779.0,19,3,5,0,27,0,334
10780.0,19,3,5,0,27,0,334
10781.0,19,3,5,0,27,0,334
10782.0,19,3,5,0,27,0,334
10783.0,19,3,5,0,27,0,334
10784.0,19,3,5,0,27,0,334
10785.0,19,3,5,0,27,0,334
10786.0,19,3,5,0,27,0,334
10787.0,19,3,5,0,27,0,334
10788.0,19,3,5,0,27,0,334
10789.0,19,3,5,0,27,0,334
10790.0,19,3,5,0,27,0,334
10791.0,19,3,5,0,27,0,334
10792.0,19,3,5,0,27,0,334
10793.0,19,3,5,0,27,0,334
10794.0,19,3,5,0,27,0,334
10795.0,19,3,5,0,27,0,334
10796.0,19,3,5,0,27,0,334
10797.0,19,3,5,0,27,0,334
10798.0,19,3,5,0,27,0,334
10799.0,19,3,5,0,27,0,334
10800.0,19,3,5,0,27,0,334
10801.0,19,3,5,0,27,0,334
10802.0,19,3,5,0,27,0,334
10803.0,19,3,5,0,27,0,334
10804.0,19,3,5,0,27,0,334
10805.0,19,3,5,0,27,0,334
10806.0,19,3,5,0,27,0,334
10807.0,19,3,5,0,27,0,334
10808.0,19,3,5,0,27,0,334
10809.0,19,3,5,0,27,0,334
10810.0,19,3,5,0,27,0,334
10811.0,19,3,5,0,27,0,334
10812.0,19,3,5,0,27,0,334
10813.0,19,3,5,0,27,0,334
10814.0,19,3,5,0,27,0,334
10815.0,19,3,5,0,27,0,334
10816.0,19,3,5,0,27,0,334
10817.0,19,3,5,0,27,0,334
10818.0,19,3,5,0,27,0,334
10819.0,19,3,5,0,27,0,334
10820.0,19,3,5,0,27,0,334
10821.0,19,3,5,0,27,0,334
10822.0,19,3,5,0,27,0,334
10823.0,19,3,5,0,27,0,334
10824.0,19,3,5,0,27,0,334
10825.0,19,3,5,0,27,0,334
10826.0,19,3,5,0,27,0,334
10827.0,19,3,5,0,27,0,334
10828.0,19,3,5,0,27,0,334
10829.0,19,3,5,0,27,0,334
10830.0,19,3,5,0,27,0,334
10831.0,19,3,5,0,27,0,334
10832.0,19,3,5,0,27,0,334
10833.0,19,3,5,0,27,0,334
10834.0,19,3,5,0,27,0,334
10835.0,19,3,5,0,27,0,334
10836.0,19,3,5,0,27,0,334
10837.0,19,3,5,0,27,0,334
10838.0,19,3,5,0,27,0,334
10839.0,19,3,5,0,27,0,334
10840.0,19,3,5,0,27,0,334
10841.0,19,3,5,0,27,0,334
10842.0,19,3,5,0,27,0,334
10843.0,19,3,5,0,27,0,334
10844.0,19,3,5,0,27,0,334
10845.0,19,3,5,0,27,0,334
10846.0,19,3,5,0,27,0,334
10847.0,19,3,5,0,27,0,334
10848.0,19,3,5,0,27,0,334
10849.0,19,3,5,0,27,0,334
10850.0,19,3,5,0,27,0,334
10851.0,19,3,5,0,27,0,334
10852.0,19,3,5,0,27,0,334
10853.0,19,3,5,0,27,0,334
10854.0,19,3,5,0,27,0,334
10855.0,19,3,5,0,27,0,334
10856.0,19,3,5,0,27,0,334
10857.0,19,3,5,0,27,0,334
10858.0,19,3,5,0,27,0,334
10859.0,19,3,5,0,27,0,334
10860.0,19,3,5,0,27,0,334
10861.0,19,3,5,0,27,0,334
10862.0,19,3,5,0,27,0,334
10863.0,19,3,5,0,27,0,334
10864.0,19,3,5,0,27,0,334
10865.0,19,3,5,0,27,0,334
10866.0,19,3,5,0,27,0,334
10867.0,19,3,5,0,27,0,334
10868.0,19,3,5,0,27,0,334
10869.0,19,3,5,0,27,0,334
10870.0,19,3,5,0,27,0,334
10871.0,19,3,5,0,27,0,334
10872.0,19,3,5,0,27,0,334
10873.0,19,3,5,0,27,0,334
10874.0,19,3,5,0,27,0,334
10875.0,19,3,5,0,27,0,334
10876.0,19,3,5,0,27,0,334
10877.0,19,3,5,0,27,0,334
10878.0,19,3,5,0,27,0,334
10879.0,19,3,5,0,27,0,334
10880.0,19,3,5,0,27,0,334
10881.0,19,3,5,0,27,0,334
10882.0,19,3,5,0,27,0,334
10883.0,19,3,5,0,27,0,334
10884.0,19,3,5,0,27,0,334
10885.0,19,3,5,0,27,0,334
10886.0,19,3,5,0,27,0,334
10887.0,19,3,5,0,27,0,334
10888.0,19,3,5,0,27,0,334
10889.0,19,3,5,0,27,0,334
10890.0,19,3,5,0,27,0,334
10891.0,19,3,5,0,27,0,334
10892.0,19,3,5,0,27,0,334
10893.0,19,3,5,0,27,0,334
10894.0,19,3,5,0,27,0,334
10895.0,19,3,5,0,27,0,334
10896.0,19,3,5,0,27,0,334
10897.0,19,3,5,0,27,0,334
10898.0,19,3,5,0,27,0,334
10899.0,19,3,5,0,27,0,334
10900.0,19,3,5,0,27,0,334
10901.0,19,3,5,0,27,0,334
10902.0,19,3,5,0,27,0,334
10903.0,19,3,5,0,27,0,334
10904.0,19,3,5,0,27,0,334
10905.0,19,3,5,0,27,0,334
10906.0,19,3,5,0,27,0,334
10907.0,19,3,5,0,27,0,334
10908.0,19,3,5,0,27,0,334
10909.0,19,3,5,0,27,0,334
10910.0,19,3,5,0,27,0,334
10911.0,19,3,5,0,27,0,334
10912.0,19,3,5,0,27,0,334
10913.0,19,3,5,0,27,0,334
10914.0,19,3,5,0,27,0,334
10915.0,19,3,5,0,27,0,334
10916.0,19,3,5,0,27,0,334
10917.0,19,3,5,0,27,0,334
10918.0,19,3,5,0,27,0,334
10919.0,19,3,5,0,27,0,334
10920.0,19,3,5,0,27,0,334
10921.0,19,3,5,0,27,0,334
10922.0,19,3,5,0,27,0,334
10923.0,19,3,5,0,27,0,334
10924.0,19,3,5,0,27,0,334
10925.0,19,3,5,0,27,0,334
10926.0,19,3,5,0,27,0,334
10927.0,19,3,5,0,27,0,334
10928.0,19,3,5,0,27,0,334
10929.0,19,3,5,0,27,0,334
10930.0,19,3,5,0,27,0,334
10931.0,19,3,5,0,27,0,334
10932.0,19,3,5,0,27,0,334
10933.0,19,3,5,0,27,0,334
10934.0,19,3,5,0,27,0,334
10935.0,19,3,5,0,27,0,334
10936.0,19,3,5,0,27,0,334
10937.0,19,3,5,0,27,0,334
10938.0,19,3,5,0,27,0,334
10939.0,19,3,5,0,27,0,334
10940.0,19,3,5,0,27,0,334
10941.0,19,3,5,0,27,0,334
10942.0,19,3,5,0,27,0,334
10943.0,19,3,5,0,27,0,334
10944.0,19,3,5,0,27,0,334
10945.0,19,3,5,0,27,0,334
10946.0,19,3,5,0,27,0,334
10947.0,19,3,5,0,27,0,334
10948.0,19,3,5,0,27,0,334
10949.0,19,3,5,0,27,0,334
10950.0,19,3,5,0,27,0,334
10951.0,19,3,5,0,27,0,334
10952.0,19,3,5,0,27,0,334
10953.0,19,3,5,0,27,0,334
10954.0,19,3,5,0,27,0,334
10955.0,19,3,5,0,27,0,334
10956.0,19,3,5,0,27,0,334
10957.0,19,3,5,0,27,0,334
10958.0,19,3,5,0,27,0,334
10959.0,19,3,5,0,27,0,334
10960.0,19,3,5,0,27,0,334
10961.0,19,3,5,0,27,0,334
10962.0,19,3,5,0,27,0,334
10963.0,19,3,5,0,27,0,334
10964.0,19,3,5,0,27,0,334
10965.0,19,3,5,0,27,0,334
10966.0,19,3,5,0,27,0,334
10967.0,19,3,5,0,27,0,334
10968.0,19,3,5,0,27,0,334
10969.0,19,3,5,0,27,0,334
10970.0,19,3,5,0,27,0,334
10971.0,19,3,5,0,27,0,334
10972.0,19,3,5,0,27,0,334
10973.0,19,3,5,0,27,0,334
10974.0,19,3,5,0,27,0,334
10975.0,19,3,5,0,27,0,334
10976.0,19,3,5,0,27,0,334
10977.0,19,3,5,0,27,0,334
10978.0,19,3,5,0,27,0,334
10979.0,19,3,5,0,27,0,334
10980.0,19,3,5,0,27,0,334
10981.0,19,3,5,0,27,0,334
10982.0,19,3,5,0,27,0,334
10983.0,19,3,5,0,27,0,334
10984.0,19,3,5,0,27,0,334
10985.0,19,3,5,0,27,0,334
10986.0,19,3,5,0,27,0,334
10987.0,19,3,5,0,27,0,334
10988.0,19,3,5,0,27,0,334
10989.0,19,3,5,0,27,0,334
10990.0,19,3,5,0,27,0,334
10991.0,19,3,5,0,27,0,334
10992.0,19,3,5,0,27,0,334
10993.0,19,3,5,0,27,0,334
10994.0,19,3,5,0,27,0,334
10995.0,19,3,5,0,27,0,334
10996.0,19,3,5,0,27,0,334
10997.0,19,3,5,0,27,0,334
10998.0,19,3,5,0,27,0,334
10999.0,19,3,5,0,27,0,334
11000.0,19,3,5,0,27,0,334
11001.0,19,3,5,0,27,0,334
11002.0,19,3,5,0,27,0,334
11003.0,19,3,5,0,27,0,334
11004.0,19,3,5,0,27,0,334
11005.0,19,3,5,0,27,0,334
11006.0,19,3,5,0,27,0,334
11007.0,19,3,5,0,27,0,334
11008.0,19,3,5,0,27,0,334
11009.0,19,3,5,0,27,0,334
11010.0,19,3,5,0,27,0,334
11011.0,19,3,5,0,27,0,334
11012.0,19,3,5,0,27,0,334
11013.0,19,3,5,0,27,0,334
11014.0,19,3,5,0,27,0,334
11015.0,19,3,5,0,27,0,334
11016.0,19,3,5,0,27,0,334
11017.0,19,3,5,0,27,0,334
11018.0,19,3,5,0,27,0,334
11019.0,19,3,5,0,27,0,334
11020.0,19,3,5,0,27,0,334
11021.0,19,3,5,0,27,0,334
11022.0,19,3,5,0,27,0,334
11023.0,19,3,5,0,27,0,334
11024.0,19,3,5,0,27,0,334
11025.0,19,3,5,0,27,0,334
11026.0,19,3,5,0,27,0,334
11027.0,19,3,5,0,27,0,334
11028.0,19,3,5,0,27,0,334
11029.0,19,3,5,0,27,0,334
11030.0,19,3,5,0,27,0,334
11031.0,19,3,5,0,27,0,334
11032.0,19,3,5,0,27,0,334
11033.0,19,3,5,0,27,0,334
11034.0,19,3,5,0,27,0,334
11035.0,19,3,5,0,27,0,334
11036.0,19,3,5,0,27,0,334
11037.0,19,3,5,0,27,0,334
11038.0,19,3,5,0,27,0,334
11039.0,19,3,5,0,27,0,334
11040.0,19,3,5,0,27,0,334
11041.0,19,3,5,0,27,0,334
11042.0,19,3,5,0,27,0,334
11043.0,19,3,5,0,27,0,334
11044.0,19,3,5,0,27,0,334
11045.0,19,3,5,0,27,0,334
11046.0,19,3,5,0,27,0,334
11047.0,19,3,5,0,27,0,334
11048.0,19,3,5,0,27,0,334
11049.0,19,3,5,0,27,0,334
11050.0,19,3,5,0,27,0,334
11051.0,19,3,5,0,27,0,334
11052.0,19,3,5,0,27,0,334
11053.0,19,3,5,0,27,0,334
11054.0,19,3,5,0,27,0,334
11055.0,19,3,5,0,27,0,334
11056.0,19,3,5,0,27,0,334
11057.0,19,3,5,0,27,0,334
11058.0,19,3,5,0,27,0,334
11059.0,19,3,5,0,27,0,334
11060.0,19,3,5,0,27,0,334
11061.0,19,3,5,0,27,0,334
11062.0,19,3,5,0,27,0,334
11063.0,19,3,5,0,27,0,334
11064.0,19,3,5,0,27,0,334
11065.0,19,3,5,0,27,0,334
11066.0,19,3,5,0,27,0,334
11067.0,19,3,5,0,27,0,334
11068.0,19,3,5,0,27,0,334
11069.0,19,3,5,0,27,0,334
11070.0,19,3,5,0,27,0,334
11071.0,19,3,5,0,27,0,334
11072.0,19,3,5,0,27,0,334
11073.0,19,3,5,0,27,0,334
11074.0,19,3,5,0,27,0,334
11075.0,19,3,5,0,27,0,334
11076.0,19,3,5,0,27,0,334
11077.0,19,3,5,0,27,0,334
11078.0,19,3,5,0,27,0,334
11079.0,19,3,5,0,27,0,334
11080.0,19,3,5,0,27,0,334
11081.0,19,3,5,0,27,0,334
11082.0,19,3,5,0,27,0,334
11083.0,19,3,5,0,27,0,334
11084.0,19,3,5,0,27,0,334
11085.0,19,3,5,0,27,0,334
11086.0,19,3,5,0,27,0,334
11087.0,19,3,5,0,27,0,334
11088.0,19,3,5,0,27,0,334
11089.0,19,3,5,0,27,0,334
11090.0,19,3,5,0,27,0,334
11091.0,19,3,5,0,27,0,334
11092.0,19,3,5,0,27,0,334
11093.0,19,3,5,0,27,0,334
11094.0,19,3,5,0,27,0,334
11095.0,19,3,5,0,27,0,334
11096.0,19,3,5,0,27,0,334
11097.0,19,3,5,0,27,0,334
11098.0,19,3,5,0,27,0,334
11099.0,19,3,5,0,27,0,334
11100.0,19,3,5,0,27,0,334
11101.0,19,3,5,0,27,0,334
11102.0,19,3,5,0,27,0,334
11103.0,19,3,5,0,27,0,334
11104.0,19,3,5,0,27,0,334
11105.0,19,3,5,0,27,0,334
11106.0,19,3,5,0,27,0,334
11107.0,19,3,5,0,27,0,334
11108.0,19,3,5,0,27,0,334
11109.0,19,3,5,0,27,0,334
11110.0,19,3,5,0,27,0,334
11111.0,19,3,5,0,27,0,334
11112.0,19,3,5,0,27,0,334
11113.0,19,3,5,0,27,0,334
11114.0,19,3,5,0,27,0,334
11115.0,19,3,5,0,27,0,334
11116.0,19,3,5,0,27,0,334
11117.0,19,3,5,0,27,0,334
11118.0,19,3,5,0,27,0,334
11119.0,19,3,5,0,27,0,334
11120.0,19,3,5,0,27,0,334
11121.0,19,3,5,0,27,0,334
11122.0,19,3,5,0,27,0,334
11123.0,19,3,5,0,27,0,334
11124.0,19,3,5,0,27,0,334
11125.0,19,3,5,0,27,0,334
11126.0,19,3,5,0,27,0,334
11127.0,19,3,5,0,27,0,334
11128.0,19,3,5,0,27,0,334
11129.0,19,3,5,0,27,0,334
11130.0,19,3,5,0,27,0,334
11131.0,19,3,5,0,27,0,334
11132.0,19,3,5,0,27,0,334
11133.0,19,3,5,0,27,0,334
11134.0,19,3,5,0,27,0,334
11135.0,19,3,5,0,27,0,334
11136.0,19,3,5,0,27,0,334
11137.0,19,3,5,0,27,0,334
11138.0,19,3,5,0,27,0,334
11139.0,19,3,5,0,27,0,334
11140.0,19,3,5,0,27,0,334
11141.0,19,3,5,0,27,0,334
11142.0,19,3,5,0,27,0,334
11143.0,19,3,5,0,27,0,334
11144.0,19,3,5,0,27,0,334
11145.0,19,3,5,0,27,0,334
11146.0,19,3,5,0,27,0,334
11147.0,19,3,5,0,27,0,334
11148.0,19,3,5,0,27,0,334
11149.0,19,3,5,0,27,0,334
11150.0,19,3,5,0,27,0,334
11151.0,19,3,5,0,27,0,334
11152.0,19,3,5,0,27,0,334
11153.0,19,3,5,0,27,0,334
11154.0,19,3,5,0,27,0,334
11155.0,19,3,5,0,27,0,334
11156.0,19,3,5,0,27,0,334
11157.0,19,3,5,0,27,0,334
11158.0,19,3,5,0,27,0,334
11159.0,19,3,5,0,27,0,334
11160.0,19,3,5,0,27,0,334
11161.0,19,3,5,0,27,0,334
11162.0,19,3,5,0,27,0,334
11163.0,19,3,5,0,27,0,334
11164.0,19,3,5,0,27,0,334
11165.0,19,3,5,0,27,0,334
11166.0,19,3,5,0,27,0,334
11167.0,19,3,5,0,27,0,334
11168.0,19,3,5,0,27,0,334
11169.0,19,3,5,0,27,0,334
11170.0,19,3,5,0,27,0,334
11171.0,19,3,5,0,27,0,334
11172.0,19,3,5,0,27,0,334
11173.0,19,3,5,0,27,0,334
11174.0,19,3,5,0,27,0,334
11175.0,19,3,5,0,27,0,334
11176.0,19,3,5,0,27,0,334
11177.0,19,3,5,0,27,0,334
11178.0,19,3,5,0,27,0,334
11179.0,19,3,5,0,27,0,334
11180.0,19,3,5,0,27,0,334
11181.0,19,3,5,0,27,0,334
11182.0,19,3,5,0,27,0,334
11183.0,19,3,5,0,27,0,334
11184.0,19,3,5,0,27,0,334
11185.0,19,3,5,0,27,0,334
11186.0,19,3,5,0,27,0,334
11187.0,19,3,5,0,27,0,334
11188.0,19,3,5,0,27,0,334
11189.0,19,3,5,0,27,0,334
11190.0,19,3,5,0,27,0,334
11191.0,19,3,5,0,27,0,334
11192.0,19,3,5,0,27,0,334
11193.0,19,3,5,0,27,0,334
11194.0,19,3,5,0,27,0,334
11195.0,19,3,5,0,27,0,334
11196.0,19,3,5,0,27,0,334
11197.0,19,3,5,0,27,0,334
11198.0,19,3,5,0,27,0,334
11199.0,19,3,5,0,27,0,334
11200.0,19,3,5,0,27,0,334
11201.0,19,3,5,0,27,0,334
11202.0,19,3,5,0,27,0,334
11203.0,19,3,5,0,27,0,334
11204.0,19,3,5,0,27,0,334
11205.0,19,3,5,0,27,0,334
11206.0,19,3,5,0,27,0,334
11207.0,19,3,5,0,27,0,334
11208.0,19,3,5,0,27,0,334
11209.0,19,3,5,0,27,0,334
11210.0,19,3,5,0,27,0,334
11211.0,19,3,5,0,27,0,334
11212.0,19,3,5,0,27,0,334
11213.0,19,3,5,0,27,0,334
11214.0,19,3,5,0,27,0,334
11215.0,19,3,5,0,27,0,334
11216.0,19,3,5,0,27,0,334
11217.0,19,3,5,0,27,0,334
11218.0,19,3,5,0,27,0,334
11219.0,19,3,5,0,27,0,334
11220.0,19,3,5,0,27,0,334
11221.0,19,3,5,0,27,0,334
11222.0,19,3,5,0,27,0,334
11223.0,19,3,5,0,27,0,334
11224.0,19,3,5,0,27,0,334
11225.0,19,3,5,0,27,0,334
11226.0,19,3,5,0,27,0,334
11227.0,19,3,5,0,27,0,334
11228.0,19,3,5,0,27,0,334
11229.0,19,3,5,0,27,0,334
11230.0,19,3,5,0,27,0,334
11231.0,19,3,5,0,27,0,334
11232.0,19,3,5,0,27,0,334
11233.0,19,3,5,0,27,0,334
11234.0,19,3,5,0,27,0,334
11235.0,19,3,5,0,27,0,334
11236.0,19,3,5,0,27,0,334
11237.0,19,3,5,0,27,0,334
11238.0,19,3,5,0,27,0,334
11239.0,19,3,5,0,27,0,334
11240.0,19,3,5,0,27,0,334
11241.0,19,3,5,0,27,0,334
11242.0,19,3,5,0,27,0,334
11243.0,19,3,5,0,27,0,334
11244.0,19,3,5,0,27,0,334
11245.0,19,3,5,0,27,0,334
11246.0,19,3,5,0,27,0,334
11247.0,19,3,5,0,27,0,334
11248.0,19,3,5,0,27,0,334
11249.0,19,3,5,0,27,0,334
11250.0,19,3,5,0,27,0,334
11251.0,19,3,5,0,27,0,334
11252.0,19,3,5,0,27,0,334
11253.0,19,3,5,0,27,0,334
11254.0,19,3,5,0,27,0,334
11255.0,19,3,5,0,27,0,334
11256.0,19,3,5,0,27,0,334
11257.0,19,3,5,0,27,0,334
11258.0,19,3,5,0,27,0,334
11259.0,19,3,5,0,27,0,334
11260.0,19,3,5,0,27,0,334
11261.0,19,3,5,0,27,0,334
11262.0,19,3,5,0,27,0,334
11263.0,19,3,5,0,27,0,334
11264.0,19,3,5,0,27,0,334
11265.0,19,3,5,0,27,0,334
11266.0,19,3,5,0,27,0,334
11267.0,19,3,5,0,27,0,334
11268.0,19,3,5,0,27,0,334
11269.0,19,3,5,0,27,0,334
11270.0,19,3,5,0,27,0,334
11271.0,19,3,5,0,27,0,334
11272.0,19,3,5,0,27,0,334
11273.0,19,3,5,0,27,0,334
11274.0,19,3,5,0,27,0,334
11275.0,19,3,5,0,27,0,334
11276.0,19,3,5,0,27,0,334
11277.0,19,3,5,0,27,0,334
11278.0,19,3,5,0,27,0,334
11279.0,19,3,5,0,27,0,334
11280.0,19,3,5,0,27,0,334
11281.0,19,3,5,0,27,0,334
11282.0,19,3,5,0,27,0,334
11283.0,19,3,5,0,27,0,334
11284.0,19,3,5,0,27,0,334
11285.0,19,3,5,0,27,0,334
11286.0,19,3,5,0,27,0,334
11287.0,19,3,5,0,27,0,334
11288.0,19,3,5,0,27,0,334
11289.0,19,3,5,0,27,0,334
11290.0,19,3,5,0,27,0,334
11291.0,19,3,5,0,27,0,334
11292.0,19,3,5,0,27,0,334
11293.0,19,3,5,0,27,0,334
11294.0,19,3,5,0,27,0,334
11295.0,19,3,5,0,27,0,334
11296.0,19,3,5,0,27,0,334
11297.0,19,3,5,0,27,0,334
11298.0,19,3,5,0,27,0,334
11299.0,19,3,5,0,27,0,334
11300.0,19,3,5,0,27,0,334
11301.0,19,3,5,0,27,0,334
11302.0,19,3,5,0,27,0,334
11303.0,19,3,5,0,27,0,334
11304.0,19,3,5,0,27,0,334
11305.0,19,3,5,0,27,0,334
11306.0,19,3,5,0,27,0,334
11307.0,19,3,5,0,27,0,334
11308.0,19,3,5,0,27,0,334
11309.0,19,3,5,0,27,0,334
11310.0,19,3,5,0,27,0,334
11311.0,19,3,5,0,27,0,334
11312.0,19,3,5,0,27,0,334
11313.0,19,3,5,0,27,0,334
11314.0,19,3,5,0,27,0,334
11315.0,19,3,5,0,27,0,334
11316.0,19,3,5,0,27,0,334
11317.0,19,3,5,0,27,0,334
11318.0,19,3,5,0,27,0,334
11319.0,19,3,5,0,27,0,334
11320.0,19,3,5,0,27,0,334
11321.0,19,3,5,0,27,0,334
11322.0,19,3,5,0,27,0,334
11323.0,19,3,5,0,27,0,334
11324.0,19,3,5,0,27,0,334
11325.0,19,3,5,0,27,0,334
11326.0,19,3,5,0,27,0,334
11327.0,19,3,5,0,27,0,334
11328.0,19,3,5,0,27,0,334
11329.0,19,3,5,0,27,0,334
11330.0,19,3,5,0,27,0,334
11331.0,19,3,5,0,27,0,334
11332.0,19,3,5,0,27,0,334
11333.0,19,3,5,0,27,0,334
11334.0,19,3,5,0,27,0,334
11335.0,19,3,5,0,27,0,334
11336.0,19,3,5,0,27,0,334
11337.0,19,3,5,0,27,0,334
11338.0,19,3,5,0,27,0,334
11339.0,19,3,5,0,27,0,334
11340.0,19,3,5,0,27,0,334
11341.0,19,3,5,0,27,0,334
11342.0,19,3,5,0,27,0,334
11343.0,19,3,5,0,27,0,334
11344.0,19,3,5,0,27,0,334
11345.0,19,3,5,0,27,0,334
11346.0,19,3,5,0,27,0,334
11347.0,19,3,5,0,27,0,334
11348.0,19,3,5,0,27,0,334
11349.0,19,3,5,0,27,0,334
11350.0,19,3,5,0,27,0,334
11351.0,19,3,5,0,27,0,334
11352.0,19,3,5,0,27,0,334
11353.0,19,3,5,0,27,0,334
11354.0,19,3,5,0,27,0,334
11355.0,19,3,5,0,27,0,334
11356.0,19,3,5,0,27,0,334
11357.0,19,3,5,0,27,0,334
11358.0,19,3,5,0,27,0,334
11359.0,19,3,5,0,27,0,334
11360.0,19,3,5,0,27,0,334
11361.0,19,3,5,0,27,0,334
11362.0,19,3,5,0,27,0,334
11363.0,19,3,5,0,27,0,334
11364.0,19,3,5,0,27,0,334
11365.0,19,3,5,0,27,0,334
11366.0,19,3,5,0,27,0,334
11367.0,19,3,5,0,27,0,334
11368.0,19,3,5,0,27,0,334
11369.0,19,3,5,0,27,0,334
11370.0,19,3,5,0,27,0,334
11371.0,19,3,5,0,27,0,334
11372.0,19,3,5,0,27,0,334
11373.0,19,3,5,0,27,0,334
11374.0,19,3,5,0,27,0,334
11375.0,19,3,5,0,27,0,334
11376.0,19,3,5,0,27,0,334
11377.0,19,3,5,0,27,0,334
11378.0,19,3,5,0,27,0,334
11379.0,19,3,5,0,27,0,334
11380.0,19,3,5,0,27,0,334
11381.0,19,3,5,0,27,0,334
11382.0,19,3,5,0,27,0,334
11383.0,19,3,5,0,27,0,334
11384.0,19,3,5,0,27,0,334
11385.0,19,3,5,0,27,0,334
11386.0,19,3,5,0,27,0,334
11387.0,19,3,5,0,27,0,334
11388.0,19,3,5,0,27,0,334
11389.0,19,3,5,0,27,0,334
11390.0,19,3,5,0,27,0,334
11391.0,19,3,5,0,27,0,334
11392.0,19,3,5,0,27,0,334
11393.0,19,3,5,0,27,0,334
11394.0,19,3,5,0,27,0,334
11395.0,19,3,5,0,27,0,334
11396.0,19,3,5,0,27,0,334
11397.0,19,3,5,0,27,0,334
11398.0,19,3,5,0,27,0,334
11399.0,19,3,5,0,27,0,334
11400.0,19,3,5,0,27,0,334
11401.0,19,3,5,0,27,0,334
11402.0,19,3,5,0,27,0,334
11403.0,19,3,5,0,27,0,334
11404.0,19,3,5,0,27,0,334
11405.0,19,3,5,0,27,0,334
11406.0,19,3,5,0,27,0,334
11407.0,19,3,5,0,27,0,334
11408.0,19,3,5,0,27,0,334
11409.0,19,3,5,0,27,0,334
11410.0,19,3,5,0,27,0,334
11411.0,19,3,5,0,27,0,334
11412.0,19,3,5,0,27,0,334
11413.0,19,3,5,0,27,0,334
11414.0,19,3,5,0,27,0,334
11415.0,19,3,5,0,27,0,334
11416.0,19,3,5,0,27,0,334
11417.0,19,3,5,0,27,0,334
11418.0,19,3,5,0,27,0,334
11419.0,19,3,5,0,27,0,334
11420.0,19,3,5,0,27,0,334
11421.0,19,3,5,0,27,0,334
11422.0,19,3,5,0,27,0,334
11423.0,19,3,5,0,27,0,334
11424.0,19,3,5,0,27,0,334
11425.0,19,3,5,0,27,0,334
11426.0,19,3,5,0,27,0,334
11427.0,19,3,5,0,27,0,334
11428.0,19,3,5,0,27,0,334
11429.0,19,3,5,0,27,0,334
11430.0,19,3,5,0,27,0,334
11431.0,19,3,5,0,27,0,334
11432.0,19,3,5,0,27,0,334
11433.0,19,3,5,0,27,0,334
11434.0,19,3,5,0,27,0,334
11435.0,19,3,5,0,27,0,334
11436.0,19,3,5,0,27,0,334
11437.0,19,3,5,0,27,0,334
11438.0,19,3,5,0,27,0,334
11439.0,19,3,5,0,27,0,334
11440.0,19,3,5,0,27,0,334
11441.0,19,3,5,0,27,0,334
11442.0,19,3,5,0,27,0,334
11443.0,19,3,5,0,27,0,334
11444.0,19,3,5,0,27,0,334
11445.0,19,3,5,0,27,0,334
11446.0,19,3,5,0,27,0,334
11447.0,19,3,5,0,27,0,334
11448.0,19,3,5,0,27,0,334
11449.0,19,3,5,0,27,0,334
11450.0,19,3,5,0,27,0,334
11451.0,19,3,5,0,27,0,334
11452.0,19,3,5,0,27,0,334
11453.0,19,3,5,0,27,0,334
11454.0,19,3,5,0,27,0,334
11455.0,19,3,5,0,27,0,334
11456.0,19,3,5,0,27,0,334
11457.0,19,3,5,0,27,0,334
11458.0,19,3,5,0,27,0,334
11459.0,19,3,5,0,27,0,334
11460.0,19,3,5,0,27,0,334
11461.0,19,3,5,0,27,0,334
11462.0,19,3,5,0,27,0,334
11463.0,19,3,5,0,27,0,334
11464.0,19,3,5,0,27,0,334
11465.0,19,3,5,0,27,0,334
11466.0,19,3,5,0,27,0,334
11467.0,19,3,5,0,27,0,334
11468.0,19,3,5,0,27,0,334
11469.0,19,3,5,0,27,0,334
11470.0,19,3,5,0,27,0,334
11471.0,19,3,5,0,27,0,334
11472.0,19,3,5,0,27,0,334
11473.0,19,3,5,0,27,0,334
11474.0,19,3,5,0,27,0,334
11475.0,19,3,5,0,27,0,334
11476.0,19,3,5,0,27,0,334
11477.0,19,3,5,0,27,0,334
11478.0,19,3,5,0,27,0,334
11479.0,19,3,5,0,27,0,334
11480.0,19,3,5,0,27,0,334
11481.0,19,3,5,0,27,0,334
11482.0,19,3,5,0,27,0,334
11483.0,19,3,5,0,27,0,334
11484.0,19,3,5,0,27,0,334
11485.0,19,3,5,0,27,0,334
11486.0,19,3,5,0,27,0,334
11487.0,19,3,5,0,27,0,334
11488.0,19,3,5,0,27,0,334
11489.0,19,3,5,0,27,0,334
11490.0,19,3,5,0,27,0,334
11491.0,19,3,5,0,27,0,334
11492.0,19,3,5,0,27,0,334
11493.0,19,3,5,0,27,0,334
11494.0,19,3,5,0,27,0,334
11495.0,19,3,5,0,27,0,334
11496.0,19,3,5,0,27,0,334
11497.0,19,3,5,0,27,0,334
11498.0,19,3,5,0,27,0,334
11499.0,19,3,5,0,27,0,334
11500.0,19,3,5,0,27,0,334
11501.0,19,3,5,0,27,0,334
11502.0,19,3,5,0,27,0,334
11503.0,19,3,5,0,27,0,334
11504.0,19,3,5,0,27,0,334
11505.0,19,3,5,0,27,0,334
11506.0,19,3,5,0,27,0,334
11507.0,19,3,5,0,27,0,334
11508.0,19,3,5,0,27,0,334
11509.0,19,3,5,0,27,0,334
11510.0,19,3,5,0,27,0,334
11511.0,19,3,5,0,27,0,334
11512.0,19,3,5,0,27,0,334
11513.0,19,3,5,0,27,0,334
11514.0,19,3,5,0,27,0,334
11515.0,19,3,5,0,27,0,334
11516.0,19,3,5,0,27,0,334
11517.0,19,3,5,0,27,0,334
11518.0,19,3,5,0,27,0,334
11519.0,19,3,5,0,27,0,334
11520.0,19,3,5,0,27,0,334
11521.0,19,3,5,0,27,0,334
11522.0,19,3,5,0,27,0,334
11523.0,19,3,5,0,27,0,334
11524.0,19,3,5,0,27,0,334
11525.0,19,3,5,0,27,0,334
11526.0,19,3,5,0,27,0,334
11527.0,19,3,5,0,27,0,334
11528.0,19,3,5,0,27,0,334
11529.0,19,3,5,0,27,0,334
11530.0,19,3,5,0,27,0,334
11531.0,19,3,5,0,27,0,334
11532.0,19,3,5,0,27,0,334
11533.0,19,3,5,0,27,0,334
11534.0,19,3,5,0,27,0,334
11535.0,19,3,5,0,27,0,334
11536.0,19,3,5,0,27,0,334
11537.0,19,3,5,0,27,0,334
11538.0,19,3,5,0,27,0,334
11539.0,19,3,5,0,27,0,334
11540.0,19,3,5,0,27,0,334
11541.0,19,3,5,0,27,0,334
11542.0,19,3,5,0,27,0,334
11543.0,19,3,5,0,27,0,334
11544.0,19,3,5,0,27,0,334
11545.0,19,3,5,0,27,0,334
11546.0,19,3,5,0,27,0,334
11547.0,19,3,5,0,27,0,334
11548.0,19,3,5,0,27,0,334
11549.0,19,3,5,0,27,0,334
11550.0,19,3,5,0,27,0,334
11551.0,19,3,5,0,27,0,334
11552.0,19,3,5,0,27,0,334
11553.0,19,3,5,0,27,0,334
11554.0,19,3,5,0,27,0,334
11555.0,19,3,5,0,27,0,334
11556.0,19,3,5,0,27,0,334
11557.0,19,3,5,0,27,0,334
11558.0,19,3,5,0,27,0,334
11559.0,19,3,5,0,27,0,334
11560.0,19,3,5,0,27,0,334
11561.0,19,3,5,0,27,0,334
11562.0,19,3,5,0,27,0,334
11563.0,19,3,5,0,27,0,334
11564.0,19,3,5,0,27,0,334
11565.0,19,3,5,0,27,0,334
11566.0,19,3,5,0,27,0,334
11567.0,19,3,5,0,27,0,334
11568.0,19,3,5,0,27,0,334
11569.0,19,3,5,0,27,0,334
11570.0,19,3,5,0,27,0,334
11571.0,19,3,5,0,27,0,334
11572.0,19,3,5,0,27,0,334
11573.0,19,3,5,0,27,0,334
11574.0,19,3,5,0,27,0,334
11575.0,19,3,5,0,27,0,334
11576.0,19,3,5,0,27,0,334
11577.0,19,3,5,0,27,0,334
11578.0,19,3,5,0,27,0,334
11579.0,19,3,5,0,27,0,334
11580.0,19,3,5,0,27,0,334
11581.0,19,3,5,0,27,0,334
11582.0,19,3,5,0,27,0,334
11583.0,19,3,5,0,27,0,334
11584.0,19,3,5,0,27,0,334
11585.0,19,3,5,0,27,0,334
11586.0,19,3,5,0,27,0,334
11587.0,19,3,5,0,27,0,334
11588.0,19,3,5,0,27,0,334
11589.0,19,3,5,0,27,0,334
11590.0,19,3,5,0,27,0,334
11591.0,19,3,5,0,27,0,334
11592.0,19,3,5,0,27,0,334
11593.0,19,3,5,0,27,0,334
11594.0,19,3,5,0,27,0,334
11595.0,19,3,5,0,27,0,334
11596.0,19,3,5,0,27,0,334
11597.0,19,3,5,0,27,0,334
11598.0,19,3,5,0,27,0,334
11599.0,19,3,5,0,27,0,334
11600.0,19,3,5,0,27,0,334
11601.0,19,3,5,0,27,0,334
11602.0,19,3,5,0,27,0,334
11603.0,19,3,5,0,27,0,334
11604.0,19,3,5,0,27,0,334
11605.0,19,3,5,0,27,0,334
11606.0,19,3,5,0,27,0,334
11607.0,19,3,5,0,27,0,334
11608.0,19,3,5,0,27,0,334
11609.0,19,3,5,0,27,0,334
11610.0,19,3,5,0,27,0,334
11611.0,19,3,5,0,27,0,334
11612.0,19,3,5,0,27,0,334
11613.0,19,3,5,0,27,0,334
11614.0,19,3,5,0,27,0,334
11615.0,19,3,5,0,27,0,334
11616.0,19,3,5,0,27,0,334
11617.0,19,3,5,0,27,0,334
11618.0,19,3,5,0,27,0,334
11619.0,19,3,5,0,27,0,334
11620.0,19,3,5,0,27,0,334
11621.0,19,3,5,0,27,0,334
11622.0,19,3,5,0,27,0,334
11623.0,19,3,5,0,27,0,334
11624.0,19,3,5,0,27,0,334
11625.0,19,3,5,0,27,0,334
11626.0,19,3,5,0,27,0,334
11627.0,19,3,5,0,27,0,334
11628.0,19,3,5,0,27,0,334
11629.0,19,3,5,0,27,0,334
11630.0,19,3,5,0,27,0,334
11631.0,19,3,5,0,27,0,334
11632.0,19,3,5,0,27,0,334
11633.0,19,3,5,0,27,0,334
11634.0,19,3,5,0,27,0,334
11635.0,19,3,5,0,27,0,334
11636.0,19,3,5,0,27,0,334
11637.0,19,3,5,0,27,0,334
11638.0,19,3,5,0,27,0,334
11639.0,19,3,5,0,27,0,334
11640.0,19,3,5,0,27,0,334
11641.0,19,3,5,0,27,0,334
11642.0,19,3,5,0,27,0,334
11643.0,19,3,5,0,27,0,334
11644.0,19,3,5,0,27,0,334
11645.0,19,3,5,0,27,0,334
11646.0,19,3,5,0,27,0,334
11647.0,19,3,5,0,27,0,334
11648.0,19,3,5,0,27,0,334
11649.0,19,3,5,0,27,0,334
11650.0,19,3,5,0,27,0,334
11651.0,19,3,5,0,27,0,334
11652.0,19,3,5,0,27,0,334
11653.0,19,3,5,0,27,0,334
11654.0,19,3,5,0,27,0,334
11655.0,19,3,5,0,27,0,334
11656.0,19,3,5,0,27,0,334
11657.0,19,3,5,0,27,0,334
11658.0,19,3,5,0,27,0,334
11659.0,19,3,5,0,27,0,334
11660.0,19,3,5,0,27,0,334
11661.0,19,3,5,0,27,0,334
11662.0,19,3,5,0,27,0,334
11663.0,19,3,5,0,27,0,334
11664.0,19,3,5,0,27,0,334
11665.0,19,3,5,0,27,0,334
11666.0,19,3,5,0,27,0,334
11667.0,19,3,5,0,27,0,334
11668.0,19,3,5,0,27,0,334
11669.0,19,3,5,0,27,0,334
11670.0,19,3,5,0,27,0,334
11671.0,19,3,5,0,27,0,334
11672.0,19,3,5,0,27,0,334
11673.0,19,3,5,0,27,0,334
11674.0,19,3,5,0,27,0,334
11675.0,19,3,5,0,27,0,334
11676.0,19,3,5,0,27,0,334
11677.0,19,3,5,0,27,0,334
11678.0,19,3,5,0,27,0,334
11679.0,19,3,5,0,27,0,334
11680.0,19,3,5,0,27,0,334
11681.0,19,3,5,0,27,0,334
11682.0,19,3,5,0,27,0,334
11683.0,19,3,5,0,27,0,334
11684.0,19,3,5,0,27,0,334
11685.0,19,3,5,0,27,0,334
11686.0,19,3,5,0,27,0,334
11687.0,19,3,5,0,27,0,334
11688.0,19,3,5,0,27,0,334
11689.0,19,3,5,0,27,0,334
11690.0,19,3,5,0,27,0,334
11691.0,19,3,5,0,27,0,334
11692.0,19,3,5,0,27,0,334
11693.0,19,3,5,0,27,0,334
11694.0,19,3,5,0,27,0,334
11695.0,19,3,5,0,27,0,334
11696.0,19,3,5,0,27,0,334
11697.0,19,3,5,0,27,0,334
11698.0,19,3,5,0,27,0,334
11699.0,19,3,5,0,27,0,334
11700.0,19,3,5,0,27,0,334
11701.0,19,3,5,0,27,0,334
11702.0,19,3,5,0,27,0,334
11703.0,19,3,5,0,27,0,334
11704.0,19,3,5,0,27,0,334
11705.0,19,3,5,0,27,0,334
11706.0,19,3,5,0,27,0,334
11707.0,19,3,5,0,27,0,334
11708.0,19,3,5,0,27,0,334
11709.0,19,3,5,0,27,0,334
11710.0,19,3,5,0,27,0,334
11711.0,19,3,5,0,27,0,334
11712.0,19,3,5,0,27,0,334
11713.0,19,3,5,0,27,0,334
11714.0,19,3,5,0,27,0,334
11715.0,19,3,5,0,27,0,334
11716.0,19,3,5,0,27,0,334
11717.0,19,3,5,0,27,0,334
11718.0,19,3,5,0,27,0,334
11719.0,19,3,5,0,27,0,334
11720.0,19,3,5,0,27,0,334
11721.0,19,3,5,0,27,0,334
11722.0,19,3,5,0,27,0,334
11723.0,19,3,5,0,27,0,334
11724.0,19,3,5,0,27,0,334
11725.0,19,3,5,0,27,0,334
11726.0,19,3,5,0,27,0,334
11727.0,19,3,5,0,27,0,334
11728.0,19,3,5,0,27,0,334
11729.0,19,3,5,0,27,0,334
11730.0,19,3,5,0,27,0,334
11731.0,19,3,5,0,27,0,334
11732.0,19,3,5,0,27,0,334
11733.0,19,3,5,0,27,0,334
11734.0,19,3,5,0,27,0,334
11735.0,19,3,5,0,27,0,334
11736.0,19,3,5,0,27,0,334
11737.0,19,3,5,0,27,0,334
11738.0,19,3,5,0,27,0,334
11739.0,19,3,5,0,27,0,334
11740.0,19,3,5,0,27,0,334
11741.0,19,3,5,0,27,0,334
11742.0,19,3,5,0,27,0,334
11743.0,19,3,5,0,27,0,334
11744.0,19,3,5,0,27,0,334
11745.0,19,3,5,0,27,0,334
11746.0,19,3,5,0,27,0,334
11747.0,19,3,5,0,27,0,334
11748.0,19,3,5,0,27,0,334
11749.0,19,3,5,0,27,0,334
11750.0,19,3,5,0,27,0,334
11751.0,19,3,5,0,27,0,334
11752.0,19,3,5,0,27,0,334
11753.0,19,3,5,0,27,0,334
11754.0,19,3,5,0,27,0,334
11755.0,19,3,5,0,27,0,334
11756.0,19,3,5,0,27,0,334
11757.0,19,3,5,0,27,0,334
11758.0,19,3,5,0,27,0,334
11759.0,19,3,5,0,27,0,334
11760.0,19,3,5,0,27,0,334
11761.0,19,3,5,0,27,0,334
11762.0,19,3,5,0,27,0,334
11763.0,19,3,5,0,27,0,334
11764.0,19,3,5,0,27,0,334
11765.0,19,3,5,0,27,0,334
11766.0,19,3,5,0,27,0,334
11767.0,19,3,5,0,27,0,334
11768.0,19,3,5,0,27,0,334
11769.0,19,3,5,0,27,0,334
11770.0,19,3,5,0,27,0,334
11771.0,19,3,5,0,27,0,334
11772.0,19,3,5,0,27,0,334
11773.0,19,3,5,0,27,0,334
11774.0,19,3,5,0,27,0,334
11775.0,19,3,5,0,27,0,334
11776.0,19,3,5,0,27,0,334
11777.0,19,3,5,0,27,0,334
11778.0,19,3,5,0,27,0,334
11779.0,19,3,5,0,27,0,334
11780.0,19,3,5,0,27,0,334
11781.0,19,3,5,0,27,0,334
11782.0,19,3,5,0,27,0,334
11783.0,19,3,5,0,27,0,334
11784.0,19,3,5,0,27,0,334
11785.0,19,3,5,0,27,0,334
11786.0,19,3,5,0,27,0,334
11787.0,19,3,5,0,27,0,334
11788.0,19,3,5,0,27,0,334
11789.0,19,3,5,0,27,0,334
11790.0,19,3,5,0,27,0,334
11791.0,19,3,5,0,27,0,334
11792.0,19,3,5,0,27,0,334
11793.0,19,3,5,0,27,0,334
11794.0,19,3,5,0,27,0,334
11795.0,19,3,5,0,27,0,334
11796.0,19,3,5,0,27,0,334
11797.0,19,3,5,0,27,0,334
11798.0,19,3,5,0,27,0,334
11799.0,19,3,5,0,27,0,334
11800.0,19,3,5,0,27,0,334
11801.0,19,3,5,0,27,0,334
11802.0,19,3,5,0,27,0,334
11803.0,19,3,5,0,27,0,334
11804.0,19,3,5,0,27,0,334
11805.0,19,3,5,0,27,0,334
11806.0,19,3,5,0,27,0,334
11807.0,19,3,5,0,27,0,334
11808.0,19,3,5,0,27,0,334
11809.0,19,3,5,0,27,0,334
11810.0,19,3,5,0,27,0,334
11811.0,19,3,5,0,27,0,334
11812.0,19,3,5,0,27,0,334
11813.0,19,3,5,0,27,0,334
11814.0,19,3,5,0,27,0,334
11815.0,19,3,5,0,27,0,334
11816.0,19,3,5,0,27,0,334
11817.0,19,3,5,0,27,0,334
11818.0,19,3,5,0,27,0,334
11819.0,19,3,5,0,27,0,334
11820.0,19,3,5,0,27,0,334
11821.0,19,3,5,0,27,0,334
11822.0,19,3,5,0,27,0,334
11823.0,19,3,5,0,27,0,334
11824.0,19,3,5,0,27,0,334
11825.0,19,3,5,0,27,0,334
11826.0,19,3,5,0,27,0,334
11827.0,19,3,5,0,27,0,334
11828.0,19,3,5,0,27,0,334
11829.0,19,3,5,0,27,0,334
11830.0,19,3,5,0,27,0,334
11831.0,19,3,5,0,27,0,334
11832.0,19,3,5,0,27,0,334
11833.0,19,3,5,0,27,0,334
11834.0,19,3,5,0,27,0,334
11835.0,19,3,5,0,27,0,334
11836.0,19,3,5,0,27,0,334
11837.0,19,3,5,0,27,0,334
11838.0,19,3,5,0,27,0,334
11839.0,19,3,5,0,27,0,334
11840.0,19,3,5,0,27,0,334
11841.0,19,3,5,0,27,0,334
11842.0,19,3,5,0,27,0,334
11843.0,19,3,5,0,27,0,334
11844.0,19,3,5,0,27,0,334
11845.0,19,3,5,0,27,0,334
11846.0,19,3,5,0,27,0,334
11847.0,19,3,5,0,27,0,334
11848.0,19,3,5,0,27,0,334
11849.0,19,3,5,0,27,0,334
11850.0,19,3,5,0,27,0,334
11851.0,19,3,5,0,27,0,334
11852.0,19,3,5,0,27,0,334
11853.0,19,3,5,0,27,0,334
11854.0,19,3,5,0,27,0,334
11855.0,19,3,5,0,27,0,334
11856.0,19,3,5,0,27,0,334
11857.0,19,3,5,0,27,0,334
11858.0,19,3,5,0,27,0,334
11859.0,19,3,5,0,27,0,334
11860.0,19,3,5,0,27,0,334
11861.0,19,3,5,0,27,0,334
11862.0,19,3,5,0,27,0,334
11863.0,19,3,5,0,27,0,334
11864.0,19,3,5,0,27,0,334
11865.0,19,3,5,0,27,0,334
11866.0,19,3,5,0,27,0,334
11867.0,19,3,5,0,27,0,334
11868.0,19,3,5,0,27,0,334
11869.0,19,3,5,0,27,0,334
11870.0,19,3,5,0,27,0,334
11871.0,19,3,5,0,27,0,334
11872.0,19,3,5,0,27,0,334
11873.0,19,3,5,0,27,0,334
11874.0,19,3,5,0,27,0,334
11875.0,19,3,5,0,27,0,334
11876.0,19,3,5,0,27,0,334
11877.0,19,3,5,0,27,0,334
11878.0,19,3,5,0,27,0,334
11879.0,19,3,5,0,27,0,334
11880.0,19,3,5,0,27,0,334
11881.0,19,3,5,0,27,0,334
11882.0,19,3,5,0,27,0,334
11883.0,19,3,5,0,27,0,334
11884.0,19,3,5,0,27,0,334
11885.0,19,3,5,0,27,0,334
11886.0,19,3,5,0,27,0,334
11887.0,19,3,5,0,27,0,334
11888.0,19,3,5,0,27,0,334
11889.0,19,3,5,0,27,0,334
11890.0,19,3,5,0,27,0,334
11891.0,19,3,5,0,27,0,334
11892.0,19,3,5,0,27,0,334
11893.0,19,3,5,0,27,0,334
11894.0,19,3,5,0,27,0,334
11895.0,19,3,5,0,27,0,334
11896.0,19,3,5,0,27,0,334
11897.0,19,3,5,0,27,0,334
11898.0,19,3,5,0,27,0,334
11899.0,19,3,5,0,27,0,334
11900.0,19,3,5,0,27,0,334
11901.0,19,3,5,0,27,0,334
11902.0,19,3,5,0,27,0,334
11903.0,19,3,5,0,27,0,334
11904.0,19,3,5,0,27,0,334
11905.0,19,3,5,0,27,0,334
11906.0,19,3,5,0,27,0,334
11907.0,19,3,5,0,27,0,334
11908.0,19,3,5,0,27,0,334
11909.0,19,3,5,0,27,0,334
11910.0,19,3,5,0,27,0,334
11911.0,19,3,5,0,27,0,334
11912.0,19,3,5,0,27,0,334
11913.0,19,3,5,0,27,0,334
11914.0,19,3,5,0,27,0,334
11915.0,19,3,5,0,27,0,334
11916.0,19,3,5,0,27,0,334
11917.0,19,3,5,0,27,0,334
11918.0,19,3,5,0,27,0,334
11919.0,19,3,5,0,27,0,334
11920.0,19,3,5,0,27,0,334
11921.0,19,3,5,0,27,0,334
11922.0,19,3,5,0,27,0,334
11923.0,19,3,5,0,27,0,334
11924.0,19,3,5,0,27,0,334
11925.0,19,3,5,0,27,0,334
11926.0,19,3,5,0,27,0,334
11927.0,19,3,5,0,27,0,334
11928.0,19,3,5,0,27,0,334
11929.0,19,3,5,0,27,0,334
11930.0,19,3,5,0,27,0,334
11931.0,19,3,5,0,27,0,334
11932.0,19,3,5,0,27,0,334
11933.0,19,3,5,0,27,0,334
11934.0,19,3,5,0,27,0,334
11935.0,19,3,5,0,27,0,334
11936.0,19,3,5,0,27,0,334
11937.0,19,3,5,0,27,0,334
11938.0,19,3,5,0,27,0,334
11939.0,19,3,5,0,27,0,334
11940.0,19,3,5,0,27,0,334
11941.0,19,3,5,0,27,0,334
11942.0,19,3,5,0,27,0,334
11943.0,19,3,5,0,27,0,334
11944.0,19,3,5,0,27,0,334
11945.0,19,3,5,0,27,0,334
11946.0,19,3,5,0,27,0,334
11947.0,19,3,5,0,27,0,334
11948.0,19,3,5,0,27,0,334
11949.0,19,3,5,0,27,0,334
11950.0,19,3,5,0,27,0,334
11951.0,19,3,5,0,27,0,334
11952.0,19,3,5,0,27,0,334
11953.0,19,3,5,0,27,0,334
11954.0,19,3,5,0,27,0,334
11955.0,19,3,5,0,27,0,334
11956.0,19,3,5,0,27,0,334
11957.0,19,3,5,0,27,0,334
11958.0,19,3,5,0,27,0,334
11959.0,19,3,5,0,27,0,334
11960.0,19,3,5,0,27,0,334
11961.0,19,3,5,0,27,0,334
11962.0,19,3,5,0,27,0,334
11963.0,19,3,5,0,27,0,334
11964.0,19,3,5,0,27,0,334
11965.0,19,3,5,0,27,0,334
11966.0,19,3,5,0,27,0,334
11967.0,19,3,5,0,27,0,334
11968.0,19,3,5,0,27,0,334
11969.0,19,3,5,0,27,0,334
11970.0,19,3,5,0,27,0,334
11971.0,19,3,5,0,27,0,334
11972.0,19,3,5,0,27,0,334
11973.0,19,3,5,0,27,0,334
11974.0,19,3,5,0,27,0,334
11975.0,19,3,5,0,27,0,334
11976.0,19,3,5,0,27,0,334
11977.0,19,3,5,0,27,0,334
11978.0,19,3,5,0,27,0,334
11979.0,19,3,5,0,27,0,334
11980.0,19,3,5,0,27,0,334
11981.0,19,3,5,0,27,0,334
11982.0,19,3,5,0,27,0,334
11983.0,19,3,5,0,27,0,334
11984.0,19,3,5,0,27,0,334
11985.0,19,3,5,0,27,0,334
11986.0,19,3,5,0,27,0,334
11987.0,19,3,5,0,27,0,334
11988.0,19,3,5,0,27,0,334
11989.0,19,3,5,0,27,0,334
11990.0,19,3,5,0,27,0,334
11991.0,19,3,5,0,27,0,334
11992.0,19,3,5,0,27,0,334
11993.0,19,3,5,0,27,0,334
11994.0,19,3,5,0,27,0,334
11995.0,19,3,5,0,27,0,334
11996.0,19,3,5,0,27,0,334
11997.0,19,3,5,0,27,0,334
11998.0,19,3,5,0,27,0,334
11999.0,19,3,5,0,27,0,334
12000.0,19,3,5,0,27,0,334
12001.0,19,3,5,0,27,0,334
12002.0,19,3,5,0,27,0,334
12003.0,19,3,5,0,27,0,334
12004.0,19,3,5,0,27,0,334
12005.0,19,3,5,0,27,0,334
12006.0,19,3,5,0,27,0,334
12007.0,19,3,5,0,27,0,334
12008.0,19,3,5,0,27,0,334
12009.0,19,3,5,0,27,0,334
12010.0,19,3,5,0,27,0,334
12011.0,19,3,5,0,27,0,334
12012.0,19,3,5,0,27,0,334
12013.0,19,3,5,0,27,0,334
12014.0,19,3,5,0,27,0,334
12015.0,19,3,5,0,27,0,334
12016.0,19,3,5,0,27,0,334
12017.0,19,3,5,0,27,0,334
12018.0,19,3,5,0,27,0,334
12019.0,19,3,5,0,27,0,334
12020.0,19,3,5,0,27,0,334
12021.0,19,3,5,0,27,0,334
12022.0,19,3,5,0,27,0,334
12023.0,19,3,5,0,27,0,334
12024.0,19,3,5,0,27,0,334
12025.0,19,3,5,0,27,0,334
12026.0,19,3,5,0,27,0,334
12027.0,19,3,5,0,27,0,334
12028.0,19,3,5,0,27,0,334
12029.0,19,3,5,0,27,0,334
12030.0,19,3,5,0,27,0,334
12031.0,19,3,5,0,27,0,334
12032.0,19,3,5,0,27,0,334
12033.0,19,3,5,0,27,0,334
12034.0,19,3,5,0,27,0,334
12035.0,19,3,5,0,27,0,334
12036.0,19,3,5,0,27,0,334
12037.0,19,3,5,0,27,0,334
12038.0,19,3,5,0,27,0,334
12039.0,19,3,5,0,27,0,334
12040.0,19,3,5,0,27,0,334
12041.0,19,3,5,0,27,0,334
12042.0,19,3,5,0,27,0,334
12043.0,19,3,5,0,27,0,334
12044.0,19,3,5,0,27,0,334
12045.0,19,3,5,0,27,0,334
12046.0,19,3,5,0,27,0,334
12047.0,19,3,5,0,27,0,334
12048.0,19,3,5,0,27,0,334
12049.0,19,3,5,0,27,0,334
12050.0,19,3,5,0,27,0,334
12051.0,19,3,5,0,27,0,334
12052.0,19,3,5,0,27,0,334
12053.0,19,3,5,0,27,0,334
12054.0,19,3,5,0,27,0,334
12055.0,19,3,5,0,27,0,334
12056.0,19,3,5,0,27,0,334
12057.0,19,3,5,0,27,0,334
12058.0,19,3,5,0,27,0,334
12059.0,19,3,5,0,27,0,334
12060.0,19,3,5,0,27,0,334
12061.0,19,3,5,0,27,0,334
12062.0,19,3,5,0,27,0,334
12063.0,19,3,5,0,27,0,334
12064.0,19,3,5,0,27,0,334
12065.0,19,3,5,0,27,0,334
12066.0,19,3,5,0,27,0,334
12067.0,19,3,5,0,27,0,334
12068.0,19,3,5,0,27,0,334
12069.0,19,3,5,0,27,0,334
12070.0,19,3,5,0,27,0,334
12071.0,19,3,5,0,27,0,334
12072.0,19,3,5,0,27,0,334
12073.0,19,3,5,0,27,0,334
12074.0,19,3,5,0,27,0,334
12075.0,19,3,5,0,27,0,334
12076.0,19,3,5,0,27,0,334
12077.0,19,3,5,0,27,0,334
12078.0,19,3,5,0,27,0,334
12079.0,19,3,5,0,27,0,334
12080.0,19,3,5,0,27,0,334
12081.0,19,3,5,0,27,0,334
12082.0,19,3,5,0,27,0,334
12083.0,19,3,5,0,27,0,334
12084.0,19,3,5,0,27,0,334
12085.0,19,3,5,0,27,0,334
12086.0,19,3,5,0,27,0,334
12087.0,19,3,5,0,27,0,334
12088.0,19,3,5,0,27,0,334
12089.0,19,3,5,0,27,0,334
12090.0,19,3,5,0,27,0,334
12091.0,19,3,5,0,27,0,334
12092.0,19,3,5,0,27,0,334
12093.0,19,3,5,0,27,0,334
12094.0,19,3,5,0,27,0,334
12095.0,19,3,5,0,27,0,334
12096.0,19,3,5,0,27,0,334
12097.0,19,3,5,0,27,0,334
12098.0,19,3,5,0,27,0,334
12099.0,19,3,5,0,27,0,334
12100.0,19,3,5,0,27,0,334
12101.0,19,3,5,0,27,0,334
12102.0,19,3,5,0,27,0,334
12103.0,19,3,5,0,27,0,334
12104.0,19,3,5,0,27,0,334
12105.0,19,3,5,0,27,0,334
12106.0,19,3,5,0,27,0,334
12107.0,19,3,5,0,27,0,334
12108.0,19,3,5,0,27,0,334
12109.0,19,3,5,0,27,0,334
12110.0,19,3,5,0,27,0,334
12111.0,19,3,5,0,27,0,334
12112.0,19,3,5,0,27,0,334
12113.0,19,3,5,0,27,0,334
12114.0,19,3,5,0,27,0,334
12115.0,19,3,5,0,27,0,334
12116.0,19,3,5,0,27,0,334
12117.0,19,3,5,0,27,0,334
12118.0,19,3,5,0,27,0,334
12119.0,19,3,5,0,27,0,334
12120.0,19,3,5,0,27,0,334
12121.0,19,3,5,0,27,0,334
12122.0,19,3,5,0,27,0,334
12123.0,19,3,5,0,27,0,334
12124.0,19,3,5,0,27,0,334
12125.0,19,3,5,0,27,0,334
12126.0,19,3,5,0,27,0,334
12127.0,19,3,5,0,27,0,334
12128.0,19,3,5,0,27,0,334
12129.0,19,3,5,0,27,0,334
12130.0,19,3,5,0,27,0,334
12131.0,19,3,5,0,27,0,334
12132.0,19,3,5,0,27,0,334
12133.0,19,3,5,0,27,0,334
12134.0,19,3,5,0,27,0,334
12135.0,19,3,5,0,27,0,334
12136.0,19,3,5,0,27,0,334
12137.0,19,3,5,0,27,0,334
12138.0,19,3,5,0,27,0,334
12139.0,19,3,5,0,27,0,334
12140.0,19,3,5,0,27,0,334
12141.0,19,3,5,0,27,0,334
12142.0,19,3,5,0,27,0,334
12143.0,19,3,5,0,27,0,334
12144.0,19,3,5,0,27,0,334
12145.0,19,3,5,0,27,0,334
12146.0,19,3,5,0,27,0,334
12147.0,19,3,5,0,27,0,334
12148.0,19,3,5,0,27,0,334
12149.0,19,3,5,0,27,0,334
12150.0,19,3,5,0,27,0,334
12151.0,19,3,5,0,27,0,334
12152.0,19,3,5,0,27,0,334
12153.0,19,3,5,0,27,0,334
12154.0,19,3,5,0,27,0,334
12155.0,19,3,5,0,27,0,334
12156.0,19,3,5,0,27,0,334
12157.0,19,3,5,0,27,0,334
12158.0,19,3,5,0,27,0,334
12159.0,19,3,5,0,27,0,334
12160.0,19,3,5,0,27,0,334
12161.0,19,3,5,0,27,0,334
12162.0,19,3,5,0,27,0,334
12163.0,19,3,5,0,27,0,334
12164.0,19,3,5,0,27,0,334
12165.0,19,3,5,0,27,0,334
12166.0,19,3,5,0,27,0,334
12167.0,19,3,5,0,27,0,334
12168.0,19,3,5,0,27,0,334
12169.0,19,3,5,0,27,0,334
12170.0,19,3,5,0,27,0,334
12171.0,19,3,5,0,27,0,334
12172.0,19,3,5,0,27,0,334
12173.0,19,3,5,0,27,0,334
12174.0,19,3,5,0,27,0,334
12175.0,19,3,5,0,27,0,334
12176.0,19,3,5,0,27,0,334
12177.0,19,3,5,0,27,0,334
12178.0,19,3,5,0,27,0,334
12179.0,19,3,5,0,27,0,334
12180.0,19,3,5,0,27,0,334
12181.0,19,3,5,0,27,0,334
12182.0,19,3,5,0,27,0,334
12183.0,19,3,5,0,27,0,334
12184.0,19,3,5,0,27,0,334
12185.0,19,3,5,0,27,0,334
12186.0,19,3,5,0,27,0,334
12187.0,19,3,5,0,27,0,334
12188.0,19,3,5,0,27,0,334
12189.0,19,3,5,0,27,0,334
12190.0,19,3,5,0,27,0,334
12191.0,19,3,5,0,27,0,334
12192.0,19,3,5,0,27,0,334
12193.0,19,3,5,0,27,0,334
12194.0,19,3,5,0,27,0,334
12195.0,19,3,5,0,27,0,334
12196.0,19,3,5,0,27,0,334
12197.0,19,3,5,0,27,0,334
12198.0,19,3,5,0,27,0,334
12199.0,19,3,5,0,27,0,334
12200.0,19,3,5,0,27,0,334
12201.0,19,3,5,0,27,0,334
12202.0,19,3,5,0,27,0,334
12203.0,19,3,5,0,27,0,334
12204.0,19,3,5,0,27,0,334
12205.0,19,3,5,0,27,0,334
12206.0,19,3,5,0,27,0,334
12207.0,19,3,5,0,27,0,334
12208.0,19,3,5,0,27,0,334
12209.0,19,3,5,0,27,0,334
12210.0,19,3,5,0,27,0,334
12211.0,19,3,5,0,27,0,334
12212.0,19,3,5,0,27,0,334
12213.0,19,3,5,0,27,0,334
12214.0,19,3,5,0,27,0,334
12215.0,19,3,5,0,27,0,334
12216.0,19,3,5,0,27,0,334
12217.0,19,3,5,0,27,0,334
12218.0,19,3,5,0,27,0,334
12219.0,19,3,5,0,27,0,334
12220.0,19,3,5,0,27,0,334
12221.0,19,3,5,0,27,0,334
12222.0,19,3,5,0,27,0,334
12223.0,19,3,5,0,27,0,334
12224.0,19,3,5,0,27,0,334
12225.0,19,3,5,0,27,0,334
12226.0,19,3,5,0,27,0,334
12227.0,19,3,5,0,27,0,334
12228.0,19,3,5,0,27,0,334
12229.0,19,3,5,0,27,0,334
12230.0,19,3,5,0,27,0,334
12231.0,19,3,5,0,27,0,334
12232.0,19,3,5,0,27,0,334
12233.0,19,3,5,0,27,0,334
12234.0,19,3,5,0,27,0,334
12235.0,19,3,5,0,27,0,334
12236.0,19,3,5,0,27,0,334
12237.0,19,3,5,0,27,0,334
12238.0,19,3,5,0,27,0,334
12239.0,19,3,5,0,27,0,334
12240.0,19,3,5,0,27,0,334
12241.0,19,3,5,0,27,0,334
12242.0,19,3,5,0,27,0,334
12243.0,19,3,5,0,27,0,334
12244.0,19,3,5,0,27,0,334
12245.0,19,3,5,0,27,0,334
12246.0,19,3,5,0,27,0,334
12247.0,19,3,5,0,27,0,334
12248.0,19,3,5,0,27,0,334
12249.0,19,3,5,0,27,0,334
12250.0,19,3,5,0,27,0,334
12251.0,19,3,5,0,27,0,334
12252.0,19,3,5,0,27,0,334
12253.0,19,3,5,0,27,0,334
12254.0,19,3,5,0,27,0,334
12255.0,19,3,5,0,27,0,334
12256.0,19,3,5,0,27,0,334
12257.0,19,3,5,0,27,0,334
12258.0,19,3,5,0,27,0,334
12259.0,19,3,5,0,27,0,334
12260.0,19,3,5,0,27,0,334
12261.0,19,3,5,0,27,0,334
12262.0,19,3,5,0,27,0,334
12263.0,19,3,5,0,27,0,334
12264.0,19,3,5,0,27,0,334
12265.0,19,3,5,0,27,0,334
12266.0,19,3,5,0,27,0,334
12267.0,19,3,5,0,27,0,334
12268.0,19,3,5,0,27,0,334
12269.0,19,3,5,0,27,0,334
12270.0,19,3,5,0,27,0,334
12271.0,19,3,5,0,27,0,334
12272.0,19,3,5,0,27,0,334
12273.0,19,3,5,0,27,0,334
12274.0,19,3,5,0,27,0,334
12275.0,19,3,5,0,27,0,334
12276.0,19,3,5,0,27,0,334
12277.0,19,3,5,0,27,0,334
12278.0,19,3,5,0,27,0,334
12279.0,19,3,5,0,27,0,334
12280.0,19,3,5,0,27,0,334
12281.0,19,3,5,0,27,0,334
12282.0,19,3,5,0,27,0,334
12283.0,19,3,5,0,27,0,334
12284.0,19,3,5,0,27,0,334
12285.0,19,3,5,0,27,0,334
12286.0,19,3,5,0,27,0,334
12287.0,19,3,5,0,27,0,334
12288.0,19,3,5,0,27,0,334
12289.0,19,3,5,0,27,0,334
12290.0,19,3,5,0,27,0,334
12291.0,19,3,5,0,27,0,334
12292.0,19,3,5,0,27,0,334
12293.0,19,3,5,0,27,0,334
12294.0,19,3,5,0,27,0,334
12295.0,19,3,5,0,27,0,334
12296.0,19,3,5,0,27,0,334
12297.0,19,3,5,0,27,0,334
12298.0,19,3,5,0,27,0,334
12299.0,19,3,5,0,27,0,334
12300.0,19,3,5,0,27,0,334
12301.0,19,3,5,0,27,0,334
12302.0,19,3,5,0,27,0,334
12303.0,19,3,5,0,27,0,334
12304.0,19,3,5,0,27,0,334
12305.0,19,3,5,0,27,0,334
12306.0,19,3,5,0,27,0,334
12307.0,19,3,5,0,27,0,334
12308.0,19,3,5,0,27,0,334
12309.0,19,3,5,0,27,0,334
12310.0,19,3,5,0,27,0,334
12311.0,19,3,5,0,27,0,334
12312.0,19,3,5,0,27,0,334
12313.0,19,3,5,0,27,0,334
12314.0,19,3,5,0,27,0,334
12315.0,19,3,5,0,27,0,334
12316.0,19,3,5,0,27,0,334
12317.0,19,3,5,0,27,0,334
12318.0,19,3,5,0,27,0,334
12319.0,19,3,5,0,27,0,334
12320.0,19,3,5,0,27,0,334
12321.0,19,3,5,0,27,0,334
12322.0,19,3,5,0,27,0,334
12323.0,19,3,5,0,27,0,334
12324.0,19,3,5,0,27,0,334
12325.0,19,3,5,0,27,0,334
12326.0,19,3,5,0,27,0,334
12327.0,19,3,5,0,27,0,334
12328.0,19,3,5,0,27,0,334
12329.0,19,3,5,0,27,0,334
12330.0,19,3,5,0,27,0,334
12331.0,19,3,5,0,27,0,334
12332.0,19,3,5,0,27,0,334
12333.0,19,3,5,0,27,0,334
12334.0,19,3,5,0,27,0,334
12335.0,19,3,5,0,27,0,334
12336.0,19,3,5,0,27,0,334
12337.0,19,3,5,0,27,0,334
12338.0,19,3,5,0,27,0,334
12339.0,19,3,5,0,27,0,334
12340.0,19,3,5,0,27,0,334
12341.0,19,3,5,0,27,0,334
12342.0,19,3,5,0,27,0,334
12343.0,19,3,5,0,27,0,334
12344.0,19,3,5,0,27,0,334
12345.0,19,3,5,0,27,0,334
12346.0,19,3,5,0,27,0,334
12347.0,19,3,5,0,27,0,334
12348.0,19,3,5,0,27,0,334
12349.0,19,3,5,0,27,0,334
12350.0,19,3,5,0,27,0,334
12351.0,19,3,5,0,27,0,334
12352.0,19,3,5,0,27,0,334
12353.0,19,3,5,0,27,0,334
12354.0,19,3,5,0,27,0,334
12355.0,19,3,5,0,27,0,334
12356.0,19,3,5,0,27,0,334
12357.0,19,3,5,0,27,0,334
12358.0,19,3,5,0,27,0,334
12359.0,19,3,5,0,27,0,334
12360.0,19,3,5,0,27,0,334
12361.0,19,3,5,0,27,0,334
12362.0,19,3,5,0,27,0,334
12363.0,19,3,5,0,27,0,334
12364.0,19,3,5,0,27,0,334
12365.0,19,3,5,0,27,0,334
12366.0,19,3,5,0,27,0,334
12367.0,19,3,5,0,27,0,334
12368.0,19,3,5,0,27,0,334
12369.0,19,3,5,0,27,0,334
12370.0,19,3,5,0,27,0,334
12371.0,19,3,5,0,27,0,334
12372.0,19,3,5,0,27,0,334
12373.0,19,3,5,0,27,0,334
12374.0,19,3,5,0,27,0,334
12375.0,19,3,5,0,27,0,334
12376.0,19,3,5,0,27,0,334
12377.0,19,3,5,0,27,0,334
12378.0,19,3,5,0,27,0,334
12379.0,19,3,5,0,27,0,334
12380.0,19,3,5,0,27,0,334
12381.0,19,3,5,0,27,0,334
12382.0,19,3,5,0,27,0,334
12383.0,19,3,5,0,27,0,334
12384.0,19,3,5,0,27,0,334
12385.0,19,3,5,0,27,0,334
12386.0,19,3,5,0,27,0,334
12387.0,19,3,5,0,27,0,334
12388.0,19,3,5,0,27,0,334
12389.0,19,3,5,0,27,0,334
12390.0,19,3,5,0,27,0,334
12391.0,19,3,5,0,27,0,334
12392.0,19,3,5,0,27,0,334
12393.0,19,3,5,0,27,0,334
12394.0,19,3,5,0,27,0,334
12395.0,19,3,5,0,27,0,334
12396.0,19,3,5,0,27,0,334
12397.0,19,3,5,0,27,0,334
12398.0,19,3,5,0,27,0,334
12399.0,19,3,5,0,27,0,334
12400.0,19,3,5,0,27,0,334
12401.0,19,3,5,0,27,0,334
12402.0,19,3,5,0,27,0,334
12403.0,19,3,5,0,27,0,334
12404.0,19,3,5,0,27,0,334
12405.0,19,3,5,0,27,0,334
12406.0,19,3,5,0,27,0,334
12407.0,19,3,5,0,27,0,334
12408.0,19,3,5,0,27,0,334
12409.0,19,3,5,0,27,0,334
12410.0,19,3,5,0,27,0,334
12411.0,19,3,5,0,27,0,334
12412.0,19,3,5,0,27,0,334
12413.0,19,3,5,0,27,0,334
12414.0,19,3,5,0,27,0,334
12415.0,19,3,5,0,27,0,334
12416.0,19,3,5,0,27,0,334
12417.0,19,3,5,0,27,0,334
12418.0,19,3,5,0,27,0,334
12419.0,19,3,5,0,27,0,334
12420.0,19,3,5,0,27,0,334
12421.0,19,3,5,0,27,0,334
12422.0,19,3,5,0,27,0,334
12423.0,19,3,5,0,27,0,334
12424.0,19,3,5,0,27,0,334
12425.0,19,3,5,0,27,0,334
12426.0,19,3,5,0,27,0,334
12427.0,19,3,5,0,27,0,334
12428.0,19,3,5,0,27,0,334
12429.0,19,3,5,0,27,0,334
12430.0,19,3,5,0,27,0,334
12431.0,19,3,5,0,27,0,334
12432.0,19,3,5,0,27,0,334
12433.0,19,3,5,0,27,0,334
12434.0,19,3,5,0,27,0,334
12435.0,19,3,5,0,27,0,334
12436.0,19,3,5,0,27,0,334
12437.0,19,3,5,0,27,0,334
12438.0,19,3,5,0,27,0,334
12439.0,19,3,5,0,27,0,334
12440.0,19,3,5,0,27,0,334
12441.0,19,3,5,0,27,0,334
12442.0,19,3,5,0,27,0,334
12443.0,19,3,5,0,27,0,334
12444.0,19,3,5,0,27,0,334
12445.0,19,3,5,0,27,0,334
12446.0,19,3,5,0,27,0,334
12447.0,19,3,5,0,27,0,334
12448.0,19,3,5,0,27,0,334
12449.0,19,3,5,0,27,0,334
12450.0,19,3,5,0,27,0,334
12451.0,19,3,5,0,27,0,334
12452.0,19,3,5,0,27,0,334
12453.0,19,3,5,0,27,0,334
12454.0,19,3,5,0,27,0,334
12455.0,19,3,5,0,27,0,334
12456.0,19,3,5,0,27,0,334
12457.0,19,3,5,0,27,0,334
12458.0,19,3,5,0,27,0,334
12459.0,19,3,5,0,27,0,334
12460.0,19,3,5,0,27,0,334
12461.0,19,3,5,0,27,0,334
12462.0,19,3,5,0,27,0,334
12463.0,19,3,5,0,27,0,334
12464.0,19,3,5,0,27,0,334
12465.0,19,3,5,0,27,0,334
12466.0,19,3,5,0,27,0,334
12467.0,19,3,5,0,27,0,334
12468.0,19,3,5,0,27,0,334
12469.0,19,3,5,0,27,0,334
12470.0,19,3,5,0,27,0,334
12471.0,19,3,5,0,27,0,334
12472.0,19,3,5,0,27,0,334
12473.0,19,3,5,0,27,0,334
12474.0,19,3,5,0,27,0,334
12475.0,19,3,5,0,27,0,334
12476.0,19,3,5,0,27,0,334
12477.0,19,3,5,0,27,0,334
12478.0,19,3,5,0,27,0,334
12479.0,19,3,5,0,27,0,334
12480.0,19,3,5,0,27,0,334
12481.0,19,3,5,0,27,0,334
12482.0,19,3,5,0,27,0,334
12483.0,19,3,5,0,27,0,334
12484.0,19,3,5,0,27,0,334
12485.0,19,3,5,0,27,0,334
12486.0,19,3,5,0,27,0,334
12487.0,19,3,5,0,27,0,334
12488.0,19,3,5,0,27,0,334
12489.0,19,3,5,0,27,0,334
12490.0,19,3,5,0,27,0,334
12491.0,19,3,5,0,27,0,334
12492.0,19,3,5,0,27,0,334
12493.0,19,3,5,0,27,0,334
12494.0,19,3,5,0,27,0,334
12495.0,19,3,5,0,27,0,334
12496.0,19,3,5,0,27,0,334
12497.0,19,3,5,0,27,0,334
12498.0,19,3,5,0,27,0,334
12499.0,19,3,5,0,27,0,334
12500.0,19,3,5,0,27,0,334
12501.0,19,3,5,0,27,0,334
12502.0,19,3,5,0,27,0,334
12503.0,19,3,5,0,27,0,334
12504.0,19,3,5,0,27,0,334
12505.0,19,3,5,0,27,0,334
12506.0,19,3,5,0,27,0,334
12507.0,19,3,5,0,27,0,334
12508.0,19,3,5,0,27,0,334
12509.0,19,3,5,0,27,0,334
12510.0,19,3,5,0,27,0,334
12511.0,19,3,5,0,27,0,334
12512.0,19,3,5,0,27,0,334
12513.0,19,3,5,0,27,0,334
12514.0,19,3,5,0,27,0,334
12515.0,19,3,5,0,27,0,334
12516.0,19,3,5,0,27,0,334
12517.0,19,3,5,0,27,0,334
12518.0,19,3,5,0,27,0,334
12519.0,19,3,5,0,27,0,334
12520.0,19,3,5,0,27,0,334
12521.0,19,3,5,0,27,0,334
12522.0,19,3,5,0,27,0,334
12523.0,19,3,5,0,27,0,334
12524.0,19,3,5,0,27,0,334
12525.0,19,3,5,0,27,0,334
12526.0,19,3,5,0,27,0,334
12527.0,19,3,5,0,27,0,334
12528.0,19,3,5,0,27,0,334
12529.0,19,3,5,0,27,0,334
12530.0,19,3,5,0,27,0,334
12531.0,19,3,5,0,27,0,334
12532.0,19,3,5,0,27,0,334
12533.0,19,3,5,0,27,0,334
12534.0,19,3,5,0,27,0,334
12535.0,19,3,5,0,27,0,334
12536.0,19,3,5,0,27,0,334
12537.0,19,3,5,0,27,0,334
12538.0,19,3,5,0,27,0,334
12539.0,19,3,5,0,27,0,334
12540.0,19,3,5,0,27,0,334
12541.0,19,3,5,0,27,0,334
12542.0,19,3,5,0,27,0,334
12543.0,19,3,5,0,27,0,334
12544.0,19,3,5,0,27,0,334
12545.0,19,3,5,0,27,0,334
12546.0,19,3,5,0,27,0,334
12547.0,19,3,5,0,27,0,334
12548.0,19,3,5,0,27,0,334
12549.0,19,3,5,0,27,0,334
12550.0,19,3,5,0,27,0,334
12551.0,19,3,5,0,27,0,334
12552.0,19,3,5,0,27,0,334
12553.0,19,3,5,0,27,0,334
12554.0,19,3,5,0,27,0,334
12555.0,19,3,5,0,27,0,334
12556.0,19,3,5,0,27,0,334
12557.0,19,3,5,0,27,0,334
12558.0,19,3,5,0,27,0,334
12559.0,19,3,5,0,27,0,334
12560.0,19,3,5,0,27,0,334
12561.0,19,3,5,0,27,0,334
12562.0,19,3,5,0,27,0,334
12563.0,19,3,5,0,27,0,334
12564.0,19,3,5,0,27,0,334
12565.0,19,3,5,0,27,0,334
12566.0,19,3,5,0,27,0,334
12567.0,19,3,5,0,27,0,334
12568.0,19,3,5,0,27,0,334
12569.0,19,3,5,0,27,0,334
12570.0,19,3,5,0,27,0,334
12571.0,19,3,5,0,27,0,334
12572.0,19,3,5,0,27,0,334
12573.0,19,3,5,0,27,0,334
12574.0,19,3,5,0,27,0,334
12575.0,19,3,5,0,27,0,334
12576.0,19,3,5,0,27,0,334
12577.0,19,3,5,0,27,0,334
12578.0,19,3,5,0,27,0,334
12579.0,19,3,5,0,27,0,334
12580.0,19,3,5,0,27,0,334
12581.0,19,3,5,0,27,0,334
12582.0,19,3,5,0,27,0,334
12583.0,19,3,5,0,27,0,334
12584.0,19,3,5,0,27,0,334
12585.0,19,3,5,0,27,0,334
12586.0,19,3,5,0,27,0,334
12587.0,19,3,5,0,27,0,334
12588.0,19,3,5,0,27,0,334
12589.0,19,3,5,0,27,0,334
12590.0,19,3,5,0,27,0,334
12591.0,19,3,5,0,27,0,334
12592.0,19,3,5,0,27,0,334
12593.0,19,3,5,0,27,0,334
12594.0,19,3,5,0,27,0,334
12595.0,19,3,5,0,27,0,334
12596.0,19,3,5,0,27,0,334
12597.0,19,3,5,0,27,0,334
12598.0,19,3,5,0,27,0,334
12599.0,19,3,5,0,27,0,334
12600.0,19,3,5,0,27,0,334
12601.0,19,3,5,0,27,0,334
12602.0,19,3,5,0,27,0,334
12603.0,19,3,5,0,27,0,334
12604.0,19,3,5,0,27,0,334
12605.0,19,3,5,0,27,0,334
12606.0,19,3,5,0,27,0,334
12607.0,19,3,5,0,27,0,334
12608.0,19,3,5,0,27,0,334
12609.0,19,3,5,0,27,0,334
12610.0,19,3,5,0,27,0,334
12611.0,19,3,5,0,27,0,334
12612.0,19,3,5,0,27,0,334
12613.0,19,3,5,0,27,0,334
12614.0,19,3,5,0,27,0,334
12615.0,19,3,5,0,27,0,334
12616.0,19,3,5,0,27,0,334
12617.0,19,3,5,0,27,0,334
12618.0,19,3,5,0,27,0,334
12619.0,19,3,5,0,27,0,334
12620.0,19,3,5,0,27,0,334
12621.0,19,3,5,0,27,0,334
12622.0,19,3,5,0,27,0,334
12623.0,19,3,5,0,27,0,334
12624.0,19,3,5,0,27,0,334
12625.0,19,3,5,0,27,0,334
12626.0,19,3,5,0,27,0,334
12627.0,19,3,5,0,27,0,334
12628.0,19,3,5,0,27,0,334
12629.0,19,3,5,0,27,0,334
12630.0,19,3,5,0,27,0,334
12631.0,19,3,5,0,27,0,334
12632.0,19,3,5,0,27,0,334
12633.0,19,3,5,0,27,0,334
12634.0,19,3,5,0,27,0,334
12635.0,19,3,5,0,27,0,334
12636.0,19,3,5,0,27,0,334
12637.0,19,3,5,0,27,0,334
12638.0,19,3,5,0,27,0,334
12639.0,19,3,5,0,27,0,334
12640.0,19,3,5,0,27,0,334
12641.0,19,3,5,0,27,0,334
12642.0,19,3,5,0,27,0,334
12643.0,19,3,5,0,27,0,334
12644.0,19,3,5,0,27,0,334
12645.0,19,3,5,0,27,0,334
12646.0,19,3,5,0,27,0,334
12647.0,19,3,5,0,27,0,334
12648.0,19,3,5,0,27,0,334
12649.0,19,3,5,0,27,0,334
12650.0,19,3,5,0,27,0,334
12651.0,19,3,5,0,27,0,334
12652.0,19,3,5,0,27,0,334
12653.0,19,3,5,0,27,0,334
12654.0,19,3,5,0,27,0,334
12655.0,19,3,5,0,27,0,334
12656.0,19,3,5,0,27,0,334
12657.0,19,3,5,0,27,0,334
12658.0,19,3,5,0,27,0,334
12659.0,19,3,5,0,27,0,334
12660.0,19,3,5,0,27,0,334
12661.0,19,3,5,0,27,0,334
12662.0,19,3,5,0,27,0,334
12663.0,19,3,5,0,27,0,334
12664.0,19,3,5,0,27,0,334
12665.0,19,3,5,0,27,0,334
12666.0,19,3,5,0,27,0,334
12667.0,19,3,5,0,27,0,334
12668.0,19,3,5,0,27,0,334
12669.0,19,3,5,0,27,0,334
12670.0,19,3,5,0,27,0,334
12671.0,19,3,5,0,27,0,334
12672.0,19,3,5,0,27,0,334
12673.0,19,3,5,0,27,0,334
12674.0,19,3,5,0,27,0,334
12675.0,19,3,5,0,27,0,334
12676.0,19,3,5,0,27,0,334
12677.0,19,3,5,0,27,0,334
12678.0,19,3,5,0,27,0,334
12679.0,19,3,5,0,27,0,334
12680.0,19,3,5,0,27,0,334
12681.0,19,3,5,0,27,0,334
12682.0,19,3,5,0,27,0,334
12683.0,19,3,5,0,27,0,334
12684.0,19,3,5,0,27,0,334
12685.0,19,3,5,0,27,0,334
12686.0,19,3,5,0,27,0,334
12687.0,19,3,5,0,27,0,334
12688.0,19,3,5,0,27,0,334
12689.0,19,3,5,0,27,0,334
12690.0,19,3,5,0,27,0,334
12691.0,19,3,5,0,27,0,334
12692.0,19,3,5,0,27,0,334
12693.0,19,3,5,0,27,0,334
12694.0,19,3,5,0,27,0,334
12695.0,19,3,5,0,27,0,334
12696.0,19,3,5,0,27,0,334
12697.0,19,3,5,0,27,0,334
12698.0,19,3,5,0,27,0,334
12699.0,19,3,5,0,27,0,334
12700.0,19,3,5,0,27,0,334
12701.0,19,3,5,0,27,0,334
12702.0,19,3,5,0,27,0,334
12703.0,19,3,5,0,27,0,334
12704.0,19,3,5,0,27,0,334
12705.0,19,3,5,0,27,0,334
12706.0,19,3,5,0,27,0,334
12707.0,19,3,5,0,27,0,334
12708.0,19,3,5,0,27,0,334
12709.0,19,3,5,0,27,0,334
12710.0,19,3,5,0,27,0,334
12711.0,19,3,5,0,27,0,334
12712.0,19,3,5,0,27,0,334
12713.0,19,3,5,0,27,0,334
12714.0,19,3,5,0,27,0,334
12715.0,19,3,5,0,27,0,334
12716.0,19,3,5,0,27,0,334
12717.0,19,3,5,0,27,0,334
12718.0,19,3,5,0,27,0,334
12719.0,19,3,5,0,27,0,334
12720.0,19,3,5,0,27,0,334
12721.0,19,3,5,0,27,0,334
12722.0,19,3,5,0,27,0,334
12723.0,19,3,5,0,27,0,334
12724.0,19,3,5,0,27,0,334
12725.0,19,3,5,0,27,0,334
12726.0,19,3,5,0,27,0,334
12727.0,19,3,5,0,27,0,334
12728.0,19,3,5,0,27,0,334
12729.0,19,3,5,0,27,0,334
12730.0,19,3,5,0,27,0,334
12731.0,19,3,5,0,27,0,334
12732.0,19,3,5,0,27,0,334
12733.0,19,3,5,0,27,0,334
12734.0,19,3,5,0,27,0,334
12735.0,19,3,5,0,27,0,334
12736.0,19,3,5,0,27,0,334
12737.0,19,3,5,0,27,0,334
12738.0,19,3,5,0,27,0,334
12739.0,19,3,5,0,27,0,334
12740.0,19,3,5,0,27,0,334
12741.0,19,3,5,0,27,0,334
12742.0,19,3,5,0,27,0,334
12743.0,19,3,5,0,27,0,334
12744.0,19,3,5,0,27,0,334
12745.0,19,3,5,0,27,0,334
12746.0,19,3,5,0,27,0,334
12747.0,19,3,5,0,27,0,334
12748.0,19,3,5,0,27,0,334
12749.0,19,3,5,0,27,0,334
12750.0,19,3,5,0,27,0,334
12751.0,19,3,5,0,27,0,334
12752.0,19,3,5,0,27,0,334
12753.0,19,3,5,0,27,0,334
12754.0,19,3,5,0,27,0,334
12755.0,19,3,5,0,27,0,334
12756.0,19,3,5,0,27,0,334
12757.0,19,3,5,0,27,0,334
12758.0,19,3,5,0,27,0,334
12759.0,19,3,5,0,27,0,334
12760.0,19,3,5,0,27,0,334
12761.0,19,3,5,0,27,0,334
12762.0,19,3,5,0,27,0,334
12763.0,19,3,5,0,27,0,334
12764.0,19,3,5,0,27,0,334
12765.0,19,3,5,0,27,0,334
12766.0,19,3,5,0,27,0,334
12767.0,19,3,5,0,27,0,334
12768.0,19,3,5,0,27,0,334
12769.0,19,3,5,0,27,0,334
12770.0,19,3,5,0,27,0,334
12771.0,19,3,5,0,27,0,334
12772.0,19,3,5,0,27,0,334
12773.0,19,3,5,0,27,0,334
12774.0,19,3,5,0,27,0,334
12775.0,19,3,5,0,27,0,334
12776.0,19,3,5,0,27,0,334
12777.0,19,3,5,0,27,0,334
12778.0,19,3,5,0,27,0,334
12779.0,19,3,5,0,27,0,334
12780.0,19,3,5,0,27,0,334
12781.0,19,3,5,0,27,0,334
12782.0,19,3,5,0,27,0,334
12783.0,19,3,5,0,27,0,334
12784.0,19,3,5,0,27,0,334
12785.0,19,3,5,0,27,0,334
12786.0,19,3,5,0,27,0,334
12787.0,19,3,5,0,27,0,334
12788.0,19,3,5,0,27,0,334
12789.0,19,3,5,0,27,0,334
12790.0,19,3,5,0,27,0,334
12791.0,19,3,5,0,27,0,334
12792.0,19,3,5,0,27,0,334
12793.0,19,3,5,0,27,0,334
12794.0,19,3,5,0,27,0,334
12795.0,19,3,5,0,27,0,334
12796.0,19,3,5,0,27,0,334
12797.0,19,3,5,0,27,0,334
12798.0,19,3,5,0,27,0,334
12799.0,19,3,5,0,27,0,334
12800.0,19,3,5,0,27,0,334
12801.0,19,3,5,0,27,0,334
12802.0,19,3,5,0,27,0,334
12803.0,19,3,5,0,27,0,334
12804.0,19,3,5,0,27,0,334
12805.0,19,3,5,0,27,0,334
12806.0,19,3,5,0,27,0,334
12807.0,19,3,5,0,27,0,334
12808.0,19,3,5,0,27,0,334
12809.0,19,3,5,0,27,0,334
12810.0,19,3,5,0,27,0,334
12811.0,19,3,5,0,27,0,334
12812.0,19,3,5,0,27,0,334
12813.0,19,3,5,0,27,0,334
12814.0,19,3,5,0,27,0,334
12815.0,19,3,5,0,27,0,334
12816.0,19,3,5,0,27,0,334
12817.0,19,3,5,0,27,0,334
12818.0,19,3,5,0,27,0,334
12819.0,19,3,5,0,27,0,334
12820.0,19,3,5,0,27,0,334
12821.0,19,3,5,0,27,0,334
12822.0,19,3,5,0,27,0,334
12823.0,19,3,5,0,27,0,334
12824.0,19,3,5,0,27,0,334
12825.0,19,3,5,0,27,0,334
12826.0,19,3,5,0,27,0,334
12827.0,19,3,5,0,27,0,334
12828.0,19,3,5,0,27,0,334
12829.0,19,3,5,0,27,0,334
12830.0,19,3,5,0,27,0,334
12831.0,19,3,5,0,27,0,334
12832.0,19,3,5,0,27,0,334
12833.0,19,3,5,0,27,0,334
12834.0,19,3,5,0,27,0,334
12835.0,19,3,5,0,27,0,334
12836.0,19,3,5,0,27,0,334
12837.0,19,3,5,0,27,0,334
12838.0,19,3,5,0,27,0,334
12839.0,19,3,5,0,27,0,334
12840.0,19,3,5,0,27,0,334
12841.0,19,3,5,0,27,0,334
12842.0,19,3,5,0,27,0,334
12843.0,19,3,5,0,27,0,334
12844.0,19,3,5,0,27,0,334
12845.0,19,3,5,0,27,0,334
12846.0,19,3,5,0,27,0,334
12847.0,19,3,5,0,27,0,334
12848.0,19,3,5,0,27,0,334
12849.0,19,3,5,0,27,0,334
12850.0,19,3,5,0,27,0,334
12851.0,19,3,5,0,27,0,334
12852.0,19,3,5,0,27,0,334
12853.0,19,3,5,0,27,0,334
12854.0,19,3,5,0,27,0,334
12855.0,19,3,5,0,27,0,334
12856.0,19,3,5,0,27,0,334
12857.0,19,3,5,0,27,0,334
12858.0,19,3,5,0,27,0,334
12859.0,19,3,5,0,27,0,334
12860.0,19,3,5,0,27,0,334
12861.0,19,3,5,0,27,0,334
12862.0,19,3,5,0,27,0,334
12863.0,19,3,5,0,27,0,334
12864.0,19,3,5,0,27,0,334
12865.0,19,3,5,0,27,0,334
12866.0,19,3,5,0,27,0,334
12867.0,19,3,5,0,27,0,334
12868.0,19,3,5,0,27,0,334
12869.0,19,3,5,0,27,0,334
12870.0,19,3,5,0,27,0,334
12871.0,19,3,5,0,27,0,334
12872.0,19,3,5,0,27,0,334
12873.0,19,3,5,0,27,0,334
12874.0,19,3,5,0,27,0,334
12875.0,19,3,5,0,27,0,334
12876.0,19,3,5,0,27,0,334
12877.0,19,3,5,0,27,0,334
12878.0,19,3,5,0,27,0,334
12879.0,19,3,5,0,27,0,334
12880.0,19,3,5,0,27,0,334
12881.0,19,3,5,0,27,0,334
12882.0,19,3,5,0,27,0,334
12883.0,19,3,5,0,27,0,334
12884.0,19,3,5,0,27,0,334
12885.0,19,3,5,0,27,0,334
12886.0,19,3,5,0,27,0,334
12887.0,19,3,5,0,27,0,334
12888.0,19,3,5,0,27,0,334
12889.0,19,3,5,0,27,0,334
12890.0,19,3,5,0,27,0,334
12891.0,19,3,5,0,27,0,334
12892.0,19,3,5,0,27,0,334
12893.0,19,3,5,0,27,0,334
12894.0,19,3,5,0,27,0,334
12895.0,19,3,5,0,27,0,334
12896.0,19,3,5,0,27,0,334
12897.0,19,3,5,0,27,0,334
12898.0,19,3,5,0,27,0,334
12899.0,19,3,5,0,27,0,334
12900.0,19,3,5,0,27,0,334
12901.0,19,3,5,0,27,0,334
12902.0,19,3,5,0,27,0,334
12903.0,19,3,5,0,27,0,334
12904.0,19,3,5,0,27,0,334
12905.0,19,3,5,0,27,0,334
12906.0,19,3,5,0,27,0,334
12907.0,19,3,5,0,27,0,334
12908.0,19,3,5,0,27,0,334
12909.0,19,3,5,0,27,0,334
12910.0,19,3,5,0,27,0,334
12911.0,19,3,5,0,27,0,334
12912.0,19,3,5,0,27,0,334
12913.0,19,3,5,0,27,0,334
12914.0,19,3,5,0,27,0,334
12915.0,19,3,5,0,27,0,334
12916.0,19,3,5,0,27,0,334
12917.0,19,3,5,0,27,0,334
12918.0,19,3,5,0,27,0,334
12919.0,19,3,5,0,27,0,334
12920.0,19,3,5,0,27,0,334
12921.0,19,3,5,0,27,0,334
12922.0,19,3,5,0,27,0,334
12923.0,19,3,5,0,27,0,334
12924.0,19,3,5,0,27,0,334
12925.0,19,3,5,0,27,0,334
12926.0,19,3,5,0,27,0,334
12927.0,19,3,5,0,27,0,334
12928.0,19,3,5,0,27,0,334
12929.0,19,3,5,0,27,0,334
12930.0,19,3,5,0,27,0,334
12931.0,19,3,5,0,27,0,334
12932.0,19,3,5,0,27,0,334
12933.0,19,3,5,0,27,0,334
12934.0,19,3,5,0,27,0,334
12935.0,19,3,5,0,27,0,334
12936.0,19,3,5,0,27,0,334
12937.0,19,3,5,0,27,0,334
12938.0,19,3,5,0,27,0,334
12939.0,19,3,5,0,27,0,334
12940.0,19,3,5,0,27,0,334
12941.0,19,3,5,0,27,0,334
12942.0,19,3,5,0,27,0,334
12943.0,19,3,5,0,27,0,334
12944.0,19,3,5,0,27,0,334
12945.0,19,3,5,0,27,0,334
12946.0,19,3,5,0,27,0,334
12947.0,19,3,5,0,27,0,334
12948.0,19,3,5,0,27,0,334
12949.0,19,3,5,0,27,0,334
12950.0,19,3,5,0,27,0,334
12951.0,19,3,5,0,27,0,334
12952.0,19,3,5,0,27,0,334
12953.0,19,3,5,0,27,0,334
12954.0,19,3,5,0,27,0,334
12955.0,19,3,5,0,27,0,334
12956.0,19,3,5,0,27,0,334
12957.0,19,3,5,0,27,0,334
12958.0,19,3,5,0,27,0,334
12959.0,19,3,5,0,27,0,334
12960.0,19,3,5,0,27,0,334
12961.0,19,3,5,0,27,0,334
12962.0,19,3,5,0,27,0,334
12963.0,19,3,5,0,27,0,334
12964.0,19,3,5,0,27,0,334
12965.0,19,3,5,0,27,0,334
12966.0,19,3,5,0,27,0,334
12967.0,19,3,5,0,27,0,334
12968.0,19,3,5,0,27,0,334
12969.0,19,3,5,0,27,0,334
12970.0,19,3,5,0,27,0,334
12971.0,19,3,5,0,27,0,334
12972.0,19,3,5,0,27,0,334
12973.0,19,3,5,0,27,0,334
12974.0,19,3,5,0,27,0,334
12975.0,19,3,5,0,27,0,334
12976.0,19,3,5,0,27,0,334
12977.0,19,3,5,0,27,0,334
12978.0,19,3,5,0,27,0,334
12979.0,19,3,5,0,27,0,334
12980.0,19,3,5,0,27,0,334
12981.0,19,3,5,0,27,0,334
12982.0,19,3,5,0,27,0,334
12983.0,19,3,5,0,27,0,334
12984.0,19,3,5,0,27,0,334
12985.0,19,3,5,0,27,0,334
12986.0,19,3,5,0,27,0,334
12987.0,19,3,5,0,27,0,334
12988.0,19,3,5,0,27,0,334
12989.0,19,3,5,0,27,0,334
12990.0,19,3,5,0,27,0,334
12991.0,19,3,5,0,27,0,334
12992.0,19,3,5,0,27,0,334
12993.0,19,3,5,0,27,0,334
12994.0,19,3,5,0,27,0,334
12995.0,19,3,5,0,27,0,334
12996.0,19,3,5,0,27,0,334
12997.0,19,3,5,0,27,0,334
12998.0,19,3,5,0,27,0,334
12999.0,19,3,5,0,27,0,334
13000.0,19,3,5,0,27,0,334
13001.0,19,3,5,0,27,0,334
13002.0,19,3,5,0,27,0,334
13003.0,19,3,5,0,27,0,334
13004.0,19,3,5,0,27,0,334
13005.0,19,3,5,0,27,0,334
13006.0,19,3,5,0,27,0,334
13007.0,19,3,5,0,27,0,334
13008.0,19,3,5,0,27,0,334
13009.0,19,3,5,0,27,0,334
13010.0,19,3,5,0,27,0,334
13011.0,19,3,5,0,27,0,334
13012.0,19,3,5,0,27,0,334
13013.0,19,3,5,0,27,0,334
13014.0,19,3,5,0,27,0,334
13015.0,19,3,5,0,27,0,334
13016.0,19,3,5,0,27,0,334
13017.0,19,3,5,0,27,0,334
13018.0,19,3,5,0,27,0,334
13019.0,19,3,5,0,27,0,334
13020.0,19,3,5,0,27,0,334
13021.0,19,3,5,0,27,0,334
13022.0,19,3,5,0,27,0,334
13023.0,19,3,5,0,27,0,334
13024.0,19,3,5,0,27,0,334
13025.0,19,3,5,0,27,0,334
13026.0,19,3,5,0,27,0,334
13027.0,19,3,5,0,27,0,334
13028.0,19,3,5,0,27,0,334
13029.0,19,3,5,0,27,0,334
13030.0,19,3,5,0,27,0,334
13031.0,19,3,5,0,27,0,334
13032.0,19,3,5,0,27,0,334
13033.0,19,3,5,0,27,0,334
13034.0,19,3,5,0,27,0,334
13035.0,19,3,5,0,27,0,334
13036.0,19,3,5,0,27,0,334
13037.0,19,3,5,0,27,0,334
13038.0,19,3,5,0,27,0,334
13039.0,19,3,5,0,27,0,334
13040.0,19,3,5,0,27,0,334
13041.0,19,3,5,0,27,0,334
13042.0,19,3,5,0,27,0,334
13043.0,19,3,5,0,27,0,334
13044.0,19,3,5,0,27,0,334
13045.0,19,3,5,0,27,0,334
13046.0,19,3,5,0,27,0,334
13047.0,19,3,5,0,27,0,334
13048.0,19,3,5,0,27,0,334
13049.0,19,3,5,0,27,0,334
13050.0,19,3,5,0,27,0,334
13051.0,19,3,5,0,27,0,334
13052.0,19,3,5,0,27,0,334
13053.0,19,3,5,0,27,0,334
13054.0,19,3,5,0,27,0,334
13055.0,19,3,5,0,27,0,334
13056.0,19,3,5,0,27,0,334
13057.0,19,3,5,0,27,0,334
13058.0,19,3,5,0,27,0,334
13059.0,19,3,5,0,27,0,334
13060.0,19,3,5,0,27,0,334
13061.0,19,3,5,0,27,0,334
13062.0,19,3,5,0,27,0,334
13063.0,19,3,5,0,27,0,334
13064.0,19,3,5,0,27,0,334
13065.0,19,3,5,0,27,0,334
13066.0,19,3,5,0,27,0,334
13067.0,19,3,5,0,27,0,334
13068.0,19,3,5,0,27,0,334
13069.0,19,3,5,0,27,0,334
13070.0,19,3,5,0,27,0,334
13071.0,19,3,5,0,27,0,334
13072.0,19,3,5,0,27,0,334
13073.0,19,3,5,0,27,0,334
13074.0,19,3,5,0,27,0,334
13075.0,19,3,5,0,27,0,334
13076.0,19,3,5,0,27,0,334
13077.0,19,3,5,0,27,0,334
13078.0,19,3,5,0,27,0,334
13079.0,19,3,5,0,27,0,334
13080.0,19,3,5,0,27,0,334
13081.0,19,3,5,0,27,0,334
13082.0,19,3,5,0,27,0,334
13083.0,19,3,5,0,27,0,334
13084.0,19,3,5,0,27,0,334
13085.0,19,3,5,0,27,0,334
13086.0,19,3,5,0,27,0,334
13087.0,19,3,5,0,27,0,334
13088.0,19,3,5,0,27,0,334
13089.0,19,3,5,0,27,0,334
13090.0,19,3,5,0,27,0,334
13091.0,19,3,5,0,27,0,334
13092.0,19,3,5,0,27,0,334
13093.0,19,3,5,0,27,0,334
13094.0,19,3,5,0,27,0,334
13095.0,19,3,5,0,27,0,334
13096.0,19,3,5,0,27,0,334
13097.0,19,3,5,0,27,0,334
13098.0,19,3,5,0,27,0,334
13099.0,19,3,5,0,27,0,334
13100.0,19,3,5,0,27,0,334
13101.0,19,3,5,0,27,0,334
13102.0,19,3,5,0,27,0,334
13103.0,19,3,5,0,27,0,334
13104.0,19,3,5,0,27,0,334
13105.0,19,3,5,0,27,0,334
13106.0,19,3,5,0,27,0,334
13107.0,19,3,5,0,27,0,334
13108.0,19,3,5,0,27,0,334
13109.0,19,3,5,0,27,0,334
13110.0,19,3,5,0,27,0,334
13111.0,19,3,5,0,27,0,334
13112.0,19,3,5,0,27,0,334
13113.0,19,3,5,0,27,0,334
13114.0,19,3,5,0,27,0,334
13115.0,19,3,5,0,27,0,334
13116.0,19,3,5,0,27,0,334
13117.0,19,3,5,0,27,0,334
13118.0,19,3,5,0,27,0,334
13119.0,19,3,5,0,27,0,334
13120.0,19,3,5,0,27,0,334
13121.0,19,3,5,0,27,0,334
13122.0,19,3,5,0,27,0,334
13123.0,19,3,5,0,27,0,334
13124.0,19,3,5,0,27,0,334
13125.0,19,3,5,0,27,0,334
13126.0,19,3,5,0,27,0,334
13127.0,19,3,5,0,27,0,334
13128.0,19,3,5,0,27,0,334
13129.0,19,3,5,0,27,0,334
13130.0,19,3,5,0,27,0,334
13131.0,19,3,5,0,27,0,334
13132.0,19,3,5,0,27,0,334
13133.0,19,3,5,0,27,0,334
13134.0,19,3,5,0,27,0,334
13135.0,19,3,5,0,27,0,334
13136.0,19,3,5,0,27,0,334
13137.0,19,3,5,0,27,0,334
13138.0,19,3,5,0,27,0,334
13139.0,19,3,5,0,27,0,334
13140.0,19,3,5,0,27,0,334
13141.0,19,3,5,0,27,0,334
13142.0,19,3,5,0,27,0,334
13143.0,19,3,5,0,27,0,334
13144.0,19,3,5,0,27,0,334
13145.0,19,3,5,0,27,0,334
13146.0,19,3,5,0,27,0,334
13147.0,19,3,5,0,27,0,334
13148.0,19,3,5,0,27,0,334
13149.0,19,3,5,0,27,0,334
13150.0,19,3,5,0,27,0,334
13151.0,19,3,5,0,27,0,334
13152.0,19,3,5,0,27,0,334
13153.0,19,3,5,0,27,0,334
13154.0,19,3,5,0,27,0,334
13155.0,19,3,5,0,27,0,334
13156.0,19,3,5,0,27,0,334
13157.0,19,3,5,0,27,0,334
13158.0,19,3,5,0,27,0,334
13159.0,19,3,5,0,27,0,334
13160.0,19,3,5,0,27,0,334
13161.0,19,3,5,0,27,0,334
13162.0,19,3,5,0,27,0,334
13163.0,19,3,5,0,27,0,334
13164.0,19,3,5,0,27,0,334
13165.0,19,3,5,0,27,0,334
13166.0,19,3,5,0,27,0,334
13167.0,19,3,5,0,27,0,334
13168.0,19,3,5,0,27,0,334
13169.0,19,3,5,0,27,0,334
13170.0,19,3,5,0,27,0,334
13171.0,19,3,5,0,27,0,334
13172.0,19,3,5,0,27,0,334
13173.0,19,3,5,0,27,0,334
13174.0,19,3,5,0,27,0,334
13175.0,19,3,5,0,27,0,334
13176.0,19,3,5,0,27,0,334
13177.0,19,3,5,0,27,0,334
13178.0,19,3,5,0,27,0,334
13179.0,19,3,5,0,27,0,334
13180.0,19,3,5,0,27,0,334
13181.0,19,3,5,0,27,0,334
13182.0,19,3,5,0,27,0,334
13183.0,19,3,5,0,27,0,334
13184.0,19,3,5,0,27,0,334
13185.0,19,3,5,0,27,0,334
13186.0,19,3,5,0,27,0,334
13187.0,19,3,5,0,27,0,334
13188.0,19,3,5,0,27,0,334
13189.0,19,3,5,0,27,0,334
13190.0,19,3,5,0,27,0,334
13191.0,19,3,5,0,27,0,334
13192.0,19,3,5,0,27,0,334
13193.0,19,3,5,0,27,0,334
13194.0,19,3,5,0,27,0,334
13195.0,19,3,5,0,27,0,334
13196.0,19,3,5,0,27,0,334
13197.0,19,3,5,0,27,0,334
13198.0,19,3,5,0,27,0,334
13199.0,19,3,5,0,27,0,334
13200.0,19,3,5,0,27,0,334
13201.0,19,3,5,0,27,0,334
13202.0,19,3,5,0,27,0,334
13203.0,19,3,5,0,27,0,334
13204.0,19,3,5,0,27,0,334
13205.0,19,3,5,0,27,0,334
13206.0,19,3,5,0,27,0,334
13207.0,19,3,5,0,27,0,334
13208.0,19,3,5,0,27,0,334
13209.0,19,3,5,0,27,0,334
13210.0,19,3,5,0,27,0,334
13211.0,19,3,5,0,27,0,334
13212.0,19,3,5,0,27,0,334
13213.0,19,3,5,0,27,0,334
13214.0,19,3,5,0,27,0,334
13215.0,19,3,5,0,27,0,334
13216.0,19,3,5,0,27,0,334
13217.0,19,3,5,0,27,0,334
13218.0,19,3,5,0,27,0,334
13219.0,19,3,5,0,27,0,334
13220.0,19,3,5,0,27,0,334
13221.0,19,3,5,0,27,0,334
13222.0,19,3,5,0,27,0,334
13223.0,19,3,5,0,27,0,334
13224.0,19,3,5,0,27,0,334
13225.0,19,3,5,0,27,0,334
13226.0,19,3,5,0,27,0,334
13227.0,19,3,5,0,27,0,334
13228.0,19,3,5,0,27,0,334
13229.0,19,3,5,0,27,0,334
13230.0,19,3,5,0,27,0,334
13231.0,19,3,5,0,27,0,334
13232.0,19,3,5,0,27,0,334
13233.0,19,3,5,0,27,0,334
13234.0,19,3,5,0,27,0,334
13235.0,19,3,5,0,27,0,334
13236.0,19,3,5,0,27,0,334
13237.0,19,3,5,0,27,0,334
13238.0,19,3,5,0,27,0,334
13239.0,19,3,5,0,27,0,334
13240.0,19,3,5,0,27,0,334
13241.0,19,3,5,0,27,0,334
13242.0,19,3,5,0,27,0,334
13243.0,19,3,5,0,27,0,334
13244.0,19,3,5,0,27,0,334
13245.0,19,3,5,0,27,0,334
13246.0,19,3,5,0,27,0,334
13247.0,19,3,5,0,27,0,334
13248.0,19,3,5,0,27,0,334
13249.0,19,3,5,0,27,0,334
13250.0,19,3,5,0,27,0,334
13251.0,19,3,5,0,27,0,334
13252.0,19,3,5,0,27,0,334
13253.0,19,3,5,0,27,0,334
13254.0,19,3,5,0,27,0,334
13255.0,19,3,5,0,27,0,334
13256.0,19,3,5,0,27,0,334
13257.0,19,3,5,0,27,0,334
13258.0,19,3,5,0,27,0,334
13259.0,19,3,5,0,27,0,334
13260.0,19,3,5,0,27,0,334
13261.0,19,3,5,0,27,0,334
13262.0,19,3,5,0,27,0,334
13263.0,19,3,5,0,27,0,334
13264.0,19,3,5,0,27,0,334
13265.0,19,3,5,0,27,0,334
13266.0,19,3,5,0,27,0,334
13267.0,19,3,5,0,27,0,334
13268.0,19,3,5,0,27,0,334
13269.0,19,3,5,0,27,0,334
13270.0,19,3,5,0,27,0,334
13271.0,19,3,5,0,27,0,334
13272.0,19,3,5,0,27,0,334
13273.0,19,3,5,0,27,0,334
13274.0,19,3,5,0,27,0,334
13275.0,19,3,5,0,27,0,334
13276.0,19,3,5,0,27,0,334
13277.0,19,3,5,0,27,0,334
13278.0,19,3,5,0,27,0,334
13279.0,19,3,5,0,27,0,334
13280.0,19,3,5,0,27,0,334
13281.0,19,3,5,0,27,0,334
13282.0,19,3,5,0,27,0,334
13283.0,19,3,5,0,27,0,334
13284.0,19,3,5,0,27,0,334
13285.0,19,3,5,0,27,0,334
13286.0,19,3,5,0,27,0,334
13287.0,19,3,5,0,27,0,334
13288.0,19,3,5,0,27,0,334
13289.0,19,3,5,0,27,0,334
13290.0,19,3,5,0,27,0,334
13291.0,19,3,5,0,27,0,334
13292.0,19,3,5,0,27,0,334
13293.0,19,3,5,0,27,0,334
13294.0,19,3,5,0,27,0,334
13295.0,19,3,5,0,27,0,334
13296.0,19,3,5,0,27,0,334
13297.0,19,3,5,0,27,0,334
13298.0,19,3,5,0,27,0,334
13299.0,19,3,5,0,27,0,334
13300.0,19,3,5,0,27,0,334
13301.0,19,3,5,0,27,0,334
13302.0,19,3,5,0,27,0,334
13303.0,19,3,5,0,27,0,334
13304.0,19,3,5,0,27,0,334
13305.0,19,3,5,0,27,0,334
13306.0,19,3,5,0,27,0,334
13307.0,19,3,5,0,27,0,334
13308.0,19,3,5,0,27,0,334
13309.0,19,3,5,0,27,0,334
13310.0,19,3,5,0,27,0,334
13311.0,19,3,5,0,27,0,334
13312.0,19,3,5,0,27,0,334
13313.0,19,3,5,0,27,0,334
13314.0,19,3,5,0,27,0,334
13315.0,19,3,5,0,27,0,334
13316.0,19,3,5,0,27,0,334
13317.0,19,3,5,0,27,0,334
13318.0,19,3,5,0,27,0,334
13319.0,19,3,5,0,27,0,334
13320.0,19,3,5,0,27,0,334
13321.0,19,3,5,0,27,0,334
13322.0,19,3,5,0,27,0,334
13323.0,19,3,5,0,27,0,334
13324.0,19,3,5,0,27,0,334
13325.0,19,3,5,0,27,0,334
13326.0,19,3,5,0,27,0,334
13327.0,19,3,5,0,27,0,334
13328.0,19,3,5,0,27,0,334
13329.0,19,3,5,0,27,0,334
13330.0,19,3,5,0,27,0,334
13331.0,19,3,5,0,27,0,334
13332.0,19,3,5,0,27,0,334
13333.0,19,3,5,0,27,0,334
13334.0,19,3,5,0,27,0,334
13335.0,19,3,5,0,27,0,334
13336.0,19,3,5,0,27,0,334
13337.0,19,3,5,0,27,0,334
13338.0,19,3,5,0,27,0,334
13339.0,19,3,5,0,27,0,334
13340.0,19,3,5,0,27,0,334
13341.0,19,3,5,0,27,0,334
13342.0,19,3,5,0,27,0,334
13343.0,19,3,5,0,27,0,334
13344.0,19,3,5,0,27,0,334
13345.0,19,3,5,0,27,0,334
13346.0,19,3,5,0,27,0,334
13347.0,19,3,5,0,27,0,334
13348.0,19,3,5,0,27,0,334
13349.0,19,3,5,0,27,0,334
13350.0,19,3,5,0,27,0,334
13351.0,19,3,5,0,27,0,334
13352.0,19,3,5,0,27,0,334
13353.0,19,3,5,0,27,0,334
13354.0,19,3,5,0,27,0,334
13355.0,19,3,5,0,27,0,334
13356.0,19,3,5,0,27,0,334
13357.0,19,3,5,0,27,0,334
13358.0,19,3,5,0,27,0,334
13359.0,19,3,5,0,27,0,334
13360.0,19,3,5,0,27,0,334
13361.0,19,3,5,0,27,0,334
13362.0,19,3,5,0,27,0,334
13363.0,19,3,5,0,27,0,334
13364.0,19,3,5,0,27,0,334
13365.0,19,3,5,0,27,0,334
13366.0,19,3,5,0,27,0,334
13367.0,19,3,5,0,27,0,334
13368.0,19,3,5,0,27,0,334
13369.0,19,3,5,0,27,0,334
13370.0,19,3,5,0,27,0,334
13371.0,19,3,5,0,27,0,334
13372.0,19,3,5,0,27,0,334
13373.0,19,3,5,0,27,0,334
13374.0,19,3,5,0,27,0,334
13375.0,19,3,5,0,27,0,334
13376.0,19,3,5,0,27,0,334
13377.0,19,3,5,0,27,0,334
13378.0,19,3,5,0,27,0,334
13379.0,19,3,5,0,27,0,334
13380.0,19,3,5,0,27,0,334
13381.0,19,3,5,0,27,0,334
13382.0,19,3,5,0,27,0,334
13383.0,19,3,5,0,27,0,334
13384.0,19,3,5,0,27,0,334
13385.0,19,3,5,0,27,0,334
13386.0,19,3,5,0,27,0,334
13387.0,19,3,5,0,27,0,334
13388.0,19,3,5,0,27,0,334
13389.0,19,3,5,0,27,0,334
13390.0,19,3,5,0,27,0,334
13391.0,19,3,5,0,27,0,334
13392.0,19,3,5,0,27,0,334
13393.0,19,3,5,0,27,0,334
13394.0,19,3,5,0,27,0,334
13395.0,19,3,5,0,27,0,334
13396.0,19,3,5,0,27,0,334
13397.0,19,3,5,0,27,0,334
13398.0,19,3,5,0,27,0,334
13399.0,19,3,5,0,27,0,334
13400.0,19,3,5,0,27,0,334
13401.0,19,3,5,0,27,0,334
13402.0,19,3,5,0,27,0,334
13403.0,19,3,5,0,27,0,334
13404.0,19,3,5,0,27,0,334
13405.0,19,3,5,0,27,0,334
13406.0,19,3,5,0,27,0,334
13407.0,19,3,5,0,27,0,334
13408.0,19,3,5,0,27,0,334
13409.0,19,3,5,0,27,0,334
13410.0,19,3,5,0,27,0,334
13411.0,19,3,5,0,27,0,334
13412.0,19,3,5,0,27,0,334
13413.0,19,3,5,0,27,0,334
13414.0,19,3,5,0,27,0,334
13415.0,19,3,5,0,27,0,334
13416.0,19,3,5,0,27,0,334
13417.0,19,3,5,0,27,0,334
13418.0,19,3,5,0,27,0,334
13419.0,19,3,5,0,27,0,334
13420.0,19,3,5,0,27,0,334
13421.0,19,3,5,0,27,0,334
13422.0,19,3,5,0,27,0,334
13423.0,19,3,5,0,27,0,334
13424.0,19,3,5,0,27,0,334
13425.0,19,3,5,0,27,0,334
13426.0,19,3,5,0,27,0,334
13427.0,19,3,5,0,27,0,334
13428.0,19,3,5,0,27,0,334
13429.0,19,3,5,0,27,0,334
13430.0,19,3,5,0,27,0,334
13431.0,19,3,5,0,27,0,334
13432.0,19,3,5,0,27,0,334
13433.0,19,3,5,0,27,0,334
13434.0,19,3,5,0,27,0,334
13435.0,19,3,5,0,27,0,334
13436.0,19,3,5,0,27,0,334
13437.0,19,3,5,0,27,0,334
13438.0,19,3,5,0,27,0,334
13439.0,19,3,5,0,27,0,334
13440.0,19,3,5,0,27,0,334
13441.0,19,3,5,0,27,0,334
13442.0,19,3,5,0,27,0,334
13443.0,19,3,5,0,27,0,334
13444.0,19,3,5,0,27,0,334
13445.0,19,3,5,0,27,0,334
13446.0,19,3,5,0,27,0,334
13447.0,19,3,5,0,27,0,334
13448.0,19,3,5,0,27,0,334
13449.0,19,3,5,0,27,0,334
13450.0,19,3,5,0,27,0,334
13451.0,19,3,5,0,27,0,334
13452.0,19,3,5,0,27,0,334
13453.0,19,3,5,0,27,0,334
13454.0,19,3,5,0,27,0,334
13455.0,19,3,5,0,27,0,334
13456.0,19,3,5,0,27,0,334
13457.0,19,3,5,0,27,0,334
13458.0,19,3,5,0,27,0,334
13459.0,19,3,5,0,27,0,334
13460.0,19,3,5,0,27,0,334
13461.0,19,3,5,0,27,0,334
13462.0,19,3,5,0,27,0,334
13463.0,19,3,5,0,27,0,334
13464.0,19,3,5,0,27,0,334
13465.0,19,3,5,0,27,0,334
13466.0,19,3,5,0,27,0,334
13467.0,19,3,5,0,27,0,334
13468.0,19,3,5,0,27,0,334
13469.0,19,3,5,0,27,0,334
13470.0,19,3,5,0,27,0,334
13471.0,19,3,5,0,27,0,334
13472.0,19,3,5,0,27,0,334
13473.0,19,3,5,0,27,0,334
13474.0,19,3,5,0,27,0,334
13475.0,19,3,5,0,27,0,334
13476.0,19,3,5,0,27,0,334
13477.0,19,3,5,0,27,0,334
13478.0,19,3,5,0,27,0,334
13479.0,19,3,5,0,27,0,334
13480.0,19,3,5,0,27,0,334
13481.0,19,3,5,0,27,0,334
13482.0,19,3,5,0,27,0,334
13483.0,19,3,5,0,27,0,334
13484.0,19,3,5,0,27,0,334
13485.0,19,3,5,0,27,0,334
13486.0,19,3,5,0,27,0,334
13487.0,19,3,5,0,27,0,334
13488.0,19,3,5,0,27,0,334
13489.0,19,3,5,0,27,0,334
13490.0,19,3,5,0,27,0,334
13491.0,19,3,5,0,27,0,334
13492.0,19,3,5,0,27,0,334
13493.0,19,3,5,0,27,0,334
13494.0,19,3,5,0,27,0,334
13495.0,19,3,5,0,27,0,334
13496.0,19,3,5,0,27,0,334
13497.0,19,3,5,0,27,0,334
13498.0,19,3,5,0,27,0,334
13499.0,19,3,5,0,27,0,334
13500.0,19,3,5,0,27,0,334
13501.0,19,3,5,0,27,0,334
13502.0,19,3,5,0,27,0,334
13503.0,19,3,5,0,27,0,334
13504.0,19,3,5,0,27,0,334
13505.0,19,3,5,0,27,0,334
13506.0,19,3,5,0,27,0,334
13507.0,19,3,5,0,27,0,334
13508.0,19,3,5,0,27,0,334
13509.0,19,3,5,0,27,0,334
13510.0,19,3,5,0,27,0,334
13511.0,19,3,5,0,27,0,334
13512.0,19,3,5,0,27,0,334
13513.0,19,3,5,0,27,0,334
13514.0,19,3,5,0,27,0,334
13515.0,19,3,5,0,27,0,334
13516.0,19,3,5,0,27,0,334
13517.0,19,3,5,0,27,0,334
13518.0,19,3,5,0,27,0,334
13519.0,19,3,5,0,27,0,334
13520.0,19,3,5,0,27,0,334
13521.0,19,3,5,0,27,0,334
13522.0,19,3,5,0,27,0,334
13523.0,19,3,5,0,27,0,334
13524.0,19,3,5,0,27,0,334
13525.0,19,3,5,0,27,0,334
13526.0,19,3,5,0,27,0,334
13527.0,19,3,5,0,27,0,334
13528.0,19,3,5,0,27,0,334
13529.0,19,3,5,0,27,0,334
13530.0,19,3,5,0,27,0,334
13531.0,19,3,5,0,27,0,334
13532.0,19,3,5,0,27,0,334
13533.0,19,3,5,0,27,0,334
13534.0,19,3,5,0,27,0,334
13535.0,19,3,5,0,27,0,334
13536.0,19,3,5,0,27,0,334
13537.0,19,3,5,0,27,0,334
13538.0,19,3,5,0,27,0,334
13539.0,19,3,5,0,27,0,334
13540.0,19,3,5,0,27,0,334
13541.0,19,3,5,0,27,0,334
13542.0,19,3,5,0,27,0,334
13543.0,19,3,5,0,27,0,334
13544.0,19,3,5,0,27,0,334
13545.0,19,3,5,0,27,0,334
13546.0,19,3,5,0,27,0,334
13547.0,19,3,5,0,27,0,334
13548.0,19,3,5,0,27,0,334
13549.0,19,3,5,0,27,0,334
13550.0,19,3,5,0,27,0,334
13551.0,19,3,5,0,27,0,334
13552.0,19,3,5,0,27,0,334
13553.0,19,3,5,0,27,0,334
13554.0,19,3,5,0,27,0,334
13555.0,19,3,5,0,27,0,334
13556.0,19,3,5,0,27,0,334
13557.0,19,3,5,0,27,0,334
13558.0,19,3,5,0,27,0,334
13559.0,19,3,5,0,27,0,334
13560.0,19,3,5,0,27,0,334
13561.0,19,3,5,0,27,0,334
13562.0,19,3,5,0,27,0,334
13563.0,19,3,5,0,27,0,334
13564.0,19,3,5,0,27,0,334
13565.0,19,3,5,0,27,0,334
13566.0,19,3,5,0,27,0,334
13567.0,19,3,5,0,27,0,334
13568.0,19,3,5,0,27,0,334
13569.0,19,3,5,0,27,0,334
13570.0,19,3,5,0,27,0,334
13571.0,19,3,5,0,27,0,334
13572.0,19,3,5,0,27,0,334
13573.0,19,3,5,0,27,0,334
13574.0,19,3,5,0,27,0,334
13575.0,19,3,5,0,27,0,334
13576.0,19,3,5,0,27,0,334
13577.0,19,3,5,0,27,0,334
13578.0,19,3,5,0,27,0,334
13579.0,19,3,5,0,27,0,334
13580.0,19,3,5,0,27,0,334
13581.0,19,3,5,0,27,0,334
13582.0,19,3,5,0,27,0,334
13583.0,19,3,5,0,27,0,334
13584.0,19,3,5,0,27,0,334
13585.0,19,3,5,0,27,0,334
13586.0,19,3,5,0,27,0,334
13587.0,19,3,5,0,27,0,334
13588.0,19,3,5,0,27,0,334
13589.0,19,3,5,0,27,0,334
13590.0,19,3,5,0,27,0,334
13591.0,19,3,5,0,27,0,334
13592.0,19,3,5,0,27,0,334
13593.0,19,3,5,0,27,0,334
13594.0,19,3,5,0,27,0,334
13595.0,19,3,5,0,27,0,334
13596.0,19,3,5,0,27,0,334
13597.0,19,3,5,0,27,0,334
13598.0,19,3,5,0,27,0,334
13599.0,19,3,5,0,27,0,334
13600.0,19,3,5,0,27,0,334
13601.0,19,3,5,0,27,0,334
13602.0,19,3,5,0,27,0,334
13603.0,19,3,5,0,27,0,334
13604.0,19,3,5,0,27,0,334
13605.0,19,3,5,0,27,0,334
13606.0,19,3,5,0,27,0,334
13607.0,19,3,5,0,27,0,334
13608.0,19,3,5,0,27,0,334
13609.0,19,3,5,0,27,0,334
13610.0,19,3,5,0,27,0,334
13611.0,19,3,5,0,27,0,334
13612.0,19,3,5,0,27,0,334
13613.0,19,3,5,0,27,0,334
13614.0,19,3,5,0,27,0,334
13615.0,19,3,5,0,27,0,334
13616.0,19,3,5,0,27,0,334
13617.0,19,3,5,0,27,0,334
13618.0,19,3,5,0,27,0,334
13619.0,19,3,5,0,27,0,334
13620.0,19,3,5,0,27,0,334
13621.0,19,3,5,0,27,0,334
13622.0,19,3,5,0,27,0,334
13623.0,19,3,5,0,27,0,334
13624.0,19,3,5,0,27,0,334
13625.0,19,3,5,0,27,0,334
13626.0,19,3,5,0,27,0,334
13627.0,19,3,5,0,27,0,334
13628.0,19,3,5,0,27,0,334
13629.0,19,3,5,0,27,0,334
13630.0,19,3,5,0,27,0,334
13631.0,19,3,5,0,27,0,334
13632.0,19,3,5,0,27,0,334
13633.0,19,3,5,0,27,0,334
13634.0,19,3,5,0,27,0,334
13635.0,19,3,5,0,27,0,334
13636.0,19,3,5,0,27,0,334
13637.0,19,3,5,0,27,0,334
13638.0,19,3,5,0,27,0,334
13639.0,19,3,5,0,27,0,334
13640.0,19,3,5,0,27,0,334
13641.0,19,3,5,0,27,0,334
13642.0,19,3,5,0,27,0,334
13643.0,19,3,5,0,27,0,334
13644.0,19,3,5,0,27,0,334
13645.0,19,3,5,0,27,0,334
13646.0,19,3,5,0,27,0,334
13647.0,19,3,5,0,27,0,334
13648.0,19,3,5,0,27,0,334
13649.0,19,3,5,0,27,0,334
13650.0,19,3,5,0,27,0,334
13651.0,19,3,5,0,27,0,334
13652.0,19,3,5,0,27,0,334
13653.0,19,3,5,0,27,0,334
13654.0,19,3,5,0,27,0,334
13655.0,19,3,5,0,27,0,334
13656.0,19,3,5,0,27,0,334
13657.0,19,3,5,0,27,0,334
13658.0,19,3,5,0,27,0,334
13659.0,19,3,5,0,27,0,334
13660.0,19,3,5,0,27,0,334
13661.0,19,3,5,0,27,0,334
13662.0,19,3,5,0,27,0,334
13663.0,19,3,5,0,27,0,334
13664.0,19,3,5,0,27,0,334
13665.0,19,3,5,0,27,0,334
13666.0,19,3,5,0,27,0,334
13667.0,19,3,5,0,27,0,334
13668.0,19,3,5,0,27,0,334
13669.0,19,3,5,0,27,0,334
13670.0,19,3,5,0,27,0,334
13671.0,19,3,5,0,27,0,334
13672.0,19,3,5,0,27,0,334
13673.0,19,3,5,0,27,0,334
13674.0,19,3,5,0,27,0,334
13675.0,19,3,5,0,27,0,334
13676.0,19,3,5,0,27,0,334
13677.0,19,3,5,0,27,0,334
13678.0,19,3,5,0,27,0,334
13679.0,19,3,5,0,27,0,334
13680.0,19,3,5,0,27,0,334
13681.0,19,3,5,0,27,0,334
13682.0,19,3,5,0,27,0,334
13683.0,19,3,5,0,27,0,334
13684.0,19,3,5,0,27,0,334
13685.0,19,3,5,0,27,0,334
13686.0,19,3,5,0,27,0,334
13687.0,19,3,5,0,27,0,334
13688.0,19,3,5,0,27,0,334
13689.0,19,3,5,0,27,0,334
13690.0,19,3,5,0,27,0,334
13691.0,19,3,5,0,27,0,334
13692.0,19,3,5,0,27,0,334
13693.0,19,3,5,0,27,0,334
13694.0,19,3,5,0,27,0,334
13695.0,19,3,5,0,27,0,334
13696.0,19,3,5,0,27,0,334
13697.0,19,3,5,0,27,0,334
13698.0,19,3,5,0,27,0,334
13699.0,19,3,5,0,27,0,334
13700.0,19,3,5,0,27,0,334
13701.0,19,3,5,0,27,0,334
13702.0,19,3,5,0,27,0,334
13703.0,19,3,5,0,27,0,334
13704.0,19,3,5,0,27,0,334
13705.0,19,3,5,0,27,0,334
13706.0,19,3,5,0,27,0,334
13707.0,19,3,5,0,27,0,334
13708.0,19,3,5,0,27,0,334
13709.0,19,3,5,0,27,0,334
13710.0,19,3,5,0,27,0,334
13711.0,19,3,5,0,27,0,334
13712.0,19,3,5,0,27,0,334
13713.0,19,3,5,0,27,0,334
13714.0,19,3,5,0,27,0,334
13715.0,19,3,5,0,27,0,334
13716.0,19,3,5,0,27,0,334
13717.0,19,3,5,0,27,0,334
13718.0,19,3,5,0,27,0,334
13719.0,19,3,5,0,27,0,334
13720.0,19,3,5,0,27,0,334
13721.0,19,3,5,0,27,0,334
13722.0,19,3,5,0,27,0,334
13723.0,19,3,5,0,27,0,334
13724.0,19,3,5,0,27,0,334
13725.0,19,3,5,0,27,0,334
13726.0,19,3,5,0,27,0,334
13727.0,19,3,5,0,27,0,334
13728.0,19,3,5,0,27,0,334
13729.0,19,3,5,0,27,0,334
13730.0,19,3,5,0,27,0,334
13731.0,19,3,5,0,27,0,334
13732.0,19,3,5,0,27,0,334
13733.0,19,3,5,0,27,0,334
13734.0,19,3,5,0,27,0,334
13735.0,19,3,5,0,27,0,334
13736.0,19,3,5,0,27,0,334
13737.0,19,3,5,0,27,0,334
13738.0,19,3,5,0,27,0,334
13739.0,19,3,5,0,27,0,334
13740.0,19,3,5,0,27,0,334
13741.0,19,3,5,0,27,0,334
13742.0,19,3,5,0,27,0,334
13743.0,19,3,5,0,27,0,334
13744.0,19,3,5,0,27,0,334
13745.0,19,3,5,0,27,0,334
13746.0,19,3,5,0,27,0,334
13747.0,19,3,5,0,27,0,334
13748.0,19,3,5,0,27,0,334
13749.0,19,3,5,0,27,0,334
13750.0,19,3,5,0,27,0,334
13751.0,19,3,5,0,27,0,334
13752.0,19,3,5,0,27,0,334
13753.0,19,3,5,0,27,0,334
13754.0,19,3,5,0,27,0,334
13755.0,19,3,5,0,27,0,334
13756.0,19,3,5,0,27,0,334
13757.0,19,3,5,0,27,0,334
13758.0,19,3,5,0,27,0,334
13759.0,19,3,5,0,27,0,334
13760.0,19,3,5,0,27,0,334
13761.0,19,3,5,0,27,0,334
13762.0,19,3,5,0,27,0,334
13763.0,19,3,5,0,27,0,334
13764.0,19,3,5,0,27,0,334
13765.0,19,3,5,0,27,0,334
13766.0,19,3,5,0,27,0,334
13767.0,19,3,5,0,27,0,334
13768.0,19,3,5,0,27,0,334
13769.0,19,3,5,0,27,0,334
13770.0,19,3,5,0,27,0,334
13771.0,19,3,5,0,27,0,334
13772.0,19,3,5,0,27,0,334
13773.0,19,3,5,0,27,0,334
13774.0,19,3,5,0,27,0,334
13775.0,19,3,5,0,27,0,334
13776.0,19,3,5,0,27,0,334
13777.0,19,3,5,0,27,0,334
13778.0,19,3,5,0,27,0,334
13779.0,19,3,5,0,27,0,334
13780.0,19,3,5,0,27,0,334
13781.0,19,3,5,0,27,0,334
13782.0,19,3,5,0,27,0,334
13783.0,19,3,5,0,27,0,334
13784.0,19,3,5,0,27,0,334
13785.0,19,3,5,0,27,0,334
13786.0,19,3,5,0,27,0,334
13787.0,19,3,5,0,27,0,334
13788.0,19,3,5,0,27,0,334
13789.0,19,3,5,0,27,0,334
13790.0,19,3,5,0,27,0,334
13791.0,19,3,5,0,27,0,334
13792.0,19,3,5,0,27,0,334
13793.0,19,3,5,0,27,0,334
13794.0,19,3,5,0,27,0,334
13795.0,19,3,5,0,27,0,334
13796.0,19,3,5,0,27,0,334
13797.0,19,3,5,0,27,0,334
13798.0,19,3,5,0,27,0,334
13799.0,19,3,5,0,27,0,334
13800.0,19,3,5,0,27,0,334
13801.0,19,3,5,0,27,0,334
13802.0,19,3,5,0,27,0,334
13803.0,19,3,5,0,27,0,334
13804.0,19,3,5,0,27,0,334
13805.0,19,3,5,0,27,0,334
13806.0,19,3,5,0,27,0,334
13807.0,19,3,5,0,27,0,334
13808.0,19,3,5,0,27,0,334
13809.0,19,3,5,0,27,0,334
13810.0,19,3,5,0,27,0,334
13811.0,19,3,5,0,27,0,334
13812.0,19,3,5,0,27,0,334
13813.0,19,3,5,0,27,0,334
13814.0,19,3,5,0,27,0,334
13815.0,19,3,5,0,27,0,334
13816.0,19,3,5,0,27,0,334
13817.0,19,3,5,0,27,0,334
13818.0,19,3,5,0,27,0,334
13819.0,19,3,5,0,27,0,334
13820.0,19,3,5,0,27,0,334
13821.0,19,3,5,0,27,0,334
13822.0,19,3,5,0,27,0,334
13823.0,19,3,5,0,27,0,334
13824.0,19,3,5,0,27,0,334
13825.0,19,3,5,0,27,0,334
13826.0,19,3,5,0,27,0,334
13827.0,19,3,5,0,27,0,334
13828.0,19,3,5,0,27,0,334
13829.0,19,3,5,0,27,0,334
13830.0,19,3,5,0,27,0,334
13831.0,19,3,5,0,27,0,334
13832.0,19,3,5,0,27,0,334
13833.0,19,3,5,0,27,0,334
13834.0,19,3,5,0,27,0,334
13835.0,19,3,5,0,27,0,334
13836.0,19,3,5,0,27,0,334
13837.0,19,3,5,0,27,0,334
13838.0,19,3,5,0,27,0,334
13839.0,19,3,5,0,27,0,334
13840.0,19,3,5,0,27,0,334
13841.0,19,3,5,0,27,0,334
13842.0,19,3,5,0,27,0,334
13843.0,19,3,5,0,27,0,334
13844.0,19,3,5,0,27,0,334
13845.0,19,3,5,0,27,0,334
13846.0,19,3,5,0,27,0,334
13847.0,19,3,5,0,27,0,334
13848.0,19,3,5,0,27,0,334
13849.0,19,3,5,0,27,0,334
13850.0,19,3,5,0,27,0,334
13851.0,19,3,5,0,27,0,334
13852.0,19,3,5,0,27,0,334
13853.0,19,3,5,0,27,0,334
13854.0,19,3,5,0,27,0,334
13855.0,19,3,5,0,27,0,334
13856.0,19,3,5,0,27,0,334
13857.0,19,3,5,0,27,0,334
13858.0,19,3,5,0,27,0,334
13859.0,19,3,5,0,27,0,334
13860.0,19,3,5,0,27,0,334
13861.0,19,3,5,0,27,0,334
13862.0,19,3,5,0,27,0,334
13863.0,19,3,5,0,27,0,334
13864.0,19,3,5,0,27,0,334
13865.0,19,3,5,0,27,0,334
13866.0,19,3,5,0,27,0,334
13867.0,19,3,5,0,27,0,334
13868.0,19,3,5,0,27,0,334
13869.0,19,3,5,0,27,0,334
13870.0,19,3,5,0,27,0,334
13871.0,19,3,5,0,27,0,334
13872.0,19,3,5,0,27,0,334
13873.0,19,3,5,0,27,0,334
13874.0,19,3,5,0,27,0,334
13875.0,19,3,5,0,27,0,334
13876.0,19,3,5,0,27,0,334
13877.0,19,3,5,0,27,0,334
13878.0,19,3,5,0,27,0,334
13879.0,19,3,5,0,27,0,334
13880.0,19,3,5,0,27,0,334
13881.0,19,3,5,0,27,0,334
13882.0,19,3,5,0,27,0,334
13883.0,19,3,5,0,27,0,334
13884.0,19,3,5,0,27,0,334
13885.0,19,3,5,0,27,0,334
13886.0,19,3,5,0,27,0,334
13887.0,19,3,5,0,27,0,334
13888.0,19,3,5,0,27,0,334
13889.0,19,3,5,0,27,0,334
13890.0,19,3,5,0,27,0,334
13891.0,19,3,5,0,27,0,334
13892.0,19,3,5,0,27,0,334
13893.0,19,3,5,0,27,0,334
13894.0,19,3,5,0,27,0,334
13895.0,19,3,5,0,27,0,334
13896.0,19,3,5,0,27,0,334
13897.0,19,3,5,0,27,0,334
13898.0,19,3,5,0,27,0,334
13899.0,19,3,5,0,27,0,334
13900.0,19,3,5,0,27,0,334
13901.0,19,3,5,0,27,0,334
13902.0,19,3,5,0,27,0,334
13903.0,19,3,5,0,27,0,334
13904.0,19,3,5,0,27,0,334
13905.0,19,3,5,0,27,0,334
13906.0,19,3,5,0,27,0,334
13907.0,19,3,5,0,27,0,334
13908.0,19,3,5,0,27,0,334
13909.0,19,3,5,0,27,0,334
13910.0,19,3,5,0,27,0,334
13911.0,19,3,5,0,27,0,334
13912.0,19,3,5,0,27,0,334
13913.0,19,3,5,0,27,0,334
13914.0,19,3,5,0,27,0,334
13915.0,19,3,5,0,27,0,334
13916.0,19,3,5,0,27,0,334
13917.0,19,3,5,0,27,0,334
13918.0,19,3,5,0,27,0,334
13919.0,19,3,5,0,27,0,334
13920.0,19,3,5,0,27,0,334
13921.0,19,3,5,0,27,0,334
13922.0,19,3,5,0,27,0,334
13923.0,19,3,5,0,27,0,334
13924.0,19,3,5,0,27,0,334
13925.0,19,3,5,0,27,0,334
13926.0,19,3,5,0,27,0,334
13927.0,19,3,5,0,27,0,334
13928.0,19,3,5,0,27,0,334
13929.0,19,3,5,0,27,0,334
13930.0,19,3,5,0,27,0,334
13931.0,19,3,5,0,27,0,334
13932.0,19,3,5,0,27,0,334
13933.0,19,3,5,0,27,0,334
13934.0,19,3,5,0,27,0,334
13935.0,19,3,5,0,27,0,334
13936.0,19,3,5,0,27,0,334
13937.0,19,3,5,0,27,0,334
13938.0,19,3,5,0,27,0,334
13939.0,19,3,5,0,27,0,334
13940.0,19,3,5,0,27,0,334
13941.0,19,3,5,0,27,0,334
13942.0,19,3,5,0,27,0,334
13943.0,19,3,5,0,27,0,334
13944.0,19,3,5,0,27,0,334
13945.0,19,3,5,0,27,0,334
13946.0,19,3,5,0,27,0,334
13947.0,19,3,5,0,27,0,334
13948.0,19,3,5,0,27,0,334
13949.0,19,3,5,0,27,0,334
13950.0,19,3,5,0,27,0,334
13951.0,19,3,5,0,27,0,334
13952.0,19,3,5,0,27,0,334
13953.0,19,3,5,0,27,0,334
13954.0,19,3,5,0,27,0,334
13955.0,19,3,5,0,27,0,334
13956.0,19,3,5,0,27,0,334
13957.0,19,3,5,0,27,0,334
13958.0,19,3,5,0,27,0,334
13959.0,19,3,5,0,27,0,334
13960.0,19,3,5,0,27,0,334
13961.0,19,3,5,0,27,0,334
13962.0,19,3,5,0,27,0,334
13963.0,19,3,5,0,27,0,334
13964.0,19,3,5,0,27,0,334
13965.0,19,3,5,0,27,0,334
13966.0,19,3,5,0,27,0,334
13967.0,19,3,5,0,27,0,334
13968.0,19,3,5,0,27,0,334
13969.0,19,3,5,0,27,0,334
13970.0,19,3,5,0,27,0,334
13971.0,19,3,5,0,27,0,334
13972.0,19,3,5,0,27,0,334
13973.0,19,3,5,0,27,0,334
13974.0,19,3,5,0,27,0,334
13975.0,19,3,5,0,27,0,334
13976.0,19,3,5,0,27,0,334
13977.0,19,3,5,0,27,0,334
13978.0,19,3,5,0,27,0,334
13979.0,19,3,5,0,27,0,334
13980.0,19,3,5,0,27,0,334
13981.0,19,3,5,0,27,0,334
13982.0,19,3,5,0,27,0,334
13983.0,19,3,5,0,27,0,334
13984.0,19,3,5,0,27,0,334
13985.0,19,3,5,0,27,0,334
13986.0,19,3,5,0,27,0,334
13987.0,19,3,5,0,27,0,334
13988.0,19,3,5,0,27,0,334
13989.0,19,3,5,0,27,0,334
13990.0,19,3,5,0,27,0,334
13991.0,19,3,5,0,27,0,334
13992.0,19,3,5,0,27,0,334
13993.0,19,3,5,0,27,0,334
13994.0,19,3,5,0,27,0,334
13995.0,19,3,5,0,27,0,334
13996.0,19,3,5,0,27,0,334
13997.0,19,3,5,0,27,0,334
13998.0,19,3,5,0,27,0,334
13999.0,19,3,5,0,27,0,334
14000.0,19,3,5,0,27,0,334
14001.0,19,3,5,0,27,0,334
14002.0,19,3,5,0,27,0,334
14003.0,19,3,5,0,27,0,334
14004.0,19,3,5,0,27,0,334
14005.0,19,3,5,0,27,0,334
14006.0,19,3,5,0,27,0,334
14007.0,19,3,5,0,27,0,334
14008.0,19,3,5,0,27,0,334
14009.0,19,3,5,0,27,0,334
14010.0,19,3,5,0,27,0,334
14011.0,19,3,5,0,27,0,334
14012.0,19,3,5,0,27,0,334
14013.0,19,3,5,0,27,0,334
14014.0,19,3,5,0,27,0,334
14015.0,19,3,5,0,27,0,334
14016.0,19,3,5,0,27,0,334
14017.0,19,3,5,0,27,0,334
14018.0,19,3,5,0,27,0,334
14019.0,19,3,5,0,27,0,334
14020.0,19,3,5,0,27,0,334
14021.0,19,3,5,0,27,0,334
14022.0,19,3,5,0,27,0,334
14023.0,19,3,5,0,27,0,334
14024.0,19,3,5,0,27,0,334
14025.0,19,3,5,0,27,0,334
14026.0,19,3,5,0,27,0,334
14027.0,19,3,5,0,27,0,334
14028.0,19,3,5,0,27,0,334
14029.0,19,3,5,0,27,0,334
14030.0,19,3,5,0,27,0,334
14031.0,19,3,5,0,27,0,334
14032.0,19,3,5,0,27,0,334
14033.0,19,3,5,0,27,0,334
14034.0,19,3,5,0,27,0,334
14035.0,19,3,5,0,27,0,334
14036.0,19,3,5,0,27,0,334
14037.0,19,3,5,0,27,0,334
14038.0,19,3,5,0,27,0,334
14039.0,19,3,5,0,27,0,334
14040.0,19,3,5,0,27,0,334
14041.0,19,3,5,0,27,0,334
14042.0,19,3,5,0,27,0,334
14043.0,19,3,5,0,27,0,334
14044.0,19,3,5,0,27,0,334
14045.0,19,3,5,0,27,0,334
14046.0,19,3,5,0,27,0,334
14047.0,19,3,5,0,27,0,334
14048.0,19,3,5,0,27,0,334
14049.0,19,3,5,0,27,0,334
14050.0,19,3,5,0,27,0,334
14051.0,19,3,5,0,27,0,334
14052.0,19,3,5,0,27,0,334
14053.0,19,3,5,0,27,0,334
14054.0,19,3,5,0,27,0,334
14055.0,19,3,5,0,27,0,334
14056.0,19,3,5,0,27,0,334
14057.0,19,3,5,0,27,0,334
14058.0,19,3,5,0,27,0,334
14059.0,19,3,5,0,27,0,334
14060.0,19,3,5,0,27,0,334
14061.0,19,3,5,0,27,0,334
14062.0,19,3,5,0,27,0,334
14063.0,19,3,5,0,27,0,334
14064.0,19,3,5,0,27,0,334
14065.0,19,3,5,0,27,0,334
14066.0,19,3,5,0,27,0,334
14067.0,19,3,5,0,27,0,334
14068.0,19,3,5,0,27,0,334
14069.0,19,3,5,0,27,0,334
14070.0,19,3,5,0,27,0,334
14071.0,19,3,5,0,27,0,334
14072.0,19,3,5,0,27,0,334
14073.0,19,3,5,0,27,0,334
14074.0,19,3,5,0,27,0,334
14075.0,19,3,5,0,27,0,334
14076.0,19,3,5,0,27,0,334
14077.0,19,3,5,0,27,0,334
14078.0,19,3,5,0,27,0,334
14079.0,19,3,5,0,27,0,334
14080.0,19,3,5,0,27,0,334
14081.0,19,3,5,0,27,0,334
14082.0,19,3,5,0,27,0,334
14083.0,19,3,5,0,27,0,334
14084.0,19,3,5,0,27,0,334
14085.0,19,3,5,0,27,0,334
14086.0,19,3,5,0,27,0,334
14087.0,19,3,5,0,27,0,334
14088.0,19,3,5,0,27,0,334
14089.0,19,3,5,0,27,0,334
14090.0,19,3,5,0,27,0,334
14091.0,19,3,5,0,27,0,334
14092.0,19,3,5,0,27,0,334
14093.0,19,3,5,0,27,0,334
14094.0,19,3,5,0,27,0,334
14095.0,19,3,5,0,27,0,334
14096.0,19,3,5,0,27,0,334
14097.0,19,3,5,0,27,0,334
14098.0,19,3,5,0,27,0,334
14099.0,19,3,5,0,27,0,334
14100.0,19,3,5,0,27,0,334
14101.0,19,3,5,0,27,0,334
14102.0,19,3,5,0,27,0,334
14103.0,19,3,5,0,27,0,334
14104.0,19,3,5,0,27,0,334
14105.0,19,3,5,0,27,0,334
14106.0,19,3,5,0,27,0,334
14107.0,19,3,5,0,27,0,334
14108.0,19,3,5,0,27,0,334
14109.0,19,3,5,0,27,0,334
14110.0,19,3,5,0,27,0,334
14111.0,19,3,5,0,27,0,334
14112.0,19,3,5,0,27,0,334
14113.0,19,3,5,0,27,0,334
14114.0,19,3,5,0,27,0,334
14115.0,19,3,5,0,27,0,334
14116.0,19,3,5,0,27,0,334
14117.0,19,3,5,0,27,0,334
14118.0,19,3,5,0,27,0,334
14119.0,19,3,5,0,27,0,334
14120.0,19,3,5,0,27,0,334
14121.0,19,3,5,0,27,0,334
14122.0,19,3,5,0,27,0,334
14123.0,19,3,5,0,27,0,334
14124.0,19,3,5,0,27,0,334
14125.0,19,3,5,0,27,0,334
14126.0,19,3,5,0,27,0,334
14127.0,19,3,5,0,27,0,334
14128.0,19,3,5,0,27,0,334
14129.0,19,3,5,0,27,0,334
14130.0,19,3,5,0,27,0,334
14131.0,19,3,5,0,27,0,334
14132.0,19,3,5,0,27,0,334
14133.0,19,3,5,0,27,0,334
14134.0,19,3,5,0,27,0,334
14135.0,19,3,5,0,27,0,334
14136.0,19,3,5,0,27,0,334
14137.0,19,3,5,0,27,0,334
14138.0,19,3,5,0,27,0,334
14139.0,19,3,5,0,27,0,334
14140.0,19,3,5,0,27,0,334
14141.0,19,3,5,0,27,0,334
14142.0,19,3,5,0,27,0,334
14143.0,19,3,5,0,27,0,334
14144.0,19,3,5,0,27,0,334
14145.0,19,3,5,0,27,0,334
14146.0,19,3,5,0,27,0,334
14147.0,19,3,5,0,27,0,334
14148.0,19,3,5,0,27,0,334
14149.0,19,3,5,0,27,0,334
14150.0,19,3,5,0,27,0,334
14151.0,19,3,5,0,27,0,334
14152.0,19,3,5,0,27,0,334
14153.0,19,3,5,0,27,0,334
14154.0,19,3,5,0,27,0,334
14155.0,19,3,5,0,27,0,334
14156.0,19,3,5,0,27,0,334
14157.0,19,3,5,0,27,0,334
14158.0,19,3,5,0,27,0,334
14159.0,19,3,5,0,27,0,334
14160.0,19,3,5,0,27,0,334
14161.0,19,3,5,0,27,0,334
14162.0,19,3,5,0,27,0,334
14163.0,19,3,5,0,27,0,334
14164.0,19,3,5,0,27,0,334
14165.0,19,3,5,0,27,0,334
14166.0,19,3,5,0,27,0,334
14167.0,19,3,5,0,27,0,334
14168.0,19,3,5,0,27,0,334
14169.0,19,3,5,0,27,0,334
14170.0,19,3,5,0,27,0,334
14171.0,19,3,5,0,27,0,334
14172.0,19,3,5,0,27,0,334
14173.0,19,3,5,0,27,0,334
14174.0,19,3,5,0,27,0,334
14175.0,19,3,5,0,27,0,334
14176.0,19,3,5,0,27,0,334
14177.0,19,3,5,0,27,0,334
14178.0,19,3,5,0,27,0,334
14179.0,19,3,5,0,27,0,334
14180.0,19,3,5,0,27,0,334
14181.0,19,3,5,0,27,0,334
14182.0,19,3,5,0,27,0,334
14183.0,19,3,5,0,27,0,334
14184.0,19,3,5,0,27,0,334
14185.0,19,3,5,0,27,0,334
14186.0,19,3,5,0,27,0,334
14187.0,19,3,5,0,27,0,334
14188.0,19,3,5,0,27,0,334
14189.0,19,3,5,0,27,0,334
14190.0,19,3,5,0,27,0,334
14191.0,19,3,5,0,27,0,334
14192.0,19,3,5,0,27,0,334
14193.0,19,3,5,0,27,0,334
14194.0,19,3,5,0,27,0,334
14195.0,19,3,5,0,27,0,334
14196.0,19,3,5,0,27,0,334
14197.0,19,3,5,0,27,0,334
14198.0,19,3,5,0,27,0,334
14199.0,19,3,5,0,27,0,334
14200.0,19,3,5,0,27,0,334
14201.0,19,3,5,0,27,0,334
14202.0,19,3,5,0,27,0,334
14203.0,19,3,5,0,27,0,334
14204.0,19,3,5,0,27,0,334
14205.0,19,3,5,0,27,0,334
14206.0,19,3,5,0,27,0,334
14207.0,19,3,5,0,27,0,334
14208.0,19,3,5,0,27,0,334
14209.0,19,3,5,0,27,0,334
14210.0,19,3,5,0,27,0,334
14211.0,19,3,5,0,27,0,334
14212.0,19,3,5,0,27,0,334
14213.0,19,3,5,0,27,0,334
14214.0,19,3,5,0,27,0,334
14215.0,19,3,5,0,27,0,334
14216.0,19,3,5,0,27,0,334
14217.0,19,3,5,0,27,0,334
14218.0,19,3,5,0,27,0,334
14219.0,19,3,5,0,27,0,334
14220.0,19,3,5,0,27,0,334
14221.0,19,3,5,0,27,0,334
14222.0,19,3,5,0,27,0,334
14223.0,19,3,5,0,27,0,334
14224.0,19,3,5,0,27,0,334
14225.0,19,3,5,0,27,0,334
14226.0,19,3,5,0,27,0,334
14227.0,19,3,5,0,27,0,334
14228.0,19,3,5,0,27,0,334
14229.0,19,3,5,0,27,0,334
14230.0,19,3,5,0,27,0,334
14231.0,19,3,5,0,27,0,334
14232.0,19,3,5,0,27,0,334
14233.0,19,3,5,0,27,0,334
14234.0,19,3,5,0,27,0,334
14235.0,19,3,5,0,27,0,334
14236.0,19,3,5,0,27,0,334
14237.0,19,3,5,0,27,0,334
14238.0,19,3,5,0,27,0,334
14239.0,19,3,5,0,27,0,334
14240.0,19,3,5,0,27,0,334
14241.0,19,3,5,0,27,0,334
14242.0,19,3,5,0,27,0,334
14243.0,19,3,5,0,27,0,334
14244.0,19,3,5,0,27,0,334
14245.0,19,3,5,0,27,0,334
14246.0,19,3,5,0,27,0,334
14247.0,19,3,5,0,27,0,334
14248.0,19,3,5,0,27,0,334
14249.0,19,3,5,0,27,0,334
14250.0,19,3,5,0,27,0,334
14251.0,19,3,5,0,27,0,334
14252.0,19,3,5,0,27,0,334
14253.0,19,3,5,0,27,0,334
14254.0,19,3,5,0,27,0,334
14255.0,19,3,5,0,27,0,334
14256.0,19,3,5,0,27,0,334
14257.0,19,3,5,0,27,0,334
14258.0,19,3,5,0,27,0,334
14259.0,19,3,5,0,27,0,334
14260.0,19,3,5,0,27,0,334
14261.0,19,3,5,0,27,0,334
14262.0,19,3,5,0,27,0,334
14263.0,19,3,5,0,27,0,334
14264.0,19,3,5,0,27,0,334
14265.0,19,3,5,0,27,0,334
14266.0,19,3,5,0,27,0,334
14267.0,19,3,5,0,27,0,334
14268.0,19,3,5,0,27,0,334
14269.0,19,3,5,0,27,0,334
14270.0,19,3,5,0,27,0,334
14271.0,19,3,5,0,27,0,334
14272.0,19,3,5,0,27,0,334
14273.0,19,3,5,0,27,0,334
14274.0,19,3,5,0,27,0,334
14275.0,19,3,5,0,27,0,334
14276.0,19,3,5,0,27,0,334
14277.0,19,3,5,0,27,0,334
14278.0,19,3,5,0,27,0,334
14279.0,19,3,5,0,27,0,334
14280.0,19,3,5,0,27,0,334
14281.0,19,3,5,0,27,0,334
14282.0,19,3,5,0,27,0,334
14283.0,19,3,5,0,27,0,334
14284.0,19,3,5,0,27,0,334
14285.0,19,3,5,0,27,0,334
14286.0,19,3,5,0,27,0,334
14287.0,19,3,5,0,27,0,334
14288.0,19,3,5,0,27,0,334
14289.0,19,3,5,0,27,0,334
14290.0,19,3,5,0,27,0,334
14291.0,19,3,5,0,27,0,334
14292.0,19,3,5,0,27,0,334
14293.0,19,3,5,0,27,0,334
14294.0,19,3,5,0,27,0,334
14295.0,19,3,5,0,27,0,334
14296.0,19,3,5,0,27,0,334
14297.0,19,3,5,0,27,0,334
14298.0,19,3,5,0,27,0,334
14299.0,19,3,5,0,27,0,334
14300.0,19,3,5,0,27,0,334
14301.0,19,3,5,0,27,0,334
14302.0,19,3,5,0,27,0,334
14303.0,19,3,5,0,27,0,334
14304.0,19,3,5,0,27,0,334
14305.0,19,3,5,0,27,0,334
14306.0,19,3,5,0,27,0,334
14307.0,19,3,5,0,27,0,334
14308.0,19,3,5,0,27,0,334
14309.0,19,3,5,0,27,0,334
14310.0,19,3,5,0,27,0,334
14311.0,19,3,5,0,27,0,334
14312.0,19,3,5,0,27,0,334
14313.0,19,3,5,0,27,0,334
14314.0,19,3,5,0,27,0,334
14315.0,19,3,5,0,27,0,334
14316.0,19,3,5,0,27,0,334
14317.0,19,3,5,0,27,0,334
14318.0,19,3,5,0,27,0,334
14319.0,19,3,5,0,27,0,334
14320.0,19,3,5,0,27,0,334
14321.0,19,3,5,0,27,0,334
14322.0,19,3,5,0,27,0,334
14323.0,19,3,5,0,27,0,334
14324.0,19,3,5,0,27,0,334
14325.0,19,3,5,0,27,0,334
14326.0,19,3,5,0,27,0,334
14327.0,19,3,5,0,27,0,334
14328.0,19,3,5,0,27,0,334
14329.0,19,3,5,0,27,0,334
14330.0,19,3,5,0,27,0,334
14331.0,19,3,5,0,27,0,334
14332.0,19,3,5,0,27,0,334
14333.0,19,3,5,0,27,0,334
14334.0,19,3,5,0,27,0,334
14335.0,19,3,5,0,27,0,334
14336.0,19,3,5,0,27,0,334
14337.0,19,3,5,0,27,0,334
14338.0,19,3,5,0,27,0,334
14339.0,19,3,5,0,27,0,334
14340.0,19,3,5,0,27,0,334
14341.0,19,3,5,0,27,0,334
14342.0,19,3,5,0,27,0,334
14343.0,19,3,5,0,27,0,334
14344.0,19,3,5,0,27,0,334
14345.0,19,3,5,0,27,0,334
14346.0,19,3,5,0,27,0,334
14347.0,19,3,5,0,27,0,334
14348.0,19,3,5,0,27,0,334
14349.0,19,3,5,0,27,0,334
14350.0,19,3,5,0,27,0,334
14351.0,19,3,5,0,27,0,334
14352.0,19,3,5,0,27,0,334
14353.0,19,3,5,0,27,0,334
14354.0,19,3,5,0,27,0,334
14355.0,19,3,5,0,27,0,334
14356.0,19,3,5,0,27,0,334
14357.0,19,3,5,0,27,0,334
14358.0,19,3,5,0,27,0,334
14359.0,19,3,5,0,27,0,334
14360.0,19,3,5,0,27,0,334
14361.0,19,3,5,0,27,0,334
14362.0,19,3,5,0,27,0,334
14363.0,19,3,5,0,27,0,334
14364.0,19,3,5,0,27,0,334
14365.0,19,3,5,0,27,0,334
14366.0,19,3,5,0,27,0,334
14367.0,19,3,5,0,27,0,334
14368.0,19,3,5,0,27,0,334
14369.0,19,3,5,0,27,0,334
14370.0,19,3,5,0,27,0,334
14371.0,19,3,5,0,27,0,334
14372.0,19,3,5,0,27,0,334
14373.0,19,3,5,0,27,0,334
14374.0,19,3,5,0,27,0,334
14375.0,19,3,5,0,27,0,334
14376.0,19,3,5,0,27,0,334
14377.0,19,3,5,0,27,0,334
14378.0,19,3,5,0,27,0,334
14379.0,19,3,5,0,27,0,334
14380.0,19,3,5,0,27,0,334
14381.0,19,3,5,0,27,0,334
14382.0,19,3,5,0,27,0,334
14383.0,19,3,5,0,27,0,334
14384.0,19,3,5,0,27,0,334
14385.0,19,3,5,0,27,0,334
14386.0,19,3,5,0,27,0,334
14387.0,19,3,5,0,27,0,334
14388.0,19,3,5,0,27,0,334
14389.0,19,3,5,0,27,0,334
14390.0,19,3,5,0,27,0,334
14391.0,19,3,5,0,27,0,334
14392.0,19,3,5,0,27,0,334
14393.0,19,3,5,0,27,0,334
14394.0,19,3,5,0,27,0,334
14395.0,19,3,5,0,27,0,334
14396.0,19,3,5,0,27,0,334
14397.0,19,3,5,0,27,0,334
14398.0,19,3,5,0,27,0,334
14399.0,19,3,5,0,27,0,334
14400.0,19,3,5,0,27,0,334
14401.0,19,3,5,0,27,0,334
14402.0,19,3,5,0,27,0,334
14403.0,19,3,5,0,27,0,334
14404.0,19,3,5,0,27,0,334
14405.0,19,3,5,0,27,0,334
14406.0,19,3,5,0,27,0,334
14407.0,19,3,5,0,27,0,334
14408.0,19,3,5,0,27,0,334
14409.0,19,3,5,0,27,0,334
14410.0,19,3,5,0,27,0,334
14411.0,19,3,5,0,27,0,334
14412.0,19,3,5,0,27,0,334
14413.0,19,3,5,0,27,0,334
14414.0,19,3,5,0,27,0,334
14415.0,19,3,5,0,27,0,334
14416.0,19,3,5,0,27,0,334
14417.0,19,3,5,0,27,0,334
14418.0,19,3,5,0,27,0,334
14419.0,19,3,5,0,27,0,334
14420.0,19,3,5,0,27,0,334
14421.0,19,3,5,0,27,0,334
14422.0,19,3,5,0,27,0,334
14423.0,19,3,5,0,27,0,334
14424.0,19,3,5,0,27,0,334
14425.0,19,3,5,0,27,0,334
14426.0,19,3,5,0,27,0,334
14427.0,19,3,5,0,27,0,334
14428.0,19,3,5,0,27,0,334
14429.0,19,3,5,0,27,0,334
14430.0,19,3,5,0,27,0,334
14431.0,19,3,5,0,27,0,334
14432.0,19,3,5,0,27,0,334
14433.0,19,3,5,0,27,0,334
14434.0,19,3,5,0,27,0,334
14435.0,19,3,5,0,27,0,334
14436.0,19,3,5,0,27,0,334
14437.0,19,3,5,0,27,0,334
14438.0,19,3,5,0,27,0,334
14439.0,19,3,5,0,27,0,334
14440.0,19,3,5,0,27,0,334
14441.0,19,3,5,0,27,0,334
14442.0,19,3,5,0,27,0,334
14443.0,19,3,5,0,27,0,334
14444.0,19,3,5,0,27,0,334
14445.0,19,3,5,0,27,0,334
14446.0,19,3,5,0,27,0,334
14447.0,19,3,5,0,27,0,334
14448.0,19,3,5,0,27,0,334
14449.0,19,3,5,0,27,0,334
14450.0,19,3,5,0,27,0,334
14451.0,19,3,5,0,27,0,334
14452.0,19,3,5,0,27,0,334
14453.0,19,3,5,0,27,0,334
14454.0,19,3,5,0,27,0,334
14455.0,19,3,5,0,27,0,334
14456.0,19,3,5,0,27,0,334
14457.0,19,3,5,0,27,0,334
14458.0,19,3,5,0,27,0,334
14459.0,19,3,5,0,27,0,334
14460.0,19,3,5,0,27,0,334
14461.0,19,3,5,0,27,0,334
14462.0,19,3,5,0,27,0,334
14463.0,19,3,5,0,27,0,334
14464.0,19,3,5,0,27,0,334
14465.0,19,3,5,0,27,0,334
14466.0,19,3,5,0,27,0,334
14467.0,19,3,5,0,27,0,334
14468.0,19,3,5,0,27,0,334
14469.0,19,3,5,0,27,0,334
14470.0,19,3,5,0,27,0,334
14471.0,19,3,5,0,27,0,334
14472.0,19,3,5,0,27,0,334
14473.0,19,3,5,0,27,0,334
14474.0,19,3,5,0,27,0,334
14475.0,19,3,5,0,27,0,334
14476.0,19,3,5,0,27,0,334
14477.0,19,3,5,0,27,0,334
14478.0,19,3,5,0,27,0,334
14479.0,19,3,5,0,27,0,334
14480.0,19,3,5,0,27,0,334
14481.0,19,3,5,0,27,0,334
14482.0,19,3,5,0,27,0,334
14483.0,19,3,5,0,27,0,334
14484.0,19,3,5,0,27,0,334
14485.0,19,3,5,0,27,0,334
14486.0,19,3,5,0,27,0,334
14487.0,19,3,5,0,27,0,334
14488.0,19,3,5,0,27,0,334
14489.0,19,3,5,0,27,0,334
14490.0,19,3,5,0,27,0,334
14491.0,19,3,5,0,27,0,334
14492.0,19,3,5,0,27,0,334
14493.0,19,3,5,0,27,0,334
14494.0,19,3,5,0,27,0,334
14495.0,19,3,5,0,27,0,334
14496.0,19,3,5,0,27,0,334
14497.0,19,3,5,0,27,0,334
14498.0,19,3,5,0,27,0,334
14499.0,19,3,5,0,27,0,334
14500.0,19,3,5,0,27,0,334
14501.0,19,3,5,0,27,0,334
14502.0,19,3,5,0,27,0,334
14503.0,19,3,5,0,27,0,334
14504.0,19,3,5,0,27,0,334
14505.0,19,3,5,0,27,0,334
14506.0,19,3,5,0,27,0,334
14507.0,19,3,5,0,27,0,334
14508.0,19,3,5,0,27,0,334
14509.0,19,3,5,0,27,0,334
14510.0,19,3,5,0,27,0,334
14511.0,19,3,5,0,27,0,334
14512.0,19,3,5,0,27,0,334
14513.0,19,3,5,0,27,0,334
14514.0,19,3,5,0,27,0,334
14515.0,19,3,5,0,27,0,334
14516.0,19,3,5,0,27,0,334
14517.0,19,3,5,0,27,0,334
14518.0,19,3,5,0,27,0,334
14519.0,19,3,5,0,27,0,334
14520.0,19,3,5,0,27,0,334
14521.0,19,3,5,0,27,0,334
14522.0,19,3,5,0,27,0,334
14523.0,19,3,5,0,27,0,334
14524.0,19,3,5,0,27,0,334
14525.0,19,3,5,0,27,0,334
14526.0,19,3,5,0,27,0,334
14527.0,19,3,5,0,27,0,334
14528.0,19,3,5,0,27,0,334
14529.0,19,3,5,0,27,0,334
14530.0,19,3,5,0,27,0,334
14531.0,19,3,5,0,27,0,334
14532.0,19,3,5,0,27,0,334
14533.0,19,3,5,0,27,0,334
14534.0,19,3,5,0,27,0,334
14535.0,19,3,5,0,27,0,334
14536.0,19,3,5,0,27,0,334
14537.0,19,3,5,0,27,0,334
14538.0,19,3,5,0,27,0,334
14539.0,19,3,5,0,27,0,334
14540.0,19,3,5,0,27,0,334
14541.0,19,3,5,0,27,0,334
14542.0,19,3,5,0,27,0,334
14543.0,19,3,5,0,27,0,334
14544.0,19,3,5,0,27,0,334
14545.0,19,3,5,0,27,0,334
14546.0,19,3,5,0,27,0,334
14547.0,19,3,5,0,27,0,334
14548.0,19,3,5,0,27,0,334
14549.0,19,3,5,0,27,0,334
14550.0,19,3,5,0,27,0,334
14551.0,19,3,5,0,27,0,334
14552.0,19,3,5,0,27,0,334
14553.0,19,3,5,0,27,0,334
14554.0,19,3,5,0,27,0,334
14555.0,19,3,5,0,27,0,334
14556.0,19,3,5,0,27,0,334
14557.0,19,3,5,0,27,0,334
14558.0,19,3,5,0,27,0,334
14559.0,19,3,5,0,27,0,334
14560.0,19,3,5,0,27,0,334
14561.0,19,3,5,0,27,0,334
14562.0,19,3,5,0,27,0,334
14563.0,19,3,5,0,27,0,334
14564.0,19,3,5,0,27,0,334
14565.0,19,3,5,0,27,0,334
14566.0,19,3,5,0,27,0,334
14567.0,19,3,5,0,27,0,334
14568.0,19,3,5,0,27,0,334
14569.0,19,3,5,0,27,0,334
14570.0,19,3,5,0,27,0,334
14571.0,19,3,5,0,27,0,334
14572.0,19,3,5,0,27,0,334
14573.0,19,3,5,0,27,0,334
14574.0,19,3,5,0,27,0,334
14575.0,19,3,5,0,27,0,334
14576.0,19,3,5,0,27,0,334
14577.0,19,3,5,0,27,0,334
14578.0,19,3,5,0,27,0,334
14579.0,19,3,5,0,27,0,334
14580.0,19,3,5,0,27,0,334
14581.0,19,3,5,0,27,0,334
14582.0,19,3,5,0,27,0,334
14583.0,19,3,5,0,27,0,334
14584.0,19,3,5,0,27,0,334
14585.0,19,3,5,0,27,0,334
14586.0,19,3,5,0,27,0,334
14587.0,19,3,5,0,27,0,334
14588.0,19,3,5,0,27,0,334
14589.0,19,3,5,0,27,0,334
14590.0,19,3,5,0,27,0,334
14591.0,19,3,5,0,27,0,334
14592.0,19,3,5,0,27,0,334
14593.0,19,3,5,0,27,0,334
14594.0,19,3,5,0,27,0,334
14595.0,19,3,5,0,27,0,334
14596.0,19,3,5,0,27,0,334
14597.0,19,3,5,0,27,0,334
14598.0,19,3,5,0,27,0,334
14599.0,19,3,5,0,27,0,334
14600.0,19,3,5,0,27,0,334
14601.0,19,3,5,0,27,0,334
14602.0,19,3,5,0,27,0,334
14603.0,19,3,5,0,27,0,334
14604.0,19,3,5,0,27,0,334
14605.0,19,3,5,0,27,0,334
14606.0,19,3,5,0,27,0,334
14607.0,19,3,5,0,27,0,334
14608.0,19,3,5,0,27,0,334
14609.0,19,3,5,0,27,0,334
14610.0,19,3,5,0,27,0,334
14611.0,19,3,5,0,27,0,334
14612.0,19,3,5,0,27,0,334
14613.0,19,3,5,0,27,0,334
14614.0,19,3,5,0,27,0,334
14615.0,19,3,5,0,27,0,334
14616.0,19,3,5,0,27,0,334
14617.0,19,3,5,0,27,0,334
14618.0,19,3,5,0,27,0,334
14619.0,19,3,5,0,27,0,334
14620.0,19,3,5,0,27,0,334
14621.0,19,3,5,0,27,0,334
14622.0,19,3,5,0,27,0,334
14623.0,19,3,5,0,27,0,334
14624.0,19,3,5,0,27,0,334
14625.0,19,3,5,0,27,0,334
14626.0,19,3,5,0,27,0,334
14627.0,19,3,5,0,27,0,334
14628.0,19,3,5,0,27,0,334
14629.0,19,3,5,0,27,0,334
14630.0,19,3,5,0,27,0,334
14631.0,19,3,5,0,27,0,334
14632.0,19,3,5,0,27,0,334
14633.0,19,3,5,0,27,0,334
14634.0,19,3,5,0,27,0,334
14635.0,19,3,5,0,27,0,334
14636.0,19,3,5,0,27,0,334
14637.0,19,3,5,0,27,0,334
14638.0,19,3,5,0,27,0,334
14639.0,19,3,5,0,27,0,334
14640.0,19,3,5,0,27,0,334
14641.0,19,3,5,0,27,0,334
14642.0,19,3,5,0,27,0,334
14643.0,19,3,5,0,27,0,334
14644.0,19,3,5,0,27,0,334
14645.0,19,3,5,0,27,0,334
14646.0,19,3,5,0,27,0,334
14647.0,19,3,5,0,27,0,334
14648.0,19,3,5,0,27,0,334
14649.0,19,3,5,0,27,0,334
14650.0,19,3,5,0,27,0,334
14651.0,19,3,5,0,27,0,334
14652.0,19,3,5,0,27,0,334
14653.0,19,3,5,0,27,0,334
14654.0,19,3,5,0,27,0,334
14655.0,19,3,5,0,27,0,334
14656.0,19,3,5,0,27,0,334
14657.0,19,3,5,0,27,0,334
14658.0,19,3,5,0,27,0,334
14659.0,19,3,5,0,27,0,334
14660.0,19,3,5,0,27,0,334
14661.0,19,3,5,0,27,0,334
14662.0,19,3,5,0,27,0,334
14663.0,19,3,5,0,27,0,334
14664.0,19,3,5,0,27,0,334
14665.0,19,3,5,0,27,0,334
14666.0,19,3,5,0,27,0,334
14667.0,19,3,5,0,27,0,334
14668.0,19,3,5,0,27,0,334
14669.0,19,3,5,0,27,0,334
14670.0,19,3,5,0,27,0,334
14671.0,19,3,5,0,27,0,334
14672.0,19,3,5,0,27,0,334
14673.0,19,3,5,0,27,0,334
14674.0,19,3,5,0,27,0,334
14675.0,19,3,5,0,27,0,334
14676.0,19,3,5,0,27,0,334
14677.0,19,3,5,0,27,0,334
14678.0,19,3,5,0,27,0,334
14679.0,19,3,5,0,27,0,334
14680.0,19,3,5,0,27,0,334
14681.0,19,3,5,0,27,0,334
14682.0,19,3,5,0,27,0,334
14683.0,19,3,5,0,27,0,334
14684.0,19,3,5,0,27,0,334
14685.0,19,3,5,0,27,0,334
14686.0,19,3,5,0,27,0,334
14687.0,19,3,5,0,27,0,334
14688.0,19,3,5,0,27,0,334
14689.0,19,3,5,0,27,0,334
14690.0,19,3,5,0,27,0,334
14691.0,19,3,5,0,27,0,334
14692.0,19,3,5,0,27,0,334
14693.0,19,3,5,0,27,0,334
14694.0,19,3,5,0,27,0,334
14695.0,19,3,5,0,27,0,334
14696.0,19,3,5,0,27,0,334
14697.0,19,3,5,0,27,0,334
14698.0,19,3,5,0,27,0,334
14699.0,19,3,5,0,27,0,334
14700.0,19,3,5,0,27,0,334
14701.0,19,3,5,0,27,0,334
14702.0,19,3,5,0,27,0,334
14703.0,19,3,5,0,27,0,334
14704.0,19,3,5,0,27,0,334
14705.0,19,3,5,0,27,0,334
14706.0,19,3,5,0,27,0,334
14707.0,19,3,5,0,27,0,334
14708.0,19,3,5,0,27,0,334
14709.0,19,3,5,0,27,0,334
14710.0,19,3,5,0,27,0,334
14711.0,19,3,5,0,27,0,334
14712.0,19,3,5,0,27,0,334
14713.0,19,3,5,0,27,0,334
14714.0,19,3,5,0,27,0,334
14715.0,19,3,5,0,27,0,334
14716.0,19,3,5,0,27,0,334
14717.0,19,3,5,0,27,0,334
14718.0,19,3,5,0,27,0,334
14719.0,19,3,5,0,27,0,334
14720.0,19,3,5,0,27,0,334
14721.0,19,3,5,0,27,0,334
14722.0,19,3,5,0,27,0,334
14723.0,19,3,5,0,27,0,334
14724.0,19,3,5,0,27,0,334
14725.0,19,3,5,0,27,0,334
14726.0,19,3,5,0,27,0,334
14727.0,19,3,5,0,27,0,334
14728.0,19,3,5,0,27,0,334
14729.0,19,3,5,0,27,0,334
14730.0,19,3,5,0,27,0,334
14731.0,19,3,5,0,27,0,334
14732.0,19,3,5,0,27,0,334
14733.0,19,3,5,0,27,0,334
14734.0,19,3,5,0,27,0,334
14735.0,19,3,5,0,27,0,334
14736.0,19,3,5,0,27,0,334
14737.0,19,3,5,0,27,0,334
14738.0,19,3,5,0,27,0,334
14739.0,19,3,5,0,27,0,334
14740.0,19,3,5,0,27,0,334
14741.0,19,3,5,0,27,0,334
14742.0,19,3,5,0,27,0,334
14743.0,19,3,5,0,27,0,334
14744.0,19,3,5,0,27,0,334
14745.0,19,3,5,0,27,0,334
14746.0,19,3,5,0,27,0,334
14747.0,19,3,5,0,27,0,334
14748.0,19,3,5,0,27,0,334
14749.0,19,3,5,0,27,0,334
14750.0,19,3,5,0,27,0,334
14751.0,19,3,5,0,27,0,334
14752.0,19,3,5,0,27,0,334
14753.0,19,3,5,0,27,0,334
14754.0,19,3,5,0,27,0,334
14755.0,19,3,5,0,27,0,334
14756.0,19,3,5,0,27,0,334
14757.0,19,3,5,0,27,0,334
14758.0,19,3,5,0,27,0,334
14759.0,19,3,5,0,27,0,334
14760.0,19,3,5,0,27,0,334
14761.0,19,3,5,0,27,0,334
14762.0,19,3,5,0,27,0,334
14763.0,19,3,5,0,27,0,334
14764.0,19,3,5,0,27,0,334
14765.0,19,3,5,0,27,0,334
14766.0,19,3,5,0,27,0,334
14767.0,19,3,5,0,27,0,334
14768.0,19,3,5,0,27,0,334
14769.0,19,3,5,0,27,0,334
14770.0,19,3,5,0,27,0,334
14771.0,19,3,5,0,27,0,334
14772.0,19,3,5,0,27,0,334
14773.0,19,3,5,0,27,0,334
14774.0,19,3,5,0,27,0,334
14775.0,19,3,5,0,27,0,334
14776.0,19,3,5,0,27,0,334
14777.0,19,3,5,0,27,0,334
14778.0,19,3,5,0,27,0,334
14779.0,19,3,5,0,27,0,334
14780.0,19,3,5,0,27,0,334
14781.0,19,3,5,0,27,0,334
14782.0,19,3,5,0,27,0,334
14783.0,19,3,5,0,27,0,334
14784.0,19,3,5,0,27,0,334
14785.0,19,3,5,0,27,0,334
14786.0,19,3,5,0,27,0,334
14787.0,19,3,5,0,27,0,334
14788.0,19,3,5,0,27,0,334
14789.0,19,3,5,0,27,0,334
14790.0,19,3,5,0,27,0,334
14791.0,19,3,5,0,27,0,334
14792.0,19,3,5,0,27,0,334
14793.0,19,3,5,0,27,0,334
14794.0,19,3,5,0,27,0,334
14795.0,19,3,5,0,27,0,334
14796.0,19,3,5,0,27,0,334
14797.0,19,3,5,0,27,0,334
14798.0,19,3,5,0,27,0,334
14799.0,19,3,5,0,27,0,334
14800.0,19,3,5,0,27,0,334
14801.0,19,3,5,0,27,0,334
14802.0,19,3,5,0,27,0,334
14803.0,19,3,5,0,27,0,334
14804.0,19,3,5,0,27,0,334
14805.0,19,3,5,0,27,0,334
14806.0,19,3,5,0,27,0,334
14807.0,19,3,5,0,27,0,334
14808.0,19,3,5,0,27,0,334
14809.0,19,3,5,0,27,0,334
14810.0,19,3,5,0,27,0,334
14811.0,19,3,5,0,27,0,334
14812.0,19,3,5,0,27,0,334
14813.0,19,3,5,0,27,0,334
14814.0,19,3,5,0,27,0,334
14815.0,19,3,5,0,27,0,334
14816.0,19,3,5,0,27,0,334
14817.0,19,3,5,0,27,0,334
14818.0,19,3,5,0,27,0,334
14819.0,19,3,5,0,27,0,334
14820.0,19,3,5,0,27,0,334
14821.0,19,3,5,0,27,0,334
14822.0,19,3,5,0,27,0,334
14823.0,19,3,5,0,27,0,334
14824.0,19,3,5,0,27,0,334
14825.0,19,3,5,0,27,0,334
14826.0,19,3,5,0,27,0,334
14827.0,19,3,5,0,27,0,334
14828.0,19,3,5,0,27,0,334
14829.0,19,3,5,0,27,0,334
14830.0,19,3,5,0,27,0,334
14831.0,19,3,5,0,27,0,334
14832.0,19,3,5,0,27,0,334
14833.0,19,3,5,0,27,0,334
14834.0,19,3,5,0,27,0,334
14835.0,19,3,5,0,27,0,334
14836.0,19,3,5,0,27,0,334
14837.0,19,3,5,0,27,0,334
14838.0,19,3,5,0,27,0,334
14839.0,19,3,5,0,27,0,334
14840.0,19,3,5,0,27,0,334
14841.0,19,3,5,0,27,0,334
14842.0,19,3,5,0,27,0,334
14843.0,19,3,5,0,27,0,334
14844.0,19,3,5,0,27,0,334
14845.0,19,3,5,0,27,0,334
14846.0,19,3,5,0,27,0,334
14847.0,19,3,5,0,27,0,334
14848.0,19,3,5,0,27,0,334
14849.0,19,3,5,0,27,0,334
14850.0,19,3,5,0,27,0,334
14851.0,19,3,5,0,27,0,334
14852.0,19,3,5,0,27,0,334
14853.0,19,3,5,0,27,0,334
14854.0,19,3,5,0,27,0,334
14855.0,19,3,5,0,27,0,334
14856.0,19,3,5,0,27,0,334
14857.0,19,3,5,0,27,0,334
14858.0,19,3,5,0,27,0,334
14859.0,19,3,5,0,27,0,334
14860.0,19,3,5,0,27,0,334
14861.0,19,3,5,0,27,0,334
14862.0,19,3,5,0,27,0,334
14863.0,19,3,5,0,27,0,334
14864.0,19,3,5,0,27,0,334
14865.0,19,3,5,0,27,0,334
14866.0,19,3,5,0,27,0,334
14867.0,19,3,5,0,27,0,334
14868.0,19,3,5,0,27,0,334
14869.0,19,3,5,0,27,0,334
14870.0,19,3,5,0,27,0,334
14871.0,19,3,5,0,27,0,334
14872.0,19,3,5,0,27,0,334
14873.0,19,3,5,0,27,0,334
14874.0,19,3,5,0,27,0,334
14875.0,19,3,5,0,27,0,334
14876.0,19,3,5,0,27,0,334
14877.0,19,3,5,0,27,0,334
14878.0,19,3,5,0,27,0,334
14879.0,19,3,5,0,27,0,334
14880.0,19,3,5,0,27,0,334
14881.0,19,3,5,0,27,0,334
14882.0,19,3,5,0,27,0,334
14883.0,19,3,5,0,27,0,334
14884.0,19,3,5,0,27,0,334
14885.0,19,3,5,0,27,0,334
14886.0,19,3,5,0,27,0,334
14887.0,19,3,5,0,27,0,334
14888.0,19,3,5,0,27,0,334
14889.0,19,3,5,0,27,0,334
14890.0,19,3,5,0,27,0,334
14891.0,19,3,5,0,27,0,334
14892.0,19,3,5,0,27,0,334
14893.0,19,3,5,0,27,0,334
14894.0,19,3,5,0,27,0,334
14895.0,19,3,5,0,27,0,334
14896.0,19,3,5,0,27,0,334
14897.0,19,3,5,0,27,0,334
14898.0,19,3,5,0,27,0,334
14899.0,19,3,5,0,27,0,334
14900.0,19,3,5,0,27,0,334
14901.0,19,3,5,0,27,0,334
14902.0,19,3,5,0,27,0,334
14903.0,19,3,5,0,27,0,334
14904.0,19,3,5,0,27,0,334
14905.0,19,3,5,0,27,0,334
14906.0,19,3,5,0,27,0,334
14907.0,19,3,5,0,27,0,334
14908.0,19,3,5,0,27,0,334
14909.0,19,3,5,0,27,0,334
14910.0,19,3,5,0,27,0,334
14911.0,19,3,5,0,27,0,334
14912.0,19,3,5,0,27,0,334
14913.0,19,3,5,0,27,0,334
14914.0,19,3,5,0,27,0,334
14915.0,19,3,5,0,27,0,334
14916.0,19,3,5,0,27,0,334
14917.0,19,3,5,0,27,0,334
14918.0,19,3,5,0,27,0,334
14919.0,19,3,5,0,27,0,334
14920.0,19,3,5,0,27,0,334
14921.0,19,3,5,0,27,0,334
14922.0,19,3,5,0,27,0,334
14923.0,19,3,5,0,27,0,334
14924.0,19,3,5,0,27,0,334
14925.0,19,3,5,0,27,0,334
14926.0,19,3,5,0,27,0,334
14927.0,19,3,5,0,27,0,334
14928.0,19,3,5,0,27,0,334
14929.0,19,3,5,0,27,0,334
14930.0,19,3,5,0,27,0,334
14931.0,19,3,5,0,27,0,334
14932.0,19,3,5,0,27,0,334
14933.0,19,3,5,0,27,0,334
14934.0,19,3,5,0,27,0,334
14935.0,19,3,5,0,27,0,334
14936.0,19,3,5,0,27,0,334
14937.0,19,3,5,0,27,0,334
14938.0,19,3,5,0,27,0,334
14939.0,19,3,5,0,27,0,334
14940.0,19,3,5,0,27,0,334
14941.0,19,3,5,0,27,0,334
14942.0,19,3,5,0,27,0,334
14943.0,19,3,5,0,27,0,334
14944.0,19,3,5,0,27,0,334
14945.0,19,3,5,0,27,0,334
14946.0,19,3,5,0,27,0,334
14947.0,19,3,5,0,27,0,334
14948.0,19,3,5,0,27,0,334
14949.0,19,3,5,0,27,0,334
14950.0,19,3,5,0,27,0,334
14951.0,19,3,5,0,27,0,334
14952.0,19,3,5,0,27,0,334
14953.0,19,3,5,0,27,0,334
14954.0,19,3,5,0,27,0,334
14955.0,19,3,5,0,27,0,334
14956.0,19,3,5,0,27,0,334
14957.0,19,3,5,0,27,0,334
14958.0,19,3,5,0,27,0,334
14959.0,19,3,5,0,27,0,334
14960.0,19,3,5,0,27,0,334
14961.0,19,3,5,0,27,0,334
14962.0,19,3,5,0,27,0,334
14963.0,19,3,5,0,27,0,334
14964.0,19,3,5,0,27,0,334
14965.0,19,3,5,0,27,0,334
14966.0,19,3,5,0,27,0,334
14967.0,19,3,5,0,27,0,334
14968.0,19,3,5,0,27,0,334
14969.0,19,3,5,0,27,0,334
14970.0,19,3,5,0,27,0,334
14971.0,19,3,5,0,27,0,334
14972.0,19,3,5,0,27,0,334
14973.0,19,3,5,0,27,0,334
14974.0,19,3,5,0,27,0,334
14975.0,19,3,5,0,27,0,334
14976.0,19,3,5,0,27,0,334
14977.0,19,3,5,0,27,0,334
14978.0,19,3,5,0,27,0,334
14979.0,19,3,5,0,27,0,334
14980.0,19,3,5,0,27,0,334
14981.0,19,3,5,0,27,0,334
14982.0,19,3,5,0,27,0,334
14983.0,19,3,5,0,27,0,334
14984.0,19,3,5,0,27,0,334
14985.0,19,3,5,0,27,0,334
14986.0,19,3,5,0,27,0,334
14987.0,19,3,5,0,27,0,334
14988.0,19,3,5,0,27,0,334
14989.0,19,3,5,0,27,0,334
14990.0,19,3,5,0,27,0,334
14991.0,19,3,5,0,27,0,334
14992.0,19,3,5,0,27,0,334
14993.0,19,3,5,0,27,0,334
14994.0,19,3,5,0,27,0,334
14995.0,19,3,5,0,27,0,334
14996.0,19,3,5,0,27,0,334
14997.0,19,3,5,0,27,0,334
14998.0,19,3,5,0,27,0,334
14999.0,19,3,5,0,27,0,334
15000.0,19,3,5,0,27,0,334
15001.0,19,3,5,0,27,0,334
15002.0,19,3,5,0,27,0,334
15003.0,19,3,5,0,27,0,334
15004.0,19,3,5,0,27,0,334
15005.0,19,3,5,0,27,0,334
15006.0,19,3,5,0,27,0,334
15007.0,19,3,5,0,27,0,334
15008.0,19,3,5,0,27,0,334
15009.0,19,3,5,0,27,0,334
15010.0,19,3,5,0,27,0,334
15011.0,19,3,5,0,27,0,334
15012.0,19,3,5,0,27,0,334
15013.0,19,3,5,0,27,0,334
15014.0,19,3,5,0,27,0,334
15015.0,19,3,5,0,27,0,334
15016.0,19,3,5,0,27,0,334
15017.0,19,3,5,0,27,0,334
15018.0,19,3,5,0,27,0,334
15019.0,19,3,5,0,27,0,334
15020.0,19,3,5,0,27,0,334
15021.0,19,3,5,0,27,0,334
15022.0,19,3,5,0,27,0,334
15023.0,19,3,5,0,27,0,334
15024.0,19,3,5,0,27,0,334
15025.0,19,3,5,0,27,0,334
15026.0,19,3,5,0,27,0,334
15027.0,19,3,5,0,27,0,334
15028.0,19,3,5,0,27,0,334
15029.0,19,3,5,0,27,0,334
15030.0,19,3,5,0,27,0,334
15031.0,19,3,5,0,27,0,334
15032.0,19,3,5,0,27,0,334
15033.0,19,3,5,0,27,0,334
15034.0,19,3,5,0,27,0,334
15035.0,19,3,5,0,27,0,334
15036.0,19,3,5,0,27,0,334
15037.0,19,3,5,0,27,0,334
15038.0,19,3,5,0,27,0,334
15039.0,19,3,5,0,27,0,334
15040.0,19,3,5,0,27,0,334
15041.0,19,3,5,0,27,0,334
15042.0,19,3,5,0,27,0,334
15043.0,19,3,5,0,27,0,334
15044.0,19,3,5,0,27,0,334
15045.0,19,3,5,0,27,0,334
15046.0,19,3,5,0,27,0,334
15047.0,19,3,5,0,27,0,334
15048.0,19,3,5,0,27,0,334
15049.0,19,3,5,0,27,0,334
15050.0,19,3,5,0,27,0,334
15051.0,19,3,5,0,27,0,334
15052.0,19,3,5,0,27,0,334
15053.0,19,3,5,0,27,0,334
15054.0,19,3,5,0,27,0,334
15055.0,19,3,5,0,27,0,334
15056.0,19,3,5,0,27,0,334
15057.0,19,3,5,0,27,0,334
15058.0,19,3,5,0,27,0,334
15059.0,19,3,5,0,27,0,334
15060.0,19,3,5,0,27,0,334
15061.0,19,3,5,0,27,0,334
15062.0,19,3,5,0,27,0,334
15063.0,19,3,5,0,27,0,334
15064.0,19,3,5,0,27,0,334
15065.0,19,3,5,0,27,0,334
15066.0,19,3,5,0,27,0,334
15067.0,19,3,5,0,27,0,334
15068.0,19,3,5,0,27,0,334
15069.0,19,3,5,0,27,0,334
15070.0,19,3,5,0,27,0,334
15071.0,19,3,5,0,27,0,334
15072.0,19,3,5,0,27,0,334
15073.0,19,3,5,0,27,0,334
15074.0,19,3,5,0,27,0,334
15075.0,19,3,5,0,27,0,334
15076.0,19,3,5,0,27,0,334
15077.0,19,3,5,0,27,0,334
15078.0,19,3,5,0,27,0,334
15079.0,19,3,5,0,27,0,334
15080.0,19,3,5,0,27,0,334
15081.0,19,3,5,0,27,0,334
15082.0,19,3,5,0,27,0,334
15083.0,19,3,5,0,27,0,334
15084.0,19,3,5,0,27,0,334
15085.0,19,3,5,0,27,0,334
15086.0,19,3,5,0,27,0,334
15087.0,19,3,5,0,27,0,334
15088.0,19,3,5,0,27,0,334
15089.0,19,3,5,0,27,0,334
15090.0,19,3,5,0,27,0,334
15091.0,19,3,5,0,27,0,334
15092.0,19,3,5,0,27,0,334
15093.0,19,3,5,0,27,0,334
15094.0,19,3,5,0,27,0,334
15095.0,19,3,5,0,27,0,334
15096.0,19,3,5,0,27,0,334
15097.0,19,3,5,0,27,0,334
15098.0,19,3,5,0,27,0,334
15099.0,19,3,5,0,27,0,334
15100.0,19,3,5,0,27,0,334
15101.0,19,3,5,0,27,0,334
15102.0,19,3,5,0,27,0,334
15103.0,19,3,5,0,27,0,334
15104.0,19,3,5,0,27,0,334
15105.0,19,3,5,0,27,0,334
15106.0,19,3,5,0,27,0,334
15107.0,19,3,5,0,27,0,334
15108.0,19,3,5,0,27,0,334
15109.0,19,3,5,0,27,0,334
15110.0,19,3,5,0,27,0,334
15111.0,19,3,5,0,27,0,334
15112.0,19,3,5,0,27,0,334
15113.0,19,3,5,0,27,0,334
15114.0,19,3,5,0,27,0,334
15115.0,19,3,5,0,27,0,334
15116.0,19,3,5,0,27,0,334
15117.0,19,3,5,0,27,0,334
15118.0,19,3,5,0,27,0,334
15119.0,19,3,5,0,27,0,334
15120.0,19,3,5,0,27,0,334
15121.0,19,3,5,0,27,0,334
15122.0,19,3,5,0,27,0,334
15123.0,19,3,5,0,27,0,334
15124.0,19,3,5,0,27,0,334
15125.0,19,3,5,0,27,0,334
15126.0,19,3,5,0,27,0,334
15127.0,19,3,5,0,27,0,334
15128.0,19,3,5,0,27,0,334
15129.0,19,3,5,0,27,0,334
15130.0,19,3,5,0,27,0,334
15131.0,19,3,5,0,27,0,334
15132.0,19,3,5,0,27,0,334
15133.0,19,3,5,0,27,0,334
15134.0,19,3,5,0,27,0,334
15135.0,19,3,5,0,27,0,334
15136.0,19,3,5,0,27,0,334
15137.0,19,3,5,0,27,0,334
15138.0,19,3,5,0,27,0,334
15139.0,19,3,5,0,27,0,334
15140.0,19,3,5,0,27,0,334
15141.0,19,3,5,0,27,0,334
15142.0,19,3,5,0,27,0,334
15143.0,19,3,5,0,27,0,334
15144.0,19,3,5,0,27,0,334
15145.0,19,3,5,0,27,0,334
15146.0,19,3,5,0,27,0,334
15147.0,19,3,5,0,27,0,334
15148.0,19,3,5,0,27,0,334
15149.0,19,3,5,0,27,0,334
15150.0,19,3,5,0,27,0,334
15151.0,19,3,5,0,27,0,334
15152.0,19,3,5,0,27,0,334
15153.0,19,3,5,0,27,0,334
15154.0,19,3,5,0,27,0,334
15155.0,19,3,5,0,27,0,334
15156.0,19,3,5,0,27,0,334
15157.0,19,3,5,0,27,0,334
15158.0,19,3,5,0,27,0,334
15159.0,19,3,5,0,27,0,334
15160.0,19,3,5,0,27,0,334
15161.0,19,3,5,0,27,0,334
15162.0,19,3,5,0,27,0,334
15163.0,19,3,5,0,27,0,334
15164.0,19,3,5,0,27,0,334
15165.0,19,3,5,0,27,0,334
15166.0,19,3,5,0,27,0,334
15167.0,19,3,5,0,27,0,334
15168.0,19,3,5,0,27,0,334
15169.0,19,3,5,0,27,0,334
15170.0,19,3,5,0,27,0,334
15171.0,19,3,5,0,27,0,334
15172.0,19,3,5,0,27,0,334
15173.0,19,3,5,0,27,0,334
15174.0,19,3,5,0,27,0,334
15175.0,19,3,5,0,27,0,334
15176.0,19,3,5,0,27,0,334
15177.0,19,3,5,0,27,0,334
15178.0,19,3,5,0,27,0,334
15179.0,19,3,5,0,27,0,334
15180.0,19,3,5,0,27,0,334
15181.0,19,3,5,0,27,0,334
15182.0,19,3,5,0,27,0,334
15183.0,19,3,5,0,27,0,334
15184.0,19,3,5,0,27,0,334
15185.0,19,3,5,0,27,0,334
15186.0,19,3,5,0,27,0,334
15187.0,19,3,5,0,27,0,334
15188.0,19,3,5,0,27,0,334
15189.0,19,3,5,0,27,0,334
15190.0,19,3,5,0,27,0,334
15191.0,19,3,5,0,27,0,334
15192.0,19,3,5,0,27,0,334
15193.0,19,3,5,0,27,0,334
15194.0,19,3,5,0,27,0,334
15195.0,19,3,5,0,27,0,334
15196.0,19,3,5,0,27,0,334
15197.0,19,3,5,0,27,0,334
15198.0,19,3,5,0,27,0,334
15199.0,19,3,5,0,27,0,334
15200.0,19,3,5,0,27,0,334
15201.0,19,3,5,0,27,0,334
15202.0,19,3,5,0,27,0,334
15203.0,19,3,5,0,27,0,334
15204.0,19,3,5,0,27,0,334
15205.0,19,3,5,0,27,0,334
15206.0,19,3,5,0,27,0,334
15207.0,19,3,5,0,27,0,334
15208.0,19,3,5,0,27,0,334
15209.0,19,3,5,0,27,0,334
15210.0,19,3,5,0,27,0,334
15211.0,19,3,5,0,27,0,334
15212.0,19,3,5,0,27,0,334
15213.0,19,3,5,0,27,0,334
15214.0,19,3,5,0,27,0,334
15215.0,19,3,5,0,27,0,334
15216.0,19,3,5,0,27,0,334
15217.0,19,3,5,0,27,0,334
15218.0,19,3,5,0,27,0,334
15219.0,19,3,5,0,27,0,334
15220.0,19,3,5,0,27,0,334
15221.0,19,3,5,0,27,0,334
15222.0,19,3,5,0,27,0,334
15223.0,19,3,5,0,27,0,334
15224.0,19,3,5,0,27,0,334
15225.0,19,3,5,0,27,0,334
15226.0,19,3,5,0,27,0,334
15227.0,19,3,5,0,27,0,334
15228.0,19,3,5,0,27,0,334
15229.0,19,3,5,0,27,0,334
15230.0,19,3,5,0,27,0,334
15231.0,19,3,5,0,27,0,334
15232.0,19,3,5,0,27,0,334
15233.0,19,3,5,0,27,0,334
15234.0,19,3,5,0,27,0,334
15235.0,19,3,5,0,27,0,334
15236.0,19,3,5,0,27,0,334
15237.0,19,3,5,0,27,0,334
15238.0,19,3,5,0,27,0,334
15239.0,19,3,5,0,27,0,334
15240.0,19,3,5,0,27,0,334
15241.0,19,3,5,0,27,0,334
15242.0,19,3,5,0,27,0,334
15243.0,19,3,5,0,27,0,334
15244.0,19,3,5,0,27,0,334
15245.0,19,3,5,0,27,0,334
15246.0,19,3,5,0,27,0,334
15247.0,19,3,5,0,27,0,334
15248.0,19,3,5,0,27,0,334
15249.0,19,3,5,0,27,0,334
15250.0,19,3,5,0,27,0,334
15251.0,19,3,5,0,27,0,334
15252.0,19,3,5,0,27,0,334
15253.0,19,3,5,0,27,0,334
15254.0,19,3,5,0,27,0,334
15255.0,19,3,5,0,27,0,334
15256.0,19,3,5,0,27,0,334
15257.0,19,3,5,0,27,0,334
15258.0,19,3,5,0,27,0,334
15259.0,19,3,5,0,27,0,334
15260.0,19,3,5,0,27,0,334
15261.0,19,3,5,0,27,0,334
15262.0,19,3,5,0,27,0,334
15263.0,19,3,5,0,27,0,334
15264.0,19,3,5,0,27,0,334
15265.0,19,3,5,0,27,0,334
15266.0,19,3,5,0,27,0,334
15267.0,19,3,5,0,27,0,334
15268.0,19,3,5,0,27,0,334
15269.0,19,3,5,0,27,0,334
15270.0,19,3,5,0,27,0,334
15271.0,19,3,5,0,27,0,334
15272.0,19,3,5,0,27,0,334
15273.0,19,3,5,0,27,0,334
15274.0,19,3,5,0,27,0,334
15275.0,19,3,5,0,27,0,334
15276.0,19,3,5,0,27,0,334
15277.0,19,3,5,0,27,0,334
15278.0,19,3,5,0,27,0,334
15279.0,19,3,5,0,27,0,334
15280.0,19,3,5,0,27,0,334
15281.0,19,3,5,0,27,0,334
15282.0,19,3,5,0,27,0,334
15283.0,19,3,5,0,27,0,334
15284.0,19,3,5,0,27,0,334
15285.0,19,3,5,0,27,0,334
15286.0,19,3,5,0,27,0,334
15287.0,19,3,5,0,27,0,334
15288.0,19,3,5,0,27,0,334
15289.0,19,3,5,0,27,0,334
15290.0,19,3,5,0,27,0,334
15291.0,19,3,5,0,27,0,334
15292.0,19,3,5,0,27,0,334
15293.0,19,3,5,0,27,0,334
15294.0,19,3,5,0,27,0,334
15295.0,19,3,5,0,27,0,334
15296.0,19,3,5,0,27,0,334
15297.0,19,3,5,0,27,0,334
15298.0,19,3,5,0,27,0,334
15299.0,19,3,5,0,27,0,334
15300.0,19,3,5,0,27,0,334
15301.0,19,3,5,0,27,0,334
15302.0,19,3,5,0,27,0,334
15303.0,19,3,5,0,27,0,334
15304.0,19,3,5,0,27,0,334
15305.0,19,3,5,0,27,0,334
15306.0,19,3,5,0,27,0,334
15307.0,19,3,5,0,27,0,334
15308.0,19,3,5,0,27,0,334
15309.0,19,3,5,0,27,0,334
15310.0,19,3,5,0,27,0,334
15311.0,19,3,5,0,27,0,334
15312.0,19,3,5,0,27,0,334
15313.0,19,3,5,0,27,0,334
15314.0,19,3,5,0,27,0,334
15315.0,19,3,5,0,27,0,334
15316.0,19,3,5,0,27,0,334
15317.0,19,3,5,0,27,0,334
15318.0,19,3,5,0,27,0,334
15319.0,19,3,5,0,27,0,334
15320.0,19,3,5,0,27,0,334
15321.0,19,3,5,0,27,0,334
15322.0,19,3,5,0,27,0,334
15323.0,19,3,5,0,27,0,334
15324.0,19,3,5,0,27,0,334
15325.0,19,3,5,0,27,0,334
15326.0,19,3,5,0,27,0,334
15327.0,19,3,5,0,27,0,334
15328.0,19,3,5,0,27,0,334
15329.0,19,3,5,0,27,0,334
15330.0,19,3,5,0,27,0,334
15331.0,19,3,5,0,27,0,334
15332.0,19,3,5,0,27,0,334
15333.0,19,3,5,0,27,0,334
15334.0,19,3,5,0,27,0,334
15335.0,19,3,5,0,27,0,334
15336.0,19,3,5,0,27,0,334
15337.0,19,3,5,0,27,0,334
15338.0,19,3,5,0,27,0,334
15339.0,19,3,5,0,27,0,334
15340.0,19,3,5,0,27,0,334
15341.0,19,3,5,0,27,0,334
15342.0,19,3,5,0,27,0,334
15343.0,19,3,5,0,27,0,334
15344.0,19,3,5,0,27,0,334
15345.0,19,3,5,0,27,0,334
15346.0,19,3,5,0,27,0,334
15347.0,19,3,5,0,27,0,334
15348.0,19,3,5,0,27,0,334
15349.0,19,3,5,0,27,0,334
15350.0,19,3,5,0,27,0,334
15351.0,19,3,5,0,27,0,334
15352.0,19,3,5,0,27,0,334
15353.0,19,3,5,0,27,0,334
15354.0,19,3,5,0,27,0,334
15355.0,19,3,5,0,27,0,334
15356.0,19,3,5,0,27,0,334
15357.0,19,3,5,0,27,0,334
15358.0,19,3,5,0,27,0,334
15359.0,19,3,5,0,27,0,334
15360.0,19,3,5,0,27,0,334
15361.0,19,3,5,0,27,0,334
15362.0,19,3,5,0,27,0,334
15363.0,19,3,5,0,27,0,334
15364.0,19,3,5,0,27,0,334
15365.0,19,3,5,0,27,0,334
15366.0,19,3,5,0,27,0,334
15367.0,19,3,5,0,27,0,334
15368.0,19,3,5,0,27,0,334
15369.0,19,3,5,0,27,0,334
15370.0,19,3,5,0,27,0,334
15371.0,19,3,5,0,27,0,334
15372.0,19,3,5,0,27,0,334
15373.0,19,3,5,0,27,0,334
15374.0,19,3,5,0,27,0,334
15375.0,19,3,5,0,27,0,334
15376.0,19,3,5,0,27,0,334
15377.0,19,3,5,0,27,0,334
15378.0,19,3,5,0,27,0,334
15379.0,19,3,5,0,27,0,334
15380.0,19,3,5,0,27,0,334
15381.0,19,3,5,0,27,0,334
15382.0,19,3,5,0,27,0,334
15383.0,19,3,5,0,27,0,334
15384.0,19,3,5,0,27,0,334
15385.0,19,3,5,0,27,0,334
15386.0,19,3,5,0,27,0,334
15387.0,19,3,5,0,27,0,334
15388.0,19,3,5,0,27,0,334
15389.0,19,3,5,0,27,0,334
15390.0,19,3,5,0,27,0,334
15391.0,19,3,5,0,27,0,334
15392.0,19,3,5,0,27,0,334
15393.0,19,3,5,0,27,0,334
15394.0,19,3,5,0,27,0,334
15395.0,19,3,5,0,27,0,334
15396.0,19,3,5,0,27,0,334
15397.0,19,3,5,0,27,0,334
15398.0,19,3,5,0,27,0,334
15399.0,19,3,5,0,27,0,334
15400.0,19,3,5,0,27,0,334
15401.0,19,3,5,0,27,0,334
15402.0,19,3,5,0,27,0,334
15403.0,19,3,5,0,27,0,334
15404.0,19,3,5,0,27,0,334
15405.0,19,3,5,0,27,0,334
15406.0,19,3,5,0,27,0,334
15407.0,19,3,5,0,27,0,334
15408.0,19,3,5,0,27,0,334
15409.0,19,3,5,0,27,0,334
15410.0,19,3,5,0,27,0,334
15411.0,19,3,5,0,27,0,334
15412.0,19,3,5,0,27,0,334
15413.0,19,3,5,0,27,0,334
15414.0,19,3,5,0,27,0,334
15415.0,19,3,5,0,27,0,334
15416.0,19,3,5,0,27,0,334
15417.0,19,3,5,0,27,0,334
15418.0,19,3,5,0,27,0,334
15419.0,19,3,5,0,27,0,334
15420.0,19,3,5,0,27,0,334
15421.0,19,3,5,0,27,0,334
15422.0,19,3,5,0,27,0,334
15423.0,19,3,5,0,27,0,334
15424.0,19,3,5,0,27,0,334
15425.0,19,3,5,0,27,0,334
15426.0,19,3,5,0,27,0,334
15427.0,19,3,5,0,27,0,334
15428.0,19,3,5,0,27,0,334
15429.0,19,3,5,0,27,0,334
15430.0,19,3,5,0,27,0,334
15431.0,19,3,5,0,27,0,334
15432.0,19,3,5,0,27,0,334
15433.0,19,3,5,0,27,0,334
15434.0,19,3,5,0,27,0,334
15435.0,19,3,5,0,27,0,334
15436.0,19,3,5,0,27,0,334
15437.0,19,3,5,0,27,0,334
15438.0,19,3,5,0,27,0,334
15439.0,19,3,5,0,27,0,334
15440.0,19,3,5,0,27,0,334
15441.0,19,3,5,0,27,0,334
15442.0,19,3,5,0,27,0,334
15443.0,19,3,5,0,27,0,334
15444.0,19,3,5,0,27,0,334
15445.0,19,3,5,0,27,0,334
15446.0,19,3,5,0,27,0,334
15447.0,19,3,5,0,27,0,334
15448.0,19,3,5,0,27,0,334
15449.0,19,3,5,0,27,0,334
15450.0,19,3,5,0,27,0,334
15451.0,19,3,5,0,27,0,334
15452.0,19,3,5,0,27,0,334
15453.0,19,3,5,0,27,0,334
15454.0,19,3,5,0,27,0,334
15455.0,19,3,5,0,27,0,334
15456.0,19,3,5,0,27,0,334
15457.0,19,3,5,0,27,0,334
15458.0,19,3,5,0,27,0,334
15459.0,19,3,5,0,27,0,334
15460.0,19,3,5,0,27,0,334
15461.0,19,3,5,0,27,0,334
15462.0,19,3,5,0,27,0,334
15463.0,19,3,5,0,27,0,334
15464.0,19,3,5,0,27,0,334
15465.0,19,3,5,0,27,0,334
15466.0,19,3,5,0,27,0,334
15467.0,19,3,5,0,27,0,334
15468.0,19,3,5,0,27,0,334
15469.0,19,3,5,0,27,0,334
15470.0,19,3,5,0,27,0,334
15471.0,19,3,5,0,27,0,334
15472.0,19,3,5,0,27,0,334
15473.0,19,3,5,0,27,0,334
15474.0,19,3,5,0,27,0,334
15475.0,19,3,5,0,27,0,334
15476.0,19,3,5,0,27,0,334
15477.0,19,3,5,0,27,0,334
15478.0,19,3,5,0,27,0,334
15479.0,19,3,5,0,27,0,334
15480.0,19,3,5,0,27,0,334
15481.0,19,3,5,0,27,0,334
15482.0,19,3,5,0,27,0,334
15483.0,19,3,5,0,27,0,334
15484.0,19,3,5,0,27,0,334
15485.0,19,3,5,0,27,0,334
15486.0,19,3,5,0,27,0,334
15487.0,19,3,5,0,27,0,334
15488.0,19,3,5,0,27,0,334
15489.0,19,3,5,0,27,0,334
15490.0,19,3,5,0,27,0,334
15491.0,19,3,5,0,27,0,334
15492.0,19,3,5,0,27,0,334
15493.0,19,3,5,0,27,0,334
15494.0,19,3,5,0,27,0,334
15495.0,19,3,5,0,27,0,334
15496.0,19,3,5,0,27,0,334
15497.0,19,3,5,0,27,0,334
15498.0,19,3,5,0,27,0,334
15499.0,19,3,5,0,27,0,334
15500.0,19,3,5,0,27,0,334
15501.0,19,3,5,0,27,0,334
15502.0,19,3,5,0,27,0,334
15503.0,19,3,5,0,27,0,334
15504.0,19,3,5,0,27,0,334
15505.0,19,3,5,0,27,0,334
15506.0,19,3,5,0,27,0,334
15507.0,19,3,5,0,27,0,334
15508.0,19,3,5,0,27,0,334
15509.0,19,3,5,0,27,0,334
15510.0,19,3,5,0,27,0,334
15511.0,19,3,5,0,27,0,334
15512.0,19,3,5,0,27,0,334
15513.0,19,3,5,0,27,0,334
15514.0,19,3,5,0,27,0,334
15515.0,19,3,5,0,27,0,334
15516.0,19,3,5,0,27,0,334
15517.0,19,3,5,0,27,0,334
15518.0,19,3,5,0,27,0,334
15519.0,19,3,5,0,27,0,334
15520.0,19,3,5,0,27,0,334
15521.0,19,3,5,0,27,0,334
15522.0,19,3,5,0,27,0,334
15523.0,19,3,5,0,27,0,334
15524.0,19,3,5,0,27,0,334
15525.0,19,3,5,0,27,0,334
15526.0,19,3,5,0,27,0,334
15527.0,19,3,5,0,27,0,334
15528.0,19,3,5,0,27,0,334
15529.0,19,3,5,0,27,0,334
15530.0,19,3,5,0,27,0,334
15531.0,19,3,5,0,27,0,334
15532.0,19,3,5,0,27,0,334
15533.0,19,3,5,0,27,0,334
15534.0,19,3,5,0,27,0,334
15535.0,19,3,5,0,27,0,334
15536.0,19,3,5,0,27,0,334
15537.0,19,3,5,0,27,0,334
15538.0,19,3,5,0,27,0,334
15539.0,19,3,5,0,27,0,334
15540.0,19,3,5,0,27,0,334
15541.0,19,3,5,0,27,0,334
15542.0,19,3,5,0,27,0,334
15543.0,19,3,5,0,27,0,334
15544.0,19,3,5,0,27,0,334
15545.0,19,3,5,0,27,0,334
15546.0,19,3,5,0,27,0,334
15547.0,19,3,5,0,27,0,334
15548.0,19,3,5,0,27,0,334
15549.0,19,3,5,0,27,0,334
15550.0,19,3,5,0,27,0,334
15551.0,19,3,5,0,27,0,334
15552.0,19,3,5,0,27,0,334
15553.0,19,3,5,0,27,0,334
15554.0,19,3,5,0,27,0,334
15555.0,19,3,5,0,27,0,334
15556.0,19,3,5,0,27,0,334
15557.0,19,3,5,0,27,0,334
15558.0,19,3,5,0,27,0,334
15559.0,19,3,5,0,27,0,334
15560.0,19,3,5,0,27,0,334
15561.0,19,3,5,0,27,0,334
15562.0,19,3,5,0,27,0,334
15563.0,19,3,5,0,27,0,334
15564.0,19,3,5,0,27,0,334
15565.0,19,3,5,0,27,0,334
15566.0,19,3,5,0,27,0,334
15567.0,19,3,5,0,27,0,334
15568.0,19,3,5,0,27,0,334
15569.0,19,3,5,0,27,0,334
15570.0,19,3,5,0,27,0,334
15571.0,19,3,5,0,27,0,334
15572.0,19,3,5,0,27,0,334
15573.0,19,3,5,0,27,0,334
15574.0,19,3,5,0,27,0,334
15575.0,19,3,5,0,27,0,334
15576.0,19,3,5,0,27,0,334
15577.0,19,3,5,0,27,0,334
15578.0,19,3,5,0,27,0,334
15579.0,19,3,5,0,27,0,334
15580.0,19,3,5,0,27,0,334
15581.0,19,3,5,0,27,0,334
15582.0,19,3,5,0,27,0,334
15583.0,19,3,5,0,27,0,334
15584.0,19,3,5,0,27,0,334
15585.0,19,3,5,0,27,0,334
15586.0,19,3,5,0,27,0,334
15587.0,19,3,5,0,27,0,334
15588.0,19,3,5,0,27,0,334
15589.0,19,3,5,0,27,0,334
15590.0,19,3,5,0,27,0,334
15591.0,19,3,5,0,27,0,334
15592.0,19,3,5,0,27,0,334
15593.0,19,3,5,0,27,0,334
15594.0,19,3,5,0,27,0,334
15595.0,19,3,5,0,27,0,334
15596.0,19,3,5,0,27,0,334
15597.0,19,3,5,0,27,0,334
15598.0,19,3,5,0,27,0,334
15599.0,19,3,5,0,27,0,334
15600.0,19,3,5,0,27,0,334
15601.0,19,3,5,0,27,0,334
15602.0,19,3,5,0,27,0,334
15603.0,19,3,5,0,27,0,334
15604.0,19,3,5,0,27,0,334
15605.0,19,3,5,0,27,0,334
15606.0,19,3,5,0,27,0,334
15607.0,19,3,5,0,27,0,334
15608.0,19,3,5,0,27,0,334
15609.0,19,3,5,0,27,0,334
15610.0,19,3,5,0,27,0,334
15611.0,19,3,5,0,27,0,334
15612.0,19,3,5,0,27,0,334
15613.0,19,3,5,0,27,0,334
15614.0,19,3,5,0,27,0,334
15615.0,19,3,5,0,27,0,334
15616.0,19,3,5,0,27,0,334
15617.0,19,3,5,0,27,0,334
15618.0,19,3,5,0,27,0,334
15619.0,19,3,5,0,27,0,334
15620.0,19,3,5,0,27,0,334
15621.0,19,3,5,0,27,0,334
15622.0,19,3,5,0,27,0,334
15623.0,19,3,5,0,27,0,334
15624.0,19,3,5,0,27,0,334
15625.0,19,3,5,0,27,0,334
15626.0,19,3,5,0,27,0,334
15627.0,19,3,5,0,27,0,334
15628.0,19,3,5,0,27,0,334
15629.0,19,3,5,0,27,0,334
15630.0,19,3,5,0,27,0,334
15631.0,19,3,5,0,27,0,334
15632.0,19,3,5,0,27,0,334
15633.0,19,3,5,0,27,0,334
15634.0,19,3,5,0,27,0,334
15635.0,19,3,5,0,27,0,334
15636.0,19,3,5,0,27,0,334
15637.0,19,3,5,0,27,0,334
15638.0,19,3,5,0,27,0,334
15639.0,19,3,5,0,27,0,334
15640.0,19,3,5,0,27,0,334
15641.0,19,3,5,0,27,0,334
15642.0,19,3,5,0,27,0,334
15643.0,19,3,5,0,27,0,334
15644.0,19,3,5,0,27,0,334
15645.0,19,3,5,0,27,0,334
15646.0,19,3,5,0,27,0,334
15647.0,19,3,5,0,27,0,334
15648.0,19,3,5,0,27,0,334
15649.0,19,3,5,0,27,0,334
15650.0,19,3,5,0,27,0,334
15651.0,19,3,5,0,27,0,334
15652.0,19,3,5,0,27,0,334
15653.0,19,3,5,0,27,0,334
15654.0,19,3,5,0,27,0,334
15655.0,19,3,5,0,27,0,334
15656.0,19,3,5,0,27,0,334
15657.0,19,3,5,0,27,0,334
15658.0,19,3,5,0,27,0,334
15659.0,19,3,5,0,27,0,334
15660.0,19,3,5,0,27,0,334
15661.0,19,3,5,0,27,0,334
15662.0,19,3,5,0,27,0,334
15663.0,19,3,5,0,27,0,334
15664.0,19,3,5,0,27,0,334
15665.0,19,3,5,0,27,0,334
15666.0,19,3,5,0,27,0,334
15667.0,19,3,5,0,27,0,334
15668.0,19,3,5,0,27,0,334
15669.0,19,3,5,0,27,0,334
15670.0,19,3,5,0,27,0,334
15671.0,19,3,5,0,27,0,334
15672.0,19,3,5,0,27,0,334
15673.0,19,3,5,0,27,0,334
15674.0,19,3,5,0,27,0,334
15675.0,19,3,5,0,27,0,334
15676.0,19,3,5,0,27,0,334
15677.0,19,3,5,0,27,0,334
15678.0,19,3,5,0,27,0,334
15679.0,19,3,5,0,27,0,334
15680.0,19,3,5,0,27,0,334
15681.0,19,3,5,0,27,0,334
15682.0,19,3,5,0,27,0,334
15683.0,19,3,5,0,27,0,334
15684.0,19,3,5,0,27,0,334
15685.0,19,3,5,0,27,0,334
15686.0,19,3,5,0,27,0,334
15687.0,19,3,5,0,27,0,334
15688.0,19,3,5,0,27,0,334
15689.0,19,3,5,0,27,0,334
15690.0,19,3,5,0,27,0,334
15691.0,19,3,5,0,27,0,334
15692.0,19,3,5,0,27,0,334
15693.0,19,3,5,0,27,0,334
15694.0,19,3,5,0,27,0,334
15695.0,19,3,5,0,27,0,334
15696.0,19,3,5,0,27,0,334
15697.0,19,3,5,0,27,0,334
15698.0,19,3,5,0,27,0,334
15699.0,19,3,5,0,27,0,334
15700.0,19,3,5,0,27,0,334
15701.0,19,3,5,0,27,0,334
15702.0,19,3,5,0,27,0,334
15703.0,19,3,5,0,27,0,334
15704.0,19,3,5,0,27,0,334
15705.0,19,3,5,0,27,0,334
15706.0,19,3,5,0,27,0,334
15707.0,19,3,5,0,27,0,334
15708.0,19,3,5,0,27,0,334
15709.0,19,3,5,0,27,0,334
15710.0,19,3,5,0,27,0,334
15711.0,19,3,5,0,27,0,334
15712.0,19,3,5,0,27,0,334
15713.0,19,3,5,0,27,0,334
15714.0,19,3,5,0,27,0,334
15715.0,19,3,5,0,27,0,334
15716.0,19,3,5,0,27,0,334
15717.0,19,3,5,0,27,0,334
15718.0,19,3,5,0,27,0,334
15719.0,19,3,5,0,27,0,334
15720.0,19,3,5,0,27,0,334
15721.0,19,3,5,0,27,0,334
15722.0,19,3,5,0,27,0,334
15723.0,19,3,5,0,27,0,334
15724.0,19,3,5,0,27,0,334
15725.0,19,3,5,0,27,0,334
15726.0,19,3,5,0,27,0,334
15727.0,19,3,5,0,27,0,334
15728.0,19,3,5,0,27,0,334
15729.0,19,3,5,0,27,0,334
15730.0,19,3,5,0,27,0,334
15731.0,19,3,5,0,27,0,334
15732.0,19,3,5,0,27,0,334
15733.0,19,3,5,0,27,0,334
15734.0,19,3,5,0,27,0,334
15735.0,19,3,5,0,27,0,334
15736.0,19,3,5,0,27,0,334
15737.0,19,3,5,0,27,0,334
15738.0,19,3,5,0,27,0,334
15739.0,19,3,5,0,27,0,334
15740.0,19,3,5,0,27,0,334
15741.0,19,3,5,0,27,0,334
15742.0,19,3,5,0,27,0,334
15743.0,19,3,5,0,27,0,334
15744.0,19,3,5,0,27,0,334
15745.0,19,3,5,0,27,0,334
15746.0,19,3,5,0,27,0,334
15747.0,19,3,5,0,27,0,334
15748.0,19,3,5,0,27,0,334
15749.0,19,3,5,0,27,0,334
15750.0,19,3,5,0,27,0,334
15751.0,19,3,5,0,27,0,334
15752.0,19,3,5,0,27,0,334
15753.0,19,3,5,0,27,0,334
15754.0,19,3,5,0,27,0,334
15755.0,19,3,5,0,27,0,334
15756.0,19,3,5,0,27,0,334
15757.0,19,3,5,0,27,0,334
15758.0,19,3,5,0,27,0,334
15759.0,19,3,5,0,27,0,334
15760.0,19,3,5,0,27,0,334
15761.0,19,3,5,0,27,0,334
15762.0,19,3,5,0,27,0,334
15763.0,19,3,5,0,27,0,334
15764.0,19,3,5,0,27,0,334
15765.0,19,3,5,0,27,0,334
15766.0,19,3,5,0,27,0,334
15767.0,19,3,5,0,27,0,334
15768.0,19,3,5,0,27,0,334
15769.0,19,3,5,0,27,0,334
15770.0,19,3,5,0,27,0,334
15771.0,19,3,5,0,27,0,334
15772.0,19,3,5,0,27,0,334
15773.0,19,3,5,0,27,0,334
15774.0,19,3,5,0,27,0,334
15775.0,19,3,5,0,27,0,334
15776.0,19,3,5,0,27,0,334
15777.0,19,3,5,0,27,0,334
15778.0,19,3,5,0,27,0,334
15779.0,19,3,5,0,27,0,334
15780.0,19,3,5,0,27,0,334
15781.0,19,3,5,0,27,0,334
15782.0,19,3,5,0,27,0,334
15783.0,19,3,5,0,27,0,334
15784.0,19,3,5,0,27,0,334
15785.0,19,3,5,0,27,0,334
15786.0,19,3,5,0,27,0,334
15787.0,19,3,5,0,27,0,334
15788.0,19,3,5,0,27,0,334
15789.0,19,3,5,0,27,0,334
15790.0,19,3,5,0,27,0,334
15791.0,19,3,5,0,27,0,334
15792.0,19,3,5,0,27,0,334
15793.0,19,3,5,0,27,0,334
15794.0,19,3,5,0,27,0,334
15795.0,19,3,5,0,27,0,334
15796.0,19,3,5,0,27,0,334
15797.0,19,3,5,0,27,0,334
15798.0,19,3,5,0,27,0,334
15799.0,19,3,5,0,27,0,334
15800.0,19,3,5,0,27,0,334
15801.0,19,3,5,0,27,0,334
15802.0,19,3,5,0,27,0,334
15803.0,19,3,5,0,27,0,334
15804.0,19,3,5,0,27,0,334
15805.0,19,3,5,0,27,0,334
15806.0,19,3,5,0,27,0,334
15807.0,19,3,5,0,27,0,334
15808.0,19,3,5,0,27,0,334
15809.0,19,3,5,0,27,0,334
15810.0,19,3,5,0,27,0,334
15811.0,19,3,5,0,27,0,334
15812.0,19,3,5,0,27,0,334
15813.0,19,3,5,0,27,0,334
15814.0,19,3,5,0,27,0,334
15815.0,19,3,5,0,27,0,334
15816.0,19,3,5,0,27,0,334
15817.0,19,3,5,0,27,0,334
15818.0,19,3,5,0,27,0,334
15819.0,19,3,5,0,27,0,334
15820.0,19,3,5,0,27,0,334
15821.0,19,3,5,0,27,0,334
15822.0,19,3,5,0,27,0,334
15823.0,19,3,5,0,27,0,334
15824.0,19,3,5,0,27,0,334
15825.0,19,3,5,0,27,0,334
15826.0,19,3,5,0,27,0,334
15827.0,19,3,5,0,27,0,334
15828.0,19,3,5,0,27,0,334
15829.0,19,3,5,0,27,0,334
15830.0,19,3,5,0,27,0,334
15831.0,19,3,5,0,27,0,334
15832.0,19,3,5,0,27,0,334
15833.0,19,3,5,0,27,0,334
15834.0,19,3,5,0,27,0,334
15835.0,19,3,5,0,27,0,334
15836.0,19,3,5,0,27,0,334
15837.0,19,3,5,0,27,0,334
15838.0,19,3,5,0,27,0,334
15839.0,19,3,5,0,27,0,334
15840.0,19,3,5,0,27,0,334
15841.0,19,3,5,0,27,0,334
15842.0,19,3,5,0,27,0,334
15843.0,19,3,5,0,27,0,334
15844.0,19,3,5,0,27,0,334
15845.0,19,3,5,0,27,0,334
15846.0,19,3,5,0,27,0,334
15847.0,19,3,5,0,27,0,334
15848.0,19,3,5,0,27,0,334
15849.0,19,3,5,0,27,0,334
15850.0,19,3,5,0,27,0,334
15851.0,19,3,5,0,27,0,334
15852.0,19,3,5,0,27,0,334
15853.0,19,3,5,0,27,0,334
15854.0,19,3,5,0,27,0,334
15855.0,19,3,5,0,27,0,334
15856.0,19,3,5,0,27,0,334
15857.0,19,3,5,0,27,0,334
15858.0,19,3,5,0,27,0,334
15859.0,19,3,5,0,27,0,334
15860.0,19,3,5,0,27,0,334
15861.0,19,3,5,0,27,0,334
15862.0,19,3,5,0,27,0,334
15863.0,19,3,5,0,27,0,334
15864.0,19,3,5,0,27,0,334
15865.0,19,3,5,0,27,0,334
15866.0,19,3,5,0,27,0,334
15867.0,19,3,5,0,27,0,334
15868.0,19,3,5,0,27,0,334
15869.0,19,3,5,0,27,0,334
15870.0,19,3,5,0,27,0,334
15871.0,19,3,5,0,27,0,334
15872.0,19,3,5,0,27,0,334
15873.0,19,3,5,0,27,0,334
15874.0,19,3,5,0,27,0,334
15875.0,19,3,5,0,27,0,334
15876.0,19,3,5,0,27,0,334
15877.0,19,3,5,0,27,0,334
15878.0,19,3,5,0,27,0,334
15879.0,19,3,5,0,27,0,334
15880.0,19,3,5,0,27,0,334
15881.0,19,3,5,0,27,0,334
15882.0,19,3,5,0,27,0,334
15883.0,19,3,5,0,27,0,334
15884.0,19,3,5,0,27,0,334
15885.0,19,3,5,0,27,0,334
15886.0,19,3,5,0,27,0,334
15887.0,19,3,5,0,27,0,334
15888.0,19,3,5,0,27,0,334
15889.0,19,3,5,0,27,0,334
15890.0,19,3,5,0,27,0,334
15891.0,19,3,5,0,27,0,334
15892.0,19,3,5,0,27,0,334
15893.0,19,3,5,0,27,0,334
15894.0,19,3,5,0,27,0,334
15895.0,19,3,5,0,27,0,334
15896.0,19,3,5,0,27,0,334
15897.0,19,3,5,0,27,0,334
15898.0,19,3,5,0,27,0,334
15899.0,19,3,5,0,27,0,334
15900.0,19,3,5,0,27,0,334
15901.0,19,3,5,0,27,0,334
15902.0,19,3,5,0,27,0,334
15903.0,19,3,5,0,27,0,334
15904.0,19,3,5,0,27,0,334
15905.0,19,3,5,0,27,0,334
15906.0,19,3,5,0,27,0,334
15907.0,19,3,5,0,27,0,334
15908.0,19,3,5,0,27,0,334
15909.0,19,3,5,0,27,0,334
15910.0,19,3,5,0,27,0,334
15911.0,19,3,5,0,27,0,334
15912.0,19,3,5,0,27,0,334
15913.0,19,3,5,0,27,0,334
15914.0,19,3,5,0,27,0,334
15915.0,19,3,5,0,27,0,334
15916.0,19,3,5,0,27,0,334
15917.0,19,3,5,0,27,0,334
15918.0,19,3,5,0,27,0,334
15919.0,19,3,5,0,27,0,334
15920.0,19,3,5,0,27,0,334
15921.0,19,3,5,0,27,0,334
15922.0,19,3,5,0,27,0,334
15923.0,19,3,5,0,27,0,334
15924.0,19,3,5,0,27,0,334
15925.0,19,3,5,0,27,0,334
15926.0,19,3,5,0,27,0,334
15927.0,19,3,5,0,27,0,334
15928.0,19,3,5,0,27,0,334
15929.0,19,3,5,0,27,0,334
15930.0,19,3,5,0,27,0,334
15931.0,19,3,5,0,27,0,334
15932.0,19,3,5,0,27,0,334
15933.0,19,3,5,0,27,0,334
15934.0,19,3,5,0,27,0,334
15935.0,19,3,5,0,27,0,334
15936.0,19,3,5,0,27,0,334
15937.0,19,3,5,0,27,0,334
15938.0,19,3,5,0,27,0,334
15939.0,19,3,5,0,27,0,334
15940.0,19,3,5,0,27,0,334
15941.0,19,3,5,0,27,0,334
15942.0,19,3,5,0,27,0,334
15943.0,19,3,5,0,27,0,334
15944.0,19,3,5,0,27,0,334
15945.0,19,3,5,0,27,0,334
15946.0,19,3,5,0,27,0,334
15947.0,19,3,5,0,27,0,334
15948.0,19,3,5,0,27,0,334
15949.0,19,3,5,0,27,0,334
15950.0,19,3,5,0,27,0,334
15951.0,19,3,5,0,27,0,334
15952.0,19,3,5,0,27,0,334
15953.0,19,3,5,0,27,0,334
15954.0,19,3,5,0,27,0,334
15955.0,19,3,5,0,27,0,334
15956.0,19,3,5,0,27,0,334
15957.0,19,3,5,0,27,0,334
15958.0,19,3,5,0,27,0,334
15959.0,19,3,5,0,27,0,334
15960.0,19,3,5,0,27,0,334
15961.0,19,3,5,0,27,0,334
15962.0,19,3,5,0,27,0,334
15963.0,19,3,5,0,27,0,334
15964.0,19,3,5,0,27,0,334
15965.0,19,3,5,0,27,0,334
15966.0,19,3,5,0,27,0,334
15967.0,19,3,5,0,27,0,334
15968.0,19,3,5,0,27,0,334
15969.0,19,3,5,0,27,0,334
15970.0,19,3,5,0,27,0,334
15971.0,19,3,5,0,27,0,334
15972.0,19,3,5,0,27,0,334
15973.0,19,3,5,0,27,0,334
15974.0,19,3,5,0,27,0,334
15975.0,19,3,5,0,27,0,334
15976.0,19,3,5,0,27,0,334
15977.0,19,3,5,0,27,0,334
15978.0,19,3,5,0,27,0,334
15979.0,19,3,5,0,27,0,334
15980.0,19,3,5,0,27,0,334
15981.0,19,3,5,0,27,0,334
15982.0,19,3,5,0,27,0,334
15983.0,19,3,5,0,27,0,334
15984.0,19,3,5,0,27,0,334
15985.0,19,3,5,0,27,0,334
15986.0,19,3,5,0,27,0,334
15987.0,19,3,5,0,27,0,334
15988.0,19,3,5,0,27,0,334
15989.0,19,3,5,0,27,0,334
15990.0,19,3,5,0,27,0,334
15991.0,19,3,5,0,27,0,334
15992.0,19,3,5,0,27,0,334
15993.0,19,3,5,0,27,0,334
15994.0,19,3,5,0,27,0,334
15995.0,19,3,5,0,27,0,334
15996.0,19,3,5,0,27,0,334
15997.0,19,3,5,0,27,0,334
15998.0,19,3,5,0,27,0,334
15999.0,19,3,5,0,27,0,334
16000.0,19,3,5,0,27,0,334
16001.0,19,3,5,0,27,0,334
16002.0,19,3,5,0,27,0,334
16003.0,19,3,5,0,27,0,334
16004.0,19,3,5,0,27,0,334
16005.0,19,3,5,0,27,0,334
16006.0,19,3,5,0,27,0,334
16007.0,19,3,5,0,27,0,334
16008.0,19,3,5,0,27,0,334
16009.0,19,3,5,0,27,0,334
16010.0,19,3,5,0,27,0,334
16011.0,19,3,5,0,27,0,334
16012.0,19,3,5,0,27,0,334
16013.0,19,3,5,0,27,0,334
16014.0,19,3,5,0,27,0,334
16015.0,19,3,5,0,27,0,334
16016.0,19,3,5,0,27,0,334
16017.0,19,3,5,0,27,0,334
16018.0,19,3,5,0,27,0,334
16019.0,19,3,5,0,27,0,334
16020.0,19,3,5,0,27,0,334
16021.0,19,3,5,0,27,0,334
16022.0,19,3,5,0,27,0,334
16023.0,19,3,5,0,27,0,334
16024.0,19,3,5,0,27,0,334
16025.0,19,3,5,0,27,0,334
16026.0,19,3,5,0,27,0,334
16027.0,19,3,5,0,27,0,334
16028.0,19,3,5,0,27,0,334
16029.0,19,3,5,0,27,0,334
16030.0,19,3,5,0,27,0,334
16031.0,19,3,5,0,27,0,334
16032.0,19,3,5,0,27,0,334
16033.0,19,3,5,0,27,0,334
16034.0,19,3,5,0,27,0,334
16035.0,19,3,5,0,27,0,334
16036.0,19,3,5,0,27,0,334
16037.0,19,3,5,0,27,0,334
16038.0,19,3,5,0,27,0,334
16039.0,19,3,5,0,27,0,334
16040.0,19,3,5,0,27,0,334
16041.0,19,3,5,0,27,0,334
16042.0,19,3,5,0,27,0,334
16043.0,19,3,5,0,27,0,334
16044.0,19,3,5,0,27,0,334
16045.0,19,3,5,0,27,0,334
16046.0,19,3,5,0,27,0,334
16047.0,19,3,5,0,27,0,334
16048.0,19,3,5,0,27,0,334
16049.0,19,3,5,0,27,0,334
16050.0,19,3,5,0,27,0,334
16051.0,19,3,5,0,27,0,334
16052.0,19,3,5,0,27,0,334
16053.0,19,3,5,0,27,0,334
16054.0,19,3,5,0,27,0,334
16055.0,19,3,5,0,27,0,334
16056.0,19,3,5,0,27,0,334
16057.0,19,3,5,0,27,0,334
16058.0,19,3,5,0,27,0,334
16059.0,19,3,5,0,27,0,334
16060.0,19,3,5,0,27,0,334
16061.0,19,3,5,0,27,0,334
16062.0,19,3,5,0,27,0,334
16063.0,19,3,5,0,27,0,334
16064.0,19,3,5,0,27,0,334
16065.0,19,3,5,0,27,0,334
16066.0,19,3,5,0,27,0,334
16067.0,19,3,5,0,27,0,334
16068.0,19,3,5,0,27,0,334
16069.0,19,3,5,0,27,0,334
16070.0,19,3,5,0,27,0,334
16071.0,19,3,5,0,27,0,334
16072.0,19,3,5,0,27,0,334
16073.0,19,3,5,0,27,0,334
16074.0,19,3,5,0,27,0,334
16075.0,19,3,5,0,27,0,334
16076.0,19,3,5,0,27,0,334
16077.0,19,3,5,0,27,0,334
16078.0,19,3,5,0,27,0,334
16079.0,19,3,5,0,27,0,334
16080.0,19,3,5,0,27,0,334
16081.0,19,3,5,0,27,0,334
16082.0,19,3,5,0,27,0,334
16083.0,19,3,5,0,27,0,334
16084.0,19,3,5,0,27,0,334
16085.0,19,3,5,0,27,0,334
16086.0,19,3,5,0,27,0,334
16087.0,19,3,5,0,27,0,334
16088.0,19,3,5,0,27,0,334
16089.0,19,3,5,0,27,0,334
16090.0,19,3,5,0,27,0,334
16091.0,19,3,5,0,27,0,334
16092.0,19,3,5,0,27,0,334
16093.0,19,3,5,0,27,0,334
16094.0,19,3,5,0,27,0,334
16095.0,19,3,5,0,27,0,334
16096.0,19,3,5,0,27,0,334
16097.0,19,3,5,0,27,0,334
16098.0,19,3,5,0,27,0,334
16099.0,19,3,5,0,27,0,334
16100.0,19,3,5,0,27,0,334
16101.0,19,3,5,0,27,0,334
16102.0,19,3,5,0,27,0,334
16103.0,19,3,5,0,27,0,334
16104.0,19,3,5,0,27,0,334
16105.0,19,3,5,0,27,0,334
16106.0,19,3,5,0,27,0,334
16107.0,19,3,5,0,27,0,334
16108.0,19,3,5,0,27,0,334
16109.0,19,3,5,0,27,0,334
16110.0,19,3,5,0,27,0,334
16111.0,19,3,5,0,27,0,334
16112.0,19,3,5,0,27,0,334
16113.0,19,3,5,0,27,0,334
16114.0,19,3,5,0,27,0,334
16115.0,19,3,5,0,27,0,334
16116.0,19,3,5,0,27,0,334
16117.0,19,3,5,0,27,0,334
16118.0,19,3,5,0,27,0,334
16119.0,19,3,5,0,27,0,334
16120.0,19,3,5,0,27,0,334
16121.0,19,3,5,0,27,0,334
16122.0,19,3,5,0,27,0,334
16123.0,19,3,5,0,27,0,334
16124.0,19,3,5,0,27,0,334
16125.0,19,3,5,0,27,0,334
16126.0,19,3,5,0,27,0,334
16127.0,19,3,5,0,27,0,334
16128.0,19,3,5,0,27,0,334
16129.0,19,3,5,0,27,0,334
16130.0,19,3,5,0,27,0,334
16131.0,19,3,5,0,27,0,334
16132.0,19,3,5,0,27,0,334
16133.0,19,3,5,0,27,0,334
16134.0,19,3,5,0,27,0,334
16135.0,19,3,5,0,27,0,334
16136.0,19,3,5,0,27,0,334
16137.0,19,3,5,0,27,0,334
16138.0,19,3,5,0,27,0,334
16139.0,19,3,5,0,27,0,334
16140.0,19,3,5,0,27,0,334
16141.0,19,3,5,0,27,0,334
16142.0,19,3,5,0,27,0,334
16143.0,19,3,5,0,27,0,334
16144.0,19,3,5,0,27,0,334
16145.0,19,3,5,0,27,0,334
16146.0,19,3,5,0,27,0,334
16147.0,19,3,5,0,27,0,334
16148.0,19,3,5,0,27,0,334
16149.0,19,3,5,0,27,0,334
16150.0,19,3,5,0,27,0,334
16151.0,19,3,5,0,27,0,334
16152.0,19,3,5,0,27,0,334
16153.0,19,3,5,0,27,0,334
16154.0,19,3,5,0,27,0,334
16155.0,19,3,5,0,27,0,334
16156.0,19,3,5,0,27,0,334
16157.0,19,3,5,0,27,0,334
16158.0,19,3,5,0,27,0,334
16159.0,19,3,5,0,27,0,334
16160.0,19,3,5,0,27,0,334
16161.0,19,3,5,0,27,0,334
16162.0,19,3,5,0,27,0,334
16163.0,19,3,5,0,27,0,334
16164.0,19,3,5,0,27,0,334
16165.0,19,3,5,0,27,0,334
16166.0,19,3,5,0,27,0,334
16167.0,19,3,5,0,27,0,334
16168.0,19,3,5,0,27,0,334
16169.0,19,3,5,0,27,0,334
16170.0,19,3,5,0,27,0,334
16171.0,19,3,5,0,27,0,334
16172.0,19,3,5,0,27,0,334
16173.0,19,3,5,0,27,0,334
16174.0,19,3,5,0,27,0,334
16175.0,19,3,5,0,27,0,334
16176.0,19,3,5,0,27,0,334
16177.0,19,3,5,0,27,0,334
16178.0,19,3,5,0,27,0,334
16179.0,19,3,5,0,27,0,334
16180.0,19,3,5,0,27,0,334
16181.0,19,3,5,0,27,0,334
16182.0,19,3,5,0,27,0,334
16183.0,19,3,5,0,27,0,334
16184.0,19,3,5,0,27,0,334
16185.0,19,3,5,0,27,0,334
16186.0,19,3,5,0,27,0,334
16187.0,19,3,5,0,27,0,334
16188.0,19,3,5,0,27,0,334
16189.0,19,3,5,0,27,0,334
16190.0,19,3,5,0,27,0,334
16191.0,19,3,5,0,27,0,334
16192.0,19,3,5,0,27,0,334
16193.0,19,3,5,0,27,0,334
16194.0,19,3,5,0,27,0,334
16195.0,19,3,5,0,27,0,334
16196.0,19,3,5,0,27,0,334
16197.0,19,3,5,0,27,0,334
16198.0,19,3,5,0,27,0,334
16199.0,19,3,5,0,27,0,334
16200.0,19,3,5,0,27,0,334
16201.0,19,3,5,0,27,0,334
16202.0,19,3,5,0,27,0,334
16203.0,19,3,5,0,27,0,334
16204.0,19,3,5,0,27,0,334
16205.0,19,3,5,0,27,0,334
16206.0,19,3,5,0,27,0,334
16207.0,19,3,5,0,27,0,334
16208.0,19,3,5,0,27,0,334
16209.0,19,3,5,0,27,0,334
16210.0,19,3,5,0,27,0,334
16211.0,19,3,5,0,27,0,334
16212.0,19,3,5,0,27,0,334
16213.0,19,3,5,0,27,0,334
16214.0,19,3,5,0,27,0,334
16215.0,19,3,5,0,27,0,334
16216.0,19,3,5,0,27,0,334
16217.0,19,3,5,0,27,0,334
16218.0,19,3,5,0,27,0,334
16219.0,19,3,5,0,27,0,334
16220.0,19,3,5,0,27,0,334
16221.0,19,3,5,0,27,0,334
16222.0,19,3,5,0,27,0,334
16223.0,19,3,5,0,27,0,334
16224.0,19,3,5,0,27,0,334
16225.0,19,3,5,0,27,0,334
16226.0,19,3,5,0,27,0,334
16227.0,19,3,5,0,27,0,334
16228.0,19,3,5,0,27,0,334
16229.0,19,3,5,0,27,0,334
16230.0,19,3,5,0,27,0,334
16231.0,19,3,5,0,27,0,334
16232.0,19,3,5,0,27,0,334
16233.0,19,3,5,0,27,0,334
16234.0,19,3,5,0,27,0,334
16235.0,19,3,5,0,27,0,334
16236.0,19,3,5,0,27,0,334
16237.0,19,3,5,0,27,0,334
16238.0,19,3,5,0,27,0,334
16239.0,19,3,5,0,27,0,334
16240.0,19,3,5,0,27,0,334
16241.0,19,3,5,0,27,0,334
16242.0,19,3,5,0,27,0,334
16243.0,19,3,5,0,27,0,334
16244.0,19,3,5,0,27,0,334
16245.0,19,3,5,0,27,0,334
16246.0,19,3,5,0,27,0,334
16247.0,19,3,5,0,27,0,334
16248.0,19,3,5,0,27,0,334
16249.0,19,3,5,0,27,0,334
16250.0,19,3,5,0,27,0,334
16251.0,19,3,5,0,27,0,334
16252.0,19,3,5,0,27,0,334
16253.0,19,3,5,0,27,0,334
16254.0,19,3,5,0,27,0,334
16255.0,19,3,5,0,27,0,334
16256.0,19,3,5,0,27,0,334
16257.0,19,3,5,0,27,0,334
16258.0,19,3,5,0,27,0,334
16259.0,19,3,5,0,27,0,334
16260.0,19,3,5,0,27,0,334
16261.0,19,3,5,0,27,0,334
16262.0,19,3,5,0,27,0,334
16263.0,19,3,5,0,27,0,334
16264.0,19,3,5,0,27,0,334
16265.0,19,3,5,0,27,0,334
16266.0,19,3,5,0,27,0,334
16267.0,19,3,5,0,27,0,334
16268.0,19,3,5,0,27,0,334
16269.0,19,3,5,0,27,0,334
16270.0,19,3,5,0,27,0,334
16271.0,19,3,5,0,27,0,334
16272.0,19,3,5,0,27,0,334
16273.0,19,3,5,0,27,0,334
16274.0,19,3,5,0,27,0,334
16275.0,19,3,5,0,27,0,334
16276.0,19,3,5,0,27,0,334
16277.0,19,3,5,0,27,0,334
16278.0,19,3,5,0,27,0,334
16279.0,19,3,5,0,27,0,334
16280.0,19,3,5,0,27,0,334
16281.0,19,3,5,0,27,0,334
16282.0,19,3,5,0,27,0,334
16283.0,19,3,5,0,27,0,334
16284.0,19,3,5,0,27,0,334
16285.0,19,3,5,0,27,0,334
16286.0,19,3,5,0,27,0,334
16287.0,19,3,5,0,27,0,334
16288.0,19,3,5,0,27,0,334
16289.0,19,3,5,0,27,0,334
16290.0,19,3,5,0,27,0,334
16291.0,19,3,5,0,27,0,334
16292.0,19,3,5,0,27,0,334
16293.0,19,3,5,0,27,0,334
16294.0,19,3,5,0,27,0,334
16295.0,19,3,5,0,27,0,334
16296.0,19,3,5,0,27,0,334
16297.0,19,3,5,0,27,0,334
16298.0,19,3,5,0,27,0,334
16299.0,19,3,5,0,27,0,334
16300.0,19,3,5,0,27,0,334
16301.0,19,3,5,0,27,0,334
16302.0,19,3,5,0,27,0,334
16303.0,19,3,5,0,27,0,334
16304.0,19,3,5,0,27,0,334
16305.0,19,3,5,0,27,0,334
16306.0,19,3,5,0,27,0,334
16307.0,19,3,5,0,27,0,334
16308.0,19,3,5,0,27,0,334
16309.0,19,3,5,0,27,0,334
16310.0,19,3,5,0,27,0,334
16311.0,19,3,5,0,27,0,334
16312.0,19,3,5,0,27,0,334
16313.0,19,3,5,0,27,0,334
16314.0,19,3,5,0,27,0,334
16315.0,19,3,5,0,27,0,334
16316.0,19,3,5,0,27,0,334
16317.0,19,3,5,0,27,0,334
16318.0,19,3,5,0,27,0,334
16319.0,19,3,5,0,27,0,334
16320.0,19,3,5,0,27,0,334
16321.0,19,3,5,0,27,0,334
16322.0,19,3,5,0,27,0,334
16323.0,19,3,5,0,27,0,334
16324.0,19,3,5,0,27,0,334
16325.0,19,3,5,0,27,0,334
16326.0,19,3,5,0,27,0,334
16327.0,19,3,5,0,27,0,334
16328.0,19,3,5,0,27,0,334
16329.0,19,3,5,0,27,0,334
16330.0,19,3,5,0,27,0,334
16331.0,19,3,5,0,27,0,334
16332.0,19,3,5,0,27,0,334
16333.0,19,3,5,0,27,0,334
16334.0,19,3,5,0,27,0,334
16335.0,19,3,5,0,27,0,334
16336.0,19,3,5,0,27,0,334
16337.0,19,3,5,0,27,0,334
16338.0,19,3,5,0,27,0,334
16339.0,19,3,5,0,27,0,334
16340.0,19,3,5,0,27,0,334
16341.0,19,3,5,0,27,0,334
16342.0,19,3,5,0,27,0,334
16343.0,19,3,5,0,27,0,334
16344.0,19,3,5,0,27,0,334
16345.0,19,3,5,0,27,0,334
16346.0,19,3,5,0,27,0,334
16347.0,19,3,5,0,27,0,334
16348.0,19,3,5,0,27,0,334
16349.0,19,3,5,0,27,0,334
16350.0,19,3,5,0,27,0,334
16351.0,19,3,5,0,27,0,334
16352.0,19,3,5,0,27,0,334
16353.0,19,3,5,0,27,0,334
16354.0,19,3,5,0,27,0,334
16355.0,19,3,5,0,27,0,334
16356.0,19,3,5,0,27,0,334
16357.0,19,3,5,0,27,0,334
16358.0,19,3,5,0,27,0,334
16359.0,19,3,5,0,27,0,334
16360.0,19,3,5,0,27,0,334
16361.0,19,3,5,0,27,0,334
16362.0,19,3,5,0,27,0,334
16363.0,19,3,5,0,27,0,334
16364.0,19,3,5,0,27,0,334
16365.0,19,3,5,0,27,0,334
16366.0,19,3,5,0,27,0,334
16367.0,19,3,5,0,27,0,334
16368.0,19,3,5,0,27,0,334
16369.0,19,3,5,0,27,0,334
16370.0,19,3,5,0,27,0,334
16371.0,19,3,5,0,27,0,334
16372.0,19,3,5,0,27,0,334
16373.0,19,3,5,0,27,0,334
16374.0,19,3,5,0,27,0,334
16375.0,19,3,5,0,27,0,334
16376.0,19,3,5,0,27,0,334
16377.0,19,3,5,0,27,0,334
16378.0,19,3,5,0,27,0,334
16379.0,19,3,5,0,27,0,334
16380.0,19,3,5,0,27,0,334
16381.0,19,3,5,0,27,0,334
16382.0,19,3,5,0,27,0,334
16383.0,19,3,5,0,27,0,334
16384.0,19,3,5,0,27,0,334
16385.0,19,3,5,0,27,0,334
16386.0,19,3,5,0,27,0,334
16387.0,19,3,5,0,27,0,334
16388.0,19,3,5,0,27,0,334
16389.0,19,3,5,0,27,0,334
16390.0,19,3,5,0,27,0,334
16391.0,19,3,5,0,27,0,334
16392.0,19,3,5,0,27,0,334
16393.0,19,3,5,0,27,0,334
16394.0,19,3,5,0,27,0,334
16395.0,19,3,5,0,27,0,334
16396.0,19,3,5,0,27,0,334
16397.0,19,3,5,0,27,0,334
16398.0,19,3,5,0,27,0,334
16399.0,19,3,5,0,27,0,334
16400.0,19,3,5,0,27,0,334
16401.0,19,3,5,0,27,0,334
16402.0,19,3,5,0,27,0,334
16403.0,19,3,5,0,27,0,334
16404.0,19,3,5,0,27,0,334
16405.0,19,3,5,0,27,0,334
16406.0,19,3,5,0,27,0,334
16407.0,19,3,5,0,27,0,334
16408.0,19,3,5,0,27,0,334
16409.0,19,3,5,0,27,0,334
16410.0,19,3,5,0,27,0,334
16411.0,19,3,5,0,27,0,334
16412.0,19,3,5,0,27,0,334
16413.0,19,3,5,0,27,0,334
16414.0,19,3,5,0,27,0,334
16415.0,19,3,5,0,27,0,334
16416.0,19,3,5,0,27,0,334
16417.0,19,3,5,0,27,0,334
16418.0,19,3,5,0,27,0,334
16419.0,19,3,5,0,27,0,334
16420.0,19,3,5,0,27,0,334
16421.0,19,3,5,0,27,0,334
16422.0,19,3,5,0,27,0,334
16423.0,19,3,5,0,27,0,334
16424.0,19,3,5,0,27,0,334
16425.0,19,3,5,0,27,0,334
16426.0,19,3,5,0,27,0,334
16427.0,19,3,5,0,27,0,334
16428.0,19,3,5,0,27,0,334
16429.0,19,3,5,0,27,0,334
16430.0,19,3,5,0,27,0,334
16431.0,19,3,5,0,27,0,334
16432.0,19,3,5,0,27,0,334
16433.0,19,3,5,0,27,0,334
16434.0,19,3,5,0,27,0,334
16435.0,19,3,5,0,27,0,334
16436.0,19,3,5,0,27,0,334
16437.0,19,3,5,0,27,0,334
16438.0,19,3,5,0,27,0,334
16439.0,19,3,5,0,27,0,334
16440.0,19,3,5,0,27,0,334
16441.0,19,3,5,0,27,0,334
16442.0,19,3,5,0,27,0,334
16443.0,19,3,5,0,27,0,334
16444.0,19,3,5,0,27,0,334
16445.0,19,3,5,0,27,0,334
16446.0,19,3,5,0,27,0,334
16447.0,19,3,5,0,27,0,334
16448.0,19,3,5,0,27,0,334
16449.0,19,3,5,0,27,0,334
16450.0,19,3,5,0,27,0,334
16451.0,19,3,5,0,27,0,334
16452.0,19,3,5,0,27,0,334
16453.0,19,3,5,0,27,0,334
16454.0,19,3,5,0,27,0,334
16455.0,19,3,5,0,27,0,334
16456.0,19,3,5,0,27,0,334
16457.0,19,3,5,0,27,0,334
16458.0,19,3,5,0,27,0,334
16459.0,19,3,5,0,27,0,334
16460.0,19,3,5,0,27,0,334
16461.0,19,3,5,0,27,0,334
16462.0,19,3,5,0,27,0,334
16463.0,19,3,5,0,27,0,334
16464.0,19,3,5,0,27,0,334
16465.0,19,3,5,0,27,0,334
16466.0,19,3,5,0,27,0,334
16467.0,19,3,5,0,27,0,334
16468.0,19,3,5,0,27,0,334
16469.0,19,3,5,0,27,0,334
16470.0,19,3,5,0,27,0,334
16471.0,19,3,5,0,27,0,334
16472.0,19,3,5,0,27,0,334
16473.0,19,3,5,0,27,0,334
16474.0,19,3,5,0,27,0,334
16475.0,19,3,5,0,27,0,334
16476.0,19,3,5,0,27,0,334
16477.0,19,3,5,0,27,0,334
16478.0,19,3,5,0,27,0,334
16479.0,19,3,5,0,27,0,334
16480.0,19,3,5,0,27,0,334
16481.0,19,3,5,0,27,0,334
16482.0,19,3,5,0,27,0,334
16483.0,19,3,5,0,27,0,334
16484.0,19,3,5,0,27,0,334
16485.0,19,3,5,0,27,0,334
16486.0,19,3,5,0,27,0,334
16487.0,19,3,5,0,27,0,334
16488.0,19,3,5,0,27,0,334
16489.0,19,3,5,0,27,0,334
16490.0,19,3,5,0,27,0,334
16491.0,19,3,5,0,27,0,334
16492.0,19,3,5,0,27,0,334
16493.0,19,3,5,0,27,0,334
16494.0,19,3,5,0,27,0,334
16495.0,19,3,5,0,27,0,334
16496.0,19,3,5,0,27,0,334
16497.0,19,3,5,0,27,0,334
16498.0,19,3,5,0,27,0,334
16499.0,19,3,5,0,27,0,334
16500.0,19,3,5,0,27,0,334
16501.0,19,3,5,0,27,0,334
16502.0,19,3,5,0,27,0,334
16503.0,19,3,5,0,27,0,334
16504.0,19,3,5,0,27,0,334
16505.0,19,3,5,0,27,0,334
16506.0,19,3,5,0,27,0,334
16507.0,19,3,5,0,27,0,334
16508.0,19,3,5,0,27,0,334
16509.0,19,3,5,0,27,0,334
16510.0,19,3,5,0,27,0,334
16511.0,19,3,5,0,27,0,334
16512.0,19,3,5,0,27,0,334
16513.0,19,3,5,0,27,0,334
16514.0,19,3,5,0,27,0,334
16515.0,19,3,5,0,27,0,334
16516.0,19,3,5,0,27,0,334
16517.0,19,3,5,0,27,0,334
16518.0,19,3,5,0,27,0,334
16519.0,19,3,5,0,27,0,334
16520.0,19,3,5,0,27,0,334
16521.0,19,3,5,0,27,0,334
16522.0,19,3,5,0,27,0,334
16523.0,19,3,5,0,27,0,334
16524.0,19,3,5,0,27,0,334
16525.0,19,3,5,0,27,0,334
16526.0,19,3,5,0,27,0,334
16527.0,19,3,5,0,27,0,334
16528.0,19,3,5,0,27,0,334
16529.0,19,3,5,0,27,0,334
16530.0,19,3,5,0,27,0,334
16531.0,19,3,5,0,27,0,334
16532.0,19,3,5,0,27,0,334
16533.0,19,3,5,0,27,0,334
16534.0,19,3,5,0,27,0,334
16535.0,19,3,5,0,27,0,334
16536.0,19,3,5,0,27,0,334
16537.0,19,3,5,0,27,0,334
16538.0,19,3,5,0,27,0,334
16539.0,19,3,5,0,27,0,334
16540.0,19,3,5,0,27,0,334
16541.0,19,3,5,0,27,0,334
16542.0,19,3,5,0,27,0,334
16543.0,19,3,5,0,27,0,334
16544.0,19,3,5,0,27,0,334
16545.0,19,3,5,0,27,0,334
16546.0,19,3,5,0,27,0,334
16547.0,19,3,5,0,27,0,334
16548.0,19,3,5,0,27,0,334
16549.0,19,3,5,0,27,0,334
16550.0,19,3,5,0,27,0,334
16551.0,19,3,5,0,27,0,334
16552.0,19,3,5,0,27,0,334
16553.0,19,3,5,0,27,0,334
16554.0,19,3,5,0,27,0,334
16555.0,19,3,5,0,27,0,334
16556.0,19,3,5,0,27,0,334
16557.0,19,3,5,0,27,0,334
16558.0,19,3,5,0,27,0,334
16559.0,19,3,5,0,27,0,334
16560.0,19,3,5,0,27,0,334
16561.0,19,3,5,0,27,0,334
16562.0,19,3,5,0,27,0,334
16563.0,19,3,5,0,27,0,334
16564.0,19,3,5,0,27,0,334
16565.0,19,3,5,0,27,0,334
16566.0,19,3,5,0,27,0,334
16567.0,19,3,5,0,27,0,334
16568.0,19,3,5,0,27,0,334
16569.0,19,3,5,0,27,0,334
16570.0,19,3,5,0,27,0,334
16571.0,19,3,5,0,27,0,334
16572.0,19,3,5,0,27,0,334
16573.0,19,3,5,0,27,0,334
16574.0,19,3,5,0,27,0,334
16575.0,19,3,5,0,27,0,334
16576.0,19,3,5,0,27,0,334
16577.0,19,3,5,0,27,0,334
16578.0,19,3,5,0,27,0,334
16579.0,19,3,5,0,27,0,334
16580.0,19,3,5,0,27,0,334
16581.0,19,3,5,0,27,0,334
16582.0,19,3,5,0,27,0,334
16583.0,19,3,5,0,27,0,334
16584.0,19,3,5,0,27,0,334
16585.0,19,3,5,0,27,0,334
16586.0,19,3,5,0,27,0,334
16587.0,19,3,5,0,27,0,334
16588.0,19,3,5,0,27,0,334
16589.0,19,3,5,0,27,0,334
16590.0,19,3,5,0,27,0,334
16591.0,19,3,5,0,27,0,334
16592.0,19,3,5,0,27,0,334
16593.0,19,3,5,0,27,0,334
16594.0,19,3,5,0,27,0,334
16595.0,19,3,5,0,27,0,334
16596.0,19,3,5,0,27,0,334
16597.0,19,3,5,0,27,0,334
16598.0,19,3,5,0,27,0,334
16599.0,19,3,5,0,27,0,334
16600.0,19,3,5,0,27,0,334
16601.0,19,3,5,0,27,0,334
16602.0,19,3,5,0,27,0,334
16603.0,19,3,5,0,27,0,334
16604.0,19,3,5,0,27,0,334
16605.0,19,3,5,0,27,0,334
16606.0,19,3,5,0,27,0,334
16607.0,19,3,5,0,27,0,334
16608.0,19,3,5,0,27,0,334
16609.0,19,3,5,0,27,0,334
16610.0,19,3,5,0,27,0,334
16611.0,19,3,5,0,27,0,334
16612.0,19,3,5,0,27,0,334
16613.0,19,3,5,0,27,0,334
16614.0,19,3,5,0,27,0,334
16615.0,19,3,5,0,27,0,334
16616.0,19,3,5,0,27,0,334
16617.0,19,3,5,0,27,0,334
16618.0,19,3,5,0,27,0,334
16619.0,19,3,5,0,27,0,334
16620.0,19,3,5,0,27,0,334
16621.0,19,3,5,0,27,0,334
16622.0,19,3,5,0,27,0,334
16623.0,19,3,5,0,27,0,334
16624.0,19,3,5,0,27,0,334
16625.0,19,3,5,0,27,0,334
16626.0,19,3,5,0,27,0,334
16627.0,19,3,5,0,27,0,334
16628.0,19,3,5,0,27,0,334
16629.0,19,3,5,0,27,0,334
16630.0,19,3,5,0,27,0,334
16631.0,19,3,5,0,27,0,334
16632.0,19,3,5,0,27,0,334
16633.0,19,3,5,0,27,0,334
16634.0,19,3,5,0,27,0,334
16635.0,19,3,5,0,27,0,334
16636.0,19,3,5,0,27,0,334
16637.0,19,3,5,0,27,0,334
16638.0,19,3,5,0,27,0,334
16639.0,19,3,5,0,27,0,334
16640.0,19,3,5,0,27,0,334
16641.0,19,3,5,0,27,0,334
16642.0,19,3,5,0,27,0,334
16643.0,19,3,5,0,27,0,334
16644.0,19,3,5,0,27,0,334
16645.0,19,3,5,0,27,0,334
16646.0,19,3,5,0,27,0,334
16647.0,19,3,5,0,27,0,334
16648.0,19,3,5,0,27,0,334
16649.0,19,3,5,0,27,0,334
16650.0,19,3,5,0,27,0,334
16651.0,19,3,5,0,27,0,334
16652.0,19,3,5,0,27,0,334
16653.0,19,3,5,0,27,0,334
16654.0,19,3,5,0,27,0,334
16655.0,19,3,5,0,27,0,334
16656.0,19,3,5,0,27,0,334
16657.0,19,3,5,0,27,0,334
16658.0,19,3,5,0,27,0,334
16659.0,19,3,5,0,27,0,334
16660.0,19,3,5,0,27,0,334
16661.0,19,3,5,0,27,0,334
16662.0,19,3,5,0,27,0,334
16663.0,19,3,5,0,27,0,334
16664.0,19,3,5,0,27,0,334
16665.0,19,3,5,0,27,0,334
16666.0,19,3,5,0,27,0,334
16667.0,19,3,5,0,27,0,334
16668.0,19,3,5,0,27,0,334
16669.0,19,3,5,0,27,0,334
16670.0,19,3,5,0,27,0,334
16671.0,19,3,5,0,27,0,334
16672.0,19,3,5,0,27,0,334
16673.0,19,3,5,0,27,0,334
16674.0,19,3,5,0,27,0,334
16675.0,19,3,5,0,27,0,334
16676.0,19,3,5,0,27,0,334
16677.0,19,3,5,0,27,0,334
16678.0,19,3,5,0,27,0,334
16679.0,19,3,5,0,27,0,334
16680.0,19,3,5,0,27,0,334
16681.0,19,3,5,0,27,0,334
16682.0,19,3,5,0,27,0,334
16683.0,19,3,5,0,27,0,334
16684.0,19,3,5,0,27,0,334
16685.0,19,3,5,0,27,0,334
16686.0,19,3,5,0,27,0,334
16687.0,19,3,5,0,27,0,334
16688.0,19,3,5,0,27,0,334
16689.0,19,3,5,0,27,0,334
16690.0,19,3,5,0,27,0,334
16691.0,19,3,5,0,27,0,334
16692.0,19,3,5,0,27,0,334
16693.0,19,3,5,0,27,0,334
16694.0,19,3,5,0,27,0,334
16695.0,19,3,5,0,27,0,334
16696.0,19,3,5,0,27,0,334
16697.0,19,3,5,0,27,0,334
16698.0,19,3,5,0,27,0,334
16699.0,19,3,5,0,27,0,334
16700.0,19,3,5,0,27,0,334
16701.0,19,3,5,0,27,0,334
16702.0,19,3,5,0,27,0,334
16703.0,19,3,5,0,27,0,334
16704.0,19,3,5,0,27,0,334
16705.0,19,3,5,0,27,0,334
16706.0,19,3,5,0,27,0,334
16707.0,19,3,5,0,27,0,334
16708.0,19,3,5,0,27,0,334
16709.0,19,3,5,0,27,0,334
16710.0,19,3,5,0,27,0,334
16711.0,19,3,5,0,27,0,334
16712.0,19,3,5,0,27,0,334
16713.0,19,3,5,0,27,0,334
16714.0,19,3,5,0,27,0,334
16715.0,19,3,5,0,27,0,334
16716.0,19,3,5,0,27,0,334
16717.0,19,3,5,0,27,0,334
16718.0,19,3,5,0,27,0,334
16719.0,19,3,5,0,27,0,334
16720.0,19,3,5,0,27,0,334
16721.0,19,3,5,0,27,0,334
16722.0,19,3,5,0,27,0,334
16723.0,19,3,5,0,27,0,334
16724.0,19,3,5,0,27,0,334
16725.0,19,3,5,0,27,0,334
16726.0,19,3,5,0,27,0,334
16727.0,19,3,5,0,27,0,334
16728.0,19,3,5,0,27,0,334
16729.0,19,3,5,0,27,0,334
16730.0,19,3,5,0,27,0,334
16731.0,19,3,5,0,27,0,334
16732.0,19,3,5,0,27,0,334
16733.0,19,3,5,0,27,0,334
16734.0,19,3,5,0,27,0,334
16735.0,19,3,5,0,27,0,334
16736.0,19,3,5,0,27,0,334
16737.0,19,3,5,0,27,0,334
16738.0,19,3,5,0,27,0,334
16739.0,19,3,5,0,27,0,334
16740.0,19,3,5,0,27,0,334
16741.0,19,3,5,0,27,0,334
16742.0,19,3,5,0,27,0,334
16743.0,19,3,5,0,27,0,334
16744.0,19,3,5,0,27,0,334
16745.0,19,3,5,0,27,0,334
16746.0,19,3,5,0,27,0,334
16747.0,19,3,5,0,27,0,334
16748.0,19,3,5,0,27,0,334
16749.0,19,3,5,0,27,0,334
16750.0,19,3,5,0,27,0,334
16751.0,19,3,5,0,27,0,334
16752.0,19,3,5,0,27,0,334
16753.0,19,3,5,0,27,0,334
16754.0,19,3,5,0,27,0,334
16755.0,19,3,5,0,27,0,334
16756.0,19,3,5,0,27,0,334
16757.0,19,3,5,0,27,0,334
16758.0,19,3,5,0,27,0,334
16759.0,19,3,5,0,27,0,334
16760.0,19,3,5,0,27,0,334
16761.0,19,3,5,0,27,0,334
16762.0,19,3,5,0,27,0,334
16763.0,19,3,5,0,27,0,334
16764.0,19,3,5,0,27,0,334
16765.0,19,3,5,0,27,0,334
16766.0,19,3,5,0,27,0,334
16767.0,19,3,5,0,27,0,334
16768.0,19,3,5,0,27,0,334
16769.0,19,3,5,0,27,0,334
16770.0,19,3,5,0,27,0,334
16771.0,19,3,5,0,27,0,334
16772.0,19,3,5,0,27,0,334
16773.0,19,3,5,0,27,0,334
16774.0,19,3,5,0,27,0,334
16775.0,19,3,5,0,27,0,334
16776.0,19,3,5,0,27,0,334
16777.0,19,3,5,0,27,0,334
16778.0,19,3,5,0,27,0,334
16779.0,19,3,5,0,27,0,334
16780.0,19,3,5,0,27,0,334
16781.0,19,3,5,0,27,0,334
16782.0,19,3,5,0,27,0,334
16783.0,19,3,5,0,27,0,334
16784.0,19,3,5,0,27,0,334
16785.0,19,3,5,0,27,0,334
16786.0,19,3,5,0,27,0,334
16787.0,19,3,5,0,27,0,334
16788.0,19,3,5,0,27,0,334
16789.0,19,3,5,0,27,0,334
16790.0,19,3,5,0,27,0,334
16791.0,19,3,5,0,27,0,334
16792.0,19,3,5,0,27,0,334
16793.0,19,3,5,0,27,0,334
16794.0,19,3,5,0,27,0,334
16795.0,19,3,5,0,27,0,334
16796.0,19,3,5,0,27,0,334
16797.0,19,3,5,0,27,0,334
16798.0,19,3,5,0,27,0,334
16799.0,19,3,5,0,27,0,334
16800.0,19,3,5,0,27,0,334
16801.0,19,3,5,0,27,0,334
16802.0,19,3,5,0,27,0,334
16803.0,19,3,5,0,27,0,334
16804.0,19,3,5,0,27,0,334
16805.0,19,3,5,0,27,0,334
16806.0,19,3,5,0,27,0,334
16807.0,19,3,5,0,27,0,334
16808.0,19,3,5,0,27,0,334
16809.0,19,3,5,0,27,0,334
16810.0,19,3,5,0,27,0,334
16811.0,19,3,5,0,27,0,334
16812.0,19,3,5,0,27,0,334
16813.0,19,3,5,0,27,0,334
16814.0,19,3,5,0,27,0,334
16815.0,19,3,5,0,27,0,334
16816.0,19,3,5,0,27,0,334
16817.0,19,3,5,0,27,0,334
16818.0,19,3,5,0,27,0,334
16819.0,19,3,5,0,27,0,334
16820.0,19,3,5,0,27,0,334
16821.0,19,3,5,0,27,0,334
16822.0,19,3,5,0,27,0,334
16823.0,19,3,5,0,27,0,334
16824.0,19,3,5,0,27,0,334
16825.0,19,3,5,0,27,0,334
16826.0,19,3,5,0,27,0,334
16827.0,19,3,5,0,27,0,334
16828.0,19,3,5,0,27,0,334
16829.0,19,3,5,0,27,0,334
16830.0,19,3,5,0,27,0,334
16831.0,19,3,5,0,27,0,334
16832.0,19,3,5,0,27,0,334
16833.0,19,3,5,0,27,0,334
16834.0,19,3,5,0,27,0,334
16835.0,19,3,5,0,27,0,334
16836.0,19,3,5,0,27,0,334
16837.0,19,3,5,0,27,0,334
16838.0,19,3,5,0,27,0,334
16839.0,19,3,5,0,27,0,334
16840.0,19,3,5,0,27,0,334
16841.0,19,3,5,0,27,0,334
16842.0,19,3,5,0,27,0,334
16843.0,19,3,5,0,27,0,334
16844.0,19,3,5,0,27,0,334
16845.0,19,3,5,0,27,0,334
16846.0,19,3,5,0,27,0,334
16847.0,19,3,5,0,27,0,334
16848.0,19,3,5,0,27,0,334
16849.0,19,3,5,0,27,0,334
16850.0,19,3,5,0,27,0,334
16851.0,19,3,5,0,27,0,334
16852.0,19,3,5,0,27,0,334
16853.0,19,3,5,0,27,0,334
16854.0,19,3,5,0,27,0,334
16855.0,19,3,5,0,27,0,334
16856.0,19,3,5,0,27,0,334
16857.0,19,3,5,0,27,0,334
16858.0,19,3,5,0,27,0,334
16859.0,19,3,5,0,27,0,334
16860.0,19,3,5,0,27,0,334
16861.0,19,3,5,0,27,0,334
16862.0,19,3,5,0,27,0,334
16863.0,19,3,5,0,27,0,334
16864.0,19,3,5,0,27,0,334
16865.0,19,3,5,0,27,0,334
16866.0,19,3,5,0,27,0,334
16867.0,19,3,5,0,27,0,334
16868.0,19,3,5,0,27,0,334
16869.0,19,3,5,0,27,0,334
16870.0,19,3,5,0,27,0,334
16871.0,19,3,5,0,27,0,334
16872.0,19,3,5,0,27,0,334
16873.0,19,3,5,0,27,0,334
16874.0,19,3,5,0,27,0,334
16875.0,19,3,5,0,27,0,334
16876.0,19,3,5,0,27,0,334
16877.0,19,3,5,0,27,0,334
16878.0,19,3,5,0,27,0,334
16879.0,19,3,5,0,27,0,334
16880.0,19,3,5,0,27,0,334
16881.0,19,3,5,0,27,0,334
16882.0,19,3,5,0,27,0,334
16883.0,19,3,5,0,27,0,334
16884.0,19,3,5,0,27,0,334
16885.0,19,3,5,0,27,0,334
16886.0,19,3,5,0,27,0,334
16887.0,19,3,5,0,27,0,334
16888.0,19,3,5,0,27,0,334
16889.0,19,3,5,0,27,0,334
16890.0,19,3,5,0,27,0,334
16891.0,19,3,5,0,27,0,334
16892.0,19,3,5,0,27,0,334
16893.0,19,3,5,0,27,0,334
16894.0,19,3,5,0,27,0,334
16895.0,19,3,5,0,27,0,334
16896.0,19,3,5,0,27,0,334
16897.0,19,3,5,0,27,0,334
16898.0,19,3,5,0,27,0,334
16899.0,19,3,5,0,27,0,334
16900.0,19,3,5,0,27,0,334
16901.0,19,3,5,0,27,0,334
16902.0,19,3,5,0,27,0,334
16903.0,19,3,5,0,27,0,334
16904.0,19,3,5,0,27,0,334
16905.0,19,3,5,0,27,0,334
16906.0,19,3,5,0,27,0,334
16907.0,19,3,5,0,27,0,334
16908.0,19,3,5,0,27,0,334
16909.0,19,3,5,0,27,0,334
16910.0,19,3,5,0,27,0,334
16911.0,19,3,5,0,27,0,334
16912.0,19,3,5,0,27,0,334
16913.0,19,3,5,0,27,0,334
16914.0,19,3,5,0,27,0,334
16915.0,19,3,5,0,27,0,334
16916.0,19,3,5,0,27,0,334
16917.0,19,3,5,0,27,0,334
16918.0,19,3,5,0,27,0,334
16919.0,19,3,5,0,27,0,334
16920.0,19,3,5,0,27,0,334
16921.0,19,3,5,0,27,0,334
16922.0,19,3,5,0,27,0,334
16923.0,19,3,5,0,27,0,334
16924.0,19,3,5,0,27,0,334
16925.0,19,3,5,0,27,0,334
16926.0,19,3,5,0,27,0,334
16927.0,19,3,5,0,27,0,334
16928.0,19,3,5,0,27,0,334
16929.0,19,3,5,0,27,0,334
16930.0,19,3,5,0,27,0,334
16931.0,19,3,5,0,27,0,334
16932.0,19,3,5,0,27,0,334
16933.0,19,3,5,0,27,0,334
16934.0,19,3,5,0,27,0,334
16935.0,19,3,5,0,27,0,334
16936.0,19,3,5,0,27,0,334
16937.0,19,3,5,0,27,0,334
16938.0,19,3,5,0,27,0,334
16939.0,19,3,5,0,27,0,334
16940.0,19,3,5,0,27,0,334
16941.0,19,3,5,0,27,0,334
16942.0,19,3,5,0,27,0,334
16943.0,19,3,5,0,27,0,334
16944.0,19,3,5,0,27,0,334
16945.0,19,3,5,0,27,0,334
16946.0,19,3,5,0,27,0,334
16947.0,19,3,5,0,27,0,334
16948.0,19,3,5,0,27,0,334
16949.0,19,3,5,0,27,0,334
16950.0,19,3,5,0,27,0,334
16951.0,19,3,5,0,27,0,334
16952.0,19,3,5,0,27,0,334
16953.0,19,3,5,0,27,0,334
16954.0,19,3,5,0,27,0,334
16955.0,19,3,5,0,27,0,334
16956.0,19,3,5,0,27,0,334
16957.0,19,3,5,0,27,0,334
16958.0,19,3,5,0,27,0,334
16959.0,19,3,5,0,27,0,334
16960.0,19,3,5,0,27,0,334
16961.0,19,3,5,0,27,0,334
16962.0,19,3,5,0,27,0,334
16963.0,19,3,5,0,27,0,334
16964.0,19,3,5,0,27,0,334
16965.0,19,3,5,0,27,0,334
16966.0,19,3,5,0,27,0,334
16967.0,19,3,5,0,27,0,334
16968.0,19,3,5,0,27,0,334
16969.0,19,3,5,0,27,0,334
16970.0,19,3,5,0,27,0,334
16971.0,19,3,5,0,27,0,334
16972.0,19,3,5,0,27,0,334
16973.0,19,3,5,0,27,0,334
16974.0,19,3,5,0,27,0,334
16975.0,19,3,5,0,27,0,334
16976.0,19,3,5,0,27,0,334
16977.0,19,3,5,0,27,0,334
16978.0,19,3,5,0,27,0,334
16979.0,19,3,5,0,27,0,334
16980.0,19,3,5,0,27,0,334
16981.0,19,3,5,0,27,0,334
16982.0,19,3,5,0,27,0,334
16983.0,19,3,5,0,27,0,334
16984.0,19,3,5,0,27,0,334
16985.0,19,3,5,0,27,0,334
16986.0,19,3,5,0,27,0,334
16987.0,19,3,5,0,27,0,334
16988.0,19,3,5,0,27,0,334
16989.0,19,3,5,0,27,0,334
16990.0,19,3,5,0,27,0,334
16991.0,19,3,5,0,27,0,334
16992.0,19,3,5,0,27,0,334
16993.0,19,3,5,0,27,0,334
16994.0,19,3,5,0,27,0,334
16995.0,19,3,5,0,27,0,334
16996.0,19,3,5,0,27,0,334
16997.0,19,3,5,0,27,0,334
16998.0,19,3,5,0,27,0,334
16999.0,19,3,5,0,27,0,334
17000.0,19,3,5,0,27,0,334
17001.0,19,3,5,0,27,0,334
17002.0,19,3,5,0,27,0,334
17003.0,19,3,5,0,27,0,334
17004.0,19,3,5,0,27,0,334
17005.0,19,3,5,0,27,0,334
17006.0,19,3,5,0,27,0,334
17007.0,19,3,5,0,27,0,334
17008.0,19,3,5,0,27,0,334
17009.0,19,3,5,0,27,0,334
17010.0,19,3,5,0,27,0,334
17011.0,19,3,5,0,27,0,334
17012.0,19,3,5,0,27,0,334
17013.0,19,3,5,0,27,0,334
17014.0,19,3,5,0,27,0,334
17015.0,19,3,5,0,27,0,334
17016.0,19,3,5,0,27,0,334
17017.0,19,3,5,0,27,0,334
17018.0,19,3,5,0,27,0,334
17019.0,19,3,5,0,27,0,334
17020.0,19,3,5,0,27,0,334
17021.0,19,3,5,0,27,0,334
17022.0,19,3,5,0,27,0,334
17023.0,19,3,5,0,27,0,334
17024.0,19,3,5,0,27,0,334
17025.0,19,3,5,0,27,0,334
17026.0,19,3,5,0,27,0,334
17027.0,19,3,5,0,27,0,334
17028.0,19,3,5,0,27,0,334
17029.0,19,3,5,0,27,0,334
17030.0,19,3,5,0,27,0,334
17031.0,19,3,5,0,27,0,334
17032.0,19,3,5,0,27,0,334
17033.0,19,3,5,0,27,0,334
17034.0,19,3,5,0,27,0,334
17035.0,19,3,5,0,27,0,334
17036.0,19,3,5,0,27,0,334
17037.0,19,3,5,0,27,0,334
17038.0,19,3,5,0,27,0,334
17039.0,19,3,5,0,27,0,334
17040.0,19,3,5,0,27,0,334
17041.0,19,3,5,0,27,0,334
17042.0,19,3,5,0,27,0,334
17043.0,19,3,5,0,27,0,334
17044.0,19,3,5,0,27,0,334
17045.0,19,3,5,0,27,0,334
17046.0,19,3,5,0,27,0,334
17047.0,19,3,5,0,27,0,334
17048.0,19,3,5,0,27,0,334
17049.0,19,3,5,0,27,0,334
17050.0,19,3,5,0,27,0,334
17051.0,19,3,5,0,27,0,334
17052.0,19,3,5,0,27,0,334
17053.0,19,3,5,0,27,0,334
17054.0,19,3,5,0,27,0,334
17055.0,19,3,5,0,27,0,334
17056.0,19,3,5,0,27,0,334
17057.0,19,3,5,0,27,0,334
17058.0,19,3,5,0,27,0,334
17059.0,19,3,5,0,27,0,334
17060.0,19,3,5,0,27,0,334
17061.0,19,3,5,0,27,0,334
17062.0,19,3,5,0,27,0,334
17063.0,19,3,5,0,27,0,334
17064.0,19,3,5,0,27,0,334
17065.0,19,3,5,0,27,0,334
17066.0,19,3,5,0,27,0,334
17067.0,19,3,5,0,27,0,334
17068.0,19,3,5,0,27,0,334
17069.0,19,3,5,0,27,0,334
17070.0,19,3,5,0,27,0,334
17071.0,19,3,5,0,27,0,334
17072.0,19,3,5,0,27,0,334
17073.0,19,3,5,0,27,0,334
17074.0,19,3,5,0,27,0,334
17075.0,19,3,5,0,27,0,334
17076.0,19,3,5,0,27,0,334
17077.0,19,3,5,0,27,0,334
17078.0,19,3,5,0,27,0,334
17079.0,19,3,5,0,27,0,334
17080.0,19,3,5,0,27,0,334
17081.0,19,3,5,0,27,0,334
17082.0,19,3,5,0,27,0,334
17083.0,19,3,5,0,27,0,334
17084.0,19,3,5,0,27,0,334
17085.0,19,3,5,0,27,0,334
17086.0,19,3,5,0,27,0,334
17087.0,19,3,5,0,27,0,334
17088.0,19,3,5,0,27,0,334
17089.0,19,3,5,0,27,0,334
17090.0,19,3,5,0,27,0,334
17091.0,19,3,5,0,27,0,334
17092.0,19,3,5,0,27,0,334
17093.0,19,3,5,0,27,0,334
17094.0,19,3,5,0,27,0,334
17095.0,19,3,5,0,27,0,334
17096.0,19,3,5,0,27,0,334
17097.0,19,3,5,0,27,0,334
17098.0,19,3,5,0,27,0,334
17099.0,19,3,5,0,27,0,334
17100.0,19,3,5,0,27,0,334
17101.0,19,3,5,0,27,0,334
17102.0,19,3,5,0,27,0,334
17103.0,19,3,5,0,27,0,334
17104.0,19,3,5,0,27,0,334
17105.0,19,3,5,0,27,0,334
17106.0,19,3,5,0,27,0,334
17107.0,19,3,5,0,27,0,334
17108.0,19,3,5,0,27,0,334
17109.0,19,3,5,0,27,0,334
17110.0,19,3,5,0,27,0,334
17111.0,19,3,5,0,27,0,334
17112.0,19,3,5,0,27,0,334
17113.0,19,3,5,0,27,0,334
17114.0,19,3,5,0,27,0,334
17115.0,19,3,5,0,27,0,334
17116.0,19,3,5,0,27,0,334
17117.0,19,3,5,0,27,0,334
17118.0,19,3,5,0,27,0,334
17119.0,19,3,5,0,27,0,334
17120.0,19,3,5,0,27,0,334
17121.0,19,3,5,0,27,0,334
17122.0,19,3,5,0,27,0,334
17123.0,19,3,5,0,27,0,334
17124.0,19,3,5,0,27,0,334
17125.0,19,3,5,0,27,0,334
17126.0,19,3,5,0,27,0,334
17127.0,19,3,5,0,27,0,334
17128.0,19,3,5,0,27,0,334
17129.0,19,3,5,0,27,0,334
17130.0,19,3,5,0,27,0,334
17131.0,19,3,5,0,27,0,334
17132.0,19,3,5,0,27,0,334
17133.0,19,3,5,0,27,0,334
17134.0,19,3,5,0,27,0,334
17135.0,19,3,5,0,27,0,334
17136.0,19,3,5,0,27,0,334
17137.0,19,3,5,0,27,0,334
17138.0,19,3,5,0,27,0,334
17139.0,19,3,5,0,27,0,334
17140.0,19,3,5,0,27,0,334
17141.0,19,3,5,0,27,0,334
17142.0,19,3,5,0,27,0,334
17143.0,19,3,5,0,27,0,334
17144.0,19,3,5,0,27,0,334
17145.0,19,3,5,0,27,0,334
17146.0,19,3,5,0,27,0,334
17147.0,19,3,5,0,27,0,334
17148.0,19,3,5,0,27,0,334
17149.0,19,3,5,0,27,0,334
17150.0,19,3,5,0,27,0,334
17151.0,19,3,5,0,27,0,334
17152.0,19,3,5,0,27,0,334
17153.0,19,3,5,0,27,0,334
17154.0,19,3,5,0,27,0,334
17155.0,19,3,5,0,27,0,334
17156.0,19,3,5,0,27,0,334
17157.0,19,3,5,0,27,0,334
17158.0,19,3,5,0,27,0,334
17159.0,19,3,5,0,27,0,334
17160.0,19,3,5,0,27,0,334
17161.0,19,3,5,0,27,0,334
17162.0,19,3,5,0,27,0,334
17163.0,19,3,5,0,27,0,334
17164.0,19,3,5,0,27,0,334
17165.0,19,3,5,0,27,0,334
17166.0,19,3,5,0,27,0,334
17167.0,19,3,5,0,27,0,334
17168.0,19,3,5,0,27,0,334
17169.0,19,3,5,0,27,0,334
17170.0,19,3,5,0,27,0,334
17171.0,19,3,5,0,27,0,334
17172.0,19,3,5,0,27,0,334
17173.0,19,3,5,0,27,0,334
17174.0,19,3,5,0,27,0,334
17175.0,19,3,5,0,27,0,334
17176.0,19,3,5,0,27,0,334
17177.0,19,3,5,0,27,0,334
17178.0,19,3,5,0,27,0,334
17179.0,19,3,5,0,27,0,334
17180.0,19,3,5,0,27,0,334
17181.0,19,3,5,0,27,0,334
17182.0,19,3,5,0,27,0,334
17183.0,19,3,5,0,27,0,334
17184.0,19,3,5,0,27,0,334
17185.0,19,3,5,0,27,0,334
17186.0,19,3,5,0,27,0,334
17187.0,19,3,5,0,27,0,334
17188.0,19,3,5,0,27,0,334
17189.0,19,3,5,0,27,0,334
17190.0,19,3,5,0,27,0,334
17191.0,19,3,5,0,27,0,334
17192.0,19,3,5,0,27,0,334
17193.0,19,3,5,0,27,0,334
17194.0,19,3,5,0,27,0,334
17195.0,19,3,5,0,27,0,334
17196.0,19,3,5,0,27,0,334
17197.0,19,3,5,0,27,0,334
17198.0,19,3,5,0,27,0,334
17199.0,19,3,5,0,27,0,334
17200.0,19,3,5,0,27,0,334
17201.0,19,3,5,0,27,0,334
17202.0,19,3,5,0,27,0,334
17203.0,19,3,5,0,27,0,334
17204.0,19,3,5,0,27,0,334
17205.0,19,3,5,0,27,0,334
17206.0,19,3,5,0,27,0,334
17207.0,19,3,5,0,27,0,334
17208.0,19,3,5,0,27,0,334
17209.0,19,3,5,0,27,0,334
17210.0,19,3,5,0,27,0,334
17211.0,19,3,5,0,27,0,334
17212.0,19,3,5,0,27,0,334
17213.0,19,3,5,0,27,0,334
17214.0,19,3,5,0,27,0,334
17215.0,19,3,5,0,27,0,334
17216.0,19,3,5,0,27,0,334
17217.0,19,3,5,0,27,0,334
17218.0,19,3,5,0,27,0,334
17219.0,19,3,5,0,27,0,334
17220.0,19,3,5,0,27,0,334
17221.0,19,3,5,0,27,0,334
17222.0,19,3,5,0,27,0,334
17223.0,19,3,5,0,27,0,334
17224.0,19,3,5,0,27,0,334
17225.0,19,3,5,0,27,0,334
17226.0,19,3,5,0,27,0,334
17227.0,19,3,5,0,27,0,334
17228.0,19,3,5,0,27,0,334
17229.0,19,3,5,0,27,0,334
17230.0,19,3,5,0,27,0,334
17231.0,19,3,5,0,27,0,334
17232.0,19,3,5,0,27,0,334
17233.0,19,3,5,0,27,0,334
17234.0,19,3,5,0,27,0,334
17235.0,19,3,5,0,27,0,334
17236.0,19,3,5,0,27,0,334
17237.0,19,3,5,0,27,0,334
17238.0,19,3,5,0,27,0,334
17239.0,19,3,5,0,27,0,334
17240.0,19,3,5,0,27,0,334
17241.0,19,3,5,0,27,0,334
17242.0,19,3,5,0,27,0,334
17243.0,19,3,5,0,27,0,334
17244.0,19,3,5,0,27,0,334
17245.0,19,3,5,0,27,0,334
17246.0,19,3,5,0,27,0,334
17247.0,19,3,5,0,27,0,334
17248.0,19,3,5,0,27,0,334
17249.0,19,3,5,0,27,0,334
17250.0,19,3,5,0,27,0,334
17251.0,19,3,5,0,27,0,334
17252.0,19,3,5,0,27,0,334
17253.0,19,3,5,0,27,0,334
17254.0,19,3,5,0,27,0,334
17255.0,19,3,5,0,27,0,334
17256.0,19,3,5,0,27,0,334
17257.0,19,3,5,0,27,0,334
17258.0,19,3,5,0,27,0,334
17259.0,19,3,5,0,27,0,334
17260.0,19,3,5,0,27,0,334
17261.0,19,3,5,0,27,0,334
17262.0,19,3,5,0,27,0,334
17263.0,19,3,5,0,27,0,334
17264.0,19,3,5,0,27,0,334
17265.0,19,3,5,0,27,0,334
17266.0,19,3,5,0,27,0,334
17267.0,19,3,5,0,27,0,334
17268.0,19,3,5,0,27,0,334
17269.0,19,3,5,0,27,0,334
17270.0,19,3,5,0,27,0,334
17271.0,19,3,5,0,27,0,334
17272.0,19,3,5,0,27,0,334
17273.0,19,3,5,0,27,0,334
17274.0,19,3,5,0,27,0,334
17275.0,19,3,5,0,27,0,334
17276.0,19,3,5,0,27,0,334
17277.0,19,3,5,0,27,0,334
17278.0,19,3,5,0,27,0,334
17279.0,19,3,5,0,27,0,334
17280.0,19,3,5,0,27,0,334
17281.0,19,3,5,0,27,0,334
17282.0,19,3,5,0,27,0,334
17283.0,19,3,5,0,27,0,334
17284.0,19,3,5,0,27,0,334
17285.0,19,3,5,0,27,0,334
17286.0,19,3,5,0,27,0,334
17287.0,19,3,5,0,27,0,334
17288.0,19,3,5,0,27,0,334
17289.0,19,3,5,0,27,0,334
17290.0,19,3,5,0,27,0,334
17291.0,19,3,5,0,27,0,334
17292.0,19,3,5,0,27,0,334
17293.0,19,3,5,0,27,0,334
17294.0,19,3,5,0,27,0,334
17295.0,19,3,5,0,27,0,334
17296.0,19,3,5,0,27,0,334
17297.0,19,3,5,0,27,0,334
17298.0,19,3,5,0,27,0,334
17299.0,19,3,5,0,27,0,334
17300.0,19,3,5,0,27,0,334
17301.0,19,3,5,0,27,0,334
17302.0,19,3,5,0,27,0,334
17303.0,19,3,5,0,27,0,334
17304.0,19,3,5,0,27,0,334
17305.0,19,3,5,0,27,0,334
17306.0,19,3,5,0,27,0,334
17307.0,19,3,5,0,27,0,334
17308.0,19,3,5,0,27,0,334
17309.0,19,3,5,0,27,0,334
17310.0,19,3,5,0,27,0,334
17311.0,19,3,5,0,27,0,334
17312.0,19,3,5,0,27,0,334
17313.0,19,3,5,0,27,0,334
17314.0,19,3,5,0,27,0,334
17315.0,19,3,5,0,27,0,334
17316.0,19,3,5,0,27,0,334
17317.0,19,3,5,0,27,0,334
17318.0,19,3,5,0,27,0,334
17319.0,19,3,5,0,27,0,334
17320.0,19,3,5,0,27,0,334
17321.0,19,3,5,0,27,0,334
17322.0,19,3,5,0,27,0,334
17323.0,19,3,5,0,27,0,334
17324.0,19,3,5,0,27,0,334
17325.0,19,3,5,0,27,0,334
17326.0,19,3,5,0,27,0,334
17327.0,19,3,5,0,27,0,334
17328.0,19,3,5,0,27,0,334
17329.0,19,3,5,0,27,0,334
17330.0,19,3,5,0,27,0,334
17331.0,19,3,5,0,27,0,334
17332.0,19,3,5,0,27,0,334
17333.0,19,3,5,0,27,0,334
17334.0,19,3,5,0,27,0,334
17335.0,19,3,5,0,27,0,334
17336.0,19,3,5,0,27,0,334
17337.0,19,3,5,0,27,0,334
17338.0,19,3,5,0,27,0,334
17339.0,19,3,5,0,27,0,334
17340.0,19,3,5,0,27,0,334
17341.0,19,3,5,0,27,0,334
17342.0,19,3,5,0,27,0,334
17343.0,19,3,5,0,27,0,334
17344.0,19,3,5,0,27,0,334
17345.0,19,3,5,0,27,0,334
17346.0,19,3,5,0,27,0,334
17347.0,19,3,5,0,27,0,334
17348.0,19,3,5,0,27,0,334
17349.0,19,3,5,0,27,0,334
17350.0,19,3,5,0,27,0,334
17351.0,19,3,5,0,27,0,334
17352.0,19,3,5,0,27,0,334
17353.0,19,3,5,0,27,0,334
17354.0,19,3,5,0,27,0,334
17355.0,19,3,5,0,27,0,334
17356.0,19,3,5,0,27,0,334
17357.0,19,3,5,0,27,0,334
17358.0,19,3,5,0,27,0,334
17359.0,19,3,5,0,27,0,334
17360.0,19,3,5,0,27,0,334
17361.0,19,3,5,0,27,0,334
17362.0,19,3,5,0,27,0,334
17363.0,19,3,5,0,27,0,334
17364.0,19,3,5,0,27,0,334
17365.0,19,3,5,0,27,0,334
17366.0,19,3,5,0,27,0,334
17367.0,19,3,5,0,27,0,334
17368.0,19,3,5,0,27,0,334
17369.0,19,3,5,0,27,0,334
17370.0,19,3,5,0,27,0,334
17371.0,19,3,5,0,27,0,334
17372.0,19,3,5,0,27,0,334
17373.0,19,3,5,0,27,0,334
17374.0,19,3,5,0,27,0,334
17375.0,19,3,5,0,27,0,334
17376.0,19,3,5,0,27,0,334
17377.0,19,3,5,0,27,0,334
17378.0,19,3,5,0,27,0,334
17379.0,19,3,5,0,27,0,334
17380.0,19,3,5,0,27,0,334
17381.0,19,3,5,0,27,0,334
17382.0,19,3,5,0,27,0,334
17383.0,19,3,5,0,27,0,334
17384.0,19,3,5,0,27,0,334
17385.0,19,3,5,0,27,0,334
17386.0,19,3,5,0,27,0,334
17387.0,19,3,5,0,27,0,334
17388.0,19,3,5,0,27,0,334
17389.0,19,3,5,0,27,0,334
17390.0,19,3,5,0,27,0,334
17391.0,19,3,5,0,27,0,334
17392.0,19,3,5,0,27,0,334
17393.0,19,3,5,0,27,0,334
17394.0,19,3,5,0,27,0,334
17395.0,19,3,5,0,27,0,334
17396.0,19,3,5,0,27,0,334
17397.0,19,3,5,0,27,0,334
17398.0,19,3,5,0,27,0,334
17399.0,19,3,5,0,27,0,334
17400.0,19,3,5,0,27,0,334
17401.0,19,3,5,0,27,0,334
17402.0,19,3,5,0,27,0,334
17403.0,19,3,5,0,27,0,334
17404.0,19,3,5,0,27,0,334
17405.0,19,3,5,0,27,0,334
17406.0,19,3,5,0,27,0,334
17407.0,19,3,5,0,27,0,334
17408.0,19,3,5,0,27,0,334
17409.0,19,3,5,0,27,0,334
17410.0,19,3,5,0,27,0,334
17411.0,19,3,5,0,27,0,334
17412.0,19,3,5,0,27,0,334
17413.0,19,3,5,0,27,0,334
17414.0,19,3,5,0,27,0,334
17415.0,19,3,5,0,27,0,334
17416.0,19,3,5,0,27,0,334
17417.0,19,3,5,0,27,0,334
17418.0,19,3,5,0,27,0,334
17419.0,19,3,5,0,27,0,334
17420.0,19,3,5,0,27,0,334
17421.0,19,3,5,0,27,0,334
17422.0,19,3,5,0,27,0,334
17423.0,19,3,5,0,27,0,334
17424.0,19,3,5,0,27,0,334
17425.0,19,3,5,0,27,0,334
17426.0,19,3,5,0,27,0,334
17427.0,19,3,5,0,27,0,334
17428.0,19,3,5,0,27,0,334
17429.0,19,3,5,0,27,0,334
17430.0,19,3,5,0,27,0,334
17431.0,19,3,5,0,27,0,334
17432.0,19,3,5,0,27,0,334
17433.0,19,3,5,0,27,0,334
17434.0,19,3,5,0,27,0,334
17435.0,19,3,5,0,27,0,334
17436.0,19,3,5,0,27,0,334
17437.0,19,3,5,0,27,0,334
17438.0,19,3,5,0,27,0,334
17439.0,19,3,5,0,27,0,334
17440.0,19,3,5,0,27,0,334
17441.0,19,3,5,0,27,0,334
17442.0,19,3,5,0,27,0,334
17443.0,19,3,5,0,27,0,334
17444.0,19,3,5,0,27,0,334
17445.0,19,3,5,0,27,0,334
17446.0,19,3,5,0,27,0,334
17447.0,19,3,5,0,27,0,334
17448.0,19,3,5,0,27,0,334
17449.0,19,3,5,0,27,0,334
17450.0,19,3,5,0,27,0,334
17451.0,19,3,5,0,27,0,334
17452.0,19,3,5,0,27,0,334
17453.0,19,3,5,0,27,0,334
17454.0,19,3,5,0,27,0,334
17455.0,19,3,5,0,27,0,334
17456.0,19,3,5,0,27,0,334
17457.0,19,3,5,0,27,0,334
17458.0,19,3,5,0,27,0,334
17459.0,19,3,5,0,27,0,334
17460.0,19,3,5,0,27,0,334
17461.0,19,3,5,0,27,0,334
17462.0,19,3,5,0,27,0,334
17463.0,19,3,5,0,27,0,334
17464.0,19,3,5,0,27,0,334
17465.0,19,3,5,0,27,0,334
17466.0,19,3,5,0,27,0,334
17467.0,19,3,5,0,27,0,334
17468.0,19,3,5,0,27,0,334
17469.0,19,3,5,0,27,0,334
17470.0,19,3,5,0,27,0,334
17471.0,19,3,5,0,27,0,334
17472.0,19,3,5,0,27,0,334
17473.0,19,3,5,0,27,0,334
17474.0,19,3,5,0,27,0,334
17475.0,19,3,5,0,27,0,334
17476.0,19,3,5,0,27,0,334
17477.0,19,3,5,0,27,0,334
17478.0,19,3,5,0,27,0,334
17479.0,19,3,5,0,27,0,334
17480.0,19,3,5,0,27,0,334
17481.0,19,3,5,0,27,0,334
17482.0,19,3,5,0,27,0,334
17483.0,19,3,5,0,27,0,334
17484.0,19,3,5,0,27,0,334
17485.0,19,3,5,0,27,0,334
17486.0,19,3,5,0,27,0,334
17487.0,19,3,5,0,27,0,334
17488.0,19,3,5,0,27,0,334
17489.0,19,3,5,0,27,0,334
17490.0,19,3,5,0,27,0,334
17491.0,19,3,5,0,27,0,334
17492.0,19,3,5,0,27,0,334
17493.0,19,3,5,0,27,0,334
17494.0,19,3,5,0,27,0,334
17495.0,19,3,5,0,27,0,334
17496.0,19,3,5,0,27,0,334
17497.0,19,3,5,0,27,0,334
17498.0,19,3,5,0,27,0,334
17499.0,19,3,5,0,27,0,334
17500.0,19,3,5,0,27,0,334
17501.0,19,3,5,0,27,0,334
17502.0,19,3,5,0,27,0,334
17503.0,19,3,5,0,27,0,334
17504.0,19,3,5,0,27,0,334
17505.0,19,3,5,0,27,0,334
17506.0,19,3,5,0,27,0,334
17507.0,19,3,5,0,27,0,334
17508.0,19,3,5,0,27,0,334
17509.0,19,3,5,0,27,0,334
17510.0,19,3,5,0,27,0,334
17511.0,19,3,5,0,27,0,334
17512.0,19,3,5,0,27,0,334
17513.0,19,3,5,0,27,0,334
17514.0,19,3,5,0,27,0,334
17515.0,19,3,5,0,27,0,334
17516.0,19,3,5,0,27,0,334
17517.0,19,3,5,0,27,0,334
17518.0,19,3,5,0,27,0,334
17519.0,19,3,5,0,27,0,334
17520.0,19,3,5,0,27,0,334
17521.0,19,3,5,0,27,0,334
17522.0,19,3,5,0,27,0,334
17523.0,19,3,5,0,27,0,334
17524.0,19,3,5,0,27,0,334
17525.0,19,3,5,0,27,0,334
17526.0,19,3,5,0,27,0,334
17527.0,19,3,5,0,27,0,334
17528.0,19,3,5,0,27,0,334
17529.0,19,3,5,0,27,0,334
17530.0,19,3,5,0,27,0,334
17531.0,19,3,5,0,27,0,334
17532.0,19,3,5,0,27,0,334
17533.0,19,3,5,0,27,0,334
17534.0,19,3,5,0,27,0,334
17535.0,19,3,5,0,27,0,334
17536.0,19,3,5,0,27,0,334
17537.0,19,3,5,0,27,0,334
17538.0,19,3,5,0,27,0,334
17539.0,19,3,5,0,27,0,334
17540.0,19,3,5,0,27,0,334
17541.0,19,3,5,0,27,0,334
17542.0,19,3,5,0,27,0,334
17543.0,19,3,5,0,27,0,334
17544.0,19,3,5,0,27,0,334
17545.0,19,3,5,0,27,0,334
17546.0,19,3,5,0,27,0,334
17547.0,19,3,5,0,27,0,334
17548.0,19,3,5,0,27,0,334
17549.0,19,3,5,0,27,0,334
17550.0,19,3,5,0,27,0,334
17551.0,19,3,5,0,27,0,334
17552.0,19,3,5,0,27,0,334
17553.0,19,3,5,0,27,0,334
17554.0,19,3,5,0,27,0,334
17555.0,19,3,5,0,27,0,334
17556.0,19,3,5,0,27,0,334
17557.0,19,3,5,0,27,0,334
17558.0,19,3,5,0,27,0,334
17559.0,19,3,5,0,27,0,334
17560.0,19,3,5,0,27,0,334
17561.0,19,3,5,0,27,0,334
17562.0,19,3,5,0,27,0,334
17563.0,19,3,5,0,27,0,334
17564.0,19,3,5,0,27,0,334
17565.0,19,3,5,0,27,0,334
17566.0,19,3,5,0,27,0,334
17567.0,19,3,5,0,27,0,334
17568.0,19,3,5,0,27,0,334
17569.0,19,3,5,0,27,0,334
17570.0,19,3,5,0,27,0,334
17571.0,19,3,5,0,27,0,334
17572.0,19,3,5,0,27,0,334
17573.0,19,3,5,0,27,0,334
17574.0,19,3,5,0,27,0,334
17575.0,19,3,5,0,27,0,334
17576.0,19,3,5,0,27,0,334
17577.0,19,3,5,0,27,0,334
17578.0,19,3,5,0,27,0,334
17579.0,19,3,5,0,27,0,334
17580.0,19,3,5,0,27,0,334
17581.0,19,3,5,0,27,0,334
17582.0,19,3,5,0,27,0,334
17583.0,19,3,5,0,27,0,334
17584.0,19,3,5,0,27,0,334
17585.0,19,3,5,0,27,0,334
17586.0,19,3,5,0,27,0,334
17587.0,19,3,5,0,27,0,334
17588.0,19,3,5,0,27,0,334
17589.0,19,3,5,0,27,0,334
17590.0,19,3,5,0,27,0,334
17591.0,19,3,5,0,27,0,334
17592.0,19,3,5,0,27,0,334
17593.0,19,3,5,0,27,0,334
17594.0,19,3,5,0,27,0,334
17595.0,19,3,5,0,27,0,334
17596.0,19,3,5,0,27,0,334
17597.0,19,3,5,0,27,0,334
17598.0,19,3,5,0,27,0,334
17599.0,19,3,5,0,27,0,334
17600.0,19,3,5,0,27,0,334
17601.0,19,3,5,0,27,0,334
17602.0,19,3,5,0,27,0,334
17603.0,19,3,5,0,27,0,334
17604.0,19,3,5,0,27,0,334
17605.0,19,3,5,0,27,0,334
17606.0,19,3,5,0,27,0,334
17607.0,19,3,5,0,27,0,334
17608.0,19,3,5,0,27,0,334
17609.0,19,3,5,0,27,0,334
17610.0,19,3,5,0,27,0,334
17611.0,19,3,5,0,27,0,334
17612.0,19,3,5,0,27,0,334
17613.0,19,3,5,0,27,0,334
17614.0,19,3,5,0,27,0,334
17615.0,19,3,5,0,27,0,334
17616.0,19,3,5,0,27,0,334
17617.0,19,3,5,0,27,0,334
17618.0,19,3,5,0,27,0,334
17619.0,19,3,5,0,27,0,334
17620.0,19,3,5,0,27,0,334
17621.0,19,3,5,0,27,0,334
17622.0,19,3,5,0,27,0,334
17623.0,19,3,5,0,27,0,334
17624.0,19,3,5,0,27,0,334
17625.0,19,3,5,0,27,0,334
17626.0,19,3,5,0,27,0,334
17627.0,19,3,5,0,27,0,334
17628.0,19,3,5,0,27,0,334
17629.0,19,3,5,0,27,0,334
17630.0,19,3,5,0,27,0,334
17631.0,19,3,5,0,27,0,334
17632.0,19,3,5,0,27,0,334
17633.0,19,3,5,0,27,0,334
17634.0,19,3,5,0,27,0,334
17635.0,19,3,5,0,27,0,334
17636.0,19,3,5,0,27,0,334
17637.0,19,3,5,0,27,0,334
17638.0,19,3,5,0,27,0,334
17639.0,19,3,5,0,27,0,334
17640.0,19,3,5,0,27,0,334
17641.0,19,3,5,0,27,0,334
17642.0,19,3,5,0,27,0,334
17643.0,19,3,5,0,27,0,334
17644.0,19,3,5,0,27,0,334
17645.0,19,3,5,0,27,0,334
17646.0,19,3,5,0,27,0,334
17647.0,19,3,5,0,27,0,334
17648.0,19,3,5,0,27,0,334
17649.0,19,3,5,0,27,0,334
17650.0,19,3,5,0,27,0,334
17651.0,19,3,5,0,27,0,334
17652.0,19,3,5,0,27,0,334
17653.0,19,3,5,0,27,0,334
17654.0,19,3,5,0,27,0,334
17655.0,19,3,5,0,27,0,334
17656.0,19,3,5,0,27,0,334
17657.0,19,3,5,0,27,0,334
17658.0,19,3,5,0,27,0,334
17659.0,19,3,5,0,27,0,334
17660.0,19,3,5,0,27,0,334
17661.0,19,3,5,0,27,0,334
17662.0,19,3,5,0,27,0,334
17663.0,19,3,5,0,27,0,334
17664.0,19,3,5,0,27,0,334
17665.0,19,3,5,0,27,0,334
17666.0,19,3,5,0,27,0,334
17667.0,19,3,5,0,27,0,334
17668.0,19,3,5,0,27,0,334
17669.0,19,3,5,0,27,0,334
17670.0,19,3,5,0,27,0,334
17671.0,19,3,5,0,27,0,334
17672.0,19,3,5,0,27,0,334
17673.0,19,3,5,0,27,0,334
17674.0,19,3,5,0,27,0,334
17675.0,19,3,5,0,27,0,334
17676.0,19,3,5,0,27,0,334
17677.0,19,3,5,0,27,0,334
17678.0,19,3,5,0,27,0,334
17679.0,19,3,5,0,27,0,334
17680.0,19,3,5,0,27,0,334
17681.0,19,3,5,0,27,0,334
17682.0,19,3,5,0,27,0,334
17683.0,19,3,5,0,27,0,334
17684.0,19,3,5,0,27,0,334
17685.0,19,3,5,0,27,0,334
17686.0,19,3,5,0,27,0,334
17687.0,19,3,5,0,27,0,334
17688.0,19,3,5,0,27,0,334
17689.0,19,3,5,0,27,0,334
17690.0,19,3,5,0,27,0,334
17691.0,19,3,5,0,27,0,334
17692.0,19,3,5,0,27,0,334
17693.0,19,3,5,0,27,0,334
17694.0,19,3,5,0,27,0,334
17695.0,19,3,5,0,27,0,334
17696.0,19,3,5,0,27,0,334
17697.0,19,3,5,0,27,0,334
17698.0,19,3,5,0,27,0,334
17699.0,19,3,5,0,27,0,334
17700.0,19,3,5,0,27,0,334
17701.0,19,3,5,0,27,0,334
17702.0,19,3,5,0,27,0,334
17703.0,19,3,5,0,27,0,334
17704.0,19,3,5,0,27,0,334
17705.0,19,3,5,0,27,0,334
17706.0,19,3,5,0,27,0,334
17707.0,19,3,5,0,27,0,334
17708.0,19,3,5,0,27,0,334
17709.0,19,3,5,0,27,0,334
17710.0,19,3,5,0,27,0,334
17711.0,19,3,5,0,27,0,334
17712.0,19,3,5,0,27,0,334
17713.0,19,3,5,0,27,0,334
17714.0,19,3,5,0,27,0,334
17715.0,19,3,5,0,27,0,334
17716.0,19,3,5,0,27,0,334
17717.0,19,3,5,0,27,0,334
17718.0,19,3,5,0,27,0,334
17719.0,19,3,5,0,27,0,334
17720.0,19,3,5,0,27,0,334
17721.0,19,3,5,0,27,0,334
17722.0,19,3,5,0,27,0,334
17723.0,19,3,5,0,27,0,334
17724.0,19,3,5,0,27,0,334
17725.0,19,3,5,0,27,0,334
17726.0,19,3,5,0,27,0,334
17727.0,19,3,5,0,27,0,334
17728.0,19,3,5,0,27,0,334
17729.0,19,3,5,0,27,0,334
17730.0,19,3,5,0,27,0,334
17731.0,19,3,5,0,27,0,334
17732.0,19,3,5,0,27,0,334
17733.0,19,3,5,0,27,0,334
17734.0,19,3,5,0,27,0,334
17735.0,19,3,5,0,27,0,334
17736.0,19,3,5,0,27,0,334
17737.0,19,3,5,0,27,0,334
17738.0,19,3,5,0,27,0,334
17739.0,19,3,5,0,27,0,334
17740.0,19,3,5,0,27,0,334
17741.0,19,3,5,0,27,0,334
17742.0,19,3,5,0,27,0,334
17743.0,19,3,5,0,27,0,334
17744.0,19,3,5,0,27,0,334
17745.0,19,3,5,0,27,0,334
17746.0,19,3,5,0,27,0,334
17747.0,19,3,5,0,27,0,334
17748.0,19,3,5,0,27,0,334
17749.0,19,3,5,0,27,0,334
17750.0,19,3,5,0,27,0,334
17751.0,19,3,5,0,27,0,334
17752.0,19,3,5,0,27,0,334
17753.0,19,3,5,0,27,0,334
17754.0,19,3,5,0,27,0,334
17755.0,19,3,5,0,27,0,334
17756.0,19,3,5,0,27,0,334
17757.0,19,3,5,0,27,0,334
17758.0,19,3,5,0,27,0,334
17759.0,19,3,5,0,27,0,334
17760.0,19,3,5,0,27,0,334
17761.0,19,3,5,0,27,0,334
17762.0,19,3,5,0,27,0,334
17763.0,19,3,5,0,27,0,334
17764.0,19,3,5,0,27,0,334
17765.0,19,3,5,0,27,0,334
17766.0,19,3,5,0,27,0,334
17767.0,19,3,5,0,27,0,334
17768.0,19,3,5,0,27,0,334
17769.0,19,3,5,0,27,0,334
17770.0,19,3,5,0,27,0,334
17771.0,19,3,5,0,27,0,334
17772.0,19,3,5,0,27,0,334
17773.0,19,3,5,0,27,0,334
17774.0,19,3,5,0,27,0,334
17775.0,19,3,5,0,27,0,334
17776.0,19,3,5,0,27,0,334
17777.0,19,3,5,0,27,0,334
17778.0,19,3,5,0,27,0,334
17779.0,19,3,5,0,27,0,334
17780.0,19,3,5,0,27,0,334
17781.0,19,3,5,0,27,0,334
17782.0,19,3,5,0,27,0,334
17783.0,19,3,5,0,27,0,334
17784.0,19,3,5,0,27,0,334
17785.0,19,3,5,0,27,0,334
17786.0,19,3,5,0,27,0,334
17787.0,19,3,5,0,27,0,334
17788.0,19,3,5,0,27,0,334
17789.0,19,3,5,0,27,0,334
17790.0,19,3,5,0,27,0,334
17791.0,19,3,5,0,27,0,334
17792.0,19,3,5,0,27,0,334
17793.0,19,3,5,0,27,0,334
17794.0,19,3,5,0,27,0,334
17795.0,19,3,5,0,27,0,334
17796.0,19,3,5,0,27,0,334
17797.0,19,3,5,0,27,0,334
17798.0,19,3,5,0,27,0,334
17799.0,19,3,5,0,27,0,334
17800.0,19,3,5,0,27,0,334
17801.0,19,3,5,0,27,0,334
17802.0,19,3,5,0,27,0,334
17803.0,19,3,5,0,27,0,334
17804.0,19,3,5,0,27,0,334
17805.0,19,3,5,0,27,0,334
17806.0,19,3,5,0,27,0,334
17807.0,19,3,5,0,27,0,334
17808.0,19,3,5,0,27,0,334
17809.0,19,3,5,0,27,0,334
17810.0,19,3,5,0,27,0,334
17811.0,19,3,5,0,27,0,334
17812.0,19,3,5,0,27,0,334
17813.0,19,3,5,0,27,0,334
17814.0,19,3,5,0,27,0,334
17815.0,19,3,5,0,27,0,334
17816.0,19,3,5,0,27,0,334
17817.0,19,3,5,0,27,0,334
17818.0,19,3,5,0,27,0,334
17819.0,19,3,5,0,27,0,334
17820.0,19,3,5,0,27,0,334
17821.0,19,3,5,0,27,0,334
17822.0,19,3,5,0,27,0,334
17823.0,19,3,5,0,27,0,334
17824.0,19,3,5,0,27,0,334
17825.0,19,3,5,0,27,0,334
17826.0,19,3,5,0,27,0,334
17827.0,19,3,5,0,27,0,334
17828.0,19,3,5,0,27,0,334
17829.0,19,3,5,0,27,0,334
17830.0,19,3,5,0,27,0,334
17831.0,19,3,5,0,27,0,334
17832.0,19,3,5,0,27,0,334
17833.0,19,3,5,0,27,0,334
17834.0,19,3,5,0,27,0,334
17835.0,19,3,5,0,27,0,334
17836.0,19,3,5,0,27,0,334
17837.0,19,3,5,0,27,0,334
17838.0,19,3,5,0,27,0,334
17839.0,19,3,5,0,27,0,334
17840.0,19,3,5,0,27,0,334
17841.0,19,3,5,0,27,0,334
17842.0,19,3,5,0,27,0,334
17843.0,19,3,5,0,27,0,334
17844.0,19,3,5,0,27,0,334
17845.0,19,3,5,0,27,0,334
17846.0,19,3,5,0,27,0,334
17847.0,19,3,5,0,27,0,334
17848.0,19,3,5,0,27,0,334
17849.0,19,3,5,0,27,0,334
17850.0,19,3,5,0,27,0,334
17851.0,19,3,5,0,27,0,334
17852.0,19,3,5,0,27,0,334
17853.0,19,3,5,0,27,0,334
17854.0,19,3,5,0,27,0,334
17855.0,19,3,5,0,27,0,334
17856.0,19,3,5,0,27,0,334
17857.0,19,3,5,0,27,0,334
17858.0,19,3,5,0,27,0,334
17859.0,19,3,5,0,27,0,334
17860.0,19,3,5,0,27,0,334
17861.0,19,3,5,0,27,0,334
17862.0,19,3,5,0,27,0,334
17863.0,19,3,5,0,27,0,334
17864.0,19,3,5,0,27,0,334
17865.0,19,3,5,0,27,0,334
17866.0,19,3,5,0,27,0,334
17867.0,19,3,5,0,27,0,334
17868.0,19,3,5,0,27,0,334
17869.0,19,3,5,0,27,0,334
17870.0,19,3,5,0,27,0,334
17871.0,19,3,5,0,27,0,334
17872.0,19,3,5,0,27,0,334
17873.0,19,3,5,0,27,0,334
17874.0,19,3,5,0,27,0,334
17875.0,19,3,5,0,27,0,334
17876.0,19,3,5,0,27,0,334
17877.0,19,3,5,0,27,0,334
17878.0,19,3,5,0,27,0,334
17879.0,19,3,5,0,27,0,334
17880.0,19,3,5,0,27,0,334
17881.0,19,3,5,0,27,0,334
17882.0,19,3,5,0,27,0,334
17883.0,19,3,5,0,27,0,334
17884.0,19,3,5,0,27,0,334
17885.0,19,3,5,0,27,0,334
17886.0,19,3,5,0,27,0,334
17887.0,19,3,5,0,27,0,334
17888.0,19,3,5,0,27,0,334
17889.0,19,3,5,0,27,0,334
17890.0,19,3,5,0,27,0,334
17891.0,19,3,5,0,27,0,334
17892.0,19,3,5,0,27,0,334
17893.0,19,3,5,0,27,0,334
17894.0,19,3,5,0,27,0,334
17895.0,19,3,5,0,27,0,334
17896.0,19,3,5,0,27,0,334
17897.0,19,3,5,0,27,0,334
17898.0,19,3,5,0,27,0,334
17899.0,19,3,5,0,27,0,334
17900.0,19,3,5,0,27,0,334
17901.0,19,3,5,0,27,0,334
17902.0,19,3,5,0,27,0,334
17903.0,19,3,5,0,27,0,334
17904.0,19,3,5,0,27,0,334
17905.0,19,3,5,0,27,0,334
17906.0,19,3,5,0,27,0,334
17907.0,19,3,5,0,27,0,334
17908.0,19,3,5,0,27,0,334
17909.0,19,3,5,0,27,0,334
17910.0,19,3,5,0,27,0,334
17911.0,19,3,5,0,27,0,334
17912.0,19,3,5,0,27,0,334
17913.0,19,3,5,0,27,0,334
17914.0,19,3,5,0,27,0,334
17915.0,19,3,5,0,27,0,334
17916.0,19,3,5,0,27,0,334
17917.0,19,3,5,0,27,0,334
17918.0,19,3,5,0,27,0,334
17919.0,19,3,5,0,27,0,334
17920.0,19,3,5,0,27,0,334
17921.0,19,3,5,0,27,0,334
17922.0,19,3,5,0,27,0,334
17923.0,19,3,5,0,27,0,334
17924.0,19,3,5,0,27,0,334
17925.0,19,3,5,0,27,0,334
17926.0,19,3,5,0,27,0,334
17927.0,19,3,5,0,27,0,334
17928.0,19,3,5,0,27,0,334
17929.0,19,3,5,0,27,0,334
17930.0,19,3,5,0,27,0,334
17931.0,19,3,5,0,27,0,334
17932.0,19,3,5,0,27,0,334
17933.0,19,3,5,0,27,0,334
17934.0,19,3,5,0,27,0,334
17935.0,19,3,5,0,27,0,334
17936.0,19,3,5,0,27,0,334
17937.0,19,3,5,0,27,0,334
17938.0,19,3,5,0,27,0,334
17939.0,19,3,5,0,27,0,334
17940.0,19,3,5,0,27,0,334
17941.0,19,3,5,0,27,0,334
17942.0,19,3,5,0,27,0,334
17943.0,19,3,5,0,27,0,334
17944.0,19,3,5,0,27,0,334
17945.0,19,3,5,0,27,0,334
17946.0,19,3,5,0,27,0,334
17947.0,19,3,5,0,27,0,334
17948.0,19,3,5,0,27,0,334
17949.0,19,3,5,0,27,0,334
17950.0,19,3,5,0,27,0,334
17951.0,19,3,5,0,27,0,334
17952.0,19,3,5,0,27,0,334
17953.0,19,3,5,0,27,0,334
17954.0,19,3,5,0,27,0,334
17955.0,19,3,5,0,27,0,334
17956.0,19,3,5,0,27,0,334
17957.0,19,3,5,0,27,0,334
17958.0,19,3,5,0,27,0,334
17959.0,19,3,5,0,27,0,334
17960.0,19,3,5,0,27,0,334
17961.0,19,3,5,0,27,0,334
17962.0,19,3,5,0,27,0,334
17963.0,19,3,5,0,27,0,334
17964.0,19,3,5,0,27,0,334
17965.0,19,3,5,0,27,0,334
17966.0,19,3,5,0,27,0,334
17967.0,19,3,5,0,27,0,334
17968.0,19,3,5,0,27,0,334
17969.0,19,3,5,0,27,0,334
17970.0,19,3,5,0,27,0,334
17971.0,19,3,5,0,27,0,334
17972.0,19,3,5,0,27,0,334
17973.0,19,3,5,0,27,0,334
17974.0,19,3,5,0,27,0,334
17975.0,19,3,5,0,27,0,334
17976.0,19,3,5,0,27,0,334
17977.0,19,3,5,0,27,0,334
17978.0,19,3,5,0,27,0,334
17979.0,19,3,5,0,27,0,334
17980.0,19,3,5,0,27,0,334
17981.0,19,3,5,0,27,0,334
17982.0,19,3,5,0,27,0,334
17983.0,19,3,5,0,27,0,334
17984.0,19,3,5,0,27,0,334
17985.0,19,3,5,0,27,0,334
17986.0,19,3,5,0,27,0,334
17987.0,19,3,5,0,27,0,334
17988.0,19,3,5,0,27,0,334
17989.0,19,3,5,0,27,0,334
17990.0,19,3,5,0,27,0,334
17991.0,19,3,5,0,27,0,334
17992.0,19,3,5,0,27,0,334
17993.0,19,3,5,0,27,0,334
17994.0,19,3,5,0,27,0,334
17995.0,19,3,5,0,27,0,334
17996.0,19,3,5,0,27,0,334
17997.0,19,3,5,0,27,0,334
17998.0,19,3,5,0,27,0,334
17999.0,19,3,5,0,27,0,334
18000.0,19,3,5,0,27,0,334
18001.0,19,3,5,0,27,0,334
18002.0,19,3,5,0,27,0,334
18003.0,19,3,5,0,27,0,334
18004.0,19,3,5,0,27,0,334
18005.0,19,3,5,0,27,0,334
18006.0,19,3,5,0,27,0,334
18007.0,19,3,5,0,27,0,334
18008.0,19,3,5,0,27,0,334
18009.0,19,3,5,0,27,0,334
18010.0,19,3,5,0,27,0,334
18011.0,19,3,5,0,27,0,334
18012.0,19,3,5,0,27,0,334
18013.0,19,3,5,0,27,0,334
18014.0,19,3,5,0,27,0,334
18015.0,19,3,5,0,27,0,334
18016.0,19,3,5,0,27,0,334
18017.0,19,3,5,0,27,0,334
18018.0,19,3,5,0,27,0,334
18019.0,19,3,5,0,27,0,334
18020.0,19,3,5,0,27,0,334
18021.0,19,3,5,0,27,0,334
18022.0,19,3,5,0,27,0,334
18023.0,19,3,5,0,27,0,334
18024.0,19,3,5,0,27,0,334
18025.0,19,3,5,0,27,0,334
18026.0,19,3,5,0,27,0,334
18027.0,19,3,5,0,27,0,334
18028.0,19,3,5,0,27,0,334
18029.0,19,3,5,0,27,0,334
18030.0,19,3,5,0,27,0,334
18031.0,19,3,5,0,27,0,334
18032.0,19,3,5,0,27,0,334
18033.0,19,3,5,0,27,0,334
18034.0,19,3,5,0,27,0,334
18035.0,19,3,5,0,27,0,334
18036.0,19,3,5,0,27,0,334
18037.0,19,3,5,0,27,0,334
18038.0,19,3,5,0,27,0,334
18039.0,19,3,5,0,27,0,334
18040.0,19,3,5,0,27,0,334
18041.0,19,3,5,0,27,0,334
18042.0,19,3,5,0,27,0,334
18043.0,19,3,5,0,27,0,334
18044.0,19,3,5,0,27,0,334
18045.0,19,3,5,0,27,0,334
18046.0,19,3,5,0,27,0,334
18047.0,19,3,5,0,27,0,334
18048.0,19,3,5,0,27,0,334
18049.0,19,3,5,0,27,0,334
18050.0,19,3,5,0,27,0,334
18051.0,19,3,5,0,27,0,334
18052.0,19,3,5,0,27,0,334
18053.0,19,3,5,0,27,0,334
18054.0,19,3,5,0,27,0,334
18055.0,19,3,5,0,27,0,334
18056.0,19,3,5,0,27,0,334
18057.0,19,3,5,0,27,0,334
18058.0,19,3,5,0,27,0,334
18059.0,19,3,5,0,27,0,334
18060.0,19,3,5,0,27,0,334
18061.0,19,3,5,0,27,0,334
18062.0,19,3,5,0,27,0,334
18063.0,19,3,5,0,27,0,334
18064.0,19,3,5,0,27,0,334
18065.0,19,3,5,0,27,0,334
18066.0,19,3,5,0,27,0,334
18067.0,19,3,5,0,27,0,334
18068.0,19,3,5,0,27,0,334
18069.0,19,3,5,0,27,0,334
18070.0,19,3,5,0,27,0,334
18071.0,19,3,5,0,27,0,334
18072.0,19,3,5,0,27,0,334
18073.0,19,3,5,0,27,0,334
18074.0,19,3,5,0,27,0,334
18075.0,19,3,5,0,27,0,334
18076.0,19,3,5,0,27,0,334
18077.0,19,3,5,0,27,0,334
18078.0,19,3,5,0,27,0,334
18079.0,19,3,5,0,27,0,334
18080.0,19,3,5,0,27,0,334
18081.0,19,3,5,0,27,0,334
18082.0,19,3,5,0,27,0,334
18083.0,19,3,5,0,27,0,334
18084.0,19,3,5,0,27,0,334
18085.0,19,3,5,0,27,0,334
18086.0,19,3,5,0,27,0,334
18087.0,19,3,5,0,27,0,334
18088.0,19,3,5,0,27,0,334
18089.0,19,3,5,0,27,0,334
18090.0,19,3,5,0,27,0,334
18091.0,19,3,5,0,27,0,334
18092.0,19,3,5,0,27,0,334
18093.0,19,3,5,0,27,0,334
18094.0,19,3,5,0,27,0,334
18095.0,19,3,5,0,27,0,334
18096.0,19,3,5,0,27,0,334
18097.0,19,3,5,0,27,0,334
18098.0,19,3,5,0,27,0,334
18099.0,19,3,5,0,27,0,334
18100.0,19,3,5,0,27,0,334
18101.0,19,3,5,0,27,0,334
18102.0,19,3,5,0,27,0,334
18103.0,19,3,5,0,27,0,334
18104.0,19,3,5,0,27,0,334
18105.0,19,3,5,0,27,0,334
18106.0,19,3,5,0,27,0,334
18107.0,19,3,5,0,27,0,334
18108.0,19,3,5,0,27,0,334
18109.0,19,3,5,0,27,0,334
18110.0,19,3,5,0,27,0,334
18111.0,19,3,5,0,27,0,334
18112.0,19,3,5,0,27,0,334
18113.0,19,3,5,0,27,0,334
18114.0,19,3,5,0,27,0,334
18115.0,19,3,5,0,27,0,334
18116.0,19,3,5,0,27,0,334
18117.0,19,3,5,0,27,0,334
18118.0,19,3,5,0,27,0,334
18119.0,19,3,5,0,27,0,334
18120.0,19,3,5,0,27,0,334
18121.0,19,3,5,0,27,0,334
18122.0,19,3,5,0,27,0,334
18123.0,19,3,5,0,27,0,334
18124.0,19,3,5,0,27,0,334
18125.0,19,3,5,0,27,0,334
18126.0,19,3,5,0,27,0,334
18127.0,19,3,5,0,27,0,334
18128.0,19,3,5,0,27,0,334
18129.0,19,3,5,0,27,0,334
18130.0,19,3,5,0,27,0,334
18131.0,19,3,5,0,27,0,334
18132.0,19,3,5,0,27,0,334
18133.0,19,3,5,0,27,0,334
18134.0,19,3,5,0,27,0,334
18135.0,19,3,5,0,27,0,334
18136.0,19,3,5,0,27,0,334
18137.0,19,3,5,0,27,0,334
18138.0,19,3,5,0,27,0,334
18139.0,19,3,5,0,27,0,334
18140.0,19,3,5,0,27,0,334
18141.0,19,3,5,0,27,0,334
18142.0,19,3,5,0,27,0,334
18143.0,19,3,5,0,27,0,334
18144.0,19,3,5,0,27,0,334
18145.0,19,3,5,0,27,0,334
18146.0,19,3,5,0,27,0,334
18147.0,19,3,5,0,27,0,334
18148.0,19,3,5,0,27,0,334
18149.0,19,3,5,0,27,0,334
18150.0,19,3,5,0,27,0,334
18151.0,19,3,5,0,27,0,334
18152.0,19,3,5,0,27,0,334
18153.0,19,3,5,0,27,0,334
18154.0,19,3,5,0,27,0,334
18155.0,19,3,5,0,27,0,334
18156.0,19,3,5,0,27,0,334
18157.0,19,3,5,0,27,0,334
18158.0,19,3,5,0,27,0,334
18159.0,19,3,5,0,27,0,334
18160.0,19,3,5,0,27,0,334
18161.0,19,3,5,0,27,0,334
18162.0,19,3,5,0,27,0,334
18163.0,19,3,5,0,27,0,334
18164.0,19,3,5,0,27,0,334
18165.0,19,3,5,0,27,0,334
18166.0,19,3,5,0,27,0,334
18167.0,19,3,5,0,27,0,334
18168.0,19,3,5,0,27,0,334
18169.0,19,3,5,0,27,0,334
18170.0,19,3,5,0,27,0,334
18171.0,19,3,5,0,27,0,334
18172.0,19,3,5,0,27,0,334
18173.0,19,3,5,0,27,0,334
18174.0,19,3,5,0,27,0,334
18175.0,19,3,5,0,27,0,334
18176.0,19,3,5,0,27,0,334
18177.0,19,3,5,0,27,0,334
18178.0,19,3,5,0,27,0,334
18179.0,19,3,5,0,27,0,334
18180.0,19,3,5,0,27,0,334
18181.0,19,3,5,0,27,0,334
18182.0,19,3,5,0,27,0,334
18183.0,19,3,5,0,27,0,334
18184.0,19,3,5,0,27,0,334
18185.0,19,3,5,0,27,0,334
18186.0,19,3,5,0,27,0,334
18187.0,19,3,5,0,27,0,334
18188.0,19,3,5,0,27,0,334
18189.0,19,3,5,0,27,0,334
18190.0,19,3,5,0,27,0,334
18191.0,19,3,5,0,27,0,334
18192.0,19,3,5,0,27,0,334
18193.0,19,3,5,0,27,0,334
18194.0,19,3,5,0,27,0,334
18195.0,19,3,5,0,27,0,334
18196.0,19,3,5,0,27,0,334
18197.0,19,3,5,0,27,0,334
18198.0,19,3,5,0,27,0,334
18199.0,19,3,5,0,27,0,334
18200.0,19,3,5,0,27,0,334
18201.0,19,3,5,0,27,0,334
18202.0,19,3,5,0,27,0,334
18203.0,19,3,5,0,27,0,334
18204.0,19,3,5,0,27,0,334
18205.0,19,3,5,0,27,0,334
18206.0,19,3,5,0,27,0,334
18207.0,19,3,5,0,27,0,334
18208.0,19,3,5,0,27,0,334
18209.0,19,3,5,0,27,0,334
18210.0,19,3,5,0,27,0,334
18211.0,19,3,5,0,27,0,334
18212.0,19,3,5,0,27,0,334
18213.0,19,3,5,0,27,0,334
18214.0,19,3,5,0,27,0,334
18215.0,19,3,5,0,27,0,334
18216.0,19,3,5,0,27,0,334
18217.0,19,3,5,0,27,0,334
18218.0,19,3,5,0,27,0,334
18219.0,19,3,5,0,27,0,334
18220.0,19,3,5,0,27,0,334
18221.0,19,3,5,0,27,0,334
18222.0,19,3,5,0,27,0,334
18223.0,19,3,5,0,27,0,334
18224.0,19,3,5,0,27,0,334
18225.0,19,3,5,0,27,0,334
18226.0,19,3,5,0,27,0,334
18227.0,19,3,5,0,27,0,334
18228.0,19,3,5,0,27,0,334
18229.0,19,3,5,0,27,0,334
18230.0,19,3,5,0,27,0,334
18231.0,19,3,5,0,27,0,334
18232.0,19,3,5,0,27,0,334
18233.0,19,3,5,0,27,0,334
18234.0,19,3,5,0,27,0,334
18235.0,19,3,5,0,27,0,334
18236.0,19,3,5,0,27,0,334
18237.0,19,3,5,0,27,0,334
18238.0,19,3,5,0,27,0,334
18239.0,19,3,5,0,27,0,334
18240.0,19,3,5,0,27,0,334
18241.0,19,3,5,0,27,0,334
18242.0,19,3,5,0,27,0,334
18243.0,19,3,5,0,27,0,334
18244.0,19,3,5,0,27,0,334
18245.0,19,3,5,0,27,0,334
18246.0,19,3,5,0,27,0,334
18247.0,19,3,5,0,27,0,334
18248.0,19,3,5,0,27,0,334
18249.0,19,3,5,0,27,0,334
18250.0,19,3,5,0,27,0,334
18251.0,19,3,5,0,27,0,334
18252.0,19,3,5,0,27,0,334
18253.0,19,3,5,0,27,0,334
18254.0,19,3,5,0,27,0,334
18255.0,19,3,5,0,27,0,334
18256.0,19,3,5,0,27,0,334
18257.0,19,3,5,0,27,0,334
18258.0,19,3,5,0,27,0,334
18259.0,19,3,5,0,27,0,334
18260.0,19,3,5,0,27,0,334
18261.0,19,3,5,0,27,0,334
18262.0,19,3,5,0,27,0,334
18263.0,19,3,5,0,27,0,334
18264.0,19,3,5,0,27,0,334
18265.0,19,3,5,0,27,0,334
18266.0,19,3,5,0,27,0,334
18267.0,19,3,5,0,27,0,334
18268.0,19,3,5,0,27,0,334
18269.0,19,3,5,0,27,0,334
18270.0,19,3,5,0,27,0,334
18271.0,19,3,5,0,27,0,334
18272.0,19,3,5,0,27,0,334
18273.0,19,3,5,0,27,0,334
18274.0,19,3,5,0,27,0,334
18275.0,19,3,5,0,27,0,334
18276.0,19,3,5,0,27,0,334
18277.0,19,3,5,0,27,0,334
18278.0,19,3,5,0,27,0,334
18279.0,19,3,5,0,27,0,334
18280.0,19,3,5,0,27,0,334
18281.0,19,3,5,0,27,0,334
18282.0,19,3,5,0,27,0,334
18283.0,19,3,5,0,27,0,334
18284.0,19,3,5,0,27,0,334
18285.0,19,3,5,0,27,0,334
18286.0,19,3,5,0,27,0,334
18287.0,19,3,5,0,27,0,334
18288.0,19,3,5,0,27,0,334
18289.0,19,3,5,0,27,0,334
18290.0,19,3,5,0,27,0,334
18291.0,19,3,5,0,27,0,334
18292.0,19,3,5,0,27,0,334
18293.0,19,3,5,0,27,0,334
18294.0,19,3,5,0,27,0,334
18295.0,19,3,5,0,27,0,334
18296.0,19,3,5,0,27,0,334
18297.0,19,3,5,0,27,0,334
18298.0,19,3,5,0,27,0,334
18299.0,19,3,5,0,27,0,334
18300.0,19,3,5,0,27,0,334
18301.0,19,3,5,0,27,0,334
18302.0,19,3,5,0,27,0,334
18303.0,19,3,5,0,27,0,334
18304.0,19,3,5,0,27,0,334
18305.0,19,3,5,0,27,0,334
18306.0,19,3,5,0,27,0,334
18307.0,19,3,5,0,27,0,334
18308.0,19,3,5,0,27,0,334
18309.0,19,3,5,0,27,0,334
18310.0,19,3,5,0,27,0,334
18311.0,19,3,5,0,27,0,334
18312.0,19,3,5,0,27,0,334
18313.0,19,3,5,0,27,0,334
18314.0,19,3,5,0,27,0,334
18315.0,19,3,5,0,27,0,334
18316.0,19,3,5,0,27,0,334
18317.0,19,3,5,0,27,0,334
18318.0,19,3,5,0,27,0,334
18319.0,19,3,5,0,27,0,334
18320.0,19,3,5,0,27,0,334
18321.0,19,3,5,0,27,0,334
18322.0,19,3,5,0,27,0,334
18323.0,19,3,5,0,27,0,334
18324.0,19,3,5,0,27,0,334
18325.0,19,3,5,0,27,0,334
18326.0,19,3,5,0,27,0,334
18327.0,19,3,5,0,27,0,334
18328.0,19,3,5,0,27,0,334
18329.0,19,3,5,0,27,0,334
18330.0,19,3,5,0,27,0,334
18331.0,19,3,5,0,27,0,334
18332.0,19,3,5,0,27,0,334
18333.0,19,3,5,0,27,0,334
18334.0,19,3,5,0,27,0,334
18335.0,19,3,5,0,27,0,334
18336.0,19,3,5,0,27,0,334
18337.0,19,3,5,0,27,0,334
18338.0,19,3,5,0,27,0,334
18339.0,19,3,5,0,27,0,334
18340.0,19,3,5,0,27,0,334
18341.0,19,3,5,0,27,0,334
18342.0,19,3,5,0,27,0,334
18343.0,19,3,5,0,27,0,334
18344.0,19,3,5,0,27,0,334
18345.0,19,3,5,0,27,0,334
18346.0,19,3,5,0,27,0,334
18347.0,19,3,5,0,27,0,334
18348.0,19,3,5,0,27,0,334
18349.0,19,3,5,0,27,0,334
18350.0,19,3,5,0,27,0,334
18351.0,19,3,5,0,27,0,334
18352.0,19,3,5,0,27,0,334
18353.0,19,3,5,0,27,0,334
18354.0,19,3,5,0,27,0,334
18355.0,19,3,5,0,27,0,334
18356.0,19,3,5,0,27,0,334
18357.0,19,3,5,0,27,0,334
18358.0,19,3,5,0,27,0,334
18359.0,19,3,5,0,27,0,334
18360.0,19,3,5,0,27,0,334
18361.0,19,3,5,0,27,0,334
18362.0,19,3,5,0,27,0,334
18363.0,19,3,5,0,27,0,334
18364.0,19,3,5,0,27,0,334
18365.0,19,3,5,0,27,0,334
18366.0,19,3,5,0,27,0,334
18367.0,19,3,5,0,27,0,334
18368.0,19,3,5,0,27,0,334
18369.0,19,3,5,0,27,0,334
18370.0,19,3,5,0,27,0,334
18371.0,19,3,5,0,27,0,334
18372.0,19,3,5,0,27,0,334
18373.0,19,3,5,0,27,0,334
18374.0,19,3,5,0,27,0,334
18375.0,19,3,5,0,27,0,334
18376.0,19,3,5,0,27,0,334
18377.0,19,3,5,0,27,0,334
18378.0,19,3,5,0,27,0,334
18379.0,19,3,5,0,27,0,334
18380.0,19,3,5,0,27,0,334
18381.0,19,3,5,0,27,0,334
18382.0,19,3,5,0,27,0,334
18383.0,19,3,5,0,27,0,334
18384.0,19,3,5,0,27,0,334
18385.0,19,3,5,0,27,0,334
18386.0,19,3,5,0,27,0,334
18387.0,19,3,5,0,27,0,334
18388.0,19,3,5,0,27,0,334
18389.0,19,3,5,0,27,0,334
18390.0,19,3,5,0,27,0,334
18391.0,19,3,5,0,27,0,334
18392.0,19,3,5,0,27,0,334
18393.0,19,3,5,0,27,0,334
18394.0,19,3,5,0,27,0,334
18395.0,19,3,5,0,27,0,334
18396.0,19,3,5,0,27,0,334
18397.0,19,3,5,0,27,0,334
18398.0,19,3,5,0,27,0,334
18399.0,19,3,5,0,27,0,334
18400.0,19,3,5,0,27,0,334
18401.0,19,3,5,0,27,0,334
18402.0,19,3,5,0,27,0,334
18403.0,19,3,5,0,27,0,334
18404.0,19,3,5,0,27,0,334
18405.0,19,3,5,0,27,0,334
18406.0,19,3,5,0,27,0,334
18407.0,19,3,5,0,27,0,334
18408.0,19,3,5,0,27,0,334
18409.0,19,3,5,0,27,0,334
18410.0,19,3,5,0,27,0,334
18411.0,19,3,5,0,27,0,334
18412.0,19,3,5,0,27,0,334
18413.0,19,3,5,0,27,0,334
18414.0,19,3,5,0,27,0,334
18415.0,19,3,5,0,27,0,334
18416.0,19,3,5,0,27,0,334
18417.0,19,3,5,0,27,0,334
18418.0,19,3,5,0,27,0,334
18419.0,19,3,5,0,27,0,334
18420.0,19,3,5,0,27,0,334
18421.0,19,3,5,0,27,0,334
18422.0,19,3,5,0,27,0,334
18423.0,19,3,5,0,27,0,334
18424.0,19,3,5,0,27,0,334
18425.0,19,3,5,0,27,0,334
18426.0,19,3,5,0,27,0,334
18427.0,19,3,5,0,27,0,334
18428.0,19,3,5,0,27,0,334
18429.0,19,3,5,0,27,0,334
18430.0,19,3,5,0,27,0,334
18431.0,19,3,5,0,27,0,334
18432.0,19,3,5,0,27,0,334
18433.0,19,3,5,0,27,0,334
18434.0,19,3,5,0,27,0,334
18435.0,19,3,5,0,27,0,334
18436.0,19,3,5,0,27,0,334
18437.0,19,3,5,0,27,0,334
18438.0,19,3,5,0,27,0,334
18439.0,19,3,5,0,27,0,334
18440.0,19,3,5,0,27,0,334
18441.0,19,3,5,0,27,0,334
18442.0,19,3,5,0,27,0,334
18443.0,19,3,5,0,27,0,334
18444.0,19,3,5,0,27,0,334
18445.0,19,3,5,0,27,0,334
18446.0,19,3,5,0,27,0,334
18447.0,19,3,5,0,27,0,334
18448.0,19,3,5,0,27,0,334
18449.0,19,3,5,0,27,0,334
18450.0,19,3,5,0,27,0,334
18451.0,19,3,5,0,27,0,334
18452.0,19,3,5,0,27,0,334
18453.0,19,3,5,0,27,0,334
18454.0,19,3,5,0,27,0,334
18455.0,19,3,5,0,27,0,334
18456.0,19,3,5,0,27,0,334
18457.0,19,3,5,0,27,0,334
18458.0,19,3,5,0,27,0,334
18459.0,19,3,5,0,27,0,334
18460.0,19,3,5,0,27,0,334
18461.0,19,3,5,0,27,0,334
18462.0,19,3,5,0,27,0,334
18463.0,19,3,5,0,27,0,334
18464.0,19,3,5,0,27,0,334
18465.0,19,3,5,0,27,0,334
18466.0,19,3,5,0,27,0,334
18467.0,19,3,5,0,27,0,334
18468.0,19,3,5,0,27,0,334
18469.0,19,3,5,0,27,0,334
18470.0,19,3,5,0,27,0,334
18471.0,19,3,5,0,27,0,334
18472.0,19,3,5,0,27,0,334
18473.0,19,3,5,0,27,0,334
18474.0,19,3,5,0,27,0,334
18475.0,19,3,5,0,27,0,334
18476.0,19,3,5,0,27,0,334
18477.0,19,3,5,0,27,0,334
18478.0,19,3,5,0,27,0,334
18479.0,19,3,5,0,27,0,334
18480.0,19,3,5,0,27,0,334
18481.0,19,3,5,0,27,0,334
18482.0,19,3,5,0,27,0,334
18483.0,19,3,5,0,27,0,334
18484.0,19,3,5,0,27,0,334
18485.0,19,3,5,0,27,0,334
18486.0,19,3,5,0,27,0,334
18487.0,19,3,5,0,27,0,334
18488.0,19,3,5,0,27,0,334
18489.0,19,3,5,0,27,0,334
18490.0,19,3,5,0,27,0,334
18491.0,19,3,5,0,27,0,334
18492.0,19,3,5,0,27,0,334
18493.0,19,3,5,0,27,0,334
18494.0,19,3,5,0,27,0,334
18495.0,19,3,5,0,27,0,334
18496.0,19,3,5,0,27,0,334
18497.0,19,3,5,0,27,0,334
18498.0,19,3,5,0,27,0,334
18499.0,19,3,5,0,27,0,334
18500.0,19,3,5,0,27,0,334
18501.0,19,3,5,0,27,0,334
18502.0,19,3,5,0,27,0,334
18503.0,19,3,5,0,27,0,334
18504.0,19,3,5,0,27,0,334
18505.0,19,3,5,0,27,0,334
18506.0,19,3,5,0,27,0,334
18507.0,19,3,5,0,27,0,334
18508.0,19,3,5,0,27,0,334
18509.0,19,3,5,0,27,0,334
18510.0,19,3,5,0,27,0,334
18511.0,19,3,5,0,27,0,334
18512.0,19,3,5,0,27,0,334
18513.0,19,3,5,0,27,0,334
18514.0,19,3,5,0,27,0,334
18515.0,19,3,5,0,27,0,334
18516.0,19,3,5,0,27,0,334
18517.0,19,3,5,0,27,0,334
18518.0,19,3,5,0,27,0,334
18519.0,19,3,5,0,27,0,334
18520.0,19,3,5,0,27,0,334
18521.0,19,3,5,0,27,0,334
18522.0,19,3,5,0,27,0,334
18523.0,19,3,5,0,27,0,334
18524.0,19,3,5,0,27,0,334
18525.0,19,3,5,0,27,0,334
18526.0,19,3,5,0,27,0,334
18527.0,19,3,5,0,27,0,334
18528.0,19,3,5,0,27,0,334
18529.0,19,3,5,0,27,0,334
18530.0,19,3,5,0,27,0,334
18531.0,19,3,5,0,27,0,334
18532.0,19,3,5,0,27,0,334
18533.0,19,3,5,0,27,0,334
18534.0,19,3,5,0,27,0,334
18535.0,19,3,5,0,27,0,334
18536.0,19,3,5,0,27,0,334
18537.0,19,3,5,0,27,0,334
18538.0,19,3,5,0,27,0,334
18539.0,19,3,5,0,27,0,334
18540.0,19,3,5,0,27,0,334
18541.0,19,3,5,0,27,0,334
18542.0,19,3,5,0,27,0,334
18543.0,19,3,5,0,27,0,334
18544.0,19,3,5,0,27,0,334
18545.0,19,3,5,0,27,0,334
18546.0,19,3,5,0,27,0,334
18547.0,19,3,5,0,27,0,334
18548.0,19,3,5,0,27,0,334
18549.0,19,3,5,0,27,0,334
18550.0,19,3,5,0,27,0,334
18551.0,19,3,5,0,27,0,334
18552.0,19,3,5,0,27,0,334
18553.0,19,3,5,0,27,0,334
18554.0,19,3,5,0,27,0,334
18555.0,19,3,5,0,27,0,334
18556.0,19,3,5,0,27,0,334
18557.0,19,3,5,0,27,0,334
18558.0,19,3,5,0,27,0,334
18559.0,19,3,5,0,27,0,334
18560.0,19,3,5,0,27,0,334
18561.0,19,3,5,0,27,0,334
18562.0,19,3,5,0,27,0,334
18563.0,19,3,5,0,27,0,334
18564.0,19,3,5,0,27,0,334
18565.0,19,3,5,0,27,0,334
18566.0,19,3,5,0,27,0,334
18567.0,19,3,5,0,27,0,334
18568.0,19,3,5,0,27,0,334
18569.0,19,3,5,0,27,0,334
18570.0,19,3,5,0,27,0,334
18571.0,19,3,5,0,27,0,334
18572.0,19,3,5,0,27,0,334
18573.0,19,3,5,0,27,0,334
18574.0,19,3,5,0,27,0,334
18575.0,19,3,5,0,27,0,334
18576.0,19,3,5,0,27,0,334
18577.0,19,3,5,0,27,0,334
18578.0,19,3,5,0,27,0,334
18579.0,19,3,5,0,27,0,334
18580.0,19,3,5,0,27,0,334
18581.0,19,3,5,0,27,0,334
18582.0,19,3,5,0,27,0,334
18583.0,19,3,5,0,27,0,334
18584.0,19,3,5,0,27,0,334
18585.0,19,3,5,0,27,0,334
18586.0,19,3,5,0,27,0,334
18587.0,19,3,5,0,27,0,334
18588.0,19,3,5,0,27,0,334
18589.0,19,3,5,0,27,0,334
18590.0,19,3,5,0,27,0,334
18591.0,19,3,5,0,27,0,334
18592.0,19,3,5,0,27,0,334
18593.0,19,3,5,0,27,0,334
18594.0,19,3,5,0,27,0,334
18595.0,19,3,5,0,27,0,334
18596.0,19,3,5,0,27,0,334
18597.0,19,3,5,0,27,0,334
18598.0,19,3,5,0,27,0,334
18599.0,19,3,5,0,27,0,334
18600.0,19,3,5,0,27,0,334
18601.0,19,3,5,0,27,0,334
18602.0,19,3,5,0,27,0,334
18603.0,19,3,5,0,27,0,334
18604.0,19,3,5,0,27,0,334
18605.0,19,3,5,0,27,0,334
18606.0,19,3,5,0,27,0,334
18607.0,19,3,5,0,27,0,334
18608.0,19,3,5,0,27,0,334
18609.0,19,3,5,0,27,0,334
18610.0,19,3,5,0,27,0,334
18611.0,19,3,5,0,27,0,334
18612.0,19,3,5,0,27,0,334
18613.0,19,3,5,0,27,0,334
18614.0,19,3,5,0,27,0,334
18615.0,19,3,5,0,27,0,334
18616.0,19,3,5,0,27,0,334
18617.0,19,3,5,0,27,0,334
18618.0,19,3,5,0,27,0,334
18619.0,19,3,5,0,27,0,334
18620.0,19,3,5,0,27,0,334
18621.0,19,3,5,0,27,0,334
18622.0,19,3,5,0,27,0,334
18623.0,19,3,5,0,27,0,334
18624.0,19,3,5,0,27,0,334
18625.0,19,3,5,0,27,0,334
18626.0,19,3,5,0,27,0,334
18627.0,19,3,5,0,27,0,334
18628.0,19,3,5,0,27,0,334
18629.0,19,3,5,0,27,0,334
18630.0,19,3,5,0,27,0,334
18631.0,19,3,5,0,27,0,334
18632.0,19,3,5,0,27,0,334
18633.0,19,3,5,0,27,0,334
18634.0,19,3,5,0,27,0,334
18635.0,19,3,5,0,27,0,334
18636.0,19,3,5,0,27,0,334
18637.0,19,3,5,0,27,0,334
18638.0,19,3,5,0,27,0,334
18639.0,19,3,5,0,27,0,334
18640.0,19,3,5,0,27,0,334
18641.0,19,3,5,0,27,0,334
18642.0,19,3,5,0,27,0,334
18643.0,19,3,5,0,27,0,334
18644.0,19,3,5,0,27,0,334
18645.0,19,3,5,0,27,0,334
18646.0,19,3,5,0,27,0,334
18647.0,19,3,5,0,27,0,334
18648.0,19,3,5,0,27,0,334
18649.0,19,3,5,0,27,0,334
18650.0,19,3,5,0,27,0,334
18651.0,19,3,5,0,27,0,334
18652.0,19,3,5,0,27,0,334
18653.0,19,3,5,0,27,0,334
18654.0,19,3,5,0,27,0,334
18655.0,19,3,5,0,27,0,334
18656.0,19,3,5,0,27,0,334
18657.0,19,3,5,0,27,0,334
18658.0,19,3,5,0,27,0,334
18659.0,19,3,5,0,27,0,334
18660.0,19,3,5,0,27,0,334
18661.0,19,3,5,0,27,0,334
18662.0,19,3,5,0,27,0,334
18663.0,19,3,5,0,27,0,334
18664.0,19,3,5,0,27,0,334
18665.0,19,3,5,0,27,0,334
18666.0,19,3,5,0,27,0,334
18667.0,19,3,5,0,27,0,334
18668.0,19,3,5,0,27,0,334
18669.0,19,3,5,0,27,0,334
18670.0,19,3,5,0,27,0,334
18671.0,19,3,5,0,27,0,334
18672.0,19,3,5,0,27,0,334
18673.0,19,3,5,0,27,0,334
18674.0,19,3,5,0,27,0,334
18675.0,19,3,5,0,27,0,334
18676.0,19,3,5,0,27,0,334
18677.0,19,3,5,0,27,0,334
18678.0,19,3,5,0,27,0,334
18679.0,19,3,5,0,27,0,334
18680.0,19,3,5,0,27,0,334
18681.0,19,3,5,0,27,0,334
18682.0,19,3,5,0,27,0,334
18683.0,19,3,5,0,27,0,334
18684.0,19,3,5,0,27,0,334
18685.0,19,3,5,0,27,0,334
18686.0,19,3,5,0,27,0,334
18687.0,19,3,5,0,27,0,334
18688.0,19,3,5,0,27,0,334
18689.0,19,3,5,0,27,0,334
18690.0,19,3,5,0,27,0,334
18691.0,19,3,5,0,27,0,334
18692.0,19,3,5,0,27,0,334
18693.0,19,3,5,0,27,0,334
18694.0,19,3,5,0,27,0,334
18695.0,19,3,5,0,27,0,334
18696.0,19,3,5,0,27,0,334
18697.0,19,3,5,0,27,0,334
18698.0,19,3,5,0,27,0,334
18699.0,19,3,5,0,27,0,334
18700.0,19,3,5,0,27,0,334
18701.0,19,3,5,0,27,0,334
18702.0,19,3,5,0,27,0,334
18703.0,19,3,5,0,27,0,334
18704.0,19,3,5,0,27,0,334
18705.0,19,3,5,0,27,0,334
18706.0,19,3,5,0,27,0,334
18707.0,19,3,5,0,27,0,334
18708.0,19,3,5,0,27,0,334
18709.0,19,3,5,0,27,0,334
18710.0,19,3,5,0,27,0,334
18711.0,19,3,5,0,27,0,334
18712.0,19,3,5,0,27,0,334
18713.0,19,3,5,0,27,0,334
18714.0,19,3,5,0,27,0,334
18715.0,19,3,5,0,27,0,334
18716.0,19,3,5,0,27,0,334
18717.0,19,3,5,0,27,0,334
18718.0,19,3,5,0,27,0,334
18719.0,19,3,5,0,27,0,334
18720.0,19,3,5,0,27,0,334
18721.0,19,3,5,0,27,0,334
18722.0,19,3,5,0,27,0,334
18723.0,19,3,5,0,27,0,334
18724.0,19,3,5,0,27,0,334
18725.0,19,3,5,0,27,0,334
18726.0,19,3,5,0,27,0,334
18727.0,19,3,5,0,27,0,334
18728.0,19,3,5,0,27,0,334
18729.0,19,3,5,0,27,0,334
18730.0,19,3,5,0,27,0,334
18731.0,19,3,5,0,27,0,334
18732.0,19,3,5,0,27,0,334
18733.0,19,3,5,0,27,0,334
18734.0,19,3,5,0,27,0,334
18735.0,19,3,5,0,27,0,334
18736.0,19,3,5,0,27,0,334
18737.0,19,3,5,0,27,0,334
18738.0,19,3,5,0,27,0,334
18739.0,19,3,5,0,27,0,334
18740.0,19,3,5,0,27,0,334
18741.0,19,3,5,0,27,0,334
18742.0,19,3,5,0,27,0,334
18743.0,19,3,5,0,27,0,334
18744.0,19,3,5,0,27,0,334
18745.0,19,3,5,0,27,0,334
18746.0,19,3,5,0,27,0,334
18747.0,19,3,5,0,27,0,334
18748.0,19,3,5,0,27,0,334
18749.0,19,3,5,0,27,0,334
18750.0,19,3,5,0,27,0,334
18751.0,19,3,5,0,27,0,334
18752.0,19,3,5,0,27,0,334
18753.0,19,3,5,0,27,0,334
18754.0,19,3,5,0,27,0,334
18755.0,19,3,5,0,27,0,334
18756.0,19,3,5,0,27,0,334
18757.0,19,3,5,0,27,0,334
18758.0,19,3,5,0,27,0,334
18759.0,19,3,5,0,27,0,334
18760.0,19,3,5,0,27,0,334
18761.0,19,3,5,0,27,0,334
18762.0,19,3,5,0,27,0,334
18763.0,19,3,5,0,27,0,334
18764.0,19,3,5,0,27,0,334
18765.0,19,3,5,0,27,0,334
18766.0,19,3,5,0,27,0,334
18767.0,19,3,5,0,27,0,334
18768.0,19,3,5,0,27,0,334
18769.0,19,3,5,0,27,0,334
18770.0,19,3,5,0,27,0,334
18771.0,19,3,5,0,27,0,334
18772.0,19,3,5,0,27,0,334
18773.0,19,3,5,0,27,0,334
18774.0,19,3,5,0,27,0,334
18775.0,19,3,5,0,27,0,334
18776.0,19,3,5,0,27,0,334
18777.0,19,3,5,0,27,0,334
18778.0,19,3,5,0,27,0,334
18779.0,19,3,5,0,27,0,334
18780.0,19,3,5,0,27,0,334
18781.0,19,3,5,0,27,0,334
18782.0,19,3,5,0,27,0,334
18783.0,19,3,5,0,27,0,334
18784.0,19,3,5,0,27,0,334
18785.0,19,3,5,0,27,0,334
18786.0,19,3,5,0,27,0,334
18787.0,19,3,5,0,27,0,334
18788.0,19,3,5,0,27,0,334
18789.0,19,3,5,0,27,0,334
18790.0,19,3,5,0,27,0,334
18791.0,19,3,5,0,27,0,334
18792.0,19,3,5,0,27,0,334
18793.0,19,3,5,0,27,0,334
18794.0,19,3,5,0,27,0,334
18795.0,19,3,5,0,27,0,334
18796.0,19,3,5,0,27,0,334
18797.0,19,3,5,0,27,0,334
18798.0,19,3,5,0,27,0,334
18799.0,19,3,5,0,27,0,334
18800.0,19,3,5,0,27,0,334
18801.0,19,3,5,0,27,0,334
18802.0,19,3,5,0,27,0,334
18803.0,19,3,5,0,27,0,334
18804.0,19,3,5,0,27,0,334
18805.0,19,3,5,0,27,0,334
18806.0,19,3,5,0,27,0,334
18807.0,19,3,5,0,27,0,334
18808.0,19,3,5,0,27,0,334
18809.0,19,3,5,0,27,0,334
18810.0,19,3,5,0,27,0,334
18811.0,19,3,5,0,27,0,334
18812.0,19,3,5,0,27,0,334
18813.0,19,3,5,0,27,0,334
18814.0,19,3,5,0,27,0,334
18815.0,19,3,5,0,27,0,334
18816.0,19,3,5,0,27,0,334
18817.0,19,3,5,0,27,0,334
18818.0,19,3,5,0,27,0,334
18819.0,19,3,5,0,27,0,334
18820.0,19,3,5,0,27,0,334
18821.0,19,3,5,0,27,0,334
18822.0,19,3,5,0,27,0,334
18823.0,19,3,5,0,27,0,334
18824.0,19,3,5,0,27,0,334
18825.0,19,3,5,0,27,0,334
18826.0,19,3,5,0,27,0,334
18827.0,19,3,5,0,27,0,334
18828.0,19,3,5,0,27,0,334
18829.0,19,3,5,0,27,0,334
18830.0,19,3,5,0,27,0,334
18831.0,19,3,5,0,27,0,334
18832.0,19,3,5,0,27,0,334
18833.0,19,3,5,0,27,0,334
18834.0,19,3,5,0,27,0,334
18835.0,19,3,5,0,27,0,334
18836.0,19,3,5,0,27,0,334
18837.0,19,3,5,0,27,0,334
18838.0,19,3,5,0,27,0,334
18839.0,19,3,5,0,27,0,334
18840.0,19,3,5,0,27,0,334
18841.0,19,3,5,0,27,0,334
18842.0,19,3,5,0,27,0,334
18843.0,19,3,5,0,27,0,334
18844.0,19,3,5,0,27,0,334
18845.0,19,3,5,0,27,0,334
18846.0,19,3,5,0,27,0,334
18847.0,19,3,5,0,27,0,334
18848.0,19,3,5,0,27,0,334
18849.0,19,3,5,0,27,0,334
18850.0,19,3,5,0,27,0,334
18851.0,19,3,5,0,27,0,334
18852.0,19,3,5,0,27,0,334
18853.0,19,3,5,0,27,0,334
18854.0,19,3,5,0,27,0,334
18855.0,19,3,5,0,27,0,334
18856.0,19,3,5,0,27,0,334
18857.0,19,3,5,0,27,0,334
18858.0,19,3,5,0,27,0,334
18859.0,19,3,5,0,27,0,334
18860.0,19,3,5,0,27,0,334
18861.0,19,3,5,0,27,0,334
18862.0,19,3,5,0,27,0,334
18863.0,19,3,5,0,27,0,334
18864.0,19,3,5,0,27,0,334
18865.0,19,3,5,0,27,0,334
18866.0,19,3,5,0,27,0,334
18867.0,19,3,5,0,27,0,334
18868.0,19,3,5,0,27,0,334
18869.0,19,3,5,0,27,0,334
18870.0,19,3,5,0,27,0,334
18871.0,19,3,5,0,27,0,334
18872.0,19,3,5,0,27,0,334
18873.0,19,3,5,0,27,0,334
18874.0,19,3,5,0,27,0,334
18875.0,19,3,5,0,27,0,334
18876.0,19,3,5,0,27,0,334
18877.0,19,3,5,0,27,0,334
18878.0,19,3,5,0,27,0,334
18879.0,19,3,5,0,27,0,334
18880.0,19,3,5,0,27,0,334
18881.0,19,3,5,0,27,0,334
18882.0,19,3,5,0,27,0,334
18883.0,19,3,5,0,27,0,334
18884.0,19,3,5,0,27,0,334
18885.0,19,3,5,0,27,0,334
18886.0,19,3,5,0,27,0,334
18887.0,19,3,5,0,27,0,334
18888.0,19,3,5,0,27,0,334
18889.0,19,3,5,0,27,0,334
18890.0,19,3,5,0,27,0,334
18891.0,19,3,5,0,27,0,334
18892.0,19,3,5,0,27,0,334
18893.0,19,3,5,0,27,0,334
18894.0,19,3,5,0,27,0,334
18895.0,19,3,5,0,27,0,334
18896.0,19,3,5,0,27,0,334
18897.0,19,3,5,0,27,0,334
18898.0,19,3,5,0,27,0,334
18899.0,19,3,5,0,27,0,334
18900.0,19,3,5,0,27,0,334
18901.0,19,3,5,0,27,0,334
18902.0,19,3,5,0,27,0,334
18903.0,19,3,5,0,27,0,334
18904.0,19,3,5,0,27,0,334
18905.0,19,3,5,0,27,0,334
18906.0,19,3,5,0,27,0,334
18907.0,19,3,5,0,27,0,334
18908.0,19,3,5,0,27,0,334
18909.0,19,3,5,0,27,0,334
18910.0,19,3,5,0,27,0,334
18911.0,19,3,5,0,27,0,334
18912.0,19,3,5,0,27,0,334
18913.0,19,3,5,0,27,0,334
18914.0,19,3,5,0,27,0,334
18915.0,19,3,5,0,27,0,334
18916.0,19,3,5,0,27,0,334
18917.0,19,3,5,0,27,0,334
18918.0,19,3,5,0,27,0,334
18919.0,19,3,5,0,27,0,334
18920.0,19,3,5,0,27,0,334
18921.0,19,3,5,0,27,0,334
18922.0,19,3,5,0,27,0,334
18923.0,19,3,5,0,27,0,334
18924.0,19,3,5,0,27,0,334
18925.0,19,3,5,0,27,0,334
18926.0,19,3,5,0,27,0,334
18927.0,19,3,5,0,27,0,334
18928.0,19,3,5,0,27,0,334
18929.0,19,3,5,0,27,0,334
18930.0,19,3,5,0,27,0,334
18931.0,19,3,5,0,27,0,334
18932.0,19,3,5,0,27,0,334
18933.0,19,3,5,0,27,0,334
18934.0,19,3,5,0,27,0,334
18935.0,19,3,5,0,27,0,334
18936.0,19,3,5,0,27,0,334
18937.0,19,3,5,0,27,0,334
18938.0,19,3,5,0,27,0,334
18939.0,19,3,5,0,27,0,334
18940.0,19,3,5,0,27,0,334
18941.0,19,3,5,0,27,0,334
18942.0,19,3,5,0,27,0,334
18943.0,19,3,5,0,27,0,334
18944.0,19,3,5,0,27,0,334
18945.0,19,3,5,0,27,0,334
18946.0,19,3,5,0,27,0,334
18947.0,19,3,5,0,27,0,334
18948.0,19,3,5,0,27,0,334
18949.0,19,3,5,0,27,0,334
18950.0,19,3,5,0,27,0,334
18951.0,19,3,5,0,27,0,334
18952.0,19,3,5,0,27,0,334
18953.0,19,3,5,0,27,0,334
18954.0,19,3,5,0,27,0,334
18955.0,19,3,5,0,27,0,334
18956.0,19,3,5,0,27,0,334
18957.0,19,3,5,0,27,0,334
18958.0,19,3,5,0,27,0,334
18959.0,19,3,5,0,27,0,334
18960.0,19,3,5,0,27,0,334
18961.0,19,3,5,0,27,0,334
18962.0,19,3,5,0,27,0,334
18963.0,19,3,5,0,27,0,334
18964.0,19,3,5,0,27,0,334
18965.0,19,3,5,0,27,0,334
18966.0,19,3,5,0,27,0,334
18967.0,19,3,5,0,27,0,334
18968.0,19,3,5,0,27,0,334
18969.0,19,3,5,0,27,0,334
18970.0,19,3,5,0,27,0,334
18971.0,19,3,5,0,27,0,334
18972.0,19,3,5,0,27,0,334
18973.0,19,3,5,0,27,0,334
18974.0,19,3,5,0,27,0,334
18975.0,19,3,5,0,27,0,334
18976.0,19,3,5,0,27,0,334
18977.0,19,3,5,0,27,0,334
18978.0,19,3,5,0,27,0,334
18979.0,19,3,5,0,27,0,334
18980.0,19,3,5,0,27,0,334
18981.0,19,3,5,0,27,0,334
18982.0,19,3,5,0,27,0,334
18983.0,19,3,5,0,27,0,334
18984.0,19,3,5,0,27,0,334
18985.0,19,3,5,0,27,0,334
18986.0,19,3,5,0,27,0,334
18987.0,19,3,5,0,27,0,334
18988.0,19,3,5,0,27,0,334
18989.0,19,3,5,0,27,0,334
18990.0,19,3,5,0,27,0,334
18991.0,19,3,5,0,27,0,334
18992.0,19,3,5,0,27,0,334
18993.0,19,3,5,0,27,0,334
18994.0,19,3,5,0,27,0,334
18995.0,19,3,5,0,27,0,334
18996.0,19,3,5,0,27,0,334
18997.0,19,3,5,0,27,0,334
18998.0,19,3,5,0,27,0,334
18999.0,19,3,5,0,27,0,334
19000.0,19,3,5,0,27,0,334
19001.0,19,3,5,0,27,0,334
19002.0,19,3,5,0,27,0,334
19003.0,19,3,5,0,27,0,334
19004.0,19,3,5,0,27,0,334
19005.0,19,3,5,0,27,0,334
19006.0,19,3,5,0,27,0,334
19007.0,19,3,5,0,27,0,334
19008.0,19,3,5,0,27,0,334
19009.0,19,3,5,0,27,0,334
19010.0,19,3,5,0,27,0,334
19011.0,19,3,5,0,27,0,334
19012.0,19,3,5,0,27,0,334
19013.0,19,3,5,0,27,0,334
19014.0,19,3,5,0,27,0,334
19015.0,19,3,5,0,27,0,334
19016.0,19,3,5,0,27,0,334
19017.0,19,3,5,0,27,0,334
19018.0,19,3,5,0,27,0,334
19019.0,19,3,5,0,27,0,334
19020.0,19,3,5,0,27,0,334
19021.0,19,3,5,0,27,0,334
19022.0,19,3,5,0,27,0,334
19023.0,19,3,5,0,27,0,334
19024.0,19,3,5,0,27,0,334
19025.0,19,3,5,0,27,0,334
19026.0,19,3,5,0,27,0,334
19027.0,19,3,5,0,27,0,334
19028.0,19,3,5,0,27,0,334
19029.0,19,3,5,0,27,0,334
19030.0,19,3,5,0,27,0,334
19031.0,19,3,5,0,27,0,334
19032.0,19,3,5,0,27,0,334
19033.0,19,3,5,0,27,0,334
19034.0,19,3,5,0,27,0,334
19035.0,19,3,5,0,27,0,334
19036.0,19,3,5,0,27,0,334
19037.0,19,3,5,0,27,0,334
19038.0,19,3,5,0,27,0,334
19039.0,19,3,5,0,27,0,334
19040.0,19,3,5,0,27,0,334
19041.0,19,3,5,0,27,0,334
19042.0,19,3,5,0,27,0,334
19043.0,19,3,5,0,27,0,334
19044.0,19,3,5,0,27,0,334
19045.0,19,3,5,0,27,0,334
19046.0,19,3,5,0,27,0,334
19047.0,19,3,5,0,27,0,334
19048.0,19,3,5,0,27,0,334
19049.0,19,3,5,0,27,0,334
19050.0,19,3,5,0,27,0,334
19051.0,19,3,5,0,27,0,334
19052.0,19,3,5,0,27,0,334
19053.0,19,3,5,0,27,0,334
19054.0,19,3,5,0,27,0,334
19055.0,19,3,5,0,27,0,334
19056.0,19,3,5,0,27,0,334
19057.0,19,3,5,0,27,0,334
19058.0,19,3,5,0,27,0,334
19059.0,19,3,5,0,27,0,334
19060.0,19,3,5,0,27,0,334
19061.0,19,3,5,0,27,0,334
19062.0,19,3,5,0,27,0,334
19063.0,19,3,5,0,27,0,334
19064.0,19,3,5,0,27,0,334
19065.0,19,3,5,0,27,0,334
19066.0,19,3,5,0,27,0,334
19067.0,19,3,5,0,27,0,334
19068.0,19,3,5,0,27,0,334
19069.0,19,3,5,0,27,0,334
19070.0,19,3,5,0,27,0,334
19071.0,19,3,5,0,27,0,334
19072.0,19,3,5,0,27,0,334
19073.0,19,3,5,0,27,0,334
19074.0,19,3,5,0,27,0,334
19075.0,19,3,5,0,27,0,334
19076.0,19,3,5,0,27,0,334
19077.0,19,3,5,0,27,0,334
19078.0,19,3,5,0,27,0,334
19079.0,19,3,5,0,27,0,334
19080.0,19,3,5,0,27,0,334
19081.0,19,3,5,0,27,0,334
19082.0,19,3,5,0,27,0,334
19083.0,19,3,5,0,27,0,334
19084.0,19,3,5,0,27,0,334
19085.0,19,3,5,0,27,0,334
19086.0,19,3,5,0,27,0,334
19087.0,19,3,5,0,27,0,334
19088.0,19,3,5,0,27,0,334
19089.0,19,3,5,0,27,0,334
19090.0,19,3,5,0,27,0,334
19091.0,19,3,5,0,27,0,334
19092.0,19,3,5,0,27,0,334
19093.0,19,3,5,0,27,0,334
19094.0,19,3,5,0,27,0,334
19095.0,19,3,5,0,27,0,334
19096.0,19,3,5,0,27,0,334
19097.0,19,3,5,0,27,0,334
19098.0,19,3,5,0,27,0,334
19099.0,19,3,5,0,27,0,334
19100.0,19,3,5,0,27,0,334
19101.0,19,3,5,0,27,0,334
19102.0,19,3,5,0,27,0,334
19103.0,19,3,5,0,27,0,334
19104.0,19,3,5,0,27,0,334
19105.0,19,3,5,0,27,0,334
19106.0,19,3,5,0,27,0,334
19107.0,19,3,5,0,27,0,334
19108.0,19,3,5,0,27,0,334
19109.0,19,3,5,0,27,0,334
19110.0,19,3,5,0,27,0,334
19111.0,19,3,5,0,27,0,334
19112.0,19,3,5,0,27,0,334
19113.0,19,3,5,0,27,0,334
19114.0,19,3,5,0,27,0,334
19115.0,19,3,5,0,27,0,334
19116.0,19,3,5,0,27,0,334
19117.0,19,3,5,0,27,0,334
19118.0,19,3,5,0,27,0,334
19119.0,19,3,5,0,27,0,334
19120.0,19,3,5,0,27,0,334
19121.0,19,3,5,0,27,0,334
19122.0,19,3,5,0,27,0,334
19123.0,19,3,5,0,27,0,334
19124.0,19,3,5,0,27,0,334
19125.0,19,3,5,0,27,0,334
19126.0,19,3,5,0,27,0,334
19127.0,19,3,5,0,27,0,334
19128.0,19,3,5,0,27,0,334
19129.0,19,3,5,0,27,0,334
19130.0,19,3,5,0,27,0,334
19131.0,19,3,5,0,27,0,334
19132.0,19,3,5,0,27,0,334
19133.0,19,3,5,0,27,0,334
19134.0,19,3,5,0,27,0,334
19135.0,19,3,5,0,27,0,334
19136.0,19,3,5,0,27,0,334
19137.0,19,3,5,0,27,0,334
19138.0,19,3,5,0,27,0,334
19139.0,19,3,5,0,27,0,334
19140.0,19,3,5,0,27,0,334
19141.0,19,3,5,0,27,0,334
19142.0,19,3,5,0,27,0,334
19143.0,19,3,5,0,27,0,334
19144.0,19,3,5,0,27,0,334
19145.0,19,3,5,0,27,0,334
19146.0,19,3,5,0,27,0,334
19147.0,19,3,5,0,27,0,334
19148.0,19,3,5,0,27,0,334
19149.0,19,3,5,0,27,0,334
19150.0,19,3,5,0,27,0,334
19151.0,19,3,5,0,27,0,334
19152.0,19,3,5,0,27,0,334
19153.0,19,3,5,0,27,0,334
19154.0,19,3,5,0,27,0,334
19155.0,19,3,5,0,27,0,334
19156.0,19,3,5,0,27,0,334
19157.0,19,3,5,0,27,0,334
19158.0,19,3,5,0,27,0,334
19159.0,19,3,5,0,27,0,334
19160.0,19,3,5,0,27,0,334
19161.0,19,3,5,0,27,0,334
19162.0,19,3,5,0,27,0,334
19163.0,19,3,5,0,27,0,334
19164.0,19,3,5,0,27,0,334
19165.0,19,3,5,0,27,0,334
19166.0,19,3,5,0,27,0,334
19167.0,19,3,5,0,27,0,334
19168.0,19,3,5,0,27,0,334
19169.0,19,3,5,0,27,0,334
19170.0,19,3,5,0,27,0,334
19171.0,19,3,5,0,27,0,334
19172.0,19,3,5,0,27,0,334
19173.0,19,3,5,0,27,0,334
19174.0,19,3,5,0,27,0,334
19175.0,19,3,5,0,27,0,334
19176.0,19,3,5,0,27,0,334
19177.0,19,3,5,0,27,0,334
19178.0,19,3,5,0,27,0,334
19179.0,19,3,5,0,27,0,334
19180.0,19,3,5,0,27,0,334
19181.0,19,3,5,0,27,0,334
19182.0,19,3,5,0,27,0,334
19183.0,19,3,5,0,27,0,334
19184.0,19,3,5,0,27,0,334
19185.0,19,3,5,0,27,0,334
19186.0,19,3,5,0,27,0,334
19187.0,19,3,5,0,27,0,334
19188.0,19,3,5,0,27,0,334
19189.0,19,3,5,0,27,0,334
19190.0,19,3,5,0,27,0,334
19191.0,19,3,5,0,27,0,334
19192.0,19,3,5,0,27,0,334
19193.0,19,3,5,0,27,0,334
19194.0,19,3,5,0,27,0,334
19195.0,19,3,5,0,27,0,334
19196.0,19,3,5,0,27,0,334
19197.0,19,3,5,0,27,0,334
19198.0,19,3,5,0,27,0,334
19199.0,19,3,5,0,27,0,334
19200.0,19,3,5,0,27,0,334
19201.0,19,3,5,0,27,0,334
19202.0,19,3,5,0,27,0,334
19203.0,19,3,5,0,27,0,334
19204.0,19,3,5,0,27,0,334
19205.0,19,3,5,0,27,0,334
19206.0,19,3,5,0,27,0,334
19207.0,19,3,5,0,27,0,334
19208.0,19,3,5,0,27,0,334
19209.0,19,3,5,0,27,0,334
19210.0,19,3,5,0,27,0,334
19211.0,19,3,5,0,27,0,334
19212.0,19,3,5,0,27,0,334
19213.0,19,3,5,0,27,0,334
19214.0,19,3,5,0,27,0,334
19215.0,19,3,5,0,27,0,334
19216.0,19,3,5,0,27,0,334
19217.0,19,3,5,0,27,0,334
19218.0,19,3,5,0,27,0,334
19219.0,19,3,5,0,27,0,334
19220.0,19,3,5,0,27,0,334
19221.0,19,3,5,0,27,0,334
19222.0,19,3,5,0,27,0,334
19223.0,19,3,5,0,27,0,334
19224.0,19,3,5,0,27,0,334
19225.0,19,3,5,0,27,0,334
19226.0,19,3,5,0,27,0,334
19227.0,19,3,5,0,27,0,334
19228.0,19,3,5,0,27,0,334
19229.0,19,3,5,0,27,0,334
19230.0,19,3,5,0,27,0,334
19231.0,19,3,5,0,27,0,334
19232.0,19,3,5,0,27,0,334
19233.0,19,3,5,0,27,0,334
19234.0,19,3,5,0,27,0,334
19235.0,19,3,5,0,27,0,334
19236.0,19,3,5,0,27,0,334
19237.0,19,3,5,0,27,0,334
19238.0,19,3,5,0,27,0,334
19239.0,19,3,5,0,27,0,334
19240.0,19,3,5,0,27,0,334
19241.0,19,3,5,0,27,0,334
19242.0,19,3,5,0,27,0,334
19243.0,19,3,5,0,27,0,334
19244.0,19,3,5,0,27,0,334
19245.0,19,3,5,0,27,0,334
19246.0,19,3,5,0,27,0,334
19247.0,19,3,5,0,27,0,334
19248.0,19,3,5,0,27,0,334
19249.0,19,3,5,0,27,0,334
19250.0,19,3,5,0,27,0,334
19251.0,19,3,5,0,27,0,334
19252.0,19,3,5,0,27,0,334
19253.0,19,3,5,0,27,0,334
19254.0,19,3,5,0,27,0,334
19255.0,19,3,5,0,27,0,334
19256.0,19,3,5,0,27,0,334
19257.0,19,3,5,0,27,0,334
19258.0,19,3,5,0,27,0,334
19259.0,19,3,5,0,27,0,334
19260.0,19,3,5,0,27,0,334
19261.0,19,3,5,0,27,0,334
19262.0,19,3,5,0,27,0,334
19263.0,19,3,5,0,27,0,334
19264.0,19,3,5,0,27,0,334
19265.0,19,3,5,0,27,0,334
19266.0,19,3,5,0,27,0,334
19267.0,19,3,5,0,27,0,334
19268.0,19,3,5,0,27,0,334
19269.0,19,3,5,0,27,0,334
19270.0,19,3,5,0,27,0,334
19271.0,19,3,5,0,27,0,334
19272.0,19,3,5,0,27,0,334
19273.0,19,3,5,0,27,0,334
19274.0,19,3,5,0,27,0,334
19275.0,19,3,5,0,27,0,334
19276.0,19,3,5,0,27,0,334
19277.0,19,3,5,0,27,0,334
19278.0,19,3,5,0,27,0,334
19279.0,19,3,5,0,27,0,334
19280.0,19,3,5,0,27,0,334
19281.0,19,3,5,0,27,0,334
19282.0,19,3,5,0,27,0,334
19283.0,19,3,5,0,27,0,334
19284.0,19,3,5,0,27,0,334
19285.0,19,3,5,0,27,0,334
19286.0,19,3,5,0,27,0,334
19287.0,19,3,5,0,27,0,334
19288.0,19,3,5,0,27,0,334
19289.0,19,3,5,0,27,0,334
19290.0,19,3,5,0,27,0,334
19291.0,19,3,5,0,27,0,334
19292.0,19,3,5,0,27,0,334
19293.0,19,3,5,0,27,0,334
19294.0,19,3,5,0,27,0,334
19295.0,19,3,5,0,27,0,334
19296.0,19,3,5,0,27,0,334
19297.0,19,3,5,0,27,0,334
19298.0,19,3,5,0,27,0,334
19299.0,19,3,5,0,27,0,334
19300.0,19,3,5,0,27,0,334
19301.0,19,3,5,0,27,0,334
19302.0,19,3,5,0,27,0,334
19303.0,19,3,5,0,27,0,334
19304.0,19,3,5,0,27,0,334
19305.0,19,3,5,0,27,0,334
19306.0,19,3,5,0,27,0,334
19307.0,19,3,5,0,27,0,334
19308.0,19,3,5,0,27,0,334
19309.0,19,3,5,0,27,0,334
19310.0,19,3,5,0,27,0,334
19311.0,19,3,5,0,27,0,334
19312.0,19,3,5,0,27,0,334
19313.0,19,3,5,0,27,0,334
19314.0,19,3,5,0,27,0,334
19315.0,19,3,5,0,27,0,334
19316.0,19,3,5,0,27,0,334
19317.0,19,3,5,0,27,0,334
19318.0,19,3,5,0,27,0,334
19319.0,19,3,5,0,27,0,334
19320.0,19,3,5,0,27,0,334
19321.0,19,3,5,0,27,0,334
19322.0,19,3,5,0,27,0,334
19323.0,19,3,5,0,27,0,334
19324.0,19,3,5,0,27,0,334
19325.0,19,3,5,0,27,0,334
19326.0,19,3,5,0,27,0,334
19327.0,19,3,5,0,27,0,334
19328.0,19,3,5,0,27,0,334
19329.0,19,3,5,0,27,0,334
19330.0,19,3,5,0,27,0,334
19331.0,19,3,5,0,27,0,334
19332.0,19,3,5,0,27,0,334
19333.0,19,3,5,0,27,0,334
19334.0,19,3,5,0,27,0,334
19335.0,19,3,5,0,27,0,334
19336.0,19,3,5,0,27,0,334
19337.0,19,3,5,0,27,0,334
19338.0,19,3,5,0,27,0,334
19339.0,19,3,5,0,27,0,334
19340.0,19,3,5,0,27,0,334
19341.0,19,3,5,0,27,0,334
19342.0,19,3,5,0,27,0,334
19343.0,19,3,5,0,27,0,334
19344.0,19,3,5,0,27,0,334
19345.0,19,3,5,0,27,0,334
19346.0,19,3,5,0,27,0,334
19347.0,19,3,5,0,27,0,334
19348.0,19,3,5,0,27,0,334
19349.0,19,3,5,0,27,0,334
19350.0,19,3,5,0,27,0,334
19351.0,19,3,5,0,27,0,334
19352.0,19,3,5,0,27,0,334
19353.0,19,3,5,0,27,0,334
19354.0,19,3,5,0,27,0,334
19355.0,19,3,5,0,27,0,334
19356.0,19,3,5,0,27,0,334
19357.0,19,3,5,0,27,0,334
19358.0,19,3,5,0,27,0,334
19359.0,19,3,5,0,27,0,334
19360.0,19,3,5,0,27,0,334
19361.0,19,3,5,0,27,0,334
19362.0,19,3,5,0,27,0,334
19363.0,19,3,5,0,27,0,334
19364.0,19,3,5,0,27,0,334
19365.0,19,3,5,0,27,0,334
19366.0,19,3,5,0,27,0,334
19367.0,19,3,5,0,27,0,334
19368.0,19,3,5,0,27,0,334
19369.0,19,3,5,0,27,0,334
19370.0,19,3,5,0,27,0,334
19371.0,19,3,5,0,27,0,334
19372.0,19,3,5,0,27,0,334
19373.0,19,3,5,0,27,0,334
19374.0,19,3,5,0,27,0,334
19375.0,19,3,5,0,27,0,334
19376.0,19,3,5,0,27,0,334
19377.0,19,3,5,0,27,0,334
19378.0,19,3,5,0,27,0,334
19379.0,19,3,5,0,27,0,334
19380.0,19,3,5,0,27,0,334
19381.0,19,3,5,0,27,0,334
19382.0,19,3,5,0,27,0,334
19383.0,19,3,5,0,27,0,334
19384.0,19,3,5,0,27,0,334
19385.0,19,3,5,0,27,0,334
19386.0,19,3,5,0,27,0,334
19387.0,19,3,5,0,27,0,334
19388.0,19,3,5,0,27,0,334
19389.0,19,3,5,0,27,0,334
19390.0,19,3,5,0,27,0,334
19391.0,19,3,5,0,27,0,334
19392.0,19,3,5,0,27,0,334
19393.0,19,3,5,0,27,0,334
19394.0,19,3,5,0,27,0,334
19395.0,19,3,5,0,27,0,334
19396.0,19,3,5,0,27,0,334
19397.0,19,3,5,0,27,0,334
19398.0,19,3,5,0,27,0,334
19399.0,19,3,5,0,27,0,334
19400.0,19,3,5,0,27,0,334
19401.0,19,3,5,0,27,0,334
19402.0,19,3,5,0,27,0,334
19403.0,19,3,5,0,27,0,334
19404.0,19,3,5,0,27,0,334
19405.0,19,3,5,0,27,0,334
19406.0,19,3,5,0,27,0,334
19407.0,19,3,5,0,27,0,334
19408.0,19,3,5,0,27,0,334
19409.0,19,3,5,0,27,0,334
19410.0,19,3,5,0,27,0,334
19411.0,19,3,5,0,27,0,334
19412.0,19,3,5,0,27,0,334
19413.0,19,3,5,0,27,0,334
19414.0,19,3,5,0,27,0,334
19415.0,19,3,5,0,27,0,334
19416.0,19,3,5,0,27,0,334
19417.0,19,3,5,0,27,0,334
19418.0,19,3,5,0,27,0,334
19419.0,19,3,5,0,27,0,334
19420.0,19,3,5,0,27,0,334
19421.0,19,3,5,0,27,0,334
19422.0,19,3,5,0,27,0,334
19423.0,19,3,5,0,27,0,334
19424.0,19,3,5,0,27,0,334
19425.0,19,3,5,0,27,0,334
19426.0,19,3,5,0,27,0,334
19427.0,19,3,5,0,27,0,334
19428.0,19,3,5,0,27,0,334
19429.0,19,3,5,0,27,0,334
19430.0,19,3,5,0,27,0,334
19431.0,19,3,5,0,27,0,334
19432.0,19,3,5,0,27,0,334
19433.0,19,3,5,0,27,0,334
19434.0,19,3,5,0,27,0,334
19435.0,19,3,5,0,27,0,334
19436.0,19,3,5,0,27,0,334
19437.0,19,3,5,0,27,0,334
19438.0,19,3,5,0,27,0,334
19439.0,19,3,5,0,27,0,334
19440.0,19,3,5,0,27,0,334
19441.0,19,3,5,0,27,0,334
19442.0,19,3,5,0,27,0,334
19443.0,19,3,5,0,27,0,334
19444.0,19,3,5,0,27,0,334
19445.0,19,3,5,0,27,0,334
19446.0,19,3,5,0,27,0,334
19447.0,19,3,5,0,27,0,334
19448.0,19,3,5,0,27,0,334
19449.0,19,3,5,0,27,0,334
19450.0,19,3,5,0,27,0,334
19451.0,19,3,5,0,27,0,334
19452.0,19,3,5,0,27,0,334
19453.0,19,3,5,0,27,0,334
19454.0,19,3,5,0,27,0,334
19455.0,19,3,5,0,27,0,334
19456.0,19,3,5,0,27,0,334
19457.0,19,3,5,0,27,0,334
19458.0,19,3,5,0,27,0,334
19459.0,19,3,5,0,27,0,334
19460.0,19,3,5,0,27,0,334
19461.0,19,3,5,0,27,0,334
19462.0,19,3,5,0,27,0,334
19463.0,19,3,5,0,27,0,334
19464.0,19,3,5,0,27,0,334
19465.0,19,3,5,0,27,0,334
19466.0,19,3,5,0,27,0,334
19467.0,19,3,5,0,27,0,334
19468.0,19,3,5,0,27,0,334
19469.0,19,3,5,0,27,0,334
19470.0,19,3,5,0,27,0,334
19471.0,19,3,5,0,27,0,334
19472.0,19,3,5,0,27,0,334
19473.0,19,3,5,0,27,0,334
19474.0,19,3,5,0,27,0,334
19475.0,19,3,5,0,27,0,334
19476.0,19,3,5,0,27,0,334
19477.0,19,3,5,0,27,0,334
19478.0,19,3,5,0,27,0,334
19479.0,19,3,5,0,27,0,334
19480.0,19,3,5,0,27,0,334
19481.0,19,3,5,0,27,0,334
19482.0,19,3,5,0,27,0,334
19483.0,19,3,5,0,27,0,334
19484.0,19,3,5,0,27,0,334
19485.0,19,3,5,0,27,0,334
19486.0,19,3,5,0,27,0,334
19487.0,19,3,5,0,27,0,334
19488.0,19,3,5,0,27,0,334
19489.0,19,3,5,0,27,0,334
19490.0,19,3,5,0,27,0,334
19491.0,19,3,5,0,27,0,334
19492.0,19,3,5,0,27,0,334
19493.0,19,3,5,0,27,0,334
19494.0,19,3,5,0,27,0,334
19495.0,19,3,5,0,27,0,334
19496.0,19,3,5,0,27,0,334
19497.0,19,3,5,0,27,0,334
19498.0,19,3,5,0,27,0,334
19499.0,19,3,5,0,27,0,334
19500.0,19,3,5,0,27,0,334
19501.0,19,3,5,0,27,0,334
19502.0,19,3,5,0,27,0,334
19503.0,19,3,5,0,27,0,334
19504.0,19,3,5,0,27,0,334
19505.0,19,3,5,0,27,0,334
19506.0,19,3,5,0,27,0,334
19507.0,19,3,5,0,27,0,334
19508.0,19,3,5,0,27,0,334
19509.0,19,3,5,0,27,0,334
19510.0,19,3,5,0,27,0,334
19511.0,19,3,5,0,27,0,334
19512.0,19,3,5,0,27,0,334
19513.0,19,3,5,0,27,0,334
19514.0,19,3,5,0,27,0,334
19515.0,19,3,5,0,27,0,334
19516.0,19,3,5,0,27,0,334
19517.0,19,3,5,0,27,0,334
19518.0,19,3,5,0,27,0,334
19519.0,19,3,5,0,27,0,334
19520.0,19,3,5,0,27,0,334
19521.0,19,3,5,0,27,0,334
19522.0,19,3,5,0,27,0,334
19523.0,19,3,5,0,27,0,334
19524.0,19,3,5,0,27,0,334
19525.0,19,3,5,0,27,0,334
19526.0,19,3,5,0,27,0,334
19527.0,19,3,5,0,27,0,334
19528.0,19,3,5,0,27,0,334
19529.0,19,3,5,0,27,0,334
19530.0,19,3,5,0,27,0,334
19531.0,19,3,5,0,27,0,334
19532.0,19,3,5,0,27,0,334
19533.0,19,3,5,0,27,0,334
19534.0,19,3,5,0,27,0,334
19535.0,19,3,5,0,27,0,334
19536.0,19,3,5,0,27,0,334
19537.0,19,3,5,0,27,0,334
19538.0,19,3,5,0,27,0,334
19539.0,19,3,5,0,27,0,334
19540.0,19,3,5,0,27,0,334
19541.0,19,3,5,0,27,0,334
19542.0,19,3,5,0,27,0,334
19543.0,19,3,5,0,27,0,334
19544.0,19,3,5,0,27,0,334
19545.0,19,3,5,0,27,0,334
19546.0,19,3,5,0,27,0,334
19547.0,19,3,5,0,27,0,334
19548.0,19,3,5,0,27,0,334
19549.0,19,3,5,0,27,0,334
19550.0,19,3,5,0,27,0,334
19551.0,19,3,5,0,27,0,334
19552.0,19,3,5,0,27,0,334
19553.0,19,3,5,0,27,0,334
19554.0,19,3,5,0,27,0,334
19555.0,19,3,5,0,27,0,334
19556.0,19,3,5,0,27,0,334
19557.0,19,3,5,0,27,0,334
19558.0,19,3,5,0,27,0,334
19559.0,19,3,5,0,27,0,334
19560.0,19,3,5,0,27,0,334
19561.0,19,3,5,0,27,0,334
19562.0,19,3,5,0,27,0,334
19563.0,19,3,5,0,27,0,334
19564.0,19,3,5,0,27,0,334
19565.0,19,3,5,0,27,0,334
19566.0,19,3,5,0,27,0,334
19567.0,19,3,5,0,27,0,334
19568.0,19,3,5,0,27,0,334
19569.0,19,3,5,0,27,0,334
19570.0,19,3,5,0,27,0,334
19571.0,19,3,5,0,27,0,334
19572.0,19,3,5,0,27,0,334
19573.0,19,3,5,0,27,0,334
19574.0,19,3,5,0,27,0,334
19575.0,19,3,5,0,27,0,334
19576.0,19,3,5,0,27,0,334
19577.0,19,3,5,0,27,0,334
19578.0,19,3,5,0,27,0,334
19579.0,19,3,5,0,27,0,334
19580.0,19,3,5,0,27,0,334
19581.0,19,3,5,0,27,0,334
19582.0,19,3,5,0,27,0,334
19583.0,19,3,5,0,27,0,334
19584.0,19,3,5,0,27,0,334
19585.0,19,3,5,0,27,0,334
19586.0,19,3,5,0,27,0,334
19587.0,19,3,5,0,27,0,334
19588.0,19,3,5,0,27,0,334
19589.0,19,3,5,0,27,0,334
19590.0,19,3,5,0,27,0,334
19591.0,19,3,5,0,27,0,334
19592.0,19,3,5,0,27,0,334
19593.0,19,3,5,0,27,0,334
19594.0,19,3,5,0,27,0,334
19595.0,19,3,5,0,27,0,334
19596.0,19,3,5,0,27,0,334
19597.0,19,3,5,0,27,0,334
19598.0,19,3,5,0,27,0,334
19599.0,19,3,5,0,27,0,334
19600.0,19,3,5,0,27,0,334
19601.0,19,3,5,0,27,0,334
19602.0,19,3,5,0,27,0,334
19603.0,19,3,5,0,27,0,334
19604.0,19,3,5,0,27,0,334
19605.0,19,3,5,0,27,0,334
19606.0,19,3,5,0,27,0,334
19607.0,19,3,5,0,27,0,334
19608.0,19,3,5,0,27,0,334
19609.0,19,3,5,0,27,0,334
19610.0,19,3,5,0,27,0,334
19611.0,19,3,5,0,27,0,334
19612.0,19,3,5,0,27,0,334
19613.0,19,3,5,0,27,0,334
19614.0,19,3,5,0,27,0,334
19615.0,19,3,5,0,27,0,334
19616.0,19,3,5,0,27,0,334
19617.0,19,3,5,0,27,0,334
19618.0,19,3,5,0,27,0,334
19619.0,19,3,5,0,27,0,334
19620.0,19,3,5,0,27,0,334
19621.0,19,3,5,0,27,0,334
19622.0,19,3,5,0,27,0,334
19623.0,19,3,5,0,27,0,334
19624.0,19,3,5,0,27,0,334
19625.0,19,3,5,0,27,0,334
19626.0,19,3,5,0,27,0,334
19627.0,19,3,5,0,27,0,334
19628.0,19,3,5,0,27,0,334
19629.0,19,3,5,0,27,0,334
19630.0,19,3,5,0,27,0,334
19631.0,19,3,5,0,27,0,334
19632.0,19,3,5,0,27,0,334
19633.0,19,3,5,0,27,0,334
19634.0,19,3,5,0,27,0,334
19635.0,19,3,5,0,27,0,334
19636.0,19,3,5,0,27,0,334
19637.0,19,3,5,0,27,0,334
19638.0,19,3,5,0,27,0,334
19639.0,19,3,5,0,27,0,334
19640.0,19,3,5,0,27,0,334
19641.0,19,3,5,0,27,0,334
19642.0,19,3,5,0,27,0,334
19643.0,19,3,5,0,27,0,334
19644.0,19,3,5,0,27,0,334
19645.0,19,3,5,0,27,0,334
19646.0,19,3,5,0,27,0,334
19647.0,19,3,5,0,27,0,334
19648.0,19,3,5,0,27,0,334
19649.0,19,3,5,0,27,0,334
19650.0,19,3,5,0,27,0,334
19651.0,19,3,5,0,27,0,334
19652.0,19,3,5,0,27,0,334
19653.0,19,3,5,0,27,0,334
19654.0,19,3,5,0,27,0,334
19655.0,19,3,5,0,27,0,334
19656.0,19,3,5,0,27,0,334
19657.0,19,3,5,0,27,0,334
19658.0,19,3,5,0,27,0,334
19659.0,19,3,5,0,27,0,334
19660.0,19,3,5,0,27,0,334
19661.0,19,3,5,0,27,0,334
19662.0,19,3,5,0,27,0,334
19663.0,19,3,5,0,27,0,334
19664.0,19,3,5,0,27,0,334
19665.0,19,3,5,0,27,0,334
19666.0,19,3,5,0,27,0,334
19667.0,19,3,5,0,27,0,334
19668.0,19,3,5,0,27,0,334
19669.0,19,3,5,0,27,0,334
19670.0,19,3,5,0,27,0,334
19671.0,19,3,5,0,27,0,334
19672.0,19,3,5,0,27,0,334
19673.0,19,3,5,0,27,0,334
19674.0,19,3,5,0,27,0,334
19675.0,19,3,5,0,27,0,334
19676.0,19,3,5,0,27,0,334
19677.0,19,3,5,0,27,0,334
19678.0,19,3,5,0,27,0,334
19679.0,19,3,5,0,27,0,334
19680.0,19,3,5,0,27,0,334
19681.0,19,3,5,0,27,0,334
19682.0,19,3,5,0,27,0,334
19683.0,19,3,5,0,27,0,334
19684.0,19,3,5,0,27,0,334
19685.0,19,3,5,0,27,0,334
19686.0,19,3,5,0,27,0,334
19687.0,19,3,5,0,27,0,334
19688.0,19,3,5,0,27,0,334
19689.0,19,3,5,0,27,0,334
19690.0,19,3,5,0,27,0,334
19691.0,19,3,5,0,27,0,334
19692.0,19,3,5,0,27,0,334
19693.0,19,3,5,0,27,0,334
19694.0,19,3,5,0,27,0,334
19695.0,19,3,5,0,27,0,334
19696.0,19,3,5,0,27,0,334
19697.0,19,3,5,0,27,0,334
19698.0,19,3,5,0,27,0,334
19699.0,19,3,5,0,27,0,334
19700.0,19,3,5,0,27,0,334
19701.0,19,3,5,0,27,0,334
19702.0,19,3,5,0,27,0,334
19703.0,19,3,5,0,27,0,334
19704.0,19,3,5,0,27,0,334
19705.0,19,3,5,0,27,0,334
19706.0,19,3,5,0,27,0,334
19707.0,19,3,5,0,27,0,334
19708.0,19,3,5,0,27,0,334
19709.0,19,3,5,0,27,0,334
19710.0,19,3,5,0,27,0,334
19711.0,19,3,5,0,27,0,334
19712.0,19,3,5,0,27,0,334
19713.0,19,3,5,0,27,0,334
19714.0,19,3,5,0,27,0,334
19715.0,19,3,5,0,27,0,334
19716.0,19,3,5,0,27,0,334
19717.0,19,3,5,0,27,0,334
19718.0,19,3,5,0,27,0,334
19719.0,19,3,5,0,27,0,334
19720.0,19,3,5,0,27,0,334
19721.0,19,3,5,0,27,0,334
19722.0,19,3,5,0,27,0,334
19723.0,19,3,5,0,27,0,334
19724.0,19,3,5,0,27,0,334
19725.0,19,3,5,0,27,0,334
19726.0,19,3,5,0,27,0,334
19727.0,19,3,5,0,27,0,334
19728.0,19,3,5,0,27,0,334
19729.0,19,3,5,0,27,0,334
19730.0,19,3,5,0,27,0,334
19731.0,19,3,5,0,27,0,334
19732.0,19,3,5,0,27,0,334
19733.0,19,3,5,0,27,0,334
19734.0,19,3,5,0,27,0,334
19735.0,19,3,5,0,27,0,334
19736.0,19,3,5,0,27,0,334
19737.0,19,3,5,0,27,0,334
19738.0,19,3,5,0,27,0,334
19739.0,19,3,5,0,27,0,334
19740.0,19,3,5,0,27,0,334
19741.0,19,3,5,0,27,0,334
19742.0,19,3,5,0,27,0,334
19743.0,19,3,5,0,27,0,334
19744.0,19,3,5,0,27,0,334
19745.0,19,3,5,0,27,0,334
19746.0,19,3,5,0,27,0,334
19747.0,19,3,5,0,27,0,334
19748.0,19,3,5,0,27,0,334
19749.0,19,3,5,0,27,0,334
19750.0,19,3,5,0,27,0,334
19751.0,19,3,5,0,27,0,334
19752.0,19,3,5,0,27,0,334
19753.0,19,3,5,0,27,0,334
19754.0,19,3,5,0,27,0,334
19755.0,19,3,5,0,27,0,334
19756.0,19,3,5,0,27,0,334
19757.0,19,3,5,0,27,0,334
19758.0,19,3,5,0,27,0,334
19759.0,19,3,5,0,27,0,334
19760.0,19,3,5,0,27,0,334
19761.0,19,3,5,0,27,0,334
19762.0,19,3,5,0,27,0,334
19763.0,19,3,5,0,27,0,334
19764.0,19,3,5,0,27,0,334
19765.0,19,3,5,0,27,0,334
19766.0,19,3,5,0,27,0,334
19767.0,19,3,5,0,27,0,334
19768.0,19,3,5,0,27,0,334
19769.0,19,3,5,0,27,0,334
19770.0,19,3,5,0,27,0,334
19771.0,19,3,5,0,27,0,334
19772.0,19,3,5,0,27,0,334
19773.0,19,3,5,0,27,0,334
19774.0,19,3,5,0,27,0,334
19775.0,19,3,5,0,27,0,334
19776.0,19,3,5,0,27,0,334
19777.0,19,3,5,0,27,0,334
19778.0,19,3,5,0,27,0,334
19779.0,19,3,5,0,27,0,334
19780.0,19,3,5,0,27,0,334
19781.0,19,3,5,0,27,0,334
19782.0,19,3,5,0,27,0,334
19783.0,19,3,5,0,27,0,334
19784.0,19,3,5,0,27,0,334
19785.0,19,3,5,0,27,0,334
19786.0,19,3,5,0,27,0,334
19787.0,19,3,5,0,27,0,334
19788.0,19,3,5,0,27,0,334
19789.0,19,3,5,0,27,0,334
19790.0,19,3,5,0,27,0,334
19791.0,19,3,5,0,27,0,334
19792.0,19,3,5,0,27,0,334
19793.0,19,3,5,0,27,0,334
19794.0,19,3,5,0,27,0,334
19795.0,19,3,5,0,27,0,334
19796.0,19,3,5,0,27,0,334
19797.0,19,3,5,0,27,0,334
19798.0,19,3,5,0,27,0,334
19799.0,19,3,5,0,27,0,334
19800.0,19,3,5,0,27,0,334
19801.0,19,3,5,0,27,0,334
19802.0,19,3,5,0,27,0,334
19803.0,19,3,5,0,27,0,334
19804.0,19,3,5,0,27,0,334
19805.0,19,3,5,0,27,0,334
19806.0,19,3,5,0,27,0,334
19807.0,19,3,5,0,27,0,334
19808.0,19,3,5,0,27,0,334
19809.0,19,3,5,0,27,0,334
19810.0,19,3,5,0,27,0,334
19811.0,19,3,5,0,27,0,334
19812.0,19,3,5,0,27,0,334
19813.0,19,3,5,0,27,0,334
19814.0,19,3,5,0,27,0,334
19815.0,19,3,5,0,27,0,334
19816.0,19,3,5,0,27,0,334
19817.0,19,3,5,0,27,0,334
19818.0,19,3,5,0,27,0,334
19819.0,19,3,5,0,27,0,334
19820.0,19,3,5,0,27,0,334
19821.0,19,3,5,0,27,0,334
19822.0,19,3,5,0,27,0,334
19823.0,19,3,5,0,27,0,334
19824.0,19,3,5,0,27,0,334
19825.0,19,3,5,0,27,0,334
19826.0,19,3,5,0,27,0,334
19827.0,19,3,5,0,27,0,334
19828.0,19,3,5,0,27,0,334
19829.0,19,3,5,0,27,0,334
19830.0,19,3,5,0,27,0,334
19831.0,19,3,5,0,27,0,334
19832.0,19,3,5,0,27,0,334
19833.0,19,3,5,0,27,0,334
19834.0,19,3,5,0,27,0,334
19835.0,19,3,5,0,27,0,334
19836.0,19,3,5,0,27,0,334
19837.0,19,3,5,0,27,0,334
19838.0,19,3,5,0,27,0,334
19839.0,19,3,5,0,27,0,334
19840.0,19,3,5,0,27,0,334
19841.0,19,3,5,0,27,0,334
19842.0,19,3,5,0,27,0,334
19843.0,19,3,5,0,27,0,334
19844.0,19,3,5,0,27,0,334
19845.0,19,3,5,0,27,0,334
19846.0,19,3,5,0,27,0,334
19847.0,19,3,5,0,27,0,334
19848.0,19,3,5,0,27,0,334
19849.0,19,3,5,0,27,0,334
19850.0,19,3,5,0,27,0,334
19851.0,19,3,5,0,27,0,334
19852.0,19,3,5,0,27,0,334
19853.0,19,3,5,0,27,0,334
19854.0,19,3,5,0,27,0,334
19855.0,19,3,5,0,27,0,334
19856.0,19,3,5,0,27,0,334
19857.0,19,3,5,0,27,0,334
19858.0,19,3,5,0,27,0,334
19859.0,19,3,5,0,27,0,334
19860.0,19,3,5,0,27,0,334
19861.0,19,3,5,0,27,0,334
19862.0,19,3,5,0,27,0,334
19863.0,19,3,5,0,27,0,334
19864.0,19,3,5,0,27,0,334
19865.0,19,3,5,0,27,0,334
19866.0,19,3,5,0,27,0,334
19867.0,19,3,5,0,27,0,334
19868.0,19,3,5,0,27,0,334
19869.0,19,3,5,0,27,0,334
19870.0,19,3,5,0,27,0,334
19871.0,19,3,5,0,27,0,334
19872.0,19,3,5,0,27,0,334
19873.0,19,3,5,0,27,0,334
19874.0,19,3,5,0,27,0,334
19875.0,19,3,5,0,27,0,334
19876.0,19,3,5,0,27,0,334
19877.0,19,3,5,0,27,0,334
19878.0,19,3,5,0,27,0,334
19879.0,19,3,5,0,27,0,334
19880.0,19,3,5,0,27,0,334
19881.0,19,3,5,0,27,0,334
19882.0,19,3,5,0,27,0,334
19883.0,19,3,5,0,27,0,334
19884.0,19,3,5,0,27,0,334
19885.0,19,3,5,0,27,0,334
19886.0,19,3,5,0,27,0,334
19887.0,19,3,5,0,27,0,334
19888.0,19,3,5,0,27,0,334
19889.0,19,3,5,0,27,0,334
19890.0,19,3,5,0,27,0,334
19891.0,19,3,5,0,27,0,334
19892.0,19,3,5,0,27,0,334
19893.0,19,3,5,0,27,0,334
19894.0,19,3,5,0,27,0,334
19895.0,19,3,5,0,27,0,334
19896.0,19,3,5,0,27,0,334
19897.0,19,3,5,0,27,0,334
19898.0,19,3,5,0,27,0,334
19899.0,19,3,5,0,27,0,334
19900.0,19,3,5,0,27,0,334
19901.0,19,3,5,0,27,0,334
19902.0,19,3,5,0,27,0,334
19903.0,19,3,5,0,27,0,334
19904.0,19,3,5,0,27,0,334
19905.0,19,3,5,0,27,0,334
19906.0,19,3,5,0,27,0,334
19907.0,19,3,5,0,27,0,334
19908.0,19,3,5,0,27,0,334
19909.0,19,3,5,0,27,0,334
19910.0,19,3,5,0,27,0,334
19911.0,19,3,5,0,27,0,334
19912.0,19,3,5,0,27,0,334
19913.0,19,3,5,0,27,0,334
19914.0,19,3,5,0,27,0,334
19915.0,19,3,5,0,27,0,334
19916.0,19,3,5,0,27,0,334
19917.0,19,3,5,0,27,0,334
19918.0,19,3,5,0,27,0,334
19919.0,19,3,5,0,27,0,334
19920.0,19,3,5,0,27,0,334
19921.0,19,3,5,0,27,0,334
19922.0,19,3,5,0,27,0,334
19923.0,19,3,5,0,27,0,334
19924.0,19,3,5,0,27,0,334
19925.0,19,3,5,0,27,0,334
19926.0,19,3,5,0,27,0,334
19927.0,19,3,5,0,27,0,334
19928.0,19,3,5,0,27,0,334
19929.0,19,3,5,0,27,0,334
19930.0,19,3,5,0,27,0,334
19931.0,19,3,5,0,27,0,334
19932.0,19,3,5,0,27,0,334
19933.0,19,3,5,0,27,0,334
19934.0,19,3,5,0,27,0,334
19935.0,19,3,5,0,27,0,334
19936.0,19,3,5,0,27,0,334
19937.0,19,3,5,0,27,0,334
19938.0,19,3,5,0,27,0,334
19939.0,19,3,5,0,27,0,334
19940.0,19,3,5,0,27,0,334
19941.0,19,3,5,0,27,0,334
19942.0,19,3,5,0,27,0,334
19943.0,19,3,5,0,27,0,334
19944.0,19,3,5,0,27,0,334
19945.0,19,3,5,0,27,0,334
19946.0,19,3,5,0,27,0,334
19947.0,19,3,5,0,27,0,334
19948.0,19,3,5,0,27,0,334
19949.0,19,3,5,0,27,0,334
19950.0,19,3,5,0,27,0,334
19951.0,19,3,5,0,27,0,334
19952.0,19,3,5,0,27,0,334
19953.0,19,3,5,0,27,0,334
19954.0,19,3,5,0,27,0,334
19955.0,19,3,5,0,27,0,334
19956.0,19,3,5,0,27,0,334
19957.0,19,3,5,0,27,0,334
19958.0,19,3,5,0,27,0,334
19959.0,19,3,5,0,27,0,334
19960.0,19,3,5,0,27,0,334
19961.0,19,3,5,0,27,0,334
19962.0,19,3,5,0,27,0,334
19963.0,19,3,5,0,27,0,334
19964.0,19,3,5,0,27,0,334
19965.0,19,3,5,0,27,0,334
19966.0,19,3,5,0,27,0,334
19967.0,19,3,5,0,27,0,334
19968.0,19,3,5,0,27,0,334
19969.0,19,3,5,0,27,0,334
19970.0,19,3,5,0,27,0,334
19971.0,19,3,5,0,27,0,334
19972.0,19,3,5,0,27,0,334
19973.0,19,3,5,0,27,0,334
19974.0,19,3,5,0,27,0,334
19975.0,19,3,5,0,27,0,334
19976.0,19,3,5,0,27,0,334
19977.0,19,3,5,0,27,0,334
19978.0,19,3,5,0,27,0,334
19979.0,19,3,5,0,27,0,334
19980.0,19,3,5,0,27,0,334
19981.0,19,3,5,0,27,0,334
19982.0,19,3,5,0,27,0,334
19983.0,19,3,5,0,27,0,334
19984.0,19,3,5,0,27,0,334
19985.0,19,3,5,0,27,0,334
19986.0,19,3,5,0,27,0,334
19987.0,19,3,5,0,27,0,334
19988.0,19,3,5,0,27,0,334
19989.0,19,3,5,0,27,0,334
19990.0,19,3,5,0,27,0,334
19991.0,19,3,5,0,27,0,334
19992.0,19,3,5,0,27,0,334
19993.0,19,3,5,0,27,0,334
19994.0,19,3,5,0,27,0,334
19995.0,19,3,5,0,27,0,334
19996.0,19,3,5,0,27,0,334
19997.0,19,3,5,0,27,0,334
19998.0,19,3,5,0,27,0,334
19999.0,19,3,5,0,27,0,334
20000.0,19,3,5,0,27,0,334
