time,queue_N,queue_S,queue_E,queue_W,queue_total,phase,phase_switches
1.0,0,0,1,0,1,0,0
2.0,0,0,0,0,0,0,0
3.0,1,0,0,0,1,0,0
4.0,0,0,0,0,0,0,0
5.0,0,0,0,1,1,0,0
6.0,1,0,0,0,1,0,0
7.0,0,0,0,0,0,0,0
8.0,0,0,0,0,0,0,0
9.0,1,0,1,0,2,0,0
10.0,0,0,0,0,0,0,0
11.0,0,1,0,0,1,0,0
12.0,0,0,1,0,1,0,0
13.0,0,0,1,0,1,0,0
14.0,0,0,1,0,1,0,0
15.0,0,0,2,0,2,0,0
16.0,1,0,1,0,2,0,0
17.0,0,0,1,0,1,0,0
18.0,0,0,1,1,2,0,1
19.0,0,0,0,0,0,0,1
20.0,0,0,0,0,0,0,1
21.0,0,0,0,1,1,0,1
22.0,0,0,0,0,0,0,1
23.0,0,1,1,0,2,0,1
24.0,0,1,0,0,1,0,1
25.0,0,1,0,0,1,0,1
26.0,1,1,0,1,3,0,1
27.0,1,1,0,0,2,0,1
28.0,1,1,1,0,3,0,2
29.0,1,0,2,1,4,0,2
30.0,1,0,1,0,2,0,2
31.0,0,0,1,0,1,0,2
32.0,0,0,2,2,4,0,2
33.0,0,0,1,2,3,0,2
34.0,0,0,2,1,3,0,2
35.0,0,0,4,1,5,0,2
36.0,0,0,3,1,4,0,2
37.0,0,0,3,1,4,0,2
38.0,0,0,3,3,6,0,2
39.0,0,0,3,2,5,0,2
40.0,0,0,4,3,7,0,2
41.0,0,0,4,4,8,0,2
42.0,0,1,5,4,10,0,2
43.0,0,1,5,5,11,0,3
44.0,0,0,2,2,4,0,3
45.0,1,0,1,0,2,0,3
46.0,0,0,0,0,0,0,3
47.0,0,1,0,0,1,0,3
48.0,1,1,0,0,2,0,3
49.0,0,1,0,1,2,0,3
50.0,0,1,0,0,1,0,3
51.0,0,2,0,0,2,0,3
52.0,0,1,0,1,2,0,3
53.0,0,1,0,0,1,0,3
54.0,0,3,0,1,4,0,3
55.0,0,2,1,0,3,0,3
56.0,0,3,1,0,4,0,3
57.0,0,3,1,0,4,0,3
58.0,0,3,1,0,4,0,3
59.0,0,3,2,0,5,0,3
60.0,0,3,1,0,4,0,3
61.0,0,4,1,1,6,0,3
62.0,0,4,1,0,5,0,3
63.0,0,5,0,0,5,0,3
64.0,0,5,0,0,5,0,3
65.0,0,5,1,0,6,0,3
66.0,0,6,0,1,7,0,3
67.0,0,6,0,0,6,0,3
68.0,1,6,0,0,7,0,3
69.0,1,6,0,1,8,0,3
70.0,2,7,0,0,9,0,3
71.0,2,6,0,0,8,0,3
72.0,2,6,0,1,9,0,3
73.0,2,6,0,0,8,0,4
74.0,2,5,0,0,7,0,4
75.0,2,5,0,0,7,0,4
76.0,2,4,1,2,9,0,4
77.0,2,4,1,3,10,0,4
78.0,3,3,1,3,10,0,4
79.0,2,3,1,3,9,0,4
80.0,2,3,1,3,9,0,4
81.0,3,4,1,3,11,0,4
82.0,2,4,1,4,11,0,4
83.0,2,4,1,4,11,0,5
84.0,1,4,1,5,11,0,5
85.0,0,2,2,5,9,0,5
86.0,0,3,1,5,9,0,5
87.0,0,2,1,5,8,0,5
88.0,0,2,1,5,8,0,5
89.0,0,3,2,5,10,0,5
90.0,0,4,3,6,13,0,5
91.0,0,6,2,6,14,0,5
92.0,0,5,2,6,13,0,5
93.0,0,5,2,6,13,0,6
94.0,0,5,0,3,8,0,6
95.0,0,5,0,1,6,0,6
96.0,0,5,0,0,5,0,6
97.0,0,6,0,0,6,0,6
98.0,1,7,0,0,8,0,6
99.0,0,7,0,0,7,0,6
100.0,0,7,0,0,7,0,6
101.0,1,7,0,0,8,0,6
102.0,1,8,0,0,9,0,6
103.0,2,8,0,1,11,0,7
104.0,3,7,0,0,10,0,7
105.0,2,7,0,0,9,0,7
106.0,2,5,0,1,8,0,7
107.0,3,4,0,0,7,0,7
108.0,3,3,1,2,9,0,7
109.0,3,2,1,3,9,0,7
110.0,3,2,2,2,9,0,7
111.0,3,2,1,2,8,0,7
112.0,3,2,1,2,8,0,7
113.0,3,2,2,3,10,0,7
114.0,3,2,2,4,11,0,7
115.0,4,2,3,4,13,0,7
116.0,3,3,4,4,14,0,7
117.0,3,2,3,4,12,0,7
118.0,4,2,3,5,14,0,8
119.0,1,1,3,5,10,0,8
120.0,0,1,3,7,11,0,8
121.0,0,3,3,6,12,0,8
122.0,0,2,4,7,13,0,8
123.0,0,3,6,7,16,0,8
124.0,0,3,6,7,16,0,8
125.0,0,4,7,8,19,0,8
126.0,0,4,7,8,19,0,8
127.0,0,5,7,8,20,0,8
128.0,1,5,7,8,21,0,9
129.0,0,5,5,5,15,0,9
130.0,0,5,2,3,10,0,9
131.0,0,5,1,1,7,0,9
132.0,0,5,0,0,5,0,9
133.0,0,7,0,0,7,0,9
134.0,0,6,0,1,7,0,9
135.0,0,6,0,0,6,0,9
136.0,1,7,0,0,8,0,9
137.0,1,7,1,0,9,0,9
138.0,1,7,1,0,9,0,10
139.0,1,6,1,0,8,0,10
140.0,1,5,1,0,7,0,10
141.0,1,5,2,2,10,0,10
142.0,2,5,2,1,10,0,10
143.0,2,6,2,1,11,0,10
144.0,2,6,2,1,11,0,10
145.0,2,4,2,1,9,0,10
146.0,2,3,2,2,9,0,10
147.0,2,3,2,2,9,0,10
148.0,2,3,2,3,10,0,11
149.0,2,4,1,1,8,0,11
150.0,2,3,0,1,6,0,11
151.0,3,2,0,0,5,0,11
152.0,3,4,0,1,8,0,11
153.0,3,5,0,1,9,0,11
154.0,3,6,0,0,9,0,11
155.0,3,6,0,0,9,0,11
156.0,3,6,0,0,9,0,11
157.0,3,6,0,0,9,0,11
158.0,3,7,1,1,12,0,12
159.0,2,8,1,1,12,0,12
160.0,2,7,1,2,12,0,12
161.0,2,6,2,3,13,0,12
162.0,2,5,2,3,12,0,12
163.0,2,4,3,3,12,0,12
164.0,2,3,3,5,13,0,12
165.0,3,3,3,4,13,0,12
166.0,2,3,4,5,14,0,12
167.0,2,3,4,5,14,0,12
168.0,3,3,5,5,16,0,13
169.0,1,2,4,5,12,0,13
170.0,1,1,4,6,12,0,13
171.0,0,2,5,6,13,0,13
172.0,0,2,6,6,14,0,13
173.0,0,3,6,6,15,0,13
174.0,0,4,7,7,18,0,13
175.0,1,3,6,8,18,0,13
176.0,0,4,8,8,20,0,13
177.0,0,5,8,9,22,0,13
178.0,1,4,7,9,21,0,14
179.0,0,4,5,6,15,0,14
180.0,0,4,3,4,11,0,14
181.0,0,5,1,1,7,0,14
182.0,0,5,0,0,5,0,14
183.0,0,5,0,0,5,0,14
184.0,0,6,1,0,7,0,14
185.0,1,7,0,0,8,0,14
186.0,0,7,0,0,7,0,14
187.0,0,8,1,0,9,0,14
188.0,2,8,0,1,11,0,15
189.0,1,7,0,1,9,0,15
190.0,2,7,2,2,13,0,15
191.0,3,6,1,1,11,0,15
192.0,2,6,1,2,11,0,15
193.0,2,5,1,3,11,0,15
194.0,2,3,2,2,9,0,15
195.0,2,3,2,2,9,0,15
196.0,2,2,2,2,8,0,15
197.0,2,2,3,3,10,0,15
198.0,3,2,4,3,12,0,15
199.0,3,1,4,4,12,0,15
200.0,3,1,4,3,11,0,15
201.0,4,3,5,4,16,0,15
202.0,4,2,6,5,17,0,15
203.0,4,2,6,5,17,0,16
204.0,4,2,4,2,12,0,16
205.0,4,4,2,1,11,0,16
206.0,5,3,1,0,9,0,16
207.0,5,4,0,0,9,0,16
208.0,6,5,0,0,11,0,16
209.0,5,5,0,0,10,0,16
210.0,5,7,0,0,12,0,16
211.0,5,6,0,0,11,0,16
212.0,5,7,0,0,12,0,16
213.0,5,7,0,0,12,0,17
214.0,5,8,0,0,13,0,17
215.0,5,10,1,1,17,0,17
216.0,5,8,1,1,15,0,17
217.0,5,9,2,2,18,0,17
218.0,5,9,3,2,19,0,17
219.0,6,8,2,2,18,0,17
220.0,5,6,2,2,15,0,17
221.0,5,5,2,3,15,0,17
222.0,5,6,3,2,16,0,17
223.0,5,7,3,2,17,0,17
224.0,5,5,5,2,17,0,17
225.0,5,2,5,2,14,0,17
226.0,5,4,6,2,17,0,17
227.0,5,4,7,2,18,0,17
228.0,5,4,7,3,19,0,17
229.0,5,3,7,2,17,0,17
230.0,5,4,8,2,19,0,17
231.0,5,2,9,2,18,0,17
232.0,5,2,9,2,18,0,17
233.0,5,3,9,3,20,0,17
234.0,5,2,10,3,20,0,17
235.0,5,2,11,4,22,0,17
236.0,5,3,11,4,23,0,17
237.0,5,2,11,4,22,0,17
238.0,5,2,12,5,24,0,17
239.0,6,3,12,5,26,0,17
240.0,5,2,13,6,26,0,17
241.0,5,2,15,5,27,0,17
242.0,5,3,15,5,28,0,17
243.0,5,4,15,5,29,0,17
244.0,5,3,15,5,28,0,17
245.0,5,3,15,5,28,0,17
246.0,5,4,15,6,30,0,17
247.0,5,4,15,6,30,0,17
248.0,5,4,15,6,30,0,17
249.0,5,4,15,6,30,0,17
250.0,5,4,15,7,31,0,17
251.0,5,4,16,9,34,0,17
252.0,5,4,17,8,34,0,17
253.0,5,5,17,9,36,0,17
254.0,5,6,17,9,37,0,17
255.0,6,6,18,9,39,0,17
256.0,5,7,18,9,39,0,17
257.0,5,7,19,9,40,0,17
258.0,5,7,19,9,40,0,18
259.0,6,7,16,6,35,0,18
260.0,5,7,13,4,29,0,18
261.0,5,7,10,1,23,0,18
262.0,7,7,7,0,21,0,18
263.0,6,7,5,0,18,0,18
264.0,6,7,3,0,16,0,18
265.0,6,7,2,0,15,0,18
266.0,6,7,1,0,14,0,18
267.0,6,7,1,1,15,0,18
268.0,6,7,0,1,14,0,19
269.0,3,5,0,1,9,0,19
270.0,0,4,2,1,7,0,19
271.0,2,4,3,1,10,0,19
272.0,1,3,4,1,9,0,19
273.0,2,2,6,1,11,0,19
274.0,1,0,7,2,10,0,19
275.0,0,0,9,2,11,0,19
276.0,0,0,10,2,12,0,19
277.0,0,0,11,3,14,0,19
278.0,0,0,13,3,16,0,19
279.0,0,0,13,5,18,0,19
280.0,0,1,14,4,19,0,19
281.0,0,1,14,4,19,0,19
282.0,0,1,16,4,21,0,19
283.0,0,1,17,4,22,0,20
284.0,1,3,14,3,21,0,20
285.0,1,3,11,2,17,0,20
286.0,1,3,9,0,13,0,20
287.0,1,3,6,0,10,0,20
288.0,2,3,4,0,9,0,20
289.0,3,4,3,0,10,0,20
290.0,2,5,2,0,9,0,20
291.0,3,4,1,0,8,0,20
292.0,2,4,0,0,6,0,20
293.0,2,5,1,1,9,0,21
294.0,3,4,1,0,8,0,21
295.0,2,3,1,1,7,0,21
296.0,2,2,2,1,7,0,21
297.0,2,3,3,1,9,0,21
298.0,2,2,3,1,8,0,21
299.0,2,3,3,1,9,0,21
300.0,2,2,4,1,9,0,21
301.0,2,3,4,1,10,0,21
302.0,2,2,5,1,10,0,21
303.0,2,3,6,2,13,0,21
304.0,2,3,7,1,13,0,21
305.0,2,4,7,2,15,0,21
306.0,2,4,8,2,16,0,21
307.0,2,4,8,2,16,0,21
308.0,2,4,10,4,20,0,22
309.0,0,3,10,3,16,0,22
310.0,0,3,10,3,16,0,22
311.0,1,2,11,4,18,0,22
312.0,1,1,12,4,18,0,22
313.0,1,2,12,4,19,0,22
314.0,2,3,12,4,21,0,22
315.0,2,2,13,4,21,0,22
316.0,2,3,14,4,23,0,22
317.0,2,3,14,4,23,0,22
318.0,2,3,14,4,23,0,23
319.0,2,2,14,5,23,0,23
320.0,0,2,14,6,22,0,23
321.0,0,2,14,6,22,0,23
322.0,0,2,15,7,24,0,23
323.0,0,2,15,7,24,0,23
324.0,0,2,15,7,24,0,23
325.0,0,2,15,7,24,0,23
326.0,0,2,16,7,25,0,23
327.0,0,2,17,7,26,0,23
328.0,0,2,17,7,26,0,24
329.0,1,2,14,4,21,0,24
330.0,0,3,12,3,18,0,24
331.0,1,3,9,1,14,0,24
332.0,1,4,7,0,12,0,24
333.0,1,4,5,1,11,0,24
334.0,1,4,3,1,9,0,24
335.0,1,4,2,0,7,0,24
336.0,1,4,1,0,6,0,24
337.0,1,5,0,2,8,0,24
338.0,1,6,0,1,8,0,25
339.0,1,4,2,2,9,0,25
340.0,2,3,2,2,9,0,25
341.0,2,4,2,3,11,0,25
342.0,2,3,5,2,12,0,25
343.0,2,3,4,3,12,0,25
344.0,3,2,6,3,14,0,25
345.0,2,2,7,3,14,0,25
346.0,2,3,7,4,16,0,25
347.0,2,2,8,6,18,0,25
348.0,2,2,9,6,19,0,25
349.0,3,2,9,6,20,0,25
350.0,2,2,9,7,20,0,25
351.0,2,2,10,5,19,0,25
352.0,2,2,12,6,22,0,25
353.0,2,2,11,8,23,0,26
354.0,2,2,10,4,18,0,26
355.0,2,2,8,2,14,0,26
356.0,2,3,6,0,11,0,26
357.0,2,3,5,0,10,0,26
358.0,2,4,4,0,10,0,26
359.0,2,4,3,0,9,0,26
360.0,2,4,2,1,9,0,26
361.0,3,4,1,1,9,0,26
362.0,2,4,1,0,7,0,26
363.0,2,4,0,0,6,0,27
364.0,1,3,1,0,5,0,27
365.0,0,2,1,0,3,0,27
366.0,1,2,2,1,6,0,27
367.0,0,2,2,2,6,0,27
368.0,0,2,3,4,9,0,27
369.0,0,3,4,3,10,0,27
370.0,0,2,4,5,11,0,27
371.0,0,2,4,5,11,0,27
372.0,0,3,5,5,13,0,27
373.0,0,4,5,5,14,0,28
374.0,0,3,6,5,14,0,28
375.0,0,2,7,5,14,0,28
376.0,1,0,8,6,15,0,28
377.0,1,0,8,6,15,0,28
378.0,1,0,9,6,16,0,28
379.0,1,0,9,6,16,0,28
380.0,1,0,9,6,16,0,28
381.0,1,0,9,7,17,0,28
382.0,2,0,9,7,18,0,28
383.0,2,0,9,7,18,0,29
384.0,3,0,8,5,16,0,29
385.0,2,1,7,1,11,0,29
386.0,2,2,6,0,10,0,29
387.0,2,3,5,0,10,0,29
388.0,4,3,4,0,11,0,29
389.0,3,3,3,0,9,0,29
390.0,3,3,2,0,8,0,29
391.0,3,3,1,0,7,0,29
392.0,3,3,0,0,6,0,29
393.0,3,3,0,0,6,0,30
394.0,2,2,0,1,5,0,30
395.0,2,1,1,1,5,0,30
396.0,2,0,3,3,8,0,30
397.0,2,0,2,3,7,0,30
398.0,2,0,4,3,9,0,30
399.0,3,0,7,3,13,0,30
400.0,2,1,7,4,14,0,30
401.0,2,1,8,4,15,0,30
402.0,2,0,9,4,15,0,30
403.0,2,0,9,4,15,0,30
404.0,2,0,9,4,15,0,30
405.0,2,0,11,4,17,0,30
406.0,2,0,13,7,22,0,30
407.0,3,0,13,6,22,0,30
408.0,3,0,14,6,23,0,30
409.0,4,0,14,7,25,0,30
410.0,4,1,15,6,26,0,30
411.0,4,0,15,6,25,0,30
412.0,4,0,15,7,26,0,30
413.0,4,1,16,6,27,0,30
414.0,4,0,16,7,27,0,30
415.0,4,0,16,7,27,0,30
416.0,4,0,16,8,28,0,30
417.0,4,0,16,9,29,0,30
418.0,4,0,16,9,29,0,30
419.0,5,0,16,9,30,0,30
420.0,6,0,16,10,32,0,30
421.0,5,1,16,10,32,0,30
422.0,5,1,16,11,33,0,30
423.0,5,1,16,10,32,0,31
424.0,5,2,13,7,27,0,31
425.0,5,2,11,4,22,0,31
426.0,5,2,8,2,17,0,31
427.0,5,2,6,0,13,0,31
428.0,5,3,4,0,12,0,31
429.0,5,3,3,0,11,0,31
430.0,5,3,2,0,10,0,31
431.0,5,3,1,0,9,0,31
432.0,5,3,1,0,9,0,31
433.0,5,4,0,1,10,0,32
434.0,5,3,0,4,12,0,32
435.0,3,2,1,4,10,0,32
436.0,2,2,2,3,9,0,32
437.0,1,1,2,3,7,0,32
438.0,0,1,4,4,9,0,32
439.0,0,2,5,5,12,0,32
440.0,1,2,6,5,14,0,32
441.0,0,2,6,5,13,0,32
442.0,0,2,6,5,13,0,32
443.0,0,3,6,5,14,0,33
444.0,1,3,5,3,12,0,33
445.0,1,5,5,0,11,0,33
446.0,3,6,4,0,13,0,33
447.0,2,7,4,0,13,0,33
448.0,3,6,3,0,12,0,33
449.0,4,6,2,0,12,0,33
450.0,3,7,1,0,11,0,33
451.0,3,6,0,1,10,0,33
452.0,4,6,0,0,10,0,33
453.0,3,6,0,0,9,0,34
454.0,3,5,1,2,11,0,34
455.0,4,5,1,1,11,0,34
456.0,3,5,1,2,11,0,34
457.0,4,6,2,2,14,0,34
458.0,5,6,3,2,16,0,34
459.0,5,6,4,2,17,0,34
460.0,5,7,5,3,20,0,34
461.0,6,8,6,2,22,0,34
462.0,5,8,7,4,24,0,34
463.0,5,9,7,5,26,0,35
464.0,5,9,5,3,22,0,35
465.0,5,9,5,3,22,0,35
466.0,5,9,5,1,20,0,35
467.0,5,9,5,0,19,0,35
468.0,7,9,2,1,19,0,35
469.0,6,9,2,0,17,0,35
470.0,6,9,2,1,18,0,35
471.0,6,9,0,2,17,0,35
472.0,7,9,1,1,18,0,35
473.0,8,9,0,0,17,0,36
474.0,6,8,1,1,16,0,36
475.0,5,7,2,1,15,0,36
476.0,3,7,2,3,15,0,36
477.0,2,7,3,4,16,0,36
478.0,2,7,5,3,17,0,36
479.0,2,7,5,3,17,0,36
480.0,1,7,6,4,18,0,36
481.0,0,8,7,3,18,0,36
482.0,0,7,8,3,18,0,36
483.0,0,7,7,3,17,0,37
484.0,0,7,7,4,18,0,37
485.0,1,5,8,4,18,0,37
486.0,2,4,8,5,19,0,37
487.0,3,3,9,5,20,0,37
488.0,3,4,10,7,24,0,37
489.0,3,2,12,7,24,0,37
490.0,4,1,11,7,23,0,37
491.0,6,1,12,7,26,0,37
492.0,6,1,12,8,27,0,37
493.0,6,1,15,7,29,0,37
494.0,8,1,15,8,32,0,37
495.0,7,1,16,9,33,0,37
496.0,7,1,17,8,33,0,37
497.0,7,1,17,8,33,0,37
498.0,7,1,17,10,35,0,37
499.0,9,1,18,9,37,0,37
500.0,8,1,18,9,36,0,37
501.0,8,1,18,9,36,0,37
502.0,8,1,17,10,36,0,37
503.0,8,1,16,11,36,0,38
504.0,8,1,14,8,31,0,38
505.0,8,1,11,5,25,0,38
506.0,8,2,9,2,21,0,38
507.0,8,2,6,0,16,0,38
508.0,8,3,6,0,17,0,38
509.0,8,2,4,0,14,0,38
510.0,8,2,3,0,13,0,38
511.0,9,3,5,1,18,0,38
512.0,9,2,5,2,18,0,38
513.0,9,2,5,2,18,0,39
514.0,7,1,4,3,15,0,39
515.0,6,1,3,6,16,0,39
516.0,6,1,2,6,15,0,39
517.0,5,1,3,6,15,0,39
518.0,4,1,4,6,15,0,39
519.0,3,2,5,6,16,0,39
520.0,2,1,5,7,15,0,39
521.0,2,1,6,6,15,0,39
522.0,2,2,7,6,17,0,39
523.0,2,3,8,7,20,0,40
524.0,1,2,9,8,20,0,40
525.0,1,1,10,7,19,0,40
526.0,1,0,12,8,21,0,40
527.0,3,2,13,8,26,0,40
528.0,3,2,14,8,27,0,40
529.0,3,1,14,10,28,0,40
530.0,4,1,16,9,30,0,40
531.0,4,1,15,9,29,0,40
532.0,4,1,15,9,29,0,40
533.0,4,1,16,10,31,0,40
534.0,4,2,17,12,35,0,40
535.0,4,1,18,12,35,0,40
536.0,6,1,19,11,37,0,40
537.0,5,1,19,11,36,0,40
538.0,5,1,19,12,37,0,41
539.0,5,1,16,10,32,0,41
540.0,5,3,13,7,28,0,41
541.0,5,3,10,6,24,0,41
542.0,5,3,7,2,17,0,41
543.0,5,3,4,0,12,0,41
544.0,5,3,3,0,11,0,41
545.0,5,5,2,0,12,0,41
546.0,5,4,1,0,10,0,41
547.0,5,4,0,0,9,0,41
548.0,5,5,0,0,10,0,42
549.0,3,3,2,2,10,0,42
550.0,2,3,2,2,9,0,42
551.0,1,4,2,2,9,0,42
552.0,1,5,3,3,12,0,42
553.0,1,7,4,5,17,0,42
554.0,0,6,7,7,20,0,42
555.0,0,6,8,6,20,0,42
556.0,0,4,9,6,19,0,42
557.0,0,4,11,7,22,0,42
558.0,1,4,13,7,25,0,43
559.0,1,4,14,7,26,0,43
560.0,1,4,16,7,28,0,43
561.0,1,3,17,8,29,0,43
562.0,1,4,18,8,31,0,43
563.0,1,5,19,9,34,0,43
564.0,1,4,19,9,33,0,43
565.0,1,4,19,11,35,0,43
566.0,2,3,20,10,35,0,43
567.0,1,6,20,10,37,0,43
568.0,1,4,20,10,35,0,44
569.0,1,5,17,8,31,0,44
570.0,1,5,14,4,24,0,44
571.0,1,5,11,2,19,0,44
572.0,1,6,10,1,18,0,44
573.0,1,7,7,0,15,0,44
574.0,1,7,4,0,12,0,44
575.0,1,7,2,1,11,0,44
576.0,1,8,1,0,10,0,44
577.0,1,9,0,0,10,0,44
578.0,2,10,0,0,12,0,44
579.0,1,10,0,0,11,0,44
580.0,1,12,0,0,13,0,44
581.0,2,13,0,0,15,0,44
582.0,1,11,2,0,14,0,44
583.0,1,12,2,0,15,0,45
584.0,0,13,4,0,17,0,45
585.0,0,11,3,0,14,0,45
586.0,1,11,4,1,17,0,45
587.0,0,11,5,1,17,0,45
588.0,1,12,6,1,20,0,45
589.0,0,13,7,1,21,0,45
590.0,0,12,8,1,21,0,45
591.0,0,12,11,1,24,0,45
592.0,0,12,12,1,25,0,45
593.0,0,12,13,1,26,0,46
594.0,1,12,14,1,28,0,46
595.0,0,11,15,1,27,0,46
596.0,0,10,15,2,27,0,46
597.0,0,8,15,2,25,0,46
598.0,0,8,15,2,25,0,46
599.0,1,6,16,3,26,0,46
600.0,1,6,16,2,25,0,46
601.0,1,5,17,2,25,0,46
602.0,1,3,18,2,24,0,46
603.0,1,3,18,3,25,0,46
604.0,1,3,19,3,26,0,46
605.0,2,2,19,3,26,0,46
606.0,2,2,19,4,27,0,46
607.0,2,2,20,4,28,0,46
608.0,2,4,20,5,31,0,46
609.0,2,3,20,8,33,0,46
610.0,2,3,21,7,33,0,46
611.0,3,4,22,7,36,0,46
612.0,3,3,22,8,36,0,46
613.0,3,3,22,8,36,0,46
614.0,3,4,22,8,37,0,46
615.0,4,4,22,8,38,0,46
616.0,5,4,23,8,40,0,46
617.0,4,3,24,9,40,0,46
618.0,4,4,24,9,41,0,46
619.0,4,3,25,9,41,0,46
620.0,4,3,25,9,41,0,46
621.0,5,4,25,9,43,0,46
622.0,4,4,25,9,42,0,46
623.0,4,3,25,9,41,0,46
624.0,4,3,25,9,41,0,46
625.0,4,4,25,10,43,0,46
626.0,4,3,25,9,41,0,46
627.0,4,3,25,9,41,0,46
628.0,4,3,25,9,41,0,47
629.0,5,5,22,7,39,0,47
630.0,4,4,19,5,32,0,47
631.0,4,5,16,4,29,0,47
632.0,5,7,13,1,26,0,47
633.0,4,7,10,1,22,0,47
634.0,5,7,7,0,19,0,47
635.0,4,8,4,0,16,0,47
636.0,4,8,2,0,14,0,47
637.0,5,8,0,0,13,0,47
638.0,5,10,0,0,15,0,47
639.0,5,10,0,0,15,0,47
640.0,5,11,0,0,16,0,47
641.0,5,11,0,0,16,0,47
642.0,6,10,0,0,16,0,47
643.0,6,10,0,0,16,0,48
644.0,3,9,0,0,12,0,48
645.0,3,6,0,2,11,0,48
646.0,3,5,0,2,10,0,48
647.0,0,4,1,4,9,0,48
648.0,0,6,2,4,12,0,48
649.0,0,5,3,5,13,0,48
650.0,0,6,4,5,15,0,48
651.0,0,5,6,6,17,0,48
652.0,1,5,6,5,17,0,48
653.0,1,6,8,5,20,0,49
654.0,1,5,11,5,22,0,49
655.0,0,5,11,6,22,0,49
656.0,1,6,12,6,25,0,49
657.0,2,5,12,5,24,0,49
658.0,3,4,13,5,25,0,49
659.0,3,4,14,5,26,0,49
660.0,3,3,15,5,26,0,49
661.0,3,4,15,7,29,0,49
662.0,3,4,15,6,28,0,49
663.0,3,5,15,6,29,0,49
664.0,3,5,16,6,30,0,49
665.0,3,5,16,8,32,0,49
666.0,3,5,16,8,32,0,49
667.0,3,5,16,8,32,0,49
668.0,3,6,16,9,34,0,49
669.0,4,5,16,9,34,0,49
670.0,3,6,16,8,33,0,49
671.0,3,6,16,8,33,0,49
672.0,4,6,16,11,37,0,49
673.0,3,6,17,11,37,0,49
674.0,3,6,17,12,38,0,49
675.0,4,6,18,12,40,0,49
676.0,3,8,18,12,41,0,49
677.0,3,7,18,13,41,0,49
678.0,3,8,18,15,44,0,50
679.0,4,8,17,11,40,0,50
680.0,4,9,14,8,35,0,50
681.0,4,9,11,5,29,0,50
682.0,4,9,9,2,24,0,50
683.0,4,9,6,1,20,0,50
684.0,4,10,4,0,18,0,50
685.0,4,10,2,0,16,0,50
686.0,4,10,2,0,16,0,50
687.0,4,10,1,0,15,0,50
688.0,4,10,0,1,15,0,51
689.0,4,8,1,1,14,0,51
690.0,2,7,1,2,12,0,51
691.0,1,6,2,4,13,0,51
692.0,2,5,3,6,16,0,51
693.0,0,5,6,6,17,0,51
694.0,0,5,7,6,18,0,51
695.0,1,3,10,6,20,0,51
696.0,0,3,11,7,21,0,51
697.0,0,3,12,6,21,0,51
698.0,1,5,12,7,25,0,52
699.0,1,5,11,4,21,0,52
700.0,2,5,9,1,17,0,52
701.0,2,6,6,0,14,0,52
702.0,3,7,5,0,15,0,52
703.0,3,8,4,0,15,0,52
704.0,4,9,3,0,16,0,52
705.0,5,10,2,0,17,0,52
706.0,5,10,1,1,17,0,52
707.0,5,13,0,0,18,0,52
708.0,5,13,1,0,19,0,53
709.0,5,12,1,0,18,0,53
710.0,6,11,1,1,19,0,53
711.0,6,11,3,1,21,0,53
712.0,5,10,3,1,19,0,53
713.0,6,10,3,1,20,0,53
714.0,6,10,4,1,21,0,53
715.0,6,11,5,1,23,0,53
716.0,7,11,5,1,24,0,53
717.0,7,10,6,2,25,0,53
718.0,7,11,6,2,26,0,54
719.0,7,10,6,2,25,0,54
720.0,5,8,7,2,22,0,54
721.0,4,6,8,3,21,0,54
722.0,3,5,8,2,18,0,54
723.0,2,4,8,2,16,0,54
724.0,1,3,8,2,14,0,54
725.0,0,4,9,2,15,0,54
726.0,0,4,11,2,17,0,54
727.0,0,5,11,2,18,0,54
728.0,1,6,10,2,19,0,55
729.0,1,9,8,0,18,0,55
730.0,1,9,7,0,17,0,55
731.0,3,11,5,0,19,0,55
732.0,2,12,3,0,17,0,55
733.0,3,14,3,0,20,0,55
734.0,4,14,2,0,20,0,55
735.0,4,14,2,0,20,0,55
736.0,4,14,0,1,19,0,55
737.0,4,14,0,0,18,0,55
738.0,4,14,0,0,18,0,55
739.0,5,14,0,0,19,0,55
740.0,5,15,0,0,20,0,55
741.0,5,15,0,0,20,0,55
742.0,5,15,0,0,20,0,55
743.0,5,15,1,0,21,0,56
744.0,4,14,0,0,18,0,56
745.0,4,11,1,0,16,0,56
746.0,2,9,2,0,13,0,56
747.0,1,9,3,1,14,0,56
748.0,1,9,3,1,14,0,56
749.0,0,10,4,1,15,0,56
750.0,0,9,4,2,15,0,56
751.0,0,9,5,2,16,0,56
752.0,0,10,4,2,16,0,56
753.0,1,9,5,2,17,0,57
754.0,1,8,5,2,16,0,57
755.0,2,7,5,3,17,0,57
756.0,3,7,7,3,20,0,57
757.0,3,5,7,3,18,0,57
758.0,4,6,6,3,19,0,57
759.0,4,3,6,3,16,0,57
760.0,4,2,6,3,15,0,57
761.0,5,1,7,3,16,0,57
762.0,4,0,8,4,16,0,57
763.0,4,0,9,4,17,0,57
764.0,5,0,9,4,18,0,57
765.0,4,0,10,5,19,0,57
766.0,5,0,10,5,20,0,57
767.0,5,0,11,5,21,0,57
768.0,5,0,11,5,21,0,57
769.0,5,0,11,6,22,0,57
770.0,5,1,11,6,23,0,57
771.0,5,1,13,6,25,0,57
772.0,6,1,14,6,27,0,57
773.0,7,1,13,6,27,0,57
774.0,7,1,14,6,28,0,57
775.0,7,1,15,6,29,0,57
776.0,7,2,14,6,29,0,57
777.0,7,2,16,6,31,0,57
778.0,7,2,17,6,32,0,57
779.0,8,2,17,6,33,0,57
780.0,8,2,18,6,34,0,57
781.0,8,3,19,6,36,0,57
782.0,9,2,19,6,36,0,57
783.0,9,2,20,6,37,0,58
784.0,9,2,18,3,32,0,58
785.0,9,2,15,2,28,0,58
786.0,10,2,13,1,26,0,58
787.0,9,3,10,0,22,0,58
788.0,9,4,7,0,20,0,58
789.0,9,3,5,1,18,0,58
790.0,10,3,2,0,15,0,58
791.0,10,4,1,0,15,0,58
792.0,10,4,0,1,15,0,58
793.0,10,4,1,0,15,0,59
794.0,8,3,1,0,12,0,59
795.0,7,3,3,1,14,0,59
796.0,6,3,4,1,14,0,59
797.0,5,2,5,2,14,0,59
798.0,4,2,5,2,13,0,59
799.0,3,3,8,2,16,0,59
800.0,2,2,9,4,17,0,59
801.0,2,2,10,4,18,0,59
802.0,1,3,12,4,20,0,59
803.0,0,2,13,3,18,0,60
804.0,0,2,13,2,17,0,60
805.0,1,3,12,1,17,0,60
806.0,1,3,8,1,13,0,60
807.0,2,3,6,0,11,0,60
808.0,2,3,5,1,11,0,60
809.0,3,3,4,0,10,0,60
810.0,4,3,2,0,9,0,60
811.0,5,4,1,0,10,0,60
812.0,5,4,1,0,10,0,60
813.0,7,5,0,0,12,0,61
814.0,5,3,0,1,9,0,61
815.0,5,3,1,1,10,0,61
816.0,4,5,1,3,13,0,61
817.0,3,5,2,3,13,0,61
818.0,2,5,3,3,13,0,61
819.0,1,4,5,4,14,0,61
820.0,1,4,5,5,15,0,61
821.0,0,5,6,4,15,0,61
822.0,0,5,8,5,18,0,61
823.0,0,5,8,5,18,0,62
824.0,2,4,8,6,20,0,62
825.0,1,3,8,6,18,0,62
826.0,1,3,9,6,19,0,62
827.0,3,2,9,6,20,0,62
828.0,3,2,8,6,19,0,62
829.0,3,0,9,6,18,0,62
830.0,4,1,8,6,19,0,62
831.0,4,1,9,7,21,0,62
832.0,4,1,11,7,23,0,62
833.0,4,1,10,7,22,0,62
834.0,5,1,10,7,23,0,62
835.0,5,2,11,9,27,0,62
836.0,5,1,11,8,25,0,62
837.0,5,2,11,8,26,0,62
838.0,5,2,13,10,30,0,62
839.0,5,2,16,9,32,0,62
840.0,5,3,15,9,32,0,62
841.0,5,4,16,9,34,0,62
842.0,5,4,16,9,34,0,62
843.0,5,4,16,10,35,0,62
844.0,5,4,18,10,37,0,62
845.0,5,5,19,10,39,0,62
846.0,5,4,20,11,40,0,62
847.0,6,4,22,11,43,0,62
848.0,6,4,23,12,45,0,63
849.0,6,5,20,8,39,0,63
850.0,7,4,19,5,35,0,63
851.0,6,4,16,4,30,0,63
852.0,6,5,13,2,26,0,63
853.0,6,5,9,1,21,0,63
854.0,6,5,6,1,18,0,63
855.0,6,6,4,0,16,0,63
856.0,6,6,2,0,14,0,63
857.0,6,7,1,1,15,0,63
858.0,6,7,2,0,15,0,64
859.0,5,5,4,0,14,0,64
860.0,3,6,5,1,15,0,64
861.0,2,5,5,2,14,0,64
862.0,1,3,8,2,14,0,64
863.0,0,1,9,3,13,0,64
864.0,0,1,10,3,14,0,64
865.0,0,1,11,3,15,0,64
866.0,0,2,13,3,18,0,64
867.0,0,1,14,4,19,0,64
868.0,0,1,15,4,20,0,64
869.0,0,2,18,5,25,0,64
870.0,0,1,19,5,25,0,64
871.0,0,1,19,6,26,0,64
872.0,0,2,20,6,28,0,64
873.0,0,3,21,6,30,0,65
874.0,0,5,18,5,28,0,65
875.0,0,4,16,3,23,0,65
876.0,2,5,13,1,21,0,65
877.0,1,5,11,0,17,0,65
878.0,1,6,8,0,15,0,65
879.0,1,6,6,0,13,0,65
880.0,1,7,4,0,12,0,65
881.0,1,7,2,0,10,0,65
882.0,2,7,0,0,9,0,65
883.0,2,7,0,0,9,0,66
884.0,2,6,0,0,8,0,66
885.0,1,5,1,2,9,0,66
886.0,1,4,2,2,9,0,66
887.0,2,5,2,2,11,0,66
888.0,1,6,2,2,11,0,66
889.0,1,6,3,2,12,0,66
890.0,1,5,5,3,14,0,66
891.0,1,5,6,4,16,0,66
892.0,1,3,6,3,13,0,66
893.0,1,3,7,4,15,0,67
894.0,0,3,8,5,16,0,67
895.0,0,2,8,5,15,0,67
896.0,0,4,8,5,17,0,67
897.0,0,2,9,5,16,0,67
898.0,0,2,12,5,19,0,67
899.0,1,3,13,5,22,0,67
900.0,1,3,14,6,24,0,67
901.0,1,4,14,6,25,0,67
902.0,1,4,14,7,26,0,67
903.0,1,5,15,7,28,0,67
904.0,1,4,14,8,27,0,67
905.0,1,4,16,8,29,0,67
906.0,3,5,16,8,32,0,67
907.0,2,5,17,8,32,0,67
908.0,3,5,19,8,35,0,67
909.0,3,6,19,8,36,0,67
910.0,3,5,20,8,36,0,67
911.0,3,5,20,8,36,0,67
912.0,3,5,21,8,37,0,67
913.0,3,5,23,8,39,0,68
914.0,3,5,21,5,34,0,68
915.0,3,6,18,3,30,0,68
916.0,3,6,15,1,25,0,68
917.0,3,6,13,0,22,0,68
918.0,3,7,11,0,21,0,68
919.0,3,7,8,0,18,0,68
920.0,3,7,5,1,16,0,68
921.0,3,8,2,0,13,0,68
922.0,3,7,0,0,10,0,68
923.0,3,7,0,0,10,0,69
924.0,2,5,0,1,8,0,69
925.0,1,4,1,1,7,0,69
926.0,0,4,2,1,7,0,69
927.0,0,4,2,1,7,0,69
928.0,0,3,2,1,6,0,69
929.0,1,2,4,1,8,0,69
930.0,0,2,5,1,8,0,69
931.0,0,2,7,2,11,0,69
932.0,0,2,10,2,14,0,69
933.0,0,2,11,2,15,0,69
934.0,0,2,12,3,17,0,69
935.0,0,2,14,3,19,0,69
936.0,0,2,17,3,22,0,69
937.0,0,3,18,4,25,0,69
938.0,0,3,19,5,27,0,70
939.0,1,4,16,2,23,0,70
940.0,0,4,15,1,20,0,70
941.0,0,5,12,0,17,0,70
942.0,1,5,9,0,15,0,70
943.0,0,5,6,0,11,0,70
944.0,0,7,4,0,11,0,70
945.0,1,6,2,1,10,0,70
946.0,0,6,1,0,7,0,70
947.0,0,6,0,0,6,0,70
948.0,0,6,0,0,6,0,71
949.0,0,5,1,0,6,0,71
950.0,1,4,3,0,8,0,71
951.0,0,6,2,0,8,0,71
952.0,1,6,3,0,10,0,71
953.0,2,6,4,0,12,0,71
954.0,1,7,6,0,14,0,71
955.0,1,6,7,1,15,0,71
956.0,1,6,10,1,18,0,71
957.0,1,5,11,1,18,0,71
958.0,1,5,13,1,20,0,72
959.0,1,7,12,0,20,0,72
960.0,1,7,10,1,19,0,72
961.0,2,7,9,0,18,0,72
962.0,1,7,7,0,15,0,72
963.0,1,9,5,0,15,0,72
964.0,1,9,4,0,14,0,72
965.0,2,10,0,0,12,0,72
966.0,3,11,0,0,14,0,72
967.0,3,11,0,0,14,0,72
968.0,4,11,0,0,15,0,73
969.0,2,10,0,0,12,0,73
970.0,2,7,1,0,10,0,73
971.0,3,8,5,1,17,0,73
972.0,1,9,4,1,15,0,73
973.0,1,8,7,1,17,0,73
974.0,1,8,8,2,19,0,73
975.0,1,8,9,1,19,0,73
976.0,1,7,11,1,20,0,73
977.0,1,8,12,2,23,0,73
978.0,3,9,14,1,27,0,74
979.0,1,8,15,1,25,0,74
980.0,1,8,16,1,26,0,74
981.0,1,5,16,1,23,0,74
982.0,2,7,18,1,28,0,74
983.0,2,6,19,1,28,0,74
984.0,3,4,19,3,29,0,74
985.0,3,4,20,2,29,0,74
986.0,3,4,20,3,30,0,74
987.0,3,3,20,2,28,0,74
988.0,3,3,20,3,29,0,74
989.0,4,2,20,3,29,0,74
990.0,4,2,20,3,29,0,74
991.0,5,2,20,3,30,0,74
992.0,5,2,20,3,30,0,74
993.0,5,2,21,3,31,0,74
994.0,5,2,21,4,32,0,74
995.0,5,2,22,4,33,0,74
996.0,5,4,22,5,36,0,74
997.0,5,3,22,5,35,0,74
998.0,5,3,22,5,35,0,74
999.0,5,3,22,5,35,0,74
1000.0,5,3,22,5,35,0,74
1001.0,5,5,22,5,37,0,74
1002.0,5,4,22,5,36,0,74
1003.0,5,4,22,5,36,0,75
1004.0,5,5,19,3,32,0,75
1005.0,6,4,16,1,27,0,75
1006.0,5,5,13,0,23,0,75
1007.0,5,6,10,0,21,0,75
1008.0,5,6,7,0,18,0,75
1009.0,5,6,4,0,15,0,75
1010.0,6,6,2,1,15,0,75
1011.0,6,6,1,0,13,0,75
1012.0,6,7,1,0,14,0,75
1013.0,8,7,1,0,16,0,76
1014.0,6,6,3,0,15,0,76
1015.0,5,4,5,0,14,0,76
1016.0,4,4,6,1,15,0,76
1017.0,3,3,6,1,13,0,76
1018.0,2,3,9,1,15,0,76
1019.0,2,3,11,1,17,0,76
1020.0,2,3,14,2,21,0,76
1021.0,2,5,15,3,25,0,76
1022.0,2,4,15,2,23,0,76
1023.0,2,4,17,3,26,0,77
1024.0,2,3,18,4,27,0,77
1025.0,2,2,19,3,26,0,77
1026.0,2,1,19,3,25,0,77
1027.0,2,0,22,3,27,0,77
1028.0,3,0,22,4,29,0,77
1029.0,2,0,23,4,29,0,77
1030.0,3,0,23,5,31,0,77
1031.0,4,0,24,5,33,0,77
1032.0,3,0,24,5,32,0,77
1033.0,4,0,25,5,34,0,77
1034.0,4,0,25,6,35,0,77
1035.0,4,0,25,6,35,0,77
1036.0,4,1,25,6,36,0,77
1037.0,4,1,26,7,38,0,77
1038.0,4,1,26,7,38,0,78
1039.0,4,1,23,5,33,0,78
1040.0,5,1,19,3,28,0,78
1041.0,4,1,16,1,22,0,78
1042.0,4,1,14,0,19,0,78
1043.0,4,1,11,0,16,0,78
1044.0,4,1,8,0,13,0,78
1045.0,4,1,5,0,10,0,78
1046.0,4,1,2,0,7,0,78
1047.0,5,1,0,0,6,0,78
1048.0,5,1,0,1,7,0,79
1049.0,4,0,0,0,4,0,79
1050.0,4,0,0,1,5,0,79
1051.0,3,1,3,2,9,0,79
1052.0,1,1,3,3,8,0,79
1053.0,2,1,5,3,11,0,79
1054.0,2,1,8,3,14,0,79
1055.0,2,2,9,4,17,0,79
1056.0,2,1,11,4,18,0,79
1057.0,2,1,13,5,21,0,79
1058.0,2,1,13,4,20,0,79
1059.0,3,1,16,5,25,0,79
1060.0,2,2,16,6,26,0,79
1061.0,2,2,19,5,28,0,79
1062.0,2,3,19,5,29,0,79
1063.0,2,4,20,5,31,0,80
1064.0,2,4,19,3,28,0,80
1065.0,2,4,16,1,23,0,80
1066.0,2,5,14,1,22,0,80
1067.0,2,5,12,0,19,0,80
1068.0,2,5,9,0,16,0,80
1069.0,2,5,6,1,14,0,80
1070.0,2,5,3,0,10,0,80
1071.0,2,6,1,0,9,0,80
1072.0,2,6,0,1,9,0,80
1073.0,2,6,0,0,8,0,81
1074.0,1,6,1,0,8,0,81
1075.0,0,6,1,2,9,0,81
1076.0,1,5,2,1,9,0,81
1077.0,1,6,2,1,10,0,81
1078.0,0,4,4,1,9,0,81
1079.0,0,3,6,2,11,0,81
1080.0,0,2,7,2,11,0,81
1081.0,1,2,10,1,14,0,81
1082.0,1,1,11,2,15,0,81
1083.0,1,2,11,4,18,0,81
1084.0,1,2,13,3,19,0,81
1085.0,1,2,13,4,20,0,81
1086.0,1,1,14,6,22,0,81
1087.0,1,1,15,5,22,0,81
1088.0,1,1,15,6,23,0,81
1089.0,1,1,15,5,22,0,81
1090.0,1,2,15,5,23,0,81
1091.0,2,1,16,6,25,0,81
1092.0,1,2,16,6,25,0,81
1093.0,1,1,17,7,26,0,81
1094.0,1,1,17,7,26,0,81
1095.0,1,2,17,7,27,0,81
1096.0,1,1,17,7,26,0,81
1097.0,1,1,17,8,27,0,81
1098.0,2,1,17,7,27,0,82
1099.0,1,2,14,5,22,0,82
1100.0,1,3,11,4,19,0,82
1101.0,1,2,8,1,12,0,82
1102.0,1,3,5,0,9,0,82
1103.0,2,3,4,0,9,0,82
1104.0,1,3,3,0,7,0,82
1105.0,2,4,2,0,8,0,82
1106.0,3,5,1,0,9,0,82
1107.0,2,5,0,0,7,0,82
1108.0,2,5,0,1,8,0,83
1109.0,2,5,1,2,10,0,83
1110.0,1,4,2,3,10,0,83
1111.0,1,4,3,4,12,0,83
1112.0,1,3,6,4,14,0,83
1113.0,1,3,6,4,14,0,83
1114.0,1,2,7,4,14,0,83
1115.0,1,2,9,4,16,0,83
1116.0,1,2,10,4,17,0,83
1117.0,1,3,9,3,16,0,83
1118.0,1,4,9,3,17,0,83
1119.0,2,4,10,6,22,0,83
1120.0,1,4,11,5,21,0,83
1121.0,1,4,13,5,23,0,83
1122.0,2,4,13,6,25,0,83
1123.0,1,5,13,5,24,0,83
1124.0,2,5,14,6,27,0,83
1125.0,3,6,14,7,30,0,83
1126.0,4,6,15,6,31,0,83
1127.0,4,6,15,6,31,0,83
1128.0,5,6,15,7,33,0,83
1129.0,4,6,15,7,32,0,83
1130.0,4,6,15,8,33,0,83
1131.0,4,6,15,8,33,0,83
1132.0,4,6,15,8,33,0,83
1133.0,4,6,15,9,34,0,84
1134.0,4,7,12,7,30,0,84
1135.0,4,6,9,5,24,0,84
1136.0,4,7,6,3,20,0,84
1137.0,4,7,5,1,17,0,84
1138.0,4,7,4,1,16,0,84
1139.0,4,7,3,0,14,0,84
1140.0,4,7,2,0,13,0,84
1141.0,5,7,1,1,14,0,84
1142.0,6,8,0,0,14,0,84
1143.0,6,8,0,1,15,0,85
1144.0,4,6,2,1,13,0,85
1145.0,2,4,2,3,11,0,85
1146.0,1,3,3,3,10,0,85
1147.0,0,2,3,5,10,0,85
1148.0,1,3,4,6,14,0,85
1149.0,0,3,5,6,14,0,85
1150.0,0,3,5,8,16,0,85
1151.0,1,3,6,7,17,0,85
1152.0,0,3,7,7,17,0,85
1153.0,0,2,7,8,17,0,86
1154.0,1,2,7,6,16,0,86
1155.0,0,3,4,3,10,0,86
1156.0,1,3,4,1,9,0,86
1157.0,1,4,4,0,9,0,86
1158.0,2,4,4,0,10,0,86
1159.0,3,4,3,0,10,0,86
1160.0,2,4,2,0,8,0,86
1161.0,2,5,1,0,8,0,86
1162.0,2,5,0,0,7,0,86
1163.0,2,5,0,1,8,0,87
1164.0,3,4,1,2,10,0,87
1165.0,2,3,3,2,10,0,87
1166.0,2,2,3,3,10,0,87
1167.0,3,2,4,4,13,0,87
1168.0,2,3,4,4,13,0,87
1169.0,3,2,4,4,13,0,87
1170.0,3,2,6,4,15,0,87
1171.0,4,3,6,4,17,0,87
1172.0,5,2,7,4,18,0,87
1173.0,5,2,7,4,18,0,87
1174.0,5,2,7,5,19,0,87
1175.0,5,2,8,4,19,0,87
1176.0,5,2,8,5,20,0,87
1177.0,5,2,9,6,22,0,87
1178.0,5,2,9,5,21,0,87
1179.0,5,2,9,6,22,0,87
1180.0,6,4,9,6,25,0,87
1181.0,6,3,10,6,25,0,87
1182.0,6,3,10,7,26,0,87
1183.0,6,4,10,7,27,0,88
1184.0,3,2,10,7,22,0,88
1185.0,1,1,11,7,20,0,88
1186.0,1,2,11,8,22,0,88
1187.0,0,0,11,8,19,0,88
1188.0,0,0,11,8,19,0,88
1189.0,0,1,11,9,21,0,88
1190.0,0,0,12,10,22,0,88
1191.0,0,0,13,10,23,0,88
1192.0,0,1,13,10,24,0,88
1193.0,1,1,13,12,27,0,89
1194.0,2,1,10,8,21,0,89
1195.0,1,2,7,5,15,0,89
1196.0,2,3,6,3,14,0,89
1197.0,3,4,5,1,13,0,89
1198.0,2,4,4,0,10,0,89
1199.0,2,5,3,0,10,0,89
1200.0,2,5,2,0,9,0,89
1201.0,2,6,1,0,9,0,89
1202.0,2,7,0,0,9,0,89
1203.0,2,7,0,0,9,0,90
1204.0,2,6,0,1,9,0,90
1205.0,3,5,1,1,10,0,90
1206.0,2,6,3,1,12,0,90
1207.0,2,5,5,2,14,0,90
1208.0,2,4,5,3,14,0,90
1209.0,2,3,7,2,14,0,90
1210.0,2,2,8,4,16,0,90
1211.0,2,3,8,5,18,0,90
1212.0,2,2,9,5,18,0,90
1213.0,2,2,10,6,20,0,90
1214.0,2,2,11,5,20,0,90
1215.0,2,2,12,5,21,0,90
1216.0,3,2,12,5,22,0,90
1217.0,3,2,14,5,24,0,90
1218.0,4,2,14,6,26,0,90
1219.0,4,2,14,6,26,0,90
1220.0,4,3,15,7,29,0,90
1221.0,4,3,15,6,28,0,90
1222.0,4,3,15,6,28,0,90
1223.0,4,3,15,7,29,0,90
1224.0,5,3,15,6,29,0,90
1225.0,4,3,16,7,30,0,90
1226.0,5,4,16,7,32,0,90
1227.0,5,4,16,8,33,0,90
1228.0,5,5,17,8,35,0,90
1229.0,5,4,17,8,34,0,90
1230.0,5,5,17,9,36,0,90
1231.0,5,4,18,11,38,0,90
1232.0,5,4,19,10,38,0,90
1233.0,5,5,19,10,39,0,91
1234.0,5,4,16,7,32,0,91
1235.0,5,4,13,4,26,0,91
1236.0,5,4,11,2,22,0,91
1237.0,5,4,8,0,17,0,91
1238.0,6,4,5,0,15,0,91
1239.0,6,4,3,0,13,0,91
1240.0,6,5,2,0,13,0,91
1241.0,6,5,1,1,13,0,91
1242.0,6,6,0,0,12,0,91
1243.0,7,7,0,1,15,0,92
1244.0,4,6,1,1,12,0,92
1245.0,3,7,1,1,12,0,92
1246.0,3,6,2,1,12,0,92
1247.0,2,8,3,1,14,0,92
1248.0,1,7,6,1,15,0,92
1249.0,1,6,6,2,15,0,92
1250.0,1,5,8,2,16,0,92
1251.0,1,5,8,2,16,0,92
1252.0,1,5,9,2,17,0,92
1253.0,1,5,10,3,19,0,93
1254.0,1,8,10,3,22,0,93
1255.0,1,8,12,3,24,0,93
1256.0,1,7,12,4,24,0,93
1257.0,2,6,13,3,24,0,93
1258.0,2,6,13,3,24,0,93
1259.0,3,4,13,3,23,0,93
1260.0,3,4,13,3,23,0,93
1261.0,3,4,13,3,23,0,93
1262.0,3,4,13,3,23,0,93
1263.0,3,4,13,4,24,0,94
1264.0,3,4,10,1,18,0,94
1265.0,4,6,7,1,18,0,94
1266.0,5,8,6,0,19,0,94
1267.0,5,8,5,0,18,0,94
1268.0,5,10,4,0,19,0,94
1269.0,5,10,3,0,18,0,94
1270.0,5,11,2,0,18,0,94
1271.0,5,11,1,1,18,0,94
1272.0,5,12,0,1,18,0,94
1273.0,5,12,0,2,19,0,95
1274.0,5,12,0,1,18,0,95
1275.0,5,13,1,1,20,0,95
1276.0,5,11,2,1,19,0,95
1277.0,5,12,3,1,21,0,95
1278.0,5,10,3,1,19,0,95
1279.0,5,10,4,1,20,0,95
1280.0,6,11,5,1,23,0,95
1281.0,7,10,6,1,24,0,95
1282.0,6,10,7,1,24,0,95
1283.0,6,10,7,1,24,0,96
1284.0,5,11,8,1,25,0,96
1285.0,4,10,9,1,24,0,96
1286.0,4,8,11,1,24,0,96
1287.0,2,7,10,1,20,0,96
1288.0,1,6,12,1,20,0,96
1289.0,0,6,12,1,19,0,96
1290.0,0,6,13,2,21,0,96
1291.0,0,5,13,1,19,0,96
1292.0,0,3,13,1,17,0,96
1293.0,0,4,13,2,19,0,97
1294.0,0,4,11,0,15,0,97
1295.0,1,4,8,0,13,0,97
1296.0,1,5,6,0,12,0,97
1297.0,1,5,5,0,11,0,97
1298.0,2,6,4,1,13,0,97
1299.0,4,8,3,0,15,0,97
1300.0,3,11,2,0,16,0,97
1301.0,3,11,1,0,15,0,97
1302.0,3,13,0,0,16,0,97
1303.0,4,14,1,1,20,0,98
1304.0,3,15,2,0,20,0,98
1305.0,2,12,2,0,16,0,98
1306.0,1,11,3,0,15,0,98
1307.0,0,10,4,0,14,0,98
1308.0,0,11,4,0,15,0,98
1309.0,0,9,4,0,13,0,98
1310.0,0,9,5,0,14,0,98
1311.0,0,10,6,1,17,0,98
1312.0,0,9,6,1,16,0,98
1313.0,0,11,7,1,19,0,99
1314.0,1,10,7,2,20,0,99
1315.0,1,8,8,2,19,0,99
1316.0,1,10,9,2,22,0,99
1317.0,1,8,8,1,18,0,99
1318.0,1,9,9,1,20,0,99
1319.0,1,10,9,1,21,0,99
1320.0,2,8,9,1,20,0,99
1321.0,1,9,9,2,21,0,99
1322.0,1,8,9,2,20,0,99
1323.0,2,7,9,2,20,0,99
1324.0,2,7,9,2,20,0,99
1325.0,2,5,9,2,18,0,99
1326.0,2,5,9,5,21,0,99
1327.0,2,6,9,4,21,0,99
1328.0,2,5,9,4,20,0,99
1329.0,2,8,9,4,23,0,99
1330.0,2,5,9,4,20,0,99
1331.0,2,6,9,4,21,0,99
1332.0,2,6,9,4,21,0,99
1333.0,2,6,9,5,22,0,100
1334.0,2,11,8,2,23,0,100
1335.0,2,12,7,0,21,0,100
1336.0,2,13,6,0,21,0,100
1337.0,2,12,5,0,19,0,100
1338.0,2,12,4,0,18,0,100
1339.0,3,11,3,0,17,0,100
1340.0,2,13,2,0,17,0,100
1341.0,2,13,1,0,16,0,100
1342.0,3,15,0,0,18,0,100
1343.0,3,14,0,0,17,0,101
1344.0,2,13,0,0,15,0,101
1345.0,0,12,1,0,13,0,101
1346.0,0,10,1,1,12,0,101
1347.0,0,9,2,1,12,0,101
1348.0,1,8,2,1,12,0,101
1349.0,0,9,3,1,13,0,101
1350.0,0,9,4,1,14,0,101
1351.0,0,9,4,2,15,0,101
1352.0,0,9,5,1,15,0,101
1353.0,0,9,6,1,16,0,102
1354.0,0,9,7,2,18,0,102
1355.0,0,8,8,2,18,0,102
1356.0,0,9,8,2,19,0,102
1357.0,0,8,9,2,19,0,102
1358.0,0,7,10,3,20,0,102
1359.0,0,6,11,2,19,0,102
1360.0,0,5,11,2,18,0,102
1361.0,0,5,11,4,20,0,102
1362.0,0,4,11,3,18,0,102
1363.0,0,4,11,3,18,0,102
1364.0,0,4,11,4,19,0,102
1365.0,1,4,11,4,20,0,102
1366.0,0,4,11,4,19,0,102
1367.0,0,4,11,5,20,0,102
1368.0,1,4,11,5,21,0,103
1369.0,0,4,9,2,15,0,103
1370.0,1,5,7,1,14,0,103
1371.0,1,5,6,0,12,0,103
1372.0,2,6,5,0,13,0,103
1373.0,2,6,4,1,13,0,103
1374.0,2,7,3,0,12,0,103
1375.0,2,7,2,0,11,0,103
1376.0,2,7,1,0,10,0,103
1377.0,2,8,0,0,10,0,103
1378.0,2,9,0,1,12,0,103
1379.0,2,10,0,0,12,0,103
1380.0,2,12,0,0,14,0,103
1381.0,2,12,0,1,15,0,103
1382.0,2,13,0,0,15,0,103
1383.0,2,14,0,0,16,0,104
1384.0,3,13,0,1,17,0,104
1385.0,2,12,1,0,15,0,104
1386.0,2,11,2,0,15,0,104
1387.0,2,10,3,0,15,0,104
1388.0,3,9,3,2,17,0,104
1389.0,3,9,3,2,17,0,104
1390.0,3,7,4,2,16,0,104
1391.0,4,6,4,3,17,0,104
1392.0,4,6,5,3,18,0,104
1393.0,4,5,6,3,18,0,104
1394.0,5,5,5,4,19,0,104
1395.0,4,6,6,5,21,0,104
1396.0,4,6,6,6,22,0,104
1397.0,4,7,8,6,25,0,104
1398.0,4,7,7,8,26,0,105
1399.0,1,4,8,8,21,0,105
1400.0,0,4,9,8,21,0,105
1401.0,0,2,9,8,19,0,105
1402.0,0,2,10,9,21,0,105
1403.0,0,2,10,8,20,0,105
1404.0,0,3,11,9,23,0,105
1405.0,0,3,13,8,24,0,105
1406.0,0,3,11,8,22,0,105
1407.0,1,4,12,9,26,0,105
1408.0,1,6,12,8,27,0,106
1409.0,1,6,10,7,24,0,106
1410.0,1,7,8,3,19,0,106
1411.0,1,8,5,3,17,0,106
1412.0,1,7,3,1,12,0,106
1413.0,1,8,2,0,11,0,106
1414.0,1,9,2,0,12,0,106
1415.0,1,9,0,1,11,0,106
1416.0,1,10,0,0,11,0,106
1417.0,1,10,0,1,12,0,106
1418.0,1,10,0,0,11,0,106
1419.0,2,10,1,0,13,0,106
1420.0,2,11,0,1,14,0,106
1421.0,2,10,0,0,12,0,106
1422.0,2,11,1,0,14,0,106
1423.0,2,10,0,1,13,0,107
1424.0,2,9,1,2,14,0,107
1425.0,1,9,2,2,14,0,107
1426.0,2,9,3,3,17,0,107
1427.0,1,8,3,5,17,0,107
1428.0,2,7,4,6,19,0,107
1429.0,1,6,5,6,18,0,107
1430.0,2,6,6,7,21,0,107
1431.0,1,4,7,6,18,0,107
1432.0,1,3,7,6,17,0,107
1433.0,2,2,7,6,17,0,108
1434.0,1,1,5,5,12,0,108
1435.0,1,3,4,4,12,0,108
1436.0,2,5,3,2,12,0,108
1437.0,1,5,3,0,9,0,108
1438.0,1,6,2,0,9,0,108
1439.0,2,7,2,1,12,0,108
1440.0,1,7,1,0,9,0,108
1441.0,1,9,0,0,10,0,108
1442.0,2,9,0,0,11,0,108
1443.0,1,10,0,0,11,0,108
1444.0,1,10,1,1,13,0,108
1445.0,2,10,1,0,13,0,108
1446.0,1,11,0,0,12,0,108
1447.0,1,13,0,0,14,0,108
1448.0,2,15,1,0,18,0,108
1449.0,2,14,0,0,16,0,108
1450.0,2,14,0,0,16,0,108
1451.0,2,15,1,0,18,0,108
1452.0,3,14,0,0,17,0,108
1453.0,4,14,1,1,20,0,109
1454.0,3,13,1,0,17,0,109
1455.0,4,12,1,0,17,0,109
1456.0,5,11,2,1,19,0,109
1457.0,4,11,1,0,16,0,109
1458.0,5,11,2,0,18,0,109
1459.0,6,9,3,0,18,0,109
1460.0,5,9,2,0,16,0,109
1461.0,6,9,2,0,17,0,109
1462.0,6,7,6,0,19,0,109
1463.0,8,7,7,1,23,0,109
1464.0,7,7,10,2,26,0,109
1465.0,7,7,9,1,24,0,109
1466.0,7,8,12,2,29,0,109
1467.0,8,7,10,2,27,0,109
1468.0,8,8,9,2,27,0,110
1469.0,6,6,11,3,26,0,110
1470.0,5,5,10,3,23,0,110
1471.0,4,5,10,4,23,0,110
1472.0,3,3,11,3,20,0,110
1473.0,2,3,10,3,18,0,110
1474.0,1,3,11,6,21,0,110
1475.0,0,4,13,5,22,0,110
1476.0,0,4,13,5,22,0,110
1477.0,0,5,14,6,25,0,110
1478.0,0,6,17,5,28,0,111
1479.0,1,6,16,2,25,0,111
1480.0,2,6,13,1,22,0,111
1481.0,2,8,11,0,21,0,111
1482.0,3,7,9,0,19,0,111
1483.0,4,7,5,0,16,0,111
1484.0,4,7,2,0,13,0,111
1485.0,5,7,1,0,13,0,111
1486.0,5,8,2,0,15,0,111
1487.0,6,9,2,0,17,0,111
1488.0,6,11,1,0,18,0,112
1489.0,4,8,2,1,15,0,112
1490.0,4,7,2,3,16,0,112
1491.0,3,6,4,3,16,0,112
1492.0,2,7,4,4,17,0,112
1493.0,1,7,6,5,19,0,112
1494.0,1,7,6,5,19,0,112
1495.0,1,7,8,5,21,0,112
1496.0,1,7,9,6,23,0,112
1497.0,1,7,12,5,25,0,112
1498.0,2,8,12,5,27,0,113
1499.0,2,8,14,5,29,0,113
1500.0,3,7,15,5,30,0,113
1501.0,2,6,15,7,30,0,113
1502.0,3,5,18,6,32,0,113
1503.0,3,4,20,7,34,0,113
1504.0,3,3,20,8,34,0,113
1505.0,3,2,21,7,33,0,113
1506.0,4,1,22,7,34,0,113
1507.0,3,1,23,7,34,0,113
1508.0,3,1,24,7,35,0,113
1509.0,3,1,24,8,36,0,113
1510.0,3,1,24,9,37,0,113
1511.0,3,3,25,9,40,0,113
1512.0,3,2,24,9,38,0,113
1513.0,4,3,24,10,41,0,114
1514.0,3,4,21,8,36,0,114
1515.0,3,3,19,6,31,0,114
1516.0,3,4,16,4,27,0,114
1517.0,3,4,14,3,24,0,114
1518.0,3,5,12,1,21,0,114
1519.0,3,5,9,0,17,0,114
1520.0,3,5,5,0,13,0,114
1521.0,5,5,2,0,12,0,114
1522.0,4,5,0,0,9,0,114
1523.0,5,5,0,0,10,0,115
1524.0,3,6,1,0,10,0,115
1525.0,3,7,3,2,15,0,115
1526.0,3,7,2,4,16,0,115
1527.0,3,8,3,3,17,0,115
1528.0,3,7,4,4,18,0,115
1529.0,3,6,4,5,18,0,115
1530.0,1,4,5,5,15,0,115
1531.0,1,3,5,5,14,0,115
1532.0,1,4,5,6,16,0,115
1533.0,1,5,7,6,19,0,116
1534.0,0,5,8,6,19,0,116
1535.0,0,5,10,7,22,0,116
1536.0,1,4,12,7,24,0,116
1537.0,1,4,14,8,27,0,116
1538.0,1,4,15,8,28,0,116
1539.0,1,4,17,9,31,0,116
1540.0,1,4,17,9,31,0,116
1541.0,1,4,18,11,34,0,116
1542.0,1,5,20,10,36,0,116
1543.0,1,5,20,10,36,0,117
1544.0,2,6,18,9,35,0,117
1545.0,2,6,15,8,31,0,117
1546.0,3,6,12,7,28,0,117
1547.0,2,6,9,5,22,0,117
1548.0,3,6,7,3,19,0,117
1549.0,2,6,4,2,14,0,117
1550.0,2,6,2,1,11,0,117
1551.0,2,7,0,0,9,0,117
1552.0,2,7,0,0,9,0,117
1553.0,3,7,1,0,11,0,118
1554.0,1,5,2,1,9,0,118
1555.0,0,3,4,3,10,0,118
1556.0,1,3,6,5,15,0,118
1557.0,0,2,7,4,13,0,118
1558.0,0,2,10,5,17,0,118
1559.0,0,2,10,6,18,0,118
1560.0,0,2,11,6,19,0,118
1561.0,0,2,14,7,23,0,118
1562.0,0,2,13,8,23,0,118
1563.0,0,3,14,8,25,0,119
1564.0,0,1,15,9,25,0,119
1565.0,0,0,16,10,26,0,119
1566.0,0,1,17,10,28,0,119
1567.0,0,0,21,11,32,0,119
1568.0,0,0,21,12,33,0,119
1569.0,0,1,22,13,36,0,119
1570.0,0,0,22,13,35,0,119
1571.0,1,0,23,14,38,0,119
1572.0,1,1,23,16,41,0,119
1573.0,1,0,23,16,40,0,120
1574.0,2,0,20,13,35,0,120
1575.0,2,0,18,10,30,0,120
1576.0,2,0,15,8,25,0,120
1577.0,3,0,12,6,21,0,120
1578.0,3,0,9,4,16,0,120
1579.0,3,0,6,2,11,0,120
1580.0,3,0,4,1,8,0,120
1581.0,3,1,2,0,6,0,120
1582.0,3,1,0,0,4,0,120
1583.0,3,3,0,1,7,0,121
1584.0,2,0,0,1,3,0,121
1585.0,1,1,1,1,4,0,121
1586.0,0,2,2,3,7,0,121
1587.0,0,1,3,4,8,0,121
1588.0,0,0,3,4,7,0,121
1589.0,0,0,3,7,10,0,121
1590.0,0,0,5,7,12,0,121
1591.0,0,0,5,9,14,0,121
1592.0,0,0,6,11,17,0,121
1593.0,0,2,8,10,20,0,122
1594.0,0,2,7,9,18,0,122
1595.0,1,2,5,7,15,0,122
1596.0,1,2,5,6,14,0,122
1597.0,1,3,3,6,13,0,122
1598.0,1,3,3,3,10,0,122
1599.0,2,3,2,1,8,0,122
1600.0,1,3,2,0,6,0,122
1601.0,1,3,1,0,5,0,122
1602.0,1,4,0,0,5,0,122
1603.0,1,4,0,3,8,0,123
1604.0,1,3,0,2,6,0,123
1605.0,2,3,0,3,8,0,123
1606.0,1,5,1,3,10,0,123
1607.0,1,5,3,4,13,0,123
1608.0,1,5,4,5,15,0,123
1609.0,1,6,5,7,19,0,123
1610.0,1,4,6,9,20,0,123
1611.0,1,2,8,9,20,0,123
1612.0,1,1,9,10,21,0,123
1613.0,1,0,11,11,23,0,123
1614.0,1,0,10,12,23,0,123
1615.0,2,1,11,12,26,0,123
1616.0,1,2,13,13,29,0,123
1617.0,1,1,15,13,30,0,123
1618.0,2,1,16,14,33,0,123
1619.0,1,1,17,14,33,0,123
1620.0,1,1,17,15,34,0,123
1621.0,1,2,19,14,36,0,123
1622.0,1,3,19,14,37,0,123
1623.0,1,2,20,14,37,0,124
1624.0,1,3,17,11,32,0,124
1625.0,1,4,15,8,28,0,124
1626.0,2,3,12,5,22,0,124
1627.0,2,4,9,3,18,0,124
1628.0,3,5,7,2,17,0,124
1629.0,3,4,4,0,11,0,124
1630.0,3,6,2,0,11,0,124
1631.0,3,4,1,1,9,0,124
1632.0,3,4,0,0,7,0,124
1633.0,3,5,0,0,8,0,125
1634.0,2,3,1,2,8,0,125
1635.0,1,1,2,1,5,0,125
1636.0,1,1,2,3,7,0,125
1637.0,0,3,3,3,9,0,125
1638.0,1,3,5,5,14,0,125
1639.0,0,5,7,7,19,0,125
1640.0,0,5,9,6,20,0,125
1641.0,1,4,10,8,23,0,125
1642.0,1,3,13,7,24,0,125
1643.0,2,3,13,7,25,0,126
1644.0,0,3,13,8,24,0,126
1645.0,1,4,15,8,28,0,126
1646.0,1,4,16,8,29,0,126
1647.0,1,4,18,9,32,0,126
1648.0,1,5,18,9,33,0,126
1649.0,1,4,18,9,32,0,126
1650.0,2,3,19,9,33,0,126
1651.0,2,4,19,9,34,0,126
1652.0,2,3,20,10,35,0,126
1653.0,2,3,21,10,36,0,127
1654.0,2,3,18,7,30,0,127
1655.0,3,3,16,4,26,0,127
1656.0,2,3,13,2,20,0,127
1657.0,2,4,10,0,16,0,127
1658.0,3,5,7,0,15,0,127
1659.0,3,6,4,0,13,0,127
1660.0,3,6,2,0,11,0,127
1661.0,4,7,1,1,13,0,127
1662.0,3,8,0,0,11,0,127
1663.0,3,8,0,1,12,0,128
1664.0,2,6,0,1,9,0,128
1665.0,1,5,1,3,10,0,128
1666.0,2,7,1,3,13,0,128
1667.0,2,7,1,4,14,0,128
1668.0,2,6,1,4,13,0,128
1669.0,3,6,3,4,16,0,128
1670.0,2,5,4,5,16,0,128
1671.0,2,4,4,4,14,0,128
1672.0,2,4,6,5,17,0,128
1673.0,3,4,7,6,20,0,129
1674.0,1,5,8,6,20,0,129
1675.0,1,4,8,6,19,0,129
1676.0,0,3,11,6,20,0,129
1677.0,0,3,13,6,22,0,129
1678.0,0,2,15,7,24,0,129
1679.0,1,2,16,7,26,0,129
1680.0,0,2,17,8,27,0,129
1681.0,1,3,18,8,30,0,129
1682.0,2,3,18,8,31,0,129
1683.0,2,3,19,8,32,0,129
1684.0,2,3,18,9,32,0,129
1685.0,2,4,20,8,34,0,129
1686.0,2,3,20,8,33,0,129
1687.0,2,3,18,10,33,0,129
1688.0,2,3,19,9,33,0,130
1689.0,3,3,16,6,28,0,130
1690.0,3,3,14,6,26,0,130
1691.0,4,3,12,4,23,0,130
1692.0,3,3,10,1,17,0,130
1693.0,3,3,7,1,14,0,130
1694.0,3,3,6,1,13,0,130
1695.0,4,4,4,1,13,0,130
1696.0,4,4,2,1,11,0,130
1697.0,4,4,3,0,11,0,130
1698.0,4,5,2,2,13,0,131
1699.0,3,3,2,3,11,0,131
1700.0,1,3,4,5,13,0,131
1701.0,2,4,4,3,13,0,131
1702.0,2,3,5,5,15,0,131
1703.0,2,3,5,5,15,0,131
1704.0,2,4,6,5,17,0,131
1705.0,1,2,7,6,16,0,131
1706.0,1,3,5,4,13,0,131
1707.0,1,2,6,4,13,0,131
1708.0,1,2,7,6,16,0,132
1709.0,1,3,6,3,13,0,132
1710.0,1,3,4,3,11,0,132
1711.0,1,3,3,2,9,0,132
1712.0,1,4,2,0,7,0,132
1713.0,2,5,1,0,8,0,132
1714.0,2,5,1,1,9,0,132
1715.0,2,6,0,0,8,0,132
1716.0,2,7,0,1,10,0,132
1717.0,2,7,1,2,12,0,132
1718.0,3,7,2,2,14,0,133
1719.0,2,6,5,2,15,0,133
1720.0,2,6,5,3,16,0,133
1721.0,1,5,8,4,18,0,133
1722.0,3,5,10,4,22,0,133
1723.0,4,5,10,4,23,0,133
1724.0,2,5,13,4,24,0,133
1725.0,2,5,14,6,27,0,133
1726.0,1,5,13,5,24,0,133
1727.0,1,4,15,6,26,0,133
1728.0,1,3,15,6,25,0,133
1729.0,1,3,15,6,25,0,133
1730.0,1,3,16,7,27,0,133
1731.0,1,3,16,7,27,0,133
1732.0,1,3,18,7,29,0,133
1733.0,1,3,19,7,30,0,133
1734.0,1,4,19,7,31,0,133
1735.0,1,3,19,7,30,0,133
1736.0,1,3,19,8,31,0,133
1737.0,1,3,20,8,32,0,133
1738.0,1,3,20,8,32,0,134
1739.0,1,3,17,6,27,0,134
1740.0,1,4,15,4,24,0,134
1741.0,1,4,12,2,19,0,134
1742.0,1,5,9,0,15,0,134
1743.0,1,5,6,0,12,0,134
1744.0,2,5,3,0,10,0,134
1745.0,1,7,1,0,9,0,134
1746.0,1,7,0,0,8,0,134
1747.0,2,9,0,0,11,0,134
1748.0,2,9,1,0,12,0,135
1749.0,0,6,4,2,12,0,135
1750.0,0,5,4,2,11,0,135
1751.0,1,4,5,3,13,0,135
1752.0,0,3,7,3,13,0,135
1753.0,0,2,9,3,14,0,135
1754.0,0,1,10,3,14,0,135
1755.0,0,3,12,3,18,0,135
1756.0,0,3,16,4,23,0,135
1757.0,0,3,15,4,22,0,135
1758.0,0,4,17,4,25,0,136
1759.0,0,4,18,5,27,0,136
1760.0,0,4,19,4,27,0,136
1761.0,0,5,20,4,29,0,136
1762.0,0,4,20,6,30,0,136
1763.0,0,3,21,5,29,0,136
1764.0,0,2,21,5,28,0,136
1765.0,1,2,21,6,30,0,136
1766.0,1,2,21,6,30,0,136
1767.0,1,2,22,6,31,0,136
1768.0,2,2,22,7,33,0,137
1769.0,1,3,20,4,28,0,137
1770.0,1,4,17,2,24,0,137
1771.0,1,4,15,0,20,0,137
1772.0,1,4,13,0,18,0,137
1773.0,1,6,9,0,16,0,137
1774.0,1,5,6,0,12,0,137
1775.0,1,5,3,0,9,0,137
1776.0,1,6,1,0,8,0,137
1777.0,1,6,0,0,7,0,137
1778.0,1,5,0,0,6,0,138
1779.0,1,5,2,1,9,0,138
1780.0,0,4,2,1,7,0,138
1781.0,0,4,5,2,11,0,138
1782.0,0,5,5,2,12,0,138
1783.0,0,4,8,2,14,0,138
1784.0,0,4,12,3,19,0,138
1785.0,0,5,11,4,20,0,138
1786.0,0,5,14,3,22,0,138
1787.0,0,5,17,3,25,0,138
1788.0,1,5,18,3,27,0,139
1789.0,0,4,18,3,25,0,139
1790.0,1,5,18,3,27,0,139
1791.0,1,4,20,3,28,0,139
1792.0,2,4,21,3,30,0,139
1793.0,2,3,22,3,30,0,139
1794.0,2,2,22,3,29,0,139
1795.0,2,2,22,3,29,0,139
1796.0,2,1,22,5,30,0,139
1797.0,2,1,22,4,29,0,139
1798.0,2,2,22,4,30,0,139
1799.0,2,2,22,4,30,0,139
1800.0,3,1,23,4,31,0,139
1801.0,2,1,24,4,31,0,139
1802.0,3,1,24,4,32,0,139
1803.0,4,1,24,5,34,0,139
1804.0,3,1,25,5,34,0,139
1805.0,3,1,25,5,34,0,139
1806.0,4,1,26,5,36,0,139
1807.0,3,2,26,6,37,0,139
1808.0,3,3,26,6,38,0,140
1809.0,4,3,23,3,33,0,140
1810.0,3,3,20,2,28,0,140
1811.0,3,3,17,1,24,0,140
1812.0,4,3,14,0,21,0,140
1813.0,4,3,11,0,18,0,140
1814.0,4,3,8,0,15,0,140
1815.0,5,3,5,0,13,0,140
1816.0,4,3,2,0,9,0,140
1817.0,4,3,0,0,7,0,140
1818.0,5,3,0,0,8,0,141
1819.0,2,1,1,0,4,0,141
1820.0,1,0,1,2,4,0,141
1821.0,1,1,2,1,5,0,141
1822.0,0,0,3,1,4,0,141
1823.0,0,0,3,2,5,0,141
1824.0,0,0,4,1,5,0,141
1825.0,0,0,5,3,8,0,141
1826.0,0,1,6,2,9,0,141
1827.0,0,0,7,3,10,0,141
1828.0,0,0,8,3,11,0,141
1829.0,1,0,10,2,13,0,141
1830.0,0,1,9,2,12,0,141
1831.0,0,0,11,2,13,0,141
1832.0,0,1,10,2,13,0,141
1833.0,0,0,10,2,12,0,142
1834.0,0,0,6,1,7,0,142
1835.0,0,0,4,0,4,0,142
1836.0,1,0,2,1,4,0,142
1837.0,0,1,1,0,2,0,142
1838.0,1,1,1,0,3,0,142
1839.0,2,1,1,0,4,0,142
1840.0,1,3,1,0,5,0,142
1841.0,2,4,0,0,6,0,142
1842.0,2,4,0,0,6,0,142
1843.0,2,4,0,0,6,0,143
1844.0,2,5,1,0,8,0,143
1845.0,2,4,3,1,10,0,143
1846.0,3,4,2,0,9,0,143
1847.0,2,4,3,0,9,0,143
1848.0,2,5,3,0,10,0,143
1849.0,2,5,3,1,11,0,143
1850.0,2,4,4,1,11,0,143
1851.0,2,3,3,2,10,0,143
1852.0,3,3,3,2,11,0,143
1853.0,3,3,5,2,13,0,143
1854.0,3,3,6,2,14,0,143
1855.0,3,3,7,2,15,0,143
1856.0,3,2,6,2,13,0,143
1857.0,3,1,6,2,12,0,143
1858.0,4,0,7,3,14,0,143
1859.0,4,1,6,3,14,0,143
1860.0,5,1,6,4,16,0,143
1861.0,5,0,8,5,18,0,143
1862.0,5,0,8,4,17,0,143
1863.0,6,0,9,4,19,0,143
1864.0,5,0,10,4,19,0,143
1865.0,5,0,10,4,19,0,143
1866.0,5,0,13,4,22,0,143
1867.0,5,0,14,4,23,0,143
1868.0,5,0,15,5,25,0,143
1869.0,6,1,15,6,28,0,143
1870.0,6,1,15,6,28,0,143
1871.0,6,0,15,7,28,0,143
1872.0,6,0,16,7,29,0,143
1873.0,6,1,16,8,31,0,143
1874.0,6,0,18,8,32,0,143
1875.0,6,0,17,9,32,0,143
1876.0,6,0,17,8,31,0,143
1877.0,6,0,17,8,31,0,143
1878.0,7,0,17,8,32,0,143
1879.0,6,1,18,8,33,0,143
1880.0,6,0,19,10,35,0,143
1881.0,7,0,21,11,39,0,143
1882.0,6,0,21,12,39,0,143
1883.0,6,1,21,12,40,0,144
1884.0,7,1,18,11,37,0,144
1885.0,6,1,15,8,30,0,144
1886.0,6,1,12,7,26,0,144
1887.0,6,1,9,5,21,0,144
1888.0,7,2,6,3,18,0,144
1889.0,7,1,3,2,13,0,144
1890.0,7,1,2,1,11,0,144
1891.0,7,1,1,0,9,0,144
1892.0,7,1,0,0,8,0,144
1893.0,7,3,0,1,11,0,145
1894.0,5,1,2,1,9,0,145
1895.0,5,1,2,3,11,0,145
1896.0,4,1,4,3,12,0,145
1897.0,2,1,4,3,10,0,145
1898.0,2,1,6,4,13,0,145
1899.0,2,2,7,6,17,0,145
1900.0,3,1,8,6,18,0,145
1901.0,1,1,9,7,18,0,145
1902.0,1,1,10,9,21,0,145
1903.0,1,1,10,9,21,0,145
1904.0,1,1,11,11,24,0,145
1905.0,1,1,12,12,26,0,145
1906.0,2,1,14,14,31,0,145
1907.0,2,1,15,14,32,0,145
1908.0,3,1,15,14,33,0,146
1909.0,3,1,12,12,28,0,146
1910.0,3,3,10,8,24,0,146
1911.0,3,2,7,6,18,0,146
1912.0,4,2,5,4,15,0,146
1913.0,5,2,4,2,13,0,146
1914.0,4,2,3,1,10,0,146
1915.0,4,2,2,2,10,0,146
1916.0,4,2,1,1,8,0,146
1917.0,4,2,1,1,8,0,146
1918.0,4,3,0,2,9,0,147
1919.0,3,2,2,1,8,0,147
1920.0,3,0,2,3,8,0,147
1921.0,4,0,3,3,10,0,147
1922.0,3,0,3,6,12,0,147
1923.0,5,0,3,5,13,0,147
1924.0,4,0,4,5,13,0,147
1925.0,4,0,5,8,17,0,147
1926.0,4,0,5,7,16,0,147
1927.0,4,0,6,9,19,0,147
1928.0,4,1,6,10,21,0,147
1929.0,4,0,7,11,22,0,147
1930.0,4,0,9,12,25,0,147
1931.0,5,0,9,12,26,0,147
1932.0,4,0,10,14,28,0,147
1933.0,4,0,10,14,28,0,147
1934.0,4,1,10,15,30,0,147
1935.0,4,0,10,15,29,0,147
1936.0,6,0,11,16,33,0,147
1937.0,5,0,11,16,32,0,147
1938.0,5,0,12,16,33,0,148
1939.0,6,0,9,13,28,0,148
1940.0,5,0,7,11,23,0,148
1941.0,5,0,5,9,19,0,148
1942.0,6,0,4,7,17,0,148
1943.0,5,0,3,5,13,0,148
1944.0,5,1,2,3,11,0,148
1945.0,5,2,1,1,9,0,148
1946.0,6,1,0,0,7,0,148
1947.0,7,1,0,0,8,0,148
1948.0,7,1,0,1,9,0,149
1949.0,6,1,2,3,12,0,149
1950.0,6,1,5,2,14,0,149
1951.0,4,1,4,3,12,0,149
1952.0,3,2,5,5,15,0,149
1953.0,3,2,6,6,17,0,149
1954.0,3,3,7,6,19,0,149
1955.0,3,2,6,9,20,0,149
1956.0,3,2,7,9,21,0,149
1957.0,3,2,9,10,24,0,149
1958.0,3,2,9,12,26,0,150
1959.0,3,2,11,11,27,0,150
1960.0,2,1,9,13,25,0,150
1961.0,2,1,9,13,25,0,150
1962.0,2,1,9,15,27,0,150
1963.0,2,1,8,15,26,0,150
1964.0,3,1,8,16,28,0,150
1965.0,4,1,8,16,29,0,150
1966.0,5,2,9,16,32,0,150
1967.0,5,3,9,16,33,0,150
1968.0,5,3,10,17,35,0,151
1969.0,5,3,8,14,30,0,151
1970.0,5,4,7,11,27,0,151
1971.0,6,3,5,9,23,0,151
1972.0,5,3,5,7,20,0,151
1973.0,5,3,4,5,17,0,151
1974.0,7,4,3,4,18,0,151
1975.0,6,4,2,2,14,0,151
1976.0,6,4,1,0,11,0,151
1977.0,6,5,1,0,12,0,151
1978.0,6,6,0,0,12,0,152
1979.0,3,3,2,1,9,0,152
1980.0,2,1,2,2,7,0,152
1981.0,4,2,3,3,12,0,152
1982.0,0,1,3,4,8,0,152
1983.0,0,2,4,5,11,0,152
1984.0,1,1,5,6,13,0,152
1985.0,0,1,7,8,16,0,152
1986.0,0,2,7,9,18,0,152
1987.0,0,1,8,10,19,0,152
1988.0,0,2,11,12,25,0,153
1989.0,1,2,8,10,21,0,153
1990.0,0,2,7,8,17,0,153
1991.0,2,3,6,6,17,0,153
1992.0,2,3,5,4,14,0,153
1993.0,2,3,3,2,10,0,153
1994.0,2,4,2,2,10,0,153
1995.0,2,4,1,1,8,0,153
1996.0,2,5,0,0,7,0,153
1997.0,3,6,0,0,9,0,153
1998.0,3,6,0,0,9,0,154
1999.0,0,4,0,2,6,0,154
2000.0,2,3,2,4,11,0,154
2001.0,2,4,3,4,13,0,154
2002.0,0,3,4,5,12,0,154
2003.0,0,3,5,7,15,0,154
2004.0,0,3,5,8,16,0,154
2005.0,0,4,7,10,21,0,154
2006.0,0,3,9,11,23,0,154
2007.0,0,3,10,12,25,0,154
2008.0,0,3,11,12,26,0,155
2009.0,0,3,9,10,22,0,155
2010.0,1,4,6,8,19,0,155
2011.0,1,3,5,6,15,0,155
2012.0,1,3,4,4,12,0,155
2013.0,1,4,4,1,10,0,155
2014.0,1,4,3,0,8,0,155
2015.0,1,4,2,1,8,0,155
2016.0,1,5,2,0,8,0,155
2017.0,1,4,1,0,6,0,155
2018.0,1,4,0,0,5,0,156
2019.0,0,3,1,0,4,0,156
2020.0,0,3,1,1,5,0,156
2021.0,0,2,2,2,6,0,156
2022.0,0,1,3,3,7,0,156
2023.0,0,2,4,3,9,0,156
2024.0,0,1,4,4,9,0,156
2025.0,0,1,5,4,10,0,156
2026.0,0,2,7,5,14,0,156
2027.0,0,2,7,6,15,0,156
2028.0,0,2,8,6,16,0,156
2029.0,0,3,8,7,18,0,156
2030.0,0,3,10,6,19,0,156
2031.0,0,3,11,6,20,0,156
2032.0,0,4,11,6,21,0,156
2033.0,0,4,14,5,23,0,157
2034.0,0,2,12,5,19,0,157
2035.0,0,2,12,5,19,0,157
2036.0,0,1,12,6,19,0,157
2037.0,0,1,13,7,21,0,157
2038.0,0,1,15,7,23,0,157
2039.0,0,1,16,7,24,0,157
2040.0,0,1,15,8,24,0,157
2041.0,0,2,14,8,24,0,157
2042.0,0,1,14,8,23,0,157
2043.0,0,1,15,9,25,0,158
2044.0,0,1,14,8,23,0,158
2045.0,0,2,10,5,17,0,158
2046.0,0,2,9,4,15,0,158
2047.0,0,2,6,1,9,0,158
2048.0,1,2,4,0,7,0,158
2049.0,0,2,3,0,5,0,158
2050.0,0,2,1,0,3,0,158
2051.0,1,3,0,0,4,0,158
2052.0,0,2,0,0,2,0,158
2053.0,0,2,0,0,2,0,159
2054.0,0,1,0,0,1,0,159
2055.0,0,1,1,1,3,0,159
2056.0,0,1,3,1,5,0,159
2057.0,0,1,3,3,7,0,159
2058.0,0,2,4,5,11,0,159
2059.0,0,1,5,6,12,0,159
2060.0,0,2,7,6,15,0,159
2061.0,0,2,8,6,16,0,159
2062.0,0,3,9,7,19,0,159
2063.0,0,3,10,7,20,0,160
2064.0,0,4,7,5,16,0,160
2065.0,0,4,6,2,12,0,160
2066.0,0,6,3,0,9,0,160
2067.0,0,5,2,0,7,0,160
2068.0,0,6,1,1,8,0,160
2069.0,0,7,1,0,8,0,160
2070.0,0,7,1,0,8,0,160
2071.0,1,7,0,0,8,0,160
2072.0,2,9,0,0,11,0,160
2073.0,2,9,0,0,11,0,160
2074.0,2,9,0,0,11,0,160
2075.0,2,11,0,0,13,0,160
2076.0,3,9,1,0,13,0,160
2077.0,2,9,2,0,13,0,160
2078.0,2,10,1,0,13,0,161
2079.0,2,9,2,0,13,0,161
2080.0,2,9,2,0,13,0,161
2081.0,3,10,1,0,14,0,161
2082.0,2,12,3,0,17,0,161
2083.0,2,11,3,0,16,0,161
2084.0,2,10,4,0,16,0,161
2085.0,2,10,6,0,18,0,161
2086.0,2,7,6,0,15,0,161
2087.0,2,7,7,0,16,0,161
2088.0,2,7,8,0,17,0,161
2089.0,2,5,8,1,16,0,161
2090.0,3,4,10,0,17,0,161
2091.0,2,5,11,0,18,0,161
2092.0,2,2,11,0,15,0,161
2093.0,2,3,11,1,17,0,161
2094.0,2,2,11,1,16,0,161
2095.0,2,4,13,2,21,0,161
2096.0,2,4,14,1,21,0,161
2097.0,2,4,14,1,21,0,161
2098.0,3,4,15,1,23,0,161
2099.0,3,3,15,1,22,0,161
2100.0,3,3,16,1,23,0,161
2101.0,3,3,17,1,24,0,161
2102.0,3,3,17,2,25,0,161
2103.0,4,3,20,2,29,0,161
2104.0,4,3,20,3,30,0,161
2105.0,4,3,20,3,30,0,161
2106.0,4,4,20,3,31,0,161
2107.0,4,4,20,3,31,0,161
2108.0,4,4,21,3,32,0,161
2109.0,4,5,22,3,34,0,161
2110.0,4,4,20,3,31,0,161
2111.0,4,4,20,3,31,0,161
2112.0,4,4,20,4,32,0,161
2113.0,4,4,20,5,33,0,161
2114.0,4,5,21,6,36,0,161
2115.0,4,4,22,5,35,0,161
2116.0,4,4,22,5,35,0,161
2117.0,5,4,23,5,37,0,161
2118.0,5,4,23,6,38,0,161
2119.0,5,5,23,6,39,0,161
2120.0,5,4,23,7,39,0,161
2121.0,5,4,23,8,40,0,161
2122.0,5,5,23,7,40,0,161
2123.0,5,4,23,8,40,0,161
2124.0,5,5,23,9,42,0,161
2125.0,5,6,24,8,43,0,161
2126.0,5,5,24,8,42,0,161
2127.0,5,5,24,8,42,0,161
2128.0,6,6,24,8,44,0,161
2129.0,5,6,24,8,43,0,161
2130.0,5,6,25,9,45,0,161
2131.0,6,6,25,10,47,0,161
2132.0,5,6,25,10,46,0,161
2133.0,5,7,25,11,48,0,162
2134.0,6,7,22,9,44,0,162
2135.0,5,9,19,7,40,0,162
2136.0,5,9,17,6,37,0,162
2137.0,5,10,14,4,33,0,162
2138.0,5,11,11,2,29,0,162
2139.0,5,11,8,0,24,0,162
2140.0,5,13,6,0,24,0,162
2141.0,5,13,3,0,21,0,162
2142.0,5,12,1,0,18,0,162
2143.0,6,13,0,0,19,0,163
2144.0,2,11,2,2,17,0,163
2145.0,1,10,3,3,17,0,163
2146.0,2,8,4,4,18,0,163
2147.0,0,7,5,5,17,0,163
2148.0,0,6,8,7,21,0,163
2149.0,0,6,10,6,22,0,163
2150.0,0,6,11,6,23,0,163
2151.0,0,7,13,7,27,0,163
2152.0,0,7,15,7,29,0,163
2153.0,0,8,16,7,31,0,164
2154.0,0,10,14,4,28,0,164
2155.0,3,10,13,2,28,0,164
2156.0,2,12,11,2,27,0,164
2157.0,3,13,10,0,26,0,164
2158.0,3,14,8,1,26,0,164
2159.0,3,14,6,1,24,0,164
2160.0,3,14,3,0,20,0,164
2161.0,3,14,1,1,19,0,164
2162.0,3,14,0,0,17,0,164
2163.0,3,14,1,0,18,0,165
2164.0,3,13,2,0,18,0,165
2165.0,3,12,3,1,19,0,165
2166.0,3,12,4,1,20,0,165
2167.0,3,11,5,2,21,0,165
2168.0,4,9,6,2,21,0,165
2169.0,3,8,7,2,20,0,165
2170.0,3,8,8,3,22,0,165
2171.0,3,7,11,3,24,0,165
2172.0,3,6,12,4,25,0,165
2173.0,3,6,13,4,26,0,165
2174.0,3,6,14,4,27,0,165
2175.0,4,6,15,4,29,0,165
2176.0,5,6,17,4,32,0,165
2177.0,4,6,18,4,32,0,165
2178.0,4,4,20,3,31,0,165
2179.0,4,4,20,3,31,0,165
2180.0,4,6,21,4,35,0,165
2181.0,5,6,21,5,37,0,165
2182.0,4,5,22,5,36,0,165
2183.0,4,5,22,4,35,0,165
2184.0,5,5,23,6,39,0,165
2185.0,4,5,24,6,39,0,165
2186.0,5,6,25,6,42,0,165
2187.0,5,6,24,7,42,0,165
2188.0,5,6,24,8,43,0,165
2189.0,5,6,24,7,42,0,165
2190.0,5,6,24,7,42,0,165
2191.0,5,6,25,8,44,0,165
2192.0,5,6,25,9,45,0,165
2193.0,5,6,25,10,46,0,165
2194.0,5,6,26,9,46,0,165
2195.0,5,6,26,9,46,0,165
2196.0,7,6,26,10,49,0,165
2197.0,6,6,26,11,49,0,165
2198.0,6,7,26,11,50,0,166
2199.0,6,6,23,10,45,0,166
2200.0,6,6,20,8,40,0,166
2201.0,6,6,17,6,35,0,166
2202.0,7,6,14,4,31,0,166
2203.0,7,6,11,3,27,0,166
2204.0,7,6,8,2,23,0,166
2205.0,7,6,5,1,19,0,166
2206.0,7,8,2,0,17,0,166
2207.0,8,8,1,1,18,0,166
2208.0,8,10,0,1,19,0,167
2209.0,7,9,1,2,19,0,167
2210.0,6,7,2,3,18,0,167
2211.0,5,6,3,4,18,0,167
2212.0,4,4,5,6,19,0,167
2213.0,3,4,5,7,19,0,167
2214.0,2,3,6,8,19,0,167
2215.0,2,4,8,9,23,0,167
2216.0,2,4,10,11,27,0,167
2217.0,2,4,11,10,27,0,167
2218.0,2,4,11,10,27,0,168
2219.0,3,4,12,10,29,0,168
2220.0,1,3,12,11,27,0,168
2221.0,2,2,14,12,30,0,168
2222.0,2,2,15,12,31,0,168
2223.0,3,2,15,12,32,0,168
2224.0,4,2,15,12,33,0,168
2225.0,4,2,15,12,33,0,168
2226.0,4,2,16,14,36,0,168
2227.0,5,3,17,14,39,0,168
2228.0,4,3,18,14,39,0,168
2229.0,4,4,18,14,40,0,168
2230.0,5,4,19,14,42,0,168
2231.0,5,4,19,15,43,0,168
2232.0,5,5,19,16,45,0,168
2233.0,5,5,20,16,46,0,169
2234.0,5,5,17,13,40,0,169
2235.0,5,5,14,10,34,0,169
2236.0,5,5,11,7,28,0,169
2237.0,5,6,8,4,23,0,169
2238.0,5,6,5,3,19,0,169
2239.0,6,6,3,1,16,0,169
2240.0,5,6,2,0,13,0,169
2241.0,6,6,1,1,14,0,169
2242.0,6,7,0,1,14,0,169
2243.0,7,7,0,1,15,0,170
2244.0,6,5,1,2,14,0,170
2245.0,5,4,1,3,13,0,170
2246.0,5,3,3,3,14,0,170
2247.0,3,2,3,4,12,0,170
2248.0,2,2,4,5,13,0,170
2249.0,1,2,6,6,15,0,170
2250.0,0,2,6,6,14,0,170
2251.0,0,2,8,7,17,0,170
2252.0,0,2,8,7,17,0,170
2253.0,0,2,8,7,17,0,171
2254.0,0,1,9,7,17,0,171
2255.0,1,0,9,8,18,0,171
2256.0,1,0,12,9,22,0,171
2257.0,1,0,12,8,21,0,171
2258.0,2,1,14,8,25,0,171
2259.0,3,1,14,8,26,0,171
2260.0,4,1,14,8,27,0,171
2261.0,4,1,14,8,27,0,171
2262.0,5,1,14,8,28,0,171
2263.0,5,2,15,10,32,0,171
2264.0,5,1,16,11,33,0,171
2265.0,5,1,17,11,34,0,171
2266.0,5,1,17,12,35,0,171
2267.0,6,1,17,12,36,0,171
2268.0,6,1,17,13,37,0,172
2269.0,6,1,15,11,33,0,172
2270.0,6,3,12,7,28,0,172
2271.0,6,4,9,6,25,0,172
2272.0,6,4,6,3,19,0,172
2273.0,7,6,4,1,18,0,172
2274.0,6,5,3,0,14,0,172
2275.0,6,5,2,0,13,0,172
2276.0,6,6,1,0,13,0,172
2277.0,6,6,0,0,12,0,172
2278.0,6,6,0,1,13,0,173
2279.0,5,4,0,0,9,0,173
2280.0,4,4,2,1,11,0,173
2281.0,3,3,3,3,12,0,173
2282.0,2,3,2,3,10,0,173
2283.0,1,5,3,5,14,0,173
2284.0,0,5,5,6,16,0,173
2285.0,0,5,7,7,19,0,173
2286.0,0,5,8,10,23,0,173
2287.0,0,4,8,9,21,0,173
2288.0,0,4,10,12,26,0,174
2289.0,1,4,10,12,27,0,174
2290.0,1,4,11,13,29,0,174
2291.0,2,2,12,14,30,0,174
2292.0,2,1,12,14,29,0,174
2293.0,3,2,11,14,30,0,174
2294.0,4,2,13,15,34,0,174
2295.0,5,2,14,14,35,0,174
2296.0,4,3,14,14,35,0,174
2297.0,4,2,16,14,36,0,174
2298.0,4,3,16,14,37,0,174
2299.0,4,2,16,15,37,0,174
2300.0,4,2,18,15,39,0,174
2301.0,4,2,19,16,41,0,174
2302.0,4,3,20,17,44,0,174
2303.0,4,3,21,17,45,0,175
2304.0,4,4,18,15,41,0,175
2305.0,4,3,15,12,34,0,175
2306.0,4,3,13,10,30,0,175
2307.0,4,6,9,8,27,0,175
2308.0,4,5,6,6,21,0,175
2309.0,4,5,3,5,17,0,175
2310.0,4,7,2,3,16,0,175
2311.0,5,7,0,1,13,0,175
2312.0,5,6,0,0,11,0,175
2313.0,5,6,0,0,11,0,176
2314.0,3,5,1,0,9,0,176
2315.0,3,4,2,1,10,0,176
2316.0,2,4,5,2,13,0,176
2317.0,1,2,5,2,10,0,176
2318.0,0,2,6,2,10,0,176
2319.0,0,2,8,4,14,0,176
2320.0,0,4,8,6,18,0,176
2321.0,0,3,12,8,23,0,176
2322.0,0,3,11,9,23,0,176
2323.0,0,4,13,11,28,0,177
2324.0,0,3,14,12,29,0,177
2325.0,1,3,14,12,30,0,177
2326.0,1,2,16,14,33,0,177
2327.0,1,2,17,14,34,0,177
2328.0,2,1,17,14,34,0,177
2329.0,2,2,17,14,35,0,177
2330.0,2,2,17,15,36,0,177
2331.0,2,3,18,15,38,0,177
2332.0,2,3,20,15,40,0,177
2333.0,2,4,20,15,41,0,178
2334.0,2,4,18,13,37,0,178
2335.0,2,5,15,12,34,0,178
2336.0,2,5,12,10,29,0,178
2337.0,2,5,10,10,27,0,178
2338.0,2,6,7,8,23,0,178
2339.0,3,6,7,6,22,0,178
2340.0,2,7,6,4,19,0,178
2341.0,2,8,4,2,16,0,178
2342.0,2,8,2,1,13,0,178
2343.0,2,8,1,0,11,0,178
2344.0,2,9,1,0,12,0,178
2345.0,2,9,1,1,13,0,178
2346.0,2,9,2,0,13,0,178
2347.0,2,9,2,2,15,0,178
2348.0,2,9,4,0,15,0,179
2349.0,2,8,4,0,14,0,179
2350.0,0,6,5,1,12,0,179
2351.0,0,6,6,2,14,0,179
2352.0,0,7,6,3,16,0,179
2353.0,0,7,7,5,19,0,179
2354.0,1,7,5,5,18,0,179
2355.0,0,6,8,7,21,0,179
2356.0,0,5,7,9,21,0,179
2357.0,0,5,8,10,23,0,179
2358.0,0,5,10,10,25,0,180
2359.0,0,4,9,11,24,0,180
2360.0,1,3,12,11,27,0,180
2361.0,0,3,12,12,27,0,180
2362.0,0,3,12,14,29,0,180
2363.0,0,2,14,13,29,0,180
2364.0,1,2,15,13,31,0,180
2365.0,1,2,17,14,34,0,180
2366.0,1,3,18,14,36,0,180
2367.0,1,2,20,14,37,0,180
2368.0,1,2,20,14,37,0,180
2369.0,1,2,21,14,38,0,180
2370.0,1,2,23,16,42,0,180
2371.0,1,2,24,17,44,0,180
2372.0,2,2,25,17,46,0,180
2373.0,3,2,25,17,47,0,181
2374.0,2,4,22,14,42,0,181
2375.0,2,4,20,11,37,0,181
2376.0,2,4,17,8,31,0,181
2377.0,2,4,14,6,26,0,181
2378.0,2,4,11,4,21,0,181
2379.0,2,5,8,3,18,0,181
2380.0,2,6,5,0,13,0,181
2381.0,3,5,2,0,10,0,181
2382.0,4,5,0,0,9,0,181
2383.0,4,7,0,0,11,0,181
2384.0,4,6,0,0,10,0,181
2385.0,5,6,0,0,11,0,181
2386.0,4,7,0,0,11,0,181
2387.0,4,7,1,0,12,0,181
2388.0,4,8,2,0,14,0,182
2389.0,2,7,3,0,12,0,182
2390.0,2,7,4,1,14,0,182
2391.0,1,5,5,2,13,0,182
2392.0,1,6,6,2,15,0,182
2393.0,1,7,7,2,17,0,182
2394.0,0,6,8,3,17,0,182
2395.0,1,5,9,3,18,0,182
2396.0,0,5,11,4,20,0,182
2397.0,0,4,12,3,19,0,182
2398.0,1,4,13,3,21,0,182
2399.0,0,5,15,3,23,0,182
2400.0,1,4,16,4,25,0,182
2401.0,0,4,18,5,27,0,182
2402.0,0,5,18,5,28,0,182
2403.0,0,4,18,6,28,0,183
2404.0,0,5,16,3,24,0,183
2405.0,0,4,13,1,18,0,183
2406.0,1,4,12,0,17,0,183
2407.0,0,5,10,0,15,0,183
2408.0,1,5,8,0,14,0,183
2409.0,1,5,5,0,11,0,183
2410.0,1,7,3,0,11,0,183
2411.0,1,7,1,1,10,0,183
2412.0,1,8,0,0,9,0,183
2413.0,2,8,0,0,10,0,184
2414.0,1,7,2,0,10,0,184
2415.0,1,6,3,0,10,0,184
2416.0,2,8,4,0,14,0,184
2417.0,2,8,6,0,16,0,184
2418.0,3,8,7,0,18,0,184
2419.0,2,7,7,0,16,0,184
2420.0,2,6,9,1,18,0,184
2421.0,2,5,11,1,19,0,184
2422.0,2,5,13,1,21,0,184
2423.0,2,5,15,1,23,0,184
2424.0,2,5,16,1,24,0,184
2425.0,2,4,17,1,24,0,184
2426.0,2,3,19,2,26,0,184
2427.0,2,3,19,2,26,0,184
2428.0,3,4,19,2,28,0,184
2429.0,3,5,19,2,29,0,184
2430.0,3,5,19,2,29,0,184
2431.0,3,5,19,2,29,0,184
2432.0,3,5,19,3,30,0,184
2433.0,3,5,19,3,30,0,184
2434.0,5,6,19,4,34,0,184
2435.0,4,6,20,3,33,0,184
2436.0,4,6,20,3,33,0,184
2437.0,6,6,21,3,36,0,184
2438.0,5,6,22,3,36,0,185
2439.0,5,7,19,1,32,0,185
2440.0,5,6,16,0,27,0,185
2441.0,5,7,13,0,25,0,185
2442.0,5,6,10,0,21,0,185
2443.0,5,6,8,0,19,0,185
2444.0,5,6,6,0,17,0,185
2445.0,5,6,4,1,16,0,185
2446.0,5,7,1,0,13,0,185
2447.0,5,6,0,0,11,0,185
2448.0,5,7,0,0,12,0,186
2449.0,4,5,1,0,10,0,186
2450.0,3,4,2,0,9,0,186
2451.0,2,4,2,1,9,0,186
2452.0,1,4,4,0,9,0,186
2453.0,0,4,7,0,11,0,186
2454.0,0,4,8,0,12,0,186
2455.0,0,4,10,0,14,0,186
2456.0,0,4,11,1,16,0,186
2457.0,0,4,15,0,19,0,186
2458.0,0,4,14,1,19,0,187
2459.0,0,4,15,1,20,0,187
2460.0,0,3,16,1,20,0,187
2461.0,1,4,18,1,24,0,187
2462.0,1,3,19,1,24,0,187
2463.0,2,3,20,3,28,0,187
2464.0,3,2,20,3,28,0,187
2465.0,4,2,20,3,29,0,187
2466.0,4,2,21,3,30,0,187
2467.0,4,2,22,4,32,0,187
2468.0,4,3,22,5,34,0,187
2469.0,4,2,22,6,34,0,187
2470.0,5,2,22,6,35,0,187
2471.0,4,3,23,7,37,0,187
2472.0,4,4,22,6,36,0,187
2473.0,4,3,22,6,35,0,188
2474.0,4,4,19,3,30,0,188
2475.0,4,5,17,3,29,0,188
2476.0,5,4,15,2,26,0,188
2477.0,4,4,13,1,22,0,188
2478.0,4,4,10,0,18,0,188
2479.0,4,4,8,0,16,0,188
2480.0,4,5,5,0,14,0,188
2481.0,4,5,2,0,11,0,188
2482.0,4,6,0,0,10,0,188
2483.0,4,7,0,2,13,0,189
2484.0,3,6,2,1,12,0,189
2485.0,2,5,2,1,10,0,189
2486.0,1,4,2,3,10,0,189
2487.0,0,4,6,2,12,0,189
2488.0,0,4,8,3,15,0,189
2489.0,0,4,9,3,16,0,189
2490.0,0,5,11,4,20,0,189
2491.0,0,4,12,5,21,0,189
2492.0,0,4,14,7,25,0,189
2493.0,0,4,17,6,27,0,190
2494.0,0,3,19,6,28,0,190
2495.0,1,2,18,7,28,0,190
2496.0,1,3,19,7,30,0,190
2497.0,1,2,20,8,31,0,190
2498.0,2,2,21,9,34,0,190
2499.0,3,3,22,8,36,0,190
2500.0,3,3,22,8,36,0,190
2501.0,3,3,22,9,37,0,190
2502.0,3,3,23,8,37,0,190
2503.0,3,4,23,8,38,0,191
2504.0,3,4,20,7,34,0,191
2505.0,3,5,17,5,30,0,191
2506.0,3,7,14,3,27,0,191
2507.0,3,7,11,2,23,0,191
2508.0,3,6,8,0,17,0,191
2509.0,3,6,6,0,15,0,191
2510.0,3,8,4,0,15,0,191
2511.0,3,7,2,0,12,0,191
2512.0,3,8,1,1,13,0,191
2513.0,3,8,2,2,15,0,192
2514.0,2,6,2,2,12,0,192
2515.0,1,5,4,3,13,0,192
2516.0,0,5,4,3,12,0,192
2517.0,0,6,7,5,18,0,192
2518.0,1,6,8,5,20,0,192
2519.0,0,5,10,6,21,0,192
2520.0,0,6,12,6,24,0,192
2521.0,0,6,13,6,25,0,192
2522.0,0,6,13,8,27,0,192
2523.0,0,6,14,8,28,0,193
2524.0,0,7,11,6,24,0,193
2525.0,0,7,12,3,22,0,193
2526.0,0,7,10,1,18,0,193
2527.0,0,9,7,0,16,0,193
2528.0,0,10,5,0,15,0,193
2529.0,0,11,3,0,14,0,193
2530.0,1,10,1,0,12,0,193
2531.0,0,12,0,0,12,0,193
2532.0,0,13,0,0,13,0,193
2533.0,0,12,0,0,12,0,194
2534.0,1,12,0,1,14,0,194
2535.0,0,11,1,1,13,0,194
2536.0,0,10,3,1,14,0,194
2537.0,0,11,5,2,18,0,194
2538.0,0,9,6,3,18,0,194
2539.0,1,10,8,3,22,0,194
2540.0,1,9,10,3,23,0,194
2541.0,1,8,13,4,26,0,194
2542.0,1,7,13,3,24,0,194
2543.0,1,7,13,4,25,0,194
2544.0,1,8,13,5,27,0,194
2545.0,1,8,14,3,26,0,194
2546.0,1,7,16,3,27,0,194
2547.0,1,5,16,4,26,0,194
2548.0,1,6,16,3,26,0,195
2549.0,1,6,15,2,24,0,195
2550.0,1,7,10,1,19,0,195
2551.0,2,10,7,0,19,0,195
2552.0,2,11,6,0,19,0,195
2553.0,2,10,4,1,17,0,195
2554.0,3,10,2,0,15,0,195
2555.0,2,10,1,0,13,0,195
2556.0,3,10,0,0,13,0,195
2557.0,3,11,0,1,15,0,195
2558.0,3,13,0,2,18,0,196
2559.0,1,12,0,1,14,0,196
2560.0,1,9,1,3,14,0,196
2561.0,2,10,3,2,17,0,196
2562.0,2,13,4,3,22,0,196
2563.0,1,11,4,4,20,0,196
2564.0,1,11,6,5,23,0,196
2565.0,1,12,7,5,25,0,196
2566.0,1,11,8,7,27,0,196
2567.0,1,12,9,7,29,0,196
2568.0,1,11,7,7,26,0,197
2569.0,0,13,5,8,26,0,197
2570.0,0,14,5,9,28,0,197
2571.0,0,13,6,9,28,0,197
2572.0,0,13,6,9,28,0,197
2573.0,0,10,9,9,28,0,197
2574.0,0,12,9,10,31,0,197
2575.0,0,11,10,9,30,0,197
2576.0,1,8,12,9,30,0,197
2577.0,1,9,12,9,31,0,197
2578.0,1,10,13,9,33,0,198
2579.0,1,11,10,7,29,0,198
2580.0,1,10,9,5,25,0,198
2581.0,1,10,7,3,21,0,198
2582.0,1,12,4,1,18,0,198
2583.0,1,11,3,0,15,0,198
2584.0,1,13,2,0,16,0,198
2585.0,1,14,1,0,16,0,198
2586.0,2,14,0,0,16,0,198
2587.0,1,15,0,0,16,0,198
2588.0,1,15,0,0,16,0,198
2589.0,1,15,0,0,16,0,198
2590.0,1,16,1,1,19,0,198
2591.0,1,17,1,0,19,0,198
2592.0,1,17,2,0,20,0,198
2593.0,1,15,1,2,19,0,199
2594.0,0,12,2,1,15,0,199
2595.0,0,11,2,1,14,0,199
2596.0,0,11,2,1,14,0,199
2597.0,0,12,4,1,17,0,199
2598.0,0,12,3,1,16,0,199
2599.0,0,13,3,1,17,0,199
2600.0,0,14,4,1,19,0,199
2601.0,0,14,3,3,20,0,199
2602.0,0,14,3,2,19,0,199
2603.0,0,13,5,2,20,0,200
2604.0,0,11,4,4,19,0,200
2605.0,0,7,4,5,16,0,200
2606.0,0,5,5,5,15,0,200
2607.0,0,3,5,5,13,0,200
2608.0,1,5,7,5,18,0,200
2609.0,1,4,6,6,17,0,200
2610.0,1,6,6,5,18,0,200
2611.0,1,4,7,5,17,0,200
2612.0,1,3,6,6,16,0,200
2613.0,1,7,6,6,20,0,200
2614.0,1,8,7,7,23,0,200
2615.0,1,7,7,7,22,0,200
2616.0,1,7,8,7,23,0,200
2617.0,1,7,10,7,25,0,200
2618.0,1,7,11,8,27,0,200
2619.0,2,7,11,8,28,0,200
2620.0,1,5,13,9,28,0,200
2621.0,1,6,14,10,31,0,200
2622.0,2,6,13,9,30,0,200
2623.0,1,5,13,9,28,0,201
2624.0,1,6,10,7,24,0,201
2625.0,2,6,8,5,21,0,201
2626.0,1,6,7,4,18,0,201
2627.0,1,9,6,2,18,0,201
2628.0,1,6,4,1,12,0,201
2629.0,1,6,2,0,9,0,201
2630.0,2,8,1,1,12,0,201
2631.0,2,9,0,0,11,0,201
2632.0,2,8,0,0,10,0,201
2633.0,2,10,0,0,12,0,201
2634.0,2,8,1,0,11,0,201
2635.0,2,8,0,1,11,0,201
2636.0,2,10,0,0,12,0,201
2637.0,2,9,0,0,11,0,201
2638.0,2,9,0,0,11,0,202
2639.0,1,11,0,0,12,0,202
2640.0,0,11,2,0,13,0,202
2641.0,0,12,2,1,15,0,202
2642.0,0,14,3,1,18,0,202
2643.0,0,15,4,1,20,0,202
2644.0,0,14,5,2,21,0,202
2645.0,0,14,7,2,23,0,202
2646.0,0,12,7,3,22,0,202
2647.0,0,11,7,2,20,0,202
2648.0,0,13,9,2,24,0,203
2649.0,1,12,8,2,23,0,203
2650.0,2,13,8,2,25,0,203
2651.0,2,13,9,2,26,0,203
2652.0,2,11,11,2,26,0,203
2653.0,3,10,10,2,25,0,203
2654.0,3,6,11,2,22,0,203
2655.0,3,6,11,4,24,0,203
2656.0,3,6,12,4,25,0,203
2657.0,3,7,12,4,26,0,203
2658.0,3,8,12,4,27,0,204
2659.0,3,9,11,1,24,0,204
2660.0,3,9,10,1,23,0,204
2661.0,4,8,8,0,20,0,204
2662.0,3,9,6,0,18,0,204
2663.0,3,7,4,0,14,0,204
2664.0,4,6,3,0,13,0,204
2665.0,3,8,2,0,13,0,204
2666.0,3,8,1,0,12,0,204
2667.0,3,8,0,0,11,0,204
2668.0,3,9,0,0,12,0,204
2669.0,3,10,0,0,13,0,204
2670.0,3,10,0,1,14,0,204
2671.0,3,12,1,0,16,0,204
2672.0,4,13,0,0,17,0,204
2673.0,4,12,0,0,16,0,205
2674.0,4,11,1,0,16,0,205
2675.0,4,13,1,0,18,0,205
2676.0,4,11,2,0,17,0,205
2677.0,4,10,4,1,19,0,205
2678.0,4,11,3,0,18,0,205
2679.0,4,10,4,0,18,0,205
2680.0,5,10,5,1,21,0,205
2681.0,5,12,4,1,22,0,205
2682.0,5,11,5,1,22,0,205
2683.0,6,12,7,2,27,0,205
2684.0,5,11,6,3,25,0,205
2685.0,5,12,7,2,26,0,205
2686.0,6,10,9,3,28,0,205
2687.0,6,11,8,3,28,0,205
2688.0,6,11,8,3,28,0,205
2689.0,6,10,8,3,27,0,205
2690.0,6,7,10,4,27,0,205
2691.0,6,8,10,5,29,0,205
2692.0,6,9,10,6,31,0,205
2693.0,6,10,10,7,33,0,206
2694.0,6,7,9,4,26,0,206
2695.0,7,5,7,3,22,0,206
2696.0,6,7,4,2,19,0,206
2697.0,6,7,4,1,18,0,206
2698.0,6,10,3,1,20,0,206
2699.0,6,10,2,0,18,0,206
2700.0,6,12,1,0,19,0,206
2701.0,6,12,0,1,19,0,206
2702.0,6,13,0,1,20,0,206
2703.0,6,13,1,1,21,0,207
2704.0,4,13,0,2,19,0,207
2705.0,3,13,1,3,20,0,207
2706.0,2,12,1,3,18,0,207
2707.0,1,12,3,5,21,0,207
2708.0,1,10,4,6,21,0,207
2709.0,0,11,3,7,21,0,207
2710.0,0,11,4,6,21,0,207
2711.0,1,9,5,6,21,0,207
2712.0,0,11,5,8,24,0,207
2713.0,0,9,5,9,23,0,208
2714.0,0,9,6,10,25,0,208
2715.0,1,8,6,10,25,0,208
2716.0,1,9,7,11,28,0,208
2717.0,2,9,9,10,30,0,208
2718.0,2,9,8,11,30,0,208
2719.0,3,8,9,11,31,0,208
2720.0,3,8,11,11,33,0,208
2721.0,3,7,12,12,34,0,208
2722.0,3,7,11,11,32,0,208
2723.0,3,5,14,11,33,0,209
2724.0,3,6,10,9,28,0,209
2725.0,3,9,8,8,28,0,209
2726.0,3,10,5,5,23,0,209
2727.0,4,10,5,3,22,0,209
2728.0,4,9,4,2,19,0,209
2729.0,4,11,2,1,18,0,209
2730.0,4,11,2,1,18,0,209
2731.0,5,10,0,1,16,0,209
2732.0,5,9,1,0,15,0,209
2733.0,5,10,1,0,16,0,210
2734.0,4,10,2,1,17,0,210
2735.0,3,10,3,3,19,0,210
2736.0,2,10,3,3,18,0,210
2737.0,1,12,4,3,20,0,210
2738.0,1,10,7,5,23,0,210
2739.0,0,11,6,7,24,0,210
2740.0,0,11,8,9,28,0,210
2741.0,0,12,9,10,31,0,210
2742.0,0,13,11,10,34,0,210
2743.0,0,14,14,10,38,0,211
2744.0,1,13,15,10,39,0,211
2745.0,2,13,16,10,41,0,211
2746.0,2,13,16,10,41,0,211
2747.0,2,11,18,11,42,0,211
2748.0,3,9,18,11,41,0,211
2749.0,2,6,20,11,39,0,211
2750.0,2,5,20,11,38,0,211
2751.0,2,8,22,11,43,0,211
2752.0,2,4,21,11,38,0,211
2753.0,2,3,22,11,38,0,212
2754.0,3,7,19,8,37,0,212
2755.0,2,9,16,6,33,0,212
2756.0,2,10,14,5,31,0,212
2757.0,2,11,11,3,27,0,212
2758.0,2,13,9,1,25,0,212
2759.0,3,13,6,0,22,0,212
2760.0,3,14,4,0,21,0,212
2761.0,3,16,3,0,22,0,212
2762.0,3,17,3,0,23,0,212
2763.0,3,17,3,2,25,0,213
2764.0,2,16,2,1,21,0,213
2765.0,1,16,2,2,21,0,213
2766.0,2,15,2,3,22,0,213
2767.0,0,17,3,3,23,0,213
2768.0,0,17,3,4,24,0,213
2769.0,1,15,5,4,25,0,213
2770.0,0,13,7,5,25,0,213
2771.0,0,12,7,8,27,0,213
2772.0,0,11,8,7,26,0,213
2773.0,0,11,10,7,28,0,213
2774.0,0,10,11,8,29,0,213
2775.0,0,10,14,9,33,0,213
2776.0,1,9,15,9,34,0,213
2777.0,1,10,17,9,37,0,213
2778.0,2,9,17,10,38,0,214
2779.0,1,9,15,8,33,0,214
2780.0,1,10,13,6,30,0,214
2781.0,1,10,11,5,27,0,214
2782.0,1,10,9,2,22,0,214
2783.0,1,11,6,1,19,0,214
2784.0,1,10,3,1,15,0,214
2785.0,1,12,2,2,17,0,214
2786.0,1,13,0,0,14,0,214
2787.0,1,14,0,0,15,0,214
2788.0,1,16,0,1,18,0,214
2789.0,2,18,0,2,22,0,214
2790.0,2,17,0,0,19,0,214
2791.0,3,19,2,1,25,0,214
2792.0,2,18,2,0,22,0,214
2793.0,3,21,4,0,28,0,215
2794.0,2,18,6,0,26,0,215
2795.0,2,19,5,1,27,0,215
2796.0,3,18,6,2,29,0,215
2797.0,3,17,7,4,31,0,215
2798.0,3,17,6,5,31,0,215
2799.0,3,18,7,5,33,0,215
2800.0,2,17,6,6,31,0,215
2801.0,2,18,7,7,34,0,215
2802.0,2,18,9,7,36,0,215
2803.0,2,19,9,7,37,0,216
2804.0,1,18,10,9,38,0,216
2805.0,0,18,12,8,38,0,216
2806.0,0,17,13,8,38,0,216
2807.0,0,15,14,8,37,0,216
2808.0,0,14,17,9,40,0,216
2809.0,0,12,18,9,39,0,216
2810.0,0,11,19,10,40,0,216
2811.0,0,11,19,10,40,0,216
2812.0,0,9,20,10,39,0,216
2813.0,1,11,21,9,42,0,216
2814.0,1,12,22,9,44,0,216
2815.0,1,12,22,9,44,0,216
2816.0,1,13,24,10,48,0,216
2817.0,1,14,24,10,49,0,216
2818.0,1,12,24,10,47,0,216
2819.0,1,9,24,11,45,0,216
2820.0,1,7,25,12,45,0,216
2821.0,2,9,25,13,49,0,216
2822.0,1,8,25,13,47,0,216
2823.0,1,8,25,14,48,0,217
2824.0,2,9,22,11,44,0,217
2825.0,1,10,19,9,39,0,217
2826.0,2,11,17,7,37,0,217
2827.0,1,10,14,5,30,0,217
2828.0,1,11,11,3,26,0,217
2829.0,2,9,8,1,20,0,217
2830.0,1,8,5,0,14,0,217
2831.0,1,8,2,0,11,0,217
2832.0,2,10,1,0,13,0,217
2833.0,1,10,0,1,12,0,217
2834.0,1,11,0,0,12,0,217
2835.0,1,10,1,0,12,0,217
2836.0,2,12,1,1,16,0,217
2837.0,2,14,2,1,19,0,217
2838.0,2,14,2,0,18,0,217
2839.0,3,15,3,0,21,0,217
2840.0,2,15,3,1,21,0,217
2841.0,3,14,4,0,21,0,217
2842.0,3,13,5,0,21,0,217
2843.0,3,12,5,0,20,0,218
2844.0,3,10,6,1,20,0,218
2845.0,4,9,6,0,19,0,218
2846.0,4,9,6,1,20,0,218
2847.0,4,9,8,1,22,0,218
2848.0,4,12,7,2,25,0,218
2849.0,4,11,8,3,26,0,218
2850.0,4,10,10,3,27,0,218
2851.0,5,9,10,4,28,0,218
2852.0,5,12,11,6,34,0,218
2853.0,5,13,14,6,38,0,219
2854.0,5,14,13,4,36,0,219
2855.0,5,14,10,3,32,0,219
2856.0,7,15,7,0,29,0,219
2857.0,6,16,6,0,28,0,219
2858.0,6,16,4,1,27,0,219
2859.0,6,17,2,0,25,0,219
2860.0,7,18,1,0,26,0,219
2861.0,7,17,0,1,25,0,219
2862.0,7,17,0,0,24,0,219
2863.0,8,16,0,0,24,0,220
2864.0,5,13,1,0,19,0,220
2865.0,4,16,2,0,22,0,220
2866.0,4,15,4,0,23,0,220
2867.0,5,15,3,1,24,0,220
2868.0,5,15,3,2,25,0,220
2869.0,5,15,4,2,26,0,220
2870.0,3,15,6,2,26,0,220
2871.0,2,14,6,3,25,0,220
2872.0,2,12,8,3,25,0,220
2873.0,2,14,10,3,29,0,221
2874.0,1,13,10,3,27,0,221
2875.0,1,12,11,3,27,0,221
2876.0,1,14,13,3,31,0,221
2877.0,1,11,12,3,27,0,221
2878.0,1,10,13,3,27,0,221
2879.0,1,9,14,3,27,0,221
2880.0,2,9,14,3,28,0,221
2881.0,2,12,16,3,33,0,221
2882.0,2,13,15,3,33,0,221
2883.0,2,13,17,4,36,0,221
2884.0,2,12,16,3,33,0,221
2885.0,2,11,17,4,34,0,221
2886.0,2,11,17,3,33,0,221
2887.0,2,9,17,3,31,0,221
2888.0,2,7,19,3,31,0,221
2889.0,2,8,18,3,31,0,221
2890.0,2,8,19,3,32,0,221
2891.0,2,9,20,3,34,0,221
2892.0,2,8,21,3,34,0,221
2893.0,3,7,22,4,36,0,221
2894.0,2,6,22,5,35,0,221
2895.0,2,5,23,5,35,0,221
2896.0,2,5,25,5,37,0,221
2897.0,2,5,25,5,37,0,221
2898.0,2,2,25,8,37,0,221
2899.0,2,2,25,8,37,0,221
2900.0,2,2,25,7,36,0,221
2901.0,2,2,25,7,36,0,221
2902.0,2,2,26,8,38,0,221
2903.0,2,2,26,8,38,0,222
2904.0,2,1,23,5,31,0,222
2905.0,2,2,20,3,27,0,222
2906.0,2,3,17,2,24,0,222
2907.0,2,3,14,1,20,0,222
2908.0,2,5,11,0,18,0,222
2909.0,2,6,8,1,17,0,222
2910.0,2,7,5,0,14,0,222
2911.0,2,8,2,0,12,0,222
2912.0,2,7,0,1,10,0,222
2913.0,2,9,0,0,11,0,222
2914.0,2,12,0,0,14,0,222
2915.0,2,11,0,0,13,0,222
2916.0,3,13,0,0,16,0,222
2917.0,3,14,0,0,17,0,222
2918.0,3,15,1,2,21,0,223
2919.0,1,15,1,1,18,0,223
2920.0,1,12,2,2,17,0,223
2921.0,1,14,4,2,21,0,223
2922.0,1,10,5,2,18,0,223
2923.0,1,10,7,2,20,0,223
2924.0,1,10,7,2,20,0,223
2925.0,1,9,10,2,22,0,223
2926.0,1,11,12,2,26,0,223
2927.0,1,11,13,3,28,0,223
2928.0,1,11,15,4,31,0,224
2929.0,0,12,15,3,30,0,224
2930.0,0,10,16,3,29,0,224
2931.0,0,12,18,3,33,0,224
2932.0,0,9,18,3,30,0,224
2933.0,0,10,20,3,33,0,224
2934.0,0,8,20,4,32,0,224
2935.0,0,8,21,4,33,0,224
2936.0,0,6,21,4,31,0,224
2937.0,0,6,21,5,32,0,224
2938.0,0,7,21,6,34,0,225
2939.0,0,10,18,5,33,0,225
2940.0,1,10,15,2,28,0,225
2941.0,1,14,12,0,27,0,225
2942.0,1,14,9,1,25,0,225
2943.0,1,16,6,0,23,0,225
2944.0,1,18,3,0,22,0,225
2945.0,1,18,2,0,21,0,225
2946.0,2,19,1,0,22,0,225
2947.0,1,16,0,0,17,0,225
2948.0,1,18,0,0,19,0,226
2949.0,1,15,0,2,18,0,226
2950.0,1,16,1,2,20,0,226
2951.0,1,17,1,2,21,0,226
2952.0,1,18,2,3,24,0,226
2953.0,1,18,2,3,24,0,226
2954.0,1,16,4,3,24,0,226
2955.0,1,16,5,3,25,0,226
2956.0,1,19,6,4,30,0,226
2957.0,1,19,7,3,30,0,226
2958.0,1,18,10,4,33,0,226
2959.0,1,15,9,5,30,0,226
2960.0,1,14,11,4,30,0,226
2961.0,1,12,12,4,29,0,226
2962.0,1,8,12,5,26,0,226
2963.0,1,5,13,4,23,0,226
2964.0,1,6,14,4,25,0,226
2965.0,1,6,15,5,27,0,226
2966.0,1,6,15,5,27,0,226
2967.0,1,4,17,8,30,0,226
2968.0,1,5,18,7,31,0,226
2969.0,3,3,18,7,31,0,226
2970.0,2,6,19,10,37,0,226
2971.0,2,4,19,9,34,0,226
2972.0,3,5,20,9,37,0,226
2973.0,2,5,20,11,38,0,226
2974.0,2,7,20,10,39,0,226
2975.0,2,6,21,11,40,0,226
2976.0,2,5,21,11,39,0,226
2977.0,2,6,21,12,41,0,226
2978.0,2,7,21,12,42,0,226
2979.0,2,7,21,12,42,0,226
2980.0,2,7,22,12,43,0,226
2981.0,2,8,23,12,45,0,226
2982.0,2,10,23,12,47,0,226
2983.0,2,11,23,12,48,0,226
2984.0,2,11,23,13,49,0,226
2985.0,2,12,23,13,50,0,226
2986.0,2,14,24,13,53,0,226
2987.0,2,14,24,14,54,0,226
2988.0,2,15,24,14,55,0,227
2989.0,2,15,22,11,50,0,227
2990.0,2,16,19,8,45,0,227
2991.0,2,16,16,5,39,0,227
2992.0,3,17,14,3,37,0,227
2993.0,3,17,11,1,32,0,227
2994.0,3,17,8,0,28,0,227
2995.0,3,18,5,0,26,0,227
2996.0,4,19,2,1,26,0,227
2997.0,4,19,0,0,23,0,227
2998.0,4,21,0,1,26,0,228
2999.0,2,19,2,2,25,0,228
3000.0,0,19,3,2,24,0,228
3001.0,2,19,5,4,30,0,228
3002.0,0,16,6,4,26,0,228
3003.0,0,14,8,5,27,0,228
3004.0,0,12,10,5,27,0,228
3005.0,0,11,11,6,28,0,228
3006.0,0,10,13,5,28,0,228
3007.0,0,9,14,5,28,0,228
3008.0,0,9,16,5,30,0,229
3009.0,1,10,14,2,27,0,229
3010.0,0,11,12,1,24,0,229
3011.0,0,13,10,0,23,0,229
3012.0,0,14,9,0,23,0,229
3013.0,0,16,7,0,23,0,229
3014.0,0,17,4,0,21,0,229
3015.0,0,18,2,0,20,0,229
3016.0,0,19,1,0,20,0,229
3017.0,0,19,0,1,20,0,229
3018.0,0,19,0,1,20,0,230
3019.0,0,19,0,2,21,0,230
3020.0,1,18,1,2,22,0,230
3021.0,0,20,2,3,25,0,230
3022.0,0,18,2,3,23,0,230
3023.0,1,17,4,4,26,0,230
3024.0,1,18,4,3,26,0,230
3025.0,1,15,6,3,25,0,230
3026.0,1,15,8,3,27,0,230
3027.0,1,16,8,3,28,0,230
3028.0,1,15,9,4,29,0,230
3029.0,1,15,10,4,30,0,230
3030.0,2,15,11,3,31,0,230
3031.0,2,15,13,3,33,0,230
3032.0,2,15,14,3,34,0,230
3033.0,2,15,14,4,35,0,231
3034.0,1,13,15,4,33,0,231
3035.0,1,9,15,4,29,0,231
3036.0,0,8,15,4,27,0,231
3037.0,0,6,15,4,25,0,231
3038.0,0,6,16,5,27,0,231
3039.0,0,5,16,5,26,0,231
3040.0,1,9,16,5,31,0,231
3041.0,0,9,16,5,30,0,231
3042.0,0,7,16,5,28,0,231
3043.0,0,6,16,5,27,0,232
3044.0,0,7,13,2,22,0,232
3045.0,0,9,10,1,20,0,232
3046.0,0,11,7,0,18,0,232
3047.0,0,11,5,0,16,0,232
3048.0,0,13,3,0,16,0,232
3049.0,0,15,2,0,17,0,232
3050.0,1,17,1,0,19,0,232
3051.0,0,18,0,0,18,0,232
3052.0,0,17,0,0,17,0,232
3053.0,0,18,1,0,19,0,233
3054.0,0,15,1,0,16,0,233
3055.0,0,14,3,0,17,0,233
3056.0,1,16,5,1,23,0,233
3057.0,0,13,5,0,18,0,233
3058.0,0,10,5,0,15,0,233
3059.0,1,11,8,1,21,0,233
3060.0,2,10,8,0,20,0,233
3061.0,1,8,8,1,18,0,233
3062.0,1,8,10,1,20,0,233
3063.0,2,6,11,1,20,0,233
3064.0,2,8,12,1,23,0,233
3065.0,2,7,13,1,23,0,233
3066.0,2,7,13,1,23,0,233
3067.0,2,8,13,3,26,0,233
3068.0,2,6,13,3,24,0,234
3069.0,2,7,10,2,21,0,234
3070.0,2,8,8,0,18,0,234
3071.0,2,10,6,0,18,0,234
3072.0,2,12,6,1,21,0,234
3073.0,3,12,4,0,19,0,234
3074.0,3,15,4,0,22,0,234
3075.0,4,16,2,0,22,0,234
3076.0,3,17,1,0,21,0,234
3077.0,3,19,0,0,22,0,234
3078.0,5,20,0,0,25,0,235
3079.0,2,19,2,1,24,0,235
3080.0,1,19,3,1,24,0,235
3081.0,0,19,5,1,25,0,235
3082.0,0,17,7,1,25,0,235
3083.0,0,16,7,3,26,0,235
3084.0,0,13,7,2,22,0,235
3085.0,1,10,8,2,21,0,235
3086.0,1,7,9,3,20,0,235
3087.0,1,7,10,3,21,0,235
3088.0,1,7,10,3,21,0,236
3089.0,0,8,12,4,24,0,236
3090.0,1,4,13,3,21,0,236
3091.0,1,5,13,3,22,0,236
3092.0,1,7,14,4,26,0,236
3093.0,1,8,13,4,26,0,236
3094.0,1,6,13,5,25,0,236
3095.0,2,7,14,5,28,0,236
3096.0,2,7,15,5,29,0,236
3097.0,2,8,15,6,31,0,236
3098.0,2,8,17,5,32,0,236
3099.0,2,4,18,5,29,0,236
3100.0,3,4,18,6,31,0,236
3101.0,3,4,18,7,32,0,236
3102.0,3,5,18,7,33,0,236
3103.0,3,3,19,9,34,0,237
3104.0,4,4,16,7,31,0,237
3105.0,3,4,13,6,26,0,237
3106.0,3,6,11,3,23,0,237
3107.0,3,6,8,1,18,0,237
3108.0,3,5,5,1,14,0,237
3109.0,3,9,3,0,15,0,237
3110.0,3,7,2,0,12,0,237
3111.0,3,9,1,1,14,0,237
3112.0,3,11,0,0,14,0,237
3113.0,4,10,0,0,14,0,237
3114.0,3,11,0,0,14,0,237
3115.0,3,12,0,1,16,0,237
3116.0,3,13,0,0,16,0,237
3117.0,3,13,0,0,16,0,237
3118.0,3,14,0,0,17,0,238
3119.0,2,12,2,1,17,0,238
3120.0,1,9,2,1,13,0,238
3121.0,0,9,4,1,14,0,238
3122.0,0,8,4,1,13,0,238
3123.0,0,7,5,2,14,0,238
3124.0,0,7,6,2,15,0,238
3125.0,0,8,7,4,19,0,238
3126.0,0,9,8,3,20,0,238
3127.0,0,10,7,3,20,0,238
3128.0,1,9,8,4,22,0,239
3129.0,1,8,8,3,20,0,239
3130.0,1,10,9,5,25,0,239
3131.0,1,8,11,6,26,0,239
3132.0,1,10,13,7,31,0,239
3133.0,1,11,11,7,30,0,239
3134.0,1,9,11,8,29,0,239
3135.0,2,8,13,9,32,0,239
3136.0,2,9,14,9,34,0,239
3137.0,2,8,14,9,33,0,239
3138.0,2,7,15,9,33,0,240
3139.0,2,8,12,6,28,0,240
3140.0,2,7,9,3,21,0,240
3141.0,2,7,6,3,18,0,240
3142.0,2,8,4,1,15,0,240
3143.0,2,10,4,0,16,0,240
3144.0,2,9,2,0,13,0,240
3145.0,2,9,1,0,12,0,240
3146.0,2,8,0,1,11,0,240
3147.0,2,8,0,0,10,0,240
3148.0,2,10,0,0,12,0,240
3149.0,2,11,0,0,13,0,240
3150.0,2,13,0,0,15,0,240
3151.0,3,14,0,0,17,0,240
3152.0,2,15,1,0,18,0,240
3153.0,2,15,1,0,18,0,241
3154.0,2,14,1,1,18,0,241
3155.0,2,14,4,0,20,0,241
3156.0,2,14,3,0,19,0,241
3157.0,2,15,4,2,23,0,241
3158.0,2,15,7,1,25,0,241
3159.0,2,12,7,1,22,0,241
3160.0,2,10,7,1,20,0,241
3161.0,2,10,8,1,21,0,241
3162.0,2,8,9,1,20,0,241
3163.0,2,8,9,1,20,0,241
3164.0,2,9,10,2,23,0,241
3165.0,3,11,11,2,27,0,241
3166.0,2,10,10,2,24,0,241
3167.0,2,10,12,4,28,0,241
3168.0,2,9,13,4,28,0,242
3169.0,2,12,12,2,28,0,242
3170.0,2,14,8,0,24,0,242
3171.0,3,14,6,0,23,0,242
3172.0,3,17,4,0,24,0,242
3173.0,3,18,3,1,25,0,242
3174.0,3,18,2,0,23,0,242
3175.0,3,17,1,0,21,0,242
3176.0,3,16,0,1,20,0,242
3177.0,3,17,1,0,21,0,242
3178.0,3,17,0,0,20,0,242
3179.0,3,18,0,1,22,0,242
3180.0,3,14,0,0,17,0,242
3181.0,3,14,1,0,18,0,242
3182.0,3,11,1,1,16,0,242
3183.0,3,15,0,0,18,0,243
3184.0,2,11,0,1,14,0,243
3185.0,2,14,2,2,20,0,243
3186.0,1,12,1,2,16,0,243
3187.0,0,16,2,2,20,0,243
3188.0,0,15,3,3,21,0,243
3189.0,1,16,3,3,23,0,243
3190.0,0,14,5,4,23,0,243
3191.0,0,13,5,5,23,0,243
3192.0,1,12,4,5,22,0,243
3193.0,0,14,5,5,24,0,244
3194.0,0,11,7,6,24,0,244
3195.0,2,9,6,5,22,0,244
3196.0,1,7,7,5,20,0,244
3197.0,1,6,7,6,20,0,244
3198.0,1,5,7,6,19,0,244
3199.0,1,8,7,7,23,0,244
3200.0,1,10,9,10,30,0,244
3201.0,1,11,11,9,32,0,244
3202.0,1,10,11,11,33,0,244
3203.0,1,8,11,11,31,0,244
3204.0,2,10,14,11,37,0,244
3205.0,1,8,13,11,33,0,244
3206.0,1,11,13,11,36,0,244
3207.0,2,12,13,11,38,0,244
3208.0,2,11,14,12,39,0,244
3209.0,2,11,14,12,39,0,244
3210.0,3,12,15,12,42,0,244
3211.0,2,10,15,12,39,0,244
3212.0,2,10,16,12,40,0,244
3213.0,3,10,18,11,42,0,245
3214.0,3,11,15,9,38,0,245
3215.0,4,10,12,5,31,0,245
3216.0,3,11,9,3,26,0,245
3217.0,3,12,7,1,23,0,245
3218.0,3,12,3,1,19,0,245
3219.0,3,11,1,0,15,0,245
3220.0,3,11,1,0,15,0,245
3221.0,4,12,0,1,17,0,245
3222.0,4,13,0,0,17,0,245
3223.0,4,16,1,0,21,0,246
3224.0,3,13,0,2,18,0,246
3225.0,3,12,3,3,21,0,246
3226.0,2,13,3,4,22,0,246
3227.0,1,11,3,5,20,0,246
3228.0,1,11,5,5,22,0,246
3229.0,2,12,6,7,27,0,246
3230.0,1,12,9,7,29,0,246
3231.0,1,12,10,8,31,0,246
3232.0,1,10,12,9,32,0,246
3233.0,1,10,12,9,32,0,247
3234.0,1,9,12,9,31,0,247
3235.0,1,9,16,9,35,0,247
3236.0,1,7,16,9,33,0,247
3237.0,2,8,15,9,34,0,247
3238.0,2,8,18,9,37,0,247
3239.0,3,7,17,9,36,0,247
3240.0,3,8,17,10,38,0,247
3241.0,3,8,18,10,39,0,247
3242.0,3,7,18,9,37,0,247
3243.0,3,4,18,10,35,0,248
3244.0,3,6,15,8,32,0,248
3245.0,3,6,14,6,29,0,248
3246.0,3,6,11,4,24,0,248
3247.0,3,8,9,2,22,0,248
3248.0,3,7,6,0,16,0,248
3249.0,3,8,3,0,14,0,248
3250.0,4,10,2,0,16,0,248
3251.0,4,11,1,0,16,0,248
3252.0,4,11,0,0,15,0,248
3253.0,4,14,0,0,18,0,248
3254.0,4,13,0,0,17,0,248
3255.0,4,13,0,0,17,0,248
3256.0,4,15,0,0,19,0,248
3257.0,5,16,0,0,21,0,248
3258.0,6,17,0,0,23,0,249
3259.0,4,15,0,1,20,0,249
3260.0,3,14,1,2,20,0,249
3261.0,2,13,3,3,21,0,249
3262.0,1,13,2,3,19,0,249
3263.0,1,14,4,4,23,0,249
3264.0,1,13,6,5,25,0,249
3265.0,1,12,7,4,24,0,249
3266.0,1,11,9,4,25,0,249
3267.0,1,11,10,5,27,0,249
3268.0,1,11,9,5,26,0,250
3269.0,1,10,11,5,27,0,250
3270.0,1,9,12,6,28,0,250
3271.0,1,7,14,5,27,0,250
3272.0,1,7,16,5,29,0,250
3273.0,1,7,14,5,27,0,250
3274.0,1,6,14,6,27,0,250
3275.0,1,7,15,6,29,0,250
3276.0,1,6,16,7,30,0,250
3277.0,1,6,17,7,31,0,250
3278.0,2,4,17,7,30,0,250
3279.0,1,4,17,8,30,0,250
3280.0,2,6,17,8,33,0,250
3281.0,3,4,19,9,35,0,250
3282.0,2,4,19,9,34,0,250
3283.0,2,4,19,9,34,0,250
3284.0,2,4,19,10,35,0,250
3285.0,2,5,19,10,36,0,250
3286.0,3,4,19,10,36,0,250
3287.0,2,4,21,10,37,0,250
3288.0,2,5,21,10,38,0,250
3289.0,2,5,21,10,38,0,250
3290.0,4,5,21,11,41,0,250
3291.0,3,5,21,11,40,0,250
3292.0,3,5,21,12,41,0,250
3293.0,4,5,21,13,43,0,250
3294.0,3,6,22,12,43,0,250
3295.0,3,6,23,12,44,0,250
3296.0,4,7,23,12,46,0,250
3297.0,3,6,23,12,44,0,250
3298.0,3,6,23,13,45,0,251
3299.0,3,6,21,10,40,0,251
3300.0,5,7,18,8,38,0,251
3301.0,4,9,15,5,33,0,251
3302.0,4,10,12,3,29,0,251
3303.0,6,10,9,1,26,0,251
3304.0,5,12,7,0,24,0,251
3305.0,5,11,4,0,20,0,251
3306.0,7,12,1,1,21,0,251
3307.0,6,12,0,1,19,0,251
3308.0,6,13,0,2,21,0,252
3309.0,5,11,0,2,18,0,252
3310.0,3,11,0,3,17,0,252
3311.0,3,11,0,4,18,0,252
3312.0,3,9,0,5,17,0,252
3313.0,1,9,0,6,16,0,252
3314.0,1,10,2,8,21,0,252
3315.0,1,9,2,10,22,0,252
3316.0,1,9,3,10,23,0,252
3317.0,1,9,6,10,26,0,252
3318.0,1,10,7,10,28,0,253
3319.0,1,9,5,7,22,0,253
3320.0,1,11,2,4,18,0,253
3321.0,2,12,1,1,16,0,253
3322.0,3,13,2,0,18,0,253
3323.0,3,14,1,0,18,0,253
3324.0,3,15,1,0,19,0,253
3325.0,6,16,0,0,22,0,253
3326.0,6,17,0,0,23,0,253
3327.0,7,16,0,0,23,0,253
3328.0,8,17,0,0,25,0,254
3329.0,6,15,1,0,22,0,254
3330.0,6,13,0,3,22,0,254
3331.0,6,12,0,2,20,0,254
3332.0,4,11,0,3,18,0,254
3333.0,4,12,1,3,20,0,254
3334.0,4,12,2,2,20,0,254
3335.0,1,13,4,2,20,0,254
3336.0,1,10,3,3,17,0,254
3337.0,1,10,4,2,17,0,254
3338.0,1,10,4,3,18,0,255
3339.0,0,8,5,3,16,0,255
3340.0,0,8,6,3,17,0,255
3341.0,1,8,7,4,20,0,255
3342.0,2,9,6,4,21,0,255
3343.0,2,8,7,4,21,0,255
3344.0,3,8,7,4,22,0,255
3345.0,3,9,7,4,23,0,255
3346.0,4,9,7,5,25,0,255
3347.0,4,9,9,5,27,0,255
3348.0,4,6,9,6,25,0,256
3349.0,5,10,8,2,25,0,256
3350.0,6,10,6,1,23,0,256
3351.0,7,13,5,0,25,0,256
3352.0,7,13,4,0,24,0,256
3353.0,8,12,3,1,24,0,256
3354.0,9,13,2,1,25,0,256
3355.0,8,13,1,1,23,0,256
3356.0,8,15,0,0,23,0,256
3357.0,9,17,0,0,26,0,256
3358.0,8,17,0,0,25,0,257
3359.0,6,15,0,1,22,0,257
3360.0,6,15,0,1,22,0,257
3361.0,5,15,1,2,23,0,257
3362.0,3,15,2,2,22,0,257
3363.0,3,13,2,1,19,0,257
3364.0,1,13,3,1,18,0,257
3365.0,0,12,6,2,20,0,257
3366.0,0,13,7,4,24,0,257
3367.0,0,11,8,4,23,0,257
3368.0,0,12,9,4,25,0,258
3369.0,0,11,9,5,25,0,258
3370.0,1,12,9,5,27,0,258
3371.0,1,11,8,5,25,0,258
3372.0,2,11,9,5,27,0,258
3373.0,3,11,9,5,28,0,258
3374.0,4,8,9,5,26,0,258
3375.0,4,6,11,5,26,0,258
3376.0,5,4,13,6,28,0,258
3377.0,5,2,11,6,24,0,258
3378.0,5,3,12,7,27,0,258
3379.0,6,6,14,7,33,0,258
3380.0,7,7,14,8,36,0,258
3381.0,7,7,17,7,38,0,258
3382.0,7,8,18,7,40,0,258
3383.0,7,9,20,7,43,0,258
3384.0,7,8,20,7,42,0,258
3385.0,7,7,21,7,42,0,258
3386.0,7,7,21,7,42,0,258
3387.0,7,7,21,7,42,0,258
3388.0,7,9,22,7,45,0,259
3389.0,7,11,20,5,43,0,259
3390.0,7,10,16,2,35,0,259
3391.0,7,10,13,1,31,0,259
3392.0,7,10,10,1,28,0,259
3393.0,7,10,7,0,24,0,259
3394.0,7,11,6,0,24,0,259
3395.0,7,11,3,1,22,0,259
3396.0,7,11,1,0,19,0,259
3397.0,7,11,0,0,18,0,259
3398.0,7,13,0,0,20,0,260
3399.0,6,11,1,0,18,0,260
3400.0,5,12,2,1,20,0,260
3401.0,4,9,3,1,17,0,260
3402.0,3,8,5,2,18,0,260
3403.0,2,7,6,2,17,0,260
3404.0,1,8,8,3,20,0,260
3405.0,0,9,10,4,23,0,260
3406.0,0,9,12,5,26,0,260
3407.0,0,9,14,5,28,0,260
3408.0,0,11,15,6,32,0,261
3409.0,1,10,17,6,34,0,261
3410.0,2,9,18,7,36,0,261
3411.0,2,9,19,7,37,0,261
3412.0,3,10,19,8,40,0,261
3413.0,4,10,21,9,44,0,261
3414.0,4,11,21,9,45,0,261
3415.0,4,13,21,9,47,0,261
3416.0,4,13,21,10,48,0,261
3417.0,4,15,21,10,50,0,261
3418.0,5,12,21,10,48,0,262
3419.0,4,12,18,8,42,0,262
3420.0,4,11,15,6,36,0,262
3421.0,4,12,12,4,32,0,262
3422.0,4,11,9,2,26,0,262
3423.0,4,10,7,0,21,0,262
3424.0,4,12,4,0,20,0,262
3425.0,4,11,2,0,17,0,262
3426.0,4,11,1,0,16,0,262
3427.0,4,13,0,0,17,0,262
3428.0,4,14,0,0,18,0,262
3429.0,5,15,0,0,20,0,262
3430.0,4,17,0,0,21,0,262
3431.0,4,18,0,1,23,0,262
3432.0,4,19,1,0,24,0,262
3433.0,4,20,2,0,26,0,263
3434.0,4,20,4,0,28,0,263
3435.0,2,20,4,0,26,0,263
3436.0,1,16,7,1,25,0,263
3437.0,0,15,5,1,21,0,263
3438.0,0,12,5,1,18,0,263
3439.0,0,10,4,1,15,0,263
3440.0,0,8,4,1,13,0,263
3441.0,0,10,4,1,15,0,263
3442.0,0,11,5,2,18,0,263
3443.0,0,12,6,3,21,0,264
3444.0,2,14,7,3,26,0,264
3445.0,1,13,8,2,24,0,264
3446.0,2,13,10,2,27,0,264
3447.0,2,13,12,4,31,0,264
3448.0,2,14,12,4,32,0,264
3449.0,2,11,12,5,30,0,264
3450.0,2,10,13,5,30,0,264
3451.0,2,10,14,5,31,0,264
3452.0,3,9,15,6,33,0,264
3453.0,4,10,15,6,35,0,265
3454.0,3,10,14,5,32,0,265
3455.0,3,10,12,4,29,0,265
3456.0,4,11,10,1,26,0,265
3457.0,3,12,7,0,22,0,265
3458.0,3,13,4,0,20,0,265
3459.0,4,12,2,0,18,0,265
3460.0,4,14,1,0,19,0,265
3461.0,4,15,0,0,19,0,265
3462.0,4,16,0,0,20,0,265
3463.0,4,17,0,1,22,0,266
3464.0,3,17,1,1,22,0,266
3465.0,3,18,1,1,23,0,266
3466.0,3,19,3,2,27,0,266
3467.0,1,17,3,2,23,0,266
3468.0,1,15,3,3,22,0,266
3469.0,1,15,3,2,21,0,266
3470.0,0,16,4,2,22,0,266
3471.0,1,14,6,3,24,0,266
3472.0,0,13,8,3,24,0,266
3473.0,0,13,10,3,26,0,267
3474.0,0,12,11,4,27,0,267
3475.0,2,9,12,4,27,0,267
3476.0,2,9,14,4,29,0,267
3477.0,2,9,14,4,29,0,267
3478.0,2,11,15,5,33,0,267
3479.0,3,10,16,5,34,0,267
3480.0,3,10,16,5,34,0,267
3481.0,3,11,15,5,34,0,267
3482.0,3,12,14,5,34,0,267
3483.0,3,12,14,6,35,0,268
3484.0,3,14,13,4,34,0,268
3485.0,3,15,9,2,29,0,268
3486.0,3,14,7,2,26,0,268
3487.0,4,13,5,0,22,0,268
3488.0,4,14,3,0,21,0,268
3489.0,4,15,3,1,23,0,268
3490.0,4,18,2,0,24,0,268
3491.0,4,19,1,0,24,0,268
3492.0,5,21,0,0,26,0,268
3493.0,6,21,0,0,27,0,269
3494.0,2,19,2,0,23,0,269
3495.0,2,18,3,2,25,0,269
3496.0,4,17,4,2,27,0,269
3497.0,2,15,6,3,26,0,269
3498.0,2,10,6,5,23,0,269
3499.0,3,8,6,4,21,0,269
3500.0,2,7,8,2,19,0,269
3501.0,2,6,9,4,21,0,269
3502.0,2,6,10,3,21,0,269
3503.0,2,9,12,3,26,0,270
3504.0,1,9,12,4,26,0,270
3505.0,0,9,12,6,27,0,270
3506.0,0,9,13,5,27,0,270
3507.0,0,9,14,6,29,0,270
3508.0,0,9,14,7,30,0,270
3509.0,0,11,15,8,34,0,270
3510.0,0,9,15,9,33,0,270
3511.0,0,10,15,8,33,0,270
3512.0,0,10,15,9,34,0,270
3513.0,1,11,16,10,38,0,271
3514.0,0,11,13,7,31,0,271
3515.0,0,12,12,4,28,0,271
3516.0,1,12,9,3,25,0,271
3517.0,1,10,7,2,20,0,271
3518.0,2,10,5,0,17,0,271
3519.0,3,10,3,0,16,0,271
3520.0,3,10,2,0,15,0,271
3521.0,3,10,1,0,14,0,271
3522.0,3,11,0,0,14,0,271
3523.0,4,12,0,0,16,0,271
3524.0,3,13,0,0,16,0,271
3525.0,3,11,0,0,14,0,271
3526.0,4,11,0,0,15,0,271
3527.0,3,11,1,1,16,0,271
3528.0,3,12,2,0,17,0,272
3529.0,2,9,3,0,14,0,272
3530.0,1,7,5,0,13,0,272
3531.0,1,6,5,0,12,0,272
3532.0,1,7,6,1,15,0,272
3533.0,2,7,8,1,18,0,272
3534.0,0,7,7,1,15,0,272
3535.0,0,6,7,1,14,0,272
3536.0,0,6,7,1,14,0,272
3537.0,0,7,9,1,17,0,272
3538.0,0,7,9,2,18,0,273
3539.0,0,7,12,2,21,0,273
3540.0,0,8,13,2,23,0,273
3541.0,1,7,13,4,25,0,273
3542.0,1,3,14,3,21,0,273
3543.0,1,8,14,3,26,0,273
3544.0,1,6,14,3,24,0,273
3545.0,2,8,15,3,28,0,273
3546.0,2,10,15,3,30,0,273
3547.0,2,10,15,3,30,0,273
3548.0,3,10,16,3,32,0,273
3549.0,3,10,16,4,33,0,273
3550.0,4,10,16,4,34,0,273
3551.0,5,11,17,4,37,0,273
3552.0,4,10,17,5,36,0,273
3553.0,4,10,17,6,37,0,274
3554.0,4,10,15,3,32,0,274
3555.0,4,11,12,1,28,0,274
3556.0,5,11,9,0,25,0,274
3557.0,5,12,6,0,23,0,274
3558.0,5,14,3,0,22,0,274
3559.0,6,14,2,0,22,0,274
3560.0,5,14,1,1,21,0,274
3561.0,5,15,0,1,21,0,274
3562.0,6,15,0,1,22,0,274
3563.0,5,16,0,2,23,0,275
3564.0,4,14,1,1,20,0,275
3565.0,3,13,1,1,18,0,275
3566.0,2,13,2,2,19,0,275
3567.0,1,12,4,1,18,0,275
3568.0,1,11,5,1,18,0,275
3569.0,2,11,7,1,21,0,275
3570.0,1,11,8,2,22,0,275
3571.0,1,10,8,3,22,0,275
3572.0,2,11,11,3,27,0,275
3573.0,2,11,10,3,26,0,276
3574.0,2,10,10,4,26,0,276
3575.0,2,9,10,5,26,0,276
3576.0,2,7,12,5,26,0,276
3577.0,2,8,12,5,27,0,276
3578.0,3,6,12,5,26,0,276
3579.0,3,5,11,5,24,0,276
3580.0,4,7,12,6,29,0,276
3581.0,4,4,12,6,26,0,276
3582.0,4,4,12,6,26,0,276
3583.0,5,3,13,7,28,0,277
3584.0,5,4,10,3,22,0,277
3585.0,5,6,8,1,20,0,277
3586.0,5,8,7,0,20,0,277
3587.0,5,10,5,0,20,0,277
3588.0,6,10,4,0,20,0,277
3589.0,5,9,2,0,16,0,277
3590.0,5,10,1,1,17,0,277
3591.0,6,11,0,0,17,0,277
3592.0,6,13,0,0,19,0,277
3593.0,6,14,0,1,21,0,278
3594.0,4,14,2,0,20,0,278
3595.0,4,14,3,1,22,0,278
3596.0,3,14,3,1,21,0,278
3597.0,1,14,6,2,23,0,278
3598.0,0,12,9,4,25,0,278
3599.0,0,12,10,3,25,0,278
3600.0,1,13,11,3,28,0,278
3601.0,0,12,13,4,29,0,278
3602.0,0,12,14,2,28,0,278
3603.0,0,12,14,2,28,0,279
3604.0,1,12,14,1,28,0,279
3605.0,2,12,12,0,26,0,279
3606.0,2,12,10,0,24,0,279
3607.0,2,13,8,0,23,0,279
3608.0,3,14,5,0,22,0,279
3609.0,3,14,3,0,20,0,279
3610.0,4,14,1,0,19,0,279
3611.0,4,15,0,0,19,0,279
3612.0,4,15,0,0,19,0,279
3613.0,4,16,0,0,20,0,280
3614.0,3,15,1,1,20,0,280
3615.0,2,15,1,1,19,0,280
3616.0,1,14,4,2,21,0,280
3617.0,0,13,6,2,21,0,280
3618.0,0,12,7,3,22,0,280
3619.0,0,12,7,3,22,0,280
3620.0,0,12,9,3,24,0,280
3621.0,0,12,10,3,25,0,280
3622.0,0,11,10,3,24,0,280
3623.0,0,11,13,4,28,0,281
3624.0,1,10,13,4,28,0,281
3625.0,1,9,16,4,30,0,281
3626.0,1,7,16,4,28,0,281
3627.0,2,6,16,5,29,0,281
3628.0,2,5,16,5,28,0,281
3629.0,2,4,16,5,27,0,281
3630.0,2,5,16,5,28,0,281
3631.0,2,4,16,5,27,0,281
3632.0,2,3,17,5,27,0,281
3633.0,2,3,17,5,27,0,282
3634.0,2,4,15,2,23,0,282
3635.0,2,5,13,0,20,0,282
3636.0,2,6,10,0,18,0,282
3637.0,2,6,7,0,15,0,282
3638.0,2,7,4,0,13,0,282
3639.0,2,8,2,0,12,0,282
3640.0,2,9,1,0,12,0,282
3641.0,2,9,0,0,11,0,282
3642.0,2,10,0,0,12,0,282
3643.0,2,10,0,0,12,0,283
3644.0,1,9,1,0,11,0,283
3645.0,0,7,2,0,9,0,283
3646.0,0,8,3,0,11,0,283
3647.0,0,8,3,0,11,0,283
3648.0,0,9,5,0,14,0,283
3649.0,0,9,4,0,13,0,283
3650.0,0,9,5,0,14,0,283
3651.0,0,9,8,0,17,0,283
3652.0,0,9,7,0,16,0,283
3653.0,0,9,10,0,19,0,284
3654.0,0,9,8,0,17,0,284
3655.0,0,9,6,0,15,0,284
3656.0,0,9,4,0,13,0,284
3657.0,0,9,2,0,11,0,284
3658.0,0,9,1,0,10,0,284
3659.0,0,9,0,0,9,0,284
3660.0,0,9,0,0,9,0,284
3661.0,0,9,0,0,9,0,284
3662.0,0,9,0,0,9,0,284
3663.0,0,9,0,0,9,0,285
3664.0,0,8,2,0,10,0,285
3665.0,0,7,2,0,9,0,285
3666.0,0,6,3,0,9,0,285
3667.0,0,5,3,0,8,0,285
3668.0,0,4,4,0,8,0,285
3669.0,0,3,4,0,7,0,285
3670.0,0,2,4,0,6,0,285
3671.0,0,1,4,0,5,0,285
3672.0,0,0,4,0,4,0,285
3673.0,0,0,4,0,4,0,285
3674.0,0,0,4,0,4,0,285
3675.0,0,0,4,0,4,0,285
3676.0,0,0,4,0,4,0,285
3677.0,0,0,4,0,4,0,285
3678.0,0,0,4,0,4,0,285
3679.0,0,0,4,0,4,0,285
3680.0,0,0,4,0,4,0,285
3681.0,0,0,4,0,4,0,285
3682.0,0,0,4,0,4,0,285
3683.0,0,0,4,0,4,0,285
3684.0,0,0,4,0,4,0,285
3685.0,0,0,4,0,4,0,285
3686.0,0,0,4,0,4,0,285
3687.0,0,0,4,0,4,0,285
3688.0,0,0,5,0,5,0,285
3689.0,0,0,5,0,5,0,285
3690.0,0,0,5,0,5,0,285
3691.0,0,0,5,0,5,0,285
3692.0,0,0,6,0,6,0,285
3693.0,0,0,6,0,6,0,285
3694.0,0,0,6,0,6,0,285
3695.0,0,0,6,0,6,0,285
3696.0,0,0,6,0,6,0,285
3697.0,0,0,6,0,6,0,285
3698.0,0,0,6,0,6,0,285
3699.0,0,0,6,0,6,0,285
3700.0,0,0,6,0,6,0,285
3701.0,0,0,6,0,6,0,285
3702.0,0,0,6,0,6,0,285
3703.0,0,0,6,0,6,0,285
3704.0,0,0,6,0,6,0,285
3705.0,0,0,6,0,6,0,285
3706.0,0,0,6,0,6,0,285
3707.0,0,0,6,0,6,0,285
3708.0,0,0,7,0,7,0,285
3709.0,0,0,7,0,7,0,285
3710.0,0,0,7,0,7,0,285
3711.0,0,0,7,0,7,0,285
3712.0,0,0,7,0,7,0,285
3713.0,0,0,7,0,7,0,286
3714.0,0,0,7,0,7,0,286
3715.0,0,0,8,0,8,0,286
3716.0,0,0,8,0,8,0,286
3717.0,0,0,8,0,8,0,286
3718.0,0,0,8,0,8,0,286
3719.0,0,0,8,0,8,0,286
3720.0,0,0,9,0,9,0,286
3721.0,0,0,9,0,9,0,286
3722.0,0,0,9,0,9,0,286
3723.0,0,0,10,0,10,0,286
3724.0,0,0,11,0,11,0,286
3725.0,0,0,10,0,10,0,286
3726.0,0,0,10,0,10,0,286
3727.0,0,0,10,0,10,0,286
3728.0,0,0,10,0,10,0,286
3729.0,0,0,11,0,11,0,286
3730.0,0,0,12,0,12,0,286
3731.0,0,0,13,0,13,0,286
3732.0,0,0,13,0,13,0,286
3733.0,0,0,13,0,13,0,286
3734.0,0,0,13,0,13,0,286
3735.0,0,0,13,0,13,0,286
3736.0,0,0,13,0,13,0,286
3737.0,0,0,14,0,14,0,286
3738.0,0,0,14,0,14,0,287
3739.0,0,0,12,0,12,0,287
3740.0,0,0,9,0,9,0,287
3741.0,0,0,6,0,6,0,287
3742.0,0,0,4,0,4,0,287
3743.0,0,0,3,0,3,0,287
3744.0,0,0,2,0,2,0,287
3745.0,0,0,1,0,1,0,287
3746.0,0,0,1,0,1,0,287
3747.0,0,0,1,0,1,0,287
3748.0,0,0,1,0,1,0,288
3749.0,0,0,1,0,1,0,288
3750.0,0,0,2,0,2,0,288
3751.0,0,0,2,0,2,0,288
3752.0,0,0,2,0,2,0,288
3753.0,0,0,3,0,3,0,288
3754.0,0,0,4,0,4,0,288
3755.0,0,0,4,0,4,0,288
3756.0,0,0,4,0,4,0,288
3757.0,0,0,5,0,5,0,288
3758.0,0,0,6,0,6,0,288
3759.0,0,0,7,0,7,0,288
3760.0,0,0,7,0,7,0,288
3761.0,0,0,7,0,7,0,288
3762.0,0,0,7,0,7,0,288
3763.0,0,0,7,0,7,0,288
3764.0,0,0,7,0,7,0,288
3765.0,0,0,7,0,7,0,288
3766.0,0,0,7,0,7,0,288
3767.0,0,0,7,0,7,0,288
3768.0,0,0,7,0,7,0,288
3769.0,0,0,7,0,7,0,288
3770.0,0,0,7,0,7,0,288
3771.0,0,0,7,0,7,0,288
3772.0,0,0,8,0,8,0,288
3773.0,0,0,8,0,8,0,288
3774.0,0,0,8,0,8,0,288
3775.0,0,0,8,0,8,0,288
3776.0,0,0,8,0,8,0,288
3777.0,0,0,8,0,8,0,288
3778.0,0,0,8,0,8,0,288
3779.0,0,0,8,0,8,0,288
3780.0,0,0,8,0,8,0,288
3781.0,0,0,8,0,8,0,288
3782.0,0,0,8,0,8,0,288
3783.0,0,0,8,0,8,0,288
3784.0,0,0,8,0,8,0,288
3785.0,0,0,8,0,8,0,288
3786.0,0,0,8,0,8,0,288
3787.0,0,0,8,0,8,0,288
3788.0,0,0,8,0,8,0,288
3789.0,0,0,8,0,8,0,288
3790.0,0,0,8,0,8,0,288
3791.0,0,0,8,0,8,0,288
3792.0,0,0,8,0,8,0,288
3793.0,0,0,8,0,8,0,288
3794.0,0,0,8,0,8,0,288
3795.0,0,0,8,0,8,0,288
3796.0,0,0,8,0,8,0,288
3797.0,0,0,8,0,8,0,288
3798.0,0,0,8,0,8,0,288
3799.0,0,0,8,0,8,0,288
3800.0,0,0,8,0,8,0,288
3801.0,0,0,8,0,8,0,288
3802.0,0,0,8,0,8,0,288
3803.0,0,0,8,0,8,0,288
3804.0,0,0,8,0,8,0,288
3805.0,0,0,8,0,8,0,288
3806.0,0,0,8,0,8,0,288
3807.0,0,0,8,0,8,0,288
3808.0,0,0,8,0,8,0,288
3809.0,0,0,8,0,8,0,288
3810.0,0,0,8,0,8,0,288
3811.0,0,0,8,0,8,0,288
3812.0,0,0,8,0,8,0,288
3813.0,0,0,8,0,8,0,288
3814.0,0,0,8,0,8,0,288
3815.0,0,0,8,0,8,0,288
3816.0,0,0,8,0,8,0,288
3817.0,0,0,8,0,8,0,288
3818.0,0,0,8,0,8,0,288
3819.0,0,0,8,0,8,0,288
3820.0,0,0,8,0,8,0,288
3821.0,0,0,8,0,8,0,288
3822.0,0,0,8,0,8,0,288
3823.0,0,0,8,0,8,0,288
3824.0,0,0,8,0,8,0,288
3825.0,0,0,8,0,8,0,288
3826.0,0,0,8,0,8,0,288
3827.0,0,0,8,0,8,0,288
3828.0,0,0,8,0,8,0,288
3829.0,0,0,8,0,8,0,288
3830.0,0,0,8,0,8,0,288
3831.0,0,0,8,0,8,0,288
3832.0,0,0,8,0,8,0,288
3833.0,0,0,8,0,8,0,288
3834.0,0,0,8,0,8,0,288
3835.0,0,0,8,0,8,0,288
3836.0,0,0,8,0,8,0,288
3837.0,0,0,8,0,8,0,288
3838.0,0,0,8,0,8,0,288
3839.0,0,0,8,0,8,0,288
3840.0,0,0,8,0,8,0,288
3841.0,0,0,8,0,8,0,288
3842.0,0,0,8,0,8,0,288
3843.0,0,0,8,0,8,0,288
3844.0,0,0,8,0,8,0,288
3845.0,0,0,8,0,8,0,288
3846.0,0,0,8,0,8,0,288
3847.0,0,0,8,0,8,0,288
3848.0,0,0,8,0,8,0,288
3849.0,0,0,8,0,8,0,288
3850.0,0,0,8,0,8,0,288
3851.0,0,0,8,0,8,0,288
3852.0,0,0,8,0,8,0,288
3853.0,0,0,8,0,8,0,288
3854.0,0,0,8,0,8,0,288
3855.0,0,0,8,0,8,0,288
3856.0,0,0,8,0,8,0,288
3857.0,0,0,8,0,8,0,288
3858.0,0,0,8,0,8,0,288
3859.0,0,0,8,0,8,0,288
3860.0,0,0,8,0,8,0,288
3861.0,0,0,8,0,8,0,288
3862.0,0,0,8,0,8,0,288
3863.0,0,0,8,0,8,0,288
3864.0,0,0,8,0,8,0,288
3865.0,0,0,8,0,8,0,288
3866.0,0,0,8,0,8,0,288
3867.0,0,0,8,0,8,0,288
3868.0,0,0,8,0,8,0,288
3869.0,0,0,8,0,8,0,288
3870.0,0,0,8,0,8,0,288
3871.0,0,0,8,0,8,0,288
3872.0,0,0,8,0,8,0,288
3873.0,0,0,8,0,8,0,288
3874.0,0,0,8,0,8,0,288
3875.0,0,0,8,0,8,0,288
3876.0,0,0,8,0,8,0,288
3877.0,0,0,8,0,8,0,288
3878.0,0,0,8,0,8,0,288
3879.0,0,0,8,0,8,0,288
3880.0,0,0,8,0,8,0,288
3881.0,0,0,8,0,8,0,288
3882.0,0,0,8,0,8,0,288
3883.0,0,0,8,0,8,0,288
3884.0,0,0,8,0,8,0,288
3885.0,0,0,8,0,8,0,288
3886.0,0,0,8,0,8,0,288
3887.0,0,0,8,0,8,0,288
3888.0,0,0,8,0,8,0,288
3889.0,0,0,8,0,8,0,288
3890.0,0,0,8,0,8,0,288
3891.0,0,0,8,0,8,0,288
3892.0,0,0,8,0,8,0,288
3893.0,0,0,8,0,8,0,288
3894.0,0,0,8,0,8,0,288
3895.0,0,0,8,0,8,0,288
3896.0,0,0,8,0,8,0,288
3897.0,0,0,8,0,8,0,288
3898.0,0,0,8,0,8,0,288
3899.0,0,0,8,0,8,0,288
3900.0,0,0,8,0,8,0,288
3901.0,0,0,8,0,8,0,288
3902.0,0,0,8,0,8,0,288
3903.0,0,0,8,0,8,0,288
3904.0,0,0,8,0,8,0,288
3905.0,0,0,8,0,8,0,288
3906.0,0,0,8,0,8,0,288
3907.0,0,0,8,0,8,0,288
3908.0,0,0,8,0,8,0,288
3909.0,0,0,8,0,8,0,288
3910.0,0,0,8,0,8,0,288
3911.0,0,0,8,0,8,0,288
3912.0,0,0,8,0,8,0,288
3913.0,0,0,8,0,8,0,288
3914.0,0,0,8,0,8,0,288
3915.0,0,0,8,0,8,0,288
3916.0,0,0,8,0,8,0,288
3917.0,0,0,8,0,8,0,288
3918.0,0,0,8,0,8,0,288
3919.0,0,0,8,0,8,0,288
3920.0,0,0,8,0,8,0,288
3921.0,0,0,8,0,8,0,288
3922.0,0,0,8,0,8,0,288
3923.0,0,0,8,0,8,0,288
3924.0,0,0,8,0,8,0,288
3925.0,0,0,8,0,8,0,288
3926.0,0,0,8,0,8,0,288
3927.0,0,0,8,0,8,0,288
3928.0,0,0,8,0,8,0,288
3929.0,0,0,8,0,8,0,288
3930.0,0,0,8,0,8,0,288
3931.0,0,0,8,0,8,0,288
3932.0,0,0,8,0,8,0,288
3933.0,0,0,8,0,8,0,288
3934.0,0,0,8,0,8,0,288
3935.0,0,0,8,0,8,0,288
3936.0,0,0,8,0,8,0,288
3937.0,0,0,8,0,8,0,288
3938.0,0,0,8,0,8,0,288
3939.0,0,0,8,0,8,0,288
3940.0,0,0,8,0,8,0,288
3941.0,0,0,8,0,8,0,288
3942.0,0,0,8,0,8,0,288
3943.0,0,0,8,0,8,0,288
3944.0,0,0,8,0,8,0,288
3945.0,0,0,8,0,8,0,288
3946.0,0,0,8,0,8,0,288
3947.0,0,0,8,0,8,0,288
3948.0,0,0,8,0,8,0,288
3949.0,0,0,8,0,8,0,288
3950.0,0,0,8,0,8,0,288
3951.0,0,0,8,0,8,0,288
3952.0,0,0,8,0,8,0,288
3953.0,0,0,8,0,8,0,288
3954.0,0,0,8,0,8,0,288
3955.0,0,0,8,0,8,0,288
3956.0,0,0,8,0,8,0,288
3957.0,0,0,8,0,8,0,288
3958.0,0,0,8,0,8,0,288
3959.0,0,0,8,0,8,0,288
3960.0,0,0,8,0,8,0,288
3961.0,0,0,8,0,8,0,288
3962.0,0,0,8,0,8,0,288
3963.0,0,0,8,0,8,0,288
3964.0,0,0,8,0,8,0,288
3965.0,0,0,8,0,8,0,288
3966.0,0,0,8,0,8,0,288
3967.0,0,0,8,0,8,0,288
3968.0,0,0,8,0,8,0,288
3969.0,0,0,8,0,8,0,288
3970.0,0,0,8,0,8,0,288
3971.0,0,0,8,0,8,0,288
3972.0,0,0,8,0,8,0,288
3973.0,0,0,8,0,8,0,288
3974.0,0,0,8,0,8,0,288
3975.0,0,0,8,0,8,0,288
3976.0,0,0,8,0,8,0,288
3977.0,0,0,8,0,8,0,288
3978.0,0,0,8,0,8,0,288
3979.0,0,0,8,0,8,0,288
3980.0,0,0,8,0,8,0,288
3981.0,0,0,8,0,8,0,288
3982.0,0,0,8,0,8,0,288
3983.0,0,0,8,0,8,0,288
3984.0,0,0,8,0,8,0,288
3985.0,0,0,8,0,8,0,288
3986.0,0,0,8,0,8,0,288
3987.0,0,0,8,0,8,0,288
3988.0,0,0,8,0,8,0,288
3989.0,0,0,8,0,8,0,288
3990.0,0,0,8,0,8,0,288
3991.0,0,0,8,0,8,0,288
3992.0,0,0,8,0,8,0,288
3993.0,0,0,8,0,8,0,288
3994.0,0,0,8,0,8,0,288
3995.0,0,0,8,0,8,0,288
3996.0,0,0,8,0,8,0,288
3997.0,0,0,8,0,8,0,288
3998.0,0,0,8,0,8,0,288
3999.0,0,0,8,0,8,0,288
4000.0,0,0,8,0,8,0,288
4001.0,0,0,8,0,8,0,288
4002.0,0,0,8,0,8,0,288
4003.0,0,0,8,0,8,0,288
4004.0,0,0,8,0,8,0,288
4005.0,0,0,8,0,8,0,288
4006.0,0,0,8,0,8,0,288
4007.0,0,0,8,0,8,0,288
4008.0,0,0,8,0,8,0,288
4009.0,0,0,8,0,8,0,288
4010.0,0,0,8,0,8,0,288
4011.0,0,0,8,0,8,0,288
4012.0,0,0,8,0,8,0,288
4013.0,0,0,8,0,8,0,288
4014.0,0,0,8,0,8,0,288
4015.0,0,0,8,0,8,0,288
4016.0,0,0,8,0,8,0,288
4017.0,0,0,8,0,8,0,288
4018.0,0,0,8,0,8,0,288
4019.0,0,0,8,0,8,0,288
4020.0,0,0,8,0,8,0,288
4021.0,0,0,8,0,8,0,288
4022.0,0,0,8,0,8,0,288
4023.0,0,0,8,0,8,0,288
4024.0,0,0,8,0,8,0,288
4025.0,0,0,8,0,8,0,288
4026.0,0,0,8,0,8,0,288
4027.0,0,0,8,0,8,0,288
4028.0,0,0,8,0,8,0,288
4029.0,0,0,8,0,8,0,288
4030.0,0,0,8,0,8,0,288
4031.0,0,0,8,0,8,0,288
4032.0,0,0,8,0,8,0,288
4033.0,0,0,8,0,8,0,288
4034.0,0,0,8,0,8,0,288
4035.0,0,0,8,0,8,0,288
4036.0,0,0,8,0,8,0,288
4037.0,0,0,8,0,8,0,288
4038.0,0,0,8,0,8,0,288
4039.0,0,0,8,0,8,0,288
4040.0,0,0,8,0,8,0,288
4041.0,0,0,8,0,8,0,288
4042.0,0,0,8,0,8,0,288
4043.0,0,0,8,0,8,0,288
4044.0,0,0,8,0,8,0,288
4045.0,0,0,8,0,8,0,288
4046.0,0,0,8,0,8,0,288
4047.0,0,0,8,0,8,0,288
4048.0,0,0,8,0,8,0,288
4049.0,0,0,8,0,8,0,288
4050.0,0,0,8,0,8,0,288
4051.0,0,0,8,0,8,0,288
4052.0,0,0,8,0,8,0,288
4053.0,0,0,8,0,8,0,288
4054.0,0,0,8,0,8,0,288
4055.0,0,0,8,0,8,0,288
4056.0,0,0,8,0,8,0,288
4057.0,0,0,8,0,8,0,288
4058.0,0,0,8,0,8,0,288
4059.0,0,0,8,0,8,0,288
4060.0,0,0,8,0,8,0,288
4061.0,0,0,8,0,8,0,288
4062.0,0,0,8,0,8,0,288
4063.0,0,0,8,0,8,0,288
4064.0,0,0,8,0,8,0,288
4065.0,0,0,8,0,8,0,288
4066.0,0,0,8,0,8,0,288
4067.0,0,0,8,0,8,0,288
4068.0,0,0,8,0,8,0,288
4069.0,0,0,8,0,8,0,288
4070.0,0,0,8,0,8,0,288
4071.0,0,0,8,0,8,0,288
4072.0,0,0,8,0,8,0,288
4073.0,0,0,8,0,8,0,288
4074.0,0,0,8,0,8,0,288
4075.0,0,0,8,0,8,0,288
4076.0,0,0,8,0,8,0,288
4077.0,0,0,8,0,8,0,288
4078.0,0,0,8,0,8,0,288
4079.0,0,0,8,0,8,0,288
4080.0,0,0,8,0,8,0,288
4081.0,0,0,8,0,8,0,288
4082.0,0,0,8,0,8,0,288
4083.0,0,0,8,0,8,0,288
4084.0,0,0,8,0,8,0,288
4085.0,0,0,8,0,8,0,288
4086.0,0,0,8,0,8,0,288
4087.0,0,0,8,0,8,0,288
4088.0,0,0,8,0,8,0,288
4089.0,0,0,8,0,8,0,288
4090.0,0,0,8,0,8,0,288
4091.0,0,0,8,0,8,0,288
4092.0,0,0,8,0,8,0,288
4093.0,0,0,8,0,8,0,288
4094.0,0,0,8,0,8,0,288
4095.0,0,0,8,0,8,0,288
4096.0,0,0,8,0,8,0,288
4097.0,0,0,8,0,8,0,288
4098.0,0,0,8,0,8,0,288
4099.0,0,0,8,0,8,0,288
4100.0,0,0,8,0,8,0,288
4101.0,0,0,8,0,8,0,288
4102.0,0,0,8,0,8,0,288
4103.0,0,0,8,0,8,0,288
4104.0,0,0,8,0,8,0,288
4105.0,0,0,8,0,8,0,288
4106.0,0,0,8,0,8,0,288
4107.0,0,0,8,0,8,0,288
4108.0,0,0,8,0,8,0,288
4109.0,0,0,8,0,8,0,288
4110.0,0,0,8,0,8,0,288
4111.0,0,0,8,0,8,0,288
4112.0,0,0,8,0,8,0,288
4113.0,0,0,8,0,8,0,288
4114.0,0,0,8,0,8,0,288
4115.0,0,0,8,0,8,0,288
4116.0,0,0,8,0,8,0,288
4117.0,0,0,8,0,8,0,288
4118.0,0,0,8,0,8,0,288
4119.0,0,0,8,0,8,0,288
4120.0,0,0,8,0,8,0,288
4121.0,0,0,8,0,8,0,288
4122.0,0,0,8,0,8,0,288
4123.0,0,0,8,0,8,0,288
4124.0,0,0,8,0,8,0,288
4125.0,0,0,8,0,8,0,288
4126.0,0,0,8,0,8,0,288
4127.0,0,0,8,0,8,0,288
4128.0,0,0,8,0,8,0,288
4129.0,0,0,8,0,8,0,288
4130.0,0,0,8,0,8,0,288
4131.0,0,0,8,0,8,0,288
4132.0,0,0,8,0,8,0,288
4133.0,0,0,8,0,8,0,288
4134.0,0,0,8,0,8,0,288
4135.0,0,0,8,0,8,0,288
4136.0,0,0,8,0,8,0,288
4137.0,0,0,8,0,8,0,288
4138.0,0,0,8,0,8,0,288
4139.0,0,0,8,0,8,0,288
4140.0,0,0,8,0,8,0,288
4141.0,0,0,8,0,8,0,288
4142.0,0,0,8,0,8,0,288
4143.0,0,0,8,0,8,0,288
4144.0,0,0,8,0,8,0,288
4145.0,0,0,8,0,8,0,288
4146.0,0,0,8,0,8,0,288
4147.0,0,0,8,0,8,0,288
4148.0,0,0,8,0,8,0,288
4149.0,0,0,8,0,8,0,288
4150.0,0,0,8,0,8,0,288
4151.0,0,0,8,0,8,0,288
4152.0,0,0,8,0,8,0,288
4153.0,0,0,8,0,8,0,288
4154.0,0,0,8,0,8,0,288
4155.0,0,0,8,0,8,0,288
4156.0,0,0,8,0,8,0,288
4157.0,0,0,8,0,8,0,288
4158.0,0,0,8,0,8,0,288
4159.0,0,0,8,0,8,0,288
4160.0,0,0,8,0,8,0,288
4161.0,0,0,8,0,8,0,288
4162.0,0,0,8,0,8,0,288
4163.0,0,0,8,0,8,0,288
4164.0,0,0,8,0,8,0,288
4165.0,0,0,8,0,8,0,288
4166.0,0,0,8,0,8,0,288
4167.0,0,0,8,0,8,0,288
4168.0,0,0,8,0,8,0,288
4169.0,0,0,8,0,8,0,288
4170.0,0,0,8,0,8,0,288
4171.0,0,0,8,0,8,0,288
4172.0,0,0,8,0,8,0,288
4173.0,0,0,8,0,8,0,288
4174.0,0,0,8,0,8,0,288
4175.0,0,0,8,0,8,0,288
4176.0,0,0,8,0,8,0,288
4177.0,0,0,8,0,8,0,288
4178.0,0,0,8,0,8,0,288
4179.0,0,0,8,0,8,0,288
4180.0,0,0,8,0,8,0,288
4181.0,0,0,8,0,8,0,288
4182.0,0,0,8,0,8,0,288
4183.0,0,0,8,0,8,0,288
4184.0,0,0,8,0,8,0,288
4185.0,0,0,8,0,8,0,288
4186.0,0,0,8,0,8,0,288
4187.0,0,0,8,0,8,0,288
4188.0,0,0,8,0,8,0,288
4189.0,0,0,8,0,8,0,288
4190.0,0,0,8,0,8,0,288
4191.0,0,0,8,0,8,0,288
4192.0,0,0,8,0,8,0,288
4193.0,0,0,8,0,8,0,288
4194.0,0,0,8,0,8,0,288
4195.0,0,0,8,0,8,0,288
4196.0,0,0,8,0,8,0,288
4197.0,0,0,8,0,8,0,288
4198.0,0,0,8,0,8,0,288
4199.0,0,0,8,0,8,0,288
4200.0,0,0,8,0,8,0,288
4201.0,0,0,8,0,8,0,288
4202.0,0,0,8,0,8,0,288
4203.0,0,0,8,0,8,0,288
4204.0,0,0,8,0,8,0,288
4205.0,0,0,8,0,8,0,288
4206.0,0,0,8,0,8,0,288
4207.0,0,0,8,0,8,0,288
4208.0,0,0,8,0,8,0,288
4209.0,0,0,8,0,8,0,288
4210.0,0,0,8,0,8,0,288
4211.0,0,0,8,0,8,0,288
4212.0,0,0,8,0,8,0,288
4213.0,0,0,8,0,8,0,288
4214.0,0,0,8,0,8,0,288
4215.0,0,0,8,0,8,0,288
4216.0,0,0,8,0,8,0,288
4217.0,0,0,8,0,8,0,288
4218.0,0,0,8,0,8,0,288
4219.0,0,0,8,0,8,0,288
4220.0,0,0,8,0,8,0,288
4221.0,0,0,8,0,8,0,288
4222.0,0,0,8,0,8,0,288
4223.0,0,0,8,0,8,0,288
4224.0,0,0,8,0,8,0,288
4225.0,0,0,8,0,8,0,288
4226.0,0,0,8,0,8,0,288
4227.0,0,0,8,0,8,0,288
4228.0,0,0,8,0,8,0,288
4229.0,0,0,8,0,8,0,288
4230.0,0,0,8,0,8,0,288
4231.0,0,0,8,0,8,0,288
4232.0,0,0,8,0,8,0,288
4233.0,0,0,8,0,8,0,288
4234.0,0,0,8,0,8,0,288
4235.0,0,0,8,0,8,0,288
4236.0,0,0,8,0,8,0,288
4237.0,0,0,8,0,8,0,288
4238.0,0,0,8,0,8,0,288
4239.0,0,0,8,0,8,0,288
4240.0,0,0,8,0,8,0,288
4241.0,0,0,8,0,8,0,288
4242.0,0,0,8,0,8,0,288
4243.0,0,0,8,0,8,0,288
4244.0,0,0,8,0,8,0,288
4245.0,0,0,8,0,8,0,288
4246.0,0,0,8,0,8,0,288
4247.0,0,0,8,0,8,0,288
4248.0,0,0,8,0,8,0,288
4249.0,0,0,8,0,8,0,288
4250.0,0,0,8,0,8,0,288
4251.0,0,0,8,0,8,0,288
4252.0,0,0,8,0,8,0,288
4253.0,0,0,8,0,8,0,288
4254.0,0,0,8,0,8,0,288
4255.0,0,0,8,0,8,0,288
4256.0,0,0,8,0,8,0,288
4257.0,0,0,8,0,8,0,288
4258.0,0,0,8,0,8,0,288
4259.0,0,0,8,0,8,0,288
4260.0,0,0,8,0,8,0,288
4261.0,0,0,8,0,8,0,288
4262.0,0,0,8,0,8,0,288
4263.0,0,0,8,0,8,0,288
4264.0,0,0,8,0,8,0,288
4265.0,0,0,8,0,8,0,288
4266.0,0,0,8,0,8,0,288
4267.0,0,0,8,0,8,0,288
4268.0,0,0,8,0,8,0,288
4269.0,0,0,8,0,8,0,288
4270.0,0,0,8,0,8,0,288
4271.0,0,0,8,0,8,0,288
4272.0,0,0,8,0,8,0,288
4273.0,0,0,8,0,8,0,288
4274.0,0,0,8,0,8,0,288
4275.0,0,0,8,0,8,0,288
4276.0,0,0,8,0,8,0,288
4277.0,0,0,8,0,8,0,288
4278.0,0,0,8,0,8,0,288
4279.0,0,0,8,0,8,0,288
4280.0,0,0,8,0,8,0,288
4281.0,0,0,8,0,8,0,288
4282.0,0,0,8,0,8,0,288
4283.0,0,0,8,0,8,0,288
4284.0,0,0,8,0,8,0,288
4285.0,0,0,8,0,8,0,288
4286.0,0,0,8,0,8,0,288
4287.0,0,0,8,0,8,0,288
4288.0,0,0,8,0,8,0,288
4289.0,0,0,8,0,8,0,288
4290.0,0,0,8,0,8,0,288
4291.0,0,0,8,0,8,0,288
4292.0,0,0,8,0,8,0,288
4293.0,0,0,8,0,8,0,288
4294.0,0,0,8,0,8,0,288
4295.0,0,0,8,0,8,0,288
4296.0,0,0,8,0,8,0,288
4297.0,0,0,8,0,8,0,288
4298.0,0,0,8,0,8,0,288
4299.0,0,0,8,0,8,0,288
4300.0,0,0,8,0,8,0,288
4301.0,0,0,8,0,8,0,288
4302.0,0,0,8,0,8,0,288
4303.0,0,0,8,0,8,0,288
4304.0,0,0,8,0,8,0,288
4305.0,0,0,8,0,8,0,288
4306.0,0,0,8,0,8,0,288
4307.0,0,0,8,0,8,0,288
4308.0,0,0,8,0,8,0,288
4309.0,0,0,8,0,8,0,288
4310.0,0,0,8,0,8,0,288
4311.0,0,0,8,0,8,0,288
4312.0,0,0,8,0,8,0,288
4313.0,0,0,8,0,8,0,288
4314.0,0,0,8,0,8,0,288
4315.0,0,0,8,0,8,0,288
4316.0,0,0,8,0,8,0,288
4317.0,0,0,8,0,8,0,288
4318.0,0,0,8,0,8,0,288
4319.0,0,0,8,0,8,0,288
4320.0,0,0,8,0,8,0,288
4321.0,0,0,8,0,8,0,288
4322.0,0,0,8,0,8,0,288
4323.0,0,0,8,0,8,0,288
4324.0,0,0,8,0,8,0,288
4325.0,0,0,8,0,8,0,288
4326.0,0,0,8,0,8,0,288
4327.0,0,0,8,0,8,0,288
4328.0,0,0,8,0,8,0,288
4329.0,0,0,8,0,8,0,288
4330.0,0,0,8,0,8,0,288
4331.0,0,0,8,0,8,0,288
4332.0,0,0,8,0,8,0,288
4333.0,0,0,8,0,8,0,288
4334.0,0,0,8,0,8,0,288
4335.0,0,0,8,0,8,0,288
4336.0,0,0,8,0,8,0,288
4337.0,0,0,8,0,8,0,288
4338.0,0,0,8,0,8,0,288
4339.0,0,0,8,0,8,0,288
4340.0,0,0,8,0,8,0,288
4341.0,0,0,8,0,8,0,288
4342.0,0,0,8,0,8,0,288
4343.0,0,0,8,0,8,0,288
4344.0,0,0,8,0,8,0,288
4345.0,0,0,8,0,8,0,288
4346.0,0,0,8,0,8,0,288
4347.0,0,0,8,0,8,0,288
4348.0,0,0,8,0,8,0,288
4349.0,0,0,8,0,8,0,288
4350.0,0,0,8,0,8,0,288
4351.0,0,0,8,0,8,0,288
4352.0,0,0,8,0,8,0,288
4353.0,0,0,8,0,8,0,288
4354.0,0,0,8,0,8,0,288
4355.0,0,0,8,0,8,0,288
4356.0,0,0,8,0,8,0,288
4357.0,0,0,8,0,8,0,288
4358.0,0,0,8,0,8,0,288
4359.0,0,0,8,0,8,0,288
4360.0,0,0,8,0,8,0,288
4361.0,0,0,8,0,8,0,288
4362.0,0,0,8,0,8,0,288
4363.0,0,0,8,0,8,0,288
4364.0,0,0,8,0,8,0,288
4365.0,0,0,8,0,8,0,288
4366.0,0,0,8,0,8,0,288
4367.0,0,0,8,0,8,0,288
4368.0,0,0,8,0,8,0,288
4369.0,0,0,8,0,8,0,288
4370.0,0,0,8,0,8,0,288
4371.0,0,0,8,0,8,0,288
4372.0,0,0,8,0,8,0,288
4373.0,0,0,8,0,8,0,288
4374.0,0,0,8,0,8,0,288
4375.0,0,0,8,0,8,0,288
4376.0,0,0,8,0,8,0,288
4377.0,0,0,8,0,8,0,288
4378.0,0,0,8,0,8,0,288
4379.0,0,0,8,0,8,0,288
4380.0,0,0,8,0,8,0,288
4381.0,0,0,8,0,8,0,288
4382.0,0,0,8,0,8,0,288
4383.0,0,0,8,0,8,0,288
4384.0,0,0,8,0,8,0,288
4385.0,0,0,8,0,8,0,288
4386.0,0,0,8,0,8,0,288
4387.0,0,0,8,0,8,0,288
4388.0,0,0,8,0,8,0,288
4389.0,0,0,8,0,8,0,288
4390.0,0,0,8,0,8,0,288
4391.0,0,0,8,0,8,0,288
4392.0,0,0,8,0,8,0,288
4393.0,0,0,8,0,8,0,288
4394.0,0,0,8,0,8,0,288
4395.0,0,0,8,0,8,0,288
4396.0,0,0,8,0,8,0,288
4397.0,0,0,8,0,8,0,288
4398.0,0,0,8,0,8,0,288
4399.0,0,0,8,0,8,0,288
4400.0,0,0,8,0,8,0,288
4401.0,0,0,8,0,8,0,288
4402.0,0,0,8,0,8,0,288
4403.0,0,0,8,0,8,0,288
4404.0,0,0,8,0,8,0,288
4405.0,0,0,8,0,8,0,288
4406.0,0,0,8,0,8,0,288
4407.0,0,0,8,0,8,0,288
4408.0,0,0,8,0,8,0,288
4409.0,0,0,8,0,8,0,288
4410.0,0,0,8,0,8,0,288
4411.0,0,0,8,0,8,0,288
4412.0,0,0,8,0,8,0,288
4413.0,0,0,8,0,8,0,288
4414.0,0,0,8,0,8,0,288
4415.0,0,0,8,0,8,0,288
4416.0,0,0,8,0,8,0,288
4417.0,0,0,8,0,8,0,288
4418.0,0,0,8,0,8,0,288
4419.0,0,0,8,0,8,0,288
4420.0,0,0,8,0,8,0,288
4421.0,0,0,8,0,8,0,288
4422.0,0,0,8,0,8,0,288
4423.0,0,0,8,0,8,0,288
4424.0,0,0,8,0,8,0,288
4425.0,0,0,8,0,8,0,288
4426.0,0,0,8,0,8,0,288
4427.0,0,0,8,0,8,0,288
4428.0,0,0,8,0,8,0,288
4429.0,0,0,8,0,8,0,288
4430.0,0,0,8,0,8,0,288
4431.0,0,0,8,0,8,0,288
4432.0,0,0,8,0,8,0,288
4433.0,0,0,8,0,8,0,288
4434.0,0,0,8,0,8,0,288
4435.0,0,0,8,0,8,0,288
4436.0,0,0,8,0,8,0,288
4437.0,0,0,8,0,8,0,288
4438.0,0,0,8,0,8,0,288
4439.0,0,0,8,0,8,0,288
4440.0,0,0,8,0,8,0,288
4441.0,0,0,8,0,8,0,288
4442.0,0,0,8,0,8,0,288
4443.0,0,0,8,0,8,0,288
4444.0,0,0,8,0,8,0,288
4445.0,0,0,8,0,8,0,288
4446.0,0,0,8,0,8,0,288
4447.0,0,0,8,0,8,0,288
4448.0,0,0,8,0,8,0,288
4449.0,0,0,8,0,8,0,288
4450.0,0,0,8,0,8,0,288
4451.0,0,0,8,0,8,0,288
4452.0,0,0,8,0,8,0,288
4453.0,0,0,8,0,8,0,288
4454.0,0,0,8,0,8,0,288
4455.0,0,0,8,0,8,0,288
4456.0,0,0,8,0,8,0,288
4457.0,0,0,8,0,8,0,288
4458.0,0,0,8,0,8,0,288
4459.0,0,0,8,0,8,0,288
4460.0,0,0,8,0,8,0,288
4461.0,0,0,8,0,8,0,288
4462.0,0,0,8,0,8,0,288
4463.0,0,0,8,0,8,0,288
4464.0,0,0,8,0,8,0,288
4465.0,0,0,8,0,8,0,288
4466.0,0,0,8,0,8,0,288
4467.0,0,0,8,0,8,0,288
4468.0,0,0,8,0,8,0,288
4469.0,0,0,8,0,8,0,288
4470.0,0,0,8,0,8,0,288
4471.0,0,0,8,0,8,0,288
4472.0,0,0,8,0,8,0,288
4473.0,0,0,8,0,8,0,288
4474.0,0,0,8,0,8,0,288
4475.0,0,0,8,0,8,0,288
4476.0,0,0,8,0,8,0,288
4477.0,0,0,8,0,8,0,288
4478.0,0,0,8,0,8,0,288
4479.0,0,0,8,0,8,0,288
4480.0,0,0,8,0,8,0,288
4481.0,0,0,8,0,8,0,288
4482.0,0,0,8,0,8,0,288
4483.0,0,0,8,0,8,0,288
4484.0,0,0,8,0,8,0,288
4485.0,0,0,8,0,8,0,288
4486.0,0,0,8,0,8,0,288
4487.0,0,0,8,0,8,0,288
4488.0,0,0,8,0,8,0,288
4489.0,0,0,8,0,8,0,288
4490.0,0,0,8,0,8,0,288
4491.0,0,0,8,0,8,0,288
4492.0,0,0,8,0,8,0,288
4493.0,0,0,8,0,8,0,288
4494.0,0,0,8,0,8,0,288
4495.0,0,0,8,0,8,0,288
4496.0,0,0,8,0,8,0,288
4497.0,0,0,8,0,8,0,288
4498.0,0,0,8,0,8,0,288
4499.0,0,0,8,0,8,0,288
4500.0,0,0,8,0,8,0,288
4501.0,0,0,8,0,8,0,288
4502.0,0,0,8,0,8,0,288
4503.0,0,0,8,0,8,0,288
4504.0,0,0,8,0,8,0,288
4505.0,0,0,8,0,8,0,288
4506.0,0,0,8,0,8,0,288
4507.0,0,0,8,0,8,0,288
4508.0,0,0,8,0,8,0,288
4509.0,0,0,8,0,8,0,288
4510.0,0,0,8,0,8,0,288
4511.0,0,0,8,0,8,0,288
4512.0,0,0,8,0,8,0,288
4513.0,0,0,8,0,8,0,288
4514.0,0,0,8,0,8,0,288
4515.0,0,0,8,0,8,0,288
4516.0,0,0,8,0,8,0,288
4517.0,0,0,8,0,8,0,288
4518.0,0,0,8,0,8,0,288
4519.0,0,0,8,0,8,0,288
4520.0,0,0,8,0,8,0,288
4521.0,0,0,8,0,8,0,288
4522.0,0,0,8,0,8,0,288
4523.0,0,0,8,0,8,0,288
4524.0,0,0,8,0,8,0,288
4525.0,0,0,8,0,8,0,288
4526.0,0,0,8,0,8,0,288
4527.0,0,0,8,0,8,0,288
4528.0,0,0,8,0,8,0,288
4529.0,0,0,8,0,8,0,288
4530.0,0,0,8,0,8,0,288
4531.0,0,0,8,0,8,0,288
4532.0,0,0,8,0,8,0,288
4533.0,0,0,8,0,8,0,288
4534.0,0,0,8,0,8,0,288
4535.0,0,0,8,0,8,0,288
4536.0,0,0,8,0,8,0,288
4537.0,0,0,8,0,8,0,288
4538.0,0,0,8,0,8,0,288
4539.0,0,0,8,0,8,0,288
4540.0,0,0,8,0,8,0,288
4541.0,0,0,8,0,8,0,288
4542.0,0,0,8,0,8,0,288
4543.0,0,0,8,0,8,0,288
4544.0,0,0,8,0,8,0,288
4545.0,0,0,8,0,8,0,288
4546.0,0,0,8,0,8,0,288
4547.0,0,0,8,0,8,0,288
4548.0,0,0,8,0,8,0,288
4549.0,0,0,8,0,8,0,288
4550.0,0,0,8,0,8,0,288
4551.0,0,0,8,0,8,0,288
4552.0,0,0,8,0,8,0,288
4553.0,0,0,8,0,8,0,288
4554.0,0,0,8,0,8,0,288
4555.0,0,0,8,0,8,0,288
4556.0,0,0,8,0,8,0,288
4557.0,0,0,8,0,8,0,288
4558.0,0,0,8,0,8,0,288
4559.0,0,0,8,0,8,0,288
4560.0,0,0,8,0,8,0,288
4561.0,0,0,8,0,8,0,288
4562.0,0,0,8,0,8,0,288
4563.0,0,0,8,0,8,0,288
4564.0,0,0,8,0,8,0,288
4565.0,0,0,8,0,8,0,288
4566.0,0,0,8,0,8,0,288
4567.0,0,0,8,0,8,0,288
4568.0,0,0,8,0,8,0,288
4569.0,0,0,8,0,8,0,288
4570.0,0,0,8,0,8,0,288
4571.0,0,0,8,0,8,0,288
4572.0,0,0,8,0,8,0,288
4573.0,0,0,8,0,8,0,288
4574.0,0,0,8,0,8,0,288
4575.0,0,0,8,0,8,0,288
4576.0,0,0,8,0,8,0,288
4577.0,0,0,8,0,8,0,288
4578.0,0,0,8,0,8,0,288
4579.0,0,0,8,0,8,0,288
4580.0,0,0,8,0,8,0,288
4581.0,0,0,8,0,8,0,288
4582.0,0,0,8,0,8,0,288
4583.0,0,0,8,0,8,0,288
4584.0,0,0,8,0,8,0,288
4585.0,0,0,8,0,8,0,288
4586.0,0,0,8,0,8,0,288
4587.0,0,0,8,0,8,0,288
4588.0,0,0,8,0,8,0,288
4589.0,0,0,8,0,8,0,288
4590.0,0,0,8,0,8,0,288
4591.0,0,0,8,0,8,0,288
4592.0,0,0,8,0,8,0,288
4593.0,0,0,8,0,8,0,288
4594.0,0,0,8,0,8,0,288
4595.0,0,0,8,0,8,0,288
4596.0,0,0,8,0,8,0,288
4597.0,0,0,8,0,8,0,288
4598.0,0,0,8,0,8,0,288
4599.0,0,0,8,0,8,0,288
4600.0,0,0,8,0,8,0,288
4601.0,0,0,8,0,8,0,288
4602.0,0,0,8,0,8,0,288
4603.0,0,0,8,0,8,0,288
4604.0,0,0,8,0,8,0,288
4605.0,0,0,8,0,8,0,288
4606.0,0,0,8,0,8,0,288
4607.0,0,0,8,0,8,0,288
4608.0,0,0,8,0,8,0,288
4609.0,0,0,8,0,8,0,288
4610.0,0,0,8,0,8,0,288
4611.0,0,0,8,0,8,0,288
4612.0,0,0,8,0,8,0,288
4613.0,0,0,8,0,8,0,288
4614.0,0,0,8,0,8,0,288
4615.0,0,0,8,0,8,0,288
4616.0,0,0,8,0,8,0,288
4617.0,0,0,8,0,8,0,288
4618.0,0,0,8,0,8,0,288
4619.0,0,0,8,0,8,0,288
4620.0,0,0,8,0,8,0,288
4621.0,0,0,8,0,8,0,288
4622.0,0,0,8,0,8,0,288
4623.0,0,0,8,0,8,0,288
4624.0,0,0,8,0,8,0,288
4625.0,0,0,8,0,8,0,288
4626.0,0,0,8,0,8,0,288
4627.0,0,0,8,0,8,0,288
4628.0,0,0,8,0,8,0,288
4629.0,0,0,8,0,8,0,288
4630.0,0,0,8,0,8,0,288
4631.0,0,0,8,0,8,0,288
4632.0,0,0,8,0,8,0,288
4633.0,0,0,8,0,8,0,288
4634.0,0,0,8,0,8,0,288
4635.0,0,0,8,0,8,0,288
4636.0,0,0,8,0,8,0,288
4637.0,0,0,8,0,8,0,288
4638.0,0,0,8,0,8,0,288
4639.0,0,0,8,0,8,0,288
4640.0,0,0,8,0,8,0,288
4641.0,0,0,8,0,8,0,288
4642.0,0,0,8,0,8,0,288
4643.0,0,0,8,0,8,0,288
4644.0,0,0,8,0,8,0,288
4645.0,0,0,8,0,8,0,288
4646.0,0,0,8,0,8,0,288
4647.0,0,0,8,0,8,0,288
4648.0,0,0,8,0,8,0,288
4649.0,0,0,8,0,8,0,288
4650.0,0,0,8,0,8,0,288
4651.0,0,0,8,0,8,0,288
4652.0,0,0,8,0,8,0,288
4653.0,0,0,8,0,8,0,288
4654.0,0,0,8,0,8,0,288
4655.0,0,0,8,0,8,0,288
4656.0,0,0,8,0,8,0,288
4657.0,0,0,8,0,8,0,288
4658.0,0,0,8,0,8,0,288
4659.0,0,0,8,0,8,0,288
4660.0,0,0,8,0,8,0,288
4661.0,0,0,8,0,8,0,288
4662.0,0,0,8,0,8,0,288
4663.0,0,0,8,0,8,0,288
4664.0,0,0,8,0,8,0,288
4665.0,0,0,8,0,8,0,288
4666.0,0,0,8,0,8,0,288
4667.0,0,0,8,0,8,0,288
4668.0,0,0,8,0,8,0,288
4669.0,0,0,8,0,8,0,288
4670.0,0,0,8,0,8,0,288
4671.0,0,0,8,0,8,0,288
4672.0,0,0,8,0,8,0,288
4673.0,0,0,8,0,8,0,288
4674.0,0,0,8,0,8,0,288
4675.0,0,0,8,0,8,0,288
4676.0,0,0,8,0,8,0,288
4677.0,0,0,8,0,8,0,288
4678.0,0,0,8,0,8,0,288
4679.0,0,0,8,0,8,0,288
4680.0,0,0,8,0,8,0,288
4681.0,0,0,8,0,8,0,288
4682.0,0,0,8,0,8,0,288
4683.0,0,0,8,0,8,0,288
4684.0,0,0,8,0,8,0,288
4685.0,0,0,8,0,8,0,288
4686.0,0,0,8,0,8,0,288
4687.0,0,0,8,0,8,0,288
4688.0,0,0,8,0,8,0,288
4689.0,0,0,8,0,8,0,288
4690.0,0,0,8,0,8,0,288
4691.0,0,0,8,0,8,0,288
4692.0,0,0,8,0,8,0,288
4693.0,0,0,8,0,8,0,288
4694.0,0,0,8,0,8,0,288
4695.0,0,0,8,0,8,0,288
4696.0,0,0,8,0,8,0,288
4697.0,0,0,8,0,8,0,288
4698.0,0,0,8,0,8,0,288
4699.0,0,0,8,0,8,0,288
4700.0,0,0,8,0,8,0,288
4701.0,0,0,8,0,8,0,288
4702.0,0,0,8,0,8,0,288
4703.0,0,0,8,0,8,0,288
4704.0,0,0,8,0,8,0,288
4705.0,0,0,8,0,8,0,288
4706.0,0,0,8,0,8,0,288
4707.0,0,0,8,0,8,0,288
4708.0,0,0,8,0,8,0,288
4709.0,0,0,8,0,8,0,288
4710.0,0,0,8,0,8,0,288
4711.0,0,0,8,0,8,0,288
4712.0,0,0,8,0,8,0,288
4713.0,0,0,8,0,8,0,288
4714.0,0,0,8,0,8,0,288
4715.0,0,0,8,0,8,0,288
4716.0,0,0,8,0,8,0,288
4717.0,0,0,8,0,8,0,288
4718.0,0,0,8,0,8,0,288
4719.0,0,0,8,0,8,0,288
4720.0,0,0,8,0,8,0,288
4721.0,0,0,8,0,8,0,288
4722.0,0,0,8,0,8,0,288
4723.0,0,0,8,0,8,0,288
4724.0,0,0,8,0,8,0,288
4725.0,0,0,8,0,8,0,288
4726.0,0,0,8,0,8,0,288
4727.0,0,0,8,0,8,0,288
4728.0,0,0,8,0,8,0,288
4729.0,0,0,8,0,8,0,288
4730.0,0,0,8,0,8,0,288
4731.0,0,0,8,0,8,0,288
4732.0,0,0,8,0,8,0,288
4733.0,0,0,8,0,8,0,288
4734.0,0,0,8,0,8,0,288
4735.0,0,0,8,0,8,0,288
4736.0,0,0,8,0,8,0,288
4737.0,0,0,8,0,8,0,288
4738.0,0,0,8,0,8,0,288
4739.0,0,0,8,0,8,0,288
4740.0,0,0,8,0,8,0,288
4741.0,0,0,8,0,8,0,288
4742.0,0,0,8,0,8,0,288
4743.0,0,0,8,0,8,0,288
4744.0,0,0,8,0,8,0,288
4745.0,0,0,8,0,8,0,288
4746.0,0,0,8,0,8,0,288
4747.0,0,0,8,0,8,0,288
4748.0,0,0,8,0,8,0,288
4749.0,0,0,8,0,8,0,288
4750.0,0,0,8,0,8,0,288
4751.0,0,0,8,0,8,0,288
4752.0,0,0,8,0,8,0,288
4753.0,0,0,8,0,8,0,288
4754.0,0,0,8,0,8,0,288
4755.0,0,0,8,0,8,0,288
4756.0,0,0,8,0,8,0,288
4757.0,0,0,8,0,8,0,288
4758.0,0,0,8,0,8,0,288
4759.0,0,0,8,0,8,0,288
4760.0,0,0,8,0,8,0,288
4761.0,0,0,8,0,8,0,288
4762.0,0,0,8,0,8,0,288
4763.0,0,0,8,0,8,0,288
4764.0,0,0,8,0,8,0,288
4765.0,0,0,8,0,8,0,288
4766.0,0,0,8,0,8,0,288
4767.0,0,0,8,0,8,0,288
4768.0,0,0,8,0,8,0,288
4769.0,0,0,8,0,8,0,288
4770.0,0,0,8,0,8,0,288
4771.0,0,0,8,0,8,0,288
4772.0,0,0,8,0,8,0,288
4773.0,0,0,8,0,8,0,288
4774.0,0,0,8,0,8,0,288
4775.0,0,0,8,0,8,0,288
4776.0,0,0,8,0,8,0,288
4777.0,0,0,8,0,8,0,288
4778.0,0,0,8,0,8,0,288
4779.0,0,0,8,0,8,0,288
4780.0,0,0,8,0,8,0,288
4781.0,0,0,8,0,8,0,288
4782.0,0,0,8,0,8,0,288
4783.0,0,0,8,0,8,0,288
4784.0,0,0,8,0,8,0,288
4785.0,0,0,8,0,8,0,288
4786.0,0,0,8,0,8,0,288
4787.0,0,0,8,0,8,0,288
4788.0,0,0,8,0,8,0,288
4789.0,0,0,8,0,8,0,288
4790.0,0,0,8,0,8,0,288
4791.0,0,0,8,0,8,0,288
4792.0,0,0,8,0,8,0,288
4793.0,0,0,8,0,8,0,288
4794.0,0,0,8,0,8,0,288
4795.0,0,0,8,0,8,0,288
4796.0,0,0,8,0,8,0,288
4797.0,0,0,8,0,8,0,288
4798.0,0,0,8,0,8,0,288
4799.0,0,0,8,0,8,0,288
4800.0,0,0,8,0,8,0,288
4801.0,0,0,8,0,8,0,288
4802.0,0,0,8,0,8,0,288
4803.0,0,0,8,0,8,0,288
4804.0,0,0,8,0,8,0,288
4805.0,0,0,8,0,8,0,288
4806.0,0,0,8,0,8,0,288
4807.0,0,0,8,0,8,0,288
4808.0,0,0,8,0,8,0,288
4809.0,0,0,8,0,8,0,288
4810.0,0,0,8,0,8,0,288
4811.0,0,0,8,0,8,0,288
4812.0,0,0,8,0,8,0,288
4813.0,0,0,8,0,8,0,288
4814.0,0,0,8,0,8,0,288
4815.0,0,0,8,0,8,0,288
4816.0,0,0,8,0,8,0,288
4817.0,0,0,8,0,8,0,288
4818.0,0,0,8,0,8,0,288
4819.0,0,0,8,0,8,0,288
4820.0,0,0,8,0,8,0,288
4821.0,0,0,8,0,8,0,288
4822.0,0,0,8,0,8,0,288
4823.0,0,0,8,0,8,0,288
4824.0,0,0,8,0,8,0,288
4825.0,0,0,8,0,8,0,288
4826.0,0,0,8,0,8,0,288
4827.0,0,0,8,0,8,0,288
4828.0,0,0,8,0,8,0,288
4829.0,0,0,8,0,8,0,288
4830.0,0,0,8,0,8,0,288
4831.0,0,0,8,0,8,0,288
4832.0,0,0,8,0,8,0,288
4833.0,0,0,8,0,8,0,288
4834.0,0,0,8,0,8,0,288
4835.0,0,0,8,0,8,0,288
4836.0,0,0,8,0,8,0,288
4837.0,0,0,8,0,8,0,288
4838.0,0,0,8,0,8,0,288
4839.0,0,0,8,0,8,0,288
4840.0,0,0,8,0,8,0,288
4841.0,0,0,8,0,8,0,288
4842.0,0,0,8,0,8,0,288
4843.0,0,0,8,0,8,0,288
4844.0,0,0,8,0,8,0,288
4845.0,0,0,8,0,8,0,288
4846.0,0,0,8,0,8,0,288
4847.0,0,0,8,0,8,0,288
4848.0,0,0,8,0,8,0,288
4849.0,0,0,8,0,8,0,288
4850.0,0,0,8,0,8,0,288
4851.0,0,0,8,0,8,0,288
4852.0,0,0,8,0,8,0,288
4853.0,0,0,8,0,8,0,288
4854.0,0,0,8,0,8,0,288
4855.0,0,0,8,0,8,0,288
4856.0,0,0,8,0,8,0,288
4857.0,0,0,8,0,8,0,288
4858.0,0,0,8,0,8,0,288
4859.0,0,0,8,0,8,0,288
4860.0,0,0,8,0,8,0,288
4861.0,0,0,8,0,8,0,288
4862.0,0,0,8,0,8,0,288
4863.0,0,0,8,0,8,0,288
4864.0,0,0,8,0,8,0,288
4865.0,0,0,8,0,8,0,288
4866.0,0,0,8,0,8,0,288
4867.0,0,0,8,0,8,0,288
4868.0,0,0,8,0,8,0,288
4869.0,0,0,8,0,8,0,288
4870.0,0,0,8,0,8,0,288
4871.0,0,0,8,0,8,0,288
4872.0,0,0,8,0,8,0,288
4873.0,0,0,8,0,8,0,288
4874.0,0,0,8,0,8,0,288
4875.0,0,0,8,0,8,0,288
4876.0,0,0,8,0,8,0,288
4877.0,0,0,8,0,8,0,288
4878.0,0,0,8,0,8,0,288
4879.0,0,0,8,0,8,0,288
4880.0,0,0,8,0,8,0,288
4881.0,0,0,8,0,8,0,288
4882.0,0,0,8,0,8,0,288
4883.0,0,0,8,0,8,0,288
4884.0,0,0,8,0,8,0,288
4885.0,0,0,8,0,8,0,288
4886.0,0,0,8,0,8,0,288
4887.0,0,0,8,0,8,0,288
4888.0,0,0,8,0,8,0,288
4889.0,0,0,8,0,8,0,288
4890.0,0,0,8,0,8,0,288
4891.0,0,0,8,0,8,0,288
4892.0,0,0,8,0,8,0,288
4893.0,0,0,8,0,8,0,288
4894.0,0,0,8,0,8,0,288
4895.0,0,0,8,0,8,0,288
4896.0,0,0,8,0,8,0,288
4897.0,0,0,8,0,8,0,288
4898.0,0,0,8,0,8,0,288
4899.0,0,0,8,0,8,0,288
4900.0,0,0,8,0,8,0,288
4901.0,0,0,8,0,8,0,288
4902.0,0,0,8,0,8,0,288
4903.0,0,0,8,0,8,0,288
4904.0,0,0,8,0,8,0,288
4905.0,0,0,8,0,8,0,288
4906.0,0,0,8,0,8,0,288
4907.0,0,0,8,0,8,0,288
4908.0,0,0,8,0,8,0,288
4909.0,0,0,8,0,8,0,288
4910.0,0,0,8,0,8,0,288
4911.0,0,0,8,0,8,0,288
4912.0,0,0,8,0,8,0,288
4913.0,0,0,8,0,8,0,288
4914.0,0,0,8,0,8,0,288
4915.0,0,0,8,0,8,0,288
4916.0,0,0,8,0,8,0,288
4917.0,0,0,8,0,8,0,288
4918.0,0,0,8,0,8,0,288
4919.0,0,0,8,0,8,0,288
4920.0,0,0,8,0,8,0,288
4921.0,0,0,8,0,8,0,288
4922.0,0,0,8,0,8,0,288
4923.0,0,0,8,0,8,0,288
4924.0,0,0,8,0,8,0,288
4925.0,0,0,8,0,8,0,288
4926.0,0,0,8,0,8,0,288
4927.0,0,0,8,0,8,0,288
4928.0,0,0,8,0,8,0,288
4929.0,0,0,8,0,8,0,288
4930.0,0,0,8,0,8,0,288
4931.0,0,0,8,0,8,0,288
4932.0,0,0,8,0,8,0,288
4933.0,0,0,8,0,8,0,288
4934.0,0,0,8,0,8,0,288
4935.0,0,0,8,0,8,0,288
4936.0,0,0,8,0,8,0,288
4937.0,0,0,8,0,8,0,288
4938.0,0,0,8,0,8,0,288
4939.0,0,0,8,0,8,0,288
4940.0,0,0,8,0,8,0,288
4941.0,0,0,8,0,8,0,288
4942.0,0,0,8,0,8,0,288
4943.0,0,0,8,0,8,0,288
4944.0,0,0,8,0,8,0,288
4945.0,0,0,8,0,8,0,288
4946.0,0,0,8,0,8,0,288
4947.0,0,0,8,0,8,0,288
4948.0,0,0,8,0,8,0,288
4949.0,0,0,8,0,8,0,288
4950.0,0,0,8,0,8,0,288
4951.0,0,0,8,0,8,0,288
4952.0,0,0,8,0,8,0,288
4953.0,0,0,8,0,8,0,288
4954.0,0,0,8,0,8,0,288
4955.0,0,0,8,0,8,0,288
4956.0,0,0,8,0,8,0,288
4957.0,0,0,8,0,8,0,288
4958.0,0,0,8,0,8,0,288
4959.0,0,0,8,0,8,0,288
4960.0,0,0,8,0,8,0,288
4961.0,0,0,8,0,8,0,288
4962.0,0,0,8,0,8,0,288
4963.0,0,0,8,0,8,0,288
4964.0,0,0,8,0,8,0,288
4965.0,0,0,8,0,8,0,288
4966.0,0,0,8,0,8,0,288
4967.0,0,0,8,0,8,0,288
4968.0,0,0,8,0,8,0,288
4969.0,0,0,8,0,8,0,288
4970.0,0,0,8,0,8,0,288
4971.0,0,0,8,0,8,0,288
4972.0,0,0,8,0,8,0,288
4973.0,0,0,8,0,8,0,288
4974.0,0,0,8,0,8,0,288
4975.0,0,0,8,0,8,0,288
4976.0,0,0,8,0,8,0,288
4977.0,0,0,8,0,8,0,288
4978.0,0,0,8,0,8,0,288
4979.0,0,0,8,0,8,0,288
4980.0,0,0,8,0,8,0,288
4981.0,0,0,8,0,8,0,288
4982.0,0,0,8,0,8,0,288
4983.0,0,0,8,0,8,0,288
4984.0,0,0,8,0,8,0,288
4985.0,0,0,8,0,8,0,288
4986.0,0,0,8,0,8,0,288
4987.0,0,0,8,0,8,0,288
4988.0,0,0,8,0,8,0,288
4989.0,0,0,8,0,8,0,288
4990.0,0,0,8,0,8,0,288
4991.0,0,0,8,0,8,0,288
4992.0,0,0,8,0,8,0,288
4993.0,0,0,8,0,8,0,288
4994.0,0,0,8,0,8,0,288
4995.0,0,0,8,0,8,0,288
4996.0,0,0,8,0,8,0,288
4997.0,0,0,8,0,8,0,288
4998.0,0,0,8,0,8,0,288
4999.0,0,0,8,0,8,0,288
5000.0,0,0,8,0,8,0,288
5001.0,0,0,8,0,8,0,288
5002.0,0,0,8,0,8,0,288
5003.0,0,0,8,0,8,0,288
5004.0,0,0,8,0,8,0,288
5005.0,0,0,8,0,8,0,288
5006.0,0,0,8,0,8,0,288
5007.0,0,0,8,0,8,0,288
5008.0,0,0,8,0,8,0,288
5009.0,0,0,8,0,8,0,288
5010.0,0,0,8,0,8,0,288
5011.0,0,0,8,0,8,0,288
5012.0,0,0,8,0,8,0,288
5013.0,0,0,8,0,8,0,288
5014.0,0,0,8,0,8,0,288
5015.0,0,0,8,0,8,0,288
5016.0,0,0,8,0,8,0,288
5017.0,0,0,8,0,8,0,288
5018.0,0,0,8,0,8,0,288
5019.0,0,0,8,0,8,0,288
5020.0,0,0,8,0,8,0,288
5021.0,0,0,8,0,8,0,288
5022.0,0,0,8,0,8,0,288
5023.0,0,0,8,0,8,0,288
5024.0,0,0,8,0,8,0,288
5025.0,0,0,8,0,8,0,288
5026.0,0,0,8,0,8,0,288
5027.0,0,0,8,0,8,0,288
5028.0,0,0,8,0,8,0,288
5029.0,0,0,8,0,8,0,288
5030.0,0,0,8,0,8,0,288
5031.0,0,0,8,0,8,0,288
5032.0,0,0,8,0,8,0,288
5033.0,0,0,8,0,8,0,288
5034.0,0,0,8,0,8,0,288
5035.0,0,0,8,0,8,0,288
5036.0,0,0,8,0,8,0,288
5037.0,0,0,8,0,8,0,288
5038.0,0,0,8,0,8,0,288
5039.0,0,0,8,0,8,0,288
5040.0,0,0,8,0,8,0,288
5041.0,0,0,8,0,8,0,288
5042.0,0,0,8,0,8,0,288
5043.0,0,0,8,0,8,0,288
5044.0,0,0,8,0,8,0,288
5045.0,0,0,8,0,8,0,288
5046.0,0,0,8,0,8,0,288
5047.0,0,0,8,0,8,0,288
5048.0,0,0,8,0,8,0,288
5049.0,0,0,8,0,8,0,288
5050.0,0,0,8,0,8,0,288
5051.0,0,0,8,0,8,0,288
5052.0,0,0,8,0,8,0,288
5053.0,0,0,8,0,8,0,288
5054.0,0,0,8,0,8,0,288
5055.0,0,0,8,0,8,0,288
5056.0,0,0,8,0,8,0,288
5057.0,0,0,8,0,8,0,288
5058.0,0,0,8,0,8,0,288
5059.0,0,0,8,0,8,0,288
5060.0,0,0,8,0,8,0,288
5061.0,0,0,8,0,8,0,288
5062.0,0,0,8,0,8,0,288
5063.0,0,0,8,0,8,0,288
5064.0,0,0,8,0,8,0,288
5065.0,0,0,8,0,8,0,288
5066.0,0,0,8,0,8,0,288
5067.0,0,0,8,0,8,0,288
5068.0,0,0,8,0,8,0,288
5069.0,0,0,8,0,8,0,288
5070.0,0,0,8,0,8,0,288
5071.0,0,0,8,0,8,0,288
5072.0,0,0,8,0,8,0,288
5073.0,0,0,8,0,8,0,288
5074.0,0,0,8,0,8,0,288
5075.0,0,0,8,0,8,0,288
5076.0,0,0,8,0,8,0,288
5077.0,0,0,8,0,8,0,288
5078.0,0,0,8,0,8,0,288
5079.0,0,0,8,0,8,0,288
5080.0,0,0,8,0,8,0,288
5081.0,0,0,8,0,8,0,288
5082.0,0,0,8,0,8,0,288
5083.0,0,0,8,0,8,0,288
5084.0,0,0,8,0,8,0,288
5085.0,0,0,8,0,8,0,288
5086.0,0,0,8,0,8,0,288
5087.0,0,0,8,0,8,0,288
5088.0,0,0,8,0,8,0,288
5089.0,0,0,8,0,8,0,288
5090.0,0,0,8,0,8,0,288
5091.0,0,0,8,0,8,0,288
5092.0,0,0,8,0,8,0,288
5093.0,0,0,8,0,8,0,288
5094.0,0,0,8,0,8,0,288
5095.0,0,0,8,0,8,0,288
5096.0,0,0,8,0,8,0,288
5097.0,0,0,8,0,8,0,288
5098.0,0,0,8,0,8,0,288
5099.0,0,0,8,0,8,0,288
5100.0,0,0,8,0,8,0,288
5101.0,0,0,8,0,8,0,288
5102.0,0,0,8,0,8,0,288
5103.0,0,0,8,0,8,0,288
5104.0,0,0,8,0,8,0,288
5105.0,0,0,8,0,8,0,288
5106.0,0,0,8,0,8,0,288
5107.0,0,0,8,0,8,0,288
5108.0,0,0,8,0,8,0,288
5109.0,0,0,8,0,8,0,288
5110.0,0,0,8,0,8,0,288
5111.0,0,0,8,0,8,0,288
5112.0,0,0,8,0,8,0,288
5113.0,0,0,8,0,8,0,288
5114.0,0,0,8,0,8,0,288
5115.0,0,0,8,0,8,0,288
5116.0,0,0,8,0,8,0,288
5117.0,0,0,8,0,8,0,288
5118.0,0,0,8,0,8,0,288
5119.0,0,0,8,0,8,0,288
5120.0,0,0,8,0,8,0,288
5121.0,0,0,8,0,8,0,288
5122.0,0,0,8,0,8,0,288
5123.0,0,0,8,0,8,0,288
5124.0,0,0,8,0,8,0,288
5125.0,0,0,8,0,8,0,288
5126.0,0,0,8,0,8,0,288
5127.0,0,0,8,0,8,0,288
5128.0,0,0,8,0,8,0,288
5129.0,0,0,8,0,8,0,288
5130.0,0,0,8,0,8,0,288
5131.0,0,0,8,0,8,0,288
5132.0,0,0,8,0,8,0,288
5133.0,0,0,8,0,8,0,288
5134.0,0,0,8,0,8,0,288
5135.0,0,0,8,0,8,0,288
5136.0,0,0,8,0,8,0,288
5137.0,0,0,8,0,8,0,288
5138.0,0,0,8,0,8,0,288
5139.0,0,0,8,0,8,0,288
5140.0,0,0,8,0,8,0,288
5141.0,0,0,8,0,8,0,288
5142.0,0,0,8,0,8,0,288
5143.0,0,0,8,0,8,0,288
5144.0,0,0,8,0,8,0,288
5145.0,0,0,8,0,8,0,288
5146.0,0,0,8,0,8,0,288
5147.0,0,0,8,0,8,0,288
5148.0,0,0,8,0,8,0,288
5149.0,0,0,8,0,8,0,288
5150.0,0,0,8,0,8,0,288
5151.0,0,0,8,0,8,0,288
5152.0,0,0,8,0,8,0,288
5153.0,0,0,8,0,8,0,288
5154.0,0,0,8,0,8,0,288
5155.0,0,0,8,0,8,0,288
5156.0,0,0,8,0,8,0,288
5157.0,0,0,8,0,8,0,288
5158.0,0,0,8,0,8,0,288
5159.0,0,0,8,0,8,0,288
5160.0,0,0,8,0,8,0,288
5161.0,0,0,8,0,8,0,288
5162.0,0,0,8,0,8,0,288
5163.0,0,0,8,0,8,0,288
5164.0,0,0,8,0,8,0,288
5165.0,0,0,8,0,8,0,288
5166.0,0,0,8,0,8,0,288
5167.0,0,0,8,0,8,0,288
5168.0,0,0,8,0,8,0,288
5169.0,0,0,8,0,8,0,288
5170.0,0,0,8,0,8,0,288
5171.0,0,0,8,0,8,0,288
5172.0,0,0,8,0,8,0,288
5173.0,0,0,8,0,8,0,288
5174.0,0,0,8,0,8,0,288
5175.0,0,0,8,0,8,0,288
5176.0,0,0,8,0,8,0,288
5177.0,0,0,8,0,8,0,288
5178.0,0,0,8,0,8,0,288
5179.0,0,0,8,0,8,0,288
5180.0,0,0,8,0,8,0,288
5181.0,0,0,8,0,8,0,288
5182.0,0,0,8,0,8,0,288
5183.0,0,0,8,0,8,0,288
5184.0,0,0,8,0,8,0,288
5185.0,0,0,8,0,8,0,288
5186.0,0,0,8,0,8,0,288
5187.0,0,0,8,0,8,0,288
5188.0,0,0,8,0,8,0,288
5189.0,0,0,8,0,8,0,288
5190.0,0,0,8,0,8,0,288
5191.0,0,0,8,0,8,0,288
5192.0,0,0,8,0,8,0,288
5193.0,0,0,8,0,8,0,288
5194.0,0,0,8,0,8,0,288
5195.0,0,0,8,0,8,0,288
5196.0,0,0,8,0,8,0,288
5197.0,0,0,8,0,8,0,288
5198.0,0,0,8,0,8,0,288
5199.0,0,0,8,0,8,0,288
5200.0,0,0,8,0,8,0,288
5201.0,0,0,8,0,8,0,288
5202.0,0,0,8,0,8,0,288
5203.0,0,0,8,0,8,0,288
5204.0,0,0,8,0,8,0,288
5205.0,0,0,8,0,8,0,288
5206.0,0,0,8,0,8,0,288
5207.0,0,0,8,0,8,0,288
5208.0,0,0,8,0,8,0,288
5209.0,0,0,8,0,8,0,288
5210.0,0,0,8,0,8,0,288
5211.0,0,0,8,0,8,0,288
5212.0,0,0,8,0,8,0,288
5213.0,0,0,8,0,8,0,288
5214.0,0,0,8,0,8,0,288
5215.0,0,0,8,0,8,0,288
5216.0,0,0,8,0,8,0,288
5217.0,0,0,8,0,8,0,288
5218.0,0,0,8,0,8,0,288
5219.0,0,0,8,0,8,0,288
5220.0,0,0,8,0,8,0,288
5221.0,0,0,8,0,8,0,288
5222.0,0,0,8,0,8,0,288
5223.0,0,0,8,0,8,0,288
5224.0,0,0,8,0,8,0,288
5225.0,0,0,8,0,8,0,288
5226.0,0,0,8,0,8,0,288
5227.0,0,0,8,0,8,0,288
5228.0,0,0,8,0,8,0,288
5229.0,0,0,8,0,8,0,288
5230.0,0,0,8,0,8,0,288
5231.0,0,0,8,0,8,0,288
5232.0,0,0,8,0,8,0,288
5233.0,0,0,8,0,8,0,288
5234.0,0,0,8,0,8,0,288
5235.0,0,0,8,0,8,0,288
5236.0,0,0,8,0,8,0,288
5237.0,0,0,8,0,8,0,288
5238.0,0,0,8,0,8,0,288
5239.0,0,0,8,0,8,0,288
5240.0,0,0,8,0,8,0,288
5241.0,0,0,8,0,8,0,288
5242.0,0,0,8,0,8,0,288
5243.0,0,0,8,0,8,0,288
5244.0,0,0,8,0,8,0,288
5245.0,0,0,8,0,8,0,288
5246.0,0,0,8,0,8,0,288
5247.0,0,0,8,0,8,0,288
5248.0,0,0,8,0,8,0,288
5249.0,0,0,8,0,8,0,288
5250.0,0,0,8,0,8,0,288
5251.0,0,0,8,0,8,0,288
5252.0,0,0,8,0,8,0,288
5253.0,0,0,8,0,8,0,288
5254.0,0,0,8,0,8,0,288
5255.0,0,0,8,0,8,0,288
5256.0,0,0,8,0,8,0,288
5257.0,0,0,8,0,8,0,288
5258.0,0,0,8,0,8,0,288
5259.0,0,0,8,0,8,0,288
5260.0,0,0,8,0,8,0,288
5261.0,0,0,8,0,8,0,288
5262.0,0,0,8,0,8,0,288
5263.0,0,0,8,0,8,0,288
5264.0,0,0,8,0,8,0,288
5265.0,0,0,8,0,8,0,288
5266.0,0,0,8,0,8,0,288
5267.0,0,0,8,0,8,0,288
5268.0,0,0,8,0,8,0,288
5269.0,0,0,8,0,8,0,288
5270.0,0,0,8,0,8,0,288
5271.0,0,0,8,0,8,0,288
5272.0,0,0,8,0,8,0,288
5273.0,0,0,8,0,8,0,288
5274.0,0,0,8,0,8,0,288
5275.0,0,0,8,0,8,0,288
5276.0,0,0,8,0,8,0,288
5277.0,0,0,8,0,8,0,288
5278.0,0,0,8,0,8,0,288
5279.0,0,0,8,0,8,0,288
5280.0,0,0,8,0,8,0,288
5281.0,0,0,8,0,8,0,288
5282.0,0,0,8,0,8,0,288
5283.0,0,0,8,0,8,0,288
5284.0,0,0,8,0,8,0,288
5285.0,0,0,8,0,8,0,288
5286.0,0,0,8,0,8,0,288
5287.0,0,0,8,0,8,0,288
5288.0,0,0,8,0,8,0,288
5289.0,0,0,8,0,8,0,288
5290.0,0,0,8,0,8,0,288
5291.0,0,0,8,0,8,0,288
5292.0,0,0,8,0,8,0,288
5293.0,0,0,8,0,8,0,288
5294.0,0,0,8,0,8,0,288
5295.0,0,0,8,0,8,0,288
5296.0,0,0,8,0,8,0,288
5297.0,0,0,8,0,8,0,288
5298.0,0,0,8,0,8,0,288
5299.0,0,0,8,0,8,0,288
5300.0,0,0,8,0,8,0,288
5301.0,0,0,8,0,8,0,288
5302.0,0,0,8,0,8,0,288
5303.0,0,0,8,0,8,0,288
5304.0,0,0,8,0,8,0,288
5305.0,0,0,8,0,8,0,288
5306.0,0,0,8,0,8,0,288
5307.0,0,0,8,0,8,0,288
5308.0,0,0,8,0,8,0,288
5309.0,0,0,8,0,8,0,288
5310.0,0,0,8,0,8,0,288
5311.0,0,0,8,0,8,0,288
5312.0,0,0,8,0,8,0,288
5313.0,0,0,8,0,8,0,288
5314.0,0,0,8,0,8,0,288
5315.0,0,0,8,0,8,0,288
5316.0,0,0,8,0,8,0,288
5317.0,0,0,8,0,8,0,288
5318.0,0,0,8,0,8,0,288
5319.0,0,0,8,0,8,0,288
5320.0,0,0,8,0,8,0,288
5321.0,0,0,8,0,8,0,288
5322.0,0,0,8,0,8,0,288
5323.0,0,0,8,0,8,0,288
5324.0,0,0,8,0,8,0,288
5325.0,0,0,8,0,8,0,288
5326.0,0,0,8,0,8,0,288
5327.0,0,0,8,0,8,0,288
5328.0,0,0,8,0,8,0,288
5329.0,0,0,8,0,8,0,288
5330.0,0,0,8,0,8,0,288
5331.0,0,0,8,0,8,0,288
5332.0,0,0,8,0,8,0,288
5333.0,0,0,8,0,8,0,288
5334.0,0,0,8,0,8,0,288
5335.0,0,0,8,0,8,0,288
5336.0,0,0,8,0,8,0,288
5337.0,0,0,8,0,8,0,288
5338.0,0,0,8,0,8,0,288
5339.0,0,0,8,0,8,0,288
5340.0,0,0,8,0,8,0,288
5341.0,0,0,8,0,8,0,288
5342.0,0,0,8,0,8,0,288
5343.0,0,0,8,0,8,0,288
5344.0,0,0,8,0,8,0,288
5345.0,0,0,8,0,8,0,288
5346.0,0,0,8,0,8,0,288
5347.0,0,0,8,0,8,0,288
5348.0,0,0,8,0,8,0,288
5349.0,0,0,8,0,8,0,288
5350.0,0,0,8,0,8,0,288
5351.0,0,0,8,0,8,0,288
5352.0,0,0,8,0,8,0,288
5353.0,0,0,8,0,8,0,288
5354.0,0,0,8,0,8,0,288
5355.0,0,0,8,0,8,0,288
5356.0,0,0,8,0,8,0,288
5357.0,0,0,8,0,8,0,288
5358.0,0,0,8,0,8,0,288
5359.0,0,0,8,0,8,0,288
5360.0,0,0,8,0,8,0,288
5361.0,0,0,8,0,8,0,288
5362.0,0,0,8,0,8,0,288
5363.0,0,0,8,0,8,0,288
5364.0,0,0,8,0,8,0,288
5365.0,0,0,8,0,8,0,288
5366.0,0,0,8,0,8,0,288
5367.0,0,0,8,0,8,0,288
5368.0,0,0,8,0,8,0,288
5369.0,0,0,8,0,8,0,288
5370.0,0,0,8,0,8,0,288
5371.0,0,0,8,0,8,0,288
5372.0,0,0,8,0,8,0,288
5373.0,0,0,8,0,8,0,288
5374.0,0,0,8,0,8,0,288
5375.0,0,0,8,0,8,0,288
5376.0,0,0,8,0,8,0,288
5377.0,0,0,8,0,8,0,288
5378.0,0,0,8,0,8,0,288
5379.0,0,0,8,0,8,0,288
5380.0,0,0,8,0,8,0,288
5381.0,0,0,8,0,8,0,288
5382.0,0,0,8,0,8,0,288
5383.0,0,0,8,0,8,0,288
5384.0,0,0,8,0,8,0,288
5385.0,0,0,8,0,8,0,288
5386.0,0,0,8,0,8,0,288
5387.0,0,0,8,0,8,0,288
5388.0,0,0,8,0,8,0,288
5389.0,0,0,8,0,8,0,288
5390.0,0,0,8,0,8,0,288
5391.0,0,0,8,0,8,0,288
5392.0,0,0,8,0,8,0,288
5393.0,0,0,8,0,8,0,288
5394.0,0,0,8,0,8,0,288
5395.0,0,0,8,0,8,0,288
5396.0,0,0,8,0,8,0,288
5397.0,0,0,8,0,8,0,288
5398.0,0,0,8,0,8,0,288
5399.0,0,0,8,0,8,0,288
5400.0,0,0,8,0,8,0,288
5401.0,0,0,8,0,8,0,288
5402.0,0,0,8,0,8,0,288
5403.0,0,0,8,0,8,0,288
5404.0,0,0,8,0,8,0,288
5405.0,0,0,8,0,8,0,288
5406.0,0,0,8,0,8,0,288
5407.0,0,0,8,0,8,0,288
5408.0,0,0,8,0,8,0,288
5409.0,0,0,8,0,8,0,288
5410.0,0,0,8,0,8,0,288
5411.0,0,0,8,0,8,0,288
5412.0,0,0,8,0,8,0,288
5413.0,0,0,8,0,8,0,288
5414.0,0,0,8,0,8,0,288
5415.0,0,0,8,0,8,0,288
5416.0,0,0,8,0,8,0,288
5417.0,0,0,8,0,8,0,288
5418.0,0,0,8,0,8,0,288
5419.0,0,0,8,0,8,0,288
5420.0,0,0,8,0,8,0,288
5421.0,0,0,8,0,8,0,288
5422.0,0,0,8,0,8,0,288
5423.0,0,0,8,0,8,0,288
5424.0,0,0,8,0,8,0,288
5425.0,0,0,8,0,8,0,288
5426.0,0,0,8,0,8,0,288
5427.0,0,0,8,0,8,0,288
5428.0,0,0,8,0,8,0,288
5429.0,0,0,8,0,8,0,288
5430.0,0,0,8,0,8,0,288
5431.0,0,0,8,0,8,0,288
5432.0,0,0,8,0,8,0,288
5433.0,0,0,8,0,8,0,288
5434.0,0,0,8,0,8,0,288
5435.0,0,0,8,0,8,0,288
5436.0,0,0,8,0,8,0,288
5437.0,0,0,8,0,8,0,288
5438.0,0,0,8,0,8,0,288
5439.0,0,0,8,0,8,0,288
5440.0,0,0,8,0,8,0,288
5441.0,0,0,8,0,8,0,288
5442.0,0,0,8,0,8,0,288
5443.0,0,0,8,0,8,0,288
5444.0,0,0,8,0,8,0,288
5445.0,0,0,8,0,8,0,288
5446.0,0,0,8,0,8,0,288
5447.0,0,0,8,0,8,0,288
5448.0,0,0,8,0,8,0,288
5449.0,0,0,8,0,8,0,288
5450.0,0,0,8,0,8,0,288
5451.0,0,0,8,0,8,0,288
5452.0,0,0,8,0,8,0,288
5453.0,0,0,8,0,8,0,288
5454.0,0,0,8,0,8,0,288
5455.0,0,0,8,0,8,0,288
5456.0,0,0,8,0,8,0,288
5457.0,0,0,8,0,8,0,288
5458.0,0,0,8,0,8,0,288
5459.0,0,0,8,0,8,0,288
5460.0,0,0,8,0,8,0,288
5461.0,0,0,8,0,8,0,288
5462.0,0,0,8,0,8,0,288
5463.0,0,0,8,0,8,0,288
5464.0,0,0,8,0,8,0,288
5465.0,0,0,8,0,8,0,288
5466.0,0,0,8,0,8,0,288
5467.0,0,0,8,0,8,0,288
5468.0,0,0,8,0,8,0,288
5469.0,0,0,8,0,8,0,288
5470.0,0,0,8,0,8,0,288
5471.0,0,0,8,0,8,0,288
5472.0,0,0,8,0,8,0,288
5473.0,0,0,8,0,8,0,288
5474.0,0,0,8,0,8,0,288
5475.0,0,0,8,0,8,0,288
5476.0,0,0,8,0,8,0,288
5477.0,0,0,8,0,8,0,288
5478.0,0,0,8,0,8,0,288
5479.0,0,0,8,0,8,0,288
5480.0,0,0,8,0,8,0,288
5481.0,0,0,8,0,8,0,288
5482.0,0,0,8,0,8,0,288
5483.0,0,0,8,0,8,0,288
5484.0,0,0,8,0,8,0,288
5485.0,0,0,8,0,8,0,288
5486.0,0,0,8,0,8,0,288
5487.0,0,0,8,0,8,0,288
5488.0,0,0,8,0,8,0,288
5489.0,0,0,8,0,8,0,288
5490.0,0,0,8,0,8,0,288
5491.0,0,0,8,0,8,0,288
5492.0,0,0,8,0,8,0,288
5493.0,0,0,8,0,8,0,288
5494.0,0,0,8,0,8,0,288
5495.0,0,0,8,0,8,0,288
5496.0,0,0,8,0,8,0,288
5497.0,0,0,8,0,8,0,288
5498.0,0,0,8,0,8,0,288
5499.0,0,0,8,0,8,0,288
5500.0,0,0,8,0,8,0,288
5501.0,0,0,8,0,8,0,288
5502.0,0,0,8,0,8,0,288
5503.0,0,0,8,0,8,0,288
5504.0,0,0,8,0,8,0,288
5505.0,0,0,8,0,8,0,288
5506.0,0,0,8,0,8,0,288
5507.0,0,0,8,0,8,0,288
5508.0,0,0,8,0,8,0,288
5509.0,0,0,8,0,8,0,288
5510.0,0,0,8,0,8,0,288
5511.0,0,0,8,0,8,0,288
5512.0,0,0,8,0,8,0,288
5513.0,0,0,8,0,8,0,288
5514.0,0,0,8,0,8,0,288
5515.0,0,0,8,0,8,0,288
5516.0,0,0,8,0,8,0,288
5517.0,0,0,8,0,8,0,288
5518.0,0,0,8,0,8,0,288
5519.0,0,0,8,0,8,0,288
5520.0,0,0,8,0,8,0,288
5521.0,0,0,8,0,8,0,288
5522.0,0,0,8,0,8,0,288
5523.0,0,0,8,0,8,0,288
5524.0,0,0,8,0,8,0,288
5525.0,0,0,8,0,8,0,288
5526.0,0,0,8,0,8,0,288
5527.0,0,0,8,0,8,0,288
5528.0,0,0,8,0,8,0,288
5529.0,0,0,8,0,8,0,288
5530.0,0,0,8,0,8,0,288
5531.0,0,0,8,0,8,0,288
5532.0,0,0,8,0,8,0,288
5533.0,0,0,8,0,8,0,288
5534.0,0,0,8,0,8,0,288
5535.0,0,0,8,0,8,0,288
5536.0,0,0,8,0,8,0,288
5537.0,0,0,8,0,8,0,288
5538.0,0,0,8,0,8,0,288
5539.0,0,0,8,0,8,0,288
5540.0,0,0,8,0,8,0,288
5541.0,0,0,8,0,8,0,288
5542.0,0,0,8,0,8,0,288
5543.0,0,0,8,0,8,0,288
5544.0,0,0,8,0,8,0,288
5545.0,0,0,8,0,8,0,288
5546.0,0,0,8,0,8,0,288
5547.0,0,0,8,0,8,0,288
5548.0,0,0,8,0,8,0,288
5549.0,0,0,8,0,8,0,288
5550.0,0,0,8,0,8,0,288
5551.0,0,0,8,0,8,0,288
5552.0,0,0,8,0,8,0,288
5553.0,0,0,8,0,8,0,288
5554.0,0,0,8,0,8,0,288
5555.0,0,0,8,0,8,0,288
5556.0,0,0,8,0,8,0,288
5557.0,0,0,8,0,8,0,288
5558.0,0,0,8,0,8,0,288
5559.0,0,0,8,0,8,0,288
5560.0,0,0,8,0,8,0,288
5561.0,0,0,8,0,8,0,288
5562.0,0,0,8,0,8,0,288
5563.0,0,0,8,0,8,0,288
5564.0,0,0,8,0,8,0,288
5565.0,0,0,8,0,8,0,288
5566.0,0,0,8,0,8,0,288
5567.0,0,0,8,0,8,0,288
5568.0,0,0,8,0,8,0,288
5569.0,0,0,8,0,8,0,288
5570.0,0,0,8,0,8,0,288
5571.0,0,0,8,0,8,0,288
5572.0,0,0,8,0,8,0,288
5573.0,0,0,8,0,8,0,288
5574.0,0,0,8,0,8,0,288
5575.0,0,0,8,0,8,0,288
5576.0,0,0,8,0,8,0,288
5577.0,0,0,8,0,8,0,288
5578.0,0,0,8,0,8,0,288
5579.0,0,0,8,0,8,0,288
5580.0,0,0,8,0,8,0,288
5581.0,0,0,8,0,8,0,288
5582.0,0,0,8,0,8,0,288
5583.0,0,0,8,0,8,0,288
5584.0,0,0,8,0,8,0,288
5585.0,0,0,8,0,8,0,288
5586.0,0,0,8,0,8,0,288
5587.0,0,0,8,0,8,0,288
5588.0,0,0,8,0,8,0,288
5589.0,0,0,8,0,8,0,288
5590.0,0,0,8,0,8,0,288
5591.0,0,0,8,0,8,0,288
5592.0,0,0,8,0,8,0,288
5593.0,0,0,8,0,8,0,288
5594.0,0,0,8,0,8,0,288
5595.0,0,0,8,0,8,0,288
5596.0,0,0,8,0,8,0,288
5597.0,0,0,8,0,8,0,288
5598.0,0,0,8,0,8,0,288
5599.0,0,0,8,0,8,0,288
5600.0,0,0,8,0,8,0,288
5601.0,0,0,8,0,8,0,288
5602.0,0,0,8,0,8,0,288
5603.0,0,0,8,0,8,0,288
5604.0,0,0,8,0,8,0,288
5605.0,0,0,8,0,8,0,288
5606.0,0,0,8,0,8,0,288
5607.0,0,0,8,0,8,0,288
5608.0,0,0,8,0,8,0,288
5609.0,0,0,8,0,8,0,288
5610.0,0,0,8,0,8,0,288
5611.0,0,0,8,0,8,0,288
5612.0,0,0,8,0,8,0,288
5613.0,0,0,8,0,8,0,288
5614.0,0,0,8,0,8,0,288
5615.0,0,0,8,0,8,0,288
5616.0,0,0,8,0,8,0,288
5617.0,0,0,8,0,8,0,288
5618.0,0,0,8,0,8,0,288
5619.0,0,0,8,0,8,0,288
5620.0,0,0,8,0,8,0,288
5621.0,0,0,8,0,8,0,288
5622.0,0,0,8,0,8,0,288
5623.0,0,0,8,0,8,0,288
5624.0,0,0,8,0,8,0,288
5625.0,0,0,8,0,8,0,288
5626.0,0,0,8,0,8,0,288
5627.0,0,0,8,0,8,0,288
5628.0,0,0,8,0,8,0,288
5629.0,0,0,8,0,8,0,288
5630.0,0,0,8,0,8,0,288
5631.0,0,0,8,0,8,0,288
5632.0,0,0,8,0,8,0,288
5633.0,0,0,8,0,8,0,288
5634.0,0,0,8,0,8,0,288
5635.0,0,0,8,0,8,0,288
5636.0,0,0,8,0,8,0,288
5637.0,0,0,8,0,8,0,288
5638.0,0,0,8,0,8,0,288
5639.0,0,0,8,0,8,0,288
5640.0,0,0,8,0,8,0,288
5641.0,0,0,8,0,8,0,288
5642.0,0,0,8,0,8,0,288
5643.0,0,0,8,0,8,0,288
5644.0,0,0,8,0,8,0,288
5645.0,0,0,8,0,8,0,288
5646.0,0,0,8,0,8,0,288
5647.0,0,0,8,0,8,0,288
5648.0,0,0,8,0,8,0,288
5649.0,0,0,8,0,8,0,288
5650.0,0,0,8,0,8,0,288
5651.0,0,0,8,0,8,0,288
5652.0,0,0,8,0,8,0,288
5653.0,0,0,8,0,8,0,288
5654.0,0,0,8,0,8,0,288
5655.0,0,0,8,0,8,0,288
5656.0,0,0,8,0,8,0,288
5657.0,0,0,8,0,8,0,288
5658.0,0,0,8,0,8,0,288
5659.0,0,0,8,0,8,0,288
5660.0,0,0,8,0,8,0,288
5661.0,0,0,8,0,8,0,288
5662.0,0,0,8,0,8,0,288
5663.0,0,0,8,0,8,0,288
5664.0,0,0,8,0,8,0,288
5665.0,0,0,8,0,8,0,288
5666.0,0,0,8,0,8,0,288
5667.0,0,0,8,0,8,0,288
5668.0,0,0,8,0,8,0,288
5669.0,0,0,8,0,8,0,288
5670.0,0,0,8,0,8,0,288
5671.0,0,0,8,0,8,0,288
5672.0,0,0,8,0,8,0,288
5673.0,0,0,8,0,8,0,288
5674.0,0,0,8,0,8,0,288
5675.0,0,0,8,0,8,0,288
5676.0,0,0,8,0,8,0,288
5677.0,0,0,8,0,8,0,288
5678.0,0,0,8,0,8,0,288
5679.0,0,0,8,0,8,0,288
5680.0,0,0,8,0,8,0,288
5681.0,0,0,8,0,8,0,288
5682.0,0,0,8,0,8,0,288
5683.0,0,0,8,0,8,0,288
5684.0,0,0,8,0,8,0,288
5685.0,0,0,8,0,8,0,288
5686.0,0,0,8,0,8,0,288
5687.0,0,0,8,0,8,0,288
5688.0,0,0,8,0,8,0,288
5689.0,0,0,8,0,8,0,288
5690.0,0,0,8,0,8,0,288
5691.0,0,0,8,0,8,0,288
5692.0,0,0,8,0,8,0,288
5693.0,0,0,8,0,8,0,288
5694.0,0,0,8,0,8,0,288
5695.0,0,0,8,0,8,0,288
5696.0,0,0,8,0,8,0,288
5697.0,0,0,8,0,8,0,288
5698.0,0,0,8,0,8,0,288
5699.0,0,0,8,0,8,0,288
5700.0,0,0,8,0,8,0,288
5701.0,0,0,8,0,8,0,288
5702.0,0,0,8,0,8,0,288
5703.0,0,0,8,0,8,0,288
5704.0,0,0,8,0,8,0,288
5705.0,0,0,8,0,8,0,288
5706.0,0,0,8,0,8,0,288
5707.0,0,0,8,0,8,0,288
5708.0,0,0,8,0,8,0,288
5709.0,0,0,8,0,8,0,288
5710.0,0,0,8,0,8,0,288
5711.0,0,0,8,0,8,0,288
5712.0,0,0,8,0,8,0,288
5713.0,0,0,8,0,8,0,288
5714.0,0,0,8,0,8,0,288
5715.0,0,0,8,0,8,0,288
5716.0,0,0,8,0,8,0,288
5717.0,0,0,8,0,8,0,288
5718.0,0,0,8,0,8,0,288
5719.0,0,0,8,0,8,0,288
5720.0,0,0,8,0,8,0,288
5721.0,0,0,8,0,8,0,288
5722.0,0,0,8,0,8,0,288
5723.0,0,0,8,0,8,0,288
5724.0,0,0,8,0,8,0,288
5725.0,0,0,8,0,8,0,288
5726.0,0,0,8,0,8,0,288
5727.0,0,0,8,0,8,0,288
5728.0,0,0,8,0,8,0,288
5729.0,0,0,8,0,8,0,288
5730.0,0,0,8,0,8,0,288
5731.0,0,0,8,0,8,0,288
5732.0,0,0,8,0,8,0,288
5733.0,0,0,8,0,8,0,288
5734.0,0,0,8,0,8,0,288
5735.0,0,0,8,0,8,0,288
5736.0,0,0,8,0,8,0,288
5737.0,0,0,8,0,8,0,288
5738.0,0,0,8,0,8,0,288
5739.0,0,0,8,0,8,0,288
5740.0,0,0,8,0,8,0,288
5741.0,0,0,8,0,8,0,288
5742.0,0,0,8,0,8,0,288
5743.0,0,0,8,0,8,0,288
5744.0,0,0,8,0,8,0,288
5745.0,0,0,8,0,8,0,288
5746.0,0,0,8,0,8,0,288
5747.0,0,0,8,0,8,0,288
5748.0,0,0,8,0,8,0,288
5749.0,0,0,8,0,8,0,288
5750.0,0,0,8,0,8,0,288
5751.0,0,0,8,0,8,0,288
5752.0,0,0,8,0,8,0,288
5753.0,0,0,8,0,8,0,288
5754.0,0,0,8,0,8,0,288
5755.0,0,0,8,0,8,0,288
5756.0,0,0,8,0,8,0,288
5757.0,0,0,8,0,8,0,288
5758.0,0,0,8,0,8,0,288
5759.0,0,0,8,0,8,0,288
5760.0,0,0,8,0,8,0,288
5761.0,0,0,8,0,8,0,288
5762.0,0,0,8,0,8,0,288
5763.0,0,0,8,0,8,0,288
5764.0,0,0,8,0,8,0,288
5765.0,0,0,8,0,8,0,288
5766.0,0,0,8,0,8,0,288
5767.0,0,0,8,0,8,0,288
5768.0,0,0,8,0,8,0,288
5769.0,0,0,8,0,8,0,288
5770.0,0,0,8,0,8,0,288
5771.0,0,0,8,0,8,0,288
5772.0,0,0,8,0,8,0,288
5773.0,0,0,8,0,8,0,288
5774.0,0,0,8,0,8,0,288
5775.0,0,0,8,0,8,0,288
5776.0,0,0,8,0,8,0,288
5777.0,0,0,8,0,8,0,288
5778.0,0,0,8,0,8,0,288
5779.0,0,0,8,0,8,0,288
5780.0,0,0,8,0,8,0,288
5781.0,0,0,8,0,8,0,288
5782.0,0,0,8,0,8,0,288
5783.0,0,0,8,0,8,0,288
5784.0,0,0,8,0,8,0,288
5785.0,0,0,8,0,8,0,288
5786.0,0,0,8,0,8,0,288
5787.0,0,0,8,0,8,0,288
5788.0,0,0,8,0,8,0,288
5789.0,0,0,8,0,8,0,288
5790.0,0,0,8,0,8,0,288
5791.0,0,0,8,0,8,0,288
5792.0,0,0,8,0,8,0,288
5793.0,0,0,8,0,8,0,288
5794.0,0,0,8,0,8,0,288
5795.0,0,0,8,0,8,0,288
5796.0,0,0,8,0,8,0,288
5797.0,0,0,8,0,8,0,288
5798.0,0,0,8,0,8,0,288
5799.0,0,0,8,0,8,0,288
5800.0,0,0,8,0,8,0,288
5801.0,0,0,8,0,8,0,288
5802.0,0,0,8,0,8,0,288
5803.0,0,0,8,0,8,0,288
5804.0,0,0,8,0,8,0,288
5805.0,0,0,8,0,8,0,288
5806.0,0,0,8,0,8,0,288
5807.0,0,0,8,0,8,0,288
5808.0,0,0,8,0,8,0,288
5809.0,0,0,8,0,8,0,288
5810.0,0,0,8,0,8,0,288
5811.0,0,0,8,0,8,0,288
5812.0,0,0,8,0,8,0,288
5813.0,0,0,8,0,8,0,288
5814.0,0,0,8,0,8,0,288
5815.0,0,0,8,0,8,0,288
5816.0,0,0,8,0,8,0,288
5817.0,0,0,8,0,8,0,288
5818.0,0,0,8,0,8,0,288
5819.0,0,0,8,0,8,0,288
5820.0,0,0,8,0,8,0,288
5821.0,0,0,8,0,8,0,288
5822.0,0,0,8,0,8,0,288
5823.0,0,0,8,0,8,0,288
5824.0,0,0,8,0,8,0,288
5825.0,0,0,8,0,8,0,288
5826.0,0,0,8,0,8,0,288
5827.0,0,0,8,0,8,0,288
5828.0,0,0,8,0,8,0,288
5829.0,0,0,8,0,8,0,288
5830.0,0,0,8,0,8,0,288
5831.0,0,0,8,0,8,0,288
5832.0,0,0,8,0,8,0,288
5833.0,0,0,8,0,8,0,288
5834.0,0,0,8,0,8,0,288
5835.0,0,0,8,0,8,0,288
5836.0,0,0,8,0,8,0,288
5837.0,0,0,8,0,8,0,288
5838.0,0,0,8,0,8,0,288
5839.0,0,0,8,0,8,0,288
5840.0,0,0,8,0,8,0,288
5841.0,0,0,8,0,8,0,288
5842.0,0,0,8,0,8,0,288
5843.0,0,0,8,0,8,0,288
5844.0,0,0,8,0,8,0,288
5845.0,0,0,8,0,8,0,288
5846.0,0,0,8,0,8,0,288
5847.0,0,0,8,0,8,0,288
5848.0,0,0,8,0,8,0,288
5849.0,0,0,8,0,8,0,288
5850.0,0,0,8,0,8,0,288
5851.0,0,0,8,0,8,0,288
5852.0,0,0,8,0,8,0,288
5853.0,0,0,8,0,8,0,288
5854.0,0,0,8,0,8,0,288
5855.0,0,0,8,0,8,0,288
5856.0,0,0,8,0,8,0,288
5857.0,0,0,8,0,8,0,288
5858.0,0,0,8,0,8,0,288
5859.0,0,0,8,0,8,0,288
5860.0,0,0,8,0,8,0,288
5861.0,0,0,8,0,8,0,288
5862.0,0,0,8,0,8,0,288
5863.0,0,0,8,0,8,0,288
5864.0,0,0,8,0,8,0,288
5865.0,0,0,8,0,8,0,288
5866.0,0,0,8,0,8,0,288
5867.0,0,0,8,0,8,0,288
5868.0,0,0,8,0,8,0,288
5869.0,0,0,8,0,8,0,288
5870.0,0,0,8,0,8,0,288
5871.0,0,0,8,0,8,0,288
5872.0,0,0,8,0,8,0,288
5873.0,0,0,8,0,8,0,288
5874.0,0,0,8,0,8,0,288
5875.0,0,0,8,0,8,0,288
5876.0,0,0,8,0,8,0,288
5877.0,0,0,8,0,8,0,288
5878.0,0,0,8,0,8,0,288
5879.0,0,0,8,0,8,0,288
5880.0,0,0,8,0,8,0,288
5881.0,0,0,8,0,8,0,288
5882.0,0,0,8,0,8,0,288
5883.0,0,0,8,0,8,0,288
5884.0,0,0,8,0,8,0,288
5885.0,0,0,8,0,8,0,288
5886.0,0,0,8,0,8,0,288
5887.0,0,0,8,0,8,0,288
5888.0,0,0,8,0,8,0,288
5889.0,0,0,8,0,8,0,288
5890.0,0,0,8,0,8,0,288
5891.0,0,0,8,0,8,0,288
5892.0,0,0,8,0,8,0,288
5893.0,0,0,8,0,8,0,288
5894.0,0,0,8,0,8,0,288
5895.0,0,0,8,0,8,0,288
5896.0,0,0,8,0,8,0,288
5897.0,0,0,8,0,8,0,288
5898.0,0,0,8,0,8,0,288
5899.0,0,0,8,0,8,0,288
5900.0,0,0,8,0,8,0,288
5901.0,0,0,8,0,8,0,288
5902.0,0,0,8,0,8,0,288
5903.0,0,0,8,0,8,0,288
5904.0,0,0,8,0,8,0,288
5905.0,0,0,8,0,8,0,288
5906.0,0,0,8,0,8,0,288
5907.0,0,0,8,0,8,0,288
5908.0,0,0,8,0,8,0,288
5909.0,0,0,8,0,8,0,288
5910.0,0,0,8,0,8,0,288
5911.0,0,0,8,0,8,0,288
5912.0,0,0,8,0,8,0,288
5913.0,0,0,8,0,8,0,288
5914.0,0,0,8,0,8,0,288
5915.0,0,0,8,0,8,0,288
5916.0,0,0,8,0,8,0,288
5917.0,0,0,8,0,8,0,288
5918.0,0,0,8,0,8,0,288
5919.0,0,0,8,0,8,0,288
5920.0,0,0,8,0,8,0,288
5921.0,0,0,8,0,8,0,288
5922.0,0,0,8,0,8,0,288
5923.0,0,0,8,0,8,0,288
5924.0,0,0,8,0,8,0,288
5925.0,0,0,8,0,8,0,288
5926.0,0,0,8,0,8,0,288
5927.0,0,0,8,0,8,0,288
5928.0,0,0,8,0,8,0,288
5929.0,0,0,8,0,8,0,288
5930.0,0,0,8,0,8,0,288
5931.0,0,0,8,0,8,0,288
5932.0,0,0,8,0,8,0,288
5933.0,0,0,8,0,8,0,288
5934.0,0,0,8,0,8,0,288
5935.0,0,0,8,0,8,0,288
5936.0,0,0,8,0,8,0,288
5937.0,0,0,8,0,8,0,288
5938.0,0,0,8,0,8,0,288
5939.0,0,0,8,0,8,0,288
5940.0,0,0,8,0,8,0,288
5941.0,0,0,8,0,8,0,288
5942.0,0,0,8,0,8,0,288
5943.0,0,0,8,0,8,0,288
5944.0,0,0,8,0,8,0,288
5945.0,0,0,8,0,8,0,288
5946.0,0,0,8,0,8,0,288
5947.0,0,0,8,0,8,0,288
5948.0,0,0,8,0,8,0,288
5949.0,0,0,8,0,8,0,288
5950.0,0,0,8,0,8,0,288
5951.0,0,0,8,0,8,0,288
5952.0,0,0,8,0,8,0,288
5953.0,0,0,8,0,8,0,288
5954.0,0,0,8,0,8,0,288
5955.0,0,0,8,0,8,0,288
5956.0,0,0,8,0,8,0,288
5957.0,0,0,8,0,8,0,288
5958.0,0,0,8,0,8,0,288
5959.0,0,0,8,0,8,0,288
5960.0,0,0,8,0,8,0,288
5961.0,0,0,8,0,8,0,288
5962.0,0,0,8,0,8,0,288
5963.0,0,0,8,0,8,0,288
5964.0,0,0,8,0,8,0,288
5965.0,0,0,8,0,8,0,288
5966.0,0,0,8,0,8,0,288
5967.0,0,0,8,0,8,0,288
5968.0,0,0,8,0,8,0,288
5969.0,0,0,8,0,8,0,288
5970.0,0,0,8,0,8,0,288
5971.0,0,0,8,0,8,0,288
5972.0,0,0,8,0,8,0,288
5973.0,0,0,8,0,8,0,288
5974.0,0,0,8,0,8,0,288
5975.0,0,0,8,0,8,0,288
5976.0,0,0,8,0,8,0,288
5977.0,0,0,8,0,8,0,288
5978.0,0,0,8,0,8,0,288
5979.0,0,0,8,0,8,0,288
5980.0,0,0,8,0,8,0,288
5981.0,0,0,8,0,8,0,288
5982.0,0,0,8,0,8,0,288
5983.0,0,0,8,0,8,0,288
5984.0,0,0,8,0,8,0,288
5985.0,0,0,8,0,8,0,288
5986.0,0,0,8,0,8,0,288
5987.0,0,0,8,0,8,0,288
5988.0,0,0,8,0,8,0,288
5989.0,0,0,8,0,8,0,288
5990.0,0,0,8,0,8,0,288
5991.0,0,0,8,0,8,0,288
5992.0,0,0,8,0,8,0,288
5993.0,0,0,8,0,8,0,288
5994.0,0,0,8,0,8,0,288
5995.0,0,0,8,0,8,0,288
5996.0,0,0,8,0,8,0,288
5997.0,0,0,8,0,8,0,288
5998.0,0,0,8,0,8,0,288
5999.0,0,0,8,0,8,0,288
6000.0,0,0,8,0,8,0,288
6001.0,0,0,8,0,8,0,288
6002.0,0,0,8,0,8,0,288
6003.0,0,0,8,0,8,0,288
6004.0,0,0,8,0,8,0,288
6005.0,0,0,8,0,8,0,288
6006.0,0,0,8,0,8,0,288
6007.0,0,0,8,0,8,0,288
6008.0,0,0,8,0,8,0,288
6009.0,0,0,8,0,8,0,288
6010.0,0,0,8,0,8,0,288
6011.0,0,0,8,0,8,0,288
6012.0,0,0,8,0,8,0,288
6013.0,0,0,8,0,8,0,288
6014.0,0,0,8,0,8,0,288
6015.0,0,0,8,0,8,0,288
6016.0,0,0,8,0,8,0,288
6017.0,0,0,8,0,8,0,288
6018.0,0,0,8,0,8,0,288
6019.0,0,0,8,0,8,0,288
6020.0,0,0,8,0,8,0,288
6021.0,0,0,8,0,8,0,288
6022.0,0,0,8,0,8,0,288
6023.0,0,0,8,0,8,0,288
6024.0,0,0,8,0,8,0,288
6025.0,0,0,8,0,8,0,288
6026.0,0,0,8,0,8,0,288
6027.0,0,0,8,0,8,0,288
6028.0,0,0,8,0,8,0,288
6029.0,0,0,8,0,8,0,288
6030.0,0,0,8,0,8,0,288
6031.0,0,0,8,0,8,0,288
6032.0,0,0,8,0,8,0,288
6033.0,0,0,8,0,8,0,288
6034.0,0,0,8,0,8,0,288
6035.0,0,0,8,0,8,0,288
6036.0,0,0,8,0,8,0,288
6037.0,0,0,8,0,8,0,288
6038.0,0,0,8,0,8,0,288
6039.0,0,0,8,0,8,0,288
6040.0,0,0,8,0,8,0,288
6041.0,0,0,8,0,8,0,288
6042.0,0,0,8,0,8,0,288
6043.0,0,0,8,0,8,0,288
6044.0,0,0,8,0,8,0,288
6045.0,0,0,8,0,8,0,288
6046.0,0,0,8,0,8,0,288
6047.0,0,0,8,0,8,0,288
6048.0,0,0,8,0,8,0,288
6049.0,0,0,8,0,8,0,288
6050.0,0,0,8,0,8,0,288
6051.0,0,0,8,0,8,0,288
6052.0,0,0,8,0,8,0,288
6053.0,0,0,8,0,8,0,288
6054.0,0,0,8,0,8,0,288
6055.0,0,0,8,0,8,0,288
6056.0,0,0,8,0,8,0,288
6057.0,0,0,8,0,8,0,288
6058.0,0,0,8,0,8,0,288
6059.0,0,0,8,0,8,0,288
6060.0,0,0,8,0,8,0,288
6061.0,0,0,8,0,8,0,288
6062.0,0,0,8,0,8,0,288
6063.0,0,0,8,0,8,0,288
6064.0,0,0,8,0,8,0,288
6065.0,0,0,8,0,8,0,288
6066.0,0,0,8,0,8,0,288
6067.0,0,0,8,0,8,0,288
6068.0,0,0,8,0,8,0,288
6069.0,0,0,8,0,8,0,288
6070.0,0,0,8,0,8,0,288
6071.0,0,0,8,0,8,0,288
6072.0,0,0,8,0,8,0,288
6073.0,0,0,8,0,8,0,288
6074.0,0,0,8,0,8,0,288
6075.0,0,0,8,0,8,0,288
6076.0,0,0,8,0,8,0,288
6077.0,0,0,8,0,8,0,288
6078.0,0,0,8,0,8,0,288
6079.0,0,0,8,0,8,0,288
6080.0,0,0,8,0,8,0,288
6081.0,0,0,8,0,8,0,288
6082.0,0,0,8,0,8,0,288
6083.0,0,0,8,0,8,0,288
6084.0,0,0,8,0,8,0,288
6085.0,0,0,8,0,8,0,288
6086.0,0,0,8,0,8,0,288
6087.0,0,0,8,0,8,0,288
6088.0,0,0,8,0,8,0,288
6089.0,0,0,8,0,8,0,288
6090.0,0,0,8,0,8,0,288
6091.0,0,0,8,0,8,0,288
6092.0,0,0,8,0,8,0,288
6093.0,0,0,8,0,8,0,288
6094.0,0,0,8,0,8,0,288
6095.0,0,0,8,0,8,0,288
6096.0,0,0,8,0,8,0,288
6097.0,0,0,8,0,8,0,288
6098.0,0,0,8,0,8,0,288
6099.0,0,0,8,0,8,0,288
6100.0,0,0,8,0,8,0,288
6101.0,0,0,8,0,8,0,288
6102.0,0,0,8,0,8,0,288
6103.0,0,0,8,0,8,0,288
6104.0,0,0,8,0,8,0,288
6105.0,0,0,8,0,8,0,288
6106.0,0,0,8,0,8,0,288
6107.0,0,0,8,0,8,0,288
6108.0,0,0,8,0,8,0,288
6109.0,0,0,8,0,8,0,288
6110.0,0,0,8,0,8,0,288
6111.0,0,0,8,0,8,0,288
6112.0,0,0,8,0,8,0,288
6113.0,0,0,8,0,8,0,288
6114.0,0,0,8,0,8,0,288
6115.0,0,0,8,0,8,0,288
6116.0,0,0,8,0,8,0,288
6117.0,0,0,8,0,8,0,288
6118.0,0,0,8,0,8,0,288
6119.0,0,0,8,0,8,0,288
6120.0,0,0,8,0,8,0,288
6121.0,0,0,8,0,8,0,288
6122.0,0,0,8,0,8,0,288
6123.0,0,0,8,0,8,0,288
6124.0,0,0,8,0,8,0,288
6125.0,0,0,8,0,8,0,288
6126.0,0,0,8,0,8,0,288
6127.0,0,0,8,0,8,0,288
6128.0,0,0,8,0,8,0,288
6129.0,0,0,8,0,8,0,288
6130.0,0,0,8,0,8,0,288
6131.0,0,0,8,0,8,0,288
6132.0,0,0,8,0,8,0,288
6133.0,0,0,8,0,8,0,288
6134.0,0,0,8,0,8,0,288
6135.0,0,0,8,0,8,0,288
6136.0,0,0,8,0,8,0,288
6137.0,0,0,8,0,8,0,288
6138.0,0,0,8,0,8,0,288
6139.0,0,0,8,0,8,0,288
6140.0,0,0,8,0,8,0,288
6141.0,0,0,8,0,8,0,288
6142.0,0,0,8,0,8,0,288
6143.0,0,0,8,0,8,0,288
6144.0,0,0,8,0,8,0,288
6145.0,0,0,8,0,8,0,288
6146.0,0,0,8,0,8,0,288
6147.0,0,0,8,0,8,0,288
6148.0,0,0,8,0,8,0,288
6149.0,0,0,8,0,8,0,288
6150.0,0,0,8,0,8,0,288
6151.0,0,0,8,0,8,0,288
6152.0,0,0,8,0,8,0,288
6153.0,0,0,8,0,8,0,288
6154.0,0,0,8,0,8,0,288
6155.0,0,0,8,0,8,0,288
6156.0,0,0,8,0,8,0,288
6157.0,0,0,8,0,8,0,288
6158.0,0,0,8,0,8,0,288
6159.0,0,0,8,0,8,0,288
6160.0,0,0,8,0,8,0,288
6161.0,0,0,8,0,8,0,288
6162.0,0,0,8,0,8,0,288
6163.0,0,0,8,0,8,0,288
6164.0,0,0,8,0,8,0,288
6165.0,0,0,8,0,8,0,288
6166.0,0,0,8,0,8,0,288
6167.0,0,0,8,0,8,0,288
6168.0,0,0,8,0,8,0,288
6169.0,0,0,8,0,8,0,288
6170.0,0,0,8,0,8,0,288
6171.0,0,0,8,0,8,0,288
6172.0,0,0,8,0,8,0,288
6173.0,0,0,8,0,8,0,288
6174.0,0,0,8,0,8,0,288
6175.0,0,0,8,0,8,0,288
6176.0,0,0,8,0,8,0,288
6177.0,0,0,8,0,8,0,288
6178.0,0,0,8,0,8,0,288
6179.0,0,0,8,0,8,0,288
6180.0,0,0,8,0,8,0,288
6181.0,0,0,8,0,8,0,288
6182.0,0,0,8,0,8,0,288
6183.0,0,0,8,0,8,0,288
6184.0,0,0,8,0,8,0,288
6185.0,0,0,8,0,8,0,288
6186.0,0,0,8,0,8,0,288
6187.0,0,0,8,0,8,0,288
6188.0,0,0,8,0,8,0,288
6189.0,0,0,8,0,8,0,288
6190.0,0,0,8,0,8,0,288
6191.0,0,0,8,0,8,0,288
6192.0,0,0,8,0,8,0,288
6193.0,0,0,8,0,8,0,288
6194.0,0,0,8,0,8,0,288
6195.0,0,0,8,0,8,0,288
6196.0,0,0,8,0,8,0,288
6197.0,0,0,8,0,8,0,288
6198.0,0,0,8,0,8,0,288
6199.0,0,0,8,0,8,0,288
6200.0,0,0,8,0,8,0,288
6201.0,0,0,8,0,8,0,288
6202.0,0,0,8,0,8,0,288
6203.0,0,0,8,0,8,0,288
6204.0,0,0,8,0,8,0,288
6205.0,0,0,8,0,8,0,288
6206.0,0,0,8,0,8,0,288
6207.0,0,0,8,0,8,0,288
6208.0,0,0,8,0,8,0,288
6209.0,0,0,8,0,8,0,288
6210.0,0,0,8,0,8,0,288
6211.0,0,0,8,0,8,0,288
6212.0,0,0,8,0,8,0,288
6213.0,0,0,8,0,8,0,288
6214.0,0,0,8,0,8,0,288
6215.0,0,0,8,0,8,0,288
6216.0,0,0,8,0,8,0,288
6217.0,0,0,8,0,8,0,288
6218.0,0,0,8,0,8,0,288
6219.0,0,0,8,0,8,0,288
6220.0,0,0,8,0,8,0,288
6221.0,0,0,8,0,8,0,288
6222.0,0,0,8,0,8,0,288
6223.0,0,0,8,0,8,0,288
6224.0,0,0,8,0,8,0,288
6225.0,0,0,8,0,8,0,288
6226.0,0,0,8,0,8,0,288
6227.0,0,0,8,0,8,0,288
6228.0,0,0,8,0,8,0,288
6229.0,0,0,8,0,8,0,288
6230.0,0,0,8,0,8,0,288
6231.0,0,0,8,0,8,0,288
6232.0,0,0,8,0,8,0,288
6233.0,0,0,8,0,8,0,288
6234.0,0,0,8,0,8,0,288
6235.0,0,0,8,0,8,0,288
6236.0,0,0,8,0,8,0,288
6237.0,0,0,8,0,8,0,288
6238.0,0,0,8,0,8,0,288
6239.0,0,0,8,0,8,0,288
6240.0,0,0,8,0,8,0,288
6241.0,0,0,8,0,8,0,288
6242.0,0,0,8,0,8,0,288
6243.0,0,0,8,0,8,0,288
6244.0,0,0,8,0,8,0,288
6245.0,0,0,8,0,8,0,288
6246.0,0,0,8,0,8,0,288
6247.0,0,0,8,0,8,0,288
6248.0,0,0,8,0,8,0,288
6249.0,0,0,8,0,8,0,288
6250.0,0,0,8,0,8,0,288
6251.0,0,0,8,0,8,0,288
6252.0,0,0,8,0,8,0,288
6253.0,0,0,8,0,8,0,288
6254.0,0,0,8,0,8,0,288
6255.0,0,0,8,0,8,0,288
6256.0,0,0,8,0,8,0,288
6257.0,0,0,8,0,8,0,288
6258.0,0,0,8,0,8,0,288
6259.0,0,0,8,0,8,0,288
6260.0,0,0,8,0,8,0,288
6261.0,0,0,8,0,8,0,288
6262.0,0,0,8,0,8,0,288
6263.0,0,0,8,0,8,0,288
6264.0,0,0,8,0,8,0,288
6265.0,0,0,8,0,8,0,288
6266.0,0,0,8,0,8,0,288
6267.0,0,0,8,0,8,0,288
6268.0,0,0,8,0,8,0,288
6269.0,0,0,8,0,8,0,288
6270.0,0,0,8,0,8,0,288
6271.0,0,0,8,0,8,0,288
6272.0,0,0,8,0,8,0,288
6273.0,0,0,8,0,8,0,288
6274.0,0,0,8,0,8,0,288
6275.0,0,0,8,0,8,0,288
6276.0,0,0,8,0,8,0,288
6277.0,0,0,8,0,8,0,288
6278.0,0,0,8,0,8,0,288
6279.0,0,0,8,0,8,0,288
6280.0,0,0,8,0,8,0,288
6281.0,0,0,8,0,8,0,288
6282.0,0,0,8,0,8,0,288
6283.0,0,0,8,0,8,0,288
6284.0,0,0,8,0,8,0,288
6285.0,0,0,8,0,8,0,288
6286.0,0,0,8,0,8,0,288
6287.0,0,0,8,0,8,0,288
6288.0,0,0,8,0,8,0,288
6289.0,0,0,8,0,8,0,288
6290.0,0,0,8,0,8,0,288
6291.0,0,0,8,0,8,0,288
6292.0,0,0,8,0,8,0,288
6293.0,0,0,8,0,8,0,288
6294.0,0,0,8,0,8,0,288
6295.0,0,0,8,0,8,0,288
6296.0,0,0,8,0,8,0,288
6297.0,0,0,8,0,8,0,288
6298.0,0,0,8,0,8,0,288
6299.0,0,0,8,0,8,0,288
6300.0,0,0,8,0,8,0,288
6301.0,0,0,8,0,8,0,288
6302.0,0,0,8,0,8,0,288
6303.0,0,0,8,0,8,0,288
6304.0,0,0,8,0,8,0,288
6305.0,0,0,8,0,8,0,288
6306.0,0,0,8,0,8,0,288
6307.0,0,0,8,0,8,0,288
6308.0,0,0,8,0,8,0,288
6309.0,0,0,8,0,8,0,288
6310.0,0,0,8,0,8,0,288
6311.0,0,0,8,0,8,0,288
6312.0,0,0,8,0,8,0,288
6313.0,0,0,8,0,8,0,288
6314.0,0,0,8,0,8,0,288
6315.0,0,0,8,0,8,0,288
6316.0,0,0,8,0,8,0,288
6317.0,0,0,8,0,8,0,288
6318.0,0,0,8,0,8,0,288
6319.0,0,0,8,0,8,0,288
6320.0,0,0,8,0,8,0,288
6321.0,0,0,8,0,8,0,288
6322.0,0,0,8,0,8,0,288
6323.0,0,0,8,0,8,0,288
6324.0,0,0,8,0,8,0,288
6325.0,0,0,8,0,8,0,288
6326.0,0,0,8,0,8,0,288
6327.0,0,0,8,0,8,0,288
6328.0,0,0,8,0,8,0,288
6329.0,0,0,8,0,8,0,288
6330.0,0,0,8,0,8,0,288
6331.0,0,0,8,0,8,0,288
6332.0,0,0,8,0,8,0,288
6333.0,0,0,8,0,8,0,288
6334.0,0,0,8,0,8,0,288
6335.0,0,0,8,0,8,0,288
6336.0,0,0,8,0,8,0,288
6337.0,0,0,8,0,8,0,288
6338.0,0,0,8,0,8,0,288
6339.0,0,0,8,0,8,0,288
6340.0,0,0,8,0,8,0,288
6341.0,0,0,8,0,8,0,288
6342.0,0,0,8,0,8,0,288
6343.0,0,0,8,0,8,0,288
6344.0,0,0,8,0,8,0,288
6345.0,0,0,8,0,8,0,288
6346.0,0,0,8,0,8,0,288
6347.0,0,0,8,0,8,0,288
6348.0,0,0,8,0,8,0,288
6349.0,0,0,8,0,8,0,288
6350.0,0,0,8,0,8,0,288
6351.0,0,0,8,0,8,0,288
6352.0,0,0,8,0,8,0,288
6353.0,0,0,8,0,8,0,288
6354.0,0,0,8,0,8,0,288
6355.0,0,0,8,0,8,0,288
6356.0,0,0,8,0,8,0,288
6357.0,0,0,8,0,8,0,288
6358.0,0,0,8,0,8,0,288
6359.0,0,0,8,0,8,0,288
6360.0,0,0,8,0,8,0,288
6361.0,0,0,8,0,8,0,288
6362.0,0,0,8,0,8,0,288
6363.0,0,0,8,0,8,0,288
6364.0,0,0,8,0,8,0,288
6365.0,0,0,8,0,8,0,288
6366.0,0,0,8,0,8,0,288
6367.0,0,0,8,0,8,0,288
6368.0,0,0,8,0,8,0,288
6369.0,0,0,8,0,8,0,288
6370.0,0,0,8,0,8,0,288
6371.0,0,0,8,0,8,0,288
6372.0,0,0,8,0,8,0,288
6373.0,0,0,8,0,8,0,288
6374.0,0,0,8,0,8,0,288
6375.0,0,0,8,0,8,0,288
6376.0,0,0,8,0,8,0,288
6377.0,0,0,8,0,8,0,288
6378.0,0,0,8,0,8,0,288
6379.0,0,0,8,0,8,0,288
6380.0,0,0,8,0,8,0,288
6381.0,0,0,8,0,8,0,288
6382.0,0,0,8,0,8,0,288
6383.0,0,0,8,0,8,0,288
6384.0,0,0,8,0,8,0,288
6385.0,0,0,8,0,8,0,288
6386.0,0,0,8,0,8,0,288
6387.0,0,0,8,0,8,0,288
6388.0,0,0,8,0,8,0,288
6389.0,0,0,8,0,8,0,288
6390.0,0,0,8,0,8,0,288
6391.0,0,0,8,0,8,0,288
6392.0,0,0,8,0,8,0,288
6393.0,0,0,8,0,8,0,288
6394.0,0,0,8,0,8,0,288
6395.0,0,0,8,0,8,0,288
6396.0,0,0,8,0,8,0,288
6397.0,0,0,8,0,8,0,288
6398.0,0,0,8,0,8,0,288
6399.0,0,0,8,0,8,0,288
6400.0,0,0,8,0,8,0,288
6401.0,0,0,8,0,8,0,288
6402.0,0,0,8,0,8,0,288
6403.0,0,0,8,0,8,0,288
6404.0,0,0,8,0,8,0,288
6405.0,0,0,8,0,8,0,288
6406.0,0,0,8,0,8,0,288
6407.0,0,0,8,0,8,0,288
6408.0,0,0,8,0,8,0,288
6409.0,0,0,8,0,8,0,288
6410.0,0,0,8,0,8,0,288
6411.0,0,0,8,0,8,0,288
6412.0,0,0,8,0,8,0,288
6413.0,0,0,8,0,8,0,288
6414.0,0,0,8,0,8,0,288
6415.0,0,0,8,0,8,0,288
6416.0,0,0,8,0,8,0,288
6417.0,0,0,8,0,8,0,288
6418.0,0,0,8,0,8,0,288
6419.0,0,0,8,0,8,0,288
6420.0,0,0,8,0,8,0,288
6421.0,0,0,8,0,8,0,288
6422.0,0,0,8,0,8,0,288
6423.0,0,0,8,0,8,0,288
6424.0,0,0,8,0,8,0,288
6425.0,0,0,8,0,8,0,288
6426.0,0,0,8,0,8,0,288
6427.0,0,0,8,0,8,0,288
6428.0,0,0,8,0,8,0,288
6429.0,0,0,8,0,8,0,288
6430.0,0,0,8,0,8,0,288
6431.0,0,0,8,0,8,0,288
6432.0,0,0,8,0,8,0,288
6433.0,0,0,8,0,8,0,288
6434.0,0,0,8,0,8,0,288
6435.0,0,0,8,0,8,0,288
6436.0,0,0,8,0,8,0,288
6437.0,0,0,8,0,8,0,288
6438.0,0,0,8,0,8,0,288
6439.0,0,0,8,0,8,0,288
6440.0,0,0,8,0,8,0,288
6441.0,0,0,8,0,8,0,288
6442.0,0,0,8,0,8,0,288
6443.0,0,0,8,0,8,0,288
6444.0,0,0,8,0,8,0,288
6445.0,0,0,8,0,8,0,288
6446.0,0,0,8,0,8,0,288
6447.0,0,0,8,0,8,0,288
6448.0,0,0,8,0,8,0,288
6449.0,0,0,8,0,8,0,288
6450.0,0,0,8,0,8,0,288
6451.0,0,0,8,0,8,0,288
6452.0,0,0,8,0,8,0,288
6453.0,0,0,8,0,8,0,288
6454.0,0,0,8,0,8,0,288
6455.0,0,0,8,0,8,0,288
6456.0,0,0,8,0,8,0,288
6457.0,0,0,8,0,8,0,288
6458.0,0,0,8,0,8,0,288
6459.0,0,0,8,0,8,0,288
6460.0,0,0,8,0,8,0,288
6461.0,0,0,8,0,8,0,288
6462.0,0,0,8,0,8,0,288
6463.0,0,0,8,0,8,0,288
6464.0,0,0,8,0,8,0,288
6465.0,0,0,8,0,8,0,288
6466.0,0,0,8,0,8,0,288
6467.0,0,0,8,0,8,0,288
6468.0,0,0,8,0,8,0,288
6469.0,0,0,8,0,8,0,288
6470.0,0,0,8,0,8,0,288
6471.0,0,0,8,0,8,0,288
6472.0,0,0,8,0,8,0,288
6473.0,0,0,8,0,8,0,288
6474.0,0,0,8,0,8,0,288
6475.0,0,0,8,0,8,0,288
6476.0,0,0,8,0,8,0,288
6477.0,0,0,8,0,8,0,288
6478.0,0,0,8,0,8,0,288
6479.0,0,0,8,0,8,0,288
6480.0,0,0,8,0,8,0,288
6481.0,0,0,8,0,8,0,288
6482.0,0,0,8,0,8,0,288
6483.0,0,0,8,0,8,0,288
6484.0,0,0,8,0,8,0,288
6485.0,0,0,8,0,8,0,288
6486.0,0,0,8,0,8,0,288
6487.0,0,0,8,0,8,0,288
6488.0,0,0,8,0,8,0,288
6489.0,0,0,8,0,8,0,288
6490.0,0,0,8,0,8,0,288
6491.0,0,0,8,0,8,0,288
6492.0,0,0,8,0,8,0,288
6493.0,0,0,8,0,8,0,288
6494.0,0,0,8,0,8,0,288
6495.0,0,0,8,0,8,0,288
6496.0,0,0,8,0,8,0,288
6497.0,0,0,8,0,8,0,288
6498.0,0,0,8,0,8,0,288
6499.0,0,0,8,0,8,0,288
6500.0,0,0,8,0,8,0,288
6501.0,0,0,8,0,8,0,288
6502.0,0,0,8,0,8,0,288
6503.0,0,0,8,0,8,0,288
6504.0,0,0,8,0,8,0,288
6505.0,0,0,8,0,8,0,288
6506.0,0,0,8,0,8,0,288
6507.0,0,0,8,0,8,0,288
6508.0,0,0,8,0,8,0,288
6509.0,0,0,8,0,8,0,288
6510.0,0,0,8,0,8,0,288
6511.0,0,0,8,0,8,0,288
6512.0,0,0,8,0,8,0,288
6513.0,0,0,8,0,8,0,288
6514.0,0,0,8,0,8,0,288
6515.0,0,0,8,0,8,0,288
6516.0,0,0,8,0,8,0,288
6517.0,0,0,8,0,8,0,288
6518.0,0,0,8,0,8,0,288
6519.0,0,0,8,0,8,0,288
6520.0,0,0,8,0,8,0,288
6521.0,0,0,8,0,8,0,288
6522.0,0,0,8,0,8,0,288
6523.0,0,0,8,0,8,0,288
6524.0,0,0,8,0,8,0,288
6525.0,0,0,8,0,8,0,288
6526.0,0,0,8,0,8,0,288
6527.0,0,0,8,0,8,0,288
6528.0,0,0,8,0,8,0,288
6529.0,0,0,8,0,8,0,288
6530.0,0,0,8,0,8,0,288
6531.0,0,0,8,0,8,0,288
6532.0,0,0,8,0,8,0,288
6533.0,0,0,8,0,8,0,288
6534.0,0,0,8,0,8,0,288
6535.0,0,0,8,0,8,0,288
6536.0,0,0,8,0,8,0,288
6537.0,0,0,8,0,8,0,288
6538.0,0,0,8,0,8,0,288
6539.0,0,0,8,0,8,0,288
6540.0,0,0,8,0,8,0,288
6541.0,0,0,8,0,8,0,288
6542.0,0,0,8,0,8,0,288
6543.0,0,0,8,0,8,0,288
6544.0,0,0,8,0,8,0,288
6545.0,0,0,8,0,8,0,288
6546.0,0,0,8,0,8,0,288
6547.0,0,0,8,0,8,0,288
6548.0,0,0,8,0,8,0,288
6549.0,0,0,8,0,8,0,288
6550.0,0,0,8,0,8,0,288
6551.0,0,0,8,0,8,0,288
6552.0,0,0,8,0,8,0,288
6553.0,0,0,8,0,8,0,288
6554.0,0,0,8,0,8,0,288
6555.0,0,0,8,0,8,0,288
6556.0,0,0,8,0,8,0,288
6557.0,0,0,8,0,8,0,288
6558.0,0,0,8,0,8,0,288
6559.0,0,0,8,0,8,0,288
6560.0,0,0,8,0,8,0,288
6561.0,0,0,8,0,8,0,288
6562.0,0,0,8,0,8,0,288
6563.0,0,0,8,0,8,0,288
6564.0,0,0,8,0,8,0,288
6565.0,0,0,8,0,8,0,288
6566.0,0,0,8,0,8,0,288
6567.0,0,0,8,0,8,0,288
6568.0,0,0,8,0,8,0,288
6569.0,0,0,8,0,8,0,288
6570.0,0,0,8,0,8,0,288
6571.0,0,0,8,0,8,0,288
6572.0,0,0,8,0,8,0,288
6573.0,0,0,8,0,8,0,288
6574.0,0,0,8,0,8,0,288
6575.0,0,0,8,0,8,0,288
6576.0,0,0,8,0,8,0,288
6577.0,0,0,8,0,8,0,288
6578.0,0,0,8,0,8,0,288
6579.0,0,0,8,0,8,0,288
6580.0,0,0,8,0,8,0,288
6581.0,0,0,8,0,8,0,288
6582.0,0,0,8,0,8,0,288
6583.0,0,0,8,0,8,0,288
6584.0,0,0,8,0,8,0,288
6585.0,0,0,8,0,8,0,288
6586.0,0,0,8,0,8,0,288
6587.0,0,0,8,0,8,0,288
6588.0,0,0,8,0,8,0,288
6589.0,0,0,8,0,8,0,288
6590.0,0,0,8,0,8,0,288
6591.0,0,0,8,0,8,0,288
6592.0,0,0,8,0,8,0,288
6593.0,0,0,8,0,8,0,288
6594.0,0,0,8,0,8,0,288
6595.0,0,0,8,0,8,0,288
6596.0,0,0,8,0,8,0,288
6597.0,0,0,8,0,8,0,288
6598.0,0,0,8,0,8,0,288
6599.0,0,0,8,0,8,0,288
6600.0,0,0,8,0,8,0,288
6601.0,0,0,8,0,8,0,288
6602.0,0,0,8,0,8,0,288
6603.0,0,0,8,0,8,0,288
6604.0,0,0,8,0,8,0,288
6605.0,0,0,8,0,8,0,288
6606.0,0,0,8,0,8,0,288
6607.0,0,0,8,0,8,0,288
6608.0,0,0,8,0,8,0,288
6609.0,0,0,8,0,8,0,288
6610.0,0,0,8,0,8,0,288
6611.0,0,0,8,0,8,0,288
6612.0,0,0,8,0,8,0,288
6613.0,0,0,8,0,8,0,288
6614.0,0,0,8,0,8,0,288
6615.0,0,0,8,0,8,0,288
6616.0,0,0,8,0,8,0,288
6617.0,0,0,8,0,8,0,288
6618.0,0,0,8,0,8,0,288
6619.0,0,0,8,0,8,0,288
6620.0,0,0,8,0,8,0,288
6621.0,0,0,8,0,8,0,288
6622.0,0,0,8,0,8,0,288
6623.0,0,0,8,0,8,0,288
6624.0,0,0,8,0,8,0,288
6625.0,0,0,8,0,8,0,288
6626.0,0,0,8,0,8,0,288
6627.0,0,0,8,0,8,0,288
6628.0,0,0,8,0,8,0,288
6629.0,0,0,8,0,8,0,288
6630.0,0,0,8,0,8,0,288
6631.0,0,0,8,0,8,0,288
6632.0,0,0,8,0,8,0,288
6633.0,0,0,8,0,8,0,288
6634.0,0,0,8,0,8,0,288
6635.0,0,0,8,0,8,0,288
6636.0,0,0,8,0,8,0,288
6637.0,0,0,8,0,8,0,288
6638.0,0,0,8,0,8,0,288
6639.0,0,0,8,0,8,0,288
6640.0,0,0,8,0,8,0,288
6641.0,0,0,8,0,8,0,288
6642.0,0,0,8,0,8,0,288
6643.0,0,0,8,0,8,0,288
6644.0,0,0,8,0,8,0,288
6645.0,0,0,8,0,8,0,288
6646.0,0,0,8,0,8,0,288
6647.0,0,0,8,0,8,0,288
6648.0,0,0,8,0,8,0,288
6649.0,0,0,8,0,8,0,288
6650.0,0,0,8,0,8,0,288
6651.0,0,0,8,0,8,0,288
6652.0,0,0,8,0,8,0,288
6653.0,0,0,8,0,8,0,288
6654.0,0,0,8,0,8,0,288
6655.0,0,0,8,0,8,0,288
6656.0,0,0,8,0,8,0,288
6657.0,0,0,8,0,8,0,288
6658.0,0,0,8,0,8,0,288
6659.0,0,0,8,0,8,0,288
6660.0,0,0,8,0,8,0,288
6661.0,0,0,8,0,8,0,288
6662.0,0,0,8,0,8,0,288
6663.0,0,0,8,0,8,0,288
6664.0,0,0,8,0,8,0,288
6665.0,0,0,8,0,8,0,288
6666.0,0,0,8,0,8,0,288
6667.0,0,0,8,0,8,0,288
6668.0,0,0,8,0,8,0,288
6669.0,0,0,8,0,8,0,288
6670.0,0,0,8,0,8,0,288
6671.0,0,0,8,0,8,0,288
6672.0,0,0,8,0,8,0,288
6673.0,0,0,8,0,8,0,288
6674.0,0,0,8,0,8,0,288
6675.0,0,0,8,0,8,0,288
6676.0,0,0,8,0,8,0,288
6677.0,0,0,8,0,8,0,288
6678.0,0,0,8,0,8,0,288
6679.0,0,0,8,0,8,0,288
6680.0,0,0,8,0,8,0,288
6681.0,0,0,8,0,8,0,288
6682.0,0,0,8,0,8,0,288
6683.0,0,0,8,0,8,0,288
6684.0,0,0,8,0,8,0,288
6685.0,0,0,8,0,8,0,288
6686.0,0,0,8,0,8,0,288
6687.0,0,0,8,0,8,0,288
6688.0,0,0,8,0,8,0,288
6689.0,0,0,8,0,8,0,288
6690.0,0,0,8,0,8,0,288
6691.0,0,0,8,0,8,0,288
6692.0,0,0,8,0,8,0,288
6693.0,0,0,8,0,8,0,288
6694.0,0,0,8,0,8,0,288
6695.0,0,0,8,0,8,0,288
6696.0,0,0,8,0,8,0,288
6697.0,0,0,8,0,8,0,288
6698.0,0,0,8,0,8,0,288
6699.0,0,0,8,0,8,0,288
6700.0,0,0,8,0,8,0,288
6701.0,0,0,8,0,8,0,288
6702.0,0,0,8,0,8,0,288
6703.0,0,0,8,0,8,0,288
6704.0,0,0,8,0,8,0,288
6705.0,0,0,8,0,8,0,288
6706.0,0,0,8,0,8,0,288
6707.0,0,0,8,0,8,0,288
6708.0,0,0,8,0,8,0,288
6709.0,0,0,8,0,8,0,288
6710.0,0,0,8,0,8,0,288
6711.0,0,0,8,0,8,0,288
6712.0,0,0,8,0,8,0,288
6713.0,0,0,8,0,8,0,288
6714.0,0,0,8,0,8,0,288
6715.0,0,0,8,0,8,0,288
6716.0,0,0,8,0,8,0,288
6717.0,0,0,8,0,8,0,288
6718.0,0,0,8,0,8,0,288
6719.0,0,0,8,0,8,0,288
6720.0,0,0,8,0,8,0,288
6721.0,0,0,8,0,8,0,288
6722.0,0,0,8,0,8,0,288
6723.0,0,0,8,0,8,0,288
6724.0,0,0,8,0,8,0,288
6725.0,0,0,8,0,8,0,288
6726.0,0,0,8,0,8,0,288
6727.0,0,0,8,0,8,0,288
6728.0,0,0,8,0,8,0,288
6729.0,0,0,8,0,8,0,288
6730.0,0,0,8,0,8,0,288
6731.0,0,0,8,0,8,0,288
6732.0,0,0,8,0,8,0,288
6733.0,0,0,8,0,8,0,288
6734.0,0,0,8,0,8,0,288
6735.0,0,0,8,0,8,0,288
6736.0,0,0,8,0,8,0,288
6737.0,0,0,8,0,8,0,288
6738.0,0,0,8,0,8,0,288
6739.0,0,0,8,0,8,0,288
6740.0,0,0,8,0,8,0,288
6741.0,0,0,8,0,8,0,288
6742.0,0,0,8,0,8,0,288
6743.0,0,0,8,0,8,0,288
6744.0,0,0,8,0,8,0,288
6745.0,0,0,8,0,8,0,288
6746.0,0,0,8,0,8,0,288
6747.0,0,0,8,0,8,0,288
6748.0,0,0,8,0,8,0,288
6749.0,0,0,8,0,8,0,288
6750.0,0,0,8,0,8,0,288
6751.0,0,0,8,0,8,0,288
6752.0,0,0,8,0,8,0,288
6753.0,0,0,8,0,8,0,288
6754.0,0,0,8,0,8,0,288
6755.0,0,0,8,0,8,0,288
6756.0,0,0,8,0,8,0,288
6757.0,0,0,8,0,8,0,288
6758.0,0,0,8,0,8,0,288
6759.0,0,0,8,0,8,0,288
6760.0,0,0,8,0,8,0,288
6761.0,0,0,8,0,8,0,288
6762.0,0,0,8,0,8,0,288
6763.0,0,0,8,0,8,0,288
6764.0,0,0,8,0,8,0,288
6765.0,0,0,8,0,8,0,288
6766.0,0,0,8,0,8,0,288
6767.0,0,0,8,0,8,0,288
6768.0,0,0,8,0,8,0,288
6769.0,0,0,8,0,8,0,288
6770.0,0,0,8,0,8,0,288
6771.0,0,0,8,0,8,0,288
6772.0,0,0,8,0,8,0,288
6773.0,0,0,8,0,8,0,288
6774.0,0,0,8,0,8,0,288
6775.0,0,0,8,0,8,0,288
6776.0,0,0,8,0,8,0,288
6777.0,0,0,8,0,8,0,288
6778.0,0,0,8,0,8,0,288
6779.0,0,0,8,0,8,0,288
6780.0,0,0,8,0,8,0,288
6781.0,0,0,8,0,8,0,288
6782.0,0,0,8,0,8,0,288
6783.0,0,0,8,0,8,0,288
6784.0,0,0,8,0,8,0,288
6785.0,0,0,8,0,8,0,288
6786.0,0,0,8,0,8,0,288
6787.0,0,0,8,0,8,0,288
6788.0,0,0,8,0,8,0,288
6789.0,0,0,8,0,8,0,288
6790.0,0,0,8,0,8,0,288
6791.0,0,0,8,0,8,0,288
6792.0,0,0,8,0,8,0,288
6793.0,0,0,8,0,8,0,288
6794.0,0,0,8,0,8,0,288
6795.0,0,0,8,0,8,0,288
6796.0,0,0,8,0,8,0,288
6797.0,0,0,8,0,8,0,288
6798.0,0,0,8,0,8,0,288
6799.0,0,0,8,0,8,0,288
6800.0,0,0,8,0,8,0,288
6801.0,0,0,8,0,8,0,288
6802.0,0,0,8,0,8,0,288
6803.0,0,0,8,0,8,0,288
6804.0,0,0,8,0,8,0,288
6805.0,0,0,8,0,8,0,288
6806.0,0,0,8,0,8,0,288
6807.0,0,0,8,0,8,0,288
6808.0,0,0,8,0,8,0,288
6809.0,0,0,8,0,8,0,288
6810.0,0,0,8,0,8,0,288
6811.0,0,0,8,0,8,0,288
6812.0,0,0,8,0,8,0,288
6813.0,0,0,8,0,8,0,288
6814.0,0,0,8,0,8,0,288
6815.0,0,0,8,0,8,0,288
6816.0,0,0,8,0,8,0,288
6817.0,0,0,8,0,8,0,288
6818.0,0,0,8,0,8,0,288
6819.0,0,0,8,0,8,0,288
6820.0,0,0,8,0,8,0,288
6821.0,0,0,8,0,8,0,288
6822.0,0,0,8,0,8,0,288
6823.0,0,0,8,0,8,0,288
6824.0,0,0,8,0,8,0,288
6825.0,0,0,8,0,8,0,288
6826.0,0,0,8,0,8,0,288
6827.0,0,0,8,0,8,0,288
6828.0,0,0,8,0,8,0,288
6829.0,0,0,8,0,8,0,288
6830.0,0,0,8,0,8,0,288
6831.0,0,0,8,0,8,0,288
6832.0,0,0,8,0,8,0,288
6833.0,0,0,8,0,8,0,288
6834.0,0,0,8,0,8,0,288
6835.0,0,0,8,0,8,0,288
6836.0,0,0,8,0,8,0,288
6837.0,0,0,8,0,8,0,288
6838.0,0,0,8,0,8,0,288
6839.0,0,0,8,0,8,0,288
6840.0,0,0,8,0,8,0,288
6841.0,0,0,8,0,8,0,288
6842.0,0,0,8,0,8,0,288
6843.0,0,0,8,0,8,0,288
6844.0,0,0,8,0,8,0,288
6845.0,0,0,8,0,8,0,288
6846.0,0,0,8,0,8,0,288
6847.0,0,0,8,0,8,0,288
6848.0,0,0,8,0,8,0,288
6849.0,0,0,8,0,8,0,288
6850.0,0,0,8,0,8,0,288
6851.0,0,0,8,0,8,0,288
6852.0,0,0,8,0,8,0,288
6853.0,0,0,8,0,8,0,288
6854.0,0,0,8,0,8,0,288
6855.0,0,0,8,0,8,0,288
6856.0,0,0,8,0,8,0,288
6857.0,0,0,8,0,8,0,288
6858.0,0,0,8,0,8,0,288
6859.0,0,0,8,0,8,0,288
6860.0,0,0,8,0,8,0,288
6861.0,0,0,8,0,8,0,288
6862.0,0,0,8,0,8,0,288
6863.0,0,0,8,0,8,0,288
6864.0,0,0,8,0,8,0,288
6865.0,0,0,8,0,8,0,288
6866.0,0,0,8,0,8,0,288
6867.0,0,0,8,0,8,0,288
6868.0,0,0,8,0,8,0,288
6869.0,0,0,8,0,8,0,288
6870.0,0,0,8,0,8,0,288
6871.0,0,0,8,0,8,0,288
6872.0,0,0,8,0,8,0,288
6873.0,0,0,8,0,8,0,288
6874.0,0,0,8,0,8,0,288
6875.0,0,0,8,0,8,0,288
6876.0,0,0,8,0,8,0,288
6877.0,0,0,8,0,8,0,288
6878.0,0,0,8,0,8,0,288
6879.0,0,0,8,0,8,0,288
6880.0,0,0,8,0,8,0,288
6881.0,0,0,8,0,8,0,288
6882.0,0,0,8,0,8,0,288
6883.0,0,0,8,0,8,0,288
6884.0,0,0,8,0,8,0,288
6885.0,0,0,8,0,8,0,288
6886.0,0,0,8,0,8,0,288
6887.0,0,0,8,0,8,0,288
6888.0,0,0,8,0,8,0,288
6889.0,0,0,8,0,8,0,288
6890.0,0,0,8,0,8,0,288
6891.0,0,0,8,0,8,0,288
6892.0,0,0,8,0,8,0,288
6893.0,0,0,8,0,8,0,288
6894.0,0,0,8,0,8,0,288
6895.0,0,0,8,0,8,0,288
6896.0,0,0,8,0,8,0,288
6897.0,0,0,8,0,8,0,288
6898.0,0,0,8,0,8,0,288
6899.0,0,0,8,0,8,0,288
6900.0,0,0,8,0,8,0,288
6901.0,0,0,8,0,8,0,288
6902.0,0,0,8,0,8,0,288
6903.0,0,0,8,0,8,0,288
6904.0,0,0,8,0,8,0,288
6905.0,0,0,8,0,8,0,288
6906.0,0,0,8,0,8,0,288
6907.0,0,0,8,0,8,0,288
6908.0,0,0,8,0,8,0,288
6909.0,0,0,8,0,8,0,288
6910.0,0,0,8,0,8,0,288
6911.0,0,0,8,0,8,0,288
6912.0,0,0,8,0,8,0,288
6913.0,0,0,8,0,8,0,288
6914.0,0,0,8,0,8,0,288
6915.0,0,0,8,0,8,0,288
6916.0,0,0,8,0,8,0,288
6917.0,0,0,8,0,8,0,288
6918.0,0,0,8,0,8,0,288
6919.0,0,0,8,0,8,0,288
6920.0,0,0,8,0,8,0,288
6921.0,0,0,8,0,8,0,288
6922.0,0,0,8,0,8,0,288
6923.0,0,0,8,0,8,0,288
6924.0,0,0,8,0,8,0,288
6925.0,0,0,8,0,8,0,288
6926.0,0,0,8,0,8,0,288
6927.0,0,0,8,0,8,0,288
6928.0,0,0,8,0,8,0,288
6929.0,0,0,8,0,8,0,288
6930.0,0,0,8,0,8,0,288
6931.0,0,0,8,0,8,0,288
6932.0,0,0,8,0,8,0,288
6933.0,0,0,8,0,8,0,288
6934.0,0,0,8,0,8,0,288
6935.0,0,0,8,0,8,0,288
6936.0,0,0,8,0,8,0,288
6937.0,0,0,8,0,8,0,288
6938.0,0,0,8,0,8,0,288
6939.0,0,0,8,0,8,0,288
6940.0,0,0,8,0,8,0,288
6941.0,0,0,8,0,8,0,288
6942.0,0,0,8,0,8,0,288
6943.0,0,0,8,0,8,0,288
6944.0,0,0,8,0,8,0,288
6945.0,0,0,8,0,8,0,288
6946.0,0,0,8,0,8,0,288
6947.0,0,0,8,0,8,0,288
6948.0,0,0,8,0,8,0,288
6949.0,0,0,8,0,8,0,288
6950.0,0,0,8,0,8,0,288
6951.0,0,0,8,0,8,0,288
6952.0,0,0,8,0,8,0,288
6953.0,0,0,8,0,8,0,288
6954.0,0,0,8,0,8,0,288
6955.0,0,0,8,0,8,0,288
6956.0,0,0,8,0,8,0,288
6957.0,0,0,8,0,8,0,288
6958.0,0,0,8,0,8,0,288
6959.0,0,0,8,0,8,0,288
6960.0,0,0,8,0,8,0,288
6961.0,0,0,8,0,8,0,288
6962.0,0,0,8,0,8,0,288
6963.0,0,0,8,0,8,0,288
6964.0,0,0,8,0,8,0,288
6965.0,0,0,8,0,8,0,288
6966.0,0,0,8,0,8,0,288
6967.0,0,0,8,0,8,0,288
6968.0,0,0,8,0,8,0,288
6969.0,0,0,8,0,8,0,288
6970.0,0,0,8,0,8,0,288
6971.0,0,0,8,0,8,0,288
6972.0,0,0,8,0,8,0,288
6973.0,0,0,8,0,8,0,288
6974.0,0,0,8,0,8,0,288
6975.0,0,0,8,0,8,0,288
6976.0,0,0,8,0,8,0,288
6977.0,0,0,8,0,8,0,288
6978.0,0,0,8,0,8,0,288
6979.0,0,0,8,0,8,0,288
6980.0,0,0,8,0,8,0,288
6981.0,0,0,8,0,8,0,288
6982.0,0,0,8,0,8,0,288
6983.0,0,0,8,0,8,0,288
6984.0,0,0,8,0,8,0,288
6985.0,0,0,8,0,8,0,288
6986.0,0,0,8,0,8,0,288
6987.0,0,0,8,0,8,0,288
6988.0,0,0,8,0,8,0,288
6989.0,0,0,8,0,8,0,288
6990.0,0,0,8,0,8,0,288
6991.0,0,0,8,0,8,0,288
6992.0,0,0,8,0,8,0,288
6993.0,0,0,8,0,8,0,288
6994.0,0,0,8,0,8,0,288
6995.0,0,0,8,0,8,0,288
6996.0,0,0,8,0,8,0,288
6997.0,0,0,8,0,8,0,288
6998.0,0,0,8,0,8,0,288
6999.0,0,0,8,0,8,0,288
7000.0,0,0,8,0,8,0,288
7001.0,0,0,8,0,8,0,288
7002.0,0,0,8,0,8,0,288
7003.0,0,0,8,0,8,0,288
7004.0,0,0,8,0,8,0,288
7005.0,0,0,8,0,8,0,288
7006.0,0,0,8,0,8,0,288
7007.0,0,0,8,0,8,0,288
7008.0,0,0,8,0,8,0,288
7009.0,0,0,8,0,8,0,288
7010.0,0,0,8,0,8,0,288
7011.0,0,0,8,0,8,0,288
7012.0,0,0,8,0,8,0,288
7013.0,0,0,8,0,8,0,288
7014.0,0,0,8,0,8,0,288
7015.0,0,0,8,0,8,0,288
7016.0,0,0,8,0,8,0,288
7017.0,0,0,8,0,8,0,288
7018.0,0,0,8,0,8,0,288
7019.0,0,0,8,0,8,0,288
7020.0,0,0,8,0,8,0,288
7021.0,0,0,8,0,8,0,288
7022.0,0,0,8,0,8,0,288
7023.0,0,0,8,0,8,0,288
7024.0,0,0,8,0,8,0,288
7025.0,0,0,8,0,8,0,288
7026.0,0,0,8,0,8,0,288
7027.0,0,0,8,0,8,0,288
7028.0,0,0,8,0,8,0,288
7029.0,0,0,8,0,8,0,288
7030.0,0,0,8,0,8,0,288
7031.0,0,0,8,0,8,0,288
7032.0,0,0,8,0,8,0,288
7033.0,0,0,8,0,8,0,288
7034.0,0,0,8,0,8,0,288
7035.0,0,0,8,0,8,0,288
7036.0,0,0,8,0,8,0,288
7037.0,0,0,8,0,8,0,288
7038.0,0,0,8,0,8,0,288
7039.0,0,0,8,0,8,0,288
7040.0,0,0,8,0,8,0,288
7041.0,0,0,8,0,8,0,288
7042.0,0,0,8,0,8,0,288
7043.0,0,0,8,0,8,0,288
7044.0,0,0,8,0,8,0,288
7045.0,0,0,8,0,8,0,288
7046.0,0,0,8,0,8,0,288
7047.0,0,0,8,0,8,0,288
7048.0,0,0,8,0,8,0,288
7049.0,0,0,8,0,8,0,288
7050.0,0,0,8,0,8,0,288
7051.0,0,0,8,0,8,0,288
7052.0,0,0,8,0,8,0,288
7053.0,0,0,8,0,8,0,288
7054.0,0,0,8,0,8,0,288
7055.0,0,0,8,0,8,0,288
7056.0,0,0,8,0,8,0,288
7057.0,0,0,8,0,8,0,288
7058.0,0,0,8,0,8,0,288
7059.0,0,0,8,0,8,0,288
7060.0,0,0,8,0,8,0,288
7061.0,0,0,8,0,8,0,288
7062.0,0,0,8,0,8,0,288
7063.0,0,0,8,0,8,0,288
7064.0,0,0,8,0,8,0,288
7065.0,0,0,8,0,8,0,288
7066.0,0,0,8,0,8,0,288
7067.0,0,0,8,0,8,0,288
7068.0,0,0,8,0,8,0,288
7069.0,0,0,8,0,8,0,288
7070.0,0,0,8,0,8,0,288
7071.0,0,0,8,0,8,0,288
7072.0,0,0,8,0,8,0,288
7073.0,0,0,8,0,8,0,288
7074.0,0,0,8,0,8,0,288
7075.0,0,0,8,0,8,0,288
7076.0,0,0,8,0,8,0,288
7077.0,0,0,8,0,8,0,288
7078.0,0,0,8,0,8,0,288
7079.0,0,0,8,0,8,0,288
7080.0,0,0,8,0,8,0,288
7081.0,0,0,8,0,8,0,288
7082.0,0,0,8,0,8,0,288
7083.0,0,0,8,0,8,0,288
7084.0,0,0,8,0,8,0,288
7085.0,0,0,8,0,8,0,288
7086.0,0,0,8,0,8,0,288
7087.0,0,0,8,0,8,0,288
7088.0,0,0,8,0,8,0,288
7089.0,0,0,8,0,8,0,288
7090.0,0,0,8,0,8,0,288
7091.0,0,0,8,0,8,0,288
7092.0,0,0,8,0,8,0,288
7093.0,0,0,8,0,8,0,288
7094.0,0,0,8,0,8,0,288
7095.0,0,0,8,0,8,0,288
7096.0,0,0,8,0,8,0,288
7097.0,0,0,8,0,8,0,288
7098.0,0,0,8,0,8,0,288
7099.0,0,0,8,0,8,0,288
7100.0,0,0,8,0,8,0,288
7101.0,0,0,8,0,8,0,288
7102.0,0,0,8,0,8,0,288
7103.0,0,0,8,0,8,0,288
7104.0,0,0,8,0,8,0,288
7105.0,0,0,8,0,8,0,288
7106.0,0,0,8,0,8,0,288
7107.0,0,0,8,0,8,0,288
7108.0,0,0,8,0,8,0,288
7109.0,0,0,8,0,8,0,288
7110.0,0,0,8,0,8,0,288
7111.0,0,0,8,0,8,0,288
7112.0,0,0,8,0,8,0,288
7113.0,0,0,8,0,8,0,288
7114.0,0,0,8,0,8,0,288
7115.0,0,0,8,0,8,0,288
7116.0,0,0,8,0,8,0,288
7117.0,0,0,8,0,8,0,288
7118.0,0,0,8,0,8,0,288
7119.0,0,0,8,0,8,0,288
7120.0,0,0,8,0,8,0,288
7121.0,0,0,8,0,8,0,288
7122.0,0,0,8,0,8,0,288
7123.0,0,0,8,0,8,0,288
7124.0,0,0,8,0,8,0,288
7125.0,0,0,8,0,8,0,288
7126.0,0,0,8,0,8,0,288
7127.0,0,0,8,0,8,0,288
7128.0,0,0,8,0,8,0,288
7129.0,0,0,8,0,8,0,288
7130.0,0,0,8,0,8,0,288
7131.0,0,0,8,0,8,0,288
7132.0,0,0,8,0,8,0,288
7133.0,0,0,8,0,8,0,288
7134.0,0,0,8,0,8,0,288
7135.0,0,0,8,0,8,0,288
7136.0,0,0,8,0,8,0,288
7137.0,0,0,8,0,8,0,288
7138.0,0,0,8,0,8,0,288
7139.0,0,0,8,0,8,0,288
7140.0,0,0,8,0,8,0,288
7141.0,0,0,8,0,8,0,288
7142.0,0,0,8,0,8,0,288
7143.0,0,0,8,0,8,0,288
7144.0,0,0,8,0,8,0,288
7145.0,0,0,8,0,8,0,288
7146.0,0,0,8,0,8,0,288
7147.0,0,0,8,0,8,0,288
7148.0,0,0,8,0,8,0,288
7149.0,0,0,8,0,8,0,288
7150.0,0,0,8,0,8,0,288
7151.0,0,0,8,0,8,0,288
7152.0,0,0,8,0,8,0,288
7153.0,0,0,8,0,8,0,288
7154.0,0,0,8,0,8,0,288
7155.0,0,0,8,0,8,0,288
7156.0,0,0,8,0,8,0,288
7157.0,0,0,8,0,8,0,288
7158.0,0,0,8,0,8,0,288
7159.0,0,0,8,0,8,0,288
7160.0,0,0,8,0,8,0,288
7161.0,0,0,8,0,8,0,288
7162.0,0,0,8,0,8,0,288
7163.0,0,0,8,0,8,0,288
7164.0,0,0,8,0,8,0,288
7165.0,0,0,8,0,8,0,288
7166.0,0,0,8,0,8,0,288
7167.0,0,0,8,0,8,0,288
7168.0,0,0,8,0,8,0,288
7169.0,0,0,8,0,8,0,288
7170.0,0,0,8,0,8,0,288
7171.0,0,0,8,0,8,0,288
7172.0,0,0,8,0,8,0,288
7173.0,0,0,8,0,8,0,288
7174.0,0,0,8,0,8,0,288
7175.0,0,0,8,0,8,0,288
7176.0,0,0,8,0,8,0,288
7177.0,0,0,8,0,8,0,288
7178.0,0,0,8,0,8,0,288
7179.0,0,0,8,0,8,0,288
7180.0,0,0,8,0,8,0,288
7181.0,0,0,8,0,8,0,288
7182.0,0,0,8,0,8,0,288
7183.0,0,0,8,0,8,0,288
7184.0,0,0,8,0,8,0,288
7185.0,0,0,8,0,8,0,288
7186.0,0,0,8,0,8,0,288
7187.0,0,0,8,0,8,0,288
7188.0,0,0,8,0,8,0,288
7189.0,0,0,8,0,8,0,288
7190.0,0,0,8,0,8,0,288
7191.0,0,0,8,0,8,0,288
7192.0,0,0,8,0,8,0,288
7193.0,0,0,8,0,8,0,288
7194.0,0,0,8,0,8,0,288
7195.0,0,0,8,0,8,0,288
7196.0,0,0,8,0,8,0,288
7197.0,0,0,8,0,8,0,288
7198.0,0,0,8,0,8,0,288
7199.0,0,0,8,0,8,0,288
7200.0,0,0,8,0,8,0,288
7201.0,0,0,8,0,8,0,288
7202.0,0,0,8,0,8,0,288
7203.0,0,0,8,0,8,0,288
7204.0,0,0,8,0,8,0,288
7205.0,0,0,8,0,8,0,288
7206.0,0,0,8,0,8,0,288
7207.0,0,0,8,0,8,0,288
7208.0,0,0,8,0,8,0,288
7209.0,0,0,8,0,8,0,288
7210.0,0,0,8,0,8,0,288
7211.0,0,0,8,0,8,0,288
7212.0,0,0,8,0,8,0,288
7213.0,0,0,8,0,8,0,288
7214.0,0,0,8,0,8,0,288
7215.0,0,0,8,0,8,0,288
7216.0,0,0,8,0,8,0,288
7217.0,0,0,8,0,8,0,288
7218.0,0,0,8,0,8,0,288
7219.0,0,0,8,0,8,0,288
7220.0,0,0,8,0,8,0,288
7221.0,0,0,8,0,8,0,288
7222.0,0,0,8,0,8,0,288
7223.0,0,0,8,0,8,0,288
7224.0,0,0,8,0,8,0,288
7225.0,0,0,8,0,8,0,288
7226.0,0,0,8,0,8,0,288
7227.0,0,0,8,0,8,0,288
7228.0,0,0,8,0,8,0,288
7229.0,0,0,8,0,8,0,288
7230.0,0,0,8,0,8,0,288
7231.0,0,0,8,0,8,0,288
7232.0,0,0,8,0,8,0,288
7233.0,0,0,8,0,8,0,288
7234.0,0,0,8,0,8,0,288
7235.0,0,0,8,0,8,0,288
7236.0,0,0,8,0,8,0,288
7237.0,0,0,8,0,8,0,288
7238.0,0,0,8,0,8,0,288
7239.0,0,0,8,0,8,0,288
7240.0,0,0,8,0,8,0,288
7241.0,0,0,8,0,8,0,288
7242.0,0,0,8,0,8,0,288
7243.0,0,0,8,0,8,0,288
7244.0,0,0,8,0,8,0,288
7245.0,0,0,8,0,8,0,288
7246.0,0,0,8,0,8,0,288
7247.0,0,0,8,0,8,0,288
7248.0,0,0,8,0,8,0,288
7249.0,0,0,8,0,8,0,288
7250.0,0,0,8,0,8,0,288
7251.0,0,0,8,0,8,0,288
7252.0,0,0,8,0,8,0,288
7253.0,0,0,8,0,8,0,288
7254.0,0,0,8,0,8,0,288
7255.0,0,0,8,0,8,0,288
7256.0,0,0,8,0,8,0,288
7257.0,0,0,8,0,8,0,288
7258.0,0,0,8,0,8,0,288
7259.0,0,0,8,0,8,0,288
7260.0,0,0,8,0,8,0,288
7261.0,0,0,8,0,8,0,288
7262.0,0,0,8,0,8,0,288
7263.0,0,0,8,0,8,0,288
7264.0,0,0,8,0,8,0,288
7265.0,0,0,8,0,8,0,288
7266.0,0,0,8,0,8,0,288
7267.0,0,0,8,0,8,0,288
7268.0,0,0,8,0,8,0,288
7269.0,0,0,8,0,8,0,288
7270.0,0,0,8,0,8,0,288
7271.0,0,0,8,0,8,0,288
7272.0,0,0,8,0,8,0,288
7273.0,0,0,8,0,8,0,288
7274.0,0,0,8,0,8,0,288
7275.0,0,0,8,0,8,0,288
7276.0,0,0,8,0,8,0,288
7277.0,0,0,8,0,8,0,288
7278.0,0,0,8,0,8,0,288
7279.0,0,0,8,0,8,0,288
7280.0,0,0,8,0,8,0,288
7281.0,0,0,8,0,8,0,288
7282.0,0,0,8,0,8,0,288
7283.0,0,0,8,0,8,0,288
7284.0,0,0,8,0,8,0,288
7285.0,0,0,8,0,8,0,288
7286.0,0,0,8,0,8,0,288
7287.0,0,0,8,0,8,0,288
7288.0,0,0,8,0,8,0,288
7289.0,0,0,8,0,8,0,288
7290.0,0,0,8,0,8,0,288
7291.0,0,0,8,0,8,0,288
7292.0,0,0,8,0,8,0,288
7293.0,0,0,8,0,8,0,288
7294.0,0,0,8,0,8,0,288
7295.0,0,0,8,0,8,0,288
7296.0,0,0,8,0,8,0,288
7297.0,0,0,8,0,8,0,288
7298.0,0,0,8,0,8,0,288
7299.0,0,0,8,0,8,0,288
7300.0,0,0,8,0,8,0,288
7301.0,0,0,8,0,8,0,288
7302.0,0,0,8,0,8,0,288
7303.0,0,0,8,0,8,0,288
7304.0,0,0,8,0,8,0,288
7305.0,0,0,8,0,8,0,288
7306.0,0,0,8,0,8,0,288
7307.0,0,0,8,0,8,0,288
7308.0,0,0,8,0,8,0,288
7309.0,0,0,8,0,8,0,288
7310.0,0,0,8,0,8,0,288
7311.0,0,0,8,0,8,0,288
7312.0,0,0,8,0,8,0,288
7313.0,0,0,8,0,8,0,288
7314.0,0,0,8,0,8,0,288
7315.0,0,0,8,0,8,0,288
7316.0,0,0,8,0,8,0,288
7317.0,0,0,8,0,8,0,288
7318.0,0,0,8,0,8,0,288
7319.0,0,0,8,0,8,0,288
7320.0,0,0,8,0,8,0,288
7321.0,0,0,8,0,8,0,288
7322.0,0,0,8,0,8,0,288
7323.0,0,0,8,0,8,0,288
7324.0,0,0,8,0,8,0,288
7325.0,0,0,8,0,8,0,288
7326.0,0,0,8,0,8,0,288
7327.0,0,0,8,0,8,0,288
7328.0,0,0,8,0,8,0,288
7329.0,0,0,8,0,8,0,288
7330.0,0,0,8,0,8,0,288
7331.0,0,0,8,0,8,0,288
7332.0,0,0,8,0,8,0,288
7333.0,0,0,8,0,8,0,288
7334.0,0,0,8,0,8,0,288
7335.0,0,0,8,0,8,0,288
7336.0,0,0,8,0,8,0,288
7337.0,0,0,8,0,8,0,288
7338.0,0,0,8,0,8,0,288
7339.0,0,0,8,0,8,0,288
7340.0,0,0,8,0,8,0,288
7341.0,0,0,8,0,8,0,288
7342.0,0,0,8,0,8,0,288
7343.0,0,0,8,0,8,0,288
7344.0,0,0,8,0,8,0,288
7345.0,0,0,8,0,8,0,288
7346.0,0,0,8,0,8,0,288
7347.0,0,0,8,0,8,0,288
7348.0,0,0,8,0,8,0,288
7349.0,0,0,8,0,8,0,288
7350.0,0,0,8,0,8,0,288
7351.0,0,0,8,0,8,0,288
7352.0,0,0,8,0,8,0,288
7353.0,0,0,8,0,8,0,288
7354.0,0,0,8,0,8,0,288
7355.0,0,0,8,0,8,0,288
7356.0,0,0,8,0,8,0,288
7357.0,0,0,8,0,8,0,288
7358.0,0,0,8,0,8,0,288
7359.0,0,0,8,0,8,0,288
7360.0,0,0,8,0,8,0,288
7361.0,0,0,8,0,8,0,288
7362.0,0,0,8,0,8,0,288
7363.0,0,0,8,0,8,0,288
7364.0,0,0,8,0,8,0,288
7365.0,0,0,8,0,8,0,288
7366.0,0,0,8,0,8,0,288
7367.0,0,0,8,0,8,0,288
7368.0,0,0,8,0,8,0,288
7369.0,0,0,8,0,8,0,288
7370.0,0,0,8,0,8,0,288
7371.0,0,0,8,0,8,0,288
7372.0,0,0,8,0,8,0,288
7373.0,0,0,8,0,8,0,288
7374.0,0,0,8,0,8,0,288
7375.0,0,0,8,0,8,0,288
7376.0,0,0,8,0,8,0,288
7377.0,0,0,8,0,8,0,288
7378.0,0,0,8,0,8,0,288
7379.0,0,0,8,0,8,0,288
7380.0,0,0,8,0,8,0,288
7381.0,0,0,8,0,8,0,288
7382.0,0,0,8,0,8,0,288
7383.0,0,0,8,0,8,0,288
7384.0,0,0,8,0,8,0,288
7385.0,0,0,8,0,8,0,288
7386.0,0,0,8,0,8,0,288
7387.0,0,0,8,0,8,0,288
7388.0,0,0,8,0,8,0,288
7389.0,0,0,8,0,8,0,288
7390.0,0,0,8,0,8,0,288
7391.0,0,0,8,0,8,0,288
7392.0,0,0,8,0,8,0,288
7393.0,0,0,8,0,8,0,288
7394.0,0,0,8,0,8,0,288
7395.0,0,0,8,0,8,0,288
7396.0,0,0,8,0,8,0,288
7397.0,0,0,8,0,8,0,288
7398.0,0,0,8,0,8,0,288
7399.0,0,0,8,0,8,0,288
7400.0,0,0,8,0,8,0,288
7401.0,0,0,8,0,8,0,288
7402.0,0,0,8,0,8,0,288
7403.0,0,0,8,0,8,0,288
7404.0,0,0,8,0,8,0,288
7405.0,0,0,8,0,8,0,288
7406.0,0,0,8,0,8,0,288
7407.0,0,0,8,0,8,0,288
7408.0,0,0,8,0,8,0,288
7409.0,0,0,8,0,8,0,288
7410.0,0,0,8,0,8,0,288
7411.0,0,0,8,0,8,0,288
7412.0,0,0,8,0,8,0,288
7413.0,0,0,8,0,8,0,288
7414.0,0,0,8,0,8,0,288
7415.0,0,0,8,0,8,0,288
7416.0,0,0,8,0,8,0,288
7417.0,0,0,8,0,8,0,288
7418.0,0,0,8,0,8,0,288
7419.0,0,0,8,0,8,0,288
7420.0,0,0,8,0,8,0,288
7421.0,0,0,8,0,8,0,288
7422.0,0,0,8,0,8,0,288
7423.0,0,0,8,0,8,0,288
7424.0,0,0,8,0,8,0,288
7425.0,0,0,8,0,8,0,288
7426.0,0,0,8,0,8,0,288
7427.0,0,0,8,0,8,0,288
7428.0,0,0,8,0,8,0,288
7429.0,0,0,8,0,8,0,288
7430.0,0,0,8,0,8,0,288
7431.0,0,0,8,0,8,0,288
7432.0,0,0,8,0,8,0,288
7433.0,0,0,8,0,8,0,288
7434.0,0,0,8,0,8,0,288
7435.0,0,0,8,0,8,0,288
7436.0,0,0,8,0,8,0,288
7437.0,0,0,8,0,8,0,288
7438.0,0,0,8,0,8,0,288
7439.0,0,0,8,0,8,0,288
7440.0,0,0,8,0,8,0,288
7441.0,0,0,8,0,8,0,288
7442.0,0,0,8,0,8,0,288
7443.0,0,0,8,0,8,0,288
7444.0,0,0,8,0,8,0,288
7445.0,0,0,8,0,8,0,288
7446.0,0,0,8,0,8,0,288
7447.0,0,0,8,0,8,0,288
7448.0,0,0,8,0,8,0,288
7449.0,0,0,8,0,8,0,288
7450.0,0,0,8,0,8,0,288
7451.0,0,0,8,0,8,0,288
7452.0,0,0,8,0,8,0,288
7453.0,0,0,8,0,8,0,288
7454.0,0,0,8,0,8,0,288
7455.0,0,0,8,0,8,0,288
7456.0,0,0,8,0,8,0,288
7457.0,0,0,8,0,8,0,288
7458.0,0,0,8,0,8,0,288
7459.0,0,0,8,0,8,0,288
7460.0,0,0,8,0,8,0,288
7461.0,0,0,8,0,8,0,288
7462.0,0,0,8,0,8,0,288
7463.0,0,0,8,0,8,0,288
7464.0,0,0,8,0,8,0,288
7465.0,0,0,8,0,8,0,288
7466.0,0,0,8,0,8,0,288
7467.0,0,0,8,0,8,0,288
7468.0,0,0,8,0,8,0,288
7469.0,0,0,8,0,8,0,288
7470.0,0,0,8,0,8,0,288
7471.0,0,0,8,0,8,0,288
7472.0,0,0,8,0,8,0,288
7473.0,0,0,8,0,8,0,288
7474.0,0,0,8,0,8,0,288
7475.0,0,0,8,0,8,0,288
7476.0,0,0,8,0,8,0,288
7477.0,0,0,8,0,8,0,288
7478.0,0,0,8,0,8,0,288
7479.0,0,0,8,0,8,0,288
7480.0,0,0,8,0,8,0,288
7481.0,0,0,8,0,8,0,288
7482.0,0,0,8,0,8,0,288
7483.0,0,0,8,0,8,0,288
7484.0,0,0,8,0,8,0,288
7485.0,0,0,8,0,8,0,288
7486.0,0,0,8,0,8,0,288
7487.0,0,0,8,0,8,0,288
7488.0,0,0,8,0,8,0,288
7489.0,0,0,8,0,8,0,288
7490.0,0,0,8,0,8,0,288
7491.0,0,0,8,0,8,0,288
7492.0,0,0,8,0,8,0,288
7493.0,0,0,8,0,8,0,288
7494.0,0,0,8,0,8,0,288
7495.0,0,0,8,0,8,0,288
7496.0,0,0,8,0,8,0,288
7497.0,0,0,8,0,8,0,288
7498.0,0,0,8,0,8,0,288
7499.0,0,0,8,0,8,0,288
7500.0,0,0,8,0,8,0,288
7501.0,0,0,8,0,8,0,288
7502.0,0,0,8,0,8,0,288
7503.0,0,0,8,0,8,0,288
7504.0,0,0,8,0,8,0,288
7505.0,0,0,8,0,8,0,288
7506.0,0,0,8,0,8,0,288
7507.0,0,0,8,0,8,0,288
7508.0,0,0,8,0,8,0,288
7509.0,0,0,8,0,8,0,288
7510.0,0,0,8,0,8,0,288
7511.0,0,0,8,0,8,0,288
7512.0,0,0,8,0,8,0,288
7513.0,0,0,8,0,8,0,288
7514.0,0,0,8,0,8,0,288
7515.0,0,0,8,0,8,0,288
7516.0,0,0,8,0,8,0,288
7517.0,0,0,8,0,8,0,288
7518.0,0,0,8,0,8,0,288
7519.0,0,0,8,0,8,0,288
7520.0,0,0,8,0,8,0,288
7521.0,0,0,8,0,8,0,288
7522.0,0,0,8,0,8,0,288
7523.0,0,0,8,0,8,0,288
7524.0,0,0,8,0,8,0,288
7525.0,0,0,8,0,8,0,288
7526.0,0,0,8,0,8,0,288
7527.0,0,0,8,0,8,0,288
7528.0,0,0,8,0,8,0,288
7529.0,0,0,8,0,8,0,288
7530.0,0,0,8,0,8,0,288
7531.0,0,0,8,0,8,0,288
7532.0,0,0,8,0,8,0,288
7533.0,0,0,8,0,8,0,288
7534.0,0,0,8,0,8,0,288
7535.0,0,0,8,0,8,0,288
7536.0,0,0,8,0,8,0,288
7537.0,0,0,8,0,8,0,288
7538.0,0,0,8,0,8,0,288
7539.0,0,0,8,0,8,0,288
7540.0,0,0,8,0,8,0,288
7541.0,0,0,8,0,8,0,288
7542.0,0,0,8,0,8,0,288
7543.0,0,0,8,0,8,0,288
7544.0,0,0,8,0,8,0,288
7545.0,0,0,8,0,8,0,288
7546.0,0,0,8,0,8,0,288
7547.0,0,0,8,0,8,0,288
7548.0,0,0,8,0,8,0,288
7549.0,0,0,8,0,8,0,288
7550.0,0,0,8,0,8,0,288
7551.0,0,0,8,0,8,0,288
7552.0,0,0,8,0,8,0,288
7553.0,0,0,8,0,8,0,288
7554.0,0,0,8,0,8,0,288
7555.0,0,0,8,0,8,0,288
7556.0,0,0,8,0,8,0,288
7557.0,0,0,8,0,8,0,288
7558.0,0,0,8,0,8,0,288
7559.0,0,0,8,0,8,0,288
7560.0,0,0,8,0,8,0,288
7561.0,0,0,8,0,8,0,288
7562.0,0,0,8,0,8,0,288
7563.0,0,0,8,0,8,0,288
7564.0,0,0,8,0,8,0,288
7565.0,0,0,8,0,8,0,288
7566.0,0,0,8,0,8,0,288
7567.0,0,0,8,0,8,0,288
7568.0,0,0,8,0,8,0,288
7569.0,0,0,8,0,8,0,288
7570.0,0,0,8,0,8,0,288
7571.0,0,0,8,0,8,0,288
7572.0,0,0,8,0,8,0,288
7573.0,0,0,8,0,8,0,288
7574.0,0,0,8,0,8,0,288
7575.0,0,0,8,0,8,0,288
7576.0,0,0,8,0,8,0,288
7577.0,0,0,8,0,8,0,288
7578.0,0,0,8,0,8,0,288
7579.0,0,0,8,0,8,0,288
7580.0,0,0,8,0,8,0,288
7581.0,0,0,8,0,8,0,288
7582.0,0,0,8,0,8,0,288
7583.0,0,0,8,0,8,0,288
7584.0,0,0,8,0,8,0,288
7585.0,0,0,8,0,8,0,288
7586.0,0,0,8,0,8,0,288
7587.0,0,0,8,0,8,0,288
7588.0,0,0,8,0,8,0,288
7589.0,0,0,8,0,8,0,288
7590.0,0,0,8,0,8,0,288
7591.0,0,0,8,0,8,0,288
7592.0,0,0,8,0,8,0,288
7593.0,0,0,8,0,8,0,288
7594.0,0,0,8,0,8,0,288
7595.0,0,0,8,0,8,0,288
7596.0,0,0,8,0,8,0,288
7597.0,0,0,8,0,8,0,288
7598.0,0,0,8,0,8,0,288
7599.0,0,0,8,0,8,0,288
7600.0,0,0,8,0,8,0,288
7601.0,0,0,8,0,8,0,288
7602.0,0,0,8,0,8,0,288
7603.0,0,0,8,0,8,0,288
7604.0,0,0,8,0,8,0,288
7605.0,0,0,8,0,8,0,288
7606.0,0,0,8,0,8,0,288
7607.0,0,0,8,0,8,0,288
7608.0,0,0,8,0,8,0,288
7609.0,0,0,8,0,8,0,288
7610.0,0,0,8,0,8,0,288
7611.0,0,0,8,0,8,0,288
7612.0,0,0,8,0,8,0,288
7613.0,0,0,8,0,8,0,288
7614.0,0,0,8,0,8,0,288
7615.0,0,0,8,0,8,0,288
7616.0,0,0,8,0,8,0,288
7617.0,0,0,8,0,8,0,288
7618.0,0,0,8,0,8,0,288
7619.0,0,0,8,0,8,0,288
7620.0,0,0,8,0,8,0,288
7621.0,0,0,8,0,8,0,288
7622.0,0,0,8,0,8,0,288
7623.0,0,0,8,0,8,0,288
7624.0,0,0,8,0,8,0,288
7625.0,0,0,8,0,8,0,288
7626.0,0,0,8,0,8,0,288
7627.0,0,0,8,0,8,0,288
7628.0,0,0,8,0,8,0,288
7629.0,0,0,8,0,8,0,288
7630.0,0,0,8,0,8,0,288
7631.0,0,0,8,0,8,0,288
7632.0,0,0,8,0,8,0,288
7633.0,0,0,8,0,8,0,288
7634.0,0,0,8,0,8,0,288
7635.0,0,0,8,0,8,0,288
7636.0,0,0,8,0,8,0,288
7637.0,0,0,8,0,8,0,288
7638.0,0,0,8,0,8,0,288
7639.0,0,0,8,0,8,0,288
7640.0,0,0,8,0,8,0,288
7641.0,0,0,8,0,8,0,288
7642.0,0,0,8,0,8,0,288
7643.0,0,0,8,0,8,0,288
7644.0,0,0,8,0,8,0,288
7645.0,0,0,8,0,8,0,288
7646.0,0,0,8,0,8,0,288
7647.0,0,0,8,0,8,0,288
7648.0,0,0,8,0,8,0,288
7649.0,0,0,8,0,8,0,288
7650.0,0,0,8,0,8,0,288
7651.0,0,0,8,0,8,0,288
7652.0,0,0,8,0,8,0,288
7653.0,0,0,8,0,8,0,288
7654.0,0,0,8,0,8,0,288
7655.0,0,0,8,0,8,0,288
7656.0,0,0,8,0,8,0,288
7657.0,0,0,8,0,8,0,288
7658.0,0,0,8,0,8,0,288
7659.0,0,0,8,0,8,0,288
7660.0,0,0,8,0,8,0,288
7661.0,0,0,8,0,8,0,288
7662.0,0,0,8,0,8,0,288
7663.0,0,0,8,0,8,0,288
7664.0,0,0,8,0,8,0,288
7665.0,0,0,8,0,8,0,288
7666.0,0,0,8,0,8,0,288
7667.0,0,0,8,0,8,0,288
7668.0,0,0,8,0,8,0,288
7669.0,0,0,8,0,8,0,288
7670.0,0,0,8,0,8,0,288
7671.0,0,0,8,0,8,0,288
7672.0,0,0,8,0,8,0,288
7673.0,0,0,8,0,8,0,288
7674.0,0,0,8,0,8,0,288
7675.0,0,0,8,0,8,0,288
7676.0,0,0,8,0,8,0,288
7677.0,0,0,8,0,8,0,288
7678.0,0,0,8,0,8,0,288
7679.0,0,0,8,0,8,0,288
7680.0,0,0,8,0,8,0,288
7681.0,0,0,8,0,8,0,288
7682.0,0,0,8,0,8,0,288
7683.0,0,0,8,0,8,0,288
7684.0,0,0,8,0,8,0,288
7685.0,0,0,8,0,8,0,288
7686.0,0,0,8,0,8,0,288
7687.0,0,0,8,0,8,0,288
7688.0,0,0,8,0,8,0,288
7689.0,0,0,8,0,8,0,288
7690.0,0,0,8,0,8,0,288
7691.0,0,0,8,0,8,0,288
7692.0,0,0,8,0,8,0,288
7693.0,0,0,8,0,8,0,288
7694.0,0,0,8,0,8,0,288
7695.0,0,0,8,0,8,0,288
7696.0,0,0,8,0,8,0,288
7697.0,0,0,8,0,8,0,288
7698.0,0,0,8,0,8,0,288
7699.0,0,0,8,0,8,0,288
7700.0,0,0,8,0,8,0,288
7701.0,0,0,8,0,8,0,288
7702.0,0,0,8,0,8,0,288
7703.0,0,0,8,0,8,0,288
7704.0,0,0,8,0,8,0,288
7705.0,0,0,8,0,8,0,288
7706.0,0,0,8,0,8,0,288
7707.0,0,0,8,0,8,0,288
7708.0,0,0,8,0,8,0,288
7709.0,0,0,8,0,8,0,288
7710.0,0,0,8,0,8,0,288
7711.0,0,0,8,0,8,0,288
7712.0,0,0,8,0,8,0,288
7713.0,0,0,8,0,8,0,288
7714.0,0,0,8,0,8,0,288
7715.0,0,0,8,0,8,0,288
7716.0,0,0,8,0,8,0,288
7717.0,0,0,8,0,8,0,288
7718.0,0,0,8,0,8,0,288
7719.0,0,0,8,0,8,0,288
7720.0,0,0,8,0,8,0,288
7721.0,0,0,8,0,8,0,288
7722.0,0,0,8,0,8,0,288
7723.0,0,0,8,0,8,0,288
7724.0,0,0,8,0,8,0,288
7725.0,0,0,8,0,8,0,288
7726.0,0,0,8,0,8,0,288
7727.0,0,0,8,0,8,0,288
7728.0,0,0,8,0,8,0,288
7729.0,0,0,8,0,8,0,288
7730.0,0,0,8,0,8,0,288
7731.0,0,0,8,0,8,0,288
7732.0,0,0,8,0,8,0,288
7733.0,0,0,8,0,8,0,288
7734.0,0,0,8,0,8,0,288
7735.0,0,0,8,0,8,0,288
7736.0,0,0,8,0,8,0,288
7737.0,0,0,8,0,8,0,288
7738.0,0,0,8,0,8,0,288
7739.0,0,0,8,0,8,0,288
7740.0,0,0,8,0,8,0,288
7741.0,0,0,8,0,8,0,288
7742.0,0,0,8,0,8,0,288
7743.0,0,0,8,0,8,0,288
7744.0,0,0,8,0,8,0,288
7745.0,0,0,8,0,8,0,288
7746.0,0,0,8,0,8,0,288
7747.0,0,0,8,0,8,0,288
7748.0,0,0,8,0,8,0,288
7749.0,0,0,8,0,8,0,288
7750.0,0,0,8,0,8,0,288
7751.0,0,0,8,0,8,0,288
7752.0,0,0,8,0,8,0,288
7753.0,0,0,8,0,8,0,288
7754.0,0,0,8,0,8,0,288
7755.0,0,0,8,0,8,0,288
7756.0,0,0,8,0,8,0,288
7757.0,0,0,8,0,8,0,288
7758.0,0,0,8,0,8,0,288
7759.0,0,0,8,0,8,0,288
7760.0,0,0,8,0,8,0,288
7761.0,0,0,8,0,8,0,288
7762.0,0,0,8,0,8,0,288
7763.0,0,0,8,0,8,0,288
7764.0,0,0,8,0,8,0,288
7765.0,0,0,8,0,8,0,288
7766.0,0,0,8,0,8,0,288
7767.0,0,0,8,0,8,0,288
7768.0,0,0,8,0,8,0,288
7769.0,0,0,8,0,8,0,288
7770.0,0,0,8,0,8,0,288
7771.0,0,0,8,0,8,0,288
7772.0,0,0,8,0,8,0,288
7773.0,0,0,8,0,8,0,288
7774.0,0,0,8,0,8,0,288
7775.0,0,0,8,0,8,0,288
7776.0,0,0,8,0,8,0,288
7777.0,0,0,8,0,8,0,288
7778.0,0,0,8,0,8,0,288
7779.0,0,0,8,0,8,0,288
7780.0,0,0,8,0,8,0,288
7781.0,0,0,8,0,8,0,288
7782.0,0,0,8,0,8,0,288
7783.0,0,0,8,0,8,0,288
7784.0,0,0,8,0,8,0,288
7785.0,0,0,8,0,8,0,288
7786.0,0,0,8,0,8,0,288
7787.0,0,0,8,0,8,0,288
7788.0,0,0,8,0,8,0,288
7789.0,0,0,8,0,8,0,288
7790.0,0,0,8,0,8,0,288
7791.0,0,0,8,0,8,0,288
7792.0,0,0,8,0,8,0,288
7793.0,0,0,8,0,8,0,288
7794.0,0,0,8,0,8,0,288
7795.0,0,0,8,0,8,0,288
7796.0,0,0,8,0,8,0,288
7797.0,0,0,8,0,8,0,288
7798.0,0,0,8,0,8,0,288
7799.0,0,0,8,0,8,0,288
7800.0,0,0,8,0,8,0,288
7801.0,0,0,8,0,8,0,288
7802.0,0,0,8,0,8,0,288
7803.0,0,0,8,0,8,0,288
7804.0,0,0,8,0,8,0,288
7805.0,0,0,8,0,8,0,288
7806.0,0,0,8,0,8,0,288
7807.0,0,0,8,0,8,0,288
7808.0,0,0,8,0,8,0,288
7809.0,0,0,8,0,8,0,288
7810.0,0,0,8,0,8,0,288
7811.0,0,0,8,0,8,0,288
7812.0,0,0,8,0,8,0,288
7813.0,0,0,8,0,8,0,288
7814.0,0,0,8,0,8,0,288
7815.0,0,0,8,0,8,0,288
7816.0,0,0,8,0,8,0,288
7817.0,0,0,8,0,8,0,288
7818.0,0,0,8,0,8,0,288
7819.0,0,0,8,0,8,0,288
7820.0,0,0,8,0,8,0,288
7821.0,0,0,8,0,8,0,288
7822.0,0,0,8,0,8,0,288
7823.0,0,0,8,0,8,0,288
7824.0,0,0,8,0,8,0,288
7825.0,0,0,8,0,8,0,288
7826.0,0,0,8,0,8,0,288
7827.0,0,0,8,0,8,0,288
7828.0,0,0,8,0,8,0,288
7829.0,0,0,8,0,8,0,288
7830.0,0,0,8,0,8,0,288
7831.0,0,0,8,0,8,0,288
7832.0,0,0,8,0,8,0,288
7833.0,0,0,8,0,8,0,288
7834.0,0,0,8,0,8,0,288
7835.0,0,0,8,0,8,0,288
7836.0,0,0,8,0,8,0,288
7837.0,0,0,8,0,8,0,288
7838.0,0,0,8,0,8,0,288
7839.0,0,0,8,0,8,0,288
7840.0,0,0,8,0,8,0,288
7841.0,0,0,8,0,8,0,288
7842.0,0,0,8,0,8,0,288
7843.0,0,0,8,0,8,0,288
7844.0,0,0,8,0,8,0,288
7845.0,0,0,8,0,8,0,288
7846.0,0,0,8,0,8,0,288
7847.0,0,0,8,0,8,0,288
7848.0,0,0,8,0,8,0,288
7849.0,0,0,8,0,8,0,288
7850.0,0,0,8,0,8,0,288
7851.0,0,0,8,0,8,0,288
7852.0,0,0,8,0,8,0,288
7853.0,0,0,8,0,8,0,288
7854.0,0,0,8,0,8,0,288
7855.0,0,0,8,0,8,0,288
7856.0,0,0,8,0,8,0,288
7857.0,0,0,8,0,8,0,288
7858.0,0,0,8,0,8,0,288
7859.0,0,0,8,0,8,0,288
7860.0,0,0,8,0,8,0,288
7861.0,0,0,8,0,8,0,288
7862.0,0,0,8,0,8,0,288
7863.0,0,0,8,0,8,0,288
7864.0,0,0,8,0,8,0,288
7865.0,0,0,8,0,8,0,288
7866.0,0,0,8,0,8,0,288
7867.0,0,0,8,0,8,0,288
7868.0,0,0,8,0,8,0,288
7869.0,0,0,8,0,8,0,288
7870.0,0,0,8,0,8,0,288
7871.0,0,0,8,0,8,0,288
7872.0,0,0,8,0,8,0,288
7873.0,0,0,8,0,8,0,288
7874.0,0,0,8,0,8,0,288
7875.0,0,0,8,0,8,0,288
7876.0,0,0,8,0,8,0,288
7877.0,0,0,8,0,8,0,288
7878.0,0,0,8,0,8,0,288
7879.0,0,0,8,0,8,0,288
7880.0,0,0,8,0,8,0,288
7881.0,0,0,8,0,8,0,288
7882.0,0,0,8,0,8,0,288
7883.0,0,0,8,0,8,0,288
7884.0,0,0,8,0,8,0,288
7885.0,0,0,8,0,8,0,288
7886.0,0,0,8,0,8,0,288
7887.0,0,0,8,0,8,0,288
7888.0,0,0,8,0,8,0,288
7889.0,0,0,8,0,8,0,288
7890.0,0,0,8,0,8,0,288
7891.0,0,0,8,0,8,0,288
7892.0,0,0,8,0,8,0,288
7893.0,0,0,8,0,8,0,288
7894.0,0,0,8,0,8,0,288
7895.0,0,0,8,0,8,0,288
7896.0,0,0,8,0,8,0,288
7897.0,0,0,8,0,8,0,288
7898.0,0,0,8,0,8,0,288
7899.0,0,0,8,0,8,0,288
7900.0,0,0,8,0,8,0,288
7901.0,0,0,8,0,8,0,288
7902.0,0,0,8,0,8,0,288
7903.0,0,0,8,0,8,0,288
7904.0,0,0,8,0,8,0,288
7905.0,0,0,8,0,8,0,288
7906.0,0,0,8,0,8,0,288
7907.0,0,0,8,0,8,0,288
7908.0,0,0,8,0,8,0,288
7909.0,0,0,8,0,8,0,288
7910.0,0,0,8,0,8,0,288
7911.0,0,0,8,0,8,0,288
7912.0,0,0,8,0,8,0,288
7913.0,0,0,8,0,8,0,288
7914.0,0,0,8,0,8,0,288
7915.0,0,0,8,0,8,0,288
7916.0,0,0,8,0,8,0,288
7917.0,0,0,8,0,8,0,288
7918.0,0,0,8,0,8,0,288
7919.0,0,0,8,0,8,0,288
7920.0,0,0,8,0,8,0,288
7921.0,0,0,8,0,8,0,288
7922.0,0,0,8,0,8,0,288
7923.0,0,0,8,0,8,0,288
7924.0,0,0,8,0,8,0,288
7925.0,0,0,8,0,8,0,288
7926.0,0,0,8,0,8,0,288
7927.0,0,0,8,0,8,0,288
7928.0,0,0,8,0,8,0,288
7929.0,0,0,8,0,8,0,288
7930.0,0,0,8,0,8,0,288
7931.0,0,0,8,0,8,0,288
7932.0,0,0,8,0,8,0,288
7933.0,0,0,8,0,8,0,288
7934.0,0,0,8,0,8,0,288
7935.0,0,0,8,0,8,0,288
7936.0,0,0,8,0,8,0,288
7937.0,0,0,8,0,8,0,288
7938.0,0,0,8,0,8,0,288
7939.0,0,0,8,0,8,0,288
7940.0,0,0,8,0,8,0,288
7941.0,0,0,8,0,8,0,288
7942.0,0,0,8,0,8,0,288
7943.0,0,0,8,0,8,0,288
7944.0,0,0,8,0,8,0,288
7945.0,0,0,8,0,8,0,288
7946.0,0,0,8,0,8,0,288
7947.0,0,0,8,0,8,0,288
7948.0,0,0,8,0,8,0,288
7949.0,0,0,8,0,8,0,288
7950.0,0,0,8,0,8,0,288
7951.0,0,0,8,0,8,0,288
7952.0,0,0,8,0,8,0,288
7953.0,0,0,8,0,8,0,288
7954.0,0,0,8,0,8,0,288
7955.0,0,0,8,0,8,0,288
7956.0,0,0,8,0,8,0,288
7957.0,0,0,8,0,8,0,288
7958.0,0,0,8,0,8,0,288
7959.0,0,0,8,0,8,0,288
7960.0,0,0,8,0,8,0,288
7961.0,0,0,8,0,8,0,288
7962.0,0,0,8,0,8,0,288
7963.0,0,0,8,0,8,0,288
7964.0,0,0,8,0,8,0,288
7965.0,0,0,8,0,8,0,288
7966.0,0,0,8,0,8,0,288
7967.0,0,0,8,0,8,0,288
7968.0,0,0,8,0,8,0,288
7969.0,0,0,8,0,8,0,288
7970.0,0,0,8,0,8,0,288
7971.0,0,0,8,0,8,0,288
7972.0,0,0,8,0,8,0,288
7973.0,0,0,8,0,8,0,288
7974.0,0,0,8,0,8,0,288
7975.0,0,0,8,0,8,0,288
7976.0,0,0,8,0,8,0,288
7977.0,0,0,8,0,8,0,288
7978.0,0,0,8,0,8,0,288
7979.0,0,0,8,0,8,0,288
7980.0,0,0,8,0,8,0,288
7981.0,0,0,8,0,8,0,288
7982.0,0,0,8,0,8,0,288
7983.0,0,0,8,0,8,0,288
7984.0,0,0,8,0,8,0,288
7985.0,0,0,8,0,8,0,288
7986.0,0,0,8,0,8,0,288
7987.0,0,0,8,0,8,0,288
7988.0,0,0,8,0,8,0,288
7989.0,0,0,8,0,8,0,288
7990.0,0,0,8,0,8,0,288
7991.0,0,0,8,0,8,0,288
7992.0,0,0,8,0,8,0,288
7993.0,0,0,8,0,8,0,288
7994.0,0,0,8,0,8,0,288
7995.0,0,0,8,0,8,0,288
7996.0,0,0,8,0,8,0,288
7997.0,0,0,8,0,8,0,288
7998.0,0,0,8,0,8,0,288
7999.0,0,0,8,0,8,0,288
8000.0,0,0,8,0,8,0,288
8001.0,0,0,8,0,8,0,288
8002.0,0,0,8,0,8,0,288
8003.0,0,0,8,0,8,0,288
8004.0,0,0,8,0,8,0,288
8005.0,0,0,8,0,8,0,288
8006.0,0,0,8,0,8,0,288
8007.0,0,0,8,0,8,0,288
8008.0,0,0,8,0,8,0,288
8009.0,0,0,8,0,8,0,288
8010.0,0,0,8,0,8,0,288
8011.0,0,0,8,0,8,0,288
8012.0,0,0,8,0,8,0,288
8013.0,0,0,8,0,8,0,288
8014.0,0,0,8,0,8,0,288
8015.0,0,0,8,0,8,0,288
8016.0,0,0,8,0,8,0,288
8017.0,0,0,8,0,8,0,288
8018.0,0,0,8,0,8,0,288
8019.0,0,0,8,0,8,0,288
8020.0,0,0,8,0,8,0,288
8021.0,0,0,8,0,8,0,288
8022.0,0,0,8,0,8,0,288
8023.0,0,0,8,0,8,0,288
8024.0,0,0,8,0,8,0,288
8025.0,0,0,8,0,8,0,288
8026.0,0,0,8,0,8,0,288
8027.0,0,0,8,0,8,0,288
8028.0,0,0,8,0,8,0,288
8029.0,0,0,8,0,8,0,288
8030.0,0,0,8,0,8,0,288
8031.0,0,0,8,0,8,0,288
8032.0,0,0,8,0,8,0,288
8033.0,0,0,8,0,8,0,288
8034.0,0,0,8,0,8,0,288
8035.0,0,0,8,0,8,0,288
8036.0,0,0,8,0,8,0,288
8037.0,0,0,8,0,8,0,288
8038.0,0,0,8,0,8,0,288
8039.0,0,0,8,0,8,0,288
8040.0,0,0,8,0,8,0,288
8041.0,0,0,8,0,8,0,288
8042.0,0,0,8,0,8,0,288
8043.0,0,0,8,0,8,0,288
8044.0,0,0,8,0,8,0,288
8045.0,0,0,8,0,8,0,288
8046.0,0,0,8,0,8,0,288
8047.0,0,0,8,0,8,0,288
8048.0,0,0,8,0,8,0,288
8049.0,0,0,8,0,8,0,288
8050.0,0,0,8,0,8,0,288
8051.0,0,0,8,0,8,0,288
8052.0,0,0,8,0,8,0,288
8053.0,0,0,8,0,8,0,288
8054.0,0,0,8,0,8,0,288
8055.0,0,0,8,0,8,0,288
8056.0,0,0,8,0,8,0,288
8057.0,0,0,8,0,8,0,288
8058.0,0,0,8,0,8,0,288
8059.0,0,0,8,0,8,0,288
8060.0,0,0,8,0,8,0,288
8061.0,0,0,8,0,8,0,288
8062.0,0,0,8,0,8,0,288
8063.0,0,0,8,0,8,0,288
8064.0,0,0,8,0,8,0,288
8065.0,0,0,8,0,8,0,288
8066.0,0,0,8,0,8,0,288
8067.0,0,0,8,0,8,0,288
8068.0,0,0,8,0,8,0,288
8069.0,0,0,8,0,8,0,288
8070.0,0,0,8,0,8,0,288
8071.0,0,0,8,0,8,0,288
8072.0,0,0,8,0,8,0,288
8073.0,0,0,8,0,8,0,288
8074.0,0,0,8,0,8,0,288
8075.0,0,0,8,0,8,0,288
8076.0,0,0,8,0,8,0,288
8077.0,0,0,8,0,8,0,288
8078.0,0,0,8,0,8,0,288
8079.0,0,0,8,0,8,0,288
8080.0,0,0,8,0,8,0,288
8081.0,0,0,8,0,8,0,288
8082.0,0,0,8,0,8,0,288
8083.0,0,0,8,0,8,0,288
8084.0,0,0,8,0,8,0,288
8085.0,0,0,8,0,8,0,288
8086.0,0,0,8,0,8,0,288
8087.0,0,0,8,0,8,0,288
8088.0,0,0,8,0,8,0,288
8089.0,0,0,8,0,8,0,288
8090.0,0,0,8,0,8,0,288
8091.0,0,0,8,0,8,0,288
8092.0,0,0,8,0,8,0,288
8093.0,0,0,8,0,8,0,288
8094.0,0,0,8,0,8,0,288
8095.0,0,0,8,0,8,0,288
8096.0,0,0,8,0,8,0,288
8097.0,0,0,8,0,8,0,288
8098.0,0,0,8,0,8,0,288
8099.0,0,0,8,0,8,0,288
8100.0,0,0,8,0,8,0,288
8101.0,0,0,8,0,8,0,288
8102.0,0,0,8,0,8,0,288
8103.0,0,0,8,0,8,0,288
8104.0,0,0,8,0,8,0,288
8105.0,0,0,8,0,8,0,288
8106.0,0,0,8,0,8,0,288
8107.0,0,0,8,0,8,0,288
8108.0,0,0,8,0,8,0,288
8109.0,0,0,8,0,8,0,288
8110.0,0,0,8,0,8,0,288
8111.0,0,0,8,0,8,0,288
8112.0,0,0,8,0,8,0,288
8113.0,0,0,8,0,8,0,288
8114.0,0,0,8,0,8,0,288
8115.0,0,0,8,0,8,0,288
8116.0,0,0,8,0,8,0,288
8117.0,0,0,8,0,8,0,288
8118.0,0,0,8,0,8,0,288
8119.0,0,0,8,0,8,0,288
8120.0,0,0,8,0,8,0,288
8121.0,0,0,8,0,8,0,288
8122.0,0,0,8,0,8,0,288
8123.0,0,0,8,0,8,0,288
8124.0,0,0,8,0,8,0,288
8125.0,0,0,8,0,8,0,288
8126.0,0,0,8,0,8,0,288
8127.0,0,0,8,0,8,0,288
8128.0,0,0,8,0,8,0,288
8129.0,0,0,8,0,8,0,288
8130.0,0,0,8,0,8,0,288
8131.0,0,0,8,0,8,0,288
8132.0,0,0,8,0,8,0,288
8133.0,0,0,8,0,8,0,288
8134.0,0,0,8,0,8,0,288
8135.0,0,0,8,0,8,0,288
8136.0,0,0,8,0,8,0,288
8137.0,0,0,8,0,8,0,288
8138.0,0,0,8,0,8,0,288
8139.0,0,0,8,0,8,0,288
8140.0,0,0,8,0,8,0,288
8141.0,0,0,8,0,8,0,288
8142.0,0,0,8,0,8,0,288
8143.0,0,0,8,0,8,0,288
8144.0,0,0,8,0,8,0,288
8145.0,0,0,8,0,8,0,288
8146.0,0,0,8,0,8,0,288
8147.0,0,0,8,0,8,0,288
8148.0,0,0,8,0,8,0,288
8149.0,0,0,8,0,8,0,288
8150.0,0,0,8,0,8,0,288
8151.0,0,0,8,0,8,0,288
8152.0,0,0,8,0,8,0,288
8153.0,0,0,8,0,8,0,288
8154.0,0,0,8,0,8,0,288
8155.0,0,0,8,0,8,0,288
8156.0,0,0,8,0,8,0,288
8157.0,0,0,8,0,8,0,288
8158.0,0,0,8,0,8,0,288
8159.0,0,0,8,0,8,0,288
8160.0,0,0,8,0,8,0,288
8161.0,0,0,8,0,8,0,288
8162.0,0,0,8,0,8,0,288
8163.0,0,0,8,0,8,0,288
8164.0,0,0,8,0,8,0,288
8165.0,0,0,8,0,8,0,288
8166.0,0,0,8,0,8,0,288
8167.0,0,0,8,0,8,0,288
8168.0,0,0,8,0,8,0,288
8169.0,0,0,8,0,8,0,288
8170.0,0,0,8,0,8,0,288
8171.0,0,0,8,0,8,0,288
8172.0,0,0,8,0,8,0,288
8173.0,0,0,8,0,8,0,288
8174.0,0,0,8,0,8,0,288
8175.0,0,0,8,0,8,0,288
8176.0,0,0,8,0,8,0,288
8177.0,0,0,8,0,8,0,288
8178.0,0,0,8,0,8,0,288
8179.0,0,0,8,0,8,0,288
8180.0,0,0,8,0,8,0,288
8181.0,0,0,8,0,8,0,288
8182.0,0,0,8,0,8,0,288
8183.0,0,0,8,0,8,0,288
8184.0,0,0,8,0,8,0,288
8185.0,0,0,8,0,8,0,288
8186.0,0,0,8,0,8,0,288
8187.0,0,0,8,0,8,0,288
8188.0,0,0,8,0,8,0,288
8189.0,0,0,8,0,8,0,288
8190.0,0,0,8,0,8,0,288
8191.0,0,0,8,0,8,0,288
8192.0,0,0,8,0,8,0,288
8193.0,0,0,8,0,8,0,288
8194.0,0,0,8,0,8,0,288
8195.0,0,0,8,0,8,0,288
8196.0,0,0,8,0,8,0,288
8197.0,0,0,8,0,8,0,288
8198.0,0,0,8,0,8,0,288
8199.0,0,0,8,0,8,0,288
8200.0,0,0,8,0,8,0,288
8201.0,0,0,8,0,8,0,288
8202.0,0,0,8,0,8,0,288
8203.0,0,0,8,0,8,0,288
8204.0,0,0,8,0,8,0,288
8205.0,0,0,8,0,8,0,288
8206.0,0,0,8,0,8,0,288
8207.0,0,0,8,0,8,0,288
8208.0,0,0,8,0,8,0,288
8209.0,0,0,8,0,8,0,288
8210.0,0,0,8,0,8,0,288
8211.0,0,0,8,0,8,0,288
8212.0,0,0,8,0,8,0,288
8213.0,0,0,8,0,8,0,288
8214.0,0,0,8,0,8,0,288
8215.0,0,0,8,0,8,0,288
8216.0,0,0,8,0,8,0,288
8217.0,0,0,8,0,8,0,288
8218.0,0,0,8,0,8,0,288
8219.0,0,0,8,0,8,0,288
8220.0,0,0,8,0,8,0,288
8221.0,0,0,8,0,8,0,288
8222.0,0,0,8,0,8,0,288
8223.0,0,0,8,0,8,0,288
8224.0,0,0,8,0,8,0,288
8225.0,0,0,8,0,8,0,288
8226.0,0,0,8,0,8,0,288
8227.0,0,0,8,0,8,0,288
8228.0,0,0,8,0,8,0,288
8229.0,0,0,8,0,8,0,288
8230.0,0,0,8,0,8,0,288
8231.0,0,0,8,0,8,0,288
8232.0,0,0,8,0,8,0,288
8233.0,0,0,8,0,8,0,288
8234.0,0,0,8,0,8,0,288
8235.0,0,0,8,0,8,0,288
8236.0,0,0,8,0,8,0,288
8237.0,0,0,8,0,8,0,288
8238.0,0,0,8,0,8,0,288
8239.0,0,0,8,0,8,0,288
8240.0,0,0,8,0,8,0,288
8241.0,0,0,8,0,8,0,288
8242.0,0,0,8,0,8,0,288
8243.0,0,0,8,0,8,0,288
8244.0,0,0,8,0,8,0,288
8245.0,0,0,8,0,8,0,288
8246.0,0,0,8,0,8,0,288
8247.0,0,0,8,0,8,0,288
8248.0,0,0,8,0,8,0,288
8249.0,0,0,8,0,8,0,288
8250.0,0,0,8,0,8,0,288
8251.0,0,0,8,0,8,0,288
8252.0,0,0,8,0,8,0,288
8253.0,0,0,8,0,8,0,288
8254.0,0,0,8,0,8,0,288
8255.0,0,0,8,0,8,0,288
8256.0,0,0,8,0,8,0,288
8257.0,0,0,8,0,8,0,288
8258.0,0,0,8,0,8,0,288
8259.0,0,0,8,0,8,0,288
8260.0,0,0,8,0,8,0,288
8261.0,0,0,8,0,8,0,288
8262.0,0,0,8,0,8,0,288
8263.0,0,0,8,0,8,0,288
8264.0,0,0,8,0,8,0,288
8265.0,0,0,8,0,8,0,288
8266.0,0,0,8,0,8,0,288
8267.0,0,0,8,0,8,0,288
8268.0,0,0,8,0,8,0,288
8269.0,0,0,8,0,8,0,288
8270.0,0,0,8,0,8,0,288
8271.0,0,0,8,0,8,0,288
8272.0,0,0,8,0,8,0,288
8273.0,0,0,8,0,8,0,288
8274.0,0,0,8,0,8,0,288
8275.0,0,0,8,0,8,0,288
8276.0,0,0,8,0,8,0,288
8277.0,0,0,8,0,8,0,288
8278.0,0,0,8,0,8,0,288
8279.0,0,0,8,0,8,0,288
8280.0,0,0,8,0,8,0,288
8281.0,0,0,8,0,8,0,288
8282.0,0,0,8,0,8,0,288
8283.0,0,0,8,0,8,0,288
8284.0,0,0,8,0,8,0,288
8285.0,0,0,8,0,8,0,288
8286.0,0,0,8,0,8,0,288
8287.0,0,0,8,0,8,0,288
8288.0,0,0,8,0,8,0,288
8289.0,0,0,8,0,8,0,288
8290.0,0,0,8,0,8,0,288
8291.0,0,0,8,0,8,0,288
8292.0,0,0,8,0,8,0,288
8293.0,0,0,8,0,8,0,288
8294.0,0,0,8,0,8,0,288
8295.0,0,0,8,0,8,0,288
8296.0,0,0,8,0,8,0,288
8297.0,0,0,8,0,8,0,288
8298.0,0,0,8,0,8,0,288
8299.0,0,0,8,0,8,0,288
8300.0,0,0,8,0,8,0,288
8301.0,0,0,8,0,8,0,288
8302.0,0,0,8,0,8,0,288
8303.0,0,0,8,0,8,0,288
8304.0,0,0,8,0,8,0,288
8305.0,0,0,8,0,8,0,288
8306.0,0,0,8,0,8,0,288
8307.0,0,0,8,0,8,0,288
8308.0,0,0,8,0,8,0,288
8309.0,0,0,8,0,8,0,288
8310.0,0,0,8,0,8,0,288
8311.0,0,0,8,0,8,0,288
8312.0,0,0,8,0,8,0,288
8313.0,0,0,8,0,8,0,288
8314.0,0,0,8,0,8,0,288
8315.0,0,0,8,0,8,0,288
8316.0,0,0,8,0,8,0,288
8317.0,0,0,8,0,8,0,288
8318.0,0,0,8,0,8,0,288
8319.0,0,0,8,0,8,0,288
8320.0,0,0,8,0,8,0,288
8321.0,0,0,8,0,8,0,288
8322.0,0,0,8,0,8,0,288
8323.0,0,0,8,0,8,0,288
8324.0,0,0,8,0,8,0,288
8325.0,0,0,8,0,8,0,288
8326.0,0,0,8,0,8,0,288
8327.0,0,0,8,0,8,0,288
8328.0,0,0,8,0,8,0,288
8329.0,0,0,8,0,8,0,288
8330.0,0,0,8,0,8,0,288
8331.0,0,0,8,0,8,0,288
8332.0,0,0,8,0,8,0,288
8333.0,0,0,8,0,8,0,288
8334.0,0,0,8,0,8,0,288
8335.0,0,0,8,0,8,0,288
8336.0,0,0,8,0,8,0,288
8337.0,0,0,8,0,8,0,288
8338.0,0,0,8,0,8,0,288
8339.0,0,0,8,0,8,0,288
8340.0,0,0,8,0,8,0,288
8341.0,0,0,8,0,8,0,288
8342.0,0,0,8,0,8,0,288
8343.0,0,0,8,0,8,0,288
8344.0,0,0,8,0,8,0,288
8345.0,0,0,8,0,8,0,288
8346.0,0,0,8,0,8,0,288
8347.0,0,0,8,0,8,0,288
8348.0,0,0,8,0,8,0,288
8349.0,0,0,8,0,8,0,288
8350.0,0,0,8,0,8,0,288
8351.0,0,0,8,0,8,0,288
8352.0,0,0,8,0,8,0,288
8353.0,0,0,8,0,8,0,288
8354.0,0,0,8,0,8,0,288
8355.0,0,0,8,0,8,0,288
8356.0,0,0,8,0,8,0,288
8357.0,0,0,8,0,8,0,288
8358.0,0,0,8,0,8,0,288
8359.0,0,0,8,0,8,0,288
8360.0,0,0,8,0,8,0,288
8361.0,0,0,8,0,8,0,288
8362.0,0,0,8,0,8,0,288
8363.0,0,0,8,0,8,0,288
8364.0,0,0,8,0,8,0,288
8365.0,0,0,8,0,8,0,288
8366.0,0,0,8,0,8,0,288
8367.0,0,0,8,0,8,0,288
8368.0,0,0,8,0,8,0,288
8369.0,0,0,8,0,8,0,288
8370.0,0,0,8,0,8,0,288
8371.0,0,0,8,0,8,0,288
8372.0,0,0,8,0,8,0,288
8373.0,0,0,8,0,8,0,288
8374.0,0,0,8,0,8,0,288
8375.0,0,0,8,0,8,0,288
8376.0,0,0,8,0,8,0,288
8377.0,0,0,8,0,8,0,288
8378.0,0,0,8,0,8,0,288
8379.0,0,0,8,0,8,0,288
8380.0,0,0,8,0,8,0,288
8381.0,0,0,8,0,8,0,288
8382.0,0,0,8,0,8,0,288
8383.0,0,0,8,0,8,0,288
8384.0,0,0,8,0,8,0,288
8385.0,0,0,8,0,8,0,288
8386.0,0,0,8,0,8,0,288
8387.0,0,0,8,0,8,0,288
8388.0,0,0,8,0,8,0,288
8389.0,0,0,8,0,8,0,288
8390.0,0,0,8,0,8,0,288
8391.0,0,0,8,0,8,0,288
8392.0,0,0,8,0,8,0,288
8393.0,0,0,8,0,8,0,288
8394.0,0,0,8,0,8,0,288
8395.0,0,0,8,0,8,0,288
8396.0,0,0,8,0,8,0,288
8397.0,0,0,8,0,8,0,288
8398.0,0,0,8,0,8,0,288
8399.0,0,0,8,0,8,0,288
8400.0,0,0,8,0,8,0,288
8401.0,0,0,8,0,8,0,288
8402.0,0,0,8,0,8,0,288
8403.0,0,0,8,0,8,0,288
8404.0,0,0,8,0,8,0,288
8405.0,0,0,8,0,8,0,288
8406.0,0,0,8,0,8,0,288
8407.0,0,0,8,0,8,0,288
8408.0,0,0,8,0,8,0,288
8409.0,0,0,8,0,8,0,288
8410.0,0,0,8,0,8,0,288
8411.0,0,0,8,0,8,0,288
8412.0,0,0,8,0,8,0,288
8413.0,0,0,8,0,8,0,288
8414.0,0,0,8,0,8,0,288
8415.0,0,0,8,0,8,0,288
8416.0,0,0,8,0,8,0,288
8417.0,0,0,8,0,8,0,288
8418.0,0,0,8,0,8,0,288
8419.0,0,0,8,0,8,0,288
8420.0,0,0,8,0,8,0,288
8421.0,0,0,8,0,8,0,288
8422.0,0,0,8,0,8,0,288
8423.0,0,0,8,0,8,0,288
8424.0,0,0,8,0,8,0,288
8425.0,0,0,8,0,8,0,288
8426.0,0,0,8,0,8,0,288
8427.0,0,0,8,0,8,0,288
8428.0,0,0,8,0,8,0,288
8429.0,0,0,8,0,8,0,288
8430.0,0,0,8,0,8,0,288
8431.0,0,0,8,0,8,0,288
8432.0,0,0,8,0,8,0,288
8433.0,0,0,8,0,8,0,288
8434.0,0,0,8,0,8,0,288
8435.0,0,0,8,0,8,0,288
8436.0,0,0,8,0,8,0,288
8437.0,0,0,8,0,8,0,288
8438.0,0,0,8,0,8,0,288
8439.0,0,0,8,0,8,0,288
8440.0,0,0,8,0,8,0,288
8441.0,0,0,8,0,8,0,288
8442.0,0,0,8,0,8,0,288
8443.0,0,0,8,0,8,0,288
8444.0,0,0,8,0,8,0,288
8445.0,0,0,8,0,8,0,288
8446.0,0,0,8,0,8,0,288
8447.0,0,0,8,0,8,0,288
8448.0,0,0,8,0,8,0,288
8449.0,0,0,8,0,8,0,288
8450.0,0,0,8,0,8,0,288
8451.0,0,0,8,0,8,0,288
8452.0,0,0,8,0,8,0,288
8453.0,0,0,8,0,8,0,288
8454.0,0,0,8,0,8,0,288
8455.0,0,0,8,0,8,0,288
8456.0,0,0,8,0,8,0,288
8457.0,0,0,8,0,8,0,288
8458.0,0,0,8,0,8,0,288
8459.0,0,0,8,0,8,0,288
8460.0,0,0,8,0,8,0,288
8461.0,0,0,8,0,8,0,288
8462.0,0,0,8,0,8,0,288
8463.0,0,0,8,0,8,0,288
8464.0,0,0,8,0,8,0,288
8465.0,0,0,8,0,8,0,288
8466.0,0,0,8,0,8,0,288
8467.0,0,0,8,0,8,0,288
8468.0,0,0,8,0,8,0,288
8469.0,0,0,8,0,8,0,288
8470.0,0,0,8,0,8,0,288
8471.0,0,0,8,0,8,0,288
8472.0,0,0,8,0,8,0,288
8473.0,0,0,8,0,8,0,288
8474.0,0,0,8,0,8,0,288
8475.0,0,0,8,0,8,0,288
8476.0,0,0,8,0,8,0,288
8477.0,0,0,8,0,8,0,288
8478.0,0,0,8,0,8,0,288
8479.0,0,0,8,0,8,0,288
8480.0,0,0,8,0,8,0,288
8481.0,0,0,8,0,8,0,288
8482.0,0,0,8,0,8,0,288
8483.0,0,0,8,0,8,0,288
8484.0,0,0,8,0,8,0,288
8485.0,0,0,8,0,8,0,288
8486.0,0,0,8,0,8,0,288
8487.0,0,0,8,0,8,0,288
8488.0,0,0,8,0,8,0,288
8489.0,0,0,8,0,8,0,288
8490.0,0,0,8,0,8,0,288
8491.0,0,0,8,0,8,0,288
8492.0,0,0,8,0,8,0,288
8493.0,0,0,8,0,8,0,288
8494.0,0,0,8,0,8,0,288
8495.0,0,0,8,0,8,0,288
8496.0,0,0,8,0,8,0,288
8497.0,0,0,8,0,8,0,288
8498.0,0,0,8,0,8,0,288
8499.0,0,0,8,0,8,0,288
8500.0,0,0,8,0,8,0,288
8501.0,0,0,8,0,8,0,288
8502.0,0,0,8,0,8,0,288
8503.0,0,0,8,0,8,0,288
8504.0,0,0,8,0,8,0,288
8505.0,0,0,8,0,8,0,288
8506.0,0,0,8,0,8,0,288
8507.0,0,0,8,0,8,0,288
8508.0,0,0,8,0,8,0,288
8509.0,0,0,8,0,8,0,288
8510.0,0,0,8,0,8,0,288
8511.0,0,0,8,0,8,0,288
8512.0,0,0,8,0,8,0,288
8513.0,0,0,8,0,8,0,288
8514.0,0,0,8,0,8,0,288
8515.0,0,0,8,0,8,0,288
8516.0,0,0,8,0,8,0,288
8517.0,0,0,8,0,8,0,288
8518.0,0,0,8,0,8,0,288
8519.0,0,0,8,0,8,0,288
8520.0,0,0,8,0,8,0,288
8521.0,0,0,8,0,8,0,288
8522.0,0,0,8,0,8,0,288
8523.0,0,0,8,0,8,0,288
8524.0,0,0,8,0,8,0,288
8525.0,0,0,8,0,8,0,288
8526.0,0,0,8,0,8,0,288
8527.0,0,0,8,0,8,0,288
8528.0,0,0,8,0,8,0,288
8529.0,0,0,8,0,8,0,288
8530.0,0,0,8,0,8,0,288
8531.0,0,0,8,0,8,0,288
8532.0,0,0,8,0,8,0,288
8533.0,0,0,8,0,8,0,288
8534.0,0,0,8,0,8,0,288
8535.0,0,0,8,0,8,0,288
8536.0,0,0,8,0,8,0,288
8537.0,0,0,8,0,8,0,288
8538.0,0,0,8,0,8,0,288
8539.0,0,0,8,0,8,0,288
8540.0,0,0,8,0,8,0,288
8541.0,0,0,8,0,8,0,288
8542.0,0,0,8,0,8,0,288
8543.0,0,0,8,0,8,0,288
8544.0,0,0,8,0,8,0,288
8545.0,0,0,8,0,8,0,288
8546.0,0,0,8,0,8,0,288
8547.0,0,0,8,0,8,0,288
8548.0,0,0,8,0,8,0,288
8549.0,0,0,8,0,8,0,288
8550.0,0,0,8,0,8,0,288
8551.0,0,0,8,0,8,0,288
8552.0,0,0,8,0,8,0,288
8553.0,0,0,8,0,8,0,288
8554.0,0,0,8,0,8,0,288
8555.0,0,0,8,0,8,0,288
8556.0,0,0,8,0,8,0,288
8557.0,0,0,8,0,8,0,288
8558.0,0,0,8,0,8,0,288
8559.0,0,0,8,0,8,0,288
8560.0,0,0,8,0,8,0,288
8561.0,0,0,8,0,8,0,288
8562.0,0,0,8,0,8,0,288
8563.0,0,0,8,0,8,0,288
8564.0,0,0,8,0,8,0,288
8565.0,0,0,8,0,8,0,288
8566.0,0,0,8,0,8,0,288
8567.0,0,0,8,0,8,0,288
8568.0,0,0,8,0,8,0,288
8569.0,0,0,8,0,8,0,288
8570.0,0,0,8,0,8,0,288
8571.0,0,0,8,0,8,0,288
8572.0,0,0,8,0,8,0,288
8573.0,0,0,8,0,8,0,288
8574.0,0,0,8,0,8,0,288
8575.0,0,0,8,0,8,0,288
8576.0,0,0,8,0,8,0,288
8577.0,0,0,8,0,8,0,288
8578.0,0,0,8,0,8,0,288
8579.0,0,0,8,0,8,0,288
8580.0,0,0,8,0,8,0,288
8581.0,0,0,8,0,8,0,288
8582.0,0,0,8,0,8,0,288
8583.0,0,0,8,0,8,0,288
8584.0,0,0,8,0,8,0,288
8585.0,0,0,8,0,8,0,288
8586.0,0,0,8,0,8,0,288
8587.0,0,0,8,0,8,0,288
8588.0,0,0,8,0,8,0,288
8589.0,0,0,8,0,8,0,288
8590.0,0,0,8,0,8,0,288
8591.0,0,0,8,0,8,0,288
8592.0,0,0,8,0,8,0,288
8593.0,0,0,8,0,8,0,288
8594.0,0,0,8,0,8,0,288
8595.0,0,0,8,0,8,0,288
8596.0,0,0,8,0,8,0,288
8597.0,0,0,8,0,8,0,288
8598.0,0,0,8,0,8,0,288
8599.0,0,0,8,0,8,0,288
8600.0,0,0,8,0,8,0,288
8601.0,0,0,8,0,8,0,288
8602.0,0,0,8,0,8,0,288
8603.0,0,0,8,0,8,0,288
8604.0,0,0,8,0,8,0,288
8605.0,0,0,8,0,8,0,288
8606.0,0,0,8,0,8,0,288
8607.0,0,0,8,0,8,0,288
8608.0,0,0,8,0,8,0,288
8609.0,0,0,8,0,8,0,288
8610.0,0,0,8,0,8,0,288
8611.0,0,0,8,0,8,0,288
8612.0,0,0,8,0,8,0,288
8613.0,0,0,8,0,8,0,288
8614.0,0,0,8,0,8,0,288
8615.0,0,0,8,0,8,0,288
8616.0,0,0,8,0,8,0,288
8617.0,0,0,8,0,8,0,288
8618.0,0,0,8,0,8,0,288
8619.0,0,0,8,0,8,0,288
8620.0,0,0,8,0,8,0,288
8621.0,0,0,8,0,8,0,288
8622.0,0,0,8,0,8,0,288
8623.0,0,0,8,0,8,0,288
8624.0,0,0,8,0,8,0,288
8625.0,0,0,8,0,8,0,288
8626.0,0,0,8,0,8,0,288
8627.0,0,0,8,0,8,0,288
8628.0,0,0,8,0,8,0,288
8629.0,0,0,8,0,8,0,288
8630.0,0,0,8,0,8,0,288
8631.0,0,0,8,0,8,0,288
8632.0,0,0,8,0,8,0,288
8633.0,0,0,8,0,8,0,288
8634.0,0,0,8,0,8,0,288
8635.0,0,0,8,0,8,0,288
8636.0,0,0,8,0,8,0,288
8637.0,0,0,8,0,8,0,288
8638.0,0,0,8,0,8,0,288
8639.0,0,0,8,0,8,0,288
8640.0,0,0,8,0,8,0,288
8641.0,0,0,8,0,8,0,288
8642.0,0,0,8,0,8,0,288
8643.0,0,0,8,0,8,0,288
8644.0,0,0,8,0,8,0,288
8645.0,0,0,8,0,8,0,288
8646.0,0,0,8,0,8,0,288
8647.0,0,0,8,0,8,0,288
8648.0,0,0,8,0,8,0,288
8649.0,0,0,8,0,8,0,288
8650.0,0,0,8,0,8,0,288
8651.0,0,0,8,0,8,0,288
8652.0,0,0,8,0,8,0,288
8653.0,0,0,8,0,8,0,288
8654.0,0,0,8,0,8,0,288
8655.0,0,0,8,0,8,0,288
8656.0,0,0,8,0,8,0,288
8657.0,0,0,8,0,8,0,288
8658.0,0,0,8,0,8,0,288
8659.0,0,0,8,0,8,0,288
8660.0,0,0,8,0,8,0,288
8661.0,0,0,8,0,8,0,288
8662.0,0,0,8,0,8,0,288
8663.0,0,0,8,0,8,0,288
8664.0,0,0,8,0,8,0,288
8665.0,0,0,8,0,8,0,288
8666.0,0,0,8,0,8,0,288
8667.0,0,0,8,0,8,0,288
8668.0,0,0,8,0,8,0,288
8669.0,0,0,8,0,8,0,288
8670.0,0,0,8,0,8,0,288
8671.0,0,0,8,0,8,0,288
8672.0,0,0,8,0,8,0,288
8673.0,0,0,8,0,8,0,288
8674.0,0,0,8,0,8,0,288
8675.0,0,0,8,0,8,0,288
8676.0,0,0,8,0,8,0,288
8677.0,0,0,8,0,8,0,288
8678.0,0,0,8,0,8,0,288
8679.0,0,0,8,0,8,0,288
8680.0,0,0,8,0,8,0,288
8681.0,0,0,8,0,8,0,288
8682.0,0,0,8,0,8,0,288
8683.0,0,0,8,0,8,0,288
8684.0,0,0,8,0,8,0,288
8685.0,0,0,8,0,8,0,288
8686.0,0,0,8,0,8,0,288
8687.0,0,0,8,0,8,0,288
8688.0,0,0,8,0,8,0,288
8689.0,0,0,8,0,8,0,288
8690.0,0,0,8,0,8,0,288
8691.0,0,0,8,0,8,0,288
8692.0,0,0,8,0,8,0,288
8693.0,0,0,8,0,8,0,288
8694.0,0,0,8,0,8,0,288
8695.0,0,0,8,0,8,0,288
8696.0,0,0,8,0,8,0,288
8697.0,0,0,8,0,8,0,288
8698.0,0,0,8,0,8,0,288
8699.0,0,0,8,0,8,0,288
8700.0,0,0,8,0,8,0,288
8701.0,0,0,8,0,8,0,288
8702.0,0,0,8,0,8,0,288
8703.0,0,0,8,0,8,0,288
8704.0,0,0,8,0,8,0,288
8705.0,0,0,8,0,8,0,288
8706.0,0,0,8,0,8,0,288
8707.0,0,0,8,0,8,0,288
8708.0,0,0,8,0,8,0,288
8709.0,0,0,8,0,8,0,288
8710.0,0,0,8,0,8,0,288
8711.0,0,0,8,0,8,0,288
8712.0,0,0,8,0,8,0,288
8713.0,0,0,8,0,8,0,288
8714.0,0,0,8,0,8,0,288
8715.0,0,0,8,0,8,0,288
8716.0,0,0,8,0,8,0,288
8717.0,0,0,8,0,8,0,288
8718.0,0,0,8,0,8,0,288
8719.0,0,0,8,0,8,0,288
8720.0,0,0,8,0,8,0,288
8721.0,0,0,8,0,8,0,288
8722.0,0,0,8,0,8,0,288
8723.0,0,0,8,0,8,0,288
8724.0,0,0,8,0,8,0,288
8725.0,0,0,8,0,8,0,288
8726.0,0,0,8,0,8,0,288
8727.0,0,0,8,0,8,0,288
8728.0,0,0,8,0,8,0,288
8729.0,0,0,8,0,8,0,288
8730.0,0,0,8,0,8,0,288
8731.0,0,0,8,0,8,0,288
8732.0,0,0,8,0,8,0,288
8733.0,0,0,8,0,8,0,288
8734.0,0,0,8,0,8,0,288
8735.0,0,0,8,0,8,0,288
8736.0,0,0,8,0,8,0,288
8737.0,0,0,8,0,8,0,288
8738.0,0,0,8,0,8,0,288
8739.0,0,0,8,0,8,0,288
8740.0,0,0,8,0,8,0,288
8741.0,0,0,8,0,8,0,288
8742.0,0,0,8,0,8,0,288
8743.0,0,0,8,0,8,0,288
8744.0,0,0,8,0,8,0,288
8745.0,0,0,8,0,8,0,288
8746.0,0,0,8,0,8,0,288
8747.0,0,0,8,0,8,0,288
8748.0,0,0,8,0,8,0,288
8749.0,0,0,8,0,8,0,288
8750.0,0,0,8,0,8,0,288
8751.0,0,0,8,0,8,0,288
8752.0,0,0,8,0,8,0,288
8753.0,0,0,8,0,8,0,288
8754.0,0,0,8,0,8,0,288
8755.0,0,0,8,0,8,0,288
8756.0,0,0,8,0,8,0,288
8757.0,0,0,8,0,8,0,288
8758.0,0,0,8,0,8,0,288
8759.0,0,0,8,0,8,0,288
8760.0,0,0,8,0,8,0,288
8761.0,0,0,8,0,8,0,288
8762.0,0,0,8,0,8,0,288
8763.0,0,0,8,0,8,0,288
8764.0,0,0,8,0,8,0,288
8765.0,0,0,8,0,8,0,288
8766.0,0,0,8,0,8,0,288
8767.0,0,0,8,0,8,0,288
8768.0,0,0,8,0,8,0,288
8769.0,0,0,8,0,8,0,288
8770.0,0,0,8,0,8,0,288
8771.0,0,0,8,0,8,0,288
8772.0,0,0,8,0,8,0,288
8773.0,0,0,8,0,8,0,288
8774.0,0,0,8,0,8,0,288
8775.0,0,0,8,0,8,0,288
8776.0,0,0,8,0,8,0,288
8777.0,0,0,8,0,8,0,288
8778.0,0,0,8,0,8,0,288
8779.0,0,0,8,0,8,0,288
8780.0,0,0,8,0,8,0,288
8781.0,0,0,8,0,8,0,288
8782.0,0,0,8,0,8,0,288
8783.0,0,0,8,0,8,0,288
8784.0,0,0,8,0,8,0,288
8785.0,0,0,8,0,8,0,288
8786.0,0,0,8,0,8,0,288
8787.0,0,0,8,0,8,0,288
8788.0,0,0,8,0,8,0,288
8789.0,0,0,8,0,8,0,288
8790.0,0,0,8,0,8,0,288
8791.0,0,0,8,0,8,0,288
8792.0,0,0,8,0,8,0,288
8793.0,0,0,8,0,8,0,288
8794.0,0,0,8,0,8,0,288
8795.0,0,0,8,0,8,0,288
8796.0,0,0,8,0,8,0,288
8797.0,0,0,8,0,8,0,288
8798.0,0,0,8,0,8,0,288
8799.0,0,0,8,0,8,0,288
8800.0,0,0,8,0,8,0,288
8801.0,0,0,8,0,8,0,288
8802.0,0,0,8,0,8,0,288
8803.0,0,0,8,0,8,0,288
8804.0,0,0,8,0,8,0,288
8805.0,0,0,8,0,8,0,288
8806.0,0,0,8,0,8,0,288
8807.0,0,0,8,0,8,0,288
8808.0,0,0,8,0,8,0,288
8809.0,0,0,8,0,8,0,288
8810.0,0,0,8,0,8,0,288
8811.0,0,0,8,0,8,0,288
8812.0,0,0,8,0,8,0,288
8813.0,0,0,8,0,8,0,288
8814.0,0,0,8,0,8,0,288
8815.0,0,0,8,0,8,0,288
8816.0,0,0,8,0,8,0,288
8817.0,0,0,8,0,8,0,288
8818.0,0,0,8,0,8,0,288
8819.0,0,0,8,0,8,0,288
8820.0,0,0,8,0,8,0,288
8821.0,0,0,8,0,8,0,288
8822.0,0,0,8,0,8,0,288
8823.0,0,0,8,0,8,0,288
8824.0,0,0,8,0,8,0,288
8825.0,0,0,8,0,8,0,288
8826.0,0,0,8,0,8,0,288
8827.0,0,0,8,0,8,0,288
8828.0,0,0,8,0,8,0,288
8829.0,0,0,8,0,8,0,288
8830.0,0,0,8,0,8,0,288
8831.0,0,0,8,0,8,0,288
8832.0,0,0,8,0,8,0,288
8833.0,0,0,8,0,8,0,288
8834.0,0,0,8,0,8,0,288
8835.0,0,0,8,0,8,0,288
8836.0,0,0,8,0,8,0,288
8837.0,0,0,8,0,8,0,288
8838.0,0,0,8,0,8,0,288
8839.0,0,0,8,0,8,0,288
8840.0,0,0,8,0,8,0,288
8841.0,0,0,8,0,8,0,288
8842.0,0,0,8,0,8,0,288
8843.0,0,0,8,0,8,0,288
8844.0,0,0,8,0,8,0,288
8845.0,0,0,8,0,8,0,288
8846.0,0,0,8,0,8,0,288
8847.0,0,0,8,0,8,0,288
8848.0,0,0,8,0,8,0,288
8849.0,0,0,8,0,8,0,288
8850.0,0,0,8,0,8,0,288
8851.0,0,0,8,0,8,0,288
8852.0,0,0,8,0,8,0,288
8853.0,0,0,8,0,8,0,288
8854.0,0,0,8,0,8,0,288
8855.0,0,0,8,0,8,0,288
8856.0,0,0,8,0,8,0,288
8857.0,0,0,8,0,8,0,288
8858.0,0,0,8,0,8,0,288
8859.0,0,0,8,0,8,0,288
8860.0,0,0,8,0,8,0,288
8861.0,0,0,8,0,8,0,288
8862.0,0,0,8,0,8,0,288
8863.0,0,0,8,0,8,0,288
8864.0,0,0,8,0,8,0,288
8865.0,0,0,8,0,8,0,288
8866.0,0,0,8,0,8,0,288
8867.0,0,0,8,0,8,0,288
8868.0,0,0,8,0,8,0,288
8869.0,0,0,8,0,8,0,288
8870.0,0,0,8,0,8,0,288
8871.0,0,0,8,0,8,0,288
8872.0,0,0,8,0,8,0,288
8873.0,0,0,8,0,8,0,288
8874.0,0,0,8,0,8,0,288
8875.0,0,0,8,0,8,0,288
8876.0,0,0,8,0,8,0,288
8877.0,0,0,8,0,8,0,288
8878.0,0,0,8,0,8,0,288
8879.0,0,0,8,0,8,0,288
8880.0,0,0,8,0,8,0,288
8881.0,0,0,8,0,8,0,288
8882.0,0,0,8,0,8,0,288
8883.0,0,0,8,0,8,0,288
8884.0,0,0,8,0,8,0,288
8885.0,0,0,8,0,8,0,288
8886.0,0,0,8,0,8,0,288
8887.0,0,0,8,0,8,0,288
8888.0,0,0,8,0,8,0,288
8889.0,0,0,8,0,8,0,288
8890.0,0,0,8,0,8,0,288
8891.0,0,0,8,0,8,0,288
8892.0,0,0,8,0,8,0,288
8893.0,0,0,8,0,8,0,288
8894.0,0,0,8,0,8,0,288
8895.0,0,0,8,0,8,0,288
8896.0,0,0,8,0,8,0,288
8897.0,0,0,8,0,8,0,288
8898.0,0,0,8,0,8,0,288
8899.0,0,0,8,0,8,0,288
8900.0,0,0,8,0,8,0,288
8901.0,0,0,8,0,8,0,288
8902.0,0,0,8,0,8,0,288
8903.0,0,0,8,0,8,0,288
8904.0,0,0,8,0,8,0,288
8905.0,0,0,8,0,8,0,288
8906.0,0,0,8,0,8,0,288
8907.0,0,0,8,0,8,0,288
8908.0,0,0,8,0,8,0,288
8909.0,0,0,8,0,8,0,288
8910.0,0,0,8,0,8,0,288
8911.0,0,0,8,0,8,0,288
8912.0,0,0,8,0,8,0,288
8913.0,0,0,8,0,8,0,288
8914.0,0,0,8,0,8,0,288
8915.0,0,0,8,0,8,0,288
8916.0,0,0,8,0,8,0,288
8917.0,0,0,8,0,8,0,288
8918.0,0,0,8,0,8,0,288
8919.0,0,0,8,0,8,0,288
8920.0,0,0,8,0,8,0,288
8921.0,0,0,8,0,8,0,288
8922.0,0,0,8,0,8,0,288
8923.0,0,0,8,0,8,0,288
8924.0,0,0,8,0,8,0,288
8925.0,0,0,8,0,8,0,288
8926.0,0,0,8,0,8,0,288
8927.0,0,0,8,0,8,0,288
8928.0,0,0,8,0,8,0,288
8929.0,0,0,8,0,8,0,288
8930.0,0,0,8,0,8,0,288
8931.0,0,0,8,0,8,0,288
8932.0,0,0,8,0,8,0,288
8933.0,0,0,8,0,8,0,288
8934.0,0,0,8,0,8,0,288
8935.0,0,0,8,0,8,0,288
8936.0,0,0,8,0,8,0,288
8937.0,0,0,8,0,8,0,288
8938.0,0,0,8,0,8,0,288
8939.0,0,0,8,0,8,0,288
8940.0,0,0,8,0,8,0,288
8941.0,0,0,8,0,8,0,288
8942.0,0,0,8,0,8,0,288
8943.0,0,0,8,0,8,0,288
8944.0,0,0,8,0,8,0,288
8945.0,0,0,8,0,8,0,288
8946.0,0,0,8,0,8,0,288
8947.0,0,0,8,0,8,0,288
8948.0,0,0,8,0,8,0,288
8949.0,0,0,8,0,8,0,288
8950.0,0,0,8,0,8,0,288
8951.0,0,0,8,0,8,0,288
8952.0,0,0,8,0,8,0,288
8953.0,0,0,8,0,8,0,288
8954.0,0,0,8,0,8,0,288
8955.0,0,0,8,0,8,0,288
8956.0,0,0,8,0,8,0,288
8957.0,0,0,8,0,8,0,288
8958.0,0,0,8,0,8,0,288
8959.0,0,0,8,0,8,0,288
8960.0,0,0,8,0,8,0,288
8961.0,0,0,8,0,8,0,288
8962.0,0,0,8,0,8,0,288
8963.0,0,0,8,0,8,0,288
8964.0,0,0,8,0,8,0,288
8965.0,0,0,8,0,8,0,288
8966.0,0,0,8,0,8,0,288
8967.0,0,0,8,0,8,0,288
8968.0,0,0,8,0,8,0,288
8969.0,0,0,8,0,8,0,288
8970.0,0,0,8,0,8,0,288
8971.0,0,0,8,0,8,0,288
8972.0,0,0,8,0,8,0,288
8973.0,0,0,8,0,8,0,288
8974.0,0,0,8,0,8,0,288
8975.0,0,0,8,0,8,0,288
8976.0,0,0,8,0,8,0,288
8977.0,0,0,8,0,8,0,288
8978.0,0,0,8,0,8,0,288
8979.0,0,0,8,0,8,0,288
8980.0,0,0,8,0,8,0,288
8981.0,0,0,8,0,8,0,288
8982.0,0,0,8,0,8,0,288
8983.0,0,0,8,0,8,0,288
8984.0,0,0,8,0,8,0,288
8985.0,0,0,8,0,8,0,288
8986.0,0,0,8,0,8,0,288
8987.0,0,0,8,0,8,0,288
8988.0,0,0,8,0,8,0,288
8989.0,0,0,8,0,8,0,288
8990.0,0,0,8,0,8,0,288
8991.0,0,0,8,0,8,0,288
8992.0,0,0,8,0,8,0,288
8993.0,0,0,8,0,8,0,288
8994.0,0,0,8,0,8,0,288
8995.0,0,0,8,0,8,0,288
8996.0,0,0,8,0,8,0,288
8997.0,0,0,8,0,8,0,288
8998.0,0,0,8,0,8,0,288
8999.0,0,0,8,0,8,0,288
9000.0,0,0,8,0,8,0,288
9001.0,0,0,8,0,8,0,288
9002.0,0,0,8,0,8,0,288
9003.0,0,0,8,0,8,0,288
9004.0,0,0,8,0,8,0,288
9005.0,0,0,8,0,8,0,288
9006.0,0,0,8,0,8,0,288
9007.0,0,0,8,0,8,0,288
9008.0,0,0,8,0,8,0,288
9009.0,0,0,8,0,8,0,288
9010.0,0,0,8,0,8,0,288
9011.0,0,0,8,0,8,0,288
9012.0,0,0,8,0,8,0,288
9013.0,0,0,8,0,8,0,288
9014.0,0,0,8,0,8,0,288
9015.0,0,0,8,0,8,0,288
9016.0,0,0,8,0,8,0,288
9017.0,0,0,8,0,8,0,288
9018.0,0,0,8,0,8,0,288
9019.0,0,0,8,0,8,0,288
9020.0,0,0,8,0,8,0,288
9021.0,0,0,8,0,8,0,288
9022.0,0,0,8,0,8,0,288
9023.0,0,0,8,0,8,0,288
9024.0,0,0,8,0,8,0,288
9025.0,0,0,8,0,8,0,288
9026.0,0,0,8,0,8,0,288
9027.0,0,0,8,0,8,0,288
9028.0,0,0,8,0,8,0,288
9029.0,0,0,8,0,8,0,288
9030.0,0,0,8,0,8,0,288
9031.0,0,0,8,0,8,0,288
9032.0,0,0,8,0,8,0,288
9033.0,0,0,8,0,8,0,288
9034.0,0,0,8,0,8,0,288
9035.0,0,0,8,0,8,0,288
9036.0,0,0,8,0,8,0,288
9037.0,0,0,8,0,8,0,288
9038.0,0,0,8,0,8,0,288
9039.0,0,0,8,0,8,0,288
9040.0,0,0,8,0,8,0,288
9041.0,0,0,8,0,8,0,288
9042.0,0,0,8,0,8,0,288
9043.0,0,0,8,0,8,0,288
9044.0,0,0,8,0,8,0,288
9045.0,0,0,8,0,8,0,288
9046.0,0,0,8,0,8,0,288
9047.0,0,0,8,0,8,0,288
9048.0,0,0,8,0,8,0,288
9049.0,0,0,8,0,8,0,288
9050.0,0,0,8,0,8,0,288
9051.0,0,0,8,0,8,0,288
9052.0,0,0,8,0,8,0,288
9053.0,0,0,8,0,8,0,288
9054.0,0,0,8,0,8,0,288
9055.0,0,0,8,0,8,0,288
9056.0,0,0,8,0,8,0,288
9057.0,0,0,8,0,8,0,288
9058.0,0,0,8,0,8,0,288
9059.0,0,0,8,0,8,0,288
9060.0,0,0,8,0,8,0,288
9061.0,0,0,8,0,8,0,288
9062.0,0,0,8,0,8,0,288
9063.0,0,0,8,0,8,0,288
9064.0,0,0,8,0,8,0,288
9065.0,0,0,8,0,8,0,288
9066.0,0,0,8,0,8,0,288
9067.0,0,0,8,0,8,0,288
9068.0,0,0,8,0,8,0,288
9069.0,0,0,8,0,8,0,288
9070.0,0,0,8,0,8,0,288
9071.0,0,0,8,0,8,0,288
9072.0,0,0,8,0,8,0,288
9073.0,0,0,8,0,8,0,288
9074.0,0,0,8,0,8,0,288
9075.0,0,0,8,0,8,0,288
9076.0,0,0,8,0,8,0,288
9077.0,0,0,8,0,8,0,288
9078.0,0,0,8,0,8,0,288
9079.0,0,0,8,0,8,0,288
9080.0,0,0,8,0,8,0,288
9081.0,0,0,8,0,8,0,288
9082.0,0,0,8,0,8,0,288
9083.0,0,0,8,0,8,0,288
9084.0,0,0,8,0,8,0,288
9085.0,0,0,8,0,8,0,288
9086.0,0,0,8,0,8,0,288
9087.0,0,0,8,0,8,0,288
9088.0,0,0,8,0,8,0,288
9089.0,0,0,8,0,8,0,288
9090.0,0,0,8,0,8,0,288
9091.0,0,0,8,0,8,0,288
9092.0,0,0,8,0,8,0,288
9093.0,0,0,8,0,8,0,288
9094.0,0,0,8,0,8,0,288
9095.0,0,0,8,0,8,0,288
9096.0,0,0,8,0,8,0,288
9097.0,0,0,8,0,8,0,288
9098.0,0,0,8,0,8,0,288
9099.0,0,0,8,0,8,0,288
9100.0,0,0,8,0,8,0,288
9101.0,0,0,8,0,8,0,288
9102.0,0,0,8,0,8,0,288
9103.0,0,0,8,0,8,0,288
9104.0,0,0,8,0,8,0,288
9105.0,0,0,8,0,8,0,288
9106.0,0,0,8,0,8,0,288
9107.0,0,0,8,0,8,0,288
9108.0,0,0,8,0,8,0,288
9109.0,0,0,8,0,8,0,288
9110.0,0,0,8,0,8,0,288
9111.0,0,0,8,0,8,0,288
9112.0,0,0,8,0,8,0,288
9113.0,0,0,8,0,8,0,288
9114.0,0,0,8,0,8,0,288
9115.0,0,0,8,0,8,0,288
9116.0,0,0,8,0,8,0,288
9117.0,0,0,8,0,8,0,288
9118.0,0,0,8,0,8,0,288
9119.0,0,0,8,0,8,0,288
9120.0,0,0,8,0,8,0,288
9121.0,0,0,8,0,8,0,288
9122.0,0,0,8,0,8,0,288
9123.0,0,0,8,0,8,0,288
9124.0,0,0,8,0,8,0,288
9125.0,0,0,8,0,8,0,288
9126.0,0,0,8,0,8,0,288
9127.0,0,0,8,0,8,0,288
9128.0,0,0,8,0,8,0,288
9129.0,0,0,8,0,8,0,288
9130.0,0,0,8,0,8,0,288
9131.0,0,0,8,0,8,0,288
9132.0,0,0,8,0,8,0,288
9133.0,0,0,8,0,8,0,288
9134.0,0,0,8,0,8,0,288
9135.0,0,0,8,0,8,0,288
9136.0,0,0,8,0,8,0,288
9137.0,0,0,8,0,8,0,288
9138.0,0,0,8,0,8,0,288
9139.0,0,0,8,0,8,0,288
9140.0,0,0,8,0,8,0,288
9141.0,0,0,8,0,8,0,288
9142.0,0,0,8,0,8,0,288
9143.0,0,0,8,0,8,0,288
9144.0,0,0,8,0,8,0,288
9145.0,0,0,8,0,8,0,288
9146.0,0,0,8,0,8,0,288
9147.0,0,0,8,0,8,0,288
9148.0,0,0,8,0,8,0,288
9149.0,0,0,8,0,8,0,288
9150.0,0,0,8,0,8,0,288
9151.0,0,0,8,0,8,0,288
9152.0,0,0,8,0,8,0,288
9153.0,0,0,8,0,8,0,288
9154.0,0,0,8,0,8,0,288
9155.0,0,0,8,0,8,0,288
9156.0,0,0,8,0,8,0,288
9157.0,0,0,8,0,8,0,288
9158.0,0,0,8,0,8,0,288
9159.0,0,0,8,0,8,0,288
9160.0,0,0,8,0,8,0,288
9161.0,0,0,8,0,8,0,288
9162.0,0,0,8,0,8,0,288
9163.0,0,0,8,0,8,0,288
9164.0,0,0,8,0,8,0,288
9165.0,0,0,8,0,8,0,288
9166.0,0,0,8,0,8,0,288
9167.0,0,0,8,0,8,0,288
9168.0,0,0,8,0,8,0,288
9169.0,0,0,8,0,8,0,288
9170.0,0,0,8,0,8,0,288
9171.0,0,0,8,0,8,0,288
9172.0,0,0,8,0,8,0,288
9173.0,0,0,8,0,8,0,288
9174.0,0,0,8,0,8,0,288
9175.0,0,0,8,0,8,0,288
9176.0,0,0,8,0,8,0,288
9177.0,0,0,8,0,8,0,288
9178.0,0,0,8,0,8,0,288
9179.0,0,0,8,0,8,0,288
9180.0,0,0,8,0,8,0,288
9181.0,0,0,8,0,8,0,288
9182.0,0,0,8,0,8,0,288
9183.0,0,0,8,0,8,0,288
9184.0,0,0,8,0,8,0,288
9185.0,0,0,8,0,8,0,288
9186.0,0,0,8,0,8,0,288
9187.0,0,0,8,0,8,0,288
9188.0,0,0,8,0,8,0,288
9189.0,0,0,8,0,8,0,288
9190.0,0,0,8,0,8,0,288
9191.0,0,0,8,0,8,0,288
9192.0,0,0,8,0,8,0,288
9193.0,0,0,8,0,8,0,288
9194.0,0,0,8,0,8,0,288
9195.0,0,0,8,0,8,0,288
9196.0,0,0,8,0,8,0,288
9197.0,0,0,8,0,8,0,288
9198.0,0,0,8,0,8,0,288
9199.0,0,0,8,0,8,0,288
9200.0,0,0,8,0,8,0,288
9201.0,0,0,8,0,8,0,288
9202.0,0,0,8,0,8,0,288
9203.0,0,0,8,0,8,0,288
9204.0,0,0,8,0,8,0,288
9205.0,0,0,8,0,8,0,288
9206.0,0,0,8,0,8,0,288
9207.0,0,0,8,0,8,0,288
9208.0,0,0,8,0,8,0,288
9209.0,0,0,8,0,8,0,288
9210.0,0,0,8,0,8,0,288
9211.0,0,0,8,0,8,0,288
9212.0,0,0,8,0,8,0,288
9213.0,0,0,8,0,8,0,288
9214.0,0,0,8,0,8,0,288
9215.0,0,0,8,0,8,0,288
9216.0,0,0,8,0,8,0,288
9217.0,0,0,8,0,8,0,288
9218.0,0,0,8,0,8,0,288
9219.0,0,0,8,0,8,0,288
9220.0,0,0,8,0,8,0,288
9221.0,0,0,8,0,8,0,288
9222.0,0,0,8,0,8,0,288
9223.0,0,0,8,0,8,0,288
9224.0,0,0,8,0,8,0,288
9225.0,0,0,8,0,8,0,288
9226.0,0,0,8,0,8,0,288
9227.0,0,0,8,0,8,0,288
9228.0,0,0,8,0,8,0,288
9229.0,0,0,8,0,8,0,288
9230.0,0,0,8,0,8,0,288
9231.0,0,0,8,0,8,0,288
9232.0,0,0,8,0,8,0,288
9233.0,0,0,8,0,8,0,288
9234.0,0,0,8,0,8,0,288
9235.0,0,0,8,0,8,0,288
9236.0,0,0,8,0,8,0,288
9237.0,0,0,8,0,8,0,288
9238.0,0,0,8,0,8,0,288
9239.0,0,0,8,0,8,0,288
9240.0,0,0,8,0,8,0,288
9241.0,0,0,8,0,8,0,288
9242.0,0,0,8,0,8,0,288
9243.0,0,0,8,0,8,0,288
9244.0,0,0,8,0,8,0,288
9245.0,0,0,8,0,8,0,288
9246.0,0,0,8,0,8,0,288
9247.0,0,0,8,0,8,0,288
9248.0,0,0,8,0,8,0,288
9249.0,0,0,8,0,8,0,288
9250.0,0,0,8,0,8,0,288
9251.0,0,0,8,0,8,0,288
9252.0,0,0,8,0,8,0,288
9253.0,0,0,8,0,8,0,288
9254.0,0,0,8,0,8,0,288
9255.0,0,0,8,0,8,0,288
9256.0,0,0,8,0,8,0,288
9257.0,0,0,8,0,8,0,288
9258.0,0,0,8,0,8,0,288
9259.0,0,0,8,0,8,0,288
9260.0,0,0,8,0,8,0,288
9261.0,0,0,8,0,8,0,288
9262.0,0,0,8,0,8,0,288
9263.0,0,0,8,0,8,0,288
9264.0,0,0,8,0,8,0,288
9265.0,0,0,8,0,8,0,288
9266.0,0,0,8,0,8,0,288
9267.0,0,0,8,0,8,0,288
9268.0,0,0,8,0,8,0,288
9269.0,0,0,8,0,8,0,288
9270.0,0,0,8,0,8,0,288
9271.0,0,0,8,0,8,0,288
9272.0,0,0,8,0,8,0,288
9273.0,0,0,8,0,8,0,288
9274.0,0,0,8,0,8,0,288
9275.0,0,0,8,0,8,0,288
9276.0,0,0,8,0,8,0,288
9277.0,0,0,8,0,8,0,288
9278.0,0,0,8,0,8,0,288
9279.0,0,0,8,0,8,0,288
9280.0,0,0,8,0,8,0,288
9281.0,0,0,8,0,8,0,288
9282.0,0,0,8,0,8,0,288
9283.0,0,0,8,0,8,0,288
9284.0,0,0,8,0,8,0,288
9285.0,0,0,8,0,8,0,288
9286.0,0,0,8,0,8,0,288
9287.0,0,0,8,0,8,0,288
9288.0,0,0,8,0,8,0,288
9289.0,0,0,8,0,8,0,288
9290.0,0,0,8,0,8,0,288
9291.0,0,0,8,0,8,0,288
9292.0,0,0,8,0,8,0,288
9293.0,0,0,8,0,8,0,288
9294.0,0,0,8,0,8,0,288
9295.0,0,0,8,0,8,0,288
9296.0,0,0,8,0,8,0,288
9297.0,0,0,8,0,8,0,288
9298.0,0,0,8,0,8,0,288
9299.0,0,0,8,0,8,0,288
9300.0,0,0,8,0,8,0,288
9301.0,0,0,8,0,8,0,288
9302.0,0,0,8,0,8,0,288
9303.0,0,0,8,0,8,0,288
9304.0,0,0,8,0,8,0,288
9305.0,0,0,8,0,8,0,288
9306.0,0,0,8,0,8,0,288
9307.0,0,0,8,0,8,0,288
9308.0,0,0,8,0,8,0,288
9309.0,0,0,8,0,8,0,288
9310.0,0,0,8,0,8,0,288
9311.0,0,0,8,0,8,0,288
9312.0,0,0,8,0,8,0,288
9313.0,0,0,8,0,8,0,288
9314.0,0,0,8,0,8,0,288
9315.0,0,0,8,0,8,0,288
9316.0,0,0,8,0,8,0,288
9317.0,0,0,8,0,8,0,288
9318.0,0,0,8,0,8,0,288
9319.0,0,0,8,0,8,0,288
9320.0,0,0,8,0,8,0,288
9321.0,0,0,8,0,8,0,288
9322.0,0,0,8,0,8,0,288
9323.0,0,0,8,0,8,0,288
9324.0,0,0,8,0,8,0,288
9325.0,0,0,8,0,8,0,288
9326.0,0,0,8,0,8,0,288
9327.0,0,0,8,0,8,0,288
9328.0,0,0,8,0,8,0,288
9329.0,0,0,8,0,8,0,288
9330.0,0,0,8,0,8,0,288
9331.0,0,0,8,0,8,0,288
9332.0,0,0,8,0,8,0,288
9333.0,0,0,8,0,8,0,288
9334.0,0,0,8,0,8,0,288
9335.0,0,0,8,0,8,0,288
9336.0,0,0,8,0,8,0,288
9337.0,0,0,8,0,8,0,288
9338.0,0,0,8,0,8,0,288
9339.0,0,0,8,0,8,0,288
9340.0,0,0,8,0,8,0,288
9341.0,0,0,8,0,8,0,288
9342.0,0,0,8,0,8,0,288
9343.0,0,0,8,0,8,0,288
9344.0,0,0,8,0,8,0,288
9345.0,0,0,8,0,8,0,288
9346.0,0,0,8,0,8,0,288
9347.0,0,0,8,0,8,0,288
9348.0,0,0,8,0,8,0,288
9349.0,0,0,8,0,8,0,288
9350.0,0,0,8,0,8,0,288
9351.0,0,0,8,0,8,0,288
9352.0,0,0,8,0,8,0,288
9353.0,0,0,8,0,8,0,288
9354.0,0,0,8,0,8,0,288
9355.0,0,0,8,0,8,0,288
9356.0,0,0,8,0,8,0,288
9357.0,0,0,8,0,8,0,288
9358.0,0,0,8,0,8,0,288
9359.0,0,0,8,0,8,0,288
9360.0,0,0,8,0,8,0,288
9361.0,0,0,8,0,8,0,288
9362.0,0,0,8,0,8,0,288
9363.0,0,0,8,0,8,0,288
9364.0,0,0,8,0,8,0,288
9365.0,0,0,8,0,8,0,288
9366.0,0,0,8,0,8,0,288
9367.0,0,0,8,0,8,0,288
9368.0,0,0,8,0,8,0,288
9369.0,0,0,8,0,8,0,288
9370.0,0,0,8,0,8,0,288
9371.0,0,0,8,0,8,0,288
9372.0,0,0,8,0,8,0,288
9373.0,0,0,8,0,8,0,288
9374.0,0,0,8,0,8,0,288
9375.0,0,0,8,0,8,0,288
9376.0,0,0,8,0,8,0,288
9377.0,0,0,8,0,8,0,288
9378.0,0,0,8,0,8,0,288
9379.0,0,0,8,0,8,0,288
9380.0,0,0,8,0,8,0,288
9381.0,0,0,8,0,8,0,288
9382.0,0,0,8,0,8,0,288
9383.0,0,0,8,0,8,0,288
9384.0,0,0,8,0,8,0,288
9385.0,0,0,8,0,8,0,288
9386.0,0,0,8,0,8,0,288
9387.0,0,0,8,0,8,0,288
9388.0,0,0,8,0,8,0,288
9389.0,0,0,8,0,8,0,288
9390.0,0,0,8,0,8,0,288
9391.0,0,0,8,0,8,0,288
9392.0,0,0,8,0,8,0,288
9393.0,0,0,8,0,8,0,288
9394.0,0,0,8,0,8,0,288
9395.0,0,0,8,0,8,0,288
9396.0,0,0,8,0,8,0,288
9397.0,0,0,8,0,8,0,288
9398.0,0,0,8,0,8,0,288
9399.0,0,0,8,0,8,0,288
9400.0,0,0,8,0,8,0,288
9401.0,0,0,8,0,8,0,288
9402.0,0,0,8,0,8,0,288
9403.0,0,0,8,0,8,0,288
9404.0,0,0,8,0,8,0,288
9405.0,0,0,8,0,8,0,288
9406.0,0,0,8,0,8,0,288
9407.0,0,0,8,0,8,0,288
9408.0,0,0,8,0,8,0,288
9409.0,0,0,8,0,8,0,288
9410.0,0,0,8,0,8,0,288
9411.0,0,0,8,0,8,0,288
9412.0,0,0,8,0,8,0,288
9413.0,0,0,8,0,8,0,288
9414.0,0,0,8,0,8,0,288
9415.0,0,0,8,0,8,0,288
9416.0,0,0,8,0,8,0,288
9417.0,0,0,8,0,8,0,288
9418.0,0,0,8,0,8,0,288
9419.0,0,0,8,0,8,0,288
9420.0,0,0,8,0,8,0,288
9421.0,0,0,8,0,8,0,288
9422.0,0,0,8,0,8,0,288
9423.0,0,0,8,0,8,0,288
9424.0,0,0,8,0,8,0,288
9425.0,0,0,8,0,8,0,288
9426.0,0,0,8,0,8,0,288
9427.0,0,0,8,0,8,0,288
9428.0,0,0,8,0,8,0,288
9429.0,0,0,8,0,8,0,288
9430.0,0,0,8,0,8,0,288
9431.0,0,0,8,0,8,0,288
9432.0,0,0,8,0,8,0,288
9433.0,0,0,8,0,8,0,288
9434.0,0,0,8,0,8,0,288
9435.0,0,0,8,0,8,0,288
9436.0,0,0,8,0,8,0,288
9437.0,0,0,8,0,8,0,288
9438.0,0,0,8,0,8,0,288
9439.0,0,0,8,0,8,0,288
9440.0,0,0,8,0,8,0,288
9441.0,0,0,8,0,8,0,288
9442.0,0,0,8,0,8,0,288
9443.0,0,0,8,0,8,0,288
9444.0,0,0,8,0,8,0,288
9445.0,0,0,8,0,8,0,288
9446.0,0,0,8,0,8,0,288
9447.0,0,0,8,0,8,0,288
9448.0,0,0,8,0,8,0,288
9449.0,0,0,8,0,8,0,288
9450.0,0,0,8,0,8,0,288
9451.0,0,0,8,0,8,0,288
9452.0,0,0,8,0,8,0,288
9453.0,0,0,8,0,8,0,288
9454.0,0,0,8,0,8,0,288
9455.0,0,0,8,0,8,0,288
9456.0,0,0,8,0,8,0,288
9457.0,0,0,8,0,8,0,288
9458.0,0,0,8,0,8,0,288
9459.0,0,0,8,0,8,0,288
9460.0,0,0,8,0,8,0,288
9461.0,0,0,8,0,8,0,288
9462.0,0,0,8,0,8,0,288
9463.0,0,0,8,0,8,0,288
9464.0,0,0,8,0,8,0,288
9465.0,0,0,8,0,8,0,288
9466.0,0,0,8,0,8,0,288
9467.0,0,0,8,0,8,0,288
9468.0,0,0,8,0,8,0,288
9469.0,0,0,8,0,8,0,288
9470.0,0,0,8,0,8,0,288
9471.0,0,0,8,0,8,0,288
9472.0,0,0,8,0,8,0,288
9473.0,0,0,8,0,8,0,288
9474.0,0,0,8,0,8,0,288
9475.0,0,0,8,0,8,0,288
9476.0,0,0,8,0,8,0,288
9477.0,0,0,8,0,8,0,288
9478.0,0,0,8,0,8,0,288
9479.0,0,0,8,0,8,0,288
9480.0,0,0,8,0,8,0,288
9481.0,0,0,8,0,8,0,288
9482.0,0,0,8,0,8,0,288
9483.0,0,0,8,0,8,0,288
9484.0,0,0,8,0,8,0,288
9485.0,0,0,8,0,8,0,288
9486.0,0,0,8,0,8,0,288
9487.0,0,0,8,0,8,0,288
9488.0,0,0,8,0,8,0,288
9489.0,0,0,8,0,8,0,288
9490.0,0,0,8,0,8,0,288
9491.0,0,0,8,0,8,0,288
9492.0,0,0,8,0,8,0,288
9493.0,0,0,8,0,8,0,288
9494.0,0,0,8,0,8,0,288
9495.0,0,0,8,0,8,0,288
9496.0,0,0,8,0,8,0,288
9497.0,0,0,8,0,8,0,288
9498.0,0,0,8,0,8,0,288
9499.0,0,0,8,0,8,0,288
9500.0,0,0,8,0,8,0,288
9501.0,0,0,8,0,8,0,288
9502.0,0,0,8,0,8,0,288
9503.0,0,0,8,0,8,0,288
9504.0,0,0,8,0,8,0,288
9505.0,0,0,8,0,8,0,288
9506.0,0,0,8,0,8,0,288
9507.0,0,0,8,0,8,0,288
9508.0,0,0,8,0,8,0,288
9509.0,0,0,8,0,8,0,288
9510.0,0,0,8,0,8,0,288
9511.0,0,0,8,0,8,0,288
9512.0,0,0,8,0,8,0,288
9513.0,0,0,8,0,8,0,288
9514.0,0,0,8,0,8,0,288
9515.0,0,0,8,0,8,0,288
9516.0,0,0,8,0,8,0,288
9517.0,0,0,8,0,8,0,288
9518.0,0,0,8,0,8,0,288
9519.0,0,0,8,0,8,0,288
9520.0,0,0,8,0,8,0,288
9521.0,0,0,8,0,8,0,288
9522.0,0,0,8,0,8,0,288
9523.0,0,0,8,0,8,0,288
9524.0,0,0,8,0,8,0,288
9525.0,0,0,8,0,8,0,288
9526.0,0,0,8,0,8,0,288
9527.0,0,0,8,0,8,0,288
9528.0,0,0,8,0,8,0,288
9529.0,0,0,8,0,8,0,288
9530.0,0,0,8,0,8,0,288
9531.0,0,0,8,0,8,0,288
9532.0,0,0,8,0,8,0,288
9533.0,0,0,8,0,8,0,288
9534.0,0,0,8,0,8,0,288
9535.0,0,0,8,0,8,0,288
9536.0,0,0,8,0,8,0,288
9537.0,0,0,8,0,8,0,288
9538.0,0,0,8,0,8,0,288
9539.0,0,0,8,0,8,0,288
9540.0,0,0,8,0,8,0,288
9541.0,0,0,8,0,8,0,288
9542.0,0,0,8,0,8,0,288
9543.0,0,0,8,0,8,0,288
9544.0,0,0,8,0,8,0,288
9545.0,0,0,8,0,8,0,288
9546.0,0,0,8,0,8,0,288
9547.0,0,0,8,0,8,0,288
9548.0,0,0,8,0,8,0,288
9549.0,0,0,8,0,8,0,288
9550.0,0,0,8,0,8,0,288
9551.0,0,0,8,0,8,0,288
9552.0,0,0,8,0,8,0,288
9553.0,0,0,8,0,8,0,288
9554.0,0,0,8,0,8,0,288
9555.0,0,0,8,0,8,0,288
9556.0,0,0,8,0,8,0,288
9557.0,0,0,8,0,8,0,288
9558.0,0,0,8,0,8,0,288
9559.0,0,0,8,0,8,0,288
9560.0,0,0,8,0,8,0,288
9561.0,0,0,8,0,8,0,288
9562.0,0,0,8,0,8,0,288
9563.0,0,0,8,0,8,0,288
9564.0,0,0,8,0,8,0,288
9565.0,0,0,8,0,8,0,288
9566.0,0,0,8,0,8,0,288
9567.0,0,0,8,0,8,0,288
9568.0,0,0,8,0,8,0,288
9569.0,0,0,8,0,8,0,288
9570.0,0,0,8,0,8,0,288
9571.0,0,0,8,0,8,0,288
9572.0,0,0,8,0,8,0,288
9573.0,0,0,8,0,8,0,288
9574.0,0,0,8,0,8,0,288
9575.0,0,0,8,0,8,0,288
9576.0,0,0,8,0,8,0,288
9577.0,0,0,8,0,8,0,288
9578.0,0,0,8,0,8,0,288
9579.0,0,0,8,0,8,0,288
9580.0,0,0,8,0,8,0,288
9581.0,0,0,8,0,8,0,288
9582.0,0,0,8,0,8,0,288
9583.0,0,0,8,0,8,0,288
9584.0,0,0,8,0,8,0,288
9585.0,0,0,8,0,8,0,288
9586.0,0,0,8,0,8,0,288
9587.0,0,0,8,0,8,0,288
9588.0,0,0,8,0,8,0,288
9589.0,0,0,8,0,8,0,288
9590.0,0,0,8,0,8,0,288
9591.0,0,0,8,0,8,0,288
9592.0,0,0,8,0,8,0,288
9593.0,0,0,8,0,8,0,288
9594.0,0,0,8,0,8,0,288
9595.0,0,0,8,0,8,0,288
9596.0,0,0,8,0,8,0,288
9597.0,0,0,8,0,8,0,288
9598.0,0,0,8,0,8,0,288
9599.0,0,0,8,0,8,0,288
9600.0,0,0,8,0,8,0,288
9601.0,0,0,8,0,8,0,288
9602.0,0,0,8,0,8,0,288
9603.0,0,0,8,0,8,0,288
9604.0,0,0,8,0,8,0,288
9605.0,0,0,8,0,8,0,288
9606.0,0,0,8,0,8,0,288
9607.0,0,0,8,0,8,0,288
9608.0,0,0,8,0,8,0,288
9609.0,0,0,8,0,8,0,288
9610.0,0,0,8,0,8,0,288
9611.0,0,0,8,0,8,0,288
9612.0,0,0,8,0,8,0,288
9613.0,0,0,8,0,8,0,288
9614.0,0,0,8,0,8,0,288
9615.0,0,0,8,0,8,0,288
9616.0,0,0,8,0,8,0,288
9617.0,0,0,8,0,8,0,288
9618.0,0,0,8,0,8,0,288
9619.0,0,0,8,0,8,0,288
9620.0,0,0,8,0,8,0,288
9621.0,0,0,8,0,8,0,288
9622.0,0,0,8,0,8,0,288
9623.0,0,0,8,0,8,0,288
9624.0,0,0,8,0,8,0,288
9625.0,0,0,8,0,8,0,288
9626.0,0,0,8,0,8,0,288
9627.0,0,0,8,0,8,0,288
9628.0,0,0,8,0,8,0,288
9629.0,0,0,8,0,8,0,288
9630.0,0,0,8,0,8,0,288
9631.0,0,0,8,0,8,0,288
9632.0,0,0,8,0,8,0,288
9633.0,0,0,8,0,8,0,288
9634.0,0,0,8,0,8,0,288
9635.0,0,0,8,0,8,0,288
9636.0,0,0,8,0,8,0,288
9637.0,0,0,8,0,8,0,288
9638.0,0,0,8,0,8,0,288
9639.0,0,0,8,0,8,0,288
9640.0,0,0,8,0,8,0,288
9641.0,0,0,8,0,8,0,288
9642.0,0,0,8,0,8,0,288
9643.0,0,0,8,0,8,0,288
9644.0,0,0,8,0,8,0,288
9645.0,0,0,8,0,8,0,288
9646.0,0,0,8,0,8,0,288
9647.0,0,0,8,0,8,0,288
9648.0,0,0,8,0,8,0,288
9649.0,0,0,8,0,8,0,288
9650.0,0,0,8,0,8,0,288
9651.0,0,0,8,0,8,0,288
9652.0,0,0,8,0,8,0,288
9653.0,0,0,8,0,8,0,288
9654.0,0,0,8,0,8,0,288
9655.0,0,0,8,0,8,0,288
9656.0,0,0,8,0,8,0,288
9657.0,0,0,8,0,8,0,288
9658.0,0,0,8,0,8,0,288
9659.0,0,0,8,0,8,0,288
9660.0,0,0,8,0,8,0,288
9661.0,0,0,8,0,8,0,288
9662.0,0,0,8,0,8,0,288
9663.0,0,0,8,0,8,0,288
9664.0,0,0,8,0,8,0,288
9665.0,0,0,8,0,8,0,288
9666.0,0,0,8,0,8,0,288
9667.0,0,0,8,0,8,0,288
9668.0,0,0,8,0,8,0,288
9669.0,0,0,8,0,8,0,288
9670.0,0,0,8,0,8,0,288
9671.0,0,0,8,0,8,0,288
9672.0,0,0,8,0,8,0,288
9673.0,0,0,8,0,8,0,288
9674.0,0,0,8,0,8,0,288
9675.0,0,0,8,0,8,0,288
9676.0,0,0,8,0,8,0,288
9677.0,0,0,8,0,8,0,288
9678.0,0,0,8,0,8,0,288
9679.0,0,0,8,0,8,0,288
9680.0,0,0,8,0,8,0,288
9681.0,0,0,8,0,8,0,288
9682.0,0,0,8,0,8,0,288
9683.0,0,0,8,0,8,0,288
9684.0,0,0,8,0,8,0,288
9685.0,0,0,8,0,8,0,288
9686.0,0,0,8,0,8,0,288
9687.0,0,0,8,0,8,0,288
9688.0,0,0,8,0,8,0,288
9689.0,0,0,8,0,8,0,288
9690.0,0,0,8,0,8,0,288
9691.0,0,0,8,0,8,0,288
9692.0,0,0,8,0,8,0,288
9693.0,0,0,8,0,8,0,288
9694.0,0,0,8,0,8,0,288
9695.0,0,0,8,0,8,0,288
9696.0,0,0,8,0,8,0,288
9697.0,0,0,8,0,8,0,288
9698.0,0,0,8,0,8,0,288
9699.0,0,0,8,0,8,0,288
9700.0,0,0,8,0,8,0,288
9701.0,0,0,8,0,8,0,288
9702.0,0,0,8,0,8,0,288
9703.0,0,0,8,0,8,0,288
9704.0,0,0,8,0,8,0,288
9705.0,0,0,8,0,8,0,288
9706.0,0,0,8,0,8,0,288
9707.0,0,0,8,0,8,0,288
9708.0,0,0,8,0,8,0,288
9709.0,0,0,8,0,8,0,288
9710.0,0,0,8,0,8,0,288
9711.0,0,0,8,0,8,0,288
9712.0,0,0,8,0,8,0,288
9713.0,0,0,8,0,8,0,288
9714.0,0,0,8,0,8,0,288
9715.0,0,0,8,0,8,0,288
9716.0,0,0,8,0,8,0,288
9717.0,0,0,8,0,8,0,288
9718.0,0,0,8,0,8,0,288
9719.0,0,0,8,0,8,0,288
9720.0,0,0,8,0,8,0,288
9721.0,0,0,8,0,8,0,288
9722.0,0,0,8,0,8,0,288
9723.0,0,0,8,0,8,0,288
9724.0,0,0,8,0,8,0,288
9725.0,0,0,8,0,8,0,288
9726.0,0,0,8,0,8,0,288
9727.0,0,0,8,0,8,0,288
9728.0,0,0,8,0,8,0,288
9729.0,0,0,8,0,8,0,288
9730.0,0,0,8,0,8,0,288
9731.0,0,0,8,0,8,0,288
9732.0,0,0,8,0,8,0,288
9733.0,0,0,8,0,8,0,288
9734.0,0,0,8,0,8,0,288
9735.0,0,0,8,0,8,0,288
9736.0,0,0,8,0,8,0,288
9737.0,0,0,8,0,8,0,288
9738.0,0,0,8,0,8,0,288
9739.0,0,0,8,0,8,0,288
9740.0,0,0,8,0,8,0,288
9741.0,0,0,8,0,8,0,288
9742.0,0,0,8,0,8,0,288
9743.0,0,0,8,0,8,0,288
9744.0,0,0,8,0,8,0,288
9745.0,0,0,8,0,8,0,288
9746.0,0,0,8,0,8,0,288
9747.0,0,0,8,0,8,0,288
9748.0,0,0,8,0,8,0,288
9749.0,0,0,8,0,8,0,288
9750.0,0,0,8,0,8,0,288
9751.0,0,0,8,0,8,0,288
9752.0,0,0,8,0,8,0,288
9753.0,0,0,8,0,8,0,288
9754.0,0,0,8,0,8,0,288
9755.0,0,0,8,0,8,0,288
9756.0,0,0,8,0,8,0,288
9757.0,0,0,8,0,8,0,288
9758.0,0,0,8,0,8,0,288
9759.0,0,0,8,0,8,0,288
9760.0,0,0,8,0,8,0,288
9761.0,0,0,8,0,8,0,288
9762.0,0,0,8,0,8,0,288
9763.0,0,0,8,0,8,0,288
9764.0,0,0,8,0,8,0,288
9765.0,0,0,8,0,8,0,288
9766.0,0,0,8,0,8,0,288
9767.0,0,0,8,0,8,0,288
9768.0,0,0,8,0,8,0,288
9769.0,0,0,8,0,8,0,288
9770.0,0,0,8,0,8,0,288
9771.0,0,0,8,0,8,0,288
9772.0,0,0,8,0,8,0,288
9773.0,0,0,8,0,8,0,288
9774.0,0,0,8,0,8,0,288
9775.0,0,0,8,0,8,0,288
9776.0,0,0,8,0,8,0,288
9777.0,0,0,8,0,8,0,288
9778.0,0,0,8,0,8,0,288
9779.0,0,0,8,0,8,0,288
9780.0,0,0,8,0,8,0,288
9781.0,0,0,8,0,8,0,288
9782.0,0,0,8,0,8,0,288
9783.0,0,0,8,0,8,0,288
9784.0,0,0,8,0,8,0,288
9785.0,0,0,8,0,8,0,288
9786.0,0,0,8,0,8,0,288
9787.0,0,0,8,0,8,0,288
9788.0,0,0,8,0,8,0,288
9789.0,0,0,8,0,8,0,288
9790.0,0,0,8,0,8,0,288
9791.0,0,0,8,0,8,0,288
9792.0,0,0,8,0,8,0,288
9793.0,0,0,8,0,8,0,288
9794.0,0,0,8,0,8,0,288
9795.0,0,0,8,0,8,0,288
9796.0,0,0,8,0,8,0,288
9797.0,0,0,8,0,8,0,288
9798.0,0,0,8,0,8,0,288
9799.0,0,0,8,0,8,0,288
9800.0,0,0,8,0,8,0,288
9801.0,0,0,8,0,8,0,288
9802.0,0,0,8,0,8,0,288
9803.0,0,0,8,0,8,0,288
9804.0,0,0,8,0,8,0,288
9805.0,0,0,8,0,8,0,288
9806.0,0,0,8,0,8,0,288
9807.0,0,0,8,0,8,0,288
9808.0,0,0,8,0,8,0,288
9809.0,0,0,8,0,8,0,288
9810.0,0,0,8,0,8,0,288
9811.0,0,0,8,0,8,0,288
9812.0,0,0,8,0,8,0,288
9813.0,0,0,8,0,8,0,288
9814.0,0,0,8,0,8,0,288
9815.0,0,0,8,0,8,0,288
9816.0,0,0,8,0,8,0,288
9817.0,0,0,8,0,8,0,288
9818.0,0,0,8,0,8,0,288
9819.0,0,0,8,0,8,0,288
9820.0,0,0,8,0,8,0,288
9821.0,0,0,8,0,8,0,288
9822.0,0,0,8,0,8,0,288
9823.0,0,0,8,0,8,0,288
9824.0,0,0,8,0,8,0,288
9825.0,0,0,8,0,8,0,288
9826.0,0,0,8,0,8,0,288
9827.0,0,0,8,0,8,0,288
9828.0,0,0,8,0,8,0,288
9829.0,0,0,8,0,8,0,288
9830.0,0,0,8,0,8,0,288
9831.0,0,0,8,0,8,0,288
9832.0,0,0,8,0,8,0,288
9833.0,0,0,8,0,8,0,288
9834.0,0,0,8,0,8,0,288
9835.0,0,0,8,0,8,0,288
9836.0,0,0,8,0,8,0,288
9837.0,0,0,8,0,8,0,288
9838.0,0,0,8,0,8,0,288
9839.0,0,0,8,0,8,0,288
9840.0,0,0,8,0,8,0,288
9841.0,0,0,8,0,8,0,288
9842.0,0,0,8,0,8,0,288
9843.0,0,0,8,0,8,0,288
9844.0,0,0,8,0,8,0,288
9845.0,0,0,8,0,8,0,288
9846.0,0,0,8,0,8,0,288
9847.0,0,0,8,0,8,0,288
9848.0,0,0,8,0,8,0,288
9849.0,0,0,8,0,8,0,288
9850.0,0,0,8,0,8,0,288
9851.0,0,0,8,0,8,0,288
9852.0,0,0,8,0,8,0,288
9853.0,0,0,8,0,8,0,288
9854.0,0,0,8,0,8,0,288
9855.0,0,0,8,0,8,0,288
9856.0,0,0,8,0,8,0,288
9857.0,0,0,8,0,8,0,288
9858.0,0,0,8,0,8,0,288
9859.0,0,0,8,0,8,0,288
9860.0,0,0,8,0,8,0,288
9861.0,0,0,8,0,8,0,288
9862.0,0,0,8,0,8,0,288
9863.0,0,0,8,0,8,0,288
9864.0,0,0,8,0,8,0,288
9865.0,0,0,8,0,8,0,288
9866.0,0,0,8,0,8,0,288
9867.0,0,0,8,0,8,0,288
9868.0,0,0,8,0,8,0,288
9869.0,0,0,8,0,8,0,288
9870.0,0,0,8,0,8,0,288
9871.0,0,0,8,0,8,0,288
9872.0,0,0,8,0,8,0,288
9873.0,0,0,8,0,8,0,288
9874.0,0,0,8,0,8,0,288
9875.0,0,0,8,0,8,0,288
9876.0,0,0,8,0,8,0,288
9877.0,0,0,8,0,8,0,288
9878.0,0,0,8,0,8,0,288
9879.0,0,0,8,0,8,0,288
9880.0,0,0,8,0,8,0,288
9881.0,0,0,8,0,8,0,288
9882.0,0,0,8,0,8,0,288
9883.0,0,0,8,0,8,0,288
9884.0,0,0,8,0,8,0,288
9885.0,0,0,8,0,8,0,288
9886.0,0,0,8,0,8,0,288
9887.0,0,0,8,0,8,0,288
9888.0,0,0,8,0,8,0,288
9889.0,0,0,8,0,8,0,288
9890.0,0,0,8,0,8,0,288
9891.0,0,0,8,0,8,0,288
9892.0,0,0,8,0,8,0,288
9893.0,0,0,8,0,8,0,288
9894.0,0,0,8,0,8,0,288
9895.0,0,0,8,0,8,0,288
9896.0,0,0,8,0,8,0,288
9897.0,0,0,8,0,8,0,288
9898.0,0,0,8,0,8,0,288
9899.0,0,0,8,0,8,0,288
9900.0,0,0,8,0,8,0,288
9901.0,0,0,8,0,8,0,288
9902.0,0,0,8,0,8,0,288
9903.0,0,0,8,0,8,0,288
9904.0,0,0,8,0,8,0,288
9905.0,0,0,8,0,8,0,288
9906.0,0,0,8,0,8,0,288
9907.0,0,0,8,0,8,0,288
9908.0,0,0,8,0,8,0,288
9909.0,0,0,8,0,8,0,288
9910.0,0,0,8,0,8,0,288
9911.0,0,0,8,0,8,0,288
9912.0,0,0,8,0,8,0,288
9913.0,0,0,8,0,8,0,288
9914.0,0,0,8,0,8,0,288
9915.0,0,0,8,0,8,0,288
9916.0,0,0,8,0,8,0,288
9917.0,0,0,8,0,8,0,288
9918.0,0,0,8,0,8,0,288
9919.0,0,0,8,0,8,0,288
9920.0,0,0,8,0,8,0,288
9921.0,0,0,8,0,8,0,288
9922.0,0,0,8,0,8,0,288
9923.0,0,0,8,0,8,0,288
9924.0,0,0,8,0,8,0,288
9925.0,0,0,8,0,8,0,288
9926.0,0,0,8,0,8,0,288
9927.0,0,0,8,0,8,0,288
9928.0,0,0,8,0,8,0,288
9929.0,0,0,8,0,8,0,288
9930.0,0,0,8,0,8,0,288
9931.0,0,0,8,0,8,0,288
9932.0,0,0,8,0,8,0,288
9933.0,0,0,8,0,8,0,288
9934.0,0,0,8,0,8,0,288
9935.0,0,0,8,0,8,0,288
9936.0,0,0,8,0,8,0,288
9937.0,0,0,8,0,8,0,288
9938.0,0,0,8,0,8,0,288
9939.0,0,0,8,0,8,0,288
9940.0,0,0,8,0,8,0,288
9941.0,0,0,8,0,8,0,288
9942.0,0,0,8,0,8,0,288
9943.0,0,0,8,0,8,0,288
9944.0,0,0,8,0,8,0,288
9945.0,0,0,8,0,8,0,288
9946.0,0,0,8,0,8,0,288
9947.0,0,0,8,0,8,0,288
9948.0,0,0,8,0,8,0,288
9949.0,0,0,8,0,8,0,288
9950.0,0,0,8,0,8,0,288
9951.0,0,0,8,0,8,0,288
9952.0,0,0,8,0,8,0,288
9953.0,0,0,8,0,8,0,288
9954.0,0,0,8,0,8,0,288
9955.0,0,0,8,0,8,0,288
9956.0,0,0,8,0,8,0,288
9957.0,0,0,8,0,8,0,288
9958.0,0,0,8,0,8,0,288
9959.0,0,0,8,0,8,0,288
9960.0,0,0,8,0,8,0,288
9961.0,0,0,8,0,8,0,288
9962.0,0,0,8,0,8,0,288
9963.0,0,0,8,0,8,0,288
9964.0,0,0,8,0,8,0,288
9965.0,0,0,8,0,8,0,288
9966.0,0,0,8,0,8,0,288
9967.0,0,0,8,0,8,0,288
9968.0,0,0,8,0,8,0,288
9969.0,0,0,8,0,8,0,288
9970.0,0,0,8,0,8,0,288
9971.0,0,0,8,0,8,0,288
9972.0,0,0,8,0,8,0,288
9973.0,0,0,8,0,8,0,288
9974.0,0,0,8,0,8,0,288
9975.0,0,0,8,0,8,0,288
9976.0,0,0,8,0,8,0,288
9977.0,0,0,8,0,8,0,288
9978.0,0,0,8,0,8,0,288
9979.0,0,0,8,0,8,0,288
9980.0,0,0,8,0,8,0,288
9981.0,0,0,8,0,8,0,288
9982.0,0,0,8,0,8,0,288
9983.0,0,0,8,0,8,0,288
9984.0,0,0,8,0,8,0,288
9985.0,0,0,8,0,8,0,288
9986.0,0,0,8,0,8,0,288
9987.0,0,0,8,0,8,0,288
9988.0,0,0,8,0,8,0,288
9989.0,0,0,8,0,8,0,288
9990.0,0,0,8,0,8,0,288
9991.0,0,0,8,0,8,0,288
9992.0,0,0,8,0,8,0,288
9993.0,0,0,8,0,8,0,288
9994.0,0,0,8,0,8,0,288
9995.0,0,0,8,0,8,0,288
9996.0,0,0,8,0,8,0,288
9997.0,0,0,8,0,8,0,288
9998.0,0,0,8,0,8,0,288
9999.0,0,0,8,0,8,0,288
10000.0,0,0,8,0,8,0,288
10001.0,0,0,8,0,8,0,288
10002.0,0,0,8,0,8,0,288
10003.0,0,0,8,0,8,0,288
10004.0,0,0,8,0,8,0,288
10005.0,0,0,8,0,8,0,288
10006.0,0,0,8,0,8,0,288
10007.0,0,0,8,0,8,0,288
10008.0,0,0,8,0,8,0,288
10009.0,0,0,8,0,8,0,288
10010.0,0,0,8,0,8,0,288
10011.0,0,0,8,0,8,0,288
10012.0,0,0,8,0,8,0,288
10013.0,0,0,8,0,8,0,288
10014.0,0,0,8,0,8,0,288
10015.0,0,0,8,0,8,0,288
10016.0,0,0,8,0,8,0,288
10017.0,0,0,8,0,8,0,288
10018.0,0,0,8,0,8,0,288
10019.0,0,0,8,0,8,0,288
10020.0,0,0,8,0,8,0,288
10021.0,0,0,8,0,8,0,288
10022.0,0,0,8,0,8,0,288
10023.0,0,0,8,0,8,0,288
10024.0,0,0,8,0,8,0,288
10025.0,0,0,8,0,8,0,288
10026.0,0,0,8,0,8,0,288
10027.0,0,0,8,0,8,0,288
10028.0,0,0,8,0,8,0,288
10029.0,0,0,8,0,8,0,288
10030.0,0,0,8,0,8,0,288
10031.0,0,0,8,0,8,0,288
10032.0,0,0,8,0,8,0,288
10033.0,0,0,8,0,8,0,288
10034.0,0,0,8,0,8,0,288
10035.0,0,0,8,0,8,0,288
10036.0,0,0,8,0,8,0,288
10037.0,0,0,8,0,8,0,288
10038.0,0,0,8,0,8,0,288
10039.0,0,0,8,0,8,0,288
10040.0,0,0,8,0,8,0,288
10041.0,0,0,8,0,8,0,288
10042.0,0,0,8,0,8,0,288
10043.0,0,0,8,0,8,0,288
10044.0,0,0,8,0,8,0,288
10045.0,0,0,8,0,8,0,288
10046.0,0,0,8,0,8,0,288
10047.0,0,0,8,0,8,0,288
10048.0,0,0,8,0,8,0,288
10049.0,0,0,8,0,8,0,288
10050.0,0,0,8,0,8,0,288
10051.0,0,0,8,0,8,0,288
10052.0,0,0,8,0,8,0,288
10053.0,0,0,8,0,8,0,288
10054.0,0,0,8,0,8,0,288
10055.0,0,0,8,0,8,0,288
10056.0,0,0,8,0,8,0,288
10057.0,0,0,8,0,8,0,288
10058.0,0,0,8,0,8,0,288
10059.0,0,0,8,0,8,0,288
10060.0,0,0,8,0,8,0,288
10061.0,0,0,8,0,8,0,288
10062.0,0,0,8,0,8,0,288
10063.0,0,0,8,0,8,0,288
10064.0,0,0,8,0,8,0,288
10065.0,0,0,8,0,8,0,288
10066.0,0,0,8,0,8,0,288
10067.0,0,0,8,0,8,0,288
10068.0,0,0,8,0,8,0,288
10069.0,0,0,8,0,8,0,288
10070.0,0,0,8,0,8,0,288
10071.0,0,0,8,0,8,0,288
10072.0,0,0,8,0,8,0,288
10073.0,0,0,8,0,8,0,288
10074.0,0,0,8,0,8,0,288
10075.0,0,0,8,0,8,0,288
10076.0,0,0,8,0,8,0,288
10077.0,0,0,8,0,8,0,288
10078.0,0,0,8,0,8,0,288
10079.0,0,0,8,0,8,0,288
10080.0,0,0,8,0,8,0,288
10081.0,0,0,8,0,8,0,288
10082.0,0,0,8,0,8,0,288
10083.0,0,0,8,0,8,0,288
10084.0,0,0,8,0,8,0,288
10085.0,0,0,8,0,8,0,288
10086.0,0,0,8,0,8,0,288
10087.0,0,0,8,0,8,0,288
10088.0,0,0,8,0,8,0,288
10089.0,0,0,8,0,8,0,288
10090.0,0,0,8,0,8,0,288
10091.0,0,0,8,0,8,0,288
10092.0,0,0,8,0,8,0,288
10093.0,0,0,8,0,8,0,288
10094.0,0,0,8,0,8,0,288
10095.0,0,0,8,0,8,0,288
10096.0,0,0,8,0,8,0,288
10097.0,0,0,8,0,8,0,288
10098.0,0,0,8,0,8,0,288
10099.0,0,0,8,0,8,0,288
10100.0,0,0,8,0,8,0,288
10101.0,0,0,8,0,8,0,288
10102.0,0,0,8,0,8,0,288
10103.0,0,0,8,0,8,0,288
10104.0,0,0,8,0,8,0,288
10105.0,0,0,8,0,8,0,288
10106.0,0,0,8,0,8,0,288
10107.0,0,0,8,0,8,0,288
10108.0,0,0,8,0,8,0,288
10109.0,0,0,8,0,8,0,288
10110.0,0,0,8,0,8,0,288
10111.0,0,0,8,0,8,0,288
10112.0,0,0,8,0,8,0,288
10113.0,0,0,8,0,8,0,288
10114.0,0,0,8,0,8,0,288
10115.0,0,0,8,0,8,0,288
10116.0,0,0,8,0,8,0,288
10117.0,0,0,8,0,8,0,288
10118.0,0,0,8,0,8,0,288
10119.0,0,0,8,0,8,0,288
10120.0,0,0,8,0,8,0,288
10121.0,0,0,8,0,8,0,288
10122.0,0,0,8,0,8,0,288
10123.0,0,0,8,0,8,0,288
10124.0,0,0,8,0,8,0,288
10125.0,0,0,8,0,8,0,288
10126.0,0,0,8,0,8,0,288
10127.0,0,0,8,0,8,0,288
10128.0,0,0,8,0,8,0,288
10129.0,0,0,8,0,8,0,288
10130.0,0,0,8,0,8,0,288
10131.0,0,0,8,0,8,0,288
10132.0,0,0,8,0,8,0,288
10133.0,0,0,8,0,8,0,288
10134.0,0,0,8,0,8,0,288
10135.0,0,0,8,0,8,0,288
10136.0,0,0,8,0,8,0,288
10137.0,0,0,8,0,8,0,288
10138.0,0,0,8,0,8,0,288
10139.0,0,0,8,0,8,0,288
10140.0,0,0,8,0,8,0,288
10141.0,0,0,8,0,8,0,288
10142.0,0,0,8,0,8,0,288
10143.0,0,0,8,0,8,0,288
10144.0,0,0,8,0,8,0,288
10145.0,0,0,8,0,8,0,288
10146.0,0,0,8,0,8,0,288
10147.0,0,0,8,0,8,0,288
10148.0,0,0,8,0,8,0,288
10149.0,0,0,8,0,8,0,288
10150.0,0,0,8,0,8,0,288
10151.0,0,0,8,0,8,0,288
10152.0,0,0,8,0,8,0,288
10153.0,0,0,8,0,8,0,288
10154.0,0,0,8,0,8,0,288
10155.0,0,0,8,0,8,0,288
10156.0,0,0,8,0,8,0,288
10157.0,0,0,8,0,8,0,288
10158.0,0,0,8,0,8,0,288
10159.0,0,0,8,0,8,0,288
10160.0,0,0,8,0,8,0,288
10161.0,0,0,8,0,8,0,288
10162.0,0,0,8,0,8,0,288
10163.0,0,0,8,0,8,0,288
10164.0,0,0,8,0,8,0,288
10165.0,0,0,8,0,8,0,288
10166.0,0,0,8,0,8,0,288
10167.0,0,0,8,0,8,0,288
10168.0,0,0,8,0,8,0,288
10169.0,0,0,8,0,8,0,288
10170.0,0,0,8,0,8,0,288
10171.0,0,0,8,0,8,0,288
10172.0,0,0,8,0,8,0,288
10173.0,0,0,8,0,8,0,288
10174.0,0,0,8,0,8,0,288
10175.0,0,0,8,0,8,0,288
10176.0,0,0,8,0,8,0,288
10177.0,0,0,8,0,8,0,288
10178.0,0,0,8,0,8,0,288
10179.0,0,0,8,0,8,0,288
10180.0,0,0,8,0,8,0,288
10181.0,0,0,8,0,8,0,288
10182.0,0,0,8,0,8,0,288
10183.0,0,0,8,0,8,0,288
10184.0,0,0,8,0,8,0,288
10185.0,0,0,8,0,8,0,288
10186.0,0,0,8,0,8,0,288
10187.0,0,0,8,0,8,0,288
10188.0,0,0,8,0,8,0,288
10189.0,0,0,8,0,8,0,288
10190.0,0,0,8,0,8,0,288
10191.0,0,0,8,0,8,0,288
10192.0,0,0,8,0,8,0,288
10193.0,0,0,8,0,8,0,288
10194.0,0,0,8,0,8,0,288
10195.0,0,0,8,0,8,0,288
10196.0,0,0,8,0,8,0,288
10197.0,0,0,8,0,8,0,288
10198.0,0,0,8,0,8,0,288
10199.0,0,0,8,0,8,0,288
10200.0,0,0,8,0,8,0,288
10201.0,0,0,8,0,8,0,288
10202.0,0,0,8,0,8,0,288
10203.0,0,0,8,0,8,0,288
10204.0,0,0,8,0,8,0,288
10205.0,0,0,8,0,8,0,288
10206.0,0,0,8,0,8,0,288
10207.0,0,0,8,0,8,0,288
10208.0,0,0,8,0,8,0,288
10209.0,0,0,8,0,8,0,288
10210.0,0,0,8,0,8,0,288
10211.0,0,0,8,0,8,0,288
10212.0,0,0,8,0,8,0,288
10213.0,0,0,8,0,8,0,288
10214.0,0,0,8,0,8,0,288
10215.0,0,0,8,0,8,0,288
10216.0,0,0,8,0,8,0,288
10217.0,0,0,8,0,8,0,288
10218.0,0,0,8,0,8,0,288
10219.0,0,0,8,0,8,0,288
10220.0,0,0,8,0,8,0,288
10221.0,0,0,8,0,8,0,288
10222.0,0,0,8,0,8,0,288
10223.0,0,0,8,0,8,0,288
10224.0,0,0,8,0,8,0,288
10225.0,0,0,8,0,8,0,288
10226.0,0,0,8,0,8,0,288
10227.0,0,0,8,0,8,0,288
10228.0,0,0,8,0,8,0,288
10229.0,0,0,8,0,8,0,288
10230.0,0,0,8,0,8,0,288
10231.0,0,0,8,0,8,0,288
10232.0,0,0,8,0,8,0,288
10233.0,0,0,8,0,8,0,288
10234.0,0,0,8,0,8,0,288
10235.0,0,0,8,0,8,0,288
10236.0,0,0,8,0,8,0,288
10237.0,0,0,8,0,8,0,288
10238.0,0,0,8,0,8,0,288
10239.0,0,0,8,0,8,0,288
10240.0,0,0,8,0,8,0,288
10241.0,0,0,8,0,8,0,288
10242.0,0,0,8,0,8,0,288
10243.0,0,0,8,0,8,0,288
10244.0,0,0,8,0,8,0,288
10245.0,0,0,8,0,8,0,288
10246.0,0,0,8,0,8,0,288
10247.0,0,0,8,0,8,0,288
10248.0,0,0,8,0,8,0,288
10249.0,0,0,8,0,8,0,288
10250.0,0,0,8,0,8,0,288
10251.0,0,0,8,0,8,0,288
10252.0,0,0,8,0,8,0,288
10253.0,0,0,8,0,8,0,288
10254.0,0,0,8,0,8,0,288
10255.0,0,0,8,0,8,0,288
10256.0,0,0,8,0,8,0,288
10257.0,0,0,8,0,8,0,288
10258.0,0,0,8,0,8,0,288
10259.0,0,0,8,0,8,0,288
10260.0,0,0,8,0,8,0,288
10261.0,0,0,8,0,8,0,288
10262.0,0,0,8,0,8,0,288
10263.0,0,0,8,0,8,0,288
10264.0,0,0,8,0,8,0,288
10265.0,0,0,8,0,8,0,288
10266.0,0,0,8,0,8,0,288
10267.0,0,0,8,0,8,0,288
10268.0,0,0,8,0,8,0,288
10269.0,0,0,8,0,8,0,288
10270.0,0,0,8,0,8,0,288
10271.0,0,0,8,0,8,0,288
10272.0,0,0,8,0,8,0,288
10273.0,0,0,8,0,8,0,288
10274.0,0,0,8,0,8,0,288
10275.0,0,0,8,0,8,0,288
10276.0,0,0,8,0,8,0,288
10277.0,0,0,8,0,8,0,288
10278.0,0,0,8,0,8,0,288
10279.0,0,0,8,0,8,0,288
10280.0,0,0,8,0,8,0,288
10281.0,0,0,8,0,8,0,288
10282.0,0,0,8,0,8,0,288
10283.0,0,0,8,0,8,0,288
10284.0,0,0,8,0,8,0,288
10285.0,0,0,8,0,8,0,288
10286.0,0,0,8,0,8,0,288
10287.0,0,0,8,0,8,0,288
10288.0,0,0,8,0,8,0,288
10289.0,0,0,8,0,8,0,288
10290.0,0,0,8,0,8,0,288
10291.0,0,0,8,0,8,0,288
10292.0,0,0,8,0,8,0,288
10293.0,0,0,8,0,8,0,288
10294.0,0,0,8,0,8,0,288
10295.0,0,0,8,0,8,0,288
10296.0,0,0,8,0,8,0,288
10297.0,0,0,8,0,8,0,288
10298.0,0,0,8,0,8,0,288
10299.0,0,0,8,0,8,0,288
10300.0,0,0,8,0,8,0,288
10301.0,0,0,8,0,8,0,288
10302.0,0,0,8,0,8,0,288
10303.0,0,0,8,0,8,0,288
10304.0,0,0,8,0,8,0,288
10305.0,0,0,8,0,8,0,288
10306.0,0,0,8,0,8,0,288
10307.0,0,0,8,0,8,0,288
10308.0,0,0,8,0,8,0,288
10309.0,0,0,8,0,8,0,288
10310.0,0,0,8,0,8,0,288
10311.0,0,0,8,0,8,0,288
10312.0,0,0,8,0,8,0,288
10313.0,0,0,8,0,8,0,288
10314.0,0,0,8,0,8,0,288
10315.0,0,0,8,0,8,0,288
10316.0,0,0,8,0,8,0,288
10317.0,0,0,8,0,8,0,288
10318.0,0,0,8,0,8,0,288
10319.0,0,0,8,0,8,0,288
10320.0,0,0,8,0,8,0,288
10321.0,0,0,8,0,8,0,288
10322.0,0,0,8,0,8,0,288
10323.0,0,0,8,0,8,0,288
10324.0,0,0,8,0,8,0,288
10325.0,0,0,8,0,8,0,288
10326.0,0,0,8,0,8,0,288
10327.0,0,0,8,0,8,0,288
10328.0,0,0,8,0,8,0,288
10329.0,0,0,8,0,8,0,288
10330.0,0,0,8,0,8,0,288
10331.0,0,0,8,0,8,0,288
10332.0,0,0,8,0,8,0,288
10333.0,0,0,8,0,8,0,288
10334.0,0,0,8,0,8,0,288
10335.0,0,0,8,0,8,0,288
10336.0,0,0,8,0,8,0,288
10337.0,0,0,8,0,8,0,288
10338.0,0,0,8,0,8,0,288
10339.0,0,0,8,0,8,0,288
10340.0,0,0,8,0,8,0,288
10341.0,0,0,8,0,8,0,288
10342.0,0,0,8,0,8,0,288
10343.0,0,0,8,0,8,0,288
10344.0,0,0,8,0,8,0,288
10345.0,0,0,8,0,8,0,288
10346.0,0,0,8,0,8,0,288
10347.0,0,0,8,0,8,0,288
10348.0,0,0,8,0,8,0,288
10349.0,0,0,8,0,8,0,288
10350.0,0,0,8,0,8,0,288
10351.0,0,0,8,0,8,0,288
10352.0,0,0,8,0,8,0,288
10353.0,0,0,8,0,8,0,288
10354.0,0,0,8,0,8,0,288
10355.0,0,0,8,0,8,0,288
10356.0,0,0,8,0,8,0,288
10357.0,0,0,8,0,8,0,288
10358.0,0,0,8,0,8,0,288
10359.0,0,0,8,0,8,0,288
10360.0,0,0,8,0,8,0,288
10361.0,0,0,8,0,8,0,288
10362.0,0,0,8,0,8,0,288
10363.0,0,0,8,0,8,0,288
10364.0,0,0,8,0,8,0,288
10365.0,0,0,8,0,8,0,288
10366.0,0,0,8,0,8,0,288
10367.0,0,0,8,0,8,0,288
10368.0,0,0,8,0,8,0,288
10369.0,0,0,8,0,8,0,288
10370.0,0,0,8,0,8,0,288
10371.0,0,0,8,0,8,0,288
10372.0,0,0,8,0,8,0,288
10373.0,0,0,8,0,8,0,288
10374.0,0,0,8,0,8,0,288
10375.0,0,0,8,0,8,0,288
10376.0,0,0,8,0,8,0,288
10377.0,0,0,8,0,8,0,288
10378.0,0,0,8,0,8,0,288
10379.0,0,0,8,0,8,0,288
10380.0,0,0,8,0,8,0,288
10381.0,0,0,8,0,8,0,288
10382.0,0,0,8,0,8,0,288
10383.0,0,0,8,0,8,0,288
10384.0,0,0,8,0,8,0,288
10385.0,0,0,8,0,8,0,288
10386.0,0,0,8,0,8,0,288
10387.0,0,0,8,0,8,0,288
10388.0,0,0,8,0,8,0,288
10389.0,0,0,8,0,8,0,288
10390.0,0,0,8,0,8,0,288
10391.0,0,0,8,0,8,0,288
10392.0,0,0,8,0,8,0,288
10393.0,0,0,8,0,8,0,288
10394.0,0,0,8,0,8,0,288
10395.0,0,0,8,0,8,0,288
10396.0,0,0,8,0,8,0,288
10397.0,0,0,8,0,8,0,288
10398.0,0,0,8,0,8,0,288
10399.0,0,0,8,0,8,0,288
10400.0,0,0,8,0,8,0,288
10401.0,0,0,8,0,8,0,288
10402.0,0,0,8,0,8,0,288
10403.0,0,0,8,0,8,0,288
10404.0,0,0,8,0,8,0,288
10405.0,0,0,8,0,8,0,288
10406.0,0,0,8,0,8,0,288
10407.0,0,0,8,0,8,0,288
10408.0,0,0,8,0,8,0,288
10409.0,0,0,8,0,8,0,288
10410.0,0,0,8,0,8,0,288
10411.0,0,0,8,0,8,0,288
10412.0,0,0,8,0,8,0,288
10413.0,0,0,8,0,8,0,288
10414.0,0,0,8,0,8,0,288
10415.0,0,0,8,0,8,0,288
10416.0,0,0,8,0,8,0,288
10417.0,0,0,8,0,8,0,288
10418.0,0,0,8,0,8,0,288
10419.0,0,0,8,0,8,0,288
10420.0,0,0,8,0,8,0,288
10421.0,0,0,8,0,8,0,288
10422.0,0,0,8,0,8,0,288
10423.0,0,0,8,0,8,0,288
10424.0,0,0,8,0,8,0,288
10425.0,0,0,8,0,8,0,288
10426.0,0,0,8,0,8,0,288
10427.0,0,0,8,0,8,0,288
10428.0,0,0,8,0,8,0,288
10429.0,0,0,8,0,8,0,288
10430.0,0,0,8,0,8,0,288
10431.0,0,0,8,0,8,0,288
10432.0,0,0,8,0,8,0,288
10433.0,0,0,8,0,8,0,288
10434.0,0,0,8,0,8,0,288
10435.0,0,0,8,0,8,0,288
10436.0,0,0,8,0,8,0,288
10437.0,0,0,8,0,8,0,288
10438.0,0,0,8,0,8,0,288
10439.0,0,0,8,0,8,0,288
10440.0,0,0,8,0,8,0,288
10441.0,0,0,8,0,8,0,288
10442.0,0,0,8,0,8,0,288
10443.0,0,0,8,0,8,0,288
10444.0,0,0,8,0,8,0,288
10445.0,0,0,8,0,8,0,288
10446.0,0,0,8,0,8,0,288
10447.0,0,0,8,0,8,0,288
10448.0,0,0,8,0,8,0,288
10449.0,0,0,8,0,8,0,288
10450.0,0,0,8,0,8,0,288
10451.0,0,0,8,0,8,0,288
10452.0,0,0,8,0,8,0,288
10453.0,0,0,8,0,8,0,288
10454.0,0,0,8,0,8,0,288
10455.0,0,0,8,0,8,0,288
10456.0,0,0,8,0,8,0,288
10457.0,0,0,8,0,8,0,288
10458.0,0,0,8,0,8,0,288
10459.0,0,0,8,0,8,0,288
10460.0,0,0,8,0,8,0,288
10461.0,0,0,8,0,8,0,288
10462.0,0,0,8,0,8,0,288
10463.0,0,0,8,0,8,0,288
10464.0,0,0,8,0,8,0,288
10465.0,0,0,8,0,8,0,288
10466.0,0,0,8,0,8,0,288
10467.0,0,0,8,0,8,0,288
10468.0,0,0,8,0,8,0,288
10469.0,0,0,8,0,8,0,288
10470.0,0,0,8,0,8,0,288
10471.0,0,0,8,0,8,0,288
10472.0,0,0,8,0,8,0,288
10473.0,0,0,8,0,8,0,288
10474.0,0,0,8,0,8,0,288
10475.0,0,0,8,0,8,0,288
10476.0,0,0,8,0,8,0,288
10477.0,0,0,8,0,8,0,288
10478.0,0,0,8,0,8,0,288
10479.0,0,0,8,0,8,0,288
10480.0,0,0,8,0,8,0,288
10481.0,0,0,8,0,8,0,288
10482.0,0,0,8,0,8,0,288
10483.0,0,0,8,0,8,0,288
10484.0,0,0,8,0,8,0,288
10485.0,0,0,8,0,8,0,288
10486.0,0,0,8,0,8,0,288
10487.0,0,0,8,0,8,0,288
10488.0,0,0,8,0,8,0,288
10489.0,0,0,8,0,8,0,288
10490.0,0,0,8,0,8,0,288
10491.0,0,0,8,0,8,0,288
10492.0,0,0,8,0,8,0,288
10493.0,0,0,8,0,8,0,288
10494.0,0,0,8,0,8,0,288
10495.0,0,0,8,0,8,0,288
10496.0,0,0,8,0,8,0,288
10497.0,0,0,8,0,8,0,288
10498.0,0,0,8,0,8,0,288
10499.0,0,0,8,0,8,0,288
10500.0,0,0,8,0,8,0,288
10501.0,0,0,8,0,8,0,288
10502.0,0,0,8,0,8,0,288
10503.0,0,0,8,0,8,0,288
10504.0,0,0,8,0,8,0,288
10505.0,0,0,8,0,8,0,288
10506.0,0,0,8,0,8,0,288
10507.0,0,0,8,0,8,0,288
10508.0,0,0,8,0,8,0,288
10509.0,0,0,8,0,8,0,288
10510.0,0,0,8,0,8,0,288
10511.0,0,0,8,0,8,0,288
10512.0,0,0,8,0,8,0,288
10513.0,0,0,8,0,8,0,288
10514.0,0,0,8,0,8,0,288
10515.0,0,0,8,0,8,0,288
10516.0,0,0,8,0,8,0,288
10517.0,0,0,8,0,8,0,288
10518.0,0,0,8,0,8,0,288
10519.0,0,0,8,0,8,0,288
10520.0,0,0,8,0,8,0,288
10521.0,0,0,8,0,8,0,288
10522.0,0,0,8,0,8,0,288
10523.0,0,0,8,0,8,0,288
10524.0,0,0,8,0,8,0,288
10525.0,0,0,8,0,8,0,288
10526.0,0,0,8,0,8,0,288
10527.0,0,0,8,0,8,0,288
10528.0,0,0,8,0,8,0,288
10529.0,0,0,8,0,8,0,288
10530.0,0,0,8,0,8,0,288
10531.0,0,0,8,0,8,0,288
10532.0,0,0,8,0,8,0,288
10533.0,0,0,8,0,8,0,288
10534.0,0,0,8,0,8,0,288
10535.0,0,0,8,0,8,0,288
10536.0,0,0,8,0,8,0,288
10537.0,0,0,8,0,8,0,288
10538.0,0,0,8,0,8,0,288
10539.0,0,0,8,0,8,0,288
10540.0,0,0,8,0,8,0,288
10541.0,0,0,8,0,8,0,288
10542.0,0,0,8,0,8,0,288
10543.0,0,0,8,0,8,0,288
10544.0,0,0,8,0,8,0,288
10545.0,0,0,8,0,8,0,288
10546.0,0,0,8,0,8,0,288
10547.0,0,0,8,0,8,0,288
10548.0,0,0,8,0,8,0,288
10549.0,0,0,8,0,8,0,288
10550.0,0,0,8,0,8,0,288
10551.0,0,0,8,0,8,0,288
10552.0,0,0,8,0,8,0,288
10553.0,0,0,8,0,8,0,288
10554.0,0,0,8,0,8,0,288
10555.0,0,0,8,0,8,0,288
10556.0,0,0,8,0,8,0,288
10557.0,0,0,8,0,8,0,288
10558.0,0,0,8,0,8,0,288
10559.0,0,0,8,0,8,0,288
10560.0,0,0,8,0,8,0,288
10561.0,0,0,8,0,8,0,288
10562.0,0,0,8,0,8,0,288
10563.0,0,0,8,0,8,0,288
10564.0,0,0,8,0,8,0,288
10565.0,0,0,8,0,8,0,288
10566.0,0,0,8,0,8,0,288
10567.0,0,0,8,0,8,0,288
10568.0,0,0,8,0,8,0,288
10569.0,0,0,8,0,8,0,288
10570.0,0,0,8,0,8,0,288
10571.0,0,0,8,0,8,0,288
10572.0,0,0,8,0,8,0,288
10573.0,0,0,8,0,8,0,288
10574.0,0,0,8,0,8,0,288
10575.0,0,0,8,0,8,0,288
10576.0,0,0,8,0,8,0,288
10577.0,0,0,8,0,8,0,288
10578.0,0,0,8,0,8,0,288
10579.0,0,0,8,0,8,0,288
10580.0,0,0,8,0,8,0,288
10581.0,0,0,8,0,8,0,288
10582.0,0,0,8,0,8,0,288
10583.0,0,0,8,0,8,0,288
10584.0,0,0,8,0,8,0,288
10585.0,0,0,8,0,8,0,288
10586.0,0,0,8,0,8,0,288
10587.0,0,0,8,0,8,0,288
10588.0,0,0,8,0,8,0,288
10589.0,0,0,8,0,8,0,288
10590.0,0,0,8,0,8,0,288
10591.0,0,0,8,0,8,0,288
10592.0,0,0,8,0,8,0,288
10593.0,0,0,8,0,8,0,288
10594.0,0,0,8,0,8,0,288
10595.0,0,0,8,0,8,0,288
10596.0,0,0,8,0,8,0,288
10597.0,0,0,8,0,8,0,288
10598.0,0,0,8,0,8,0,288
10599.0,0,0,8,0,8,0,288
10600.0,0,0,8,0,8,0,288
10601.0,0,0,8,0,8,0,288
10602.0,0,0,8,0,8,0,288
10603.0,0,0,8,0,8,0,288
10604.0,0,0,8,0,8,0,288
10605.0,0,0,8,0,8,0,288
10606.0,0,0,8,0,8,0,288
10607.0,0,0,8,0,8,0,288
10608.0,0,0,8,0,8,0,288
10609.0,0,0,8,0,8,0,288
10610.0,0,0,8,0,8,0,288
10611.0,0,0,8,0,8,0,288
10612.0,0,0,8,0,8,0,288
10613.0,0,0,8,0,8,0,288
10614.0,0,0,8,0,8,0,288
10615.0,0,0,8,0,8,0,288
10616.0,0,0,8,0,8,0,288
10617.0,0,0,8,0,8,0,288
10618.0,0,0,8,0,8,0,288
10619.0,0,0,8,0,8,0,288
10620.0,0,0,8,0,8,0,288
10621.0,0,0,8,0,8,0,288
10622.0,0,0,8,0,8,0,288
10623.0,0,0,8,0,8,0,288
10624.0,0,0,8,0,8,0,288
10625.0,0,0,8,0,8,0,288
10626.0,0,0,8,0,8,0,288
10627.0,0,0,8,0,8,0,288
10628.0,0,0,8,0,8,0,288
10629.0,0,0,8,0,8,0,288
10630.0,0,0,8,0,8,0,288
10631.0,0,0,8,0,8,0,288
10632.0,0,0,8,0,8,0,288
10633.0,0,0,8,0,8,0,288
10634.0,0,0,8,0,8,0,288
10635.0,0,0,8,0,8,0,288
10636.0,0,0,8,0,8,0,288
10637.0,0,0,8,0,8,0,288
10638.0,0,0,8,0,8,0,288
10639.0,0,0,8,0,8,0,288
10640.0,0,0,8,0,8,0,288
10641.0,0,0,8,0,8,0,288
10642.0,0,0,8,0,8,0,288
10643.0,0,0,8,0,8,0,288
10644.0,0,0,8,0,8,0,288
10645.0,0,0,8,0,8,0,288
10646.0,0,0,8,0,8,0,288
10647.0,0,0,8,0,8,0,288
10648.0,0,0,8,0,8,0,288
10649.0,0,0,8,0,8,0,288
10650.0,0,0,8,0,8,0,288
10651.0,0,0,8,0,8,0,288
10652.0,0,0,8,0,8,0,288
10653.0,0,0,8,0,8,0,288
10654.0,0,0,8,0,8,0,288
10655.0,0,0,8,0,8,0,288
10656.0,0,0,8,0,8,0,288
10657.0,0,0,8,0,8,0,288
10658.0,0,0,8,0,8,0,288
10659.0,0,0,8,0,8,0,288
10660.0,0,0,8,0,8,0,288
10661.0,0,0,8,0,8,0,288
10662.0,0,0,8,0,8,0,288
10663.0,0,0,8,0,8,0,288
10664.0,0,0,8,0,8,0,288
10665.0,0,0,8,0,8,0,288
10666.0,0,0,8,0,8,0,288
10667.0,0,0,8,0,8,0,288
10668.0,0,0,8,0,8,0,288
10669.0,0,0,8,0,8,0,288
10670.0,0,0,8,0,8,0,288
10671.0,0,0,8,0,8,0,288
10672.0,0,0,8,0,8,0,288
10673.0,0,0,8,0,8,0,288
10674.0,0,0,8,0,8,0,288
10675.0,0,0,8,0,8,0,288
10676.0,0,0,8,0,8,0,288
10677.0,0,0,8,0,8,0,288
10678.0,0,0,8,0,8,0,288
10679.0,0,0,8,0,8,0,288
10680.0,0,0,8,0,8,0,288
10681.0,0,0,8,0,8,0,288
10682.0,0,0,8,0,8,0,288
10683.0,0,0,8,0,8,0,288
10684.0,0,0,8,0,8,0,288
10685.0,0,0,8,0,8,0,288
10686.0,0,0,8,0,8,0,288
10687.0,0,0,8,0,8,0,288
10688.0,0,0,8,0,8,0,288
10689.0,0,0,8,0,8,0,288
10690.0,0,0,8,0,8,0,288
10691.0,0,0,8,0,8,0,288
10692.0,0,0,8,0,8,0,288
10693.0,0,0,8,0,8,0,288
10694.0,0,0,8,0,8,0,288
10695.0,0,0,8,0,8,0,288
10696.0,0,0,8,0,8,0,288
10697.0,0,0,8,0,8,0,288
10698.0,0,0,8,0,8,0,288
10699.0,0,0,8,0,8,0,288
10700.0,0,0,8,0,8,0,288
10701.0,0,0,8,0,8,0,288
10702.0,0,0,8,0,8,0,288
10703.0,0,0,8,0,8,0,288
10704.0,0,0,8,0,8,0,288
10705.0,0,0,8,0,8,0,288
10706.0,0,0,8,0,8,0,288
10707.0,0,0,8,0,8,0,288
10708.0,0,0,8,0,8,0,288
10709.0,0,0,8,0,8,0,288
10710.0,0,0,8,0,8,0,288
10711.0,0,0,8,0,8,0,288
10712.0,0,0,8,0,8,0,288
10713.0,0,0,8,0,8,0,288
10714.0,0,0,8,0,8,0,288
10715.0,0,0,8,0,8,0,288
10716.0,0,0,8,0,8,0,288
10717.0,0,0,8,0,8,0,288
10718.0,0,0,8,0,8,0,288
10719.0,0,0,8,0,8,0,288
10720.0,0,0,8,0,8,0,288
10721.0,0,0,8,0,8,0,288
10722.0,0,0,8,0,8,0,288
10723.0,0,0,8,0,8,0,288
10724.0,0,0,8,0,8,0,288
10725.0,0,0,8,0,8,0,288
10726.0,0,0,8,0,8,0,288
10727.0,0,0,8,0,8,0,288
10728.0,0,0,8,0,8,0,288
10729.0,0,0,8,0,8,0,288
10730.0,0,0,8,0,8,0,288
10731.0,0,0,8,0,8,0,288
10732.0,0,0,8,0,8,0,288
10733.0,0,0,8,0,8,0,288
10734.0,0,0,8,0,8,0,288
10735.0,0,0,8,0,8,0,288
10736.0,0,0,8,0,8,0,288
10737.0,0,0,8,0,8,0,288
10738.0,0,0,8,0,8,0,288
10739.0,0,0,8,0,8,0,288
10740.0,0,0,8,0,8,0,288
10741.0,0,0,8,0,8,0,288
10742.0,0,0,8,0,8,0,288
10743.0,0,0,8,0,8,0,288
10744.0,0,0,8,0,8,0,288
10745.0,0,0,8,0,8,0,288
10746.0,0,0,8,0,8,0,288
10747.0,0,0,8,0,8,0,288
10748.0,0,0,8,0,8,0,288
10749.0,0,0,8,0,8,0,288
10750.0,0,0,8,0,8,0,288
10751.0,0,0,8,0,8,0,288
10752.0,0,0,8,0,8,0,288
10753.0,0,0,8,0,8,0,288
10754.0,0,0,8,0,8,0,288
10755.0,0,0,8,0,8,0,288
10756.0,0,0,8,0,8,0,288
10757.0,0,0,8,0,8,0,288
10758.0,0,0,8,0,8,0,288
10759.0,0,0,8,0,8,0,288
10760.0,0,0,8,0,8,0,288
10761.0,0,0,8,0,8,0,288
10762.0,0,0,8,0,8,0,288
10763.0,0,0,8,0,8,0,288
10764.0,0,0,8,0,8,0,288
10765.0,0,0,8,0,8,0,288
10766.0,0,0,8,0,8,0,288
10767.0,0,0,8,0,8,0,288
10768.0,0,0,8,0,8,0,288
10769.0,0,0,8,0,8,0,288
10770.0,0,0,8,0,8,0,288
10771.0,0,0,8,0,8,0,288
10772.0,0,0,8,0,8,0,288
10773.0,0,0,8,0,8,0,288
10774.0,0,0,8,0,8,0,288
10775.0,0,0,8,0,8,0,288
10776.0,0,0,8,0,8,0,288
10777.0,0,0,8,0,8,0,288
10778.0,0,0,8,0,8,0,288
10779.0,0,0,8,0,8,0,288
10780.0,0,0,8,0,8,0,288
10781.0,0,0,8,0,8,0,288
10782.0,0,0,8,0,8,0,288
10783.0,0,0,8,0,8,0,288
10784.0,0,0,8,0,8,0,288
10785.0,0,0,8,0,8,0,288
10786.0,0,0,8,0,8,0,288
10787.0,0,0,8,0,8,0,288
10788.0,0,0,8,0,8,0,288
10789.0,0,0,8,0,8,0,288
10790.0,0,0,8,0,8,0,288
10791.0,0,0,8,0,8,0,288
10792.0,0,0,8,0,8,0,288
10793.0,0,0,8,0,8,0,288
10794.0,0,0,8,0,8,0,288
10795.0,0,0,8,0,8,0,288
10796.0,0,0,8,0,8,0,288
10797.0,0,0,8,0,8,0,288
10798.0,0,0,8,0,8,0,288
10799.0,0,0,8,0,8,0,288
10800.0,0,0,8,0,8,0,288
10801.0,0,0,8,0,8,0,288
10802.0,0,0,8,0,8,0,288
10803.0,0,0,8,0,8,0,288
10804.0,0,0,8,0,8,0,288
10805.0,0,0,8,0,8,0,288
10806.0,0,0,8,0,8,0,288
10807.0,0,0,8,0,8,0,288
10808.0,0,0,8,0,8,0,288
10809.0,0,0,8,0,8,0,288
10810.0,0,0,8,0,8,0,288
10811.0,0,0,8,0,8,0,288
10812.0,0,0,8,0,8,0,288
10813.0,0,0,8,0,8,0,288
10814.0,0,0,8,0,8,0,288
10815.0,0,0,8,0,8,0,288
10816.0,0,0,8,0,8,0,288
10817.0,0,0,8,0,8,0,288
10818.0,0,0,8,0,8,0,288
10819.0,0,0,8,0,8,0,288
10820.0,0,0,8,0,8,0,288
10821.0,0,0,8,0,8,0,288
10822.0,0,0,8,0,8,0,288
10823.0,0,0,8,0,8,0,288
10824.0,0,0,8,0,8,0,288
10825.0,0,0,8,0,8,0,288
10826.0,0,0,8,0,8,0,288
10827.0,0,0,8,0,8,0,288
10828.0,0,0,8,0,8,0,288
10829.0,0,0,8,0,8,0,288
10830.0,0,0,8,0,8,0,288
10831.0,0,0,8,0,8,0,288
10832.0,0,0,8,0,8,0,288
10833.0,0,0,8,0,8,0,288
10834.0,0,0,8,0,8,0,288
10835.0,0,0,8,0,8,0,288
10836.0,0,0,8,0,8,0,288
10837.0,0,0,8,0,8,0,288
10838.0,0,0,8,0,8,0,288
10839.0,0,0,8,0,8,0,288
10840.0,0,0,8,0,8,0,288
10841.0,0,0,8,0,8,0,288
10842.0,0,0,8,0,8,0,288
10843.0,0,0,8,0,8,0,288
10844.0,0,0,8,0,8,0,288
10845.0,0,0,8,0,8,0,288
10846.0,0,0,8,0,8,0,288
10847.0,0,0,8,0,8,0,288
10848.0,0,0,8,0,8,0,288
10849.0,0,0,8,0,8,0,288
10850.0,0,0,8,0,8,0,288
10851.0,0,0,8,0,8,0,288
10852.0,0,0,8,0,8,0,288
10853.0,0,0,8,0,8,0,288
10854.0,0,0,8,0,8,0,288
10855.0,0,0,8,0,8,0,288
10856.0,0,0,8,0,8,0,288
10857.0,0,0,8,0,8,0,288
10858.0,0,0,8,0,8,0,288
10859.0,0,0,8,0,8,0,288
10860.0,0,0,8,0,8,0,288
10861.0,0,0,8,0,8,0,288
10862.0,0,0,8,0,8,0,288
10863.0,0,0,8,0,8,0,288
10864.0,0,0,8,0,8,0,288
10865.0,0,0,8,0,8,0,288
10866.0,0,0,8,0,8,0,288
10867.0,0,0,8,0,8,0,288
10868.0,0,0,8,0,8,0,288
10869.0,0,0,8,0,8,0,288
10870.0,0,0,8,0,8,0,288
10871.0,0,0,8,0,8,0,288
10872.0,0,0,8,0,8,0,288
10873.0,0,0,8,0,8,0,288
10874.0,0,0,8,0,8,0,288
10875.0,0,0,8,0,8,0,288
10876.0,0,0,8,0,8,0,288
10877.0,0,0,8,0,8,0,288
10878.0,0,0,8,0,8,0,288
10879.0,0,0,8,0,8,0,288
10880.0,0,0,8,0,8,0,288
10881.0,0,0,8,0,8,0,288
10882.0,0,0,8,0,8,0,288
10883.0,0,0,8,0,8,0,288
10884.0,0,0,8,0,8,0,288
10885.0,0,0,8,0,8,0,288
10886.0,0,0,8,0,8,0,288
10887.0,0,0,8,0,8,0,288
10888.0,0,0,8,0,8,0,288
10889.0,0,0,8,0,8,0,288
10890.0,0,0,8,0,8,0,288
10891.0,0,0,8,0,8,0,288
10892.0,0,0,8,0,8,0,288
10893.0,0,0,8,0,8,0,288
10894.0,0,0,8,0,8,0,288
10895.0,0,0,8,0,8,0,288
10896.0,0,0,8,0,8,0,288
10897.0,0,0,8,0,8,0,288
10898.0,0,0,8,0,8,0,288
10899.0,0,0,8,0,8,0,288
10900.0,0,0,8,0,8,0,288
10901.0,0,0,8,0,8,0,288
10902.0,0,0,8,0,8,0,288
10903.0,0,0,8,0,8,0,288
10904.0,0,0,8,0,8,0,288
10905.0,0,0,8,0,8,0,288
10906.0,0,0,8,0,8,0,288
10907.0,0,0,8,0,8,0,288
10908.0,0,0,8,0,8,0,288
10909.0,0,0,8,0,8,0,288
10910.0,0,0,8,0,8,0,288
10911.0,0,0,8,0,8,0,288
10912.0,0,0,8,0,8,0,288
10913.0,0,0,8,0,8,0,288
10914.0,0,0,8,0,8,0,288
10915.0,0,0,8,0,8,0,288
10916.0,0,0,8,0,8,0,288
10917.0,0,0,8,0,8,0,288
10918.0,0,0,8,0,8,0,288
10919.0,0,0,8,0,8,0,288
10920.0,0,0,8,0,8,0,288
10921.0,0,0,8,0,8,0,288
10922.0,0,0,8,0,8,0,288
10923.0,0,0,8,0,8,0,288
10924.0,0,0,8,0,8,0,288
10925.0,0,0,8,0,8,0,288
10926.0,0,0,8,0,8,0,288
10927.0,0,0,8,0,8,0,288
10928.0,0,0,8,0,8,0,288
10929.0,0,0,8,0,8,0,288
10930.0,0,0,8,0,8,0,288
10931.0,0,0,8,0,8,0,288
10932.0,0,0,8,0,8,0,288
10933.0,0,0,8,0,8,0,288
10934.0,0,0,8,0,8,0,288
10935.0,0,0,8,0,8,0,288
10936.0,0,0,8,0,8,0,288
10937.0,0,0,8,0,8,0,288
10938.0,0,0,8,0,8,0,288
10939.0,0,0,8,0,8,0,288
10940.0,0,0,8,0,8,0,288
10941.0,0,0,8,0,8,0,288
10942.0,0,0,8,0,8,0,288
10943.0,0,0,8,0,8,0,288
10944.0,0,0,8,0,8,0,288
10945.0,0,0,8,0,8,0,288
10946.0,0,0,8,0,8,0,288
10947.0,0,0,8,0,8,0,288
10948.0,0,0,8,0,8,0,288
10949.0,0,0,8,0,8,0,288
10950.0,0,0,8,0,8,0,288
10951.0,0,0,8,0,8,0,288
10952.0,0,0,8,0,8,0,288
10953.0,0,0,8,0,8,0,288
10954.0,0,0,8,0,8,0,288
10955.0,0,0,8,0,8,0,288
10956.0,0,0,8,0,8,0,288
10957.0,0,0,8,0,8,0,288
10958.0,0,0,8,0,8,0,288
10959.0,0,0,8,0,8,0,288
10960.0,0,0,8,0,8,0,288
10961.0,0,0,8,0,8,0,288
10962.0,0,0,8,0,8,0,288
10963.0,0,0,8,0,8,0,288
10964.0,0,0,8,0,8,0,288
10965.0,0,0,8,0,8,0,288
10966.0,0,0,8,0,8,0,288
10967.0,0,0,8,0,8,0,288
10968.0,0,0,8,0,8,0,288
10969.0,0,0,8,0,8,0,288
10970.0,0,0,8,0,8,0,288
10971.0,0,0,8,0,8,0,288
10972.0,0,0,8,0,8,0,288
10973.0,0,0,8,0,8,0,288
10974.0,0,0,8,0,8,0,288
10975.0,0,0,8,0,8,0,288
10976.0,0,0,8,0,8,0,288
10977.0,0,0,8,0,8,0,288
10978.0,0,0,8,0,8,0,288
10979.0,0,0,8,0,8,0,288
10980.0,0,0,8,0,8,0,288
10981.0,0,0,8,0,8,0,288
10982.0,0,0,8,0,8,0,288
10983.0,0,0,8,0,8,0,288
10984.0,0,0,8,0,8,0,288
10985.0,0,0,8,0,8,0,288
10986.0,0,0,8,0,8,0,288
10987.0,0,0,8,0,8,0,288
10988.0,0,0,8,0,8,0,288
10989.0,0,0,8,0,8,0,288
10990.0,0,0,8,0,8,0,288
10991.0,0,0,8,0,8,0,288
10992.0,0,0,8,0,8,0,288
10993.0,0,0,8,0,8,0,288
10994.0,0,0,8,0,8,0,288
10995.0,0,0,8,0,8,0,288
10996.0,0,0,8,0,8,0,288
10997.0,0,0,8,0,8,0,288
10998.0,0,0,8,0,8,0,288
10999.0,0,0,8,0,8,0,288
11000.0,0,0,8,0,8,0,288
11001.0,0,0,8,0,8,0,288
11002.0,0,0,8,0,8,0,288
11003.0,0,0,8,0,8,0,288
11004.0,0,0,8,0,8,0,288
11005.0,0,0,8,0,8,0,288
11006.0,0,0,8,0,8,0,288
11007.0,0,0,8,0,8,0,288
11008.0,0,0,8,0,8,0,288
11009.0,0,0,8,0,8,0,288
11010.0,0,0,8,0,8,0,288
11011.0,0,0,8,0,8,0,288
11012.0,0,0,8,0,8,0,288
11013.0,0,0,8,0,8,0,288
11014.0,0,0,8,0,8,0,288
11015.0,0,0,8,0,8,0,288
11016.0,0,0,8,0,8,0,288
11017.0,0,0,8,0,8,0,288
11018.0,0,0,8,0,8,0,288
11019.0,0,0,8,0,8,0,288
11020.0,0,0,8,0,8,0,288
11021.0,0,0,8,0,8,0,288
11022.0,0,0,8,0,8,0,288
11023.0,0,0,8,0,8,0,288
11024.0,0,0,8,0,8,0,288
11025.0,0,0,8,0,8,0,288
11026.0,0,0,8,0,8,0,288
11027.0,0,0,8,0,8,0,288
11028.0,0,0,8,0,8,0,288
11029.0,0,0,8,0,8,0,288
11030.0,0,0,8,0,8,0,288
11031.0,0,0,8,0,8,0,288
11032.0,0,0,8,0,8,0,288
11033.0,0,0,8,0,8,0,288
11034.0,0,0,8,0,8,0,288
11035.0,0,0,8,0,8,0,288
11036.0,0,0,8,0,8,0,288
11037.0,0,0,8,0,8,0,288
11038.0,0,0,8,0,8,0,288
11039.0,0,0,8,0,8,0,288
11040.0,0,0,8,0,8,0,288
11041.0,0,0,8,0,8,0,288
11042.0,0,0,8,0,8,0,288
11043.0,0,0,8,0,8,0,288
11044.0,0,0,8,0,8,0,288
11045.0,0,0,8,0,8,0,288
11046.0,0,0,8,0,8,0,288
11047.0,0,0,8,0,8,0,288
11048.0,0,0,8,0,8,0,288
11049.0,0,0,8,0,8,0,288
11050.0,0,0,8,0,8,0,288
11051.0,0,0,8,0,8,0,288
11052.0,0,0,8,0,8,0,288
11053.0,0,0,8,0,8,0,288
11054.0,0,0,8,0,8,0,288
11055.0,0,0,8,0,8,0,288
11056.0,0,0,8,0,8,0,288
11057.0,0,0,8,0,8,0,288
11058.0,0,0,8,0,8,0,288
11059.0,0,0,8,0,8,0,288
11060.0,0,0,8,0,8,0,288
11061.0,0,0,8,0,8,0,288
11062.0,0,0,8,0,8,0,288
11063.0,0,0,8,0,8,0,288
11064.0,0,0,8,0,8,0,288
11065.0,0,0,8,0,8,0,288
11066.0,0,0,8,0,8,0,288
11067.0,0,0,8,0,8,0,288
11068.0,0,0,8,0,8,0,288
11069.0,0,0,8,0,8,0,288
11070.0,0,0,8,0,8,0,288
11071.0,0,0,8,0,8,0,288
11072.0,0,0,8,0,8,0,288
11073.0,0,0,8,0,8,0,288
11074.0,0,0,8,0,8,0,288
11075.0,0,0,8,0,8,0,288
11076.0,0,0,8,0,8,0,288
11077.0,0,0,8,0,8,0,288
11078.0,0,0,8,0,8,0,288
11079.0,0,0,8,0,8,0,288
11080.0,0,0,8,0,8,0,288
11081.0,0,0,8,0,8,0,288
11082.0,0,0,8,0,8,0,288
11083.0,0,0,8,0,8,0,288
11084.0,0,0,8,0,8,0,288
11085.0,0,0,8,0,8,0,288
11086.0,0,0,8,0,8,0,288
11087.0,0,0,8,0,8,0,288
11088.0,0,0,8,0,8,0,288
11089.0,0,0,8,0,8,0,288
11090.0,0,0,8,0,8,0,288
11091.0,0,0,8,0,8,0,288
11092.0,0,0,8,0,8,0,288
11093.0,0,0,8,0,8,0,288
11094.0,0,0,8,0,8,0,288
11095.0,0,0,8,0,8,0,288
11096.0,0,0,8,0,8,0,288
11097.0,0,0,8,0,8,0,288
11098.0,0,0,8,0,8,0,288
11099.0,0,0,8,0,8,0,288
11100.0,0,0,8,0,8,0,288
11101.0,0,0,8,0,8,0,288
11102.0,0,0,8,0,8,0,288
11103.0,0,0,8,0,8,0,288
11104.0,0,0,8,0,8,0,288
11105.0,0,0,8,0,8,0,288
11106.0,0,0,8,0,8,0,288
11107.0,0,0,8,0,8,0,288
11108.0,0,0,8,0,8,0,288
11109.0,0,0,8,0,8,0,288
11110.0,0,0,8,0,8,0,288
11111.0,0,0,8,0,8,0,288
11112.0,0,0,8,0,8,0,288
11113.0,0,0,8,0,8,0,288
11114.0,0,0,8,0,8,0,288
11115.0,0,0,8,0,8,0,288
11116.0,0,0,8,0,8,0,288
11117.0,0,0,8,0,8,0,288
11118.0,0,0,8,0,8,0,288
11119.0,0,0,8,0,8,0,288
11120.0,0,0,8,0,8,0,288
11121.0,0,0,8,0,8,0,288
11122.0,0,0,8,0,8,0,288
11123.0,0,0,8,0,8,0,288
11124.0,0,0,8,0,8,0,288
11125.0,0,0,8,0,8,0,288
11126.0,0,0,8,0,8,0,288
11127.0,0,0,8,0,8,0,288
11128.0,0,0,8,0,8,0,288
11129.0,0,0,8,0,8,0,288
11130.0,0,0,8,0,8,0,288
11131.0,0,0,8,0,8,0,288
11132.0,0,0,8,0,8,0,288
11133.0,0,0,8,0,8,0,288
11134.0,0,0,8,0,8,0,288
11135.0,0,0,8,0,8,0,288
11136.0,0,0,8,0,8,0,288
11137.0,0,0,8,0,8,0,288
11138.0,0,0,8,0,8,0,288
11139.0,0,0,8,0,8,0,288
11140.0,0,0,8,0,8,0,288
11141.0,0,0,8,0,8,0,288
11142.0,0,0,8,0,8,0,288
11143.0,0,0,8,0,8,0,288
11144.0,0,0,8,0,8,0,288
11145.0,0,0,8,0,8,0,288
11146.0,0,0,8,0,8,0,288
11147.0,0,0,8,0,8,0,288
11148.0,0,0,8,0,8,0,288
11149.0,0,0,8,0,8,0,288
11150.0,0,0,8,0,8,0,288
11151.0,0,0,8,0,8,0,288
11152.0,0,0,8,0,8,0,288
11153.0,0,0,8,0,8,0,288
11154.0,0,0,8,0,8,0,288
11155.0,0,0,8,0,8,0,288
11156.0,0,0,8,0,8,0,288
11157.0,0,0,8,0,8,0,288
11158.0,0,0,8,0,8,0,288
11159.0,0,0,8,0,8,0,288
11160.0,0,0,8,0,8,0,288
11161.0,0,0,8,0,8,0,288
11162.0,0,0,8,0,8,0,288
11163.0,0,0,8,0,8,0,288
11164.0,0,0,8,0,8,0,288
11165.0,0,0,8,0,8,0,288
11166.0,0,0,8,0,8,0,288
11167.0,0,0,8,0,8,0,288
11168.0,0,0,8,0,8,0,288
11169.0,0,0,8,0,8,0,288
11170.0,0,0,8,0,8,0,288
11171.0,0,0,8,0,8,0,288
11172.0,0,0,8,0,8,0,288
11173.0,0,0,8,0,8,0,288
11174.0,0,0,8,0,8,0,288
11175.0,0,0,8,0,8,0,288
11176.0,0,0,8,0,8,0,288
11177.0,0,0,8,0,8,0,288
11178.0,0,0,8,0,8,0,288
11179.0,0,0,8,0,8,0,288
11180.0,0,0,8,0,8,0,288
11181.0,0,0,8,0,8,0,288
11182.0,0,0,8,0,8,0,288
11183.0,0,0,8,0,8,0,288
11184.0,0,0,8,0,8,0,288
11185.0,0,0,8,0,8,0,288
11186.0,0,0,8,0,8,0,288
11187.0,0,0,8,0,8,0,288
11188.0,0,0,8,0,8,0,288
11189.0,0,0,8,0,8,0,288
11190.0,0,0,8,0,8,0,288
11191.0,0,0,8,0,8,0,288
11192.0,0,0,8,0,8,0,288
11193.0,0,0,8,0,8,0,288
11194.0,0,0,8,0,8,0,288
11195.0,0,0,8,0,8,0,288
11196.0,0,0,8,0,8,0,288
11197.0,0,0,8,0,8,0,288
11198.0,0,0,8,0,8,0,288
11199.0,0,0,8,0,8,0,288
11200.0,0,0,8,0,8,0,288
11201.0,0,0,8,0,8,0,288
11202.0,0,0,8,0,8,0,288
11203.0,0,0,8,0,8,0,288
11204.0,0,0,8,0,8,0,288
11205.0,0,0,8,0,8,0,288
11206.0,0,0,8,0,8,0,288
11207.0,0,0,8,0,8,0,288
11208.0,0,0,8,0,8,0,288
11209.0,0,0,8,0,8,0,288
11210.0,0,0,8,0,8,0,288
11211.0,0,0,8,0,8,0,288
11212.0,0,0,8,0,8,0,288
11213.0,0,0,8,0,8,0,288
11214.0,0,0,8,0,8,0,288
11215.0,0,0,8,0,8,0,288
11216.0,0,0,8,0,8,0,288
11217.0,0,0,8,0,8,0,288
11218.0,0,0,8,0,8,0,288
11219.0,0,0,8,0,8,0,288
11220.0,0,0,8,0,8,0,288
11221.0,0,0,8,0,8,0,288
11222.0,0,0,8,0,8,0,288
11223.0,0,0,8,0,8,0,288
11224.0,0,0,8,0,8,0,288
11225.0,0,0,8,0,8,0,288
11226.0,0,0,8,0,8,0,288
11227.0,0,0,8,0,8,0,288
11228.0,0,0,8,0,8,0,288
11229.0,0,0,8,0,8,0,288
11230.0,0,0,8,0,8,0,288
11231.0,0,0,8,0,8,0,288
11232.0,0,0,8,0,8,0,288
11233.0,0,0,8,0,8,0,288
11234.0,0,0,8,0,8,0,288
11235.0,0,0,8,0,8,0,288
11236.0,0,0,8,0,8,0,288
11237.0,0,0,8,0,8,0,288
11238.0,0,0,8,0,8,0,288
11239.0,0,0,8,0,8,0,288
11240.0,0,0,8,0,8,0,288
11241.0,0,0,8,0,8,0,288
11242.0,0,0,8,0,8,0,288
11243.0,0,0,8,0,8,0,288
11244.0,0,0,8,0,8,0,288
11245.0,0,0,8,0,8,0,288
11246.0,0,0,8,0,8,0,288
11247.0,0,0,8,0,8,0,288
11248.0,0,0,8,0,8,0,288
11249.0,0,0,8,0,8,0,288
11250.0,0,0,8,0,8,0,288
11251.0,0,0,8,0,8,0,288
11252.0,0,0,8,0,8,0,288
11253.0,0,0,8,0,8,0,288
11254.0,0,0,8,0,8,0,288
11255.0,0,0,8,0,8,0,288
11256.0,0,0,8,0,8,0,288
11257.0,0,0,8,0,8,0,288
11258.0,0,0,8,0,8,0,288
11259.0,0,0,8,0,8,0,288
11260.0,0,0,8,0,8,0,288
11261.0,0,0,8,0,8,0,288
11262.0,0,0,8,0,8,0,288
11263.0,0,0,8,0,8,0,288
11264.0,0,0,8,0,8,0,288
11265.0,0,0,8,0,8,0,288
11266.0,0,0,8,0,8,0,288
11267.0,0,0,8,0,8,0,288
11268.0,0,0,8,0,8,0,288
11269.0,0,0,8,0,8,0,288
11270.0,0,0,8,0,8,0,288
11271.0,0,0,8,0,8,0,288
11272.0,0,0,8,0,8,0,288
11273.0,0,0,8,0,8,0,288
11274.0,0,0,8,0,8,0,288
11275.0,0,0,8,0,8,0,288
11276.0,0,0,8,0,8,0,288
11277.0,0,0,8,0,8,0,288
11278.0,0,0,8,0,8,0,288
11279.0,0,0,8,0,8,0,288
11280.0,0,0,8,0,8,0,288
11281.0,0,0,8,0,8,0,288
11282.0,0,0,8,0,8,0,288
11283.0,0,0,8,0,8,0,288
11284.0,0,0,8,0,8,0,288
11285.0,0,0,8,0,8,0,288
11286.0,0,0,8,0,8,0,288
11287.0,0,0,8,0,8,0,288
11288.0,0,0,8,0,8,0,288
11289.0,0,0,8,0,8,0,288
11290.0,0,0,8,0,8,0,288
11291.0,0,0,8,0,8,0,288
11292.0,0,0,8,0,8,0,288
11293.0,0,0,8,0,8,0,288
11294.0,0,0,8,0,8,0,288
11295.0,0,0,8,0,8,0,288
11296.0,0,0,8,0,8,0,288
11297.0,0,0,8,0,8,0,288
11298.0,0,0,8,0,8,0,288
11299.0,0,0,8,0,8,0,288
11300.0,0,0,8,0,8,0,288
11301.0,0,0,8,0,8,0,288
11302.0,0,0,8,0,8,0,288
11303.0,0,0,8,0,8,0,288
11304.0,0,0,8,0,8,0,288
11305.0,0,0,8,0,8,0,288
11306.0,0,0,8,0,8,0,288
11307.0,0,0,8,0,8,0,288
11308.0,0,0,8,0,8,0,288
11309.0,0,0,8,0,8,0,288
11310.0,0,0,8,0,8,0,288
11311.0,0,0,8,0,8,0,288
11312.0,0,0,8,0,8,0,288
11313.0,0,0,8,0,8,0,288
11314.0,0,0,8,0,8,0,288
11315.0,0,0,8,0,8,0,288
11316.0,0,0,8,0,8,0,288
11317.0,0,0,8,0,8,0,288
11318.0,0,0,8,0,8,0,288
11319.0,0,0,8,0,8,0,288
11320.0,0,0,8,0,8,0,288
11321.0,0,0,8,0,8,0,288
11322.0,0,0,8,0,8,0,288
11323.0,0,0,8,0,8,0,288
11324.0,0,0,8,0,8,0,288
11325.0,0,0,8,0,8,0,288
11326.0,0,0,8,0,8,0,288
11327.0,0,0,8,0,8,0,288
11328.0,0,0,8,0,8,0,288
11329.0,0,0,8,0,8,0,288
11330.0,0,0,8,0,8,0,288
11331.0,0,0,8,0,8,0,288
11332.0,0,0,8,0,8,0,288
11333.0,0,0,8,0,8,0,288
11334.0,0,0,8,0,8,0,288
11335.0,0,0,8,0,8,0,288
11336.0,0,0,8,0,8,0,288
11337.0,0,0,8,0,8,0,288
11338.0,0,0,8,0,8,0,288
11339.0,0,0,8,0,8,0,288
11340.0,0,0,8,0,8,0,288
11341.0,0,0,8,0,8,0,288
11342.0,0,0,8,0,8,0,288
11343.0,0,0,8,0,8,0,288
11344.0,0,0,8,0,8,0,288
11345.0,0,0,8,0,8,0,288
11346.0,0,0,8,0,8,0,288
11347.0,0,0,8,0,8,0,288
11348.0,0,0,8,0,8,0,288
11349.0,0,0,8,0,8,0,288
11350.0,0,0,8,0,8,0,288
11351.0,0,0,8,0,8,0,288
11352.0,0,0,8,0,8,0,288
11353.0,0,0,8,0,8,0,288
11354.0,0,0,8,0,8,0,288
11355.0,0,0,8,0,8,0,288
11356.0,0,0,8,0,8,0,288
11357.0,0,0,8,0,8,0,288
11358.0,0,0,8,0,8,0,288
11359.0,0,0,8,0,8,0,288
11360.0,0,0,8,0,8,0,288
11361.0,0,0,8,0,8,0,288
11362.0,0,0,8,0,8,0,288
11363.0,0,0,8,0,8,0,288
11364.0,0,0,8,0,8,0,288
11365.0,0,0,8,0,8,0,288
11366.0,0,0,8,0,8,0,288
11367.0,0,0,8,0,8,0,288
11368.0,0,0,8,0,8,0,288
11369.0,0,0,8,0,8,0,288
11370.0,0,0,8,0,8,0,288
11371.0,0,0,8,0,8,0,288
11372.0,0,0,8,0,8,0,288
11373.0,0,0,8,0,8,0,288
11374.0,0,0,8,0,8,0,288
11375.0,0,0,8,0,8,0,288
11376.0,0,0,8,0,8,0,288
11377.0,0,0,8,0,8,0,288
11378.0,0,0,8,0,8,0,288
11379.0,0,0,8,0,8,0,288
11380.0,0,0,8,0,8,0,288
11381.0,0,0,8,0,8,0,288
11382.0,0,0,8,0,8,0,288
11383.0,0,0,8,0,8,0,288
11384.0,0,0,8,0,8,0,288
11385.0,0,0,8,0,8,0,288
11386.0,0,0,8,0,8,0,288
11387.0,0,0,8,0,8,0,288
11388.0,0,0,8,0,8,0,288
11389.0,0,0,8,0,8,0,288
11390.0,0,0,8,0,8,0,288
11391.0,0,0,8,0,8,0,288
11392.0,0,0,8,0,8,0,288
11393.0,0,0,8,0,8,0,288
11394.0,0,0,8,0,8,0,288
11395.0,0,0,8,0,8,0,288
11396.0,0,0,8,0,8,0,288
11397.0,0,0,8,0,8,0,288
11398.0,0,0,8,0,8,0,288
11399.0,0,0,8,0,8,0,288
11400.0,0,0,8,0,8,0,288
11401.0,0,0,8,0,8,0,288
11402.0,0,0,8,0,8,0,288
11403.0,0,0,8,0,8,0,288
11404.0,0,0,8,0,8,0,288
11405.0,0,0,8,0,8,0,288
11406.0,0,0,8,0,8,0,288
11407.0,0,0,8,0,8,0,288
11408.0,0,0,8,0,8,0,288
11409.0,0,0,8,0,8,0,288
11410.0,0,0,8,0,8,0,288
11411.0,0,0,8,0,8,0,288
11412.0,0,0,8,0,8,0,288
11413.0,0,0,8,0,8,0,288
11414.0,0,0,8,0,8,0,288
11415.0,0,0,8,0,8,0,288
11416.0,0,0,8,0,8,0,288
11417.0,0,0,8,0,8,0,288
11418.0,0,0,8,0,8,0,288
11419.0,0,0,8,0,8,0,288
11420.0,0,0,8,0,8,0,288
11421.0,0,0,8,0,8,0,288
11422.0,0,0,8,0,8,0,288
11423.0,0,0,8,0,8,0,288
11424.0,0,0,8,0,8,0,288
11425.0,0,0,8,0,8,0,288
11426.0,0,0,8,0,8,0,288
11427.0,0,0,8,0,8,0,288
11428.0,0,0,8,0,8,0,288
11429.0,0,0,8,0,8,0,288
11430.0,0,0,8,0,8,0,288
11431.0,0,0,8,0,8,0,288
11432.0,0,0,8,0,8,0,288
11433.0,0,0,8,0,8,0,288
11434.0,0,0,8,0,8,0,288
11435.0,0,0,8,0,8,0,288
11436.0,0,0,8,0,8,0,288
11437.0,0,0,8,0,8,0,288
11438.0,0,0,8,0,8,0,288
11439.0,0,0,8,0,8,0,288
11440.0,0,0,8,0,8,0,288
11441.0,0,0,8,0,8,0,288
11442.0,0,0,8,0,8,0,288
11443.0,0,0,8,0,8,0,288
11444.0,0,0,8,0,8,0,288
11445.0,0,0,8,0,8,0,288
11446.0,0,0,8,0,8,0,288
11447.0,0,0,8,0,8,0,288
11448.0,0,0,8,0,8,0,288
11449.0,0,0,8,0,8,0,288
11450.0,0,0,8,0,8,0,288
11451.0,0,0,8,0,8,0,288
11452.0,0,0,8,0,8,0,288
11453.0,0,0,8,0,8,0,288
11454.0,0,0,8,0,8,0,288
11455.0,0,0,8,0,8,0,288
11456.0,0,0,8,0,8,0,288
11457.0,0,0,8,0,8,0,288
11458.0,0,0,8,0,8,0,288
11459.0,0,0,8,0,8,0,288
11460.0,0,0,8,0,8,0,288
11461.0,0,0,8,0,8,0,288
11462.0,0,0,8,0,8,0,288
11463.0,0,0,8,0,8,0,288
11464.0,0,0,8,0,8,0,288
11465.0,0,0,8,0,8,0,288
11466.0,0,0,8,0,8,0,288
11467.0,0,0,8,0,8,0,288
11468.0,0,0,8,0,8,0,288
11469.0,0,0,8,0,8,0,288
11470.0,0,0,8,0,8,0,288
11471.0,0,0,8,0,8,0,288
11472.0,0,0,8,0,8,0,288
11473.0,0,0,8,0,8,0,288
11474.0,0,0,8,0,8,0,288
11475.0,0,0,8,0,8,0,288
11476.0,0,0,8,0,8,0,288
11477.0,0,0,8,0,8,0,288
11478.0,0,0,8,0,8,0,288
11479.0,0,0,8,0,8,0,288
11480.0,0,0,8,0,8,0,288
11481.0,0,0,8,0,8,0,288
11482.0,0,0,8,0,8,0,288
11483.0,0,0,8,0,8,0,288
11484.0,0,0,8,0,8,0,288
11485.0,0,0,8,0,8,0,288
11486.0,0,0,8,0,8,0,288
11487.0,0,0,8,0,8,0,288
11488.0,0,0,8,0,8,0,288
11489.0,0,0,8,0,8,0,288
11490.0,0,0,8,0,8,0,288
11491.0,0,0,8,0,8,0,288
11492.0,0,0,8,0,8,0,288
11493.0,0,0,8,0,8,0,288
11494.0,0,0,8,0,8,0,288
11495.0,0,0,8,0,8,0,288
11496.0,0,0,8,0,8,0,288
11497.0,0,0,8,0,8,0,288
11498.0,0,0,8,0,8,0,288
11499.0,0,0,8,0,8,0,288
11500.0,0,0,8,0,8,0,288
11501.0,0,0,8,0,8,0,288
11502.0,0,0,8,0,8,0,288
11503.0,0,0,8,0,8,0,288
11504.0,0,0,8,0,8,0,288
11505.0,0,0,8,0,8,0,288
11506.0,0,0,8,0,8,0,288
11507.0,0,0,8,0,8,0,288
11508.0,0,0,8,0,8,0,288
11509.0,0,0,8,0,8,0,288
11510.0,0,0,8,0,8,0,288
11511.0,0,0,8,0,8,0,288
11512.0,0,0,8,0,8,0,288
11513.0,0,0,8,0,8,0,288
11514.0,0,0,8,0,8,0,288
11515.0,0,0,8,0,8,0,288
11516.0,0,0,8,0,8,0,288
11517.0,0,0,8,0,8,0,288
11518.0,0,0,8,0,8,0,288
11519.0,0,0,8,0,8,0,288
11520.0,0,0,8,0,8,0,288
11521.0,0,0,8,0,8,0,288
11522.0,0,0,8,0,8,0,288
11523.0,0,0,8,0,8,0,288
11524.0,0,0,8,0,8,0,288
11525.0,0,0,8,0,8,0,288
11526.0,0,0,8,0,8,0,288
11527.0,0,0,8,0,8,0,288
11528.0,0,0,8,0,8,0,288
11529.0,0,0,8,0,8,0,288
11530.0,0,0,8,0,8,0,288
11531.0,0,0,8,0,8,0,288
11532.0,0,0,8,0,8,0,288
11533.0,0,0,8,0,8,0,288
11534.0,0,0,8,0,8,0,288
11535.0,0,0,8,0,8,0,288
11536.0,0,0,8,0,8,0,288
11537.0,0,0,8,0,8,0,288
11538.0,0,0,8,0,8,0,288
11539.0,0,0,8,0,8,0,288
11540.0,0,0,8,0,8,0,288
11541.0,0,0,8,0,8,0,288
11542.0,0,0,8,0,8,0,288
11543.0,0,0,8,0,8,0,288
11544.0,0,0,8,0,8,0,288
11545.0,0,0,8,0,8,0,288
11546.0,0,0,8,0,8,0,288
11547.0,0,0,8,0,8,0,288
11548.0,0,0,8,0,8,0,288
11549.0,0,0,8,0,8,0,288
11550.0,0,0,8,0,8,0,288
11551.0,0,0,8,0,8,0,288
11552.0,0,0,8,0,8,0,288
11553.0,0,0,8,0,8,0,288
11554.0,0,0,8,0,8,0,288
11555.0,0,0,8,0,8,0,288
11556.0,0,0,8,0,8,0,288
11557.0,0,0,8,0,8,0,288
11558.0,0,0,8,0,8,0,288
11559.0,0,0,8,0,8,0,288
11560.0,0,0,8,0,8,0,288
11561.0,0,0,8,0,8,0,288
11562.0,0,0,8,0,8,0,288
11563.0,0,0,8,0,8,0,288
11564.0,0,0,8,0,8,0,288
11565.0,0,0,8,0,8,0,288
11566.0,0,0,8,0,8,0,288
11567.0,0,0,8,0,8,0,288
11568.0,0,0,8,0,8,0,288
11569.0,0,0,8,0,8,0,288
11570.0,0,0,8,0,8,0,288
11571.0,0,0,8,0,8,0,288
11572.0,0,0,8,0,8,0,288
11573.0,0,0,8,0,8,0,288
11574.0,0,0,8,0,8,0,288
11575.0,0,0,8,0,8,0,288
11576.0,0,0,8,0,8,0,288
11577.0,0,0,8,0,8,0,288
11578.0,0,0,8,0,8,0,288
11579.0,0,0,8,0,8,0,288
11580.0,0,0,8,0,8,0,288
11581.0,0,0,8,0,8,0,288
11582.0,0,0,8,0,8,0,288
11583.0,0,0,8,0,8,0,288
11584.0,0,0,8,0,8,0,288
11585.0,0,0,8,0,8,0,288
11586.0,0,0,8,0,8,0,288
11587.0,0,0,8,0,8,0,288
11588.0,0,0,8,0,8,0,288
11589.0,0,0,8,0,8,0,288
11590.0,0,0,8,0,8,0,288
11591.0,0,0,8,0,8,0,288
11592.0,0,0,8,0,8,0,288
11593.0,0,0,8,0,8,0,288
11594.0,0,0,8,0,8,0,288
11595.0,0,0,8,0,8,0,288
11596.0,0,0,8,0,8,0,288
11597.0,0,0,8,0,8,0,288
11598.0,0,0,8,0,8,0,288
11599.0,0,0,8,0,8,0,288
11600.0,0,0,8,0,8,0,288
11601.0,0,0,8,0,8,0,288
11602.0,0,0,8,0,8,0,288
11603.0,0,0,8,0,8,0,288
11604.0,0,0,8,0,8,0,288
11605.0,0,0,8,0,8,0,288
11606.0,0,0,8,0,8,0,288
11607.0,0,0,8,0,8,0,288
11608.0,0,0,8,0,8,0,288
11609.0,0,0,8,0,8,0,288
11610.0,0,0,8,0,8,0,288
11611.0,0,0,8,0,8,0,288
11612.0,0,0,8,0,8,0,288
11613.0,0,0,8,0,8,0,288
11614.0,0,0,8,0,8,0,288
11615.0,0,0,8,0,8,0,288
11616.0,0,0,8,0,8,0,288
11617.0,0,0,8,0,8,0,288
11618.0,0,0,8,0,8,0,288
11619.0,0,0,8,0,8,0,288
11620.0,0,0,8,0,8,0,288
11621.0,0,0,8,0,8,0,288
11622.0,0,0,8,0,8,0,288
11623.0,0,0,8,0,8,0,288
11624.0,0,0,8,0,8,0,288
11625.0,0,0,8,0,8,0,288
11626.0,0,0,8,0,8,0,288
11627.0,0,0,8,0,8,0,288
11628.0,0,0,8,0,8,0,288
11629.0,0,0,8,0,8,0,288
11630.0,0,0,8,0,8,0,288
11631.0,0,0,8,0,8,0,288
11632.0,0,0,8,0,8,0,288
11633.0,0,0,8,0,8,0,288
11634.0,0,0,8,0,8,0,288
11635.0,0,0,8,0,8,0,288
11636.0,0,0,8,0,8,0,288
11637.0,0,0,8,0,8,0,288
11638.0,0,0,8,0,8,0,288
11639.0,0,0,8,0,8,0,288
11640.0,0,0,8,0,8,0,288
11641.0,0,0,8,0,8,0,288
11642.0,0,0,8,0,8,0,288
11643.0,0,0,8,0,8,0,288
11644.0,0,0,8,0,8,0,288
11645.0,0,0,8,0,8,0,288
11646.0,0,0,8,0,8,0,288
11647.0,0,0,8,0,8,0,288
11648.0,0,0,8,0,8,0,288
11649.0,0,0,8,0,8,0,288
11650.0,0,0,8,0,8,0,288
11651.0,0,0,8,0,8,0,288
11652.0,0,0,8,0,8,0,288
11653.0,0,0,8,0,8,0,288
11654.0,0,0,8,0,8,0,288
11655.0,0,0,8,0,8,0,288
11656.0,0,0,8,0,8,0,288
11657.0,0,0,8,0,8,0,288
11658.0,0,0,8,0,8,0,288
11659.0,0,0,8,0,8,0,288
11660.0,0,0,8,0,8,0,288
11661.0,0,0,8,0,8,0,288
11662.0,0,0,8,0,8,0,288
11663.0,0,0,8,0,8,0,288
11664.0,0,0,8,0,8,0,288
11665.0,0,0,8,0,8,0,288
11666.0,0,0,8,0,8,0,288
11667.0,0,0,8,0,8,0,288
11668.0,0,0,8,0,8,0,288
11669.0,0,0,8,0,8,0,288
11670.0,0,0,8,0,8,0,288
11671.0,0,0,8,0,8,0,288
11672.0,0,0,8,0,8,0,288
11673.0,0,0,8,0,8,0,288
11674.0,0,0,8,0,8,0,288
11675.0,0,0,8,0,8,0,288
11676.0,0,0,8,0,8,0,288
11677.0,0,0,8,0,8,0,288
11678.0,0,0,8,0,8,0,288
11679.0,0,0,8,0,8,0,288
11680.0,0,0,8,0,8,0,288
11681.0,0,0,8,0,8,0,288
11682.0,0,0,8,0,8,0,288
11683.0,0,0,8,0,8,0,288
11684.0,0,0,8,0,8,0,288
11685.0,0,0,8,0,8,0,288
11686.0,0,0,8,0,8,0,288
11687.0,0,0,8,0,8,0,288
11688.0,0,0,8,0,8,0,288
11689.0,0,0,8,0,8,0,288
11690.0,0,0,8,0,8,0,288
11691.0,0,0,8,0,8,0,288
11692.0,0,0,8,0,8,0,288
11693.0,0,0,8,0,8,0,288
11694.0,0,0,8,0,8,0,288
11695.0,0,0,8,0,8,0,288
11696.0,0,0,8,0,8,0,288
11697.0,0,0,8,0,8,0,288
11698.0,0,0,8,0,8,0,288
11699.0,0,0,8,0,8,0,288
11700.0,0,0,8,0,8,0,288
11701.0,0,0,8,0,8,0,288
11702.0,0,0,8,0,8,0,288
11703.0,0,0,8,0,8,0,288
11704.0,0,0,8,0,8,0,288
11705.0,0,0,8,0,8,0,288
11706.0,0,0,8,0,8,0,288
11707.0,0,0,8,0,8,0,288
11708.0,0,0,8,0,8,0,288
11709.0,0,0,8,0,8,0,288
11710.0,0,0,8,0,8,0,288
11711.0,0,0,8,0,8,0,288
11712.0,0,0,8,0,8,0,288
11713.0,0,0,8,0,8,0,288
11714.0,0,0,8,0,8,0,288
11715.0,0,0,8,0,8,0,288
11716.0,0,0,8,0,8,0,288
11717.0,0,0,8,0,8,0,288
11718.0,0,0,8,0,8,0,288
11719.0,0,0,8,0,8,0,288
11720.0,0,0,8,0,8,0,288
11721.0,0,0,8,0,8,0,288
11722.0,0,0,8,0,8,0,288
11723.0,0,0,8,0,8,0,288
11724.0,0,0,8,0,8,0,288
11725.0,0,0,8,0,8,0,288
11726.0,0,0,8,0,8,0,288
11727.0,0,0,8,0,8,0,288
11728.0,0,0,8,0,8,0,288
11729.0,0,0,8,0,8,0,288
11730.0,0,0,8,0,8,0,288
11731.0,0,0,8,0,8,0,288
11732.0,0,0,8,0,8,0,288
11733.0,0,0,8,0,8,0,288
11734.0,0,0,8,0,8,0,288
11735.0,0,0,8,0,8,0,288
11736.0,0,0,8,0,8,0,288
11737.0,0,0,8,0,8,0,288
11738.0,0,0,8,0,8,0,288
11739.0,0,0,8,0,8,0,288
11740.0,0,0,8,0,8,0,288
11741.0,0,0,8,0,8,0,288
11742.0,0,0,8,0,8,0,288
11743.0,0,0,8,0,8,0,288
11744.0,0,0,8,0,8,0,288
11745.0,0,0,8,0,8,0,288
11746.0,0,0,8,0,8,0,288
11747.0,0,0,8,0,8,0,288
11748.0,0,0,8,0,8,0,288
11749.0,0,0,8,0,8,0,288
11750.0,0,0,8,0,8,0,288
11751.0,0,0,8,0,8,0,288
11752.0,0,0,8,0,8,0,288
11753.0,0,0,8,0,8,0,288
11754.0,0,0,8,0,8,0,288
11755.0,0,0,8,0,8,0,288
11756.0,0,0,8,0,8,0,288
11757.0,0,0,8,0,8,0,288
11758.0,0,0,8,0,8,0,288
11759.0,0,0,8,0,8,0,288
11760.0,0,0,8,0,8,0,288
11761.0,0,0,8,0,8,0,288
11762.0,0,0,8,0,8,0,288
11763.0,0,0,8,0,8,0,288
11764.0,0,0,8,0,8,0,288
11765.0,0,0,8,0,8,0,288
11766.0,0,0,8,0,8,0,288
11767.0,0,0,8,0,8,0,288
11768.0,0,0,8,0,8,0,288
11769.0,0,0,8,0,8,0,288
11770.0,0,0,8,0,8,0,288
11771.0,0,0,8,0,8,0,288
11772.0,0,0,8,0,8,0,288
11773.0,0,0,8,0,8,0,288
11774.0,0,0,8,0,8,0,288
11775.0,0,0,8,0,8,0,288
11776.0,0,0,8,0,8,0,288
11777.0,0,0,8,0,8,0,288
11778.0,0,0,8,0,8,0,288
11779.0,0,0,8,0,8,0,288
11780.0,0,0,8,0,8,0,288
11781.0,0,0,8,0,8,0,288
11782.0,0,0,8,0,8,0,288
11783.0,0,0,8,0,8,0,288
11784.0,0,0,8,0,8,0,288
11785.0,0,0,8,0,8,0,288
11786.0,0,0,8,0,8,0,288
11787.0,0,0,8,0,8,0,288
11788.0,0,0,8,0,8,0,288
11789.0,0,0,8,0,8,0,288
11790.0,0,0,8,0,8,0,288
11791.0,0,0,8,0,8,0,288
11792.0,0,0,8,0,8,0,288
11793.0,0,0,8,0,8,0,288
11794.0,0,0,8,0,8,0,288
11795.0,0,0,8,0,8,0,288
11796.0,0,0,8,0,8,0,288
11797.0,0,0,8,0,8,0,288
11798.0,0,0,8,0,8,0,288
11799.0,0,0,8,0,8,0,288
11800.0,0,0,8,0,8,0,288
11801.0,0,0,8,0,8,0,288
11802.0,0,0,8,0,8,0,288
11803.0,0,0,8,0,8,0,288
11804.0,0,0,8,0,8,0,288
11805.0,0,0,8,0,8,0,288
11806.0,0,0,8,0,8,0,288
11807.0,0,0,8,0,8,0,288
11808.0,0,0,8,0,8,0,288
11809.0,0,0,8,0,8,0,288
11810.0,0,0,8,0,8,0,288
11811.0,0,0,8,0,8,0,288
11812.0,0,0,8,0,8,0,288
11813.0,0,0,8,0,8,0,288
11814.0,0,0,8,0,8,0,288
11815.0,0,0,8,0,8,0,288
11816.0,0,0,8,0,8,0,288
11817.0,0,0,8,0,8,0,288
11818.0,0,0,8,0,8,0,288
11819.0,0,0,8,0,8,0,288
11820.0,0,0,8,0,8,0,288
11821.0,0,0,8,0,8,0,288
11822.0,0,0,8,0,8,0,288
11823.0,0,0,8,0,8,0,288
11824.0,0,0,8,0,8,0,288
11825.0,0,0,8,0,8,0,288
11826.0,0,0,8,0,8,0,288
11827.0,0,0,8,0,8,0,288
11828.0,0,0,8,0,8,0,288
11829.0,0,0,8,0,8,0,288
11830.0,0,0,8,0,8,0,288
11831.0,0,0,8,0,8,0,288
11832.0,0,0,8,0,8,0,288
11833.0,0,0,8,0,8,0,288
11834.0,0,0,8,0,8,0,288
11835.0,0,0,8,0,8,0,288
11836.0,0,0,8,0,8,0,288
11837.0,0,0,8,0,8,0,288
11838.0,0,0,8,0,8,0,288
11839.0,0,0,8,0,8,0,288
11840.0,0,0,8,0,8,0,288
11841.0,0,0,8,0,8,0,288
11842.0,0,0,8,0,8,0,288
11843.0,0,0,8,0,8,0,288
11844.0,0,0,8,0,8,0,288
11845.0,0,0,8,0,8,0,288
11846.0,0,0,8,0,8,0,288
11847.0,0,0,8,0,8,0,288
11848.0,0,0,8,0,8,0,288
11849.0,0,0,8,0,8,0,288
11850.0,0,0,8,0,8,0,288
11851.0,0,0,8,0,8,0,288
11852.0,0,0,8,0,8,0,288
11853.0,0,0,8,0,8,0,288
11854.0,0,0,8,0,8,0,288
11855.0,0,0,8,0,8,0,288
11856.0,0,0,8,0,8,0,288
11857.0,0,0,8,0,8,0,288
11858.0,0,0,8,0,8,0,288
11859.0,0,0,8,0,8,0,288
11860.0,0,0,8,0,8,0,288
11861.0,0,0,8,0,8,0,288
11862.0,0,0,8,0,8,0,288
11863.0,0,0,8,0,8,0,288
11864.0,0,0,8,0,8,0,288
11865.0,0,0,8,0,8,0,288
11866.0,0,0,8,0,8,0,288
11867.0,0,0,8,0,8,0,288
11868.0,0,0,8,0,8,0,288
11869.0,0,0,8,0,8,0,288
11870.0,0,0,8,0,8,0,288
11871.0,0,0,8,0,8,0,288
11872.0,0,0,8,0,8,0,288
11873.0,0,0,8,0,8,0,288
11874.0,0,0,8,0,8,0,288
11875.0,0,0,8,0,8,0,288
11876.0,0,0,8,0,8,0,288
11877.0,0,0,8,0,8,0,288
11878.0,0,0,8,0,8,0,288
11879.0,0,0,8,0,8,0,288
11880.0,0,0,8,0,8,0,288
11881.0,0,0,8,0,8,0,288
11882.0,0,0,8,0,8,0,288
11883.0,0,0,8,0,8,0,288
11884.0,0,0,8,0,8,0,288
11885.0,0,0,8,0,8,0,288
11886.0,0,0,8,0,8,0,288
11887.0,0,0,8,0,8,0,288
11888.0,0,0,8,0,8,0,288
11889.0,0,0,8,0,8,0,288
11890.0,0,0,8,0,8,0,288
11891.0,0,0,8,0,8,0,288
11892.0,0,0,8,0,8,0,288
11893.0,0,0,8,0,8,0,288
11894.0,0,0,8,0,8,0,288
11895.0,0,0,8,0,8,0,288
11896.0,0,0,8,0,8,0,288
11897.0,0,0,8,0,8,0,288
11898.0,0,0,8,0,8,0,288
11899.0,0,0,8,0,8,0,288
11900.0,0,0,8,0,8,0,288
11901.0,0,0,8,0,8,0,288
11902.0,0,0,8,0,8,0,288
11903.0,0,0,8,0,8,0,288
11904.0,0,0,8,0,8,0,288
11905.0,0,0,8,0,8,0,288
11906.0,0,0,8,0,8,0,288
11907.0,0,0,8,0,8,0,288
11908.0,0,0,8,0,8,0,288
11909.0,0,0,8,0,8,0,288
11910.0,0,0,8,0,8,0,288
11911.0,0,0,8,0,8,0,288
11912.0,0,0,8,0,8,0,288
11913.0,0,0,8,0,8,0,288
11914.0,0,0,8,0,8,0,288
11915.0,0,0,8,0,8,0,288
11916.0,0,0,8,0,8,0,288
11917.0,0,0,8,0,8,0,288
11918.0,0,0,8,0,8,0,288
11919.0,0,0,8,0,8,0,288
11920.0,0,0,8,0,8,0,288
11921.0,0,0,8,0,8,0,288
11922.0,0,0,8,0,8,0,288
11923.0,0,0,8,0,8,0,288
11924.0,0,0,8,0,8,0,288
11925.0,0,0,8,0,8,0,288
11926.0,0,0,8,0,8,0,288
11927.0,0,0,8,0,8,0,288
11928.0,0,0,8,0,8,0,288
11929.0,0,0,8,0,8,0,288
11930.0,0,0,8,0,8,0,288
11931.0,0,0,8,0,8,0,288
11932.0,0,0,8,0,8,0,288
11933.0,0,0,8,0,8,0,288
11934.0,0,0,8,0,8,0,288
11935.0,0,0,8,0,8,0,288
11936.0,0,0,8,0,8,0,288
11937.0,0,0,8,0,8,0,288
11938.0,0,0,8,0,8,0,288
11939.0,0,0,8,0,8,0,288
11940.0,0,0,8,0,8,0,288
11941.0,0,0,8,0,8,0,288
11942.0,0,0,8,0,8,0,288
11943.0,0,0,8,0,8,0,288
11944.0,0,0,8,0,8,0,288
11945.0,0,0,8,0,8,0,288
11946.0,0,0,8,0,8,0,288
11947.0,0,0,8,0,8,0,288
11948.0,0,0,8,0,8,0,288
11949.0,0,0,8,0,8,0,288
11950.0,0,0,8,0,8,0,288
11951.0,0,0,8,0,8,0,288
11952.0,0,0,8,0,8,0,288
11953.0,0,0,8,0,8,0,288
11954.0,0,0,8,0,8,0,288
11955.0,0,0,8,0,8,0,288
11956.0,0,0,8,0,8,0,288
11957.0,0,0,8,0,8,0,288
11958.0,0,0,8,0,8,0,288
11959.0,0,0,8,0,8,0,288
11960.0,0,0,8,0,8,0,288
11961.0,0,0,8,0,8,0,288
11962.0,0,0,8,0,8,0,288
11963.0,0,0,8,0,8,0,288
11964.0,0,0,8,0,8,0,288
11965.0,0,0,8,0,8,0,288
11966.0,0,0,8,0,8,0,288
11967.0,0,0,8,0,8,0,288
11968.0,0,0,8,0,8,0,288
11969.0,0,0,8,0,8,0,288
11970.0,0,0,8,0,8,0,288
11971.0,0,0,8,0,8,0,288
11972.0,0,0,8,0,8,0,288
11973.0,0,0,8,0,8,0,288
11974.0,0,0,8,0,8,0,288
11975.0,0,0,8,0,8,0,288
11976.0,0,0,8,0,8,0,288
11977.0,0,0,8,0,8,0,288
11978.0,0,0,8,0,8,0,288
11979.0,0,0,8,0,8,0,288
11980.0,0,0,8,0,8,0,288
11981.0,0,0,8,0,8,0,288
11982.0,0,0,8,0,8,0,288
11983.0,0,0,8,0,8,0,288
11984.0,0,0,8,0,8,0,288
11985.0,0,0,8,0,8,0,288
11986.0,0,0,8,0,8,0,288
11987.0,0,0,8,0,8,0,288
11988.0,0,0,8,0,8,0,288
11989.0,0,0,8,0,8,0,288
11990.0,0,0,8,0,8,0,288
11991.0,0,0,8,0,8,0,288
11992.0,0,0,8,0,8,0,288
11993.0,0,0,8,0,8,0,288
11994.0,0,0,8,0,8,0,288
11995.0,0,0,8,0,8,0,288
11996.0,0,0,8,0,8,0,288
11997.0,0,0,8,0,8,0,288
11998.0,0,0,8,0,8,0,288
11999.0,0,0,8,0,8,0,288
12000.0,0,0,8,0,8,0,288
12001.0,0,0,8,0,8,0,288
12002.0,0,0,8,0,8,0,288
12003.0,0,0,8,0,8,0,288
12004.0,0,0,8,0,8,0,288
12005.0,0,0,8,0,8,0,288
12006.0,0,0,8,0,8,0,288
12007.0,0,0,8,0,8,0,288
12008.0,0,0,8,0,8,0,288
12009.0,0,0,8,0,8,0,288
12010.0,0,0,8,0,8,0,288
12011.0,0,0,8,0,8,0,288
12012.0,0,0,8,0,8,0,288
12013.0,0,0,8,0,8,0,288
12014.0,0,0,8,0,8,0,288
12015.0,0,0,8,0,8,0,288
12016.0,0,0,8,0,8,0,288
12017.0,0,0,8,0,8,0,288
12018.0,0,0,8,0,8,0,288
12019.0,0,0,8,0,8,0,288
12020.0,0,0,8,0,8,0,288
12021.0,0,0,8,0,8,0,288
12022.0,0,0,8,0,8,0,288
12023.0,0,0,8,0,8,0,288
12024.0,0,0,8,0,8,0,288
12025.0,0,0,8,0,8,0,288
12026.0,0,0,8,0,8,0,288
12027.0,0,0,8,0,8,0,288
12028.0,0,0,8,0,8,0,288
12029.0,0,0,8,0,8,0,288
12030.0,0,0,8,0,8,0,288
12031.0,0,0,8,0,8,0,288
12032.0,0,0,8,0,8,0,288
12033.0,0,0,8,0,8,0,288
12034.0,0,0,8,0,8,0,288
12035.0,0,0,8,0,8,0,288
12036.0,0,0,8,0,8,0,288
12037.0,0,0,8,0,8,0,288
12038.0,0,0,8,0,8,0,288
12039.0,0,0,8,0,8,0,288
12040.0,0,0,8,0,8,0,288
12041.0,0,0,8,0,8,0,288
12042.0,0,0,8,0,8,0,288
12043.0,0,0,8,0,8,0,288
12044.0,0,0,8,0,8,0,288
12045.0,0,0,8,0,8,0,288
12046.0,0,0,8,0,8,0,288
12047.0,0,0,8,0,8,0,288
12048.0,0,0,8,0,8,0,288
12049.0,0,0,8,0,8,0,288
12050.0,0,0,8,0,8,0,288
12051.0,0,0,8,0,8,0,288
12052.0,0,0,8,0,8,0,288
12053.0,0,0,8,0,8,0,288
12054.0,0,0,8,0,8,0,288
12055.0,0,0,8,0,8,0,288
12056.0,0,0,8,0,8,0,288
12057.0,0,0,8,0,8,0,288
12058.0,0,0,8,0,8,0,288
12059.0,0,0,8,0,8,0,288
12060.0,0,0,8,0,8,0,288
12061.0,0,0,8,0,8,0,288
12062.0,0,0,8,0,8,0,288
12063.0,0,0,8,0,8,0,288
12064.0,0,0,8,0,8,0,288
12065.0,0,0,8,0,8,0,288
12066.0,0,0,8,0,8,0,288
12067.0,0,0,8,0,8,0,288
12068.0,0,0,8,0,8,0,288
12069.0,0,0,8,0,8,0,288
12070.0,0,0,8,0,8,0,288
12071.0,0,0,8,0,8,0,288
12072.0,0,0,8,0,8,0,288
12073.0,0,0,8,0,8,0,288
12074.0,0,0,8,0,8,0,288
12075.0,0,0,8,0,8,0,288
12076.0,0,0,8,0,8,0,288
12077.0,0,0,8,0,8,0,288
12078.0,0,0,8,0,8,0,288
12079.0,0,0,8,0,8,0,288
12080.0,0,0,8,0,8,0,288
12081.0,0,0,8,0,8,0,288
12082.0,0,0,8,0,8,0,288
12083.0,0,0,8,0,8,0,288
12084.0,0,0,8,0,8,0,288
12085.0,0,0,8,0,8,0,288
12086.0,0,0,8,0,8,0,288
12087.0,0,0,8,0,8,0,288
12088.0,0,0,8,0,8,0,288
12089.0,0,0,8,0,8,0,288
12090.0,0,0,8,0,8,0,288
12091.0,0,0,8,0,8,0,288
12092.0,0,0,8,0,8,0,288
12093.0,0,0,8,0,8,0,288
12094.0,0,0,8,0,8,0,288
12095.0,0,0,8,0,8,0,288
12096.0,0,0,8,0,8,0,288
12097.0,0,0,8,0,8,0,288
12098.0,0,0,8,0,8,0,288
12099.0,0,0,8,0,8,0,288
12100.0,0,0,8,0,8,0,288
12101.0,0,0,8,0,8,0,288
12102.0,0,0,8,0,8,0,288
12103.0,0,0,8,0,8,0,288
12104.0,0,0,8,0,8,0,288
12105.0,0,0,8,0,8,0,288
12106.0,0,0,8,0,8,0,288
12107.0,0,0,8,0,8,0,288
12108.0,0,0,8,0,8,0,288
12109.0,0,0,8,0,8,0,288
12110.0,0,0,8,0,8,0,288
12111.0,0,0,8,0,8,0,288
12112.0,0,0,8,0,8,0,288
12113.0,0,0,8,0,8,0,288
12114.0,0,0,8,0,8,0,288
12115.0,0,0,8,0,8,0,288
12116.0,0,0,8,0,8,0,288
12117.0,0,0,8,0,8,0,288
12118.0,0,0,8,0,8,0,288
12119.0,0,0,8,0,8,0,288
12120.0,0,0,8,0,8,0,288
12121.0,0,0,8,0,8,0,288
12122.0,0,0,8,0,8,0,288
12123.0,0,0,8,0,8,0,288
12124.0,0,0,8,0,8,0,288
12125.0,0,0,8,0,8,0,288
12126.0,0,0,8,0,8,0,288
12127.0,0,0,8,0,8,0,288
12128.0,0,0,8,0,8,0,288
12129.0,0,0,8,0,8,0,288
12130.0,0,0,8,0,8,0,288
12131.0,0,0,8,0,8,0,288
12132.0,0,0,8,0,8,0,288
12133.0,0,0,8,0,8,0,288
12134.0,0,0,8,0,8,0,288
12135.0,0,0,8,0,8,0,288
12136.0,0,0,8,0,8,0,288
12137.0,0,0,8,0,8,0,288
12138.0,0,0,8,0,8,0,288
12139.0,0,0,8,0,8,0,288
12140.0,0,0,8,0,8,0,288
12141.0,0,0,8,0,8,0,288
12142.0,0,0,8,0,8,0,288
12143.0,0,0,8,0,8,0,288
12144.0,0,0,8,0,8,0,288
12145.0,0,0,8,0,8,0,288
12146.0,0,0,8,0,8,0,288
12147.0,0,0,8,0,8,0,288
12148.0,0,0,8,0,8,0,288
12149.0,0,0,8,0,8,0,288
12150.0,0,0,8,0,8,0,288
12151.0,0,0,8,0,8,0,288
12152.0,0,0,8,0,8,0,288
12153.0,0,0,8,0,8,0,288
12154.0,0,0,8,0,8,0,288
12155.0,0,0,8,0,8,0,288
12156.0,0,0,8,0,8,0,288
12157.0,0,0,8,0,8,0,288
12158.0,0,0,8,0,8,0,288
12159.0,0,0,8,0,8,0,288
12160.0,0,0,8,0,8,0,288
12161.0,0,0,8,0,8,0,288
12162.0,0,0,8,0,8,0,288
12163.0,0,0,8,0,8,0,288
12164.0,0,0,8,0,8,0,288
12165.0,0,0,8,0,8,0,288
12166.0,0,0,8,0,8,0,288
12167.0,0,0,8,0,8,0,288
12168.0,0,0,8,0,8,0,288
12169.0,0,0,8,0,8,0,288
12170.0,0,0,8,0,8,0,288
12171.0,0,0,8,0,8,0,288
12172.0,0,0,8,0,8,0,288
12173.0,0,0,8,0,8,0,288
12174.0,0,0,8,0,8,0,288
12175.0,0,0,8,0,8,0,288
12176.0,0,0,8,0,8,0,288
12177.0,0,0,8,0,8,0,288
12178.0,0,0,8,0,8,0,288
12179.0,0,0,8,0,8,0,288
12180.0,0,0,8,0,8,0,288
12181.0,0,0,8,0,8,0,288
12182.0,0,0,8,0,8,0,288
12183.0,0,0,8,0,8,0,288
12184.0,0,0,8,0,8,0,288
12185.0,0,0,8,0,8,0,288
12186.0,0,0,8,0,8,0,288
12187.0,0,0,8,0,8,0,288
12188.0,0,0,8,0,8,0,288
12189.0,0,0,8,0,8,0,288
12190.0,0,0,8,0,8,0,288
12191.0,0,0,8,0,8,0,288
12192.0,0,0,8,0,8,0,288
12193.0,0,0,8,0,8,0,288
12194.0,0,0,8,0,8,0,288
12195.0,0,0,8,0,8,0,288
12196.0,0,0,8,0,8,0,288
12197.0,0,0,8,0,8,0,288
12198.0,0,0,8,0,8,0,288
12199.0,0,0,8,0,8,0,288
12200.0,0,0,8,0,8,0,288
12201.0,0,0,8,0,8,0,288
12202.0,0,0,8,0,8,0,288
12203.0,0,0,8,0,8,0,288
12204.0,0,0,8,0,8,0,288
12205.0,0,0,8,0,8,0,288
12206.0,0,0,8,0,8,0,288
12207.0,0,0,8,0,8,0,288
12208.0,0,0,8,0,8,0,288
12209.0,0,0,8,0,8,0,288
12210.0,0,0,8,0,8,0,288
12211.0,0,0,8,0,8,0,288
12212.0,0,0,8,0,8,0,288
12213.0,0,0,8,0,8,0,288
12214.0,0,0,8,0,8,0,288
12215.0,0,0,8,0,8,0,288
12216.0,0,0,8,0,8,0,288
12217.0,0,0,8,0,8,0,288
12218.0,0,0,8,0,8,0,288
12219.0,0,0,8,0,8,0,288
12220.0,0,0,8,0,8,0,288
12221.0,0,0,8,0,8,0,288
12222.0,0,0,8,0,8,0,288
12223.0,0,0,8,0,8,0,288
12224.0,0,0,8,0,8,0,288
12225.0,0,0,8,0,8,0,288
12226.0,0,0,8,0,8,0,288
12227.0,0,0,8,0,8,0,288
12228.0,0,0,8,0,8,0,288
12229.0,0,0,8,0,8,0,288
12230.0,0,0,8,0,8,0,288
12231.0,0,0,8,0,8,0,288
12232.0,0,0,8,0,8,0,288
12233.0,0,0,8,0,8,0,288
12234.0,0,0,8,0,8,0,288
12235.0,0,0,8,0,8,0,288
12236.0,0,0,8,0,8,0,288
12237.0,0,0,8,0,8,0,288
12238.0,0,0,8,0,8,0,288
12239.0,0,0,8,0,8,0,288
12240.0,0,0,8,0,8,0,288
12241.0,0,0,8,0,8,0,288
12242.0,0,0,8,0,8,0,288
12243.0,0,0,8,0,8,0,288
12244.0,0,0,8,0,8,0,288
12245.0,0,0,8,0,8,0,288
12246.0,0,0,8,0,8,0,288
12247.0,0,0,8,0,8,0,288
12248.0,0,0,8,0,8,0,288
12249.0,0,0,8,0,8,0,288
12250.0,0,0,8,0,8,0,288
12251.0,0,0,8,0,8,0,288
12252.0,0,0,8,0,8,0,288
12253.0,0,0,8,0,8,0,288
12254.0,0,0,8,0,8,0,288
12255.0,0,0,8,0,8,0,288
12256.0,0,0,8,0,8,0,288
12257.0,0,0,8,0,8,0,288
12258.0,0,0,8,0,8,0,288
12259.0,0,0,8,0,8,0,288
12260.0,0,0,8,0,8,0,288
12261.0,0,0,8,0,8,0,288
12262.0,0,0,8,0,8,0,288
12263.0,0,0,8,0,8,0,288
12264.0,0,0,8,0,8,0,288
12265.0,0,0,8,0,8,0,288
12266.0,0,0,8,0,8,0,288
12267.0,0,0,8,0,8,0,288
12268.0,0,0,8,0,8,0,288
12269.0,0,0,8,0,8,0,288
12270.0,0,0,8,0,8,0,288
12271.0,0,0,8,0,8,0,288
12272.0,0,0,8,0,8,0,288
12273.0,0,0,8,0,8,0,288
12274.0,0,0,8,0,8,0,288
12275.0,0,0,8,0,8,0,288
12276.0,0,0,8,0,8,0,288
12277.0,0,0,8,0,8,0,288
12278.0,0,0,8,0,8,0,288
12279.0,0,0,8,0,8,0,288
12280.0,0,0,8,0,8,0,288
12281.0,0,0,8,0,8,0,288
12282.0,0,0,8,0,8,0,288
12283.0,0,0,8,0,8,0,288
12284.0,0,0,8,0,8,0,288
12285.0,0,0,8,0,8,0,288
12286.0,0,0,8,0,8,0,288
12287.0,0,0,8,0,8,0,288
12288.0,0,0,8,0,8,0,288
12289.0,0,0,8,0,8,0,288
12290.0,0,0,8,0,8,0,288
12291.0,0,0,8,0,8,0,288
12292.0,0,0,8,0,8,0,288
12293.0,0,0,8,0,8,0,288
12294.0,0,0,8,0,8,0,288
12295.0,0,0,8,0,8,0,288
12296.0,0,0,8,0,8,0,288
12297.0,0,0,8,0,8,0,288
12298.0,0,0,8,0,8,0,288
12299.0,0,0,8,0,8,0,288
12300.0,0,0,8,0,8,0,288
12301.0,0,0,8,0,8,0,288
12302.0,0,0,8,0,8,0,288
12303.0,0,0,8,0,8,0,288
12304.0,0,0,8,0,8,0,288
12305.0,0,0,8,0,8,0,288
12306.0,0,0,8,0,8,0,288
12307.0,0,0,8,0,8,0,288
12308.0,0,0,8,0,8,0,288
12309.0,0,0,8,0,8,0,288
12310.0,0,0,8,0,8,0,288
12311.0,0,0,8,0,8,0,288
12312.0,0,0,8,0,8,0,288
12313.0,0,0,8,0,8,0,288
12314.0,0,0,8,0,8,0,288
12315.0,0,0,8,0,8,0,288
12316.0,0,0,8,0,8,0,288
12317.0,0,0,8,0,8,0,288
12318.0,0,0,8,0,8,0,288
12319.0,0,0,8,0,8,0,288
12320.0,0,0,8,0,8,0,288
12321.0,0,0,8,0,8,0,288
12322.0,0,0,8,0,8,0,288
12323.0,0,0,8,0,8,0,288
12324.0,0,0,8,0,8,0,288
12325.0,0,0,8,0,8,0,288
12326.0,0,0,8,0,8,0,288
12327.0,0,0,8,0,8,0,288
12328.0,0,0,8,0,8,0,288
12329.0,0,0,8,0,8,0,288
12330.0,0,0,8,0,8,0,288
12331.0,0,0,8,0,8,0,288
12332.0,0,0,8,0,8,0,288
12333.0,0,0,8,0,8,0,288
12334.0,0,0,8,0,8,0,288
12335.0,0,0,8,0,8,0,288
12336.0,0,0,8,0,8,0,288
12337.0,0,0,8,0,8,0,288
12338.0,0,0,8,0,8,0,288
12339.0,0,0,8,0,8,0,288
12340.0,0,0,8,0,8,0,288
12341.0,0,0,8,0,8,0,288
12342.0,0,0,8,0,8,0,288
12343.0,0,0,8,0,8,0,288
12344.0,0,0,8,0,8,0,288
12345.0,0,0,8,0,8,0,288
12346.0,0,0,8,0,8,0,288
12347.0,0,0,8,0,8,0,288
12348.0,0,0,8,0,8,0,288
12349.0,0,0,8,0,8,0,288
12350.0,0,0,8,0,8,0,288
12351.0,0,0,8,0,8,0,288
12352.0,0,0,8,0,8,0,288
12353.0,0,0,8,0,8,0,288
12354.0,0,0,8,0,8,0,288
12355.0,0,0,8,0,8,0,288
12356.0,0,0,8,0,8,0,288
12357.0,0,0,8,0,8,0,288
12358.0,0,0,8,0,8,0,288
12359.0,0,0,8,0,8,0,288
12360.0,0,0,8,0,8,0,288
12361.0,0,0,8,0,8,0,288
12362.0,0,0,8,0,8,0,288
12363.0,0,0,8,0,8,0,288
12364.0,0,0,8,0,8,0,288
12365.0,0,0,8,0,8,0,288
12366.0,0,0,8,0,8,0,288
12367.0,0,0,8,0,8,0,288
12368.0,0,0,8,0,8,0,288
12369.0,0,0,8,0,8,0,288
12370.0,0,0,8,0,8,0,288
12371.0,0,0,8,0,8,0,288
12372.0,0,0,8,0,8,0,288
12373.0,0,0,8,0,8,0,288
12374.0,0,0,8,0,8,0,288
12375.0,0,0,8,0,8,0,288
12376.0,0,0,8,0,8,0,288
12377.0,0,0,8,0,8,0,288
12378.0,0,0,8,0,8,0,288
12379.0,0,0,8,0,8,0,288
12380.0,0,0,8,0,8,0,288
12381.0,0,0,8,0,8,0,288
12382.0,0,0,8,0,8,0,288
12383.0,0,0,8,0,8,0,288
12384.0,0,0,8,0,8,0,288
12385.0,0,0,8,0,8,0,288
12386.0,0,0,8,0,8,0,288
12387.0,0,0,8,0,8,0,288
12388.0,0,0,8,0,8,0,288
12389.0,0,0,8,0,8,0,288
12390.0,0,0,8,0,8,0,288
12391.0,0,0,8,0,8,0,288
12392.0,0,0,8,0,8,0,288
12393.0,0,0,8,0,8,0,288
12394.0,0,0,8,0,8,0,288
12395.0,0,0,8,0,8,0,288
12396.0,0,0,8,0,8,0,288
12397.0,0,0,8,0,8,0,288
12398.0,0,0,8,0,8,0,288
12399.0,0,0,8,0,8,0,288
12400.0,0,0,8,0,8,0,288
12401.0,0,0,8,0,8,0,288
12402.0,0,0,8,0,8,0,288
12403.0,0,0,8,0,8,0,288
12404.0,0,0,8,0,8,0,288
12405.0,0,0,8,0,8,0,288
12406.0,0,0,8,0,8,0,288
12407.0,0,0,8,0,8,0,288
12408.0,0,0,8,0,8,0,288
12409.0,0,0,8,0,8,0,288
12410.0,0,0,8,0,8,0,288
12411.0,0,0,8,0,8,0,288
12412.0,0,0,8,0,8,0,288
12413.0,0,0,8,0,8,0,288
12414.0,0,0,8,0,8,0,288
12415.0,0,0,8,0,8,0,288
12416.0,0,0,8,0,8,0,288
12417.0,0,0,8,0,8,0,288
12418.0,0,0,8,0,8,0,288
12419.0,0,0,8,0,8,0,288
12420.0,0,0,8,0,8,0,288
12421.0,0,0,8,0,8,0,288
12422.0,0,0,8,0,8,0,288
12423.0,0,0,8,0,8,0,288
12424.0,0,0,8,0,8,0,288
12425.0,0,0,8,0,8,0,288
12426.0,0,0,8,0,8,0,288
12427.0,0,0,8,0,8,0,288
12428.0,0,0,8,0,8,0,288
12429.0,0,0,8,0,8,0,288
12430.0,0,0,8,0,8,0,288
12431.0,0,0,8,0,8,0,288
12432.0,0,0,8,0,8,0,288
12433.0,0,0,8,0,8,0,288
12434.0,0,0,8,0,8,0,288
12435.0,0,0,8,0,8,0,288
12436.0,0,0,8,0,8,0,288
12437.0,0,0,8,0,8,0,288
12438.0,0,0,8,0,8,0,288
12439.0,0,0,8,0,8,0,288
12440.0,0,0,8,0,8,0,288
12441.0,0,0,8,0,8,0,288
12442.0,0,0,8,0,8,0,288
12443.0,0,0,8,0,8,0,288
12444.0,0,0,8,0,8,0,288
12445.0,0,0,8,0,8,0,288
12446.0,0,0,8,0,8,0,288
12447.0,0,0,8,0,8,0,288
12448.0,0,0,8,0,8,0,288
12449.0,0,0,8,0,8,0,288
12450.0,0,0,8,0,8,0,288
12451.0,0,0,8,0,8,0,288
12452.0,0,0,8,0,8,0,288
12453.0,0,0,8,0,8,0,288
12454.0,0,0,8,0,8,0,288
12455.0,0,0,8,0,8,0,288
12456.0,0,0,8,0,8,0,288
12457.0,0,0,8,0,8,0,288
12458.0,0,0,8,0,8,0,288
12459.0,0,0,8,0,8,0,288
12460.0,0,0,8,0,8,0,288
12461.0,0,0,8,0,8,0,288
12462.0,0,0,8,0,8,0,288
12463.0,0,0,8,0,8,0,288
12464.0,0,0,8,0,8,0,288
12465.0,0,0,8,0,8,0,288
12466.0,0,0,8,0,8,0,288
12467.0,0,0,8,0,8,0,288
12468.0,0,0,8,0,8,0,288
12469.0,0,0,8,0,8,0,288
12470.0,0,0,8,0,8,0,288
12471.0,0,0,8,0,8,0,288
12472.0,0,0,8,0,8,0,288
12473.0,0,0,8,0,8,0,288
12474.0,0,0,8,0,8,0,288
12475.0,0,0,8,0,8,0,288
12476.0,0,0,8,0,8,0,288
12477.0,0,0,8,0,8,0,288
12478.0,0,0,8,0,8,0,288
12479.0,0,0,8,0,8,0,288
12480.0,0,0,8,0,8,0,288
12481.0,0,0,8,0,8,0,288
12482.0,0,0,8,0,8,0,288
12483.0,0,0,8,0,8,0,288
12484.0,0,0,8,0,8,0,288
12485.0,0,0,8,0,8,0,288
12486.0,0,0,8,0,8,0,288
12487.0,0,0,8,0,8,0,288
12488.0,0,0,8,0,8,0,288
12489.0,0,0,8,0,8,0,288
12490.0,0,0,8,0,8,0,288
12491.0,0,0,8,0,8,0,288
12492.0,0,0,8,0,8,0,288
12493.0,0,0,8,0,8,0,288
12494.0,0,0,8,0,8,0,288
12495.0,0,0,8,0,8,0,288
12496.0,0,0,8,0,8,0,288
12497.0,0,0,8,0,8,0,288
12498.0,0,0,8,0,8,0,288
12499.0,0,0,8,0,8,0,288
12500.0,0,0,8,0,8,0,288
12501.0,0,0,8,0,8,0,288
12502.0,0,0,8,0,8,0,288
12503.0,0,0,8,0,8,0,288
12504.0,0,0,8,0,8,0,288
12505.0,0,0,8,0,8,0,288
12506.0,0,0,8,0,8,0,288
12507.0,0,0,8,0,8,0,288
12508.0,0,0,8,0,8,0,288
12509.0,0,0,8,0,8,0,288
12510.0,0,0,8,0,8,0,288
12511.0,0,0,8,0,8,0,288
12512.0,0,0,8,0,8,0,288
12513.0,0,0,8,0,8,0,288
12514.0,0,0,8,0,8,0,288
12515.0,0,0,8,0,8,0,288
12516.0,0,0,8,0,8,0,288
12517.0,0,0,8,0,8,0,288
12518.0,0,0,8,0,8,0,288
12519.0,0,0,8,0,8,0,288
12520.0,0,0,8,0,8,0,288
12521.0,0,0,8,0,8,0,288
12522.0,0,0,8,0,8,0,288
12523.0,0,0,8,0,8,0,288
12524.0,0,0,8,0,8,0,288
12525.0,0,0,8,0,8,0,288
12526.0,0,0,8,0,8,0,288
12527.0,0,0,8,0,8,0,288
12528.0,0,0,8,0,8,0,288
12529.0,0,0,8,0,8,0,288
12530.0,0,0,8,0,8,0,288
12531.0,0,0,8,0,8,0,288
12532.0,0,0,8,0,8,0,288
12533.0,0,0,8,0,8,0,288
12534.0,0,0,8,0,8,0,288
12535.0,0,0,8,0,8,0,288
12536.0,0,0,8,0,8,0,288
12537.0,0,0,8,0,8,0,288
12538.0,0,0,8,0,8,0,288
12539.0,0,0,8,0,8,0,288
12540.0,0,0,8,0,8,0,288
12541.0,0,0,8,0,8,0,288
12542.0,0,0,8,0,8,0,288
12543.0,0,0,8,0,8,0,288
12544.0,0,0,8,0,8,0,288
12545.0,0,0,8,0,8,0,288
12546.0,0,0,8,0,8,0,288
12547.0,0,0,8,0,8,0,288
12548.0,0,0,8,0,8,0,288
12549.0,0,0,8,0,8,0,288
12550.0,0,0,8,0,8,0,288
12551.0,0,0,8,0,8,0,288
12552.0,0,0,8,0,8,0,288
12553.0,0,0,8,0,8,0,288
12554.0,0,0,8,0,8,0,288
12555.0,0,0,8,0,8,0,288
12556.0,0,0,8,0,8,0,288
12557.0,0,0,8,0,8,0,288
12558.0,0,0,8,0,8,0,288
12559.0,0,0,8,0,8,0,288
12560.0,0,0,8,0,8,0,288
12561.0,0,0,8,0,8,0,288
12562.0,0,0,8,0,8,0,288
12563.0,0,0,8,0,8,0,288
12564.0,0,0,8,0,8,0,288
12565.0,0,0,8,0,8,0,288
12566.0,0,0,8,0,8,0,288
12567.0,0,0,8,0,8,0,288
12568.0,0,0,8,0,8,0,288
12569.0,0,0,8,0,8,0,288
12570.0,0,0,8,0,8,0,288
12571.0,0,0,8,0,8,0,288
12572.0,0,0,8,0,8,0,288
12573.0,0,0,8,0,8,0,288
12574.0,0,0,8,0,8,0,288
12575.0,0,0,8,0,8,0,288
12576.0,0,0,8,0,8,0,288
12577.0,0,0,8,0,8,0,288
12578.0,0,0,8,0,8,0,288
12579.0,0,0,8,0,8,0,288
12580.0,0,0,8,0,8,0,288
12581.0,0,0,8,0,8,0,288
12582.0,0,0,8,0,8,0,288
12583.0,0,0,8,0,8,0,288
12584.0,0,0,8,0,8,0,288
12585.0,0,0,8,0,8,0,288
12586.0,0,0,8,0,8,0,288
12587.0,0,0,8,0,8,0,288
12588.0,0,0,8,0,8,0,288
12589.0,0,0,8,0,8,0,288
12590.0,0,0,8,0,8,0,288
12591.0,0,0,8,0,8,0,288
12592.0,0,0,8,0,8,0,288
12593.0,0,0,8,0,8,0,288
12594.0,0,0,8,0,8,0,288
12595.0,0,0,8,0,8,0,288
12596.0,0,0,8,0,8,0,288
12597.0,0,0,8,0,8,0,288
12598.0,0,0,8,0,8,0,288
12599.0,0,0,8,0,8,0,288
12600.0,0,0,8,0,8,0,288
12601.0,0,0,8,0,8,0,288
12602.0,0,0,8,0,8,0,288
12603.0,0,0,8,0,8,0,288
12604.0,0,0,8,0,8,0,288
12605.0,0,0,8,0,8,0,288
12606.0,0,0,8,0,8,0,288
12607.0,0,0,8,0,8,0,288
12608.0,0,0,8,0,8,0,288
12609.0,0,0,8,0,8,0,288
12610.0,0,0,8,0,8,0,288
12611.0,0,0,8,0,8,0,288
12612.0,0,0,8,0,8,0,288
12613.0,0,0,8,0,8,0,288
12614.0,0,0,8,0,8,0,288
12615.0,0,0,8,0,8,0,288
12616.0,0,0,8,0,8,0,288
12617.0,0,0,8,0,8,0,288
12618.0,0,0,8,0,8,0,288
12619.0,0,0,8,0,8,0,288
12620.0,0,0,8,0,8,0,288
12621.0,0,0,8,0,8,0,288
12622.0,0,0,8,0,8,0,288
12623.0,0,0,8,0,8,0,288
12624.0,0,0,8,0,8,0,288
12625.0,0,0,8,0,8,0,288
12626.0,0,0,8,0,8,0,288
12627.0,0,0,8,0,8,0,288
12628.0,0,0,8,0,8,0,288
12629.0,0,0,8,0,8,0,288
12630.0,0,0,8,0,8,0,288
12631.0,0,0,8,0,8,0,288
12632.0,0,0,8,0,8,0,288
12633.0,0,0,8,0,8,0,288
12634.0,0,0,8,0,8,0,288
12635.0,0,0,8,0,8,0,288
12636.0,0,0,8,0,8,0,288
12637.0,0,0,8,0,8,0,288
12638.0,0,0,8,0,8,0,288
12639.0,0,0,8,0,8,0,288
12640.0,0,0,8,0,8,0,288
12641.0,0,0,8,0,8,0,288
12642.0,0,0,8,0,8,0,288
12643.0,0,0,8,0,8,0,288
12644.0,0,0,8,0,8,0,288
12645.0,0,0,8,0,8,0,288
12646.0,0,0,8,0,8,0,288
12647.0,0,0,8,0,8,0,288
12648.0,0,0,8,0,8,0,288
12649.0,0,0,8,0,8,0,288
12650.0,0,0,8,0,8,0,288
12651.0,0,0,8,0,8,0,288
12652.0,0,0,8,0,8,0,288
12653.0,0,0,8,0,8,0,288
12654.0,0,0,8,0,8,0,288
12655.0,0,0,8,0,8,0,288
12656.0,0,0,8,0,8,0,288
12657.0,0,0,8,0,8,0,288
12658.0,0,0,8,0,8,0,288
12659.0,0,0,8,0,8,0,288
12660.0,0,0,8,0,8,0,288
12661.0,0,0,8,0,8,0,288
12662.0,0,0,8,0,8,0,288
12663.0,0,0,8,0,8,0,288
12664.0,0,0,8,0,8,0,288
12665.0,0,0,8,0,8,0,288
12666.0,0,0,8,0,8,0,288
12667.0,0,0,8,0,8,0,288
12668.0,0,0,8,0,8,0,288
12669.0,0,0,8,0,8,0,288
12670.0,0,0,8,0,8,0,288
12671.0,0,0,8,0,8,0,288
12672.0,0,0,8,0,8,0,288
12673.0,0,0,8,0,8,0,288
12674.0,0,0,8,0,8,0,288
12675.0,0,0,8,0,8,0,288
12676.0,0,0,8,0,8,0,288
12677.0,0,0,8,0,8,0,288
12678.0,0,0,8,0,8,0,288
12679.0,0,0,8,0,8,0,288
12680.0,0,0,8,0,8,0,288
12681.0,0,0,8,0,8,0,288
12682.0,0,0,8,0,8,0,288
12683.0,0,0,8,0,8,0,288
12684.0,0,0,8,0,8,0,288
12685.0,0,0,8,0,8,0,288
12686.0,0,0,8,0,8,0,288
12687.0,0,0,8,0,8,0,288
12688.0,0,0,8,0,8,0,288
12689.0,0,0,8,0,8,0,288
12690.0,0,0,8,0,8,0,288
12691.0,0,0,8,0,8,0,288
12692.0,0,0,8,0,8,0,288
12693.0,0,0,8,0,8,0,288
12694.0,0,0,8,0,8,0,288
12695.0,0,0,8,0,8,0,288
12696.0,0,0,8,0,8,0,288
12697.0,0,0,8,0,8,0,288
12698.0,0,0,8,0,8,0,288
12699.0,0,0,8,0,8,0,288
12700.0,0,0,8,0,8,0,288
12701.0,0,0,8,0,8,0,288
12702.0,0,0,8,0,8,0,288
12703.0,0,0,8,0,8,0,288
12704.0,0,0,8,0,8,0,288
12705.0,0,0,8,0,8,0,288
12706.0,0,0,8,0,8,0,288
12707.0,0,0,8,0,8,0,288
12708.0,0,0,8,0,8,0,288
12709.0,0,0,8,0,8,0,288
12710.0,0,0,8,0,8,0,288
12711.0,0,0,8,0,8,0,288
12712.0,0,0,8,0,8,0,288
12713.0,0,0,8,0,8,0,288
12714.0,0,0,8,0,8,0,288
12715.0,0,0,8,0,8,0,288
12716.0,0,0,8,0,8,0,288
12717.0,0,0,8,0,8,0,288
12718.0,0,0,8,0,8,0,288
12719.0,0,0,8,0,8,0,288
12720.0,0,0,8,0,8,0,288
12721.0,0,0,8,0,8,0,288
12722.0,0,0,8,0,8,0,288
12723.0,0,0,8,0,8,0,288
12724.0,0,0,8,0,8,0,288
12725.0,0,0,8,0,8,0,288
12726.0,0,0,8,0,8,0,288
12727.0,0,0,8,0,8,0,288
12728.0,0,0,8,0,8,0,288
12729.0,0,0,8,0,8,0,288
12730.0,0,0,8,0,8,0,288
12731.0,0,0,8,0,8,0,288
12732.0,0,0,8,0,8,0,288
12733.0,0,0,8,0,8,0,288
12734.0,0,0,8,0,8,0,288
12735.0,0,0,8,0,8,0,288
12736.0,0,0,8,0,8,0,288
12737.0,0,0,8,0,8,0,288
12738.0,0,0,8,0,8,0,288
12739.0,0,0,8,0,8,0,288
12740.0,0,0,8,0,8,0,288
12741.0,0,0,8,0,8,0,288
12742.0,0,0,8,0,8,0,288
12743.0,0,0,8,0,8,0,288
12744.0,0,0,8,0,8,0,288
12745.0,0,0,8,0,8,0,288
12746.0,0,0,8,0,8,0,288
12747.0,0,0,8,0,8,0,288
12748.0,0,0,8,0,8,0,288
12749.0,0,0,8,0,8,0,288
12750.0,0,0,8,0,8,0,288
12751.0,0,0,8,0,8,0,288
12752.0,0,0,8,0,8,0,288
12753.0,0,0,8,0,8,0,288
12754.0,0,0,8,0,8,0,288
12755.0,0,0,8,0,8,0,288
12756.0,0,0,8,0,8,0,288
12757.0,0,0,8,0,8,0,288
12758.0,0,0,8,0,8,0,288
12759.0,0,0,8,0,8,0,288
12760.0,0,0,8,0,8,0,288
12761.0,0,0,8,0,8,0,288
12762.0,0,0,8,0,8,0,288
12763.0,0,0,8,0,8,0,288
12764.0,0,0,8,0,8,0,288
12765.0,0,0,8,0,8,0,288
12766.0,0,0,8,0,8,0,288
12767.0,0,0,8,0,8,0,288
12768.0,0,0,8,0,8,0,288
12769.0,0,0,8,0,8,0,288
12770.0,0,0,8,0,8,0,288
12771.0,0,0,8,0,8,0,288
12772.0,0,0,8,0,8,0,288
12773.0,0,0,8,0,8,0,288
12774.0,0,0,8,0,8,0,288
12775.0,0,0,8,0,8,0,288
12776.0,0,0,8,0,8,0,288
12777.0,0,0,8,0,8,0,288
12778.0,0,0,8,0,8,0,288
12779.0,0,0,8,0,8,0,288
12780.0,0,0,8,0,8,0,288
12781.0,0,0,8,0,8,0,288
12782.0,0,0,8,0,8,0,288
12783.0,0,0,8,0,8,0,288
12784.0,0,0,8,0,8,0,288
12785.0,0,0,8,0,8,0,288
12786.0,0,0,8,0,8,0,288
12787.0,0,0,8,0,8,0,288
12788.0,0,0,8,0,8,0,288
12789.0,0,0,8,0,8,0,288
12790.0,0,0,8,0,8,0,288
12791.0,0,0,8,0,8,0,288
12792.0,0,0,8,0,8,0,288
12793.0,0,0,8,0,8,0,288
12794.0,0,0,8,0,8,0,288
12795.0,0,0,8,0,8,0,288
12796.0,0,0,8,0,8,0,288
12797.0,0,0,8,0,8,0,288
12798.0,0,0,8,0,8,0,288
12799.0,0,0,8,0,8,0,288
12800.0,0,0,8,0,8,0,288
12801.0,0,0,8,0,8,0,288
12802.0,0,0,8,0,8,0,288
12803.0,0,0,8,0,8,0,288
12804.0,0,0,8,0,8,0,288
12805.0,0,0,8,0,8,0,288
12806.0,0,0,8,0,8,0,288
12807.0,0,0,8,0,8,0,288
12808.0,0,0,8,0,8,0,288
12809.0,0,0,8,0,8,0,288
12810.0,0,0,8,0,8,0,288
12811.0,0,0,8,0,8,0,288
12812.0,0,0,8,0,8,0,288
12813.0,0,0,8,0,8,0,288
12814.0,0,0,8,0,8,0,288
12815.0,0,0,8,0,8,0,288
12816.0,0,0,8,0,8,0,288
12817.0,0,0,8,0,8,0,288
12818.0,0,0,8,0,8,0,288
12819.0,0,0,8,0,8,0,288
12820.0,0,0,8,0,8,0,288
12821.0,0,0,8,0,8,0,288
12822.0,0,0,8,0,8,0,288
12823.0,0,0,8,0,8,0,288
12824.0,0,0,8,0,8,0,288
12825.0,0,0,8,0,8,0,288
12826.0,0,0,8,0,8,0,288
12827.0,0,0,8,0,8,0,288
12828.0,0,0,8,0,8,0,288
12829.0,0,0,8,0,8,0,288
12830.0,0,0,8,0,8,0,288
12831.0,0,0,8,0,8,0,288
12832.0,0,0,8,0,8,0,288
12833.0,0,0,8,0,8,0,288
12834.0,0,0,8,0,8,0,288
12835.0,0,0,8,0,8,0,288
12836.0,0,0,8,0,8,0,288
12837.0,0,0,8,0,8,0,288
12838.0,0,0,8,0,8,0,288
12839.0,0,0,8,0,8,0,288
12840.0,0,0,8,0,8,0,288
12841.0,0,0,8,0,8,0,288
12842.0,0,0,8,0,8,0,288
12843.0,0,0,8,0,8,0,288
12844.0,0,0,8,0,8,0,288
12845.0,0,0,8,0,8,0,288
12846.0,0,0,8,0,8,0,288
12847.0,0,0,8,0,8,0,288
12848.0,0,0,8,0,8,0,288
12849.0,0,0,8,0,8,0,288
12850.0,0,0,8,0,8,0,288
12851.0,0,0,8,0,8,0,288
12852.0,0,0,8,0,8,0,288
12853.0,0,0,8,0,8,0,288
12854.0,0,0,8,0,8,0,288
12855.0,0,0,8,0,8,0,288
12856.0,0,0,8,0,8,0,288
12857.0,0,0,8,0,8,0,288
12858.0,0,0,8,0,8,0,288
12859.0,0,0,8,0,8,0,288
12860.0,0,0,8,0,8,0,288
12861.0,0,0,8,0,8,0,288
12862.0,0,0,8,0,8,0,288
12863.0,0,0,8,0,8,0,288
12864.0,0,0,8,0,8,0,288
12865.0,0,0,8,0,8,0,288
12866.0,0,0,8,0,8,0,288
12867.0,0,0,8,0,8,0,288
12868.0,0,0,8,0,8,0,288
12869.0,0,0,8,0,8,0,288
12870.0,0,0,8,0,8,0,288
12871.0,0,0,8,0,8,0,288
12872.0,0,0,8,0,8,0,288
12873.0,0,0,8,0,8,0,288
12874.0,0,0,8,0,8,0,288
12875.0,0,0,8,0,8,0,288
12876.0,0,0,8,0,8,0,288
12877.0,0,0,8,0,8,0,288
12878.0,0,0,8,0,8,0,288
12879.0,0,0,8,0,8,0,288
12880.0,0,0,8,0,8,0,288
12881.0,0,0,8,0,8,0,288
12882.0,0,0,8,0,8,0,288
12883.0,0,0,8,0,8,0,288
12884.0,0,0,8,0,8,0,288
12885.0,0,0,8,0,8,0,288
12886.0,0,0,8,0,8,0,288
12887.0,0,0,8,0,8,0,288
12888.0,0,0,8,0,8,0,288
12889.0,0,0,8,0,8,0,288
12890.0,0,0,8,0,8,0,288
12891.0,0,0,8,0,8,0,288
12892.0,0,0,8,0,8,0,288
12893.0,0,0,8,0,8,0,288
12894.0,0,0,8,0,8,0,288
12895.0,0,0,8,0,8,0,288
12896.0,0,0,8,0,8,0,288
12897.0,0,0,8,0,8,0,288
12898.0,0,0,8,0,8,0,288
12899.0,0,0,8,0,8,0,288
12900.0,0,0,8,0,8,0,288
12901.0,0,0,8,0,8,0,288
12902.0,0,0,8,0,8,0,288
12903.0,0,0,8,0,8,0,288
12904.0,0,0,8,0,8,0,288
12905.0,0,0,8,0,8,0,288
12906.0,0,0,8,0,8,0,288
12907.0,0,0,8,0,8,0,288
12908.0,0,0,8,0,8,0,288
12909.0,0,0,8,0,8,0,288
12910.0,0,0,8,0,8,0,288
12911.0,0,0,8,0,8,0,288
12912.0,0,0,8,0,8,0,288
12913.0,0,0,8,0,8,0,288
12914.0,0,0,8,0,8,0,288
12915.0,0,0,8,0,8,0,288
12916.0,0,0,8,0,8,0,288
12917.0,0,0,8,0,8,0,288
12918.0,0,0,8,0,8,0,288
12919.0,0,0,8,0,8,0,288
12920.0,0,0,8,0,8,0,288
12921.0,0,0,8,0,8,0,288
12922.0,0,0,8,0,8,0,288
12923.0,0,0,8,0,8,0,288
12924.0,0,0,8,0,8,0,288
12925.0,0,0,8,0,8,0,288
12926.0,0,0,8,0,8,0,288
12927.0,0,0,8,0,8,0,288
12928.0,0,0,8,0,8,0,288
12929.0,0,0,8,0,8,0,288
12930.0,0,0,8,0,8,0,288
12931.0,0,0,8,0,8,0,288
12932.0,0,0,8,0,8,0,288
12933.0,0,0,8,0,8,0,288
12934.0,0,0,8,0,8,0,288
12935.0,0,0,8,0,8,0,288
12936.0,0,0,8,0,8,0,288
12937.0,0,0,8,0,8,0,288
12938.0,0,0,8,0,8,0,288
12939.0,0,0,8,0,8,0,288
12940.0,0,0,8,0,8,0,288
12941.0,0,0,8,0,8,0,288
12942.0,0,0,8,0,8,0,288
12943.0,0,0,8,0,8,0,288
12944.0,0,0,8,0,8,0,288
12945.0,0,0,8,0,8,0,288
12946.0,0,0,8,0,8,0,288
12947.0,0,0,8,0,8,0,288
12948.0,0,0,8,0,8,0,288
12949.0,0,0,8,0,8,0,288
12950.0,0,0,8,0,8,0,288
12951.0,0,0,8,0,8,0,288
12952.0,0,0,8,0,8,0,288
12953.0,0,0,8,0,8,0,288
12954.0,0,0,8,0,8,0,288
12955.0,0,0,8,0,8,0,288
12956.0,0,0,8,0,8,0,288
12957.0,0,0,8,0,8,0,288
12958.0,0,0,8,0,8,0,288
12959.0,0,0,8,0,8,0,288
12960.0,0,0,8,0,8,0,288
12961.0,0,0,8,0,8,0,288
12962.0,0,0,8,0,8,0,288
12963.0,0,0,8,0,8,0,288
12964.0,0,0,8,0,8,0,288
12965.0,0,0,8,0,8,0,288
12966.0,0,0,8,0,8,0,288
12967.0,0,0,8,0,8,0,288
12968.0,0,0,8,0,8,0,288
12969.0,0,0,8,0,8,0,288
12970.0,0,0,8,0,8,0,288
12971.0,0,0,8,0,8,0,288
12972.0,0,0,8,0,8,0,288
12973.0,0,0,8,0,8,0,288
12974.0,0,0,8,0,8,0,288
12975.0,0,0,8,0,8,0,288
12976.0,0,0,8,0,8,0,288
12977.0,0,0,8,0,8,0,288
12978.0,0,0,8,0,8,0,288
12979.0,0,0,8,0,8,0,288
12980.0,0,0,8,0,8,0,288
12981.0,0,0,8,0,8,0,288
12982.0,0,0,8,0,8,0,288
12983.0,0,0,8,0,8,0,288
12984.0,0,0,8,0,8,0,288
12985.0,0,0,8,0,8,0,288
12986.0,0,0,8,0,8,0,288
12987.0,0,0,8,0,8,0,288
12988.0,0,0,8,0,8,0,288
12989.0,0,0,8,0,8,0,288
12990.0,0,0,8,0,8,0,288
12991.0,0,0,8,0,8,0,288
12992.0,0,0,8,0,8,0,288
12993.0,0,0,8,0,8,0,288
12994.0,0,0,8,0,8,0,288
12995.0,0,0,8,0,8,0,288
12996.0,0,0,8,0,8,0,288
12997.0,0,0,8,0,8,0,288
12998.0,0,0,8,0,8,0,288
12999.0,0,0,8,0,8,0,288
13000.0,0,0,8,0,8,0,288
13001.0,0,0,8,0,8,0,288
13002.0,0,0,8,0,8,0,288
13003.0,0,0,8,0,8,0,288
13004.0,0,0,8,0,8,0,288
13005.0,0,0,8,0,8,0,288
13006.0,0,0,8,0,8,0,288
13007.0,0,0,8,0,8,0,288
13008.0,0,0,8,0,8,0,288
13009.0,0,0,8,0,8,0,288
13010.0,0,0,8,0,8,0,288
13011.0,0,0,8,0,8,0,288
13012.0,0,0,8,0,8,0,288
13013.0,0,0,8,0,8,0,288
13014.0,0,0,8,0,8,0,288
13015.0,0,0,8,0,8,0,288
13016.0,0,0,8,0,8,0,288
13017.0,0,0,8,0,8,0,288
13018.0,0,0,8,0,8,0,288
13019.0,0,0,8,0,8,0,288
13020.0,0,0,8,0,8,0,288
13021.0,0,0,8,0,8,0,288
13022.0,0,0,8,0,8,0,288
13023.0,0,0,8,0,8,0,288
13024.0,0,0,8,0,8,0,288
13025.0,0,0,8,0,8,0,288
13026.0,0,0,8,0,8,0,288
13027.0,0,0,8,0,8,0,288
13028.0,0,0,8,0,8,0,288
13029.0,0,0,8,0,8,0,288
13030.0,0,0,8,0,8,0,288
13031.0,0,0,8,0,8,0,288
13032.0,0,0,8,0,8,0,288
13033.0,0,0,8,0,8,0,288
13034.0,0,0,8,0,8,0,288
13035.0,0,0,8,0,8,0,288
13036.0,0,0,8,0,8,0,288
13037.0,0,0,8,0,8,0,288
13038.0,0,0,8,0,8,0,288
13039.0,0,0,8,0,8,0,288
13040.0,0,0,8,0,8,0,288
13041.0,0,0,8,0,8,0,288
13042.0,0,0,8,0,8,0,288
13043.0,0,0,8,0,8,0,288
13044.0,0,0,8,0,8,0,288
13045.0,0,0,8,0,8,0,288
13046.0,0,0,8,0,8,0,288
13047.0,0,0,8,0,8,0,288
13048.0,0,0,8,0,8,0,288
13049.0,0,0,8,0,8,0,288
13050.0,0,0,8,0,8,0,288
13051.0,0,0,8,0,8,0,288
13052.0,0,0,8,0,8,0,288
13053.0,0,0,8,0,8,0,288
13054.0,0,0,8,0,8,0,288
13055.0,0,0,8,0,8,0,288
13056.0,0,0,8,0,8,0,288
13057.0,0,0,8,0,8,0,288
13058.0,0,0,8,0,8,0,288
13059.0,0,0,8,0,8,0,288
13060.0,0,0,8,0,8,0,288
13061.0,0,0,8,0,8,0,288
13062.0,0,0,8,0,8,0,288
13063.0,0,0,8,0,8,0,288
13064.0,0,0,8,0,8,0,288
13065.0,0,0,8,0,8,0,288
13066.0,0,0,8,0,8,0,288
13067.0,0,0,8,0,8,0,288
13068.0,0,0,8,0,8,0,288
13069.0,0,0,8,0,8,0,288
13070.0,0,0,8,0,8,0,288
13071.0,0,0,8,0,8,0,288
13072.0,0,0,8,0,8,0,288
13073.0,0,0,8,0,8,0,288
13074.0,0,0,8,0,8,0,288
13075.0,0,0,8,0,8,0,288
13076.0,0,0,8,0,8,0,288
13077.0,0,0,8,0,8,0,288
13078.0,0,0,8,0,8,0,288
13079.0,0,0,8,0,8,0,288
13080.0,0,0,8,0,8,0,288
13081.0,0,0,8,0,8,0,288
13082.0,0,0,8,0,8,0,288
13083.0,0,0,8,0,8,0,288
13084.0,0,0,8,0,8,0,288
13085.0,0,0,8,0,8,0,288
13086.0,0,0,8,0,8,0,288
13087.0,0,0,8,0,8,0,288
13088.0,0,0,8,0,8,0,288
13089.0,0,0,8,0,8,0,288
13090.0,0,0,8,0,8,0,288
13091.0,0,0,8,0,8,0,288
13092.0,0,0,8,0,8,0,288
13093.0,0,0,8,0,8,0,288
13094.0,0,0,8,0,8,0,288
13095.0,0,0,8,0,8,0,288
13096.0,0,0,8,0,8,0,288
13097.0,0,0,8,0,8,0,288
13098.0,0,0,8,0,8,0,288
13099.0,0,0,8,0,8,0,288
13100.0,0,0,8,0,8,0,288
13101.0,0,0,8,0,8,0,288
13102.0,0,0,8,0,8,0,288
13103.0,0,0,8,0,8,0,288
13104.0,0,0,8,0,8,0,288
13105.0,0,0,8,0,8,0,288
13106.0,0,0,8,0,8,0,288
13107.0,0,0,8,0,8,0,288
13108.0,0,0,8,0,8,0,288
13109.0,0,0,8,0,8,0,288
13110.0,0,0,8,0,8,0,288
13111.0,0,0,8,0,8,0,288
13112.0,0,0,8,0,8,0,288
13113.0,0,0,8,0,8,0,288
13114.0,0,0,8,0,8,0,288
13115.0,0,0,8,0,8,0,288
13116.0,0,0,8,0,8,0,288
13117.0,0,0,8,0,8,0,288
13118.0,0,0,8,0,8,0,288
13119.0,0,0,8,0,8,0,288
13120.0,0,0,8,0,8,0,288
13121.0,0,0,8,0,8,0,288
13122.0,0,0,8,0,8,0,288
13123.0,0,0,8,0,8,0,288
13124.0,0,0,8,0,8,0,288
13125.0,0,0,8,0,8,0,288
13126.0,0,0,8,0,8,0,288
13127.0,0,0,8,0,8,0,288
13128.0,0,0,8,0,8,0,288
13129.0,0,0,8,0,8,0,288
13130.0,0,0,8,0,8,0,288
13131.0,0,0,8,0,8,0,288
13132.0,0,0,8,0,8,0,288
13133.0,0,0,8,0,8,0,288
13134.0,0,0,8,0,8,0,288
13135.0,0,0,8,0,8,0,288
13136.0,0,0,8,0,8,0,288
13137.0,0,0,8,0,8,0,288
13138.0,0,0,8,0,8,0,288
13139.0,0,0,8,0,8,0,288
13140.0,0,0,8,0,8,0,288
13141.0,0,0,8,0,8,0,288
13142.0,0,0,8,0,8,0,288
13143.0,0,0,8,0,8,0,288
13144.0,0,0,8,0,8,0,288
13145.0,0,0,8,0,8,0,288
13146.0,0,0,8,0,8,0,288
13147.0,0,0,8,0,8,0,288
13148.0,0,0,8,0,8,0,288
13149.0,0,0,8,0,8,0,288
13150.0,0,0,8,0,8,0,288
13151.0,0,0,8,0,8,0,288
13152.0,0,0,8,0,8,0,288
13153.0,0,0,8,0,8,0,288
13154.0,0,0,8,0,8,0,288
13155.0,0,0,8,0,8,0,288
13156.0,0,0,8,0,8,0,288
13157.0,0,0,8,0,8,0,288
13158.0,0,0,8,0,8,0,288
13159.0,0,0,8,0,8,0,288
13160.0,0,0,8,0,8,0,288
13161.0,0,0,8,0,8,0,288
13162.0,0,0,8,0,8,0,288
13163.0,0,0,8,0,8,0,288
13164.0,0,0,8,0,8,0,288
13165.0,0,0,8,0,8,0,288
13166.0,0,0,8,0,8,0,288
13167.0,0,0,8,0,8,0,288
13168.0,0,0,8,0,8,0,288
13169.0,0,0,8,0,8,0,288
13170.0,0,0,8,0,8,0,288
13171.0,0,0,8,0,8,0,288
13172.0,0,0,8,0,8,0,288
13173.0,0,0,8,0,8,0,288
13174.0,0,0,8,0,8,0,288
13175.0,0,0,8,0,8,0,288
13176.0,0,0,8,0,8,0,288
13177.0,0,0,8,0,8,0,288
13178.0,0,0,8,0,8,0,288
13179.0,0,0,8,0,8,0,288
13180.0,0,0,8,0,8,0,288
13181.0,0,0,8,0,8,0,288
13182.0,0,0,8,0,8,0,288
13183.0,0,0,8,0,8,0,288
13184.0,0,0,8,0,8,0,288
13185.0,0,0,8,0,8,0,288
13186.0,0,0,8,0,8,0,288
13187.0,0,0,8,0,8,0,288
13188.0,0,0,8,0,8,0,288
13189.0,0,0,8,0,8,0,288
13190.0,0,0,8,0,8,0,288
13191.0,0,0,8,0,8,0,288
13192.0,0,0,8,0,8,0,288
13193.0,0,0,8,0,8,0,288
13194.0,0,0,8,0,8,0,288
13195.0,0,0,8,0,8,0,288
13196.0,0,0,8,0,8,0,288
13197.0,0,0,8,0,8,0,288
13198.0,0,0,8,0,8,0,288
13199.0,0,0,8,0,8,0,288
13200.0,0,0,8,0,8,0,288
13201.0,0,0,8,0,8,0,288
13202.0,0,0,8,0,8,0,288
13203.0,0,0,8,0,8,0,288
13204.0,0,0,8,0,8,0,288
13205.0,0,0,8,0,8,0,288
13206.0,0,0,8,0,8,0,288
13207.0,0,0,8,0,8,0,288
13208.0,0,0,8,0,8,0,288
13209.0,0,0,8,0,8,0,288
13210.0,0,0,8,0,8,0,288
13211.0,0,0,8,0,8,0,288
13212.0,0,0,8,0,8,0,288
13213.0,0,0,8,0,8,0,288
13214.0,0,0,8,0,8,0,288
13215.0,0,0,8,0,8,0,288
13216.0,0,0,8,0,8,0,288
13217.0,0,0,8,0,8,0,288
13218.0,0,0,8,0,8,0,288
13219.0,0,0,8,0,8,0,288
13220.0,0,0,8,0,8,0,288
13221.0,0,0,8,0,8,0,288
13222.0,0,0,8,0,8,0,288
13223.0,0,0,8,0,8,0,288
13224.0,0,0,8,0,8,0,288
13225.0,0,0,8,0,8,0,288
13226.0,0,0,8,0,8,0,288
13227.0,0,0,8,0,8,0,288
13228.0,0,0,8,0,8,0,288
13229.0,0,0,8,0,8,0,288
13230.0,0,0,8,0,8,0,288
13231.0,0,0,8,0,8,0,288
13232.0,0,0,8,0,8,0,288
13233.0,0,0,8,0,8,0,288
13234.0,0,0,8,0,8,0,288
13235.0,0,0,8,0,8,0,288
13236.0,0,0,8,0,8,0,288
13237.0,0,0,8,0,8,0,288
13238.0,0,0,8,0,8,0,288
13239.0,0,0,8,0,8,0,288
13240.0,0,0,8,0,8,0,288
13241.0,0,0,8,0,8,0,288
13242.0,0,0,8,0,8,0,288
13243.0,0,0,8,0,8,0,288
13244.0,0,0,8,0,8,0,288
13245.0,0,0,8,0,8,0,288
13246.0,0,0,8,0,8,0,288
13247.0,0,0,8,0,8,0,288
13248.0,0,0,8,0,8,0,288
13249.0,0,0,8,0,8,0,288
13250.0,0,0,8,0,8,0,288
13251.0,0,0,8,0,8,0,288
13252.0,0,0,8,0,8,0,288
13253.0,0,0,8,0,8,0,288
13254.0,0,0,8,0,8,0,288
13255.0,0,0,8,0,8,0,288
13256.0,0,0,8,0,8,0,288
13257.0,0,0,8,0,8,0,288
13258.0,0,0,8,0,8,0,288
13259.0,0,0,8,0,8,0,288
13260.0,0,0,8,0,8,0,288
13261.0,0,0,8,0,8,0,288
13262.0,0,0,8,0,8,0,288
13263.0,0,0,8,0,8,0,288
13264.0,0,0,8,0,8,0,288
13265.0,0,0,8,0,8,0,288
13266.0,0,0,8,0,8,0,288
13267.0,0,0,8,0,8,0,288
13268.0,0,0,8,0,8,0,288
13269.0,0,0,8,0,8,0,288
13270.0,0,0,8,0,8,0,288
13271.0,0,0,8,0,8,0,288
13272.0,0,0,8,0,8,0,288
13273.0,0,0,8,0,8,0,288
13274.0,0,0,8,0,8,0,288
13275.0,0,0,8,0,8,0,288
13276.0,0,0,8,0,8,0,288
13277.0,0,0,8,0,8,0,288
13278.0,0,0,8,0,8,0,288
13279.0,0,0,8,0,8,0,288
13280.0,0,0,8,0,8,0,288
13281.0,0,0,8,0,8,0,288
13282.0,0,0,8,0,8,0,288
13283.0,0,0,8,0,8,0,288
13284.0,0,0,8,0,8,0,288
13285.0,0,0,8,0,8,0,288
13286.0,0,0,8,0,8,0,288
13287.0,0,0,8,0,8,0,288
13288.0,0,0,8,0,8,0,288
13289.0,0,0,8,0,8,0,288
13290.0,0,0,8,0,8,0,288
13291.0,0,0,8,0,8,0,288
13292.0,0,0,8,0,8,0,288
13293.0,0,0,8,0,8,0,288
13294.0,0,0,8,0,8,0,288
13295.0,0,0,8,0,8,0,288
13296.0,0,0,8,0,8,0,288
13297.0,0,0,8,0,8,0,288
13298.0,0,0,8,0,8,0,288
13299.0,0,0,8,0,8,0,288
13300.0,0,0,8,0,8,0,288
13301.0,0,0,8,0,8,0,288
13302.0,0,0,8,0,8,0,288
13303.0,0,0,8,0,8,0,288
13304.0,0,0,8,0,8,0,288
13305.0,0,0,8,0,8,0,288
13306.0,0,0,8,0,8,0,288
13307.0,0,0,8,0,8,0,288
13308.0,0,0,8,0,8,0,288
13309.0,0,0,8,0,8,0,288
13310.0,0,0,8,0,8,0,288
13311.0,0,0,8,0,8,0,288
13312.0,0,0,8,0,8,0,288
13313.0,0,0,8,0,8,0,288
13314.0,0,0,8,0,8,0,288
13315.0,0,0,8,0,8,0,288
13316.0,0,0,8,0,8,0,288
13317.0,0,0,8,0,8,0,288
13318.0,0,0,8,0,8,0,288
13319.0,0,0,8,0,8,0,288
13320.0,0,0,8,0,8,0,288
13321.0,0,0,8,0,8,0,288
13322.0,0,0,8,0,8,0,288
13323.0,0,0,8,0,8,0,288
13324.0,0,0,8,0,8,0,288
13325.0,0,0,8,0,8,0,288
13326.0,0,0,8,0,8,0,288
13327.0,0,0,8,0,8,0,288
13328.0,0,0,8,0,8,0,288
13329.0,0,0,8,0,8,0,288
13330.0,0,0,8,0,8,0,288
13331.0,0,0,8,0,8,0,288
13332.0,0,0,8,0,8,0,288
13333.0,0,0,8,0,8,0,288
13334.0,0,0,8,0,8,0,288
13335.0,0,0,8,0,8,0,288
13336.0,0,0,8,0,8,0,288
13337.0,0,0,8,0,8,0,288
13338.0,0,0,8,0,8,0,288
13339.0,0,0,8,0,8,0,288
13340.0,0,0,8,0,8,0,288
13341.0,0,0,8,0,8,0,288
13342.0,0,0,8,0,8,0,288
13343.0,0,0,8,0,8,0,288
13344.0,0,0,8,0,8,0,288
13345.0,0,0,8,0,8,0,288
13346.0,0,0,8,0,8,0,288
13347.0,0,0,8,0,8,0,288
13348.0,0,0,8,0,8,0,288
13349.0,0,0,8,0,8,0,288
13350.0,0,0,8,0,8,0,288
13351.0,0,0,8,0,8,0,288
13352.0,0,0,8,0,8,0,288
13353.0,0,0,8,0,8,0,288
13354.0,0,0,8,0,8,0,288
13355.0,0,0,8,0,8,0,288
13356.0,0,0,8,0,8,0,288
13357.0,0,0,8,0,8,0,288
13358.0,0,0,8,0,8,0,288
13359.0,0,0,8,0,8,0,288
13360.0,0,0,8,0,8,0,288
13361.0,0,0,8,0,8,0,288
13362.0,0,0,8,0,8,0,288
13363.0,0,0,8,0,8,0,288
13364.0,0,0,8,0,8,0,288
13365.0,0,0,8,0,8,0,288
13366.0,0,0,8,0,8,0,288
13367.0,0,0,8,0,8,0,288
13368.0,0,0,8,0,8,0,288
13369.0,0,0,8,0,8,0,288
13370.0,0,0,8,0,8,0,288
13371.0,0,0,8,0,8,0,288
13372.0,0,0,8,0,8,0,288
13373.0,0,0,8,0,8,0,288
13374.0,0,0,8,0,8,0,288
13375.0,0,0,8,0,8,0,288
13376.0,0,0,8,0,8,0,288
13377.0,0,0,8,0,8,0,288
13378.0,0,0,8,0,8,0,288
13379.0,0,0,8,0,8,0,288
13380.0,0,0,8,0,8,0,288
13381.0,0,0,8,0,8,0,288
13382.0,0,0,8,0,8,0,288
13383.0,0,0,8,0,8,0,288
13384.0,0,0,8,0,8,0,288
13385.0,0,0,8,0,8,0,288
13386.0,0,0,8,0,8,0,288
13387.0,0,0,8,0,8,0,288
13388.0,0,0,8,0,8,0,288
13389.0,0,0,8,0,8,0,288
13390.0,0,0,8,0,8,0,288
13391.0,0,0,8,0,8,0,288
13392.0,0,0,8,0,8,0,288
13393.0,0,0,8,0,8,0,288
13394.0,0,0,8,0,8,0,288
13395.0,0,0,8,0,8,0,288
13396.0,0,0,8,0,8,0,288
13397.0,0,0,8,0,8,0,288
13398.0,0,0,8,0,8,0,288
13399.0,0,0,8,0,8,0,288
13400.0,0,0,8,0,8,0,288
13401.0,0,0,8,0,8,0,288
13402.0,0,0,8,0,8,0,288
13403.0,0,0,8,0,8,0,288
13404.0,0,0,8,0,8,0,288
13405.0,0,0,8,0,8,0,288
13406.0,0,0,8,0,8,0,288
13407.0,0,0,8,0,8,0,288
13408.0,0,0,8,0,8,0,288
13409.0,0,0,8,0,8,0,288
13410.0,0,0,8,0,8,0,288
13411.0,0,0,8,0,8,0,288
13412.0,0,0,8,0,8,0,288
13413.0,0,0,8,0,8,0,288
13414.0,0,0,8,0,8,0,288
13415.0,0,0,8,0,8,0,288
13416.0,0,0,8,0,8,0,288
13417.0,0,0,8,0,8,0,288
13418.0,0,0,8,0,8,0,288
13419.0,0,0,8,0,8,0,288
13420.0,0,0,8,0,8,0,288
13421.0,0,0,8,0,8,0,288
13422.0,0,0,8,0,8,0,288
13423.0,0,0,8,0,8,0,288
13424.0,0,0,8,0,8,0,288
13425.0,0,0,8,0,8,0,288
13426.0,0,0,8,0,8,0,288
13427.0,0,0,8,0,8,0,288
13428.0,0,0,8,0,8,0,288
13429.0,0,0,8,0,8,0,288
13430.0,0,0,8,0,8,0,288
13431.0,0,0,8,0,8,0,288
13432.0,0,0,8,0,8,0,288
13433.0,0,0,8,0,8,0,288
13434.0,0,0,8,0,8,0,288
13435.0,0,0,8,0,8,0,288
13436.0,0,0,8,0,8,0,288
13437.0,0,0,8,0,8,0,288
13438.0,0,0,8,0,8,0,288
13439.0,0,0,8,0,8,0,288
13440.0,0,0,8,0,8,0,288
13441.0,0,0,8,0,8,0,288
13442.0,0,0,8,0,8,0,288
13443.0,0,0,8,0,8,0,288
13444.0,0,0,8,0,8,0,288
13445.0,0,0,8,0,8,0,288
13446.0,0,0,8,0,8,0,288
13447.0,0,0,8,0,8,0,288
13448.0,0,0,8,0,8,0,288
13449.0,0,0,8,0,8,0,288
13450.0,0,0,8,0,8,0,288
13451.0,0,0,8,0,8,0,288
13452.0,0,0,8,0,8,0,288
13453.0,0,0,8,0,8,0,288
13454.0,0,0,8,0,8,0,288
13455.0,0,0,8,0,8,0,288
13456.0,0,0,8,0,8,0,288
13457.0,0,0,8,0,8,0,288
13458.0,0,0,8,0,8,0,288
13459.0,0,0,8,0,8,0,288
13460.0,0,0,8,0,8,0,288
13461.0,0,0,8,0,8,0,288
13462.0,0,0,8,0,8,0,288
13463.0,0,0,8,0,8,0,288
13464.0,0,0,8,0,8,0,288
13465.0,0,0,8,0,8,0,288
13466.0,0,0,8,0,8,0,288
13467.0,0,0,8,0,8,0,288
13468.0,0,0,8,0,8,0,288
13469.0,0,0,8,0,8,0,288
13470.0,0,0,8,0,8,0,288
13471.0,0,0,8,0,8,0,288
13472.0,0,0,8,0,8,0,288
13473.0,0,0,8,0,8,0,288
13474.0,0,0,8,0,8,0,288
13475.0,0,0,8,0,8,0,288
13476.0,0,0,8,0,8,0,288
13477.0,0,0,8,0,8,0,288
13478.0,0,0,8,0,8,0,288
13479.0,0,0,8,0,8,0,288
13480.0,0,0,8,0,8,0,288
13481.0,0,0,8,0,8,0,288
13482.0,0,0,8,0,8,0,288
13483.0,0,0,8,0,8,0,288
13484.0,0,0,8,0,8,0,288
13485.0,0,0,8,0,8,0,288
13486.0,0,0,8,0,8,0,288
13487.0,0,0,8,0,8,0,288
13488.0,0,0,8,0,8,0,288
13489.0,0,0,8,0,8,0,288
13490.0,0,0,8,0,8,0,288
13491.0,0,0,8,0,8,0,288
13492.0,0,0,8,0,8,0,288
13493.0,0,0,8,0,8,0,288
13494.0,0,0,8,0,8,0,288
13495.0,0,0,8,0,8,0,288
13496.0,0,0,8,0,8,0,288
13497.0,0,0,8,0,8,0,288
13498.0,0,0,8,0,8,0,288
13499.0,0,0,8,0,8,0,288
13500.0,0,0,8,0,8,0,288
13501.0,0,0,8,0,8,0,288
13502.0,0,0,8,0,8,0,288
13503.0,0,0,8,0,8,0,288
13504.0,0,0,8,0,8,0,288
13505.0,0,0,8,0,8,0,288
13506.0,0,0,8,0,8,0,288
13507.0,0,0,8,0,8,0,288
13508.0,0,0,8,0,8,0,288
13509.0,0,0,8,0,8,0,288
13510.0,0,0,8,0,8,0,288
13511.0,0,0,8,0,8,0,288
13512.0,0,0,8,0,8,0,288
13513.0,0,0,8,0,8,0,288
13514.0,0,0,8,0,8,0,288
13515.0,0,0,8,0,8,0,288
13516.0,0,0,8,0,8,0,288
13517.0,0,0,8,0,8,0,288
13518.0,0,0,8,0,8,0,288
13519.0,0,0,8,0,8,0,288
13520.0,0,0,8,0,8,0,288
13521.0,0,0,8,0,8,0,288
13522.0,0,0,8,0,8,0,288
13523.0,0,0,8,0,8,0,288
13524.0,0,0,8,0,8,0,288
13525.0,0,0,8,0,8,0,288
13526.0,0,0,8,0,8,0,288
13527.0,0,0,8,0,8,0,288
13528.0,0,0,8,0,8,0,288
13529.0,0,0,8,0,8,0,288
13530.0,0,0,8,0,8,0,288
13531.0,0,0,8,0,8,0,288
13532.0,0,0,8,0,8,0,288
13533.0,0,0,8,0,8,0,288
13534.0,0,0,8,0,8,0,288
13535.0,0,0,8,0,8,0,288
13536.0,0,0,8,0,8,0,288
13537.0,0,0,8,0,8,0,288
13538.0,0,0,8,0,8,0,288
13539.0,0,0,8,0,8,0,288
13540.0,0,0,8,0,8,0,288
13541.0,0,0,8,0,8,0,288
13542.0,0,0,8,0,8,0,288
13543.0,0,0,8,0,8,0,288
13544.0,0,0,8,0,8,0,288
13545.0,0,0,8,0,8,0,288
13546.0,0,0,8,0,8,0,288
13547.0,0,0,8,0,8,0,288
13548.0,0,0,8,0,8,0,288
13549.0,0,0,8,0,8,0,288
13550.0,0,0,8,0,8,0,288
13551.0,0,0,8,0,8,0,288
13552.0,0,0,8,0,8,0,288
13553.0,0,0,8,0,8,0,288
13554.0,0,0,8,0,8,0,288
13555.0,0,0,8,0,8,0,288
13556.0,0,0,8,0,8,0,288
13557.0,0,0,8,0,8,0,288
13558.0,0,0,8,0,8,0,288
13559.0,0,0,8,0,8,0,288
13560.0,0,0,8,0,8,0,288
13561.0,0,0,8,0,8,0,288
13562.0,0,0,8,0,8,0,288
13563.0,0,0,8,0,8,0,288
13564.0,0,0,8,0,8,0,288
13565.0,0,0,8,0,8,0,288
13566.0,0,0,8,0,8,0,288
13567.0,0,0,8,0,8,0,288
13568.0,0,0,8,0,8,0,288
13569.0,0,0,8,0,8,0,288
13570.0,0,0,8,0,8,0,288
13571.0,0,0,8,0,8,0,288
13572.0,0,0,8,0,8,0,288
13573.0,0,0,8,0,8,0,288
13574.0,0,0,8,0,8,0,288
13575.0,0,0,8,0,8,0,288
13576.0,0,0,8,0,8,0,288
13577.0,0,0,8,0,8,0,288
13578.0,0,0,8,0,8,0,288
13579.0,0,0,8,0,8,0,288
13580.0,0,0,8,0,8,0,288
13581.0,0,0,8,0,8,0,288
13582.0,0,0,8,0,8,0,288
13583.0,0,0,8,0,8,0,288
13584.0,0,0,8,0,8,0,288
13585.0,0,0,8,0,8,0,288
13586.0,0,0,8,0,8,0,288
13587.0,0,0,8,0,8,0,288
13588.0,0,0,8,0,8,0,288
13589.0,0,0,8,0,8,0,288
13590.0,0,0,8,0,8,0,288
13591.0,0,0,8,0,8,0,288
13592.0,0,0,8,0,8,0,288
13593.0,0,0,8,0,8,0,288
13594.0,0,0,8,0,8,0,288
13595.0,0,0,8,0,8,0,288
13596.0,0,0,8,0,8,0,288
13597.0,0,0,8,0,8,0,288
13598.0,0,0,8,0,8,0,288
13599.0,0,0,8,0,8,0,288
13600.0,0,0,8,0,8,0,288
13601.0,0,0,8,0,8,0,288
13602.0,0,0,8,0,8,0,288
13603.0,0,0,8,0,8,0,288
13604.0,0,0,8,0,8,0,288
13605.0,0,0,8,0,8,0,288
13606.0,0,0,8,0,8,0,288
13607.0,0,0,8,0,8,0,288
13608.0,0,0,8,0,8,0,288
13609.0,0,0,8,0,8,0,288
13610.0,0,0,8,0,8,0,288
13611.0,0,0,8,0,8,0,288
13612.0,0,0,8,0,8,0,288
13613.0,0,0,8,0,8,0,288
13614.0,0,0,8,0,8,0,288
13615.0,0,0,8,0,8,0,288
13616.0,0,0,8,0,8,0,288
13617.0,0,0,8,0,8,0,288
13618.0,0,0,8,0,8,0,288
13619.0,0,0,8,0,8,0,288
13620.0,0,0,8,0,8,0,288
13621.0,0,0,8,0,8,0,288
13622.0,0,0,8,0,8,0,288
13623.0,0,0,8,0,8,0,288
13624.0,0,0,8,0,8,0,288
13625.0,0,0,8,0,8,0,288
13626.0,0,0,8,0,8,0,288
13627.0,0,0,8,0,8,0,288
13628.0,0,0,8,0,8,0,288
13629.0,0,0,8,0,8,0,288
13630.0,0,0,8,0,8,0,288
13631.0,0,0,8,0,8,0,288
13632.0,0,0,8,0,8,0,288
13633.0,0,0,8,0,8,0,288
13634.0,0,0,8,0,8,0,288
13635.0,0,0,8,0,8,0,288
13636.0,0,0,8,0,8,0,288
13637.0,0,0,8,0,8,0,288
13638.0,0,0,8,0,8,0,288
13639.0,0,0,8,0,8,0,288
13640.0,0,0,8,0,8,0,288
13641.0,0,0,8,0,8,0,288
13642.0,0,0,8,0,8,0,288
13643.0,0,0,8,0,8,0,288
13644.0,0,0,8,0,8,0,288
13645.0,0,0,8,0,8,0,288
13646.0,0,0,8,0,8,0,288
13647.0,0,0,8,0,8,0,288
13648.0,0,0,8,0,8,0,288
13649.0,0,0,8,0,8,0,288
13650.0,0,0,8,0,8,0,288
13651.0,0,0,8,0,8,0,288
13652.0,0,0,8,0,8,0,288
13653.0,0,0,8,0,8,0,288
13654.0,0,0,8,0,8,0,288
13655.0,0,0,8,0,8,0,288
13656.0,0,0,8,0,8,0,288
13657.0,0,0,8,0,8,0,288
13658.0,0,0,8,0,8,0,288
13659.0,0,0,8,0,8,0,288
13660.0,0,0,8,0,8,0,288
13661.0,0,0,8,0,8,0,288
13662.0,0,0,8,0,8,0,288
13663.0,0,0,8,0,8,0,288
13664.0,0,0,8,0,8,0,288
13665.0,0,0,8,0,8,0,288
13666.0,0,0,8,0,8,0,288
13667.0,0,0,8,0,8,0,288
13668.0,0,0,8,0,8,0,288
13669.0,0,0,8,0,8,0,288
13670.0,0,0,8,0,8,0,288
13671.0,0,0,8,0,8,0,288
13672.0,0,0,8,0,8,0,288
13673.0,0,0,8,0,8,0,288
13674.0,0,0,8,0,8,0,288
13675.0,0,0,8,0,8,0,288
13676.0,0,0,8,0,8,0,288
13677.0,0,0,8,0,8,0,288
13678.0,0,0,8,0,8,0,288
13679.0,0,0,8,0,8,0,288
13680.0,0,0,8,0,8,0,288
13681.0,0,0,8,0,8,0,288
13682.0,0,0,8,0,8,0,288
13683.0,0,0,8,0,8,0,288
13684.0,0,0,8,0,8,0,288
13685.0,0,0,8,0,8,0,288
13686.0,0,0,8,0,8,0,288
13687.0,0,0,8,0,8,0,288
13688.0,0,0,8,0,8,0,288
13689.0,0,0,8,0,8,0,288
13690.0,0,0,8,0,8,0,288
13691.0,0,0,8,0,8,0,288
13692.0,0,0,8,0,8,0,288
13693.0,0,0,8,0,8,0,288
13694.0,0,0,8,0,8,0,288
13695.0,0,0,8,0,8,0,288
13696.0,0,0,8,0,8,0,288
13697.0,0,0,8,0,8,0,288
13698.0,0,0,8,0,8,0,288
13699.0,0,0,8,0,8,0,288
13700.0,0,0,8,0,8,0,288
13701.0,0,0,8,0,8,0,288
13702.0,0,0,8,0,8,0,288
13703.0,0,0,8,0,8,0,288
13704.0,0,0,8,0,8,0,288
13705.0,0,0,8,0,8,0,288
13706.0,0,0,8,0,8,0,288
13707.0,0,0,8,0,8,0,288
13708.0,0,0,8,0,8,0,288
13709.0,0,0,8,0,8,0,288
13710.0,0,0,8,0,8,0,288
13711.0,0,0,8,0,8,0,288
13712.0,0,0,8,0,8,0,288
13713.0,0,0,8,0,8,0,288
13714.0,0,0,8,0,8,0,288
13715.0,0,0,8,0,8,0,288
13716.0,0,0,8,0,8,0,288
13717.0,0,0,8,0,8,0,288
13718.0,0,0,8,0,8,0,288
13719.0,0,0,8,0,8,0,288
13720.0,0,0,8,0,8,0,288
13721.0,0,0,8,0,8,0,288
13722.0,0,0,8,0,8,0,288
13723.0,0,0,8,0,8,0,288
13724.0,0,0,8,0,8,0,288
13725.0,0,0,8,0,8,0,288
13726.0,0,0,8,0,8,0,288
13727.0,0,0,8,0,8,0,288
13728.0,0,0,8,0,8,0,288
13729.0,0,0,8,0,8,0,288
13730.0,0,0,8,0,8,0,288
13731.0,0,0,8,0,8,0,288
13732.0,0,0,8,0,8,0,288
13733.0,0,0,8,0,8,0,288
13734.0,0,0,8,0,8,0,288
13735.0,0,0,8,0,8,0,288
13736.0,0,0,8,0,8,0,288
13737.0,0,0,8,0,8,0,288
13738.0,0,0,8,0,8,0,288
13739.0,0,0,8,0,8,0,288
13740.0,0,0,8,0,8,0,288
13741.0,0,0,8,0,8,0,288
13742.0,0,0,8,0,8,0,288
13743.0,0,0,8,0,8,0,288
13744.0,0,0,8,0,8,0,288
13745.0,0,0,8,0,8,0,288
13746.0,0,0,8,0,8,0,288
13747.0,0,0,8,0,8,0,288
13748.0,0,0,8,0,8,0,288
13749.0,0,0,8,0,8,0,288
13750.0,0,0,8,0,8,0,288
13751.0,0,0,8,0,8,0,288
13752.0,0,0,8,0,8,0,288
13753.0,0,0,8,0,8,0,288
13754.0,0,0,8,0,8,0,288
13755.0,0,0,8,0,8,0,288
13756.0,0,0,8,0,8,0,288
13757.0,0,0,8,0,8,0,288
13758.0,0,0,8,0,8,0,288
13759.0,0,0,8,0,8,0,288
13760.0,0,0,8,0,8,0,288
13761.0,0,0,8,0,8,0,288
13762.0,0,0,8,0,8,0,288
13763.0,0,0,8,0,8,0,288
13764.0,0,0,8,0,8,0,288
13765.0,0,0,8,0,8,0,288
13766.0,0,0,8,0,8,0,288
13767.0,0,0,8,0,8,0,288
13768.0,0,0,8,0,8,0,288
13769.0,0,0,8,0,8,0,288
13770.0,0,0,8,0,8,0,288
13771.0,0,0,8,0,8,0,288
13772.0,0,0,8,0,8,0,288
13773.0,0,0,8,0,8,0,288
13774.0,0,0,8,0,8,0,288
13775.0,0,0,8,0,8,0,288
13776.0,0,0,8,0,8,0,288
13777.0,0,0,8,0,8,0,288
13778.0,0,0,8,0,8,0,288
13779.0,0,0,8,0,8,0,288
13780.0,0,0,8,0,8,0,288
13781.0,0,0,8,0,8,0,288
13782.0,0,0,8,0,8,0,288
13783.0,0,0,8,0,8,0,288
13784.0,0,0,8,0,8,0,288
13785.0,0,0,8,0,8,0,288
13786.0,0,0,8,0,8,0,288
13787.0,0,0,8,0,8,0,288
13788.0,0,0,8,0,8,0,288
13789.0,0,0,8,0,8,0,288
13790.0,0,0,8,0,8,0,288
13791.0,0,0,8,0,8,0,288
13792.0,0,0,8,0,8,0,288
13793.0,0,0,8,0,8,0,288
13794.0,0,0,8,0,8,0,288
13795.0,0,0,8,0,8,0,288
13796.0,0,0,8,0,8,0,288
13797.0,0,0,8,0,8,0,288
13798.0,0,0,8,0,8,0,288
13799.0,0,0,8,0,8,0,288
13800.0,0,0,8,0,8,0,288
13801.0,0,0,8,0,8,0,288
13802.0,0,0,8,0,8,0,288
13803.0,0,0,8,0,8,0,288
13804.0,0,0,8,0,8,0,288
13805.0,0,0,8,0,8,0,288
13806.0,0,0,8,0,8,0,288
13807.0,0,0,8,0,8,0,288
13808.0,0,0,8,0,8,0,288
13809.0,0,0,8,0,8,0,288
13810.0,0,0,8,0,8,0,288
13811.0,0,0,8,0,8,0,288
13812.0,0,0,8,0,8,0,288
13813.0,0,0,8,0,8,0,288
13814.0,0,0,8,0,8,0,288
13815.0,0,0,8,0,8,0,288
13816.0,0,0,8,0,8,0,288
13817.0,0,0,8,0,8,0,288
13818.0,0,0,8,0,8,0,288
13819.0,0,0,8,0,8,0,288
13820.0,0,0,8,0,8,0,288
13821.0,0,0,8,0,8,0,288
13822.0,0,0,8,0,8,0,288
13823.0,0,0,8,0,8,0,288
13824.0,0,0,8,0,8,0,288
13825.0,0,0,8,0,8,0,288
13826.0,0,0,8,0,8,0,288
13827.0,0,0,8,0,8,0,288
13828.0,0,0,8,0,8,0,288
13829.0,0,0,8,0,8,0,288
13830.0,0,0,8,0,8,0,288
13831.0,0,0,8,0,8,0,288
13832.0,0,0,8,0,8,0,288
13833.0,0,0,8,0,8,0,288
13834.0,0,0,8,0,8,0,288
13835.0,0,0,8,0,8,0,288
13836.0,0,0,8,0,8,0,288
13837.0,0,0,8,0,8,0,288
13838.0,0,0,8,0,8,0,288
13839.0,0,0,8,0,8,0,288
13840.0,0,0,8,0,8,0,288
13841.0,0,0,8,0,8,0,288
13842.0,0,0,8,0,8,0,288
13843.0,0,0,8,0,8,0,288
13844.0,0,0,8,0,8,0,288
13845.0,0,0,8,0,8,0,288
13846.0,0,0,8,0,8,0,288
13847.0,0,0,8,0,8,0,288
13848.0,0,0,8,0,8,0,288
13849.0,0,0,8,0,8,0,288
13850.0,0,0,8,0,8,0,288
13851.0,0,0,8,0,8,0,288
13852.0,0,0,8,0,8,0,288
13853.0,0,0,8,0,8,0,288
13854.0,0,0,8,0,8,0,288
13855.0,0,0,8,0,8,0,288
13856.0,0,0,8,0,8,0,288
13857.0,0,0,8,0,8,0,288
13858.0,0,0,8,0,8,0,288
13859.0,0,0,8,0,8,0,288
13860.0,0,0,8,0,8,0,288
13861.0,0,0,8,0,8,0,288
13862.0,0,0,8,0,8,0,288
13863.0,0,0,8,0,8,0,288
13864.0,0,0,8,0,8,0,288
13865.0,0,0,8,0,8,0,288
13866.0,0,0,8,0,8,0,288
13867.0,0,0,8,0,8,0,288
13868.0,0,0,8,0,8,0,288
13869.0,0,0,8,0,8,0,288
13870.0,0,0,8,0,8,0,288
13871.0,0,0,8,0,8,0,288
13872.0,0,0,8,0,8,0,288
13873.0,0,0,8,0,8,0,288
13874.0,0,0,8,0,8,0,288
13875.0,0,0,8,0,8,0,288
13876.0,0,0,8,0,8,0,288
13877.0,0,0,8,0,8,0,288
13878.0,0,0,8,0,8,0,288
13879.0,0,0,8,0,8,0,288
13880.0,0,0,8,0,8,0,288
13881.0,0,0,8,0,8,0,288
13882.0,0,0,8,0,8,0,288
13883.0,0,0,8,0,8,0,288
13884.0,0,0,8,0,8,0,288
13885.0,0,0,8,0,8,0,288
13886.0,0,0,8,0,8,0,288
13887.0,0,0,8,0,8,0,288
13888.0,0,0,8,0,8,0,288
13889.0,0,0,8,0,8,0,288
13890.0,0,0,8,0,8,0,288
13891.0,0,0,8,0,8,0,288
13892.0,0,0,8,0,8,0,288
13893.0,0,0,8,0,8,0,288
13894.0,0,0,8,0,8,0,288
13895.0,0,0,8,0,8,0,288
13896.0,0,0,8,0,8,0,288
13897.0,0,0,8,0,8,0,288
13898.0,0,0,8,0,8,0,288
13899.0,0,0,8,0,8,0,288
13900.0,0,0,8,0,8,0,288
13901.0,0,0,8,0,8,0,288
13902.0,0,0,8,0,8,0,288
13903.0,0,0,8,0,8,0,288
13904.0,0,0,8,0,8,0,288
13905.0,0,0,8,0,8,0,288
13906.0,0,0,8,0,8,0,288
13907.0,0,0,8,0,8,0,288
13908.0,0,0,8,0,8,0,288
13909.0,0,0,8,0,8,0,288
13910.0,0,0,8,0,8,0,288
13911.0,0,0,8,0,8,0,288
13912.0,0,0,8,0,8,0,288
13913.0,0,0,8,0,8,0,288
13914.0,0,0,8,0,8,0,288
13915.0,0,0,8,0,8,0,288
13916.0,0,0,8,0,8,0,288
13917.0,0,0,8,0,8,0,288
13918.0,0,0,8,0,8,0,288
13919.0,0,0,8,0,8,0,288
13920.0,0,0,8,0,8,0,288
13921.0,0,0,8,0,8,0,288
13922.0,0,0,8,0,8,0,288
13923.0,0,0,8,0,8,0,288
13924.0,0,0,8,0,8,0,288
13925.0,0,0,8,0,8,0,288
13926.0,0,0,8,0,8,0,288
13927.0,0,0,8,0,8,0,288
13928.0,0,0,8,0,8,0,288
13929.0,0,0,8,0,8,0,288
13930.0,0,0,8,0,8,0,288
13931.0,0,0,8,0,8,0,288
13932.0,0,0,8,0,8,0,288
13933.0,0,0,8,0,8,0,288
13934.0,0,0,8,0,8,0,288
13935.0,0,0,8,0,8,0,288
13936.0,0,0,8,0,8,0,288
13937.0,0,0,8,0,8,0,288
13938.0,0,0,8,0,8,0,288
13939.0,0,0,8,0,8,0,288
13940.0,0,0,8,0,8,0,288
13941.0,0,0,8,0,8,0,288
13942.0,0,0,8,0,8,0,288
13943.0,0,0,8,0,8,0,288
13944.0,0,0,8,0,8,0,288
13945.0,0,0,8,0,8,0,288
13946.0,0,0,8,0,8,0,288
13947.0,0,0,8,0,8,0,288
13948.0,0,0,8,0,8,0,288
13949.0,0,0,8,0,8,0,288
13950.0,0,0,8,0,8,0,288
13951.0,0,0,8,0,8,0,288
13952.0,0,0,8,0,8,0,288
13953.0,0,0,8,0,8,0,288
13954.0,0,0,8,0,8,0,288
13955.0,0,0,8,0,8,0,288
13956.0,0,0,8,0,8,0,288
13957.0,0,0,8,0,8,0,288
13958.0,0,0,8,0,8,0,288
13959.0,0,0,8,0,8,0,288
13960.0,0,0,8,0,8,0,288
13961.0,0,0,8,0,8,0,288
13962.0,0,0,8,0,8,0,288
13963.0,0,0,8,0,8,0,288
13964.0,0,0,8,0,8,0,288
13965.0,0,0,8,0,8,0,288
13966.0,0,0,8,0,8,0,288
13967.0,0,0,8,0,8,0,288
13968.0,0,0,8,0,8,0,288
13969.0,0,0,8,0,8,0,288
13970.0,0,0,8,0,8,0,288
13971.0,0,0,8,0,8,0,288
13972.0,0,0,8,0,8,0,288
13973.0,0,0,8,0,8,0,288
13974.0,0,0,8,0,8,0,288
13975.0,0,0,8,0,8,0,288
13976.0,0,0,8,0,8,0,288
13977.0,0,0,8,0,8,0,288
13978.0,0,0,8,0,8,0,288
13979.0,0,0,8,0,8,0,288
13980.0,0,0,8,0,8,0,288
13981.0,0,0,8,0,8,0,288
13982.0,0,0,8,0,8,0,288
13983.0,0,0,8,0,8,0,288
13984.0,0,0,8,0,8,0,288
13985.0,0,0,8,0,8,0,288
13986.0,0,0,8,0,8,0,288
13987.0,0,0,8,0,8,0,288
13988.0,0,0,8,0,8,0,288
13989.0,0,0,8,0,8,0,288
13990.0,0,0,8,0,8,0,288
13991.0,0,0,8,0,8,0,288
13992.0,0,0,8,0,8,0,288
13993.0,0,0,8,0,8,0,288
13994.0,0,0,8,0,8,0,288
13995.0,0,0,8,0,8,0,288
13996.0,0,0,8,0,8,0,288
13997.0,0,0,8,0,8,0,288
13998.0,0,0,8,0,8,0,288
13999.0,0,0,8,0,8,0,288
14000.0,0,0,8,0,8,0,288
14001.0,0,0,8,0,8,0,288
14002.0,0,0,8,0,8,0,288
14003.0,0,0,8,0,8,0,288
14004.0,0,0,8,0,8,0,288
14005.0,0,0,8,0,8,0,288
14006.0,0,0,8,0,8,0,288
14007.0,0,0,8,0,8,0,288
14008.0,0,0,8,0,8,0,288
14009.0,0,0,8,0,8,0,288
14010.0,0,0,8,0,8,0,288
14011.0,0,0,8,0,8,0,288
14012.0,0,0,8,0,8,0,288
14013.0,0,0,8,0,8,0,288
14014.0,0,0,8,0,8,0,288
14015.0,0,0,8,0,8,0,288
14016.0,0,0,8,0,8,0,288
14017.0,0,0,8,0,8,0,288
14018.0,0,0,8,0,8,0,288
14019.0,0,0,8,0,8,0,288
14020.0,0,0,8,0,8,0,288
14021.0,0,0,8,0,8,0,288
14022.0,0,0,8,0,8,0,288
14023.0,0,0,8,0,8,0,288
14024.0,0,0,8,0,8,0,288
14025.0,0,0,8,0,8,0,288
14026.0,0,0,8,0,8,0,288
14027.0,0,0,8,0,8,0,288
14028.0,0,0,8,0,8,0,288
14029.0,0,0,8,0,8,0,288
14030.0,0,0,8,0,8,0,288
14031.0,0,0,8,0,8,0,288
14032.0,0,0,8,0,8,0,288
14033.0,0,0,8,0,8,0,288
14034.0,0,0,8,0,8,0,288
14035.0,0,0,8,0,8,0,288
14036.0,0,0,8,0,8,0,288
14037.0,0,0,8,0,8,0,288
14038.0,0,0,8,0,8,0,288
14039.0,0,0,8,0,8,0,288
14040.0,0,0,8,0,8,0,288
14041.0,0,0,8,0,8,0,288
14042.0,0,0,8,0,8,0,288
14043.0,0,0,8,0,8,0,288
14044.0,0,0,8,0,8,0,288
14045.0,0,0,8,0,8,0,288
14046.0,0,0,8,0,8,0,288
14047.0,0,0,8,0,8,0,288
14048.0,0,0,8,0,8,0,288
14049.0,0,0,8,0,8,0,288
14050.0,0,0,8,0,8,0,288
14051.0,0,0,8,0,8,0,288
14052.0,0,0,8,0,8,0,288
14053.0,0,0,8,0,8,0,288
14054.0,0,0,8,0,8,0,288
14055.0,0,0,8,0,8,0,288
14056.0,0,0,8,0,8,0,288
14057.0,0,0,8,0,8,0,288
14058.0,0,0,8,0,8,0,288
14059.0,0,0,8,0,8,0,288
14060.0,0,0,8,0,8,0,288
14061.0,0,0,8,0,8,0,288
14062.0,0,0,8,0,8,0,288
14063.0,0,0,8,0,8,0,288
14064.0,0,0,8,0,8,0,288
14065.0,0,0,8,0,8,0,288
14066.0,0,0,8,0,8,0,288
14067.0,0,0,8,0,8,0,288
14068.0,0,0,8,0,8,0,288
14069.0,0,0,8,0,8,0,288
14070.0,0,0,8,0,8,0,288
14071.0,0,0,8,0,8,0,288
14072.0,0,0,8,0,8,0,288
14073.0,0,0,8,0,8,0,288
14074.0,0,0,8,0,8,0,288
14075.0,0,0,8,0,8,0,288
14076.0,0,0,8,0,8,0,288
14077.0,0,0,8,0,8,0,288
14078.0,0,0,8,0,8,0,288
14079.0,0,0,8,0,8,0,288
14080.0,0,0,8,0,8,0,288
14081.0,0,0,8,0,8,0,288
14082.0,0,0,8,0,8,0,288
14083.0,0,0,8,0,8,0,288
14084.0,0,0,8,0,8,0,288
14085.0,0,0,8,0,8,0,288
14086.0,0,0,8,0,8,0,288
14087.0,0,0,8,0,8,0,288
14088.0,0,0,8,0,8,0,288
14089.0,0,0,8,0,8,0,288
14090.0,0,0,8,0,8,0,288
14091.0,0,0,8,0,8,0,288
14092.0,0,0,8,0,8,0,288
14093.0,0,0,8,0,8,0,288
14094.0,0,0,8,0,8,0,288
14095.0,0,0,8,0,8,0,288
14096.0,0,0,8,0,8,0,288
14097.0,0,0,8,0,8,0,288
14098.0,0,0,8,0,8,0,288
14099.0,0,0,8,0,8,0,288
14100.0,0,0,8,0,8,0,288
14101.0,0,0,8,0,8,0,288
14102.0,0,0,8,0,8,0,288
14103.0,0,0,8,0,8,0,288
14104.0,0,0,8,0,8,0,288
14105.0,0,0,8,0,8,0,288
14106.0,0,0,8,0,8,0,288
14107.0,0,0,8,0,8,0,288
14108.0,0,0,8,0,8,0,288
14109.0,0,0,8,0,8,0,288
14110.0,0,0,8,0,8,0,288
14111.0,0,0,8,0,8,0,288
14112.0,0,0,8,0,8,0,288
14113.0,0,0,8,0,8,0,288
14114.0,0,0,8,0,8,0,288
14115.0,0,0,8,0,8,0,288
14116.0,0,0,8,0,8,0,288
14117.0,0,0,8,0,8,0,288
14118.0,0,0,8,0,8,0,288
14119.0,0,0,8,0,8,0,288
14120.0,0,0,8,0,8,0,288
14121.0,0,0,8,0,8,0,288
14122.0,0,0,8,0,8,0,288
14123.0,0,0,8,0,8,0,288
14124.0,0,0,8,0,8,0,288
14125.0,0,0,8,0,8,0,288
14126.0,0,0,8,0,8,0,288
14127.0,0,0,8,0,8,0,288
14128.0,0,0,8,0,8,0,288
14129.0,0,0,8,0,8,0,288
14130.0,0,0,8,0,8,0,288
14131.0,0,0,8,0,8,0,288
14132.0,0,0,8,0,8,0,288
14133.0,0,0,8,0,8,0,288
14134.0,0,0,8,0,8,0,288
14135.0,0,0,8,0,8,0,288
14136.0,0,0,8,0,8,0,288
14137.0,0,0,8,0,8,0,288
14138.0,0,0,8,0,8,0,288
14139.0,0,0,8,0,8,0,288
14140.0,0,0,8,0,8,0,288
14141.0,0,0,8,0,8,0,288
14142.0,0,0,8,0,8,0,288
14143.0,0,0,8,0,8,0,288
14144.0,0,0,8,0,8,0,288
14145.0,0,0,8,0,8,0,288
14146.0,0,0,8,0,8,0,288
14147.0,0,0,8,0,8,0,288
14148.0,0,0,8,0,8,0,288
14149.0,0,0,8,0,8,0,288
14150.0,0,0,8,0,8,0,288
14151.0,0,0,8,0,8,0,288
14152.0,0,0,8,0,8,0,288
14153.0,0,0,8,0,8,0,288
14154.0,0,0,8,0,8,0,288
14155.0,0,0,8,0,8,0,288
14156.0,0,0,8,0,8,0,288
14157.0,0,0,8,0,8,0,288
14158.0,0,0,8,0,8,0,288
14159.0,0,0,8,0,8,0,288
14160.0,0,0,8,0,8,0,288
14161.0,0,0,8,0,8,0,288
14162.0,0,0,8,0,8,0,288
14163.0,0,0,8,0,8,0,288
14164.0,0,0,8,0,8,0,288
14165.0,0,0,8,0,8,0,288
14166.0,0,0,8,0,8,0,288
14167.0,0,0,8,0,8,0,288
14168.0,0,0,8,0,8,0,288
14169.0,0,0,8,0,8,0,288
14170.0,0,0,8,0,8,0,288
14171.0,0,0,8,0,8,0,288
14172.0,0,0,8,0,8,0,288
14173.0,0,0,8,0,8,0,288
14174.0,0,0,8,0,8,0,288
14175.0,0,0,8,0,8,0,288
14176.0,0,0,8,0,8,0,288
14177.0,0,0,8,0,8,0,288
14178.0,0,0,8,0,8,0,288
14179.0,0,0,8,0,8,0,288
14180.0,0,0,8,0,8,0,288
14181.0,0,0,8,0,8,0,288
14182.0,0,0,8,0,8,0,288
14183.0,0,0,8,0,8,0,288
14184.0,0,0,8,0,8,0,288
14185.0,0,0,8,0,8,0,288
14186.0,0,0,8,0,8,0,288
14187.0,0,0,8,0,8,0,288
14188.0,0,0,8,0,8,0,288
14189.0,0,0,8,0,8,0,288
14190.0,0,0,8,0,8,0,288
14191.0,0,0,8,0,8,0,288
14192.0,0,0,8,0,8,0,288
14193.0,0,0,8,0,8,0,288
14194.0,0,0,8,0,8,0,288
14195.0,0,0,8,0,8,0,288
14196.0,0,0,8,0,8,0,288
14197.0,0,0,8,0,8,0,288
14198.0,0,0,8,0,8,0,288
14199.0,0,0,8,0,8,0,288
14200.0,0,0,8,0,8,0,288
14201.0,0,0,8,0,8,0,288
14202.0,0,0,8,0,8,0,288
14203.0,0,0,8,0,8,0,288
14204.0,0,0,8,0,8,0,288
14205.0,0,0,8,0,8,0,288
14206.0,0,0,8,0,8,0,288
14207.0,0,0,8,0,8,0,288
14208.0,0,0,8,0,8,0,288
14209.0,0,0,8,0,8,0,288
14210.0,0,0,8,0,8,0,288
14211.0,0,0,8,0,8,0,288
14212.0,0,0,8,0,8,0,288
14213.0,0,0,8,0,8,0,288
14214.0,0,0,8,0,8,0,288
14215.0,0,0,8,0,8,0,288
14216.0,0,0,8,0,8,0,288
14217.0,0,0,8,0,8,0,288
14218.0,0,0,8,0,8,0,288
14219.0,0,0,8,0,8,0,288
14220.0,0,0,8,0,8,0,288
14221.0,0,0,8,0,8,0,288
14222.0,0,0,8,0,8,0,288
14223.0,0,0,8,0,8,0,288
14224.0,0,0,8,0,8,0,288
14225.0,0,0,8,0,8,0,288
14226.0,0,0,8,0,8,0,288
14227.0,0,0,8,0,8,0,288
14228.0,0,0,8,0,8,0,288
14229.0,0,0,8,0,8,0,288
14230.0,0,0,8,0,8,0,288
14231.0,0,0,8,0,8,0,288
14232.0,0,0,8,0,8,0,288
14233.0,0,0,8,0,8,0,288
14234.0,0,0,8,0,8,0,288
14235.0,0,0,8,0,8,0,288
14236.0,0,0,8,0,8,0,288
14237.0,0,0,8,0,8,0,288
14238.0,0,0,8,0,8,0,288
14239.0,0,0,8,0,8,0,288
14240.0,0,0,8,0,8,0,288
14241.0,0,0,8,0,8,0,288
14242.0,0,0,8,0,8,0,288
14243.0,0,0,8,0,8,0,288
14244.0,0,0,8,0,8,0,288
14245.0,0,0,8,0,8,0,288
14246.0,0,0,8,0,8,0,288
14247.0,0,0,8,0,8,0,288
14248.0,0,0,8,0,8,0,288
14249.0,0,0,8,0,8,0,288
14250.0,0,0,8,0,8,0,288
14251.0,0,0,8,0,8,0,288
14252.0,0,0,8,0,8,0,288
14253.0,0,0,8,0,8,0,288
14254.0,0,0,8,0,8,0,288
14255.0,0,0,8,0,8,0,288
14256.0,0,0,8,0,8,0,288
14257.0,0,0,8,0,8,0,288
14258.0,0,0,8,0,8,0,288
14259.0,0,0,8,0,8,0,288
14260.0,0,0,8,0,8,0,288
14261.0,0,0,8,0,8,0,288
14262.0,0,0,8,0,8,0,288
14263.0,0,0,8,0,8,0,288
14264.0,0,0,8,0,8,0,288
14265.0,0,0,8,0,8,0,288
14266.0,0,0,8,0,8,0,288
14267.0,0,0,8,0,8,0,288
14268.0,0,0,8,0,8,0,288
14269.0,0,0,8,0,8,0,288
14270.0,0,0,8,0,8,0,288
14271.0,0,0,8,0,8,0,288
14272.0,0,0,8,0,8,0,288
14273.0,0,0,8,0,8,0,288
14274.0,0,0,8,0,8,0,288
14275.0,0,0,8,0,8,0,288
14276.0,0,0,8,0,8,0,288
14277.0,0,0,8,0,8,0,288
14278.0,0,0,8,0,8,0,288
14279.0,0,0,8,0,8,0,288
14280.0,0,0,8,0,8,0,288
14281.0,0,0,8,0,8,0,288
14282.0,0,0,8,0,8,0,288
14283.0,0,0,8,0,8,0,288
14284.0,0,0,8,0,8,0,288
14285.0,0,0,8,0,8,0,288
14286.0,0,0,8,0,8,0,288
14287.0,0,0,8,0,8,0,288
14288.0,0,0,8,0,8,0,288
14289.0,0,0,8,0,8,0,288
14290.0,0,0,8,0,8,0,288
14291.0,0,0,8,0,8,0,288
14292.0,0,0,8,0,8,0,288
14293.0,0,0,8,0,8,0,288
14294.0,0,0,8,0,8,0,288
14295.0,0,0,8,0,8,0,288
14296.0,0,0,8,0,8,0,288
14297.0,0,0,8,0,8,0,288
14298.0,0,0,8,0,8,0,288
14299.0,0,0,8,0,8,0,288
14300.0,0,0,8,0,8,0,288
14301.0,0,0,8,0,8,0,288
14302.0,0,0,8,0,8,0,288
14303.0,0,0,8,0,8,0,288
14304.0,0,0,8,0,8,0,288
14305.0,0,0,8,0,8,0,288
14306.0,0,0,8,0,8,0,288
14307.0,0,0,8,0,8,0,288
14308.0,0,0,8,0,8,0,288
14309.0,0,0,8,0,8,0,288
14310.0,0,0,8,0,8,0,288
14311.0,0,0,8,0,8,0,288
14312.0,0,0,8,0,8,0,288
14313.0,0,0,8,0,8,0,288
14314.0,0,0,8,0,8,0,288
14315.0,0,0,8,0,8,0,288
14316.0,0,0,8,0,8,0,288
14317.0,0,0,8,0,8,0,288
14318.0,0,0,8,0,8,0,288
14319.0,0,0,8,0,8,0,288
14320.0,0,0,8,0,8,0,288
14321.0,0,0,8,0,8,0,288
14322.0,0,0,8,0,8,0,288
14323.0,0,0,8,0,8,0,288
14324.0,0,0,8,0,8,0,288
14325.0,0,0,8,0,8,0,288
14326.0,0,0,8,0,8,0,288
14327.0,0,0,8,0,8,0,288
14328.0,0,0,8,0,8,0,288
14329.0,0,0,8,0,8,0,288
14330.0,0,0,8,0,8,0,288
14331.0,0,0,8,0,8,0,288
14332.0,0,0,8,0,8,0,288
14333.0,0,0,8,0,8,0,288
14334.0,0,0,8,0,8,0,288
14335.0,0,0,8,0,8,0,288
14336.0,0,0,8,0,8,0,288
14337.0,0,0,8,0,8,0,288
14338.0,0,0,8,0,8,0,288
14339.0,0,0,8,0,8,0,288
14340.0,0,0,8,0,8,0,288
14341.0,0,0,8,0,8,0,288
14342.0,0,0,8,0,8,0,288
14343.0,0,0,8,0,8,0,288
14344.0,0,0,8,0,8,0,288
14345.0,0,0,8,0,8,0,288
14346.0,0,0,8,0,8,0,288
14347.0,0,0,8,0,8,0,288
14348.0,0,0,8,0,8,0,288
14349.0,0,0,8,0,8,0,288
14350.0,0,0,8,0,8,0,288
14351.0,0,0,8,0,8,0,288
14352.0,0,0,8,0,8,0,288
14353.0,0,0,8,0,8,0,288
14354.0,0,0,8,0,8,0,288
14355.0,0,0,8,0,8,0,288
14356.0,0,0,8,0,8,0,288
14357.0,0,0,8,0,8,0,288
14358.0,0,0,8,0,8,0,288
14359.0,0,0,8,0,8,0,288
14360.0,0,0,8,0,8,0,288
14361.0,0,0,8,0,8,0,288
14362.0,0,0,8,0,8,0,288
14363.0,0,0,8,0,8,0,288
14364.0,0,0,8,0,8,0,288
14365.0,0,0,8,0,8,0,288
14366.0,0,0,8,0,8,0,288
14367.0,0,0,8,0,8,0,288
14368.0,0,0,8,0,8,0,288
14369.0,0,0,8,0,8,0,288
14370.0,0,0,8,0,8,0,288
14371.0,0,0,8,0,8,0,288
14372.0,0,0,8,0,8,0,288
14373.0,0,0,8,0,8,0,288
14374.0,0,0,8,0,8,0,288
14375.0,0,0,8,0,8,0,288
14376.0,0,0,8,0,8,0,288
14377.0,0,0,8,0,8,0,288
14378.0,0,0,8,0,8,0,288
14379.0,0,0,8,0,8,0,288
14380.0,0,0,8,0,8,0,288
14381.0,0,0,8,0,8,0,288
14382.0,0,0,8,0,8,0,288
14383.0,0,0,8,0,8,0,288
14384.0,0,0,8,0,8,0,288
14385.0,0,0,8,0,8,0,288
14386.0,0,0,8,0,8,0,288
14387.0,0,0,8,0,8,0,288
14388.0,0,0,8,0,8,0,288
14389.0,0,0,8,0,8,0,288
14390.0,0,0,8,0,8,0,288
14391.0,0,0,8,0,8,0,288
14392.0,0,0,8,0,8,0,288
14393.0,0,0,8,0,8,0,288
14394.0,0,0,8,0,8,0,288
14395.0,0,0,8,0,8,0,288
14396.0,0,0,8,0,8,0,288
14397.0,0,0,8,0,8,0,288
14398.0,0,0,8,0,8,0,288
14399.0,0,0,8,0,8,0,288
14400.0,0,0,8,0,8,0,288
14401.0,0,0,8,0,8,0,288
14402.0,0,0,8,0,8,0,288
14403.0,0,0,8,0,8,0,288
14404.0,0,0,8,0,8,0,288
14405.0,0,0,8,0,8,0,288
14406.0,0,0,8,0,8,0,288
14407.0,0,0,8,0,8,0,288
14408.0,0,0,8,0,8,0,288
14409.0,0,0,8,0,8,0,288
14410.0,0,0,8,0,8,0,288
14411.0,0,0,8,0,8,0,288
14412.0,0,0,8,0,8,0,288
14413.0,0,0,8,0,8,0,288
14414.0,0,0,8,0,8,0,288
14415.0,0,0,8,0,8,0,288
14416.0,0,0,8,0,8,0,288
14417.0,0,0,8,0,8,0,288
14418.0,0,0,8,0,8,0,288
14419.0,0,0,8,0,8,0,288
14420.0,0,0,8,0,8,0,288
14421.0,0,0,8,0,8,0,288
14422.0,0,0,8,0,8,0,288
14423.0,0,0,8,0,8,0,288
14424.0,0,0,8,0,8,0,288
14425.0,0,0,8,0,8,0,288
14426.0,0,0,8,0,8,0,288
14427.0,0,0,8,0,8,0,288
14428.0,0,0,8,0,8,0,288
14429.0,0,0,8,0,8,0,288
14430.0,0,0,8,0,8,0,288
14431.0,0,0,8,0,8,0,288
14432.0,0,0,8,0,8,0,288
14433.0,0,0,8,0,8,0,288
14434.0,0,0,8,0,8,0,288
14435.0,0,0,8,0,8,0,288
14436.0,0,0,8,0,8,0,288
14437.0,0,0,8,0,8,0,288
14438.0,0,0,8,0,8,0,288
14439.0,0,0,8,0,8,0,288
14440.0,0,0,8,0,8,0,288
14441.0,0,0,8,0,8,0,288
14442.0,0,0,8,0,8,0,288
14443.0,0,0,8,0,8,0,288
14444.0,0,0,8,0,8,0,288
14445.0,0,0,8,0,8,0,288
14446.0,0,0,8,0,8,0,288
14447.0,0,0,8,0,8,0,288
14448.0,0,0,8,0,8,0,288
14449.0,0,0,8,0,8,0,288
14450.0,0,0,8,0,8,0,288
14451.0,0,0,8,0,8,0,288
14452.0,0,0,8,0,8,0,288
14453.0,0,0,8,0,8,0,288
14454.0,0,0,8,0,8,0,288
14455.0,0,0,8,0,8,0,288
14456.0,0,0,8,0,8,0,288
14457.0,0,0,8,0,8,0,288
14458.0,0,0,8,0,8,0,288
14459.0,0,0,8,0,8,0,288
14460.0,0,0,8,0,8,0,288
14461.0,0,0,8,0,8,0,288
14462.0,0,0,8,0,8,0,288
14463.0,0,0,8,0,8,0,288
14464.0,0,0,8,0,8,0,288
14465.0,0,0,8,0,8,0,288
14466.0,0,0,8,0,8,0,288
14467.0,0,0,8,0,8,0,288
14468.0,0,0,8,0,8,0,288
14469.0,0,0,8,0,8,0,288
14470.0,0,0,8,0,8,0,288
14471.0,0,0,8,0,8,0,288
14472.0,0,0,8,0,8,0,288
14473.0,0,0,8,0,8,0,288
14474.0,0,0,8,0,8,0,288
14475.0,0,0,8,0,8,0,288
14476.0,0,0,8,0,8,0,288
14477.0,0,0,8,0,8,0,288
14478.0,0,0,8,0,8,0,288
14479.0,0,0,8,0,8,0,288
14480.0,0,0,8,0,8,0,288
14481.0,0,0,8,0,8,0,288
14482.0,0,0,8,0,8,0,288
14483.0,0,0,8,0,8,0,288
14484.0,0,0,8,0,8,0,288
14485.0,0,0,8,0,8,0,288
14486.0,0,0,8,0,8,0,288
14487.0,0,0,8,0,8,0,288
14488.0,0,0,8,0,8,0,288
14489.0,0,0,8,0,8,0,288
14490.0,0,0,8,0,8,0,288
14491.0,0,0,8,0,8,0,288
14492.0,0,0,8,0,8,0,288
14493.0,0,0,8,0,8,0,288
14494.0,0,0,8,0,8,0,288
14495.0,0,0,8,0,8,0,288
14496.0,0,0,8,0,8,0,288
14497.0,0,0,8,0,8,0,288
14498.0,0,0,8,0,8,0,288
14499.0,0,0,8,0,8,0,288
14500.0,0,0,8,0,8,0,288
14501.0,0,0,8,0,8,0,288
14502.0,0,0,8,0,8,0,288
14503.0,0,0,8,0,8,0,288
14504.0,0,0,8,0,8,0,288
14505.0,0,0,8,0,8,0,288
14506.0,0,0,8,0,8,0,288
14507.0,0,0,8,0,8,0,288
14508.0,0,0,8,0,8,0,288
14509.0,0,0,8,0,8,0,288
14510.0,0,0,8,0,8,0,288
14511.0,0,0,8,0,8,0,288
14512.0,0,0,8,0,8,0,288
14513.0,0,0,8,0,8,0,288
14514.0,0,0,8,0,8,0,288
14515.0,0,0,8,0,8,0,288
14516.0,0,0,8,0,8,0,288
14517.0,0,0,8,0,8,0,288
14518.0,0,0,8,0,8,0,288
14519.0,0,0,8,0,8,0,288
14520.0,0,0,8,0,8,0,288
14521.0,0,0,8,0,8,0,288
14522.0,0,0,8,0,8,0,288
14523.0,0,0,8,0,8,0,288
14524.0,0,0,8,0,8,0,288
14525.0,0,0,8,0,8,0,288
14526.0,0,0,8,0,8,0,288
14527.0,0,0,8,0,8,0,288
14528.0,0,0,8,0,8,0,288
14529.0,0,0,8,0,8,0,288
14530.0,0,0,8,0,8,0,288
14531.0,0,0,8,0,8,0,288
14532.0,0,0,8,0,8,0,288
14533.0,0,0,8,0,8,0,288
14534.0,0,0,8,0,8,0,288
14535.0,0,0,8,0,8,0,288
14536.0,0,0,8,0,8,0,288
14537.0,0,0,8,0,8,0,288
14538.0,0,0,8,0,8,0,288
14539.0,0,0,8,0,8,0,288
14540.0,0,0,8,0,8,0,288
14541.0,0,0,8,0,8,0,288
14542.0,0,0,8,0,8,0,288
14543.0,0,0,8,0,8,0,288
14544.0,0,0,8,0,8,0,288
14545.0,0,0,8,0,8,0,288
14546.0,0,0,8,0,8,0,288
14547.0,0,0,8,0,8,0,288
14548.0,0,0,8,0,8,0,288
14549.0,0,0,8,0,8,0,288
14550.0,0,0,8,0,8,0,288
14551.0,0,0,8,0,8,0,288
14552.0,0,0,8,0,8,0,288
14553.0,0,0,8,0,8,0,288
14554.0,0,0,8,0,8,0,288
14555.0,0,0,8,0,8,0,288
14556.0,0,0,8,0,8,0,288
14557.0,0,0,8,0,8,0,288
14558.0,0,0,8,0,8,0,288
14559.0,0,0,8,0,8,0,288
14560.0,0,0,8,0,8,0,288
14561.0,0,0,8,0,8,0,288
14562.0,0,0,8,0,8,0,288
14563.0,0,0,8,0,8,0,288
14564.0,0,0,8,0,8,0,288
14565.0,0,0,8,0,8,0,288
14566.0,0,0,8,0,8,0,288
14567.0,0,0,8,0,8,0,288
14568.0,0,0,8,0,8,0,288
14569.0,0,0,8,0,8,0,288
14570.0,0,0,8,0,8,0,288
14571.0,0,0,8,0,8,0,288
14572.0,0,0,8,0,8,0,288
14573.0,0,0,8,0,8,0,288
14574.0,0,0,8,0,8,0,288
14575.0,0,0,8,0,8,0,288
14576.0,0,0,8,0,8,0,288
14577.0,0,0,8,0,8,0,288
14578.0,0,0,8,0,8,0,288
14579.0,0,0,8,0,8,0,288
14580.0,0,0,8,0,8,0,288
14581.0,0,0,8,0,8,0,288
14582.0,0,0,8,0,8,0,288
14583.0,0,0,8,0,8,0,288
14584.0,0,0,8,0,8,0,288
14585.0,0,0,8,0,8,0,288
14586.0,0,0,8,0,8,0,288
14587.0,0,0,8,0,8,0,288
14588.0,0,0,8,0,8,0,288
14589.0,0,0,8,0,8,0,288
14590.0,0,0,8,0,8,0,288
14591.0,0,0,8,0,8,0,288
14592.0,0,0,8,0,8,0,288
14593.0,0,0,8,0,8,0,288
14594.0,0,0,8,0,8,0,288
14595.0,0,0,8,0,8,0,288
14596.0,0,0,8,0,8,0,288
14597.0,0,0,8,0,8,0,288
14598.0,0,0,8,0,8,0,288
14599.0,0,0,8,0,8,0,288
14600.0,0,0,8,0,8,0,288
14601.0,0,0,8,0,8,0,288
14602.0,0,0,8,0,8,0,288
14603.0,0,0,8,0,8,0,288
14604.0,0,0,8,0,8,0,288
14605.0,0,0,8,0,8,0,288
14606.0,0,0,8,0,8,0,288
14607.0,0,0,8,0,8,0,288
14608.0,0,0,8,0,8,0,288
14609.0,0,0,8,0,8,0,288
14610.0,0,0,8,0,8,0,288
14611.0,0,0,8,0,8,0,288
14612.0,0,0,8,0,8,0,288
14613.0,0,0,8,0,8,0,288
14614.0,0,0,8,0,8,0,288
14615.0,0,0,8,0,8,0,288
14616.0,0,0,8,0,8,0,288
14617.0,0,0,8,0,8,0,288
14618.0,0,0,8,0,8,0,288
14619.0,0,0,8,0,8,0,288
14620.0,0,0,8,0,8,0,288
14621.0,0,0,8,0,8,0,288
14622.0,0,0,8,0,8,0,288
14623.0,0,0,8,0,8,0,288
14624.0,0,0,8,0,8,0,288
14625.0,0,0,8,0,8,0,288
14626.0,0,0,8,0,8,0,288
14627.0,0,0,8,0,8,0,288
14628.0,0,0,8,0,8,0,288
14629.0,0,0,8,0,8,0,288
14630.0,0,0,8,0,8,0,288
14631.0,0,0,8,0,8,0,288
14632.0,0,0,8,0,8,0,288
14633.0,0,0,8,0,8,0,288
14634.0,0,0,8,0,8,0,288
14635.0,0,0,8,0,8,0,288
14636.0,0,0,8,0,8,0,288
14637.0,0,0,8,0,8,0,288
14638.0,0,0,8,0,8,0,288
14639.0,0,0,8,0,8,0,288
14640.0,0,0,8,0,8,0,288
14641.0,0,0,8,0,8,0,288
14642.0,0,0,8,0,8,0,288
14643.0,0,0,8,0,8,0,288
14644.0,0,0,8,0,8,0,288
14645.0,0,0,8,0,8,0,288
14646.0,0,0,8,0,8,0,288
14647.0,0,0,8,0,8,0,288
14648.0,0,0,8,0,8,0,288
14649.0,0,0,8,0,8,0,288
14650.0,0,0,8,0,8,0,288
14651.0,0,0,8,0,8,0,288
14652.0,0,0,8,0,8,0,288
14653.0,0,0,8,0,8,0,288
14654.0,0,0,8,0,8,0,288
14655.0,0,0,8,0,8,0,288
14656.0,0,0,8,0,8,0,288
14657.0,0,0,8,0,8,0,288
14658.0,0,0,8,0,8,0,288
14659.0,0,0,8,0,8,0,288
14660.0,0,0,8,0,8,0,288
14661.0,0,0,8,0,8,0,288
14662.0,0,0,8,0,8,0,288
14663.0,0,0,8,0,8,0,288
14664.0,0,0,8,0,8,0,288
14665.0,0,0,8,0,8,0,288
14666.0,0,0,8,0,8,0,288
14667.0,0,0,8,0,8,0,288
14668.0,0,0,8,0,8,0,288
14669.0,0,0,8,0,8,0,288
14670.0,0,0,8,0,8,0,288
14671.0,0,0,8,0,8,0,288
14672.0,0,0,8,0,8,0,288
14673.0,0,0,8,0,8,0,288
14674.0,0,0,8,0,8,0,288
14675.0,0,0,8,0,8,0,288
14676.0,0,0,8,0,8,0,288
14677.0,0,0,8,0,8,0,288
14678.0,0,0,8,0,8,0,288
14679.0,0,0,8,0,8,0,288
14680.0,0,0,8,0,8,0,288
14681.0,0,0,8,0,8,0,288
14682.0,0,0,8,0,8,0,288
14683.0,0,0,8,0,8,0,288
14684.0,0,0,8,0,8,0,288
14685.0,0,0,8,0,8,0,288
14686.0,0,0,8,0,8,0,288
14687.0,0,0,8,0,8,0,288
14688.0,0,0,8,0,8,0,288
14689.0,0,0,8,0,8,0,288
14690.0,0,0,8,0,8,0,288
14691.0,0,0,8,0,8,0,288
14692.0,0,0,8,0,8,0,288
14693.0,0,0,8,0,8,0,288
14694.0,0,0,8,0,8,0,288
14695.0,0,0,8,0,8,0,288
14696.0,0,0,8,0,8,0,288
14697.0,0,0,8,0,8,0,288
14698.0,0,0,8,0,8,0,288
14699.0,0,0,8,0,8,0,288
14700.0,0,0,8,0,8,0,288
14701.0,0,0,8,0,8,0,288
14702.0,0,0,8,0,8,0,288
14703.0,0,0,8,0,8,0,288
14704.0,0,0,8,0,8,0,288
14705.0,0,0,8,0,8,0,288
14706.0,0,0,8,0,8,0,288
14707.0,0,0,8,0,8,0,288
14708.0,0,0,8,0,8,0,288
14709.0,0,0,8,0,8,0,288
14710.0,0,0,8,0,8,0,288
14711.0,0,0,8,0,8,0,288
14712.0,0,0,8,0,8,0,288
14713.0,0,0,8,0,8,0,288
14714.0,0,0,8,0,8,0,288
14715.0,0,0,8,0,8,0,288
14716.0,0,0,8,0,8,0,288
14717.0,0,0,8,0,8,0,288
14718.0,0,0,8,0,8,0,288
14719.0,0,0,8,0,8,0,288
14720.0,0,0,8,0,8,0,288
14721.0,0,0,8,0,8,0,288
14722.0,0,0,8,0,8,0,288
14723.0,0,0,8,0,8,0,288
14724.0,0,0,8,0,8,0,288
14725.0,0,0,8,0,8,0,288
14726.0,0,0,8,0,8,0,288
14727.0,0,0,8,0,8,0,288
14728.0,0,0,8,0,8,0,288
14729.0,0,0,8,0,8,0,288
14730.0,0,0,8,0,8,0,288
14731.0,0,0,8,0,8,0,288
14732.0,0,0,8,0,8,0,288
14733.0,0,0,8,0,8,0,288
14734.0,0,0,8,0,8,0,288
14735.0,0,0,8,0,8,0,288
14736.0,0,0,8,0,8,0,288
14737.0,0,0,8,0,8,0,288
14738.0,0,0,8,0,8,0,288
14739.0,0,0,8,0,8,0,288
14740.0,0,0,8,0,8,0,288
14741.0,0,0,8,0,8,0,288
14742.0,0,0,8,0,8,0,288
14743.0,0,0,8,0,8,0,288
14744.0,0,0,8,0,8,0,288
14745.0,0,0,8,0,8,0,288
14746.0,0,0,8,0,8,0,288
14747.0,0,0,8,0,8,0,288
14748.0,0,0,8,0,8,0,288
14749.0,0,0,8,0,8,0,288
14750.0,0,0,8,0,8,0,288
14751.0,0,0,8,0,8,0,288
14752.0,0,0,8,0,8,0,288
14753.0,0,0,8,0,8,0,288
14754.0,0,0,8,0,8,0,288
14755.0,0,0,8,0,8,0,288
14756.0,0,0,8,0,8,0,288
14757.0,0,0,8,0,8,0,288
14758.0,0,0,8,0,8,0,288
14759.0,0,0,8,0,8,0,288
14760.0,0,0,8,0,8,0,288
14761.0,0,0,8,0,8,0,288
14762.0,0,0,8,0,8,0,288
14763.0,0,0,8,0,8,0,288
14764.0,0,0,8,0,8,0,288
14765.0,0,0,8,0,8,0,288
14766.0,0,0,8,0,8,0,288
14767.0,0,0,8,0,8,0,288
14768.0,0,0,8,0,8,0,288
14769.0,0,0,8,0,8,0,288
14770.0,0,0,8,0,8,0,288
14771.0,0,0,8,0,8,0,288
14772.0,0,0,8,0,8,0,288
14773.0,0,0,8,0,8,0,288
14774.0,0,0,8,0,8,0,288
14775.0,0,0,8,0,8,0,288
14776.0,0,0,8,0,8,0,288
14777.0,0,0,8,0,8,0,288
14778.0,0,0,8,0,8,0,288
14779.0,0,0,8,0,8,0,288
14780.0,0,0,8,0,8,0,288
14781.0,0,0,8,0,8,0,288
14782.0,0,0,8,0,8,0,288
14783.0,0,0,8,0,8,0,288
14784.0,0,0,8,0,8,0,288
14785.0,0,0,8,0,8,0,288
14786.0,0,0,8,0,8,0,288
14787.0,0,0,8,0,8,0,288
14788.0,0,0,8,0,8,0,288
14789.0,0,0,8,0,8,0,288
14790.0,0,0,8,0,8,0,288
14791.0,0,0,8,0,8,0,288
14792.0,0,0,8,0,8,0,288
14793.0,0,0,8,0,8,0,288
14794.0,0,0,8,0,8,0,288
14795.0,0,0,8,0,8,0,288
14796.0,0,0,8,0,8,0,288
14797.0,0,0,8,0,8,0,288
14798.0,0,0,8,0,8,0,288
14799.0,0,0,8,0,8,0,288
14800.0,0,0,8,0,8,0,288
14801.0,0,0,8,0,8,0,288
14802.0,0,0,8,0,8,0,288
14803.0,0,0,8,0,8,0,288
14804.0,0,0,8,0,8,0,288
14805.0,0,0,8,0,8,0,288
14806.0,0,0,8,0,8,0,288
14807.0,0,0,8,0,8,0,288
14808.0,0,0,8,0,8,0,288
14809.0,0,0,8,0,8,0,288
14810.0,0,0,8,0,8,0,288
14811.0,0,0,8,0,8,0,288
14812.0,0,0,8,0,8,0,288
14813.0,0,0,8,0,8,0,288
14814.0,0,0,8,0,8,0,288
14815.0,0,0,8,0,8,0,288
14816.0,0,0,8,0,8,0,288
14817.0,0,0,8,0,8,0,288
14818.0,0,0,8,0,8,0,288
14819.0,0,0,8,0,8,0,288
14820.0,0,0,8,0,8,0,288
14821.0,0,0,8,0,8,0,288
14822.0,0,0,8,0,8,0,288
14823.0,0,0,8,0,8,0,288
14824.0,0,0,8,0,8,0,288
14825.0,0,0,8,0,8,0,288
14826.0,0,0,8,0,8,0,288
14827.0,0,0,8,0,8,0,288
14828.0,0,0,8,0,8,0,288
14829.0,0,0,8,0,8,0,288
14830.0,0,0,8,0,8,0,288
14831.0,0,0,8,0,8,0,288
14832.0,0,0,8,0,8,0,288
14833.0,0,0,8,0,8,0,288
14834.0,0,0,8,0,8,0,288
14835.0,0,0,8,0,8,0,288
14836.0,0,0,8,0,8,0,288
14837.0,0,0,8,0,8,0,288
14838.0,0,0,8,0,8,0,288
14839.0,0,0,8,0,8,0,288
14840.0,0,0,8,0,8,0,288
14841.0,0,0,8,0,8,0,288
14842.0,0,0,8,0,8,0,288
14843.0,0,0,8,0,8,0,288
14844.0,0,0,8,0,8,0,288
14845.0,0,0,8,0,8,0,288
14846.0,0,0,8,0,8,0,288
14847.0,0,0,8,0,8,0,288
14848.0,0,0,8,0,8,0,288
14849.0,0,0,8,0,8,0,288
14850.0,0,0,8,0,8,0,288
14851.0,0,0,8,0,8,0,288
14852.0,0,0,8,0,8,0,288
14853.0,0,0,8,0,8,0,288
14854.0,0,0,8,0,8,0,288
14855.0,0,0,8,0,8,0,288
14856.0,0,0,8,0,8,0,288
14857.0,0,0,8,0,8,0,288
14858.0,0,0,8,0,8,0,288
14859.0,0,0,8,0,8,0,288
14860.0,0,0,8,0,8,0,288
14861.0,0,0,8,0,8,0,288
14862.0,0,0,8,0,8,0,288
14863.0,0,0,8,0,8,0,288
14864.0,0,0,8,0,8,0,288
14865.0,0,0,8,0,8,0,288
14866.0,0,0,8,0,8,0,288
14867.0,0,0,8,0,8,0,288
14868.0,0,0,8,0,8,0,288
14869.0,0,0,8,0,8,0,288
14870.0,0,0,8,0,8,0,288
14871.0,0,0,8,0,8,0,288
14872.0,0,0,8,0,8,0,288
14873.0,0,0,8,0,8,0,288
14874.0,0,0,8,0,8,0,288
14875.0,0,0,8,0,8,0,288
14876.0,0,0,8,0,8,0,288
14877.0,0,0,8,0,8,0,288
14878.0,0,0,8,0,8,0,288
14879.0,0,0,8,0,8,0,288
14880.0,0,0,8,0,8,0,288
14881.0,0,0,8,0,8,0,288
14882.0,0,0,8,0,8,0,288
14883.0,0,0,8,0,8,0,288
14884.0,0,0,8,0,8,0,288
14885.0,0,0,8,0,8,0,288
14886.0,0,0,8,0,8,0,288
14887.0,0,0,8,0,8,0,288
14888.0,0,0,8,0,8,0,288
14889.0,0,0,8,0,8,0,288
14890.0,0,0,8,0,8,0,288
14891.0,0,0,8,0,8,0,288
14892.0,0,0,8,0,8,0,288
14893.0,0,0,8,0,8,0,288
14894.0,0,0,8,0,8,0,288
14895.0,0,0,8,0,8,0,288
14896.0,0,0,8,0,8,0,288
14897.0,0,0,8,0,8,0,288
14898.0,0,0,8,0,8,0,288
14899.0,0,0,8,0,8,0,288
14900.0,0,0,8,0,8,0,288
14901.0,0,0,8,0,8,0,288
14902.0,0,0,8,0,8,0,288
14903.0,0,0,8,0,8,0,288
14904.0,0,0,8,0,8,0,288
14905.0,0,0,8,0,8,0,288
14906.0,0,0,8,0,8,0,288
14907.0,0,0,8,0,8,0,288
14908.0,0,0,8,0,8,0,288
14909.0,0,0,8,0,8,0,288
14910.0,0,0,8,0,8,0,288
14911.0,0,0,8,0,8,0,288
14912.0,0,0,8,0,8,0,288
14913.0,0,0,8,0,8,0,288
14914.0,0,0,8,0,8,0,288
14915.0,0,0,8,0,8,0,288
14916.0,0,0,8,0,8,0,288
14917.0,0,0,8,0,8,0,288
14918.0,0,0,8,0,8,0,288
14919.0,0,0,8,0,8,0,288
14920.0,0,0,8,0,8,0,288
14921.0,0,0,8,0,8,0,288
14922.0,0,0,8,0,8,0,288
14923.0,0,0,8,0,8,0,288
14924.0,0,0,8,0,8,0,288
14925.0,0,0,8,0,8,0,288
14926.0,0,0,8,0,8,0,288
14927.0,0,0,8,0,8,0,288
14928.0,0,0,8,0,8,0,288
14929.0,0,0,8,0,8,0,288
14930.0,0,0,8,0,8,0,288
14931.0,0,0,8,0,8,0,288
14932.0,0,0,8,0,8,0,288
14933.0,0,0,8,0,8,0,288
14934.0,0,0,8,0,8,0,288
14935.0,0,0,8,0,8,0,288
14936.0,0,0,8,0,8,0,288
14937.0,0,0,8,0,8,0,288
14938.0,0,0,8,0,8,0,288
14939.0,0,0,8,0,8,0,288
14940.0,0,0,8,0,8,0,288
14941.0,0,0,8,0,8,0,288
14942.0,0,0,8,0,8,0,288
14943.0,0,0,8,0,8,0,288
14944.0,0,0,8,0,8,0,288
14945.0,0,0,8,0,8,0,288
14946.0,0,0,8,0,8,0,288
14947.0,0,0,8,0,8,0,288
14948.0,0,0,8,0,8,0,288
14949.0,0,0,8,0,8,0,288
14950.0,0,0,8,0,8,0,288
14951.0,0,0,8,0,8,0,288
14952.0,0,0,8,0,8,0,288
14953.0,0,0,8,0,8,0,288
14954.0,0,0,8,0,8,0,288
14955.0,0,0,8,0,8,0,288
14956.0,0,0,8,0,8,0,288
14957.0,0,0,8,0,8,0,288
14958.0,0,0,8,0,8,0,288
14959.0,0,0,8,0,8,0,288
14960.0,0,0,8,0,8,0,288
14961.0,0,0,8,0,8,0,288
14962.0,0,0,8,0,8,0,288
14963.0,0,0,8,0,8,0,288
14964.0,0,0,8,0,8,0,288
14965.0,0,0,8,0,8,0,288
14966.0,0,0,8,0,8,0,288
14967.0,0,0,8,0,8,0,288
14968.0,0,0,8,0,8,0,288
14969.0,0,0,8,0,8,0,288
14970.0,0,0,8,0,8,0,288
14971.0,0,0,8,0,8,0,288
14972.0,0,0,8,0,8,0,288
14973.0,0,0,8,0,8,0,288
14974.0,0,0,8,0,8,0,288
14975.0,0,0,8,0,8,0,288
14976.0,0,0,8,0,8,0,288
14977.0,0,0,8,0,8,0,288
14978.0,0,0,8,0,8,0,288
14979.0,0,0,8,0,8,0,288
14980.0,0,0,8,0,8,0,288
14981.0,0,0,8,0,8,0,288
14982.0,0,0,8,0,8,0,288
14983.0,0,0,8,0,8,0,288
14984.0,0,0,8,0,8,0,288
14985.0,0,0,8,0,8,0,288
14986.0,0,0,8,0,8,0,288
14987.0,0,0,8,0,8,0,288
14988.0,0,0,8,0,8,0,288
14989.0,0,0,8,0,8,0,288
14990.0,0,0,8,0,8,0,288
14991.0,0,0,8,0,8,0,288
14992.0,0,0,8,0,8,0,288
14993.0,0,0,8,0,8,0,288
14994.0,0,0,8,0,8,0,288
14995.0,0,0,8,0,8,0,288
14996.0,0,0,8,0,8,0,288
14997.0,0,0,8,0,8,0,288
14998.0,0,0,8,0,8,0,288
14999.0,0,0,8,0,8,0,288
15000.0,0,0,8,0,8,0,288
15001.0,0,0,8,0,8,0,288
15002.0,0,0,8,0,8,0,288
15003.0,0,0,8,0,8,0,288
15004.0,0,0,8,0,8,0,288
15005.0,0,0,8,0,8,0,288
15006.0,0,0,8,0,8,0,288
15007.0,0,0,8,0,8,0,288
15008.0,0,0,8,0,8,0,288
15009.0,0,0,8,0,8,0,288
15010.0,0,0,8,0,8,0,288
15011.0,0,0,8,0,8,0,288
15012.0,0,0,8,0,8,0,288
15013.0,0,0,8,0,8,0,288
15014.0,0,0,8,0,8,0,288
15015.0,0,0,8,0,8,0,288
15016.0,0,0,8,0,8,0,288
15017.0,0,0,8,0,8,0,288
15018.0,0,0,8,0,8,0,288
15019.0,0,0,8,0,8,0,288
15020.0,0,0,8,0,8,0,288
15021.0,0,0,8,0,8,0,288
15022.0,0,0,8,0,8,0,288
15023.0,0,0,8,0,8,0,288
15024.0,0,0,8,0,8,0,288
15025.0,0,0,8,0,8,0,288
15026.0,0,0,8,0,8,0,288
15027.0,0,0,8,0,8,0,288
15028.0,0,0,8,0,8,0,288
15029.0,0,0,8,0,8,0,288
15030.0,0,0,8,0,8,0,288
15031.0,0,0,8,0,8,0,288
15032.0,0,0,8,0,8,0,288
15033.0,0,0,8,0,8,0,288
15034.0,0,0,8,0,8,0,288
15035.0,0,0,8,0,8,0,288
15036.0,0,0,8,0,8,0,288
15037.0,0,0,8,0,8,0,288
15038.0,0,0,8,0,8,0,288
15039.0,0,0,8,0,8,0,288
15040.0,0,0,8,0,8,0,288
15041.0,0,0,8,0,8,0,288
15042.0,0,0,8,0,8,0,288
15043.0,0,0,8,0,8,0,288
15044.0,0,0,8,0,8,0,288
15045.0,0,0,8,0,8,0,288
15046.0,0,0,8,0,8,0,288
15047.0,0,0,8,0,8,0,288
15048.0,0,0,8,0,8,0,288
15049.0,0,0,8,0,8,0,288
15050.0,0,0,8,0,8,0,288
15051.0,0,0,8,0,8,0,288
15052.0,0,0,8,0,8,0,288
15053.0,0,0,8,0,8,0,288
15054.0,0,0,8,0,8,0,288
15055.0,0,0,8,0,8,0,288
15056.0,0,0,8,0,8,0,288
15057.0,0,0,8,0,8,0,288
15058.0,0,0,8,0,8,0,288
15059.0,0,0,8,0,8,0,288
15060.0,0,0,8,0,8,0,288
15061.0,0,0,8,0,8,0,288
15062.0,0,0,8,0,8,0,288
15063.0,0,0,8,0,8,0,288
15064.0,0,0,8,0,8,0,288
15065.0,0,0,8,0,8,0,288
15066.0,0,0,8,0,8,0,288
15067.0,0,0,8,0,8,0,288
15068.0,0,0,8,0,8,0,288
15069.0,0,0,8,0,8,0,288
15070.0,0,0,8,0,8,0,288
15071.0,0,0,8,0,8,0,288
15072.0,0,0,8,0,8,0,288
15073.0,0,0,8,0,8,0,288
15074.0,0,0,8,0,8,0,288
15075.0,0,0,8,0,8,0,288
15076.0,0,0,8,0,8,0,288
15077.0,0,0,8,0,8,0,288
15078.0,0,0,8,0,8,0,288
15079.0,0,0,8,0,8,0,288
15080.0,0,0,8,0,8,0,288
15081.0,0,0,8,0,8,0,288
15082.0,0,0,8,0,8,0,288
15083.0,0,0,8,0,8,0,288
15084.0,0,0,8,0,8,0,288
15085.0,0,0,8,0,8,0,288
15086.0,0,0,8,0,8,0,288
15087.0,0,0,8,0,8,0,288
15088.0,0,0,8,0,8,0,288
15089.0,0,0,8,0,8,0,288
15090.0,0,0,8,0,8,0,288
15091.0,0,0,8,0,8,0,288
15092.0,0,0,8,0,8,0,288
15093.0,0,0,8,0,8,0,288
15094.0,0,0,8,0,8,0,288
15095.0,0,0,8,0,8,0,288
15096.0,0,0,8,0,8,0,288
15097.0,0,0,8,0,8,0,288
15098.0,0,0,8,0,8,0,288
15099.0,0,0,8,0,8,0,288
15100.0,0,0,8,0,8,0,288
15101.0,0,0,8,0,8,0,288
15102.0,0,0,8,0,8,0,288
15103.0,0,0,8,0,8,0,288
15104.0,0,0,8,0,8,0,288
15105.0,0,0,8,0,8,0,288
15106.0,0,0,8,0,8,0,288
15107.0,0,0,8,0,8,0,288
15108.0,0,0,8,0,8,0,288
15109.0,0,0,8,0,8,0,288
15110.0,0,0,8,0,8,0,288
15111.0,0,0,8,0,8,0,288
15112.0,0,0,8,0,8,0,288
15113.0,0,0,8,0,8,0,288
15114.0,0,0,8,0,8,0,288
15115.0,0,0,8,0,8,0,288
15116.0,0,0,8,0,8,0,288
15117.0,0,0,8,0,8,0,288
15118.0,0,0,8,0,8,0,288
15119.0,0,0,8,0,8,0,288
15120.0,0,0,8,0,8,0,288
15121.0,0,0,8,0,8,0,288
15122.0,0,0,8,0,8,0,288
15123.0,0,0,8,0,8,0,288
15124.0,0,0,8,0,8,0,288
15125.0,0,0,8,0,8,0,288
15126.0,0,0,8,0,8,0,288
15127.0,0,0,8,0,8,0,288
15128.0,0,0,8,0,8,0,288
15129.0,0,0,8,0,8,0,288
15130.0,0,0,8,0,8,0,288
15131.0,0,0,8,0,8,0,288
15132.0,0,0,8,0,8,0,288
15133.0,0,0,8,0,8,0,288
15134.0,0,0,8,0,8,0,288
15135.0,0,0,8,0,8,0,288
15136.0,0,0,8,0,8,0,288
15137.0,0,0,8,0,8,0,288
15138.0,0,0,8,0,8,0,288
15139.0,0,0,8,0,8,0,288
15140.0,0,0,8,0,8,0,288
15141.0,0,0,8,0,8,0,288
15142.0,0,0,8,0,8,0,288
15143.0,0,0,8,0,8,0,288
15144.0,0,0,8,0,8,0,288
15145.0,0,0,8,0,8,0,288
15146.0,0,0,8,0,8,0,288
15147.0,0,0,8,0,8,0,288
15148.0,0,0,8,0,8,0,288
15149.0,0,0,8,0,8,0,288
15150.0,0,0,8,0,8,0,288
15151.0,0,0,8,0,8,0,288
15152.0,0,0,8,0,8,0,288
15153.0,0,0,8,0,8,0,288
15154.0,0,0,8,0,8,0,288
15155.0,0,0,8,0,8,0,288
15156.0,0,0,8,0,8,0,288
15157.0,0,0,8,0,8,0,288
15158.0,0,0,8,0,8,0,288
15159.0,0,0,8,0,8,0,288
15160.0,0,0,8,0,8,0,288
15161.0,0,0,8,0,8,0,288
15162.0,0,0,8,0,8,0,288
15163.0,0,0,8,0,8,0,288
15164.0,0,0,8,0,8,0,288
15165.0,0,0,8,0,8,0,288
15166.0,0,0,8,0,8,0,288
15167.0,0,0,8,0,8,0,288
15168.0,0,0,8,0,8,0,288
15169.0,0,0,8,0,8,0,288
15170.0,0,0,8,0,8,0,288
15171.0,0,0,8,0,8,0,288
15172.0,0,0,8,0,8,0,288
15173.0,0,0,8,0,8,0,288
15174.0,0,0,8,0,8,0,288
15175.0,0,0,8,0,8,0,288
15176.0,0,0,8,0,8,0,288
15177.0,0,0,8,0,8,0,288
15178.0,0,0,8,0,8,0,288
15179.0,0,0,8,0,8,0,288
15180.0,0,0,8,0,8,0,288
15181.0,0,0,8,0,8,0,288
15182.0,0,0,8,0,8,0,288
15183.0,0,0,8,0,8,0,288
15184.0,0,0,8,0,8,0,288
15185.0,0,0,8,0,8,0,288
15186.0,0,0,8,0,8,0,288
15187.0,0,0,8,0,8,0,288
15188.0,0,0,8,0,8,0,288
15189.0,0,0,8,0,8,0,288
15190.0,0,0,8,0,8,0,288
15191.0,0,0,8,0,8,0,288
15192.0,0,0,8,0,8,0,288
15193.0,0,0,8,0,8,0,288
15194.0,0,0,8,0,8,0,288
15195.0,0,0,8,0,8,0,288
15196.0,0,0,8,0,8,0,288
15197.0,0,0,8,0,8,0,288
15198.0,0,0,8,0,8,0,288
15199.0,0,0,8,0,8,0,288
15200.0,0,0,8,0,8,0,288
15201.0,0,0,8,0,8,0,288
15202.0,0,0,8,0,8,0,288
15203.0,0,0,8,0,8,0,288
15204.0,0,0,8,0,8,0,288
15205.0,0,0,8,0,8,0,288
15206.0,0,0,8,0,8,0,288
15207.0,0,0,8,0,8,0,288
15208.0,0,0,8,0,8,0,288
15209.0,0,0,8,0,8,0,288
15210.0,0,0,8,0,8,0,288
15211.0,0,0,8,0,8,0,288
15212.0,0,0,8,0,8,0,288
15213.0,0,0,8,0,8,0,288
15214.0,0,0,8,0,8,0,288
15215.0,0,0,8,0,8,0,288
15216.0,0,0,8,0,8,0,288
15217.0,0,0,8,0,8,0,288
15218.0,0,0,8,0,8,0,288
15219.0,0,0,8,0,8,0,288
15220.0,0,0,8,0,8,0,288
15221.0,0,0,8,0,8,0,288
15222.0,0,0,8,0,8,0,288
15223.0,0,0,8,0,8,0,288
15224.0,0,0,8,0,8,0,288
15225.0,0,0,8,0,8,0,288
15226.0,0,0,8,0,8,0,288
15227.0,0,0,8,0,8,0,288
15228.0,0,0,8,0,8,0,288
15229.0,0,0,8,0,8,0,288
15230.0,0,0,8,0,8,0,288
15231.0,0,0,8,0,8,0,288
15232.0,0,0,8,0,8,0,288
15233.0,0,0,8,0,8,0,288
15234.0,0,0,8,0,8,0,288
15235.0,0,0,8,0,8,0,288
15236.0,0,0,8,0,8,0,288
15237.0,0,0,8,0,8,0,288
15238.0,0,0,8,0,8,0,288
15239.0,0,0,8,0,8,0,288
15240.0,0,0,8,0,8,0,288
15241.0,0,0,8,0,8,0,288
15242.0,0,0,8,0,8,0,288
15243.0,0,0,8,0,8,0,288
15244.0,0,0,8,0,8,0,288
15245.0,0,0,8,0,8,0,288
15246.0,0,0,8,0,8,0,288
15247.0,0,0,8,0,8,0,288
15248.0,0,0,8,0,8,0,288
15249.0,0,0,8,0,8,0,288
15250.0,0,0,8,0,8,0,288
15251.0,0,0,8,0,8,0,288
15252.0,0,0,8,0,8,0,288
15253.0,0,0,8,0,8,0,288
15254.0,0,0,8,0,8,0,288
15255.0,0,0,8,0,8,0,288
15256.0,0,0,8,0,8,0,288
15257.0,0,0,8,0,8,0,288
15258.0,0,0,8,0,8,0,288
15259.0,0,0,8,0,8,0,288
15260.0,0,0,8,0,8,0,288
15261.0,0,0,8,0,8,0,288
15262.0,0,0,8,0,8,0,288
15263.0,0,0,8,0,8,0,288
15264.0,0,0,8,0,8,0,288
15265.0,0,0,8,0,8,0,288
15266.0,0,0,8,0,8,0,288
15267.0,0,0,8,0,8,0,288
15268.0,0,0,8,0,8,0,288
15269.0,0,0,8,0,8,0,288
15270.0,0,0,8,0,8,0,288
15271.0,0,0,8,0,8,0,288
15272.0,0,0,8,0,8,0,288
15273.0,0,0,8,0,8,0,288
15274.0,0,0,8,0,8,0,288
15275.0,0,0,8,0,8,0,288
15276.0,0,0,8,0,8,0,288
15277.0,0,0,8,0,8,0,288
15278.0,0,0,8,0,8,0,288
15279.0,0,0,8,0,8,0,288
15280.0,0,0,8,0,8,0,288
15281.0,0,0,8,0,8,0,288
15282.0,0,0,8,0,8,0,288
15283.0,0,0,8,0,8,0,288
15284.0,0,0,8,0,8,0,288
15285.0,0,0,8,0,8,0,288
15286.0,0,0,8,0,8,0,288
15287.0,0,0,8,0,8,0,288
15288.0,0,0,8,0,8,0,288
15289.0,0,0,8,0,8,0,288
15290.0,0,0,8,0,8,0,288
15291.0,0,0,8,0,8,0,288
15292.0,0,0,8,0,8,0,288
15293.0,0,0,8,0,8,0,288
15294.0,0,0,8,0,8,0,288
15295.0,0,0,8,0,8,0,288
15296.0,0,0,8,0,8,0,288
15297.0,0,0,8,0,8,0,288
15298.0,0,0,8,0,8,0,288
15299.0,0,0,8,0,8,0,288
15300.0,0,0,8,0,8,0,288
15301.0,0,0,8,0,8,0,288
15302.0,0,0,8,0,8,0,288
15303.0,0,0,8,0,8,0,288
15304.0,0,0,8,0,8,0,288
15305.0,0,0,8,0,8,0,288
15306.0,0,0,8,0,8,0,288
15307.0,0,0,8,0,8,0,288
15308.0,0,0,8,0,8,0,288
15309.0,0,0,8,0,8,0,288
15310.0,0,0,8,0,8,0,288
15311.0,0,0,8,0,8,0,288
15312.0,0,0,8,0,8,0,288
15313.0,0,0,8,0,8,0,288
15314.0,0,0,8,0,8,0,288
15315.0,0,0,8,0,8,0,288
15316.0,0,0,8,0,8,0,288
15317.0,0,0,8,0,8,0,288
15318.0,0,0,8,0,8,0,288
15319.0,0,0,8,0,8,0,288
15320.0,0,0,8,0,8,0,288
15321.0,0,0,8,0,8,0,288
15322.0,0,0,8,0,8,0,288
15323.0,0,0,8,0,8,0,288
15324.0,0,0,8,0,8,0,288
15325.0,0,0,8,0,8,0,288
15326.0,0,0,8,0,8,0,288
15327.0,0,0,8,0,8,0,288
15328.0,0,0,8,0,8,0,288
15329.0,0,0,8,0,8,0,288
15330.0,0,0,8,0,8,0,288
15331.0,0,0,8,0,8,0,288
15332.0,0,0,8,0,8,0,288
15333.0,0,0,8,0,8,0,288
15334.0,0,0,8,0,8,0,288
15335.0,0,0,8,0,8,0,288
15336.0,0,0,8,0,8,0,288
15337.0,0,0,8,0,8,0,288
15338.0,0,0,8,0,8,0,288
15339.0,0,0,8,0,8,0,288
15340.0,0,0,8,0,8,0,288
15341.0,0,0,8,0,8,0,288
15342.0,0,0,8,0,8,0,288
15343.0,0,0,8,0,8,0,288
15344.0,0,0,8,0,8,0,288
15345.0,0,0,8,0,8,0,288
15346.0,0,0,8,0,8,0,288
15347.0,0,0,8,0,8,0,288
15348.0,0,0,8,0,8,0,288
15349.0,0,0,8,0,8,0,288
15350.0,0,0,8,0,8,0,288
15351.0,0,0,8,0,8,0,288
15352.0,0,0,8,0,8,0,288
15353.0,0,0,8,0,8,0,288
15354.0,0,0,8,0,8,0,288
15355.0,0,0,8,0,8,0,288
15356.0,0,0,8,0,8,0,288
15357.0,0,0,8,0,8,0,288
15358.0,0,0,8,0,8,0,288
15359.0,0,0,8,0,8,0,288
15360.0,0,0,8,0,8,0,288
15361.0,0,0,8,0,8,0,288
15362.0,0,0,8,0,8,0,288
15363.0,0,0,8,0,8,0,288
15364.0,0,0,8,0,8,0,288
15365.0,0,0,8,0,8,0,288
15366.0,0,0,8,0,8,0,288
15367.0,0,0,8,0,8,0,288
15368.0,0,0,8,0,8,0,288
15369.0,0,0,8,0,8,0,288
15370.0,0,0,8,0,8,0,288
15371.0,0,0,8,0,8,0,288
15372.0,0,0,8,0,8,0,288
15373.0,0,0,8,0,8,0,288
15374.0,0,0,8,0,8,0,288
15375.0,0,0,8,0,8,0,288
15376.0,0,0,8,0,8,0,288
15377.0,0,0,8,0,8,0,288
15378.0,0,0,8,0,8,0,288
15379.0,0,0,8,0,8,0,288
15380.0,0,0,8,0,8,0,288
15381.0,0,0,8,0,8,0,288
15382.0,0,0,8,0,8,0,288
15383.0,0,0,8,0,8,0,288
15384.0,0,0,8,0,8,0,288
15385.0,0,0,8,0,8,0,288
15386.0,0,0,8,0,8,0,288
15387.0,0,0,8,0,8,0,288
15388.0,0,0,8,0,8,0,288
15389.0,0,0,8,0,8,0,288
15390.0,0,0,8,0,8,0,288
15391.0,0,0,8,0,8,0,288
15392.0,0,0,8,0,8,0,288
15393.0,0,0,8,0,8,0,288
15394.0,0,0,8,0,8,0,288
15395.0,0,0,8,0,8,0,288
15396.0,0,0,8,0,8,0,288
15397.0,0,0,8,0,8,0,288
15398.0,0,0,8,0,8,0,288
15399.0,0,0,8,0,8,0,288
15400.0,0,0,8,0,8,0,288
15401.0,0,0,8,0,8,0,288
15402.0,0,0,8,0,8,0,288
15403.0,0,0,8,0,8,0,288
15404.0,0,0,8,0,8,0,288
15405.0,0,0,8,0,8,0,288
15406.0,0,0,8,0,8,0,288
15407.0,0,0,8,0,8,0,288
15408.0,0,0,8,0,8,0,288
15409.0,0,0,8,0,8,0,288
15410.0,0,0,8,0,8,0,288
15411.0,0,0,8,0,8,0,288
15412.0,0,0,8,0,8,0,288
15413.0,0,0,8,0,8,0,288
15414.0,0,0,8,0,8,0,288
15415.0,0,0,8,0,8,0,288
15416.0,0,0,8,0,8,0,288
15417.0,0,0,8,0,8,0,288
15418.0,0,0,8,0,8,0,288
15419.0,0,0,8,0,8,0,288
15420.0,0,0,8,0,8,0,288
15421.0,0,0,8,0,8,0,288
15422.0,0,0,8,0,8,0,288
15423.0,0,0,8,0,8,0,288
15424.0,0,0,8,0,8,0,288
15425.0,0,0,8,0,8,0,288
15426.0,0,0,8,0,8,0,288
15427.0,0,0,8,0,8,0,288
15428.0,0,0,8,0,8,0,288
15429.0,0,0,8,0,8,0,288
15430.0,0,0,8,0,8,0,288
15431.0,0,0,8,0,8,0,288
15432.0,0,0,8,0,8,0,288
15433.0,0,0,8,0,8,0,288
15434.0,0,0,8,0,8,0,288
15435.0,0,0,8,0,8,0,288
15436.0,0,0,8,0,8,0,288
15437.0,0,0,8,0,8,0,288
15438.0,0,0,8,0,8,0,288
15439.0,0,0,8,0,8,0,288
15440.0,0,0,8,0,8,0,288
15441.0,0,0,8,0,8,0,288
15442.0,0,0,8,0,8,0,288
15443.0,0,0,8,0,8,0,288
15444.0,0,0,8,0,8,0,288
15445.0,0,0,8,0,8,0,288
15446.0,0,0,8,0,8,0,288
15447.0,0,0,8,0,8,0,288
15448.0,0,0,8,0,8,0,288
15449.0,0,0,8,0,8,0,288
15450.0,0,0,8,0,8,0,288
15451.0,0,0,8,0,8,0,288
15452.0,0,0,8,0,8,0,288
15453.0,0,0,8,0,8,0,288
15454.0,0,0,8,0,8,0,288
15455.0,0,0,8,0,8,0,288
15456.0,0,0,8,0,8,0,288
15457.0,0,0,8,0,8,0,288
15458.0,0,0,8,0,8,0,288
15459.0,0,0,8,0,8,0,288
15460.0,0,0,8,0,8,0,288
15461.0,0,0,8,0,8,0,288
15462.0,0,0,8,0,8,0,288
15463.0,0,0,8,0,8,0,288
15464.0,0,0,8,0,8,0,288
15465.0,0,0,8,0,8,0,288
15466.0,0,0,8,0,8,0,288
15467.0,0,0,8,0,8,0,288
15468.0,0,0,8,0,8,0,288
15469.0,0,0,8,0,8,0,288
15470.0,0,0,8,0,8,0,288
15471.0,0,0,8,0,8,0,288
15472.0,0,0,8,0,8,0,288
15473.0,0,0,8,0,8,0,288
15474.0,0,0,8,0,8,0,288
15475.0,0,0,8,0,8,0,288
15476.0,0,0,8,0,8,0,288
15477.0,0,0,8,0,8,0,288
15478.0,0,0,8,0,8,0,288
15479.0,0,0,8,0,8,0,288
15480.0,0,0,8,0,8,0,288
15481.0,0,0,8,0,8,0,288
15482.0,0,0,8,0,8,0,288
15483.0,0,0,8,0,8,0,288
15484.0,0,0,8,0,8,0,288
15485.0,0,0,8,0,8,0,288
15486.0,0,0,8,0,8,0,288
15487.0,0,0,8,0,8,0,288
15488.0,0,0,8,0,8,0,288
15489.0,0,0,8,0,8,0,288
15490.0,0,0,8,0,8,0,288
15491.0,0,0,8,0,8,0,288
15492.0,0,0,8,0,8,0,288
15493.0,0,0,8,0,8,0,288
15494.0,0,0,8,0,8,0,288
15495.0,0,0,8,0,8,0,288
15496.0,0,0,8,0,8,0,288
15497.0,0,0,8,0,8,0,288
15498.0,0,0,8,0,8,0,288
15499.0,0,0,8,0,8,0,288
15500.0,0,0,8,0,8,0,288
15501.0,0,0,8,0,8,0,288
15502.0,0,0,8,0,8,0,288
15503.0,0,0,8,0,8,0,288
15504.0,0,0,8,0,8,0,288
15505.0,0,0,8,0,8,0,288
15506.0,0,0,8,0,8,0,288
15507.0,0,0,8,0,8,0,288
15508.0,0,0,8,0,8,0,288
15509.0,0,0,8,0,8,0,288
15510.0,0,0,8,0,8,0,288
15511.0,0,0,8,0,8,0,288
15512.0,0,0,8,0,8,0,288
15513.0,0,0,8,0,8,0,288
15514.0,0,0,8,0,8,0,288
15515.0,0,0,8,0,8,0,288
15516.0,0,0,8,0,8,0,288
15517.0,0,0,8,0,8,0,288
15518.0,0,0,8,0,8,0,288
15519.0,0,0,8,0,8,0,288
15520.0,0,0,8,0,8,0,288
15521.0,0,0,8,0,8,0,288
15522.0,0,0,8,0,8,0,288
15523.0,0,0,8,0,8,0,288
15524.0,0,0,8,0,8,0,288
15525.0,0,0,8,0,8,0,288
15526.0,0,0,8,0,8,0,288
15527.0,0,0,8,0,8,0,288
15528.0,0,0,8,0,8,0,288
15529.0,0,0,8,0,8,0,288
15530.0,0,0,8,0,8,0,288
15531.0,0,0,8,0,8,0,288
15532.0,0,0,8,0,8,0,288
15533.0,0,0,8,0,8,0,288
15534.0,0,0,8,0,8,0,288
15535.0,0,0,8,0,8,0,288
15536.0,0,0,8,0,8,0,288
15537.0,0,0,8,0,8,0,288
15538.0,0,0,8,0,8,0,288
15539.0,0,0,8,0,8,0,288
15540.0,0,0,8,0,8,0,288
15541.0,0,0,8,0,8,0,288
15542.0,0,0,8,0,8,0,288
15543.0,0,0,8,0,8,0,288
15544.0,0,0,8,0,8,0,288
15545.0,0,0,8,0,8,0,288
15546.0,0,0,8,0,8,0,288
15547.0,0,0,8,0,8,0,288
15548.0,0,0,8,0,8,0,288
15549.0,0,0,8,0,8,0,288
15550.0,0,0,8,0,8,0,288
15551.0,0,0,8,0,8,0,288
15552.0,0,0,8,0,8,0,288
15553.0,0,0,8,0,8,0,288
15554.0,0,0,8,0,8,0,288
15555.0,0,0,8,0,8,0,288
15556.0,0,0,8,0,8,0,288
15557.0,0,0,8,0,8,0,288
15558.0,0,0,8,0,8,0,288
15559.0,0,0,8,0,8,0,288
15560.0,0,0,8,0,8,0,288
15561.0,0,0,8,0,8,0,288
15562.0,0,0,8,0,8,0,288
15563.0,0,0,8,0,8,0,288
15564.0,0,0,8,0,8,0,288
15565.0,0,0,8,0,8,0,288
15566.0,0,0,8,0,8,0,288
15567.0,0,0,8,0,8,0,288
15568.0,0,0,8,0,8,0,288
15569.0,0,0,8,0,8,0,288
15570.0,0,0,8,0,8,0,288
15571.0,0,0,8,0,8,0,288
15572.0,0,0,8,0,8,0,288
15573.0,0,0,8,0,8,0,288
15574.0,0,0,8,0,8,0,288
15575.0,0,0,8,0,8,0,288
15576.0,0,0,8,0,8,0,288
15577.0,0,0,8,0,8,0,288
15578.0,0,0,8,0,8,0,288
15579.0,0,0,8,0,8,0,288
15580.0,0,0,8,0,8,0,288
15581.0,0,0,8,0,8,0,288
15582.0,0,0,8,0,8,0,288
15583.0,0,0,8,0,8,0,288
15584.0,0,0,8,0,8,0,288
15585.0,0,0,8,0,8,0,288
15586.0,0,0,8,0,8,0,288
15587.0,0,0,8,0,8,0,288
15588.0,0,0,8,0,8,0,288
15589.0,0,0,8,0,8,0,288
15590.0,0,0,8,0,8,0,288
15591.0,0,0,8,0,8,0,288
15592.0,0,0,8,0,8,0,288
15593.0,0,0,8,0,8,0,288
15594.0,0,0,8,0,8,0,288
15595.0,0,0,8,0,8,0,288
15596.0,0,0,8,0,8,0,288
15597.0,0,0,8,0,8,0,288
15598.0,0,0,8,0,8,0,288
15599.0,0,0,8,0,8,0,288
15600.0,0,0,8,0,8,0,288
15601.0,0,0,8,0,8,0,288
15602.0,0,0,8,0,8,0,288
15603.0,0,0,8,0,8,0,288
15604.0,0,0,8,0,8,0,288
15605.0,0,0,8,0,8,0,288
15606.0,0,0,8,0,8,0,288
15607.0,0,0,8,0,8,0,288
15608.0,0,0,8,0,8,0,288
15609.0,0,0,8,0,8,0,288
15610.0,0,0,8,0,8,0,288
15611.0,0,0,8,0,8,0,288
15612.0,0,0,8,0,8,0,288
15613.0,0,0,8,0,8,0,288
15614.0,0,0,8,0,8,0,288
15615.0,0,0,8,0,8,0,288
15616.0,0,0,8,0,8,0,288
15617.0,0,0,8,0,8,0,288
15618.0,0,0,8,0,8,0,288
15619.0,0,0,8,0,8,0,288
15620.0,0,0,8,0,8,0,288
15621.0,0,0,8,0,8,0,288
15622.0,0,0,8,0,8,0,288
15623.0,0,0,8,0,8,0,288
15624.0,0,0,8,0,8,0,288
15625.0,0,0,8,0,8,0,288
15626.0,0,0,8,0,8,0,288
15627.0,0,0,8,0,8,0,288
15628.0,0,0,8,0,8,0,288
15629.0,0,0,8,0,8,0,288
15630.0,0,0,8,0,8,0,288
15631.0,0,0,8,0,8,0,288
15632.0,0,0,8,0,8,0,288
15633.0,0,0,8,0,8,0,288
15634.0,0,0,8,0,8,0,288
15635.0,0,0,8,0,8,0,288
15636.0,0,0,8,0,8,0,288
15637.0,0,0,8,0,8,0,288
15638.0,0,0,8,0,8,0,288
15639.0,0,0,8,0,8,0,288
15640.0,0,0,8,0,8,0,288
15641.0,0,0,8,0,8,0,288
15642.0,0,0,8,0,8,0,288
15643.0,0,0,8,0,8,0,288
15644.0,0,0,8,0,8,0,288
15645.0,0,0,8,0,8,0,288
15646.0,0,0,8,0,8,0,288
15647.0,0,0,8,0,8,0,288
15648.0,0,0,8,0,8,0,288
15649.0,0,0,8,0,8,0,288
15650.0,0,0,8,0,8,0,288
15651.0,0,0,8,0,8,0,288
15652.0,0,0,8,0,8,0,288
15653.0,0,0,8,0,8,0,288
15654.0,0,0,8,0,8,0,288
15655.0,0,0,8,0,8,0,288
15656.0,0,0,8,0,8,0,288
15657.0,0,0,8,0,8,0,288
15658.0,0,0,8,0,8,0,288
15659.0,0,0,8,0,8,0,288
15660.0,0,0,8,0,8,0,288
15661.0,0,0,8,0,8,0,288
15662.0,0,0,8,0,8,0,288
15663.0,0,0,8,0,8,0,288
15664.0,0,0,8,0,8,0,288
15665.0,0,0,8,0,8,0,288
15666.0,0,0,8,0,8,0,288
15667.0,0,0,8,0,8,0,288
15668.0,0,0,8,0,8,0,288
15669.0,0,0,8,0,8,0,288
15670.0,0,0,8,0,8,0,288
15671.0,0,0,8,0,8,0,288
15672.0,0,0,8,0,8,0,288
15673.0,0,0,8,0,8,0,288
15674.0,0,0,8,0,8,0,288
15675.0,0,0,8,0,8,0,288
15676.0,0,0,8,0,8,0,288
15677.0,0,0,8,0,8,0,288
15678.0,0,0,8,0,8,0,288
15679.0,0,0,8,0,8,0,288
15680.0,0,0,8,0,8,0,288
15681.0,0,0,8,0,8,0,288
15682.0,0,0,8,0,8,0,288
15683.0,0,0,8,0,8,0,288
15684.0,0,0,8,0,8,0,288
15685.0,0,0,8,0,8,0,288
15686.0,0,0,8,0,8,0,288
15687.0,0,0,8,0,8,0,288
15688.0,0,0,8,0,8,0,288
15689.0,0,0,8,0,8,0,288
15690.0,0,0,8,0,8,0,288
15691.0,0,0,8,0,8,0,288
15692.0,0,0,8,0,8,0,288
15693.0,0,0,8,0,8,0,288
15694.0,0,0,8,0,8,0,288
15695.0,0,0,8,0,8,0,288
15696.0,0,0,8,0,8,0,288
15697.0,0,0,8,0,8,0,288
15698.0,0,0,8,0,8,0,288
15699.0,0,0,8,0,8,0,288
15700.0,0,0,8,0,8,0,288
15701.0,0,0,8,0,8,0,288
15702.0,0,0,8,0,8,0,288
15703.0,0,0,8,0,8,0,288
15704.0,0,0,8,0,8,0,288
15705.0,0,0,8,0,8,0,288
15706.0,0,0,8,0,8,0,288
15707.0,0,0,8,0,8,0,288
15708.0,0,0,8,0,8,0,288
15709.0,0,0,8,0,8,0,288
15710.0,0,0,8,0,8,0,288
15711.0,0,0,8,0,8,0,288
15712.0,0,0,8,0,8,0,288
15713.0,0,0,8,0,8,0,288
15714.0,0,0,8,0,8,0,288
15715.0,0,0,8,0,8,0,288
15716.0,0,0,8,0,8,0,288
15717.0,0,0,8,0,8,0,288
15718.0,0,0,8,0,8,0,288
15719.0,0,0,8,0,8,0,288
15720.0,0,0,8,0,8,0,288
15721.0,0,0,8,0,8,0,288
15722.0,0,0,8,0,8,0,288
15723.0,0,0,8,0,8,0,288
15724.0,0,0,8,0,8,0,288
15725.0,0,0,8,0,8,0,288
15726.0,0,0,8,0,8,0,288
15727.0,0,0,8,0,8,0,288
15728.0,0,0,8,0,8,0,288
15729.0,0,0,8,0,8,0,288
15730.0,0,0,8,0,8,0,288
15731.0,0,0,8,0,8,0,288
15732.0,0,0,8,0,8,0,288
15733.0,0,0,8,0,8,0,288
15734.0,0,0,8,0,8,0,288
15735.0,0,0,8,0,8,0,288
15736.0,0,0,8,0,8,0,288
15737.0,0,0,8,0,8,0,288
15738.0,0,0,8,0,8,0,288
15739.0,0,0,8,0,8,0,288
15740.0,0,0,8,0,8,0,288
15741.0,0,0,8,0,8,0,288
15742.0,0,0,8,0,8,0,288
15743.0,0,0,8,0,8,0,288
15744.0,0,0,8,0,8,0,288
15745.0,0,0,8,0,8,0,288
15746.0,0,0,8,0,8,0,288
15747.0,0,0,8,0,8,0,288
15748.0,0,0,8,0,8,0,288
15749.0,0,0,8,0,8,0,288
15750.0,0,0,8,0,8,0,288
15751.0,0,0,8,0,8,0,288
15752.0,0,0,8,0,8,0,288
15753.0,0,0,8,0,8,0,288
15754.0,0,0,8,0,8,0,288
15755.0,0,0,8,0,8,0,288
15756.0,0,0,8,0,8,0,288
15757.0,0,0,8,0,8,0,288
15758.0,0,0,8,0,8,0,288
15759.0,0,0,8,0,8,0,288
15760.0,0,0,8,0,8,0,288
15761.0,0,0,8,0,8,0,288
15762.0,0,0,8,0,8,0,288
15763.0,0,0,8,0,8,0,288
15764.0,0,0,8,0,8,0,288
15765.0,0,0,8,0,8,0,288
15766.0,0,0,8,0,8,0,288
15767.0,0,0,8,0,8,0,288
15768.0,0,0,8,0,8,0,288
15769.0,0,0,8,0,8,0,288
15770.0,0,0,8,0,8,0,288
15771.0,0,0,8,0,8,0,288
15772.0,0,0,8,0,8,0,288
15773.0,0,0,8,0,8,0,288
15774.0,0,0,8,0,8,0,288
15775.0,0,0,8,0,8,0,288
15776.0,0,0,8,0,8,0,288
15777.0,0,0,8,0,8,0,288
15778.0,0,0,8,0,8,0,288
15779.0,0,0,8,0,8,0,288
15780.0,0,0,8,0,8,0,288
15781.0,0,0,8,0,8,0,288
15782.0,0,0,8,0,8,0,288
15783.0,0,0,8,0,8,0,288
15784.0,0,0,8,0,8,0,288
15785.0,0,0,8,0,8,0,288
15786.0,0,0,8,0,8,0,288
15787.0,0,0,8,0,8,0,288
15788.0,0,0,8,0,8,0,288
15789.0,0,0,8,0,8,0,288
15790.0,0,0,8,0,8,0,288
15791.0,0,0,8,0,8,0,288
15792.0,0,0,8,0,8,0,288
15793.0,0,0,8,0,8,0,288
15794.0,0,0,8,0,8,0,288
15795.0,0,0,8,0,8,0,288
15796.0,0,0,8,0,8,0,288
15797.0,0,0,8,0,8,0,288
15798.0,0,0,8,0,8,0,288
15799.0,0,0,8,0,8,0,288
15800.0,0,0,8,0,8,0,288
15801.0,0,0,8,0,8,0,288
15802.0,0,0,8,0,8,0,288
15803.0,0,0,8,0,8,0,288
15804.0,0,0,8,0,8,0,288
15805.0,0,0,8,0,8,0,288
15806.0,0,0,8,0,8,0,288
15807.0,0,0,8,0,8,0,288
15808.0,0,0,8,0,8,0,288
15809.0,0,0,8,0,8,0,288
15810.0,0,0,8,0,8,0,288
15811.0,0,0,8,0,8,0,288
15812.0,0,0,8,0,8,0,288
15813.0,0,0,8,0,8,0,288
15814.0,0,0,8,0,8,0,288
15815.0,0,0,8,0,8,0,288
15816.0,0,0,8,0,8,0,288
15817.0,0,0,8,0,8,0,288
15818.0,0,0,8,0,8,0,288
15819.0,0,0,8,0,8,0,288
15820.0,0,0,8,0,8,0,288
15821.0,0,0,8,0,8,0,288
15822.0,0,0,8,0,8,0,288
15823.0,0,0,8,0,8,0,288
15824.0,0,0,8,0,8,0,288
15825.0,0,0,8,0,8,0,288
15826.0,0,0,8,0,8,0,288
15827.0,0,0,8,0,8,0,288
15828.0,0,0,8,0,8,0,288
15829.0,0,0,8,0,8,0,288
15830.0,0,0,8,0,8,0,288
15831.0,0,0,8,0,8,0,288
15832.0,0,0,8,0,8,0,288
15833.0,0,0,8,0,8,0,288
15834.0,0,0,8,0,8,0,288
15835.0,0,0,8,0,8,0,288
15836.0,0,0,8,0,8,0,288
15837.0,0,0,8,0,8,0,288
15838.0,0,0,8,0,8,0,288
15839.0,0,0,8,0,8,0,288
15840.0,0,0,8,0,8,0,288
15841.0,0,0,8,0,8,0,288
15842.0,0,0,8,0,8,0,288
15843.0,0,0,8,0,8,0,288
15844.0,0,0,8,0,8,0,288
15845.0,0,0,8,0,8,0,288
15846.0,0,0,8,0,8,0,288
15847.0,0,0,8,0,8,0,288
15848.0,0,0,8,0,8,0,288
15849.0,0,0,8,0,8,0,288
15850.0,0,0,8,0,8,0,288
15851.0,0,0,8,0,8,0,288
15852.0,0,0,8,0,8,0,288
15853.0,0,0,8,0,8,0,288
15854.0,0,0,8,0,8,0,288
15855.0,0,0,8,0,8,0,288
15856.0,0,0,8,0,8,0,288
15857.0,0,0,8,0,8,0,288
15858.0,0,0,8,0,8,0,288
15859.0,0,0,8,0,8,0,288
15860.0,0,0,8,0,8,0,288
15861.0,0,0,8,0,8,0,288
15862.0,0,0,8,0,8,0,288
15863.0,0,0,8,0,8,0,288
15864.0,0,0,8,0,8,0,288
15865.0,0,0,8,0,8,0,288
15866.0,0,0,8,0,8,0,288
15867.0,0,0,8,0,8,0,288
15868.0,0,0,8,0,8,0,288
15869.0,0,0,8,0,8,0,288
15870.0,0,0,8,0,8,0,288
15871.0,0,0,8,0,8,0,288
15872.0,0,0,8,0,8,0,288
15873.0,0,0,8,0,8,0,288
15874.0,0,0,8,0,8,0,288
15875.0,0,0,8,0,8,0,288
15876.0,0,0,8,0,8,0,288
15877.0,0,0,8,0,8,0,288
15878.0,0,0,8,0,8,0,288
15879.0,0,0,8,0,8,0,288
15880.0,0,0,8,0,8,0,288
15881.0,0,0,8,0,8,0,288
15882.0,0,0,8,0,8,0,288
15883.0,0,0,8,0,8,0,288
15884.0,0,0,8,0,8,0,288
15885.0,0,0,8,0,8,0,288
15886.0,0,0,8,0,8,0,288
15887.0,0,0,8,0,8,0,288
15888.0,0,0,8,0,8,0,288
15889.0,0,0,8,0,8,0,288
15890.0,0,0,8,0,8,0,288
15891.0,0,0,8,0,8,0,288
15892.0,0,0,8,0,8,0,288
15893.0,0,0,8,0,8,0,288
15894.0,0,0,8,0,8,0,288
15895.0,0,0,8,0,8,0,288
15896.0,0,0,8,0,8,0,288
15897.0,0,0,8,0,8,0,288
15898.0,0,0,8,0,8,0,288
15899.0,0,0,8,0,8,0,288
15900.0,0,0,8,0,8,0,288
15901.0,0,0,8,0,8,0,288
15902.0,0,0,8,0,8,0,288
15903.0,0,0,8,0,8,0,288
15904.0,0,0,8,0,8,0,288
15905.0,0,0,8,0,8,0,288
15906.0,0,0,8,0,8,0,288
15907.0,0,0,8,0,8,0,288
15908.0,0,0,8,0,8,0,288
15909.0,0,0,8,0,8,0,288
15910.0,0,0,8,0,8,0,288
15911.0,0,0,8,0,8,0,288
15912.0,0,0,8,0,8,0,288
15913.0,0,0,8,0,8,0,288
15914.0,0,0,8,0,8,0,288
15915.0,0,0,8,0,8,0,288
15916.0,0,0,8,0,8,0,288
15917.0,0,0,8,0,8,0,288
15918.0,0,0,8,0,8,0,288
15919.0,0,0,8,0,8,0,288
15920.0,0,0,8,0,8,0,288
15921.0,0,0,8,0,8,0,288
15922.0,0,0,8,0,8,0,288
15923.0,0,0,8,0,8,0,288
15924.0,0,0,8,0,8,0,288
15925.0,0,0,8,0,8,0,288
15926.0,0,0,8,0,8,0,288
15927.0,0,0,8,0,8,0,288
15928.0,0,0,8,0,8,0,288
15929.0,0,0,8,0,8,0,288
15930.0,0,0,8,0,8,0,288
15931.0,0,0,8,0,8,0,288
15932.0,0,0,8,0,8,0,288
15933.0,0,0,8,0,8,0,288
15934.0,0,0,8,0,8,0,288
15935.0,0,0,8,0,8,0,288
15936.0,0,0,8,0,8,0,288
15937.0,0,0,8,0,8,0,288
15938.0,0,0,8,0,8,0,288
15939.0,0,0,8,0,8,0,288
15940.0,0,0,8,0,8,0,288
15941.0,0,0,8,0,8,0,288
15942.0,0,0,8,0,8,0,288
15943.0,0,0,8,0,8,0,288
15944.0,0,0,8,0,8,0,288
15945.0,0,0,8,0,8,0,288
15946.0,0,0,8,0,8,0,288
15947.0,0,0,8,0,8,0,288
15948.0,0,0,8,0,8,0,288
15949.0,0,0,8,0,8,0,288
15950.0,0,0,8,0,8,0,288
15951.0,0,0,8,0,8,0,288
15952.0,0,0,8,0,8,0,288
15953.0,0,0,8,0,8,0,288
15954.0,0,0,8,0,8,0,288
15955.0,0,0,8,0,8,0,288
15956.0,0,0,8,0,8,0,288
15957.0,0,0,8,0,8,0,288
15958.0,0,0,8,0,8,0,288
15959.0,0,0,8,0,8,0,288
15960.0,0,0,8,0,8,0,288
15961.0,0,0,8,0,8,0,288
15962.0,0,0,8,0,8,0,288
15963.0,0,0,8,0,8,0,288
15964.0,0,0,8,0,8,0,288
15965.0,0,0,8,0,8,0,288
15966.0,0,0,8,0,8,0,288
15967.0,0,0,8,0,8,0,288
15968.0,0,0,8,0,8,0,288
15969.0,0,0,8,0,8,0,288
15970.0,0,0,8,0,8,0,288
15971.0,0,0,8,0,8,0,288
15972.0,0,0,8,0,8,0,288
15973.0,0,0,8,0,8,0,288
15974.0,0,0,8,0,8,0,288
15975.0,0,0,8,0,8,0,288
15976.0,0,0,8,0,8,0,288
15977.0,0,0,8,0,8,0,288
15978.0,0,0,8,0,8,0,288
15979.0,0,0,8,0,8,0,288
15980.0,0,0,8,0,8,0,288
15981.0,0,0,8,0,8,0,288
15982.0,0,0,8,0,8,0,288
15983.0,0,0,8,0,8,0,288
15984.0,0,0,8,0,8,0,288
15985.0,0,0,8,0,8,0,288
15986.0,0,0,8,0,8,0,288
15987.0,0,0,8,0,8,0,288
15988.0,0,0,8,0,8,0,288
15989.0,0,0,8,0,8,0,288
15990.0,0,0,8,0,8,0,288
15991.0,0,0,8,0,8,0,288
15992.0,0,0,8,0,8,0,288
15993.0,0,0,8,0,8,0,288
15994.0,0,0,8,0,8,0,288
15995.0,0,0,8,0,8,0,288
15996.0,0,0,8,0,8,0,288
15997.0,0,0,8,0,8,0,288
15998.0,0,0,8,0,8,0,288
15999.0,0,0,8,0,8,0,288
16000.0,0,0,8,0,8,0,288
16001.0,0,0,8,0,8,0,288
16002.0,0,0,8,0,8,0,288
16003.0,0,0,8,0,8,0,288
16004.0,0,0,8,0,8,0,288
16005.0,0,0,8,0,8,0,288
16006.0,0,0,8,0,8,0,288
16007.0,0,0,8,0,8,0,288
16008.0,0,0,8,0,8,0,288
16009.0,0,0,8,0,8,0,288
16010.0,0,0,8,0,8,0,288
16011.0,0,0,8,0,8,0,288
16012.0,0,0,8,0,8,0,288
16013.0,0,0,8,0,8,0,288
16014.0,0,0,8,0,8,0,288
16015.0,0,0,8,0,8,0,288
16016.0,0,0,8,0,8,0,288
16017.0,0,0,8,0,8,0,288
16018.0,0,0,8,0,8,0,288
16019.0,0,0,8,0,8,0,288
16020.0,0,0,8,0,8,0,288
16021.0,0,0,8,0,8,0,288
16022.0,0,0,8,0,8,0,288
16023.0,0,0,8,0,8,0,288
16024.0,0,0,8,0,8,0,288
16025.0,0,0,8,0,8,0,288
16026.0,0,0,8,0,8,0,288
16027.0,0,0,8,0,8,0,288
16028.0,0,0,8,0,8,0,288
16029.0,0,0,8,0,8,0,288
16030.0,0,0,8,0,8,0,288
16031.0,0,0,8,0,8,0,288
16032.0,0,0,8,0,8,0,288
16033.0,0,0,8,0,8,0,288
16034.0,0,0,8,0,8,0,288
16035.0,0,0,8,0,8,0,288
16036.0,0,0,8,0,8,0,288
16037.0,0,0,8,0,8,0,288
16038.0,0,0,8,0,8,0,288
16039.0,0,0,8,0,8,0,288
16040.0,0,0,8,0,8,0,288
16041.0,0,0,8,0,8,0,288
16042.0,0,0,8,0,8,0,288
16043.0,0,0,8,0,8,0,288
16044.0,0,0,8,0,8,0,288
16045.0,0,0,8,0,8,0,288
16046.0,0,0,8,0,8,0,288
16047.0,0,0,8,0,8,0,288
16048.0,0,0,8,0,8,0,288
16049.0,0,0,8,0,8,0,288
16050.0,0,0,8,0,8,0,288
16051.0,0,0,8,0,8,0,288
16052.0,0,0,8,0,8,0,288
16053.0,0,0,8,0,8,0,288
16054.0,0,0,8,0,8,0,288
16055.0,0,0,8,0,8,0,288
16056.0,0,0,8,0,8,0,288
16057.0,0,0,8,0,8,0,288
16058.0,0,0,8,0,8,0,288
16059.0,0,0,8,0,8,0,288
16060.0,0,0,8,0,8,0,288
16061.0,0,0,8,0,8,0,288
16062.0,0,0,8,0,8,0,288
16063.0,0,0,8,0,8,0,288
16064.0,0,0,8,0,8,0,288
16065.0,0,0,8,0,8,0,288
16066.0,0,0,8,0,8,0,288
16067.0,0,0,8,0,8,0,288
16068.0,0,0,8,0,8,0,288
16069.0,0,0,8,0,8,0,288
16070.0,0,0,8,0,8,0,288
16071.0,0,0,8,0,8,0,288
16072.0,0,0,8,0,8,0,288
16073.0,0,0,8,0,8,0,288
16074.0,0,0,8,0,8,0,288
16075.0,0,0,8,0,8,0,288
16076.0,0,0,8,0,8,0,288
16077.0,0,0,8,0,8,0,288
16078.0,0,0,8,0,8,0,288
16079.0,0,0,8,0,8,0,288
16080.0,0,0,8,0,8,0,288
16081.0,0,0,8,0,8,0,288
16082.0,0,0,8,0,8,0,288
16083.0,0,0,8,0,8,0,288
16084.0,0,0,8,0,8,0,288
16085.0,0,0,8,0,8,0,288
16086.0,0,0,8,0,8,0,288
16087.0,0,0,8,0,8,0,288
16088.0,0,0,8,0,8,0,288
16089.0,0,0,8,0,8,0,288
16090.0,0,0,8,0,8,0,288
16091.0,0,0,8,0,8,0,288
16092.0,0,0,8,0,8,0,288
16093.0,0,0,8,0,8,0,288
16094.0,0,0,8,0,8,0,288
16095.0,0,0,8,0,8,0,288
16096.0,0,0,8,0,8,0,288
16097.0,0,0,8,0,8,0,288
16098.0,0,0,8,0,8,0,288
16099.0,0,0,8,0,8,0,288
16100.0,0,0,8,0,8,0,288
16101.0,0,0,8,0,8,0,288
16102.0,0,0,8,0,8,0,288
16103.0,0,0,8,0,8,0,288
16104.0,0,0,8,0,8,0,288
16105.0,0,0,8,0,8,0,288
16106.0,0,0,8,0,8,0,288
16107.0,0,0,8,0,8,0,288
16108.0,0,0,8,0,8,0,288
16109.0,0,0,8,0,8,0,288
16110.0,0,0,8,0,8,0,288
16111.0,0,0,8,0,8,0,288
16112.0,0,0,8,0,8,0,288
16113.0,0,0,8,0,8,0,288
16114.0,0,0,8,0,8,0,288
16115.0,0,0,8,0,8,0,288
16116.0,0,0,8,0,8,0,288
16117.0,0,0,8,0,8,0,288
16118.0,0,0,8,0,8,0,288
16119.0,0,0,8,0,8,0,288
16120.0,0,0,8,0,8,0,288
16121.0,0,0,8,0,8,0,288
16122.0,0,0,8,0,8,0,288
16123.0,0,0,8,0,8,0,288
16124.0,0,0,8,0,8,0,288
16125.0,0,0,8,0,8,0,288
16126.0,0,0,8,0,8,0,288
16127.0,0,0,8,0,8,0,288
16128.0,0,0,8,0,8,0,288
16129.0,0,0,8,0,8,0,288
16130.0,0,0,8,0,8,0,288
16131.0,0,0,8,0,8,0,288
16132.0,0,0,8,0,8,0,288
16133.0,0,0,8,0,8,0,288
16134.0,0,0,8,0,8,0,288
16135.0,0,0,8,0,8,0,288
16136.0,0,0,8,0,8,0,288
16137.0,0,0,8,0,8,0,288
16138.0,0,0,8,0,8,0,288
16139.0,0,0,8,0,8,0,288
16140.0,0,0,8,0,8,0,288
16141.0,0,0,8,0,8,0,288
16142.0,0,0,8,0,8,0,288
16143.0,0,0,8,0,8,0,288
16144.0,0,0,8,0,8,0,288
16145.0,0,0,8,0,8,0,288
16146.0,0,0,8,0,8,0,288
16147.0,0,0,8,0,8,0,288
16148.0,0,0,8,0,8,0,288
16149.0,0,0,8,0,8,0,288
16150.0,0,0,8,0,8,0,288
16151.0,0,0,8,0,8,0,288
16152.0,0,0,8,0,8,0,288
16153.0,0,0,8,0,8,0,288
16154.0,0,0,8,0,8,0,288
16155.0,0,0,8,0,8,0,288
16156.0,0,0,8,0,8,0,288
16157.0,0,0,8,0,8,0,288
16158.0,0,0,8,0,8,0,288
16159.0,0,0,8,0,8,0,288
16160.0,0,0,8,0,8,0,288
16161.0,0,0,8,0,8,0,288
16162.0,0,0,8,0,8,0,288
16163.0,0,0,8,0,8,0,288
16164.0,0,0,8,0,8,0,288
16165.0,0,0,8,0,8,0,288
16166.0,0,0,8,0,8,0,288
16167.0,0,0,8,0,8,0,288
16168.0,0,0,8,0,8,0,288
16169.0,0,0,8,0,8,0,288
16170.0,0,0,8,0,8,0,288
16171.0,0,0,8,0,8,0,288
16172.0,0,0,8,0,8,0,288
16173.0,0,0,8,0,8,0,288
16174.0,0,0,8,0,8,0,288
16175.0,0,0,8,0,8,0,288
16176.0,0,0,8,0,8,0,288
16177.0,0,0,8,0,8,0,288
16178.0,0,0,8,0,8,0,288
16179.0,0,0,8,0,8,0,288
16180.0,0,0,8,0,8,0,288
16181.0,0,0,8,0,8,0,288
16182.0,0,0,8,0,8,0,288
16183.0,0,0,8,0,8,0,288
16184.0,0,0,8,0,8,0,288
16185.0,0,0,8,0,8,0,288
16186.0,0,0,8,0,8,0,288
16187.0,0,0,8,0,8,0,288
16188.0,0,0,8,0,8,0,288
16189.0,0,0,8,0,8,0,288
16190.0,0,0,8,0,8,0,288
16191.0,0,0,8,0,8,0,288
16192.0,0,0,8,0,8,0,288
16193.0,0,0,8,0,8,0,288
16194.0,0,0,8,0,8,0,288
16195.0,0,0,8,0,8,0,288
16196.0,0,0,8,0,8,0,288
16197.0,0,0,8,0,8,0,288
16198.0,0,0,8,0,8,0,288
16199.0,0,0,8,0,8,0,288
16200.0,0,0,8,0,8,0,288
16201.0,0,0,8,0,8,0,288
16202.0,0,0,8,0,8,0,288
16203.0,0,0,8,0,8,0,288
16204.0,0,0,8,0,8,0,288
16205.0,0,0,8,0,8,0,288
16206.0,0,0,8,0,8,0,288
16207.0,0,0,8,0,8,0,288
16208.0,0,0,8,0,8,0,288
16209.0,0,0,8,0,8,0,288
16210.0,0,0,8,0,8,0,288
16211.0,0,0,8,0,8,0,288
16212.0,0,0,8,0,8,0,288
16213.0,0,0,8,0,8,0,288
16214.0,0,0,8,0,8,0,288
16215.0,0,0,8,0,8,0,288
16216.0,0,0,8,0,8,0,288
16217.0,0,0,8,0,8,0,288
16218.0,0,0,8,0,8,0,288
16219.0,0,0,8,0,8,0,288
16220.0,0,0,8,0,8,0,288
16221.0,0,0,8,0,8,0,288
16222.0,0,0,8,0,8,0,288
16223.0,0,0,8,0,8,0,288
16224.0,0,0,8,0,8,0,288
16225.0,0,0,8,0,8,0,288
16226.0,0,0,8,0,8,0,288
16227.0,0,0,8,0,8,0,288
16228.0,0,0,8,0,8,0,288
16229.0,0,0,8,0,8,0,288
16230.0,0,0,8,0,8,0,288
16231.0,0,0,8,0,8,0,288
16232.0,0,0,8,0,8,0,288
16233.0,0,0,8,0,8,0,288
16234.0,0,0,8,0,8,0,288
16235.0,0,0,8,0,8,0,288
16236.0,0,0,8,0,8,0,288
16237.0,0,0,8,0,8,0,288
16238.0,0,0,8,0,8,0,288
16239.0,0,0,8,0,8,0,288
16240.0,0,0,8,0,8,0,288
16241.0,0,0,8,0,8,0,288
16242.0,0,0,8,0,8,0,288
16243.0,0,0,8,0,8,0,288
16244.0,0,0,8,0,8,0,288
16245.0,0,0,8,0,8,0,288
16246.0,0,0,8,0,8,0,288
16247.0,0,0,8,0,8,0,288
16248.0,0,0,8,0,8,0,288
16249.0,0,0,8,0,8,0,288
16250.0,0,0,8,0,8,0,288
16251.0,0,0,8,0,8,0,288
16252.0,0,0,8,0,8,0,288
16253.0,0,0,8,0,8,0,288
16254.0,0,0,8,0,8,0,288
16255.0,0,0,8,0,8,0,288
16256.0,0,0,8,0,8,0,288
16257.0,0,0,8,0,8,0,288
16258.0,0,0,8,0,8,0,288
16259.0,0,0,8,0,8,0,288
16260.0,0,0,8,0,8,0,288
16261.0,0,0,8,0,8,0,288
16262.0,0,0,8,0,8,0,288
16263.0,0,0,8,0,8,0,288
16264.0,0,0,8,0,8,0,288
16265.0,0,0,8,0,8,0,288
16266.0,0,0,8,0,8,0,288
16267.0,0,0,8,0,8,0,288
16268.0,0,0,8,0,8,0,288
16269.0,0,0,8,0,8,0,288
16270.0,0,0,8,0,8,0,288
16271.0,0,0,8,0,8,0,288
16272.0,0,0,8,0,8,0,288
16273.0,0,0,8,0,8,0,288
16274.0,0,0,8,0,8,0,288
16275.0,0,0,8,0,8,0,288
16276.0,0,0,8,0,8,0,288
16277.0,0,0,8,0,8,0,288
16278.0,0,0,8,0,8,0,288
16279.0,0,0,8,0,8,0,288
16280.0,0,0,8,0,8,0,288
16281.0,0,0,8,0,8,0,288
16282.0,0,0,8,0,8,0,288
16283.0,0,0,8,0,8,0,288
16284.0,0,0,8,0,8,0,288
16285.0,0,0,8,0,8,0,288
16286.0,0,0,8,0,8,0,288
16287.0,0,0,8,0,8,0,288
16288.0,0,0,8,0,8,0,288
16289.0,0,0,8,0,8,0,288
16290.0,0,0,8,0,8,0,288
16291.0,0,0,8,0,8,0,288
16292.0,0,0,8,0,8,0,288
16293.0,0,0,8,0,8,0,288
16294.0,0,0,8,0,8,0,288
16295.0,0,0,8,0,8,0,288
16296.0,0,0,8,0,8,0,288
16297.0,0,0,8,0,8,0,288
16298.0,0,0,8,0,8,0,288
16299.0,0,0,8,0,8,0,288
16300.0,0,0,8,0,8,0,288
16301.0,0,0,8,0,8,0,288
16302.0,0,0,8,0,8,0,288
16303.0,0,0,8,0,8,0,288
16304.0,0,0,8,0,8,0,288
16305.0,0,0,8,0,8,0,288
16306.0,0,0,8,0,8,0,288
16307.0,0,0,8,0,8,0,288
16308.0,0,0,8,0,8,0,288
16309.0,0,0,8,0,8,0,288
16310.0,0,0,8,0,8,0,288
16311.0,0,0,8,0,8,0,288
16312.0,0,0,8,0,8,0,288
16313.0,0,0,8,0,8,0,288
16314.0,0,0,8,0,8,0,288
16315.0,0,0,8,0,8,0,288
16316.0,0,0,8,0,8,0,288
16317.0,0,0,8,0,8,0,288
16318.0,0,0,8,0,8,0,288
16319.0,0,0,8,0,8,0,288
16320.0,0,0,8,0,8,0,288
16321.0,0,0,8,0,8,0,288
16322.0,0,0,8,0,8,0,288
16323.0,0,0,8,0,8,0,288
16324.0,0,0,8,0,8,0,288
16325.0,0,0,8,0,8,0,288
16326.0,0,0,8,0,8,0,288
16327.0,0,0,8,0,8,0,288
16328.0,0,0,8,0,8,0,288
16329.0,0,0,8,0,8,0,288
16330.0,0,0,8,0,8,0,288
16331.0,0,0,8,0,8,0,288
16332.0,0,0,8,0,8,0,288
16333.0,0,0,8,0,8,0,288
16334.0,0,0,8,0,8,0,288
16335.0,0,0,8,0,8,0,288
16336.0,0,0,8,0,8,0,288
16337.0,0,0,8,0,8,0,288
16338.0,0,0,8,0,8,0,288
16339.0,0,0,8,0,8,0,288
16340.0,0,0,8,0,8,0,288
16341.0,0,0,8,0,8,0,288
16342.0,0,0,8,0,8,0,288
16343.0,0,0,8,0,8,0,288
16344.0,0,0,8,0,8,0,288
16345.0,0,0,8,0,8,0,288
16346.0,0,0,8,0,8,0,288
16347.0,0,0,8,0,8,0,288
16348.0,0,0,8,0,8,0,288
16349.0,0,0,8,0,8,0,288
16350.0,0,0,8,0,8,0,288
16351.0,0,0,8,0,8,0,288
16352.0,0,0,8,0,8,0,288
16353.0,0,0,8,0,8,0,288
16354.0,0,0,8,0,8,0,288
16355.0,0,0,8,0,8,0,288
16356.0,0,0,8,0,8,0,288
16357.0,0,0,8,0,8,0,288
16358.0,0,0,8,0,8,0,288
16359.0,0,0,8,0,8,0,288
16360.0,0,0,8,0,8,0,288
16361.0,0,0,8,0,8,0,288
16362.0,0,0,8,0,8,0,288
16363.0,0,0,8,0,8,0,288
16364.0,0,0,8,0,8,0,288
16365.0,0,0,8,0,8,0,288
16366.0,0,0,8,0,8,0,288
16367.0,0,0,8,0,8,0,288
16368.0,0,0,8,0,8,0,288
16369.0,0,0,8,0,8,0,288
16370.0,0,0,8,0,8,0,288
16371.0,0,0,8,0,8,0,288
16372.0,0,0,8,0,8,0,288
16373.0,0,0,8,0,8,0,288
16374.0,0,0,8,0,8,0,288
16375.0,0,0,8,0,8,0,288
16376.0,0,0,8,0,8,0,288
16377.0,0,0,8,0,8,0,288
16378.0,0,0,8,0,8,0,288
16379.0,0,0,8,0,8,0,288
16380.0,0,0,8,0,8,0,288
16381.0,0,0,8,0,8,0,288
16382.0,0,0,8,0,8,0,288
16383.0,0,0,8,0,8,0,288
16384.0,0,0,8,0,8,0,288
16385.0,0,0,8,0,8,0,288
16386.0,0,0,8,0,8,0,288
16387.0,0,0,8,0,8,0,288
16388.0,0,0,8,0,8,0,288
16389.0,0,0,8,0,8,0,288
16390.0,0,0,8,0,8,0,288
16391.0,0,0,8,0,8,0,288
16392.0,0,0,8,0,8,0,288
16393.0,0,0,8,0,8,0,288
16394.0,0,0,8,0,8,0,288
16395.0,0,0,8,0,8,0,288
16396.0,0,0,8,0,8,0,288
16397.0,0,0,8,0,8,0,288
16398.0,0,0,8,0,8,0,288
16399.0,0,0,8,0,8,0,288
16400.0,0,0,8,0,8,0,288
16401.0,0,0,8,0,8,0,288
16402.0,0,0,8,0,8,0,288
16403.0,0,0,8,0,8,0,288
16404.0,0,0,8,0,8,0,288
16405.0,0,0,8,0,8,0,288
16406.0,0,0,8,0,8,0,288
16407.0,0,0,8,0,8,0,288
16408.0,0,0,8,0,8,0,288
16409.0,0,0,8,0,8,0,288
16410.0,0,0,8,0,8,0,288
16411.0,0,0,8,0,8,0,288
16412.0,0,0,8,0,8,0,288
16413.0,0,0,8,0,8,0,288
16414.0,0,0,8,0,8,0,288
16415.0,0,0,8,0,8,0,288
16416.0,0,0,8,0,8,0,288
16417.0,0,0,8,0,8,0,288
16418.0,0,0,8,0,8,0,288
16419.0,0,0,8,0,8,0,288
16420.0,0,0,8,0,8,0,288
16421.0,0,0,8,0,8,0,288
16422.0,0,0,8,0,8,0,288
16423.0,0,0,8,0,8,0,288
16424.0,0,0,8,0,8,0,288
16425.0,0,0,8,0,8,0,288
16426.0,0,0,8,0,8,0,288
16427.0,0,0,8,0,8,0,288
16428.0,0,0,8,0,8,0,288
16429.0,0,0,8,0,8,0,288
16430.0,0,0,8,0,8,0,288
16431.0,0,0,8,0,8,0,288
16432.0,0,0,8,0,8,0,288
16433.0,0,0,8,0,8,0,288
16434.0,0,0,8,0,8,0,288
16435.0,0,0,8,0,8,0,288
16436.0,0,0,8,0,8,0,288
16437.0,0,0,8,0,8,0,288
16438.0,0,0,8,0,8,0,288
16439.0,0,0,8,0,8,0,288
16440.0,0,0,8,0,8,0,288
16441.0,0,0,8,0,8,0,288
16442.0,0,0,8,0,8,0,288
16443.0,0,0,8,0,8,0,288
16444.0,0,0,8,0,8,0,288
16445.0,0,0,8,0,8,0,288
16446.0,0,0,8,0,8,0,288
16447.0,0,0,8,0,8,0,288
16448.0,0,0,8,0,8,0,288
16449.0,0,0,8,0,8,0,288
16450.0,0,0,8,0,8,0,288
16451.0,0,0,8,0,8,0,288
16452.0,0,0,8,0,8,0,288
16453.0,0,0,8,0,8,0,288
16454.0,0,0,8,0,8,0,288
16455.0,0,0,8,0,8,0,288
16456.0,0,0,8,0,8,0,288
16457.0,0,0,8,0,8,0,288
16458.0,0,0,8,0,8,0,288
16459.0,0,0,8,0,8,0,288
16460.0,0,0,8,0,8,0,288
16461.0,0,0,8,0,8,0,288
16462.0,0,0,8,0,8,0,288
16463.0,0,0,8,0,8,0,288
16464.0,0,0,8,0,8,0,288
16465.0,0,0,8,0,8,0,288
16466.0,0,0,8,0,8,0,288
16467.0,0,0,8,0,8,0,288
16468.0,0,0,8,0,8,0,288
16469.0,0,0,8,0,8,0,288
16470.0,0,0,8,0,8,0,288
16471.0,0,0,8,0,8,0,288
16472.0,0,0,8,0,8,0,288
16473.0,0,0,8,0,8,0,288
16474.0,0,0,8,0,8,0,288
16475.0,0,0,8,0,8,0,288
16476.0,0,0,8,0,8,0,288
16477.0,0,0,8,0,8,0,288
16478.0,0,0,8,0,8,0,288
16479.0,0,0,8,0,8,0,288
16480.0,0,0,8,0,8,0,288
16481.0,0,0,8,0,8,0,288
16482.0,0,0,8,0,8,0,288
16483.0,0,0,8,0,8,0,288
16484.0,0,0,8,0,8,0,288
16485.0,0,0,8,0,8,0,288
16486.0,0,0,8,0,8,0,288
16487.0,0,0,8,0,8,0,288
16488.0,0,0,8,0,8,0,288
16489.0,0,0,8,0,8,0,288
16490.0,0,0,8,0,8,0,288
16491.0,0,0,8,0,8,0,288
16492.0,0,0,8,0,8,0,288
16493.0,0,0,8,0,8,0,288
16494.0,0,0,8,0,8,0,288
16495.0,0,0,8,0,8,0,288
16496.0,0,0,8,0,8,0,288
16497.0,0,0,8,0,8,0,288
16498.0,0,0,8,0,8,0,288
16499.0,0,0,8,0,8,0,288
16500.0,0,0,8,0,8,0,288
16501.0,0,0,8,0,8,0,288
16502.0,0,0,8,0,8,0,288
16503.0,0,0,8,0,8,0,288
16504.0,0,0,8,0,8,0,288
16505.0,0,0,8,0,8,0,288
16506.0,0,0,8,0,8,0,288
16507.0,0,0,8,0,8,0,288
16508.0,0,0,8,0,8,0,288
16509.0,0,0,8,0,8,0,288
16510.0,0,0,8,0,8,0,288
16511.0,0,0,8,0,8,0,288
16512.0,0,0,8,0,8,0,288
16513.0,0,0,8,0,8,0,288
16514.0,0,0,8,0,8,0,288
16515.0,0,0,8,0,8,0,288
16516.0,0,0,8,0,8,0,288
16517.0,0,0,8,0,8,0,288
16518.0,0,0,8,0,8,0,288
16519.0,0,0,8,0,8,0,288
16520.0,0,0,8,0,8,0,288
16521.0,0,0,8,0,8,0,288
16522.0,0,0,8,0,8,0,288
16523.0,0,0,8,0,8,0,288
16524.0,0,0,8,0,8,0,288
16525.0,0,0,8,0,8,0,288
16526.0,0,0,8,0,8,0,288
16527.0,0,0,8,0,8,0,288
16528.0,0,0,8,0,8,0,288
16529.0,0,0,8,0,8,0,288
16530.0,0,0,8,0,8,0,288
16531.0,0,0,8,0,8,0,288
16532.0,0,0,8,0,8,0,288
16533.0,0,0,8,0,8,0,288
16534.0,0,0,8,0,8,0,288
16535.0,0,0,8,0,8,0,288
16536.0,0,0,8,0,8,0,288
16537.0,0,0,8,0,8,0,288
16538.0,0,0,8,0,8,0,288
16539.0,0,0,8,0,8,0,288
16540.0,0,0,8,0,8,0,288
16541.0,0,0,8,0,8,0,288
16542.0,0,0,8,0,8,0,288
16543.0,0,0,8,0,8,0,288
16544.0,0,0,8,0,8,0,288
16545.0,0,0,8,0,8,0,288
16546.0,0,0,8,0,8,0,288
16547.0,0,0,8,0,8,0,288
16548.0,0,0,8,0,8,0,288
16549.0,0,0,8,0,8,0,288
16550.0,0,0,8,0,8,0,288
16551.0,0,0,8,0,8,0,288
16552.0,0,0,8,0,8,0,288
16553.0,0,0,8,0,8,0,288
16554.0,0,0,8,0,8,0,288
16555.0,0,0,8,0,8,0,288
16556.0,0,0,8,0,8,0,288
16557.0,0,0,8,0,8,0,288
16558.0,0,0,8,0,8,0,288
16559.0,0,0,8,0,8,0,288
16560.0,0,0,8,0,8,0,288
16561.0,0,0,8,0,8,0,288
16562.0,0,0,8,0,8,0,288
16563.0,0,0,8,0,8,0,288
16564.0,0,0,8,0,8,0,288
16565.0,0,0,8,0,8,0,288
16566.0,0,0,8,0,8,0,288
16567.0,0,0,8,0,8,0,288
16568.0,0,0,8,0,8,0,288
16569.0,0,0,8,0,8,0,288
16570.0,0,0,8,0,8,0,288
16571.0,0,0,8,0,8,0,288
16572.0,0,0,8,0,8,0,288
16573.0,0,0,8,0,8,0,288
16574.0,0,0,8,0,8,0,288
16575.0,0,0,8,0,8,0,288
16576.0,0,0,8,0,8,0,288
16577.0,0,0,8,0,8,0,288
16578.0,0,0,8,0,8,0,288
16579.0,0,0,8,0,8,0,288
16580.0,0,0,8,0,8,0,288
16581.0,0,0,8,0,8,0,288
16582.0,0,0,8,0,8,0,288
16583.0,0,0,8,0,8,0,288
16584.0,0,0,8,0,8,0,288
16585.0,0,0,8,0,8,0,288
16586.0,0,0,8,0,8,0,288
16587.0,0,0,8,0,8,0,288
16588.0,0,0,8,0,8,0,288
16589.0,0,0,8,0,8,0,288
16590.0,0,0,8,0,8,0,288
16591.0,0,0,8,0,8,0,288
16592.0,0,0,8,0,8,0,288
16593.0,0,0,8,0,8,0,288
16594.0,0,0,8,0,8,0,288
16595.0,0,0,8,0,8,0,288
16596.0,0,0,8,0,8,0,288
16597.0,0,0,8,0,8,0,288
16598.0,0,0,8,0,8,0,288
16599.0,0,0,8,0,8,0,288
16600.0,0,0,8,0,8,0,288
16601.0,0,0,8,0,8,0,288
16602.0,0,0,8,0,8,0,288
16603.0,0,0,8,0,8,0,288
16604.0,0,0,8,0,8,0,288
16605.0,0,0,8,0,8,0,288
16606.0,0,0,8,0,8,0,288
16607.0,0,0,8,0,8,0,288
16608.0,0,0,8,0,8,0,288
16609.0,0,0,8,0,8,0,288
16610.0,0,0,8,0,8,0,288
16611.0,0,0,8,0,8,0,288
16612.0,0,0,8,0,8,0,288
16613.0,0,0,8,0,8,0,288
16614.0,0,0,8,0,8,0,288
16615.0,0,0,8,0,8,0,288
16616.0,0,0,8,0,8,0,288
16617.0,0,0,8,0,8,0,288
16618.0,0,0,8,0,8,0,288
16619.0,0,0,8,0,8,0,288
16620.0,0,0,8,0,8,0,288
16621.0,0,0,8,0,8,0,288
16622.0,0,0,8,0,8,0,288
16623.0,0,0,8,0,8,0,288
16624.0,0,0,8,0,8,0,288
16625.0,0,0,8,0,8,0,288
16626.0,0,0,8,0,8,0,288
16627.0,0,0,8,0,8,0,288
16628.0,0,0,8,0,8,0,288
16629.0,0,0,8,0,8,0,288
16630.0,0,0,8,0,8,0,288
16631.0,0,0,8,0,8,0,288
16632.0,0,0,8,0,8,0,288
16633.0,0,0,8,0,8,0,288
16634.0,0,0,8,0,8,0,288
16635.0,0,0,8,0,8,0,288
16636.0,0,0,8,0,8,0,288
16637.0,0,0,8,0,8,0,288
16638.0,0,0,8,0,8,0,288
16639.0,0,0,8,0,8,0,288
16640.0,0,0,8,0,8,0,288
16641.0,0,0,8,0,8,0,288
16642.0,0,0,8,0,8,0,288
16643.0,0,0,8,0,8,0,288
16644.0,0,0,8,0,8,0,288
16645.0,0,0,8,0,8,0,288
16646.0,0,0,8,0,8,0,288
16647.0,0,0,8,0,8,0,288
16648.0,0,0,8,0,8,0,288
16649.0,0,0,8,0,8,0,288
16650.0,0,0,8,0,8,0,288
16651.0,0,0,8,0,8,0,288
16652.0,0,0,8,0,8,0,288
16653.0,0,0,8,0,8,0,288
16654.0,0,0,8,0,8,0,288
16655.0,0,0,8,0,8,0,288
16656.0,0,0,8,0,8,0,288
16657.0,0,0,8,0,8,0,288
16658.0,0,0,8,0,8,0,288
16659.0,0,0,8,0,8,0,288
16660.0,0,0,8,0,8,0,288
16661.0,0,0,8,0,8,0,288
16662.0,0,0,8,0,8,0,288
16663.0,0,0,8,0,8,0,288
16664.0,0,0,8,0,8,0,288
16665.0,0,0,8,0,8,0,288
16666.0,0,0,8,0,8,0,288
16667.0,0,0,8,0,8,0,288
16668.0,0,0,8,0,8,0,288
16669.0,0,0,8,0,8,0,288
16670.0,0,0,8,0,8,0,288
16671.0,0,0,8,0,8,0,288
16672.0,0,0,8,0,8,0,288
16673.0,0,0,8,0,8,0,288
16674.0,0,0,8,0,8,0,288
16675.0,0,0,8,0,8,0,288
16676.0,0,0,8,0,8,0,288
16677.0,0,0,8,0,8,0,288
16678.0,0,0,8,0,8,0,288
16679.0,0,0,8,0,8,0,288
16680.0,0,0,8,0,8,0,288
16681.0,0,0,8,0,8,0,288
16682.0,0,0,8,0,8,0,288
16683.0,0,0,8,0,8,0,288
16684.0,0,0,8,0,8,0,288
16685.0,0,0,8,0,8,0,288
16686.0,0,0,8,0,8,0,288
16687.0,0,0,8,0,8,0,288
16688.0,0,0,8,0,8,0,288
16689.0,0,0,8,0,8,0,288
16690.0,0,0,8,0,8,0,288
16691.0,0,0,8,0,8,0,288
16692.0,0,0,8,0,8,0,288
16693.0,0,0,8,0,8,0,288
16694.0,0,0,8,0,8,0,288
16695.0,0,0,8,0,8,0,288
16696.0,0,0,8,0,8,0,288
16697.0,0,0,8,0,8,0,288
16698.0,0,0,8,0,8,0,288
16699.0,0,0,8,0,8,0,288
16700.0,0,0,8,0,8,0,288
16701.0,0,0,8,0,8,0,288
16702.0,0,0,8,0,8,0,288
16703.0,0,0,8,0,8,0,288
16704.0,0,0,8,0,8,0,288
16705.0,0,0,8,0,8,0,288
16706.0,0,0,8,0,8,0,288
16707.0,0,0,8,0,8,0,288
16708.0,0,0,8,0,8,0,288
16709.0,0,0,8,0,8,0,288
16710.0,0,0,8,0,8,0,288
16711.0,0,0,8,0,8,0,288
16712.0,0,0,8,0,8,0,288
16713.0,0,0,8,0,8,0,288
16714.0,0,0,8,0,8,0,288
16715.0,0,0,8,0,8,0,288
16716.0,0,0,8,0,8,0,288
16717.0,0,0,8,0,8,0,288
16718.0,0,0,8,0,8,0,288
16719.0,0,0,8,0,8,0,288
16720.0,0,0,8,0,8,0,288
16721.0,0,0,8,0,8,0,288
16722.0,0,0,8,0,8,0,288
16723.0,0,0,8,0,8,0,288
16724.0,0,0,8,0,8,0,288
16725.0,0,0,8,0,8,0,288
16726.0,0,0,8,0,8,0,288
16727.0,0,0,8,0,8,0,288
16728.0,0,0,8,0,8,0,288
16729.0,0,0,8,0,8,0,288
16730.0,0,0,8,0,8,0,288
16731.0,0,0,8,0,8,0,288
16732.0,0,0,8,0,8,0,288
16733.0,0,0,8,0,8,0,288
16734.0,0,0,8,0,8,0,288
16735.0,0,0,8,0,8,0,288
16736.0,0,0,8,0,8,0,288
16737.0,0,0,8,0,8,0,288
16738.0,0,0,8,0,8,0,288
16739.0,0,0,8,0,8,0,288
16740.0,0,0,8,0,8,0,288
16741.0,0,0,8,0,8,0,288
16742.0,0,0,8,0,8,0,288
16743.0,0,0,8,0,8,0,288
16744.0,0,0,8,0,8,0,288
16745.0,0,0,8,0,8,0,288
16746.0,0,0,8,0,8,0,288
16747.0,0,0,8,0,8,0,288
16748.0,0,0,8,0,8,0,288
16749.0,0,0,8,0,8,0,288
16750.0,0,0,8,0,8,0,288
16751.0,0,0,8,0,8,0,288
16752.0,0,0,8,0,8,0,288
16753.0,0,0,8,0,8,0,288
16754.0,0,0,8,0,8,0,288
16755.0,0,0,8,0,8,0,288
16756.0,0,0,8,0,8,0,288
16757.0,0,0,8,0,8,0,288
16758.0,0,0,8,0,8,0,288
16759.0,0,0,8,0,8,0,288
16760.0,0,0,8,0,8,0,288
16761.0,0,0,8,0,8,0,288
16762.0,0,0,8,0,8,0,288
16763.0,0,0,8,0,8,0,288
16764.0,0,0,8,0,8,0,288
16765.0,0,0,8,0,8,0,288
16766.0,0,0,8,0,8,0,288
16767.0,0,0,8,0,8,0,288
16768.0,0,0,8,0,8,0,288
16769.0,0,0,8,0,8,0,288
16770.0,0,0,8,0,8,0,288
16771.0,0,0,8,0,8,0,288
16772.0,0,0,8,0,8,0,288
16773.0,0,0,8,0,8,0,288
16774.0,0,0,8,0,8,0,288
16775.0,0,0,8,0,8,0,288
16776.0,0,0,8,0,8,0,288
16777.0,0,0,8,0,8,0,288
16778.0,0,0,8,0,8,0,288
16779.0,0,0,8,0,8,0,288
16780.0,0,0,8,0,8,0,288
16781.0,0,0,8,0,8,0,288
16782.0,0,0,8,0,8,0,288
16783.0,0,0,8,0,8,0,288
16784.0,0,0,8,0,8,0,288
16785.0,0,0,8,0,8,0,288
16786.0,0,0,8,0,8,0,288
16787.0,0,0,8,0,8,0,288
16788.0,0,0,8,0,8,0,288
16789.0,0,0,8,0,8,0,288
16790.0,0,0,8,0,8,0,288
16791.0,0,0,8,0,8,0,288
16792.0,0,0,8,0,8,0,288
16793.0,0,0,8,0,8,0,288
16794.0,0,0,8,0,8,0,288
16795.0,0,0,8,0,8,0,288
16796.0,0,0,8,0,8,0,288
16797.0,0,0,8,0,8,0,288
16798.0,0,0,8,0,8,0,288
16799.0,0,0,8,0,8,0,288
16800.0,0,0,8,0,8,0,288
16801.0,0,0,8,0,8,0,288
16802.0,0,0,8,0,8,0,288
16803.0,0,0,8,0,8,0,288
16804.0,0,0,8,0,8,0,288
16805.0,0,0,8,0,8,0,288
16806.0,0,0,8,0,8,0,288
16807.0,0,0,8,0,8,0,288
16808.0,0,0,8,0,8,0,288
16809.0,0,0,8,0,8,0,288
16810.0,0,0,8,0,8,0,288
16811.0,0,0,8,0,8,0,288
16812.0,0,0,8,0,8,0,288
16813.0,0,0,8,0,8,0,288
16814.0,0,0,8,0,8,0,288
16815.0,0,0,8,0,8,0,288
16816.0,0,0,8,0,8,0,288
16817.0,0,0,8,0,8,0,288
16818.0,0,0,8,0,8,0,288
16819.0,0,0,8,0,8,0,288
16820.0,0,0,8,0,8,0,288
16821.0,0,0,8,0,8,0,288
16822.0,0,0,8,0,8,0,288
16823.0,0,0,8,0,8,0,288
16824.0,0,0,8,0,8,0,288
16825.0,0,0,8,0,8,0,288
16826.0,0,0,8,0,8,0,288
16827.0,0,0,8,0,8,0,288
16828.0,0,0,8,0,8,0,288
16829.0,0,0,8,0,8,0,288
16830.0,0,0,8,0,8,0,288
16831.0,0,0,8,0,8,0,288
16832.0,0,0,8,0,8,0,288
16833.0,0,0,8,0,8,0,288
16834.0,0,0,8,0,8,0,288
16835.0,0,0,8,0,8,0,288
16836.0,0,0,8,0,8,0,288
16837.0,0,0,8,0,8,0,288
16838.0,0,0,8,0,8,0,288
16839.0,0,0,8,0,8,0,288
16840.0,0,0,8,0,8,0,288
16841.0,0,0,8,0,8,0,288
16842.0,0,0,8,0,8,0,288
16843.0,0,0,8,0,8,0,288
16844.0,0,0,8,0,8,0,288
16845.0,0,0,8,0,8,0,288
16846.0,0,0,8,0,8,0,288
16847.0,0,0,8,0,8,0,288
16848.0,0,0,8,0,8,0,288
16849.0,0,0,8,0,8,0,288
16850.0,0,0,8,0,8,0,288
16851.0,0,0,8,0,8,0,288
16852.0,0,0,8,0,8,0,288
16853.0,0,0,8,0,8,0,288
16854.0,0,0,8,0,8,0,288
16855.0,0,0,8,0,8,0,288
16856.0,0,0,8,0,8,0,288
16857.0,0,0,8,0,8,0,288
16858.0,0,0,8,0,8,0,288
16859.0,0,0,8,0,8,0,288
16860.0,0,0,8,0,8,0,288
16861.0,0,0,8,0,8,0,288
16862.0,0,0,8,0,8,0,288
16863.0,0,0,8,0,8,0,288
16864.0,0,0,8,0,8,0,288
16865.0,0,0,8,0,8,0,288
16866.0,0,0,8,0,8,0,288
16867.0,0,0,8,0,8,0,288
16868.0,0,0,8,0,8,0,288
16869.0,0,0,8,0,8,0,288
16870.0,0,0,8,0,8,0,288
16871.0,0,0,8,0,8,0,288
16872.0,0,0,8,0,8,0,288
16873.0,0,0,8,0,8,0,288
16874.0,0,0,8,0,8,0,288
16875.0,0,0,8,0,8,0,288
16876.0,0,0,8,0,8,0,288
16877.0,0,0,8,0,8,0,288
16878.0,0,0,8,0,8,0,288
16879.0,0,0,8,0,8,0,288
16880.0,0,0,8,0,8,0,288
16881.0,0,0,8,0,8,0,288
16882.0,0,0,8,0,8,0,288
16883.0,0,0,8,0,8,0,288
16884.0,0,0,8,0,8,0,288
16885.0,0,0,8,0,8,0,288
16886.0,0,0,8,0,8,0,288
16887.0,0,0,8,0,8,0,288
16888.0,0,0,8,0,8,0,288
16889.0,0,0,8,0,8,0,288
16890.0,0,0,8,0,8,0,288
16891.0,0,0,8,0,8,0,288
16892.0,0,0,8,0,8,0,288
16893.0,0,0,8,0,8,0,288
16894.0,0,0,8,0,8,0,288
16895.0,0,0,8,0,8,0,288
16896.0,0,0,8,0,8,0,288
16897.0,0,0,8,0,8,0,288
16898.0,0,0,8,0,8,0,288
16899.0,0,0,8,0,8,0,288
16900.0,0,0,8,0,8,0,288
16901.0,0,0,8,0,8,0,288
16902.0,0,0,8,0,8,0,288
16903.0,0,0,8,0,8,0,288
16904.0,0,0,8,0,8,0,288
16905.0,0,0,8,0,8,0,288
16906.0,0,0,8,0,8,0,288
16907.0,0,0,8,0,8,0,288
16908.0,0,0,8,0,8,0,288
16909.0,0,0,8,0,8,0,288
16910.0,0,0,8,0,8,0,288
16911.0,0,0,8,0,8,0,288
16912.0,0,0,8,0,8,0,288
16913.0,0,0,8,0,8,0,288
16914.0,0,0,8,0,8,0,288
16915.0,0,0,8,0,8,0,288
16916.0,0,0,8,0,8,0,288
16917.0,0,0,8,0,8,0,288
16918.0,0,0,8,0,8,0,288
16919.0,0,0,8,0,8,0,288
16920.0,0,0,8,0,8,0,288
16921.0,0,0,8,0,8,0,288
16922.0,0,0,8,0,8,0,288
16923.0,0,0,8,0,8,0,288
16924.0,0,0,8,0,8,0,288
16925.0,0,0,8,0,8,0,288
16926.0,0,0,8,0,8,0,288
16927.0,0,0,8,0,8,0,288
16928.0,0,0,8,0,8,0,288
16929.0,0,0,8,0,8,0,288
16930.0,0,0,8,0,8,0,288
16931.0,0,0,8,0,8,0,288
16932.0,0,0,8,0,8,0,288
16933.0,0,0,8,0,8,0,288
16934.0,0,0,8,0,8,0,288
16935.0,0,0,8,0,8,0,288
16936.0,0,0,8,0,8,0,288
16937.0,0,0,8,0,8,0,288
16938.0,0,0,8,0,8,0,288
16939.0,0,0,8,0,8,0,288
16940.0,0,0,8,0,8,0,288
16941.0,0,0,8,0,8,0,288
16942.0,0,0,8,0,8,0,288
16943.0,0,0,8,0,8,0,288
16944.0,0,0,8,0,8,0,288
16945.0,0,0,8,0,8,0,288
16946.0,0,0,8,0,8,0,288
16947.0,0,0,8,0,8,0,288
16948.0,0,0,8,0,8,0,288
16949.0,0,0,8,0,8,0,288
16950.0,0,0,8,0,8,0,288
16951.0,0,0,8,0,8,0,288
16952.0,0,0,8,0,8,0,288
16953.0,0,0,8,0,8,0,288
16954.0,0,0,8,0,8,0,288
16955.0,0,0,8,0,8,0,288
16956.0,0,0,8,0,8,0,288
16957.0,0,0,8,0,8,0,288
16958.0,0,0,8,0,8,0,288
16959.0,0,0,8,0,8,0,288
16960.0,0,0,8,0,8,0,288
16961.0,0,0,8,0,8,0,288
16962.0,0,0,8,0,8,0,288
16963.0,0,0,8,0,8,0,288
16964.0,0,0,8,0,8,0,288
16965.0,0,0,8,0,8,0,288
16966.0,0,0,8,0,8,0,288
16967.0,0,0,8,0,8,0,288
16968.0,0,0,8,0,8,0,288
16969.0,0,0,8,0,8,0,288
16970.0,0,0,8,0,8,0,288
16971.0,0,0,8,0,8,0,288
16972.0,0,0,8,0,8,0,288
16973.0,0,0,8,0,8,0,288
16974.0,0,0,8,0,8,0,288
16975.0,0,0,8,0,8,0,288
16976.0,0,0,8,0,8,0,288
16977.0,0,0,8,0,8,0,288
16978.0,0,0,8,0,8,0,288
16979.0,0,0,8,0,8,0,288
16980.0,0,0,8,0,8,0,288
16981.0,0,0,8,0,8,0,288
16982.0,0,0,8,0,8,0,288
16983.0,0,0,8,0,8,0,288
16984.0,0,0,8,0,8,0,288
16985.0,0,0,8,0,8,0,288
16986.0,0,0,8,0,8,0,288
16987.0,0,0,8,0,8,0,288
16988.0,0,0,8,0,8,0,288
16989.0,0,0,8,0,8,0,288
16990.0,0,0,8,0,8,0,288
16991.0,0,0,8,0,8,0,288
16992.0,0,0,8,0,8,0,288
16993.0,0,0,8,0,8,0,288
16994.0,0,0,8,0,8,0,288
16995.0,0,0,8,0,8,0,288
16996.0,0,0,8,0,8,0,288
16997.0,0,0,8,0,8,0,288
16998.0,0,0,8,0,8,0,288
16999.0,0,0,8,0,8,0,288
17000.0,0,0,8,0,8,0,288
17001.0,0,0,8,0,8,0,288
17002.0,0,0,8,0,8,0,288
17003.0,0,0,8,0,8,0,288
17004.0,0,0,8,0,8,0,288
17005.0,0,0,8,0,8,0,288
17006.0,0,0,8,0,8,0,288
17007.0,0,0,8,0,8,0,288
17008.0,0,0,8,0,8,0,288
17009.0,0,0,8,0,8,0,288
17010.0,0,0,8,0,8,0,288
17011.0,0,0,8,0,8,0,288
17012.0,0,0,8,0,8,0,288
17013.0,0,0,8,0,8,0,288
17014.0,0,0,8,0,8,0,288
17015.0,0,0,8,0,8,0,288
17016.0,0,0,8,0,8,0,288
17017.0,0,0,8,0,8,0,288
17018.0,0,0,8,0,8,0,288
17019.0,0,0,8,0,8,0,288
17020.0,0,0,8,0,8,0,288
17021.0,0,0,8,0,8,0,288
17022.0,0,0,8,0,8,0,288
17023.0,0,0,8,0,8,0,288
17024.0,0,0,8,0,8,0,288
17025.0,0,0,8,0,8,0,288
17026.0,0,0,8,0,8,0,288
17027.0,0,0,8,0,8,0,288
17028.0,0,0,8,0,8,0,288
17029.0,0,0,8,0,8,0,288
17030.0,0,0,8,0,8,0,288
17031.0,0,0,8,0,8,0,288
17032.0,0,0,8,0,8,0,288
17033.0,0,0,8,0,8,0,288
17034.0,0,0,8,0,8,0,288
17035.0,0,0,8,0,8,0,288
17036.0,0,0,8,0,8,0,288
17037.0,0,0,8,0,8,0,288
17038.0,0,0,8,0,8,0,288
17039.0,0,0,8,0,8,0,288
17040.0,0,0,8,0,8,0,288
17041.0,0,0,8,0,8,0,288
17042.0,0,0,8,0,8,0,288
17043.0,0,0,8,0,8,0,288
17044.0,0,0,8,0,8,0,288
17045.0,0,0,8,0,8,0,288
17046.0,0,0,8,0,8,0,288
17047.0,0,0,8,0,8,0,288
17048.0,0,0,8,0,8,0,288
17049.0,0,0,8,0,8,0,288
17050.0,0,0,8,0,8,0,288
17051.0,0,0,8,0,8,0,288
17052.0,0,0,8,0,8,0,288
17053.0,0,0,8,0,8,0,288
17054.0,0,0,8,0,8,0,288
17055.0,0,0,8,0,8,0,288
17056.0,0,0,8,0,8,0,288
17057.0,0,0,8,0,8,0,288
17058.0,0,0,8,0,8,0,288
17059.0,0,0,8,0,8,0,288
17060.0,0,0,8,0,8,0,288
17061.0,0,0,8,0,8,0,288
17062.0,0,0,8,0,8,0,288
17063.0,0,0,8,0,8,0,288
17064.0,0,0,8,0,8,0,288
17065.0,0,0,8,0,8,0,288
17066.0,0,0,8,0,8,0,288
17067.0,0,0,8,0,8,0,288
17068.0,0,0,8,0,8,0,288
17069.0,0,0,8,0,8,0,288
17070.0,0,0,8,0,8,0,288
17071.0,0,0,8,0,8,0,288
17072.0,0,0,8,0,8,0,288
17073.0,0,0,8,0,8,0,288
17074.0,0,0,8,0,8,0,288
17075.0,0,0,8,0,8,0,288
17076.0,0,0,8,0,8,0,288
17077.0,0,0,8,0,8,0,288
17078.0,0,0,8,0,8,0,288
17079.0,0,0,8,0,8,0,288
17080.0,0,0,8,0,8,0,288
17081.0,0,0,8,0,8,0,288
17082.0,0,0,8,0,8,0,288
17083.0,0,0,8,0,8,0,288
17084.0,0,0,8,0,8,0,288
17085.0,0,0,8,0,8,0,288
17086.0,0,0,8,0,8,0,288
17087.0,0,0,8,0,8,0,288
17088.0,0,0,8,0,8,0,288
17089.0,0,0,8,0,8,0,288
17090.0,0,0,8,0,8,0,288
17091.0,0,0,8,0,8,0,288
17092.0,0,0,8,0,8,0,288
17093.0,0,0,8,0,8,0,288
17094.0,0,0,8,0,8,0,288
17095.0,0,0,8,0,8,0,288
17096.0,0,0,8,0,8,0,288
17097.0,0,0,8,0,8,0,288
17098.0,0,0,8,0,8,0,288
17099.0,0,0,8,0,8,0,288
17100.0,0,0,8,0,8,0,288
17101.0,0,0,8,0,8,0,288
17102.0,0,0,8,0,8,0,288
17103.0,0,0,8,0,8,0,288
17104.0,0,0,8,0,8,0,288
17105.0,0,0,8,0,8,0,288
17106.0,0,0,8,0,8,0,288
17107.0,0,0,8,0,8,0,288
17108.0,0,0,8,0,8,0,288
17109.0,0,0,8,0,8,0,288
17110.0,0,0,8,0,8,0,288
17111.0,0,0,8,0,8,0,288
17112.0,0,0,8,0,8,0,288
17113.0,0,0,8,0,8,0,288
17114.0,0,0,8,0,8,0,288
17115.0,0,0,8,0,8,0,288
17116.0,0,0,8,0,8,0,288
17117.0,0,0,8,0,8,0,288
17118.0,0,0,8,0,8,0,288
17119.0,0,0,8,0,8,0,288
17120.0,0,0,8,0,8,0,288
17121.0,0,0,8,0,8,0,288
17122.0,0,0,8,0,8,0,288
17123.0,0,0,8,0,8,0,288
17124.0,0,0,8,0,8,0,288
17125.0,0,0,8,0,8,0,288
17126.0,0,0,8,0,8,0,288
17127.0,0,0,8,0,8,0,288
17128.0,0,0,8,0,8,0,288
17129.0,0,0,8,0,8,0,288
17130.0,0,0,8,0,8,0,288
17131.0,0,0,8,0,8,0,288
17132.0,0,0,8,0,8,0,288
17133.0,0,0,8,0,8,0,288
17134.0,0,0,8,0,8,0,288
17135.0,0,0,8,0,8,0,288
17136.0,0,0,8,0,8,0,288
17137.0,0,0,8,0,8,0,288
17138.0,0,0,8,0,8,0,288
17139.0,0,0,8,0,8,0,288
17140.0,0,0,8,0,8,0,288
17141.0,0,0,8,0,8,0,288
17142.0,0,0,8,0,8,0,288
17143.0,0,0,8,0,8,0,288
17144.0,0,0,8,0,8,0,288
17145.0,0,0,8,0,8,0,288
17146.0,0,0,8,0,8,0,288
17147.0,0,0,8,0,8,0,288
17148.0,0,0,8,0,8,0,288
17149.0,0,0,8,0,8,0,288
17150.0,0,0,8,0,8,0,288
17151.0,0,0,8,0,8,0,288
17152.0,0,0,8,0,8,0,288
17153.0,0,0,8,0,8,0,288
17154.0,0,0,8,0,8,0,288
17155.0,0,0,8,0,8,0,288
17156.0,0,0,8,0,8,0,288
17157.0,0,0,8,0,8,0,288
17158.0,0,0,8,0,8,0,288
17159.0,0,0,8,0,8,0,288
17160.0,0,0,8,0,8,0,288
17161.0,0,0,8,0,8,0,288
17162.0,0,0,8,0,8,0,288
17163.0,0,0,8,0,8,0,288
17164.0,0,0,8,0,8,0,288
17165.0,0,0,8,0,8,0,288
17166.0,0,0,8,0,8,0,288
17167.0,0,0,8,0,8,0,288
17168.0,0,0,8,0,8,0,288
17169.0,0,0,8,0,8,0,288
17170.0,0,0,8,0,8,0,288
17171.0,0,0,8,0,8,0,288
17172.0,0,0,8,0,8,0,288
17173.0,0,0,8,0,8,0,288
17174.0,0,0,8,0,8,0,288
17175.0,0,0,8,0,8,0,288
17176.0,0,0,8,0,8,0,288
17177.0,0,0,8,0,8,0,288
17178.0,0,0,8,0,8,0,288
17179.0,0,0,8,0,8,0,288
17180.0,0,0,8,0,8,0,288
17181.0,0,0,8,0,8,0,288
17182.0,0,0,8,0,8,0,288
17183.0,0,0,8,0,8,0,288
17184.0,0,0,8,0,8,0,288
17185.0,0,0,8,0,8,0,288
17186.0,0,0,8,0,8,0,288
17187.0,0,0,8,0,8,0,288
17188.0,0,0,8,0,8,0,288
17189.0,0,0,8,0,8,0,288
17190.0,0,0,8,0,8,0,288
17191.0,0,0,8,0,8,0,288
17192.0,0,0,8,0,8,0,288
17193.0,0,0,8,0,8,0,288
17194.0,0,0,8,0,8,0,288
17195.0,0,0,8,0,8,0,288
17196.0,0,0,8,0,8,0,288
17197.0,0,0,8,0,8,0,288
17198.0,0,0,8,0,8,0,288
17199.0,0,0,8,0,8,0,288
17200.0,0,0,8,0,8,0,288
17201.0,0,0,8,0,8,0,288
17202.0,0,0,8,0,8,0,288
17203.0,0,0,8,0,8,0,288
17204.0,0,0,8,0,8,0,288
17205.0,0,0,8,0,8,0,288
17206.0,0,0,8,0,8,0,288
17207.0,0,0,8,0,8,0,288
17208.0,0,0,8,0,8,0,288
17209.0,0,0,8,0,8,0,288
17210.0,0,0,8,0,8,0,288
17211.0,0,0,8,0,8,0,288
17212.0,0,0,8,0,8,0,288
17213.0,0,0,8,0,8,0,288
17214.0,0,0,8,0,8,0,288
17215.0,0,0,8,0,8,0,288
17216.0,0,0,8,0,8,0,288
17217.0,0,0,8,0,8,0,288
17218.0,0,0,8,0,8,0,288
17219.0,0,0,8,0,8,0,288
17220.0,0,0,8,0,8,0,288
17221.0,0,0,8,0,8,0,288
17222.0,0,0,8,0,8,0,288
17223.0,0,0,8,0,8,0,288
17224.0,0,0,8,0,8,0,288
17225.0,0,0,8,0,8,0,288
17226.0,0,0,8,0,8,0,288
17227.0,0,0,8,0,8,0,288
17228.0,0,0,8,0,8,0,288
17229.0,0,0,8,0,8,0,288
17230.0,0,0,8,0,8,0,288
17231.0,0,0,8,0,8,0,288
17232.0,0,0,8,0,8,0,288
17233.0,0,0,8,0,8,0,288
17234.0,0,0,8,0,8,0,288
17235.0,0,0,8,0,8,0,288
17236.0,0,0,8,0,8,0,288
17237.0,0,0,8,0,8,0,288
17238.0,0,0,8,0,8,0,288
17239.0,0,0,8,0,8,0,288
17240.0,0,0,8,0,8,0,288
17241.0,0,0,8,0,8,0,288
17242.0,0,0,8,0,8,0,288
17243.0,0,0,8,0,8,0,288
17244.0,0,0,8,0,8,0,288
17245.0,0,0,8,0,8,0,288
17246.0,0,0,8,0,8,0,288
17247.0,0,0,8,0,8,0,288
17248.0,0,0,8,0,8,0,288
17249.0,0,0,8,0,8,0,288
17250.0,0,0,8,0,8,0,288
17251.0,0,0,8,0,8,0,288
17252.0,0,0,8,0,8,0,288
17253.0,0,0,8,0,8,0,288
17254.0,0,0,8,0,8,0,288
17255.0,0,0,8,0,8,0,288
17256.0,0,0,8,0,8,0,288
17257.0,0,0,8,0,8,0,288
17258.0,0,0,8,0,8,0,288
17259.0,0,0,8,0,8,0,288
17260.0,0,0,8,0,8,0,288
17261.0,0,0,8,0,8,0,288
17262.0,0,0,8,0,8,0,288
17263.0,0,0,8,0,8,0,288
17264.0,0,0,8,0,8,0,288
17265.0,0,0,8,0,8,0,288
17266.0,0,0,8,0,8,0,288
17267.0,0,0,8,0,8,0,288
17268.0,0,0,8,0,8,0,288
17269.0,0,0,8,0,8,0,288
17270.0,0,0,8,0,8,0,288
17271.0,0,0,8,0,8,0,288
17272.0,0,0,8,0,8,0,288
17273.0,0,0,8,0,8,0,288
17274.0,0,0,8,0,8,0,288
17275.0,0,0,8,0,8,0,288
17276.0,0,0,8,0,8,0,288
17277.0,0,0,8,0,8,0,288
17278.0,0,0,8,0,8,0,288
17279.0,0,0,8,0,8,0,288
17280.0,0,0,8,0,8,0,288
17281.0,0,0,8,0,8,0,288
17282.0,0,0,8,0,8,0,288
17283.0,0,0,8,0,8,0,288
17284.0,0,0,8,0,8,0,288
17285.0,0,0,8,0,8,0,288
17286.0,0,0,8,0,8,0,288
17287.0,0,0,8,0,8,0,288
17288.0,0,0,8,0,8,0,288
17289.0,0,0,8,0,8,0,288
17290.0,0,0,8,0,8,0,288
17291.0,0,0,8,0,8,0,288
17292.0,0,0,8,0,8,0,288
17293.0,0,0,8,0,8,0,288
17294.0,0,0,8,0,8,0,288
17295.0,0,0,8,0,8,0,288
17296.0,0,0,8,0,8,0,288
17297.0,0,0,8,0,8,0,288
17298.0,0,0,8,0,8,0,288
17299.0,0,0,8,0,8,0,288
17300.0,0,0,8,0,8,0,288
17301.0,0,0,8,0,8,0,288
17302.0,0,0,8,0,8,0,288
17303.0,0,0,8,0,8,0,288
17304.0,0,0,8,0,8,0,288
17305.0,0,0,8,0,8,0,288
17306.0,0,0,8,0,8,0,288
17307.0,0,0,8,0,8,0,288
17308.0,0,0,8,0,8,0,288
17309.0,0,0,8,0,8,0,288
17310.0,0,0,8,0,8,0,288
17311.0,0,0,8,0,8,0,288
17312.0,0,0,8,0,8,0,288
17313.0,0,0,8,0,8,0,288
17314.0,0,0,8,0,8,0,288
17315.0,0,0,8,0,8,0,288
17316.0,0,0,8,0,8,0,288
17317.0,0,0,8,0,8,0,288
17318.0,0,0,8,0,8,0,288
17319.0,0,0,8,0,8,0,288
17320.0,0,0,8,0,8,0,288
17321.0,0,0,8,0,8,0,288
17322.0,0,0,8,0,8,0,288
17323.0,0,0,8,0,8,0,288
17324.0,0,0,8,0,8,0,288
17325.0,0,0,8,0,8,0,288
17326.0,0,0,8,0,8,0,288
17327.0,0,0,8,0,8,0,288
17328.0,0,0,8,0,8,0,288
17329.0,0,0,8,0,8,0,288
17330.0,0,0,8,0,8,0,288
17331.0,0,0,8,0,8,0,288
17332.0,0,0,8,0,8,0,288
17333.0,0,0,8,0,8,0,288
17334.0,0,0,8,0,8,0,288
17335.0,0,0,8,0,8,0,288
17336.0,0,0,8,0,8,0,288
17337.0,0,0,8,0,8,0,288
17338.0,0,0,8,0,8,0,288
17339.0,0,0,8,0,8,0,288
17340.0,0,0,8,0,8,0,288
17341.0,0,0,8,0,8,0,288
17342.0,0,0,8,0,8,0,288
17343.0,0,0,8,0,8,0,288
17344.0,0,0,8,0,8,0,288
17345.0,0,0,8,0,8,0,288
17346.0,0,0,8,0,8,0,288
17347.0,0,0,8,0,8,0,288
17348.0,0,0,8,0,8,0,288
17349.0,0,0,8,0,8,0,288
17350.0,0,0,8,0,8,0,288
17351.0,0,0,8,0,8,0,288
17352.0,0,0,8,0,8,0,288
17353.0,0,0,8,0,8,0,288
17354.0,0,0,8,0,8,0,288
17355.0,0,0,8,0,8,0,288
17356.0,0,0,8,0,8,0,288
17357.0,0,0,8,0,8,0,288
17358.0,0,0,8,0,8,0,288
17359.0,0,0,8,0,8,0,288
17360.0,0,0,8,0,8,0,288
17361.0,0,0,8,0,8,0,288
17362.0,0,0,8,0,8,0,288
17363.0,0,0,8,0,8,0,288
17364.0,0,0,8,0,8,0,288
17365.0,0,0,8,0,8,0,288
17366.0,0,0,8,0,8,0,288
17367.0,0,0,8,0,8,0,288
17368.0,0,0,8,0,8,0,288
17369.0,0,0,8,0,8,0,288
17370.0,0,0,8,0,8,0,288
17371.0,0,0,8,0,8,0,288
17372.0,0,0,8,0,8,0,288
17373.0,0,0,8,0,8,0,288
17374.0,0,0,8,0,8,0,288
17375.0,0,0,8,0,8,0,288
17376.0,0,0,8,0,8,0,288
17377.0,0,0,8,0,8,0,288
17378.0,0,0,8,0,8,0,288
17379.0,0,0,8,0,8,0,288
17380.0,0,0,8,0,8,0,288
17381.0,0,0,8,0,8,0,288
17382.0,0,0,8,0,8,0,288
17383.0,0,0,8,0,8,0,288
17384.0,0,0,8,0,8,0,288
17385.0,0,0,8,0,8,0,288
17386.0,0,0,8,0,8,0,288
17387.0,0,0,8,0,8,0,288
17388.0,0,0,8,0,8,0,288
17389.0,0,0,8,0,8,0,288
17390.0,0,0,8,0,8,0,288
17391.0,0,0,8,0,8,0,288
17392.0,0,0,8,0,8,0,288
17393.0,0,0,8,0,8,0,288
17394.0,0,0,8,0,8,0,288
17395.0,0,0,8,0,8,0,288
17396.0,0,0,8,0,8,0,288
17397.0,0,0,8,0,8,0,288
17398.0,0,0,8,0,8,0,288
17399.0,0,0,8,0,8,0,288
17400.0,0,0,8,0,8,0,288
17401.0,0,0,8,0,8,0,288
17402.0,0,0,8,0,8,0,288
17403.0,0,0,8,0,8,0,288
17404.0,0,0,8,0,8,0,288
17405.0,0,0,8,0,8,0,288
17406.0,0,0,8,0,8,0,288
17407.0,0,0,8,0,8,0,288
17408.0,0,0,8,0,8,0,288
17409.0,0,0,8,0,8,0,288
17410.0,0,0,8,0,8,0,288
17411.0,0,0,8,0,8,0,288
17412.0,0,0,8,0,8,0,288
17413.0,0,0,8,0,8,0,288
17414.0,0,0,8,0,8,0,288
17415.0,0,0,8,0,8,0,288
17416.0,0,0,8,0,8,0,288
17417.0,0,0,8,0,8,0,288
17418.0,0,0,8,0,8,0,288
17419.0,0,0,8,0,8,0,288
17420.0,0,0,8,0,8,0,288
17421.0,0,0,8,0,8,0,288
17422.0,0,0,8,0,8,0,288
17423.0,0,0,8,0,8,0,288
17424.0,0,0,8,0,8,0,288
17425.0,0,0,8,0,8,0,288
17426.0,0,0,8,0,8,0,288
17427.0,0,0,8,0,8,0,288
17428.0,0,0,8,0,8,0,288
17429.0,0,0,8,0,8,0,288
17430.0,0,0,8,0,8,0,288
17431.0,0,0,8,0,8,0,288
17432.0,0,0,8,0,8,0,288
17433.0,0,0,8,0,8,0,288
17434.0,0,0,8,0,8,0,288
17435.0,0,0,8,0,8,0,288
17436.0,0,0,8,0,8,0,288
17437.0,0,0,8,0,8,0,288
17438.0,0,0,8,0,8,0,288
17439.0,0,0,8,0,8,0,288
17440.0,0,0,8,0,8,0,288
17441.0,0,0,8,0,8,0,288
17442.0,0,0,8,0,8,0,288
17443.0,0,0,8,0,8,0,288
17444.0,0,0,8,0,8,0,288
17445.0,0,0,8,0,8,0,288
17446.0,0,0,8,0,8,0,288
17447.0,0,0,8,0,8,0,288
17448.0,0,0,8,0,8,0,288
17449.0,0,0,8,0,8,0,288
17450.0,0,0,8,0,8,0,288
17451.0,0,0,8,0,8,0,288
17452.0,0,0,8,0,8,0,288
17453.0,0,0,8,0,8,0,288
17454.0,0,0,8,0,8,0,288
17455.0,0,0,8,0,8,0,288
17456.0,0,0,8,0,8,0,288
17457.0,0,0,8,0,8,0,288
17458.0,0,0,8,0,8,0,288
17459.0,0,0,8,0,8,0,288
17460.0,0,0,8,0,8,0,288
17461.0,0,0,8,0,8,0,288
17462.0,0,0,8,0,8,0,288
17463.0,0,0,8,0,8,0,288
17464.0,0,0,8,0,8,0,288
17465.0,0,0,8,0,8,0,288
17466.0,0,0,8,0,8,0,288
17467.0,0,0,8,0,8,0,288
17468.0,0,0,8,0,8,0,288
17469.0,0,0,8,0,8,0,288
17470.0,0,0,8,0,8,0,288
17471.0,0,0,8,0,8,0,288
17472.0,0,0,8,0,8,0,288
17473.0,0,0,8,0,8,0,288
17474.0,0,0,8,0,8,0,288
17475.0,0,0,8,0,8,0,288
17476.0,0,0,8,0,8,0,288
17477.0,0,0,8,0,8,0,288
17478.0,0,0,8,0,8,0,288
17479.0,0,0,8,0,8,0,288
17480.0,0,0,8,0,8,0,288
17481.0,0,0,8,0,8,0,288
17482.0,0,0,8,0,8,0,288
17483.0,0,0,8,0,8,0,288
17484.0,0,0,8,0,8,0,288
17485.0,0,0,8,0,8,0,288
17486.0,0,0,8,0,8,0,288
17487.0,0,0,8,0,8,0,288
17488.0,0,0,8,0,8,0,288
17489.0,0,0,8,0,8,0,288
17490.0,0,0,8,0,8,0,288
17491.0,0,0,8,0,8,0,288
17492.0,0,0,8,0,8,0,288
17493.0,0,0,8,0,8,0,288
17494.0,0,0,8,0,8,0,288
17495.0,0,0,8,0,8,0,288
17496.0,0,0,8,0,8,0,288
17497.0,0,0,8,0,8,0,288
17498.0,0,0,8,0,8,0,288
17499.0,0,0,8,0,8,0,288
17500.0,0,0,8,0,8,0,288
17501.0,0,0,8,0,8,0,288
17502.0,0,0,8,0,8,0,288
17503.0,0,0,8,0,8,0,288
17504.0,0,0,8,0,8,0,288
17505.0,0,0,8,0,8,0,288
17506.0,0,0,8,0,8,0,288
17507.0,0,0,8,0,8,0,288
17508.0,0,0,8,0,8,0,288
17509.0,0,0,8,0,8,0,288
17510.0,0,0,8,0,8,0,288
17511.0,0,0,8,0,8,0,288
17512.0,0,0,8,0,8,0,288
17513.0,0,0,8,0,8,0,288
17514.0,0,0,8,0,8,0,288
17515.0,0,0,8,0,8,0,288
17516.0,0,0,8,0,8,0,288
17517.0,0,0,8,0,8,0,288
17518.0,0,0,8,0,8,0,288
17519.0,0,0,8,0,8,0,288
17520.0,0,0,8,0,8,0,288
17521.0,0,0,8,0,8,0,288
17522.0,0,0,8,0,8,0,288
17523.0,0,0,8,0,8,0,288
17524.0,0,0,8,0,8,0,288
17525.0,0,0,8,0,8,0,288
17526.0,0,0,8,0,8,0,288
17527.0,0,0,8,0,8,0,288
17528.0,0,0,8,0,8,0,288
17529.0,0,0,8,0,8,0,288
17530.0,0,0,8,0,8,0,288
17531.0,0,0,8,0,8,0,288
17532.0,0,0,8,0,8,0,288
17533.0,0,0,8,0,8,0,288
17534.0,0,0,8,0,8,0,288
17535.0,0,0,8,0,8,0,288
17536.0,0,0,8,0,8,0,288
17537.0,0,0,8,0,8,0,288
17538.0,0,0,8,0,8,0,288
17539.0,0,0,8,0,8,0,288
17540.0,0,0,8,0,8,0,288
17541.0,0,0,8,0,8,0,288
17542.0,0,0,8,0,8,0,288
17543.0,0,0,8,0,8,0,288
17544.0,0,0,8,0,8,0,288
17545.0,0,0,8,0,8,0,288
17546.0,0,0,8,0,8,0,288
17547.0,0,0,8,0,8,0,288
17548.0,0,0,8,0,8,0,288
17549.0,0,0,8,0,8,0,288
17550.0,0,0,8,0,8,0,288
17551.0,0,0,8,0,8,0,288
17552.0,0,0,8,0,8,0,288
17553.0,0,0,8,0,8,0,288
17554.0,0,0,8,0,8,0,288
17555.0,0,0,8,0,8,0,288
17556.0,0,0,8,0,8,0,288
17557.0,0,0,8,0,8,0,288
17558.0,0,0,8,0,8,0,288
17559.0,0,0,8,0,8,0,288
17560.0,0,0,8,0,8,0,288
17561.0,0,0,8,0,8,0,288
17562.0,0,0,8,0,8,0,288
17563.0,0,0,8,0,8,0,288
17564.0,0,0,8,0,8,0,288
17565.0,0,0,8,0,8,0,288
17566.0,0,0,8,0,8,0,288
17567.0,0,0,8,0,8,0,288
17568.0,0,0,8,0,8,0,288
17569.0,0,0,8,0,8,0,288
17570.0,0,0,8,0,8,0,288
17571.0,0,0,8,0,8,0,288
17572.0,0,0,8,0,8,0,288
17573.0,0,0,8,0,8,0,288
17574.0,0,0,8,0,8,0,288
17575.0,0,0,8,0,8,0,288
17576.0,0,0,8,0,8,0,288
17577.0,0,0,8,0,8,0,288
17578.0,0,0,8,0,8,0,288
17579.0,0,0,8,0,8,0,288
17580.0,0,0,8,0,8,0,288
17581.0,0,0,8,0,8,0,288
17582.0,0,0,8,0,8,0,288
17583.0,0,0,8,0,8,0,288
17584.0,0,0,8,0,8,0,288
17585.0,0,0,8,0,8,0,288
17586.0,0,0,8,0,8,0,288
17587.0,0,0,8,0,8,0,288
17588.0,0,0,8,0,8,0,288
17589.0,0,0,8,0,8,0,288
17590.0,0,0,8,0,8,0,288
17591.0,0,0,8,0,8,0,288
17592.0,0,0,8,0,8,0,288
17593.0,0,0,8,0,8,0,288
17594.0,0,0,8,0,8,0,288
17595.0,0,0,8,0,8,0,288
17596.0,0,0,8,0,8,0,288
17597.0,0,0,8,0,8,0,288
17598.0,0,0,8,0,8,0,288
17599.0,0,0,8,0,8,0,288
17600.0,0,0,8,0,8,0,288
17601.0,0,0,8,0,8,0,288
17602.0,0,0,8,0,8,0,288
17603.0,0,0,8,0,8,0,288
17604.0,0,0,8,0,8,0,288
17605.0,0,0,8,0,8,0,288
17606.0,0,0,8,0,8,0,288
17607.0,0,0,8,0,8,0,288
17608.0,0,0,8,0,8,0,288
17609.0,0,0,8,0,8,0,288
17610.0,0,0,8,0,8,0,288
17611.0,0,0,8,0,8,0,288
17612.0,0,0,8,0,8,0,288
17613.0,0,0,8,0,8,0,288
17614.0,0,0,8,0,8,0,288
17615.0,0,0,8,0,8,0,288
17616.0,0,0,8,0,8,0,288
17617.0,0,0,8,0,8,0,288
17618.0,0,0,8,0,8,0,288
17619.0,0,0,8,0,8,0,288
17620.0,0,0,8,0,8,0,288
17621.0,0,0,8,0,8,0,288
17622.0,0,0,8,0,8,0,288
17623.0,0,0,8,0,8,0,288
17624.0,0,0,8,0,8,0,288
17625.0,0,0,8,0,8,0,288
17626.0,0,0,8,0,8,0,288
17627.0,0,0,8,0,8,0,288
17628.0,0,0,8,0,8,0,288
17629.0,0,0,8,0,8,0,288
17630.0,0,0,8,0,8,0,288
17631.0,0,0,8,0,8,0,288
17632.0,0,0,8,0,8,0,288
17633.0,0,0,8,0,8,0,288
17634.0,0,0,8,0,8,0,288
17635.0,0,0,8,0,8,0,288
17636.0,0,0,8,0,8,0,288
17637.0,0,0,8,0,8,0,288
17638.0,0,0,8,0,8,0,288
17639.0,0,0,8,0,8,0,288
17640.0,0,0,8,0,8,0,288
17641.0,0,0,8,0,8,0,288
17642.0,0,0,8,0,8,0,288
17643.0,0,0,8,0,8,0,288
17644.0,0,0,8,0,8,0,288
17645.0,0,0,8,0,8,0,288
17646.0,0,0,8,0,8,0,288
17647.0,0,0,8,0,8,0,288
17648.0,0,0,8,0,8,0,288
17649.0,0,0,8,0,8,0,288
17650.0,0,0,8,0,8,0,288
17651.0,0,0,8,0,8,0,288
17652.0,0,0,8,0,8,0,288
17653.0,0,0,8,0,8,0,288
17654.0,0,0,8,0,8,0,288
17655.0,0,0,8,0,8,0,288
17656.0,0,0,8,0,8,0,288
17657.0,0,0,8,0,8,0,288
17658.0,0,0,8,0,8,0,288
17659.0,0,0,8,0,8,0,288
17660.0,0,0,8,0,8,0,288
17661.0,0,0,8,0,8,0,288
17662.0,0,0,8,0,8,0,288
17663.0,0,0,8,0,8,0,288
17664.0,0,0,8,0,8,0,288
17665.0,0,0,8,0,8,0,288
17666.0,0,0,8,0,8,0,288
17667.0,0,0,8,0,8,0,288
17668.0,0,0,8,0,8,0,288
17669.0,0,0,8,0,8,0,288
17670.0,0,0,8,0,8,0,288
17671.0,0,0,8,0,8,0,288
17672.0,0,0,8,0,8,0,288
17673.0,0,0,8,0,8,0,288
17674.0,0,0,8,0,8,0,288
17675.0,0,0,8,0,8,0,288
17676.0,0,0,8,0,8,0,288
17677.0,0,0,8,0,8,0,288
17678.0,0,0,8,0,8,0,288
17679.0,0,0,8,0,8,0,288
17680.0,0,0,8,0,8,0,288
17681.0,0,0,8,0,8,0,288
17682.0,0,0,8,0,8,0,288
17683.0,0,0,8,0,8,0,288
17684.0,0,0,8,0,8,0,288
17685.0,0,0,8,0,8,0,288
17686.0,0,0,8,0,8,0,288
17687.0,0,0,8,0,8,0,288
17688.0,0,0,8,0,8,0,288
17689.0,0,0,8,0,8,0,288
17690.0,0,0,8,0,8,0,288
17691.0,0,0,8,0,8,0,288
17692.0,0,0,8,0,8,0,288
17693.0,0,0,8,0,8,0,288
17694.0,0,0,8,0,8,0,288
17695.0,0,0,8,0,8,0,288
17696.0,0,0,8,0,8,0,288
17697.0,0,0,8,0,8,0,288
17698.0,0,0,8,0,8,0,288
17699.0,0,0,8,0,8,0,288
17700.0,0,0,8,0,8,0,288
17701.0,0,0,8,0,8,0,288
17702.0,0,0,8,0,8,0,288
17703.0,0,0,8,0,8,0,288
17704.0,0,0,8,0,8,0,288
17705.0,0,0,8,0,8,0,288
17706.0,0,0,8,0,8,0,288
17707.0,0,0,8,0,8,0,288
17708.0,0,0,8,0,8,0,288
17709.0,0,0,8,0,8,0,288
17710.0,0,0,8,0,8,0,288
17711.0,0,0,8,0,8,0,288
17712.0,0,0,8,0,8,0,288
17713.0,0,0,8,0,8,0,288
17714.0,0,0,8,0,8,0,288
17715.0,0,0,8,0,8,0,288
17716.0,0,0,8,0,8,0,288
17717.0,0,0,8,0,8,0,288
17718.0,0,0,8,0,8,0,288
17719.0,0,0,8,0,8,0,288
17720.0,0,0,8,0,8,0,288
17721.0,0,0,8,0,8,0,288
17722.0,0,0,8,0,8,0,288
17723.0,0,0,8,0,8,0,288
17724.0,0,0,8,0,8,0,288
17725.0,0,0,8,0,8,0,288
17726.0,0,0,8,0,8,0,288
17727.0,0,0,8,0,8,0,288
17728.0,0,0,8,0,8,0,288
17729.0,0,0,8,0,8,0,288
17730.0,0,0,8,0,8,0,288
17731.0,0,0,8,0,8,0,288
17732.0,0,0,8,0,8,0,288
17733.0,0,0,8,0,8,0,288
17734.0,0,0,8,0,8,0,288
17735.0,0,0,8,0,8,0,288
17736.0,0,0,8,0,8,0,288
17737.0,0,0,8,0,8,0,288
17738.0,0,0,8,0,8,0,288
17739.0,0,0,8,0,8,0,288
17740.0,0,0,8,0,8,0,288
17741.0,0,0,8,0,8,0,288
17742.0,0,0,8,0,8,0,288
17743.0,0,0,8,0,8,0,288
17744.0,0,0,8,0,8,0,288
17745.0,0,0,8,0,8,0,288
17746.0,0,0,8,0,8,0,288
17747.0,0,0,8,0,8,0,288
17748.0,0,0,8,0,8,0,288
17749.0,0,0,8,0,8,0,288
17750.0,0,0,8,0,8,0,288
17751.0,0,0,8,0,8,0,288
17752.0,0,0,8,0,8,0,288
17753.0,0,0,8,0,8,0,288
17754.0,0,0,8,0,8,0,288
17755.0,0,0,8,0,8,0,288
17756.0,0,0,8,0,8,0,288
17757.0,0,0,8,0,8,0,288
17758.0,0,0,8,0,8,0,288
17759.0,0,0,8,0,8,0,288
17760.0,0,0,8,0,8,0,288
17761.0,0,0,8,0,8,0,288
17762.0,0,0,8,0,8,0,288
17763.0,0,0,8,0,8,0,288
17764.0,0,0,8,0,8,0,288
17765.0,0,0,8,0,8,0,288
17766.0,0,0,8,0,8,0,288
17767.0,0,0,8,0,8,0,288
17768.0,0,0,8,0,8,0,288
17769.0,0,0,8,0,8,0,288
17770.0,0,0,8,0,8,0,288
17771.0,0,0,8,0,8,0,288
17772.0,0,0,8,0,8,0,288
17773.0,0,0,8,0,8,0,288
17774.0,0,0,8,0,8,0,288
17775.0,0,0,8,0,8,0,288
17776.0,0,0,8,0,8,0,288
17777.0,0,0,8,0,8,0,288
17778.0,0,0,8,0,8,0,288
17779.0,0,0,8,0,8,0,288
17780.0,0,0,8,0,8,0,288
17781.0,0,0,8,0,8,0,288
17782.0,0,0,8,0,8,0,288
17783.0,0,0,8,0,8,0,288
17784.0,0,0,8,0,8,0,288
17785.0,0,0,8,0,8,0,288
17786.0,0,0,8,0,8,0,288
17787.0,0,0,8,0,8,0,288
17788.0,0,0,8,0,8,0,288
17789.0,0,0,8,0,8,0,288
17790.0,0,0,8,0,8,0,288
17791.0,0,0,8,0,8,0,288
17792.0,0,0,8,0,8,0,288
17793.0,0,0,8,0,8,0,288
17794.0,0,0,8,0,8,0,288
17795.0,0,0,8,0,8,0,288
17796.0,0,0,8,0,8,0,288
17797.0,0,0,8,0,8,0,288
17798.0,0,0,8,0,8,0,288
17799.0,0,0,8,0,8,0,288
17800.0,0,0,8,0,8,0,288
17801.0,0,0,8,0,8,0,288
17802.0,0,0,8,0,8,0,288
17803.0,0,0,8,0,8,0,288
17804.0,0,0,8,0,8,0,288
17805.0,0,0,8,0,8,0,288
17806.0,0,0,8,0,8,0,288
17807.0,0,0,8,0,8,0,288
17808.0,0,0,8,0,8,0,288
17809.0,0,0,8,0,8,0,288
17810.0,0,0,8,0,8,0,288
17811.0,0,0,8,0,8,0,288
17812.0,0,0,8,0,8,0,288
17813.0,0,0,8,0,8,0,288
17814.0,0,0,8,0,8,0,288
17815.0,0,0,8,0,8,0,288
17816.0,0,0,8,0,8,0,288
17817.0,0,0,8,0,8,0,288
17818.0,0,0,8,0,8,0,288
17819.0,0,0,8,0,8,0,288
17820.0,0,0,8,0,8,0,288
17821.0,0,0,8,0,8,0,288
17822.0,0,0,8,0,8,0,288
17823.0,0,0,8,0,8,0,288
17824.0,0,0,8,0,8,0,288
17825.0,0,0,8,0,8,0,288
17826.0,0,0,8,0,8,0,288
17827.0,0,0,8,0,8,0,288
17828.0,0,0,8,0,8,0,288
17829.0,0,0,8,0,8,0,288
17830.0,0,0,8,0,8,0,288
17831.0,0,0,8,0,8,0,288
17832.0,0,0,8,0,8,0,288
17833.0,0,0,8,0,8,0,288
17834.0,0,0,8,0,8,0,288
17835.0,0,0,8,0,8,0,288
17836.0,0,0,8,0,8,0,288
17837.0,0,0,8,0,8,0,288
17838.0,0,0,8,0,8,0,288
17839.0,0,0,8,0,8,0,288
17840.0,0,0,8,0,8,0,288
17841.0,0,0,8,0,8,0,288
17842.0,0,0,8,0,8,0,288
17843.0,0,0,8,0,8,0,288
17844.0,0,0,8,0,8,0,288
17845.0,0,0,8,0,8,0,288
17846.0,0,0,8,0,8,0,288
17847.0,0,0,8,0,8,0,288
17848.0,0,0,8,0,8,0,288
17849.0,0,0,8,0,8,0,288
17850.0,0,0,8,0,8,0,288
17851.0,0,0,8,0,8,0,288
17852.0,0,0,8,0,8,0,288
17853.0,0,0,8,0,8,0,288
17854.0,0,0,8,0,8,0,288
17855.0,0,0,8,0,8,0,288
17856.0,0,0,8,0,8,0,288
17857.0,0,0,8,0,8,0,288
17858.0,0,0,8,0,8,0,288
17859.0,0,0,8,0,8,0,288
17860.0,0,0,8,0,8,0,288
17861.0,0,0,8,0,8,0,288
17862.0,0,0,8,0,8,0,288
17863.0,0,0,8,0,8,0,288
17864.0,0,0,8,0,8,0,288
17865.0,0,0,8,0,8,0,288
17866.0,0,0,8,0,8,0,288
17867.0,0,0,8,0,8,0,288
17868.0,0,0,8,0,8,0,288
17869.0,0,0,8,0,8,0,288
17870.0,0,0,8,0,8,0,288
17871.0,0,0,8,0,8,0,288
17872.0,0,0,8,0,8,0,288
17873.0,0,0,8,0,8,0,288
17874.0,0,0,8,0,8,0,288
17875.0,0,0,8,0,8,0,288
17876.0,0,0,8,0,8,0,288
17877.0,0,0,8,0,8,0,288
17878.0,0,0,8,0,8,0,288
17879.0,0,0,8,0,8,0,288
17880.0,0,0,8,0,8,0,288
17881.0,0,0,8,0,8,0,288
17882.0,0,0,8,0,8,0,288
17883.0,0,0,8,0,8,0,288
17884.0,0,0,8,0,8,0,288
17885.0,0,0,8,0,8,0,288
17886.0,0,0,8,0,8,0,288
17887.0,0,0,8,0,8,0,288
17888.0,0,0,8,0,8,0,288
17889.0,0,0,8,0,8,0,288
17890.0,0,0,8,0,8,0,288
17891.0,0,0,8,0,8,0,288
17892.0,0,0,8,0,8,0,288
17893.0,0,0,8,0,8,0,288
17894.0,0,0,8,0,8,0,288
17895.0,0,0,8,0,8,0,288
17896.0,0,0,8,0,8,0,288
17897.0,0,0,8,0,8,0,288
17898.0,0,0,8,0,8,0,288
17899.0,0,0,8,0,8,0,288
17900.0,0,0,8,0,8,0,288
17901.0,0,0,8,0,8,0,288
17902.0,0,0,8,0,8,0,288
17903.0,0,0,8,0,8,0,288
17904.0,0,0,8,0,8,0,288
17905.0,0,0,8,0,8,0,288
17906.0,0,0,8,0,8,0,288
17907.0,0,0,8,0,8,0,288
17908.0,0,0,8,0,8,0,288
17909.0,0,0,8,0,8,0,288
17910.0,0,0,8,0,8,0,288
17911.0,0,0,8,0,8,0,288
17912.0,0,0,8,0,8,0,288
17913.0,0,0,8,0,8,0,288
17914.0,0,0,8,0,8,0,288
17915.0,0,0,8,0,8,0,288
17916.0,0,0,8,0,8,0,288
17917.0,0,0,8,0,8,0,288
17918.0,0,0,8,0,8,0,288
17919.0,0,0,8,0,8,0,288
17920.0,0,0,8,0,8,0,288
17921.0,0,0,8,0,8,0,288
17922.0,0,0,8,0,8,0,288
17923.0,0,0,8,0,8,0,288
17924.0,0,0,8,0,8,0,288
17925.0,0,0,8,0,8,0,288
17926.0,0,0,8,0,8,0,288
17927.0,0,0,8,0,8,0,288
17928.0,0,0,8,0,8,0,288
17929.0,0,0,8,0,8,0,288
17930.0,0,0,8,0,8,0,288
17931.0,0,0,8,0,8,0,288
17932.0,0,0,8,0,8,0,288
17933.0,0,0,8,0,8,0,288
17934.0,0,0,8,0,8,0,288
17935.0,0,0,8,0,8,0,288
17936.0,0,0,8,0,8,0,288
17937.0,0,0,8,0,8,0,288
17938.0,0,0,8,0,8,0,288
17939.0,0,0,8,0,8,0,288
17940.0,0,0,8,0,8,0,288
17941.0,0,0,8,0,8,0,288
17942.0,0,0,8,0,8,0,288
17943.0,0,0,8,0,8,0,288
17944.0,0,0,8,0,8,0,288
17945.0,0,0,8,0,8,0,288
17946.0,0,0,8,0,8,0,288
17947.0,0,0,8,0,8,0,288
17948.0,0,0,8,0,8,0,288
17949.0,0,0,8,0,8,0,288
17950.0,0,0,8,0,8,0,288
17951.0,0,0,8,0,8,0,288
17952.0,0,0,8,0,8,0,288
17953.0,0,0,8,0,8,0,288
17954.0,0,0,8,0,8,0,288
17955.0,0,0,8,0,8,0,288
17956.0,0,0,8,0,8,0,288
17957.0,0,0,8,0,8,0,288
17958.0,0,0,8,0,8,0,288
17959.0,0,0,8,0,8,0,288
17960.0,0,0,8,0,8,0,288
17961.0,0,0,8,0,8,0,288
17962.0,0,0,8,0,8,0,288
17963.0,0,0,8,0,8,0,288
17964.0,0,0,8,0,8,0,288
17965.0,0,0,8,0,8,0,288
17966.0,0,0,8,0,8,0,288
17967.0,0,0,8,0,8,0,288
17968.0,0,0,8,0,8,0,288
17969.0,0,0,8,0,8,0,288
17970.0,0,0,8,0,8,0,288
17971.0,0,0,8,0,8,0,288
17972.0,0,0,8,0,8,0,288
17973.0,0,0,8,0,8,0,288
17974.0,0,0,8,0,8,0,288
17975.0,0,0,8,0,8,0,288
17976.0,0,0,8,0,8,0,288
17977.0,0,0,8,0,8,0,288
17978.0,0,0,8,0,8,0,288
17979.0,0,0,8,0,8,0,288
17980.0,0,0,8,0,8,0,288
17981.0,0,0,8,0,8,0,288
17982.0,0,0,8,0,8,0,288
17983.0,0,0,8,0,8,0,288
17984.0,0,0,8,0,8,0,288
17985.0,0,0,8,0,8,0,288
17986.0,0,0,8,0,8,0,288
17987.0,0,0,8,0,8,0,288
17988.0,0,0,8,0,8,0,288
17989.0,0,0,8,0,8,0,288
17990.0,0,0,8,0,8,0,288
17991.0,0,0,8,0,8,0,288
17992.0,0,0,8,0,8,0,288
17993.0,0,0,8,0,8,0,288
17994.0,0,0,8,0,8,0,288
17995.0,0,0,8,0,8,0,288
17996.0,0,0,8,0,8,0,288
17997.0,0,0,8,0,8,0,288
17998.0,0,0,8,0,8,0,288
17999.0,0,0,8,0,8,0,288
18000.0,0,0,8,0,8,0,288
18001.0,0,0,8,0,8,0,288
18002.0,0,0,8,0,8,0,288
18003.0,0,0,8,0,8,0,288
18004.0,0,0,8,0,8,0,288
18005.0,0,0,8,0,8,0,288
18006.0,0,0,8,0,8,0,288
18007.0,0,0,8,0,8,0,288
18008.0,0,0,8,0,8,0,288
18009.0,0,0,8,0,8,0,288
18010.0,0,0,8,0,8,0,288
18011.0,0,0,8,0,8,0,288
18012.0,0,0,8,0,8,0,288
18013.0,0,0,8,0,8,0,288
18014.0,0,0,8,0,8,0,288
18015.0,0,0,8,0,8,0,288
18016.0,0,0,8,0,8,0,288
18017.0,0,0,8,0,8,0,288
18018.0,0,0,8,0,8,0,288
18019.0,0,0,8,0,8,0,288
18020.0,0,0,8,0,8,0,288
18021.0,0,0,8,0,8,0,288
18022.0,0,0,8,0,8,0,288
18023.0,0,0,8,0,8,0,288
18024.0,0,0,8,0,8,0,288
18025.0,0,0,8,0,8,0,288
18026.0,0,0,8,0,8,0,288
18027.0,0,0,8,0,8,0,288
18028.0,0,0,8,0,8,0,288
18029.0,0,0,8,0,8,0,288
18030.0,0,0,8,0,8,0,288
18031.0,0,0,8,0,8,0,288
18032.0,0,0,8,0,8,0,288
18033.0,0,0,8,0,8,0,288
18034.0,0,0,8,0,8,0,288
18035.0,0,0,8,0,8,0,288
18036.0,0,0,8,0,8,0,288
18037.0,0,0,8,0,8,0,288
18038.0,0,0,8,0,8,0,288
18039.0,0,0,8,0,8,0,288
18040.0,0,0,8,0,8,0,288
18041.0,0,0,8,0,8,0,288
18042.0,0,0,8,0,8,0,288
18043.0,0,0,8,0,8,0,288
18044.0,0,0,8,0,8,0,288
18045.0,0,0,8,0,8,0,288
18046.0,0,0,8,0,8,0,288
18047.0,0,0,8,0,8,0,288
18048.0,0,0,8,0,8,0,288
18049.0,0,0,8,0,8,0,288
18050.0,0,0,8,0,8,0,288
18051.0,0,0,8,0,8,0,288
18052.0,0,0,8,0,8,0,288
18053.0,0,0,8,0,8,0,288
18054.0,0,0,8,0,8,0,288
18055.0,0,0,8,0,8,0,288
18056.0,0,0,8,0,8,0,288
18057.0,0,0,8,0,8,0,288
18058.0,0,0,8,0,8,0,288
18059.0,0,0,8,0,8,0,288
18060.0,0,0,8,0,8,0,288
18061.0,0,0,8,0,8,0,288
18062.0,0,0,8,0,8,0,288
18063.0,0,0,8,0,8,0,288
18064.0,0,0,8,0,8,0,288
18065.0,0,0,8,0,8,0,288
18066.0,0,0,8,0,8,0,288
18067.0,0,0,8,0,8,0,288
18068.0,0,0,8,0,8,0,288
18069.0,0,0,8,0,8,0,288
18070.0,0,0,8,0,8,0,288
18071.0,0,0,8,0,8,0,288
18072.0,0,0,8,0,8,0,288
18073.0,0,0,8,0,8,0,288
18074.0,0,0,8,0,8,0,288
18075.0,0,0,8,0,8,0,288
18076.0,0,0,8,0,8,0,288
18077.0,0,0,8,0,8,0,288
18078.0,0,0,8,0,8,0,288
18079.0,0,0,8,0,8,0,288
18080.0,0,0,8,0,8,0,288
18081.0,0,0,8,0,8,0,288
18082.0,0,0,8,0,8,0,288
18083.0,0,0,8,0,8,0,288
18084.0,0,0,8,0,8,0,288
18085.0,0,0,8,0,8,0,288
18086.0,0,0,8,0,8,0,288
18087.0,0,0,8,0,8,0,288
18088.0,0,0,8,0,8,0,288
18089.0,0,0,8,0,8,0,288
18090.0,0,0,8,0,8,0,288
18091.0,0,0,8,0,8,0,288
18092.0,0,0,8,0,8,0,288
18093.0,0,0,8,0,8,0,288
18094.0,0,0,8,0,8,0,288
18095.0,0,0,8,0,8,0,288
18096.0,0,0,8,0,8,0,288
18097.0,0,0,8,0,8,0,288
18098.0,0,0,8,0,8,0,288
18099.0,0,0,8,0,8,0,288
18100.0,0,0,8,0,8,0,288
18101.0,0,0,8,0,8,0,288
18102.0,0,0,8,0,8,0,288
18103.0,0,0,8,0,8,0,288
18104.0,0,0,8,0,8,0,288
18105.0,0,0,8,0,8,0,288
18106.0,0,0,8,0,8,0,288
18107.0,0,0,8,0,8,0,288
18108.0,0,0,8,0,8,0,288
18109.0,0,0,8,0,8,0,288
18110.0,0,0,8,0,8,0,288
18111.0,0,0,8,0,8,0,288
18112.0,0,0,8,0,8,0,288
18113.0,0,0,8,0,8,0,288
18114.0,0,0,8,0,8,0,288
18115.0,0,0,8,0,8,0,288
18116.0,0,0,8,0,8,0,288
18117.0,0,0,8,0,8,0,288
18118.0,0,0,8,0,8,0,288
18119.0,0,0,8,0,8,0,288
18120.0,0,0,8,0,8,0,288
18121.0,0,0,8,0,8,0,288
18122.0,0,0,8,0,8,0,288
18123.0,0,0,8,0,8,0,288
18124.0,0,0,8,0,8,0,288
18125.0,0,0,8,0,8,0,288
18126.0,0,0,8,0,8,0,288
18127.0,0,0,8,0,8,0,288
18128.0,0,0,8,0,8,0,288
18129.0,0,0,8,0,8,0,288
18130.0,0,0,8,0,8,0,288
18131.0,0,0,8,0,8,0,288
18132.0,0,0,8,0,8,0,288
18133.0,0,0,8,0,8,0,288
18134.0,0,0,8,0,8,0,288
18135.0,0,0,8,0,8,0,288
18136.0,0,0,8,0,8,0,288
18137.0,0,0,8,0,8,0,288
18138.0,0,0,8,0,8,0,288
18139.0,0,0,8,0,8,0,288
18140.0,0,0,8,0,8,0,288
18141.0,0,0,8,0,8,0,288
18142.0,0,0,8,0,8,0,288
18143.0,0,0,8,0,8,0,288
18144.0,0,0,8,0,8,0,288
18145.0,0,0,8,0,8,0,288
18146.0,0,0,8,0,8,0,288
18147.0,0,0,8,0,8,0,288
18148.0,0,0,8,0,8,0,288
18149.0,0,0,8,0,8,0,288
18150.0,0,0,8,0,8,0,288
18151.0,0,0,8,0,8,0,288
18152.0,0,0,8,0,8,0,288
18153.0,0,0,8,0,8,0,288
18154.0,0,0,8,0,8,0,288
18155.0,0,0,8,0,8,0,288
18156.0,0,0,8,0,8,0,288
18157.0,0,0,8,0,8,0,288
18158.0,0,0,8,0,8,0,288
18159.0,0,0,8,0,8,0,288
18160.0,0,0,8,0,8,0,288
18161.0,0,0,8,0,8,0,288
18162.0,0,0,8,0,8,0,288
18163.0,0,0,8,0,8,0,288
18164.0,0,0,8,0,8,0,288
18165.0,0,0,8,0,8,0,288
18166.0,0,0,8,0,8,0,288
18167.0,0,0,8,0,8,0,288
18168.0,0,0,8,0,8,0,288
18169.0,0,0,8,0,8,0,288
18170.0,0,0,8,0,8,0,288
18171.0,0,0,8,0,8,0,288
18172.0,0,0,8,0,8,0,288
18173.0,0,0,8,0,8,0,288
18174.0,0,0,8,0,8,0,288
18175.0,0,0,8,0,8,0,288
18176.0,0,0,8,0,8,0,288
18177.0,0,0,8,0,8,0,288
18178.0,0,0,8,0,8,0,288
18179.0,0,0,8,0,8,0,288
18180.0,0,0,8,0,8,0,288
18181.0,0,0,8,0,8,0,288
18182.0,0,0,8,0,8,0,288
18183.0,0,0,8,0,8,0,288
18184.0,0,0,8,0,8,0,288
18185.0,0,0,8,0,8,0,288
18186.0,0,0,8,0,8,0,288
18187.0,0,0,8,0,8,0,288
18188.0,0,0,8,0,8,0,288
18189.0,0,0,8,0,8,0,288
18190.0,0,0,8,0,8,0,288
18191.0,0,0,8,0,8,0,288
18192.0,0,0,8,0,8,0,288
18193.0,0,0,8,0,8,0,288
18194.0,0,0,8,0,8,0,288
18195.0,0,0,8,0,8,0,288
18196.0,0,0,8,0,8,0,288
18197.0,0,0,8,0,8,0,288
18198.0,0,0,8,0,8,0,288
18199.0,0,0,8,0,8,0,288
18200.0,0,0,8,0,8,0,288
18201.0,0,0,8,0,8,0,288
18202.0,0,0,8,0,8,0,288
18203.0,0,0,8,0,8,0,288
18204.0,0,0,8,0,8,0,288
18205.0,0,0,8,0,8,0,288
18206.0,0,0,8,0,8,0,288
18207.0,0,0,8,0,8,0,288
18208.0,0,0,8,0,8,0,288
18209.0,0,0,8,0,8,0,288
18210.0,0,0,8,0,8,0,288
18211.0,0,0,8,0,8,0,288
18212.0,0,0,8,0,8,0,288
18213.0,0,0,8,0,8,0,288
18214.0,0,0,8,0,8,0,288
18215.0,0,0,8,0,8,0,288
18216.0,0,0,8,0,8,0,288
18217.0,0,0,8,0,8,0,288
18218.0,0,0,8,0,8,0,288
18219.0,0,0,8,0,8,0,288
18220.0,0,0,8,0,8,0,288
18221.0,0,0,8,0,8,0,288
18222.0,0,0,8,0,8,0,288
18223.0,0,0,8,0,8,0,288
18224.0,0,0,8,0,8,0,288
18225.0,0,0,8,0,8,0,288
18226.0,0,0,8,0,8,0,288
18227.0,0,0,8,0,8,0,288
18228.0,0,0,8,0,8,0,288
18229.0,0,0,8,0,8,0,288
18230.0,0,0,8,0,8,0,288
18231.0,0,0,8,0,8,0,288
18232.0,0,0,8,0,8,0,288
18233.0,0,0,8,0,8,0,288
18234.0,0,0,8,0,8,0,288
18235.0,0,0,8,0,8,0,288
18236.0,0,0,8,0,8,0,288
18237.0,0,0,8,0,8,0,288
18238.0,0,0,8,0,8,0,288
18239.0,0,0,8,0,8,0,288
18240.0,0,0,8,0,8,0,288
18241.0,0,0,8,0,8,0,288
18242.0,0,0,8,0,8,0,288
18243.0,0,0,8,0,8,0,288
18244.0,0,0,8,0,8,0,288
18245.0,0,0,8,0,8,0,288
18246.0,0,0,8,0,8,0,288
18247.0,0,0,8,0,8,0,288
18248.0,0,0,8,0,8,0,288
18249.0,0,0,8,0,8,0,288
18250.0,0,0,8,0,8,0,288
18251.0,0,0,8,0,8,0,288
18252.0,0,0,8,0,8,0,288
18253.0,0,0,8,0,8,0,288
18254.0,0,0,8,0,8,0,288
18255.0,0,0,8,0,8,0,288
18256.0,0,0,8,0,8,0,288
18257.0,0,0,8,0,8,0,288
18258.0,0,0,8,0,8,0,288
18259.0,0,0,8,0,8,0,288
18260.0,0,0,8,0,8,0,288
18261.0,0,0,8,0,8,0,288
18262.0,0,0,8,0,8,0,288
18263.0,0,0,8,0,8,0,288
18264.0,0,0,8,0,8,0,288
18265.0,0,0,8,0,8,0,288
18266.0,0,0,8,0,8,0,288
18267.0,0,0,8,0,8,0,288
18268.0,0,0,8,0,8,0,288
18269.0,0,0,8,0,8,0,288
18270.0,0,0,8,0,8,0,288
18271.0,0,0,8,0,8,0,288
18272.0,0,0,8,0,8,0,288
18273.0,0,0,8,0,8,0,288
18274.0,0,0,8,0,8,0,288
18275.0,0,0,8,0,8,0,288
18276.0,0,0,8,0,8,0,288
18277.0,0,0,8,0,8,0,288
18278.0,0,0,8,0,8,0,288
18279.0,0,0,8,0,8,0,288
18280.0,0,0,8,0,8,0,288
18281.0,0,0,8,0,8,0,288
18282.0,0,0,8,0,8,0,288
18283.0,0,0,8,0,8,0,288
18284.0,0,0,8,0,8,0,288
18285.0,0,0,8,0,8,0,288
18286.0,0,0,8,0,8,0,288
18287.0,0,0,8,0,8,0,288
18288.0,0,0,8,0,8,0,288
18289.0,0,0,8,0,8,0,288
18290.0,0,0,8,0,8,0,288
18291.0,0,0,8,0,8,0,288
18292.0,0,0,8,0,8,0,288
18293.0,0,0,8,0,8,0,288
18294.0,0,0,8,0,8,0,288
18295.0,0,0,8,0,8,0,288
18296.0,0,0,8,0,8,0,288
18297.0,0,0,8,0,8,0,288
18298.0,0,0,8,0,8,0,288
18299.0,0,0,8,0,8,0,288
18300.0,0,0,8,0,8,0,288
18301.0,0,0,8,0,8,0,288
18302.0,0,0,8,0,8,0,288
18303.0,0,0,8,0,8,0,288
18304.0,0,0,8,0,8,0,288
18305.0,0,0,8,0,8,0,288
18306.0,0,0,8,0,8,0,288
18307.0,0,0,8,0,8,0,288
18308.0,0,0,8,0,8,0,288
18309.0,0,0,8,0,8,0,288
18310.0,0,0,8,0,8,0,288
18311.0,0,0,8,0,8,0,288
18312.0,0,0,8,0,8,0,288
18313.0,0,0,8,0,8,0,288
18314.0,0,0,8,0,8,0,288
18315.0,0,0,8,0,8,0,288
18316.0,0,0,8,0,8,0,288
18317.0,0,0,8,0,8,0,288
18318.0,0,0,8,0,8,0,288
18319.0,0,0,8,0,8,0,288
18320.0,0,0,8,0,8,0,288
18321.0,0,0,8,0,8,0,288
18322.0,0,0,8,0,8,0,288
18323.0,0,0,8,0,8,0,288
18324.0,0,0,8,0,8,0,288
18325.0,0,0,8,0,8,0,288
18326.0,0,0,8,0,8,0,288
18327.0,0,0,8,0,8,0,288
18328.0,0,0,8,0,8,0,288
18329.0,0,0,8,0,8,0,288
18330.0,0,0,8,0,8,0,288
18331.0,0,0,8,0,8,0,288
18332.0,0,0,8,0,8,0,288
18333.0,0,0,8,0,8,0,288
18334.0,0,0,8,0,8,0,288
18335.0,0,0,8,0,8,0,288
18336.0,0,0,8,0,8,0,288
18337.0,0,0,8,0,8,0,288
18338.0,0,0,8,0,8,0,288
18339.0,0,0,8,0,8,0,288
18340.0,0,0,8,0,8,0,288
18341.0,0,0,8,0,8,0,288
18342.0,0,0,8,0,8,0,288
18343.0,0,0,8,0,8,0,288
18344.0,0,0,8,0,8,0,288
18345.0,0,0,8,0,8,0,288
18346.0,0,0,8,0,8,0,288
18347.0,0,0,8,0,8,0,288
18348.0,0,0,8,0,8,0,288
18349.0,0,0,8,0,8,0,288
18350.0,0,0,8,0,8,0,288
18351.0,0,0,8,0,8,0,288
18352.0,0,0,8,0,8,0,288
18353.0,0,0,8,0,8,0,288
18354.0,0,0,8,0,8,0,288
18355.0,0,0,8,0,8,0,288
18356.0,0,0,8,0,8,0,288
18357.0,0,0,8,0,8,0,288
18358.0,0,0,8,0,8,0,288
18359.0,0,0,8,0,8,0,288
18360.0,0,0,8,0,8,0,288
18361.0,0,0,8,0,8,0,288
18362.0,0,0,8,0,8,0,288
18363.0,0,0,8,0,8,0,288
18364.0,0,0,8,0,8,0,288
18365.0,0,0,8,0,8,0,288
18366.0,0,0,8,0,8,0,288
18367.0,0,0,8,0,8,0,288
18368.0,0,0,8,0,8,0,288
18369.0,0,0,8,0,8,0,288
18370.0,0,0,8,0,8,0,288
18371.0,0,0,8,0,8,0,288
18372.0,0,0,8,0,8,0,288
18373.0,0,0,8,0,8,0,288
18374.0,0,0,8,0,8,0,288
18375.0,0,0,8,0,8,0,288
18376.0,0,0,8,0,8,0,288
18377.0,0,0,8,0,8,0,288
18378.0,0,0,8,0,8,0,288
18379.0,0,0,8,0,8,0,288
18380.0,0,0,8,0,8,0,288
18381.0,0,0,8,0,8,0,288
18382.0,0,0,8,0,8,0,288
18383.0,0,0,8,0,8,0,288
18384.0,0,0,8,0,8,0,288
18385.0,0,0,8,0,8,0,288
18386.0,0,0,8,0,8,0,288
18387.0,0,0,8,0,8,0,288
18388.0,0,0,8,0,8,0,288
18389.0,0,0,8,0,8,0,288
18390.0,0,0,8,0,8,0,288
18391.0,0,0,8,0,8,0,288
18392.0,0,0,8,0,8,0,288
18393.0,0,0,8,0,8,0,288
18394.0,0,0,8,0,8,0,288
18395.0,0,0,8,0,8,0,288
18396.0,0,0,8,0,8,0,288
18397.0,0,0,8,0,8,0,288
18398.0,0,0,8,0,8,0,288
18399.0,0,0,8,0,8,0,288
18400.0,0,0,8,0,8,0,288
18401.0,0,0,8,0,8,0,288
18402.0,0,0,8,0,8,0,288
18403.0,0,0,8,0,8,0,288
18404.0,0,0,8,0,8,0,288
18405.0,0,0,8,0,8,0,288
18406.0,0,0,8,0,8,0,288
18407.0,0,0,8,0,8,0,288
18408.0,0,0,8,0,8,0,288
18409.0,0,0,8,0,8,0,288
18410.0,0,0,8,0,8,0,288
18411.0,0,0,8,0,8,0,288
18412.0,0,0,8,0,8,0,288
18413.0,0,0,8,0,8,0,288
18414.0,0,0,8,0,8,0,288
18415.0,0,0,8,0,8,0,288
18416.0,0,0,8,0,8,0,288
18417.0,0,0,8,0,8,0,288
18418.0,0,0,8,0,8,0,288
18419.0,0,0,8,0,8,0,288
18420.0,0,0,8,0,8,0,288
18421.0,0,0,8,0,8,0,288
18422.0,0,0,8,0,8,0,288
18423.0,0,0,8,0,8,0,288
18424.0,0,0,8,0,8,0,288
18425.0,0,0,8,0,8,0,288
18426.0,0,0,8,0,8,0,288
18427.0,0,0,8,0,8,0,288
18428.0,0,0,8,0,8,0,288
18429.0,0,0,8,0,8,0,288
18430.0,0,0,8,0,8,0,288
18431.0,0,0,8,0,8,0,288
18432.0,0,0,8,0,8,0,288
18433.0,0,0,8,0,8,0,288
18434.0,0,0,8,0,8,0,288
18435.0,0,0,8,0,8,0,288
18436.0,0,0,8,0,8,0,288
18437.0,0,0,8,0,8,0,288
18438.0,0,0,8,0,8,0,288
18439.0,0,0,8,0,8,0,288
18440.0,0,0,8,0,8,0,288
18441.0,0,0,8,0,8,0,288
18442.0,0,0,8,0,8,0,288
18443.0,0,0,8,0,8,0,288
18444.0,0,0,8,0,8,0,288
18445.0,0,0,8,0,8,0,288
18446.0,0,0,8,0,8,0,288
18447.0,0,0,8,0,8,0,288
18448.0,0,0,8,0,8,0,288
18449.0,0,0,8,0,8,0,288
18450.0,0,0,8,0,8,0,288
18451.0,0,0,8,0,8,0,288
18452.0,0,0,8,0,8,0,288
18453.0,0,0,8,0,8,0,288
18454.0,0,0,8,0,8,0,288
18455.0,0,0,8,0,8,0,288
18456.0,0,0,8,0,8,0,288
18457.0,0,0,8,0,8,0,288
18458.0,0,0,8,0,8,0,288
18459.0,0,0,8,0,8,0,288
18460.0,0,0,8,0,8,0,288
18461.0,0,0,8,0,8,0,288
18462.0,0,0,8,0,8,0,288
18463.0,0,0,8,0,8,0,288
18464.0,0,0,8,0,8,0,288
18465.0,0,0,8,0,8,0,288
18466.0,0,0,8,0,8,0,288
18467.0,0,0,8,0,8,0,288
18468.0,0,0,8,0,8,0,288
18469.0,0,0,8,0,8,0,288
18470.0,0,0,8,0,8,0,288
18471.0,0,0,8,0,8,0,288
18472.0,0,0,8,0,8,0,288
18473.0,0,0,8,0,8,0,288
18474.0,0,0,8,0,8,0,288
18475.0,0,0,8,0,8,0,288
18476.0,0,0,8,0,8,0,288
18477.0,0,0,8,0,8,0,288
18478.0,0,0,8,0,8,0,288
18479.0,0,0,8,0,8,0,288
18480.0,0,0,8,0,8,0,288
18481.0,0,0,8,0,8,0,288
18482.0,0,0,8,0,8,0,288
18483.0,0,0,8,0,8,0,288
18484.0,0,0,8,0,8,0,288
18485.0,0,0,8,0,8,0,288
18486.0,0,0,8,0,8,0,288
18487.0,0,0,8,0,8,0,288
18488.0,0,0,8,0,8,0,288
18489.0,0,0,8,0,8,0,288
18490.0,0,0,8,0,8,0,288
18491.0,0,0,8,0,8,0,288
18492.0,0,0,8,0,8,0,288
18493.0,0,0,8,0,8,0,288
18494.0,0,0,8,0,8,0,288
18495.0,0,0,8,0,8,0,288
18496.0,0,0,8,0,8,0,288
18497.0,0,0,8,0,8,0,288
18498.0,0,0,8,0,8,0,288
18499.0,0,0,8,0,8,0,288
18500.0,0,0,8,0,8,0,288
18501.0,0,0,8,0,8,0,288
18502.0,0,0,8,0,8,0,288
18503.0,0,0,8,0,8,0,288
18504.0,0,0,8,0,8,0,288
18505.0,0,0,8,0,8,0,288
18506.0,0,0,8,0,8,0,288
18507.0,0,0,8,0,8,0,288
18508.0,0,0,8,0,8,0,288
18509.0,0,0,8,0,8,0,288
18510.0,0,0,8,0,8,0,288
18511.0,0,0,8,0,8,0,288
18512.0,0,0,8,0,8,0,288
18513.0,0,0,8,0,8,0,288
18514.0,0,0,8,0,8,0,288
18515.0,0,0,8,0,8,0,288
18516.0,0,0,8,0,8,0,288
18517.0,0,0,8,0,8,0,288
18518.0,0,0,8,0,8,0,288
18519.0,0,0,8,0,8,0,288
18520.0,0,0,8,0,8,0,288
18521.0,0,0,8,0,8,0,288
18522.0,0,0,8,0,8,0,288
18523.0,0,0,8,0,8,0,288
18524.0,0,0,8,0,8,0,288
18525.0,0,0,8,0,8,0,288
18526.0,0,0,8,0,8,0,288
18527.0,0,0,8,0,8,0,288
18528.0,0,0,8,0,8,0,288
18529.0,0,0,8,0,8,0,288
18530.0,0,0,8,0,8,0,288
18531.0,0,0,8,0,8,0,288
18532.0,0,0,8,0,8,0,288
18533.0,0,0,8,0,8,0,288
18534.0,0,0,8,0,8,0,288
18535.0,0,0,8,0,8,0,288
18536.0,0,0,8,0,8,0,288
18537.0,0,0,8,0,8,0,288
18538.0,0,0,8,0,8,0,288
18539.0,0,0,8,0,8,0,288
18540.0,0,0,8,0,8,0,288
18541.0,0,0,8,0,8,0,288
18542.0,0,0,8,0,8,0,288
18543.0,0,0,8,0,8,0,288
18544.0,0,0,8,0,8,0,288
18545.0,0,0,8,0,8,0,288
18546.0,0,0,8,0,8,0,288
18547.0,0,0,8,0,8,0,288
18548.0,0,0,8,0,8,0,288
18549.0,0,0,8,0,8,0,288
18550.0,0,0,8,0,8,0,288
18551.0,0,0,8,0,8,0,288
18552.0,0,0,8,0,8,0,288
18553.0,0,0,8,0,8,0,288
18554.0,0,0,8,0,8,0,288
18555.0,0,0,8,0,8,0,288
18556.0,0,0,8,0,8,0,288
18557.0,0,0,8,0,8,0,288
18558.0,0,0,8,0,8,0,288
18559.0,0,0,8,0,8,0,288
18560.0,0,0,8,0,8,0,288
18561.0,0,0,8,0,8,0,288
18562.0,0,0,8,0,8,0,288
18563.0,0,0,8,0,8,0,288
18564.0,0,0,8,0,8,0,288
18565.0,0,0,8,0,8,0,288
18566.0,0,0,8,0,8,0,288
18567.0,0,0,8,0,8,0,288
18568.0,0,0,8,0,8,0,288
18569.0,0,0,8,0,8,0,288
18570.0,0,0,8,0,8,0,288
18571.0,0,0,8,0,8,0,288
18572.0,0,0,8,0,8,0,288
18573.0,0,0,8,0,8,0,288
18574.0,0,0,8,0,8,0,288
18575.0,0,0,8,0,8,0,288
18576.0,0,0,8,0,8,0,288
18577.0,0,0,8,0,8,0,288
18578.0,0,0,8,0,8,0,288
18579.0,0,0,8,0,8,0,288
18580.0,0,0,8,0,8,0,288
18581.0,0,0,8,0,8,0,288
18582.0,0,0,8,0,8,0,288
18583.0,0,0,8,0,8,0,288
18584.0,0,0,8,0,8,0,288
18585.0,0,0,8,0,8,0,288
18586.0,0,0,8,0,8,0,288
18587.0,0,0,8,0,8,0,288
18588.0,0,0,8,0,8,0,288
18589.0,0,0,8,0,8,0,288
18590.0,0,0,8,0,8,0,288
18591.0,0,0,8,0,8,0,288
18592.0,0,0,8,0,8,0,288
18593.0,0,0,8,0,8,0,288
18594.0,0,0,8,0,8,0,288
18595.0,0,0,8,0,8,0,288
18596.0,0,0,8,0,8,0,288
18597.0,0,0,8,0,8,0,288
18598.0,0,0,8,0,8,0,288
18599.0,0,0,8,0,8,0,288
18600.0,0,0,8,0,8,0,288
18601.0,0,0,8,0,8,0,288
18602.0,0,0,8,0,8,0,288
18603.0,0,0,8,0,8,0,288
18604.0,0,0,8,0,8,0,288
18605.0,0,0,8,0,8,0,288
18606.0,0,0,8,0,8,0,288
18607.0,0,0,8,0,8,0,288
18608.0,0,0,8,0,8,0,288
18609.0,0,0,8,0,8,0,288
18610.0,0,0,8,0,8,0,288
18611.0,0,0,8,0,8,0,288
18612.0,0,0,8,0,8,0,288
18613.0,0,0,8,0,8,0,288
18614.0,0,0,8,0,8,0,288
18615.0,0,0,8,0,8,0,288
18616.0,0,0,8,0,8,0,288
18617.0,0,0,8,0,8,0,288
18618.0,0,0,8,0,8,0,288
18619.0,0,0,8,0,8,0,288
18620.0,0,0,8,0,8,0,288
18621.0,0,0,8,0,8,0,288
18622.0,0,0,8,0,8,0,288
18623.0,0,0,8,0,8,0,288
18624.0,0,0,8,0,8,0,288
18625.0,0,0,8,0,8,0,288
18626.0,0,0,8,0,8,0,288
18627.0,0,0,8,0,8,0,288
18628.0,0,0,8,0,8,0,288
18629.0,0,0,8,0,8,0,288
18630.0,0,0,8,0,8,0,288
18631.0,0,0,8,0,8,0,288
18632.0,0,0,8,0,8,0,288
18633.0,0,0,8,0,8,0,288
18634.0,0,0,8,0,8,0,288
18635.0,0,0,8,0,8,0,288
18636.0,0,0,8,0,8,0,288
18637.0,0,0,8,0,8,0,288
18638.0,0,0,8,0,8,0,288
18639.0,0,0,8,0,8,0,288
18640.0,0,0,8,0,8,0,288
18641.0,0,0,8,0,8,0,288
18642.0,0,0,8,0,8,0,288
18643.0,0,0,8,0,8,0,288
18644.0,0,0,8,0,8,0,288
18645.0,0,0,8,0,8,0,288
18646.0,0,0,8,0,8,0,288
18647.0,0,0,8,0,8,0,288
18648.0,0,0,8,0,8,0,288
18649.0,0,0,8,0,8,0,288
18650.0,0,0,8,0,8,0,288
18651.0,0,0,8,0,8,0,288
18652.0,0,0,8,0,8,0,288
18653.0,0,0,8,0,8,0,288
18654.0,0,0,8,0,8,0,288
18655.0,0,0,8,0,8,0,288
18656.0,0,0,8,0,8,0,288
18657.0,0,0,8,0,8,0,288
18658.0,0,0,8,0,8,0,288
18659.0,0,0,8,0,8,0,288
18660.0,0,0,8,0,8,0,288
18661.0,0,0,8,0,8,0,288
18662.0,0,0,8,0,8,0,288
18663.0,0,0,8,0,8,0,288
18664.0,0,0,8,0,8,0,288
18665.0,0,0,8,0,8,0,288
18666.0,0,0,8,0,8,0,288
18667.0,0,0,8,0,8,0,288
18668.0,0,0,8,0,8,0,288
18669.0,0,0,8,0,8,0,288
18670.0,0,0,8,0,8,0,288
18671.0,0,0,8,0,8,0,288
18672.0,0,0,8,0,8,0,288
18673.0,0,0,8,0,8,0,288
18674.0,0,0,8,0,8,0,288
18675.0,0,0,8,0,8,0,288
18676.0,0,0,8,0,8,0,288
18677.0,0,0,8,0,8,0,288
18678.0,0,0,8,0,8,0,288
18679.0,0,0,8,0,8,0,288
18680.0,0,0,8,0,8,0,288
18681.0,0,0,8,0,8,0,288
18682.0,0,0,8,0,8,0,288
18683.0,0,0,8,0,8,0,288
18684.0,0,0,8,0,8,0,288
18685.0,0,0,8,0,8,0,288
18686.0,0,0,8,0,8,0,288
18687.0,0,0,8,0,8,0,288
18688.0,0,0,8,0,8,0,288
18689.0,0,0,8,0,8,0,288
18690.0,0,0,8,0,8,0,288
18691.0,0,0,8,0,8,0,288
18692.0,0,0,8,0,8,0,288
18693.0,0,0,8,0,8,0,288
18694.0,0,0,8,0,8,0,288
18695.0,0,0,8,0,8,0,288
18696.0,0,0,8,0,8,0,288
18697.0,0,0,8,0,8,0,288
18698.0,0,0,8,0,8,0,288
18699.0,0,0,8,0,8,0,288
18700.0,0,0,8,0,8,0,288
18701.0,0,0,8,0,8,0,288
18702.0,0,0,8,0,8,0,288
18703.0,0,0,8,0,8,0,288
18704.0,0,0,8,0,8,0,288
18705.0,0,0,8,0,8,0,288
18706.0,0,0,8,0,8,0,288
18707.0,0,0,8,0,8,0,288
18708.0,0,0,8,0,8,0,288
18709.0,0,0,8,0,8,0,288
18710.0,0,0,8,0,8,0,288
18711.0,0,0,8,0,8,0,288
18712.0,0,0,8,0,8,0,288
18713.0,0,0,8,0,8,0,288
18714.0,0,0,8,0,8,0,288
18715.0,0,0,8,0,8,0,288
18716.0,0,0,8,0,8,0,288
18717.0,0,0,8,0,8,0,288
18718.0,0,0,8,0,8,0,288
18719.0,0,0,8,0,8,0,288
18720.0,0,0,8,0,8,0,288
18721.0,0,0,8,0,8,0,288
18722.0,0,0,8,0,8,0,288
18723.0,0,0,8,0,8,0,288
18724.0,0,0,8,0,8,0,288
18725.0,0,0,8,0,8,0,288
18726.0,0,0,8,0,8,0,288
18727.0,0,0,8,0,8,0,288
18728.0,0,0,8,0,8,0,288
18729.0,0,0,8,0,8,0,288
18730.0,0,0,8,0,8,0,288
18731.0,0,0,8,0,8,0,288
18732.0,0,0,8,0,8,0,288
18733.0,0,0,8,0,8,0,288
18734.0,0,0,8,0,8,0,288
18735.0,0,0,8,0,8,0,288
18736.0,0,0,8,0,8,0,288
18737.0,0,0,8,0,8,0,288
18738.0,0,0,8,0,8,0,288
18739.0,0,0,8,0,8,0,288
18740.0,0,0,8,0,8,0,288
18741.0,0,0,8,0,8,0,288
18742.0,0,0,8,0,8,0,288
18743.0,0,0,8,0,8,0,288
18744.0,0,0,8,0,8,0,288
18745.0,0,0,8,0,8,0,288
18746.0,0,0,8,0,8,0,288
18747.0,0,0,8,0,8,0,288
18748.0,0,0,8,0,8,0,288
18749.0,0,0,8,0,8,0,288
18750.0,0,0,8,0,8,0,288
18751.0,0,0,8,0,8,0,288
18752.0,0,0,8,0,8,0,288
18753.0,0,0,8,0,8,0,288
18754.0,0,0,8,0,8,0,288
18755.0,0,0,8,0,8,0,288
18756.0,0,0,8,0,8,0,288
18757.0,0,0,8,0,8,0,288
18758.0,0,0,8,0,8,0,288
18759.0,0,0,8,0,8,0,288
18760.0,0,0,8,0,8,0,288
18761.0,0,0,8,0,8,0,288
18762.0,0,0,8,0,8,0,288
18763.0,0,0,8,0,8,0,288
18764.0,0,0,8,0,8,0,288
18765.0,0,0,8,0,8,0,288
18766.0,0,0,8,0,8,0,288
18767.0,0,0,8,0,8,0,288
18768.0,0,0,8,0,8,0,288
18769.0,0,0,8,0,8,0,288
18770.0,0,0,8,0,8,0,288
18771.0,0,0,8,0,8,0,288
18772.0,0,0,8,0,8,0,288
18773.0,0,0,8,0,8,0,288
18774.0,0,0,8,0,8,0,288
18775.0,0,0,8,0,8,0,288
18776.0,0,0,8,0,8,0,288
18777.0,0,0,8,0,8,0,288
18778.0,0,0,8,0,8,0,288
18779.0,0,0,8,0,8,0,288
18780.0,0,0,8,0,8,0,288
18781.0,0,0,8,0,8,0,288
18782.0,0,0,8,0,8,0,288
18783.0,0,0,8,0,8,0,288
18784.0,0,0,8,0,8,0,288
18785.0,0,0,8,0,8,0,288
18786.0,0,0,8,0,8,0,288
18787.0,0,0,8,0,8,0,288
18788.0,0,0,8,0,8,0,288
18789.0,0,0,8,0,8,0,288
18790.0,0,0,8,0,8,0,288
18791.0,0,0,8,0,8,0,288
18792.0,0,0,8,0,8,0,288
18793.0,0,0,8,0,8,0,288
18794.0,0,0,8,0,8,0,288
18795.0,0,0,8,0,8,0,288
18796.0,0,0,8,0,8,0,288
18797.0,0,0,8,0,8,0,288
18798.0,0,0,8,0,8,0,288
18799.0,0,0,8,0,8,0,288
18800.0,0,0,8,0,8,0,288
18801.0,0,0,8,0,8,0,288
18802.0,0,0,8,0,8,0,288
18803.0,0,0,8,0,8,0,288
18804.0,0,0,8,0,8,0,288
18805.0,0,0,8,0,8,0,288
18806.0,0,0,8,0,8,0,288
18807.0,0,0,8,0,8,0,288
18808.0,0,0,8,0,8,0,288
18809.0,0,0,8,0,8,0,288
18810.0,0,0,8,0,8,0,288
18811.0,0,0,8,0,8,0,288
18812.0,0,0,8,0,8,0,288
18813.0,0,0,8,0,8,0,288
18814.0,0,0,8,0,8,0,288
18815.0,0,0,8,0,8,0,288
18816.0,0,0,8,0,8,0,288
18817.0,0,0,8,0,8,0,288
18818.0,0,0,8,0,8,0,288
18819.0,0,0,8,0,8,0,288
18820.0,0,0,8,0,8,0,288
18821.0,0,0,8,0,8,0,288
18822.0,0,0,8,0,8,0,288
18823.0,0,0,8,0,8,0,288
18824.0,0,0,8,0,8,0,288
18825.0,0,0,8,0,8,0,288
18826.0,0,0,8,0,8,0,288
18827.0,0,0,8,0,8,0,288
18828.0,0,0,8,0,8,0,288
18829.0,0,0,8,0,8,0,288
18830.0,0,0,8,0,8,0,288
18831.0,0,0,8,0,8,0,288
18832.0,0,0,8,0,8,0,288
18833.0,0,0,8,0,8,0,288
18834.0,0,0,8,0,8,0,288
18835.0,0,0,8,0,8,0,288
18836.0,0,0,8,0,8,0,288
18837.0,0,0,8,0,8,0,288
18838.0,0,0,8,0,8,0,288
18839.0,0,0,8,0,8,0,288
18840.0,0,0,8,0,8,0,288
18841.0,0,0,8,0,8,0,288
18842.0,0,0,8,0,8,0,288
18843.0,0,0,8,0,8,0,288
18844.0,0,0,8,0,8,0,288
18845.0,0,0,8,0,8,0,288
18846.0,0,0,8,0,8,0,288
18847.0,0,0,8,0,8,0,288
18848.0,0,0,8,0,8,0,288
18849.0,0,0,8,0,8,0,288
18850.0,0,0,8,0,8,0,288
18851.0,0,0,8,0,8,0,288
18852.0,0,0,8,0,8,0,288
18853.0,0,0,8,0,8,0,288
18854.0,0,0,8,0,8,0,288
18855.0,0,0,8,0,8,0,288
18856.0,0,0,8,0,8,0,288
18857.0,0,0,8,0,8,0,288
18858.0,0,0,8,0,8,0,288
18859.0,0,0,8,0,8,0,288
18860.0,0,0,8,0,8,0,288
18861.0,0,0,8,0,8,0,288
18862.0,0,0,8,0,8,0,288
18863.0,0,0,8,0,8,0,288
18864.0,0,0,8,0,8,0,288
18865.0,0,0,8,0,8,0,288
18866.0,0,0,8,0,8,0,288
18867.0,0,0,8,0,8,0,288
18868.0,0,0,8,0,8,0,288
18869.0,0,0,8,0,8,0,288
18870.0,0,0,8,0,8,0,288
18871.0,0,0,8,0,8,0,288
18872.0,0,0,8,0,8,0,288
18873.0,0,0,8,0,8,0,288
18874.0,0,0,8,0,8,0,288
18875.0,0,0,8,0,8,0,288
18876.0,0,0,8,0,8,0,288
18877.0,0,0,8,0,8,0,288
18878.0,0,0,8,0,8,0,288
18879.0,0,0,8,0,8,0,288
18880.0,0,0,8,0,8,0,288
18881.0,0,0,8,0,8,0,288
18882.0,0,0,8,0,8,0,288
18883.0,0,0,8,0,8,0,288
18884.0,0,0,8,0,8,0,288
18885.0,0,0,8,0,8,0,288
18886.0,0,0,8,0,8,0,288
18887.0,0,0,8,0,8,0,288
18888.0,0,0,8,0,8,0,288
18889.0,0,0,8,0,8,0,288
18890.0,0,0,8,0,8,0,288
18891.0,0,0,8,0,8,0,288
18892.0,0,0,8,0,8,0,288
18893.0,0,0,8,0,8,0,288
18894.0,0,0,8,0,8,0,288
18895.0,0,0,8,0,8,0,288
18896.0,0,0,8,0,8,0,288
18897.0,0,0,8,0,8,0,288
18898.0,0,0,8,0,8,0,288
18899.0,0,0,8,0,8,0,288
18900.0,0,0,8,0,8,0,288
18901.0,0,0,8,0,8,0,288
18902.0,0,0,8,0,8,0,288
18903.0,0,0,8,0,8,0,288
18904.0,0,0,8,0,8,0,288
18905.0,0,0,8,0,8,0,288
18906.0,0,0,8,0,8,0,288
18907.0,0,0,8,0,8,0,288
18908.0,0,0,8,0,8,0,288
18909.0,0,0,8,0,8,0,288
18910.0,0,0,8,0,8,0,288
18911.0,0,0,8,0,8,0,288
18912.0,0,0,8,0,8,0,288
18913.0,0,0,8,0,8,0,288
18914.0,0,0,8,0,8,0,288
18915.0,0,0,8,0,8,0,288
18916.0,0,0,8,0,8,0,288
18917.0,0,0,8,0,8,0,288
18918.0,0,0,8,0,8,0,288
18919.0,0,0,8,0,8,0,288
18920.0,0,0,8,0,8,0,288
18921.0,0,0,8,0,8,0,288
18922.0,0,0,8,0,8,0,288
18923.0,0,0,8,0,8,0,288
18924.0,0,0,8,0,8,0,288
18925.0,0,0,8,0,8,0,288
18926.0,0,0,8,0,8,0,288
18927.0,0,0,8,0,8,0,288
18928.0,0,0,8,0,8,0,288
18929.0,0,0,8,0,8,0,288
18930.0,0,0,8,0,8,0,288
18931.0,0,0,8,0,8,0,288
18932.0,0,0,8,0,8,0,288
18933.0,0,0,8,0,8,0,288
18934.0,0,0,8,0,8,0,288
18935.0,0,0,8,0,8,0,288
18936.0,0,0,8,0,8,0,288
18937.0,0,0,8,0,8,0,288
18938.0,0,0,8,0,8,0,288
18939.0,0,0,8,0,8,0,288
18940.0,0,0,8,0,8,0,288
18941.0,0,0,8,0,8,0,288
18942.0,0,0,8,0,8,0,288
18943.0,0,0,8,0,8,0,288
18944.0,0,0,8,0,8,0,288
18945.0,0,0,8,0,8,0,288
18946.0,0,0,8,0,8,0,288
18947.0,0,0,8,0,8,0,288
18948.0,0,0,8,0,8,0,288
18949.0,0,0,8,0,8,0,288
18950.0,0,0,8,0,8,0,288
18951.0,0,0,8,0,8,0,288
18952.0,0,0,8,0,8,0,288
18953.0,0,0,8,0,8,0,288
18954.0,0,0,8,0,8,0,288
18955.0,0,0,8,0,8,0,288
18956.0,0,0,8,0,8,0,288
18957.0,0,0,8,0,8,0,288
18958.0,0,0,8,0,8,0,288
18959.0,0,0,8,0,8,0,288
18960.0,0,0,8,0,8,0,288
18961.0,0,0,8,0,8,0,288
18962.0,0,0,8,0,8,0,288
18963.0,0,0,8,0,8,0,288
18964.0,0,0,8,0,8,0,288
18965.0,0,0,8,0,8,0,288
18966.0,0,0,8,0,8,0,288
18967.0,0,0,8,0,8,0,288
18968.0,0,0,8,0,8,0,288
18969.0,0,0,8,0,8,0,288
18970.0,0,0,8,0,8,0,288
18971.0,0,0,8,0,8,0,288
18972.0,0,0,8,0,8,0,288
18973.0,0,0,8,0,8,0,288
18974.0,0,0,8,0,8,0,288
18975.0,0,0,8,0,8,0,288
18976.0,0,0,8,0,8,0,288
18977.0,0,0,8,0,8,0,288
18978.0,0,0,8,0,8,0,288
18979.0,0,0,8,0,8,0,288
18980.0,0,0,8,0,8,0,288
18981.0,0,0,8,0,8,0,288
18982.0,0,0,8,0,8,0,288
18983.0,0,0,8,0,8,0,288
18984.0,0,0,8,0,8,0,288
18985.0,0,0,8,0,8,0,288
18986.0,0,0,8,0,8,0,288
18987.0,0,0,8,0,8,0,288
18988.0,0,0,8,0,8,0,288
18989.0,0,0,8,0,8,0,288
18990.0,0,0,8,0,8,0,288
18991.0,0,0,8,0,8,0,288
18992.0,0,0,8,0,8,0,288
18993.0,0,0,8,0,8,0,288
18994.0,0,0,8,0,8,0,288
18995.0,0,0,8,0,8,0,288
18996.0,0,0,8,0,8,0,288
18997.0,0,0,8,0,8,0,288
18998.0,0,0,8,0,8,0,288
18999.0,0,0,8,0,8,0,288
19000.0,0,0,8,0,8,0,288
19001.0,0,0,8,0,8,0,288
19002.0,0,0,8,0,8,0,288
19003.0,0,0,8,0,8,0,288
19004.0,0,0,8,0,8,0,288
19005.0,0,0,8,0,8,0,288
19006.0,0,0,8,0,8,0,288
19007.0,0,0,8,0,8,0,288
19008.0,0,0,8,0,8,0,288
19009.0,0,0,8,0,8,0,288
19010.0,0,0,8,0,8,0,288
19011.0,0,0,8,0,8,0,288
19012.0,0,0,8,0,8,0,288
19013.0,0,0,8,0,8,0,288
19014.0,0,0,8,0,8,0,288
19015.0,0,0,8,0,8,0,288
19016.0,0,0,8,0,8,0,288
19017.0,0,0,8,0,8,0,288
19018.0,0,0,8,0,8,0,288
19019.0,0,0,8,0,8,0,288
19020.0,0,0,8,0,8,0,288
19021.0,0,0,8,0,8,0,288
19022.0,0,0,8,0,8,0,288
19023.0,0,0,8,0,8,0,288
19024.0,0,0,8,0,8,0,288
19025.0,0,0,8,0,8,0,288
19026.0,0,0,8,0,8,0,288
19027.0,0,0,8,0,8,0,288
19028.0,0,0,8,0,8,0,288
19029.0,0,0,8,0,8,0,288
19030.0,0,0,8,0,8,0,288
19031.0,0,0,8,0,8,0,288
19032.0,0,0,8,0,8,0,288
19033.0,0,0,8,0,8,0,288
19034.0,0,0,8,0,8,0,288
19035.0,0,0,8,0,8,0,288
19036.0,0,0,8,0,8,0,288
19037.0,0,0,8,0,8,0,288
19038.0,0,0,8,0,8,0,288
19039.0,0,0,8,0,8,0,288
19040.0,0,0,8,0,8,0,288
19041.0,0,0,8,0,8,0,288
19042.0,0,0,8,0,8,0,288
19043.0,0,0,8,0,8,0,288
19044.0,0,0,8,0,8,0,288
19045.0,0,0,8,0,8,0,288
19046.0,0,0,8,0,8,0,288
19047.0,0,0,8,0,8,0,288
19048.0,0,0,8,0,8,0,288
19049.0,0,0,8,0,8,0,288
19050.0,0,0,8,0,8,0,288
19051.0,0,0,8,0,8,0,288
19052.0,0,0,8,0,8,0,288
19053.0,0,0,8,0,8,0,288
19054.0,0,0,8,0,8,0,288
19055.0,0,0,8,0,8,0,288
19056.0,0,0,8,0,8,0,288
19057.0,0,0,8,0,8,0,288
19058.0,0,0,8,0,8,0,288
19059.0,0,0,8,0,8,0,288
19060.0,0,0,8,0,8,0,288
19061.0,0,0,8,0,8,0,288
19062.0,0,0,8,0,8,0,288
19063.0,0,0,8,0,8,0,288
19064.0,0,0,8,0,8,0,288
19065.0,0,0,8,0,8,0,288
19066.0,0,0,8,0,8,0,288
19067.0,0,0,8,0,8,0,288
19068.0,0,0,8,0,8,0,288
19069.0,0,0,8,0,8,0,288
19070.0,0,0,8,0,8,0,288
19071.0,0,0,8,0,8,0,288
19072.0,0,0,8,0,8,0,288
19073.0,0,0,8,0,8,0,288
19074.0,0,0,8,0,8,0,288
19075.0,0,0,8,0,8,0,288
19076.0,0,0,8,0,8,0,288
19077.0,0,0,8,0,8,0,288
19078.0,0,0,8,0,8,0,288
19079.0,0,0,8,0,8,0,288
19080.0,0,0,8,0,8,0,288
19081.0,0,0,8,0,8,0,288
19082.0,0,0,8,0,8,0,288
19083.0,0,0,8,0,8,0,288
19084.0,0,0,8,0,8,0,288
19085.0,0,0,8,0,8,0,288
19086.0,0,0,8,0,8,0,288
19087.0,0,0,8,0,8,0,288
19088.0,0,0,8,0,8,0,288
19089.0,0,0,8,0,8,0,288
19090.0,0,0,8,0,8,0,288
19091.0,0,0,8,0,8,0,288
19092.0,0,0,8,0,8,0,288
19093.0,0,0,8,0,8,0,288
19094.0,0,0,8,0,8,0,288
19095.0,0,0,8,0,8,0,288
19096.0,0,0,8,0,8,0,288
19097.0,0,0,8,0,8,0,288
19098.0,0,0,8,0,8,0,288
19099.0,0,0,8,0,8,0,288
19100.0,0,0,8,0,8,0,288
19101.0,0,0,8,0,8,0,288
19102.0,0,0,8,0,8,0,288
19103.0,0,0,8,0,8,0,288
19104.0,0,0,8,0,8,0,288
19105.0,0,0,8,0,8,0,288
19106.0,0,0,8,0,8,0,288
19107.0,0,0,8,0,8,0,288
19108.0,0,0,8,0,8,0,288
19109.0,0,0,8,0,8,0,288
19110.0,0,0,8,0,8,0,288
19111.0,0,0,8,0,8,0,288
19112.0,0,0,8,0,8,0,288
19113.0,0,0,8,0,8,0,288
19114.0,0,0,8,0,8,0,288
19115.0,0,0,8,0,8,0,288
19116.0,0,0,8,0,8,0,288
19117.0,0,0,8,0,8,0,288
19118.0,0,0,8,0,8,0,288
19119.0,0,0,8,0,8,0,288
19120.0,0,0,8,0,8,0,288
19121.0,0,0,8,0,8,0,288
19122.0,0,0,8,0,8,0,288
19123.0,0,0,8,0,8,0,288
19124.0,0,0,8,0,8,0,288
19125.0,0,0,8,0,8,0,288
19126.0,0,0,8,0,8,0,288
19127.0,0,0,8,0,8,0,288
19128.0,0,0,8,0,8,0,288
19129.0,0,0,8,0,8,0,288
19130.0,0,0,8,0,8,0,288
19131.0,0,0,8,0,8,0,288
19132.0,0,0,8,0,8,0,288
19133.0,0,0,8,0,8,0,288
19134.0,0,0,8,0,8,0,288
19135.0,0,0,8,0,8,0,288
19136.0,0,0,8,0,8,0,288
19137.0,0,0,8,0,8,0,288
19138.0,0,0,8,0,8,0,288
19139.0,0,0,8,0,8,0,288
19140.0,0,0,8,0,8,0,288
19141.0,0,0,8,0,8,0,288
19142.0,0,0,8,0,8,0,288
19143.0,0,0,8,0,8,0,288
19144.0,0,0,8,0,8,0,288
19145.0,0,0,8,0,8,0,288
19146.0,0,0,8,0,8,0,288
19147.0,0,0,8,0,8,0,288
19148.0,0,0,8,0,8,0,288
19149.0,0,0,8,0,8,0,288
19150.0,0,0,8,0,8,0,288
19151.0,0,0,8,0,8,0,288
19152.0,0,0,8,0,8,0,288
19153.0,0,0,8,0,8,0,288
19154.0,0,0,8,0,8,0,288
19155.0,0,0,8,0,8,0,288
19156.0,0,0,8,0,8,0,288
19157.0,0,0,8,0,8,0,288
19158.0,0,0,8,0,8,0,288
19159.0,0,0,8,0,8,0,288
19160.0,0,0,8,0,8,0,288
19161.0,0,0,8,0,8,0,288
19162.0,0,0,8,0,8,0,288
19163.0,0,0,8,0,8,0,288
19164.0,0,0,8,0,8,0,288
19165.0,0,0,8,0,8,0,288
19166.0,0,0,8,0,8,0,288
19167.0,0,0,8,0,8,0,288
19168.0,0,0,8,0,8,0,288
19169.0,0,0,8,0,8,0,288
19170.0,0,0,8,0,8,0,288
19171.0,0,0,8,0,8,0,288
19172.0,0,0,8,0,8,0,288
19173.0,0,0,8,0,8,0,288
19174.0,0,0,8,0,8,0,288
19175.0,0,0,8,0,8,0,288
19176.0,0,0,8,0,8,0,288
19177.0,0,0,8,0,8,0,288
19178.0,0,0,8,0,8,0,288
19179.0,0,0,8,0,8,0,288
19180.0,0,0,8,0,8,0,288
19181.0,0,0,8,0,8,0,288
19182.0,0,0,8,0,8,0,288
19183.0,0,0,8,0,8,0,288
19184.0,0,0,8,0,8,0,288
19185.0,0,0,8,0,8,0,288
19186.0,0,0,8,0,8,0,288
19187.0,0,0,8,0,8,0,288
19188.0,0,0,8,0,8,0,288
19189.0,0,0,8,0,8,0,288
19190.0,0,0,8,0,8,0,288
19191.0,0,0,8,0,8,0,288
19192.0,0,0,8,0,8,0,288
19193.0,0,0,8,0,8,0,288
19194.0,0,0,8,0,8,0,288
19195.0,0,0,8,0,8,0,288
19196.0,0,0,8,0,8,0,288
19197.0,0,0,8,0,8,0,288
19198.0,0,0,8,0,8,0,288
19199.0,0,0,8,0,8,0,288
19200.0,0,0,8,0,8,0,288
19201.0,0,0,8,0,8,0,288
19202.0,0,0,8,0,8,0,288
19203.0,0,0,8,0,8,0,288
19204.0,0,0,8,0,8,0,288
19205.0,0,0,8,0,8,0,288
19206.0,0,0,8,0,8,0,288
19207.0,0,0,8,0,8,0,288
19208.0,0,0,8,0,8,0,288
19209.0,0,0,8,0,8,0,288
19210.0,0,0,8,0,8,0,288
19211.0,0,0,8,0,8,0,288
19212.0,0,0,8,0,8,0,288
19213.0,0,0,8,0,8,0,288
19214.0,0,0,8,0,8,0,288
19215.0,0,0,8,0,8,0,288
19216.0,0,0,8,0,8,0,288
19217.0,0,0,8,0,8,0,288
19218.0,0,0,8,0,8,0,288
19219.0,0,0,8,0,8,0,288
19220.0,0,0,8,0,8,0,288
19221.0,0,0,8,0,8,0,288
19222.0,0,0,8,0,8,0,288
19223.0,0,0,8,0,8,0,288
19224.0,0,0,8,0,8,0,288
19225.0,0,0,8,0,8,0,288
19226.0,0,0,8,0,8,0,288
19227.0,0,0,8,0,8,0,288
19228.0,0,0,8,0,8,0,288
19229.0,0,0,8,0,8,0,288
19230.0,0,0,8,0,8,0,288
19231.0,0,0,8,0,8,0,288
19232.0,0,0,8,0,8,0,288
19233.0,0,0,8,0,8,0,288
19234.0,0,0,8,0,8,0,288
19235.0,0,0,8,0,8,0,288
19236.0,0,0,8,0,8,0,288
19237.0,0,0,8,0,8,0,288
19238.0,0,0,8,0,8,0,288
19239.0,0,0,8,0,8,0,288
19240.0,0,0,8,0,8,0,288
19241.0,0,0,8,0,8,0,288
19242.0,0,0,8,0,8,0,288
19243.0,0,0,8,0,8,0,288
19244.0,0,0,8,0,8,0,288
19245.0,0,0,8,0,8,0,288
19246.0,0,0,8,0,8,0,288
19247.0,0,0,8,0,8,0,288
19248.0,0,0,8,0,8,0,288
19249.0,0,0,8,0,8,0,288
19250.0,0,0,8,0,8,0,288
19251.0,0,0,8,0,8,0,288
19252.0,0,0,8,0,8,0,288
19253.0,0,0,8,0,8,0,288
19254.0,0,0,8,0,8,0,288
19255.0,0,0,8,0,8,0,288
19256.0,0,0,8,0,8,0,288
19257.0,0,0,8,0,8,0,288
19258.0,0,0,8,0,8,0,288
19259.0,0,0,8,0,8,0,288
19260.0,0,0,8,0,8,0,288
19261.0,0,0,8,0,8,0,288
19262.0,0,0,8,0,8,0,288
19263.0,0,0,8,0,8,0,288
19264.0,0,0,8,0,8,0,288
19265.0,0,0,8,0,8,0,288
19266.0,0,0,8,0,8,0,288
19267.0,0,0,8,0,8,0,288
19268.0,0,0,8,0,8,0,288
19269.0,0,0,8,0,8,0,288
19270.0,0,0,8,0,8,0,288
19271.0,0,0,8,0,8,0,288
19272.0,0,0,8,0,8,0,288
19273.0,0,0,8,0,8,0,288
19274.0,0,0,8,0,8,0,288
19275.0,0,0,8,0,8,0,288
19276.0,0,0,8,0,8,0,288
19277.0,0,0,8,0,8,0,288
19278.0,0,0,8,0,8,0,288
19279.0,0,0,8,0,8,0,288
19280.0,0,0,8,0,8,0,288
19281.0,0,0,8,0,8,0,288
19282.0,0,0,8,0,8,0,288
19283.0,0,0,8,0,8,0,288
19284.0,0,0,8,0,8,0,288
19285.0,0,0,8,0,8,0,288
19286.0,0,0,8,0,8,0,288
19287.0,0,0,8,0,8,0,288
19288.0,0,0,8,0,8,0,288
19289.0,0,0,8,0,8,0,288
19290.0,0,0,8,0,8,0,288
19291.0,0,0,8,0,8,0,288
19292.0,0,0,8,0,8,0,288
19293.0,0,0,8,0,8,0,288
19294.0,0,0,8,0,8,0,288
19295.0,0,0,8,0,8,0,288
19296.0,0,0,8,0,8,0,288
19297.0,0,0,8,0,8,0,288
19298.0,0,0,8,0,8,0,288
19299.0,0,0,8,0,8,0,288
19300.0,0,0,8,0,8,0,288
19301.0,0,0,8,0,8,0,288
19302.0,0,0,8,0,8,0,288
19303.0,0,0,8,0,8,0,288
19304.0,0,0,8,0,8,0,288
19305.0,0,0,8,0,8,0,288
19306.0,0,0,8,0,8,0,288
19307.0,0,0,8,0,8,0,288
19308.0,0,0,8,0,8,0,288
19309.0,0,0,8,0,8,0,288
19310.0,0,0,8,0,8,0,288
19311.0,0,0,8,0,8,0,288
19312.0,0,0,8,0,8,0,288
19313.0,0,0,8,0,8,0,288
19314.0,0,0,8,0,8,0,288
19315.0,0,0,8,0,8,0,288
19316.0,0,0,8,0,8,0,288
19317.0,0,0,8,0,8,0,288
19318.0,0,0,8,0,8,0,288
19319.0,0,0,8,0,8,0,288
19320.0,0,0,8,0,8,0,288
19321.0,0,0,8,0,8,0,288
19322.0,0,0,8,0,8,0,288
19323.0,0,0,8,0,8,0,288
19324.0,0,0,8,0,8,0,288
19325.0,0,0,8,0,8,0,288
19326.0,0,0,8,0,8,0,288
19327.0,0,0,8,0,8,0,288
19328.0,0,0,8,0,8,0,288
19329.0,0,0,8,0,8,0,288
19330.0,0,0,8,0,8,0,288
19331.0,0,0,8,0,8,0,288
19332.0,0,0,8,0,8,0,288
19333.0,0,0,8,0,8,0,288
19334.0,0,0,8,0,8,0,288
19335.0,0,0,8,0,8,0,288
19336.0,0,0,8,0,8,0,288
19337.0,0,0,8,0,8,0,288
19338.0,0,0,8,0,8,0,288
19339.0,0,0,8,0,8,0,288
19340.0,0,0,8,0,8,0,288
19341.0,0,0,8,0,8,0,288
19342.0,0,0,8,0,8,0,288
19343.0,0,0,8,0,8,0,288
19344.0,0,0,8,0,8,0,288
19345.0,0,0,8,0,8,0,288
19346.0,0,0,8,0,8,0,288
19347.0,0,0,8,0,8,0,288
19348.0,0,0,8,0,8,0,288
19349.0,0,0,8,0,8,0,288
19350.0,0,0,8,0,8,0,288
19351.0,0,0,8,0,8,0,288
19352.0,0,0,8,0,8,0,288
19353.0,0,0,8,0,8,0,288
19354.0,0,0,8,0,8,0,288
19355.0,0,0,8,0,8,0,288
19356.0,0,0,8,0,8,0,288
19357.0,0,0,8,0,8,0,288
19358.0,0,0,8,0,8,0,288
19359.0,0,0,8,0,8,0,288
19360.0,0,0,8,0,8,0,288
19361.0,0,0,8,0,8,0,288
19362.0,0,0,8,0,8,0,288
19363.0,0,0,8,0,8,0,288
19364.0,0,0,8,0,8,0,288
19365.0,0,0,8,0,8,0,288
19366.0,0,0,8,0,8,0,288
19367.0,0,0,8,0,8,0,288
19368.0,0,0,8,0,8,0,288
19369.0,0,0,8,0,8,0,288
19370.0,0,0,8,0,8,0,288
19371.0,0,0,8,0,8,0,288
19372.0,0,0,8,0,8,0,288
19373.0,0,0,8,0,8,0,288
19374.0,0,0,8,0,8,0,288
19375.0,0,0,8,0,8,0,288
19376.0,0,0,8,0,8,0,288
19377.0,0,0,8,0,8,0,288
19378.0,0,0,8,0,8,0,288
19379.0,0,0,8,0,8,0,288
19380.0,0,0,8,0,8,0,288
19381.0,0,0,8,0,8,0,288
19382.0,0,0,8,0,8,0,288
19383.0,0,0,8,0,8,0,288
19384.0,0,0,8,0,8,0,288
19385.0,0,0,8,0,8,0,288
19386.0,0,0,8,0,8,0,288
19387.0,0,0,8,0,8,0,288
19388.0,0,0,8,0,8,0,288
19389.0,0,0,8,0,8,0,288
19390.0,0,0,8,0,8,0,288
19391.0,0,0,8,0,8,0,288
19392.0,0,0,8,0,8,0,288
19393.0,0,0,8,0,8,0,288
19394.0,0,0,8,0,8,0,288
19395.0,0,0,8,0,8,0,288
19396.0,0,0,8,0,8,0,288
19397.0,0,0,8,0,8,0,288
19398.0,0,0,8,0,8,0,288
19399.0,0,0,8,0,8,0,288
19400.0,0,0,8,0,8,0,288
19401.0,0,0,8,0,8,0,288
19402.0,0,0,8,0,8,0,288
19403.0,0,0,8,0,8,0,288
19404.0,0,0,8,0,8,0,288
19405.0,0,0,8,0,8,0,288
19406.0,0,0,8,0,8,0,288
19407.0,0,0,8,0,8,0,288
19408.0,0,0,8,0,8,0,288
19409.0,0,0,8,0,8,0,288
19410.0,0,0,8,0,8,0,288
19411.0,0,0,8,0,8,0,288
19412.0,0,0,8,0,8,0,288
19413.0,0,0,8,0,8,0,288
19414.0,0,0,8,0,8,0,288
19415.0,0,0,8,0,8,0,288
19416.0,0,0,8,0,8,0,288
19417.0,0,0,8,0,8,0,288
19418.0,0,0,8,0,8,0,288
19419.0,0,0,8,0,8,0,288
19420.0,0,0,8,0,8,0,288
19421.0,0,0,8,0,8,0,288
19422.0,0,0,8,0,8,0,288
19423.0,0,0,8,0,8,0,288
19424.0,0,0,8,0,8,0,288
19425.0,0,0,8,0,8,0,288
19426.0,0,0,8,0,8,0,288
19427.0,0,0,8,0,8,0,288
19428.0,0,0,8,0,8,0,288
19429.0,0,0,8,0,8,0,288
19430.0,0,0,8,0,8,0,288
19431.0,0,0,8,0,8,0,288
19432.0,0,0,8,0,8,0,288
19433.0,0,0,8,0,8,0,288
19434.0,0,0,8,0,8,0,288
19435.0,0,0,8,0,8,0,288
19436.0,0,0,8,0,8,0,288
19437.0,0,0,8,0,8,0,288
19438.0,0,0,8,0,8,0,288
19439.0,0,0,8,0,8,0,288
19440.0,0,0,8,0,8,0,288
19441.0,0,0,8,0,8,0,288
19442.0,0,0,8,0,8,0,288
19443.0,0,0,8,0,8,0,288
19444.0,0,0,8,0,8,0,288
19445.0,0,0,8,0,8,0,288
19446.0,0,0,8,0,8,0,288
19447.0,0,0,8,0,8,0,288
19448.0,0,0,8,0,8,0,288
19449.0,0,0,8,0,8,0,288
19450.0,0,0,8,0,8,0,288
19451.0,0,0,8,0,8,0,288
19452.0,0,0,8,0,8,0,288
19453.0,0,0,8,0,8,0,288
19454.0,0,0,8,0,8,0,288
19455.0,0,0,8,0,8,0,288
19456.0,0,0,8,0,8,0,288
19457.0,0,0,8,0,8,0,288
19458.0,0,0,8,0,8,0,288
19459.0,0,0,8,0,8,0,288
19460.0,0,0,8,0,8,0,288
19461.0,0,0,8,0,8,0,288
19462.0,0,0,8,0,8,0,288
19463.0,0,0,8,0,8,0,288
19464.0,0,0,8,0,8,0,288
19465.0,0,0,8,0,8,0,288
19466.0,0,0,8,0,8,0,288
19467.0,0,0,8,0,8,0,288
19468.0,0,0,8,0,8,0,288
19469.0,0,0,8,0,8,0,288
19470.0,0,0,8,0,8,0,288
19471.0,0,0,8,0,8,0,288
19472.0,0,0,8,0,8,0,288
19473.0,0,0,8,0,8,0,288
19474.0,0,0,8,0,8,0,288
19475.0,0,0,8,0,8,0,288
19476.0,0,0,8,0,8,0,288
19477.0,0,0,8,0,8,0,288
19478.0,0,0,8,0,8,0,288
19479.0,0,0,8,0,8,0,288
19480.0,0,0,8,0,8,0,288
19481.0,0,0,8,0,8,0,288
19482.0,0,0,8,0,8,0,288
19483.0,0,0,8,0,8,0,288
19484.0,0,0,8,0,8,0,288
19485.0,0,0,8,0,8,0,288
19486.0,0,0,8,0,8,0,288
19487.0,0,0,8,0,8,0,288
19488.0,0,0,8,0,8,0,288
19489.0,0,0,8,0,8,0,288
19490.0,0,0,8,0,8,0,288
19491.0,0,0,8,0,8,0,288
19492.0,0,0,8,0,8,0,288
19493.0,0,0,8,0,8,0,288
19494.0,0,0,8,0,8,0,288
19495.0,0,0,8,0,8,0,288
19496.0,0,0,8,0,8,0,288
19497.0,0,0,8,0,8,0,288
19498.0,0,0,8,0,8,0,288
19499.0,0,0,8,0,8,0,288
19500.0,0,0,8,0,8,0,288
19501.0,0,0,8,0,8,0,288
19502.0,0,0,8,0,8,0,288
19503.0,0,0,8,0,8,0,288
19504.0,0,0,8,0,8,0,288
19505.0,0,0,8,0,8,0,288
19506.0,0,0,8,0,8,0,288
19507.0,0,0,8,0,8,0,288
19508.0,0,0,8,0,8,0,288
19509.0,0,0,8,0,8,0,288
19510.0,0,0,8,0,8,0,288
19511.0,0,0,8,0,8,0,288
19512.0,0,0,8,0,8,0,288
19513.0,0,0,8,0,8,0,288
19514.0,0,0,8,0,8,0,288
19515.0,0,0,8,0,8,0,288
19516.0,0,0,8,0,8,0,288
19517.0,0,0,8,0,8,0,288
19518.0,0,0,8,0,8,0,288
19519.0,0,0,8,0,8,0,288
19520.0,0,0,8,0,8,0,288
19521.0,0,0,8,0,8,0,288
19522.0,0,0,8,0,8,0,288
19523.0,0,0,8,0,8,0,288
19524.0,0,0,8,0,8,0,288
19525.0,0,0,8,0,8,0,288
19526.0,0,0,8,0,8,0,288
19527.0,0,0,8,0,8,0,288
19528.0,0,0,8,0,8,0,288
19529.0,0,0,8,0,8,0,288
19530.0,0,0,8,0,8,0,288
19531.0,0,0,8,0,8,0,288
19532.0,0,0,8,0,8,0,288
19533.0,0,0,8,0,8,0,288
19534.0,0,0,8,0,8,0,288
19535.0,0,0,8,0,8,0,288
19536.0,0,0,8,0,8,0,288
19537.0,0,0,8,0,8,0,288
19538.0,0,0,8,0,8,0,288
19539.0,0,0,8,0,8,0,288
19540.0,0,0,8,0,8,0,288
19541.0,0,0,8,0,8,0,288
19542.0,0,0,8,0,8,0,288
19543.0,0,0,8,0,8,0,288
19544.0,0,0,8,0,8,0,288
19545.0,0,0,8,0,8,0,288
19546.0,0,0,8,0,8,0,288
19547.0,0,0,8,0,8,0,288
19548.0,0,0,8,0,8,0,288
19549.0,0,0,8,0,8,0,288
19550.0,0,0,8,0,8,0,288
19551.0,0,0,8,0,8,0,288
19552.0,0,0,8,0,8,0,288
19553.0,0,0,8,0,8,0,288
19554.0,0,0,8,0,8,0,288
19555.0,0,0,8,0,8,0,288
19556.0,0,0,8,0,8,0,288
19557.0,0,0,8,0,8,0,288
19558.0,0,0,8,0,8,0,288
19559.0,0,0,8,0,8,0,288
19560.0,0,0,8,0,8,0,288
19561.0,0,0,8,0,8,0,288
19562.0,0,0,8,0,8,0,288
19563.0,0,0,8,0,8,0,288
19564.0,0,0,8,0,8,0,288
19565.0,0,0,8,0,8,0,288
19566.0,0,0,8,0,8,0,288
19567.0,0,0,8,0,8,0,288
19568.0,0,0,8,0,8,0,288
19569.0,0,0,8,0,8,0,288
19570.0,0,0,8,0,8,0,288
19571.0,0,0,8,0,8,0,288
19572.0,0,0,8,0,8,0,288
19573.0,0,0,8,0,8,0,288
19574.0,0,0,8,0,8,0,288
19575.0,0,0,8,0,8,0,288
19576.0,0,0,8,0,8,0,288
19577.0,0,0,8,0,8,0,288
19578.0,0,0,8,0,8,0,288
19579.0,0,0,8,0,8,0,288
19580.0,0,0,8,0,8,0,288
19581.0,0,0,8,0,8,0,288
19582.0,0,0,8,0,8,0,288
19583.0,0,0,8,0,8,0,288
19584.0,0,0,8,0,8,0,288
19585.0,0,0,8,0,8,0,288
19586.0,0,0,8,0,8,0,288
19587.0,0,0,8,0,8,0,288
19588.0,0,0,8,0,8,0,288
19589.0,0,0,8,0,8,0,288
19590.0,0,0,8,0,8,0,288
19591.0,0,0,8,0,8,0,288
19592.0,0,0,8,0,8,0,288
19593.0,0,0,8,0,8,0,288
19594.0,0,0,8,0,8,0,288
19595.0,0,0,8,0,8,0,288
19596.0,0,0,8,0,8,0,288
19597.0,0,0,8,0,8,0,288
19598.0,0,0,8,0,8,0,288
19599.0,0,0,8,0,8,0,288
19600.0,0,0,8,0,8,0,288
19601.0,0,0,8,0,8,0,288
19602.0,0,0,8,0,8,0,288
19603.0,0,0,8,0,8,0,288
19604.0,0,0,8,0,8,0,288
19605.0,0,0,8,0,8,0,288
19606.0,0,0,8,0,8,0,288
19607.0,0,0,8,0,8,0,288
19608.0,0,0,8,0,8,0,288
19609.0,0,0,8,0,8,0,288
19610.0,0,0,8,0,8,0,288
19611.0,0,0,8,0,8,0,288
19612.0,0,0,8,0,8,0,288
19613.0,0,0,8,0,8,0,288
19614.0,0,0,8,0,8,0,288
19615.0,0,0,8,0,8,0,288
19616.0,0,0,8,0,8,0,288
19617.0,0,0,8,0,8,0,288
19618.0,0,0,8,0,8,0,288
19619.0,0,0,8,0,8,0,288
19620.0,0,0,8,0,8,0,288
19621.0,0,0,8,0,8,0,288
19622.0,0,0,8,0,8,0,288
19623.0,0,0,8,0,8,0,288
19624.0,0,0,8,0,8,0,288
19625.0,0,0,8,0,8,0,288
19626.0,0,0,8,0,8,0,288
19627.0,0,0,8,0,8,0,288
19628.0,0,0,8,0,8,0,288
19629.0,0,0,8,0,8,0,288
19630.0,0,0,8,0,8,0,288
19631.0,0,0,8,0,8,0,288
19632.0,0,0,8,0,8,0,288
19633.0,0,0,8,0,8,0,288
19634.0,0,0,8,0,8,0,288
19635.0,0,0,8,0,8,0,288
19636.0,0,0,8,0,8,0,288
19637.0,0,0,8,0,8,0,288
19638.0,0,0,8,0,8,0,288
19639.0,0,0,8,0,8,0,288
19640.0,0,0,8,0,8,0,288
19641.0,0,0,8,0,8,0,288
19642.0,0,0,8,0,8,0,288
19643.0,0,0,8,0,8,0,288
19644.0,0,0,8,0,8,0,288
19645.0,0,0,8,0,8,0,288
19646.0,0,0,8,0,8,0,288
19647.0,0,0,8,0,8,0,288
19648.0,0,0,8,0,8,0,288
19649.0,0,0,8,0,8,0,288
19650.0,0,0,8,0,8,0,288
19651.0,0,0,8,0,8,0,288
19652.0,0,0,8,0,8,0,288
19653.0,0,0,8,0,8,0,288
19654.0,0,0,8,0,8,0,288
19655.0,0,0,8,0,8,0,288
19656.0,0,0,8,0,8,0,288
19657.0,0,0,8,0,8,0,288
19658.0,0,0,8,0,8,0,288
19659.0,0,0,8,0,8,0,288
19660.0,0,0,8,0,8,0,288
19661.0,0,0,8,0,8,0,288
19662.0,0,0,8,0,8,0,288
19663.0,0,0,8,0,8,0,288
19664.0,0,0,8,0,8,0,288
19665.0,0,0,8,0,8,0,288
19666.0,0,0,8,0,8,0,288
19667.0,0,0,8,0,8,0,288
19668.0,0,0,8,0,8,0,288
19669.0,0,0,8,0,8,0,288
19670.0,0,0,8,0,8,0,288
19671.0,0,0,8,0,8,0,288
19672.0,0,0,8,0,8,0,288
19673.0,0,0,8,0,8,0,288
19674.0,0,0,8,0,8,0,288
19675.0,0,0,8,0,8,0,288
19676.0,0,0,8,0,8,0,288
19677.0,0,0,8,0,8,0,288
19678.0,0,0,8,0,8,0,288
19679.0,0,0,8,0,8,0,288
19680.0,0,0,8,0,8,0,288
19681.0,0,0,8,0,8,0,288
19682.0,0,0,8,0,8,0,288
19683.0,0,0,8,0,8,0,288
19684.0,0,0,8,0,8,0,288
19685.0,0,0,8,0,8,0,288
19686.0,0,0,8,0,8,0,288
19687.0,0,0,8,0,8,0,288
19688.0,0,0,8,0,8,0,288
19689.0,0,0,8,0,8,0,288
19690.0,0,0,8,0,8,0,288
19691.0,0,0,8,0,8,0,288
19692.0,0,0,8,0,8,0,288
19693.0,0,0,8,0,8,0,288
19694.0,0,0,8,0,8,0,288
19695.0,0,0,8,0,8,0,288
19696.0,0,0,8,0,8,0,288
19697.0,0,0,8,0,8,0,288
19698.0,0,0,8,0,8,0,288
19699.0,0,0,8,0,8,0,288
19700.0,0,0,8,0,8,0,288
19701.0,0,0,8,0,8,0,288
19702.0,0,0,8,0,8,0,288
19703.0,0,0,8,0,8,0,288
19704.0,0,0,8,0,8,0,288
19705.0,0,0,8,0,8,0,288
19706.0,0,0,8,0,8,0,288
19707.0,0,0,8,0,8,0,288
19708.0,0,0,8,0,8,0,288
19709.0,0,0,8,0,8,0,288
19710.0,0,0,8,0,8,0,288
19711.0,0,0,8,0,8,0,288
19712.0,0,0,8,0,8,0,288
19713.0,0,0,8,0,8,0,288
19714.0,0,0,8,0,8,0,288
19715.0,0,0,8,0,8,0,288
19716.0,0,0,8,0,8,0,288
19717.0,0,0,8,0,8,0,288
19718.0,0,0,8,0,8,0,288
19719.0,0,0,8,0,8,0,288
19720.0,0,0,8,0,8,0,288
19721.0,0,0,8,0,8,0,288
19722.0,0,0,8,0,8,0,288
19723.0,0,0,8,0,8,0,288
19724.0,0,0,8,0,8,0,288
19725.0,0,0,8,0,8,0,288
19726.0,0,0,8,0,8,0,288
19727.0,0,0,8,0,8,0,288
19728.0,0,0,8,0,8,0,288
19729.0,0,0,8,0,8,0,288
19730.0,0,0,8,0,8,0,288
19731.0,0,0,8,0,8,0,288
19732.0,0,0,8,0,8,0,288
19733.0,0,0,8,0,8,0,288
19734.0,0,0,8,0,8,0,288
19735.0,0,0,8,0,8,0,288
19736.0,0,0,8,0,8,0,288
19737.0,0,0,8,0,8,0,288
19738.0,0,0,8,0,8,0,288
19739.0,0,0,8,0,8,0,288
19740.0,0,0,8,0,8,0,288
19741.0,0,0,8,0,8,0,288
19742.0,0,0,8,0,8,0,288
19743.0,0,0,8,0,8,0,288
19744.0,0,0,8,0,8,0,288
19745.0,0,0,8,0,8,0,288
19746.0,0,0,8,0,8,0,288
19747.0,0,0,8,0,8,0,288
19748.0,0,0,8,0,8,0,288
19749.0,0,0,8,0,8,0,288
19750.0,0,0,8,0,8,0,288
19751.0,0,0,8,0,8,0,288
19752.0,0,0,8,0,8,0,288
19753.0,0,0,8,0,8,0,288
19754.0,0,0,8,0,8,0,288
19755.0,0,0,8,0,8,0,288
19756.0,0,0,8,0,8,0,288
19757.0,0,0,8,0,8,0,288
19758.0,0,0,8,0,8,0,288
19759.0,0,0,8,0,8,0,288
19760.0,0,0,8,0,8,0,288
19761.0,0,0,8,0,8,0,288
19762.0,0,0,8,0,8,0,288
19763.0,0,0,8,0,8,0,288
19764.0,0,0,8,0,8,0,288
19765.0,0,0,8,0,8,0,288
19766.0,0,0,8,0,8,0,288
19767.0,0,0,8,0,8,0,288
19768.0,0,0,8,0,8,0,288
19769.0,0,0,8,0,8,0,288
19770.0,0,0,8,0,8,0,288
19771.0,0,0,8,0,8,0,288
19772.0,0,0,8,0,8,0,288
19773.0,0,0,8,0,8,0,288
19774.0,0,0,8,0,8,0,288
19775.0,0,0,8,0,8,0,288
19776.0,0,0,8,0,8,0,288
19777.0,0,0,8,0,8,0,288
19778.0,0,0,8,0,8,0,288
19779.0,0,0,8,0,8,0,288
19780.0,0,0,8,0,8,0,288
19781.0,0,0,8,0,8,0,288
19782.0,0,0,8,0,8,0,288
19783.0,0,0,8,0,8,0,288
19784.0,0,0,8,0,8,0,288
19785.0,0,0,8,0,8,0,288
19786.0,0,0,8,0,8,0,288
19787.0,0,0,8,0,8,0,288
19788.0,0,0,8,0,8,0,288
19789.0,0,0,8,0,8,0,288
19790.0,0,0,8,0,8,0,288
19791.0,0,0,8,0,8,0,288
19792.0,0,0,8,0,8,0,288
19793.0,0,0,8,0,8,0,288
19794.0,0,0,8,0,8,0,288
19795.0,0,0,8,0,8,0,288
19796.0,0,0,8,0,8,0,288
19797.0,0,0,8,0,8,0,288
19798.0,0,0,8,0,8,0,288
19799.0,0,0,8,0,8,0,288
19800.0,0,0,8,0,8,0,288
19801.0,0,0,8,0,8,0,288
19802.0,0,0,8,0,8,0,288
19803.0,0,0,8,0,8,0,288
19804.0,0,0,8,0,8,0,288
19805.0,0,0,8,0,8,0,288
19806.0,0,0,8,0,8,0,288
19807.0,0,0,8,0,8,0,288
19808.0,0,0,8,0,8,0,288
19809.0,0,0,8,0,8,0,288
19810.0,0,0,8,0,8,0,288
19811.0,0,0,8,0,8,0,288
19812.0,0,0,8,0,8,0,288
19813.0,0,0,8,0,8,0,288
19814.0,0,0,8,0,8,0,288
19815.0,0,0,8,0,8,0,288
19816.0,0,0,8,0,8,0,288
19817.0,0,0,8,0,8,0,288
19818.0,0,0,8,0,8,0,288
19819.0,0,0,8,0,8,0,288
19820.0,0,0,8,0,8,0,288
19821.0,0,0,8,0,8,0,288
19822.0,0,0,8,0,8,0,288
19823.0,0,0,8,0,8,0,288
19824.0,0,0,8,0,8,0,288
19825.0,0,0,8,0,8,0,288
19826.0,0,0,8,0,8,0,288
19827.0,0,0,8,0,8,0,288
19828.0,0,0,8,0,8,0,288
19829.0,0,0,8,0,8,0,288
19830.0,0,0,8,0,8,0,288
19831.0,0,0,8,0,8,0,288
19832.0,0,0,8,0,8,0,288
19833.0,0,0,8,0,8,0,288
19834.0,0,0,8,0,8,0,288
19835.0,0,0,8,0,8,0,288
19836.0,0,0,8,0,8,0,288
19837.0,0,0,8,0,8,0,288
19838.0,0,0,8,0,8,0,288
19839.0,0,0,8,0,8,0,288
19840.0,0,0,8,0,8,0,288
19841.0,0,0,8,0,8,0,288
19842.0,0,0,8,0,8,0,288
19843.0,0,0,8,0,8,0,288
19844.0,0,0,8,0,8,0,288
19845.0,0,0,8,0,8,0,288
19846.0,0,0,8,0,8,0,288
19847.0,0,0,8,0,8,0,288
19848.0,0,0,8,0,8,0,288
19849.0,0,0,8,0,8,0,288
19850.0,0,0,8,0,8,0,288
19851.0,0,0,8,0,8,0,288
19852.0,0,0,8,0,8,0,288
19853.0,0,0,8,0,8,0,288
19854.0,0,0,8,0,8,0,288
19855.0,0,0,8,0,8,0,288
19856.0,0,0,8,0,8,0,288
19857.0,0,0,8,0,8,0,288
19858.0,0,0,8,0,8,0,288
19859.0,0,0,8,0,8,0,288
19860.0,0,0,8,0,8,0,288
19861.0,0,0,8,0,8,0,288
19862.0,0,0,8,0,8,0,288
19863.0,0,0,8,0,8,0,288
19864.0,0,0,8,0,8,0,288
19865.0,0,0,8,0,8,0,288
19866.0,0,0,8,0,8,0,288
19867.0,0,0,8,0,8,0,288
19868.0,0,0,8,0,8,0,288
19869.0,0,0,8,0,8,0,288
19870.0,0,0,8,0,8,0,288
19871.0,0,0,8,0,8,0,288
19872.0,0,0,8,0,8,0,288
19873.0,0,0,8,0,8,0,288
19874.0,0,0,8,0,8,0,288
19875.0,0,0,8,0,8,0,288
19876.0,0,0,8,0,8,0,288
19877.0,0,0,8,0,8,0,288
19878.0,0,0,8,0,8,0,288
19879.0,0,0,8,0,8,0,288
19880.0,0,0,8,0,8,0,288
19881.0,0,0,8,0,8,0,288
19882.0,0,0,8,0,8,0,288
19883.0,0,0,8,0,8,0,288
19884.0,0,0,8,0,8,0,288
19885.0,0,0,8,0,8,0,288
19886.0,0,0,8,0,8,0,288
19887.0,0,0,8,0,8,0,288
19888.0,0,0,8,0,8,0,288
19889.0,0,0,8,0,8,0,288
19890.0,0,0,8,0,8,0,288
19891.0,0,0,8,0,8,0,288
19892.0,0,0,8,0,8,0,288
19893.0,0,0,8,0,8,0,288
19894.0,0,0,8,0,8,0,288
19895.0,0,0,8,0,8,0,288
19896.0,0,0,8,0,8,0,288
19897.0,0,0,8,0,8,0,288
19898.0,0,0,8,0,8,0,288
19899.0,0,0,8,0,8,0,288
19900.0,0,0,8,0,8,0,288
19901.0,0,0,8,0,8,0,288
19902.0,0,0,8,0,8,0,288
19903.0,0,0,8,0,8,0,288
19904.0,0,0,8,0,8,0,288
19905.0,0,0,8,0,8,0,288
19906.0,0,0,8,0,8,0,288
19907.0,0,0,8,0,8,0,288
19908.0,0,0,8,0,8,0,288
19909.0,0,0,8,0,8,0,288
19910.0,0,0,8,0,8,0,288
19911.0,0,0,8,0,8,0,288
19912.0,0,0,8,0,8,0,288
19913.0,0,0,8,0,8,0,288
19914.0,0,0,8,0,8,0,288
19915.0,0,0,8,0,8,0,288
19916.0,0,0,8,0,8,0,288
19917.0,0,0,8,0,8,0,288
19918.0,0,0,8,0,8,0,288
19919.0,0,0,8,0,8,0,288
19920.0,0,0,8,0,8,0,288
19921.0,0,0,8,0,8,0,288
19922.0,0,0,8,0,8,0,288
19923.0,0,0,8,0,8,0,288
19924.0,0,0,8,0,8,0,288
19925.0,0,0,8,0,8,0,288
19926.0,0,0,8,0,8,0,288
19927.0,0,0,8,0,8,0,288
19928.0,0,0,8,0,8,0,288
19929.0,0,0,8,0,8,0,288
19930.0,0,0,8,0,8,0,288
19931.0,0,0,8,0,8,0,288
19932.0,0,0,8,0,8,0,288
19933.0,0,0,8,0,8,0,288
19934.0,0,0,8,0,8,0,288
19935.0,0,0,8,0,8,0,288
19936.0,0,0,8,0,8,0,288
19937.0,0,0,8,0,8,0,288
19938.0,0,0,8,0,8,0,288
19939.0,0,0,8,0,8,0,288
19940.0,0,0,8,0,8,0,288
19941.0,0,0,8,0,8,0,288
19942.0,0,0,8,0,8,0,288
19943.0,0,0,8,0,8,0,288
19944.0,0,0,8,0,8,0,288
19945.0,0,0,8,0,8,0,288
19946.0,0,0,8,0,8,0,288
19947.0,0,0,8,0,8,0,288
19948.0,0,0,8,0,8,0,288
19949.0,0,0,8,0,8,0,288
19950.0,0,0,8,0,8,0,288
19951.0,0,0,8,0,8,0,288
19952.0,0,0,8,0,8,0,288
19953.0,0,0,8,0,8,0,288
19954.0,0,0,8,0,8,0,288
19955.0,0,0,8,0,8,0,288
19956.0,0,0,8,0,8,0,288
19957.0,0,0,8,0,8,0,288
19958.0,0,0,8,0,8,0,288
19959.0,0,0,8,0,8,0,288
19960.0,0,0,8,0,8,0,288
19961.0,0,0,8,0,8,0,288
19962.0,0,0,8,0,8,0,288
19963.0,0,0,8,0,8,0,288
19964.0,0,0,8,0,8,0,288
19965.0,0,0,8,0,8,0,288
19966.0,0,0,8,0,8,0,288
19967.0,0,0,8,0,8,0,288
19968.0,0,0,8,0,8,0,288
19969.0,0,0,8,0,8,0,288
19970.0,0,0,8,0,8,0,288
19971.0,0,0,8,0,8,0,288
19972.0,0,0,8,0,8,0,288
19973.0,0,0,8,0,8,0,288
19974.0,0,0,8,0,8,0,288
19975.0,0,0,8,0,8,0,288
19976.0,0,0,8,0,8,0,288
19977.0,0,0,8,0,8,0,288
19978.0,0,0,8,0,8,0,288
19979.0,0,0,8,0,8,0,288
19980.0,0,0,8,0,8,0,288
19981.0,0,0,8,0,8,0,288
19982.0,0,0,8,0,8,0,288
19983.0,0,0,8,0,8,0,288
19984.0,0,0,8,0,8,0,288
19985.0,0,0,8,0,8,0,288
19986.0,0,0,8,0,8,0,288
19987.0,0,0,8,0,8,0,288
19988.0,0,0,8,0,8,0,288
19989.0,0,0,8,0,8,0,288
19990.0,0,0,8,0,8,0,288
19991.0,0,0,8,0,8,0,288
19992.0,0,0,8,0,8,0,288
19993.0,0,0,8,0,8,0,288
19994.0,0,0,8,0,8,0,288
19995.0,0,0,8,0,8,0,288
19996.0,0,0,8,0,8,0,288
19997.0,0,0,8,0,8,0,288
19998.0,0,0,8,0,8,0,288
19999.0,0,0,8,0,8,0,288
20000.0,0,0,8,0,8,0,288
