time,queue_N,queue_S,queue_E,queue_W,queue_total,phase,phase_switches
1.0,0,0,1,0,1,0,0
2.0,0,0,0,0,0,0,0
3.0,1,0,0,0,1,0,0
4.0,0,0,0,0,0,0,0
5.0,0,0,0,1,1,0,0
6.0,1,0,0,0,1,1,0
7.0,0,0,0,0,0,1,0
8.0,0,0,0,0,0,1,0
9.0,1,0,1,0,2,2,1
10.0,0,0,0,0,0,2,1
11.0,0,1,0,0,1,2,1
12.0,0,0,1,0,1,2,1
13.0,0,0,1,0,1,2,1
14.0,0,0,1,0,1,3,1
15.0,0,0,2,0,2,3,1
16.0,1,0,1,0,2,3,1
17.0,0,0,0,0,0,4,2
18.0,0,0,0,1,1,4,2
19.0,0,0,0,0,0,4,2
20.0,0,0,0,0,0,4,2
21.0,0,0,0,1,1,4,2
22.0,0,0,0,0,0,4,2
23.0,0,1,1,0,2,4,2
24.0,0,1,0,0,1,4,2
25.0,0,1,0,0,1,4,2
26.0,1,1,0,1,3,4,2
27.0,1,1,0,0,2,4,2
28.0,1,1,0,0,2,4,2
29.0,2,1,1,1,5,4,2
30.0,3,1,1,0,5,4,2
31.0,3,1,0,0,4,4,2
32.0,3,1,0,1,5,4,2
33.0,3,1,0,1,5,4,2
34.0,3,1,1,0,5,4,2
35.0,3,1,0,0,4,4,2
36.0,4,1,0,0,5,4,2
37.0,4,1,0,0,5,4,2
38.0,4,1,0,1,6,4,2
39.0,4,1,0,0,5,4,2
40.0,4,1,0,0,5,4,2
41.0,4,1,0,1,6,4,2
42.0,4,2,0,0,6,4,2
43.0,4,2,0,0,6,4,2
44.0,4,1,0,0,5,4,2
45.0,5,1,0,0,6,4,2
46.0,4,1,0,0,5,4,2
47.0,4,1,0,0,5,4,2
48.0,5,2,0,0,7,4,2
49.0,4,2,0,1,7,4,2
50.0,4,2,0,0,6,4,2
51.0,4,3,0,0,7,4,2
52.0,4,2,0,1,7,4,2
53.0,4,2,0,0,6,5,2
54.0,4,4,0,1,9,5,2
55.0,4,3,0,0,7,5,2
56.0,3,3,0,0,6,0,3
57.0,2,2,0,0,4,0,3
58.0,1,2,0,0,3,0,3
59.0,0,2,1,0,3,0,3
60.0,0,2,0,0,2,0,3
61.0,0,2,0,2,4,0,3
62.0,0,2,0,2,4,0,3
63.0,0,2,0,2,4,0,3
64.0,0,3,1,2,6,0,3
65.0,0,3,2,3,8,0,3
66.0,0,4,1,4,9,0,3
67.0,0,4,1,3,8,0,3
68.0,0,4,1,3,8,0,3
69.0,0,4,1,4,9,0,3
70.0,0,5,2,3,10,0,3
71.0,0,4,2,3,9,0,3
72.0,0,4,2,4,10,1,3
73.0,0,4,2,3,9,1,3
74.0,0,4,3,3,10,1,3
75.0,0,4,3,4,11,2,4
76.0,0,3,3,5,11,2,4
77.0,0,2,3,6,11,2,4
78.0,1,1,3,7,12,2,4
79.0,0,1,3,7,11,2,4
80.0,0,1,3,7,11,2,4
81.0,1,1,3,7,12,2,4
82.0,0,2,3,7,12,2,4
83.0,0,2,3,7,12,2,4
84.0,1,3,3,8,15,2,4
85.0,0,2,4,8,14,2,4
86.0,0,3,3,8,14,2,4
87.0,0,2,4,8,14,2,4
88.0,0,2,4,8,14,2,4
89.0,0,2,4,9,15,2,4
90.0,0,2,5,9,16,2,4
91.0,0,3,4,9,16,2,4
92.0,0,2,4,9,15,2,4
93.0,0,2,4,9,15,2,4
94.0,0,2,4,10,16,3,4
95.0,0,2,4,10,16,3,4
96.0,0,2,4,10,16,3,4
97.0,0,3,2,7,12,4,5
98.0,1,3,2,4,10,4,5
99.0,0,3,1,1,5,4,5
100.0,1,3,0,0,4,4,5
101.0,1,4,0,0,5,4,5
102.0,1,5,0,0,6,4,5
103.0,2,5,1,1,9,4,5
104.0,3,5,0,0,8,4,5
105.0,3,6,0,0,9,4,5
106.0,3,5,0,1,9,4,5
107.0,3,5,0,0,8,4,5
108.0,3,5,0,0,8,4,5
109.0,3,5,0,1,9,4,5
110.0,3,5,0,0,8,4,5
111.0,3,5,0,0,8,4,5
112.0,3,5,0,0,8,4,5
113.0,3,5,1,0,9,4,5
114.0,3,5,0,0,8,4,5
115.0,4,6,0,0,10,4,5
116.0,3,7,1,0,11,4,5
117.0,3,6,0,0,9,4,5
118.0,4,6,0,0,10,4,5
119.0,3,7,0,0,10,4,5
120.0,3,7,0,1,11,4,5
121.0,3,8,1,0,12,4,5
122.0,4,7,0,0,11,4,5
123.0,4,8,0,0,12,4,5
124.0,4,8,0,0,12,4,5
125.0,4,9,0,0,13,4,5
126.0,5,9,0,0,14,4,5
127.0,5,9,0,0,14,4,5
128.0,6,9,0,0,15,4,5
129.0,5,9,1,0,15,4,5
130.0,5,9,0,0,14,4,5
131.0,5,9,0,0,14,4,5
132.0,5,10,0,0,15,4,5
133.0,5,12,0,0,17,4,5
134.0,5,11,0,1,17,4,5
135.0,5,11,0,0,16,4,5
136.0,6,12,0,0,18,4,5
137.0,6,12,0,0,18,4,5
138.0,6,12,0,0,18,4,5
139.0,7,12,0,0,19,4,5
140.0,7,12,0,0,19,4,5
141.0,7,12,0,1,20,5,5
142.0,7,13,0,0,20,5,5
143.0,7,13,0,0,20,5,5
144.0,4,11,0,1,16,0,6
145.0,3,9,0,1,13,0,6
146.0,2,8,0,1,11,0,6
147.0,1,7,0,1,9,0,6
148.0,0,7,0,2,9,0,6
149.0,0,8,0,2,10,0,6
150.0,0,7,0,3,10,0,6
151.0,1,7,0,2,10,0,6
152.0,1,7,1,4,13,0,6
153.0,1,7,1,4,13,0,6
154.0,1,7,1,4,13,0,6
155.0,1,7,1,4,13,0,6
156.0,1,7,1,4,13,0,6
157.0,1,7,2,6,16,0,6
158.0,1,7,1,6,15,0,6
159.0,1,7,2,6,16,0,6
160.0,1,7,2,7,17,1,6
161.0,1,7,3,7,18,1,6
162.0,1,7,4,7,19,1,6
163.0,0,6,5,9,20,2,7
164.0,0,5,5,9,19,2,7
165.0,1,4,6,9,20,2,7
166.0,0,3,6,9,18,2,7
167.0,0,2,6,9,17,2,7
168.0,1,1,7,9,18,2,7
169.0,0,0,6,10,16,2,7
170.0,1,0,6,11,18,2,7
171.0,0,0,6,12,18,2,7
172.0,0,0,6,13,19,2,7
173.0,0,0,6,14,20,2,7
174.0,0,1,7,14,22,2,7
175.0,1,0,6,14,21,2,7
176.0,0,0,6,15,21,2,7
177.0,0,1,8,15,24,2,7
178.0,1,0,8,15,24,2,7
179.0,0,0,9,15,24,2,7
180.0,0,0,8,15,23,2,7
181.0,0,0,8,15,23,2,7
182.0,0,0,9,15,24,2,7
183.0,0,0,9,16,25,3,7
184.0,0,0,10,16,26,3,7
185.0,1,1,10,16,28,3,7
186.0,0,1,8,13,22,4,8
187.0,0,1,7,10,18,4,8
188.0,1,2,3,7,13,4,8
189.0,2,3,0,4,9,4,8
190.0,2,3,1,3,9,4,8
191.0,2,3,0,0,5,4,8
192.0,3,3,0,1,7,4,8
193.0,3,3,0,0,6,4,8
194.0,3,3,0,0,6,4,8
195.0,3,4,0,0,7,4,8
196.0,3,5,0,0,8,4,8
197.0,4,4,0,0,8,4,8
198.0,4,4,0,1,9,4,8
199.0,5,4,0,2,11,4,8
200.0,5,4,0,1,10,4,8
201.0,5,4,0,1,10,4,8
202.0,5,4,0,2,11,4,8
203.0,5,4,0,1,10,4,8
204.0,5,5,0,0,10,5,8
205.0,6,6,0,1,13,5,8
206.0,6,6,0,0,12,5,8
207.0,3,5,0,1,9,0,9
208.0,2,5,0,1,8,0,9
209.0,3,6,0,2,11,0,9
210.0,4,8,0,2,14,0,9
211.0,4,7,0,2,13,0,9
212.0,4,8,0,2,14,1,9
213.0,4,8,0,3,15,1,9
214.0,4,9,0,4,17,1,9
215.0,3,9,1,5,18,2,10
216.0,3,8,1,5,17,2,10
217.0,3,7,2,4,16,2,10
218.0,3,7,2,4,16,2,10
219.0,4,6,3,4,17,2,10
220.0,3,4,2,5,14,2,10
221.0,3,3,2,6,14,2,10
222.0,3,3,2,5,13,2,10
223.0,3,2,2,5,12,2,10
224.0,3,1,3,5,12,2,10
225.0,3,1,4,5,13,2,10
226.0,3,1,5,5,14,2,10
227.0,3,1,5,5,14,2,10
228.0,3,1,6,6,16,2,10
229.0,3,1,8,5,17,2,10
230.0,3,2,7,6,18,2,10
231.0,3,1,8,6,18,2,10
232.0,3,1,9,6,19,2,10
233.0,3,3,9,6,21,2,10
234.0,3,1,10,6,20,2,10
235.0,3,1,11,6,21,2,10
236.0,3,2,11,8,24,2,10
237.0,3,1,13,8,25,2,10
238.0,3,1,14,8,26,2,10
239.0,4,2,16,8,30,2,10
240.0,3,1,15,9,28,2,10
241.0,3,1,15,8,27,2,10
242.0,3,1,15,8,27,2,10
243.0,3,2,15,8,28,2,10
244.0,3,1,15,8,27,2,10
245.0,3,1,16,8,28,2,10
246.0,3,3,18,9,33,2,10
247.0,3,3,18,9,33,2,10
248.0,3,3,18,9,33,2,10
249.0,3,3,18,9,33,2,10
250.0,3,3,19,10,35,2,10
251.0,3,3,19,11,36,3,10
252.0,3,3,19,11,36,3,10
253.0,3,4,19,12,38,3,10
254.0,3,4,16,9,32,4,11
255.0,4,5,13,6,28,4,11
256.0,3,5,11,3,22,4,11
257.0,3,6,8,0,17,4,11
258.0,3,6,5,0,14,4,11
259.0,4,6,3,0,13,4,11
260.0,3,6,2,0,11,4,11
261.0,3,6,1,0,10,4,11
262.0,5,6,0,0,11,4,11
263.0,4,6,0,0,10,4,11
264.0,4,6,0,0,10,4,11
265.0,4,6,0,1,11,4,11
266.0,4,6,0,1,11,4,11
267.0,4,6,0,2,12,4,11
268.0,4,6,0,1,11,4,11
269.0,4,6,0,1,11,4,11
270.0,4,6,0,0,10,4,11
271.0,4,6,0,0,10,4,11
272.0,4,6,0,0,10,4,11
273.0,4,6,0,0,10,4,11
274.0,4,6,0,1,11,4,11
275.0,4,6,0,0,10,4,11
276.0,4,6,0,0,10,4,11
277.0,5,6,0,0,11,4,11
278.0,5,6,0,0,11,4,11
279.0,5,6,0,1,12,4,11
280.0,5,6,0,0,11,4,11
281.0,5,6,0,0,11,4,11
282.0,5,7,1,0,13,4,11
283.0,5,7,0,0,12,4,11
284.0,6,8,0,0,14,4,11
285.0,6,7,0,1,14,4,11
286.0,7,7,0,0,14,4,11
287.0,7,7,1,0,15,4,11
288.0,7,7,0,0,14,4,11
289.0,8,7,0,0,15,4,11
290.0,7,9,0,0,16,4,11
291.0,8,8,0,0,16,4,11
292.0,7,8,0,0,15,4,11
293.0,7,8,1,1,17,4,11
294.0,8,9,0,0,17,4,11
295.0,7,9,0,0,16,4,11
296.0,7,9,0,0,16,4,11
297.0,7,9,0,0,16,4,11
298.0,7,10,1,0,18,5,11
299.0,7,10,0,0,17,5,11
300.0,7,11,1,0,19,5,11
301.0,4,10,0,0,14,0,12
302.0,2,9,0,0,11,0,12
303.0,0,9,2,2,13,0,12
304.0,0,8,2,1,11,0,12
305.0,0,9,3,1,13,0,12
306.0,0,7,4,2,13,1,12
307.0,0,6,4,2,12,1,12
308.0,1,7,4,3,15,1,12
309.0,2,7,6,2,17,2,13
310.0,2,6,7,2,17,2,13
311.0,3,6,7,3,19,2,13
312.0,3,6,7,2,18,2,13
313.0,3,6,7,3,19,2,13
314.0,3,6,7,2,18,2,13
315.0,3,5,9,2,19,2,13
316.0,3,4,9,2,18,2,13
317.0,3,5,9,2,19,2,13
318.0,3,5,11,4,23,2,13
319.0,4,6,11,4,25,2,13
320.0,3,6,11,5,25,2,13
321.0,3,7,11,5,26,2,13
322.0,3,6,11,6,26,2,13
323.0,3,6,12,6,27,2,13
324.0,3,6,13,6,28,2,13
325.0,3,6,12,7,28,2,13
326.0,3,6,12,6,27,2,13
327.0,3,6,14,6,29,2,13
328.0,3,6,14,6,29,2,13
329.0,4,6,15,6,31,2,13
330.0,3,6,14,7,30,2,13
331.0,3,6,14,8,31,2,13
332.0,4,6,14,8,32,3,13
333.0,4,6,14,7,31,3,13
334.0,4,6,15,7,32,3,13
335.0,4,6,13,6,29,4,14
336.0,4,6,11,3,24,4,14
337.0,4,7,7,1,19,4,14
338.0,4,8,4,0,16,4,14
339.0,4,8,4,0,16,4,14
340.0,5,7,2,0,14,4,14
341.0,5,8,0,1,14,4,14
342.0,5,7,0,0,12,4,14
343.0,5,8,0,0,13,4,14
344.0,6,7,0,0,13,4,14
345.0,5,7,0,1,13,4,14
346.0,5,8,0,1,14,4,14
347.0,5,7,0,1,13,4,14
348.0,5,7,0,1,13,4,14
349.0,6,7,0,1,14,4,14
350.0,5,7,0,2,14,4,14
351.0,5,8,1,1,15,4,14
352.0,5,8,0,1,14,4,14
353.0,6,9,0,2,17,4,14
354.0,6,9,0,1,16,4,14
355.0,6,10,0,1,17,4,14
356.0,6,10,1,0,17,5,14
357.0,6,10,1,0,17,5,14
358.0,6,10,1,0,17,5,14
359.0,3,9,0,1,13,0,15
360.0,1,8,0,2,11,0,15
361.0,4,7,1,2,14,0,15
362.0,4,6,1,1,12,0,15
363.0,2,5,1,1,9,0,15
364.0,1,4,3,1,9,0,15
365.0,1,4,2,2,9,0,15
366.0,2,4,2,2,10,0,15
367.0,1,4,3,3,11,0,15
368.0,1,4,3,4,12,0,15
369.0,1,5,4,3,13,0,15
370.0,1,4,4,5,14,0,15
371.0,1,5,4,5,15,0,15
372.0,1,5,5,5,16,0,15
373.0,1,6,5,5,17,1,15
374.0,1,6,6,5,18,1,15
375.0,1,6,6,6,19,1,15
376.0,0,4,6,6,16,2,16
377.0,0,3,7,6,16,2,16
378.0,0,3,7,6,16,2,16
379.0,0,2,8,6,16,2,16
380.0,0,2,8,6,16,2,16
381.0,0,1,8,8,17,2,16
382.0,1,1,8,7,17,2,16
383.0,1,1,8,7,17,2,16
384.0,2,0,8,8,18,2,16
385.0,1,0,9,7,17,2,16
386.0,1,0,9,7,17,2,16
387.0,1,0,9,8,18,2,16
388.0,2,0,9,8,19,2,16
389.0,1,0,9,9,19,2,16
390.0,1,0,10,9,20,2,16
391.0,1,0,10,10,21,2,16
392.0,1,0,11,11,23,2,16
393.0,1,0,11,11,23,2,16
394.0,1,0,12,12,25,3,16
395.0,1,0,13,12,26,3,16
396.0,1,0,12,13,26,3,16
397.0,1,0,10,9,20,4,17
398.0,1,0,7,6,14,4,17
399.0,2,0,5,3,10,4,17
400.0,1,1,3,1,6,4,17
401.0,1,2,2,0,5,4,17
402.0,1,1,0,0,2,4,17
403.0,1,1,0,0,2,4,17
404.0,1,1,0,0,2,4,17
405.0,1,2,0,0,3,4,17
406.0,1,2,0,1,4,4,17
407.0,1,2,0,0,3,4,17
408.0,2,2,0,1,5,4,17
409.0,2,2,0,2,6,4,17
410.0,3,4,0,1,8,4,17
411.0,3,4,1,1,9,4,17
412.0,3,4,1,2,10,4,17
413.0,3,5,2,1,11,4,17
414.0,3,4,2,1,10,4,17
415.0,3,5,2,0,10,4,17
416.0,3,5,2,0,10,4,17
417.0,3,5,2,0,10,4,17
418.0,4,5,2,0,11,4,17
419.0,4,5,2,0,11,4,17
420.0,5,5,3,0,13,4,17
421.0,4,7,2,0,13,4,17
422.0,4,7,2,0,13,4,17
423.0,4,7,1,0,12,4,17
424.0,4,8,0,0,12,4,17
425.0,4,8,0,0,12,4,17
426.0,4,8,0,0,12,4,17
427.0,4,9,0,0,13,4,17
428.0,4,9,0,0,13,4,17
429.0,4,9,0,0,13,4,17
430.0,4,10,0,0,14,4,17
431.0,4,10,0,0,14,4,17
432.0,4,10,0,0,14,4,17
433.0,4,11,0,0,15,4,17
434.0,5,10,0,0,15,4,17
435.0,4,11,0,0,15,4,17
436.0,4,12,0,0,16,5,17
437.0,4,11,0,0,15,5,17
438.0,4,11,0,0,15,5,17
439.0,3,10,1,1,15,0,18
440.0,3,9,0,0,12,0,18
441.0,2,8,0,0,10,0,18
442.0,1,10,0,0,11,0,18
443.0,0,9,1,0,10,0,18
444.0,0,10,1,1,12,0,18
445.0,0,10,1,0,11,0,18
446.0,1,9,1,0,11,0,18
447.0,0,11,2,0,13,0,18
448.0,0,10,2,0,12,0,18
449.0,1,10,3,0,14,0,18
450.0,0,11,3,1,15,0,18
451.0,0,11,4,2,17,0,18
452.0,1,11,4,2,18,0,18
453.0,0,11,4,2,17,0,18
454.0,0,11,4,4,19,0,18
455.0,0,11,5,3,19,0,18
456.0,1,11,5,3,20,0,18
457.0,0,11,5,3,19,0,18
458.0,0,11,5,3,19,0,18
459.0,1,11,6,3,21,0,18
460.0,0,11,5,4,20,1,18
461.0,0,11,6,3,20,1,18
462.0,1,11,7,3,22,1,18
463.0,0,10,7,5,22,2,19
464.0,0,9,7,6,22,2,19
465.0,0,8,7,6,21,2,19
466.0,0,6,7,8,21,2,19
467.0,0,5,8,8,21,2,19
468.0,1,4,8,8,21,2,19
469.0,1,3,9,9,22,2,19
470.0,1,2,9,9,21,2,19
471.0,2,1,9,8,20,2,19
472.0,2,0,10,9,21,2,19
473.0,2,0,9,10,21,2,19
474.0,3,0,9,10,22,2,19
475.0,2,0,10,10,22,2,19
476.0,3,0,10,12,25,2,19
477.0,3,0,10,11,24,2,19
478.0,4,0,10,12,26,2,19
479.0,6,0,10,12,28,2,19
480.0,5,1,12,13,31,2,19
481.0,5,0,12,13,30,2,19
482.0,5,0,11,14,30,2,19
483.0,6,1,11,14,32,2,19
484.0,6,0,11,15,32,2,19
485.0,6,0,13,15,34,2,19
486.0,6,1,13,16,36,2,19
487.0,6,2,14,16,38,2,19
488.0,6,1,14,16,37,2,19
489.0,6,1,15,16,38,2,19
490.0,6,1,15,16,38,2,19
491.0,8,1,15,16,40,2,19
492.0,7,1,15,17,40,3,19
493.0,7,1,15,18,41,3,19
494.0,9,1,15,17,42,3,19
495.0,8,1,12,14,35,4,20
496.0,8,1,9,11,29,4,20
497.0,8,2,6,9,25,4,20
498.0,8,2,5,7,22,4,20
499.0,9,3,2,4,18,4,20
500.0,9,3,1,2,15,4,20
501.0,9,3,0,1,13,4,20
502.0,9,3,0,0,12,4,20
503.0,9,3,0,0,12,4,20
504.0,9,3,0,1,13,4,20
505.0,9,3,0,0,12,4,20
506.0,9,3,1,1,14,4,20
507.0,9,3,0,2,14,4,20
508.0,9,4,1,2,16,4,20
509.0,9,3,1,3,16,4,20
510.0,9,3,1,3,16,4,20
511.0,9,4,0,2,15,4,20
512.0,10,3,0,1,14,4,20
513.0,10,3,0,0,13,4,20
514.0,10,3,0,0,13,4,20
515.0,10,3,0,1,14,4,20
516.0,12,3,0,0,15,4,20
517.0,11,3,1,0,15,4,20
518.0,11,4,1,0,16,4,20
519.0,11,3,2,0,16,4,20
520.0,11,5,1,1,18,4,20
521.0,12,5,1,0,18,4,20
522.0,12,5,1,0,18,4,20
523.0,12,5,1,0,18,4,20
524.0,12,5,1,1,19,4,20
525.0,12,6,1,0,19,4,20
526.0,12,5,1,0,18,4,20
527.0,12,5,1,0,18,4,20
528.0,12,5,1,0,18,4,20
529.0,12,5,1,1,19,4,20
530.0,12,7,1,0,20,4,20
531.0,12,7,0,0,19,4,20
532.0,12,8,0,0,20,4,20
533.0,12,8,0,0,20,4,20
534.0,12,8,0,0,20,4,20
535.0,12,10,0,0,22,4,20
536.0,13,10,0,0,23,4,20
537.0,13,10,0,0,23,4,20
538.0,13,10,0,0,23,4,20
539.0,13,10,0,0,23,5,20
540.0,13,10,1,0,24,5,20
541.0,13,11,0,1,25,5,20
542.0,10,9,0,0,19,0,21
543.0,8,9,0,1,18,0,21
544.0,6,9,0,1,16,0,21
545.0,4,10,0,1,15,0,21
546.0,3,9,1,1,14,0,21
547.0,2,9,1,1,13,0,21
548.0,2,9,2,1,14,0,21
549.0,2,9,2,2,15,0,21
550.0,2,9,2,1,14,0,21
551.0,2,9,2,1,14,0,21
552.0,2,10,2,2,16,0,21
553.0,2,12,2,2,18,0,21
554.0,2,10,3,3,18,0,21
555.0,2,11,3,2,18,0,21
556.0,2,11,3,2,18,0,21
557.0,2,11,4,3,20,0,21
558.0,2,11,5,2,20,0,21
559.0,3,11,5,3,22,1,21
560.0,3,12,5,3,23,1,21
561.0,3,12,5,4,24,1,21
562.0,2,11,6,4,23,2,22
563.0,1,10,7,4,22,2,22
564.0,0,10,6,5,21,2,22
565.0,0,9,6,6,21,2,22
566.0,1,7,8,6,22,2,22
567.0,0,7,7,6,20,2,22
568.0,0,8,7,6,21,2,22
569.0,0,6,8,7,21,2,22
570.0,0,5,8,6,19,2,22
571.0,0,5,9,6,20,3,22
572.0,0,3,10,6,19,3,22
573.0,0,5,10,6,21,3,22
574.0,0,4,8,3,15,4,23
575.0,0,4,5,3,12,4,23
576.0,0,5,2,1,8,4,23
577.0,0,6,1,0,7,4,23
578.0,1,8,0,0,9,4,23
579.0,0,7,0,0,7,4,23
580.0,0,8,0,0,8,4,23
581.0,1,10,0,0,11,4,23
582.0,0,11,0,0,11,4,23
583.0,0,10,0,0,10,4,23
584.0,0,12,0,0,12,4,23
585.0,0,11,0,0,11,4,23
586.0,1,12,0,0,13,4,23
587.0,0,11,0,0,11,4,23
588.0,2,12,0,0,14,4,23
589.0,1,16,0,0,17,4,23
590.0,1,15,0,0,16,4,23
591.0,1,17,0,0,18,5,23
592.0,1,17,0,0,18,5,23
593.0,1,16,1,0,18,5,23
594.0,1,17,0,0,18,0,24
595.0,0,14,0,0,14,0,24
596.0,0,16,0,1,17,0,24
597.0,0,15,0,1,16,0,24
598.0,0,13,0,1,14,0,24
599.0,0,13,0,2,15,0,24
600.0,0,13,0,1,14,0,24
601.0,0,13,2,1,16,0,24
602.0,0,11,2,1,14,0,24
603.0,0,11,2,2,15,0,24
604.0,0,13,4,2,19,0,24
605.0,0,13,3,2,18,0,24
606.0,0,13,3,4,20,0,24
607.0,0,13,5,5,23,0,24
608.0,0,14,4,5,23,0,24
609.0,0,13,4,7,24,0,24
610.0,0,12,5,6,23,0,24
611.0,1,12,6,6,25,0,24
612.0,1,11,5,6,23,0,24
613.0,1,11,5,6,23,0,24
614.0,1,13,5,7,26,0,24
615.0,1,13,5,7,26,1,24
616.0,2,15,7,7,31,1,24
617.0,1,15,7,8,31,1,24
618.0,0,15,7,8,30,2,25
619.0,0,13,8,8,29,2,25
620.0,0,11,9,8,28,2,25
621.0,1,12,9,8,30,2,25
622.0,0,11,10,8,29,2,25
623.0,0,9,11,8,28,2,25
624.0,0,9,10,8,27,2,25
625.0,0,5,11,9,25,2,25
626.0,0,5,11,8,24,2,25
627.0,0,6,11,8,25,2,25
628.0,0,5,12,8,25,2,25
629.0,1,5,14,8,28,2,25
630.0,0,5,14,8,27,3,25
631.0,0,6,15,10,31,3,25
632.0,1,8,15,9,33,3,25
633.0,0,8,12,7,27,4,26
634.0,1,8,9,6,24,4,26
635.0,0,8,6,5,19,4,26
636.0,0,10,3,3,16,4,26
637.0,1,9,1,2,13,4,26
638.0,1,9,0,1,11,4,26
639.0,1,10,0,0,11,4,26
640.0,1,9,0,0,10,4,26
641.0,1,9,0,0,10,4,26
642.0,1,12,0,0,13,4,26
643.0,1,13,1,0,15,4,26
644.0,2,15,0,0,17,4,26
645.0,2,14,0,0,16,4,26
646.0,2,14,0,0,16,4,26
647.0,2,16,1,0,19,4,26
648.0,2,17,1,0,20,4,26
649.0,2,18,2,0,22,4,26
650.0,3,18,2,0,23,4,26
651.0,3,18,2,1,24,4,26
652.0,4,18,2,0,24,4,26
653.0,4,17,3,0,24,5,26
654.0,5,17,1,0,23,5,26
655.0,4,14,0,1,19,5,26
656.0,3,14,0,1,18,0,27
657.0,3,14,0,0,17,0,27
658.0,3,12,1,0,16,0,27
659.0,1,12,2,0,15,0,27
660.0,1,12,3,1,17,0,27
661.0,1,12,2,2,17,0,27
662.0,1,12,2,1,16,0,27
663.0,1,12,3,1,17,0,27
664.0,1,13,3,1,18,0,27
665.0,1,13,3,2,19,1,27
666.0,1,13,3,2,19,1,27
667.0,1,13,3,2,19,1,27
668.0,0,13,3,4,20,2,28
669.0,1,16,3,3,23,2,28
670.0,0,15,4,4,23,2,28
671.0,0,14,4,5,23,2,28
672.0,1,13,4,5,23,2,28
673.0,0,12,4,6,22,2,28
674.0,0,11,5,6,22,2,28
675.0,1,10,5,6,22,2,28
676.0,0,9,5,7,21,2,28
677.0,0,9,6,7,22,3,28
678.0,0,9,6,10,25,3,28
679.0,1,11,6,9,27,3,28
680.0,0,11,5,6,22,4,29
681.0,1,12,1,3,17,4,29
682.0,1,13,0,1,15,4,29
683.0,1,13,1,0,15,4,29
684.0,1,13,0,0,14,4,29
685.0,1,14,0,0,15,4,29
686.0,1,14,1,0,16,4,29
687.0,1,14,0,0,15,4,29
688.0,1,14,0,0,15,4,29
689.0,2,15,1,0,18,4,29
690.0,1,16,0,0,17,4,29
691.0,1,16,0,0,17,4,29
692.0,3,16,0,0,19,4,29
693.0,2,16,0,0,18,4,29
694.0,2,16,0,0,18,4,29
695.0,4,16,0,0,20,4,29
696.0,3,16,0,1,20,4,29
697.0,3,14,0,0,17,4,29
698.0,4,12,0,1,17,4,29
699.0,4,13,0,1,18,4,29
700.0,4,9,0,1,14,4,29
701.0,5,10,0,1,16,4,29
702.0,5,11,0,1,17,4,29
703.0,5,11,1,1,18,4,29
704.0,5,13,0,1,19,4,29
705.0,5,13,0,1,19,4,29
706.0,5,14,0,2,21,4,29
707.0,5,14,0,1,20,5,29
708.0,6,14,0,0,20,5,29
709.0,6,13,0,0,19,5,29
710.0,5,11,0,0,16,0,30
711.0,4,11,1,0,16,0,30
712.0,4,10,0,0,14,0,30
713.0,3,11,1,1,16,0,30
714.0,2,12,2,1,17,0,30
715.0,2,12,2,1,17,0,30
716.0,1,13,3,1,18,0,30
717.0,1,14,3,2,20,0,30
718.0,1,14,3,2,20,0,30
719.0,2,15,3,2,22,0,30
720.0,1,14,3,2,20,0,30
721.0,1,15,4,3,23,0,30
722.0,1,15,4,2,22,0,30
723.0,1,17,5,2,25,0,30
724.0,1,17,4,2,24,0,30
725.0,1,17,4,2,24,0,30
726.0,1,17,5,2,25,0,30
727.0,1,17,4,2,24,0,30
728.0,2,15,4,2,23,0,30
729.0,1,13,4,2,20,0,30
730.0,1,15,4,2,22,0,30
731.0,2,13,5,3,23,1,30
732.0,1,14,6,3,24,1,30
733.0,1,15,6,3,25,1,30
734.0,0,13,6,3,22,2,31
735.0,0,13,7,3,23,2,31
736.0,0,14,8,4,26,2,31
737.0,0,12,8,3,23,2,31
738.0,0,12,8,3,23,2,31
739.0,0,13,8,3,24,3,31
740.0,0,13,8,3,24,3,31
741.0,1,12,9,3,25,3,31
742.0,1,14,6,1,22,4,32
743.0,1,14,5,0,20,4,32
744.0,1,15,2,0,18,4,32
745.0,2,16,1,0,19,4,32
746.0,1,15,2,0,18,4,32
747.0,1,16,0,0,17,4,32
748.0,2,16,0,0,18,4,32
749.0,1,17,0,0,18,4,32
750.0,1,15,0,0,16,4,32
751.0,1,15,0,0,16,4,32
752.0,2,14,1,0,17,4,32
753.0,4,15,0,0,19,4,32
754.0,3,13,0,0,16,4,32
755.0,3,15,1,0,19,4,32
756.0,3,16,0,0,19,4,32
757.0,3,17,0,0,20,4,32
758.0,3,20,0,0,23,4,32
759.0,3,19,0,0,22,4,32
760.0,3,20,0,0,23,4,32
761.0,4,19,0,0,23,4,32
762.0,3,20,1,0,24,4,32
763.0,3,21,0,0,24,4,32
764.0,4,20,0,0,24,4,32
765.0,4,22,0,0,26,4,32
766.0,4,24,0,0,28,4,32
767.0,4,24,0,0,28,4,32
768.0,4,24,0,0,28,4,32
769.0,4,24,0,0,28,4,32
770.0,4,24,0,0,28,4,32
771.0,5,24,1,0,30,4,32
772.0,6,24,0,0,30,4,32
773.0,7,24,0,0,31,4,32
774.0,6,24,1,0,31,4,32
775.0,6,24,0,0,30,4,32
776.0,6,24,0,0,30,4,32
777.0,6,24,0,0,30,4,32
778.0,6,24,0,0,30,4,32
779.0,6,24,0,0,30,4,32
780.0,6,24,0,0,30,4,32
781.0,7,24,0,0,31,4,32
782.0,7,24,0,0,31,4,32
783.0,7,24,0,0,31,4,32
784.0,8,24,1,0,33,4,32
785.0,8,24,0,0,32,4,32
786.0,9,24,0,0,33,5,32
787.0,8,24,0,0,32,5,32
788.0,8,24,1,0,33,5,32
789.0,6,23,1,1,31,0,33
790.0,5,22,1,0,28,0,33
791.0,5,21,1,0,27,0,33
792.0,4,20,1,1,26,0,33
793.0,3,19,1,0,23,0,33
794.0,2,18,2,1,23,0,33
795.0,1,18,3,1,23,0,33
796.0,0,18,3,1,22,0,33
797.0,0,18,3,1,22,0,33
798.0,0,18,3,1,22,0,33
799.0,0,18,3,2,23,0,33
800.0,0,18,4,3,25,0,33
801.0,0,18,4,3,25,0,33
802.0,0,18,5,2,25,0,33
803.0,0,18,5,3,26,0,33
804.0,0,18,6,3,27,0,33
805.0,0,18,6,3,27,0,33
806.0,0,18,7,3,28,0,33
807.0,0,18,7,5,30,0,33
808.0,0,18,8,6,32,0,33
809.0,0,18,9,6,33,0,33
810.0,0,18,8,6,32,1,33
811.0,0,18,8,8,34,1,33
812.0,0,18,8,8,34,1,33
813.0,1,17,9,9,36,2,34
814.0,1,16,9,10,36,2,34
815.0,1,16,9,9,35,2,34
816.0,1,14,10,9,34,2,34
817.0,1,12,10,9,32,2,34
818.0,1,11,10,9,31,2,34
819.0,1,9,10,10,30,2,34
820.0,1,8,10,11,30,2,34
821.0,1,5,12,11,29,3,34
822.0,1,3,11,12,27,3,34
823.0,1,4,10,12,27,3,34
824.0,2,7,7,9,25,4,35
825.0,1,8,5,6,20,4,35
826.0,1,10,3,3,17,4,35
827.0,1,9,1,1,12,4,35
828.0,1,9,0,0,10,4,35
829.0,1,9,0,0,10,4,35
830.0,1,9,1,0,11,4,35
831.0,1,10,0,0,11,4,35
832.0,1,9,0,0,10,4,35
833.0,1,10,0,0,11,4,35
834.0,1,11,0,0,12,4,35
835.0,2,13,0,1,16,4,35
836.0,2,14,0,0,16,4,35
837.0,2,14,0,1,17,4,35
838.0,2,15,1,2,20,4,35
839.0,2,16,0,1,19,4,35
840.0,2,16,0,0,18,4,35
841.0,2,16,0,0,18,4,35
842.0,2,15,0,0,17,4,35
843.0,2,15,0,0,17,4,35
844.0,2,16,0,0,18,4,35
845.0,2,16,0,0,18,4,35
846.0,2,16,0,0,18,4,35
847.0,3,14,0,0,17,4,35
848.0,3,14,0,1,18,4,35
849.0,3,15,0,0,18,4,35
850.0,4,14,0,0,18,4,35
851.0,3,12,0,1,16,4,35
852.0,3,12,0,0,15,4,35
853.0,3,12,0,0,15,5,35
854.0,3,13,0,1,17,5,35
855.0,3,12,0,0,15,5,35
856.0,1,11,0,1,13,0,36
857.0,0,12,0,0,12,0,36
858.0,0,12,1,0,13,0,36
859.0,1,13,1,1,16,0,36
860.0,0,14,1,1,16,0,36
861.0,0,14,1,1,16,0,36
862.0,0,14,1,1,16,0,36
863.0,0,14,2,2,18,0,36
864.0,0,14,2,2,18,0,36
865.0,0,14,3,2,19,0,36
866.0,0,14,4,3,21,0,36
867.0,0,14,4,3,21,0,36
868.0,0,14,4,4,22,0,36
869.0,0,14,5,4,23,0,36
870.0,0,14,6,4,24,0,36
871.0,0,14,5,4,23,0,36
872.0,0,14,5,4,23,0,36
873.0,0,14,5,4,23,0,36
874.0,0,15,6,5,26,0,36
875.0,0,15,5,5,25,0,36
876.0,1,14,5,5,25,0,36
877.0,0,14,5,5,24,1,36
878.0,0,14,5,5,24,1,36
879.0,0,16,7,6,29,1,36
880.0,0,15,7,6,28,2,37
881.0,0,14,8,6,28,2,37
882.0,0,14,8,6,28,2,37
883.0,0,13,8,6,27,2,37
884.0,1,12,8,6,27,2,37
885.0,0,13,8,6,27,3,37
886.0,0,11,8,6,25,3,37
887.0,1,11,9,7,28,3,37
888.0,0,9,6,5,20,4,38
889.0,0,11,3,3,17,4,38
890.0,0,14,1,1,16,4,38
891.0,0,15,0,1,16,4,38
892.0,0,17,0,0,17,4,38
893.0,0,17,0,0,17,4,38
894.0,0,17,0,0,17,4,38
895.0,0,18,0,0,18,4,38
896.0,0,18,0,0,18,4,38
897.0,0,19,0,0,19,4,38
898.0,0,17,0,0,17,4,38
899.0,1,15,0,0,16,4,38
900.0,1,14,1,0,16,4,38
901.0,1,14,1,0,16,4,38
902.0,1,18,1,0,20,4,38
903.0,1,18,1,0,20,4,38
904.0,1,19,1,0,21,5,38
905.0,2,19,1,0,22,5,38
906.0,3,19,1,0,23,5,38
907.0,2,18,0,0,20,0,39
908.0,1,14,0,0,15,0,39
909.0,0,13,0,0,13,0,39
910.0,0,13,0,0,13,0,39
911.0,0,15,0,0,15,0,39
912.0,0,16,1,0,17,0,39
913.0,0,16,1,0,17,0,39
914.0,0,17,1,0,18,0,39
915.0,0,17,1,0,18,0,39
916.0,0,17,2,0,19,0,39
917.0,0,15,1,0,16,0,39
918.0,0,12,1,0,13,0,39
919.0,0,10,2,0,12,0,39
920.0,0,11,1,1,13,0,39
921.0,0,13,2,1,16,0,39
922.0,0,13,3,1,17,0,39
923.0,0,14,5,1,20,0,39
924.0,0,16,4,1,21,0,39
925.0,0,18,4,1,23,0,39
926.0,0,17,5,1,23,0,39
927.0,0,15,5,1,21,0,39
928.0,0,15,6,1,22,1,39
929.0,1,16,6,2,25,1,39
930.0,0,15,6,1,22,1,39
931.0,0,14,8,1,23,2,40
932.0,0,11,8,1,20,2,40
933.0,0,11,8,1,20,2,40
934.0,0,9,8,2,19,2,40
935.0,0,8,8,3,19,2,40
936.0,0,7,10,4,21,2,40
937.0,0,6,9,4,19,2,40
938.0,0,5,9,5,19,2,40
939.0,1,4,9,4,18,2,40
940.0,0,4,11,5,20,2,40
941.0,0,4,11,5,20,2,40
942.0,1,3,12,5,21,3,40
943.0,0,3,12,5,20,3,40
944.0,0,3,13,5,21,3,40
945.0,1,3,11,4,19,4,41
946.0,0,6,8,2,16,4,41
947.0,0,6,6,1,13,4,41
948.0,0,6,3,0,9,4,41
949.0,0,8,1,0,9,4,41
950.0,1,9,0,0,10,4,41
951.0,0,10,0,0,10,4,41
952.0,1,12,0,0,13,4,41
953.0,2,12,0,0,14,4,41
954.0,1,13,0,0,14,4,41
955.0,1,14,0,1,16,4,41
956.0,1,14,1,0,16,4,41
957.0,1,16,2,0,19,4,41
958.0,1,14,2,0,17,4,41
959.0,1,14,3,0,18,4,41
960.0,1,13,2,1,17,4,41
961.0,2,14,1,0,17,4,41
962.0,1,16,1,0,18,4,41
963.0,1,17,0,0,18,4,41
964.0,2,18,0,0,20,4,41
965.0,2,17,0,0,19,4,41
966.0,3,18,0,0,21,4,41
967.0,4,20,1,0,25,4,41
968.0,5,19,1,0,25,4,41
969.0,4,21,1,0,26,4,41
970.0,4,19,2,0,25,4,41
971.0,6,20,2,0,28,4,41
972.0,5,22,3,0,30,4,41
973.0,5,22,4,0,31,4,41
974.0,6,23,2,1,32,4,41
975.0,6,24,1,0,31,4,41
976.0,6,26,0,0,32,4,41
977.0,6,24,0,0,30,4,41
978.0,7,25,0,0,32,4,41
979.0,6,25,1,1,33,4,41
980.0,7,26,0,0,33,4,41
981.0,7,26,0,0,33,4,41
982.0,7,26,0,0,33,4,41
983.0,7,26,0,0,33,4,41
984.0,7,26,0,1,34,4,41
985.0,7,26,0,0,33,4,41
986.0,8,26,0,0,34,4,41
987.0,8,26,1,1,36,4,41
988.0,8,26,1,0,35,4,41
989.0,9,26,1,0,36,5,41
990.0,10,26,1,0,37,5,41
991.0,9,26,2,0,37,5,41
992.0,8,24,1,0,33,0,42
993.0,7,23,1,0,31,0,42
994.0,6,23,0,0,29,0,42
995.0,5,22,0,0,27,0,42
996.0,4,21,1,1,27,0,42
997.0,3,19,2,1,25,0,42
998.0,2,18,2,2,24,0,42
999.0,1,17,3,1,22,0,42
1000.0,1,16,2,1,20,0,42
1001.0,1,16,2,1,20,0,42
1002.0,1,16,3,1,21,0,42
1003.0,2,16,4,2,24,0,42
1004.0,2,16,4,2,24,0,42
1005.0,3,16,4,2,25,0,42
1006.0,2,16,4,2,24,0,42
1007.0,2,17,4,2,25,0,42
1008.0,2,16,5,2,25,0,42
1009.0,3,16,5,2,26,0,42
1010.0,3,17,5,2,27,0,42
1011.0,4,16,6,3,29,0,42
1012.0,4,16,5,2,27,0,42
1013.0,5,17,5,3,30,1,42
1014.0,4,16,5,3,28,1,42
1015.0,4,17,5,3,29,1,42
1016.0,3,16,7,3,29,2,43
1017.0,2,13,6,4,25,2,43
1018.0,1,13,6,4,24,2,43
1019.0,0,13,7,4,24,2,43
1020.0,0,13,7,4,24,2,43
1021.0,0,13,7,5,25,2,43
1022.0,0,12,8,4,24,2,43
1023.0,0,11,8,5,24,2,43
1024.0,0,8,8,6,22,2,43
1025.0,1,9,8,5,23,2,43
1026.0,0,9,8,5,22,2,43
1027.0,0,8,9,6,23,2,43
1028.0,2,8,9,6,25,2,43
1029.0,1,6,10,7,24,2,43
1030.0,1,8,10,7,26,2,43
1031.0,2,9,10,7,28,2,43
1032.0,1,10,11,7,29,2,43
1033.0,1,10,11,7,29,2,43
1034.0,1,5,11,8,25,2,43
1035.0,1,5,12,8,26,2,43
1036.0,2,5,12,8,27,2,43
1037.0,2,6,12,9,29,2,43
1038.0,2,6,12,10,30,2,43
1039.0,2,4,14,9,29,2,43
1040.0,3,7,13,10,33,2,43
1041.0,2,6,15,10,33,2,43
1042.0,2,6,15,10,33,2,43
1043.0,2,7,15,11,35,2,43
1044.0,2,6,16,11,35,2,43
1045.0,2,7,16,12,37,2,43
1046.0,2,7,16,12,37,2,43
1047.0,2,6,17,12,37,2,43
1048.0,3,8,17,13,41,2,43
1049.0,3,7,17,13,40,2,43
1050.0,3,7,18,13,41,2,43
1051.0,3,7,18,13,41,2,43
1052.0,3,7,18,14,42,2,43
1053.0,3,7,19,14,43,2,43
1054.0,3,7,18,14,42,2,43
1055.0,3,6,18,14,41,2,43
1056.0,3,7,19,14,43,2,43
1057.0,3,9,19,14,45,2,43
1058.0,3,9,19,15,46,2,43
1059.0,4,9,20,15,48,3,43
1060.0,3,11,21,15,50,3,43
1061.0,3,9,23,16,51,3,43
1062.0,3,9,19,13,44,4,44
1063.0,3,11,16,10,40,4,44
1064.0,4,12,13,8,37,4,44
1065.0,4,12,11,6,33,4,44
1066.0,4,13,9,4,30,4,44
1067.0,4,15,6,2,27,4,44
1068.0,4,16,3,1,24,4,44
1069.0,4,18,1,1,24,4,44
1070.0,4,17,0,0,21,4,44
1071.0,4,18,0,0,22,4,44
1072.0,4,20,0,0,24,4,44
1073.0,4,22,1,0,27,4,44
1074.0,4,23,1,0,28,4,44
1075.0,4,23,2,1,30,4,44
1076.0,4,23,2,0,29,4,44
1077.0,4,23,3,0,30,4,44
1078.0,4,23,3,0,30,4,44
1079.0,4,23,3,0,30,4,44
1080.0,4,23,1,1,29,4,44
1081.0,6,23,1,1,31,4,44
1082.0,5,23,1,0,29,4,44
1083.0,5,22,1,0,28,4,44
1084.0,5,23,2,1,31,4,44
1085.0,5,22,2,0,29,4,44
1086.0,5,22,2,0,29,4,44
1087.0,5,23,4,1,33,4,44
1088.0,5,23,1,0,29,4,44
1089.0,5,23,0,0,28,4,44
1090.0,5,25,1,1,32,4,44
1091.0,6,24,0,0,30,4,44
1092.0,5,26,0,0,31,4,44
1093.0,5,25,1,0,31,4,44
1094.0,5,26,0,0,31,4,44
1095.0,5,26,0,0,31,4,44
1096.0,5,26,2,0,33,4,44
1097.0,5,26,2,1,34,4,44
1098.0,6,26,2,1,35,4,44
1099.0,5,26,3,0,34,4,44
1100.0,5,26,2,0,33,4,44
1101.0,5,26,2,1,34,4,44
1102.0,5,26,3,0,34,4,44
1103.0,6,26,2,0,34,4,44
1104.0,5,26,2,0,33,4,44
1105.0,5,26,2,0,33,4,44
1106.0,6,26,2,0,34,5,44
1107.0,6,26,2,0,34,5,44
1108.0,6,26,2,1,35,5,44
1109.0,4,24,2,0,30,0,45
1110.0,2,23,3,0,28,0,45
1111.0,4,22,2,1,29,0,45
1112.0,5,20,2,1,28,0,45
1113.0,5,19,2,1,27,0,45
1114.0,5,19,3,1,28,0,45
1115.0,3,17,4,1,25,0,45
1116.0,2,17,5,1,25,0,45
1117.0,2,15,5,1,23,0,45
1118.0,2,13,6,3,24,0,45
1119.0,3,12,6,2,23,0,45
1120.0,2,12,7,3,24,0,45
1121.0,2,12,7,2,23,0,45
1122.0,3,12,7,2,24,0,45
1123.0,2,12,7,2,23,0,45
1124.0,2,12,8,2,24,0,45
1125.0,3,12,8,4,27,0,45
1126.0,2,13,8,3,26,0,45
1127.0,2,12,8,3,25,0,45
1128.0,3,12,8,4,27,0,45
1129.0,2,12,9,4,27,0,45
1130.0,2,12,8,4,26,1,45
1131.0,3,12,8,5,28,1,45
1132.0,3,14,10,5,32,1,45
1133.0,2,13,9,5,29,2,46
1134.0,1,13,10,6,30,2,46
1135.0,0,14,10,6,30,2,46
1136.0,0,13,11,6,30,2,46
1137.0,0,12,10,6,28,2,46
1138.0,0,10,11,7,28,2,46
1139.0,0,9,12,7,28,2,46
1140.0,0,8,13,6,27,2,46
1141.0,0,8,15,6,29,2,46
1142.0,0,7,14,6,27,2,46
1143.0,1,7,14,6,28,2,46
1144.0,2,9,14,7,32,2,46
1145.0,2,8,15,7,32,2,46
1146.0,2,6,15,7,30,2,46
1147.0,2,7,15,8,32,2,46
1148.0,4,7,17,8,36,2,46
1149.0,3,2,17,9,31,2,46
1150.0,4,3,17,10,34,2,46
1151.0,5,3,18,9,35,2,46
1152.0,4,2,17,9,32,2,46
1153.0,4,2,19,10,35,2,46
1154.0,5,3,19,10,37,2,46
1155.0,4,2,20,9,35,2,46
1156.0,4,2,21,9,36,2,46
1157.0,4,4,21,9,38,2,46
1158.0,4,4,21,10,39,2,46
1159.0,5,4,21,10,40,2,46
1160.0,4,6,21,10,41,2,46
1161.0,4,5,21,10,40,2,46
1162.0,4,6,21,11,42,2,46
1163.0,4,7,21,11,43,2,46
1164.0,5,6,21,12,44,2,46
1165.0,4,6,21,12,43,2,46
1166.0,4,7,21,12,44,2,46
1167.0,5,7,21,13,46,2,46
1168.0,5,7,21,13,46,2,46
1169.0,5,7,21,13,46,2,46
1170.0,6,7,21,13,47,2,46
1171.0,6,8,21,13,48,2,46
1172.0,7,9,21,13,50,2,46
1173.0,7,11,21,13,52,2,46
1174.0,7,10,21,14,52,2,46
1175.0,7,10,21,14,52,2,46
1176.0,7,11,22,14,54,3,46
1177.0,7,10,22,14,53,3,46
1178.0,7,10,22,15,54,3,46
1179.0,7,10,20,12,49,4,47
1180.0,7,11,17,9,44,4,47
1181.0,8,12,14,7,41,4,47
1182.0,8,13,11,5,37,4,47
1183.0,9,13,9,3,34,4,47
1184.0,9,14,6,2,31,4,47
1185.0,9,14,3,2,28,4,47
1186.0,9,15,1,1,26,4,47
1187.0,9,15,0,0,24,4,47
1188.0,10,16,0,0,26,4,47
1189.0,10,17,0,1,28,4,47
1190.0,10,17,0,0,27,4,47
1191.0,10,18,0,0,28,4,47
1192.0,10,18,0,1,29,4,47
1193.0,10,19,0,1,30,4,47
1194.0,11,20,1,0,32,4,47
1195.0,10,20,1,0,31,4,47
1196.0,10,20,2,1,33,4,47
1197.0,11,20,1,1,33,4,47
1198.0,10,20,0,1,31,4,47
1199.0,10,20,0,1,31,4,47
1200.0,10,20,0,0,30,4,47
1201.0,10,20,0,0,30,4,47
1202.0,10,20,0,0,30,4,47
1203.0,10,20,1,0,31,4,47
1204.0,10,20,0,0,30,4,47
1205.0,11,20,0,0,31,4,47
1206.0,10,20,0,0,30,4,47
1207.0,10,20,0,0,30,4,47
1208.0,10,20,0,1,31,4,47
1209.0,10,20,0,1,31,4,47
1210.0,10,20,0,0,30,4,47
1211.0,10,20,0,0,30,4,47
1212.0,11,20,0,0,31,4,47
1213.0,11,20,0,0,31,4,47
1214.0,11,20,0,0,31,4,47
1215.0,11,20,0,0,31,4,47
1216.0,11,20,1,0,32,4,47
1217.0,12,20,0,0,32,4,47
1218.0,13,20,0,0,33,4,47
1219.0,12,20,0,0,32,4,47
1220.0,12,20,0,1,33,4,47
1221.0,12,20,0,0,32,4,47
1222.0,12,20,0,0,32,4,47
1223.0,12,20,0,0,32,5,47
1224.0,14,20,0,0,34,5,47
1225.0,13,20,0,0,33,5,47
1226.0,10,18,0,0,28,0,48
1227.0,7,16,1,0,24,0,48
1228.0,6,15,1,0,22,0,48
1229.0,5,14,1,0,20,0,48
1230.0,4,13,1,1,19,0,48
1231.0,3,12,1,2,18,0,48
1232.0,2,11,1,1,15,0,48
1233.0,1,10,1,1,13,0,48
1234.0,0,9,3,1,13,0,48
1235.0,0,9,3,1,13,0,48
1236.0,0,9,3,1,13,0,48
1237.0,0,9,5,2,16,0,48
1238.0,1,9,5,2,17,0,48
1239.0,0,9,7,2,18,0,48
1240.0,0,9,7,2,18,0,48
1241.0,0,10,8,3,21,0,48
1242.0,0,9,8,2,19,0,48
1243.0,1,9,8,2,20,0,48
1244.0,0,10,8,2,20,0,48
1245.0,0,10,9,2,21,0,48
1246.0,1,9,9,2,21,0,48
1247.0,1,11,9,2,23,1,48
1248.0,1,9,9,2,21,1,48
1249.0,1,11,10,2,24,1,48
1250.0,0,10,9,2,21,2,49
1251.0,0,8,9,2,19,2,49
1252.0,1,8,9,2,20,2,49
1253.0,1,8,9,3,21,2,49
1254.0,1,6,10,3,20,2,49
1255.0,1,5,10,3,19,2,49
1256.0,1,5,10,4,20,2,49
1257.0,1,6,11,3,21,2,49
1258.0,1,4,11,3,19,2,49
1259.0,2,4,11,3,20,2,49
1260.0,1,2,12,3,18,2,49
1261.0,2,3,12,3,20,2,49
1262.0,2,3,12,3,20,2,49
1263.0,2,3,14,4,23,2,49
1264.0,2,5,13,4,24,3,49
1265.0,2,3,13,5,23,3,49
1266.0,3,6,14,5,28,3,49
1267.0,3,5,11,3,22,4,50
1268.0,4,4,9,1,18,4,50
1269.0,4,8,6,0,18,4,50
1270.0,4,5,5,0,14,4,50
1271.0,4,9,3,0,16,4,50
1272.0,4,8,2,0,14,4,50
1273.0,4,11,1,1,17,4,50
1274.0,4,13,1,0,18,4,50
1275.0,4,13,0,0,17,4,50
1276.0,4,14,0,0,18,4,50
1277.0,4,15,0,0,19,4,50
1278.0,4,14,0,0,18,4,50
1279.0,5,15,0,0,20,4,50
1280.0,5,15,0,0,20,4,50
1281.0,6,16,0,0,22,4,50
1282.0,5,17,1,0,23,4,50
1283.0,5,18,0,0,23,4,50
1284.0,5,18,1,0,24,4,50
1285.0,5,18,0,0,23,4,50
1286.0,6,18,0,0,24,4,50
1287.0,5,20,0,0,25,4,50
1288.0,5,20,0,0,25,4,50
1289.0,5,21,0,0,26,4,50
1290.0,5,22,0,1,28,4,50
1291.0,5,22,0,0,27,4,50
1292.0,5,22,0,0,27,4,50
1293.0,5,23,0,1,29,4,50
1294.0,5,25,0,0,30,4,50
1295.0,5,25,1,0,31,4,50
1296.0,5,25,0,0,30,4,50
1297.0,5,25,0,0,30,4,50
1298.0,5,25,0,1,31,4,50
1299.0,6,25,0,0,31,4,50
1300.0,5,25,0,0,30,4,50
1301.0,6,25,0,0,31,4,50
1302.0,6,25,0,0,31,4,50
1303.0,6,25,0,1,32,4,50
1304.0,6,25,0,0,31,4,50
1305.0,6,25,0,0,31,4,50
1306.0,6,25,0,0,31,4,50
1307.0,6,25,0,0,31,4,50
1308.0,6,25,0,0,31,4,50
1309.0,7,25,0,0,32,4,50
1310.0,7,25,0,0,32,4,50
1311.0,7,25,0,0,32,5,50
1312.0,7,25,0,0,32,5,50
1313.0,7,25,0,0,32,5,50
1314.0,5,24,0,0,29,0,51
1315.0,4,23,0,0,27,0,51
1316.0,3,22,0,0,25,0,51
1317.0,2,21,0,0,23,0,51
1318.0,1,20,0,0,21,0,51
1319.0,0,19,0,1,20,0,51
1320.0,1,18,0,0,19,0,51
1321.0,0,17,1,0,18,0,51
1322.0,0,16,0,0,16,0,51
1323.0,0,16,0,0,16,0,51
1324.0,0,16,0,0,16,0,51
1325.0,0,16,0,0,16,0,51
1326.0,0,16,0,2,18,0,51
1327.0,0,16,0,1,17,0,51
1328.0,0,16,0,1,17,0,51
1329.0,0,16,0,1,17,0,51
1330.0,0,16,0,2,18,0,51
1331.0,0,16,0,2,18,0,51
1332.0,0,16,0,2,18,0,51
1333.0,0,16,1,3,20,0,51
1334.0,0,16,2,2,20,0,51
1335.0,0,16,1,2,19,1,51
1336.0,0,16,1,2,19,1,51
1337.0,0,17,1,2,20,1,51
1338.0,0,16,1,3,20,2,52
1339.0,1,15,1,3,20,2,52
1340.0,0,15,1,3,19,2,52
1341.0,0,15,1,3,19,2,52
1342.0,1,15,1,5,22,2,52
1343.0,1,15,2,5,23,3,52
1344.0,2,17,1,4,24,3,52
1345.0,1,16,1,4,22,3,52
1346.0,1,17,0,2,20,4,53
1347.0,1,17,0,0,18,4,53
1348.0,2,15,0,0,17,4,53
1349.0,1,16,1,0,18,4,53
1350.0,1,18,0,0,19,4,53
1351.0,1,19,0,1,21,4,53
1352.0,1,19,0,0,20,4,53
1353.0,1,20,0,0,21,4,53
1354.0,1,20,0,0,21,4,53
1355.0,1,20,0,0,21,4,53
1356.0,1,20,1,0,22,4,53
1357.0,1,20,0,0,21,4,53
1358.0,1,20,0,1,22,4,53
1359.0,1,20,0,0,21,4,53
1360.0,1,18,0,0,19,4,53
1361.0,1,19,0,1,21,4,53
1362.0,2,17,0,0,19,4,53
1363.0,2,18,0,0,20,4,53
1364.0,2,18,1,1,22,4,53
1365.0,3,18,0,0,21,4,53
1366.0,2,18,0,0,20,4,53
1367.0,2,20,0,0,22,4,53
1368.0,3,21,0,0,24,4,53
1369.0,3,21,0,0,24,4,53
1370.0,3,21,0,0,24,4,53
1371.0,4,22,0,0,26,4,53
1372.0,4,23,0,0,27,4,53
1373.0,4,24,0,1,29,4,53
1374.0,4,22,1,0,27,4,53
1375.0,4,22,0,0,26,4,53
1376.0,4,24,0,0,28,4,53
1377.0,4,23,0,0,27,4,53
1378.0,4,24,0,1,29,4,53
1379.0,4,25,0,0,29,4,53
1380.0,4,25,0,0,29,4,53
1381.0,4,25,0,1,30,4,53
1382.0,4,24,0,0,28,4,53
1383.0,4,22,0,0,26,4,53
1384.0,5,22,0,0,27,4,53
1385.0,4,23,0,0,27,4,53
1386.0,4,22,0,0,26,4,53
1387.0,5,22,0,1,28,4,53
1388.0,5,23,0,1,29,4,53
1389.0,5,24,0,0,29,4,53
1390.0,6,24,0,0,30,5,53
1391.0,6,25,1,0,32,5,53
1392.0,6,25,0,0,31,5,53
1393.0,3,24,0,0,27,0,54
1394.0,2,23,0,0,25,0,54
1395.0,1,22,0,0,23,0,54
1396.0,1,21,0,0,22,0,54
1397.0,1,20,0,0,21,0,54
1398.0,1,20,0,1,22,0,54
1399.0,1,20,0,2,23,0,54
1400.0,1,20,0,2,23,0,54
1401.0,1,20,1,2,24,0,54
1402.0,1,20,1,3,25,0,54
1403.0,1,20,2,2,25,0,54
1404.0,1,20,1,2,24,0,54
1405.0,1,20,1,2,24,0,54
1406.0,1,20,1,2,24,1,54
1407.0,1,20,2,2,25,1,54
1408.0,1,20,2,3,26,1,54
1409.0,0,19,2,2,23,2,55
1410.0,0,18,2,2,22,2,55
1411.0,0,18,2,4,24,2,55
1412.0,0,17,2,4,23,2,55
1413.0,0,15,3,4,22,2,55
1414.0,0,13,3,5,21,3,55
1415.0,0,12,3,5,20,3,55
1416.0,0,14,3,5,22,3,55
1417.0,0,15,1,4,20,4,56
1418.0,0,16,1,2,19,4,56
1419.0,1,17,0,1,19,4,56
1420.0,1,17,0,1,19,4,56
1421.0,1,18,0,0,19,4,56
1422.0,1,18,0,0,19,4,56
1423.0,1,18,0,1,20,4,56
1424.0,2,18,0,0,20,4,56
1425.0,1,18,0,0,19,4,56
1426.0,1,18,1,0,20,4,56
1427.0,1,16,0,0,17,4,56
1428.0,2,14,0,1,17,4,56
1429.0,1,13,0,0,14,4,56
1430.0,2,15,0,0,17,4,56
1431.0,1,13,0,1,15,4,56
1432.0,1,13,0,0,14,4,56
1433.0,2,12,1,0,15,4,56
1434.0,1,13,0,1,15,4,56
1435.0,1,14,0,0,15,4,56
1436.0,2,13,0,0,15,4,56
1437.0,1,13,0,0,14,4,56
1438.0,1,12,0,0,13,4,56
1439.0,2,13,0,1,16,4,56
1440.0,1,13,0,0,14,4,56
1441.0,1,16,0,0,17,4,56
1442.0,2,18,0,0,20,4,56
1443.0,1,19,0,0,20,4,56
1444.0,1,20,0,1,22,4,56
1445.0,2,20,0,0,22,4,56
1446.0,1,20,0,0,21,4,56
1447.0,1,20,0,0,21,4,56
1448.0,2,20,0,0,22,4,56
1449.0,3,20,0,0,23,4,56
1450.0,3,20,0,0,23,4,56
1451.0,3,20,0,0,23,4,56
1452.0,3,20,0,0,23,4,56
1453.0,4,20,0,1,25,4,56
1454.0,4,20,0,0,24,4,56
1455.0,4,20,0,0,24,4,56
1456.0,6,20,0,1,27,4,56
1457.0,5,20,0,0,25,4,56
1458.0,6,20,0,0,26,4,56
1459.0,7,20,0,0,27,4,56
1460.0,6,20,0,0,26,4,56
1461.0,6,20,0,0,26,5,56
1462.0,7,20,0,0,27,5,56
1463.0,8,20,0,0,28,5,56
1464.0,6,19,0,1,26,0,57
1465.0,6,18,1,0,25,0,57
1466.0,5,17,0,0,22,0,57
1467.0,4,17,0,1,22,0,57
1468.0,3,17,0,2,22,0,57
1469.0,2,17,0,2,21,0,57
1470.0,2,17,1,2,22,0,57
1471.0,2,17,0,3,22,0,57
1472.0,2,17,0,2,21,0,57
1473.0,2,17,0,2,21,0,57
1474.0,2,17,0,4,23,0,57
1475.0,2,17,1,3,23,0,57
1476.0,2,17,2,4,25,0,57
1477.0,2,17,2,5,26,0,57
1478.0,2,17,2,4,25,0,57
1479.0,2,17,2,4,25,0,57
1480.0,2,17,2,4,25,1,57
1481.0,2,17,2,5,26,1,57
1482.0,2,17,2,5,26,1,57
1483.0,1,16,2,5,24,2,58
1484.0,0,15,2,6,23,2,58
1485.0,0,15,2,6,23,2,58
1486.0,0,13,3,6,22,2,58
1487.0,1,11,2,6,20,2,58
1488.0,1,10,2,7,20,3,58
1489.0,1,8,3,8,20,3,58
1490.0,1,8,3,9,21,3,58
1491.0,1,8,0,5,14,4,59
1492.0,1,11,0,3,15,4,59
1493.0,1,11,0,2,14,4,59
1494.0,1,11,0,0,12,4,59
1495.0,1,12,0,0,13,4,59
1496.0,1,14,0,1,16,4,59
1497.0,1,15,0,0,16,4,59
1498.0,2,16,0,0,18,4,59
1499.0,1,15,0,0,16,4,59
1500.0,2,15,0,0,17,4,59
1501.0,1,16,0,1,18,4,59
1502.0,1,16,0,0,17,4,59
1503.0,1,16,0,0,17,4,59
1504.0,1,16,0,1,18,4,59
1505.0,1,16,1,0,18,4,59
1506.0,2,14,0,0,16,4,59
1507.0,1,12,0,0,13,4,59
1508.0,1,11,0,0,12,4,59
1509.0,1,7,0,0,8,4,59
1510.0,1,8,1,0,10,4,59
1511.0,1,9,0,1,11,4,59
1512.0,1,10,0,0,11,4,59
1513.0,2,12,0,0,14,4,59
1514.0,1,13,0,0,14,4,59
1515.0,1,13,0,0,14,4,59
1516.0,1,13,0,0,14,4,59
1517.0,1,14,0,0,15,4,59
1518.0,1,14,0,0,15,4,59
1519.0,1,14,1,0,16,4,59
1520.0,2,15,0,0,17,4,59
1521.0,3,13,1,0,17,5,59
1522.0,3,13,1,0,17,5,59
1523.0,3,14,1,0,18,5,59
1524.0,1,13,0,0,14,0,60
1525.0,1,12,0,0,13,0,60
1526.0,2,14,0,1,17,0,60
1527.0,2,14,0,0,16,0,60
1528.0,1,13,1,1,16,0,60
1529.0,1,14,3,2,20,0,60
1530.0,1,15,3,1,20,0,60
1531.0,1,15,3,1,20,0,60
1532.0,1,16,3,3,23,0,60
1533.0,1,16,3,2,22,0,60
1534.0,1,17,3,2,23,0,60
1535.0,1,17,3,2,23,0,60
1536.0,1,16,5,2,24,0,60
1537.0,1,15,4,4,24,0,60
1538.0,1,15,4,3,23,0,60
1539.0,1,15,7,4,27,1,60
1540.0,1,17,6,4,28,1,60
1541.0,1,16,7,4,28,1,60
1542.0,0,16,7,6,29,2,61
1543.0,0,15,7,6,28,2,61
1544.0,0,14,9,6,29,2,61
1545.0,0,13,9,7,29,2,61
1546.0,2,13,9,8,32,2,61
1547.0,1,9,10,8,28,2,61
1548.0,2,8,10,8,28,2,61
1549.0,1,6,10,8,25,2,61
1550.0,1,7,10,8,26,2,61
1551.0,1,10,11,8,30,2,61
1552.0,1,11,11,9,32,2,61
1553.0,2,9,11,9,31,3,61
1554.0,1,8,12,10,31,3,61
1555.0,1,10,12,12,35,3,61
1556.0,2,12,9,10,33,4,62
1557.0,1,12,7,6,26,4,62
1558.0,1,14,4,4,23,4,62
1559.0,1,15,3,3,22,4,62
1560.0,1,14,0,2,17,4,62
1561.0,1,14,0,1,16,4,62
1562.0,1,14,0,0,15,4,62
1563.0,1,15,0,0,16,4,62
1564.0,1,14,0,0,15,4,62
1565.0,1,15,0,0,16,4,62
1566.0,1,14,0,0,15,4,62
1567.0,1,14,0,1,16,4,62
1568.0,1,14,1,0,16,4,62
1569.0,2,14,1,0,17,4,62
1570.0,2,14,1,1,18,4,62
1571.0,3,16,2,0,21,4,62
1572.0,3,17,2,0,22,4,62
1573.0,3,17,3,0,23,4,62
1574.0,4,17,3,0,24,4,62
1575.0,3,15,3,1,22,4,62
1576.0,4,14,4,0,22,4,62
1577.0,4,13,3,0,20,4,62
1578.0,5,11,3,0,19,4,62
1579.0,5,12,3,0,20,4,62
1580.0,5,12,2,0,19,4,62
1581.0,5,14,1,0,20,4,62
1582.0,5,16,0,0,21,4,62
1583.0,5,16,0,0,21,4,62
1584.0,5,16,0,1,22,4,62
1585.0,5,15,1,0,21,4,62
1586.0,5,14,0,0,19,4,62
1587.0,5,14,0,0,19,4,62
1588.0,5,14,0,1,20,4,62
1589.0,5,15,0,0,20,4,62
1590.0,5,14,1,0,20,4,62
1591.0,5,16,0,0,21,4,62
1592.0,5,16,0,0,21,4,62
1593.0,5,17,0,0,22,4,62
1594.0,6,16,0,0,22,4,62
1595.0,7,17,0,0,24,4,62
1596.0,6,16,0,0,22,4,62
1597.0,6,17,0,0,23,4,62
1598.0,6,17,0,0,23,4,62
1599.0,7,18,0,0,25,4,62
1600.0,6,17,0,0,23,5,62
1601.0,6,18,0,1,25,5,62
1602.0,6,20,0,0,26,5,62
1603.0,5,20,0,0,25,0,63
1604.0,4,20,0,0,24,0,63
1605.0,4,20,0,0,24,0,63
1606.0,2,20,0,0,22,0,63
1607.0,1,20,0,0,21,0,63
1608.0,1,20,1,0,22,0,63
1609.0,1,20,1,0,22,0,63
1610.0,1,20,1,2,24,0,63
1611.0,1,20,1,2,24,0,63
1612.0,1,20,1,2,24,0,63
1613.0,1,20,2,3,26,0,63
1614.0,1,20,2,3,26,0,63
1615.0,2,20,3,4,29,1,63
1616.0,1,20,3,4,28,1,63
1617.0,1,20,3,4,28,1,63
1618.0,1,19,5,4,29,2,64
1619.0,0,18,4,4,26,2,64
1620.0,0,17,5,6,28,2,64
1621.0,0,15,5,5,25,2,64
1622.0,0,14,5,5,24,2,64
1623.0,0,11,5,5,21,2,64
1624.0,0,10,5,5,20,2,64
1625.0,1,9,5,5,20,2,64
1626.0,1,9,8,5,23,2,64
1627.0,1,9,8,5,23,2,64
1628.0,2,11,8,5,26,2,64
1629.0,2,11,8,5,26,3,64
1630.0,2,12,8,6,28,3,64
1631.0,2,11,9,7,29,3,64
1632.0,2,11,6,3,22,4,65
1633.0,2,11,3,1,17,4,65
1634.0,2,12,1,1,16,4,65
1635.0,3,10,0,0,13,4,65
1636.0,3,9,0,0,12,4,65
1637.0,3,8,0,0,11,4,65
1638.0,4,9,0,0,13,4,65
1639.0,3,8,0,1,12,4,65
1640.0,3,9,0,0,12,4,65
1641.0,4,9,0,0,13,4,65
1642.0,4,10,0,1,15,4,65
1643.0,5,12,0,0,17,4,65
1644.0,4,12,0,0,16,5,65
1645.0,4,13,0,0,17,5,65
1646.0,4,14,0,0,18,5,65
1647.0,3,14,0,0,17,0,66
1648.0,2,15,0,0,17,0,66
1649.0,1,15,0,0,16,0,66
1650.0,1,13,0,0,14,0,66
1651.0,1,11,0,1,13,0,66
1652.0,1,10,0,1,12,0,66
1653.0,1,11,0,1,13,0,66
1654.0,1,9,0,2,12,0,66
1655.0,2,10,0,2,14,0,66
1656.0,1,12,0,2,15,0,66
1657.0,1,12,1,2,16,0,66
1658.0,2,11,1,2,16,1,66
1659.0,2,11,1,2,16,1,66
1660.0,2,12,1,3,18,1,66
1661.0,2,10,1,4,17,2,67
1662.0,0,9,1,3,13,2,67
1663.0,0,8,1,3,12,2,67
1664.0,0,7,2,4,13,2,67
1665.0,0,5,1,3,9,2,67
1666.0,0,5,2,3,10,2,67
1667.0,0,7,2,3,12,2,67
1668.0,0,6,2,4,12,2,67
1669.0,1,9,2,4,16,2,67
1670.0,0,7,3,5,15,3,67
1671.0,0,7,4,5,16,3,67
1672.0,0,9,5,5,19,3,67
1673.0,1,10,2,3,16,4,68
1674.0,0,10,1,1,12,4,68
1675.0,0,11,0,0,11,4,68
1676.0,0,11,0,0,11,4,68
1677.0,0,13,0,0,13,4,68
1678.0,1,12,0,1,14,4,68
1679.0,2,14,0,0,16,4,68
1680.0,1,16,0,0,17,4,68
1681.0,2,17,1,0,20,4,68
1682.0,2,17,0,0,19,4,68
1683.0,2,17,0,0,19,4,68
1684.0,3,17,0,1,21,4,68
1685.0,3,17,0,0,20,4,68
1686.0,3,16,0,0,19,4,68
1687.0,3,12,0,1,16,4,68
1688.0,3,10,0,0,13,4,68
1689.0,3,11,0,0,14,4,68
1690.0,3,13,0,3,19,4,68
1691.0,5,12,0,1,18,4,68
1692.0,4,14,0,0,18,4,68
1693.0,4,15,0,0,19,4,68
1694.0,4,17,0,0,21,4,68
1695.0,5,15,1,0,21,4,68
1696.0,5,12,0,0,17,5,68
1697.0,5,13,0,0,18,5,68
1698.0,5,15,0,0,20,5,68
1699.0,4,14,0,0,18,0,69
1700.0,2,15,0,1,18,0,69
1701.0,3,14,1,1,19,0,69
1702.0,3,15,1,2,21,0,69
1703.0,2,15,1,3,21,0,69
1704.0,2,14,2,2,20,1,69
1705.0,2,13,2,3,20,1,69
1706.0,2,11,2,2,17,1,69
1707.0,2,9,2,2,15,2,70
1708.0,1,10,4,4,19,2,70
1709.0,1,8,3,4,16,2,70
1710.0,1,7,3,5,16,2,70
1711.0,1,7,3,7,18,2,70
1712.0,1,6,3,6,16,2,70
1713.0,1,7,4,6,18,2,70
1714.0,1,8,4,8,21,2,70
1715.0,1,6,4,7,18,2,70
1716.0,1,7,4,8,20,2,70
1717.0,1,9,4,9,23,2,70
1718.0,1,10,5,8,24,2,70
1719.0,1,9,5,8,23,2,70
1720.0,1,9,5,8,23,3,70
1721.0,1,8,7,9,25,3,70
1722.0,1,6,6,9,22,3,70
1723.0,3,7,5,7,22,4,71
1724.0,2,6,3,4,15,4,71
1725.0,2,8,1,2,13,4,71
1726.0,2,12,1,0,15,4,71
1727.0,2,12,0,0,14,4,71
1728.0,2,13,0,0,15,4,71
1729.0,2,12,0,0,14,4,71
1730.0,2,14,0,1,17,4,71
1731.0,2,13,0,0,15,4,71
1732.0,2,13,0,0,15,4,71
1733.0,2,16,0,0,18,4,71
1734.0,2,16,0,0,18,4,71
1735.0,2,16,0,0,18,4,71
1736.0,2,16,1,0,19,4,71
1737.0,2,18,0,0,20,4,71
1738.0,2,15,0,0,17,4,71
1739.0,2,16,0,0,18,4,71
1740.0,2,15,0,0,17,4,71
1741.0,2,14,0,0,16,4,71
1742.0,2,13,0,0,15,4,71
1743.0,2,13,0,0,15,4,71
1744.0,3,13,0,0,16,4,71
1745.0,2,15,1,0,18,4,71
1746.0,3,18,0,0,21,4,71
1747.0,3,19,0,0,22,5,71
1748.0,3,18,0,0,21,5,71
1749.0,3,20,0,0,23,5,71
1750.0,1,18,0,0,19,0,72
1751.0,0,15,1,0,16,0,72
1752.0,0,13,0,0,13,0,72
1753.0,0,11,0,0,11,0,72
1754.0,0,10,1,0,11,0,72
1755.0,0,12,2,1,15,0,72
1756.0,0,11,2,1,14,0,72
1757.0,0,12,3,1,16,0,72
1758.0,0,14,2,2,18,0,72
1759.0,0,13,3,1,17,0,72
1760.0,0,13,5,1,19,0,72
1761.0,0,15,4,2,21,0,72
1762.0,0,14,5,2,21,0,72
1763.0,0,17,5,2,24,0,72
1764.0,0,16,6,3,25,0,72
1765.0,1,16,7,3,27,0,72
1766.0,0,16,7,3,26,0,72
1767.0,0,16,8,4,28,0,72
1768.0,1,16,8,4,29,0,72
1769.0,0,16,10,4,30,0,72
1770.0,0,16,10,4,30,0,72
1771.0,0,17,11,4,32,1,72
1772.0,0,17,12,5,34,1,72
1773.0,0,17,11,6,34,1,72
1774.0,0,17,11,6,34,2,73
1775.0,0,17,11,7,35,2,73
1776.0,0,14,12,7,33,2,73
1777.0,0,15,12,7,34,2,73
1778.0,0,14,13,7,34,2,73
1779.0,1,13,13,7,34,2,73
1780.0,0,11,13,7,31,2,73
1781.0,0,11,13,7,31,2,73
1782.0,0,10,13,7,30,2,73
1783.0,0,9,13,7,29,2,73
1784.0,0,8,14,7,29,2,73
1785.0,0,7,14,8,29,2,73
1786.0,0,8,15,7,30,2,73
1787.0,0,8,15,7,30,2,73
1788.0,1,9,15,7,32,2,73
1789.0,0,9,15,7,31,2,73
1790.0,1,7,15,7,30,2,73
1791.0,1,7,16,7,31,2,73
1792.0,2,6,17,7,32,2,73
1793.0,2,5,17,8,32,2,73
1794.0,2,5,17,8,32,2,73
1795.0,2,5,17,9,33,2,73
1796.0,2,4,17,10,33,2,73
1797.0,2,4,17,9,32,2,73
1798.0,2,3,20,9,34,2,73
1799.0,2,3,19,9,33,2,73
1800.0,3,1,19,9,32,2,73
1801.0,2,2,20,9,33,2,73
1802.0,3,1,20,9,33,2,73
1803.0,4,1,21,10,36,2,73
1804.0,3,0,22,10,35,2,73
1805.0,3,1,22,11,37,2,73
1806.0,4,2,22,11,39,2,73
1807.0,3,2,22,11,38,2,73
1808.0,3,2,22,11,38,2,73
1809.0,4,3,22,11,40,2,73
1810.0,3,3,22,12,40,2,73
1811.0,4,4,22,12,42,2,73
1812.0,4,5,23,13,45,2,73
1813.0,4,5,23,13,45,2,73
1814.0,4,6,23,13,46,2,73
1815.0,5,5,23,13,46,3,73
1816.0,4,6,23,13,46,3,73
1817.0,4,6,23,13,46,3,73
1818.0,5,6,20,10,41,4,74
1819.0,4,7,17,7,35,4,74
1820.0,4,7,15,5,31,4,74
1821.0,4,9,12,2,27,4,74
1822.0,4,9,9,1,23,4,74
1823.0,4,9,6,1,20,4,74
1824.0,5,11,3,0,19,4,74
1825.0,6,11,1,1,19,4,74
1826.0,6,12,0,0,18,4,74
1827.0,7,14,0,0,21,4,74
1828.0,7,15,0,0,22,4,74
1829.0,8,16,0,0,24,4,74
1830.0,7,17,0,0,24,4,74
1831.0,7,18,0,0,25,4,74
1832.0,8,18,0,0,26,4,74
1833.0,8,20,0,0,28,4,74
1834.0,8,21,0,0,29,4,74
1835.0,8,21,0,0,29,4,74
1836.0,10,24,0,1,35,4,74
1837.0,9,25,1,0,35,4,74
1838.0,10,24,1,0,35,4,74
1839.0,11,25,0,0,36,4,74
1840.0,10,24,0,0,34,4,74
1841.0,10,24,0,0,34,4,74
1842.0,10,24,0,0,34,4,74
1843.0,10,24,0,0,34,4,74
1844.0,10,26,0,0,36,4,74
1845.0,10,26,0,1,37,4,74
1846.0,11,26,0,0,37,4,74
1847.0,10,26,0,0,36,4,74
1848.0,10,26,0,0,36,4,74
1849.0,10,26,1,0,37,4,74
1850.0,10,26,0,0,36,4,74
1851.0,11,26,0,0,37,4,74
1852.0,11,26,1,0,38,4,74
1853.0,11,26,0,0,37,4,74
1854.0,11,26,0,0,37,4,74
1855.0,12,26,1,0,39,4,74
1856.0,12,26,0,0,38,4,74
1857.0,12,26,1,0,39,4,74
1858.0,13,26,2,0,41,4,74
1859.0,13,26,0,0,39,4,74
1860.0,13,26,0,0,39,4,74
1861.0,13,26,0,1,40,5,74
1862.0,13,26,0,0,39,5,74
1863.0,14,26,0,0,40,5,74
1864.0,10,24,0,0,34,0,75
1865.0,7,22,0,0,29,0,75
1866.0,5,20,0,0,25,0,75
1867.0,5,18,1,0,24,0,75
1868.0,4,17,2,0,23,0,75
1869.0,3,16,3,0,22,0,75
1870.0,2,15,4,1,22,0,75
1871.0,1,14,5,1,21,0,75
1872.0,0,13,6,2,21,0,75
1873.0,0,13,6,2,21,0,75
1874.0,0,13,7,4,24,0,75
1875.0,0,13,9,5,27,0,75
1876.0,0,13,11,4,28,0,75
1877.0,0,13,11,4,28,0,75
1878.0,1,13,10,4,28,0,75
1879.0,0,13,10,4,27,0,75
1880.0,0,13,13,4,30,0,75
1881.0,1,13,13,5,32,0,75
1882.0,0,13,13,5,31,0,75
1883.0,0,13,15,5,33,0,75
1884.0,1,13,14,5,33,0,75
1885.0,0,14,15,5,34,1,75
1886.0,0,15,15,7,37,1,75
1887.0,1,15,16,8,40,1,75
1888.0,0,14,16,9,39,2,76
1889.0,1,14,17,7,39,2,76
1890.0,1,13,17,7,38,2,76
1891.0,1,12,18,7,38,2,76
1892.0,1,10,18,7,36,2,76
1893.0,1,10,18,8,37,2,76
1894.0,1,9,18,10,38,2,76
1895.0,1,10,18,11,40,2,76
1896.0,1,9,18,11,39,2,76
1897.0,1,7,18,11,37,2,76
1898.0,1,6,18,11,36,2,76
1899.0,1,5,18,12,36,2,76
1900.0,2,5,18,11,36,2,76
1901.0,2,2,19,11,34,2,76
1902.0,2,2,19,11,34,2,76
1903.0,3,2,19,13,37,2,76
1904.0,3,2,19,13,37,2,76
1905.0,3,1,20,15,39,2,76
1906.0,4,0,20,15,39,2,76
1907.0,4,1,20,16,41,2,76
1908.0,4,1,20,16,41,2,76
1909.0,4,1,19,17,41,2,76
1910.0,4,1,20,16,41,2,76
1911.0,4,2,20,16,42,2,76
1912.0,4,3,21,16,44,2,76
1913.0,5,4,21,16,46,2,76
1914.0,4,5,22,16,47,2,76
1915.0,4,5,23,16,48,2,76
1916.0,4,5,24,16,49,2,76
1917.0,4,6,24,17,51,2,76
1918.0,4,7,25,18,54,2,76
1919.0,4,8,25,18,55,2,76
1920.0,4,9,25,19,57,2,76
1921.0,5,9,25,20,59,2,76
1922.0,4,9,25,20,58,2,76
1923.0,5,9,25,20,59,2,76
1924.0,4,10,25,20,59,2,76
1925.0,5,10,25,20,60,2,76
1926.0,5,11,25,20,61,2,76
1927.0,5,11,25,20,61,2,76
1928.0,5,11,25,20,61,2,76
1929.0,5,12,25,21,63,2,76
1930.0,5,12,25,21,63,2,76
1931.0,6,12,25,22,65,3,76
1932.0,5,13,25,22,65,3,76
1933.0,5,14,25,22,66,3,76
1934.0,5,13,22,19,59,4,77
1935.0,6,14,19,16,55,4,77
1936.0,7,15,16,13,51,4,77
1937.0,6,16,13,10,45,4,77
1938.0,6,18,10,8,42,4,77
1939.0,7,19,7,6,39,4,77
1940.0,6,20,4,4,34,4,77
1941.0,6,19,2,2,29,4,77
1942.0,7,20,0,0,27,4,77
1943.0,6,21,0,0,27,4,77
1944.0,6,22,0,0,28,4,77
1945.0,6,23,0,0,29,4,77
1946.0,7,25,0,1,33,4,77
1947.0,8,26,0,1,35,4,77
1948.0,8,26,0,2,36,4,77
1949.0,8,26,0,1,35,4,77
1950.0,9,26,0,1,36,4,77
1951.0,8,26,1,2,37,4,77
1952.0,9,26,1,1,37,4,77
1953.0,9,26,2,1,38,4,77
1954.0,9,26,2,2,39,4,77
1955.0,9,26,3,1,39,4,77
1956.0,9,26,3,1,39,4,77
1957.0,9,26,3,2,40,4,77
1958.0,10,26,3,2,41,4,77
1959.0,10,26,1,0,37,4,77
1960.0,11,26,0,0,37,4,77
1961.0,11,26,1,0,38,4,77
1962.0,11,26,0,0,37,4,77
1963.0,11,26,1,0,38,4,77
1964.0,12,26,1,0,39,4,77
1965.0,12,26,1,1,40,4,77
1966.0,12,26,0,0,38,4,77
1967.0,12,26,0,0,38,4,77
1968.0,12,26,0,1,39,4,77
1969.0,12,26,0,0,38,4,77
1970.0,12,26,0,0,38,4,77
1971.0,13,26,0,1,40,4,77
1972.0,12,26,0,0,38,4,77
1973.0,12,26,0,0,38,4,77
1974.0,14,26,0,0,40,4,77
1975.0,13,26,0,1,40,4,77
1976.0,13,26,0,0,39,4,77
1977.0,13,26,0,0,39,4,77
1978.0,13,26,1,0,40,5,77
1979.0,13,26,2,0,41,5,77
1980.0,13,26,2,0,41,5,77
1981.0,11,24,2,0,37,0,78
1982.0,9,22,3,1,35,0,78
1983.0,9,21,2,1,33,0,78
1984.0,9,20,2,1,32,0,78
1985.0,8,18,4,1,31,0,78
1986.0,7,17,5,1,30,0,78
1987.0,4,15,6,1,26,0,78
1988.0,3,12,6,1,22,0,78
1989.0,4,11,7,2,24,0,78
1990.0,3,11,8,2,24,0,78
1991.0,3,11,8,2,24,0,78
1992.0,3,10,7,2,22,0,78
1993.0,3,10,9,2,24,0,78
1994.0,3,9,9,3,24,0,78
1995.0,3,9,11,3,26,0,78
1996.0,3,9,12,2,26,0,78
1997.0,3,9,14,3,29,0,78
1998.0,3,9,14,3,29,0,78
1999.0,3,9,15,3,30,0,78
2000.0,3,9,17,3,32,0,78
2001.0,3,9,17,4,33,0,78
2002.0,3,9,17,3,32,1,78
2003.0,3,9,17,3,32,1,78
2004.0,3,9,18,5,35,1,78
2005.0,2,8,19,4,33,2,79
2006.0,2,7,21,5,35,2,79
2007.0,1,7,21,6,35,2,79
2008.0,1,7,21,6,35,2,79
2009.0,1,7,21,7,36,2,79
2010.0,1,7,22,8,38,2,79
2011.0,1,8,22,9,40,2,79
2012.0,1,9,23,10,43,2,79
2013.0,1,8,23,10,42,2,79
2014.0,1,7,23,10,41,2,79
2015.0,1,9,23,11,44,2,79
2016.0,1,11,23,10,45,2,79
2017.0,1,10,23,10,44,2,79
2018.0,1,10,23,10,44,2,79
2019.0,1,10,23,10,44,2,79
2020.0,1,10,23,10,44,2,79
2021.0,1,11,23,10,45,2,79
2022.0,1,10,23,10,44,2,79
2023.0,1,11,23,10,45,2,79
2024.0,1,12,23,12,48,2,79
2025.0,1,12,23,12,48,2,79
2026.0,1,12,23,12,48,2,79
2027.0,1,13,23,12,49,2,79
2028.0,1,13,23,12,49,2,79
2029.0,1,14,23,13,51,2,79
2030.0,1,14,23,12,50,2,79
2031.0,1,16,23,12,52,2,79
2032.0,1,15,23,13,52,2,79
2033.0,1,15,23,12,51,2,79
2034.0,1,16,23,12,52,2,79
2035.0,1,13,23,13,50,2,79
2036.0,1,12,23,12,48,2,79
2037.0,1,11,23,13,48,2,79
2038.0,1,13,23,15,52,2,79
2039.0,1,13,23,16,53,2,79
2040.0,1,11,23,16,51,2,79
2041.0,1,12,23,17,53,2,79
2042.0,1,12,23,17,53,2,79
2043.0,1,13,23,17,54,2,79
2044.0,1,15,23,17,56,2,79
2045.0,1,13,23,16,53,2,79
2046.0,1,15,23,16,55,2,79
2047.0,1,15,23,17,56,2,79
2048.0,2,14,23,17,56,3,79
2049.0,1,14,23,18,56,3,79
2050.0,1,15,23,18,57,3,79
2051.0,2,16,20,15,53,4,80
2052.0,1,18,17,12,48,4,80
2053.0,1,19,14,9,43,4,80
2054.0,1,20,11,8,40,4,80
2055.0,1,20,8,6,35,4,80
2056.0,1,21,6,5,33,4,80
2057.0,1,21,4,3,29,4,80
2058.0,1,22,2,1,26,4,80
2059.0,1,22,0,2,25,4,80
2060.0,1,23,0,1,25,4,80
2061.0,1,23,0,1,25,4,80
2062.0,1,25,1,2,29,4,80
2063.0,1,25,1,2,29,4,80
2064.0,1,25,2,2,30,4,80
2065.0,1,26,2,1,30,4,80
2066.0,1,26,2,2,31,4,80
2067.0,1,26,2,1,30,4,80
2068.0,1,26,2,1,30,4,80
2069.0,2,26,2,2,32,4,80
2070.0,2,26,2,1,31,4,80
2071.0,2,26,2,3,33,4,80
2072.0,2,26,2,2,32,4,80
2073.0,2,26,2,2,32,4,80
2074.0,2,26,2,2,32,4,80
2075.0,3,26,2,2,33,4,80
2076.0,4,26,1,2,33,4,80
2077.0,3,26,1,2,32,4,80
2078.0,3,26,1,2,32,4,80
2079.0,3,26,1,2,32,4,80
2080.0,3,26,0,2,31,4,80
2081.0,4,26,0,2,32,4,80
2082.0,3,26,0,2,31,4,80
2083.0,3,26,0,2,31,4,80
2084.0,3,26,0,2,31,4,80
2085.0,3,26,0,2,31,4,80
2086.0,3,26,0,2,31,4,80
2087.0,3,26,0,2,31,4,80
2088.0,3,26,0,1,30,4,80
2089.0,3,26,0,1,30,4,80
2090.0,4,26,0,0,30,4,80
2091.0,3,26,0,0,29,4,80
2092.0,3,26,0,0,29,4,80
2093.0,3,26,0,0,29,4,80
2094.0,3,26,0,0,29,4,80
2095.0,3,26,0,1,30,5,80
2096.0,3,26,0,0,29,5,80
2097.0,4,26,0,0,30,5,80
2098.0,2,24,3,0,29,0,81
2099.0,1,22,2,0,25,0,81
2100.0,0,20,3,1,24,0,81
2101.0,0,18,6,1,25,0,81
2102.0,0,16,6,1,23,0,81
2103.0,0,14,7,1,22,0,81
2104.0,0,12,7,1,20,0,81
2105.0,0,10,9,1,20,0,81
2106.0,0,10,10,2,22,0,81
2107.0,0,9,10,2,21,0,81
2108.0,0,9,10,2,21,0,81
2109.0,0,9,11,2,22,0,81
2110.0,0,9,11,2,22,0,81
2111.0,0,9,11,3,23,0,81
2112.0,0,9,11,3,23,0,81
2113.0,0,9,13,4,26,0,81
2114.0,0,9,14,5,28,0,81
2115.0,0,9,14,4,27,0,81
2116.0,0,9,15,4,28,0,81
2117.0,0,9,15,5,29,0,81
2118.0,0,9,16,5,30,0,81
2119.0,0,9,17,6,32,1,81
2120.0,0,10,18,6,34,1,81
2121.0,0,9,18,7,34,1,81
2122.0,0,8,18,6,32,2,82
2123.0,0,9,18,6,33,2,82
2124.0,0,8,19,8,35,2,82
2125.0,0,6,19,7,32,2,82
2126.0,0,5,19,7,31,2,82
2127.0,0,5,19,7,31,3,82
2128.0,1,4,19,7,31,3,82
2129.0,0,4,19,7,30,3,82
2130.0,0,3,18,6,27,4,83
2131.0,1,4,15,4,24,4,83
2132.0,0,7,12,2,21,4,83
2133.0,0,8,9,1,18,4,83
2134.0,1,9,6,1,17,4,83
2135.0,0,9,4,0,13,4,83
2136.0,0,12,2,0,14,4,83
2137.0,0,11,0,0,11,4,83
2138.0,0,13,0,0,13,4,83
2139.0,0,14,0,0,14,4,83
2140.0,0,13,1,0,14,4,83
2141.0,0,12,2,0,14,4,83
2142.0,0,12,1,0,13,4,83
2143.0,1,15,2,0,18,4,83
2144.0,0,18,4,0,22,4,83
2145.0,0,17,3,0,20,4,83
2146.0,0,18,4,0,22,4,83
2147.0,0,19,1,0,20,4,83
2148.0,0,19,0,1,20,4,83
2149.0,0,19,0,0,19,4,83
2150.0,0,19,1,0,20,4,83
2151.0,0,19,0,0,19,4,83
2152.0,1,18,0,0,19,4,83
2153.0,1,18,1,0,20,4,83
2154.0,1,18,0,0,19,4,83
2155.0,3,19,0,0,22,4,83
2156.0,3,22,1,0,26,4,83
2157.0,3,20,0,0,23,4,83
2158.0,3,23,0,0,26,4,83
2159.0,3,24,1,0,28,4,83
2160.0,3,26,0,0,29,4,83
2161.0,3,25,0,1,29,4,83
2162.0,3,26,1,0,30,4,83
2163.0,3,26,0,0,29,4,83
2164.0,4,26,0,0,30,4,83
2165.0,3,26,1,0,30,4,83
2166.0,4,26,0,0,30,4,83
2167.0,4,26,0,0,30,4,83
2168.0,5,26,0,0,31,4,83
2169.0,4,26,0,0,30,4,83
2170.0,4,26,0,0,30,4,83
2171.0,4,26,0,0,30,4,83
2172.0,4,26,0,0,30,4,83
2173.0,4,26,1,0,31,4,83
2174.0,4,26,0,0,30,5,83
2175.0,4,26,0,0,30,5,83
2176.0,5,26,1,0,32,5,83
2177.0,4,24,0,0,28,0,84
2178.0,3,23,0,0,26,0,84
2179.0,2,23,1,0,26,0,84
2180.0,1,22,1,0,24,0,84
2181.0,2,21,3,0,26,0,84
2182.0,1,20,4,0,25,0,84
2183.0,1,19,4,0,24,0,84
2184.0,2,17,4,0,23,0,84
2185.0,1,16,7,0,24,0,84
2186.0,2,16,6,0,24,0,84
2187.0,1,16,6,1,24,0,84
2188.0,1,16,6,2,25,0,84
2189.0,1,17,6,1,25,0,84
2190.0,1,16,6,1,24,0,84
2191.0,1,16,6,2,25,0,84
2192.0,1,17,7,2,27,0,84
2193.0,2,16,8,3,29,0,84
2194.0,2,16,8,2,28,0,84
2195.0,2,17,9,3,31,0,84
2196.0,3,16,9,3,31,0,84
2197.0,2,14,9,3,28,0,84
2198.0,2,15,9,4,30,1,84
2199.0,2,13,10,4,29,1,84
2200.0,2,12,9,5,28,1,84
2201.0,1,12,9,5,27,2,85
2202.0,0,12,9,6,27,2,85
2203.0,0,13,10,6,29,2,85
2204.0,1,10,9,6,26,2,85
2205.0,1,7,9,7,24,2,85
2206.0,1,5,10,6,22,2,85
2207.0,1,4,11,6,22,2,85
2208.0,1,3,11,6,21,2,85
2209.0,2,5,12,7,26,2,85
2210.0,1,1,13,7,22,2,85
2211.0,1,2,13,8,24,3,85
2212.0,1,4,14,8,27,3,85
2213.0,1,5,14,10,30,3,85
2214.0,1,6,13,6,26,4,86
2215.0,1,10,9,3,23,4,86
2216.0,1,9,6,2,18,4,86
2217.0,1,8,4,0,13,4,86
2218.0,1,9,2,0,12,4,86
2219.0,3,9,1,0,13,4,86
2220.0,2,12,0,0,14,4,86
2221.0,2,14,1,0,17,4,86
2222.0,2,14,0,0,16,4,86
2223.0,2,17,0,0,19,4,86
2224.0,3,18,1,0,22,4,86
2225.0,2,18,0,0,20,4,86
2226.0,2,18,0,0,20,4,86
2227.0,3,18,0,0,21,4,86
2228.0,2,18,0,0,20,4,86
2229.0,2,19,0,0,21,4,86
2230.0,3,20,0,0,23,4,86
2231.0,3,18,0,0,21,4,86
2232.0,3,17,0,0,20,4,86
2233.0,3,20,0,0,23,4,86
2234.0,3,20,0,0,23,4,86
2235.0,3,20,0,0,23,4,86
2236.0,3,21,1,0,25,4,86
2237.0,3,23,0,0,26,4,86
2238.0,3,23,0,0,26,4,86
2239.0,4,21,0,0,25,4,86
2240.0,4,22,0,0,26,4,86
2241.0,4,21,0,0,25,4,86
2242.0,4,22,0,0,26,4,86
2243.0,4,23,0,0,27,4,86
2244.0,4,25,0,0,29,4,86
2245.0,5,25,0,0,30,4,86
2246.0,6,26,0,0,32,4,86
2247.0,5,27,1,0,33,4,86
2248.0,5,26,0,0,31,4,86
2249.0,5,27,0,0,32,4,86
2250.0,5,27,0,0,32,4,86
2251.0,6,27,0,0,33,4,86
2252.0,6,27,0,0,33,4,86
2253.0,6,27,0,0,33,4,86
2254.0,6,27,0,0,33,4,86
2255.0,6,27,0,0,33,4,86
2256.0,6,27,0,1,34,4,86
2257.0,6,27,0,0,33,4,86
2258.0,6,27,0,0,33,5,86
2259.0,6,27,0,0,33,5,86
2260.0,7,27,2,0,36,5,86
2261.0,5,25,1,0,31,0,87
2262.0,4,23,1,1,29,0,87
2263.0,3,21,1,1,26,0,87
2264.0,2,19,1,2,24,0,87
2265.0,1,18,1,1,21,0,87
2266.0,0,17,2,1,20,0,87
2267.0,0,16,2,1,19,0,87
2268.0,0,15,1,2,18,0,87
2269.0,0,14,1,4,19,0,87
2270.0,0,14,1,4,19,0,87
2271.0,0,14,1,5,20,0,87
2272.0,0,14,1,5,20,0,87
2273.0,1,14,1,6,22,0,87
2274.0,0,14,3,8,25,0,87
2275.0,0,14,2,7,23,0,87
2276.0,0,15,2,7,24,0,87
2277.0,0,15,2,7,24,0,87
2278.0,0,15,2,8,25,0,87
2279.0,0,15,2,9,26,1,87
2280.0,0,15,2,10,27,1,87
2281.0,0,17,3,10,30,1,87
2282.0,0,15,2,11,28,2,88
2283.0,0,15,2,12,29,2,88
2284.0,0,13,3,12,28,2,88
2285.0,0,13,3,12,28,2,88
2286.0,0,12,3,14,29,2,88
2287.0,0,12,3,13,28,2,88
2288.0,0,12,3,13,28,2,88
2289.0,0,11,3,14,28,2,88
2290.0,0,9,3,14,26,2,88
2291.0,1,7,3,14,25,2,88
2292.0,0,6,3,14,23,2,88
2293.0,0,3,3,15,21,2,88
2294.0,1,7,3,16,27,2,88
2295.0,2,8,3,15,28,2,88
2296.0,1,7,3,15,26,2,88
2297.0,1,4,3,15,23,2,88
2298.0,1,5,3,16,25,2,88
2299.0,1,5,3,16,25,2,88
2300.0,1,4,4,16,25,2,88
2301.0,1,4,4,17,26,2,88
2302.0,1,4,5,19,29,2,88
2303.0,1,1,6,19,27,2,88
2304.0,1,1,6,19,27,2,88
2305.0,1,1,6,19,27,2,88
2306.0,1,1,7,19,28,2,88
2307.0,1,2,8,19,30,2,88
2308.0,1,2,8,19,30,2,88
2309.0,1,1,8,20,30,2,88
2310.0,1,1,9,21,32,2,88
2311.0,1,2,9,21,33,2,88
2312.0,1,1,9,21,32,2,88
2313.0,1,1,9,21,32,2,88
2314.0,2,1,11,21,35,2,88
2315.0,2,2,10,21,35,2,88
2316.0,2,1,11,21,35,2,88
2317.0,3,1,11,21,36,2,88
2318.0,3,1,11,21,36,2,88
2319.0,3,2,11,21,37,2,88
2320.0,3,1,12,21,37,2,88
2321.0,3,1,13,21,38,2,88
2322.0,3,1,12,21,37,2,88
2323.0,3,2,13,21,39,2,88
2324.0,3,3,14,21,41,2,88
2325.0,3,4,14,21,42,3,88
2326.0,3,3,14,21,41,3,88
2327.0,3,4,14,21,42,3,88
2328.0,3,4,11,18,36,4,89
2329.0,3,7,9,15,34,4,89
2330.0,3,7,7,12,29,4,89
2331.0,3,7,4,10,24,4,89
2332.0,3,8,2,8,21,4,89
2333.0,3,9,1,6,19,4,89
2334.0,3,11,0,4,18,4,89
2335.0,3,11,0,2,16,4,89
2336.0,3,12,0,0,15,4,89
2337.0,3,13,0,0,16,4,89
2338.0,3,14,0,0,17,4,89
2339.0,4,16,0,0,20,4,89
2340.0,3,18,1,0,22,4,89
2341.0,3,18,1,0,22,4,89
2342.0,3,17,2,0,22,4,89
2343.0,3,17,2,0,22,4,89
2344.0,3,18,3,0,24,4,89
2345.0,3,17,3,1,24,4,89
2346.0,3,18,3,0,24,4,89
2347.0,3,19,3,0,25,4,89
2348.0,3,16,3,1,23,4,89
2349.0,4,16,4,0,24,4,89
2350.0,3,17,4,0,24,4,89
2351.0,3,17,4,1,25,4,89
2352.0,3,19,5,0,27,4,89
2353.0,3,20,4,0,27,4,89
2354.0,4,21,4,1,30,4,89
2355.0,3,22,4,1,30,4,89
2356.0,3,21,4,0,28,4,89
2357.0,3,22,4,0,29,4,89
2358.0,3,24,4,1,32,4,89
2359.0,3,24,4,0,31,4,89
2360.0,4,24,4,0,32,4,89
2361.0,3,24,4,1,32,4,89
2362.0,4,25,3,0,32,4,89
2363.0,4,24,2,0,30,4,89
2364.0,4,25,1,0,30,4,89
2365.0,4,25,0,0,29,4,89
2366.0,4,26,0,0,30,4,89
2367.0,4,26,0,1,31,4,89
2368.0,4,26,0,0,30,4,89
2369.0,4,26,0,0,30,4,89
2370.0,4,26,1,1,32,4,89
2371.0,4,26,0,0,30,4,89
2372.0,4,26,0,0,30,5,89
2373.0,5,26,1,1,33,5,89
2374.0,5,27,2,0,34,5,89
2375.0,2,25,1,0,28,0,90
2376.0,1,24,2,0,27,0,90
2377.0,2,23,3,0,28,0,90
2378.0,2,23,3,0,28,0,90
2379.0,2,20,4,1,27,0,90
2380.0,0,19,6,0,25,0,90
2381.0,0,18,6,1,25,0,90
2382.0,0,17,8,1,26,0,90
2383.0,0,16,8,1,25,0,90
2384.0,0,16,9,1,26,0,90
2385.0,1,16,10,1,28,0,90
2386.0,0,16,10,2,28,0,90
2387.0,0,16,11,2,29,0,90
2388.0,0,16,12,2,30,0,90
2389.0,0,16,13,3,32,0,90
2390.0,0,17,13,3,33,0,90
2391.0,0,16,14,3,33,0,90
2392.0,0,16,13,3,32,0,90
2393.0,0,16,14,3,33,0,90
2394.0,0,16,14,3,33,0,90
2395.0,1,16,14,3,34,0,90
2396.0,0,17,16,4,37,1,90
2397.0,0,17,16,3,36,1,90
2398.0,1,19,18,3,41,1,90
2399.0,0,19,17,4,40,2,91
2400.0,1,18,17,4,40,2,91
2401.0,0,16,17,4,37,2,91
2402.0,0,17,17,4,38,2,91
2403.0,0,17,18,6,41,2,91
2404.0,0,17,20,6,43,3,91
2405.0,0,15,20,6,41,3,91
2406.0,1,15,21,6,43,3,91
2407.0,0,13,18,4,35,4,92
2408.0,0,13,16,1,30,4,92
2409.0,1,15,14,0,30,4,92
2410.0,1,16,11,0,28,4,92
2411.0,1,16,8,1,26,4,92
2412.0,1,17,5,0,23,4,92
2413.0,2,17,3,0,22,4,92
2414.0,1,17,1,0,19,4,92
2415.0,1,19,0,0,20,4,92
2416.0,3,18,0,0,21,4,92
2417.0,2,18,0,0,20,4,92
2418.0,3,19,0,0,22,4,92
2419.0,2,19,0,0,21,4,92
2420.0,3,19,0,1,23,4,92
2421.0,3,17,1,0,21,4,92
2422.0,3,13,0,0,16,4,92
2423.0,4,14,1,0,19,4,92
2424.0,4,14,0,0,18,4,92
2425.0,4,15,0,1,20,4,92
2426.0,4,18,0,1,23,4,92
2427.0,4,18,0,1,23,4,92
2428.0,5,17,0,1,23,4,92
2429.0,5,16,0,1,22,4,92
2430.0,5,17,0,1,23,4,92
2431.0,5,16,0,0,21,4,92
2432.0,6,14,0,0,20,4,92
2433.0,6,14,0,0,20,4,92
2434.0,7,16,0,1,24,4,92
2435.0,6,16,0,0,22,4,92
2436.0,6,17,0,0,23,4,92
2437.0,8,17,0,0,25,4,92
2438.0,7,18,0,0,25,4,92
2439.0,8,19,0,0,27,4,92
2440.0,8,23,1,0,32,4,92
2441.0,8,23,0,0,31,4,92
2442.0,8,23,0,0,31,4,92
2443.0,8,24,0,0,32,4,92
2444.0,8,25,0,0,33,4,92
2445.0,8,25,0,1,34,4,92
2446.0,8,25,0,0,33,4,92
2447.0,8,25,0,0,33,4,92
2448.0,8,25,0,0,33,4,92
2449.0,8,25,0,0,33,4,92
2450.0,8,25,0,0,33,4,92
2451.0,8,25,0,1,34,5,92
2452.0,8,25,0,0,33,5,92
2453.0,8,25,0,0,33,5,92
2454.0,7,24,0,0,31,0,93
2455.0,6,23,0,0,29,0,93
2456.0,6,22,1,1,30,0,93
2457.0,6,21,0,0,27,0,93
2458.0,5,20,0,0,25,0,93
2459.0,4,19,2,1,26,0,93
2460.0,3,18,1,1,23,0,93
2461.0,3,17,1,1,22,0,93
2462.0,3,16,1,2,22,0,93
2463.0,3,16,1,2,22,0,93
2464.0,3,16,1,3,23,0,93
2465.0,3,16,1,3,23,0,93
2466.0,3,16,1,4,24,0,93
2467.0,3,16,2,4,25,0,93
2468.0,3,16,2,4,25,0,93
2469.0,3,16,2,5,26,0,93
2470.0,4,17,2,6,29,0,93
2471.0,3,16,3,7,29,0,93
2472.0,3,16,2,6,27,0,93
2473.0,3,17,2,6,28,0,93
2474.0,3,16,2,6,27,0,93
2475.0,3,16,2,7,28,1,93
2476.0,4,17,2,7,30,1,93
2477.0,3,17,2,7,29,1,93
2478.0,2,14,3,7,26,2,94
2479.0,1,13,4,8,26,2,94
2480.0,0,11,3,8,22,2,94
2481.0,0,11,3,8,22,2,94
2482.0,0,12,3,9,24,2,94
2483.0,0,12,4,9,25,2,94
2484.0,0,10,4,10,24,2,94
2485.0,0,9,4,9,22,2,94
2486.0,0,12,4,10,26,2,94
2487.0,0,13,4,10,27,2,94
2488.0,0,14,4,11,29,2,94
2489.0,0,13,6,12,31,2,94
2490.0,0,14,5,13,32,2,94
2491.0,1,14,5,13,33,2,94
2492.0,1,12,6,13,32,2,94
2493.0,1,11,5,13,30,2,94
2494.0,1,11,6,13,31,2,94
2495.0,1,12,6,14,33,2,94
2496.0,1,13,6,14,34,2,94
2497.0,2,12,6,14,34,2,94
2498.0,2,11,8,14,35,2,94
2499.0,2,10,8,14,34,2,94
2500.0,2,8,9,14,33,2,94
2501.0,2,5,10,14,31,2,94
2502.0,2,5,10,14,31,2,94
2503.0,2,5,10,14,31,2,94
2504.0,2,6,11,14,33,2,94
2505.0,2,7,11,14,34,2,94
2506.0,2,7,11,15,35,2,94
2507.0,2,4,11,15,32,2,94
2508.0,2,6,11,15,34,2,94
2509.0,2,4,12,15,33,2,94
2510.0,2,5,12,15,34,2,94
2511.0,2,6,12,15,35,2,94
2512.0,2,5,12,15,34,2,94
2513.0,2,6,12,15,35,2,94
2514.0,2,6,12,15,35,2,94
2515.0,2,6,13,15,36,2,94
2516.0,2,6,13,15,36,2,94
2517.0,2,6,13,15,36,2,94
2518.0,3,6,14,16,39,2,94
2519.0,2,7,14,16,39,2,94
2520.0,2,6,14,17,39,2,94
2521.0,2,5,15,17,39,3,94
2522.0,2,6,15,17,40,3,94
2523.0,2,5,15,17,39,3,94
2524.0,2,7,12,14,35,4,95
2525.0,2,7,10,11,30,4,95
2526.0,2,9,7,9,27,4,95
2527.0,2,9,4,7,22,4,95
2528.0,2,10,2,5,19,4,95
2529.0,2,11,0,3,16,4,95
2530.0,3,12,0,1,16,4,95
2531.0,2,13,0,0,15,4,95
2532.0,2,11,0,0,13,4,95
2533.0,2,12,0,0,14,4,95
2534.0,3,16,0,0,19,4,95
2535.0,2,16,0,0,18,4,95
2536.0,2,17,1,0,20,4,95
2537.0,2,18,2,1,23,4,95
2538.0,2,18,2,0,22,4,95
2539.0,3,19,3,0,25,4,95
2540.0,3,20,2,1,26,4,95
2541.0,3,20,2,0,25,4,95
2542.0,3,19,3,0,25,4,95
2543.0,3,20,2,1,26,4,95
2544.0,3,20,2,0,25,4,95
2545.0,3,21,2,0,26,4,95
2546.0,3,21,2,1,27,4,95
2547.0,3,24,2,0,29,4,95
2548.0,3,22,2,0,27,4,95
2549.0,3,24,2,1,30,4,95
2550.0,3,24,2,1,30,4,95
2551.0,4,24,2,0,30,4,95
2552.0,4,24,2,1,31,4,95
2553.0,4,23,3,0,30,4,95
2554.0,5,23,2,0,30,4,95
2555.0,4,23,3,0,30,4,95
2556.0,5,23,3,0,31,4,95
2557.0,5,24,3,1,33,4,95
2558.0,5,25,3,0,33,4,95
2559.0,5,25,3,0,33,4,95
2560.0,5,25,3,1,34,4,95
2561.0,5,25,3,0,33,4,95
2562.0,5,27,4,0,36,4,95
2563.0,5,27,3,0,35,4,95
2564.0,5,27,3,0,35,4,95
2565.0,5,27,3,1,36,4,95
2566.0,5,27,3,0,35,4,95
2567.0,5,27,3,0,35,4,95
2568.0,5,27,3,1,36,5,95
2569.0,5,27,3,0,35,5,95
2570.0,5,27,3,0,35,5,95
2571.0,3,25,3,1,32,0,96
2572.0,2,23,3,1,29,0,96
2573.0,2,22,2,1,27,0,96
2574.0,2,21,1,2,26,0,96
2575.0,2,20,1,2,25,0,96
2576.0,2,20,2,2,26,0,96
2577.0,1,19,3,3,26,0,96
2578.0,1,17,3,2,23,0,96
2579.0,1,15,5,3,24,0,96
2580.0,1,14,4,4,23,0,96
2581.0,1,14,5,3,23,0,96
2582.0,1,15,5,4,25,0,96
2583.0,1,14,5,5,25,0,96
2584.0,1,14,5,5,25,0,96
2585.0,1,15,5,5,26,0,96
2586.0,2,14,5,5,26,0,96
2587.0,1,14,5,6,26,1,96
2588.0,1,15,6,7,29,1,96
2589.0,1,15,6,7,29,1,96
2590.0,0,15,7,8,30,2,97
2591.0,0,14,7,7,28,2,97
2592.0,0,13,7,8,28,2,97
2593.0,0,13,8,8,29,2,97
2594.0,0,11,8,9,28,2,97
2595.0,0,11,8,8,27,2,97
2596.0,0,10,10,8,28,2,97
2597.0,0,10,10,8,28,2,97
2598.0,0,10,10,9,29,2,97
2599.0,0,10,10,9,29,3,97
2600.0,0,9,11,9,29,3,97
2601.0,0,7,10,10,27,3,97
2602.0,0,8,7,7,22,4,98
2603.0,0,8,6,6,20,4,98
2604.0,0,7,4,4,15,4,98
2605.0,0,8,1,2,11,4,98
2606.0,0,5,0,0,5,4,98
2607.0,1,5,0,0,6,4,98
2608.0,2,8,0,0,10,4,98
2609.0,1,8,0,1,10,4,98
2610.0,1,10,0,0,11,4,98
2611.0,1,12,0,0,13,4,98
2612.0,1,11,0,0,12,4,98
2613.0,1,11,1,0,13,4,98
2614.0,1,12,0,0,13,4,98
2615.0,1,13,1,0,15,4,98
2616.0,1,13,0,0,14,4,98
2617.0,1,14,0,0,15,4,98
2618.0,1,13,0,1,15,4,98
2619.0,2,13,1,0,16,4,98
2620.0,1,12,1,0,14,4,98
2621.0,1,12,1,1,15,4,98
2622.0,2,12,2,0,16,4,98
2623.0,1,12,1,0,14,4,98
2624.0,1,15,1,0,17,4,98
2625.0,2,15,0,0,17,4,98
2626.0,1,16,0,0,17,4,98
2627.0,1,14,0,0,15,4,98
2628.0,1,15,0,0,16,4,98
2629.0,1,16,0,1,18,4,98
2630.0,3,15,0,0,18,4,98
2631.0,2,13,0,0,15,4,98
2632.0,2,13,0,0,15,4,98
2633.0,2,14,1,0,17,4,98
2634.0,2,15,1,0,18,4,98
2635.0,2,16,0,1,19,5,98
2636.0,2,19,0,0,21,5,98
2637.0,2,18,1,0,21,5,98
2638.0,1,18,1,0,20,0,99
2639.0,0,18,2,1,21,0,99
2640.0,0,17,2,1,20,0,99
2641.0,0,16,2,1,19,0,99
2642.0,0,16,2,1,19,0,99
2643.0,0,16,3,1,20,0,99
2644.0,0,15,2,2,19,0,99
2645.0,0,16,2,2,20,0,99
2646.0,0,16,2,3,21,0,99
2647.0,0,16,2,2,20,0,99
2648.0,0,16,2,2,20,0,99
2649.0,0,16,2,2,20,0,99
2650.0,1,16,2,2,21,0,99
2651.0,0,16,2,2,20,0,99
2652.0,0,15,2,2,19,0,99
2653.0,0,16,3,2,21,0,99
2654.0,0,15,3,2,20,0,99
2655.0,0,15,3,4,22,0,99
2656.0,0,16,4,4,24,0,99
2657.0,0,17,4,4,25,1,99
2658.0,0,17,5,4,26,1,99
2659.0,0,17,5,4,26,1,99
2660.0,0,16,5,5,26,2,100
2661.0,1,15,5,5,26,2,100
2662.0,0,15,5,5,25,2,100
2663.0,0,13,5,6,24,2,100
2664.0,1,12,5,7,25,2,100
2665.0,0,10,7,7,24,2,100
2666.0,0,8,8,7,23,2,100
2667.0,0,8,7,9,24,2,100
2668.0,0,8,7,9,24,2,100
2669.0,0,11,7,9,27,2,100
2670.0,0,10,7,11,28,2,100
2671.0,0,10,9,10,29,2,100
2672.0,0,9,10,10,29,2,100
2673.0,0,9,10,10,29,2,100
2674.0,0,8,11,11,30,2,100
2675.0,1,5,11,10,27,2,100
2676.0,1,2,11,10,24,2,100
2677.0,1,4,11,10,26,2,100
2678.0,1,5,11,11,28,2,100
2679.0,1,5,11,10,27,2,100
2680.0,1,4,10,11,26,2,100
2681.0,2,4,10,11,27,2,100
2682.0,2,2,10,11,25,2,100
2683.0,3,0,10,12,25,2,100
2684.0,2,1,12,14,29,2,100
2685.0,2,1,11,15,29,2,100
2686.0,2,2,12,15,31,2,100
2687.0,3,1,14,16,34,2,100
2688.0,3,0,15,17,35,2,100
2689.0,3,0,14,17,34,2,100
2690.0,3,1,15,15,34,2,100
2691.0,3,1,15,15,34,2,100
2692.0,3,2,16,15,36,2,100
2693.0,3,3,16,16,38,2,100
2694.0,3,2,17,17,39,2,100
2695.0,4,2,16,18,40,2,100
2696.0,3,2,16,18,39,2,100
2697.0,3,3,16,20,42,2,100
2698.0,3,2,17,20,42,2,100
2699.0,3,2,17,20,42,2,100
2700.0,3,2,17,20,42,2,100
2701.0,3,3,18,20,44,2,100
2702.0,3,3,19,20,45,2,100
2703.0,3,4,19,20,46,3,100
2704.0,3,4,19,20,46,3,100
2705.0,3,4,19,20,46,3,100
2706.0,3,5,17,17,42,4,101
2707.0,4,6,14,14,38,4,101
2708.0,5,7,11,11,34,4,101
2709.0,4,9,9,8,30,4,101
2710.0,4,8,7,5,24,4,101
2711.0,5,8,4,3,20,4,101
2712.0,4,11,3,1,19,4,101
2713.0,4,10,0,0,14,4,101
2714.0,4,11,0,1,16,4,101
2715.0,4,13,0,1,18,4,101
2716.0,5,13,0,1,19,4,101
2717.0,5,13,0,1,19,4,101
2718.0,5,13,1,2,21,4,101
2719.0,5,13,2,2,22,4,101
2720.0,5,15,2,2,24,4,101
2721.0,5,16,2,3,26,4,101
2722.0,5,17,3,2,27,4,101
2723.0,5,18,3,2,28,4,101
2724.0,5,19,4,3,31,4,101
2725.0,5,19,5,2,31,4,101
2726.0,5,20,5,1,31,4,101
2727.0,5,21,5,1,32,4,101
2728.0,6,20,5,2,33,4,101
2729.0,6,20,5,1,32,4,101
2730.0,6,21,5,2,34,4,101
2731.0,7,21,6,1,35,4,101
2732.0,7,21,5,0,33,4,101
2733.0,7,23,5,0,35,4,101
2734.0,7,22,5,1,35,4,101
2735.0,7,23,5,0,35,4,101
2736.0,7,24,5,0,36,4,101
2737.0,7,24,6,1,38,4,101
2738.0,8,24,6,0,38,4,101
2739.0,7,25,6,0,38,4,101
2740.0,7,25,6,1,39,4,101
2741.0,7,26,6,0,39,4,101
2742.0,7,26,6,0,39,4,101
2743.0,7,26,6,1,40,4,101
2744.0,7,26,6,0,39,4,101
2745.0,8,26,6,0,40,4,101
2746.0,7,26,6,1,40,4,101
2747.0,7,26,6,0,39,4,101
2748.0,8,26,6,0,40,4,101
2749.0,7,26,6,0,39,4,101
2750.0,7,26,6,1,40,5,101
2751.0,7,26,6,0,39,5,101
2752.0,7,26,6,0,39,5,101
2753.0,4,24,5,0,33,0,102
2754.0,5,22,4,1,32,0,102
2755.0,4,20,3,1,28,0,102
2756.0,3,20,3,2,28,0,102
2757.0,1,19,2,1,23,0,102
2758.0,0,18,2,2,22,0,102
2759.0,0,16,2,2,20,0,102
2760.0,0,15,3,2,20,0,102
2761.0,0,14,4,2,20,0,102
2762.0,0,14,4,5,23,0,102
2763.0,0,14,5,6,25,0,102
2764.0,0,14,6,5,25,0,102
2765.0,0,14,6,6,26,0,102
2766.0,1,14,6,4,25,0,102
2767.0,0,14,7,4,25,0,102
2768.0,0,14,7,4,25,0,102
2769.0,1,14,8,5,28,0,102
2770.0,0,14,8,6,28,0,102
2771.0,0,14,9,7,30,0,102
2772.0,0,14,9,8,31,0,102
2773.0,0,14,9,9,32,0,102
2774.0,0,14,10,9,33,1,102
2775.0,0,14,10,9,33,1,102
2776.0,0,15,10,9,34,1,102
2777.0,0,14,11,8,33,2,103
2778.0,1,13,12,9,35,2,103
2779.0,0,14,12,9,35,2,103
2780.0,0,11,12,9,32,2,103
2781.0,0,12,12,10,34,2,103
2782.0,0,12,13,10,35,2,103
2783.0,0,10,14,10,34,2,103
2784.0,0,7,15,11,33,2,103
2785.0,0,9,14,13,36,2,103
2786.0,0,9,14,13,36,2,103
2787.0,0,7,14,13,34,2,103
2788.0,0,7,14,13,34,2,103
2789.0,0,8,16,14,38,2,103
2790.0,0,6,16,14,36,2,103
2791.0,1,7,16,13,37,2,103
2792.0,1,6,18,14,39,2,103
2793.0,1,6,17,14,38,2,103
2794.0,1,5,18,14,38,2,103
2795.0,1,7,18,14,40,2,103
2796.0,1,7,19,14,41,2,103
2797.0,1,5,21,14,41,2,103
2798.0,1,5,23,14,43,2,103
2799.0,1,7,23,14,45,2,103
2800.0,2,8,23,14,47,2,103
2801.0,2,8,23,15,48,2,103
2802.0,2,8,24,15,49,2,103
2803.0,2,9,24,16,51,2,103
2804.0,2,7,25,16,50,2,103
2805.0,2,8,25,18,53,2,103
2806.0,2,9,25,18,54,2,103
2807.0,2,8,25,18,53,2,103
2808.0,2,8,26,18,54,2,103
2809.0,2,9,26,18,55,2,103
2810.0,2,9,26,18,55,2,103
2811.0,2,8,26,18,54,2,103
2812.0,2,8,26,18,54,2,103
2813.0,3,9,26,19,57,2,103
2814.0,2,9,26,19,56,2,103
2815.0,3,8,26,19,56,2,103
2816.0,3,11,26,19,59,2,103
2817.0,3,11,26,19,59,2,103
2818.0,3,13,26,19,61,2,103
2819.0,3,11,26,19,59,2,103
2820.0,3,14,26,19,62,3,103
2821.0,4,11,26,19,60,3,103
2822.0,3,13,26,19,61,3,103
2823.0,3,14,23,16,56,4,104
2824.0,4,14,20,13,51,4,104
2825.0,3,14,17,10,44,4,104
2826.0,4,17,14,9,44,4,104
2827.0,3,17,11,7,38,4,104
2828.0,3,16,8,5,32,4,104
2829.0,4,19,5,3,31,4,104
2830.0,3,18,2,1,24,4,104
2831.0,3,19,0,0,22,4,104
2832.0,4,19,0,0,23,4,104
2833.0,3,20,0,0,23,4,104
2834.0,3,21,0,0,24,4,104
2835.0,4,23,0,0,27,4,104
2836.0,4,21,1,0,26,4,104
2837.0,4,23,2,0,29,4,104
2838.0,4,24,3,1,32,4,104
2839.0,5,24,4,0,33,4,104
2840.0,4,24,3,0,31,4,104
2841.0,6,24,4,0,34,4,104
2842.0,5,22,5,0,32,4,104
2843.0,5,21,6,0,32,4,104
2844.0,5,21,7,0,33,4,104
2845.0,6,22,7,0,35,4,104
2846.0,6,20,7,0,33,4,104
2847.0,6,22,7,0,35,4,104
2848.0,7,23,7,1,38,4,104
2849.0,7,25,7,1,40,4,104
2850.0,7,26,6,0,39,4,104
2851.0,8,26,5,0,39,4,104
2852.0,8,26,5,1,40,4,104
2853.0,8,26,3,0,37,4,104
2854.0,9,26,2,0,37,4,104
2855.0,9,26,1,1,37,4,104
2856.0,10,26,0,0,36,4,104
2857.0,9,26,0,0,35,4,104
2858.0,9,26,1,1,37,4,104
2859.0,9,27,0,1,37,4,104
2860.0,9,26,0,0,35,4,104
2861.0,10,27,0,0,37,4,104
2862.0,10,27,0,1,38,4,104
2863.0,11,27,0,0,38,4,104
2864.0,11,27,1,0,39,4,104
2865.0,11,27,1,1,40,4,104
2866.0,11,27,1,0,39,4,104
2867.0,11,27,1,0,39,5,104
2868.0,11,27,1,1,40,5,104
2869.0,11,27,2,0,40,5,104
2870.0,8,25,1,1,35,0,105
2871.0,6,24,4,2,36,0,105
2872.0,5,22,5,2,34,0,105
2873.0,5,20,5,2,32,0,105
2874.0,4,17,7,3,31,0,105
2875.0,3,16,6,3,28,0,105
2876.0,3,15,8,3,29,0,105
2877.0,3,14,8,4,29,0,105
2878.0,3,14,11,4,32,0,105
2879.0,3,13,10,4,30,0,105
2880.0,3,13,11,5,32,0,105
2881.0,3,13,11,4,31,0,105
2882.0,3,13,13,5,34,0,105
2883.0,3,13,11,7,34,0,105
2884.0,3,13,11,6,33,0,105
2885.0,3,13,10,6,32,0,105
2886.0,3,13,12,8,36,0,105
2887.0,3,13,12,7,35,0,105
2888.0,3,13,13,7,36,0,105
2889.0,3,13,14,8,38,0,105
2890.0,3,14,14,8,39,0,105
2891.0,3,13,16,8,40,1,105
2892.0,3,13,16,9,41,1,105
2893.0,4,13,16,10,43,1,105
2894.0,2,12,18,10,42,2,106
2895.0,1,11,18,10,40,2,106
2896.0,0,12,18,12,42,2,106
2897.0,0,11,19,12,42,2,106
2898.0,0,10,20,13,43,2,106
2899.0,0,9,20,13,42,2,106
2900.0,0,10,21,12,43,2,106
2901.0,0,11,21,12,44,2,106
2902.0,0,11,21,13,45,2,106
2903.0,0,11,22,12,45,2,106
2904.0,0,9,22,12,43,2,106
2905.0,0,7,24,13,44,2,106
2906.0,0,6,25,13,44,2,106
2907.0,0,7,25,14,46,2,106
2908.0,0,6,25,15,46,2,106
2909.0,0,4,26,16,46,2,106
2910.0,0,3,26,15,44,2,106
2911.0,0,3,25,15,43,2,106
2912.0,0,2,26,15,43,2,106
2913.0,0,2,26,16,44,2,106
2914.0,0,2,26,16,44,2,106
2915.0,0,2,26,16,44,2,106
2916.0,1,4,26,16,47,2,106
2917.0,0,4,26,16,46,2,106
2918.0,0,3,26,16,45,2,106
2919.0,0,6,26,16,48,2,106
2920.0,0,4,26,17,47,2,106
2921.0,0,6,26,17,49,2,106
2922.0,0,7,26,17,50,2,106
2923.0,0,7,26,17,50,2,106
2924.0,0,6,26,17,49,2,106
2925.0,0,6,26,17,49,2,106
2926.0,0,8,26,17,51,2,106
2927.0,0,6,26,17,49,2,106
2928.0,0,8,26,17,51,2,106
2929.0,0,6,26,17,49,2,106
2930.0,0,7,26,18,51,2,106
2931.0,0,8,26,18,52,2,106
2932.0,0,7,26,18,51,2,106
2933.0,0,7,26,18,51,2,106
2934.0,0,8,26,18,52,2,106
2935.0,0,7,26,18,51,2,106
2936.0,0,9,26,18,53,2,106
2937.0,0,8,26,18,52,3,106
2938.0,0,9,26,18,53,3,106
2939.0,1,11,26,18,56,3,106
2940.0,1,10,23,16,50,4,107
2941.0,1,12,20,14,47,4,107
2942.0,1,12,17,12,42,4,107
2943.0,1,14,14,10,39,4,107
2944.0,1,14,11,8,34,4,107
2945.0,1,15,8,6,30,4,107
2946.0,2,16,5,4,27,4,107
2947.0,1,17,3,2,23,4,107
2948.0,1,20,1,0,22,4,107
2949.0,1,20,0,0,21,4,107
2950.0,1,21,1,0,23,4,107
2951.0,1,22,1,0,24,4,107
2952.0,1,22,1,0,24,4,107
2953.0,1,23,2,0,26,4,107
2954.0,1,25,3,1,30,4,107
2955.0,1,26,3,0,30,4,107
2956.0,1,26,4,0,31,4,107
2957.0,1,26,4,1,32,4,107
2958.0,1,26,5,0,32,4,107
2959.0,1,26,6,0,33,4,107
2960.0,1,26,4,1,32,4,107
2961.0,1,26,4,0,31,4,107
2962.0,1,26,4,0,31,4,107
2963.0,1,26,5,1,33,4,107
2964.0,1,26,5,1,33,4,107
2965.0,1,26,6,0,33,4,107
2966.0,1,26,6,0,33,4,107
2967.0,1,26,6,1,34,4,107
2968.0,2,26,7,0,35,4,107
2969.0,3,26,7,0,36,4,107
2970.0,2,26,8,1,37,4,107
2971.0,2,26,7,0,35,4,107
2972.0,3,26,6,0,35,4,107
2973.0,2,26,4,1,33,4,107
2974.0,2,26,5,0,33,4,107
2975.0,2,26,7,0,35,4,107
2976.0,2,26,7,1,36,4,107
2977.0,2,26,7,0,35,4,107
2978.0,2,26,8,0,36,4,107
2979.0,2,26,9,1,38,4,107
2980.0,2,26,7,0,35,4,107
2981.0,2,26,5,0,33,4,107
2982.0,2,26,4,1,33,4,107
2983.0,2,26,3,0,31,4,107
2984.0,2,26,3,0,31,5,107
2985.0,2,26,3,1,32,5,107
2986.0,2,26,3,0,31,5,107
2987.0,0,24,3,0,27,0,108
2988.0,1,22,2,1,26,0,108
2989.0,2,21,5,0,28,0,108
2990.0,2,20,6,0,28,0,108
2991.0,2,19,3,1,25,0,108
2992.0,2,18,4,0,24,0,108
2993.0,2,16,7,0,25,0,108
2994.0,0,14,7,0,21,0,108
2995.0,0,12,11,1,24,0,108
2996.0,0,12,12,2,26,0,108
2997.0,0,12,13,2,27,0,108
2998.0,0,12,15,3,30,0,108
2999.0,1,11,17,3,32,0,108
3000.0,0,10,18,4,32,0,108
3001.0,0,9,19,4,32,0,108
3002.0,0,9,20,3,32,0,108
3003.0,0,9,19,3,31,0,108
3004.0,0,9,17,4,30,0,108
3005.0,0,9,16,6,31,0,108
3006.0,0,9,15,5,29,0,108
3007.0,0,9,15,5,29,0,108
3008.0,0,9,17,5,31,1,108
3009.0,1,9,18,5,33,1,108
3010.0,0,9,20,5,34,1,108
3011.0,0,8,21,6,35,2,109
3012.0,0,8,21,6,35,2,109
3013.0,0,8,21,6,35,2,109
3014.0,0,8,21,6,35,2,109
3015.0,0,7,22,7,36,2,109
3016.0,0,7,22,7,36,2,109
3017.0,0,6,22,7,35,2,109
3018.0,0,6,22,7,35,2,109
3019.0,0,6,22,8,36,2,109
3020.0,1,6,22,8,37,2,109
3021.0,0,6,22,9,37,2,109
3022.0,0,7,22,9,38,2,109
3023.0,1,7,22,11,41,2,109
3024.0,1,6,22,10,39,2,109
3025.0,1,8,22,10,41,2,109
3026.0,1,7,22,10,40,2,109
3027.0,1,8,22,10,41,2,109
3028.0,1,10,22,11,44,2,109
3029.0,1,10,22,11,44,2,109
3030.0,2,9,22,10,43,2,109
3031.0,2,10,22,11,45,2,109
3032.0,2,12,22,11,47,2,109
3033.0,2,12,22,11,47,2,109
3034.0,2,11,22,12,47,2,109
3035.0,3,13,22,12,50,2,109
3036.0,2,12,22,12,48,2,109
3037.0,2,13,22,12,49,2,109
3038.0,2,12,22,12,48,2,109
3039.0,2,12,22,12,48,2,109
3040.0,3,12,22,12,49,2,109
3041.0,3,12,22,12,49,2,109
3042.0,3,14,22,12,51,2,109
3043.0,3,15,22,12,52,2,109
3044.0,3,15,22,12,52,2,109
3045.0,3,15,22,12,52,2,109
3046.0,3,16,22,12,53,2,109
3047.0,3,16,22,12,53,2,109
3048.0,3,16,22,12,53,2,109
3049.0,3,16,22,12,53,2,109
3050.0,4,16,22,12,54,2,109
3051.0,3,16,22,14,55,2,109
3052.0,3,16,22,14,55,2,109
3053.0,3,16,22,14,55,2,109
3054.0,3,16,22,14,55,3,109
3055.0,3,16,22,14,55,3,109
3056.0,4,16,22,15,57,3,109
3057.0,4,17,20,12,53,4,110
3058.0,4,17,18,10,49,4,110
3059.0,4,17,17,6,44,4,110
3060.0,5,18,14,3,40,4,110
3061.0,4,18,12,2,36,4,110
3062.0,4,19,10,3,36,4,110
3063.0,6,20,9,1,36,4,110
3064.0,5,20,8,0,33,4,110
3065.0,5,21,6,0,32,4,110
3066.0,5,22,5,0,32,4,110
3067.0,5,23,2,0,30,4,110
3068.0,5,24,0,1,30,4,110
3069.0,5,24,2,2,33,4,110
3070.0,5,24,3,2,34,4,110
3071.0,5,25,3,2,35,4,110
3072.0,6,25,3,4,38,4,110
3073.0,6,25,4,3,38,4,110
3074.0,7,25,4,4,40,4,110
3075.0,8,25,5,4,42,4,110
3076.0,7,25,6,5,43,4,110
3077.0,7,25,7,5,44,4,110
3078.0,8,25,7,5,45,4,110
3079.0,7,25,8,5,45,4,110
3080.0,8,25,8,5,46,4,110
3081.0,8,25,8,5,46,4,110
3082.0,8,25,9,5,47,4,110
3083.0,8,25,10,6,49,4,110
3084.0,8,25,10,5,48,4,110
3085.0,9,25,11,5,50,4,110
3086.0,9,25,11,5,50,4,110
3087.0,9,25,11,5,50,4,110
3088.0,9,25,10,5,49,4,110
3089.0,9,25,9,5,48,4,110
3090.0,9,25,7,3,44,4,110
3091.0,9,25,7,2,43,4,110
3092.0,9,25,7,1,42,4,110
3093.0,10,25,4,0,39,4,110
3094.0,10,25,4,0,39,4,110
3095.0,10,25,4,0,39,4,110
3096.0,10,25,3,0,38,4,110
3097.0,10,25,4,0,39,4,110
3098.0,11,25,4,0,40,4,110
3099.0,11,25,5,0,41,4,110
3100.0,11,25,6,0,42,4,110
3101.0,11,25,7,0,43,5,110
3102.0,11,25,9,1,46,5,110
3103.0,11,25,10,1,47,5,110
3104.0,10,23,12,1,46,0,111
3105.0,8,21,13,2,44,0,111
3106.0,8,20,14,1,43,0,111
3107.0,7,19,15,1,42,0,111
3108.0,6,17,15,2,40,0,111
3109.0,5,16,14,1,36,0,111
3110.0,4,13,13,1,31,0,111
3111.0,3,11,12,2,28,0,111
3112.0,2,10,12,1,25,0,111
3113.0,2,9,11,1,23,0,111
3114.0,1,9,11,1,22,0,111
3115.0,1,9,12,2,24,0,111
3116.0,1,9,14,1,25,0,111
3117.0,1,9,16,1,27,0,111
3118.0,1,9,16,1,27,0,111
3119.0,1,9,16,1,27,0,111
3120.0,1,9,17,2,29,0,111
3121.0,1,9,18,2,30,0,111
3122.0,1,9,18,3,31,0,111
3123.0,1,9,19,3,32,0,111
3124.0,1,9,20,4,34,0,111
3125.0,1,9,20,3,33,1,111
3126.0,1,9,21,4,35,1,111
3127.0,2,10,22,4,38,1,111
3128.0,1,9,23,5,38,2,112
3129.0,2,7,23,5,37,2,112
3130.0,2,8,24,6,40,2,112
3131.0,2,6,24,7,39,2,112
3132.0,2,5,24,7,38,2,112
3133.0,2,6,24,7,39,2,112
3134.0,2,4,25,8,39,2,112
3135.0,3,4,26,8,41,2,112
3136.0,3,3,26,9,41,2,112
3137.0,3,3,26,11,43,2,112
3138.0,3,3,26,10,42,2,112
3139.0,3,5,26,10,44,2,112
3140.0,3,4,26,11,44,2,112
3141.0,3,4,26,11,44,2,112
3142.0,3,4,26,11,44,2,112
3143.0,3,4,26,12,45,2,112
3144.0,3,4,26,12,45,2,112
3145.0,3,5,26,14,48,2,112
3146.0,3,5,26,15,49,2,112
3147.0,3,6,26,14,49,2,112
3148.0,3,7,26,14,50,2,112
3149.0,3,8,26,14,51,2,112
3150.0,3,7,26,14,50,2,112
3151.0,4,8,26,14,52,2,112
3152.0,3,9,26,14,52,2,112
3153.0,3,8,26,15,52,2,112
3154.0,3,9,26,16,54,2,112
3155.0,3,10,26,15,54,2,112
3156.0,3,9,26,16,54,2,112
3157.0,3,10,26,15,54,2,112
3158.0,3,11,26,15,55,2,112
3159.0,3,11,26,15,55,2,112
3160.0,3,12,26,15,56,2,112
3161.0,3,11,26,17,57,2,112
3162.0,3,12,26,18,59,2,112
3163.0,3,13,26,18,60,2,112
3164.0,3,13,26,18,60,2,112
3165.0,4,12,26,18,60,2,112
3166.0,3,13,26,18,60,2,112
3167.0,3,14,26,18,61,2,112
3168.0,3,13,26,19,61,2,112
3169.0,3,13,26,19,61,2,112
3170.0,3,14,26,19,62,2,112
3171.0,3,14,26,19,62,3,112
3172.0,4,14,26,20,64,3,112
3173.0,4,15,26,20,65,3,112
3174.0,4,15,23,18,60,4,113
3175.0,4,12,20,15,51,4,113
3176.0,4,13,17,12,46,4,113
3177.0,4,14,14,10,42,4,113
3178.0,4,15,11,8,38,4,113
3179.0,4,15,8,6,33,4,113
3180.0,4,17,5,4,30,4,113
3181.0,4,19,2,2,27,4,113
3182.0,4,18,0,1,23,4,113
3183.0,4,20,0,0,24,4,113
3184.0,4,21,0,0,25,4,113
3185.0,5,22,0,0,27,4,113
3186.0,5,23,1,1,30,4,113
3187.0,5,23,2,0,30,4,113
3188.0,5,23,2,1,31,4,113
3189.0,6,24,3,0,33,4,113
3190.0,5,24,4,0,33,4,113
3191.0,5,25,4,0,34,4,113
3192.0,6,25,5,0,36,4,113
3193.0,5,25,5,1,36,4,113
3194.0,5,25,5,0,35,4,113
3195.0,6,25,5,1,37,4,113
3196.0,5,25,5,0,35,4,113
3197.0,5,25,5,0,35,4,113
3198.0,5,25,5,1,36,4,113
3199.0,5,25,5,0,35,4,113
3200.0,5,25,5,0,35,4,113
3201.0,5,25,5,1,36,4,113
3202.0,5,25,4,0,34,4,113
3203.0,5,25,4,0,34,4,113
3204.0,6,25,5,1,37,4,113
3205.0,5,25,5,0,35,4,113
3206.0,5,25,5,0,35,4,113
3207.0,7,25,5,1,38,4,113
3208.0,6,25,5,0,36,4,113
3209.0,6,25,4,0,35,4,113
3210.0,7,25,3,0,35,4,113
3211.0,7,25,2,0,34,4,113
3212.0,7,25,1,0,33,4,113
3213.0,7,25,0,0,32,4,113
3214.0,7,25,0,1,33,4,113
3215.0,8,25,0,0,33,4,113
3216.0,7,25,0,0,32,4,113
3217.0,7,25,0,0,32,4,113
3218.0,7,25,1,0,33,5,113
3219.0,8,25,1,0,34,5,113
3220.0,8,25,3,0,36,5,113
3221.0,7,23,2,2,34,0,114
3222.0,6,21,3,1,31,0,114
3223.0,6,20,3,2,31,0,114
3224.0,5,19,2,2,28,0,114
3225.0,4,17,3,2,26,0,114
3226.0,3,14,3,2,22,0,114
3227.0,3,12,5,2,22,0,114
3228.0,2,10,8,2,22,0,114
3229.0,3,9,7,2,21,0,114
3230.0,1,9,8,2,20,0,114
3231.0,1,9,11,2,23,0,114
3232.0,1,9,10,3,23,0,114
3233.0,1,9,10,4,24,0,114
3234.0,2,9,11,4,26,0,114
3235.0,1,10,13,4,28,0,114
3236.0,1,9,14,3,27,0,114
3237.0,1,10,14,3,28,0,114
3238.0,2,7,14,3,26,0,114
3239.0,2,6,14,3,25,0,114
3240.0,2,6,14,5,27,0,114
3241.0,2,5,14,5,26,0,114
3242.0,2,4,15,4,25,1,114
3243.0,2,3,16,4,25,1,114
3244.0,2,7,19,4,32,1,114
3245.0,1,6,19,4,30,2,115
3246.0,1,6,19,5,31,2,115
3247.0,1,7,22,5,35,2,115
3248.0,1,7,22,5,35,2,115
3249.0,1,8,22,5,36,2,115
3250.0,1,8,23,7,39,2,115
3251.0,1,7,23,7,38,2,115
3252.0,2,7,23,7,39,2,115
3253.0,2,6,23,7,38,2,115
3254.0,2,5,25,7,39,2,115
3255.0,2,7,26,7,42,2,115
3256.0,2,7,26,7,42,2,115
3257.0,2,10,26,7,45,2,115
3258.0,3,10,26,8,47,2,115
3259.0,2,8,26,9,45,2,115
3260.0,2,6,26,9,43,2,115
3261.0,2,7,26,9,44,2,115
3262.0,2,7,26,9,44,2,115
3263.0,2,6,26,9,43,2,115
3264.0,2,9,26,10,47,2,115
3265.0,2,7,26,9,44,2,115
3266.0,2,8,26,9,45,2,115
3267.0,2,10,26,11,49,2,115
3268.0,2,9,26,10,47,2,115
3269.0,3,8,26,10,47,2,115
3270.0,2,7,26,11,46,2,115
3271.0,2,8,26,10,46,2,115
3272.0,2,8,26,11,47,2,115
3273.0,2,9,26,11,48,2,115
3274.0,2,9,26,11,48,2,115
3275.0,2,8,26,11,47,2,115
3276.0,2,8,26,12,48,2,115
3277.0,2,8,26,13,49,2,115
3278.0,3,8,26,13,50,2,115
3279.0,3,10,26,13,52,2,115
3280.0,3,8,26,13,50,2,115
3281.0,4,9,26,14,53,2,115
3282.0,3,10,26,14,53,2,115
3283.0,3,10,26,15,54,2,115
3284.0,3,9,26,15,53,2,115
3285.0,3,11,26,15,55,2,115
3286.0,4,12,26,15,57,2,115
3287.0,3,10,26,15,54,2,115
3288.0,3,11,26,15,55,3,115
3289.0,3,12,26,15,56,3,115
3290.0,4,11,26,16,57,3,115
3291.0,4,10,23,13,50,4,116
3292.0,4,13,20,10,47,4,116
3293.0,5,11,17,10,43,4,116
3294.0,4,13,14,8,39,4,116
3295.0,4,13,11,5,33,4,116
3296.0,5,14,8,4,31,4,116
3297.0,5,14,5,2,26,4,116
3298.0,5,16,2,0,23,4,116
3299.0,5,16,0,0,21,4,116
3300.0,6,16,0,1,23,4,116
3301.0,5,16,0,0,21,4,116
3302.0,5,17,0,0,22,4,116
3303.0,7,18,2,1,28,4,116
3304.0,6,19,2,2,29,4,116
3305.0,6,20,2,2,30,4,116
3306.0,8,21,2,2,33,4,116
3307.0,7,24,4,2,37,4,116
3308.0,7,23,5,2,37,4,116
3309.0,9,23,4,2,38,4,116
3310.0,8,23,5,1,37,4,116
3311.0,8,24,6,1,39,4,116
3312.0,9,24,6,1,40,4,116
3313.0,8,25,6,1,40,4,116
3314.0,8,24,6,2,40,4,116
3315.0,9,25,6,2,42,4,116
3316.0,10,25,6,1,42,4,116
3317.0,10,25,6,0,41,4,116
3318.0,10,25,5,0,40,4,116
3319.0,11,25,4,0,40,4,116
3320.0,11,25,3,0,39,4,116
3321.0,11,25,2,0,38,4,116
3322.0,11,25,2,0,38,4,116
3323.0,11,25,1,0,37,4,116
3324.0,11,25,1,0,37,4,116
3325.0,14,25,0,0,39,4,116
3326.0,14,25,0,0,39,4,116
3327.0,14,25,1,0,40,4,116
3328.0,15,25,0,0,40,4,116
3329.0,15,25,0,0,40,4,116
3330.0,15,25,1,1,42,4,116
3331.0,16,25,0,0,41,4,116
3332.0,15,25,0,0,40,4,116
3333.0,15,25,1,0,41,4,116
3334.0,16,25,0,0,41,4,116
3335.0,15,25,0,0,40,5,116
3336.0,15,25,1,1,42,5,116
3337.0,15,25,1,0,41,5,116
3338.0,12,23,2,0,37,0,117
3339.0,10,21,2,0,33,0,117
3340.0,10,19,3,0,32,0,117
3341.0,9,17,4,1,31,0,117
3342.0,8,15,5,1,29,0,117
3343.0,8,13,6,1,28,0,117
3344.0,7,11,5,1,24,0,117
3345.0,6,10,6,1,23,0,117
3346.0,5,9,8,1,23,0,117
3347.0,4,9,7,1,21,0,117
3348.0,3,9,8,3,23,0,117
3349.0,2,9,10,2,23,0,117
3350.0,3,9,10,2,24,0,117
3351.0,3,9,11,2,25,0,117
3352.0,1,9,11,2,23,0,117
3353.0,2,10,12,4,28,0,117
3354.0,1,10,13,4,28,0,117
3355.0,1,10,13,3,27,0,117
3356.0,2,10,14,3,29,0,117
3357.0,1,10,14,4,29,0,117
3358.0,2,10,15,5,32,0,117
3359.0,1,11,16,5,33,1,117
3360.0,1,11,16,5,33,1,117
3361.0,3,11,19,5,38,1,117
3362.0,1,12,18,5,36,2,118
3363.0,1,11,19,5,36,2,118
3364.0,2,9,21,6,38,2,118
3365.0,2,8,20,6,36,2,118
3366.0,3,9,19,7,38,2,118
3367.0,4,7,19,6,36,2,118
3368.0,4,5,21,7,37,2,118
3369.0,5,8,22,7,42,2,118
3370.0,5,5,22,7,39,2,118
3371.0,6,7,22,7,42,2,118
3372.0,6,7,22,7,42,2,118
3373.0,7,6,23,7,43,2,118
3374.0,7,7,23,7,44,2,118
3375.0,8,8,23,7,46,2,118
3376.0,8,8,23,8,47,2,118
3377.0,9,7,24,8,48,3,118
3378.0,9,9,24,8,50,3,118
3379.0,9,11,24,8,52,3,118
3380.0,9,10,22,6,47,4,119
3381.0,9,11,19,3,42,4,119
3382.0,9,13,16,1,39,4,119
3383.0,9,13,13,0,35,4,119
3384.0,10,17,10,0,37,4,119
3385.0,10,16,7,0,33,4,119
3386.0,10,19,4,0,33,4,119
3387.0,10,20,1,0,31,4,119
3388.0,10,21,0,0,31,4,119
3389.0,10,23,0,0,33,4,119
3390.0,10,24,0,0,34,4,119
3391.0,10,23,0,0,33,4,119
3392.0,10,22,1,1,34,4,119
3393.0,10,19,1,0,30,4,119
3394.0,10,18,1,0,29,4,119
3395.0,10,19,1,1,31,4,119
3396.0,10,21,1,0,32,4,119
3397.0,10,21,1,0,32,4,119
3398.0,10,22,0,0,32,4,119
3399.0,10,23,0,0,33,4,119
3400.0,10,24,1,0,35,4,119
3401.0,10,22,0,0,32,4,119
3402.0,10,21,0,0,31,4,119
3403.0,10,20,0,0,30,4,119
3404.0,10,20,0,0,30,4,119
3405.0,10,20,0,0,30,4,119
3406.0,10,21,1,0,32,4,119
3407.0,10,22,0,0,32,4,119
3408.0,10,23,0,0,33,4,119
3409.0,10,23,1,0,34,4,119
3410.0,10,21,0,0,31,4,119
3411.0,10,20,0,0,30,4,119
3412.0,10,20,2,0,32,4,119
3413.0,10,22,1,0,33,4,119
3414.0,10,21,0,0,31,4,119
3415.0,10,22,1,0,33,4,119
3416.0,10,25,0,0,35,4,119
3417.0,10,26,0,0,36,4,119
3418.0,11,25,0,0,36,4,119
3419.0,10,25,0,0,35,4,119
3420.0,10,25,0,0,35,4,119
3421.0,10,25,1,0,36,4,119
3422.0,10,26,2,0,38,4,119
3423.0,10,26,2,0,38,4,119
3424.0,10,26,2,0,38,5,119
3425.0,10,26,1,0,37,5,119
3426.0,10,26,1,0,37,5,119
3427.0,9,24,0,0,33,0,120
3428.0,8,22,0,0,30,0,120
3429.0,8,20,1,1,30,0,120
3430.0,6,20,2,1,29,0,120
3431.0,5,18,2,2,27,0,120
3432.0,4,18,2,1,25,0,120
3433.0,3,17,4,1,25,0,120
3434.0,3,16,4,1,24,0,120
3435.0,1,15,4,2,22,0,120
3436.0,2,15,5,2,24,0,120
3437.0,1,15,5,3,24,0,120
3438.0,1,15,5,3,24,0,120
3439.0,1,15,5,3,24,0,120
3440.0,1,15,6,3,25,0,120
3441.0,1,15,7,3,26,0,120
3442.0,1,15,8,4,28,0,120
3443.0,1,15,7,4,27,0,120
3444.0,2,15,8,5,30,0,120
3445.0,1,15,10,6,32,0,120
3446.0,1,15,10,5,31,0,120
3447.0,1,15,11,5,32,0,120
3448.0,1,16,11,7,35,1,120
3449.0,1,15,10,7,33,1,120
3450.0,1,15,10,7,33,1,120
3451.0,1,14,11,7,33,2,121
3452.0,1,13,13,8,35,2,121
3453.0,3,12,13,8,36,2,121
3454.0,3,13,14,9,39,2,121
3455.0,3,10,15,10,38,2,121
3456.0,4,10,15,9,38,2,121
3457.0,4,10,18,9,41,2,121
3458.0,4,9,18,9,40,2,121
3459.0,4,11,18,9,42,2,121
3460.0,4,12,19,10,45,2,121
3461.0,4,11,19,10,44,2,121
3462.0,4,11,19,11,45,2,121
3463.0,4,10,19,13,46,2,121
3464.0,5,9,19,12,45,2,121
3465.0,5,8,19,12,44,2,121
3466.0,6,7,19,12,44,2,121
3467.0,5,6,19,12,42,2,121
3468.0,5,8,19,14,46,2,121
3469.0,5,8,19,13,45,2,121
3470.0,5,7,20,13,45,2,121
3471.0,6,8,20,14,48,2,121
3472.0,5,6,20,14,45,2,121
3473.0,5,6,21,14,46,2,121
3474.0,5,8,22,14,49,2,121
3475.0,7,8,22,15,52,2,121
3476.0,6,8,22,15,51,2,121
3477.0,6,9,23,15,53,2,121
3478.0,6,9,23,16,54,2,121
3479.0,7,9,24,15,55,2,121
3480.0,7,10,24,15,56,2,121
3481.0,7,12,24,16,59,2,121
3482.0,7,11,24,17,59,2,121
3483.0,7,11,24,17,59,2,121
3484.0,7,14,24,17,62,2,121
3485.0,7,16,24,17,64,2,121
3486.0,7,14,24,17,62,2,121
3487.0,7,16,24,17,64,2,121
3488.0,7,14,24,17,62,2,121
3489.0,7,16,24,16,63,2,121
3490.0,7,17,24,17,65,2,121
3491.0,7,14,24,16,61,2,121
3492.0,7,16,24,16,63,2,121
3493.0,8,17,24,18,67,2,121
3494.0,7,14,24,18,63,3,121
3495.0,7,15,24,19,65,3,121
3496.0,8,17,24,18,67,3,121
3497.0,7,15,21,16,59,4,122
3498.0,8,18,19,14,59,4,122
3499.0,9,18,16,12,55,4,122
3500.0,8,20,14,10,52,4,122
3501.0,8,17,11,8,44,4,122
3502.0,8,18,8,6,40,4,122
3503.0,8,19,5,4,36,4,122
3504.0,8,20,2,2,32,4,122
3505.0,8,22,0,3,33,4,122
3506.0,8,21,0,4,33,4,122
3507.0,8,23,0,2,33,4,122
3508.0,8,24,0,3,35,4,122
3509.0,8,25,1,2,36,4,122
3510.0,8,26,2,2,38,4,122
3511.0,8,26,3,2,39,4,122
3512.0,8,27,3,2,40,4,122
3513.0,9,27,4,3,43,4,122
3514.0,8,27,5,1,41,4,122
3515.0,9,27,5,0,41,4,122
3516.0,10,27,5,0,42,4,122
3517.0,9,27,5,0,41,4,122
3518.0,10,27,5,0,42,4,122
3519.0,11,27,5,0,43,4,122
3520.0,11,27,4,0,42,4,122
3521.0,11,27,4,0,42,4,122
3522.0,11,27,4,1,43,4,122
3523.0,12,27,4,1,44,4,122
3524.0,11,27,4,0,42,4,122
3525.0,11,27,4,0,42,4,122
3526.0,12,27,4,0,43,4,122
3527.0,11,27,5,0,43,4,122
3528.0,11,27,4,0,42,4,122
3529.0,12,27,4,1,44,4,122
3530.0,11,27,5,0,43,4,122
3531.0,12,27,5,0,44,4,122
3532.0,12,27,6,1,46,4,122
3533.0,13,27,4,0,44,4,122
3534.0,12,27,3,0,42,4,122
3535.0,12,27,3,1,43,4,122
3536.0,13,27,1,0,41,4,122
3537.0,13,27,2,0,42,4,122
3538.0,13,27,1,1,42,4,122
3539.0,13,27,2,0,42,4,122
3540.0,14,27,3,0,44,4,122
3541.0,14,27,3,1,45,5,122
3542.0,14,27,2,0,43,5,122
3543.0,14,27,2,0,43,5,122
3544.0,12,25,1,1,39,0,123
3545.0,10,23,4,0,37,0,123
3546.0,8,21,2,1,32,0,123
3547.0,7,19,4,1,31,0,123
3548.0,6,17,5,1,29,0,123
3549.0,5,15,6,1,27,0,123
3550.0,4,14,7,1,26,0,123
3551.0,4,12,7,2,25,0,123
3552.0,2,11,8,3,24,0,123
3553.0,1,10,9,2,22,0,123
3554.0,2,10,9,3,24,0,123
3555.0,1,10,9,3,23,0,123
3556.0,1,10,10,4,25,0,123
3557.0,1,9,9,4,23,0,123
3558.0,1,9,8,5,23,0,123
3559.0,2,9,9,5,25,0,123
3560.0,1,9,8,6,24,0,123
3561.0,1,9,8,5,23,0,123
3562.0,2,10,9,5,26,0,123
3563.0,1,10,9,6,26,0,123
3564.0,1,11,11,5,28,0,123
3565.0,1,11,13,5,30,1,123
3566.0,1,12,13,6,32,1,123
3567.0,1,11,14,5,31,1,123
3568.0,1,11,17,5,34,2,124
3569.0,2,11,17,6,36,2,124
3570.0,2,10,18,7,37,2,124
3571.0,3,10,18,7,38,2,124
3572.0,3,10,20,7,40,2,124
3573.0,3,8,20,7,38,3,124
3574.0,3,8,21,9,41,3,124
3575.0,3,9,21,10,43,3,124
3576.0,3,12,18,6,39,4,125
3577.0,3,15,17,4,39,4,125
3578.0,3,14,15,2,34,4,125
3579.0,5,15,12,0,32,4,125
3580.0,5,17,10,1,33,4,125
3581.0,5,16,7,0,28,4,125
3582.0,6,15,6,0,27,4,125
3583.0,7,18,1,0,26,4,125
3584.0,6,18,0,1,25,4,125
3585.0,6,19,0,0,25,4,125
3586.0,6,18,0,0,24,4,125
3587.0,6,17,0,0,23,4,125
3588.0,7,19,0,0,26,4,125
3589.0,6,20,1,0,27,4,125
3590.0,7,22,1,1,31,4,125
3591.0,7,22,2,0,31,4,125
3592.0,7,22,3,0,32,4,125
3593.0,7,23,5,1,36,4,125
3594.0,7,23,4,0,34,4,125
3595.0,7,20,4,0,31,4,125
3596.0,7,20,5,0,32,4,125
3597.0,7,21,4,0,32,4,125
3598.0,7,23,5,1,36,4,125
3599.0,7,23,5,0,35,4,125
3600.0,8,24,5,0,37,4,125
3601.0,7,24,6,0,37,4,125
3602.0,8,24,7,0,39,4,125
3603.0,8,24,9,0,41,4,125
3604.0,8,24,8,0,40,4,125
3605.0,8,22,8,0,38,4,125
3606.0,8,22,9,0,39,4,125
3607.0,8,23,8,0,39,4,125
3608.0,9,24,8,0,41,4,125
3609.0,9,24,9,0,42,4,125
3610.0,9,24,9,0,42,4,125
3611.0,9,24,7,0,40,4,125
3612.0,9,24,6,0,39,4,125
3613.0,9,24,5,0,38,4,125
3614.0,9,24,4,0,37,4,125
3615.0,9,24,3,0,36,4,125
3616.0,9,24,2,0,35,4,125
3617.0,10,22,1,0,33,4,125
3618.0,10,22,0,0,32,4,125
3619.0,10,24,0,0,34,4,125
3620.0,10,24,0,0,34,5,125
3621.0,10,24,0,0,34,5,125
3622.0,10,24,1,0,35,5,125
3623.0,8,23,1,1,33,0,126
3624.0,7,22,2,1,32,0,126
3625.0,6,21,4,1,32,0,126
3626.0,5,20,4,1,30,0,126
3627.0,4,19,4,1,28,0,126
3628.0,3,16,4,1,24,0,126
3629.0,2,14,5,1,22,0,126
3630.0,1,15,6,2,24,0,126
3631.0,0,17,7,2,26,0,126
3632.0,0,17,7,2,26,0,126
3633.0,0,18,7,2,27,0,126
3634.0,0,18,7,2,27,0,126
3635.0,0,18,8,2,28,0,126
3636.0,0,18,8,2,28,0,126
3637.0,0,17,8,2,27,0,126
3638.0,0,16,8,2,26,0,126
3639.0,0,16,9,2,27,0,126
3640.0,0,16,9,2,27,0,126
3641.0,0,17,9,2,28,0,126
3642.0,0,17,9,2,28,0,126
3643.0,0,17,9,2,28,0,126
3644.0,0,18,9,2,29,1,126
3645.0,0,18,9,2,29,1,126
3646.0,0,19,9,2,30,1,126
3647.0,1,18,11,2,32,2,127
3648.0,1,17,11,2,31,2,127
3649.0,1,17,11,2,31,2,127
3650.0,1,16,11,2,30,2,127
3651.0,1,14,11,2,28,2,127
3652.0,1,15,12,2,30,3,127
3653.0,1,14,12,2,29,3,127
3654.0,1,12,13,2,28,3,127
3655.0,1,13,10,0,24,4,128
3656.0,1,13,7,0,21,4,128
3657.0,1,14,4,0,19,4,128
3658.0,1,17,3,0,21,4,128
3659.0,1,17,2,0,20,4,128
3660.0,1,17,1,0,19,4,128
3661.0,1,17,0,0,18,4,128
3662.0,1,17,0,0,18,4,128
3663.0,1,15,0,0,16,4,128
3664.0,1,15,0,0,16,4,128
3665.0,1,14,0,0,15,4,128
3666.0,1,16,0,0,17,4,128
3667.0,1,17,0,0,18,4,128
3668.0,1,16,0,0,17,4,128
3669.0,1,17,0,0,18,4,128
3670.0,1,16,0,0,17,4,128
3671.0,1,16,0,0,17,4,128
3672.0,1,15,0,0,16,4,128
3673.0,1,15,0,0,16,4,128
3674.0,1,16,1,0,18,5,128
3675.0,1,15,1,0,17,5,128
3676.0,1,14,1,0,16,5,128
3677.0,0,14,1,0,15,0,129
3678.0,0,16,1,0,17,0,129
3679.0,0,16,1,0,17,0,129
3680.0,0,14,1,0,15,0,129
3681.0,0,13,1,0,14,0,129
3682.0,0,12,1,0,13,1,129
3683.0,0,15,1,0,16,1,129
3684.0,0,14,1,0,15,1,129
3685.0,0,13,1,0,14,2,130
3686.0,0,13,1,0,14,2,130
3687.0,0,15,1,0,16,2,130
3688.0,0,12,1,0,13,2,130
3689.0,0,11,1,0,12,2,130
3690.0,0,9,1,0,10,2,130
3691.0,0,8,1,0,9,2,130
3692.0,0,6,1,0,7,3,130
3693.0,0,7,1,0,8,3,130
3694.0,0,9,1,0,10,3,130
3695.0,0,9,0,0,9,4,131
3696.0,0,9,0,0,9,4,131
3697.0,0,11,0,0,11,4,131
3698.0,0,11,0,0,11,4,131
3699.0,0,12,0,0,12,4,131
3700.0,0,16,0,0,16,5,131
3701.0,0,15,0,0,15,5,131
3702.0,0,14,0,0,14,5,131
3703.0,0,15,0,0,15,0,132
3704.0,0,12,0,0,12,0,132
3705.0,0,11,0,0,11,0,132
3706.0,0,11,0,0,11,0,132
3707.0,0,9,0,0,9,0,132
3708.0,0,13,0,0,13,0,132
3709.0,0,14,0,0,14,1,132
3710.0,0,14,0,0,14,1,132
3711.0,0,16,0,0,16,1,132
3712.0,0,15,0,0,15,2,133
3713.0,0,13,0,0,13,2,133
3714.0,0,14,0,0,14,2,133
3715.0,0,12,1,0,13,2,133
3716.0,0,10,1,0,11,2,133
3717.0,0,8,1,0,9,3,133
3718.0,0,5,1,0,6,3,133
3719.0,0,8,1,0,9,3,133
3720.0,0,9,0,0,9,4,134
3721.0,0,8,0,0,8,4,134
3722.0,0,9,0,0,9,4,134
3723.0,0,10,0,0,10,4,134
3724.0,0,13,0,0,13,4,134
3725.0,0,14,0,0,14,5,134
3726.0,0,14,0,0,14,5,134
3727.0,0,14,0,0,14,5,134
3728.0,0,14,0,0,14,0,135
3729.0,0,14,0,0,14,0,135
3730.0,0,13,0,0,13,0,135
3731.0,0,14,0,0,14,0,135
3732.0,0,10,0,0,10,0,135
3733.0,0,9,0,0,9,1,135
3734.0,0,9,0,0,9,1,135
3735.0,0,7,0,0,7,1,135
3736.0,0,8,0,0,8,2,136
3737.0,0,8,0,0,8,2,136
3738.0,0,6,0,0,6,2,136
3739.0,0,8,0,0,8,2,136
3740.0,0,9,0,0,9,2,136
3741.0,0,8,0,0,8,2,136
3742.0,0,6,0,0,6,2,136
3743.0,0,8,0,0,8,2,136
3744.0,0,7,0,0,7,2,136
3745.0,0,6,0,0,6,2,136
3746.0,0,7,0,0,7,2,136
3747.0,0,5,0,0,5,2,136
3748.0,0,8,0,0,8,2,136
3749.0,0,7,0,0,7,2,136
3750.0,0,8,0,0,8,2,136
3751.0,0,8,0,0,8,2,136
3752.0,0,6,1,0,7,2,136
3753.0,0,5,1,0,6,2,136
3754.0,0,4,1,0,5,2,136
3755.0,0,5,1,0,6,2,136
3756.0,0,4,1,0,5,2,136
3757.0,0,3,1,0,4,2,136
3758.0,0,3,1,0,4,2,136
3759.0,0,2,1,0,3,2,136
3760.0,0,1,1,0,2,2,136
3761.0,0,3,1,0,4,2,136
3762.0,0,3,1,0,4,2,136
3763.0,0,2,1,0,3,2,136
3764.0,0,3,1,0,4,2,136
3765.0,0,2,1,0,3,2,136
3766.0,0,2,1,0,3,2,136
3767.0,0,5,1,0,6,2,136
3768.0,0,4,1,0,5,2,136
3769.0,0,4,1,0,5,2,136
3770.0,0,5,1,0,6,2,136
3771.0,0,5,1,0,6,2,136
3772.0,0,3,1,0,4,2,136
3773.0,0,4,1,0,5,2,136
3774.0,0,2,1,0,3,2,136
3775.0,0,3,1,0,4,2,136
3776.0,0,4,1,0,5,2,136
3777.0,0,5,1,0,6,2,136
3778.0,0,2,1,0,3,2,136
3779.0,0,2,1,0,3,3,136
3780.0,0,3,1,0,4,3,136
3781.0,0,2,1,0,3,3,136
3782.0,0,2,0,0,2,4,137
3783.0,0,3,0,0,3,4,137
3784.0,0,4,0,0,4,4,137
3785.0,0,3,0,0,3,4,137
3786.0,0,4,0,0,4,4,137
3787.0,0,7,0,0,7,5,137
3788.0,0,7,0,0,7,5,137
3789.0,0,8,0,0,8,5,137
3790.0,0,11,0,0,11,0,138
3791.0,0,8,0,0,8,0,138
3792.0,0,11,0,0,11,0,138
3793.0,0,11,1,0,12,0,138
3794.0,0,11,1,0,12,0,138
3795.0,0,11,1,0,12,0,138
3796.0,0,11,1,0,12,0,138
3797.0,0,11,1,0,12,0,138
3798.0,0,11,1,0,12,0,138
3799.0,0,11,1,0,12,0,138
3800.0,0,10,1,0,11,0,138
3801.0,0,9,1,0,10,0,138
3802.0,0,8,1,0,9,1,138
3803.0,0,9,1,0,10,1,138
3804.0,0,9,1,0,10,1,138
3805.0,0,9,1,0,10,2,139
3806.0,0,9,1,0,10,2,139
3807.0,0,8,1,0,9,2,139
3808.0,0,9,1,0,10,2,139
3809.0,0,9,2,0,11,2,139
3810.0,0,8,2,0,10,3,139
3811.0,0,6,2,0,8,3,139
3812.0,0,7,2,0,9,3,139
3813.0,0,8,2,0,10,4,140
3814.0,0,9,1,0,10,4,140
3815.0,0,11,0,0,11,4,140
3816.0,0,11,0,0,11,4,140
3817.0,0,11,0,0,11,4,140
3818.0,0,11,0,0,11,4,140
3819.0,0,13,0,0,13,4,140
3820.0,0,11,0,0,11,4,140
3821.0,0,12,0,0,12,4,140
3822.0,0,14,0,0,14,4,140
3823.0,0,14,0,0,14,4,140
3824.0,0,13,0,0,13,4,140
3825.0,0,14,0,0,14,4,140
3826.0,0,13,0,0,13,4,140
3827.0,0,15,0,0,15,4,140
3828.0,0,15,0,0,15,4,140
3829.0,0,15,0,0,15,4,140
3830.0,0,17,0,0,17,4,140
3831.0,0,18,0,0,18,4,140
3832.0,0,17,0,0,17,4,140
3833.0,0,18,0,0,18,5,140
3834.0,0,19,0,0,19,5,140
3835.0,0,19,0,0,19,5,140
3836.0,0,18,0,0,18,0,141
3837.0,0,18,0,0,18,0,141
3838.0,0,18,0,0,18,0,141
3839.0,0,18,0,0,18,0,141
3840.0,0,18,0,0,18,0,141
3841.0,0,18,0,0,18,1,141
3842.0,0,18,0,0,18,1,141
3843.0,0,18,0,0,18,1,141
3844.0,0,17,0,0,17,2,142
3845.0,0,16,0,0,16,2,142
3846.0,0,14,0,0,14,2,142
3847.0,0,12,0,0,12,2,142
3848.0,0,12,0,0,12,2,142
3849.0,0,12,0,0,12,2,142
3850.0,0,11,0,0,11,2,142
3851.0,0,9,0,0,9,2,142
3852.0,0,8,0,0,8,2,142
3853.0,0,8,0,0,8,2,142
3854.0,0,9,1,0,10,2,142
3855.0,0,10,1,0,11,2,142
3856.0,0,9,1,0,10,2,142
3857.0,0,8,1,0,9,2,142
3858.0,0,7,1,0,8,2,142
3859.0,0,8,1,0,9,2,142
3860.0,0,6,1,0,7,2,142
3861.0,0,5,1,0,6,2,142
3862.0,0,6,1,0,7,2,142
3863.0,0,5,1,0,6,2,142
3864.0,0,6,1,0,7,2,142
3865.0,0,5,1,0,6,2,142
3866.0,0,5,1,0,6,2,142
3867.0,0,1,1,0,2,2,142
3868.0,0,3,1,0,4,2,142
3869.0,0,1,1,0,2,2,142
3870.0,0,1,1,0,2,2,142
3871.0,0,1,1,0,2,2,142
3872.0,0,2,1,0,3,2,142
3873.0,0,1,1,0,2,2,142
3874.0,0,1,1,0,2,2,142
3875.0,0,2,1,0,3,2,142
3876.0,0,1,1,0,2,2,142
3877.0,0,0,1,0,1,2,142
3878.0,0,2,1,0,3,2,142
3879.0,0,2,1,0,3,2,142
3880.0,0,1,1,0,2,2,142
3881.0,0,2,1,0,3,2,142
3882.0,0,2,1,0,3,2,142
3883.0,0,3,1,0,4,2,142
3884.0,0,2,1,0,3,2,142
3885.0,0,3,1,0,4,2,142
3886.0,0,2,1,0,3,2,142
3887.0,0,3,1,0,4,3,142
3888.0,0,5,1,0,6,3,142
3889.0,0,4,1,0,5,3,142
3890.0,0,3,1,0,4,4,143
3891.0,0,5,0,0,5,4,143
3892.0,0,6,0,0,6,4,143
3893.0,0,6,0,0,6,4,143
3894.0,0,6,0,0,6,4,143
3895.0,0,7,0,0,7,4,143
3896.0,0,9,0,0,9,4,143
3897.0,0,9,0,0,9,4,143
3898.0,0,10,0,0,10,4,143
3899.0,0,12,0,0,12,4,143
3900.0,0,14,0,0,14,4,143
3901.0,0,12,0,0,12,4,143
3902.0,0,13,0,0,13,5,143
3903.0,0,14,0,0,14,5,143
3904.0,0,14,0,0,14,5,143
3905.0,0,13,0,0,13,0,144
3906.0,0,13,0,0,13,0,144
3907.0,0,12,1,0,13,0,144
3908.0,0,10,1,0,11,0,144
3909.0,0,10,1,0,11,0,144
3910.0,0,11,1,0,12,0,144
3911.0,0,11,1,0,12,0,144
3912.0,0,10,1,0,11,0,144
3913.0,0,13,1,0,14,0,144
3914.0,0,12,1,0,13,0,144
3915.0,0,13,2,0,15,0,144
3916.0,0,15,2,0,17,0,144
3917.0,0,12,2,0,14,0,144
3918.0,0,15,2,0,17,0,144
3919.0,0,15,2,0,17,0,144
3920.0,0,16,2,0,18,0,144
3921.0,0,15,2,0,17,0,144
3922.0,0,17,2,0,19,0,144
3923.0,0,17,2,0,19,0,144
3924.0,0,16,2,0,18,0,144
3925.0,0,18,2,0,20,0,144
3926.0,0,17,2,0,19,1,144
3927.0,0,17,2,0,19,1,144
3928.0,0,18,2,0,20,1,144
3929.0,0,14,2,0,16,2,145
3930.0,0,15,2,0,17,2,145
3931.0,0,12,2,0,14,2,145
3932.0,0,10,2,0,12,2,145
3933.0,0,10,2,0,12,2,145
3934.0,0,12,3,0,15,2,145
3935.0,0,11,3,0,14,2,145
3936.0,0,9,3,0,12,2,145
3937.0,0,9,3,0,12,2,145
3938.0,0,11,4,0,15,2,145
3939.0,0,9,4,0,13,2,145
3940.0,0,12,4,0,16,2,145
3941.0,0,13,4,0,17,2,145
3942.0,0,13,4,0,17,2,145
3943.0,0,13,4,0,17,2,145
3944.0,0,13,4,0,17,2,145
3945.0,0,14,4,0,18,2,145
3946.0,0,13,4,0,17,2,145
3947.0,0,12,4,0,16,3,145
3948.0,0,11,4,0,15,3,145
3949.0,0,13,4,0,17,3,145
3950.0,0,11,3,0,14,4,146
3951.0,0,11,2,0,13,4,146
3952.0,0,12,1,0,13,4,146
3953.0,0,13,0,0,13,4,146
3954.0,0,17,0,0,17,4,146
3955.0,0,19,0,0,19,4,146
3956.0,0,19,0,0,19,4,146
3957.0,0,19,0,0,19,4,146
3958.0,0,18,0,0,18,5,146
3959.0,0,19,0,0,19,5,146
3960.0,0,19,0,0,19,5,146
3961.0,0,17,0,0,17,0,147
3962.0,0,12,0,0,12,0,147
3963.0,0,10,0,0,10,0,147
3964.0,0,9,0,0,9,0,147
3965.0,0,11,0,0,11,0,147
3966.0,0,11,0,0,11,0,147
3967.0,0,12,0,0,12,0,147
3968.0,0,11,0,0,11,1,147
3969.0,0,11,0,0,11,1,147
3970.0,0,12,0,0,12,1,147
3971.0,0,9,0,0,9,2,148
3972.0,0,9,0,0,9,2,148
3973.0,0,9,0,0,9,2,148
3974.0,0,9,0,0,9,2,148
3975.0,0,9,0,0,9,2,148
3976.0,0,8,1,0,9,2,148
3977.0,0,6,1,0,7,2,148
3978.0,0,6,1,0,7,2,148
3979.0,0,6,1,0,7,2,148
3980.0,0,7,1,0,8,2,148
3981.0,0,5,1,0,6,2,148
3982.0,0,3,1,0,4,2,148
3983.0,0,1,1,0,2,2,148
3984.0,0,0,2,0,2,2,148
3985.0,0,1,2,0,3,2,148
3986.0,0,2,2,0,4,2,148
3987.0,0,1,2,0,3,2,148
3988.0,0,1,2,0,3,2,148
3989.0,0,3,2,0,5,2,148
3990.0,0,2,2,0,4,2,148
3991.0,0,1,2,0,3,2,148
3992.0,0,2,2,0,4,2,148
3993.0,0,2,2,0,4,2,148
3994.0,0,2,2,0,4,2,148
3995.0,0,3,2,0,5,2,148
3996.0,0,3,2,0,5,2,148
3997.0,0,4,2,0,6,2,148
3998.0,0,3,2,0,5,2,148
3999.0,0,5,2,0,7,2,148
4000.0,0,4,2,0,6,2,148
4001.0,0,5,2,0,7,2,148
4002.0,0,6,2,0,8,2,148
4003.0,0,6,2,0,8,2,148
4004.0,0,5,2,0,7,2,148
4005.0,0,8,2,0,10,2,148
4006.0,0,6,2,0,8,2,148
4007.0,0,7,2,0,9,2,148
4008.0,0,6,2,0,8,2,148
4009.0,0,7,2,0,9,2,148
4010.0,0,7,2,0,9,2,148
4011.0,0,6,2,0,8,2,148
4012.0,0,7,2,0,9,2,148
4013.0,0,7,2,0,9,2,148
4014.0,0,7,2,0,9,3,148
4015.0,0,6,2,0,8,3,148
4016.0,0,8,2,0,10,3,148
4017.0,0,6,2,0,8,4,149
4018.0,0,7,1,0,8,4,149
4019.0,0,8,0,0,8,4,149
4020.0,0,9,0,0,9,4,149
4021.0,0,10,0,0,10,4,149
4022.0,0,9,0,0,9,4,149
4023.0,0,10,0,0,10,4,149
4024.0,0,12,0,0,12,4,149
4025.0,0,11,0,0,11,4,149
4026.0,0,12,0,0,12,4,149
4027.0,0,14,0,0,14,4,149
4028.0,0,14,0,0,14,4,149
4029.0,0,14,0,0,14,4,149
4030.0,0,15,0,0,15,4,149
4031.0,0,15,0,0,15,5,149
4032.0,0,15,0,0,15,5,149
4033.0,0,16,0,0,16,5,149
4034.0,0,15,0,0,15,0,150
4035.0,0,14,0,0,14,0,150
4036.0,0,11,0,0,11,0,150
4037.0,0,9,0,0,9,0,150
4038.0,0,9,0,0,9,0,150
4039.0,0,9,1,0,10,0,150
4040.0,0,7,1,0,8,0,150
4041.0,0,7,1,0,8,0,150
4042.0,0,8,1,0,9,0,150
4043.0,0,7,1,0,8,0,150
4044.0,0,7,1,0,8,0,150
4045.0,0,8,1,0,9,0,150
4046.0,0,9,1,0,10,0,150
4047.0,0,9,1,0,10,0,150
4048.0,0,8,2,0,10,0,150
4049.0,0,9,2,0,11,0,150
4050.0,0,11,2,0,13,0,150
4051.0,0,11,2,0,13,0,150
4052.0,0,10,2,0,12,0,150
4053.0,0,12,2,0,14,0,150
4054.0,0,10,2,0,12,0,150
4055.0,0,11,2,0,13,1,150
4056.0,0,11,3,0,14,1,150
4057.0,0,11,3,0,14,1,150
4058.0,0,11,3,0,14,2,151
4059.0,0,12,3,0,15,2,151
4060.0,0,8,3,0,11,2,151
4061.0,0,8,3,0,11,2,151
4062.0,0,8,4,0,12,2,151
4063.0,0,6,4,0,10,2,151
4064.0,0,4,4,0,8,2,151
4065.0,0,5,4,0,9,2,151
4066.0,0,5,4,0,9,2,151
4067.0,0,4,4,0,8,2,151
4068.0,0,7,4,0,11,2,151
4069.0,0,7,4,0,11,3,151
4070.0,0,7,4,0,11,3,151
4071.0,0,7,4,0,11,3,151
4072.0,0,9,3,0,12,4,152
4073.0,0,8,2,0,10,4,152
4074.0,0,9,1,0,10,4,152
4075.0,0,9,0,0,9,4,152
4076.0,0,9,0,0,9,4,152
4077.0,0,12,0,0,12,4,152
4078.0,0,12,0,0,12,4,152
4079.0,0,13,0,0,13,4,152
4080.0,0,14,0,0,14,4,152
4081.0,0,15,0,0,15,5,152
4082.0,0,17,0,0,17,5,152
4083.0,0,19,0,0,19,5,152
4084.0,0,16,0,0,16,0,153
4085.0,0,14,0,0,14,0,153
4086.0,0,13,0,0,13,0,153
4087.0,0,13,0,0,13,0,153
4088.0,0,12,0,0,12,0,153
4089.0,0,11,0,0,11,0,153
4090.0,0,10,0,0,10,0,153
4091.0,0,11,0,0,11,0,153
4092.0,0,10,0,0,10,0,153
4093.0,0,10,0,0,10,0,153
4094.0,0,10,0,0,10,0,153
4095.0,0,10,0,0,10,0,153
4096.0,0,10,0,0,10,0,153
4097.0,0,10,0,0,10,0,153
4098.0,0,10,0,0,10,0,153
4099.0,0,10,0,0,10,0,153
4100.0,0,9,0,0,9,0,153
4101.0,0,9,0,0,9,0,153
4102.0,0,9,0,0,9,0,153
4103.0,0,9,0,0,9,1,153
4104.0,0,9,0,0,9,1,153
4105.0,0,10,0,0,10,1,153
4106.0,0,9,0,0,9,2,154
4107.0,0,8,0,0,8,2,154
4108.0,0,7,0,0,7,2,154
4109.0,0,5,0,0,5,2,154
4110.0,0,5,0,0,5,2,154
4111.0,0,6,0,0,6,2,154
4112.0,0,5,1,0,6,2,154
4113.0,0,3,1,0,4,2,154
4114.0,0,3,1,0,4,2,154
4115.0,0,2,2,0,4,2,154
4116.0,0,2,2,0,4,2,154
4117.0,0,1,2,0,3,2,154
4118.0,0,1,2,0,3,2,154
4119.0,0,1,2,0,3,2,154
4120.0,0,1,2,0,3,2,154
4121.0,0,1,2,0,3,2,154
4122.0,0,1,2,0,3,2,154
4123.0,0,1,2,0,3,2,154
4124.0,0,1,2,0,3,2,154
4125.0,0,1,2,0,3,2,154
4126.0,0,1,2,0,3,2,154
4127.0,0,1,2,0,3,3,154
4128.0,0,1,2,0,3,3,154
4129.0,0,1,2,0,3,3,154
4130.0,0,1,1,0,2,4,155
4131.0,0,1,0,0,1,4,155
4132.0,0,1,0,0,1,4,155
4133.0,0,1,0,0,1,4,155
4134.0,0,1,0,0,1,4,155
4135.0,0,1,0,0,1,5,155
4136.0,0,1,0,0,1,5,155
4137.0,0,1,0,0,1,5,155
4138.0,0,0,0,0,0,0,156
4139.0,0,0,0,0,0,0,156
4140.0,0,0,0,0,0,0,156
4141.0,0,0,0,0,0,0,156
4142.0,0,0,0,0,0,0,156
4143.0,0,0,0,0,0,1,156
4144.0,0,0,0,0,0,1,156
4145.0,0,0,0,0,0,1,156
4146.0,0,0,0,0,0,2,157
4147.0,0,0,0,0,0,2,157
4148.0,0,0,0,0,0,2,157
4149.0,0,0,0,0,0,2,157
4150.0,0,0,1,0,1,2,157
4151.0,0,0,1,0,1,3,157
4152.0,0,0,1,0,1,3,157
4153.0,0,0,1,0,1,3,157
4154.0,0,0,1,0,1,4,158
4155.0,0,0,0,0,0,4,158
4156.0,0,0,0,0,0,4,158
4157.0,0,0,0,0,0,4,158
4158.0,0,0,0,0,0,4,158
4159.0,0,0,0,0,0,4,158
4160.0,0,0,0,0,0,5,158
4161.0,0,0,0,0,0,5,158
4162.0,0,0,0,0,0,5,158
4163.0,0,0,0,0,0,0,159
4164.0,0,0,0,0,0,0,159
4165.0,0,0,0,0,0,0,159
4166.0,0,0,0,0,0,0,159
4167.0,0,0,1,0,1,0,159
4168.0,0,0,2,0,2,1,159
4169.0,0,0,2,0,2,1,159
4170.0,0,0,2,0,2,1,159
4171.0,0,0,2,0,2,2,160
4172.0,0,0,2,0,2,2,160
4173.0,0,0,2,0,2,2,160
4174.0,0,0,2,0,2,2,160
4175.0,0,0,2,0,2,2,160
4176.0,0,0,2,0,2,3,160
4177.0,0,0,2,0,2,3,160
4178.0,0,0,2,0,2,3,160
4179.0,0,0,1,0,1,4,161
4180.0,0,0,0,0,0,4,161
4181.0,0,0,0,0,0,4,161
4182.0,0,0,0,0,0,4,161
4183.0,0,0,0,0,0,4,161
4184.0,0,0,0,0,0,5,161
4185.0,0,0,0,0,0,5,161
4186.0,0,0,0,0,0,5,161
4187.0,0,0,0,0,0,0,162
4188.0,0,0,0,0,0,0,162
4189.0,0,0,0,0,0,0,162
4190.0,0,0,0,0,0,0,162
4191.0,0,0,0,0,0,0,162
4192.0,0,0,0,0,0,1,162
4193.0,0,0,0,0,0,1,162
4194.0,0,0,0,0,0,1,162
4195.0,0,0,0,0,0,2,163
4196.0,0,0,0,0,0,2,163
4197.0,0,0,0,0,0,2,163
4198.0,0,0,0,0,0,2,163
4199.0,0,0,0,0,0,2,163
4200.0,0,0,0,0,0,3,163
4201.0,0,0,0,0,0,3,163
4202.0,0,0,0,0,0,3,163
4203.0,0,0,0,0,0,4,164
4204.0,0,0,0,0,0,4,164
4205.0,0,0,0,0,0,4,164
4206.0,0,0,0,0,0,4,164
