time,queue_N,queue_S,queue_E,queue_W,queue_total,phase,phase_switches
1.0,0,1,0,0,1,0,0
2.0,0,0,0,0,0,0,0
3.0,0,0,0,0,0,0,0
4.0,0,0,0,0,0,0,0
5.0,0,1,0,0,1,0,0
6.0,0,0,0,0,0,0,0
7.0,0,0,0,0,0,0,0
8.0,0,0,0,0,0,0,0
9.0,0,0,0,0,0,0,0
10.0,0,0,0,0,0,0,0
11.0,0,0,1,0,1,0,0
12.0,0,0,0,0,0,0,0
13.0,0,0,0,0,0,0,1
14.0,0,0,0,0,0,0,1
15.0,1,0,0,0,1,0,1
16.0,0,1,1,0,2,0,1
17.0,0,1,0,0,1,0,1
18.0,0,2,0,0,2,0,1
19.0,0,1,0,0,1,0,1
20.0,0,1,0,0,1,0,1
21.0,0,1,0,0,1,0,1
22.0,0,2,1,0,3,0,1
23.0,0,1,0,0,1,0,2
24.0,0,0,0,0,0,0,2
25.0,0,0,0,0,0,0,2
26.0,0,1,0,0,1,0,2
27.0,0,0,1,0,1,0,2
28.0,0,1,1,0,2,0,2
29.0,0,2,2,0,4,0,2
30.0,0,1,2,1,4,0,2
31.0,0,1,3,0,4,0,2
32.0,0,2,3,0,5,0,2
33.0,0,1,3,0,4,0,3
34.0,0,1,2,0,3,0,3
35.0,0,1,1,0,2,0,3
36.0,0,2,0,0,2,0,3
37.0,0,2,0,0,2,0,3
38.0,0,2,0,0,2,0,3
39.0,1,4,0,0,5,0,3
40.0,1,3,0,0,4,0,3
41.0,2,3,0,0,5,0,3
42.0,1,2,0,0,3,0,3
43.0,1,2,0,0,3,0,4
44.0,2,1,0,0,3,0,4
45.0,1,1,0,1,3,0,4
46.0,2,1,0,2,5,0,4
47.0,1,1,0,2,4,0,4
48.0,1,2,0,2,5,0,4
49.0,1,1,0,2,4,0,4
50.0,1,2,1,3,7,0,4
51.0,1,4,0,3,8,0,4
52.0,1,3,0,3,7,0,4
53.0,1,3,0,3,7,0,5
54.0,0,2,0,4,6,0,5
55.0,0,0,0,5,5,0,5
56.0,0,0,0,4,4,0,5
57.0,0,0,0,4,4,0,5
58.0,0,1,0,4,5,0,5
59.0,0,0,1,4,5,0,5
60.0,0,0,0,4,4,0,5
61.0,0,1,1,5,7,0,5
62.0,0,1,1,4,6,0,5
63.0,0,2,1,4,7,0,6
64.0,0,1,1,4,6,0,6
65.0,0,1,1,4,6,0,6
66.0,1,1,1,5,8,0,6
67.0,0,1,1,5,7,0,6
68.0,0,2,1,6,9,0,6
69.0,1,2,1,6,10,0,6
70.0,1,2,1,6,10,0,6
71.0,2,2,2,7,13,0,6
72.0,1,2,3,7,13,0,6
73.0,1,2,3,7,13,0,7
74.0,0,0,3,9,12,0,7
75.0,0,2,3,10,15,0,7
76.0,0,2,6,9,17,0,7
77.0,0,2,5,10,17,0,7
78.0,0,2,5,11,18,0,7
79.0,0,2,5,11,18,0,7
80.0,0,2,5,12,19,0,7
81.0,0,2,5,14,21,0,7
82.0,0,2,5,14,21,0,7
83.0,0,2,6,14,22,0,8
84.0,0,2,3,11,16,0,8
85.0,0,2,2,9,13,0,8
86.0,0,3,0,5,8,0,8
87.0,0,3,0,4,7,0,8
88.0,1,3,0,2,6,0,8
89.0,1,3,0,0,4,0,8
90.0,1,3,0,0,4,0,8
91.0,1,3,0,0,4,0,8
92.0,2,3,0,0,5,0,8
93.0,3,3,0,0,6,0,9
94.0,2,2,1,0,5,0,9
95.0,2,1,0,1,4,0,9
96.0,3,1,0,2,6,0,9
97.0,3,1,1,2,7,0,9
98.0,3,2,2,3,10,0,9
99.0,3,2,2,3,10,0,9
100.0,2,2,2,3,9,0,9
101.0,2,1,2,4,9,0,9
102.0,2,0,2,5,9,0,9
103.0,2,0,2,6,10,0,9
104.0,2,0,2,8,12,0,9
105.0,2,1,2,7,12,0,9
106.0,2,0,2,7,11,0,9
107.0,2,0,2,6,10,0,9
108.0,2,0,2,6,10,0,9
109.0,2,0,2,6,10,0,9
110.0,2,0,3,7,12,0,9
111.0,2,0,4,6,12,0,9
112.0,2,0,3,8,13,0,9
113.0,2,0,3,8,13,0,9
114.0,2,1,4,8,15,0,9
115.0,2,1,4,8,15,0,9
116.0,2,0,4,8,14,0,9
117.0,2,1,5,8,16,0,9
118.0,2,2,5,11,20,0,9
119.0,2,2,5,11,20,0,9
120.0,2,3,5,11,21,0,9
121.0,2,4,7,12,25,0,9
122.0,2,3,6,13,24,0,9
123.0,2,3,6,14,25,0,9
124.0,2,3,6,14,25,0,9
125.0,3,3,6,15,27,0,9
126.0,2,3,8,15,28,0,9
127.0,2,3,8,15,28,0,9
128.0,2,4,9,15,30,0,9
129.0,2,4,9,15,30,0,9
130.0,2,4,10,16,32,0,9
131.0,2,5,10,16,33,0,9
132.0,2,4,10,16,32,0,9
133.0,2,4,10,16,32,0,10
134.0,2,5,8,13,28,0,10
135.0,2,4,6,12,24,0,10
136.0,2,4,4,10,20,0,10
137.0,2,5,1,8,16,0,10
138.0,3,4,0,7,14,0,10
139.0,2,4,0,5,11,0,10
140.0,2,5,0,3,10,0,10
141.0,3,4,0,2,9,0,10
142.0,2,5,0,0,7,0,10
143.0,2,5,0,0,7,0,11
144.0,3,5,0,1,9,0,11
145.0,2,5,2,1,10,0,11
146.0,2,6,4,4,16,0,11
147.0,3,6,5,4,18,0,11
148.0,2,6,4,5,17,0,11
149.0,3,6,4,6,19,0,11
150.0,2,8,5,7,22,0,11
151.0,2,7,6,8,23,0,11
152.0,2,6,8,10,26,0,11
153.0,2,5,8,12,27,0,11
154.0,2,5,9,11,27,0,11
155.0,2,6,9,13,30,0,11
156.0,3,5,9,14,31,0,11
157.0,2,5,9,14,30,0,11
158.0,2,5,9,14,30,0,12
159.0,3,5,7,12,27,0,12
160.0,2,6,5,12,25,0,12
161.0,2,7,4,9,22,0,12
162.0,2,9,3,7,21,0,12
163.0,3,10,2,5,20,0,12
164.0,3,10,2,4,19,0,12
165.0,4,10,1,2,17,0,12
166.0,5,11,0,0,16,0,12
167.0,5,11,0,0,16,0,12
168.0,5,11,0,3,19,0,13
169.0,6,10,0,2,18,0,13
170.0,5,9,1,4,19,0,13
171.0,5,9,2,5,21,0,13
172.0,6,9,3,6,24,0,13
173.0,6,9,3,8,26,0,13
174.0,6,9,4,9,28,0,13
175.0,6,8,5,10,29,0,13
176.0,6,8,7,11,32,0,13
177.0,7,8,7,13,35,0,13
178.0,7,9,8,13,37,0,13
179.0,7,9,8,13,37,0,13
180.0,8,9,8,15,40,0,13
181.0,7,9,9,15,40,0,13
182.0,8,8,8,15,39,0,13
183.0,9,8,8,15,40,0,14
184.0,9,9,6,13,37,0,14
185.0,9,9,5,10,33,0,14
186.0,9,9,5,8,31,0,14
187.0,10,10,4,7,31,0,14
188.0,10,10,1,5,26,0,14
189.0,11,10,0,3,24,0,14
190.0,11,10,0,1,22,0,14
191.0,11,10,0,0,21,0,14
192.0,11,10,0,0,21,0,14
193.0,11,10,1,0,22,0,15
194.0,11,10,2,1,24,0,15
195.0,11,9,3,3,26,0,15
196.0,11,9,3,3,26,0,15
197.0,11,9,3,3,26,0,15
198.0,11,9,4,4,28,0,15
199.0,11,11,4,4,30,0,15
200.0,11,8,4,5,28,0,15
201.0,11,8,5,7,31,0,15
202.0,11,9,6,7,33,0,15
203.0,11,9,8,8,36,0,16
204.0,8,6,7,8,29,0,16
205.0,6,5,7,8,26,0,16
206.0,6,4,7,8,25,0,16
207.0,4,3,7,8,22,0,16
208.0,3,2,8,8,21,0,16
209.0,2,1,8,9,20,0,16
210.0,1,0,10,10,21,0,16
211.0,0,1,9,9,19,0,16
212.0,0,1,10,9,20,0,16
213.0,0,2,10,10,22,0,17
214.0,2,2,8,8,20,0,17
215.0,1,3,6,6,16,0,17
216.0,2,3,4,5,14,0,17
217.0,3,5,3,3,14,0,17
218.0,3,5,2,1,11,0,17
219.0,3,5,2,1,11,0,17
220.0,4,7,1,0,12,0,17
221.0,4,6,0,0,10,0,17
222.0,5,6,0,1,12,0,17
223.0,5,8,0,2,15,0,18
224.0,6,5,2,2,15,0,18
225.0,6,4,1,3,14,0,18
226.0,6,4,4,6,20,0,18
227.0,6,4,4,8,22,0,18
228.0,6,5,4,8,23,0,18
229.0,6,6,7,9,28,0,18
230.0,6,5,6,9,26,0,18
231.0,6,5,8,9,28,0,18
232.0,6,6,8,9,29,0,18
233.0,6,5,8,9,28,0,19
234.0,5,4,9,10,28,0,19
235.0,4,5,11,10,30,0,19
236.0,3,3,12,10,28,0,19
237.0,2,2,12,10,26,0,19
238.0,1,2,12,10,25,0,19
239.0,0,2,12,10,24,0,19
240.0,1,2,13,10,26,0,19
241.0,0,2,14,10,26,0,19
242.0,0,2,14,10,26,0,19
243.0,0,3,15,10,28,0,20
244.0,1,4,11,7,23,0,20
245.0,1,4,9,5,19,0,20
246.0,1,5,9,3,18,0,20
247.0,2,6,6,1,15,0,20
248.0,3,7,3,0,13,0,20
249.0,3,7,1,0,11,0,20
250.0,4,7,0,0,11,0,20
251.0,3,7,0,0,10,0,20
252.0,3,7,0,0,10,0,20
253.0,3,7,1,0,11,0,21
254.0,3,6,3,2,14,0,21
255.0,4,5,2,2,13,0,21
256.0,3,5,4,3,15,0,21
257.0,3,6,5,3,17,0,21
258.0,3,7,7,4,21,0,21
259.0,3,6,9,3,21,0,21
260.0,4,7,9,3,23,0,21
261.0,5,7,8,4,24,0,21
262.0,4,5,8,4,21,0,21
263.0,5,4,10,5,24,0,21
264.0,4,4,10,5,23,0,21
265.0,4,4,12,5,25,0,21
266.0,6,4,13,8,31,0,21
267.0,5,4,14,7,30,0,21
268.0,5,5,15,7,32,0,22
269.0,6,5,12,5,28,0,22
270.0,5,7,10,3,25,0,22
271.0,6,6,8,2,22,0,22
272.0,6,8,5,0,19,0,22
273.0,6,10,2,0,18,0,22
274.0,6,9,1,0,16,0,22
275.0,7,9,1,0,17,0,22
276.0,7,10,0,0,17,0,22
277.0,7,10,0,0,17,0,22
278.0,7,10,0,1,18,0,23
279.0,7,11,0,2,20,0,23
280.0,7,9,1,2,19,0,23
281.0,7,9,1,4,21,0,23
282.0,8,8,2,4,22,0,23
283.0,8,7,3,6,24,0,23
284.0,8,7,3,6,24,0,23
285.0,10,9,5,6,30,0,23
286.0,9,9,4,6,28,0,23
287.0,9,9,5,6,29,0,23
288.0,10,9,5,6,30,0,23
289.0,10,9,6,6,31,0,23
290.0,10,10,7,6,33,0,23
291.0,10,9,8,6,33,0,23
292.0,10,9,8,6,33,0,23
293.0,10,9,8,6,33,0,24
294.0,8,7,9,7,31,0,24
295.0,7,5,9,6,27,0,24
296.0,6,4,9,6,25,0,24
297.0,5,4,10,7,26,0,24
298.0,4,3,10,7,24,0,24
299.0,3,3,10,7,23,0,24
300.0,3,3,10,7,23,0,24
301.0,1,3,11,7,22,0,24
302.0,0,3,12,7,22,0,24
303.0,1,3,13,7,24,0,25
304.0,1,3,13,8,25,0,25
305.0,2,1,13,8,24,0,25
306.0,2,2,13,8,25,0,25
307.0,3,2,13,8,26,0,25
308.0,4,2,13,10,29,0,25
309.0,4,3,14,9,30,0,25
310.0,5,3,14,9,31,0,25
311.0,6,3,14,11,34,0,25
312.0,6,3,15,10,34,0,25
313.0,8,3,15,12,38,0,25
314.0,7,3,17,12,39,0,25
315.0,7,3,16,12,38,0,25
316.0,8,4,17,12,41,0,25
317.0,7,3,17,14,41,0,25
318.0,8,3,18,14,43,0,26
319.0,9,4,15,10,38,0,26
320.0,8,4,12,8,32,0,26
321.0,8,4,10,6,28,0,26
322.0,8,4,7,4,23,0,26
323.0,8,4,4,2,18,0,26
324.0,8,4,3,2,17,0,26
325.0,8,4,1,0,13,0,26
326.0,9,5,1,0,15,0,26
327.0,9,5,0,0,14,0,26
328.0,9,5,0,1,15,0,27
329.0,9,5,1,1,16,0,27
330.0,10,5,1,1,17,0,27
331.0,9,5,2,4,20,0,27
332.0,10,5,4,6,25,0,27
333.0,10,6,5,7,28,0,27
334.0,10,5,5,9,29,0,27
335.0,10,5,7,10,32,0,27
336.0,11,5,8,11,35,0,27
337.0,11,5,10,11,37,0,27
338.0,11,5,10,12,38,0,27
339.0,11,6,10,14,41,0,27
340.0,11,5,11,15,42,0,27
341.0,11,5,11,16,43,0,27
342.0,12,6,11,16,45,0,27
343.0,12,6,12,17,47,0,28
344.0,12,6,9,14,41,0,28
345.0,12,6,6,13,37,0,28
346.0,12,7,3,10,32,0,28
347.0,12,7,3,8,30,0,28
348.0,13,7,2,6,28,0,28
349.0,12,7,1,4,24,0,28
350.0,12,8,0,3,23,0,28
351.0,12,9,1,1,23,0,28
352.0,12,8,1,0,21,0,28
353.0,13,10,1,0,24,0,29
354.0,13,8,1,2,24,0,29
355.0,13,8,1,2,24,0,29
356.0,13,8,1,4,26,0,29
357.0,13,8,3,4,28,0,29
358.0,13,9,3,6,31,0,29
359.0,13,10,3,8,34,0,29
360.0,14,9,4,9,36,0,29
361.0,13,8,4,10,35,0,29
362.0,13,9,5,10,37,0,29
363.0,14,8,5,11,38,0,29
364.0,13,9,5,10,37,0,29
365.0,13,9,5,11,38,0,29
366.0,13,9,6,10,38,0,29
367.0,13,8,7,11,39,0,29
368.0,13,8,7,12,40,0,29
369.0,13,9,7,11,40,0,29
370.0,14,8,7,11,40,0,29
371.0,13,10,7,11,41,0,29
372.0,13,9,7,12,41,0,29
373.0,13,9,7,13,42,0,30
374.0,13,9,5,12,39,0,30
375.0,15,10,4,10,39,0,30
376.0,14,11,3,9,37,0,30
377.0,14,12,2,7,35,0,30
378.0,15,12,1,5,33,0,30
379.0,16,12,0,3,31,0,30
380.0,15,12,0,1,28,0,30
381.0,15,13,0,0,28,0,30
382.0,15,14,0,0,29,0,30
383.0,15,14,1,1,31,0,31
384.0,16,13,1,3,33,0,31
385.0,15,13,1,4,33,0,31
386.0,16,12,2,5,35,0,31
387.0,16,12,3,4,35,0,31
388.0,16,10,4,5,35,0,31
389.0,16,11,5,5,37,0,31
390.0,16,11,5,6,38,0,31
391.0,16,11,5,6,38,0,31
392.0,17,12,5,8,42,0,31
393.0,17,13,5,9,44,0,31
394.0,17,13,5,11,46,0,31
395.0,17,10,6,11,44,0,31
396.0,18,9,5,12,44,0,31
397.0,18,9,5,12,44,0,31
398.0,18,9,6,13,46,0,31
399.0,18,10,7,13,48,0,31
400.0,18,10,7,13,48,0,31
401.0,18,12,7,13,50,0,31
402.0,18,12,7,13,50,0,31
403.0,19,12,7,13,51,0,31
404.0,18,12,8,13,51,0,31
405.0,18,12,9,13,52,0,31
406.0,19,10,9,13,51,0,31
407.0,18,9,10,13,50,0,31
408.0,18,10,11,13,52,0,31
409.0,19,10,11,13,53,0,31
410.0,18,10,11,13,52,0,31
411.0,18,10,11,13,52,0,31
412.0,18,11,11,14,54,0,31
413.0,18,11,12,14,55,0,31
414.0,18,11,12,14,55,0,31
415.0,19,12,12,14,57,0,31
416.0,19,13,13,14,59,0,31
417.0,19,12,12,15,58,0,31
418.0,21,12,14,15,62,0,31
419.0,20,12,14,15,61,0,31
420.0,20,12,15,15,62,0,31
421.0,21,12,16,15,64,0,31
422.0,21,12,16,15,64,0,31
423.0,21,13,16,15,65,0,31
424.0,21,13,17,15,66,0,31
425.0,21,13,17,15,66,0,31
426.0,21,13,19,15,68,0,31
427.0,21,13,19,15,68,0,31
428.0,21,13,20,15,69,0,32
429.0,22,13,17,13,65,0,32
430.0,22,13,14,11,60,0,32
431.0,23,13,11,9,56,0,32
432.0,23,13,8,7,51,0,32
433.0,23,13,6,5,47,0,32
434.0,23,13,4,3,43,0,32
435.0,23,13,2,1,39,0,32
436.0,24,13,2,0,39,0,32
437.0,23,13,1,0,37,0,32
438.0,23,13,0,2,38,0,33
439.0,22,11,0,2,35,0,33
440.0,20,10,2,5,37,0,33
441.0,20,8,4,5,37,0,33
442.0,19,7,4,5,35,0,33
443.0,18,7,6,8,39,0,33
444.0,16,5,6,8,35,0,33
445.0,15,4,7,8,34,0,33
446.0,14,3,7,11,35,0,33
447.0,13,2,7,12,34,0,33
448.0,13,0,7,12,32,0,34
449.0,12,1,7,12,32,0,34
450.0,12,3,9,12,36,0,34
451.0,13,4,10,13,40,0,34
452.0,11,5,12,13,41,0,34
453.0,11,6,12,14,43,0,34
454.0,10,8,12,15,45,0,34
455.0,9,8,12,15,44,0,34
456.0,11,8,12,16,47,0,34
457.0,10,10,12,16,48,0,34
458.0,9,10,12,16,47,0,34
459.0,10,10,12,16,48,0,34
460.0,9,10,12,16,47,0,34
461.0,9,10,12,16,47,0,34
462.0,8,10,12,16,46,0,34
463.0,9,10,13,16,48,0,34
464.0,9,11,13,16,49,0,34
465.0,10,12,13,16,51,0,34
466.0,11,11,13,16,51,0,34
467.0,11,11,13,16,51,0,34
468.0,11,11,13,16,51,0,34
469.0,13,11,14,16,54,0,34
470.0,13,11,14,16,54,0,34
471.0,14,11,15,16,56,0,34
472.0,14,11,16,17,58,0,34
473.0,16,11,16,17,60,0,34
474.0,15,11,16,17,59,0,34
475.0,18,11,16,17,62,0,34
476.0,17,12,17,17,63,0,34
477.0,17,11,17,17,62,0,34
478.0,18,11,17,17,63,0,35
479.0,19,11,14,15,59,0,35
480.0,20,12,11,13,56,0,35
481.0,21,11,8,11,51,0,35
482.0,22,11,6,9,48,0,35
483.0,22,11,4,7,44,0,35
484.0,24,11,3,5,43,0,35
485.0,24,11,2,3,40,0,35
486.0,24,12,1,1,38,0,35
487.0,24,12,0,1,37,0,35
488.0,24,12,0,1,37,0,36
489.0,24,11,0,0,35,0,36
490.0,24,12,0,2,38,0,36
491.0,24,12,3,4,43,0,36
492.0,24,11,3,4,42,0,36
493.0,24,11,5,6,46,0,36
494.0,24,11,4,8,47,0,36
495.0,24,11,5,7,47,0,36
496.0,24,11,6,9,50,0,36
497.0,24,11,7,10,52,0,36
498.0,25,11,7,12,55,0,36
499.0,25,11,9,12,57,0,36
500.0,25,12,9,14,60,0,36
501.0,25,12,9,14,60,0,36
502.0,25,11,10,15,61,0,36
503.0,25,12,11,15,63,0,37
504.0,25,12,9,13,59,0,37
505.0,25,12,7,12,56,0,37
506.0,25,13,6,10,54,0,37
507.0,26,13,5,9,53,0,37
508.0,26,13,4,7,50,0,37
509.0,26,12,3,5,46,0,37
510.0,26,12,2,3,43,0,37
511.0,26,14,1,1,42,0,37
512.0,26,14,0,0,40,0,37
513.0,26,15,1,0,42,0,38
514.0,25,13,1,0,39,0,38
515.0,25,13,1,1,40,0,38
516.0,25,14,3,3,45,0,38
517.0,25,14,3,4,46,0,38
518.0,25,15,3,7,50,0,38
519.0,25,16,4,7,52,0,38
520.0,25,15,5,6,51,0,38
521.0,26,16,5,6,53,0,38
522.0,26,16,6,8,56,0,38
523.0,26,16,8,8,58,0,38
524.0,26,16,8,10,60,0,38
525.0,26,16,9,10,61,0,38
526.0,26,16,9,12,63,0,38
527.0,26,16,10,13,65,0,38
528.0,26,17,10,14,67,0,39
529.0,23,15,11,15,64,0,39
530.0,22,13,12,16,63,0,39
531.0,21,11,12,16,60,0,39
532.0,20,9,12,16,57,0,39
533.0,19,7,12,16,54,0,39
534.0,18,6,13,16,53,0,39
535.0,17,4,13,16,50,0,39
536.0,16,2,13,16,47,0,39
537.0,15,1,13,16,45,0,39
538.0,14,2,13,16,45,0,40
539.0,13,2,11,13,39,0,40
540.0,13,3,9,11,36,0,40
541.0,12,4,7,9,32,0,40
542.0,13,6,5,7,31,0,40
543.0,12,6,4,5,27,0,40
544.0,12,8,3,3,26,0,40
545.0,11,9,2,1,23,0,40
546.0,11,11,1,0,23,0,40
547.0,11,12,0,0,23,0,40
548.0,11,12,0,2,25,0,41
549.0,12,12,0,2,26,0,41
550.0,11,12,2,4,29,0,41
551.0,10,13,3,4,30,0,41
552.0,10,13,4,6,33,0,41
553.0,11,15,5,6,37,0,41
554.0,11,14,6,8,39,0,41
555.0,10,13,6,9,38,0,41
556.0,11,16,8,10,45,0,41
557.0,13,13,10,11,47,0,41
558.0,12,14,11,11,48,0,41
559.0,13,16,12,13,54,0,41
560.0,13,13,13,12,51,0,41
561.0,14,14,14,13,55,0,41
562.0,16,15,16,13,60,0,41
563.0,16,13,16,15,60,0,41
564.0,17,14,16,15,62,0,41
565.0,18,14,16,16,64,0,41
566.0,18,13,16,16,63,0,41
567.0,19,13,16,17,65,0,41
568.0,19,13,16,17,65,0,41
569.0,19,13,16,17,65,0,41
570.0,21,13,17,17,68,0,41
571.0,21,13,17,17,68,0,41
572.0,21,13,17,17,68,0,41
573.0,23,14,18,17,72,0,41
574.0,23,16,18,17,74,0,41
575.0,24,16,18,19,77,0,41
576.0,24,16,18,19,77,0,41
577.0,24,16,18,19,77,0,41
578.0,24,16,20,19,79,0,41
579.0,24,17,20,19,80,0,41
580.0,24,17,21,19,81,0,41
581.0,24,17,21,19,81,0,41
582.0,25,17,21,19,82,0,41
583.0,25,17,21,19,82,0,42
584.0,25,17,18,16,76,0,42
585.0,25,17,15,13,70,0,42
586.0,25,17,12,10,64,0,42
587.0,26,17,9,8,60,0,42
588.0,27,17,6,6,56,0,42
589.0,26,17,4,4,51,0,42
590.0,26,17,2,3,48,0,42
591.0,27,17,1,2,47,0,42
592.0,27,17,1,1,46,0,42
593.0,27,17,0,2,46,0,43
594.0,27,17,1,2,47,0,43
595.0,27,17,1,3,48,0,43
596.0,28,18,3,5,54,0,43
597.0,28,17,5,6,56,0,43
598.0,27,17,5,8,57,0,43
599.0,27,17,5,8,57,0,43
600.0,29,17,4,11,61,0,43
601.0,28,17,5,11,61,0,43
602.0,29,17,6,13,65,0,43
603.0,29,17,6,13,65,0,44
604.0,28,15,8,13,64,0,44
605.0,27,13,9,14,63,0,44
606.0,26,11,10,13,60,0,44
607.0,25,9,10,14,58,0,44
608.0,24,7,12,14,57,0,44
609.0,23,5,12,14,54,0,44
610.0,22,3,12,16,53,0,44
611.0,21,1,12,17,51,0,44
612.0,20,0,12,18,50,0,44
613.0,19,0,12,19,50,0,45
614.0,19,0,10,16,45,0,45
615.0,19,1,8,13,41,0,45
616.0,18,2,6,10,36,0,45
617.0,19,4,5,7,35,0,45
618.0,19,5,4,5,33,0,45
619.0,18,7,3,3,31,0,45
620.0,18,9,2,1,30,0,45
621.0,17,10,1,2,30,0,45
622.0,17,11,0,2,30,0,45
623.0,17,12,0,6,35,0,46
624.0,18,12,0,5,35,0,46
625.0,18,12,1,6,37,0,46
626.0,18,13,2,8,41,0,46
627.0,17,13,3,9,42,0,46
628.0,17,14,3,11,45,0,46
629.0,17,14,4,11,46,0,46
630.0,17,14,5,12,48,0,46
631.0,16,14,6,13,49,0,46
632.0,16,14,6,14,50,0,46
633.0,16,14,7,15,52,0,46
634.0,15,14,7,17,53,0,46
635.0,15,14,8,17,54,0,46
636.0,15,14,9,17,55,0,46
637.0,16,14,9,18,57,0,46
638.0,16,14,9,18,57,0,46
639.0,18,14,9,18,59,0,46
640.0,19,14,9,18,60,0,46
641.0,18,14,9,18,59,0,46
642.0,19,14,9,18,60,0,46
643.0,21,14,9,18,62,0,46
644.0,22,14,10,18,64,0,46
645.0,22,14,10,18,64,0,46
646.0,22,14,10,18,64,0,46
647.0,22,14,10,18,64,0,46
648.0,24,14,10,18,66,0,46
649.0,25,14,10,18,67,0,46
650.0,25,14,10,18,67,0,46
651.0,26,14,10,18,68,0,46
652.0,27,14,10,18,69,0,46
653.0,28,14,10,18,70,0,46
654.0,28,14,10,19,71,0,46
655.0,29,14,10,19,72,0,46
656.0,29,14,10,19,72,0,46
657.0,30,14,10,19,73,0,46
658.0,30,14,10,19,73,0,47
659.0,30,14,8,16,68,0,47
660.0,30,15,7,13,65,0,47
661.0,30,15,6,10,61,0,47
662.0,30,15,5,7,57,0,47
663.0,31,15,4,5,55,0,47
664.0,31,15,3,3,52,0,47
665.0,32,15,2,1,50,0,47
666.0,32,15,1,0,48,0,47
667.0,32,15,0,1,48,0,47
668.0,32,15,0,0,47,0,48
669.0,31,15,1,2,49,0,48
670.0,30,15,1,3,49,0,48
671.0,30,15,2,6,53,0,48
672.0,30,15,2,7,54,0,48
673.0,30,15,3,8,56,0,48
674.0,30,15,4,10,59,0,48
675.0,30,15,6,11,62,0,48
676.0,30,15,7,12,64,0,48
677.0,30,15,7,13,65,0,48
678.0,30,15,7,15,67,0,49
679.0,28,13,7,14,62,0,49
680.0,27,11,8,14,60,0,49
681.0,26,9,8,16,59,0,49
682.0,25,7,8,16,56,0,49
683.0,24,5,8,17,54,0,49
684.0,23,3,8,17,51,0,49
685.0,22,2,8,17,49,0,49
686.0,21,1,8,19,49,0,49
687.0,20,1,9,19,49,0,49
688.0,20,1,9,19,49,0,50
689.0,20,1,7,16,44,0,50
690.0,19,3,6,13,41,0,50
691.0,19,4,5,10,38,0,50
692.0,18,5,4,8,35,0,50
693.0,17,6,3,6,32,0,50
694.0,18,8,2,4,32,0,50
695.0,17,9,1,2,29,0,50
696.0,18,9,0,1,28,0,50
697.0,17,9,0,0,26,0,50
698.0,17,10,1,0,28,0,51
699.0,16,10,2,0,28,0,51
700.0,16,10,1,2,29,0,51
701.0,16,11,3,3,33,0,51
702.0,16,12,2,4,34,0,51
703.0,16,13,4,6,39,0,51
704.0,16,13,4,8,41,0,51
705.0,16,12,4,10,42,0,51
706.0,15,12,5,12,44,0,51
707.0,15,12,5,10,42,0,51
708.0,16,12,5,12,45,0,51
709.0,15,12,7,11,45,0,51
710.0,15,12,8,12,47,0,51
711.0,15,13,7,13,48,0,51
712.0,15,13,9,13,50,0,51
713.0,16,13,10,14,53,0,51
714.0,18,13,9,14,54,0,51
715.0,17,13,11,14,55,0,51
716.0,18,13,11,16,58,0,51
717.0,19,13,10,16,58,0,51
718.0,20,13,12,17,62,0,51
719.0,20,13,10,18,61,0,51
720.0,20,13,12,18,63,0,51
721.0,21,13,14,18,66,0,51
722.0,22,13,14,18,67,0,51
723.0,23,13,15,18,69,0,51
724.0,23,13,16,18,70,0,51
725.0,24,13,17,18,72,0,51
726.0,24,13,17,18,72,0,51
727.0,26,13,18,18,75,0,51
728.0,26,13,20,18,77,0,52
729.0,27,13,18,15,73,0,52
730.0,28,13,16,12,69,0,52
731.0,28,13,13,10,64,0,52
732.0,29,13,10,8,60,0,52
733.0,29,13,7,7,56,0,52
734.0,29,13,5,5,52,0,52
735.0,29,13,2,3,47,0,52
736.0,29,13,0,2,44,0,52
737.0,29,13,0,1,43,0,52
738.0,29,13,1,2,45,0,53
739.0,29,13,2,2,46,0,53
740.0,29,13,4,4,50,0,53
741.0,29,13,4,5,51,0,53
742.0,29,13,5,6,53,0,53
743.0,29,13,6,6,54,0,53
744.0,29,13,6,8,56,0,53
745.0,29,13,9,10,61,0,53
746.0,29,14,10,11,64,0,53
747.0,29,13,13,12,67,0,53
748.0,29,13,13,11,66,0,53
749.0,29,13,16,12,70,0,53
750.0,29,13,18,13,73,0,53
751.0,29,13,18,14,74,0,53
752.0,29,13,19,15,76,0,53
753.0,29,13,20,16,78,0,54
754.0,29,14,17,13,73,0,54
755.0,29,14,14,11,68,0,54
756.0,29,14,11,9,63,0,54
757.0,29,14,8,7,58,0,54
758.0,29,14,5,5,53,0,54
759.0,29,14,2,3,48,0,54
760.0,29,14,1,3,47,0,54
761.0,29,14,0,0,43,0,54
762.0,29,14,0,0,43,0,54
763.0,29,14,1,1,45,0,55
764.0,28,12,1,2,43,0,55
765.0,27,11,3,2,43,0,55
766.0,26,9,2,5,42,0,55
767.0,25,8,3,5,41,0,55
768.0,24,7,2,6,39,0,55
769.0,23,6,2,8,39,0,55
770.0,22,6,3,7,38,0,55
771.0,22,4,4,9,39,0,55
772.0,21,2,6,11,40,0,55
773.0,20,1,7,10,38,0,56
774.0,21,0,8,13,42,0,56
775.0,21,2,8,15,46,0,56
776.0,20,4,10,13,47,0,56
777.0,19,4,10,13,46,0,56
778.0,19,5,11,14,49,0,56
779.0,19,6,11,13,49,0,56
780.0,18,9,13,13,53,0,56
781.0,18,10,13,15,56,0,56
782.0,20,9,13,15,57,0,56
783.0,18,9,13,18,58,0,56
784.0,19,11,15,18,63,0,56
785.0,19,11,16,18,64,0,56
786.0,19,12,16,18,65,0,56
787.0,19,11,16,18,64,0,56
788.0,19,10,17,18,64,0,57
789.0,18,11,14,15,58,0,57
790.0,18,12,11,12,53,0,57
791.0,19,13,8,9,49,0,57
792.0,19,13,5,8,45,0,57
793.0,18,14,3,6,41,0,57
794.0,17,15,2,4,38,0,57
795.0,17,15,1,2,35,0,57
796.0,17,15,1,1,34,0,57
797.0,17,16,0,0,33,0,57
798.0,18,16,0,0,34,0,58
799.0,18,16,0,1,35,0,58
800.0,19,15,1,2,37,0,58
801.0,19,15,1,5,40,0,58
802.0,20,15,4,6,45,0,58
803.0,21,15,3,7,46,0,58
804.0,22,16,4,8,50,0,58
805.0,23,16,7,9,55,0,58
806.0,25,15,8,8,56,0,58
807.0,25,14,9,8,56,0,58
808.0,25,13,9,8,55,0,58
809.0,26,13,12,8,59,0,58
810.0,26,13,11,10,60,0,58
811.0,27,14,12,9,62,0,58
812.0,28,14,13,11,66,0,58
813.0,28,14,14,11,67,0,58
814.0,29,14,14,13,70,0,58
815.0,29,14,15,13,71,0,58
816.0,29,14,15,14,72,0,58
817.0,29,14,16,14,73,0,58
818.0,29,14,16,15,74,0,59
819.0,28,12,16,15,71,0,59
820.0,27,10,17,16,70,0,59
821.0,26,8,17,16,67,0,59
822.0,25,6,17,17,65,0,59
823.0,24,4,17,17,62,0,59
824.0,23,3,17,17,60,0,59
825.0,22,2,17,17,58,0,59
826.0,21,2,17,17,57,0,59
827.0,20,1,18,18,57,0,59
828.0,19,1,18,18,56,0,60
829.0,19,2,15,15,51,0,60
830.0,19,3,12,13,47,0,60
831.0,19,5,10,11,45,0,60
832.0,19,6,8,9,42,0,60
833.0,19,6,6,7,38,0,60
834.0,19,7,5,5,36,0,60
835.0,18,8,3,3,32,0,60
836.0,19,9,1,2,31,0,60
837.0,18,9,0,0,27,0,60
838.0,18,10,2,1,31,0,61
839.0,16,10,2,2,30,0,61
840.0,17,11,3,2,33,0,61
841.0,17,13,4,1,35,0,61
842.0,16,11,5,1,33,0,61
843.0,16,13,6,2,37,0,61
844.0,15,11,8,3,37,0,61
845.0,15,11,8,5,39,0,61
846.0,14,13,10,5,42,0,61
847.0,15,11,11,7,44,0,61
848.0,15,12,12,7,46,0,61
849.0,14,13,12,9,48,0,61
850.0,14,12,12,10,48,0,61
851.0,14,11,14,12,51,0,61
852.0,14,12,14,11,51,0,61
853.0,15,13,14,12,54,0,61
854.0,16,10,14,13,53,0,61
855.0,17,11,14,13,55,0,61
856.0,18,12,14,15,59,0,61
857.0,19,10,14,15,58,0,61
858.0,19,11,14,16,60,0,61
859.0,19,12,14,16,61,0,61
860.0,21,13,14,16,64,0,61
861.0,20,11,14,16,61,0,61
862.0,22,11,14,16,63,0,61
863.0,23,11,14,16,64,0,62
864.0,24,11,11,14,60,0,62
865.0,24,11,9,12,56,0,62
866.0,26,12,7,10,55,0,62
867.0,25,12,5,8,50,0,62
868.0,26,12,3,6,47,0,62
869.0,26,12,2,5,45,0,62
870.0,27,12,1,3,43,0,62
871.0,27,12,0,1,40,0,62
872.0,28,12,0,1,41,0,62
873.0,29,12,0,1,42,0,63
874.0,29,12,2,1,44,0,63
875.0,29,12,3,2,46,0,63
876.0,29,12,4,4,49,0,63
877.0,29,13,4,4,50,0,63
878.0,29,12,6,6,53,0,63
879.0,29,12,6,6,53,0,63
880.0,29,12,8,6,55,0,63
881.0,29,12,9,9,59,0,63
882.0,29,12,10,11,62,0,63
883.0,29,12,12,10,63,0,63
884.0,29,12,12,11,64,0,63
885.0,29,12,13,13,67,0,63
886.0,29,13,13,13,68,0,63
887.0,29,13,13,12,67,0,63
888.0,29,13,13,13,68,0,64
889.0,29,13,11,11,64,0,64
890.0,29,13,9,10,61,0,64
891.0,29,13,7,8,57,0,64
892.0,29,13,5,7,54,0,64
893.0,29,13,3,5,50,0,64
894.0,29,13,2,3,47,0,64
895.0,29,13,1,1,44,0,64
896.0,29,13,0,0,42,0,64
897.0,29,13,0,1,43,0,64
898.0,29,13,0,0,42,0,65
899.0,28,11,1,3,43,0,65
900.0,27,9,2,2,40,0,65
901.0,26,7,3,4,40,0,65
902.0,25,5,5,4,39,0,65
903.0,24,4,5,5,38,0,65
904.0,23,3,7,7,40,0,65
905.0,22,2,6,8,38,0,65
906.0,21,1,6,9,37,0,65
907.0,20,0,7,10,37,0,65
908.0,19,0,7,11,37,0,66
909.0,18,0,7,8,33,0,66
910.0,19,2,5,5,31,0,66
911.0,18,3,4,4,29,0,66
912.0,18,3,2,4,27,0,66
913.0,18,5,2,2,27,0,66
914.0,17,6,1,0,24,0,66
915.0,18,6,0,0,24,0,66
916.0,17,6,0,0,23,0,66
917.0,16,7,0,1,24,0,66
918.0,16,9,0,0,25,0,67
919.0,15,8,2,2,27,0,67
920.0,16,11,2,4,33,0,67
921.0,15,9,3,4,31,0,67
922.0,16,10,4,7,37,0,67
923.0,16,10,5,7,38,0,67
924.0,15,10,6,10,41,0,67
925.0,15,9,6,10,40,0,67
926.0,15,11,8,11,45,0,67
927.0,16,10,8,12,46,0,67
928.0,15,11,8,13,47,0,67
929.0,15,11,10,13,49,0,67
930.0,15,11,10,14,50,0,67
931.0,14,12,11,14,51,0,67
932.0,15,11,10,14,50,0,67
933.0,16,12,11,15,54,0,67
934.0,17,11,10,15,53,0,67
935.0,18,12,12,17,59,0,67
936.0,18,12,14,16,60,0,67
937.0,18,11,14,17,60,0,67
938.0,19,11,13,19,62,0,67
939.0,21,13,14,19,67,0,67
940.0,21,12,15,19,67,0,67
941.0,22,13,17,20,72,0,67
942.0,22,14,18,20,74,0,67
943.0,22,14,20,21,77,0,68
944.0,24,14,18,18,74,0,68
945.0,23,15,15,16,69,0,68
946.0,26,16,12,13,67,0,68
947.0,25,16,9,10,60,0,68
948.0,26,16,6,7,55,0,68
949.0,28,17,4,6,55,0,68
950.0,27,17,1,2,47,0,68
951.0,27,18,0,1,46,0,68
952.0,28,18,0,1,47,0,68
953.0,28,18,1,3,50,0,69
954.0,28,17,1,3,49,0,69
955.0,28,16,3,6,53,0,69
956.0,29,16,4,7,56,0,69
957.0,29,15,6,9,59,0,69
958.0,30,15,7,9,61,0,69
959.0,31,15,10,12,68,0,69
960.0,31,15,11,14,71,0,69
961.0,31,15,12,14,72,0,69
962.0,31,15,13,15,74,0,69
963.0,31,15,15,16,77,0,69
964.0,31,15,16,18,80,0,69
965.0,31,15,17,19,82,0,69
966.0,31,15,18,21,85,0,69
967.0,31,15,19,22,87,0,69
968.0,31,15,19,22,87,0,70
969.0,31,16,17,19,83,0,70
970.0,31,16,14,16,77,0,70
971.0,31,16,12,14,73,0,70
972.0,31,16,10,11,68,0,70
973.0,31,16,7,8,62,0,70
974.0,31,16,4,5,56,0,70
975.0,31,16,2,4,53,0,70
976.0,31,16,1,4,52,0,70
977.0,31,16,0,2,49,0,70
978.0,31,16,0,4,51,0,71
979.0,28,14,1,7,50,0,71
980.0,28,12,2,8,50,0,71
981.0,28,11,3,10,52,0,71
982.0,25,9,5,11,50,0,71
983.0,24,7,6,12,49,0,71
984.0,23,4,7,13,47,0,71
985.0,22,3,10,16,51,0,71
986.0,21,1,10,16,48,0,71
987.0,20,0,13,17,50,0,71
988.0,19,0,13,18,50,0,72
989.0,19,0,13,16,48,0,72
990.0,19,0,10,13,42,0,72
991.0,18,2,7,10,37,0,72
992.0,17,4,4,7,32,0,72
993.0,17,4,2,4,27,0,72
994.0,17,7,2,2,28,0,72
995.0,17,8,1,2,28,0,72
996.0,17,9,1,1,28,0,72
997.0,17,9,0,0,26,0,72
998.0,17,10,0,1,28,0,73
999.0,16,12,1,1,30,0,73
1000.0,16,11,1,5,33,0,73
1001.0,16,11,3,6,36,0,73
1002.0,16,12,4,7,39,0,73
1003.0,16,13,4,9,42,0,73
1004.0,16,13,6,10,45,0,73
1005.0,15,13,7,8,43,0,73
1006.0,15,14,8,8,45,0,73
1007.0,14,13,8,8,43,0,73
1008.0,15,13,9,9,46,0,73
1009.0,15,13,10,10,48,0,73
1010.0,15,14,9,11,49,0,73
1011.0,14,15,10,12,51,0,73
1012.0,15,16,12,13,56,0,73
1013.0,16,17,10,14,57,0,73
1014.0,17,17,13,15,62,0,73
1015.0,17,17,13,15,62,0,73
1016.0,17,17,13,16,63,0,73
1017.0,18,17,15,18,68,0,73
1018.0,20,17,15,19,71,0,73
1019.0,20,17,16,19,72,0,73
1020.0,20,17,19,19,75,0,73
1021.0,21,17,19,20,77,0,73
1022.0,22,17,20,20,79,0,73
1023.0,22,17,21,20,80,0,74
1024.0,24,17,17,17,75,0,74
1025.0,24,18,15,14,71,0,74
1026.0,25,18,13,11,67,0,74
1027.0,25,18,10,9,62,0,74
1028.0,26,18,7,7,58,0,74
1029.0,26,18,4,5,53,0,74
1030.0,27,19,2,3,51,0,74
1031.0,27,19,1,1,48,0,74
1032.0,28,19,1,0,48,0,74
1033.0,29,20,1,1,51,0,75
1034.0,29,19,3,4,55,0,75
1035.0,29,19,4,4,56,0,75
1036.0,29,19,5,5,58,0,75
1037.0,29,19,8,6,62,0,75
1038.0,29,20,7,7,63,0,75
1039.0,29,20,10,8,67,0,75
1040.0,29,20,13,9,71,0,75
1041.0,29,19,13,10,71,0,75
1042.0,29,18,16,12,75,0,75
1043.0,29,18,16,13,76,0,75
1044.0,29,17,17,13,76,0,75
1045.0,29,17,18,15,79,0,75
1046.0,29,17,19,16,81,0,75
1047.0,29,17,20,17,83,0,75
1048.0,29,17,21,18,85,0,75
1049.0,29,17,21,18,85,0,75
1050.0,29,17,21,19,86,0,75
1051.0,29,17,21,19,86,0,75
1052.0,29,17,21,19,86,0,75
1053.0,29,17,21,19,86,0,76
1054.0,29,17,18,16,80,0,76
1055.0,29,17,15,14,75,0,76
1056.0,29,17,12,12,70,0,76
1057.0,29,17,9,10,65,0,76
1058.0,29,17,6,8,60,0,76
1059.0,29,17,3,6,55,0,76
1060.0,29,17,1,4,51,0,76
1061.0,29,17,0,3,49,0,76
1062.0,29,17,0,0,46,0,76
1063.0,29,17,0,0,46,0,77
1064.0,28,15,0,1,44,0,77
1065.0,27,14,2,1,44,0,77
1066.0,26,12,0,2,40,0,77
1067.0,25,11,1,3,40,0,77
1068.0,24,9,3,3,39,0,77
1069.0,23,9,4,5,41,0,77
1070.0,22,6,7,6,41,0,77
1071.0,21,4,8,7,40,0,77
1072.0,20,3,8,9,40,0,77
1073.0,19,2,11,10,42,0,78
1074.0,18,3,13,12,46,0,78
1075.0,17,4,12,13,46,0,78
1076.0,18,4,12,12,46,0,78
1077.0,18,4,13,13,48,0,78
1078.0,17,7,15,15,54,0,78
1079.0,16,8,16,14,54,0,78
1080.0,16,10,17,15,58,0,78
1081.0,16,10,18,15,59,0,78
1082.0,16,12,19,16,63,0,78
1083.0,16,14,18,16,64,0,79
1084.0,15,15,16,14,60,0,79
1085.0,15,16,13,12,56,0,79
1086.0,15,16,12,10,53,0,79
1087.0,15,16,9,8,48,0,79
1088.0,16,16,7,6,45,0,79
1089.0,15,17,4,5,41,0,79
1090.0,15,17,2,3,37,0,79
1091.0,15,17,1,1,34,0,79
1092.0,15,16,0,1,32,0,79
1093.0,14,17,1,2,34,0,80
1094.0,14,16,3,2,35,0,80
1095.0,14,17,4,4,39,0,80
1096.0,14,17,6,6,43,0,80
1097.0,16,17,6,6,45,0,80
1098.0,16,17,10,7,50,0,80
1099.0,17,17,10,9,53,0,80
1100.0,17,17,12,11,57,0,80
1101.0,18,17,13,12,60,0,80
1102.0,19,17,14,12,62,0,80
1103.0,20,17,16,13,66,0,80
1104.0,20,17,17,13,67,0,80
1105.0,21,17,18,14,70,0,80
1106.0,21,17,18,14,70,0,80
1107.0,21,17,18,13,69,0,80
1108.0,22,17,18,14,71,0,80
1109.0,24,17,19,17,77,0,80
1110.0,25,17,19,17,78,0,80
1111.0,24,17,19,17,77,0,80
1112.0,25,17,20,17,79,0,80
1113.0,27,17,20,18,82,0,81
1114.0,27,17,18,15,77,0,81
1115.0,28,17,15,13,73,0,81
1116.0,28,17,13,10,68,0,81
1117.0,28,17,10,7,62,0,81
1118.0,29,17,7,5,58,0,81
1119.0,29,17,4,4,54,0,81
1120.0,29,17,1,2,49,0,81
1121.0,29,17,0,0,46,0,81
1122.0,29,17,0,0,46,0,81
1123.0,29,17,1,1,48,0,82
1124.0,29,17,3,1,50,0,82
1125.0,29,17,3,2,51,0,82
1126.0,29,17,5,4,55,0,82
1127.0,29,17,8,4,58,0,82
1128.0,29,17,9,6,61,0,82
1129.0,29,17,10,8,64,0,82
1130.0,29,17,13,8,67,0,82
1131.0,29,17,15,9,70,0,82
1132.0,30,17,16,11,74,0,82
1133.0,30,17,16,12,75,0,82
1134.0,30,17,19,11,77,0,82
1135.0,30,17,17,12,76,0,82
1136.0,30,17,17,13,77,0,82
1137.0,30,17,19,14,80,0,82
1138.0,30,17,19,15,81,0,83
1139.0,28,15,20,15,78,0,83
1140.0,27,13,20,16,76,0,83
1141.0,26,11,20,16,73,0,83
1142.0,25,9,21,16,71,0,83
1143.0,24,7,21,16,68,0,83
1144.0,23,5,21,16,65,0,83
1145.0,22,3,21,17,63,0,83
1146.0,22,2,21,17,62,0,83
1147.0,21,2,21,17,61,0,83
1148.0,21,2,21,17,61,0,84
1149.0,21,4,18,14,57,0,84
1150.0,20,3,15,11,49,0,84
1151.0,20,6,12,9,47,0,84
1152.0,19,6,9,7,41,0,84
1153.0,18,7,7,5,37,0,84
1154.0,18,9,4,3,34,0,84
1155.0,17,11,1,1,30,0,84
1156.0,16,13,0,0,29,0,84
1157.0,17,13,0,0,30,0,84
1158.0,17,12,0,1,30,0,85
1159.0,17,10,2,1,30,0,85
1160.0,17,9,3,2,31,0,85
1161.0,17,10,3,3,33,0,85
1162.0,17,10,7,4,38,0,85
1163.0,17,10,8,6,41,0,85
1164.0,16,11,9,8,44,0,85
1165.0,16,11,9,10,46,0,85
1166.0,16,13,11,9,49,0,85
1167.0,15,12,12,11,50,0,85
1168.0,14,13,12,11,50,0,85
1169.0,14,13,14,11,52,0,85
1170.0,14,12,13,13,52,0,85
1171.0,15,13,14,13,55,0,85
1172.0,16,15,15,13,59,0,85
1173.0,16,15,15,13,59,0,85
1174.0,18,16,14,16,64,0,85
1175.0,20,16,15,14,65,0,85
1176.0,18,16,16,14,64,0,85
1177.0,19,16,16,17,68,0,85
1178.0,20,16,17,17,70,0,85
1179.0,20,14,19,17,70,0,85
1180.0,20,15,19,19,73,0,85
1181.0,23,15,21,20,79,0,85
1182.0,23,15,22,19,79,0,85
1183.0,24,15,23,20,82,0,86
1184.0,23,15,20,17,75,0,86
1185.0,24,14,18,14,70,0,86
1186.0,25,14,15,12,66,0,86
1187.0,26,15,12,9,62,0,86
1188.0,27,15,9,7,58,0,86
1189.0,27,14,6,5,52,0,86
1190.0,28,15,3,2,48,0,86
1191.0,29,16,1,1,47,0,86
1192.0,29,16,0,0,45,0,86
1193.0,29,18,1,1,49,0,87
1194.0,29,17,1,1,48,0,87
1195.0,29,16,2,1,48,0,87
1196.0,29,19,3,3,54,0,87
1197.0,30,19,5,5,59,0,87
1198.0,30,19,7,5,61,0,87
1199.0,30,18,9,8,65,0,87
1200.0,30,18,9,8,65,0,87
1201.0,30,18,11,10,69,0,87
1202.0,30,18,13,11,72,0,87
1203.0,30,17,13,14,74,0,87
1204.0,30,16,14,16,76,0,87
1205.0,30,15,14,17,76,0,87
1206.0,30,15,16,17,78,0,87
1207.0,30,15,17,17,79,0,87
1208.0,30,15,18,18,81,0,87
1209.0,30,15,19,18,82,0,87
1210.0,30,15,20,18,83,0,87
1211.0,30,15,20,19,84,0,87
1212.0,30,15,21,21,87,0,87
1213.0,30,15,21,21,87,0,88
1214.0,30,15,18,18,81,0,88
1215.0,30,15,15,15,75,0,88
1216.0,30,15,13,13,71,0,88
1217.0,30,15,10,10,65,0,88
1218.0,30,15,7,7,59,0,88
1219.0,30,15,4,5,54,0,88
1220.0,30,15,2,2,49,0,88
1221.0,30,15,2,0,47,0,88
1222.0,30,15,1,0,46,0,88
1223.0,30,16,2,0,48,0,89
1224.0,30,16,3,2,51,0,89
1225.0,30,16,3,5,54,0,89
1226.0,30,17,5,5,57,0,89
1227.0,30,17,8,4,59,0,89
1228.0,30,17,8,7,62,0,89
1229.0,30,17,11,8,66,0,89
1230.0,30,16,11,9,66,0,89
1231.0,30,16,12,10,68,0,89
1232.0,30,16,13,11,70,0,89
1233.0,30,16,15,13,74,0,89
1234.0,30,16,16,14,76,0,89
1235.0,30,16,16,15,77,0,89
1236.0,30,16,16,17,79,0,89
1237.0,30,16,18,18,82,0,89
1238.0,30,16,18,18,82,0,89
1239.0,30,16,18,19,83,0,89
1240.0,30,16,18,20,84,0,89
1241.0,30,16,18,20,84,0,89
1242.0,30,16,18,20,84,0,89
1243.0,30,16,18,20,84,0,90
1244.0,30,16,15,17,78,0,90
1245.0,30,16,12,14,72,0,90
1246.0,30,16,9,11,66,0,90
1247.0,30,16,6,8,60,0,90
1248.0,30,16,4,5,55,0,90
1249.0,30,16,3,3,52,0,90
1250.0,30,16,2,1,49,0,90
1251.0,30,16,1,0,47,0,90
1252.0,30,16,0,0,46,0,90
1253.0,30,16,0,1,47,0,91
1254.0,28,14,2,2,46,0,91
1255.0,27,13,2,3,45,0,91
1256.0,27,12,3,5,47,0,91
1257.0,25,11,5,5,46,0,91
1258.0,24,8,6,8,46,0,91
1259.0,23,6,7,9,45,0,91
1260.0,22,5,8,11,46,0,91
1261.0,21,3,9,11,44,0,91
1262.0,20,3,9,13,45,0,91
1263.0,19,2,10,14,45,0,92
1264.0,19,2,10,15,46,0,92
1265.0,18,2,12,15,47,0,92
1266.0,19,2,13,15,49,0,92
1267.0,19,4,13,16,52,0,92
1268.0,19,7,14,17,57,0,92
1269.0,18,6,14,17,55,0,92
1270.0,17,7,14,17,55,0,92
1271.0,17,10,14,18,59,0,92
1272.0,16,10,14,18,58,0,92
1273.0,17,10,14,18,59,0,93
1274.0,17,11,11,15,54,0,93
1275.0,17,12,8,12,49,0,93
1276.0,17,12,6,9,44,0,93
1277.0,18,12,5,7,42,0,93
1278.0,17,13,4,5,39,0,93
1279.0,16,13,3,3,35,0,93
1280.0,16,14,2,1,33,0,93
1281.0,15,15,1,1,32,0,93
1282.0,15,15,0,0,30,0,93
1283.0,16,17,0,0,33,0,94
1284.0,16,15,1,2,34,0,94
1285.0,15,17,2,3,37,0,94
1286.0,15,15,2,5,37,0,94
1287.0,15,16,3,4,38,0,94
1288.0,16,16,4,6,42,0,94
1289.0,18,16,4,6,44,0,94
1290.0,18,17,5,9,49,0,94
1291.0,18,17,6,9,50,0,94
1292.0,20,18,7,9,54,0,94
1293.0,19,17,7,12,55,0,94
1294.0,20,17,9,11,57,0,94
1295.0,21,17,9,12,59,0,94
1296.0,22,17,9,12,60,0,94
1297.0,23,17,10,12,62,0,94
1298.0,24,17,10,13,64,0,94
1299.0,25,17,10,13,65,0,94
1300.0,24,16,10,12,62,0,94
1301.0,25,16,11,15,67,0,94
1302.0,26,16,11,15,68,0,94
1303.0,26,17,11,16,70,0,94
1304.0,27,17,12,17,73,0,94
1305.0,28,17,13,17,75,0,94
1306.0,28,17,13,17,75,0,94
1307.0,29,17,13,17,76,0,94
1308.0,29,18,13,17,77,0,95
1309.0,28,16,13,17,74,0,95
1310.0,27,14,14,17,72,0,95
1311.0,26,12,14,18,70,0,95
1312.0,25,10,14,18,67,0,95
1313.0,24,8,15,18,65,0,95
1314.0,23,6,16,18,63,0,95
1315.0,22,5,16,19,62,0,95
1316.0,22,3,16,19,60,0,95
1317.0,21,1,16,19,57,0,95
1318.0,20,1,16,19,56,0,96
1319.0,19,3,13,16,51,0,96
1320.0,19,5,11,14,49,0,96
1321.0,18,5,9,12,44,0,96
1322.0,18,8,6,10,42,0,96
1323.0,18,7,4,8,37,0,96
1324.0,17,9,3,6,35,0,96
1325.0,16,10,2,4,32,0,96
1326.0,17,11,1,2,31,0,96
1327.0,17,13,0,0,30,0,96
1328.0,17,13,0,0,30,0,97
1329.0,18,12,2,1,33,0,97
1330.0,16,11,2,1,30,0,97
1331.0,17,15,4,2,38,0,97
1332.0,17,13,5,3,38,0,97
1333.0,17,13,5,4,39,0,97
1334.0,15,11,7,5,38,0,97
1335.0,15,13,8,6,42,0,97
1336.0,15,11,9,7,42,0,97
1337.0,15,11,10,9,45,0,97
1338.0,14,13,10,10,47,0,97
1339.0,14,12,13,11,50,0,97
1340.0,14,13,14,11,52,0,97
1341.0,15,14,15,12,56,0,97
1342.0,14,14,15,13,56,0,97
1343.0,15,14,15,15,59,0,97
1344.0,17,15,16,16,64,0,97
1345.0,18,15,16,17,66,0,97
1346.0,18,14,16,17,65,0,97
1347.0,19,15,17,17,68,0,97
1348.0,19,15,17,17,68,0,97
1349.0,20,15,18,17,70,0,97
1350.0,22,15,18,17,72,0,97
1351.0,22,15,18,18,73,0,97
1352.0,22,12,18,18,70,0,97
1353.0,23,11,19,18,71,0,97
1354.0,23,11,19,18,71,0,97
1355.0,24,11,20,18,73,0,97
1356.0,25,11,20,18,74,0,97
1357.0,26,13,20,18,77,0,97
1358.0,27,15,21,18,81,0,98
1359.0,27,15,19,15,76,0,98
1360.0,28,14,16,13,71,0,98
1361.0,29,14,13,11,67,0,98
1362.0,29,14,10,10,63,0,98
1363.0,29,14,8,7,58,0,98
1364.0,29,14,5,5,53,0,98
1365.0,29,14,3,3,49,0,98
1366.0,29,15,1,2,47,0,98
1367.0,29,15,0,0,44,0,98
1368.0,30,16,0,0,46,0,99
1369.0,29,16,1,1,47,0,99
1370.0,29,15,3,2,49,0,99
1371.0,30,18,4,3,55,0,99
1372.0,29,16,7,4,56,0,99
1373.0,29,17,8,4,58,0,99
1374.0,29,16,10,5,60,0,99
1375.0,29,16,12,7,64,0,99
1376.0,29,18,12,8,67,0,99
1377.0,29,17,14,10,70,0,99
1378.0,29,18,15,11,73,0,99
1379.0,29,18,16,12,75,0,99
1380.0,29,18,16,13,76,0,99
1381.0,29,17,16,15,77,0,99
1382.0,29,17,17,16,79,0,99
1383.0,29,17,17,17,80,0,99
1384.0,29,17,17,17,80,0,99
1385.0,29,17,18,17,81,0,99
1386.0,29,18,18,17,82,0,99
1387.0,29,18,18,17,82,0,99
1388.0,29,18,19,17,83,0,100
1389.0,28,16,19,17,80,0,100
1390.0,27,13,19,17,76,0,100
1391.0,26,12,19,17,74,0,100
1392.0,25,10,19,17,71,0,100
1393.0,24,8,19,17,68,0,100
1394.0,23,6,19,17,65,0,100
1395.0,22,4,19,17,62,0,100
1396.0,21,2,19,17,59,0,100
1397.0,21,2,19,17,59,0,100
1398.0,20,2,19,17,58,0,101
1399.0,19,4,17,16,56,0,101
1400.0,19,5,15,14,53,0,101
1401.0,19,8,12,12,51,0,101
1402.0,18,8,9,10,45,0,101
1403.0,18,9,8,8,43,0,101
1404.0,17,9,6,6,38,0,101
1405.0,17,11,4,4,36,0,101
1406.0,17,13,2,2,34,0,101
1407.0,17,14,1,0,32,0,101
1408.0,17,14,1,0,32,0,102
1409.0,16,13,1,1,31,0,102
1410.0,16,14,1,1,32,0,102
1411.0,16,14,2,3,35,0,102
1412.0,16,15,4,3,38,0,102
1413.0,16,18,5,4,43,0,102
1414.0,15,17,6,4,42,0,102
1415.0,14,16,8,6,44,0,102
1416.0,15,18,9,8,50,0,102
1417.0,14,14,10,9,47,0,102
1418.0,15,15,10,10,50,0,102
1419.0,15,15,12,12,54,0,102
1420.0,15,15,13,12,55,0,102
1421.0,15,15,14,14,58,0,102
1422.0,15,15,15,15,60,0,102
1423.0,16,15,15,16,62,0,102
1424.0,16,15,16,17,64,0,102
1425.0,17,15,16,17,65,0,102
1426.0,19,15,15,17,66,0,102
1427.0,19,15,15,17,66,0,102
1428.0,19,15,15,17,66,0,102
1429.0,19,15,15,17,66,0,102
1430.0,20,15,16,17,68,0,102
1431.0,21,15,17,17,70,0,102
1432.0,22,15,18,17,72,0,102
1433.0,21,15,18,17,71,0,102
1434.0,23,15,18,17,73,0,102
1435.0,23,15,18,17,73,0,102
1436.0,24,15,20,17,76,0,102
1437.0,25,15,20,17,77,0,102
1438.0,25,15,20,17,77,0,102
1439.0,26,15,21,17,79,0,102
1440.0,27,15,21,17,80,0,102
1441.0,27,15,21,17,80,0,102
1442.0,28,15,21,17,81,0,102
1443.0,29,15,21,17,82,0,103
1444.0,29,15,18,14,76,0,103
1445.0,29,15,15,12,71,0,103
1446.0,29,15,12,10,66,0,103
1447.0,29,15,10,8,62,0,103
1448.0,29,15,8,6,58,0,103
1449.0,29,15,6,4,54,0,103
1450.0,30,15,4,2,51,0,103
1451.0,30,15,2,1,48,0,103
1452.0,30,15,0,0,45,0,103
1453.0,30,15,0,0,45,0,104
1454.0,29,13,3,0,45,0,104
1455.0,28,12,3,1,44,0,104
1456.0,27,10,3,1,41,0,104
1457.0,26,9,4,2,41,0,104
1458.0,25,6,6,2,39,0,104
1459.0,24,4,8,3,39,0,104
1460.0,24,5,9,4,42,0,104
1461.0,23,2,10,7,42,0,104
1462.0,22,2,11,6,41,0,104
1463.0,21,1,13,8,43,0,105
1464.0,19,1,15,9,44,0,105
1465.0,19,3,16,8,46,0,105
1466.0,19,5,16,9,49,0,105
1467.0,18,5,17,11,51,0,105
1468.0,18,6,17,10,51,0,105
1469.0,18,8,17,11,54,0,105
1470.0,17,9,17,12,55,0,105
1471.0,17,10,17,13,57,0,105
1472.0,16,11,17,12,56,0,105
1473.0,17,12,17,12,58,0,105
1474.0,17,12,17,14,60,0,105
1475.0,17,13,17,16,63,0,105
1476.0,17,15,17,15,64,0,105
1477.0,17,13,17,16,63,0,105
1478.0,16,14,17,16,63,0,105
1479.0,16,15,17,17,65,0,105
1480.0,15,13,17,17,62,0,105
1481.0,15,14,17,17,63,0,105
1482.0,15,15,17,17,64,0,105
1483.0,15,14,17,17,63,0,105
1484.0,15,13,18,17,63,0,105
1485.0,14,15,18,17,64,0,105
1486.0,14,14,19,17,64,0,105
1487.0,15,15,19,17,66,0,105
1488.0,16,15,19,17,67,0,105
1489.0,17,15,19,17,68,0,105
1490.0,18,15,19,17,69,0,105
1491.0,18,15,19,17,69,0,105
1492.0,18,15,19,17,69,0,105
1493.0,20,15,19,18,72,0,105
1494.0,20,15,19,18,72,0,105
1495.0,21,15,19,18,73,0,105
1496.0,21,16,19,18,74,0,105
1497.0,21,16,19,18,74,0,105
1498.0,22,16,19,18,75,0,105
1499.0,25,16,19,18,78,0,105
1500.0,24,16,19,18,77,0,105
1501.0,25,16,19,18,78,0,105
1502.0,26,16,19,20,81,0,105
1503.0,26,16,19,20,81,0,105
1504.0,27,16,19,21,83,0,105
1505.0,28,16,19,21,84,0,105
1506.0,28,16,19,21,84,0,105
1507.0,29,16,19,21,85,0,105
1508.0,29,16,19,21,85,0,106
1509.0,29,16,16,18,79,0,106
1510.0,29,17,14,15,75,0,106
1511.0,29,18,12,12,71,0,106
1512.0,29,18,10,10,67,0,106
1513.0,29,18,8,8,63,0,106
1514.0,29,18,6,6,59,0,106
1515.0,29,18,4,4,55,0,106
1516.0,31,18,2,2,53,0,106
1517.0,31,18,0,0,49,0,106
1518.0,31,19,0,0,50,0,107
1519.0,29,17,0,0,46,0,107
1520.0,28,17,2,2,49,0,107
1521.0,27,15,3,2,47,0,107
1522.0,26,15,5,4,50,0,107
1523.0,25,13,6,7,51,0,107
1524.0,24,12,7,9,52,0,107
1525.0,23,11,9,8,51,0,107
1526.0,22,9,9,10,50,0,107
1527.0,22,7,10,11,50,0,107
1528.0,21,6,11,12,50,0,108
1529.0,19,4,11,16,50,0,108
1530.0,19,4,13,16,52,0,108
1531.0,18,4,13,16,51,0,108
1532.0,18,4,15,16,53,0,108
1533.0,18,5,17,16,56,0,108
1534.0,17,6,17,15,55,0,108
1535.0,18,7,17,14,56,0,108
1536.0,17,7,17,13,54,0,108
1537.0,17,9,17,13,56,0,108
1538.0,17,11,17,13,58,0,109
1539.0,16,11,15,13,55,0,109
1540.0,16,13,13,11,53,0,109
1541.0,15,15,11,9,50,0,109
1542.0,15,16,9,7,47,0,109
1543.0,15,16,8,5,44,0,109
1544.0,15,16,6,3,40,0,109
1545.0,14,16,3,1,34,0,109
1546.0,14,17,1,1,33,0,109
1547.0,14,18,0,0,32,0,109
1548.0,14,18,0,1,33,0,110
1549.0,14,17,1,0,32,0,110
1550.0,14,17,2,2,35,0,110
1551.0,14,17,3,3,37,0,110
1552.0,14,18,4,4,40,0,110
1553.0,15,19,5,4,43,0,110
1554.0,14,19,7,5,45,0,110
1555.0,16,18,8,6,48,0,110
1556.0,17,18,10,9,54,0,110
1557.0,18,18,10,10,56,0,110
1558.0,18,18,11,11,58,0,111
1559.0,19,16,11,13,59,0,111
1560.0,17,14,13,13,57,0,111
1561.0,17,12,13,13,55,0,111
1562.0,17,10,14,14,55,0,111
1563.0,18,8,16,16,58,0,111
1564.0,18,7,16,16,57,0,111
1565.0,17,5,17,17,56,0,111
1566.0,16,3,16,17,52,0,111
1567.0,16,1,16,17,50,0,111
1568.0,16,1,16,18,51,0,112
1569.0,18,2,15,15,50,0,112
1570.0,16,3,13,12,44,0,112
1571.0,18,4,10,10,42,0,112
1572.0,18,5,8,8,39,0,112
1573.0,18,6,6,6,36,0,112
1574.0,17,8,4,4,33,0,112
1575.0,17,9,3,2,31,0,112
1576.0,16,10,1,0,27,0,112
1577.0,17,12,0,0,29,0,112
1578.0,17,11,1,1,30,0,113
1579.0,17,12,1,1,31,0,113
1580.0,16,16,1,3,36,0,113
1581.0,16,14,4,5,39,0,113
1582.0,15,16,5,6,42,0,113
1583.0,15,14,7,7,43,0,113
1584.0,15,13,8,9,45,0,113
1585.0,15,14,9,7,45,0,113
1586.0,15,15,10,4,44,0,113
1587.0,15,13,12,3,43,0,113
1588.0,15,13,13,4,45,0,113
1589.0,14,13,15,6,48,0,113
1590.0,15,14,16,8,53,0,113
1591.0,15,17,17,9,58,0,113
1592.0,14,15,20,7,56,0,113
1593.0,15,15,20,10,60,0,113
1594.0,17,16,21,10,64,0,113
1595.0,16,16,23,11,66,0,113
1596.0,18,15,23,13,69,0,113
1597.0,18,15,23,14,70,0,113
1598.0,20,16,24,15,75,0,114
1599.0,20,16,21,13,70,0,114
1600.0,21,15,18,11,65,0,114
1601.0,21,17,15,9,62,0,114
1602.0,23,17,13,7,60,0,114
1603.0,22,17,10,5,54,0,114
1604.0,23,17,7,3,50,0,114
1605.0,24,16,5,1,46,0,114
1606.0,24,16,2,0,42,0,114
1607.0,25,17,1,1,44,0,114
1608.0,26,17,0,1,44,0,115
1609.0,27,17,0,2,46,0,115
1610.0,27,16,3,4,50,0,115
1611.0,28,15,4,6,53,0,115
1612.0,28,15,6,6,55,0,115
1613.0,28,15,8,8,59,0,115
1614.0,29,15,9,11,64,0,115
1615.0,28,15,12,12,67,0,115
1616.0,28,15,13,11,67,0,115
1617.0,29,15,15,11,70,0,115
1618.0,29,15,16,12,72,0,115
1619.0,29,15,17,13,74,0,115
1620.0,29,15,19,13,76,0,115
1621.0,30,15,22,14,81,0,115
1622.0,30,15,21,14,80,0,115
1623.0,30,15,23,12,80,0,116
1624.0,30,15,20,10,75,0,116
1625.0,30,15,18,8,71,0,116
1626.0,30,15,15,6,66,0,116
1627.0,30,15,12,5,62,0,116
1628.0,30,15,9,4,58,0,116
1629.0,30,15,6,2,53,0,116
1630.0,31,15,3,0,49,0,116
1631.0,31,15,1,2,49,0,116
1632.0,31,15,0,1,47,0,116
1633.0,31,15,0,2,48,0,117
1634.0,31,15,0,1,47,0,117
1635.0,31,15,1,4,51,0,117
1636.0,32,15,4,7,58,0,117
1637.0,33,15,3,9,60,0,117
1638.0,33,15,4,11,63,0,117
1639.0,33,15,5,12,65,0,117
1640.0,33,15,6,13,67,0,117
1641.0,32,15,9,14,70,0,117
1642.0,32,15,11,17,75,0,117
1643.0,32,15,12,16,75,0,117
1644.0,32,15,13,18,78,0,117
1645.0,32,15,15,18,80,0,117
1646.0,32,15,18,18,83,0,117
1647.0,32,15,19,18,84,0,117
1648.0,32,15,19,19,85,0,117
1649.0,32,15,20,20,87,0,117
1650.0,32,15,21,20,88,0,117
1651.0,32,15,21,21,89,0,117
1652.0,32,15,21,21,89,0,117
1653.0,32,15,21,22,90,0,118
1654.0,32,15,18,19,84,0,118
1655.0,32,15,15,16,78,0,118
1656.0,32,15,12,13,72,0,118
1657.0,32,16,9,10,67,0,118
1658.0,32,16,6,8,62,0,118
1659.0,32,16,4,5,57,0,118
1660.0,32,16,2,3,53,0,118
1661.0,32,16,1,1,50,0,118
1662.0,32,16,0,0,48,0,118
1663.0,32,16,0,0,48,0,119
1664.0,32,15,1,1,49,0,119
1665.0,32,15,1,1,49,0,119
1666.0,32,16,2,3,53,0,119
1667.0,32,17,2,5,56,0,119
1668.0,32,17,3,9,61,0,119
1669.0,32,16,4,9,61,0,119
1670.0,32,16,6,9,63,0,119
1671.0,32,15,7,11,65,0,119
1672.0,32,15,9,13,69,0,119
1673.0,32,15,10,14,71,0,119
1674.0,32,15,11,14,72,0,119
1675.0,32,15,12,15,74,0,119
1676.0,32,15,14,15,76,0,119
1677.0,32,15,14,15,76,0,119
1678.0,32,15,16,15,78,0,119
1679.0,32,15,16,15,78,0,119
1680.0,32,15,17,15,79,0,119
1681.0,32,15,17,15,79,0,119
1682.0,32,15,17,15,79,0,119
1683.0,32,15,17,15,79,0,120
1684.0,29,13,18,15,75,0,120
1685.0,27,11,18,16,72,0,120
1686.0,26,9,18,16,69,0,120
1687.0,25,7,18,17,67,0,120
1688.0,24,5,18,17,64,0,120
1689.0,23,3,18,17,61,0,120
1690.0,22,2,18,18,60,0,120
1691.0,21,2,19,18,60,0,120
1692.0,20,1,18,18,57,0,120
1693.0,19,1,18,18,56,0,121
1694.0,19,2,16,15,52,0,121
1695.0,19,3,13,13,48,0,121
1696.0,19,3,11,11,44,0,121
1697.0,18,4,8,9,39,0,121
1698.0,18,4,6,7,35,0,121
1699.0,17,5,4,5,31,0,121
1700.0,17,6,2,3,28,0,121
1701.0,18,6,1,1,26,0,121
1702.0,17,7,1,1,26,0,121
1703.0,17,8,0,0,25,0,122
1704.0,17,8,1,2,28,0,122
1705.0,16,8,2,2,28,0,122
1706.0,16,9,2,4,31,0,122
1707.0,16,9,4,5,34,0,122
1708.0,16,10,6,5,37,0,122
1709.0,16,10,8,7,41,0,122
1710.0,15,11,8,9,43,0,122
1711.0,15,12,9,11,47,0,122
1712.0,15,12,10,10,47,0,122
1713.0,15,12,12,12,51,0,122
1714.0,15,12,13,14,54,0,122
1715.0,14,12,13,15,54,0,122
1716.0,14,12,14,16,56,0,122
1717.0,15,12,15,16,58,0,122
1718.0,17,12,15,16,60,0,122
1719.0,16,12,16,16,60,0,122
1720.0,19,12,17,16,64,0,122
1721.0,17,12,17,16,62,0,122
1722.0,19,12,18,16,65,0,122
1723.0,20,12,19,16,67,0,123
1724.0,19,12,16,13,60,0,123
1725.0,20,13,14,11,58,0,123
1726.0,21,13,11,10,55,0,123
1727.0,22,13,8,8,51,0,123
1728.0,23,14,6,7,50,0,123
1729.0,24,14,4,5,47,0,123
1730.0,24,14,2,3,43,0,123
1731.0,25,14,1,1,41,0,123
1732.0,25,16,0,2,43,0,123
1733.0,26,16,0,4,46,0,124
1734.0,27,15,1,4,47,0,124
1735.0,27,14,2,4,47,0,124
1736.0,28,13,3,3,47,0,124
1737.0,29,13,4,4,50,0,124
1738.0,29,13,5,9,56,0,124
1739.0,29,13,6,8,56,0,124
1740.0,29,13,8,11,61,0,124
1741.0,29,13,8,11,61,0,124
1742.0,29,14,9,12,64,0,124
1743.0,29,14,9,14,66,0,124
1744.0,29,14,10,15,68,0,124
1745.0,29,14,12,15,70,0,124
1746.0,29,14,11,16,70,0,124
1747.0,29,14,12,15,70,0,124
1748.0,29,14,14,16,73,0,124
1749.0,29,14,14,17,74,0,124
1750.0,29,14,14,17,74,0,124
1751.0,29,14,14,18,75,0,124
1752.0,29,14,14,18,75,0,124
1753.0,29,14,14,18,75,0,125
1754.0,29,14,12,15,70,0,125
1755.0,29,14,10,12,65,0,125
1756.0,29,14,8,9,60,0,125
1757.0,29,14,6,7,56,0,125
1758.0,29,14,4,5,52,0,125
1759.0,29,14,3,3,49,0,125
1760.0,29,14,2,1,46,0,125
1761.0,29,14,1,1,45,0,125
1762.0,29,14,1,1,45,0,125
1763.0,29,14,1,3,47,0,126
1764.0,28,12,2,3,45,0,126
1765.0,27,10,3,4,44,0,126
1766.0,26,8,4,6,44,0,126
1767.0,25,6,7,8,46,0,126
1768.0,24,4,7,7,42,0,126
1769.0,23,3,6,9,41,0,126
1770.0,22,3,7,9,41,0,126
1771.0,21,2,8,11,42,0,126
1772.0,21,2,9,10,42,0,126
1773.0,20,1,9,12,42,0,127
1774.0,19,1,11,13,44,0,127
1775.0,18,2,9,15,44,0,127
1776.0,19,4,11,16,50,0,127
1777.0,18,4,10,16,48,0,127
1778.0,18,6,10,17,51,0,127
1779.0,18,6,12,18,54,0,127
1780.0,18,7,11,18,54,0,127
1781.0,17,7,11,19,54,0,127
1782.0,16,8,11,19,54,0,127
1783.0,16,9,11,19,55,0,128
1784.0,16,9,9,16,50,0,128
1785.0,16,10,6,13,45,0,128
1786.0,16,10,4,10,40,0,128
1787.0,16,11,2,7,36,0,128
1788.0,15,12,1,4,32,0,128
1789.0,16,12,0,2,30,0,128
1790.0,16,12,0,1,29,0,128
1791.0,15,12,0,0,27,0,128
1792.0,15,13,0,0,28,0,128
1793.0,14,13,0,2,29,0,129
1794.0,13,12,1,2,28,0,129
1795.0,14,13,2,3,32,0,129
1796.0,14,13,3,3,33,0,129
1797.0,14,13,6,2,35,0,129
1798.0,15,13,5,2,35,0,129
1799.0,17,14,7,4,42,0,129
1800.0,16,14,7,5,42,0,129
1801.0,17,13,8,8,46,0,129
1802.0,18,13,9,10,50,0,129
1803.0,18,13,9,11,51,0,129
1804.0,20,12,9,11,52,0,129
1805.0,19,12,9,12,52,0,129
1806.0,21,12,11,15,59,0,129
1807.0,21,12,11,14,58,0,129
1808.0,21,12,12,15,60,0,129
1809.0,23,13,12,15,63,0,129
1810.0,23,13,10,16,62,0,129
1811.0,25,13,10,17,65,0,129
1812.0,24,13,10,17,64,0,129
1813.0,25,13,11,17,66,0,129
1814.0,26,13,12,18,69,0,129
1815.0,26,13,14,18,71,0,129
1816.0,27,13,16,19,75,0,129
1817.0,28,13,18,19,78,0,129
1818.0,29,13,18,19,79,0,130
1819.0,29,13,16,16,74,0,130
1820.0,29,13,13,13,68,0,130
1821.0,30,13,10,10,63,0,130
1822.0,30,13,7,8,58,0,130
1823.0,30,13,5,6,54,0,130
1824.0,30,13,5,4,52,0,130
1825.0,30,13,3,2,48,0,130
1826.0,30,14,1,1,46,0,130
1827.0,30,15,0,2,47,0,130
1828.0,30,15,0,1,46,0,131
1829.0,29,15,0,3,47,0,131
1830.0,29,14,2,4,49,0,131
1831.0,29,14,3,5,51,0,131
1832.0,30,15,5,7,57,0,131
1833.0,29,15,5,7,56,0,131
1834.0,29,15,5,8,57,0,131
1835.0,29,14,7,11,61,0,131
1836.0,29,14,9,11,63,0,131
1837.0,29,14,9,11,63,0,131
1838.0,29,14,11,11,65,0,131
1839.0,29,14,12,13,68,0,131
1840.0,29,15,12,14,70,0,131
1841.0,29,15,14,14,72,0,131
1842.0,29,15,14,14,72,0,131
1843.0,29,16,15,15,75,0,131
1844.0,29,16,16,16,77,0,131
1845.0,29,16,17,16,78,0,131
1846.0,29,16,17,16,78,0,131
1847.0,29,16,17,16,78,0,131
1848.0,29,16,17,16,78,0,132
1849.0,28,14,17,16,75,0,132
1850.0,27,12,17,16,72,0,132
1851.0,26,10,17,16,69,0,132
1852.0,25,9,17,16,67,0,132
1853.0,24,7,17,16,64,0,132
1854.0,23,5,17,16,61,0,132
1855.0,22,3,17,16,58,0,132
1856.0,21,2,17,17,57,0,132
1857.0,20,1,17,17,55,0,132
1858.0,20,1,17,17,55,0,133
1859.0,19,2,15,15,51,0,133
1860.0,19,3,12,13,47,0,133
1861.0,18,4,10,11,43,0,133
1862.0,18,5,8,9,40,0,133
1863.0,18,6,6,8,38,0,133
1864.0,18,8,4,6,36,0,133
1865.0,17,10,3,4,34,0,133
1866.0,17,11,1,3,32,0,133
1867.0,16,11,0,1,28,0,133
1868.0,16,12,0,0,28,0,134
1869.0,16,12,1,2,31,0,134
1870.0,16,12,1,2,31,0,134
1871.0,16,14,3,4,37,0,134
1872.0,16,15,4,4,39,0,134
1873.0,16,14,5,5,40,0,134
1874.0,15,14,6,7,42,0,134
1875.0,15,14,7,8,44,0,134
1876.0,15,14,8,8,45,0,134
1877.0,16,14,10,10,50,0,134
1878.0,14,14,11,11,50,0,134
1879.0,14,14,11,12,51,0,134
1880.0,14,14,12,14,54,0,134
1881.0,15,14,12,13,54,0,134
1882.0,14,14,13,15,56,0,134
1883.0,15,14,13,15,57,0,134
1884.0,16,14,13,15,58,0,134
1885.0,17,14,13,15,59,0,134
1886.0,18,14,13,15,60,0,134
1887.0,18,14,13,15,60,0,134
1888.0,18,14,14,15,61,0,134
1889.0,20,14,14,15,63,0,134
1890.0,21,14,14,15,64,0,134
1891.0,21,14,14,16,65,0,134
1892.0,21,14,14,16,65,0,134
1893.0,23,14,14,16,67,0,134
1894.0,22,14,14,16,66,0,134
1895.0,23,14,15,16,68,0,134
1896.0,25,14,16,16,71,0,134
1897.0,25,14,15,16,70,0,134
1898.0,25,14,15,16,70,0,134
1899.0,27,14,15,16,72,0,134
1900.0,27,14,16,16,73,0,134
1901.0,27,14,15,16,72,0,134
1902.0,29,14,15,16,74,0,134
1903.0,28,14,15,16,73,0,135
1904.0,28,14,13,14,69,0,135
1905.0,28,14,10,13,65,0,135
1906.0,29,15,8,11,63,0,135
1907.0,30,15,5,9,59,0,135
1908.0,30,15,3,7,55,0,135
1909.0,30,15,2,5,52,0,135
1910.0,31,15,1,3,50,0,135
1911.0,31,15,0,1,47,0,135
1912.0,31,15,0,0,46,0,135
1913.0,32,15,0,0,47,0,136
1914.0,31,15,1,1,48,0,136
1915.0,31,15,2,1,49,0,136
1916.0,31,15,3,1,50,0,136
1917.0,31,15,5,3,54,0,136
1918.0,31,15,6,4,56,0,136
1919.0,31,15,6,5,57,0,136
1920.0,32,15,7,5,59,0,136
1921.0,32,15,7,8,62,0,136
1922.0,32,15,8,9,64,0,136
1923.0,32,15,9,11,67,0,136
1924.0,32,15,10,11,68,0,136
1925.0,32,15,11,12,70,0,136
1926.0,32,15,12,12,71,0,136
1927.0,32,15,12,13,72,0,136
1928.0,32,15,12,14,73,0,136
1929.0,32,15,12,14,73,0,136
1930.0,32,15,13,15,75,0,136
1931.0,32,15,13,15,75,0,136
1932.0,32,15,13,16,76,0,136
1933.0,32,15,13,17,77,0,137
1934.0,32,15,10,14,71,0,137
1935.0,32,15,7,12,66,0,137
1936.0,32,15,5,10,62,0,137
1937.0,32,15,4,8,59,0,137
1938.0,32,15,3,7,57,0,137
1939.0,32,15,2,5,54,0,137
1940.0,32,15,1,3,51,0,137
1941.0,32,15,0,1,48,0,137
1942.0,32,15,0,0,47,0,137
1943.0,32,15,0,0,47,0,138
1944.0,29,13,0,1,43,0,138
1945.0,27,11,1,2,41,0,138
1946.0,28,10,3,5,46,0,138
1947.0,27,8,3,4,42,0,138
1948.0,27,7,3,5,42,0,138
1949.0,26,6,4,7,43,0,138
1950.0,23,5,5,9,42,0,138
1951.0,21,4,6,9,40,0,138
1952.0,20,2,6,9,37,0,138
1953.0,19,2,8,12,41,0,139
1954.0,18,2,8,13,41,0,139
1955.0,19,2,8,13,42,0,139
1956.0,18,4,8,13,43,0,139
1957.0,18,4,10,14,46,0,139
1958.0,18,6,8,15,47,0,139
1959.0,18,7,8,15,48,0,139
1960.0,18,8,9,17,52,0,139
1961.0,18,9,8,17,52,0,139
1962.0,19,10,8,17,54,0,139
1963.0,18,11,8,17,54,0,140
1964.0,18,13,6,15,52,0,140
1965.0,18,13,6,13,50,0,140
1966.0,18,14,4,11,47,0,140
1967.0,18,14,4,9,45,0,140
1968.0,17,15,2,7,41,0,140
1969.0,17,16,1,5,39,0,140
1970.0,16,16,1,3,36,0,140
1971.0,16,16,0,1,33,0,140
1972.0,17,16,0,0,33,0,140
1973.0,17,16,1,0,34,0,141
1974.0,17,16,2,0,35,0,141
1975.0,17,16,1,0,34,0,141
1976.0,18,16,4,2,40,0,141
1977.0,17,16,3,4,40,0,141
1978.0,18,16,4,4,42,0,141
1979.0,19,16,7,6,48,0,141
1980.0,21,16,6,8,51,0,141
1981.0,20,16,6,8,50,0,141
1982.0,20,16,7,10,53,0,141
1983.0,21,16,7,11,55,0,141
1984.0,23,16,7,11,57,0,141
1985.0,22,16,9,13,60,0,141
1986.0,23,16,10,14,63,0,141
1987.0,24,16,12,14,66,0,141
1988.0,24,16,11,15,66,0,141
1989.0,25,16,12,14,67,0,141
1990.0,24,16,15,13,68,0,141
1991.0,26,16,15,13,70,0,141
1992.0,26,16,15,13,70,0,141
1993.0,27,16,17,13,73,0,141
1994.0,27,16,18,15,76,0,141
1995.0,28,16,18,15,77,0,141
1996.0,28,16,20,16,80,0,141
1997.0,29,16,21,16,82,0,141
1998.0,30,16,21,16,83,0,142
1999.0,30,16,19,14,79,0,142
2000.0,30,16,16,12,74,0,142
2001.0,30,16,14,11,71,0,142
2002.0,30,16,11,9,66,0,142
2003.0,30,16,8,7,61,0,142
2004.0,30,16,6,5,57,0,142
2005.0,30,16,3,3,52,0,142
2006.0,30,16,1,1,48,0,142
2007.0,30,16,0,1,47,0,142
2008.0,30,16,0,0,46,0,143
2009.0,28,14,1,0,43,0,143
2010.0,28,12,2,1,43,0,143
2011.0,27,11,2,2,42,0,143
2012.0,26,9,3,3,41,0,143
2013.0,25,8,3,5,41,0,143
2014.0,24,6,3,5,38,0,143
2015.0,22,4,4,6,36,0,143
2016.0,21,4,7,8,40,0,143
2017.0,20,3,6,9,38,0,143
2018.0,19,4,8,10,41,0,144
2019.0,18,1,9,11,39,0,144
2020.0,18,1,9,11,39,0,144
2021.0,18,1,11,12,42,0,144
2022.0,18,4,12,12,46,0,144
2023.0,17,4,12,13,46,0,144
2024.0,17,6,12,14,49,0,144
2025.0,17,7,13,16,53,0,144
2026.0,16,8,14,16,54,0,144
2027.0,16,9,16,16,57,0,144
2028.0,16,10,15,17,58,0,144
2029.0,16,11,16,17,60,0,144
2030.0,15,13,17,17,62,0,144
2031.0,16,15,17,17,65,0,144
2032.0,15,15,18,17,65,0,144
2033.0,15,15,19,17,66,0,145
2034.0,15,15,16,15,61,0,145
2035.0,15,15,15,13,58,0,145
2036.0,14,15,12,11,52,0,145
2037.0,14,15,9,9,47,0,145
2038.0,13,16,6,7,42,0,145
2039.0,13,16,3,5,37,0,145
2040.0,13,16,1,3,33,0,145
2041.0,14,16,0,2,32,0,145
2042.0,14,16,0,2,32,0,145
2043.0,15,16,0,0,31,0,146
2044.0,17,16,2,1,36,0,146
2045.0,17,16,4,3,40,0,146
2046.0,18,16,4,4,42,0,146
2047.0,19,16,5,6,46,0,146
2048.0,19,16,6,8,49,0,146
2049.0,18,16,7,8,49,0,146
2050.0,20,16,9,10,55,0,146
2051.0,20,16,11,10,57,0,146
2052.0,21,16,12,12,61,0,146
2053.0,22,16,14,13,65,0,146
2054.0,24,16,13,14,67,0,146
2055.0,24,16,15,15,70,0,146
2056.0,24,16,16,16,72,0,146
2057.0,26,16,18,16,76,0,146
2058.0,28,16,20,16,80,0,146
2059.0,28,16,21,16,81,0,146
2060.0,28,16,21,16,81,0,146
2061.0,28,16,21,16,81,0,146
2062.0,28,16,21,16,81,0,146
2063.0,29,16,21,16,82,0,147
2064.0,29,16,18,14,77,0,147
2065.0,29,16,15,12,72,0,147
2066.0,29,16,12,10,67,0,147
2067.0,29,16,9,8,62,0,147
2068.0,29,16,6,6,57,0,147
2069.0,29,16,3,4,52,0,147
2070.0,29,16,1,2,48,0,147
2071.0,29,16,0,0,45,0,147
2072.0,29,16,0,0,45,0,147
2073.0,29,16,0,2,47,0,148
2074.0,29,16,1,2,48,0,148
2075.0,30,16,2,4,52,0,148
2076.0,30,17,3,5,55,0,148
2077.0,30,17,3,5,55,0,148
2078.0,30,17,5,6,58,0,148
2079.0,31,17,6,7,61,0,148
2080.0,30,16,8,9,63,0,148
2081.0,30,16,9,11,66,0,148
2082.0,30,16,12,12,70,0,148
2083.0,30,16,12,13,71,0,149
2084.0,28,14,13,13,68,0,149
2085.0,27,12,13,14,66,0,149
2086.0,26,11,13,14,64,0,149
2087.0,25,9,15,15,64,0,149
2088.0,24,7,15,16,62,0,149
2089.0,23,5,16,16,60,0,149
2090.0,22,3,16,16,57,0,149
2091.0,21,3,17,16,57,0,149
2092.0,21,2,17,16,56,0,149
2093.0,20,2,17,16,55,0,150
2094.0,19,3,14,13,49,0,150
2095.0,19,3,11,11,44,0,150
2096.0,18,5,8,9,40,0,150
2097.0,18,6,5,7,36,0,150
2098.0,18,7,3,5,33,0,150
2099.0,17,9,2,3,31,0,150
2100.0,16,10,1,1,28,0,150
2101.0,16,10,0,0,26,0,150
2102.0,15,12,0,0,27,0,150
2103.0,16,12,0,1,29,0,151
2104.0,15,11,1,0,27,0,151
2105.0,15,13,2,2,32,0,151
2106.0,15,15,4,4,38,0,151
2107.0,16,13,5,3,37,0,151
2108.0,16,12,6,4,38,0,151
2109.0,15,12,7,5,39,0,151
2110.0,15,13,7,5,40,0,151
2111.0,15,14,11,7,47,0,151
2112.0,15,14,9,6,44,0,151
2113.0,15,15,11,9,50,0,151
2114.0,15,16,12,9,52,0,151
2115.0,14,15,12,10,51,0,151
2116.0,14,14,12,12,52,0,151
2117.0,14,16,12,12,54,0,151
2118.0,14,17,14,13,58,0,151
2119.0,15,16,14,14,59,0,151
2120.0,17,16,14,14,61,0,151
2121.0,16,15,14,13,58,0,151
2122.0,17,16,16,14,63,0,151
2123.0,18,15,16,15,64,0,151
2124.0,19,15,16,16,66,0,151
2125.0,20,16,16,16,68,0,151
2126.0,20,16,17,16,69,0,151
2127.0,21,16,17,16,70,0,151
2128.0,22,16,16,16,70,0,151
2129.0,22,16,16,16,70,0,151
2130.0,23,16,16,16,71,0,151
2131.0,25,16,16,16,73,0,151
2132.0,26,16,16,17,75,0,151
2133.0,25,16,17,18,76,0,151
2134.0,27,16,17,18,78,0,151
2135.0,27,16,17,18,78,0,151
2136.0,27,16,18,18,79,0,151
2137.0,29,16,18,18,81,0,151
2138.0,28,16,18,18,80,0,152
2139.0,28,16,15,16,75,0,152
2140.0,28,16,12,14,70,0,152
2141.0,29,16,9,12,66,0,152
2142.0,29,17,7,10,63,0,152
2143.0,29,17,5,8,59,0,152
2144.0,29,17,3,6,55,0,152
2145.0,29,17,2,4,52,0,152
2146.0,29,17,1,2,49,0,152
2147.0,29,17,0,0,46,0,152
2148.0,29,17,1,1,48,0,153
2149.0,28,15,1,2,46,0,153
2150.0,27,13,3,2,45,0,153
2151.0,27,12,4,4,47,0,153
2152.0,26,9,5,4,44,0,153
2153.0,25,8,5,3,41,0,153
2154.0,24,6,7,5,42,0,153
2155.0,23,4,7,6,40,0,153
2156.0,22,3,9,7,41,0,153
2157.0,22,2,11,8,43,0,153
2158.0,22,2,12,9,45,0,154
2159.0,21,2,10,9,42,0,154
2160.0,21,3,10,8,42,0,154
2161.0,20,3,9,7,39,0,154
2162.0,20,5,8,9,42,0,154
2163.0,19,6,6,6,37,0,154
2164.0,19,6,4,4,33,0,154
2165.0,19,7,3,3,32,0,154
2166.0,18,9,1,2,30,0,154
2167.0,18,11,0,2,31,0,154
2168.0,18,11,1,2,32,0,155
2169.0,16,12,2,4,34,0,155
2170.0,15,12,3,2,32,0,155
2171.0,15,13,4,4,36,0,155
2172.0,14,15,5,5,39,0,155
2173.0,14,16,6,5,41,0,155
2174.0,14,16,7,7,44,0,155
2175.0,14,16,9,9,48,0,155
2176.0,14,16,9,9,48,0,155
2177.0,13,16,10,10,49,0,155
2178.0,12,15,11,12,50,0,155
2179.0,12,15,12,13,52,0,155
2180.0,12,15,12,13,52,0,155
2181.0,13,16,13,14,56,0,155
2182.0,14,16,14,14,58,0,155
2183.0,14,16,14,15,59,0,155
2184.0,15,18,14,16,63,0,155
2185.0,17,16,14,16,63,0,155
2186.0,16,17,14,17,64,0,155
2187.0,17,17,14,18,66,0,155
2188.0,18,17,14,18,67,0,155
2189.0,19,17,14,18,68,0,155
2190.0,21,17,14,18,70,0,155
2191.0,21,17,14,18,70,0,155
2192.0,22,17,14,18,71,0,155
2193.0,22,17,14,18,71,0,155
2194.0,24,17,14,18,73,0,155
2195.0,24,17,14,18,73,0,155
2196.0,24,17,15,18,74,0,155
2197.0,24,17,15,18,74,0,155
2198.0,26,17,16,18,77,0,155
2199.0,26,17,16,18,77,0,155
2200.0,26,17,17,18,78,0,155
2201.0,28,17,17,18,80,0,155
2202.0,28,17,17,18,80,0,155
2203.0,29,17,17,18,81,0,155
2204.0,29,17,17,18,81,0,155
2205.0,29,17,17,18,81,0,155
2206.0,29,18,17,18,82,0,155
2207.0,29,18,17,18,82,0,155
2208.0,29,18,17,18,82,0,155
2209.0,29,18,18,18,83,0,155
2210.0,29,18,18,18,83,0,155
2211.0,29,18,18,18,83,0,155
2212.0,29,18,18,18,83,0,155
2213.0,29,18,18,18,83,0,155
2214.0,29,18,18,18,83,0,155
2215.0,29,18,18,18,83,0,155
2216.0,29,18,18,18,83,0,155
2217.0,29,18,18,18,83,0,155
2218.0,29,18,18,18,83,0,156
2219.0,28,16,18,18,80,0,156
2220.0,27,14,18,18,77,0,156
2221.0,26,12,18,18,74,0,156
2222.0,25,10,18,18,71,0,156
2223.0,24,9,18,18,69,0,156
2224.0,23,7,18,18,66,0,156
2225.0,22,5,18,18,63,0,156
2226.0,21,3,18,18,60,0,156
2227.0,21,4,18,18,61,0,156
2228.0,20,5,18,18,61,0,157
2229.0,19,6,15,16,56,0,157
2230.0,19,3,13,14,49,0,157
2231.0,18,4,10,12,44,0,157
2232.0,19,5,7,10,41,0,157
2233.0,19,6,5,8,38,0,157
2234.0,18,7,3,6,34,0,157
2235.0,17,8,2,4,31,0,157
2236.0,17,10,1,2,30,0,157
2237.0,17,11,0,1,29,0,157
2238.0,17,12,0,1,30,0,158
2239.0,17,12,1,2,32,0,158
2240.0,16,12,1,3,32,0,158
2241.0,16,13,2,5,36,0,158
2242.0,16,14,3,6,39,0,158
2243.0,16,15,3,7,41,0,158
2244.0,16,16,3,8,43,0,158
2245.0,15,16,5,9,45,0,158
2246.0,15,17,5,13,50,0,158
2247.0,15,17,6,15,53,0,158
2248.0,15,17,7,14,53,0,158
2249.0,15,17,8,13,53,0,158
2250.0,15,17,8,12,52,0,158
2251.0,14,17,9,15,55,0,158
2252.0,15,17,9,16,57,0,158
2253.0,15,17,11,17,60,0,158
2254.0,17,17,12,18,64,0,158
2255.0,18,17,13,18,66,0,158
2256.0,19,17,14,18,68,0,158
2257.0,19,17,15,18,69,0,158
2258.0,20,17,15,18,70,0,158
2259.0,22,17,15,18,72,0,158
2260.0,21,17,16,18,72,0,158
2261.0,21,17,18,18,74,0,158
2262.0,22,17,18,19,76,0,158
2263.0,23,17,18,19,77,0,158
2264.0,25,17,18,19,79,0,158
2265.0,24,17,18,20,79,0,158
2266.0,25,17,18,21,81,0,158
2267.0,25,17,18,21,81,0,158
2268.0,26,18,18,21,83,0,158
2269.0,27,18,19,21,85,0,158
2270.0,28,18,19,21,86,0,158
2271.0,28,18,19,21,86,0,158
2272.0,28,18,20,21,87,0,158
2273.0,29,18,20,21,88,0,159
2274.0,29,18,18,18,83,0,159
2275.0,29,18,16,15,78,0,159
2276.0,29,18,13,12,72,0,159
2277.0,29,18,10,10,67,0,159
2278.0,29,18,7,8,62,0,159
2279.0,30,18,4,6,58,0,159
2280.0,30,18,2,4,54,0,159
2281.0,31,18,1,2,52,0,159
2282.0,31,18,0,1,50,0,159
2283.0,31,18,1,1,51,0,160
2284.0,30,18,1,2,51,0,160
2285.0,29,18,1,3,51,0,160
2286.0,30,18,1,4,53,0,160
2287.0,30,18,3,5,56,0,160
2288.0,31,18,4,7,60,0,160
2289.0,31,18,4,9,62,0,160
2290.0,30,18,7,9,64,0,160
2291.0,29,18,8,10,65,0,160
2292.0,29,18,9,12,68,0,160
2293.0,29,18,13,12,72,0,160
2294.0,29,18,15,13,75,0,160
2295.0,29,18,15,14,76,0,160
2296.0,29,18,17,15,79,0,160
2297.0,29,18,18,16,81,0,160
2298.0,29,18,19,17,83,0,160
2299.0,29,18,21,17,85,0,160
2300.0,29,18,22,18,87,0,160
2301.0,29,18,22,18,87,0,160
2302.0,29,18,22,18,87,0,160
2303.0,29,18,22,18,87,0,161
2304.0,29,18,19,16,82,0,161
2305.0,29,18,16,14,77,0,161
2306.0,29,18,13,12,72,0,161
2307.0,29,18,10,10,67,0,161
2308.0,29,18,7,8,62,0,161
2309.0,29,18,4,6,57,0,161
2310.0,29,18,1,4,52,0,161
2311.0,29,18,0,2,49,0,161
2312.0,29,18,0,0,47,0,161
2313.0,29,18,0,2,49,0,162
2314.0,28,16,1,2,47,0,162
2315.0,27,15,2,3,47,0,162
2316.0,26,13,4,5,48,0,162
2317.0,25,11,7,5,48,0,162
2318.0,24,9,7,7,47,0,162
2319.0,23,6,10,7,46,0,162
2320.0,22,5,13,8,48,0,162
2321.0,21,3,12,9,45,0,162
2322.0,20,2,14,11,47,0,162
2323.0,19,0,15,12,46,0,163
2324.0,19,1,14,12,46,0,163
2325.0,19,2,12,10,43,0,163
2326.0,19,2,9,8,38,0,163
2327.0,19,4,7,7,37,0,163
2328.0,18,4,4,5,31,0,163
2329.0,18,6,3,3,30,0,163
2330.0,18,7,2,1,28,0,163
2331.0,17,9,1,0,27,0,163
2332.0,17,9,0,0,26,0,163
2333.0,17,11,0,1,29,0,164
2334.0,16,12,2,0,30,0,164
2335.0,17,14,2,0,33,0,164
2336.0,16,14,4,2,36,0,164
2337.0,16,15,6,3,40,0,164
2338.0,16,15,7,6,44,0,164
2339.0,15,16,7,6,44,0,164
2340.0,16,16,10,7,49,0,164
2341.0,15,16,12,8,51,0,164
2342.0,15,17,12,10,54,0,164
2343.0,15,17,12,9,53,0,164
2344.0,15,17,14,10,56,0,164
2345.0,15,17,13,11,56,0,164
2346.0,15,17,14,12,58,0,164
2347.0,16,17,16,12,61,0,164
2348.0,17,17,17,14,65,0,164
2349.0,19,17,18,14,68,0,164
2350.0,17,17,16,15,65,0,164
2351.0,18,17,18,15,68,0,164
2352.0,20,17,18,15,70,0,164
2353.0,20,17,17,16,70,0,164
2354.0,21,16,17,16,70,0,164
2355.0,22,16,20,16,74,0,164
2356.0,22,16,22,17,77,0,164
2357.0,23,16,23,17,79,0,164
2358.0,23,16,24,17,80,0,164
2359.0,25,16,24,17,82,0,164
2360.0,25,16,24,18,83,0,164
2361.0,25,16,25,18,84,0,164
2362.0,26,16,25,18,85,0,164
2363.0,27,17,25,18,87,0,165
2364.0,27,17,23,15,82,0,165
2365.0,28,17,20,14,79,0,165
2366.0,28,17,17,12,74,0,165
2367.0,29,17,14,10,70,0,165
2368.0,29,17,11,8,65,0,165
2369.0,29,17,8,6,60,0,165
2370.0,29,17,5,4,55,0,165
2371.0,29,17,2,3,51,0,165
2372.0,29,17,1,1,48,0,165
2373.0,29,17,2,0,48,0,166
2374.0,29,17,4,1,51,0,166
2375.0,29,17,4,2,52,0,166
2376.0,29,17,5,3,54,0,166
2377.0,29,17,7,4,57,0,166
2378.0,29,17,8,5,59,0,166
2379.0,29,17,10,7,63,0,166
2380.0,29,17,12,9,67,0,166
2381.0,29,17,14,11,71,0,166
2382.0,29,17,15,12,73,0,166
2383.0,29,17,18,12,76,0,166
2384.0,29,17,17,14,77,0,166
2385.0,29,17,18,14,78,0,166
2386.0,29,17,19,15,80,0,166
2387.0,29,17,21,16,83,0,166
2388.0,29,17,22,17,85,0,166
2389.0,29,17,23,18,87,0,166
2390.0,29,17,25,18,89,0,166
2391.0,29,17,24,18,88,0,166
2392.0,29,17,24,18,88,0,166
2393.0,29,17,24,18,88,0,167
2394.0,29,17,22,16,84,0,167
2395.0,29,17,19,14,79,0,167
2396.0,29,17,16,12,74,0,167
2397.0,29,17,13,10,69,0,167
2398.0,29,18,10,8,65,0,167
2399.0,29,18,7,6,60,0,167
2400.0,29,18,4,4,55,0,167
2401.0,29,18,1,2,50,0,167
2402.0,29,18,0,0,47,0,167
2403.0,29,18,0,0,47,0,168
2404.0,28,16,0,1,45,0,168
2405.0,27,14,1,1,43,0,168
2406.0,26,12,1,2,41,0,168
2407.0,25,11,0,3,39,0,168
2408.0,24,10,2,4,40,0,168
2409.0,23,9,3,5,40,0,168
2410.0,22,7,6,7,42,0,168
2411.0,21,6,6,9,42,0,168
2412.0,20,4,9,10,43,0,168
2413.0,19,5,11,11,46,0,169
2414.0,20,3,13,12,48,0,169
2415.0,19,4,14,12,49,0,169
2416.0,18,5,15,12,50,0,169
2417.0,18,8,15,13,54,0,169
2418.0,18,7,15,14,54,0,169
2419.0,17,8,16,15,56,0,169
2420.0,17,9,17,15,58,0,169
2421.0,17,10,18,15,60,0,169
2422.0,17,12,19,15,63,0,169
2423.0,17,14,20,15,66,0,169
2424.0,17,14,18,15,64,0,169
2425.0,16,15,18,15,64,0,169
2426.0,17,16,19,15,67,0,169
2427.0,16,17,20,15,68,0,169
2428.0,16,18,21,15,70,0,169
2429.0,16,18,21,15,70,0,169
2430.0,16,18,21,15,70,0,169
2431.0,16,18,21,15,70,0,169
2432.0,16,18,21,15,70,0,169
2433.0,15,18,21,15,69,0,169
2434.0,16,18,21,15,70,0,169
2435.0,15,18,21,15,69,0,169
2436.0,15,18,22,15,70,0,169
2437.0,16,18,22,15,71,0,169
2438.0,15,18,22,15,70,0,169
2439.0,17,18,22,15,72,0,169
2440.0,17,18,22,15,72,0,169
2441.0,19,18,23,15,75,0,169
2442.0,19,18,23,15,75,0,169
2443.0,19,18,23,15,75,0,169
2444.0,21,18,23,15,77,0,169
2445.0,20,18,23,15,76,0,169
2446.0,21,18,23,15,77,0,169
2447.0,21,18,23,16,78,0,169
2448.0,23,18,23,16,80,0,169
2449.0,23,18,23,16,80,0,169
2450.0,24,18,23,16,81,0,169
2451.0,25,18,23,16,82,0,169
2452.0,25,18,23,16,82,0,169
2453.0,26,18,23,16,83,0,170
2454.0,27,18,20,15,80,0,170
2455.0,26,18,17,13,74,0,170
2456.0,27,18,14,11,70,0,170
2457.0,27,18,11,9,65,0,170
2458.0,28,18,8,7,61,0,170
2459.0,29,18,5,5,57,0,170
2460.0,30,18,2,3,53,0,170
2461.0,30,18,0,1,49,0,170
2462.0,30,18,0,1,49,0,170
2463.0,30,18,0,0,48,0,171
2464.0,30,18,0,1,49,0,171
2465.0,30,18,2,2,52,0,171
2466.0,30,18,2,3,53,0,171
2467.0,31,18,2,4,55,0,171
2468.0,32,18,5,4,59,0,171
2469.0,33,18,4,6,61,0,171
2470.0,32,18,6,9,65,0,171
2471.0,31,18,8,8,65,0,171
2472.0,30,18,7,9,64,0,171
2473.0,30,18,8,9,65,0,171
2474.0,30,18,9,11,68,0,171
2475.0,30,18,9,13,70,0,171
2476.0,30,18,9,14,71,0,171
2477.0,30,18,11,14,73,0,171
2478.0,31,18,9,14,72,0,172
2479.0,29,16,11,14,70,0,172
2480.0,28,14,11,14,67,0,172
2481.0,27,12,13,14,66,0,172
2482.0,26,10,13,14,63,0,172
2483.0,25,8,14,14,61,0,172
2484.0,24,6,15,14,59,0,172
2485.0,23,4,15,14,56,0,172
2486.0,22,2,15,14,53,0,172
2487.0,21,0,16,14,51,0,172
2488.0,20,0,16,14,50,0,173
2489.0,19,1,13,12,45,0,173
2490.0,19,2,10,11,42,0,173
2491.0,20,3,7,9,39,0,173
2492.0,19,5,4,7,35,0,173
2493.0,19,6,3,5,33,0,173
2494.0,19,7,2,3,31,0,173
2495.0,18,8,1,1,28,0,173
2496.0,18,10,1,1,30,0,173
2497.0,18,10,0,0,28,0,173
2498.0,18,12,0,1,31,0,174
2499.0,17,14,1,2,34,0,174
2500.0,16,15,2,2,35,0,174
2501.0,16,16,3,2,37,0,174
2502.0,16,17,3,5,41,0,174
2503.0,15,18,4,7,44,0,174
2504.0,14,18,5,7,44,0,174
2505.0,14,18,7,9,48,0,174
2506.0,15,18,6,10,49,0,174
2507.0,15,18,8,12,53,0,174
2508.0,15,18,8,12,53,0,174
2509.0,15,18,10,12,55,0,174
2510.0,14,18,10,12,54,0,174
2511.0,13,18,11,14,56,0,174
2512.0,15,18,10,15,58,0,174
2513.0,16,18,10,15,59,0,174
2514.0,17,18,10,15,60,0,174
2515.0,19,18,11,15,63,0,174
2516.0,18,18,12,15,63,0,174
2517.0,20,18,12,15,65,0,174
2518.0,19,18,13,15,65,0,174
2519.0,21,18,14,15,68,0,174
2520.0,20,18,14,15,67,0,174
2521.0,23,18,14,15,70,0,174
2522.0,22,18,15,15,70,0,174
2523.0,23,18,16,15,72,0,174
2524.0,25,18,16,15,74,0,174
2525.0,24,18,17,15,74,0,174
2526.0,25,18,18,15,76,0,174
2527.0,25,18,19,15,77,0,174
2528.0,26,18,19,15,78,0,174
2529.0,27,18,19,15,79,0,174
2530.0,27,18,20,15,80,0,174
2531.0,29,18,21,15,83,0,174
2532.0,29,18,22,15,84,0,174
2533.0,29,18,22,15,84,0,174
2534.0,29,18,22,15,84,0,174
2535.0,29,18,22,15,84,0,174
2536.0,29,18,22,15,84,0,174
2537.0,29,18,23,15,85,0,174
2538.0,29,18,22,15,84,0,175
2539.0,28,16,22,15,81,0,175
2540.0,27,14,22,15,78,0,175
2541.0,26,12,22,15,75,0,175
2542.0,26,10,22,15,73,0,175
2543.0,25,8,22,15,70,0,175
2544.0,24,6,23,15,68,0,175
2545.0,23,4,23,15,65,0,175
2546.0,23,3,23,15,64,0,175
2547.0,23,2,23,15,63,0,175
2548.0,22,0,23,15,60,0,176
2549.0,21,1,20,14,56,0,176
2550.0,21,2,17,12,52,0,176
2551.0,20,2,14,10,46,0,176
2552.0,20,3,11,8,42,0,176
2553.0,21,3,10,6,40,0,176
2554.0,21,5,7,4,37,0,176
2555.0,20,7,4,2,33,0,176
2556.0,20,8,2,0,30,0,176
2557.0,20,9,0,0,29,0,176
2558.0,18,11,0,1,30,0,177
2559.0,18,12,2,1,33,0,177
2560.0,17,13,3,1,34,0,177
2561.0,18,13,4,3,38,0,177
2562.0,17,15,4,3,39,0,177
2563.0,17,16,5,4,42,0,177
2564.0,17,17,7,6,47,0,177
2565.0,17,17,9,6,49,0,177
2566.0,16,17,9,10,52,0,177
2567.0,16,16,12,10,54,0,177
2568.0,17,16,12,9,54,0,177
2569.0,18,16,14,11,59,0,177
2570.0,15,16,15,12,58,0,177
2571.0,15,16,17,11,59,0,177
2572.0,16,16,19,12,63,0,177
2573.0,17,16,18,12,63,0,177
2574.0,18,16,19,14,67,0,177
2575.0,20,16,19,15,70,0,177
2576.0,19,16,20,15,70,0,177
2577.0,20,15,20,16,71,0,177
2578.0,22,15,21,16,74,0,177
2579.0,22,15,21,16,74,0,177
2580.0,23,15,23,16,77,0,177
2581.0,24,15,23,16,78,0,177
2582.0,24,15,22,16,77,0,177
2583.0,24,15,22,17,78,0,178
2584.0,25,15,19,14,73,0,178
2585.0,26,15,17,12,70,0,178
2586.0,27,15,16,10,68,0,178
2587.0,27,15,13,9,64,0,178
2588.0,28,15,11,7,61,0,178
2589.0,28,15,8,5,56,0,178
2590.0,29,15,5,3,52,0,178
2591.0,29,15,2,1,47,0,178
2592.0,29,15,1,1,46,0,178
2593.0,29,16,0,2,47,0,179
2594.0,29,16,1,2,48,0,179
2595.0,29,16,2,6,53,0,179
2596.0,29,16,4,8,57,0,179
2597.0,29,16,5,7,57,0,179
2598.0,29,16,7,9,61,0,179
2599.0,29,16,9,8,62,0,179
2600.0,29,16,10,9,64,0,179
2601.0,29,16,12,13,70,0,179
2602.0,29,16,13,14,72,0,179
2603.0,29,16,14,15,74,0,180
2604.0,28,15,15,16,74,0,180
2605.0,27,13,16,16,72,0,180
2606.0,26,11,17,16,70,0,180
2607.0,25,9,17,17,68,0,180
2608.0,24,7,18,17,66,0,180
2609.0,23,5,18,17,63,0,180
2610.0,22,3,19,17,61,0,180
2611.0,21,1,19,17,58,0,180
2612.0,20,0,19,17,56,0,180
2613.0,19,0,19,17,55,0,181
2614.0,18,1,16,13,48,0,181
2615.0,18,3,13,10,44,0,181
2616.0,18,4,10,9,41,0,181
2617.0,18,6,8,7,39,0,181
2618.0,18,7,5,4,34,0,181
2619.0,18,8,3,3,32,0,181
2620.0,17,8,1,1,27,0,181
2621.0,17,10,0,1,28,0,181
2622.0,16,11,0,3,30,0,181
2623.0,15,13,0,4,32,0,182
2624.0,15,13,1,6,35,0,182
2625.0,15,13,1,7,36,0,182
2626.0,15,16,1,7,39,0,182
2627.0,15,18,3,7,43,0,182
2628.0,15,16,4,8,43,0,182
2629.0,15,17,3,8,43,0,182
2630.0,15,16,4,9,44,0,182
2631.0,16,15,4,9,44,0,182
2632.0,15,16,4,10,45,0,182
2633.0,15,15,6,10,46,0,182
2634.0,15,16,7,12,50,0,182
2635.0,15,17,8,14,54,0,182
2636.0,14,15,9,14,52,0,182
2637.0,15,17,8,15,55,0,182
2638.0,15,15,8,15,53,0,182
2639.0,17,16,10,16,59,0,182
2640.0,18,16,9,16,59,0,182
2641.0,19,16,11,18,64,0,182
2642.0,20,16,10,18,64,0,182
2643.0,21,16,11,18,66,0,182
2644.0,20,16,12,18,66,0,182
2645.0,21,16,11,18,66,0,182
2646.0,21,16,12,18,67,0,182
2647.0,23,16,12,18,69,0,182
2648.0,23,16,13,19,71,0,182
2649.0,23,16,15,19,73,0,182
2650.0,23,16,15,19,73,0,182
2651.0,25,16,17,19,77,0,182
2652.0,27,16,18,19,80,0,182
2653.0,25,16,19,19,79,0,182
2654.0,28,16,20,19,83,0,182
2655.0,27,16,20,19,82,0,182
2656.0,27,16,20,19,82,0,182
2657.0,29,16,19,19,83,0,182
2658.0,28,16,20,19,83,0,183
2659.0,28,16,17,17,78,0,183
2660.0,30,16,15,13,74,0,183
2661.0,29,16,14,11,70,0,183
2662.0,29,16,11,8,64,0,183
2663.0,29,17,8,6,60,0,183
2664.0,29,17,5,3,54,0,183
2665.0,31,17,2,1,51,0,183
2666.0,31,17,1,0,49,0,183
2667.0,31,17,0,1,49,0,183
2668.0,31,18,0,2,51,0,184
2669.0,30,18,1,3,52,0,184
2670.0,30,17,4,2,53,0,184
2671.0,30,18,5,3,56,0,184
2672.0,31,18,8,2,59,0,184
2673.0,32,19,9,1,61,0,184
2674.0,33,19,11,3,66,0,184
2675.0,32,18,11,5,66,0,184
2676.0,31,17,13,6,67,0,184
2677.0,31,17,14,7,69,0,184
2678.0,31,17,15,9,72,0,184
2679.0,31,17,15,12,75,0,184
2680.0,31,17,16,14,78,0,184
2681.0,31,17,17,15,80,0,184
2682.0,31,17,18,16,82,0,184
2683.0,31,17,20,18,86,0,184
2684.0,31,17,20,17,85,0,184
2685.0,31,17,20,19,87,0,184
2686.0,31,17,20,20,88,0,184
2687.0,31,18,20,21,90,0,184
2688.0,31,18,20,21,90,0,185
2689.0,31,18,17,18,84,0,185
2690.0,31,18,14,16,79,0,185
2691.0,31,18,11,13,73,0,185
2692.0,31,18,9,10,68,0,185
2693.0,31,18,6,7,62,0,185
2694.0,31,18,3,4,56,0,185
2695.0,31,18,2,3,54,0,185
2696.0,31,18,1,1,51,0,185
2697.0,31,18,0,0,49,0,185
2698.0,31,18,0,1,50,0,186
2699.0,28,16,2,0,46,0,186
2700.0,27,15,3,1,46,0,186
2701.0,27,14,4,4,49,0,186
2702.0,26,14,4,5,49,0,186
2703.0,24,12,6,6,48,0,186
2704.0,23,8,6,6,43,0,186
2705.0,22,7,9,10,48,0,186
2706.0,21,6,10,8,45,0,186
2707.0,20,5,10,9,44,0,186
2708.0,19,3,11,10,43,0,187
2709.0,19,2,12,10,43,0,187
2710.0,18,3,13,10,44,0,187
2711.0,19,4,14,11,48,0,187
2712.0,18,5,14,13,50,0,187
2713.0,18,6,15,15,54,0,187
2714.0,17,7,15,13,52,0,187
2715.0,17,9,15,14,55,0,187
2716.0,17,10,15,14,56,0,187
2717.0,16,12,16,15,59,0,187
2718.0,15,13,16,15,59,0,187
2719.0,15,15,16,16,62,0,187
2720.0,14,16,16,16,62,0,187
2721.0,15,17,16,16,64,0,187
2722.0,15,17,17,16,65,0,187
2723.0,14,17,17,18,66,0,187
2724.0,14,17,17,18,66,0,187
2725.0,15,17,17,18,67,0,187
2726.0,14,17,17,18,66,0,187
2727.0,13,17,17,18,65,0,187
2728.0,14,17,17,18,66,0,187
2729.0,14,17,17,18,66,0,187
2730.0,14,17,17,19,67,0,187
2731.0,14,17,17,19,67,0,187
2732.0,15,17,17,19,68,0,187
2733.0,15,17,18,19,69,0,187
2734.0,17,17,18,19,71,0,187
2735.0,16,17,18,19,70,0,187
2736.0,17,17,18,20,72,0,187
2737.0,18,17,19,20,74,0,187
2738.0,19,17,19,20,75,0,187
2739.0,19,17,20,20,76,0,187
2740.0,20,17,21,20,78,0,187
2741.0,21,17,21,20,79,0,187
2742.0,21,17,21,20,79,0,187
2743.0,23,17,22,20,82,0,188
2744.0,23,17,19,17,76,0,188
2745.0,23,17,16,14,70,0,188
2746.0,24,17,14,11,66,0,188
2747.0,25,17,12,9,63,0,188
2748.0,25,17,9,7,58,0,188
2749.0,26,17,7,5,55,0,188
2750.0,27,17,5,3,52,0,188
2751.0,28,17,3,1,49,0,188
2752.0,28,17,1,0,46,0,188
2753.0,29,17,0,0,46,0,189
2754.0,28,15,2,1,46,0,189
2755.0,27,13,2,1,43,0,189
2756.0,26,11,3,2,42,0,189
2757.0,25,9,5,3,42,0,189
2758.0,24,8,6,4,42,0,189
2759.0,23,6,8,5,42,0,189
2760.0,22,4,11,6,43,0,189
2761.0,21,3,11,7,42,0,189
2762.0,21,2,14,10,47,0,189
2763.0,20,1,16,11,48,0,190
2764.0,19,2,14,9,44,0,190
2765.0,18,3,10,10,41,0,190
2766.0,18,4,8,6,36,0,190
2767.0,18,4,6,6,34,0,190
2768.0,17,5,4,4,30,0,190
2769.0,16,7,2,2,27,0,190
2770.0,16,9,1,1,27,0,190
2771.0,16,9,0,0,25,0,190
2772.0,16,10,0,0,26,0,190
2773.0,16,11,0,1,28,0,191
2774.0,16,12,0,1,29,0,191
2775.0,16,13,2,1,32,0,191
2776.0,15,16,2,5,38,0,191
2777.0,15,15,4,5,39,0,191
2778.0,16,15,4,6,41,0,191
2779.0,16,18,6,6,46,0,191
2780.0,15,16,6,8,45,0,191
2781.0,14,16,7,8,45,0,191
2782.0,14,16,7,10,47,0,191
2783.0,14,14,7,12,47,0,191
2784.0,14,16,8,11,49,0,191
2785.0,14,16,9,13,52,0,191
2786.0,14,18,10,16,58,0,191
2787.0,15,15,10,16,56,0,191
2788.0,15,17,10,15,57,0,191
2789.0,16,15,10,16,57,0,191
2790.0,18,16,11,16,61,0,191
2791.0,18,17,11,17,63,0,191
2792.0,19,17,12,18,66,0,191
2793.0,19,17,11,18,65,0,191
2794.0,19,17,12,18,66,0,191
2795.0,21,17,14,18,70,0,191
2796.0,22,17,14,19,72,0,191
2797.0,21,18,14,19,72,0,191
2798.0,22,15,15,20,72,0,191
2799.0,24,16,16,20,76,0,191
2800.0,24,16,16,20,76,0,191
2801.0,24,16,17,20,77,0,191
2802.0,25,17,17,20,79,0,191
2803.0,25,17,18,20,80,0,191
2804.0,26,17,18,20,81,0,191
2805.0,26,17,18,20,81,0,191
2806.0,28,17,18,21,84,0,191
2807.0,29,17,18,21,85,0,191
2808.0,29,17,18,21,85,0,191
2809.0,29,17,18,21,85,0,191
2810.0,29,17,19,21,86,0,191
2811.0,29,17,19,21,86,0,191
2812.0,29,17,20,22,88,0,191
2813.0,29,18,20,22,89,0,192
2814.0,29,18,17,19,83,0,192
2815.0,29,18,14,16,77,0,192
2816.0,29,18,11,13,71,0,192
2817.0,29,19,9,10,67,0,192
2818.0,29,18,6,8,61,0,192
2819.0,30,18,4,6,58,0,192
2820.0,30,18,2,4,54,0,192
2821.0,31,18,1,2,52,0,192
2822.0,31,19,0,0,50,0,192
2823.0,31,19,0,0,50,0,193
2824.0,30,19,2,2,53,0,193
2825.0,30,19,4,3,56,0,193
2826.0,31,20,5,5,61,0,193
2827.0,30,19,7,7,63,0,193
2828.0,30,18,8,5,61,0,193
2829.0,30,18,9,6,63,0,193
2830.0,30,18,10,8,66,0,193
2831.0,30,18,12,8,68,0,193
2832.0,30,18,12,9,69,0,193
2833.0,30,18,13,9,70,0,193
2834.0,30,18,14,10,72,0,193
2835.0,30,18,14,13,75,0,193
2836.0,30,18,15,13,76,0,193
2837.0,30,18,16,14,78,0,193
2838.0,30,18,17,16,81,0,193
2839.0,30,18,17,16,81,0,193
2840.0,30,18,17,16,81,0,193
2841.0,30,18,17,16,81,0,193
2842.0,30,18,17,17,82,0,193
2843.0,30,18,17,17,82,0,194
2844.0,28,16,17,17,78,0,194
2845.0,27,14,17,17,75,0,194
2846.0,26,12,17,17,72,0,194
2847.0,25,10,17,18,70,0,194
2848.0,24,8,17,18,67,0,194
2849.0,24,6,18,18,66,0,194
2850.0,23,4,18,18,63,0,194
2851.0,22,2,19,18,61,0,194
2852.0,21,1,19,18,59,0,194
2853.0,20,0,19,18,57,0,195
2854.0,19,0,16,15,50,0,195
2855.0,18,2,13,13,46,0,195
2856.0,18,2,11,11,42,0,195
2857.0,17,4,8,10,39,0,195
2858.0,17,5,6,8,36,0,195
2859.0,17,6,4,6,33,0,195
2860.0,17,8,2,4,31,0,195
2861.0,16,8,1,2,27,0,195
2862.0,17,9,0,0,26,0,195
2863.0,16,11,1,1,29,0,196
2864.0,17,13,1,1,32,0,196
2865.0,17,13,3,2,35,0,196
2866.0,16,14,3,3,36,0,196
2867.0,16,15,6,3,40,0,196
2868.0,16,15,7,4,42,0,196
2869.0,15,15,8,6,44,0,196
2870.0,15,15,9,7,46,0,196
2871.0,15,15,9,8,47,0,196
2872.0,14,15,10,11,50,0,196
2873.0,14,15,10,10,49,0,196
2874.0,13,15,12,11,51,0,196
2875.0,13,15,12,12,52,0,196
2876.0,14,15,13,13,55,0,196
2877.0,14,15,13,13,55,0,196
2878.0,15,16,13,14,58,0,196
2879.0,17,16,13,15,61,0,196
2880.0,16,16,13,15,60,0,196
2881.0,17,16,13,16,62,0,196
2882.0,19,16,13,16,64,0,196
2883.0,18,16,13,16,63,0,196
2884.0,20,16,13,16,65,0,196
2885.0,20,16,13,16,65,0,196
2886.0,20,16,14,16,66,0,196
2887.0,21,16,14,17,68,0,196
2888.0,22,16,15,15,68,0,196
2889.0,23,16,15,16,70,0,196
2890.0,24,16,15,16,71,0,196
2891.0,24,16,15,18,73,0,196
2892.0,25,16,15,18,74,0,196
2893.0,25,16,15,18,74,0,196
2894.0,26,16,15,18,75,0,196
2895.0,27,16,16,18,77,0,196
2896.0,27,16,16,18,77,0,196
2897.0,28,16,17,18,79,0,196
2898.0,29,16,17,18,80,0,196
2899.0,29,16,17,18,80,0,196
2900.0,29,16,17,18,80,0,196
2901.0,29,16,18,18,81,0,196
2902.0,29,16,18,18,81,0,196
2903.0,29,16,18,18,81,0,197
2904.0,29,16,16,15,76,0,197
2905.0,29,16,13,13,71,0,197
2906.0,29,16,10,11,66,0,197
2907.0,29,17,8,9,63,0,197
2908.0,29,17,5,7,58,0,197
2909.0,29,17,3,5,54,0,197
2910.0,29,17,2,3,51,0,197
2911.0,29,17,1,2,49,0,197
2912.0,29,17,0,0,46,0,197
2913.0,29,17,1,2,49,0,198
2914.0,28,15,2,3,48,0,198
2915.0,27,13,3,4,47,0,198
2916.0,26,12,4,6,48,0,198
2917.0,25,9,4,6,44,0,198
2918.0,24,7,5,6,42,0,198
2919.0,23,6,6,7,42,0,198
2920.0,22,4,6,8,40,0,198
2921.0,21,2,7,10,40,0,198
2922.0,21,1,7,11,40,0,198
2923.0,20,1,8,12,41,0,199
2924.0,20,3,7,11,41,0,199
2925.0,19,3,5,10,37,0,199
2926.0,18,5,5,8,36,0,199
2927.0,18,5,5,8,36,0,199
2928.0,18,6,4,6,34,0,199
2929.0,18,7,3,4,32,0,199
2930.0,17,9,2,2,30,0,199
2931.0,16,9,1,0,26,0,199
2932.0,17,12,0,0,29,0,199
2933.0,17,12,0,1,30,0,200
2934.0,17,13,0,0,30,0,200
2935.0,16,13,1,1,31,0,200
2936.0,16,13,2,3,34,0,200
2937.0,15,14,2,4,35,0,200
2938.0,15,15,3,4,37,0,200
2939.0,16,15,4,6,41,0,200
2940.0,16,15,4,9,44,0,200
2941.0,15,15,5,9,44,0,200
2942.0,15,15,5,10,45,0,200
2943.0,15,15,6,12,48,0,200
2944.0,15,15,6,12,48,0,200
2945.0,14,15,7,14,50,0,200
2946.0,14,15,8,14,51,0,200
2947.0,15,15,8,15,53,0,200
2948.0,15,15,8,15,53,0,200
2949.0,17,15,8,15,55,0,200
2950.0,16,15,8,16,55,0,200
2951.0,17,15,8,16,56,0,200
2952.0,18,15,9,16,58,0,200
2953.0,20,15,10,16,61,0,200
2954.0,21,15,10,17,63,0,200
2955.0,20,16,10,17,63,0,200
2956.0,21,16,10,17,64,0,200
2957.0,23,16,11,17,67,0,200
2958.0,23,16,11,17,67,0,200
2959.0,24,16,11,17,68,0,200
2960.0,25,16,12,17,70,0,200
2961.0,25,16,12,17,70,0,200
2962.0,25,16,13,17,71,0,200
2963.0,27,16,13,17,73,0,201
2964.0,28,16,10,15,69,0,201
2965.0,27,16,8,13,64,0,201
2966.0,28,16,6,11,61,0,201
2967.0,28,16,5,9,58,0,201
2968.0,29,16,4,7,56,0,201
2969.0,28,16,3,5,52,0,201
2970.0,28,16,2,3,49,0,201
2971.0,30,16,1,1,48,0,201
2972.0,28,16,0,0,44,0,201
2973.0,28,17,0,1,46,0,202
2974.0,28,16,1,2,47,0,202
2975.0,28,16,1,3,48,0,202
2976.0,29,16,1,3,49,0,202
2977.0,30,17,2,5,54,0,202
2978.0,31,17,2,5,55,0,202
2979.0,31,16,3,7,57,0,202
2980.0,31,16,5,7,59,0,202
2981.0,31,16,6,10,63,0,202
2982.0,31,16,5,11,63,0,202
2983.0,31,16,6,11,64,0,202
2984.0,31,16,7,13,67,0,202
2985.0,32,16,8,13,69,0,202
2986.0,32,16,7,13,68,0,202
2987.0,32,16,8,14,70,0,202
2988.0,33,16,8,14,71,0,203
2989.0,30,14,8,15,67,0,203
2990.0,28,12,8,15,63,0,203
2991.0,26,10,8,15,59,0,203
2992.0,25,8,9,16,58,0,203
2993.0,24,6,9,16,55,0,203
2994.0,23,4,11,16,54,0,203
2995.0,22,2,11,16,51,0,203
2996.0,21,2,11,16,50,0,203
2997.0,20,1,11,16,48,0,203
2998.0,20,1,12,16,49,0,204
2999.0,19,1,9,14,43,0,204
3000.0,18,1,7,12,38,0,204
3001.0,18,3,5,10,36,0,204
3002.0,17,4,4,8,33,0,204
3003.0,17,4,3,6,30,0,204
3004.0,17,6,2,4,29,0,204
3005.0,16,8,1,2,27,0,204
3006.0,16,8,0,1,25,0,204
3007.0,16,8,1,0,25,0,204
3008.0,16,8,1,1,26,0,205
3009.0,16,8,1,1,26,0,205
3010.0,16,9,3,2,30,0,205
3011.0,16,11,4,3,34,0,205
3012.0,16,11,5,4,36,0,205
3013.0,16,14,5,6,41,0,205
3014.0,16,15,5,6,42,0,205
3015.0,16,16,5,8,45,0,205
3016.0,15,16,7,10,48,0,205
3017.0,15,14,7,10,46,0,205
3018.0,15,14,8,11,48,0,205
3019.0,15,15,8,13,51,0,205
3020.0,14,14,9,13,50,0,205
3021.0,14,13,10,15,52,0,205
3022.0,15,14,11,14,54,0,205
3023.0,15,14,12,13,54,0,205
3024.0,16,14,12,13,55,0,205
3025.0,18,14,12,14,58,0,205
3026.0,18,14,13,14,59,0,205
3027.0,18,14,12,15,59,0,205
3028.0,19,15,12,15,61,0,205
3029.0,21,15,13,15,64,0,205
3030.0,21,15,14,15,65,0,205
3031.0,21,15,14,16,66,0,205
3032.0,23,15,14,16,68,0,205
3033.0,22,15,14,16,67,0,205
3034.0,24,15,15,17,71,0,205
3035.0,24,15,15,18,72,0,205
3036.0,24,15,17,18,74,0,205
3037.0,25,15,17,18,75,0,205
3038.0,26,15,18,18,77,0,205
3039.0,26,15,18,18,77,0,205
3040.0,27,15,18,18,78,0,205
3041.0,27,15,18,18,78,0,205
3042.0,28,15,19,18,80,0,205
3043.0,29,15,19,18,81,0,205
3044.0,29,15,19,18,81,0,205
3045.0,29,15,20,18,82,0,205
3046.0,29,15,20,18,82,0,205
3047.0,29,15,20,18,82,0,205
3048.0,29,15,20,19,83,0,206
3049.0,29,15,17,16,77,0,206
3050.0,29,15,15,13,72,0,206
3051.0,29,15,12,11,67,0,206
3052.0,29,15,9,9,62,0,206
3053.0,29,15,7,7,58,0,206
3054.0,29,15,5,5,54,0,206
3055.0,29,16,3,3,51,0,206
3056.0,29,16,1,1,47,0,206
3057.0,29,17,0,1,47,0,206
3058.0,30,17,1,1,49,0,207
3059.0,28,15,1,1,45,0,207
3060.0,28,14,2,2,46,0,207
3061.0,27,12,3,5,47,0,207
3062.0,26,10,3,6,45,0,207
3063.0,25,9,5,6,45,0,207
3064.0,24,8,6,7,45,0,207
3065.0,23,7,8,9,47,0,207
3066.0,22,6,8,9,45,0,207
3067.0,21,5,10,11,47,0,207
3068.0,20,6,11,13,50,0,208
3069.0,20,8,11,14,53,0,208
3070.0,19,8,11,14,52,0,208
3071.0,19,8,12,14,53,0,208
3072.0,18,9,13,14,54,0,208
3073.0,18,9,13,15,55,0,208
3074.0,18,10,13,15,56,0,208
3075.0,18,11,13,15,57,0,208
3076.0,18,11,13,15,57,0,208
3077.0,18,12,13,15,58,0,208
3078.0,18,12,13,15,58,0,208
3079.0,17,12,13,15,57,0,208
3080.0,17,13,13,15,58,0,208
3081.0,17,14,13,16,60,0,208
3082.0,16,15,13,16,60,0,208
3083.0,15,15,13,16,59,0,208
3084.0,16,16,13,16,61,0,208
3085.0,16,16,13,16,61,0,208
3086.0,15,16,13,16,60,0,208
3087.0,16,16,13,16,61,0,208
3088.0,15,16,13,17,61,0,208
3089.0,14,16,13,17,60,0,208
3090.0,15,16,13,17,61,0,208
3091.0,15,16,13,17,61,0,208
3092.0,15,16,13,17,61,0,208
3093.0,16,16,13,17,62,0,208
3094.0,18,16,13,17,64,0,208
3095.0,19,16,13,18,66,0,208
3096.0,20,16,13,18,67,0,208
3097.0,19,16,13,18,66,0,208
3098.0,20,16,13,18,67,0,208
3099.0,22,16,13,18,69,0,208
3100.0,21,16,13,18,68,0,208
3101.0,22,16,13,18,69,0,208
3102.0,24,16,13,18,71,0,208
3103.0,23,16,13,19,71,0,208
3104.0,24,16,13,19,72,0,208
3105.0,25,16,14,20,75,0,208
3106.0,25,16,14,20,75,0,208
3107.0,26,16,14,20,76,0,208
3108.0,27,16,14,20,77,0,209
3109.0,28,16,12,17,73,0,209
3110.0,27,16,10,14,67,0,209
3111.0,28,16,8,11,63,0,209
3112.0,29,16,6,9,60,0,209
3113.0,28,16,4,7,55,0,209
3114.0,29,16,3,5,53,0,209
3115.0,29,16,2,3,50,0,209
3116.0,30,16,1,1,48,0,209
3117.0,30,16,0,0,46,0,209
3118.0,31,16,0,0,47,0,210
3119.0,31,16,1,1,49,0,210
3120.0,31,16,3,2,52,0,210
3121.0,31,16,4,4,55,0,210
3122.0,33,16,4,5,58,0,210
3123.0,33,16,4,7,60,0,210
3124.0,33,16,5,8,62,0,210
3125.0,32,16,5,9,62,0,210
3126.0,32,16,6,11,65,0,210
3127.0,32,16,7,11,66,0,210
3128.0,32,16,7,12,67,0,211
3129.0,29,15,8,14,66,0,211
3130.0,28,13,9,14,64,0,211
3131.0,27,11,9,14,61,0,211
3132.0,26,9,9,15,59,0,211
3133.0,25,7,10,15,57,0,211
3134.0,24,5,10,15,54,0,211
3135.0,23,3,10,16,52,0,211
3136.0,22,2,10,16,50,0,211
3137.0,21,1,10,16,48,0,211
3138.0,20,1,10,16,47,0,212
3139.0,19,3,8,14,44,0,212
3140.0,19,3,6,12,40,0,212
3141.0,19,5,5,10,39,0,212
3142.0,18,5,4,9,36,0,212
3143.0,18,6,3,7,34,0,212
3144.0,18,8,2,5,33,0,212
3145.0,17,8,1,4,30,0,212
3146.0,19,11,1,2,33,0,212
3147.0,17,10,0,0,27,0,212
3148.0,17,12,0,0,29,0,213
3149.0,16,12,1,1,30,0,213
3150.0,16,14,1,2,33,0,213
3151.0,16,13,1,3,33,0,213
3152.0,15,15,3,4,37,0,213
3153.0,15,14,4,5,38,0,213
3154.0,16,13,4,6,39,0,213
3155.0,15,14,5,8,42,0,213
3156.0,15,14,5,8,42,0,213
3157.0,15,15,7,11,48,0,213
3158.0,15,13,9,11,48,0,213
3159.0,15,13,8,12,48,0,213
3160.0,15,14,9,14,52,0,213
3161.0,15,13,9,14,51,0,213
3162.0,16,15,11,15,57,0,213
3163.0,16,14,11,15,56,0,213
3164.0,16,12,11,16,55,0,213
3165.0,18,14,13,16,61,0,213
3166.0,18,12,13,16,59,0,213
3167.0,18,14,13,16,61,0,213
3168.0,20,13,14,16,63,0,213
3169.0,21,14,14,16,65,0,213
3170.0,20,15,14,16,65,0,213
3171.0,22,13,15,16,66,0,213
3172.0,23,14,15,16,68,0,213
3173.0,24,13,15,16,68,0,213
3174.0,24,14,16,16,70,0,213
3175.0,24,14,16,16,70,0,213
3176.0,24,15,16,16,71,0,213
3177.0,25,14,16,16,71,0,213
3178.0,26,14,16,16,72,0,213
3179.0,26,14,16,16,72,0,213
3180.0,27,15,17,16,75,0,213
3181.0,28,15,17,16,76,0,213
3182.0,29,15,17,16,77,0,213
3183.0,29,14,17,16,76,0,213
3184.0,29,14,17,16,76,0,213
3185.0,29,15,18,16,78,0,213
3186.0,29,16,18,16,79,0,213
3187.0,29,16,18,16,79,0,213
3188.0,29,13,19,16,77,0,213
3189.0,29,13,19,16,77,0,213
3190.0,29,13,19,17,78,0,213
3191.0,29,13,19,17,78,0,213
3192.0,29,14,19,17,79,0,213
3193.0,29,16,20,18,83,0,214
3194.0,29,15,17,16,77,0,214
3195.0,29,15,14,14,72,0,214
3196.0,29,16,12,12,69,0,214
3197.0,29,15,9,10,63,0,214
3198.0,29,15,6,8,58,0,214
3199.0,29,15,3,6,53,0,214
3200.0,29,16,2,4,51,0,214
3201.0,29,16,1,2,48,0,214
3202.0,29,16,0,0,45,0,214
3203.0,29,16,0,1,46,0,215
3204.0,29,16,1,1,47,0,215
3205.0,29,16,3,2,50,0,215
3206.0,29,16,3,4,52,0,215
3207.0,29,16,4,5,54,0,215
3208.0,29,17,5,5,56,0,215
3209.0,29,16,6,7,58,0,215
3210.0,29,16,7,8,60,0,215
3211.0,29,16,8,10,63,0,215
3212.0,29,16,7,11,63,0,215
3213.0,29,16,8,12,65,0,216
3214.0,28,14,9,13,64,0,216
3215.0,27,12,10,13,62,0,216
3216.0,26,10,10,14,60,0,216
3217.0,25,8,11,14,58,0,216
3218.0,24,6,11,14,55,0,216
3219.0,23,4,11,14,52,0,216
3220.0,22,2,11,14,49,0,216
3221.0,21,1,11,14,47,0,216
3222.0,20,0,12,14,46,0,216
3223.0,19,0,12,14,45,0,217
3224.0,20,1,9,12,42,0,217
3225.0,19,3,7,10,39,0,217
3226.0,18,5,6,8,37,0,217
3227.0,18,6,5,6,35,0,217
3228.0,17,6,4,4,31,0,217
3229.0,18,9,3,2,32,0,217
3230.0,17,9,2,1,29,0,217
3231.0,17,10,1,0,28,0,217
3232.0,17,11,0,0,28,0,217
3233.0,17,11,1,0,29,0,218
3234.0,16,10,2,1,29,0,218
3235.0,16,12,2,2,32,0,218
3236.0,15,11,2,2,30,0,218
3237.0,16,11,3,4,34,0,218
3238.0,16,11,4,5,36,0,218
3239.0,16,11,5,6,38,0,218
3240.0,15,11,5,7,38,0,218
3241.0,15,11,6,7,39,0,218
3242.0,15,12,6,8,41,0,218
3243.0,15,14,7,8,44,0,218
3244.0,14,14,8,9,45,0,218
3245.0,15,14,8,9,46,0,218
3246.0,15,15,9,9,48,0,218
3247.0,15,13,9,10,47,0,218
3248.0,15,14,10,10,49,0,218
3249.0,15,14,11,10,50,0,218
3250.0,17,14,11,10,52,0,218
3251.0,17,15,11,11,54,0,218
3252.0,18,16,11,11,56,0,218
3253.0,21,16,11,11,59,0,218
3254.0,18,16,11,12,57,0,218
3255.0,20,16,12,12,60,0,218
3256.0,20,16,11,12,59,0,218
3257.0,21,16,11,12,60,0,218
3258.0,22,16,12,12,62,0,218
3259.0,24,16,12,12,64,0,218
3260.0,24,16,12,12,64,0,218
3261.0,23,16,13,12,64,0,218
3262.0,25,16,14,12,67,0,218
3263.0,26,16,14,12,68,0,218
3264.0,26,16,14,12,68,0,218
3265.0,27,16,15,12,70,0,218
3266.0,27,16,15,12,70,0,218
3267.0,28,16,15,12,71,0,218
3268.0,28,16,15,12,71,0,218
3269.0,28,16,15,12,71,0,218
3270.0,29,16,16,13,74,0,218
3271.0,29,16,16,13,74,0,218
3272.0,29,16,17,13,75,0,218
3273.0,29,16,17,13,75,0,219
3274.0,28,14,15,13,70,0,219
3275.0,27,12,15,13,67,0,219
3276.0,26,10,16,13,65,0,219
3277.0,25,8,17,13,63,0,219
3278.0,24,6,18,14,62,0,219
3279.0,23,4,18,14,59,0,219
3280.0,22,2,18,14,56,0,219
3281.0,21,1,19,14,55,0,219
3282.0,20,1,20,14,55,0,219
3283.0,19,0,20,14,53,0,220
3284.0,18,1,17,12,48,0,220
3285.0,19,2,14,10,45,0,220
3286.0,19,4,11,8,42,0,220
3287.0,18,4,8,6,36,0,220
3288.0,17,5,5,4,31,0,220
3289.0,18,7,3,2,30,0,220
3290.0,17,7,2,1,27,0,220
3291.0,16,8,1,0,25,0,220
3292.0,16,8,0,0,24,0,220
3293.0,15,9,1,1,26,0,221
3294.0,15,10,2,0,27,0,221
3295.0,14,10,3,2,29,0,221
3296.0,15,12,3,3,33,0,221
3297.0,14,14,5,4,37,0,221
3298.0,14,14,5,4,37,0,221
3299.0,13,12,6,5,36,0,221
3300.0,13,13,7,7,40,0,221
3301.0,13,13,9,7,42,0,221
3302.0,13,13,10,8,44,0,221
3303.0,13,13,11,9,46,0,221
3304.0,15,13,12,8,48,0,221
3305.0,13,13,12,8,46,0,221
3306.0,13,14,13,9,49,0,221
3307.0,15,14,14,9,52,0,221
3308.0,15,14,14,10,53,0,221
3309.0,17,14,14,14,59,0,221
3310.0,17,14,14,14,59,0,221
3311.0,17,14,14,13,58,0,221
3312.0,19,14,14,12,59,0,221
3313.0,21,14,14,15,64,0,221
3314.0,21,14,14,16,65,0,221
3315.0,21,15,14,18,68,0,221
3316.0,23,15,14,18,70,0,221
3317.0,23,16,14,18,71,0,221
3318.0,22,16,14,18,70,0,221
3319.0,25,16,14,18,73,0,221
3320.0,24,16,15,19,74,0,221
3321.0,25,16,16,19,76,0,221
3322.0,26,16,16,19,77,0,221
3323.0,26,16,17,19,78,0,221
3324.0,26,16,18,19,79,0,221
3325.0,27,16,18,19,80,0,221
3326.0,27,16,18,19,80,0,221
3327.0,28,16,19,19,82,0,221
3328.0,29,16,19,19,83,0,221
3329.0,29,16,19,20,84,0,221
3330.0,29,16,19,20,84,0,221
3331.0,29,16,19,20,84,0,221
3332.0,29,16,19,20,84,0,221
3333.0,29,16,19,20,84,0,222
3334.0,29,16,16,17,78,0,222
3335.0,30,16,13,14,73,0,222
3336.0,30,16,10,11,67,0,222
3337.0,31,16,7,9,63,0,222
3338.0,31,16,5,7,59,0,222
3339.0,31,16,3,5,55,0,222
3340.0,31,16,2,3,52,0,222
3341.0,31,16,1,1,49,0,222
3342.0,31,16,0,0,47,0,222
3343.0,31,16,0,1,48,0,223
3344.0,29,14,1,2,46,0,223
3345.0,28,12,4,3,47,0,223
3346.0,27,11,4,4,46,0,223
3347.0,26,9,6,4,45,0,223
3348.0,25,6,7,5,43,0,223
3349.0,24,4,10,6,44,0,223
3350.0,23,2,10,9,44,0,223
3351.0,22,1,11,9,43,0,223
3352.0,21,0,12,11,44,0,223
3353.0,20,0,12,11,43,0,224
3354.0,20,1,9,11,41,0,224
3355.0,20,1,7,10,38,0,224
3356.0,20,3,5,9,37,0,224
3357.0,19,4,4,7,34,0,224
3358.0,18,5,4,5,32,0,224
3359.0,18,9,3,3,33,0,224
3360.0,18,10,2,1,31,0,224
3361.0,17,11,1,0,29,0,224
3362.0,17,12,1,0,30,0,224
3363.0,17,14,0,2,33,0,225
3364.0,17,14,0,1,32,0,225
3365.0,17,16,1,3,37,0,225
3366.0,18,17,2,3,40,0,225
3367.0,17,18,2,4,41,0,225
3368.0,16,18,3,6,43,0,225
3369.0,16,17,3,7,43,0,225
3370.0,16,16,4,8,44,0,225
3371.0,15,16,5,10,46,0,225
3372.0,15,16,5,10,46,0,225
3373.0,15,16,6,10,47,0,225
3374.0,16,16,6,11,49,0,225
3375.0,15,16,7,12,50,0,225
3376.0,15,16,7,12,50,0,225
3377.0,15,16,8,12,51,0,225
3378.0,16,16,9,13,54,0,225
3379.0,18,16,10,14,58,0,225
3380.0,18,16,10,16,60,0,225
3381.0,18,16,10,16,60,0,225
3382.0,20,16,10,17,63,0,225
3383.0,20,16,10,18,64,0,225
3384.0,21,16,10,18,65,0,225
3385.0,22,16,10,18,66,0,225
3386.0,21,16,10,18,65,0,225
3387.0,22,16,10,18,66,0,225
3388.0,24,16,10,18,68,0,226
3389.0,26,16,8,15,65,0,226
3390.0,24,16,7,14,61,0,226
3391.0,25,16,6,12,59,0,226
3392.0,26,16,5,10,57,0,226
3393.0,26,16,4,8,54,0,226
3394.0,27,16,3,6,52,0,226
3395.0,28,16,2,4,50,0,226
3396.0,28,17,1,2,48,0,226
3397.0,28,17,0,1,46,0,226
3398.0,29,17,0,0,46,0,227
3399.0,29,16,1,2,48,0,227
3400.0,29,16,2,2,49,0,227
3401.0,29,16,2,3,50,0,227
3402.0,29,16,3,4,52,0,227
3403.0,29,16,4,5,54,0,227
3404.0,29,16,5,6,56,0,227
3405.0,29,16,5,8,58,0,227
3406.0,29,16,6,9,60,0,227
3407.0,29,16,7,10,62,0,227
3408.0,29,16,9,11,65,0,227
3409.0,29,16,9,14,68,0,227
3410.0,29,16,10,14,69,0,227
3411.0,29,16,10,16,71,0,227
3412.0,29,16,10,16,71,0,227
3413.0,29,16,11,16,72,0,228
3414.0,29,16,9,14,68,0,228
3415.0,29,16,7,12,64,0,228
3416.0,29,16,6,10,61,0,228
3417.0,29,16,5,8,58,0,228
3418.0,30,16,4,7,57,0,228
3419.0,30,16,3,5,54,0,228
3420.0,30,17,3,4,54,0,228
3421.0,30,17,2,3,52,0,228
3422.0,30,17,1,1,49,0,228
3423.0,30,17,1,0,48,0,229
3424.0,29,15,1,0,45,0,229
3425.0,28,13,1,1,43,0,229
3426.0,27,11,2,2,42,0,229
3427.0,26,9,3,5,43,0,229
3428.0,25,7,3,6,41,0,229
3429.0,24,5,4,6,39,0,229
3430.0,23,3,5,7,38,0,229
3431.0,22,1,5,9,37,0,229
3432.0,21,0,5,10,36,0,229
3433.0,21,0,6,10,37,0,230
3434.0,19,1,8,12,40,0,230
3435.0,19,3,7,14,43,0,230
3436.0,18,5,7,13,43,0,230
3437.0,18,6,8,14,46,0,230
3438.0,18,7,9,14,48,0,230
3439.0,18,7,9,16,50,0,230
3440.0,18,8,11,16,53,0,230
3441.0,16,10,11,17,54,0,230
3442.0,17,11,11,17,56,0,230
3443.0,17,12,11,17,57,0,230
3444.0,17,13,12,18,60,0,230
3445.0,17,14,10,19,60,0,230
3446.0,16,15,10,19,60,0,230
3447.0,16,15,10,19,60,0,230
3448.0,16,15,11,19,61,0,230
3449.0,15,16,11,19,61,0,230
3450.0,15,15,12,19,61,0,230
3451.0,14,16,12,19,61,0,230
3452.0,14,15,12,19,60,0,230
3453.0,14,15,14,19,62,0,230
3454.0,14,15,12,19,60,0,230
3455.0,13,17,12,19,61,0,230
3456.0,13,15,12,19,59,0,230
3457.0,14,18,13,19,64,0,230
3458.0,15,15,13,20,63,0,230
3459.0,17,16,15,20,68,0,230
3460.0,17,17,15,20,69,0,230
3461.0,17,17,16,20,70,0,230
3462.0,18,17,16,20,71,0,230
3463.0,18,18,16,20,72,0,230
3464.0,20,18,15,20,73,0,230
3465.0,21,16,15,20,72,0,230
3466.0,20,16,15,20,71,0,230
3467.0,21,16,15,20,72,0,230
3468.0,21,17,16,20,74,0,230
3469.0,22,17,16,20,75,0,230
3470.0,23,17,16,20,76,0,230
3471.0,23,16,16,20,75,0,230
3472.0,24,16,16,20,76,0,230
3473.0,25,16,16,20,77,0,230
3474.0,25,17,16,20,78,0,230
3475.0,25,17,16,20,78,0,230
3476.0,27,17,17,20,81,0,230
3477.0,28,17,18,20,83,0,230
3478.0,28,17,18,20,83,0,230
3479.0,28,17,18,20,83,0,230
3480.0,29,17,18,20,84,0,230
3481.0,29,17,18,20,84,0,230
3482.0,29,17,18,20,84,0,230
3483.0,29,17,18,20,84,0,231
3484.0,28,15,18,20,81,0,231
3485.0,27,13,18,20,78,0,231
3486.0,26,11,18,20,75,0,231
3487.0,25,9,18,20,72,0,231
3488.0,24,7,18,20,69,0,231
3489.0,23,5,18,20,66,0,231
3490.0,22,3,18,20,63,0,231
3491.0,21,1,18,20,60,0,231
3492.0,20,0,18,20,58,0,231
3493.0,19,0,18,20,57,0,232
3494.0,18,1,15,17,51,0,232
3495.0,19,2,13,14,48,0,232
3496.0,18,2,11,12,43,0,232
3497.0,18,4,9,10,41,0,232
3498.0,17,6,7,8,38,0,232
3499.0,17,6,5,6,34,0,232
3500.0,18,7,3,4,32,0,232
3501.0,17,10,1,2,30,0,232
3502.0,16,11,0,0,27,0,232
3503.0,16,11,0,0,27,0,233
3504.0,15,12,2,0,29,0,233
3505.0,15,11,3,0,29,0,233
3506.0,15,12,3,1,31,0,233
3507.0,14,12,5,3,34,0,233
3508.0,14,12,5,3,34,0,233
3509.0,14,15,8,7,44,0,233
3510.0,13,14,10,6,43,0,233
3511.0,13,15,11,6,45,0,233
3512.0,14,16,11,9,50,0,233
3513.0,14,14,12,10,50,0,233
3514.0,13,14,13,10,50,0,233
3515.0,13,14,14,12,53,0,233
3516.0,14,15,14,13,56,0,233
3517.0,15,15,16,15,61,0,233
3518.0,15,16,16,15,62,0,233
3519.0,17,16,16,16,65,0,233
3520.0,17,16,17,16,66,0,233
3521.0,18,16,17,16,67,0,233
3522.0,19,16,18,16,69,0,233
3523.0,19,16,18,16,69,0,233
3524.0,20,16,18,16,70,0,233
3525.0,20,16,18,16,70,0,233
3526.0,20,16,18,17,71,0,233
3527.0,21,16,18,17,72,0,233
3528.0,22,16,20,17,75,0,233
3529.0,23,16,20,17,76,0,233
3530.0,23,16,20,17,76,0,233
3531.0,25,16,20,17,78,0,233
3532.0,25,16,21,17,79,0,233
3533.0,26,16,21,17,80,0,233
3534.0,27,16,21,17,81,0,233
3535.0,27,16,21,17,81,0,233
3536.0,28,16,22,17,83,0,233
3537.0,29,16,22,17,84,0,233
3538.0,29,16,22,17,84,0,233
3539.0,29,16,22,17,84,0,233
3540.0,29,16,22,17,84,0,233
3541.0,29,16,22,17,84,0,233
3542.0,29,16,22,18,85,0,233
3543.0,29,16,22,18,85,0,234
3544.0,29,16,19,15,79,0,234
3545.0,29,16,16,13,74,0,234
3546.0,29,17,13,11,70,0,234
3547.0,29,17,10,9,65,0,234
3548.0,29,17,7,8,61,0,234
3549.0,29,18,5,6,58,0,234
3550.0,29,18,3,4,54,0,234
3551.0,30,18,1,2,51,0,234
3552.0,30,18,0,0,48,0,234
3553.0,30,19,0,0,49,0,235
3554.0,29,18,1,1,49,0,235
3555.0,29,17,1,2,49,0,235
3556.0,29,16,3,3,51,0,235
3557.0,29,16,5,3,53,0,235
3558.0,29,16,6,4,55,0,235
3559.0,29,16,7,7,59,0,235
3560.0,29,16,7,8,60,0,235
3561.0,29,16,9,7,61,0,235
3562.0,29,16,9,9,63,0,235
3563.0,29,16,9,11,65,0,236
3564.0,28,14,10,11,63,0,236
3565.0,27,12,11,14,64,0,236
3566.0,26,11,11,13,61,0,236
3567.0,25,9,12,14,60,0,236
3568.0,24,7,13,15,59,0,236
3569.0,23,6,14,16,59,0,236
3570.0,22,4,14,16,56,0,236
3571.0,21,3,14,16,54,0,236
3572.0,20,2,14,16,52,0,236
3573.0,20,3,14,16,53,0,237
3574.0,19,4,12,14,49,0,237
3575.0,19,5,10,12,46,0,237
3576.0,18,6,8,10,42,0,237
3577.0,19,7,6,8,40,0,237
3578.0,19,7,4,6,36,0,237
3579.0,19,9,3,4,35,0,237
3580.0,18,12,2,2,34,0,237
3581.0,18,12,1,0,31,0,237
3582.0,18,14,0,0,32,0,237
3583.0,17,15,0,0,32,0,238
3584.0,17,14,1,2,34,0,238
3585.0,18,15,3,2,38,0,238
3586.0,17,15,4,3,39,0,238
3587.0,16,13,4,3,36,0,238
3588.0,16,14,6,4,40,0,238
3589.0,15,13,6,7,41,0,238
3590.0,16,14,7,8,45,0,238
3591.0,16,16,7,7,46,0,238
3592.0,16,13,8,10,47,0,238
3593.0,15,13,8,11,47,0,238
3594.0,16,14,10,11,51,0,238
3595.0,15,15,10,13,53,0,238
3596.0,15,16,11,14,56,0,238
3597.0,16,13,11,15,55,0,238
3598.0,16,14,12,15,57,0,238
3599.0,16,14,12,15,57,0,238
3600.0,18,15,12,16,61,0,238
3601.0,17,15,12,16,60,0,238
3602.0,19,13,12,18,62,0,238
3603.0,20,12,13,18,63,0,238
3604.0,20,11,13,19,63,0,238
3605.0,21,12,13,19,65,0,238
3606.0,21,11,14,19,65,0,238
3607.0,22,12,14,19,67,0,238
3608.0,22,12,14,19,67,0,238
3609.0,24,13,14,19,70,0,238
3610.0,24,12,13,19,68,0,238
3611.0,25,12,13,20,70,0,238
3612.0,26,12,13,20,71,0,238
3613.0,26,13,13,20,72,0,239
3614.0,27,15,12,17,71,0,239
3615.0,28,14,10,14,66,0,239
3616.0,29,14,9,11,63,0,239
3617.0,29,16,6,9,60,0,239
3618.0,29,17,4,7,57,0,239
3619.0,29,18,3,5,55,0,239
3620.0,29,18,2,3,52,0,239
3621.0,29,19,1,1,50,0,239
3622.0,29,19,0,0,48,0,239
3623.0,29,19,0,2,50,0,240
3624.0,29,19,1,2,51,0,240
3625.0,29,19,2,4,54,0,240
3626.0,29,18,3,4,54,0,240
3627.0,29,17,4,5,55,0,240
3628.0,29,16,5,6,56,0,240
3629.0,29,16,6,7,58,0,240
3630.0,29,15,6,8,58,0,240
3631.0,29,15,7,10,61,0,240
3632.0,29,15,7,11,62,0,240
3633.0,29,15,8,12,64,0,241
3634.0,28,13,8,13,62,0,241
3635.0,27,12,9,14,62,0,241
3636.0,26,10,10,14,60,0,241
3637.0,25,9,10,14,58,0,241
3638.0,24,8,11,14,57,0,241
3639.0,23,6,11,14,54,0,241
3640.0,22,5,11,14,52,0,241
3641.0,21,4,11,14,50,0,241
3642.0,21,3,11,14,49,0,241
3643.0,20,3,11,14,48,0,242
3644.0,20,4,9,12,45,0,242
3645.0,19,4,7,10,40,0,242
3646.0,18,5,6,8,37,0,242
3647.0,18,7,5,6,36,0,242
3648.0,17,9,4,4,34,0,242
3649.0,17,10,3,2,32,0,242
3650.0,17,10,2,1,30,0,242
3651.0,17,11,1,0,29,0,242
3652.0,17,12,0,0,29,0,242
3653.0,16,13,0,1,30,0,243
3654.0,15,12,0,2,29,0,243
3655.0,15,10,1,2,28,0,243
3656.0,16,11,1,4,32,0,243
3657.0,16,10,3,6,35,0,243
3658.0,16,10,4,7,37,0,243
3659.0,15,10,5,7,37,0,243
3660.0,15,10,6,8,39,0,243
3661.0,16,9,6,9,40,0,243
3662.0,15,10,7,8,40,0,243
3663.0,16,11,7,8,42,0,243
3664.0,15,12,8,9,44,0,243
3665.0,14,11,9,9,43,0,243
3666.0,15,12,9,10,46,0,243
3667.0,16,11,9,12,48,0,243
3668.0,17,12,9,12,50,0,243
3669.0,19,12,9,14,54,0,243
3670.0,19,14,9,13,55,0,243
3671.0,19,12,9,13,53,0,243
3672.0,19,11,9,14,53,0,243
3673.0,21,11,10,13,55,0,243
3674.0,21,13,10,15,59,0,243
3675.0,22,12,10,15,59,0,243
3676.0,22,12,10,16,60,0,243
3677.0,23,13,10,17,63,0,243
3678.0,23,13,10,18,64,0,243
3679.0,25,14,10,18,67,0,243
3680.0,25,14,10,18,67,0,243
3681.0,25,14,11,18,68,0,243
3682.0,27,14,11,18,70,0,243
3683.0,26,14,11,18,69,0,244
3684.0,27,14,8,15,64,0,244
3685.0,28,14,6,12,60,0,244
3686.0,29,14,5,9,57,0,244
3687.0,29,14,4,7,54,0,244
3688.0,29,14,3,5,51,0,244
3689.0,29,14,2,3,48,0,244
3690.0,29,14,1,1,45,0,244
3691.0,29,14,0,0,43,0,244
3692.0,29,14,0,1,44,0,244
3693.0,29,14,0,0,43,0,245
3694.0,28,12,0,1,41,0,245
3695.0,27,11,1,2,41,0,245
3696.0,26,8,1,3,38,0,245
3697.0,25,6,2,5,38,0,245
3698.0,24,4,2,5,35,0,245
3699.0,23,3,2,7,35,0,245
3700.0,22,2,3,9,36,0,245
3701.0,21,1,5,9,36,0,245
3702.0,20,0,5,9,34,0,245
3703.0,19,1,5,11,36,0,246
3704.0,18,1,4,9,32,0,246
3705.0,19,4,4,7,34,0,246
3706.0,19,4,4,6,33,0,246
3707.0,18,6,3,5,32,0,246
3708.0,17,5,3,4,29,0,246
3709.0,18,6,2,2,28,0,246
3710.0,17,8,2,1,28,0,246
3711.0,16,7,0,0,23,0,246
3712.0,15,8,0,0,23,0,246
3713.0,16,9,1,2,28,0,247
3714.0,15,9,3,2,29,0,247
3715.0,16,9,2,2,29,0,247
3716.0,15,11,3,3,32,0,247
3717.0,16,10,4,6,36,0,247
3718.0,16,10,4,6,36,0,247
3719.0,16,10,5,6,37,0,247
3720.0,15,10,5,9,39,0,247
3721.0,15,11,5,9,40,0,247
3722.0,15,10,5,9,39,0,247
3723.0,14,10,6,12,42,0,247
3724.0,14,11,6,11,42,0,247
3725.0,15,11,7,11,44,0,247
3726.0,15,11,8,13,47,0,247
3727.0,15,11,9,12,47,0,247
3728.0,16,10,9,12,47,0,247
3729.0,17,10,9,13,49,0,247
3730.0,17,12,11,14,54,0,247
3731.0,18,11,11,15,55,0,247
3732.0,20,11,11,15,57,0,247
3733.0,21,12,14,16,63,0,247
3734.0,21,11,13,16,61,0,247
3735.0,21,12,15,17,65,0,247
3736.0,23,12,14,18,67,0,247
3737.0,22,11,16,18,67,0,247
3738.0,25,11,16,19,71,0,247
3739.0,24,12,16,19,71,0,247
3740.0,26,12,17,19,74,0,247
3741.0,26,11,17,19,73,0,247
3742.0,26,12,16,19,73,0,247
3743.0,27,12,16,19,74,0,248
3744.0,29,12,15,16,72,0,248
3745.0,29,12,13,13,67,0,248
3746.0,29,14,11,10,64,0,248
3747.0,29,13,9,7,58,0,248
3748.0,29,16,6,5,56,0,248
3749.0,29,15,3,3,50,0,248
3750.0,29,16,1,1,47,0,248
3751.0,29,15,0,0,44,0,248
3752.0,29,15,0,0,44,0,248
3753.0,29,16,0,1,46,0,249
3754.0,29,17,1,1,48,0,249
3755.0,29,18,3,4,54,0,249
3756.0,29,17,4,4,54,0,249
3757.0,30,15,5,4,54,0,249
3758.0,30,18,7,6,61,0,249
3759.0,30,20,9,6,65,0,249
3760.0,30,17,10,7,64,0,249
3761.0,30,18,12,10,70,0,249
3762.0,30,18,14,10,72,0,249
3763.0,30,15,14,11,70,0,249
3764.0,30,16,13,11,70,0,249
3765.0,30,17,13,13,73,0,249
3766.0,30,17,15,13,75,0,249
3767.0,30,16,15,14,75,0,249
3768.0,30,17,16,15,78,0,249
3769.0,30,17,17,15,79,0,249
3770.0,30,17,18,16,81,0,249
3771.0,30,17,19,16,82,0,249
3772.0,30,17,19,16,82,0,249
3773.0,30,15,19,16,80,0,249
3774.0,30,15,19,16,80,0,249
3775.0,30,15,19,16,80,0,249
3776.0,30,16,19,16,81,0,249
3777.0,30,14,19,16,79,0,249
3778.0,30,14,19,16,79,0,249
3779.0,30,14,19,16,79,0,249
3780.0,30,14,19,16,79,0,249
3781.0,30,14,19,16,79,0,249
3782.0,30,15,19,16,80,0,249
3783.0,30,15,20,16,81,0,250
3784.0,30,15,17,13,75,0,250
3785.0,30,15,14,11,70,0,250
3786.0,30,15,11,9,65,0,250
3787.0,30,15,9,7,61,0,250
3788.0,30,15,6,5,56,0,250
3789.0,30,15,4,3,52,0,250
3790.0,30,15,2,1,48,0,250
3791.0,30,15,0,0,45,0,250
3792.0,30,15,0,0,45,0,250
3793.0,30,15,0,1,46,0,251
3794.0,28,13,2,2,45,0,251
3795.0,28,11,2,3,44,0,251
3796.0,27,10,4,4,45,0,251
3797.0,25,8,7,4,44,0,251
3798.0,24,6,7,5,42,0,251
3799.0,23,3,8,8,42,0,251
3800.0,22,3,9,10,44,0,251
3801.0,21,2,11,7,41,0,251
3802.0,20,0,11,9,40,0,251
3803.0,19,0,14,12,45,0,252
3804.0,18,0,10,8,36,0,252
3805.0,18,1,8,7,34,0,252
3806.0,17,4,7,7,35,0,252
3807.0,18,4,4,4,30,0,252
3808.0,17,6,2,2,27,0,252
3809.0,17,6,1,2,26,0,252
3810.0,17,8,1,1,27,0,252
3811.0,16,8,0,0,24,0,252
3812.0,16,9,1,0,26,0,252
3813.0,15,9,1,1,26,0,253
3814.0,15,12,2,0,29,0,253
3815.0,15,11,4,1,31,0,253
3816.0,15,11,3,2,31,0,253
3817.0,16,12,4,3,35,0,253
3818.0,16,13,7,4,40,0,253
3819.0,15,12,7,8,42,0,253
3820.0,15,13,8,10,46,0,253
3821.0,15,14,10,9,48,0,253
3822.0,13,14,10,10,47,0,253
3823.0,14,14,12,12,52,0,253
3824.0,14,13,14,11,52,0,253
3825.0,14,13,14,13,54,0,253
3826.0,14,15,14,13,56,0,253
3827.0,14,15,14,13,56,0,253
3828.0,16,13,15,14,58,0,253
3829.0,17,14,16,15,62,0,253
3830.0,17,13,18,16,64,0,253
3831.0,18,13,18,16,65,0,253
3832.0,19,15,18,15,67,0,253
3833.0,19,13,20,17,69,0,253
3834.0,20,14,17,15,66,0,253
3835.0,22,14,19,18,73,0,253
3836.0,21,14,19,19,73,0,253
3837.0,22,14,19,19,74,0,253
3838.0,24,14,19,19,76,0,254
3839.0,23,14,17,17,71,0,254
3840.0,23,14,15,14,66,0,254
3841.0,25,16,12,11,64,0,254
3842.0,24,18,10,8,60,0,254
3843.0,25,18,7,6,56,0,254
3844.0,26,19,6,4,55,0,254
3845.0,27,19,4,2,52,0,254
3846.0,28,19,2,0,49,0,254
3847.0,29,22,1,1,53,0,254
3848.0,29,21,1,1,52,0,255
3849.0,29,21,2,3,55,0,255
3850.0,29,19,2,3,53,0,255
3851.0,29,21,3,6,59,0,255
3852.0,29,18,5,8,60,0,255
3853.0,29,19,6,6,60,0,255
3854.0,29,19,8,7,63,0,255
3855.0,29,18,12,8,67,0,255
3856.0,29,17,11,7,64,0,255
3857.0,29,17,13,9,68,0,255
3858.0,29,17,15,11,72,0,255
3859.0,29,17,17,11,74,0,255
3860.0,29,17,17,13,76,0,255
3861.0,29,17,18,14,78,0,255
3862.0,29,17,18,15,79,0,255
3863.0,29,17,20,15,81,0,255
3864.0,29,17,19,16,81,0,255
3865.0,29,17,21,16,83,0,255
3866.0,29,17,21,16,83,0,255
3867.0,29,17,21,16,83,0,255
3868.0,29,17,21,16,83,0,255
3869.0,29,17,21,16,83,0,255
3870.0,29,17,22,16,84,0,255
3871.0,29,17,22,16,84,0,255
3872.0,29,17,22,16,84,0,255
3873.0,29,17,22,16,84,0,256
3874.0,28,15,22,16,81,0,256
3875.0,27,13,22,16,78,0,256
3876.0,26,11,22,16,75,0,256
3877.0,25,9,22,16,72,0,256
3878.0,24,7,22,16,69,0,256
3879.0,23,5,22,16,66,0,256
3880.0,22,3,22,16,63,0,256
3881.0,21,1,22,16,60,0,256
3882.0,20,0,24,16,60,0,256
3883.0,21,0,24,16,61,0,257
3884.0,20,0,21,13,54,0,257
3885.0,19,3,18,11,51,0,257
3886.0,18,4,15,9,46,0,257
3887.0,18,5,12,7,42,0,257
3888.0,18,5,9,5,37,0,257
3889.0,17,7,6,4,34,0,257
3890.0,17,7,3,2,29,0,257
3891.0,16,9,1,0,26,0,257
3892.0,17,11,0,1,29,0,257
3893.0,17,11,0,2,30,0,258
3894.0,16,11,1,2,30,0,258
3895.0,16,12,3,3,34,0,258
3896.0,15,13,5,3,36,0,258
3897.0,15,15,6,5,41,0,258
3898.0,15,15,8,5,43,0,258
3899.0,15,13,9,6,43,0,258
3900.0,16,16,11,8,51,0,258
3901.0,15,13,12,9,49,0,258
3902.0,15,14,14,10,53,0,258
3903.0,15,15,16,12,58,0,258
3904.0,14,14,16,12,56,0,258
3905.0,14,13,17,14,58,0,258
3906.0,15,16,17,14,62,0,258
3907.0,16,14,18,15,63,0,258
3908.0,16,16,18,15,65,0,258
3909.0,16,15,18,15,64,0,258
3910.0,18,13,19,15,65,0,258
3911.0,17,14,19,16,66,0,258
3912.0,18,14,19,15,66,0,258
3913.0,20,14,19,15,68,0,258
3914.0,20,14,19,15,68,0,258
3915.0,20,14,20,16,70,0,258
3916.0,21,14,20,16,71,0,258
3917.0,22,14,21,16,73,0,258
3918.0,23,14,21,16,74,0,259
3919.0,25,14,18,14,71,0,259
3920.0,24,14,15,12,65,0,259
3921.0,25,15,13,10,63,0,259
3922.0,25,15,10,8,58,0,259
3923.0,26,16,7,6,55,0,259
3924.0,26,16,4,4,50,0,259
3925.0,27,16,2,2,47,0,259
3926.0,28,16,1,0,45,0,259
3927.0,29,16,0,1,46,0,259
3928.0,29,16,0,0,45,0,260
3929.0,29,15,0,1,45,0,260
3930.0,29,14,1,1,45,0,260
3931.0,29,15,2,4,50,0,260
3932.0,29,15,2,3,49,0,260
3933.0,30,15,2,4,51,0,260
3934.0,30,14,4,5,53,0,260
3935.0,30,14,5,7,56,0,260
3936.0,30,14,6,8,58,0,260
3937.0,30,14,8,11,63,0,260
3938.0,30,14,9,10,63,0,260
3939.0,30,14,9,10,63,0,260
3940.0,30,14,10,12,66,0,260
3941.0,31,14,11,12,68,0,260
3942.0,31,14,11,12,68,0,260
3943.0,31,14,13,12,70,0,260
3944.0,31,14,13,13,71,0,260
3945.0,31,14,14,14,73,0,260
3946.0,31,14,14,14,73,0,260
3947.0,31,14,14,14,73,0,260
3948.0,31,14,14,14,73,0,261
3949.0,28,12,14,14,68,0,261
3950.0,27,10,14,14,65,0,261
3951.0,26,8,15,14,63,0,261
3952.0,25,6,14,14,59,0,261
3953.0,24,4,14,14,56,0,261
3954.0,23,3,14,14,54,0,261
3955.0,22,2,14,14,52,0,261
3956.0,21,1,16,14,52,0,261
3957.0,20,0,16,14,50,0,261
3958.0,19,0,16,14,49,0,262
3959.0,18,0,13,12,43,0,262
3960.0,19,2,11,10,42,0,262
3961.0,19,3,8,8,38,0,262
3962.0,18,3,7,6,34,0,262
3963.0,18,5,5,4,32,0,262
3964.0,17,5,3,2,27,0,262
3965.0,17,5,2,1,25,0,262
3966.0,16,7,1,0,24,0,262
3967.0,17,6,0,0,23,0,262
3968.0,16,7,0,2,25,0,263
3969.0,16,9,0,1,26,0,263
3970.0,15,9,1,2,27,0,263
3971.0,15,9,2,2,28,0,263
3972.0,15,8,5,3,31,0,263
3973.0,15,10,4,5,34,0,263
3974.0,16,8,5,5,34,0,263
3975.0,15,10,7,5,37,0,263
3976.0,15,11,8,7,41,0,263
3977.0,15,11,9,7,42,0,263
3978.0,14,10,9,8,41,0,263
3979.0,16,12,9,9,46,0,263
3980.0,14,11,10,9,44,0,263
3981.0,15,11,11,9,46,0,263
3982.0,16,11,11,10,48,0,263
3983.0,17,10,11,11,49,0,263
3984.0,19,11,11,10,51,0,263
3985.0,18,11,11,11,51,0,263
3986.0,19,11,11,12,53,0,263
3987.0,21,12,11,12,56,0,263
3988.0,20,13,11,11,55,0,263
3989.0,21,13,11,11,56,0,263
3990.0,22,13,12,12,59,0,263
3991.0,23,13,12,13,61,0,263
3992.0,24,13,12,12,61,0,263
3993.0,24,13,12,13,62,0,263
3994.0,24,13,12,13,62,0,263
3995.0,26,13,13,14,66,0,263
3996.0,26,13,13,14,66,0,263
3997.0,27,13,13,15,68,0,263
3998.0,28,13,13,16,70,0,264
3999.0,28,13,10,13,64,0,264
4000.0,29,13,7,11,60,0,264
4001.0,29,13,6,9,57,0,264
4002.0,29,13,5,7,54,0,264
4003.0,29,13,3,5,50,0,264
4004.0,29,13,2,3,47,0,264
4005.0,29,13,1,1,44,0,264
4006.0,29,13,0,0,42,0,264
4007.0,29,13,0,1,43,0,264
4008.0,29,13,2,2,46,0,265
4009.0,28,11,3,3,45,0,265
4010.0,27,10,3,3,43,0,265
4011.0,26,8,4,4,42,0,265
4012.0,25,6,5,5,41,0,265
4013.0,24,4,6,6,40,0,265
4014.0,23,3,5,8,39,0,265
4015.0,22,2,6,9,39,0,265
4016.0,21,1,7,10,39,0,265
4017.0,20,1,7,11,39,0,265
4018.0,19,0,8,12,39,0,266
4019.0,19,0,7,10,36,0,266
4020.0,18,1,6,9,34,0,266
4021.0,18,3,5,9,35,0,266
4022.0,18,4,4,6,32,0,266
4023.0,18,6,3,5,32,0,266
4024.0,17,5,2,3,27,0,266
4025.0,17,8,1,1,27,0,266
4026.0,17,6,0,0,23,0,266
4027.0,15,8,0,0,23,0,266
4028.0,16,9,0,3,28,0,267
4029.0,16,8,3,1,28,0,267
4030.0,16,8,2,2,28,0,267
4031.0,15,9,2,4,30,0,267
4032.0,15,9,4,5,33,0,267
4033.0,14,9,4,6,33,0,267
4034.0,14,9,6,6,35,0,267
4035.0,15,11,6,7,39,0,267
4036.0,15,10,6,9,40,0,267
4037.0,15,10,8,9,42,0,267
4038.0,15,10,9,9,43,0,267
4039.0,15,9,7,10,41,0,267
4040.0,15,9,7,10,41,0,267
4041.0,15,11,8,10,44,0,267
4042.0,15,10,8,9,42,0,267
4043.0,15,10,8,10,43,0,267
4044.0,16,10,10,11,47,0,267
4045.0,18,11,10,10,49,0,267
4046.0,18,10,13,10,51,0,267
4047.0,19,11,11,12,53,0,267
4048.0,19,12,12,12,55,0,267
4049.0,20,12,11,12,55,0,267
4050.0,21,13,11,13,58,0,267
4051.0,22,12,13,14,61,0,267
4052.0,22,14,13,15,64,0,267
4053.0,22,13,13,16,64,0,267
4054.0,22,13,13,17,65,0,267
4055.0,24,13,14,17,68,0,267
4056.0,24,13,14,17,68,0,267
4057.0,25,15,16,18,74,0,267
4058.0,26,17,16,18,77,0,267
4059.0,26,16,17,18,77,0,267
4060.0,27,15,17,18,77,0,267
4061.0,28,17,17,18,80,0,267
4062.0,29,15,18,18,80,0,267
4063.0,29,16,18,18,81,0,267
4064.0,29,16,18,18,81,0,267
4065.0,29,18,18,18,83,0,267
4066.0,29,17,18,18,82,0,267
4067.0,30,18,19,18,85,0,267
4068.0,30,17,20,18,85,0,267
4069.0,30,19,20,18,87,0,267
4070.0,30,17,20,18,85,0,267
4071.0,30,18,20,18,86,0,267
4072.0,30,18,20,18,86,0,267
4073.0,30,17,20,18,85,0,268
4074.0,28,15,20,18,81,0,268
4075.0,27,13,20,18,78,0,268
4076.0,26,11,20,18,75,0,268
4077.0,26,10,20,18,74,0,268
4078.0,25,8,20,18,71,0,268
4079.0,24,7,20,18,69,0,268
4080.0,23,5,20,18,66,0,268
4081.0,22,3,20,18,63,0,268
4082.0,21,3,20,18,62,0,268
4083.0,21,4,20,18,63,0,269
4084.0,20,5,17,15,57,0,269
4085.0,20,7,14,12,53,0,269
4086.0,19,9,11,9,48,0,269
4087.0,19,8,8,7,42,0,269
4088.0,18,9,6,5,38,0,269
4089.0,18,12,4,3,37,0,269
4090.0,17,12,2,1,32,0,269
4091.0,17,14,1,0,32,0,269
4092.0,16,14,0,1,31,0,269
4093.0,17,16,1,2,36,0,270
4094.0,16,15,2,1,34,0,270
4095.0,16,14,2,1,33,0,270
4096.0,16,15,4,4,39,0,270
4097.0,16,15,4,5,40,0,270
4098.0,15,15,6,5,41,0,270
4099.0,14,17,7,7,45,0,270
4100.0,14,18,7,8,47,0,270
4101.0,15,15,9,9,48,0,270
4102.0,15,16,9,11,51,0,270
4103.0,15,16,10,11,52,0,270
4104.0,14,16,11,12,53,0,270
4105.0,14,17,11,10,52,0,270
4106.0,14,16,12,12,54,0,270
4107.0,14,16,12,13,55,0,270
4108.0,15,16,13,12,56,0,270
4109.0,16,16,13,13,58,0,270
4110.0,17,13,13,13,56,0,270
4111.0,16,13,13,14,56,0,270
4112.0,18,14,13,15,60,0,270
4113.0,20,16,14,15,65,0,270
4114.0,19,14,14,15,62,0,270
4115.0,21,14,13,15,63,0,270
4116.0,21,15,13,15,64,0,270
4117.0,21,13,13,15,62,0,270
4118.0,23,14,14,15,66,0,270
4119.0,23,16,14,15,68,0,270
4120.0,23,14,14,15,66,0,270
4121.0,25,16,14,15,70,0,270
4122.0,25,16,15,15,71,0,270
4123.0,26,16,15,15,72,0,270
4124.0,27,17,15,15,74,0,270
4125.0,28,17,16,15,76,0,270
4126.0,28,17,16,15,76,0,270
4127.0,28,17,16,15,76,0,270
4128.0,29,17,16,15,77,0,270
4129.0,28,17,16,15,76,0,270
4130.0,29,17,16,15,77,0,270
4131.0,29,17,16,15,77,0,270
4132.0,29,17,16,15,77,0,270
4133.0,29,17,17,15,78,0,270
4134.0,29,17,18,15,79,0,270
4135.0,30,17,19,15,81,0,270
4136.0,30,17,19,15,81,0,270
4137.0,30,17,19,15,81,0,270
4138.0,30,17,19,15,81,0,271
4139.0,28,15,19,15,77,0,271
4140.0,27,13,19,15,74,0,271
4141.0,26,11,19,15,71,0,271
4142.0,25,9,19,15,68,0,271
4143.0,24,7,19,15,65,0,271
4144.0,23,5,20,15,63,0,271
4145.0,22,3,20,15,60,0,271
4146.0,21,2,20,15,58,0,271
4147.0,20,1,20,15,56,0,271
4148.0,19,1,20,15,55,0,272
4149.0,18,3,17,13,51,0,272
4150.0,17,5,14,11,47,0,272
4151.0,18,6,11,9,44,0,272
4152.0,18,6,8,7,39,0,272
4153.0,17,7,5,5,34,0,272
4154.0,17,7,3,3,30,0,272
4155.0,16,8,2,1,27,0,272
4156.0,16,11,1,0,28,0,272
4157.0,16,13,0,1,30,0,272
4158.0,16,12,0,1,29,0,273
4159.0,16,12,0,3,31,0,273
4160.0,16,16,3,3,38,0,273
4161.0,16,13,4,4,37,0,273
4162.0,15,16,4,3,38,0,273
4163.0,15,13,5,2,35,0,273
4164.0,15,15,7,4,41,0,273
4165.0,15,14,7,7,43,0,273
4166.0,14,13,7,7,41,0,273
4167.0,15,14,8,9,46,0,273
4168.0,15,15,10,8,48,0,273
4169.0,13,13,10,9,45,0,273
4170.0,15,14,11,13,53,0,273
4171.0,14,14,12,13,53,0,273
4172.0,15,14,12,14,55,0,273
4173.0,15,14,12,15,56,0,273
4174.0,15,14,12,15,56,0,273
4175.0,17,14,12,15,58,0,273
4176.0,18,14,12,17,61,0,273
4177.0,18,14,12,17,61,0,273
4178.0,18,14,12,17,61,0,273
4179.0,20,14,12,17,63,0,273
4180.0,20,14,12,17,63,0,273
4181.0,20,14,12,17,63,0,273
4182.0,22,14,12,17,65,0,273
4183.0,22,14,12,17,65,0,274
4184.0,23,14,10,14,61,0,274
4185.0,23,14,8,11,56,0,274
4186.0,25,14,6,9,54,0,274
4187.0,24,14,5,7,50,0,274
4188.0,25,14,4,5,48,0,274
4189.0,27,14,3,3,47,0,274
4190.0,27,14,2,1,44,0,274
4191.0,27,14,1,1,43,0,274
4192.0,28,14,0,1,43,0,274
4193.0,29,14,0,3,46,0,275
4194.0,29,14,0,3,46,0,275
4195.0,29,14,2,4,49,0,275
4196.0,29,14,2,6,51,0,275
4197.0,29,14,3,6,52,0,275
4198.0,30,14,3,8,55,0,275
4199.0,31,14,5,9,59,0,275
4200.0,31,14,5,10,60,0,275
4201.0,31,14,6,11,62,0,275
4202.0,31,14,7,12,64,0,275
4203.0,32,14,8,12,66,0,276
4204.0,29,12,9,12,62,0,276
4205.0,28,10,9,13,60,0,276
4206.0,28,8,10,13,59,0,276
4207.0,27,6,11,13,57,0,276
4208.0,26,4,11,13,54,0,276
4209.0,25,3,11,15,54,0,276
4210.0,24,2,11,14,51,0,276
4211.0,23,2,11,14,50,0,276
4212.0,22,1,11,14,48,0,276
4213.0,22,1,11,15,49,0,277
4214.0,22,1,9,13,45,0,277
4215.0,21,3,7,11,42,0,277
4216.0,21,3,6,9,39,0,277
4217.0,20,4,5,7,36,0,277
4218.0,19,5,4,5,33,0,277
4219.0,18,4,3,3,28,0,277
4220.0,18,7,3,1,29,0,277
4221.0,19,6,2,0,27,0,277
4222.0,19,6,1,1,27,0,277
4223.0,18,8,0,2,28,0,278
4224.0,17,9,0,3,29,0,278
4225.0,16,9,1,2,28,0,278
4226.0,15,8,2,3,28,0,278
4227.0,15,10,3,6,34,0,278
4228.0,15,9,4,6,34,0,278
4229.0,15,10,5,6,36,0,278
4230.0,15,11,6,9,41,0,278
4231.0,15,11,7,9,42,0,278
4232.0,14,10,6,9,39,0,278
4233.0,14,13,8,11,46,0,278
4234.0,14,11,9,11,45,0,278
4235.0,14,12,9,12,47,0,278
4236.0,15,13,8,13,49,0,278
4237.0,15,12,9,13,49,0,278
4238.0,15,11,8,12,46,0,278
4239.0,17,13,9,12,51,0,278
4240.0,17,11,9,12,49,0,278
4241.0,17,13,10,12,52,0,278
4242.0,19,12,10,13,54,0,278
4243.0,18,12,11,13,54,0,278
4244.0,19,14,12,14,59,0,278
4245.0,21,11,13,15,60,0,278
4246.0,20,14,12,16,62,0,278
4247.0,22,11,13,16,62,0,278
4248.0,22,12,12,16,62,0,278
4249.0,24,12,14,16,66,0,278
4250.0,23,12,16,16,67,0,278
4251.0,24,12,15,16,67,0,278
4252.0,25,12,14,16,67,0,278
4253.0,25,12,16,16,69,0,278
4254.0,26,12,16,16,70,0,278
4255.0,27,13,17,16,73,0,278
4256.0,27,13,16,16,72,0,278
4257.0,28,13,18,16,75,0,278
4258.0,28,13,17,16,74,0,279
4259.0,29,13,15,13,70,0,279
4260.0,29,13,12,10,64,0,279
4261.0,29,13,11,7,60,0,279
4262.0,30,13,9,5,57,0,279
4263.0,30,13,6,3,52,0,279
4264.0,30,13,4,1,48,0,279
4265.0,30,13,1,0,44,0,279
4266.0,30,13,0,0,43,0,279
4267.0,30,13,0,0,43,0,279
4268.0,30,13,0,1,44,0,280
4269.0,28,11,1,0,40,0,280
4270.0,27,9,1,2,39,0,280
4271.0,28,9,4,1,42,0,280
4272.0,26,9,6,2,43,0,280
4273.0,24,7,7,3,41,0,280
4274.0,23,4,9,4,40,0,280
4275.0,22,4,10,5,41,0,280
4276.0,21,2,11,6,40,0,280
4277.0,20,1,12,6,39,0,280
4278.0,19,1,12,7,39,0,281
4279.0,18,2,13,7,40,0,281
4280.0,19,3,14,7,43,0,281
4281.0,19,4,16,7,46,0,281
4282.0,18,4,16,7,45,0,281
4283.0,18,4,16,7,45,0,281
4284.0,17,7,17,7,48,0,281
4285.0,16,8,18,7,49,0,281
4286.0,17,8,18,7,50,0,281
4287.0,17,7,19,7,50,0,281
4288.0,16,8,20,7,51,0,281
4289.0,16,10,20,7,53,0,281
4290.0,16,11,20,7,54,0,281
4291.0,15,10,20,7,52,0,281
4292.0,15,11,20,7,53,0,281
4293.0,15,10,21,7,53,0,281
4294.0,15,10,21,7,53,0,281
4295.0,14,11,21,7,53,0,281
4296.0,14,11,21,7,53,0,281
4297.0,14,10,22,7,53,0,281
4298.0,15,10,22,7,54,0,281
4299.0,14,10,22,7,53,0,281
4300.0,15,10,23,7,55,0,281
4301.0,14,11,23,7,55,0,281
4302.0,14,13,23,7,57,0,281
4303.0,15,14,23,7,59,0,281
4304.0,15,12,23,7,57,0,281
4305.0,17,13,23,7,60,0,281
4306.0,17,14,23,7,61,0,281
4307.0,19,13,23,7,62,0,281
4308.0,19,12,25,7,63,0,281
4309.0,21,13,24,7,65,0,281
4310.0,20,14,24,7,65,0,281
4311.0,21,13,24,7,65,0,281
4312.0,23,12,24,7,66,0,281
4313.0,22,14,24,7,67,0,281
4314.0,22,13,26,7,68,0,281
4315.0,24,14,26,7,71,0,281
4316.0,24,15,26,7,72,0,281
4317.0,25,12,26,7,70,0,281
4318.0,25,13,26,7,71,0,281
4319.0,27,14,26,7,74,0,281
4320.0,27,13,26,7,73,0,281
4321.0,28,13,26,7,74,0,281
4322.0,28,13,26,7,74,0,281
4323.0,29,14,26,7,76,0,281
4324.0,29,12,26,7,74,0,281
4325.0,29,14,26,7,76,0,281
4326.0,29,15,26,7,77,0,281
4327.0,30,13,26,7,76,0,281
4328.0,30,14,26,7,77,0,281
4329.0,30,15,26,7,78,0,281
4330.0,31,14,26,7,78,0,281
4331.0,31,14,26,7,78,0,281
4332.0,31,16,26,7,80,0,281
4333.0,31,15,26,7,79,0,282
4334.0,28,15,26,7,76,0,282
4335.0,27,11,26,7,71,0,282
4336.0,26,10,26,7,69,0,282
4337.0,25,8,26,7,66,0,282
4338.0,24,7,26,7,64,0,282
4339.0,23,6,26,7,62,0,282
4340.0,22,4,26,7,59,0,282
4341.0,21,4,26,7,58,0,282
4342.0,20,3,26,7,56,0,282
4343.0,19,4,26,7,56,0,283
4344.0,19,5,23,5,52,0,283
4345.0,18,6,20,3,47,0,283
4346.0,17,6,17,1,41,0,283
4347.0,18,7,14,0,39,0,283
4348.0,18,8,11,0,37,0,283
4349.0,18,10,8,0,36,0,283
4350.0,17,12,5,0,34,0,283
4351.0,17,12,2,0,31,0,283
4352.0,17,14,0,0,31,0,283
4353.0,17,15,0,0,32,0,284
4354.0,16,14,0,0,30,0,284
4355.0,15,16,2,1,34,0,284
4356.0,15,16,3,1,35,0,284
4357.0,15,18,4,1,38,0,284
4358.0,15,17,3,1,36,0,284
4359.0,15,18,5,2,40,0,284
4360.0,15,19,5,2,41,0,284
4361.0,14,17,8,2,41,0,284
4362.0,14,17,9,2,42,0,284
4363.0,13,18,11,2,44,0,284
4364.0,13,16,13,2,44,0,284
4365.0,13,16,15,2,46,0,284
4366.0,14,15,18,2,49,0,284
4367.0,15,15,20,2,52,0,284
4368.0,16,15,21,2,54,0,284
4369.0,16,15,22,2,55,0,284
4370.0,16,15,22,2,55,0,284
4371.0,17,15,22,2,56,0,284
4372.0,19,15,23,2,59,0,284
4373.0,19,15,23,2,59,0,284
4374.0,19,15,23,2,59,0,284
4375.0,20,13,24,2,59,0,284
4376.0,21,13,24,2,60,0,284
4377.0,22,13,24,2,61,0,284
4378.0,23,13,24,2,62,0,284
4379.0,24,14,25,2,65,0,284
4380.0,24,14,25,2,65,0,284
4381.0,25,14,25,2,66,0,284
4382.0,25,14,25,2,66,0,284
4383.0,25,14,25,2,66,0,284
4384.0,26,14,25,2,67,0,284
4385.0,28,14,25,2,69,0,284
4386.0,27,14,25,2,68,0,284
4387.0,29,14,25,2,70,0,284
4388.0,28,14,25,2,69,0,285
4389.0,28,12,25,2,67,0,285
4390.0,27,10,25,2,64,0,285
4391.0,26,8,25,2,61,0,285
4392.0,25,6,25,2,58,0,285
4393.0,24,4,25,2,55,0,285
4394.0,23,3,25,2,53,0,285
4395.0,23,2,25,2,52,0,285
4396.0,22,1,25,2,50,0,285
4397.0,21,0,25,2,48,0,285
4398.0,20,0,25,2,47,0,286
4399.0,20,1,22,0,43,0,286
4400.0,19,3,19,0,41,0,286
4401.0,18,4,16,0,38,0,286
4402.0,18,5,13,0,36,0,286
4403.0,19,5,10,0,34,0,286
4404.0,18,7,7,0,32,0,286
4405.0,19,6,4,0,29,0,286
4406.0,17,6,2,0,25,0,286
4407.0,17,7,0,0,24,0,286
4408.0,17,10,0,0,27,0,287
4409.0,16,8,1,0,25,0,287
4410.0,15,10,1,0,26,0,287
4411.0,15,9,2,0,26,0,287
4412.0,15,9,3,0,27,0,287
4413.0,16,10,3,0,29,0,287
4414.0,14,10,3,0,27,0,287
4415.0,16,9,4,0,29,0,287
4416.0,15,11,4,0,30,0,287
4417.0,16,9,5,0,30,0,287
4418.0,14,11,6,0,31,0,287
4419.0,15,10,6,0,31,0,287
4420.0,15,10,8,0,33,0,287
4421.0,14,9,9,0,32,0,287
4422.0,15,11,9,0,35,0,287
4423.0,16,10,9,0,35,0,287
4424.0,16,11,9,0,36,0,287
4425.0,18,11,9,0,38,0,287
4426.0,18,11,10,0,39,0,287
4427.0,19,10,10,0,39,0,287
4428.0,19,9,10,0,38,0,287
4429.0,21,9,11,0,41,0,287
4430.0,21,9,11,0,41,0,287
4431.0,21,11,11,0,43,0,287
4432.0,22,12,11,0,45,0,287
4433.0,23,13,11,0,47,0,287
4434.0,23,12,11,0,46,0,287
4435.0,24,15,11,0,50,0,287
4436.0,26,12,11,0,49,0,287
4437.0,27,13,12,0,52,0,287
4438.0,25,14,12,0,51,0,287
4439.0,26,12,12,0,50,0,287
4440.0,27,14,12,0,53,0,287
4441.0,28,12,12,0,52,0,287
4442.0,29,14,12,0,55,0,287
4443.0,29,13,13,0,55,0,287
4444.0,29,13,13,0,55,0,287
4445.0,29,13,13,0,55,0,287
4446.0,29,13,13,0,55,0,287
4447.0,29,13,14,0,56,0,287
4448.0,29,13,14,0,56,0,287
4449.0,29,13,14,0,56,0,287
4450.0,29,13,15,0,57,0,287
4451.0,29,13,16,0,58,0,287
4452.0,29,13,16,0,58,0,287
4453.0,29,13,16,0,58,0,287
4454.0,29,13,16,0,58,0,287
4455.0,30,13,16,0,59,0,287
4456.0,30,13,16,0,59,0,287
4457.0,30,13,16,0,59,0,287
4458.0,30,13,16,0,59,0,287
4459.0,31,13,16,0,60,0,287
4460.0,31,13,16,0,60,0,287
4461.0,31,13,16,0,60,0,287
4462.0,31,13,16,0,60,0,287
4463.0,31,13,17,0,61,0,288
4464.0,28,11,18,0,57,0,288
4465.0,27,9,18,0,54,0,288
4466.0,26,7,18,0,51,0,288
4467.0,25,5,18,0,48,0,288
4468.0,24,4,18,0,46,0,288
4469.0,23,3,18,0,44,0,288
4470.0,22,2,18,0,42,0,288
4471.0,21,1,18,0,40,0,288
4472.0,20,0,18,0,38,0,288
4473.0,19,0,19,0,38,0,288
4474.0,18,0,19,0,37,0,288
4475.0,18,0,19,0,37,0,288
4476.0,17,1,19,0,37,0,288
4477.0,16,1,19,0,36,0,288
4478.0,15,0,19,0,34,0,289
4479.0,14,0,16,0,30,0,289
4480.0,13,2,13,0,28,0,289
4481.0,14,2,10,0,26,0,289
4482.0,13,2,7,0,22,0,289
4483.0,13,3,4,0,20,0,289
4484.0,13,4,3,0,20,0,289
4485.0,2,5,2,0,9,0,289
4486.0,4,5,1,0,10,0,289
4487.0,7,5,0,0,12,0,289
4488.0,7,6,1,0,14,0,290
4489.0,7,6,1,0,14,0,290
4490.0,7,6,1,0,14,0,290
4491.0,6,7,1,0,14,0,290
4492.0,7,7,2,0,16,0,290
4493.0,7,7,3,0,17,0,290
4494.0,8,6,3,0,17,0,290
4495.0,9,6,3,0,18,0,290
4496.0,10,7,4,0,21,0,290
4497.0,11,6,5,0,22,0,290
4498.0,12,7,6,0,25,0,290
4499.0,11,7,6,0,24,0,290
4500.0,14,6,7,0,27,0,290
4501.0,14,6,7,0,27,0,290
4502.0,16,7,8,0,31,0,290
4503.0,16,7,8,0,31,0,290
4504.0,18,7,8,0,33,0,290
4505.0,17,7,8,0,32,0,290
4506.0,18,8,9,0,35,0,290
4507.0,20,8,9,0,37,0,290
4508.0,21,9,9,0,39,0,290
4509.0,23,9,9,0,41,0,290
4510.0,23,9,9,0,41,0,290
4511.0,24,9,9,0,42,0,290
4512.0,26,9,9,0,44,0,290
4513.0,24,9,9,0,42,0,290
4514.0,26,9,9,0,44,0,290
4515.0,25,9,9,0,43,0,290
4516.0,26,9,9,0,44,0,290
4517.0,27,9,9,0,45,0,290
4518.0,26,9,9,0,44,0,290
4519.0,26,9,9,0,44,0,290
4520.0,27,9,9,0,45,0,290
4521.0,26,9,9,0,44,0,290
4522.0,26,9,9,0,44,0,290
4523.0,28,9,9,0,46,0,290
4524.0,27,9,9,0,45,0,290
4525.0,27,9,10,0,46,0,290
4526.0,29,9,10,0,48,0,290
4527.0,28,9,10,0,47,0,290
4528.0,28,9,10,0,47,0,290
4529.0,29,9,10,0,48,0,290
4530.0,28,9,10,0,47,0,290
4531.0,29,9,10,0,48,0,290
4532.0,31,9,10,0,50,0,290
4533.0,30,9,10,0,49,0,290
4534.0,30,9,10,0,49,0,290
4535.0,33,9,10,0,52,0,290
4536.0,32,9,10,0,51,0,290
4537.0,33,9,10,0,52,0,290
4538.0,35,9,10,0,54,0,290
4539.0,34,9,10,0,53,0,290
4540.0,35,9,10,0,54,0,290
4541.0,36,9,10,0,55,0,290
4542.0,37,9,10,0,56,0,290
4543.0,37,9,10,0,56,0,290
4544.0,38,9,10,0,57,0,290
4545.0,38,9,10,0,57,0,290
4546.0,38,9,10,0,57,0,290
4547.0,38,9,10,0,57,0,290
4548.0,38,9,10,0,57,0,291
4549.0,36,7,10,0,53,0,291
4550.0,34,5,10,0,49,0,291
4551.0,31,3,10,0,44,0,291
4552.0,28,1,10,0,39,0,291
4553.0,27,0,10,0,37,0,291
4554.0,26,0,10,0,36,0,291
4555.0,24,0,10,0,34,0,291
4556.0,22,0,10,0,32,0,291
4557.0,21,0,10,0,31,0,291
4558.0,20,0,10,0,30,0,291
4559.0,20,0,10,0,30,0,291
4560.0,18,0,10,0,28,0,291
4561.0,16,0,10,0,26,0,291
4562.0,15,0,10,0,25,0,291
4563.0,15,0,10,0,25,0,292
4564.0,16,0,10,0,26,0,292
4565.0,15,0,10,0,25,0,292
4566.0,15,0,10,0,25,0,292
4567.0,15,0,10,0,25,0,292
4568.0,14,0,10,0,24,0,292
4569.0,13,0,10,0,23,0,292
4570.0,13,0,10,0,23,0,292
4571.0,12,0,10,0,22,0,292
4572.0,12,0,10,0,22,0,292
4573.0,13,0,10,0,23,0,292
4574.0,13,0,10,0,23,0,292
4575.0,13,0,10,0,23,0,292
4576.0,13,0,10,0,23,0,292
4577.0,14,0,10,0,24,0,292
4578.0,13,0,10,0,23,0,292
4579.0,12,0,10,0,22,0,292
4580.0,13,0,10,0,23,0,292
4581.0,13,0,10,0,23,0,292
4582.0,14,0,10,0,24,0,292
4583.0,14,0,10,0,24,0,292
4584.0,16,0,10,0,26,0,292
4585.0,15,0,10,0,25,0,292
4586.0,17,0,10,0,27,0,292
4587.0,16,0,10,0,26,0,292
4588.0,18,0,10,0,28,0,292
4589.0,19,0,10,0,29,0,292
4590.0,19,0,10,0,29,0,292
4591.0,20,0,10,0,30,0,292
4592.0,21,0,10,0,31,0,292
4593.0,21,0,10,0,31,0,292
4594.0,21,0,10,0,31,0,292
4595.0,22,0,10,0,32,0,292
4596.0,22,0,10,0,32,0,292
4597.0,24,0,10,0,34,0,292
4598.0,25,0,10,0,35,0,292
4599.0,25,0,10,0,35,0,292
4600.0,26,0,10,0,36,0,292
4601.0,26,0,10,0,36,0,292
4602.0,28,0,10,0,38,0,292
4603.0,28,0,10,0,38,0,293
4604.0,28,0,8,0,36,0,293
4605.0,29,0,7,0,36,0,293
4606.0,30,0,6,0,36,0,293
4607.0,29,0,5,0,34,0,293
4608.0,30,0,4,0,34,0,293
4609.0,30,0,3,0,33,0,293
4610.0,30,0,2,0,32,0,293
4611.0,30,0,1,0,31,0,293
4612.0,30,0,0,0,30,0,293
4613.0,30,0,0,0,30,0,294
4614.0,28,0,0,0,28,0,294
4615.0,27,0,2,0,29,0,294
4616.0,26,0,2,0,28,0,294
4617.0,25,0,3,0,28,0,294
4618.0,24,0,3,0,27,0,294
4619.0,24,0,3,0,27,0,294
4620.0,23,0,4,0,27,0,294
4621.0,22,0,4,0,26,0,294
4622.0,21,0,5,0,26,0,294
4623.0,20,0,5,0,25,0,295
4624.0,19,0,7,0,26,0,295
4625.0,18,0,7,0,25,0,295
4626.0,18,0,7,0,25,0,295
4627.0,18,0,8,0,26,0,295
4628.0,18,0,9,0,27,0,295
4629.0,17,0,9,0,26,0,295
4630.0,17,0,9,0,26,0,295
4631.0,18,0,9,0,27,0,295
4632.0,17,0,9,0,26,0,295
4633.0,16,0,9,0,25,0,295
4634.0,16,0,9,0,25,0,295
4635.0,16,0,9,0,25,0,295
4636.0,15,0,9,0,24,0,295
4637.0,16,0,9,0,25,0,295
4638.0,16,0,9,0,25,0,295
4639.0,16,0,9,0,25,0,295
4640.0,15,0,9,0,24,0,295
4641.0,16,0,9,0,25,0,295
4642.0,15,0,9,0,24,0,295
4643.0,15,0,9,0,24,0,295
4644.0,14,0,9,0,23,0,295
4645.0,14,0,9,0,23,0,295
4646.0,15,0,9,0,24,0,295
4647.0,16,0,9,0,25,0,295
4648.0,16,0,9,0,25,0,295
4649.0,18,0,9,0,27,0,295
4650.0,18,0,9,0,27,0,295
4651.0,19,0,9,0,28,0,295
4652.0,19,0,9,0,28,0,295
4653.0,21,0,9,0,30,0,295
4654.0,21,0,9,0,30,0,295
4655.0,21,0,9,0,30,0,295
4656.0,22,0,9,0,31,0,295
4657.0,22,0,9,0,31,0,295
4658.0,23,0,9,0,32,0,295
4659.0,25,0,9,0,34,0,295
4660.0,25,0,9,0,34,0,295
4661.0,26,0,9,0,35,0,295
4662.0,27,0,10,0,37,0,295
4663.0,27,0,10,0,37,0,296
4664.0,27,0,8,0,35,0,296
4665.0,27,0,7,0,34,0,296
4666.0,28,0,6,0,34,0,296
4667.0,28,0,5,0,33,0,296
4668.0,29,0,4,0,33,0,296
4669.0,29,0,3,0,32,0,296
4670.0,29,0,2,0,31,0,296
4671.0,29,0,1,0,30,0,296
4672.0,29,0,0,0,29,0,296
4673.0,29,0,0,0,29,0,297
4674.0,29,0,1,0,30,0,297
4675.0,29,0,1,0,30,0,297
4676.0,29,0,2,0,31,0,297
4677.0,30,0,3,0,33,0,297
4678.0,30,0,3,0,33,0,297
4679.0,30,0,3,0,33,0,297
4680.0,30,0,5,0,35,0,297
4681.0,30,0,4,0,34,0,297
4682.0,30,0,7,0,37,0,297
4683.0,30,0,7,0,37,0,298
4684.0,30,0,5,0,35,0,298
4685.0,30,0,4,0,34,0,298
4686.0,31,0,4,0,35,0,298
4687.0,31,0,2,0,33,0,298
4688.0,31,0,1,0,32,0,298
4689.0,31,0,1,0,32,0,298
4690.0,31,0,0,0,31,0,298
4691.0,31,0,0,0,31,0,298
4692.0,31,0,0,0,31,0,298
4693.0,31,0,0,0,31,0,299
4694.0,29,0,2,0,31,0,299
4695.0,28,0,3,0,31,0,299
4696.0,27,0,4,0,31,0,299
4697.0,26,0,3,0,29,0,299
4698.0,25,0,4,0,29,0,299
4699.0,24,0,5,0,29,0,299
4700.0,23,0,4,0,27,0,299
4701.0,22,0,4,0,26,0,299
4702.0,21,0,6,0,27,0,299
4703.0,21,0,5,0,26,0,300
4704.0,19,0,5,0,24,0,300
4705.0,20,0,9,0,29,0,300
4706.0,19,0,8,0,27,0,300
4707.0,18,0,8,0,26,0,300
4708.0,18,0,9,0,27,0,300
4709.0,18,0,11,0,29,0,300
4710.0,18,0,11,0,29,0,300
4711.0,18,0,11,0,29,0,300
4712.0,17,0,12,0,29,0,300
4713.0,16,0,11,0,27,0,300
4714.0,17,0,13,0,30,0,300
4715.0,17,0,11,0,28,0,300
4716.0,16,0,12,0,28,0,300
4717.0,16,0,12,0,28,0,300
4718.0,16,0,12,0,28,0,300
4719.0,17,0,14,0,31,0,300
4720.0,16,0,12,0,28,0,300
4721.0,16,0,13,0,29,0,300
4722.0,16,0,15,0,31,0,300
4723.0,15,0,13,0,28,0,300
4724.0,15,0,15,0,30,0,300
4725.0,14,0,17,0,31,0,300
4726.0,14,0,15,0,29,0,300
4727.0,16,0,16,0,32,0,300
4728.0,16,0,17,0,33,0,300
4729.0,17,0,17,0,34,0,300
4730.0,18,0,18,0,36,0,300
4731.0,16,0,19,0,35,0,300
4732.0,17,0,20,0,37,0,300
4733.0,19,0,21,0,40,0,300
4734.0,19,0,21,0,40,0,300
4735.0,20,0,21,0,41,0,300
4736.0,21,0,21,0,42,0,300
4737.0,20,0,21,0,41,0,300
4738.0,22,0,22,0,44,0,301
4739.0,24,0,19,0,43,0,301
4740.0,23,0,16,0,39,0,301
4741.0,24,0,13,0,37,0,301
4742.0,26,0,10,0,36,0,301
4743.0,25,0,7,0,32,0,301
4744.0,26,0,4,0,30,0,301
4745.0,27,0,1,0,28,0,301
4746.0,28,0,0,0,28,0,301
4747.0,28,0,0,0,28,0,301
4748.0,29,0,0,0,29,0,301
4749.0,29,0,1,0,30,0,301
4750.0,29,0,1,0,30,0,301
4751.0,29,0,0,0,29,0,301
4752.0,29,0,0,0,29,0,301
4753.0,29,0,2,0,31,0,302
4754.0,28,0,1,0,29,0,302
4755.0,27,0,2,0,29,0,302
4756.0,26,0,3,0,29,0,302
4757.0,25,0,4,0,29,0,302
4758.0,24,0,5,0,29,0,302
4759.0,23,0,6,0,29,0,302
4760.0,22,0,6,0,28,0,302
4761.0,21,0,5,0,26,0,302
4762.0,20,0,7,0,27,0,302
4763.0,19,0,6,0,25,0,303
4764.0,20,0,7,0,27,0,303
4765.0,19,0,9,0,28,0,303
4766.0,19,0,8,0,27,0,303
4767.0,18,0,8,0,26,0,303
4768.0,18,0,9,0,27,0,303
4769.0,17,0,9,0,26,0,303
4770.0,18,0,9,0,27,0,303
4771.0,18,0,11,0,29,0,303
4772.0,18,0,11,0,29,0,303
4773.0,17,0,11,0,28,0,303
4774.0,16,0,11,0,27,0,303
4775.0,16,0,10,0,26,0,303
4776.0,16,0,12,0,28,0,303
4777.0,16,0,13,0,29,0,303
4778.0,16,0,12,0,28,0,303
4779.0,16,0,13,0,29,0,303
4780.0,15,0,15,0,30,0,303
4781.0,14,0,15,0,29,0,303
4782.0,15,0,15,0,30,0,303
4783.0,14,0,16,0,30,0,303
4784.0,15,0,17,0,32,0,303
4785.0,15,0,19,0,34,0,303
4786.0,14,0,17,0,31,0,303
4787.0,15,0,18,0,33,0,303
4788.0,16,0,18,0,34,0,303
4789.0,17,0,18,0,35,0,303
4790.0,17,0,19,0,36,0,303
4791.0,18,0,20,0,38,0,303
4792.0,18,0,20,0,38,0,303
4793.0,19,0,20,0,39,0,304
4794.0,20,0,17,0,37,0,304
4795.0,20,0,14,0,34,0,304
4796.0,21,0,11,0,32,0,304
4797.0,22,0,8,0,30,0,304
4798.0,23,0,5,0,28,0,304
4799.0,23,0,2,0,25,0,304
4800.0,24,0,1,0,25,0,304
4801.0,24,0,0,0,24,0,304
4802.0,25,0,0,0,25,0,304
4803.0,26,0,0,0,26,0,305
4804.0,26,0,1,0,27,0,305
4805.0,27,0,1,0,28,0,305
4806.0,28,0,2,0,30,0,305
4807.0,28,0,3,0,31,0,305
4808.0,29,0,4,0,33,0,305
4809.0,29,0,3,0,32,0,305
4810.0,29,0,4,0,33,0,305
4811.0,29,0,5,0,34,0,305
4812.0,29,0,5,0,34,0,305
4813.0,29,0,5,0,34,0,306
4814.0,29,0,4,0,33,0,306
4815.0,29,0,1,0,30,0,306
4816.0,29,0,1,0,30,0,306
4817.0,29,0,1,0,30,0,306
4818.0,29,0,0,0,29,0,306
4819.0,29,0,0,0,29,0,306
4820.0,29,0,1,0,30,0,306
4821.0,29,0,1,0,30,0,306
4822.0,29,0,0,0,29,0,306
4823.0,29,0,0,0,29,0,306
4824.0,29,0,1,0,30,0,306
4825.0,29,0,0,0,29,0,306
4826.0,29,0,0,0,29,0,306
4827.0,29,0,1,0,30,0,306
4828.0,29,0,0,0,29,0,306
4829.0,29,0,0,0,29,0,306
4830.0,29,0,1,0,30,0,306
4831.0,29,0,1,0,30,0,306
4832.0,29,0,0,0,29,0,306
4833.0,29,0,0,0,29,0,306
4834.0,29,0,1,0,30,0,306
4835.0,29,0,0,0,29,0,306
4836.0,29,0,0,0,29,0,306
4837.0,29,0,1,0,30,0,306
4838.0,29,0,0,0,29,0,306
4839.0,29,0,0,0,29,0,306
4840.0,29,0,1,0,30,0,306
4841.0,29,0,0,0,29,0,306
4842.0,29,0,0,0,29,0,306
4843.0,29,0,1,0,30,0,306
4844.0,29,0,0,0,29,0,306
4845.0,29,0,0,0,29,0,306
4846.0,29,0,1,0,30,0,306
4847.0,29,0,0,0,29,0,306
4848.0,29,0,0,0,29,0,306
4849.0,29,0,1,0,30,0,306
4850.0,29,0,1,0,30,0,306
4851.0,29,0,0,0,29,0,306
4852.0,29,0,0,0,29,0,306
4853.0,29,0,1,0,30,0,306
4854.0,29,0,0,0,29,0,306
4855.0,29,0,0,0,29,0,306
4856.0,29,0,1,0,30,0,306
4857.0,29,0,0,0,29,0,306
4858.0,29,0,0,0,29,0,306
4859.0,29,0,1,0,30,0,306
4860.0,29,0,0,0,29,0,306
4861.0,29,0,0,0,29,0,306
4862.0,29,0,1,0,30,0,306
4863.0,29,0,0,0,29,0,306
4864.0,29,0,0,0,29,0,306
4865.0,29,0,1,0,30,0,306
4866.0,29,0,1,0,30,0,306
4867.0,29,0,1,0,30,0,306
4868.0,29,0,0,0,29,0,306
4869.0,29,0,0,0,29,0,306
4870.0,29,0,1,0,30,0,306
4871.0,29,0,0,0,29,0,306
4872.0,29,0,0,0,29,0,306
4873.0,29,0,1,0,30,0,306
4874.0,29,0,1,0,30,0,306
4875.0,29,0,1,0,30,0,306
4876.0,29,0,0,0,29,0,306
4877.0,29,0,1,0,30,0,306
4878.0,29,0,0,0,29,0,307
4879.0,28,0,0,0,28,0,307
4880.0,27,0,1,0,28,0,307
4881.0,26,0,1,0,27,0,307
4882.0,25,0,1,0,26,0,307
4883.0,24,0,3,0,27,0,307
4884.0,23,0,2,0,25,0,307
4885.0,22,0,3,0,25,0,307
4886.0,21,0,4,0,25,0,307
4887.0,20,0,4,0,24,0,307
4888.0,20,0,4,0,24,0,308
4889.0,19,0,5,0,24,0,308
4890.0,19,0,7,0,26,0,308
4891.0,18,0,7,0,25,0,308
4892.0,18,0,6,0,24,0,308
4893.0,17,0,7,0,24,0,308
4894.0,17,0,9,0,26,0,308
4895.0,18,0,9,0,27,0,308
4896.0,17,0,9,0,26,0,308
4897.0,16,0,10,0,26,0,308
4898.0,17,0,10,0,27,0,308
4899.0,17,0,11,0,28,0,308
4900.0,16,0,11,0,27,0,308
4901.0,16,0,11,0,27,0,308
4902.0,15,0,12,0,27,0,308
4903.0,15,0,13,0,28,0,308
4904.0,15,0,14,0,29,0,308
4905.0,14,0,14,0,28,0,308
4906.0,14,0,14,0,28,0,308
4907.0,15,0,14,0,29,0,308
4908.0,14,0,16,0,30,0,308
4909.0,14,0,15,0,29,0,308
4910.0,14,0,16,0,30,0,308
4911.0,15,0,16,0,31,0,308
4912.0,14,0,16,0,30,0,308
4913.0,15,0,16,0,31,0,308
4914.0,15,0,16,0,31,0,308
4915.0,16,0,17,0,33,0,308
4916.0,18,0,17,0,35,0,308
4917.0,18,0,17,0,35,0,308
4918.0,18,0,17,0,35,0,308
4919.0,20,0,18,0,38,0,308
4920.0,20,0,18,0,38,0,308
4921.0,20,0,18,0,38,0,308
4922.0,21,0,18,0,39,0,308
4923.0,21,0,18,0,39,0,309
4924.0,23,0,15,0,38,0,309
4925.0,23,0,12,0,35,0,309
4926.0,24,0,9,0,33,0,309
4927.0,25,0,9,0,34,0,309
4928.0,25,0,8,0,33,0,309
4929.0,26,0,5,0,31,0,309
4930.0,27,0,4,0,31,0,309
4931.0,27,0,3,0,30,0,309
4932.0,28,0,2,0,30,0,309
4933.0,28,0,1,0,29,0,310
4934.0,28,0,1,0,29,0,310
4935.0,29,0,2,0,31,0,310
4936.0,29,0,3,0,32,0,310
4937.0,29,0,5,0,34,0,310
4938.0,29,0,7,0,36,0,310
4939.0,29,0,7,0,36,0,310
4940.0,29,0,7,0,36,0,310
4941.0,29,0,8,0,37,0,310
4942.0,29,0,8,0,37,0,310
4943.0,29,0,9,0,38,0,311
4944.0,29,0,7,0,36,0,311
4945.0,29,0,6,0,35,0,311
4946.0,30,0,4,0,34,0,311
4947.0,30,0,4,0,34,0,311
4948.0,30,0,3,0,33,0,311
4949.0,30,0,2,0,32,0,311
4950.0,30,0,1,0,31,0,311
4951.0,30,0,0,0,30,0,311
4952.0,30,0,0,0,30,0,311
4953.0,30,0,0,0,30,0,312
4954.0,29,0,0,0,29,0,312
4955.0,29,0,0,0,29,0,312
4956.0,29,0,1,0,30,0,312
4957.0,29,0,2,0,31,0,312
4958.0,29,0,2,0,31,0,312
4959.0,29,0,2,0,31,0,312
4960.0,29,0,3,0,32,0,312
4961.0,29,0,3,0,32,0,312
4962.0,29,0,5,0,34,0,312
4963.0,29,0,5,0,34,0,312
4964.0,29,0,5,0,34,0,312
4965.0,29,0,5,0,34,0,312
4966.0,29,0,5,0,34,0,312
4967.0,29,0,5,0,34,0,312
4968.0,29,0,5,0,34,0,313
4969.0,29,0,4,0,33,0,313
4970.0,29,0,3,0,32,0,313
4971.0,29,0,2,0,31,0,313
4972.0,29,0,1,0,30,0,313
4973.0,29,0,0,0,29,0,313
4974.0,29,0,0,0,29,0,313
4975.0,29,0,0,0,29,0,313
4976.0,29,0,0,0,29,0,313
4977.0,29,0,0,0,29,0,313
4978.0,29,0,0,0,29,0,313
4979.0,29,0,0,0,29,0,313
4980.0,29,0,0,0,29,0,313
4981.0,29,0,0,0,29,0,313
4982.0,29,0,0,0,29,0,313
4983.0,29,0,0,0,29,0,313
4984.0,29,0,0,0,29,0,313
4985.0,29,0,0,0,29,0,313
4986.0,29,0,0,0,29,0,313
4987.0,29,0,0,0,29,0,313
4988.0,29,0,0,0,29,0,313
4989.0,29,0,0,0,29,0,313
4990.0,29,0,0,0,29,0,313
4991.0,29,0,0,0,29,0,313
4992.0,29,0,0,0,29,0,313
4993.0,29,0,0,0,29,0,313
4994.0,29,0,0,0,29,0,313
4995.0,29,0,0,0,29,0,313
4996.0,29,0,0,0,29,0,313
4997.0,29,0,0,0,29,0,313
4998.0,29,0,0,0,29,0,313
4999.0,29,0,0,0,29,0,313
5000.0,29,0,0,0,29,0,313
5001.0,29,0,0,0,29,0,313
5002.0,29,0,0,0,29,0,313
5003.0,29,0,0,0,29,0,313
5004.0,29,0,0,0,29,0,313
5005.0,29,0,0,0,29,0,313
5006.0,29,0,0,0,29,0,313
5007.0,29,0,0,0,29,0,313
5008.0,29,0,0,0,29,0,313
5009.0,29,0,0,0,29,0,313
5010.0,29,0,0,0,29,0,313
5011.0,29,0,0,0,29,0,313
5012.0,29,0,0,0,29,0,313
5013.0,29,0,0,0,29,0,313
5014.0,29,0,0,0,29,0,313
5015.0,29,0,0,0,29,0,313
5016.0,29,0,0,0,29,0,313
5017.0,29,0,0,0,29,0,313
5018.0,29,0,0,0,29,0,313
5019.0,29,0,0,0,29,0,313
5020.0,29,0,0,0,29,0,313
5021.0,29,0,0,0,29,0,313
5022.0,29,0,0,0,29,0,313
5023.0,29,0,0,0,29,0,313
5024.0,29,0,0,0,29,0,313
5025.0,29,0,0,0,29,0,313
5026.0,29,0,0,0,29,0,313
5027.0,29,0,0,0,29,0,313
5028.0,29,0,0,0,29,0,313
5029.0,29,0,0,0,29,0,313
5030.0,29,0,0,0,29,0,313
5031.0,29,0,0,0,29,0,313
5032.0,29,0,0,0,29,0,313
5033.0,29,0,0,0,29,0,313
5034.0,29,0,0,0,29,0,313
5035.0,29,0,0,0,29,0,313
5036.0,29,0,0,0,29,0,313
5037.0,29,0,0,0,29,0,313
5038.0,29,0,0,0,29,0,313
5039.0,29,0,0,0,29,0,313
5040.0,29,0,0,0,29,0,313
5041.0,29,0,0,0,29,0,313
5042.0,29,0,0,0,29,0,313
5043.0,29,0,0,0,29,0,313
5044.0,29,0,0,0,29,0,313
5045.0,29,0,0,0,29,0,313
5046.0,29,0,0,0,29,0,313
5047.0,29,0,0,0,29,0,313
5048.0,29,0,0,0,29,0,313
5049.0,29,0,0,0,29,0,313
5050.0,29,0,0,0,29,0,313
5051.0,29,0,0,0,29,0,313
5052.0,29,0,0,0,29,0,313
5053.0,29,0,0,0,29,0,313
5054.0,29,0,0,0,29,0,313
5055.0,29,0,0,0,29,0,313
5056.0,29,0,0,0,29,0,313
5057.0,29,0,0,0,29,0,313
5058.0,29,0,0,0,29,0,313
5059.0,29,0,0,0,29,0,313
5060.0,29,0,0,0,29,0,313
5061.0,29,0,0,0,29,0,313
5062.0,29,0,0,0,29,0,313
5063.0,29,0,0,0,29,0,313
5064.0,29,0,0,0,29,0,313
5065.0,29,0,0,0,29,0,313
5066.0,29,0,0,0,29,0,313
5067.0,29,0,0,0,29,0,313
5068.0,29,0,0,0,29,0,313
5069.0,29,0,0,0,29,0,313
5070.0,29,0,0,0,29,0,313
5071.0,29,0,0,0,29,0,313
5072.0,29,0,0,0,29,0,313
5073.0,29,0,0,0,29,0,313
5074.0,29,0,0,0,29,0,313
5075.0,29,0,0,0,29,0,313
5076.0,29,0,0,0,29,0,313
5077.0,29,0,0,0,29,0,313
5078.0,29,0,0,0,29,0,313
5079.0,29,0,0,0,29,0,313
5080.0,29,0,0,0,29,0,313
5081.0,29,0,0,0,29,0,313
5082.0,29,0,0,0,29,0,313
5083.0,29,0,0,0,29,0,313
5084.0,29,0,0,0,29,0,313
5085.0,29,0,0,0,29,0,313
5086.0,29,0,0,0,29,0,313
5087.0,29,0,0,0,29,0,313
5088.0,29,0,0,0,29,0,313
5089.0,29,0,0,0,29,0,313
5090.0,29,0,0,0,29,0,313
5091.0,29,0,0,0,29,0,313
5092.0,29,0,0,0,29,0,313
5093.0,29,0,0,0,29,0,313
5094.0,29,0,0,0,29,0,313
5095.0,29,0,0,0,29,0,313
5096.0,29,0,0,0,29,0,313
5097.0,29,0,0,0,29,0,313
5098.0,29,0,0,0,29,0,313
5099.0,29,0,0,0,29,0,313
5100.0,29,0,0,0,29,0,313
5101.0,29,0,0,0,29,0,313
5102.0,29,0,0,0,29,0,313
5103.0,29,0,0,0,29,0,313
5104.0,29,0,0,0,29,0,313
5105.0,29,0,0,0,29,0,313
5106.0,29,0,0,0,29,0,313
5107.0,29,0,0,0,29,0,313
5108.0,29,0,0,0,29,0,313
5109.0,29,0,0,0,29,0,313
5110.0,29,0,0,0,29,0,313
5111.0,29,0,0,0,29,0,313
5112.0,29,0,0,0,29,0,313
5113.0,29,0,0,0,29,0,313
5114.0,29,0,0,0,29,0,313
5115.0,29,0,0,0,29,0,313
5116.0,29,0,0,0,29,0,313
5117.0,29,0,0,0,29,0,313
5118.0,29,0,0,0,29,0,313
5119.0,29,0,0,0,29,0,313
5120.0,29,0,0,0,29,0,313
5121.0,29,0,0,0,29,0,313
5122.0,29,0,0,0,29,0,313
5123.0,29,0,0,0,29,0,313
5124.0,29,0,0,0,29,0,313
5125.0,29,0,0,0,29,0,313
5126.0,29,0,0,0,29,0,313
5127.0,29,0,0,0,29,0,313
5128.0,29,0,0,0,29,0,313
5129.0,29,0,0,0,29,0,313
5130.0,29,0,0,0,29,0,313
5131.0,29,0,0,0,29,0,313
5132.0,29,0,0,0,29,0,313
5133.0,29,0,0,0,29,0,313
5134.0,29,0,0,0,29,0,313
5135.0,29,0,0,0,29,0,313
5136.0,29,0,0,0,29,0,313
5137.0,29,0,0,0,29,0,313
5138.0,29,0,0,0,29,0,313
5139.0,29,0,0,0,29,0,313
5140.0,29,0,0,0,29,0,313
5141.0,29,0,0,0,29,0,313
5142.0,29,0,0,0,29,0,313
5143.0,29,0,0,0,29,0,313
5144.0,29,0,0,0,29,0,313
5145.0,29,0,0,0,29,0,313
5146.0,29,0,0,0,29,0,313
5147.0,29,0,0,0,29,0,313
5148.0,29,0,0,0,29,0,313
5149.0,29,0,0,0,29,0,313
5150.0,29,0,0,0,29,0,313
5151.0,29,0,0,0,29,0,313
5152.0,29,0,0,0,29,0,313
5153.0,29,0,0,0,29,0,313
5154.0,29,0,0,0,29,0,313
5155.0,29,0,0,0,29,0,313
5156.0,29,0,0,0,29,0,313
5157.0,29,0,0,0,29,0,313
5158.0,29,0,0,0,29,0,313
5159.0,29,0,0,0,29,0,313
5160.0,29,0,0,0,29,0,313
5161.0,29,0,0,0,29,0,313
5162.0,29,0,0,0,29,0,313
5163.0,29,0,0,0,29,0,313
5164.0,29,0,0,0,29,0,313
5165.0,29,0,0,0,29,0,313
5166.0,29,0,0,0,29,0,313
5167.0,29,0,0,0,29,0,313
5168.0,29,0,0,0,29,0,313
5169.0,29,0,0,0,29,0,313
5170.0,29,0,0,0,29,0,313
5171.0,29,0,0,0,29,0,313
5172.0,29,0,0,0,29,0,313
5173.0,29,0,0,0,29,0,313
5174.0,29,0,0,0,29,0,313
5175.0,29,0,0,0,29,0,313
5176.0,29,0,0,0,29,0,313
5177.0,29,0,0,0,29,0,313
5178.0,29,0,0,0,29,0,313
5179.0,29,0,0,0,29,0,313
5180.0,29,0,0,0,29,0,313
5181.0,29,0,0,0,29,0,313
5182.0,29,0,0,0,29,0,313
5183.0,29,0,0,0,29,0,313
5184.0,29,0,0,0,29,0,313
5185.0,29,0,0,0,29,0,313
5186.0,29,0,0,0,29,0,313
5187.0,29,0,0,0,29,0,313
5188.0,29,0,0,0,29,0,313
5189.0,29,0,0,0,29,0,313
5190.0,29,0,0,0,29,0,313
5191.0,29,0,0,0,29,0,313
5192.0,29,0,0,0,29,0,313
5193.0,29,0,0,0,29,0,313
5194.0,29,0,0,0,29,0,313
5195.0,29,0,0,0,29,0,313
5196.0,29,0,0,0,29,0,313
5197.0,29,0,0,0,29,0,313
5198.0,29,0,0,0,29,0,313
5199.0,29,0,0,0,29,0,313
5200.0,29,0,0,0,29,0,313
5201.0,29,0,0,0,29,0,313
5202.0,29,0,0,0,29,0,313
5203.0,29,0,0,0,29,0,313
5204.0,29,0,0,0,29,0,313
5205.0,29,0,0,0,29,0,313
5206.0,29,0,0,0,29,0,313
5207.0,29,0,0,0,29,0,313
5208.0,29,0,0,0,29,0,313
5209.0,29,0,0,0,29,0,313
5210.0,29,0,0,0,29,0,313
5211.0,29,0,0,0,29,0,313
5212.0,29,0,0,0,29,0,313
5213.0,29,0,0,0,29,0,313
5214.0,29,0,0,0,29,0,313
5215.0,29,0,0,0,29,0,313
5216.0,29,0,0,0,29,0,313
5217.0,29,0,0,0,29,0,313
5218.0,29,0,0,0,29,0,313
5219.0,29,0,0,0,29,0,313
5220.0,29,0,0,0,29,0,313
5221.0,29,0,0,0,29,0,313
5222.0,29,0,0,0,29,0,313
5223.0,29,0,0,0,29,0,313
5224.0,29,0,0,0,29,0,313
5225.0,29,0,0,0,29,0,313
5226.0,29,0,0,0,29,0,313
5227.0,29,0,0,0,29,0,313
5228.0,29,0,0,0,29,0,313
5229.0,29,0,0,0,29,0,313
5230.0,29,0,0,0,29,0,313
5231.0,29,0,0,0,29,0,313
5232.0,29,0,0,0,29,0,313
5233.0,29,0,0,0,29,0,313
5234.0,29,0,0,0,29,0,313
5235.0,29,0,0,0,29,0,313
5236.0,29,0,0,0,29,0,313
5237.0,29,0,0,0,29,0,313
5238.0,29,0,0,0,29,0,313
5239.0,29,0,0,0,29,0,313
5240.0,29,0,0,0,29,0,313
5241.0,29,0,0,0,29,0,313
5242.0,29,0,0,0,29,0,313
5243.0,29,0,0,0,29,0,313
5244.0,29,0,0,0,29,0,313
5245.0,29,0,0,0,29,0,313
5246.0,29,0,0,0,29,0,313
5247.0,29,0,0,0,29,0,313
5248.0,29,0,0,0,29,0,313
5249.0,29,0,0,0,29,0,313
5250.0,29,0,0,0,29,0,313
5251.0,29,0,0,0,29,0,313
5252.0,29,0,0,0,29,0,313
5253.0,29,0,0,0,29,0,313
5254.0,29,0,0,0,29,0,313
5255.0,29,0,0,0,29,0,313
5256.0,29,0,0,0,29,0,313
5257.0,29,0,0,0,29,0,313
5258.0,29,0,0,0,29,0,313
5259.0,29,0,0,0,29,0,313
5260.0,29,0,0,0,29,0,313
5261.0,29,0,0,0,29,0,313
5262.0,29,0,0,0,29,0,313
5263.0,29,0,0,0,29,0,313
5264.0,29,0,0,0,29,0,313
5265.0,29,0,0,0,29,0,313
5266.0,29,0,0,0,29,0,313
5267.0,29,0,0,0,29,0,313
5268.0,29,0,0,0,29,0,313
5269.0,29,0,0,0,29,0,313
5270.0,29,0,0,0,29,0,313
5271.0,29,0,0,0,29,0,313
5272.0,29,0,0,0,29,0,313
5273.0,29,0,0,0,29,0,313
5274.0,29,0,0,0,29,0,313
5275.0,29,0,0,0,29,0,313
5276.0,29,0,0,0,29,0,313
5277.0,29,0,0,0,29,0,313
5278.0,29,0,0,0,29,0,313
5279.0,29,0,0,0,29,0,313
5280.0,29,0,0,0,29,0,313
5281.0,29,0,0,0,29,0,313
5282.0,29,0,0,0,29,0,313
5283.0,29,0,0,0,29,0,313
5284.0,29,0,0,0,29,0,313
5285.0,29,0,0,0,29,0,313
5286.0,29,0,0,0,29,0,313
5287.0,29,0,0,0,29,0,313
5288.0,29,0,0,0,29,0,313
5289.0,29,0,0,0,29,0,313
5290.0,29,0,0,0,29,0,313
5291.0,29,0,0,0,29,0,313
5292.0,29,0,0,0,29,0,313
5293.0,29,0,0,0,29,0,313
5294.0,29,0,0,0,29,0,313
5295.0,29,0,0,0,29,0,313
5296.0,29,0,0,0,29,0,313
5297.0,29,0,0,0,29,0,313
5298.0,29,0,0,0,29,0,313
5299.0,29,0,0,0,29,0,313
5300.0,29,0,0,0,29,0,313
5301.0,29,0,0,0,29,0,313
5302.0,29,0,0,0,29,0,313
5303.0,29,0,0,0,29,0,313
5304.0,29,0,0,0,29,0,313
5305.0,29,0,0,0,29,0,313
5306.0,29,0,0,0,29,0,313
5307.0,29,0,0,0,29,0,313
5308.0,29,0,0,0,29,0,313
5309.0,29,0,0,0,29,0,313
5310.0,29,0,0,0,29,0,313
5311.0,29,0,0,0,29,0,313
5312.0,29,0,0,0,29,0,313
5313.0,29,0,0,0,29,0,313
5314.0,29,0,0,0,29,0,313
5315.0,29,0,0,0,29,0,313
5316.0,29,0,0,0,29,0,313
5317.0,29,0,0,0,29,0,313
5318.0,29,0,0,0,29,0,313
5319.0,29,0,0,0,29,0,313
5320.0,29,0,0,0,29,0,313
5321.0,29,0,0,0,29,0,313
5322.0,29,0,0,0,29,0,313
5323.0,29,0,0,0,29,0,313
5324.0,29,0,0,0,29,0,313
5325.0,29,0,0,0,29,0,313
5326.0,29,0,0,0,29,0,313
5327.0,29,0,0,0,29,0,313
5328.0,29,0,0,0,29,0,313
5329.0,29,0,0,0,29,0,313
5330.0,29,0,0,0,29,0,313
5331.0,29,0,0,0,29,0,313
5332.0,29,0,0,0,29,0,313
5333.0,29,0,0,0,29,0,313
5334.0,29,0,0,0,29,0,313
5335.0,29,0,0,0,29,0,313
5336.0,29,0,0,0,29,0,313
5337.0,29,0,0,0,29,0,313
5338.0,29,0,0,0,29,0,313
5339.0,29,0,0,0,29,0,313
5340.0,29,0,0,0,29,0,313
5341.0,29,0,0,0,29,0,313
5342.0,29,0,0,0,29,0,313
5343.0,29,0,0,0,29,0,313
5344.0,29,0,0,0,29,0,313
5345.0,29,0,0,0,29,0,313
5346.0,29,0,0,0,29,0,313
5347.0,29,0,0,0,29,0,313
5348.0,29,0,0,0,29,0,313
5349.0,29,0,0,0,29,0,313
5350.0,29,0,0,0,29,0,313
5351.0,29,0,0,0,29,0,313
5352.0,29,0,0,0,29,0,313
5353.0,29,0,0,0,29,0,313
5354.0,29,0,0,0,29,0,313
5355.0,29,0,0,0,29,0,313
5356.0,29,0,0,0,29,0,313
5357.0,29,0,0,0,29,0,313
5358.0,29,0,0,0,29,0,313
5359.0,29,0,0,0,29,0,313
5360.0,29,0,0,0,29,0,313
5361.0,29,0,0,0,29,0,313
5362.0,29,0,0,0,29,0,313
5363.0,29,0,0,0,29,0,313
5364.0,29,0,0,0,29,0,313
5365.0,29,0,0,0,29,0,313
5366.0,29,0,0,0,29,0,313
5367.0,29,0,0,0,29,0,313
5368.0,29,0,0,0,29,0,313
5369.0,29,0,0,0,29,0,313
5370.0,29,0,0,0,29,0,313
5371.0,29,0,0,0,29,0,313
5372.0,29,0,0,0,29,0,313
5373.0,29,0,0,0,29,0,313
5374.0,29,0,0,0,29,0,313
5375.0,29,0,0,0,29,0,313
5376.0,29,0,0,0,29,0,313
5377.0,29,0,0,0,29,0,313
5378.0,29,0,0,0,29,0,313
5379.0,29,0,0,0,29,0,313
5380.0,29,0,0,0,29,0,313
5381.0,29,0,0,0,29,0,313
5382.0,29,0,0,0,29,0,313
5383.0,29,0,0,0,29,0,313
5384.0,29,0,0,0,29,0,313
5385.0,29,0,0,0,29,0,313
5386.0,29,0,0,0,29,0,313
5387.0,29,0,0,0,29,0,313
5388.0,29,0,0,0,29,0,313
5389.0,29,0,0,0,29,0,313
5390.0,29,0,0,0,29,0,313
5391.0,29,0,0,0,29,0,313
5392.0,29,0,0,0,29,0,313
5393.0,29,0,0,0,29,0,313
5394.0,29,0,0,0,29,0,313
5395.0,29,0,0,0,29,0,313
5396.0,29,0,0,0,29,0,313
5397.0,29,0,0,0,29,0,313
5398.0,29,0,0,0,29,0,313
5399.0,29,0,0,0,29,0,313
5400.0,29,0,0,0,29,0,313
5401.0,29,0,0,0,29,0,313
5402.0,29,0,0,0,29,0,313
5403.0,29,0,0,0,29,0,313
5404.0,29,0,0,0,29,0,313
5405.0,29,0,0,0,29,0,313
5406.0,29,0,0,0,29,0,313
5407.0,29,0,0,0,29,0,313
5408.0,29,0,0,0,29,0,313
5409.0,29,0,0,0,29,0,313
5410.0,29,0,0,0,29,0,313
5411.0,29,0,0,0,29,0,313
5412.0,29,0,0,0,29,0,313
5413.0,29,0,0,0,29,0,313
5414.0,29,0,0,0,29,0,313
5415.0,29,0,0,0,29,0,313
5416.0,29,0,0,0,29,0,313
5417.0,29,0,0,0,29,0,313
5418.0,29,0,0,0,29,0,313
5419.0,29,0,0,0,29,0,313
5420.0,29,0,0,0,29,0,313
5421.0,29,0,0,0,29,0,313
5422.0,29,0,0,0,29,0,313
5423.0,29,0,0,0,29,0,313
5424.0,29,0,0,0,29,0,313
5425.0,29,0,0,0,29,0,313
5426.0,29,0,0,0,29,0,313
5427.0,29,0,0,0,29,0,313
5428.0,29,0,0,0,29,0,313
5429.0,29,0,0,0,29,0,313
5430.0,29,0,0,0,29,0,313
5431.0,29,0,0,0,29,0,313
5432.0,29,0,0,0,29,0,313
5433.0,29,0,0,0,29,0,313
5434.0,29,0,0,0,29,0,313
5435.0,29,0,0,0,29,0,313
5436.0,29,0,0,0,29,0,313
5437.0,29,0,0,0,29,0,313
5438.0,29,0,0,0,29,0,313
5439.0,29,0,0,0,29,0,313
5440.0,29,0,0,0,29,0,313
5441.0,29,0,0,0,29,0,313
5442.0,29,0,0,0,29,0,313
5443.0,29,0,0,0,29,0,313
5444.0,29,0,0,0,29,0,313
5445.0,29,0,0,0,29,0,313
5446.0,29,0,0,0,29,0,313
5447.0,29,0,0,0,29,0,313
5448.0,29,0,0,0,29,0,313
5449.0,29,0,0,0,29,0,313
5450.0,29,0,0,0,29,0,313
5451.0,29,0,0,0,29,0,313
5452.0,29,0,0,0,29,0,313
5453.0,29,0,0,0,29,0,313
5454.0,29,0,0,0,29,0,313
5455.0,29,0,0,0,29,0,313
5456.0,29,0,0,0,29,0,313
5457.0,29,0,0,0,29,0,313
5458.0,29,0,0,0,29,0,313
5459.0,29,0,0,0,29,0,313
5460.0,29,0,0,0,29,0,313
5461.0,29,0,0,0,29,0,313
5462.0,29,0,0,0,29,0,313
5463.0,29,0,0,0,29,0,313
5464.0,29,0,0,0,29,0,313
5465.0,29,0,0,0,29,0,313
5466.0,29,0,0,0,29,0,313
5467.0,29,0,0,0,29,0,313
5468.0,29,0,0,0,29,0,313
5469.0,29,0,0,0,29,0,313
5470.0,29,0,0,0,29,0,313
5471.0,29,0,0,0,29,0,313
5472.0,29,0,0,0,29,0,313
5473.0,29,0,0,0,29,0,313
5474.0,29,0,0,0,29,0,313
5475.0,29,0,0,0,29,0,313
5476.0,29,0,0,0,29,0,313
5477.0,29,0,0,0,29,0,313
5478.0,29,0,0,0,29,0,313
5479.0,29,0,0,0,29,0,313
5480.0,29,0,0,0,29,0,313
5481.0,29,0,0,0,29,0,313
5482.0,29,0,0,0,29,0,313
5483.0,29,0,0,0,29,0,313
5484.0,29,0,0,0,29,0,313
5485.0,29,0,0,0,29,0,313
5486.0,29,0,0,0,29,0,313
5487.0,29,0,0,0,29,0,313
5488.0,29,0,0,0,29,0,313
5489.0,29,0,0,0,29,0,313
5490.0,29,0,0,0,29,0,313
5491.0,29,0,0,0,29,0,313
5492.0,29,0,0,0,29,0,313
5493.0,29,0,0,0,29,0,313
5494.0,29,0,0,0,29,0,313
5495.0,29,0,0,0,29,0,313
5496.0,29,0,0,0,29,0,313
5497.0,29,0,0,0,29,0,313
5498.0,29,0,0,0,29,0,313
5499.0,29,0,0,0,29,0,313
5500.0,29,0,0,0,29,0,313
5501.0,29,0,0,0,29,0,313
5502.0,29,0,0,0,29,0,313
5503.0,29,0,0,0,29,0,313
5504.0,29,0,0,0,29,0,313
5505.0,29,0,0,0,29,0,313
5506.0,29,0,0,0,29,0,313
5507.0,29,0,0,0,29,0,313
5508.0,29,0,0,0,29,0,313
5509.0,29,0,0,0,29,0,313
5510.0,29,0,0,0,29,0,313
5511.0,29,0,0,0,29,0,313
5512.0,29,0,0,0,29,0,313
5513.0,29,0,0,0,29,0,313
5514.0,29,0,0,0,29,0,313
5515.0,29,0,0,0,29,0,313
5516.0,29,0,0,0,29,0,313
5517.0,29,0,0,0,29,0,313
5518.0,29,0,0,0,29,0,313
5519.0,29,0,0,0,29,0,313
5520.0,29,0,0,0,29,0,313
5521.0,29,0,0,0,29,0,313
5522.0,29,0,0,0,29,0,313
5523.0,29,0,0,0,29,0,313
5524.0,29,0,0,0,29,0,313
5525.0,29,0,0,0,29,0,313
5526.0,29,0,0,0,29,0,313
5527.0,29,0,0,0,29,0,313
5528.0,29,0,0,0,29,0,313
5529.0,29,0,0,0,29,0,313
5530.0,29,0,0,0,29,0,313
5531.0,29,0,0,0,29,0,313
5532.0,29,0,0,0,29,0,313
5533.0,29,0,0,0,29,0,313
5534.0,29,0,0,0,29,0,313
5535.0,29,0,0,0,29,0,313
5536.0,29,0,0,0,29,0,313
5537.0,29,0,0,0,29,0,313
5538.0,29,0,0,0,29,0,313
5539.0,29,0,0,0,29,0,313
5540.0,29,0,0,0,29,0,313
5541.0,29,0,0,0,29,0,313
5542.0,29,0,0,0,29,0,313
5543.0,29,0,0,0,29,0,313
5544.0,29,0,0,0,29,0,313
5545.0,29,0,0,0,29,0,313
5546.0,29,0,0,0,29,0,313
5547.0,29,0,0,0,29,0,313
5548.0,29,0,0,0,29,0,313
5549.0,29,0,0,0,29,0,313
5550.0,29,0,0,0,29,0,313
5551.0,29,0,0,0,29,0,313
5552.0,29,0,0,0,29,0,313
5553.0,29,0,0,0,29,0,313
5554.0,29,0,0,0,29,0,313
5555.0,29,0,0,0,29,0,313
5556.0,29,0,0,0,29,0,313
5557.0,29,0,0,0,29,0,313
5558.0,29,0,0,0,29,0,313
5559.0,29,0,0,0,29,0,313
5560.0,29,0,0,0,29,0,313
5561.0,29,0,0,0,29,0,313
5562.0,29,0,0,0,29,0,313
5563.0,29,0,0,0,29,0,313
5564.0,29,0,0,0,29,0,313
5565.0,29,0,0,0,29,0,313
5566.0,29,0,0,0,29,0,313
5567.0,29,0,0,0,29,0,313
5568.0,29,0,0,0,29,0,313
5569.0,29,0,0,0,29,0,313
5570.0,29,0,0,0,29,0,313
5571.0,29,0,0,0,29,0,313
5572.0,29,0,0,0,29,0,313
5573.0,29,0,0,0,29,0,313
5574.0,29,0,0,0,29,0,313
5575.0,29,0,0,0,29,0,313
5576.0,29,0,0,0,29,0,313
5577.0,29,0,0,0,29,0,313
5578.0,29,0,0,0,29,0,313
5579.0,29,0,0,0,29,0,313
5580.0,29,0,0,0,29,0,313
5581.0,29,0,0,0,29,0,313
5582.0,29,0,0,0,29,0,313
5583.0,29,0,0,0,29,0,313
5584.0,29,0,0,0,29,0,313
5585.0,29,0,0,0,29,0,313
5586.0,29,0,0,0,29,0,313
5587.0,29,0,0,0,29,0,313
5588.0,29,0,0,0,29,0,313
5589.0,29,0,0,0,29,0,313
5590.0,29,0,0,0,29,0,313
5591.0,29,0,0,0,29,0,313
5592.0,29,0,0,0,29,0,313
5593.0,29,0,0,0,29,0,313
5594.0,29,0,0,0,29,0,313
5595.0,29,0,0,0,29,0,313
5596.0,29,0,0,0,29,0,313
5597.0,29,0,0,0,29,0,313
5598.0,29,0,0,0,29,0,313
5599.0,29,0,0,0,29,0,313
5600.0,29,0,0,0,29,0,313
5601.0,29,0,0,0,29,0,313
5602.0,29,0,0,0,29,0,313
5603.0,29,0,0,0,29,0,313
5604.0,29,0,0,0,29,0,313
5605.0,29,0,0,0,29,0,313
5606.0,29,0,0,0,29,0,313
5607.0,29,0,0,0,29,0,313
5608.0,29,0,0,0,29,0,313
5609.0,29,0,0,0,29,0,313
5610.0,29,0,0,0,29,0,313
5611.0,29,0,0,0,29,0,313
5612.0,29,0,0,0,29,0,313
5613.0,29,0,0,0,29,0,313
5614.0,29,0,0,0,29,0,313
5615.0,29,0,0,0,29,0,313
5616.0,29,0,0,0,29,0,313
5617.0,29,0,0,0,29,0,313
5618.0,29,0,0,0,29,0,313
5619.0,29,0,0,0,29,0,313
5620.0,29,0,0,0,29,0,313
5621.0,29,0,0,0,29,0,313
5622.0,29,0,0,0,29,0,313
5623.0,29,0,0,0,29,0,313
5624.0,29,0,0,0,29,0,313
5625.0,29,0,0,0,29,0,313
5626.0,29,0,0,0,29,0,313
5627.0,29,0,0,0,29,0,313
5628.0,29,0,0,0,29,0,313
5629.0,29,0,0,0,29,0,313
5630.0,29,0,0,0,29,0,313
5631.0,29,0,0,0,29,0,313
5632.0,29,0,0,0,29,0,313
5633.0,29,0,0,0,29,0,313
5634.0,29,0,0,0,29,0,313
5635.0,29,0,0,0,29,0,313
5636.0,29,0,0,0,29,0,313
5637.0,29,0,0,0,29,0,313
5638.0,29,0,0,0,29,0,313
5639.0,29,0,0,0,29,0,313
5640.0,29,0,0,0,29,0,313
5641.0,29,0,0,0,29,0,313
5642.0,29,0,0,0,29,0,313
5643.0,29,0,0,0,29,0,313
5644.0,29,0,0,0,29,0,313
5645.0,29,0,0,0,29,0,313
5646.0,29,0,0,0,29,0,313
5647.0,29,0,0,0,29,0,313
5648.0,29,0,0,0,29,0,313
5649.0,29,0,0,0,29,0,313
5650.0,29,0,0,0,29,0,313
5651.0,29,0,0,0,29,0,313
5652.0,29,0,0,0,29,0,313
5653.0,29,0,0,0,29,0,313
5654.0,29,0,0,0,29,0,313
5655.0,29,0,0,0,29,0,313
5656.0,29,0,0,0,29,0,313
5657.0,29,0,0,0,29,0,313
5658.0,29,0,0,0,29,0,313
5659.0,29,0,0,0,29,0,313
5660.0,29,0,0,0,29,0,313
5661.0,29,0,0,0,29,0,313
5662.0,29,0,0,0,29,0,313
5663.0,29,0,0,0,29,0,313
5664.0,29,0,0,0,29,0,313
5665.0,29,0,0,0,29,0,313
5666.0,29,0,0,0,29,0,313
5667.0,29,0,0,0,29,0,313
5668.0,29,0,0,0,29,0,313
5669.0,29,0,0,0,29,0,313
5670.0,29,0,0,0,29,0,313
5671.0,29,0,0,0,29,0,313
5672.0,29,0,0,0,29,0,313
5673.0,29,0,0,0,29,0,313
5674.0,29,0,0,0,29,0,313
5675.0,29,0,0,0,29,0,313
5676.0,29,0,0,0,29,0,313
5677.0,29,0,0,0,29,0,313
5678.0,29,0,0,0,29,0,313
5679.0,29,0,0,0,29,0,313
5680.0,29,0,0,0,29,0,313
5681.0,29,0,0,0,29,0,313
5682.0,29,0,0,0,29,0,313
5683.0,29,0,0,0,29,0,313
5684.0,29,0,0,0,29,0,313
5685.0,29,0,0,0,29,0,313
5686.0,29,0,0,0,29,0,313
5687.0,29,0,0,0,29,0,313
5688.0,29,0,0,0,29,0,313
5689.0,29,0,0,0,29,0,313
5690.0,29,0,0,0,29,0,313
5691.0,29,0,0,0,29,0,313
5692.0,29,0,0,0,29,0,313
5693.0,29,0,0,0,29,0,313
5694.0,29,0,0,0,29,0,313
5695.0,29,0,0,0,29,0,313
5696.0,29,0,0,0,29,0,313
5697.0,29,0,0,0,29,0,313
5698.0,29,0,0,0,29,0,313
5699.0,29,0,0,0,29,0,313
5700.0,29,0,0,0,29,0,313
5701.0,29,0,0,0,29,0,313
5702.0,29,0,0,0,29,0,313
5703.0,29,0,0,0,29,0,313
5704.0,29,0,0,0,29,0,313
5705.0,29,0,0,0,29,0,313
5706.0,29,0,0,0,29,0,313
5707.0,29,0,0,0,29,0,313
5708.0,29,0,0,0,29,0,313
5709.0,29,0,0,0,29,0,313
5710.0,29,0,0,0,29,0,313
5711.0,29,0,0,0,29,0,313
5712.0,29,0,0,0,29,0,313
5713.0,29,0,0,0,29,0,313
5714.0,29,0,0,0,29,0,313
5715.0,29,0,0,0,29,0,313
5716.0,29,0,0,0,29,0,313
5717.0,29,0,0,0,29,0,313
5718.0,29,0,0,0,29,0,313
5719.0,29,0,0,0,29,0,313
5720.0,29,0,0,0,29,0,313
5721.0,29,0,0,0,29,0,313
5722.0,29,0,0,0,29,0,313
5723.0,29,0,0,0,29,0,313
5724.0,29,0,0,0,29,0,313
5725.0,29,0,0,0,29,0,313
5726.0,29,0,0,0,29,0,313
5727.0,29,0,0,0,29,0,313
5728.0,29,0,0,0,29,0,313
5729.0,29,0,0,0,29,0,313
5730.0,29,0,0,0,29,0,313
5731.0,29,0,0,0,29,0,313
5732.0,29,0,0,0,29,0,313
5733.0,29,0,0,0,29,0,313
5734.0,29,0,0,0,29,0,313
5735.0,29,0,0,0,29,0,313
5736.0,29,0,0,0,29,0,313
5737.0,29,0,0,0,29,0,313
5738.0,29,0,0,0,29,0,313
5739.0,29,0,0,0,29,0,313
5740.0,29,0,0,0,29,0,313
5741.0,29,0,0,0,29,0,313
5742.0,29,0,0,0,29,0,313
5743.0,29,0,0,0,29,0,313
5744.0,29,0,0,0,29,0,313
5745.0,29,0,0,0,29,0,313
5746.0,29,0,0,0,29,0,313
5747.0,29,0,0,0,29,0,313
5748.0,29,0,0,0,29,0,313
5749.0,29,0,0,0,29,0,313
5750.0,29,0,0,0,29,0,313
5751.0,29,0,0,0,29,0,313
5752.0,29,0,0,0,29,0,313
5753.0,29,0,0,0,29,0,313
5754.0,29,0,0,0,29,0,313
5755.0,29,0,0,0,29,0,313
5756.0,29,0,0,0,29,0,313
5757.0,29,0,0,0,29,0,313
5758.0,29,0,0,0,29,0,313
5759.0,29,0,0,0,29,0,313
5760.0,29,0,0,0,29,0,313
5761.0,29,0,0,0,29,0,313
5762.0,29,0,0,0,29,0,313
5763.0,29,0,0,0,29,0,313
5764.0,29,0,0,0,29,0,313
5765.0,29,0,0,0,29,0,313
5766.0,29,0,0,0,29,0,313
5767.0,29,0,0,0,29,0,313
5768.0,29,0,0,0,29,0,313
5769.0,29,0,0,0,29,0,313
5770.0,29,0,0,0,29,0,313
5771.0,29,0,0,0,29,0,313
5772.0,29,0,0,0,29,0,313
5773.0,29,0,0,0,29,0,313
5774.0,29,0,0,0,29,0,313
5775.0,29,0,0,0,29,0,313
5776.0,29,0,0,0,29,0,313
5777.0,29,0,0,0,29,0,313
5778.0,29,0,0,0,29,0,313
5779.0,29,0,0,0,29,0,313
5780.0,29,0,0,0,29,0,313
5781.0,29,0,0,0,29,0,313
5782.0,29,0,0,0,29,0,313
5783.0,29,0,0,0,29,0,313
5784.0,29,0,0,0,29,0,313
5785.0,29,0,0,0,29,0,313
5786.0,29,0,0,0,29,0,313
5787.0,29,0,0,0,29,0,313
5788.0,29,0,0,0,29,0,313
5789.0,29,0,0,0,29,0,313
5790.0,29,0,0,0,29,0,313
5791.0,29,0,0,0,29,0,313
5792.0,29,0,0,0,29,0,313
5793.0,29,0,0,0,29,0,313
5794.0,29,0,0,0,29,0,313
5795.0,29,0,0,0,29,0,313
5796.0,29,0,0,0,29,0,313
5797.0,29,0,0,0,29,0,313
5798.0,29,0,0,0,29,0,313
5799.0,29,0,0,0,29,0,313
5800.0,29,0,0,0,29,0,313
5801.0,29,0,0,0,29,0,313
5802.0,29,0,0,0,29,0,313
5803.0,29,0,0,0,29,0,313
5804.0,29,0,0,0,29,0,313
5805.0,29,0,0,0,29,0,313
5806.0,29,0,0,0,29,0,313
5807.0,29,0,0,0,29,0,313
5808.0,29,0,0,0,29,0,313
5809.0,29,0,0,0,29,0,313
5810.0,29,0,0,0,29,0,313
5811.0,29,0,0,0,29,0,313
5812.0,29,0,0,0,29,0,313
5813.0,29,0,0,0,29,0,313
5814.0,29,0,0,0,29,0,313
5815.0,29,0,0,0,29,0,313
5816.0,29,0,0,0,29,0,313
5817.0,29,0,0,0,29,0,313
5818.0,29,0,0,0,29,0,313
5819.0,29,0,0,0,29,0,313
5820.0,29,0,0,0,29,0,313
5821.0,29,0,0,0,29,0,313
5822.0,29,0,0,0,29,0,313
5823.0,29,0,0,0,29,0,313
5824.0,29,0,0,0,29,0,313
5825.0,29,0,0,0,29,0,313
5826.0,29,0,0,0,29,0,313
5827.0,29,0,0,0,29,0,313
5828.0,29,0,0,0,29,0,313
5829.0,29,0,0,0,29,0,313
5830.0,29,0,0,0,29,0,313
5831.0,29,0,0,0,29,0,313
5832.0,29,0,0,0,29,0,313
5833.0,29,0,0,0,29,0,313
5834.0,29,0,0,0,29,0,313
5835.0,29,0,0,0,29,0,313
5836.0,29,0,0,0,29,0,313
5837.0,29,0,0,0,29,0,313
5838.0,29,0,0,0,29,0,313
5839.0,29,0,0,0,29,0,313
5840.0,29,0,0,0,29,0,313
5841.0,29,0,0,0,29,0,313
5842.0,29,0,0,0,29,0,313
5843.0,29,0,0,0,29,0,313
5844.0,29,0,0,0,29,0,313
5845.0,29,0,0,0,29,0,313
5846.0,29,0,0,0,29,0,313
5847.0,29,0,0,0,29,0,313
5848.0,29,0,0,0,29,0,313
5849.0,29,0,0,0,29,0,313
5850.0,29,0,0,0,29,0,313
5851.0,29,0,0,0,29,0,313
5852.0,29,0,0,0,29,0,313
5853.0,29,0,0,0,29,0,313
5854.0,29,0,0,0,29,0,313
5855.0,29,0,0,0,29,0,313
5856.0,29,0,0,0,29,0,313
5857.0,29,0,0,0,29,0,313
5858.0,29,0,0,0,29,0,313
5859.0,29,0,0,0,29,0,313
5860.0,29,0,0,0,29,0,313
5861.0,29,0,0,0,29,0,313
5862.0,29,0,0,0,29,0,313
5863.0,29,0,0,0,29,0,313
5864.0,29,0,0,0,29,0,313
5865.0,29,0,0,0,29,0,313
5866.0,29,0,0,0,29,0,313
5867.0,29,0,0,0,29,0,313
5868.0,29,0,0,0,29,0,313
5869.0,29,0,0,0,29,0,313
5870.0,29,0,0,0,29,0,313
5871.0,29,0,0,0,29,0,313
5872.0,29,0,0,0,29,0,313
5873.0,29,0,0,0,29,0,313
5874.0,29,0,0,0,29,0,313
5875.0,29,0,0,0,29,0,313
5876.0,29,0,0,0,29,0,313
5877.0,29,0,0,0,29,0,313
5878.0,29,0,0,0,29,0,313
5879.0,29,0,0,0,29,0,313
5880.0,29,0,0,0,29,0,313
5881.0,29,0,0,0,29,0,313
5882.0,29,0,0,0,29,0,313
5883.0,29,0,0,0,29,0,313
5884.0,29,0,0,0,29,0,313
5885.0,29,0,0,0,29,0,313
5886.0,29,0,0,0,29,0,313
5887.0,29,0,0,0,29,0,313
5888.0,29,0,0,0,29,0,313
5889.0,29,0,0,0,29,0,313
5890.0,29,0,0,0,29,0,313
5891.0,29,0,0,0,29,0,313
5892.0,29,0,0,0,29,0,313
5893.0,29,0,0,0,29,0,313
5894.0,29,0,0,0,29,0,313
5895.0,29,0,0,0,29,0,313
5896.0,29,0,0,0,29,0,313
5897.0,29,0,0,0,29,0,313
5898.0,29,0,0,0,29,0,313
5899.0,29,0,0,0,29,0,313
5900.0,29,0,0,0,29,0,313
5901.0,29,0,0,0,29,0,313
5902.0,29,0,0,0,29,0,313
5903.0,29,0,0,0,29,0,313
5904.0,29,0,0,0,29,0,313
5905.0,29,0,0,0,29,0,313
5906.0,29,0,0,0,29,0,313
5907.0,29,0,0,0,29,0,313
5908.0,29,0,0,0,29,0,313
5909.0,29,0,0,0,29,0,313
5910.0,29,0,0,0,29,0,313
5911.0,29,0,0,0,29,0,313
5912.0,29,0,0,0,29,0,313
5913.0,29,0,0,0,29,0,313
5914.0,29,0,0,0,29,0,313
5915.0,29,0,0,0,29,0,313
5916.0,29,0,0,0,29,0,313
5917.0,29,0,0,0,29,0,313
5918.0,29,0,0,0,29,0,313
5919.0,29,0,0,0,29,0,313
5920.0,29,0,0,0,29,0,313
5921.0,29,0,0,0,29,0,313
5922.0,29,0,0,0,29,0,313
5923.0,29,0,0,0,29,0,313
5924.0,29,0,0,0,29,0,313
5925.0,29,0,0,0,29,0,313
5926.0,29,0,0,0,29,0,313
5927.0,29,0,0,0,29,0,313
5928.0,29,0,0,0,29,0,313
5929.0,29,0,0,0,29,0,313
5930.0,29,0,0,0,29,0,313
5931.0,29,0,0,0,29,0,313
5932.0,29,0,0,0,29,0,313
5933.0,29,0,0,0,29,0,313
5934.0,29,0,0,0,29,0,313
5935.0,29,0,0,0,29,0,313
5936.0,29,0,0,0,29,0,313
5937.0,29,0,0,0,29,0,313
5938.0,29,0,0,0,29,0,313
5939.0,29,0,0,0,29,0,313
5940.0,29,0,0,0,29,0,313
5941.0,29,0,0,0,29,0,313
5942.0,29,0,0,0,29,0,313
5943.0,29,0,0,0,29,0,313
5944.0,29,0,0,0,29,0,313
5945.0,29,0,0,0,29,0,313
5946.0,29,0,0,0,29,0,313
5947.0,29,0,0,0,29,0,313
5948.0,29,0,0,0,29,0,313
5949.0,29,0,0,0,29,0,313
5950.0,29,0,0,0,29,0,313
5951.0,29,0,0,0,29,0,313
5952.0,29,0,0,0,29,0,313
5953.0,29,0,0,0,29,0,313
5954.0,29,0,0,0,29,0,313
5955.0,29,0,0,0,29,0,313
5956.0,29,0,0,0,29,0,313
5957.0,29,0,0,0,29,0,313
5958.0,29,0,0,0,29,0,313
5959.0,29,0,0,0,29,0,313
5960.0,29,0,0,0,29,0,313
5961.0,29,0,0,0,29,0,313
5962.0,29,0,0,0,29,0,313
5963.0,29,0,0,0,29,0,313
5964.0,29,0,0,0,29,0,313
5965.0,29,0,0,0,29,0,313
5966.0,29,0,0,0,29,0,313
5967.0,29,0,0,0,29,0,313
5968.0,29,0,0,0,29,0,313
5969.0,29,0,0,0,29,0,313
5970.0,29,0,0,0,29,0,313
5971.0,29,0,0,0,29,0,313
5972.0,29,0,0,0,29,0,313
5973.0,29,0,0,0,29,0,313
5974.0,29,0,0,0,29,0,313
5975.0,29,0,0,0,29,0,313
5976.0,29,0,0,0,29,0,313
5977.0,29,0,0,0,29,0,313
5978.0,29,0,0,0,29,0,313
5979.0,29,0,0,0,29,0,313
5980.0,29,0,0,0,29,0,313
5981.0,29,0,0,0,29,0,313
5982.0,29,0,0,0,29,0,313
5983.0,29,0,0,0,29,0,313
5984.0,29,0,0,0,29,0,313
5985.0,29,0,0,0,29,0,313
5986.0,29,0,0,0,29,0,313
5987.0,29,0,0,0,29,0,313
5988.0,29,0,0,0,29,0,313
5989.0,29,0,0,0,29,0,313
5990.0,29,0,0,0,29,0,313
5991.0,29,0,0,0,29,0,313
5992.0,29,0,0,0,29,0,313
5993.0,29,0,0,0,29,0,313
5994.0,29,0,0,0,29,0,313
5995.0,29,0,0,0,29,0,313
5996.0,29,0,0,0,29,0,313
5997.0,29,0,0,0,29,0,313
5998.0,29,0,0,0,29,0,313
5999.0,29,0,0,0,29,0,313
6000.0,29,0,0,0,29,0,313
6001.0,29,0,0,0,29,0,313
6002.0,29,0,0,0,29,0,313
6003.0,29,0,0,0,29,0,313
6004.0,29,0,0,0,29,0,313
6005.0,29,0,0,0,29,0,313
6006.0,29,0,0,0,29,0,313
6007.0,29,0,0,0,29,0,313
6008.0,29,0,0,0,29,0,313
6009.0,29,0,0,0,29,0,313
6010.0,29,0,0,0,29,0,313
6011.0,29,0,0,0,29,0,313
6012.0,29,0,0,0,29,0,313
6013.0,29,0,0,0,29,0,313
6014.0,29,0,0,0,29,0,313
6015.0,29,0,0,0,29,0,313
6016.0,29,0,0,0,29,0,313
6017.0,29,0,0,0,29,0,313
6018.0,29,0,0,0,29,0,313
6019.0,29,0,0,0,29,0,313
6020.0,29,0,0,0,29,0,313
6021.0,29,0,0,0,29,0,313
6022.0,29,0,0,0,29,0,313
6023.0,29,0,0,0,29,0,313
6024.0,29,0,0,0,29,0,313
6025.0,29,0,0,0,29,0,313
6026.0,29,0,0,0,29,0,313
6027.0,29,0,0,0,29,0,313
6028.0,29,0,0,0,29,0,313
6029.0,29,0,0,0,29,0,313
6030.0,29,0,0,0,29,0,313
6031.0,29,0,0,0,29,0,313
6032.0,29,0,0,0,29,0,313
6033.0,29,0,0,0,29,0,313
6034.0,29,0,0,0,29,0,313
6035.0,29,0,0,0,29,0,313
6036.0,29,0,0,0,29,0,313
6037.0,29,0,0,0,29,0,313
6038.0,29,0,0,0,29,0,313
6039.0,29,0,0,0,29,0,313
6040.0,29,0,0,0,29,0,313
6041.0,29,0,0,0,29,0,313
6042.0,29,0,0,0,29,0,313
6043.0,29,0,0,0,29,0,313
6044.0,29,0,0,0,29,0,313
6045.0,29,0,0,0,29,0,313
6046.0,29,0,0,0,29,0,313
6047.0,29,0,0,0,29,0,313
6048.0,29,0,0,0,29,0,313
6049.0,29,0,0,0,29,0,313
6050.0,29,0,0,0,29,0,313
6051.0,29,0,0,0,29,0,313
6052.0,29,0,0,0,29,0,313
6053.0,29,0,0,0,29,0,313
6054.0,29,0,0,0,29,0,313
6055.0,29,0,0,0,29,0,313
6056.0,29,0,0,0,29,0,313
6057.0,29,0,0,0,29,0,313
6058.0,29,0,0,0,29,0,313
6059.0,29,0,0,0,29,0,313
6060.0,29,0,0,0,29,0,313
6061.0,29,0,0,0,29,0,313
6062.0,29,0,0,0,29,0,313
6063.0,29,0,0,0,29,0,313
6064.0,29,0,0,0,29,0,313
6065.0,29,0,0,0,29,0,313
6066.0,29,0,0,0,29,0,313
6067.0,29,0,0,0,29,0,313
6068.0,29,0,0,0,29,0,313
6069.0,29,0,0,0,29,0,313
6070.0,29,0,0,0,29,0,313
6071.0,29,0,0,0,29,0,313
6072.0,29,0,0,0,29,0,313
6073.0,29,0,0,0,29,0,313
6074.0,29,0,0,0,29,0,313
6075.0,29,0,0,0,29,0,313
6076.0,29,0,0,0,29,0,313
6077.0,29,0,0,0,29,0,313
6078.0,29,0,0,0,29,0,313
6079.0,29,0,0,0,29,0,313
6080.0,29,0,0,0,29,0,313
6081.0,29,0,0,0,29,0,313
6082.0,29,0,0,0,29,0,313
6083.0,29,0,0,0,29,0,313
6084.0,29,0,0,0,29,0,313
6085.0,29,0,0,0,29,0,313
6086.0,29,0,0,0,29,0,313
6087.0,29,0,0,0,29,0,313
6088.0,29,0,0,0,29,0,313
6089.0,29,0,0,0,29,0,313
6090.0,29,0,0,0,29,0,313
6091.0,29,0,0,0,29,0,313
6092.0,29,0,0,0,29,0,313
6093.0,29,0,0,0,29,0,313
6094.0,29,0,0,0,29,0,313
6095.0,29,0,0,0,29,0,313
6096.0,29,0,0,0,29,0,313
6097.0,29,0,0,0,29,0,313
6098.0,29,0,0,0,29,0,313
6099.0,29,0,0,0,29,0,313
6100.0,29,0,0,0,29,0,313
6101.0,29,0,0,0,29,0,313
6102.0,29,0,0,0,29,0,313
6103.0,29,0,0,0,29,0,313
6104.0,29,0,0,0,29,0,313
6105.0,29,0,0,0,29,0,313
6106.0,29,0,0,0,29,0,313
6107.0,29,0,0,0,29,0,313
6108.0,29,0,0,0,29,0,313
6109.0,29,0,0,0,29,0,313
6110.0,29,0,0,0,29,0,313
6111.0,29,0,0,0,29,0,313
6112.0,29,0,0,0,29,0,313
6113.0,29,0,0,0,29,0,313
6114.0,29,0,0,0,29,0,313
6115.0,29,0,0,0,29,0,313
6116.0,29,0,0,0,29,0,313
6117.0,29,0,0,0,29,0,313
6118.0,29,0,0,0,29,0,313
6119.0,29,0,0,0,29,0,313
6120.0,29,0,0,0,29,0,313
6121.0,29,0,0,0,29,0,313
6122.0,29,0,0,0,29,0,313
6123.0,29,0,0,0,29,0,313
6124.0,29,0,0,0,29,0,313
6125.0,29,0,0,0,29,0,313
6126.0,29,0,0,0,29,0,313
6127.0,29,0,0,0,29,0,313
6128.0,29,0,0,0,29,0,313
6129.0,29,0,0,0,29,0,313
6130.0,29,0,0,0,29,0,313
6131.0,29,0,0,0,29,0,313
6132.0,29,0,0,0,29,0,313
6133.0,29,0,0,0,29,0,313
6134.0,29,0,0,0,29,0,313
6135.0,29,0,0,0,29,0,313
6136.0,29,0,0,0,29,0,313
6137.0,29,0,0,0,29,0,313
6138.0,29,0,0,0,29,0,313
6139.0,29,0,0,0,29,0,313
6140.0,29,0,0,0,29,0,313
6141.0,29,0,0,0,29,0,313
6142.0,29,0,0,0,29,0,313
6143.0,29,0,0,0,29,0,313
6144.0,29,0,0,0,29,0,313
6145.0,29,0,0,0,29,0,313
6146.0,29,0,0,0,29,0,313
6147.0,29,0,0,0,29,0,313
6148.0,29,0,0,0,29,0,313
6149.0,29,0,0,0,29,0,313
6150.0,29,0,0,0,29,0,313
6151.0,29,0,0,0,29,0,313
6152.0,29,0,0,0,29,0,313
6153.0,29,0,0,0,29,0,313
6154.0,29,0,0,0,29,0,313
6155.0,29,0,0,0,29,0,313
6156.0,29,0,0,0,29,0,313
6157.0,29,0,0,0,29,0,313
6158.0,29,0,0,0,29,0,313
6159.0,29,0,0,0,29,0,313
6160.0,29,0,0,0,29,0,313
6161.0,29,0,0,0,29,0,313
6162.0,29,0,0,0,29,0,313
6163.0,29,0,0,0,29,0,313
6164.0,29,0,0,0,29,0,313
6165.0,29,0,0,0,29,0,313
6166.0,29,0,0,0,29,0,313
6167.0,29,0,0,0,29,0,313
6168.0,29,0,0,0,29,0,313
6169.0,29,0,0,0,29,0,313
6170.0,29,0,0,0,29,0,313
6171.0,29,0,0,0,29,0,313
6172.0,29,0,0,0,29,0,313
6173.0,29,0,0,0,29,0,313
6174.0,29,0,0,0,29,0,313
6175.0,29,0,0,0,29,0,313
6176.0,29,0,0,0,29,0,313
6177.0,29,0,0,0,29,0,313
6178.0,29,0,0,0,29,0,313
6179.0,29,0,0,0,29,0,313
6180.0,29,0,0,0,29,0,313
6181.0,29,0,0,0,29,0,313
6182.0,29,0,0,0,29,0,313
6183.0,29,0,0,0,29,0,313
6184.0,29,0,0,0,29,0,313
6185.0,29,0,0,0,29,0,313
6186.0,29,0,0,0,29,0,313
6187.0,29,0,0,0,29,0,313
6188.0,29,0,0,0,29,0,313
6189.0,29,0,0,0,29,0,313
6190.0,29,0,0,0,29,0,313
6191.0,29,0,0,0,29,0,313
6192.0,29,0,0,0,29,0,313
6193.0,29,0,0,0,29,0,313
6194.0,29,0,0,0,29,0,313
6195.0,29,0,0,0,29,0,313
6196.0,29,0,0,0,29,0,313
6197.0,29,0,0,0,29,0,313
6198.0,29,0,0,0,29,0,313
6199.0,29,0,0,0,29,0,313
6200.0,29,0,0,0,29,0,313
6201.0,29,0,0,0,29,0,313
6202.0,29,0,0,0,29,0,313
6203.0,29,0,0,0,29,0,313
6204.0,29,0,0,0,29,0,313
6205.0,29,0,0,0,29,0,313
6206.0,29,0,0,0,29,0,313
6207.0,29,0,0,0,29,0,313
6208.0,29,0,0,0,29,0,313
6209.0,29,0,0,0,29,0,313
6210.0,29,0,0,0,29,0,313
6211.0,29,0,0,0,29,0,313
6212.0,29,0,0,0,29,0,313
6213.0,29,0,0,0,29,0,313
6214.0,29,0,0,0,29,0,313
6215.0,29,0,0,0,29,0,313
6216.0,29,0,0,0,29,0,313
6217.0,29,0,0,0,29,0,313
6218.0,29,0,0,0,29,0,313
6219.0,29,0,0,0,29,0,313
6220.0,29,0,0,0,29,0,313
6221.0,29,0,0,0,29,0,313
6222.0,29,0,0,0,29,0,313
6223.0,29,0,0,0,29,0,313
6224.0,29,0,0,0,29,0,313
6225.0,29,0,0,0,29,0,313
6226.0,29,0,0,0,29,0,313
6227.0,29,0,0,0,29,0,313
6228.0,29,0,0,0,29,0,313
6229.0,29,0,0,0,29,0,313
6230.0,29,0,0,0,29,0,313
6231.0,29,0,0,0,29,0,313
6232.0,29,0,0,0,29,0,313
6233.0,29,0,0,0,29,0,313
6234.0,29,0,0,0,29,0,313
6235.0,29,0,0,0,29,0,313
6236.0,29,0,0,0,29,0,313
6237.0,29,0,0,0,29,0,313
6238.0,29,0,0,0,29,0,313
6239.0,29,0,0,0,29,0,313
6240.0,29,0,0,0,29,0,313
6241.0,29,0,0,0,29,0,313
6242.0,29,0,0,0,29,0,313
6243.0,29,0,0,0,29,0,313
6244.0,29,0,0,0,29,0,313
6245.0,29,0,0,0,29,0,313
6246.0,29,0,0,0,29,0,313
6247.0,29,0,0,0,29,0,313
6248.0,29,0,0,0,29,0,313
6249.0,29,0,0,0,29,0,313
6250.0,29,0,0,0,29,0,313
6251.0,29,0,0,0,29,0,313
6252.0,29,0,0,0,29,0,313
6253.0,29,0,0,0,29,0,313
6254.0,29,0,0,0,29,0,313
6255.0,29,0,0,0,29,0,313
6256.0,29,0,0,0,29,0,313
6257.0,29,0,0,0,29,0,313
6258.0,29,0,0,0,29,0,313
6259.0,29,0,0,0,29,0,313
6260.0,29,0,0,0,29,0,313
6261.0,29,0,0,0,29,0,313
6262.0,29,0,0,0,29,0,313
6263.0,29,0,0,0,29,0,313
6264.0,29,0,0,0,29,0,313
6265.0,29,0,0,0,29,0,313
6266.0,29,0,0,0,29,0,313
6267.0,29,0,0,0,29,0,313
6268.0,29,0,0,0,29,0,313
6269.0,29,0,0,0,29,0,313
6270.0,29,0,0,0,29,0,313
6271.0,29,0,0,0,29,0,313
6272.0,29,0,0,0,29,0,313
6273.0,29,0,0,0,29,0,313
6274.0,29,0,0,0,29,0,313
6275.0,29,0,0,0,29,0,313
6276.0,29,0,0,0,29,0,313
6277.0,29,0,0,0,29,0,313
6278.0,29,0,0,0,29,0,313
6279.0,29,0,0,0,29,0,313
6280.0,29,0,0,0,29,0,313
6281.0,29,0,0,0,29,0,313
6282.0,29,0,0,0,29,0,313
6283.0,29,0,0,0,29,0,313
6284.0,29,0,0,0,29,0,313
6285.0,29,0,0,0,29,0,313
6286.0,29,0,0,0,29,0,313
6287.0,29,0,0,0,29,0,313
6288.0,29,0,0,0,29,0,313
6289.0,29,0,0,0,29,0,313
6290.0,29,0,0,0,29,0,313
6291.0,29,0,0,0,29,0,313
6292.0,29,0,0,0,29,0,313
6293.0,29,0,0,0,29,0,313
6294.0,29,0,0,0,29,0,313
6295.0,29,0,0,0,29,0,313
6296.0,29,0,0,0,29,0,313
6297.0,29,0,0,0,29,0,313
6298.0,29,0,0,0,29,0,313
6299.0,29,0,0,0,29,0,313
6300.0,29,0,0,0,29,0,313
6301.0,29,0,0,0,29,0,313
6302.0,29,0,0,0,29,0,313
6303.0,29,0,0,0,29,0,313
6304.0,29,0,0,0,29,0,313
6305.0,29,0,0,0,29,0,313
6306.0,29,0,0,0,29,0,313
6307.0,29,0,0,0,29,0,313
6308.0,29,0,0,0,29,0,313
6309.0,29,0,0,0,29,0,313
6310.0,29,0,0,0,29,0,313
6311.0,29,0,0,0,29,0,313
6312.0,29,0,0,0,29,0,313
6313.0,29,0,0,0,29,0,313
6314.0,29,0,0,0,29,0,313
6315.0,29,0,0,0,29,0,313
6316.0,29,0,0,0,29,0,313
6317.0,29,0,0,0,29,0,313
6318.0,29,0,0,0,29,0,313
6319.0,29,0,0,0,29,0,313
6320.0,29,0,0,0,29,0,313
6321.0,29,0,0,0,29,0,313
6322.0,29,0,0,0,29,0,313
6323.0,29,0,0,0,29,0,313
6324.0,29,0,0,0,29,0,313
6325.0,29,0,0,0,29,0,313
6326.0,29,0,0,0,29,0,313
6327.0,29,0,0,0,29,0,313
6328.0,29,0,0,0,29,0,313
6329.0,29,0,0,0,29,0,313
6330.0,29,0,0,0,29,0,313
6331.0,29,0,0,0,29,0,313
6332.0,29,0,0,0,29,0,313
6333.0,29,0,0,0,29,0,313
6334.0,29,0,0,0,29,0,313
6335.0,29,0,0,0,29,0,313
6336.0,29,0,0,0,29,0,313
6337.0,29,0,0,0,29,0,313
6338.0,29,0,0,0,29,0,313
6339.0,29,0,0,0,29,0,313
6340.0,29,0,0,0,29,0,313
6341.0,29,0,0,0,29,0,313
6342.0,29,0,0,0,29,0,313
6343.0,29,0,0,0,29,0,313
6344.0,29,0,0,0,29,0,313
6345.0,29,0,0,0,29,0,313
6346.0,29,0,0,0,29,0,313
6347.0,29,0,0,0,29,0,313
6348.0,29,0,0,0,29,0,313
6349.0,29,0,0,0,29,0,313
6350.0,29,0,0,0,29,0,313
6351.0,29,0,0,0,29,0,313
6352.0,29,0,0,0,29,0,313
6353.0,29,0,0,0,29,0,313
6354.0,29,0,0,0,29,0,313
6355.0,29,0,0,0,29,0,313
6356.0,29,0,0,0,29,0,313
6357.0,29,0,0,0,29,0,313
6358.0,29,0,0,0,29,0,313
6359.0,29,0,0,0,29,0,313
6360.0,29,0,0,0,29,0,313
6361.0,29,0,0,0,29,0,313
6362.0,29,0,0,0,29,0,313
6363.0,29,0,0,0,29,0,313
6364.0,29,0,0,0,29,0,313
6365.0,29,0,0,0,29,0,313
6366.0,29,0,0,0,29,0,313
6367.0,29,0,0,0,29,0,313
6368.0,29,0,0,0,29,0,313
6369.0,29,0,0,0,29,0,313
6370.0,29,0,0,0,29,0,313
6371.0,29,0,0,0,29,0,313
6372.0,29,0,0,0,29,0,313
6373.0,29,0,0,0,29,0,313
6374.0,29,0,0,0,29,0,313
6375.0,29,0,0,0,29,0,313
6376.0,29,0,0,0,29,0,313
6377.0,29,0,0,0,29,0,313
6378.0,29,0,0,0,29,0,313
6379.0,29,0,0,0,29,0,313
6380.0,29,0,0,0,29,0,313
6381.0,29,0,0,0,29,0,313
6382.0,29,0,0,0,29,0,313
6383.0,29,0,0,0,29,0,313
6384.0,29,0,0,0,29,0,313
6385.0,29,0,0,0,29,0,313
6386.0,29,0,0,0,29,0,313
6387.0,29,0,0,0,29,0,313
6388.0,29,0,0,0,29,0,313
6389.0,29,0,0,0,29,0,313
6390.0,29,0,0,0,29,0,313
6391.0,29,0,0,0,29,0,313
6392.0,29,0,0,0,29,0,313
6393.0,29,0,0,0,29,0,313
6394.0,29,0,0,0,29,0,313
6395.0,29,0,0,0,29,0,313
6396.0,29,0,0,0,29,0,313
6397.0,29,0,0,0,29,0,313
6398.0,29,0,0,0,29,0,313
6399.0,29,0,0,0,29,0,313
6400.0,29,0,0,0,29,0,313
6401.0,29,0,0,0,29,0,313
6402.0,29,0,0,0,29,0,313
6403.0,29,0,0,0,29,0,313
6404.0,29,0,0,0,29,0,313
6405.0,29,0,0,0,29,0,313
6406.0,29,0,0,0,29,0,313
6407.0,29,0,0,0,29,0,313
6408.0,29,0,0,0,29,0,313
6409.0,29,0,0,0,29,0,313
6410.0,29,0,0,0,29,0,313
6411.0,29,0,0,0,29,0,313
6412.0,29,0,0,0,29,0,313
6413.0,29,0,0,0,29,0,313
6414.0,29,0,0,0,29,0,313
6415.0,29,0,0,0,29,0,313
6416.0,29,0,0,0,29,0,313
6417.0,29,0,0,0,29,0,313
6418.0,29,0,0,0,29,0,313
6419.0,29,0,0,0,29,0,313
6420.0,29,0,0,0,29,0,313
6421.0,29,0,0,0,29,0,313
6422.0,29,0,0,0,29,0,313
6423.0,29,0,0,0,29,0,313
6424.0,29,0,0,0,29,0,313
6425.0,29,0,0,0,29,0,313
6426.0,29,0,0,0,29,0,313
6427.0,29,0,0,0,29,0,313
6428.0,29,0,0,0,29,0,313
6429.0,29,0,0,0,29,0,313
6430.0,29,0,0,0,29,0,313
6431.0,29,0,0,0,29,0,313
6432.0,29,0,0,0,29,0,313
6433.0,29,0,0,0,29,0,313
6434.0,29,0,0,0,29,0,313
6435.0,29,0,0,0,29,0,313
6436.0,29,0,0,0,29,0,313
6437.0,29,0,0,0,29,0,313
6438.0,29,0,0,0,29,0,313
6439.0,29,0,0,0,29,0,313
6440.0,29,0,0,0,29,0,313
6441.0,29,0,0,0,29,0,313
6442.0,29,0,0,0,29,0,313
6443.0,29,0,0,0,29,0,313
6444.0,29,0,0,0,29,0,313
6445.0,29,0,0,0,29,0,313
6446.0,29,0,0,0,29,0,313
6447.0,29,0,0,0,29,0,313
6448.0,29,0,0,0,29,0,313
6449.0,29,0,0,0,29,0,313
6450.0,29,0,0,0,29,0,313
6451.0,29,0,0,0,29,0,313
6452.0,29,0,0,0,29,0,313
6453.0,29,0,0,0,29,0,313
6454.0,29,0,0,0,29,0,313
6455.0,29,0,0,0,29,0,313
6456.0,29,0,0,0,29,0,313
6457.0,29,0,0,0,29,0,313
6458.0,29,0,0,0,29,0,313
6459.0,29,0,0,0,29,0,313
6460.0,29,0,0,0,29,0,313
6461.0,29,0,0,0,29,0,313
6462.0,29,0,0,0,29,0,313
6463.0,29,0,0,0,29,0,313
6464.0,29,0,0,0,29,0,313
6465.0,29,0,0,0,29,0,313
6466.0,29,0,0,0,29,0,313
6467.0,29,0,0,0,29,0,313
6468.0,29,0,0,0,29,0,313
6469.0,29,0,0,0,29,0,313
6470.0,29,0,0,0,29,0,313
6471.0,29,0,0,0,29,0,313
6472.0,29,0,0,0,29,0,313
6473.0,29,0,0,0,29,0,313
6474.0,29,0,0,0,29,0,313
6475.0,29,0,0,0,29,0,313
6476.0,29,0,0,0,29,0,313
6477.0,29,0,0,0,29,0,313
6478.0,29,0,0,0,29,0,313
6479.0,29,0,0,0,29,0,313
6480.0,29,0,0,0,29,0,313
6481.0,29,0,0,0,29,0,313
6482.0,29,0,0,0,29,0,313
6483.0,29,0,0,0,29,0,313
6484.0,29,0,0,0,29,0,313
6485.0,29,0,0,0,29,0,313
6486.0,29,0,0,0,29,0,313
6487.0,29,0,0,0,29,0,313
6488.0,29,0,0,0,29,0,313
6489.0,29,0,0,0,29,0,313
6490.0,29,0,0,0,29,0,313
6491.0,29,0,0,0,29,0,313
6492.0,29,0,0,0,29,0,313
6493.0,29,0,0,0,29,0,313
6494.0,29,0,0,0,29,0,313
6495.0,29,0,0,0,29,0,313
6496.0,29,0,0,0,29,0,313
6497.0,29,0,0,0,29,0,313
6498.0,29,0,0,0,29,0,313
6499.0,29,0,0,0,29,0,313
6500.0,29,0,0,0,29,0,313
6501.0,29,0,0,0,29,0,313
6502.0,29,0,0,0,29,0,313
6503.0,29,0,0,0,29,0,313
6504.0,29,0,0,0,29,0,313
6505.0,29,0,0,0,29,0,313
6506.0,29,0,0,0,29,0,313
6507.0,29,0,0,0,29,0,313
6508.0,29,0,0,0,29,0,313
6509.0,29,0,0,0,29,0,313
6510.0,29,0,0,0,29,0,313
6511.0,29,0,0,0,29,0,313
6512.0,29,0,0,0,29,0,313
6513.0,29,0,0,0,29,0,313
6514.0,29,0,0,0,29,0,313
6515.0,29,0,0,0,29,0,313
6516.0,29,0,0,0,29,0,313
6517.0,29,0,0,0,29,0,313
6518.0,29,0,0,0,29,0,313
6519.0,29,0,0,0,29,0,313
6520.0,29,0,0,0,29,0,313
6521.0,29,0,0,0,29,0,313
6522.0,29,0,0,0,29,0,313
6523.0,29,0,0,0,29,0,313
6524.0,29,0,0,0,29,0,313
6525.0,29,0,0,0,29,0,313
6526.0,29,0,0,0,29,0,313
6527.0,29,0,0,0,29,0,313
6528.0,29,0,0,0,29,0,313
6529.0,29,0,0,0,29,0,313
6530.0,29,0,0,0,29,0,313
6531.0,29,0,0,0,29,0,313
6532.0,29,0,0,0,29,0,313
6533.0,29,0,0,0,29,0,313
6534.0,29,0,0,0,29,0,313
6535.0,29,0,0,0,29,0,313
6536.0,29,0,0,0,29,0,313
6537.0,29,0,0,0,29,0,313
6538.0,29,0,0,0,29,0,313
6539.0,29,0,0,0,29,0,313
6540.0,29,0,0,0,29,0,313
6541.0,29,0,0,0,29,0,313
6542.0,29,0,0,0,29,0,313
6543.0,29,0,0,0,29,0,313
6544.0,29,0,0,0,29,0,313
6545.0,29,0,0,0,29,0,313
6546.0,29,0,0,0,29,0,313
6547.0,29,0,0,0,29,0,313
6548.0,29,0,0,0,29,0,313
6549.0,29,0,0,0,29,0,313
6550.0,29,0,0,0,29,0,313
6551.0,29,0,0,0,29,0,313
6552.0,29,0,0,0,29,0,313
6553.0,29,0,0,0,29,0,313
6554.0,29,0,0,0,29,0,313
6555.0,29,0,0,0,29,0,313
6556.0,29,0,0,0,29,0,313
6557.0,29,0,0,0,29,0,313
6558.0,29,0,0,0,29,0,313
6559.0,29,0,0,0,29,0,313
6560.0,29,0,0,0,29,0,313
6561.0,29,0,0,0,29,0,313
6562.0,29,0,0,0,29,0,313
6563.0,29,0,0,0,29,0,313
6564.0,29,0,0,0,29,0,313
6565.0,29,0,0,0,29,0,313
6566.0,29,0,0,0,29,0,313
6567.0,29,0,0,0,29,0,313
6568.0,29,0,0,0,29,0,313
6569.0,29,0,0,0,29,0,313
6570.0,29,0,0,0,29,0,313
6571.0,29,0,0,0,29,0,313
6572.0,29,0,0,0,29,0,313
6573.0,29,0,0,0,29,0,313
6574.0,29,0,0,0,29,0,313
6575.0,29,0,0,0,29,0,313
6576.0,29,0,0,0,29,0,313
6577.0,29,0,0,0,29,0,313
6578.0,29,0,0,0,29,0,313
6579.0,29,0,0,0,29,0,313
6580.0,29,0,0,0,29,0,313
6581.0,29,0,0,0,29,0,313
6582.0,29,0,0,0,29,0,313
6583.0,29,0,0,0,29,0,313
6584.0,29,0,0,0,29,0,313
6585.0,29,0,0,0,29,0,313
6586.0,29,0,0,0,29,0,313
6587.0,29,0,0,0,29,0,313
6588.0,29,0,0,0,29,0,313
6589.0,29,0,0,0,29,0,313
6590.0,29,0,0,0,29,0,313
6591.0,29,0,0,0,29,0,313
6592.0,29,0,0,0,29,0,313
6593.0,29,0,0,0,29,0,313
6594.0,29,0,0,0,29,0,313
6595.0,29,0,0,0,29,0,313
6596.0,29,0,0,0,29,0,313
6597.0,29,0,0,0,29,0,313
6598.0,29,0,0,0,29,0,313
6599.0,29,0,0,0,29,0,313
6600.0,29,0,0,0,29,0,313
6601.0,29,0,0,0,29,0,313
6602.0,29,0,0,0,29,0,313
6603.0,29,0,0,0,29,0,313
6604.0,29,0,0,0,29,0,313
6605.0,29,0,0,0,29,0,313
6606.0,29,0,0,0,29,0,313
6607.0,29,0,0,0,29,0,313
6608.0,29,0,0,0,29,0,313
6609.0,29,0,0,0,29,0,313
6610.0,29,0,0,0,29,0,313
6611.0,29,0,0,0,29,0,313
6612.0,29,0,0,0,29,0,313
6613.0,29,0,0,0,29,0,313
6614.0,29,0,0,0,29,0,313
6615.0,29,0,0,0,29,0,313
6616.0,29,0,0,0,29,0,313
6617.0,29,0,0,0,29,0,313
6618.0,29,0,0,0,29,0,313
6619.0,29,0,0,0,29,0,313
6620.0,29,0,0,0,29,0,313
6621.0,29,0,0,0,29,0,313
6622.0,29,0,0,0,29,0,313
6623.0,29,0,0,0,29,0,313
6624.0,29,0,0,0,29,0,313
6625.0,29,0,0,0,29,0,313
6626.0,29,0,0,0,29,0,313
6627.0,29,0,0,0,29,0,313
6628.0,29,0,0,0,29,0,313
6629.0,29,0,0,0,29,0,313
6630.0,29,0,0,0,29,0,313
6631.0,29,0,0,0,29,0,313
6632.0,29,0,0,0,29,0,313
6633.0,29,0,0,0,29,0,313
6634.0,29,0,0,0,29,0,313
6635.0,29,0,0,0,29,0,313
6636.0,29,0,0,0,29,0,313
6637.0,29,0,0,0,29,0,313
6638.0,29,0,0,0,29,0,313
6639.0,29,0,0,0,29,0,313
6640.0,29,0,0,0,29,0,313
6641.0,29,0,0,0,29,0,313
6642.0,29,0,0,0,29,0,313
6643.0,29,0,0,0,29,0,313
6644.0,29,0,0,0,29,0,313
6645.0,29,0,0,0,29,0,313
6646.0,29,0,0,0,29,0,313
6647.0,29,0,0,0,29,0,313
6648.0,29,0,0,0,29,0,313
6649.0,29,0,0,0,29,0,313
6650.0,29,0,0,0,29,0,313
6651.0,29,0,0,0,29,0,313
6652.0,29,0,0,0,29,0,313
6653.0,29,0,0,0,29,0,313
6654.0,29,0,0,0,29,0,313
6655.0,29,0,0,0,29,0,313
6656.0,29,0,0,0,29,0,313
6657.0,29,0,0,0,29,0,313
6658.0,29,0,0,0,29,0,313
6659.0,29,0,0,0,29,0,313
6660.0,29,0,0,0,29,0,313
6661.0,29,0,0,0,29,0,313
6662.0,29,0,0,0,29,0,313
6663.0,29,0,0,0,29,0,313
6664.0,29,0,0,0,29,0,313
6665.0,29,0,0,0,29,0,313
6666.0,29,0,0,0,29,0,313
6667.0,29,0,0,0,29,0,313
6668.0,29,0,0,0,29,0,313
6669.0,29,0,0,0,29,0,313
6670.0,29,0,0,0,29,0,313
6671.0,29,0,0,0,29,0,313
6672.0,29,0,0,0,29,0,313
6673.0,29,0,0,0,29,0,313
6674.0,29,0,0,0,29,0,313
6675.0,29,0,0,0,29,0,313
6676.0,29,0,0,0,29,0,313
6677.0,29,0,0,0,29,0,313
6678.0,29,0,0,0,29,0,313
6679.0,29,0,0,0,29,0,313
6680.0,29,0,0,0,29,0,313
6681.0,29,0,0,0,29,0,313
6682.0,29,0,0,0,29,0,313
6683.0,29,0,0,0,29,0,313
6684.0,29,0,0,0,29,0,313
6685.0,29,0,0,0,29,0,313
6686.0,29,0,0,0,29,0,313
6687.0,29,0,0,0,29,0,313
6688.0,29,0,0,0,29,0,313
6689.0,29,0,0,0,29,0,313
6690.0,29,0,0,0,29,0,313
6691.0,29,0,0,0,29,0,313
6692.0,29,0,0,0,29,0,313
6693.0,29,0,0,0,29,0,313
6694.0,29,0,0,0,29,0,313
6695.0,29,0,0,0,29,0,313
6696.0,29,0,0,0,29,0,313
6697.0,29,0,0,0,29,0,313
6698.0,29,0,0,0,29,0,313
6699.0,29,0,0,0,29,0,313
6700.0,29,0,0,0,29,0,313
6701.0,29,0,0,0,29,0,313
6702.0,29,0,0,0,29,0,313
6703.0,29,0,0,0,29,0,313
6704.0,29,0,0,0,29,0,313
6705.0,29,0,0,0,29,0,313
6706.0,29,0,0,0,29,0,313
6707.0,29,0,0,0,29,0,313
6708.0,29,0,0,0,29,0,313
6709.0,29,0,0,0,29,0,313
6710.0,29,0,0,0,29,0,313
6711.0,29,0,0,0,29,0,313
6712.0,29,0,0,0,29,0,313
6713.0,29,0,0,0,29,0,313
6714.0,29,0,0,0,29,0,313
6715.0,29,0,0,0,29,0,313
6716.0,29,0,0,0,29,0,313
6717.0,29,0,0,0,29,0,313
6718.0,29,0,0,0,29,0,313
6719.0,29,0,0,0,29,0,313
6720.0,29,0,0,0,29,0,313
6721.0,29,0,0,0,29,0,313
6722.0,29,0,0,0,29,0,313
6723.0,29,0,0,0,29,0,313
6724.0,29,0,0,0,29,0,313
6725.0,29,0,0,0,29,0,313
6726.0,29,0,0,0,29,0,313
6727.0,29,0,0,0,29,0,313
6728.0,29,0,0,0,29,0,313
6729.0,29,0,0,0,29,0,313
6730.0,29,0,0,0,29,0,313
6731.0,29,0,0,0,29,0,313
6732.0,29,0,0,0,29,0,313
6733.0,29,0,0,0,29,0,313
6734.0,29,0,0,0,29,0,313
6735.0,29,0,0,0,29,0,313
6736.0,29,0,0,0,29,0,313
6737.0,29,0,0,0,29,0,313
6738.0,29,0,0,0,29,0,313
6739.0,29,0,0,0,29,0,313
6740.0,29,0,0,0,29,0,313
6741.0,29,0,0,0,29,0,313
6742.0,29,0,0,0,29,0,313
6743.0,29,0,0,0,29,0,313
6744.0,29,0,0,0,29,0,313
6745.0,29,0,0,0,29,0,313
6746.0,29,0,0,0,29,0,313
6747.0,29,0,0,0,29,0,313
6748.0,29,0,0,0,29,0,313
6749.0,29,0,0,0,29,0,313
6750.0,29,0,0,0,29,0,313
6751.0,29,0,0,0,29,0,313
6752.0,29,0,0,0,29,0,313
6753.0,29,0,0,0,29,0,313
6754.0,29,0,0,0,29,0,313
6755.0,29,0,0,0,29,0,313
6756.0,29,0,0,0,29,0,313
6757.0,29,0,0,0,29,0,313
6758.0,29,0,0,0,29,0,313
6759.0,29,0,0,0,29,0,313
6760.0,29,0,0,0,29,0,313
6761.0,29,0,0,0,29,0,313
6762.0,29,0,0,0,29,0,313
6763.0,29,0,0,0,29,0,313
6764.0,29,0,0,0,29,0,313
6765.0,29,0,0,0,29,0,313
6766.0,29,0,0,0,29,0,313
6767.0,29,0,0,0,29,0,313
6768.0,29,0,0,0,29,0,313
6769.0,29,0,0,0,29,0,313
6770.0,29,0,0,0,29,0,313
6771.0,29,0,0,0,29,0,313
6772.0,29,0,0,0,29,0,313
6773.0,29,0,0,0,29,0,313
6774.0,29,0,0,0,29,0,313
6775.0,29,0,0,0,29,0,313
6776.0,29,0,0,0,29,0,313
6777.0,29,0,0,0,29,0,313
6778.0,29,0,0,0,29,0,313
6779.0,29,0,0,0,29,0,313
6780.0,29,0,0,0,29,0,313
6781.0,29,0,0,0,29,0,313
6782.0,29,0,0,0,29,0,313
6783.0,29,0,0,0,29,0,313
6784.0,29,0,0,0,29,0,313
6785.0,29,0,0,0,29,0,313
6786.0,29,0,0,0,29,0,313
6787.0,29,0,0,0,29,0,313
6788.0,29,0,0,0,29,0,313
6789.0,29,0,0,0,29,0,313
6790.0,29,0,0,0,29,0,313
6791.0,29,0,0,0,29,0,313
6792.0,29,0,0,0,29,0,313
6793.0,29,0,0,0,29,0,313
6794.0,29,0,0,0,29,0,313
6795.0,29,0,0,0,29,0,313
6796.0,29,0,0,0,29,0,313
6797.0,29,0,0,0,29,0,313
6798.0,29,0,0,0,29,0,313
6799.0,29,0,0,0,29,0,313
6800.0,29,0,0,0,29,0,313
6801.0,29,0,0,0,29,0,313
6802.0,29,0,0,0,29,0,313
6803.0,29,0,0,0,29,0,313
6804.0,29,0,0,0,29,0,313
6805.0,29,0,0,0,29,0,313
6806.0,29,0,0,0,29,0,313
6807.0,29,0,0,0,29,0,313
6808.0,29,0,0,0,29,0,313
6809.0,29,0,0,0,29,0,313
6810.0,29,0,0,0,29,0,313
6811.0,29,0,0,0,29,0,313
6812.0,29,0,0,0,29,0,313
6813.0,29,0,0,0,29,0,313
6814.0,29,0,0,0,29,0,313
6815.0,29,0,0,0,29,0,313
6816.0,29,0,0,0,29,0,313
6817.0,29,0,0,0,29,0,313
6818.0,29,0,0,0,29,0,313
6819.0,29,0,0,0,29,0,313
6820.0,29,0,0,0,29,0,313
6821.0,29,0,0,0,29,0,313
6822.0,29,0,0,0,29,0,313
6823.0,29,0,0,0,29,0,313
6824.0,29,0,0,0,29,0,313
6825.0,29,0,0,0,29,0,313
6826.0,29,0,0,0,29,0,313
6827.0,29,0,0,0,29,0,313
6828.0,29,0,0,0,29,0,313
6829.0,29,0,0,0,29,0,313
6830.0,29,0,0,0,29,0,313
6831.0,29,0,0,0,29,0,313
6832.0,29,0,0,0,29,0,313
6833.0,29,0,0,0,29,0,313
6834.0,29,0,0,0,29,0,313
6835.0,29,0,0,0,29,0,313
6836.0,29,0,0,0,29,0,313
6837.0,29,0,0,0,29,0,313
6838.0,29,0,0,0,29,0,313
6839.0,29,0,0,0,29,0,313
6840.0,29,0,0,0,29,0,313
6841.0,29,0,0,0,29,0,313
6842.0,29,0,0,0,29,0,313
6843.0,29,0,0,0,29,0,313
6844.0,29,0,0,0,29,0,313
6845.0,29,0,0,0,29,0,313
6846.0,29,0,0,0,29,0,313
6847.0,29,0,0,0,29,0,313
6848.0,29,0,0,0,29,0,313
6849.0,29,0,0,0,29,0,313
6850.0,29,0,0,0,29,0,313
6851.0,29,0,0,0,29,0,313
6852.0,29,0,0,0,29,0,313
6853.0,29,0,0,0,29,0,313
6854.0,29,0,0,0,29,0,313
6855.0,29,0,0,0,29,0,313
6856.0,29,0,0,0,29,0,313
6857.0,29,0,0,0,29,0,313
6858.0,29,0,0,0,29,0,313
6859.0,29,0,0,0,29,0,313
6860.0,29,0,0,0,29,0,313
6861.0,29,0,0,0,29,0,313
6862.0,29,0,0,0,29,0,313
6863.0,29,0,0,0,29,0,313
6864.0,29,0,0,0,29,0,313
6865.0,29,0,0,0,29,0,313
6866.0,29,0,0,0,29,0,313
6867.0,29,0,0,0,29,0,313
6868.0,29,0,0,0,29,0,313
6869.0,29,0,0,0,29,0,313
6870.0,29,0,0,0,29,0,313
6871.0,29,0,0,0,29,0,313
6872.0,29,0,0,0,29,0,313
6873.0,29,0,0,0,29,0,313
6874.0,29,0,0,0,29,0,313
6875.0,29,0,0,0,29,0,313
6876.0,29,0,0,0,29,0,313
6877.0,29,0,0,0,29,0,313
6878.0,29,0,0,0,29,0,313
6879.0,29,0,0,0,29,0,313
6880.0,29,0,0,0,29,0,313
6881.0,29,0,0,0,29,0,313
6882.0,29,0,0,0,29,0,313
6883.0,29,0,0,0,29,0,313
6884.0,29,0,0,0,29,0,313
6885.0,29,0,0,0,29,0,313
6886.0,29,0,0,0,29,0,313
6887.0,29,0,0,0,29,0,313
6888.0,29,0,0,0,29,0,313
6889.0,29,0,0,0,29,0,313
6890.0,29,0,0,0,29,0,313
6891.0,29,0,0,0,29,0,313
6892.0,29,0,0,0,29,0,313
6893.0,29,0,0,0,29,0,313
6894.0,29,0,0,0,29,0,313
6895.0,29,0,0,0,29,0,313
6896.0,29,0,0,0,29,0,313
6897.0,29,0,0,0,29,0,313
6898.0,29,0,0,0,29,0,313
6899.0,29,0,0,0,29,0,313
6900.0,29,0,0,0,29,0,313
6901.0,29,0,0,0,29,0,313
6902.0,29,0,0,0,29,0,313
6903.0,29,0,0,0,29,0,313
6904.0,29,0,0,0,29,0,313
6905.0,29,0,0,0,29,0,313
6906.0,29,0,0,0,29,0,313
6907.0,29,0,0,0,29,0,313
6908.0,29,0,0,0,29,0,313
6909.0,29,0,0,0,29,0,313
6910.0,29,0,0,0,29,0,313
6911.0,29,0,0,0,29,0,313
6912.0,29,0,0,0,29,0,313
6913.0,29,0,0,0,29,0,313
6914.0,29,0,0,0,29,0,313
6915.0,29,0,0,0,29,0,313
6916.0,29,0,0,0,29,0,313
6917.0,29,0,0,0,29,0,313
6918.0,29,0,0,0,29,0,313
6919.0,29,0,0,0,29,0,313
6920.0,29,0,0,0,29,0,313
6921.0,29,0,0,0,29,0,313
6922.0,29,0,0,0,29,0,313
6923.0,29,0,0,0,29,0,313
6924.0,29,0,0,0,29,0,313
6925.0,29,0,0,0,29,0,313
6926.0,29,0,0,0,29,0,313
6927.0,29,0,0,0,29,0,313
6928.0,29,0,0,0,29,0,313
6929.0,29,0,0,0,29,0,313
6930.0,29,0,0,0,29,0,313
6931.0,29,0,0,0,29,0,313
6932.0,29,0,0,0,29,0,313
6933.0,29,0,0,0,29,0,313
6934.0,29,0,0,0,29,0,313
6935.0,29,0,0,0,29,0,313
6936.0,29,0,0,0,29,0,313
6937.0,29,0,0,0,29,0,313
6938.0,29,0,0,0,29,0,313
6939.0,29,0,0,0,29,0,313
6940.0,29,0,0,0,29,0,313
6941.0,29,0,0,0,29,0,313
6942.0,29,0,0,0,29,0,313
6943.0,29,0,0,0,29,0,313
6944.0,29,0,0,0,29,0,313
6945.0,29,0,0,0,29,0,313
6946.0,29,0,0,0,29,0,313
6947.0,29,0,0,0,29,0,313
6948.0,29,0,0,0,29,0,313
6949.0,29,0,0,0,29,0,313
6950.0,29,0,0,0,29,0,313
6951.0,29,0,0,0,29,0,313
6952.0,29,0,0,0,29,0,313
6953.0,29,0,0,0,29,0,313
6954.0,29,0,0,0,29,0,313
6955.0,29,0,0,0,29,0,313
6956.0,29,0,0,0,29,0,313
6957.0,29,0,0,0,29,0,313
6958.0,29,0,0,0,29,0,313
6959.0,29,0,0,0,29,0,313
6960.0,29,0,0,0,29,0,313
6961.0,29,0,0,0,29,0,313
6962.0,29,0,0,0,29,0,313
6963.0,29,0,0,0,29,0,313
6964.0,29,0,0,0,29,0,313
6965.0,29,0,0,0,29,0,313
6966.0,29,0,0,0,29,0,313
6967.0,29,0,0,0,29,0,313
6968.0,29,0,0,0,29,0,313
6969.0,29,0,0,0,29,0,313
6970.0,29,0,0,0,29,0,313
6971.0,29,0,0,0,29,0,313
6972.0,29,0,0,0,29,0,313
6973.0,29,0,0,0,29,0,313
6974.0,29,0,0,0,29,0,313
6975.0,29,0,0,0,29,0,313
6976.0,29,0,0,0,29,0,313
6977.0,29,0,0,0,29,0,313
6978.0,29,0,0,0,29,0,313
6979.0,29,0,0,0,29,0,313
6980.0,29,0,0,0,29,0,313
6981.0,29,0,0,0,29,0,313
6982.0,29,0,0,0,29,0,313
6983.0,29,0,0,0,29,0,313
6984.0,29,0,0,0,29,0,313
6985.0,29,0,0,0,29,0,313
6986.0,29,0,0,0,29,0,313
6987.0,29,0,0,0,29,0,313
6988.0,29,0,0,0,29,0,313
6989.0,29,0,0,0,29,0,313
6990.0,29,0,0,0,29,0,313
6991.0,29,0,0,0,29,0,313
6992.0,29,0,0,0,29,0,313
6993.0,29,0,0,0,29,0,313
6994.0,29,0,0,0,29,0,313
6995.0,29,0,0,0,29,0,313
6996.0,29,0,0,0,29,0,313
6997.0,29,0,0,0,29,0,313
6998.0,29,0,0,0,29,0,313
6999.0,29,0,0,0,29,0,313
7000.0,29,0,0,0,29,0,313
7001.0,29,0,0,0,29,0,313
7002.0,29,0,0,0,29,0,313
7003.0,29,0,0,0,29,0,313
7004.0,29,0,0,0,29,0,313
7005.0,29,0,0,0,29,0,313
7006.0,29,0,0,0,29,0,313
7007.0,29,0,0,0,29,0,313
7008.0,29,0,0,0,29,0,313
7009.0,29,0,0,0,29,0,313
7010.0,29,0,0,0,29,0,313
7011.0,29,0,0,0,29,0,313
7012.0,29,0,0,0,29,0,313
7013.0,29,0,0,0,29,0,313
7014.0,29,0,0,0,29,0,313
7015.0,29,0,0,0,29,0,313
7016.0,29,0,0,0,29,0,313
7017.0,29,0,0,0,29,0,313
7018.0,29,0,0,0,29,0,313
7019.0,29,0,0,0,29,0,313
7020.0,29,0,0,0,29,0,313
7021.0,29,0,0,0,29,0,313
7022.0,29,0,0,0,29,0,313
7023.0,29,0,0,0,29,0,313
7024.0,29,0,0,0,29,0,313
7025.0,29,0,0,0,29,0,313
7026.0,29,0,0,0,29,0,313
7027.0,29,0,0,0,29,0,313
7028.0,29,0,0,0,29,0,313
7029.0,29,0,0,0,29,0,313
7030.0,29,0,0,0,29,0,313
7031.0,29,0,0,0,29,0,313
7032.0,29,0,0,0,29,0,313
7033.0,29,0,0,0,29,0,313
7034.0,29,0,0,0,29,0,313
7035.0,29,0,0,0,29,0,313
7036.0,29,0,0,0,29,0,313
7037.0,29,0,0,0,29,0,313
7038.0,29,0,0,0,29,0,313
7039.0,29,0,0,0,29,0,313
7040.0,29,0,0,0,29,0,313
7041.0,29,0,0,0,29,0,313
7042.0,29,0,0,0,29,0,313
7043.0,29,0,0,0,29,0,313
7044.0,29,0,0,0,29,0,313
7045.0,29,0,0,0,29,0,313
7046.0,29,0,0,0,29,0,313
7047.0,29,0,0,0,29,0,313
7048.0,29,0,0,0,29,0,313
7049.0,29,0,0,0,29,0,313
7050.0,29,0,0,0,29,0,313
7051.0,29,0,0,0,29,0,313
7052.0,29,0,0,0,29,0,313
7053.0,29,0,0,0,29,0,313
7054.0,29,0,0,0,29,0,313
7055.0,29,0,0,0,29,0,313
7056.0,29,0,0,0,29,0,313
7057.0,29,0,0,0,29,0,313
7058.0,29,0,0,0,29,0,313
7059.0,29,0,0,0,29,0,313
7060.0,29,0,0,0,29,0,313
7061.0,29,0,0,0,29,0,313
7062.0,29,0,0,0,29,0,313
7063.0,29,0,0,0,29,0,313
7064.0,29,0,0,0,29,0,313
7065.0,29,0,0,0,29,0,313
7066.0,29,0,0,0,29,0,313
7067.0,29,0,0,0,29,0,313
7068.0,29,0,0,0,29,0,313
7069.0,29,0,0,0,29,0,313
7070.0,29,0,0,0,29,0,313
7071.0,29,0,0,0,29,0,313
7072.0,29,0,0,0,29,0,313
7073.0,29,0,0,0,29,0,313
7074.0,29,0,0,0,29,0,313
7075.0,29,0,0,0,29,0,313
7076.0,29,0,0,0,29,0,313
7077.0,29,0,0,0,29,0,313
7078.0,29,0,0,0,29,0,313
7079.0,29,0,0,0,29,0,313
7080.0,29,0,0,0,29,0,313
7081.0,29,0,0,0,29,0,313
7082.0,29,0,0,0,29,0,313
7083.0,29,0,0,0,29,0,313
7084.0,29,0,0,0,29,0,313
7085.0,29,0,0,0,29,0,313
7086.0,29,0,0,0,29,0,313
7087.0,29,0,0,0,29,0,313
7088.0,29,0,0,0,29,0,313
7089.0,29,0,0,0,29,0,313
7090.0,29,0,0,0,29,0,313
7091.0,29,0,0,0,29,0,313
7092.0,29,0,0,0,29,0,313
7093.0,29,0,0,0,29,0,313
7094.0,29,0,0,0,29,0,313
7095.0,29,0,0,0,29,0,313
7096.0,29,0,0,0,29,0,313
7097.0,29,0,0,0,29,0,313
7098.0,29,0,0,0,29,0,313
7099.0,29,0,0,0,29,0,313
7100.0,29,0,0,0,29,0,313
7101.0,29,0,0,0,29,0,313
7102.0,29,0,0,0,29,0,313
7103.0,29,0,0,0,29,0,313
7104.0,29,0,0,0,29,0,313
7105.0,29,0,0,0,29,0,313
7106.0,29,0,0,0,29,0,313
7107.0,29,0,0,0,29,0,313
7108.0,29,0,0,0,29,0,313
7109.0,29,0,0,0,29,0,313
7110.0,29,0,0,0,29,0,313
7111.0,29,0,0,0,29,0,313
7112.0,29,0,0,0,29,0,313
7113.0,29,0,0,0,29,0,313
7114.0,29,0,0,0,29,0,313
7115.0,29,0,0,0,29,0,313
7116.0,29,0,0,0,29,0,313
7117.0,29,0,0,0,29,0,313
7118.0,29,0,0,0,29,0,313
7119.0,29,0,0,0,29,0,313
7120.0,29,0,0,0,29,0,313
7121.0,29,0,0,0,29,0,313
7122.0,29,0,0,0,29,0,313
7123.0,29,0,0,0,29,0,313
7124.0,29,0,0,0,29,0,313
7125.0,29,0,0,0,29,0,313
7126.0,29,0,0,0,29,0,313
7127.0,29,0,0,0,29,0,313
7128.0,29,0,0,0,29,0,313
7129.0,29,0,0,0,29,0,313
7130.0,29,0,0,0,29,0,313
7131.0,29,0,0,0,29,0,313
7132.0,29,0,0,0,29,0,313
7133.0,29,0,0,0,29,0,313
7134.0,29,0,0,0,29,0,313
7135.0,29,0,0,0,29,0,313
7136.0,29,0,0,0,29,0,313
7137.0,29,0,0,0,29,0,313
7138.0,29,0,0,0,29,0,313
7139.0,29,0,0,0,29,0,313
7140.0,29,0,0,0,29,0,313
7141.0,29,0,0,0,29,0,313
7142.0,29,0,0,0,29,0,313
7143.0,29,0,0,0,29,0,313
7144.0,29,0,0,0,29,0,313
7145.0,29,0,0,0,29,0,313
7146.0,29,0,0,0,29,0,313
7147.0,29,0,0,0,29,0,313
7148.0,29,0,0,0,29,0,313
7149.0,29,0,0,0,29,0,313
7150.0,29,0,0,0,29,0,313
7151.0,29,0,0,0,29,0,313
7152.0,29,0,0,0,29,0,313
7153.0,29,0,0,0,29,0,313
7154.0,29,0,0,0,29,0,313
7155.0,29,0,0,0,29,0,313
7156.0,29,0,0,0,29,0,313
7157.0,29,0,0,0,29,0,313
7158.0,29,0,0,0,29,0,313
7159.0,29,0,0,0,29,0,313
7160.0,29,0,0,0,29,0,313
7161.0,29,0,0,0,29,0,313
7162.0,29,0,0,0,29,0,313
7163.0,29,0,0,0,29,0,313
7164.0,29,0,0,0,29,0,313
7165.0,29,0,0,0,29,0,313
7166.0,29,0,0,0,29,0,313
7167.0,29,0,0,0,29,0,313
7168.0,29,0,0,0,29,0,313
7169.0,29,0,0,0,29,0,313
7170.0,29,0,0,0,29,0,313
7171.0,29,0,0,0,29,0,313
7172.0,29,0,0,0,29,0,313
7173.0,29,0,0,0,29,0,313
7174.0,29,0,0,0,29,0,313
7175.0,29,0,0,0,29,0,313
7176.0,29,0,0,0,29,0,313
7177.0,29,0,0,0,29,0,313
7178.0,29,0,0,0,29,0,313
7179.0,29,0,0,0,29,0,313
7180.0,29,0,0,0,29,0,313
7181.0,29,0,0,0,29,0,313
7182.0,29,0,0,0,29,0,313
7183.0,29,0,0,0,29,0,313
7184.0,29,0,0,0,29,0,313
7185.0,29,0,0,0,29,0,313
7186.0,29,0,0,0,29,0,313
7187.0,29,0,0,0,29,0,313
7188.0,29,0,0,0,29,0,313
7189.0,29,0,0,0,29,0,313
7190.0,29,0,0,0,29,0,313
7191.0,29,0,0,0,29,0,313
7192.0,29,0,0,0,29,0,313
7193.0,29,0,0,0,29,0,313
7194.0,29,0,0,0,29,0,313
7195.0,29,0,0,0,29,0,313
7196.0,29,0,0,0,29,0,313
7197.0,29,0,0,0,29,0,313
7198.0,29,0,0,0,29,0,313
7199.0,29,0,0,0,29,0,313
7200.0,29,0,0,0,29,0,313
7201.0,29,0,0,0,29,0,313
7202.0,29,0,0,0,29,0,313
7203.0,29,0,0,0,29,0,313
7204.0,29,0,0,0,29,0,313
7205.0,29,0,0,0,29,0,313
7206.0,29,0,0,0,29,0,313
7207.0,29,0,0,0,29,0,313
7208.0,29,0,0,0,29,0,313
7209.0,29,0,0,0,29,0,313
7210.0,29,0,0,0,29,0,313
7211.0,29,0,0,0,29,0,313
7212.0,29,0,0,0,29,0,313
7213.0,29,0,0,0,29,0,313
7214.0,29,0,0,0,29,0,313
7215.0,29,0,0,0,29,0,313
7216.0,29,0,0,0,29,0,313
7217.0,29,0,0,0,29,0,313
7218.0,29,0,0,0,29,0,313
7219.0,29,0,0,0,29,0,313
7220.0,29,0,0,0,29,0,313
7221.0,29,0,0,0,29,0,313
7222.0,29,0,0,0,29,0,313
7223.0,29,0,0,0,29,0,313
7224.0,29,0,0,0,29,0,313
7225.0,29,0,0,0,29,0,313
7226.0,29,0,0,0,29,0,313
7227.0,29,0,0,0,29,0,313
7228.0,29,0,0,0,29,0,313
7229.0,29,0,0,0,29,0,313
7230.0,29,0,0,0,29,0,313
7231.0,29,0,0,0,29,0,313
7232.0,29,0,0,0,29,0,313
7233.0,29,0,0,0,29,0,313
7234.0,29,0,0,0,29,0,313
7235.0,29,0,0,0,29,0,313
7236.0,29,0,0,0,29,0,313
7237.0,29,0,0,0,29,0,313
7238.0,29,0,0,0,29,0,313
7239.0,29,0,0,0,29,0,313
7240.0,29,0,0,0,29,0,313
7241.0,29,0,0,0,29,0,313
7242.0,29,0,0,0,29,0,313
7243.0,29,0,0,0,29,0,313
7244.0,29,0,0,0,29,0,313
7245.0,29,0,0,0,29,0,313
7246.0,29,0,0,0,29,0,313
7247.0,29,0,0,0,29,0,313
7248.0,29,0,0,0,29,0,313
7249.0,29,0,0,0,29,0,313
7250.0,29,0,0,0,29,0,313
7251.0,29,0,0,0,29,0,313
7252.0,29,0,0,0,29,0,313
7253.0,29,0,0,0,29,0,313
7254.0,29,0,0,0,29,0,313
7255.0,29,0,0,0,29,0,313
7256.0,29,0,0,0,29,0,313
7257.0,29,0,0,0,29,0,313
7258.0,29,0,0,0,29,0,313
7259.0,29,0,0,0,29,0,313
7260.0,29,0,0,0,29,0,313
7261.0,29,0,0,0,29,0,313
7262.0,29,0,0,0,29,0,313
7263.0,29,0,0,0,29,0,313
7264.0,29,0,0,0,29,0,313
7265.0,29,0,0,0,29,0,313
7266.0,29,0,0,0,29,0,313
7267.0,29,0,0,0,29,0,313
7268.0,29,0,0,0,29,0,313
7269.0,29,0,0,0,29,0,313
7270.0,29,0,0,0,29,0,313
7271.0,29,0,0,0,29,0,313
7272.0,29,0,0,0,29,0,313
7273.0,29,0,0,0,29,0,313
7274.0,29,0,0,0,29,0,313
7275.0,29,0,0,0,29,0,313
7276.0,29,0,0,0,29,0,313
7277.0,29,0,0,0,29,0,313
7278.0,29,0,0,0,29,0,313
7279.0,29,0,0,0,29,0,313
7280.0,29,0,0,0,29,0,313
7281.0,29,0,0,0,29,0,313
7282.0,29,0,0,0,29,0,313
7283.0,29,0,0,0,29,0,313
7284.0,29,0,0,0,29,0,313
7285.0,29,0,0,0,29,0,313
7286.0,29,0,0,0,29,0,313
7287.0,29,0,0,0,29,0,313
7288.0,29,0,0,0,29,0,313
7289.0,29,0,0,0,29,0,313
7290.0,29,0,0,0,29,0,313
7291.0,29,0,0,0,29,0,313
7292.0,29,0,0,0,29,0,313
7293.0,29,0,0,0,29,0,313
7294.0,29,0,0,0,29,0,313
7295.0,29,0,0,0,29,0,313
7296.0,29,0,0,0,29,0,313
7297.0,29,0,0,0,29,0,313
7298.0,29,0,0,0,29,0,313
7299.0,29,0,0,0,29,0,313
7300.0,29,0,0,0,29,0,313
7301.0,29,0,0,0,29,0,313
7302.0,29,0,0,0,29,0,313
7303.0,29,0,0,0,29,0,313
7304.0,29,0,0,0,29,0,313
7305.0,29,0,0,0,29,0,313
7306.0,29,0,0,0,29,0,313
7307.0,29,0,0,0,29,0,313
7308.0,29,0,0,0,29,0,313
7309.0,29,0,0,0,29,0,313
7310.0,29,0,0,0,29,0,313
7311.0,29,0,0,0,29,0,313
7312.0,29,0,0,0,29,0,313
7313.0,29,0,0,0,29,0,313
7314.0,29,0,0,0,29,0,313
7315.0,29,0,0,0,29,0,313
7316.0,29,0,0,0,29,0,313
7317.0,29,0,0,0,29,0,313
7318.0,29,0,0,0,29,0,313
7319.0,29,0,0,0,29,0,313
7320.0,29,0,0,0,29,0,313
7321.0,29,0,0,0,29,0,313
7322.0,29,0,0,0,29,0,313
7323.0,29,0,0,0,29,0,313
7324.0,29,0,0,0,29,0,313
7325.0,29,0,0,0,29,0,313
7326.0,29,0,0,0,29,0,313
7327.0,29,0,0,0,29,0,313
7328.0,29,0,0,0,29,0,313
7329.0,29,0,0,0,29,0,313
7330.0,29,0,0,0,29,0,313
7331.0,29,0,0,0,29,0,313
7332.0,29,0,0,0,29,0,313
7333.0,29,0,0,0,29,0,313
7334.0,29,0,0,0,29,0,313
7335.0,29,0,0,0,29,0,313
7336.0,29,0,0,0,29,0,313
7337.0,29,0,0,0,29,0,313
7338.0,29,0,0,0,29,0,313
7339.0,29,0,0,0,29,0,313
7340.0,29,0,0,0,29,0,313
7341.0,29,0,0,0,29,0,313
7342.0,29,0,0,0,29,0,313
7343.0,29,0,0,0,29,0,313
7344.0,29,0,0,0,29,0,313
7345.0,29,0,0,0,29,0,313
7346.0,29,0,0,0,29,0,313
7347.0,29,0,0,0,29,0,313
7348.0,29,0,0,0,29,0,313
7349.0,29,0,0,0,29,0,313
7350.0,29,0,0,0,29,0,313
7351.0,29,0,0,0,29,0,313
7352.0,29,0,0,0,29,0,313
7353.0,29,0,0,0,29,0,313
7354.0,29,0,0,0,29,0,313
7355.0,29,0,0,0,29,0,313
7356.0,29,0,0,0,29,0,313
7357.0,29,0,0,0,29,0,313
7358.0,29,0,0,0,29,0,313
7359.0,29,0,0,0,29,0,313
7360.0,29,0,0,0,29,0,313
7361.0,29,0,0,0,29,0,313
7362.0,29,0,0,0,29,0,313
7363.0,29,0,0,0,29,0,313
7364.0,29,0,0,0,29,0,313
7365.0,29,0,0,0,29,0,313
7366.0,29,0,0,0,29,0,313
7367.0,29,0,0,0,29,0,313
7368.0,29,0,0,0,29,0,313
7369.0,29,0,0,0,29,0,313
7370.0,29,0,0,0,29,0,313
7371.0,29,0,0,0,29,0,313
7372.0,29,0,0,0,29,0,313
7373.0,29,0,0,0,29,0,313
7374.0,29,0,0,0,29,0,313
7375.0,29,0,0,0,29,0,313
7376.0,29,0,0,0,29,0,313
7377.0,29,0,0,0,29,0,313
7378.0,29,0,0,0,29,0,313
7379.0,29,0,0,0,29,0,313
7380.0,29,0,0,0,29,0,313
7381.0,29,0,0,0,29,0,313
7382.0,29,0,0,0,29,0,313
7383.0,29,0,0,0,29,0,313
7384.0,29,0,0,0,29,0,313
7385.0,29,0,0,0,29,0,313
7386.0,29,0,0,0,29,0,313
7387.0,29,0,0,0,29,0,313
7388.0,29,0,0,0,29,0,313
7389.0,29,0,0,0,29,0,313
7390.0,29,0,0,0,29,0,313
7391.0,29,0,0,0,29,0,313
7392.0,29,0,0,0,29,0,313
7393.0,29,0,0,0,29,0,313
7394.0,29,0,0,0,29,0,313
7395.0,29,0,0,0,29,0,313
7396.0,29,0,0,0,29,0,313
7397.0,29,0,0,0,29,0,313
7398.0,29,0,0,0,29,0,313
7399.0,29,0,0,0,29,0,313
7400.0,29,0,0,0,29,0,313
7401.0,29,0,0,0,29,0,313
7402.0,29,0,0,0,29,0,313
7403.0,29,0,0,0,29,0,313
7404.0,29,0,0,0,29,0,313
7405.0,29,0,0,0,29,0,313
7406.0,29,0,0,0,29,0,313
7407.0,29,0,0,0,29,0,313
7408.0,29,0,0,0,29,0,313
7409.0,29,0,0,0,29,0,313
7410.0,29,0,0,0,29,0,313
7411.0,29,0,0,0,29,0,313
7412.0,29,0,0,0,29,0,313
7413.0,29,0,0,0,29,0,313
7414.0,29,0,0,0,29,0,313
7415.0,29,0,0,0,29,0,313
7416.0,29,0,0,0,29,0,313
7417.0,29,0,0,0,29,0,313
7418.0,29,0,0,0,29,0,313
7419.0,29,0,0,0,29,0,313
7420.0,29,0,0,0,29,0,313
7421.0,29,0,0,0,29,0,313
7422.0,29,0,0,0,29,0,313
7423.0,29,0,0,0,29,0,313
7424.0,29,0,0,0,29,0,313
7425.0,29,0,0,0,29,0,313
7426.0,29,0,0,0,29,0,313
7427.0,29,0,0,0,29,0,313
7428.0,29,0,0,0,29,0,313
7429.0,29,0,0,0,29,0,313
7430.0,29,0,0,0,29,0,313
7431.0,29,0,0,0,29,0,313
7432.0,29,0,0,0,29,0,313
7433.0,29,0,0,0,29,0,313
7434.0,29,0,0,0,29,0,313
7435.0,29,0,0,0,29,0,313
7436.0,29,0,0,0,29,0,313
7437.0,29,0,0,0,29,0,313
7438.0,29,0,0,0,29,0,313
7439.0,29,0,0,0,29,0,313
7440.0,29,0,0,0,29,0,313
7441.0,29,0,0,0,29,0,313
7442.0,29,0,0,0,29,0,313
7443.0,29,0,0,0,29,0,313
7444.0,29,0,0,0,29,0,313
7445.0,29,0,0,0,29,0,313
7446.0,29,0,0,0,29,0,313
7447.0,29,0,0,0,29,0,313
7448.0,29,0,0,0,29,0,313
7449.0,29,0,0,0,29,0,313
7450.0,29,0,0,0,29,0,313
7451.0,29,0,0,0,29,0,313
7452.0,29,0,0,0,29,0,313
7453.0,29,0,0,0,29,0,313
7454.0,29,0,0,0,29,0,313
7455.0,29,0,0,0,29,0,313
7456.0,29,0,0,0,29,0,313
7457.0,29,0,0,0,29,0,313
7458.0,29,0,0,0,29,0,313
7459.0,29,0,0,0,29,0,313
7460.0,29,0,0,0,29,0,313
7461.0,29,0,0,0,29,0,313
7462.0,29,0,0,0,29,0,313
7463.0,29,0,0,0,29,0,313
7464.0,29,0,0,0,29,0,313
7465.0,29,0,0,0,29,0,313
7466.0,29,0,0,0,29,0,313
7467.0,29,0,0,0,29,0,313
7468.0,29,0,0,0,29,0,313
7469.0,29,0,0,0,29,0,313
7470.0,29,0,0,0,29,0,313
7471.0,29,0,0,0,29,0,313
7472.0,29,0,0,0,29,0,313
7473.0,29,0,0,0,29,0,313
7474.0,29,0,0,0,29,0,313
7475.0,29,0,0,0,29,0,313
7476.0,29,0,0,0,29,0,313
7477.0,29,0,0,0,29,0,313
7478.0,29,0,0,0,29,0,313
7479.0,29,0,0,0,29,0,313
7480.0,29,0,0,0,29,0,313
7481.0,29,0,0,0,29,0,313
7482.0,29,0,0,0,29,0,313
7483.0,29,0,0,0,29,0,313
7484.0,29,0,0,0,29,0,313
7485.0,29,0,0,0,29,0,313
7486.0,29,0,0,0,29,0,313
7487.0,29,0,0,0,29,0,313
7488.0,29,0,0,0,29,0,313
7489.0,29,0,0,0,29,0,313
7490.0,29,0,0,0,29,0,313
7491.0,29,0,0,0,29,0,313
7492.0,29,0,0,0,29,0,313
7493.0,29,0,0,0,29,0,313
7494.0,29,0,0,0,29,0,313
7495.0,29,0,0,0,29,0,313
7496.0,29,0,0,0,29,0,313
7497.0,29,0,0,0,29,0,313
7498.0,29,0,0,0,29,0,313
7499.0,29,0,0,0,29,0,313
7500.0,29,0,0,0,29,0,313
7501.0,29,0,0,0,29,0,313
7502.0,29,0,0,0,29,0,313
7503.0,29,0,0,0,29,0,313
7504.0,29,0,0,0,29,0,313
7505.0,29,0,0,0,29,0,313
7506.0,29,0,0,0,29,0,313
7507.0,29,0,0,0,29,0,313
7508.0,29,0,0,0,29,0,313
7509.0,29,0,0,0,29,0,313
7510.0,29,0,0,0,29,0,313
7511.0,29,0,0,0,29,0,313
7512.0,29,0,0,0,29,0,313
7513.0,29,0,0,0,29,0,313
7514.0,29,0,0,0,29,0,313
7515.0,29,0,0,0,29,0,313
7516.0,29,0,0,0,29,0,313
7517.0,29,0,0,0,29,0,313
7518.0,29,0,0,0,29,0,313
7519.0,29,0,0,0,29,0,313
7520.0,29,0,0,0,29,0,313
7521.0,29,0,0,0,29,0,313
7522.0,29,0,0,0,29,0,313
7523.0,29,0,0,0,29,0,313
7524.0,29,0,0,0,29,0,313
7525.0,29,0,0,0,29,0,313
7526.0,29,0,0,0,29,0,313
7527.0,29,0,0,0,29,0,313
7528.0,29,0,0,0,29,0,313
7529.0,29,0,0,0,29,0,313
7530.0,29,0,0,0,29,0,313
7531.0,29,0,0,0,29,0,313
7532.0,29,0,0,0,29,0,313
7533.0,29,0,0,0,29,0,313
7534.0,29,0,0,0,29,0,313
7535.0,29,0,0,0,29,0,313
7536.0,29,0,0,0,29,0,313
7537.0,29,0,0,0,29,0,313
7538.0,29,0,0,0,29,0,313
7539.0,29,0,0,0,29,0,313
7540.0,29,0,0,0,29,0,313
7541.0,29,0,0,0,29,0,313
7542.0,29,0,0,0,29,0,313
7543.0,29,0,0,0,29,0,313
7544.0,29,0,0,0,29,0,313
7545.0,29,0,0,0,29,0,313
7546.0,29,0,0,0,29,0,313
7547.0,29,0,0,0,29,0,313
7548.0,29,0,0,0,29,0,313
7549.0,29,0,0,0,29,0,313
7550.0,29,0,0,0,29,0,313
7551.0,29,0,0,0,29,0,313
7552.0,29,0,0,0,29,0,313
7553.0,29,0,0,0,29,0,313
7554.0,29,0,0,0,29,0,313
7555.0,29,0,0,0,29,0,313
7556.0,29,0,0,0,29,0,313
7557.0,29,0,0,0,29,0,313
7558.0,29,0,0,0,29,0,313
7559.0,29,0,0,0,29,0,313
7560.0,29,0,0,0,29,0,313
7561.0,29,0,0,0,29,0,313
7562.0,29,0,0,0,29,0,313
7563.0,29,0,0,0,29,0,313
7564.0,29,0,0,0,29,0,313
7565.0,29,0,0,0,29,0,313
7566.0,29,0,0,0,29,0,313
7567.0,29,0,0,0,29,0,313
7568.0,29,0,0,0,29,0,313
7569.0,29,0,0,0,29,0,313
7570.0,29,0,0,0,29,0,313
7571.0,29,0,0,0,29,0,313
7572.0,29,0,0,0,29,0,313
7573.0,29,0,0,0,29,0,313
7574.0,29,0,0,0,29,0,313
7575.0,29,0,0,0,29,0,313
7576.0,29,0,0,0,29,0,313
7577.0,29,0,0,0,29,0,313
7578.0,29,0,0,0,29,0,313
7579.0,29,0,0,0,29,0,313
7580.0,29,0,0,0,29,0,313
7581.0,29,0,0,0,29,0,313
7582.0,29,0,0,0,29,0,313
7583.0,29,0,0,0,29,0,313
7584.0,29,0,0,0,29,0,313
7585.0,29,0,0,0,29,0,313
7586.0,29,0,0,0,29,0,313
7587.0,29,0,0,0,29,0,313
7588.0,29,0,0,0,29,0,313
7589.0,29,0,0,0,29,0,313
7590.0,29,0,0,0,29,0,313
7591.0,29,0,0,0,29,0,313
7592.0,29,0,0,0,29,0,313
7593.0,29,0,0,0,29,0,313
7594.0,29,0,0,0,29,0,313
7595.0,29,0,0,0,29,0,313
7596.0,29,0,0,0,29,0,313
7597.0,29,0,0,0,29,0,313
7598.0,29,0,0,0,29,0,313
7599.0,29,0,0,0,29,0,313
7600.0,29,0,0,0,29,0,313
7601.0,29,0,0,0,29,0,313
7602.0,29,0,0,0,29,0,313
7603.0,29,0,0,0,29,0,313
7604.0,29,0,0,0,29,0,313
7605.0,29,0,0,0,29,0,313
7606.0,29,0,0,0,29,0,313
7607.0,29,0,0,0,29,0,313
7608.0,29,0,0,0,29,0,313
7609.0,29,0,0,0,29,0,313
7610.0,29,0,0,0,29,0,313
7611.0,29,0,0,0,29,0,313
7612.0,29,0,0,0,29,0,313
7613.0,29,0,0,0,29,0,313
7614.0,29,0,0,0,29,0,313
7615.0,29,0,0,0,29,0,313
7616.0,29,0,0,0,29,0,313
7617.0,29,0,0,0,29,0,313
7618.0,29,0,0,0,29,0,313
7619.0,29,0,0,0,29,0,313
7620.0,29,0,0,0,29,0,313
7621.0,29,0,0,0,29,0,313
7622.0,29,0,0,0,29,0,313
7623.0,29,0,0,0,29,0,313
7624.0,29,0,0,0,29,0,313
7625.0,29,0,0,0,29,0,313
7626.0,29,0,0,0,29,0,313
7627.0,29,0,0,0,29,0,313
7628.0,29,0,0,0,29,0,313
7629.0,29,0,0,0,29,0,313
7630.0,29,0,0,0,29,0,313
7631.0,29,0,0,0,29,0,313
7632.0,29,0,0,0,29,0,313
7633.0,29,0,0,0,29,0,313
7634.0,29,0,0,0,29,0,313
7635.0,29,0,0,0,29,0,313
7636.0,29,0,0,0,29,0,313
7637.0,29,0,0,0,29,0,313
7638.0,29,0,0,0,29,0,313
7639.0,29,0,0,0,29,0,313
7640.0,29,0,0,0,29,0,313
7641.0,29,0,0,0,29,0,313
7642.0,29,0,0,0,29,0,313
7643.0,29,0,0,0,29,0,313
7644.0,29,0,0,0,29,0,313
7645.0,29,0,0,0,29,0,313
7646.0,29,0,0,0,29,0,313
7647.0,29,0,0,0,29,0,313
7648.0,29,0,0,0,29,0,313
7649.0,29,0,0,0,29,0,313
7650.0,29,0,0,0,29,0,313
7651.0,29,0,0,0,29,0,313
7652.0,29,0,0,0,29,0,313
7653.0,29,0,0,0,29,0,313
7654.0,29,0,0,0,29,0,313
7655.0,29,0,0,0,29,0,313
7656.0,29,0,0,0,29,0,313
7657.0,29,0,0,0,29,0,313
7658.0,29,0,0,0,29,0,313
7659.0,29,0,0,0,29,0,313
7660.0,29,0,0,0,29,0,313
7661.0,29,0,0,0,29,0,313
7662.0,29,0,0,0,29,0,313
7663.0,29,0,0,0,29,0,313
7664.0,29,0,0,0,29,0,313
7665.0,29,0,0,0,29,0,313
7666.0,29,0,0,0,29,0,313
7667.0,29,0,0,0,29,0,313
7668.0,29,0,0,0,29,0,313
7669.0,29,0,0,0,29,0,313
7670.0,29,0,0,0,29,0,313
7671.0,29,0,0,0,29,0,313
7672.0,29,0,0,0,29,0,313
7673.0,29,0,0,0,29,0,313
7674.0,29,0,0,0,29,0,313
7675.0,29,0,0,0,29,0,313
7676.0,29,0,0,0,29,0,313
7677.0,29,0,0,0,29,0,313
7678.0,29,0,0,0,29,0,313
7679.0,29,0,0,0,29,0,313
7680.0,29,0,0,0,29,0,313
7681.0,29,0,0,0,29,0,313
7682.0,29,0,0,0,29,0,313
7683.0,29,0,0,0,29,0,313
7684.0,29,0,0,0,29,0,313
7685.0,29,0,0,0,29,0,313
7686.0,29,0,0,0,29,0,313
7687.0,29,0,0,0,29,0,313
7688.0,29,0,0,0,29,0,313
7689.0,29,0,0,0,29,0,313
7690.0,29,0,0,0,29,0,313
7691.0,29,0,0,0,29,0,313
7692.0,29,0,0,0,29,0,313
7693.0,29,0,0,0,29,0,313
7694.0,29,0,0,0,29,0,313
7695.0,29,0,0,0,29,0,313
7696.0,29,0,0,0,29,0,313
7697.0,29,0,0,0,29,0,313
7698.0,29,0,0,0,29,0,313
7699.0,29,0,0,0,29,0,313
7700.0,29,0,0,0,29,0,313
7701.0,29,0,0,0,29,0,313
7702.0,29,0,0,0,29,0,313
7703.0,29,0,0,0,29,0,313
7704.0,29,0,0,0,29,0,313
7705.0,29,0,0,0,29,0,313
7706.0,29,0,0,0,29,0,313
7707.0,29,0,0,0,29,0,313
7708.0,29,0,0,0,29,0,313
7709.0,29,0,0,0,29,0,313
7710.0,29,0,0,0,29,0,313
7711.0,29,0,0,0,29,0,313
7712.0,29,0,0,0,29,0,313
7713.0,29,0,0,0,29,0,313
7714.0,29,0,0,0,29,0,313
7715.0,29,0,0,0,29,0,313
7716.0,29,0,0,0,29,0,313
7717.0,29,0,0,0,29,0,313
7718.0,29,0,0,0,29,0,313
7719.0,29,0,0,0,29,0,313
7720.0,29,0,0,0,29,0,313
7721.0,29,0,0,0,29,0,313
7722.0,29,0,0,0,29,0,313
7723.0,29,0,0,0,29,0,313
7724.0,29,0,0,0,29,0,313
7725.0,29,0,0,0,29,0,313
7726.0,29,0,0,0,29,0,313
7727.0,29,0,0,0,29,0,313
7728.0,29,0,0,0,29,0,313
7729.0,29,0,0,0,29,0,313
7730.0,29,0,0,0,29,0,313
7731.0,29,0,0,0,29,0,313
7732.0,29,0,0,0,29,0,313
7733.0,29,0,0,0,29,0,313
7734.0,29,0,0,0,29,0,313
7735.0,29,0,0,0,29,0,313
7736.0,29,0,0,0,29,0,313
7737.0,29,0,0,0,29,0,313
7738.0,29,0,0,0,29,0,313
7739.0,29,0,0,0,29,0,313
7740.0,29,0,0,0,29,0,313
7741.0,29,0,0,0,29,0,313
7742.0,29,0,0,0,29,0,313
7743.0,29,0,0,0,29,0,313
7744.0,29,0,0,0,29,0,313
7745.0,29,0,0,0,29,0,313
7746.0,29,0,0,0,29,0,313
7747.0,29,0,0,0,29,0,313
7748.0,29,0,0,0,29,0,313
7749.0,29,0,0,0,29,0,313
7750.0,29,0,0,0,29,0,313
7751.0,29,0,0,0,29,0,313
7752.0,29,0,0,0,29,0,313
7753.0,29,0,0,0,29,0,313
7754.0,29,0,0,0,29,0,313
7755.0,29,0,0,0,29,0,313
7756.0,29,0,0,0,29,0,313
7757.0,29,0,0,0,29,0,313
7758.0,29,0,0,0,29,0,313
7759.0,29,0,0,0,29,0,313
7760.0,29,0,0,0,29,0,313
7761.0,29,0,0,0,29,0,313
7762.0,29,0,0,0,29,0,313
7763.0,29,0,0,0,29,0,313
7764.0,29,0,0,0,29,0,313
7765.0,29,0,0,0,29,0,313
7766.0,29,0,0,0,29,0,313
7767.0,29,0,0,0,29,0,313
7768.0,29,0,0,0,29,0,313
7769.0,29,0,0,0,29,0,313
7770.0,29,0,0,0,29,0,313
7771.0,29,0,0,0,29,0,313
7772.0,29,0,0,0,29,0,313
7773.0,29,0,0,0,29,0,313
7774.0,29,0,0,0,29,0,313
7775.0,29,0,0,0,29,0,313
7776.0,29,0,0,0,29,0,313
7777.0,29,0,0,0,29,0,313
7778.0,29,0,0,0,29,0,313
7779.0,29,0,0,0,29,0,313
7780.0,29,0,0,0,29,0,313
7781.0,29,0,0,0,29,0,313
7782.0,29,0,0,0,29,0,313
7783.0,29,0,0,0,29,0,313
7784.0,29,0,0,0,29,0,313
7785.0,29,0,0,0,29,0,313
7786.0,29,0,0,0,29,0,313
7787.0,29,0,0,0,29,0,313
7788.0,29,0,0,0,29,0,313
7789.0,29,0,0,0,29,0,313
7790.0,29,0,0,0,29,0,313
7791.0,29,0,0,0,29,0,313
7792.0,29,0,0,0,29,0,313
7793.0,29,0,0,0,29,0,313
7794.0,29,0,0,0,29,0,313
7795.0,29,0,0,0,29,0,313
7796.0,29,0,0,0,29,0,313
7797.0,29,0,0,0,29,0,313
7798.0,29,0,0,0,29,0,313
7799.0,29,0,0,0,29,0,313
7800.0,29,0,0,0,29,0,313
7801.0,29,0,0,0,29,0,313
7802.0,29,0,0,0,29,0,313
7803.0,29,0,0,0,29,0,313
7804.0,29,0,0,0,29,0,313
7805.0,29,0,0,0,29,0,313
7806.0,29,0,0,0,29,0,313
7807.0,29,0,0,0,29,0,313
7808.0,29,0,0,0,29,0,313
7809.0,29,0,0,0,29,0,313
7810.0,29,0,0,0,29,0,313
7811.0,29,0,0,0,29,0,313
7812.0,29,0,0,0,29,0,313
7813.0,29,0,0,0,29,0,313
7814.0,29,0,0,0,29,0,313
7815.0,29,0,0,0,29,0,313
7816.0,29,0,0,0,29,0,313
7817.0,29,0,0,0,29,0,313
7818.0,29,0,0,0,29,0,313
7819.0,29,0,0,0,29,0,313
7820.0,29,0,0,0,29,0,313
7821.0,29,0,0,0,29,0,313
7822.0,29,0,0,0,29,0,313
7823.0,29,0,0,0,29,0,313
7824.0,29,0,0,0,29,0,313
7825.0,29,0,0,0,29,0,313
7826.0,29,0,0,0,29,0,313
7827.0,29,0,0,0,29,0,313
7828.0,29,0,0,0,29,0,313
7829.0,29,0,0,0,29,0,313
7830.0,29,0,0,0,29,0,313
7831.0,29,0,0,0,29,0,313
7832.0,29,0,0,0,29,0,313
7833.0,29,0,0,0,29,0,313
7834.0,29,0,0,0,29,0,313
7835.0,29,0,0,0,29,0,313
7836.0,29,0,0,0,29,0,313
7837.0,29,0,0,0,29,0,313
7838.0,29,0,0,0,29,0,313
7839.0,29,0,0,0,29,0,313
7840.0,29,0,0,0,29,0,313
7841.0,29,0,0,0,29,0,313
7842.0,29,0,0,0,29,0,313
7843.0,29,0,0,0,29,0,313
7844.0,29,0,0,0,29,0,313
7845.0,29,0,0,0,29,0,313
7846.0,29,0,0,0,29,0,313
7847.0,29,0,0,0,29,0,313
7848.0,29,0,0,0,29,0,313
7849.0,29,0,0,0,29,0,313
7850.0,29,0,0,0,29,0,313
7851.0,29,0,0,0,29,0,313
7852.0,29,0,0,0,29,0,313
7853.0,29,0,0,0,29,0,313
7854.0,29,0,0,0,29,0,313
7855.0,29,0,0,0,29,0,313
7856.0,29,0,0,0,29,0,313
7857.0,29,0,0,0,29,0,313
7858.0,29,0,0,0,29,0,313
7859.0,29,0,0,0,29,0,313
7860.0,29,0,0,0,29,0,313
7861.0,29,0,0,0,29,0,313
7862.0,29,0,0,0,29,0,313
7863.0,29,0,0,0,29,0,313
7864.0,29,0,0,0,29,0,313
7865.0,29,0,0,0,29,0,313
7866.0,29,0,0,0,29,0,313
7867.0,29,0,0,0,29,0,313
7868.0,29,0,0,0,29,0,313
7869.0,29,0,0,0,29,0,313
7870.0,29,0,0,0,29,0,313
7871.0,29,0,0,0,29,0,313
7872.0,29,0,0,0,29,0,313
7873.0,29,0,0,0,29,0,313
7874.0,29,0,0,0,29,0,313
7875.0,29,0,0,0,29,0,313
7876.0,29,0,0,0,29,0,313
7877.0,29,0,0,0,29,0,313
7878.0,29,0,0,0,29,0,313
7879.0,29,0,0,0,29,0,313
7880.0,29,0,0,0,29,0,313
7881.0,29,0,0,0,29,0,313
7882.0,29,0,0,0,29,0,313
7883.0,29,0,0,0,29,0,313
7884.0,29,0,0,0,29,0,313
7885.0,29,0,0,0,29,0,313
7886.0,29,0,0,0,29,0,313
7887.0,29,0,0,0,29,0,313
7888.0,29,0,0,0,29,0,313
7889.0,29,0,0,0,29,0,313
7890.0,29,0,0,0,29,0,313
7891.0,29,0,0,0,29,0,313
7892.0,29,0,0,0,29,0,313
7893.0,29,0,0,0,29,0,313
7894.0,29,0,0,0,29,0,313
7895.0,29,0,0,0,29,0,313
7896.0,29,0,0,0,29,0,313
7897.0,29,0,0,0,29,0,313
7898.0,29,0,0,0,29,0,313
7899.0,29,0,0,0,29,0,313
7900.0,29,0,0,0,29,0,313
7901.0,29,0,0,0,29,0,313
7902.0,29,0,0,0,29,0,313
7903.0,29,0,0,0,29,0,313
7904.0,29,0,0,0,29,0,313
7905.0,29,0,0,0,29,0,313
7906.0,29,0,0,0,29,0,313
7907.0,29,0,0,0,29,0,313
7908.0,29,0,0,0,29,0,313
7909.0,29,0,0,0,29,0,313
7910.0,29,0,0,0,29,0,313
7911.0,29,0,0,0,29,0,313
7912.0,29,0,0,0,29,0,313
7913.0,29,0,0,0,29,0,313
7914.0,29,0,0,0,29,0,313
7915.0,29,0,0,0,29,0,313
7916.0,29,0,0,0,29,0,313
7917.0,29,0,0,0,29,0,313
7918.0,29,0,0,0,29,0,313
7919.0,29,0,0,0,29,0,313
7920.0,29,0,0,0,29,0,313
7921.0,29,0,0,0,29,0,313
7922.0,29,0,0,0,29,0,313
7923.0,29,0,0,0,29,0,313
7924.0,29,0,0,0,29,0,313
7925.0,29,0,0,0,29,0,313
7926.0,29,0,0,0,29,0,313
7927.0,29,0,0,0,29,0,313
7928.0,29,0,0,0,29,0,313
7929.0,29,0,0,0,29,0,313
7930.0,29,0,0,0,29,0,313
7931.0,29,0,0,0,29,0,313
7932.0,29,0,0,0,29,0,313
7933.0,29,0,0,0,29,0,313
7934.0,29,0,0,0,29,0,313
7935.0,29,0,0,0,29,0,313
7936.0,29,0,0,0,29,0,313
7937.0,29,0,0,0,29,0,313
7938.0,29,0,0,0,29,0,313
7939.0,29,0,0,0,29,0,313
7940.0,29,0,0,0,29,0,313
7941.0,29,0,0,0,29,0,313
7942.0,29,0,0,0,29,0,313
7943.0,29,0,0,0,29,0,313
7944.0,29,0,0,0,29,0,313
7945.0,29,0,0,0,29,0,313
7946.0,29,0,0,0,29,0,313
7947.0,29,0,0,0,29,0,313
7948.0,29,0,0,0,29,0,313
7949.0,29,0,0,0,29,0,313
7950.0,29,0,0,0,29,0,313
7951.0,29,0,0,0,29,0,313
7952.0,29,0,0,0,29,0,313
7953.0,29,0,0,0,29,0,313
7954.0,29,0,0,0,29,0,313
7955.0,29,0,0,0,29,0,313
7956.0,29,0,0,0,29,0,313
7957.0,29,0,0,0,29,0,313
7958.0,29,0,0,0,29,0,313
7959.0,29,0,0,0,29,0,313
7960.0,29,0,0,0,29,0,313
7961.0,29,0,0,0,29,0,313
7962.0,29,0,0,0,29,0,313
7963.0,29,0,0,0,29,0,313
7964.0,29,0,0,0,29,0,313
7965.0,29,0,0,0,29,0,313
7966.0,29,0,0,0,29,0,313
7967.0,29,0,0,0,29,0,313
7968.0,29,0,0,0,29,0,313
7969.0,29,0,0,0,29,0,313
7970.0,29,0,0,0,29,0,313
7971.0,29,0,0,0,29,0,313
7972.0,29,0,0,0,29,0,313
7973.0,29,0,0,0,29,0,313
7974.0,29,0,0,0,29,0,313
7975.0,29,0,0,0,29,0,313
7976.0,29,0,0,0,29,0,313
7977.0,29,0,0,0,29,0,313
7978.0,29,0,0,0,29,0,313
7979.0,29,0,0,0,29,0,313
7980.0,29,0,0,0,29,0,313
7981.0,29,0,0,0,29,0,313
7982.0,29,0,0,0,29,0,313
7983.0,29,0,0,0,29,0,313
7984.0,29,0,0,0,29,0,313
7985.0,29,0,0,0,29,0,313
7986.0,29,0,0,0,29,0,313
7987.0,29,0,0,0,29,0,313
7988.0,29,0,0,0,29,0,313
7989.0,29,0,0,0,29,0,313
7990.0,29,0,0,0,29,0,313
7991.0,29,0,0,0,29,0,313
7992.0,29,0,0,0,29,0,313
7993.0,29,0,0,0,29,0,313
7994.0,29,0,0,0,29,0,313
7995.0,29,0,0,0,29,0,313
7996.0,29,0,0,0,29,0,313
7997.0,29,0,0,0,29,0,313
7998.0,29,0,0,0,29,0,313
7999.0,29,0,0,0,29,0,313
8000.0,29,0,0,0,29,0,313
8001.0,29,0,0,0,29,0,313
8002.0,29,0,0,0,29,0,313
8003.0,29,0,0,0,29,0,313
8004.0,29,0,0,0,29,0,313
8005.0,29,0,0,0,29,0,313
8006.0,29,0,0,0,29,0,313
8007.0,29,0,0,0,29,0,313
8008.0,29,0,0,0,29,0,313
8009.0,29,0,0,0,29,0,313
8010.0,29,0,0,0,29,0,313
8011.0,29,0,0,0,29,0,313
8012.0,29,0,0,0,29,0,313
8013.0,29,0,0,0,29,0,313
8014.0,29,0,0,0,29,0,313
8015.0,29,0,0,0,29,0,313
8016.0,29,0,0,0,29,0,313
8017.0,29,0,0,0,29,0,313
8018.0,29,0,0,0,29,0,313
8019.0,29,0,0,0,29,0,313
8020.0,29,0,0,0,29,0,313
8021.0,29,0,0,0,29,0,313
8022.0,29,0,0,0,29,0,313
8023.0,29,0,0,0,29,0,313
8024.0,29,0,0,0,29,0,313
8025.0,29,0,0,0,29,0,313
8026.0,29,0,0,0,29,0,313
8027.0,29,0,0,0,29,0,313
8028.0,29,0,0,0,29,0,313
8029.0,29,0,0,0,29,0,313
8030.0,29,0,0,0,29,0,313
8031.0,29,0,0,0,29,0,313
8032.0,29,0,0,0,29,0,313
8033.0,29,0,0,0,29,0,313
8034.0,29,0,0,0,29,0,313
8035.0,29,0,0,0,29,0,313
8036.0,29,0,0,0,29,0,313
8037.0,29,0,0,0,29,0,313
8038.0,29,0,0,0,29,0,313
8039.0,29,0,0,0,29,0,313
8040.0,29,0,0,0,29,0,313
8041.0,29,0,0,0,29,0,313
8042.0,29,0,0,0,29,0,313
8043.0,29,0,0,0,29,0,313
8044.0,29,0,0,0,29,0,313
8045.0,29,0,0,0,29,0,313
8046.0,29,0,0,0,29,0,313
8047.0,29,0,0,0,29,0,313
8048.0,29,0,0,0,29,0,313
8049.0,29,0,0,0,29,0,313
8050.0,29,0,0,0,29,0,313
8051.0,29,0,0,0,29,0,313
8052.0,29,0,0,0,29,0,313
8053.0,29,0,0,0,29,0,313
8054.0,29,0,0,0,29,0,313
8055.0,29,0,0,0,29,0,313
8056.0,29,0,0,0,29,0,313
8057.0,29,0,0,0,29,0,313
8058.0,29,0,0,0,29,0,313
8059.0,29,0,0,0,29,0,313
8060.0,29,0,0,0,29,0,313
8061.0,29,0,0,0,29,0,313
8062.0,29,0,0,0,29,0,313
8063.0,29,0,0,0,29,0,313
8064.0,29,0,0,0,29,0,313
8065.0,29,0,0,0,29,0,313
8066.0,29,0,0,0,29,0,313
8067.0,29,0,0,0,29,0,313
8068.0,29,0,0,0,29,0,313
8069.0,29,0,0,0,29,0,313
8070.0,29,0,0,0,29,0,313
8071.0,29,0,0,0,29,0,313
8072.0,29,0,0,0,29,0,313
8073.0,29,0,0,0,29,0,313
8074.0,29,0,0,0,29,0,313
8075.0,29,0,0,0,29,0,313
8076.0,29,0,0,0,29,0,313
8077.0,29,0,0,0,29,0,313
8078.0,29,0,0,0,29,0,313
8079.0,29,0,0,0,29,0,313
8080.0,29,0,0,0,29,0,313
8081.0,29,0,0,0,29,0,313
8082.0,29,0,0,0,29,0,313
8083.0,29,0,0,0,29,0,313
8084.0,29,0,0,0,29,0,313
8085.0,29,0,0,0,29,0,313
8086.0,29,0,0,0,29,0,313
8087.0,29,0,0,0,29,0,313
8088.0,29,0,0,0,29,0,313
8089.0,29,0,0,0,29,0,313
8090.0,29,0,0,0,29,0,313
8091.0,29,0,0,0,29,0,313
8092.0,29,0,0,0,29,0,313
8093.0,29,0,0,0,29,0,313
8094.0,29,0,0,0,29,0,313
8095.0,29,0,0,0,29,0,313
8096.0,29,0,0,0,29,0,313
8097.0,29,0,0,0,29,0,313
8098.0,29,0,0,0,29,0,313
8099.0,29,0,0,0,29,0,313
8100.0,29,0,0,0,29,0,313
8101.0,29,0,0,0,29,0,313
8102.0,29,0,0,0,29,0,313
8103.0,29,0,0,0,29,0,313
8104.0,29,0,0,0,29,0,313
8105.0,29,0,0,0,29,0,313
8106.0,29,0,0,0,29,0,313
8107.0,29,0,0,0,29,0,313
8108.0,29,0,0,0,29,0,313
8109.0,29,0,0,0,29,0,313
8110.0,29,0,0,0,29,0,313
8111.0,29,0,0,0,29,0,313
8112.0,29,0,0,0,29,0,313
8113.0,29,0,0,0,29,0,313
8114.0,29,0,0,0,29,0,313
8115.0,29,0,0,0,29,0,313
8116.0,29,0,0,0,29,0,313
8117.0,29,0,0,0,29,0,313
8118.0,29,0,0,0,29,0,313
8119.0,29,0,0,0,29,0,313
8120.0,29,0,0,0,29,0,313
8121.0,29,0,0,0,29,0,313
8122.0,29,0,0,0,29,0,313
8123.0,29,0,0,0,29,0,313
8124.0,29,0,0,0,29,0,313
8125.0,29,0,0,0,29,0,313
8126.0,29,0,0,0,29,0,313
8127.0,29,0,0,0,29,0,313
8128.0,29,0,0,0,29,0,313
8129.0,29,0,0,0,29,0,313
8130.0,29,0,0,0,29,0,313
8131.0,29,0,0,0,29,0,313
8132.0,29,0,0,0,29,0,313
8133.0,29,0,0,0,29,0,313
8134.0,29,0,0,0,29,0,313
8135.0,29,0,0,0,29,0,313
8136.0,29,0,0,0,29,0,313
8137.0,29,0,0,0,29,0,313
8138.0,29,0,0,0,29,0,313
8139.0,29,0,0,0,29,0,313
8140.0,29,0,0,0,29,0,313
8141.0,29,0,0,0,29,0,313
8142.0,29,0,0,0,29,0,313
8143.0,29,0,0,0,29,0,313
8144.0,29,0,0,0,29,0,313
8145.0,29,0,0,0,29,0,313
8146.0,29,0,0,0,29,0,313
8147.0,29,0,0,0,29,0,313
8148.0,29,0,0,0,29,0,313
8149.0,29,0,0,0,29,0,313
8150.0,29,0,0,0,29,0,313
8151.0,29,0,0,0,29,0,313
8152.0,29,0,0,0,29,0,313
8153.0,29,0,0,0,29,0,313
8154.0,29,0,0,0,29,0,313
8155.0,29,0,0,0,29,0,313
8156.0,29,0,0,0,29,0,313
8157.0,29,0,0,0,29,0,313
8158.0,29,0,0,0,29,0,313
8159.0,29,0,0,0,29,0,313
8160.0,29,0,0,0,29,0,313
8161.0,29,0,0,0,29,0,313
8162.0,29,0,0,0,29,0,313
8163.0,29,0,0,0,29,0,313
8164.0,29,0,0,0,29,0,313
8165.0,29,0,0,0,29,0,313
8166.0,29,0,0,0,29,0,313
8167.0,29,0,0,0,29,0,313
8168.0,29,0,0,0,29,0,313
8169.0,29,0,0,0,29,0,313
8170.0,29,0,0,0,29,0,313
8171.0,29,0,0,0,29,0,313
8172.0,29,0,0,0,29,0,313
8173.0,29,0,0,0,29,0,313
8174.0,29,0,0,0,29,0,313
8175.0,29,0,0,0,29,0,313
8176.0,29,0,0,0,29,0,313
8177.0,29,0,0,0,29,0,313
8178.0,29,0,0,0,29,0,313
8179.0,29,0,0,0,29,0,313
8180.0,29,0,0,0,29,0,313
8181.0,29,0,0,0,29,0,313
8182.0,29,0,0,0,29,0,313
8183.0,29,0,0,0,29,0,313
8184.0,29,0,0,0,29,0,313
8185.0,29,0,0,0,29,0,313
8186.0,29,0,0,0,29,0,313
8187.0,29,0,0,0,29,0,313
8188.0,29,0,0,0,29,0,313
8189.0,29,0,0,0,29,0,313
8190.0,29,0,0,0,29,0,313
8191.0,29,0,0,0,29,0,313
8192.0,29,0,0,0,29,0,313
8193.0,29,0,0,0,29,0,313
8194.0,29,0,0,0,29,0,313
8195.0,29,0,0,0,29,0,313
8196.0,29,0,0,0,29,0,313
8197.0,29,0,0,0,29,0,313
8198.0,29,0,0,0,29,0,313
8199.0,29,0,0,0,29,0,313
8200.0,29,0,0,0,29,0,313
8201.0,29,0,0,0,29,0,313
8202.0,29,0,0,0,29,0,313
8203.0,29,0,0,0,29,0,313
8204.0,29,0,0,0,29,0,313
8205.0,29,0,0,0,29,0,313
8206.0,29,0,0,0,29,0,313
8207.0,29,0,0,0,29,0,313
8208.0,29,0,0,0,29,0,313
8209.0,29,0,0,0,29,0,313
8210.0,29,0,0,0,29,0,313
8211.0,29,0,0,0,29,0,313
8212.0,29,0,0,0,29,0,313
8213.0,29,0,0,0,29,0,313
8214.0,29,0,0,0,29,0,313
8215.0,29,0,0,0,29,0,313
8216.0,29,0,0,0,29,0,313
8217.0,29,0,0,0,29,0,313
8218.0,29,0,0,0,29,0,313
8219.0,29,0,0,0,29,0,313
8220.0,29,0,0,0,29,0,313
8221.0,29,0,0,0,29,0,313
8222.0,29,0,0,0,29,0,313
8223.0,29,0,0,0,29,0,313
8224.0,29,0,0,0,29,0,313
8225.0,29,0,0,0,29,0,313
8226.0,29,0,0,0,29,0,313
8227.0,29,0,0,0,29,0,313
8228.0,29,0,0,0,29,0,313
8229.0,29,0,0,0,29,0,313
8230.0,29,0,0,0,29,0,313
8231.0,29,0,0,0,29,0,313
8232.0,29,0,0,0,29,0,313
8233.0,29,0,0,0,29,0,313
8234.0,29,0,0,0,29,0,313
8235.0,29,0,0,0,29,0,313
8236.0,29,0,0,0,29,0,313
8237.0,29,0,0,0,29,0,313
8238.0,29,0,0,0,29,0,313
8239.0,29,0,0,0,29,0,313
8240.0,29,0,0,0,29,0,313
8241.0,29,0,0,0,29,0,313
8242.0,29,0,0,0,29,0,313
8243.0,29,0,0,0,29,0,313
8244.0,29,0,0,0,29,0,313
8245.0,29,0,0,0,29,0,313
8246.0,29,0,0,0,29,0,313
8247.0,29,0,0,0,29,0,313
8248.0,29,0,0,0,29,0,313
8249.0,29,0,0,0,29,0,313
8250.0,29,0,0,0,29,0,313
8251.0,29,0,0,0,29,0,313
8252.0,29,0,0,0,29,0,313
8253.0,29,0,0,0,29,0,313
8254.0,29,0,0,0,29,0,313
8255.0,29,0,0,0,29,0,313
8256.0,29,0,0,0,29,0,313
8257.0,29,0,0,0,29,0,313
8258.0,29,0,0,0,29,0,313
8259.0,29,0,0,0,29,0,313
8260.0,29,0,0,0,29,0,313
8261.0,29,0,0,0,29,0,313
8262.0,29,0,0,0,29,0,313
8263.0,29,0,0,0,29,0,313
8264.0,29,0,0,0,29,0,313
8265.0,29,0,0,0,29,0,313
8266.0,29,0,0,0,29,0,313
8267.0,29,0,0,0,29,0,313
8268.0,29,0,0,0,29,0,313
8269.0,29,0,0,0,29,0,313
8270.0,29,0,0,0,29,0,313
8271.0,29,0,0,0,29,0,313
8272.0,29,0,0,0,29,0,313
8273.0,29,0,0,0,29,0,313
8274.0,29,0,0,0,29,0,313
8275.0,29,0,0,0,29,0,313
8276.0,29,0,0,0,29,0,313
8277.0,29,0,0,0,29,0,313
8278.0,29,0,0,0,29,0,313
8279.0,29,0,0,0,29,0,313
8280.0,29,0,0,0,29,0,313
8281.0,29,0,0,0,29,0,313
8282.0,29,0,0,0,29,0,313
8283.0,29,0,0,0,29,0,313
8284.0,29,0,0,0,29,0,313
8285.0,29,0,0,0,29,0,313
8286.0,29,0,0,0,29,0,313
8287.0,29,0,0,0,29,0,313
8288.0,29,0,0,0,29,0,313
8289.0,29,0,0,0,29,0,313
8290.0,29,0,0,0,29,0,313
8291.0,29,0,0,0,29,0,313
8292.0,29,0,0,0,29,0,313
8293.0,29,0,0,0,29,0,313
8294.0,29,0,0,0,29,0,313
8295.0,29,0,0,0,29,0,313
8296.0,29,0,0,0,29,0,313
8297.0,29,0,0,0,29,0,313
8298.0,29,0,0,0,29,0,313
8299.0,29,0,0,0,29,0,313
8300.0,29,0,0,0,29,0,313
8301.0,29,0,0,0,29,0,313
8302.0,29,0,0,0,29,0,313
8303.0,29,0,0,0,29,0,313
8304.0,29,0,0,0,29,0,313
8305.0,29,0,0,0,29,0,313
8306.0,29,0,0,0,29,0,313
8307.0,29,0,0,0,29,0,313
8308.0,29,0,0,0,29,0,313
8309.0,29,0,0,0,29,0,313
8310.0,29,0,0,0,29,0,313
8311.0,29,0,0,0,29,0,313
8312.0,29,0,0,0,29,0,313
8313.0,29,0,0,0,29,0,313
8314.0,29,0,0,0,29,0,313
8315.0,29,0,0,0,29,0,313
8316.0,29,0,0,0,29,0,313
8317.0,29,0,0,0,29,0,313
8318.0,29,0,0,0,29,0,313
8319.0,29,0,0,0,29,0,313
8320.0,29,0,0,0,29,0,313
8321.0,29,0,0,0,29,0,313
8322.0,29,0,0,0,29,0,313
8323.0,29,0,0,0,29,0,313
8324.0,29,0,0,0,29,0,313
8325.0,29,0,0,0,29,0,313
8326.0,29,0,0,0,29,0,313
8327.0,29,0,0,0,29,0,313
8328.0,29,0,0,0,29,0,313
8329.0,29,0,0,0,29,0,313
8330.0,29,0,0,0,29,0,313
8331.0,29,0,0,0,29,0,313
8332.0,29,0,0,0,29,0,313
8333.0,29,0,0,0,29,0,313
8334.0,29,0,0,0,29,0,313
8335.0,29,0,0,0,29,0,313
8336.0,29,0,0,0,29,0,313
8337.0,29,0,0,0,29,0,313
8338.0,29,0,0,0,29,0,313
8339.0,29,0,0,0,29,0,313
8340.0,29,0,0,0,29,0,313
8341.0,29,0,0,0,29,0,313
8342.0,29,0,0,0,29,0,313
8343.0,29,0,0,0,29,0,313
8344.0,29,0,0,0,29,0,313
8345.0,29,0,0,0,29,0,313
8346.0,29,0,0,0,29,0,313
8347.0,29,0,0,0,29,0,313
8348.0,29,0,0,0,29,0,313
8349.0,29,0,0,0,29,0,313
8350.0,29,0,0,0,29,0,313
8351.0,29,0,0,0,29,0,313
8352.0,29,0,0,0,29,0,313
8353.0,29,0,0,0,29,0,313
8354.0,29,0,0,0,29,0,313
8355.0,29,0,0,0,29,0,313
8356.0,29,0,0,0,29,0,313
8357.0,29,0,0,0,29,0,313
8358.0,29,0,0,0,29,0,313
8359.0,29,0,0,0,29,0,313
8360.0,29,0,0,0,29,0,313
8361.0,29,0,0,0,29,0,313
8362.0,29,0,0,0,29,0,313
8363.0,29,0,0,0,29,0,313
8364.0,29,0,0,0,29,0,313
8365.0,29,0,0,0,29,0,313
8366.0,29,0,0,0,29,0,313
8367.0,29,0,0,0,29,0,313
8368.0,29,0,0,0,29,0,313
8369.0,29,0,0,0,29,0,313
8370.0,29,0,0,0,29,0,313
8371.0,29,0,0,0,29,0,313
8372.0,29,0,0,0,29,0,313
8373.0,29,0,0,0,29,0,313
8374.0,29,0,0,0,29,0,313
8375.0,29,0,0,0,29,0,313
8376.0,29,0,0,0,29,0,313
8377.0,29,0,0,0,29,0,313
8378.0,29,0,0,0,29,0,313
8379.0,29,0,0,0,29,0,313
8380.0,29,0,0,0,29,0,313
8381.0,29,0,0,0,29,0,313
8382.0,29,0,0,0,29,0,313
8383.0,29,0,0,0,29,0,313
8384.0,29,0,0,0,29,0,313
8385.0,29,0,0,0,29,0,313
8386.0,29,0,0,0,29,0,313
8387.0,29,0,0,0,29,0,313
8388.0,29,0,0,0,29,0,313
8389.0,29,0,0,0,29,0,313
8390.0,29,0,0,0,29,0,313
8391.0,29,0,0,0,29,0,313
8392.0,29,0,0,0,29,0,313
8393.0,29,0,0,0,29,0,313
8394.0,29,0,0,0,29,0,313
8395.0,29,0,0,0,29,0,313
8396.0,29,0,0,0,29,0,313
8397.0,29,0,0,0,29,0,313
8398.0,29,0,0,0,29,0,313
8399.0,29,0,0,0,29,0,313
8400.0,29,0,0,0,29,0,313
8401.0,29,0,0,0,29,0,313
8402.0,29,0,0,0,29,0,313
8403.0,29,0,0,0,29,0,313
8404.0,29,0,0,0,29,0,313
8405.0,29,0,0,0,29,0,313
8406.0,29,0,0,0,29,0,313
8407.0,29,0,0,0,29,0,313
8408.0,29,0,0,0,29,0,313
8409.0,29,0,0,0,29,0,313
8410.0,29,0,0,0,29,0,313
8411.0,29,0,0,0,29,0,313
8412.0,29,0,0,0,29,0,313
8413.0,29,0,0,0,29,0,313
8414.0,29,0,0,0,29,0,313
8415.0,29,0,0,0,29,0,313
8416.0,29,0,0,0,29,0,313
8417.0,29,0,0,0,29,0,313
8418.0,29,0,0,0,29,0,313
8419.0,29,0,0,0,29,0,313
8420.0,29,0,0,0,29,0,313
8421.0,29,0,0,0,29,0,313
8422.0,29,0,0,0,29,0,313
8423.0,29,0,0,0,29,0,313
8424.0,29,0,0,0,29,0,313
8425.0,29,0,0,0,29,0,313
8426.0,29,0,0,0,29,0,313
8427.0,29,0,0,0,29,0,313
8428.0,29,0,0,0,29,0,313
8429.0,29,0,0,0,29,0,313
8430.0,29,0,0,0,29,0,313
8431.0,29,0,0,0,29,0,313
8432.0,29,0,0,0,29,0,313
8433.0,29,0,0,0,29,0,313
8434.0,29,0,0,0,29,0,313
8435.0,29,0,0,0,29,0,313
8436.0,29,0,0,0,29,0,313
8437.0,29,0,0,0,29,0,313
8438.0,29,0,0,0,29,0,313
8439.0,29,0,0,0,29,0,313
8440.0,29,0,0,0,29,0,313
8441.0,29,0,0,0,29,0,313
8442.0,29,0,0,0,29,0,313
8443.0,29,0,0,0,29,0,313
8444.0,29,0,0,0,29,0,313
8445.0,29,0,0,0,29,0,313
8446.0,29,0,0,0,29,0,313
8447.0,29,0,0,0,29,0,313
8448.0,29,0,0,0,29,0,313
8449.0,29,0,0,0,29,0,313
8450.0,29,0,0,0,29,0,313
8451.0,29,0,0,0,29,0,313
8452.0,29,0,0,0,29,0,313
8453.0,29,0,0,0,29,0,313
8454.0,29,0,0,0,29,0,313
8455.0,29,0,0,0,29,0,313
8456.0,29,0,0,0,29,0,313
8457.0,29,0,0,0,29,0,313
8458.0,29,0,0,0,29,0,313
8459.0,29,0,0,0,29,0,313
8460.0,29,0,0,0,29,0,313
8461.0,29,0,0,0,29,0,313
8462.0,29,0,0,0,29,0,313
8463.0,29,0,0,0,29,0,313
8464.0,29,0,0,0,29,0,313
8465.0,29,0,0,0,29,0,313
8466.0,29,0,0,0,29,0,313
8467.0,29,0,0,0,29,0,313
8468.0,29,0,0,0,29,0,313
8469.0,29,0,0,0,29,0,313
8470.0,29,0,0,0,29,0,313
8471.0,29,0,0,0,29,0,313
8472.0,29,0,0,0,29,0,313
8473.0,29,0,0,0,29,0,313
8474.0,29,0,0,0,29,0,313
8475.0,29,0,0,0,29,0,313
8476.0,29,0,0,0,29,0,313
8477.0,29,0,0,0,29,0,313
8478.0,29,0,0,0,29,0,313
8479.0,29,0,0,0,29,0,313
8480.0,29,0,0,0,29,0,313
8481.0,29,0,0,0,29,0,313
8482.0,29,0,0,0,29,0,313
8483.0,29,0,0,0,29,0,313
8484.0,29,0,0,0,29,0,313
8485.0,29,0,0,0,29,0,313
8486.0,29,0,0,0,29,0,313
8487.0,29,0,0,0,29,0,313
8488.0,29,0,0,0,29,0,313
8489.0,29,0,0,0,29,0,313
8490.0,29,0,0,0,29,0,313
8491.0,29,0,0,0,29,0,313
8492.0,29,0,0,0,29,0,313
8493.0,29,0,0,0,29,0,313
8494.0,29,0,0,0,29,0,313
8495.0,29,0,0,0,29,0,313
8496.0,29,0,0,0,29,0,313
8497.0,29,0,0,0,29,0,313
8498.0,29,0,0,0,29,0,313
8499.0,29,0,0,0,29,0,313
8500.0,29,0,0,0,29,0,313
8501.0,29,0,0,0,29,0,313
8502.0,29,0,0,0,29,0,313
8503.0,29,0,0,0,29,0,313
8504.0,29,0,0,0,29,0,313
8505.0,29,0,0,0,29,0,313
8506.0,29,0,0,0,29,0,313
8507.0,29,0,0,0,29,0,313
8508.0,29,0,0,0,29,0,313
8509.0,29,0,0,0,29,0,313
8510.0,29,0,0,0,29,0,313
8511.0,29,0,0,0,29,0,313
8512.0,29,0,0,0,29,0,313
8513.0,29,0,0,0,29,0,313
8514.0,29,0,0,0,29,0,313
8515.0,29,0,0,0,29,0,313
8516.0,29,0,0,0,29,0,313
8517.0,29,0,0,0,29,0,313
8518.0,29,0,0,0,29,0,313
8519.0,29,0,0,0,29,0,313
8520.0,29,0,0,0,29,0,313
8521.0,29,0,0,0,29,0,313
8522.0,29,0,0,0,29,0,313
8523.0,29,0,0,0,29,0,313
8524.0,29,0,0,0,29,0,313
8525.0,29,0,0,0,29,0,313
8526.0,29,0,0,0,29,0,313
8527.0,29,0,0,0,29,0,313
8528.0,29,0,0,0,29,0,313
8529.0,29,0,0,0,29,0,313
8530.0,29,0,0,0,29,0,313
8531.0,29,0,0,0,29,0,313
8532.0,29,0,0,0,29,0,313
8533.0,29,0,0,0,29,0,313
8534.0,29,0,0,0,29,0,313
8535.0,29,0,0,0,29,0,313
8536.0,29,0,0,0,29,0,313
8537.0,29,0,0,0,29,0,313
8538.0,29,0,0,0,29,0,313
8539.0,29,0,0,0,29,0,313
8540.0,29,0,0,0,29,0,313
8541.0,29,0,0,0,29,0,313
8542.0,29,0,0,0,29,0,313
8543.0,29,0,0,0,29,0,313
8544.0,29,0,0,0,29,0,313
8545.0,29,0,0,0,29,0,313
8546.0,29,0,0,0,29,0,313
8547.0,29,0,0,0,29,0,313
8548.0,29,0,0,0,29,0,313
8549.0,29,0,0,0,29,0,313
8550.0,29,0,0,0,29,0,313
8551.0,29,0,0,0,29,0,313
8552.0,29,0,0,0,29,0,313
8553.0,29,0,0,0,29,0,313
8554.0,29,0,0,0,29,0,313
8555.0,29,0,0,0,29,0,313
8556.0,29,0,0,0,29,0,313
8557.0,29,0,0,0,29,0,313
8558.0,29,0,0,0,29,0,313
8559.0,29,0,0,0,29,0,313
8560.0,29,0,0,0,29,0,313
8561.0,29,0,0,0,29,0,313
8562.0,29,0,0,0,29,0,313
8563.0,29,0,0,0,29,0,313
8564.0,29,0,0,0,29,0,313
8565.0,29,0,0,0,29,0,313
8566.0,29,0,0,0,29,0,313
8567.0,29,0,0,0,29,0,313
8568.0,29,0,0,0,29,0,313
8569.0,29,0,0,0,29,0,313
8570.0,29,0,0,0,29,0,313
8571.0,29,0,0,0,29,0,313
8572.0,29,0,0,0,29,0,313
8573.0,29,0,0,0,29,0,313
8574.0,29,0,0,0,29,0,313
8575.0,29,0,0,0,29,0,313
8576.0,29,0,0,0,29,0,313
8577.0,29,0,0,0,29,0,313
8578.0,29,0,0,0,29,0,313
8579.0,29,0,0,0,29,0,313
8580.0,29,0,0,0,29,0,313
8581.0,29,0,0,0,29,0,313
8582.0,29,0,0,0,29,0,313
8583.0,29,0,0,0,29,0,313
8584.0,29,0,0,0,29,0,313
8585.0,29,0,0,0,29,0,313
8586.0,29,0,0,0,29,0,313
8587.0,29,0,0,0,29,0,313
8588.0,29,0,0,0,29,0,313
8589.0,29,0,0,0,29,0,313
8590.0,29,0,0,0,29,0,313
8591.0,29,0,0,0,29,0,313
8592.0,29,0,0,0,29,0,313
8593.0,29,0,0,0,29,0,313
8594.0,29,0,0,0,29,0,313
8595.0,29,0,0,0,29,0,313
8596.0,29,0,0,0,29,0,313
8597.0,29,0,0,0,29,0,313
8598.0,29,0,0,0,29,0,313
8599.0,29,0,0,0,29,0,313
8600.0,29,0,0,0,29,0,313
8601.0,29,0,0,0,29,0,313
8602.0,29,0,0,0,29,0,313
8603.0,29,0,0,0,29,0,313
8604.0,29,0,0,0,29,0,313
8605.0,29,0,0,0,29,0,313
8606.0,29,0,0,0,29,0,313
8607.0,29,0,0,0,29,0,313
8608.0,29,0,0,0,29,0,313
8609.0,29,0,0,0,29,0,313
8610.0,29,0,0,0,29,0,313
8611.0,29,0,0,0,29,0,313
8612.0,29,0,0,0,29,0,313
8613.0,29,0,0,0,29,0,313
8614.0,29,0,0,0,29,0,313
8615.0,29,0,0,0,29,0,313
8616.0,29,0,0,0,29,0,313
8617.0,29,0,0,0,29,0,313
8618.0,29,0,0,0,29,0,313
8619.0,29,0,0,0,29,0,313
8620.0,29,0,0,0,29,0,313
8621.0,29,0,0,0,29,0,313
8622.0,29,0,0,0,29,0,313
8623.0,29,0,0,0,29,0,313
8624.0,29,0,0,0,29,0,313
8625.0,29,0,0,0,29,0,313
8626.0,29,0,0,0,29,0,313
8627.0,29,0,0,0,29,0,313
8628.0,29,0,0,0,29,0,313
8629.0,29,0,0,0,29,0,313
8630.0,29,0,0,0,29,0,313
8631.0,29,0,0,0,29,0,313
8632.0,29,0,0,0,29,0,313
8633.0,29,0,0,0,29,0,313
8634.0,29,0,0,0,29,0,313
8635.0,29,0,0,0,29,0,313
8636.0,29,0,0,0,29,0,313
8637.0,29,0,0,0,29,0,313
8638.0,29,0,0,0,29,0,313
8639.0,29,0,0,0,29,0,313
8640.0,29,0,0,0,29,0,313
8641.0,29,0,0,0,29,0,313
8642.0,29,0,0,0,29,0,313
8643.0,29,0,0,0,29,0,313
8644.0,29,0,0,0,29,0,313
8645.0,29,0,0,0,29,0,313
8646.0,29,0,0,0,29,0,313
8647.0,29,0,0,0,29,0,313
8648.0,29,0,0,0,29,0,313
8649.0,29,0,0,0,29,0,313
8650.0,29,0,0,0,29,0,313
8651.0,29,0,0,0,29,0,313
8652.0,29,0,0,0,29,0,313
8653.0,29,0,0,0,29,0,313
8654.0,29,0,0,0,29,0,313
8655.0,29,0,0,0,29,0,313
8656.0,29,0,0,0,29,0,313
8657.0,29,0,0,0,29,0,313
8658.0,29,0,0,0,29,0,313
8659.0,29,0,0,0,29,0,313
8660.0,29,0,0,0,29,0,313
8661.0,29,0,0,0,29,0,313
8662.0,29,0,0,0,29,0,313
8663.0,29,0,0,0,29,0,313
8664.0,29,0,0,0,29,0,313
8665.0,29,0,0,0,29,0,313
8666.0,29,0,0,0,29,0,313
8667.0,29,0,0,0,29,0,313
8668.0,29,0,0,0,29,0,313
8669.0,29,0,0,0,29,0,313
8670.0,29,0,0,0,29,0,313
8671.0,29,0,0,0,29,0,313
8672.0,29,0,0,0,29,0,313
8673.0,29,0,0,0,29,0,313
8674.0,29,0,0,0,29,0,313
8675.0,29,0,0,0,29,0,313
8676.0,29,0,0,0,29,0,313
8677.0,29,0,0,0,29,0,313
8678.0,29,0,0,0,29,0,313
8679.0,29,0,0,0,29,0,313
8680.0,29,0,0,0,29,0,313
8681.0,29,0,0,0,29,0,313
8682.0,29,0,0,0,29,0,313
8683.0,29,0,0,0,29,0,313
8684.0,29,0,0,0,29,0,313
8685.0,29,0,0,0,29,0,313
8686.0,29,0,0,0,29,0,313
8687.0,29,0,0,0,29,0,313
8688.0,29,0,0,0,29,0,313
8689.0,29,0,0,0,29,0,313
8690.0,29,0,0,0,29,0,313
8691.0,29,0,0,0,29,0,313
8692.0,29,0,0,0,29,0,313
8693.0,29,0,0,0,29,0,313
8694.0,29,0,0,0,29,0,313
8695.0,29,0,0,0,29,0,313
8696.0,29,0,0,0,29,0,313
8697.0,29,0,0,0,29,0,313
8698.0,29,0,0,0,29,0,313
8699.0,29,0,0,0,29,0,313
8700.0,29,0,0,0,29,0,313
8701.0,29,0,0,0,29,0,313
8702.0,29,0,0,0,29,0,313
8703.0,29,0,0,0,29,0,313
8704.0,29,0,0,0,29,0,313
8705.0,29,0,0,0,29,0,313
8706.0,29,0,0,0,29,0,313
8707.0,29,0,0,0,29,0,313
8708.0,29,0,0,0,29,0,313
8709.0,29,0,0,0,29,0,313
8710.0,29,0,0,0,29,0,313
8711.0,29,0,0,0,29,0,313
8712.0,29,0,0,0,29,0,313
8713.0,29,0,0,0,29,0,313
8714.0,29,0,0,0,29,0,313
8715.0,29,0,0,0,29,0,313
8716.0,29,0,0,0,29,0,313
8717.0,29,0,0,0,29,0,313
8718.0,29,0,0,0,29,0,313
8719.0,29,0,0,0,29,0,313
8720.0,29,0,0,0,29,0,313
8721.0,29,0,0,0,29,0,313
8722.0,29,0,0,0,29,0,313
8723.0,29,0,0,0,29,0,313
8724.0,29,0,0,0,29,0,313
8725.0,29,0,0,0,29,0,313
8726.0,29,0,0,0,29,0,313
8727.0,29,0,0,0,29,0,313
8728.0,29,0,0,0,29,0,313
8729.0,29,0,0,0,29,0,313
8730.0,29,0,0,0,29,0,313
8731.0,29,0,0,0,29,0,313
8732.0,29,0,0,0,29,0,313
8733.0,29,0,0,0,29,0,313
8734.0,29,0,0,0,29,0,313
8735.0,29,0,0,0,29,0,313
8736.0,29,0,0,0,29,0,313
8737.0,29,0,0,0,29,0,313
8738.0,29,0,0,0,29,0,313
8739.0,29,0,0,0,29,0,313
8740.0,29,0,0,0,29,0,313
8741.0,29,0,0,0,29,0,313
8742.0,29,0,0,0,29,0,313
8743.0,29,0,0,0,29,0,313
8744.0,29,0,0,0,29,0,313
8745.0,29,0,0,0,29,0,313
8746.0,29,0,0,0,29,0,313
8747.0,29,0,0,0,29,0,313
8748.0,29,0,0,0,29,0,313
8749.0,29,0,0,0,29,0,313
8750.0,29,0,0,0,29,0,313
8751.0,29,0,0,0,29,0,313
8752.0,29,0,0,0,29,0,313
8753.0,29,0,0,0,29,0,313
8754.0,29,0,0,0,29,0,313
8755.0,29,0,0,0,29,0,313
8756.0,29,0,0,0,29,0,313
8757.0,29,0,0,0,29,0,313
8758.0,29,0,0,0,29,0,313
8759.0,29,0,0,0,29,0,313
8760.0,29,0,0,0,29,0,313
8761.0,29,0,0,0,29,0,313
8762.0,29,0,0,0,29,0,313
8763.0,29,0,0,0,29,0,313
8764.0,29,0,0,0,29,0,313
8765.0,29,0,0,0,29,0,313
8766.0,29,0,0,0,29,0,313
8767.0,29,0,0,0,29,0,313
8768.0,29,0,0,0,29,0,313
8769.0,29,0,0,0,29,0,313
8770.0,29,0,0,0,29,0,313
8771.0,29,0,0,0,29,0,313
8772.0,29,0,0,0,29,0,313
8773.0,29,0,0,0,29,0,313
8774.0,29,0,0,0,29,0,313
8775.0,29,0,0,0,29,0,313
8776.0,29,0,0,0,29,0,313
8777.0,29,0,0,0,29,0,313
8778.0,29,0,0,0,29,0,313
8779.0,29,0,0,0,29,0,313
8780.0,29,0,0,0,29,0,313
8781.0,29,0,0,0,29,0,313
8782.0,29,0,0,0,29,0,313
8783.0,29,0,0,0,29,0,313
8784.0,29,0,0,0,29,0,313
8785.0,29,0,0,0,29,0,313
8786.0,29,0,0,0,29,0,313
8787.0,29,0,0,0,29,0,313
8788.0,29,0,0,0,29,0,313
8789.0,29,0,0,0,29,0,313
8790.0,29,0,0,0,29,0,313
8791.0,29,0,0,0,29,0,313
8792.0,29,0,0,0,29,0,313
8793.0,29,0,0,0,29,0,313
8794.0,29,0,0,0,29,0,313
8795.0,29,0,0,0,29,0,313
8796.0,29,0,0,0,29,0,313
8797.0,29,0,0,0,29,0,313
8798.0,29,0,0,0,29,0,313
8799.0,29,0,0,0,29,0,313
8800.0,29,0,0,0,29,0,313
8801.0,29,0,0,0,29,0,313
8802.0,29,0,0,0,29,0,313
8803.0,29,0,0,0,29,0,313
8804.0,29,0,0,0,29,0,313
8805.0,29,0,0,0,29,0,313
8806.0,29,0,0,0,29,0,313
8807.0,29,0,0,0,29,0,313
8808.0,29,0,0,0,29,0,313
8809.0,29,0,0,0,29,0,313
8810.0,29,0,0,0,29,0,313
8811.0,29,0,0,0,29,0,313
8812.0,29,0,0,0,29,0,313
8813.0,29,0,0,0,29,0,313
8814.0,29,0,0,0,29,0,313
8815.0,29,0,0,0,29,0,313
8816.0,29,0,0,0,29,0,313
8817.0,29,0,0,0,29,0,313
8818.0,29,0,0,0,29,0,313
8819.0,29,0,0,0,29,0,313
8820.0,29,0,0,0,29,0,313
8821.0,29,0,0,0,29,0,313
8822.0,29,0,0,0,29,0,313
8823.0,29,0,0,0,29,0,313
8824.0,29,0,0,0,29,0,313
8825.0,29,0,0,0,29,0,313
8826.0,29,0,0,0,29,0,313
8827.0,29,0,0,0,29,0,313
8828.0,29,0,0,0,29,0,313
8829.0,29,0,0,0,29,0,313
8830.0,29,0,0,0,29,0,313
8831.0,29,0,0,0,29,0,313
8832.0,29,0,0,0,29,0,313
8833.0,29,0,0,0,29,0,313
8834.0,29,0,0,0,29,0,313
8835.0,29,0,0,0,29,0,313
8836.0,29,0,0,0,29,0,313
8837.0,29,0,0,0,29,0,313
8838.0,29,0,0,0,29,0,313
8839.0,29,0,0,0,29,0,313
8840.0,29,0,0,0,29,0,313
8841.0,29,0,0,0,29,0,313
8842.0,29,0,0,0,29,0,313
8843.0,29,0,0,0,29,0,313
8844.0,29,0,0,0,29,0,313
8845.0,29,0,0,0,29,0,313
8846.0,29,0,0,0,29,0,313
8847.0,29,0,0,0,29,0,313
8848.0,29,0,0,0,29,0,313
8849.0,29,0,0,0,29,0,313
8850.0,29,0,0,0,29,0,313
8851.0,29,0,0,0,29,0,313
8852.0,29,0,0,0,29,0,313
8853.0,29,0,0,0,29,0,313
8854.0,29,0,0,0,29,0,313
8855.0,29,0,0,0,29,0,313
8856.0,29,0,0,0,29,0,313
8857.0,29,0,0,0,29,0,313
8858.0,29,0,0,0,29,0,313
8859.0,29,0,0,0,29,0,313
8860.0,29,0,0,0,29,0,313
8861.0,29,0,0,0,29,0,313
8862.0,29,0,0,0,29,0,313
8863.0,29,0,0,0,29,0,313
8864.0,29,0,0,0,29,0,313
8865.0,29,0,0,0,29,0,313
8866.0,29,0,0,0,29,0,313
8867.0,29,0,0,0,29,0,313
8868.0,29,0,0,0,29,0,313
8869.0,29,0,0,0,29,0,313
8870.0,29,0,0,0,29,0,313
8871.0,29,0,0,0,29,0,313
8872.0,29,0,0,0,29,0,313
8873.0,29,0,0,0,29,0,313
8874.0,29,0,0,0,29,0,313
8875.0,29,0,0,0,29,0,313
8876.0,29,0,0,0,29,0,313
8877.0,29,0,0,0,29,0,313
8878.0,29,0,0,0,29,0,313
8879.0,29,0,0,0,29,0,313
8880.0,29,0,0,0,29,0,313
8881.0,29,0,0,0,29,0,313
8882.0,29,0,0,0,29,0,313
8883.0,29,0,0,0,29,0,313
8884.0,29,0,0,0,29,0,313
8885.0,29,0,0,0,29,0,313
8886.0,29,0,0,0,29,0,313
8887.0,29,0,0,0,29,0,313
8888.0,29,0,0,0,29,0,313
8889.0,29,0,0,0,29,0,313
8890.0,29,0,0,0,29,0,313
8891.0,29,0,0,0,29,0,313
8892.0,29,0,0,0,29,0,313
8893.0,29,0,0,0,29,0,313
8894.0,29,0,0,0,29,0,313
8895.0,29,0,0,0,29,0,313
8896.0,29,0,0,0,29,0,313
8897.0,29,0,0,0,29,0,313
8898.0,29,0,0,0,29,0,313
8899.0,29,0,0,0,29,0,313
8900.0,29,0,0,0,29,0,313
8901.0,29,0,0,0,29,0,313
8902.0,29,0,0,0,29,0,313
8903.0,29,0,0,0,29,0,313
8904.0,29,0,0,0,29,0,313
8905.0,29,0,0,0,29,0,313
8906.0,29,0,0,0,29,0,313
8907.0,29,0,0,0,29,0,313
8908.0,29,0,0,0,29,0,313
8909.0,29,0,0,0,29,0,313
8910.0,29,0,0,0,29,0,313
8911.0,29,0,0,0,29,0,313
8912.0,29,0,0,0,29,0,313
8913.0,29,0,0,0,29,0,313
8914.0,29,0,0,0,29,0,313
8915.0,29,0,0,0,29,0,313
8916.0,29,0,0,0,29,0,313
8917.0,29,0,0,0,29,0,313
8918.0,29,0,0,0,29,0,313
8919.0,29,0,0,0,29,0,313
8920.0,29,0,0,0,29,0,313
8921.0,29,0,0,0,29,0,313
8922.0,29,0,0,0,29,0,313
8923.0,29,0,0,0,29,0,313
8924.0,29,0,0,0,29,0,313
8925.0,29,0,0,0,29,0,313
8926.0,29,0,0,0,29,0,313
8927.0,29,0,0,0,29,0,313
8928.0,29,0,0,0,29,0,313
8929.0,29,0,0,0,29,0,313
8930.0,29,0,0,0,29,0,313
8931.0,29,0,0,0,29,0,313
8932.0,29,0,0,0,29,0,313
8933.0,29,0,0,0,29,0,313
8934.0,29,0,0,0,29,0,313
8935.0,29,0,0,0,29,0,313
8936.0,29,0,0,0,29,0,313
8937.0,29,0,0,0,29,0,313
8938.0,29,0,0,0,29,0,313
8939.0,29,0,0,0,29,0,313
8940.0,29,0,0,0,29,0,313
8941.0,29,0,0,0,29,0,313
8942.0,29,0,0,0,29,0,313
8943.0,29,0,0,0,29,0,313
8944.0,29,0,0,0,29,0,313
8945.0,29,0,0,0,29,0,313
8946.0,29,0,0,0,29,0,313
8947.0,29,0,0,0,29,0,313
8948.0,29,0,0,0,29,0,313
8949.0,29,0,0,0,29,0,313
8950.0,29,0,0,0,29,0,313
8951.0,29,0,0,0,29,0,313
8952.0,29,0,0,0,29,0,313
8953.0,29,0,0,0,29,0,313
8954.0,29,0,0,0,29,0,313
8955.0,29,0,0,0,29,0,313
8956.0,29,0,0,0,29,0,313
8957.0,29,0,0,0,29,0,313
8958.0,29,0,0,0,29,0,313
8959.0,29,0,0,0,29,0,313
8960.0,29,0,0,0,29,0,313
8961.0,29,0,0,0,29,0,313
8962.0,29,0,0,0,29,0,313
8963.0,29,0,0,0,29,0,313
8964.0,29,0,0,0,29,0,313
8965.0,29,0,0,0,29,0,313
8966.0,29,0,0,0,29,0,313
8967.0,29,0,0,0,29,0,313
8968.0,29,0,0,0,29,0,313
8969.0,29,0,0,0,29,0,313
8970.0,29,0,0,0,29,0,313
8971.0,29,0,0,0,29,0,313
8972.0,29,0,0,0,29,0,313
8973.0,29,0,0,0,29,0,313
8974.0,29,0,0,0,29,0,313
8975.0,29,0,0,0,29,0,313
8976.0,29,0,0,0,29,0,313
8977.0,29,0,0,0,29,0,313
8978.0,29,0,0,0,29,0,313
8979.0,29,0,0,0,29,0,313
8980.0,29,0,0,0,29,0,313
8981.0,29,0,0,0,29,0,313
8982.0,29,0,0,0,29,0,313
8983.0,29,0,0,0,29,0,313
8984.0,29,0,0,0,29,0,313
8985.0,29,0,0,0,29,0,313
8986.0,29,0,0,0,29,0,313
8987.0,29,0,0,0,29,0,313
8988.0,29,0,0,0,29,0,313
8989.0,29,0,0,0,29,0,313
8990.0,29,0,0,0,29,0,313
8991.0,29,0,0,0,29,0,313
8992.0,29,0,0,0,29,0,313
8993.0,29,0,0,0,29,0,313
8994.0,29,0,0,0,29,0,313
8995.0,29,0,0,0,29,0,313
8996.0,29,0,0,0,29,0,313
8997.0,29,0,0,0,29,0,313
8998.0,29,0,0,0,29,0,313
8999.0,29,0,0,0,29,0,313
9000.0,29,0,0,0,29,0,313
9001.0,29,0,0,0,29,0,313
9002.0,29,0,0,0,29,0,313
9003.0,29,0,0,0,29,0,313
9004.0,29,0,0,0,29,0,313
9005.0,29,0,0,0,29,0,313
9006.0,29,0,0,0,29,0,313
9007.0,29,0,0,0,29,0,313
9008.0,29,0,0,0,29,0,313
9009.0,29,0,0,0,29,0,313
9010.0,29,0,0,0,29,0,313
9011.0,29,0,0,0,29,0,313
9012.0,29,0,0,0,29,0,313
9013.0,29,0,0,0,29,0,313
9014.0,29,0,0,0,29,0,313
9015.0,29,0,0,0,29,0,313
9016.0,29,0,0,0,29,0,313
9017.0,29,0,0,0,29,0,313
9018.0,29,0,0,0,29,0,313
9019.0,29,0,0,0,29,0,313
9020.0,29,0,0,0,29,0,313
9021.0,29,0,0,0,29,0,313
9022.0,29,0,0,0,29,0,313
9023.0,29,0,0,0,29,0,313
9024.0,29,0,0,0,29,0,313
9025.0,29,0,0,0,29,0,313
9026.0,29,0,0,0,29,0,313
9027.0,29,0,0,0,29,0,313
9028.0,29,0,0,0,29,0,313
9029.0,29,0,0,0,29,0,313
9030.0,29,0,0,0,29,0,313
9031.0,29,0,0,0,29,0,313
9032.0,29,0,0,0,29,0,313
9033.0,29,0,0,0,29,0,313
9034.0,29,0,0,0,29,0,313
9035.0,29,0,0,0,29,0,313
9036.0,29,0,0,0,29,0,313
9037.0,29,0,0,0,29,0,313
9038.0,29,0,0,0,29,0,313
9039.0,29,0,0,0,29,0,313
9040.0,29,0,0,0,29,0,313
9041.0,29,0,0,0,29,0,313
9042.0,29,0,0,0,29,0,313
9043.0,29,0,0,0,29,0,313
9044.0,29,0,0,0,29,0,313
9045.0,29,0,0,0,29,0,313
9046.0,29,0,0,0,29,0,313
9047.0,29,0,0,0,29,0,313
9048.0,29,0,0,0,29,0,313
9049.0,29,0,0,0,29,0,313
9050.0,29,0,0,0,29,0,313
9051.0,29,0,0,0,29,0,313
9052.0,29,0,0,0,29,0,313
9053.0,29,0,0,0,29,0,313
9054.0,29,0,0,0,29,0,313
9055.0,29,0,0,0,29,0,313
9056.0,29,0,0,0,29,0,313
9057.0,29,0,0,0,29,0,313
9058.0,29,0,0,0,29,0,313
9059.0,29,0,0,0,29,0,313
9060.0,29,0,0,0,29,0,313
9061.0,29,0,0,0,29,0,313
9062.0,29,0,0,0,29,0,313
9063.0,29,0,0,0,29,0,313
9064.0,29,0,0,0,29,0,313
9065.0,29,0,0,0,29,0,313
9066.0,29,0,0,0,29,0,313
9067.0,29,0,0,0,29,0,313
9068.0,29,0,0,0,29,0,313
9069.0,29,0,0,0,29,0,313
9070.0,29,0,0,0,29,0,313
9071.0,29,0,0,0,29,0,313
9072.0,29,0,0,0,29,0,313
9073.0,29,0,0,0,29,0,313
9074.0,29,0,0,0,29,0,313
9075.0,29,0,0,0,29,0,313
9076.0,29,0,0,0,29,0,313
9077.0,29,0,0,0,29,0,313
9078.0,29,0,0,0,29,0,313
9079.0,29,0,0,0,29,0,313
9080.0,29,0,0,0,29,0,313
9081.0,29,0,0,0,29,0,313
9082.0,29,0,0,0,29,0,313
9083.0,29,0,0,0,29,0,313
9084.0,29,0,0,0,29,0,313
9085.0,29,0,0,0,29,0,313
9086.0,29,0,0,0,29,0,313
9087.0,29,0,0,0,29,0,313
9088.0,29,0,0,0,29,0,313
9089.0,29,0,0,0,29,0,313
9090.0,29,0,0,0,29,0,313
9091.0,29,0,0,0,29,0,313
9092.0,29,0,0,0,29,0,313
9093.0,29,0,0,0,29,0,313
9094.0,29,0,0,0,29,0,313
9095.0,29,0,0,0,29,0,313
9096.0,29,0,0,0,29,0,313
9097.0,29,0,0,0,29,0,313
9098.0,29,0,0,0,29,0,313
9099.0,29,0,0,0,29,0,313
9100.0,29,0,0,0,29,0,313
9101.0,29,0,0,0,29,0,313
9102.0,29,0,0,0,29,0,313
9103.0,29,0,0,0,29,0,313
9104.0,29,0,0,0,29,0,313
9105.0,29,0,0,0,29,0,313
9106.0,29,0,0,0,29,0,313
9107.0,29,0,0,0,29,0,313
9108.0,29,0,0,0,29,0,313
9109.0,29,0,0,0,29,0,313
9110.0,29,0,0,0,29,0,313
9111.0,29,0,0,0,29,0,313
9112.0,29,0,0,0,29,0,313
9113.0,29,0,0,0,29,0,313
9114.0,29,0,0,0,29,0,313
9115.0,29,0,0,0,29,0,313
9116.0,29,0,0,0,29,0,313
9117.0,29,0,0,0,29,0,313
9118.0,29,0,0,0,29,0,313
9119.0,29,0,0,0,29,0,313
9120.0,29,0,0,0,29,0,313
9121.0,29,0,0,0,29,0,313
9122.0,29,0,0,0,29,0,313
9123.0,29,0,0,0,29,0,313
9124.0,29,0,0,0,29,0,313
9125.0,29,0,0,0,29,0,313
9126.0,29,0,0,0,29,0,313
9127.0,29,0,0,0,29,0,313
9128.0,29,0,0,0,29,0,313
9129.0,29,0,0,0,29,0,313
9130.0,29,0,0,0,29,0,313
9131.0,29,0,0,0,29,0,313
9132.0,29,0,0,0,29,0,313
9133.0,29,0,0,0,29,0,313
9134.0,29,0,0,0,29,0,313
9135.0,29,0,0,0,29,0,313
9136.0,29,0,0,0,29,0,313
9137.0,29,0,0,0,29,0,313
9138.0,29,0,0,0,29,0,313
9139.0,29,0,0,0,29,0,313
9140.0,29,0,0,0,29,0,313
9141.0,29,0,0,0,29,0,313
9142.0,29,0,0,0,29,0,313
9143.0,29,0,0,0,29,0,313
9144.0,29,0,0,0,29,0,313
9145.0,29,0,0,0,29,0,313
9146.0,29,0,0,0,29,0,313
9147.0,29,0,0,0,29,0,313
9148.0,29,0,0,0,29,0,313
9149.0,29,0,0,0,29,0,313
9150.0,29,0,0,0,29,0,313
9151.0,29,0,0,0,29,0,313
9152.0,29,0,0,0,29,0,313
9153.0,29,0,0,0,29,0,313
9154.0,29,0,0,0,29,0,313
9155.0,29,0,0,0,29,0,313
9156.0,29,0,0,0,29,0,313
9157.0,29,0,0,0,29,0,313
9158.0,29,0,0,0,29,0,313
9159.0,29,0,0,0,29,0,313
9160.0,29,0,0,0,29,0,313
9161.0,29,0,0,0,29,0,313
9162.0,29,0,0,0,29,0,313
9163.0,29,0,0,0,29,0,313
9164.0,29,0,0,0,29,0,313
9165.0,29,0,0,0,29,0,313
9166.0,29,0,0,0,29,0,313
9167.0,29,0,0,0,29,0,313
9168.0,29,0,0,0,29,0,313
9169.0,29,0,0,0,29,0,313
9170.0,29,0,0,0,29,0,313
9171.0,29,0,0,0,29,0,313
9172.0,29,0,0,0,29,0,313
9173.0,29,0,0,0,29,0,313
9174.0,29,0,0,0,29,0,313
9175.0,29,0,0,0,29,0,313
9176.0,29,0,0,0,29,0,313
9177.0,29,0,0,0,29,0,313
9178.0,29,0,0,0,29,0,313
9179.0,29,0,0,0,29,0,313
9180.0,29,0,0,0,29,0,313
9181.0,29,0,0,0,29,0,313
9182.0,29,0,0,0,29,0,313
9183.0,29,0,0,0,29,0,313
9184.0,29,0,0,0,29,0,313
9185.0,29,0,0,0,29,0,313
9186.0,29,0,0,0,29,0,313
9187.0,29,0,0,0,29,0,313
9188.0,29,0,0,0,29,0,313
9189.0,29,0,0,0,29,0,313
9190.0,29,0,0,0,29,0,313
9191.0,29,0,0,0,29,0,313
9192.0,29,0,0,0,29,0,313
9193.0,29,0,0,0,29,0,313
9194.0,29,0,0,0,29,0,313
9195.0,29,0,0,0,29,0,313
9196.0,29,0,0,0,29,0,313
9197.0,29,0,0,0,29,0,313
9198.0,29,0,0,0,29,0,313
9199.0,29,0,0,0,29,0,313
9200.0,29,0,0,0,29,0,313
9201.0,29,0,0,0,29,0,313
9202.0,29,0,0,0,29,0,313
9203.0,29,0,0,0,29,0,313
9204.0,29,0,0,0,29,0,313
9205.0,29,0,0,0,29,0,313
9206.0,29,0,0,0,29,0,313
9207.0,29,0,0,0,29,0,313
9208.0,29,0,0,0,29,0,313
9209.0,29,0,0,0,29,0,313
9210.0,29,0,0,0,29,0,313
9211.0,29,0,0,0,29,0,313
9212.0,29,0,0,0,29,0,313
9213.0,29,0,0,0,29,0,313
9214.0,29,0,0,0,29,0,313
9215.0,29,0,0,0,29,0,313
9216.0,29,0,0,0,29,0,313
9217.0,29,0,0,0,29,0,313
9218.0,29,0,0,0,29,0,313
9219.0,29,0,0,0,29,0,313
9220.0,29,0,0,0,29,0,313
9221.0,29,0,0,0,29,0,313
9222.0,29,0,0,0,29,0,313
9223.0,29,0,0,0,29,0,313
9224.0,29,0,0,0,29,0,313
9225.0,29,0,0,0,29,0,313
9226.0,29,0,0,0,29,0,313
9227.0,29,0,0,0,29,0,313
9228.0,29,0,0,0,29,0,313
9229.0,29,0,0,0,29,0,313
9230.0,29,0,0,0,29,0,313
9231.0,29,0,0,0,29,0,313
9232.0,29,0,0,0,29,0,313
9233.0,29,0,0,0,29,0,313
9234.0,29,0,0,0,29,0,313
9235.0,29,0,0,0,29,0,313
9236.0,29,0,0,0,29,0,313
9237.0,29,0,0,0,29,0,313
9238.0,29,0,0,0,29,0,313
9239.0,29,0,0,0,29,0,313
9240.0,29,0,0,0,29,0,313
9241.0,29,0,0,0,29,0,313
9242.0,29,0,0,0,29,0,313
9243.0,29,0,0,0,29,0,313
9244.0,29,0,0,0,29,0,313
9245.0,29,0,0,0,29,0,313
9246.0,29,0,0,0,29,0,313
9247.0,29,0,0,0,29,0,313
9248.0,29,0,0,0,29,0,313
9249.0,29,0,0,0,29,0,313
9250.0,29,0,0,0,29,0,313
9251.0,29,0,0,0,29,0,313
9252.0,29,0,0,0,29,0,313
9253.0,29,0,0,0,29,0,313
9254.0,29,0,0,0,29,0,313
9255.0,29,0,0,0,29,0,313
9256.0,29,0,0,0,29,0,313
9257.0,29,0,0,0,29,0,313
9258.0,29,0,0,0,29,0,313
9259.0,29,0,0,0,29,0,313
9260.0,29,0,0,0,29,0,313
9261.0,29,0,0,0,29,0,313
9262.0,29,0,0,0,29,0,313
9263.0,29,0,0,0,29,0,313
9264.0,29,0,0,0,29,0,313
9265.0,29,0,0,0,29,0,313
9266.0,29,0,0,0,29,0,313
9267.0,29,0,0,0,29,0,313
9268.0,29,0,0,0,29,0,313
9269.0,29,0,0,0,29,0,313
9270.0,29,0,0,0,29,0,313
9271.0,29,0,0,0,29,0,313
9272.0,29,0,0,0,29,0,313
9273.0,29,0,0,0,29,0,313
9274.0,29,0,0,0,29,0,313
9275.0,29,0,0,0,29,0,313
9276.0,29,0,0,0,29,0,313
9277.0,29,0,0,0,29,0,313
9278.0,29,0,0,0,29,0,313
9279.0,29,0,0,0,29,0,313
9280.0,29,0,0,0,29,0,313
9281.0,29,0,0,0,29,0,313
9282.0,29,0,0,0,29,0,313
9283.0,29,0,0,0,29,0,313
9284.0,29,0,0,0,29,0,313
9285.0,29,0,0,0,29,0,313
9286.0,29,0,0,0,29,0,313
9287.0,29,0,0,0,29,0,313
9288.0,29,0,0,0,29,0,313
9289.0,29,0,0,0,29,0,313
9290.0,29,0,0,0,29,0,313
9291.0,29,0,0,0,29,0,313
9292.0,29,0,0,0,29,0,313
9293.0,29,0,0,0,29,0,313
9294.0,29,0,0,0,29,0,313
9295.0,29,0,0,0,29,0,313
9296.0,29,0,0,0,29,0,313
9297.0,29,0,0,0,29,0,313
9298.0,29,0,0,0,29,0,313
9299.0,29,0,0,0,29,0,313
9300.0,29,0,0,0,29,0,313
9301.0,29,0,0,0,29,0,313
9302.0,29,0,0,0,29,0,313
9303.0,29,0,0,0,29,0,313
9304.0,29,0,0,0,29,0,313
9305.0,29,0,0,0,29,0,313
9306.0,29,0,0,0,29,0,313
9307.0,29,0,0,0,29,0,313
9308.0,29,0,0,0,29,0,313
9309.0,29,0,0,0,29,0,313
9310.0,29,0,0,0,29,0,313
9311.0,29,0,0,0,29,0,313
9312.0,29,0,0,0,29,0,313
9313.0,29,0,0,0,29,0,313
9314.0,29,0,0,0,29,0,313
9315.0,29,0,0,0,29,0,313
9316.0,29,0,0,0,29,0,313
9317.0,29,0,0,0,29,0,313
9318.0,29,0,0,0,29,0,313
9319.0,29,0,0,0,29,0,313
9320.0,29,0,0,0,29,0,313
9321.0,29,0,0,0,29,0,313
9322.0,29,0,0,0,29,0,313
9323.0,29,0,0,0,29,0,313
9324.0,29,0,0,0,29,0,313
9325.0,29,0,0,0,29,0,313
9326.0,29,0,0,0,29,0,313
9327.0,29,0,0,0,29,0,313
9328.0,29,0,0,0,29,0,313
9329.0,29,0,0,0,29,0,313
9330.0,29,0,0,0,29,0,313
9331.0,29,0,0,0,29,0,313
9332.0,29,0,0,0,29,0,313
9333.0,29,0,0,0,29,0,313
9334.0,29,0,0,0,29,0,313
9335.0,29,0,0,0,29,0,313
9336.0,29,0,0,0,29,0,313
9337.0,29,0,0,0,29,0,313
9338.0,29,0,0,0,29,0,313
9339.0,29,0,0,0,29,0,313
9340.0,29,0,0,0,29,0,313
9341.0,29,0,0,0,29,0,313
9342.0,29,0,0,0,29,0,313
9343.0,29,0,0,0,29,0,313
9344.0,29,0,0,0,29,0,313
9345.0,29,0,0,0,29,0,313
9346.0,29,0,0,0,29,0,313
9347.0,29,0,0,0,29,0,313
9348.0,29,0,0,0,29,0,313
9349.0,29,0,0,0,29,0,313
9350.0,29,0,0,0,29,0,313
9351.0,29,0,0,0,29,0,313
9352.0,29,0,0,0,29,0,313
9353.0,29,0,0,0,29,0,313
9354.0,29,0,0,0,29,0,313
9355.0,29,0,0,0,29,0,313
9356.0,29,0,0,0,29,0,313
9357.0,29,0,0,0,29,0,313
9358.0,29,0,0,0,29,0,313
9359.0,29,0,0,0,29,0,313
9360.0,29,0,0,0,29,0,313
9361.0,29,0,0,0,29,0,313
9362.0,29,0,0,0,29,0,313
9363.0,29,0,0,0,29,0,313
9364.0,29,0,0,0,29,0,313
9365.0,29,0,0,0,29,0,313
9366.0,29,0,0,0,29,0,313
9367.0,29,0,0,0,29,0,313
9368.0,29,0,0,0,29,0,313
9369.0,29,0,0,0,29,0,313
9370.0,29,0,0,0,29,0,313
9371.0,29,0,0,0,29,0,313
9372.0,29,0,0,0,29,0,313
9373.0,29,0,0,0,29,0,313
9374.0,29,0,0,0,29,0,313
9375.0,29,0,0,0,29,0,313
9376.0,29,0,0,0,29,0,313
9377.0,29,0,0,0,29,0,313
9378.0,29,0,0,0,29,0,313
9379.0,29,0,0,0,29,0,313
9380.0,29,0,0,0,29,0,313
9381.0,29,0,0,0,29,0,313
9382.0,29,0,0,0,29,0,313
9383.0,29,0,0,0,29,0,313
9384.0,29,0,0,0,29,0,313
9385.0,29,0,0,0,29,0,313
9386.0,29,0,0,0,29,0,313
9387.0,29,0,0,0,29,0,313
9388.0,29,0,0,0,29,0,313
9389.0,29,0,0,0,29,0,313
9390.0,29,0,0,0,29,0,313
9391.0,29,0,0,0,29,0,313
9392.0,29,0,0,0,29,0,313
9393.0,29,0,0,0,29,0,313
9394.0,29,0,0,0,29,0,313
9395.0,29,0,0,0,29,0,313
9396.0,29,0,0,0,29,0,313
9397.0,29,0,0,0,29,0,313
9398.0,29,0,0,0,29,0,313
9399.0,29,0,0,0,29,0,313
9400.0,29,0,0,0,29,0,313
9401.0,29,0,0,0,29,0,313
9402.0,29,0,0,0,29,0,313
9403.0,29,0,0,0,29,0,313
9404.0,29,0,0,0,29,0,313
9405.0,29,0,0,0,29,0,313
9406.0,29,0,0,0,29,0,313
9407.0,29,0,0,0,29,0,313
9408.0,29,0,0,0,29,0,313
9409.0,29,0,0,0,29,0,313
9410.0,29,0,0,0,29,0,313
9411.0,29,0,0,0,29,0,313
9412.0,29,0,0,0,29,0,313
9413.0,29,0,0,0,29,0,313
9414.0,29,0,0,0,29,0,313
9415.0,29,0,0,0,29,0,313
9416.0,29,0,0,0,29,0,313
9417.0,29,0,0,0,29,0,313
9418.0,29,0,0,0,29,0,313
9419.0,29,0,0,0,29,0,313
9420.0,29,0,0,0,29,0,313
9421.0,29,0,0,0,29,0,313
9422.0,29,0,0,0,29,0,313
9423.0,29,0,0,0,29,0,313
9424.0,29,0,0,0,29,0,313
9425.0,29,0,0,0,29,0,313
9426.0,29,0,0,0,29,0,313
9427.0,29,0,0,0,29,0,313
9428.0,29,0,0,0,29,0,313
9429.0,29,0,0,0,29,0,313
9430.0,29,0,0,0,29,0,313
9431.0,29,0,0,0,29,0,313
9432.0,29,0,0,0,29,0,313
9433.0,29,0,0,0,29,0,313
9434.0,29,0,0,0,29,0,313
9435.0,29,0,0,0,29,0,313
9436.0,29,0,0,0,29,0,313
9437.0,29,0,0,0,29,0,313
9438.0,29,0,0,0,29,0,313
9439.0,29,0,0,0,29,0,313
9440.0,29,0,0,0,29,0,313
9441.0,29,0,0,0,29,0,313
9442.0,29,0,0,0,29,0,313
9443.0,29,0,0,0,29,0,313
9444.0,29,0,0,0,29,0,313
9445.0,29,0,0,0,29,0,313
9446.0,29,0,0,0,29,0,313
9447.0,29,0,0,0,29,0,313
9448.0,29,0,0,0,29,0,313
9449.0,29,0,0,0,29,0,313
9450.0,29,0,0,0,29,0,313
9451.0,29,0,0,0,29,0,313
9452.0,29,0,0,0,29,0,313
9453.0,29,0,0,0,29,0,313
9454.0,29,0,0,0,29,0,313
9455.0,29,0,0,0,29,0,313
9456.0,29,0,0,0,29,0,313
9457.0,29,0,0,0,29,0,313
9458.0,29,0,0,0,29,0,313
9459.0,29,0,0,0,29,0,313
9460.0,29,0,0,0,29,0,313
9461.0,29,0,0,0,29,0,313
9462.0,29,0,0,0,29,0,313
9463.0,29,0,0,0,29,0,313
9464.0,29,0,0,0,29,0,313
9465.0,29,0,0,0,29,0,313
9466.0,29,0,0,0,29,0,313
9467.0,29,0,0,0,29,0,313
9468.0,29,0,0,0,29,0,313
9469.0,29,0,0,0,29,0,313
9470.0,29,0,0,0,29,0,313
9471.0,29,0,0,0,29,0,313
9472.0,29,0,0,0,29,0,313
9473.0,29,0,0,0,29,0,313
9474.0,29,0,0,0,29,0,313
9475.0,29,0,0,0,29,0,313
9476.0,29,0,0,0,29,0,313
9477.0,29,0,0,0,29,0,313
9478.0,29,0,0,0,29,0,313
9479.0,29,0,0,0,29,0,313
9480.0,29,0,0,0,29,0,313
9481.0,29,0,0,0,29,0,313
9482.0,29,0,0,0,29,0,313
9483.0,29,0,0,0,29,0,313
9484.0,29,0,0,0,29,0,313
9485.0,29,0,0,0,29,0,313
9486.0,29,0,0,0,29,0,313
9487.0,29,0,0,0,29,0,313
9488.0,29,0,0,0,29,0,313
9489.0,29,0,0,0,29,0,313
9490.0,29,0,0,0,29,0,313
9491.0,29,0,0,0,29,0,313
9492.0,29,0,0,0,29,0,313
9493.0,29,0,0,0,29,0,313
9494.0,29,0,0,0,29,0,313
9495.0,29,0,0,0,29,0,313
9496.0,29,0,0,0,29,0,313
9497.0,29,0,0,0,29,0,313
9498.0,29,0,0,0,29,0,313
9499.0,29,0,0,0,29,0,313
9500.0,29,0,0,0,29,0,313
9501.0,29,0,0,0,29,0,313
9502.0,29,0,0,0,29,0,313
9503.0,29,0,0,0,29,0,313
9504.0,29,0,0,0,29,0,313
9505.0,29,0,0,0,29,0,313
9506.0,29,0,0,0,29,0,313
9507.0,29,0,0,0,29,0,313
9508.0,29,0,0,0,29,0,313
9509.0,29,0,0,0,29,0,313
9510.0,29,0,0,0,29,0,313
9511.0,29,0,0,0,29,0,313
9512.0,29,0,0,0,29,0,313
9513.0,29,0,0,0,29,0,313
9514.0,29,0,0,0,29,0,313
9515.0,29,0,0,0,29,0,313
9516.0,29,0,0,0,29,0,313
9517.0,29,0,0,0,29,0,313
9518.0,29,0,0,0,29,0,313
9519.0,29,0,0,0,29,0,313
9520.0,29,0,0,0,29,0,313
9521.0,29,0,0,0,29,0,313
9522.0,29,0,0,0,29,0,313
9523.0,29,0,0,0,29,0,313
9524.0,29,0,0,0,29,0,313
9525.0,29,0,0,0,29,0,313
9526.0,29,0,0,0,29,0,313
9527.0,29,0,0,0,29,0,313
9528.0,29,0,0,0,29,0,313
9529.0,29,0,0,0,29,0,313
9530.0,29,0,0,0,29,0,313
9531.0,29,0,0,0,29,0,313
9532.0,29,0,0,0,29,0,313
9533.0,29,0,0,0,29,0,313
9534.0,29,0,0,0,29,0,313
9535.0,29,0,0,0,29,0,313
9536.0,29,0,0,0,29,0,313
9537.0,29,0,0,0,29,0,313
9538.0,29,0,0,0,29,0,313
9539.0,29,0,0,0,29,0,313
9540.0,29,0,0,0,29,0,313
9541.0,29,0,0,0,29,0,313
9542.0,29,0,0,0,29,0,313
9543.0,29,0,0,0,29,0,313
9544.0,29,0,0,0,29,0,313
9545.0,29,0,0,0,29,0,313
9546.0,29,0,0,0,29,0,313
9547.0,29,0,0,0,29,0,313
9548.0,29,0,0,0,29,0,313
9549.0,29,0,0,0,29,0,313
9550.0,29,0,0,0,29,0,313
9551.0,29,0,0,0,29,0,313
9552.0,29,0,0,0,29,0,313
9553.0,29,0,0,0,29,0,313
9554.0,29,0,0,0,29,0,313
9555.0,29,0,0,0,29,0,313
9556.0,29,0,0,0,29,0,313
9557.0,29,0,0,0,29,0,313
9558.0,29,0,0,0,29,0,313
9559.0,29,0,0,0,29,0,313
9560.0,29,0,0,0,29,0,313
9561.0,29,0,0,0,29,0,313
9562.0,29,0,0,0,29,0,313
9563.0,29,0,0,0,29,0,313
9564.0,29,0,0,0,29,0,313
9565.0,29,0,0,0,29,0,313
9566.0,29,0,0,0,29,0,313
9567.0,29,0,0,0,29,0,313
9568.0,29,0,0,0,29,0,313
9569.0,29,0,0,0,29,0,313
9570.0,29,0,0,0,29,0,313
9571.0,29,0,0,0,29,0,313
9572.0,29,0,0,0,29,0,313
9573.0,29,0,0,0,29,0,313
9574.0,29,0,0,0,29,0,313
9575.0,29,0,0,0,29,0,313
9576.0,29,0,0,0,29,0,313
9577.0,29,0,0,0,29,0,313
9578.0,29,0,0,0,29,0,313
9579.0,29,0,0,0,29,0,313
9580.0,29,0,0,0,29,0,313
9581.0,29,0,0,0,29,0,313
9582.0,29,0,0,0,29,0,313
9583.0,29,0,0,0,29,0,313
9584.0,29,0,0,0,29,0,313
9585.0,29,0,0,0,29,0,313
9586.0,29,0,0,0,29,0,313
9587.0,29,0,0,0,29,0,313
9588.0,29,0,0,0,29,0,313
9589.0,29,0,0,0,29,0,313
9590.0,29,0,0,0,29,0,313
9591.0,29,0,0,0,29,0,313
9592.0,29,0,0,0,29,0,313
9593.0,29,0,0,0,29,0,313
9594.0,29,0,0,0,29,0,313
9595.0,29,0,0,0,29,0,313
9596.0,29,0,0,0,29,0,313
9597.0,29,0,0,0,29,0,313
9598.0,29,0,0,0,29,0,313
9599.0,29,0,0,0,29,0,313
9600.0,29,0,0,0,29,0,313
9601.0,29,0,0,0,29,0,313
9602.0,29,0,0,0,29,0,313
9603.0,29,0,0,0,29,0,313
9604.0,29,0,0,0,29,0,313
9605.0,29,0,0,0,29,0,313
9606.0,29,0,0,0,29,0,313
9607.0,29,0,0,0,29,0,313
9608.0,29,0,0,0,29,0,313
9609.0,29,0,0,0,29,0,313
9610.0,29,0,0,0,29,0,313
9611.0,29,0,0,0,29,0,313
9612.0,29,0,0,0,29,0,313
9613.0,29,0,0,0,29,0,313
9614.0,29,0,0,0,29,0,313
9615.0,29,0,0,0,29,0,313
9616.0,29,0,0,0,29,0,313
9617.0,29,0,0,0,29,0,313
9618.0,29,0,0,0,29,0,313
9619.0,29,0,0,0,29,0,313
9620.0,29,0,0,0,29,0,313
9621.0,29,0,0,0,29,0,313
9622.0,29,0,0,0,29,0,313
9623.0,29,0,0,0,29,0,313
9624.0,29,0,0,0,29,0,313
9625.0,29,0,0,0,29,0,313
9626.0,29,0,0,0,29,0,313
9627.0,29,0,0,0,29,0,313
9628.0,29,0,0,0,29,0,313
9629.0,29,0,0,0,29,0,313
9630.0,29,0,0,0,29,0,313
9631.0,29,0,0,0,29,0,313
9632.0,29,0,0,0,29,0,313
9633.0,29,0,0,0,29,0,313
9634.0,29,0,0,0,29,0,313
9635.0,29,0,0,0,29,0,313
9636.0,29,0,0,0,29,0,313
9637.0,29,0,0,0,29,0,313
9638.0,29,0,0,0,29,0,313
9639.0,29,0,0,0,29,0,313
9640.0,29,0,0,0,29,0,313
9641.0,29,0,0,0,29,0,313
9642.0,29,0,0,0,29,0,313
9643.0,29,0,0,0,29,0,313
9644.0,29,0,0,0,29,0,313
9645.0,29,0,0,0,29,0,313
9646.0,29,0,0,0,29,0,313
9647.0,29,0,0,0,29,0,313
9648.0,29,0,0,0,29,0,313
9649.0,29,0,0,0,29,0,313
9650.0,29,0,0,0,29,0,313
9651.0,29,0,0,0,29,0,313
9652.0,29,0,0,0,29,0,313
9653.0,29,0,0,0,29,0,313
9654.0,29,0,0,0,29,0,313
9655.0,29,0,0,0,29,0,313
9656.0,29,0,0,0,29,0,313
9657.0,29,0,0,0,29,0,313
9658.0,29,0,0,0,29,0,313
9659.0,29,0,0,0,29,0,313
9660.0,29,0,0,0,29,0,313
9661.0,29,0,0,0,29,0,313
9662.0,29,0,0,0,29,0,313
9663.0,29,0,0,0,29,0,313
9664.0,29,0,0,0,29,0,313
9665.0,29,0,0,0,29,0,313
9666.0,29,0,0,0,29,0,313
9667.0,29,0,0,0,29,0,313
9668.0,29,0,0,0,29,0,313
9669.0,29,0,0,0,29,0,313
9670.0,29,0,0,0,29,0,313
9671.0,29,0,0,0,29,0,313
9672.0,29,0,0,0,29,0,313
9673.0,29,0,0,0,29,0,313
9674.0,29,0,0,0,29,0,313
9675.0,29,0,0,0,29,0,313
9676.0,29,0,0,0,29,0,313
9677.0,29,0,0,0,29,0,313
9678.0,29,0,0,0,29,0,313
9679.0,29,0,0,0,29,0,313
9680.0,29,0,0,0,29,0,313
9681.0,29,0,0,0,29,0,313
9682.0,29,0,0,0,29,0,313
9683.0,29,0,0,0,29,0,313
9684.0,29,0,0,0,29,0,313
9685.0,29,0,0,0,29,0,313
9686.0,29,0,0,0,29,0,313
9687.0,29,0,0,0,29,0,313
9688.0,29,0,0,0,29,0,313
9689.0,29,0,0,0,29,0,313
9690.0,29,0,0,0,29,0,313
9691.0,29,0,0,0,29,0,313
9692.0,29,0,0,0,29,0,313
9693.0,29,0,0,0,29,0,313
9694.0,29,0,0,0,29,0,313
9695.0,29,0,0,0,29,0,313
9696.0,29,0,0,0,29,0,313
9697.0,29,0,0,0,29,0,313
9698.0,29,0,0,0,29,0,313
9699.0,29,0,0,0,29,0,313
9700.0,29,0,0,0,29,0,313
9701.0,29,0,0,0,29,0,313
9702.0,29,0,0,0,29,0,313
9703.0,29,0,0,0,29,0,313
9704.0,29,0,0,0,29,0,313
9705.0,29,0,0,0,29,0,313
9706.0,29,0,0,0,29,0,313
9707.0,29,0,0,0,29,0,313
9708.0,29,0,0,0,29,0,313
9709.0,29,0,0,0,29,0,313
9710.0,29,0,0,0,29,0,313
9711.0,29,0,0,0,29,0,313
9712.0,29,0,0,0,29,0,313
9713.0,29,0,0,0,29,0,313
9714.0,29,0,0,0,29,0,313
9715.0,29,0,0,0,29,0,313
9716.0,29,0,0,0,29,0,313
9717.0,29,0,0,0,29,0,313
9718.0,29,0,0,0,29,0,313
9719.0,29,0,0,0,29,0,313
9720.0,29,0,0,0,29,0,313
9721.0,29,0,0,0,29,0,313
9722.0,29,0,0,0,29,0,313
9723.0,29,0,0,0,29,0,313
9724.0,29,0,0,0,29,0,313
9725.0,29,0,0,0,29,0,313
9726.0,29,0,0,0,29,0,313
9727.0,29,0,0,0,29,0,313
9728.0,29,0,0,0,29,0,313
9729.0,29,0,0,0,29,0,313
9730.0,29,0,0,0,29,0,313
9731.0,29,0,0,0,29,0,313
9732.0,29,0,0,0,29,0,313
9733.0,29,0,0,0,29,0,313
9734.0,29,0,0,0,29,0,313
9735.0,29,0,0,0,29,0,313
9736.0,29,0,0,0,29,0,313
9737.0,29,0,0,0,29,0,313
9738.0,29,0,0,0,29,0,313
9739.0,29,0,0,0,29,0,313
9740.0,29,0,0,0,29,0,313
9741.0,29,0,0,0,29,0,313
9742.0,29,0,0,0,29,0,313
9743.0,29,0,0,0,29,0,313
9744.0,29,0,0,0,29,0,313
9745.0,29,0,0,0,29,0,313
9746.0,29,0,0,0,29,0,313
9747.0,29,0,0,0,29,0,313
9748.0,29,0,0,0,29,0,313
9749.0,29,0,0,0,29,0,313
9750.0,29,0,0,0,29,0,313
9751.0,29,0,0,0,29,0,313
9752.0,29,0,0,0,29,0,313
9753.0,29,0,0,0,29,0,313
9754.0,29,0,0,0,29,0,313
9755.0,29,0,0,0,29,0,313
9756.0,29,0,0,0,29,0,313
9757.0,29,0,0,0,29,0,313
9758.0,29,0,0,0,29,0,313
9759.0,29,0,0,0,29,0,313
9760.0,29,0,0,0,29,0,313
9761.0,29,0,0,0,29,0,313
9762.0,29,0,0,0,29,0,313
9763.0,29,0,0,0,29,0,313
9764.0,29,0,0,0,29,0,313
9765.0,29,0,0,0,29,0,313
9766.0,29,0,0,0,29,0,313
9767.0,29,0,0,0,29,0,313
9768.0,29,0,0,0,29,0,313
9769.0,29,0,0,0,29,0,313
9770.0,29,0,0,0,29,0,313
9771.0,29,0,0,0,29,0,313
9772.0,29,0,0,0,29,0,313
9773.0,29,0,0,0,29,0,313
9774.0,29,0,0,0,29,0,313
9775.0,29,0,0,0,29,0,313
9776.0,29,0,0,0,29,0,313
9777.0,29,0,0,0,29,0,313
9778.0,29,0,0,0,29,0,313
9779.0,29,0,0,0,29,0,313
9780.0,29,0,0,0,29,0,313
9781.0,29,0,0,0,29,0,313
9782.0,29,0,0,0,29,0,313
9783.0,29,0,0,0,29,0,313
9784.0,29,0,0,0,29,0,313
9785.0,29,0,0,0,29,0,313
9786.0,29,0,0,0,29,0,313
9787.0,29,0,0,0,29,0,313
9788.0,29,0,0,0,29,0,313
9789.0,29,0,0,0,29,0,313
9790.0,29,0,0,0,29,0,313
9791.0,29,0,0,0,29,0,313
9792.0,29,0,0,0,29,0,313
9793.0,29,0,0,0,29,0,313
9794.0,29,0,0,0,29,0,313
9795.0,29,0,0,0,29,0,313
9796.0,29,0,0,0,29,0,313
9797.0,29,0,0,0,29,0,313
9798.0,29,0,0,0,29,0,313
9799.0,29,0,0,0,29,0,313
9800.0,29,0,0,0,29,0,313
9801.0,29,0,0,0,29,0,313
9802.0,29,0,0,0,29,0,313
9803.0,29,0,0,0,29,0,313
9804.0,29,0,0,0,29,0,313
9805.0,29,0,0,0,29,0,313
9806.0,29,0,0,0,29,0,313
9807.0,29,0,0,0,29,0,313
9808.0,29,0,0,0,29,0,313
9809.0,29,0,0,0,29,0,313
9810.0,29,0,0,0,29,0,313
9811.0,29,0,0,0,29,0,313
9812.0,29,0,0,0,29,0,313
9813.0,29,0,0,0,29,0,313
9814.0,29,0,0,0,29,0,313
9815.0,29,0,0,0,29,0,313
9816.0,29,0,0,0,29,0,313
9817.0,29,0,0,0,29,0,313
9818.0,29,0,0,0,29,0,313
9819.0,29,0,0,0,29,0,313
9820.0,29,0,0,0,29,0,313
9821.0,29,0,0,0,29,0,313
9822.0,29,0,0,0,29,0,313
9823.0,29,0,0,0,29,0,313
9824.0,29,0,0,0,29,0,313
9825.0,29,0,0,0,29,0,313
9826.0,29,0,0,0,29,0,313
9827.0,29,0,0,0,29,0,313
9828.0,29,0,0,0,29,0,313
9829.0,29,0,0,0,29,0,313
9830.0,29,0,0,0,29,0,313
9831.0,29,0,0,0,29,0,313
9832.0,29,0,0,0,29,0,313
9833.0,29,0,0,0,29,0,313
9834.0,29,0,0,0,29,0,313
9835.0,29,0,0,0,29,0,313
9836.0,29,0,0,0,29,0,313
9837.0,29,0,0,0,29,0,313
9838.0,29,0,0,0,29,0,313
9839.0,29,0,0,0,29,0,313
9840.0,29,0,0,0,29,0,313
9841.0,29,0,0,0,29,0,313
9842.0,29,0,0,0,29,0,313
9843.0,29,0,0,0,29,0,313
9844.0,29,0,0,0,29,0,313
9845.0,29,0,0,0,29,0,313
9846.0,29,0,0,0,29,0,313
9847.0,29,0,0,0,29,0,313
9848.0,29,0,0,0,29,0,313
9849.0,29,0,0,0,29,0,313
9850.0,29,0,0,0,29,0,313
9851.0,29,0,0,0,29,0,313
9852.0,29,0,0,0,29,0,313
9853.0,29,0,0,0,29,0,313
9854.0,29,0,0,0,29,0,313
9855.0,29,0,0,0,29,0,313
9856.0,29,0,0,0,29,0,313
9857.0,29,0,0,0,29,0,313
9858.0,29,0,0,0,29,0,313
9859.0,29,0,0,0,29,0,313
9860.0,29,0,0,0,29,0,313
9861.0,29,0,0,0,29,0,313
9862.0,29,0,0,0,29,0,313
9863.0,29,0,0,0,29,0,313
9864.0,29,0,0,0,29,0,313
9865.0,29,0,0,0,29,0,313
9866.0,29,0,0,0,29,0,313
9867.0,29,0,0,0,29,0,313
9868.0,29,0,0,0,29,0,313
9869.0,29,0,0,0,29,0,313
9870.0,29,0,0,0,29,0,313
9871.0,29,0,0,0,29,0,313
9872.0,29,0,0,0,29,0,313
9873.0,29,0,0,0,29,0,313
9874.0,29,0,0,0,29,0,313
9875.0,29,0,0,0,29,0,313
9876.0,29,0,0,0,29,0,313
9877.0,29,0,0,0,29,0,313
9878.0,29,0,0,0,29,0,313
9879.0,29,0,0,0,29,0,313
9880.0,29,0,0,0,29,0,313
9881.0,29,0,0,0,29,0,313
9882.0,29,0,0,0,29,0,313
9883.0,29,0,0,0,29,0,313
9884.0,29,0,0,0,29,0,313
9885.0,29,0,0,0,29,0,313
9886.0,29,0,0,0,29,0,313
9887.0,29,0,0,0,29,0,313
9888.0,29,0,0,0,29,0,313
9889.0,29,0,0,0,29,0,313
9890.0,29,0,0,0,29,0,313
9891.0,29,0,0,0,29,0,313
9892.0,29,0,0,0,29,0,313
9893.0,29,0,0,0,29,0,313
9894.0,29,0,0,0,29,0,313
9895.0,29,0,0,0,29,0,313
9896.0,29,0,0,0,29,0,313
9897.0,29,0,0,0,29,0,313
9898.0,29,0,0,0,29,0,313
9899.0,29,0,0,0,29,0,313
9900.0,29,0,0,0,29,0,313
9901.0,29,0,0,0,29,0,313
9902.0,29,0,0,0,29,0,313
9903.0,29,0,0,0,29,0,313
9904.0,29,0,0,0,29,0,313
9905.0,29,0,0,0,29,0,313
9906.0,29,0,0,0,29,0,313
9907.0,29,0,0,0,29,0,313
9908.0,29,0,0,0,29,0,313
9909.0,29,0,0,0,29,0,313
9910.0,29,0,0,0,29,0,313
9911.0,29,0,0,0,29,0,313
9912.0,29,0,0,0,29,0,313
9913.0,29,0,0,0,29,0,313
9914.0,29,0,0,0,29,0,313
9915.0,29,0,0,0,29,0,313
9916.0,29,0,0,0,29,0,313
9917.0,29,0,0,0,29,0,313
9918.0,29,0,0,0,29,0,313
9919.0,29,0,0,0,29,0,313
9920.0,29,0,0,0,29,0,313
9921.0,29,0,0,0,29,0,313
9922.0,29,0,0,0,29,0,313
9923.0,29,0,0,0,29,0,313
9924.0,29,0,0,0,29,0,313
9925.0,29,0,0,0,29,0,313
9926.0,29,0,0,0,29,0,313
9927.0,29,0,0,0,29,0,313
9928.0,29,0,0,0,29,0,313
9929.0,29,0,0,0,29,0,313
9930.0,29,0,0,0,29,0,313
9931.0,29,0,0,0,29,0,313
9932.0,29,0,0,0,29,0,313
9933.0,29,0,0,0,29,0,313
9934.0,29,0,0,0,29,0,313
9935.0,29,0,0,0,29,0,313
9936.0,29,0,0,0,29,0,313
9937.0,29,0,0,0,29,0,313
9938.0,29,0,0,0,29,0,313
9939.0,29,0,0,0,29,0,313
9940.0,29,0,0,0,29,0,313
9941.0,29,0,0,0,29,0,313
9942.0,29,0,0,0,29,0,313
9943.0,29,0,0,0,29,0,313
9944.0,29,0,0,0,29,0,313
9945.0,29,0,0,0,29,0,313
9946.0,29,0,0,0,29,0,313
9947.0,29,0,0,0,29,0,313
9948.0,29,0,0,0,29,0,313
9949.0,29,0,0,0,29,0,313
9950.0,29,0,0,0,29,0,313
9951.0,29,0,0,0,29,0,313
9952.0,29,0,0,0,29,0,313
9953.0,29,0,0,0,29,0,313
9954.0,29,0,0,0,29,0,313
9955.0,29,0,0,0,29,0,313
9956.0,29,0,0,0,29,0,313
9957.0,29,0,0,0,29,0,313
9958.0,29,0,0,0,29,0,313
9959.0,29,0,0,0,29,0,313
9960.0,29,0,0,0,29,0,313
9961.0,29,0,0,0,29,0,313
9962.0,29,0,0,0,29,0,313
9963.0,29,0,0,0,29,0,313
9964.0,29,0,0,0,29,0,313
9965.0,29,0,0,0,29,0,313
9966.0,29,0,0,0,29,0,313
9967.0,29,0,0,0,29,0,313
9968.0,29,0,0,0,29,0,313
9969.0,29,0,0,0,29,0,313
9970.0,29,0,0,0,29,0,313
9971.0,29,0,0,0,29,0,313
9972.0,29,0,0,0,29,0,313
9973.0,29,0,0,0,29,0,313
9974.0,29,0,0,0,29,0,313
9975.0,29,0,0,0,29,0,313
9976.0,29,0,0,0,29,0,313
9977.0,29,0,0,0,29,0,313
9978.0,29,0,0,0,29,0,313
9979.0,29,0,0,0,29,0,313
9980.0,29,0,0,0,29,0,313
9981.0,29,0,0,0,29,0,313
9982.0,29,0,0,0,29,0,313
9983.0,29,0,0,0,29,0,313
9984.0,29,0,0,0,29,0,313
9985.0,29,0,0,0,29,0,313
9986.0,29,0,0,0,29,0,313
9987.0,29,0,0,0,29,0,313
9988.0,29,0,0,0,29,0,313
9989.0,29,0,0,0,29,0,313
9990.0,29,0,0,0,29,0,313
9991.0,29,0,0,0,29,0,313
9992.0,29,0,0,0,29,0,313
9993.0,29,0,0,0,29,0,313
9994.0,29,0,0,0,29,0,313
9995.0,29,0,0,0,29,0,313
9996.0,29,0,0,0,29,0,313
9997.0,29,0,0,0,29,0,313
9998.0,29,0,0,0,29,0,313
9999.0,29,0,0,0,29,0,313
10000.0,29,0,0,0,29,0,313
10001.0,29,0,0,0,29,0,313
10002.0,29,0,0,0,29,0,313
10003.0,29,0,0,0,29,0,313
10004.0,29,0,0,0,29,0,313
10005.0,29,0,0,0,29,0,313
10006.0,29,0,0,0,29,0,313
10007.0,29,0,0,0,29,0,313
10008.0,29,0,0,0,29,0,313
10009.0,29,0,0,0,29,0,313
10010.0,29,0,0,0,29,0,313
10011.0,29,0,0,0,29,0,313
10012.0,29,0,0,0,29,0,313
10013.0,29,0,0,0,29,0,313
10014.0,29,0,0,0,29,0,313
10015.0,29,0,0,0,29,0,313
10016.0,29,0,0,0,29,0,313
10017.0,29,0,0,0,29,0,313
10018.0,29,0,0,0,29,0,313
10019.0,29,0,0,0,29,0,313
10020.0,29,0,0,0,29,0,313
10021.0,29,0,0,0,29,0,313
10022.0,29,0,0,0,29,0,313
10023.0,29,0,0,0,29,0,313
10024.0,29,0,0,0,29,0,313
10025.0,29,0,0,0,29,0,313
10026.0,29,0,0,0,29,0,313
10027.0,29,0,0,0,29,0,313
10028.0,29,0,0,0,29,0,313
10029.0,29,0,0,0,29,0,313
10030.0,29,0,0,0,29,0,313
10031.0,29,0,0,0,29,0,313
10032.0,29,0,0,0,29,0,313
10033.0,29,0,0,0,29,0,313
10034.0,29,0,0,0,29,0,313
10035.0,29,0,0,0,29,0,313
10036.0,29,0,0,0,29,0,313
10037.0,29,0,0,0,29,0,313
10038.0,29,0,0,0,29,0,313
10039.0,29,0,0,0,29,0,313
10040.0,29,0,0,0,29,0,313
10041.0,29,0,0,0,29,0,313
10042.0,29,0,0,0,29,0,313
10043.0,29,0,0,0,29,0,313
10044.0,29,0,0,0,29,0,313
10045.0,29,0,0,0,29,0,313
10046.0,29,0,0,0,29,0,313
10047.0,29,0,0,0,29,0,313
10048.0,29,0,0,0,29,0,313
10049.0,29,0,0,0,29,0,313
10050.0,29,0,0,0,29,0,313
10051.0,29,0,0,0,29,0,313
10052.0,29,0,0,0,29,0,313
10053.0,29,0,0,0,29,0,313
10054.0,29,0,0,0,29,0,313
10055.0,29,0,0,0,29,0,313
10056.0,29,0,0,0,29,0,313
10057.0,29,0,0,0,29,0,313
10058.0,29,0,0,0,29,0,313
10059.0,29,0,0,0,29,0,313
10060.0,29,0,0,0,29,0,313
10061.0,29,0,0,0,29,0,313
10062.0,29,0,0,0,29,0,313
10063.0,29,0,0,0,29,0,313
10064.0,29,0,0,0,29,0,313
10065.0,29,0,0,0,29,0,313
10066.0,29,0,0,0,29,0,313
10067.0,29,0,0,0,29,0,313
10068.0,29,0,0,0,29,0,313
10069.0,29,0,0,0,29,0,313
10070.0,29,0,0,0,29,0,313
10071.0,29,0,0,0,29,0,313
10072.0,29,0,0,0,29,0,313
10073.0,29,0,0,0,29,0,313
10074.0,29,0,0,0,29,0,313
10075.0,29,0,0,0,29,0,313
10076.0,29,0,0,0,29,0,313
10077.0,29,0,0,0,29,0,313
10078.0,29,0,0,0,29,0,313
10079.0,29,0,0,0,29,0,313
10080.0,29,0,0,0,29,0,313
10081.0,29,0,0,0,29,0,313
10082.0,29,0,0,0,29,0,313
10083.0,29,0,0,0,29,0,313
10084.0,29,0,0,0,29,0,313
10085.0,29,0,0,0,29,0,313
10086.0,29,0,0,0,29,0,313
10087.0,29,0,0,0,29,0,313
10088.0,29,0,0,0,29,0,313
10089.0,29,0,0,0,29,0,313
10090.0,29,0,0,0,29,0,313
10091.0,29,0,0,0,29,0,313
10092.0,29,0,0,0,29,0,313
10093.0,29,0,0,0,29,0,313
10094.0,29,0,0,0,29,0,313
10095.0,29,0,0,0,29,0,313
10096.0,29,0,0,0,29,0,313
10097.0,29,0,0,0,29,0,313
10098.0,29,0,0,0,29,0,313
10099.0,29,0,0,0,29,0,313
10100.0,29,0,0,0,29,0,313
10101.0,29,0,0,0,29,0,313
10102.0,29,0,0,0,29,0,313
10103.0,29,0,0,0,29,0,313
10104.0,29,0,0,0,29,0,313
10105.0,29,0,0,0,29,0,313
10106.0,29,0,0,0,29,0,313
10107.0,29,0,0,0,29,0,313
10108.0,29,0,0,0,29,0,313
10109.0,29,0,0,0,29,0,313
10110.0,29,0,0,0,29,0,313
10111.0,29,0,0,0,29,0,313
10112.0,29,0,0,0,29,0,313
10113.0,29,0,0,0,29,0,313
10114.0,29,0,0,0,29,0,313
10115.0,29,0,0,0,29,0,313
10116.0,29,0,0,0,29,0,313
10117.0,29,0,0,0,29,0,313
10118.0,29,0,0,0,29,0,313
10119.0,29,0,0,0,29,0,313
10120.0,29,0,0,0,29,0,313
10121.0,29,0,0,0,29,0,313
10122.0,29,0,0,0,29,0,313
10123.0,29,0,0,0,29,0,313
10124.0,29,0,0,0,29,0,313
10125.0,29,0,0,0,29,0,313
10126.0,29,0,0,0,29,0,313
10127.0,29,0,0,0,29,0,313
10128.0,29,0,0,0,29,0,313
10129.0,29,0,0,0,29,0,313
10130.0,29,0,0,0,29,0,313
10131.0,29,0,0,0,29,0,313
10132.0,29,0,0,0,29,0,313
10133.0,29,0,0,0,29,0,313
10134.0,29,0,0,0,29,0,313
10135.0,29,0,0,0,29,0,313
10136.0,29,0,0,0,29,0,313
10137.0,29,0,0,0,29,0,313
10138.0,29,0,0,0,29,0,313
10139.0,29,0,0,0,29,0,313
10140.0,29,0,0,0,29,0,313
10141.0,29,0,0,0,29,0,313
10142.0,29,0,0,0,29,0,313
10143.0,29,0,0,0,29,0,313
10144.0,29,0,0,0,29,0,313
10145.0,29,0,0,0,29,0,313
10146.0,29,0,0,0,29,0,313
10147.0,29,0,0,0,29,0,313
10148.0,29,0,0,0,29,0,313
10149.0,29,0,0,0,29,0,313
10150.0,29,0,0,0,29,0,313
10151.0,29,0,0,0,29,0,313
10152.0,29,0,0,0,29,0,313
10153.0,29,0,0,0,29,0,313
10154.0,29,0,0,0,29,0,313
10155.0,29,0,0,0,29,0,313
10156.0,29,0,0,0,29,0,313
10157.0,29,0,0,0,29,0,313
10158.0,29,0,0,0,29,0,313
10159.0,29,0,0,0,29,0,313
10160.0,29,0,0,0,29,0,313
10161.0,29,0,0,0,29,0,313
10162.0,29,0,0,0,29,0,313
10163.0,29,0,0,0,29,0,313
10164.0,29,0,0,0,29,0,313
10165.0,29,0,0,0,29,0,313
10166.0,29,0,0,0,29,0,313
10167.0,29,0,0,0,29,0,313
10168.0,29,0,0,0,29,0,313
10169.0,29,0,0,0,29,0,313
10170.0,29,0,0,0,29,0,313
10171.0,29,0,0,0,29,0,313
10172.0,29,0,0,0,29,0,313
10173.0,29,0,0,0,29,0,313
10174.0,29,0,0,0,29,0,313
10175.0,29,0,0,0,29,0,313
10176.0,29,0,0,0,29,0,313
10177.0,29,0,0,0,29,0,313
10178.0,29,0,0,0,29,0,313
10179.0,29,0,0,0,29,0,313
10180.0,29,0,0,0,29,0,313
10181.0,29,0,0,0,29,0,313
10182.0,29,0,0,0,29,0,313
10183.0,29,0,0,0,29,0,313
10184.0,29,0,0,0,29,0,313
10185.0,29,0,0,0,29,0,313
10186.0,29,0,0,0,29,0,313
10187.0,29,0,0,0,29,0,313
10188.0,29,0,0,0,29,0,313
10189.0,29,0,0,0,29,0,313
10190.0,29,0,0,0,29,0,313
10191.0,29,0,0,0,29,0,313
10192.0,29,0,0,0,29,0,313
10193.0,29,0,0,0,29,0,313
10194.0,29,0,0,0,29,0,313
10195.0,29,0,0,0,29,0,313
10196.0,29,0,0,0,29,0,313
10197.0,29,0,0,0,29,0,313
10198.0,29,0,0,0,29,0,313
10199.0,29,0,0,0,29,0,313
10200.0,29,0,0,0,29,0,313
10201.0,29,0,0,0,29,0,313
10202.0,29,0,0,0,29,0,313
10203.0,29,0,0,0,29,0,313
10204.0,29,0,0,0,29,0,313
10205.0,29,0,0,0,29,0,313
10206.0,29,0,0,0,29,0,313
10207.0,29,0,0,0,29,0,313
10208.0,29,0,0,0,29,0,313
10209.0,29,0,0,0,29,0,313
10210.0,29,0,0,0,29,0,313
10211.0,29,0,0,0,29,0,313
10212.0,29,0,0,0,29,0,313
10213.0,29,0,0,0,29,0,313
10214.0,29,0,0,0,29,0,313
10215.0,29,0,0,0,29,0,313
10216.0,29,0,0,0,29,0,313
10217.0,29,0,0,0,29,0,313
10218.0,29,0,0,0,29,0,313
10219.0,29,0,0,0,29,0,313
10220.0,29,0,0,0,29,0,313
10221.0,29,0,0,0,29,0,313
10222.0,29,0,0,0,29,0,313
10223.0,29,0,0,0,29,0,313
10224.0,29,0,0,0,29,0,313
10225.0,29,0,0,0,29,0,313
10226.0,29,0,0,0,29,0,313
10227.0,29,0,0,0,29,0,313
10228.0,29,0,0,0,29,0,313
10229.0,29,0,0,0,29,0,313
10230.0,29,0,0,0,29,0,313
10231.0,29,0,0,0,29,0,313
10232.0,29,0,0,0,29,0,313
10233.0,29,0,0,0,29,0,313
10234.0,29,0,0,0,29,0,313
10235.0,29,0,0,0,29,0,313
10236.0,29,0,0,0,29,0,313
10237.0,29,0,0,0,29,0,313
10238.0,29,0,0,0,29,0,313
10239.0,29,0,0,0,29,0,313
10240.0,29,0,0,0,29,0,313
10241.0,29,0,0,0,29,0,313
10242.0,29,0,0,0,29,0,313
10243.0,29,0,0,0,29,0,313
10244.0,29,0,0,0,29,0,313
10245.0,29,0,0,0,29,0,313
10246.0,29,0,0,0,29,0,313
10247.0,29,0,0,0,29,0,313
10248.0,29,0,0,0,29,0,313
10249.0,29,0,0,0,29,0,313
10250.0,29,0,0,0,29,0,313
10251.0,29,0,0,0,29,0,313
10252.0,29,0,0,0,29,0,313
10253.0,29,0,0,0,29,0,313
10254.0,29,0,0,0,29,0,313
10255.0,29,0,0,0,29,0,313
10256.0,29,0,0,0,29,0,313
10257.0,29,0,0,0,29,0,313
10258.0,29,0,0,0,29,0,313
10259.0,29,0,0,0,29,0,313
10260.0,29,0,0,0,29,0,313
10261.0,29,0,0,0,29,0,313
10262.0,29,0,0,0,29,0,313
10263.0,29,0,0,0,29,0,313
10264.0,29,0,0,0,29,0,313
10265.0,29,0,0,0,29,0,313
10266.0,29,0,0,0,29,0,313
10267.0,29,0,0,0,29,0,313
10268.0,29,0,0,0,29,0,313
10269.0,29,0,0,0,29,0,313
10270.0,29,0,0,0,29,0,313
10271.0,29,0,0,0,29,0,313
10272.0,29,0,0,0,29,0,313
10273.0,29,0,0,0,29,0,313
10274.0,29,0,0,0,29,0,313
10275.0,29,0,0,0,29,0,313
10276.0,29,0,0,0,29,0,313
10277.0,29,0,0,0,29,0,313
10278.0,29,0,0,0,29,0,313
10279.0,29,0,0,0,29,0,313
10280.0,29,0,0,0,29,0,313
10281.0,29,0,0,0,29,0,313
10282.0,29,0,0,0,29,0,313
10283.0,29,0,0,0,29,0,313
10284.0,29,0,0,0,29,0,313
10285.0,29,0,0,0,29,0,313
10286.0,29,0,0,0,29,0,313
10287.0,29,0,0,0,29,0,313
10288.0,29,0,0,0,29,0,313
10289.0,29,0,0,0,29,0,313
10290.0,29,0,0,0,29,0,313
10291.0,29,0,0,0,29,0,313
10292.0,29,0,0,0,29,0,313
10293.0,29,0,0,0,29,0,313
10294.0,29,0,0,0,29,0,313
10295.0,29,0,0,0,29,0,313
10296.0,29,0,0,0,29,0,313
10297.0,29,0,0,0,29,0,313
10298.0,29,0,0,0,29,0,313
10299.0,29,0,0,0,29,0,313
10300.0,29,0,0,0,29,0,313
10301.0,29,0,0,0,29,0,313
10302.0,29,0,0,0,29,0,313
10303.0,29,0,0,0,29,0,313
10304.0,29,0,0,0,29,0,313
10305.0,29,0,0,0,29,0,313
10306.0,29,0,0,0,29,0,313
10307.0,29,0,0,0,29,0,313
10308.0,29,0,0,0,29,0,313
10309.0,29,0,0,0,29,0,313
10310.0,29,0,0,0,29,0,313
10311.0,29,0,0,0,29,0,313
10312.0,29,0,0,0,29,0,313
10313.0,29,0,0,0,29,0,313
10314.0,29,0,0,0,29,0,313
10315.0,29,0,0,0,29,0,313
10316.0,29,0,0,0,29,0,313
10317.0,29,0,0,0,29,0,313
10318.0,29,0,0,0,29,0,313
10319.0,29,0,0,0,29,0,313
10320.0,29,0,0,0,29,0,313
10321.0,29,0,0,0,29,0,313
10322.0,29,0,0,0,29,0,313
10323.0,29,0,0,0,29,0,313
10324.0,29,0,0,0,29,0,313
10325.0,29,0,0,0,29,0,313
10326.0,29,0,0,0,29,0,313
10327.0,29,0,0,0,29,0,313
10328.0,29,0,0,0,29,0,313
10329.0,29,0,0,0,29,0,313
10330.0,29,0,0,0,29,0,313
10331.0,29,0,0,0,29,0,313
10332.0,29,0,0,0,29,0,313
10333.0,29,0,0,0,29,0,313
10334.0,29,0,0,0,29,0,313
10335.0,29,0,0,0,29,0,313
10336.0,29,0,0,0,29,0,313
10337.0,29,0,0,0,29,0,313
10338.0,29,0,0,0,29,0,313
10339.0,29,0,0,0,29,0,313
10340.0,29,0,0,0,29,0,313
10341.0,29,0,0,0,29,0,313
10342.0,29,0,0,0,29,0,313
10343.0,29,0,0,0,29,0,313
10344.0,29,0,0,0,29,0,313
10345.0,29,0,0,0,29,0,313
10346.0,29,0,0,0,29,0,313
10347.0,29,0,0,0,29,0,313
10348.0,29,0,0,0,29,0,313
10349.0,29,0,0,0,29,0,313
10350.0,29,0,0,0,29,0,313
10351.0,29,0,0,0,29,0,313
10352.0,29,0,0,0,29,0,313
10353.0,29,0,0,0,29,0,313
10354.0,29,0,0,0,29,0,313
10355.0,29,0,0,0,29,0,313
10356.0,29,0,0,0,29,0,313
10357.0,29,0,0,0,29,0,313
10358.0,29,0,0,0,29,0,313
10359.0,29,0,0,0,29,0,313
10360.0,29,0,0,0,29,0,313
10361.0,29,0,0,0,29,0,313
10362.0,29,0,0,0,29,0,313
10363.0,29,0,0,0,29,0,313
10364.0,29,0,0,0,29,0,313
10365.0,29,0,0,0,29,0,313
10366.0,29,0,0,0,29,0,313
10367.0,29,0,0,0,29,0,313
10368.0,29,0,0,0,29,0,313
10369.0,29,0,0,0,29,0,313
10370.0,29,0,0,0,29,0,313
10371.0,29,0,0,0,29,0,313
10372.0,29,0,0,0,29,0,313
10373.0,29,0,0,0,29,0,313
10374.0,29,0,0,0,29,0,313
10375.0,29,0,0,0,29,0,313
10376.0,29,0,0,0,29,0,313
10377.0,29,0,0,0,29,0,313
10378.0,29,0,0,0,29,0,313
10379.0,29,0,0,0,29,0,313
10380.0,29,0,0,0,29,0,313
10381.0,29,0,0,0,29,0,313
10382.0,29,0,0,0,29,0,313
10383.0,29,0,0,0,29,0,313
10384.0,29,0,0,0,29,0,313
10385.0,29,0,0,0,29,0,313
10386.0,29,0,0,0,29,0,313
10387.0,29,0,0,0,29,0,313
10388.0,29,0,0,0,29,0,313
10389.0,29,0,0,0,29,0,313
10390.0,29,0,0,0,29,0,313
10391.0,29,0,0,0,29,0,313
10392.0,29,0,0,0,29,0,313
10393.0,29,0,0,0,29,0,313
10394.0,29,0,0,0,29,0,313
10395.0,29,0,0,0,29,0,313
10396.0,29,0,0,0,29,0,313
10397.0,29,0,0,0,29,0,313
10398.0,29,0,0,0,29,0,313
10399.0,29,0,0,0,29,0,313
10400.0,29,0,0,0,29,0,313
10401.0,29,0,0,0,29,0,313
10402.0,29,0,0,0,29,0,313
10403.0,29,0,0,0,29,0,313
10404.0,29,0,0,0,29,0,313
10405.0,29,0,0,0,29,0,313
10406.0,29,0,0,0,29,0,313
10407.0,29,0,0,0,29,0,313
10408.0,29,0,0,0,29,0,313
10409.0,29,0,0,0,29,0,313
10410.0,29,0,0,0,29,0,313
10411.0,29,0,0,0,29,0,313
10412.0,29,0,0,0,29,0,313
10413.0,29,0,0,0,29,0,313
10414.0,29,0,0,0,29,0,313
10415.0,29,0,0,0,29,0,313
10416.0,29,0,0,0,29,0,313
10417.0,29,0,0,0,29,0,313
10418.0,29,0,0,0,29,0,313
10419.0,29,0,0,0,29,0,313
10420.0,29,0,0,0,29,0,313
10421.0,29,0,0,0,29,0,313
10422.0,29,0,0,0,29,0,313
10423.0,29,0,0,0,29,0,313
10424.0,29,0,0,0,29,0,313
10425.0,29,0,0,0,29,0,313
10426.0,29,0,0,0,29,0,313
10427.0,29,0,0,0,29,0,313
10428.0,29,0,0,0,29,0,313
10429.0,29,0,0,0,29,0,313
10430.0,29,0,0,0,29,0,313
10431.0,29,0,0,0,29,0,313
10432.0,29,0,0,0,29,0,313
10433.0,29,0,0,0,29,0,313
10434.0,29,0,0,0,29,0,313
10435.0,29,0,0,0,29,0,313
10436.0,29,0,0,0,29,0,313
10437.0,29,0,0,0,29,0,313
10438.0,29,0,0,0,29,0,313
10439.0,29,0,0,0,29,0,313
10440.0,29,0,0,0,29,0,313
10441.0,29,0,0,0,29,0,313
10442.0,29,0,0,0,29,0,313
10443.0,29,0,0,0,29,0,313
10444.0,29,0,0,0,29,0,313
10445.0,29,0,0,0,29,0,313
10446.0,29,0,0,0,29,0,313
10447.0,29,0,0,0,29,0,313
10448.0,29,0,0,0,29,0,313
10449.0,29,0,0,0,29,0,313
10450.0,29,0,0,0,29,0,313
10451.0,29,0,0,0,29,0,313
10452.0,29,0,0,0,29,0,313
10453.0,29,0,0,0,29,0,313
10454.0,29,0,0,0,29,0,313
10455.0,29,0,0,0,29,0,313
10456.0,29,0,0,0,29,0,313
10457.0,29,0,0,0,29,0,313
10458.0,29,0,0,0,29,0,313
10459.0,29,0,0,0,29,0,313
10460.0,29,0,0,0,29,0,313
10461.0,29,0,0,0,29,0,313
10462.0,29,0,0,0,29,0,313
10463.0,29,0,0,0,29,0,313
10464.0,29,0,0,0,29,0,313
10465.0,29,0,0,0,29,0,313
10466.0,29,0,0,0,29,0,313
10467.0,29,0,0,0,29,0,313
10468.0,29,0,0,0,29,0,313
10469.0,29,0,0,0,29,0,313
10470.0,29,0,0,0,29,0,313
10471.0,29,0,0,0,29,0,313
10472.0,29,0,0,0,29,0,313
10473.0,29,0,0,0,29,0,313
10474.0,29,0,0,0,29,0,313
10475.0,29,0,0,0,29,0,313
10476.0,29,0,0,0,29,0,313
10477.0,29,0,0,0,29,0,313
10478.0,29,0,0,0,29,0,313
10479.0,29,0,0,0,29,0,313
10480.0,29,0,0,0,29,0,313
10481.0,29,0,0,0,29,0,313
10482.0,29,0,0,0,29,0,313
10483.0,29,0,0,0,29,0,313
10484.0,29,0,0,0,29,0,313
10485.0,29,0,0,0,29,0,313
10486.0,29,0,0,0,29,0,313
10487.0,29,0,0,0,29,0,313
10488.0,29,0,0,0,29,0,313
10489.0,29,0,0,0,29,0,313
10490.0,29,0,0,0,29,0,313
10491.0,29,0,0,0,29,0,313
10492.0,29,0,0,0,29,0,313
10493.0,29,0,0,0,29,0,313
10494.0,29,0,0,0,29,0,313
10495.0,29,0,0,0,29,0,313
10496.0,29,0,0,0,29,0,313
10497.0,29,0,0,0,29,0,313
10498.0,29,0,0,0,29,0,313
10499.0,29,0,0,0,29,0,313
10500.0,29,0,0,0,29,0,313
10501.0,29,0,0,0,29,0,313
10502.0,29,0,0,0,29,0,313
10503.0,29,0,0,0,29,0,313
10504.0,29,0,0,0,29,0,313
10505.0,29,0,0,0,29,0,313
10506.0,29,0,0,0,29,0,313
10507.0,29,0,0,0,29,0,313
10508.0,29,0,0,0,29,0,313
10509.0,29,0,0,0,29,0,313
10510.0,29,0,0,0,29,0,313
10511.0,29,0,0,0,29,0,313
10512.0,29,0,0,0,29,0,313
10513.0,29,0,0,0,29,0,313
10514.0,29,0,0,0,29,0,313
10515.0,29,0,0,0,29,0,313
10516.0,29,0,0,0,29,0,313
10517.0,29,0,0,0,29,0,313
10518.0,29,0,0,0,29,0,313
10519.0,29,0,0,0,29,0,313
10520.0,29,0,0,0,29,0,313
10521.0,29,0,0,0,29,0,313
10522.0,29,0,0,0,29,0,313
10523.0,29,0,0,0,29,0,313
10524.0,29,0,0,0,29,0,313
10525.0,29,0,0,0,29,0,313
10526.0,29,0,0,0,29,0,313
10527.0,29,0,0,0,29,0,313
10528.0,29,0,0,0,29,0,313
10529.0,29,0,0,0,29,0,313
10530.0,29,0,0,0,29,0,313
10531.0,29,0,0,0,29,0,313
10532.0,29,0,0,0,29,0,313
10533.0,29,0,0,0,29,0,313
10534.0,29,0,0,0,29,0,313
10535.0,29,0,0,0,29,0,313
10536.0,29,0,0,0,29,0,313
10537.0,29,0,0,0,29,0,313
10538.0,29,0,0,0,29,0,313
10539.0,29,0,0,0,29,0,313
10540.0,29,0,0,0,29,0,313
10541.0,29,0,0,0,29,0,313
10542.0,29,0,0,0,29,0,313
10543.0,29,0,0,0,29,0,313
10544.0,29,0,0,0,29,0,313
10545.0,29,0,0,0,29,0,313
10546.0,29,0,0,0,29,0,313
10547.0,29,0,0,0,29,0,313
10548.0,29,0,0,0,29,0,313
10549.0,29,0,0,0,29,0,313
10550.0,29,0,0,0,29,0,313
10551.0,29,0,0,0,29,0,313
10552.0,29,0,0,0,29,0,313
10553.0,29,0,0,0,29,0,313
10554.0,29,0,0,0,29,0,313
10555.0,29,0,0,0,29,0,313
10556.0,29,0,0,0,29,0,313
10557.0,29,0,0,0,29,0,313
10558.0,29,0,0,0,29,0,313
10559.0,29,0,0,0,29,0,313
10560.0,29,0,0,0,29,0,313
10561.0,29,0,0,0,29,0,313
10562.0,29,0,0,0,29,0,313
10563.0,29,0,0,0,29,0,313
10564.0,29,0,0,0,29,0,313
10565.0,29,0,0,0,29,0,313
10566.0,29,0,0,0,29,0,313
10567.0,29,0,0,0,29,0,313
10568.0,29,0,0,0,29,0,313
10569.0,29,0,0,0,29,0,313
10570.0,29,0,0,0,29,0,313
10571.0,29,0,0,0,29,0,313
10572.0,29,0,0,0,29,0,313
10573.0,29,0,0,0,29,0,313
10574.0,29,0,0,0,29,0,313
10575.0,29,0,0,0,29,0,313
10576.0,29,0,0,0,29,0,313
10577.0,29,0,0,0,29,0,313
10578.0,29,0,0,0,29,0,313
10579.0,29,0,0,0,29,0,313
10580.0,29,0,0,0,29,0,313
10581.0,29,0,0,0,29,0,313
10582.0,29,0,0,0,29,0,313
10583.0,29,0,0,0,29,0,313
10584.0,29,0,0,0,29,0,313
10585.0,29,0,0,0,29,0,313
10586.0,29,0,0,0,29,0,313
10587.0,29,0,0,0,29,0,313
10588.0,29,0,0,0,29,0,313
10589.0,29,0,0,0,29,0,313
10590.0,29,0,0,0,29,0,313
10591.0,29,0,0,0,29,0,313
10592.0,29,0,0,0,29,0,313
10593.0,29,0,0,0,29,0,313
10594.0,29,0,0,0,29,0,313
10595.0,29,0,0,0,29,0,313
10596.0,29,0,0,0,29,0,313
10597.0,29,0,0,0,29,0,313
10598.0,29,0,0,0,29,0,313
10599.0,29,0,0,0,29,0,313
10600.0,29,0,0,0,29,0,313
10601.0,29,0,0,0,29,0,313
10602.0,29,0,0,0,29,0,313
10603.0,29,0,0,0,29,0,313
10604.0,29,0,0,0,29,0,313
10605.0,29,0,0,0,29,0,313
10606.0,29,0,0,0,29,0,313
10607.0,29,0,0,0,29,0,313
10608.0,29,0,0,0,29,0,313
10609.0,29,0,0,0,29,0,313
10610.0,29,0,0,0,29,0,313
10611.0,29,0,0,0,29,0,313
10612.0,29,0,0,0,29,0,313
10613.0,29,0,0,0,29,0,313
10614.0,29,0,0,0,29,0,313
10615.0,29,0,0,0,29,0,313
10616.0,29,0,0,0,29,0,313
10617.0,29,0,0,0,29,0,313
10618.0,29,0,0,0,29,0,313
10619.0,29,0,0,0,29,0,313
10620.0,29,0,0,0,29,0,313
10621.0,29,0,0,0,29,0,313
10622.0,29,0,0,0,29,0,313
10623.0,29,0,0,0,29,0,313
10624.0,29,0,0,0,29,0,313
10625.0,29,0,0,0,29,0,313
10626.0,29,0,0,0,29,0,313
10627.0,29,0,0,0,29,0,313
10628.0,29,0,0,0,29,0,313
10629.0,29,0,0,0,29,0,313
10630.0,29,0,0,0,29,0,313
10631.0,29,0,0,0,29,0,313
10632.0,29,0,0,0,29,0,313
10633.0,29,0,0,0,29,0,313
10634.0,29,0,0,0,29,0,313
10635.0,29,0,0,0,29,0,313
10636.0,29,0,0,0,29,0,313
10637.0,29,0,0,0,29,0,313
10638.0,29,0,0,0,29,0,313
10639.0,29,0,0,0,29,0,313
10640.0,29,0,0,0,29,0,313
10641.0,29,0,0,0,29,0,313
10642.0,29,0,0,0,29,0,313
10643.0,29,0,0,0,29,0,313
10644.0,29,0,0,0,29,0,313
10645.0,29,0,0,0,29,0,313
10646.0,29,0,0,0,29,0,313
10647.0,29,0,0,0,29,0,313
10648.0,29,0,0,0,29,0,313
10649.0,29,0,0,0,29,0,313
10650.0,29,0,0,0,29,0,313
10651.0,29,0,0,0,29,0,313
10652.0,29,0,0,0,29,0,313
10653.0,29,0,0,0,29,0,313
10654.0,29,0,0,0,29,0,313
10655.0,29,0,0,0,29,0,313
10656.0,29,0,0,0,29,0,313
10657.0,29,0,0,0,29,0,313
10658.0,29,0,0,0,29,0,313
10659.0,29,0,0,0,29,0,313
10660.0,29,0,0,0,29,0,313
10661.0,29,0,0,0,29,0,313
10662.0,29,0,0,0,29,0,313
10663.0,29,0,0,0,29,0,313
10664.0,29,0,0,0,29,0,313
10665.0,29,0,0,0,29,0,313
10666.0,29,0,0,0,29,0,313
10667.0,29,0,0,0,29,0,313
10668.0,29,0,0,0,29,0,313
10669.0,29,0,0,0,29,0,313
10670.0,29,0,0,0,29,0,313
10671.0,29,0,0,0,29,0,313
10672.0,29,0,0,0,29,0,313
10673.0,29,0,0,0,29,0,313
10674.0,29,0,0,0,29,0,313
10675.0,29,0,0,0,29,0,313
10676.0,29,0,0,0,29,0,313
10677.0,29,0,0,0,29,0,313
10678.0,29,0,0,0,29,0,313
10679.0,29,0,0,0,29,0,313
10680.0,29,0,0,0,29,0,313
10681.0,29,0,0,0,29,0,313
10682.0,29,0,0,0,29,0,313
10683.0,29,0,0,0,29,0,313
10684.0,29,0,0,0,29,0,313
10685.0,29,0,0,0,29,0,313
10686.0,29,0,0,0,29,0,313
10687.0,29,0,0,0,29,0,313
10688.0,29,0,0,0,29,0,313
10689.0,29,0,0,0,29,0,313
10690.0,29,0,0,0,29,0,313
10691.0,29,0,0,0,29,0,313
10692.0,29,0,0,0,29,0,313
10693.0,29,0,0,0,29,0,313
10694.0,29,0,0,0,29,0,313
10695.0,29,0,0,0,29,0,313
10696.0,29,0,0,0,29,0,313
10697.0,29,0,0,0,29,0,313
10698.0,29,0,0,0,29,0,313
10699.0,29,0,0,0,29,0,313
10700.0,29,0,0,0,29,0,313
10701.0,29,0,0,0,29,0,313
10702.0,29,0,0,0,29,0,313
10703.0,29,0,0,0,29,0,313
10704.0,29,0,0,0,29,0,313
10705.0,29,0,0,0,29,0,313
10706.0,29,0,0,0,29,0,313
10707.0,29,0,0,0,29,0,313
10708.0,29,0,0,0,29,0,313
10709.0,29,0,0,0,29,0,313
10710.0,29,0,0,0,29,0,313
10711.0,29,0,0,0,29,0,313
10712.0,29,0,0,0,29,0,313
10713.0,29,0,0,0,29,0,313
10714.0,29,0,0,0,29,0,313
10715.0,29,0,0,0,29,0,313
10716.0,29,0,0,0,29,0,313
10717.0,29,0,0,0,29,0,313
10718.0,29,0,0,0,29,0,313
10719.0,29,0,0,0,29,0,313
10720.0,29,0,0,0,29,0,313
10721.0,29,0,0,0,29,0,313
10722.0,29,0,0,0,29,0,313
10723.0,29,0,0,0,29,0,313
10724.0,29,0,0,0,29,0,313
10725.0,29,0,0,0,29,0,313
10726.0,29,0,0,0,29,0,313
10727.0,29,0,0,0,29,0,313
10728.0,29,0,0,0,29,0,313
10729.0,29,0,0,0,29,0,313
10730.0,29,0,0,0,29,0,313
10731.0,29,0,0,0,29,0,313
10732.0,29,0,0,0,29,0,313
10733.0,29,0,0,0,29,0,313
10734.0,29,0,0,0,29,0,313
10735.0,29,0,0,0,29,0,313
10736.0,29,0,0,0,29,0,313
10737.0,29,0,0,0,29,0,313
10738.0,29,0,0,0,29,0,313
10739.0,29,0,0,0,29,0,313
10740.0,29,0,0,0,29,0,313
10741.0,29,0,0,0,29,0,313
10742.0,29,0,0,0,29,0,313
10743.0,29,0,0,0,29,0,313
10744.0,29,0,0,0,29,0,313
10745.0,29,0,0,0,29,0,313
10746.0,29,0,0,0,29,0,313
10747.0,29,0,0,0,29,0,313
10748.0,29,0,0,0,29,0,313
10749.0,29,0,0,0,29,0,313
10750.0,29,0,0,0,29,0,313
10751.0,29,0,0,0,29,0,313
10752.0,29,0,0,0,29,0,313
10753.0,29,0,0,0,29,0,313
10754.0,29,0,0,0,29,0,313
10755.0,29,0,0,0,29,0,313
10756.0,29,0,0,0,29,0,313
10757.0,29,0,0,0,29,0,313
10758.0,29,0,0,0,29,0,313
10759.0,29,0,0,0,29,0,313
10760.0,29,0,0,0,29,0,313
10761.0,29,0,0,0,29,0,313
10762.0,29,0,0,0,29,0,313
10763.0,29,0,0,0,29,0,313
10764.0,29,0,0,0,29,0,313
10765.0,29,0,0,0,29,0,313
10766.0,29,0,0,0,29,0,313
10767.0,29,0,0,0,29,0,313
10768.0,29,0,0,0,29,0,313
10769.0,29,0,0,0,29,0,313
10770.0,29,0,0,0,29,0,313
10771.0,29,0,0,0,29,0,313
10772.0,29,0,0,0,29,0,313
10773.0,29,0,0,0,29,0,313
10774.0,29,0,0,0,29,0,313
10775.0,29,0,0,0,29,0,313
10776.0,29,0,0,0,29,0,313
10777.0,29,0,0,0,29,0,313
10778.0,29,0,0,0,29,0,313
10779.0,29,0,0,0,29,0,313
10780.0,29,0,0,0,29,0,313
10781.0,29,0,0,0,29,0,313
10782.0,29,0,0,0,29,0,313
10783.0,29,0,0,0,29,0,313
10784.0,29,0,0,0,29,0,313
10785.0,29,0,0,0,29,0,313
10786.0,29,0,0,0,29,0,313
10787.0,29,0,0,0,29,0,313
10788.0,29,0,0,0,29,0,313
10789.0,29,0,0,0,29,0,313
10790.0,29,0,0,0,29,0,313
10791.0,29,0,0,0,29,0,313
10792.0,29,0,0,0,29,0,313
10793.0,29,0,0,0,29,0,313
10794.0,29,0,0,0,29,0,313
10795.0,29,0,0,0,29,0,313
10796.0,29,0,0,0,29,0,313
10797.0,29,0,0,0,29,0,313
10798.0,29,0,0,0,29,0,313
10799.0,29,0,0,0,29,0,313
10800.0,29,0,0,0,29,0,313
10801.0,29,0,0,0,29,0,313
10802.0,29,0,0,0,29,0,313
10803.0,29,0,0,0,29,0,313
10804.0,29,0,0,0,29,0,313
10805.0,29,0,0,0,29,0,313
10806.0,29,0,0,0,29,0,313
10807.0,29,0,0,0,29,0,313
10808.0,29,0,0,0,29,0,313
10809.0,29,0,0,0,29,0,313
10810.0,29,0,0,0,29,0,313
10811.0,29,0,0,0,29,0,313
10812.0,29,0,0,0,29,0,313
10813.0,29,0,0,0,29,0,313
10814.0,29,0,0,0,29,0,313
10815.0,29,0,0,0,29,0,313
10816.0,29,0,0,0,29,0,313
10817.0,29,0,0,0,29,0,313
10818.0,29,0,0,0,29,0,313
10819.0,29,0,0,0,29,0,313
10820.0,29,0,0,0,29,0,313
10821.0,29,0,0,0,29,0,313
10822.0,29,0,0,0,29,0,313
10823.0,29,0,0,0,29,0,313
10824.0,29,0,0,0,29,0,313
10825.0,29,0,0,0,29,0,313
10826.0,29,0,0,0,29,0,313
10827.0,29,0,0,0,29,0,313
10828.0,29,0,0,0,29,0,313
10829.0,29,0,0,0,29,0,313
10830.0,29,0,0,0,29,0,313
10831.0,29,0,0,0,29,0,313
10832.0,29,0,0,0,29,0,313
10833.0,29,0,0,0,29,0,313
10834.0,29,0,0,0,29,0,313
10835.0,29,0,0,0,29,0,313
10836.0,29,0,0,0,29,0,313
10837.0,29,0,0,0,29,0,313
10838.0,29,0,0,0,29,0,313
10839.0,29,0,0,0,29,0,313
10840.0,29,0,0,0,29,0,313
10841.0,29,0,0,0,29,0,313
10842.0,29,0,0,0,29,0,313
10843.0,29,0,0,0,29,0,313
10844.0,29,0,0,0,29,0,313
10845.0,29,0,0,0,29,0,313
10846.0,29,0,0,0,29,0,313
10847.0,29,0,0,0,29,0,313
10848.0,29,0,0,0,29,0,313
10849.0,29,0,0,0,29,0,313
10850.0,29,0,0,0,29,0,313
10851.0,29,0,0,0,29,0,313
10852.0,29,0,0,0,29,0,313
10853.0,29,0,0,0,29,0,313
10854.0,29,0,0,0,29,0,313
10855.0,29,0,0,0,29,0,313
10856.0,29,0,0,0,29,0,313
10857.0,29,0,0,0,29,0,313
10858.0,29,0,0,0,29,0,313
10859.0,29,0,0,0,29,0,313
10860.0,29,0,0,0,29,0,313
10861.0,29,0,0,0,29,0,313
10862.0,29,0,0,0,29,0,313
10863.0,29,0,0,0,29,0,313
10864.0,29,0,0,0,29,0,313
10865.0,29,0,0,0,29,0,313
10866.0,29,0,0,0,29,0,313
10867.0,29,0,0,0,29,0,313
10868.0,29,0,0,0,29,0,313
10869.0,29,0,0,0,29,0,313
10870.0,29,0,0,0,29,0,313
10871.0,29,0,0,0,29,0,313
10872.0,29,0,0,0,29,0,313
10873.0,29,0,0,0,29,0,313
10874.0,29,0,0,0,29,0,313
10875.0,29,0,0,0,29,0,313
10876.0,29,0,0,0,29,0,313
10877.0,29,0,0,0,29,0,313
10878.0,29,0,0,0,29,0,313
10879.0,29,0,0,0,29,0,313
10880.0,29,0,0,0,29,0,313
10881.0,29,0,0,0,29,0,313
10882.0,29,0,0,0,29,0,313
10883.0,29,0,0,0,29,0,313
10884.0,29,0,0,0,29,0,313
10885.0,29,0,0,0,29,0,313
10886.0,29,0,0,0,29,0,313
10887.0,29,0,0,0,29,0,313
10888.0,29,0,0,0,29,0,313
10889.0,29,0,0,0,29,0,313
10890.0,29,0,0,0,29,0,313
10891.0,29,0,0,0,29,0,313
10892.0,29,0,0,0,29,0,313
10893.0,29,0,0,0,29,0,313
10894.0,29,0,0,0,29,0,313
10895.0,29,0,0,0,29,0,313
10896.0,29,0,0,0,29,0,313
10897.0,29,0,0,0,29,0,313
10898.0,29,0,0,0,29,0,313
10899.0,29,0,0,0,29,0,313
10900.0,29,0,0,0,29,0,313
10901.0,29,0,0,0,29,0,313
10902.0,29,0,0,0,29,0,313
10903.0,29,0,0,0,29,0,313
10904.0,29,0,0,0,29,0,313
10905.0,29,0,0,0,29,0,313
10906.0,29,0,0,0,29,0,313
10907.0,29,0,0,0,29,0,313
10908.0,29,0,0,0,29,0,313
10909.0,29,0,0,0,29,0,313
10910.0,29,0,0,0,29,0,313
10911.0,29,0,0,0,29,0,313
10912.0,29,0,0,0,29,0,313
10913.0,29,0,0,0,29,0,313
10914.0,29,0,0,0,29,0,313
10915.0,29,0,0,0,29,0,313
10916.0,29,0,0,0,29,0,313
10917.0,29,0,0,0,29,0,313
10918.0,29,0,0,0,29,0,313
10919.0,29,0,0,0,29,0,313
10920.0,29,0,0,0,29,0,313
10921.0,29,0,0,0,29,0,313
10922.0,29,0,0,0,29,0,313
10923.0,29,0,0,0,29,0,313
10924.0,29,0,0,0,29,0,313
10925.0,29,0,0,0,29,0,313
10926.0,29,0,0,0,29,0,313
10927.0,29,0,0,0,29,0,313
10928.0,29,0,0,0,29,0,313
10929.0,29,0,0,0,29,0,313
10930.0,29,0,0,0,29,0,313
10931.0,29,0,0,0,29,0,313
10932.0,29,0,0,0,29,0,313
10933.0,29,0,0,0,29,0,313
10934.0,29,0,0,0,29,0,313
10935.0,29,0,0,0,29,0,313
10936.0,29,0,0,0,29,0,313
10937.0,29,0,0,0,29,0,313
10938.0,29,0,0,0,29,0,313
10939.0,29,0,0,0,29,0,313
10940.0,29,0,0,0,29,0,313
10941.0,29,0,0,0,29,0,313
10942.0,29,0,0,0,29,0,313
10943.0,29,0,0,0,29,0,313
10944.0,29,0,0,0,29,0,313
10945.0,29,0,0,0,29,0,313
10946.0,29,0,0,0,29,0,313
10947.0,29,0,0,0,29,0,313
10948.0,29,0,0,0,29,0,313
10949.0,29,0,0,0,29,0,313
10950.0,29,0,0,0,29,0,313
10951.0,29,0,0,0,29,0,313
10952.0,29,0,0,0,29,0,313
10953.0,29,0,0,0,29,0,313
10954.0,29,0,0,0,29,0,313
10955.0,29,0,0,0,29,0,313
10956.0,29,0,0,0,29,0,313
10957.0,29,0,0,0,29,0,313
10958.0,29,0,0,0,29,0,313
10959.0,29,0,0,0,29,0,313
10960.0,29,0,0,0,29,0,313
10961.0,29,0,0,0,29,0,313
10962.0,29,0,0,0,29,0,313
10963.0,29,0,0,0,29,0,313
10964.0,29,0,0,0,29,0,313
10965.0,29,0,0,0,29,0,313
10966.0,29,0,0,0,29,0,313
10967.0,29,0,0,0,29,0,313
10968.0,29,0,0,0,29,0,313
10969.0,29,0,0,0,29,0,313
10970.0,29,0,0,0,29,0,313
10971.0,29,0,0,0,29,0,313
10972.0,29,0,0,0,29,0,313
10973.0,29,0,0,0,29,0,313
10974.0,29,0,0,0,29,0,313
10975.0,29,0,0,0,29,0,313
10976.0,29,0,0,0,29,0,313
10977.0,29,0,0,0,29,0,313
10978.0,29,0,0,0,29,0,313
10979.0,29,0,0,0,29,0,313
10980.0,29,0,0,0,29,0,313
10981.0,29,0,0,0,29,0,313
10982.0,29,0,0,0,29,0,313
10983.0,29,0,0,0,29,0,313
10984.0,29,0,0,0,29,0,313
10985.0,29,0,0,0,29,0,313
10986.0,29,0,0,0,29,0,313
10987.0,29,0,0,0,29,0,313
10988.0,29,0,0,0,29,0,313
10989.0,29,0,0,0,29,0,313
10990.0,29,0,0,0,29,0,313
10991.0,29,0,0,0,29,0,313
10992.0,29,0,0,0,29,0,313
10993.0,29,0,0,0,29,0,313
10994.0,29,0,0,0,29,0,313
10995.0,29,0,0,0,29,0,313
10996.0,29,0,0,0,29,0,313
10997.0,29,0,0,0,29,0,313
10998.0,29,0,0,0,29,0,313
10999.0,29,0,0,0,29,0,313
11000.0,29,0,0,0,29,0,313
11001.0,29,0,0,0,29,0,313
11002.0,29,0,0,0,29,0,313
11003.0,29,0,0,0,29,0,313
11004.0,29,0,0,0,29,0,313
11005.0,29,0,0,0,29,0,313
11006.0,29,0,0,0,29,0,313
11007.0,29,0,0,0,29,0,313
11008.0,29,0,0,0,29,0,313
11009.0,29,0,0,0,29,0,313
11010.0,29,0,0,0,29,0,313
11011.0,29,0,0,0,29,0,313
11012.0,29,0,0,0,29,0,313
11013.0,29,0,0,0,29,0,313
11014.0,29,0,0,0,29,0,313
11015.0,29,0,0,0,29,0,313
11016.0,29,0,0,0,29,0,313
11017.0,29,0,0,0,29,0,313
11018.0,29,0,0,0,29,0,313
11019.0,29,0,0,0,29,0,313
11020.0,29,0,0,0,29,0,313
11021.0,29,0,0,0,29,0,313
11022.0,29,0,0,0,29,0,313
11023.0,29,0,0,0,29,0,313
11024.0,29,0,0,0,29,0,313
11025.0,29,0,0,0,29,0,313
11026.0,29,0,0,0,29,0,313
11027.0,29,0,0,0,29,0,313
11028.0,29,0,0,0,29,0,313
11029.0,29,0,0,0,29,0,313
11030.0,29,0,0,0,29,0,313
11031.0,29,0,0,0,29,0,313
11032.0,29,0,0,0,29,0,313
11033.0,29,0,0,0,29,0,313
11034.0,29,0,0,0,29,0,313
11035.0,29,0,0,0,29,0,313
11036.0,29,0,0,0,29,0,313
11037.0,29,0,0,0,29,0,313
11038.0,29,0,0,0,29,0,313
11039.0,29,0,0,0,29,0,313
11040.0,29,0,0,0,29,0,313
11041.0,29,0,0,0,29,0,313
11042.0,29,0,0,0,29,0,313
11043.0,29,0,0,0,29,0,313
11044.0,29,0,0,0,29,0,313
11045.0,29,0,0,0,29,0,313
11046.0,29,0,0,0,29,0,313
11047.0,29,0,0,0,29,0,313
11048.0,29,0,0,0,29,0,313
11049.0,29,0,0,0,29,0,313
11050.0,29,0,0,0,29,0,313
11051.0,29,0,0,0,29,0,313
11052.0,29,0,0,0,29,0,313
11053.0,29,0,0,0,29,0,313
11054.0,29,0,0,0,29,0,313
11055.0,29,0,0,0,29,0,313
11056.0,29,0,0,0,29,0,313
11057.0,29,0,0,0,29,0,313
11058.0,29,0,0,0,29,0,313
11059.0,29,0,0,0,29,0,313
11060.0,29,0,0,0,29,0,313
11061.0,29,0,0,0,29,0,313
11062.0,29,0,0,0,29,0,313
11063.0,29,0,0,0,29,0,313
11064.0,29,0,0,0,29,0,313
11065.0,29,0,0,0,29,0,313
11066.0,29,0,0,0,29,0,313
11067.0,29,0,0,0,29,0,313
11068.0,29,0,0,0,29,0,313
11069.0,29,0,0,0,29,0,313
11070.0,29,0,0,0,29,0,313
11071.0,29,0,0,0,29,0,313
11072.0,29,0,0,0,29,0,313
11073.0,29,0,0,0,29,0,313
11074.0,29,0,0,0,29,0,313
11075.0,29,0,0,0,29,0,313
11076.0,29,0,0,0,29,0,313
11077.0,29,0,0,0,29,0,313
11078.0,29,0,0,0,29,0,313
11079.0,29,0,0,0,29,0,313
11080.0,29,0,0,0,29,0,313
11081.0,29,0,0,0,29,0,313
11082.0,29,0,0,0,29,0,313
11083.0,29,0,0,0,29,0,313
11084.0,29,0,0,0,29,0,313
11085.0,29,0,0,0,29,0,313
11086.0,29,0,0,0,29,0,313
11087.0,29,0,0,0,29,0,313
11088.0,29,0,0,0,29,0,313
11089.0,29,0,0,0,29,0,313
11090.0,29,0,0,0,29,0,313
11091.0,29,0,0,0,29,0,313
11092.0,29,0,0,0,29,0,313
11093.0,29,0,0,0,29,0,313
11094.0,29,0,0,0,29,0,313
11095.0,29,0,0,0,29,0,313
11096.0,29,0,0,0,29,0,313
11097.0,29,0,0,0,29,0,313
11098.0,29,0,0,0,29,0,313
11099.0,29,0,0,0,29,0,313
11100.0,29,0,0,0,29,0,313
11101.0,29,0,0,0,29,0,313
11102.0,29,0,0,0,29,0,313
11103.0,29,0,0,0,29,0,313
11104.0,29,0,0,0,29,0,313
11105.0,29,0,0,0,29,0,313
11106.0,29,0,0,0,29,0,313
11107.0,29,0,0,0,29,0,313
11108.0,29,0,0,0,29,0,313
11109.0,29,0,0,0,29,0,313
11110.0,29,0,0,0,29,0,313
11111.0,29,0,0,0,29,0,313
11112.0,29,0,0,0,29,0,313
11113.0,29,0,0,0,29,0,313
11114.0,29,0,0,0,29,0,313
11115.0,29,0,0,0,29,0,313
11116.0,29,0,0,0,29,0,313
11117.0,29,0,0,0,29,0,313
11118.0,29,0,0,0,29,0,313
11119.0,29,0,0,0,29,0,313
11120.0,29,0,0,0,29,0,313
11121.0,29,0,0,0,29,0,313
11122.0,29,0,0,0,29,0,313
11123.0,29,0,0,0,29,0,313
11124.0,29,0,0,0,29,0,313
11125.0,29,0,0,0,29,0,313
11126.0,29,0,0,0,29,0,313
11127.0,29,0,0,0,29,0,313
11128.0,29,0,0,0,29,0,313
11129.0,29,0,0,0,29,0,313
11130.0,29,0,0,0,29,0,313
11131.0,29,0,0,0,29,0,313
11132.0,29,0,0,0,29,0,313
11133.0,29,0,0,0,29,0,313
11134.0,29,0,0,0,29,0,313
11135.0,29,0,0,0,29,0,313
11136.0,29,0,0,0,29,0,313
11137.0,29,0,0,0,29,0,313
11138.0,29,0,0,0,29,0,313
11139.0,29,0,0,0,29,0,313
11140.0,29,0,0,0,29,0,313
11141.0,29,0,0,0,29,0,313
11142.0,29,0,0,0,29,0,313
11143.0,29,0,0,0,29,0,313
11144.0,29,0,0,0,29,0,313
11145.0,29,0,0,0,29,0,313
11146.0,29,0,0,0,29,0,313
11147.0,29,0,0,0,29,0,313
11148.0,29,0,0,0,29,0,313
11149.0,29,0,0,0,29,0,313
11150.0,29,0,0,0,29,0,313
11151.0,29,0,0,0,29,0,313
11152.0,29,0,0,0,29,0,313
11153.0,29,0,0,0,29,0,313
11154.0,29,0,0,0,29,0,313
11155.0,29,0,0,0,29,0,313
11156.0,29,0,0,0,29,0,313
11157.0,29,0,0,0,29,0,313
11158.0,29,0,0,0,29,0,313
11159.0,29,0,0,0,29,0,313
11160.0,29,0,0,0,29,0,313
11161.0,29,0,0,0,29,0,313
11162.0,29,0,0,0,29,0,313
11163.0,29,0,0,0,29,0,313
11164.0,29,0,0,0,29,0,313
11165.0,29,0,0,0,29,0,313
11166.0,29,0,0,0,29,0,313
11167.0,29,0,0,0,29,0,313
11168.0,29,0,0,0,29,0,313
11169.0,29,0,0,0,29,0,313
11170.0,29,0,0,0,29,0,313
11171.0,29,0,0,0,29,0,313
11172.0,29,0,0,0,29,0,313
11173.0,29,0,0,0,29,0,313
11174.0,29,0,0,0,29,0,313
11175.0,29,0,0,0,29,0,313
11176.0,29,0,0,0,29,0,313
11177.0,29,0,0,0,29,0,313
11178.0,29,0,0,0,29,0,313
11179.0,29,0,0,0,29,0,313
11180.0,29,0,0,0,29,0,313
11181.0,29,0,0,0,29,0,313
11182.0,29,0,0,0,29,0,313
11183.0,29,0,0,0,29,0,313
11184.0,29,0,0,0,29,0,313
11185.0,29,0,0,0,29,0,313
11186.0,29,0,0,0,29,0,313
11187.0,29,0,0,0,29,0,313
11188.0,29,0,0,0,29,0,313
11189.0,29,0,0,0,29,0,313
11190.0,29,0,0,0,29,0,313
11191.0,29,0,0,0,29,0,313
11192.0,29,0,0,0,29,0,313
11193.0,29,0,0,0,29,0,313
11194.0,29,0,0,0,29,0,313
11195.0,29,0,0,0,29,0,313
11196.0,29,0,0,0,29,0,313
11197.0,29,0,0,0,29,0,313
11198.0,29,0,0,0,29,0,313
11199.0,29,0,0,0,29,0,313
11200.0,29,0,0,0,29,0,313
11201.0,29,0,0,0,29,0,313
11202.0,29,0,0,0,29,0,313
11203.0,29,0,0,0,29,0,313
11204.0,29,0,0,0,29,0,313
11205.0,29,0,0,0,29,0,313
11206.0,29,0,0,0,29,0,313
11207.0,29,0,0,0,29,0,313
11208.0,29,0,0,0,29,0,313
11209.0,29,0,0,0,29,0,313
11210.0,29,0,0,0,29,0,313
11211.0,29,0,0,0,29,0,313
11212.0,29,0,0,0,29,0,313
11213.0,29,0,0,0,29,0,313
11214.0,29,0,0,0,29,0,313
11215.0,29,0,0,0,29,0,313
11216.0,29,0,0,0,29,0,313
11217.0,29,0,0,0,29,0,313
11218.0,29,0,0,0,29,0,313
11219.0,29,0,0,0,29,0,313
11220.0,29,0,0,0,29,0,313
11221.0,29,0,0,0,29,0,313
11222.0,29,0,0,0,29,0,313
11223.0,29,0,0,0,29,0,313
11224.0,29,0,0,0,29,0,313
11225.0,29,0,0,0,29,0,313
11226.0,29,0,0,0,29,0,313
11227.0,29,0,0,0,29,0,313
11228.0,29,0,0,0,29,0,313
11229.0,29,0,0,0,29,0,313
11230.0,29,0,0,0,29,0,313
11231.0,29,0,0,0,29,0,313
11232.0,29,0,0,0,29,0,313
11233.0,29,0,0,0,29,0,313
11234.0,29,0,0,0,29,0,313
11235.0,29,0,0,0,29,0,313
11236.0,29,0,0,0,29,0,313
11237.0,29,0,0,0,29,0,313
11238.0,29,0,0,0,29,0,313
11239.0,29,0,0,0,29,0,313
11240.0,29,0,0,0,29,0,313
11241.0,29,0,0,0,29,0,313
11242.0,29,0,0,0,29,0,313
11243.0,29,0,0,0,29,0,313
11244.0,29,0,0,0,29,0,313
11245.0,29,0,0,0,29,0,313
11246.0,29,0,0,0,29,0,313
11247.0,29,0,0,0,29,0,313
11248.0,29,0,0,0,29,0,313
11249.0,29,0,0,0,29,0,313
11250.0,29,0,0,0,29,0,313
11251.0,29,0,0,0,29,0,313
11252.0,29,0,0,0,29,0,313
11253.0,29,0,0,0,29,0,313
11254.0,29,0,0,0,29,0,313
11255.0,29,0,0,0,29,0,313
11256.0,29,0,0,0,29,0,313
11257.0,29,0,0,0,29,0,313
11258.0,29,0,0,0,29,0,313
11259.0,29,0,0,0,29,0,313
11260.0,29,0,0,0,29,0,313
11261.0,29,0,0,0,29,0,313
11262.0,29,0,0,0,29,0,313
11263.0,29,0,0,0,29,0,313
11264.0,29,0,0,0,29,0,313
11265.0,29,0,0,0,29,0,313
11266.0,29,0,0,0,29,0,313
11267.0,29,0,0,0,29,0,313
11268.0,29,0,0,0,29,0,313
11269.0,29,0,0,0,29,0,313
11270.0,29,0,0,0,29,0,313
11271.0,29,0,0,0,29,0,313
11272.0,29,0,0,0,29,0,313
11273.0,29,0,0,0,29,0,313
11274.0,29,0,0,0,29,0,313
11275.0,29,0,0,0,29,0,313
11276.0,29,0,0,0,29,0,313
11277.0,29,0,0,0,29,0,313
11278.0,29,0,0,0,29,0,313
11279.0,29,0,0,0,29,0,313
11280.0,29,0,0,0,29,0,313
11281.0,29,0,0,0,29,0,313
11282.0,29,0,0,0,29,0,313
11283.0,29,0,0,0,29,0,313
11284.0,29,0,0,0,29,0,313
11285.0,29,0,0,0,29,0,313
11286.0,29,0,0,0,29,0,313
11287.0,29,0,0,0,29,0,313
11288.0,29,0,0,0,29,0,313
11289.0,29,0,0,0,29,0,313
11290.0,29,0,0,0,29,0,313
11291.0,29,0,0,0,29,0,313
11292.0,29,0,0,0,29,0,313
11293.0,29,0,0,0,29,0,313
11294.0,29,0,0,0,29,0,313
11295.0,29,0,0,0,29,0,313
11296.0,29,0,0,0,29,0,313
11297.0,29,0,0,0,29,0,313
11298.0,29,0,0,0,29,0,313
11299.0,29,0,0,0,29,0,313
11300.0,29,0,0,0,29,0,313
11301.0,29,0,0,0,29,0,313
11302.0,29,0,0,0,29,0,313
11303.0,29,0,0,0,29,0,313
11304.0,29,0,0,0,29,0,313
11305.0,29,0,0,0,29,0,313
11306.0,29,0,0,0,29,0,313
11307.0,29,0,0,0,29,0,313
11308.0,29,0,0,0,29,0,313
11309.0,29,0,0,0,29,0,313
11310.0,29,0,0,0,29,0,313
11311.0,29,0,0,0,29,0,313
11312.0,29,0,0,0,29,0,313
11313.0,29,0,0,0,29,0,313
11314.0,29,0,0,0,29,0,313
11315.0,29,0,0,0,29,0,313
11316.0,29,0,0,0,29,0,313
11317.0,29,0,0,0,29,0,313
11318.0,29,0,0,0,29,0,313
11319.0,29,0,0,0,29,0,313
11320.0,29,0,0,0,29,0,313
11321.0,29,0,0,0,29,0,313
11322.0,29,0,0,0,29,0,313
11323.0,29,0,0,0,29,0,313
11324.0,29,0,0,0,29,0,313
11325.0,29,0,0,0,29,0,313
11326.0,29,0,0,0,29,0,313
11327.0,29,0,0,0,29,0,313
11328.0,29,0,0,0,29,0,313
11329.0,29,0,0,0,29,0,313
11330.0,29,0,0,0,29,0,313
11331.0,29,0,0,0,29,0,313
11332.0,29,0,0,0,29,0,313
11333.0,29,0,0,0,29,0,313
11334.0,29,0,0,0,29,0,313
11335.0,29,0,0,0,29,0,313
11336.0,29,0,0,0,29,0,313
11337.0,29,0,0,0,29,0,313
11338.0,29,0,0,0,29,0,313
11339.0,29,0,0,0,29,0,313
11340.0,29,0,0,0,29,0,313
11341.0,29,0,0,0,29,0,313
11342.0,29,0,0,0,29,0,313
11343.0,29,0,0,0,29,0,313
11344.0,29,0,0,0,29,0,313
11345.0,29,0,0,0,29,0,313
11346.0,29,0,0,0,29,0,313
11347.0,29,0,0,0,29,0,313
11348.0,29,0,0,0,29,0,313
11349.0,29,0,0,0,29,0,313
11350.0,29,0,0,0,29,0,313
11351.0,29,0,0,0,29,0,313
11352.0,29,0,0,0,29,0,313
11353.0,29,0,0,0,29,0,313
11354.0,29,0,0,0,29,0,313
11355.0,29,0,0,0,29,0,313
11356.0,29,0,0,0,29,0,313
11357.0,29,0,0,0,29,0,313
11358.0,29,0,0,0,29,0,313
11359.0,29,0,0,0,29,0,313
11360.0,29,0,0,0,29,0,313
11361.0,29,0,0,0,29,0,313
11362.0,29,0,0,0,29,0,313
11363.0,29,0,0,0,29,0,313
11364.0,29,0,0,0,29,0,313
11365.0,29,0,0,0,29,0,313
11366.0,29,0,0,0,29,0,313
11367.0,29,0,0,0,29,0,313
11368.0,29,0,0,0,29,0,313
11369.0,29,0,0,0,29,0,313
11370.0,29,0,0,0,29,0,313
11371.0,29,0,0,0,29,0,313
11372.0,29,0,0,0,29,0,313
11373.0,29,0,0,0,29,0,313
11374.0,29,0,0,0,29,0,313
11375.0,29,0,0,0,29,0,313
11376.0,29,0,0,0,29,0,313
11377.0,29,0,0,0,29,0,313
11378.0,29,0,0,0,29,0,313
11379.0,29,0,0,0,29,0,313
11380.0,29,0,0,0,29,0,313
11381.0,29,0,0,0,29,0,313
11382.0,29,0,0,0,29,0,313
11383.0,29,0,0,0,29,0,313
11384.0,29,0,0,0,29,0,313
11385.0,29,0,0,0,29,0,313
11386.0,29,0,0,0,29,0,313
11387.0,29,0,0,0,29,0,313
11388.0,29,0,0,0,29,0,313
11389.0,29,0,0,0,29,0,313
11390.0,29,0,0,0,29,0,313
11391.0,29,0,0,0,29,0,313
11392.0,29,0,0,0,29,0,313
11393.0,29,0,0,0,29,0,313
11394.0,29,0,0,0,29,0,313
11395.0,29,0,0,0,29,0,313
11396.0,29,0,0,0,29,0,313
11397.0,29,0,0,0,29,0,313
11398.0,29,0,0,0,29,0,313
11399.0,29,0,0,0,29,0,313
11400.0,29,0,0,0,29,0,313
11401.0,29,0,0,0,29,0,313
11402.0,29,0,0,0,29,0,313
11403.0,29,0,0,0,29,0,313
11404.0,29,0,0,0,29,0,313
11405.0,29,0,0,0,29,0,313
11406.0,29,0,0,0,29,0,313
11407.0,29,0,0,0,29,0,313
11408.0,29,0,0,0,29,0,313
11409.0,29,0,0,0,29,0,313
11410.0,29,0,0,0,29,0,313
11411.0,29,0,0,0,29,0,313
11412.0,29,0,0,0,29,0,313
11413.0,29,0,0,0,29,0,313
11414.0,29,0,0,0,29,0,313
11415.0,29,0,0,0,29,0,313
11416.0,29,0,0,0,29,0,313
11417.0,29,0,0,0,29,0,313
11418.0,29,0,0,0,29,0,313
11419.0,29,0,0,0,29,0,313
11420.0,29,0,0,0,29,0,313
11421.0,29,0,0,0,29,0,313
11422.0,29,0,0,0,29,0,313
11423.0,29,0,0,0,29,0,313
11424.0,29,0,0,0,29,0,313
11425.0,29,0,0,0,29,0,313
11426.0,29,0,0,0,29,0,313
11427.0,29,0,0,0,29,0,313
11428.0,29,0,0,0,29,0,313
11429.0,29,0,0,0,29,0,313
11430.0,29,0,0,0,29,0,313
11431.0,29,0,0,0,29,0,313
11432.0,29,0,0,0,29,0,313
11433.0,29,0,0,0,29,0,313
11434.0,29,0,0,0,29,0,313
11435.0,29,0,0,0,29,0,313
11436.0,29,0,0,0,29,0,313
11437.0,29,0,0,0,29,0,313
11438.0,29,0,0,0,29,0,313
11439.0,29,0,0,0,29,0,313
11440.0,29,0,0,0,29,0,313
11441.0,29,0,0,0,29,0,313
11442.0,29,0,0,0,29,0,313
11443.0,29,0,0,0,29,0,313
11444.0,29,0,0,0,29,0,313
11445.0,29,0,0,0,29,0,313
11446.0,29,0,0,0,29,0,313
11447.0,29,0,0,0,29,0,313
11448.0,29,0,0,0,29,0,313
11449.0,29,0,0,0,29,0,313
11450.0,29,0,0,0,29,0,313
11451.0,29,0,0,0,29,0,313
11452.0,29,0,0,0,29,0,313
11453.0,29,0,0,0,29,0,313
11454.0,29,0,0,0,29,0,313
11455.0,29,0,0,0,29,0,313
11456.0,29,0,0,0,29,0,313
11457.0,29,0,0,0,29,0,313
11458.0,29,0,0,0,29,0,313
11459.0,29,0,0,0,29,0,313
11460.0,29,0,0,0,29,0,313
11461.0,29,0,0,0,29,0,313
11462.0,29,0,0,0,29,0,313
11463.0,29,0,0,0,29,0,313
11464.0,29,0,0,0,29,0,313
11465.0,29,0,0,0,29,0,313
11466.0,29,0,0,0,29,0,313
11467.0,29,0,0,0,29,0,313
11468.0,29,0,0,0,29,0,313
11469.0,29,0,0,0,29,0,313
11470.0,29,0,0,0,29,0,313
11471.0,29,0,0,0,29,0,313
11472.0,29,0,0,0,29,0,313
11473.0,29,0,0,0,29,0,313
11474.0,29,0,0,0,29,0,313
11475.0,29,0,0,0,29,0,313
11476.0,29,0,0,0,29,0,313
11477.0,29,0,0,0,29,0,313
11478.0,29,0,0,0,29,0,313
11479.0,29,0,0,0,29,0,313
11480.0,29,0,0,0,29,0,313
11481.0,29,0,0,0,29,0,313
11482.0,29,0,0,0,29,0,313
11483.0,29,0,0,0,29,0,313
11484.0,29,0,0,0,29,0,313
11485.0,29,0,0,0,29,0,313
11486.0,29,0,0,0,29,0,313
11487.0,29,0,0,0,29,0,313
11488.0,29,0,0,0,29,0,313
11489.0,29,0,0,0,29,0,313
11490.0,29,0,0,0,29,0,313
11491.0,29,0,0,0,29,0,313
11492.0,29,0,0,0,29,0,313
11493.0,29,0,0,0,29,0,313
11494.0,29,0,0,0,29,0,313
11495.0,29,0,0,0,29,0,313
11496.0,29,0,0,0,29,0,313
11497.0,29,0,0,0,29,0,313
11498.0,29,0,0,0,29,0,313
11499.0,29,0,0,0,29,0,313
11500.0,29,0,0,0,29,0,313
11501.0,29,0,0,0,29,0,313
11502.0,29,0,0,0,29,0,313
11503.0,29,0,0,0,29,0,313
11504.0,29,0,0,0,29,0,313
11505.0,29,0,0,0,29,0,313
11506.0,29,0,0,0,29,0,313
11507.0,29,0,0,0,29,0,313
11508.0,29,0,0,0,29,0,313
11509.0,29,0,0,0,29,0,313
11510.0,29,0,0,0,29,0,313
11511.0,29,0,0,0,29,0,313
11512.0,29,0,0,0,29,0,313
11513.0,29,0,0,0,29,0,313
11514.0,29,0,0,0,29,0,313
11515.0,29,0,0,0,29,0,313
11516.0,29,0,0,0,29,0,313
11517.0,29,0,0,0,29,0,313
11518.0,29,0,0,0,29,0,313
11519.0,29,0,0,0,29,0,313
11520.0,29,0,0,0,29,0,313
11521.0,29,0,0,0,29,0,313
11522.0,29,0,0,0,29,0,313
11523.0,29,0,0,0,29,0,313
11524.0,29,0,0,0,29,0,313
11525.0,29,0,0,0,29,0,313
11526.0,29,0,0,0,29,0,313
11527.0,29,0,0,0,29,0,313
11528.0,29,0,0,0,29,0,313
11529.0,29,0,0,0,29,0,313
11530.0,29,0,0,0,29,0,313
11531.0,29,0,0,0,29,0,313
11532.0,29,0,0,0,29,0,313
11533.0,29,0,0,0,29,0,313
11534.0,29,0,0,0,29,0,313
11535.0,29,0,0,0,29,0,313
11536.0,29,0,0,0,29,0,313
11537.0,29,0,0,0,29,0,313
11538.0,29,0,0,0,29,0,313
11539.0,29,0,0,0,29,0,313
11540.0,29,0,0,0,29,0,313
11541.0,29,0,0,0,29,0,313
11542.0,29,0,0,0,29,0,313
11543.0,29,0,0,0,29,0,313
11544.0,29,0,0,0,29,0,313
11545.0,29,0,0,0,29,0,313
11546.0,29,0,0,0,29,0,313
11547.0,29,0,0,0,29,0,313
11548.0,29,0,0,0,29,0,313
11549.0,29,0,0,0,29,0,313
11550.0,29,0,0,0,29,0,313
11551.0,29,0,0,0,29,0,313
11552.0,29,0,0,0,29,0,313
11553.0,29,0,0,0,29,0,313
11554.0,29,0,0,0,29,0,313
11555.0,29,0,0,0,29,0,313
11556.0,29,0,0,0,29,0,313
11557.0,29,0,0,0,29,0,313
11558.0,29,0,0,0,29,0,313
11559.0,29,0,0,0,29,0,313
11560.0,29,0,0,0,29,0,313
11561.0,29,0,0,0,29,0,313
11562.0,29,0,0,0,29,0,313
11563.0,29,0,0,0,29,0,313
11564.0,29,0,0,0,29,0,313
11565.0,29,0,0,0,29,0,313
11566.0,29,0,0,0,29,0,313
11567.0,29,0,0,0,29,0,313
11568.0,29,0,0,0,29,0,313
11569.0,29,0,0,0,29,0,313
11570.0,29,0,0,0,29,0,313
11571.0,29,0,0,0,29,0,313
11572.0,29,0,0,0,29,0,313
11573.0,29,0,0,0,29,0,313
11574.0,29,0,0,0,29,0,313
11575.0,29,0,0,0,29,0,313
11576.0,29,0,0,0,29,0,313
11577.0,29,0,0,0,29,0,313
11578.0,29,0,0,0,29,0,313
11579.0,29,0,0,0,29,0,313
11580.0,29,0,0,0,29,0,313
11581.0,29,0,0,0,29,0,313
11582.0,29,0,0,0,29,0,313
11583.0,29,0,0,0,29,0,313
11584.0,29,0,0,0,29,0,313
11585.0,29,0,0,0,29,0,313
11586.0,29,0,0,0,29,0,313
11587.0,29,0,0,0,29,0,313
11588.0,29,0,0,0,29,0,313
11589.0,29,0,0,0,29,0,313
11590.0,29,0,0,0,29,0,313
11591.0,29,0,0,0,29,0,313
11592.0,29,0,0,0,29,0,313
11593.0,29,0,0,0,29,0,313
11594.0,29,0,0,0,29,0,313
11595.0,29,0,0,0,29,0,313
11596.0,29,0,0,0,29,0,313
11597.0,29,0,0,0,29,0,313
11598.0,29,0,0,0,29,0,313
11599.0,29,0,0,0,29,0,313
11600.0,29,0,0,0,29,0,313
11601.0,29,0,0,0,29,0,313
11602.0,29,0,0,0,29,0,313
11603.0,29,0,0,0,29,0,313
11604.0,29,0,0,0,29,0,313
11605.0,29,0,0,0,29,0,313
11606.0,29,0,0,0,29,0,313
11607.0,29,0,0,0,29,0,313
11608.0,29,0,0,0,29,0,313
11609.0,29,0,0,0,29,0,313
11610.0,29,0,0,0,29,0,313
11611.0,29,0,0,0,29,0,313
11612.0,29,0,0,0,29,0,313
11613.0,29,0,0,0,29,0,313
11614.0,29,0,0,0,29,0,313
11615.0,29,0,0,0,29,0,313
11616.0,29,0,0,0,29,0,313
11617.0,29,0,0,0,29,0,313
11618.0,29,0,0,0,29,0,313
11619.0,29,0,0,0,29,0,313
11620.0,29,0,0,0,29,0,313
11621.0,29,0,0,0,29,0,313
11622.0,29,0,0,0,29,0,313
11623.0,29,0,0,0,29,0,313
11624.0,29,0,0,0,29,0,313
11625.0,29,0,0,0,29,0,313
11626.0,29,0,0,0,29,0,313
11627.0,29,0,0,0,29,0,313
11628.0,29,0,0,0,29,0,313
11629.0,29,0,0,0,29,0,313
11630.0,29,0,0,0,29,0,313
11631.0,29,0,0,0,29,0,313
11632.0,29,0,0,0,29,0,313
11633.0,29,0,0,0,29,0,313
11634.0,29,0,0,0,29,0,313
11635.0,29,0,0,0,29,0,313
11636.0,29,0,0,0,29,0,313
11637.0,29,0,0,0,29,0,313
11638.0,29,0,0,0,29,0,313
11639.0,29,0,0,0,29,0,313
11640.0,29,0,0,0,29,0,313
11641.0,29,0,0,0,29,0,313
11642.0,29,0,0,0,29,0,313
11643.0,29,0,0,0,29,0,313
11644.0,29,0,0,0,29,0,313
11645.0,29,0,0,0,29,0,313
11646.0,29,0,0,0,29,0,313
11647.0,29,0,0,0,29,0,313
11648.0,29,0,0,0,29,0,313
11649.0,29,0,0,0,29,0,313
11650.0,29,0,0,0,29,0,313
11651.0,29,0,0,0,29,0,313
11652.0,29,0,0,0,29,0,313
11653.0,29,0,0,0,29,0,313
11654.0,29,0,0,0,29,0,313
11655.0,29,0,0,0,29,0,313
11656.0,29,0,0,0,29,0,313
11657.0,29,0,0,0,29,0,313
11658.0,29,0,0,0,29,0,313
11659.0,29,0,0,0,29,0,313
11660.0,29,0,0,0,29,0,313
11661.0,29,0,0,0,29,0,313
11662.0,29,0,0,0,29,0,313
11663.0,29,0,0,0,29,0,313
11664.0,29,0,0,0,29,0,313
11665.0,29,0,0,0,29,0,313
11666.0,29,0,0,0,29,0,313
11667.0,29,0,0,0,29,0,313
11668.0,29,0,0,0,29,0,313
11669.0,29,0,0,0,29,0,313
11670.0,29,0,0,0,29,0,313
11671.0,29,0,0,0,29,0,313
11672.0,29,0,0,0,29,0,313
11673.0,29,0,0,0,29,0,313
11674.0,29,0,0,0,29,0,313
11675.0,29,0,0,0,29,0,313
11676.0,29,0,0,0,29,0,313
11677.0,29,0,0,0,29,0,313
11678.0,29,0,0,0,29,0,313
11679.0,29,0,0,0,29,0,313
11680.0,29,0,0,0,29,0,313
11681.0,29,0,0,0,29,0,313
11682.0,29,0,0,0,29,0,313
11683.0,29,0,0,0,29,0,313
11684.0,29,0,0,0,29,0,313
11685.0,29,0,0,0,29,0,313
11686.0,29,0,0,0,29,0,313
11687.0,29,0,0,0,29,0,313
11688.0,29,0,0,0,29,0,313
11689.0,29,0,0,0,29,0,313
11690.0,29,0,0,0,29,0,313
11691.0,29,0,0,0,29,0,313
11692.0,29,0,0,0,29,0,313
11693.0,29,0,0,0,29,0,313
11694.0,29,0,0,0,29,0,313
11695.0,29,0,0,0,29,0,313
11696.0,29,0,0,0,29,0,313
11697.0,29,0,0,0,29,0,313
11698.0,29,0,0,0,29,0,313
11699.0,29,0,0,0,29,0,313
11700.0,29,0,0,0,29,0,313
11701.0,29,0,0,0,29,0,313
11702.0,29,0,0,0,29,0,313
11703.0,29,0,0,0,29,0,313
11704.0,29,0,0,0,29,0,313
11705.0,29,0,0,0,29,0,313
11706.0,29,0,0,0,29,0,313
11707.0,29,0,0,0,29,0,313
11708.0,29,0,0,0,29,0,313
11709.0,29,0,0,0,29,0,313
11710.0,29,0,0,0,29,0,313
11711.0,29,0,0,0,29,0,313
11712.0,29,0,0,0,29,0,313
11713.0,29,0,0,0,29,0,313
11714.0,29,0,0,0,29,0,313
11715.0,29,0,0,0,29,0,313
11716.0,29,0,0,0,29,0,313
11717.0,29,0,0,0,29,0,313
11718.0,29,0,0,0,29,0,313
11719.0,29,0,0,0,29,0,313
11720.0,29,0,0,0,29,0,313
11721.0,29,0,0,0,29,0,313
11722.0,29,0,0,0,29,0,313
11723.0,29,0,0,0,29,0,313
11724.0,29,0,0,0,29,0,313
11725.0,29,0,0,0,29,0,313
11726.0,29,0,0,0,29,0,313
11727.0,29,0,0,0,29,0,313
11728.0,29,0,0,0,29,0,313
11729.0,29,0,0,0,29,0,313
11730.0,29,0,0,0,29,0,313
11731.0,29,0,0,0,29,0,313
11732.0,29,0,0,0,29,0,313
11733.0,29,0,0,0,29,0,313
11734.0,29,0,0,0,29,0,313
11735.0,29,0,0,0,29,0,313
11736.0,29,0,0,0,29,0,313
11737.0,29,0,0,0,29,0,313
11738.0,29,0,0,0,29,0,313
11739.0,29,0,0,0,29,0,313
11740.0,29,0,0,0,29,0,313
11741.0,29,0,0,0,29,0,313
11742.0,29,0,0,0,29,0,313
11743.0,29,0,0,0,29,0,313
11744.0,29,0,0,0,29,0,313
11745.0,29,0,0,0,29,0,313
11746.0,29,0,0,0,29,0,313
11747.0,29,0,0,0,29,0,313
11748.0,29,0,0,0,29,0,313
11749.0,29,0,0,0,29,0,313
11750.0,29,0,0,0,29,0,313
11751.0,29,0,0,0,29,0,313
11752.0,29,0,0,0,29,0,313
11753.0,29,0,0,0,29,0,313
11754.0,29,0,0,0,29,0,313
11755.0,29,0,0,0,29,0,313
11756.0,29,0,0,0,29,0,313
11757.0,29,0,0,0,29,0,313
11758.0,29,0,0,0,29,0,313
11759.0,29,0,0,0,29,0,313
11760.0,29,0,0,0,29,0,313
11761.0,29,0,0,0,29,0,313
11762.0,29,0,0,0,29,0,313
11763.0,29,0,0,0,29,0,313
11764.0,29,0,0,0,29,0,313
11765.0,29,0,0,0,29,0,313
11766.0,29,0,0,0,29,0,313
11767.0,29,0,0,0,29,0,313
11768.0,29,0,0,0,29,0,313
11769.0,29,0,0,0,29,0,313
11770.0,29,0,0,0,29,0,313
11771.0,29,0,0,0,29,0,313
11772.0,29,0,0,0,29,0,313
11773.0,29,0,0,0,29,0,313
11774.0,29,0,0,0,29,0,313
11775.0,29,0,0,0,29,0,313
11776.0,29,0,0,0,29,0,313
11777.0,29,0,0,0,29,0,313
11778.0,29,0,0,0,29,0,313
11779.0,29,0,0,0,29,0,313
11780.0,29,0,0,0,29,0,313
11781.0,29,0,0,0,29,0,313
11782.0,29,0,0,0,29,0,313
11783.0,29,0,0,0,29,0,313
11784.0,29,0,0,0,29,0,313
11785.0,29,0,0,0,29,0,313
11786.0,29,0,0,0,29,0,313
11787.0,29,0,0,0,29,0,313
11788.0,29,0,0,0,29,0,313
11789.0,29,0,0,0,29,0,313
11790.0,29,0,0,0,29,0,313
11791.0,29,0,0,0,29,0,313
11792.0,29,0,0,0,29,0,313
11793.0,29,0,0,0,29,0,313
11794.0,29,0,0,0,29,0,313
11795.0,29,0,0,0,29,0,313
11796.0,29,0,0,0,29,0,313
11797.0,29,0,0,0,29,0,313
11798.0,29,0,0,0,29,0,313
11799.0,29,0,0,0,29,0,313
11800.0,29,0,0,0,29,0,313
11801.0,29,0,0,0,29,0,313
11802.0,29,0,0,0,29,0,313
11803.0,29,0,0,0,29,0,313
11804.0,29,0,0,0,29,0,313
11805.0,29,0,0,0,29,0,313
11806.0,29,0,0,0,29,0,313
11807.0,29,0,0,0,29,0,313
11808.0,29,0,0,0,29,0,313
11809.0,29,0,0,0,29,0,313
11810.0,29,0,0,0,29,0,313
11811.0,29,0,0,0,29,0,313
11812.0,29,0,0,0,29,0,313
11813.0,29,0,0,0,29,0,313
11814.0,29,0,0,0,29,0,313
11815.0,29,0,0,0,29,0,313
11816.0,29,0,0,0,29,0,313
11817.0,29,0,0,0,29,0,313
11818.0,29,0,0,0,29,0,313
11819.0,29,0,0,0,29,0,313
11820.0,29,0,0,0,29,0,313
11821.0,29,0,0,0,29,0,313
11822.0,29,0,0,0,29,0,313
11823.0,29,0,0,0,29,0,313
11824.0,29,0,0,0,29,0,313
11825.0,29,0,0,0,29,0,313
11826.0,29,0,0,0,29,0,313
11827.0,29,0,0,0,29,0,313
11828.0,29,0,0,0,29,0,313
11829.0,29,0,0,0,29,0,313
11830.0,29,0,0,0,29,0,313
11831.0,29,0,0,0,29,0,313
11832.0,29,0,0,0,29,0,313
11833.0,29,0,0,0,29,0,313
11834.0,29,0,0,0,29,0,313
11835.0,29,0,0,0,29,0,313
11836.0,29,0,0,0,29,0,313
11837.0,29,0,0,0,29,0,313
11838.0,29,0,0,0,29,0,313
11839.0,29,0,0,0,29,0,313
11840.0,29,0,0,0,29,0,313
11841.0,29,0,0,0,29,0,313
11842.0,29,0,0,0,29,0,313
11843.0,29,0,0,0,29,0,313
11844.0,29,0,0,0,29,0,313
11845.0,29,0,0,0,29,0,313
11846.0,29,0,0,0,29,0,313
11847.0,29,0,0,0,29,0,313
11848.0,29,0,0,0,29,0,313
11849.0,29,0,0,0,29,0,313
11850.0,29,0,0,0,29,0,313
11851.0,29,0,0,0,29,0,313
11852.0,29,0,0,0,29,0,313
11853.0,29,0,0,0,29,0,313
11854.0,29,0,0,0,29,0,313
11855.0,29,0,0,0,29,0,313
11856.0,29,0,0,0,29,0,313
11857.0,29,0,0,0,29,0,313
11858.0,29,0,0,0,29,0,313
11859.0,29,0,0,0,29,0,313
11860.0,29,0,0,0,29,0,313
11861.0,29,0,0,0,29,0,313
11862.0,29,0,0,0,29,0,313
11863.0,29,0,0,0,29,0,313
11864.0,29,0,0,0,29,0,313
11865.0,29,0,0,0,29,0,313
11866.0,29,0,0,0,29,0,313
11867.0,29,0,0,0,29,0,313
11868.0,29,0,0,0,29,0,313
11869.0,29,0,0,0,29,0,313
11870.0,29,0,0,0,29,0,313
11871.0,29,0,0,0,29,0,313
11872.0,29,0,0,0,29,0,313
11873.0,29,0,0,0,29,0,313
11874.0,29,0,0,0,29,0,313
11875.0,29,0,0,0,29,0,313
11876.0,29,0,0,0,29,0,313
11877.0,29,0,0,0,29,0,313
11878.0,29,0,0,0,29,0,313
11879.0,29,0,0,0,29,0,313
11880.0,29,0,0,0,29,0,313
11881.0,29,0,0,0,29,0,313
11882.0,29,0,0,0,29,0,313
11883.0,29,0,0,0,29,0,313
11884.0,29,0,0,0,29,0,313
11885.0,29,0,0,0,29,0,313
11886.0,29,0,0,0,29,0,313
11887.0,29,0,0,0,29,0,313
11888.0,29,0,0,0,29,0,313
11889.0,29,0,0,0,29,0,313
11890.0,29,0,0,0,29,0,313
11891.0,29,0,0,0,29,0,313
11892.0,29,0,0,0,29,0,313
11893.0,29,0,0,0,29,0,313
11894.0,29,0,0,0,29,0,313
11895.0,29,0,0,0,29,0,313
11896.0,29,0,0,0,29,0,313
11897.0,29,0,0,0,29,0,313
11898.0,29,0,0,0,29,0,313
11899.0,29,0,0,0,29,0,313
11900.0,29,0,0,0,29,0,313
11901.0,29,0,0,0,29,0,313
11902.0,29,0,0,0,29,0,313
11903.0,29,0,0,0,29,0,313
11904.0,29,0,0,0,29,0,313
11905.0,29,0,0,0,29,0,313
11906.0,29,0,0,0,29,0,313
11907.0,29,0,0,0,29,0,313
11908.0,29,0,0,0,29,0,313
11909.0,29,0,0,0,29,0,313
11910.0,29,0,0,0,29,0,313
11911.0,29,0,0,0,29,0,313
11912.0,29,0,0,0,29,0,313
11913.0,29,0,0,0,29,0,313
11914.0,29,0,0,0,29,0,313
11915.0,29,0,0,0,29,0,313
11916.0,29,0,0,0,29,0,313
11917.0,29,0,0,0,29,0,313
11918.0,29,0,0,0,29,0,313
11919.0,29,0,0,0,29,0,313
11920.0,29,0,0,0,29,0,313
11921.0,29,0,0,0,29,0,313
11922.0,29,0,0,0,29,0,313
11923.0,29,0,0,0,29,0,313
11924.0,29,0,0,0,29,0,313
11925.0,29,0,0,0,29,0,313
11926.0,29,0,0,0,29,0,313
11927.0,29,0,0,0,29,0,313
11928.0,29,0,0,0,29,0,313
11929.0,29,0,0,0,29,0,313
11930.0,29,0,0,0,29,0,313
11931.0,29,0,0,0,29,0,313
11932.0,29,0,0,0,29,0,313
11933.0,29,0,0,0,29,0,313
11934.0,29,0,0,0,29,0,313
11935.0,29,0,0,0,29,0,313
11936.0,29,0,0,0,29,0,313
11937.0,29,0,0,0,29,0,313
11938.0,29,0,0,0,29,0,313
11939.0,29,0,0,0,29,0,313
11940.0,29,0,0,0,29,0,313
11941.0,29,0,0,0,29,0,313
11942.0,29,0,0,0,29,0,313
11943.0,29,0,0,0,29,0,313
11944.0,29,0,0,0,29,0,313
11945.0,29,0,0,0,29,0,313
11946.0,29,0,0,0,29,0,313
11947.0,29,0,0,0,29,0,313
11948.0,29,0,0,0,29,0,313
11949.0,29,0,0,0,29,0,313
11950.0,29,0,0,0,29,0,313
11951.0,29,0,0,0,29,0,313
11952.0,29,0,0,0,29,0,313
11953.0,29,0,0,0,29,0,313
11954.0,29,0,0,0,29,0,313
11955.0,29,0,0,0,29,0,313
11956.0,29,0,0,0,29,0,313
11957.0,29,0,0,0,29,0,313
11958.0,29,0,0,0,29,0,313
11959.0,29,0,0,0,29,0,313
11960.0,29,0,0,0,29,0,313
11961.0,29,0,0,0,29,0,313
11962.0,29,0,0,0,29,0,313
11963.0,29,0,0,0,29,0,313
11964.0,29,0,0,0,29,0,313
11965.0,29,0,0,0,29,0,313
11966.0,29,0,0,0,29,0,313
11967.0,29,0,0,0,29,0,313
11968.0,29,0,0,0,29,0,313
11969.0,29,0,0,0,29,0,313
11970.0,29,0,0,0,29,0,313
11971.0,29,0,0,0,29,0,313
11972.0,29,0,0,0,29,0,313
11973.0,29,0,0,0,29,0,313
11974.0,29,0,0,0,29,0,313
11975.0,29,0,0,0,29,0,313
11976.0,29,0,0,0,29,0,313
11977.0,29,0,0,0,29,0,313
11978.0,29,0,0,0,29,0,313
11979.0,29,0,0,0,29,0,313
11980.0,29,0,0,0,29,0,313
11981.0,29,0,0,0,29,0,313
11982.0,29,0,0,0,29,0,313
11983.0,29,0,0,0,29,0,313
11984.0,29,0,0,0,29,0,313
11985.0,29,0,0,0,29,0,313
11986.0,29,0,0,0,29,0,313
11987.0,29,0,0,0,29,0,313
11988.0,29,0,0,0,29,0,313
11989.0,29,0,0,0,29,0,313
11990.0,29,0,0,0,29,0,313
11991.0,29,0,0,0,29,0,313
11992.0,29,0,0,0,29,0,313
11993.0,29,0,0,0,29,0,313
11994.0,29,0,0,0,29,0,313
11995.0,29,0,0,0,29,0,313
11996.0,29,0,0,0,29,0,313
11997.0,29,0,0,0,29,0,313
11998.0,29,0,0,0,29,0,313
11999.0,29,0,0,0,29,0,313
12000.0,29,0,0,0,29,0,313
12001.0,29,0,0,0,29,0,313
12002.0,29,0,0,0,29,0,313
12003.0,29,0,0,0,29,0,313
12004.0,29,0,0,0,29,0,313
12005.0,29,0,0,0,29,0,313
12006.0,29,0,0,0,29,0,313
12007.0,29,0,0,0,29,0,313
12008.0,29,0,0,0,29,0,313
12009.0,29,0,0,0,29,0,313
12010.0,29,0,0,0,29,0,313
12011.0,29,0,0,0,29,0,313
12012.0,29,0,0,0,29,0,313
12013.0,29,0,0,0,29,0,313
12014.0,29,0,0,0,29,0,313
12015.0,29,0,0,0,29,0,313
12016.0,29,0,0,0,29,0,313
12017.0,29,0,0,0,29,0,313
12018.0,29,0,0,0,29,0,313
12019.0,29,0,0,0,29,0,313
12020.0,29,0,0,0,29,0,313
12021.0,29,0,0,0,29,0,313
12022.0,29,0,0,0,29,0,313
12023.0,29,0,0,0,29,0,313
12024.0,29,0,0,0,29,0,313
12025.0,29,0,0,0,29,0,313
12026.0,29,0,0,0,29,0,313
12027.0,29,0,0,0,29,0,313
12028.0,29,0,0,0,29,0,313
12029.0,29,0,0,0,29,0,313
12030.0,29,0,0,0,29,0,313
12031.0,29,0,0,0,29,0,313
12032.0,29,0,0,0,29,0,313
12033.0,29,0,0,0,29,0,313
12034.0,29,0,0,0,29,0,313
12035.0,29,0,0,0,29,0,313
12036.0,29,0,0,0,29,0,313
12037.0,29,0,0,0,29,0,313
12038.0,29,0,0,0,29,0,313
12039.0,29,0,0,0,29,0,313
12040.0,29,0,0,0,29,0,313
12041.0,29,0,0,0,29,0,313
12042.0,29,0,0,0,29,0,313
12043.0,29,0,0,0,29,0,313
12044.0,29,0,0,0,29,0,313
12045.0,29,0,0,0,29,0,313
12046.0,29,0,0,0,29,0,313
12047.0,29,0,0,0,29,0,313
12048.0,29,0,0,0,29,0,313
12049.0,29,0,0,0,29,0,313
12050.0,29,0,0,0,29,0,313
12051.0,29,0,0,0,29,0,313
12052.0,29,0,0,0,29,0,313
12053.0,29,0,0,0,29,0,313
12054.0,29,0,0,0,29,0,313
12055.0,29,0,0,0,29,0,313
12056.0,29,0,0,0,29,0,313
12057.0,29,0,0,0,29,0,313
12058.0,29,0,0,0,29,0,313
12059.0,29,0,0,0,29,0,313
12060.0,29,0,0,0,29,0,313
12061.0,29,0,0,0,29,0,313
12062.0,29,0,0,0,29,0,313
12063.0,29,0,0,0,29,0,313
12064.0,29,0,0,0,29,0,313
12065.0,29,0,0,0,29,0,313
12066.0,29,0,0,0,29,0,313
12067.0,29,0,0,0,29,0,313
12068.0,29,0,0,0,29,0,313
12069.0,29,0,0,0,29,0,313
12070.0,29,0,0,0,29,0,313
12071.0,29,0,0,0,29,0,313
12072.0,29,0,0,0,29,0,313
12073.0,29,0,0,0,29,0,313
12074.0,29,0,0,0,29,0,313
12075.0,29,0,0,0,29,0,313
12076.0,29,0,0,0,29,0,313
12077.0,29,0,0,0,29,0,313
12078.0,29,0,0,0,29,0,313
12079.0,29,0,0,0,29,0,313
12080.0,29,0,0,0,29,0,313
12081.0,29,0,0,0,29,0,313
12082.0,29,0,0,0,29,0,313
12083.0,29,0,0,0,29,0,313
12084.0,29,0,0,0,29,0,313
12085.0,29,0,0,0,29,0,313
12086.0,29,0,0,0,29,0,313
12087.0,29,0,0,0,29,0,313
12088.0,29,0,0,0,29,0,313
12089.0,29,0,0,0,29,0,313
12090.0,29,0,0,0,29,0,313
12091.0,29,0,0,0,29,0,313
12092.0,29,0,0,0,29,0,313
12093.0,29,0,0,0,29,0,313
12094.0,29,0,0,0,29,0,313
12095.0,29,0,0,0,29,0,313
12096.0,29,0,0,0,29,0,313
12097.0,29,0,0,0,29,0,313
12098.0,29,0,0,0,29,0,313
12099.0,29,0,0,0,29,0,313
12100.0,29,0,0,0,29,0,313
12101.0,29,0,0,0,29,0,313
12102.0,29,0,0,0,29,0,313
12103.0,29,0,0,0,29,0,313
12104.0,29,0,0,0,29,0,313
12105.0,29,0,0,0,29,0,313
12106.0,29,0,0,0,29,0,313
12107.0,29,0,0,0,29,0,313
12108.0,29,0,0,0,29,0,313
12109.0,29,0,0,0,29,0,313
12110.0,29,0,0,0,29,0,313
12111.0,29,0,0,0,29,0,313
12112.0,29,0,0,0,29,0,313
12113.0,29,0,0,0,29,0,313
12114.0,29,0,0,0,29,0,313
12115.0,29,0,0,0,29,0,313
12116.0,29,0,0,0,29,0,313
12117.0,29,0,0,0,29,0,313
12118.0,29,0,0,0,29,0,313
12119.0,29,0,0,0,29,0,313
12120.0,29,0,0,0,29,0,313
12121.0,29,0,0,0,29,0,313
12122.0,29,0,0,0,29,0,313
12123.0,29,0,0,0,29,0,313
12124.0,29,0,0,0,29,0,313
12125.0,29,0,0,0,29,0,313
12126.0,29,0,0,0,29,0,313
12127.0,29,0,0,0,29,0,313
12128.0,29,0,0,0,29,0,313
12129.0,29,0,0,0,29,0,313
12130.0,29,0,0,0,29,0,313
12131.0,29,0,0,0,29,0,313
12132.0,29,0,0,0,29,0,313
12133.0,29,0,0,0,29,0,313
12134.0,29,0,0,0,29,0,313
12135.0,29,0,0,0,29,0,313
12136.0,29,0,0,0,29,0,313
12137.0,29,0,0,0,29,0,313
12138.0,29,0,0,0,29,0,313
12139.0,29,0,0,0,29,0,313
12140.0,29,0,0,0,29,0,313
12141.0,29,0,0,0,29,0,313
12142.0,29,0,0,0,29,0,313
12143.0,29,0,0,0,29,0,313
12144.0,29,0,0,0,29,0,313
12145.0,29,0,0,0,29,0,313
12146.0,29,0,0,0,29,0,313
12147.0,29,0,0,0,29,0,313
12148.0,29,0,0,0,29,0,313
12149.0,29,0,0,0,29,0,313
12150.0,29,0,0,0,29,0,313
12151.0,29,0,0,0,29,0,313
12152.0,29,0,0,0,29,0,313
12153.0,29,0,0,0,29,0,313
12154.0,29,0,0,0,29,0,313
12155.0,29,0,0,0,29,0,313
12156.0,29,0,0,0,29,0,313
12157.0,29,0,0,0,29,0,313
12158.0,29,0,0,0,29,0,313
12159.0,29,0,0,0,29,0,313
12160.0,29,0,0,0,29,0,313
12161.0,29,0,0,0,29,0,313
12162.0,29,0,0,0,29,0,313
12163.0,29,0,0,0,29,0,313
12164.0,29,0,0,0,29,0,313
12165.0,29,0,0,0,29,0,313
12166.0,29,0,0,0,29,0,313
12167.0,29,0,0,0,29,0,313
12168.0,29,0,0,0,29,0,313
12169.0,29,0,0,0,29,0,313
12170.0,29,0,0,0,29,0,313
12171.0,29,0,0,0,29,0,313
12172.0,29,0,0,0,29,0,313
12173.0,29,0,0,0,29,0,313
12174.0,29,0,0,0,29,0,313
12175.0,29,0,0,0,29,0,313
12176.0,29,0,0,0,29,0,313
12177.0,29,0,0,0,29,0,313
12178.0,29,0,0,0,29,0,313
12179.0,29,0,0,0,29,0,313
12180.0,29,0,0,0,29,0,313
12181.0,29,0,0,0,29,0,313
12182.0,29,0,0,0,29,0,313
12183.0,29,0,0,0,29,0,313
12184.0,29,0,0,0,29,0,313
12185.0,29,0,0,0,29,0,313
12186.0,29,0,0,0,29,0,313
12187.0,29,0,0,0,29,0,313
12188.0,29,0,0,0,29,0,313
12189.0,29,0,0,0,29,0,313
12190.0,29,0,0,0,29,0,313
12191.0,29,0,0,0,29,0,313
12192.0,29,0,0,0,29,0,313
12193.0,29,0,0,0,29,0,313
12194.0,29,0,0,0,29,0,313
12195.0,29,0,0,0,29,0,313
12196.0,29,0,0,0,29,0,313
12197.0,29,0,0,0,29,0,313
12198.0,29,0,0,0,29,0,313
12199.0,29,0,0,0,29,0,313
12200.0,29,0,0,0,29,0,313
12201.0,29,0,0,0,29,0,313
12202.0,29,0,0,0,29,0,313
12203.0,29,0,0,0,29,0,313
12204.0,29,0,0,0,29,0,313
12205.0,29,0,0,0,29,0,313
12206.0,29,0,0,0,29,0,313
12207.0,29,0,0,0,29,0,313
12208.0,29,0,0,0,29,0,313
12209.0,29,0,0,0,29,0,313
12210.0,29,0,0,0,29,0,313
12211.0,29,0,0,0,29,0,313
12212.0,29,0,0,0,29,0,313
12213.0,29,0,0,0,29,0,313
12214.0,29,0,0,0,29,0,313
12215.0,29,0,0,0,29,0,313
12216.0,29,0,0,0,29,0,313
12217.0,29,0,0,0,29,0,313
12218.0,29,0,0,0,29,0,313
12219.0,29,0,0,0,29,0,313
12220.0,29,0,0,0,29,0,313
12221.0,29,0,0,0,29,0,313
12222.0,29,0,0,0,29,0,313
12223.0,29,0,0,0,29,0,313
12224.0,29,0,0,0,29,0,313
12225.0,29,0,0,0,29,0,313
12226.0,29,0,0,0,29,0,313
12227.0,29,0,0,0,29,0,313
12228.0,29,0,0,0,29,0,313
12229.0,29,0,0,0,29,0,313
12230.0,29,0,0,0,29,0,313
12231.0,29,0,0,0,29,0,313
12232.0,29,0,0,0,29,0,313
12233.0,29,0,0,0,29,0,313
12234.0,29,0,0,0,29,0,313
12235.0,29,0,0,0,29,0,313
12236.0,29,0,0,0,29,0,313
12237.0,29,0,0,0,29,0,313
12238.0,29,0,0,0,29,0,313
12239.0,29,0,0,0,29,0,313
12240.0,29,0,0,0,29,0,313
12241.0,29,0,0,0,29,0,313
12242.0,29,0,0,0,29,0,313
12243.0,29,0,0,0,29,0,313
12244.0,29,0,0,0,29,0,313
12245.0,29,0,0,0,29,0,313
12246.0,29,0,0,0,29,0,313
12247.0,29,0,0,0,29,0,313
12248.0,29,0,0,0,29,0,313
12249.0,29,0,0,0,29,0,313
12250.0,29,0,0,0,29,0,313
12251.0,29,0,0,0,29,0,313
12252.0,29,0,0,0,29,0,313
12253.0,29,0,0,0,29,0,313
12254.0,29,0,0,0,29,0,313
12255.0,29,0,0,0,29,0,313
12256.0,29,0,0,0,29,0,313
12257.0,29,0,0,0,29,0,313
12258.0,29,0,0,0,29,0,313
12259.0,29,0,0,0,29,0,313
12260.0,29,0,0,0,29,0,313
12261.0,29,0,0,0,29,0,313
12262.0,29,0,0,0,29,0,313
12263.0,29,0,0,0,29,0,313
12264.0,29,0,0,0,29,0,313
12265.0,29,0,0,0,29,0,313
12266.0,29,0,0,0,29,0,313
12267.0,29,0,0,0,29,0,313
12268.0,29,0,0,0,29,0,313
12269.0,29,0,0,0,29,0,313
12270.0,29,0,0,0,29,0,313
12271.0,29,0,0,0,29,0,313
12272.0,29,0,0,0,29,0,313
12273.0,29,0,0,0,29,0,313
12274.0,29,0,0,0,29,0,313
12275.0,29,0,0,0,29,0,313
12276.0,29,0,0,0,29,0,313
12277.0,29,0,0,0,29,0,313
12278.0,29,0,0,0,29,0,313
12279.0,29,0,0,0,29,0,313
12280.0,29,0,0,0,29,0,313
12281.0,29,0,0,0,29,0,313
12282.0,29,0,0,0,29,0,313
12283.0,29,0,0,0,29,0,313
12284.0,29,0,0,0,29,0,313
12285.0,29,0,0,0,29,0,313
12286.0,29,0,0,0,29,0,313
12287.0,29,0,0,0,29,0,313
12288.0,29,0,0,0,29,0,313
12289.0,29,0,0,0,29,0,313
12290.0,29,0,0,0,29,0,313
12291.0,29,0,0,0,29,0,313
12292.0,29,0,0,0,29,0,313
12293.0,29,0,0,0,29,0,313
12294.0,29,0,0,0,29,0,313
12295.0,29,0,0,0,29,0,313
12296.0,29,0,0,0,29,0,313
12297.0,29,0,0,0,29,0,313
12298.0,29,0,0,0,29,0,313
12299.0,29,0,0,0,29,0,313
12300.0,29,0,0,0,29,0,313
12301.0,29,0,0,0,29,0,313
12302.0,29,0,0,0,29,0,313
12303.0,29,0,0,0,29,0,313
12304.0,29,0,0,0,29,0,313
12305.0,29,0,0,0,29,0,313
12306.0,29,0,0,0,29,0,313
12307.0,29,0,0,0,29,0,313
12308.0,29,0,0,0,29,0,313
12309.0,29,0,0,0,29,0,313
12310.0,29,0,0,0,29,0,313
12311.0,29,0,0,0,29,0,313
12312.0,29,0,0,0,29,0,313
12313.0,29,0,0,0,29,0,313
12314.0,29,0,0,0,29,0,313
12315.0,29,0,0,0,29,0,313
12316.0,29,0,0,0,29,0,313
12317.0,29,0,0,0,29,0,313
12318.0,29,0,0,0,29,0,313
12319.0,29,0,0,0,29,0,313
12320.0,29,0,0,0,29,0,313
12321.0,29,0,0,0,29,0,313
12322.0,29,0,0,0,29,0,313
12323.0,29,0,0,0,29,0,313
12324.0,29,0,0,0,29,0,313
12325.0,29,0,0,0,29,0,313
12326.0,29,0,0,0,29,0,313
12327.0,29,0,0,0,29,0,313
12328.0,29,0,0,0,29,0,313
12329.0,29,0,0,0,29,0,313
12330.0,29,0,0,0,29,0,313
12331.0,29,0,0,0,29,0,313
12332.0,29,0,0,0,29,0,313
12333.0,29,0,0,0,29,0,313
12334.0,29,0,0,0,29,0,313
12335.0,29,0,0,0,29,0,313
12336.0,29,0,0,0,29,0,313
12337.0,29,0,0,0,29,0,313
12338.0,29,0,0,0,29,0,313
12339.0,29,0,0,0,29,0,313
12340.0,29,0,0,0,29,0,313
12341.0,29,0,0,0,29,0,313
12342.0,29,0,0,0,29,0,313
12343.0,29,0,0,0,29,0,313
12344.0,29,0,0,0,29,0,313
12345.0,29,0,0,0,29,0,313
12346.0,29,0,0,0,29,0,313
12347.0,29,0,0,0,29,0,313
12348.0,29,0,0,0,29,0,313
12349.0,29,0,0,0,29,0,313
12350.0,29,0,0,0,29,0,313
12351.0,29,0,0,0,29,0,313
12352.0,29,0,0,0,29,0,313
12353.0,29,0,0,0,29,0,313
12354.0,29,0,0,0,29,0,313
12355.0,29,0,0,0,29,0,313
12356.0,29,0,0,0,29,0,313
12357.0,29,0,0,0,29,0,313
12358.0,29,0,0,0,29,0,313
12359.0,29,0,0,0,29,0,313
12360.0,29,0,0,0,29,0,313
12361.0,29,0,0,0,29,0,313
12362.0,29,0,0,0,29,0,313
12363.0,29,0,0,0,29,0,313
12364.0,29,0,0,0,29,0,313
12365.0,29,0,0,0,29,0,313
12366.0,29,0,0,0,29,0,313
12367.0,29,0,0,0,29,0,313
12368.0,29,0,0,0,29,0,313
12369.0,29,0,0,0,29,0,313
12370.0,29,0,0,0,29,0,313
12371.0,29,0,0,0,29,0,313
12372.0,29,0,0,0,29,0,313
12373.0,29,0,0,0,29,0,313
12374.0,29,0,0,0,29,0,313
12375.0,29,0,0,0,29,0,313
12376.0,29,0,0,0,29,0,313
12377.0,29,0,0,0,29,0,313
12378.0,29,0,0,0,29,0,313
12379.0,29,0,0,0,29,0,313
12380.0,29,0,0,0,29,0,313
12381.0,29,0,0,0,29,0,313
12382.0,29,0,0,0,29,0,313
12383.0,29,0,0,0,29,0,313
12384.0,29,0,0,0,29,0,313
12385.0,29,0,0,0,29,0,313
12386.0,29,0,0,0,29,0,313
12387.0,29,0,0,0,29,0,313
12388.0,29,0,0,0,29,0,313
12389.0,29,0,0,0,29,0,313
12390.0,29,0,0,0,29,0,313
12391.0,29,0,0,0,29,0,313
12392.0,29,0,0,0,29,0,313
12393.0,29,0,0,0,29,0,313
12394.0,29,0,0,0,29,0,313
12395.0,29,0,0,0,29,0,313
12396.0,29,0,0,0,29,0,313
12397.0,29,0,0,0,29,0,313
12398.0,29,0,0,0,29,0,313
12399.0,29,0,0,0,29,0,313
12400.0,29,0,0,0,29,0,313
12401.0,29,0,0,0,29,0,313
12402.0,29,0,0,0,29,0,313
12403.0,29,0,0,0,29,0,313
12404.0,29,0,0,0,29,0,313
12405.0,29,0,0,0,29,0,313
12406.0,29,0,0,0,29,0,313
12407.0,29,0,0,0,29,0,313
12408.0,29,0,0,0,29,0,313
12409.0,29,0,0,0,29,0,313
12410.0,29,0,0,0,29,0,313
12411.0,29,0,0,0,29,0,313
12412.0,29,0,0,0,29,0,313
12413.0,29,0,0,0,29,0,313
12414.0,29,0,0,0,29,0,313
12415.0,29,0,0,0,29,0,313
12416.0,29,0,0,0,29,0,313
12417.0,29,0,0,0,29,0,313
12418.0,29,0,0,0,29,0,313
12419.0,29,0,0,0,29,0,313
12420.0,29,0,0,0,29,0,313
12421.0,29,0,0,0,29,0,313
12422.0,29,0,0,0,29,0,313
12423.0,29,0,0,0,29,0,313
12424.0,29,0,0,0,29,0,313
12425.0,29,0,0,0,29,0,313
12426.0,29,0,0,0,29,0,313
12427.0,29,0,0,0,29,0,313
12428.0,29,0,0,0,29,0,313
12429.0,29,0,0,0,29,0,313
12430.0,29,0,0,0,29,0,313
12431.0,29,0,0,0,29,0,313
12432.0,29,0,0,0,29,0,313
12433.0,29,0,0,0,29,0,313
12434.0,29,0,0,0,29,0,313
12435.0,29,0,0,0,29,0,313
12436.0,29,0,0,0,29,0,313
12437.0,29,0,0,0,29,0,313
12438.0,29,0,0,0,29,0,313
12439.0,29,0,0,0,29,0,313
12440.0,29,0,0,0,29,0,313
12441.0,29,0,0,0,29,0,313
12442.0,29,0,0,0,29,0,313
12443.0,29,0,0,0,29,0,313
12444.0,29,0,0,0,29,0,313
12445.0,29,0,0,0,29,0,313
12446.0,29,0,0,0,29,0,313
12447.0,29,0,0,0,29,0,313
12448.0,29,0,0,0,29,0,313
12449.0,29,0,0,0,29,0,313
12450.0,29,0,0,0,29,0,313
12451.0,29,0,0,0,29,0,313
12452.0,29,0,0,0,29,0,313
12453.0,29,0,0,0,29,0,313
12454.0,29,0,0,0,29,0,313
12455.0,29,0,0,0,29,0,313
12456.0,29,0,0,0,29,0,313
12457.0,29,0,0,0,29,0,313
12458.0,29,0,0,0,29,0,313
12459.0,29,0,0,0,29,0,313
12460.0,29,0,0,0,29,0,313
12461.0,29,0,0,0,29,0,313
12462.0,29,0,0,0,29,0,313
12463.0,29,0,0,0,29,0,313
12464.0,29,0,0,0,29,0,313
12465.0,29,0,0,0,29,0,313
12466.0,29,0,0,0,29,0,313
12467.0,29,0,0,0,29,0,313
12468.0,29,0,0,0,29,0,313
12469.0,29,0,0,0,29,0,313
12470.0,29,0,0,0,29,0,313
12471.0,29,0,0,0,29,0,313
12472.0,29,0,0,0,29,0,313
12473.0,29,0,0,0,29,0,313
12474.0,29,0,0,0,29,0,313
12475.0,29,0,0,0,29,0,313
12476.0,29,0,0,0,29,0,313
12477.0,29,0,0,0,29,0,313
12478.0,29,0,0,0,29,0,313
12479.0,29,0,0,0,29,0,313
12480.0,29,0,0,0,29,0,313
12481.0,29,0,0,0,29,0,313
12482.0,29,0,0,0,29,0,313
12483.0,29,0,0,0,29,0,313
12484.0,29,0,0,0,29,0,313
12485.0,29,0,0,0,29,0,313
12486.0,29,0,0,0,29,0,313
12487.0,29,0,0,0,29,0,313
12488.0,29,0,0,0,29,0,313
12489.0,29,0,0,0,29,0,313
12490.0,29,0,0,0,29,0,313
12491.0,29,0,0,0,29,0,313
12492.0,29,0,0,0,29,0,313
12493.0,29,0,0,0,29,0,313
12494.0,29,0,0,0,29,0,313
12495.0,29,0,0,0,29,0,313
12496.0,29,0,0,0,29,0,313
12497.0,29,0,0,0,29,0,313
12498.0,29,0,0,0,29,0,313
12499.0,29,0,0,0,29,0,313
12500.0,29,0,0,0,29,0,313
12501.0,29,0,0,0,29,0,313
12502.0,29,0,0,0,29,0,313
12503.0,29,0,0,0,29,0,313
12504.0,29,0,0,0,29,0,313
12505.0,29,0,0,0,29,0,313
12506.0,29,0,0,0,29,0,313
12507.0,29,0,0,0,29,0,313
12508.0,29,0,0,0,29,0,313
12509.0,29,0,0,0,29,0,313
12510.0,29,0,0,0,29,0,313
12511.0,29,0,0,0,29,0,313
12512.0,29,0,0,0,29,0,313
12513.0,29,0,0,0,29,0,313
12514.0,29,0,0,0,29,0,313
12515.0,29,0,0,0,29,0,313
12516.0,29,0,0,0,29,0,313
12517.0,29,0,0,0,29,0,313
12518.0,29,0,0,0,29,0,313
12519.0,29,0,0,0,29,0,313
12520.0,29,0,0,0,29,0,313
12521.0,29,0,0,0,29,0,313
12522.0,29,0,0,0,29,0,313
12523.0,29,0,0,0,29,0,313
12524.0,29,0,0,0,29,0,313
12525.0,29,0,0,0,29,0,313
12526.0,29,0,0,0,29,0,313
12527.0,29,0,0,0,29,0,313
12528.0,29,0,0,0,29,0,313
12529.0,29,0,0,0,29,0,313
12530.0,29,0,0,0,29,0,313
12531.0,29,0,0,0,29,0,313
12532.0,29,0,0,0,29,0,313
12533.0,29,0,0,0,29,0,313
12534.0,29,0,0,0,29,0,313
12535.0,29,0,0,0,29,0,313
12536.0,29,0,0,0,29,0,313
12537.0,29,0,0,0,29,0,313
12538.0,29,0,0,0,29,0,313
12539.0,29,0,0,0,29,0,313
12540.0,29,0,0,0,29,0,313
12541.0,29,0,0,0,29,0,313
12542.0,29,0,0,0,29,0,313
12543.0,29,0,0,0,29,0,313
12544.0,29,0,0,0,29,0,313
12545.0,29,0,0,0,29,0,313
12546.0,29,0,0,0,29,0,313
12547.0,29,0,0,0,29,0,313
12548.0,29,0,0,0,29,0,313
12549.0,29,0,0,0,29,0,313
12550.0,29,0,0,0,29,0,313
12551.0,29,0,0,0,29,0,313
12552.0,29,0,0,0,29,0,313
12553.0,29,0,0,0,29,0,313
12554.0,29,0,0,0,29,0,313
12555.0,29,0,0,0,29,0,313
12556.0,29,0,0,0,29,0,313
12557.0,29,0,0,0,29,0,313
12558.0,29,0,0,0,29,0,313
12559.0,29,0,0,0,29,0,313
12560.0,29,0,0,0,29,0,313
12561.0,29,0,0,0,29,0,313
12562.0,29,0,0,0,29,0,313
12563.0,29,0,0,0,29,0,313
12564.0,29,0,0,0,29,0,313
12565.0,29,0,0,0,29,0,313
12566.0,29,0,0,0,29,0,313
12567.0,29,0,0,0,29,0,313
12568.0,29,0,0,0,29,0,313
12569.0,29,0,0,0,29,0,313
12570.0,29,0,0,0,29,0,313
12571.0,29,0,0,0,29,0,313
12572.0,29,0,0,0,29,0,313
12573.0,29,0,0,0,29,0,313
12574.0,29,0,0,0,29,0,313
12575.0,29,0,0,0,29,0,313
12576.0,29,0,0,0,29,0,313
12577.0,29,0,0,0,29,0,313
12578.0,29,0,0,0,29,0,313
12579.0,29,0,0,0,29,0,313
12580.0,29,0,0,0,29,0,313
12581.0,29,0,0,0,29,0,313
12582.0,29,0,0,0,29,0,313
12583.0,29,0,0,0,29,0,313
12584.0,29,0,0,0,29,0,313
12585.0,29,0,0,0,29,0,313
12586.0,29,0,0,0,29,0,313
12587.0,29,0,0,0,29,0,313
12588.0,29,0,0,0,29,0,313
12589.0,29,0,0,0,29,0,313
12590.0,29,0,0,0,29,0,313
12591.0,29,0,0,0,29,0,313
12592.0,29,0,0,0,29,0,313
12593.0,29,0,0,0,29,0,313
12594.0,29,0,0,0,29,0,313
12595.0,29,0,0,0,29,0,313
12596.0,29,0,0,0,29,0,313
12597.0,29,0,0,0,29,0,313
12598.0,29,0,0,0,29,0,313
12599.0,29,0,0,0,29,0,313
12600.0,29,0,0,0,29,0,313
12601.0,29,0,0,0,29,0,313
12602.0,29,0,0,0,29,0,313
12603.0,29,0,0,0,29,0,313
12604.0,29,0,0,0,29,0,313
12605.0,29,0,0,0,29,0,313
12606.0,29,0,0,0,29,0,313
12607.0,29,0,0,0,29,0,313
12608.0,29,0,0,0,29,0,313
12609.0,29,0,0,0,29,0,313
12610.0,29,0,0,0,29,0,313
12611.0,29,0,0,0,29,0,313
12612.0,29,0,0,0,29,0,313
12613.0,29,0,0,0,29,0,313
12614.0,29,0,0,0,29,0,313
12615.0,29,0,0,0,29,0,313
12616.0,29,0,0,0,29,0,313
12617.0,29,0,0,0,29,0,313
12618.0,29,0,0,0,29,0,313
12619.0,29,0,0,0,29,0,313
12620.0,29,0,0,0,29,0,313
12621.0,29,0,0,0,29,0,313
12622.0,29,0,0,0,29,0,313
12623.0,29,0,0,0,29,0,313
12624.0,29,0,0,0,29,0,313
12625.0,29,0,0,0,29,0,313
12626.0,29,0,0,0,29,0,313
12627.0,29,0,0,0,29,0,313
12628.0,29,0,0,0,29,0,313
12629.0,29,0,0,0,29,0,313
12630.0,29,0,0,0,29,0,313
12631.0,29,0,0,0,29,0,313
12632.0,29,0,0,0,29,0,313
12633.0,29,0,0,0,29,0,313
12634.0,29,0,0,0,29,0,313
12635.0,29,0,0,0,29,0,313
12636.0,29,0,0,0,29,0,313
12637.0,29,0,0,0,29,0,313
12638.0,29,0,0,0,29,0,313
12639.0,29,0,0,0,29,0,313
12640.0,29,0,0,0,29,0,313
12641.0,29,0,0,0,29,0,313
12642.0,29,0,0,0,29,0,313
12643.0,29,0,0,0,29,0,313
12644.0,29,0,0,0,29,0,313
12645.0,29,0,0,0,29,0,313
12646.0,29,0,0,0,29,0,313
12647.0,29,0,0,0,29,0,313
12648.0,29,0,0,0,29,0,313
12649.0,29,0,0,0,29,0,313
12650.0,29,0,0,0,29,0,313
12651.0,29,0,0,0,29,0,313
12652.0,29,0,0,0,29,0,313
12653.0,29,0,0,0,29,0,313
12654.0,29,0,0,0,29,0,313
12655.0,29,0,0,0,29,0,313
12656.0,29,0,0,0,29,0,313
12657.0,29,0,0,0,29,0,313
12658.0,29,0,0,0,29,0,313
12659.0,29,0,0,0,29,0,313
12660.0,29,0,0,0,29,0,313
12661.0,29,0,0,0,29,0,313
12662.0,29,0,0,0,29,0,313
12663.0,29,0,0,0,29,0,313
12664.0,29,0,0,0,29,0,313
12665.0,29,0,0,0,29,0,313
12666.0,29,0,0,0,29,0,313
12667.0,29,0,0,0,29,0,313
12668.0,29,0,0,0,29,0,313
12669.0,29,0,0,0,29,0,313
12670.0,29,0,0,0,29,0,313
12671.0,29,0,0,0,29,0,313
12672.0,29,0,0,0,29,0,313
12673.0,29,0,0,0,29,0,313
12674.0,29,0,0,0,29,0,313
12675.0,29,0,0,0,29,0,313
12676.0,29,0,0,0,29,0,313
12677.0,29,0,0,0,29,0,313
12678.0,29,0,0,0,29,0,313
12679.0,29,0,0,0,29,0,313
12680.0,29,0,0,0,29,0,313
12681.0,29,0,0,0,29,0,313
12682.0,29,0,0,0,29,0,313
12683.0,29,0,0,0,29,0,313
12684.0,29,0,0,0,29,0,313
12685.0,29,0,0,0,29,0,313
12686.0,29,0,0,0,29,0,313
12687.0,29,0,0,0,29,0,313
12688.0,29,0,0,0,29,0,313
12689.0,29,0,0,0,29,0,313
12690.0,29,0,0,0,29,0,313
12691.0,29,0,0,0,29,0,313
12692.0,29,0,0,0,29,0,313
12693.0,29,0,0,0,29,0,313
12694.0,29,0,0,0,29,0,313
12695.0,29,0,0,0,29,0,313
12696.0,29,0,0,0,29,0,313
12697.0,29,0,0,0,29,0,313
12698.0,29,0,0,0,29,0,313
12699.0,29,0,0,0,29,0,313
12700.0,29,0,0,0,29,0,313
12701.0,29,0,0,0,29,0,313
12702.0,29,0,0,0,29,0,313
12703.0,29,0,0,0,29,0,313
12704.0,29,0,0,0,29,0,313
12705.0,29,0,0,0,29,0,313
12706.0,29,0,0,0,29,0,313
12707.0,29,0,0,0,29,0,313
12708.0,29,0,0,0,29,0,313
12709.0,29,0,0,0,29,0,313
12710.0,29,0,0,0,29,0,313
12711.0,29,0,0,0,29,0,313
12712.0,29,0,0,0,29,0,313
12713.0,29,0,0,0,29,0,313
12714.0,29,0,0,0,29,0,313
12715.0,29,0,0,0,29,0,313
12716.0,29,0,0,0,29,0,313
12717.0,29,0,0,0,29,0,313
12718.0,29,0,0,0,29,0,313
12719.0,29,0,0,0,29,0,313
12720.0,29,0,0,0,29,0,313
12721.0,29,0,0,0,29,0,313
12722.0,29,0,0,0,29,0,313
12723.0,29,0,0,0,29,0,313
12724.0,29,0,0,0,29,0,313
12725.0,29,0,0,0,29,0,313
12726.0,29,0,0,0,29,0,313
12727.0,29,0,0,0,29,0,313
12728.0,29,0,0,0,29,0,313
12729.0,29,0,0,0,29,0,313
12730.0,29,0,0,0,29,0,313
12731.0,29,0,0,0,29,0,313
12732.0,29,0,0,0,29,0,313
12733.0,29,0,0,0,29,0,313
12734.0,29,0,0,0,29,0,313
12735.0,29,0,0,0,29,0,313
12736.0,29,0,0,0,29,0,313
12737.0,29,0,0,0,29,0,313
12738.0,29,0,0,0,29,0,313
12739.0,29,0,0,0,29,0,313
12740.0,29,0,0,0,29,0,313
12741.0,29,0,0,0,29,0,313
12742.0,29,0,0,0,29,0,313
12743.0,29,0,0,0,29,0,313
12744.0,29,0,0,0,29,0,313
12745.0,29,0,0,0,29,0,313
12746.0,29,0,0,0,29,0,313
12747.0,29,0,0,0,29,0,313
12748.0,29,0,0,0,29,0,313
12749.0,29,0,0,0,29,0,313
12750.0,29,0,0,0,29,0,313
12751.0,29,0,0,0,29,0,313
12752.0,29,0,0,0,29,0,313
12753.0,29,0,0,0,29,0,313
12754.0,29,0,0,0,29,0,313
12755.0,29,0,0,0,29,0,313
12756.0,29,0,0,0,29,0,313
12757.0,29,0,0,0,29,0,313
12758.0,29,0,0,0,29,0,313
12759.0,29,0,0,0,29,0,313
12760.0,29,0,0,0,29,0,313
12761.0,29,0,0,0,29,0,313
12762.0,29,0,0,0,29,0,313
12763.0,29,0,0,0,29,0,313
12764.0,29,0,0,0,29,0,313
12765.0,29,0,0,0,29,0,313
12766.0,29,0,0,0,29,0,313
12767.0,29,0,0,0,29,0,313
12768.0,29,0,0,0,29,0,313
12769.0,29,0,0,0,29,0,313
12770.0,29,0,0,0,29,0,313
12771.0,29,0,0,0,29,0,313
12772.0,29,0,0,0,29,0,313
12773.0,29,0,0,0,29,0,313
12774.0,29,0,0,0,29,0,313
12775.0,29,0,0,0,29,0,313
12776.0,29,0,0,0,29,0,313
12777.0,29,0,0,0,29,0,313
12778.0,29,0,0,0,29,0,313
12779.0,29,0,0,0,29,0,313
12780.0,29,0,0,0,29,0,313
12781.0,29,0,0,0,29,0,313
12782.0,29,0,0,0,29,0,313
12783.0,29,0,0,0,29,0,313
12784.0,29,0,0,0,29,0,313
12785.0,29,0,0,0,29,0,313
12786.0,29,0,0,0,29,0,313
12787.0,29,0,0,0,29,0,313
12788.0,29,0,0,0,29,0,313
12789.0,29,0,0,0,29,0,313
12790.0,29,0,0,0,29,0,313
12791.0,29,0,0,0,29,0,313
12792.0,29,0,0,0,29,0,313
12793.0,29,0,0,0,29,0,313
12794.0,29,0,0,0,29,0,313
12795.0,29,0,0,0,29,0,313
12796.0,29,0,0,0,29,0,313
12797.0,29,0,0,0,29,0,313
12798.0,29,0,0,0,29,0,313
12799.0,29,0,0,0,29,0,313
12800.0,29,0,0,0,29,0,313
12801.0,29,0,0,0,29,0,313
12802.0,29,0,0,0,29,0,313
12803.0,29,0,0,0,29,0,313
12804.0,29,0,0,0,29,0,313
12805.0,29,0,0,0,29,0,313
12806.0,29,0,0,0,29,0,313
12807.0,29,0,0,0,29,0,313
12808.0,29,0,0,0,29,0,313
12809.0,29,0,0,0,29,0,313
12810.0,29,0,0,0,29,0,313
12811.0,29,0,0,0,29,0,313
12812.0,29,0,0,0,29,0,313
12813.0,29,0,0,0,29,0,313
12814.0,29,0,0,0,29,0,313
12815.0,29,0,0,0,29,0,313
12816.0,29,0,0,0,29,0,313
12817.0,29,0,0,0,29,0,313
12818.0,29,0,0,0,29,0,313
12819.0,29,0,0,0,29,0,313
12820.0,29,0,0,0,29,0,313
12821.0,29,0,0,0,29,0,313
12822.0,29,0,0,0,29,0,313
12823.0,29,0,0,0,29,0,313
12824.0,29,0,0,0,29,0,313
12825.0,29,0,0,0,29,0,313
12826.0,29,0,0,0,29,0,313
12827.0,29,0,0,0,29,0,313
12828.0,29,0,0,0,29,0,313
12829.0,29,0,0,0,29,0,313
12830.0,29,0,0,0,29,0,313
12831.0,29,0,0,0,29,0,313
12832.0,29,0,0,0,29,0,313
12833.0,29,0,0,0,29,0,313
12834.0,29,0,0,0,29,0,313
12835.0,29,0,0,0,29,0,313
12836.0,29,0,0,0,29,0,313
12837.0,29,0,0,0,29,0,313
12838.0,29,0,0,0,29,0,313
12839.0,29,0,0,0,29,0,313
12840.0,29,0,0,0,29,0,313
12841.0,29,0,0,0,29,0,313
12842.0,29,0,0,0,29,0,313
12843.0,29,0,0,0,29,0,313
12844.0,29,0,0,0,29,0,313
12845.0,29,0,0,0,29,0,313
12846.0,29,0,0,0,29,0,313
12847.0,29,0,0,0,29,0,313
12848.0,29,0,0,0,29,0,313
12849.0,29,0,0,0,29,0,313
12850.0,29,0,0,0,29,0,313
12851.0,29,0,0,0,29,0,313
12852.0,29,0,0,0,29,0,313
12853.0,29,0,0,0,29,0,313
12854.0,29,0,0,0,29,0,313
12855.0,29,0,0,0,29,0,313
12856.0,29,0,0,0,29,0,313
12857.0,29,0,0,0,29,0,313
12858.0,29,0,0,0,29,0,313
12859.0,29,0,0,0,29,0,313
12860.0,29,0,0,0,29,0,313
12861.0,29,0,0,0,29,0,313
12862.0,29,0,0,0,29,0,313
12863.0,29,0,0,0,29,0,313
12864.0,29,0,0,0,29,0,313
12865.0,29,0,0,0,29,0,313
12866.0,29,0,0,0,29,0,313
12867.0,29,0,0,0,29,0,313
12868.0,29,0,0,0,29,0,313
12869.0,29,0,0,0,29,0,313
12870.0,29,0,0,0,29,0,313
12871.0,29,0,0,0,29,0,313
12872.0,29,0,0,0,29,0,313
12873.0,29,0,0,0,29,0,313
12874.0,29,0,0,0,29,0,313
12875.0,29,0,0,0,29,0,313
12876.0,29,0,0,0,29,0,313
12877.0,29,0,0,0,29,0,313
12878.0,29,0,0,0,29,0,313
12879.0,29,0,0,0,29,0,313
12880.0,29,0,0,0,29,0,313
12881.0,29,0,0,0,29,0,313
12882.0,29,0,0,0,29,0,313
12883.0,29,0,0,0,29,0,313
12884.0,29,0,0,0,29,0,313
12885.0,29,0,0,0,29,0,313
12886.0,29,0,0,0,29,0,313
12887.0,29,0,0,0,29,0,313
12888.0,29,0,0,0,29,0,313
12889.0,29,0,0,0,29,0,313
12890.0,29,0,0,0,29,0,313
12891.0,29,0,0,0,29,0,313
12892.0,29,0,0,0,29,0,313
12893.0,29,0,0,0,29,0,313
12894.0,29,0,0,0,29,0,313
12895.0,29,0,0,0,29,0,313
12896.0,29,0,0,0,29,0,313
12897.0,29,0,0,0,29,0,313
12898.0,29,0,0,0,29,0,313
12899.0,29,0,0,0,29,0,313
12900.0,29,0,0,0,29,0,313
12901.0,29,0,0,0,29,0,313
12902.0,29,0,0,0,29,0,313
12903.0,29,0,0,0,29,0,313
12904.0,29,0,0,0,29,0,313
12905.0,29,0,0,0,29,0,313
12906.0,29,0,0,0,29,0,313
12907.0,29,0,0,0,29,0,313
12908.0,29,0,0,0,29,0,313
12909.0,29,0,0,0,29,0,313
12910.0,29,0,0,0,29,0,313
12911.0,29,0,0,0,29,0,313
12912.0,29,0,0,0,29,0,313
12913.0,29,0,0,0,29,0,313
12914.0,29,0,0,0,29,0,313
12915.0,29,0,0,0,29,0,313
12916.0,29,0,0,0,29,0,313
12917.0,29,0,0,0,29,0,313
12918.0,29,0,0,0,29,0,313
12919.0,29,0,0,0,29,0,313
12920.0,29,0,0,0,29,0,313
12921.0,29,0,0,0,29,0,313
12922.0,29,0,0,0,29,0,313
12923.0,29,0,0,0,29,0,313
12924.0,29,0,0,0,29,0,313
12925.0,29,0,0,0,29,0,313
12926.0,29,0,0,0,29,0,313
12927.0,29,0,0,0,29,0,313
12928.0,29,0,0,0,29,0,313
12929.0,29,0,0,0,29,0,313
12930.0,29,0,0,0,29,0,313
12931.0,29,0,0,0,29,0,313
12932.0,29,0,0,0,29,0,313
12933.0,29,0,0,0,29,0,313
12934.0,29,0,0,0,29,0,313
12935.0,29,0,0,0,29,0,313
12936.0,29,0,0,0,29,0,313
12937.0,29,0,0,0,29,0,313
12938.0,29,0,0,0,29,0,313
12939.0,29,0,0,0,29,0,313
12940.0,29,0,0,0,29,0,313
12941.0,29,0,0,0,29,0,313
12942.0,29,0,0,0,29,0,313
12943.0,29,0,0,0,29,0,313
12944.0,29,0,0,0,29,0,313
12945.0,29,0,0,0,29,0,313
12946.0,29,0,0,0,29,0,313
12947.0,29,0,0,0,29,0,313
12948.0,29,0,0,0,29,0,313
12949.0,29,0,0,0,29,0,313
12950.0,29,0,0,0,29,0,313
12951.0,29,0,0,0,29,0,313
12952.0,29,0,0,0,29,0,313
12953.0,29,0,0,0,29,0,313
12954.0,29,0,0,0,29,0,313
12955.0,29,0,0,0,29,0,313
12956.0,29,0,0,0,29,0,313
12957.0,29,0,0,0,29,0,313
12958.0,29,0,0,0,29,0,313
12959.0,29,0,0,0,29,0,313
12960.0,29,0,0,0,29,0,313
12961.0,29,0,0,0,29,0,313
12962.0,29,0,0,0,29,0,313
12963.0,29,0,0,0,29,0,313
12964.0,29,0,0,0,29,0,313
12965.0,29,0,0,0,29,0,313
12966.0,29,0,0,0,29,0,313
12967.0,29,0,0,0,29,0,313
12968.0,29,0,0,0,29,0,313
12969.0,29,0,0,0,29,0,313
12970.0,29,0,0,0,29,0,313
12971.0,29,0,0,0,29,0,313
12972.0,29,0,0,0,29,0,313
12973.0,29,0,0,0,29,0,313
12974.0,29,0,0,0,29,0,313
12975.0,29,0,0,0,29,0,313
12976.0,29,0,0,0,29,0,313
12977.0,29,0,0,0,29,0,313
12978.0,29,0,0,0,29,0,313
12979.0,29,0,0,0,29,0,313
12980.0,29,0,0,0,29,0,313
12981.0,29,0,0,0,29,0,313
12982.0,29,0,0,0,29,0,313
12983.0,29,0,0,0,29,0,313
12984.0,29,0,0,0,29,0,313
12985.0,29,0,0,0,29,0,313
12986.0,29,0,0,0,29,0,313
12987.0,29,0,0,0,29,0,313
12988.0,29,0,0,0,29,0,313
12989.0,29,0,0,0,29,0,313
12990.0,29,0,0,0,29,0,313
12991.0,29,0,0,0,29,0,313
12992.0,29,0,0,0,29,0,313
12993.0,29,0,0,0,29,0,313
12994.0,29,0,0,0,29,0,313
12995.0,29,0,0,0,29,0,313
12996.0,29,0,0,0,29,0,313
12997.0,29,0,0,0,29,0,313
12998.0,29,0,0,0,29,0,313
12999.0,29,0,0,0,29,0,313
13000.0,29,0,0,0,29,0,313
13001.0,29,0,0,0,29,0,313
13002.0,29,0,0,0,29,0,313
13003.0,29,0,0,0,29,0,313
13004.0,29,0,0,0,29,0,313
13005.0,29,0,0,0,29,0,313
13006.0,29,0,0,0,29,0,313
13007.0,29,0,0,0,29,0,313
13008.0,29,0,0,0,29,0,313
13009.0,29,0,0,0,29,0,313
13010.0,29,0,0,0,29,0,313
13011.0,29,0,0,0,29,0,313
13012.0,29,0,0,0,29,0,313
13013.0,29,0,0,0,29,0,313
13014.0,29,0,0,0,29,0,313
13015.0,29,0,0,0,29,0,313
13016.0,29,0,0,0,29,0,313
13017.0,29,0,0,0,29,0,313
13018.0,29,0,0,0,29,0,313
13019.0,29,0,0,0,29,0,313
13020.0,29,0,0,0,29,0,313
13021.0,29,0,0,0,29,0,313
13022.0,29,0,0,0,29,0,313
13023.0,29,0,0,0,29,0,313
13024.0,29,0,0,0,29,0,313
13025.0,29,0,0,0,29,0,313
13026.0,29,0,0,0,29,0,313
13027.0,29,0,0,0,29,0,313
13028.0,29,0,0,0,29,0,313
13029.0,29,0,0,0,29,0,313
13030.0,29,0,0,0,29,0,313
13031.0,29,0,0,0,29,0,313
13032.0,29,0,0,0,29,0,313
13033.0,29,0,0,0,29,0,313
13034.0,29,0,0,0,29,0,313
13035.0,29,0,0,0,29,0,313
13036.0,29,0,0,0,29,0,313
13037.0,29,0,0,0,29,0,313
13038.0,29,0,0,0,29,0,313
13039.0,29,0,0,0,29,0,313
13040.0,29,0,0,0,29,0,313
13041.0,29,0,0,0,29,0,313
13042.0,29,0,0,0,29,0,313
13043.0,29,0,0,0,29,0,313
13044.0,29,0,0,0,29,0,313
13045.0,29,0,0,0,29,0,313
13046.0,29,0,0,0,29,0,313
13047.0,29,0,0,0,29,0,313
13048.0,29,0,0,0,29,0,313
13049.0,29,0,0,0,29,0,313
13050.0,29,0,0,0,29,0,313
13051.0,29,0,0,0,29,0,313
13052.0,29,0,0,0,29,0,313
13053.0,29,0,0,0,29,0,313
13054.0,29,0,0,0,29,0,313
13055.0,29,0,0,0,29,0,313
13056.0,29,0,0,0,29,0,313
13057.0,29,0,0,0,29,0,313
13058.0,29,0,0,0,29,0,313
13059.0,29,0,0,0,29,0,313
13060.0,29,0,0,0,29,0,313
13061.0,29,0,0,0,29,0,313
13062.0,29,0,0,0,29,0,313
13063.0,29,0,0,0,29,0,313
13064.0,29,0,0,0,29,0,313
13065.0,29,0,0,0,29,0,313
13066.0,29,0,0,0,29,0,313
13067.0,29,0,0,0,29,0,313
13068.0,29,0,0,0,29,0,313
13069.0,29,0,0,0,29,0,313
13070.0,29,0,0,0,29,0,313
13071.0,29,0,0,0,29,0,313
13072.0,29,0,0,0,29,0,313
13073.0,29,0,0,0,29,0,313
13074.0,29,0,0,0,29,0,313
13075.0,29,0,0,0,29,0,313
13076.0,29,0,0,0,29,0,313
13077.0,29,0,0,0,29,0,313
13078.0,29,0,0,0,29,0,313
13079.0,29,0,0,0,29,0,313
13080.0,29,0,0,0,29,0,313
13081.0,29,0,0,0,29,0,313
13082.0,29,0,0,0,29,0,313
13083.0,29,0,0,0,29,0,313
13084.0,29,0,0,0,29,0,313
13085.0,29,0,0,0,29,0,313
13086.0,29,0,0,0,29,0,313
13087.0,29,0,0,0,29,0,313
13088.0,29,0,0,0,29,0,313
13089.0,29,0,0,0,29,0,313
13090.0,29,0,0,0,29,0,313
13091.0,29,0,0,0,29,0,313
13092.0,29,0,0,0,29,0,313
13093.0,29,0,0,0,29,0,313
13094.0,29,0,0,0,29,0,313
13095.0,29,0,0,0,29,0,313
13096.0,29,0,0,0,29,0,313
13097.0,29,0,0,0,29,0,313
13098.0,29,0,0,0,29,0,313
13099.0,29,0,0,0,29,0,313
13100.0,29,0,0,0,29,0,313
13101.0,29,0,0,0,29,0,313
13102.0,29,0,0,0,29,0,313
13103.0,29,0,0,0,29,0,313
13104.0,29,0,0,0,29,0,313
13105.0,29,0,0,0,29,0,313
13106.0,29,0,0,0,29,0,313
13107.0,29,0,0,0,29,0,313
13108.0,29,0,0,0,29,0,313
13109.0,29,0,0,0,29,0,313
13110.0,29,0,0,0,29,0,313
13111.0,29,0,0,0,29,0,313
13112.0,29,0,0,0,29,0,313
13113.0,29,0,0,0,29,0,313
13114.0,29,0,0,0,29,0,313
13115.0,29,0,0,0,29,0,313
13116.0,29,0,0,0,29,0,313
13117.0,29,0,0,0,29,0,313
13118.0,29,0,0,0,29,0,313
13119.0,29,0,0,0,29,0,313
13120.0,29,0,0,0,29,0,313
13121.0,29,0,0,0,29,0,313
13122.0,29,0,0,0,29,0,313
13123.0,29,0,0,0,29,0,313
13124.0,29,0,0,0,29,0,313
13125.0,29,0,0,0,29,0,313
13126.0,29,0,0,0,29,0,313
13127.0,29,0,0,0,29,0,313
13128.0,29,0,0,0,29,0,313
13129.0,29,0,0,0,29,0,313
13130.0,29,0,0,0,29,0,313
13131.0,29,0,0,0,29,0,313
13132.0,29,0,0,0,29,0,313
13133.0,29,0,0,0,29,0,313
13134.0,29,0,0,0,29,0,313
13135.0,29,0,0,0,29,0,313
13136.0,29,0,0,0,29,0,313
13137.0,29,0,0,0,29,0,313
13138.0,29,0,0,0,29,0,313
13139.0,29,0,0,0,29,0,313
13140.0,29,0,0,0,29,0,313
13141.0,29,0,0,0,29,0,313
13142.0,29,0,0,0,29,0,313
13143.0,29,0,0,0,29,0,313
13144.0,29,0,0,0,29,0,313
13145.0,29,0,0,0,29,0,313
13146.0,29,0,0,0,29,0,313
13147.0,29,0,0,0,29,0,313
13148.0,29,0,0,0,29,0,313
13149.0,29,0,0,0,29,0,313
13150.0,29,0,0,0,29,0,313
13151.0,29,0,0,0,29,0,313
13152.0,29,0,0,0,29,0,313
13153.0,29,0,0,0,29,0,313
13154.0,29,0,0,0,29,0,313
13155.0,29,0,0,0,29,0,313
13156.0,29,0,0,0,29,0,313
13157.0,29,0,0,0,29,0,313
13158.0,29,0,0,0,29,0,313
13159.0,29,0,0,0,29,0,313
13160.0,29,0,0,0,29,0,313
13161.0,29,0,0,0,29,0,313
13162.0,29,0,0,0,29,0,313
13163.0,29,0,0,0,29,0,313
13164.0,29,0,0,0,29,0,313
13165.0,29,0,0,0,29,0,313
13166.0,29,0,0,0,29,0,313
13167.0,29,0,0,0,29,0,313
13168.0,29,0,0,0,29,0,313
13169.0,29,0,0,0,29,0,313
13170.0,29,0,0,0,29,0,313
13171.0,29,0,0,0,29,0,313
13172.0,29,0,0,0,29,0,313
13173.0,29,0,0,0,29,0,313
13174.0,29,0,0,0,29,0,313
13175.0,29,0,0,0,29,0,313
13176.0,29,0,0,0,29,0,313
13177.0,29,0,0,0,29,0,313
13178.0,29,0,0,0,29,0,313
13179.0,29,0,0,0,29,0,313
13180.0,29,0,0,0,29,0,313
13181.0,29,0,0,0,29,0,313
13182.0,29,0,0,0,29,0,313
13183.0,29,0,0,0,29,0,313
13184.0,29,0,0,0,29,0,313
13185.0,29,0,0,0,29,0,313
13186.0,29,0,0,0,29,0,313
13187.0,29,0,0,0,29,0,313
13188.0,29,0,0,0,29,0,313
13189.0,29,0,0,0,29,0,313
13190.0,29,0,0,0,29,0,313
13191.0,29,0,0,0,29,0,313
13192.0,29,0,0,0,29,0,313
13193.0,29,0,0,0,29,0,313
13194.0,29,0,0,0,29,0,313
13195.0,29,0,0,0,29,0,313
13196.0,29,0,0,0,29,0,313
13197.0,29,0,0,0,29,0,313
13198.0,29,0,0,0,29,0,313
13199.0,29,0,0,0,29,0,313
13200.0,29,0,0,0,29,0,313
13201.0,29,0,0,0,29,0,313
13202.0,29,0,0,0,29,0,313
13203.0,29,0,0,0,29,0,313
13204.0,29,0,0,0,29,0,313
13205.0,29,0,0,0,29,0,313
13206.0,29,0,0,0,29,0,313
13207.0,29,0,0,0,29,0,313
13208.0,29,0,0,0,29,0,313
13209.0,29,0,0,0,29,0,313
13210.0,29,0,0,0,29,0,313
13211.0,29,0,0,0,29,0,313
13212.0,29,0,0,0,29,0,313
13213.0,29,0,0,0,29,0,313
13214.0,29,0,0,0,29,0,313
13215.0,29,0,0,0,29,0,313
13216.0,29,0,0,0,29,0,313
13217.0,29,0,0,0,29,0,313
13218.0,29,0,0,0,29,0,313
13219.0,29,0,0,0,29,0,313
13220.0,29,0,0,0,29,0,313
13221.0,29,0,0,0,29,0,313
13222.0,29,0,0,0,29,0,313
13223.0,29,0,0,0,29,0,313
13224.0,29,0,0,0,29,0,313
13225.0,29,0,0,0,29,0,313
13226.0,29,0,0,0,29,0,313
13227.0,29,0,0,0,29,0,313
13228.0,29,0,0,0,29,0,313
13229.0,29,0,0,0,29,0,313
13230.0,29,0,0,0,29,0,313
13231.0,29,0,0,0,29,0,313
13232.0,29,0,0,0,29,0,313
13233.0,29,0,0,0,29,0,313
13234.0,29,0,0,0,29,0,313
13235.0,29,0,0,0,29,0,313
13236.0,29,0,0,0,29,0,313
13237.0,29,0,0,0,29,0,313
13238.0,29,0,0,0,29,0,313
13239.0,29,0,0,0,29,0,313
13240.0,29,0,0,0,29,0,313
13241.0,29,0,0,0,29,0,313
13242.0,29,0,0,0,29,0,313
13243.0,29,0,0,0,29,0,313
13244.0,29,0,0,0,29,0,313
13245.0,29,0,0,0,29,0,313
13246.0,29,0,0,0,29,0,313
13247.0,29,0,0,0,29,0,313
13248.0,29,0,0,0,29,0,313
13249.0,29,0,0,0,29,0,313
13250.0,29,0,0,0,29,0,313
13251.0,29,0,0,0,29,0,313
13252.0,29,0,0,0,29,0,313
13253.0,29,0,0,0,29,0,313
13254.0,29,0,0,0,29,0,313
13255.0,29,0,0,0,29,0,313
13256.0,29,0,0,0,29,0,313
13257.0,29,0,0,0,29,0,313
13258.0,29,0,0,0,29,0,313
13259.0,29,0,0,0,29,0,313
13260.0,29,0,0,0,29,0,313
13261.0,29,0,0,0,29,0,313
13262.0,29,0,0,0,29,0,313
13263.0,29,0,0,0,29,0,313
13264.0,29,0,0,0,29,0,313
13265.0,29,0,0,0,29,0,313
13266.0,29,0,0,0,29,0,313
13267.0,29,0,0,0,29,0,313
13268.0,29,0,0,0,29,0,313
13269.0,29,0,0,0,29,0,313
13270.0,29,0,0,0,29,0,313
13271.0,29,0,0,0,29,0,313
13272.0,29,0,0,0,29,0,313
13273.0,29,0,0,0,29,0,313
13274.0,29,0,0,0,29,0,313
13275.0,29,0,0,0,29,0,313
13276.0,29,0,0,0,29,0,313
13277.0,29,0,0,0,29,0,313
13278.0,29,0,0,0,29,0,313
13279.0,29,0,0,0,29,0,313
13280.0,29,0,0,0,29,0,313
13281.0,29,0,0,0,29,0,313
13282.0,29,0,0,0,29,0,313
13283.0,29,0,0,0,29,0,313
13284.0,29,0,0,0,29,0,313
13285.0,29,0,0,0,29,0,313
13286.0,29,0,0,0,29,0,313
13287.0,29,0,0,0,29,0,313
13288.0,29,0,0,0,29,0,313
13289.0,29,0,0,0,29,0,313
13290.0,29,0,0,0,29,0,313
13291.0,29,0,0,0,29,0,313
13292.0,29,0,0,0,29,0,313
13293.0,29,0,0,0,29,0,313
13294.0,29,0,0,0,29,0,313
13295.0,29,0,0,0,29,0,313
13296.0,29,0,0,0,29,0,313
13297.0,29,0,0,0,29,0,313
13298.0,29,0,0,0,29,0,313
13299.0,29,0,0,0,29,0,313
13300.0,29,0,0,0,29,0,313
13301.0,29,0,0,0,29,0,313
13302.0,29,0,0,0,29,0,313
13303.0,29,0,0,0,29,0,313
13304.0,29,0,0,0,29,0,313
13305.0,29,0,0,0,29,0,313
13306.0,29,0,0,0,29,0,313
13307.0,29,0,0,0,29,0,313
13308.0,29,0,0,0,29,0,313
13309.0,29,0,0,0,29,0,313
13310.0,29,0,0,0,29,0,313
13311.0,29,0,0,0,29,0,313
13312.0,29,0,0,0,29,0,313
13313.0,29,0,0,0,29,0,313
13314.0,29,0,0,0,29,0,313
13315.0,29,0,0,0,29,0,313
13316.0,29,0,0,0,29,0,313
13317.0,29,0,0,0,29,0,313
13318.0,29,0,0,0,29,0,313
13319.0,29,0,0,0,29,0,313
13320.0,29,0,0,0,29,0,313
13321.0,29,0,0,0,29,0,313
13322.0,29,0,0,0,29,0,313
13323.0,29,0,0,0,29,0,313
13324.0,29,0,0,0,29,0,313
13325.0,29,0,0,0,29,0,313
13326.0,29,0,0,0,29,0,313
13327.0,29,0,0,0,29,0,313
13328.0,29,0,0,0,29,0,313
13329.0,29,0,0,0,29,0,313
13330.0,29,0,0,0,29,0,313
13331.0,29,0,0,0,29,0,313
13332.0,29,0,0,0,29,0,313
13333.0,29,0,0,0,29,0,313
13334.0,29,0,0,0,29,0,313
13335.0,29,0,0,0,29,0,313
13336.0,29,0,0,0,29,0,313
13337.0,29,0,0,0,29,0,313
13338.0,29,0,0,0,29,0,313
13339.0,29,0,0,0,29,0,313
13340.0,29,0,0,0,29,0,313
13341.0,29,0,0,0,29,0,313
13342.0,29,0,0,0,29,0,313
13343.0,29,0,0,0,29,0,313
13344.0,29,0,0,0,29,0,313
13345.0,29,0,0,0,29,0,313
13346.0,29,0,0,0,29,0,313
13347.0,29,0,0,0,29,0,313
13348.0,29,0,0,0,29,0,313
13349.0,29,0,0,0,29,0,313
13350.0,29,0,0,0,29,0,313
13351.0,29,0,0,0,29,0,313
13352.0,29,0,0,0,29,0,313
13353.0,29,0,0,0,29,0,313
13354.0,29,0,0,0,29,0,313
13355.0,29,0,0,0,29,0,313
13356.0,29,0,0,0,29,0,313
13357.0,29,0,0,0,29,0,313
13358.0,29,0,0,0,29,0,313
13359.0,29,0,0,0,29,0,313
13360.0,29,0,0,0,29,0,313
13361.0,29,0,0,0,29,0,313
13362.0,29,0,0,0,29,0,313
13363.0,29,0,0,0,29,0,313
13364.0,29,0,0,0,29,0,313
13365.0,29,0,0,0,29,0,313
13366.0,29,0,0,0,29,0,313
13367.0,29,0,0,0,29,0,313
13368.0,29,0,0,0,29,0,313
13369.0,29,0,0,0,29,0,313
13370.0,29,0,0,0,29,0,313
13371.0,29,0,0,0,29,0,313
13372.0,29,0,0,0,29,0,313
13373.0,29,0,0,0,29,0,313
13374.0,29,0,0,0,29,0,313
13375.0,29,0,0,0,29,0,313
13376.0,29,0,0,0,29,0,313
13377.0,29,0,0,0,29,0,313
13378.0,29,0,0,0,29,0,313
13379.0,29,0,0,0,29,0,313
13380.0,29,0,0,0,29,0,313
13381.0,29,0,0,0,29,0,313
13382.0,29,0,0,0,29,0,313
13383.0,29,0,0,0,29,0,313
13384.0,29,0,0,0,29,0,313
13385.0,29,0,0,0,29,0,313
13386.0,29,0,0,0,29,0,313
13387.0,29,0,0,0,29,0,313
13388.0,29,0,0,0,29,0,313
13389.0,29,0,0,0,29,0,313
13390.0,29,0,0,0,29,0,313
13391.0,29,0,0,0,29,0,313
13392.0,29,0,0,0,29,0,313
13393.0,29,0,0,0,29,0,313
13394.0,29,0,0,0,29,0,313
13395.0,29,0,0,0,29,0,313
13396.0,29,0,0,0,29,0,313
13397.0,29,0,0,0,29,0,313
13398.0,29,0,0,0,29,0,313
13399.0,29,0,0,0,29,0,313
13400.0,29,0,0,0,29,0,313
13401.0,29,0,0,0,29,0,313
13402.0,29,0,0,0,29,0,313
13403.0,29,0,0,0,29,0,313
13404.0,29,0,0,0,29,0,313
13405.0,29,0,0,0,29,0,313
13406.0,29,0,0,0,29,0,313
13407.0,29,0,0,0,29,0,313
13408.0,29,0,0,0,29,0,313
13409.0,29,0,0,0,29,0,313
13410.0,29,0,0,0,29,0,313
13411.0,29,0,0,0,29,0,313
13412.0,29,0,0,0,29,0,313
13413.0,29,0,0,0,29,0,313
13414.0,29,0,0,0,29,0,313
13415.0,29,0,0,0,29,0,313
13416.0,29,0,0,0,29,0,313
13417.0,29,0,0,0,29,0,313
13418.0,29,0,0,0,29,0,313
13419.0,29,0,0,0,29,0,313
13420.0,29,0,0,0,29,0,313
13421.0,29,0,0,0,29,0,313
13422.0,29,0,0,0,29,0,313
13423.0,29,0,0,0,29,0,313
13424.0,29,0,0,0,29,0,313
13425.0,29,0,0,0,29,0,313
13426.0,29,0,0,0,29,0,313
13427.0,29,0,0,0,29,0,313
13428.0,29,0,0,0,29,0,313
13429.0,29,0,0,0,29,0,313
13430.0,29,0,0,0,29,0,313
13431.0,29,0,0,0,29,0,313
13432.0,29,0,0,0,29,0,313
13433.0,29,0,0,0,29,0,313
13434.0,29,0,0,0,29,0,313
13435.0,29,0,0,0,29,0,313
13436.0,29,0,0,0,29,0,313
13437.0,29,0,0,0,29,0,313
13438.0,29,0,0,0,29,0,313
13439.0,29,0,0,0,29,0,313
13440.0,29,0,0,0,29,0,313
13441.0,29,0,0,0,29,0,313
13442.0,29,0,0,0,29,0,313
13443.0,29,0,0,0,29,0,313
13444.0,29,0,0,0,29,0,313
13445.0,29,0,0,0,29,0,313
13446.0,29,0,0,0,29,0,313
13447.0,29,0,0,0,29,0,313
13448.0,29,0,0,0,29,0,313
13449.0,29,0,0,0,29,0,313
13450.0,29,0,0,0,29,0,313
13451.0,29,0,0,0,29,0,313
13452.0,29,0,0,0,29,0,313
13453.0,29,0,0,0,29,0,313
13454.0,29,0,0,0,29,0,313
13455.0,29,0,0,0,29,0,313
13456.0,29,0,0,0,29,0,313
13457.0,29,0,0,0,29,0,313
13458.0,29,0,0,0,29,0,313
13459.0,29,0,0,0,29,0,313
13460.0,29,0,0,0,29,0,313
13461.0,29,0,0,0,29,0,313
13462.0,29,0,0,0,29,0,313
13463.0,29,0,0,0,29,0,313
13464.0,29,0,0,0,29,0,313
13465.0,29,0,0,0,29,0,313
13466.0,29,0,0,0,29,0,313
13467.0,29,0,0,0,29,0,313
13468.0,29,0,0,0,29,0,313
13469.0,29,0,0,0,29,0,313
13470.0,29,0,0,0,29,0,313
13471.0,29,0,0,0,29,0,313
13472.0,29,0,0,0,29,0,313
13473.0,29,0,0,0,29,0,313
13474.0,29,0,0,0,29,0,313
13475.0,29,0,0,0,29,0,313
13476.0,29,0,0,0,29,0,313
13477.0,29,0,0,0,29,0,313
13478.0,29,0,0,0,29,0,313
13479.0,29,0,0,0,29,0,313
13480.0,29,0,0,0,29,0,313
13481.0,29,0,0,0,29,0,313
13482.0,29,0,0,0,29,0,313
13483.0,29,0,0,0,29,0,313
13484.0,29,0,0,0,29,0,313
13485.0,29,0,0,0,29,0,313
13486.0,29,0,0,0,29,0,313
13487.0,29,0,0,0,29,0,313
13488.0,29,0,0,0,29,0,313
13489.0,29,0,0,0,29,0,313
13490.0,29,0,0,0,29,0,313
13491.0,29,0,0,0,29,0,313
13492.0,29,0,0,0,29,0,313
13493.0,29,0,0,0,29,0,313
13494.0,29,0,0,0,29,0,313
13495.0,29,0,0,0,29,0,313
13496.0,29,0,0,0,29,0,313
13497.0,29,0,0,0,29,0,313
13498.0,29,0,0,0,29,0,313
13499.0,29,0,0,0,29,0,313
13500.0,29,0,0,0,29,0,313
13501.0,29,0,0,0,29,0,313
13502.0,29,0,0,0,29,0,313
13503.0,29,0,0,0,29,0,313
13504.0,29,0,0,0,29,0,313
13505.0,29,0,0,0,29,0,313
13506.0,29,0,0,0,29,0,313
13507.0,29,0,0,0,29,0,313
13508.0,29,0,0,0,29,0,313
13509.0,29,0,0,0,29,0,313
13510.0,29,0,0,0,29,0,313
13511.0,29,0,0,0,29,0,313
13512.0,29,0,0,0,29,0,313
13513.0,29,0,0,0,29,0,313
13514.0,29,0,0,0,29,0,313
13515.0,29,0,0,0,29,0,313
13516.0,29,0,0,0,29,0,313
13517.0,29,0,0,0,29,0,313
13518.0,29,0,0,0,29,0,313
13519.0,29,0,0,0,29,0,313
13520.0,29,0,0,0,29,0,313
13521.0,29,0,0,0,29,0,313
13522.0,29,0,0,0,29,0,313
13523.0,29,0,0,0,29,0,313
13524.0,29,0,0,0,29,0,313
13525.0,29,0,0,0,29,0,313
13526.0,29,0,0,0,29,0,313
13527.0,29,0,0,0,29,0,313
13528.0,29,0,0,0,29,0,313
13529.0,29,0,0,0,29,0,313
13530.0,29,0,0,0,29,0,313
13531.0,29,0,0,0,29,0,313
13532.0,29,0,0,0,29,0,313
13533.0,29,0,0,0,29,0,313
13534.0,29,0,0,0,29,0,313
13535.0,29,0,0,0,29,0,313
13536.0,29,0,0,0,29,0,313
13537.0,29,0,0,0,29,0,313
13538.0,29,0,0,0,29,0,313
13539.0,29,0,0,0,29,0,313
13540.0,29,0,0,0,29,0,313
13541.0,29,0,0,0,29,0,313
13542.0,29,0,0,0,29,0,313
13543.0,29,0,0,0,29,0,313
13544.0,29,0,0,0,29,0,313
13545.0,29,0,0,0,29,0,313
13546.0,29,0,0,0,29,0,313
13547.0,29,0,0,0,29,0,313
13548.0,29,0,0,0,29,0,313
13549.0,29,0,0,0,29,0,313
13550.0,29,0,0,0,29,0,313
13551.0,29,0,0,0,29,0,313
13552.0,29,0,0,0,29,0,313
13553.0,29,0,0,0,29,0,313
13554.0,29,0,0,0,29,0,313
13555.0,29,0,0,0,29,0,313
13556.0,29,0,0,0,29,0,313
13557.0,29,0,0,0,29,0,313
13558.0,29,0,0,0,29,0,313
13559.0,29,0,0,0,29,0,313
13560.0,29,0,0,0,29,0,313
13561.0,29,0,0,0,29,0,313
13562.0,29,0,0,0,29,0,313
13563.0,29,0,0,0,29,0,313
13564.0,29,0,0,0,29,0,313
13565.0,29,0,0,0,29,0,313
13566.0,29,0,0,0,29,0,313
13567.0,29,0,0,0,29,0,313
13568.0,29,0,0,0,29,0,313
13569.0,29,0,0,0,29,0,313
13570.0,29,0,0,0,29,0,313
13571.0,29,0,0,0,29,0,313
13572.0,29,0,0,0,29,0,313
13573.0,29,0,0,0,29,0,313
13574.0,29,0,0,0,29,0,313
13575.0,29,0,0,0,29,0,313
13576.0,29,0,0,0,29,0,313
13577.0,29,0,0,0,29,0,313
13578.0,29,0,0,0,29,0,313
13579.0,29,0,0,0,29,0,313
13580.0,29,0,0,0,29,0,313
13581.0,29,0,0,0,29,0,313
13582.0,29,0,0,0,29,0,313
13583.0,29,0,0,0,29,0,313
13584.0,29,0,0,0,29,0,313
13585.0,29,0,0,0,29,0,313
13586.0,29,0,0,0,29,0,313
13587.0,29,0,0,0,29,0,313
13588.0,29,0,0,0,29,0,313
13589.0,29,0,0,0,29,0,313
13590.0,29,0,0,0,29,0,313
13591.0,29,0,0,0,29,0,313
13592.0,29,0,0,0,29,0,313
13593.0,29,0,0,0,29,0,313
13594.0,29,0,0,0,29,0,313
13595.0,29,0,0,0,29,0,313
13596.0,29,0,0,0,29,0,313
13597.0,29,0,0,0,29,0,313
13598.0,29,0,0,0,29,0,313
13599.0,29,0,0,0,29,0,313
13600.0,29,0,0,0,29,0,313
13601.0,29,0,0,0,29,0,313
13602.0,29,0,0,0,29,0,313
13603.0,29,0,0,0,29,0,313
13604.0,29,0,0,0,29,0,313
13605.0,29,0,0,0,29,0,313
13606.0,29,0,0,0,29,0,313
13607.0,29,0,0,0,29,0,313
13608.0,29,0,0,0,29,0,313
13609.0,29,0,0,0,29,0,313
13610.0,29,0,0,0,29,0,313
13611.0,29,0,0,0,29,0,313
13612.0,29,0,0,0,29,0,313
13613.0,29,0,0,0,29,0,313
13614.0,29,0,0,0,29,0,313
13615.0,29,0,0,0,29,0,313
13616.0,29,0,0,0,29,0,313
13617.0,29,0,0,0,29,0,313
13618.0,29,0,0,0,29,0,313
13619.0,29,0,0,0,29,0,313
13620.0,29,0,0,0,29,0,313
13621.0,29,0,0,0,29,0,313
13622.0,29,0,0,0,29,0,313
13623.0,29,0,0,0,29,0,313
13624.0,29,0,0,0,29,0,313
13625.0,29,0,0,0,29,0,313
13626.0,29,0,0,0,29,0,313
13627.0,29,0,0,0,29,0,313
13628.0,29,0,0,0,29,0,313
13629.0,29,0,0,0,29,0,313
13630.0,29,0,0,0,29,0,313
13631.0,29,0,0,0,29,0,313
13632.0,29,0,0,0,29,0,313
13633.0,29,0,0,0,29,0,313
13634.0,29,0,0,0,29,0,313
13635.0,29,0,0,0,29,0,313
13636.0,29,0,0,0,29,0,313
13637.0,29,0,0,0,29,0,313
13638.0,29,0,0,0,29,0,313
13639.0,29,0,0,0,29,0,313
13640.0,29,0,0,0,29,0,313
13641.0,29,0,0,0,29,0,313
13642.0,29,0,0,0,29,0,313
13643.0,29,0,0,0,29,0,313
13644.0,29,0,0,0,29,0,313
13645.0,29,0,0,0,29,0,313
13646.0,29,0,0,0,29,0,313
13647.0,29,0,0,0,29,0,313
13648.0,29,0,0,0,29,0,313
13649.0,29,0,0,0,29,0,313
13650.0,29,0,0,0,29,0,313
13651.0,29,0,0,0,29,0,313
13652.0,29,0,0,0,29,0,313
13653.0,29,0,0,0,29,0,313
13654.0,29,0,0,0,29,0,313
13655.0,29,0,0,0,29,0,313
13656.0,29,0,0,0,29,0,313
13657.0,29,0,0,0,29,0,313
13658.0,29,0,0,0,29,0,313
13659.0,29,0,0,0,29,0,313
13660.0,29,0,0,0,29,0,313
13661.0,29,0,0,0,29,0,313
13662.0,29,0,0,0,29,0,313
13663.0,29,0,0,0,29,0,313
13664.0,29,0,0,0,29,0,313
13665.0,29,0,0,0,29,0,313
13666.0,29,0,0,0,29,0,313
13667.0,29,0,0,0,29,0,313
13668.0,29,0,0,0,29,0,313
13669.0,29,0,0,0,29,0,313
13670.0,29,0,0,0,29,0,313
13671.0,29,0,0,0,29,0,313
13672.0,29,0,0,0,29,0,313
13673.0,29,0,0,0,29,0,313
13674.0,29,0,0,0,29,0,313
13675.0,29,0,0,0,29,0,313
13676.0,29,0,0,0,29,0,313
13677.0,29,0,0,0,29,0,313
13678.0,29,0,0,0,29,0,313
13679.0,29,0,0,0,29,0,313
13680.0,29,0,0,0,29,0,313
13681.0,29,0,0,0,29,0,313
13682.0,29,0,0,0,29,0,313
13683.0,29,0,0,0,29,0,313
13684.0,29,0,0,0,29,0,313
13685.0,29,0,0,0,29,0,313
13686.0,29,0,0,0,29,0,313
13687.0,29,0,0,0,29,0,313
13688.0,29,0,0,0,29,0,313
13689.0,29,0,0,0,29,0,313
13690.0,29,0,0,0,29,0,313
13691.0,29,0,0,0,29,0,313
13692.0,29,0,0,0,29,0,313
13693.0,29,0,0,0,29,0,313
13694.0,29,0,0,0,29,0,313
13695.0,29,0,0,0,29,0,313
13696.0,29,0,0,0,29,0,313
13697.0,29,0,0,0,29,0,313
13698.0,29,0,0,0,29,0,313
13699.0,29,0,0,0,29,0,313
13700.0,29,0,0,0,29,0,313
13701.0,29,0,0,0,29,0,313
13702.0,29,0,0,0,29,0,313
13703.0,29,0,0,0,29,0,313
13704.0,29,0,0,0,29,0,313
13705.0,29,0,0,0,29,0,313
13706.0,29,0,0,0,29,0,313
13707.0,29,0,0,0,29,0,313
13708.0,29,0,0,0,29,0,313
13709.0,29,0,0,0,29,0,313
13710.0,29,0,0,0,29,0,313
13711.0,29,0,0,0,29,0,313
13712.0,29,0,0,0,29,0,313
13713.0,29,0,0,0,29,0,313
13714.0,29,0,0,0,29,0,313
13715.0,29,0,0,0,29,0,313
13716.0,29,0,0,0,29,0,313
13717.0,29,0,0,0,29,0,313
13718.0,29,0,0,0,29,0,313
13719.0,29,0,0,0,29,0,313
13720.0,29,0,0,0,29,0,313
13721.0,29,0,0,0,29,0,313
13722.0,29,0,0,0,29,0,313
13723.0,29,0,0,0,29,0,313
13724.0,29,0,0,0,29,0,313
13725.0,29,0,0,0,29,0,313
13726.0,29,0,0,0,29,0,313
13727.0,29,0,0,0,29,0,313
13728.0,29,0,0,0,29,0,313
13729.0,29,0,0,0,29,0,313
13730.0,29,0,0,0,29,0,313
13731.0,29,0,0,0,29,0,313
13732.0,29,0,0,0,29,0,313
13733.0,29,0,0,0,29,0,313
13734.0,29,0,0,0,29,0,313
13735.0,29,0,0,0,29,0,313
13736.0,29,0,0,0,29,0,313
13737.0,29,0,0,0,29,0,313
13738.0,29,0,0,0,29,0,313
13739.0,29,0,0,0,29,0,313
13740.0,29,0,0,0,29,0,313
13741.0,29,0,0,0,29,0,313
13742.0,29,0,0,0,29,0,313
13743.0,29,0,0,0,29,0,313
13744.0,29,0,0,0,29,0,313
13745.0,29,0,0,0,29,0,313
13746.0,29,0,0,0,29,0,313
13747.0,29,0,0,0,29,0,313
13748.0,29,0,0,0,29,0,313
13749.0,29,0,0,0,29,0,313
13750.0,29,0,0,0,29,0,313
13751.0,29,0,0,0,29,0,313
13752.0,29,0,0,0,29,0,313
13753.0,29,0,0,0,29,0,313
13754.0,29,0,0,0,29,0,313
13755.0,29,0,0,0,29,0,313
13756.0,29,0,0,0,29,0,313
13757.0,29,0,0,0,29,0,313
13758.0,29,0,0,0,29,0,313
13759.0,29,0,0,0,29,0,313
13760.0,29,0,0,0,29,0,313
13761.0,29,0,0,0,29,0,313
13762.0,29,0,0,0,29,0,313
13763.0,29,0,0,0,29,0,313
13764.0,29,0,0,0,29,0,313
13765.0,29,0,0,0,29,0,313
13766.0,29,0,0,0,29,0,313
13767.0,29,0,0,0,29,0,313
13768.0,29,0,0,0,29,0,313
13769.0,29,0,0,0,29,0,313
13770.0,29,0,0,0,29,0,313
13771.0,29,0,0,0,29,0,313
13772.0,29,0,0,0,29,0,313
13773.0,29,0,0,0,29,0,313
13774.0,29,0,0,0,29,0,313
13775.0,29,0,0,0,29,0,313
13776.0,29,0,0,0,29,0,313
13777.0,29,0,0,0,29,0,313
13778.0,29,0,0,0,29,0,313
13779.0,29,0,0,0,29,0,313
13780.0,29,0,0,0,29,0,313
13781.0,29,0,0,0,29,0,313
13782.0,29,0,0,0,29,0,313
13783.0,29,0,0,0,29,0,313
13784.0,29,0,0,0,29,0,313
13785.0,29,0,0,0,29,0,313
13786.0,29,0,0,0,29,0,313
13787.0,29,0,0,0,29,0,313
13788.0,29,0,0,0,29,0,313
13789.0,29,0,0,0,29,0,313
13790.0,29,0,0,0,29,0,313
13791.0,29,0,0,0,29,0,313
13792.0,29,0,0,0,29,0,313
13793.0,29,0,0,0,29,0,313
13794.0,29,0,0,0,29,0,313
13795.0,29,0,0,0,29,0,313
13796.0,29,0,0,0,29,0,313
13797.0,29,0,0,0,29,0,313
13798.0,29,0,0,0,29,0,313
13799.0,29,0,0,0,29,0,313
13800.0,29,0,0,0,29,0,313
13801.0,29,0,0,0,29,0,313
13802.0,29,0,0,0,29,0,313
13803.0,29,0,0,0,29,0,313
13804.0,29,0,0,0,29,0,313
13805.0,29,0,0,0,29,0,313
13806.0,29,0,0,0,29,0,313
13807.0,29,0,0,0,29,0,313
13808.0,29,0,0,0,29,0,313
13809.0,29,0,0,0,29,0,313
13810.0,29,0,0,0,29,0,313
13811.0,29,0,0,0,29,0,313
13812.0,29,0,0,0,29,0,313
13813.0,29,0,0,0,29,0,313
13814.0,29,0,0,0,29,0,313
13815.0,29,0,0,0,29,0,313
13816.0,29,0,0,0,29,0,313
13817.0,29,0,0,0,29,0,313
13818.0,29,0,0,0,29,0,313
13819.0,29,0,0,0,29,0,313
13820.0,29,0,0,0,29,0,313
13821.0,29,0,0,0,29,0,313
13822.0,29,0,0,0,29,0,313
13823.0,29,0,0,0,29,0,313
13824.0,29,0,0,0,29,0,313
13825.0,29,0,0,0,29,0,313
13826.0,29,0,0,0,29,0,313
13827.0,29,0,0,0,29,0,313
13828.0,29,0,0,0,29,0,313
13829.0,29,0,0,0,29,0,313
13830.0,29,0,0,0,29,0,313
13831.0,29,0,0,0,29,0,313
13832.0,29,0,0,0,29,0,313
13833.0,29,0,0,0,29,0,313
13834.0,29,0,0,0,29,0,313
13835.0,29,0,0,0,29,0,313
13836.0,29,0,0,0,29,0,313
13837.0,29,0,0,0,29,0,313
13838.0,29,0,0,0,29,0,313
13839.0,29,0,0,0,29,0,313
13840.0,29,0,0,0,29,0,313
13841.0,29,0,0,0,29,0,313
13842.0,29,0,0,0,29,0,313
13843.0,29,0,0,0,29,0,313
13844.0,29,0,0,0,29,0,313
13845.0,29,0,0,0,29,0,313
13846.0,29,0,0,0,29,0,313
13847.0,29,0,0,0,29,0,313
13848.0,29,0,0,0,29,0,313
13849.0,29,0,0,0,29,0,313
13850.0,29,0,0,0,29,0,313
13851.0,29,0,0,0,29,0,313
13852.0,29,0,0,0,29,0,313
13853.0,29,0,0,0,29,0,313
13854.0,29,0,0,0,29,0,313
13855.0,29,0,0,0,29,0,313
13856.0,29,0,0,0,29,0,313
13857.0,29,0,0,0,29,0,313
13858.0,29,0,0,0,29,0,313
13859.0,29,0,0,0,29,0,313
13860.0,29,0,0,0,29,0,313
13861.0,29,0,0,0,29,0,313
13862.0,29,0,0,0,29,0,313
13863.0,29,0,0,0,29,0,313
13864.0,29,0,0,0,29,0,313
13865.0,29,0,0,0,29,0,313
13866.0,29,0,0,0,29,0,313
13867.0,29,0,0,0,29,0,313
13868.0,29,0,0,0,29,0,313
13869.0,29,0,0,0,29,0,313
13870.0,29,0,0,0,29,0,313
13871.0,29,0,0,0,29,0,313
13872.0,29,0,0,0,29,0,313
13873.0,29,0,0,0,29,0,313
13874.0,29,0,0,0,29,0,313
13875.0,29,0,0,0,29,0,313
13876.0,29,0,0,0,29,0,313
13877.0,29,0,0,0,29,0,313
13878.0,29,0,0,0,29,0,313
13879.0,29,0,0,0,29,0,313
13880.0,29,0,0,0,29,0,313
13881.0,29,0,0,0,29,0,313
13882.0,29,0,0,0,29,0,313
13883.0,29,0,0,0,29,0,313
13884.0,29,0,0,0,29,0,313
13885.0,29,0,0,0,29,0,313
13886.0,29,0,0,0,29,0,313
13887.0,29,0,0,0,29,0,313
13888.0,29,0,0,0,29,0,313
13889.0,29,0,0,0,29,0,313
13890.0,29,0,0,0,29,0,313
13891.0,29,0,0,0,29,0,313
13892.0,29,0,0,0,29,0,313
13893.0,29,0,0,0,29,0,313
13894.0,29,0,0,0,29,0,313
13895.0,29,0,0,0,29,0,313
13896.0,29,0,0,0,29,0,313
13897.0,29,0,0,0,29,0,313
13898.0,29,0,0,0,29,0,313
13899.0,29,0,0,0,29,0,313
13900.0,29,0,0,0,29,0,313
13901.0,29,0,0,0,29,0,313
13902.0,29,0,0,0,29,0,313
13903.0,29,0,0,0,29,0,313
13904.0,29,0,0,0,29,0,313
13905.0,29,0,0,0,29,0,313
13906.0,29,0,0,0,29,0,313
13907.0,29,0,0,0,29,0,313
13908.0,29,0,0,0,29,0,313
13909.0,29,0,0,0,29,0,313
13910.0,29,0,0,0,29,0,313
13911.0,29,0,0,0,29,0,313
13912.0,29,0,0,0,29,0,313
13913.0,29,0,0,0,29,0,313
13914.0,29,0,0,0,29,0,313
13915.0,29,0,0,0,29,0,313
13916.0,29,0,0,0,29,0,313
13917.0,29,0,0,0,29,0,313
13918.0,29,0,0,0,29,0,313
13919.0,29,0,0,0,29,0,313
13920.0,29,0,0,0,29,0,313
13921.0,29,0,0,0,29,0,313
13922.0,29,0,0,0,29,0,313
13923.0,29,0,0,0,29,0,313
13924.0,29,0,0,0,29,0,313
13925.0,29,0,0,0,29,0,313
13926.0,29,0,0,0,29,0,313
13927.0,29,0,0,0,29,0,313
13928.0,29,0,0,0,29,0,313
13929.0,29,0,0,0,29,0,313
13930.0,29,0,0,0,29,0,313
13931.0,29,0,0,0,29,0,313
13932.0,29,0,0,0,29,0,313
13933.0,29,0,0,0,29,0,313
13934.0,29,0,0,0,29,0,313
13935.0,29,0,0,0,29,0,313
13936.0,29,0,0,0,29,0,313
13937.0,29,0,0,0,29,0,313
13938.0,29,0,0,0,29,0,313
13939.0,29,0,0,0,29,0,313
13940.0,29,0,0,0,29,0,313
13941.0,29,0,0,0,29,0,313
13942.0,29,0,0,0,29,0,313
13943.0,29,0,0,0,29,0,313
13944.0,29,0,0,0,29,0,313
13945.0,29,0,0,0,29,0,313
13946.0,29,0,0,0,29,0,313
13947.0,29,0,0,0,29,0,313
13948.0,29,0,0,0,29,0,313
13949.0,29,0,0,0,29,0,313
13950.0,29,0,0,0,29,0,313
13951.0,29,0,0,0,29,0,313
13952.0,29,0,0,0,29,0,313
13953.0,29,0,0,0,29,0,313
13954.0,29,0,0,0,29,0,313
13955.0,29,0,0,0,29,0,313
13956.0,29,0,0,0,29,0,313
13957.0,29,0,0,0,29,0,313
13958.0,29,0,0,0,29,0,313
13959.0,29,0,0,0,29,0,313
13960.0,29,0,0,0,29,0,313
13961.0,29,0,0,0,29,0,313
13962.0,29,0,0,0,29,0,313
13963.0,29,0,0,0,29,0,313
13964.0,29,0,0,0,29,0,313
13965.0,29,0,0,0,29,0,313
13966.0,29,0,0,0,29,0,313
13967.0,29,0,0,0,29,0,313
13968.0,29,0,0,0,29,0,313
13969.0,29,0,0,0,29,0,313
13970.0,29,0,0,0,29,0,313
13971.0,29,0,0,0,29,0,313
13972.0,29,0,0,0,29,0,313
13973.0,29,0,0,0,29,0,313
13974.0,29,0,0,0,29,0,313
13975.0,29,0,0,0,29,0,313
13976.0,29,0,0,0,29,0,313
13977.0,29,0,0,0,29,0,313
13978.0,29,0,0,0,29,0,313
13979.0,29,0,0,0,29,0,313
13980.0,29,0,0,0,29,0,313
13981.0,29,0,0,0,29,0,313
13982.0,29,0,0,0,29,0,313
13983.0,29,0,0,0,29,0,313
13984.0,29,0,0,0,29,0,313
13985.0,29,0,0,0,29,0,313
13986.0,29,0,0,0,29,0,313
13987.0,29,0,0,0,29,0,313
13988.0,29,0,0,0,29,0,313
13989.0,29,0,0,0,29,0,313
13990.0,29,0,0,0,29,0,313
13991.0,29,0,0,0,29,0,313
13992.0,29,0,0,0,29,0,313
13993.0,29,0,0,0,29,0,313
13994.0,29,0,0,0,29,0,313
13995.0,29,0,0,0,29,0,313
13996.0,29,0,0,0,29,0,313
13997.0,29,0,0,0,29,0,313
13998.0,29,0,0,0,29,0,313
13999.0,29,0,0,0,29,0,313
14000.0,29,0,0,0,29,0,313
14001.0,29,0,0,0,29,0,313
14002.0,29,0,0,0,29,0,313
14003.0,29,0,0,0,29,0,313
14004.0,29,0,0,0,29,0,313
14005.0,29,0,0,0,29,0,313
14006.0,29,0,0,0,29,0,313
14007.0,29,0,0,0,29,0,313
14008.0,29,0,0,0,29,0,313
14009.0,29,0,0,0,29,0,313
14010.0,29,0,0,0,29,0,313
14011.0,29,0,0,0,29,0,313
14012.0,29,0,0,0,29,0,313
14013.0,29,0,0,0,29,0,313
14014.0,29,0,0,0,29,0,313
14015.0,29,0,0,0,29,0,313
14016.0,29,0,0,0,29,0,313
14017.0,29,0,0,0,29,0,313
14018.0,29,0,0,0,29,0,313
14019.0,29,0,0,0,29,0,313
14020.0,29,0,0,0,29,0,313
14021.0,29,0,0,0,29,0,313
14022.0,29,0,0,0,29,0,313
14023.0,29,0,0,0,29,0,313
14024.0,29,0,0,0,29,0,313
14025.0,29,0,0,0,29,0,313
14026.0,29,0,0,0,29,0,313
14027.0,29,0,0,0,29,0,313
14028.0,29,0,0,0,29,0,313
14029.0,29,0,0,0,29,0,313
14030.0,29,0,0,0,29,0,313
14031.0,29,0,0,0,29,0,313
14032.0,29,0,0,0,29,0,313
14033.0,29,0,0,0,29,0,313
14034.0,29,0,0,0,29,0,313
14035.0,29,0,0,0,29,0,313
14036.0,29,0,0,0,29,0,313
14037.0,29,0,0,0,29,0,313
14038.0,29,0,0,0,29,0,313
14039.0,29,0,0,0,29,0,313
14040.0,29,0,0,0,29,0,313
14041.0,29,0,0,0,29,0,313
14042.0,29,0,0,0,29,0,313
14043.0,29,0,0,0,29,0,313
14044.0,29,0,0,0,29,0,313
14045.0,29,0,0,0,29,0,313
14046.0,29,0,0,0,29,0,313
14047.0,29,0,0,0,29,0,313
14048.0,29,0,0,0,29,0,313
14049.0,29,0,0,0,29,0,313
14050.0,29,0,0,0,29,0,313
14051.0,29,0,0,0,29,0,313
14052.0,29,0,0,0,29,0,313
14053.0,29,0,0,0,29,0,313
14054.0,29,0,0,0,29,0,313
14055.0,29,0,0,0,29,0,313
14056.0,29,0,0,0,29,0,313
14057.0,29,0,0,0,29,0,313
14058.0,29,0,0,0,29,0,313
14059.0,29,0,0,0,29,0,313
14060.0,29,0,0,0,29,0,313
14061.0,29,0,0,0,29,0,313
14062.0,29,0,0,0,29,0,313
14063.0,29,0,0,0,29,0,313
14064.0,29,0,0,0,29,0,313
14065.0,29,0,0,0,29,0,313
14066.0,29,0,0,0,29,0,313
14067.0,29,0,0,0,29,0,313
14068.0,29,0,0,0,29,0,313
14069.0,29,0,0,0,29,0,313
14070.0,29,0,0,0,29,0,313
14071.0,29,0,0,0,29,0,313
14072.0,29,0,0,0,29,0,313
14073.0,29,0,0,0,29,0,313
14074.0,29,0,0,0,29,0,313
14075.0,29,0,0,0,29,0,313
14076.0,29,0,0,0,29,0,313
14077.0,29,0,0,0,29,0,313
14078.0,29,0,0,0,29,0,313
14079.0,29,0,0,0,29,0,313
14080.0,29,0,0,0,29,0,313
14081.0,29,0,0,0,29,0,313
14082.0,29,0,0,0,29,0,313
14083.0,29,0,0,0,29,0,313
14084.0,29,0,0,0,29,0,313
14085.0,29,0,0,0,29,0,313
14086.0,29,0,0,0,29,0,313
14087.0,29,0,0,0,29,0,313
14088.0,29,0,0,0,29,0,313
14089.0,29,0,0,0,29,0,313
14090.0,29,0,0,0,29,0,313
14091.0,29,0,0,0,29,0,313
14092.0,29,0,0,0,29,0,313
14093.0,29,0,0,0,29,0,313
14094.0,29,0,0,0,29,0,313
14095.0,29,0,0,0,29,0,313
14096.0,29,0,0,0,29,0,313
14097.0,29,0,0,0,29,0,313
14098.0,29,0,0,0,29,0,313
14099.0,29,0,0,0,29,0,313
14100.0,29,0,0,0,29,0,313
14101.0,29,0,0,0,29,0,313
14102.0,29,0,0,0,29,0,313
14103.0,29,0,0,0,29,0,313
14104.0,29,0,0,0,29,0,313
14105.0,29,0,0,0,29,0,313
14106.0,29,0,0,0,29,0,313
14107.0,29,0,0,0,29,0,313
14108.0,29,0,0,0,29,0,313
14109.0,29,0,0,0,29,0,313
14110.0,29,0,0,0,29,0,313
14111.0,29,0,0,0,29,0,313
14112.0,29,0,0,0,29,0,313
14113.0,29,0,0,0,29,0,313
14114.0,29,0,0,0,29,0,313
14115.0,29,0,0,0,29,0,313
14116.0,29,0,0,0,29,0,313
14117.0,29,0,0,0,29,0,313
14118.0,29,0,0,0,29,0,313
14119.0,29,0,0,0,29,0,313
14120.0,29,0,0,0,29,0,313
14121.0,29,0,0,0,29,0,313
14122.0,29,0,0,0,29,0,313
14123.0,29,0,0,0,29,0,313
14124.0,29,0,0,0,29,0,313
14125.0,29,0,0,0,29,0,313
14126.0,29,0,0,0,29,0,313
14127.0,29,0,0,0,29,0,313
14128.0,29,0,0,0,29,0,313
14129.0,29,0,0,0,29,0,313
14130.0,29,0,0,0,29,0,313
14131.0,29,0,0,0,29,0,313
14132.0,29,0,0,0,29,0,313
14133.0,29,0,0,0,29,0,313
14134.0,29,0,0,0,29,0,313
14135.0,29,0,0,0,29,0,313
14136.0,29,0,0,0,29,0,313
14137.0,29,0,0,0,29,0,313
14138.0,29,0,0,0,29,0,313
14139.0,29,0,0,0,29,0,313
14140.0,29,0,0,0,29,0,313
14141.0,29,0,0,0,29,0,313
14142.0,29,0,0,0,29,0,313
14143.0,29,0,0,0,29,0,313
14144.0,29,0,0,0,29,0,313
14145.0,29,0,0,0,29,0,313
14146.0,29,0,0,0,29,0,313
14147.0,29,0,0,0,29,0,313
14148.0,29,0,0,0,29,0,313
14149.0,29,0,0,0,29,0,313
14150.0,29,0,0,0,29,0,313
14151.0,29,0,0,0,29,0,313
14152.0,29,0,0,0,29,0,313
14153.0,29,0,0,0,29,0,313
14154.0,29,0,0,0,29,0,313
14155.0,29,0,0,0,29,0,313
14156.0,29,0,0,0,29,0,313
14157.0,29,0,0,0,29,0,313
14158.0,29,0,0,0,29,0,313
14159.0,29,0,0,0,29,0,313
14160.0,29,0,0,0,29,0,313
14161.0,29,0,0,0,29,0,313
14162.0,29,0,0,0,29,0,313
14163.0,29,0,0,0,29,0,313
14164.0,29,0,0,0,29,0,313
14165.0,29,0,0,0,29,0,313
14166.0,29,0,0,0,29,0,313
14167.0,29,0,0,0,29,0,313
14168.0,29,0,0,0,29,0,313
14169.0,29,0,0,0,29,0,313
14170.0,29,0,0,0,29,0,313
14171.0,29,0,0,0,29,0,313
14172.0,29,0,0,0,29,0,313
14173.0,29,0,0,0,29,0,313
14174.0,29,0,0,0,29,0,313
14175.0,29,0,0,0,29,0,313
14176.0,29,0,0,0,29,0,313
14177.0,29,0,0,0,29,0,313
14178.0,29,0,0,0,29,0,313
14179.0,29,0,0,0,29,0,313
14180.0,29,0,0,0,29,0,313
14181.0,29,0,0,0,29,0,313
14182.0,29,0,0,0,29,0,313
14183.0,29,0,0,0,29,0,313
14184.0,29,0,0,0,29,0,313
14185.0,29,0,0,0,29,0,313
14186.0,29,0,0,0,29,0,313
14187.0,29,0,0,0,29,0,313
14188.0,29,0,0,0,29,0,313
14189.0,29,0,0,0,29,0,313
14190.0,29,0,0,0,29,0,313
14191.0,29,0,0,0,29,0,313
14192.0,29,0,0,0,29,0,313
14193.0,29,0,0,0,29,0,313
14194.0,29,0,0,0,29,0,313
14195.0,29,0,0,0,29,0,313
14196.0,29,0,0,0,29,0,313
14197.0,29,0,0,0,29,0,313
14198.0,29,0,0,0,29,0,313
14199.0,29,0,0,0,29,0,313
14200.0,29,0,0,0,29,0,313
14201.0,29,0,0,0,29,0,313
14202.0,29,0,0,0,29,0,313
14203.0,29,0,0,0,29,0,313
14204.0,29,0,0,0,29,0,313
14205.0,29,0,0,0,29,0,313
14206.0,29,0,0,0,29,0,313
14207.0,29,0,0,0,29,0,313
14208.0,29,0,0,0,29,0,313
14209.0,29,0,0,0,29,0,313
14210.0,29,0,0,0,29,0,313
14211.0,29,0,0,0,29,0,313
14212.0,29,0,0,0,29,0,313
14213.0,29,0,0,0,29,0,313
14214.0,29,0,0,0,29,0,313
14215.0,29,0,0,0,29,0,313
14216.0,29,0,0,0,29,0,313
14217.0,29,0,0,0,29,0,313
14218.0,29,0,0,0,29,0,313
14219.0,29,0,0,0,29,0,313
14220.0,29,0,0,0,29,0,313
14221.0,29,0,0,0,29,0,313
14222.0,29,0,0,0,29,0,313
14223.0,29,0,0,0,29,0,313
14224.0,29,0,0,0,29,0,313
14225.0,29,0,0,0,29,0,313
14226.0,29,0,0,0,29,0,313
14227.0,29,0,0,0,29,0,313
14228.0,29,0,0,0,29,0,313
14229.0,29,0,0,0,29,0,313
14230.0,29,0,0,0,29,0,313
14231.0,29,0,0,0,29,0,313
14232.0,29,0,0,0,29,0,313
14233.0,29,0,0,0,29,0,313
14234.0,29,0,0,0,29,0,313
14235.0,29,0,0,0,29,0,313
14236.0,29,0,0,0,29,0,313
14237.0,29,0,0,0,29,0,313
14238.0,29,0,0,0,29,0,313
14239.0,29,0,0,0,29,0,313
14240.0,29,0,0,0,29,0,313
14241.0,29,0,0,0,29,0,313
14242.0,29,0,0,0,29,0,313
14243.0,29,0,0,0,29,0,313
14244.0,29,0,0,0,29,0,313
14245.0,29,0,0,0,29,0,313
14246.0,29,0,0,0,29,0,313
14247.0,29,0,0,0,29,0,313
14248.0,29,0,0,0,29,0,313
14249.0,29,0,0,0,29,0,313
14250.0,29,0,0,0,29,0,313
14251.0,29,0,0,0,29,0,313
14252.0,29,0,0,0,29,0,313
14253.0,29,0,0,0,29,0,313
14254.0,29,0,0,0,29,0,313
14255.0,29,0,0,0,29,0,313
14256.0,29,0,0,0,29,0,313
14257.0,29,0,0,0,29,0,313
14258.0,29,0,0,0,29,0,313
14259.0,29,0,0,0,29,0,313
14260.0,29,0,0,0,29,0,313
14261.0,29,0,0,0,29,0,313
14262.0,29,0,0,0,29,0,313
14263.0,29,0,0,0,29,0,313
14264.0,29,0,0,0,29,0,313
14265.0,29,0,0,0,29,0,313
14266.0,29,0,0,0,29,0,313
14267.0,29,0,0,0,29,0,313
14268.0,29,0,0,0,29,0,313
14269.0,29,0,0,0,29,0,313
14270.0,29,0,0,0,29,0,313
14271.0,29,0,0,0,29,0,313
14272.0,29,0,0,0,29,0,313
14273.0,29,0,0,0,29,0,313
14274.0,29,0,0,0,29,0,313
14275.0,29,0,0,0,29,0,313
14276.0,29,0,0,0,29,0,313
14277.0,29,0,0,0,29,0,313
14278.0,29,0,0,0,29,0,313
14279.0,29,0,0,0,29,0,313
14280.0,29,0,0,0,29,0,313
14281.0,29,0,0,0,29,0,313
14282.0,29,0,0,0,29,0,313
14283.0,29,0,0,0,29,0,313
14284.0,29,0,0,0,29,0,313
14285.0,29,0,0,0,29,0,313
14286.0,29,0,0,0,29,0,313
14287.0,29,0,0,0,29,0,313
14288.0,29,0,0,0,29,0,313
14289.0,29,0,0,0,29,0,313
14290.0,29,0,0,0,29,0,313
14291.0,29,0,0,0,29,0,313
14292.0,29,0,0,0,29,0,313
14293.0,29,0,0,0,29,0,313
14294.0,29,0,0,0,29,0,313
14295.0,29,0,0,0,29,0,313
14296.0,29,0,0,0,29,0,313
14297.0,29,0,0,0,29,0,313
14298.0,29,0,0,0,29,0,313
14299.0,29,0,0,0,29,0,313
14300.0,29,0,0,0,29,0,313
14301.0,29,0,0,0,29,0,313
14302.0,29,0,0,0,29,0,313
14303.0,29,0,0,0,29,0,313
14304.0,29,0,0,0,29,0,313
14305.0,29,0,0,0,29,0,313
14306.0,29,0,0,0,29,0,313
14307.0,29,0,0,0,29,0,313
14308.0,29,0,0,0,29,0,313
14309.0,29,0,0,0,29,0,313
14310.0,29,0,0,0,29,0,313
14311.0,29,0,0,0,29,0,313
14312.0,29,0,0,0,29,0,313
14313.0,29,0,0,0,29,0,313
14314.0,29,0,0,0,29,0,313
14315.0,29,0,0,0,29,0,313
14316.0,29,0,0,0,29,0,313
14317.0,29,0,0,0,29,0,313
14318.0,29,0,0,0,29,0,313
14319.0,29,0,0,0,29,0,313
14320.0,29,0,0,0,29,0,313
14321.0,29,0,0,0,29,0,313
14322.0,29,0,0,0,29,0,313
14323.0,29,0,0,0,29,0,313
14324.0,29,0,0,0,29,0,313
14325.0,29,0,0,0,29,0,313
14326.0,29,0,0,0,29,0,313
14327.0,29,0,0,0,29,0,313
14328.0,29,0,0,0,29,0,313
14329.0,29,0,0,0,29,0,313
14330.0,29,0,0,0,29,0,313
14331.0,29,0,0,0,29,0,313
14332.0,29,0,0,0,29,0,313
14333.0,29,0,0,0,29,0,313
14334.0,29,0,0,0,29,0,313
14335.0,29,0,0,0,29,0,313
14336.0,29,0,0,0,29,0,313
14337.0,29,0,0,0,29,0,313
14338.0,29,0,0,0,29,0,313
14339.0,29,0,0,0,29,0,313
14340.0,29,0,0,0,29,0,313
14341.0,29,0,0,0,29,0,313
14342.0,29,0,0,0,29,0,313
14343.0,29,0,0,0,29,0,313
14344.0,29,0,0,0,29,0,313
14345.0,29,0,0,0,29,0,313
14346.0,29,0,0,0,29,0,313
14347.0,29,0,0,0,29,0,313
14348.0,29,0,0,0,29,0,313
14349.0,29,0,0,0,29,0,313
14350.0,29,0,0,0,29,0,313
14351.0,29,0,0,0,29,0,313
14352.0,29,0,0,0,29,0,313
14353.0,29,0,0,0,29,0,313
14354.0,29,0,0,0,29,0,313
14355.0,29,0,0,0,29,0,313
14356.0,29,0,0,0,29,0,313
14357.0,29,0,0,0,29,0,313
14358.0,29,0,0,0,29,0,313
14359.0,29,0,0,0,29,0,313
14360.0,29,0,0,0,29,0,313
14361.0,29,0,0,0,29,0,313
14362.0,29,0,0,0,29,0,313
14363.0,29,0,0,0,29,0,313
14364.0,29,0,0,0,29,0,313
14365.0,29,0,0,0,29,0,313
14366.0,29,0,0,0,29,0,313
14367.0,29,0,0,0,29,0,313
14368.0,29,0,0,0,29,0,313
14369.0,29,0,0,0,29,0,313
14370.0,29,0,0,0,29,0,313
14371.0,29,0,0,0,29,0,313
14372.0,29,0,0,0,29,0,313
14373.0,29,0,0,0,29,0,313
14374.0,29,0,0,0,29,0,313
14375.0,29,0,0,0,29,0,313
14376.0,29,0,0,0,29,0,313
14377.0,29,0,0,0,29,0,313
14378.0,29,0,0,0,29,0,313
14379.0,29,0,0,0,29,0,313
14380.0,29,0,0,0,29,0,313
14381.0,29,0,0,0,29,0,313
14382.0,29,0,0,0,29,0,313
14383.0,29,0,0,0,29,0,313
14384.0,29,0,0,0,29,0,313
14385.0,29,0,0,0,29,0,313
14386.0,29,0,0,0,29,0,313
14387.0,29,0,0,0,29,0,313
14388.0,29,0,0,0,29,0,313
14389.0,29,0,0,0,29,0,313
14390.0,29,0,0,0,29,0,313
14391.0,29,0,0,0,29,0,313
14392.0,29,0,0,0,29,0,313
14393.0,29,0,0,0,29,0,313
14394.0,29,0,0,0,29,0,313
14395.0,29,0,0,0,29,0,313
14396.0,29,0,0,0,29,0,313
14397.0,29,0,0,0,29,0,313
14398.0,29,0,0,0,29,0,313
14399.0,29,0,0,0,29,0,313
14400.0,29,0,0,0,29,0,313
14401.0,29,0,0,0,29,0,313
14402.0,29,0,0,0,29,0,313
14403.0,29,0,0,0,29,0,313
14404.0,29,0,0,0,29,0,313
14405.0,29,0,0,0,29,0,313
14406.0,29,0,0,0,29,0,313
14407.0,29,0,0,0,29,0,313
14408.0,29,0,0,0,29,0,313
14409.0,29,0,0,0,29,0,313
14410.0,29,0,0,0,29,0,313
14411.0,29,0,0,0,29,0,313
14412.0,29,0,0,0,29,0,313
14413.0,29,0,0,0,29,0,313
14414.0,29,0,0,0,29,0,313
14415.0,29,0,0,0,29,0,313
14416.0,29,0,0,0,29,0,313
14417.0,29,0,0,0,29,0,313
14418.0,29,0,0,0,29,0,313
14419.0,29,0,0,0,29,0,313
14420.0,29,0,0,0,29,0,313
14421.0,29,0,0,0,29,0,313
14422.0,29,0,0,0,29,0,313
14423.0,29,0,0,0,29,0,313
14424.0,29,0,0,0,29,0,313
14425.0,29,0,0,0,29,0,313
14426.0,29,0,0,0,29,0,313
14427.0,29,0,0,0,29,0,313
14428.0,29,0,0,0,29,0,313
14429.0,29,0,0,0,29,0,313
14430.0,29,0,0,0,29,0,313
14431.0,29,0,0,0,29,0,313
14432.0,29,0,0,0,29,0,313
14433.0,29,0,0,0,29,0,313
14434.0,29,0,0,0,29,0,313
14435.0,29,0,0,0,29,0,313
14436.0,29,0,0,0,29,0,313
14437.0,29,0,0,0,29,0,313
14438.0,29,0,0,0,29,0,313
14439.0,29,0,0,0,29,0,313
14440.0,29,0,0,0,29,0,313
14441.0,29,0,0,0,29,0,313
14442.0,29,0,0,0,29,0,313
14443.0,29,0,0,0,29,0,313
14444.0,29,0,0,0,29,0,313
14445.0,29,0,0,0,29,0,313
14446.0,29,0,0,0,29,0,313
14447.0,29,0,0,0,29,0,313
14448.0,29,0,0,0,29,0,313
14449.0,29,0,0,0,29,0,313
14450.0,29,0,0,0,29,0,313
14451.0,29,0,0,0,29,0,313
14452.0,29,0,0,0,29,0,313
14453.0,29,0,0,0,29,0,313
14454.0,29,0,0,0,29,0,313
14455.0,29,0,0,0,29,0,313
14456.0,29,0,0,0,29,0,313
14457.0,29,0,0,0,29,0,313
14458.0,29,0,0,0,29,0,313
14459.0,29,0,0,0,29,0,313
14460.0,29,0,0,0,29,0,313
14461.0,29,0,0,0,29,0,313
14462.0,29,0,0,0,29,0,313
14463.0,29,0,0,0,29,0,313
14464.0,29,0,0,0,29,0,313
14465.0,29,0,0,0,29,0,313
14466.0,29,0,0,0,29,0,313
14467.0,29,0,0,0,29,0,313
14468.0,29,0,0,0,29,0,313
14469.0,29,0,0,0,29,0,313
14470.0,29,0,0,0,29,0,313
14471.0,29,0,0,0,29,0,313
14472.0,29,0,0,0,29,0,313
14473.0,29,0,0,0,29,0,313
14474.0,29,0,0,0,29,0,313
14475.0,29,0,0,0,29,0,313
14476.0,29,0,0,0,29,0,313
14477.0,29,0,0,0,29,0,313
14478.0,29,0,0,0,29,0,313
14479.0,29,0,0,0,29,0,313
14480.0,29,0,0,0,29,0,313
14481.0,29,0,0,0,29,0,313
14482.0,29,0,0,0,29,0,313
14483.0,29,0,0,0,29,0,313
14484.0,29,0,0,0,29,0,313
14485.0,29,0,0,0,29,0,313
14486.0,29,0,0,0,29,0,313
14487.0,29,0,0,0,29,0,313
14488.0,29,0,0,0,29,0,313
14489.0,29,0,0,0,29,0,313
14490.0,29,0,0,0,29,0,313
14491.0,29,0,0,0,29,0,313
14492.0,29,0,0,0,29,0,313
14493.0,29,0,0,0,29,0,313
14494.0,29,0,0,0,29,0,313
14495.0,29,0,0,0,29,0,313
14496.0,29,0,0,0,29,0,313
14497.0,29,0,0,0,29,0,313
14498.0,29,0,0,0,29,0,313
14499.0,29,0,0,0,29,0,313
14500.0,29,0,0,0,29,0,313
14501.0,29,0,0,0,29,0,313
14502.0,29,0,0,0,29,0,313
14503.0,29,0,0,0,29,0,313
14504.0,29,0,0,0,29,0,313
14505.0,29,0,0,0,29,0,313
14506.0,29,0,0,0,29,0,313
14507.0,29,0,0,0,29,0,313
14508.0,29,0,0,0,29,0,313
14509.0,29,0,0,0,29,0,313
14510.0,29,0,0,0,29,0,313
14511.0,29,0,0,0,29,0,313
14512.0,29,0,0,0,29,0,313
14513.0,29,0,0,0,29,0,313
14514.0,29,0,0,0,29,0,313
14515.0,29,0,0,0,29,0,313
14516.0,29,0,0,0,29,0,313
14517.0,29,0,0,0,29,0,313
14518.0,29,0,0,0,29,0,313
14519.0,29,0,0,0,29,0,313
14520.0,29,0,0,0,29,0,313
14521.0,29,0,0,0,29,0,313
14522.0,29,0,0,0,29,0,313
14523.0,29,0,0,0,29,0,313
14524.0,29,0,0,0,29,0,313
14525.0,29,0,0,0,29,0,313
14526.0,29,0,0,0,29,0,313
14527.0,29,0,0,0,29,0,313
14528.0,29,0,0,0,29,0,313
14529.0,29,0,0,0,29,0,313
14530.0,29,0,0,0,29,0,313
14531.0,29,0,0,0,29,0,313
14532.0,29,0,0,0,29,0,313
14533.0,29,0,0,0,29,0,313
14534.0,29,0,0,0,29,0,313
14535.0,29,0,0,0,29,0,313
14536.0,29,0,0,0,29,0,313
14537.0,29,0,0,0,29,0,313
14538.0,29,0,0,0,29,0,313
14539.0,29,0,0,0,29,0,313
14540.0,29,0,0,0,29,0,313
14541.0,29,0,0,0,29,0,313
14542.0,29,0,0,0,29,0,313
14543.0,29,0,0,0,29,0,313
14544.0,29,0,0,0,29,0,313
14545.0,29,0,0,0,29,0,313
14546.0,29,0,0,0,29,0,313
14547.0,29,0,0,0,29,0,313
14548.0,29,0,0,0,29,0,313
14549.0,29,0,0,0,29,0,313
14550.0,29,0,0,0,29,0,313
14551.0,29,0,0,0,29,0,313
14552.0,29,0,0,0,29,0,313
14553.0,29,0,0,0,29,0,313
14554.0,29,0,0,0,29,0,313
14555.0,29,0,0,0,29,0,313
14556.0,29,0,0,0,29,0,313
14557.0,29,0,0,0,29,0,313
14558.0,29,0,0,0,29,0,313
14559.0,29,0,0,0,29,0,313
14560.0,29,0,0,0,29,0,313
14561.0,29,0,0,0,29,0,313
14562.0,29,0,0,0,29,0,313
14563.0,29,0,0,0,29,0,313
14564.0,29,0,0,0,29,0,313
14565.0,29,0,0,0,29,0,313
14566.0,29,0,0,0,29,0,313
14567.0,29,0,0,0,29,0,313
14568.0,29,0,0,0,29,0,313
14569.0,29,0,0,0,29,0,313
14570.0,29,0,0,0,29,0,313
14571.0,29,0,0,0,29,0,313
14572.0,29,0,0,0,29,0,313
14573.0,29,0,0,0,29,0,313
14574.0,29,0,0,0,29,0,313
14575.0,29,0,0,0,29,0,313
14576.0,29,0,0,0,29,0,313
14577.0,29,0,0,0,29,0,313
14578.0,29,0,0,0,29,0,313
14579.0,29,0,0,0,29,0,313
14580.0,29,0,0,0,29,0,313
14581.0,29,0,0,0,29,0,313
14582.0,29,0,0,0,29,0,313
14583.0,29,0,0,0,29,0,313
14584.0,29,0,0,0,29,0,313
14585.0,29,0,0,0,29,0,313
14586.0,29,0,0,0,29,0,313
14587.0,29,0,0,0,29,0,313
14588.0,29,0,0,0,29,0,313
14589.0,29,0,0,0,29,0,313
14590.0,29,0,0,0,29,0,313
14591.0,29,0,0,0,29,0,313
14592.0,29,0,0,0,29,0,313
14593.0,29,0,0,0,29,0,313
14594.0,29,0,0,0,29,0,313
14595.0,29,0,0,0,29,0,313
14596.0,29,0,0,0,29,0,313
14597.0,29,0,0,0,29,0,313
14598.0,29,0,0,0,29,0,313
14599.0,29,0,0,0,29,0,313
14600.0,29,0,0,0,29,0,313
14601.0,29,0,0,0,29,0,313
14602.0,29,0,0,0,29,0,313
14603.0,29,0,0,0,29,0,313
14604.0,29,0,0,0,29,0,313
14605.0,29,0,0,0,29,0,313
14606.0,29,0,0,0,29,0,313
14607.0,29,0,0,0,29,0,313
14608.0,29,0,0,0,29,0,313
14609.0,29,0,0,0,29,0,313
14610.0,29,0,0,0,29,0,313
14611.0,29,0,0,0,29,0,313
14612.0,29,0,0,0,29,0,313
14613.0,29,0,0,0,29,0,313
14614.0,29,0,0,0,29,0,313
14615.0,29,0,0,0,29,0,313
14616.0,29,0,0,0,29,0,313
14617.0,29,0,0,0,29,0,313
14618.0,29,0,0,0,29,0,313
14619.0,29,0,0,0,29,0,313
14620.0,29,0,0,0,29,0,313
14621.0,29,0,0,0,29,0,313
14622.0,29,0,0,0,29,0,313
14623.0,29,0,0,0,29,0,313
14624.0,29,0,0,0,29,0,313
14625.0,29,0,0,0,29,0,313
14626.0,29,0,0,0,29,0,313
14627.0,29,0,0,0,29,0,313
14628.0,29,0,0,0,29,0,313
14629.0,29,0,0,0,29,0,313
14630.0,29,0,0,0,29,0,313
14631.0,29,0,0,0,29,0,313
14632.0,29,0,0,0,29,0,313
14633.0,29,0,0,0,29,0,313
14634.0,29,0,0,0,29,0,313
14635.0,29,0,0,0,29,0,313
14636.0,29,0,0,0,29,0,313
14637.0,29,0,0,0,29,0,313
14638.0,29,0,0,0,29,0,313
14639.0,29,0,0,0,29,0,313
14640.0,29,0,0,0,29,0,313
14641.0,29,0,0,0,29,0,313
14642.0,29,0,0,0,29,0,313
14643.0,29,0,0,0,29,0,313
14644.0,29,0,0,0,29,0,313
14645.0,29,0,0,0,29,0,313
14646.0,29,0,0,0,29,0,313
14647.0,29,0,0,0,29,0,313
14648.0,29,0,0,0,29,0,313
14649.0,29,0,0,0,29,0,313
14650.0,29,0,0,0,29,0,313
14651.0,29,0,0,0,29,0,313
14652.0,29,0,0,0,29,0,313
14653.0,29,0,0,0,29,0,313
14654.0,29,0,0,0,29,0,313
14655.0,29,0,0,0,29,0,313
14656.0,29,0,0,0,29,0,313
14657.0,29,0,0,0,29,0,313
14658.0,29,0,0,0,29,0,313
14659.0,29,0,0,0,29,0,313
14660.0,29,0,0,0,29,0,313
14661.0,29,0,0,0,29,0,313
14662.0,29,0,0,0,29,0,313
14663.0,29,0,0,0,29,0,313
14664.0,29,0,0,0,29,0,313
14665.0,29,0,0,0,29,0,313
14666.0,29,0,0,0,29,0,313
14667.0,29,0,0,0,29,0,313
14668.0,29,0,0,0,29,0,313
14669.0,29,0,0,0,29,0,313
14670.0,29,0,0,0,29,0,313
14671.0,29,0,0,0,29,0,313
14672.0,29,0,0,0,29,0,313
14673.0,29,0,0,0,29,0,313
14674.0,29,0,0,0,29,0,313
14675.0,29,0,0,0,29,0,313
14676.0,29,0,0,0,29,0,313
14677.0,29,0,0,0,29,0,313
14678.0,29,0,0,0,29,0,313
14679.0,29,0,0,0,29,0,313
14680.0,29,0,0,0,29,0,313
14681.0,29,0,0,0,29,0,313
14682.0,29,0,0,0,29,0,313
14683.0,29,0,0,0,29,0,313
14684.0,29,0,0,0,29,0,313
14685.0,29,0,0,0,29,0,313
14686.0,29,0,0,0,29,0,313
14687.0,29,0,0,0,29,0,313
14688.0,29,0,0,0,29,0,313
14689.0,29,0,0,0,29,0,313
14690.0,29,0,0,0,29,0,313
14691.0,29,0,0,0,29,0,313
14692.0,29,0,0,0,29,0,313
14693.0,29,0,0,0,29,0,313
14694.0,29,0,0,0,29,0,313
14695.0,29,0,0,0,29,0,313
14696.0,29,0,0,0,29,0,313
14697.0,29,0,0,0,29,0,313
14698.0,29,0,0,0,29,0,313
14699.0,29,0,0,0,29,0,313
14700.0,29,0,0,0,29,0,313
14701.0,29,0,0,0,29,0,313
14702.0,29,0,0,0,29,0,313
14703.0,29,0,0,0,29,0,313
14704.0,29,0,0,0,29,0,313
14705.0,29,0,0,0,29,0,313
14706.0,29,0,0,0,29,0,313
14707.0,29,0,0,0,29,0,313
14708.0,29,0,0,0,29,0,313
14709.0,29,0,0,0,29,0,313
14710.0,29,0,0,0,29,0,313
14711.0,29,0,0,0,29,0,313
14712.0,29,0,0,0,29,0,313
14713.0,29,0,0,0,29,0,313
14714.0,29,0,0,0,29,0,313
14715.0,29,0,0,0,29,0,313
14716.0,29,0,0,0,29,0,313
14717.0,29,0,0,0,29,0,313
14718.0,29,0,0,0,29,0,313
14719.0,29,0,0,0,29,0,313
14720.0,29,0,0,0,29,0,313
14721.0,29,0,0,0,29,0,313
14722.0,29,0,0,0,29,0,313
14723.0,29,0,0,0,29,0,313
14724.0,29,0,0,0,29,0,313
14725.0,29,0,0,0,29,0,313
14726.0,29,0,0,0,29,0,313
14727.0,29,0,0,0,29,0,313
14728.0,29,0,0,0,29,0,313
14729.0,29,0,0,0,29,0,313
14730.0,29,0,0,0,29,0,313
14731.0,29,0,0,0,29,0,313
14732.0,29,0,0,0,29,0,313
14733.0,29,0,0,0,29,0,313
14734.0,29,0,0,0,29,0,313
14735.0,29,0,0,0,29,0,313
14736.0,29,0,0,0,29,0,313
14737.0,29,0,0,0,29,0,313
14738.0,29,0,0,0,29,0,313
14739.0,29,0,0,0,29,0,313
14740.0,29,0,0,0,29,0,313
14741.0,29,0,0,0,29,0,313
14742.0,29,0,0,0,29,0,313
14743.0,29,0,0,0,29,0,313
14744.0,29,0,0,0,29,0,313
14745.0,29,0,0,0,29,0,313
14746.0,29,0,0,0,29,0,313
14747.0,29,0,0,0,29,0,313
14748.0,29,0,0,0,29,0,313
14749.0,29,0,0,0,29,0,313
14750.0,29,0,0,0,29,0,313
14751.0,29,0,0,0,29,0,313
14752.0,29,0,0,0,29,0,313
14753.0,29,0,0,0,29,0,313
14754.0,29,0,0,0,29,0,313
14755.0,29,0,0,0,29,0,313
14756.0,29,0,0,0,29,0,313
14757.0,29,0,0,0,29,0,313
14758.0,29,0,0,0,29,0,313
14759.0,29,0,0,0,29,0,313
14760.0,29,0,0,0,29,0,313
14761.0,29,0,0,0,29,0,313
14762.0,29,0,0,0,29,0,313
14763.0,29,0,0,0,29,0,313
14764.0,29,0,0,0,29,0,313
14765.0,29,0,0,0,29,0,313
14766.0,29,0,0,0,29,0,313
14767.0,29,0,0,0,29,0,313
14768.0,29,0,0,0,29,0,313
14769.0,29,0,0,0,29,0,313
14770.0,29,0,0,0,29,0,313
14771.0,29,0,0,0,29,0,313
14772.0,29,0,0,0,29,0,313
14773.0,29,0,0,0,29,0,313
14774.0,29,0,0,0,29,0,313
14775.0,29,0,0,0,29,0,313
14776.0,29,0,0,0,29,0,313
14777.0,29,0,0,0,29,0,313
14778.0,29,0,0,0,29,0,313
14779.0,29,0,0,0,29,0,313
14780.0,29,0,0,0,29,0,313
14781.0,29,0,0,0,29,0,313
14782.0,29,0,0,0,29,0,313
14783.0,29,0,0,0,29,0,313
14784.0,29,0,0,0,29,0,313
14785.0,29,0,0,0,29,0,313
14786.0,29,0,0,0,29,0,313
14787.0,29,0,0,0,29,0,313
14788.0,29,0,0,0,29,0,313
14789.0,29,0,0,0,29,0,313
14790.0,29,0,0,0,29,0,313
14791.0,29,0,0,0,29,0,313
14792.0,29,0,0,0,29,0,313
14793.0,29,0,0,0,29,0,313
14794.0,29,0,0,0,29,0,313
14795.0,29,0,0,0,29,0,313
14796.0,29,0,0,0,29,0,313
14797.0,29,0,0,0,29,0,313
14798.0,29,0,0,0,29,0,313
14799.0,29,0,0,0,29,0,313
14800.0,29,0,0,0,29,0,313
14801.0,29,0,0,0,29,0,313
14802.0,29,0,0,0,29,0,313
14803.0,29,0,0,0,29,0,313
14804.0,29,0,0,0,29,0,313
14805.0,29,0,0,0,29,0,313
14806.0,29,0,0,0,29,0,313
14807.0,29,0,0,0,29,0,313
14808.0,29,0,0,0,29,0,313
14809.0,29,0,0,0,29,0,313
14810.0,29,0,0,0,29,0,313
14811.0,29,0,0,0,29,0,313
14812.0,29,0,0,0,29,0,313
14813.0,29,0,0,0,29,0,313
14814.0,29,0,0,0,29,0,313
14815.0,29,0,0,0,29,0,313
14816.0,29,0,0,0,29,0,313
14817.0,29,0,0,0,29,0,313
14818.0,29,0,0,0,29,0,313
14819.0,29,0,0,0,29,0,313
14820.0,29,0,0,0,29,0,313
14821.0,29,0,0,0,29,0,313
14822.0,29,0,0,0,29,0,313
14823.0,29,0,0,0,29,0,313
14824.0,29,0,0,0,29,0,313
14825.0,29,0,0,0,29,0,313
14826.0,29,0,0,0,29,0,313
14827.0,29,0,0,0,29,0,313
14828.0,29,0,0,0,29,0,313
14829.0,29,0,0,0,29,0,313
14830.0,29,0,0,0,29,0,313
14831.0,29,0,0,0,29,0,313
14832.0,29,0,0,0,29,0,313
14833.0,29,0,0,0,29,0,313
14834.0,29,0,0,0,29,0,313
14835.0,29,0,0,0,29,0,313
14836.0,29,0,0,0,29,0,313
14837.0,29,0,0,0,29,0,313
14838.0,29,0,0,0,29,0,313
14839.0,29,0,0,0,29,0,313
14840.0,29,0,0,0,29,0,313
14841.0,29,0,0,0,29,0,313
14842.0,29,0,0,0,29,0,313
14843.0,29,0,0,0,29,0,313
14844.0,29,0,0,0,29,0,313
14845.0,29,0,0,0,29,0,313
14846.0,29,0,0,0,29,0,313
14847.0,29,0,0,0,29,0,313
14848.0,29,0,0,0,29,0,313
14849.0,29,0,0,0,29,0,313
14850.0,29,0,0,0,29,0,313
14851.0,29,0,0,0,29,0,313
14852.0,29,0,0,0,29,0,313
14853.0,29,0,0,0,29,0,313
14854.0,29,0,0,0,29,0,313
14855.0,29,0,0,0,29,0,313
14856.0,29,0,0,0,29,0,313
14857.0,29,0,0,0,29,0,313
14858.0,29,0,0,0,29,0,313
14859.0,29,0,0,0,29,0,313
14860.0,29,0,0,0,29,0,313
14861.0,29,0,0,0,29,0,313
14862.0,29,0,0,0,29,0,313
14863.0,29,0,0,0,29,0,313
14864.0,29,0,0,0,29,0,313
14865.0,29,0,0,0,29,0,313
14866.0,29,0,0,0,29,0,313
14867.0,29,0,0,0,29,0,313
14868.0,29,0,0,0,29,0,313
14869.0,29,0,0,0,29,0,313
14870.0,29,0,0,0,29,0,313
14871.0,29,0,0,0,29,0,313
14872.0,29,0,0,0,29,0,313
14873.0,29,0,0,0,29,0,313
14874.0,29,0,0,0,29,0,313
14875.0,29,0,0,0,29,0,313
14876.0,29,0,0,0,29,0,313
14877.0,29,0,0,0,29,0,313
14878.0,29,0,0,0,29,0,313
14879.0,29,0,0,0,29,0,313
14880.0,29,0,0,0,29,0,313
14881.0,29,0,0,0,29,0,313
14882.0,29,0,0,0,29,0,313
14883.0,29,0,0,0,29,0,313
14884.0,29,0,0,0,29,0,313
14885.0,29,0,0,0,29,0,313
14886.0,29,0,0,0,29,0,313
14887.0,29,0,0,0,29,0,313
14888.0,29,0,0,0,29,0,313
14889.0,29,0,0,0,29,0,313
14890.0,29,0,0,0,29,0,313
14891.0,29,0,0,0,29,0,313
14892.0,29,0,0,0,29,0,313
14893.0,29,0,0,0,29,0,313
14894.0,29,0,0,0,29,0,313
14895.0,29,0,0,0,29,0,313
14896.0,29,0,0,0,29,0,313
14897.0,29,0,0,0,29,0,313
14898.0,29,0,0,0,29,0,313
14899.0,29,0,0,0,29,0,313
14900.0,29,0,0,0,29,0,313
14901.0,29,0,0,0,29,0,313
14902.0,29,0,0,0,29,0,313
14903.0,29,0,0,0,29,0,313
14904.0,29,0,0,0,29,0,313
14905.0,29,0,0,0,29,0,313
14906.0,29,0,0,0,29,0,313
14907.0,29,0,0,0,29,0,313
14908.0,29,0,0,0,29,0,313
14909.0,29,0,0,0,29,0,313
14910.0,29,0,0,0,29,0,313
14911.0,29,0,0,0,29,0,313
14912.0,29,0,0,0,29,0,313
14913.0,29,0,0,0,29,0,313
14914.0,29,0,0,0,29,0,313
14915.0,29,0,0,0,29,0,313
14916.0,29,0,0,0,29,0,313
14917.0,29,0,0,0,29,0,313
14918.0,29,0,0,0,29,0,313
14919.0,29,0,0,0,29,0,313
14920.0,29,0,0,0,29,0,313
14921.0,29,0,0,0,29,0,313
14922.0,29,0,0,0,29,0,313
14923.0,29,0,0,0,29,0,313
14924.0,29,0,0,0,29,0,313
14925.0,29,0,0,0,29,0,313
14926.0,29,0,0,0,29,0,313
14927.0,29,0,0,0,29,0,313
14928.0,29,0,0,0,29,0,313
14929.0,29,0,0,0,29,0,313
14930.0,29,0,0,0,29,0,313
14931.0,29,0,0,0,29,0,313
14932.0,29,0,0,0,29,0,313
14933.0,29,0,0,0,29,0,313
14934.0,29,0,0,0,29,0,313
14935.0,29,0,0,0,29,0,313
14936.0,29,0,0,0,29,0,313
14937.0,29,0,0,0,29,0,313
14938.0,29,0,0,0,29,0,313
14939.0,29,0,0,0,29,0,313
14940.0,29,0,0,0,29,0,313
14941.0,29,0,0,0,29,0,313
14942.0,29,0,0,0,29,0,313
14943.0,29,0,0,0,29,0,313
14944.0,29,0,0,0,29,0,313
14945.0,29,0,0,0,29,0,313
14946.0,29,0,0,0,29,0,313
14947.0,29,0,0,0,29,0,313
14948.0,29,0,0,0,29,0,313
14949.0,29,0,0,0,29,0,313
14950.0,29,0,0,0,29,0,313
14951.0,29,0,0,0,29,0,313
14952.0,29,0,0,0,29,0,313
14953.0,29,0,0,0,29,0,313
14954.0,29,0,0,0,29,0,313
14955.0,29,0,0,0,29,0,313
14956.0,29,0,0,0,29,0,313
14957.0,29,0,0,0,29,0,313
14958.0,29,0,0,0,29,0,313
14959.0,29,0,0,0,29,0,313
14960.0,29,0,0,0,29,0,313
14961.0,29,0,0,0,29,0,313
14962.0,29,0,0,0,29,0,313
14963.0,29,0,0,0,29,0,313
14964.0,29,0,0,0,29,0,313
14965.0,29,0,0,0,29,0,313
14966.0,29,0,0,0,29,0,313
14967.0,29,0,0,0,29,0,313
14968.0,29,0,0,0,29,0,313
14969.0,29,0,0,0,29,0,313
14970.0,29,0,0,0,29,0,313
14971.0,29,0,0,0,29,0,313
14972.0,29,0,0,0,29,0,313
14973.0,29,0,0,0,29,0,313
14974.0,29,0,0,0,29,0,313
14975.0,29,0,0,0,29,0,313
14976.0,29,0,0,0,29,0,313
14977.0,29,0,0,0,29,0,313
14978.0,29,0,0,0,29,0,313
14979.0,29,0,0,0,29,0,313
14980.0,29,0,0,0,29,0,313
14981.0,29,0,0,0,29,0,313
14982.0,29,0,0,0,29,0,313
14983.0,29,0,0,0,29,0,313
14984.0,29,0,0,0,29,0,313
14985.0,29,0,0,0,29,0,313
14986.0,29,0,0,0,29,0,313
14987.0,29,0,0,0,29,0,313
14988.0,29,0,0,0,29,0,313
14989.0,29,0,0,0,29,0,313
14990.0,29,0,0,0,29,0,313
14991.0,29,0,0,0,29,0,313
14992.0,29,0,0,0,29,0,313
14993.0,29,0,0,0,29,0,313
14994.0,29,0,0,0,29,0,313
14995.0,29,0,0,0,29,0,313
14996.0,29,0,0,0,29,0,313
14997.0,29,0,0,0,29,0,313
14998.0,29,0,0,0,29,0,313
14999.0,29,0,0,0,29,0,313
15000.0,29,0,0,0,29,0,313
15001.0,29,0,0,0,29,0,313
15002.0,29,0,0,0,29,0,313
15003.0,29,0,0,0,29,0,313
15004.0,29,0,0,0,29,0,313
15005.0,29,0,0,0,29,0,313
15006.0,29,0,0,0,29,0,313
15007.0,29,0,0,0,29,0,313
15008.0,29,0,0,0,29,0,313
15009.0,29,0,0,0,29,0,313
15010.0,29,0,0,0,29,0,313
15011.0,29,0,0,0,29,0,313
15012.0,29,0,0,0,29,0,313
15013.0,29,0,0,0,29,0,313
15014.0,29,0,0,0,29,0,313
15015.0,29,0,0,0,29,0,313
15016.0,29,0,0,0,29,0,313
15017.0,29,0,0,0,29,0,313
15018.0,29,0,0,0,29,0,313
15019.0,29,0,0,0,29,0,313
15020.0,29,0,0,0,29,0,313
15021.0,29,0,0,0,29,0,313
15022.0,29,0,0,0,29,0,313
15023.0,29,0,0,0,29,0,313
15024.0,29,0,0,0,29,0,313
15025.0,29,0,0,0,29,0,313
15026.0,29,0,0,0,29,0,313
15027.0,29,0,0,0,29,0,313
15028.0,29,0,0,0,29,0,313
15029.0,29,0,0,0,29,0,313
15030.0,29,0,0,0,29,0,313
15031.0,29,0,0,0,29,0,313
15032.0,29,0,0,0,29,0,313
15033.0,29,0,0,0,29,0,313
15034.0,29,0,0,0,29,0,313
15035.0,29,0,0,0,29,0,313
15036.0,29,0,0,0,29,0,313
15037.0,29,0,0,0,29,0,313
15038.0,29,0,0,0,29,0,313
15039.0,29,0,0,0,29,0,313
15040.0,29,0,0,0,29,0,313
15041.0,29,0,0,0,29,0,313
15042.0,29,0,0,0,29,0,313
15043.0,29,0,0,0,29,0,313
15044.0,29,0,0,0,29,0,313
15045.0,29,0,0,0,29,0,313
15046.0,29,0,0,0,29,0,313
15047.0,29,0,0,0,29,0,313
15048.0,29,0,0,0,29,0,313
15049.0,29,0,0,0,29,0,313
15050.0,29,0,0,0,29,0,313
15051.0,29,0,0,0,29,0,313
15052.0,29,0,0,0,29,0,313
15053.0,29,0,0,0,29,0,313
15054.0,29,0,0,0,29,0,313
15055.0,29,0,0,0,29,0,313
15056.0,29,0,0,0,29,0,313
15057.0,29,0,0,0,29,0,313
15058.0,29,0,0,0,29,0,313
15059.0,29,0,0,0,29,0,313
15060.0,29,0,0,0,29,0,313
15061.0,29,0,0,0,29,0,313
15062.0,29,0,0,0,29,0,313
15063.0,29,0,0,0,29,0,313
15064.0,29,0,0,0,29,0,313
15065.0,29,0,0,0,29,0,313
15066.0,29,0,0,0,29,0,313
15067.0,29,0,0,0,29,0,313
15068.0,29,0,0,0,29,0,313
15069.0,29,0,0,0,29,0,313
15070.0,29,0,0,0,29,0,313
15071.0,29,0,0,0,29,0,313
15072.0,29,0,0,0,29,0,313
15073.0,29,0,0,0,29,0,313
15074.0,29,0,0,0,29,0,313
15075.0,29,0,0,0,29,0,313
15076.0,29,0,0,0,29,0,313
15077.0,29,0,0,0,29,0,313
15078.0,29,0,0,0,29,0,313
15079.0,29,0,0,0,29,0,313
15080.0,29,0,0,0,29,0,313
15081.0,29,0,0,0,29,0,313
15082.0,29,0,0,0,29,0,313
15083.0,29,0,0,0,29,0,313
15084.0,29,0,0,0,29,0,313
15085.0,29,0,0,0,29,0,313
15086.0,29,0,0,0,29,0,313
15087.0,29,0,0,0,29,0,313
15088.0,29,0,0,0,29,0,313
15089.0,29,0,0,0,29,0,313
15090.0,29,0,0,0,29,0,313
15091.0,29,0,0,0,29,0,313
15092.0,29,0,0,0,29,0,313
15093.0,29,0,0,0,29,0,313
15094.0,29,0,0,0,29,0,313
15095.0,29,0,0,0,29,0,313
15096.0,29,0,0,0,29,0,313
15097.0,29,0,0,0,29,0,313
15098.0,29,0,0,0,29,0,313
15099.0,29,0,0,0,29,0,313
15100.0,29,0,0,0,29,0,313
15101.0,29,0,0,0,29,0,313
15102.0,29,0,0,0,29,0,313
15103.0,29,0,0,0,29,0,313
15104.0,29,0,0,0,29,0,313
15105.0,29,0,0,0,29,0,313
15106.0,29,0,0,0,29,0,313
15107.0,29,0,0,0,29,0,313
15108.0,29,0,0,0,29,0,313
15109.0,29,0,0,0,29,0,313
15110.0,29,0,0,0,29,0,313
15111.0,29,0,0,0,29,0,313
15112.0,29,0,0,0,29,0,313
15113.0,29,0,0,0,29,0,313
15114.0,29,0,0,0,29,0,313
15115.0,29,0,0,0,29,0,313
15116.0,29,0,0,0,29,0,313
15117.0,29,0,0,0,29,0,313
15118.0,29,0,0,0,29,0,313
15119.0,29,0,0,0,29,0,313
15120.0,29,0,0,0,29,0,313
15121.0,29,0,0,0,29,0,313
15122.0,29,0,0,0,29,0,313
15123.0,29,0,0,0,29,0,313
15124.0,29,0,0,0,29,0,313
15125.0,29,0,0,0,29,0,313
15126.0,29,0,0,0,29,0,313
15127.0,29,0,0,0,29,0,313
15128.0,29,0,0,0,29,0,313
15129.0,29,0,0,0,29,0,313
15130.0,29,0,0,0,29,0,313
15131.0,29,0,0,0,29,0,313
15132.0,29,0,0,0,29,0,313
15133.0,29,0,0,0,29,0,313
15134.0,29,0,0,0,29,0,313
15135.0,29,0,0,0,29,0,313
15136.0,29,0,0,0,29,0,313
15137.0,29,0,0,0,29,0,313
15138.0,29,0,0,0,29,0,313
15139.0,29,0,0,0,29,0,313
15140.0,29,0,0,0,29,0,313
15141.0,29,0,0,0,29,0,313
15142.0,29,0,0,0,29,0,313
15143.0,29,0,0,0,29,0,313
15144.0,29,0,0,0,29,0,313
15145.0,29,0,0,0,29,0,313
15146.0,29,0,0,0,29,0,313
15147.0,29,0,0,0,29,0,313
15148.0,29,0,0,0,29,0,313
15149.0,29,0,0,0,29,0,313
15150.0,29,0,0,0,29,0,313
15151.0,29,0,0,0,29,0,313
15152.0,29,0,0,0,29,0,313
15153.0,29,0,0,0,29,0,313
15154.0,29,0,0,0,29,0,313
15155.0,29,0,0,0,29,0,313
15156.0,29,0,0,0,29,0,313
15157.0,29,0,0,0,29,0,313
15158.0,29,0,0,0,29,0,313
15159.0,29,0,0,0,29,0,313
15160.0,29,0,0,0,29,0,313
15161.0,29,0,0,0,29,0,313
15162.0,29,0,0,0,29,0,313
15163.0,29,0,0,0,29,0,313
15164.0,29,0,0,0,29,0,313
15165.0,29,0,0,0,29,0,313
15166.0,29,0,0,0,29,0,313
15167.0,29,0,0,0,29,0,313
15168.0,29,0,0,0,29,0,313
15169.0,29,0,0,0,29,0,313
15170.0,29,0,0,0,29,0,313
15171.0,29,0,0,0,29,0,313
15172.0,29,0,0,0,29,0,313
15173.0,29,0,0,0,29,0,313
15174.0,29,0,0,0,29,0,313
15175.0,29,0,0,0,29,0,313
15176.0,29,0,0,0,29,0,313
15177.0,29,0,0,0,29,0,313
15178.0,29,0,0,0,29,0,313
15179.0,29,0,0,0,29,0,313
15180.0,29,0,0,0,29,0,313
15181.0,29,0,0,0,29,0,313
15182.0,29,0,0,0,29,0,313
15183.0,29,0,0,0,29,0,313
15184.0,29,0,0,0,29,0,313
15185.0,29,0,0,0,29,0,313
15186.0,29,0,0,0,29,0,313
15187.0,29,0,0,0,29,0,313
15188.0,29,0,0,0,29,0,313
15189.0,29,0,0,0,29,0,313
15190.0,29,0,0,0,29,0,313
15191.0,29,0,0,0,29,0,313
15192.0,29,0,0,0,29,0,313
15193.0,29,0,0,0,29,0,313
15194.0,29,0,0,0,29,0,313
15195.0,29,0,0,0,29,0,313
15196.0,29,0,0,0,29,0,313
15197.0,29,0,0,0,29,0,313
15198.0,29,0,0,0,29,0,313
15199.0,29,0,0,0,29,0,313
15200.0,29,0,0,0,29,0,313
15201.0,29,0,0,0,29,0,313
15202.0,29,0,0,0,29,0,313
15203.0,29,0,0,0,29,0,313
15204.0,29,0,0,0,29,0,313
15205.0,29,0,0,0,29,0,313
15206.0,29,0,0,0,29,0,313
15207.0,29,0,0,0,29,0,313
15208.0,29,0,0,0,29,0,313
15209.0,29,0,0,0,29,0,313
15210.0,29,0,0,0,29,0,313
15211.0,29,0,0,0,29,0,313
15212.0,29,0,0,0,29,0,313
15213.0,29,0,0,0,29,0,313
15214.0,29,0,0,0,29,0,313
15215.0,29,0,0,0,29,0,313
15216.0,29,0,0,0,29,0,313
15217.0,29,0,0,0,29,0,313
15218.0,29,0,0,0,29,0,313
15219.0,29,0,0,0,29,0,313
15220.0,29,0,0,0,29,0,313
15221.0,29,0,0,0,29,0,313
15222.0,29,0,0,0,29,0,313
15223.0,29,0,0,0,29,0,313
15224.0,29,0,0,0,29,0,313
15225.0,29,0,0,0,29,0,313
15226.0,29,0,0,0,29,0,313
15227.0,29,0,0,0,29,0,313
15228.0,29,0,0,0,29,0,313
15229.0,29,0,0,0,29,0,313
15230.0,29,0,0,0,29,0,313
15231.0,29,0,0,0,29,0,313
15232.0,29,0,0,0,29,0,313
15233.0,29,0,0,0,29,0,313
15234.0,29,0,0,0,29,0,313
15235.0,29,0,0,0,29,0,313
15236.0,29,0,0,0,29,0,313
15237.0,29,0,0,0,29,0,313
15238.0,29,0,0,0,29,0,313
15239.0,29,0,0,0,29,0,313
15240.0,29,0,0,0,29,0,313
15241.0,29,0,0,0,29,0,313
15242.0,29,0,0,0,29,0,313
15243.0,29,0,0,0,29,0,313
15244.0,29,0,0,0,29,0,313
15245.0,29,0,0,0,29,0,313
15246.0,29,0,0,0,29,0,313
15247.0,29,0,0,0,29,0,313
15248.0,29,0,0,0,29,0,313
15249.0,29,0,0,0,29,0,313
15250.0,29,0,0,0,29,0,313
15251.0,29,0,0,0,29,0,313
15252.0,29,0,0,0,29,0,313
15253.0,29,0,0,0,29,0,313
15254.0,29,0,0,0,29,0,313
15255.0,29,0,0,0,29,0,313
15256.0,29,0,0,0,29,0,313
15257.0,29,0,0,0,29,0,313
15258.0,29,0,0,0,29,0,313
15259.0,29,0,0,0,29,0,313
15260.0,29,0,0,0,29,0,313
15261.0,29,0,0,0,29,0,313
15262.0,29,0,0,0,29,0,313
15263.0,29,0,0,0,29,0,313
15264.0,29,0,0,0,29,0,313
15265.0,29,0,0,0,29,0,313
15266.0,29,0,0,0,29,0,313
15267.0,29,0,0,0,29,0,313
15268.0,29,0,0,0,29,0,313
15269.0,29,0,0,0,29,0,313
15270.0,29,0,0,0,29,0,313
15271.0,29,0,0,0,29,0,313
15272.0,29,0,0,0,29,0,313
15273.0,29,0,0,0,29,0,313
15274.0,29,0,0,0,29,0,313
15275.0,29,0,0,0,29,0,313
15276.0,29,0,0,0,29,0,313
15277.0,29,0,0,0,29,0,313
15278.0,29,0,0,0,29,0,313
15279.0,29,0,0,0,29,0,313
15280.0,29,0,0,0,29,0,313
15281.0,29,0,0,0,29,0,313
15282.0,29,0,0,0,29,0,313
15283.0,29,0,0,0,29,0,313
15284.0,29,0,0,0,29,0,313
15285.0,29,0,0,0,29,0,313
15286.0,29,0,0,0,29,0,313
15287.0,29,0,0,0,29,0,313
15288.0,29,0,0,0,29,0,313
15289.0,29,0,0,0,29,0,313
15290.0,29,0,0,0,29,0,313
15291.0,29,0,0,0,29,0,313
15292.0,29,0,0,0,29,0,313
15293.0,29,0,0,0,29,0,313
15294.0,29,0,0,0,29,0,313
15295.0,29,0,0,0,29,0,313
15296.0,29,0,0,0,29,0,313
15297.0,29,0,0,0,29,0,313
15298.0,29,0,0,0,29,0,313
15299.0,29,0,0,0,29,0,313
15300.0,29,0,0,0,29,0,313
15301.0,29,0,0,0,29,0,313
15302.0,29,0,0,0,29,0,313
15303.0,29,0,0,0,29,0,313
15304.0,29,0,0,0,29,0,313
15305.0,29,0,0,0,29,0,313
15306.0,29,0,0,0,29,0,313
15307.0,29,0,0,0,29,0,313
15308.0,29,0,0,0,29,0,313
15309.0,29,0,0,0,29,0,313
15310.0,29,0,0,0,29,0,313
15311.0,29,0,0,0,29,0,313
15312.0,29,0,0,0,29,0,313
15313.0,29,0,0,0,29,0,313
15314.0,29,0,0,0,29,0,313
15315.0,29,0,0,0,29,0,313
15316.0,29,0,0,0,29,0,313
15317.0,29,0,0,0,29,0,313
15318.0,29,0,0,0,29,0,313
15319.0,29,0,0,0,29,0,313
15320.0,29,0,0,0,29,0,313
15321.0,29,0,0,0,29,0,313
15322.0,29,0,0,0,29,0,313
15323.0,29,0,0,0,29,0,313
15324.0,29,0,0,0,29,0,313
15325.0,29,0,0,0,29,0,313
15326.0,29,0,0,0,29,0,313
15327.0,29,0,0,0,29,0,313
15328.0,29,0,0,0,29,0,313
15329.0,29,0,0,0,29,0,313
15330.0,29,0,0,0,29,0,313
15331.0,29,0,0,0,29,0,313
15332.0,29,0,0,0,29,0,313
15333.0,29,0,0,0,29,0,313
15334.0,29,0,0,0,29,0,313
15335.0,29,0,0,0,29,0,313
15336.0,29,0,0,0,29,0,313
15337.0,29,0,0,0,29,0,313
15338.0,29,0,0,0,29,0,313
15339.0,29,0,0,0,29,0,313
15340.0,29,0,0,0,29,0,313
15341.0,29,0,0,0,29,0,313
15342.0,29,0,0,0,29,0,313
15343.0,29,0,0,0,29,0,313
15344.0,29,0,0,0,29,0,313
15345.0,29,0,0,0,29,0,313
15346.0,29,0,0,0,29,0,313
15347.0,29,0,0,0,29,0,313
15348.0,29,0,0,0,29,0,313
15349.0,29,0,0,0,29,0,313
15350.0,29,0,0,0,29,0,313
15351.0,29,0,0,0,29,0,313
15352.0,29,0,0,0,29,0,313
15353.0,29,0,0,0,29,0,313
15354.0,29,0,0,0,29,0,313
15355.0,29,0,0,0,29,0,313
15356.0,29,0,0,0,29,0,313
15357.0,29,0,0,0,29,0,313
15358.0,29,0,0,0,29,0,313
15359.0,29,0,0,0,29,0,313
15360.0,29,0,0,0,29,0,313
15361.0,29,0,0,0,29,0,313
15362.0,29,0,0,0,29,0,313
15363.0,29,0,0,0,29,0,313
15364.0,29,0,0,0,29,0,313
15365.0,29,0,0,0,29,0,313
15366.0,29,0,0,0,29,0,313
15367.0,29,0,0,0,29,0,313
15368.0,29,0,0,0,29,0,313
15369.0,29,0,0,0,29,0,313
15370.0,29,0,0,0,29,0,313
15371.0,29,0,0,0,29,0,313
15372.0,29,0,0,0,29,0,313
15373.0,29,0,0,0,29,0,313
15374.0,29,0,0,0,29,0,313
15375.0,29,0,0,0,29,0,313
15376.0,29,0,0,0,29,0,313
15377.0,29,0,0,0,29,0,313
15378.0,29,0,0,0,29,0,313
15379.0,29,0,0,0,29,0,313
15380.0,29,0,0,0,29,0,313
15381.0,29,0,0,0,29,0,313
15382.0,29,0,0,0,29,0,313
15383.0,29,0,0,0,29,0,313
15384.0,29,0,0,0,29,0,313
15385.0,29,0,0,0,29,0,313
15386.0,29,0,0,0,29,0,313
15387.0,29,0,0,0,29,0,313
15388.0,29,0,0,0,29,0,313
15389.0,29,0,0,0,29,0,313
15390.0,29,0,0,0,29,0,313
15391.0,29,0,0,0,29,0,313
15392.0,29,0,0,0,29,0,313
15393.0,29,0,0,0,29,0,313
15394.0,29,0,0,0,29,0,313
15395.0,29,0,0,0,29,0,313
15396.0,29,0,0,0,29,0,313
15397.0,29,0,0,0,29,0,313
15398.0,29,0,0,0,29,0,313
15399.0,29,0,0,0,29,0,313
15400.0,29,0,0,0,29,0,313
15401.0,29,0,0,0,29,0,313
15402.0,29,0,0,0,29,0,313
15403.0,29,0,0,0,29,0,313
15404.0,29,0,0,0,29,0,313
15405.0,29,0,0,0,29,0,313
15406.0,29,0,0,0,29,0,313
15407.0,29,0,0,0,29,0,313
15408.0,29,0,0,0,29,0,313
15409.0,29,0,0,0,29,0,313
15410.0,29,0,0,0,29,0,313
15411.0,29,0,0,0,29,0,313
15412.0,29,0,0,0,29,0,313
15413.0,29,0,0,0,29,0,313
15414.0,29,0,0,0,29,0,313
15415.0,29,0,0,0,29,0,313
15416.0,29,0,0,0,29,0,313
15417.0,29,0,0,0,29,0,313
15418.0,29,0,0,0,29,0,313
15419.0,29,0,0,0,29,0,313
15420.0,29,0,0,0,29,0,313
15421.0,29,0,0,0,29,0,313
15422.0,29,0,0,0,29,0,313
15423.0,29,0,0,0,29,0,313
15424.0,29,0,0,0,29,0,313
15425.0,29,0,0,0,29,0,313
15426.0,29,0,0,0,29,0,313
15427.0,29,0,0,0,29,0,313
15428.0,29,0,0,0,29,0,313
15429.0,29,0,0,0,29,0,313
15430.0,29,0,0,0,29,0,313
15431.0,29,0,0,0,29,0,313
15432.0,29,0,0,0,29,0,313
15433.0,29,0,0,0,29,0,313
15434.0,29,0,0,0,29,0,313
15435.0,29,0,0,0,29,0,313
15436.0,29,0,0,0,29,0,313
15437.0,29,0,0,0,29,0,313
15438.0,29,0,0,0,29,0,313
15439.0,29,0,0,0,29,0,313
15440.0,29,0,0,0,29,0,313
15441.0,29,0,0,0,29,0,313
15442.0,29,0,0,0,29,0,313
15443.0,29,0,0,0,29,0,313
15444.0,29,0,0,0,29,0,313
15445.0,29,0,0,0,29,0,313
15446.0,29,0,0,0,29,0,313
15447.0,29,0,0,0,29,0,313
15448.0,29,0,0,0,29,0,313
15449.0,29,0,0,0,29,0,313
15450.0,29,0,0,0,29,0,313
15451.0,29,0,0,0,29,0,313
15452.0,29,0,0,0,29,0,313
15453.0,29,0,0,0,29,0,313
15454.0,29,0,0,0,29,0,313
15455.0,29,0,0,0,29,0,313
15456.0,29,0,0,0,29,0,313
15457.0,29,0,0,0,29,0,313
15458.0,29,0,0,0,29,0,313
15459.0,29,0,0,0,29,0,313
15460.0,29,0,0,0,29,0,313
15461.0,29,0,0,0,29,0,313
15462.0,29,0,0,0,29,0,313
15463.0,29,0,0,0,29,0,313
15464.0,29,0,0,0,29,0,313
15465.0,29,0,0,0,29,0,313
15466.0,29,0,0,0,29,0,313
15467.0,29,0,0,0,29,0,313
15468.0,29,0,0,0,29,0,313
15469.0,29,0,0,0,29,0,313
15470.0,29,0,0,0,29,0,313
15471.0,29,0,0,0,29,0,313
15472.0,29,0,0,0,29,0,313
15473.0,29,0,0,0,29,0,313
15474.0,29,0,0,0,29,0,313
15475.0,29,0,0,0,29,0,313
15476.0,29,0,0,0,29,0,313
15477.0,29,0,0,0,29,0,313
15478.0,29,0,0,0,29,0,313
15479.0,29,0,0,0,29,0,313
15480.0,29,0,0,0,29,0,313
15481.0,29,0,0,0,29,0,313
15482.0,29,0,0,0,29,0,313
15483.0,29,0,0,0,29,0,313
15484.0,29,0,0,0,29,0,313
15485.0,29,0,0,0,29,0,313
15486.0,29,0,0,0,29,0,313
15487.0,29,0,0,0,29,0,313
15488.0,29,0,0,0,29,0,313
15489.0,29,0,0,0,29,0,313
15490.0,29,0,0,0,29,0,313
15491.0,29,0,0,0,29,0,313
15492.0,29,0,0,0,29,0,313
15493.0,29,0,0,0,29,0,313
15494.0,29,0,0,0,29,0,313
15495.0,29,0,0,0,29,0,313
15496.0,29,0,0,0,29,0,313
15497.0,29,0,0,0,29,0,313
15498.0,29,0,0,0,29,0,313
15499.0,29,0,0,0,29,0,313
15500.0,29,0,0,0,29,0,313
15501.0,29,0,0,0,29,0,313
15502.0,29,0,0,0,29,0,313
15503.0,29,0,0,0,29,0,313
15504.0,29,0,0,0,29,0,313
15505.0,29,0,0,0,29,0,313
15506.0,29,0,0,0,29,0,313
15507.0,29,0,0,0,29,0,313
15508.0,29,0,0,0,29,0,313
15509.0,29,0,0,0,29,0,313
15510.0,29,0,0,0,29,0,313
15511.0,29,0,0,0,29,0,313
15512.0,29,0,0,0,29,0,313
15513.0,29,0,0,0,29,0,313
15514.0,29,0,0,0,29,0,313
15515.0,29,0,0,0,29,0,313
15516.0,29,0,0,0,29,0,313
15517.0,29,0,0,0,29,0,313
15518.0,29,0,0,0,29,0,313
15519.0,29,0,0,0,29,0,313
15520.0,29,0,0,0,29,0,313
15521.0,29,0,0,0,29,0,313
15522.0,29,0,0,0,29,0,313
15523.0,29,0,0,0,29,0,313
15524.0,29,0,0,0,29,0,313
15525.0,29,0,0,0,29,0,313
15526.0,29,0,0,0,29,0,313
15527.0,29,0,0,0,29,0,313
15528.0,29,0,0,0,29,0,313
15529.0,29,0,0,0,29,0,313
15530.0,29,0,0,0,29,0,313
15531.0,29,0,0,0,29,0,313
15532.0,29,0,0,0,29,0,313
15533.0,29,0,0,0,29,0,313
15534.0,29,0,0,0,29,0,313
15535.0,29,0,0,0,29,0,313
15536.0,29,0,0,0,29,0,313
15537.0,29,0,0,0,29,0,313
15538.0,29,0,0,0,29,0,313
15539.0,29,0,0,0,29,0,313
15540.0,29,0,0,0,29,0,313
15541.0,29,0,0,0,29,0,313
15542.0,29,0,0,0,29,0,313
15543.0,29,0,0,0,29,0,313
15544.0,29,0,0,0,29,0,313
15545.0,29,0,0,0,29,0,313
15546.0,29,0,0,0,29,0,313
15547.0,29,0,0,0,29,0,313
15548.0,29,0,0,0,29,0,313
15549.0,29,0,0,0,29,0,313
15550.0,29,0,0,0,29,0,313
15551.0,29,0,0,0,29,0,313
15552.0,29,0,0,0,29,0,313
15553.0,29,0,0,0,29,0,313
15554.0,29,0,0,0,29,0,313
15555.0,29,0,0,0,29,0,313
15556.0,29,0,0,0,29,0,313
15557.0,29,0,0,0,29,0,313
15558.0,29,0,0,0,29,0,313
15559.0,29,0,0,0,29,0,313
15560.0,29,0,0,0,29,0,313
15561.0,29,0,0,0,29,0,313
15562.0,29,0,0,0,29,0,313
15563.0,29,0,0,0,29,0,313
15564.0,29,0,0,0,29,0,313
15565.0,29,0,0,0,29,0,313
15566.0,29,0,0,0,29,0,313
15567.0,29,0,0,0,29,0,313
15568.0,29,0,0,0,29,0,313
15569.0,29,0,0,0,29,0,313
15570.0,29,0,0,0,29,0,313
15571.0,29,0,0,0,29,0,313
15572.0,29,0,0,0,29,0,313
15573.0,29,0,0,0,29,0,313
15574.0,29,0,0,0,29,0,313
15575.0,29,0,0,0,29,0,313
15576.0,29,0,0,0,29,0,313
15577.0,29,0,0,0,29,0,313
15578.0,29,0,0,0,29,0,313
15579.0,29,0,0,0,29,0,313
15580.0,29,0,0,0,29,0,313
15581.0,29,0,0,0,29,0,313
15582.0,29,0,0,0,29,0,313
15583.0,29,0,0,0,29,0,313
15584.0,29,0,0,0,29,0,313
15585.0,29,0,0,0,29,0,313
15586.0,29,0,0,0,29,0,313
15587.0,29,0,0,0,29,0,313
15588.0,29,0,0,0,29,0,313
15589.0,29,0,0,0,29,0,313
15590.0,29,0,0,0,29,0,313
15591.0,29,0,0,0,29,0,313
15592.0,29,0,0,0,29,0,313
15593.0,29,0,0,0,29,0,313
15594.0,29,0,0,0,29,0,313
15595.0,29,0,0,0,29,0,313
15596.0,29,0,0,0,29,0,313
15597.0,29,0,0,0,29,0,313
15598.0,29,0,0,0,29,0,313
15599.0,29,0,0,0,29,0,313
15600.0,29,0,0,0,29,0,313
15601.0,29,0,0,0,29,0,313
15602.0,29,0,0,0,29,0,313
15603.0,29,0,0,0,29,0,313
15604.0,29,0,0,0,29,0,313
15605.0,29,0,0,0,29,0,313
15606.0,29,0,0,0,29,0,313
15607.0,29,0,0,0,29,0,313
15608.0,29,0,0,0,29,0,313
15609.0,29,0,0,0,29,0,313
15610.0,29,0,0,0,29,0,313
15611.0,29,0,0,0,29,0,313
15612.0,29,0,0,0,29,0,313
15613.0,29,0,0,0,29,0,313
15614.0,29,0,0,0,29,0,313
15615.0,29,0,0,0,29,0,313
15616.0,29,0,0,0,29,0,313
15617.0,29,0,0,0,29,0,313
15618.0,29,0,0,0,29,0,313
15619.0,29,0,0,0,29,0,313
15620.0,29,0,0,0,29,0,313
15621.0,29,0,0,0,29,0,313
15622.0,29,0,0,0,29,0,313
15623.0,29,0,0,0,29,0,313
15624.0,29,0,0,0,29,0,313
15625.0,29,0,0,0,29,0,313
15626.0,29,0,0,0,29,0,313
15627.0,29,0,0,0,29,0,313
15628.0,29,0,0,0,29,0,313
15629.0,29,0,0,0,29,0,313
15630.0,29,0,0,0,29,0,313
15631.0,29,0,0,0,29,0,313
15632.0,29,0,0,0,29,0,313
15633.0,29,0,0,0,29,0,313
15634.0,29,0,0,0,29,0,313
15635.0,29,0,0,0,29,0,313
15636.0,29,0,0,0,29,0,313
15637.0,29,0,0,0,29,0,313
15638.0,29,0,0,0,29,0,313
15639.0,29,0,0,0,29,0,313
15640.0,29,0,0,0,29,0,313
15641.0,29,0,0,0,29,0,313
15642.0,29,0,0,0,29,0,313
15643.0,29,0,0,0,29,0,313
15644.0,29,0,0,0,29,0,313
15645.0,29,0,0,0,29,0,313
15646.0,29,0,0,0,29,0,313
15647.0,29,0,0,0,29,0,313
15648.0,29,0,0,0,29,0,313
15649.0,29,0,0,0,29,0,313
15650.0,29,0,0,0,29,0,313
15651.0,29,0,0,0,29,0,313
15652.0,29,0,0,0,29,0,313
15653.0,29,0,0,0,29,0,313
15654.0,29,0,0,0,29,0,313
15655.0,29,0,0,0,29,0,313
15656.0,29,0,0,0,29,0,313
15657.0,29,0,0,0,29,0,313
15658.0,29,0,0,0,29,0,313
15659.0,29,0,0,0,29,0,313
15660.0,29,0,0,0,29,0,313
15661.0,29,0,0,0,29,0,313
15662.0,29,0,0,0,29,0,313
15663.0,29,0,0,0,29,0,313
15664.0,29,0,0,0,29,0,313
15665.0,29,0,0,0,29,0,313
15666.0,29,0,0,0,29,0,313
15667.0,29,0,0,0,29,0,313
15668.0,29,0,0,0,29,0,313
15669.0,29,0,0,0,29,0,313
15670.0,29,0,0,0,29,0,313
15671.0,29,0,0,0,29,0,313
15672.0,29,0,0,0,29,0,313
15673.0,29,0,0,0,29,0,313
15674.0,29,0,0,0,29,0,313
15675.0,29,0,0,0,29,0,313
15676.0,29,0,0,0,29,0,313
15677.0,29,0,0,0,29,0,313
15678.0,29,0,0,0,29,0,313
15679.0,29,0,0,0,29,0,313
15680.0,29,0,0,0,29,0,313
15681.0,29,0,0,0,29,0,313
15682.0,29,0,0,0,29,0,313
15683.0,29,0,0,0,29,0,313
15684.0,29,0,0,0,29,0,313
15685.0,29,0,0,0,29,0,313
15686.0,29,0,0,0,29,0,313
15687.0,29,0,0,0,29,0,313
15688.0,29,0,0,0,29,0,313
15689.0,29,0,0,0,29,0,313
15690.0,29,0,0,0,29,0,313
15691.0,29,0,0,0,29,0,313
15692.0,29,0,0,0,29,0,313
15693.0,29,0,0,0,29,0,313
15694.0,29,0,0,0,29,0,313
15695.0,29,0,0,0,29,0,313
15696.0,29,0,0,0,29,0,313
15697.0,29,0,0,0,29,0,313
15698.0,29,0,0,0,29,0,313
15699.0,29,0,0,0,29,0,313
15700.0,29,0,0,0,29,0,313
15701.0,29,0,0,0,29,0,313
15702.0,29,0,0,0,29,0,313
15703.0,29,0,0,0,29,0,313
15704.0,29,0,0,0,29,0,313
15705.0,29,0,0,0,29,0,313
15706.0,29,0,0,0,29,0,313
15707.0,29,0,0,0,29,0,313
15708.0,29,0,0,0,29,0,313
15709.0,29,0,0,0,29,0,313
15710.0,29,0,0,0,29,0,313
15711.0,29,0,0,0,29,0,313
15712.0,29,0,0,0,29,0,313
15713.0,29,0,0,0,29,0,313
15714.0,29,0,0,0,29,0,313
15715.0,29,0,0,0,29,0,313
15716.0,29,0,0,0,29,0,313
15717.0,29,0,0,0,29,0,313
15718.0,29,0,0,0,29,0,313
15719.0,29,0,0,0,29,0,313
15720.0,29,0,0,0,29,0,313
15721.0,29,0,0,0,29,0,313
15722.0,29,0,0,0,29,0,313
15723.0,29,0,0,0,29,0,313
15724.0,29,0,0,0,29,0,313
15725.0,29,0,0,0,29,0,313
15726.0,29,0,0,0,29,0,313
15727.0,29,0,0,0,29,0,313
15728.0,29,0,0,0,29,0,313
15729.0,29,0,0,0,29,0,313
15730.0,29,0,0,0,29,0,313
15731.0,29,0,0,0,29,0,313
15732.0,29,0,0,0,29,0,313
15733.0,29,0,0,0,29,0,313
15734.0,29,0,0,0,29,0,313
15735.0,29,0,0,0,29,0,313
15736.0,29,0,0,0,29,0,313
15737.0,29,0,0,0,29,0,313
15738.0,29,0,0,0,29,0,313
15739.0,29,0,0,0,29,0,313
15740.0,29,0,0,0,29,0,313
15741.0,29,0,0,0,29,0,313
15742.0,29,0,0,0,29,0,313
15743.0,29,0,0,0,29,0,313
15744.0,29,0,0,0,29,0,313
15745.0,29,0,0,0,29,0,313
15746.0,29,0,0,0,29,0,313
15747.0,29,0,0,0,29,0,313
15748.0,29,0,0,0,29,0,313
15749.0,29,0,0,0,29,0,313
15750.0,29,0,0,0,29,0,313
15751.0,29,0,0,0,29,0,313
15752.0,29,0,0,0,29,0,313
15753.0,29,0,0,0,29,0,313
15754.0,29,0,0,0,29,0,313
15755.0,29,0,0,0,29,0,313
15756.0,29,0,0,0,29,0,313
15757.0,29,0,0,0,29,0,313
15758.0,29,0,0,0,29,0,313
15759.0,29,0,0,0,29,0,313
15760.0,29,0,0,0,29,0,313
15761.0,29,0,0,0,29,0,313
15762.0,29,0,0,0,29,0,313
15763.0,29,0,0,0,29,0,313
15764.0,29,0,0,0,29,0,313
15765.0,29,0,0,0,29,0,313
15766.0,29,0,0,0,29,0,313
15767.0,29,0,0,0,29,0,313
15768.0,29,0,0,0,29,0,313
15769.0,29,0,0,0,29,0,313
15770.0,29,0,0,0,29,0,313
15771.0,29,0,0,0,29,0,313
15772.0,29,0,0,0,29,0,313
15773.0,29,0,0,0,29,0,313
15774.0,29,0,0,0,29,0,313
15775.0,29,0,0,0,29,0,313
15776.0,29,0,0,0,29,0,313
15777.0,29,0,0,0,29,0,313
15778.0,29,0,0,0,29,0,313
15779.0,29,0,0,0,29,0,313
15780.0,29,0,0,0,29,0,313
15781.0,29,0,0,0,29,0,313
15782.0,29,0,0,0,29,0,313
15783.0,29,0,0,0,29,0,313
15784.0,29,0,0,0,29,0,313
15785.0,29,0,0,0,29,0,313
15786.0,29,0,0,0,29,0,313
15787.0,29,0,0,0,29,0,313
15788.0,29,0,0,0,29,0,313
15789.0,29,0,0,0,29,0,313
15790.0,29,0,0,0,29,0,313
15791.0,29,0,0,0,29,0,313
15792.0,29,0,0,0,29,0,313
15793.0,29,0,0,0,29,0,313
15794.0,29,0,0,0,29,0,313
15795.0,29,0,0,0,29,0,313
15796.0,29,0,0,0,29,0,313
15797.0,29,0,0,0,29,0,313
15798.0,29,0,0,0,29,0,313
15799.0,29,0,0,0,29,0,313
15800.0,29,0,0,0,29,0,313
15801.0,29,0,0,0,29,0,313
15802.0,29,0,0,0,29,0,313
15803.0,29,0,0,0,29,0,313
15804.0,29,0,0,0,29,0,313
15805.0,29,0,0,0,29,0,313
15806.0,29,0,0,0,29,0,313
15807.0,29,0,0,0,29,0,313
15808.0,29,0,0,0,29,0,313
15809.0,29,0,0,0,29,0,313
15810.0,29,0,0,0,29,0,313
15811.0,29,0,0,0,29,0,313
15812.0,29,0,0,0,29,0,313
15813.0,29,0,0,0,29,0,313
15814.0,29,0,0,0,29,0,313
15815.0,29,0,0,0,29,0,313
15816.0,29,0,0,0,29,0,313
15817.0,29,0,0,0,29,0,313
15818.0,29,0,0,0,29,0,313
15819.0,29,0,0,0,29,0,313
15820.0,29,0,0,0,29,0,313
15821.0,29,0,0,0,29,0,313
15822.0,29,0,0,0,29,0,313
15823.0,29,0,0,0,29,0,313
15824.0,29,0,0,0,29,0,313
15825.0,29,0,0,0,29,0,313
15826.0,29,0,0,0,29,0,313
15827.0,29,0,0,0,29,0,313
15828.0,29,0,0,0,29,0,313
15829.0,29,0,0,0,29,0,313
15830.0,29,0,0,0,29,0,313
15831.0,29,0,0,0,29,0,313
15832.0,29,0,0,0,29,0,313
15833.0,29,0,0,0,29,0,313
15834.0,29,0,0,0,29,0,313
15835.0,29,0,0,0,29,0,313
15836.0,29,0,0,0,29,0,313
15837.0,29,0,0,0,29,0,313
15838.0,29,0,0,0,29,0,313
15839.0,29,0,0,0,29,0,313
15840.0,29,0,0,0,29,0,313
15841.0,29,0,0,0,29,0,313
15842.0,29,0,0,0,29,0,313
15843.0,29,0,0,0,29,0,313
15844.0,29,0,0,0,29,0,313
15845.0,29,0,0,0,29,0,313
15846.0,29,0,0,0,29,0,313
15847.0,29,0,0,0,29,0,313
15848.0,29,0,0,0,29,0,313
15849.0,29,0,0,0,29,0,313
15850.0,29,0,0,0,29,0,313
15851.0,29,0,0,0,29,0,313
15852.0,29,0,0,0,29,0,313
15853.0,29,0,0,0,29,0,313
15854.0,29,0,0,0,29,0,313
15855.0,29,0,0,0,29,0,313
15856.0,29,0,0,0,29,0,313
15857.0,29,0,0,0,29,0,313
15858.0,29,0,0,0,29,0,313
15859.0,29,0,0,0,29,0,313
15860.0,29,0,0,0,29,0,313
15861.0,29,0,0,0,29,0,313
15862.0,29,0,0,0,29,0,313
15863.0,29,0,0,0,29,0,313
15864.0,29,0,0,0,29,0,313
15865.0,29,0,0,0,29,0,313
15866.0,29,0,0,0,29,0,313
15867.0,29,0,0,0,29,0,313
15868.0,29,0,0,0,29,0,313
15869.0,29,0,0,0,29,0,313
15870.0,29,0,0,0,29,0,313
15871.0,29,0,0,0,29,0,313
15872.0,29,0,0,0,29,0,313
15873.0,29,0,0,0,29,0,313
15874.0,29,0,0,0,29,0,313
15875.0,29,0,0,0,29,0,313
15876.0,29,0,0,0,29,0,313
15877.0,29,0,0,0,29,0,313
15878.0,29,0,0,0,29,0,313
15879.0,29,0,0,0,29,0,313
15880.0,29,0,0,0,29,0,313
15881.0,29,0,0,0,29,0,313
15882.0,29,0,0,0,29,0,313
15883.0,29,0,0,0,29,0,313
15884.0,29,0,0,0,29,0,313
15885.0,29,0,0,0,29,0,313
15886.0,29,0,0,0,29,0,313
15887.0,29,0,0,0,29,0,313
15888.0,29,0,0,0,29,0,313
15889.0,29,0,0,0,29,0,313
15890.0,29,0,0,0,29,0,313
15891.0,29,0,0,0,29,0,313
15892.0,29,0,0,0,29,0,313
15893.0,29,0,0,0,29,0,313
15894.0,29,0,0,0,29,0,313
15895.0,29,0,0,0,29,0,313
15896.0,29,0,0,0,29,0,313
15897.0,29,0,0,0,29,0,313
15898.0,29,0,0,0,29,0,313
15899.0,29,0,0,0,29,0,313
15900.0,29,0,0,0,29,0,313
15901.0,29,0,0,0,29,0,313
15902.0,29,0,0,0,29,0,313
15903.0,29,0,0,0,29,0,313
15904.0,29,0,0,0,29,0,313
15905.0,29,0,0,0,29,0,313
15906.0,29,0,0,0,29,0,313
15907.0,29,0,0,0,29,0,313
15908.0,29,0,0,0,29,0,313
15909.0,29,0,0,0,29,0,313
15910.0,29,0,0,0,29,0,313
15911.0,29,0,0,0,29,0,313
15912.0,29,0,0,0,29,0,313
15913.0,29,0,0,0,29,0,313
15914.0,29,0,0,0,29,0,313
15915.0,29,0,0,0,29,0,313
15916.0,29,0,0,0,29,0,313
15917.0,29,0,0,0,29,0,313
15918.0,29,0,0,0,29,0,313
15919.0,29,0,0,0,29,0,313
15920.0,29,0,0,0,29,0,313
15921.0,29,0,0,0,29,0,313
15922.0,29,0,0,0,29,0,313
15923.0,29,0,0,0,29,0,313
15924.0,29,0,0,0,29,0,313
15925.0,29,0,0,0,29,0,313
15926.0,29,0,0,0,29,0,313
15927.0,29,0,0,0,29,0,313
15928.0,29,0,0,0,29,0,313
15929.0,29,0,0,0,29,0,313
15930.0,29,0,0,0,29,0,313
15931.0,29,0,0,0,29,0,313
15932.0,29,0,0,0,29,0,313
15933.0,29,0,0,0,29,0,313
15934.0,29,0,0,0,29,0,313
15935.0,29,0,0,0,29,0,313
15936.0,29,0,0,0,29,0,313
15937.0,29,0,0,0,29,0,313
15938.0,29,0,0,0,29,0,313
15939.0,29,0,0,0,29,0,313
15940.0,29,0,0,0,29,0,313
15941.0,29,0,0,0,29,0,313
15942.0,29,0,0,0,29,0,313
15943.0,29,0,0,0,29,0,313
15944.0,29,0,0,0,29,0,313
15945.0,29,0,0,0,29,0,313
15946.0,29,0,0,0,29,0,313
15947.0,29,0,0,0,29,0,313
15948.0,29,0,0,0,29,0,313
15949.0,29,0,0,0,29,0,313
15950.0,29,0,0,0,29,0,313
15951.0,29,0,0,0,29,0,313
15952.0,29,0,0,0,29,0,313
15953.0,29,0,0,0,29,0,313
15954.0,29,0,0,0,29,0,313
15955.0,29,0,0,0,29,0,313
15956.0,29,0,0,0,29,0,313
15957.0,29,0,0,0,29,0,313
15958.0,29,0,0,0,29,0,313
15959.0,29,0,0,0,29,0,313
15960.0,29,0,0,0,29,0,313
15961.0,29,0,0,0,29,0,313
15962.0,29,0,0,0,29,0,313
15963.0,29,0,0,0,29,0,313
15964.0,29,0,0,0,29,0,313
15965.0,29,0,0,0,29,0,313
15966.0,29,0,0,0,29,0,313
15967.0,29,0,0,0,29,0,313
15968.0,29,0,0,0,29,0,313
15969.0,29,0,0,0,29,0,313
15970.0,29,0,0,0,29,0,313
15971.0,29,0,0,0,29,0,313
15972.0,29,0,0,0,29,0,313
15973.0,29,0,0,0,29,0,313
15974.0,29,0,0,0,29,0,313
15975.0,29,0,0,0,29,0,313
15976.0,29,0,0,0,29,0,313
15977.0,29,0,0,0,29,0,313
15978.0,29,0,0,0,29,0,313
15979.0,29,0,0,0,29,0,313
15980.0,29,0,0,0,29,0,313
15981.0,29,0,0,0,29,0,313
15982.0,29,0,0,0,29,0,313
15983.0,29,0,0,0,29,0,313
15984.0,29,0,0,0,29,0,313
15985.0,29,0,0,0,29,0,313
15986.0,29,0,0,0,29,0,313
15987.0,29,0,0,0,29,0,313
15988.0,29,0,0,0,29,0,313
15989.0,29,0,0,0,29,0,313
15990.0,29,0,0,0,29,0,313
15991.0,29,0,0,0,29,0,313
15992.0,29,0,0,0,29,0,313
15993.0,29,0,0,0,29,0,313
15994.0,29,0,0,0,29,0,313
15995.0,29,0,0,0,29,0,313
15996.0,29,0,0,0,29,0,313
15997.0,29,0,0,0,29,0,313
15998.0,29,0,0,0,29,0,313
15999.0,29,0,0,0,29,0,313
16000.0,29,0,0,0,29,0,313
16001.0,29,0,0,0,29,0,313
16002.0,29,0,0,0,29,0,313
16003.0,29,0,0,0,29,0,313
16004.0,29,0,0,0,29,0,313
16005.0,29,0,0,0,29,0,313
16006.0,29,0,0,0,29,0,313
16007.0,29,0,0,0,29,0,313
16008.0,29,0,0,0,29,0,313
16009.0,29,0,0,0,29,0,313
16010.0,29,0,0,0,29,0,313
16011.0,29,0,0,0,29,0,313
16012.0,29,0,0,0,29,0,313
16013.0,29,0,0,0,29,0,313
16014.0,29,0,0,0,29,0,313
16015.0,29,0,0,0,29,0,313
16016.0,29,0,0,0,29,0,313
16017.0,29,0,0,0,29,0,313
16018.0,29,0,0,0,29,0,313
16019.0,29,0,0,0,29,0,313
16020.0,29,0,0,0,29,0,313
16021.0,29,0,0,0,29,0,313
16022.0,29,0,0,0,29,0,313
16023.0,29,0,0,0,29,0,313
16024.0,29,0,0,0,29,0,313
16025.0,29,0,0,0,29,0,313
16026.0,29,0,0,0,29,0,313
16027.0,29,0,0,0,29,0,313
16028.0,29,0,0,0,29,0,313
16029.0,29,0,0,0,29,0,313
16030.0,29,0,0,0,29,0,313
16031.0,29,0,0,0,29,0,313
16032.0,29,0,0,0,29,0,313
16033.0,29,0,0,0,29,0,313
16034.0,29,0,0,0,29,0,313
16035.0,29,0,0,0,29,0,313
16036.0,29,0,0,0,29,0,313
16037.0,29,0,0,0,29,0,313
16038.0,29,0,0,0,29,0,313
16039.0,29,0,0,0,29,0,313
16040.0,29,0,0,0,29,0,313
16041.0,29,0,0,0,29,0,313
16042.0,29,0,0,0,29,0,313
16043.0,29,0,0,0,29,0,313
16044.0,29,0,0,0,29,0,313
16045.0,29,0,0,0,29,0,313
16046.0,29,0,0,0,29,0,313
16047.0,29,0,0,0,29,0,313
16048.0,29,0,0,0,29,0,313
16049.0,29,0,0,0,29,0,313
16050.0,29,0,0,0,29,0,313
16051.0,29,0,0,0,29,0,313
16052.0,29,0,0,0,29,0,313
16053.0,29,0,0,0,29,0,313
16054.0,29,0,0,0,29,0,313
16055.0,29,0,0,0,29,0,313
16056.0,29,0,0,0,29,0,313
16057.0,29,0,0,0,29,0,313
16058.0,29,0,0,0,29,0,313
16059.0,29,0,0,0,29,0,313
16060.0,29,0,0,0,29,0,313
16061.0,29,0,0,0,29,0,313
16062.0,29,0,0,0,29,0,313
16063.0,29,0,0,0,29,0,313
16064.0,29,0,0,0,29,0,313
16065.0,29,0,0,0,29,0,313
16066.0,29,0,0,0,29,0,313
16067.0,29,0,0,0,29,0,313
16068.0,29,0,0,0,29,0,313
16069.0,29,0,0,0,29,0,313
16070.0,29,0,0,0,29,0,313
16071.0,29,0,0,0,29,0,313
16072.0,29,0,0,0,29,0,313
16073.0,29,0,0,0,29,0,313
16074.0,29,0,0,0,29,0,313
16075.0,29,0,0,0,29,0,313
16076.0,29,0,0,0,29,0,313
16077.0,29,0,0,0,29,0,313
16078.0,29,0,0,0,29,0,313
16079.0,29,0,0,0,29,0,313
16080.0,29,0,0,0,29,0,313
16081.0,29,0,0,0,29,0,313
16082.0,29,0,0,0,29,0,313
16083.0,29,0,0,0,29,0,313
16084.0,29,0,0,0,29,0,313
16085.0,29,0,0,0,29,0,313
16086.0,29,0,0,0,29,0,313
16087.0,29,0,0,0,29,0,313
16088.0,29,0,0,0,29,0,313
16089.0,29,0,0,0,29,0,313
16090.0,29,0,0,0,29,0,313
16091.0,29,0,0,0,29,0,313
16092.0,29,0,0,0,29,0,313
16093.0,29,0,0,0,29,0,313
16094.0,29,0,0,0,29,0,313
16095.0,29,0,0,0,29,0,313
16096.0,29,0,0,0,29,0,313
16097.0,29,0,0,0,29,0,313
16098.0,29,0,0,0,29,0,313
16099.0,29,0,0,0,29,0,313
16100.0,29,0,0,0,29,0,313
16101.0,29,0,0,0,29,0,313
16102.0,29,0,0,0,29,0,313
16103.0,29,0,0,0,29,0,313
16104.0,29,0,0,0,29,0,313
16105.0,29,0,0,0,29,0,313
16106.0,29,0,0,0,29,0,313
16107.0,29,0,0,0,29,0,313
16108.0,29,0,0,0,29,0,313
16109.0,29,0,0,0,29,0,313
16110.0,29,0,0,0,29,0,313
16111.0,29,0,0,0,29,0,313
16112.0,29,0,0,0,29,0,313
16113.0,29,0,0,0,29,0,313
16114.0,29,0,0,0,29,0,313
16115.0,29,0,0,0,29,0,313
16116.0,29,0,0,0,29,0,313
16117.0,29,0,0,0,29,0,313
16118.0,29,0,0,0,29,0,313
16119.0,29,0,0,0,29,0,313
16120.0,29,0,0,0,29,0,313
16121.0,29,0,0,0,29,0,313
16122.0,29,0,0,0,29,0,313
16123.0,29,0,0,0,29,0,313
16124.0,29,0,0,0,29,0,313
16125.0,29,0,0,0,29,0,313
16126.0,29,0,0,0,29,0,313
16127.0,29,0,0,0,29,0,313
16128.0,29,0,0,0,29,0,313
16129.0,29,0,0,0,29,0,313
16130.0,29,0,0,0,29,0,313
16131.0,29,0,0,0,29,0,313
16132.0,29,0,0,0,29,0,313
16133.0,29,0,0,0,29,0,313
16134.0,29,0,0,0,29,0,313
16135.0,29,0,0,0,29,0,313
16136.0,29,0,0,0,29,0,313
16137.0,29,0,0,0,29,0,313
16138.0,29,0,0,0,29,0,313
16139.0,29,0,0,0,29,0,313
16140.0,29,0,0,0,29,0,313
16141.0,29,0,0,0,29,0,313
16142.0,29,0,0,0,29,0,313
16143.0,29,0,0,0,29,0,313
16144.0,29,0,0,0,29,0,313
16145.0,29,0,0,0,29,0,313
16146.0,29,0,0,0,29,0,313
16147.0,29,0,0,0,29,0,313
16148.0,29,0,0,0,29,0,313
16149.0,29,0,0,0,29,0,313
16150.0,29,0,0,0,29,0,313
16151.0,29,0,0,0,29,0,313
16152.0,29,0,0,0,29,0,313
16153.0,29,0,0,0,29,0,313
16154.0,29,0,0,0,29,0,313
16155.0,29,0,0,0,29,0,313
16156.0,29,0,0,0,29,0,313
16157.0,29,0,0,0,29,0,313
16158.0,29,0,0,0,29,0,313
16159.0,29,0,0,0,29,0,313
16160.0,29,0,0,0,29,0,313
16161.0,29,0,0,0,29,0,313
16162.0,29,0,0,0,29,0,313
16163.0,29,0,0,0,29,0,313
16164.0,29,0,0,0,29,0,313
16165.0,29,0,0,0,29,0,313
16166.0,29,0,0,0,29,0,313
16167.0,29,0,0,0,29,0,313
16168.0,29,0,0,0,29,0,313
16169.0,29,0,0,0,29,0,313
16170.0,29,0,0,0,29,0,313
16171.0,29,0,0,0,29,0,313
16172.0,29,0,0,0,29,0,313
16173.0,29,0,0,0,29,0,313
16174.0,29,0,0,0,29,0,313
16175.0,29,0,0,0,29,0,313
16176.0,29,0,0,0,29,0,313
16177.0,29,0,0,0,29,0,313
16178.0,29,0,0,0,29,0,313
16179.0,29,0,0,0,29,0,313
16180.0,29,0,0,0,29,0,313
16181.0,29,0,0,0,29,0,313
16182.0,29,0,0,0,29,0,313
16183.0,29,0,0,0,29,0,313
16184.0,29,0,0,0,29,0,313
16185.0,29,0,0,0,29,0,313
16186.0,29,0,0,0,29,0,313
16187.0,29,0,0,0,29,0,313
16188.0,29,0,0,0,29,0,313
16189.0,29,0,0,0,29,0,313
16190.0,29,0,0,0,29,0,313
16191.0,29,0,0,0,29,0,313
16192.0,29,0,0,0,29,0,313
16193.0,29,0,0,0,29,0,313
16194.0,29,0,0,0,29,0,313
16195.0,29,0,0,0,29,0,313
16196.0,29,0,0,0,29,0,313
16197.0,29,0,0,0,29,0,313
16198.0,29,0,0,0,29,0,313
16199.0,29,0,0,0,29,0,313
16200.0,29,0,0,0,29,0,313
16201.0,29,0,0,0,29,0,313
16202.0,29,0,0,0,29,0,313
16203.0,29,0,0,0,29,0,313
16204.0,29,0,0,0,29,0,313
16205.0,29,0,0,0,29,0,313
16206.0,29,0,0,0,29,0,313
16207.0,29,0,0,0,29,0,313
16208.0,29,0,0,0,29,0,313
16209.0,29,0,0,0,29,0,313
16210.0,29,0,0,0,29,0,313
16211.0,29,0,0,0,29,0,313
16212.0,29,0,0,0,29,0,313
16213.0,29,0,0,0,29,0,313
16214.0,29,0,0,0,29,0,313
16215.0,29,0,0,0,29,0,313
16216.0,29,0,0,0,29,0,313
16217.0,29,0,0,0,29,0,313
16218.0,29,0,0,0,29,0,313
16219.0,29,0,0,0,29,0,313
16220.0,29,0,0,0,29,0,313
16221.0,29,0,0,0,29,0,313
16222.0,29,0,0,0,29,0,313
16223.0,29,0,0,0,29,0,313
16224.0,29,0,0,0,29,0,313
16225.0,29,0,0,0,29,0,313
16226.0,29,0,0,0,29,0,313
16227.0,29,0,0,0,29,0,313
16228.0,29,0,0,0,29,0,313
16229.0,29,0,0,0,29,0,313
16230.0,29,0,0,0,29,0,313
16231.0,29,0,0,0,29,0,313
16232.0,29,0,0,0,29,0,313
16233.0,29,0,0,0,29,0,313
16234.0,29,0,0,0,29,0,313
16235.0,29,0,0,0,29,0,313
16236.0,29,0,0,0,29,0,313
16237.0,29,0,0,0,29,0,313
16238.0,29,0,0,0,29,0,313
16239.0,29,0,0,0,29,0,313
16240.0,29,0,0,0,29,0,313
16241.0,29,0,0,0,29,0,313
16242.0,29,0,0,0,29,0,313
16243.0,29,0,0,0,29,0,313
16244.0,29,0,0,0,29,0,313
16245.0,29,0,0,0,29,0,313
16246.0,29,0,0,0,29,0,313
16247.0,29,0,0,0,29,0,313
16248.0,29,0,0,0,29,0,313
16249.0,29,0,0,0,29,0,313
16250.0,29,0,0,0,29,0,313
16251.0,29,0,0,0,29,0,313
16252.0,29,0,0,0,29,0,313
16253.0,29,0,0,0,29,0,313
16254.0,29,0,0,0,29,0,313
16255.0,29,0,0,0,29,0,313
16256.0,29,0,0,0,29,0,313
16257.0,29,0,0,0,29,0,313
16258.0,29,0,0,0,29,0,313
16259.0,29,0,0,0,29,0,313
16260.0,29,0,0,0,29,0,313
16261.0,29,0,0,0,29,0,313
16262.0,29,0,0,0,29,0,313
16263.0,29,0,0,0,29,0,313
16264.0,29,0,0,0,29,0,313
16265.0,29,0,0,0,29,0,313
16266.0,29,0,0,0,29,0,313
16267.0,29,0,0,0,29,0,313
16268.0,29,0,0,0,29,0,313
16269.0,29,0,0,0,29,0,313
16270.0,29,0,0,0,29,0,313
16271.0,29,0,0,0,29,0,313
16272.0,29,0,0,0,29,0,313
16273.0,29,0,0,0,29,0,313
16274.0,29,0,0,0,29,0,313
16275.0,29,0,0,0,29,0,313
16276.0,29,0,0,0,29,0,313
16277.0,29,0,0,0,29,0,313
16278.0,29,0,0,0,29,0,313
16279.0,29,0,0,0,29,0,313
16280.0,29,0,0,0,29,0,313
16281.0,29,0,0,0,29,0,313
16282.0,29,0,0,0,29,0,313
16283.0,29,0,0,0,29,0,313
16284.0,29,0,0,0,29,0,313
16285.0,29,0,0,0,29,0,313
16286.0,29,0,0,0,29,0,313
16287.0,29,0,0,0,29,0,313
16288.0,29,0,0,0,29,0,313
16289.0,29,0,0,0,29,0,313
16290.0,29,0,0,0,29,0,313
16291.0,29,0,0,0,29,0,313
16292.0,29,0,0,0,29,0,313
16293.0,29,0,0,0,29,0,313
16294.0,29,0,0,0,29,0,313
16295.0,29,0,0,0,29,0,313
16296.0,29,0,0,0,29,0,313
16297.0,29,0,0,0,29,0,313
16298.0,29,0,0,0,29,0,313
16299.0,29,0,0,0,29,0,313
16300.0,29,0,0,0,29,0,313
16301.0,29,0,0,0,29,0,313
16302.0,29,0,0,0,29,0,313
16303.0,29,0,0,0,29,0,313
16304.0,29,0,0,0,29,0,313
16305.0,29,0,0,0,29,0,313
16306.0,29,0,0,0,29,0,313
16307.0,29,0,0,0,29,0,313
16308.0,29,0,0,0,29,0,313
16309.0,29,0,0,0,29,0,313
16310.0,29,0,0,0,29,0,313
16311.0,29,0,0,0,29,0,313
16312.0,29,0,0,0,29,0,313
16313.0,29,0,0,0,29,0,313
16314.0,29,0,0,0,29,0,313
16315.0,29,0,0,0,29,0,313
16316.0,29,0,0,0,29,0,313
16317.0,29,0,0,0,29,0,313
16318.0,29,0,0,0,29,0,313
16319.0,29,0,0,0,29,0,313
16320.0,29,0,0,0,29,0,313
16321.0,29,0,0,0,29,0,313
16322.0,29,0,0,0,29,0,313
16323.0,29,0,0,0,29,0,313
16324.0,29,0,0,0,29,0,313
16325.0,29,0,0,0,29,0,313
16326.0,29,0,0,0,29,0,313
16327.0,29,0,0,0,29,0,313
16328.0,29,0,0,0,29,0,313
16329.0,29,0,0,0,29,0,313
16330.0,29,0,0,0,29,0,313
16331.0,29,0,0,0,29,0,313
16332.0,29,0,0,0,29,0,313
16333.0,29,0,0,0,29,0,313
16334.0,29,0,0,0,29,0,313
16335.0,29,0,0,0,29,0,313
16336.0,29,0,0,0,29,0,313
16337.0,29,0,0,0,29,0,313
16338.0,29,0,0,0,29,0,313
16339.0,29,0,0,0,29,0,313
16340.0,29,0,0,0,29,0,313
16341.0,29,0,0,0,29,0,313
16342.0,29,0,0,0,29,0,313
16343.0,29,0,0,0,29,0,313
16344.0,29,0,0,0,29,0,313
16345.0,29,0,0,0,29,0,313
16346.0,29,0,0,0,29,0,313
16347.0,29,0,0,0,29,0,313
16348.0,29,0,0,0,29,0,313
16349.0,29,0,0,0,29,0,313
16350.0,29,0,0,0,29,0,313
16351.0,29,0,0,0,29,0,313
16352.0,29,0,0,0,29,0,313
16353.0,29,0,0,0,29,0,313
16354.0,29,0,0,0,29,0,313
16355.0,29,0,0,0,29,0,313
16356.0,29,0,0,0,29,0,313
16357.0,29,0,0,0,29,0,313
16358.0,29,0,0,0,29,0,313
16359.0,29,0,0,0,29,0,313
16360.0,29,0,0,0,29,0,313
16361.0,29,0,0,0,29,0,313
16362.0,29,0,0,0,29,0,313
16363.0,29,0,0,0,29,0,313
16364.0,29,0,0,0,29,0,313
16365.0,29,0,0,0,29,0,313
16366.0,29,0,0,0,29,0,313
16367.0,29,0,0,0,29,0,313
16368.0,29,0,0,0,29,0,313
16369.0,29,0,0,0,29,0,313
16370.0,29,0,0,0,29,0,313
16371.0,29,0,0,0,29,0,313
16372.0,29,0,0,0,29,0,313
16373.0,29,0,0,0,29,0,313
16374.0,29,0,0,0,29,0,313
16375.0,29,0,0,0,29,0,313
16376.0,29,0,0,0,29,0,313
16377.0,29,0,0,0,29,0,313
16378.0,29,0,0,0,29,0,313
16379.0,29,0,0,0,29,0,313
16380.0,29,0,0,0,29,0,313
16381.0,29,0,0,0,29,0,313
16382.0,29,0,0,0,29,0,313
16383.0,29,0,0,0,29,0,313
16384.0,29,0,0,0,29,0,313
16385.0,29,0,0,0,29,0,313
16386.0,29,0,0,0,29,0,313
16387.0,29,0,0,0,29,0,313
16388.0,29,0,0,0,29,0,313
16389.0,29,0,0,0,29,0,313
16390.0,29,0,0,0,29,0,313
16391.0,29,0,0,0,29,0,313
16392.0,29,0,0,0,29,0,313
16393.0,29,0,0,0,29,0,313
16394.0,29,0,0,0,29,0,313
16395.0,29,0,0,0,29,0,313
16396.0,29,0,0,0,29,0,313
16397.0,29,0,0,0,29,0,313
16398.0,29,0,0,0,29,0,313
16399.0,29,0,0,0,29,0,313
16400.0,29,0,0,0,29,0,313
16401.0,29,0,0,0,29,0,313
16402.0,29,0,0,0,29,0,313
16403.0,29,0,0,0,29,0,313
16404.0,29,0,0,0,29,0,313
16405.0,29,0,0,0,29,0,313
16406.0,29,0,0,0,29,0,313
16407.0,29,0,0,0,29,0,313
16408.0,29,0,0,0,29,0,313
16409.0,29,0,0,0,29,0,313
16410.0,29,0,0,0,29,0,313
16411.0,29,0,0,0,29,0,313
16412.0,29,0,0,0,29,0,313
16413.0,29,0,0,0,29,0,313
16414.0,29,0,0,0,29,0,313
16415.0,29,0,0,0,29,0,313
16416.0,29,0,0,0,29,0,313
16417.0,29,0,0,0,29,0,313
16418.0,29,0,0,0,29,0,313
16419.0,29,0,0,0,29,0,313
16420.0,29,0,0,0,29,0,313
16421.0,29,0,0,0,29,0,313
16422.0,29,0,0,0,29,0,313
16423.0,29,0,0,0,29,0,313
16424.0,29,0,0,0,29,0,313
16425.0,29,0,0,0,29,0,313
16426.0,29,0,0,0,29,0,313
16427.0,29,0,0,0,29,0,313
16428.0,29,0,0,0,29,0,313
16429.0,29,0,0,0,29,0,313
16430.0,29,0,0,0,29,0,313
16431.0,29,0,0,0,29,0,313
16432.0,29,0,0,0,29,0,313
16433.0,29,0,0,0,29,0,313
16434.0,29,0,0,0,29,0,313
16435.0,29,0,0,0,29,0,313
16436.0,29,0,0,0,29,0,313
16437.0,29,0,0,0,29,0,313
16438.0,29,0,0,0,29,0,313
16439.0,29,0,0,0,29,0,313
16440.0,29,0,0,0,29,0,313
16441.0,29,0,0,0,29,0,313
16442.0,29,0,0,0,29,0,313
16443.0,29,0,0,0,29,0,313
16444.0,29,0,0,0,29,0,313
16445.0,29,0,0,0,29,0,313
16446.0,29,0,0,0,29,0,313
16447.0,29,0,0,0,29,0,313
16448.0,29,0,0,0,29,0,313
16449.0,29,0,0,0,29,0,313
16450.0,29,0,0,0,29,0,313
16451.0,29,0,0,0,29,0,313
16452.0,29,0,0,0,29,0,313
16453.0,29,0,0,0,29,0,313
16454.0,29,0,0,0,29,0,313
16455.0,29,0,0,0,29,0,313
16456.0,29,0,0,0,29,0,313
16457.0,29,0,0,0,29,0,313
16458.0,29,0,0,0,29,0,313
16459.0,29,0,0,0,29,0,313
16460.0,29,0,0,0,29,0,313
16461.0,29,0,0,0,29,0,313
16462.0,29,0,0,0,29,0,313
16463.0,29,0,0,0,29,0,313
16464.0,29,0,0,0,29,0,313
16465.0,29,0,0,0,29,0,313
16466.0,29,0,0,0,29,0,313
16467.0,29,0,0,0,29,0,313
16468.0,29,0,0,0,29,0,313
16469.0,29,0,0,0,29,0,313
16470.0,29,0,0,0,29,0,313
16471.0,29,0,0,0,29,0,313
16472.0,29,0,0,0,29,0,313
16473.0,29,0,0,0,29,0,313
16474.0,29,0,0,0,29,0,313
16475.0,29,0,0,0,29,0,313
16476.0,29,0,0,0,29,0,313
16477.0,29,0,0,0,29,0,313
16478.0,29,0,0,0,29,0,313
16479.0,29,0,0,0,29,0,313
16480.0,29,0,0,0,29,0,313
16481.0,29,0,0,0,29,0,313
16482.0,29,0,0,0,29,0,313
16483.0,29,0,0,0,29,0,313
16484.0,29,0,0,0,29,0,313
16485.0,29,0,0,0,29,0,313
16486.0,29,0,0,0,29,0,313
16487.0,29,0,0,0,29,0,313
16488.0,29,0,0,0,29,0,313
16489.0,29,0,0,0,29,0,313
16490.0,29,0,0,0,29,0,313
16491.0,29,0,0,0,29,0,313
16492.0,29,0,0,0,29,0,313
16493.0,29,0,0,0,29,0,313
16494.0,29,0,0,0,29,0,313
16495.0,29,0,0,0,29,0,313
16496.0,29,0,0,0,29,0,313
16497.0,29,0,0,0,29,0,313
16498.0,29,0,0,0,29,0,313
16499.0,29,0,0,0,29,0,313
16500.0,29,0,0,0,29,0,313
16501.0,29,0,0,0,29,0,313
16502.0,29,0,0,0,29,0,313
16503.0,29,0,0,0,29,0,313
16504.0,29,0,0,0,29,0,313
16505.0,29,0,0,0,29,0,313
16506.0,29,0,0,0,29,0,313
16507.0,29,0,0,0,29,0,313
16508.0,29,0,0,0,29,0,313
16509.0,29,0,0,0,29,0,313
16510.0,29,0,0,0,29,0,313
16511.0,29,0,0,0,29,0,313
16512.0,29,0,0,0,29,0,313
16513.0,29,0,0,0,29,0,313
16514.0,29,0,0,0,29,0,313
16515.0,29,0,0,0,29,0,313
16516.0,29,0,0,0,29,0,313
16517.0,29,0,0,0,29,0,313
16518.0,29,0,0,0,29,0,313
16519.0,29,0,0,0,29,0,313
16520.0,29,0,0,0,29,0,313
16521.0,29,0,0,0,29,0,313
16522.0,29,0,0,0,29,0,313
16523.0,29,0,0,0,29,0,313
16524.0,29,0,0,0,29,0,313
16525.0,29,0,0,0,29,0,313
16526.0,29,0,0,0,29,0,313
16527.0,29,0,0,0,29,0,313
16528.0,29,0,0,0,29,0,313
16529.0,29,0,0,0,29,0,313
16530.0,29,0,0,0,29,0,313
16531.0,29,0,0,0,29,0,313
16532.0,29,0,0,0,29,0,313
16533.0,29,0,0,0,29,0,313
16534.0,29,0,0,0,29,0,313
16535.0,29,0,0,0,29,0,313
16536.0,29,0,0,0,29,0,313
16537.0,29,0,0,0,29,0,313
16538.0,29,0,0,0,29,0,313
16539.0,29,0,0,0,29,0,313
16540.0,29,0,0,0,29,0,313
16541.0,29,0,0,0,29,0,313
16542.0,29,0,0,0,29,0,313
16543.0,29,0,0,0,29,0,313
16544.0,29,0,0,0,29,0,313
16545.0,29,0,0,0,29,0,313
16546.0,29,0,0,0,29,0,313
16547.0,29,0,0,0,29,0,313
16548.0,29,0,0,0,29,0,313
16549.0,29,0,0,0,29,0,313
16550.0,29,0,0,0,29,0,313
16551.0,29,0,0,0,29,0,313
16552.0,29,0,0,0,29,0,313
16553.0,29,0,0,0,29,0,313
16554.0,29,0,0,0,29,0,313
16555.0,29,0,0,0,29,0,313
16556.0,29,0,0,0,29,0,313
16557.0,29,0,0,0,29,0,313
16558.0,29,0,0,0,29,0,313
16559.0,29,0,0,0,29,0,313
16560.0,29,0,0,0,29,0,313
16561.0,29,0,0,0,29,0,313
16562.0,29,0,0,0,29,0,313
16563.0,29,0,0,0,29,0,313
16564.0,29,0,0,0,29,0,313
16565.0,29,0,0,0,29,0,313
16566.0,29,0,0,0,29,0,313
16567.0,29,0,0,0,29,0,313
16568.0,29,0,0,0,29,0,313
16569.0,29,0,0,0,29,0,313
16570.0,29,0,0,0,29,0,313
16571.0,29,0,0,0,29,0,313
16572.0,29,0,0,0,29,0,313
16573.0,29,0,0,0,29,0,313
16574.0,29,0,0,0,29,0,313
16575.0,29,0,0,0,29,0,313
16576.0,29,0,0,0,29,0,313
16577.0,29,0,0,0,29,0,313
16578.0,29,0,0,0,29,0,313
16579.0,29,0,0,0,29,0,313
16580.0,29,0,0,0,29,0,313
16581.0,29,0,0,0,29,0,313
16582.0,29,0,0,0,29,0,313
16583.0,29,0,0,0,29,0,313
16584.0,29,0,0,0,29,0,313
16585.0,29,0,0,0,29,0,313
16586.0,29,0,0,0,29,0,313
16587.0,29,0,0,0,29,0,313
16588.0,29,0,0,0,29,0,313
16589.0,29,0,0,0,29,0,313
16590.0,29,0,0,0,29,0,313
16591.0,29,0,0,0,29,0,313
16592.0,29,0,0,0,29,0,313
16593.0,29,0,0,0,29,0,313
16594.0,29,0,0,0,29,0,313
16595.0,29,0,0,0,29,0,313
16596.0,29,0,0,0,29,0,313
16597.0,29,0,0,0,29,0,313
16598.0,29,0,0,0,29,0,313
16599.0,29,0,0,0,29,0,313
16600.0,29,0,0,0,29,0,313
16601.0,29,0,0,0,29,0,313
16602.0,29,0,0,0,29,0,313
16603.0,29,0,0,0,29,0,313
16604.0,29,0,0,0,29,0,313
16605.0,29,0,0,0,29,0,313
16606.0,29,0,0,0,29,0,313
16607.0,29,0,0,0,29,0,313
16608.0,29,0,0,0,29,0,313
16609.0,29,0,0,0,29,0,313
16610.0,29,0,0,0,29,0,313
16611.0,29,0,0,0,29,0,313
16612.0,29,0,0,0,29,0,313
16613.0,29,0,0,0,29,0,313
16614.0,29,0,0,0,29,0,313
16615.0,29,0,0,0,29,0,313
16616.0,29,0,0,0,29,0,313
16617.0,29,0,0,0,29,0,313
16618.0,29,0,0,0,29,0,313
16619.0,29,0,0,0,29,0,313
16620.0,29,0,0,0,29,0,313
16621.0,29,0,0,0,29,0,313
16622.0,29,0,0,0,29,0,313
16623.0,29,0,0,0,29,0,313
16624.0,29,0,0,0,29,0,313
16625.0,29,0,0,0,29,0,313
16626.0,29,0,0,0,29,0,313
16627.0,29,0,0,0,29,0,313
16628.0,29,0,0,0,29,0,313
16629.0,29,0,0,0,29,0,313
16630.0,29,0,0,0,29,0,313
16631.0,29,0,0,0,29,0,313
16632.0,29,0,0,0,29,0,313
16633.0,29,0,0,0,29,0,313
16634.0,29,0,0,0,29,0,313
16635.0,29,0,0,0,29,0,313
16636.0,29,0,0,0,29,0,313
16637.0,29,0,0,0,29,0,313
16638.0,29,0,0,0,29,0,313
16639.0,29,0,0,0,29,0,313
16640.0,29,0,0,0,29,0,313
16641.0,29,0,0,0,29,0,313
16642.0,29,0,0,0,29,0,313
16643.0,29,0,0,0,29,0,313
16644.0,29,0,0,0,29,0,313
16645.0,29,0,0,0,29,0,313
16646.0,29,0,0,0,29,0,313
16647.0,29,0,0,0,29,0,313
16648.0,29,0,0,0,29,0,313
16649.0,29,0,0,0,29,0,313
16650.0,29,0,0,0,29,0,313
16651.0,29,0,0,0,29,0,313
16652.0,29,0,0,0,29,0,313
16653.0,29,0,0,0,29,0,313
16654.0,29,0,0,0,29,0,313
16655.0,29,0,0,0,29,0,313
16656.0,29,0,0,0,29,0,313
16657.0,29,0,0,0,29,0,313
16658.0,29,0,0,0,29,0,313
16659.0,29,0,0,0,29,0,313
16660.0,29,0,0,0,29,0,313
16661.0,29,0,0,0,29,0,313
16662.0,29,0,0,0,29,0,313
16663.0,29,0,0,0,29,0,313
16664.0,29,0,0,0,29,0,313
16665.0,29,0,0,0,29,0,313
16666.0,29,0,0,0,29,0,313
16667.0,29,0,0,0,29,0,313
16668.0,29,0,0,0,29,0,313
16669.0,29,0,0,0,29,0,313
16670.0,29,0,0,0,29,0,313
16671.0,29,0,0,0,29,0,313
16672.0,29,0,0,0,29,0,313
16673.0,29,0,0,0,29,0,313
16674.0,29,0,0,0,29,0,313
16675.0,29,0,0,0,29,0,313
16676.0,29,0,0,0,29,0,313
16677.0,29,0,0,0,29,0,313
16678.0,29,0,0,0,29,0,313
16679.0,29,0,0,0,29,0,313
16680.0,29,0,0,0,29,0,313
16681.0,29,0,0,0,29,0,313
16682.0,29,0,0,0,29,0,313
16683.0,29,0,0,0,29,0,313
16684.0,29,0,0,0,29,0,313
16685.0,29,0,0,0,29,0,313
16686.0,29,0,0,0,29,0,313
16687.0,29,0,0,0,29,0,313
16688.0,29,0,0,0,29,0,313
16689.0,29,0,0,0,29,0,313
16690.0,29,0,0,0,29,0,313
16691.0,29,0,0,0,29,0,313
16692.0,29,0,0,0,29,0,313
16693.0,29,0,0,0,29,0,313
16694.0,29,0,0,0,29,0,313
16695.0,29,0,0,0,29,0,313
16696.0,29,0,0,0,29,0,313
16697.0,29,0,0,0,29,0,313
16698.0,29,0,0,0,29,0,313
16699.0,29,0,0,0,29,0,313
16700.0,29,0,0,0,29,0,313
16701.0,29,0,0,0,29,0,313
16702.0,29,0,0,0,29,0,313
16703.0,29,0,0,0,29,0,313
16704.0,29,0,0,0,29,0,313
16705.0,29,0,0,0,29,0,313
16706.0,29,0,0,0,29,0,313
16707.0,29,0,0,0,29,0,313
16708.0,29,0,0,0,29,0,313
16709.0,29,0,0,0,29,0,313
16710.0,29,0,0,0,29,0,313
16711.0,29,0,0,0,29,0,313
16712.0,29,0,0,0,29,0,313
16713.0,29,0,0,0,29,0,313
16714.0,29,0,0,0,29,0,313
16715.0,29,0,0,0,29,0,313
16716.0,29,0,0,0,29,0,313
16717.0,29,0,0,0,29,0,313
16718.0,29,0,0,0,29,0,313
16719.0,29,0,0,0,29,0,313
16720.0,29,0,0,0,29,0,313
16721.0,29,0,0,0,29,0,313
16722.0,29,0,0,0,29,0,313
16723.0,29,0,0,0,29,0,313
16724.0,29,0,0,0,29,0,313
16725.0,29,0,0,0,29,0,313
16726.0,29,0,0,0,29,0,313
16727.0,29,0,0,0,29,0,313
16728.0,29,0,0,0,29,0,313
16729.0,29,0,0,0,29,0,313
16730.0,29,0,0,0,29,0,313
16731.0,29,0,0,0,29,0,313
16732.0,29,0,0,0,29,0,313
16733.0,29,0,0,0,29,0,313
16734.0,29,0,0,0,29,0,313
16735.0,29,0,0,0,29,0,313
16736.0,29,0,0,0,29,0,313
16737.0,29,0,0,0,29,0,313
16738.0,29,0,0,0,29,0,313
16739.0,29,0,0,0,29,0,313
16740.0,29,0,0,0,29,0,313
16741.0,29,0,0,0,29,0,313
16742.0,29,0,0,0,29,0,313
16743.0,29,0,0,0,29,0,313
16744.0,29,0,0,0,29,0,313
16745.0,29,0,0,0,29,0,313
16746.0,29,0,0,0,29,0,313
16747.0,29,0,0,0,29,0,313
16748.0,29,0,0,0,29,0,313
16749.0,29,0,0,0,29,0,313
16750.0,29,0,0,0,29,0,313
16751.0,29,0,0,0,29,0,313
16752.0,29,0,0,0,29,0,313
16753.0,29,0,0,0,29,0,313
16754.0,29,0,0,0,29,0,313
16755.0,29,0,0,0,29,0,313
16756.0,29,0,0,0,29,0,313
16757.0,29,0,0,0,29,0,313
16758.0,29,0,0,0,29,0,313
16759.0,29,0,0,0,29,0,313
16760.0,29,0,0,0,29,0,313
16761.0,29,0,0,0,29,0,313
16762.0,29,0,0,0,29,0,313
16763.0,29,0,0,0,29,0,313
16764.0,29,0,0,0,29,0,313
16765.0,29,0,0,0,29,0,313
16766.0,29,0,0,0,29,0,313
16767.0,29,0,0,0,29,0,313
16768.0,29,0,0,0,29,0,313
16769.0,29,0,0,0,29,0,313
16770.0,29,0,0,0,29,0,313
16771.0,29,0,0,0,29,0,313
16772.0,29,0,0,0,29,0,313
16773.0,29,0,0,0,29,0,313
16774.0,29,0,0,0,29,0,313
16775.0,29,0,0,0,29,0,313
16776.0,29,0,0,0,29,0,313
16777.0,29,0,0,0,29,0,313
16778.0,29,0,0,0,29,0,313
16779.0,29,0,0,0,29,0,313
16780.0,29,0,0,0,29,0,313
16781.0,29,0,0,0,29,0,313
16782.0,29,0,0,0,29,0,313
16783.0,29,0,0,0,29,0,313
16784.0,29,0,0,0,29,0,313
16785.0,29,0,0,0,29,0,313
16786.0,29,0,0,0,29,0,313
16787.0,29,0,0,0,29,0,313
16788.0,29,0,0,0,29,0,313
16789.0,29,0,0,0,29,0,313
16790.0,29,0,0,0,29,0,313
16791.0,29,0,0,0,29,0,313
16792.0,29,0,0,0,29,0,313
16793.0,29,0,0,0,29,0,313
16794.0,29,0,0,0,29,0,313
16795.0,29,0,0,0,29,0,313
16796.0,29,0,0,0,29,0,313
16797.0,29,0,0,0,29,0,313
16798.0,29,0,0,0,29,0,313
16799.0,29,0,0,0,29,0,313
16800.0,29,0,0,0,29,0,313
16801.0,29,0,0,0,29,0,313
16802.0,29,0,0,0,29,0,313
16803.0,29,0,0,0,29,0,313
16804.0,29,0,0,0,29,0,313
16805.0,29,0,0,0,29,0,313
16806.0,29,0,0,0,29,0,313
16807.0,29,0,0,0,29,0,313
16808.0,29,0,0,0,29,0,313
16809.0,29,0,0,0,29,0,313
16810.0,29,0,0,0,29,0,313
16811.0,29,0,0,0,29,0,313
16812.0,29,0,0,0,29,0,313
16813.0,29,0,0,0,29,0,313
16814.0,29,0,0,0,29,0,313
16815.0,29,0,0,0,29,0,313
16816.0,29,0,0,0,29,0,313
16817.0,29,0,0,0,29,0,313
16818.0,29,0,0,0,29,0,313
16819.0,29,0,0,0,29,0,313
16820.0,29,0,0,0,29,0,313
16821.0,29,0,0,0,29,0,313
16822.0,29,0,0,0,29,0,313
16823.0,29,0,0,0,29,0,313
16824.0,29,0,0,0,29,0,313
16825.0,29,0,0,0,29,0,313
16826.0,29,0,0,0,29,0,313
16827.0,29,0,0,0,29,0,313
16828.0,29,0,0,0,29,0,313
16829.0,29,0,0,0,29,0,313
16830.0,29,0,0,0,29,0,313
16831.0,29,0,0,0,29,0,313
16832.0,29,0,0,0,29,0,313
16833.0,29,0,0,0,29,0,313
16834.0,29,0,0,0,29,0,313
16835.0,29,0,0,0,29,0,313
16836.0,29,0,0,0,29,0,313
16837.0,29,0,0,0,29,0,313
16838.0,29,0,0,0,29,0,313
16839.0,29,0,0,0,29,0,313
16840.0,29,0,0,0,29,0,313
16841.0,29,0,0,0,29,0,313
16842.0,29,0,0,0,29,0,313
16843.0,29,0,0,0,29,0,313
16844.0,29,0,0,0,29,0,313
16845.0,29,0,0,0,29,0,313
16846.0,29,0,0,0,29,0,313
16847.0,29,0,0,0,29,0,313
16848.0,29,0,0,0,29,0,313
16849.0,29,0,0,0,29,0,313
16850.0,29,0,0,0,29,0,313
16851.0,29,0,0,0,29,0,313
16852.0,29,0,0,0,29,0,313
16853.0,29,0,0,0,29,0,313
16854.0,29,0,0,0,29,0,313
16855.0,29,0,0,0,29,0,313
16856.0,29,0,0,0,29,0,313
16857.0,29,0,0,0,29,0,313
16858.0,29,0,0,0,29,0,313
16859.0,29,0,0,0,29,0,313
16860.0,29,0,0,0,29,0,313
16861.0,29,0,0,0,29,0,313
16862.0,29,0,0,0,29,0,313
16863.0,29,0,0,0,29,0,313
16864.0,29,0,0,0,29,0,313
16865.0,29,0,0,0,29,0,313
16866.0,29,0,0,0,29,0,313
16867.0,29,0,0,0,29,0,313
16868.0,29,0,0,0,29,0,313
16869.0,29,0,0,0,29,0,313
16870.0,29,0,0,0,29,0,313
16871.0,29,0,0,0,29,0,313
16872.0,29,0,0,0,29,0,313
16873.0,29,0,0,0,29,0,313
16874.0,29,0,0,0,29,0,313
16875.0,29,0,0,0,29,0,313
16876.0,29,0,0,0,29,0,313
16877.0,29,0,0,0,29,0,313
16878.0,29,0,0,0,29,0,313
16879.0,29,0,0,0,29,0,313
16880.0,29,0,0,0,29,0,313
16881.0,29,0,0,0,29,0,313
16882.0,29,0,0,0,29,0,313
16883.0,29,0,0,0,29,0,313
16884.0,29,0,0,0,29,0,313
16885.0,29,0,0,0,29,0,313
16886.0,29,0,0,0,29,0,313
16887.0,29,0,0,0,29,0,313
16888.0,29,0,0,0,29,0,313
16889.0,29,0,0,0,29,0,313
16890.0,29,0,0,0,29,0,313
16891.0,29,0,0,0,29,0,313
16892.0,29,0,0,0,29,0,313
16893.0,29,0,0,0,29,0,313
16894.0,29,0,0,0,29,0,313
16895.0,29,0,0,0,29,0,313
16896.0,29,0,0,0,29,0,313
16897.0,29,0,0,0,29,0,313
16898.0,29,0,0,0,29,0,313
16899.0,29,0,0,0,29,0,313
16900.0,29,0,0,0,29,0,313
16901.0,29,0,0,0,29,0,313
16902.0,29,0,0,0,29,0,313
16903.0,29,0,0,0,29,0,313
16904.0,29,0,0,0,29,0,313
16905.0,29,0,0,0,29,0,313
16906.0,29,0,0,0,29,0,313
16907.0,29,0,0,0,29,0,313
16908.0,29,0,0,0,29,0,313
16909.0,29,0,0,0,29,0,313
16910.0,29,0,0,0,29,0,313
16911.0,29,0,0,0,29,0,313
16912.0,29,0,0,0,29,0,313
16913.0,29,0,0,0,29,0,313
16914.0,29,0,0,0,29,0,313
16915.0,29,0,0,0,29,0,313
16916.0,29,0,0,0,29,0,313
16917.0,29,0,0,0,29,0,313
16918.0,29,0,0,0,29,0,313
16919.0,29,0,0,0,29,0,313
16920.0,29,0,0,0,29,0,313
16921.0,29,0,0,0,29,0,313
16922.0,29,0,0,0,29,0,313
16923.0,29,0,0,0,29,0,313
16924.0,29,0,0,0,29,0,313
16925.0,29,0,0,0,29,0,313
16926.0,29,0,0,0,29,0,313
16927.0,29,0,0,0,29,0,313
16928.0,29,0,0,0,29,0,313
16929.0,29,0,0,0,29,0,313
16930.0,29,0,0,0,29,0,313
16931.0,29,0,0,0,29,0,313
16932.0,29,0,0,0,29,0,313
16933.0,29,0,0,0,29,0,313
16934.0,29,0,0,0,29,0,313
16935.0,29,0,0,0,29,0,313
16936.0,29,0,0,0,29,0,313
16937.0,29,0,0,0,29,0,313
16938.0,29,0,0,0,29,0,313
16939.0,29,0,0,0,29,0,313
16940.0,29,0,0,0,29,0,313
16941.0,29,0,0,0,29,0,313
16942.0,29,0,0,0,29,0,313
16943.0,29,0,0,0,29,0,313
16944.0,29,0,0,0,29,0,313
16945.0,29,0,0,0,29,0,313
16946.0,29,0,0,0,29,0,313
16947.0,29,0,0,0,29,0,313
16948.0,29,0,0,0,29,0,313
16949.0,29,0,0,0,29,0,313
16950.0,29,0,0,0,29,0,313
16951.0,29,0,0,0,29,0,313
16952.0,29,0,0,0,29,0,313
16953.0,29,0,0,0,29,0,313
16954.0,29,0,0,0,29,0,313
16955.0,29,0,0,0,29,0,313
16956.0,29,0,0,0,29,0,313
16957.0,29,0,0,0,29,0,313
16958.0,29,0,0,0,29,0,313
16959.0,29,0,0,0,29,0,313
16960.0,29,0,0,0,29,0,313
16961.0,29,0,0,0,29,0,313
16962.0,29,0,0,0,29,0,313
16963.0,29,0,0,0,29,0,313
16964.0,29,0,0,0,29,0,313
16965.0,29,0,0,0,29,0,313
16966.0,29,0,0,0,29,0,313
16967.0,29,0,0,0,29,0,313
16968.0,29,0,0,0,29,0,313
16969.0,29,0,0,0,29,0,313
16970.0,29,0,0,0,29,0,313
16971.0,29,0,0,0,29,0,313
16972.0,29,0,0,0,29,0,313
16973.0,29,0,0,0,29,0,313
16974.0,29,0,0,0,29,0,313
16975.0,29,0,0,0,29,0,313
16976.0,29,0,0,0,29,0,313
16977.0,29,0,0,0,29,0,313
16978.0,29,0,0,0,29,0,313
16979.0,29,0,0,0,29,0,313
16980.0,29,0,0,0,29,0,313
16981.0,29,0,0,0,29,0,313
16982.0,29,0,0,0,29,0,313
16983.0,29,0,0,0,29,0,313
16984.0,29,0,0,0,29,0,313
16985.0,29,0,0,0,29,0,313
16986.0,29,0,0,0,29,0,313
16987.0,29,0,0,0,29,0,313
16988.0,29,0,0,0,29,0,313
16989.0,29,0,0,0,29,0,313
16990.0,29,0,0,0,29,0,313
16991.0,29,0,0,0,29,0,313
16992.0,29,0,0,0,29,0,313
16993.0,29,0,0,0,29,0,313
16994.0,29,0,0,0,29,0,313
16995.0,29,0,0,0,29,0,313
16996.0,29,0,0,0,29,0,313
16997.0,29,0,0,0,29,0,313
16998.0,29,0,0,0,29,0,313
16999.0,29,0,0,0,29,0,313
17000.0,29,0,0,0,29,0,313
17001.0,29,0,0,0,29,0,313
17002.0,29,0,0,0,29,0,313
17003.0,29,0,0,0,29,0,313
17004.0,29,0,0,0,29,0,313
17005.0,29,0,0,0,29,0,313
17006.0,29,0,0,0,29,0,313
17007.0,29,0,0,0,29,0,313
17008.0,29,0,0,0,29,0,313
17009.0,29,0,0,0,29,0,313
17010.0,29,0,0,0,29,0,313
17011.0,29,0,0,0,29,0,313
17012.0,29,0,0,0,29,0,313
17013.0,29,0,0,0,29,0,313
17014.0,29,0,0,0,29,0,313
17015.0,29,0,0,0,29,0,313
17016.0,29,0,0,0,29,0,313
17017.0,29,0,0,0,29,0,313
17018.0,29,0,0,0,29,0,313
17019.0,29,0,0,0,29,0,313
17020.0,29,0,0,0,29,0,313
17021.0,29,0,0,0,29,0,313
17022.0,29,0,0,0,29,0,313
17023.0,29,0,0,0,29,0,313
17024.0,29,0,0,0,29,0,313
17025.0,29,0,0,0,29,0,313
17026.0,29,0,0,0,29,0,313
17027.0,29,0,0,0,29,0,313
17028.0,29,0,0,0,29,0,313
17029.0,29,0,0,0,29,0,313
17030.0,29,0,0,0,29,0,313
17031.0,29,0,0,0,29,0,313
17032.0,29,0,0,0,29,0,313
17033.0,29,0,0,0,29,0,313
17034.0,29,0,0,0,29,0,313
17035.0,29,0,0,0,29,0,313
17036.0,29,0,0,0,29,0,313
17037.0,29,0,0,0,29,0,313
17038.0,29,0,0,0,29,0,313
17039.0,29,0,0,0,29,0,313
17040.0,29,0,0,0,29,0,313
17041.0,29,0,0,0,29,0,313
17042.0,29,0,0,0,29,0,313
17043.0,29,0,0,0,29,0,313
17044.0,29,0,0,0,29,0,313
17045.0,29,0,0,0,29,0,313
17046.0,29,0,0,0,29,0,313
17047.0,29,0,0,0,29,0,313
17048.0,29,0,0,0,29,0,313
17049.0,29,0,0,0,29,0,313
17050.0,29,0,0,0,29,0,313
17051.0,29,0,0,0,29,0,313
17052.0,29,0,0,0,29,0,313
17053.0,29,0,0,0,29,0,313
17054.0,29,0,0,0,29,0,313
17055.0,29,0,0,0,29,0,313
17056.0,29,0,0,0,29,0,313
17057.0,29,0,0,0,29,0,313
17058.0,29,0,0,0,29,0,313
17059.0,29,0,0,0,29,0,313
17060.0,29,0,0,0,29,0,313
17061.0,29,0,0,0,29,0,313
17062.0,29,0,0,0,29,0,313
17063.0,29,0,0,0,29,0,313
17064.0,29,0,0,0,29,0,313
17065.0,29,0,0,0,29,0,313
17066.0,29,0,0,0,29,0,313
17067.0,29,0,0,0,29,0,313
17068.0,29,0,0,0,29,0,313
17069.0,29,0,0,0,29,0,313
17070.0,29,0,0,0,29,0,313
17071.0,29,0,0,0,29,0,313
17072.0,29,0,0,0,29,0,313
17073.0,29,0,0,0,29,0,313
17074.0,29,0,0,0,29,0,313
17075.0,29,0,0,0,29,0,313
17076.0,29,0,0,0,29,0,313
17077.0,29,0,0,0,29,0,313
17078.0,29,0,0,0,29,0,313
17079.0,29,0,0,0,29,0,313
17080.0,29,0,0,0,29,0,313
17081.0,29,0,0,0,29,0,313
17082.0,29,0,0,0,29,0,313
17083.0,29,0,0,0,29,0,313
17084.0,29,0,0,0,29,0,313
17085.0,29,0,0,0,29,0,313
17086.0,29,0,0,0,29,0,313
17087.0,29,0,0,0,29,0,313
17088.0,29,0,0,0,29,0,313
17089.0,29,0,0,0,29,0,313
17090.0,29,0,0,0,29,0,313
17091.0,29,0,0,0,29,0,313
17092.0,29,0,0,0,29,0,313
17093.0,29,0,0,0,29,0,313
17094.0,29,0,0,0,29,0,313
17095.0,29,0,0,0,29,0,313
17096.0,29,0,0,0,29,0,313
17097.0,29,0,0,0,29,0,313
17098.0,29,0,0,0,29,0,313
17099.0,29,0,0,0,29,0,313
17100.0,29,0,0,0,29,0,313
17101.0,29,0,0,0,29,0,313
17102.0,29,0,0,0,29,0,313
17103.0,29,0,0,0,29,0,313
17104.0,29,0,0,0,29,0,313
17105.0,29,0,0,0,29,0,313
17106.0,29,0,0,0,29,0,313
17107.0,29,0,0,0,29,0,313
17108.0,29,0,0,0,29,0,313
17109.0,29,0,0,0,29,0,313
17110.0,29,0,0,0,29,0,313
17111.0,29,0,0,0,29,0,313
17112.0,29,0,0,0,29,0,313
17113.0,29,0,0,0,29,0,313
17114.0,29,0,0,0,29,0,313
17115.0,29,0,0,0,29,0,313
17116.0,29,0,0,0,29,0,313
17117.0,29,0,0,0,29,0,313
17118.0,29,0,0,0,29,0,313
17119.0,29,0,0,0,29,0,313
17120.0,29,0,0,0,29,0,313
17121.0,29,0,0,0,29,0,313
17122.0,29,0,0,0,29,0,313
17123.0,29,0,0,0,29,0,313
17124.0,29,0,0,0,29,0,313
17125.0,29,0,0,0,29,0,313
17126.0,29,0,0,0,29,0,313
17127.0,29,0,0,0,29,0,313
17128.0,29,0,0,0,29,0,313
17129.0,29,0,0,0,29,0,313
17130.0,29,0,0,0,29,0,313
17131.0,29,0,0,0,29,0,313
17132.0,29,0,0,0,29,0,313
17133.0,29,0,0,0,29,0,313
17134.0,29,0,0,0,29,0,313
17135.0,29,0,0,0,29,0,313
17136.0,29,0,0,0,29,0,313
17137.0,29,0,0,0,29,0,313
17138.0,29,0,0,0,29,0,313
17139.0,29,0,0,0,29,0,313
17140.0,29,0,0,0,29,0,313
17141.0,29,0,0,0,29,0,313
17142.0,29,0,0,0,29,0,313
17143.0,29,0,0,0,29,0,313
17144.0,29,0,0,0,29,0,313
17145.0,29,0,0,0,29,0,313
17146.0,29,0,0,0,29,0,313
17147.0,29,0,0,0,29,0,313
17148.0,29,0,0,0,29,0,313
17149.0,29,0,0,0,29,0,313
17150.0,29,0,0,0,29,0,313
17151.0,29,0,0,0,29,0,313
17152.0,29,0,0,0,29,0,313
17153.0,29,0,0,0,29,0,313
17154.0,29,0,0,0,29,0,313
17155.0,29,0,0,0,29,0,313
17156.0,29,0,0,0,29,0,313
17157.0,29,0,0,0,29,0,313
17158.0,29,0,0,0,29,0,313
17159.0,29,0,0,0,29,0,313
17160.0,29,0,0,0,29,0,313
17161.0,29,0,0,0,29,0,313
17162.0,29,0,0,0,29,0,313
17163.0,29,0,0,0,29,0,313
17164.0,29,0,0,0,29,0,313
17165.0,29,0,0,0,29,0,313
17166.0,29,0,0,0,29,0,313
17167.0,29,0,0,0,29,0,313
17168.0,29,0,0,0,29,0,313
17169.0,29,0,0,0,29,0,313
17170.0,29,0,0,0,29,0,313
17171.0,29,0,0,0,29,0,313
17172.0,29,0,0,0,29,0,313
17173.0,29,0,0,0,29,0,313
17174.0,29,0,0,0,29,0,313
17175.0,29,0,0,0,29,0,313
17176.0,29,0,0,0,29,0,313
17177.0,29,0,0,0,29,0,313
17178.0,29,0,0,0,29,0,313
17179.0,29,0,0,0,29,0,313
17180.0,29,0,0,0,29,0,313
17181.0,29,0,0,0,29,0,313
17182.0,29,0,0,0,29,0,313
17183.0,29,0,0,0,29,0,313
17184.0,29,0,0,0,29,0,313
17185.0,29,0,0,0,29,0,313
17186.0,29,0,0,0,29,0,313
17187.0,29,0,0,0,29,0,313
17188.0,29,0,0,0,29,0,313
17189.0,29,0,0,0,29,0,313
17190.0,29,0,0,0,29,0,313
17191.0,29,0,0,0,29,0,313
17192.0,29,0,0,0,29,0,313
17193.0,29,0,0,0,29,0,313
17194.0,29,0,0,0,29,0,313
17195.0,29,0,0,0,29,0,313
17196.0,29,0,0,0,29,0,313
17197.0,29,0,0,0,29,0,313
17198.0,29,0,0,0,29,0,313
17199.0,29,0,0,0,29,0,313
17200.0,29,0,0,0,29,0,313
17201.0,29,0,0,0,29,0,313
17202.0,29,0,0,0,29,0,313
17203.0,29,0,0,0,29,0,313
17204.0,29,0,0,0,29,0,313
17205.0,29,0,0,0,29,0,313
17206.0,29,0,0,0,29,0,313
17207.0,29,0,0,0,29,0,313
17208.0,29,0,0,0,29,0,313
17209.0,29,0,0,0,29,0,313
17210.0,29,0,0,0,29,0,313
17211.0,29,0,0,0,29,0,313
17212.0,29,0,0,0,29,0,313
17213.0,29,0,0,0,29,0,313
17214.0,29,0,0,0,29,0,313
17215.0,29,0,0,0,29,0,313
17216.0,29,0,0,0,29,0,313
17217.0,29,0,0,0,29,0,313
17218.0,29,0,0,0,29,0,313
17219.0,29,0,0,0,29,0,313
17220.0,29,0,0,0,29,0,313
17221.0,29,0,0,0,29,0,313
17222.0,29,0,0,0,29,0,313
17223.0,29,0,0,0,29,0,313
17224.0,29,0,0,0,29,0,313
17225.0,29,0,0,0,29,0,313
17226.0,29,0,0,0,29,0,313
17227.0,29,0,0,0,29,0,313
17228.0,29,0,0,0,29,0,313
17229.0,29,0,0,0,29,0,313
17230.0,29,0,0,0,29,0,313
17231.0,29,0,0,0,29,0,313
17232.0,29,0,0,0,29,0,313
17233.0,29,0,0,0,29,0,313
17234.0,29,0,0,0,29,0,313
17235.0,29,0,0,0,29,0,313
17236.0,29,0,0,0,29,0,313
17237.0,29,0,0,0,29,0,313
17238.0,29,0,0,0,29,0,313
17239.0,29,0,0,0,29,0,313
17240.0,29,0,0,0,29,0,313
17241.0,29,0,0,0,29,0,313
17242.0,29,0,0,0,29,0,313
17243.0,29,0,0,0,29,0,313
17244.0,29,0,0,0,29,0,313
17245.0,29,0,0,0,29,0,313
17246.0,29,0,0,0,29,0,313
17247.0,29,0,0,0,29,0,313
17248.0,29,0,0,0,29,0,313
17249.0,29,0,0,0,29,0,313
17250.0,29,0,0,0,29,0,313
17251.0,29,0,0,0,29,0,313
17252.0,29,0,0,0,29,0,313
17253.0,29,0,0,0,29,0,313
17254.0,29,0,0,0,29,0,313
17255.0,29,0,0,0,29,0,313
17256.0,29,0,0,0,29,0,313
17257.0,29,0,0,0,29,0,313
17258.0,29,0,0,0,29,0,313
17259.0,29,0,0,0,29,0,313
17260.0,29,0,0,0,29,0,313
17261.0,29,0,0,0,29,0,313
17262.0,29,0,0,0,29,0,313
17263.0,29,0,0,0,29,0,313
17264.0,29,0,0,0,29,0,313
17265.0,29,0,0,0,29,0,313
17266.0,29,0,0,0,29,0,313
17267.0,29,0,0,0,29,0,313
17268.0,29,0,0,0,29,0,313
17269.0,29,0,0,0,29,0,313
17270.0,29,0,0,0,29,0,313
17271.0,29,0,0,0,29,0,313
17272.0,29,0,0,0,29,0,313
17273.0,29,0,0,0,29,0,313
17274.0,29,0,0,0,29,0,313
17275.0,29,0,0,0,29,0,313
17276.0,29,0,0,0,29,0,313
17277.0,29,0,0,0,29,0,313
17278.0,29,0,0,0,29,0,313
17279.0,29,0,0,0,29,0,313
17280.0,29,0,0,0,29,0,313
17281.0,29,0,0,0,29,0,313
17282.0,29,0,0,0,29,0,313
17283.0,29,0,0,0,29,0,313
17284.0,29,0,0,0,29,0,313
17285.0,29,0,0,0,29,0,313
17286.0,29,0,0,0,29,0,313
17287.0,29,0,0,0,29,0,313
17288.0,29,0,0,0,29,0,313
17289.0,29,0,0,0,29,0,313
17290.0,29,0,0,0,29,0,313
17291.0,29,0,0,0,29,0,313
17292.0,29,0,0,0,29,0,313
17293.0,29,0,0,0,29,0,313
17294.0,29,0,0,0,29,0,313
17295.0,29,0,0,0,29,0,313
17296.0,29,0,0,0,29,0,313
17297.0,29,0,0,0,29,0,313
17298.0,29,0,0,0,29,0,313
17299.0,29,0,0,0,29,0,313
17300.0,29,0,0,0,29,0,313
17301.0,29,0,0,0,29,0,313
17302.0,29,0,0,0,29,0,313
17303.0,29,0,0,0,29,0,313
17304.0,29,0,0,0,29,0,313
17305.0,29,0,0,0,29,0,313
17306.0,29,0,0,0,29,0,313
17307.0,29,0,0,0,29,0,313
17308.0,29,0,0,0,29,0,313
17309.0,29,0,0,0,29,0,313
17310.0,29,0,0,0,29,0,313
17311.0,29,0,0,0,29,0,313
17312.0,29,0,0,0,29,0,313
17313.0,29,0,0,0,29,0,313
17314.0,29,0,0,0,29,0,313
17315.0,29,0,0,0,29,0,313
17316.0,29,0,0,0,29,0,313
17317.0,29,0,0,0,29,0,313
17318.0,29,0,0,0,29,0,313
17319.0,29,0,0,0,29,0,313
17320.0,29,0,0,0,29,0,313
17321.0,29,0,0,0,29,0,313
17322.0,29,0,0,0,29,0,313
17323.0,29,0,0,0,29,0,313
17324.0,29,0,0,0,29,0,313
17325.0,29,0,0,0,29,0,313
17326.0,29,0,0,0,29,0,313
17327.0,29,0,0,0,29,0,313
17328.0,29,0,0,0,29,0,313
17329.0,29,0,0,0,29,0,313
17330.0,29,0,0,0,29,0,313
17331.0,29,0,0,0,29,0,313
17332.0,29,0,0,0,29,0,313
17333.0,29,0,0,0,29,0,313
17334.0,29,0,0,0,29,0,313
17335.0,29,0,0,0,29,0,313
17336.0,29,0,0,0,29,0,313
17337.0,29,0,0,0,29,0,313
17338.0,29,0,0,0,29,0,313
17339.0,29,0,0,0,29,0,313
17340.0,29,0,0,0,29,0,313
17341.0,29,0,0,0,29,0,313
17342.0,29,0,0,0,29,0,313
17343.0,29,0,0,0,29,0,313
17344.0,29,0,0,0,29,0,313
17345.0,29,0,0,0,29,0,313
17346.0,29,0,0,0,29,0,313
17347.0,29,0,0,0,29,0,313
17348.0,29,0,0,0,29,0,313
17349.0,29,0,0,0,29,0,313
17350.0,29,0,0,0,29,0,313
17351.0,29,0,0,0,29,0,313
17352.0,29,0,0,0,29,0,313
17353.0,29,0,0,0,29,0,313
17354.0,29,0,0,0,29,0,313
17355.0,29,0,0,0,29,0,313
17356.0,29,0,0,0,29,0,313
17357.0,29,0,0,0,29,0,313
17358.0,29,0,0,0,29,0,313
17359.0,29,0,0,0,29,0,313
17360.0,29,0,0,0,29,0,313
17361.0,29,0,0,0,29,0,313
17362.0,29,0,0,0,29,0,313
17363.0,29,0,0,0,29,0,313
17364.0,29,0,0,0,29,0,313
17365.0,29,0,0,0,29,0,313
17366.0,29,0,0,0,29,0,313
17367.0,29,0,0,0,29,0,313
17368.0,29,0,0,0,29,0,313
17369.0,29,0,0,0,29,0,313
17370.0,29,0,0,0,29,0,313
17371.0,29,0,0,0,29,0,313
17372.0,29,0,0,0,29,0,313
17373.0,29,0,0,0,29,0,313
17374.0,29,0,0,0,29,0,313
17375.0,29,0,0,0,29,0,313
17376.0,29,0,0,0,29,0,313
17377.0,29,0,0,0,29,0,313
17378.0,29,0,0,0,29,0,313
17379.0,29,0,0,0,29,0,313
17380.0,29,0,0,0,29,0,313
17381.0,29,0,0,0,29,0,313
17382.0,29,0,0,0,29,0,313
17383.0,29,0,0,0,29,0,313
17384.0,29,0,0,0,29,0,313
17385.0,29,0,0,0,29,0,313
17386.0,29,0,0,0,29,0,313
17387.0,29,0,0,0,29,0,313
17388.0,29,0,0,0,29,0,313
17389.0,29,0,0,0,29,0,313
17390.0,29,0,0,0,29,0,313
17391.0,29,0,0,0,29,0,313
17392.0,29,0,0,0,29,0,313
17393.0,29,0,0,0,29,0,313
17394.0,29,0,0,0,29,0,313
17395.0,29,0,0,0,29,0,313
17396.0,29,0,0,0,29,0,313
17397.0,29,0,0,0,29,0,313
17398.0,29,0,0,0,29,0,313
17399.0,29,0,0,0,29,0,313
17400.0,29,0,0,0,29,0,313
17401.0,29,0,0,0,29,0,313
17402.0,29,0,0,0,29,0,313
17403.0,29,0,0,0,29,0,313
17404.0,29,0,0,0,29,0,313
17405.0,29,0,0,0,29,0,313
17406.0,29,0,0,0,29,0,313
17407.0,29,0,0,0,29,0,313
17408.0,29,0,0,0,29,0,313
17409.0,29,0,0,0,29,0,313
17410.0,29,0,0,0,29,0,313
17411.0,29,0,0,0,29,0,313
17412.0,29,0,0,0,29,0,313
17413.0,29,0,0,0,29,0,313
17414.0,29,0,0,0,29,0,313
17415.0,29,0,0,0,29,0,313
17416.0,29,0,0,0,29,0,313
17417.0,29,0,0,0,29,0,313
17418.0,29,0,0,0,29,0,313
17419.0,29,0,0,0,29,0,313
17420.0,29,0,0,0,29,0,313
17421.0,29,0,0,0,29,0,313
17422.0,29,0,0,0,29,0,313
17423.0,29,0,0,0,29,0,313
17424.0,29,0,0,0,29,0,313
17425.0,29,0,0,0,29,0,313
17426.0,29,0,0,0,29,0,313
17427.0,29,0,0,0,29,0,313
17428.0,29,0,0,0,29,0,313
17429.0,29,0,0,0,29,0,313
17430.0,29,0,0,0,29,0,313
17431.0,29,0,0,0,29,0,313
17432.0,29,0,0,0,29,0,313
17433.0,29,0,0,0,29,0,313
17434.0,29,0,0,0,29,0,313
17435.0,29,0,0,0,29,0,313
17436.0,29,0,0,0,29,0,313
17437.0,29,0,0,0,29,0,313
17438.0,29,0,0,0,29,0,313
17439.0,29,0,0,0,29,0,313
17440.0,29,0,0,0,29,0,313
17441.0,29,0,0,0,29,0,313
17442.0,29,0,0,0,29,0,313
17443.0,29,0,0,0,29,0,313
17444.0,29,0,0,0,29,0,313
17445.0,29,0,0,0,29,0,313
17446.0,29,0,0,0,29,0,313
17447.0,29,0,0,0,29,0,313
17448.0,29,0,0,0,29,0,313
17449.0,29,0,0,0,29,0,313
17450.0,29,0,0,0,29,0,313
17451.0,29,0,0,0,29,0,313
17452.0,29,0,0,0,29,0,313
17453.0,29,0,0,0,29,0,313
17454.0,29,0,0,0,29,0,313
17455.0,29,0,0,0,29,0,313
17456.0,29,0,0,0,29,0,313
17457.0,29,0,0,0,29,0,313
17458.0,29,0,0,0,29,0,313
17459.0,29,0,0,0,29,0,313
17460.0,29,0,0,0,29,0,313
17461.0,29,0,0,0,29,0,313
17462.0,29,0,0,0,29,0,313
17463.0,29,0,0,0,29,0,313
17464.0,29,0,0,0,29,0,313
17465.0,29,0,0,0,29,0,313
17466.0,29,0,0,0,29,0,313
17467.0,29,0,0,0,29,0,313
17468.0,29,0,0,0,29,0,313
17469.0,29,0,0,0,29,0,313
17470.0,29,0,0,0,29,0,313
17471.0,29,0,0,0,29,0,313
17472.0,29,0,0,0,29,0,313
17473.0,29,0,0,0,29,0,313
17474.0,29,0,0,0,29,0,313
17475.0,29,0,0,0,29,0,313
17476.0,29,0,0,0,29,0,313
17477.0,29,0,0,0,29,0,313
17478.0,29,0,0,0,29,0,313
17479.0,29,0,0,0,29,0,313
17480.0,29,0,0,0,29,0,313
17481.0,29,0,0,0,29,0,313
17482.0,29,0,0,0,29,0,313
17483.0,29,0,0,0,29,0,313
17484.0,29,0,0,0,29,0,313
17485.0,29,0,0,0,29,0,313
17486.0,29,0,0,0,29,0,313
17487.0,29,0,0,0,29,0,313
17488.0,29,0,0,0,29,0,313
17489.0,29,0,0,0,29,0,313
17490.0,29,0,0,0,29,0,313
17491.0,29,0,0,0,29,0,313
17492.0,29,0,0,0,29,0,313
17493.0,29,0,0,0,29,0,313
17494.0,29,0,0,0,29,0,313
17495.0,29,0,0,0,29,0,313
17496.0,29,0,0,0,29,0,313
17497.0,29,0,0,0,29,0,313
17498.0,29,0,0,0,29,0,313
17499.0,29,0,0,0,29,0,313
17500.0,29,0,0,0,29,0,313
17501.0,29,0,0,0,29,0,313
17502.0,29,0,0,0,29,0,313
17503.0,29,0,0,0,29,0,313
17504.0,29,0,0,0,29,0,313
17505.0,29,0,0,0,29,0,313
17506.0,29,0,0,0,29,0,313
17507.0,29,0,0,0,29,0,313
17508.0,29,0,0,0,29,0,313
17509.0,29,0,0,0,29,0,313
17510.0,29,0,0,0,29,0,313
17511.0,29,0,0,0,29,0,313
17512.0,29,0,0,0,29,0,313
17513.0,29,0,0,0,29,0,313
17514.0,29,0,0,0,29,0,313
17515.0,29,0,0,0,29,0,313
17516.0,29,0,0,0,29,0,313
17517.0,29,0,0,0,29,0,313
17518.0,29,0,0,0,29,0,313
17519.0,29,0,0,0,29,0,313
17520.0,29,0,0,0,29,0,313
17521.0,29,0,0,0,29,0,313
17522.0,29,0,0,0,29,0,313
17523.0,29,0,0,0,29,0,313
17524.0,29,0,0,0,29,0,313
17525.0,29,0,0,0,29,0,313
17526.0,29,0,0,0,29,0,313
17527.0,29,0,0,0,29,0,313
17528.0,29,0,0,0,29,0,313
17529.0,29,0,0,0,29,0,313
17530.0,29,0,0,0,29,0,313
17531.0,29,0,0,0,29,0,313
17532.0,29,0,0,0,29,0,313
17533.0,29,0,0,0,29,0,313
17534.0,29,0,0,0,29,0,313
17535.0,29,0,0,0,29,0,313
17536.0,29,0,0,0,29,0,313
17537.0,29,0,0,0,29,0,313
17538.0,29,0,0,0,29,0,313
17539.0,29,0,0,0,29,0,313
17540.0,29,0,0,0,29,0,313
17541.0,29,0,0,0,29,0,313
17542.0,29,0,0,0,29,0,313
17543.0,29,0,0,0,29,0,313
17544.0,29,0,0,0,29,0,313
17545.0,29,0,0,0,29,0,313
17546.0,29,0,0,0,29,0,313
17547.0,29,0,0,0,29,0,313
17548.0,29,0,0,0,29,0,313
17549.0,29,0,0,0,29,0,313
17550.0,29,0,0,0,29,0,313
17551.0,29,0,0,0,29,0,313
17552.0,29,0,0,0,29,0,313
17553.0,29,0,0,0,29,0,313
17554.0,29,0,0,0,29,0,313
17555.0,29,0,0,0,29,0,313
17556.0,29,0,0,0,29,0,313
17557.0,29,0,0,0,29,0,313
17558.0,29,0,0,0,29,0,313
17559.0,29,0,0,0,29,0,313
17560.0,29,0,0,0,29,0,313
17561.0,29,0,0,0,29,0,313
17562.0,29,0,0,0,29,0,313
17563.0,29,0,0,0,29,0,313
17564.0,29,0,0,0,29,0,313
17565.0,29,0,0,0,29,0,313
17566.0,29,0,0,0,29,0,313
17567.0,29,0,0,0,29,0,313
17568.0,29,0,0,0,29,0,313
17569.0,29,0,0,0,29,0,313
17570.0,29,0,0,0,29,0,313
17571.0,29,0,0,0,29,0,313
17572.0,29,0,0,0,29,0,313
17573.0,29,0,0,0,29,0,313
17574.0,29,0,0,0,29,0,313
17575.0,29,0,0,0,29,0,313
17576.0,29,0,0,0,29,0,313
17577.0,29,0,0,0,29,0,313
17578.0,29,0,0,0,29,0,313
17579.0,29,0,0,0,29,0,313
17580.0,29,0,0,0,29,0,313
17581.0,29,0,0,0,29,0,313
17582.0,29,0,0,0,29,0,313
17583.0,29,0,0,0,29,0,313
17584.0,29,0,0,0,29,0,313
17585.0,29,0,0,0,29,0,313
17586.0,29,0,0,0,29,0,313
17587.0,29,0,0,0,29,0,313
17588.0,29,0,0,0,29,0,313
17589.0,29,0,0,0,29,0,313
17590.0,29,0,0,0,29,0,313
17591.0,29,0,0,0,29,0,313
17592.0,29,0,0,0,29,0,313
17593.0,29,0,0,0,29,0,313
17594.0,29,0,0,0,29,0,313
17595.0,29,0,0,0,29,0,313
17596.0,29,0,0,0,29,0,313
17597.0,29,0,0,0,29,0,313
17598.0,29,0,0,0,29,0,313
17599.0,29,0,0,0,29,0,313
17600.0,29,0,0,0,29,0,313
17601.0,29,0,0,0,29,0,313
17602.0,29,0,0,0,29,0,313
17603.0,29,0,0,0,29,0,313
17604.0,29,0,0,0,29,0,313
17605.0,29,0,0,0,29,0,313
17606.0,29,0,0,0,29,0,313
17607.0,29,0,0,0,29,0,313
17608.0,29,0,0,0,29,0,313
17609.0,29,0,0,0,29,0,313
17610.0,29,0,0,0,29,0,313
17611.0,29,0,0,0,29,0,313
17612.0,29,0,0,0,29,0,313
17613.0,29,0,0,0,29,0,313
17614.0,29,0,0,0,29,0,313
17615.0,29,0,0,0,29,0,313
17616.0,29,0,0,0,29,0,313
17617.0,29,0,0,0,29,0,313
17618.0,29,0,0,0,29,0,313
17619.0,29,0,0,0,29,0,313
17620.0,29,0,0,0,29,0,313
17621.0,29,0,0,0,29,0,313
17622.0,29,0,0,0,29,0,313
17623.0,29,0,0,0,29,0,313
17624.0,29,0,0,0,29,0,313
17625.0,29,0,0,0,29,0,313
17626.0,29,0,0,0,29,0,313
17627.0,29,0,0,0,29,0,313
17628.0,29,0,0,0,29,0,313
17629.0,29,0,0,0,29,0,313
17630.0,29,0,0,0,29,0,313
17631.0,29,0,0,0,29,0,313
17632.0,29,0,0,0,29,0,313
17633.0,29,0,0,0,29,0,313
17634.0,29,0,0,0,29,0,313
17635.0,29,0,0,0,29,0,313
17636.0,29,0,0,0,29,0,313
17637.0,29,0,0,0,29,0,313
17638.0,29,0,0,0,29,0,313
17639.0,29,0,0,0,29,0,313
17640.0,29,0,0,0,29,0,313
17641.0,29,0,0,0,29,0,313
17642.0,29,0,0,0,29,0,313
17643.0,29,0,0,0,29,0,313
17644.0,29,0,0,0,29,0,313
17645.0,29,0,0,0,29,0,313
17646.0,29,0,0,0,29,0,313
17647.0,29,0,0,0,29,0,313
17648.0,29,0,0,0,29,0,313
17649.0,29,0,0,0,29,0,313
17650.0,29,0,0,0,29,0,313
17651.0,29,0,0,0,29,0,313
17652.0,29,0,0,0,29,0,313
17653.0,29,0,0,0,29,0,313
17654.0,29,0,0,0,29,0,313
17655.0,29,0,0,0,29,0,313
17656.0,29,0,0,0,29,0,313
17657.0,29,0,0,0,29,0,313
17658.0,29,0,0,0,29,0,313
17659.0,29,0,0,0,29,0,313
17660.0,29,0,0,0,29,0,313
17661.0,29,0,0,0,29,0,313
17662.0,29,0,0,0,29,0,313
17663.0,29,0,0,0,29,0,313
17664.0,29,0,0,0,29,0,313
17665.0,29,0,0,0,29,0,313
17666.0,29,0,0,0,29,0,313
17667.0,29,0,0,0,29,0,313
17668.0,29,0,0,0,29,0,313
17669.0,29,0,0,0,29,0,313
17670.0,29,0,0,0,29,0,313
17671.0,29,0,0,0,29,0,313
17672.0,29,0,0,0,29,0,313
17673.0,29,0,0,0,29,0,313
17674.0,29,0,0,0,29,0,313
17675.0,29,0,0,0,29,0,313
17676.0,29,0,0,0,29,0,313
17677.0,29,0,0,0,29,0,313
17678.0,29,0,0,0,29,0,313
17679.0,29,0,0,0,29,0,313
17680.0,29,0,0,0,29,0,313
17681.0,29,0,0,0,29,0,313
17682.0,29,0,0,0,29,0,313
17683.0,29,0,0,0,29,0,313
17684.0,29,0,0,0,29,0,313
17685.0,29,0,0,0,29,0,313
17686.0,29,0,0,0,29,0,313
17687.0,29,0,0,0,29,0,313
17688.0,29,0,0,0,29,0,313
17689.0,29,0,0,0,29,0,313
17690.0,29,0,0,0,29,0,313
17691.0,29,0,0,0,29,0,313
17692.0,29,0,0,0,29,0,313
17693.0,29,0,0,0,29,0,313
17694.0,29,0,0,0,29,0,313
17695.0,29,0,0,0,29,0,313
17696.0,29,0,0,0,29,0,313
17697.0,29,0,0,0,29,0,313
17698.0,29,0,0,0,29,0,313
17699.0,29,0,0,0,29,0,313
17700.0,29,0,0,0,29,0,313
17701.0,29,0,0,0,29,0,313
17702.0,29,0,0,0,29,0,313
17703.0,29,0,0,0,29,0,313
17704.0,29,0,0,0,29,0,313
17705.0,29,0,0,0,29,0,313
17706.0,29,0,0,0,29,0,313
17707.0,29,0,0,0,29,0,313
17708.0,29,0,0,0,29,0,313
17709.0,29,0,0,0,29,0,313
17710.0,29,0,0,0,29,0,313
17711.0,29,0,0,0,29,0,313
17712.0,29,0,0,0,29,0,313
17713.0,29,0,0,0,29,0,313
17714.0,29,0,0,0,29,0,313
17715.0,29,0,0,0,29,0,313
17716.0,29,0,0,0,29,0,313
17717.0,29,0,0,0,29,0,313
17718.0,29,0,0,0,29,0,313
17719.0,29,0,0,0,29,0,313
17720.0,29,0,0,0,29,0,313
17721.0,29,0,0,0,29,0,313
17722.0,29,0,0,0,29,0,313
17723.0,29,0,0,0,29,0,313
17724.0,29,0,0,0,29,0,313
17725.0,29,0,0,0,29,0,313
17726.0,29,0,0,0,29,0,313
17727.0,29,0,0,0,29,0,313
17728.0,29,0,0,0,29,0,313
17729.0,29,0,0,0,29,0,313
17730.0,29,0,0,0,29,0,313
17731.0,29,0,0,0,29,0,313
17732.0,29,0,0,0,29,0,313
17733.0,29,0,0,0,29,0,313
17734.0,29,0,0,0,29,0,313
17735.0,29,0,0,0,29,0,313
17736.0,29,0,0,0,29,0,313
17737.0,29,0,0,0,29,0,313
17738.0,29,0,0,0,29,0,313
17739.0,29,0,0,0,29,0,313
17740.0,29,0,0,0,29,0,313
17741.0,29,0,0,0,29,0,313
17742.0,29,0,0,0,29,0,313
17743.0,29,0,0,0,29,0,313
17744.0,29,0,0,0,29,0,313
17745.0,29,0,0,0,29,0,313
17746.0,29,0,0,0,29,0,313
17747.0,29,0,0,0,29,0,313
17748.0,29,0,0,0,29,0,313
17749.0,29,0,0,0,29,0,313
17750.0,29,0,0,0,29,0,313
17751.0,29,0,0,0,29,0,313
17752.0,29,0,0,0,29,0,313
17753.0,29,0,0,0,29,0,313
17754.0,29,0,0,0,29,0,313
17755.0,29,0,0,0,29,0,313
17756.0,29,0,0,0,29,0,313
17757.0,29,0,0,0,29,0,313
17758.0,29,0,0,0,29,0,313
17759.0,29,0,0,0,29,0,313
17760.0,29,0,0,0,29,0,313
17761.0,29,0,0,0,29,0,313
17762.0,29,0,0,0,29,0,313
17763.0,29,0,0,0,29,0,313
17764.0,29,0,0,0,29,0,313
17765.0,29,0,0,0,29,0,313
17766.0,29,0,0,0,29,0,313
17767.0,29,0,0,0,29,0,313
17768.0,29,0,0,0,29,0,313
17769.0,29,0,0,0,29,0,313
17770.0,29,0,0,0,29,0,313
17771.0,29,0,0,0,29,0,313
17772.0,29,0,0,0,29,0,313
17773.0,29,0,0,0,29,0,313
17774.0,29,0,0,0,29,0,313
17775.0,29,0,0,0,29,0,313
17776.0,29,0,0,0,29,0,313
17777.0,29,0,0,0,29,0,313
17778.0,29,0,0,0,29,0,313
17779.0,29,0,0,0,29,0,313
17780.0,29,0,0,0,29,0,313
17781.0,29,0,0,0,29,0,313
17782.0,29,0,0,0,29,0,313
17783.0,29,0,0,0,29,0,313
17784.0,29,0,0,0,29,0,313
17785.0,29,0,0,0,29,0,313
17786.0,29,0,0,0,29,0,313
17787.0,29,0,0,0,29,0,313
17788.0,29,0,0,0,29,0,313
17789.0,29,0,0,0,29,0,313
17790.0,29,0,0,0,29,0,313
17791.0,29,0,0,0,29,0,313
17792.0,29,0,0,0,29,0,313
17793.0,29,0,0,0,29,0,313
17794.0,29,0,0,0,29,0,313
17795.0,29,0,0,0,29,0,313
17796.0,29,0,0,0,29,0,313
17797.0,29,0,0,0,29,0,313
17798.0,29,0,0,0,29,0,313
17799.0,29,0,0,0,29,0,313
17800.0,29,0,0,0,29,0,313
17801.0,29,0,0,0,29,0,313
17802.0,29,0,0,0,29,0,313
17803.0,29,0,0,0,29,0,313
17804.0,29,0,0,0,29,0,313
17805.0,29,0,0,0,29,0,313
17806.0,29,0,0,0,29,0,313
17807.0,29,0,0,0,29,0,313
17808.0,29,0,0,0,29,0,313
17809.0,29,0,0,0,29,0,313
17810.0,29,0,0,0,29,0,313
17811.0,29,0,0,0,29,0,313
17812.0,29,0,0,0,29,0,313
17813.0,29,0,0,0,29,0,313
17814.0,29,0,0,0,29,0,313
17815.0,29,0,0,0,29,0,313
17816.0,29,0,0,0,29,0,313
17817.0,29,0,0,0,29,0,313
17818.0,29,0,0,0,29,0,313
17819.0,29,0,0,0,29,0,313
17820.0,29,0,0,0,29,0,313
17821.0,29,0,0,0,29,0,313
17822.0,29,0,0,0,29,0,313
17823.0,29,0,0,0,29,0,313
17824.0,29,0,0,0,29,0,313
17825.0,29,0,0,0,29,0,313
17826.0,29,0,0,0,29,0,313
17827.0,29,0,0,0,29,0,313
17828.0,29,0,0,0,29,0,313
17829.0,29,0,0,0,29,0,313
17830.0,29,0,0,0,29,0,313
17831.0,29,0,0,0,29,0,313
17832.0,29,0,0,0,29,0,313
17833.0,29,0,0,0,29,0,313
17834.0,29,0,0,0,29,0,313
17835.0,29,0,0,0,29,0,313
17836.0,29,0,0,0,29,0,313
17837.0,29,0,0,0,29,0,313
17838.0,29,0,0,0,29,0,313
17839.0,29,0,0,0,29,0,313
17840.0,29,0,0,0,29,0,313
17841.0,29,0,0,0,29,0,313
17842.0,29,0,0,0,29,0,313
17843.0,29,0,0,0,29,0,313
17844.0,29,0,0,0,29,0,313
17845.0,29,0,0,0,29,0,313
17846.0,29,0,0,0,29,0,313
17847.0,29,0,0,0,29,0,313
17848.0,29,0,0,0,29,0,313
17849.0,29,0,0,0,29,0,313
17850.0,29,0,0,0,29,0,313
17851.0,29,0,0,0,29,0,313
17852.0,29,0,0,0,29,0,313
17853.0,29,0,0,0,29,0,313
17854.0,29,0,0,0,29,0,313
17855.0,29,0,0,0,29,0,313
17856.0,29,0,0,0,29,0,313
17857.0,29,0,0,0,29,0,313
17858.0,29,0,0,0,29,0,313
17859.0,29,0,0,0,29,0,313
17860.0,29,0,0,0,29,0,313
17861.0,29,0,0,0,29,0,313
17862.0,29,0,0,0,29,0,313
17863.0,29,0,0,0,29,0,313
17864.0,29,0,0,0,29,0,313
17865.0,29,0,0,0,29,0,313
17866.0,29,0,0,0,29,0,313
17867.0,29,0,0,0,29,0,313
17868.0,29,0,0,0,29,0,313
17869.0,29,0,0,0,29,0,313
17870.0,29,0,0,0,29,0,313
17871.0,29,0,0,0,29,0,313
17872.0,29,0,0,0,29,0,313
17873.0,29,0,0,0,29,0,313
17874.0,29,0,0,0,29,0,313
17875.0,29,0,0,0,29,0,313
17876.0,29,0,0,0,29,0,313
17877.0,29,0,0,0,29,0,313
17878.0,29,0,0,0,29,0,313
17879.0,29,0,0,0,29,0,313
17880.0,29,0,0,0,29,0,313
17881.0,29,0,0,0,29,0,313
17882.0,29,0,0,0,29,0,313
17883.0,29,0,0,0,29,0,313
17884.0,29,0,0,0,29,0,313
17885.0,29,0,0,0,29,0,313
17886.0,29,0,0,0,29,0,313
17887.0,29,0,0,0,29,0,313
17888.0,29,0,0,0,29,0,313
17889.0,29,0,0,0,29,0,313
17890.0,29,0,0,0,29,0,313
17891.0,29,0,0,0,29,0,313
17892.0,29,0,0,0,29,0,313
17893.0,29,0,0,0,29,0,313
17894.0,29,0,0,0,29,0,313
17895.0,29,0,0,0,29,0,313
17896.0,29,0,0,0,29,0,313
17897.0,29,0,0,0,29,0,313
17898.0,29,0,0,0,29,0,313
17899.0,29,0,0,0,29,0,313
17900.0,29,0,0,0,29,0,313
17901.0,29,0,0,0,29,0,313
17902.0,29,0,0,0,29,0,313
17903.0,29,0,0,0,29,0,313
17904.0,29,0,0,0,29,0,313
17905.0,29,0,0,0,29,0,313
17906.0,29,0,0,0,29,0,313
17907.0,29,0,0,0,29,0,313
17908.0,29,0,0,0,29,0,313
17909.0,29,0,0,0,29,0,313
17910.0,29,0,0,0,29,0,313
17911.0,29,0,0,0,29,0,313
17912.0,29,0,0,0,29,0,313
17913.0,29,0,0,0,29,0,313
17914.0,29,0,0,0,29,0,313
17915.0,29,0,0,0,29,0,313
17916.0,29,0,0,0,29,0,313
17917.0,29,0,0,0,29,0,313
17918.0,29,0,0,0,29,0,313
17919.0,29,0,0,0,29,0,313
17920.0,29,0,0,0,29,0,313
17921.0,29,0,0,0,29,0,313
17922.0,29,0,0,0,29,0,313
17923.0,29,0,0,0,29,0,313
17924.0,29,0,0,0,29,0,313
17925.0,29,0,0,0,29,0,313
17926.0,29,0,0,0,29,0,313
17927.0,29,0,0,0,29,0,313
17928.0,29,0,0,0,29,0,313
17929.0,29,0,0,0,29,0,313
17930.0,29,0,0,0,29,0,313
17931.0,29,0,0,0,29,0,313
17932.0,29,0,0,0,29,0,313
17933.0,29,0,0,0,29,0,313
17934.0,29,0,0,0,29,0,313
17935.0,29,0,0,0,29,0,313
17936.0,29,0,0,0,29,0,313
17937.0,29,0,0,0,29,0,313
17938.0,29,0,0,0,29,0,313
17939.0,29,0,0,0,29,0,313
17940.0,29,0,0,0,29,0,313
17941.0,29,0,0,0,29,0,313
17942.0,29,0,0,0,29,0,313
17943.0,29,0,0,0,29,0,313
17944.0,29,0,0,0,29,0,313
17945.0,29,0,0,0,29,0,313
17946.0,29,0,0,0,29,0,313
17947.0,29,0,0,0,29,0,313
17948.0,29,0,0,0,29,0,313
17949.0,29,0,0,0,29,0,313
17950.0,29,0,0,0,29,0,313
17951.0,29,0,0,0,29,0,313
17952.0,29,0,0,0,29,0,313
17953.0,29,0,0,0,29,0,313
17954.0,29,0,0,0,29,0,313
17955.0,29,0,0,0,29,0,313
17956.0,29,0,0,0,29,0,313
17957.0,29,0,0,0,29,0,313
17958.0,29,0,0,0,29,0,313
17959.0,29,0,0,0,29,0,313
17960.0,29,0,0,0,29,0,313
17961.0,29,0,0,0,29,0,313
17962.0,29,0,0,0,29,0,313
17963.0,29,0,0,0,29,0,313
17964.0,29,0,0,0,29,0,313
17965.0,29,0,0,0,29,0,313
17966.0,29,0,0,0,29,0,313
17967.0,29,0,0,0,29,0,313
17968.0,29,0,0,0,29,0,313
17969.0,29,0,0,0,29,0,313
17970.0,29,0,0,0,29,0,313
17971.0,29,0,0,0,29,0,313
17972.0,29,0,0,0,29,0,313
17973.0,29,0,0,0,29,0,313
17974.0,29,0,0,0,29,0,313
17975.0,29,0,0,0,29,0,313
17976.0,29,0,0,0,29,0,313
17977.0,29,0,0,0,29,0,313
17978.0,29,0,0,0,29,0,313
17979.0,29,0,0,0,29,0,313
17980.0,29,0,0,0,29,0,313
17981.0,29,0,0,0,29,0,313
17982.0,29,0,0,0,29,0,313
17983.0,29,0,0,0,29,0,313
17984.0,29,0,0,0,29,0,313
17985.0,29,0,0,0,29,0,313
17986.0,29,0,0,0,29,0,313
17987.0,29,0,0,0,29,0,313
17988.0,29,0,0,0,29,0,313
17989.0,29,0,0,0,29,0,313
17990.0,29,0,0,0,29,0,313
17991.0,29,0,0,0,29,0,313
17992.0,29,0,0,0,29,0,313
17993.0,29,0,0,0,29,0,313
17994.0,29,0,0,0,29,0,313
17995.0,29,0,0,0,29,0,313
17996.0,29,0,0,0,29,0,313
17997.0,29,0,0,0,29,0,313
17998.0,29,0,0,0,29,0,313
17999.0,29,0,0,0,29,0,313
18000.0,29,0,0,0,29,0,313
18001.0,29,0,0,0,29,0,313
18002.0,29,0,0,0,29,0,313
18003.0,29,0,0,0,29,0,313
18004.0,29,0,0,0,29,0,313
18005.0,29,0,0,0,29,0,313
18006.0,29,0,0,0,29,0,313
18007.0,29,0,0,0,29,0,313
18008.0,29,0,0,0,29,0,313
18009.0,29,0,0,0,29,0,313
18010.0,29,0,0,0,29,0,313
18011.0,29,0,0,0,29,0,313
18012.0,29,0,0,0,29,0,313
18013.0,29,0,0,0,29,0,313
18014.0,29,0,0,0,29,0,313
18015.0,29,0,0,0,29,0,313
18016.0,29,0,0,0,29,0,313
18017.0,29,0,0,0,29,0,313
18018.0,29,0,0,0,29,0,313
18019.0,29,0,0,0,29,0,313
18020.0,29,0,0,0,29,0,313
18021.0,29,0,0,0,29,0,313
18022.0,29,0,0,0,29,0,313
18023.0,29,0,0,0,29,0,313
18024.0,29,0,0,0,29,0,313
18025.0,29,0,0,0,29,0,313
18026.0,29,0,0,0,29,0,313
18027.0,29,0,0,0,29,0,313
18028.0,29,0,0,0,29,0,313
18029.0,29,0,0,0,29,0,313
18030.0,29,0,0,0,29,0,313
18031.0,29,0,0,0,29,0,313
18032.0,29,0,0,0,29,0,313
18033.0,29,0,0,0,29,0,313
18034.0,29,0,0,0,29,0,313
18035.0,29,0,0,0,29,0,313
18036.0,29,0,0,0,29,0,313
18037.0,29,0,0,0,29,0,313
18038.0,29,0,0,0,29,0,313
18039.0,29,0,0,0,29,0,313
18040.0,29,0,0,0,29,0,313
18041.0,29,0,0,0,29,0,313
18042.0,29,0,0,0,29,0,313
18043.0,29,0,0,0,29,0,313
18044.0,29,0,0,0,29,0,313
18045.0,29,0,0,0,29,0,313
18046.0,29,0,0,0,29,0,313
18047.0,29,0,0,0,29,0,313
18048.0,29,0,0,0,29,0,313
18049.0,29,0,0,0,29,0,313
18050.0,29,0,0,0,29,0,313
18051.0,29,0,0,0,29,0,313
18052.0,29,0,0,0,29,0,313
18053.0,29,0,0,0,29,0,313
18054.0,29,0,0,0,29,0,313
18055.0,29,0,0,0,29,0,313
18056.0,29,0,0,0,29,0,313
18057.0,29,0,0,0,29,0,313
18058.0,29,0,0,0,29,0,313
18059.0,29,0,0,0,29,0,313
18060.0,29,0,0,0,29,0,313
18061.0,29,0,0,0,29,0,313
18062.0,29,0,0,0,29,0,313
18063.0,29,0,0,0,29,0,313
18064.0,29,0,0,0,29,0,313
18065.0,29,0,0,0,29,0,313
18066.0,29,0,0,0,29,0,313
18067.0,29,0,0,0,29,0,313
18068.0,29,0,0,0,29,0,313
18069.0,29,0,0,0,29,0,313
18070.0,29,0,0,0,29,0,313
18071.0,29,0,0,0,29,0,313
18072.0,29,0,0,0,29,0,313
18073.0,29,0,0,0,29,0,313
18074.0,29,0,0,0,29,0,313
18075.0,29,0,0,0,29,0,313
18076.0,29,0,0,0,29,0,313
18077.0,29,0,0,0,29,0,313
18078.0,29,0,0,0,29,0,313
18079.0,29,0,0,0,29,0,313
18080.0,29,0,0,0,29,0,313
18081.0,29,0,0,0,29,0,313
18082.0,29,0,0,0,29,0,313
18083.0,29,0,0,0,29,0,313
18084.0,29,0,0,0,29,0,313
18085.0,29,0,0,0,29,0,313
18086.0,29,0,0,0,29,0,313
18087.0,29,0,0,0,29,0,313
18088.0,29,0,0,0,29,0,313
18089.0,29,0,0,0,29,0,313
18090.0,29,0,0,0,29,0,313
18091.0,29,0,0,0,29,0,313
18092.0,29,0,0,0,29,0,313
18093.0,29,0,0,0,29,0,313
18094.0,29,0,0,0,29,0,313
18095.0,29,0,0,0,29,0,313
18096.0,29,0,0,0,29,0,313
18097.0,29,0,0,0,29,0,313
18098.0,29,0,0,0,29,0,313
18099.0,29,0,0,0,29,0,313
18100.0,29,0,0,0,29,0,313
18101.0,29,0,0,0,29,0,313
18102.0,29,0,0,0,29,0,313
18103.0,29,0,0,0,29,0,313
18104.0,29,0,0,0,29,0,313
18105.0,29,0,0,0,29,0,313
18106.0,29,0,0,0,29,0,313
18107.0,29,0,0,0,29,0,313
18108.0,29,0,0,0,29,0,313
18109.0,29,0,0,0,29,0,313
18110.0,29,0,0,0,29,0,313
18111.0,29,0,0,0,29,0,313
18112.0,29,0,0,0,29,0,313
18113.0,29,0,0,0,29,0,313
18114.0,29,0,0,0,29,0,313
18115.0,29,0,0,0,29,0,313
18116.0,29,0,0,0,29,0,313
18117.0,29,0,0,0,29,0,313
18118.0,29,0,0,0,29,0,313
18119.0,29,0,0,0,29,0,313
18120.0,29,0,0,0,29,0,313
18121.0,29,0,0,0,29,0,313
18122.0,29,0,0,0,29,0,313
18123.0,29,0,0,0,29,0,313
18124.0,29,0,0,0,29,0,313
18125.0,29,0,0,0,29,0,313
18126.0,29,0,0,0,29,0,313
18127.0,29,0,0,0,29,0,313
18128.0,29,0,0,0,29,0,313
18129.0,29,0,0,0,29,0,313
18130.0,29,0,0,0,29,0,313
18131.0,29,0,0,0,29,0,313
18132.0,29,0,0,0,29,0,313
18133.0,29,0,0,0,29,0,313
18134.0,29,0,0,0,29,0,313
18135.0,29,0,0,0,29,0,313
18136.0,29,0,0,0,29,0,313
18137.0,29,0,0,0,29,0,313
18138.0,29,0,0,0,29,0,313
18139.0,29,0,0,0,29,0,313
18140.0,29,0,0,0,29,0,313
18141.0,29,0,0,0,29,0,313
18142.0,29,0,0,0,29,0,313
18143.0,29,0,0,0,29,0,313
18144.0,29,0,0,0,29,0,313
18145.0,29,0,0,0,29,0,313
18146.0,29,0,0,0,29,0,313
18147.0,29,0,0,0,29,0,313
18148.0,29,0,0,0,29,0,313
18149.0,29,0,0,0,29,0,313
18150.0,29,0,0,0,29,0,313
18151.0,29,0,0,0,29,0,313
18152.0,29,0,0,0,29,0,313
18153.0,29,0,0,0,29,0,313
18154.0,29,0,0,0,29,0,313
18155.0,29,0,0,0,29,0,313
18156.0,29,0,0,0,29,0,313
18157.0,29,0,0,0,29,0,313
18158.0,29,0,0,0,29,0,313
18159.0,29,0,0,0,29,0,313
18160.0,29,0,0,0,29,0,313
18161.0,29,0,0,0,29,0,313
18162.0,29,0,0,0,29,0,313
18163.0,29,0,0,0,29,0,313
18164.0,29,0,0,0,29,0,313
18165.0,29,0,0,0,29,0,313
18166.0,29,0,0,0,29,0,313
18167.0,29,0,0,0,29,0,313
18168.0,29,0,0,0,29,0,313
18169.0,29,0,0,0,29,0,313
18170.0,29,0,0,0,29,0,313
18171.0,29,0,0,0,29,0,313
18172.0,29,0,0,0,29,0,313
18173.0,29,0,0,0,29,0,313
18174.0,29,0,0,0,29,0,313
18175.0,29,0,0,0,29,0,313
18176.0,29,0,0,0,29,0,313
18177.0,29,0,0,0,29,0,313
18178.0,29,0,0,0,29,0,313
18179.0,29,0,0,0,29,0,313
18180.0,29,0,0,0,29,0,313
18181.0,29,0,0,0,29,0,313
18182.0,29,0,0,0,29,0,313
18183.0,29,0,0,0,29,0,313
18184.0,29,0,0,0,29,0,313
18185.0,29,0,0,0,29,0,313
18186.0,29,0,0,0,29,0,313
18187.0,29,0,0,0,29,0,313
18188.0,29,0,0,0,29,0,313
18189.0,29,0,0,0,29,0,313
18190.0,29,0,0,0,29,0,313
18191.0,29,0,0,0,29,0,313
18192.0,29,0,0,0,29,0,313
18193.0,29,0,0,0,29,0,313
18194.0,29,0,0,0,29,0,313
18195.0,29,0,0,0,29,0,313
18196.0,29,0,0,0,29,0,313
18197.0,29,0,0,0,29,0,313
18198.0,29,0,0,0,29,0,313
18199.0,29,0,0,0,29,0,313
18200.0,29,0,0,0,29,0,313
18201.0,29,0,0,0,29,0,313
18202.0,29,0,0,0,29,0,313
18203.0,29,0,0,0,29,0,313
18204.0,29,0,0,0,29,0,313
18205.0,29,0,0,0,29,0,313
18206.0,29,0,0,0,29,0,313
18207.0,29,0,0,0,29,0,313
18208.0,29,0,0,0,29,0,313
18209.0,29,0,0,0,29,0,313
18210.0,29,0,0,0,29,0,313
18211.0,29,0,0,0,29,0,313
18212.0,29,0,0,0,29,0,313
18213.0,29,0,0,0,29,0,313
18214.0,29,0,0,0,29,0,313
18215.0,29,0,0,0,29,0,313
18216.0,29,0,0,0,29,0,313
18217.0,29,0,0,0,29,0,313
18218.0,29,0,0,0,29,0,313
18219.0,29,0,0,0,29,0,313
18220.0,29,0,0,0,29,0,313
18221.0,29,0,0,0,29,0,313
18222.0,29,0,0,0,29,0,313
18223.0,29,0,0,0,29,0,313
18224.0,29,0,0,0,29,0,313
18225.0,29,0,0,0,29,0,313
18226.0,29,0,0,0,29,0,313
18227.0,29,0,0,0,29,0,313
18228.0,29,0,0,0,29,0,313
18229.0,29,0,0,0,29,0,313
18230.0,29,0,0,0,29,0,313
18231.0,29,0,0,0,29,0,313
18232.0,29,0,0,0,29,0,313
18233.0,29,0,0,0,29,0,313
18234.0,29,0,0,0,29,0,313
18235.0,29,0,0,0,29,0,313
18236.0,29,0,0,0,29,0,313
18237.0,29,0,0,0,29,0,313
18238.0,29,0,0,0,29,0,313
18239.0,29,0,0,0,29,0,313
18240.0,29,0,0,0,29,0,313
18241.0,29,0,0,0,29,0,313
18242.0,29,0,0,0,29,0,313
18243.0,29,0,0,0,29,0,313
18244.0,29,0,0,0,29,0,313
18245.0,29,0,0,0,29,0,313
18246.0,29,0,0,0,29,0,313
18247.0,29,0,0,0,29,0,313
18248.0,29,0,0,0,29,0,313
18249.0,29,0,0,0,29,0,313
18250.0,29,0,0,0,29,0,313
18251.0,29,0,0,0,29,0,313
18252.0,29,0,0,0,29,0,313
18253.0,29,0,0,0,29,0,313
18254.0,29,0,0,0,29,0,313
18255.0,29,0,0,0,29,0,313
18256.0,29,0,0,0,29,0,313
18257.0,29,0,0,0,29,0,313
18258.0,29,0,0,0,29,0,313
18259.0,29,0,0,0,29,0,313
18260.0,29,0,0,0,29,0,313
18261.0,29,0,0,0,29,0,313
18262.0,29,0,0,0,29,0,313
18263.0,29,0,0,0,29,0,313
18264.0,29,0,0,0,29,0,313
18265.0,29,0,0,0,29,0,313
18266.0,29,0,0,0,29,0,313
18267.0,29,0,0,0,29,0,313
18268.0,29,0,0,0,29,0,313
18269.0,29,0,0,0,29,0,313
18270.0,29,0,0,0,29,0,313
18271.0,29,0,0,0,29,0,313
18272.0,29,0,0,0,29,0,313
18273.0,29,0,0,0,29,0,313
18274.0,29,0,0,0,29,0,313
18275.0,29,0,0,0,29,0,313
18276.0,29,0,0,0,29,0,313
18277.0,29,0,0,0,29,0,313
18278.0,29,0,0,0,29,0,313
18279.0,29,0,0,0,29,0,313
18280.0,29,0,0,0,29,0,313
18281.0,29,0,0,0,29,0,313
18282.0,29,0,0,0,29,0,313
18283.0,29,0,0,0,29,0,313
18284.0,29,0,0,0,29,0,313
18285.0,29,0,0,0,29,0,313
18286.0,29,0,0,0,29,0,313
18287.0,29,0,0,0,29,0,313
18288.0,29,0,0,0,29,0,313
18289.0,29,0,0,0,29,0,313
18290.0,29,0,0,0,29,0,313
18291.0,29,0,0,0,29,0,313
18292.0,29,0,0,0,29,0,313
18293.0,29,0,0,0,29,0,313
18294.0,29,0,0,0,29,0,313
18295.0,29,0,0,0,29,0,313
18296.0,29,0,0,0,29,0,313
18297.0,29,0,0,0,29,0,313
18298.0,29,0,0,0,29,0,313
18299.0,29,0,0,0,29,0,313
18300.0,29,0,0,0,29,0,313
18301.0,29,0,0,0,29,0,313
18302.0,29,0,0,0,29,0,313
18303.0,29,0,0,0,29,0,313
18304.0,29,0,0,0,29,0,313
18305.0,29,0,0,0,29,0,313
18306.0,29,0,0,0,29,0,313
18307.0,29,0,0,0,29,0,313
18308.0,29,0,0,0,29,0,313
18309.0,29,0,0,0,29,0,313
18310.0,29,0,0,0,29,0,313
18311.0,29,0,0,0,29,0,313
18312.0,29,0,0,0,29,0,313
18313.0,29,0,0,0,29,0,313
18314.0,29,0,0,0,29,0,313
18315.0,29,0,0,0,29,0,313
18316.0,29,0,0,0,29,0,313
18317.0,29,0,0,0,29,0,313
18318.0,29,0,0,0,29,0,313
18319.0,29,0,0,0,29,0,313
18320.0,29,0,0,0,29,0,313
18321.0,29,0,0,0,29,0,313
18322.0,29,0,0,0,29,0,313
18323.0,29,0,0,0,29,0,313
18324.0,29,0,0,0,29,0,313
18325.0,29,0,0,0,29,0,313
18326.0,29,0,0,0,29,0,313
18327.0,29,0,0,0,29,0,313
18328.0,29,0,0,0,29,0,313
18329.0,29,0,0,0,29,0,313
18330.0,29,0,0,0,29,0,313
18331.0,29,0,0,0,29,0,313
18332.0,29,0,0,0,29,0,313
18333.0,29,0,0,0,29,0,313
18334.0,29,0,0,0,29,0,313
18335.0,29,0,0,0,29,0,313
18336.0,29,0,0,0,29,0,313
18337.0,29,0,0,0,29,0,313
18338.0,29,0,0,0,29,0,313
18339.0,29,0,0,0,29,0,313
18340.0,29,0,0,0,29,0,313
18341.0,29,0,0,0,29,0,313
18342.0,29,0,0,0,29,0,313
18343.0,29,0,0,0,29,0,313
18344.0,29,0,0,0,29,0,313
18345.0,29,0,0,0,29,0,313
18346.0,29,0,0,0,29,0,313
18347.0,29,0,0,0,29,0,313
18348.0,29,0,0,0,29,0,313
18349.0,29,0,0,0,29,0,313
18350.0,29,0,0,0,29,0,313
18351.0,29,0,0,0,29,0,313
18352.0,29,0,0,0,29,0,313
18353.0,29,0,0,0,29,0,313
18354.0,29,0,0,0,29,0,313
18355.0,29,0,0,0,29,0,313
18356.0,29,0,0,0,29,0,313
18357.0,29,0,0,0,29,0,313
18358.0,29,0,0,0,29,0,313
18359.0,29,0,0,0,29,0,313
18360.0,29,0,0,0,29,0,313
18361.0,29,0,0,0,29,0,313
18362.0,29,0,0,0,29,0,313
18363.0,29,0,0,0,29,0,313
18364.0,29,0,0,0,29,0,313
18365.0,29,0,0,0,29,0,313
18366.0,29,0,0,0,29,0,313
18367.0,29,0,0,0,29,0,313
18368.0,29,0,0,0,29,0,313
18369.0,29,0,0,0,29,0,313
18370.0,29,0,0,0,29,0,313
18371.0,29,0,0,0,29,0,313
18372.0,29,0,0,0,29,0,313
18373.0,29,0,0,0,29,0,313
18374.0,29,0,0,0,29,0,313
18375.0,29,0,0,0,29,0,313
18376.0,29,0,0,0,29,0,313
18377.0,29,0,0,0,29,0,313
18378.0,29,0,0,0,29,0,313
18379.0,29,0,0,0,29,0,313
18380.0,29,0,0,0,29,0,313
18381.0,29,0,0,0,29,0,313
18382.0,29,0,0,0,29,0,313
18383.0,29,0,0,0,29,0,313
18384.0,29,0,0,0,29,0,313
18385.0,29,0,0,0,29,0,313
18386.0,29,0,0,0,29,0,313
18387.0,29,0,0,0,29,0,313
18388.0,29,0,0,0,29,0,313
18389.0,29,0,0,0,29,0,313
18390.0,29,0,0,0,29,0,313
18391.0,29,0,0,0,29,0,313
18392.0,29,0,0,0,29,0,313
18393.0,29,0,0,0,29,0,313
18394.0,29,0,0,0,29,0,313
18395.0,29,0,0,0,29,0,313
18396.0,29,0,0,0,29,0,313
18397.0,29,0,0,0,29,0,313
18398.0,29,0,0,0,29,0,313
18399.0,29,0,0,0,29,0,313
18400.0,29,0,0,0,29,0,313
18401.0,29,0,0,0,29,0,313
18402.0,29,0,0,0,29,0,313
18403.0,29,0,0,0,29,0,313
18404.0,29,0,0,0,29,0,313
18405.0,29,0,0,0,29,0,313
18406.0,29,0,0,0,29,0,313
18407.0,29,0,0,0,29,0,313
18408.0,29,0,0,0,29,0,313
18409.0,29,0,0,0,29,0,313
18410.0,29,0,0,0,29,0,313
18411.0,29,0,0,0,29,0,313
18412.0,29,0,0,0,29,0,313
18413.0,29,0,0,0,29,0,313
18414.0,29,0,0,0,29,0,313
18415.0,29,0,0,0,29,0,313
18416.0,29,0,0,0,29,0,313
18417.0,29,0,0,0,29,0,313
18418.0,29,0,0,0,29,0,313
18419.0,29,0,0,0,29,0,313
18420.0,29,0,0,0,29,0,313
18421.0,29,0,0,0,29,0,313
18422.0,29,0,0,0,29,0,313
18423.0,29,0,0,0,29,0,313
18424.0,29,0,0,0,29,0,313
18425.0,29,0,0,0,29,0,313
18426.0,29,0,0,0,29,0,313
18427.0,29,0,0,0,29,0,313
18428.0,29,0,0,0,29,0,313
18429.0,29,0,0,0,29,0,313
18430.0,29,0,0,0,29,0,313
18431.0,29,0,0,0,29,0,313
18432.0,29,0,0,0,29,0,313
18433.0,29,0,0,0,29,0,313
18434.0,29,0,0,0,29,0,313
18435.0,29,0,0,0,29,0,313
18436.0,29,0,0,0,29,0,313
18437.0,29,0,0,0,29,0,313
18438.0,29,0,0,0,29,0,313
18439.0,29,0,0,0,29,0,313
18440.0,29,0,0,0,29,0,313
18441.0,29,0,0,0,29,0,313
18442.0,29,0,0,0,29,0,313
18443.0,29,0,0,0,29,0,313
18444.0,29,0,0,0,29,0,313
18445.0,29,0,0,0,29,0,313
18446.0,29,0,0,0,29,0,313
18447.0,29,0,0,0,29,0,313
18448.0,29,0,0,0,29,0,313
18449.0,29,0,0,0,29,0,313
18450.0,29,0,0,0,29,0,313
18451.0,29,0,0,0,29,0,313
18452.0,29,0,0,0,29,0,313
18453.0,29,0,0,0,29,0,313
18454.0,29,0,0,0,29,0,313
18455.0,29,0,0,0,29,0,313
18456.0,29,0,0,0,29,0,313
18457.0,29,0,0,0,29,0,313
18458.0,29,0,0,0,29,0,313
18459.0,29,0,0,0,29,0,313
18460.0,29,0,0,0,29,0,313
18461.0,29,0,0,0,29,0,313
18462.0,29,0,0,0,29,0,313
18463.0,29,0,0,0,29,0,313
18464.0,29,0,0,0,29,0,313
18465.0,29,0,0,0,29,0,313
18466.0,29,0,0,0,29,0,313
18467.0,29,0,0,0,29,0,313
18468.0,29,0,0,0,29,0,313
18469.0,29,0,0,0,29,0,313
18470.0,29,0,0,0,29,0,313
18471.0,29,0,0,0,29,0,313
18472.0,29,0,0,0,29,0,313
18473.0,29,0,0,0,29,0,313
18474.0,29,0,0,0,29,0,313
18475.0,29,0,0,0,29,0,313
18476.0,29,0,0,0,29,0,313
18477.0,29,0,0,0,29,0,313
18478.0,29,0,0,0,29,0,313
18479.0,29,0,0,0,29,0,313
18480.0,29,0,0,0,29,0,313
18481.0,29,0,0,0,29,0,313
18482.0,29,0,0,0,29,0,313
18483.0,29,0,0,0,29,0,313
18484.0,29,0,0,0,29,0,313
18485.0,29,0,0,0,29,0,313
18486.0,29,0,0,0,29,0,313
18487.0,29,0,0,0,29,0,313
18488.0,29,0,0,0,29,0,313
18489.0,29,0,0,0,29,0,313
18490.0,29,0,0,0,29,0,313
18491.0,29,0,0,0,29,0,313
18492.0,29,0,0,0,29,0,313
18493.0,29,0,0,0,29,0,313
18494.0,29,0,0,0,29,0,313
18495.0,29,0,0,0,29,0,313
18496.0,29,0,0,0,29,0,313
18497.0,29,0,0,0,29,0,313
18498.0,29,0,0,0,29,0,313
18499.0,29,0,0,0,29,0,313
18500.0,29,0,0,0,29,0,313
18501.0,29,0,0,0,29,0,313
18502.0,29,0,0,0,29,0,313
18503.0,29,0,0,0,29,0,313
18504.0,29,0,0,0,29,0,313
18505.0,29,0,0,0,29,0,313
18506.0,29,0,0,0,29,0,313
18507.0,29,0,0,0,29,0,313
18508.0,29,0,0,0,29,0,313
18509.0,29,0,0,0,29,0,313
18510.0,29,0,0,0,29,0,313
18511.0,29,0,0,0,29,0,313
18512.0,29,0,0,0,29,0,313
18513.0,29,0,0,0,29,0,313
18514.0,29,0,0,0,29,0,313
18515.0,29,0,0,0,29,0,313
18516.0,29,0,0,0,29,0,313
18517.0,29,0,0,0,29,0,313
18518.0,29,0,0,0,29,0,313
18519.0,29,0,0,0,29,0,313
18520.0,29,0,0,0,29,0,313
18521.0,29,0,0,0,29,0,313
18522.0,29,0,0,0,29,0,313
18523.0,29,0,0,0,29,0,313
18524.0,29,0,0,0,29,0,313
18525.0,29,0,0,0,29,0,313
18526.0,29,0,0,0,29,0,313
18527.0,29,0,0,0,29,0,313
18528.0,29,0,0,0,29,0,313
18529.0,29,0,0,0,29,0,313
18530.0,29,0,0,0,29,0,313
18531.0,29,0,0,0,29,0,313
18532.0,29,0,0,0,29,0,313
18533.0,29,0,0,0,29,0,313
18534.0,29,0,0,0,29,0,313
18535.0,29,0,0,0,29,0,313
18536.0,29,0,0,0,29,0,313
18537.0,29,0,0,0,29,0,313
18538.0,29,0,0,0,29,0,313
18539.0,29,0,0,0,29,0,313
18540.0,29,0,0,0,29,0,313
18541.0,29,0,0,0,29,0,313
18542.0,29,0,0,0,29,0,313
18543.0,29,0,0,0,29,0,313
18544.0,29,0,0,0,29,0,313
18545.0,29,0,0,0,29,0,313
18546.0,29,0,0,0,29,0,313
18547.0,29,0,0,0,29,0,313
18548.0,29,0,0,0,29,0,313
18549.0,29,0,0,0,29,0,313
18550.0,29,0,0,0,29,0,313
18551.0,29,0,0,0,29,0,313
18552.0,29,0,0,0,29,0,313
18553.0,29,0,0,0,29,0,313
18554.0,29,0,0,0,29,0,313
18555.0,29,0,0,0,29,0,313
18556.0,29,0,0,0,29,0,313
18557.0,29,0,0,0,29,0,313
18558.0,29,0,0,0,29,0,313
18559.0,29,0,0,0,29,0,313
18560.0,29,0,0,0,29,0,313
18561.0,29,0,0,0,29,0,313
18562.0,29,0,0,0,29,0,313
18563.0,29,0,0,0,29,0,313
18564.0,29,0,0,0,29,0,313
18565.0,29,0,0,0,29,0,313
18566.0,29,0,0,0,29,0,313
18567.0,29,0,0,0,29,0,313
18568.0,29,0,0,0,29,0,313
18569.0,29,0,0,0,29,0,313
18570.0,29,0,0,0,29,0,313
18571.0,29,0,0,0,29,0,313
18572.0,29,0,0,0,29,0,313
18573.0,29,0,0,0,29,0,313
18574.0,29,0,0,0,29,0,313
18575.0,29,0,0,0,29,0,313
18576.0,29,0,0,0,29,0,313
18577.0,29,0,0,0,29,0,313
18578.0,29,0,0,0,29,0,313
18579.0,29,0,0,0,29,0,313
18580.0,29,0,0,0,29,0,313
18581.0,29,0,0,0,29,0,313
18582.0,29,0,0,0,29,0,313
18583.0,29,0,0,0,29,0,313
18584.0,29,0,0,0,29,0,313
18585.0,29,0,0,0,29,0,313
18586.0,29,0,0,0,29,0,313
18587.0,29,0,0,0,29,0,313
18588.0,29,0,0,0,29,0,313
18589.0,29,0,0,0,29,0,313
18590.0,29,0,0,0,29,0,313
18591.0,29,0,0,0,29,0,313
18592.0,29,0,0,0,29,0,313
18593.0,29,0,0,0,29,0,313
18594.0,29,0,0,0,29,0,313
18595.0,29,0,0,0,29,0,313
18596.0,29,0,0,0,29,0,313
18597.0,29,0,0,0,29,0,313
18598.0,29,0,0,0,29,0,313
18599.0,29,0,0,0,29,0,313
18600.0,29,0,0,0,29,0,313
18601.0,29,0,0,0,29,0,313
18602.0,29,0,0,0,29,0,313
18603.0,29,0,0,0,29,0,313
18604.0,29,0,0,0,29,0,313
18605.0,29,0,0,0,29,0,313
18606.0,29,0,0,0,29,0,313
18607.0,29,0,0,0,29,0,313
18608.0,29,0,0,0,29,0,313
18609.0,29,0,0,0,29,0,313
18610.0,29,0,0,0,29,0,313
18611.0,29,0,0,0,29,0,313
18612.0,29,0,0,0,29,0,313
18613.0,29,0,0,0,29,0,313
18614.0,29,0,0,0,29,0,313
18615.0,29,0,0,0,29,0,313
18616.0,29,0,0,0,29,0,313
18617.0,29,0,0,0,29,0,313
18618.0,29,0,0,0,29,0,313
18619.0,29,0,0,0,29,0,313
18620.0,29,0,0,0,29,0,313
18621.0,29,0,0,0,29,0,313
18622.0,29,0,0,0,29,0,313
18623.0,29,0,0,0,29,0,313
18624.0,29,0,0,0,29,0,313
18625.0,29,0,0,0,29,0,313
18626.0,29,0,0,0,29,0,313
18627.0,29,0,0,0,29,0,313
18628.0,29,0,0,0,29,0,313
18629.0,29,0,0,0,29,0,313
18630.0,29,0,0,0,29,0,313
18631.0,29,0,0,0,29,0,313
18632.0,29,0,0,0,29,0,313
18633.0,29,0,0,0,29,0,313
18634.0,29,0,0,0,29,0,313
18635.0,29,0,0,0,29,0,313
18636.0,29,0,0,0,29,0,313
18637.0,29,0,0,0,29,0,313
18638.0,29,0,0,0,29,0,313
18639.0,29,0,0,0,29,0,313
18640.0,29,0,0,0,29,0,313
18641.0,29,0,0,0,29,0,313
18642.0,29,0,0,0,29,0,313
18643.0,29,0,0,0,29,0,313
18644.0,29,0,0,0,29,0,313
18645.0,29,0,0,0,29,0,313
18646.0,29,0,0,0,29,0,313
18647.0,29,0,0,0,29,0,313
18648.0,29,0,0,0,29,0,313
18649.0,29,0,0,0,29,0,313
18650.0,29,0,0,0,29,0,313
18651.0,29,0,0,0,29,0,313
18652.0,29,0,0,0,29,0,313
18653.0,29,0,0,0,29,0,313
18654.0,29,0,0,0,29,0,313
18655.0,29,0,0,0,29,0,313
18656.0,29,0,0,0,29,0,313
18657.0,29,0,0,0,29,0,313
18658.0,29,0,0,0,29,0,313
18659.0,29,0,0,0,29,0,313
18660.0,29,0,0,0,29,0,313
18661.0,29,0,0,0,29,0,313
18662.0,29,0,0,0,29,0,313
18663.0,29,0,0,0,29,0,313
18664.0,29,0,0,0,29,0,313
18665.0,29,0,0,0,29,0,313
18666.0,29,0,0,0,29,0,313
18667.0,29,0,0,0,29,0,313
18668.0,29,0,0,0,29,0,313
18669.0,29,0,0,0,29,0,313
18670.0,29,0,0,0,29,0,313
18671.0,29,0,0,0,29,0,313
18672.0,29,0,0,0,29,0,313
18673.0,29,0,0,0,29,0,313
18674.0,29,0,0,0,29,0,313
18675.0,29,0,0,0,29,0,313
18676.0,29,0,0,0,29,0,313
18677.0,29,0,0,0,29,0,313
18678.0,29,0,0,0,29,0,313
18679.0,29,0,0,0,29,0,313
18680.0,29,0,0,0,29,0,313
18681.0,29,0,0,0,29,0,313
18682.0,29,0,0,0,29,0,313
18683.0,29,0,0,0,29,0,313
18684.0,29,0,0,0,29,0,313
18685.0,29,0,0,0,29,0,313
18686.0,29,0,0,0,29,0,313
18687.0,29,0,0,0,29,0,313
18688.0,29,0,0,0,29,0,313
18689.0,29,0,0,0,29,0,313
18690.0,29,0,0,0,29,0,313
18691.0,29,0,0,0,29,0,313
18692.0,29,0,0,0,29,0,313
18693.0,29,0,0,0,29,0,313
18694.0,29,0,0,0,29,0,313
18695.0,29,0,0,0,29,0,313
18696.0,29,0,0,0,29,0,313
18697.0,29,0,0,0,29,0,313
18698.0,29,0,0,0,29,0,313
18699.0,29,0,0,0,29,0,313
18700.0,29,0,0,0,29,0,313
18701.0,29,0,0,0,29,0,313
18702.0,29,0,0,0,29,0,313
18703.0,29,0,0,0,29,0,313
18704.0,29,0,0,0,29,0,313
18705.0,29,0,0,0,29,0,313
18706.0,29,0,0,0,29,0,313
18707.0,29,0,0,0,29,0,313
18708.0,29,0,0,0,29,0,313
18709.0,29,0,0,0,29,0,313
18710.0,29,0,0,0,29,0,313
18711.0,29,0,0,0,29,0,313
18712.0,29,0,0,0,29,0,313
18713.0,29,0,0,0,29,0,313
18714.0,29,0,0,0,29,0,313
18715.0,29,0,0,0,29,0,313
18716.0,29,0,0,0,29,0,313
18717.0,29,0,0,0,29,0,313
18718.0,29,0,0,0,29,0,313
18719.0,29,0,0,0,29,0,313
18720.0,29,0,0,0,29,0,313
18721.0,29,0,0,0,29,0,313
18722.0,29,0,0,0,29,0,313
18723.0,29,0,0,0,29,0,313
18724.0,29,0,0,0,29,0,313
18725.0,29,0,0,0,29,0,313
18726.0,29,0,0,0,29,0,313
18727.0,29,0,0,0,29,0,313
18728.0,29,0,0,0,29,0,313
18729.0,29,0,0,0,29,0,313
18730.0,29,0,0,0,29,0,313
18731.0,29,0,0,0,29,0,313
18732.0,29,0,0,0,29,0,313
18733.0,29,0,0,0,29,0,313
18734.0,29,0,0,0,29,0,313
18735.0,29,0,0,0,29,0,313
18736.0,29,0,0,0,29,0,313
18737.0,29,0,0,0,29,0,313
18738.0,29,0,0,0,29,0,313
18739.0,29,0,0,0,29,0,313
18740.0,29,0,0,0,29,0,313
18741.0,29,0,0,0,29,0,313
18742.0,29,0,0,0,29,0,313
18743.0,29,0,0,0,29,0,313
18744.0,29,0,0,0,29,0,313
18745.0,29,0,0,0,29,0,313
18746.0,29,0,0,0,29,0,313
18747.0,29,0,0,0,29,0,313
18748.0,29,0,0,0,29,0,313
18749.0,29,0,0,0,29,0,313
18750.0,29,0,0,0,29,0,313
18751.0,29,0,0,0,29,0,313
18752.0,29,0,0,0,29,0,313
18753.0,29,0,0,0,29,0,313
18754.0,29,0,0,0,29,0,313
18755.0,29,0,0,0,29,0,313
18756.0,29,0,0,0,29,0,313
18757.0,29,0,0,0,29,0,313
18758.0,29,0,0,0,29,0,313
18759.0,29,0,0,0,29,0,313
18760.0,29,0,0,0,29,0,313
18761.0,29,0,0,0,29,0,313
18762.0,29,0,0,0,29,0,313
18763.0,29,0,0,0,29,0,313
18764.0,29,0,0,0,29,0,313
18765.0,29,0,0,0,29,0,313
18766.0,29,0,0,0,29,0,313
18767.0,29,0,0,0,29,0,313
18768.0,29,0,0,0,29,0,313
18769.0,29,0,0,0,29,0,313
18770.0,29,0,0,0,29,0,313
18771.0,29,0,0,0,29,0,313
18772.0,29,0,0,0,29,0,313
18773.0,29,0,0,0,29,0,313
18774.0,29,0,0,0,29,0,313
18775.0,29,0,0,0,29,0,313
18776.0,29,0,0,0,29,0,313
18777.0,29,0,0,0,29,0,313
18778.0,29,0,0,0,29,0,313
18779.0,29,0,0,0,29,0,313
18780.0,29,0,0,0,29,0,313
18781.0,29,0,0,0,29,0,313
18782.0,29,0,0,0,29,0,313
18783.0,29,0,0,0,29,0,313
18784.0,29,0,0,0,29,0,313
18785.0,29,0,0,0,29,0,313
18786.0,29,0,0,0,29,0,313
18787.0,29,0,0,0,29,0,313
18788.0,29,0,0,0,29,0,313
18789.0,29,0,0,0,29,0,313
18790.0,29,0,0,0,29,0,313
18791.0,29,0,0,0,29,0,313
18792.0,29,0,0,0,29,0,313
18793.0,29,0,0,0,29,0,313
18794.0,29,0,0,0,29,0,313
18795.0,29,0,0,0,29,0,313
18796.0,29,0,0,0,29,0,313
18797.0,29,0,0,0,29,0,313
18798.0,29,0,0,0,29,0,313
18799.0,29,0,0,0,29,0,313
18800.0,29,0,0,0,29,0,313
18801.0,29,0,0,0,29,0,313
18802.0,29,0,0,0,29,0,313
18803.0,29,0,0,0,29,0,313
18804.0,29,0,0,0,29,0,313
18805.0,29,0,0,0,29,0,313
18806.0,29,0,0,0,29,0,313
18807.0,29,0,0,0,29,0,313
18808.0,29,0,0,0,29,0,313
18809.0,29,0,0,0,29,0,313
18810.0,29,0,0,0,29,0,313
18811.0,29,0,0,0,29,0,313
18812.0,29,0,0,0,29,0,313
18813.0,29,0,0,0,29,0,313
18814.0,29,0,0,0,29,0,313
18815.0,29,0,0,0,29,0,313
18816.0,29,0,0,0,29,0,313
18817.0,29,0,0,0,29,0,313
18818.0,29,0,0,0,29,0,313
18819.0,29,0,0,0,29,0,313
18820.0,29,0,0,0,29,0,313
18821.0,29,0,0,0,29,0,313
18822.0,29,0,0,0,29,0,313
18823.0,29,0,0,0,29,0,313
18824.0,29,0,0,0,29,0,313
18825.0,29,0,0,0,29,0,313
18826.0,29,0,0,0,29,0,313
18827.0,29,0,0,0,29,0,313
18828.0,29,0,0,0,29,0,313
18829.0,29,0,0,0,29,0,313
18830.0,29,0,0,0,29,0,313
18831.0,29,0,0,0,29,0,313
18832.0,29,0,0,0,29,0,313
18833.0,29,0,0,0,29,0,313
18834.0,29,0,0,0,29,0,313
18835.0,29,0,0,0,29,0,313
18836.0,29,0,0,0,29,0,313
18837.0,29,0,0,0,29,0,313
18838.0,29,0,0,0,29,0,313
18839.0,29,0,0,0,29,0,313
18840.0,29,0,0,0,29,0,313
18841.0,29,0,0,0,29,0,313
18842.0,29,0,0,0,29,0,313
18843.0,29,0,0,0,29,0,313
18844.0,29,0,0,0,29,0,313
18845.0,29,0,0,0,29,0,313
18846.0,29,0,0,0,29,0,313
18847.0,29,0,0,0,29,0,313
18848.0,29,0,0,0,29,0,313
18849.0,29,0,0,0,29,0,313
18850.0,29,0,0,0,29,0,313
18851.0,29,0,0,0,29,0,313
18852.0,29,0,0,0,29,0,313
18853.0,29,0,0,0,29,0,313
18854.0,29,0,0,0,29,0,313
18855.0,29,0,0,0,29,0,313
18856.0,29,0,0,0,29,0,313
18857.0,29,0,0,0,29,0,313
18858.0,29,0,0,0,29,0,313
18859.0,29,0,0,0,29,0,313
18860.0,29,0,0,0,29,0,313
18861.0,29,0,0,0,29,0,313
18862.0,29,0,0,0,29,0,313
18863.0,29,0,0,0,29,0,313
18864.0,29,0,0,0,29,0,313
18865.0,29,0,0,0,29,0,313
18866.0,29,0,0,0,29,0,313
18867.0,29,0,0,0,29,0,313
18868.0,29,0,0,0,29,0,313
18869.0,29,0,0,0,29,0,313
18870.0,29,0,0,0,29,0,313
18871.0,29,0,0,0,29,0,313
18872.0,29,0,0,0,29,0,313
18873.0,29,0,0,0,29,0,313
18874.0,29,0,0,0,29,0,313
18875.0,29,0,0,0,29,0,313
18876.0,29,0,0,0,29,0,313
18877.0,29,0,0,0,29,0,313
18878.0,29,0,0,0,29,0,313
18879.0,29,0,0,0,29,0,313
18880.0,29,0,0,0,29,0,313
18881.0,29,0,0,0,29,0,313
18882.0,29,0,0,0,29,0,313
18883.0,29,0,0,0,29,0,313
18884.0,29,0,0,0,29,0,313
18885.0,29,0,0,0,29,0,313
18886.0,29,0,0,0,29,0,313
18887.0,29,0,0,0,29,0,313
18888.0,29,0,0,0,29,0,313
18889.0,29,0,0,0,29,0,313
18890.0,29,0,0,0,29,0,313
18891.0,29,0,0,0,29,0,313
18892.0,29,0,0,0,29,0,313
18893.0,29,0,0,0,29,0,313
18894.0,29,0,0,0,29,0,313
18895.0,29,0,0,0,29,0,313
18896.0,29,0,0,0,29,0,313
18897.0,29,0,0,0,29,0,313
18898.0,29,0,0,0,29,0,313
18899.0,29,0,0,0,29,0,313
18900.0,29,0,0,0,29,0,313
18901.0,29,0,0,0,29,0,313
18902.0,29,0,0,0,29,0,313
18903.0,29,0,0,0,29,0,313
18904.0,29,0,0,0,29,0,313
18905.0,29,0,0,0,29,0,313
18906.0,29,0,0,0,29,0,313
18907.0,29,0,0,0,29,0,313
18908.0,29,0,0,0,29,0,313
18909.0,29,0,0,0,29,0,313
18910.0,29,0,0,0,29,0,313
18911.0,29,0,0,0,29,0,313
18912.0,29,0,0,0,29,0,313
18913.0,29,0,0,0,29,0,313
18914.0,29,0,0,0,29,0,313
18915.0,29,0,0,0,29,0,313
18916.0,29,0,0,0,29,0,313
18917.0,29,0,0,0,29,0,313
18918.0,29,0,0,0,29,0,313
18919.0,29,0,0,0,29,0,313
18920.0,29,0,0,0,29,0,313
18921.0,29,0,0,0,29,0,313
18922.0,29,0,0,0,29,0,313
18923.0,29,0,0,0,29,0,313
18924.0,29,0,0,0,29,0,313
18925.0,29,0,0,0,29,0,313
18926.0,29,0,0,0,29,0,313
18927.0,29,0,0,0,29,0,313
18928.0,29,0,0,0,29,0,313
18929.0,29,0,0,0,29,0,313
18930.0,29,0,0,0,29,0,313
18931.0,29,0,0,0,29,0,313
18932.0,29,0,0,0,29,0,313
18933.0,29,0,0,0,29,0,313
18934.0,29,0,0,0,29,0,313
18935.0,29,0,0,0,29,0,313
18936.0,29,0,0,0,29,0,313
18937.0,29,0,0,0,29,0,313
18938.0,29,0,0,0,29,0,313
18939.0,29,0,0,0,29,0,313
18940.0,29,0,0,0,29,0,313
18941.0,29,0,0,0,29,0,313
18942.0,29,0,0,0,29,0,313
18943.0,29,0,0,0,29,0,313
18944.0,29,0,0,0,29,0,313
18945.0,29,0,0,0,29,0,313
18946.0,29,0,0,0,29,0,313
18947.0,29,0,0,0,29,0,313
18948.0,29,0,0,0,29,0,313
18949.0,29,0,0,0,29,0,313
18950.0,29,0,0,0,29,0,313
18951.0,29,0,0,0,29,0,313
18952.0,29,0,0,0,29,0,313
18953.0,29,0,0,0,29,0,313
18954.0,29,0,0,0,29,0,313
18955.0,29,0,0,0,29,0,313
18956.0,29,0,0,0,29,0,313
18957.0,29,0,0,0,29,0,313
18958.0,29,0,0,0,29,0,313
18959.0,29,0,0,0,29,0,313
18960.0,29,0,0,0,29,0,313
18961.0,29,0,0,0,29,0,313
18962.0,29,0,0,0,29,0,313
18963.0,29,0,0,0,29,0,313
18964.0,29,0,0,0,29,0,313
18965.0,29,0,0,0,29,0,313
18966.0,29,0,0,0,29,0,313
18967.0,29,0,0,0,29,0,313
18968.0,29,0,0,0,29,0,313
18969.0,29,0,0,0,29,0,313
18970.0,29,0,0,0,29,0,313
18971.0,29,0,0,0,29,0,313
18972.0,29,0,0,0,29,0,313
18973.0,29,0,0,0,29,0,313
18974.0,29,0,0,0,29,0,313
18975.0,29,0,0,0,29,0,313
18976.0,29,0,0,0,29,0,313
18977.0,29,0,0,0,29,0,313
18978.0,29,0,0,0,29,0,313
18979.0,29,0,0,0,29,0,313
18980.0,29,0,0,0,29,0,313
18981.0,29,0,0,0,29,0,313
18982.0,29,0,0,0,29,0,313
18983.0,29,0,0,0,29,0,313
18984.0,29,0,0,0,29,0,313
18985.0,29,0,0,0,29,0,313
18986.0,29,0,0,0,29,0,313
18987.0,29,0,0,0,29,0,313
18988.0,29,0,0,0,29,0,313
18989.0,29,0,0,0,29,0,313
18990.0,29,0,0,0,29,0,313
18991.0,29,0,0,0,29,0,313
18992.0,29,0,0,0,29,0,313
18993.0,29,0,0,0,29,0,313
18994.0,29,0,0,0,29,0,313
18995.0,29,0,0,0,29,0,313
18996.0,29,0,0,0,29,0,313
18997.0,29,0,0,0,29,0,313
18998.0,29,0,0,0,29,0,313
18999.0,29,0,0,0,29,0,313
19000.0,29,0,0,0,29,0,313
19001.0,29,0,0,0,29,0,313
19002.0,29,0,0,0,29,0,313
19003.0,29,0,0,0,29,0,313
19004.0,29,0,0,0,29,0,313
19005.0,29,0,0,0,29,0,313
19006.0,29,0,0,0,29,0,313
19007.0,29,0,0,0,29,0,313
19008.0,29,0,0,0,29,0,313
19009.0,29,0,0,0,29,0,313
19010.0,29,0,0,0,29,0,313
19011.0,29,0,0,0,29,0,313
19012.0,29,0,0,0,29,0,313
19013.0,29,0,0,0,29,0,313
19014.0,29,0,0,0,29,0,313
19015.0,29,0,0,0,29,0,313
19016.0,29,0,0,0,29,0,313
19017.0,29,0,0,0,29,0,313
19018.0,29,0,0,0,29,0,313
19019.0,29,0,0,0,29,0,313
19020.0,29,0,0,0,29,0,313
19021.0,29,0,0,0,29,0,313
19022.0,29,0,0,0,29,0,313
19023.0,29,0,0,0,29,0,313
19024.0,29,0,0,0,29,0,313
19025.0,29,0,0,0,29,0,313
19026.0,29,0,0,0,29,0,313
19027.0,29,0,0,0,29,0,313
19028.0,29,0,0,0,29,0,313
19029.0,29,0,0,0,29,0,313
19030.0,29,0,0,0,29,0,313
19031.0,29,0,0,0,29,0,313
19032.0,29,0,0,0,29,0,313
19033.0,29,0,0,0,29,0,313
19034.0,29,0,0,0,29,0,313
19035.0,29,0,0,0,29,0,313
19036.0,29,0,0,0,29,0,313
19037.0,29,0,0,0,29,0,313
19038.0,29,0,0,0,29,0,313
19039.0,29,0,0,0,29,0,313
19040.0,29,0,0,0,29,0,313
19041.0,29,0,0,0,29,0,313
19042.0,29,0,0,0,29,0,313
19043.0,29,0,0,0,29,0,313
19044.0,29,0,0,0,29,0,313
19045.0,29,0,0,0,29,0,313
19046.0,29,0,0,0,29,0,313
19047.0,29,0,0,0,29,0,313
19048.0,29,0,0,0,29,0,313
19049.0,29,0,0,0,29,0,313
19050.0,29,0,0,0,29,0,313
19051.0,29,0,0,0,29,0,313
19052.0,29,0,0,0,29,0,313
19053.0,29,0,0,0,29,0,313
19054.0,29,0,0,0,29,0,313
19055.0,29,0,0,0,29,0,313
19056.0,29,0,0,0,29,0,313
19057.0,29,0,0,0,29,0,313
19058.0,29,0,0,0,29,0,313
19059.0,29,0,0,0,29,0,313
19060.0,29,0,0,0,29,0,313
19061.0,29,0,0,0,29,0,313
19062.0,29,0,0,0,29,0,313
19063.0,29,0,0,0,29,0,313
19064.0,29,0,0,0,29,0,313
19065.0,29,0,0,0,29,0,313
19066.0,29,0,0,0,29,0,313
19067.0,29,0,0,0,29,0,313
19068.0,29,0,0,0,29,0,313
19069.0,29,0,0,0,29,0,313
19070.0,29,0,0,0,29,0,313
19071.0,29,0,0,0,29,0,313
19072.0,29,0,0,0,29,0,313
19073.0,29,0,0,0,29,0,313
19074.0,29,0,0,0,29,0,313
19075.0,29,0,0,0,29,0,313
19076.0,29,0,0,0,29,0,313
19077.0,29,0,0,0,29,0,313
19078.0,29,0,0,0,29,0,313
19079.0,29,0,0,0,29,0,313
19080.0,29,0,0,0,29,0,313
19081.0,29,0,0,0,29,0,313
19082.0,29,0,0,0,29,0,313
19083.0,29,0,0,0,29,0,313
19084.0,29,0,0,0,29,0,313
19085.0,29,0,0,0,29,0,313
19086.0,29,0,0,0,29,0,313
19087.0,29,0,0,0,29,0,313
19088.0,29,0,0,0,29,0,313
19089.0,29,0,0,0,29,0,313
19090.0,29,0,0,0,29,0,313
19091.0,29,0,0,0,29,0,313
19092.0,29,0,0,0,29,0,313
19093.0,29,0,0,0,29,0,313
19094.0,29,0,0,0,29,0,313
19095.0,29,0,0,0,29,0,313
19096.0,29,0,0,0,29,0,313
19097.0,29,0,0,0,29,0,313
19098.0,29,0,0,0,29,0,313
19099.0,29,0,0,0,29,0,313
19100.0,29,0,0,0,29,0,313
19101.0,29,0,0,0,29,0,313
19102.0,29,0,0,0,29,0,313
19103.0,29,0,0,0,29,0,313
19104.0,29,0,0,0,29,0,313
19105.0,29,0,0,0,29,0,313
19106.0,29,0,0,0,29,0,313
19107.0,29,0,0,0,29,0,313
19108.0,29,0,0,0,29,0,313
19109.0,29,0,0,0,29,0,313
19110.0,29,0,0,0,29,0,313
19111.0,29,0,0,0,29,0,313
19112.0,29,0,0,0,29,0,313
19113.0,29,0,0,0,29,0,313
19114.0,29,0,0,0,29,0,313
19115.0,29,0,0,0,29,0,313
19116.0,29,0,0,0,29,0,313
19117.0,29,0,0,0,29,0,313
19118.0,29,0,0,0,29,0,313
19119.0,29,0,0,0,29,0,313
19120.0,29,0,0,0,29,0,313
19121.0,29,0,0,0,29,0,313
19122.0,29,0,0,0,29,0,313
19123.0,29,0,0,0,29,0,313
19124.0,29,0,0,0,29,0,313
19125.0,29,0,0,0,29,0,313
19126.0,29,0,0,0,29,0,313
19127.0,29,0,0,0,29,0,313
19128.0,29,0,0,0,29,0,313
19129.0,29,0,0,0,29,0,313
19130.0,29,0,0,0,29,0,313
19131.0,29,0,0,0,29,0,313
19132.0,29,0,0,0,29,0,313
19133.0,29,0,0,0,29,0,313
19134.0,29,0,0,0,29,0,313
19135.0,29,0,0,0,29,0,313
19136.0,29,0,0,0,29,0,313
19137.0,29,0,0,0,29,0,313
19138.0,29,0,0,0,29,0,313
19139.0,29,0,0,0,29,0,313
19140.0,29,0,0,0,29,0,313
19141.0,29,0,0,0,29,0,313
19142.0,29,0,0,0,29,0,313
19143.0,29,0,0,0,29,0,313
19144.0,29,0,0,0,29,0,313
19145.0,29,0,0,0,29,0,313
19146.0,29,0,0,0,29,0,313
19147.0,29,0,0,0,29,0,313
19148.0,29,0,0,0,29,0,313
19149.0,29,0,0,0,29,0,313
19150.0,29,0,0,0,29,0,313
19151.0,29,0,0,0,29,0,313
19152.0,29,0,0,0,29,0,313
19153.0,29,0,0,0,29,0,313
19154.0,29,0,0,0,29,0,313
19155.0,29,0,0,0,29,0,313
19156.0,29,0,0,0,29,0,313
19157.0,29,0,0,0,29,0,313
19158.0,29,0,0,0,29,0,313
19159.0,29,0,0,0,29,0,313
19160.0,29,0,0,0,29,0,313
19161.0,29,0,0,0,29,0,313
19162.0,29,0,0,0,29,0,313
19163.0,29,0,0,0,29,0,313
19164.0,29,0,0,0,29,0,313
19165.0,29,0,0,0,29,0,313
19166.0,29,0,0,0,29,0,313
19167.0,29,0,0,0,29,0,313
19168.0,29,0,0,0,29,0,313
19169.0,29,0,0,0,29,0,313
19170.0,29,0,0,0,29,0,313
19171.0,29,0,0,0,29,0,313
19172.0,29,0,0,0,29,0,313
19173.0,29,0,0,0,29,0,313
19174.0,29,0,0,0,29,0,313
19175.0,29,0,0,0,29,0,313
19176.0,29,0,0,0,29,0,313
19177.0,29,0,0,0,29,0,313
19178.0,29,0,0,0,29,0,313
19179.0,29,0,0,0,29,0,313
19180.0,29,0,0,0,29,0,313
19181.0,29,0,0,0,29,0,313
19182.0,29,0,0,0,29,0,313
19183.0,29,0,0,0,29,0,313
19184.0,29,0,0,0,29,0,313
19185.0,29,0,0,0,29,0,313
19186.0,29,0,0,0,29,0,313
19187.0,29,0,0,0,29,0,313
19188.0,29,0,0,0,29,0,313
19189.0,29,0,0,0,29,0,313
19190.0,29,0,0,0,29,0,313
19191.0,29,0,0,0,29,0,313
19192.0,29,0,0,0,29,0,313
19193.0,29,0,0,0,29,0,313
19194.0,29,0,0,0,29,0,313
19195.0,29,0,0,0,29,0,313
19196.0,29,0,0,0,29,0,313
19197.0,29,0,0,0,29,0,313
19198.0,29,0,0,0,29,0,313
19199.0,29,0,0,0,29,0,313
19200.0,29,0,0,0,29,0,313
19201.0,29,0,0,0,29,0,313
19202.0,29,0,0,0,29,0,313
19203.0,29,0,0,0,29,0,313
19204.0,29,0,0,0,29,0,313
19205.0,29,0,0,0,29,0,313
19206.0,29,0,0,0,29,0,313
19207.0,29,0,0,0,29,0,313
19208.0,29,0,0,0,29,0,313
19209.0,29,0,0,0,29,0,313
19210.0,29,0,0,0,29,0,313
19211.0,29,0,0,0,29,0,313
19212.0,29,0,0,0,29,0,313
19213.0,29,0,0,0,29,0,313
19214.0,29,0,0,0,29,0,313
19215.0,29,0,0,0,29,0,313
19216.0,29,0,0,0,29,0,313
19217.0,29,0,0,0,29,0,313
19218.0,29,0,0,0,29,0,313
19219.0,29,0,0,0,29,0,313
19220.0,29,0,0,0,29,0,313
19221.0,29,0,0,0,29,0,313
19222.0,29,0,0,0,29,0,313
19223.0,29,0,0,0,29,0,313
19224.0,29,0,0,0,29,0,313
19225.0,29,0,0,0,29,0,313
19226.0,29,0,0,0,29,0,313
19227.0,29,0,0,0,29,0,313
19228.0,29,0,0,0,29,0,313
19229.0,29,0,0,0,29,0,313
19230.0,29,0,0,0,29,0,313
19231.0,29,0,0,0,29,0,313
19232.0,29,0,0,0,29,0,313
19233.0,29,0,0,0,29,0,313
19234.0,29,0,0,0,29,0,313
19235.0,29,0,0,0,29,0,313
19236.0,29,0,0,0,29,0,313
19237.0,29,0,0,0,29,0,313
19238.0,29,0,0,0,29,0,313
19239.0,29,0,0,0,29,0,313
19240.0,29,0,0,0,29,0,313
19241.0,29,0,0,0,29,0,313
19242.0,29,0,0,0,29,0,313
19243.0,29,0,0,0,29,0,313
19244.0,29,0,0,0,29,0,313
19245.0,29,0,0,0,29,0,313
19246.0,29,0,0,0,29,0,313
19247.0,29,0,0,0,29,0,313
19248.0,29,0,0,0,29,0,313
19249.0,29,0,0,0,29,0,313
19250.0,29,0,0,0,29,0,313
19251.0,29,0,0,0,29,0,313
19252.0,29,0,0,0,29,0,313
19253.0,29,0,0,0,29,0,313
19254.0,29,0,0,0,29,0,313
19255.0,29,0,0,0,29,0,313
19256.0,29,0,0,0,29,0,313
19257.0,29,0,0,0,29,0,313
19258.0,29,0,0,0,29,0,313
19259.0,29,0,0,0,29,0,313
19260.0,29,0,0,0,29,0,313
19261.0,29,0,0,0,29,0,313
19262.0,29,0,0,0,29,0,313
19263.0,29,0,0,0,29,0,313
19264.0,29,0,0,0,29,0,313
19265.0,29,0,0,0,29,0,313
19266.0,29,0,0,0,29,0,313
19267.0,29,0,0,0,29,0,313
19268.0,29,0,0,0,29,0,313
19269.0,29,0,0,0,29,0,313
19270.0,29,0,0,0,29,0,313
19271.0,29,0,0,0,29,0,313
19272.0,29,0,0,0,29,0,313
19273.0,29,0,0,0,29,0,313
19274.0,29,0,0,0,29,0,313
19275.0,29,0,0,0,29,0,313
19276.0,29,0,0,0,29,0,313
19277.0,29,0,0,0,29,0,313
19278.0,29,0,0,0,29,0,313
19279.0,29,0,0,0,29,0,313
19280.0,29,0,0,0,29,0,313
19281.0,29,0,0,0,29,0,313
19282.0,29,0,0,0,29,0,313
19283.0,29,0,0,0,29,0,313
19284.0,29,0,0,0,29,0,313
19285.0,29,0,0,0,29,0,313
19286.0,29,0,0,0,29,0,313
19287.0,29,0,0,0,29,0,313
19288.0,29,0,0,0,29,0,313
19289.0,29,0,0,0,29,0,313
19290.0,29,0,0,0,29,0,313
19291.0,29,0,0,0,29,0,313
19292.0,29,0,0,0,29,0,313
19293.0,29,0,0,0,29,0,313
19294.0,29,0,0,0,29,0,313
19295.0,29,0,0,0,29,0,313
19296.0,29,0,0,0,29,0,313
19297.0,29,0,0,0,29,0,313
19298.0,29,0,0,0,29,0,313
19299.0,29,0,0,0,29,0,313
19300.0,29,0,0,0,29,0,313
19301.0,29,0,0,0,29,0,313
19302.0,29,0,0,0,29,0,313
19303.0,29,0,0,0,29,0,313
19304.0,29,0,0,0,29,0,313
19305.0,29,0,0,0,29,0,313
19306.0,29,0,0,0,29,0,313
19307.0,29,0,0,0,29,0,313
19308.0,29,0,0,0,29,0,313
19309.0,29,0,0,0,29,0,313
19310.0,29,0,0,0,29,0,313
19311.0,29,0,0,0,29,0,313
19312.0,29,0,0,0,29,0,313
19313.0,29,0,0,0,29,0,313
19314.0,29,0,0,0,29,0,313
19315.0,29,0,0,0,29,0,313
19316.0,29,0,0,0,29,0,313
19317.0,29,0,0,0,29,0,313
19318.0,29,0,0,0,29,0,313
19319.0,29,0,0,0,29,0,313
19320.0,29,0,0,0,29,0,313
19321.0,29,0,0,0,29,0,313
19322.0,29,0,0,0,29,0,313
19323.0,29,0,0,0,29,0,313
19324.0,29,0,0,0,29,0,313
19325.0,29,0,0,0,29,0,313
19326.0,29,0,0,0,29,0,313
19327.0,29,0,0,0,29,0,313
19328.0,29,0,0,0,29,0,313
19329.0,29,0,0,0,29,0,313
19330.0,29,0,0,0,29,0,313
19331.0,29,0,0,0,29,0,313
19332.0,29,0,0,0,29,0,313
19333.0,29,0,0,0,29,0,313
19334.0,29,0,0,0,29,0,313
19335.0,29,0,0,0,29,0,313
19336.0,29,0,0,0,29,0,313
19337.0,29,0,0,0,29,0,313
19338.0,29,0,0,0,29,0,313
19339.0,29,0,0,0,29,0,313
19340.0,29,0,0,0,29,0,313
19341.0,29,0,0,0,29,0,313
19342.0,29,0,0,0,29,0,313
19343.0,29,0,0,0,29,0,313
19344.0,29,0,0,0,29,0,313
19345.0,29,0,0,0,29,0,313
19346.0,29,0,0,0,29,0,313
19347.0,29,0,0,0,29,0,313
19348.0,29,0,0,0,29,0,313
19349.0,29,0,0,0,29,0,313
19350.0,29,0,0,0,29,0,313
19351.0,29,0,0,0,29,0,313
19352.0,29,0,0,0,29,0,313
19353.0,29,0,0,0,29,0,313
19354.0,29,0,0,0,29,0,313
19355.0,29,0,0,0,29,0,313
19356.0,29,0,0,0,29,0,313
19357.0,29,0,0,0,29,0,313
19358.0,29,0,0,0,29,0,313
19359.0,29,0,0,0,29,0,313
19360.0,29,0,0,0,29,0,313
19361.0,29,0,0,0,29,0,313
19362.0,29,0,0,0,29,0,313
19363.0,29,0,0,0,29,0,313
19364.0,29,0,0,0,29,0,313
19365.0,29,0,0,0,29,0,313
19366.0,29,0,0,0,29,0,313
19367.0,29,0,0,0,29,0,313
19368.0,29,0,0,0,29,0,313
19369.0,29,0,0,0,29,0,313
19370.0,29,0,0,0,29,0,313
19371.0,29,0,0,0,29,0,313
19372.0,29,0,0,0,29,0,313
19373.0,29,0,0,0,29,0,313
19374.0,29,0,0,0,29,0,313
19375.0,29,0,0,0,29,0,313
19376.0,29,0,0,0,29,0,313
19377.0,29,0,0,0,29,0,313
19378.0,29,0,0,0,29,0,313
19379.0,29,0,0,0,29,0,313
19380.0,29,0,0,0,29,0,313
19381.0,29,0,0,0,29,0,313
19382.0,29,0,0,0,29,0,313
19383.0,29,0,0,0,29,0,313
19384.0,29,0,0,0,29,0,313
19385.0,29,0,0,0,29,0,313
19386.0,29,0,0,0,29,0,313
19387.0,29,0,0,0,29,0,313
19388.0,29,0,0,0,29,0,313
19389.0,29,0,0,0,29,0,313
19390.0,29,0,0,0,29,0,313
19391.0,29,0,0,0,29,0,313
19392.0,29,0,0,0,29,0,313
19393.0,29,0,0,0,29,0,313
19394.0,29,0,0,0,29,0,313
19395.0,29,0,0,0,29,0,313
19396.0,29,0,0,0,29,0,313
19397.0,29,0,0,0,29,0,313
19398.0,29,0,0,0,29,0,313
19399.0,29,0,0,0,29,0,313
19400.0,29,0,0,0,29,0,313
19401.0,29,0,0,0,29,0,313
19402.0,29,0,0,0,29,0,313
19403.0,29,0,0,0,29,0,313
19404.0,29,0,0,0,29,0,313
19405.0,29,0,0,0,29,0,313
19406.0,29,0,0,0,29,0,313
19407.0,29,0,0,0,29,0,313
19408.0,29,0,0,0,29,0,313
19409.0,29,0,0,0,29,0,313
19410.0,29,0,0,0,29,0,313
19411.0,29,0,0,0,29,0,313
19412.0,29,0,0,0,29,0,313
19413.0,29,0,0,0,29,0,313
19414.0,29,0,0,0,29,0,313
19415.0,29,0,0,0,29,0,313
19416.0,29,0,0,0,29,0,313
19417.0,29,0,0,0,29,0,313
19418.0,29,0,0,0,29,0,313
19419.0,29,0,0,0,29,0,313
19420.0,29,0,0,0,29,0,313
19421.0,29,0,0,0,29,0,313
19422.0,29,0,0,0,29,0,313
19423.0,29,0,0,0,29,0,313
19424.0,29,0,0,0,29,0,313
19425.0,29,0,0,0,29,0,313
19426.0,29,0,0,0,29,0,313
19427.0,29,0,0,0,29,0,313
19428.0,29,0,0,0,29,0,313
19429.0,29,0,0,0,29,0,313
19430.0,29,0,0,0,29,0,313
19431.0,29,0,0,0,29,0,313
19432.0,29,0,0,0,29,0,313
19433.0,29,0,0,0,29,0,313
19434.0,29,0,0,0,29,0,313
19435.0,29,0,0,0,29,0,313
19436.0,29,0,0,0,29,0,313
19437.0,29,0,0,0,29,0,313
19438.0,29,0,0,0,29,0,313
19439.0,29,0,0,0,29,0,313
19440.0,29,0,0,0,29,0,313
19441.0,29,0,0,0,29,0,313
19442.0,29,0,0,0,29,0,313
19443.0,29,0,0,0,29,0,313
19444.0,29,0,0,0,29,0,313
19445.0,29,0,0,0,29,0,313
19446.0,29,0,0,0,29,0,313
19447.0,29,0,0,0,29,0,313
19448.0,29,0,0,0,29,0,313
19449.0,29,0,0,0,29,0,313
19450.0,29,0,0,0,29,0,313
19451.0,29,0,0,0,29,0,313
19452.0,29,0,0,0,29,0,313
19453.0,29,0,0,0,29,0,313
19454.0,29,0,0,0,29,0,313
19455.0,29,0,0,0,29,0,313
19456.0,29,0,0,0,29,0,313
19457.0,29,0,0,0,29,0,313
19458.0,29,0,0,0,29,0,313
19459.0,29,0,0,0,29,0,313
19460.0,29,0,0,0,29,0,313
19461.0,29,0,0,0,29,0,313
19462.0,29,0,0,0,29,0,313
19463.0,29,0,0,0,29,0,313
19464.0,29,0,0,0,29,0,313
19465.0,29,0,0,0,29,0,313
19466.0,29,0,0,0,29,0,313
19467.0,29,0,0,0,29,0,313
19468.0,29,0,0,0,29,0,313
19469.0,29,0,0,0,29,0,313
19470.0,29,0,0,0,29,0,313
19471.0,29,0,0,0,29,0,313
19472.0,29,0,0,0,29,0,313
19473.0,29,0,0,0,29,0,313
19474.0,29,0,0,0,29,0,313
19475.0,29,0,0,0,29,0,313
19476.0,29,0,0,0,29,0,313
19477.0,29,0,0,0,29,0,313
19478.0,29,0,0,0,29,0,313
19479.0,29,0,0,0,29,0,313
19480.0,29,0,0,0,29,0,313
19481.0,29,0,0,0,29,0,313
19482.0,29,0,0,0,29,0,313
19483.0,29,0,0,0,29,0,313
19484.0,29,0,0,0,29,0,313
19485.0,29,0,0,0,29,0,313
19486.0,29,0,0,0,29,0,313
19487.0,29,0,0,0,29,0,313
19488.0,29,0,0,0,29,0,313
19489.0,29,0,0,0,29,0,313
19490.0,29,0,0,0,29,0,313
19491.0,29,0,0,0,29,0,313
19492.0,29,0,0,0,29,0,313
19493.0,29,0,0,0,29,0,313
19494.0,29,0,0,0,29,0,313
19495.0,29,0,0,0,29,0,313
19496.0,29,0,0,0,29,0,313
19497.0,29,0,0,0,29,0,313
19498.0,29,0,0,0,29,0,313
19499.0,29,0,0,0,29,0,313
19500.0,29,0,0,0,29,0,313
19501.0,29,0,0,0,29,0,313
19502.0,29,0,0,0,29,0,313
19503.0,29,0,0,0,29,0,313
19504.0,29,0,0,0,29,0,313
19505.0,29,0,0,0,29,0,313
19506.0,29,0,0,0,29,0,313
19507.0,29,0,0,0,29,0,313
19508.0,29,0,0,0,29,0,313
19509.0,29,0,0,0,29,0,313
19510.0,29,0,0,0,29,0,313
19511.0,29,0,0,0,29,0,313
19512.0,29,0,0,0,29,0,313
19513.0,29,0,0,0,29,0,313
19514.0,29,0,0,0,29,0,313
19515.0,29,0,0,0,29,0,313
19516.0,29,0,0,0,29,0,313
19517.0,29,0,0,0,29,0,313
19518.0,29,0,0,0,29,0,313
19519.0,29,0,0,0,29,0,313
19520.0,29,0,0,0,29,0,313
19521.0,29,0,0,0,29,0,313
19522.0,29,0,0,0,29,0,313
19523.0,29,0,0,0,29,0,313
19524.0,29,0,0,0,29,0,313
19525.0,29,0,0,0,29,0,313
19526.0,29,0,0,0,29,0,313
19527.0,29,0,0,0,29,0,313
19528.0,29,0,0,0,29,0,313
19529.0,29,0,0,0,29,0,313
19530.0,29,0,0,0,29,0,313
19531.0,29,0,0,0,29,0,313
19532.0,29,0,0,0,29,0,313
19533.0,29,0,0,0,29,0,313
19534.0,29,0,0,0,29,0,313
19535.0,29,0,0,0,29,0,313
19536.0,29,0,0,0,29,0,313
19537.0,29,0,0,0,29,0,313
19538.0,29,0,0,0,29,0,313
19539.0,29,0,0,0,29,0,313
19540.0,29,0,0,0,29,0,313
19541.0,29,0,0,0,29,0,313
19542.0,29,0,0,0,29,0,313
19543.0,29,0,0,0,29,0,313
19544.0,29,0,0,0,29,0,313
19545.0,29,0,0,0,29,0,313
19546.0,29,0,0,0,29,0,313
19547.0,29,0,0,0,29,0,313
19548.0,29,0,0,0,29,0,313
19549.0,29,0,0,0,29,0,313
19550.0,29,0,0,0,29,0,313
19551.0,29,0,0,0,29,0,313
19552.0,29,0,0,0,29,0,313
19553.0,29,0,0,0,29,0,313
19554.0,29,0,0,0,29,0,313
19555.0,29,0,0,0,29,0,313
19556.0,29,0,0,0,29,0,313
19557.0,29,0,0,0,29,0,313
19558.0,29,0,0,0,29,0,313
19559.0,29,0,0,0,29,0,313
19560.0,29,0,0,0,29,0,313
19561.0,29,0,0,0,29,0,313
19562.0,29,0,0,0,29,0,313
19563.0,29,0,0,0,29,0,313
19564.0,29,0,0,0,29,0,313
19565.0,29,0,0,0,29,0,313
19566.0,29,0,0,0,29,0,313
19567.0,29,0,0,0,29,0,313
19568.0,29,0,0,0,29,0,313
19569.0,29,0,0,0,29,0,313
19570.0,29,0,0,0,29,0,313
19571.0,29,0,0,0,29,0,313
19572.0,29,0,0,0,29,0,313
19573.0,29,0,0,0,29,0,313
19574.0,29,0,0,0,29,0,313
19575.0,29,0,0,0,29,0,313
19576.0,29,0,0,0,29,0,313
19577.0,29,0,0,0,29,0,313
19578.0,29,0,0,0,29,0,313
19579.0,29,0,0,0,29,0,313
19580.0,29,0,0,0,29,0,313
19581.0,29,0,0,0,29,0,313
19582.0,29,0,0,0,29,0,313
19583.0,29,0,0,0,29,0,313
19584.0,29,0,0,0,29,0,313
19585.0,29,0,0,0,29,0,313
19586.0,29,0,0,0,29,0,313
19587.0,29,0,0,0,29,0,313
19588.0,29,0,0,0,29,0,313
19589.0,29,0,0,0,29,0,313
19590.0,29,0,0,0,29,0,313
19591.0,29,0,0,0,29,0,313
19592.0,29,0,0,0,29,0,313
19593.0,29,0,0,0,29,0,313
19594.0,29,0,0,0,29,0,313
19595.0,29,0,0,0,29,0,313
19596.0,29,0,0,0,29,0,313
19597.0,29,0,0,0,29,0,313
19598.0,29,0,0,0,29,0,313
19599.0,29,0,0,0,29,0,313
19600.0,29,0,0,0,29,0,313
19601.0,29,0,0,0,29,0,313
19602.0,29,0,0,0,29,0,313
19603.0,29,0,0,0,29,0,313
19604.0,29,0,0,0,29,0,313
19605.0,29,0,0,0,29,0,313
19606.0,29,0,0,0,29,0,313
19607.0,29,0,0,0,29,0,313
19608.0,29,0,0,0,29,0,313
19609.0,29,0,0,0,29,0,313
19610.0,29,0,0,0,29,0,313
19611.0,29,0,0,0,29,0,313
19612.0,29,0,0,0,29,0,313
19613.0,29,0,0,0,29,0,313
19614.0,29,0,0,0,29,0,313
19615.0,29,0,0,0,29,0,313
19616.0,29,0,0,0,29,0,313
19617.0,29,0,0,0,29,0,313
19618.0,29,0,0,0,29,0,313
19619.0,29,0,0,0,29,0,313
19620.0,29,0,0,0,29,0,313
19621.0,29,0,0,0,29,0,313
19622.0,29,0,0,0,29,0,313
19623.0,29,0,0,0,29,0,313
19624.0,29,0,0,0,29,0,313
19625.0,29,0,0,0,29,0,313
19626.0,29,0,0,0,29,0,313
19627.0,29,0,0,0,29,0,313
19628.0,29,0,0,0,29,0,313
19629.0,29,0,0,0,29,0,313
19630.0,29,0,0,0,29,0,313
19631.0,29,0,0,0,29,0,313
19632.0,29,0,0,0,29,0,313
19633.0,29,0,0,0,29,0,313
19634.0,29,0,0,0,29,0,313
19635.0,29,0,0,0,29,0,313
19636.0,29,0,0,0,29,0,313
19637.0,29,0,0,0,29,0,313
19638.0,29,0,0,0,29,0,313
19639.0,29,0,0,0,29,0,313
19640.0,29,0,0,0,29,0,313
19641.0,29,0,0,0,29,0,313
19642.0,29,0,0,0,29,0,313
19643.0,29,0,0,0,29,0,313
19644.0,29,0,0,0,29,0,313
19645.0,29,0,0,0,29,0,313
19646.0,29,0,0,0,29,0,313
19647.0,29,0,0,0,29,0,313
19648.0,29,0,0,0,29,0,313
19649.0,29,0,0,0,29,0,313
19650.0,29,0,0,0,29,0,313
19651.0,29,0,0,0,29,0,313
19652.0,29,0,0,0,29,0,313
19653.0,29,0,0,0,29,0,313
19654.0,29,0,0,0,29,0,313
19655.0,29,0,0,0,29,0,313
19656.0,29,0,0,0,29,0,313
19657.0,29,0,0,0,29,0,313
19658.0,29,0,0,0,29,0,313
19659.0,29,0,0,0,29,0,313
19660.0,29,0,0,0,29,0,313
19661.0,29,0,0,0,29,0,313
19662.0,29,0,0,0,29,0,313
19663.0,29,0,0,0,29,0,313
19664.0,29,0,0,0,29,0,313
19665.0,29,0,0,0,29,0,313
19666.0,29,0,0,0,29,0,313
19667.0,29,0,0,0,29,0,313
19668.0,29,0,0,0,29,0,313
19669.0,29,0,0,0,29,0,313
19670.0,29,0,0,0,29,0,313
19671.0,29,0,0,0,29,0,313
19672.0,29,0,0,0,29,0,313
19673.0,29,0,0,0,29,0,313
19674.0,29,0,0,0,29,0,313
19675.0,29,0,0,0,29,0,313
19676.0,29,0,0,0,29,0,313
19677.0,29,0,0,0,29,0,313
19678.0,29,0,0,0,29,0,313
19679.0,29,0,0,0,29,0,313
19680.0,29,0,0,0,29,0,313
19681.0,29,0,0,0,29,0,313
19682.0,29,0,0,0,29,0,313
19683.0,29,0,0,0,29,0,313
19684.0,29,0,0,0,29,0,313
19685.0,29,0,0,0,29,0,313
19686.0,29,0,0,0,29,0,313
19687.0,29,0,0,0,29,0,313
19688.0,29,0,0,0,29,0,313
19689.0,29,0,0,0,29,0,313
19690.0,29,0,0,0,29,0,313
19691.0,29,0,0,0,29,0,313
19692.0,29,0,0,0,29,0,313
19693.0,29,0,0,0,29,0,313
19694.0,29,0,0,0,29,0,313
19695.0,29,0,0,0,29,0,313
19696.0,29,0,0,0,29,0,313
19697.0,29,0,0,0,29,0,313
19698.0,29,0,0,0,29,0,313
19699.0,29,0,0,0,29,0,313
19700.0,29,0,0,0,29,0,313
19701.0,29,0,0,0,29,0,313
19702.0,29,0,0,0,29,0,313
19703.0,29,0,0,0,29,0,313
19704.0,29,0,0,0,29,0,313
19705.0,29,0,0,0,29,0,313
19706.0,29,0,0,0,29,0,313
19707.0,29,0,0,0,29,0,313
19708.0,29,0,0,0,29,0,313
19709.0,29,0,0,0,29,0,313
19710.0,29,0,0,0,29,0,313
19711.0,29,0,0,0,29,0,313
19712.0,29,0,0,0,29,0,313
19713.0,29,0,0,0,29,0,313
19714.0,29,0,0,0,29,0,313
19715.0,29,0,0,0,29,0,313
19716.0,29,0,0,0,29,0,313
19717.0,29,0,0,0,29,0,313
19718.0,29,0,0,0,29,0,313
19719.0,29,0,0,0,29,0,313
19720.0,29,0,0,0,29,0,313
19721.0,29,0,0,0,29,0,313
19722.0,29,0,0,0,29,0,313
19723.0,29,0,0,0,29,0,313
19724.0,29,0,0,0,29,0,313
19725.0,29,0,0,0,29,0,313
19726.0,29,0,0,0,29,0,313
19727.0,29,0,0,0,29,0,313
19728.0,29,0,0,0,29,0,313
19729.0,29,0,0,0,29,0,313
19730.0,29,0,0,0,29,0,313
19731.0,29,0,0,0,29,0,313
19732.0,29,0,0,0,29,0,313
19733.0,29,0,0,0,29,0,313
19734.0,29,0,0,0,29,0,313
19735.0,29,0,0,0,29,0,313
19736.0,29,0,0,0,29,0,313
19737.0,29,0,0,0,29,0,313
19738.0,29,0,0,0,29,0,313
19739.0,29,0,0,0,29,0,313
19740.0,29,0,0,0,29,0,313
19741.0,29,0,0,0,29,0,313
19742.0,29,0,0,0,29,0,313
19743.0,29,0,0,0,29,0,313
19744.0,29,0,0,0,29,0,313
19745.0,29,0,0,0,29,0,313
19746.0,29,0,0,0,29,0,313
19747.0,29,0,0,0,29,0,313
19748.0,29,0,0,0,29,0,313
19749.0,29,0,0,0,29,0,313
19750.0,29,0,0,0,29,0,313
19751.0,29,0,0,0,29,0,313
19752.0,29,0,0,0,29,0,313
19753.0,29,0,0,0,29,0,313
19754.0,29,0,0,0,29,0,313
19755.0,29,0,0,0,29,0,313
19756.0,29,0,0,0,29,0,313
19757.0,29,0,0,0,29,0,313
19758.0,29,0,0,0,29,0,313
19759.0,29,0,0,0,29,0,313
19760.0,29,0,0,0,29,0,313
19761.0,29,0,0,0,29,0,313
19762.0,29,0,0,0,29,0,313
19763.0,29,0,0,0,29,0,313
19764.0,29,0,0,0,29,0,313
19765.0,29,0,0,0,29,0,313
19766.0,29,0,0,0,29,0,313
19767.0,29,0,0,0,29,0,313
19768.0,29,0,0,0,29,0,313
19769.0,29,0,0,0,29,0,313
19770.0,29,0,0,0,29,0,313
19771.0,29,0,0,0,29,0,313
19772.0,29,0,0,0,29,0,313
19773.0,29,0,0,0,29,0,313
19774.0,29,0,0,0,29,0,313
19775.0,29,0,0,0,29,0,313
19776.0,29,0,0,0,29,0,313
19777.0,29,0,0,0,29,0,313
19778.0,29,0,0,0,29,0,313
19779.0,29,0,0,0,29,0,313
19780.0,29,0,0,0,29,0,313
19781.0,29,0,0,0,29,0,313
19782.0,29,0,0,0,29,0,313
19783.0,29,0,0,0,29,0,313
19784.0,29,0,0,0,29,0,313
19785.0,29,0,0,0,29,0,313
19786.0,29,0,0,0,29,0,313
19787.0,29,0,0,0,29,0,313
19788.0,29,0,0,0,29,0,313
19789.0,29,0,0,0,29,0,313
19790.0,29,0,0,0,29,0,313
19791.0,29,0,0,0,29,0,313
19792.0,29,0,0,0,29,0,313
19793.0,29,0,0,0,29,0,313
19794.0,29,0,0,0,29,0,313
19795.0,29,0,0,0,29,0,313
19796.0,29,0,0,0,29,0,313
19797.0,29,0,0,0,29,0,313
19798.0,29,0,0,0,29,0,313
19799.0,29,0,0,0,29,0,313
19800.0,29,0,0,0,29,0,313
19801.0,29,0,0,0,29,0,313
19802.0,29,0,0,0,29,0,313
19803.0,29,0,0,0,29,0,313
19804.0,29,0,0,0,29,0,313
19805.0,29,0,0,0,29,0,313
19806.0,29,0,0,0,29,0,313
19807.0,29,0,0,0,29,0,313
19808.0,29,0,0,0,29,0,313
19809.0,29,0,0,0,29,0,313
19810.0,29,0,0,0,29,0,313
19811.0,29,0,0,0,29,0,313
19812.0,29,0,0,0,29,0,313
19813.0,29,0,0,0,29,0,313
19814.0,29,0,0,0,29,0,313
19815.0,29,0,0,0,29,0,313
19816.0,29,0,0,0,29,0,313
19817.0,29,0,0,0,29,0,313
19818.0,29,0,0,0,29,0,313
19819.0,29,0,0,0,29,0,313
19820.0,29,0,0,0,29,0,313
19821.0,29,0,0,0,29,0,313
19822.0,29,0,0,0,29,0,313
19823.0,29,0,0,0,29,0,313
19824.0,29,0,0,0,29,0,313
19825.0,29,0,0,0,29,0,313
19826.0,29,0,0,0,29,0,313
19827.0,29,0,0,0,29,0,313
19828.0,29,0,0,0,29,0,313
19829.0,29,0,0,0,29,0,313
19830.0,29,0,0,0,29,0,313
19831.0,29,0,0,0,29,0,313
19832.0,29,0,0,0,29,0,313
19833.0,29,0,0,0,29,0,313
19834.0,29,0,0,0,29,0,313
19835.0,29,0,0,0,29,0,313
19836.0,29,0,0,0,29,0,313
19837.0,29,0,0,0,29,0,313
19838.0,29,0,0,0,29,0,313
19839.0,29,0,0,0,29,0,313
19840.0,29,0,0,0,29,0,313
19841.0,29,0,0,0,29,0,313
19842.0,29,0,0,0,29,0,313
19843.0,29,0,0,0,29,0,313
19844.0,29,0,0,0,29,0,313
19845.0,29,0,0,0,29,0,313
19846.0,29,0,0,0,29,0,313
19847.0,29,0,0,0,29,0,313
19848.0,29,0,0,0,29,0,313
19849.0,29,0,0,0,29,0,313
19850.0,29,0,0,0,29,0,313
19851.0,29,0,0,0,29,0,313
19852.0,29,0,0,0,29,0,313
19853.0,29,0,0,0,29,0,313
19854.0,29,0,0,0,29,0,313
19855.0,29,0,0,0,29,0,313
19856.0,29,0,0,0,29,0,313
19857.0,29,0,0,0,29,0,313
19858.0,29,0,0,0,29,0,313
19859.0,29,0,0,0,29,0,313
19860.0,29,0,0,0,29,0,313
19861.0,29,0,0,0,29,0,313
19862.0,29,0,0,0,29,0,313
19863.0,29,0,0,0,29,0,313
19864.0,29,0,0,0,29,0,313
19865.0,29,0,0,0,29,0,313
19866.0,29,0,0,0,29,0,313
19867.0,29,0,0,0,29,0,313
19868.0,29,0,0,0,29,0,313
19869.0,29,0,0,0,29,0,313
19870.0,29,0,0,0,29,0,313
19871.0,29,0,0,0,29,0,313
19872.0,29,0,0,0,29,0,313
19873.0,29,0,0,0,29,0,313
19874.0,29,0,0,0,29,0,313
19875.0,29,0,0,0,29,0,313
19876.0,29,0,0,0,29,0,313
19877.0,29,0,0,0,29,0,313
19878.0,29,0,0,0,29,0,313
19879.0,29,0,0,0,29,0,313
19880.0,29,0,0,0,29,0,313
19881.0,29,0,0,0,29,0,313
19882.0,29,0,0,0,29,0,313
19883.0,29,0,0,0,29,0,313
19884.0,29,0,0,0,29,0,313
19885.0,29,0,0,0,29,0,313
19886.0,29,0,0,0,29,0,313
19887.0,29,0,0,0,29,0,313
19888.0,29,0,0,0,29,0,313
19889.0,29,0,0,0,29,0,313
19890.0,29,0,0,0,29,0,313
19891.0,29,0,0,0,29,0,313
19892.0,29,0,0,0,29,0,313
19893.0,29,0,0,0,29,0,313
19894.0,29,0,0,0,29,0,313
19895.0,29,0,0,0,29,0,313
19896.0,29,0,0,0,29,0,313
19897.0,29,0,0,0,29,0,313
19898.0,29,0,0,0,29,0,313
19899.0,29,0,0,0,29,0,313
19900.0,29,0,0,0,29,0,313
19901.0,29,0,0,0,29,0,313
19902.0,29,0,0,0,29,0,313
19903.0,29,0,0,0,29,0,313
19904.0,29,0,0,0,29,0,313
19905.0,29,0,0,0,29,0,313
19906.0,29,0,0,0,29,0,313
19907.0,29,0,0,0,29,0,313
19908.0,29,0,0,0,29,0,313
19909.0,29,0,0,0,29,0,313
19910.0,29,0,0,0,29,0,313
19911.0,29,0,0,0,29,0,313
19912.0,29,0,0,0,29,0,313
19913.0,29,0,0,0,29,0,313
19914.0,29,0,0,0,29,0,313
19915.0,29,0,0,0,29,0,313
19916.0,29,0,0,0,29,0,313
19917.0,29,0,0,0,29,0,313
19918.0,29,0,0,0,29,0,313
19919.0,29,0,0,0,29,0,313
19920.0,29,0,0,0,29,0,313
19921.0,29,0,0,0,29,0,313
19922.0,29,0,0,0,29,0,313
19923.0,29,0,0,0,29,0,313
19924.0,29,0,0,0,29,0,313
19925.0,29,0,0,0,29,0,313
19926.0,29,0,0,0,29,0,313
19927.0,29,0,0,0,29,0,313
19928.0,29,0,0,0,29,0,313
19929.0,29,0,0,0,29,0,313
19930.0,29,0,0,0,29,0,313
19931.0,29,0,0,0,29,0,313
19932.0,29,0,0,0,29,0,313
19933.0,29,0,0,0,29,0,313
19934.0,29,0,0,0,29,0,313
19935.0,29,0,0,0,29,0,313
19936.0,29,0,0,0,29,0,313
19937.0,29,0,0,0,29,0,313
19938.0,29,0,0,0,29,0,313
19939.0,29,0,0,0,29,0,313
19940.0,29,0,0,0,29,0,313
19941.0,29,0,0,0,29,0,313
19942.0,29,0,0,0,29,0,313
19943.0,29,0,0,0,29,0,313
19944.0,29,0,0,0,29,0,313
19945.0,29,0,0,0,29,0,313
19946.0,29,0,0,0,29,0,313
19947.0,29,0,0,0,29,0,313
19948.0,29,0,0,0,29,0,313
19949.0,29,0,0,0,29,0,313
19950.0,29,0,0,0,29,0,313
19951.0,29,0,0,0,29,0,313
19952.0,29,0,0,0,29,0,313
19953.0,29,0,0,0,29,0,313
19954.0,29,0,0,0,29,0,313
19955.0,29,0,0,0,29,0,313
19956.0,29,0,0,0,29,0,313
19957.0,29,0,0,0,29,0,313
19958.0,29,0,0,0,29,0,313
19959.0,29,0,0,0,29,0,313
19960.0,29,0,0,0,29,0,313
19961.0,29,0,0,0,29,0,313
19962.0,29,0,0,0,29,0,313
19963.0,29,0,0,0,29,0,313
19964.0,29,0,0,0,29,0,313
19965.0,29,0,0,0,29,0,313
19966.0,29,0,0,0,29,0,313
19967.0,29,0,0,0,29,0,313
19968.0,29,0,0,0,29,0,313
19969.0,29,0,0,0,29,0,313
19970.0,29,0,0,0,29,0,313
19971.0,29,0,0,0,29,0,313
19972.0,29,0,0,0,29,0,313
19973.0,29,0,0,0,29,0,313
19974.0,29,0,0,0,29,0,313
19975.0,29,0,0,0,29,0,313
19976.0,29,0,0,0,29,0,313
19977.0,29,0,0,0,29,0,313
19978.0,29,0,0,0,29,0,313
19979.0,29,0,0,0,29,0,313
19980.0,29,0,0,0,29,0,313
19981.0,29,0,0,0,29,0,313
19982.0,29,0,0,0,29,0,313
19983.0,29,0,0,0,29,0,313
19984.0,29,0,0,0,29,0,313
19985.0,29,0,0,0,29,0,313
19986.0,29,0,0,0,29,0,313
19987.0,29,0,0,0,29,0,313
19988.0,29,0,0,0,29,0,313
19989.0,29,0,0,0,29,0,313
19990.0,29,0,0,0,29,0,313
19991.0,29,0,0,0,29,0,313
19992.0,29,0,0,0,29,0,313
19993.0,29,0,0,0,29,0,313
19994.0,29,0,0,0,29,0,313
19995.0,29,0,0,0,29,0,313
19996.0,29,0,0,0,29,0,313
19997.0,29,0,0,0,29,0,313
19998.0,29,0,0,0,29,0,313
19999.0,29,0,0,0,29,0,313
20000.0,29,0,0,0,29,0,313
